============================================================
DT-3 SIMULATION LOG
START TIME: 2026-04-29 21:30:08.476963
============================================================

[SEQ 0] [LAYER INIT]
CMD      : M104 S220
TRUST    : acc_cmd=0.000 | acc_exec=0.000 | trust=0.900
DECISION : ALLOW
MACHINE  : Machine-3
------------------------------------------------------------
[SEQ 0] [STATIC-BASELINE]
CMD      : M104 | effects={'M': 104.0, 'S': 220.0, 'prev_temp': None}
DECISION : ALLOW
------------------------------------------------------------
[SEQ 0] [IEEE-BASELINE]
SCORE    : anomaly_score=0.000
DECISION : ALLOW
------------------------------------------------------------
[SEQ 1] [LAYER INIT]
CMD      : M104 S200
TRUST    : acc_cmd=0.000 | acc_exec=0.333 | trust=0.581
DECISION : ALLOW
MACHINE  : Machine-3
------------------------------------------------------------
[SEQ 1] [STATIC-BASELINE]
CMD      : M104 | effects={'M': 104.0, 'S': 200.0, 'prev_temp': 220.0}
DECISION : ALLOW
------------------------------------------------------------
[SEQ 1] [IEEE-BASELINE]
SCORE    : anomaly_score=0.000
DECISION : ALLOW
------------------------------------------------------------
[SEQ 2] [LAYER INIT]
CMD      : M104 S220
TRUST    : acc_cmd=0.000 | acc_exec=0.333 | trust=0.353
DECISION : PAUSE
MACHINE  : Machine-3
------------------------------------------------------------
[SEQ 2] [STATIC-BASELINE]
CMD      : M104 | effects={'M': 104.0, 'S': 220.0, 'prev_temp': 200.0}
DECISION : ALLOW
------------------------------------------------------------
[SEQ 2] [IEEE-BASELINE]
SCORE    : anomaly_score=0.000
DECISION : ALLOW
------------------------------------------------------------
[SEQ 3] [LAYER INIT]
CMD      : M104 S200
TRUST    : acc_cmd=0.000 | acc_exec=0.333 | trust=0.226
DECISION : PAUSE
MACHINE  : Machine-3
------------------------------------------------------------
[SEQ 3] [STATIC-BASELINE]
CMD      : M104 | effects={'M': 104.0, 'S': 200.0, 'prev_temp': 220.0}
DECISION : ALLOW
------------------------------------------------------------
[SEQ 3] [IEEE-BASELINE]
SCORE    : anomaly_score=2.000
DECISION : ALLOW
------------------------------------------------------------
[SEQ 4] [LAYER INIT]
CMD      : M104 S220
TRUST    : acc_cmd=0.000 | acc_exec=0.333 | trust=0.158
DECISION : PAUSE
MACHINE  : Machine-3
------------------------------------------------------------
[SEQ 4] [STATIC-BASELINE]
CMD      : M104 | effects={'M': 104.0, 'S': 220.0, 'prev_temp': 200.0}
DECISION : ALLOW
------------------------------------------------------------
[SEQ 4] [IEEE-BASELINE]
SCORE    : anomaly_score=3.800
DECISION : ALLOW
------------------------------------------------------------
[SEQ 5] [LAYER INIT]
CMD      : M104 S200
TRUST    : acc_cmd=0.000 | acc_exec=0.333 | trust=0.123
DECISION : PAUSE
MACHINE  : Machine-3
------------------------------------------------------------
[SEQ 5] [STATIC-BASELINE]
CMD      : M104 | effects={'M': 104.0, 'S': 200.0, 'prev_temp': 220.0}
DECISION : ALLOW
------------------------------------------------------------
[SEQ 5] [IEEE-BASELINE]
SCORE    : anomaly_score=5.420
DECISION : ALLOW
------------------------------------------------------------
[SEQ 6] [LAYER INIT]
CMD      : M104 S220
TRUST    : acc_cmd=0.000 | acc_exec=0.333 | trust=0.105
DECISION : PAUSE
MACHINE  : Machine-3
------------------------------------------------------------
[SEQ 6] [STATIC-BASELINE]
CMD      : M104 | effects={'M': 104.0, 'S': 220.0, 'prev_temp': 200.0}
DECISION : ALLOW
------------------------------------------------------------
[SEQ 6] [IEEE-BASELINE]
SCORE    : anomaly_score=6.878
DECISION : ALLOW
------------------------------------------------------------
[SEQ 7] [LAYER INIT]
CMD      : M104 S200
TRUST    : acc_cmd=0.000 | acc_exec=0.333 | trust=0.095
DECISION : PAUSE
MACHINE  : Machine-3
------------------------------------------------------------
[SEQ 7] [STATIC-BASELINE]
CMD      : M104 | effects={'M': 104.0, 'S': 200.0, 'prev_temp': 220.0}
DECISION : ALLOW
------------------------------------------------------------
[SEQ 7] [IEEE-BASELINE]
SCORE    : anomaly_score=8.190
DECISION : ALLOW
------------------------------------------------------------
[SEQ 8] [LAYER INIT]
CMD      : M104 S220
TRUST    : acc_cmd=0.000 | acc_exec=0.333 | trust=0.089
DECISION : PAUSE
MACHINE  : Machine-3
------------------------------------------------------------
[SEQ 8] [STATIC-BASELINE]
CMD      : M104 | effects={'M': 104.0, 'S': 220.0, 'prev_temp': 200.0}
DECISION : ALLOW
------------------------------------------------------------
[SEQ 8] [IEEE-BASELINE]
SCORE    : anomaly_score=9.371
DECISION : ALLOW
------------------------------------------------------------
[SEQ 9] [LAYER INIT]
CMD      : M104 S200
TRUST    : acc_cmd=0.000 | acc_exec=0.333 | trust=0.086
DECISION : PAUSE
MACHINE  : Machine-3
------------------------------------------------------------
[SEQ 9] [STATIC-BASELINE]
CMD      : M104 | effects={'M': 104.0, 'S': 200.0, 'prev_temp': 220.0}
DECISION : ALLOW
------------------------------------------------------------
[SEQ 9] [IEEE-BASELINE]
SCORE    : anomaly_score=10.434
DECISION : ALLOW
------------------------------------------------------------
[SEQ 10] [LAYER INIT]
CMD      : M104 S220
TRUST    : acc_cmd=0.000 | acc_exec=0.333 | trust=0.084
DECISION : PAUSE
MACHINE  : Machine-3
------------------------------------------------------------
[SEQ 10] [STATIC-BASELINE]
CMD      : M104 | effects={'M': 104.0, 'S': 220.0, 'prev_temp': 200.0}
DECISION : ALLOW
------------------------------------------------------------
[SEQ 10] [IEEE-BASELINE]
SCORE    : anomaly_score=11.391
DECISION : ALLOW
------------------------------------------------------------
[SEQ 11] [LAYER INIT]
CMD      : M104 S200
TRUST    : acc_cmd=0.000 | acc_exec=0.333 | trust=0.083
DECISION : PAUSE
MACHINE  : Machine-3
------------------------------------------------------------
[SEQ 11] [STATIC-BASELINE]
CMD      : M104 | effects={'M': 104.0, 'S': 200.0, 'prev_temp': 220.0}
DECISION : ALLOW
------------------------------------------------------------
[SEQ 11] [IEEE-BASELINE]
SCORE    : anomaly_score=12.252
DECISION : ALLOW
------------------------------------------------------------
[SEQ 12] [LAYER INIT]
CMD      : M104 S220
TRUST    : acc_cmd=0.000 | acc_exec=0.333 | trust=0.083
DECISION : PAUSE
MACHINE  : Machine-3
------------------------------------------------------------
[SEQ 12] [STATIC-BASELINE]
CMD      : M104 | effects={'M': 104.0, 'S': 220.0, 'prev_temp': 200.0}
DECISION : ALLOW
------------------------------------------------------------
[SEQ 12] [IEEE-BASELINE]
SCORE    : anomaly_score=13.026
DECISION : ALLOW
------------------------------------------------------------
[SEQ 13] [LAYER INIT]
CMD      : M104 S200
TRUST    : acc_cmd=0.000 | acc_exec=0.333 | trust=0.083
DECISION : PAUSE
MACHINE  : Machine-3
------------------------------------------------------------
[SEQ 13] [STATIC-BASELINE]
CMD      : M104 | effects={'M': 104.0, 'S': 200.0, 'prev_temp': 220.0}
DECISION : ALLOW
------------------------------------------------------------
[SEQ 13] [IEEE-BASELINE]
SCORE    : anomaly_score=13.724
DECISION : ALLOW
------------------------------------------------------------
[SEQ 14] [LAYER INIT]
CMD      : M104 S220
TRUST    : acc_cmd=0.000 | acc_exec=0.333 | trust=0.082
DECISION : PAUSE
MACHINE  : Machine-3
------------------------------------------------------------
[SEQ 14] [STATIC-BASELINE]
CMD      : M104 | effects={'M': 104.0, 'S': 220.0, 'prev_temp': 200.0}
DECISION : ALLOW
------------------------------------------------------------
[SEQ 14] [IEEE-BASELINE]
SCORE    : anomaly_score=14.351
DECISION : ALLOW
------------------------------------------------------------
[SEQ 15] [LAYER INIT]
CMD      : M104 S200
TRUST    : acc_cmd=0.000 | acc_exec=0.333 | trust=0.082
DECISION : PAUSE
MACHINE  : Machine-3
------------------------------------------------------------
[SEQ 15] [STATIC-BASELINE]
CMD      : M104 | effects={'M': 104.0, 'S': 200.0, 'prev_temp': 220.0}
DECISION : ALLOW
------------------------------------------------------------
[SEQ 15] [IEEE-BASELINE]
SCORE    : anomaly_score=14.916
DECISION : ALLOW
------------------------------------------------------------
[SEQ 16] [LAYER INIT]
CMD      : M104 S220
TRUST    : acc_cmd=0.000 | acc_exec=0.333 | trust=0.082
DECISION : PAUSE
MACHINE  : Machine-3
------------------------------------------------------------
[SEQ 16] [STATIC-BASELINE]
CMD      : M104 | effects={'M': 104.0, 'S': 220.0, 'prev_temp': 200.0}
DECISION : ALLOW
------------------------------------------------------------
[SEQ 16] [IEEE-BASELINE]
SCORE    : anomaly_score=15.425
DECISION : ALLOW
------------------------------------------------------------
[SEQ 17] [LAYER INIT]
CMD      : ;PRINT.SIZE.MAX.Y:0.01
TRUST    : acc_cmd=0.000 | acc_exec=0.000 | trust=0.167
DECISION : PAUSE
MACHINE  : Machine-3
------------------------------------------------------------
[SEQ 17] [STATIC-BASELINE]
CMD      : None | effects={}
DECISION : ALLOW
------------------------------------------------------------
[SEQ 17] [IEEE-BASELINE]
SCORE    : anomaly_score=13.882
DECISION : ALLOW
------------------------------------------------------------
[SEQ 18] [LAYER INIT]
CMD      : M104 S200
TRUST    : acc_cmd=0.000 | acc_exec=0.333 | trust=0.156
DECISION : PAUSE
MACHINE  : Machine-3
------------------------------------------------------------
[SEQ 18] [STATIC-BASELINE]
CMD      : M104 | effects={'M': 104.0, 'S': 200.0, 'prev_temp': 220.0}
DECISION : ALLOW
------------------------------------------------------------
[SEQ 18] [IEEE-BASELINE]
SCORE    : anomaly_score=14.494
DECISION : ALLOW
------------------------------------------------------------
[SEQ 19] [LAYER INIT]
CMD      : M104 S220
TRUST    : acc_cmd=0.000 | acc_exec=0.333 | trust=0.133
DECISION : PAUSE
MACHINE  : Machine-3
------------------------------------------------------------
[SEQ 19] [STATIC-BASELINE]
CMD      : M104 | effects={'M': 104.0, 'S': 220.0, 'prev_temp': 200.0}
DECISION : ALLOW
------------------------------------------------------------
[SEQ 19] [IEEE-BASELINE]
SCORE    : anomaly_score=15.045
DECISION : ALLOW
------------------------------------------------------------
[SEQ 20] [LAYER INIT]
CMD      : M104 S200
TRUST    : acc_cmd=0.000 | acc_exec=0.333 | trust=0.114
DECISION : PAUSE
MACHINE  : Machine-3
------------------------------------------------------------
[SEQ 20] [STATIC-BASELINE]
CMD      : M104 | effects={'M': 104.0, 'S': 200.0, 'prev_temp': 220.0}
DECISION : ALLOW
------------------------------------------------------------
[SEQ 20] [IEEE-BASELINE]
SCORE    : anomaly_score=15.540
DECISION : ALLOW
------------------------------------------------------------
[SEQ 21] [LAYER INIT]
CMD      : M104 S220
TRUST    : acc_cmd=0.000 | acc_exec=0.333 | trust=0.102
DECISION : PAUSE
MACHINE  : Machine-3
------------------------------------------------------------
[SEQ 21] [STATIC-BASELINE]
CMD      : M104 | effects={'M': 104.0, 'S': 220.0, 'prev_temp': 200.0}
DECISION : ALLOW
------------------------------------------------------------
[SEQ 21] [IEEE-BASELINE]
SCORE    : anomaly_score=15.986
DECISION : ALERT
------------------------------------------------------------
[SEQ 22] [LAYER INIT]
CMD      : M104 S200
TRUST    : acc_cmd=0.000 | acc_exec=0.333 | trust=0.094
DECISION : PAUSE
MACHINE  : Machine-3
------------------------------------------------------------
[SEQ 22] [STATIC-BASELINE]
CMD      : M104 | effects={'M': 104.0, 'S': 200.0, 'prev_temp': 220.0}
DECISION : ALLOW
------------------------------------------------------------
[SEQ 22] [IEEE-BASELINE]
SCORE    : anomaly_score=16.387
DECISION : ALLOW
------------------------------------------------------------
[SEQ 23] [LAYER INIT]
CMD      : M104 S220
TRUST    : acc_cmd=0.000 | acc_exec=0.333 | trust=0.089
DECISION : PAUSE
MACHINE  : Machine-3
------------------------------------------------------------
[SEQ 23] [STATIC-BASELINE]
CMD      : M104 | effects={'M': 104.0, 'S': 220.0, 'prev_temp': 200.0}
DECISION : ALLOW
------------------------------------------------------------
[SEQ 23] [IEEE-BASELINE]
SCORE    : anomaly_score=16.749
DECISION : ALLOW
------------------------------------------------------------
[SEQ 24] [LAYER INIT]
CMD      : M104 S200
TRUST    : acc_cmd=0.000 | acc_exec=0.333 | trust=0.086
DECISION : PAUSE
MACHINE  : Machine-3
------------------------------------------------------------
[SEQ 24] [STATIC-BASELINE]
CMD      : M104 | effects={'M': 104.0, 'S': 200.0, 'prev_temp': 220.0}
DECISION : ALLOW
------------------------------------------------------------
[SEQ 24] [IEEE-BASELINE]
SCORE    : anomaly_score=17.074
DECISION : ALLOW
------------------------------------------------------------
[SEQ 25] [LAYER INIT]
CMD      : M104 S220
TRUST    : acc_cmd=0.000 | acc_exec=0.333 | trust=0.085
DECISION : PAUSE
MACHINE  : Machine-3
------------------------------------------------------------
[SEQ 25] [STATIC-BASELINE]
CMD      : M104 | effects={'M': 104.0, 'S': 220.0, 'prev_temp': 200.0}
DECISION : ALLOW
------------------------------------------------------------
[SEQ 25] [IEEE-BASELINE]
SCORE    : anomaly_score=17.366
DECISION : ALLOW
------------------------------------------------------------
[SEQ 26] [LAYER INIT]
CMD      : M104 S200
TRUST    : acc_cmd=0.000 | acc_exec=0.333 | trust=0.084
DECISION : PAUSE
MACHINE  : Machine-3
------------------------------------------------------------
[SEQ 26] [STATIC-BASELINE]
CMD      : M104 | effects={'M': 104.0, 'S': 200.0, 'prev_temp': 220.0}
DECISION : ALLOW
------------------------------------------------------------
[SEQ 26] [IEEE-BASELINE]
SCORE    : anomaly_score=17.630
DECISION : ALLOW
------------------------------------------------------------
[SEQ 27] [LAYER INIT]
CMD      : M104 S220
TRUST    : acc_cmd=0.000 | acc_exec=0.333 | trust=0.083
DECISION : PAUSE
MACHINE  : Machine-3
------------------------------------------------------------
[SEQ 27] [STATIC-BASELINE]
CMD      : M104 | effects={'M': 104.0, 'S': 220.0, 'prev_temp': 200.0}
DECISION : ALLOW
------------------------------------------------------------
[SEQ 27] [IEEE-BASELINE]
SCORE    : anomaly_score=17.867
DECISION : ALLOW
------------------------------------------------------------
[SEQ 28] [LAYER INIT]
CMD      : M104 S200
TRUST    : acc_cmd=0.000 | acc_exec=0.333 | trust=0.083
DECISION : PAUSE
MACHINE  : Machine-3
------------------------------------------------------------
[SEQ 28] [STATIC-BASELINE]
CMD      : M104 | effects={'M': 104.0, 'S': 200.0, 'prev_temp': 220.0}
DECISION : ALLOW
------------------------------------------------------------
[SEQ 28] [IEEE-BASELINE]
SCORE    : anomaly_score=18.080
DECISION : ALLOW
------------------------------------------------------------
[SEQ 29] [LAYER INIT]
CMD      : M104 S220
TRUST    : acc_cmd=0.000 | acc_exec=0.333 | trust=0.082
DECISION : PAUSE
MACHINE  : Machine-3
------------------------------------------------------------
[SEQ 29] [STATIC-BASELINE]
CMD      : M104 | effects={'M': 104.0, 'S': 220.0, 'prev_temp': 200.0}
DECISION : ALLOW
------------------------------------------------------------
[SEQ 29] [IEEE-BASELINE]
SCORE    : anomaly_score=18.272
DECISION : ALLOW
------------------------------------------------------------
[SEQ 30] [LAYER INIT]
CMD      : G280 S1
TRUST    : acc_cmd=0.000 | acc_exec=0.000 | trust=0.167
DECISION : PAUSE
MACHINE  : Machine-3
------------------------------------------------------------
[SEQ 30] [STATIC-BASELINE]
CMD      : G280 | effects={'G': 280.0, 'S': 1.0}
DECISION : ALLOW
------------------------------------------------------------
[SEQ 30] [IEEE-BASELINE]
SCORE    : anomaly_score=16.445
DECISION : ALLOW
------------------------------------------------------------
[SEQ 31] [LAYER INIT]
CMD      : M104 S200
TRUST    : acc_cmd=0.000 | acc_exec=0.333 | trust=0.157
DECISION : PAUSE
MACHINE  : Machine-3
------------------------------------------------------------
[SEQ 31] [STATIC-BASELINE]
CMD      : M104 | effects={'M': 104.0, 'S': 200.0, 'prev_temp': 220.0}
DECISION : ALLOW
------------------------------------------------------------
[SEQ 31] [IEEE-BASELINE]
SCORE    : anomaly_score=16.800
DECISION : ALLOW
------------------------------------------------------------
[SEQ 32] [LAYER INIT]
CMD      : M104 S220
TRUST    : acc_cmd=0.000 | acc_exec=0.333 | trust=0.133
DECISION : PAUSE
MACHINE  : Machine-3
------------------------------------------------------------
[SEQ 32] [STATIC-BASELINE]
CMD      : M104 | effects={'M': 104.0, 'S': 220.0, 'prev_temp': 200.0}
DECISION : ALLOW
------------------------------------------------------------
[SEQ 32] [IEEE-BASELINE]
SCORE    : anomaly_score=17.120
DECISION : ALLOW
------------------------------------------------------------
[SEQ 33] [LAYER INIT]
CMD      : M104 S200
TRUST    : acc_cmd=0.000 | acc_exec=0.333 | trust=0.114
DECISION : PAUSE
MACHINE  : Machine-3
------------------------------------------------------------
[SEQ 33] [STATIC-BASELINE]
CMD      : M104 | effects={'M': 104.0, 'S': 200.0, 'prev_temp': 220.0}
DECISION : ALLOW
------------------------------------------------------------
[SEQ 33] [IEEE-BASELINE]
SCORE    : anomaly_score=17.408
DECISION : ALLOW
------------------------------------------------------------
[SEQ 34] [LAYER 0]
CMD      : M104 S220
TRUST    : acc_cmd=0.000 | acc_exec=0.333 | trust=0.102
DECISION : PAUSE
MACHINE  : Machine-3
------------------------------------------------------------
[SEQ 34] [STATIC-BASELINE]
CMD      : M104 | effects={'M': 104.0, 'S': 220.0, 'prev_temp': 200.0}
DECISION : ALLOW
------------------------------------------------------------
[SEQ 34] [IEEE-BASELINE]
SCORE    : anomaly_score=17.668
DECISION : ALLOW
------------------------------------------------------------
[SEQ 35] [LAYER 0]
CMD      : M104 S200
TRUST    : acc_cmd=0.000 | acc_exec=0.333 | trust=0.094
DECISION : PAUSE
MACHINE  : Machine-3
------------------------------------------------------------
[SEQ 35] [STATIC-BASELINE]
CMD      : M104 | effects={'M': 104.0, 'S': 200.0, 'prev_temp': 220.0}
DECISION : ALLOW
------------------------------------------------------------
[SEQ 35] [IEEE-BASELINE]
SCORE    : anomaly_score=17.901
DECISION : ALLOW
------------------------------------------------------------
[SEQ 36] [LAYER 0]
CMD      : M104 S220
TRUST    : acc_cmd=0.000 | acc_exec=0.333 | trust=0.089
DECISION : PAUSE
MACHINE  : Machine-3
------------------------------------------------------------
[SEQ 36] [STATIC-BASELINE]
CMD      : M104 | effects={'M': 104.0, 'S': 220.0, 'prev_temp': 200.0}
DECISION : ALLOW
------------------------------------------------------------
[SEQ 36] [IEEE-BASELINE]
SCORE    : anomaly_score=18.111
DECISION : ALLOW
------------------------------------------------------------
[SEQ 37] [LAYER 0]
CMD      : M104 S200
TRUST    : acc_cmd=0.000 | acc_exec=0.333 | trust=0.086
DECISION : PAUSE
MACHINE  : Machine-3
------------------------------------------------------------
[SEQ 37] [STATIC-BASELINE]
CMD      : M104 | effects={'M': 104.0, 'S': 200.0, 'prev_temp': 220.0}
DECISION : ALLOW
------------------------------------------------------------
[SEQ 37] [IEEE-BASELINE]
SCORE    : anomaly_score=18.300
DECISION : ALLOW
------------------------------------------------------------
[SEQ 38] [LAYER 0]
CMD      : M104 S220
TRUST    : acc_cmd=0.000 | acc_exec=0.333 | trust=0.085
DECISION : PAUSE
MACHINE  : Machine-3
------------------------------------------------------------
[SEQ 38] [STATIC-BASELINE]
CMD      : M104 | effects={'M': 104.0, 'S': 220.0, 'prev_temp': 200.0}
DECISION : ALLOW
------------------------------------------------------------
[SEQ 38] [IEEE-BASELINE]
SCORE    : anomaly_score=18.470
DECISION : ALLOW
------------------------------------------------------------
[SEQ 39] [LAYER 0]
CMD      : M104 S200
TRUST    : acc_cmd=0.000 | acc_exec=0.333 | trust=0.084
DECISION : PAUSE
MACHINE  : Machine-3
------------------------------------------------------------
[SEQ 39] [STATIC-BASELINE]
CMD      : M104 | effects={'M': 104.0, 'S': 200.0, 'prev_temp': 220.0}
DECISION : ALLOW
------------------------------------------------------------
[SEQ 39] [IEEE-BASELINE]
SCORE    : anomaly_score=18.623
DECISION : ALLOW
------------------------------------------------------------
[SEQ 40] [LAYER 0]
CMD      : M104 S220
TRUST    : acc_cmd=0.000 | acc_exec=0.333 | trust=0.083
DECISION : PAUSE
MACHINE  : Machine-3
------------------------------------------------------------
[SEQ 40] [STATIC-BASELINE]
CMD      : M104 | effects={'M': 104.0, 'S': 220.0, 'prev_temp': 200.0}
DECISION : ALLOW
------------------------------------------------------------
[SEQ 40] [IEEE-BASELINE]
SCORE    : anomaly_score=18.760
DECISION : ALLOW
------------------------------------------------------------
[SEQ 41] [LAYER 0]
CMD      : M104 S200
TRUST    : acc_cmd=0.000 | acc_exec=0.333 | trust=0.083
DECISION : PAUSE
MACHINE  : Machine-3
------------------------------------------------------------
[SEQ 41] [STATIC-BASELINE]
CMD      : M104 | effects={'M': 104.0, 'S': 200.0, 'prev_temp': 220.0}
DECISION : ALLOW
------------------------------------------------------------
[SEQ 41] [IEEE-BASELINE]
SCORE    : anomaly_score=18.884
DECISION : ALLOW
------------------------------------------------------------
[SEQ 42] [LAYER 0]
CMD      : M104 S220
TRUST    : acc_cmd=0.000 | acc_exec=0.333 | trust=0.082
DECISION : PAUSE
MACHINE  : Machine-3
------------------------------------------------------------
[SEQ 42] [STATIC-BASELINE]
CMD      : M104 | effects={'M': 104.0, 'S': 220.0, 'prev_temp': 200.0}
DECISION : ALLOW
------------------------------------------------------------
[SEQ 42] [IEEE-BASELINE]
SCORE    : anomaly_score=18.996
DECISION : ALLOW
------------------------------------------------------------
[SEQ 43] [LAYER 0]
CMD      : M104 S200
TRUST    : acc_cmd=0.000 | acc_exec=0.333 | trust=0.082
DECISION : PAUSE
MACHINE  : Machine-3
------------------------------------------------------------
[SEQ 43] [STATIC-BASELINE]
CMD      : M104 | effects={'M': 104.0, 'S': 200.0, 'prev_temp': 220.0}
DECISION : ALLOW
------------------------------------------------------------
[SEQ 43] [IEEE-BASELINE]
SCORE    : anomaly_score=19.096
DECISION : ALLOW
------------------------------------------------------------
[SEQ 44] [LAYER 0]
CMD      : M104 S220
TRUST    : acc_cmd=0.000 | acc_exec=0.333 | trust=0.082
DECISION : PAUSE
MACHINE  : Machine-3
------------------------------------------------------------
[SEQ 44] [STATIC-BASELINE]
CMD      : M104 | effects={'M': 104.0, 'S': 220.0, 'prev_temp': 200.0}
DECISION : ALLOW
------------------------------------------------------------
[SEQ 44] [IEEE-BASELINE]
SCORE    : anomaly_score=19.187
DECISION : ALLOW
------------------------------------------------------------
[SEQ 45] [LAYER 0]
CMD      : M104 S200
TRUST    : acc_cmd=0.000 | acc_exec=0.333 | trust=0.082
DECISION : PAUSE
MACHINE  : Machine-3
------------------------------------------------------------
[SEQ 45] [STATIC-BASELINE]
CMD      : M104 | effects={'M': 104.0, 'S': 200.0, 'prev_temp': 220.0}
DECISION : ALLOW
------------------------------------------------------------
[SEQ 45] [IEEE-BASELINE]
SCORE    : anomaly_score=19.268
DECISION : ALLOW
------------------------------------------------------------
[SEQ 46] [LAYER 0]
CMD      : M104 S220
TRUST    : acc_cmd=0.000 | acc_exec=0.333 | trust=0.082
DECISION : PAUSE
MACHINE  : Machine-3
------------------------------------------------------------
[SEQ 46] [STATIC-BASELINE]
CMD      : M104 | effects={'M': 104.0, 'S': 220.0, 'prev_temp': 200.0}
DECISION : ALLOW
------------------------------------------------------------
[SEQ 46] [IEEE-BASELINE]
SCORE    : anomaly_score=19.341
DECISION : ALLOW
------------------------------------------------------------
[SEQ 47] [LAYER 0]
CMD      : M104 S200
TRUST    : acc_cmd=0.000 | acc_exec=0.333 | trust=0.082
DECISION : PAUSE
MACHINE  : Machine-3
------------------------------------------------------------
[SEQ 47] [STATIC-BASELINE]
CMD      : M104 | effects={'M': 104.0, 'S': 200.0, 'prev_temp': 220.0}
DECISION : ALLOW
------------------------------------------------------------
[SEQ 47] [IEEE-BASELINE]
SCORE    : anomaly_score=19.407
DECISION : ALLOW
------------------------------------------------------------
[SEQ 48] [LAYER 0]
CMD      : M104 S220
TRUST    : acc_cmd=0.000 | acc_exec=0.333 | trust=0.082
DECISION : PAUSE
MACHINE  : Machine-3
------------------------------------------------------------
[SEQ 48] [STATIC-BASELINE]
CMD      : M104 | effects={'M': 104.0, 'S': 220.0, 'prev_temp': 200.0}
DECISION : ALLOW
------------------------------------------------------------
[SEQ 48] [IEEE-BASELINE]
SCORE    : anomaly_score=19.466
DECISION : ALLOW
------------------------------------------------------------
[SEQ 49] [LAYER 0]
CMD      : M104 S200
TRUST    : acc_cmd=0.000 | acc_exec=0.333 | trust=0.082
DECISION : PAUSE
MACHINE  : Machine-3
------------------------------------------------------------
[SEQ 49] [STATIC-BASELINE]
CMD      : M104 | effects={'M': 104.0, 'S': 200.0, 'prev_temp': 220.0}
DECISION : ALLOW
------------------------------------------------------------
[SEQ 49] [IEEE-BASELINE]
SCORE    : anomaly_score=19.520
DECISION : ALLOW
------------------------------------------------------------
[SEQ 50] [LAYER 0]
CMD      : G1 X173.743 Y121.418 E0.44341
TRUST    : acc_cmd=0.000 | acc_exec=0.000 | trust=0.167
DECISION : PAUSE
MACHINE  : Machine-3
------------------------------------------------------------
[SEQ 50] [STATIC-BASELINE]
CMD      : G1 | effects={'dx': 173.743, 'dy': 121.418, 'dz': 0.0, 'de': 0.44341, 'xy_dist': 211.9645271572581, 'params': {'G': 1.0, 'X': 173.743, 'Y': 121.418, 'E': 0.44341}}
DECISION : ALLOW
------------------------------------------------------------
[SEQ 50] [IEEE-BASELINE]
SCORE    : anomaly_score=17.568
DECISION : ALLOW
------------------------------------------------------------
[SEQ 51] [LAYER 0]
CMD      : M104 S220
TRUST    : acc_cmd=0.000 | acc_exec=0.333 | trust=0.156
DECISION : PAUSE
MACHINE  : Machine-3
------------------------------------------------------------
[SEQ 51] [STATIC-BASELINE]
CMD      : M104 | effects={'M': 104.0, 'S': 220.0, 'prev_temp': 200.0}
DECISION : ALLOW
------------------------------------------------------------
[SEQ 51] [IEEE-BASELINE]
SCORE    : anomaly_score=17.811
DECISION : ALLOW
------------------------------------------------------------
[SEQ 52] [LAYER 0]
CMD      : M104 S200
TRUST    : acc_cmd=0.000 | acc_exec=0.333 | trust=0.133
DECISION : PAUSE
MACHINE  : Machine-3
------------------------------------------------------------
[SEQ 52] [STATIC-BASELINE]
CMD      : M104 | effects={'M': 104.0, 'S': 200.0, 'prev_temp': 220.0}
DECISION : ALLOW
------------------------------------------------------------
[SEQ 52] [IEEE-BASELINE]
SCORE    : anomaly_score=18.030
DECISION : ALLOW
------------------------------------------------------------
[SEQ 53] [LAYER 0]
CMD      : M104 S220
TRUST    : acc_cmd=0.000 | acc_exec=0.333 | trust=0.114
DECISION : PAUSE
MACHINE  : Machine-3
------------------------------------------------------------
[SEQ 53] [STATIC-BASELINE]
CMD      : M104 | effects={'M': 104.0, 'S': 220.0, 'prev_temp': 200.0}
DECISION : ALLOW
------------------------------------------------------------
[SEQ 53] [IEEE-BASELINE]
SCORE    : anomaly_score=18.227
DECISION : ALLOW
------------------------------------------------------------
[SEQ 54] [LAYER 0]
CMD      : M104 S200
TRUST    : acc_cmd=0.000 | acc_exec=0.333 | trust=0.102
DECISION : PAUSE
MACHINE  : Machine-3
------------------------------------------------------------
[SEQ 54] [STATIC-BASELINE]
CMD      : M104 | effects={'M': 104.0, 'S': 200.0, 'prev_temp': 220.0}
DECISION : ALLOW
------------------------------------------------------------
[SEQ 54] [IEEE-BASELINE]
SCORE    : anomaly_score=18.404
DECISION : ALLOW
------------------------------------------------------------
[SEQ 55] [LAYER 0]
CMD      : M104 S220
TRUST    : acc_cmd=0.000 | acc_exec=0.333 | trust=0.094
DECISION : PAUSE
MACHINE  : Machine-3
------------------------------------------------------------
[SEQ 55] [STATIC-BASELINE]
CMD      : M104 | effects={'M': 104.0, 'S': 220.0, 'prev_temp': 200.0}
DECISION : ALLOW
------------------------------------------------------------
[SEQ 55] [IEEE-BASELINE]
SCORE    : anomaly_score=18.564
DECISION : ALLOW
------------------------------------------------------------
[SEQ 56] [LAYER 0]
CMD      : M104 S200
TRUST    : acc_cmd=0.000 | acc_exec=0.333 | trust=0.089
DECISION : PAUSE
MACHINE  : Machine-3
------------------------------------------------------------
[SEQ 56] [STATIC-BASELINE]
CMD      : M104 | effects={'M': 104.0, 'S': 200.0, 'prev_temp': 220.0}
DECISION : ALLOW
------------------------------------------------------------
[SEQ 56] [IEEE-BASELINE]
SCORE    : anomaly_score=18.707
DECISION : ALLOW
------------------------------------------------------------
[SEQ 57] [LAYER 0]
CMD      : G1 X161.289 Y128.024 E0.74918
TRUST    : acc_cmd=0.000 | acc_exec=0.000 | trust=0.173
DECISION : PAUSE
MACHINE  : Machine-3
------------------------------------------------------------
[SEQ 57] [STATIC-BASELINE]
CMD      : G1 | effects={'dx': -12.454000000000008, 'dy': 6.6059999999999945, 'dz': 0.0, 'de': 0.30576999999999993, 'xy_dist': 14.097565463582715, 'params': {'G': 1.0, 'X': 161.289, 'Y': 128.024, 'E': 0.74918}}
DECISION : ALLOW
------------------------------------------------------------
[SEQ 57] [IEEE-BASELINE]
SCORE    : anomaly_score=16.837
DECISION : ALLOW
------------------------------------------------------------
[SEQ 58] [LAYER 0]
CMD      : M104 S220
TRUST    : acc_cmd=0.000 | acc_exec=0.333 | trust=0.161
DECISION : PAUSE
MACHINE  : Machine-3
------------------------------------------------------------
[SEQ 58] [STATIC-BASELINE]
CMD      : M104 | effects={'M': 104.0, 'S': 220.0, 'prev_temp': 200.0}
DECISION : ALLOW
------------------------------------------------------------
[SEQ 58] [IEEE-BASELINE]
SCORE    : anomaly_score=17.153
DECISION : ALLOW
------------------------------------------------------------
[SEQ 59] [LAYER 0]
CMD      : G1 X157.045 Y123.998 E0.86099
TRUST    : acc_cmd=0.000 | acc_exec=0.000 | trust=0.258
DECISION : PAUSE
MACHINE  : Machine-3
------------------------------------------------------------
[SEQ 59] [STATIC-BASELINE]
CMD      : G1 | effects={'dx': -4.244, 'dy': -4.025999999999996, 'dz': 0.0, 'de': 0.11181000000000008, 'xy_dist': 5.849804441175787, 'params': {'G': 1.0, 'X': 157.045, 'Y': 123.998, 'E': 0.86099}}
DECISION : ALLOW
------------------------------------------------------------
[SEQ 59] [IEEE-BASELINE]
SCORE    : anomaly_score=15.438
DECISION : ALLOW
------------------------------------------------------------
[SEQ 60] [LAYER 0]
CMD      : M104 S200
TRUST    : acc_cmd=0.000 | acc_exec=0.333 | trust=0.215
DECISION : PAUSE
MACHINE  : Machine-3
------------------------------------------------------------
[SEQ 60] [STATIC-BASELINE]
CMD      : M104 | effects={'M': 104.0, 'S': 200.0, 'prev_temp': 220.0}
DECISION : ALLOW
------------------------------------------------------------
[SEQ 60] [IEEE-BASELINE]
SCORE    : anomaly_score=15.894
DECISION : ALLOW
------------------------------------------------------------
[SEQ 61] [LAYER 0]
CMD      : M104 S220
TRUST    : acc_cmd=0.000 | acc_exec=0.333 | trust=0.167
DECISION : PAUSE
MACHINE  : Machine-3
------------------------------------------------------------
[SEQ 61] [STATIC-BASELINE]
CMD      : M104 | effects={'M': 104.0, 'S': 220.0, 'prev_temp': 200.0}
DECISION : ALLOW
------------------------------------------------------------
[SEQ 61] [IEEE-BASELINE]
SCORE    : anomaly_score=16.305
DECISION : ALLOW
------------------------------------------------------------
[SEQ 62] [LAYER 0]
CMD      : M104 S200
TRUST    : acc_cmd=0.000 | acc_exec=0.333 | trust=0.133
DECISION : PAUSE
MACHINE  : Machine-3
------------------------------------------------------------
[SEQ 62] [STATIC-BASELINE]
CMD      : M104 | effects={'M': 104.0, 'S': 200.0, 'prev_temp': 220.0}
DECISION : ALLOW
------------------------------------------------------------
[SEQ 62] [IEEE-BASELINE]
SCORE    : anomaly_score=16.674
DECISION : ALLOW
------------------------------------------------------------
[SEQ 63] [LAYER 0]
CMD      : M104 S220
TRUST    : acc_cmd=0.000 | acc_exec=0.333 | trust=0.112
DECISION : PAUSE
MACHINE  : Machine-3
------------------------------------------------------------
[SEQ 63] [STATIC-BASELINE]
CMD      : M104 | effects={'M': 104.0, 'S': 220.0, 'prev_temp': 200.0}
DECISION : ALLOW
------------------------------------------------------------
[SEQ 63] [IEEE-BASELINE]
SCORE    : anomaly_score=17.007
DECISION : ALLOW
------------------------------------------------------------
[SEQ 64] [LAYER 0]
CMD      : M104 S200
TRUST    : acc_cmd=0.000 | acc_exec=0.333 | trust=0.100
DECISION : PAUSE
MACHINE  : Machine-3
------------------------------------------------------------
[SEQ 64] [STATIC-BASELINE]
CMD      : M104 | effects={'M': 104.0, 'S': 200.0, 'prev_temp': 220.0}
DECISION : ALLOW
------------------------------------------------------------
[SEQ 64] [IEEE-BASELINE]
SCORE    : anomaly_score=17.306
DECISION : ALLOW
------------------------------------------------------------
[SEQ 65] [LAYER 0]
CMD      : M104 S220
TRUST    : acc_cmd=0.000 | acc_exec=0.333 | trust=0.092
DECISION : PAUSE
MACHINE  : Machine-3
------------------------------------------------------------
[SEQ 65] [STATIC-BASELINE]
CMD      : M104 | effects={'M': 104.0, 'S': 220.0, 'prev_temp': 200.0}
DECISION : ALLOW
------------------------------------------------------------
[SEQ 65] [IEEE-BASELINE]
SCORE    : anomaly_score=17.575
DECISION : ALLOW
------------------------------------------------------------
[SEQ 66] [LAYER 0]
CMD      : M104 S200
TRUST    : acc_cmd=0.000 | acc_exec=0.333 | trust=0.088
DECISION : PAUSE
MACHINE  : Machine-3
------------------------------------------------------------
[SEQ 66] [STATIC-BASELINE]
CMD      : M104 | effects={'M': 104.0, 'S': 200.0, 'prev_temp': 220.0}
DECISION : ALLOW
------------------------------------------------------------
[SEQ 66] [IEEE-BASELINE]
SCORE    : anomaly_score=17.818
DECISION : ALLOW
------------------------------------------------------------
[SEQ 67] [LAYER 0]
CMD      : M104 S220
TRUST    : acc_cmd=0.000 | acc_exec=0.333 | trust=0.086
DECISION : PAUSE
MACHINE  : Machine-3
------------------------------------------------------------
[SEQ 67] [STATIC-BASELINE]
CMD      : M104 | effects={'M': 104.0, 'S': 220.0, 'prev_temp': 200.0}
DECISION : ALLOW
------------------------------------------------------------
[SEQ 67] [IEEE-BASELINE]
SCORE    : anomaly_score=18.036
DECISION : ALLOW
------------------------------------------------------------
[SEQ 68] [LAYER 0]
CMD      : M104 S200
TRUST    : acc_cmd=0.000 | acc_exec=0.333 | trust=0.084
DECISION : PAUSE
MACHINE  : Machine-3
------------------------------------------------------------
[SEQ 68] [STATIC-BASELINE]
CMD      : M104 | effects={'M': 104.0, 'S': 200.0, 'prev_temp': 220.0}
DECISION : ALLOW
------------------------------------------------------------
[SEQ 68] [IEEE-BASELINE]
SCORE    : anomaly_score=18.232
DECISION : ALLOW
------------------------------------------------------------
[SEQ 69] [LAYER 0]
CMD      : G1 X162.364 Y112.048 E1.14079
TRUST    : acc_cmd=0.000 | acc_exec=0.000 | trust=0.169
DECISION : PAUSE
MACHINE  : Machine-3
------------------------------------------------------------
[SEQ 69] [STATIC-BASELINE]
CMD      : G1 | effects={'dx': 5.319000000000017, 'dy': -11.950000000000003, 'dz': 0.0, 'de': 0.27979999999999994, 'xy_dist': 13.08030049349021, 'params': {'G': 1.0, 'X': 162.364, 'Y': 112.048, 'E': 1.14079}}
DECISION : ALLOW
------------------------------------------------------------
[SEQ 69] [IEEE-BASELINE]
SCORE    : anomaly_score=16.409
DECISION : ALLOW
------------------------------------------------------------
[SEQ 70] [LAYER 0]
CMD      : M104 S220
TRUST    : acc_cmd=0.000 | acc_exec=0.333 | trust=0.158
DECISION : PAUSE
MACHINE  : Machine-3
------------------------------------------------------------
[SEQ 70] [STATIC-BASELINE]
CMD      : M104 | effects={'M': 104.0, 'S': 220.0, 'prev_temp': 200.0}
DECISION : ALLOW
------------------------------------------------------------
[SEQ 70] [IEEE-BASELINE]
SCORE    : anomaly_score=16.768
DECISION : ALLOW
------------------------------------------------------------
[SEQ 71] [LAYER 0]
CMD      : M104 S200
TRUST    : acc_cmd=0.000 | acc_exec=0.333 | trust=0.134
DECISION : PAUSE
MACHINE  : Machine-3
------------------------------------------------------------
[SEQ 71] [STATIC-BASELINE]
CMD      : M104 | effects={'M': 104.0, 'S': 200.0, 'prev_temp': 220.0}
DECISION : ALLOW
------------------------------------------------------------
[SEQ 71] [IEEE-BASELINE]
SCORE    : anomaly_score=17.091
DECISION : ALLOW
------------------------------------------------------------
[SEQ 72] [LAYER 0]
CMD      : M104 S220
TRUST    : acc_cmd=0.000 | acc_exec=0.333 | trust=0.115
DECISION : PAUSE
MACHINE  : Machine-3
------------------------------------------------------------
[SEQ 72] [STATIC-BASELINE]
CMD      : M104 | effects={'M': 104.0, 'S': 220.0, 'prev_temp': 200.0}
DECISION : ALLOW
------------------------------------------------------------
[SEQ 72] [IEEE-BASELINE]
SCORE    : anomaly_score=17.382
DECISION : ALLOW
------------------------------------------------------------
[SEQ 73] [LAYER 0]
CMD      : M104 S200
TRUST    : acc_cmd=0.000 | acc_exec=0.333 | trust=0.102
DECISION : PAUSE
MACHINE  : Machine-3
------------------------------------------------------------
[SEQ 73] [STATIC-BASELINE]
CMD      : M104 | effects={'M': 104.0, 'S': 200.0, 'prev_temp': 220.0}
DECISION : ALLOW
------------------------------------------------------------
[SEQ 73] [IEEE-BASELINE]
SCORE    : anomaly_score=17.644
DECISION : ALLOW
------------------------------------------------------------
[SEQ 74] [LAYER 0]
CMD      : M104 S220
TRUST    : acc_cmd=0.000 | acc_exec=0.333 | trust=0.094
DECISION : PAUSE
MACHINE  : Machine-3
------------------------------------------------------------
[SEQ 74] [STATIC-BASELINE]
CMD      : M104 | effects={'M': 104.0, 'S': 220.0, 'prev_temp': 200.0}
DECISION : ALLOW
------------------------------------------------------------
[SEQ 74] [IEEE-BASELINE]
SCORE    : anomaly_score=17.880
DECISION : ALLOW
------------------------------------------------------------
[SEQ 75] [LAYER 0]
CMD      : M104 S200
TRUST    : acc_cmd=0.000 | acc_exec=0.333 | trust=0.089
DECISION : PAUSE
MACHINE  : Machine-3
------------------------------------------------------------
[SEQ 75] [STATIC-BASELINE]
CMD      : M104 | effects={'M': 104.0, 'S': 200.0, 'prev_temp': 220.0}
DECISION : ALLOW
------------------------------------------------------------
[SEQ 75] [IEEE-BASELINE]
SCORE    : anomaly_score=18.092
DECISION : ALLOW
------------------------------------------------------------
[SEQ 76] [LAYER 0]
CMD      : M104 S220
TRUST    : acc_cmd=0.000 | acc_exec=0.333 | trust=0.086
DECISION : PAUSE
MACHINE  : Machine-3
------------------------------------------------------------
[SEQ 76] [STATIC-BASELINE]
CMD      : M104 | effects={'M': 104.0, 'S': 220.0, 'prev_temp': 200.0}
DECISION : ALLOW
------------------------------------------------------------
[SEQ 76] [IEEE-BASELINE]
SCORE    : anomaly_score=18.283
DECISION : ALLOW
------------------------------------------------------------
[SEQ 77] [LAYER 0]
CMD      : M104 S200
TRUST    : acc_cmd=0.000 | acc_exec=0.333 | trust=0.085
DECISION : PAUSE
MACHINE  : Machine-3
------------------------------------------------------------
[SEQ 77] [STATIC-BASELINE]
CMD      : M104 | effects={'M': 104.0, 'S': 200.0, 'prev_temp': 220.0}
DECISION : ALLOW
------------------------------------------------------------
[SEQ 77] [IEEE-BASELINE]
SCORE    : anomaly_score=18.454
DECISION : ALLOW
------------------------------------------------------------
[SEQ 78] [LAYER 0]
CMD      : M104 S220
TRUST    : acc_cmd=0.000 | acc_exec=0.333 | trust=0.084
DECISION : PAUSE
MACHINE  : Machine-3
------------------------------------------------------------
[SEQ 78] [STATIC-BASELINE]
CMD      : M104 | effects={'M': 104.0, 'S': 220.0, 'prev_temp': 200.0}
DECISION : ALLOW
------------------------------------------------------------
[SEQ 78] [IEEE-BASELINE]
SCORE    : anomaly_score=18.609
DECISION : ALLOW
------------------------------------------------------------
[SEQ 79] [LAYER 0]
CMD      : M104 S200
TRUST    : acc_cmd=0.000 | acc_exec=0.333 | trust=0.083
DECISION : PAUSE
MACHINE  : Machine-3
------------------------------------------------------------
[SEQ 79] [STATIC-BASELINE]
CMD      : M104 | effects={'M': 104.0, 'S': 200.0, 'prev_temp': 220.0}
DECISION : ALLOW
------------------------------------------------------------
[SEQ 79] [IEEE-BASELINE]
SCORE    : anomaly_score=18.748
DECISION : ALLOW
------------------------------------------------------------
[SEQ 80] [LAYER 0]
CMD      : M104 S220
TRUST    : acc_cmd=0.000 | acc_exec=0.333 | trust=0.083
DECISION : PAUSE
MACHINE  : Machine-3
------------------------------------------------------------
[SEQ 80] [STATIC-BASELINE]
CMD      : M104 | effects={'M': 104.0, 'S': 220.0, 'prev_temp': 200.0}
DECISION : ALLOW
------------------------------------------------------------
[SEQ 80] [IEEE-BASELINE]
SCORE    : anomaly_score=18.873
DECISION : ALLOW
------------------------------------------------------------
[SEQ 81] [LAYER 0]
CMD      : M104 S200
TRUST    : acc_cmd=0.000 | acc_exec=0.333 | trust=0.082
DECISION : PAUSE
MACHINE  : Machine-3
------------------------------------------------------------
[SEQ 81] [STATIC-BASELINE]
CMD      : M104 | effects={'M': 104.0, 'S': 200.0, 'prev_temp': 220.0}
DECISION : ALLOW
------------------------------------------------------------
[SEQ 81] [IEEE-BASELINE]
SCORE    : anomaly_score=18.986
DECISION : ALLOW
------------------------------------------------------------
[SEQ 82] [LAYER 0]
CMD      : M104 S220
TRUST    : acc_cmd=0.000 | acc_exec=0.333 | trust=0.082
DECISION : PAUSE
MACHINE  : Machine-3
------------------------------------------------------------
[SEQ 82] [STATIC-BASELINE]
CMD      : M104 | effects={'M': 104.0, 'S': 220.0, 'prev_temp': 200.0}
DECISION : ALLOW
------------------------------------------------------------
[SEQ 82] [IEEE-BASELINE]
SCORE    : anomaly_score=19.087
DECISION : ALLOW
------------------------------------------------------------
[SEQ 83] [LAYER 0]
CMD      : M104 S200
TRUST    : acc_cmd=0.000 | acc_exec=0.333 | trust=0.082
DECISION : PAUSE
MACHINE  : Machine-3
------------------------------------------------------------
[SEQ 83] [STATIC-BASELINE]
CMD      : M104 | effects={'M': 104.0, 'S': 200.0, 'prev_temp': 220.0}
DECISION : ALLOW
------------------------------------------------------------
[SEQ 83] [IEEE-BASELINE]
SCORE    : anomaly_score=19.179
DECISION : ALLOW
------------------------------------------------------------
[SEQ 84] [LAYER 0]
CMD      : M104 S220
TRUST    : acc_cmd=0.000 | acc_exec=0.333 | trust=0.082
DECISION : PAUSE
MACHINE  : Machine-3
------------------------------------------------------------
[SEQ 84] [STATIC-BASELINE]
CMD      : M104 | effects={'M': 104.0, 'S': 220.0, 'prev_temp': 200.0}
DECISION : ALLOW
------------------------------------------------------------
[SEQ 84] [IEEE-BASELINE]
SCORE    : anomaly_score=19.261
DECISION : ALLOW
------------------------------------------------------------
[SEQ 85] [LAYER 0]
CMD      : M104 S200
TRUST    : acc_cmd=0.000 | acc_exec=0.333 | trust=0.082
DECISION : PAUSE
MACHINE  : Machine-3
------------------------------------------------------------
[SEQ 85] [STATIC-BASELINE]
CMD      : M104 | effects={'M': 104.0, 'S': 200.0, 'prev_temp': 220.0}
DECISION : ALLOW
------------------------------------------------------------
[SEQ 85] [IEEE-BASELINE]
SCORE    : anomaly_score=19.335
DECISION : ALLOW
------------------------------------------------------------
[SEQ 86] [LAYER 0]
CMD      : M104 S220
TRUST    : acc_cmd=0.000 | acc_exec=0.333 | trust=0.082
DECISION : PAUSE
MACHINE  : Machine-3
------------------------------------------------------------
[SEQ 86] [STATIC-BASELINE]
CMD      : M104 | effects={'M': 104.0, 'S': 220.0, 'prev_temp': 200.0}
DECISION : ALLOW
------------------------------------------------------------
[SEQ 86] [IEEE-BASELINE]
SCORE    : anomaly_score=19.401
DECISION : ALLOW
------------------------------------------------------------
[SEQ 87] [LAYER 0]
CMD      : M104 S200
TRUST    : acc_cmd=0.000 | acc_exec=0.333 | trust=0.082
DECISION : PAUSE
MACHINE  : Machine-3
------------------------------------------------------------
[SEQ 87] [STATIC-BASELINE]
CMD      : M104 | effects={'M': 104.0, 'S': 200.0, 'prev_temp': 220.0}
DECISION : ALLOW
------------------------------------------------------------
[SEQ 87] [IEEE-BASELINE]
SCORE    : anomaly_score=19.461
DECISION : ALLOW
------------------------------------------------------------
[SEQ 88] [LAYER 0]
CMD      : M104 S220
TRUST    : acc_cmd=0.000 | acc_exec=0.333 | trust=0.082
DECISION : PAUSE
MACHINE  : Machine-3
------------------------------------------------------------
[SEQ 88] [STATIC-BASELINE]
CMD      : M104 | effects={'M': 104.0, 'S': 220.0, 'prev_temp': 200.0}
DECISION : ALLOW
------------------------------------------------------------
[SEQ 88] [IEEE-BASELINE]
SCORE    : anomaly_score=19.515
DECISION : ALLOW
------------------------------------------------------------
[SEQ 89] [LAYER 0]
CMD      : M104 S200
TRUST    : acc_cmd=0.000 | acc_exec=0.333 | trust=0.082
DECISION : PAUSE
MACHINE  : Machine-3
------------------------------------------------------------
[SEQ 89] [STATIC-BASELINE]
CMD      : M104 | effects={'M': 104.0, 'S': 200.0, 'prev_temp': 220.0}
DECISION : ALLOW
------------------------------------------------------------
[SEQ 89] [IEEE-BASELINE]
SCORE    : anomaly_score=19.563
DECISION : ALLOW
------------------------------------------------------------
[SEQ 90] [LAYER 0]
CMD      : G1 X157.559 Y116.17 E2.01362
TRUST    : acc_cmd=0.000 | acc_exec=0.149 | trust=0.118
DECISION : PAUSE
MACHINE  : Machine-3
------------------------------------------------------------
[SEQ 90] [STATIC-BASELINE]
CMD      : G1 | effects={'dx': -4.805000000000007, 'dy': 4.122, 'dz': 0.0, 'de': 0.87283, 'xy_dist': 6.330790550950178, 'params': {'G': 1.0, 'X': 157.559, 'Y': 116.17, 'E': 2.01362}}
DECISION : ALLOW
------------------------------------------------------------
[SEQ 90] [IEEE-BASELINE]
SCORE    : anomaly_score=17.607
DECISION : ALLOW
------------------------------------------------------------
[SEQ 91] [LAYER 0]
CMD      : M104 S220
TRUST    : acc_cmd=0.000 | acc_exec=0.333 | trust=0.116
DECISION : PAUSE
MACHINE  : Machine-3
------------------------------------------------------------
[SEQ 91] [STATIC-BASELINE]
CMD      : M104 | effects={'M': 104.0, 'S': 220.0, 'prev_temp': 200.0}
DECISION : ALLOW
------------------------------------------------------------
[SEQ 91] [IEEE-BASELINE]
SCORE    : anomaly_score=17.846
DECISION : ALLOW
------------------------------------------------------------
[SEQ 92] [LAYER 0]
CMD      : M104 S200
TRUST    : acc_cmd=0.000 | acc_exec=0.333 | trust=0.107
DECISION : PAUSE
MACHINE  : Machine-3
------------------------------------------------------------
[SEQ 92] [STATIC-BASELINE]
CMD      : M104 | effects={'M': 104.0, 'S': 200.0, 'prev_temp': 220.0}
DECISION : ALLOW
------------------------------------------------------------
[SEQ 92] [IEEE-BASELINE]
SCORE    : anomaly_score=18.062
DECISION : ALLOW
------------------------------------------------------------
[SEQ 93] [LAYER 0]
CMD      : M104 S220
TRUST    : acc_cmd=0.000 | acc_exec=0.333 | trust=0.098
DECISION : PAUSE
MACHINE  : Machine-3
------------------------------------------------------------
[SEQ 93] [STATIC-BASELINE]
CMD      : M104 | effects={'M': 104.0, 'S': 220.0, 'prev_temp': 200.0}
DECISION : ALLOW
------------------------------------------------------------
[SEQ 93] [IEEE-BASELINE]
SCORE    : anomaly_score=18.256
DECISION : ALLOW
------------------------------------------------------------
[SEQ 94] [LAYER 0]
CMD      : M104 S200
TRUST    : acc_cmd=0.000 | acc_exec=0.333 | trust=0.092
DECISION : PAUSE
MACHINE  : Machine-3
------------------------------------------------------------
[SEQ 94] [STATIC-BASELINE]
CMD      : M104 | effects={'M': 104.0, 'S': 200.0, 'prev_temp': 220.0}
DECISION : ALLOW
------------------------------------------------------------
[SEQ 94] [IEEE-BASELINE]
SCORE    : anomaly_score=18.430
DECISION : ALLOW
------------------------------------------------------------
[SEQ 95] [LAYER 0]
CMD      : M104 S220
TRUST    : acc_cmd=0.000 | acc_exec=0.333 | trust=0.088
DECISION : PAUSE
MACHINE  : Machine-3
------------------------------------------------------------
[SEQ 95] [STATIC-BASELINE]
CMD      : M104 | effects={'M': 104.0, 'S': 220.0, 'prev_temp': 200.0}
DECISION : ALLOW
------------------------------------------------------------
[SEQ 95] [IEEE-BASELINE]
SCORE    : anomaly_score=18.587
DECISION : ALLOW
------------------------------------------------------------
[SEQ 96] [LAYER 0]
CMD      : M104 S200
TRUST    : acc_cmd=0.000 | acc_exec=0.333 | trust=0.086
DECISION : PAUSE
MACHINE  : Machine-3
------------------------------------------------------------
[SEQ 96] [STATIC-BASELINE]
CMD      : M104 | effects={'M': 104.0, 'S': 200.0, 'prev_temp': 220.0}
DECISION : ALLOW
------------------------------------------------------------
[SEQ 96] [IEEE-BASELINE]
SCORE    : anomaly_score=18.728
DECISION : ALLOW
------------------------------------------------------------
[SEQ 97] [LAYER 0]
CMD      : M104 S220
TRUST    : acc_cmd=0.000 | acc_exec=0.333 | trust=0.084
DECISION : PAUSE
MACHINE  : Machine-3
------------------------------------------------------------
[SEQ 97] [STATIC-BASELINE]
CMD      : M104 | effects={'M': 104.0, 'S': 220.0, 'prev_temp': 200.0}
DECISION : ALLOW
------------------------------------------------------------
[SEQ 97] [IEEE-BASELINE]
SCORE    : anomaly_score=18.855
DECISION : ALLOW
------------------------------------------------------------
[SEQ 98] [LAYER 0]
CMD      : M104 S200
TRUST    : acc_cmd=0.000 | acc_exec=0.333 | trust=0.083
DECISION : PAUSE
MACHINE  : Machine-3
------------------------------------------------------------
[SEQ 98] [STATIC-BASELINE]
CMD      : M104 | effects={'M': 104.0, 'S': 200.0, 'prev_temp': 220.0}
DECISION : ALLOW
------------------------------------------------------------
[SEQ 98] [IEEE-BASELINE]
SCORE    : anomaly_score=18.970
DECISION : ALLOW
------------------------------------------------------------
[SEQ 99] [LAYER 0]
CMD      : M104 S220
TRUST    : acc_cmd=0.000 | acc_exec=0.333 | trust=0.083
DECISION : PAUSE
MACHINE  : Machine-3
------------------------------------------------------------
[SEQ 99] [STATIC-BASELINE]
CMD      : M104 | effects={'M': 104.0, 'S': 220.0, 'prev_temp': 200.0}
DECISION : ALLOW
------------------------------------------------------------
[SEQ 99] [IEEE-BASELINE]
SCORE    : anomaly_score=19.073
DECISION : ALLOW
------------------------------------------------------------
[SEQ 100] [LAYER 0]
CMD      : M104 S200
TRUST    : acc_cmd=0.000 | acc_exec=0.333 | trust=0.083
DECISION : PAUSE
MACHINE  : Machine-3
------------------------------------------------------------
[SEQ 100] [STATIC-BASELINE]
CMD      : M104 | effects={'M': 104.0, 'S': 200.0, 'prev_temp': 220.0}
DECISION : ALLOW
------------------------------------------------------------
[SEQ 100] [IEEE-BASELINE]
SCORE    : anomaly_score=19.166
DECISION : ALLOW
------------------------------------------------------------
[SEQ 101] [LAYER 0]
CMD      : M104 S220
TRUST    : acc_cmd=0.000 | acc_exec=0.333 | trust=0.082
DECISION : PAUSE
MACHINE  : Machine-3
------------------------------------------------------------
[SEQ 101] [STATIC-BASELINE]
CMD      : M104 | effects={'M': 104.0, 'S': 220.0, 'prev_temp': 200.0}
DECISION : ALLOW
------------------------------------------------------------
[SEQ 101] [IEEE-BASELINE]
SCORE    : anomaly_score=19.249
DECISION : ALLOW
------------------------------------------------------------
[SEQ 102] [LAYER 0]
CMD      : M104 S200
TRUST    : acc_cmd=0.000 | acc_exec=0.333 | trust=0.082
DECISION : PAUSE
MACHINE  : Machine-3
------------------------------------------------------------
[SEQ 102] [STATIC-BASELINE]
CMD      : M104 | effects={'M': 104.0, 'S': 200.0, 'prev_temp': 220.0}
DECISION : ALLOW
------------------------------------------------------------
[SEQ 102] [IEEE-BASELINE]
SCORE    : anomaly_score=19.324
DECISION : ALLOW
------------------------------------------------------------
[SEQ 103] [LAYER 0]
CMD      : M104 S220
TRUST    : acc_cmd=0.000 | acc_exec=0.333 | trust=0.082
DECISION : PAUSE
MACHINE  : Machine-3
------------------------------------------------------------
[SEQ 103] [STATIC-BASELINE]
CMD      : M104 | effects={'M': 104.0, 'S': 220.0, 'prev_temp': 200.0}
DECISION : ALLOW
------------------------------------------------------------
[SEQ 103] [IEEE-BASELINE]
SCORE    : anomaly_score=19.392
DECISION : ALLOW
------------------------------------------------------------
[SEQ 104] [LAYER 0]
CMD      : M104 S200
TRUST    : acc_cmd=0.000 | acc_exec=0.333 | trust=0.082
DECISION : PAUSE
MACHINE  : Machine-3
------------------------------------------------------------
[SEQ 104] [STATIC-BASELINE]
CMD      : M104 | effects={'M': 104.0, 'S': 200.0, 'prev_temp': 220.0}
DECISION : ALLOW
------------------------------------------------------------
[SEQ 104] [IEEE-BASELINE]
SCORE    : anomaly_score=19.453
DECISION : ALLOW
------------------------------------------------------------
[SEQ 105] [LAYER 0]
CMD      : M104 S220
TRUST    : acc_cmd=0.000 | acc_exec=0.333 | trust=0.082
DECISION : PAUSE
MACHINE  : Machine-3
------------------------------------------------------------
[SEQ 105] [STATIC-BASELINE]
CMD      : M104 | effects={'M': 104.0, 'S': 220.0, 'prev_temp': 200.0}
DECISION : ALLOW
------------------------------------------------------------
[SEQ 105] [IEEE-BASELINE]
SCORE    : anomaly_score=19.507
DECISION : ALLOW
------------------------------------------------------------
[SEQ 106] [LAYER 0]
CMD      : M104 S200
TRUST    : acc_cmd=0.000 | acc_exec=0.333 | trust=0.082
DECISION : PAUSE
MACHINE  : Machine-3
------------------------------------------------------------
[SEQ 106] [STATIC-BASELINE]
CMD      : M104 | effects={'M': 104.0, 'S': 200.0, 'prev_temp': 220.0}
DECISION : ALLOW
------------------------------------------------------------
[SEQ 106] [IEEE-BASELINE]
SCORE    : anomaly_score=19.557
DECISION : ALLOW
------------------------------------------------------------
[SEQ 107] [LAYER 0]
CMD      : M104 S220
TRUST    : acc_cmd=0.000 | acc_exec=0.333 | trust=0.082
DECISION : PAUSE
MACHINE  : Machine-3
------------------------------------------------------------
[SEQ 107] [STATIC-BASELINE]
CMD      : M104 | effects={'M': 104.0, 'S': 220.0, 'prev_temp': 200.0}
DECISION : ALLOW
------------------------------------------------------------
[SEQ 107] [IEEE-BASELINE]
SCORE    : anomaly_score=19.601
DECISION : ALLOW
------------------------------------------------------------
[SEQ 108] [LAYER 0]
CMD      : M104 S200
TRUST    : acc_cmd=0.000 | acc_exec=0.333 | trust=0.082
DECISION : PAUSE
MACHINE  : Machine-3
------------------------------------------------------------
[SEQ 108] [STATIC-BASELINE]
CMD      : M104 | effects={'M': 104.0, 'S': 200.0, 'prev_temp': 220.0}
DECISION : ALLOW
------------------------------------------------------------
[SEQ 108] [IEEE-BASELINE]
SCORE    : anomaly_score=19.641
DECISION : ALLOW
------------------------------------------------------------
[SEQ 109] [LAYER 0]
CMD      : M104 S220
TRUST    : acc_cmd=0.000 | acc_exec=0.333 | trust=0.082
DECISION : PAUSE
MACHINE  : Machine-3
------------------------------------------------------------
[SEQ 109] [STATIC-BASELINE]
CMD      : M104 | effects={'M': 104.0, 'S': 220.0, 'prev_temp': 200.0}
DECISION : ALLOW
------------------------------------------------------------
[SEQ 109] [IEEE-BASELINE]
SCORE    : anomaly_score=19.677
DECISION : ALLOW
------------------------------------------------------------
[SEQ 110] [LAYER 0]
CMD      : M104 S200
TRUST    : acc_cmd=0.000 | acc_exec=0.333 | trust=0.082
DECISION : PAUSE
MACHINE  : Machine-3
------------------------------------------------------------
[SEQ 110] [STATIC-BASELINE]
CMD      : M104 | effects={'M': 104.0, 'S': 200.0, 'prev_temp': 220.0}
DECISION : ALLOW
------------------------------------------------------------
[SEQ 110] [IEEE-BASELINE]
SCORE    : anomaly_score=19.709
DECISION : ALLOW
------------------------------------------------------------
[SEQ 111] [LAYER 0]
CMD      : M104 S220
TRUST    : acc_cmd=0.000 | acc_exec=0.333 | trust=0.082
DECISION : PAUSE
MACHINE  : Machine-3
------------------------------------------------------------
[SEQ 111] [STATIC-BASELINE]
CMD      : M104 | effects={'M': 104.0, 'S': 220.0, 'prev_temp': 200.0}
DECISION : ALLOW
------------------------------------------------------------
[SEQ 111] [IEEE-BASELINE]
SCORE    : anomaly_score=19.738
DECISION : ALLOW
------------------------------------------------------------
[SEQ 112] [LAYER 0]
CMD      : M104 S200
TRUST    : acc_cmd=0.000 | acc_exec=0.333 | trust=0.082
DECISION : PAUSE
MACHINE  : Machine-3
------------------------------------------------------------
[SEQ 112] [STATIC-BASELINE]
CMD      : M104 | effects={'M': 104.0, 'S': 200.0, 'prev_temp': 220.0}
DECISION : ALLOW
------------------------------------------------------------
[SEQ 112] [IEEE-BASELINE]
SCORE    : anomaly_score=19.764
DECISION : ALLOW
------------------------------------------------------------
[SEQ 113] [LAYER 0]
CMD      : G1 X157.056 Y121.189 E2.86864
TRUST    : acc_cmd=0.000 | acc_exec=0.413 | trust=0.072
DECISION : PAUSE
MACHINE  : Machine-3
------------------------------------------------------------
[SEQ 113] [STATIC-BASELINE]
CMD      : G1 | effects={'dx': -0.5029999999999859, 'dy': 5.018999999999991, 'dz': 0.0, 'de': 0.8550200000000001, 'xy_dist': 5.044142147085061, 'params': {'G': 1.0, 'X': 157.056, 'Y': 121.189, 'E': 2.86864}}
DECISION : ALLOW
------------------------------------------------------------
[SEQ 113] [IEEE-BASELINE]
SCORE    : anomaly_score=17.788
DECISION : ALLOW
------------------------------------------------------------
[SEQ 114] [LAYER 0]
CMD      : M104 S220
TRUST    : acc_cmd=0.000 | acc_exec=0.333 | trust=0.071
DECISION : PAUSE
MACHINE  : Machine-3
------------------------------------------------------------
[SEQ 114] [STATIC-BASELINE]
CMD      : M104 | effects={'M': 104.0, 'S': 220.0, 'prev_temp': 200.0}
DECISION : ALLOW
------------------------------------------------------------
[SEQ 114] [IEEE-BASELINE]
SCORE    : anomaly_score=18.009
DECISION : ALLOW
------------------------------------------------------------
[SEQ 115] [LAYER 0]
CMD      : M104 S200
TRUST    : acc_cmd=0.000 | acc_exec=0.333 | trust=0.074
DECISION : PAUSE
MACHINE  : Machine-3
------------------------------------------------------------
[SEQ 115] [STATIC-BASELINE]
CMD      : M104 | effects={'M': 104.0, 'S': 200.0, 'prev_temp': 220.0}
DECISION : ALLOW
------------------------------------------------------------
[SEQ 115] [IEEE-BASELINE]
SCORE    : anomaly_score=18.208
DECISION : ALLOW
------------------------------------------------------------
[SEQ 116] [LAYER 0]
CMD      : M104 S220
TRUST    : acc_cmd=0.000 | acc_exec=0.333 | trust=0.076
DECISION : PAUSE
MACHINE  : Machine-3
------------------------------------------------------------
[SEQ 116] [STATIC-BASELINE]
CMD      : M104 | effects={'M': 104.0, 'S': 220.0, 'prev_temp': 200.0}
DECISION : ALLOW
------------------------------------------------------------
[SEQ 116] [IEEE-BASELINE]
SCORE    : anomaly_score=18.387
DECISION : ALLOW
------------------------------------------------------------
[SEQ 117] [LAYER 0]
CMD      : M104 S200
TRUST    : acc_cmd=0.000 | acc_exec=0.333 | trust=0.078
DECISION : PAUSE
MACHINE  : Machine-3
------------------------------------------------------------
[SEQ 117] [STATIC-BASELINE]
CMD      : M104 | effects={'M': 104.0, 'S': 200.0, 'prev_temp': 220.0}
DECISION : ALLOW
------------------------------------------------------------
[SEQ 117] [IEEE-BASELINE]
SCORE    : anomaly_score=18.549
DECISION : ALLOW
------------------------------------------------------------
[SEQ 118] [LAYER 0]
CMD      : M104 S220
TRUST    : acc_cmd=0.000 | acc_exec=0.333 | trust=0.080
DECISION : PAUSE
MACHINE  : Machine-3
------------------------------------------------------------
[SEQ 118] [STATIC-BASELINE]
CMD      : M104 | effects={'M': 104.0, 'S': 220.0, 'prev_temp': 200.0}
DECISION : ALLOW
------------------------------------------------------------
[SEQ 118] [IEEE-BASELINE]
SCORE    : anomaly_score=18.694
DECISION : ALLOW
------------------------------------------------------------
[SEQ 119] [LAYER 0]
CMD      : M104 S200
TRUST    : acc_cmd=0.000 | acc_exec=0.333 | trust=0.081
DECISION : PAUSE
MACHINE  : Machine-3
------------------------------------------------------------
[SEQ 119] [STATIC-BASELINE]
CMD      : M104 | effects={'M': 104.0, 'S': 200.0, 'prev_temp': 220.0}
DECISION : ALLOW
------------------------------------------------------------
[SEQ 119] [IEEE-BASELINE]
SCORE    : anomaly_score=18.824
DECISION : ALLOW
------------------------------------------------------------
[SEQ 120] [LAYER 0]
CMD      : G1 X160.771 Y113.644 E3.03643
TRUST    : acc_cmd=0.000 | acc_exec=0.000 | trust=0.165
DECISION : PAUSE
MACHINE  : Machine-3
------------------------------------------------------------
[SEQ 120] [STATIC-BASELINE]
CMD      : G1 | effects={'dx': 3.714999999999975, 'dy': -7.5449999999999875, 'dz': 0.0, 'de': 0.1677900000000001, 'xy_dist': 8.410008917950064, 'params': {'G': 1.0, 'X': 160.771, 'Y': 113.644, 'E': 3.03643}}
DECISION : ALLOW
------------------------------------------------------------
[SEQ 120] [IEEE-BASELINE]
SCORE    : anomaly_score=16.942
DECISION : ALLOW
------------------------------------------------------------
[SEQ 121] [LAYER 0]
CMD      : M104 S220
TRUST    : acc_cmd=0.000 | acc_exec=0.333 | trust=0.155
DECISION : PAUSE
MACHINE  : Machine-3
------------------------------------------------------------
[SEQ 121] [STATIC-BASELINE]
CMD      : M104 | effects={'M': 104.0, 'S': 220.0, 'prev_temp': 200.0}
DECISION : ALLOW
------------------------------------------------------------
[SEQ 121] [IEEE-BASELINE]
SCORE    : anomaly_score=17.248
DECISION : ALLOW
------------------------------------------------------------
[SEQ 122] [LAYER 0]
CMD      : M104 S200
TRUST    : acc_cmd=0.000 | acc_exec=0.333 | trust=0.133
DECISION : PAUSE
MACHINE  : Machine-3
------------------------------------------------------------
[SEQ 122] [STATIC-BASELINE]
CMD      : M104 | effects={'M': 104.0, 'S': 200.0, 'prev_temp': 220.0}
DECISION : ALLOW
------------------------------------------------------------
[SEQ 122] [IEEE-BASELINE]
SCORE    : anomaly_score=17.523
DECISION : ALLOW
------------------------------------------------------------
[SEQ 123] [LAYER 0]
CMD      : M104 S220
TRUST    : acc_cmd=0.000 | acc_exec=0.333 | trust=0.114
DECISION : PAUSE
MACHINE  : Machine-3
------------------------------------------------------------
[SEQ 123] [STATIC-BASELINE]
CMD      : M104 | effects={'M': 104.0, 'S': 220.0, 'prev_temp': 200.0}
DECISION : ALLOW
------------------------------------------------------------
[SEQ 123] [IEEE-BASELINE]
SCORE    : anomaly_score=17.771
DECISION : ALLOW
------------------------------------------------------------
[SEQ 124] [LAYER 0]
CMD      : G1 X167.733 Y112.874 E3.17275
TRUST    : acc_cmd=0.000 | acc_exec=0.000 | trust=0.198
DECISION : PAUSE
MACHINE  : Machine-3
------------------------------------------------------------
[SEQ 124] [STATIC-BASELINE]
CMD      : G1 | effects={'dx': 6.9620000000000175, 'dy': -0.7700000000000102, 'dz': 0.0, 'de': 0.13632, 'xy_dist': 7.0044517272945965, 'params': {'G': 1.0, 'X': 167.733, 'Y': 112.874, 'E': 3.17275}}
DECISION : ALLOW
------------------------------------------------------------
[SEQ 124] [IEEE-BASELINE]
SCORE    : anomaly_score=15.994
DECISION : ALLOW
------------------------------------------------------------
[SEQ 125] [LAYER 0]
CMD      : M104 S200
TRUST    : acc_cmd=0.000 | acc_exec=0.333 | trust=0.176
DECISION : PAUSE
MACHINE  : Machine-3
------------------------------------------------------------
[SEQ 125] [STATIC-BASELINE]
CMD      : M104 | effects={'M': 104.0, 'S': 200.0, 'prev_temp': 220.0}
DECISION : ALLOW
------------------------------------------------------------
[SEQ 125] [IEEE-BASELINE]
SCORE    : anomaly_score=16.394
DECISION : ALLOW
------------------------------------------------------------
[SEQ 126] [LAYER 0]
CMD      : M104 S220
TRUST    : acc_cmd=0.000 | acc_exec=0.333 | trust=0.144
DECISION : PAUSE
MACHINE  : Machine-3
------------------------------------------------------------
[SEQ 126] [STATIC-BASELINE]
CMD      : M104 | effects={'M': 104.0, 'S': 220.0, 'prev_temp': 200.0}
DECISION : ALLOW
------------------------------------------------------------
[SEQ 126] [IEEE-BASELINE]
SCORE    : anomaly_score=16.755
DECISION : ALLOW
------------------------------------------------------------
[SEQ 127] [LAYER 0]
CMD      : M104 S200
TRUST    : acc_cmd=0.000 | acc_exec=0.333 | trust=0.121
DECISION : PAUSE
MACHINE  : Machine-3
------------------------------------------------------------
[SEQ 127] [STATIC-BASELINE]
CMD      : M104 | effects={'M': 104.0, 'S': 200.0, 'prev_temp': 220.0}
DECISION : ALLOW
------------------------------------------------------------
[SEQ 127] [IEEE-BASELINE]
SCORE    : anomaly_score=17.079
DECISION : ALLOW
------------------------------------------------------------
[SEQ 128] [LAYER 0]
CMD      : M104 S220
TRUST    : acc_cmd=0.000 | acc_exec=0.333 | trust=0.105
DECISION : PAUSE
MACHINE  : Machine-3
------------------------------------------------------------
[SEQ 128] [STATIC-BASELINE]
CMD      : M104 | effects={'M': 104.0, 'S': 220.0, 'prev_temp': 200.0}
DECISION : ALLOW
------------------------------------------------------------
[SEQ 128] [IEEE-BASELINE]
SCORE    : anomaly_score=17.371
DECISION : ALLOW
------------------------------------------------------------
[SEQ 129] [LAYER 0]
CMD      : M104 S200
TRUST    : acc_cmd=0.000 | acc_exec=0.333 | trust=0.096
DECISION : PAUSE
MACHINE  : Machine-3
------------------------------------------------------------
[SEQ 129] [STATIC-BASELINE]
CMD      : M104 | effects={'M': 104.0, 'S': 200.0, 'prev_temp': 220.0}
DECISION : ALLOW
------------------------------------------------------------
[SEQ 129] [IEEE-BASELINE]
SCORE    : anomaly_score=17.634
DECISION : ALLOW
------------------------------------------------------------
[SEQ 130] [LAYER 0]
CMD      : M104 S220
TRUST    : acc_cmd=0.000 | acc_exec=0.333 | trust=0.090
DECISION : PAUSE
MACHINE  : Machine-3
------------------------------------------------------------
[SEQ 130] [STATIC-BASELINE]
CMD      : M104 | effects={'M': 104.0, 'S': 220.0, 'prev_temp': 200.0}
DECISION : ALLOW
------------------------------------------------------------
[SEQ 130] [IEEE-BASELINE]
SCORE    : anomaly_score=17.871
DECISION : ALLOW
------------------------------------------------------------
[SEQ 131] [LAYER 0]
CMD      : M104 S200
TRUST    : acc_cmd=0.000 | acc_exec=0.333 | trust=0.087
DECISION : PAUSE
MACHINE  : Machine-3
------------------------------------------------------------
[SEQ 131] [STATIC-BASELINE]
CMD      : M104 | effects={'M': 104.0, 'S': 200.0, 'prev_temp': 220.0}
DECISION : ALLOW
------------------------------------------------------------
[SEQ 131] [IEEE-BASELINE]
SCORE    : anomaly_score=18.084
DECISION : ALLOW
------------------------------------------------------------
[SEQ 132] [LAYER 0]
CMD      : M104 S220
TRUST    : acc_cmd=0.000 | acc_exec=0.333 | trust=0.085
DECISION : PAUSE
MACHINE  : Machine-3
------------------------------------------------------------
[SEQ 132] [STATIC-BASELINE]
CMD      : M104 | effects={'M': 104.0, 'S': 220.0, 'prev_temp': 200.0}
DECISION : ALLOW
------------------------------------------------------------
[SEQ 132] [IEEE-BASELINE]
SCORE    : anomaly_score=18.275
DECISION : ALLOW
------------------------------------------------------------
[SEQ 133] [LAYER 0]
CMD      : M104 S200
TRUST    : acc_cmd=0.000 | acc_exec=0.333 | trust=0.084
DECISION : PAUSE
MACHINE  : Machine-3
------------------------------------------------------------
[SEQ 133] [STATIC-BASELINE]
CMD      : M104 | effects={'M': 104.0, 'S': 200.0, 'prev_temp': 220.0}
DECISION : ALLOW
------------------------------------------------------------
[SEQ 133] [IEEE-BASELINE]
SCORE    : anomaly_score=18.448
DECISION : ALLOW
------------------------------------------------------------
[SEQ 134] [LAYER 0]
CMD      : M104 S220
TRUST    : acc_cmd=0.000 | acc_exec=0.333 | trust=0.083
DECISION : PAUSE
MACHINE  : Machine-3
------------------------------------------------------------
[SEQ 134] [STATIC-BASELINE]
CMD      : M104 | effects={'M': 104.0, 'S': 220.0, 'prev_temp': 200.0}
DECISION : ALLOW
------------------------------------------------------------
[SEQ 134] [IEEE-BASELINE]
SCORE    : anomaly_score=18.603
DECISION : ALLOW
------------------------------------------------------------
[SEQ 135] [LAYER 0]
CMD      : M104 S200
TRUST    : acc_cmd=0.000 | acc_exec=0.333 | trust=0.083
DECISION : PAUSE
MACHINE  : Machine-3
------------------------------------------------------------
[SEQ 135] [STATIC-BASELINE]
CMD      : M104 | effects={'M': 104.0, 'S': 200.0, 'prev_temp': 220.0}
DECISION : ALLOW
------------------------------------------------------------
[SEQ 135] [IEEE-BASELINE]
SCORE    : anomaly_score=18.743
DECISION : ALLOW
------------------------------------------------------------
[SEQ 136] [LAYER 0]
CMD      : M104 S220
TRUST    : acc_cmd=0.000 | acc_exec=0.333 | trust=0.082
DECISION : PAUSE
MACHINE  : Machine-3
------------------------------------------------------------
[SEQ 136] [STATIC-BASELINE]
CMD      : M104 | effects={'M': 104.0, 'S': 220.0, 'prev_temp': 200.0}
DECISION : ALLOW
------------------------------------------------------------
[SEQ 136] [IEEE-BASELINE]
SCORE    : anomaly_score=18.868
DECISION : ALLOW
------------------------------------------------------------
[SEQ 137] [LAYER 0]
CMD      : M104 S200
TRUST    : acc_cmd=0.000 | acc_exec=0.333 | trust=0.082
DECISION : PAUSE
MACHINE  : Machine-3
------------------------------------------------------------
[SEQ 137] [STATIC-BASELINE]
CMD      : M104 | effects={'M': 104.0, 'S': 200.0, 'prev_temp': 220.0}
DECISION : ALLOW
------------------------------------------------------------
[SEQ 137] [IEEE-BASELINE]
SCORE    : anomaly_score=18.982
DECISION : ALLOW
------------------------------------------------------------
[SEQ 138] [LAYER 0]
CMD      : M104 S220
TRUST    : acc_cmd=0.000 | acc_exec=0.333 | trust=0.082
DECISION : PAUSE
MACHINE  : Machine-3
------------------------------------------------------------
[SEQ 138] [STATIC-BASELINE]
CMD      : M104 | effects={'M': 104.0, 'S': 220.0, 'prev_temp': 200.0}
DECISION : ALLOW
------------------------------------------------------------
[SEQ 138] [IEEE-BASELINE]
SCORE    : anomaly_score=19.083
DECISION : ALLOW
------------------------------------------------------------
[SEQ 139] [LAYER 0]
CMD      : M104 S200
TRUST    : acc_cmd=0.000 | acc_exec=0.333 | trust=0.082
DECISION : PAUSE
MACHINE  : Machine-3
------------------------------------------------------------
[SEQ 139] [STATIC-BASELINE]
CMD      : M104 | effects={'M': 104.0, 'S': 200.0, 'prev_temp': 220.0}
DECISION : ALLOW
------------------------------------------------------------
[SEQ 139] [IEEE-BASELINE]
SCORE    : anomaly_score=19.175
DECISION : ALLOW
------------------------------------------------------------
[SEQ 140] [LAYER 0]
CMD      : M104 S220
TRUST    : acc_cmd=0.000 | acc_exec=0.333 | trust=0.082
DECISION : PAUSE
MACHINE  : Machine-3
------------------------------------------------------------
[SEQ 140] [STATIC-BASELINE]
CMD      : M104 | effects={'M': 104.0, 'S': 220.0, 'prev_temp': 200.0}
DECISION : ALLOW
------------------------------------------------------------
[SEQ 140] [IEEE-BASELINE]
SCORE    : anomaly_score=19.258
DECISION : ALLOW
------------------------------------------------------------
[SEQ 141] [LAYER 0]
CMD      : M104 S200
TRUST    : acc_cmd=0.000 | acc_exec=0.333 | trust=0.082
DECISION : PAUSE
MACHINE  : Machine-3
------------------------------------------------------------
[SEQ 141] [STATIC-BASELINE]
CMD      : M104 | effects={'M': 104.0, 'S': 200.0, 'prev_temp': 220.0}
DECISION : ALLOW
------------------------------------------------------------
[SEQ 141] [IEEE-BASELINE]
SCORE    : anomaly_score=19.332
DECISION : ALLOW
------------------------------------------------------------
[SEQ 142] [LAYER 0]
CMD      : M104 S220
TRUST    : acc_cmd=0.000 | acc_exec=0.333 | trust=0.082
DECISION : PAUSE
MACHINE  : Machine-3
------------------------------------------------------------
[SEQ 142] [STATIC-BASELINE]
CMD      : M104 | effects={'M': 104.0, 'S': 220.0, 'prev_temp': 200.0}
DECISION : ALLOW
------------------------------------------------------------
[SEQ 142] [IEEE-BASELINE]
SCORE    : anomaly_score=19.399
DECISION : ALLOW
------------------------------------------------------------
[SEQ 143] [LAYER 0]
CMD      : M104 S200
TRUST    : acc_cmd=0.000 | acc_exec=0.333 | trust=0.082
DECISION : PAUSE
MACHINE  : Machine-3
------------------------------------------------------------
[SEQ 143] [STATIC-BASELINE]
CMD      : M104 | effects={'M': 104.0, 'S': 200.0, 'prev_temp': 220.0}
DECISION : ALLOW
------------------------------------------------------------
[SEQ 143] [IEEE-BASELINE]
SCORE    : anomaly_score=19.459
DECISION : ALLOW
------------------------------------------------------------
[SEQ 144] [LAYER 0]
CMD      : M104 S220
TRUST    : acc_cmd=0.000 | acc_exec=0.333 | trust=0.082
DECISION : PAUSE
MACHINE  : Machine-3
------------------------------------------------------------
[SEQ 144] [STATIC-BASELINE]
CMD      : M104 | effects={'M': 104.0, 'S': 220.0, 'prev_temp': 200.0}
DECISION : ALLOW
------------------------------------------------------------
[SEQ 144] [IEEE-BASELINE]
SCORE    : anomaly_score=19.513
DECISION : ALLOW
------------------------------------------------------------
[SEQ 145] [LAYER 0]
CMD      : M104 S200
TRUST    : acc_cmd=0.000 | acc_exec=0.333 | trust=0.082
DECISION : PAUSE
MACHINE  : Machine-3
------------------------------------------------------------
[SEQ 145] [STATIC-BASELINE]
CMD      : M104 | effects={'M': 104.0, 'S': 200.0, 'prev_temp': 220.0}
DECISION : ALLOW
------------------------------------------------------------
[SEQ 145] [IEEE-BASELINE]
SCORE    : anomaly_score=19.562
DECISION : ALLOW
------------------------------------------------------------
[SEQ 146] [LAYER 0]
CMD      : M104 S220
TRUST    : acc_cmd=0.000 | acc_exec=0.333 | trust=0.082
DECISION : PAUSE
MACHINE  : Machine-3
------------------------------------------------------------
[SEQ 146] [STATIC-BASELINE]
CMD      : M104 | effects={'M': 104.0, 'S': 220.0, 'prev_temp': 200.0}
DECISION : ALLOW
------------------------------------------------------------
[SEQ 146] [IEEE-BASELINE]
SCORE    : anomaly_score=19.605
DECISION : ALLOW
------------------------------------------------------------
[SEQ 147] [LAYER 0]
CMD      : M104 S200
TRUST    : acc_cmd=0.000 | acc_exec=0.333 | trust=0.082
DECISION : PAUSE
MACHINE  : Machine-3
------------------------------------------------------------
[SEQ 147] [STATIC-BASELINE]
CMD      : M104 | effects={'M': 104.0, 'S': 200.0, 'prev_temp': 220.0}
DECISION : ALLOW
------------------------------------------------------------
[SEQ 147] [IEEE-BASELINE]
SCORE    : anomaly_score=19.645
DECISION : ALLOW
------------------------------------------------------------
[SEQ 148] [LAYER 0]
CMD      : M104 S220
TRUST    : acc_cmd=0.000 | acc_exec=0.333 | trust=0.082
DECISION : PAUSE
MACHINE  : Machine-3
------------------------------------------------------------
[SEQ 148] [STATIC-BASELINE]
CMD      : M104 | effects={'M': 104.0, 'S': 220.0, 'prev_temp': 200.0}
DECISION : ALLOW
------------------------------------------------------------
[SEQ 148] [IEEE-BASELINE]
SCORE    : anomaly_score=19.680
DECISION : ALLOW
------------------------------------------------------------
[SEQ 149] [LAYER 0]
CMD      : M104 S200
TRUST    : acc_cmd=0.000 | acc_exec=0.333 | trust=0.082
DECISION : PAUSE
MACHINE  : Machine-3
------------------------------------------------------------
[SEQ 149] [STATIC-BASELINE]
CMD      : M104 | effects={'M': 104.0, 'S': 200.0, 'prev_temp': 220.0}
DECISION : ALLOW
------------------------------------------------------------
[SEQ 149] [IEEE-BASELINE]
SCORE    : anomaly_score=19.712
DECISION : ALLOW
------------------------------------------------------------
[SEQ 150] [LAYER 0]
CMD      : M104 S220
TRUST    : acc_cmd=0.000 | acc_exec=0.333 | trust=0.082
DECISION : PAUSE
MACHINE  : Machine-3
------------------------------------------------------------
[SEQ 150] [STATIC-BASELINE]
CMD      : M104 | effects={'M': 104.0, 'S': 220.0, 'prev_temp': 200.0}
DECISION : ALLOW
------------------------------------------------------------
[SEQ 150] [IEEE-BASELINE]
SCORE    : anomaly_score=19.741
DECISION : ALLOW
------------------------------------------------------------
[SEQ 151] [LAYER 0]
CMD      : G1 X169.551 Y114.309 E4.10508
TRUST    : acc_cmd=0.000 | acc_exec=1.000 | trust=0.039
DECISION : PAUSE
MACHINE  : Machine-3
------------------------------------------------------------
[SEQ 151] [STATIC-BASELINE]
CMD      : G1 | effects={'dx': 1.8179999999999836, 'dy': 1.4350000000000023, 'dz': 0.0, 'de': 0.9323299999999999, 'xy_dist': 2.3161064310605304, 'params': {'G': 1.0, 'X': 169.551, 'Y': 114.309, 'E': 4.10508}}
DECISION : ALLOW
------------------------------------------------------------
[SEQ 151] [IEEE-BASELINE]
SCORE    : anomaly_score=17.767
DECISION : ALLOW
------------------------------------------------------------
[SEQ 152] [LAYER 0]
CMD      : M104 S200
TRUST    : acc_cmd=0.000 | acc_exec=0.333 | trust=0.031
DECISION : PAUSE
MACHINE  : Machine-3
------------------------------------------------------------
[SEQ 152] [STATIC-BASELINE]
CMD      : M104 | effects={'M': 104.0, 'S': 200.0, 'prev_temp': 220.0}
DECISION : ALLOW
------------------------------------------------------------
[SEQ 152] [IEEE-BASELINE]
SCORE    : anomaly_score=17.990
DECISION : ALLOW
------------------------------------------------------------
[SEQ 153] [LAYER 0]
CMD      : G1 X171.385 Y116.571 E4.15996
TRUST    : acc_cmd=0.000 | acc_exec=0.000 | trust=0.077
DECISION : PAUSE
MACHINE  : Machine-3
------------------------------------------------------------
[SEQ 153] [STATIC-BASELINE]
CMD      : G1 | effects={'dx': 1.8340000000000032, 'dy': 2.2620000000000005, 'dz': 0.0, 'de': 0.05487999999999982, 'xy_dist': 2.912078295650722, 'params': {'G': 1.0, 'X': 171.385, 'Y': 116.571, 'E': 4.15996}}
DECISION : ALLOW
------------------------------------------------------------
[SEQ 153] [IEEE-BASELINE]
SCORE    : anomaly_score=16.191
DECISION : ALLOW
------------------------------------------------------------
[SEQ 154] [LAYER 0]
CMD      : M104 S220
TRUST    : acc_cmd=0.000 | acc_exec=0.333 | trust=0.089
DECISION : PAUSE
MACHINE  : Machine-3
------------------------------------------------------------
[SEQ 154] [STATIC-BASELINE]
CMD      : M104 | effects={'M': 104.0, 'S': 220.0, 'prev_temp': 200.0}
DECISION : ALLOW
------------------------------------------------------------
[SEQ 154] [IEEE-BASELINE]
SCORE    : anomaly_score=16.572
DECISION : ALLOW
------------------------------------------------------------
[SEQ 155] [LAYER 0]
CMD      : M104 S200
TRUST    : acc_cmd=0.000 | acc_exec=0.333 | trust=0.090
DECISION : PAUSE
MACHINE  : Machine-3
------------------------------------------------------------
[SEQ 155] [STATIC-BASELINE]
CMD      : M104 | effects={'M': 104.0, 'S': 200.0, 'prev_temp': 220.0}
DECISION : ALLOW
------------------------------------------------------------
[SEQ 155] [IEEE-BASELINE]
SCORE    : anomaly_score=16.915
DECISION : ALLOW
------------------------------------------------------------
[SEQ 156] [LAYER 0]
CMD      : M104 S220
TRUST    : acc_cmd=0.000 | acc_exec=0.333 | trust=0.088
DECISION : PAUSE
MACHINE  : Machine-3
------------------------------------------------------------
[SEQ 156] [STATIC-BASELINE]
CMD      : M104 | effects={'M': 104.0, 'S': 220.0, 'prev_temp': 200.0}
DECISION : ALLOW
------------------------------------------------------------
[SEQ 156] [IEEE-BASELINE]
SCORE    : anomaly_score=17.223
DECISION : ALLOW
------------------------------------------------------------
[SEQ 157] [LAYER 0]
CMD      : M104 S200
TRUST    : acc_cmd=0.000 | acc_exec=0.333 | trust=0.086
DECISION : PAUSE
MACHINE  : Machine-3
------------------------------------------------------------
[SEQ 157] [STATIC-BASELINE]
CMD      : M104 | effects={'M': 104.0, 'S': 200.0, 'prev_temp': 220.0}
DECISION : ALLOW
------------------------------------------------------------
[SEQ 157] [IEEE-BASELINE]
SCORE    : anomaly_score=17.501
DECISION : ALLOW
------------------------------------------------------------
[SEQ 158] [LAYER 0]
CMD      : M104 S220
TRUST    : acc_cmd=0.000 | acc_exec=0.333 | trust=0.085
DECISION : PAUSE
MACHINE  : Machine-3
------------------------------------------------------------
[SEQ 158] [STATIC-BASELINE]
CMD      : M104 | effects={'M': 104.0, 'S': 220.0, 'prev_temp': 200.0}
DECISION : ALLOW
------------------------------------------------------------
[SEQ 158] [IEEE-BASELINE]
SCORE    : anomaly_score=17.751
DECISION : ALLOW
------------------------------------------------------------
[SEQ 159] [LAYER 0]
CMD      : M104 S200
TRUST    : acc_cmd=0.000 | acc_exec=0.333 | trust=0.084
DECISION : PAUSE
MACHINE  : Machine-3
------------------------------------------------------------
[SEQ 159] [STATIC-BASELINE]
CMD      : M104 | effects={'M': 104.0, 'S': 200.0, 'prev_temp': 220.0}
DECISION : ALLOW
------------------------------------------------------------
[SEQ 159] [IEEE-BASELINE]
SCORE    : anomaly_score=17.976
DECISION : ALLOW
------------------------------------------------------------
[SEQ 160] [LAYER 0]
CMD      : G1 X166.085 Y127.146 E4.41949
TRUST    : acc_cmd=0.000 | acc_exec=0.000 | trust=0.168
DECISION : PAUSE
MACHINE  : Machine-3
------------------------------------------------------------
[SEQ 160] [STATIC-BASELINE]
CMD      : G1 | effects={'dx': -5.299999999999983, 'dy': 10.575000000000003, 'dz': 0.0, 'de': 0.2595299999999998, 'xy_dist': 11.828804884687203, 'params': {'G': 1.0, 'X': 166.085, 'Y': 127.146, 'E': 4.41949}}
DECISION : ALLOW
------------------------------------------------------------
[SEQ 160] [IEEE-BASELINE]
SCORE    : anomaly_score=16.178
DECISION : ALLOW
------------------------------------------------------------
[SEQ 161] [LAYER 0]
CMD      : M104 S220
TRUST    : acc_cmd=0.000 | acc_exec=0.333 | trust=0.158
DECISION : PAUSE
MACHINE  : Machine-3
------------------------------------------------------------
[SEQ 161] [STATIC-BASELINE]
CMD      : M104 | effects={'M': 104.0, 'S': 220.0, 'prev_temp': 200.0}
DECISION : ALLOW
------------------------------------------------------------
[SEQ 161] [IEEE-BASELINE]
SCORE    : anomaly_score=16.560
DECISION : ALLOW
------------------------------------------------------------
[SEQ 162] [LAYER 0]
CMD      : M104 S200
TRUST    : acc_cmd=0.000 | acc_exec=0.333 | trust=0.134
DECISION : PAUSE
MACHINE  : Machine-3
------------------------------------------------------------
[SEQ 162] [STATIC-BASELINE]
CMD      : M104 | effects={'M': 104.0, 'S': 200.0, 'prev_temp': 220.0}
DECISION : ALLOW
------------------------------------------------------------
[SEQ 162] [IEEE-BASELINE]
SCORE    : anomaly_score=16.904
DECISION : ALLOW
------------------------------------------------------------
[SEQ 163] [LAYER 0]
CMD      : M104 S220
TRUST    : acc_cmd=0.000 | acc_exec=0.333 | trust=0.115
DECISION : PAUSE
MACHINE  : Machine-3
------------------------------------------------------------
[SEQ 163] [STATIC-BASELINE]
CMD      : M104 | effects={'M': 104.0, 'S': 220.0, 'prev_temp': 200.0}
DECISION : ALLOW
------------------------------------------------------------
[SEQ 163] [IEEE-BASELINE]
SCORE    : anomaly_score=17.214
DECISION : ALLOW
------------------------------------------------------------
[SEQ 164] [LAYER 0]
CMD      : M104 S200
TRUST    : acc_cmd=0.000 | acc_exec=0.333 | trust=0.102
DECISION : PAUSE
MACHINE  : Machine-3
------------------------------------------------------------
[SEQ 164] [STATIC-BASELINE]
CMD      : M104 | effects={'M': 104.0, 'S': 200.0, 'prev_temp': 220.0}
DECISION : ALLOW
------------------------------------------------------------
[SEQ 164] [IEEE-BASELINE]
SCORE    : anomaly_score=17.493
DECISION : ALLOW
------------------------------------------------------------
[SEQ 165] [LAYER 0]
CMD      : M104 S220
TRUST    : acc_cmd=0.000 | acc_exec=0.333 | trust=0.094
DECISION : PAUSE
MACHINE  : Machine-3
------------------------------------------------------------
[SEQ 165] [STATIC-BASELINE]
CMD      : M104 | effects={'M': 104.0, 'S': 220.0, 'prev_temp': 200.0}
DECISION : ALLOW
------------------------------------------------------------
[SEQ 165] [IEEE-BASELINE]
SCORE    : anomaly_score=17.743
DECISION : ALLOW
------------------------------------------------------------
[SEQ 166] [LAYER 0]
CMD      : M104 S200
TRUST    : acc_cmd=0.000 | acc_exec=0.333 | trust=0.089
DECISION : PAUSE
MACHINE  : Machine-3
------------------------------------------------------------
[SEQ 166] [STATIC-BASELINE]
CMD      : M104 | effects={'M': 104.0, 'S': 200.0, 'prev_temp': 220.0}
DECISION : ALLOW
------------------------------------------------------------
[SEQ 166] [IEEE-BASELINE]
SCORE    : anomaly_score=17.969
DECISION : ALLOW
------------------------------------------------------------
[SEQ 167] [LAYER 0]
CMD      : M104 S220
TRUST    : acc_cmd=0.000 | acc_exec=0.333 | trust=0.086
DECISION : PAUSE
MACHINE  : Machine-3
------------------------------------------------------------
[SEQ 167] [STATIC-BASELINE]
CMD      : M104 | effects={'M': 104.0, 'S': 220.0, 'prev_temp': 200.0}
DECISION : ALLOW
------------------------------------------------------------
[SEQ 167] [IEEE-BASELINE]
SCORE    : anomaly_score=18.172
DECISION : ALLOW
------------------------------------------------------------
[SEQ 168] [LAYER 0]
CMD      : G1 X158.603 Y116.763 E4.71692
TRUST    : acc_cmd=0.000 | acc_exec=0.000 | trust=0.171
DECISION : PAUSE
MACHINE  : Machine-3
------------------------------------------------------------
[SEQ 168] [STATIC-BASELINE]
CMD      : G1 | effects={'dx': -7.481999999999999, 'dy': -10.382999999999996, 'dz': 0.0, 'de': 0.2974300000000003, 'xy_dist': 12.797930027938108, 'params': {'G': 1.0, 'X': 158.603, 'Y': 116.763, 'E': 4.71692}}
DECISION : ALLOW
------------------------------------------------------------
[SEQ 168] [IEEE-BASELINE]
SCORE    : anomaly_score=16.355
DECISION : ALLOW
------------------------------------------------------------
[SEQ 169] [LAYER 0]
CMD      : M104 S200
TRUST    : acc_cmd=0.000 | acc_exec=0.333 | trust=0.159
DECISION : PAUSE
MACHINE  : Machine-3
------------------------------------------------------------
[SEQ 169] [STATIC-BASELINE]
CMD      : M104 | effects={'M': 104.0, 'S': 200.0, 'prev_temp': 220.0}
DECISION : ALLOW
------------------------------------------------------------
[SEQ 169] [IEEE-BASELINE]
SCORE    : anomaly_score=16.719
DECISION : ALLOW
------------------------------------------------------------
[SEQ 170] [LAYER 0]
CMD      : M104 S220
TRUST    : acc_cmd=0.000 | acc_exec=0.333 | trust=0.135
DECISION : PAUSE
MACHINE  : Machine-3
------------------------------------------------------------
[SEQ 170] [STATIC-BASELINE]
CMD      : M104 | effects={'M': 104.0, 'S': 220.0, 'prev_temp': 200.0}
DECISION : ALLOW
------------------------------------------------------------
[SEQ 170] [IEEE-BASELINE]
SCORE    : anomaly_score=17.047
DECISION : ALLOW
------------------------------------------------------------
[SEQ 171] [LAYER 0]
CMD      : M104 S200
TRUST    : acc_cmd=0.000 | acc_exec=0.333 | trust=0.115
DECISION : PAUSE
MACHINE  : Machine-3
------------------------------------------------------------
[SEQ 171] [STATIC-BASELINE]
CMD      : M104 | effects={'M': 104.0, 'S': 200.0, 'prev_temp': 220.0}
DECISION : ALLOW
------------------------------------------------------------
[SEQ 171] [IEEE-BASELINE]
SCORE    : anomaly_score=17.343
DECISION : ALLOW
------------------------------------------------------------
[SEQ 172] [LAYER 0]
CMD      : M104 S220
TRUST    : acc_cmd=0.000 | acc_exec=0.333 | trust=0.102
DECISION : PAUSE
MACHINE  : Machine-3
------------------------------------------------------------
[SEQ 172] [STATIC-BASELINE]
CMD      : M104 | effects={'M': 104.0, 'S': 220.0, 'prev_temp': 200.0}
DECISION : ALLOW
------------------------------------------------------------
[SEQ 172] [IEEE-BASELINE]
SCORE    : anomaly_score=17.608
DECISION : ALLOW
------------------------------------------------------------
[SEQ 173] [LAYER 0]
CMD      : M104 S200
TRUST    : acc_cmd=0.000 | acc_exec=0.333 | trust=0.094
DECISION : PAUSE
MACHINE  : Machine-3
------------------------------------------------------------
[SEQ 173] [STATIC-BASELINE]
CMD      : M104 | effects={'M': 104.0, 'S': 200.0, 'prev_temp': 220.0}
DECISION : ALLOW
------------------------------------------------------------
[SEQ 173] [IEEE-BASELINE]
SCORE    : anomaly_score=17.848
DECISION : ALLOW
------------------------------------------------------------
[SEQ 174] [LAYER 0]
CMD      : M104 S220
TRUST    : acc_cmd=0.000 | acc_exec=0.333 | trust=0.089
DECISION : PAUSE
MACHINE  : Machine-3
------------------------------------------------------------
[SEQ 174] [STATIC-BASELINE]
CMD      : M104 | effects={'M': 104.0, 'S': 220.0, 'prev_temp': 200.0}
DECISION : ALLOW
------------------------------------------------------------
[SEQ 174] [IEEE-BASELINE]
SCORE    : anomaly_score=18.063
DECISION : ALLOW
------------------------------------------------------------
[SEQ 175] [LAYER 0]
CMD      : M104 S200
TRUST    : acc_cmd=0.000 | acc_exec=0.333 | trust=0.086
DECISION : PAUSE
MACHINE  : Machine-3
------------------------------------------------------------
[SEQ 175] [STATIC-BASELINE]
CMD      : M104 | effects={'M': 104.0, 'S': 200.0, 'prev_temp': 220.0}
DECISION : ALLOW
------------------------------------------------------------
[SEQ 175] [IEEE-BASELINE]
SCORE    : anomaly_score=18.257
DECISION : ALLOW
------------------------------------------------------------
[SEQ 176] [LAYER 0]
CMD      : M104 S220
TRUST    : acc_cmd=0.000 | acc_exec=0.333 | trust=0.085
DECISION : PAUSE
MACHINE  : Machine-3
------------------------------------------------------------
[SEQ 176] [STATIC-BASELINE]
CMD      : M104 | effects={'M': 104.0, 'S': 220.0, 'prev_temp': 200.0}
DECISION : ALLOW
------------------------------------------------------------
[SEQ 176] [IEEE-BASELINE]
SCORE    : anomaly_score=18.431
DECISION : ALLOW
------------------------------------------------------------
[SEQ 177] [LAYER 0]
CMD      : M104 S200
TRUST    : acc_cmd=0.000 | acc_exec=0.333 | trust=0.084
DECISION : PAUSE
MACHINE  : Machine-3
------------------------------------------------------------
[SEQ 177] [STATIC-BASELINE]
CMD      : M104 | effects={'M': 104.0, 'S': 200.0, 'prev_temp': 220.0}
DECISION : ALLOW
------------------------------------------------------------
[SEQ 177] [IEEE-BASELINE]
SCORE    : anomaly_score=18.588
DECISION : ALLOW
------------------------------------------------------------
[SEQ 178] [LAYER 0]
CMD      : M104 S220
TRUST    : acc_cmd=0.000 | acc_exec=0.333 | trust=0.083
DECISION : PAUSE
MACHINE  : Machine-3
------------------------------------------------------------
[SEQ 178] [STATIC-BASELINE]
CMD      : M104 | effects={'M': 104.0, 'S': 220.0, 'prev_temp': 200.0}
DECISION : ALLOW
------------------------------------------------------------
[SEQ 178] [IEEE-BASELINE]
SCORE    : anomaly_score=18.729
DECISION : ALLOW
------------------------------------------------------------
[SEQ 179] [LAYER 0]
CMD      : M104 S200
TRUST    : acc_cmd=0.000 | acc_exec=0.333 | trust=0.083
DECISION : PAUSE
MACHINE  : Machine-3
------------------------------------------------------------
[SEQ 179] [STATIC-BASELINE]
CMD      : M104 | effects={'M': 104.0, 'S': 200.0, 'prev_temp': 220.0}
DECISION : ALLOW
------------------------------------------------------------
[SEQ 179] [IEEE-BASELINE]
SCORE    : anomaly_score=18.856
DECISION : ALLOW
------------------------------------------------------------
[SEQ 180] [LAYER 0]
CMD      : M104 S220
TRUST    : acc_cmd=0.000 | acc_exec=0.333 | trust=0.082
DECISION : PAUSE
MACHINE  : Machine-3
------------------------------------------------------------
[SEQ 180] [STATIC-BASELINE]
CMD      : M104 | effects={'M': 104.0, 'S': 220.0, 'prev_temp': 200.0}
DECISION : ALLOW
------------------------------------------------------------
[SEQ 180] [IEEE-BASELINE]
SCORE    : anomaly_score=18.971
DECISION : ALLOW
------------------------------------------------------------
[SEQ 181] [LAYER 0]
CMD      : M104 S200
TRUST    : acc_cmd=0.000 | acc_exec=0.333 | trust=0.082
DECISION : PAUSE
MACHINE  : Machine-3
------------------------------------------------------------
[SEQ 181] [STATIC-BASELINE]
CMD      : M104 | effects={'M': 104.0, 'S': 200.0, 'prev_temp': 220.0}
DECISION : ALLOW
------------------------------------------------------------
[SEQ 181] [IEEE-BASELINE]
SCORE    : anomaly_score=19.073
DECISION : ALLOW
------------------------------------------------------------
[SEQ 182] [LAYER 0]
CMD      : M104 S220
TRUST    : acc_cmd=0.000 | acc_exec=0.333 | trust=0.082
DECISION : PAUSE
MACHINE  : Machine-3
------------------------------------------------------------
[SEQ 182] [STATIC-BASELINE]
CMD      : M104 | effects={'M': 104.0, 'S': 220.0, 'prev_temp': 200.0}
DECISION : ALLOW
------------------------------------------------------------
[SEQ 182] [IEEE-BASELINE]
SCORE    : anomaly_score=19.166
DECISION : ALLOW
------------------------------------------------------------
[SEQ 183] [LAYER 0]
CMD      : M104 S200
TRUST    : acc_cmd=0.000 | acc_exec=0.333 | trust=0.082
DECISION : PAUSE
MACHINE  : Machine-3
------------------------------------------------------------
[SEQ 183] [STATIC-BASELINE]
CMD      : M104 | effects={'M': 104.0, 'S': 200.0, 'prev_temp': 220.0}
DECISION : ALLOW
------------------------------------------------------------
[SEQ 183] [IEEE-BASELINE]
SCORE    : anomaly_score=19.250
DECISION : ALLOW
------------------------------------------------------------
[SEQ 184] [LAYER 0]
CMD      : M104 S220
TRUST    : acc_cmd=0.000 | acc_exec=0.333 | trust=0.082
DECISION : PAUSE
MACHINE  : Machine-3
------------------------------------------------------------
[SEQ 184] [STATIC-BASELINE]
CMD      : M104 | effects={'M': 104.0, 'S': 220.0, 'prev_temp': 200.0}
DECISION : ALLOW
------------------------------------------------------------
[SEQ 184] [IEEE-BASELINE]
SCORE    : anomaly_score=19.325
DECISION : ALLOW
------------------------------------------------------------
[SEQ 185] [LAYER 0]
CMD      : M104 S200
TRUST    : acc_cmd=0.000 | acc_exec=0.333 | trust=0.082
DECISION : PAUSE
MACHINE  : Machine-3
------------------------------------------------------------
[SEQ 185] [STATIC-BASELINE]
CMD      : M104 | effects={'M': 104.0, 'S': 200.0, 'prev_temp': 220.0}
DECISION : ALLOW
------------------------------------------------------------
[SEQ 185] [IEEE-BASELINE]
SCORE    : anomaly_score=19.392
DECISION : ALLOW
------------------------------------------------------------
[SEQ 186] [LAYER 0]
CMD      : M104 S220
TRUST    : acc_cmd=0.000 | acc_exec=0.333 | trust=0.082
DECISION : PAUSE
MACHINE  : Machine-3
------------------------------------------------------------
[SEQ 186] [STATIC-BASELINE]
CMD      : M104 | effects={'M': 104.0, 'S': 220.0, 'prev_temp': 200.0}
DECISION : ALLOW
------------------------------------------------------------
[SEQ 186] [IEEE-BASELINE]
SCORE    : anomaly_score=19.453
DECISION : ALLOW
------------------------------------------------------------
[SEQ 187] [LAYER 0]
CMD      : M104 S200
TRUST    : acc_cmd=0.000 | acc_exec=0.333 | trust=0.082
DECISION : PAUSE
MACHINE  : Machine-3
------------------------------------------------------------
[SEQ 187] [STATIC-BASELINE]
CMD      : M104 | effects={'M': 104.0, 'S': 200.0, 'prev_temp': 220.0}
DECISION : ALLOW
------------------------------------------------------------
[SEQ 187] [IEEE-BASELINE]
SCORE    : anomaly_score=19.508
DECISION : ALLOW
------------------------------------------------------------
[SEQ 188] [LAYER 0]
CMD      : M104 S220
TRUST    : acc_cmd=0.000 | acc_exec=0.333 | trust=0.082
DECISION : PAUSE
MACHINE  : Machine-3
------------------------------------------------------------
[SEQ 188] [STATIC-BASELINE]
CMD      : M104 | effects={'M': 104.0, 'S': 220.0, 'prev_temp': 200.0}
DECISION : ALLOW
------------------------------------------------------------
[SEQ 188] [IEEE-BASELINE]
SCORE    : anomaly_score=19.557
DECISION : ALLOW
------------------------------------------------------------
[SEQ 189] [LAYER 0]
CMD      : M104 S200
TRUST    : acc_cmd=0.000 | acc_exec=0.333 | trust=0.082
DECISION : PAUSE
MACHINE  : Machine-3
------------------------------------------------------------
[SEQ 189] [STATIC-BASELINE]
CMD      : M104 | effects={'M': 104.0, 'S': 200.0, 'prev_temp': 220.0}
DECISION : ALLOW
------------------------------------------------------------
[SEQ 189] [IEEE-BASELINE]
SCORE    : anomaly_score=19.601
DECISION : ALLOW
------------------------------------------------------------
[SEQ 190] [LAYER 0]
CMD      : M104 S220
TRUST    : acc_cmd=0.000 | acc_exec=0.333 | trust=0.082
DECISION : PAUSE
MACHINE  : Machine-3
------------------------------------------------------------
[SEQ 190] [STATIC-BASELINE]
CMD      : M104 | effects={'M': 104.0, 'S': 220.0, 'prev_temp': 200.0}
DECISION : ALLOW
------------------------------------------------------------
[SEQ 190] [IEEE-BASELINE]
SCORE    : anomaly_score=19.641
DECISION : ALLOW
------------------------------------------------------------
[SEQ 191] [LAYER 0]
CMD      : M104 S200
TRUST    : acc_cmd=0.000 | acc_exec=0.333 | trust=0.082
DECISION : PAUSE
MACHINE  : Machine-3
------------------------------------------------------------
[SEQ 191] [STATIC-BASELINE]
CMD      : M104 | effects={'M': 104.0, 'S': 200.0, 'prev_temp': 220.0}
DECISION : ALLOW
------------------------------------------------------------
[SEQ 191] [IEEE-BASELINE]
SCORE    : anomaly_score=19.677
DECISION : ALLOW
------------------------------------------------------------
[SEQ 192] [LAYER 0]
CMD      : M104 S220
TRUST    : acc_cmd=0.000 | acc_exec=0.333 | trust=0.082
DECISION : PAUSE
MACHINE  : Machine-3
------------------------------------------------------------
[SEQ 192] [STATIC-BASELINE]
CMD      : M104 | effects={'M': 104.0, 'S': 220.0, 'prev_temp': 200.0}
DECISION : ALLOW
------------------------------------------------------------
[SEQ 192] [IEEE-BASELINE]
SCORE    : anomaly_score=19.709
DECISION : ALLOW
------------------------------------------------------------
[SEQ 193] [LAYER 0]
CMD      : M104 S200
TRUST    : acc_cmd=0.000 | acc_exec=0.333 | trust=0.082
DECISION : PAUSE
MACHINE  : Machine-3
------------------------------------------------------------
[SEQ 193] [STATIC-BASELINE]
CMD      : M104 | effects={'M': 104.0, 'S': 200.0, 'prev_temp': 220.0}
DECISION : ALLOW
------------------------------------------------------------
[SEQ 193] [IEEE-BASELINE]
SCORE    : anomaly_score=19.738
DECISION : ALLOW
------------------------------------------------------------
[SEQ 194] [LAYER 0]
CMD      : G1 X158.951 Y116.961 E5.52293
TRUST    : acc_cmd=0.000 | acc_exec=1.000 | trust=0.039
DECISION : PAUSE
MACHINE  : Machine-3
------------------------------------------------------------
[SEQ 194] [STATIC-BASELINE]
CMD      : G1 | effects={'dx': 0.34799999999998477, 'dy': 0.1979999999999933, 'dz': 0.0, 'de': 0.8060099999999997, 'xy_dist': 0.40038481489685235, 'params': {'G': 1.0, 'X': 158.951, 'Y': 116.961, 'E': 5.52293}}
DECISION : ALLOW
------------------------------------------------------------
[SEQ 194] [IEEE-BASELINE]
SCORE    : anomaly_score=40.341
DECISION : ALLOW
------------------------------------------------------------
[SEQ 195] [LAYER 0]
CMD      : M104 S220
TRUST    : acc_cmd=0.000 | acc_exec=0.333 | trust=0.031
DECISION : PAUSE
MACHINE  : Machine-3
------------------------------------------------------------
[SEQ 195] [STATIC-BASELINE]
CMD      : M104 | effects={'M': 104.0, 'S': 220.0, 'prev_temp': 200.0}
DECISION : ALLOW
------------------------------------------------------------
[SEQ 195] [IEEE-BASELINE]
SCORE    : anomaly_score=38.307
DECISION : ALLOW
------------------------------------------------------------
[SEQ 196] [LAYER 0]
CMD      : M104 S200
TRUST    : acc_cmd=0.000 | acc_exec=0.333 | trust=0.036
DECISION : PAUSE
MACHINE  : Machine-3
------------------------------------------------------------
[SEQ 196] [STATIC-BASELINE]
CMD      : M104 | effects={'M': 104.0, 'S': 200.0, 'prev_temp': 220.0}
DECISION : ALLOW
------------------------------------------------------------
[SEQ 196] [IEEE-BASELINE]
SCORE    : anomaly_score=36.476
DECISION : ALLOW
------------------------------------------------------------
[SEQ 197] [LAYER 0]
CMD      : M104 S220
TRUST    : acc_cmd=0.000 | acc_exec=0.333 | trust=0.046
DECISION : PAUSE
MACHINE  : Machine-3
------------------------------------------------------------
[SEQ 197] [STATIC-BASELINE]
CMD      : M104 | effects={'M': 104.0, 'S': 220.0, 'prev_temp': 200.0}
DECISION : ALLOW
------------------------------------------------------------
[SEQ 197] [IEEE-BASELINE]
SCORE    : anomaly_score=34.828
DECISION : ALLOW
------------------------------------------------------------
[SEQ 198] [LAYER 0]
CMD      : M104 S200
TRUST    : acc_cmd=0.000 | acc_exec=0.333 | trust=0.057
DECISION : PAUSE
MACHINE  : Machine-3
------------------------------------------------------------
[SEQ 198] [STATIC-BASELINE]
CMD      : M104 | effects={'M': 104.0, 'S': 200.0, 'prev_temp': 220.0}
DECISION : ALLOW
------------------------------------------------------------
[SEQ 198] [IEEE-BASELINE]
SCORE    : anomaly_score=33.346
DECISION : ALLOW
------------------------------------------------------------
[SEQ 199] [LAYER 0]
CMD      : M104 S220
TRUST    : acc_cmd=0.000 | acc_exec=0.333 | trust=0.065
DECISION : PAUSE
MACHINE  : Machine-3
------------------------------------------------------------
[SEQ 199] [STATIC-BASELINE]
CMD      : M104 | effects={'M': 104.0, 'S': 220.0, 'prev_temp': 200.0}
DECISION : ALLOW
------------------------------------------------------------
[SEQ 199] [IEEE-BASELINE]
SCORE    : anomaly_score=32.011
DECISION : ALLOW
------------------------------------------------------------
[SEQ 200] [LAYER 0]
CMD      : M104 S200
TRUST    : acc_cmd=0.000 | acc_exec=0.333 | trust=0.071
DECISION : PAUSE
MACHINE  : Machine-3
------------------------------------------------------------
[SEQ 200] [STATIC-BASELINE]
CMD      : M104 | effects={'M': 104.0, 'S': 200.0, 'prev_temp': 220.0}
DECISION : ALLOW
------------------------------------------------------------
[SEQ 200] [IEEE-BASELINE]
SCORE    : anomaly_score=30.810
DECISION : ALLOW
------------------------------------------------------------
[SEQ 201] [LAYER 0]
CMD      : M104 S220
TRUST    : acc_cmd=0.000 | acc_exec=0.333 | trust=0.075
DECISION : PAUSE
MACHINE  : Machine-3
------------------------------------------------------------
[SEQ 201] [STATIC-BASELINE]
CMD      : M104 | effects={'M': 104.0, 'S': 220.0, 'prev_temp': 200.0}
DECISION : ALLOW
------------------------------------------------------------
[SEQ 201] [IEEE-BASELINE]
SCORE    : anomaly_score=29.729
DECISION : ALLOW
------------------------------------------------------------
[SEQ 202] [LAYER 0]
CMD      : M104 S200
TRUST    : acc_cmd=0.000 | acc_exec=0.333 | trust=0.078
DECISION : PAUSE
MACHINE  : Machine-3
------------------------------------------------------------
[SEQ 202] [STATIC-BASELINE]
CMD      : M104 | effects={'M': 104.0, 'S': 200.0, 'prev_temp': 220.0}
DECISION : ALLOW
------------------------------------------------------------
[SEQ 202] [IEEE-BASELINE]
SCORE    : anomaly_score=28.756
DECISION : ALLOW
------------------------------------------------------------
[SEQ 203] [LAYER 0]
CMD      : M104 S220
TRUST    : acc_cmd=0.000 | acc_exec=0.333 | trust=0.079
DECISION : PAUSE
MACHINE  : Machine-3
------------------------------------------------------------
[SEQ 203] [STATIC-BASELINE]
CMD      : M104 | effects={'M': 104.0, 'S': 220.0, 'prev_temp': 200.0}
DECISION : ALLOW
------------------------------------------------------------
[SEQ 203] [IEEE-BASELINE]
SCORE    : anomaly_score=27.880
DECISION : ALLOW
------------------------------------------------------------
[SEQ 204] [LAYER 0]
CMD      : G1 X170.51 Y116.656 E5.78091
TRUST    : acc_cmd=0.000 | acc_exec=0.000 | trust=0.164
DECISION : PAUSE
MACHINE  : Machine-3
------------------------------------------------------------
[SEQ 204] [STATIC-BASELINE]
CMD      : G1 | effects={'dx': 11.558999999999997, 'dy': -0.3049999999999926, 'dz': 0.0, 'de': 0.25798000000000076, 'xy_dist': 11.563023220594168, 'params': {'G': 1.0, 'X': 170.51, 'Y': 116.656, 'E': 5.78091}}
DECISION : ALLOW
------------------------------------------------------------
[SEQ 204] [IEEE-BASELINE]
SCORE    : anomaly_score=25.092
DECISION : ALLOW
------------------------------------------------------------
[SEQ 205] [LAYER 0]
CMD      : M104 S200
TRUST    : acc_cmd=0.000 | acc_exec=0.333 | trust=0.155
DECISION : PAUSE
MACHINE  : Machine-3
------------------------------------------------------------
[SEQ 205] [STATIC-BASELINE]
CMD      : M104 | effects={'M': 104.0, 'S': 200.0, 'prev_temp': 220.0}
DECISION : ALLOW
------------------------------------------------------------
[SEQ 205] [IEEE-BASELINE]
SCORE    : anomaly_score=24.583
DECISION : ALLOW
------------------------------------------------------------
[SEQ 206] [LAYER 0]
CMD      : M104 S220
TRUST    : acc_cmd=0.000 | acc_exec=0.333 | trust=0.132
DECISION : PAUSE
MACHINE  : Machine-3
------------------------------------------------------------
[SEQ 206] [STATIC-BASELINE]
CMD      : M104 | effects={'M': 104.0, 'S': 220.0, 'prev_temp': 200.0}
DECISION : ALLOW
------------------------------------------------------------
[SEQ 206] [IEEE-BASELINE]
SCORE    : anomaly_score=24.125
DECISION : ALLOW
------------------------------------------------------------
[SEQ 207] [LAYER 0]
CMD      : M104 S200
TRUST    : acc_cmd=0.000 | acc_exec=0.333 | trust=0.114
DECISION : PAUSE
MACHINE  : Machine-3
------------------------------------------------------------
[SEQ 207] [STATIC-BASELINE]
CMD      : M104 | effects={'M': 104.0, 'S': 200.0, 'prev_temp': 220.0}
DECISION : ALLOW
------------------------------------------------------------
[SEQ 207] [IEEE-BASELINE]
SCORE    : anomaly_score=23.712
DECISION : ALLOW
------------------------------------------------------------
[SEQ 208] [LAYER 0]
CMD      : M104 S220
TRUST    : acc_cmd=0.000 | acc_exec=0.333 | trust=0.102
DECISION : PAUSE
MACHINE  : Machine-3
------------------------------------------------------------
[SEQ 208] [STATIC-BASELINE]
CMD      : M104 | effects={'M': 104.0, 'S': 220.0, 'prev_temp': 200.0}
DECISION : ALLOW
------------------------------------------------------------
[SEQ 208] [IEEE-BASELINE]
SCORE    : anomaly_score=23.341
DECISION : ALLOW
------------------------------------------------------------
[SEQ 209] [LAYER 0]
CMD      : G1 X169.883 Y124.181 E5.93221
TRUST    : acc_cmd=0.000 | acc_exec=0.000 | trust=0.185
DECISION : PAUSE
MACHINE  : Machine-3
------------------------------------------------------------
[SEQ 209] [STATIC-BASELINE]
CMD      : G1 | effects={'dx': -0.6269999999999811, 'dy': 7.5249999999999915, 'dz': 0.0, 'de': 0.1513, 'xy_dist': 7.551076347117664, 'params': {'G': 1.0, 'X': 169.883, 'Y': 124.181, 'E': 5.93221}}
DECISION : ALLOW
------------------------------------------------------------
[SEQ 209] [IEEE-BASELINE]
SCORE    : anomaly_score=21.007
DECISION : ALLOW
------------------------------------------------------------
[SEQ 210] [LAYER 0]
CMD      : M104 S200
TRUST    : acc_cmd=0.000 | acc_exec=0.333 | trust=0.168
DECISION : PAUSE
MACHINE  : Machine-3
------------------------------------------------------------
[SEQ 210] [STATIC-BASELINE]
CMD      : M104 | effects={'M': 104.0, 'S': 200.0, 'prev_temp': 220.0}
DECISION : ALLOW
------------------------------------------------------------
[SEQ 210] [IEEE-BASELINE]
SCORE    : anomaly_score=20.906
DECISION : ALLOW
------------------------------------------------------------
[SEQ 211] [LAYER 0]
CMD      : M104 S220
TRUST    : acc_cmd=0.000 | acc_exec=0.333 | trust=0.140
DECISION : PAUSE
MACHINE  : Machine-3
------------------------------------------------------------
[SEQ 211] [STATIC-BASELINE]
CMD      : M104 | effects={'M': 104.0, 'S': 220.0, 'prev_temp': 200.0}
DECISION : ALLOW
------------------------------------------------------------
[SEQ 211] [IEEE-BASELINE]
SCORE    : anomaly_score=20.816
DECISION : ALLOW
------------------------------------------------------------
[SEQ 212] [LAYER 0]
CMD      : M104 S200
TRUST    : acc_cmd=0.000 | acc_exec=0.333 | trust=0.118
DECISION : PAUSE
MACHINE  : Machine-3
------------------------------------------------------------
[SEQ 212] [STATIC-BASELINE]
CMD      : M104 | effects={'M': 104.0, 'S': 200.0, 'prev_temp': 220.0}
DECISION : ALLOW
------------------------------------------------------------
[SEQ 212] [IEEE-BASELINE]
SCORE    : anomaly_score=20.734
DECISION : ALLOW
------------------------------------------------------------
[SEQ 213] [LAYER 0]
CMD      : M104 S220
TRUST    : acc_cmd=0.000 | acc_exec=0.333 | trust=0.104
DECISION : PAUSE
MACHINE  : Machine-3
------------------------------------------------------------
[SEQ 213] [STATIC-BASELINE]
CMD      : M104 | effects={'M': 104.0, 'S': 220.0, 'prev_temp': 200.0}
DECISION : ALLOW
------------------------------------------------------------
[SEQ 213] [IEEE-BASELINE]
SCORE    : anomaly_score=20.661
DECISION : ALLOW
------------------------------------------------------------
[SEQ 214] [LAYER 0]
CMD      : M104 S200
TRUST    : acc_cmd=0.000 | acc_exec=0.333 | trust=0.095
DECISION : PAUSE
MACHINE  : Machine-3
------------------------------------------------------------
[SEQ 214] [STATIC-BASELINE]
CMD      : M104 | effects={'M': 104.0, 'S': 200.0, 'prev_temp': 220.0}
DECISION : ALLOW
------------------------------------------------------------
[SEQ 214] [IEEE-BASELINE]
SCORE    : anomaly_score=20.595
DECISION : ALLOW
------------------------------------------------------------
[SEQ 215] [LAYER 0]
CMD      : M104 S220
TRUST    : acc_cmd=0.000 | acc_exec=0.333 | trust=0.090
DECISION : PAUSE
MACHINE  : Machine-3
------------------------------------------------------------
[SEQ 215] [STATIC-BASELINE]
CMD      : M104 | effects={'M': 104.0, 'S': 220.0, 'prev_temp': 200.0}
DECISION : ALLOW
------------------------------------------------------------
[SEQ 215] [IEEE-BASELINE]
SCORE    : anomaly_score=20.535
DECISION : ALLOW
------------------------------------------------------------
[SEQ 216] [LAYER 0]
CMD      : M104 S200
TRUST    : acc_cmd=0.000 | acc_exec=0.333 | trust=0.087
DECISION : PAUSE
MACHINE  : Machine-3
------------------------------------------------------------
[SEQ 216] [STATIC-BASELINE]
CMD      : M104 | effects={'M': 104.0, 'S': 200.0, 'prev_temp': 220.0}
DECISION : ALLOW
------------------------------------------------------------
[SEQ 216] [IEEE-BASELINE]
SCORE    : anomaly_score=20.482
DECISION : ALLOW
------------------------------------------------------------
[SEQ 217] [LAYER 0]
CMD      : M104 S220
TRUST    : acc_cmd=0.000 | acc_exec=0.333 | trust=0.085
DECISION : PAUSE
MACHINE  : Machine-3
------------------------------------------------------------
[SEQ 217] [STATIC-BASELINE]
CMD      : M104 | effects={'M': 104.0, 'S': 220.0, 'prev_temp': 200.0}
DECISION : ALLOW
------------------------------------------------------------
[SEQ 217] [IEEE-BASELINE]
SCORE    : anomaly_score=20.433
DECISION : ALLOW
------------------------------------------------------------
[SEQ 218] [LAYER 0]
CMD      : M104 S200
TRUST    : acc_cmd=0.000 | acc_exec=0.333 | trust=0.084
DECISION : PAUSE
MACHINE  : Machine-3
------------------------------------------------------------
[SEQ 218] [STATIC-BASELINE]
CMD      : M104 | effects={'M': 104.0, 'S': 200.0, 'prev_temp': 220.0}
DECISION : ALLOW
------------------------------------------------------------
[SEQ 218] [IEEE-BASELINE]
SCORE    : anomaly_score=20.390
DECISION : ALLOW
------------------------------------------------------------
[SEQ 219] [LAYER 0]
CMD      : M104 S220
TRUST    : acc_cmd=0.000 | acc_exec=0.333 | trust=0.083
DECISION : PAUSE
MACHINE  : Machine-3
------------------------------------------------------------
[SEQ 219] [STATIC-BASELINE]
CMD      : M104 | effects={'M': 104.0, 'S': 220.0, 'prev_temp': 200.0}
DECISION : ALLOW
------------------------------------------------------------
[SEQ 219] [IEEE-BASELINE]
SCORE    : anomaly_score=20.351
DECISION : ALLOW
------------------------------------------------------------
[SEQ 220] [LAYER 0]
CMD      : M104 S200
TRUST    : acc_cmd=0.000 | acc_exec=0.333 | trust=0.083
DECISION : PAUSE
MACHINE  : Machine-3
------------------------------------------------------------
[SEQ 220] [STATIC-BASELINE]
CMD      : M104 | effects={'M': 104.0, 'S': 200.0, 'prev_temp': 220.0}
DECISION : ALLOW
------------------------------------------------------------
[SEQ 220] [IEEE-BASELINE]
SCORE    : anomaly_score=20.316
DECISION : ALLOW
------------------------------------------------------------
[SEQ 221] [LAYER 0]
CMD      : M104 S220
TRUST    : acc_cmd=0.000 | acc_exec=0.333 | trust=0.082
DECISION : PAUSE
MACHINE  : Machine-3
------------------------------------------------------------
[SEQ 221] [STATIC-BASELINE]
CMD      : M104 | effects={'M': 104.0, 'S': 220.0, 'prev_temp': 200.0}
DECISION : ALLOW
------------------------------------------------------------
[SEQ 221] [IEEE-BASELINE]
SCORE    : anomaly_score=20.284
DECISION : ALLOW
------------------------------------------------------------
[SEQ 222] [LAYER 0]
CMD      : M104 S200
TRUST    : acc_cmd=0.000 | acc_exec=0.333 | trust=0.082
DECISION : PAUSE
MACHINE  : Machine-3
------------------------------------------------------------
[SEQ 222] [STATIC-BASELINE]
CMD      : M104 | effects={'M': 104.0, 'S': 200.0, 'prev_temp': 220.0}
DECISION : ALLOW
------------------------------------------------------------
[SEQ 222] [IEEE-BASELINE]
SCORE    : anomaly_score=20.256
DECISION : ALLOW
------------------------------------------------------------
[SEQ 223] [LAYER 0]
CMD      : M104 S220
TRUST    : acc_cmd=0.000 | acc_exec=0.333 | trust=0.082
DECISION : PAUSE
MACHINE  : Machine-3
------------------------------------------------------------
[SEQ 223] [STATIC-BASELINE]
CMD      : M104 | effects={'M': 104.0, 'S': 220.0, 'prev_temp': 200.0}
DECISION : ALLOW
------------------------------------------------------------
[SEQ 223] [IEEE-BASELINE]
SCORE    : anomaly_score=20.230
DECISION : ALLOW
------------------------------------------------------------
[SEQ 224] [LAYER 0]
CMD      : M104 S200
TRUST    : acc_cmd=0.000 | acc_exec=0.333 | trust=0.082
DECISION : PAUSE
MACHINE  : Machine-3
------------------------------------------------------------
[SEQ 224] [STATIC-BASELINE]
CMD      : M104 | effects={'M': 104.0, 'S': 200.0, 'prev_temp': 220.0}
DECISION : ALLOW
------------------------------------------------------------
[SEQ 224] [IEEE-BASELINE]
SCORE    : anomaly_score=20.207
DECISION : ALLOW
------------------------------------------------------------
[SEQ 225] [LAYER 0]
CMD      : M104 S220
TRUST    : acc_cmd=0.000 | acc_exec=0.333 | trust=0.082
DECISION : PAUSE
MACHINE  : Machine-3
------------------------------------------------------------
[SEQ 225] [STATIC-BASELINE]
CMD      : M104 | effects={'M': 104.0, 'S': 220.0, 'prev_temp': 200.0}
DECISION : ALLOW
------------------------------------------------------------
[SEQ 225] [IEEE-BASELINE]
SCORE    : anomaly_score=20.187
DECISION : ALLOW
------------------------------------------------------------
[SEQ 226] [LAYER 0]
CMD      : G1 X164.053 Y114.054 E6.38995
TRUST    : acc_cmd=0.000 | acc_exec=0.000 | trust=0.167
DECISION : PAUSE
MACHINE  : Machine-3
------------------------------------------------------------
[SEQ 226] [STATIC-BASELINE]
CMD      : G1 | effects={'dx': -5.8300000000000125, 'dy': -10.126999999999995, 'dz': 0.0, 'de': 0.45773999999999937, 'xy_dist': 11.685248349949608, 'params': {'G': 1.0, 'X': 164.053, 'Y': 114.054, 'E': 6.38995}}
DECISION : ALLOW
------------------------------------------------------------
[SEQ 226] [IEEE-BASELINE]
SCORE    : anomaly_score=18.168
DECISION : ALLOW
------------------------------------------------------------
[SEQ 227] [LAYER 0]
CMD      : M104 S200
TRUST    : acc_cmd=0.000 | acc_exec=0.333 | trust=0.156
DECISION : PAUSE
MACHINE  : Machine-3
------------------------------------------------------------
[SEQ 227] [STATIC-BASELINE]
CMD      : M104 | effects={'M': 104.0, 'S': 200.0, 'prev_temp': 220.0}
DECISION : ALLOW
------------------------------------------------------------
[SEQ 227] [IEEE-BASELINE]
SCORE    : anomaly_score=18.351
DECISION : ALLOW
------------------------------------------------------------
[SEQ 228] [LAYER 0]
CMD      : M104 S220
TRUST    : acc_cmd=0.000 | acc_exec=0.333 | trust=0.133
DECISION : PAUSE
MACHINE  : Machine-3
------------------------------------------------------------
[SEQ 228] [STATIC-BASELINE]
CMD      : M104 | effects={'M': 104.0, 'S': 220.0, 'prev_temp': 200.0}
DECISION : ALLOW
------------------------------------------------------------
[SEQ 228] [IEEE-BASELINE]
SCORE    : anomaly_score=18.516
DECISION : ALLOW
------------------------------------------------------------
[SEQ 229] [LAYER 0]
CMD      : M104 S200
TRUST    : acc_cmd=0.000 | acc_exec=0.333 | trust=0.114
DECISION : PAUSE
MACHINE  : Machine-3
------------------------------------------------------------
[SEQ 229] [STATIC-BASELINE]
CMD      : M104 | effects={'M': 104.0, 'S': 200.0, 'prev_temp': 220.0}
DECISION : ALLOW
------------------------------------------------------------
[SEQ 229] [IEEE-BASELINE]
SCORE    : anomaly_score=18.664
DECISION : ALLOW
------------------------------------------------------------
[SEQ 230] [LAYER 0]
CMD      : G1 X170.206 Y116.916 E6.52498
TRUST    : acc_cmd=0.000 | acc_exec=0.000 | trust=0.198
DECISION : PAUSE
MACHINE  : Machine-3
------------------------------------------------------------
[SEQ 230] [STATIC-BASELINE]
CMD      : G1 | effects={'dx': 6.152999999999992, 'dy': 2.8619999999999948, 'dz': 0.0, 'de': 0.13503000000000043, 'xy_dist': 6.786048408315392, 'params': {'G': 1.0, 'X': 170.206, 'Y': 116.916, 'E': 6.52498}}
DECISION : ALLOW
------------------------------------------------------------
[SEQ 230] [IEEE-BASELINE]
SCORE    : anomaly_score=16.798
DECISION : ALLOW
------------------------------------------------------------
[SEQ 231] [LAYER 0]
CMD      : M104 S220
TRUST    : acc_cmd=0.000 | acc_exec=0.333 | trust=0.176
DECISION : PAUSE
MACHINE  : Machine-3
------------------------------------------------------------
[SEQ 231] [STATIC-BASELINE]
CMD      : M104 | effects={'M': 104.0, 'S': 220.0, 'prev_temp': 200.0}
DECISION : ALLOW
------------------------------------------------------------
[SEQ 231] [IEEE-BASELINE]
SCORE    : anomaly_score=17.118
DECISION : ALLOW
------------------------------------------------------------
[SEQ 232] [LAYER 0]
CMD      : M104 S200
TRUST    : acc_cmd=0.000 | acc_exec=0.333 | trust=0.144
DECISION : PAUSE
MACHINE  : Machine-3
------------------------------------------------------------
[SEQ 232] [STATIC-BASELINE]
CMD      : M104 | effects={'M': 104.0, 'S': 200.0, 'prev_temp': 220.0}
DECISION : ALLOW
------------------------------------------------------------
[SEQ 232] [IEEE-BASELINE]
SCORE    : anomaly_score=17.406
DECISION : ALLOW
------------------------------------------------------------
[SEQ 233] [LAYER 0]
CMD      : M104 S220
TRUST    : acc_cmd=0.000 | acc_exec=0.333 | trust=0.121
DECISION : PAUSE
MACHINE  : Machine-3
------------------------------------------------------------
[SEQ 233] [STATIC-BASELINE]
CMD      : M104 | effects={'M': 104.0, 'S': 220.0, 'prev_temp': 200.0}
DECISION : ALLOW
------------------------------------------------------------
[SEQ 233] [IEEE-BASELINE]
SCORE    : anomaly_score=17.666
DECISION : ALLOW
------------------------------------------------------------
[SEQ 234] [LAYER 0]
CMD      : M104 S200
TRUST    : acc_cmd=0.000 | acc_exec=0.333 | trust=0.105
DECISION : PAUSE
MACHINE  : Machine-3
------------------------------------------------------------
[SEQ 234] [STATIC-BASELINE]
CMD      : M104 | effects={'M': 104.0, 'S': 200.0, 'prev_temp': 220.0}
DECISION : ALLOW
------------------------------------------------------------
[SEQ 234] [IEEE-BASELINE]
SCORE    : anomaly_score=17.899
DECISION : ALLOW
------------------------------------------------------------
[SEQ 235] [LAYER 0]
CMD      : M104 S220
TRUST    : acc_cmd=0.000 | acc_exec=0.333 | trust=0.096
DECISION : PAUSE
MACHINE  : Machine-3
------------------------------------------------------------
[SEQ 235] [STATIC-BASELINE]
CMD      : M104 | effects={'M': 104.0, 'S': 220.0, 'prev_temp': 200.0}
DECISION : ALLOW
------------------------------------------------------------
[SEQ 235] [IEEE-BASELINE]
SCORE    : anomaly_score=18.109
DECISION : ALLOW
------------------------------------------------------------
[SEQ 236] [LAYER 0]
CMD      : M104 S200
TRUST    : acc_cmd=0.000 | acc_exec=0.333 | trust=0.090
DECISION : PAUSE
MACHINE  : Machine-3
------------------------------------------------------------
[SEQ 236] [STATIC-BASELINE]
CMD      : M104 | effects={'M': 104.0, 'S': 200.0, 'prev_temp': 220.0}
DECISION : ALLOW
------------------------------------------------------------
[SEQ 236] [IEEE-BASELINE]
SCORE    : anomaly_score=18.298
DECISION : ALLOW
------------------------------------------------------------
[SEQ 237] [LAYER 0]
CMD      : M104 S220
TRUST    : acc_cmd=0.000 | acc_exec=0.333 | trust=0.087
DECISION : PAUSE
MACHINE  : Machine-3
------------------------------------------------------------
[SEQ 237] [STATIC-BASELINE]
CMD      : M104 | effects={'M': 104.0, 'S': 220.0, 'prev_temp': 200.0}
DECISION : ALLOW
------------------------------------------------------------
[SEQ 237] [IEEE-BASELINE]
SCORE    : anomaly_score=18.468
DECISION : ALLOW
------------------------------------------------------------
[SEQ 238] [LAYER 0]
CMD      : M104 S200
TRUST    : acc_cmd=0.000 | acc_exec=0.333 | trust=0.085
DECISION : PAUSE
MACHINE  : Machine-3
------------------------------------------------------------
[SEQ 238] [STATIC-BASELINE]
CMD      : M104 | effects={'M': 104.0, 'S': 200.0, 'prev_temp': 220.0}
DECISION : ALLOW
------------------------------------------------------------
[SEQ 238] [IEEE-BASELINE]
SCORE    : anomaly_score=18.622
DECISION : ALLOW
------------------------------------------------------------
[SEQ 239] [LAYER 0]
CMD      : M104 S220
TRUST    : acc_cmd=0.000 | acc_exec=0.333 | trust=0.084
DECISION : PAUSE
MACHINE  : Machine-3
------------------------------------------------------------
[SEQ 239] [STATIC-BASELINE]
CMD      : M104 | effects={'M': 104.0, 'S': 220.0, 'prev_temp': 200.0}
DECISION : ALLOW
------------------------------------------------------------
[SEQ 239] [IEEE-BASELINE]
SCORE    : anomaly_score=18.759
DECISION : ALLOW
------------------------------------------------------------
[SEQ 240] [LAYER 0]
CMD      : M104 S200
TRUST    : acc_cmd=0.000 | acc_exec=0.333 | trust=0.083
DECISION : PAUSE
MACHINE  : Machine-3
------------------------------------------------------------
[SEQ 240] [STATIC-BASELINE]
CMD      : M104 | effects={'M': 104.0, 'S': 200.0, 'prev_temp': 220.0}
DECISION : ALLOW
------------------------------------------------------------
[SEQ 240] [IEEE-BASELINE]
SCORE    : anomaly_score=18.884
DECISION : ALLOW
------------------------------------------------------------
[SEQ 241] [LAYER 0]
CMD      : M104 S220
TRUST    : acc_cmd=0.000 | acc_exec=0.333 | trust=0.083
DECISION : PAUSE
MACHINE  : Machine-3
------------------------------------------------------------
[SEQ 241] [STATIC-BASELINE]
CMD      : M104 | effects={'M': 104.0, 'S': 220.0, 'prev_temp': 200.0}
DECISION : ALLOW
------------------------------------------------------------
[SEQ 241] [IEEE-BASELINE]
SCORE    : anomaly_score=18.995
DECISION : ALLOW
------------------------------------------------------------
[SEQ 242] [LAYER 0]
CMD      : G1 X159.554 Y122.677 E6.88895
TRUST    : acc_cmd=0.000 | acc_exec=0.000 | trust=0.167
DECISION : PAUSE
MACHINE  : Machine-3
------------------------------------------------------------
[SEQ 242] [STATIC-BASELINE]
CMD      : G1 | effects={'dx': -10.651999999999987, 'dy': 5.76100000000001, 'dz': 0.0, 'de': 0.3639700000000001, 'xy_dist': 12.110087737089266, 'params': {'G': 1.0, 'X': 159.554, 'Y': 122.677, 'E': 6.88895}}
DECISION : ALLOW
------------------------------------------------------------
[SEQ 242] [IEEE-BASELINE]
SCORE    : anomaly_score=17.096
DECISION : ALLOW
------------------------------------------------------------
[SEQ 243] [LAYER 0]
CMD      : M104 S200
TRUST    : acc_cmd=0.000 | acc_exec=0.333 | trust=0.157
DECISION : PAUSE
MACHINE  : Machine-3
------------------------------------------------------------
[SEQ 243] [STATIC-BASELINE]
CMD      : M104 | effects={'M': 104.0, 'S': 200.0, 'prev_temp': 220.0}
DECISION : ALLOW
------------------------------------------------------------
[SEQ 243] [IEEE-BASELINE]
SCORE    : anomaly_score=17.386
DECISION : ALLOW
------------------------------------------------------------
[SEQ 244] [LAYER 0]
CMD      : M104 S220
TRUST    : acc_cmd=0.000 | acc_exec=0.333 | trust=0.133
DECISION : PAUSE
MACHINE  : Machine-3
------------------------------------------------------------
[SEQ 244] [STATIC-BASELINE]
CMD      : M104 | effects={'M': 104.0, 'S': 220.0, 'prev_temp': 200.0}
DECISION : ALLOW
------------------------------------------------------------
[SEQ 244] [IEEE-BASELINE]
SCORE    : anomaly_score=17.647
DECISION : ALLOW
------------------------------------------------------------
[SEQ 245] [LAYER 0]
CMD      : M104 S200
TRUST    : acc_cmd=0.000 | acc_exec=0.333 | trust=0.115
DECISION : PAUSE
MACHINE  : Machine-3
------------------------------------------------------------
[SEQ 245] [STATIC-BASELINE]
CMD      : M104 | effects={'M': 104.0, 'S': 200.0, 'prev_temp': 220.0}
DECISION : ALLOW
------------------------------------------------------------
[SEQ 245] [IEEE-BASELINE]
SCORE    : anomaly_score=17.883
DECISION : ALLOW
------------------------------------------------------------
[SEQ 246] [LAYER 0]
CMD      : M104 S220
TRUST    : acc_cmd=0.000 | acc_exec=0.333 | trust=0.102
DECISION : PAUSE
MACHINE  : Machine-3
------------------------------------------------------------
[SEQ 246] [STATIC-BASELINE]
CMD      : M104 | effects={'M': 104.0, 'S': 220.0, 'prev_temp': 200.0}
DECISION : ALLOW
------------------------------------------------------------
[SEQ 246] [IEEE-BASELINE]
SCORE    : anomaly_score=18.094
DECISION : ALLOW
------------------------------------------------------------
[SEQ 247] [LAYER 0]
CMD      : M104 S200
TRUST    : acc_cmd=0.000 | acc_exec=0.333 | trust=0.094
DECISION : PAUSE
MACHINE  : Machine-3
------------------------------------------------------------
[SEQ 247] [STATIC-BASELINE]
CMD      : M104 | effects={'M': 104.0, 'S': 200.0, 'prev_temp': 220.0}
DECISION : ALLOW
------------------------------------------------------------
[SEQ 247] [IEEE-BASELINE]
SCORE    : anomaly_score=18.285
DECISION : ALLOW
------------------------------------------------------------
[SEQ 248] [LAYER 0]
CMD      : M104 S220
TRUST    : acc_cmd=0.000 | acc_exec=0.333 | trust=0.089
DECISION : PAUSE
MACHINE  : Machine-3
------------------------------------------------------------
[SEQ 248] [STATIC-BASELINE]
CMD      : M104 | effects={'M': 104.0, 'S': 220.0, 'prev_temp': 200.0}
DECISION : ALLOW
------------------------------------------------------------
[SEQ 248] [IEEE-BASELINE]
SCORE    : anomaly_score=18.457
DECISION : ALLOW
------------------------------------------------------------
[SEQ 249] [LAYER 0]
CMD      : M104 S200
TRUST    : acc_cmd=0.000 | acc_exec=0.333 | trust=0.086
DECISION : PAUSE
MACHINE  : Machine-3
------------------------------------------------------------
[SEQ 249] [STATIC-BASELINE]
CMD      : M104 | effects={'M': 104.0, 'S': 200.0, 'prev_temp': 220.0}
DECISION : ALLOW
------------------------------------------------------------
[SEQ 249] [IEEE-BASELINE]
SCORE    : anomaly_score=18.611
DECISION : ALLOW
------------------------------------------------------------
[SEQ 250] [LAYER 0]
CMD      : G1 X163.156 Y114.736 E7.07539
TRUST    : acc_cmd=0.000 | acc_exec=0.000 | trust=0.171
DECISION : PAUSE
MACHINE  : Machine-3
------------------------------------------------------------
[SEQ 250] [STATIC-BASELINE]
CMD      : G1 | effects={'dx': 3.602000000000004, 'dy': -7.9410000000000025, 'dz': 0.0, 'de': 0.18643999999999927, 'xy_dist': 8.719741108542161, 'params': {'G': 1.0, 'X': 163.156, 'Y': 114.736, 'E': 7.07539}}
DECISION : ALLOW
------------------------------------------------------------
[SEQ 250] [IEEE-BASELINE]
SCORE    : anomaly_score=16.750
DECISION : ALLOW
------------------------------------------------------------
[SEQ 251] [LAYER 0]
CMD      : M104 S220
TRUST    : acc_cmd=0.000 | acc_exec=0.333 | trust=0.159
DECISION : PAUSE
MACHINE  : Machine-3
------------------------------------------------------------
[SEQ 251] [STATIC-BASELINE]
CMD      : M104 | effects={'M': 104.0, 'S': 220.0, 'prev_temp': 200.0}
DECISION : ALLOW
------------------------------------------------------------
[SEQ 251] [IEEE-BASELINE]
SCORE    : anomaly_score=17.075
DECISION : ALLOW
------------------------------------------------------------
[SEQ 252] [LAYER 0]
CMD      : M104 S200
TRUST    : acc_cmd=0.000 | acc_exec=0.333 | trust=0.135
DECISION : PAUSE
MACHINE  : Machine-3
------------------------------------------------------------
[SEQ 252] [STATIC-BASELINE]
CMD      : M104 | effects={'M': 104.0, 'S': 200.0, 'prev_temp': 220.0}
DECISION : ALLOW
------------------------------------------------------------
[SEQ 252] [IEEE-BASELINE]
SCORE    : anomaly_score=17.367
DECISION : ALLOW
------------------------------------------------------------
[SEQ 253] [LAYER 0]
CMD      : M104 S220
TRUST    : acc_cmd=0.000 | acc_exec=0.333 | trust=0.115
DECISION : PAUSE
MACHINE  : Machine-3
------------------------------------------------------------
[SEQ 253] [STATIC-BASELINE]
CMD      : M104 | effects={'M': 104.0, 'S': 220.0, 'prev_temp': 200.0}
DECISION : ALLOW
------------------------------------------------------------
[SEQ 253] [IEEE-BASELINE]
SCORE    : anomaly_score=17.631
DECISION : ALLOW
------------------------------------------------------------
[SEQ 254] [LAYER 0]
CMD      : G1 X168.529 Y115.576 E7.18187
TRUST    : acc_cmd=0.000 | acc_exec=0.000 | trust=0.199
DECISION : PAUSE
MACHINE  : Machine-3
------------------------------------------------------------
[SEQ 254] [STATIC-BASELINE]
CMD      : G1 | effects={'dx': 5.3729999999999905, 'dy': 0.8399999999999892, 'dz': 0.0, 'de': 0.10648000000000035, 'xy_dist': 5.438265256494931, 'params': {'G': 1.0, 'X': 168.529, 'Y': 115.576, 'E': 7.18187}}
DECISION : ALLOW
------------------------------------------------------------
[SEQ 254] [IEEE-BASELINE]
SCORE    : anomaly_score=15.868
DECISION : ALLOW
------------------------------------------------------------
[SEQ 255] [LAYER 0]
CMD      : M104 S200
TRUST    : acc_cmd=0.000 | acc_exec=0.333 | trust=0.177
DECISION : PAUSE
MACHINE  : Machine-3
------------------------------------------------------------
[SEQ 255] [STATIC-BASELINE]
CMD      : M104 | effects={'M': 104.0, 'S': 200.0, 'prev_temp': 220.0}
DECISION : ALLOW
------------------------------------------------------------
[SEQ 255] [IEEE-BASELINE]
SCORE    : anomaly_score=16.281
DECISION : ALLOW
------------------------------------------------------------
[SEQ 256] [LAYER 0]
CMD      : M104 S220
TRUST    : acc_cmd=0.000 | acc_exec=0.333 | trust=0.145
DECISION : PAUSE
MACHINE  : Machine-3
------------------------------------------------------------
[SEQ 256] [STATIC-BASELINE]
CMD      : M104 | effects={'M': 104.0, 'S': 220.0, 'prev_temp': 200.0}
DECISION : ALLOW
------------------------------------------------------------
[SEQ 256] [IEEE-BASELINE]
SCORE    : anomaly_score=16.653
DECISION : ALLOW
------------------------------------------------------------
[SEQ 257] [LAYER 0]
CMD      : G1 X170.551 Y120.91 E7.2939
TRUST    : acc_cmd=0.000 | acc_exec=0.000 | trust=0.229
DECISION : PAUSE
MACHINE  : Machine-3
------------------------------------------------------------
[SEQ 257] [STATIC-BASELINE]
CMD      : G1 | effects={'dx': 2.0219999999999914, 'dy': 5.334000000000003, 'dz': 0.0, 'de': 0.11202999999999985, 'xy_dist': 5.704387784854743, 'params': {'G': 1.0, 'X': 170.551, 'Y': 120.91, 'E': 7.2939}}
DECISION : ALLOW
------------------------------------------------------------
[SEQ 257] [IEEE-BASELINE]
SCORE    : anomaly_score=14.987
DECISION : ALLOW
------------------------------------------------------------
[SEQ 258] [LAYER 0]
CMD      : M104 S200
TRUST    : acc_cmd=0.000 | acc_exec=0.333 | trust=0.195
DECISION : PAUSE
MACHINE  : Machine-3
------------------------------------------------------------
[SEQ 258] [STATIC-BASELINE]
CMD      : M104 | effects={'M': 104.0, 'S': 200.0, 'prev_temp': 220.0}
DECISION : ALLOW
------------------------------------------------------------
[SEQ 258] [IEEE-BASELINE]
SCORE    : anomaly_score=15.489
DECISION : ALLOW
------------------------------------------------------------
[SEQ 259] [LAYER 0]
CMD      : M104 S220
TRUST    : acc_cmd=0.000 | acc_exec=0.333 | trust=0.155
DECISION : PAUSE
MACHINE  : Machine-3
------------------------------------------------------------
[SEQ 259] [STATIC-BASELINE]
CMD      : M104 | effects={'M': 104.0, 'S': 220.0, 'prev_temp': 200.0}
DECISION : ALLOW
------------------------------------------------------------
[SEQ 259] [IEEE-BASELINE]
SCORE    : anomaly_score=15.940
DECISION : ALLOW
------------------------------------------------------------
[SEQ 260] [LAYER 0]
CMD      : M104 S200
TRUST    : acc_cmd=0.000 | acc_exec=0.333 | trust=0.127
DECISION : PAUSE
MACHINE  : Machine-3
------------------------------------------------------------
[SEQ 260] [STATIC-BASELINE]
CMD      : M104 | effects={'M': 104.0, 'S': 200.0, 'prev_temp': 220.0}
DECISION : ALLOW
------------------------------------------------------------
[SEQ 260] [IEEE-BASELINE]
SCORE    : anomaly_score=16.346
DECISION : ALLOW
------------------------------------------------------------
[SEQ 261] [LAYER 0]
CMD      : M104 S220
TRUST    : acc_cmd=0.000 | acc_exec=0.333 | trust=0.108
DECISION : PAUSE
MACHINE  : Machine-3
------------------------------------------------------------
[SEQ 261] [STATIC-BASELINE]
CMD      : M104 | effects={'M': 104.0, 'S': 220.0, 'prev_temp': 200.0}
DECISION : ALLOW
------------------------------------------------------------
[SEQ 261] [IEEE-BASELINE]
SCORE    : anomaly_score=16.711
DECISION : ALLOW
------------------------------------------------------------
[SEQ 262] [LAYER 0]
CMD      : M104 S200
TRUST    : acc_cmd=0.000 | acc_exec=0.333 | trust=0.098
DECISION : PAUSE
MACHINE  : Machine-3
------------------------------------------------------------
[SEQ 262] [STATIC-BASELINE]
CMD      : M104 | effects={'M': 104.0, 'S': 200.0, 'prev_temp': 220.0}
DECISION : ALLOW
------------------------------------------------------------
[SEQ 262] [IEEE-BASELINE]
SCORE    : anomaly_score=17.040
DECISION : ALLOW
------------------------------------------------------------
[SEQ 263] [LAYER 0]
CMD      : M104 S220
TRUST    : acc_cmd=0.000 | acc_exec=0.333 | trust=0.091
DECISION : PAUSE
MACHINE  : Machine-3
------------------------------------------------------------
[SEQ 263] [STATIC-BASELINE]
CMD      : M104 | effects={'M': 104.0, 'S': 220.0, 'prev_temp': 200.0}
DECISION : ALLOW
------------------------------------------------------------
[SEQ 263] [IEEE-BASELINE]
SCORE    : anomaly_score=17.336
DECISION : ALLOW
------------------------------------------------------------
[SEQ 264] [LAYER 0]
CMD      : M104 S200
TRUST    : acc_cmd=0.000 | acc_exec=0.333 | trust=0.087
DECISION : PAUSE
MACHINE  : Machine-3
------------------------------------------------------------
[SEQ 264] [STATIC-BASELINE]
CMD      : M104 | effects={'M': 104.0, 'S': 200.0, 'prev_temp': 220.0}
DECISION : ALLOW
------------------------------------------------------------
[SEQ 264] [IEEE-BASELINE]
SCORE    : anomaly_score=17.603
DECISION : ALLOW
------------------------------------------------------------
[SEQ 265] [LAYER 0]
CMD      : M104 S220
TRUST    : acc_cmd=0.000 | acc_exec=0.333 | trust=0.085
DECISION : PAUSE
MACHINE  : Machine-3
------------------------------------------------------------
[SEQ 265] [STATIC-BASELINE]
CMD      : M104 | effects={'M': 104.0, 'S': 220.0, 'prev_temp': 200.0}
DECISION : ALLOW
------------------------------------------------------------
[SEQ 265] [IEEE-BASELINE]
SCORE    : anomaly_score=17.842
DECISION : ALLOW
------------------------------------------------------------
[SEQ 266] [LAYER 0]
CMD      : M104 S200
TRUST    : acc_cmd=0.000 | acc_exec=0.333 | trust=0.084
DECISION : PAUSE
MACHINE  : Machine-3
------------------------------------------------------------
[SEQ 266] [STATIC-BASELINE]
CMD      : M104 | effects={'M': 104.0, 'S': 200.0, 'prev_temp': 220.0}
DECISION : ALLOW
------------------------------------------------------------
[SEQ 266] [IEEE-BASELINE]
SCORE    : anomaly_score=18.058
DECISION : ALLOW
------------------------------------------------------------
[SEQ 267] [LAYER 0]
CMD      : G1 X159.45 Y120.835 E7.59232
TRUST    : acc_cmd=0.000 | acc_exec=0.000 | trust=0.168
DECISION : PAUSE
MACHINE  : Machine-3
------------------------------------------------------------
[SEQ 267] [STATIC-BASELINE]
CMD      : G1 | effects={'dx': -11.100999999999999, 'dy': -0.07500000000000284, 'dz': 0.0, 'de': 0.29842000000000013, 'xy_dist': 11.10125335266248, 'params': {'G': 1.0, 'X': 159.45, 'Y': 120.835, 'E': 7.59232}}
DECISION : ALLOW
------------------------------------------------------------
[SEQ 267] [IEEE-BASELINE]
SCORE    : anomaly_score=16.252
DECISION : ALLOW
------------------------------------------------------------
[SEQ 268] [LAYER 0]
CMD      : M104 S220
TRUST    : acc_cmd=0.000 | acc_exec=0.333 | trust=0.158
DECISION : PAUSE
MACHINE  : Machine-3
------------------------------------------------------------
[SEQ 268] [STATIC-BASELINE]
CMD      : M104 | effects={'M': 104.0, 'S': 220.0, 'prev_temp': 200.0}
DECISION : ALLOW
------------------------------------------------------------
[SEQ 268] [IEEE-BASELINE]
SCORE    : anomaly_score=16.627
DECISION : ALLOW
------------------------------------------------------------
[SEQ 269] [LAYER 0]
CMD      : M104 S200
TRUST    : acc_cmd=0.000 | acc_exec=0.333 | trust=0.134
DECISION : PAUSE
MACHINE  : Machine-3
------------------------------------------------------------
[SEQ 269] [STATIC-BASELINE]
CMD      : M104 | effects={'M': 104.0, 'S': 200.0, 'prev_temp': 220.0}
DECISION : ALLOW
------------------------------------------------------------
[SEQ 269] [IEEE-BASELINE]
SCORE    : anomaly_score=16.964
DECISION : ALLOW
------------------------------------------------------------
[SEQ 270] [LAYER 0]
CMD      : M104 S220
TRUST    : acc_cmd=0.000 | acc_exec=0.333 | trust=0.115
DECISION : PAUSE
MACHINE  : Machine-3
------------------------------------------------------------
[SEQ 270] [STATIC-BASELINE]
CMD      : M104 | effects={'M': 104.0, 'S': 220.0, 'prev_temp': 200.0}
DECISION : ALLOW
------------------------------------------------------------
[SEQ 270] [IEEE-BASELINE]
SCORE    : anomaly_score=17.268
DECISION : ALLOW
------------------------------------------------------------
[SEQ 271] [LAYER 0]
CMD      : M104 S200
TRUST    : acc_cmd=0.000 | acc_exec=0.333 | trust=0.102
DECISION : PAUSE
MACHINE  : Machine-3
------------------------------------------------------------
[SEQ 271] [STATIC-BASELINE]
CMD      : M104 | effects={'M': 104.0, 'S': 200.0, 'prev_temp': 220.0}
DECISION : ALLOW
------------------------------------------------------------
[SEQ 271] [IEEE-BASELINE]
SCORE    : anomaly_score=17.541
DECISION : ALLOW
------------------------------------------------------------
[SEQ 272] [LAYER 0]
CMD      : M104 S220
TRUST    : acc_cmd=0.000 | acc_exec=0.333 | trust=0.094
DECISION : PAUSE
MACHINE  : Machine-3
------------------------------------------------------------
[SEQ 272] [STATIC-BASELINE]
CMD      : M104 | effects={'M': 104.0, 'S': 220.0, 'prev_temp': 200.0}
DECISION : ALLOW
------------------------------------------------------------
[SEQ 272] [IEEE-BASELINE]
SCORE    : anomaly_score=17.787
DECISION : ALLOW
------------------------------------------------------------
[SEQ 273] [LAYER 0]
CMD      : M104 S200
TRUST    : acc_cmd=0.000 | acc_exec=0.333 | trust=0.089
DECISION : PAUSE
MACHINE  : Machine-3
------------------------------------------------------------
[SEQ 273] [STATIC-BASELINE]
CMD      : M104 | effects={'M': 104.0, 'S': 200.0, 'prev_temp': 220.0}
DECISION : ALLOW
------------------------------------------------------------
[SEQ 273] [IEEE-BASELINE]
SCORE    : anomaly_score=18.008
DECISION : ALLOW
------------------------------------------------------------
[SEQ 274] [LAYER 0]
CMD      : M104 S220
TRUST    : acc_cmd=0.000 | acc_exec=0.333 | trust=0.086
DECISION : PAUSE
MACHINE  : Machine-3
------------------------------------------------------------
[SEQ 274] [STATIC-BASELINE]
CMD      : M104 | effects={'M': 104.0, 'S': 220.0, 'prev_temp': 200.0}
DECISION : ALLOW
------------------------------------------------------------
[SEQ 274] [IEEE-BASELINE]
SCORE    : anomaly_score=18.207
DECISION : ALLOW
------------------------------------------------------------
[SEQ 275] [LAYER 0]
CMD      : M104 S200
TRUST    : acc_cmd=0.000 | acc_exec=0.333 | trust=0.085
DECISION : PAUSE
MACHINE  : Machine-3
------------------------------------------------------------
[SEQ 275] [STATIC-BASELINE]
CMD      : M104 | effects={'M': 104.0, 'S': 200.0, 'prev_temp': 220.0}
DECISION : ALLOW
------------------------------------------------------------
[SEQ 275] [IEEE-BASELINE]
SCORE    : anomaly_score=18.387
DECISION : ALLOW
------------------------------------------------------------
[SEQ 276] [LAYER 0]
CMD      : M104 S220
TRUST    : acc_cmd=0.000 | acc_exec=0.333 | trust=0.084
DECISION : PAUSE
MACHINE  : Machine-3
------------------------------------------------------------
[SEQ 276] [STATIC-BASELINE]
CMD      : M104 | effects={'M': 104.0, 'S': 220.0, 'prev_temp': 200.0}
DECISION : ALLOW
------------------------------------------------------------
[SEQ 276] [IEEE-BASELINE]
SCORE    : anomaly_score=18.548
DECISION : ALLOW
------------------------------------------------------------
[SEQ 277] [LAYER 0]
CMD      : M104 S200
TRUST    : acc_cmd=0.000 | acc_exec=0.333 | trust=0.083
DECISION : PAUSE
MACHINE  : Machine-3
------------------------------------------------------------
[SEQ 277] [STATIC-BASELINE]
CMD      : M104 | effects={'M': 104.0, 'S': 200.0, 'prev_temp': 220.0}
DECISION : ALLOW
------------------------------------------------------------
[SEQ 277] [IEEE-BASELINE]
SCORE    : anomaly_score=18.693
DECISION : ALLOW
------------------------------------------------------------
[SEQ 278] [LAYER 0]
CMD      : M104 S220
TRUST    : acc_cmd=0.000 | acc_exec=0.333 | trust=0.083
DECISION : PAUSE
MACHINE  : Machine-3
------------------------------------------------------------
[SEQ 278] [STATIC-BASELINE]
CMD      : M104 | effects={'M': 104.0, 'S': 220.0, 'prev_temp': 200.0}
DECISION : ALLOW
------------------------------------------------------------
[SEQ 278] [IEEE-BASELINE]
SCORE    : anomaly_score=18.824
DECISION : ALLOW
------------------------------------------------------------
[SEQ 279] [LAYER 0]
CMD      : M104 S200
TRUST    : acc_cmd=0.000 | acc_exec=0.333 | trust=0.082
DECISION : PAUSE
MACHINE  : Machine-3
------------------------------------------------------------
[SEQ 279] [STATIC-BASELINE]
CMD      : M104 | effects={'M': 104.0, 'S': 200.0, 'prev_temp': 220.0}
DECISION : ALLOW
------------------------------------------------------------
[SEQ 279] [IEEE-BASELINE]
SCORE    : anomaly_score=18.942
DECISION : ALLOW
------------------------------------------------------------
[SEQ 280] [LAYER 0]
CMD      : M104 S220
TRUST    : acc_cmd=0.000 | acc_exec=0.333 | trust=0.082
DECISION : PAUSE
MACHINE  : Machine-3
------------------------------------------------------------
[SEQ 280] [STATIC-BASELINE]
CMD      : M104 | effects={'M': 104.0, 'S': 220.0, 'prev_temp': 200.0}
DECISION : ALLOW
------------------------------------------------------------
[SEQ 280] [IEEE-BASELINE]
SCORE    : anomaly_score=19.047
DECISION : ALLOW
------------------------------------------------------------
[SEQ 281] [LAYER 0]
CMD      : M104 S200
TRUST    : acc_cmd=0.000 | acc_exec=0.333 | trust=0.082
DECISION : PAUSE
MACHINE  : Machine-3
------------------------------------------------------------
[SEQ 281] [STATIC-BASELINE]
CMD      : M104 | effects={'M': 104.0, 'S': 200.0, 'prev_temp': 220.0}
DECISION : ALLOW
------------------------------------------------------------
[SEQ 281] [IEEE-BASELINE]
SCORE    : anomaly_score=19.143
DECISION : ALLOW
------------------------------------------------------------
[SEQ 282] [LAYER 0]
CMD      : M104 S220
TRUST    : acc_cmd=0.000 | acc_exec=0.333 | trust=0.082
DECISION : PAUSE
MACHINE  : Machine-3
------------------------------------------------------------
[SEQ 282] [STATIC-BASELINE]
CMD      : M104 | effects={'M': 104.0, 'S': 220.0, 'prev_temp': 200.0}
DECISION : ALLOW
------------------------------------------------------------
[SEQ 282] [IEEE-BASELINE]
SCORE    : anomaly_score=19.228
DECISION : ALLOW
------------------------------------------------------------
[SEQ 283] [LAYER 0]
CMD      : G1 X167.904 Y124.304 E8.01595
TRUST    : acc_cmd=0.000 | acc_exec=0.000 | trust=0.167
DECISION : PAUSE
MACHINE  : Machine-3
------------------------------------------------------------
[SEQ 283] [STATIC-BASELINE]
CMD      : G1 | effects={'dx': 8.454000000000008, 'dy': 3.4690000000000083, 'dz': 0.0, 'de': 0.4236300000000002, 'xy_dist': 9.138056522040133, 'params': {'G': 1.0, 'X': 167.904, 'Y': 124.304, 'E': 8.01595}}
DECISION : ALLOW
------------------------------------------------------------
[SEQ 283] [IEEE-BASELINE]
SCORE    : anomaly_score=17.306
DECISION : ALLOW
------------------------------------------------------------
[SEQ 284] [LAYER 0]
CMD      : M104 S200
TRUST    : acc_cmd=0.000 | acc_exec=0.333 | trust=0.156
DECISION : PAUSE
MACHINE  : Machine-3
------------------------------------------------------------
[SEQ 284] [STATIC-BASELINE]
CMD      : M104 | effects={'M': 104.0, 'S': 200.0, 'prev_temp': 220.0}
DECISION : ALLOW
------------------------------------------------------------
[SEQ 284] [IEEE-BASELINE]
SCORE    : anomaly_score=17.575
DECISION : ALLOW
------------------------------------------------------------
[SEQ 285] [LAYER 0]
CMD      : M104 S220
TRUST    : acc_cmd=0.000 | acc_exec=0.333 | trust=0.133
DECISION : PAUSE
MACHINE  : Machine-3
------------------------------------------------------------
[SEQ 285] [STATIC-BASELINE]
CMD      : M104 | effects={'M': 104.0, 'S': 220.0, 'prev_temp': 200.0}
DECISION : ALLOW
------------------------------------------------------------
[SEQ 285] [IEEE-BASELINE]
SCORE    : anomaly_score=17.817
DECISION : ALLOW
------------------------------------------------------------
[SEQ 286] [LAYER 0]
CMD      : M104 S200
TRUST    : acc_cmd=0.000 | acc_exec=0.333 | trust=0.114
DECISION : PAUSE
MACHINE  : Machine-3
------------------------------------------------------------
[SEQ 286] [STATIC-BASELINE]
CMD      : M104 | effects={'M': 104.0, 'S': 200.0, 'prev_temp': 220.0}
DECISION : ALLOW
------------------------------------------------------------
[SEQ 286] [IEEE-BASELINE]
SCORE    : anomaly_score=18.036
DECISION : ALLOW
------------------------------------------------------------
[SEQ 287] [LAYER 0]
CMD      : M104 S220
TRUST    : acc_cmd=0.000 | acc_exec=0.333 | trust=0.102
DECISION : PAUSE
MACHINE  : Machine-3
------------------------------------------------------------
[SEQ 287] [STATIC-BASELINE]
CMD      : M104 | effects={'M': 104.0, 'S': 220.0, 'prev_temp': 200.0}
DECISION : ALLOW
------------------------------------------------------------
[SEQ 287] [IEEE-BASELINE]
SCORE    : anomaly_score=18.232
DECISION : ALLOW
------------------------------------------------------------
[SEQ 288] [LAYER 0]
CMD      : M104 S200
TRUST    : acc_cmd=0.000 | acc_exec=0.333 | trust=0.094
DECISION : PAUSE
MACHINE  : Machine-3
------------------------------------------------------------
[SEQ 288] [STATIC-BASELINE]
CMD      : M104 | effects={'M': 104.0, 'S': 200.0, 'prev_temp': 220.0}
DECISION : ALLOW
------------------------------------------------------------
[SEQ 288] [IEEE-BASELINE]
SCORE    : anomaly_score=18.409
DECISION : ALLOW
------------------------------------------------------------
[SEQ 289] [LAYER 0]
CMD      : M104 S220
TRUST    : acc_cmd=0.000 | acc_exec=0.333 | trust=0.089
DECISION : PAUSE
MACHINE  : Machine-3
------------------------------------------------------------
[SEQ 289] [STATIC-BASELINE]
CMD      : M104 | effects={'M': 104.0, 'S': 220.0, 'prev_temp': 200.0}
DECISION : ALLOW
------------------------------------------------------------
[SEQ 289] [IEEE-BASELINE]
SCORE    : anomaly_score=18.568
DECISION : ALLOW
------------------------------------------------------------
[SEQ 290] [LAYER 0]
CMD      : M104 S200
TRUST    : acc_cmd=0.000 | acc_exec=0.333 | trust=0.086
DECISION : PAUSE
MACHINE  : Machine-3
------------------------------------------------------------
[SEQ 290] [STATIC-BASELINE]
CMD      : M104 | effects={'M': 104.0, 'S': 200.0, 'prev_temp': 220.0}
DECISION : ALLOW
------------------------------------------------------------
[SEQ 290] [IEEE-BASELINE]
SCORE    : anomaly_score=18.711
DECISION : ALLOW
------------------------------------------------------------
[SEQ 291] [LAYER 0]
CMD      : M104 S220
TRUST    : acc_cmd=0.000 | acc_exec=0.333 | trust=0.085
DECISION : PAUSE
MACHINE  : Machine-3
------------------------------------------------------------
[SEQ 291] [STATIC-BASELINE]
CMD      : M104 | effects={'M': 104.0, 'S': 220.0, 'prev_temp': 200.0}
DECISION : ALLOW
------------------------------------------------------------
[SEQ 291] [IEEE-BASELINE]
SCORE    : anomaly_score=18.840
DECISION : ALLOW
------------------------------------------------------------
[SEQ 292] [LAYER 0]
CMD      : M104 S200
TRUST    : acc_cmd=0.000 | acc_exec=0.333 | trust=0.084
DECISION : PAUSE
MACHINE  : Machine-3
------------------------------------------------------------
[SEQ 292] [STATIC-BASELINE]
CMD      : M104 | effects={'M': 104.0, 'S': 200.0, 'prev_temp': 220.0}
DECISION : ALLOW
------------------------------------------------------------
[SEQ 292] [IEEE-BASELINE]
SCORE    : anomaly_score=18.956
DECISION : ALLOW
------------------------------------------------------------
[SEQ 293] [LAYER 0]
CMD      : M104 S220
TRUST    : acc_cmd=0.000 | acc_exec=0.333 | trust=0.083
DECISION : PAUSE
MACHINE  : Machine-3
------------------------------------------------------------
[SEQ 293] [STATIC-BASELINE]
CMD      : M104 | effects={'M': 104.0, 'S': 220.0, 'prev_temp': 200.0}
DECISION : ALLOW
------------------------------------------------------------
[SEQ 293] [IEEE-BASELINE]
SCORE    : anomaly_score=19.060
DECISION : ALLOW
------------------------------------------------------------
[SEQ 294] [LAYER 0]
CMD      : M104 S200
TRUST    : acc_cmd=0.000 | acc_exec=0.333 | trust=0.083
DECISION : PAUSE
MACHINE  : Machine-3
------------------------------------------------------------
[SEQ 294] [STATIC-BASELINE]
CMD      : M104 | effects={'M': 104.0, 'S': 200.0, 'prev_temp': 220.0}
DECISION : ALLOW
------------------------------------------------------------
[SEQ 294] [IEEE-BASELINE]
SCORE    : anomaly_score=19.154
DECISION : ALLOW
------------------------------------------------------------
[SEQ 295] [LAYER 0]
CMD      : M104 S220
TRUST    : acc_cmd=0.000 | acc_exec=0.333 | trust=0.082
DECISION : PAUSE
MACHINE  : Machine-3
------------------------------------------------------------
[SEQ 295] [STATIC-BASELINE]
CMD      : M104 | effects={'M': 104.0, 'S': 220.0, 'prev_temp': 200.0}
DECISION : ALLOW
------------------------------------------------------------
[SEQ 295] [IEEE-BASELINE]
SCORE    : anomaly_score=19.239
DECISION : ALLOW
------------------------------------------------------------
[SEQ 296] [LAYER 0]
CMD      : M104 S200
TRUST    : acc_cmd=0.000 | acc_exec=0.333 | trust=0.082
DECISION : PAUSE
MACHINE  : Machine-3
------------------------------------------------------------
[SEQ 296] [STATIC-BASELINE]
CMD      : M104 | effects={'M': 104.0, 'S': 200.0, 'prev_temp': 220.0}
DECISION : ALLOW
------------------------------------------------------------
[SEQ 296] [IEEE-BASELINE]
SCORE    : anomaly_score=19.315
DECISION : ALLOW
------------------------------------------------------------
[SEQ 297] [LAYER 0]
CMD      : M104 S220
TRUST    : acc_cmd=0.000 | acc_exec=0.333 | trust=0.082
DECISION : PAUSE
MACHINE  : Machine-3
------------------------------------------------------------
[SEQ 297] [STATIC-BASELINE]
CMD      : M104 | effects={'M': 104.0, 'S': 220.0, 'prev_temp': 200.0}
DECISION : ALLOW
------------------------------------------------------------
[SEQ 297] [IEEE-BASELINE]
SCORE    : anomaly_score=19.384
DECISION : ALLOW
------------------------------------------------------------
[SEQ 298] [LAYER 0]
CMD      : M104 S200
TRUST    : acc_cmd=0.000 | acc_exec=0.333 | trust=0.082
DECISION : PAUSE
MACHINE  : Machine-3
------------------------------------------------------------
[SEQ 298] [STATIC-BASELINE]
CMD      : M104 | effects={'M': 104.0, 'S': 200.0, 'prev_temp': 220.0}
DECISION : ALLOW
------------------------------------------------------------
[SEQ 298] [IEEE-BASELINE]
SCORE    : anomaly_score=19.445
DECISION : ALLOW
------------------------------------------------------------
[SEQ 299] [LAYER 0]
CMD      : M104 S220
TRUST    : acc_cmd=0.000 | acc_exec=0.333 | trust=0.082
DECISION : PAUSE
MACHINE  : Machine-3
------------------------------------------------------------
[SEQ 299] [STATIC-BASELINE]
CMD      : M104 | effects={'M': 104.0, 'S': 220.0, 'prev_temp': 200.0}
DECISION : ALLOW
------------------------------------------------------------
[SEQ 299] [IEEE-BASELINE]
SCORE    : anomaly_score=19.501
DECISION : ALLOW
------------------------------------------------------------
[SEQ 300] [LAYER 0]
CMD      : M104 S200
TRUST    : acc_cmd=0.000 | acc_exec=0.333 | trust=0.082
DECISION : PAUSE
MACHINE  : Machine-3
------------------------------------------------------------
[SEQ 300] [STATIC-BASELINE]
CMD      : M104 | effects={'M': 104.0, 'S': 200.0, 'prev_temp': 220.0}
DECISION : ALLOW
------------------------------------------------------------
[SEQ 300] [IEEE-BASELINE]
SCORE    : anomaly_score=19.551
DECISION : ALLOW
------------------------------------------------------------
[SEQ 301] [LAYER 0]
CMD      : M104 S220
TRUST    : acc_cmd=0.000 | acc_exec=0.333 | trust=0.082
DECISION : PAUSE
MACHINE  : Machine-3
------------------------------------------------------------
[SEQ 301] [STATIC-BASELINE]
CMD      : M104 | effects={'M': 104.0, 'S': 220.0, 'prev_temp': 200.0}
DECISION : ALLOW
------------------------------------------------------------
[SEQ 301] [IEEE-BASELINE]
SCORE    : anomaly_score=19.596
DECISION : ALLOW
------------------------------------------------------------
[SEQ 302] [LAYER 0]
CMD      : M104 S200
TRUST    : acc_cmd=0.000 | acc_exec=0.333 | trust=0.082
DECISION : PAUSE
MACHINE  : Machine-3
------------------------------------------------------------
[SEQ 302] [STATIC-BASELINE]
CMD      : M104 | effects={'M': 104.0, 'S': 200.0, 'prev_temp': 220.0}
DECISION : ALLOW
------------------------------------------------------------
[SEQ 302] [IEEE-BASELINE]
SCORE    : anomaly_score=19.636
DECISION : ALLOW
------------------------------------------------------------
[SEQ 303] [LAYER 0]
CMD      : M104 S220
TRUST    : acc_cmd=0.000 | acc_exec=0.333 | trust=0.082
DECISION : PAUSE
MACHINE  : Machine-3
------------------------------------------------------------
[SEQ 303] [STATIC-BASELINE]
CMD      : M104 | effects={'M': 104.0, 'S': 220.0, 'prev_temp': 200.0}
DECISION : ALLOW
------------------------------------------------------------
[SEQ 303] [IEEE-BASELINE]
SCORE    : anomaly_score=19.672
DECISION : ALLOW
------------------------------------------------------------
[SEQ 304] [LAYER 0]
CMD      : M104 S200
TRUST    : acc_cmd=0.000 | acc_exec=0.333 | trust=0.082
DECISION : PAUSE
MACHINE  : Machine-3
------------------------------------------------------------
[SEQ 304] [STATIC-BASELINE]
CMD      : M104 | effects={'M': 104.0, 'S': 200.0, 'prev_temp': 220.0}
DECISION : ALLOW
------------------------------------------------------------
[SEQ 304] [IEEE-BASELINE]
SCORE    : anomaly_score=19.705
DECISION : ALLOW
------------------------------------------------------------
[SEQ 305] [LAYER 0]
CMD      : M104 S220
TRUST    : acc_cmd=0.000 | acc_exec=0.333 | trust=0.082
DECISION : PAUSE
MACHINE  : Machine-3
------------------------------------------------------------
[SEQ 305] [STATIC-BASELINE]
CMD      : M104 | effects={'M': 104.0, 'S': 220.0, 'prev_temp': 200.0}
DECISION : ALLOW
------------------------------------------------------------
[SEQ 305] [IEEE-BASELINE]
SCORE    : anomaly_score=19.735
DECISION : ALLOW
------------------------------------------------------------
[SEQ 306] [LAYER 0]
CMD      : M104 S200
TRUST    : acc_cmd=0.000 | acc_exec=0.333 | trust=0.082
DECISION : PAUSE
MACHINE  : Machine-3
------------------------------------------------------------
[SEQ 306] [STATIC-BASELINE]
CMD      : M104 | effects={'M': 104.0, 'S': 200.0, 'prev_temp': 220.0}
DECISION : ALLOW
------------------------------------------------------------
[SEQ 306] [IEEE-BASELINE]
SCORE    : anomaly_score=19.761
DECISION : ALLOW
------------------------------------------------------------
[SEQ 307] [LAYER 0]
CMD      : M104 S220
TRUST    : acc_cmd=0.000 | acc_exec=0.333 | trust=0.082
DECISION : PAUSE
MACHINE  : Machine-3
------------------------------------------------------------
[SEQ 307] [STATIC-BASELINE]
CMD      : M104 | effects={'M': 104.0, 'S': 220.0, 'prev_temp': 200.0}
DECISION : ALLOW
------------------------------------------------------------
[SEQ 307] [IEEE-BASELINE]
SCORE    : anomaly_score=19.785
DECISION : ALLOW
------------------------------------------------------------
[SEQ 308] [LAYER 0]
CMD      : M104 S200
TRUST    : acc_cmd=0.000 | acc_exec=0.333 | trust=0.082
DECISION : PAUSE
MACHINE  : Machine-3
------------------------------------------------------------
[SEQ 308] [STATIC-BASELINE]
CMD      : M104 | effects={'M': 104.0, 'S': 200.0, 'prev_temp': 220.0}
DECISION : ALLOW
------------------------------------------------------------
[SEQ 308] [IEEE-BASELINE]
SCORE    : anomaly_score=19.807
DECISION : ALLOW
------------------------------------------------------------
[SEQ 309] [LAYER 0]
CMD      : M104 S220
TRUST    : acc_cmd=0.000 | acc_exec=0.333 | trust=0.082
DECISION : PAUSE
MACHINE  : Machine-3
------------------------------------------------------------
[SEQ 309] [STATIC-BASELINE]
CMD      : M104 | effects={'M': 104.0, 'S': 220.0, 'prev_temp': 200.0}
DECISION : ALLOW
------------------------------------------------------------
[SEQ 309] [IEEE-BASELINE]
SCORE    : anomaly_score=19.826
DECISION : ALLOW
------------------------------------------------------------
[SEQ 310] [LAYER 0]
CMD      : M104 S200
TRUST    : acc_cmd=0.000 | acc_exec=0.333 | trust=0.082
DECISION : PAUSE
MACHINE  : Machine-3
------------------------------------------------------------
[SEQ 310] [STATIC-BASELINE]
CMD      : M104 | effects={'M': 104.0, 'S': 200.0, 'prev_temp': 220.0}
DECISION : ALLOW
------------------------------------------------------------
[SEQ 310] [IEEE-BASELINE]
SCORE    : anomaly_score=19.843
DECISION : ALLOW
------------------------------------------------------------
[SEQ 311] [LAYER 0]
CMD      : M104 S220
TRUST    : acc_cmd=0.000 | acc_exec=0.333 | trust=0.082
DECISION : PAUSE
MACHINE  : Machine-3
------------------------------------------------------------
[SEQ 311] [STATIC-BASELINE]
CMD      : M104 | effects={'M': 104.0, 'S': 220.0, 'prev_temp': 200.0}
DECISION : ALLOW
------------------------------------------------------------
[SEQ 311] [IEEE-BASELINE]
SCORE    : anomaly_score=19.859
DECISION : ALLOW
------------------------------------------------------------
[SEQ 312] [LAYER 0]
CMD      : M104 S200
TRUST    : acc_cmd=0.000 | acc_exec=0.333 | trust=0.082
DECISION : PAUSE
MACHINE  : Machine-3
------------------------------------------------------------
[SEQ 312] [STATIC-BASELINE]
CMD      : M104 | effects={'M': 104.0, 'S': 200.0, 'prev_temp': 220.0}
DECISION : ALLOW
------------------------------------------------------------
[SEQ 312] [IEEE-BASELINE]
SCORE    : anomaly_score=19.873
DECISION : ALLOW
------------------------------------------------------------
[SEQ 313] [LAYER 0]
CMD      : M104 S220
TRUST    : acc_cmd=0.000 | acc_exec=0.333 | trust=0.082
DECISION : PAUSE
MACHINE  : Machine-3
------------------------------------------------------------
[SEQ 313] [STATIC-BASELINE]
CMD      : M104 | effects={'M': 104.0, 'S': 220.0, 'prev_temp': 200.0}
DECISION : ALLOW
------------------------------------------------------------
[SEQ 313] [IEEE-BASELINE]
SCORE    : anomaly_score=19.886
DECISION : ALLOW
------------------------------------------------------------
[SEQ 314] [LAYER 0]
CMD      : M104 S200
TRUST    : acc_cmd=0.000 | acc_exec=0.333 | trust=0.082
DECISION : PAUSE
MACHINE  : Machine-3
------------------------------------------------------------
[SEQ 314] [STATIC-BASELINE]
CMD      : M104 | effects={'M': 104.0, 'S': 200.0, 'prev_temp': 220.0}
DECISION : ALLOW
------------------------------------------------------------
[SEQ 314] [IEEE-BASELINE]
SCORE    : anomaly_score=19.897
DECISION : ALLOW
------------------------------------------------------------
[SEQ 315] [LAYER 0]
CMD      : M104 S220
TRUST    : acc_cmd=0.000 | acc_exec=0.333 | trust=0.082
DECISION : PAUSE
MACHINE  : Machine-3
------------------------------------------------------------
[SEQ 315] [STATIC-BASELINE]
CMD      : M104 | effects={'M': 104.0, 'S': 220.0, 'prev_temp': 200.0}
DECISION : ALLOW
------------------------------------------------------------
[SEQ 315] [IEEE-BASELINE]
SCORE    : anomaly_score=19.907
DECISION : ALLOW
------------------------------------------------------------
[SEQ 316] [LAYER 0]
CMD      : M104 S200
TRUST    : acc_cmd=0.000 | acc_exec=0.333 | trust=0.082
DECISION : PAUSE
MACHINE  : Machine-3
------------------------------------------------------------
[SEQ 316] [STATIC-BASELINE]
CMD      : M104 | effects={'M': 104.0, 'S': 200.0, 'prev_temp': 220.0}
DECISION : ALLOW
------------------------------------------------------------
[SEQ 316] [IEEE-BASELINE]
SCORE    : anomaly_score=19.917
DECISION : ALLOW
------------------------------------------------------------
[SEQ 317] [LAYER 0]
CMD      : G0 F3600 X161.447 Y117.431
TRUST    : acc_cmd=0.000 | acc_exec=0.000 | trust=0.167
DECISION : PAUSE
MACHINE  : Machine-3
------------------------------------------------------------
[SEQ 317] [STATIC-BASELINE]
CMD      : G0 | effects={'dx': -6.456999999999994, 'dy': -6.873000000000005, 'dz': 0.0, 'de': 0.0, 'xy_dist': 9.430322263846554, 'params': {'G': 0.0, 'F': 3600.0, 'X': 161.447, 'Y': 117.431}}
DECISION : ALLOW
------------------------------------------------------------
[SEQ 317] [IEEE-BASELINE]
SCORE    : anomaly_score=17.925
DECISION : ALLOW
------------------------------------------------------------
[SEQ 318] [LAYER 0]
CMD      : M104 S220
TRUST    : acc_cmd=0.000 | acc_exec=0.333 | trust=0.156
DECISION : PAUSE
MACHINE  : Machine-3
------------------------------------------------------------
[SEQ 318] [STATIC-BASELINE]
CMD      : M104 | effects={'M': 104.0, 'S': 220.0, 'prev_temp': 200.0}
DECISION : ALLOW
------------------------------------------------------------
[SEQ 318] [IEEE-BASELINE]
SCORE    : anomaly_score=18.133
DECISION : ALLOW
------------------------------------------------------------
[SEQ 319] [LAYER 0]
CMD      : M104 S200
TRUST    : acc_cmd=0.000 | acc_exec=0.333 | trust=0.133
DECISION : PAUSE
MACHINE  : Machine-3
------------------------------------------------------------
[SEQ 319] [STATIC-BASELINE]
CMD      : M104 | effects={'M': 104.0, 'S': 200.0, 'prev_temp': 220.0}
DECISION : ALLOW
------------------------------------------------------------
[SEQ 319] [IEEE-BASELINE]
SCORE    : anomaly_score=18.319
DECISION : ALLOW
------------------------------------------------------------
[SEQ 320] [LAYER 0]
CMD      : M104 S220
TRUST    : acc_cmd=0.000 | acc_exec=0.333 | trust=0.114
DECISION : PAUSE
MACHINE  : Machine-3
------------------------------------------------------------
[SEQ 320] [STATIC-BASELINE]
CMD      : M104 | effects={'M': 104.0, 'S': 220.0, 'prev_temp': 200.0}
DECISION : ALLOW
------------------------------------------------------------
[SEQ 320] [IEEE-BASELINE]
SCORE    : anomaly_score=18.487
DECISION : ALLOW
------------------------------------------------------------
[SEQ 321] [LAYER 0]
CMD      : M104 S200
TRUST    : acc_cmd=0.000 | acc_exec=0.333 | trust=0.102
DECISION : PAUSE
MACHINE  : Machine-3
------------------------------------------------------------
[SEQ 321] [STATIC-BASELINE]
CMD      : M104 | effects={'M': 104.0, 'S': 200.0, 'prev_temp': 220.0}
DECISION : ALLOW
------------------------------------------------------------
[SEQ 321] [IEEE-BASELINE]
SCORE    : anomaly_score=18.639
DECISION : ALLOW
------------------------------------------------------------
[SEQ 322] [LAYER 0]
CMD      : M104 S220
TRUST    : acc_cmd=0.000 | acc_exec=0.333 | trust=0.094
DECISION : PAUSE
MACHINE  : Machine-3
------------------------------------------------------------
[SEQ 322] [STATIC-BASELINE]
CMD      : M104 | effects={'M': 104.0, 'S': 220.0, 'prev_temp': 200.0}
DECISION : ALLOW
------------------------------------------------------------
[SEQ 322] [IEEE-BASELINE]
SCORE    : anomaly_score=18.775
DECISION : ALLOW
------------------------------------------------------------
[SEQ 323] [LAYER 0]
CMD      : M104 S200
TRUST    : acc_cmd=0.000 | acc_exec=0.333 | trust=0.089
DECISION : PAUSE
MACHINE  : Machine-3
------------------------------------------------------------
[SEQ 323] [STATIC-BASELINE]
CMD      : M104 | effects={'M': 104.0, 'S': 200.0, 'prev_temp': 220.0}
DECISION : ALLOW
------------------------------------------------------------
[SEQ 323] [IEEE-BASELINE]
SCORE    : anomaly_score=18.897
DECISION : ALLOW
------------------------------------------------------------
[SEQ 324] [LAYER 0]
CMD      : M104 S220
TRUST    : acc_cmd=0.000 | acc_exec=0.333 | trust=0.086
DECISION : PAUSE
MACHINE  : Machine-3
------------------------------------------------------------
[SEQ 324] [STATIC-BASELINE]
CMD      : M104 | effects={'M': 104.0, 'S': 220.0, 'prev_temp': 200.0}
DECISION : ALLOW
------------------------------------------------------------
[SEQ 324] [IEEE-BASELINE]
SCORE    : anomaly_score=19.008
DECISION : ALLOW
------------------------------------------------------------
[SEQ 325] [LAYER 0]
CMD      : M104 S200
TRUST    : acc_cmd=0.000 | acc_exec=0.333 | trust=0.085
DECISION : PAUSE
MACHINE  : Machine-3
------------------------------------------------------------
[SEQ 325] [STATIC-BASELINE]
CMD      : M104 | effects={'M': 104.0, 'S': 200.0, 'prev_temp': 220.0}
DECISION : ALLOW
------------------------------------------------------------
[SEQ 325] [IEEE-BASELINE]
SCORE    : anomaly_score=19.107
DECISION : ALLOW
------------------------------------------------------------
[SEQ 326] [LAYER 0]
CMD      : M104 S220
TRUST    : acc_cmd=0.000 | acc_exec=0.333 | trust=0.084
DECISION : PAUSE
MACHINE  : Machine-3
------------------------------------------------------------
[SEQ 326] [STATIC-BASELINE]
CMD      : M104 | effects={'M': 104.0, 'S': 220.0, 'prev_temp': 200.0}
DECISION : ALLOW
------------------------------------------------------------
[SEQ 326] [IEEE-BASELINE]
SCORE    : anomaly_score=19.196
DECISION : ALLOW
------------------------------------------------------------
[SEQ 327] [LAYER 0]
CMD      : M104 S200
TRUST    : acc_cmd=0.000 | acc_exec=0.333 | trust=0.083
DECISION : PAUSE
MACHINE  : Machine-3
------------------------------------------------------------
[SEQ 327] [STATIC-BASELINE]
CMD      : M104 | effects={'M': 104.0, 'S': 200.0, 'prev_temp': 220.0}
DECISION : ALLOW
------------------------------------------------------------
[SEQ 327] [IEEE-BASELINE]
SCORE    : anomaly_score=19.277
DECISION : ALLOW
------------------------------------------------------------
[SEQ 328] [LAYER 0]
CMD      : M104 S220
TRUST    : acc_cmd=0.000 | acc_exec=0.333 | trust=0.083
DECISION : PAUSE
MACHINE  : Machine-3
------------------------------------------------------------
[SEQ 328] [STATIC-BASELINE]
CMD      : M104 | effects={'M': 104.0, 'S': 220.0, 'prev_temp': 200.0}
DECISION : ALLOW
------------------------------------------------------------
[SEQ 328] [IEEE-BASELINE]
SCORE    : anomaly_score=19.349
DECISION : ALLOW
------------------------------------------------------------
[SEQ 329] [LAYER 0]
CMD      : M104 S200
TRUST    : acc_cmd=0.000 | acc_exec=0.333 | trust=0.082
DECISION : PAUSE
MACHINE  : Machine-3
------------------------------------------------------------
[SEQ 329] [STATIC-BASELINE]
CMD      : M104 | effects={'M': 104.0, 'S': 200.0, 'prev_temp': 220.0}
DECISION : ALLOW
------------------------------------------------------------
[SEQ 329] [IEEE-BASELINE]
SCORE    : anomaly_score=19.414
DECISION : ALLOW
------------------------------------------------------------
[SEQ 330] [LAYER 0]
CMD      : M104 S220
TRUST    : acc_cmd=0.000 | acc_exec=0.333 | trust=0.082
DECISION : PAUSE
MACHINE  : Machine-3
------------------------------------------------------------
[SEQ 330] [STATIC-BASELINE]
CMD      : M104 | effects={'M': 104.0, 'S': 220.0, 'prev_temp': 200.0}
DECISION : ALLOW
------------------------------------------------------------
[SEQ 330] [IEEE-BASELINE]
SCORE    : anomaly_score=19.473
DECISION : ALLOW
------------------------------------------------------------
[SEQ 331] [LAYER 0]
CMD      : M104 S200
TRUST    : acc_cmd=0.000 | acc_exec=0.333 | trust=0.082
DECISION : PAUSE
MACHINE  : Machine-3
------------------------------------------------------------
[SEQ 331] [STATIC-BASELINE]
CMD      : M104 | effects={'M': 104.0, 'S': 200.0, 'prev_temp': 220.0}
DECISION : ALLOW
------------------------------------------------------------
[SEQ 331] [IEEE-BASELINE]
SCORE    : anomaly_score=19.525
DECISION : ALLOW
------------------------------------------------------------
[SEQ 332] [LAYER 0]
CMD      : M104 S220
TRUST    : acc_cmd=0.000 | acc_exec=0.333 | trust=0.082
DECISION : PAUSE
MACHINE  : Machine-3
------------------------------------------------------------
[SEQ 332] [STATIC-BASELINE]
CMD      : M104 | effects={'M': 104.0, 'S': 220.0, 'prev_temp': 200.0}
DECISION : ALLOW
------------------------------------------------------------
[SEQ 332] [IEEE-BASELINE]
SCORE    : anomaly_score=19.573
DECISION : ALLOW
------------------------------------------------------------
[SEQ 333] [LAYER 0]
CMD      : M104 S200
TRUST    : acc_cmd=0.000 | acc_exec=0.333 | trust=0.082
DECISION : PAUSE
MACHINE  : Machine-3
------------------------------------------------------------
[SEQ 333] [STATIC-BASELINE]
CMD      : M104 | effects={'M': 104.0, 'S': 200.0, 'prev_temp': 220.0}
DECISION : ALLOW
------------------------------------------------------------
[SEQ 333] [IEEE-BASELINE]
SCORE    : anomaly_score=19.616
DECISION : ALLOW
------------------------------------------------------------
[SEQ 334] [LAYER 0]
CMD      : M104 S220
TRUST    : acc_cmd=0.000 | acc_exec=0.333 | trust=0.082
DECISION : PAUSE
MACHINE  : Machine-3
------------------------------------------------------------
[SEQ 334] [STATIC-BASELINE]
CMD      : M104 | effects={'M': 104.0, 'S': 220.0, 'prev_temp': 200.0}
DECISION : ALLOW
------------------------------------------------------------
[SEQ 334] [IEEE-BASELINE]
SCORE    : anomaly_score=19.654
DECISION : ALLOW
------------------------------------------------------------
[SEQ 335] [LAYER 0]
CMD      : M104 S200
TRUST    : acc_cmd=0.000 | acc_exec=0.333 | trust=0.082
DECISION : PAUSE
MACHINE  : Machine-3
------------------------------------------------------------
[SEQ 335] [STATIC-BASELINE]
CMD      : M104 | effects={'M': 104.0, 'S': 200.0, 'prev_temp': 220.0}
DECISION : ALLOW
------------------------------------------------------------
[SEQ 335] [IEEE-BASELINE]
SCORE    : anomaly_score=19.689
DECISION : ALLOW
------------------------------------------------------------
[SEQ 336] [LAYER 0]
CMD      : M104 S220
TRUST    : acc_cmd=0.000 | acc_exec=0.333 | trust=0.082
DECISION : PAUSE
MACHINE  : Machine-3
------------------------------------------------------------
[SEQ 336] [STATIC-BASELINE]
CMD      : M104 | effects={'M': 104.0, 'S': 220.0, 'prev_temp': 200.0}
DECISION : ALLOW
------------------------------------------------------------
[SEQ 336] [IEEE-BASELINE]
SCORE    : anomaly_score=19.720
DECISION : ALLOW
------------------------------------------------------------
[SEQ 337] [LAYER 0]
CMD      : M104 S200
TRUST    : acc_cmd=0.000 | acc_exec=0.333 | trust=0.082
DECISION : PAUSE
MACHINE  : Machine-3
------------------------------------------------------------
[SEQ 337] [STATIC-BASELINE]
CMD      : M104 | effects={'M': 104.0, 'S': 200.0, 'prev_temp': 220.0}
DECISION : ALLOW
------------------------------------------------------------
[SEQ 337] [IEEE-BASELINE]
SCORE    : anomaly_score=19.748
DECISION : ALLOW
------------------------------------------------------------
[SEQ 338] [LAYER 0]
CMD      : M104 S220
TRUST    : acc_cmd=0.000 | acc_exec=0.333 | trust=0.082
DECISION : PAUSE
MACHINE  : Machine-3
------------------------------------------------------------
[SEQ 338] [STATIC-BASELINE]
CMD      : M104 | effects={'M': 104.0, 'S': 220.0, 'prev_temp': 200.0}
DECISION : ALLOW
------------------------------------------------------------
[SEQ 338] [IEEE-BASELINE]
SCORE    : anomaly_score=19.773
DECISION : ALLOW
------------------------------------------------------------
[SEQ 339] [LAYER 0]
CMD      : M104 S200
TRUST    : acc_cmd=0.000 | acc_exec=0.333 | trust=0.082
DECISION : PAUSE
MACHINE  : Machine-3
------------------------------------------------------------
[SEQ 339] [STATIC-BASELINE]
CMD      : M104 | effects={'M': 104.0, 'S': 200.0, 'prev_temp': 220.0}
DECISION : ALLOW
------------------------------------------------------------
[SEQ 339] [IEEE-BASELINE]
SCORE    : anomaly_score=19.796
DECISION : ALLOW
------------------------------------------------------------
[SEQ 340] [LAYER 0]
CMD      : M104 S220
TRUST    : acc_cmd=0.000 | acc_exec=0.333 | trust=0.082
DECISION : PAUSE
MACHINE  : Machine-3
------------------------------------------------------------
[SEQ 340] [STATIC-BASELINE]
CMD      : M104 | effects={'M': 104.0, 'S': 220.0, 'prev_temp': 200.0}
DECISION : ALLOW
------------------------------------------------------------
[SEQ 340] [IEEE-BASELINE]
SCORE    : anomaly_score=19.816
DECISION : ALLOW
------------------------------------------------------------
[SEQ 341] [LAYER 0]
CMD      : M104 S200
TRUST    : acc_cmd=0.000 | acc_exec=0.333 | trust=0.082
DECISION : PAUSE
MACHINE  : Machine-3
------------------------------------------------------------
[SEQ 341] [STATIC-BASELINE]
CMD      : M104 | effects={'M': 104.0, 'S': 200.0, 'prev_temp': 220.0}
DECISION : ALLOW
------------------------------------------------------------
[SEQ 341] [IEEE-BASELINE]
SCORE    : anomaly_score=19.834
DECISION : ALLOW
------------------------------------------------------------
[SEQ 342] [LAYER 0]
CMD      : M104 S220
TRUST    : acc_cmd=0.000 | acc_exec=0.333 | trust=0.082
DECISION : PAUSE
MACHINE  : Machine-3
------------------------------------------------------------
[SEQ 342] [STATIC-BASELINE]
CMD      : M104 | effects={'M': 104.0, 'S': 220.0, 'prev_temp': 200.0}
DECISION : ALLOW
------------------------------------------------------------
[SEQ 342] [IEEE-BASELINE]
SCORE    : anomaly_score=19.851
DECISION : ALLOW
------------------------------------------------------------
[SEQ 343] [LAYER 0]
CMD      : M104 S200
TRUST    : acc_cmd=0.000 | acc_exec=0.333 | trust=0.082
DECISION : PAUSE
MACHINE  : Machine-3
------------------------------------------------------------
[SEQ 343] [STATIC-BASELINE]
CMD      : M104 | effects={'M': 104.0, 'S': 200.0, 'prev_temp': 220.0}
DECISION : ALLOW
------------------------------------------------------------
[SEQ 343] [IEEE-BASELINE]
SCORE    : anomaly_score=19.866
DECISION : ALLOW
------------------------------------------------------------
[SEQ 344] [LAYER 0]
CMD      : M104 S220
TRUST    : acc_cmd=0.000 | acc_exec=0.333 | trust=0.082
DECISION : PAUSE
MACHINE  : Machine-3
------------------------------------------------------------
[SEQ 344] [STATIC-BASELINE]
CMD      : M104 | effects={'M': 104.0, 'S': 220.0, 'prev_temp': 200.0}
DECISION : ALLOW
------------------------------------------------------------
[SEQ 344] [IEEE-BASELINE]
SCORE    : anomaly_score=19.879
DECISION : ALLOW
------------------------------------------------------------
[SEQ 345] [LAYER 0]
CMD      : M104 S200
TRUST    : acc_cmd=0.000 | acc_exec=0.333 | trust=0.082
DECISION : PAUSE
MACHINE  : Machine-3
------------------------------------------------------------
[SEQ 345] [STATIC-BASELINE]
CMD      : M104 | effects={'M': 104.0, 'S': 200.0, 'prev_temp': 220.0}
DECISION : ALLOW
------------------------------------------------------------
[SEQ 345] [IEEE-BASELINE]
SCORE    : anomaly_score=19.891
DECISION : ALLOW
------------------------------------------------------------
[SEQ 346] [LAYER 0]
CMD      : M104 S220
TRUST    : acc_cmd=0.000 | acc_exec=0.333 | trust=0.082
DECISION : PAUSE
MACHINE  : Machine-3
------------------------------------------------------------
[SEQ 346] [STATIC-BASELINE]
CMD      : M104 | effects={'M': 104.0, 'S': 220.0, 'prev_temp': 200.0}
DECISION : ALLOW
------------------------------------------------------------
[SEQ 346] [IEEE-BASELINE]
SCORE    : anomaly_score=19.902
DECISION : ALLOW
------------------------------------------------------------
[SEQ 347] [LAYER 0]
CMD      : M104 S200
TRUST    : acc_cmd=0.000 | acc_exec=0.333 | trust=0.082
DECISION : PAUSE
MACHINE  : Machine-3
------------------------------------------------------------
[SEQ 347] [STATIC-BASELINE]
CMD      : M104 | effects={'M': 104.0, 'S': 200.0, 'prev_temp': 220.0}
DECISION : ALLOW
------------------------------------------------------------
[SEQ 347] [IEEE-BASELINE]
SCORE    : anomaly_score=19.912
DECISION : ALLOW
------------------------------------------------------------
[SEQ 348] [LAYER 0]
CMD      : M104 S220
TRUST    : acc_cmd=0.000 | acc_exec=0.333 | trust=0.082
DECISION : PAUSE
MACHINE  : Machine-3
------------------------------------------------------------
[SEQ 348] [STATIC-BASELINE]
CMD      : M104 | effects={'M': 104.0, 'S': 220.0, 'prev_temp': 200.0}
DECISION : ALLOW
------------------------------------------------------------
[SEQ 348] [IEEE-BASELINE]
SCORE    : anomaly_score=19.921
DECISION : ALLOW
------------------------------------------------------------
[SEQ 349] [LAYER 0]
CMD      : M104 S200
TRUST    : acc_cmd=0.000 | acc_exec=0.333 | trust=0.082
DECISION : PAUSE
MACHINE  : Machine-3
------------------------------------------------------------
[SEQ 349] [STATIC-BASELINE]
CMD      : M104 | effects={'M': 104.0, 'S': 200.0, 'prev_temp': 220.0}
DECISION : ALLOW
------------------------------------------------------------
[SEQ 349] [IEEE-BASELINE]
SCORE    : anomaly_score=19.929
DECISION : ALLOW
------------------------------------------------------------
[SEQ 350] [LAYER 0]
CMD      : M104 S220
TRUST    : acc_cmd=0.000 | acc_exec=0.333 | trust=0.082
DECISION : PAUSE
MACHINE  : Machine-3
------------------------------------------------------------
[SEQ 350] [STATIC-BASELINE]
CMD      : M104 | effects={'M': 104.0, 'S': 220.0, 'prev_temp': 200.0}
DECISION : ALLOW
------------------------------------------------------------
[SEQ 350] [IEEE-BASELINE]
SCORE    : anomaly_score=19.936
DECISION : ALLOW
------------------------------------------------------------
[SEQ 351] [LAYER 0]
CMD      : M104 S200
TRUST    : acc_cmd=0.000 | acc_exec=0.333 | trust=0.082
DECISION : PAUSE
MACHINE  : Machine-3
------------------------------------------------------------
[SEQ 351] [STATIC-BASELINE]
CMD      : M104 | effects={'M': 104.0, 'S': 200.0, 'prev_temp': 220.0}
DECISION : ALLOW
------------------------------------------------------------
[SEQ 351] [IEEE-BASELINE]
SCORE    : anomaly_score=19.942
DECISION : ALLOW
------------------------------------------------------------
[SEQ 352] [LAYER 0]
CMD      : M104 S220
TRUST    : acc_cmd=0.000 | acc_exec=0.333 | trust=0.082
DECISION : PAUSE
MACHINE  : Machine-3
------------------------------------------------------------
[SEQ 352] [STATIC-BASELINE]
CMD      : M104 | effects={'M': 104.0, 'S': 220.0, 'prev_temp': 200.0}
DECISION : ALLOW
------------------------------------------------------------
[SEQ 352] [IEEE-BASELINE]
SCORE    : anomaly_score=19.948
DECISION : ALLOW
------------------------------------------------------------
[SEQ 353] [LAYER 0]
CMD      : M104 S200
TRUST    : acc_cmd=0.000 | acc_exec=0.333 | trust=0.082
DECISION : PAUSE
MACHINE  : Machine-3
------------------------------------------------------------
[SEQ 353] [STATIC-BASELINE]
CMD      : M104 | effects={'M': 104.0, 'S': 200.0, 'prev_temp': 220.0}
DECISION : ALLOW
------------------------------------------------------------
[SEQ 353] [IEEE-BASELINE]
SCORE    : anomaly_score=19.953
DECISION : ALLOW
------------------------------------------------------------
[SEQ 354] [LAYER 0]
CMD      : M104 S220
TRUST    : acc_cmd=0.000 | acc_exec=0.333 | trust=0.082
DECISION : PAUSE
MACHINE  : Machine-3
------------------------------------------------------------
[SEQ 354] [STATIC-BASELINE]
CMD      : M104 | effects={'M': 104.0, 'S': 220.0, 'prev_temp': 200.0}
DECISION : ALLOW
------------------------------------------------------------
[SEQ 354] [IEEE-BASELINE]
SCORE    : anomaly_score=19.958
DECISION : ALLOW
------------------------------------------------------------
[SEQ 355] [LAYER 0]
CMD      : M104 S200
TRUST    : acc_cmd=0.000 | acc_exec=0.333 | trust=0.082
DECISION : PAUSE
MACHINE  : Machine-3
------------------------------------------------------------
[SEQ 355] [STATIC-BASELINE]
CMD      : M104 | effects={'M': 104.0, 'S': 200.0, 'prev_temp': 220.0}
DECISION : ALLOW
------------------------------------------------------------
[SEQ 355] [IEEE-BASELINE]
SCORE    : anomaly_score=19.962
DECISION : ALLOW
------------------------------------------------------------
[SEQ 356] [LAYER 0]
CMD      : M104 S220
TRUST    : acc_cmd=0.000 | acc_exec=0.333 | trust=0.082
DECISION : PAUSE
MACHINE  : Machine-3
------------------------------------------------------------
[SEQ 356] [STATIC-BASELINE]
CMD      : M104 | effects={'M': 104.0, 'S': 220.0, 'prev_temp': 200.0}
DECISION : ALLOW
------------------------------------------------------------
[SEQ 356] [IEEE-BASELINE]
SCORE    : anomaly_score=19.966
DECISION : ALLOW
------------------------------------------------------------
[SEQ 357] [LAYER 0]
CMD      : M104 S200
TRUST    : acc_cmd=0.000 | acc_exec=0.333 | trust=0.082
DECISION : PAUSE
MACHINE  : Machine-3
------------------------------------------------------------
[SEQ 357] [STATIC-BASELINE]
CMD      : M104 | effects={'M': 104.0, 'S': 200.0, 'prev_temp': 220.0}
DECISION : ALLOW
------------------------------------------------------------
[SEQ 357] [IEEE-BASELINE]
SCORE    : anomaly_score=19.969
DECISION : ALLOW
------------------------------------------------------------
[SEQ 358] [LAYER 0]
CMD      : M104 S220
TRUST    : acc_cmd=0.000 | acc_exec=0.333 | trust=0.082
DECISION : PAUSE
MACHINE  : Machine-3
------------------------------------------------------------
[SEQ 358] [STATIC-BASELINE]
CMD      : M104 | effects={'M': 104.0, 'S': 220.0, 'prev_temp': 200.0}
DECISION : ALLOW
------------------------------------------------------------
[SEQ 358] [IEEE-BASELINE]
SCORE    : anomaly_score=19.972
DECISION : ALLOW
------------------------------------------------------------
[SEQ 359] [LAYER 0]
CMD      : M104 S200
TRUST    : acc_cmd=0.000 | acc_exec=0.333 | trust=0.082
DECISION : PAUSE
MACHINE  : Machine-3
------------------------------------------------------------
[SEQ 359] [STATIC-BASELINE]
CMD      : M104 | effects={'M': 104.0, 'S': 200.0, 'prev_temp': 220.0}
DECISION : ALLOW
------------------------------------------------------------
[SEQ 359] [IEEE-BASELINE]
SCORE    : anomaly_score=19.975
DECISION : ALLOW
------------------------------------------------------------
[SEQ 360] [LAYER 0]
CMD      : M104 S220
TRUST    : acc_cmd=0.000 | acc_exec=0.333 | trust=0.082
DECISION : PAUSE
MACHINE  : Machine-3
------------------------------------------------------------
[SEQ 360] [STATIC-BASELINE]
CMD      : M104 | effects={'M': 104.0, 'S': 220.0, 'prev_temp': 200.0}
DECISION : ALLOW
------------------------------------------------------------
[SEQ 360] [IEEE-BASELINE]
SCORE    : anomaly_score=19.978
DECISION : ALLOW
------------------------------------------------------------
[SEQ 361] [LAYER 0]
CMD      : M104 S200
TRUST    : acc_cmd=0.000 | acc_exec=0.333 | trust=0.082
DECISION : PAUSE
MACHINE  : Machine-3
------------------------------------------------------------
[SEQ 361] [STATIC-BASELINE]
CMD      : M104 | effects={'M': 104.0, 'S': 200.0, 'prev_temp': 220.0}
DECISION : ALLOW
------------------------------------------------------------
[SEQ 361] [IEEE-BASELINE]
SCORE    : anomaly_score=19.980
DECISION : ALLOW
------------------------------------------------------------
[SEQ 362] [LAYER 0]
CMD      : M104 S220
TRUST    : acc_cmd=0.000 | acc_exec=0.333 | trust=0.082
DECISION : PAUSE
MACHINE  : Machine-3
------------------------------------------------------------
[SEQ 362] [STATIC-BASELINE]
CMD      : M104 | effects={'M': 104.0, 'S': 220.0, 'prev_temp': 200.0}
DECISION : ALLOW
------------------------------------------------------------
[SEQ 362] [IEEE-BASELINE]
SCORE    : anomaly_score=19.982
DECISION : ALLOW
------------------------------------------------------------
[SEQ 363] [LAYER 0]
CMD      : M104 S200
TRUST    : acc_cmd=0.000 | acc_exec=0.333 | trust=0.082
DECISION : PAUSE
MACHINE  : Machine-3
------------------------------------------------------------
[SEQ 363] [STATIC-BASELINE]
CMD      : M104 | effects={'M': 104.0, 'S': 200.0, 'prev_temp': 220.0}
DECISION : ALLOW
------------------------------------------------------------
[SEQ 363] [IEEE-BASELINE]
SCORE    : anomaly_score=19.984
DECISION : ALLOW
------------------------------------------------------------
[SEQ 364] [LAYER 0]
CMD      : M104 S220
TRUST    : acc_cmd=0.000 | acc_exec=0.333 | trust=0.082
DECISION : PAUSE
MACHINE  : Machine-3
------------------------------------------------------------
[SEQ 364] [STATIC-BASELINE]
CMD      : M104 | effects={'M': 104.0, 'S': 220.0, 'prev_temp': 200.0}
DECISION : ALLOW
------------------------------------------------------------
[SEQ 364] [IEEE-BASELINE]
SCORE    : anomaly_score=19.985
DECISION : ALLOW
------------------------------------------------------------
[SEQ 365] [LAYER 0]
CMD      : M104 S200
TRUST    : acc_cmd=0.000 | acc_exec=0.333 | trust=0.082
DECISION : PAUSE
MACHINE  : Machine-3
------------------------------------------------------------
[SEQ 365] [STATIC-BASELINE]
CMD      : M104 | effects={'M': 104.0, 'S': 200.0, 'prev_temp': 220.0}
DECISION : ALLOW
------------------------------------------------------------
[SEQ 365] [IEEE-BASELINE]
SCORE    : anomaly_score=19.987
DECISION : ALLOW
------------------------------------------------------------
[SEQ 366] [LAYER 0]
CMD      : M104 S220
TRUST    : acc_cmd=0.000 | acc_exec=0.333 | trust=0.082
DECISION : PAUSE
MACHINE  : Machine-3
------------------------------------------------------------
[SEQ 366] [STATIC-BASELINE]
CMD      : M104 | effects={'M': 104.0, 'S': 220.0, 'prev_temp': 200.0}
DECISION : ALLOW
------------------------------------------------------------
[SEQ 366] [IEEE-BASELINE]
SCORE    : anomaly_score=19.988
DECISION : ALLOW
------------------------------------------------------------
[SEQ 367] [LAYER 0]
CMD      : M104 S200
TRUST    : acc_cmd=0.000 | acc_exec=0.333 | trust=0.082
DECISION : PAUSE
MACHINE  : Machine-3
------------------------------------------------------------
[SEQ 367] [STATIC-BASELINE]
CMD      : M104 | effects={'M': 104.0, 'S': 200.0, 'prev_temp': 220.0}
DECISION : ALLOW
------------------------------------------------------------
[SEQ 367] [IEEE-BASELINE]
SCORE    : anomaly_score=19.989
DECISION : ALLOW
------------------------------------------------------------
[SEQ 368] [LAYER 0]
CMD      : M104 S220
TRUST    : acc_cmd=0.000 | acc_exec=0.333 | trust=0.082
DECISION : PAUSE
MACHINE  : Machine-3
------------------------------------------------------------
[SEQ 368] [STATIC-BASELINE]
CMD      : M104 | effects={'M': 104.0, 'S': 220.0, 'prev_temp': 200.0}
DECISION : ALLOW
------------------------------------------------------------
[SEQ 368] [IEEE-BASELINE]
SCORE    : anomaly_score=19.990
DECISION : ALLOW
------------------------------------------------------------
[SEQ 369] [LAYER 0]
CMD      : M104 S200
TRUST    : acc_cmd=0.000 | acc_exec=0.333 | trust=0.082
DECISION : PAUSE
MACHINE  : Machine-3
------------------------------------------------------------
[SEQ 369] [STATIC-BASELINE]
CMD      : M104 | effects={'M': 104.0, 'S': 200.0, 'prev_temp': 220.0}
DECISION : ALLOW
------------------------------------------------------------
[SEQ 369] [IEEE-BASELINE]
SCORE    : anomaly_score=19.991
DECISION : ALLOW
------------------------------------------------------------
[SEQ 370] [LAYER 0]
CMD      : G1 X168.139 Y118.195 E9.9832
TRUST    : acc_cmd=0.000 | acc_exec=1.000 | trust=0.039
DECISION : PAUSE
MACHINE  : Machine-3
------------------------------------------------------------
[SEQ 370] [STATIC-BASELINE]
CMD      : G1 | effects={'dx': 6.692000000000007, 'dy': 0.7639999999999958, 'dz': 0.0, 'de': 1.96725, 'xy_dist': 6.735470287960603, 'params': {'G': 1.0, 'X': 168.139, 'Y': 118.195, 'E': 9.9832}}
DECISION : ALLOW
------------------------------------------------------------
[SEQ 370] [IEEE-BASELINE]
SCORE    : anomaly_score=28.001
DECISION : ALLOW
------------------------------------------------------------
[SEQ 371] [LAYER 0]
CMD      : M104 S220
TRUST    : acc_cmd=0.000 | acc_exec=0.333 | trust=0.031
DECISION : PAUSE
MACHINE  : Machine-3
------------------------------------------------------------
[SEQ 371] [STATIC-BASELINE]
CMD      : M104 | effects={'M': 104.0, 'S': 220.0, 'prev_temp': 200.0}
DECISION : ALLOW
------------------------------------------------------------
[SEQ 371] [IEEE-BASELINE]
SCORE    : anomaly_score=27.201
DECISION : ALLOW
------------------------------------------------------------
[SEQ 372] [LAYER 0]
CMD      : M104 S200
TRUST    : acc_cmd=0.000 | acc_exec=0.333 | trust=0.036
DECISION : PAUSE
MACHINE  : Machine-3
------------------------------------------------------------
[SEQ 372] [STATIC-BASELINE]
CMD      : M104 | effects={'M': 104.0, 'S': 200.0, 'prev_temp': 220.0}
DECISION : ALLOW
------------------------------------------------------------
[SEQ 372] [IEEE-BASELINE]
SCORE    : anomaly_score=26.481
DECISION : ALLOW
------------------------------------------------------------
[SEQ 373] [LAYER 0]
CMD      : M104 S220
TRUST    : acc_cmd=0.000 | acc_exec=0.333 | trust=0.046
DECISION : PAUSE
MACHINE  : Machine-3
------------------------------------------------------------
[SEQ 373] [STATIC-BASELINE]
CMD      : M104 | effects={'M': 104.0, 'S': 220.0, 'prev_temp': 200.0}
DECISION : ALLOW
------------------------------------------------------------
[SEQ 373] [IEEE-BASELINE]
SCORE    : anomaly_score=25.833
DECISION : ALLOW
------------------------------------------------------------
[SEQ 374] [LAYER 0]
CMD      : M104 S200
TRUST    : acc_cmd=0.000 | acc_exec=0.333 | trust=0.057
DECISION : PAUSE
MACHINE  : Machine-3
------------------------------------------------------------
[SEQ 374] [STATIC-BASELINE]
CMD      : M104 | effects={'M': 104.0, 'S': 200.0, 'prev_temp': 220.0}
DECISION : ALLOW
------------------------------------------------------------
[SEQ 374] [IEEE-BASELINE]
SCORE    : anomaly_score=25.249
DECISION : ALLOW
------------------------------------------------------------
[SEQ 375] [LAYER 0]
CMD      : M104 S220
TRUST    : acc_cmd=0.000 | acc_exec=0.333 | trust=0.065
DECISION : PAUSE
MACHINE  : Machine-3
------------------------------------------------------------
[SEQ 375] [STATIC-BASELINE]
CMD      : M104 | effects={'M': 104.0, 'S': 220.0, 'prev_temp': 200.0}
DECISION : ALLOW
------------------------------------------------------------
[SEQ 375] [IEEE-BASELINE]
SCORE    : anomaly_score=24.724
DECISION : ALLOW
------------------------------------------------------------
[SEQ 376] [LAYER 0]
CMD      : G1 X166.415 Y123.303 E10.09721
TRUST    : acc_cmd=0.000 | acc_exec=0.000 | trust=0.148
DECISION : PAUSE
MACHINE  : Machine-3
------------------------------------------------------------
[SEQ 376] [STATIC-BASELINE]
CMD      : G1 | effects={'dx': -1.724000000000018, 'dy': 5.108000000000004, 'dz': 0.0, 'de': 0.11401000000000039, 'xy_dist': 5.391088943803478, 'params': {'G': 1.0, 'X': 166.415, 'Y': 123.303, 'E': 10.09721}}
DECISION : ALLOW
------------------------------------------------------------
[SEQ 376] [IEEE-BASELINE]
SCORE    : anomaly_score=22.252
DECISION : ALLOW
------------------------------------------------------------
[SEQ 377] [LAYER 0]
CMD      : M104 S200
TRUST    : acc_cmd=0.000 | acc_exec=0.333 | trust=0.144
DECISION : PAUSE
MACHINE  : Machine-3
------------------------------------------------------------
[SEQ 377] [STATIC-BASELINE]
CMD      : M104 | effects={'M': 104.0, 'S': 200.0, 'prev_temp': 220.0}
DECISION : ALLOW
------------------------------------------------------------
[SEQ 377] [IEEE-BASELINE]
SCORE    : anomaly_score=22.027
DECISION : ALLOW
------------------------------------------------------------
[SEQ 378] [LAYER 0]
CMD      : M104 S220
TRUST    : acc_cmd=0.000 | acc_exec=0.333 | trust=0.126
DECISION : PAUSE
MACHINE  : Machine-3
------------------------------------------------------------
[SEQ 378] [STATIC-BASELINE]
CMD      : M104 | effects={'M': 104.0, 'S': 220.0, 'prev_temp': 200.0}
DECISION : ALLOW
------------------------------------------------------------
[SEQ 378] [IEEE-BASELINE]
SCORE    : anomaly_score=21.824
DECISION : ALLOW
------------------------------------------------------------
[SEQ 379] [LAYER 0]
CMD      : M104 S200
TRUST    : acc_cmd=0.000 | acc_exec=0.333 | trust=0.110
DECISION : PAUSE
MACHINE  : Machine-3
------------------------------------------------------------
[SEQ 379] [STATIC-BASELINE]
CMD      : M104 | effects={'M': 104.0, 'S': 200.0, 'prev_temp': 220.0}
DECISION : ALLOW
------------------------------------------------------------
[SEQ 379] [IEEE-BASELINE]
SCORE    : anomaly_score=21.642
DECISION : ALLOW
------------------------------------------------------------
[SEQ 380] [LAYER 0]
CMD      : M104 S220
TRUST    : acc_cmd=0.000 | acc_exec=0.333 | trust=0.099
DECISION : PAUSE
MACHINE  : Machine-3
------------------------------------------------------------
[SEQ 380] [STATIC-BASELINE]
CMD      : M104 | effects={'M': 104.0, 'S': 220.0, 'prev_temp': 200.0}
DECISION : ALLOW
------------------------------------------------------------
[SEQ 380] [IEEE-BASELINE]
SCORE    : anomaly_score=21.477
DECISION : ALLOW
------------------------------------------------------------
[SEQ 381] [LAYER 0]
CMD      : M104 S200
TRUST    : acc_cmd=0.000 | acc_exec=0.333 | trust=0.093
DECISION : PAUSE
MACHINE  : Machine-3
------------------------------------------------------------
[SEQ 381] [STATIC-BASELINE]
CMD      : M104 | effects={'M': 104.0, 'S': 200.0, 'prev_temp': 220.0}
DECISION : ALLOW
------------------------------------------------------------
[SEQ 381] [IEEE-BASELINE]
SCORE    : anomaly_score=21.330
DECISION : ALLOW
------------------------------------------------------------
[SEQ 382] [LAYER 0]
CMD      : M104 S220
TRUST    : acc_cmd=0.000 | acc_exec=0.333 | trust=0.088
DECISION : PAUSE
MACHINE  : Machine-3
------------------------------------------------------------
[SEQ 382] [STATIC-BASELINE]
CMD      : M104 | effects={'M': 104.0, 'S': 220.0, 'prev_temp': 200.0}
DECISION : ALLOW
------------------------------------------------------------
[SEQ 382] [IEEE-BASELINE]
SCORE    : anomaly_score=21.197
DECISION : ALLOW
------------------------------------------------------------
[SEQ 383] [LAYER 0]
CMD      : M104 S200
TRUST    : acc_cmd=0.000 | acc_exec=0.333 | trust=0.086
DECISION : PAUSE
MACHINE  : Machine-3
------------------------------------------------------------
[SEQ 383] [STATIC-BASELINE]
CMD      : M104 | effects={'M': 104.0, 'S': 200.0, 'prev_temp': 220.0}
DECISION : ALLOW
------------------------------------------------------------
[SEQ 383] [IEEE-BASELINE]
SCORE    : anomaly_score=21.077
DECISION : ALLOW
------------------------------------------------------------
[SEQ 384] [LAYER 0]
CMD      : M104 S220
TRUST    : acc_cmd=0.000 | acc_exec=0.333 | trust=0.084
DECISION : PAUSE
MACHINE  : Machine-3
------------------------------------------------------------
[SEQ 384] [STATIC-BASELINE]
CMD      : M104 | effects={'M': 104.0, 'S': 220.0, 'prev_temp': 200.0}
DECISION : ALLOW
------------------------------------------------------------
[SEQ 384] [IEEE-BASELINE]
SCORE    : anomaly_score=20.969
DECISION : ALLOW
------------------------------------------------------------
[SEQ 385] [LAYER 0]
CMD      : M104 S200
TRUST    : acc_cmd=0.000 | acc_exec=0.333 | trust=0.083
DECISION : PAUSE
MACHINE  : Machine-3
------------------------------------------------------------
[SEQ 385] [STATIC-BASELINE]
CMD      : M104 | effects={'M': 104.0, 'S': 200.0, 'prev_temp': 220.0}
DECISION : ALLOW
------------------------------------------------------------
[SEQ 385] [IEEE-BASELINE]
SCORE    : anomaly_score=20.872
DECISION : ALLOW
------------------------------------------------------------
[SEQ 386] [LAYER 0]
CMD      : M104 S220
TRUST    : acc_cmd=0.000 | acc_exec=0.333 | trust=0.083
DECISION : PAUSE
MACHINE  : Machine-3
------------------------------------------------------------
[SEQ 386] [STATIC-BASELINE]
CMD      : M104 | effects={'M': 104.0, 'S': 220.0, 'prev_temp': 200.0}
DECISION : ALLOW
------------------------------------------------------------
[SEQ 386] [IEEE-BASELINE]
SCORE    : anomaly_score=20.785
DECISION : ALLOW
------------------------------------------------------------
[SEQ 387] [LAYER 0]
CMD      : M104 S200
TRUST    : acc_cmd=0.000 | acc_exec=0.333 | trust=0.083
DECISION : PAUSE
MACHINE  : Machine-3
------------------------------------------------------------
[SEQ 387] [STATIC-BASELINE]
CMD      : M104 | effects={'M': 104.0, 'S': 200.0, 'prev_temp': 220.0}
DECISION : ALLOW
------------------------------------------------------------
[SEQ 387] [IEEE-BASELINE]
SCORE    : anomaly_score=20.707
DECISION : ALLOW
------------------------------------------------------------
[SEQ 388] [LAYER 0]
CMD      : M104 S220
TRUST    : acc_cmd=0.000 | acc_exec=0.333 | trust=0.082
DECISION : PAUSE
MACHINE  : Machine-3
------------------------------------------------------------
[SEQ 388] [STATIC-BASELINE]
CMD      : M104 | effects={'M': 104.0, 'S': 220.0, 'prev_temp': 200.0}
DECISION : ALLOW
------------------------------------------------------------
[SEQ 388] [IEEE-BASELINE]
SCORE    : anomaly_score=20.636
DECISION : ALLOW
------------------------------------------------------------
[SEQ 389] [LAYER 0]
CMD      : M104 S200
TRUST    : acc_cmd=0.000 | acc_exec=0.333 | trust=0.082
DECISION : PAUSE
MACHINE  : Machine-3
------------------------------------------------------------
[SEQ 389] [STATIC-BASELINE]
CMD      : M104 | effects={'M': 104.0, 'S': 200.0, 'prev_temp': 220.0}
DECISION : ALLOW
------------------------------------------------------------
[SEQ 389] [IEEE-BASELINE]
SCORE    : anomaly_score=20.572
DECISION : ALLOW
------------------------------------------------------------
[SEQ 390] [LAYER 0]
CMD      : G1 X165.342 Y116.826 E10.33615
TRUST    : acc_cmd=0.000 | acc_exec=0.000 | trust=0.167
DECISION : PAUSE
MACHINE  : Machine-3
------------------------------------------------------------
[SEQ 390] [STATIC-BASELINE]
CMD      : G1 | effects={'dx': -1.072999999999979, 'dy': -6.477000000000004, 'dz': 0.0, 'de': 0.2389399999999995, 'xy_dist': 6.565276688761869, 'params': {'G': 1.0, 'X': 165.342, 'Y': 116.826, 'E': 10.33615}}
DECISION : ALLOW
------------------------------------------------------------
[SEQ 390] [IEEE-BASELINE]
SCORE    : anomaly_score=18.515
DECISION : ALLOW
------------------------------------------------------------
[SEQ 391] [LAYER 0]
CMD      : M104 S220
TRUST    : acc_cmd=0.000 | acc_exec=0.333 | trust=0.157
DECISION : PAUSE
MACHINE  : Machine-3
------------------------------------------------------------
[SEQ 391] [STATIC-BASELINE]
CMD      : M104 | effects={'M': 104.0, 'S': 220.0, 'prev_temp': 200.0}
DECISION : ALLOW
------------------------------------------------------------
[SEQ 391] [IEEE-BASELINE]
SCORE    : anomaly_score=18.664
DECISION : ALLOW
------------------------------------------------------------
[SEQ 392] [LAYER 0]
CMD      : M104 S200
TRUST    : acc_cmd=0.000 | acc_exec=0.333 | trust=0.133
DECISION : PAUSE
MACHINE  : Machine-3
------------------------------------------------------------
[SEQ 392] [STATIC-BASELINE]
CMD      : M104 | effects={'M': 104.0, 'S': 200.0, 'prev_temp': 220.0}
DECISION : ALLOW
------------------------------------------------------------
[SEQ 392] [IEEE-BASELINE]
SCORE    : anomaly_score=18.797
DECISION : ALLOW
------------------------------------------------------------
[SEQ 393] [LAYER 0]
CMD      : M104 S220
TRUST    : acc_cmd=0.000 | acc_exec=0.333 | trust=0.114
DECISION : PAUSE
MACHINE  : Machine-3
------------------------------------------------------------
[SEQ 393] [STATIC-BASELINE]
CMD      : M104 | effects={'M': 104.0, 'S': 220.0, 'prev_temp': 200.0}
DECISION : ALLOW
------------------------------------------------------------
[SEQ 393] [IEEE-BASELINE]
SCORE    : anomaly_score=18.918
DECISION : ALLOW
------------------------------------------------------------
[SEQ 394] [LAYER 0]
CMD      : M104 S200
TRUST    : acc_cmd=0.000 | acc_exec=0.333 | trust=0.102
DECISION : PAUSE
MACHINE  : Machine-3
------------------------------------------------------------
[SEQ 394] [STATIC-BASELINE]
CMD      : M104 | effects={'M': 104.0, 'S': 200.0, 'prev_temp': 220.0}
DECISION : ALLOW
------------------------------------------------------------
[SEQ 394] [IEEE-BASELINE]
SCORE    : anomaly_score=19.026
DECISION : ALLOW
------------------------------------------------------------
[SEQ 395] [LAYER 0]
CMD      : M104 S220
TRUST    : acc_cmd=0.000 | acc_exec=0.333 | trust=0.094
DECISION : PAUSE
MACHINE  : Machine-3
------------------------------------------------------------
[SEQ 395] [STATIC-BASELINE]
CMD      : M104 | effects={'M': 104.0, 'S': 220.0, 'prev_temp': 200.0}
DECISION : ALLOW
------------------------------------------------------------
[SEQ 395] [IEEE-BASELINE]
SCORE    : anomaly_score=19.123
DECISION : ALLOW
------------------------------------------------------------
[SEQ 396] [LAYER 0]
CMD      : M104 S200
TRUST    : acc_cmd=0.000 | acc_exec=0.333 | trust=0.089
DECISION : PAUSE
MACHINE  : Machine-3
------------------------------------------------------------
[SEQ 396] [STATIC-BASELINE]
CMD      : M104 | effects={'M': 104.0, 'S': 200.0, 'prev_temp': 220.0}
DECISION : ALLOW
------------------------------------------------------------
[SEQ 396] [IEEE-BASELINE]
SCORE    : anomaly_score=19.211
DECISION : ALLOW
------------------------------------------------------------
[SEQ 397] [LAYER 0]
CMD      : G1 X167.44 Y122.063 E10.46615
TRUST    : acc_cmd=0.000 | acc_exec=0.000 | trust=0.173
DECISION : PAUSE
MACHINE  : Machine-3
------------------------------------------------------------
[SEQ 397] [STATIC-BASELINE]
CMD      : G1 | effects={'dx': 2.0979999999999848, 'dy': 5.237000000000009, 'dz': 0.0, 'de': 0.13000000000000078, 'xy_dist': 5.641610851521047, 'params': {'G': 1.0, 'X': 167.44, 'Y': 122.063, 'E': 10.46615}}
DECISION : ALLOW
------------------------------------------------------------
[SEQ 397] [IEEE-BASELINE]
SCORE    : anomaly_score=17.290
DECISION : ALLOW
------------------------------------------------------------
[SEQ 398] [LAYER 0]
CMD      : G1 X166.749 Y122.659 E10.48332
TRUST    : acc_cmd=0.000 | acc_exec=0.000 | trust=0.317
DECISION : PAUSE
MACHINE  : Machine-3
------------------------------------------------------------
[SEQ 398] [STATIC-BASELINE]
CMD      : G1 | effects={'dx': -0.6910000000000025, 'dy': 0.5960000000000036, 'dz': 0.0, 'de': 0.01717000000000013, 'xy_dist': 0.9125223284939431, 'params': {'G': 1.0, 'X': 166.749, 'Y': 122.659, 'E': 10.48332}}
DECISION : ALLOW
------------------------------------------------------------
[SEQ 398] [IEEE-BASELINE]
SCORE    : anomaly_score=15.561
DECISION : ALLOW
------------------------------------------------------------
[SEQ 399] [LAYER 0]
CMD      : M104 S220
TRUST    : acc_cmd=0.000 | acc_exec=0.333 | trust=0.257
DECISION : PAUSE
MACHINE  : Machine-3
------------------------------------------------------------
[SEQ 399] [STATIC-BASELINE]
CMD      : M104 | effects={'M': 104.0, 'S': 220.0, 'prev_temp': 200.0}
DECISION : ALLOW
------------------------------------------------------------
[SEQ 399] [IEEE-BASELINE]
SCORE    : anomaly_score=16.005
DECISION : ALLOW
------------------------------------------------------------
[SEQ 400] [LAYER 0]
CMD      : G1 X165.487 Y123.156 E10.50899
TRUST    : acc_cmd=0.000 | acc_exec=0.000 | trust=0.342
DECISION : PAUSE
MACHINE  : Machine-3
------------------------------------------------------------
[SEQ 400] [STATIC-BASELINE]
CMD      : G1 | effects={'dx': -1.2620000000000005, 'dy': 0.4969999999999999, 'dz': 0.0, 'de': 0.02566999999999986, 'xy_dist': 1.3563380846971749, 'params': {'G': 1.0, 'X': 165.487, 'Y': 123.156, 'E': 10.50899}}
DECISION : ALLOW
------------------------------------------------------------
[SEQ 400] [IEEE-BASELINE]
SCORE    : anomaly_score=14.404
DECISION : ALLOW
------------------------------------------------------------
[SEQ 401] [LAYER 0]
CMD      : M104 S200
TRUST    : acc_cmd=0.000 | acc_exec=0.333 | trust=0.264
DECISION : PAUSE
MACHINE  : Machine-3
------------------------------------------------------------
[SEQ 401] [STATIC-BASELINE]
CMD      : M104 | effects={'M': 104.0, 'S': 200.0, 'prev_temp': 220.0}
DECISION : ALLOW
------------------------------------------------------------
[SEQ 401] [IEEE-BASELINE]
SCORE    : anomaly_score=14.964
DECISION : ALLOW
------------------------------------------------------------
[SEQ 402] [LAYER 0]
CMD      : M104 S220
TRUST    : acc_cmd=0.000 | acc_exec=0.333 | trust=0.193
DECISION : PAUSE
MACHINE  : Machine-3
------------------------------------------------------------
[SEQ 402] [STATIC-BASELINE]
CMD      : M104 | effects={'M': 104.0, 'S': 220.0, 'prev_temp': 200.0}
DECISION : ALLOW
------------------------------------------------------------
[SEQ 402] [IEEE-BASELINE]
SCORE    : anomaly_score=15.467
DECISION : ALLOW
------------------------------------------------------------
[SEQ 403] [LAYER 0]
CMD      : M104 S200
TRUST    : acc_cmd=0.000 | acc_exec=0.333 | trust=0.146
DECISION : PAUSE
MACHINE  : Machine-3
------------------------------------------------------------
[SEQ 403] [STATIC-BASELINE]
CMD      : M104 | effects={'M': 104.0, 'S': 200.0, 'prev_temp': 220.0}
DECISION : ALLOW
------------------------------------------------------------
[SEQ 403] [IEEE-BASELINE]
SCORE    : anomaly_score=15.921
DECISION : ALLOW
------------------------------------------------------------
[SEQ 404] [LAYER 0]
CMD      : M104 S220
TRUST    : acc_cmd=0.000 | acc_exec=0.333 | trust=0.119
DECISION : PAUSE
MACHINE  : Machine-3
------------------------------------------------------------
[SEQ 404] [STATIC-BASELINE]
CMD      : M104 | effects={'M': 104.0, 'S': 220.0, 'prev_temp': 200.0}
DECISION : ALLOW
------------------------------------------------------------
[SEQ 404] [IEEE-BASELINE]
SCORE    : anomaly_score=16.329
DECISION : ALLOW
------------------------------------------------------------
[SEQ 405] [LAYER 0]
CMD      : G1 X161.844 Y120.481 E10.60341
TRUST    : acc_cmd=0.000 | acc_exec=0.000 | trust=0.199
DECISION : PAUSE
MACHINE  : Machine-3
------------------------------------------------------------
[SEQ 405] [STATIC-BASELINE]
CMD      : G1 | effects={'dx': -3.6430000000000007, 'dy': -2.6750000000000114, 'dz': 0.0, 'de': 0.0944199999999995, 'xy_dist': 4.519632064670759, 'params': {'G': 1.0, 'X': 161.844, 'Y': 120.481, 'E': 10.60341}}
DECISION : ALLOW
------------------------------------------------------------
[SEQ 405] [IEEE-BASELINE]
SCORE    : anomaly_score=14.696
DECISION : ALLOW
------------------------------------------------------------
[SEQ 406] [LAYER 0]
CMD      : M104 S200
TRUST    : acc_cmd=0.000 | acc_exec=0.333 | trust=0.176
DECISION : PAUSE
MACHINE  : Machine-3
------------------------------------------------------------
[SEQ 406] [STATIC-BASELINE]
CMD      : M104 | effects={'M': 104.0, 'S': 200.0, 'prev_temp': 220.0}
DECISION : ALLOW
------------------------------------------------------------
[SEQ 406] [IEEE-BASELINE]
SCORE    : anomaly_score=15.226
DECISION : ALLOW
------------------------------------------------------------
[SEQ 407] [LAYER 0]
CMD      : M104 S220
TRUST    : acc_cmd=0.000 | acc_exec=0.333 | trust=0.144
DECISION : PAUSE
MACHINE  : Machine-3
------------------------------------------------------------
[SEQ 407] [STATIC-BASELINE]
CMD      : M104 | effects={'M': 104.0, 'S': 220.0, 'prev_temp': 200.0}
DECISION : ALLOW
------------------------------------------------------------
[SEQ 407] [IEEE-BASELINE]
SCORE    : anomaly_score=15.704
DECISION : ALLOW
------------------------------------------------------------
[SEQ 408] [LAYER 0]
CMD      : M104 S200
TRUST    : acc_cmd=0.000 | acc_exec=0.333 | trust=0.120
DECISION : PAUSE
MACHINE  : Machine-3
------------------------------------------------------------
[SEQ 408] [STATIC-BASELINE]
CMD      : M104 | effects={'M': 104.0, 'S': 200.0, 'prev_temp': 220.0}
DECISION : ALLOW
------------------------------------------------------------
[SEQ 408] [IEEE-BASELINE]
SCORE    : anomaly_score=16.133
DECISION : ALLOW
------------------------------------------------------------
[SEQ 409] [LAYER 0]
CMD      : M104 S220
TRUST    : acc_cmd=0.000 | acc_exec=0.333 | trust=0.105
DECISION : PAUSE
MACHINE  : Machine-3
------------------------------------------------------------
[SEQ 409] [STATIC-BASELINE]
CMD      : M104 | effects={'M': 104.0, 'S': 220.0, 'prev_temp': 200.0}
DECISION : ALLOW
------------------------------------------------------------
[SEQ 409] [IEEE-BASELINE]
SCORE    : anomaly_score=16.520
DECISION : ALLOW
------------------------------------------------------------
[SEQ 410] [LAYER 0]
CMD      : M104 S200
TRUST    : acc_cmd=0.000 | acc_exec=0.333 | trust=0.096
DECISION : PAUSE
MACHINE  : Machine-3
------------------------------------------------------------
[SEQ 410] [STATIC-BASELINE]
CMD      : M104 | effects={'M': 104.0, 'S': 200.0, 'prev_temp': 220.0}
DECISION : ALLOW
------------------------------------------------------------
[SEQ 410] [IEEE-BASELINE]
SCORE    : anomaly_score=16.868
DECISION : ALLOW
------------------------------------------------------------
[SEQ 411] [LAYER 0]
CMD      : M104 S220
TRUST    : acc_cmd=0.000 | acc_exec=0.333 | trust=0.090
DECISION : PAUSE
MACHINE  : Machine-3
------------------------------------------------------------
[SEQ 411] [STATIC-BASELINE]
CMD      : M104 | effects={'M': 104.0, 'S': 220.0, 'prev_temp': 200.0}
DECISION : ALLOW
------------------------------------------------------------
[SEQ 411] [IEEE-BASELINE]
SCORE    : anomaly_score=17.181
DECISION : ALLOW
------------------------------------------------------------
[SEQ 412] [LAYER 0]
CMD      : M104 S200
TRUST    : acc_cmd=0.000 | acc_exec=0.333 | trust=0.087
DECISION : PAUSE
MACHINE  : Machine-3
------------------------------------------------------------
[SEQ 412] [STATIC-BASELINE]
CMD      : M104 | effects={'M': 104.0, 'S': 200.0, 'prev_temp': 220.0}
DECISION : ALLOW
------------------------------------------------------------
[SEQ 412] [IEEE-BASELINE]
SCORE    : anomaly_score=17.463
DECISION : ALLOW
------------------------------------------------------------
[SEQ 413] [LAYER 0]
CMD      : M104 S220
TRUST    : acc_cmd=0.000 | acc_exec=0.333 | trust=0.085
DECISION : PAUSE
MACHINE  : Machine-3
------------------------------------------------------------
[SEQ 413] [STATIC-BASELINE]
CMD      : M104 | effects={'M': 104.0, 'S': 220.0, 'prev_temp': 200.0}
DECISION : ALLOW
------------------------------------------------------------
[SEQ 413] [IEEE-BASELINE]
SCORE    : anomaly_score=17.717
DECISION : ALLOW
------------------------------------------------------------
[SEQ 414] [LAYER 0]
CMD      : M104 S200
TRUST    : acc_cmd=0.000 | acc_exec=0.333 | trust=0.084
DECISION : PAUSE
MACHINE  : Machine-3
------------------------------------------------------------
[SEQ 414] [STATIC-BASELINE]
CMD      : M104 | effects={'M': 104.0, 'S': 200.0, 'prev_temp': 220.0}
DECISION : ALLOW
------------------------------------------------------------
[SEQ 414] [IEEE-BASELINE]
SCORE    : anomaly_score=17.945
DECISION : ALLOW
------------------------------------------------------------
[SEQ 415] [LAYER 0]
CMD      : M104 S220
TRUST    : acc_cmd=0.000 | acc_exec=0.333 | trust=0.083
DECISION : PAUSE
MACHINE  : Machine-3
------------------------------------------------------------
[SEQ 415] [STATIC-BASELINE]
CMD      : M104 | effects={'M': 104.0, 'S': 220.0, 'prev_temp': 200.0}
DECISION : ALLOW
------------------------------------------------------------
[SEQ 415] [IEEE-BASELINE]
SCORE    : anomaly_score=18.151
DECISION : ALLOW
------------------------------------------------------------
[SEQ 416] [LAYER 0]
CMD      : G1 X167.434 Y118.603 E10.7554
TRUST    : acc_cmd=0.000 | acc_exec=0.000 | trust=0.168
DECISION : PAUSE
MACHINE  : Machine-3
------------------------------------------------------------
[SEQ 416] [STATIC-BASELINE]
CMD      : G1 | effects={'dx': 5.590000000000003, 'dy': -1.8780000000000001, 'dz': 0.0, 'de': 0.15198999999999963, 'xy_dist': 5.897031795742672, 'params': {'G': 1.0, 'X': 167.434, 'Y': 118.603, 'E': 10.7554}}
DECISION : ALLOW
------------------------------------------------------------
[SEQ 416] [IEEE-BASELINE]
SCORE    : anomaly_score=16.335
DECISION : ALLOW
------------------------------------------------------------
[SEQ 417] [LAYER 0]
CMD      : M104 S200
TRUST    : acc_cmd=0.000 | acc_exec=0.333 | trust=0.157
DECISION : PAUSE
MACHINE  : Machine-3
------------------------------------------------------------
[SEQ 417] [STATIC-BASELINE]
CMD      : M104 | effects={'M': 104.0, 'S': 200.0, 'prev_temp': 220.0}
DECISION : ALLOW
------------------------------------------------------------
[SEQ 417] [IEEE-BASELINE]
SCORE    : anomaly_score=16.702
DECISION : ALLOW
------------------------------------------------------------
[SEQ 418] [LAYER 0]
CMD      : M104 S220
TRUST    : acc_cmd=0.000 | acc_exec=0.333 | trust=0.134
DECISION : PAUSE
MACHINE  : Machine-3
------------------------------------------------------------
[SEQ 418] [STATIC-BASELINE]
CMD      : M104 | effects={'M': 104.0, 'S': 220.0, 'prev_temp': 200.0}
DECISION : ALLOW
------------------------------------------------------------
[SEQ 418] [IEEE-BASELINE]
SCORE    : anomaly_score=17.032
DECISION : ALLOW
------------------------------------------------------------
[SEQ 419] [LAYER 0]
CMD      : M104 S200
TRUST    : acc_cmd=0.000 | acc_exec=0.333 | trust=0.115
DECISION : PAUSE
MACHINE  : Machine-3
------------------------------------------------------------
[SEQ 419] [STATIC-BASELINE]
CMD      : M104 | effects={'M': 104.0, 'S': 200.0, 'prev_temp': 220.0}
DECISION : ALLOW
------------------------------------------------------------
[SEQ 419] [IEEE-BASELINE]
SCORE    : anomaly_score=17.329
DECISION : ALLOW
------------------------------------------------------------
[SEQ 420] [LAYER 0]
CMD      : M104 S220
TRUST    : acc_cmd=0.000 | acc_exec=0.333 | trust=0.102
DECISION : PAUSE
MACHINE  : Machine-3
------------------------------------------------------------
[SEQ 420] [STATIC-BASELINE]
CMD      : M104 | effects={'M': 104.0, 'S': 220.0, 'prev_temp': 200.0}
DECISION : ALLOW
------------------------------------------------------------
[SEQ 420] [IEEE-BASELINE]
SCORE    : anomaly_score=17.596
DECISION : ALLOW
------------------------------------------------------------
[SEQ 421] [LAYER 0]
CMD      : M104 S200
TRUST    : acc_cmd=0.000 | acc_exec=0.333 | trust=0.094
DECISION : PAUSE
MACHINE  : Machine-3
------------------------------------------------------------
[SEQ 421] [STATIC-BASELINE]
CMD      : M104 | effects={'M': 104.0, 'S': 200.0, 'prev_temp': 220.0}
DECISION : ALLOW
------------------------------------------------------------
[SEQ 421] [IEEE-BASELINE]
SCORE    : anomaly_score=17.836
DECISION : ALLOW
------------------------------------------------------------
[SEQ 422] [LAYER 0]
CMD      : M104 S220
TRUST    : acc_cmd=0.000 | acc_exec=0.333 | trust=0.089
DECISION : PAUSE
MACHINE  : Machine-3
------------------------------------------------------------
[SEQ 422] [STATIC-BASELINE]
CMD      : M104 | effects={'M': 104.0, 'S': 220.0, 'prev_temp': 200.0}
DECISION : ALLOW
------------------------------------------------------------
[SEQ 422] [IEEE-BASELINE]
SCORE    : anomaly_score=18.053
DECISION : ALLOW
------------------------------------------------------------
[SEQ 423] [LAYER 0]
CMD      : M104 S200
TRUST    : acc_cmd=0.000 | acc_exec=0.333 | trust=0.086
DECISION : PAUSE
MACHINE  : Machine-3
------------------------------------------------------------
[SEQ 423] [STATIC-BASELINE]
CMD      : M104 | effects={'M': 104.0, 'S': 200.0, 'prev_temp': 220.0}
DECISION : ALLOW
------------------------------------------------------------
[SEQ 423] [IEEE-BASELINE]
SCORE    : anomaly_score=18.247
DECISION : ALLOW
------------------------------------------------------------
[SEQ 424] [LAYER 0]
CMD      : M104 S220
TRUST    : acc_cmd=0.000 | acc_exec=0.333 | trust=0.085
DECISION : PAUSE
MACHINE  : Machine-3
------------------------------------------------------------
[SEQ 424] [STATIC-BASELINE]
CMD      : M104 | effects={'M': 104.0, 'S': 220.0, 'prev_temp': 200.0}
DECISION : ALLOW
------------------------------------------------------------
[SEQ 424] [IEEE-BASELINE]
SCORE    : anomaly_score=18.423
DECISION : ALLOW
------------------------------------------------------------
[SEQ 425] [LAYER 0]
CMD      : G1 X163.844 Y122.538 E10.8874
TRUST    : acc_cmd=0.000 | acc_exec=0.000 | trust=0.169
DECISION : PAUSE
MACHINE  : Machine-3
------------------------------------------------------------
[SEQ 425] [STATIC-BASELINE]
CMD      : G1 | effects={'dx': -3.5900000000000034, 'dy': 3.9350000000000023, 'dz': 0.0, 'de': 0.13199999999999967, 'xy_dist': 5.3265678443065045, 'params': {'G': 1.0, 'X': 163.844, 'Y': 122.538, 'E': 10.8874}}
DECISION : ALLOW
------------------------------------------------------------
[SEQ 425] [IEEE-BASELINE]
SCORE    : anomaly_score=16.580
DECISION : ALLOW
------------------------------------------------------------
[SEQ 426] [LAYER 0]
CMD      : M104 S200
TRUST    : acc_cmd=0.000 | acc_exec=0.333 | trust=0.158
DECISION : PAUSE
MACHINE  : Machine-3
------------------------------------------------------------
[SEQ 426] [STATIC-BASELINE]
CMD      : M104 | effects={'M': 104.0, 'S': 200.0, 'prev_temp': 220.0}
DECISION : ALLOW
------------------------------------------------------------
[SEQ 426] [IEEE-BASELINE]
SCORE    : anomaly_score=16.922
DECISION : ALLOW
------------------------------------------------------------
[SEQ 427] [LAYER 0]
CMD      : M104 S220
TRUST    : acc_cmd=0.000 | acc_exec=0.333 | trust=0.134
DECISION : PAUSE
MACHINE  : Machine-3
------------------------------------------------------------
[SEQ 427] [STATIC-BASELINE]
CMD      : M104 | effects={'M': 104.0, 'S': 220.0, 'prev_temp': 200.0}
DECISION : ALLOW
------------------------------------------------------------
[SEQ 427] [IEEE-BASELINE]
SCORE    : anomaly_score=17.230
DECISION : ALLOW
------------------------------------------------------------
[SEQ 428] [LAYER 0]
CMD      : M104 S200
TRUST    : acc_cmd=0.000 | acc_exec=0.333 | trust=0.115
DECISION : PAUSE
MACHINE  : Machine-3
------------------------------------------------------------
[SEQ 428] [STATIC-BASELINE]
CMD      : M104 | effects={'M': 104.0, 'S': 200.0, 'prev_temp': 220.0}
DECISION : ALLOW
------------------------------------------------------------
[SEQ 428] [IEEE-BASELINE]
SCORE    : anomaly_score=17.507
DECISION : ALLOW
------------------------------------------------------------
[SEQ 429] [LAYER 0]
CMD      : M104 S220
TRUST    : acc_cmd=0.000 | acc_exec=0.333 | trust=0.102
DECISION : PAUSE
MACHINE  : Machine-3
------------------------------------------------------------
[SEQ 429] [STATIC-BASELINE]
CMD      : M104 | effects={'M': 104.0, 'S': 220.0, 'prev_temp': 200.0}
DECISION : ALLOW
------------------------------------------------------------
[SEQ 429] [IEEE-BASELINE]
SCORE    : anomaly_score=17.756
DECISION : ALLOW
------------------------------------------------------------
[SEQ 430] [LAYER 0]
CMD      : M104 S200
TRUST    : acc_cmd=0.000 | acc_exec=0.333 | trust=0.094
DECISION : PAUSE
MACHINE  : Machine-3
------------------------------------------------------------
[SEQ 430] [STATIC-BASELINE]
CMD      : M104 | effects={'M': 104.0, 'S': 200.0, 'prev_temp': 220.0}
DECISION : ALLOW
------------------------------------------------------------
[SEQ 430] [IEEE-BASELINE]
SCORE    : anomaly_score=17.981
DECISION : ALLOW
------------------------------------------------------------
[SEQ 431] [LAYER 0]
CMD      : M104 S220
TRUST    : acc_cmd=0.000 | acc_exec=0.333 | trust=0.089
DECISION : PAUSE
MACHINE  : Machine-3
------------------------------------------------------------
[SEQ 431] [STATIC-BASELINE]
CMD      : M104 | effects={'M': 104.0, 'S': 220.0, 'prev_temp': 200.0}
DECISION : ALLOW
------------------------------------------------------------
[SEQ 431] [IEEE-BASELINE]
SCORE    : anomaly_score=18.183
DECISION : ALLOW
------------------------------------------------------------
[SEQ 432] [LAYER 0]
CMD      : M104 S200
TRUST    : acc_cmd=0.000 | acc_exec=0.333 | trust=0.086
DECISION : PAUSE
MACHINE  : Machine-3
------------------------------------------------------------
[SEQ 432] [STATIC-BASELINE]
CMD      : M104 | effects={'M': 104.0, 'S': 200.0, 'prev_temp': 220.0}
DECISION : ALLOW
------------------------------------------------------------
[SEQ 432] [IEEE-BASELINE]
SCORE    : anomaly_score=18.364
DECISION : ALLOW
------------------------------------------------------------
[SEQ 433] [LAYER 0]
CMD      : M104 S220
TRUST    : acc_cmd=0.000 | acc_exec=0.333 | trust=0.085
DECISION : PAUSE
MACHINE  : Machine-3
------------------------------------------------------------
[SEQ 433] [STATIC-BASELINE]
CMD      : M104 | effects={'M': 104.0, 'S': 220.0, 'prev_temp': 200.0}
DECISION : ALLOW
------------------------------------------------------------
[SEQ 433] [IEEE-BASELINE]
SCORE    : anomaly_score=18.528
DECISION : ALLOW
------------------------------------------------------------
[SEQ 434] [LAYER 0]
CMD      : M104 S200
TRUST    : acc_cmd=0.000 | acc_exec=0.333 | trust=0.084
DECISION : PAUSE
MACHINE  : Machine-3
------------------------------------------------------------
[SEQ 434] [STATIC-BASELINE]
CMD      : M104 | effects={'M': 104.0, 'S': 200.0, 'prev_temp': 220.0}
DECISION : ALLOW
------------------------------------------------------------
[SEQ 434] [IEEE-BASELINE]
SCORE    : anomaly_score=18.675
DECISION : ALLOW
------------------------------------------------------------
[SEQ 435] [LAYER 0]
CMD      : M104 S220
TRUST    : acc_cmd=0.000 | acc_exec=0.333 | trust=0.083
DECISION : PAUSE
MACHINE  : Machine-3
------------------------------------------------------------
[SEQ 435] [STATIC-BASELINE]
CMD      : M104 | effects={'M': 104.0, 'S': 220.0, 'prev_temp': 200.0}
DECISION : ALLOW
------------------------------------------------------------
[SEQ 435] [IEEE-BASELINE]
SCORE    : anomaly_score=18.808
DECISION : ALLOW
------------------------------------------------------------
[SEQ 436] [LAYER 0]
CMD      : M104 S200
TRUST    : acc_cmd=0.000 | acc_exec=0.333 | trust=0.083
DECISION : PAUSE
MACHINE  : Machine-3
------------------------------------------------------------
[SEQ 436] [STATIC-BASELINE]
CMD      : M104 | effects={'M': 104.0, 'S': 200.0, 'prev_temp': 220.0}
DECISION : ALLOW
------------------------------------------------------------
[SEQ 436] [IEEE-BASELINE]
SCORE    : anomaly_score=18.927
DECISION : ALLOW
------------------------------------------------------------
[SEQ 437] [LAYER 0]
CMD      : M104 S220
TRUST    : acc_cmd=0.000 | acc_exec=0.333 | trust=0.082
DECISION : PAUSE
MACHINE  : Machine-3
------------------------------------------------------------
[SEQ 437] [STATIC-BASELINE]
CMD      : M104 | effects={'M': 104.0, 'S': 220.0, 'prev_temp': 200.0}
DECISION : ALLOW
------------------------------------------------------------
[SEQ 437] [IEEE-BASELINE]
SCORE    : anomaly_score=19.034
DECISION : ALLOW
------------------------------------------------------------
[SEQ 438] [LAYER 0]
CMD      : M104 S200
TRUST    : acc_cmd=0.000 | acc_exec=0.333 | trust=0.082
DECISION : PAUSE
MACHINE  : Machine-3
------------------------------------------------------------
[SEQ 438] [STATIC-BASELINE]
CMD      : M104 | effects={'M': 104.0, 'S': 200.0, 'prev_temp': 220.0}
DECISION : ALLOW
------------------------------------------------------------
[SEQ 438] [IEEE-BASELINE]
SCORE    : anomaly_score=19.131
DECISION : ALLOW
------------------------------------------------------------
[SEQ 439] [LAYER 0]
CMD      : G1 X167.081 Y118.807 E11.07049
TRUST    : acc_cmd=0.000 | acc_exec=0.000 | trust=0.167
DECISION : PAUSE
MACHINE  : Machine-3
------------------------------------------------------------
[SEQ 439] [STATIC-BASELINE]
CMD      : G1 | effects={'dx': 3.2369999999999948, 'dy': -3.7309999999999945, 'dz': 0.0, 'de': 0.18308999999999997, 'xy_dist': 4.939486815449548, 'params': {'G': 1.0, 'X': 167.081, 'Y': 118.807, 'E': 11.07049}}
DECISION : ALLOW
------------------------------------------------------------
[SEQ 439] [IEEE-BASELINE]
SCORE    : anomaly_score=17.218
DECISION : ALLOW
------------------------------------------------------------
[SEQ 440] [LAYER 0]
CMD      : M104 S220
TRUST    : acc_cmd=0.000 | acc_exec=0.333 | trust=0.157
DECISION : PAUSE
MACHINE  : Machine-3
------------------------------------------------------------
[SEQ 440] [STATIC-BASELINE]
CMD      : M104 | effects={'M': 104.0, 'S': 220.0, 'prev_temp': 200.0}
DECISION : ALLOW
------------------------------------------------------------
[SEQ 440] [IEEE-BASELINE]
SCORE    : anomaly_score=17.496
DECISION : ALLOW
------------------------------------------------------------
[SEQ 441] [LAYER 0]
CMD      : M104 S200
TRUST    : acc_cmd=0.000 | acc_exec=0.333 | trust=0.133
DECISION : PAUSE
MACHINE  : Machine-3
------------------------------------------------------------
[SEQ 441] [STATIC-BASELINE]
CMD      : M104 | effects={'M': 104.0, 'S': 200.0, 'prev_temp': 220.0}
DECISION : ALLOW
------------------------------------------------------------
[SEQ 441] [IEEE-BASELINE]
SCORE    : anomaly_score=17.746
DECISION : ALLOW
------------------------------------------------------------
[SEQ 442] [LAYER 0]
CMD      : M104 S220
TRUST    : acc_cmd=0.000 | acc_exec=0.333 | trust=0.114
DECISION : PAUSE
MACHINE  : Machine-3
------------------------------------------------------------
[SEQ 442] [STATIC-BASELINE]
CMD      : M104 | effects={'M': 104.0, 'S': 220.0, 'prev_temp': 200.0}
DECISION : ALLOW
------------------------------------------------------------
[SEQ 442] [IEEE-BASELINE]
SCORE    : anomaly_score=17.972
DECISION : ALLOW
------------------------------------------------------------
[SEQ 443] [LAYER 0]
CMD      : M104 S200
TRUST    : acc_cmd=0.000 | acc_exec=0.333 | trust=0.102
DECISION : PAUSE
MACHINE  : Machine-3
------------------------------------------------------------
[SEQ 443] [STATIC-BASELINE]
CMD      : M104 | effects={'M': 104.0, 'S': 200.0, 'prev_temp': 220.0}
DECISION : ALLOW
------------------------------------------------------------
[SEQ 443] [IEEE-BASELINE]
SCORE    : anomaly_score=18.175
DECISION : ALLOW
------------------------------------------------------------
[SEQ 444] [LAYER 0]
CMD      : M104 S220
TRUST    : acc_cmd=0.000 | acc_exec=0.333 | trust=0.094
DECISION : PAUSE
MACHINE  : Machine-3
------------------------------------------------------------
[SEQ 444] [STATIC-BASELINE]
CMD      : M104 | effects={'M': 104.0, 'S': 220.0, 'prev_temp': 200.0}
DECISION : ALLOW
------------------------------------------------------------
[SEQ 444] [IEEE-BASELINE]
SCORE    : anomaly_score=18.357
DECISION : ALLOW
------------------------------------------------------------
[SEQ 445] [LAYER 0]
CMD      : M104 S200
TRUST    : acc_cmd=0.000 | acc_exec=0.333 | trust=0.089
DECISION : PAUSE
MACHINE  : Machine-3
------------------------------------------------------------
[SEQ 445] [STATIC-BASELINE]
CMD      : M104 | effects={'M': 104.0, 'S': 200.0, 'prev_temp': 220.0}
DECISION : ALLOW
------------------------------------------------------------
[SEQ 445] [IEEE-BASELINE]
SCORE    : anomaly_score=18.521
DECISION : ALLOW
------------------------------------------------------------
[SEQ 446] [LAYER 0]
CMD      : M104 S220
TRUST    : acc_cmd=0.000 | acc_exec=0.333 | trust=0.086
DECISION : PAUSE
MACHINE  : Machine-3
------------------------------------------------------------
[SEQ 446] [STATIC-BASELINE]
CMD      : M104 | effects={'M': 104.0, 'S': 220.0, 'prev_temp': 200.0}
DECISION : ALLOW
------------------------------------------------------------
[SEQ 446] [IEEE-BASELINE]
SCORE    : anomaly_score=18.669
DECISION : ALLOW
------------------------------------------------------------
[SEQ 447] [LAYER 0]
CMD      : M104 S200
TRUST    : acc_cmd=0.000 | acc_exec=0.333 | trust=0.085
DECISION : PAUSE
MACHINE  : Machine-3
------------------------------------------------------------
[SEQ 447] [STATIC-BASELINE]
CMD      : M104 | effects={'M': 104.0, 'S': 200.0, 'prev_temp': 220.0}
DECISION : ALLOW
------------------------------------------------------------
[SEQ 447] [IEEE-BASELINE]
SCORE    : anomaly_score=18.802
DECISION : ALLOW
------------------------------------------------------------
[SEQ 448] [LAYER 0]
CMD      : M104 S220
TRUST    : acc_cmd=0.000 | acc_exec=0.333 | trust=0.084
DECISION : PAUSE
MACHINE  : Machine-3
------------------------------------------------------------
[SEQ 448] [STATIC-BASELINE]
CMD      : M104 | effects={'M': 104.0, 'S': 220.0, 'prev_temp': 200.0}
DECISION : ALLOW
------------------------------------------------------------
[SEQ 448] [IEEE-BASELINE]
SCORE    : anomaly_score=18.922
DECISION : ALLOW
------------------------------------------------------------
[SEQ 449] [LAYER 0]
CMD      : M104 S200
TRUST    : acc_cmd=0.000 | acc_exec=0.333 | trust=0.083
DECISION : PAUSE
MACHINE  : Machine-3
------------------------------------------------------------
[SEQ 449] [STATIC-BASELINE]
CMD      : M104 | effects={'M': 104.0, 'S': 200.0, 'prev_temp': 220.0}
DECISION : ALLOW
------------------------------------------------------------
[SEQ 449] [IEEE-BASELINE]
SCORE    : anomaly_score=19.030
DECISION : ALLOW
------------------------------------------------------------
[SEQ 450] [LAYER 0]
CMD      : M104 S220
TRUST    : acc_cmd=0.000 | acc_exec=0.333 | trust=0.083
DECISION : PAUSE
MACHINE  : Machine-3
------------------------------------------------------------
[SEQ 450] [STATIC-BASELINE]
CMD      : M104 | effects={'M': 104.0, 'S': 220.0, 'prev_temp': 200.0}
DECISION : ALLOW
------------------------------------------------------------
[SEQ 450] [IEEE-BASELINE]
SCORE    : anomaly_score=19.127
DECISION : ALLOW
------------------------------------------------------------
[SEQ 451] [LAYER 0]
CMD      : M104 S200
TRUST    : acc_cmd=0.000 | acc_exec=0.333 | trust=0.082
DECISION : PAUSE
MACHINE  : Machine-3
------------------------------------------------------------
[SEQ 451] [STATIC-BASELINE]
CMD      : M104 | effects={'M': 104.0, 'S': 200.0, 'prev_temp': 220.0}
DECISION : ALLOW
------------------------------------------------------------
[SEQ 451] [IEEE-BASELINE]
SCORE    : anomaly_score=19.214
DECISION : ALLOW
------------------------------------------------------------
[SEQ 452] [LAYER 0]
CMD      : G1 X162.631 Y119.622 E11.24182
TRUST    : acc_cmd=0.000 | acc_exec=0.000 | trust=0.167
DECISION : PAUSE
MACHINE  : Machine-3
------------------------------------------------------------
[SEQ 452] [STATIC-BASELINE]
CMD      : G1 | effects={'dx': -4.449999999999989, 'dy': 0.8149999999999977, 'dz': 0.0, 'de': 0.1713300000000011, 'xy_dist': 4.524016467697691, 'params': {'G': 1.0, 'X': 162.631, 'Y': 119.622, 'E': 11.24182}}
DECISION : ALLOW
------------------------------------------------------------
[SEQ 452] [IEEE-BASELINE]
SCORE    : anomaly_score=17.293
DECISION : ALLOW
------------------------------------------------------------
[SEQ 453] [LAYER 0]
CMD      : M104 S220
TRUST    : acc_cmd=0.000 | acc_exec=0.333 | trust=0.157
DECISION : PAUSE
MACHINE  : Machine-3
------------------------------------------------------------
[SEQ 453] [STATIC-BASELINE]
CMD      : M104 | effects={'M': 104.0, 'S': 220.0, 'prev_temp': 200.0}
DECISION : ALLOW
------------------------------------------------------------
[SEQ 453] [IEEE-BASELINE]
SCORE    : anomaly_score=17.563
DECISION : ALLOW
------------------------------------------------------------
[SEQ 454] [LAYER 0]
CMD      : M104 S200
TRUST    : acc_cmd=0.000 | acc_exec=0.333 | trust=0.133
DECISION : PAUSE
MACHINE  : Machine-3
------------------------------------------------------------
[SEQ 454] [STATIC-BASELINE]
CMD      : M104 | effects={'M': 104.0, 'S': 200.0, 'prev_temp': 220.0}
DECISION : ALLOW
------------------------------------------------------------
[SEQ 454] [IEEE-BASELINE]
SCORE    : anomaly_score=17.807
DECISION : ALLOW
------------------------------------------------------------
[SEQ 455] [LAYER 0]
CMD      : M104 S220
TRUST    : acc_cmd=0.000 | acc_exec=0.333 | trust=0.114
DECISION : PAUSE
MACHINE  : Machine-3
------------------------------------------------------------
[SEQ 455] [STATIC-BASELINE]
CMD      : M104 | effects={'M': 104.0, 'S': 220.0, 'prev_temp': 200.0}
DECISION : ALLOW
------------------------------------------------------------
[SEQ 455] [IEEE-BASELINE]
SCORE    : anomaly_score=18.026
DECISION : ALLOW
------------------------------------------------------------
[SEQ 456] [LAYER 0]
CMD      : M104 S200
TRUST    : acc_cmd=0.000 | acc_exec=0.333 | trust=0.102
DECISION : PAUSE
MACHINE  : Machine-3
------------------------------------------------------------
[SEQ 456] [STATIC-BASELINE]
CMD      : M104 | effects={'M': 104.0, 'S': 200.0, 'prev_temp': 220.0}
DECISION : ALLOW
------------------------------------------------------------
[SEQ 456] [IEEE-BASELINE]
SCORE    : anomaly_score=18.224
DECISION : ALLOW
------------------------------------------------------------
[SEQ 457] [LAYER 0]
CMD      : G1 X164.45 Y118.086 E11.28844
TRUST    : acc_cmd=0.000 | acc_exec=0.000 | trust=0.185
DECISION : PAUSE
MACHINE  : Machine-3
------------------------------------------------------------
[SEQ 457] [STATIC-BASELINE]
CMD      : G1 | effects={'dx': 1.8189999999999884, 'dy': -1.5360000000000014, 'dz': 0.0, 'de': 0.046619999999998996, 'xy_dist': 2.3807681533488223, 'params': {'G': 1.0, 'X': 164.45, 'Y': 118.086, 'E': 11.28844}}
DECISION : ALLOW
------------------------------------------------------------
[SEQ 457] [IEEE-BASELINE]
SCORE    : anomaly_score=16.401
DECISION : ALLOW
------------------------------------------------------------
[SEQ 458] [LAYER 0]
CMD      : G1 X164.615 Y118.045 E11.29164
TRUST    : acc_cmd=0.000 | acc_exec=0.000 | trust=0.330
DECISION : PAUSE
MACHINE  : Machine-3
------------------------------------------------------------
[SEQ 458] [STATIC-BASELINE]
CMD      : G1 | effects={'dx': 0.16500000000002046, 'dy': -0.04099999999999682, 'dz': 0.0, 'de': 0.0031999999999996476, 'xy_dist': 0.17001764614300038, 'params': {'G': 1.0, 'X': 164.615, 'Y': 118.045, 'E': 11.29164}}
DECISION : ALLOW
------------------------------------------------------------
[SEQ 458] [IEEE-BASELINE]
SCORE    : anomaly_score=14.761
DECISION : ALLOW
------------------------------------------------------------
[SEQ 459] [LAYER 0]
CMD      : M104 S220
TRUST    : acc_cmd=0.000 | acc_exec=0.333 | trust=0.264
DECISION : PAUSE
MACHINE  : Machine-3
------------------------------------------------------------
[SEQ 459] [STATIC-BASELINE]
CMD      : M104 | effects={'M': 104.0, 'S': 220.0, 'prev_temp': 200.0}
DECISION : ALLOW
------------------------------------------------------------
[SEQ 459] [IEEE-BASELINE]
SCORE    : anomaly_score=15.285
DECISION : ALLOW
------------------------------------------------------------
[SEQ 460] [LAYER 0]
CMD      : G1 X165.71 Y118.146 E11.3125
TRUST    : acc_cmd=0.000 | acc_exec=0.000 | trust=0.348
DECISION : PAUSE
MACHINE  : Machine-3
------------------------------------------------------------
[SEQ 460] [STATIC-BASELINE]
CMD      : G1 | effects={'dx': 1.0949999999999989, 'dy': 0.10099999999999909, 'dz': 0.0, 'de': 0.020860000000000767, 'xy_dist': 1.0996481255383457, 'params': {'G': 1.0, 'X': 165.71, 'Y': 118.146, 'E': 11.3125}}
DECISION : ALLOW
------------------------------------------------------------
[SEQ 460] [IEEE-BASELINE]
SCORE    : anomaly_score=13.757
DECISION : ALLOW
------------------------------------------------------------
[SEQ 461] [LAYER 0]
CMD      : M104 S200
TRUST    : acc_cmd=0.000 | acc_exec=0.333 | trust=0.267
DECISION : PAUSE
MACHINE  : Machine-3
------------------------------------------------------------
[SEQ 461] [STATIC-BASELINE]
CMD      : M104 | effects={'M': 104.0, 'S': 200.0, 'prev_temp': 220.0}
DECISION : ALLOW
------------------------------------------------------------
[SEQ 461] [IEEE-BASELINE]
SCORE    : anomaly_score=14.381
DECISION : ALLOW
------------------------------------------------------------
[SEQ 462] [LAYER 0]
CMD      : M104 S220
TRUST    : acc_cmd=0.000 | acc_exec=0.333 | trust=0.194
DECISION : PAUSE
MACHINE  : Machine-3
------------------------------------------------------------
[SEQ 462] [STATIC-BASELINE]
CMD      : M104 | effects={'M': 104.0, 'S': 220.0, 'prev_temp': 200.0}
DECISION : ALLOW
------------------------------------------------------------
[SEQ 462] [IEEE-BASELINE]
SCORE    : anomaly_score=14.943
DECISION : ALLOW
------------------------------------------------------------
[SEQ 463] [LAYER 0]
CMD      : M104 S200
TRUST    : acc_cmd=0.000 | acc_exec=0.333 | trust=0.147
DECISION : PAUSE
MACHINE  : Machine-3
------------------------------------------------------------
[SEQ 463] [STATIC-BASELINE]
CMD      : M104 | effects={'M': 104.0, 'S': 200.0, 'prev_temp': 220.0}
DECISION : ALLOW
------------------------------------------------------------
[SEQ 463] [IEEE-BASELINE]
SCORE    : anomaly_score=15.449
DECISION : ALLOW
------------------------------------------------------------
[SEQ 464] [LAYER 0]
CMD      : M104 S220
TRUST    : acc_cmd=0.000 | acc_exec=0.333 | trust=0.119
DECISION : PAUSE
MACHINE  : Machine-3
------------------------------------------------------------
[SEQ 464] [STATIC-BASELINE]
CMD      : M104 | effects={'M': 104.0, 'S': 220.0, 'prev_temp': 200.0}
DECISION : ALLOW
------------------------------------------------------------
[SEQ 464] [IEEE-BASELINE]
SCORE    : anomaly_score=15.904
DECISION : ALLOW
------------------------------------------------------------
[SEQ 465] [LAYER 0]
CMD      : M104 S200
TRUST    : acc_cmd=0.000 | acc_exec=0.333 | trust=0.104
DECISION : PAUSE
MACHINE  : Machine-3
------------------------------------------------------------
[SEQ 465] [STATIC-BASELINE]
CMD      : M104 | effects={'M': 104.0, 'S': 200.0, 'prev_temp': 220.0}
DECISION : ALLOW
------------------------------------------------------------
[SEQ 465] [IEEE-BASELINE]
SCORE    : anomaly_score=16.313
DECISION : ALLOW
------------------------------------------------------------
[SEQ 466] [LAYER 0]
CMD      : M104 S220
TRUST    : acc_cmd=0.000 | acc_exec=0.333 | trust=0.094
DECISION : PAUSE
MACHINE  : Machine-3
------------------------------------------------------------
[SEQ 466] [STATIC-BASELINE]
CMD      : M104 | effects={'M': 104.0, 'S': 220.0, 'prev_temp': 200.0}
DECISION : ALLOW
------------------------------------------------------------
[SEQ 466] [IEEE-BASELINE]
SCORE    : anomaly_score=16.682
DECISION : ALLOW
------------------------------------------------------------
[SEQ 467] [LAYER 0]
CMD      : M104 S200
TRUST    : acc_cmd=0.000 | acc_exec=0.333 | trust=0.089
DECISION : PAUSE
MACHINE  : Machine-3
------------------------------------------------------------
[SEQ 467] [STATIC-BASELINE]
CMD      : M104 | effects={'M': 104.0, 'S': 200.0, 'prev_temp': 220.0}
DECISION : ALLOW
------------------------------------------------------------
[SEQ 467] [IEEE-BASELINE]
SCORE    : anomaly_score=17.014
DECISION : ALLOW
------------------------------------------------------------
[SEQ 468] [LAYER 0]
CMD      : M104 S220
TRUST    : acc_cmd=0.000 | acc_exec=0.333 | trust=0.086
DECISION : PAUSE
MACHINE  : Machine-3
------------------------------------------------------------
[SEQ 468] [STATIC-BASELINE]
CMD      : M104 | effects={'M': 104.0, 'S': 220.0, 'prev_temp': 200.0}
DECISION : ALLOW
------------------------------------------------------------
[SEQ 468] [IEEE-BASELINE]
SCORE    : anomaly_score=17.312
DECISION : ALLOW
------------------------------------------------------------
[SEQ 469] [LAYER 0]
CMD      : M104 S200
TRUST    : acc_cmd=0.000 | acc_exec=0.333 | trust=0.085
DECISION : PAUSE
MACHINE  : Machine-3
------------------------------------------------------------
[SEQ 469] [STATIC-BASELINE]
CMD      : M104 | effects={'M': 104.0, 'S': 200.0, 'prev_temp': 220.0}
DECISION : ALLOW
------------------------------------------------------------
[SEQ 469] [IEEE-BASELINE]
SCORE    : anomaly_score=17.581
DECISION : ALLOW
------------------------------------------------------------
[SEQ 470] [LAYER 0]
CMD      : G1 X164.719 Y121.972 E11.42123
TRUST    : acc_cmd=0.000 | acc_exec=0.000 | trust=0.169
DECISION : PAUSE
MACHINE  : Machine-3
------------------------------------------------------------
[SEQ 470] [STATIC-BASELINE]
CMD      : G1 | effects={'dx': -0.9910000000000139, 'dy': 3.8259999999999934, 'dz': 0.0, 'de': 0.10872999999999955, 'xy_dist': 3.952259733367732, 'params': {'G': 1.0, 'X': 164.719, 'Y': 121.972, 'E': 11.42123}}
DECISION : ALLOW
------------------------------------------------------------
[SEQ 470] [IEEE-BASELINE]
SCORE    : anomaly_score=15.823
DECISION : ALLOW
------------------------------------------------------------
[SEQ 471] [LAYER 0]
CMD      : M104 S220
TRUST    : acc_cmd=0.000 | acc_exec=0.333 | trust=0.158
DECISION : PAUSE
MACHINE  : Machine-3
------------------------------------------------------------
[SEQ 471] [STATIC-BASELINE]
CMD      : M104 | effects={'M': 104.0, 'S': 220.0, 'prev_temp': 200.0}
DECISION : ALLOW
------------------------------------------------------------
[SEQ 471] [IEEE-BASELINE]
SCORE    : anomaly_score=16.241
DECISION : ALLOW
------------------------------------------------------------
[SEQ 472] [LAYER 0]
CMD      : M104 S200
TRUST    : acc_cmd=0.000 | acc_exec=0.333 | trust=0.134
DECISION : PAUSE
MACHINE  : Machine-3
------------------------------------------------------------
[SEQ 472] [STATIC-BASELINE]
CMD      : M104 | effects={'M': 104.0, 'S': 200.0, 'prev_temp': 220.0}
DECISION : ALLOW
------------------------------------------------------------
[SEQ 472] [IEEE-BASELINE]
SCORE    : anomaly_score=16.617
DECISION : ALLOW
------------------------------------------------------------
[SEQ 473] [LAYER 0]
CMD      : M104 S220
TRUST    : acc_cmd=0.000 | acc_exec=0.333 | trust=0.115
DECISION : PAUSE
MACHINE  : Machine-3
------------------------------------------------------------
[SEQ 473] [STATIC-BASELINE]
CMD      : M104 | effects={'M': 104.0, 'S': 220.0, 'prev_temp': 200.0}
DECISION : ALLOW
------------------------------------------------------------
[SEQ 473] [IEEE-BASELINE]
SCORE    : anomaly_score=16.955
DECISION : ALLOW
------------------------------------------------------------
[SEQ 474] [LAYER 0]
CMD      : M104 S200
TRUST    : acc_cmd=0.000 | acc_exec=0.333 | trust=0.102
DECISION : PAUSE
MACHINE  : Machine-3
------------------------------------------------------------
[SEQ 474] [STATIC-BASELINE]
CMD      : M104 | effects={'M': 104.0, 'S': 200.0, 'prev_temp': 220.0}
DECISION : ALLOW
------------------------------------------------------------
[SEQ 474] [IEEE-BASELINE]
SCORE    : anomaly_score=17.260
DECISION : ALLOW
------------------------------------------------------------
[SEQ 475] [LAYER 0]
CMD      : M104 S220
TRUST    : acc_cmd=0.000 | acc_exec=0.333 | trust=0.094
DECISION : PAUSE
MACHINE  : Machine-3
------------------------------------------------------------
[SEQ 475] [STATIC-BASELINE]
CMD      : M104 | effects={'M': 104.0, 'S': 220.0, 'prev_temp': 200.0}
DECISION : ALLOW
------------------------------------------------------------
[SEQ 475] [IEEE-BASELINE]
SCORE    : anomaly_score=17.534
DECISION : ALLOW
------------------------------------------------------------
[SEQ 476] [LAYER 0]
CMD      : M104 S200
TRUST    : acc_cmd=0.000 | acc_exec=0.333 | trust=0.089
DECISION : PAUSE
MACHINE  : Machine-3
------------------------------------------------------------
[SEQ 476] [STATIC-BASELINE]
CMD      : M104 | effects={'M': 104.0, 'S': 200.0, 'prev_temp': 220.0}
DECISION : ALLOW
------------------------------------------------------------
[SEQ 476] [IEEE-BASELINE]
SCORE    : anomaly_score=17.780
DECISION : ALLOW
------------------------------------------------------------
[SEQ 477] [LAYER 0]
CMD      : M104 S220
TRUST    : acc_cmd=0.000 | acc_exec=0.333 | trust=0.086
DECISION : PAUSE
MACHINE  : Machine-3
------------------------------------------------------------
[SEQ 477] [STATIC-BASELINE]
CMD      : M104 | effects={'M': 104.0, 'S': 220.0, 'prev_temp': 200.0}
DECISION : ALLOW
------------------------------------------------------------
[SEQ 477] [IEEE-BASELINE]
SCORE    : anomaly_score=18.002
DECISION : ALLOW
------------------------------------------------------------
[SEQ 478] [LAYER 0]
CMD      : M104 S200
TRUST    : acc_cmd=0.000 | acc_exec=0.333 | trust=0.085
DECISION : PAUSE
MACHINE  : Machine-3
------------------------------------------------------------
[SEQ 478] [STATIC-BASELINE]
CMD      : M104 | effects={'M': 104.0, 'S': 200.0, 'prev_temp': 220.0}
DECISION : ALLOW
------------------------------------------------------------
[SEQ 478] [IEEE-BASELINE]
SCORE    : anomaly_score=18.202
DECISION : ALLOW
------------------------------------------------------------
[SEQ 479] [LAYER 0]
CMD      : M104 S220
TRUST    : acc_cmd=0.000 | acc_exec=0.333 | trust=0.084
DECISION : PAUSE
MACHINE  : Machine-3
------------------------------------------------------------
[SEQ 479] [STATIC-BASELINE]
CMD      : M104 | effects={'M': 104.0, 'S': 220.0, 'prev_temp': 200.0}
DECISION : ALLOW
------------------------------------------------------------
[SEQ 479] [IEEE-BASELINE]
SCORE    : anomaly_score=18.382
DECISION : ALLOW
------------------------------------------------------------
[SEQ 480] [LAYER 0]
CMD      : M104 S200
TRUST    : acc_cmd=0.000 | acc_exec=0.333 | trust=0.083
DECISION : PAUSE
MACHINE  : Machine-3
------------------------------------------------------------
[SEQ 480] [STATIC-BASELINE]
CMD      : M104 | effects={'M': 104.0, 'S': 200.0, 'prev_temp': 220.0}
DECISION : ALLOW
------------------------------------------------------------
[SEQ 480] [IEEE-BASELINE]
SCORE    : anomaly_score=18.544
DECISION : ALLOW
------------------------------------------------------------
[SEQ 481] [LAYER 0]
CMD      : M104 S220
TRUST    : acc_cmd=0.000 | acc_exec=0.333 | trust=0.083
DECISION : PAUSE
MACHINE  : Machine-3
------------------------------------------------------------
[SEQ 481] [STATIC-BASELINE]
CMD      : M104 | effects={'M': 104.0, 'S': 220.0, 'prev_temp': 200.0}
DECISION : ALLOW
------------------------------------------------------------
[SEQ 481] [IEEE-BASELINE]
SCORE    : anomaly_score=18.689
DECISION : ALLOW
------------------------------------------------------------
[SEQ 482] [LAYER 0]
CMD      : M104 S200
TRUST    : acc_cmd=0.000 | acc_exec=0.333 | trust=0.082
DECISION : PAUSE
MACHINE  : Machine-3
------------------------------------------------------------
[SEQ 482] [STATIC-BASELINE]
CMD      : M104 | effects={'M': 104.0, 'S': 200.0, 'prev_temp': 220.0}
DECISION : ALLOW
------------------------------------------------------------
[SEQ 482] [IEEE-BASELINE]
SCORE    : anomaly_score=18.820
DECISION : ALLOW
------------------------------------------------------------
[SEQ 483] [LAYER 0]
CMD      : M104 S220
TRUST    : acc_cmd=0.000 | acc_exec=0.333 | trust=0.082
DECISION : PAUSE
MACHINE  : Machine-3
------------------------------------------------------------
[SEQ 483] [STATIC-BASELINE]
CMD      : M104 | effects={'M': 104.0, 'S': 220.0, 'prev_temp': 200.0}
DECISION : ALLOW
------------------------------------------------------------
[SEQ 483] [IEEE-BASELINE]
SCORE    : anomaly_score=18.938
DECISION : ALLOW
------------------------------------------------------------
[SEQ 484] [LAYER 0]
CMD      : M104 S200
TRUST    : acc_cmd=0.000 | acc_exec=0.333 | trust=0.082
DECISION : PAUSE
MACHINE  : Machine-3
------------------------------------------------------------
[SEQ 484] [STATIC-BASELINE]
CMD      : M104 | effects={'M': 104.0, 'S': 200.0, 'prev_temp': 220.0}
DECISION : ALLOW
------------------------------------------------------------
[SEQ 484] [IEEE-BASELINE]
SCORE    : anomaly_score=19.044
DECISION : ALLOW
------------------------------------------------------------
[SEQ 485] [LAYER 0]
CMD      : M104 S220
TRUST    : acc_cmd=0.000 | acc_exec=0.333 | trust=0.082
DECISION : PAUSE
MACHINE  : Machine-3
------------------------------------------------------------
[SEQ 485] [STATIC-BASELINE]
CMD      : M104 | effects={'M': 104.0, 'S': 220.0, 'prev_temp': 200.0}
DECISION : ALLOW
------------------------------------------------------------
[SEQ 485] [IEEE-BASELINE]
SCORE    : anomaly_score=19.140
DECISION : ALLOW
------------------------------------------------------------
[SEQ 486] [LAYER 0]
CMD      : M104 S200
TRUST    : acc_cmd=0.000 | acc_exec=0.333 | trust=0.082
DECISION : PAUSE
MACHINE  : Machine-3
------------------------------------------------------------
[SEQ 486] [STATIC-BASELINE]
CMD      : M104 | effects={'M': 104.0, 'S': 200.0, 'prev_temp': 220.0}
DECISION : ALLOW
------------------------------------------------------------
[SEQ 486] [IEEE-BASELINE]
SCORE    : anomaly_score=19.226
DECISION : ALLOW
------------------------------------------------------------
[SEQ 487] [LAYER 0]
CMD      : G1 X165.919 Y120.759 E11.56925
TRUST    : acc_cmd=0.000 | acc_exec=0.000 | trust=0.167
DECISION : PAUSE
MACHINE  : Machine-3
------------------------------------------------------------
[SEQ 487] [STATIC-BASELINE]
CMD      : G1 | effects={'dx': 1.200000000000017, 'dy': -1.2129999999999939, 'dz': 0.0, 'de': 0.1480200000000007, 'xy_dist': 1.7062734247476359, 'params': {'G': 1.0, 'X': 165.919, 'Y': 120.759, 'E': 11.56925}}
DECISION : ALLOW
------------------------------------------------------------
[SEQ 487] [IEEE-BASELINE]
SCORE    : anomaly_score=19.771
DECISION : ALLOW
------------------------------------------------------------
[SEQ 488] [LAYER 0]
CMD      : M104 S220
TRUST    : acc_cmd=0.000 | acc_exec=0.333 | trust=0.156
DECISION : PAUSE
MACHINE  : Machine-3
------------------------------------------------------------
[SEQ 488] [STATIC-BASELINE]
CMD      : M104 | effects={'M': 104.0, 'S': 220.0, 'prev_temp': 200.0}
DECISION : ALLOW
------------------------------------------------------------
[SEQ 488] [IEEE-BASELINE]
SCORE    : anomaly_score=19.794
DECISION : ALLOW
------------------------------------------------------------
[SEQ 489] [LAYER 0]
CMD      : M104 S200
TRUST    : acc_cmd=0.000 | acc_exec=0.333 | trust=0.133
DECISION : PAUSE
MACHINE  : Machine-3
------------------------------------------------------------
[SEQ 489] [STATIC-BASELINE]
CMD      : M104 | effects={'M': 104.0, 'S': 200.0, 'prev_temp': 220.0}
DECISION : ALLOW
------------------------------------------------------------
[SEQ 489] [IEEE-BASELINE]
SCORE    : anomaly_score=19.814
DECISION : ALLOW
------------------------------------------------------------
[SEQ 490] [LAYER 0]
CMD      : M104 S220
TRUST    : acc_cmd=0.000 | acc_exec=0.333 | trust=0.114
DECISION : PAUSE
MACHINE  : Machine-3
------------------------------------------------------------
[SEQ 490] [STATIC-BASELINE]
CMD      : M104 | effects={'M': 104.0, 'S': 220.0, 'prev_temp': 200.0}
DECISION : ALLOW
------------------------------------------------------------
[SEQ 490] [IEEE-BASELINE]
SCORE    : anomaly_score=19.833
DECISION : ALLOW
------------------------------------------------------------
[SEQ 491] [LAYER 0]
CMD      : M104 S200
TRUST    : acc_cmd=0.000 | acc_exec=0.333 | trust=0.102
DECISION : PAUSE
MACHINE  : Machine-3
------------------------------------------------------------
[SEQ 491] [STATIC-BASELINE]
CMD      : M104 | effects={'M': 104.0, 'S': 200.0, 'prev_temp': 220.0}
DECISION : ALLOW
------------------------------------------------------------
[SEQ 491] [IEEE-BASELINE]
SCORE    : anomaly_score=19.850
DECISION : ALLOW
------------------------------------------------------------
[SEQ 492] [LAYER 0]
CMD      : M104 S220
TRUST    : acc_cmd=0.000 | acc_exec=0.333 | trust=0.094
DECISION : PAUSE
MACHINE  : Machine-3
------------------------------------------------------------
[SEQ 492] [STATIC-BASELINE]
CMD      : M104 | effects={'M': 104.0, 'S': 220.0, 'prev_temp': 200.0}
DECISION : ALLOW
------------------------------------------------------------
[SEQ 492] [IEEE-BASELINE]
SCORE    : anomaly_score=19.865
DECISION : ALLOW
------------------------------------------------------------
[SEQ 493] [LAYER 0]
CMD      : M104 S200
TRUST    : acc_cmd=0.000 | acc_exec=0.333 | trust=0.089
DECISION : PAUSE
MACHINE  : Machine-3
------------------------------------------------------------
[SEQ 493] [STATIC-BASELINE]
CMD      : M104 | effects={'M': 104.0, 'S': 200.0, 'prev_temp': 220.0}
DECISION : ALLOW
------------------------------------------------------------
[SEQ 493] [IEEE-BASELINE]
SCORE    : anomaly_score=19.878
DECISION : ALLOW
------------------------------------------------------------
[SEQ 494] [LAYER 0]
CMD      : M104 S220
TRUST    : acc_cmd=0.000 | acc_exec=0.333 | trust=0.086
DECISION : PAUSE
MACHINE  : Machine-3
------------------------------------------------------------
[SEQ 494] [STATIC-BASELINE]
CMD      : M104 | effects={'M': 104.0, 'S': 220.0, 'prev_temp': 200.0}
DECISION : ALLOW
------------------------------------------------------------
[SEQ 494] [IEEE-BASELINE]
SCORE    : anomaly_score=19.890
DECISION : ALLOW
------------------------------------------------------------
[SEQ 495] [LAYER 0]
CMD      : M104 S200
TRUST    : acc_cmd=0.000 | acc_exec=0.333 | trust=0.085
DECISION : PAUSE
MACHINE  : Machine-3
------------------------------------------------------------
[SEQ 495] [STATIC-BASELINE]
CMD      : M104 | effects={'M': 104.0, 'S': 200.0, 'prev_temp': 220.0}
DECISION : ALLOW
------------------------------------------------------------
[SEQ 495] [IEEE-BASELINE]
SCORE    : anomaly_score=19.901
DECISION : ALLOW
------------------------------------------------------------
[SEQ 496] [LAYER 0]
CMD      : M104 S220
TRUST    : acc_cmd=0.000 | acc_exec=0.333 | trust=0.084
DECISION : PAUSE
MACHINE  : Machine-3
------------------------------------------------------------
[SEQ 496] [STATIC-BASELINE]
CMD      : M104 | effects={'M': 104.0, 'S': 220.0, 'prev_temp': 200.0}
DECISION : ALLOW
------------------------------------------------------------
[SEQ 496] [IEEE-BASELINE]
SCORE    : anomaly_score=19.911
DECISION : ALLOW
------------------------------------------------------------
[SEQ 497] [LAYER 0]
CMD      : M104 S200
TRUST    : acc_cmd=0.000 | acc_exec=0.333 | trust=0.083
DECISION : PAUSE
MACHINE  : Machine-3
------------------------------------------------------------
[SEQ 497] [STATIC-BASELINE]
CMD      : M104 | effects={'M': 104.0, 'S': 200.0, 'prev_temp': 220.0}
DECISION : ALLOW
------------------------------------------------------------
[SEQ 497] [IEEE-BASELINE]
SCORE    : anomaly_score=19.920
DECISION : ALLOW
------------------------------------------------------------
[SEQ 498] [LAYER 0]
CMD      : M104 S220
TRUST    : acc_cmd=0.000 | acc_exec=0.333 | trust=0.083
DECISION : PAUSE
MACHINE  : Machine-3
------------------------------------------------------------
[SEQ 498] [STATIC-BASELINE]
CMD      : M104 | effects={'M': 104.0, 'S': 220.0, 'prev_temp': 200.0}
DECISION : ALLOW
------------------------------------------------------------
[SEQ 498] [IEEE-BASELINE]
SCORE    : anomaly_score=19.928
DECISION : ALLOW
------------------------------------------------------------
[SEQ 499] [LAYER 0]
CMD      : G1 X164.626 Y118.445 E11.65837
TRUST    : acc_cmd=0.000 | acc_exec=0.000 | trust=0.167
DECISION : PAUSE
MACHINE  : Machine-3
------------------------------------------------------------
[SEQ 499] [STATIC-BASELINE]
CMD      : G1 | effects={'dx': -1.2930000000000064, 'dy': -2.314000000000007, 'dz': 0.0, 'de': 0.08911999999999942, 'xy_dist': 2.6507442351158756, 'params': {'G': 1.0, 'X': 164.626, 'Y': 118.445, 'E': 11.65837}}
DECISION : ALLOW
------------------------------------------------------------
[SEQ 499] [IEEE-BASELINE]
SCORE    : anomaly_score=17.935
DECISION : ALLOW
------------------------------------------------------------
[SEQ 500] [LAYER 0]
CMD      : M104 S200
TRUST    : acc_cmd=0.000 | acc_exec=0.333 | trust=0.157
DECISION : PAUSE
MACHINE  : Machine-3
------------------------------------------------------------
[SEQ 500] [STATIC-BASELINE]
CMD      : M104 | effects={'M': 104.0, 'S': 200.0, 'prev_temp': 220.0}
DECISION : ALLOW
------------------------------------------------------------
[SEQ 500] [IEEE-BASELINE]
SCORE    : anomaly_score=18.142
DECISION : ALLOW
------------------------------------------------------------
[SEQ 501] [LAYER 0]
CMD      : M104 S220
TRUST    : acc_cmd=0.000 | acc_exec=0.333 | trust=0.133
DECISION : PAUSE
MACHINE  : Machine-3
------------------------------------------------------------
[SEQ 501] [STATIC-BASELINE]
CMD      : M104 | effects={'M': 104.0, 'S': 220.0, 'prev_temp': 200.0}
DECISION : ALLOW
------------------------------------------------------------
[SEQ 501] [IEEE-BASELINE]
SCORE    : anomaly_score=18.328
DECISION : ALLOW
------------------------------------------------------------
[SEQ 502] [LAYER 0]
CMD      : M104 S200
TRUST    : acc_cmd=0.000 | acc_exec=0.333 | trust=0.114
DECISION : PAUSE
MACHINE  : Machine-3
------------------------------------------------------------
[SEQ 502] [STATIC-BASELINE]
CMD      : M104 | effects={'M': 104.0, 'S': 200.0, 'prev_temp': 220.0}
DECISION : ALLOW
------------------------------------------------------------
[SEQ 502] [IEEE-BASELINE]
SCORE    : anomaly_score=18.495
DECISION : ALLOW
------------------------------------------------------------
[SEQ 503] [LAYER 0]
CMD      : M104 S220
TRUST    : acc_cmd=0.000 | acc_exec=0.333 | trust=0.102
DECISION : PAUSE
MACHINE  : Machine-3
------------------------------------------------------------
[SEQ 503] [STATIC-BASELINE]
CMD      : M104 | effects={'M': 104.0, 'S': 220.0, 'prev_temp': 200.0}
DECISION : ALLOW
------------------------------------------------------------
[SEQ 503] [IEEE-BASELINE]
SCORE    : anomaly_score=18.645
DECISION : ALLOW
------------------------------------------------------------
[SEQ 504] [LAYER 0]
CMD      : M104 S200
TRUST    : acc_cmd=0.000 | acc_exec=0.333 | trust=0.094
DECISION : PAUSE
MACHINE  : Machine-3
------------------------------------------------------------
[SEQ 504] [STATIC-BASELINE]
CMD      : M104 | effects={'M': 104.0, 'S': 200.0, 'prev_temp': 220.0}
DECISION : ALLOW
------------------------------------------------------------
[SEQ 504] [IEEE-BASELINE]
SCORE    : anomaly_score=18.781
DECISION : ALLOW
------------------------------------------------------------
[SEQ 505] [LAYER 0]
CMD      : M104 S220
TRUST    : acc_cmd=0.000 | acc_exec=0.333 | trust=0.089
DECISION : PAUSE
MACHINE  : Machine-3
------------------------------------------------------------
[SEQ 505] [STATIC-BASELINE]
CMD      : M104 | effects={'M': 104.0, 'S': 220.0, 'prev_temp': 200.0}
DECISION : ALLOW
------------------------------------------------------------
[SEQ 505] [IEEE-BASELINE]
SCORE    : anomaly_score=18.903
DECISION : ALLOW
------------------------------------------------------------
[SEQ 506] [LAYER 0]
CMD      : M104 S200
TRUST    : acc_cmd=0.000 | acc_exec=0.333 | trust=0.086
DECISION : PAUSE
MACHINE  : Machine-3
------------------------------------------------------------
[SEQ 506] [STATIC-BASELINE]
CMD      : M104 | effects={'M': 104.0, 'S': 200.0, 'prev_temp': 220.0}
DECISION : ALLOW
------------------------------------------------------------
[SEQ 506] [IEEE-BASELINE]
SCORE    : anomaly_score=19.012
DECISION : ALLOW
------------------------------------------------------------
[SEQ 507] [LAYER 0]
CMD      : M104 S220
TRUST    : acc_cmd=0.000 | acc_exec=0.333 | trust=0.085
DECISION : PAUSE
MACHINE  : Machine-3
------------------------------------------------------------
[SEQ 507] [STATIC-BASELINE]
CMD      : M104 | effects={'M': 104.0, 'S': 220.0, 'prev_temp': 200.0}
DECISION : ALLOW
------------------------------------------------------------
[SEQ 507] [IEEE-BASELINE]
SCORE    : anomaly_score=19.111
DECISION : ALLOW
------------------------------------------------------------
[SEQ 508] [LAYER 0]
CMD      : M104 S200
TRUST    : acc_cmd=0.000 | acc_exec=0.333 | trust=0.084
DECISION : PAUSE
MACHINE  : Machine-3
------------------------------------------------------------
[SEQ 508] [STATIC-BASELINE]
CMD      : M104 | effects={'M': 104.0, 'S': 200.0, 'prev_temp': 220.0}
DECISION : ALLOW
------------------------------------------------------------
[SEQ 508] [IEEE-BASELINE]
SCORE    : anomaly_score=19.200
DECISION : ALLOW
------------------------------------------------------------
[SEQ 509] [LAYER 0]
CMD      : M104 S220
TRUST    : acc_cmd=0.000 | acc_exec=0.333 | trust=0.083
DECISION : PAUSE
MACHINE  : Machine-3
------------------------------------------------------------
[SEQ 509] [STATIC-BASELINE]
CMD      : M104 | effects={'M': 104.0, 'S': 220.0, 'prev_temp': 200.0}
DECISION : ALLOW
------------------------------------------------------------
[SEQ 509] [IEEE-BASELINE]
SCORE    : anomaly_score=19.280
DECISION : ALLOW
------------------------------------------------------------
[SEQ 510] [LAYER 0]
CMD      : M104 S200
TRUST    : acc_cmd=0.000 | acc_exec=0.333 | trust=0.083
DECISION : PAUSE
MACHINE  : Machine-3
------------------------------------------------------------
[SEQ 510] [STATIC-BASELINE]
CMD      : M104 | effects={'M': 104.0, 'S': 200.0, 'prev_temp': 220.0}
DECISION : ALLOW
------------------------------------------------------------
[SEQ 510] [IEEE-BASELINE]
SCORE    : anomaly_score=19.352
DECISION : ALLOW
------------------------------------------------------------
[SEQ 511] [LAYER 0]
CMD      : M104 S220
TRUST    : acc_cmd=0.000 | acc_exec=0.333 | trust=0.082
DECISION : PAUSE
MACHINE  : Machine-3
------------------------------------------------------------
[SEQ 511] [STATIC-BASELINE]
CMD      : M104 | effects={'M': 104.0, 'S': 220.0, 'prev_temp': 200.0}
DECISION : ALLOW
------------------------------------------------------------
[SEQ 511] [IEEE-BASELINE]
SCORE    : anomaly_score=19.417
DECISION : ALLOW
------------------------------------------------------------
[SEQ 512] [LAYER 0]
CMD      : M104 S200
TRUST    : acc_cmd=0.000 | acc_exec=0.333 | trust=0.082
DECISION : PAUSE
MACHINE  : Machine-3
------------------------------------------------------------
[SEQ 512] [STATIC-BASELINE]
CMD      : M104 | effects={'M': 104.0, 'S': 200.0, 'prev_temp': 220.0}
DECISION : ALLOW
------------------------------------------------------------
[SEQ 512] [IEEE-BASELINE]
SCORE    : anomaly_score=19.475
DECISION : ALLOW
------------------------------------------------------------
[SEQ 513] [LAYER 0]
CMD      : M104 S220
TRUST    : acc_cmd=0.000 | acc_exec=0.333 | trust=0.082
DECISION : PAUSE
MACHINE  : Machine-3
------------------------------------------------------------
[SEQ 513] [STATIC-BASELINE]
CMD      : M104 | effects={'M': 104.0, 'S': 220.0, 'prev_temp': 200.0}
DECISION : ALLOW
------------------------------------------------------------
[SEQ 513] [IEEE-BASELINE]
SCORE    : anomaly_score=19.528
DECISION : ALLOW
------------------------------------------------------------
[SEQ 514] [LAYER 0]
CMD      : M104 S200
TRUST    : acc_cmd=0.000 | acc_exec=0.333 | trust=0.082
DECISION : PAUSE
MACHINE  : Machine-3
------------------------------------------------------------
[SEQ 514] [STATIC-BASELINE]
CMD      : M104 | effects={'M': 104.0, 'S': 200.0, 'prev_temp': 220.0}
DECISION : ALLOW
------------------------------------------------------------
[SEQ 514] [IEEE-BASELINE]
SCORE    : anomaly_score=19.575
DECISION : ALLOW
------------------------------------------------------------
[SEQ 515] [LAYER 0]
CMD      : M104 S220
TRUST    : acc_cmd=0.000 | acc_exec=0.333 | trust=0.082
DECISION : PAUSE
MACHINE  : Machine-3
------------------------------------------------------------
[SEQ 515] [STATIC-BASELINE]
CMD      : M104 | effects={'M': 104.0, 'S': 220.0, 'prev_temp': 200.0}
DECISION : ALLOW
------------------------------------------------------------
[SEQ 515] [IEEE-BASELINE]
SCORE    : anomaly_score=19.617
DECISION : ALLOW
------------------------------------------------------------
[SEQ 516] [LAYER 0]
CMD      : M104 S200
TRUST    : acc_cmd=0.000 | acc_exec=0.333 | trust=0.082
DECISION : PAUSE
MACHINE  : Machine-3
------------------------------------------------------------
[SEQ 516] [STATIC-BASELINE]
CMD      : M104 | effects={'M': 104.0, 'S': 200.0, 'prev_temp': 220.0}
DECISION : ALLOW
------------------------------------------------------------
[SEQ 516] [IEEE-BASELINE]
SCORE    : anomaly_score=19.656
DECISION : ALLOW
------------------------------------------------------------
[SEQ 517] [LAYER 0]
CMD      : M104 S220
TRUST    : acc_cmd=0.000 | acc_exec=0.333 | trust=0.082
DECISION : PAUSE
MACHINE  : Machine-3
------------------------------------------------------------
[SEQ 517] [STATIC-BASELINE]
CMD      : M104 | effects={'M': 104.0, 'S': 220.0, 'prev_temp': 200.0}
DECISION : ALLOW
------------------------------------------------------------
[SEQ 517] [IEEE-BASELINE]
SCORE    : anomaly_score=19.690
DECISION : ALLOW
------------------------------------------------------------
[SEQ 518] [LAYER 0]
CMD      : M104 S200
TRUST    : acc_cmd=0.000 | acc_exec=0.333 | trust=0.082
DECISION : PAUSE
MACHINE  : Machine-3
------------------------------------------------------------
[SEQ 518] [STATIC-BASELINE]
CMD      : M104 | effects={'M': 104.0, 'S': 200.0, 'prev_temp': 220.0}
DECISION : ALLOW
------------------------------------------------------------
[SEQ 518] [IEEE-BASELINE]
SCORE    : anomaly_score=19.721
DECISION : ALLOW
------------------------------------------------------------
[SEQ 519] [LAYER 0]
CMD      : ;TIME_ELAPSED:26.586445
TRUST    : acc_cmd=0.000 | acc_exec=0.000 | trust=0.167
DECISION : PAUSE
MACHINE  : Machine-3
------------------------------------------------------------
[SEQ 519] [STATIC-BASELINE]
CMD      : None | effects={}
DECISION : ALLOW
------------------------------------------------------------
[SEQ 519] [IEEE-BASELINE]
SCORE    : anomaly_score=17.749
DECISION : ALLOW
------------------------------------------------------------
[SEQ 520] [LAYER 1]
CMD      : M104 S220
TRUST    : acc_cmd=0.000 | acc_exec=0.333 | trust=0.156
DECISION : PAUSE
MACHINE  : Machine-3
------------------------------------------------------------
[SEQ 520] [STATIC-BASELINE]
CMD      : M104 | effects={'M': 104.0, 'S': 220.0, 'prev_temp': 200.0}
DECISION : ALLOW
------------------------------------------------------------
[SEQ 520] [IEEE-BASELINE]
SCORE    : anomaly_score=17.974
DECISION : ALLOW
------------------------------------------------------------
[SEQ 521] [LAYER 1]
CMD      : M104 S200
TRUST    : acc_cmd=0.000 | acc_exec=0.333 | trust=0.133
DECISION : PAUSE
MACHINE  : Machine-3
------------------------------------------------------------
[SEQ 521] [STATIC-BASELINE]
CMD      : M104 | effects={'M': 104.0, 'S': 200.0, 'prev_temp': 220.0}
DECISION : ALLOW
------------------------------------------------------------
[SEQ 521] [IEEE-BASELINE]
SCORE    : anomaly_score=18.177
DECISION : ALLOW
------------------------------------------------------------
[SEQ 522] [LAYER 1]
CMD      : M106 S255
TRUST    : acc_cmd=0.000 | acc_exec=0.000 | trust=0.219
DECISION : PAUSE
MACHINE  : Machine-3
------------------------------------------------------------
[SEQ 522] [STATIC-BASELINE]
CMD      : M106 | effects={'M': 106.0, 'S': 255.0}
DECISION : ALLOW
------------------------------------------------------------
[SEQ 522] [IEEE-BASELINE]
SCORE    : anomaly_score=16.359
DECISION : ALLOW
------------------------------------------------------------
[SEQ 523] [LAYER 1]
CMD      : M104 S220
TRUST    : acc_cmd=0.000 | acc_exec=0.333 | trust=0.190
DECISION : PAUSE
MACHINE  : Machine-3
------------------------------------------------------------
[SEQ 523] [STATIC-BASELINE]
CMD      : M104 | effects={'M': 104.0, 'S': 220.0, 'prev_temp': 200.0}
DECISION : ALLOW
------------------------------------------------------------
[SEQ 523] [IEEE-BASELINE]
SCORE    : anomaly_score=16.723
DECISION : ALLOW
------------------------------------------------------------
[SEQ 524] [LAYER 1]
CMD      : M104 S200
TRUST    : acc_cmd=0.000 | acc_exec=0.333 | trust=0.152
DECISION : PAUSE
MACHINE  : Machine-3
------------------------------------------------------------
[SEQ 524] [STATIC-BASELINE]
CMD      : M104 | effects={'M': 104.0, 'S': 200.0, 'prev_temp': 220.0}
DECISION : ALLOW
------------------------------------------------------------
[SEQ 524] [IEEE-BASELINE]
SCORE    : anomaly_score=17.051
DECISION : ALLOW
------------------------------------------------------------
[SEQ 525] [LAYER 1]
CMD      : M104 S220
TRUST    : acc_cmd=0.000 | acc_exec=0.333 | trust=0.125
DECISION : PAUSE
MACHINE  : Machine-3
------------------------------------------------------------
[SEQ 525] [STATIC-BASELINE]
CMD      : M104 | effects={'M': 104.0, 'S': 220.0, 'prev_temp': 200.0}
DECISION : ALLOW
------------------------------------------------------------
[SEQ 525] [IEEE-BASELINE]
SCORE    : anomaly_score=17.346
DECISION : ALLOW
------------------------------------------------------------
[SEQ 526] [LAYER 1]
CMD      : M104 S200
TRUST    : acc_cmd=0.000 | acc_exec=0.333 | trust=0.108
DECISION : PAUSE
MACHINE  : Machine-3
------------------------------------------------------------
[SEQ 526] [STATIC-BASELINE]
CMD      : M104 | effects={'M': 104.0, 'S': 200.0, 'prev_temp': 220.0}
DECISION : ALLOW
------------------------------------------------------------
[SEQ 526] [IEEE-BASELINE]
SCORE    : anomaly_score=17.611
DECISION : ALLOW
------------------------------------------------------------
[SEQ 527] [LAYER 1]
CMD      : M104 S220
TRUST    : acc_cmd=0.000 | acc_exec=0.333 | trust=0.097
DECISION : PAUSE
MACHINE  : Machine-3
------------------------------------------------------------
[SEQ 527] [STATIC-BASELINE]
CMD      : M104 | effects={'M': 104.0, 'S': 220.0, 'prev_temp': 200.0}
DECISION : ALLOW
------------------------------------------------------------
[SEQ 527] [IEEE-BASELINE]
SCORE    : anomaly_score=17.850
DECISION : ALLOW
------------------------------------------------------------
[SEQ 528] [LAYER 1]
CMD      : M104 S200
TRUST    : acc_cmd=0.000 | acc_exec=0.333 | trust=0.091
DECISION : PAUSE
MACHINE  : Machine-3
------------------------------------------------------------
[SEQ 528] [STATIC-BASELINE]
CMD      : M104 | effects={'M': 104.0, 'S': 200.0, 'prev_temp': 220.0}
DECISION : ALLOW
------------------------------------------------------------
[SEQ 528] [IEEE-BASELINE]
SCORE    : anomaly_score=18.065
DECISION : ALLOW
------------------------------------------------------------
[SEQ 529] [LAYER 1]
CMD      : M104 S220
TRUST    : acc_cmd=0.000 | acc_exec=0.333 | trust=0.087
DECISION : PAUSE
MACHINE  : Machine-3
------------------------------------------------------------
[SEQ 529] [STATIC-BASELINE]
CMD      : M104 | effects={'M': 104.0, 'S': 220.0, 'prev_temp': 200.0}
DECISION : ALLOW
------------------------------------------------------------
[SEQ 529] [IEEE-BASELINE]
SCORE    : anomaly_score=18.259
DECISION : ALLOW
------------------------------------------------------------
[SEQ 530] [LAYER 1]
CMD      : M104 S200
TRUST    : acc_cmd=0.000 | acc_exec=0.333 | trust=0.085
DECISION : PAUSE
MACHINE  : Machine-3
------------------------------------------------------------
[SEQ 530] [STATIC-BASELINE]
CMD      : M104 | effects={'M': 104.0, 'S': 200.0, 'prev_temp': 220.0}
DECISION : ALLOW
------------------------------------------------------------
[SEQ 530] [IEEE-BASELINE]
SCORE    : anomaly_score=18.433
DECISION : ALLOW
------------------------------------------------------------
[SEQ 531] [LAYER 1]
CMD      : M104 S220
TRUST    : acc_cmd=0.000 | acc_exec=0.333 | trust=0.084
DECISION : PAUSE
MACHINE  : Machine-3
------------------------------------------------------------
[SEQ 531] [STATIC-BASELINE]
CMD      : M104 | effects={'M': 104.0, 'S': 220.0, 'prev_temp': 200.0}
DECISION : ALLOW
------------------------------------------------------------
[SEQ 531] [IEEE-BASELINE]
SCORE    : anomaly_score=18.589
DECISION : ALLOW
------------------------------------------------------------
[SEQ 532] [LAYER 2]
CMD      : M104 S200
TRUST    : acc_cmd=0.000 | acc_exec=0.333 | trust=0.083
DECISION : PAUSE
MACHINE  : Machine-3
------------------------------------------------------------
[SEQ 532] [STATIC-BASELINE]
CMD      : M104 | effects={'M': 104.0, 'S': 200.0, 'prev_temp': 220.0}
DECISION : ALLOW
------------------------------------------------------------
[SEQ 532] [IEEE-BASELINE]
SCORE    : anomaly_score=18.730
DECISION : ALLOW
------------------------------------------------------------
[SEQ 533] [LAYER 2]
CMD      : ;note -- min layer time used
TRUST    : acc_cmd=0.000 | acc_exec=0.000 | trust=0.168
DECISION : PAUSE
MACHINE  : Machine-3
------------------------------------------------------------
[SEQ 533] [STATIC-BASELINE]
CMD      : None | effects={}
DECISION : ALLOW
------------------------------------------------------------
[SEQ 533] [IEEE-BASELINE]
SCORE    : anomaly_score=16.857
DECISION : ALLOW
------------------------------------------------------------
[SEQ 534] [LAYER 2]
CMD      : M104 S220
TRUST    : acc_cmd=0.000 | acc_exec=0.333 | trust=0.157
DECISION : PAUSE
MACHINE  : Machine-3
------------------------------------------------------------
[SEQ 534] [STATIC-BASELINE]
CMD      : M104 | effects={'M': 104.0, 'S': 220.0, 'prev_temp': 200.0}
DECISION : ALLOW
------------------------------------------------------------
[SEQ 534] [IEEE-BASELINE]
SCORE    : anomaly_score=17.172
DECISION : ALLOW
------------------------------------------------------------
[SEQ 535] [LAYER 2]
CMD      : M104 S200
TRUST    : acc_cmd=0.000 | acc_exec=0.333 | trust=0.134
DECISION : PAUSE
MACHINE  : Machine-3
------------------------------------------------------------
[SEQ 535] [STATIC-BASELINE]
CMD      : M104 | effects={'M': 104.0, 'S': 200.0, 'prev_temp': 220.0}
DECISION : ALLOW
------------------------------------------------------------
[SEQ 535] [IEEE-BASELINE]
SCORE    : anomaly_score=17.455
DECISION : ALLOW
------------------------------------------------------------
[SEQ 536] [LAYER 2]
CMD      : M104 S220
TRUST    : acc_cmd=0.000 | acc_exec=0.333 | trust=0.115
DECISION : PAUSE
MACHINE  : Machine-3
------------------------------------------------------------
[SEQ 536] [STATIC-BASELINE]
CMD      : M104 | effects={'M': 104.0, 'S': 220.0, 'prev_temp': 200.0}
DECISION : ALLOW
------------------------------------------------------------
[SEQ 536] [IEEE-BASELINE]
SCORE    : anomaly_score=17.709
DECISION : ALLOW
------------------------------------------------------------
[SEQ 537] [LAYER 2]
CMD      : G1 X164.357 Y119.094 E11.82488
TRUST    : acc_cmd=0.000 | acc_exec=0.975 | trust=0.054
DECISION : PAUSE
MACHINE  : Machine-3
------------------------------------------------------------
[SEQ 537] [STATIC-BASELINE]
CMD      : G1 | effects={'dx': -0.26900000000000546, 'dy': 0.6490000000000009, 'dz': 0.0, 'de': 0.1665100000000006, 'xy_dist': 0.7025396785947425, 'params': {'G': 1.0, 'X': 164.357, 'Y': 119.094, 'E': 11.82488}}
DECISION : ALLOW
------------------------------------------------------------
[SEQ 537] [IEEE-BASELINE]
SCORE    : anomaly_score=22.104
DECISION : ALLOW
------------------------------------------------------------
[SEQ 538] [LAYER 2]
CMD      : M104 S200
TRUST    : acc_cmd=0.000 | acc_exec=0.333 | trust=0.038
DECISION : PAUSE
MACHINE  : Machine-3
------------------------------------------------------------
[SEQ 538] [STATIC-BASELINE]
CMD      : M104 | effects={'M': 104.0, 'S': 200.0, 'prev_temp': 220.0}
DECISION : ALLOW
------------------------------------------------------------
[SEQ 538] [IEEE-BASELINE]
SCORE    : anomaly_score=21.894
DECISION : ALLOW
------------------------------------------------------------
[SEQ 539] [LAYER 2]
CMD      : M104 S220
TRUST    : acc_cmd=0.000 | acc_exec=0.333 | trust=0.041
DECISION : PAUSE
MACHINE  : Machine-3
------------------------------------------------------------
[SEQ 539] [STATIC-BASELINE]
CMD      : M104 | effects={'M': 104.0, 'S': 220.0, 'prev_temp': 200.0}
DECISION : ALLOW
------------------------------------------------------------
[SEQ 539] [IEEE-BASELINE]
SCORE    : anomaly_score=21.704
DECISION : ALLOW
------------------------------------------------------------
[SEQ 540] [LAYER 2]
CMD      : M104 S200
TRUST    : acc_cmd=0.000 | acc_exec=0.333 | trust=0.050
DECISION : PAUSE
MACHINE  : Machine-3
------------------------------------------------------------
[SEQ 540] [STATIC-BASELINE]
CMD      : M104 | effects={'M': 104.0, 'S': 200.0, 'prev_temp': 220.0}
DECISION : ALLOW
------------------------------------------------------------
[SEQ 540] [IEEE-BASELINE]
SCORE    : anomaly_score=21.534
DECISION : ALLOW
------------------------------------------------------------
[SEQ 541] [LAYER 2]
CMD      : M104 S220
TRUST    : acc_cmd=0.000 | acc_exec=0.333 | trust=0.059
DECISION : PAUSE
MACHINE  : Machine-3
------------------------------------------------------------
[SEQ 541] [STATIC-BASELINE]
CMD      : M104 | effects={'M': 104.0, 'S': 220.0, 'prev_temp': 200.0}
DECISION : ALLOW
------------------------------------------------------------
[SEQ 541] [IEEE-BASELINE]
SCORE    : anomaly_score=21.380
DECISION : ALLOW
------------------------------------------------------------
[SEQ 542] [LAYER 2]
CMD      : ;TIME_ELAPSED:26.793130
TRUST    : acc_cmd=0.000 | acc_exec=0.000 | trust=0.140
DECISION : PAUSE
MACHINE  : Machine-3
------------------------------------------------------------
[SEQ 542] [STATIC-BASELINE]
CMD      : None | effects={}
DECISION : ALLOW
------------------------------------------------------------
[SEQ 542] [IEEE-BASELINE]
SCORE    : anomaly_score=19.242
DECISION : ALLOW
------------------------------------------------------------
[SEQ 543] [LAYER 3]
CMD      : M104 S200
TRUST    : acc_cmd=0.000 | acc_exec=0.333 | trust=0.139
DECISION : PAUSE
MACHINE  : Machine-3
------------------------------------------------------------
[SEQ 543] [STATIC-BASELINE]
CMD      : M104 | effects={'M': 104.0, 'S': 200.0, 'prev_temp': 220.0}
DECISION : ALLOW
------------------------------------------------------------
[SEQ 543] [IEEE-BASELINE]
SCORE    : anomaly_score=19.318
DECISION : ALLOW
------------------------------------------------------------
[SEQ 544] [LAYER 3]
CMD      : M104 S220
TRUST    : acc_cmd=0.000 | acc_exec=0.333 | trust=0.123
DECISION : PAUSE
MACHINE  : Machine-3
------------------------------------------------------------
[SEQ 544] [STATIC-BASELINE]
CMD      : M104 | effects={'M': 104.0, 'S': 220.0, 'prev_temp': 200.0}
DECISION : ALLOW
------------------------------------------------------------
[SEQ 544] [IEEE-BASELINE]
SCORE    : anomaly_score=19.386
DECISION : ALLOW
------------------------------------------------------------
[SEQ 545] [LAYER 3]
CMD      : M104 S200
TRUST    : acc_cmd=0.000 | acc_exec=0.333 | trust=0.108
DECISION : PAUSE
MACHINE  : Machine-3
------------------------------------------------------------
[SEQ 545] [STATIC-BASELINE]
CMD      : M104 | effects={'M': 104.0, 'S': 200.0, 'prev_temp': 220.0}
DECISION : ALLOW
------------------------------------------------------------
[SEQ 545] [IEEE-BASELINE]
SCORE    : anomaly_score=19.448
DECISION : ALLOW
------------------------------------------------------------
[SEQ 546] [LAYER 3]
CMD      : M104 S220
TRUST    : acc_cmd=0.000 | acc_exec=0.333 | trust=0.098
DECISION : PAUSE
MACHINE  : Machine-3
------------------------------------------------------------
[SEQ 546] [STATIC-BASELINE]
CMD      : M104 | effects={'M': 104.0, 'S': 220.0, 'prev_temp': 200.0}
DECISION : ALLOW
------------------------------------------------------------
[SEQ 546] [IEEE-BASELINE]
SCORE    : anomaly_score=19.503
DECISION : ALLOW
------------------------------------------------------------
[SEQ 547] [LAYER 3]
CMD      : M104 S200
TRUST    : acc_cmd=0.000 | acc_exec=0.333 | trust=0.092
DECISION : PAUSE
MACHINE  : Machine-3
------------------------------------------------------------
[SEQ 547] [STATIC-BASELINE]
CMD      : M104 | effects={'M': 104.0, 'S': 200.0, 'prev_temp': 220.0}
DECISION : ALLOW
------------------------------------------------------------
[SEQ 547] [IEEE-BASELINE]
SCORE    : anomaly_score=19.553
DECISION : ALLOW
------------------------------------------------------------
[SEQ 548] [LAYER 3]
CMD      : M104 S220
TRUST    : acc_cmd=0.000 | acc_exec=0.333 | trust=0.088
DECISION : PAUSE
MACHINE  : Machine-3
------------------------------------------------------------
[SEQ 548] [STATIC-BASELINE]
CMD      : M104 | effects={'M': 104.0, 'S': 220.0, 'prev_temp': 200.0}
DECISION : ALLOW
------------------------------------------------------------
[SEQ 548] [IEEE-BASELINE]
SCORE    : anomaly_score=19.597
DECISION : ALLOW
------------------------------------------------------------
[SEQ 549] [LAYER 3]
CMD      : M104 S200
TRUST    : acc_cmd=0.000 | acc_exec=0.333 | trust=0.086
DECISION : PAUSE
MACHINE  : Machine-3
------------------------------------------------------------
[SEQ 549] [STATIC-BASELINE]
CMD      : M104 | effects={'M': 104.0, 'S': 200.0, 'prev_temp': 220.0}
DECISION : ALLOW
------------------------------------------------------------
[SEQ 549] [IEEE-BASELINE]
SCORE    : anomaly_score=19.638
DECISION : ALLOW
------------------------------------------------------------
[SEQ 550] [LAYER 3]
CMD      : M104 S220
TRUST    : acc_cmd=0.000 | acc_exec=0.333 | trust=0.084
DECISION : PAUSE
MACHINE  : Machine-3
------------------------------------------------------------
[SEQ 550] [STATIC-BASELINE]
CMD      : M104 | effects={'M': 104.0, 'S': 220.0, 'prev_temp': 200.0}
DECISION : ALLOW
------------------------------------------------------------
[SEQ 550] [IEEE-BASELINE]
SCORE    : anomaly_score=19.674
DECISION : ALLOW
------------------------------------------------------------
[SEQ 551] [LAYER 3]
CMD      : M104 S200
TRUST    : acc_cmd=0.000 | acc_exec=0.333 | trust=0.083
DECISION : PAUSE
MACHINE  : Machine-3
------------------------------------------------------------
[SEQ 551] [STATIC-BASELINE]
CMD      : M104 | effects={'M': 104.0, 'S': 200.0, 'prev_temp': 220.0}
DECISION : ALLOW
------------------------------------------------------------
[SEQ 551] [IEEE-BASELINE]
SCORE    : anomaly_score=19.707
DECISION : ALLOW
------------------------------------------------------------
[SEQ 552] [LAYER 3]
CMD      : M104 S220
TRUST    : acc_cmd=0.000 | acc_exec=0.333 | trust=0.083
DECISION : PAUSE
MACHINE  : Machine-3
------------------------------------------------------------
[SEQ 552] [STATIC-BASELINE]
CMD      : M104 | effects={'M': 104.0, 'S': 220.0, 'prev_temp': 200.0}
DECISION : ALLOW
------------------------------------------------------------
[SEQ 552] [IEEE-BASELINE]
SCORE    : anomaly_score=19.736
DECISION : ALLOW
------------------------------------------------------------
[SEQ 553] [LAYER 3]
CMD      : M104 S200
TRUST    : acc_cmd=0.000 | acc_exec=0.333 | trust=0.083
DECISION : PAUSE
MACHINE  : Machine-3
------------------------------------------------------------
[SEQ 553] [STATIC-BASELINE]
CMD      : M104 | effects={'M': 104.0, 'S': 200.0, 'prev_temp': 220.0}
DECISION : ALLOW
------------------------------------------------------------
[SEQ 553] [IEEE-BASELINE]
SCORE    : anomaly_score=19.762
DECISION : ALLOW
------------------------------------------------------------
[SEQ 554] [LAYER 3]
CMD      : M104 S220
TRUST    : acc_cmd=0.000 | acc_exec=0.333 | trust=0.082
DECISION : PAUSE
MACHINE  : Machine-3
------------------------------------------------------------
[SEQ 554] [STATIC-BASELINE]
CMD      : M104 | effects={'M': 104.0, 'S': 220.0, 'prev_temp': 200.0}
DECISION : ALLOW
------------------------------------------------------------
[SEQ 554] [IEEE-BASELINE]
SCORE    : anomaly_score=19.786
DECISION : ALLOW
------------------------------------------------------------
[SEQ 555] [LAYER 3]
CMD      : M104 S200
TRUST    : acc_cmd=0.000 | acc_exec=0.333 | trust=0.082
DECISION : PAUSE
MACHINE  : Machine-3
------------------------------------------------------------
[SEQ 555] [STATIC-BASELINE]
CMD      : M104 | effects={'M': 104.0, 'S': 200.0, 'prev_temp': 220.0}
DECISION : ALLOW
------------------------------------------------------------
[SEQ 555] [IEEE-BASELINE]
SCORE    : anomaly_score=19.807
DECISION : ALLOW
------------------------------------------------------------
[SEQ 556] [LAYER 4]
CMD      : M104 S220
TRUST    : acc_cmd=0.000 | acc_exec=0.333 | trust=0.082
DECISION : PAUSE
MACHINE  : Machine-3
------------------------------------------------------------
[SEQ 556] [STATIC-BASELINE]
CMD      : M104 | effects={'M': 104.0, 'S': 220.0, 'prev_temp': 200.0}
DECISION : ALLOW
------------------------------------------------------------
[SEQ 556] [IEEE-BASELINE]
SCORE    : anomaly_score=19.827
DECISION : ALLOW
------------------------------------------------------------
[SEQ 557] [LAYER 4]
CMD      : M104 S200
TRUST    : acc_cmd=0.000 | acc_exec=0.333 | trust=0.082
DECISION : PAUSE
MACHINE  : Machine-3
------------------------------------------------------------
[SEQ 557] [STATIC-BASELINE]
CMD      : M104 | effects={'M': 104.0, 'S': 200.0, 'prev_temp': 220.0}
DECISION : ALLOW
------------------------------------------------------------
[SEQ 557] [IEEE-BASELINE]
SCORE    : anomaly_score=19.844
DECISION : ALLOW
------------------------------------------------------------
[SEQ 558] [LAYER 4]
CMD      : M104 S220
TRUST    : acc_cmd=0.000 | acc_exec=0.333 | trust=0.082
DECISION : PAUSE
MACHINE  : Machine-3
------------------------------------------------------------
[SEQ 558] [STATIC-BASELINE]
CMD      : M104 | effects={'M': 104.0, 'S': 220.0, 'prev_temp': 200.0}
DECISION : ALLOW
------------------------------------------------------------
[SEQ 558] [IEEE-BASELINE]
SCORE    : anomaly_score=19.860
DECISION : ALLOW
------------------------------------------------------------
[SEQ 559] [LAYER 4]
CMD      : M104 S200
TRUST    : acc_cmd=0.000 | acc_exec=0.333 | trust=0.082
DECISION : PAUSE
MACHINE  : Machine-3
------------------------------------------------------------
[SEQ 559] [STATIC-BASELINE]
CMD      : M104 | effects={'M': 104.0, 'S': 200.0, 'prev_temp': 220.0}
DECISION : ALLOW
------------------------------------------------------------
[SEQ 559] [IEEE-BASELINE]
SCORE    : anomaly_score=19.874
DECISION : ALLOW
------------------------------------------------------------
[SEQ 560] [LAYER 4]
CMD      : M104 S220
TRUST    : acc_cmd=0.000 | acc_exec=0.333 | trust=0.082
DECISION : PAUSE
MACHINE  : Machine-3
------------------------------------------------------------
[SEQ 560] [STATIC-BASELINE]
CMD      : M104 | effects={'M': 104.0, 'S': 220.0, 'prev_temp': 200.0}
DECISION : ALLOW
------------------------------------------------------------
[SEQ 560] [IEEE-BASELINE]
SCORE    : anomaly_score=19.886
DECISION : ALLOW
------------------------------------------------------------
[SEQ 561] [LAYER 4]
CMD      : M104 S200
TRUST    : acc_cmd=0.000 | acc_exec=0.333 | trust=0.082
DECISION : PAUSE
MACHINE  : Machine-3
------------------------------------------------------------
[SEQ 561] [STATIC-BASELINE]
CMD      : M104 | effects={'M': 104.0, 'S': 200.0, 'prev_temp': 220.0}
DECISION : ALLOW
------------------------------------------------------------
[SEQ 561] [IEEE-BASELINE]
SCORE    : anomaly_score=19.898
DECISION : ALLOW
------------------------------------------------------------
[SEQ 562] [LAYER 5]
CMD      : M104 S220
TRUST    : acc_cmd=0.000 | acc_exec=0.333 | trust=0.082
DECISION : PAUSE
MACHINE  : Machine-3
------------------------------------------------------------
[SEQ 562] [STATIC-BASELINE]
CMD      : M104 | effects={'M': 104.0, 'S': 220.0, 'prev_temp': 200.0}
DECISION : ALLOW
------------------------------------------------------------
[SEQ 562] [IEEE-BASELINE]
SCORE    : anomaly_score=19.908
DECISION : ALLOW
------------------------------------------------------------
[SEQ 563] [LAYER 5]
CMD      : ;note -- min layer time used
TRUST    : acc_cmd=0.000 | acc_exec=0.000 | trust=0.167
DECISION : PAUSE
MACHINE  : Machine-3
------------------------------------------------------------
[SEQ 563] [STATIC-BASELINE]
CMD      : None | effects={}
DECISION : ALLOW
------------------------------------------------------------
[SEQ 563] [IEEE-BASELINE]
SCORE    : anomaly_score=17.917
DECISION : ALLOW
------------------------------------------------------------
[SEQ 564] [LAYER 5]
CMD      : M104 S200
TRUST    : acc_cmd=0.000 | acc_exec=0.333 | trust=0.156
DECISION : PAUSE
MACHINE  : Machine-3
------------------------------------------------------------
[SEQ 564] [STATIC-BASELINE]
CMD      : M104 | effects={'M': 104.0, 'S': 200.0, 'prev_temp': 220.0}
DECISION : ALLOW
------------------------------------------------------------
[SEQ 564] [IEEE-BASELINE]
SCORE    : anomaly_score=18.125
DECISION : ALLOW
------------------------------------------------------------
[SEQ 565] [LAYER 5]
CMD      : M104 S220
TRUST    : acc_cmd=0.000 | acc_exec=0.333 | trust=0.133
DECISION : PAUSE
MACHINE  : Machine-3
------------------------------------------------------------
[SEQ 565] [STATIC-BASELINE]
CMD      : M104 | effects={'M': 104.0, 'S': 220.0, 'prev_temp': 200.0}
DECISION : ALLOW
------------------------------------------------------------
[SEQ 565] [IEEE-BASELINE]
SCORE    : anomaly_score=18.313
DECISION : ALLOW
------------------------------------------------------------
[SEQ 566] [LAYER 5]
CMD      : M104 S200
TRUST    : acc_cmd=0.000 | acc_exec=0.333 | trust=0.114
DECISION : PAUSE
MACHINE  : Machine-3
------------------------------------------------------------
[SEQ 566] [STATIC-BASELINE]
CMD      : M104 | effects={'M': 104.0, 'S': 200.0, 'prev_temp': 220.0}
DECISION : ALLOW
------------------------------------------------------------
[SEQ 566] [IEEE-BASELINE]
SCORE    : anomaly_score=18.482
DECISION : ALLOW
------------------------------------------------------------
[SEQ 567] [LAYER 5]
CMD      : M104 S220
TRUST    : acc_cmd=0.000 | acc_exec=0.333 | trust=0.102
DECISION : PAUSE
MACHINE  : Machine-3
------------------------------------------------------------
[SEQ 567] [STATIC-BASELINE]
CMD      : M104 | effects={'M': 104.0, 'S': 220.0, 'prev_temp': 200.0}
DECISION : ALLOW
------------------------------------------------------------
[SEQ 567] [IEEE-BASELINE]
SCORE    : anomaly_score=18.633
DECISION : ALLOW
------------------------------------------------------------
[SEQ 568] [LAYER 5]
CMD      : M104 S200
TRUST    : acc_cmd=0.000 | acc_exec=0.333 | trust=0.094
DECISION : PAUSE
MACHINE  : Machine-3
------------------------------------------------------------
[SEQ 568] [STATIC-BASELINE]
CMD      : M104 | effects={'M': 104.0, 'S': 200.0, 'prev_temp': 220.0}
DECISION : ALLOW
------------------------------------------------------------
[SEQ 568] [IEEE-BASELINE]
SCORE    : anomaly_score=18.770
DECISION : ALLOW
------------------------------------------------------------
[SEQ 569] [LAYER 5]
CMD      : M104 S220
TRUST    : acc_cmd=0.000 | acc_exec=0.333 | trust=0.089
DECISION : PAUSE
MACHINE  : Machine-3
------------------------------------------------------------
[SEQ 569] [STATIC-BASELINE]
CMD      : M104 | effects={'M': 104.0, 'S': 220.0, 'prev_temp': 200.0}
DECISION : ALLOW
------------------------------------------------------------
[SEQ 569] [IEEE-BASELINE]
SCORE    : anomaly_score=18.893
DECISION : ALLOW
------------------------------------------------------------
[SEQ 570] [LAYER 5]
CMD      : M104 S200
TRUST    : acc_cmd=0.000 | acc_exec=0.333 | trust=0.086
DECISION : PAUSE
MACHINE  : Machine-3
------------------------------------------------------------
[SEQ 570] [STATIC-BASELINE]
CMD      : M104 | effects={'M': 104.0, 'S': 200.0, 'prev_temp': 220.0}
DECISION : ALLOW
------------------------------------------------------------
[SEQ 570] [IEEE-BASELINE]
SCORE    : anomaly_score=19.004
DECISION : ALLOW
------------------------------------------------------------
[SEQ 571] [LAYER 5]
CMD      : M104 S220
TRUST    : acc_cmd=0.000 | acc_exec=0.333 | trust=0.085
DECISION : PAUSE
MACHINE  : Machine-3
------------------------------------------------------------
[SEQ 571] [STATIC-BASELINE]
CMD      : M104 | effects={'M': 104.0, 'S': 220.0, 'prev_temp': 200.0}
DECISION : ALLOW
------------------------------------------------------------
[SEQ 571] [IEEE-BASELINE]
SCORE    : anomaly_score=19.103
DECISION : ALLOW
------------------------------------------------------------
[SEQ 572] [LAYER 5]
CMD      : M104 S200
TRUST    : acc_cmd=0.000 | acc_exec=0.333 | trust=0.084
DECISION : PAUSE
MACHINE  : Machine-3
------------------------------------------------------------
[SEQ 572] [STATIC-BASELINE]
CMD      : M104 | effects={'M': 104.0, 'S': 200.0, 'prev_temp': 220.0}
DECISION : ALLOW
------------------------------------------------------------
[SEQ 572] [IEEE-BASELINE]
SCORE    : anomaly_score=19.193
DECISION : ALLOW
------------------------------------------------------------
[SEQ 573] [LAYER 5]
CMD      : M104 S220
TRUST    : acc_cmd=0.000 | acc_exec=0.333 | trust=0.083
DECISION : PAUSE
MACHINE  : Machine-3
------------------------------------------------------------
[SEQ 573] [STATIC-BASELINE]
CMD      : M104 | effects={'M': 104.0, 'S': 220.0, 'prev_temp': 200.0}
DECISION : ALLOW
------------------------------------------------------------
[SEQ 573] [IEEE-BASELINE]
SCORE    : anomaly_score=19.274
DECISION : ALLOW
------------------------------------------------------------
[SEQ 574] [LAYER 6]
CMD      : M104 S200
TRUST    : acc_cmd=0.000 | acc_exec=0.333 | trust=0.083
DECISION : PAUSE
MACHINE  : Machine-3
------------------------------------------------------------
[SEQ 574] [STATIC-BASELINE]
CMD      : M104 | effects={'M': 104.0, 'S': 200.0, 'prev_temp': 220.0}
DECISION : ALLOW
------------------------------------------------------------
[SEQ 574] [IEEE-BASELINE]
SCORE    : anomaly_score=19.346
DECISION : ALLOW
------------------------------------------------------------
[SEQ 575] [LAYER 6]
CMD      : M104 S220
TRUST    : acc_cmd=0.000 | acc_exec=0.333 | trust=0.082
DECISION : PAUSE
MACHINE  : Machine-3
------------------------------------------------------------
[SEQ 575] [STATIC-BASELINE]
CMD      : M104 | effects={'M': 104.0, 'S': 220.0, 'prev_temp': 200.0}
DECISION : ALLOW
------------------------------------------------------------
[SEQ 575] [IEEE-BASELINE]
SCORE    : anomaly_score=19.412
DECISION : ALLOW
------------------------------------------------------------
[SEQ 576] [LAYER 6]
CMD      : M104 S200
TRUST    : acc_cmd=0.000 | acc_exec=0.333 | trust=0.082
DECISION : PAUSE
MACHINE  : Machine-3
------------------------------------------------------------
[SEQ 576] [STATIC-BASELINE]
CMD      : M104 | effects={'M': 104.0, 'S': 200.0, 'prev_temp': 220.0}
DECISION : ALLOW
------------------------------------------------------------
[SEQ 576] [IEEE-BASELINE]
SCORE    : anomaly_score=19.471
DECISION : ALLOW
------------------------------------------------------------
[SEQ 577] [LAYER 6]
CMD      : M104 S220
TRUST    : acc_cmd=0.000 | acc_exec=0.333 | trust=0.082
DECISION : PAUSE
MACHINE  : Machine-3
------------------------------------------------------------
[SEQ 577] [STATIC-BASELINE]
CMD      : M104 | effects={'M': 104.0, 'S': 220.0, 'prev_temp': 200.0}
DECISION : ALLOW
------------------------------------------------------------
[SEQ 577] [IEEE-BASELINE]
SCORE    : anomaly_score=19.524
DECISION : ALLOW
------------------------------------------------------------
[SEQ 578] [LAYER 6]
CMD      : M104 S200
TRUST    : acc_cmd=0.000 | acc_exec=0.333 | trust=0.082
DECISION : PAUSE
MACHINE  : Machine-3
------------------------------------------------------------
[SEQ 578] [STATIC-BASELINE]
CMD      : M104 | effects={'M': 104.0, 'S': 200.0, 'prev_temp': 220.0}
DECISION : ALLOW
------------------------------------------------------------
[SEQ 578] [IEEE-BASELINE]
SCORE    : anomaly_score=19.571
DECISION : ALLOW
------------------------------------------------------------
[SEQ 579] [LAYER 6]
CMD      : M104 S220
TRUST    : acc_cmd=0.000 | acc_exec=0.333 | trust=0.082
DECISION : PAUSE
MACHINE  : Machine-3
------------------------------------------------------------
[SEQ 579] [STATIC-BASELINE]
CMD      : M104 | effects={'M': 104.0, 'S': 220.0, 'prev_temp': 200.0}
DECISION : ALLOW
------------------------------------------------------------
[SEQ 579] [IEEE-BASELINE]
SCORE    : anomaly_score=19.614
DECISION : ALLOW
------------------------------------------------------------
[SEQ 580] [LAYER 6]
CMD      : M104 S200
TRUST    : acc_cmd=0.000 | acc_exec=0.333 | trust=0.082
DECISION : PAUSE
MACHINE  : Machine-3
------------------------------------------------------------
[SEQ 580] [STATIC-BASELINE]
CMD      : M104 | effects={'M': 104.0, 'S': 200.0, 'prev_temp': 220.0}
DECISION : ALLOW
------------------------------------------------------------
[SEQ 580] [IEEE-BASELINE]
SCORE    : anomaly_score=19.653
DECISION : ALLOW
------------------------------------------------------------
[SEQ 581] [LAYER 6]
CMD      : M104 S220
TRUST    : acc_cmd=0.000 | acc_exec=0.333 | trust=0.082
DECISION : PAUSE
MACHINE  : Machine-3
------------------------------------------------------------
[SEQ 581] [STATIC-BASELINE]
CMD      : M104 | effects={'M': 104.0, 'S': 220.0, 'prev_temp': 200.0}
DECISION : ALLOW
------------------------------------------------------------
[SEQ 581] [IEEE-BASELINE]
SCORE    : anomaly_score=19.687
DECISION : ALLOW
------------------------------------------------------------
[SEQ 582] [LAYER 6]
CMD      : M104 S200
TRUST    : acc_cmd=0.000 | acc_exec=0.333 | trust=0.082
DECISION : PAUSE
MACHINE  : Machine-3
------------------------------------------------------------
[SEQ 582] [STATIC-BASELINE]
CMD      : M104 | effects={'M': 104.0, 'S': 200.0, 'prev_temp': 220.0}
DECISION : ALLOW
------------------------------------------------------------
[SEQ 582] [IEEE-BASELINE]
SCORE    : anomaly_score=19.719
DECISION : ALLOW
------------------------------------------------------------
[SEQ 583] [LAYER 6]
CMD      : M104 S220
TRUST    : acc_cmd=0.000 | acc_exec=0.333 | trust=0.082
DECISION : PAUSE
MACHINE  : Machine-3
------------------------------------------------------------
[SEQ 583] [STATIC-BASELINE]
CMD      : M104 | effects={'M': 104.0, 'S': 220.0, 'prev_temp': 200.0}
DECISION : ALLOW
------------------------------------------------------------
[SEQ 583] [IEEE-BASELINE]
SCORE    : anomaly_score=19.747
DECISION : ALLOW
------------------------------------------------------------
[SEQ 584] [LAYER 6]
CMD      : M104 S200
TRUST    : acc_cmd=0.000 | acc_exec=0.333 | trust=0.082
DECISION : PAUSE
MACHINE  : Machine-3
------------------------------------------------------------
[SEQ 584] [STATIC-BASELINE]
CMD      : M104 | effects={'M': 104.0, 'S': 200.0, 'prev_temp': 220.0}
DECISION : ALLOW
------------------------------------------------------------
[SEQ 584] [IEEE-BASELINE]
SCORE    : anomaly_score=19.772
DECISION : ALLOW
------------------------------------------------------------
[SEQ 585] [LAYER 7]
CMD      : M104 S220
TRUST    : acc_cmd=0.000 | acc_exec=0.333 | trust=0.082
DECISION : PAUSE
MACHINE  : Machine-3
------------------------------------------------------------
[SEQ 585] [STATIC-BASELINE]
CMD      : M104 | effects={'M': 104.0, 'S': 220.0, 'prev_temp': 200.0}
DECISION : ALLOW
------------------------------------------------------------
[SEQ 585] [IEEE-BASELINE]
SCORE    : anomaly_score=19.795
DECISION : ALLOW
------------------------------------------------------------
[SEQ 586] [LAYER 7]
CMD      : ;note -- min layer time used
TRUST    : acc_cmd=0.000 | acc_exec=0.000 | trust=0.167
DECISION : PAUSE
MACHINE  : Machine-3
------------------------------------------------------------
[SEQ 586] [STATIC-BASELINE]
CMD      : None | effects={}
DECISION : ALLOW
------------------------------------------------------------
[SEQ 586] [IEEE-BASELINE]
SCORE    : anomaly_score=17.815
DECISION : ALLOW
------------------------------------------------------------
[SEQ 587] [LAYER 7]
CMD      : M104 S200
TRUST    : acc_cmd=0.000 | acc_exec=0.333 | trust=0.156
DECISION : PAUSE
MACHINE  : Machine-3
------------------------------------------------------------
[SEQ 587] [STATIC-BASELINE]
CMD      : M104 | effects={'M': 104.0, 'S': 200.0, 'prev_temp': 220.0}
DECISION : ALLOW
------------------------------------------------------------
[SEQ 587] [IEEE-BASELINE]
SCORE    : anomaly_score=18.034
DECISION : ALLOW
------------------------------------------------------------
[SEQ 588] [LAYER 7]
CMD      : M104 S220
TRUST    : acc_cmd=0.000 | acc_exec=0.333 | trust=0.133
DECISION : PAUSE
MACHINE  : Machine-3
------------------------------------------------------------
[SEQ 588] [STATIC-BASELINE]
CMD      : M104 | effects={'M': 104.0, 'S': 220.0, 'prev_temp': 200.0}
DECISION : ALLOW
------------------------------------------------------------
[SEQ 588] [IEEE-BASELINE]
SCORE    : anomaly_score=18.230
DECISION : ALLOW
------------------------------------------------------------
[SEQ 589] [LAYER 7]
CMD      : M104 S200
TRUST    : acc_cmd=0.000 | acc_exec=0.333 | trust=0.114
DECISION : PAUSE
MACHINE  : Machine-3
------------------------------------------------------------
[SEQ 589] [STATIC-BASELINE]
CMD      : M104 | effects={'M': 104.0, 'S': 200.0, 'prev_temp': 220.0}
DECISION : ALLOW
------------------------------------------------------------
[SEQ 589] [IEEE-BASELINE]
SCORE    : anomaly_score=18.407
DECISION : ALLOW
------------------------------------------------------------
[SEQ 590] [LAYER 7]
CMD      : M104 S220
TRUST    : acc_cmd=0.000 | acc_exec=0.333 | trust=0.102
DECISION : PAUSE
MACHINE  : Machine-3
------------------------------------------------------------
[SEQ 590] [STATIC-BASELINE]
CMD      : M104 | effects={'M': 104.0, 'S': 220.0, 'prev_temp': 200.0}
DECISION : ALLOW
------------------------------------------------------------
[SEQ 590] [IEEE-BASELINE]
SCORE    : anomaly_score=18.567
DECISION : ALLOW
------------------------------------------------------------
[SEQ 591] [LAYER 7]
CMD      : M104 S200
TRUST    : acc_cmd=0.000 | acc_exec=0.333 | trust=0.094
DECISION : PAUSE
MACHINE  : Machine-3
------------------------------------------------------------
[SEQ 591] [STATIC-BASELINE]
CMD      : M104 | effects={'M': 104.0, 'S': 200.0, 'prev_temp': 220.0}
DECISION : ALLOW
------------------------------------------------------------
[SEQ 591] [IEEE-BASELINE]
SCORE    : anomaly_score=18.710
DECISION : ALLOW
------------------------------------------------------------
[SEQ 592] [LAYER 7]
CMD      : G1 X164.401 Y119.115 E11.83114
TRUST    : acc_cmd=0.000 | acc_exec=0.000 | trust=0.178
DECISION : PAUSE
MACHINE  : Machine-3
------------------------------------------------------------
[SEQ 592] [STATIC-BASELINE]
CMD      : G1 | effects={'dx': 0.04400000000001114, 'dy': 0.021000000000000796, 'dz': 0.0, 'de': 0.006259999999999266, 'xy_dist': 0.04875448697300602, 'params': {'G': 1.0, 'X': 164.401, 'Y': 119.115, 'E': 11.83114}}
DECISION : ALLOW
------------------------------------------------------------
[SEQ 592] [IEEE-BASELINE]
SCORE    : anomaly_score=16.839
DECISION : ALLOW
------------------------------------------------------------
[SEQ 593] [LAYER 7]
CMD      : M104 S220
TRUST    : acc_cmd=0.000 | acc_exec=0.333 | trust=0.163
DECISION : PAUSE
MACHINE  : Machine-3
------------------------------------------------------------
[SEQ 593] [STATIC-BASELINE]
CMD      : M104 | effects={'M': 104.0, 'S': 220.0, 'prev_temp': 200.0}
DECISION : ALLOW
------------------------------------------------------------
[SEQ 593] [IEEE-BASELINE]
SCORE    : anomaly_score=17.155
DECISION : ALLOW
------------------------------------------------------------
[SEQ 594] [LAYER 7]
CMD      : M104 S200
TRUST    : acc_cmd=0.000 | acc_exec=0.333 | trust=0.137
DECISION : PAUSE
MACHINE  : Machine-3
------------------------------------------------------------
[SEQ 594] [STATIC-BASELINE]
CMD      : M104 | effects={'M': 104.0, 'S': 200.0, 'prev_temp': 220.0}
DECISION : ALLOW
------------------------------------------------------------
[SEQ 594] [IEEE-BASELINE]
SCORE    : anomaly_score=17.440
DECISION : ALLOW
------------------------------------------------------------
[SEQ 595] [LAYER 7]
CMD      : M104 S220
TRUST    : acc_cmd=0.000 | acc_exec=0.333 | trust=0.117
DECISION : PAUSE
MACHINE  : Machine-3
------------------------------------------------------------
[SEQ 595] [STATIC-BASELINE]
CMD      : M104 | effects={'M': 104.0, 'S': 220.0, 'prev_temp': 200.0}
DECISION : ALLOW
------------------------------------------------------------
[SEQ 595] [IEEE-BASELINE]
SCORE    : anomaly_score=17.696
DECISION : ALLOW
------------------------------------------------------------
[SEQ 596] [LAYER 7]
CMD      : M104 S200
TRUST    : acc_cmd=0.000 | acc_exec=0.333 | trust=0.103
DECISION : PAUSE
MACHINE  : Machine-3
------------------------------------------------------------
[SEQ 596] [STATIC-BASELINE]
CMD      : M104 | effects={'M': 104.0, 'S': 200.0, 'prev_temp': 220.0}
DECISION : ALLOW
------------------------------------------------------------
[SEQ 596] [IEEE-BASELINE]
SCORE    : anomaly_score=17.926
DECISION : ALLOW
------------------------------------------------------------
[SEQ 597] [LAYER 7]
CMD      : M104 S220
TRUST    : acc_cmd=0.000 | acc_exec=0.333 | trust=0.095
DECISION : PAUSE
MACHINE  : Machine-3
------------------------------------------------------------
[SEQ 597] [STATIC-BASELINE]
CMD      : M104 | effects={'M': 104.0, 'S': 220.0, 'prev_temp': 200.0}
DECISION : ALLOW
------------------------------------------------------------
[SEQ 597] [IEEE-BASELINE]
SCORE    : anomaly_score=18.133
DECISION : ALLOW
------------------------------------------------------------
[SEQ 598] [LAYER 7]
CMD      : ;TIME_ELAPSED:33.197905
TRUST    : acc_cmd=0.000 | acc_exec=0.000 | trust=0.178
DECISION : PAUSE
MACHINE  : Machine-3
------------------------------------------------------------
[SEQ 598] [STATIC-BASELINE]
CMD      : None | effects={}
DECISION : ALLOW
------------------------------------------------------------
[SEQ 598] [IEEE-BASELINE]
SCORE    : anomaly_score=16.320
DECISION : ALLOW
------------------------------------------------------------
[SEQ 599] [LAYER 8]
CMD      : M104 S200
TRUST    : acc_cmd=0.000 | acc_exec=0.333 | trust=0.164
DECISION : PAUSE
MACHINE  : Machine-3
------------------------------------------------------------
[SEQ 599] [STATIC-BASELINE]
CMD      : M104 | effects={'M': 104.0, 'S': 200.0, 'prev_temp': 220.0}
DECISION : ALLOW
------------------------------------------------------------
[SEQ 599] [IEEE-BASELINE]
SCORE    : anomaly_score=16.688
DECISION : ALLOW
------------------------------------------------------------
[SEQ 600] [LAYER 8]
CMD      : M104 S220
TRUST    : acc_cmd=0.000 | acc_exec=0.333 | trust=0.137
DECISION : PAUSE
MACHINE  : Machine-3
------------------------------------------------------------
[SEQ 600] [STATIC-BASELINE]
CMD      : M104 | effects={'M': 104.0, 'S': 220.0, 'prev_temp': 200.0}
DECISION : ALLOW
------------------------------------------------------------
[SEQ 600] [IEEE-BASELINE]
SCORE    : anomaly_score=17.019
DECISION : ALLOW
------------------------------------------------------------
[SEQ 601] [LAYER 8]
CMD      : M104 S200
TRUST    : acc_cmd=0.000 | acc_exec=0.333 | trust=0.117
DECISION : PAUSE
MACHINE  : Machine-3
------------------------------------------------------------
[SEQ 601] [STATIC-BASELINE]
CMD      : M104 | effects={'M': 104.0, 'S': 200.0, 'prev_temp': 220.0}
DECISION : ALLOW
------------------------------------------------------------
[SEQ 601] [IEEE-BASELINE]
SCORE    : anomaly_score=17.317
DECISION : ALLOW
------------------------------------------------------------
[SEQ 602] [LAYER 8]
CMD      : M104 S220
TRUST    : acc_cmd=0.000 | acc_exec=0.333 | trust=0.103
DECISION : PAUSE
MACHINE  : Machine-3
------------------------------------------------------------
[SEQ 602] [STATIC-BASELINE]
CMD      : M104 | effects={'M': 104.0, 'S': 220.0, 'prev_temp': 200.0}
DECISION : ALLOW
------------------------------------------------------------
[SEQ 602] [IEEE-BASELINE]
SCORE    : anomaly_score=17.586
DECISION : ALLOW
------------------------------------------------------------
[SEQ 603] [LAYER 8]
CMD      : M104 S200
TRUST    : acc_cmd=0.000 | acc_exec=0.333 | trust=0.095
DECISION : PAUSE
MACHINE  : Machine-3
------------------------------------------------------------
[SEQ 603] [STATIC-BASELINE]
CMD      : M104 | effects={'M': 104.0, 'S': 200.0, 'prev_temp': 220.0}
DECISION : ALLOW
------------------------------------------------------------
[SEQ 603] [IEEE-BASELINE]
SCORE    : anomaly_score=17.827
DECISION : ALLOW
------------------------------------------------------------
[SEQ 604] [LAYER 8]
CMD      : M104 S220
TRUST    : acc_cmd=0.000 | acc_exec=0.333 | trust=0.090
DECISION : PAUSE
MACHINE  : Machine-3
------------------------------------------------------------
[SEQ 604] [STATIC-BASELINE]
CMD      : M104 | effects={'M': 104.0, 'S': 220.0, 'prev_temp': 200.0}
DECISION : ALLOW
------------------------------------------------------------
[SEQ 604] [IEEE-BASELINE]
SCORE    : anomaly_score=18.044
DECISION : ALLOW
------------------------------------------------------------
[SEQ 605] [LAYER 8]
CMD      : M104 S200
TRUST    : acc_cmd=0.000 | acc_exec=0.333 | trust=0.087
DECISION : PAUSE
MACHINE  : Machine-3
------------------------------------------------------------
[SEQ 605] [STATIC-BASELINE]
CMD      : M104 | effects={'M': 104.0, 'S': 200.0, 'prev_temp': 220.0}
DECISION : ALLOW
------------------------------------------------------------
[SEQ 605] [IEEE-BASELINE]
SCORE    : anomaly_score=18.240
DECISION : ALLOW
------------------------------------------------------------
[SEQ 606] [LAYER 8]
CMD      : M104 S220
TRUST    : acc_cmd=0.000 | acc_exec=0.333 | trust=0.085
DECISION : PAUSE
MACHINE  : Machine-3
------------------------------------------------------------
[SEQ 606] [STATIC-BASELINE]
CMD      : M104 | effects={'M': 104.0, 'S': 220.0, 'prev_temp': 200.0}
DECISION : ALLOW
------------------------------------------------------------
[SEQ 606] [IEEE-BASELINE]
SCORE    : anomaly_score=18.416
DECISION : ALLOW
------------------------------------------------------------
[SEQ 607] [LAYER 8]
CMD      : ;End of Gcode
TRUST    : acc_cmd=0.000 | acc_exec=0.000 | trust=0.169
DECISION : PAUSE
MACHINE  : Machine-3
------------------------------------------------------------
[SEQ 607] [STATIC-BASELINE]
CMD      : None | effects={}
DECISION : ALLOW
------------------------------------------------------------
[SEQ 607] [IEEE-BASELINE]
SCORE    : anomaly_score=16.574
DECISION : ALLOW
------------------------------------------------------------

============================================================
DT-3 FINISHED
FINAL TRUST: 0.169
END TIME  : 2026-04-29 21:30:09.305177
============================================================
