seq,acc_cmd,acc_exec,trust,decision
0,0.000000,1.000000,0.329872,PAUSE
1,0.000000,0.000000,0.231128,PAUSE
2,0.000000,0.000000,0.296209,PAUSE
3,0.000000,1.000000,0.134109,PAUSE
4,0.000000,0.000000,0.120874,PAUSE
5,0.000000,0.000000,0.209712,PAUSE
6,0.000000,1.000000,0.097470,PAUSE
7,0.000000,1.000000,0.042065,PAUSE
8,0.000000,0.000000,0.042188,PAUSE
9,0.000000,0.000000,0.106778,PAUSE
10,0.000000,0.000000,0.234810,PAUSE
11,0.000000,1.000000,0.109007,PAUSE
12,0.000000,0.000000,0.109422,PAUSE
13,0.000000,0.000000,0.203090,PAUSE
14,0.000000,0.000000,0.352021,PAUSE
15,0.000000,0.000000,0.513059,ALLOW
16,0.000000,1.000000,0.227656,PAUSE
17,0.000000,0.000000,0.174582,PAUSE
18,0.000000,1.000000,0.078983,PAUSE
19,0.000000,1.000000,0.034021,PAUSE
20,0.000000,0.000000,0.035608,PAUSE
21,0.000000,1.000000,0.018353,PAUSE
22,0.000000,0.000000,0.037510,PAUSE
23,0.000000,0.000000,0.114772,PAUSE
24,0.000000,0.000000,0.250391,PAUSE
25,0.000000,1.000000,0.115816,PAUSE
26,0.000000,1.000000,0.049678,PAUSE
27,0.000000,0.000000,0.046565,PAUSE
28,0.000000,0.000000,0.111331,PAUSE
29,0.000000,0.000000,0.240201,PAUSE
30,0.000000,1.000000,0.111331,PAUSE
31,0.000000,1.000000,0.047831,PAUSE
32,0.000000,1.000000,0.020449,PAUSE
33,0.000000,1.000000,0.008938,PAUSE
34,0.000000,0.000000,0.014522,PAUSE
35,0.000000,0.000000,0.060111,PAUSE
36,0.000000,0.000000,0.166000,PAUSE
37,0.000000,0.000000,0.319069,PAUSE
38,1.000000,1.000000,0.145407,PAUSE
39,0.000000,1.000000,0.061779,PAUSE
40,0.000000,0.000000,0.052654,PAUSE
41,0.000000,0.000000,0.116344,PAUSE
42,1.000000,1.000000,0.056441,PAUSE
43,0.000000,1.000000,0.025122,PAUSE
44,0.000000,1.000000,0.011176,PAUSE
45,1.000000,1.000000,0.005161,PAUSE
46,0.000000,1.000000,0.002580,PAUSE
47,0.000000,0.000000,0.009712,PAUSE
48,1.000000,1.000000,0.006237,PAUSE
49,0.000000,0.000000,0.024080,PAUSE
50,0.000000,0.000000,0.091243,PAUSE
51,1.000000,1.000000,0.045522,PAUSE
52,1.000000,1.000000,0.020617,PAUSE
53,0.000000,0.000000,0.030136,PAUSE
54,1.000000,1.000000,0.016152,PAUSE
55,0.000000,0.000000,0.036575,PAUSE
56,1.000000,1.000000,0.019592,PAUSE
57,1.000000,1.000000,0.009519,PAUSE
58,1.000000,1.000000,0.004686,PAUSE
59,0.000000,1.000000,0.002470,PAUSE
60,0.000000,1.000000,0.001459,PAUSE
61,0.000000,0.000000,0.008809,PAUSE
62,0.000000,0.000000,0.049271,PAUSE
63,1.000000,1.000000,0.026085,PAUSE
64,1.000000,1.000000,0.012389,PAUSE
65,0.000000,0.000000,0.024273,PAUSE
66,1.000000,1.000000,0.013510,PAUSE
67,0.000000,0.000000,0.034193,PAUSE
68,0.000000,1.000000,0.018507,PAUSE
69,1.000000,1.000000,0.009057,PAUSE
70,0.000000,1.000000,0.004493,PAUSE
71,0.000000,0.000000,0.013683,PAUSE
72,1.000000,1.000000,0.008314,PAUSE
73,0.000000,0.000000,0.027497,PAUSE
74,0.000000,0.000000,0.098344,PAUSE
75,0.000000,0.000000,0.228138,PAUSE
76,0.000000,0.000000,0.391077,PAUSE
77,0.000000,0.000000,0.552142,ALLOW
78,0.000000,0.000000,0.688255,ALLOW
79,1.000000,1.000000,0.301017,PAUSE
80,1.000000,1.000000,0.124920,PAUSE
81,0.000000,0.000000,0.081880,PAUSE
82,1.000000,1.000000,0.037890,PAUSE
83,0.000000,0.000000,0.049647,PAUSE
84,1.000000,1.000000,0.025242,PAUSE
85,0.000000,1.000000,0.011863,PAUSE
86,1.000000,1.000000,0.005650,PAUSE
87,0.000000,1.000000,0.002866,PAUSE
88,0.000000,0.000000,0.010711,PAUSE
89,0.000000,1.000000,0.006777,PAUSE
90,1.000000,1.000000,0.003824,PAUSE
91,0.000000,1.000000,0.002215,PAUSE
92,0.000000,0.000000,0.011190,PAUSE
93,0.000000,0.000000,0.056844,PAUSE
94,0.000000,1.000000,0.029653,PAUSE
95,1.000000,1.000000,0.013914,PAUSE
96,1.000000,1.000000,0.006556,PAUSE
97,0.000000,1.000000,0.003262,PAUSE
98,0.000000,1.000000,0.001797,PAUSE
99,0.000000,1.000000,0.001139,PAUSE
100,1.000000,1.000000,0.000838,PAUSE
101,0.000000,0.000000,0.007592,PAUSE
102,0.000000,0.000000,0.045470,PAUSE
103,0.000000,0.000000,0.140617,PAUSE
104,0.000000,0.000000,0.287449,PAUSE
105,1.000000,1.000000,0.131836,PAUSE
106,1.000000,1.000000,0.056238,PAUSE
107,1.000000,1.000000,0.023860,PAUSE
108,0.000000,1.000000,0.010319,PAUSE
109,0.000000,1.000000,0.004680,PAUSE
110,0.000000,0.000000,0.010918,PAUSE
111,1.000000,1.000000,0.006779,PAUSE
112,1.000000,1.000000,0.003802,PAUSE
113,0.000000,1.000000,0.002199,PAUSE
114,1.000000,1.000000,0.001389,PAUSE
115,0.000000,1.000000,0.000985,PAUSE
116,0.000000,1.000000,0.000781,PAUSE
117,0.000000,0.000000,0.007624,PAUSE
118,1.000000,1.000000,0.005172,PAUSE
119,0.000000,0.000000,0.022361,PAUSE
120,0.000000,1.000000,0.012860,PAUSE
121,1.000000,1.000000,0.006603,PAUSE
122,1.000000,1.000000,0.003448,PAUSE
123,0.000000,1.000000,0.001945,PAUSE
124,0.000000,0.000000,0.009956,PAUSE
125,1.000000,1.000000,0.006415,PAUSE
126,0.000000,0.000000,0.024589,PAUSE
127,0.000000,0.000000,0.092436,PAUSE
128,0.000000,1.000000,0.046064,PAUSE
129,0.000000,1.000000,0.020844,PAUSE
130,1.000000,1.000000,0.009430,PAUSE
131,0.000000,1.000000,0.004451,PAUSE
132,0.000000,1.000000,0.002290,PAUSE
133,0.000000,0.000000,0.009538,PAUSE
134,0.000000,1.000000,0.006158,PAUSE
135,1.000000,1.000000,0.003535,PAUSE
136,0.000000,1.000000,0.002085,PAUSE
137,0.000000,0.000000,0.011000,PAUSE
138,0.000000,0.000000,0.056347,PAUSE
139,0.000000,0.000000,0.160767,PAUSE
140,0.000000,0.000000,0.312974,PAUSE
141,1.000000,1.000000,0.142799,PAUSE
142,0.000000,0.000000,0.129348,PAUSE
143,1.000000,1.000000,0.060126,PAUSE
144,1.000000,1.000000,0.026355,PAUSE
145,0.000000,0.000000,0.031862,PAUSE
146,0.000000,0.000000,0.093753,PAUSE
147,0.000000,0.000000,0.217960,PAUSE
148,0.000000,0.000000,0.378986,PAUSE
149,0.000000,1.000000,0.170978,PAUSE
150,1.000000,1.000000,0.072200,PAUSE
151,1.000000,1.000000,0.030315,PAUSE
152,0.000000,1.000000,0.012925,PAUSE
153,0.000000,1.000000,0.005732,PAUSE
154,0.000000,1.000000,0.002748,PAUSE
155,0.000000,0.000000,0.009158,PAUSE
156,1.000000,1.000000,0.005913,PAUSE
157,0.000000,0.000000,0.023380,PAUSE
158,0.000000,0.000000,0.089664,PAUSE
159,1.000000,1.000000,0.044804,PAUSE
160,1.000000,1.000000,0.020316,PAUSE
161,0.000000,0.000000,0.029940,PAUSE
162,0.000000,0.000000,0.094106,PAUSE
163,0.000000,1.000000,0.046701,PAUSE
164,0.000000,1.000000,0.021094,PAUSE
165,0.000000,0.000000,0.030357,PAUSE
166,0.000000,1.000000,0.016244,PAUSE
167,0.000000,1.000000,0.007998,PAUSE
168,0.000000,0.000000,0.019678,PAUSE
169,0.000000,1.000000,0.011327,PAUSE
170,0.000000,1.000000,0.005884,PAUSE
171,1.000000,1.000000,0.003125,PAUSE
172,0.000000,1.000000,0.001801,PAUSE
173,0.000000,0.000000,0.009751,PAUSE
174,0.000000,0.000000,0.052282,PAUSE
175,0.000000,0.000000,0.153369,PAUSE
176,0.000000,0.000000,0.303731,PAUSE
177,0.000000,0.000000,0.469799,PAUSE
178,0.000000,0.000000,0.620870,ALLOW
179,0.000000,0.000000,0.741662,ALLOW
180,0.000000,1.000000,0.323226,PAUSE
181,0.000000,1.000000,0.133892,PAUSE
182,1.000000,1.000000,0.055164,PAUSE
183,1.000000,1.000000,0.022921,PAUSE
184,0.000000,0.000000,0.020931,PAUSE
185,0.000000,0.000000,0.065069,PAUSE
186,1.000000,1.000000,0.033280,PAUSE
187,0.000000,1.000000,0.015424,PAUSE
188,0.000000,1.000000,0.007177,PAUSE
189,0.000000,1.000000,0.003517,PAUSE
190,0.000000,1.000000,0.001902,PAUSE
191,0.000000,1.000000,0.001182,PAUSE
192,1.000000,1.000000,0.000856,PAUSE
193,0.000000,1.000000,0.000704,PAUSE
194,1.000000,1.000000,0.000631,PAUSE
195,0.000000,1.000000,0.000595,PAUSE
196,1.000000,1.000000,0.000576,PAUSE
197,1.000000,1.000000,0.000566,PAUSE
198,0.000000,0.000000,0.006937,PAUSE
199,0.000000,0.000000,0.043261,PAUSE
200,1.000000,1.000000,0.023230,PAUSE
201,0.000000,0.000000,0.046869,PAUSE
202,0.000000,0.000000,0.132565,PAUSE
203,1.000000,1.000000,0.064044,PAUSE
204,0.000000,0.000000,0.080133,PAUSE
205,0.000000,0.000000,0.174343,PAUSE
206,0.000000,0.000000,0.322763,PAUSE
207,0.000000,0.000000,0.486509,PAUSE
208,0.000000,0.000000,0.634303,ALLOW
209,0.000000,0.000000,0.751635,ALLOW
210,0.000000,0.000000,0.837133,ALLOW
211,0.000000,1.000000,0.362786,PAUSE
212,0.000000,1.000000,0.149857,PAUSE
213,1.000000,1.000000,0.061580,PAUSE
214,0.000000,1.000000,0.025496,PAUSE
215,1.000000,1.000000,0.010788,PAUSE
216,0.000000,0.000000,0.013724,PAUSE
217,1.000000,1.000000,0.007958,PAUSE
218,0.000000,0.000000,0.025404,PAUSE
219,0.000000,0.000000,0.093207,PAUSE
220,0.000000,0.000000,0.220451,PAUSE
221,0.000000,1.000000,0.102839,PAUSE
222,0.000000,1.000000,0.044357,PAUSE
223,1.000000,1.000000,0.019040,PAUSE
224,0.000000,1.000000,0.008368,PAUSE
225,0.000000,1.000000,0.003890,PAUSE
226,1.000000,1.000000,0.002001,PAUSE
227,1.000000,1.000000,0.001197,PAUSE
228,0.000000,1.000000,0.000848,PAUSE
229,1.000000,1.000000,0.000693,PAUSE
230,0.000000,1.000000,0.000622,PAUSE
231,0.000000,1.000000,0.000588,PAUSE
232,1.000000,1.000000,0.000572,PAUSE
233,1.000000,1.000000,0.000563,PAUSE
234,1.000000,1.000000,0.000559,PAUSE
235,0.000000,0.000000,0.006909,PAUSE
236,0.000000,0.000000,0.043159,PAUSE
237,0.000000,0.000000,0.136130,PAUSE
238,1.000000,1.000000,0.065761,PAUSE
239,0.000000,1.000000,0.029061,PAUSE
240,0.000000,1.000000,0.012806,PAUSE
241,0.000000,1.000000,0.005834,PAUSE
242,0.000000,0.000000,0.012864,PAUSE
243,1.000000,1.000000,0.007787,PAUSE
244,0.000000,0.000000,0.026255,PAUSE
245,1.000000,1.000000,0.014738,PAUSE
246,1.000000,1.000000,0.007425,PAUSE
247,1.000000,1.000000,0.003800,PAUSE
248,0.000000,0.000000,0.013074,PAUSE
249,1.000000,1.000000,0.008022,PAUSE
250,0.000000,0.000000,0.027135,PAUSE
251,0.000000,1.000000,0.015176,PAUSE
252,0.000000,1.000000,0.007619,PAUSE
253,1.000000,1.000000,0.003884,PAUSE
254,1.000000,1.000000,0.002131,PAUSE
255,0.000000,0.000000,0.010149,PAUSE
256,0.000000,0.000000,0.053291,PAUSE
257,1.000000,1.000000,0.027980,PAUSE
258,0.000000,1.000000,0.013199,PAUSE
259,0.000000,1.000000,0.006257,PAUSE
260,1.000000,1.000000,0.003137,PAUSE
261,1.000000,1.000000,0.001744,PAUSE
262,0.000000,0.000000,0.009114,PAUSE
263,1.000000,1.000000,0.005955,PAUSE
264,1.000000,1.000000,0.003445,PAUSE
265,0.000000,1.000000,0.002045,PAUSE
266,0.000000,1.000000,0.001323,PAUSE
267,0.000000,1.000000,0.000956,PAUSE
268,1.000000,1.000000,0.000768,PAUSE
269,0.000000,1.000000,0.000671,PAUSE
270,0.000000,0.000000,0.007306,PAUSE
271,1.000000,1.000000,0.004996,PAUSE
272,0.000000,1.000000,0.002995,PAUSE
273,1.000000,1.000000,0.001840,PAUSE
274,1.000000,1.000000,0.001229,PAUSE
275,1.000000,1.000000,0.000912,PAUSE
276,0.000000,1.000000,0.000748,PAUSE
277,1.000000,1.000000,0.000661,PAUSE
278,1.000000,1.000000,0.000614,PAUSE
279,1.000000,1.000000,0.000588,PAUSE
280,0.000000,1.000000,0.000573,PAUSE
281,0.000000,1.000000,0.000565,PAUSE
282,0.000000,0.000000,0.006936,PAUSE
283,0.000000,0.000000,0.043259,PAUSE
284,0.000000,1.000000,0.023229,PAUSE
285,1.000000,1.000000,0.011163,PAUSE
286,1.000000,1.000000,0.005402,PAUSE
287,0.000000,1.000000,0.002779,PAUSE
288,0.000000,0.000000,0.010796,PAUSE
289,1.000000,1.000000,0.006830,PAUSE
290,1.000000,1.000000,0.003850,PAUSE
291,0.000000,1.000000,0.002228,PAUSE
292,0.000000,1.000000,0.001405,PAUSE
293,0.000000,0.000000,0.009227,PAUSE
294,0.000000,0.000000,0.050887,PAUSE
295,0.000000,1.000000,0.026852,PAUSE
296,0.000000,1.000000,0.012718,PAUSE
297,1.000000,1.000000,0.006055,PAUSE
298,1.000000,1.000000,0.003053,PAUSE
299,0.000000,0.000000,0.011022,PAUSE
300,0.000000,0.000000,0.055225,PAUSE
301,0.000000,1.000000,0.028882,PAUSE
302,0.000000,1.000000,0.013583,PAUSE
303,0.000000,1.000000,0.006417,PAUSE
304,1.000000,1.000000,0.003204,PAUSE
305,1.000000,1.000000,0.001772,PAUSE
306,0.000000,1.000000,0.001129,PAUSE
307,1.000000,1.000000,0.000833,PAUSE
308,0.000000,0.000000,0.007587,PAUSE
309,0.000000,1.000000,0.005147,PAUSE
310,0.000000,1.000000,0.003066,PAUSE
311,0.000000,0.000000,0.014203,PAUSE
312,1.000000,1.000000,0.008676,PAUSE
313,0.000000,0.000000,0.028418,PAUSE
314,0.000000,0.000000,0.100385,PAUSE
315,1.000000,1.000000,0.049662,PAUSE
316,1.000000,1.000000,0.022349,PAUSE
317,0.000000,0.000000,0.031244,PAUSE
318,1.000000,1.000000,0.016642,PAUSE
319,1.000000,1.000000,0.008166,PAUSE
320,0.000000,0.000000,0.019807,PAUSE
321,0.000000,0.000000,0.077488,PAUSE
322,1.000000,1.000000,0.039195,PAUSE
323,0.000000,1.000000,0.017951,PAUSE
324,0.000000,1.000000,0.008233,PAUSE
325,0.000000,0.000000,0.016619,PAUSE
326,1.000000,1.000000,0.009690,PAUSE
327,0.000000,1.000000,0.005130,PAUSE
328,0.000000,1.000000,0.002789,PAUSE
329,0.000000,0.000000,0.011872,PAUSE
330,1.000000,1.000000,0.007424,PAUSE
331,0.000000,0.000000,0.026288,PAUSE
332,1.000000,1.000000,0.014771,PAUSE
333,0.000000,0.000000,0.036716,PAUSE
334,0.000000,0.000000,0.115717,PAUSE
335,0.000000,0.000000,0.252318,PAUSE
336,1.000000,1.000000,0.116657,PAUSE
337,1.000000,1.000000,0.050024,PAUSE
338,0.000000,0.000000,0.046746,PAUSE
339,1.000000,1.000000,0.023319,PAUSE
340,0.000000,0.000000,0.041690,PAUSE
341,0.000000,0.000000,0.120737,PAUSE
342,1.000000,1.000000,0.058736,PAUSE
343,0.000000,0.000000,0.076279,PAUSE
344,0.000000,0.000000,0.170074,PAUSE
345,0.000000,0.000000,0.318133,PAUSE
346,1.000000,1.000000,0.144924,PAUSE
347,0.000000,0.000000,0.130348,PAUSE
348,0.000000,0.000000,0.220805,PAUSE
349,0.000000,0.000000,0.368527,PAUSE
350,0.000000,0.000000,0.527378,ALLOW
351,1.000000,1.000000,0.233662,PAUSE
352,0.000000,0.000000,0.177603,PAUSE
353,0.000000,0.000000,0.255652,PAUSE
354,1.000000,1.000000,0.116989,PAUSE
355,1.000000,1.000000,0.050026,PAUSE
356,1.000000,1.000000,0.021310,PAUSE
357,0.000000,0.000000,0.023646,PAUSE
358,1.000000,1.000000,0.012741,PAUSE
359,0.000000,0.000000,0.031457,PAUSE
360,1.000000,1.000000,0.017163,PAUSE
361,0.000000,0.000000,0.039063,PAUSE
362,1.000000,1.000000,0.020790,PAUSE
363,1.000000,1.000000,0.010039,PAUSE
364,1.000000,1.000000,0.004907,PAUSE
365,0.000000,1.000000,0.002563,PAUSE
366,0.000000,1.000000,0.001499,PAUSE
367,0.000000,0.000000,0.008851,PAUSE
368,0.000000,0.000000,0.049373,PAUSE
369,1.000000,1.000000,0.026133,PAUSE
370,0.000000,1.000000,0.012410,PAUSE
371,1.000000,1.000000,0.005926,PAUSE
372,1.000000,1.000000,0.002999,PAUSE
373,0.000000,1.000000,0.001686,PAUSE
374,1.000000,1.000000,0.001092,PAUSE
375,1.000000,1.000000,0.000818,PAUSE
376,0.000000,0.000000,0.007568,PAUSE
377,1.000000,1.000000,0.005137,PAUSE
378,0.000000,0.000000,0.022276,PAUSE
379,1.000000,1.000000,0.012818,PAUSE
380,0.000000,0.000000,0.034394,PAUSE
381,0.000000,0.000000,0.111726,PAUSE
382,0.000000,0.000000,0.246952,PAUSE
383,1.000000,1.000000,0.114338,PAUSE
384,0.000000,0.000000,0.112788,PAUSE
385,0.000000,1.000000,0.053136,PAUSE
386,0.000000,1.000000,0.023498,PAUSE
387,1.000000,1.000000,0.010444,PAUSE
388,0.000000,1.000000,0.004838,PAUSE
389,0.000000,0.000000,0.012007,PAUSE
390,1.000000,1.000000,0.007374,PAUSE
391,0.000000,0.000000,0.025722,PAUSE
392,0.000000,0.000000,0.094564,PAUSE
393,0.000000,0.000000,0.222617,PAUSE
394,1.000000,1.000000,0.103783,PAUSE
395,0.000000,1.000000,0.044745,PAUSE
396,0.000000,1.000000,0.019198,PAUSE
397,0.000000,0.000000,0.022804,PAUSE
398,1.000000,1.000000,0.012404,PAUSE
399,0.000000,0.000000,0.031323,PAUSE
400,0.000000,0.000000,0.104541,PAUSE
401,0.000000,0.000000,0.236606,PAUSE
402,0.000000,0.000000,0.400134,PAUSE
403,0.000000,0.000000,0.560238,ALLOW
404,0.000000,0.000000,0.694657,ALLOW
405,0.000000,0.000000,0.796461,ALLOW
406,0.000000,1.000000,0.345954,PAUSE
407,0.000000,1.000000,0.143067,PAUSE
408,0.000000,0.000000,0.089863,PAUSE
409,0.000000,1.000000,0.041153,PAUSE
410,1.000000,1.000000,0.018192,PAUSE
411,0.000000,1.000000,0.008171,PAUSE
412,0.000000,0.000000,0.015349,PAUSE
413,0.000000,0.000000,0.063752,PAUSE
414,0.000000,0.000000,0.172586,PAUSE
415,1.000000,1.000000,0.081885,PAUSE
416,0.000000,0.000000,0.092542,PAUSE
417,0.000000,0.000000,0.187410,PAUSE
418,1.000000,1.000000,0.087987,PAUSE
419,0.000000,0.000000,0.095463,PAUSE
420,1.000000,1.000000,0.045709,PAUSE
421,0.000000,0.000000,0.061646,PAUSE
422,1.000000,1.000000,0.030834,PAUSE
423,0.000000,0.000000,0.050850,PAUSE
424,0.000000,0.000000,0.135858,PAUSE
425,1.000000,1.000000,0.065460,PAUSE
426,0.000000,1.000000,0.028913,PAUSE
427,0.000000,1.000000,0.012740,PAUSE
428,1.000000,1.000000,0.005804,PAUSE
429,1.000000,1.000000,0.002845,PAUSE
430,0.000000,0.000000,0.009896,PAUSE
431,0.000000,1.000000,0.006323,PAUSE
432,0.000000,1.000000,0.003607,PAUSE
433,0.000000,0.000000,0.014959,PAUSE
434,0.000000,0.000000,0.067612,PAUSE
435,0.000000,0.000000,0.180198,PAUSE
436,1.000000,1.000000,0.085245,PAUSE
437,1.000000,1.000000,0.037118,PAUSE
438,1.000000,1.000000,0.016096,PAUSE
439,0.000000,0.000000,0.021199,PAUSE
440,0.000000,0.000000,0.073451,PAUSE
441,0.000000,0.000000,0.187467,PAUSE
442,1.000000,1.000000,0.088406,PAUSE
443,1.000000,1.000000,0.038417,PAUSE
444,1.000000,1.000000,0.016624,PAUSE
445,1.000000,1.000000,0.007388,PAUSE
446,1.000000,1.000000,0.003491,PAUSE
447,0.000000,0.000000,0.010284,PAUSE
448,0.000000,0.000000,0.052034,PAUSE
449,1.000000,1.000000,0.027370,PAUSE
450,0.000000,0.000000,0.050876,PAUSE
451,0.000000,0.000000,0.138389,PAUSE
452,0.000000,0.000000,0.281547,PAUSE
453,0.000000,0.000000,0.446772,PAUSE
454,0.000000,0.000000,0.601016,ALLOW
455,0.000000,1.000000,0.264603,PAUSE
456,0.000000,1.000000,0.110193,PAUSE
457,1.000000,1.000000,0.045631,PAUSE
458,0.000000,0.000000,0.035087,PAUSE
459,1.000000,1.000000,0.017535,PAUSE
460,1.000000,1.000000,0.008378,PAUSE
461,1.000000,1.000000,0.004126,PAUSE
462,0.000000,0.000000,0.012738,PAUSE
463,1.000000,1.000000,0.007820,PAUSE
464,1.000000,1.000000,0.004301,PAUSE
465,0.000000,0.000000,0.015943,PAUSE
466,0.000000,0.000000,0.069918,PAUSE
467,0.000000,0.000000,0.183955,PAUSE
468,1.000000,1.000000,0.086894,PAUSE
469,0.000000,0.000000,0.095824,PAUSE
470,1.000000,1.000000,0.045913,PAUSE
471,1.000000,1.000000,0.020534,PAUSE
472,0.000000,1.000000,0.009237,PAUSE
473,1.000000,1.000000,0.004347,PAUSE
474,1.000000,1.000000,0.002237,PAUSE
475,0.000000,1.000000,0.001318,PAUSE
476,1.000000,1.000000,0.000911,PAUSE
477,0.000000,0.000000,0.007640,PAUSE
478,0.000000,1.000000,0.005172,PAUSE
479,1.000000,1.000000,0.003077,PAUSE
480,1.000000,1.000000,0.001877,PAUSE
481,1.000000,1.000000,0.001246,PAUSE
482,0.000000,1.000000,0.000920,PAUSE
483,1.000000,1.000000,0.000751,PAUSE
484,0.000000,0.000000,0.007568,PAUSE
485,1.000000,1.000000,0.005142,PAUSE
486,0.000000,0.000000,0.022304,PAUSE
487,0.000000,0.000000,0.087461,PAUSE
488,0.000000,0.000000,0.212123,PAUSE
489,1.000000,1.000000,0.099216,PAUSE
490,0.000000,0.000000,0.103613,PAUSE
491,0.000000,0.000000,0.198000,PAUSE
492,1.000000,1.000000,0.092541,PAUSE
493,0.000000,0.000000,0.098162,PAUSE
494,0.000000,0.000000,0.191699,PAUSE
495,0.000000,0.000000,0.340379,PAUSE
496,0.000000,0.000000,0.502527,ALLOW
497,1.000000,1.000000,0.223230,PAUSE
498,0.000000,1.000000,0.093426,PAUSE
499,0.000000,1.000000,0.038878,PAUSE
500,0.000000,1.000000,0.016374,PAUSE
501,0.000000,1.000000,0.007122,PAUSE
502,0.000000,1.000000,0.003309,PAUSE
503,1.000000,1.000000,0.001727,PAUSE
504,0.000000,0.000000,0.008189,PAUSE
505,0.000000,0.000000,0.046549,PAUSE
506,1.000000,1.000000,0.024787,PAUSE
507,1.000000,1.000000,0.011831,PAUSE
508,0.000000,0.000000,0.023819,PAUSE
509,0.000000,1.000000,0.013302,PAUSE
510,1.000000,1.000000,0.006748,PAUSE
511,0.000000,1.000000,0.003495,PAUSE
512,0.000000,0.000000,0.012667,PAUSE
513,1.000000,1.000000,0.007818,PAUSE
514,1.000000,1.000000,0.004308,PAUSE
515,1.000000,1.000000,0.002434,PAUSE
516,0.000000,0.000000,0.011499,PAUSE
517,0.000000,1.000000,0.007240,PAUSE
518,0.000000,1.000000,0.004048,PAUSE
519,1.000000,1.000000,0.002319,PAUSE
520,0.000000,0.000000,0.011360,PAUSE
521,0.000000,0.000000,0.057303,PAUSE
522,1.000000,1.000000,0.029868,PAUSE
523,1.000000,1.000000,0.014005,PAUSE
524,1.000000,1.000000,0.006594,PAUSE
525,0.000000,0.000000,0.015494,PAUSE
526,0.000000,0.000000,0.066002,PAUSE
527,1.000000,1.000000,0.033890,PAUSE
528,1.000000,1.000000,0.015709,PAUSE
529,0.000000,0.000000,0.026752,PAUSE
530,1.000000,1.000000,0.014636,PAUSE
531,0.000000,1.000000,0.007318,PAUSE
532,0.000000,1.000000,0.003736,PAUSE
533,1.000000,1.000000,0.002060,PAUSE
534,0.000000,0.000000,0.010008,PAUSE
535,0.000000,0.000000,0.052877,PAUSE
536,1.000000,1.000000,0.027786,PAUSE
537,0.000000,1.000000,0.013116,PAUSE
538,1.000000,1.000000,0.006222,PAUSE
539,0.000000,1.000000,0.003123,PAUSE
540,0.000000,0.000000,0.011076,PAUSE
541,0.000000,0.000000,0.055330,PAUSE
542,1.000000,1.000000,0.028930,PAUSE
543,0.000000,1.000000,0.013604,PAUSE
544,0.000000,1.000000,0.006426,PAUSE
545,0.000000,1.000000,0.003207,PAUSE
546,1.000000,1.000000,0.001774,PAUSE
547,1.000000,1.000000,0.001129,PAUSE
548,0.000000,1.000000,0.000834,PAUSE
549,0.000000,1.000000,0.000695,PAUSE
550,0.000000,1.000000,0.000627,PAUSE
551,1.000000,1.000000,0.000593,PAUSE
552,0.000000,1.000000,0.000575,PAUSE
553,0.000000,0.000000,0.006969,PAUSE
554,1.000000,1.000000,0.004808,PAUSE
555,0.000000,0.000000,0.021628,PAUSE
556,1.000000,1.000000,0.012498,PAUSE
557,1.000000,1.000000,0.006443,PAUSE
558,0.000000,0.000000,0.018681,PAUSE
559,0.000000,1.000000,0.010881,PAUSE
560,1.000000,1.000000,0.005695,PAUSE
561,1.000000,1.000000,0.003045,PAUSE
562,0.000000,1.000000,0.001767,PAUSE
563,1.000000,1.000000,0.001156,PAUSE
564,0.000000,1.000000,0.000860,PAUSE
565,0.000000,1.000000,0.000714,PAUSE
566,0.000000,1.000000,0.000640,PAUSE
567,0.000000,1.000000,0.000601,PAUSE
568,0.000000,0.000000,0.007064,PAUSE
569,1.000000,1.000000,0.004862,PAUSE
570,1.000000,1.000000,0.002930,PAUSE
571,1.000000,1.000000,0.001810,PAUSE
572,0.000000,1.000000,0.001215,PAUSE
573,0.000000,1.000000,0.000906,PAUSE
574,1.000000,1.000000,0.000744,PAUSE
575,0.000000,0.000000,0.007552,PAUSE
576,0.000000,0.000000,0.045445,PAUSE
577,1.000000,1.000000,0.024272,PAUSE
578,1.000000,1.000000,0.011612,PAUSE
579,0.000000,0.000000,0.023650,PAUSE
580,0.000000,0.000000,0.085070,PAUSE
581,0.000000,1.000000,0.042648,PAUSE
582,1.000000,1.000000,0.019402,PAUSE
583,0.000000,1.000000,0.008833,PAUSE
584,0.000000,0.000000,0.017003,PAUSE
585,1.000000,1.000000,0.009863,PAUSE
586,1.000000,1.000000,0.005204,PAUSE
587,1.000000,1.000000,0.002820,PAUSE
588,0.000000,0.000000,0.011900,PAUSE
589,0.000000,1.000000,0.007437,PAUSE
590,0.000000,1.000000,0.004136,PAUSE
591,1.000000,1.000000,0.002358,PAUSE
592,0.000000,0.000000,0.011407,PAUSE
593,1.000000,1.000000,0.007194,PAUSE
594,0.000000,1.000000,0.004027,PAUSE
595,1.000000,1.000000,0.002310,PAUSE
596,0.000000,1.000000,0.001443,PAUSE
597,0.000000,0.000000,0.009294,PAUSE
598,0.000000,0.000000,0.051085,PAUSE
599,0.000000,0.000000,0.151217,PAUSE
600,1.000000,1.000000,0.072463,PAUSE
601,1.000000,1.000000,0.031838,PAUSE
602,0.000000,0.000000,0.036972,PAUSE
603,0.000000,0.000000,0.102277,PAUSE
604,1.000000,1.000000,0.050320,PAUSE
605,0.000000,0.000000,0.069717,PAUSE
606,0.000000,0.000000,0.162316,PAUSE
607,0.000000,0.000000,0.309470,PAUSE
608,0.000000,0.000000,0.473954,PAUSE
609,0.000000,0.000000,0.623917,ALLOW
610,0.000000,1.000000,0.274175,PAUSE
611,1.000000,1.000000,0.114065,PAUSE
612,0.000000,1.000000,0.047190,PAUSE
613,1.000000,1.000000,0.019717,PAUSE
614,1.000000,1.000000,0.008467,PAUSE
615,1.000000,1.000000,0.003851,PAUSE
616,0.000000,0.000000,0.009689,PAUSE
617,1.000000,1.000000,0.006140,PAUSE
618,0.000000,0.000000,0.023556,PAUSE
619,0.000000,0.000000,0.089928,PAUSE
620,0.000000,0.000000,0.215757,PAUSE
621,1.000000,1.000000,0.100798,PAUSE
622,1.000000,1.000000,0.043519,PAUSE
623,1.000000,1.000000,0.018700,PAUSE
624,0.000000,0.000000,0.022551,PAUSE
625,0.000000,0.000000,0.074807,PAUSE
626,0.000000,0.000000,0.189196,PAUSE
627,0.000000,1.000000,0.089158,PAUSE
628,1.000000,1.000000,0.038726,PAUSE
629,1.000000,1.000000,0.016750,PAUSE
630,1.000000,1.000000,0.007438,PAUSE
631,0.000000,1.000000,0.003512,PAUSE
632,0.000000,1.000000,0.001847,PAUSE
633,0.000000,0.000000,0.008662,PAUSE
634,1.000000,1.000000,0.005692,PAUSE
635,0.000000,0.000000,0.023164,PAUSE
636,1.000000,1.000000,0.013250,PAUSE
637,0.000000,0.000000,0.034910,PAUSE
638,1.000000,1.000000,0.018876,PAUSE
639,1.000000,1.000000,0.009222,PAUSE
640,0.000000,1.000000,0.004564,PAUSE
641,1.000000,1.000000,0.002420,PAUSE
642,1.000000,1.000000,0.001438,PAUSE
643,0.000000,1.000000,0.000985,PAUSE
644,0.000000,1.000000,0.000770,PAUSE
645,0.000000,1.000000,0.000666,PAUSE
646,0.000000,0.000000,0.007240,PAUSE
647,0.000000,0.000000,0.044330,PAUSE
648,1.000000,1.000000,0.023741,PAUSE
649,1.000000,1.000000,0.011383,PAUSE
650,1.000000,1.000000,0.005494,PAUSE
651,1.000000,1.000000,0.002818,PAUSE
652,0.000000,1.000000,0.001610,PAUSE
653,1.000000,1.000000,0.001060,PAUSE
654,0.000000,1.000000,0.000804,PAUSE
655,0.000000,0.000000,0.007550,PAUSE
656,1.000000,1.000000,0.005128,PAUSE
657,0.000000,0.000000,0.022260,PAUSE
658,0.000000,0.000000,0.087352,PAUSE
659,1.000000,1.000000,0.043754,PAUSE
660,0.000000,0.000000,0.065182,PAUSE
661,1.000000,1.000000,0.032610,PAUSE
662,0.000000,0.000000,0.052899,PAUSE
663,0.000000,1.000000,0.027030,PAUSE
664,1.000000,1.000000,0.012672,PAUSE
665,1.000000,1.000000,0.006002,PAUSE
666,1.000000,1.000000,0.003018,PAUSE
667,1.000000,1.000000,0.001689,PAUSE
668,0.000000,1.000000,0.001090,PAUSE
669,0.000000,0.000000,0.008058,PAUSE
670,1.000000,1.000000,0.005399,PAUSE
671,1.000000,1.000000,0.003185,PAUSE
672,0.000000,1.000000,0.001927,PAUSE
673,0.000000,1.000000,0.001269,PAUSE
674,0.000000,1.000000,0.000931,PAUSE
675,0.000000,0.000000,0.008087,PAUSE
676,0.000000,1.000000,0.005427,PAUSE
677,1.000000,1.000000,0.003201,PAUSE
678,1.000000,1.000000,0.001935,PAUSE
679,1.000000,1.000000,0.001273,PAUSE
680,0.000000,1.000000,0.000933,PAUSE
681,0.000000,1.000000,0.000758,PAUSE
682,1.000000,1.000000,0.000665,PAUSE
683,0.000000,1.000000,0.000616,PAUSE
684,0.000000,0.000000,0.007127,PAUSE
685,1.000000,1.000000,0.004897,PAUSE
686,0.000000,0.000000,0.021811,PAUSE
687,1.000000,1.000000,0.012589,PAUSE
688,1.000000,1.000000,0.006483,PAUSE
689,1.000000,1.000000,0.003396,PAUSE
690,0.000000,0.000000,0.012685,PAUSE
691,1.000000,1.000000,0.007834,PAUSE
692,1.000000,1.000000,0.004316,PAUSE
693,0.000000,0.000000,0.016015,PAUSE
694,0.000000,0.000000,0.070123,PAUSE
695,0.000000,1.000000,0.035828,PAUSE
696,0.000000,1.000000,0.016534,PAUSE
697,0.000000,1.000000,0.007647,PAUSE
698,1.000000,1.000000,0.003715,PAUSE
699,1.000000,1.000000,0.001985,PAUSE
700,1.000000,1.000000,0.001218,PAUSE
701,0.000000,1.000000,0.000872,PAUSE
702,0.000000,0.000000,0.007629,PAUSE
703,1.000000,1.000000,0.005169,PAUSE
704,0.000000,0.000000,0.022329,PAUSE
705,0.000000,0.000000,0.087503,PAUSE
706,1.000000,1.000000,0.043822,PAUSE
707,1.000000,1.000000,0.019904,PAUSE
708,0.000000,0.000000,0.029673,PAUSE
709,1.000000,1.000000,0.015946,PAUSE
710,0.000000,0.000000,0.036404,PAUSE
711,0.000000,0.000000,0.114046,PAUSE
712,0.000000,0.000000,0.249752,PAUSE
713,0.000000,0.000000,0.414102,PAUSE
714,0.000000,0.000000,0.572633,ALLOW
715,0.000000,0.000000,0.704401,ALLOW
716,1.000000,1.000000,0.307737,PAUSE
717,1.000000,1.000000,0.127636,PAUSE
718,0.000000,0.000000,0.083083,PAUSE
719,0.000000,1.000000,0.038382,PAUSE
720,1.000000,1.000000,0.017072,PAUSE
721,1.000000,1.000000,0.007719,PAUSE
722,1.000000,1.000000,0.003688,PAUSE
723,0.000000,1.000000,0.001949,PAUSE
724,1.000000,1.000000,0.001190,PAUSE
725,1.000000,1.000000,0.000853,PAUSE
726,0.000000,0.000000,0.007538,PAUSE
727,0.000000,0.000000,0.045239,PAUSE
728,0.000000,1.000000,0.024173,PAUSE
729,1.000000,1.000000,0.011569,PAUSE
730,0.000000,1.000000,0.005573,PAUSE
731,0.000000,1.000000,0.002851,PAUSE
732,1.000000,1.000000,0.001624,PAUSE
733,1.000000,1.000000,0.001066,PAUSE
734,1.000000,1.000000,0.000806,PAUSE
735,0.000000,1.000000,0.000683,PAUSE
736,0.000000,1.000000,0.000621,PAUSE
737,1.000000,1.000000,0.000590,PAUSE
738,0.000000,1.000000,0.000574,PAUSE
739,0.000000,1.000000,0.000565,PAUSE
740,0.000000,0.000000,0.006934,PAUSE
741,1.000000,1.000000,0.004789,PAUSE
742,1.000000,1.000000,0.002895,PAUSE
743,0.000000,0.000000,0.013918,PAUSE
744,0.000000,0.000000,0.065101,PAUSE
745,0.000000,0.000000,0.176050,PAUSE
746,0.000000,1.000000,0.083423,PAUSE
747,0.000000,1.000000,0.036367,PAUSE
748,1.000000,1.000000,0.015790,PAUSE
749,1.000000,1.000000,0.007049,PAUSE
750,0.000000,1.000000,0.003353,PAUSE
751,0.000000,1.000000,0.001783,PAUSE
752,1.000000,1.000000,0.001107,PAUSE
753,0.000000,0.000000,0.007829,PAUSE
754,0.000000,0.000000,0.046017,PAUSE
755,1.000000,1.000000,0.024541,PAUSE
756,1.000000,1.000000,0.011727,PAUSE
757,0.000000,0.000000,0.023740,PAUSE
758,0.000000,0.000000,0.085212,PAUSE
759,0.000000,0.000000,0.207375,PAUSE
760,0.000000,0.000000,0.367740,PAUSE
761,0.000000,0.000000,0.530782,ALLOW
762,0.000000,0.000000,0.671136,ALLOW
763,0.000000,0.000000,0.779251,ALLOW
764,1.000000,1.000000,0.338823,PAUSE
765,0.000000,0.000000,0.229125,PAUSE
766,1.000000,1.000000,0.101448,PAUSE
767,1.000000,1.000000,0.043109,PAUSE
768,0.000000,0.000000,0.039791,PAUSE
769,1.000000,1.000000,0.020087,PAUSE
770,0.000000,0.000000,0.038472,PAUSE
771,0.000000,0.000000,0.115689,PAUSE
772,0.000000,0.000000,0.251411,PAUSE
773,0.000000,0.000000,0.415691,PAUSE
774,0.000000,0.000000,0.573987,ALLOW
775,0.000000,0.000000,0.705446,ALLOW
776,0.000000,0.000000,0.804266,ALLOW
777,0.000000,0.000000,0.873665,ALLOW
778,1.000000,1.000000,0.377879,PAUSE
779,1.000000,1.000000,0.155943,PAUSE
780,0.000000,0.000000,0.095457,PAUSE
781,1.000000,1.000000,0.043432,PAUSE
782,0.000000,0.000000,0.052313,PAUSE
783,0.000000,0.000000,0.129883,PAUSE
784,0.000000,0.000000,0.267536,PAUSE
785,0.000000,0.000000,0.431675,PAUSE
786,1.000000,1.000000,0.193335,PAUSE
787,1.000000,1.000000,0.081292,PAUSE
788,1.000000,1.000000,0.033985,PAUSE
789,0.000000,0.000000,0.029864,PAUSE
790,1.000000,1.000000,0.015375,PAUSE
791,1.000000,1.000000,0.007497,PAUSE
792,0.000000,0.000000,0.018450,PAUSE
793,1.000000,1.000000,0.010705,PAUSE
794,0.000000,0.000000,0.030847,PAUSE
795,1.000000,1.000000,0.016941,PAUSE
796,0.000000,0.000000,0.039064,PAUSE
797,1.000000,1.000000,0.020799,PAUSE
798,0.000000,0.000000,0.042957,PAUSE
799,0.000000,0.000000,0.125572,PAUSE
800,0.000000,0.000000,0.265136,PAUSE
801,0.000000,0.000000,0.430104,PAUSE
802,0.000000,0.000000,0.586640,ALLOW
803,0.000000,0.000000,0.715315,ALLOW
804,0.000000,0.000000,0.811372,ALLOW
805,1.000000,1.000000,0.352129,PAUSE
806,0.000000,0.000000,0.235392,PAUSE
807,0.000000,0.000000,0.292141,PAUSE
808,0.000000,0.000000,0.425345,PAUSE
809,0.000000,0.000000,0.572673,ALLOW
810,1.000000,1.000000,0.252580,PAUSE
811,0.000000,1.000000,0.105309,PAUSE
812,0.000000,1.000000,0.043662,PAUSE
813,0.000000,1.000000,0.018298,PAUSE
814,0.000000,0.000000,0.018897,PAUSE
815,0.000000,0.000000,0.063720,PAUSE
816,0.000000,0.000000,0.170339,PAUSE
817,0.000000,0.000000,0.323885,PAUSE
818,0.000000,0.000000,0.489261,PAUSE
819,0.000000,0.000000,0.637102,ALLOW
820,0.000000,0.000000,0.753907,ALLOW
821,0.000000,1.000000,0.328310,PAUSE
822,1.000000,1.000000,0.135945,PAUSE
823,0.000000,1.000000,0.055989,PAUSE
824,0.000000,0.000000,0.039598,PAUSE
825,1.000000,1.000000,0.019385,PAUSE
826,0.000000,0.000000,0.035366,PAUSE
827,0.000000,0.000000,0.108753,PAUSE
828,0.000000,1.000000,0.053362,PAUSE
829,0.000000,1.000000,0.023884,PAUSE
830,0.000000,1.000000,0.010679,PAUSE
831,0.000000,1.000000,0.004962,PAUSE
832,0.000000,0.000000,0.012330,PAUSE
833,1.000000,1.000000,0.007545,PAUSE
834,1.000000,1.000000,0.004163,PAUSE
835,1.000000,1.000000,0.002363,PAUSE
836,0.000000,0.000000,0.011354,PAUSE
837,0.000000,0.000000,0.057230,PAUSE
838,1.000000,1.000000,0.029833,PAUSE
839,0.000000,0.000000,0.053248,PAUSE
840,0.000000,0.000000,0.141781,PAUSE
841,1.000000,1.000000,0.068113,PAUSE
842,0.000000,0.000000,0.082889,PAUSE
843,1.000000,1.000000,0.040328,PAUSE
844,0.000000,0.000000,0.058265,PAUSE
845,1.000000,1.000000,0.029376,PAUSE
846,0.000000,0.000000,0.049871,PAUSE
847,0.000000,0.000000,0.134752,PAUSE
848,0.000000,0.000000,0.276351,PAUSE
849,0.000000,0.000000,0.441367,PAUSE
850,1.000000,1.000000,0.197446,PAUSE
851,1.000000,1.000000,0.082964,PAUSE
852,0.000000,0.000000,0.062802,PAUSE
853,1.000000,1.000000,0.030033,PAUSE
854,1.000000,1.000000,0.013685,PAUSE
855,1.000000,1.000000,0.006350,PAUSE
856,1.000000,1.000000,0.003134,PAUSE
857,0.000000,0.000000,0.010705,PAUSE
858,0.000000,1.000000,0.006758,PAUSE
859,0.000000,1.000000,0.003811,PAUSE
860,0.000000,0.000000,0.015265,PAUSE
861,1.000000,1.000000,0.009205,PAUSE
862,1.000000,1.000000,0.004950,PAUSE
863,0.000000,0.000000,0.016877,PAUSE
864,0.000000,1.000000,0.010004,PAUSE
865,0.000000,1.000000,0.005307,PAUSE
866,0.000000,1.000000,0.002877,PAUSE
867,1.000000,1.000000,0.001694,PAUSE
868,0.000000,0.000000,0.009638,PAUSE
869,0.000000,1.000000,0.006253,PAUSE
870,1.000000,1.000000,0.003588,PAUSE
871,0.000000,1.000000,0.002111,PAUSE
872,0.000000,0.000000,0.011062,PAUSE
873,0.000000,1.000000,0.007019,PAUSE
874,0.000000,1.000000,0.003947,PAUSE
875,1.000000,1.000000,0.002275,PAUSE
876,0.000000,0.000000,0.011302,PAUSE
877,0.000000,1.000000,0.007142,PAUSE
878,0.000000,1.000000,0.004003,PAUSE
879,0.000000,0.000000,0.015627,PAUSE
880,0.000000,0.000000,0.069261,PAUSE
881,0.000000,0.000000,0.182909,PAUSE
882,1.000000,1.000000,0.086435,PAUSE
883,1.000000,1.000000,0.037609,PAUSE
884,0.000000,1.000000,0.016296,PAUSE
885,0.000000,1.000000,0.007254,PAUSE
886,0.000000,0.000000,0.013653,PAUSE
887,0.000000,0.000000,0.059180,PAUSE
888,0.000000,0.000000,0.164710,PAUSE
889,1.000000,1.000000,0.078415,PAUSE
890,1.000000,1.000000,0.034298,PAUSE
891,0.000000,0.000000,0.038355,PAUSE
892,1.000000,1.000000,0.019740,PAUSE
893,0.000000,0.000000,0.039319,PAUSE
894,0.000000,0.000000,0.117965,PAUSE
895,0.000000,1.000000,0.057517,PAUSE
896,0.000000,1.000000,0.025618,PAUSE
897,0.000000,0.000000,0.033229,PAUSE
898,0.000000,0.000000,0.098031,PAUSE
899,0.000000,0.000000,0.224614,PAUSE
900,0.000000,0.000000,0.386416,PAUSE
901,1.000000,1.000000,0.174139,PAUSE
902,1.000000,1.000000,0.073487,PAUSE
903,1.000000,1.000000,0.030835,PAUSE
904,0.000000,0.000000,0.028415,PAUSE
905,0.000000,0.000000,0.079763,PAUSE
906,0.000000,0.000000,0.194942,PAUSE
907,1.000000,1.000000,0.091646,PAUSE
908,0.000000,0.000000,0.098704,PAUSE
909,0.000000,0.000000,0.193257,PAUSE
910,0.000000,1.000000,0.090501,PAUSE
911,0.000000,1.000000,0.039225,PAUSE
912,1.000000,1.000000,0.016940,PAUSE
913,0.000000,1.000000,0.007511,PAUSE
914,0.000000,1.000000,0.003539,PAUSE
915,0.000000,0.000000,0.010292,PAUSE
916,0.000000,1.000000,0.006501,PAUSE
917,0.000000,1.000000,0.003684,PAUSE
918,0.000000,1.000000,0.002148,PAUSE
919,1.000000,1.000000,0.001367,PAUSE
920,0.000000,1.000000,0.000975,PAUSE
921,1.000000,1.000000,0.000777,PAUSE
922,0.000000,0.000000,0.007619,PAUSE
923,0.000000,1.000000,0.005169,PAUSE
924,1.000000,1.000000,0.003078,PAUSE
925,1.000000,1.000000,0.001878,PAUSE
926,0.000000,1.000000,0.001247,PAUSE
927,1.000000,1.000000,0.000921,PAUSE
928,0.000000,1.000000,0.000752,PAUSE
929,0.000000,1.000000,0.000663,PAUSE
930,1.000000,1.000000,0.000615,PAUSE
931,1.000000,1.000000,0.000588,PAUSE
932,1.000000,1.000000,0.000573,PAUSE
933,0.000000,0.000000,0.006970,PAUSE
934,1.000000,1.000000,0.004809,PAUSE
935,0.000000,0.000000,0.021631,PAUSE
936,1.000000,1.000000,0.012499,PAUSE
937,0.000000,0.000000,0.033997,PAUSE
938,0.000000,0.000000,0.111024,PAUSE
939,0.000000,0.000000,0.245996,PAUSE
940,0.000000,0.000000,0.410243,PAUSE
941,0.000000,0.000000,0.569254,ALLOW
942,0.000000,0.000000,0.701763,ALLOW
943,0.000000,0.000000,0.801613,ALLOW
944,1.000000,1.000000,0.348088,PAUSE
945,0.000000,0.000000,0.233494,PAUSE
946,0.000000,0.000000,0.291028,PAUSE
947,1.000000,1.000000,0.131753,PAUSE
948,0.000000,1.000000,0.056012,PAUSE
949,0.000000,1.000000,0.023724,PAUSE
950,1.000000,1.000000,0.010249,PAUSE
951,0.000000,1.000000,0.004645,PAUSE
952,0.000000,1.000000,0.002305,PAUSE
953,0.000000,1.000000,0.001319,PAUSE
954,1.000000,1.000000,0.000897,PAUSE
955,0.000000,1.000000,0.000713,PAUSE
956,0.000000,0.000000,0.007213,PAUSE
957,0.000000,1.000000,0.004940,PAUSE
958,0.000000,1.000000,0.002967,PAUSE
959,0.000000,1.000000,0.001826,PAUSE
960,0.000000,1.000000,0.001223,PAUSE
961,0.000000,1.000000,0.000909,PAUSE
962,0.000000,0.000000,0.008044,PAUSE
963,0.000000,1.000000,0.005404,PAUSE
964,1.000000,1.000000,0.003190,PAUSE
965,1.000000,1.000000,0.001930,PAUSE
966,1.000000,1.000000,0.001271,PAUSE
967,0.000000,1.000000,0.000932,PAUSE
968,0.000000,0.000000,0.008090,PAUSE
969,1.000000,1.000000,0.005428,PAUSE
970,1.000000,1.000000,0.003201,PAUSE
971,0.000000,1.000000,0.001935,PAUSE
972,0.000000,1.000000,0.001273,PAUSE
973,1.000000,1.000000,0.000933,PAUSE
974,0.000000,0.000000,0.008093,PAUSE
975,1.000000,1.000000,0.005429,PAUSE
976,0.000000,0.000000,0.022864,PAUSE
977,0.000000,1.000000,0.013107,PAUSE
978,0.000000,0.000000,0.034754,PAUSE
979,1.000000,1.000000,0.018803,PAUSE
980,0.000000,1.000000,0.009191,PAUSE
981,0.000000,1.000000,0.004551,PAUSE
982,0.000000,1.000000,0.002414,PAUSE
983,0.000000,1.000000,0.001436,PAUSE
984,0.000000,1.000000,0.000984,PAUSE
985,1.000000,1.000000,0.000770,PAUSE
986,0.000000,1.000000,0.000666,PAUSE
987,1.000000,1.000000,0.000613,PAUSE
988,1.000000,1.000000,0.000586,PAUSE
989,0.000000,1.000000,0.000572,PAUSE
990,1.000000,1.000000,0.000564,PAUSE
991,1.000000,1.000000,0.000559,PAUSE
992,1.000000,1.000000,0.000557,PAUSE
993,1.000000,1.000000,0.000555,PAUSE
994,0.000000,1.000000,0.000554,PAUSE
995,1.000000,1.000000,0.000554,PAUSE
996,1.000000,1.000000,0.000554,PAUSE
997,0.000000,0.000000,0.006889,PAUSE
998,1.000000,1.000000,0.004763,PAUSE
999,0.000000,0.000000,0.021535,PAUSE
1000,1.000000,1.000000,0.012452,PAUSE
1001,0.000000,0.000000,0.033936,PAUSE
1002,0.000000,0.000000,0.110917,PAUSE
1003,0.000000,0.000000,0.245851,PAUSE
1004,1.000000,1.000000,0.113861,PAUSE
1005,0.000000,0.000000,0.112504,PAUSE
1006,0.000000,0.000000,0.205973,PAUSE
1007,0.000000,1.000000,0.095954,PAUSE
1008,0.000000,1.000000,0.041457,PAUSE
1009,1.000000,1.000000,0.017845,PAUSE
1010,0.000000,0.000000,0.021994,PAUSE
1011,0.000000,0.000000,0.074021,PAUSE
1012,0.000000,0.000000,0.188062,PAUSE
1013,0.000000,1.000000,0.088662,PAUSE
1014,0.000000,1.000000,0.038523,PAUSE
1015,0.000000,1.000000,0.016667,PAUSE
1016,0.000000,1.000000,0.007405,PAUSE
1017,0.000000,1.000000,0.003498,PAUSE
1018,1.000000,1.000000,0.001842,PAUSE
1019,0.000000,1.000000,0.001131,PAUSE
1020,0.000000,1.000000,0.000821,PAUSE
1021,0.000000,0.000000,0.007421,PAUSE
1022,0.000000,0.000000,0.044824,PAUSE
1023,0.000000,0.000000,0.139356,PAUSE
1024,1.000000,1.000000,0.067197,PAUSE
1025,0.000000,0.000000,0.082679,PAUSE
1026,0.000000,0.000000,0.177364,PAUSE
1027,0.000000,0.000000,0.326102,PAUSE
1028,0.000000,0.000000,0.489648,PAUSE
1029,0.000000,1.000000,0.217817,PAUSE
1030,1.000000,1.000000,0.091232,PAUSE
1031,1.000000,1.000000,0.037994,PAUSE
1032,0.000000,1.000000,0.016018,PAUSE
1033,0.000000,0.000000,0.017883,PAUSE
1034,0.000000,0.000000,0.063017,PAUSE
1035,0.000000,0.000000,0.169597,PAUSE
1036,0.000000,1.000000,0.080547,PAUSE
1037,1.000000,1.000000,0.035176,PAUSE
1038,0.000000,1.000000,0.015303,PAUSE
1039,0.000000,1.000000,0.006851,PAUSE
1040,0.000000,1.000000,0.003272,PAUSE
1041,0.000000,1.000000,0.001750,PAUSE
1042,0.000000,0.000000,0.008601,PAUSE
1043,1.000000,1.000000,0.005664,PAUSE
1044,1.000000,1.000000,0.003304,PAUSE
1045,0.000000,0.000000,0.014541,PAUSE
1046,1.000000,1.000000,0.008844,PAUSE
1047,0.000000,0.000000,0.028652,PAUSE
1048,1.000000,1.000000,0.015910,PAUSE
1049,0.000000,0.000000,0.038006,PAUSE
1050,0.000000,0.000000,0.117866,PAUSE
1051,0.000000,0.000000,0.255168,PAUSE
1052,0.000000,0.000000,0.419847,PAUSE
1053,0.000000,0.000000,0.577705,ALLOW
1054,0.000000,1.000000,0.254845,PAUSE
1055,1.000000,1.000000,0.106242,PAUSE
1056,0.000000,1.000000,0.044041,PAUSE
1057,1.000000,1.000000,0.018451,PAUSE
1058,1.000000,1.000000,0.007958,PAUSE
1059,0.000000,0.000000,0.012474,PAUSE
1060,0.000000,1.000000,0.007440,PAUSE
1061,0.000000,1.000000,0.004077,PAUSE
1062,0.000000,0.000000,0.015321,PAUSE
1063,0.000000,0.000000,0.068230,PAUSE
1064,0.000000,1.000000,0.034952,PAUSE
1065,0.000000,1.000000,0.016163,PAUSE
1066,0.000000,0.000000,0.027101,PAUSE
1067,1.000000,1.000000,0.014795,PAUSE
1068,0.000000,0.000000,0.035399,PAUSE
1069,0.000000,0.000000,0.112558,PAUSE
1070,0.000000,0.000000,0.247817,PAUSE
1071,0.000000,0.000000,0.412090,PAUSE
1072,1.000000,1.000000,0.185051,PAUSE
1073,0.000000,0.000000,0.152483,PAUSE
1074,1.000000,1.000000,0.069807,PAUSE
1075,0.000000,1.000000,0.030297,PAUSE
1076,0.000000,1.000000,0.013199,PAUSE
1077,0.000000,0.000000,0.018815,PAUSE
1078,1.000000,1.000000,0.010597,PAUSE
1079,0.000000,0.000000,0.029567,PAUSE
1080,0.000000,1.000000,0.016299,PAUSE
1081,0.000000,1.000000,0.008100,PAUSE
1082,1.000000,1.000000,0.004086,PAUSE
1083,0.000000,0.000000,0.013325,PAUSE
1084,1.000000,1.000000,0.008142,PAUSE
1085,0.000000,0.000000,0.027284,PAUSE
1086,0.000000,0.000000,0.097946,PAUSE
1087,0.000000,0.000000,0.227574,PAUSE
1088,1.000000,1.000000,0.105937,PAUSE
1089,0.000000,1.000000,0.045629,PAUSE
1090,0.000000,1.000000,0.019557,PAUSE
1091,0.000000,0.000000,0.022985,PAUSE
1092,1.000000,1.000000,0.012481,PAUSE
1093,1.000000,1.000000,0.006306,PAUSE
1094,1.000000,1.000000,0.003280,PAUSE
1095,0.000000,0.000000,0.012250,PAUSE
1096,1.000000,1.000000,0.007602,PAUSE
1097,0.000000,0.000000,0.026500,PAUSE
1098,0.000000,0.000000,0.096391,PAUSE
1099,0.000000,0.000000,0.225335,PAUSE
1100,1.000000,1.000000,0.104965,PAUSE
1101,0.000000,0.000000,0.107143,PAUSE
1102,0.000000,1.000000,0.050742,PAUSE
1103,0.000000,1.000000,0.022517,PAUSE
1104,0.000000,1.000000,0.010045,PAUSE
1105,0.000000,1.000000,0.004676,PAUSE
1106,0.000000,0.000000,0.011920,PAUSE
1107,1.000000,1.000000,0.007336,PAUSE
1108,1.000000,1.000000,0.004067,PAUSE
1109,0.000000,0.000000,0.015551,PAUSE
1110,0.000000,0.000000,0.068957,PAUSE
1111,0.000000,0.000000,0.182383,PAUSE
1112,1.000000,1.000000,0.086204,PAUSE
1113,0.000000,0.000000,0.095380,PAUSE
1114,0.000000,1.000000,0.045723,PAUSE
1115,1.000000,1.000000,0.020456,PAUSE
1116,0.000000,1.000000,0.009205,PAUSE
1117,0.000000,1.000000,0.004334,PAUSE
1118,0.000000,1.000000,0.002231,PAUSE
1119,1.000000,1.000000,0.001316,PAUSE
1120,0.000000,0.000000,0.008239,PAUSE
1121,1.000000,1.000000,0.005487,PAUSE
1122,1.000000,1.000000,0.003225,PAUSE
1123,0.000000,0.000000,0.014440,PAUSE
1124,0.000000,0.000000,0.066397,PAUSE
1125,1.000000,1.000000,0.034109,PAUSE
1126,0.000000,1.000000,0.015807,PAUSE
1127,0.000000,1.000000,0.007345,PAUSE
1128,0.000000,1.000000,0.003590,PAUSE
1129,0.000000,1.000000,0.001933,PAUSE
1130,0.000000,0.000000,0.009272,PAUSE
1131,1.000000,1.000000,0.006031,PAUSE
1132,1.000000,1.000000,0.003479,PAUSE
1133,0.000000,1.000000,0.002060,PAUSE
1134,1.000000,1.000000,0.001329,PAUSE
1135,0.000000,1.000000,0.000959,PAUSE
1136,0.000000,1.000000,0.000770,PAUSE
1137,1.000000,1.000000,0.000671,PAUSE
1138,0.000000,1.000000,0.000619,PAUSE
1139,0.000000,0.000000,0.007134,PAUSE
1140,0.000000,0.000000,0.043976,PAUSE
1141,0.000000,0.000000,0.137735,PAUSE
1142,0.000000,0.000000,0.283697,PAUSE
1143,1.000000,1.000000,0.130222,PAUSE
1144,0.000000,0.000000,0.122163,PAUSE
1145,0.000000,0.000000,0.214287,PAUSE
1146,0.000000,0.000000,0.362675,PAUSE
1147,0.000000,0.000000,0.522391,ALLOW
1148,0.000000,0.000000,0.663198,ALLOW
1149,0.000000,1.000000,0.290558,PAUSE
1150,0.000000,1.000000,0.120690,PAUSE
1151,0.000000,1.000000,0.049855,PAUSE
1152,0.000000,0.000000,0.036936,PAUSE
1153,0.000000,0.000000,0.085477,PAUSE
1154,0.000000,0.000000,0.200503,PAUSE
1155,1.000000,1.000000,0.094035,PAUSE
1156,0.000000,0.000000,0.100105,PAUSE
1157,0.000000,0.000000,0.194479,PAUSE
1158,0.000000,1.000000,0.091024,PAUSE
1159,0.000000,1.000000,0.039439,PAUSE
1160,0.000000,0.000000,0.040899,PAUSE
1161,0.000000,1.000000,0.020810,PAUSE
1162,0.000000,1.000000,0.009900,PAUSE
1163,0.000000,0.000000,0.020931,PAUSE
1164,0.000000,0.000000,0.079019,PAUSE
1165,0.000000,0.000000,0.197840,PAUSE
1166,1.000000,1.000000,0.092965,PAUSE
1167,0.000000,0.000000,0.099667,PAUSE
1168,0.000000,0.000000,0.194288,PAUSE
1169,0.000000,0.000000,0.343472,PAUSE
1170,0.000000,0.000000,0.505477,ALLOW
1171,1.000000,1.000000,0.224472,PAUSE
1172,0.000000,1.000000,0.093930,PAUSE
1173,0.000000,1.000000,0.039081,PAUSE
1174,1.000000,1.000000,0.016456,PAUSE
1175,0.000000,1.000000,0.007155,PAUSE
1176,0.000000,1.000000,0.003322,PAUSE
1177,0.000000,0.000000,0.009440,PAUSE
1178,0.000000,0.000000,0.049139,PAUSE
1179,0.000000,0.000000,0.147088,PAUSE
1180,0.000000,0.000000,0.295661,PAUSE
1181,1.000000,1.000000,0.135366,PAUSE
1182,0.000000,0.000000,0.125117,PAUSE
1183,1.000000,1.000000,0.058346,PAUSE
1184,0.000000,0.000000,0.069330,PAUSE
1185,0.000000,0.000000,0.156221,PAUSE
1186,0.000000,1.000000,0.074338,PAUSE
1187,0.000000,1.000000,0.032570,PAUSE
1188,1.000000,1.000000,0.014230,PAUSE
1189,0.000000,0.000000,0.020121,PAUSE
1190,1.000000,1.000000,0.011239,PAUSE
1191,0.000000,1.000000,0.005786,PAUSE
1192,0.000000,1.000000,0.003064,PAUSE
1193,1.000000,1.000000,0.001767,PAUSE
1194,1.000000,1.000000,0.001152,PAUSE
1195,0.000000,0.000000,0.008409,PAUSE
1196,1.000000,1.000000,0.005595,PAUSE
1197,1.000000,1.000000,0.003279,PAUSE
1198,1.000000,1.000000,0.001971,PAUSE
1199,0.000000,0.000000,0.010848,PAUSE
1200,0.000000,0.000000,0.055958,PAUSE
1201,0.000000,1.000000,0.029239,PAUSE
1202,1.000000,1.000000,0.013738,PAUSE
1203,0.000000,1.000000,0.006482,PAUSE
1204,0.000000,0.000000,0.015413,PAUSE
1205,1.000000,1.000000,0.009138,PAUSE
1206,0.000000,0.000000,0.028494,PAUSE
1207,0.000000,0.000000,0.100182,PAUSE
1208,1.000000,1.000000,0.049565,PAUSE
1209,1.000000,1.000000,0.022308,PAUSE
1210,1.000000,1.000000,0.010033,PAUSE
1211,1.000000,1.000000,0.004698,PAUSE
1212,1.000000,1.000000,0.002392,PAUSE
1213,0.000000,0.000000,0.009608,PAUSE
1214,0.000000,0.000000,0.050996,PAUSE
1215,1.000000,1.000000,0.026892,PAUSE
1216,0.000000,0.000000,0.050453,PAUSE
1217,0.000000,0.000000,0.137809,PAUSE
1218,0.000000,0.000000,0.280842,PAUSE
1219,0.000000,1.000000,0.128952,PAUSE
1220,0.000000,1.000000,0.055054,PAUSE
1221,0.000000,0.000000,0.049291,PAUSE
1222,1.000000,1.000000,0.024391,PAUSE
1223,0.000000,0.000000,0.042350,PAUSE
1224,1.000000,1.000000,0.022143,PAUSE
1225,0.000000,1.000000,0.010588,PAUSE
1226,1.000000,1.000000,0.005129,PAUSE
1227,0.000000,1.000000,0.002653,PAUSE
1228,0.000000,1.000000,0.001535,PAUSE
1229,1.000000,1.000000,0.001025,PAUSE
1230,0.000000,0.000000,0.007989,PAUSE
1231,0.000000,1.000000,0.005364,PAUSE
1232,0.000000,1.000000,0.003169,PAUSE
1233,0.000000,1.000000,0.001920,PAUSE
1234,0.000000,1.000000,0.001266,PAUSE
1235,0.000000,1.000000,0.000930,PAUSE
1236,0.000000,1.000000,0.000756,PAUSE
1237,0.000000,1.000000,0.000665,PAUSE
1238,1.000000,1.000000,0.000616,PAUSE
1239,0.000000,0.000000,0.007125,PAUSE
1240,0.000000,1.000000,0.004896,PAUSE
1241,0.000000,1.000000,0.002947,PAUSE
1242,0.000000,0.000000,0.014008,PAUSE
1243,0.000000,0.000000,0.065332,PAUSE
1244,1.000000,1.000000,0.033616,PAUSE
1245,0.000000,0.000000,0.056669,PAUSE
1246,1.000000,1.000000,0.028831,PAUSE
1247,0.000000,1.000000,0.013448,PAUSE
1248,0.000000,1.000000,0.006329,PAUSE
1249,0.000000,0.000000,0.015060,PAUSE
1250,0.000000,0.000000,0.064909,PAUSE
1251,1.000000,1.000000,0.033383,PAUSE
1252,1.000000,1.000000,0.015494,PAUSE
1253,0.000000,1.000000,0.007213,PAUSE
1254,0.000000,1.000000,0.003535,PAUSE
1255,0.000000,0.000000,0.011384,PAUSE
1256,0.000000,1.000000,0.007110,PAUSE
1257,0.000000,1.000000,0.003974,PAUSE
1258,0.000000,0.000000,0.015490,PAUSE
1259,1.000000,1.000000,0.009316,PAUSE
1260,0.000000,0.000000,0.029299,PAUSE
1261,0.000000,0.000000,0.102069,PAUSE
1262,0.000000,0.000000,0.233499,PAUSE
1263,0.000000,1.000000,0.108509,PAUSE
1264,0.000000,1.000000,0.046684,PAUSE
1265,1.000000,1.000000,0.019986,PAUSE
1266,0.000000,1.000000,0.008751,PAUSE
1267,0.000000,0.000000,0.014434,PAUSE
1268,0.000000,0.000000,0.060037,PAUSE
1269,0.000000,0.000000,0.165909,PAUSE
1270,0.000000,1.000000,0.078940,PAUSE
1271,0.000000,1.000000,0.034514,PAUSE
1272,1.000000,1.000000,0.015034,PAUSE
1273,0.000000,0.000000,0.020629,PAUSE
1274,0.000000,1.000000,0.011467,PAUSE
1275,1.000000,1.000000,0.005883,PAUSE
1276,0.000000,1.000000,0.003105,PAUSE
1277,0.000000,0.000000,0.012128,PAUSE
1278,0.000000,0.000000,0.058974,PAUSE
1279,1.000000,1.000000,0.030643,PAUSE
1280,1.000000,1.000000,0.014334,PAUSE
1281,0.000000,0.000000,0.025765,PAUSE
1282,1.000000,1.000000,0.014191,PAUSE
1283,1.000000,1.000000,0.007129,PAUSE
1284,1.000000,1.000000,0.003656,PAUSE
1285,1.000000,1.000000,0.002027,PAUSE
1286,0.000000,0.000000,0.009979,PAUSE
1287,1.000000,1.000000,0.006423,PAUSE
1288,0.000000,0.000000,0.024584,PAUSE
1289,0.000000,0.000000,0.092416,PAUSE
1290,0.000000,1.000000,0.046055,PAUSE
1291,1.000000,1.000000,0.020840,PAUSE
1292,1.000000,1.000000,0.009429,PAUSE
1293,0.000000,1.000000,0.004450,PAUSE
1294,0.000000,0.000000,0.012016,PAUSE
1295,1.000000,1.000000,0.007403,PAUSE
1296,0.000000,0.000000,0.025867,PAUSE
1297,0.000000,0.000000,0.094918,PAUSE
1298,1.000000,1.000000,0.047187,PAUSE
1299,0.000000,0.000000,0.067862,PAUSE
1300,0.000000,0.000000,0.160593,PAUSE
1301,1.000000,1.000000,0.076359,PAUSE
1302,0.000000,0.000000,0.088273,PAUSE
1303,1.000000,1.000000,0.042641,PAUSE
1304,0.000000,0.000000,0.059753,PAUSE
1305,0.000000,1.000000,0.030019,PAUSE
1306,0.000000,1.000000,0.013915,PAUSE
1307,0.000000,0.000000,0.024597,PAUSE
1308,0.000000,0.000000,0.085512,PAUSE
1309,1.000000,1.000000,0.042829,PAUSE
1310,1.000000,1.000000,0.019475,PAUSE
1311,0.000000,1.000000,0.008862,PAUSE
1312,1.000000,1.000000,0.004216,PAUSE
1313,0.000000,1.000000,0.002192,PAUSE
1314,1.000000,1.000000,0.001304,PAUSE
1315,1.000000,1.000000,0.000908,PAUSE
1316,0.000000,1.000000,0.000727,PAUSE
1317,0.000000,1.000000,0.000641,PAUSE
1318,0.000000,1.000000,0.000599,PAUSE
1319,0.000000,1.000000,0.000578,PAUSE
1320,1.000000,1.000000,0.000567,PAUSE
1321,0.000000,0.000000,0.006940,PAUSE
1322,1.000000,1.000000,0.004792,PAUSE
1323,0.000000,0.000000,0.021594,PAUSE
1324,1.000000,1.000000,0.012482,PAUSE
1325,0.000000,1.000000,0.006436,PAUSE
1326,0.000000,1.000000,0.003376,PAUSE
1327,0.000000,1.000000,0.001914,PAUSE
1328,0.000000,0.000000,0.009921,PAUSE
1329,0.000000,0.000000,0.052753,PAUSE
1330,1.000000,1.000000,0.027728,PAUSE
1331,0.000000,0.000000,0.051277,PAUSE
1332,0.000000,0.000000,0.139006,PAUSE
1333,0.000000,1.000000,0.066890,PAUSE
1334,0.000000,1.000000,0.029510,PAUSE
1335,0.000000,0.000000,0.035530,PAUSE
1336,1.000000,1.000000,0.018512,PAUSE
1337,0.000000,1.000000,0.008948,PAUSE
1338,1.000000,1.000000,0.004414,PAUSE
1339,0.000000,1.000000,0.002343,PAUSE
1340,0.000000,0.000000,0.010227,PAUSE
1341,1.000000,1.000000,0.006541,PAUSE
1342,1.000000,1.000000,0.003718,PAUSE
1343,0.000000,0.000000,0.015177,PAUSE
1344,0.000000,0.000000,0.068171,PAUSE
1345,1.000000,1.000000,0.034929,PAUSE
1346,1.000000,1.000000,0.016154,PAUSE
1347,0.000000,0.000000,0.027097,PAUSE
1348,1.000000,1.000000,0.014794,PAUSE
1349,0.000000,1.000000,0.007385,PAUSE
1350,0.000000,1.000000,0.003764,PAUSE
1351,0.000000,0.000000,0.012889,PAUSE
1352,0.000000,1.000000,0.007924,PAUSE
1353,0.000000,1.000000,0.004354,PAUSE
1354,0.000000,0.000000,0.016046,PAUSE
1355,0.000000,0.000000,0.070177,PAUSE
1356,1.000000,1.000000,0.035853,PAUSE
1357,1.000000,1.000000,0.016544,PAUSE
1358,0.000000,0.000000,0.027371,PAUSE
1359,1.000000,1.000000,0.014917,PAUSE
1360,0.000000,0.000000,0.035508,PAUSE
1361,0.000000,0.000000,0.112723,PAUSE
1362,0.000000,0.000000,0.248032,PAUSE
1363,0.000000,0.000000,0.412314,PAUSE
1364,0.000000,0.000000,0.571062,ALLOW
1365,0.000000,1.000000,0.252061,PAUSE
1366,1.000000,1.000000,0.105115,PAUSE
1367,1.000000,1.000000,0.043587,PAUSE
1368,0.000000,1.000000,0.018269,PAUSE
1369,0.000000,1.000000,0.007884,PAUSE
1370,0.000000,1.000000,0.003616,PAUSE
1371,0.000000,0.000000,0.009580,PAUSE
1372,0.000000,0.000000,0.049270,PAUSE
1373,0.000000,0.000000,0.147267,PAUSE
1374,1.000000,1.000000,0.070705,PAUSE
1375,0.000000,0.000000,0.085081,PAUSE
1376,0.000000,0.000000,0.179869,PAUSE
1377,1.000000,1.000000,0.084732,PAUSE
1378,1.000000,1.000000,0.036861,PAUSE
1379,0.000000,0.000000,0.039558,PAUSE
1380,0.000000,0.000000,0.104555,PAUSE
1381,1.000000,1.000000,0.051311,PAUSE
1382,0.000000,0.000000,0.070366,PAUSE
1383,0.000000,1.000000,0.034860,PAUSE
1384,1.000000,1.000000,0.015960,PAUSE
1385,0.000000,1.000000,0.007364,PAUSE
1386,0.000000,0.000000,0.015708,PAUSE
1387,0.000000,0.000000,0.065824,PAUSE
1388,0.000000,0.000000,0.176349,PAUSE
1389,0.000000,0.000000,0.331725,PAUSE
1390,0.000000,0.000000,0.496966,PAUSE
1391,1.000000,1.000000,0.220929,PAUSE
1392,0.000000,0.000000,0.171242,PAUSE
1393,0.000000,0.000000,0.251434,PAUSE
1394,1.000000,1.000000,0.115221,PAUSE
1395,0.000000,0.000000,0.110760,PAUSE
1396,1.000000,1.000000,0.052153,PAUSE
1397,0.000000,0.000000,0.065339,PAUSE
1398,0.000000,0.000000,0.152071,PAUSE
1399,0.000000,1.000000,0.072536,PAUSE
1400,0.000000,1.000000,0.031829,PAUSE
1401,0.000000,1.000000,0.013929,PAUSE
1402,1.000000,1.000000,0.006288,PAUSE
1403,1.000000,1.000000,0.003042,PAUSE
1404,1.000000,1.000000,0.001655,PAUSE
1405,0.000000,1.000000,0.001054,PAUSE
1406,1.000000,1.000000,0.000788,PAUSE
1407,0.000000,1.000000,0.000668,PAUSE
1408,0.000000,1.000000,0.000611,PAUSE
1409,0.000000,1.000000,0.000583,PAUSE
1410,0.000000,1.000000,0.000570,PAUSE
1411,1.000000,1.000000,0.000562,PAUSE
1412,1.000000,1.000000,0.000558,PAUSE
1413,0.000000,0.000000,0.006907,PAUSE
1414,0.000000,0.000000,0.043154,PAUSE
1415,0.000000,0.000000,0.136120,PAUSE
1416,0.000000,0.000000,0.281580,PAUSE
1417,0.000000,1.000000,0.129310,PAUSE
1418,0.000000,1.000000,0.055205,PAUSE
1419,0.000000,0.000000,0.049388,PAUSE
1420,1.000000,1.000000,0.024434,PAUSE
1421,0.000000,0.000000,0.042383,PAUSE
1422,1.000000,1.000000,0.022158,PAUSE
1423,0.000000,0.000000,0.043624,PAUSE
1424,0.000000,1.000000,0.022857,PAUSE
1425,1.000000,1.000000,0.010914,PAUSE
1426,0.000000,1.000000,0.005272,PAUSE
1427,0.000000,0.000000,0.014288,PAUSE
1428,0.000000,1.000000,0.008598,PAUSE
1429,0.000000,1.000000,0.004653,PAUSE
1430,0.000000,1.000000,0.002584,PAUSE
1431,1.000000,1.000000,0.001563,PAUSE
1432,0.000000,1.000000,0.001064,PAUSE
1433,1.000000,1.000000,0.000818,PAUSE
1434,1.000000,1.000000,0.000694,PAUSE
1435,1.000000,1.000000,0.000630,PAUSE
1436,0.000000,1.000000,0.000596,PAUSE
1437,1.000000,1.000000,0.000578,PAUSE
1438,0.000000,0.000000,0.006984,PAUSE
1439,1.000000,1.000000,0.004817,PAUSE
1440,0.000000,1.000000,0.002909,PAUSE
1441,0.000000,1.000000,0.001800,PAUSE
1442,0.000000,1.000000,0.001210,PAUSE
1443,0.000000,1.000000,0.000904,PAUSE
1444,0.000000,1.000000,0.000743,PAUSE
1445,0.000000,1.000000,0.000658,PAUSE
1446,1.000000,1.000000,0.000612,PAUSE
1447,1.000000,1.000000,0.000587,PAUSE
1448,1.000000,1.000000,0.000573,PAUSE
1449,0.000000,1.000000,0.000565,PAUSE
1450,0.000000,0.000000,0.006935,PAUSE
1451,1.000000,1.000000,0.004790,PAUSE
1452,0.000000,0.000000,0.021590,PAUSE
1453,0.000000,0.000000,0.085832,PAUSE
1454,0.000000,1.000000,0.043061,PAUSE
1455,0.000000,1.000000,0.019585,PAUSE
1456,0.000000,0.000000,0.029462,PAUSE
1457,1.000000,1.000000,0.015853,PAUSE
1458,0.000000,0.000000,0.036326,PAUSE
1459,1.000000,1.000000,0.019479,PAUSE
1460,1.000000,1.000000,0.009471,PAUSE
1461,0.000000,0.000000,0.021421,PAUSE
1462,0.000000,0.000000,0.080853,PAUSE
1463,0.000000,0.000000,0.200876,PAUSE
1464,1.000000,1.000000,0.094294,PAUSE
1465,0.000000,1.000000,0.040844,PAUSE
1466,1.000000,1.000000,0.017612,PAUSE
1467,0.000000,1.000000,0.007789,PAUSE
1468,0.000000,1.000000,0.003654,PAUSE
1469,0.000000,1.000000,0.001906,PAUSE
1470,0.000000,1.000000,0.001157,PAUSE
1471,0.000000,0.000000,0.007864,PAUSE
1472,0.000000,0.000000,0.046082,PAUSE
1473,0.000000,0.000000,0.141730,PAUSE
1474,0.000000,0.000000,0.288877,PAUSE
1475,0.000000,0.000000,0.454989,PAUSE
1476,0.000000,0.000000,0.608297,ALLOW
1477,0.000000,0.000000,0.732073,ALLOW
1478,1.000000,1.000000,0.319243,PAUSE
1479,0.000000,0.000000,0.219818,PAUSE
1480,1.000000,1.000000,0.097632,PAUSE
1481,0.000000,0.000000,0.089572,PAUSE
1482,0.000000,0.000000,0.171765,PAUSE
1483,0.000000,0.000000,0.314891,PAUSE
1484,0.000000,0.000000,0.477531,PAUSE
1485,0.000000,1.000000,0.212689,PAUSE
1486,0.000000,1.000000,0.089149,PAUSE
1487,0.000000,0.000000,0.065668,PAUSE
1488,0.000000,0.000000,0.125717,PAUSE
1489,0.000000,0.000000,0.254378,PAUSE
1490,0.000000,0.000000,0.415914,PAUSE
1491,0.000000,0.000000,0.573327,ALLOW
1492,1.000000,1.000000,0.252996,PAUSE
1493,0.000000,0.000000,0.187442,PAUSE
1494,0.000000,1.000000,0.084305,PAUSE
1495,1.000000,1.000000,0.036178,PAUSE
1496,0.000000,1.000000,0.015574,PAUSE
1497,1.000000,1.000000,0.006912,PAUSE
1498,0.000000,1.000000,0.003276,PAUSE
1499,0.000000,1.000000,0.001741,PAUSE
1500,0.000000,1.000000,0.001084,PAUSE
1501,0.000000,0.000000,0.007751,PAUSE
1502,0.000000,0.000000,0.045748,PAUSE
1503,0.000000,0.000000,0.141098,PAUSE
1504,1.000000,1.000000,0.067971,PAUSE
1505,1.000000,1.000000,0.029978,PAUSE
1506,0.000000,0.000000,0.035901,PAUSE
1507,1.000000,1.000000,0.018681,PAUSE
1508,0.000000,0.000000,0.038559,PAUSE
1509,1.000000,1.000000,0.020481,PAUSE
1510,1.000000,1.000000,0.009893,PAUSE
1511,1.000000,1.000000,0.004842,PAUSE
1512,1.000000,1.000000,0.002535,PAUSE
1513,1.000000,1.000000,0.001486,PAUSE
1514,0.000000,0.000000,0.008832,PAUSE
1515,0.000000,0.000000,0.049321,PAUSE
1516,1.000000,1.000000,0.026108,PAUSE
1517,0.000000,0.000000,0.049722,PAUSE
1518,1.000000,1.000000,0.025708,PAUSE
1519,0.000000,1.000000,0.012134,PAUSE
1520,1.000000,1.000000,0.005784,PAUSE
1521,0.000000,1.000000,0.002930,PAUSE
1522,1.000000,1.000000,0.001653,PAUSE
1523,0.000000,0.000000,0.008989,PAUSE
1524,0.000000,0.000000,0.049684,PAUSE
1525,0.000000,0.000000,0.148526,PAUSE
1526,1.000000,1.000000,0.071269,PAUSE
1527,0.000000,0.000000,0.085481,PAUSE
1528,0.000000,0.000000,0.180298,PAUSE
1529,1.000000,1.000000,0.084918,PAUSE
1530,0.000000,0.000000,0.093611,PAUSE
1531,0.000000,0.000000,0.187620,PAUSE
1532,1.000000,1.000000,0.088060,PAUSE
1533,1.000000,1.000000,0.038223,PAUSE
1534,0.000000,0.000000,0.040261,PAUSE
1535,0.000000,1.000000,0.020539,PAUSE
1536,1.000000,1.000000,0.009788,PAUSE
1537,1.000000,1.000000,0.004759,PAUSE
1538,0.000000,1.000000,0.002485,PAUSE
1539,1.000000,1.000000,0.001458,PAUSE
1540,0.000000,0.000000,0.008737,PAUSE
1541,1.000000,1.000000,0.005761,PAUSE
1542,1.000000,1.000000,0.003355,PAUSE
1543,0.000000,1.000000,0.002005,PAUSE
1544,0.000000,1.000000,0.001304,PAUSE
1545,1.000000,1.000000,0.000947,PAUSE
1546,1.000000,1.000000,0.000764,PAUSE
1547,1.000000,1.000000,0.000669,PAUSE
1548,0.000000,0.000000,0.007301,PAUSE
1549,1.000000,1.000000,0.004994,PAUSE
1550,0.000000,0.000000,0.022009,PAUSE
1551,0.000000,0.000000,0.086791,PAUSE
1552,0.000000,1.000000,0.043498,PAUSE
1553,0.000000,1.000000,0.019768,PAUSE
1554,1.000000,1.000000,0.008986,PAUSE
1555,0.000000,0.000000,0.017119,PAUSE
1556,0.000000,0.000000,0.068497,PAUSE
1557,0.000000,0.000000,0.180585,PAUSE
1558,0.000000,1.000000,0.085402,PAUSE
1559,1.000000,1.000000,0.037181,PAUSE
1560,0.000000,1.000000,0.016121,PAUSE
1561,0.000000,1.000000,0.007183,PAUSE
1562,0.000000,1.000000,0.003408,PAUSE
1563,0.000000,1.000000,0.001805,PAUSE
1564,0.000000,0.000000,0.008636,PAUSE
1565,0.000000,0.000000,0.048154,PAUSE
1566,0.000000,0.000000,0.145574,PAUSE
1567,0.000000,0.000000,0.293803,PAUSE
1568,0.000000,0.000000,0.459924,PAUSE
1569,0.000000,0.000000,0.612501,ALLOW
1570,1.000000,1.000000,0.269410,PAUSE
1571,1.000000,1.000000,0.112138,PAUSE
1572,0.000000,0.000000,0.076175,PAUSE
1573,0.000000,0.000000,0.132504,PAUSE
1574,1.000000,1.000000,0.063320,PAUSE
1575,1.000000,1.000000,0.027938,PAUSE
1576,0.000000,1.000000,0.012319,PAUSE
1577,1.000000,1.000000,0.005625,PAUSE
1578,0.000000,1.000000,0.002768,PAUSE
1579,0.000000,0.000000,0.009815,PAUSE
1580,0.000000,1.000000,0.006283,PAUSE
1581,0.000000,1.000000,0.003589,PAUSE
1582,1.000000,1.000000,0.002108,PAUSE
1583,0.000000,0.000000,0.011022,PAUSE
1584,1.000000,1.000000,0.006997,PAUSE
1585,0.000000,0.000000,0.025658,PAUSE
1586,0.000000,0.000000,0.094733,PAUSE
1587,1.000000,1.000000,0.047106,PAUSE
1588,1.000000,1.000000,0.021280,PAUSE
1589,0.000000,0.000000,0.030565,PAUSE
1590,0.000000,1.000000,0.016342,PAUSE
1591,1.000000,1.000000,0.008040,PAUSE
1592,1.000000,1.000000,0.004038,PAUSE
1593,0.000000,1.000000,0.002187,PAUSE
1594,1.000000,1.000000,0.001335,PAUSE
1595,1.000000,1.000000,0.000937,PAUSE
1596,1.000000,1.000000,0.000748,PAUSE
1597,0.000000,0.000000,0.007451,PAUSE
1598,0.000000,0.000000,0.045046,PAUSE
1599,1.000000,1.000000,0.024082,PAUSE
1600,1.000000,1.000000,0.011530,PAUSE
1601,0.000000,1.000000,0.005556,PAUSE
1602,0.000000,1.000000,0.002844,PAUSE
1603,1.000000,1.000000,0.001621,PAUSE
1604,0.000000,1.000000,0.001064,PAUSE
1605,1.000000,1.000000,0.000806,PAUSE
1606,0.000000,1.000000,0.000682,PAUSE
1607,1.000000,1.000000,0.000621,PAUSE
1608,1.000000,1.000000,0.000590,PAUSE
1609,0.000000,1.000000,0.000574,PAUSE
1610,1.000000,1.000000,0.000565,PAUSE
1611,0.000000,0.000000,0.006934,PAUSE
1612,0.000000,1.000000,0.004789,PAUSE
1613,0.000000,1.000000,0.002895,PAUSE
1614,0.000000,0.000000,0.013918,PAUSE
1615,0.000000,0.000000,0.065101,PAUSE
1616,0.000000,1.000000,0.033509,PAUSE
1617,1.000000,1.000000,0.015553,PAUSE
1618,0.000000,1.000000,0.007239,PAUSE
1619,0.000000,0.000000,0.015955,PAUSE
1620,1.000000,1.000000,0.009388,PAUSE
1621,0.000000,1.000000,0.005000,PAUSE
1622,1.000000,1.000000,0.002734,PAUSE
1623,1.000000,1.000000,0.001628,PAUSE
1624,1.000000,1.000000,0.001093,PAUSE
1625,0.000000,1.000000,0.000831,PAUSE
1626,1.000000,1.000000,0.000700,PAUSE
1627,1.000000,1.000000,0.000633,PAUSE
1628,0.000000,0.000000,0.007170,PAUSE
1629,0.000000,0.000000,0.044097,PAUSE
1630,1.000000,1.000000,0.023630,PAUSE
1631,0.000000,0.000000,0.047275,PAUSE
1632,0.000000,0.000000,0.133176,PAUSE
1633,0.000000,0.000000,0.275095,PAUSE
1634,0.000000,1.000000,0.126481,PAUSE
1635,0.000000,1.000000,0.054044,PAUSE
1636,1.000000,1.000000,0.022970,PAUSE
1637,0.000000,1.000000,0.009959,PAUSE
1638,1.000000,1.000000,0.004534,PAUSE
1639,0.000000,0.000000,0.010842,PAUSE
1640,1.000000,1.000000,0.006746,PAUSE
1641,0.000000,1.000000,0.003788,PAUSE
1642,0.000000,1.000000,0.002193,PAUSE
1643,1.000000,1.000000,0.001386,PAUSE
1644,0.000000,1.000000,0.000984,PAUSE
1645,1.000000,1.000000,0.000781,PAUSE
1646,0.000000,1.000000,0.000676,PAUSE
1647,0.000000,0.000000,0.007316,PAUSE
1648,1.000000,1.000000,0.005002,PAUSE
1649,0.000000,0.000000,0.022024,PAUSE
1650,0.000000,1.000000,0.012694,PAUSE
1651,0.000000,1.000000,0.006530,PAUSE
1652,1.000000,1.000000,0.003416,PAUSE
1653,0.000000,1.000000,0.001931,PAUSE
1654,0.000000,1.000000,0.001229,PAUSE
1655,0.000000,0.000000,0.008562,PAUSE
1656,1.000000,1.000000,0.005677,PAUSE
1657,0.000000,0.000000,0.023297,PAUSE
1658,0.000000,0.000000,0.089657,PAUSE
1659,0.000000,0.000000,0.215425,PAUSE
1660,0.000000,0.000000,0.377100,PAUSE
1661,0.000000,0.000000,0.539468,ALLOW
1662,0.000000,1.000000,0.238807,PAUSE
1663,0.000000,1.000000,0.099746,PAUSE
1664,1.000000,1.000000,0.041425,PAUSE
1665,0.000000,1.000000,0.017399,PAUSE
1666,1.000000,1.000000,0.007535,PAUSE
1667,0.000000,0.000000,0.012282,PAUSE
1668,0.000000,0.000000,0.054055,PAUSE
1669,1.000000,1.000000,0.028279,PAUSE
1670,0.000000,0.000000,0.051603,PAUSE
1671,1.000000,1.000000,0.026550,PAUSE
1672,1.000000,1.000000,0.012488,PAUSE
1673,1.000000,1.000000,0.005931,PAUSE
1674,1.000000,1.000000,0.002990,PAUSE
1675,0.000000,1.000000,0.001678,PAUSE
1676,1.000000,1.000000,0.001086,PAUSE
1677,0.000000,1.000000,0.000814,PAUSE
1678,1.000000,1.000000,0.000685,PAUSE
1679,1.000000,1.000000,0.000622,PAUSE
1680,0.000000,1.000000,0.000591,PAUSE
1681,0.000000,1.000000,0.000574,PAUSE
1682,0.000000,1.000000,0.000565,PAUSE
1683,1.000000,1.000000,0.000560,PAUSE
1684,1.000000,1.000000,0.000557,PAUSE
1685,0.000000,1.000000,0.000555,PAUSE
1686,1.000000,1.000000,0.000554,PAUSE
1687,0.000000,0.000000,0.006893,PAUSE
1688,0.000000,1.000000,0.004766,PAUSE
1689,0.000000,1.000000,0.002884,PAUSE
1690,0.000000,0.000000,0.013898,PAUSE
1691,0.000000,1.000000,0.008521,PAUSE
1692,1.000000,1.000000,0.004642,PAUSE
1693,0.000000,1.000000,0.002587,PAUSE
1694,0.000000,0.000000,0.011729,PAUSE
1695,0.000000,0.000000,0.058241,PAUSE
1696,0.000000,0.000000,0.164068,PAUSE
1697,1.000000,1.000000,0.078144,PAUSE
1698,0.000000,0.000000,0.090108,PAUSE
1699,1.000000,1.000000,0.043460,PAUSE
1700,0.000000,1.000000,0.019525,PAUSE
1701,1.000000,1.000000,0.008825,PAUSE
1702,0.000000,1.000000,0.004179,PAUSE
1703,0.000000,0.000000,0.011642,PAUSE
1704,0.000000,1.000000,0.007213,PAUSE
1705,1.000000,1.000000,0.004015,PAUSE
1706,0.000000,1.000000,0.002298,PAUSE
1707,0.000000,1.000000,0.001435,PAUSE
1708,1.000000,1.000000,0.001006,PAUSE
1709,1.000000,1.000000,0.000791,PAUSE
1710,0.000000,1.000000,0.000682,PAUSE
1711,0.000000,1.000000,0.000624,PAUSE
1712,0.000000,1.000000,0.000593,PAUSE
1713,1.000000,1.000000,0.000576,PAUSE
1714,1.000000,1.000000,0.000566,PAUSE
1715,1.000000,1.000000,0.000561,PAUSE
1716,1.000000,1.000000,0.000558,PAUSE
1717,1.000000,1.000000,0.000556,PAUSE
1718,0.000000,1.000000,0.000555,PAUSE
1719,0.000000,0.000000,0.006894,PAUSE
1720,0.000000,0.000000,0.043104,PAUSE
1721,0.000000,0.000000,0.136022,PAUSE
1722,0.000000,1.000000,0.065713,PAUSE
1723,1.000000,1.000000,0.029041,PAUSE
1724,0.000000,1.000000,0.012798,PAUSE
1725,1.000000,1.000000,0.005830,PAUSE
1726,0.000000,0.000000,0.012862,PAUSE
1727,0.000000,1.000000,0.007786,PAUSE
1728,0.000000,1.000000,0.004266,PAUSE
1729,1.000000,1.000000,0.002407,PAUSE
1730,0.000000,0.000000,0.011396,PAUSE
1731,1.000000,1.000000,0.007185,PAUSE
1732,1.000000,1.000000,0.004022,PAUSE
1733,0.000000,1.000000,0.002308,PAUSE
1734,1.000000,1.000000,0.001442,PAUSE
1735,0.000000,0.000000,0.009292,PAUSE
1736,0.000000,1.000000,0.006075,PAUSE
1737,1.000000,1.000000,0.003506,PAUSE
1738,1.000000,1.000000,0.002075,PAUSE
1739,0.000000,1.000000,0.001337,PAUSE
1740,1.000000,1.000000,0.000963,PAUSE
1741,0.000000,1.000000,0.000772,PAUSE
1742,0.000000,0.000000,0.007613,PAUSE
1743,0.000000,0.000000,0.045644,PAUSE
1744,1.000000,1.000000,0.024367,PAUSE
1745,0.000000,0.000000,0.048018,PAUSE
1746,1.000000,1.000000,0.024936,PAUSE
1747,0.000000,1.000000,0.011808,PAUSE
1748,0.000000,1.000000,0.005649,PAUSE
1749,1.000000,1.000000,0.002873,PAUSE
1750,1.000000,1.000000,0.001629,PAUSE
1751,1.000000,1.000000,0.001066,PAUSE
1752,0.000000,0.000000,0.008039,PAUSE
1753,0.000000,0.000000,0.046886,PAUSE
1754,1.000000,1.000000,0.024956,PAUSE
1755,0.000000,1.000000,0.011905,PAUSE
1756,1.000000,1.000000,0.005714,PAUSE
1757,0.000000,1.000000,0.002910,PAUSE
1758,0.000000,0.000000,0.010905,PAUSE
1759,1.000000,1.000000,0.006883,PAUSE
1760,0.000000,0.000000,0.025254,PAUSE
1761,1.000000,1.000000,0.014267,PAUSE
1762,1.000000,1.000000,0.007221,PAUSE
1763,0.000000,0.000000,0.019460,PAUSE
1764,1.000000,1.000000,0.011252,PAUSE
1765,0.000000,0.000000,0.031744,PAUSE
1766,0.000000,1.000000,0.017370,PAUSE
1767,0.000000,1.000000,0.008570,PAUSE
1768,1.000000,1.000000,0.004288,PAUSE
1769,0.000000,1.000000,0.002303,PAUSE
1770,0.000000,1.000000,0.001389,PAUSE
1771,0.000000,1.000000,0.000963,PAUSE
1772,1.000000,1.000000,0.000761,PAUSE
1773,1.000000,1.000000,0.000662,PAUSE
1774,0.000000,1.000000,0.000612,PAUSE
1775,0.000000,1.000000,0.000585,PAUSE
1776,0.000000,0.000000,0.007007,PAUSE
1777,1.000000,1.000000,0.004830,PAUSE
1778,0.000000,0.000000,0.021673,PAUSE
1779,1.000000,1.000000,0.012520,PAUSE
1780,0.000000,1.000000,0.006453,PAUSE
1781,0.000000,1.000000,0.003383,PAUSE
1782,0.000000,0.000000,0.012672,PAUSE
1783,0.000000,0.000000,0.060472,PAUSE
1784,0.000000,0.000000,0.167864,PAUSE
1785,0.000000,1.000000,0.079816,PAUSE
1786,0.000000,1.000000,0.034878,PAUSE
1787,1.000000,1.000000,0.015183,PAUSE
1788,0.000000,0.000000,0.020712,PAUSE
1789,0.000000,0.000000,0.072934,PAUSE
1790,0.000000,0.000000,0.186790,PAUSE
1791,0.000000,1.000000,0.088111,PAUSE
1792,0.000000,1.000000,0.038296,PAUSE
1793,0.000000,0.000000,0.040552,PAUSE
1794,0.000000,0.000000,0.105850,PAUSE
1795,0.000000,0.000000,0.234088,PAUSE
1796,0.000000,0.000000,0.396256,PAUSE
1797,0.000000,0.000000,0.556426,ALLOW
1798,0.000000,1.000000,0.245919,PAUSE
1799,0.000000,1.000000,0.102627,PAUSE
1800,1.000000,1.000000,0.042585,PAUSE
1801,0.000000,0.000000,0.033739,PAUSE
1802,0.000000,0.000000,0.083475,PAUSE
1803,0.000000,0.000000,0.198678,PAUSE
1804,0.000000,0.000000,0.356296,PAUSE
1805,0.000000,0.000000,0.519729,ALLOW
1806,0.000000,0.000000,0.662053,ALLOW
1807,0.000000,0.000000,0.772498,ALLOW
1808,0.000000,0.000000,0.851765,ALLOW
1809,1.000000,1.000000,0.368834,PAUSE
1810,1.000000,1.000000,0.152297,PAUSE
1811,0.000000,0.000000,0.093878,PAUSE
1812,1.000000,1.000000,0.042789,PAUSE
1813,1.000000,1.000000,0.018853,PAUSE
1814,1.000000,1.000000,0.008437,PAUSE
1815,0.000000,0.000000,0.015471,PAUSE
1816,1.000000,1.000000,0.009059,PAUSE
1817,0.000000,0.000000,0.027948,PAUSE
1818,0.000000,0.000000,0.098856,PAUSE
1819,0.000000,0.000000,0.228772,PAUSE
1820,0.000000,0.000000,0.391739,PAUSE
1821,0.000000,0.000000,0.552731,ALLOW
1822,0.000000,0.000000,0.688720,ALLOW
1823,0.000000,0.000000,0.792143,ALLOW
1824,0.000000,0.000000,0.865363,ALLOW
1825,0.000000,0.000000,0.914696,ALLOW
1826,0.000000,0.000000,0.946806,ALLOW
1827,0.000000,0.000000,0.967205,ALLOW
1828,1.000000,1.000000,0.416409,PAUSE
1829,1.000000,1.000000,0.171467,PAUSE
1830,1.000000,1.000000,0.070257,PAUSE
1831,1.000000,1.000000,0.028978,PAUSE
1832,1.000000,1.000000,0.012185,PAUSE
1833,1.000000,1.000000,0.005344,PAUSE
1834,0.000000,0.000000,0.010356,PAUSE
1835,0.000000,1.000000,0.006419,PAUSE
1836,0.000000,1.000000,0.003621,PAUSE
1837,0.000000,1.000000,0.002112,PAUSE
1838,0.000000,1.000000,0.001348,PAUSE
1839,1.000000,1.000000,0.000965,PAUSE
1840,0.000000,0.000000,0.008128,PAUSE
1841,1.000000,1.000000,0.005448,PAUSE
1842,0.000000,0.000000,0.022894,PAUSE
1843,0.000000,1.000000,0.013121,PAUSE
1844,1.000000,1.000000,0.006718,PAUSE
1845,0.000000,1.000000,0.003498,PAUSE
1846,1.000000,1.000000,0.001966,PAUSE
1847,0.000000,0.000000,0.009979,PAUSE
1848,0.000000,0.000000,0.052893,PAUSE
1849,0.000000,0.000000,0.154464,PAUSE
1850,0.000000,0.000000,0.305102,PAUSE
1851,0.000000,0.000000,0.471152,PAUSE
1852,1.000000,1.000000,0.210046,PAUSE
1853,0.000000,0.000000,0.165630,PAUSE
1854,0.000000,0.000000,0.247517,PAUSE
1855,0.000000,0.000000,0.391589,PAUSE
1856,1.000000,1.000000,0.176050,PAUSE
1857,0.000000,0.000000,0.147004,PAUSE
1858,1.000000,1.000000,0.067488,PAUSE
1859,0.000000,0.000000,0.074264,PAUSE
1860,0.000000,0.000000,0.160325,PAUSE
1861,0.000000,0.000000,0.304491,PAUSE
1862,0.000000,1.000000,0.139051,PAUSE
1863,0.000000,1.000000,0.059173,PAUSE
1864,1.000000,1.000000,0.025045,PAUSE
1865,1.000000,1.000000,0.010797,PAUSE
1866,1.000000,1.000000,0.004873,PAUSE
1867,0.000000,1.000000,0.002400,PAUSE
1868,1.000000,1.000000,0.001359,PAUSE
1869,1.000000,1.000000,0.000914,PAUSE
1870,1.000000,1.000000,0.000720,PAUSE
1871,1.000000,1.000000,0.000633,PAUSE
1872,1.000000,1.000000,0.000593,PAUSE
1873,0.000000,1.000000,0.000574,PAUSE
1874,0.000000,1.000000,0.000564,PAUSE
1875,0.000000,0.000000,0.006926,PAUSE
1876,0.000000,1.000000,0.004784,PAUSE
1877,0.000000,1.000000,0.002893,PAUSE
1878,0.000000,1.000000,0.001792,PAUSE
1879,0.000000,1.000000,0.001207,PAUSE
1880,1.000000,1.000000,0.000902,PAUSE
1881,1.000000,1.000000,0.000743,PAUSE
1882,0.000000,0.000000,0.007547,PAUSE
1883,1.000000,1.000000,0.005130,PAUSE
1884,0.000000,0.000000,0.022283,PAUSE
1885,0.000000,0.000000,0.087413,PAUSE
1886,0.000000,0.000000,0.212051,PAUSE
1887,0.000000,0.000000,0.373337,PAUSE
1888,1.000000,1.000000,0.168587,PAUSE
1889,0.000000,0.000000,0.143633,PAUSE
1890,0.000000,0.000000,0.231405,PAUSE
1891,0.000000,1.000000,0.106773,PAUSE
1892,0.000000,1.000000,0.045871,PAUSE
1893,1.000000,1.000000,0.019632,PAUSE
1894,0.000000,1.000000,0.008600,PAUSE
1895,1.000000,1.000000,0.003980,PAUSE
1896,1.000000,1.000000,0.002036,PAUSE
1897,1.000000,1.000000,0.001210,PAUSE
1898,1.000000,1.000000,0.000853,PAUSE
1899,0.000000,1.000000,0.000695,PAUSE
1900,0.000000,1.000000,0.000622,PAUSE
1901,0.000000,0.000000,0.007068,PAUSE
1902,0.000000,0.000000,0.043704,PAUSE
1903,1.000000,1.000000,0.023442,PAUSE
1904,0.000000,1.000000,0.011254,PAUSE
1905,0.000000,1.000000,0.005440,PAUSE
1906,0.000000,1.000000,0.002795,PAUSE
1907,0.000000,0.000000,0.010810,PAUSE
1908,1.000000,1.000000,0.006837,PAUSE
1909,0.000000,0.000000,0.025194,PAUSE
1910,1.000000,1.000000,0.014239,PAUSE
1911,0.000000,0.000000,0.036089,PAUSE
1912,1.000000,1.000000,0.019425,PAUSE
1913,1.000000,1.000000,0.009457,PAUSE
1914,0.000000,0.000000,0.021467,PAUSE
1915,1.000000,1.000000,0.012192,PAUSE
1916,0.000000,0.000000,0.032765,PAUSE
1917,0.000000,1.000000,0.017844,PAUSE
1918,0.000000,0.000000,0.039995,PAUSE
1919,0.000000,1.000000,0.021226,PAUSE
1920,0.000000,1.000000,0.010226,PAUSE
1921,0.000000,1.000000,0.004986,PAUSE
1922,0.000000,0.000000,0.014085,PAUSE
1923,0.000000,0.000000,0.063276,PAUSE
1924,1.000000,1.000000,0.032636,PAUSE
1925,0.000000,0.000000,0.055727,PAUSE
1926,1.000000,1.000000,0.028407,PAUSE
1927,0.000000,1.000000,0.013269,PAUSE
1928,0.000000,1.000000,0.006255,PAUSE
1929,1.000000,1.000000,0.003125,PAUSE
1930,0.000000,1.000000,0.001734,PAUSE
1931,0.000000,0.000000,0.009054,PAUSE
1932,0.000000,1.000000,0.005922,PAUSE
1933,0.000000,1.000000,0.003429,PAUSE
1934,0.000000,0.000000,0.014753,PAUSE
1935,1.000000,1.000000,0.008951,PAUSE
1936,1.000000,1.000000,0.004836,PAUSE
1937,0.000000,1.000000,0.002672,PAUSE
1938,1.000000,1.000000,0.001605,PAUSE
1939,1.000000,1.000000,0.001084,PAUSE
1940,1.000000,1.000000,0.000828,PAUSE
1941,1.000000,1.000000,0.000699,PAUSE
1942,0.000000,1.000000,0.000633,PAUSE
1943,1.000000,1.000000,0.000598,PAUSE
1944,0.000000,0.000000,0.007055,PAUSE
1945,0.000000,0.000000,0.043690,PAUSE
1946,0.000000,1.000000,0.023435,PAUSE
1947,1.000000,1.000000,0.011251,PAUSE
1948,1.000000,1.000000,0.005439,PAUSE
1949,0.000000,1.000000,0.002795,PAUSE
1950,1.000000,1.000000,0.001600,PAUSE
1951,1.000000,1.000000,0.001056,PAUSE
1952,0.000000,0.000000,0.008049,PAUSE
1953,1.000000,1.000000,0.005396,PAUSE
1954,1.000000,1.000000,0.003184,PAUSE
1955,0.000000,0.000000,0.014392,PAUSE
1956,0.000000,0.000000,0.066290,PAUSE
1957,0.000000,0.000000,0.178031,PAUSE
1958,0.000000,1.000000,0.084294,PAUSE
1959,0.000000,1.000000,0.036726,PAUSE
1960,0.000000,1.000000,0.015936,PAUSE
1961,1.000000,1.000000,0.007108,PAUSE
1962,1.000000,1.000000,0.003378,PAUSE
1963,1.000000,1.000000,0.001793,PAUSE
1964,0.000000,1.000000,0.001111,PAUSE
1965,1.000000,1.000000,0.000812,PAUSE
1966,0.000000,1.000000,0.000678,PAUSE
1967,1.000000,1.000000,0.000616,PAUSE
1968,0.000000,0.000000,0.007061,PAUSE
1969,0.000000,0.000000,0.043689,PAUSE
1970,0.000000,0.000000,0.137168,PAUSE
1971,1.000000,1.000000,0.066223,PAUSE
1972,1.000000,1.000000,0.029253,PAUSE
1973,0.000000,1.000000,0.012885,PAUSE
1974,0.000000,1.000000,0.005866,PAUSE
1975,1.000000,1.000000,0.002871,PAUSE
1976,0.000000,0.000000,0.009921,PAUSE
1977,0.000000,0.000000,0.051517,PAUSE
1978,1.000000,1.000000,0.027133,PAUSE
1979,0.000000,0.000000,0.050669,PAUSE
1980,0.000000,0.000000,0.138108,PAUSE
1981,0.000000,1.000000,0.066493,PAUSE
1982,0.000000,1.000000,0.029346,PAUSE
1983,0.000000,0.000000,0.035436,PAUSE
1984,1.000000,1.000000,0.018472,PAUSE
1985,1.000000,1.000000,0.008931,PAUSE
1986,0.000000,0.000000,0.020331,PAUSE
1987,0.000000,1.000000,0.011623,PAUSE
1988,1.000000,1.000000,0.006011,PAUSE
1989,1.000000,1.000000,0.003179,PAUSE
1990,0.000000,1.000000,0.001823,PAUSE
1991,0.000000,0.000000,0.009771,PAUSE
1992,0.000000,0.000000,0.052329,PAUSE
1993,0.000000,0.000000,0.153450,PAUSE
1994,1.000000,1.000000,0.073451,PAUSE
1995,0.000000,1.000000,0.032247,PAUSE
1996,0.000000,1.000000,0.014109,PAUSE
1997,0.000000,1.000000,0.006365,PAUSE
1998,0.000000,1.000000,0.003075,PAUSE
1999,0.000000,0.000000,0.010044,PAUSE
2000,1.000000,1.000000,0.006392,PAUSE
2001,0.000000,0.000000,0.024262,PAUSE
2002,1.000000,1.000000,0.013781,PAUSE
2003,0.000000,1.000000,0.007007,PAUSE
2004,1.000000,1.000000,0.003622,PAUSE
2005,0.000000,1.000000,0.002019,PAUSE
2006,0.000000,0.000000,0.010034,PAUSE
2007,0.000000,0.000000,0.053021,PAUSE
2008,0.000000,0.000000,0.154690,PAUSE
2009,0.000000,1.000000,0.073999,PAUSE
2010,0.000000,1.000000,0.032474,PAUSE
2011,0.000000,1.000000,0.014202,PAUSE
2012,1.000000,1.000000,0.006403,PAUSE
2013,1.000000,1.000000,0.003090,PAUSE
2014,0.000000,0.000000,0.010053,PAUSE
2015,1.000000,1.000000,0.006396,PAUSE
2016,1.000000,1.000000,0.003639,PAUSE
2017,1.000000,1.000000,0.002130,PAUSE
2018,0.000000,1.000000,0.001359,PAUSE
2019,1.000000,1.000000,0.000972,PAUSE
2020,1.000000,1.000000,0.000776,PAUSE
2021,1.000000,1.000000,0.000674,PAUSE
2022,0.000000,1.000000,0.000620,PAUSE
2023,0.000000,1.000000,0.000591,PAUSE
2024,0.000000,0.000000,0.007035,PAUSE
2025,0.000000,0.000000,0.043620,PAUSE
2026,0.000000,1.000000,0.023402,PAUSE
2027,0.000000,1.000000,0.011237,PAUSE
2028,1.000000,1.000000,0.005433,PAUSE
2029,0.000000,1.000000,0.002792,PAUSE
2030,0.000000,1.000000,0.001599,PAUSE
2031,0.000000,1.000000,0.001055,PAUSE
2032,1.000000,1.000000,0.000802,PAUSE
2033,0.000000,1.000000,0.000680,PAUSE
2034,0.000000,1.000000,0.000621,PAUSE
2035,0.000000,1.000000,0.000590,PAUSE
2036,0.000000,0.000000,0.007019,PAUSE
2037,0.000000,0.000000,0.043555,PAUSE
2038,1.000000,1.000000,0.023371,PAUSE
2039,1.000000,1.000000,0.011224,PAUSE
2040,0.000000,0.000000,0.023330,PAUSE
2041,0.000000,0.000000,0.084548,PAUSE
2042,1.000000,1.000000,0.042413,PAUSE
2043,1.000000,1.000000,0.019303,PAUSE
2044,0.000000,0.000000,0.029229,PAUSE
2045,1.000000,1.000000,0.015746,PAUSE
2046,0.000000,0.000000,0.036222,PAUSE
2047,1.000000,1.000000,0.019432,PAUSE
2048,0.000000,0.000000,0.041475,PAUSE
2049,0.000000,0.000000,0.123213,PAUSE
2050,0.000000,0.000000,0.262085,PAUSE
2051,0.000000,1.000000,0.120873,PAUSE
2052,1.000000,1.000000,0.051749,PAUSE
2053,1.000000,1.000000,0.022040,PAUSE
2054,1.000000,1.000000,0.009583,PAUSE
2055,1.000000,1.000000,0.004382,PAUSE
2056,0.000000,1.000000,0.002201,PAUSE
2057,1.000000,1.000000,0.001278,PAUSE
2058,1.000000,1.000000,0.000881,PAUSE
2059,1.000000,1.000000,0.000707,PAUSE
2060,1.000000,1.000000,0.000628,PAUSE
2061,1.000000,1.000000,0.000591,PAUSE
2062,0.000000,1.000000,0.000573,PAUSE
2063,1.000000,1.000000,0.000564,PAUSE
2064,0.000000,1.000000,0.000559,PAUSE
2065,0.000000,1.000000,0.000556,PAUSE
2066,0.000000,1.000000,0.000555,PAUSE
2067,0.000000,0.000000,0.006895,PAUSE
2068,0.000000,1.000000,0.004767,PAUSE
2069,1.000000,1.000000,0.002884,PAUSE
2070,1.000000,1.000000,0.001788,PAUSE
2071,1.000000,1.000000,0.001205,PAUSE
2072,1.000000,1.000000,0.000901,PAUSE
2073,1.000000,1.000000,0.000742,PAUSE
2074,1.000000,1.000000,0.000658,PAUSE
2075,0.000000,1.000000,0.000612,PAUSE
2076,1.000000,1.000000,0.000587,PAUSE
2077,0.000000,0.000000,0.007022,PAUSE
2078,0.000000,0.000000,0.043574,PAUSE
2079,0.000000,0.000000,0.136947,PAUSE
2080,1.000000,1.000000,0.066125,PAUSE
2081,1.000000,1.000000,0.029212,PAUSE
2082,0.000000,0.000000,0.035455,PAUSE
2083,1.000000,1.000000,0.018487,PAUSE
2084,1.000000,1.000000,0.008939,PAUSE
2085,0.000000,0.000000,0.020345,PAUSE
2086,1.000000,1.000000,0.011630,PAUSE
2087,0.000000,0.000000,0.032012,PAUSE
2088,0.000000,0.000000,0.106892,PAUSE
2089,0.000000,0.000000,0.240171,PAUSE
2090,0.000000,0.000000,0.404024,PAUSE
2091,0.000000,0.000000,0.563727,ALLOW
2092,1.000000,1.000000,0.248987,PAUSE
2093,1.000000,1.000000,0.103870,PAUSE
2094,0.000000,0.000000,0.072440,PAUSE
2095,0.000000,0.000000,0.130173,PAUSE
2096,1.000000,1.000000,0.062337,PAUSE
2097,0.000000,0.000000,0.077192,PAUSE
2098,1.000000,1.000000,0.037783,PAUSE
2099,1.000000,1.000000,0.017164,PAUSE
2100,1.000000,1.000000,0.007855,PAUSE
2101,0.000000,1.000000,0.003781,PAUSE
2102,0.000000,1.000000,0.002004,PAUSE
2103,0.000000,1.000000,0.001222,PAUSE
2104,0.000000,1.000000,0.000871,PAUSE
2105,1.000000,1.000000,0.000710,PAUSE
2106,0.000000,0.000000,0.007298,PAUSE
2107,0.000000,1.000000,0.004989,PAUSE
2108,0.000000,1.000000,0.002991,PAUSE
2109,1.000000,1.000000,0.001838,PAUSE
2110,0.000000,0.000000,0.010633,PAUSE
2111,0.000000,0.000000,0.055373,PAUSE
2112,0.000000,0.000000,0.159053,PAUSE
2113,0.000000,0.000000,0.310856,PAUSE
2114,0.000000,0.000000,0.476815,PAUSE
2115,0.000000,0.000000,0.626776,ALLOW
2116,1.000000,1.000000,0.275376,PAUSE
2117,0.000000,0.000000,0.198564,PAUSE
2118,0.000000,0.000000,0.269609,PAUSE
2119,0.000000,0.000000,0.408980,PAUSE
2120,0.000000,0.000000,0.560344,ALLOW
2121,1.000000,1.000000,0.247445,PAUSE
2122,1.000000,1.000000,0.103233,PAUSE
2123,0.000000,0.000000,0.072095,PAUSE
2124,0.000000,0.000000,0.129859,PAUSE
2125,0.000000,0.000000,0.257962,PAUSE
2126,0.000000,0.000000,0.419125,PAUSE
2127,1.000000,1.000000,0.187980,PAUSE
2128,0.000000,0.000000,0.153923,PAUSE
2129,0.000000,0.000000,0.238966,PAUSE
2130,0.000000,1.000000,0.109966,PAUSE
2131,0.000000,1.000000,0.047171,PAUSE
2132,1.000000,1.000000,0.020157,PAUSE
2133,0.000000,1.000000,0.008812,PAUSE
2134,1.000000,1.000000,0.004066,PAUSE
2135,1.000000,1.000000,0.002071,PAUSE
2136,0.000000,1.000000,0.001224,PAUSE
2137,1.000000,1.000000,0.000858,PAUSE
2138,0.000000,0.000000,0.007444,PAUSE
2139,0.000000,0.000000,0.044862,PAUSE
2140,0.000000,0.000000,0.139421,PAUSE
2141,1.000000,1.000000,0.067225,PAUSE
2142,1.000000,1.000000,0.029669,PAUSE
2143,0.000000,0.000000,0.035721,PAUSE
2144,1.000000,1.000000,0.018603,PAUSE
2145,1.000000,1.000000,0.008987,PAUSE
2146,1.000000,1.000000,0.004431,PAUSE
2147,0.000000,0.000000,0.013372,PAUSE
2148,1.000000,1.000000,0.008148,PAUSE
2149,1.000000,1.000000,0.004452,PAUSE
2150,1.000000,1.000000,0.002496,PAUSE
2151,0.000000,0.000000,0.011563,PAUSE
2152,0.000000,1.000000,0.007272,PAUSE
2153,0.000000,1.000000,0.004062,PAUSE
2154,1.000000,1.000000,0.002326,PAUSE
2155,1.000000,1.000000,0.001450,PAUSE
2156,0.000000,1.000000,0.001014,PAUSE
2157,0.000000,0.000000,0.008239,PAUSE
2158,0.000000,0.000000,0.047721,PAUSE
2159,1.000000,1.000000,0.025354,PAUSE
2160,0.000000,0.000000,0.048995,PAUSE
2161,0.000000,0.000000,0.135722,PAUSE
2162,0.000000,1.000000,0.065440,PAUSE
2163,0.000000,1.000000,0.028910,PAUSE
2164,0.000000,1.000000,0.012740,PAUSE
2165,1.000000,1.000000,0.005805,PAUSE
2166,0.000000,1.000000,0.002845,PAUSE
2167,1.000000,1.000000,0.001574,PAUSE
2168,1.000000,1.000000,0.001021,PAUSE
2169,0.000000,0.000000,0.007763,PAUSE
2170,1.000000,1.000000,0.005235,PAUSE
2171,0.000000,0.000000,0.022429,PAUSE
2172,0.000000,1.000000,0.012892,PAUSE
2173,0.000000,1.000000,0.006617,PAUSE
2174,1.000000,1.000000,0.003454,PAUSE
2175,0.000000,0.000000,0.012744,PAUSE
2176,1.000000,1.000000,0.007862,PAUSE
2177,1.000000,1.000000,0.004329,PAUSE
2178,0.000000,0.000000,0.016030,PAUSE
2179,1.000000,1.000000,0.009585,PAUSE
2180,0.000000,1.000000,0.005120,PAUSE
2181,0.000000,1.000000,0.002796,PAUSE
2182,0.000000,0.000000,0.011974,PAUSE
2183,1.000000,1.000000,0.007480,PAUSE
2184,0.000000,1.000000,0.004157,PAUSE
2185,0.000000,1.000000,0.002368,PAUSE
2186,0.000000,1.000000,0.001468,PAUSE
2187,0.000000,1.000000,0.001023,PAUSE
2188,0.000000,0.000000,0.008252,PAUSE
2189,0.000000,1.000000,0.005514,PAUSE
2190,0.000000,1.000000,0.003242,PAUSE
2191,0.000000,0.000000,0.014495,PAUSE
2192,0.000000,1.000000,0.008823,PAUSE
2193,0.000000,1.000000,0.004779,PAUSE
2194,0.000000,1.000000,0.002647,PAUSE
2195,0.000000,1.000000,0.001594,PAUSE
2196,0.000000,1.000000,0.001079,PAUSE
2197,1.000000,1.000000,0.000826,PAUSE
2198,0.000000,1.000000,0.000698,PAUSE
2199,1.000000,1.000000,0.000632,PAUSE
2200,1.000000,1.000000,0.000597,PAUSE
2201,0.000000,1.000000,0.000578,PAUSE
2202,1.000000,1.000000,0.000568,PAUSE
2203,0.000000,1.000000,0.000562,PAUSE
2204,1.000000,1.000000,0.000558,PAUSE
2205,0.000000,1.000000,0.000556,PAUSE
2206,0.000000,0.000000,0.006899,PAUSE
2207,0.000000,0.000000,0.043125,PAUSE
2208,0.000000,1.000000,0.023165,PAUSE
2209,0.000000,1.000000,0.011135,PAUSE
2210,0.000000,0.000000,0.023256,PAUSE
2211,1.000000,1.000000,0.013043,PAUSE
2212,0.000000,0.000000,0.033727,PAUSE
2213,0.000000,0.000000,0.109931,PAUSE
2214,1.000000,1.000000,0.053948,PAUSE
2215,0.000000,1.000000,0.024136,PAUSE
2216,0.000000,1.000000,0.010784,PAUSE
2217,0.000000,0.000000,0.018216,PAUSE
2218,0.000000,0.000000,0.069963,PAUSE
2219,0.000000,1.000000,0.035688,PAUSE
2220,0.000000,1.000000,0.016465,PAUSE
2221,0.000000,0.000000,0.027262,PAUSE
2222,1.000000,1.000000,0.014865,PAUSE
2223,1.000000,1.000000,0.007415,PAUSE
2224,1.000000,1.000000,0.003776,PAUSE
2225,0.000000,0.000000,0.012897,PAUSE
2226,0.000000,0.000000,0.060762,PAUSE
2227,0.000000,1.000000,0.031473,PAUSE
2228,0.000000,1.000000,0.014687,PAUSE
2229,1.000000,1.000000,0.006878,PAUSE
2230,0.000000,1.000000,0.003396,PAUSE
2231,1.000000,1.000000,0.001852,PAUSE
2232,1.000000,1.000000,0.001162,PAUSE
2233,1.000000,1.000000,0.000848,PAUSE
2234,1.000000,1.000000,0.000701,PAUSE
2235,0.000000,1.000000,0.000630,PAUSE
2236,1.000000,1.000000,0.000594,PAUSE
2237,0.000000,0.000000,0.007028,PAUSE
2238,0.000000,1.000000,0.004841,PAUSE
2239,0.000000,1.000000,0.002920,PAUSE
2240,1.000000,1.000000,0.001805,PAUSE
2241,0.000000,1.000000,0.001213,PAUSE
2242,0.000000,1.000000,0.000905,PAUSE
2243,0.000000,0.000000,0.008035,PAUSE
2244,1.000000,1.000000,0.005399,PAUSE
2245,0.000000,0.000000,0.022808,PAUSE
2246,1.000000,1.000000,0.013080,PAUSE
2247,0.000000,1.000000,0.006700,PAUSE
2248,0.000000,1.000000,0.003490,PAUSE
2249,0.000000,0.000000,0.012781,PAUSE
2250,1.000000,1.000000,0.007880,PAUSE
2251,0.000000,0.000000,0.026951,PAUSE
2252,0.000000,1.000000,0.015089,PAUSE
2253,0.000000,1.000000,0.007581,PAUSE
2254,0.000000,0.000000,0.019806,PAUSE
2255,0.000000,0.000000,0.078075,PAUSE
2256,1.000000,1.000000,0.039472,PAUSE
2257,1.000000,1.000000,0.018069,PAUSE
2258,1.000000,1.000000,0.008282,PAUSE
2259,0.000000,0.000000,0.016653,PAUSE
2260,1.000000,1.000000,0.009705,PAUSE
2261,0.000000,0.000000,0.029079,PAUSE
2262,0.000000,1.000000,0.016090,PAUSE
2263,1.000000,1.000000,0.008013,PAUSE
2264,1.000000,1.000000,0.004051,PAUSE
2265,0.000000,1.000000,0.002202,PAUSE
2266,0.000000,1.000000,0.001345,PAUSE
2267,1.000000,1.000000,0.000944,PAUSE
2268,1.000000,1.000000,0.000752,PAUSE
2269,0.000000,0.000000,0.007469,PAUSE
2270,0.000000,0.000000,0.045109,PAUSE
2271,0.000000,0.000000,0.139933,PAUSE
2272,1.000000,1.000000,0.067453,PAUSE
2273,0.000000,0.000000,0.082858,PAUSE
2274,0.000000,1.000000,0.040333,PAUSE
2275,0.000000,1.000000,0.018234,PAUSE
2276,0.000000,1.000000,0.008298,PAUSE
2277,0.000000,1.000000,0.003964,PAUSE
2278,0.000000,1.000000,0.002080,PAUSE
2279,0.000000,0.000000,0.009298,PAUSE
2280,0.000000,0.000000,0.050265,PAUSE
2281,0.000000,0.000000,0.149522,PAUSE
2282,0.000000,0.000000,0.298839,PAUSE
2283,1.000000,1.000000,0.136732,PAUSE
2284,1.000000,1.000000,0.058238,PAUSE
2285,0.000000,0.000000,0.050904,PAUSE
2286,0.000000,0.000000,0.114961,PAUSE
2287,1.000000,1.000000,0.055845,PAUSE
2288,0.000000,0.000000,0.073342,PAUSE
2289,1.000000,1.000000,0.036144,PAUSE
2290,0.000000,0.000000,0.055292,PAUSE
2291,1.000000,1.000000,0.028073,PAUSE
2292,0.000000,0.000000,0.048922,PAUSE
2293,1.000000,1.000000,0.025246,PAUSE
2294,0.000000,1.000000,0.011922,PAUSE
2295,1.000000,1.000000,0.005691,PAUSE
2296,1.000000,1.000000,0.002889,PAUSE
2297,0.000000,1.000000,0.001635,PAUSE
2298,0.000000,0.000000,0.008966,PAUSE
2299,1.000000,1.000000,0.005878,PAUSE
2300,0.000000,1.000000,0.003409,PAUSE
2301,0.000000,1.000000,0.002029,PAUSE
2302,1.000000,1.000000,0.001315,PAUSE
2303,0.000000,1.000000,0.000952,PAUSE
2304,0.000000,1.000000,0.000767,PAUSE
2305,1.000000,1.000000,0.000670,PAUSE
2306,0.000000,0.000000,0.007304,PAUSE
2307,0.000000,0.000000,0.044575,PAUSE
2308,0.000000,1.000000,0.023858,PAUSE
2309,0.000000,1.000000,0.011433,PAUSE
2310,1.000000,1.000000,0.005516,PAUSE
2311,1.000000,1.000000,0.002827,PAUSE
2312,0.000000,0.000000,0.010836,PAUSE
2313,1.000000,1.000000,0.006850,PAUSE
2314,0.000000,0.000000,0.025211,PAUSE
2315,0.000000,1.000000,0.014247,PAUSE
2316,0.000000,1.000000,0.007212,PAUSE
2317,1.000000,1.000000,0.003710,PAUSE
2318,1.000000,1.000000,0.002057,PAUSE
2319,0.000000,1.000000,0.001283,PAUSE
2320,0.000000,1.000000,0.000917,PAUSE
2321,1.000000,1.000000,0.000740,PAUSE
2322,1.000000,1.000000,0.000652,PAUSE
2323,0.000000,0.000000,0.007216,PAUSE
2324,0.000000,0.000000,0.044251,PAUSE
2325,0.000000,0.000000,0.138269,PAUSE
2326,0.000000,0.000000,0.284396,PAUSE
2327,0.000000,1.000000,0.130522,PAUSE
2328,0.000000,1.000000,0.055700,PAUSE
2329,0.000000,0.000000,0.049637,PAUSE
2330,1.000000,1.000000,0.024539,PAUSE
2331,0.000000,0.000000,0.042446,PAUSE
2332,1.000000,1.000000,0.022185,PAUSE
2333,0.000000,0.000000,0.043643,PAUSE
2334,0.000000,1.000000,0.022866,PAUSE
2335,0.000000,1.000000,0.010917,PAUSE
2336,0.000000,0.000000,0.022572,PAUSE
2337,0.000000,1.000000,0.012698,PAUSE
2338,0.000000,1.000000,0.006482,PAUSE
2339,1.000000,1.000000,0.003381,PAUSE
2340,0.000000,0.000000,0.012553,PAUSE
2341,0.000000,0.000000,0.060077,PAUSE
2342,0.000000,0.000000,0.167164,PAUSE
2343,0.000000,0.000000,0.320790,PAUSE
2344,0.000000,1.000000,0.146148,PAUSE
2345,0.000000,1.000000,0.062083,PAUSE
2346,0.000000,1.000000,0.026226,PAUSE
2347,1.000000,1.000000,0.011275,PAUSE
2348,1.000000,1.000000,0.005066,PAUSE
2349,0.000000,0.000000,0.011112,PAUSE
2350,0.000000,1.000000,0.006863,PAUSE
2351,0.000000,1.000000,0.003838,PAUSE
2352,1.000000,1.000000,0.002213,PAUSE
2353,0.000000,0.000000,0.011121,PAUSE
2354,1.000000,1.000000,0.007045,PAUSE
2355,0.000000,0.000000,0.025723,PAUSE
2356,0.000000,1.000000,0.014500,PAUSE
2357,1.000000,1.000000,0.007324,PAUSE
2358,0.000000,1.000000,0.003758,PAUSE
2359,0.000000,0.000000,0.013042,PAUSE
2360,1.000000,1.000000,0.008007,PAUSE
2361,0.000000,1.000000,0.004394,PAUSE
2362,1.000000,1.000000,0.002472,PAUSE
2363,0.000000,1.000000,0.001514,PAUSE
2364,1.000000,1.000000,0.001043,PAUSE
2365,0.000000,1.000000,0.000809,PAUSE
2366,0.000000,1.000000,0.000690,PAUSE
2367,1.000000,1.000000,0.000628,PAUSE
2368,0.000000,0.000000,0.007159,PAUSE
2369,1.000000,1.000000,0.004915,PAUSE
2370,1.000000,1.000000,0.002956,PAUSE
2371,1.000000,1.000000,0.001822,PAUSE
2372,0.000000,0.000000,0.010607,PAUSE
2373,0.000000,0.000000,0.055302,PAUSE
2374,0.000000,0.000000,0.158927,PAUSE
2375,0.000000,0.000000,0.310700,PAUSE
2376,0.000000,0.000000,0.476663,PAUSE
2377,0.000000,0.000000,0.626648,ALLOW
2378,0.000000,0.000000,0.746044,ALLOW
2379,0.000000,0.000000,0.833260,ALLOW
2380,0.000000,0.000000,0.893314,ALLOW
2381,0.000000,0.000000,0.933002,ALLOW
2382,1.000000,1.000000,0.402340,PAUSE
2383,0.000000,1.000000,0.165801,PAUSE
2384,0.000000,1.000000,0.067982,PAUSE
2385,0.000000,1.000000,0.028065,PAUSE
2386,0.000000,1.000000,0.011819,PAUSE
2387,0.000000,1.000000,0.005198,PAUSE
2388,1.000000,1.000000,0.002488,PAUSE
2389,0.000000,0.000000,0.008550,PAUSE
2390,0.000000,1.000000,0.005584,PAUSE
2391,0.000000,1.000000,0.003256,PAUSE
2392,0.000000,0.000000,0.014394,PAUSE
2393,0.000000,1.000000,0.008768,PAUSE
2394,0.000000,1.000000,0.004753,PAUSE
2395,0.000000,0.000000,0.016644,PAUSE
2396,0.000000,0.000000,0.071582,PAUSE
2397,0.000000,0.000000,0.186650,PAUSE
2398,0.000000,0.000000,0.344113,PAUSE
2399,0.000000,1.000000,0.156124,PAUSE
2400,0.000000,1.000000,0.066151,PAUSE
2401,0.000000,0.000000,0.054793,PAUSE
2402,0.000000,0.000000,0.117997,PAUSE
2403,1.000000,1.000000,0.057152,PAUSE
2404,0.000000,0.000000,0.074151,PAUSE
2405,0.000000,1.000000,0.036490,PAUSE
2406,0.000000,1.000000,0.016633,PAUSE
2407,0.000000,0.000000,0.026453,PAUSE
2408,0.000000,1.000000,0.014440,PAUSE
2409,0.000000,1.000000,0.007222,PAUSE
2410,0.000000,1.000000,0.003691,PAUSE
2411,0.000000,1.000000,0.002040,PAUSE
2412,0.000000,1.000000,0.001272,PAUSE
2413,1.000000,1.000000,0.000910,PAUSE
2414,1.000000,1.000000,0.000736,PAUSE
2415,0.000000,1.000000,0.000650,PAUSE
2416,0.000000,1.000000,0.000606,PAUSE
2417,0.000000,0.000000,0.007075,PAUSE
2418,0.000000,0.000000,0.043756,PAUSE
2419,0.000000,0.000000,0.137303,PAUSE
2420,0.000000,0.000000,0.283132,PAUSE
2421,0.000000,0.000000,0.449193,PAUSE
2422,0.000000,1.000000,0.200770,PAUSE
2423,0.000000,1.000000,0.084315,PAUSE
2424,0.000000,1.000000,0.035206,PAUSE
2425,0.000000,1.000000,0.014896,PAUSE
2426,0.000000,0.000000,0.017375,PAUSE
2427,0.000000,0.000000,0.062639,PAUSE
2428,0.000000,0.000000,0.169176,PAUSE
2429,1.000000,1.000000,0.080365,PAUSE
2430,0.000000,0.000000,0.091497,PAUSE
2431,1.000000,1.000000,0.044053,PAUSE
2432,1.000000,1.000000,0.019768,PAUSE
2433,0.000000,0.000000,0.028342,PAUSE
2434,0.000000,0.000000,0.090310,PAUSE
2435,0.000000,1.000000,0.044972,PAUSE
2436,1.000000,1.000000,0.020368,PAUSE
2437,0.000000,1.000000,0.009229,PAUSE
2438,0.000000,0.000000,0.017238,PAUSE
2439,1.000000,1.000000,0.009968,PAUSE
2440,0.000000,0.000000,0.029323,PAUSE
2441,0.000000,0.000000,0.101577,PAUSE
2442,0.000000,0.000000,0.232659,PAUSE
2443,1.000000,1.000000,0.108143,PAUSE
2444,1.000000,1.000000,0.046534,PAUSE
2445,0.000000,0.000000,0.044947,PAUSE
2446,1.000000,1.000000,0.022557,PAUSE
2447,0.000000,0.000000,0.041209,PAUSE
2448,1.000000,1.000000,0.021648,PAUSE
2449,0.000000,0.000000,0.043257,PAUSE
2450,1.000000,1.000000,0.022695,PAUSE
2451,0.000000,0.000000,0.044588,PAUSE
2452,0.000000,0.000000,0.127854,PAUSE
2453,0.000000,1.000000,0.061937,PAUSE
2454,0.000000,1.000000,0.027456,PAUSE
2455,0.000000,0.000000,0.034331,PAUSE
2456,0.000000,0.000000,0.099282,PAUSE
2457,0.000000,1.000000,0.048996,PAUSE
2458,0.000000,1.000000,0.022047,PAUSE
2459,0.000000,1.000000,0.009920,PAUSE
2460,0.000000,1.000000,0.004649,PAUSE
2461,0.000000,1.000000,0.002371,PAUSE
2462,0.000000,1.000000,0.001378,PAUSE
2463,1.000000,1.000000,0.000939,PAUSE
2464,0.000000,1.000000,0.000740,PAUSE
2465,0.000000,1.000000,0.000647,PAUSE
2466,1.000000,1.000000,0.000602,PAUSE
2467,1.000000,1.000000,0.000579,PAUSE
2468,0.000000,0.000000,0.006978,PAUSE
2469,0.000000,0.000000,0.043408,PAUSE
2470,1.000000,1.000000,0.023301,PAUSE
2471,1.000000,1.000000,0.011193,PAUSE
2472,1.000000,1.000000,0.005415,PAUSE
2473,1.000000,1.000000,0.002785,PAUSE
2474,0.000000,0.000000,0.010800,PAUSE
2475,1.000000,1.000000,0.006833,PAUSE
2476,0.000000,0.000000,0.025188,PAUSE
2477,1.000000,1.000000,0.014236,PAUSE
2478,0.000000,1.000000,0.007207,PAUSE
2479,0.000000,1.000000,0.003708,PAUSE
2480,0.000000,0.000000,0.012992,PAUSE
2481,0.000000,0.000000,0.061158,PAUSE
2482,1.000000,1.000000,0.031659,PAUSE
2483,0.000000,1.000000,0.014766,PAUSE
2484,0.000000,1.000000,0.006911,PAUSE
2485,0.000000,0.000000,0.015719,PAUSE
2486,1.000000,1.000000,0.009279,PAUSE
2487,1.000000,1.000000,0.004953,PAUSE
2488,0.000000,0.000000,0.016690,PAUSE
2489,0.000000,0.000000,0.071512,PAUSE
2490,1.000000,1.000000,0.036465,PAUSE
2491,0.000000,0.000000,0.059105,PAUSE
2492,0.000000,0.000000,0.149646,PAUSE
2493,1.000000,1.000000,0.071570,PAUSE
2494,0.000000,0.000000,0.085177,PAUSE
2495,0.000000,0.000000,0.179521,PAUSE
2496,0.000000,0.000000,0.328192,PAUSE
2497,0.000000,0.000000,0.491519,PAUSE
2498,0.000000,0.000000,0.638399,ALLOW
2499,0.000000,0.000000,0.754693,ALLOW
2500,0.000000,0.000000,0.839274,ALLOW
2501,1.000000,1.000000,0.363671,PAUSE
2502,0.000000,1.000000,0.150214,PAUSE
2503,0.000000,1.000000,0.061723,PAUSE
2504,0.000000,0.000000,0.042058,PAUSE
2505,0.000000,0.000000,0.088456,PAUSE
2506,0.000000,0.000000,0.203004,PAUSE
2507,1.000000,1.000000,0.095100,PAUSE
2508,1.000000,1.000000,0.041160,PAUSE
2509,1.000000,1.000000,0.017737,PAUSE
2510,0.000000,1.000000,0.007838,PAUSE
2511,0.000000,1.000000,0.003674,PAUSE
2512,1.000000,1.000000,0.001913,PAUSE
2513,1.000000,1.000000,0.001160,PAUSE
2514,0.000000,1.000000,0.000833,PAUSE
2515,0.000000,0.000000,0.007430,PAUSE
2516,0.000000,1.000000,0.005057,PAUSE
2517,0.000000,1.000000,0.003022,PAUSE
2518,0.000000,1.000000,0.001852,PAUSE
2519,1.000000,1.000000,0.001234,PAUSE
2520,0.000000,1.000000,0.000915,PAUSE
2521,1.000000,1.000000,0.000749,PAUSE
2522,0.000000,0.000000,0.007562,PAUSE
2523,0.000000,1.000000,0.005138,PAUSE
2524,1.000000,1.000000,0.003063,PAUSE
2525,0.000000,1.000000,0.001872,PAUSE
2526,0.000000,1.000000,0.001244,PAUSE
2527,1.000000,1.000000,0.000919,PAUSE
2528,1.000000,1.000000,0.000751,PAUSE
2529,0.000000,0.000000,0.007567,PAUSE
2530,1.000000,1.000000,0.005141,PAUSE
2531,0.000000,1.000000,0.003065,PAUSE
2532,0.000000,1.000000,0.001872,PAUSE
2533,0.000000,0.000000,0.010692,PAUSE
2534,0.000000,0.000000,0.055538,PAUSE
2535,0.000000,0.000000,0.159345,PAUSE
2536,0.000000,0.000000,0.311218,PAUSE
2537,1.000000,1.000000,0.142046,PAUSE
2538,1.000000,1.000000,0.060408,PAUSE
2539,1.000000,1.000000,0.025548,PAUSE
2540,1.000000,1.000000,0.011001,PAUSE
2541,1.000000,1.000000,0.004956,PAUSE
2542,0.000000,0.000000,0.011057,PAUSE
2543,0.000000,0.000000,0.052948,PAUSE
2544,1.000000,1.000000,0.027786,PAUSE
2545,0.000000,1.000000,0.013111,PAUSE
2546,0.000000,1.000000,0.006219,PAUSE
2547,1.000000,1.000000,0.003121,PAUSE
2548,1.000000,1.000000,0.001737,PAUSE
2549,1.000000,1.000000,0.001114,PAUSE
2550,0.000000,0.000000,0.008109,PAUSE
2551,0.000000,0.000000,0.047089,PAUSE
2552,0.000000,0.000000,0.143692,PAUSE
2553,0.000000,0.000000,0.291419,PAUSE
2554,1.000000,1.000000,0.133544,PAUSE
2555,0.000000,0.000000,0.124076,PAUSE
2556,0.000000,1.000000,0.057908,PAUSE
2557,0.000000,1.000000,0.025449,PAUSE
2558,0.000000,0.000000,0.031399,PAUSE
2559,0.000000,0.000000,0.093338,PAUSE
2560,0.000000,0.000000,0.217486,PAUSE
2561,0.000000,0.000000,0.378497,PAUSE
2562,1.000000,1.000000,0.170770,PAUSE
2563,0.000000,1.000000,0.072116,PAUSE
2564,0.000000,1.000000,0.030281,PAUSE
2565,0.000000,1.000000,0.012911,PAUSE
2566,0.000000,1.000000,0.005727,PAUSE
2567,0.000000,0.000000,0.011435,PAUSE
2568,0.000000,0.000000,0.053323,PAUSE
2569,1.000000,1.000000,0.027954,PAUSE
2570,0.000000,0.000000,0.051356,PAUSE
2571,1.000000,1.000000,0.026441,PAUSE
2572,1.000000,1.000000,0.012442,PAUSE
2573,0.000000,0.000000,0.023759,PAUSE
2574,0.000000,1.000000,0.013242,PAUSE
2575,0.000000,1.000000,0.006716,PAUSE
2576,0.000000,1.000000,0.003480,PAUSE
2577,0.000000,0.000000,0.012638,PAUSE
2578,1.000000,1.000000,0.007803,PAUSE
2579,1.000000,1.000000,0.004301,PAUSE
2580,1.000000,1.000000,0.002431,PAUSE
2581,0.000000,0.000000,0.011495,PAUSE
2582,0.000000,0.000000,0.057629,PAUSE
2583,0.000000,0.000000,0.163004,PAUSE
2584,1.000000,1.000000,0.077674,PAUSE
2585,1.000000,1.000000,0.033994,PAUSE
2586,0.000000,0.000000,0.038192,PAUSE
2587,1.000000,1.000000,0.019671,PAUSE
2588,0.000000,0.000000,0.039272,PAUSE
2589,0.000000,1.000000,0.020797,PAUSE
2590,0.000000,1.000000,0.010026,PAUSE
2591,1.000000,1.000000,0.004897,PAUSE
2592,0.000000,0.000000,0.013979,PAUSE
2593,1.000000,1.000000,0.008451,PAUSE
2594,1.000000,1.000000,0.004589,PAUSE
2595,1.000000,1.000000,0.002556,PAUSE
2596,0.000000,0.000000,0.011636,PAUSE
2597,0.000000,0.000000,0.057961,PAUSE
2598,0.000000,1.000000,0.030174,PAUSE
2599,0.000000,1.000000,0.014135,PAUSE
2600,0.000000,1.000000,0.006648,PAUSE
2601,0.000000,1.000000,0.003300,PAUSE
2602,0.000000,0.000000,0.011214,PAUSE
2603,1.000000,1.000000,0.007030,PAUSE
2604,0.000000,0.000000,0.025438,PAUSE
2605,0.000000,0.000000,0.094127,PAUSE
2606,0.000000,1.000000,0.046830,PAUSE
2607,0.000000,1.000000,0.021164,PAUSE
2608,0.000000,1.000000,0.009562,PAUSE
2609,0.000000,1.000000,0.004505,PAUSE
2610,0.000000,1.000000,0.002312,PAUSE
2611,0.000000,1.000000,0.001354,PAUSE
2612,1.000000,1.000000,0.000929,PAUSE
2613,1.000000,1.000000,0.000736,PAUSE
2614,1.000000,1.000000,0.000645,PAUSE
2615,0.000000,0.000000,0.007150,PAUSE
2616,1.000000,1.000000,0.004908,PAUSE
2617,1.000000,1.000000,0.002952,PAUSE
2618,0.000000,0.000000,0.014016,PAUSE
2619,1.000000,1.000000,0.008581,PAUSE
2620,1.000000,1.000000,0.004669,PAUSE
2621,1.000000,1.000000,0.002599,PAUSE
2622,1.000000,1.000000,0.001572,PAUSE
2623,1.000000,1.000000,0.001070,PAUSE
2624,0.000000,0.000000,0.008333,PAUSE
2625,1.000000,1.000000,0.005557,PAUSE
2626,0.000000,0.000000,0.023093,PAUSE
2627,1.000000,1.000000,0.013219,PAUSE
2628,0.000000,0.000000,0.034889,PAUSE
2629,0.000000,0.000000,0.112595,PAUSE
2630,0.000000,1.000000,0.055149,PAUSE
2631,0.000000,1.000000,0.024638,PAUSE
2632,0.000000,0.000000,0.032659,PAUSE
2633,1.000000,1.000000,0.017263,PAUSE
2634,1.000000,1.000000,0.008427,PAUSE
2635,0.000000,1.000000,0.004198,PAUSE
2636,0.000000,1.000000,0.002253,PAUSE
2637,0.000000,1.000000,0.001362,PAUSE
2638,1.000000,1.000000,0.000949,PAUSE
2639,0.000000,1.000000,0.000753,PAUSE
2640,0.000000,1.000000,0.000658,PAUSE
2641,0.000000,0.000000,0.007219,PAUSE
2642,0.000000,0.000000,0.044255,PAUSE
2643,1.000000,1.000000,0.023705,PAUSE
2644,1.000000,1.000000,0.011368,PAUSE
2645,0.000000,1.000000,0.005488,PAUSE
2646,1.000000,1.000000,0.002815,PAUSE
2647,0.000000,1.000000,0.001609,PAUSE
2648,1.000000,1.000000,0.001059,PAUSE
2649,0.000000,0.000000,0.008053,PAUSE
2650,0.000000,0.000000,0.046949,PAUSE
2651,0.000000,0.000000,0.143436,PAUSE
2652,0.000000,0.000000,0.291091,PAUSE
2653,0.000000,0.000000,0.457216,PAUSE
2654,1.000000,1.000000,0.204161,PAUSE
2655,1.000000,1.000000,0.085692,PAUSE
2656,1.000000,1.000000,0.035761,PAUSE
2657,1.000000,1.000000,0.015120,PAUSE
2658,0.000000,0.000000,0.017477,PAUSE
2659,0.000000,1.000000,0.009765,PAUSE
2660,0.000000,1.000000,0.005093,PAUSE
2661,0.000000,1.000000,0.002750,PAUSE
2662,1.000000,1.000000,0.001625,PAUSE
2663,0.000000,1.000000,0.001087,PAUSE
2664,0.000000,1.000000,0.000826,PAUSE
2665,1.000000,1.000000,0.000697,PAUSE
2666,0.000000,0.000000,0.007352,PAUSE
2667,0.000000,0.000000,0.044728,PAUSE
2668,0.000000,1.000000,0.023931,PAUSE
2669,0.000000,1.000000,0.011465,PAUSE
2670,1.000000,1.000000,0.005529,PAUSE
2671,0.000000,1.000000,0.002833,PAUSE
2672,0.000000,1.000000,0.001616,PAUSE
2673,0.000000,1.000000,0.001062,PAUSE
2674,0.000000,0.000000,0.008057,PAUSE
2675,0.000000,0.000000,0.046958,PAUSE
2676,0.000000,1.000000,0.024990,PAUSE
2677,0.000000,1.000000,0.011920,PAUSE
2678,0.000000,1.000000,0.005720,PAUSE
2679,0.000000,1.000000,0.002913,PAUSE
2680,0.000000,1.000000,0.001650,PAUSE
2681,0.000000,0.000000,0.009030,PAUSE
2682,0.000000,1.000000,0.005914,PAUSE
2683,0.000000,1.000000,0.003426,PAUSE
2684,1.000000,1.000000,0.002037,PAUSE
2685,0.000000,1.000000,0.001319,PAUSE
2686,1.000000,1.000000,0.000954,PAUSE
2687,0.000000,1.000000,0.000767,PAUSE
2688,0.000000,1.000000,0.000670,PAUSE
2689,1.000000,1.000000,0.000618,PAUSE
2690,1.000000,1.000000,0.000590,PAUSE
2691,0.000000,0.000000,0.007033,PAUSE
2692,0.000000,0.000000,0.043611,PAUSE
2693,0.000000,0.000000,0.137021,PAUSE
2694,1.000000,1.000000,0.066158,PAUSE
2695,1.000000,1.000000,0.029226,PAUSE
2696,0.000000,1.000000,0.012874,PAUSE
2697,0.000000,1.000000,0.005861,PAUSE
2698,1.000000,1.000000,0.002869,PAUSE
2699,0.000000,0.000000,0.009920,PAUSE
2700,0.000000,1.000000,0.006335,PAUSE
2701,1.000000,1.000000,0.003613,PAUSE
2702,0.000000,1.000000,0.002118,PAUSE
2703,0.000000,0.000000,0.011037,PAUSE
2704,0.000000,1.000000,0.007004,PAUSE
2705,0.000000,1.000000,0.003940,PAUSE
2706,0.000000,0.000000,0.015542,PAUSE
2707,0.000000,1.000000,0.009346,PAUSE
2708,1.000000,1.000000,0.005014,PAUSE
2709,1.000000,1.000000,0.002750,PAUSE
2710,0.000000,1.000000,0.001639,PAUSE
2711,0.000000,1.000000,0.001099,PAUSE
2712,0.000000,1.000000,0.000835,PAUSE
2713,1.000000,1.000000,0.000702,PAUSE
2714,1.000000,1.000000,0.000634,PAUSE
2715,0.000000,0.000000,0.007175,PAUSE
2716,0.000000,0.000000,0.044116,PAUSE
2717,0.000000,0.000000,0.138007,PAUSE
2718,0.000000,0.000000,0.284054,PAUSE
2719,0.000000,0.000000,0.450127,PAUSE
2720,0.000000,0.000000,0.604138,ALLOW
2721,0.000000,1.000000,0.265913,PAUSE
2722,0.000000,1.000000,0.110723,PAUSE
2723,0.000000,0.000000,0.075538,PAUSE
2724,0.000000,0.000000,0.132112,PAUSE
2725,0.000000,0.000000,0.259934,PAUSE
2726,1.000000,1.000000,0.119752,PAUSE
2727,0.000000,0.000000,0.115525,PAUSE
2728,1.000000,1.000000,0.054272,PAUSE
2729,1.000000,1.000000,0.023959,PAUSE
2730,1.000000,1.000000,0.010630,PAUSE
2731,1.000000,1.000000,0.004913,PAUSE
2732,0.000000,0.000000,0.012044,PAUSE
2733,0.000000,0.000000,0.056494,PAUSE
2734,0.000000,0.000000,0.160393,PAUSE
2735,0.000000,0.000000,0.312357,PAUSE
2736,0.000000,0.000000,0.478241,PAUSE
2737,0.000000,0.000000,0.627959,ALLOW
2738,0.000000,1.000000,0.275870,PAUSE
2739,0.000000,1.000000,0.114752,PAUSE
2740,0.000000,1.000000,0.047467,PAUSE
2741,1.000000,1.000000,0.019828,PAUSE
2742,0.000000,1.000000,0.008511,PAUSE
2743,1.000000,1.000000,0.003869,PAUSE
2744,1.000000,1.000000,0.001953,PAUSE
2745,1.000000,1.000000,0.001156,PAUSE
2746,1.000000,1.000000,0.000819,PAUSE
2747,0.000000,1.000000,0.000674,PAUSE
2748,0.000000,0.000000,0.007111,PAUSE
2749,0.000000,0.000000,0.043803,PAUSE
2750,0.000000,1.000000,0.023489,PAUSE
2751,0.000000,1.000000,0.011274,PAUSE
2752,1.000000,1.000000,0.005449,PAUSE
2753,0.000000,1.000000,0.002799,PAUSE
2754,0.000000,1.000000,0.001602,PAUSE
2755,0.000000,0.000000,0.008985,PAUSE
2756,0.000000,0.000000,0.049737,PAUSE
2757,0.000000,0.000000,0.148637,PAUSE
2758,0.000000,0.000000,0.297738,PAUSE
2759,0.000000,0.000000,0.463855,PAUSE
2760,0.000000,0.000000,0.615841,ALLOW
2761,0.000000,0.000000,0.737836,ALLOW
2762,0.000000,1.000000,0.321637,PAUSE
2763,0.000000,1.000000,0.133250,PAUSE
2764,0.000000,1.000000,0.054906,PAUSE
2765,0.000000,1.000000,0.022817,PAUSE
2766,0.000000,0.000000,0.020886,PAUSE
2767,1.000000,1.000000,0.011177,PAUSE
2768,0.000000,0.000000,0.028549,PAUSE
2769,0.000000,0.000000,0.098562,PAUSE
2770,1.000000,1.000000,0.048812,PAUSE
2771,0.000000,0.000000,0.069044,PAUSE
2772,0.000000,0.000000,0.161932,PAUSE
2773,0.000000,0.000000,0.309191,PAUSE
2774,0.000000,0.000000,0.473735,PAUSE
2775,0.000000,0.000000,0.623749,ALLOW
2776,0.000000,0.000000,0.743705,ALLOW
2777,0.000000,0.000000,0.831561,ALLOW
2778,0.000000,0.000000,0.892154,ALLOW
2779,1.000000,1.000000,0.385508,PAUSE
2780,0.000000,0.000000,0.250920,PAUSE
2781,1.000000,1.000000,0.110361,PAUSE
2782,1.000000,1.000000,0.046704,PAUSE
2783,0.000000,0.000000,0.041389,PAUSE
2784,0.000000,0.000000,0.100688,PAUSE
2785,0.000000,1.000000,0.049466,PAUSE
2786,1.000000,1.000000,0.022221,PAUSE
2787,1.000000,1.000000,0.009985,PAUSE
2788,1.000000,1.000000,0.004674,PAUSE
2789,1.000000,1.000000,0.002380,PAUSE
2790,0.000000,1.000000,0.001382,PAUSE
2791,0.000000,0.000000,0.008335,PAUSE
2792,1.000000,1.000000,0.005537,PAUSE
2793,0.000000,1.000000,0.003248,PAUSE
2794,1.000000,1.000000,0.001955,PAUSE
2795,0.000000,1.000000,0.001282,PAUSE
2796,1.000000,1.000000,0.000937,PAUSE
2797,0.000000,0.000000,0.008097,PAUSE
2798,0.000000,0.000000,0.047285,PAUSE
2799,1.000000,1.000000,0.025148,PAUSE
2800,0.000000,0.000000,0.048793,PAUSE
2801,1.000000,1.000000,0.025288,PAUSE
2802,0.000000,0.000000,0.047098,PAUSE
2803,0.000000,0.000000,0.131575,PAUSE
2804,0.000000,0.000000,0.272668,PAUSE
2805,0.000000,0.000000,0.437736,PAUSE
2806,0.000000,0.000000,0.593229,ALLOW
2807,0.000000,1.000000,0.261344,PAUSE
2808,1.000000,1.000000,0.108874,PAUSE
2809,1.000000,1.000000,0.045100,PAUSE
2810,1.000000,1.000000,0.018877,PAUSE
2811,0.000000,1.000000,0.008129,PAUSE
2812,1.000000,1.000000,0.003715,PAUSE
2813,1.000000,1.000000,0.001891,PAUSE
2814,1.000000,1.000000,0.001131,PAUSE
2815,0.000000,1.000000,0.000809,PAUSE
2816,0.000000,1.000000,0.000670,PAUSE
2817,0.000000,0.000000,0.007108,PAUSE
2818,0.000000,0.000000,0.043798,PAUSE
2819,0.000000,1.000000,0.023486,PAUSE
2820,1.000000,1.000000,0.011273,PAUSE
2821,1.000000,1.000000,0.005448,PAUSE
2822,1.000000,1.000000,0.002799,PAUSE
2823,0.000000,1.000000,0.001602,PAUSE
2824,0.000000,0.000000,0.008985,PAUSE
2825,1.000000,1.000000,0.005891,PAUSE
2826,1.000000,1.000000,0.003416,PAUSE
2827,0.000000,0.000000,0.014742,PAUSE
2828,0.000000,0.000000,0.067140,PAUSE
2829,0.000000,1.000000,0.034452,PAUSE
2830,0.000000,1.000000,0.015952,PAUSE
2831,1.000000,1.000000,0.007405,PAUSE
2832,0.000000,0.000000,0.016069,PAUSE
2833,1.000000,1.000000,0.009440,PAUSE
2834,1.000000,1.000000,0.005023,PAUSE
2835,0.000000,0.000000,0.016755,PAUSE
2836,1.000000,1.000000,0.009935,PAUSE
2837,0.000000,1.000000,0.005275,PAUSE
2838,0.000000,1.000000,0.002863,PAUSE
2839,0.000000,1.000000,0.001688,PAUSE
2840,0.000000,1.000000,0.001121,PAUSE
2841,0.000000,0.000000,0.008404,PAUSE
2842,0.000000,0.000000,0.048204,PAUSE
2843,1.000000,1.000000,0.025582,PAUSE
2844,1.000000,1.000000,0.012174,PAUSE
2845,0.000000,0.000000,0.024103,PAUSE
2846,0.000000,1.000000,0.013433,PAUSE
2847,0.000000,1.000000,0.006804,PAUSE
2848,0.000000,0.000000,0.018742,PAUSE
2849,0.000000,1.000000,0.010894,PAUSE
2850,1.000000,1.000000,0.005698,PAUSE
2851,1.000000,1.000000,0.003046,PAUSE
2852,0.000000,1.000000,0.001767,PAUSE
2853,0.000000,0.000000,0.009717,PAUSE
2854,0.000000,0.000000,0.052205,PAUSE
2855,0.000000,0.000000,0.153233,PAUSE
2856,1.000000,1.000000,0.073355,PAUSE
2857,0.000000,0.000000,0.086900,PAUSE
2858,0.000000,0.000000,0.181763,PAUSE
2859,0.000000,0.000000,0.330727,PAUSE
2860,0.000000,0.000000,0.493912,PAUSE
2861,0.000000,0.000000,0.640370,ALLOW
2862,0.000000,1.000000,0.281043,PAUSE
2863,1.000000,1.000000,0.116843,PAUSE
2864,1.000000,1.000000,0.048308,PAUSE
2865,1.000000,1.000000,0.020166,PAUSE
2866,0.000000,1.000000,0.008647,PAUSE
2867,1.000000,1.000000,0.003923,PAUSE
2868,0.000000,1.000000,0.001975,PAUSE
2869,1.000000,1.000000,0.001165,PAUSE
2870,1.000000,1.000000,0.000823,PAUSE
2871,0.000000,0.000000,0.007291,PAUSE
2872,1.000000,1.000000,0.004977,PAUSE
2873,1.000000,1.000000,0.002983,PAUSE
2874,0.000000,0.000000,0.014056,PAUSE
2875,1.000000,1.000000,0.008601,PAUSE
2876,0.000000,0.000000,0.028309,PAUSE
2877,0.000000,0.000000,0.100172,PAUSE
2878,0.000000,0.000000,0.230812,PAUSE
2879,1.000000,1.000000,0.107344,PAUSE
2880,0.000000,0.000000,0.108590,PAUSE
2881,0.000000,0.000000,0.202514,PAUSE
2882,0.000000,0.000000,0.351542,PAUSE
2883,1.000000,1.000000,0.159140,PAUSE
2884,1.000000,1.000000,0.067363,PAUSE
2885,0.000000,0.000000,0.055302,PAUSE
2886,0.000000,0.000000,0.118251,PAUSE
2887,0.000000,1.000000,0.057257,PAUSE
2888,0.000000,1.000000,0.025457,PAUSE
2889,0.000000,1.000000,0.011312,PAUSE
2890,0.000000,1.000000,0.005217,PAUSE
2891,1.000000,1.000000,0.002602,PAUSE
2892,0.000000,1.000000,0.001473,PAUSE
2893,0.000000,1.000000,0.000978,PAUSE
2894,0.000000,1.000000,0.000756,PAUSE
2895,0.000000,1.000000,0.000654,PAUSE
2896,1.000000,1.000000,0.000605,PAUSE
2897,0.000000,1.000000,0.000581,PAUSE
2898,0.000000,1.000000,0.000568,PAUSE
2899,1.000000,1.000000,0.000562,PAUSE
2900,1.000000,1.000000,0.000558,PAUSE
2901,1.000000,1.000000,0.000556,PAUSE
2902,0.000000,0.000000,0.006898,PAUSE
2903,1.000000,1.000000,0.004769,PAUSE
2904,1.000000,1.000000,0.002885,PAUSE
2905,0.000000,1.000000,0.001789,PAUSE
2906,0.000000,1.000000,0.001205,PAUSE
2907,0.000000,1.000000,0.000901,PAUSE
2908,1.000000,1.000000,0.000742,PAUSE
2909,0.000000,1.000000,0.000658,PAUSE
2910,0.000000,0.000000,0.007273,PAUSE
2911,1.000000,1.000000,0.004979,PAUSE
2912,1.000000,1.000000,0.002986,PAUSE
2913,0.000000,0.000000,0.014076,PAUSE
2914,0.000000,0.000000,0.065506,PAUSE
2915,0.000000,0.000000,0.176727,PAUSE
2916,1.000000,1.000000,0.083721,PAUSE
2917,0.000000,1.000000,0.036490,PAUSE
2918,0.000000,1.000000,0.015840,PAUSE
2919,1.000000,1.000000,0.007069,PAUSE
2920,0.000000,0.000000,0.013553,PAUSE
2921,0.000000,1.000000,0.008092,PAUSE
2922,1.000000,1.000000,0.004396,PAUSE
2923,1.000000,1.000000,0.002462,PAUSE
2924,1.000000,1.000000,0.001505,PAUSE
2925,0.000000,1.000000,0.001037,PAUSE
2926,1.000000,1.000000,0.000805,PAUSE
2927,0.000000,0.000000,0.007669,PAUSE
2928,0.000000,0.000000,0.045815,PAUSE
2929,0.000000,0.000000,0.141298,PAUSE
2930,1.000000,1.000000,0.068061,PAUSE
2931,1.000000,1.000000,0.030015,PAUSE
2932,1.000000,1.000000,0.013197,PAUSE
2933,1.000000,1.000000,0.005993,PAUSE
2934,0.000000,0.000000,0.012955,PAUSE
2935,0.000000,0.000000,0.058321,PAUSE
2936,1.000000,1.000000,0.030304,PAUSE
2937,0.000000,1.000000,0.014185,PAUSE
2938,0.000000,1.000000,0.006667,PAUSE
2939,1.000000,1.000000,0.003308,PAUSE
2940,1.000000,1.000000,0.001816,PAUSE
2941,0.000000,1.000000,0.001147,PAUSE
2942,0.000000,1.000000,0.000841,PAUSE
2943,0.000000,1.000000,0.000698,PAUSE
2944,0.000000,1.000000,0.000628,PAUSE
2945,0.000000,1.000000,0.000594,PAUSE
2946,1.000000,1.000000,0.000575,PAUSE
2947,0.000000,0.000000,0.006970,PAUSE
2948,0.000000,0.000000,0.043379,PAUSE
2949,0.000000,0.000000,0.136564,PAUSE
2950,0.000000,0.000000,0.282163,PAUSE
2951,0.000000,0.000000,0.448211,PAUSE
2952,1.000000,1.000000,0.200355,PAUSE
2953,0.000000,0.000000,0.160580,PAUSE
2954,0.000000,0.000000,0.243928,PAUSE
2955,0.000000,0.000000,0.388632,PAUSE
2956,1.000000,1.000000,0.174807,PAUSE
2957,0.000000,0.000000,0.146363,PAUSE
2958,0.000000,0.000000,0.232827,PAUSE
2959,1.000000,1.000000,0.107358,PAUSE
2960,1.000000,1.000000,0.046108,PAUSE
2961,0.000000,0.000000,0.044231,PAUSE
2962,0.000000,1.000000,0.022213,PAUSE
2963,0.000000,1.000000,0.010476,PAUSE
2964,0.000000,0.000000,0.021258,PAUSE
2965,0.000000,0.000000,0.079389,PAUSE
2966,1.000000,1.000000,0.040049,PAUSE
2967,1.000000,1.000000,0.018308,PAUSE
2968,0.000000,0.000000,0.028557,PAUSE
2969,0.000000,0.000000,0.092235,PAUSE
2970,1.000000,1.000000,0.045865,PAUSE
2971,0.000000,0.000000,0.066538,PAUSE
2972,0.000000,1.000000,0.033194,PAUSE
2973,0.000000,1.000000,0.015270,PAUSE
2974,0.000000,1.000000,0.007080,PAUSE
2975,0.000000,0.000000,0.015539,PAUSE
2976,0.000000,0.000000,0.065600,PAUSE
2977,0.000000,1.000000,0.033697,PAUSE
2978,1.000000,1.000000,0.015626,PAUSE
2979,0.000000,1.000000,0.007268,PAUSE
2980,1.000000,1.000000,0.003557,PAUSE
2981,0.000000,0.000000,0.011400,PAUSE
2982,0.000000,0.000000,0.055924,PAUSE
2983,0.000000,0.000000,0.159665,PAUSE
2984,0.000000,0.000000,0.311525,PAUSE
2985,0.000000,0.000000,0.477446,PAUSE
2986,1.000000,1.000000,0.212702,PAUSE
2987,0.000000,0.000000,0.167005,PAUSE
2988,1.000000,1.000000,0.075847,PAUSE
2989,0.000000,1.000000,0.032750,PAUSE
2990,0.000000,1.000000,0.014191,PAUSE
2991,0.000000,0.000000,0.019287,PAUSE
2992,1.000000,1.000000,0.010796,PAUSE
2993,0.000000,0.000000,0.029698,PAUSE
2994,0.000000,0.000000,0.101819,PAUSE
2995,0.000000,0.000000,0.232874,PAUSE
2996,0.000000,0.000000,0.396148,PAUSE
2997,0.000000,0.000000,0.556680,ALLOW
2998,1.000000,1.000000,0.246031,PAUSE
2999,1.000000,1.000000,0.102673,PAUSE
3000,0.000000,0.000000,0.071896,PAUSE
3001,0.000000,1.000000,0.033790,PAUSE
3002,0.000000,1.000000,0.015212,PAUSE
3003,0.000000,1.000000,0.006968,PAUSE
3004,0.000000,1.000000,0.003384,PAUSE
3005,0.000000,1.000000,0.001826,PAUSE
3006,1.000000,1.000000,0.001140,PAUSE
3007,0.000000,1.000000,0.000833,PAUSE
3008,0.000000,0.000000,0.007526,PAUSE
3009,0.000000,0.000000,0.045218,PAUSE
3010,1.000000,1.000000,0.024163,PAUSE
3011,1.000000,1.000000,0.011564,PAUSE
3012,1.000000,1.000000,0.005571,PAUSE
3013,0.000000,1.000000,0.002850,PAUSE
3014,0.000000,1.000000,0.001624,PAUSE
3015,1.000000,1.000000,0.001066,PAUSE
3016,1.000000,1.000000,0.000806,PAUSE
3017,0.000000,1.000000,0.000683,PAUSE
3018,0.000000,1.000000,0.000621,PAUSE
3019,1.000000,1.000000,0.000590,PAUSE
3020,0.000000,1.000000,0.000574,PAUSE
3021,0.000000,1.000000,0.000565,PAUSE
3022,1.000000,1.000000,0.000560,PAUSE
3023,0.000000,1.000000,0.000557,PAUSE
3024,0.000000,1.000000,0.000555,PAUSE
3025,0.000000,0.000000,0.006897,PAUSE
3026,1.000000,1.000000,0.004768,PAUSE
3027,0.000000,0.000000,0.021544,PAUSE
3028,0.000000,0.000000,0.085727,PAUSE
3029,1.000000,1.000000,0.043013,PAUSE
3030,1.000000,1.000000,0.019565,PAUSE
3031,0.000000,0.000000,0.029449,PAUSE
3032,0.000000,0.000000,0.093477,PAUSE
3033,0.000000,0.000000,0.218770,PAUSE
3034,0.000000,1.000000,0.102080,PAUSE
3035,1.000000,1.000000,0.044042,PAUSE
3036,0.000000,1.000000,0.018912,PAUSE
3037,0.000000,0.000000,0.022652,PAUSE
3038,1.000000,1.000000,0.012339,PAUSE
3039,0.000000,0.000000,0.031274,PAUSE
3040,0.000000,1.000000,0.017088,PAUSE
3041,0.000000,1.000000,0.008438,PAUSE
3042,0.000000,1.000000,0.004229,PAUSE
3043,0.000000,0.000000,0.013441,PAUSE
3044,0.000000,0.000000,0.062036,PAUSE
3045,0.000000,1.000000,0.032064,PAUSE
3046,0.000000,0.000000,0.055235,PAUSE
3047,0.000000,1.000000,0.028188,PAUSE
3048,0.000000,1.000000,0.013177,PAUSE
3049,1.000000,1.000000,0.006217,PAUSE
3050,0.000000,0.000000,0.014985,PAUSE
3051,0.000000,0.000000,0.064791,PAUSE
3052,0.000000,1.000000,0.033330,PAUSE
3053,0.000000,1.000000,0.015472,PAUSE
3054,1.000000,1.000000,0.007204,PAUSE
3055,0.000000,0.000000,0.015920,PAUSE
3056,0.000000,0.000000,0.066678,PAUSE
3057,0.000000,0.000000,0.177852,PAUSE
3058,1.000000,1.000000,0.084205,PAUSE
3059,0.000000,1.000000,0.036688,PAUSE
3060,0.000000,1.000000,0.015920,PAUSE
3061,0.000000,0.000000,0.021104,PAUSE
3062,1.000000,1.000000,0.011673,PAUSE
3063,1.000000,1.000000,0.005969,PAUSE
3064,0.000000,1.000000,0.003141,PAUSE
3065,0.000000,1.000000,0.001799,PAUSE
3066,1.000000,1.000000,0.001165,PAUSE
3067,0.000000,0.000000,0.008422,PAUSE
3068,0.000000,0.000000,0.048210,PAUSE
3069,1.000000,1.000000,0.025584,PAUSE
3070,1.000000,1.000000,0.012175,PAUSE
3071,0.000000,0.000000,0.024104,PAUSE
3072,0.000000,0.000000,0.085797,PAUSE
3073,0.000000,0.000000,0.208211,PAUSE
3074,1.000000,1.000000,0.097493,PAUSE
3075,1.000000,1.000000,0.042159,PAUSE
3076,0.000000,1.000000,0.018147,PAUSE
3077,0.000000,1.000000,0.008006,PAUSE
3078,1.000000,1.000000,0.003742,PAUSE
3079,0.000000,0.000000,0.010424,PAUSE
3080,0.000000,0.000000,0.052218,PAUSE
3081,0.000000,0.000000,0.152794,PAUSE
3082,1.000000,1.000000,0.073155,PAUSE
3083,0.000000,1.000000,0.032124,PAUSE
3084,0.000000,1.000000,0.014059,PAUSE
3085,0.000000,1.000000,0.006344,PAUSE
3086,1.000000,1.000000,0.003066,PAUSE
3087,1.000000,1.000000,0.001665,PAUSE
3088,1.000000,1.000000,0.001058,PAUSE
3089,0.000000,0.000000,0.007794,PAUSE
3090,1.000000,1.000000,0.005250,PAUSE
3091,1.000000,1.000000,0.003113,PAUSE
3092,1.000000,1.000000,0.001894,PAUSE
3093,1.000000,1.000000,0.001253,PAUSE
3094,0.000000,1.000000,0.000924,PAUSE
3095,1.000000,1.000000,0.000753,PAUSE
3096,1.000000,1.000000,0.000663,PAUSE
3097,0.000000,1.000000,0.000615,PAUSE
3098,1.000000,1.000000,0.000588,PAUSE
3099,0.000000,0.000000,0.007027,PAUSE
3100,1.000000,1.000000,0.004841,PAUSE
3101,0.000000,0.000000,0.021697,PAUSE
3102,1.000000,1.000000,0.012532,PAUSE
3103,0.000000,0.000000,0.034038,PAUSE
3104,1.000000,1.000000,0.018469,PAUSE
3105,0.000000,0.000000,0.040721,PAUSE
3106,0.000000,1.000000,0.021562,PAUSE
3107,0.000000,1.000000,0.010369,PAUSE
3108,0.000000,1.000000,0.005046,PAUSE
3109,1.000000,1.000000,0.002621,PAUSE
3110,0.000000,1.000000,0.001523,PAUSE
3111,1.000000,1.000000,0.001021,PAUSE
3112,0.000000,1.000000,0.000786,PAUSE
3113,1.000000,1.000000,0.000673,PAUSE
3114,0.000000,0.000000,0.007252,PAUSE
3115,0.000000,0.000000,0.044364,PAUSE
3116,0.000000,1.000000,0.023757,PAUSE
3117,0.000000,1.000000,0.011390,PAUSE
3118,1.000000,1.000000,0.005497,PAUSE
3119,0.000000,1.000000,0.002819,PAUSE
3120,1.000000,1.000000,0.001611,PAUSE
3121,0.000000,1.000000,0.001060,PAUSE
3122,1.000000,1.000000,0.000804,PAUSE
3123,1.000000,1.000000,0.000681,PAUSE
3124,0.000000,1.000000,0.000621,PAUSE
3125,0.000000,0.000000,0.007111,PAUSE
3126,0.000000,0.000000,0.043880,PAUSE
3127,0.000000,1.000000,0.023526,PAUSE
3128,1.000000,1.000000,0.011290,PAUSE
3129,0.000000,1.000000,0.005456,PAUSE
3130,1.000000,1.000000,0.002802,PAUSE
3131,0.000000,0.000000,0.010815,PAUSE
3132,0.000000,0.000000,0.054812,PAUSE
3133,0.000000,0.000000,0.157807,PAUSE
3134,0.000000,1.000000,0.075377,PAUSE
3135,0.000000,1.000000,0.033044,PAUSE
3136,1.000000,1.000000,0.014434,PAUSE
3137,0.000000,0.000000,0.020307,PAUSE
3138,0.000000,0.000000,0.072493,PAUSE
3139,1.000000,1.000000,0.036824,PAUSE
3140,0.000000,0.000000,0.059133,PAUSE
3141,1.000000,1.000000,0.029917,PAUSE
3142,0.000000,0.000000,0.050813,PAUSE
3143,0.000000,0.000000,0.136436,PAUSE
3144,1.000000,1.000000,0.065725,PAUSE
3145,1.000000,1.000000,0.029024,PAUSE
3146,0.000000,0.000000,0.035231,PAUSE
3147,1.000000,1.000000,0.018382,PAUSE
3148,0.000000,0.000000,0.038304,PAUSE
3149,1.000000,1.000000,0.020366,PAUSE
3150,0.000000,0.000000,0.042260,PAUSE
3151,0.000000,0.000000,0.124308,PAUSE
3152,1.000000,1.000000,0.060364,PAUSE
3153,1.000000,1.000000,0.026804,PAUSE
3154,1.000000,1.000000,0.011878,PAUSE
3155,0.000000,0.000000,0.018848,PAUSE
3156,0.000000,1.000000,0.010686,PAUSE
3157,0.000000,1.000000,0.005554,PAUSE
3158,1.000000,1.000000,0.002967,PAUSE
3159,0.000000,0.000000,0.012022,PAUSE
3160,0.000000,0.000000,0.058780,PAUSE
3161,0.000000,0.000000,0.164948,PAUSE
3162,0.000000,1.000000,0.078531,PAUSE
3163,0.000000,1.000000,0.034347,PAUSE
3164,0.000000,1.000000,0.014966,PAUSE
3165,0.000000,1.000000,0.006714,PAUSE
3166,0.000000,0.000000,0.013359,PAUSE
3167,1.000000,1.000000,0.008007,PAUSE
3168,0.000000,0.000000,0.026455,PAUSE
3169,0.000000,0.000000,0.095921,PAUSE
3170,0.000000,1.000000,0.047638,PAUSE
3171,0.000000,1.000000,0.021502,PAUSE
3172,0.000000,1.000000,0.009701,PAUSE
3173,0.000000,1.000000,0.004562,PAUSE
3174,1.000000,1.000000,0.002336,PAUSE
3175,0.000000,1.000000,0.001364,PAUSE
3176,1.000000,1.000000,0.000933,PAUSE
3177,0.000000,0.000000,0.007690,PAUSE
3178,0.000000,0.000000,0.045719,PAUSE
3179,1.000000,1.000000,0.024401,PAUSE
3180,1.000000,1.000000,0.011666,PAUSE
3181,0.000000,0.000000,0.023693,PAUSE
3182,0.000000,1.000000,0.013244,PAUSE
3183,0.000000,1.000000,0.006723,PAUSE
3184,0.000000,1.000000,0.003485,PAUSE
3185,0.000000,1.000000,0.001955,PAUSE
3186,0.000000,1.000000,0.001237,PAUSE
3187,1.000000,1.000000,0.000895,PAUSE
3188,0.000000,0.000000,0.007824,PAUSE
3189,0.000000,0.000000,0.046290,PAUSE
3190,1.000000,1.000000,0.024674,PAUSE
3191,0.000000,0.000000,0.048322,PAUSE
3192,1.000000,1.000000,0.025074,PAUSE
3193,0.000000,1.000000,0.011866,PAUSE
3194,1.000000,1.000000,0.005673,PAUSE
3195,0.000000,1.000000,0.002883,PAUSE
3196,1.000000,1.000000,0.001634,PAUSE
3197,0.000000,0.000000,0.008973,PAUSE
3198,0.000000,0.000000,0.049650,PAUSE
3199,0.000000,1.000000,0.026263,PAUSE
3200,0.000000,1.000000,0.012465,PAUSE
3201,0.000000,1.000000,0.005949,PAUSE
3202,0.000000,0.000000,0.015012,PAUSE
3203,0.000000,0.000000,0.065181,PAUSE
3204,1.000000,1.000000,0.033514,PAUSE
3205,1.000000,1.000000,0.015550,PAUSE
3206,0.000000,0.000000,0.026642,PAUSE
3207,0.000000,1.000000,0.014587,PAUSE
3208,0.000000,1.000000,0.007297,PAUSE
3209,1.000000,1.000000,0.003727,PAUSE
3210,1.000000,1.000000,0.002057,PAUSE
3211,0.000000,0.000000,0.010005,PAUSE
3212,0.000000,0.000000,0.052871,PAUSE
3213,1.000000,1.000000,0.027783,PAUSE
3214,0.000000,0.000000,0.051323,PAUSE
3215,1.000000,1.000000,0.026431,PAUSE
3216,0.000000,0.000000,0.048057,PAUSE
3217,1.000000,1.000000,0.024881,PAUSE
3218,0.000000,0.000000,0.046501,PAUSE
3219,0.000000,0.000000,0.130540,PAUSE
3220,1.000000,1.000000,0.063125,PAUSE
3221,0.000000,0.000000,0.079440,PAUSE
3222,0.000000,0.000000,0.173555,PAUSE
3223,1.000000,1.000000,0.081992,PAUSE
3224,1.000000,1.000000,0.035735,PAUSE
3225,0.000000,0.000000,0.038957,PAUSE
3226,0.000000,0.000000,0.103991,PAUSE
3227,1.000000,1.000000,0.051065,PAUSE
3228,0.000000,1.000000,0.022904,PAUSE
3229,1.000000,1.000000,0.010270,PAUSE
3230,0.000000,1.000000,0.004793,PAUSE
3231,0.000000,1.000000,0.002429,PAUSE
3232,1.000000,1.000000,0.001402,PAUSE
3233,0.000000,1.000000,0.000949,PAUSE
3234,1.000000,1.000000,0.000744,PAUSE
3235,0.000000,0.000000,0.007349,PAUSE
3236,1.000000,1.000000,0.005016,PAUSE
3237,0.000000,0.000000,0.022036,PAUSE
3238,0.000000,1.000000,0.012699,PAUSE
3239,1.000000,1.000000,0.006532,PAUSE
3240,0.000000,1.000000,0.003417,PAUSE
3241,0.000000,0.000000,0.012707,PAUSE
3242,1.000000,1.000000,0.007844,PAUSE
3243,0.000000,1.000000,0.004321,PAUSE
3244,0.000000,1.000000,0.002440,PAUSE
3245,0.000000,0.000000,0.011510,PAUSE
3246,0.000000,0.000000,0.057670,PAUSE
3247,0.000000,0.000000,0.163075,PAUSE
3248,0.000000,0.000000,0.315812,PAUSE
3249,1.000000,1.000000,0.144015,PAUSE
3250,0.000000,0.000000,0.130035,PAUSE
3251,0.000000,0.000000,0.220749,PAUSE
3252,0.000000,0.000000,0.368574,PAUSE
3253,1.000000,1.000000,0.166350,PAUSE
3254,0.000000,0.000000,0.141948,PAUSE
3255,1.000000,1.000000,0.065386,PAUSE
3256,1.000000,1.000000,0.028495,PAUSE
3257,0.000000,0.000000,0.032917,PAUSE
3258,0.000000,0.000000,0.094629,PAUSE
3259,0.000000,1.000000,0.046866,PAUSE
3260,0.000000,1.000000,0.021153,PAUSE
3261,0.000000,1.000000,0.009551,PAUSE
3262,0.000000,1.000000,0.004497,PAUSE
3263,1.000000,1.000000,0.002308,PAUSE
3264,1.000000,1.000000,0.001352,PAUSE
3265,1.000000,1.000000,0.000928,PAUSE
3266,0.000000,0.000000,0.007682,PAUSE
3267,0.000000,0.000000,0.045696,PAUSE
3268,1.000000,1.000000,0.024390,PAUSE
3269,0.000000,1.000000,0.011662,PAUSE
3270,1.000000,1.000000,0.005612,PAUSE
3271,0.000000,1.000000,0.002867,PAUSE
3272,0.000000,1.000000,0.001631,PAUSE
3273,0.000000,0.000000,0.009012,PAUSE
3274,0.000000,0.000000,0.049799,PAUSE
3275,1.000000,1.000000,0.026334,PAUSE
3276,0.000000,0.000000,0.049937,PAUSE
3277,1.000000,1.000000,0.025805,PAUSE
3278,0.000000,0.000000,0.047534,PAUSE
3279,0.000000,0.000000,0.132167,PAUSE
3280,0.000000,1.000000,0.063846,PAUSE
3281,0.000000,1.000000,0.028247,PAUSE
3282,1.000000,1.000000,0.012468,PAUSE
3283,0.000000,0.000000,0.019180,PAUSE
3284,0.000000,0.000000,0.071132,PAUSE
3285,0.000000,0.000000,0.184322,PAUSE
3286,1.000000,1.000000,0.087035,PAUSE
3287,0.000000,0.000000,0.095863,PAUSE
3288,1.000000,1.000000,0.045927,PAUSE
3289,0.000000,1.000000,0.020540,PAUSE
3290,1.000000,1.000000,0.009240,PAUSE
3291,0.000000,1.000000,0.004348,PAUSE
3292,0.000000,0.000000,0.011738,PAUSE
3293,0.000000,0.000000,0.056125,PAUSE
3294,0.000000,0.000000,0.159852,PAUSE
3295,0.000000,1.000000,0.076277,PAUSE
3296,1.000000,1.000000,0.033415,PAUSE
3297,0.000000,1.000000,0.014586,PAUSE
3298,1.000000,1.000000,0.006559,PAUSE
3299,1.000000,1.000000,0.003154,PAUSE
3300,1.000000,1.000000,0.001701,PAUSE
3301,0.000000,0.000000,0.008571,PAUSE
3302,0.000000,0.000000,0.048046,PAUSE
3303,1.000000,1.000000,0.025500,PAUSE
3304,0.000000,0.000000,0.049115,PAUSE
3305,0.000000,0.000000,0.135878,PAUSE
3306,0.000000,0.000000,0.278459,PAUSE
3307,0.000000,0.000000,0.443687,PAUSE
3308,0.000000,0.000000,0.598377,ALLOW
3309,1.000000,1.000000,0.263499,PAUSE
3310,1.000000,1.000000,0.109746,PAUSE
3311,0.000000,0.000000,0.075096,PAUSE
3312,0.000000,0.000000,0.131836,PAUSE
3313,1.000000,1.000000,0.063039,PAUSE
3314,0.000000,1.000000,0.027823,PAUSE
3315,0.000000,1.000000,0.012272,PAUSE
3316,0.000000,1.000000,0.005606,PAUSE
3317,0.000000,1.000000,0.002760,PAUSE
3318,1.000000,1.000000,0.001538,PAUSE
3319,0.000000,1.000000,0.001005,PAUSE
3320,1.000000,1.000000,0.000767,PAUSE
3321,1.000000,1.000000,0.000658,PAUSE
3322,1.000000,1.000000,0.000607,PAUSE
3323,1.000000,1.000000,0.000582,PAUSE
3324,1.000000,1.000000,0.000569,PAUSE
3325,0.000000,0.000000,0.006943,PAUSE
3326,0.000000,0.000000,0.043282,PAUSE
3327,0.000000,1.000000,0.023240,PAUSE
3328,0.000000,1.000000,0.011167,PAUSE
3329,0.000000,0.000000,0.023283,PAUSE
3330,0.000000,1.000000,0.013055,PAUSE
3331,0.000000,1.000000,0.006642,PAUSE
3332,0.000000,0.000000,0.018601,PAUSE
3333,0.000000,0.000000,0.075489,PAUSE
3334,0.000000,0.000000,0.192733,PAUSE
3335,0.000000,1.000000,0.090737,PAUSE
3336,1.000000,1.000000,0.039381,PAUSE
3337,0.000000,1.000000,0.017017,PAUSE
3338,0.000000,0.000000,0.021682,PAUSE
3339,1.000000,1.000000,0.011922,PAUSE
3340,1.000000,1.000000,0.006074,PAUSE
3341,0.000000,1.000000,0.003184,PAUSE
3342,0.000000,1.000000,0.001817,PAUSE
3343,0.000000,0.000000,0.009685,PAUSE
3344,0.000000,0.000000,0.052026,PAUSE
3345,0.000000,0.000000,0.152887,PAUSE
3346,0.000000,0.000000,0.303122,PAUSE
3347,0.000000,1.000000,0.138572,PAUSE
3348,0.000000,1.000000,0.058990,PAUSE
3349,1.000000,1.000000,0.024974,PAUSE
3350,0.000000,0.000000,0.025652,PAUSE
3351,1.000000,1.000000,0.013612,PAUSE
3352,1.000000,1.000000,0.006774,PAUSE
3353,0.000000,0.000000,0.018034,PAUSE
3354,0.000000,1.000000,0.010522,PAUSE
3355,0.000000,1.000000,0.005528,PAUSE
3356,1.000000,1.000000,0.002970,PAUSE
3357,0.000000,0.000000,0.012141,PAUSE
3358,1.000000,1.000000,0.007561,PAUSE
3359,0.000000,0.000000,0.026495,PAUSE
3360,0.000000,0.000000,0.096415,PAUSE
3361,1.000000,1.000000,0.047867,PAUSE
3362,0.000000,0.000000,0.068393,PAUSE
3363,1.000000,1.000000,0.034022,PAUSE
3364,1.000000,1.000000,0.015616,PAUSE
3365,0.000000,0.000000,0.025874,PAUSE
3366,0.000000,0.000000,0.087435,PAUSE
3367,1.000000,1.000000,0.043695,PAUSE
3368,0.000000,1.000000,0.019837,PAUSE
3369,0.000000,1.000000,0.009011,PAUSE
3370,0.000000,0.000000,0.017109,PAUSE
3371,0.000000,0.000000,0.068437,PAUSE
3372,0.000000,1.000000,0.034998,PAUSE
3373,0.000000,1.000000,0.016175,PAUSE
3374,0.000000,1.000000,0.007496,PAUSE
3375,0.000000,1.000000,0.003651,PAUSE
3376,0.000000,0.000000,0.011466,PAUSE
3377,1.000000,1.000000,0.007148,PAUSE
3378,0.000000,0.000000,0.025577,PAUSE
3379,1.000000,1.000000,0.014421,PAUSE
3380,1.000000,1.000000,0.007288,PAUSE
3381,0.000000,0.000000,0.019522,PAUSE
3382,0.000000,0.000000,0.077540,PAUSE
3383,1.000000,1.000000,0.039228,PAUSE
3384,0.000000,0.000000,0.061392,PAUSE
3385,1.000000,1.000000,0.030929,PAUSE
3386,0.000000,1.000000,0.014326,PAUSE
3387,0.000000,1.000000,0.006692,PAUSE
3388,0.000000,1.000000,0.003305,PAUSE
3389,0.000000,1.000000,0.001809,PAUSE
3390,1.000000,1.000000,0.001141,PAUSE
3391,1.000000,1.000000,0.000837,PAUSE
3392,0.000000,1.000000,0.000695,PAUSE
3393,0.000000,0.000000,0.007283,PAUSE
3394,0.000000,0.000000,0.044455,PAUSE
3395,1.000000,1.000000,0.023800,PAUSE
3396,0.000000,1.000000,0.011408,PAUSE
3397,0.000000,1.000000,0.005505,PAUSE
3398,0.000000,0.000000,0.014666,PAUSE
3399,1.000000,1.000000,0.008789,PAUSE
3400,1.000000,1.000000,0.004740,PAUSE
3401,0.000000,0.000000,0.016483,PAUSE
3402,1.000000,1.000000,0.009805,PAUSE
3403,0.000000,0.000000,0.029942,PAUSE
3404,0.000000,0.000000,0.103272,PAUSE
3405,0.000000,1.000000,0.050962,PAUSE
3406,0.000000,1.000000,0.022892,PAUSE
3407,1.000000,1.000000,0.010273,PAUSE
3408,0.000000,1.000000,0.004797,PAUSE
3409,0.000000,1.000000,0.002432,PAUSE
3410,1.000000,1.000000,0.001404,PAUSE
3411,0.000000,0.000000,0.008362,PAUSE
3412,1.000000,1.000000,0.005551,PAUSE
3413,0.000000,0.000000,0.022991,PAUSE
3414,0.000000,0.000000,0.088946,PAUSE
3415,0.000000,0.000000,0.214350,PAUSE
3416,1.000000,1.000000,0.100186,PAUSE
3417,0.000000,1.000000,0.043268,PAUSE
3418,0.000000,1.000000,0.018598,PAUSE
3419,1.000000,1.000000,0.008189,PAUSE
3420,1.000000,1.000000,0.003817,PAUSE
3421,0.000000,1.000000,0.001972,PAUSE
3422,0.000000,1.000000,0.001184,PAUSE
3423,1.000000,1.000000,0.000843,PAUSE
3424,0.000000,1.000000,0.000691,PAUSE
3425,1.000000,1.000000,0.000621,PAUSE
3426,1.000000,1.000000,0.000588,PAUSE
3427,0.000000,0.000000,0.006992,PAUSE
3428,0.000000,0.000000,0.043453,PAUSE
3429,0.000000,1.000000,0.023322,PAUSE
3430,0.000000,1.000000,0.011202,PAUSE
3431,0.000000,1.000000,0.005419,PAUSE
3432,0.000000,1.000000,0.002786,PAUSE
3433,0.000000,1.000000,0.001597,PAUSE
3434,0.000000,0.000000,0.008980,PAUSE
3435,1.000000,1.000000,0.005889,PAUSE
3436,1.000000,1.000000,0.003415,PAUSE
3437,0.000000,1.000000,0.002032,PAUSE
3438,0.000000,1.000000,0.001317,PAUSE
3439,0.000000,1.000000,0.000953,PAUSE
3440,1.000000,1.000000,0.000767,PAUSE
3441,1.000000,1.000000,0.000670,PAUSE
3442,1.000000,1.000000,0.000618,PAUSE
3443,0.000000,0.000000,0.007133,PAUSE
3444,1.000000,1.000000,0.004900,PAUSE
3445,1.000000,1.000000,0.002949,PAUSE
3446,0.000000,0.000000,0.014012,PAUSE
3447,0.000000,0.000000,0.065341,PAUSE
3448,0.000000,0.000000,0.176452,PAUSE
3449,0.000000,0.000000,0.332075,PAUSE
3450,0.000000,1.000000,0.150979,PAUSE
3451,1.000000,1.000000,0.064053,PAUSE
3452,1.000000,1.000000,0.027023,PAUSE
3453,0.000000,1.000000,0.011597,PAUSE
3454,0.000000,0.000000,0.015835,PAUSE
3455,0.000000,0.000000,0.061376,PAUSE
3456,0.000000,0.000000,0.167663,PAUSE
3457,1.000000,1.000000,0.079706,PAUSE
3458,0.000000,0.000000,0.091084,PAUSE
3459,0.000000,1.000000,0.043877,PAUSE
3460,1.000000,1.000000,0.019696,PAUSE
3461,0.000000,1.000000,0.008895,PAUSE
3462,1.000000,1.000000,0.004208,PAUSE
3463,1.000000,1.000000,0.002180,PAUSE
3464,1.000000,1.000000,0.001295,PAUSE
3465,1.000000,1.000000,0.000901,PAUSE
3466,0.000000,0.000000,0.007632,PAUSE
3467,1.000000,1.000000,0.005168,PAUSE
3468,0.000000,0.000000,0.022320,PAUSE
3469,1.000000,1.000000,0.012839,PAUSE
3470,0.000000,0.000000,0.034419,PAUSE
3471,0.000000,0.000000,0.111769,PAUSE
3472,0.000000,1.000000,0.054779,PAUSE
3473,0.000000,1.000000,0.024484,PAUSE
3474,1.000000,1.000000,0.010927,PAUSE
3475,0.000000,1.000000,0.005064,PAUSE
3476,1.000000,1.000000,0.002542,PAUSE
3477,0.000000,0.000000,0.009708,PAUSE
3478,0.000000,0.000000,0.051167,PAUSE
3479,0.000000,0.000000,0.151109,PAUSE
3480,1.000000,1.000000,0.072412,PAUSE
3481,1.000000,1.000000,0.031817,PAUSE
3482,0.000000,0.000000,0.036958,PAUSE
3483,0.000000,0.000000,0.102259,PAUSE
3484,0.000000,1.000000,0.050312,PAUSE
3485,0.000000,1.000000,0.022593,PAUSE
3486,0.000000,0.000000,0.031258,PAUSE
3487,1.000000,1.000000,0.016638,PAUSE
3488,0.000000,0.000000,0.036932,PAUSE
3489,0.000000,0.000000,0.114757,PAUSE
3490,1.000000,1.000000,0.056097,PAUSE
3491,0.000000,0.000000,0.074470,PAUSE
3492,0.000000,0.000000,0.168150,PAUSE
3493,0.000000,0.000000,0.316072,PAUSE
3494,0.000000,0.000000,0.480249,PAUSE
3495,0.000000,0.000000,0.629149,ALLOW
3496,0.000000,1.000000,0.276359,PAUSE
3497,0.000000,1.000000,0.114949,PAUSE
3498,1.000000,1.000000,0.047546,PAUSE
3499,0.000000,1.000000,0.019860,PAUSE
3500,1.000000,1.000000,0.008524,PAUSE
3501,0.000000,0.000000,0.012729,PAUSE
3502,0.000000,1.000000,0.007546,PAUSE
3503,1.000000,1.000000,0.004121,PAUSE
3504,1.000000,1.000000,0.002330,PAUSE
3505,1.000000,1.000000,0.001443,PAUSE
3506,0.000000,1.000000,0.001007,PAUSE
3507,0.000000,0.000000,0.008191,PAUSE
3508,1.000000,1.000000,0.005480,PAUSE
3509,0.000000,0.000000,0.022950,PAUSE
3510,1.000000,1.000000,0.013149,PAUSE
3511,0.000000,1.000000,0.006731,PAUSE
3512,1.000000,1.000000,0.003503,PAUSE
3513,0.000000,1.000000,0.001968,PAUSE
3514,0.000000,0.000000,0.009981,PAUSE
3515,1.000000,1.000000,0.006427,PAUSE
3516,1.000000,1.000000,0.003668,PAUSE
3517,0.000000,1.000000,0.002147,PAUSE
3518,0.000000,1.000000,0.001369,PAUSE
3519,1.000000,1.000000,0.000977,PAUSE
3520,0.000000,1.000000,0.000778,PAUSE
3521,1.000000,1.000000,0.000676,PAUSE
3522,1.000000,1.000000,0.000621,PAUSE
3523,0.000000,0.000000,0.007141,PAUSE
3524,0.000000,1.000000,0.004905,PAUSE
3525,1.000000,1.000000,0.002951,PAUSE
3526,0.000000,1.000000,0.001819,PAUSE
3527,0.000000,0.000000,0.010603,PAUSE
3528,0.000000,0.000000,0.055292,PAUSE
3529,1.000000,1.000000,0.028927,PAUSE
3530,0.000000,1.000000,0.013605,PAUSE
3531,1.000000,1.000000,0.006427,PAUSE
3532,1.000000,1.000000,0.003208,PAUSE
3533,1.000000,1.000000,0.001774,PAUSE
3534,0.000000,1.000000,0.001129,PAUSE
3535,1.000000,1.000000,0.000834,PAUSE
3536,0.000000,0.000000,0.007587,PAUSE
3537,1.000000,1.000000,0.005147,PAUSE
3538,0.000000,0.000000,0.022293,PAUSE
3539,0.000000,0.000000,0.087425,PAUSE
3540,1.000000,1.000000,0.043787,PAUSE
3541,0.000000,0.000000,0.065208,PAUSE
3542,0.000000,0.000000,0.157404,PAUSE
3543,1.000000,1.000000,0.074967,PAUSE
3544,1.000000,1.000000,0.032844,PAUSE
3545,0.000000,0.000000,0.037396,PAUSE
3546,0.000000,0.000000,0.102493,PAUSE
3547,1.000000,1.000000,0.050409,PAUSE
3548,1.000000,1.000000,0.022633,PAUSE
3549,0.000000,0.000000,0.031277,PAUSE
3550,0.000000,0.000000,0.095562,PAUSE
3551,1.000000,1.000000,0.047345,PAUSE
3552,0.000000,1.000000,0.021361,PAUSE
3553,0.000000,1.000000,0.009638,PAUSE
3554,0.000000,0.000000,0.017490,PAUSE
3555,0.000000,1.000000,0.010081,PAUSE
3556,1.000000,1.000000,0.005297,PAUSE
3557,1.000000,1.000000,0.002859,PAUSE
3558,1.000000,1.000000,0.001681,PAUSE
3559,0.000000,1.000000,0.001115,PAUSE
3560,0.000000,0.000000,0.008373,PAUSE
3561,0.000000,0.000000,0.048093,PAUSE
3562,1.000000,1.000000,0.025529,PAUSE
3563,0.000000,0.000000,0.049166,PAUSE
3564,0.000000,0.000000,0.135969,PAUSE
3565,1.000000,1.000000,0.065549,PAUSE
3566,1.000000,1.000000,0.028955,PAUSE
3567,1.000000,1.000000,0.012759,PAUSE
3568,1.000000,1.000000,0.005813,PAUSE
3569,0.000000,0.000000,0.012837,PAUSE
3570,0.000000,0.000000,0.058135,PAUSE
3571,1.000000,1.000000,0.030220,PAUSE
3572,1.000000,1.000000,0.014149,PAUSE
3573,0.000000,1.000000,0.006652,PAUSE
3574,0.000000,1.000000,0.003301,PAUSE
3575,0.000000,0.000000,0.011210,PAUSE
3576,0.000000,0.000000,0.055576,PAUSE
3577,1.000000,1.000000,0.029044,PAUSE
3578,1.000000,1.000000,0.013652,PAUSE
3579,0.000000,1.000000,0.006446,PAUSE
3580,1.000000,1.000000,0.003216,PAUSE
3581,1.000000,1.000000,0.001777,PAUSE
3582,0.000000,1.000000,0.001131,PAUSE
3583,0.000000,0.000000,0.008127,PAUSE
3584,1.000000,1.000000,0.005436,PAUSE
3585,0.000000,0.000000,0.022824,PAUSE
3586,0.000000,0.000000,0.088600,PAUSE
3587,0.000000,1.000000,0.044322,PAUSE
3588,0.000000,1.000000,0.020114,PAUSE
3589,0.000000,1.000000,0.009129,PAUSE
3590,1.000000,1.000000,0.004327,PAUSE
3591,0.000000,1.000000,0.002239,PAUSE
3592,1.000000,1.000000,0.001324,PAUSE
3593,0.000000,0.000000,0.008300,PAUSE
3594,1.000000,1.000000,0.005521,PAUSE
3595,0.000000,0.000000,0.022950,PAUSE
3596,0.000000,0.000000,0.088863,PAUSE
3597,1.000000,1.000000,0.044441,PAUSE
3598,0.000000,1.000000,0.020164,PAUSE
3599,0.000000,1.000000,0.009150,PAUSE
3600,1.000000,1.000000,0.004335,PAUSE
3601,0.000000,0.000000,0.011942,PAUSE
3602,1.000000,1.000000,0.007369,PAUSE
3603,1.000000,1.000000,0.004087,PAUSE
3604,0.000000,1.000000,0.002330,PAUSE
3605,1.000000,1.000000,0.001449,PAUSE
3606,1.000000,1.000000,0.001013,PAUSE
3607,0.000000,1.000000,0.000795,PAUSE
3608,0.000000,0.000000,0.007654,PAUSE
3609,0.000000,0.000000,0.045774,PAUSE
3610,0.000000,0.000000,0.141220,PAUSE
3611,0.000000,0.000000,0.288235,PAUSE
3612,1.000000,1.000000,0.132175,PAUSE
3613,0.000000,0.000000,0.123289,PAUSE
3614,0.000000,1.000000,0.057576,PAUSE
3615,0.000000,1.000000,0.025314,PAUSE
3616,0.000000,0.000000,0.031329,PAUSE
3617,1.000000,1.000000,0.016551,PAUSE
3618,0.000000,0.000000,0.036391,PAUSE
3619,0.000000,0.000000,0.113534,PAUSE
3620,1.000000,1.000000,0.055546,PAUSE
3621,0.000000,1.000000,0.024799,PAUSE
3622,0.000000,1.000000,0.011056,PAUSE
3623,0.000000,0.000000,0.018371,PAUSE
3624,1.000000,1.000000,0.010475,PAUSE
3625,1.000000,1.000000,0.005465,PAUSE
3626,1.000000,1.000000,0.002930,PAUSE
3627,0.000000,0.000000,0.011992,PAUSE
3628,1.000000,1.000000,0.007482,PAUSE
3629,0.000000,0.000000,0.026360,PAUSE
3630,1.000000,1.000000,0.014805,PAUSE
3631,0.000000,1.000000,0.007457,PAUSE
3632,0.000000,1.000000,0.003815,PAUSE
3633,1.000000,1.000000,0.002102,PAUSE
3634,0.000000,1.000000,0.001303,PAUSE
3635,1.000000,1.000000,0.000926,PAUSE
3636,1.000000,1.000000,0.000744,PAUSE
3637,0.000000,1.000000,0.000654,PAUSE
3638,0.000000,1.000000,0.000608,PAUSE
3639,0.000000,1.000000,0.000584,PAUSE
3640,0.000000,1.000000,0.000570,PAUSE
3641,1.000000,1.000000,0.000563,PAUSE
3642,1.000000,1.000000,0.000559,PAUSE
3643,1.000000,1.000000,0.000557,PAUSE
3644,0.000000,0.000000,0.006901,PAUSE
3645,0.000000,1.000000,0.004771,PAUSE
3646,0.000000,1.000000,0.002886,PAUSE
3647,0.000000,1.000000,0.001789,PAUSE
3648,0.000000,1.000000,0.001205,PAUSE
3649,1.000000,1.000000,0.000901,PAUSE
3650,0.000000,1.000000,0.000742,PAUSE
3651,1.000000,1.000000,0.000658,PAUSE
3652,0.000000,1.000000,0.000612,PAUSE
3653,0.000000,0.000000,0.007115,PAUSE
3654,1.000000,1.000000,0.004890,PAUSE
3655,0.000000,0.000000,0.021799,PAUSE
3656,0.000000,0.000000,0.086311,PAUSE
3657,1.000000,1.000000,0.043280,PAUSE
3658,1.000000,1.000000,0.019676,PAUSE
3659,0.000000,1.000000,0.008949,PAUSE
3660,0.000000,1.000000,0.004252,PAUSE
3661,1.000000,1.000000,0.002208,PAUSE
3662,1.000000,1.000000,0.001311,PAUSE
3663,1.000000,1.000000,0.000911,PAUSE
3664,0.000000,1.000000,0.000728,PAUSE
3665,1.000000,1.000000,0.000642,PAUSE
3666,0.000000,1.000000,0.000600,PAUSE
3667,1.000000,1.000000,0.000578,PAUSE
3668,0.000000,1.000000,0.000567,PAUSE
3669,0.000000,1.000000,0.000561,PAUSE
3670,0.000000,1.000000,0.000558,PAUSE
3671,0.000000,0.000000,0.006906,PAUSE
3672,0.000000,0.000000,0.043148,PAUSE
3673,0.000000,0.000000,0.136108,PAUSE
3674,0.000000,0.000000,0.281564,PAUSE
3675,0.000000,0.000000,0.447603,PAUSE
3676,0.000000,0.000000,0.601972,ALLOW
3677,0.000000,0.000000,0.727221,ALLOW
3678,0.000000,0.000000,0.819911,ALLOW
3679,0.000000,0.000000,0.884310,ALLOW
3680,0.000000,1.000000,0.382273,PAUSE
3681,0.000000,1.000000,0.157714,PAUSE
3682,0.000000,0.000000,0.096222,PAUSE
3683,1.000000,1.000000,0.043743,PAUSE
3684,1.000000,1.000000,0.019238,PAUSE
3685,0.000000,0.000000,0.025712,PAUSE
3686,0.000000,1.000000,0.013931,PAUSE
3687,0.000000,1.000000,0.006970,PAUSE
3688,0.000000,0.000000,0.018583,PAUSE
3689,0.000000,1.000000,0.010802,PAUSE
3690,1.000000,1.000000,0.005654,PAUSE
3691,0.000000,1.000000,0.003026,PAUSE
3692,1.000000,1.000000,0.001758,PAUSE
3693,0.000000,0.000000,0.009704,PAUSE
3694,0.000000,0.000000,0.052168,PAUSE
3695,0.000000,0.000000,0.153166,PAUSE
3696,0.000000,0.000000,0.303478,PAUSE
3697,0.000000,1.000000,0.138725,PAUSE
3698,0.000000,1.000000,0.059052,PAUSE
3699,0.000000,0.000000,0.051309,PAUSE
3700,1.000000,1.000000,0.025241,PAUSE
3701,1.000000,1.000000,0.011728,PAUSE
3702,0.000000,0.000000,0.022023,PAUSE
3703,1.000000,1.000000,0.012371,PAUSE
3704,0.000000,0.000000,0.032635,PAUSE
3705,1.000000,1.000000,0.017772,PAUSE
3706,0.000000,0.000000,0.039881,PAUSE
3707,1.000000,1.000000,0.021172,PAUSE
3708,0.000000,0.000000,0.043292,PAUSE
3709,0.000000,0.000000,0.126055,PAUSE
3710,0.000000,1.000000,0.061142,PAUSE
3711,0.000000,1.000000,0.027127,PAUSE
3712,0.000000,1.000000,0.012010,PAUSE
3713,1.000000,1.000000,0.005507,PAUSE
3714,1.000000,1.000000,0.002723,PAUSE
3715,0.000000,0.000000,0.009823,PAUSE
3716,1.000000,1.000000,0.006290,PAUSE
3717,0.000000,0.000000,0.024149,PAUSE
3718,0.000000,0.000000,0.091380,PAUSE
3719,0.000000,1.000000,0.045584,PAUSE
3720,0.000000,1.000000,0.020642,PAUSE
3721,1.000000,1.000000,0.009347,PAUSE
3722,0.000000,1.000000,0.004416,PAUSE
3723,0.000000,0.000000,0.011994,PAUSE
3724,1.000000,1.000000,0.007393,PAUSE
3725,0.000000,0.000000,0.025856,PAUSE
3726,0.000000,0.000000,0.094898,PAUSE
3727,0.000000,0.000000,0.223120,PAUSE
3728,1.000000,1.000000,0.104002,PAUSE
3729,0.000000,1.000000,0.044835,PAUSE
3730,0.000000,1.000000,0.019235,PAUSE
3731,0.000000,0.000000,0.022822,PAUSE
3732,0.000000,0.000000,0.075066,PAUSE
3733,0.000000,0.000000,0.189519,PAUSE
3734,0.000000,0.000000,0.346767,PAUSE
3735,0.000000,0.000000,0.511101,ALLOW
3736,0.000000,0.000000,0.655114,ALLOW
3737,0.000000,0.000000,0.767379,ALLOW
3738,0.000000,0.000000,0.848213,ALLOW
3739,0.000000,0.000000,0.903319,ALLOW
3740,0.000000,0.000000,0.939481,ALLOW
3741,1.000000,1.000000,0.405007,PAUSE
3742,1.000000,1.000000,0.166875,PAUSE
3743,0.000000,0.000000,0.100162,PAUSE
3744,0.000000,1.000000,0.045346,PAUSE
3745,0.000000,1.000000,0.019884,PAUSE
3746,1.000000,1.000000,0.008852,PAUSE
3747,0.000000,1.000000,0.004144,PAUSE
3748,0.000000,1.000000,0.002133,PAUSE
3749,0.000000,0.000000,0.009119,PAUSE
3750,0.000000,0.000000,0.049528,PAUSE
3751,0.000000,1.000000,0.026199,PAUSE
3752,1.000000,1.000000,0.012437,PAUSE
3753,1.000000,1.000000,0.005937,PAUSE
3754,0.000000,1.000000,0.003003,PAUSE
3755,0.000000,0.000000,0.010980,PAUSE
3756,1.000000,1.000000,0.006919,PAUSE
3757,0.000000,0.000000,0.025299,PAUSE
3758,0.000000,0.000000,0.093860,PAUSE
3759,0.000000,0.000000,0.221630,PAUSE
3760,1.000000,1.000000,0.103354,PAUSE
3761,0.000000,1.000000,0.044569,PAUSE
3762,1.000000,1.000000,0.019127,PAUSE
3763,0.000000,1.000000,0.008403,PAUSE
3764,1.000000,1.000000,0.003904,PAUSE
3765,1.000000,1.000000,0.002007,PAUSE
3766,1.000000,1.000000,0.001199,PAUSE
3767,0.000000,0.000000,0.007891,PAUSE
3768,0.000000,0.000000,0.046131,PAUSE
3769,0.000000,1.000000,0.024594,PAUSE
3770,1.000000,1.000000,0.011749,PAUSE
3771,1.000000,1.000000,0.005648,PAUSE
3772,0.000000,1.000000,0.002883,PAUSE
3773,1.000000,1.000000,0.001637,PAUSE
3774,1.000000,1.000000,0.001071,PAUSE
3775,0.000000,0.000000,0.008066,PAUSE
3776,1.000000,1.000000,0.005405,PAUSE
3777,0.000000,0.000000,0.022775,PAUSE
3778,1.000000,1.000000,0.013063,PAUSE
3779,1.000000,1.000000,0.006692,PAUSE
3780,0.000000,0.000000,0.018938,PAUSE
3781,0.000000,1.000000,0.011004,PAUSE
3782,1.000000,1.000000,0.005749,PAUSE
3783,0.000000,1.000000,0.003069,PAUSE
3784,1.000000,1.000000,0.001777,PAUSE
3785,0.000000,0.000000,0.009732,PAUSE
3786,1.000000,1.000000,0.006300,PAUSE
3787,0.000000,0.000000,0.024407,PAUSE
3788,1.000000,1.000000,0.013860,PAUSE
3789,0.000000,0.000000,0.035657,PAUSE
3790,0.000000,1.000000,0.019224,PAUSE
3791,1.000000,1.000000,0.009371,PAUSE
3792,0.000000,1.000000,0.004627,PAUSE
3793,0.000000,1.000000,0.002446,PAUSE
3794,0.000000,1.000000,0.001450,PAUSE
3795,1.000000,1.000000,0.000989,PAUSE
3796,1.000000,1.000000,0.000772,PAUSE
3797,0.000000,1.000000,0.000667,PAUSE
3798,0.000000,0.000000,0.007242,PAUSE
3799,0.000000,1.000000,0.004960,PAUSE
3800,0.000000,1.000000,0.002977,PAUSE
3801,0.000000,1.000000,0.001832,PAUSE
3802,1.000000,1.000000,0.001225,PAUSE
3803,0.000000,0.000000,0.008936,PAUSE
3804,0.000000,1.000000,0.005889,PAUSE
3805,1.000000,1.000000,0.003420,PAUSE
3806,0.000000,1.000000,0.002036,PAUSE
3807,0.000000,1.000000,0.001319,PAUSE
3808,0.000000,1.000000,0.000954,PAUSE
3809,1.000000,1.000000,0.000768,PAUSE
3810,0.000000,0.000000,0.007605,PAUSE
3811,1.000000,1.000000,0.005162,PAUSE
3812,0.000000,0.000000,0.022343,PAUSE
3813,0.000000,0.000000,0.087547,PAUSE
3814,0.000000,1.000000,0.043843,PAUSE
3815,0.000000,1.000000,0.019913,PAUSE
3816,0.000000,1.000000,0.009046,PAUSE
3817,0.000000,1.000000,0.004292,PAUSE
3818,0.000000,0.000000,0.011914,PAUSE
3819,0.000000,0.000000,0.056806,PAUSE
3820,0.000000,0.000000,0.161100,PAUSE
3821,0.000000,0.000000,0.313269,PAUSE
3822,1.000000,1.000000,0.142924,PAUSE
3823,0.000000,0.000000,0.129415,PAUSE
3824,0.000000,0.000000,0.220245,PAUSE
3825,0.000000,1.000000,0.102040,PAUSE
3826,1.000000,1.000000,0.043942,PAUSE
3827,1.000000,1.000000,0.018851,PAUSE
3828,0.000000,1.000000,0.008285,PAUSE
3829,0.000000,1.000000,0.003852,PAUSE
3830,0.000000,1.000000,0.001985,PAUSE
3831,1.000000,1.000000,0.001189,PAUSE
3832,0.000000,1.000000,0.000844,PAUSE
3833,0.000000,1.000000,0.000691,PAUSE
3834,1.000000,1.000000,0.000621,PAUSE
3835,0.000000,1.000000,0.000588,PAUSE
3836,0.000000,1.000000,0.000572,PAUSE
3837,1.000000,1.000000,0.000563,PAUSE
3838,1.000000,1.000000,0.000559,PAUSE
3839,0.000000,1.000000,0.000556,PAUSE
3840,0.000000,0.000000,0.006900,PAUSE
3841,1.000000,1.000000,0.004770,PAUSE
3842,0.000000,0.000000,0.021548,PAUSE
3843,1.000000,1.000000,0.012458,PAUSE
3844,1.000000,1.000000,0.006425,PAUSE
3845,0.000000,0.000000,0.018662,PAUSE
3846,1.000000,1.000000,0.010872,PAUSE
3847,0.000000,1.000000,0.005691,PAUSE
3848,0.000000,1.000000,0.003044,PAUSE
3849,0.000000,0.000000,0.012240,PAUSE
3850,0.000000,0.000000,0.059426,PAUSE
3851,0.000000,1.000000,0.030856,PAUSE
3852,0.000000,1.000000,0.014425,PAUSE
3853,0.000000,0.000000,0.025834,PAUSE
3854,0.000000,0.000000,0.088444,PAUSE
3855,0.000000,1.000000,0.044168,PAUSE
3856,0.000000,1.000000,0.020037,PAUSE
3857,0.000000,0.000000,0.029698,PAUSE
3858,1.000000,1.000000,0.015954,PAUSE
3859,0.000000,0.000000,0.036393,PAUSE
3860,0.000000,1.000000,0.019509,PAUSE
3861,0.000000,1.000000,0.009483,PAUSE
3862,0.000000,0.000000,0.021429,PAUSE
3863,1.000000,1.000000,0.012171,PAUSE
3864,1.000000,1.000000,0.006255,PAUSE
3865,0.000000,0.000000,0.018225,PAUSE
3866,1.000000,1.000000,0.010650,PAUSE
3867,1.000000,1.000000,0.005591,PAUSE
3868,0.000000,1.000000,0.003000,PAUSE
3869,0.000000,1.000000,0.001747,PAUSE
3870,0.000000,0.000000,0.009696,PAUSE
3871,0.000000,0.000000,0.052155,PAUSE
3872,0.000000,0.000000,0.153144,PAUSE
3873,1.000000,1.000000,0.073315,PAUSE
3874,0.000000,0.000000,0.086874,PAUSE
3875,1.000000,1.000000,0.042067,PAUSE
3876,1.000000,1.000000,0.018950,PAUSE
3877,1.000000,1.000000,0.008591,PAUSE
3878,0.000000,1.000000,0.004084,PAUSE
3879,0.000000,1.000000,0.002129,PAUSE
3880,0.000000,1.000000,0.001274,PAUSE
3881,0.000000,1.000000,0.000893,PAUSE
3882,0.000000,1.000000,0.000719,PAUSE
3883,1.000000,1.000000,0.000637,PAUSE
3884,0.000000,0.000000,0.007131,PAUSE
3885,0.000000,0.000000,0.043937,PAUSE
3886,0.000000,0.000000,0.137654,PAUSE
3887,0.000000,1.000000,0.066439,PAUSE
3888,1.000000,1.000000,0.029343,PAUSE
3889,0.000000,1.000000,0.012922,PAUSE
3890,0.000000,0.000000,0.019471,PAUSE
3891,1.000000,1.000000,0.010963,PAUSE
3892,0.000000,0.000000,0.030222,PAUSE
3893,0.000000,0.000000,0.102996,PAUSE
3894,0.000000,0.000000,0.234583,PAUSE
3895,0.000000,1.000000,0.108977,PAUSE
3896,0.000000,1.000000,0.046876,PAUSE
3897,1.000000,1.000000,0.020063,PAUSE
3898,1.000000,1.000000,0.008783,PAUSE
3899,0.000000,0.000000,0.014449,PAUSE
3900,0.000000,1.000000,0.008482,PAUSE
3901,0.000000,1.000000,0.004561,PAUSE
3902,1.000000,1.000000,0.002530,PAUSE
3903,1.000000,1.000000,0.001534,PAUSE
3904,0.000000,1.000000,0.001049,PAUSE
3905,0.000000,0.000000,0.008266,PAUSE
3906,0.000000,0.000000,0.047774,PAUSE
3907,0.000000,1.000000,0.025379,PAUSE
3908,1.000000,1.000000,0.012087,PAUSE
3909,0.000000,1.000000,0.005791,PAUSE
3910,0.000000,0.000000,0.014891,PAUSE
3911,0.000000,0.000000,0.064971,PAUSE
3912,0.000000,0.000000,0.175212,PAUSE
3913,0.000000,0.000000,0.330438,PAUSE
3914,0.000000,0.000000,0.495753,PAUSE
3915,0.000000,0.000000,0.642543,ALLOW
3916,1.000000,1.000000,0.281960,PAUSE
3917,1.000000,1.000000,0.117216,PAUSE
3918,1.000000,1.000000,0.048458,PAUSE
3919,0.000000,0.000000,0.036328,PAUSE
3920,0.000000,0.000000,0.085112,PAUSE
3921,0.000000,0.000000,0.200184,PAUSE
3922,1.000000,1.000000,0.093899,PAUSE
3923,0.000000,0.000000,0.100027,PAUSE
3924,0.000000,0.000000,0.194414,PAUSE
3925,0.000000,0.000000,0.343503,PAUSE
3926,1.000000,1.000000,0.155726,PAUSE
3927,0.000000,0.000000,0.136266,PAUSE
3928,0.000000,0.000000,0.225396,PAUSE
3929,0.000000,0.000000,0.372574,PAUSE
3930,0.000000,0.000000,0.530793,ALLOW
3931,1.000000,1.000000,0.235092,PAUSE
3932,0.000000,0.000000,0.178318,PAUSE
3933,0.000000,1.000000,0.080528,PAUSE
3934,0.000000,1.000000,0.034647,PAUSE
3935,0.000000,1.000000,0.014956,PAUSE
3936,0.000000,0.000000,0.019644,PAUSE
3937,0.000000,0.000000,0.069880,PAUSE
3938,1.000000,1.000000,0.035607,PAUSE
3939,1.000000,1.000000,0.016424,PAUSE
3940,0.000000,0.000000,0.027199,PAUSE
3941,0.000000,0.000000,0.090305,PAUSE
3942,0.000000,1.000000,0.045001,PAUSE
3943,0.000000,1.000000,0.020385,PAUSE
3944,0.000000,0.000000,0.029916,PAUSE
3945,0.000000,1.000000,0.016049,PAUSE
3946,0.000000,1.000000,0.007916,PAUSE
3947,1.000000,1.000000,0.003985,PAUSE
3948,0.000000,1.000000,0.002165,PAUSE
3949,0.000000,1.000000,0.001325,PAUSE
3950,0.000000,0.000000,0.008632,PAUSE
3951,0.000000,0.000000,0.048786,PAUSE
3952,0.000000,0.000000,0.146896,PAUSE
3953,0.000000,0.000000,0.295528,PAUSE
3954,1.000000,1.000000,0.135310,PAUSE
3955,1.000000,1.000000,0.057657,PAUSE
3956,0.000000,0.000000,0.050615,PAUSE
3957,1.000000,1.000000,0.024950,PAUSE
3958,0.000000,1.000000,0.011609,PAUSE
3959,1.000000,1.000000,0.005505,PAUSE
3960,0.000000,1.000000,0.002791,PAUSE
3961,1.000000,1.000000,0.001584,PAUSE
3962,0.000000,1.000000,0.001042,PAUSE
3963,1.000000,1.000000,0.000792,PAUSE
3964,0.000000,1.000000,0.000674,PAUSE
3965,0.000000,0.000000,0.007239,PAUSE
3966,0.000000,1.000000,0.004957,PAUSE
3967,0.000000,1.000000,0.002976,PAUSE
3968,0.000000,0.000000,0.014056,PAUSE
3969,0.000000,1.000000,0.008601,PAUSE
3970,0.000000,1.000000,0.004679,PAUSE
3971,1.000000,1.000000,0.002603,PAUSE
3972,1.000000,1.000000,0.001574,PAUSE
3973,0.000000,0.000000,0.009488,PAUSE
3974,0.000000,1.000000,0.006176,PAUSE
3975,1.000000,1.000000,0.003553,PAUSE
3976,0.000000,1.000000,0.002096,PAUSE
3977,1.000000,1.000000,0.001346,PAUSE
3978,0.000000,0.000000,0.009143,PAUSE
3979,0.000000,0.000000,0.050658,PAUSE
3980,0.000000,0.000000,0.150437,PAUSE
3981,1.000000,1.000000,0.072117,PAUSE
3982,0.000000,0.000000,0.086063,PAUSE
3983,1.000000,1.000000,0.041718,PAUSE
3984,0.000000,1.000000,0.018806,PAUSE
3985,0.000000,1.000000,0.008532,PAUSE
3986,0.000000,1.000000,0.004060,PAUSE
3987,0.000000,1.000000,0.002119,PAUSE
3988,1.000000,1.000000,0.001270,PAUSE
3989,1.000000,1.000000,0.000891,PAUSE
3990,0.000000,1.000000,0.000718,PAUSE
3991,0.000000,1.000000,0.000637,PAUSE
3992,0.000000,0.000000,0.007131,PAUSE
3993,1.000000,1.000000,0.004898,PAUSE
3994,1.000000,1.000000,0.002947,PAUSE
3995,0.000000,0.000000,0.014007,PAUSE
3996,0.000000,0.000000,0.065329,PAUSE
3997,1.000000,1.000000,0.033614,PAUSE
3998,0.000000,0.000000,0.056668,PAUSE
3999,0.000000,1.000000,0.028830,PAUSE
4000,1.000000,1.000000,0.013447,PAUSE
4001,0.000000,1.000000,0.006329,PAUSE
4002,0.000000,0.000000,0.015060,PAUSE
4003,0.000000,0.000000,0.064908,PAUSE
4004,0.000000,0.000000,0.174989,PAUSE
4005,1.000000,1.000000,0.082947,PAUSE
4006,1.000000,1.000000,0.036170,PAUSE
4007,1.000000,1.000000,0.015709,PAUSE
4008,0.000000,0.000000,0.020992,PAUSE
4009,0.000000,1.000000,0.011625,PAUSE
4010,0.000000,1.000000,0.005949,PAUSE
4011,1.000000,1.000000,0.003132,PAUSE
4012,1.000000,1.000000,0.001795,PAUSE
4013,0.000000,1.000000,0.001164,PAUSE
4014,1.000000,1.000000,0.000862,PAUSE
4015,0.000000,1.000000,0.000714,PAUSE
4016,0.000000,0.000000,0.007389,PAUSE
4017,0.000000,1.000000,0.005041,PAUSE
4018,1.000000,1.000000,0.003016,PAUSE
4019,0.000000,1.000000,0.001850,PAUSE
4020,0.000000,1.000000,0.001234,PAUSE
4021,1.000000,1.000000,0.000915,PAUSE
4022,0.000000,1.000000,0.000749,PAUSE
4023,0.000000,0.000000,0.007562,PAUSE
4024,0.000000,0.000000,0.045477,PAUSE
4025,1.000000,1.000000,0.024288,PAUSE
4026,0.000000,0.000000,0.047939,PAUSE
4027,0.000000,0.000000,0.134165,PAUSE
4028,1.000000,1.000000,0.064752,PAUSE
4029,0.000000,0.000000,0.080618,PAUSE
4030,1.000000,1.000000,0.039347,PAUSE
4031,0.000000,0.000000,0.057619,PAUSE
4032,1.000000,1.000000,0.029095,PAUSE
4033,1.000000,1.000000,0.013532,PAUSE
4034,1.000000,1.000000,0.006356,PAUSE
4035,0.000000,1.000000,0.003164,PAUSE
4036,1.000000,1.000000,0.001749,PAUSE
4037,0.000000,1.000000,0.001115,PAUSE
4038,1.000000,1.000000,0.000826,PAUSE
4039,1.000000,1.000000,0.000690,PAUSE
4040,0.000000,0.000000,0.007275,PAUSE
4041,1.000000,1.000000,0.004977,PAUSE
4042,0.000000,1.000000,0.002985,PAUSE
4043,0.000000,1.000000,0.001835,PAUSE
4044,1.000000,1.000000,0.001227,PAUSE
4045,1.000000,1.000000,0.000911,PAUSE
4046,1.000000,1.000000,0.000747,PAUSE
4047,1.000000,1.000000,0.000660,PAUSE
4048,0.000000,0.000000,0.007280,PAUSE
4049,0.000000,0.000000,0.044493,PAUSE
4050,0.000000,1.000000,0.023819,PAUSE
4051,1.000000,1.000000,0.011416,PAUSE
4052,0.000000,1.000000,0.005509,PAUSE
4053,1.000000,1.000000,0.002824,PAUSE
4054,0.000000,1.000000,0.001613,PAUSE
4055,0.000000,1.000000,0.001061,PAUSE
4056,0.000000,0.000000,0.008055,PAUSE
4057,0.000000,0.000000,0.046953,PAUSE
4058,0.000000,0.000000,0.143444,PAUSE
4059,0.000000,1.000000,0.069014,PAUSE
4060,0.000000,1.000000,0.030410,PAUSE
4061,1.000000,1.000000,0.013358,PAUSE
4062,1.000000,1.000000,0.006059,PAUSE
4063,1.000000,1.000000,0.002950,PAUSE
4064,0.000000,0.000000,0.009969,PAUSE
4065,0.000000,1.000000,0.006358,PAUSE
4066,0.000000,1.000000,0.003623,PAUSE
4067,0.000000,1.000000,0.002122,PAUSE
4068,1.000000,1.000000,0.001356,PAUSE
4069,0.000000,1.000000,0.000971,PAUSE
4070,0.000000,0.000000,0.008155,PAUSE
4071,0.000000,1.000000,0.005462,PAUSE
4072,1.000000,1.000000,0.003217,PAUSE
4073,0.000000,1.000000,0.001943,PAUSE
4074,0.000000,1.000000,0.001276,PAUSE
4075,0.000000,1.000000,0.000935,PAUSE
4076,0.000000,0.000000,0.008096,PAUSE
4077,0.000000,0.000000,0.047282,PAUSE
4078,1.000000,1.000000,0.025146,PAUSE
4079,0.000000,0.000000,0.048792,PAUSE
4080,0.000000,1.000000,0.025287,PAUSE
4081,0.000000,1.000000,0.011956,PAUSE
4082,0.000000,1.000000,0.005710,PAUSE
4083,0.000000,1.000000,0.002899,PAUSE
4084,1.000000,1.000000,0.001640,PAUSE
4085,0.000000,1.000000,0.001070,PAUSE
4086,0.000000,0.000000,0.008044,PAUSE
4087,1.000000,1.000000,0.005392,PAUSE
4088,0.000000,0.000000,0.022749,PAUSE
4089,1.000000,1.000000,0.013049,PAUSE
4090,0.000000,0.000000,0.034679,PAUSE
4091,0.000000,0.000000,0.112225,PAUSE
4092,1.000000,1.000000,0.054984,PAUSE
4093,0.000000,0.000000,0.073717,PAUSE
4094,1.000000,1.000000,0.036351,PAUSE
4095,0.000000,0.000000,0.055581,PAUSE
4096,0.000000,1.000000,0.028207,PAUSE
4097,0.000000,1.000000,0.013163,PAUSE
4098,1.000000,1.000000,0.006205,PAUSE
4099,0.000000,1.000000,0.003101,PAUSE
4100,0.000000,1.000000,0.001723,PAUSE
4101,1.000000,1.000000,0.001105,PAUSE
4102,0.000000,0.000000,0.008070,PAUSE
4103,0.000000,0.000000,0.046950,PAUSE
4104,0.000000,1.000000,0.024986,PAUSE
4105,0.000000,1.000000,0.011918,PAUSE
4106,1.000000,1.000000,0.005719,PAUSE
4107,1.000000,1.000000,0.002912,PAUSE
4108,0.000000,1.000000,0.001650,PAUSE
4109,0.000000,1.000000,0.001077,PAUSE
4110,1.000000,1.000000,0.000811,PAUSE
4111,0.000000,0.000000,0.007559,PAUSE
4112,0.000000,1.000000,0.005133,PAUSE
4113,1.000000,1.000000,0.003059,PAUSE
4114,0.000000,1.000000,0.001870,PAUSE
4115,0.000000,0.000000,0.010686,PAUSE
4116,1.000000,1.000000,0.006826,PAUSE
4117,0.000000,1.000000,0.003859,PAUSE
4118,1.000000,1.000000,0.002235,PAUSE
4119,0.000000,1.000000,0.001410,PAUSE
4120,0.000000,0.000000,0.009246,PAUSE
4121,1.000000,1.000000,0.006051,PAUSE
4122,0.000000,0.000000,0.024007,PAUSE
4123,0.000000,0.000000,0.091219,PAUSE
4124,0.000000,0.000000,0.217758,PAUSE
4125,1.000000,1.000000,0.101670,PAUSE
4126,1.000000,1.000000,0.043877,PAUSE
4127,0.000000,1.000000,0.018846,PAUSE
4128,1.000000,1.000000,0.008289,PAUSE
4129,1.000000,1.000000,0.003858,PAUSE
4130,0.000000,1.000000,0.001988,PAUSE
4131,0.000000,0.000000,0.008747,PAUSE
4132,1.000000,1.000000,0.005731,PAUSE
4133,0.000000,0.000000,0.023207,PAUSE
4134,0.000000,1.000000,0.013270,PAUSE
4135,0.000000,1.000000,0.006783,PAUSE
4136,0.000000,1.000000,0.003525,PAUSE
4137,0.000000,1.000000,0.001978,PAUSE
4138,0.000000,0.000000,0.009990,PAUSE
4139,1.000000,1.000000,0.006432,PAUSE
4140,0.000000,0.000000,0.024614,PAUSE
4141,0.000000,0.000000,0.092488,PAUSE
4142,1.000000,1.000000,0.046088,PAUSE
4143,0.000000,0.000000,0.067018,PAUSE
4144,1.000000,1.000000,0.033418,PAUSE
4145,0.000000,0.000000,0.053493,PAUSE
4146,1.000000,1.000000,0.027291,PAUSE
4147,0.000000,0.000000,0.048372,PAUSE
4148,0.000000,1.000000,0.025005,PAUSE
4149,1.000000,1.000000,0.011821,PAUSE
4150,0.000000,1.000000,0.005649,PAUSE
4151,0.000000,1.000000,0.002872,PAUSE
4152,0.000000,1.000000,0.001628,PAUSE
4153,0.000000,0.000000,0.008961,PAUSE
4154,1.000000,1.000000,0.005876,PAUSE
4155,0.000000,0.000000,0.023599,PAUSE
4156,0.000000,0.000000,0.090287,PAUSE
4157,0.000000,1.000000,0.045089,PAUSE
4158,0.000000,1.000000,0.020435,PAUSE
4159,0.000000,0.000000,0.030019,PAUSE
4160,0.000000,1.000000,0.016100,PAUSE
4161,0.000000,1.000000,0.007938,PAUSE
4162,0.000000,1.000000,0.003995,PAUSE
4163,0.000000,0.000000,0.013066,PAUSE
4164,0.000000,0.000000,0.061068,PAUSE
4165,1.000000,1.000000,0.031614,PAUSE
4166,0.000000,0.000000,0.054834,PAUSE
4167,0.000000,1.000000,0.028008,PAUSE
4168,0.000000,1.000000,0.013102,PAUSE
4169,0.000000,1.000000,0.006186,PAUSE
4170,0.000000,1.000000,0.003096,PAUSE
4171,1.000000,1.000000,0.001722,PAUSE
4172,1.000000,1.000000,0.001105,PAUSE
4173,0.000000,0.000000,0.008076,PAUSE
4174,0.000000,0.000000,0.046972,PAUSE
4175,0.000000,0.000000,0.143470,PAUSE
4176,0.000000,0.000000,0.291132,PAUSE
4177,0.000000,1.000000,0.133420,PAUSE
4178,1.000000,1.000000,0.056885,PAUSE
4179,0.000000,1.000000,0.024122,PAUSE
4180,1.000000,1.000000,0.010425,PAUSE
4181,1.000000,1.000000,0.004723,PAUSE
4182,0.000000,0.000000,0.010940,PAUSE
4183,0.000000,0.000000,0.052824,PAUSE
4184,0.000000,0.000000,0.153694,PAUSE
4185,0.000000,0.000000,0.303980,PAUSE
4186,1.000000,1.000000,0.138938,PAUSE
4187,0.000000,0.000000,0.127154,PAUSE
4188,0.000000,1.000000,0.059203,PAUSE
4189,0.000000,1.000000,0.025978,PAUSE
4190,0.000000,0.000000,0.031669,PAUSE
4191,0.000000,0.000000,0.093581,PAUSE
4192,0.000000,0.000000,0.217765,PAUSE
4193,0.000000,0.000000,0.378785,PAUSE
4194,0.000000,0.000000,0.540741,ALLOW
4195,0.000000,1.000000,0.239337,PAUSE
4196,0.000000,1.000000,0.099960,PAUSE
4197,0.000000,0.000000,0.070659,PAUSE
4198,0.000000,0.000000,0.129034,PAUSE
4199,0.000000,0.000000,0.257326,PAUSE
4200,0.000000,0.000000,0.418588,PAUSE
4201,0.000000,0.000000,0.575558,ALLOW
4202,1.000000,1.000000,0.253929,PAUSE
4203,0.000000,0.000000,0.187903,PAUSE
4204,1.000000,1.000000,0.084496,PAUSE
4205,0.000000,1.000000,0.036255,PAUSE
4206,0.000000,1.000000,0.015605,PAUSE
4207,0.000000,1.000000,0.006924,PAUSE
4208,1.000000,1.000000,0.003281,PAUSE
4209,0.000000,1.000000,0.001743,PAUSE
4210,0.000000,0.000000,0.008485,PAUSE
4211,0.000000,0.000000,0.047665,PAUSE
4212,0.000000,0.000000,0.144650,PAUSE
4213,0.000000,0.000000,0.292618,PAUSE
4214,0.000000,0.000000,0.458738,PAUSE
4215,1.000000,1.000000,0.204804,PAUSE
4216,1.000000,1.000000,0.085953,PAUSE
4217,1.000000,1.000000,0.035866,PAUSE
4218,0.000000,0.000000,0.030725,PAUSE
4219,0.000000,0.000000,0.081445,PAUSE
4220,1.000000,1.000000,0.040749,PAUSE
4221,0.000000,0.000000,0.061864,PAUSE
4222,0.000000,0.000000,0.152517,PAUSE
4223,0.000000,1.000000,0.072816,PAUSE
4224,1.000000,1.000000,0.031956,PAUSE
4225,0.000000,1.000000,0.013983,PAUSE
4226,0.000000,0.000000,0.020011,PAUSE
4227,0.000000,0.000000,0.072067,PAUSE
4228,0.000000,0.000000,0.185582,PAUSE
4229,0.000000,0.000000,0.342393,PAUSE
4230,0.000000,1.000000,0.155382,PAUSE
4231,0.000000,1.000000,0.065848,PAUSE
4232,1.000000,1.000000,0.027748,PAUSE
4233,1.000000,1.000000,0.011890,PAUSE
4234,1.000000,1.000000,0.005314,PAUSE
4235,0.000000,0.000000,0.011235,PAUSE
4236,1.000000,1.000000,0.006915,PAUSE
4237,0.000000,0.000000,0.024729,PAUSE
4238,0.000000,0.000000,0.092359,PAUSE
4239,1.000000,1.000000,0.046025,PAUSE
4240,1.000000,1.000000,0.020827,PAUSE
4241,0.000000,1.000000,0.009423,PAUSE
4242,0.000000,1.000000,0.004447,PAUSE
4243,0.000000,0.000000,0.012014,PAUSE
4244,0.000000,0.000000,0.056963,PAUSE
4245,1.000000,1.000000,0.029684,PAUSE
4246,1.000000,1.000000,0.013923,PAUSE
4247,1.000000,1.000000,0.006559,PAUSE
4248,1.000000,1.000000,0.003263,PAUSE
4249,1.000000,1.000000,0.001797,PAUSE
4250,1.000000,1.000000,0.001139,PAUSE
4251,0.000000,0.000000,0.008135,PAUSE
4252,0.000000,0.000000,0.047152,PAUSE
4253,0.000000,1.000000,0.025082,PAUSE
4254,0.000000,1.000000,0.011959,PAUSE
4255,1.000000,1.000000,0.005737,PAUSE
4256,0.000000,1.000000,0.002920,PAUSE
4257,0.000000,0.000000,0.010913,PAUSE
4258,1.000000,1.000000,0.006887,PAUSE
4259,0.000000,1.000000,0.003875,PAUSE
4260,0.000000,1.000000,0.002239,PAUSE
4261,0.000000,1.000000,0.001410,PAUSE
4262,1.000000,1.000000,0.000995,PAUSE
4263,0.000000,0.000000,0.008202,PAUSE
4264,1.000000,1.000000,0.005488,PAUSE
4265,0.000000,0.000000,0.022969,PAUSE
4266,1.000000,1.000000,0.013158,PAUSE
4267,0.000000,0.000000,0.034816,PAUSE
4268,0.000000,1.000000,0.018832,PAUSE
4269,1.000000,1.000000,0.009203,PAUSE
4270,0.000000,1.000000,0.004556,PAUSE
4271,0.000000,0.000000,0.013749,PAUSE
4272,1.000000,1.000000,0.008346,PAUSE
4273,0.000000,0.000000,0.027539,PAUSE
4274,0.000000,0.000000,0.098425,PAUSE
4275,1.000000,1.000000,0.048774,PAUSE
4276,0.000000,0.000000,0.069083,PAUSE
4277,1.000000,1.000000,0.034325,PAUSE
4278,1.000000,1.000000,0.015742,PAUSE
4279,0.000000,0.000000,0.025952,PAUSE
4280,1.000000,1.000000,0.014222,PAUSE
4281,1.000000,1.000000,0.007131,PAUSE
4282,0.000000,0.000000,0.018948,PAUSE
4283,1.000000,1.000000,0.010986,PAUSE
4284,0.000000,0.000000,0.031353,PAUSE
4285,1.000000,1.000000,0.017184,PAUSE
4286,0.000000,0.000000,0.039333,PAUSE
4287,0.000000,0.000000,0.119980,PAUSE
4288,0.000000,0.000000,0.257933,PAUSE
4289,0.000000,0.000000,0.422709,PAUSE
4290,1.000000,1.000000,0.189552,PAUSE
4291,0.000000,0.000000,0.154873,PAUSE
4292,0.000000,0.000000,0.239781,PAUSE
4293,0.000000,0.000000,0.385157,PAUSE
4294,1.000000,1.000000,0.173344,PAUSE
4295,0.000000,0.000000,0.145606,PAUSE
4296,1.000000,1.000000,0.066908,PAUSE
4297,0.000000,0.000000,0.073962,PAUSE
4298,0.000000,0.000000,0.160087,PAUSE
4299,1.000000,1.000000,0.075995,PAUSE
4300,0.000000,0.000000,0.087666,PAUSE
4301,0.000000,1.000000,0.042363,PAUSE
4302,0.000000,1.000000,0.019065,PAUSE
4303,0.000000,0.000000,0.027903,PAUSE
4304,1.000000,1.000000,0.015075,PAUSE
4305,0.000000,0.000000,0.035326,PAUSE
4306,1.000000,1.000000,0.019011,PAUSE
4307,0.000000,0.000000,0.041050,PAUSE
4308,1.000000,1.000000,0.021704,PAUSE
4309,0.000000,1.000000,0.010428,PAUSE
4310,0.000000,1.000000,0.005070,PAUSE
4311,0.000000,0.000000,0.014147,PAUSE
4312,1.000000,1.000000,0.008533,PAUSE
4313,0.000000,0.000000,0.027754,PAUSE
4314,0.000000,0.000000,0.098814,PAUSE
4315,0.000000,0.000000,0.228802,PAUSE
4316,0.000000,0.000000,0.391796,PAUSE
4317,0.000000,0.000000,0.552788,ALLOW
4318,1.000000,1.000000,0.244398,PAUSE
4319,1.000000,1.000000,0.102011,PAUSE
4320,0.000000,0.000000,0.071595,PAUSE
4321,1.000000,1.000000,0.033667,PAUSE
4322,0.000000,0.000000,0.047517,PAUSE
4323,0.000000,0.000000,0.126290,PAUSE
4324,1.000000,1.000000,0.061150,PAUSE
4325,0.000000,1.000000,0.027117,PAUSE
4326,1.000000,1.000000,0.012003,PAUSE
4327,1.000000,1.000000,0.005503,PAUSE
4328,1.000000,1.000000,0.002721,PAUSE
4329,0.000000,1.000000,0.001523,PAUSE
4330,1.000000,1.000000,0.000999,PAUSE
4331,1.000000,1.000000,0.000765,PAUSE
4332,1.000000,1.000000,0.000658,PAUSE
4333,1.000000,1.000000,0.000607,PAUSE
4334,1.000000,1.000000,0.000582,PAUSE
4335,0.000000,0.000000,0.006982,PAUSE
4336,0.000000,0.000000,0.043422,PAUSE
4337,1.000000,1.000000,0.023307,PAUSE
4338,0.000000,1.000000,0.011196,PAUSE
4339,0.000000,1.000000,0.005416,PAUSE
4340,0.000000,0.000000,0.014595,PAUSE
4341,0.000000,1.000000,0.008756,PAUSE
4342,0.000000,1.000000,0.004725,PAUSE
4343,1.000000,1.000000,0.002616,PAUSE
4344,0.000000,0.000000,0.011706,PAUSE
4345,0.000000,1.000000,0.007343,PAUSE
4346,0.000000,1.000000,0.004094,PAUSE
4347,0.000000,1.000000,0.002340,PAUSE
4348,0.000000,1.000000,0.001456,PAUSE
4349,0.000000,1.000000,0.001017,PAUSE
4350,1.000000,1.000000,0.000797,PAUSE
4351,1.000000,1.000000,0.000685,PAUSE
4352,0.000000,1.000000,0.000626,PAUSE
4353,1.000000,1.000000,0.000594,PAUSE
4354,0.000000,1.000000,0.000576,PAUSE
4355,0.000000,1.000000,0.000567,PAUSE
4356,0.000000,0.000000,0.006943,PAUSE
4357,1.000000,1.000000,0.004794,PAUSE
4358,0.000000,0.000000,0.021598,PAUSE
4359,0.000000,1.000000,0.012484,PAUSE
4360,1.000000,1.000000,0.006436,PAUSE
4361,1.000000,1.000000,0.003376,PAUSE
4362,0.000000,1.000000,0.001914,PAUSE
4363,1.000000,1.000000,0.001221,PAUSE
4364,0.000000,1.000000,0.000890,PAUSE
4365,0.000000,0.000000,0.007828,PAUSE
4366,0.000000,1.000000,0.005281,PAUSE
4367,1.000000,1.000000,0.003131,PAUSE
4368,1.000000,1.000000,0.001903,PAUSE
4369,0.000000,1.000000,0.001258,PAUSE
4370,0.000000,0.000000,0.008995,PAUSE
4371,0.000000,0.000000,0.050227,PAUSE
4372,0.000000,0.000000,0.149646,PAUSE
4373,1.000000,1.000000,0.071767,PAUSE
4374,0.000000,0.000000,0.085824,PAUSE
4375,0.000000,1.000000,0.041615,PAUSE
4376,0.000000,0.000000,0.059179,PAUSE
4377,1.000000,1.000000,0.029775,PAUSE
4378,0.000000,1.000000,0.013815,PAUSE
4379,1.000000,1.000000,0.006473,PAUSE
4380,0.000000,0.000000,0.015091,PAUSE
4381,0.000000,0.000000,0.064847,PAUSE
4382,0.000000,0.000000,0.174853,PAUSE
4383,0.000000,1.000000,0.082887,PAUSE
4384,0.000000,1.000000,0.036145,PAUSE
4385,1.000000,1.000000,0.015699,PAUSE
4386,0.000000,1.000000,0.007012,PAUSE
4387,0.000000,1.000000,0.003338,PAUSE
4388,0.000000,0.000000,0.010198,PAUSE
4389,0.000000,0.000000,0.051920,PAUSE
4390,0.000000,0.000000,0.152332,PAUSE
4391,1.000000,1.000000,0.072952,PAUSE
4392,0.000000,0.000000,0.086616,PAUSE
4393,0.000000,0.000000,0.181460,PAUSE
4394,0.000000,0.000000,0.330406,PAUSE
4395,0.000000,0.000000,0.493616,PAUSE
4396,0.000000,0.000000,0.640129,ALLOW
4397,0.000000,0.000000,0.755989,ALLOW
4398,0.000000,0.000000,0.840182,ALLOW
4399,0.000000,0.000000,0.897931,ALLOW
4400,0.000000,0.000000,0.935987,ALLOW
4401,0.000000,0.000000,0.960374,ALLOW
4402,0.000000,1.000000,0.413601,PAUSE
4403,1.000000,1.000000,0.170336,PAUSE
4404,0.000000,0.000000,0.101644,PAUSE
4405,0.000000,1.000000,0.045948,PAUSE
4406,1.000000,1.000000,0.020127,PAUSE
4407,1.000000,1.000000,0.008950,PAUSE
4408,0.000000,1.000000,0.004183,PAUSE
4409,0.000000,0.000000,0.011216,PAUSE
4410,0.000000,0.000000,0.054497,PAUSE
4411,0.000000,1.000000,0.028526,PAUSE
4412,0.000000,1.000000,0.013429,PAUSE
4413,0.000000,0.000000,0.025064,PAUSE
4414,0.000000,1.000000,0.013871,PAUSE
4415,0.000000,0.000000,0.034538,PAUSE
4416,1.000000,1.000000,0.018665,PAUSE
4417,0.000000,0.000000,0.040785,PAUSE
4418,1.000000,1.000000,0.021586,PAUSE
4419,1.000000,1.000000,0.010379,PAUSE
4420,0.000000,0.000000,0.022190,PAUSE
4421,0.000000,1.000000,0.012524,PAUSE
4422,1.000000,1.000000,0.006408,PAUSE
4423,0.000000,1.000000,0.003350,PAUSE
4424,0.000000,1.000000,0.001897,PAUSE
4425,0.000000,0.000000,0.009853,PAUSE
4426,0.000000,1.000000,0.006360,PAUSE
4427,0.000000,0.000000,0.024494,PAUSE
4428,0.000000,1.000000,0.013902,PAUSE
4429,1.000000,1.000000,0.007062,PAUSE
4430,0.000000,0.000000,0.019308,PAUSE
4431,1.000000,1.000000,0.011180,PAUSE
4432,0.000000,0.000000,0.031663,PAUSE
4433,0.000000,0.000000,0.106403,PAUSE
4434,0.000000,0.000000,0.239536,PAUSE
4435,0.000000,0.000000,0.403358,PAUSE
4436,1.000000,1.000000,0.181347,PAUSE
4437,0.000000,0.000000,0.150510,PAUSE
4438,0.000000,0.000000,0.236572,PAUSE
4439,0.000000,0.000000,0.382443,PAUSE
4440,0.000000,0.000000,0.539103,ALLOW
4441,0.000000,0.000000,0.676213,ALLOW
4442,0.000000,1.000000,0.295974,PAUSE
4443,1.000000,1.000000,0.122879,PAUSE
4444,1.000000,1.000000,0.050735,PAUSE
4445,0.000000,0.000000,0.037319,PAUSE
4446,0.000000,1.000000,0.018451,PAUSE
4447,0.000000,0.000000,0.034889,PAUSE
4448,0.000000,0.000000,0.108350,PAUSE
4449,0.000000,0.000000,0.241140,PAUSE
4450,0.000000,1.000000,0.111806,PAUSE
4451,1.000000,1.000000,0.048034,PAUSE
4452,0.000000,1.000000,0.020533,PAUSE
4453,0.000000,0.000000,0.023471,PAUSE
4454,0.000000,0.000000,0.075665,PAUSE
4455,0.000000,0.000000,0.190251,PAUSE
4456,0.000000,0.000000,0.347561,PAUSE
4457,0.000000,0.000000,0.511832,ALLOW
4458,1.000000,1.000000,0.227186,PAUSE
4459,1.000000,1.000000,0.095035,PAUSE
4460,1.000000,1.000000,0.039527,PAUSE
4461,1.000000,1.000000,0.016635,PAUSE
4462,0.000000,0.000000,0.018163,PAUSE
4463,0.000000,0.000000,0.063226,PAUSE
4464,0.000000,0.000000,0.169831,PAUSE
4465,0.000000,1.000000,0.080649,PAUSE
4466,0.000000,1.000000,0.035218,PAUSE
4467,0.000000,0.000000,0.038853,PAUSE
4468,0.000000,1.000000,0.019954,PAUSE
4469,0.000000,0.000000,0.039465,PAUSE
4470,0.000000,0.000000,0.118140,PAUSE
4471,1.000000,1.000000,0.057594,PAUSE
4472,0.000000,0.000000,0.075509,PAUSE
4473,0.000000,0.000000,0.169268,PAUSE
4474,1.000000,1.000000,0.080132,PAUSE
4475,1.000000,1.000000,0.034970,PAUSE
4476,0.000000,1.000000,0.015211,PAUSE
4477,1.000000,1.000000,0.006810,PAUSE
4478,1.000000,1.000000,0.003255,PAUSE
4479,0.000000,0.000000,0.010136,PAUSE
4480,1.000000,1.000000,0.006432,PAUSE
4481,0.000000,0.000000,0.024295,PAUSE
4482,0.000000,1.000000,0.013797,PAUSE
4483,1.000000,1.000000,0.007014,PAUSE
4484,0.000000,1.000000,0.003624,PAUSE
4485,0.000000,0.000000,0.012910,PAUSE
4486,1.000000,1.000000,0.007943,PAUSE
4487,0.000000,0.000000,0.027033,PAUSE
4488,0.000000,1.000000,0.015128,PAUSE
4489,0.000000,0.000000,0.037112,PAUSE
4490,0.000000,1.000000,0.019900,PAUSE
4491,0.000000,1.000000,0.009661,PAUSE
4492,0.000000,1.000000,0.004749,PAUSE
4493,1.000000,1.000000,0.002497,PAUSE
4494,1.000000,1.000000,0.001471,PAUSE
4495,0.000000,1.000000,0.000999,PAUSE
4496,0.000000,1.000000,0.000776,PAUSE
4497,0.000000,0.000000,0.007504,PAUSE
4498,0.000000,1.000000,0.005103,PAUSE
4499,0.000000,0.000000,0.022215,PAUSE
4500,0.000000,1.000000,0.012788,PAUSE
4501,0.000000,0.000000,0.034357,PAUSE
4502,0.000000,0.000000,0.111662,PAUSE
4503,0.000000,0.000000,0.246864,PAUSE
4504,0.000000,0.000000,0.411158,PAUSE
4505,0.000000,0.000000,0.570063,ALLOW
4506,0.000000,1.000000,0.251643,PAUSE
4507,0.000000,1.000000,0.104946,PAUSE
4508,0.000000,1.000000,0.043519,PAUSE
4509,0.000000,0.000000,0.034154,PAUSE
4510,1.000000,1.000000,0.017151,PAUSE
4511,0.000000,0.000000,0.034207,PAUSE
4512,0.000000,0.000000,0.107741,PAUSE
4513,1.000000,1.000000,0.052923,PAUSE
4514,0.000000,1.000000,0.023704,PAUSE
4515,1.000000,1.000000,0.010605,PAUSE
4516,0.000000,1.000000,0.004932,PAUSE
4517,0.000000,0.000000,0.012313,PAUSE
4518,1.000000,1.000000,0.007538,PAUSE
4519,1.000000,1.000000,0.004160,PAUSE
4520,0.000000,1.000000,0.002361,PAUSE
4521,0.000000,1.000000,0.001463,PAUSE
4522,0.000000,1.000000,0.001019,PAUSE
4523,0.000000,0.000000,0.008233,PAUSE
4524,0.000000,0.000000,0.047692,PAUSE
4525,0.000000,0.000000,0.144877,PAUSE
4526,0.000000,1.000000,0.069651,PAUSE
4527,1.000000,1.000000,0.030674,PAUSE
4528,0.000000,1.000000,0.013466,PAUSE
4529,0.000000,1.000000,0.006103,PAUSE
4530,0.000000,1.000000,0.002968,PAUSE
4531,0.000000,0.000000,0.009980,PAUSE
4532,0.000000,1.000000,0.006363,PAUSE
4533,1.000000,1.000000,0.003625,PAUSE
4534,1.000000,1.000000,0.002123,PAUSE
4535,0.000000,0.000000,0.011042,PAUSE
4536,0.000000,1.000000,0.007007,PAUSE
4537,0.000000,0.000000,0.025673,PAUSE
4538,0.000000,1.000000,0.014476,PAUSE
4539,0.000000,0.000000,0.036383,PAUSE
4540,1.000000,1.000000,0.019562,PAUSE
4541,0.000000,1.000000,0.009516,PAUSE
4542,1.000000,1.000000,0.004688,PAUSE
4543,1.000000,1.000000,0.002472,PAUSE
4544,0.000000,1.000000,0.001460,PAUSE
4545,1.000000,1.000000,0.000994,PAUSE
4546,0.000000,0.000000,0.007963,PAUSE
4547,0.000000,0.000000,0.046692,PAUSE
4548,1.000000,1.000000,0.024864,PAUSE
4549,0.000000,0.000000,0.048508,PAUSE
4550,0.000000,0.000000,0.135004,PAUSE
4551,0.000000,0.000000,0.277378,PAUSE
4552,1.000000,1.000000,0.127463,PAUSE
4553,0.000000,0.000000,0.120478,PAUSE
4554,0.000000,1.000000,0.056386,PAUSE
4555,1.000000,1.000000,0.024827,PAUSE
4556,0.000000,1.000000,0.010983,PAUSE
4557,1.000000,1.000000,0.005057,PAUSE
4558,0.000000,1.000000,0.002526,PAUSE
4559,1.000000,1.000000,0.001436,PAUSE
4560,0.000000,0.000000,0.008315,PAUSE
4561,0.000000,1.000000,0.005522,PAUSE
4562,0.000000,1.000000,0.003240,PAUSE
4563,0.000000,0.000000,0.014457,PAUSE
4564,0.000000,1.000000,0.008802,PAUSE
4565,1.000000,1.000000,0.004769,PAUSE
4566,1.000000,1.000000,0.002643,PAUSE
4567,0.000000,0.000000,0.011796,PAUSE
4568,0.000000,0.000000,0.058402,PAUSE
4569,0.000000,1.000000,0.030380,PAUSE
4570,0.000000,1.000000,0.014223,PAUSE
4571,0.000000,0.000000,0.025685,PAUSE
4572,0.000000,0.000000,0.088227,PAUSE
4573,0.000000,0.000000,0.211634,PAUSE
4574,0.000000,0.000000,0.372443,PAUSE
4575,1.000000,1.000000,0.168200,PAUSE
4576,1.000000,1.000000,0.071070,PAUSE
4577,0.000000,0.000000,0.057167,PAUSE
4578,0.000000,1.000000,0.027691,PAUSE
4579,1.000000,1.000000,0.012730,PAUSE
4580,1.000000,1.000000,0.005962,PAUSE
4581,1.000000,1.000000,0.002976,PAUSE
4582,0.000000,1.000000,0.001660,PAUSE
4583,1.000000,1.000000,0.001073,PAUSE
4584,0.000000,1.000000,0.000805,PAUSE
4585,1.000000,1.000000,0.000680,PAUSE
4586,0.000000,0.000000,0.007244,PAUSE
4587,1.000000,1.000000,0.004960,PAUSE
4588,0.000000,1.000000,0.002977,PAUSE
4589,0.000000,0.000000,0.014058,PAUSE
4590,0.000000,1.000000,0.008602,PAUSE
4591,0.000000,0.000000,0.028312,PAUSE
4592,0.000000,0.000000,0.100179,PAUSE
4593,0.000000,0.000000,0.230823,PAUSE
4594,0.000000,0.000000,0.394005,PAUSE
4595,1.000000,1.000000,0.177376,PAUSE
4596,1.000000,1.000000,0.074806,PAUSE
4597,0.000000,0.000000,0.058955,PAUSE
4598,0.000000,0.000000,0.121079,PAUSE
4599,0.000000,0.000000,0.250108,PAUSE
4600,0.000000,1.000000,0.115573,PAUSE
4601,0.000000,0.000000,0.113212,PAUSE
4602,1.000000,1.000000,0.053301,PAUSE
4603,0.000000,0.000000,0.066364,PAUSE
4604,0.000000,1.000000,0.032863,PAUSE
4605,0.000000,1.000000,0.015089,PAUSE
4606,0.000000,1.000000,0.006994,PAUSE
4607,0.000000,0.000000,0.015393,PAUSE
4608,0.000000,1.000000,0.009098,PAUSE
4609,0.000000,0.000000,0.028321,PAUSE
4610,0.000000,0.000000,0.099775,PAUSE
4611,0.000000,0.000000,0.230135,PAUSE
4612,0.000000,0.000000,0.393231,PAUSE
4613,0.000000,1.000000,0.177047,PAUSE
4614,0.000000,1.000000,0.074672,PAUSE
4615,0.000000,0.000000,0.058891,PAUSE
4616,1.000000,1.000000,0.028409,PAUSE
4617,1.000000,1.000000,0.013023,PAUSE
4618,1.000000,1.000000,0.006081,PAUSE
4619,0.000000,0.000000,0.014331,PAUSE
4620,0.000000,0.000000,0.062821,PAUSE
4621,0.000000,0.000000,0.171410,PAUSE
4622,0.000000,1.000000,0.081372,PAUSE
4623,1.000000,1.000000,0.035520,PAUSE
4624,0.000000,1.000000,0.015444,PAUSE
4625,0.000000,0.000000,0.020851,PAUSE
4626,1.000000,1.000000,0.011563,PAUSE
4627,0.000000,0.000000,0.030701,PAUSE
4628,0.000000,0.000000,0.103692,PAUSE
4629,1.000000,1.000000,0.051137,PAUSE
4630,1.000000,1.000000,0.022963,PAUSE
4631,1.000000,1.000000,0.010302,PAUSE
4632,0.000000,1.000000,0.004808,PAUSE
4633,0.000000,0.000000,0.012241,PAUSE
4634,0.000000,1.000000,0.007505,PAUSE
4635,0.000000,0.000000,0.025973,PAUSE
4636,1.000000,1.000000,0.014607,PAUSE
4637,1.000000,1.000000,0.007368,PAUSE
4638,1.000000,1.000000,0.003776,PAUSE
4639,1.000000,1.000000,0.002085,PAUSE
4640,1.000000,1.000000,0.001295,PAUSE
4641,0.000000,1.000000,0.000923,PAUSE
4642,0.000000,1.000000,0.000743,PAUSE
4643,0.000000,1.000000,0.000653,PAUSE
4644,0.000000,1.000000,0.000608,PAUSE
4645,0.000000,0.000000,0.007081,PAUSE
4646,1.000000,1.000000,0.004871,PAUSE
4647,0.000000,1.000000,0.002935,PAUSE
4648,1.000000,1.000000,0.001812,PAUSE
4649,0.000000,0.000000,0.010590,PAUSE
4650,0.000000,1.000000,0.006776,PAUSE
4651,0.000000,0.000000,0.025314,PAUSE
4652,1.000000,1.000000,0.014303,PAUSE
4653,0.000000,0.000000,0.036185,PAUSE
4654,0.000000,0.000000,0.114828,PAUSE
4655,0.000000,1.000000,0.056147,PAUSE
4656,0.000000,1.000000,0.025053,PAUSE
4657,1.000000,1.000000,0.011161,PAUSE
4658,1.000000,1.000000,0.005160,PAUSE
4659,1.000000,1.000000,0.002581,PAUSE
4660,1.000000,1.000000,0.001466,PAUSE
4661,1.000000,1.000000,0.000976,PAUSE
4662,1.000000,1.000000,0.000756,PAUSE
4663,0.000000,1.000000,0.000654,PAUSE
4664,1.000000,1.000000,0.000605,PAUSE
4665,0.000000,0.000000,0.007047,PAUSE
4666,0.000000,1.000000,0.004851,PAUSE
4667,0.000000,0.000000,0.021715,PAUSE
4668,1.000000,1.000000,0.012541,PAUSE
4669,0.000000,0.000000,0.034049,PAUSE
4670,0.000000,1.000000,0.018474,PAUSE
4671,0.000000,0.000000,0.040726,PAUSE
4672,1.000000,1.000000,0.021564,PAUSE
4673,1.000000,1.000000,0.010370,PAUSE
4674,0.000000,1.000000,0.005046,PAUSE
4675,0.000000,0.000000,0.014132,PAUSE
4676,1.000000,1.000000,0.008526,PAUSE
4677,0.000000,1.000000,0.004622,PAUSE
4678,0.000000,1.000000,0.002571,PAUSE
4679,0.000000,0.000000,0.011653,PAUSE
4680,0.000000,1.000000,0.007317,PAUSE
4681,0.000000,0.000000,0.026141,PAUSE
4682,1.000000,1.000000,0.014701,PAUSE
4683,1.000000,1.000000,0.007412,PAUSE
4684,0.000000,1.000000,0.003795,PAUSE
4685,0.000000,0.000000,0.013077,PAUSE
4686,0.000000,0.000000,0.061337,PAUSE
4687,0.000000,0.000000,0.169300,PAUSE
4688,0.000000,0.000000,0.323379,PAUSE
4689,0.000000,0.000000,0.488982,PAUSE
4690,0.000000,0.000000,0.636934,ALLOW
4691,0.000000,0.000000,0.753802,ALLOW
4692,0.000000,1.000000,0.328266,PAUSE
4693,1.000000,1.000000,0.135927,PAUSE
4694,0.000000,1.000000,0.055982,PAUSE
4695,0.000000,0.000000,0.039595,PAUSE
4696,0.000000,0.000000,0.087060,PAUSE
4697,0.000000,0.000000,0.201867,PAUSE
4698,1.000000,1.000000,0.094617,PAUSE
4699,1.000000,1.000000,0.040963,PAUSE
4700,1.000000,1.000000,0.017657,PAUSE
4701,0.000000,0.000000,0.021991,PAUSE
4702,0.000000,0.000000,0.074208,PAUSE
4703,0.000000,0.000000,0.188411,PAUSE
4704,1.000000,1.000000,0.088816,PAUSE
4705,0.000000,0.000000,0.096976,PAUSE
4706,1.000000,1.000000,0.046402,PAUSE
4707,1.000000,1.000000,0.020735,PAUSE
4708,0.000000,1.000000,0.009319,PAUSE
4709,0.000000,0.000000,0.016841,PAUSE
4710,0.000000,1.000000,0.009749,PAUSE
4711,0.000000,1.000000,0.005146,PAUSE
4712,1.000000,1.000000,0.002793,PAUSE
4713,1.000000,1.000000,0.001652,PAUSE
4714,0.000000,1.000000,0.001102,PAUSE
4715,0.000000,0.000000,0.008354,PAUSE
4716,0.000000,0.000000,0.048036,PAUSE
4717,1.000000,1.000000,0.025503,PAUSE
4718,0.000000,0.000000,0.049140,PAUSE
4719,1.000000,1.000000,0.025445,PAUSE
4720,0.000000,0.000000,0.047231,PAUSE
4721,1.000000,1.000000,0.024512,PAUSE
4722,1.000000,1.000000,0.011617,PAUSE
4723,0.000000,0.000000,0.023104,PAUSE
4724,0.000000,1.000000,0.012941,PAUSE
4725,0.000000,0.000000,0.033497,PAUSE
4726,0.000000,1.000000,0.018181,PAUSE
4727,0.000000,1.000000,0.008917,PAUSE
4728,1.000000,1.000000,0.004434,PAUSE
4729,1.000000,1.000000,0.002364,PAUSE
4730,0.000000,1.000000,0.001415,PAUSE
4731,0.000000,0.000000,0.008768,PAUSE
4732,1.000000,1.000000,0.005781,PAUSE
4733,0.000000,1.000000,0.003365,PAUSE
4734,0.000000,1.000000,0.002010,PAUSE
4735,0.000000,0.000000,0.010905,PAUSE
4736,1.000000,1.000000,0.006938,PAUSE
4737,0.000000,0.000000,0.025571,PAUSE
4738,0.000000,0.000000,0.094557,PAUSE
4739,0.000000,0.000000,0.222683,PAUSE
4740,1.000000,1.000000,0.103813,PAUSE
4741,1.000000,1.000000,0.044757,PAUSE
4742,0.000000,1.000000,0.019203,PAUSE
4743,0.000000,1.000000,0.008434,PAUSE
4744,1.000000,1.000000,0.003916,PAUSE
4745,0.000000,0.000000,0.010519,PAUSE
4746,0.000000,1.000000,0.006604,PAUSE
4747,0.000000,0.000000,0.024468,PAUSE
4748,0.000000,1.000000,0.013878,PAUSE
4749,1.000000,1.000000,0.007049,PAUSE
4750,0.000000,0.000000,0.019283,PAUSE
4751,1.000000,1.000000,0.011167,PAUSE
4752,0.000000,1.000000,0.005820,PAUSE
4753,0.000000,0.000000,0.017819,PAUSE
4754,1.000000,1.000000,0.010457,PAUSE
4755,1.000000,1.000000,0.005507,PAUSE
4756,0.000000,1.000000,0.002964,PAUSE
4757,0.000000,0.000000,0.012154,PAUSE
4758,1.000000,1.000000,0.007568,PAUSE
4759,0.000000,0.000000,0.026510,PAUSE
4760,0.000000,1.000000,0.014878,PAUSE
4761,0.000000,0.000000,0.036836,PAUSE
4762,0.000000,1.000000,0.019772,PAUSE
4763,0.000000,0.000000,0.041997,PAUSE
4764,0.000000,0.000000,0.124153,PAUSE
4765,1.000000,1.000000,0.060299,PAUSE
4766,0.000000,0.000000,0.077500,PAUSE
4767,0.000000,0.000000,0.171504,PAUSE
4768,0.000000,0.000000,0.319718,PAUSE
4769,1.000000,1.000000,0.145600,PAUSE
4770,1.000000,1.000000,0.061849,PAUSE
4771,0.000000,0.000000,0.052644,PAUSE
4772,1.000000,1.000000,0.025798,PAUSE
4773,1.000000,1.000000,0.011955,PAUSE
4774,0.000000,1.000000,0.005646,PAUSE
4775,0.000000,0.000000,0.014096,PAUSE
4776,0.000000,1.000000,0.008472,PAUSE
4777,0.000000,0.000000,0.027525,PAUSE
4778,0.000000,1.000000,0.015355,PAUSE
4779,0.000000,0.000000,0.037334,PAUSE
4780,0.000000,0.000000,0.116720,PAUSE
4781,0.000000,0.000000,0.253642,PAUSE
4782,0.000000,0.000000,0.418256,PAUSE
4783,0.000000,0.000000,0.576310,ALLOW
4784,1.000000,1.000000,0.254260,PAUSE
4785,0.000000,0.000000,0.188103,PAUSE
4786,0.000000,1.000000,0.084580,PAUSE
4787,0.000000,0.000000,0.083198,PAUSE
4788,1.000000,1.000000,0.039954,PAUSE
4789,0.000000,1.000000,0.017991,PAUSE
4790,0.000000,1.000000,0.008174,PAUSE
4791,1.000000,1.000000,0.003904,PAUSE
4792,0.000000,0.000000,0.011396,PAUSE
4793,0.000000,0.000000,0.055482,PAUSE
4794,1.000000,1.000000,0.028993,PAUSE
4795,0.000000,0.000000,0.052408,PAUSE
4796,1.000000,1.000000,0.026918,PAUSE
4797,0.000000,0.000000,0.048452,PAUSE
4798,1.000000,1.000000,0.025057,PAUSE
4799,0.000000,0.000000,0.046642,PAUSE
4800,0.000000,1.000000,0.024236,PAUSE
4801,0.000000,0.000000,0.045937,PAUSE
4802,0.000000,1.000000,0.023920,PAUSE
4803,0.000000,0.000000,0.045676,PAUSE
4804,1.000000,1.000000,0.023803,PAUSE
4805,0.000000,0.000000,0.045581,PAUSE
4806,1.000000,1.000000,0.023761,PAUSE
4807,0.000000,0.000000,0.045547,PAUSE
4808,0.000000,0.000000,0.129226,PAUSE
4809,0.000000,0.000000,0.269697,PAUSE
4810,0.000000,0.000000,0.434725,PAUSE
4811,0.000000,0.000000,0.590631,ALLOW
4812,0.000000,0.000000,0.718400,ALLOW
4813,0.000000,1.000000,0.313559,PAUSE
4814,0.000000,1.000000,0.129988,PAUSE
4815,0.000000,0.000000,0.084122,PAUSE
4816,0.000000,0.000000,0.137254,PAUSE
4817,0.000000,1.000000,0.065315,PAUSE
4818,0.000000,1.000000,0.028750,PAUSE
4819,0.000000,0.000000,0.034548,PAUSE
4820,1.000000,1.000000,0.018045,PAUSE
4821,0.000000,0.000000,0.037896,PAUSE
4822,0.000000,0.000000,0.115935,PAUSE
4823,0.000000,0.000000,0.252094,PAUSE
4824,0.000000,1.000000,0.116554,PAUSE
4825,0.000000,1.000000,0.049980,PAUSE
4826,0.000000,1.000000,0.021323,PAUSE
4827,0.000000,0.000000,0.023865,PAUSE
4828,0.000000,0.000000,0.076026,PAUSE
4829,0.000000,0.000000,0.190688,PAUSE
4830,0.000000,0.000000,0.348035,PAUSE
4831,1.000000,1.000000,0.157787,PAUSE
4832,0.000000,0.000000,0.137690,PAUSE
4833,0.000000,0.000000,0.226794,PAUSE
4834,0.000000,0.000000,0.373955,PAUSE
4835,0.000000,1.000000,0.168622,PAUSE
4836,1.000000,1.000000,0.071217,PAUSE
4837,0.000000,0.000000,0.057127,PAUSE
4838,0.000000,1.000000,0.027665,PAUSE
4839,1.000000,1.000000,0.012718,PAUSE
4840,0.000000,0.000000,0.022546,PAUSE
4841,0.000000,0.000000,0.080875,PAUSE
4842,0.000000,0.000000,0.200284,PAUSE
4843,0.000000,0.000000,0.359589,PAUSE
4844,0.000000,1.000000,0.162724,PAUSE
4845,1.000000,1.000000,0.068840,PAUSE
4846,0.000000,0.000000,0.056093,PAUSE
4847,0.000000,1.000000,0.027243,PAUSE
4848,1.000000,1.000000,0.012547,PAUSE
4849,0.000000,0.000000,0.022467,PAUSE
4850,0.000000,1.000000,0.012563,PAUSE
4851,0.000000,1.000000,0.006407,PAUSE
4852,1.000000,1.000000,0.003344,PAUSE
4853,1.000000,1.000000,0.001892,PAUSE
4854,0.000000,0.000000,0.009827,PAUSE
4855,0.000000,1.000000,0.006346,PAUSE
4856,1.000000,1.000000,0.003630,PAUSE
4857,0.000000,1.000000,0.002130,PAUSE
4858,0.000000,1.000000,0.001362,PAUSE
4859,0.000000,1.000000,0.000974,PAUSE
4860,0.000000,0.000000,0.008167,PAUSE
4861,0.000000,0.000000,0.047503,PAUSE
4862,0.000000,1.000000,0.025251,PAUSE
4863,0.000000,1.000000,0.012032,PAUSE
4864,0.000000,0.000000,0.023990,PAUSE
4865,0.000000,1.000000,0.013381,PAUSE
4866,0.000000,1.000000,0.006782,PAUSE
4867,0.000000,0.000000,0.018723,PAUSE
4868,0.000000,1.000000,0.010885,PAUSE
4869,1.000000,1.000000,0.005694,PAUSE
4870,0.000000,0.000000,0.017675,PAUSE
4871,0.000000,0.000000,0.073709,PAUSE
4872,0.000000,0.000000,0.189992,PAUSE
4873,0.000000,0.000000,0.347991,PAUSE
4874,1.000000,1.000000,0.157779,PAUSE
4875,0.000000,0.000000,0.137710,PAUSE
4876,0.000000,0.000000,0.226834,PAUSE
4877,1.000000,1.000000,0.104837,PAUSE
4878,0.000000,0.000000,0.105154,PAUSE
4879,0.000000,1.000000,0.049804,PAUSE
4880,0.000000,1.000000,0.022118,PAUSE
4881,0.000000,1.000000,0.009879,PAUSE
4882,0.000000,0.000000,0.017113,PAUSE
4883,0.000000,1.000000,0.009865,PAUSE
4884,0.000000,1.000000,0.005194,PAUSE
4885,1.000000,1.000000,0.002813,PAUSE
4886,1.000000,1.000000,0.001660,PAUSE
4887,0.000000,0.000000,0.009538,PAUSE
4888,0.000000,0.000000,0.051692,PAUSE
4889,1.000000,1.000000,0.027230,PAUSE
4890,1.000000,1.000000,0.012879,PAUSE
4891,0.000000,0.000000,0.024660,PAUSE
4892,1.000000,1.000000,0.013688,PAUSE
4893,0.000000,1.000000,0.006913,PAUSE
4894,0.000000,0.000000,0.018834,PAUSE
4895,0.000000,0.000000,0.075902,PAUSE
4896,0.000000,0.000000,0.193355,PAUSE
4897,0.000000,0.000000,0.351856,PAUSE
4898,1.000000,1.000000,0.159428,PAUSE
4899,0.000000,0.000000,0.138617,PAUSE
4900,0.000000,0.000000,0.227540,PAUSE
4901,1.000000,1.000000,0.105136,PAUSE
4902,1.000000,1.000000,0.045204,PAUSE
4903,0.000000,1.000000,0.019362,PAUSE
4904,1.000000,1.000000,0.008491,PAUSE
4905,0.000000,1.000000,0.003936,PAUSE
4906,1.000000,1.000000,0.002019,PAUSE
4907,0.000000,1.000000,0.001203,PAUSE
4908,0.000000,0.000000,0.007884,PAUSE
4909,1.000000,1.000000,0.005292,PAUSE
4910,1.000000,1.000000,0.003132,PAUSE
4911,0.000000,0.000000,0.014287,PAUSE
4912,1.000000,1.000000,0.008717,PAUSE
4913,0.000000,0.000000,0.028474,PAUSE
4914,0.000000,0.000000,0.100493,PAUSE
4915,0.000000,0.000000,0.231269,PAUSE
4916,1.000000,1.000000,0.107542,PAUSE
4917,0.000000,0.000000,0.108710,PAUSE
4918,1.000000,1.000000,0.051407,PAUSE
4919,1.000000,1.000000,0.022790,PAUSE
4920,0.000000,1.000000,0.010156,PAUSE
4921,1.000000,1.000000,0.004721,PAUSE
4922,1.000000,1.000000,0.002389,PAUSE
4923,1.000000,1.000000,0.001380,PAUSE
4924,0.000000,1.000000,0.000937,PAUSE
4925,0.000000,0.000000,0.007659,PAUSE
4926,0.000000,0.000000,0.045594,PAUSE
4927,1.000000,1.000000,0.024341,PAUSE
4928,0.000000,0.000000,0.047985,PAUSE
4929,0.000000,0.000000,0.134230,PAUSE
4930,1.000000,1.000000,0.064780,PAUSE
4931,0.000000,1.000000,0.028637,PAUSE
4932,0.000000,1.000000,0.012628,PAUSE
4933,1.000000,1.000000,0.005759,PAUSE
4934,0.000000,1.000000,0.002827,PAUSE
4935,0.000000,0.000000,0.009887,PAUSE
4936,0.000000,0.000000,0.051451,PAUSE
4937,1.000000,1.000000,0.027102,PAUSE
4938,0.000000,0.000000,0.050641,PAUSE
4939,0.000000,1.000000,0.026122,PAUSE
4940,0.000000,1.000000,0.012308,PAUSE
4941,0.000000,0.000000,0.023668,PAUSE
4942,0.000000,0.000000,0.084454,PAUSE
4943,0.000000,1.000000,0.042359,PAUSE
4944,0.000000,1.000000,0.019279,PAUSE
4945,0.000000,0.000000,0.029205,PAUSE
4946,0.000000,1.000000,0.015735,PAUSE
4947,0.000000,1.000000,0.007783,PAUSE
4948,1.000000,1.000000,0.003930,PAUSE
4949,0.000000,0.000000,0.013016,PAUSE
4950,1.000000,1.000000,0.007983,PAUSE
4951,1.000000,1.000000,0.004380,PAUSE
4952,0.000000,0.000000,0.016073,PAUSE
4953,0.000000,1.000000,0.009606,PAUSE
4954,0.000000,1.000000,0.005129,PAUSE
4955,0.000000,1.000000,0.002800,PAUSE
4956,0.000000,0.000000,0.011977,PAUSE
4957,0.000000,1.000000,0.007481,PAUSE
4958,1.000000,1.000000,0.004157,PAUSE
4959,0.000000,1.000000,0.002368,PAUSE
4960,0.000000,0.000000,0.011422,PAUSE
4961,0.000000,0.000000,0.057455,PAUSE
4962,0.000000,1.000000,0.029939,PAUSE
4963,0.000000,1.000000,0.014035,PAUSE
4964,1.000000,1.000000,0.006606,PAUSE
4965,1.000000,1.000000,0.003283,PAUSE
4966,0.000000,0.000000,0.011201,PAUSE
4967,0.000000,0.000000,0.055567,PAUSE
4968,0.000000,1.000000,0.029040,PAUSE
4969,0.000000,1.000000,0.013650,PAUSE
4970,0.000000,1.000000,0.006445,PAUSE
4971,0.000000,1.000000,0.003215,PAUSE
4972,1.000000,1.000000,0.001777,PAUSE
4973,1.000000,1.000000,0.001131,PAUSE
4974,1.000000,1.000000,0.000834,PAUSE
4975,1.000000,1.000000,0.000695,PAUSE
4976,1.000000,1.000000,0.000627,PAUSE
4977,0.000000,1.000000,0.000593,PAUSE
4978,0.000000,0.000000,0.007025,PAUSE
4979,0.000000,0.000000,0.043578,PAUSE
4980,0.000000,0.000000,0.136954,PAUSE
4981,1.000000,1.000000,0.066128,PAUSE
4982,1.000000,1.000000,0.029213,PAUSE
4983,0.000000,1.000000,0.012869,PAUSE
4984,1.000000,1.000000,0.005859,PAUSE
4985,0.000000,1.000000,0.002868,PAUSE
4986,1.000000,1.000000,0.001584,PAUSE
4987,0.000000,0.000000,0.008493,PAUSE
4988,0.000000,0.000000,0.047911,PAUSE
4989,1.000000,1.000000,0.025437,PAUSE
4990,0.000000,0.000000,0.049057,PAUSE
4991,0.000000,1.000000,0.025407,PAUSE
4992,1.000000,1.000000,0.012006,PAUSE
4993,1.000000,1.000000,0.005731,PAUSE
4994,0.000000,1.000000,0.002908,PAUSE
4995,1.000000,1.000000,0.001644,PAUSE
4996,0.000000,1.000000,0.001072,PAUSE
4997,0.000000,1.000000,0.000808,PAUSE
4998,1.000000,1.000000,0.000683,PAUSE
4999,0.000000,0.000000,0.007266,PAUSE
5000,1.000000,1.000000,0.004973,PAUSE
5001,0.000000,0.000000,0.021959,PAUSE
5002,1.000000,1.000000,0.012661,PAUSE
5003,0.000000,1.000000,0.006515,PAUSE
5004,1.000000,1.000000,0.003410,PAUSE
5005,0.000000,1.000000,0.001928,PAUSE
5006,1.000000,1.000000,0.001228,PAUSE
5007,0.000000,0.000000,0.008561,PAUSE
5008,1.000000,1.000000,0.005676,PAUSE
5009,1.000000,1.000000,0.003317,PAUSE
5010,0.000000,1.000000,0.001988,PAUSE
5011,0.000000,1.000000,0.001297,PAUSE
5012,0.000000,0.000000,0.009061,PAUSE
5013,1.000000,1.000000,0.005954,PAUSE
5014,1.000000,1.000000,0.003450,PAUSE
5015,0.000000,0.000000,0.014824,PAUSE
5016,0.000000,0.000000,0.067359,PAUSE
5017,0.000000,0.000000,0.179801,PAUSE
5018,0.000000,0.000000,0.336059,PAUSE
5019,0.000000,0.000000,0.501165,ALLOW
5020,0.000000,0.000000,0.647023,ALLOW
5021,0.000000,1.000000,0.283830,PAUSE
5022,0.000000,1.000000,0.117972,PAUSE
5023,0.000000,1.000000,0.048762,PAUSE
5024,0.000000,0.000000,0.036461,PAUSE
5025,0.000000,1.000000,0.018100,PAUSE
5026,0.000000,1.000000,0.008608,PAUSE
5027,0.000000,1.000000,0.004219,PAUSE
5028,0.000000,0.000000,0.012785,PAUSE
5029,0.000000,0.000000,0.059866,PAUSE
5030,1.000000,1.000000,0.031049,PAUSE
5031,0.000000,1.000000,0.014505,PAUSE
5032,1.000000,1.000000,0.006802,PAUSE
5033,1.000000,1.000000,0.003364,PAUSE
5034,0.000000,1.000000,0.001839,PAUSE
5035,1.000000,1.000000,0.001157,PAUSE
5036,1.000000,1.000000,0.000846,PAUSE
5037,0.000000,0.000000,0.007600,PAUSE
5038,0.000000,1.000000,0.005154,PAUSE
5039,0.000000,1.000000,0.003069,PAUSE
5040,0.000000,0.000000,0.014208,PAUSE
5041,1.000000,1.000000,0.008678,PAUSE
5042,0.000000,0.000000,0.028421,PAUSE
5043,1.000000,1.000000,0.015801,PAUSE
5044,0.000000,0.000000,0.037887,PAUSE
5045,0.000000,1.000000,0.020259,PAUSE
5046,1.000000,1.000000,0.009814,PAUSE
5047,0.000000,1.000000,0.004813,PAUSE
5048,0.000000,0.000000,0.013954,PAUSE
5049,1.000000,1.000000,0.008442,PAUSE
5050,0.000000,1.000000,0.004586,PAUSE
5051,0.000000,1.000000,0.002555,PAUSE
5052,0.000000,1.000000,0.001550,PAUSE
5053,0.000000,1.000000,0.001059,PAUSE
5054,0.000000,0.000000,0.008304,PAUSE
5055,0.000000,0.000000,0.047909,PAUSE
5056,0.000000,1.000000,0.025443,PAUSE
5057,0.000000,1.000000,0.012114,PAUSE
5058,0.000000,1.000000,0.005802,PAUSE
5059,1.000000,1.000000,0.002947,PAUSE
5060,0.000000,1.000000,0.001665,PAUSE
5061,0.000000,1.000000,0.001083,PAUSE
5062,0.000000,0.000000,0.008079,PAUSE
5063,0.000000,0.000000,0.047014,PAUSE
5064,0.000000,0.000000,0.143556,PAUSE
5065,0.000000,0.000000,0.291245,PAUSE
5066,0.000000,1.000000,0.133469,PAUSE
5067,0.000000,1.000000,0.056905,PAUSE
5068,1.000000,1.000000,0.024130,PAUSE
5069,0.000000,1.000000,0.010428,PAUSE
5070,1.000000,1.000000,0.004724,PAUSE
5071,0.000000,1.000000,0.002340,PAUSE
5072,0.000000,1.000000,0.001335,PAUSE
5073,0.000000,1.000000,0.000904,PAUSE
5074,1.000000,1.000000,0.000716,PAUSE
5075,0.000000,0.000000,0.007222,PAUSE
5076,0.000000,0.000000,0.044183,PAUSE
5077,0.000000,0.000000,0.138119,PAUSE
5078,0.000000,0.000000,0.284196,PAUSE
5079,0.000000,1.000000,0.130436,PAUSE
5080,0.000000,1.000000,0.055665,PAUSE
5081,1.000000,1.000000,0.023628,PAUSE
5082,1.000000,1.000000,0.010225,PAUSE
5083,1.000000,1.000000,0.004642,PAUSE
5084,1.000000,1.000000,0.002307,PAUSE
5085,1.000000,1.000000,0.001321,PAUSE
5086,1.000000,1.000000,0.000899,PAUSE
5087,0.000000,1.000000,0.000714,PAUSE
5088,0.000000,1.000000,0.000631,PAUSE
5089,0.000000,0.000000,0.007078,PAUSE
5090,1.000000,1.000000,0.004867,PAUSE
5091,0.000000,1.000000,0.002933,PAUSE
5092,0.000000,1.000000,0.001811,PAUSE
5093,1.000000,1.000000,0.001215,PAUSE
5094,1.000000,1.000000,0.000906,PAUSE
5095,0.000000,1.000000,0.000745,PAUSE
5096,1.000000,1.000000,0.000659,PAUSE
5097,1.000000,1.000000,0.000613,PAUSE
5098,0.000000,1.000000,0.000587,PAUSE
5099,0.000000,1.000000,0.000573,PAUSE
5100,0.000000,1.000000,0.000565,PAUSE
5101,1.000000,1.000000,0.000560,PAUSE
5102,0.000000,1.000000,0.000557,PAUSE
5103,0.000000,1.000000,0.000555,PAUSE
5104,0.000000,1.000000,0.000555,PAUSE
5105,0.000000,0.000000,0.006893,PAUSE
5106,0.000000,0.000000,0.043101,PAUSE
5107,0.000000,1.000000,0.023154,PAUSE
5108,0.000000,1.000000,0.011130,PAUSE
5109,1.000000,1.000000,0.005388,PAUSE
5110,0.000000,0.000000,0.014572,PAUSE
5111,0.000000,0.000000,0.064399,PAUSE
5112,0.000000,0.000000,0.174307,PAUSE
5113,1.000000,1.000000,0.082650,PAUSE
5114,0.000000,1.000000,0.036047,PAUSE
5115,0.000000,1.000000,0.015659,PAUSE
5116,1.000000,1.000000,0.006996,PAUSE
5117,1.000000,1.000000,0.003332,PAUSE
5118,0.000000,1.000000,0.001774,PAUSE
5119,1.000000,1.000000,0.001103,PAUSE
5120,1.000000,1.000000,0.000809,PAUSE
5121,1.000000,1.000000,0.000676,PAUSE
5122,0.000000,1.000000,0.000615,PAUSE
5123,0.000000,0.000000,0.007061,PAUSE
5124,1.000000,1.000000,0.004859,PAUSE
5125,0.000000,0.000000,0.021728,PAUSE
5126,0.000000,1.000000,0.012548,PAUSE
5127,0.000000,1.000000,0.006465,PAUSE
5128,0.000000,0.000000,0.018704,PAUSE
5129,0.000000,0.000000,0.075974,PAUSE
5130,0.000000,0.000000,0.193563,PAUSE
5131,1.000000,1.000000,0.091101,PAUSE
5132,0.000000,0.000000,0.098505,PAUSE
5133,0.000000,0.000000,0.193205,PAUSE
5134,0.000000,0.000000,0.342400,PAUSE
5135,0.000000,0.000000,0.504516,ALLOW
5136,0.000000,0.000000,0.648958,ALLOW
5137,0.000000,0.000000,0.762543,ALLOW
5138,1.000000,1.000000,0.331889,PAUSE
5139,0.000000,1.000000,0.137390,PAUSE
5140,0.000000,1.000000,0.056570,PAUSE
5141,0.000000,1.000000,0.023485,PAUSE
5142,0.000000,0.000000,0.021174,PAUSE
5143,0.000000,0.000000,0.065218,PAUSE
5144,0.000000,0.000000,0.171844,PAUSE
5145,0.000000,1.000000,0.081518,PAUSE
5146,0.000000,1.000000,0.035574,PAUSE
5147,0.000000,1.000000,0.015465,PAUSE
5148,0.000000,1.000000,0.006916,PAUSE
5149,1.000000,1.000000,0.003299,PAUSE
5150,1.000000,1.000000,0.001760,PAUSE
5151,1.000000,1.000000,0.001098,PAUSE
5152,1.000000,1.000000,0.000807,PAUSE
5153,0.000000,1.000000,0.000675,PAUSE
5154,0.000000,0.000000,0.007185,PAUSE
5155,0.000000,0.000000,0.044098,PAUSE
5156,1.000000,1.000000,0.023630,PAUSE
5157,1.000000,1.000000,0.011335,PAUSE
5158,0.000000,0.000000,0.023421,PAUSE
5159,1.000000,1.000000,0.013119,PAUSE
5160,0.000000,0.000000,0.033804,PAUSE
5161,0.000000,1.000000,0.018328,PAUSE
5162,0.000000,1.000000,0.008981,PAUSE
5163,0.000000,1.000000,0.004461,PAUSE
5164,0.000000,1.000000,0.002376,PAUSE
5165,1.000000,1.000000,0.001419,PAUSE
5166,1.000000,1.000000,0.000976,PAUSE
5167,0.000000,0.000000,0.007941,PAUSE
5168,1.000000,1.000000,0.005340,PAUSE
5169,1.000000,1.000000,0.003158,PAUSE
5170,1.000000,1.000000,0.001915,PAUSE
5171,1.000000,1.000000,0.001264,PAUSE
5172,1.000000,1.000000,0.000929,PAUSE
5173,1.000000,1.000000,0.000755,PAUSE
5174,1.000000,1.000000,0.000664,PAUSE
5175,0.000000,0.000000,0.007290,PAUSE
5176,0.000000,0.000000,0.044529,PAUSE
5177,0.000000,0.000000,0.138816,PAUSE
5178,1.000000,1.000000,0.066957,PAUSE
5179,0.000000,0.000000,0.082513,PAUSE
5180,1.000000,1.000000,0.040184,PAUSE
5181,0.000000,1.000000,0.018172,PAUSE
5182,0.000000,1.000000,0.008273,PAUSE
5183,0.000000,0.000000,0.016257,PAUSE
5184,1.000000,1.000000,0.009493,PAUSE
5185,0.000000,0.000000,0.028725,PAUSE
5186,0.000000,0.000000,0.100465,PAUSE
5187,0.000000,0.000000,0.231093,PAUSE
5188,0.000000,0.000000,0.394261,PAUSE
5189,0.000000,0.000000,0.554999,ALLOW
5190,0.000000,0.000000,0.690520,ALLOW
5191,1.000000,1.000000,0.301960,PAUSE
5192,1.000000,1.000000,0.125301,PAUSE
5193,1.000000,1.000000,0.051710,PAUSE
5194,0.000000,0.000000,0.037746,PAUSE
5195,0.000000,0.000000,0.085972,PAUSE
5196,0.000000,0.000000,0.200941,PAUSE
5197,1.000000,1.000000,0.094222,PAUSE
5198,0.000000,0.000000,0.100212,PAUSE
5199,0.000000,1.000000,0.047776,PAUSE
5200,0.000000,1.000000,0.021298,PAUSE
5201,1.000000,1.000000,0.009548,PAUSE
5202,0.000000,0.000000,0.016962,PAUSE
5203,0.000000,0.000000,0.067384,PAUSE
5204,1.000000,1.000000,0.034502,PAUSE
5205,0.000000,0.000000,0.057249,PAUSE
5206,0.000000,0.000000,0.147078,PAUSE
5207,0.000000,0.000000,0.292009,PAUSE
5208,0.000000,1.000000,0.133747,PAUSE
5209,0.000000,1.000000,0.057012,PAUSE
5210,0.000000,0.000000,0.050266,PAUSE
5211,0.000000,1.000000,0.024801,PAUSE
5212,1.000000,1.000000,0.011547,PAUSE
5213,0.000000,1.000000,0.005480,PAUSE
5214,0.000000,0.000000,0.014005,PAUSE
5215,0.000000,0.000000,0.062446,PAUSE
5216,0.000000,0.000000,0.170883,PAUSE
5217,0.000000,1.000000,0.081142,PAUSE
5218,1.000000,1.000000,0.035425,PAUSE
5219,1.000000,1.000000,0.015405,PAUSE
5220,0.000000,1.000000,0.006892,PAUSE
5221,1.000000,1.000000,0.003290,PAUSE
5222,1.000000,1.000000,0.001757,PAUSE
5223,0.000000,0.000000,0.008606,PAUSE
5224,0.000000,0.000000,0.048106,PAUSE
5225,0.000000,0.000000,0.145492,PAUSE
5226,0.000000,0.000000,0.293701,PAUSE
5227,1.000000,1.000000,0.134525,PAUSE
5228,1.000000,1.000000,0.057336,PAUSE
5229,1.000000,1.000000,0.024305,PAUSE
5230,1.000000,1.000000,0.010499,PAUSE
5231,1.000000,1.000000,0.004752,PAUSE
5232,0.000000,0.000000,0.010955,PAUSE
5233,1.000000,1.000000,0.006795,PAUSE
5234,1.000000,1.000000,0.003809,PAUSE
5235,1.000000,1.000000,0.002201,PAUSE
5236,0.000000,1.000000,0.001390,PAUSE
5237,0.000000,1.000000,0.000985,PAUSE
5238,1.000000,1.000000,0.000781,PAUSE
5239,0.000000,1.000000,0.000677,PAUSE
5240,0.000000,1.000000,0.000621,PAUSE
5241,0.000000,1.000000,0.000592,PAUSE
5242,0.000000,1.000000,0.000575,PAUSE
5243,1.000000,1.000000,0.000566,PAUSE
5244,0.000000,0.000000,0.006940,PAUSE
5245,0.000000,1.000000,0.004792,PAUSE
5246,0.000000,1.000000,0.002897,PAUSE
5247,1.000000,1.000000,0.001794,PAUSE
5248,0.000000,0.000000,0.010560,PAUSE
5249,0.000000,0.000000,0.055170,PAUSE
5250,1.000000,1.000000,0.028870,PAUSE
5251,0.000000,0.000000,0.052366,PAUSE
5252,0.000000,1.000000,0.026901,PAUSE
5253,1.000000,1.000000,0.012637,PAUSE
5254,0.000000,1.000000,0.005993,PAUSE
5255,0.000000,0.000000,0.014833,PAUSE
5256,0.000000,1.000000,0.008852,PAUSE
5257,0.000000,1.000000,0.004764,PAUSE
5258,0.000000,1.000000,0.002631,PAUSE
5259,0.000000,1.000000,0.001583,PAUSE
5260,0.000000,0.000000,0.009468,PAUSE
5261,0.000000,1.000000,0.006165,PAUSE
5262,1.000000,1.000000,0.003547,PAUSE
5263,0.000000,1.000000,0.002093,PAUSE
5264,0.000000,0.000000,0.011036,PAUSE
5265,1.000000,1.000000,0.007006,PAUSE
5266,1.000000,1.000000,0.003941,PAUSE
5267,0.000000,1.000000,0.002272,PAUSE
5268,1.000000,1.000000,0.001426,PAUSE
5269,1.000000,1.000000,0.001004,PAUSE
5270,1.000000,1.000000,0.000791,PAUSE
5271,0.000000,1.000000,0.000682,PAUSE
5272,1.000000,1.000000,0.000624,PAUSE
5273,0.000000,0.000000,0.007149,PAUSE
5274,0.000000,1.000000,0.004909,PAUSE
5275,0.000000,1.000000,0.002953,PAUSE
5276,0.000000,0.000000,0.014019,PAUSE
5277,1.000000,1.000000,0.008582,PAUSE
5278,1.000000,1.000000,0.004670,PAUSE
5279,0.000000,0.000000,0.016548,PAUSE
5280,1.000000,1.000000,0.009844,PAUSE
5281,0.000000,0.000000,0.030018,PAUSE
5282,0.000000,1.000000,0.016559,PAUSE
5283,0.000000,1.000000,0.008220,PAUSE
5284,0.000000,0.000000,0.020397,PAUSE
5285,1.000000,1.000000,0.011693,PAUSE
5286,1.000000,1.000000,0.006049,PAUSE
5287,0.000000,1.000000,0.003197,PAUSE
5288,0.000000,1.000000,0.001832,PAUSE
5289,1.000000,1.000000,0.001184,PAUSE
5290,1.000000,1.000000,0.000872,PAUSE
5291,0.000000,0.000000,0.007792,PAUSE
5292,0.000000,0.000000,0.046201,PAUSE
5293,0.000000,0.000000,0.142032,PAUSE
5294,1.000000,1.000000,0.068387,PAUSE
5295,1.000000,1.000000,0.030150,PAUSE
5296,0.000000,0.000000,0.036001,PAUSE
5297,0.000000,1.000000,0.018724,PAUSE
5298,1.000000,1.000000,0.009038,PAUSE
5299,0.000000,1.000000,0.004451,PAUSE
5300,0.000000,0.000000,0.013386,PAUSE
5301,1.000000,1.000000,0.008154,PAUSE
5302,0.000000,1.000000,0.004455,PAUSE
5303,0.000000,1.000000,0.002497,PAUSE
5304,1.000000,1.000000,0.001525,PAUSE
5305,0.000000,0.000000,0.009397,PAUSE
5306,0.000000,0.000000,0.051356,PAUSE
5307,1.000000,1.000000,0.027073,PAUSE
5308,0.000000,0.000000,0.050659,PAUSE
5309,1.000000,1.000000,0.026132,PAUSE
5310,1.000000,1.000000,0.012313,PAUSE
5311,0.000000,0.000000,0.023673,PAUSE
5312,0.000000,0.000000,0.084464,PAUSE
5313,1.000000,1.000000,0.042364,PAUSE
5314,0.000000,0.000000,0.063859,PAUSE
5315,0.000000,1.000000,0.032017,PAUSE
5316,0.000000,1.000000,0.014780,PAUSE
5317,1.000000,1.000000,0.006879,PAUSE
5318,0.000000,1.000000,0.003382,PAUSE
5319,0.000000,1.000000,0.001840,PAUSE
5320,0.000000,0.000000,0.009134,PAUSE
5321,0.000000,0.000000,0.049972,PAUSE
5322,1.000000,1.000000,0.026413,PAUSE
5323,0.000000,1.000000,0.012529,PAUSE
5324,0.000000,1.000000,0.005976,PAUSE
5325,0.000000,0.000000,0.015032,PAUSE
5326,0.000000,0.000000,0.065215,PAUSE
5327,0.000000,1.000000,0.033529,PAUSE
5328,1.000000,1.000000,0.015557,PAUSE
5329,1.000000,1.000000,0.007240,PAUSE
5330,1.000000,1.000000,0.003546,PAUSE
5331,1.000000,1.000000,0.001915,PAUSE
5332,0.000000,1.000000,0.001189,PAUSE
5333,1.000000,1.000000,0.000859,PAUSE
5334,0.000000,0.000000,0.007615,PAUSE
5335,1.000000,1.000000,0.005161,PAUSE
5336,1.000000,1.000000,0.003073,PAUSE
5337,0.000000,1.000000,0.001876,PAUSE
5338,1.000000,1.000000,0.001245,PAUSE
5339,1.000000,1.000000,0.000920,PAUSE
5340,0.000000,1.000000,0.000751,PAUSE
5341,0.000000,0.000000,0.007568,PAUSE
5342,1.000000,1.000000,0.005141,PAUSE
5343,0.000000,0.000000,0.022304,PAUSE
5344,1.000000,1.000000,0.012832,PAUSE
5345,0.000000,1.000000,0.006591,PAUSE
5346,0.000000,1.000000,0.003443,PAUSE
5347,0.000000,1.000000,0.001942,PAUSE
5348,0.000000,1.000000,0.001234,PAUSE
5349,0.000000,1.000000,0.000896,PAUSE
5350,1.000000,1.000000,0.000731,PAUSE
5351,1.000000,1.000000,0.000648,PAUSE
5352,0.000000,1.000000,0.000605,PAUSE
5353,0.000000,1.000000,0.000582,PAUSE
5354,0.000000,1.000000,0.000570,PAUSE
5355,1.000000,1.000000,0.000563,PAUSE
5356,0.000000,1.000000,0.000559,PAUSE
5357,0.000000,1.000000,0.000556,PAUSE
5358,0.000000,0.000000,0.006901,PAUSE
5359,0.000000,0.000000,0.043130,PAUSE
5360,0.000000,0.000000,0.136074,PAUSE
5361,1.000000,1.000000,0.065736,PAUSE
5362,0.000000,0.000000,0.081661,PAUSE
5363,1.000000,1.000000,0.039815,PAUSE
5364,1.000000,1.000000,0.018020,PAUSE
5365,1.000000,1.000000,0.008210,PAUSE
5366,1.000000,1.000000,0.003928,PAUSE
5367,0.000000,0.000000,0.011494,PAUSE
5368,1.000000,1.000000,0.007147,PAUSE
5369,1.000000,1.000000,0.003986,PAUSE
5370,0.000000,0.000000,0.015480,PAUSE
5371,1.000000,1.000000,0.009311,PAUSE
5372,0.000000,0.000000,0.029287,PAUSE
5373,1.000000,1.000000,0.016212,PAUSE
5374,0.000000,0.000000,0.038329,PAUSE
5375,0.000000,0.000000,0.118388,PAUSE
5376,0.000000,0.000000,0.255856,PAUSE
5377,1.000000,1.000000,0.118185,PAUSE
5378,1.000000,1.000000,0.050649,PAUSE
5379,0.000000,0.000000,0.047066,PAUSE
5380,0.000000,1.000000,0.023453,PAUSE
5381,0.000000,1.000000,0.010994,PAUSE
5382,0.000000,0.000000,0.021608,PAUSE
5383,1.000000,1.000000,0.012190,PAUSE
5384,1.000000,1.000000,0.006251,PAUSE
5385,1.000000,1.000000,0.003279,PAUSE
5386,1.000000,1.000000,0.001865,PAUSE
5387,0.000000,0.000000,0.009807,PAUSE
5388,0.000000,0.000000,0.052403,PAUSE
5389,0.000000,0.000000,0.153578,PAUSE
5390,0.000000,0.000000,0.303992,PAUSE
5391,0.000000,1.000000,0.138945,PAUSE
5392,0.000000,1.000000,0.059142,PAUSE
5393,1.000000,1.000000,0.025036,PAUSE
5394,1.000000,1.000000,0.010794,PAUSE
5395,1.000000,1.000000,0.004872,PAUSE
5396,0.000000,0.000000,0.011015,PAUSE
5397,0.000000,1.000000,0.006821,PAUSE
5398,0.000000,1.000000,0.003820,PAUSE
5399,1.000000,1.000000,0.002206,PAUSE
5400,0.000000,1.000000,0.001392,PAUSE
5401,1.000000,1.000000,0.000986,PAUSE
5402,1.000000,1.000000,0.000782,PAUSE
5403,0.000000,0.000000,0.007625,PAUSE
5404,0.000000,0.000000,0.045677,PAUSE
5405,1.000000,1.000000,0.024383,PAUSE
5406,1.000000,1.000000,0.011659,PAUSE
5407,0.000000,0.000000,0.023688,PAUSE
5408,1.000000,1.000000,0.013242,PAUSE
5409,1.000000,1.000000,0.006722,PAUSE
5410,0.000000,1.000000,0.003485,PAUSE
5411,0.000000,1.000000,0.001955,PAUSE
5412,0.000000,1.000000,0.001237,PAUSE
5413,0.000000,1.000000,0.000895,PAUSE
5414,0.000000,0.000000,0.007824,PAUSE
5415,1.000000,1.000000,0.005278,PAUSE
5416,0.000000,0.000000,0.022556,PAUSE
5417,0.000000,1.000000,0.012956,PAUSE
5418,1.000000,1.000000,0.006645,PAUSE
5419,0.000000,1.000000,0.003466,PAUSE
5420,0.000000,0.000000,0.012757,PAUSE
5421,1.000000,1.000000,0.007869,PAUSE
5422,0.000000,0.000000,0.026936,PAUSE
5423,1.000000,1.000000,0.015081,PAUSE
5424,0.000000,0.000000,0.037062,PAUSE
5425,0.000000,1.000000,0.019877,PAUSE
5426,0.000000,1.000000,0.009651,PAUSE
5427,0.000000,1.000000,0.004745,PAUSE
5428,1.000000,1.000000,0.002495,PAUSE
5429,0.000000,0.000000,0.010484,PAUSE
5430,1.000000,1.000000,0.006675,PAUSE
5431,0.000000,0.000000,0.024956,PAUSE
5432,0.000000,1.000000,0.014124,PAUSE
5433,0.000000,1.000000,0.007159,PAUSE
5434,0.000000,1.000000,0.003687,PAUSE
5435,1.000000,1.000000,0.002047,PAUSE
5436,0.000000,1.000000,0.001279,PAUSE
5437,1.000000,1.000000,0.000915,PAUSE
5438,0.000000,0.000000,0.007865,PAUSE
5439,0.000000,0.000000,0.046422,PAUSE
5440,1.000000,1.000000,0.024736,PAUSE
5441,0.000000,0.000000,0.048383,PAUSE
5442,0.000000,0.000000,0.134821,PAUSE
5443,1.000000,1.000000,0.065042,PAUSE
5444,0.000000,0.000000,0.080816,PAUSE
5445,0.000000,0.000000,0.175059,PAUSE
5446,0.000000,0.000000,0.323522,PAUSE
5447,0.000000,0.000000,0.487213,PAUSE
5448,1.000000,1.000000,0.216791,PAUSE
5449,0.000000,0.000000,0.169054,PAUSE
5450,1.000000,1.000000,0.076694,PAUSE
5451,1.000000,1.000000,0.033093,PAUSE
5452,0.000000,0.000000,0.035169,PAUSE
5453,0.000000,0.000000,0.096463,PAUSE
5454,0.000000,1.000000,0.047662,PAUSE
5455,0.000000,1.000000,0.021481,PAUSE
5456,1.000000,1.000000,0.009684,PAUSE
5457,1.000000,1.000000,0.004552,PAUSE
5458,0.000000,1.000000,0.002330,PAUSE
5459,1.000000,1.000000,0.001361,PAUSE
5460,0.000000,1.000000,0.000932,PAUSE
5461,0.000000,0.000000,0.007685,PAUSE
5462,1.000000,1.000000,0.005196,PAUSE
5463,0.000000,0.000000,0.022371,PAUSE
5464,0.000000,0.000000,0.087593,PAUSE
5465,0.000000,0.000000,0.212318,PAUSE
5466,0.000000,0.000000,0.373634,PAUSE
5467,0.000000,1.000000,0.168713,PAUSE
5468,0.000000,1.000000,0.071280,PAUSE
5469,0.000000,1.000000,0.029944,PAUSE
5470,0.000000,1.000000,0.012775,PAUSE
5471,0.000000,0.000000,0.016393,PAUSE
5472,0.000000,1.000000,0.009310,PAUSE
5473,0.000000,0.000000,0.027446,PAUSE
5474,0.000000,1.000000,0.015278,PAUSE
5475,0.000000,1.000000,0.007655,PAUSE
5476,0.000000,1.000000,0.003896,PAUSE
5477,1.000000,1.000000,0.002136,PAUSE
5478,0.000000,1.000000,0.001317,PAUSE
5479,0.000000,0.000000,0.008661,PAUSE
5480,1.000000,1.000000,0.005727,PAUSE
5481,0.000000,1.000000,0.003341,PAUSE
5482,0.000000,0.000000,0.014639,PAUSE
5483,1.000000,1.000000,0.008895,PAUSE
5484,1.000000,1.000000,0.004811,PAUSE
5485,1.000000,1.000000,0.002661,PAUSE
5486,0.000000,0.000000,0.011818,PAUSE
5487,0.000000,1.000000,0.007402,PAUSE
5488,0.000000,0.000000,0.026277,PAUSE
5489,1.000000,1.000000,0.014766,PAUSE
5490,1.000000,1.000000,0.007440,PAUSE
5491,0.000000,0.000000,0.019676,PAUSE
5492,0.000000,0.000000,0.077837,PAUSE
5493,1.000000,1.000000,0.039363,PAUSE
5494,0.000000,0.000000,0.061501,PAUSE
5495,1.000000,1.000000,0.030978,PAUSE
5496,0.000000,0.000000,0.051660,PAUSE
5497,0.000000,0.000000,0.137530,PAUSE
5498,0.000000,0.000000,0.279852,PAUSE
5499,1.000000,1.000000,0.128518,PAUSE
5500,0.000000,0.000000,0.121064,PAUSE
5501,1.000000,1.000000,0.056632,PAUSE
5502,0.000000,0.000000,0.068336,PAUSE
5503,0.000000,1.000000,0.033706,PAUSE
5504,0.000000,1.000000,0.015436,PAUSE
5505,1.000000,1.000000,0.007136,PAUSE
5506,0.000000,0.000000,0.015473,PAUSE
5507,0.000000,1.000000,0.009134,PAUSE
5508,0.000000,1.000000,0.004883,PAUSE
5509,1.000000,1.000000,0.002681,PAUSE
5510,0.000000,0.000000,0.011753,PAUSE
5511,0.000000,0.000000,0.058210,PAUSE
5512,0.000000,0.000000,0.163990,PAUSE
5513,0.000000,1.000000,0.078109,PAUSE
5514,1.000000,1.000000,0.034173,PAUSE
5515,0.000000,0.000000,0.038292,PAUSE
5516,0.000000,1.000000,0.019714,PAUSE
5517,1.000000,1.000000,0.009450,PAUSE
5518,0.000000,0.000000,0.020678,PAUSE
5519,0.000000,0.000000,0.078734,PAUSE
5520,0.000000,1.000000,0.039757,PAUSE
5521,1.000000,1.000000,0.018187,PAUSE
5522,0.000000,1.000000,0.008330,PAUSE
5523,0.000000,0.000000,0.016680,PAUSE
5524,1.000000,1.000000,0.009717,PAUSE
5525,0.000000,0.000000,0.029089,PAUSE
5526,0.000000,1.000000,0.016095,PAUSE
5527,0.000000,0.000000,0.038119,PAUSE
5528,1.000000,1.000000,0.020363,PAUSE
5529,0.000000,0.000000,0.042546,PAUSE
5530,1.000000,1.000000,0.022393,PAUSE
5531,0.000000,1.000000,0.010721,PAUSE
5532,1.000000,1.000000,0.005193,PAUSE
5533,0.000000,0.000000,0.014240,PAUSE
5534,0.000000,1.000000,0.008576,PAUSE
5535,0.000000,0.000000,0.027803,PAUSE
5536,1.000000,1.000000,0.015492,PAUSE
5537,0.000000,0.000000,0.037499,PAUSE
5538,0.000000,0.000000,0.117000,PAUSE
5539,1.000000,1.000000,0.057117,PAUSE
5540,0.000000,0.000000,0.075253,PAUSE
5541,1.000000,1.000000,0.037020,PAUSE
5542,0.000000,0.000000,0.056043,PAUSE
5543,0.000000,0.000000,0.142760,PAUSE
5544,0.000000,0.000000,0.285934,PAUSE
5545,1.000000,1.000000,0.131126,PAUSE
5546,0.000000,0.000000,0.122549,PAUSE
5547,1.000000,1.000000,0.057257,PAUSE
5548,0.000000,1.000000,0.025183,PAUSE
5549,0.000000,1.000000,0.011128,PAUSE
5550,0.000000,1.000000,0.005115,PAUSE
5551,0.000000,0.000000,0.012153,PAUSE
5552,0.000000,0.000000,0.056624,PAUSE
5553,0.000000,1.000000,0.029517,PAUSE
5554,0.000000,1.000000,0.013851,PAUSE
5555,1.000000,1.000000,0.006528,PAUSE
5556,0.000000,1.000000,0.003250,PAUSE
5557,0.000000,1.000000,0.001791,PAUSE
5558,0.000000,1.000000,0.001137,PAUSE
5559,0.000000,1.000000,0.000837,PAUSE
5560,0.000000,1.000000,0.000696,PAUSE
5561,1.000000,1.000000,0.000628,PAUSE
5562,1.000000,1.000000,0.000593,PAUSE
5563,1.000000,1.000000,0.000575,PAUSE
5564,0.000000,1.000000,0.000566,PAUSE
5565,0.000000,0.000000,0.006936,PAUSE
5566,0.000000,1.000000,0.004790,PAUSE
5567,0.000000,0.000000,0.021590,PAUSE
5568,1.000000,1.000000,0.012479,PAUSE
5569,0.000000,0.000000,0.033971,PAUSE
5570,0.000000,1.000000,0.018437,PAUSE
5571,0.000000,0.000000,0.040690,PAUSE
5572,0.000000,0.000000,0.122163,PAUSE
5573,0.000000,0.000000,0.260783,PAUSE
5574,0.000000,0.000000,0.425650,PAUSE
5575,1.000000,1.000000,0.190798,PAUSE
5576,0.000000,0.000000,0.155531,PAUSE
5577,0.000000,0.000000,0.240260,PAUSE
5578,1.000000,1.000000,0.110515,PAUSE
5579,0.000000,0.000000,0.108250,PAUSE
5580,0.000000,0.000000,0.200029,PAUSE
5581,0.000000,0.000000,0.348144,PAUSE
5582,0.000000,0.000000,0.509316,ALLOW
5583,0.000000,0.000000,0.652702,ALLOW
5584,0.000000,0.000000,0.765271,ALLOW
5585,0.000000,0.000000,0.846635,ALLOW
5586,1.000000,1.000000,0.366713,PAUSE
5587,0.000000,0.000000,0.242206,PAUSE
5588,1.000000,1.000000,0.106801,PAUSE
5589,0.000000,1.000000,0.045269,PAUSE
5590,0.000000,1.000000,0.019235,PAUSE
5591,0.000000,1.000000,0.008385,PAUSE
5592,1.000000,1.000000,0.003870,PAUSE
5593,0.000000,0.000000,0.010229,PAUSE
5594,0.000000,1.000000,0.006444,PAUSE
5595,0.000000,1.000000,0.003652,PAUSE
5596,0.000000,1.000000,0.002133,PAUSE
5597,1.000000,1.000000,0.001360,PAUSE
5598,0.000000,1.000000,0.000972,PAUSE
5599,0.000000,0.000000,0.008151,PAUSE
5600,1.000000,1.000000,0.005460,PAUSE
5601,0.000000,1.000000,0.003216,PAUSE
5602,1.000000,1.000000,0.001942,PAUSE
5603,1.000000,1.000000,0.001276,PAUSE
5604,0.000000,1.000000,0.000934,PAUSE
5605,1.000000,1.000000,0.000758,PAUSE
5606,1.000000,1.000000,0.000666,PAUSE
5607,0.000000,1.000000,0.000616,PAUSE
5608,0.000000,1.000000,0.000589,PAUSE
5609,0.000000,0.000000,0.007029,PAUSE
5610,0.000000,1.000000,0.004842,PAUSE
5611,1.000000,1.000000,0.002921,PAUSE
5612,1.000000,1.000000,0.001805,PAUSE
5613,1.000000,1.000000,0.001213,PAUSE
5614,0.000000,1.000000,0.000905,PAUSE
5615,1.000000,1.000000,0.000744,PAUSE
5616,0.000000,1.000000,0.000659,PAUSE
5617,0.000000,0.000000,0.007276,PAUSE
5618,0.000000,0.000000,0.044479,PAUSE
5619,1.000000,1.000000,0.023812,PAUSE
5620,0.000000,0.000000,0.047460,PAUSE
5621,0.000000,1.000000,0.024683,PAUSE
5622,0.000000,1.000000,0.011701,PAUSE
5623,0.000000,0.000000,0.023232,PAUSE
5624,0.000000,1.000000,0.013003,PAUSE
5625,0.000000,0.000000,0.033574,PAUSE
5626,1.000000,1.000000,0.018217,PAUSE
5627,1.000000,1.000000,0.008933,PAUSE
5628,1.000000,1.000000,0.004441,PAUSE
5629,0.000000,0.000000,0.013640,PAUSE
5630,0.000000,1.000000,0.008293,PAUSE
5631,0.000000,0.000000,0.027472,PAUSE
5632,0.000000,0.000000,0.098298,PAUSE
5633,1.000000,1.000000,0.048717,PAUSE
5634,1.000000,1.000000,0.021954,PAUSE
5635,0.000000,1.000000,0.009887,PAUSE
5636,0.000000,1.000000,0.004638,PAUSE
5637,0.000000,0.000000,0.012136,PAUSE
5638,1.000000,1.000000,0.007458,PAUSE
5639,0.000000,0.000000,0.025924,PAUSE
5640,0.000000,0.000000,0.095020,PAUSE
5641,1.000000,1.000000,0.047233,PAUSE
5642,0.000000,0.000000,0.067897,PAUSE
5643,0.000000,1.000000,0.033804,PAUSE
5644,0.000000,1.000000,0.015526,PAUSE
5645,0.000000,1.000000,0.007186,PAUSE
5646,1.000000,1.000000,0.003509,PAUSE
5647,0.000000,0.000000,0.011232,PAUSE
5648,1.000000,1.000000,0.007027,PAUSE
5649,0.000000,0.000000,0.025384,PAUSE
5650,1.000000,1.000000,0.014327,PAUSE
5651,0.000000,1.000000,0.007247,PAUSE
5652,0.000000,1.000000,0.003724,PAUSE
5653,0.000000,1.000000,0.002063,PAUSE
5654,0.000000,1.000000,0.001286,PAUSE
5655,0.000000,0.000000,0.008630,PAUSE
5656,1.000000,1.000000,0.005711,PAUSE
5657,0.000000,0.000000,0.023354,PAUSE
5658,0.000000,0.000000,0.089777,PAUSE
5659,0.000000,0.000000,0.215603,PAUSE
5660,0.000000,0.000000,0.377298,PAUSE
5661,1.000000,1.000000,0.170273,PAUSE
5662,1.000000,1.000000,0.071915,PAUSE
5663,0.000000,0.000000,0.057575,PAUSE
5664,0.000000,0.000000,0.120075,PAUSE
5665,1.000000,1.000000,0.058043,PAUSE
5666,0.000000,0.000000,0.074692,PAUSE
5667,0.000000,0.000000,0.167350,PAUSE
5668,0.000000,0.000000,0.314792,PAUSE
5669,0.000000,1.000000,0.143492,PAUSE
5670,0.000000,1.000000,0.060988,PAUSE
5671,0.000000,0.000000,0.052221,PAUSE
5672,0.000000,0.000000,0.115933,PAUSE
5673,1.000000,1.000000,0.056262,PAUSE
5674,0.000000,1.000000,0.025048,PAUSE
5675,1.000000,1.000000,0.011146,PAUSE
5676,1.000000,1.000000,0.005149,PAUSE
5677,0.000000,1.000000,0.002575,PAUSE
5678,0.000000,1.000000,0.001462,PAUSE
5679,1.000000,1.000000,0.000974,PAUSE
5680,0.000000,0.000000,0.007719,PAUSE
5681,0.000000,0.000000,0.045777,PAUSE
5682,1.000000,1.000000,0.024428,PAUSE
5683,1.000000,1.000000,0.011678,PAUSE
5684,0.000000,1.000000,0.005619,PAUSE
5685,0.000000,0.000000,0.014756,PAUSE
5686,1.000000,1.000000,0.008831,PAUSE
5687,0.000000,0.000000,0.028152,PAUSE
5688,0.000000,1.000000,0.015658,PAUSE
5689,1.000000,1.000000,0.007827,PAUSE
5690,0.000000,1.000000,0.003972,PAUSE
5691,0.000000,0.000000,0.013236,PAUSE
5692,0.000000,1.000000,0.008101,PAUSE
5693,0.000000,0.000000,0.027236,PAUSE
5694,0.000000,1.000000,0.015224,PAUSE
5695,0.000000,0.000000,0.037216,PAUSE
5696,0.000000,0.000000,0.116544,PAUSE
5697,1.000000,1.000000,0.056913,PAUSE
5698,0.000000,0.000000,0.075108,PAUSE
5699,0.000000,1.000000,0.036957,PAUSE
5700,0.000000,1.000000,0.016835,PAUSE
5701,1.000000,1.000000,0.007724,PAUSE
5702,1.000000,1.000000,0.003729,PAUSE
5703,0.000000,0.000000,0.011371,PAUSE
5704,0.000000,1.000000,0.007091,PAUSE
5705,0.000000,0.000000,0.025451,PAUSE
5706,1.000000,1.000000,0.014359,PAUSE
5707,1.000000,1.000000,0.007261,PAUSE
5708,1.000000,1.000000,0.003730,PAUSE
5709,0.000000,0.000000,0.013012,PAUSE
5710,1.000000,1.000000,0.007992,PAUSE
5711,0.000000,1.000000,0.004387,PAUSE
5712,1.000000,1.000000,0.002469,PAUSE
5713,1.000000,1.000000,0.001513,PAUSE
5714,1.000000,1.000000,0.001042,PAUSE
5715,0.000000,0.000000,0.008282,PAUSE
5716,0.000000,1.000000,0.005530,PAUSE
5717,1.000000,1.000000,0.003249,PAUSE
5718,0.000000,1.000000,0.001957,PAUSE
5719,0.000000,0.000000,0.010829,PAUSE
5720,0.000000,1.000000,0.006899,PAUSE
5721,0.000000,0.000000,0.025511,PAUSE
5722,0.000000,0.000000,0.094434,PAUSE
5723,0.000000,1.000000,0.046971,PAUSE
5724,0.000000,1.000000,0.021224,PAUSE
5725,0.000000,0.000000,0.030529,PAUSE
5726,1.000000,1.000000,0.016326,PAUSE
5727,0.000000,1.000000,0.008033,PAUSE
5728,1.000000,1.000000,0.004035,PAUSE
5729,0.000000,0.000000,0.013095,PAUSE
5730,0.000000,1.000000,0.008020,PAUSE
5731,0.000000,0.000000,0.027080,PAUSE
5732,0.000000,1.000000,0.015148,PAUSE
5733,0.000000,0.000000,0.037128,PAUSE
5734,1.000000,1.000000,0.019907,PAUSE
5735,0.000000,1.000000,0.009663,PAUSE
5736,0.000000,1.000000,0.004750,PAUSE
5737,1.000000,1.000000,0.002498,PAUSE
5738,0.000000,0.000000,0.010486,PAUSE
5739,0.000000,0.000000,0.054029,PAUSE
5740,1.000000,1.000000,0.028324,PAUSE
5741,0.000000,0.000000,0.051824,PAUSE
5742,1.000000,1.000000,0.026657,PAUSE
5743,0.000000,0.000000,0.048242,PAUSE
5744,1.000000,1.000000,0.024964,PAUSE
5745,0.000000,1.000000,0.011807,PAUSE
5746,1.000000,1.000000,0.005644,PAUSE
5747,1.000000,1.000000,0.002870,PAUSE
5748,1.000000,1.000000,0.001627,PAUSE
5749,1.000000,1.000000,0.001065,PAUSE
5750,0.000000,1.000000,0.000805,PAUSE
5751,0.000000,0.000000,0.007538,PAUSE
5752,0.000000,0.000000,0.045307,PAUSE
5753,1.000000,1.000000,0.024206,PAUSE
5754,0.000000,0.000000,0.047854,PAUSE
5755,0.000000,0.000000,0.134037,PAUSE
5756,0.000000,1.000000,0.064695,PAUSE
5757,1.000000,1.000000,0.028602,PAUSE
5758,1.000000,1.000000,0.012614,PAUSE
5759,1.000000,1.000000,0.005754,PAUSE
5760,0.000000,1.000000,0.002824,PAUSE
5761,1.000000,1.000000,0.001566,PAUSE
5762,0.000000,0.000000,0.008477,PAUSE
5763,0.000000,0.000000,0.047875,PAUSE
5764,0.000000,0.000000,0.145096,PAUSE
5765,0.000000,0.000000,0.293203,PAUSE
5766,0.000000,1.000000,0.134311,PAUSE
5767,0.000000,0.000000,0.124516,PAUSE
5768,0.000000,1.000000,0.058093,PAUSE
5769,0.000000,0.000000,0.069186,PAUSE
5770,1.000000,1.000000,0.034068,PAUSE
5771,0.000000,0.000000,0.052956,PAUSE
5772,0.000000,0.000000,0.138155,PAUSE
5773,1.000000,1.000000,0.066462,PAUSE
5774,0.000000,1.000000,0.029326,PAUSE
5775,0.000000,1.000000,0.012908,PAUSE
5776,1.000000,1.000000,0.005873,PAUSE
5777,0.000000,0.000000,0.012866,PAUSE
5778,1.000000,1.000000,0.007786,PAUSE
5779,1.000000,1.000000,0.004266,PAUSE
5780,0.000000,1.000000,0.002406,PAUSE
5781,1.000000,1.000000,0.001482,PAUSE
5782,0.000000,1.000000,0.001027,PAUSE
5783,0.000000,0.000000,0.008242,PAUSE
5784,0.000000,0.000000,0.047716,PAUSE
5785,1.000000,1.000000,0.025352,PAUSE
5786,0.000000,0.000000,0.048993,PAUSE
5787,0.000000,1.000000,0.025378,PAUSE
5788,0.000000,1.000000,0.011995,PAUSE
5789,0.000000,0.000000,0.023445,PAUSE
5790,1.000000,1.000000,0.013100,PAUSE
5791,0.000000,0.000000,0.033665,PAUSE
5792,0.000000,1.000000,0.018259,PAUSE
5793,0.000000,0.000000,0.040388,PAUSE
5794,0.000000,1.000000,0.021405,PAUSE
5795,0.000000,0.000000,0.043504,PAUSE
5796,1.000000,1.000000,0.022827,PAUSE
5797,0.000000,0.000000,0.044767,PAUSE
5798,0.000000,1.000000,0.023396,PAUSE
5799,1.000000,1.000000,0.011145,PAUSE
5800,0.000000,1.000000,0.005369,PAUSE
5801,0.000000,1.000000,0.002756,PAUSE
5802,1.000000,1.000000,0.001580,PAUSE
5803,1.000000,1.000000,0.001045,PAUSE
5804,0.000000,1.000000,0.000796,PAUSE
5805,1.000000,1.000000,0.000677,PAUSE
5806,0.000000,1.000000,0.000619,PAUSE
5807,0.000000,0.000000,0.007104,PAUSE
5808,0.000000,1.000000,0.004884,PAUSE
5809,0.000000,0.000000,0.021782,PAUSE
5810,0.000000,1.000000,0.012574,PAUSE
5811,1.000000,1.000000,0.006477,PAUSE
5812,1.000000,1.000000,0.003393,PAUSE
5813,0.000000,0.000000,0.012682,PAUSE
5814,0.000000,0.000000,0.060495,PAUSE
5815,0.000000,0.000000,0.167903,PAUSE
5816,0.000000,0.000000,0.321694,PAUSE
5817,0.000000,1.000000,0.146535,PAUSE
5818,0.000000,1.000000,0.062240,PAUSE
5819,1.000000,1.000000,0.026290,PAUSE
5820,0.000000,1.000000,0.011301,PAUSE
5821,1.000000,1.000000,0.005077,PAUSE
5822,0.000000,0.000000,0.011118,PAUSE
5823,0.000000,0.000000,0.053011,PAUSE
5824,0.000000,1.000000,0.027814,PAUSE
5825,0.000000,0.000000,0.051245,PAUSE
5826,0.000000,1.000000,0.026392,PAUSE
5827,0.000000,1.000000,0.012421,PAUSE
5828,1.000000,1.000000,0.005903,PAUSE
5829,0.000000,0.000000,0.014770,PAUSE
5830,1.000000,1.000000,0.008823,PAUSE
5831,0.000000,1.000000,0.004751,PAUSE
5832,0.000000,1.000000,0.002626,PAUSE
5833,1.000000,1.000000,0.001581,PAUSE
5834,1.000000,1.000000,0.001072,PAUSE
5835,1.000000,1.000000,0.000822,PAUSE
5836,0.000000,1.000000,0.000696,PAUSE
5837,0.000000,1.000000,0.000631,PAUSE
5838,0.000000,1.000000,0.000597,PAUSE
5839,0.000000,0.000000,0.007052,PAUSE
5840,0.000000,0.000000,0.043677,PAUSE
5841,1.000000,1.000000,0.023429,PAUSE
5842,0.000000,0.000000,0.047072,PAUSE
5843,0.000000,1.000000,0.024507,PAUSE
5844,0.000000,1.000000,0.011626,PAUSE
5845,0.000000,0.000000,0.023177,PAUSE
5846,0.000000,1.000000,0.012978,PAUSE
5847,1.000000,1.000000,0.006603,PAUSE
5848,1.000000,1.000000,0.003432,PAUSE
5849,0.000000,0.000000,0.012599,PAUSE
5850,0.000000,0.000000,0.060170,PAUSE
5851,0.000000,0.000000,0.167318,PAUSE
5852,0.000000,0.000000,0.320976,PAUSE
5853,1.000000,1.000000,0.146228,PAUSE
5854,1.000000,1.000000,0.062115,PAUSE
5855,1.000000,1.000000,0.026239,PAUSE
5856,1.000000,1.000000,0.011280,PAUSE
5857,0.000000,0.000000,0.015683,PAUSE
5858,1.000000,1.000000,0.009010,PAUSE
5859,1.000000,1.000000,0.004781,PAUSE
5860,0.000000,1.000000,0.002622,PAUSE
5861,1.000000,1.000000,0.001572,PAUSE
5862,1.000000,1.000000,0.001065,PAUSE
5863,0.000000,0.000000,0.008280,PAUSE
5864,0.000000,0.000000,0.047806,PAUSE
5865,1.000000,1.000000,0.025394,PAUSE
5866,0.000000,0.000000,0.049033,PAUSE
5867,1.000000,1.000000,0.025397,PAUSE
5868,0.000000,0.000000,0.047190,PAUSE
5869,0.000000,0.000000,0.131700,PAUSE
5870,1.000000,1.000000,0.063640,PAUSE
5871,1.000000,1.000000,0.028162,PAUSE
5872,0.000000,1.000000,0.012434,PAUSE
5873,0.000000,1.000000,0.005680,PAUSE
5874,1.000000,1.000000,0.002794,PAUSE
5875,0.000000,0.000000,0.009866,PAUSE
5876,0.000000,1.000000,0.006310,PAUSE
5877,0.000000,0.000000,0.024170,PAUSE
5878,1.000000,1.000000,0.013738,PAUSE
5879,0.000000,0.000000,0.035489,PAUSE
5880,0.000000,0.000000,0.113616,PAUSE
5881,1.000000,1.000000,0.055606,PAUSE
5882,0.000000,0.000000,0.074167,PAUSE
5883,1.000000,1.000000,0.036547,PAUSE
5884,1.000000,1.000000,0.016665,PAUSE
5885,0.000000,0.000000,0.026519,PAUSE
5886,0.000000,0.000000,0.088224,PAUSE
5887,0.000000,0.000000,0.211177,PAUSE
5888,0.000000,0.000000,0.371814,PAUSE
5889,0.000000,0.000000,0.534471,ALLOW
5890,0.000000,0.000000,0.674088,ALLOW
5891,1.000000,1.000000,0.295115,PAUSE
5892,1.000000,1.000000,0.122535,PAUSE
5893,0.000000,0.000000,0.080821,PAUSE
5894,0.000000,0.000000,0.135313,PAUSE
5895,1.000000,1.000000,0.064501,PAUSE
5896,1.000000,1.000000,0.028419,PAUSE
5897,0.000000,0.000000,0.034385,PAUSE
5898,0.000000,0.000000,0.098574,PAUSE
5899,1.000000,1.000000,0.048665,PAUSE
5900,0.000000,0.000000,0.068506,PAUSE
5901,1.000000,1.000000,0.034050,PAUSE
5902,0.000000,0.000000,0.053881,PAUSE
5903,0.000000,1.000000,0.027459,PAUSE
5904,1.000000,1.000000,0.012851,PAUSE
5905,0.000000,1.000000,0.006076,PAUSE
5906,0.000000,1.000000,0.003048,PAUSE
5907,0.000000,0.000000,0.010899,PAUSE
5908,1.000000,1.000000,0.006871,PAUSE
5909,0.000000,1.000000,0.003866,PAUSE
5910,0.000000,1.000000,0.002234,PAUSE
5911,1.000000,1.000000,0.001407,PAUSE
5912,1.000000,1.000000,0.000994,PAUSE
5913,0.000000,0.000000,0.008199,PAUSE
5914,0.000000,0.000000,0.047596,PAUSE
5915,1.000000,1.000000,0.025295,PAUSE
5916,0.000000,0.000000,0.048937,PAUSE
5917,1.000000,1.000000,0.025353,PAUSE
5918,1.000000,1.000000,0.011984,PAUSE
5919,1.000000,1.000000,0.005722,PAUSE
5920,1.000000,1.000000,0.002904,PAUSE
5921,1.000000,1.000000,0.001642,PAUSE
5922,1.000000,1.000000,0.001071,PAUSE
5923,0.000000,1.000000,0.000808,PAUSE
5924,0.000000,1.000000,0.000683,PAUSE
5925,1.000000,1.000000,0.000621,PAUSE
5926,0.000000,0.000000,0.007109,PAUSE
5927,0.000000,0.000000,0.043869,PAUSE
5928,0.000000,0.000000,0.137524,PAUSE
5929,0.000000,0.000000,0.283421,PAUSE
5930,1.000000,1.000000,0.130103,PAUSE
5931,1.000000,1.000000,0.055529,PAUSE
5932,0.000000,1.000000,0.023573,PAUSE
5933,1.000000,1.000000,0.010203,PAUSE
5934,0.000000,1.000000,0.004633,PAUSE
5935,0.000000,0.000000,0.010894,PAUSE
5936,1.000000,1.000000,0.006768,PAUSE
5937,0.000000,0.000000,0.024612,PAUSE
5938,0.000000,1.000000,0.013944,PAUSE
5939,1.000000,1.000000,0.007077,PAUSE
5940,0.000000,0.000000,0.019307,PAUSE
5941,1.000000,1.000000,0.011178,PAUSE
5942,0.000000,1.000000,0.005825,PAUSE
5943,1.000000,1.000000,0.003101,PAUSE
5944,0.000000,1.000000,0.001791,PAUSE
5945,1.000000,1.000000,0.001166,PAUSE
5946,0.000000,0.000000,0.008464,PAUSE
5947,0.000000,0.000000,0.048367,PAUSE
5948,0.000000,0.000000,0.146135,PAUSE
5949,0.000000,0.000000,0.294560,PAUSE
5950,1.000000,1.000000,0.134895,PAUSE
5951,1.000000,1.000000,0.057487,PAUSE
5952,0.000000,0.000000,0.050531,PAUSE
5953,1.000000,1.000000,0.024915,PAUSE
5954,1.000000,1.000000,0.011594,PAUSE
5955,1.000000,1.000000,0.005500,PAUSE
5956,1.000000,1.000000,0.002788,PAUSE
5957,0.000000,0.000000,0.010513,PAUSE
5958,0.000000,0.000000,0.053760,PAUSE
5959,1.000000,1.000000,0.028194,PAUSE
5960,1.000000,1.000000,0.013290,PAUSE
5961,0.000000,0.000000,0.024969,PAUSE
5962,0.000000,1.000000,0.013829,PAUSE
5963,0.000000,0.000000,0.034500,PAUSE
5964,0.000000,0.000000,0.111168,PAUSE
5965,0.000000,1.000000,0.054500,PAUSE
5966,0.000000,0.000000,0.073337,PAUSE
5967,0.000000,0.000000,0.166907,PAUSE
5968,0.000000,0.000000,0.314721,PAUSE
5969,0.000000,0.000000,0.478980,PAUSE
5970,0.000000,0.000000,0.628101,ALLOW
5971,0.000000,0.000000,0.746983,ALLOW
5972,1.000000,1.000000,0.325433,PAUSE
5973,1.000000,1.000000,0.134783,PAUSE
5974,0.000000,0.000000,0.086234,PAUSE
5975,0.000000,0.000000,0.138473,PAUSE
5976,0.000000,0.000000,0.265007,PAUSE
5977,0.000000,0.000000,0.425243,PAUSE
5978,0.000000,1.000000,0.190555,PAUSE
5979,0.000000,0.000000,0.155248,PAUSE
5980,0.000000,1.000000,0.070951,PAUSE
5981,0.000000,0.000000,0.076187,PAUSE
5982,0.000000,1.000000,0.037022,PAUSE
5983,0.000000,1.000000,0.016795,PAUSE
5984,0.000000,0.000000,0.026220,PAUSE
5985,1.000000,1.000000,0.014311,PAUSE
5986,0.000000,1.000000,0.007163,PAUSE
5987,1.000000,1.000000,0.003665,PAUSE
5988,1.000000,1.000000,0.002029,PAUSE
5989,1.000000,1.000000,0.001267,PAUSE
5990,0.000000,0.000000,0.008567,PAUSE
5991,0.000000,1.000000,0.005677,PAUSE
5992,1.000000,1.000000,0.003317,PAUSE
5993,1.000000,1.000000,0.001988,PAUSE
5994,0.000000,0.000000,0.010873,PAUSE
5995,1.000000,1.000000,0.006922,PAUSE
5996,1.000000,1.000000,0.003903,PAUSE
5997,0.000000,1.000000,0.002255,PAUSE
5998,0.000000,0.000000,0.011276,PAUSE
5999,0.000000,0.000000,0.057092,PAUSE
6000,0.000000,0.000000,0.162075,PAUSE
6001,0.000000,1.000000,0.077265,PAUSE
6002,0.000000,1.000000,0.033824,PAUSE
6003,1.000000,1.000000,0.014753,PAUSE
6004,0.000000,0.000000,0.020481,PAUSE
6005,1.000000,1.000000,0.011403,PAUSE
6006,1.000000,1.000000,0.005856,PAUSE
6007,0.000000,0.000000,0.017432,PAUSE
6008,0.000000,1.000000,0.010251,PAUSE
6009,1.000000,1.000000,0.005412,PAUSE
6010,0.000000,1.000000,0.002921,PAUSE
6011,0.000000,0.000000,0.012100,PAUSE
6012,0.000000,0.000000,0.059098,PAUSE
6013,1.000000,1.000000,0.030703,PAUSE
6014,1.000000,1.000000,0.014360,PAUSE
6015,0.000000,0.000000,0.025786,PAUSE
6016,0.000000,0.000000,0.088374,PAUSE
6017,0.000000,0.000000,0.211839,PAUSE
6018,1.000000,1.000000,0.099071,PAUSE
6019,1.000000,1.000000,0.042807,PAUSE
6020,0.000000,0.000000,0.042981,PAUSE
6021,0.000000,0.000000,0.108145,PAUSE
6022,1.000000,1.000000,0.052889,PAUSE
6023,0.000000,0.000000,0.071443,PAUSE
6024,0.000000,1.000000,0.035326,PAUSE
6025,1.000000,1.000000,0.016153,PAUSE
6026,0.000000,1.000000,0.007443,PAUSE
6027,0.000000,0.000000,0.015754,PAUSE
6028,0.000000,0.000000,0.065883,PAUSE
6029,1.000000,1.000000,0.033825,PAUSE
6030,0.000000,0.000000,0.056715,PAUSE
6031,0.000000,0.000000,0.146411,PAUSE
6032,0.000000,0.000000,0.291231,PAUSE
6033,1.000000,1.000000,0.133413,PAUSE
6034,1.000000,1.000000,0.056876,PAUSE
6035,1.000000,1.000000,0.024117,PAUSE
6036,1.000000,1.000000,0.010423,PAUSE
6037,0.000000,0.000000,0.015264,PAUSE
6038,0.000000,0.000000,0.060849,PAUSE
6039,0.000000,0.000000,0.166985,PAUSE
6040,0.000000,0.000000,0.320199,PAUSE
6041,1.000000,1.000000,0.145890,PAUSE
6042,1.000000,1.000000,0.061976,PAUSE
6043,0.000000,0.000000,0.052750,PAUSE
6044,0.000000,0.000000,0.116418,PAUSE
6045,1.000000,1.000000,0.056473,PAUSE
6046,0.000000,0.000000,0.073733,PAUSE
6047,0.000000,0.000000,0.166434,PAUSE
6048,0.000000,1.000000,0.078885,PAUSE
6049,0.000000,1.000000,0.034455,PAUSE
6050,0.000000,0.000000,0.038261,PAUSE
6051,1.000000,1.000000,0.019686,PAUSE
6052,0.000000,1.000000,0.009435,PAUSE
6053,1.000000,1.000000,0.004614,PAUSE
6054,1.000000,1.000000,0.002425,PAUSE
6055,0.000000,1.000000,0.001434,PAUSE
6056,0.000000,0.000000,0.008720,PAUSE
6057,1.000000,1.000000,0.005752,PAUSE
6058,0.000000,0.000000,0.023399,PAUSE
6059,1.000000,1.000000,0.013367,PAUSE
6060,1.000000,1.000000,0.006827,PAUSE
6061,1.000000,1.000000,0.003544,PAUSE
6062,1.000000,1.000000,0.001986,PAUSE
6063,0.000000,0.000000,0.010000,PAUSE
6064,0.000000,0.000000,0.052943,PAUSE
6065,0.000000,0.000000,0.154552,PAUSE
6066,1.000000,1.000000,0.073939,PAUSE
6067,0.000000,1.000000,0.032449,PAUSE
6068,0.000000,1.000000,0.014191,PAUSE
6069,0.000000,1.000000,0.006398,PAUSE
6070,0.000000,1.000000,0.003088,PAUSE
6071,0.000000,1.000000,0.001674,PAUSE
6072,1.000000,1.000000,0.001062,PAUSE
6073,1.000000,1.000000,0.000792,PAUSE
6074,0.000000,0.000000,0.007397,PAUSE
6075,0.000000,0.000000,0.044771,PAUSE
6076,0.000000,0.000000,0.139259,PAUSE
6077,1.000000,1.000000,0.067154,PAUSE
6078,0.000000,1.000000,0.029639,PAUSE
6079,0.000000,1.000000,0.013043,PAUSE
6080,1.000000,1.000000,0.005930,PAUSE
6081,0.000000,0.000000,0.012919,PAUSE
6082,1.000000,1.000000,0.007812,PAUSE
6083,0.000000,0.000000,0.026278,PAUSE
6084,1.000000,1.000000,0.014749,PAUSE
6085,1.000000,1.000000,0.007430,PAUSE
6086,0.000000,0.000000,0.019647,PAUSE
6087,0.000000,0.000000,0.077762,PAUSE
6088,1.000000,1.000000,0.039329,PAUSE
6089,1.000000,1.000000,0.018009,PAUSE
6090,1.000000,1.000000,0.008257,PAUSE
6091,0.000000,1.000000,0.003967,PAUSE
6092,0.000000,1.000000,0.002090,PAUSE
6093,1.000000,1.000000,0.001262,PAUSE
6094,0.000000,0.000000,0.008247,PAUSE
6095,0.000000,0.000000,0.047413,PAUSE
6096,1.000000,1.000000,0.025205,PAUSE
6097,0.000000,0.000000,0.048838,PAUSE
6098,0.000000,1.000000,0.025308,PAUSE
6099,0.000000,1.000000,0.011965,PAUSE
6100,0.000000,0.000000,0.023423,PAUSE
6101,0.000000,0.000000,0.084098,PAUSE
6102,0.000000,1.000000,0.042199,PAUSE
6103,1.000000,1.000000,0.019212,PAUSE
6104,0.000000,1.000000,0.008754,PAUSE
6105,1.000000,1.000000,0.004171,PAUSE
6106,1.000000,1.000000,0.002174,PAUSE
6107,0.000000,0.000000,0.009452,PAUSE
6108,0.000000,0.000000,0.050707,PAUSE
6109,1.000000,1.000000,0.026757,PAUSE
6110,1.000000,1.000000,0.012676,PAUSE
6111,1.000000,1.000000,0.006037,PAUSE
6112,0.000000,0.000000,0.015078,PAUSE
6113,0.000000,0.000000,0.065293,PAUSE
6114,0.000000,0.000000,0.175715,PAUSE
6115,1.000000,1.000000,0.083268,PAUSE
6116,1.000000,1.000000,0.036302,PAUSE
6117,0.000000,0.000000,0.039472,PAUSE
6118,0.000000,0.000000,0.104814,PAUSE
6119,0.000000,0.000000,0.232897,PAUSE
6120,0.000000,0.000000,0.395044,PAUSE
6121,0.000000,1.000000,0.177800,PAUSE
6122,0.000000,1.000000,0.074976,PAUSE
6123,1.000000,1.000000,0.031436,PAUSE
6124,1.000000,1.000000,0.013377,PAUSE
6125,0.000000,0.000000,0.016672,PAUSE
6126,0.000000,1.000000,0.009428,PAUSE
6127,1.000000,1.000000,0.004954,PAUSE
6128,0.000000,1.000000,0.002693,PAUSE
6129,0.000000,1.000000,0.001601,PAUSE
6130,1.000000,1.000000,0.001077,PAUSE
6131,0.000000,1.000000,0.000822,PAUSE
6132,0.000000,1.000000,0.000695,PAUSE
6133,0.000000,0.000000,0.007351,PAUSE
6134,0.000000,0.000000,0.044724,PAUSE
6135,0.000000,0.000000,0.139190,PAUSE
6136,1.000000,1.000000,0.067123,PAUSE
6137,0.000000,0.000000,0.082629,PAUSE
6138,0.000000,0.000000,0.177312,PAUSE
6139,0.000000,0.000000,0.326047,PAUSE
6140,1.000000,1.000000,0.148301,PAUSE
6141,1.000000,1.000000,0.062950,PAUSE
6142,0.000000,0.000000,0.053180,PAUSE
6143,1.000000,1.000000,0.026022,PAUSE
6144,0.000000,0.000000,0.043314,PAUSE
6145,1.000000,1.000000,0.022558,PAUSE
6146,0.000000,0.000000,0.043897,PAUSE
6147,1.000000,1.000000,0.022977,PAUSE
6148,0.000000,0.000000,0.044802,PAUSE
6149,1.000000,1.000000,0.023408,PAUSE
6150,0.000000,1.000000,0.011150,PAUSE
6151,1.000000,1.000000,0.005371,PAUSE
6152,1.000000,1.000000,0.002757,PAUSE
6153,1.000000,1.000000,0.001580,PAUSE
6154,0.000000,1.000000,0.001045,PAUSE
6155,0.000000,1.000000,0.000796,PAUSE
6156,0.000000,0.000000,0.007528,PAUSE
6157,1.000000,1.000000,0.005116,PAUSE
6158,0.000000,1.000000,0.003052,PAUSE
6159,0.000000,1.000000,0.001866,PAUSE
6160,0.000000,1.000000,0.001241,PAUSE
6161,0.000000,1.000000,0.000918,PAUSE
6162,0.000000,1.000000,0.000750,PAUSE
6163,0.000000,0.000000,0.007565,PAUSE
6164,1.000000,1.000000,0.005140,PAUSE
6165,1.000000,1.000000,0.003064,PAUSE
6166,0.000000,0.000000,0.014207,PAUSE
6167,0.000000,1.000000,0.008678,PAUSE
6168,0.000000,1.000000,0.004713,PAUSE
6169,0.000000,1.000000,0.002618,PAUSE
6170,0.000000,1.000000,0.001581,PAUSE
6171,1.000000,1.000000,0.001074,PAUSE
6172,0.000000,1.000000,0.000823,PAUSE
6173,0.000000,1.000000,0.000697,PAUSE
6174,0.000000,1.000000,0.000632,PAUSE
6175,1.000000,1.000000,0.000597,PAUSE
6176,1.000000,1.000000,0.000578,PAUSE
6177,1.000000,1.000000,0.000568,PAUSE
6178,0.000000,0.000000,0.006946,PAUSE
6179,0.000000,0.000000,0.043295,PAUSE
6180,0.000000,0.000000,0.136399,PAUSE
6181,0.000000,0.000000,0.281947,PAUSE
6182,1.000000,1.000000,0.129468,PAUSE
6183,0.000000,1.000000,0.055269,PAUSE
6184,1.000000,1.000000,0.023468,PAUSE
6185,1.000000,1.000000,0.010161,PAUSE
6186,0.000000,1.000000,0.004616,PAUSE
6187,1.000000,1.000000,0.002296,PAUSE
6188,0.000000,1.000000,0.001317,PAUSE
6189,0.000000,1.000000,0.000897,PAUSE
6190,0.000000,1.000000,0.000713,PAUSE
6191,0.000000,1.000000,0.000631,PAUSE
6192,0.000000,1.000000,0.000592,PAUSE
6193,0.000000,0.000000,0.006998,PAUSE
6194,0.000000,0.000000,0.043468,PAUSE
6195,0.000000,0.000000,0.136735,PAUSE
6196,0.000000,0.000000,0.282388,PAUSE
6197,1.000000,1.000000,0.129658,PAUSE
6198,0.000000,0.000000,0.121836,PAUSE
6199,1.000000,1.000000,0.056963,PAUSE
6200,1.000000,1.000000,0.025063,PAUSE
6201,0.000000,1.000000,0.011080,PAUSE
6202,0.000000,1.000000,0.005096,PAUSE
6203,1.000000,1.000000,0.002541,PAUSE
6204,1.000000,1.000000,0.001443,PAUSE
6205,1.000000,1.000000,0.000962,PAUSE
6206,1.000000,1.000000,0.000748,PAUSE
6207,0.000000,0.000000,0.007334,PAUSE
6208,1.000000,1.000000,0.005007,PAUSE
6209,1.000000,1.000000,0.002999,PAUSE
6210,0.000000,0.000000,0.014091,PAUSE
6211,0.000000,0.000000,0.065539,PAUSE
6212,1.000000,1.000000,0.033712,PAUSE
6213,0.000000,0.000000,0.056753,PAUSE
6214,0.000000,1.000000,0.028868,PAUSE
6215,0.000000,1.000000,0.013463,PAUSE
6216,1.000000,1.000000,0.006336,PAUSE
6217,0.000000,1.000000,0.003158,PAUSE
6218,0.000000,1.000000,0.001748,PAUSE
6219,1.000000,1.000000,0.001116,PAUSE
6220,0.000000,1.000000,0.000827,PAUSE
6221,0.000000,0.000000,0.007564,PAUSE
6222,0.000000,1.000000,0.005134,PAUSE
6223,0.000000,1.000000,0.003060,PAUSE
6224,1.000000,1.000000,0.001870,PAUSE
6225,1.000000,1.000000,0.001243,PAUSE
6226,1.000000,1.000000,0.000919,PAUSE
6227,1.000000,1.000000,0.000751,PAUSE
6228,0.000000,0.000000,0.007566,PAUSE
6229,0.000000,0.000000,0.045492,PAUSE
6230,0.000000,1.000000,0.024295,PAUSE
6231,0.000000,1.000000,0.011621,PAUSE
6232,0.000000,1.000000,0.005595,PAUSE
6233,1.000000,1.000000,0.002860,PAUSE
6234,0.000000,1.000000,0.001628,PAUSE
6235,0.000000,0.000000,0.009010,PAUSE
6236,1.000000,1.000000,0.005904,PAUSE
6237,1.000000,1.000000,0.003422,PAUSE
6238,0.000000,0.000000,0.014749,PAUSE
6239,1.000000,1.000000,0.008950,PAUSE
6240,1.000000,1.000000,0.004836,PAUSE
6241,0.000000,1.000000,0.002672,PAUSE
6242,0.000000,1.000000,0.001605,PAUSE
6243,0.000000,1.000000,0.001084,PAUSE
6244,0.000000,1.000000,0.000828,PAUSE
6245,0.000000,0.000000,0.007723,PAUSE
6246,0.000000,0.000000,0.045996,PAUSE
6247,0.000000,1.000000,0.024534,PAUSE
6248,0.000000,1.000000,0.011724,PAUSE
6249,1.000000,1.000000,0.005638,PAUSE
6250,0.000000,0.000000,0.014772,PAUSE
6251,1.000000,1.000000,0.008839,PAUSE
6252,0.000000,1.000000,0.004762,PAUSE
6253,0.000000,1.000000,0.002632,PAUSE
6254,0.000000,1.000000,0.001584,PAUSE
6255,1.000000,1.000000,0.001074,PAUSE
6256,0.000000,1.000000,0.000823,PAUSE
6257,1.000000,1.000000,0.000696,PAUSE
6258,0.000000,0.000000,0.007363,PAUSE
6259,0.000000,0.000000,0.044771,PAUSE
6260,0.000000,0.000000,0.139283,PAUSE
6261,1.000000,1.000000,0.067164,PAUSE
6262,1.000000,1.000000,0.029643,PAUSE
6263,0.000000,0.000000,0.035707,PAUSE
6264,0.000000,0.000000,0.100928,PAUSE
6265,1.000000,1.000000,0.049726,PAUSE
6266,0.000000,1.000000,0.022351,PAUSE
6267,0.000000,1.000000,0.010044,PAUSE
6268,0.000000,1.000000,0.004700,PAUSE
6269,1.000000,1.000000,0.002392,PAUSE
6270,0.000000,0.000000,0.009598,PAUSE
6271,1.000000,1.000000,0.006185,PAUSE
6272,1.000000,1.000000,0.003547,PAUSE
6273,0.000000,0.000000,0.014896,PAUSE
6274,0.000000,0.000000,0.067479,PAUSE
6275,1.000000,1.000000,0.034609,PAUSE
6276,0.000000,0.000000,0.057529,PAUSE
6277,0.000000,0.000000,0.147595,PAUSE
6278,1.000000,1.000000,0.070670,PAUSE
6279,1.000000,1.000000,0.031072,PAUSE
6280,0.000000,0.000000,0.036413,PAUSE
6281,0.000000,0.000000,0.101504,PAUSE
6282,1.000000,1.000000,0.049975,PAUSE
6283,0.000000,0.000000,0.069467,PAUSE
6284,0.000000,0.000000,0.162033,PAUSE
6285,0.000000,0.000000,0.309158,PAUSE
6286,1.000000,1.000000,0.141088,PAUSE
6287,0.000000,0.000000,0.128209,PAUSE
6288,0.000000,0.000000,0.219103,PAUSE
6289,1.000000,1.000000,0.101550,PAUSE
6290,1.000000,1.000000,0.043741,PAUSE
6291,0.000000,0.000000,0.043075,PAUSE
6292,1.000000,1.000000,0.021729,PAUSE
6293,0.000000,0.000000,0.040542,PAUSE
6294,0.000000,0.000000,0.119287,PAUSE
6295,0.000000,1.000000,0.058096,PAUSE
6296,0.000000,1.000000,0.025857,PAUSE
6297,0.000000,1.000000,0.011489,PAUSE
6298,1.000000,1.000000,0.005294,PAUSE
6299,0.000000,0.000000,0.012532,PAUSE
6300,0.000000,0.000000,0.057715,PAUSE
6301,0.000000,0.000000,0.162517,PAUSE
6302,0.000000,0.000000,0.314970,PAUSE
6303,0.000000,0.000000,0.480790,PAUSE
6304,1.000000,1.000000,0.214112,PAUSE
6305,0.000000,1.000000,0.089732,PAUSE
6306,0.000000,1.000000,0.037390,PAUSE
6307,0.000000,1.000000,0.015775,PAUSE
6308,1.000000,1.000000,0.006881,PAUSE
6309,0.000000,1.000000,0.003212,PAUSE
6310,1.000000,1.000000,0.001688,PAUSE
6311,0.000000,1.000000,0.001048,PAUSE
6312,1.000000,1.000000,0.000775,PAUSE
6313,0.000000,1.000000,0.000656,PAUSE
6314,0.000000,1.000000,0.000603,PAUSE
6315,0.000000,1.000000,0.000578,PAUSE
6316,1.000000,1.000000,0.000566,PAUSE
6317,1.000000,1.000000,0.000560,PAUSE
6318,0.000000,1.000000,0.000557,PAUSE
6319,0.000000,0.000000,0.006901,PAUSE
6320,1.000000,1.000000,0.004770,PAUSE
6321,0.000000,0.000000,0.021550,PAUSE
6322,1.000000,1.000000,0.012459,PAUSE
6323,0.000000,0.000000,0.033946,PAUSE
6324,0.000000,1.000000,0.018425,PAUSE
6325,0.000000,1.000000,0.009028,PAUSE
6326,0.000000,0.000000,0.021112,PAUSE
6327,0.000000,0.000000,0.080405,PAUSE
6328,1.000000,1.000000,0.040530,PAUSE
6329,0.000000,0.000000,0.062433,PAUSE
6330,0.000000,0.000000,0.153847,PAUSE
6331,0.000000,1.000000,0.073410,PAUSE
6332,0.000000,1.000000,0.032202,PAUSE
6333,0.000000,0.000000,0.037041,PAUSE
6334,0.000000,0.000000,0.102138,PAUSE
6335,1.000000,1.000000,0.050253,PAUSE
6336,0.000000,1.000000,0.022569,PAUSE
6337,0.000000,1.000000,0.010133,PAUSE
6338,0.000000,0.000000,0.017777,PAUSE
6339,0.000000,0.000000,0.069305,PAUSE
6340,0.000000,1.000000,0.035389,PAUSE
6341,0.000000,1.000000,0.016339,PAUSE
6342,0.000000,0.000000,0.027178,PAUSE
6343,1.000000,1.000000,0.014827,PAUSE
6344,0.000000,0.000000,0.035415,PAUSE
6345,1.000000,1.000000,0.019066,PAUSE
6346,0.000000,0.000000,0.041149,PAUSE
6347,0.000000,1.000000,0.021751,PAUSE
6348,0.000000,1.000000,0.010448,PAUSE
6349,0.000000,0.000000,0.022242,PAUSE
6350,0.000000,0.000000,0.082234,PAUSE
6351,1.000000,1.000000,0.041358,PAUSE
6352,0.000000,0.000000,0.063081,PAUSE
6353,0.000000,0.000000,0.154635,PAUSE
6354,0.000000,0.000000,0.300870,PAUSE
6355,0.000000,0.000000,0.465743,PAUSE
6356,1.000000,1.000000,0.207744,PAUSE
6357,0.000000,1.000000,0.087145,PAUSE
6358,1.000000,1.000000,0.036346,PAUSE
6359,0.000000,1.000000,0.015355,PAUSE
6360,0.000000,1.000000,0.006712,PAUSE
6361,0.000000,0.000000,0.011902,PAUSE
6362,1.000000,1.000000,0.007199,PAUSE
6363,1.000000,1.000000,0.003978,PAUSE
6364,0.000000,0.000000,0.015258,PAUSE
6365,1.000000,1.000000,0.009192,PAUSE
6366,0.000000,0.000000,0.029094,PAUSE
6367,1.000000,1.000000,0.016119,PAUSE
6368,1.000000,1.000000,0.008030,PAUSE
6369,0.000000,0.000000,0.020226,PAUSE
6370,0.000000,0.000000,0.078844,PAUSE
6371,0.000000,1.000000,0.039821,PAUSE
6372,1.000000,1.000000,0.018216,PAUSE
6373,1.000000,1.000000,0.008343,PAUSE
6374,0.000000,0.000000,0.016692,PAUSE
6375,1.000000,1.000000,0.009723,PAUSE
6376,1.000000,1.000000,0.005144,PAUSE
6377,0.000000,1.000000,0.002795,PAUSE
6378,0.000000,0.000000,0.011877,PAUSE
6379,0.000000,0.000000,0.058496,PAUSE
6380,1.000000,1.000000,0.030422,PAUSE
6381,0.000000,1.000000,0.014241,PAUSE
6382,1.000000,1.000000,0.006692,PAUSE
6383,0.000000,1.000000,0.003318,PAUSE
6384,0.000000,1.000000,0.001820,PAUSE
6385,0.000000,1.000000,0.001149,PAUSE
6386,1.000000,1.000000,0.000842,PAUSE
6387,0.000000,1.000000,0.000698,PAUSE
6388,1.000000,1.000000,0.000629,PAUSE
6389,1.000000,1.000000,0.000594,PAUSE
6390,1.000000,1.000000,0.000576,PAUSE
6391,0.000000,0.000000,0.006970,PAUSE
6392,1.000000,1.000000,0.004809,PAUSE
6393,1.000000,1.000000,0.002905,PAUSE
6394,0.000000,0.000000,0.013935,PAUSE
6395,0.000000,0.000000,0.065145,PAUSE
6396,1.000000,1.000000,0.033529,PAUSE
6397,0.000000,0.000000,0.056593,PAUSE
6398,0.000000,1.000000,0.028797,PAUSE
6399,1.000000,1.000000,0.013434,PAUSE
6400,0.000000,1.000000,0.006323,PAUSE
6401,1.000000,1.000000,0.003153,PAUSE
6402,1.000000,1.000000,0.001746,PAUSE
6403,0.000000,1.000000,0.001115,PAUSE
6404,0.000000,0.000000,0.008085,PAUSE
6405,1.000000,1.000000,0.005412,PAUSE
6406,1.000000,1.000000,0.003191,PAUSE
6407,0.000000,0.000000,0.014400,PAUSE
6408,1.000000,1.000000,0.008774,PAUSE
6409,0.000000,0.000000,0.028558,PAUSE
6410,0.000000,1.000000,0.015866,PAUSE
6411,0.000000,1.000000,0.007920,PAUSE
6412,0.000000,1.000000,0.004012,PAUSE
6413,0.000000,0.000000,0.013278,PAUSE
6414,1.000000,1.000000,0.008121,PAUSE
6415,0.000000,0.000000,0.027263,PAUSE
6416,0.000000,0.000000,0.097911,PAUSE
6417,0.000000,0.000000,0.227524,PAUSE
6418,1.000000,1.000000,0.105916,PAUSE
6419,1.000000,1.000000,0.045620,PAUSE
6420,1.000000,1.000000,0.019554,PAUSE
6421,0.000000,1.000000,0.008576,PAUSE
6422,1.000000,1.000000,0.003974,PAUSE
6423,1.000000,1.000000,0.002036,PAUSE
6424,1.000000,1.000000,0.001211,PAUSE
6425,1.000000,1.000000,0.000853,PAUSE
6426,0.000000,1.000000,0.000695,PAUSE
6427,0.000000,0.000000,0.007204,PAUSE
6428,1.000000,1.000000,0.004936,PAUSE
6429,0.000000,0.000000,0.021875,PAUSE
6430,0.000000,0.000000,0.086478,PAUSE
6431,0.000000,1.000000,0.043355,PAUSE
6432,1.000000,1.000000,0.019708,PAUSE
6433,1.000000,1.000000,0.008962,PAUSE
6434,0.000000,1.000000,0.004258,PAUSE
6435,1.000000,1.000000,0.002210,PAUSE
6436,1.000000,1.000000,0.001312,PAUSE
6437,0.000000,0.000000,0.008290,PAUSE
6438,1.000000,1.000000,0.005516,PAUSE
6439,0.000000,0.000000,0.022943,PAUSE
6440,0.000000,1.000000,0.013144,PAUSE
6441,0.000000,1.000000,0.006728,PAUSE
6442,0.000000,0.000000,0.018974,PAUSE
6443,0.000000,0.000000,0.076501,PAUSE
6444,1.000000,1.000000,0.038754,PAUSE
6445,0.000000,0.000000,0.061008,PAUSE
6446,0.000000,0.000000,0.152078,PAUSE
6447,1.000000,1.000000,0.072635,PAUSE
6448,0.000000,1.000000,0.031883,PAUSE
6449,1.000000,1.000000,0.013954,PAUSE
6450,0.000000,1.000000,0.006299,PAUSE
6451,0.000000,0.000000,0.013109,PAUSE
6452,0.000000,0.000000,0.058475,PAUSE
6453,0.000000,0.000000,0.163659,PAUSE
6454,0.000000,0.000000,0.316327,PAUSE
6455,1.000000,1.000000,0.144234,PAUSE
6456,1.000000,1.000000,0.061301,PAUSE
6457,0.000000,1.000000,0.025909,PAUSE
6458,0.000000,1.000000,0.011147,PAUSE
6459,1.000000,1.000000,0.005014,PAUSE
6460,0.000000,0.000000,0.011087,PAUSE
6461,0.000000,0.000000,0.052979,PAUSE
6462,0.000000,0.000000,0.153913,PAUSE
6463,0.000000,0.000000,0.304241,PAUSE
6464,0.000000,1.000000,0.139050,PAUSE
6465,1.000000,1.000000,0.059185,PAUSE
6466,0.000000,1.000000,0.025053,PAUSE
6467,0.000000,1.000000,0.010801,PAUSE
6468,0.000000,0.000000,0.015452,PAUSE
6469,0.000000,0.000000,0.061031,PAUSE
6470,0.000000,0.000000,0.167226,PAUSE
6471,0.000000,0.000000,0.320475,PAUSE
6472,1.000000,1.000000,0.146008,PAUSE
6473,1.000000,1.000000,0.062025,PAUSE
6474,0.000000,1.000000,0.026202,PAUSE
6475,0.000000,1.000000,0.011265,PAUSE
6476,0.000000,0.000000,0.015675,PAUSE
6477,1.000000,1.000000,0.009007,PAUSE
6478,0.000000,0.000000,0.027239,PAUSE
6479,0.000000,0.000000,0.097075,PAUSE
6480,1.000000,1.000000,0.048154,PAUSE
6481,0.000000,1.000000,0.021717,PAUSE
6482,0.000000,1.000000,0.009790,PAUSE
6483,0.000000,1.000000,0.004598,PAUSE
6484,0.000000,0.000000,0.012109,PAUSE
6485,0.000000,0.000000,0.057108,PAUSE
6486,0.000000,0.000000,0.161577,PAUSE
6487,1.000000,1.000000,0.077039,PAUSE
6488,1.000000,1.000000,0.033730,PAUSE
6489,0.000000,0.000000,0.038040,PAUSE
6490,1.000000,1.000000,0.019605,PAUSE
6491,0.000000,0.000000,0.039225,PAUSE
6492,0.000000,0.000000,0.117849,PAUSE
6493,0.000000,0.000000,0.254548,PAUSE
6494,0.000000,0.000000,0.419036,PAUSE
6495,0.000000,1.000000,0.187994,PAUSE
6496,0.000000,1.000000,0.079123,PAUSE
6497,0.000000,1.000000,0.033110,PAUSE
6498,0.000000,1.000000,0.014052,PAUSE
6499,0.000000,1.000000,0.006187,PAUSE
6500,1.000000,1.000000,0.002932,PAUSE
6501,0.000000,0.000000,0.009250,PAUSE
6502,0.000000,0.000000,0.048950,PAUSE
6503,1.000000,1.000000,0.025915,PAUSE
6504,0.000000,1.000000,0.012313,PAUSE
6505,0.000000,1.000000,0.005885,PAUSE
6506,0.000000,0.000000,0.014957,PAUSE
6507,0.000000,0.000000,0.065077,PAUSE
6508,0.000000,1.000000,0.033466,PAUSE
6509,1.000000,1.000000,0.015530,PAUSE
6510,0.000000,1.000000,0.007229,PAUSE
6511,0.000000,1.000000,0.003541,PAUSE
6512,1.000000,1.000000,0.001913,PAUSE
6513,1.000000,1.000000,0.001188,PAUSE
6514,1.000000,1.000000,0.000859,PAUSE
6515,1.000000,1.000000,0.000706,PAUSE
6516,0.000000,0.000000,0.007305,PAUSE
6517,1.000000,1.000000,0.004993,PAUSE
6518,0.000000,0.000000,0.021997,PAUSE
6519,0.000000,1.000000,0.012680,PAUSE
6520,0.000000,1.000000,0.006524,PAUSE
6521,0.000000,0.000000,0.018765,PAUSE
6522,0.000000,1.000000,0.010921,PAUSE
6523,0.000000,1.000000,0.005712,PAUSE
6524,1.000000,1.000000,0.003053,PAUSE
6525,1.000000,1.000000,0.001770,PAUSE
6526,1.000000,1.000000,0.001157,PAUSE
6527,1.000000,1.000000,0.000861,PAUSE
6528,1.000000,1.000000,0.000714,PAUSE
6529,0.000000,0.000000,0.007401,PAUSE
6530,0.000000,1.000000,0.005048,PAUSE
6531,0.000000,1.000000,0.003020,PAUSE
6532,1.000000,1.000000,0.001851,PAUSE
6533,0.000000,0.000000,0.010657,PAUSE
6534,0.000000,0.000000,0.055439,PAUSE
6535,0.000000,0.000000,0.159170,PAUSE
6536,0.000000,1.000000,0.075982,PAUSE
6537,1.000000,1.000000,0.033294,PAUSE
6538,0.000000,1.000000,0.014537,PAUSE
6539,1.000000,1.000000,0.006539,PAUSE
6540,0.000000,0.000000,0.013263,PAUSE
6541,1.000000,1.000000,0.007964,PAUSE
6542,0.000000,1.000000,0.004342,PAUSE
6543,1.000000,1.000000,0.002439,PAUSE
6544,0.000000,1.000000,0.001496,PAUSE
6545,0.000000,0.000000,0.009327,PAUSE
6546,1.000000,1.000000,0.006091,PAUSE
6547,0.000000,0.000000,0.024065,PAUSE
6548,0.000000,1.000000,0.013694,PAUSE
6549,1.000000,1.000000,0.006971,PAUSE
6550,0.000000,1.000000,0.003606,PAUSE
6551,0.000000,0.000000,0.012896,PAUSE
6552,0.000000,0.000000,0.060956,PAUSE
6553,0.000000,0.000000,0.168671,PAUSE
6554,0.000000,1.000000,0.080172,PAUSE
6555,1.000000,1.000000,0.035025,PAUSE
6556,1.000000,1.000000,0.015243,PAUSE
6557,1.000000,1.000000,0.006826,PAUSE
6558,0.000000,1.000000,0.003263,PAUSE
6559,0.000000,1.000000,0.001746,PAUSE
6560,1.000000,1.000000,0.001092,PAUSE
6561,1.000000,1.000000,0.000804,PAUSE
6562,0.000000,1.000000,0.000674,PAUSE
6563,1.000000,1.000000,0.000614,PAUSE
6564,0.000000,1.000000,0.000585,PAUSE
6565,0.000000,0.000000,0.006988,PAUSE
6566,0.000000,0.000000,0.043440,PAUSE
6567,0.000000,1.000000,0.023316,PAUSE
6568,0.000000,0.000000,0.046956,PAUSE
6569,1.000000,1.000000,0.024454,PAUSE
6570,0.000000,0.000000,0.046381,PAUSE
6571,0.000000,0.000000,0.130586,PAUSE
6572,0.000000,0.000000,0.271448,PAUSE
6573,1.000000,1.000000,0.124906,PAUSE
6574,1.000000,1.000000,0.053399,PAUSE
6575,0.000000,0.000000,0.048457,PAUSE
6576,0.000000,0.000000,0.112927,PAUSE
6577,0.000000,0.000000,0.241901,PAUSE
6578,1.000000,1.000000,0.112061,PAUSE
6579,0.000000,1.000000,0.048130,PAUSE
6580,1.000000,1.000000,0.020570,PAUSE
6581,1.000000,1.000000,0.008987,PAUSE
6582,0.000000,1.000000,0.004140,PAUSE
6583,0.000000,1.000000,0.002103,PAUSE
6584,0.000000,0.000000,0.008811,PAUSE
6585,0.000000,1.000000,0.005759,PAUSE
6586,1.000000,1.000000,0.003346,PAUSE
6587,0.000000,0.000000,0.014582,PAUSE
6588,0.000000,0.000000,0.066712,PAUSE
6589,0.000000,1.000000,0.034254,PAUSE
6590,0.000000,0.000000,0.057222,PAUSE
6591,1.000000,1.000000,0.029078,PAUSE
6592,0.000000,0.000000,0.050198,PAUSE
6593,0.000000,0.000000,0.135688,PAUSE
6594,1.000000,1.000000,0.065397,PAUSE
6595,0.000000,1.000000,0.028888,PAUSE
6596,1.000000,1.000000,0.012730,PAUSE
6597,0.000000,1.000000,0.005801,PAUSE
6598,1.000000,1.000000,0.002843,PAUSE
6599,0.000000,1.000000,0.001573,PAUSE
6600,1.000000,1.000000,0.001020,PAUSE
6601,1.000000,1.000000,0.000774,PAUSE
6602,1.000000,1.000000,0.000662,PAUSE
6603,0.000000,1.000000,0.000608,PAUSE
6604,1.000000,1.000000,0.000582,PAUSE
6605,1.000000,1.000000,0.000569,PAUSE
6606,1.000000,1.000000,0.000562,PAUSE
6607,0.000000,1.000000,0.000558,PAUSE
6608,0.000000,1.000000,0.000556,PAUSE
6609,0.000000,1.000000,0.000555,PAUSE
6610,0.000000,0.000000,0.006894,PAUSE
6611,0.000000,0.000000,0.043105,PAUSE
6612,1.000000,1.000000,0.023156,PAUSE
6613,1.000000,1.000000,0.011131,PAUSE
6614,1.000000,1.000000,0.005388,PAUSE
6615,0.000000,0.000000,0.014573,PAUSE
6616,0.000000,1.000000,0.008745,PAUSE
6617,0.000000,1.000000,0.004721,PAUSE
6618,0.000000,1.000000,0.002614,PAUSE
6619,0.000000,0.000000,0.011704,PAUSE
6620,1.000000,1.000000,0.007342,PAUSE
6621,0.000000,0.000000,0.026178,PAUSE
6622,0.000000,1.000000,0.014719,PAUSE
6623,0.000000,1.000000,0.007419,PAUSE
6624,0.000000,1.000000,0.003799,PAUSE
6625,0.000000,0.000000,0.013080,PAUSE
6626,0.000000,1.000000,0.008026,PAUSE
6627,0.000000,0.000000,0.027141,PAUSE
6628,1.000000,1.000000,0.015179,PAUSE
6629,1.000000,1.000000,0.007620,PAUSE
6630,0.000000,1.000000,0.003884,PAUSE
6631,0.000000,0.000000,0.013158,PAUSE
6632,1.000000,1.000000,0.008063,PAUSE
6633,0.000000,0.000000,0.027189,PAUSE
6634,0.000000,0.000000,0.097770,PAUSE
6635,0.000000,1.000000,0.048479,PAUSE
6636,0.000000,1.000000,0.021854,PAUSE
6637,0.000000,0.000000,0.030930,PAUSE
6638,0.000000,1.000000,0.016503,PAUSE
6639,0.000000,0.000000,0.036863,PAUSE
6640,1.000000,1.000000,0.019721,PAUSE
6641,0.000000,0.000000,0.041727,PAUSE
6642,0.000000,0.000000,0.123573,PAUSE
6643,0.000000,0.000000,0.262539,PAUSE
6644,0.000000,1.000000,0.121068,PAUSE
6645,0.000000,0.000000,0.116753,PAUSE
6646,0.000000,1.000000,0.054813,PAUSE
6647,0.000000,0.000000,0.067292,PAUSE
6648,0.000000,0.000000,0.154356,PAUSE
6649,0.000000,1.000000,0.073534,PAUSE
6650,1.000000,1.000000,0.032240,PAUSE
6651,1.000000,1.000000,0.014096,PAUSE
6652,1.000000,1.000000,0.006356,PAUSE
6653,1.000000,1.000000,0.003070,PAUSE
6654,0.000000,1.000000,0.001666,PAUSE
6655,0.000000,0.000000,0.008540,PAUSE
6656,0.000000,0.000000,0.047978,PAUSE
6657,0.000000,0.000000,0.145269,PAUSE
6658,1.000000,1.000000,0.069823,PAUSE
6659,1.000000,1.000000,0.030745,PAUSE
6660,0.000000,1.000000,0.013495,PAUSE
6661,0.000000,0.000000,0.019791,PAUSE
6662,0.000000,0.000000,0.071913,PAUSE
6663,0.000000,0.000000,0.185423,PAUSE
6664,0.000000,0.000000,0.342229,PAUSE
6665,1.000000,1.000000,0.155313,PAUSE
6666,0.000000,0.000000,0.136333,PAUSE
6667,0.000000,1.000000,0.063057,PAUSE
6668,0.000000,1.000000,0.027550,PAUSE
6669,0.000000,1.000000,0.012088,PAUSE
6670,0.000000,1.000000,0.005504,PAUSE
6671,1.000000,1.000000,0.002707,PAUSE
6672,0.000000,0.000000,0.009662,PAUSE
6673,0.000000,1.000000,0.006201,PAUSE
6674,1.000000,1.000000,0.003550,PAUSE
6675,1.000000,1.000000,0.002090,PAUSE
6676,0.000000,1.000000,0.001342,PAUSE
6677,0.000000,0.000000,0.009120,PAUSE
6678,1.000000,1.000000,0.005985,PAUSE
6679,0.000000,0.000000,0.023892,PAUSE
6680,1.000000,1.000000,0.013610,PAUSE
6681,0.000000,1.000000,0.006934,PAUSE
6682,0.000000,1.000000,0.003590,PAUSE
6683,0.000000,0.000000,0.012881,PAUSE
6684,1.000000,1.000000,0.007929,PAUSE
6685,0.000000,0.000000,0.027016,PAUSE
6686,0.000000,0.000000,0.097440,PAUSE
6687,0.000000,0.000000,0.226853,PAUSE
6688,0.000000,0.000000,0.389682,PAUSE
6689,1.000000,1.000000,0.175539,PAUSE
6690,1.000000,1.000000,0.074058,PAUSE
6691,0.000000,0.000000,0.058599,PAUSE
6692,0.000000,0.000000,0.120821,PAUSE
6693,1.000000,1.000000,0.058362,PAUSE
6694,0.000000,0.000000,0.074884,PAUSE
6695,0.000000,0.000000,0.167530,PAUSE
6696,0.000000,1.000000,0.079357,PAUSE
6697,0.000000,0.000000,0.090109,PAUSE
6698,1.000000,1.000000,0.043424,PAUSE
6699,0.000000,0.000000,0.060235,PAUSE
6700,0.000000,1.000000,0.030226,PAUSE
6701,0.000000,0.000000,0.050448,PAUSE
6702,1.000000,1.000000,0.025916,PAUSE
6703,0.000000,0.000000,0.047219,PAUSE
6704,0.000000,1.000000,0.024489,PAUSE
6705,0.000000,0.000000,0.046121,PAUSE
6706,0.000000,0.000000,0.129978,PAUSE
6707,0.000000,1.000000,0.062876,PAUSE
6708,1.000000,1.000000,0.027845,PAUSE
6709,1.000000,1.000000,0.012304,PAUSE
6710,0.000000,1.000000,0.005627,PAUSE
6711,1.000000,1.000000,0.002772,PAUSE
6712,0.000000,1.000000,0.001544,PAUSE
6713,1.000000,1.000000,0.001008,PAUSE
6714,0.000000,0.000000,0.007753,PAUSE
6715,0.000000,1.000000,0.005230,PAUSE
6716,0.000000,1.000000,0.003104,PAUSE
6717,0.000000,0.000000,0.014256,PAUSE
6718,0.000000,0.000000,0.065946,PAUSE
6719,1.000000,1.000000,0.033900,PAUSE
6720,0.000000,0.000000,0.056917,PAUSE
6721,0.000000,0.000000,0.146787,PAUSE
6722,0.000000,0.000000,0.291715,PAUSE
6723,0.000000,1.000000,0.133621,PAUSE
6724,1.000000,1.000000,0.056961,PAUSE
6725,0.000000,0.000000,0.050241,PAUSE
6726,0.000000,1.000000,0.024791,PAUSE
6727,0.000000,0.000000,0.042590,PAUSE
6728,0.000000,0.000000,0.121696,PAUSE
6729,0.000000,0.000000,0.259119,PAUSE
6730,0.000000,0.000000,0.423639,PAUSE
6731,1.000000,1.000000,0.189942,PAUSE
6732,0.000000,0.000000,0.155069,PAUSE
6733,1.000000,1.000000,0.070884,PAUSE
6734,1.000000,1.000000,0.030735,PAUSE
6735,1.000000,1.000000,0.013376,PAUSE
6736,0.000000,1.000000,0.006025,PAUSE
6737,0.000000,0.000000,0.012612,PAUSE
6738,1.000000,1.000000,0.007636,PAUSE
6739,1.000000,1.000000,0.004194,PAUSE
6740,0.000000,1.000000,0.002373,PAUSE
6741,0.000000,0.000000,0.011340,PAUSE
6742,0.000000,0.000000,0.057167,PAUSE
6743,1.000000,1.000000,0.029803,PAUSE
6744,1.000000,1.000000,0.013977,PAUSE
6745,1.000000,1.000000,0.006582,PAUSE
6746,0.000000,1.000000,0.003273,PAUSE
6747,1.000000,1.000000,0.001801,PAUSE
6748,0.000000,1.000000,0.001141,PAUSE
6749,0.000000,1.000000,0.000839,PAUSE
6750,1.000000,1.000000,0.000697,PAUSE
6751,1.000000,1.000000,0.000628,PAUSE
6752,0.000000,1.000000,0.000593,PAUSE
6753,0.000000,0.000000,0.007026,PAUSE
6754,1.000000,1.000000,0.004840,PAUSE
6755,0.000000,1.000000,0.002920,PAUSE
6756,0.000000,1.000000,0.001805,PAUSE
6757,0.000000,0.000000,0.010578,PAUSE
6758,0.000000,0.000000,0.055222,PAUSE
6759,0.000000,0.000000,0.158784,PAUSE
6760,0.000000,0.000000,0.310523,PAUSE
6761,1.000000,1.000000,0.141748,PAUSE
6762,1.000000,1.000000,0.060287,PAUSE
6763,0.000000,0.000000,0.051920,PAUSE
6764,1.000000,1.000000,0.025498,PAUSE
6765,0.000000,1.000000,0.011833,PAUSE
6766,1.000000,1.000000,0.005597,PAUSE
6767,0.000000,0.000000,0.014071,PAUSE
6768,1.000000,1.000000,0.008461,PAUSE
6769,0.000000,0.000000,0.027516,PAUSE
6770,0.000000,1.000000,0.015351,PAUSE
6771,0.000000,1.000000,0.007693,PAUSE
6772,0.000000,1.000000,0.003915,PAUSE
6773,0.000000,0.000000,0.013183,PAUSE
6774,1.000000,1.000000,0.008075,PAUSE
6775,0.000000,1.000000,0.004424,PAUSE
6776,1.000000,1.000000,0.002485,PAUSE
6777,0.000000,0.000000,0.011561,PAUSE
6778,1.000000,1.000000,0.007271,PAUSE
6779,0.000000,0.000000,0.026078,PAUSE
6780,0.000000,1.000000,0.014671,PAUSE
6781,1.000000,1.000000,0.007399,PAUSE
6782,1.000000,1.000000,0.003790,PAUSE
6783,0.000000,0.000000,0.013072,PAUSE
6784,0.000000,0.000000,0.061326,PAUSE
6785,1.000000,1.000000,0.031737,PAUSE
6786,1.000000,1.000000,0.014799,PAUSE
6787,0.000000,0.000000,0.026107,PAUSE
6788,0.000000,0.000000,0.088841,PAUSE
6789,1.000000,1.000000,0.044346,PAUSE
6790,1.000000,1.000000,0.020112,PAUSE
6791,0.000000,0.000000,0.029745,PAUSE
6792,0.000000,0.000000,0.093772,PAUSE
6793,0.000000,0.000000,0.219122,PAUSE
6794,1.000000,1.000000,0.102232,PAUSE
6795,0.000000,0.000000,0.105396,PAUSE
6796,1.000000,1.000000,0.049995,PAUSE
6797,0.000000,0.000000,0.064434,PAUSE
6798,0.000000,0.000000,0.151638,PAUSE
6799,0.000000,0.000000,0.295727,PAUSE
6800,1.000000,1.000000,0.135316,PAUSE
6801,1.000000,1.000000,0.057651,PAUSE
6802,0.000000,1.000000,0.024430,PAUSE
6803,1.000000,1.000000,0.010549,PAUSE
6804,0.000000,0.000000,0.015323,PAUSE
6805,0.000000,0.000000,0.060899,PAUSE
6806,1.000000,1.000000,0.031463,PAUSE
6807,0.000000,1.000000,0.014671,PAUSE
6808,1.000000,1.000000,0.006868,PAUSE
6809,0.000000,0.000000,0.015666,PAUSE
6810,0.000000,1.000000,0.009253,PAUSE
6811,1.000000,1.000000,0.004941,PAUSE
6812,0.000000,1.000000,0.002708,PAUSE
6813,1.000000,1.000000,0.001617,PAUSE
6814,1.000000,1.000000,0.001088,PAUSE
6815,0.000000,0.000000,0.008342,PAUSE
6816,0.000000,0.000000,0.048013,PAUSE
6817,0.000000,0.000000,0.145477,PAUSE
6818,0.000000,0.000000,0.293719,PAUSE
6819,0.000000,0.000000,0.459850,PAUSE
6820,0.000000,0.000000,0.612442,ALLOW
6821,1.000000,1.000000,0.269386,PAUSE
6822,1.000000,1.000000,0.112129,PAUSE
6823,0.000000,0.000000,0.076170,PAUSE
6824,0.000000,1.000000,0.035548,PAUSE
6825,0.000000,0.000000,0.048478,PAUSE
6826,1.000000,1.000000,0.024752,PAUSE
6827,0.000000,1.000000,0.011663,PAUSE
6828,0.000000,1.000000,0.005569,PAUSE
6829,0.000000,0.000000,0.014384,PAUSE
6830,0.000000,1.000000,0.008633,PAUSE
6831,1.000000,1.000000,0.004666,PAUSE
6832,1.000000,1.000000,0.002589,PAUSE
6833,0.000000,0.000000,0.011665,PAUSE
6834,1.000000,1.000000,0.007322,PAUSE
6835,1.000000,1.000000,0.004085,PAUSE
6836,1.000000,1.000000,0.002336,PAUSE
6837,0.000000,0.000000,0.011380,PAUSE
6838,1.000000,1.000000,0.007181,PAUSE
6839,1.000000,1.000000,0.004021,PAUSE
6840,0.000000,1.000000,0.002307,PAUSE
6841,0.000000,0.000000,0.011345,PAUSE
6842,1.000000,1.000000,0.007163,PAUSE
6843,1.000000,1.000000,0.004013,PAUSE
6844,0.000000,1.000000,0.002304,PAUSE
6845,0.000000,0.000000,0.011341,PAUSE
6846,0.000000,1.000000,0.007161,PAUSE
6847,0.000000,0.000000,0.025916,PAUSE
6848,1.000000,1.000000,0.014593,PAUSE
6849,0.000000,1.000000,0.007365,PAUSE
6850,0.000000,1.000000,0.003775,PAUSE
6851,0.000000,0.000000,0.013058,PAUSE
6852,1.000000,1.000000,0.008015,PAUSE
6853,0.000000,0.000000,0.027128,PAUSE
6854,0.000000,0.000000,0.097655,PAUSE
6855,0.000000,0.000000,0.227159,PAUSE
6856,0.000000,0.000000,0.390014,PAUSE
6857,0.000000,0.000000,0.551185,ALLOW
6858,0.000000,1.000000,0.243726,PAUSE
6859,1.000000,1.000000,0.101739,PAUSE
6860,1.000000,1.000000,0.042228,PAUSE
6861,0.000000,0.000000,0.033581,PAUSE
6862,1.000000,1.000000,0.016915,PAUSE
6863,0.000000,0.000000,0.034079,PAUSE
6864,0.000000,1.000000,0.018311,PAUSE
6865,0.000000,0.000000,0.039937,PAUSE
6866,1.000000,1.000000,0.021179,PAUSE
6867,0.000000,0.000000,0.043234,PAUSE
6868,0.000000,1.000000,0.022702,PAUSE
6869,1.000000,1.000000,0.010852,PAUSE
6870,0.000000,1.000000,0.005247,PAUSE
6871,0.000000,1.000000,0.002705,PAUSE
6872,0.000000,1.000000,0.001559,PAUSE
6873,0.000000,0.000000,0.008904,PAUSE
6874,0.000000,0.000000,0.049493,PAUSE
6875,1.000000,1.000000,0.026189,PAUSE
6876,0.000000,0.000000,0.049799,PAUSE
6877,0.000000,0.000000,0.136882,PAUSE
6878,0.000000,1.000000,0.065953,PAUSE
6879,0.000000,1.000000,0.029122,PAUSE
6880,0.000000,1.000000,0.012827,PAUSE
6881,0.000000,1.000000,0.005840,PAUSE
6882,1.000000,1.000000,0.002860,PAUSE
6883,0.000000,0.000000,0.009907,PAUSE
6884,1.000000,1.000000,0.006329,PAUSE
6885,0.000000,0.000000,0.024191,PAUSE
6886,0.000000,1.000000,0.013748,PAUSE
6887,0.000000,0.000000,0.035499,PAUSE
6888,1.000000,1.000000,0.019150,PAUSE
6889,1.000000,1.000000,0.009339,PAUSE
6890,1.000000,1.000000,0.004614,PAUSE
6891,1.000000,1.000000,0.002440,PAUSE
6892,1.000000,1.000000,0.001447,PAUSE
6893,0.000000,1.000000,0.000988,PAUSE
6894,1.000000,1.000000,0.000772,PAUSE
6895,0.000000,0.000000,0.007498,PAUSE
6896,0.000000,1.000000,0.005100,PAUSE
6897,0.000000,0.000000,0.022209,PAUSE
6898,0.000000,0.000000,0.087240,PAUSE
6899,1.000000,1.000000,0.043703,PAUSE
6900,0.000000,0.000000,0.065141,PAUSE
6901,0.000000,0.000000,0.157323,PAUSE
6902,1.000000,1.000000,0.074931,PAUSE
6903,0.000000,0.000000,0.087361,PAUSE
6904,0.000000,0.000000,0.181686,PAUSE
6905,0.000000,1.000000,0.085507,PAUSE
6906,0.000000,1.000000,0.037177,PAUSE
6907,0.000000,1.000000,0.016108,PAUSE
6908,0.000000,1.000000,0.007174,PAUSE
6909,0.000000,0.000000,0.013574,PAUSE
6910,0.000000,0.000000,0.059008,PAUSE
6911,0.000000,0.000000,0.164420,PAUSE
6912,1.000000,1.000000,0.078287,PAUSE
6913,0.000000,0.000000,0.090172,PAUSE
6914,0.000000,1.000000,0.043486,PAUSE
6915,0.000000,1.000000,0.019535,PAUSE
6916,0.000000,1.000000,0.008830,PAUSE
6917,0.000000,0.000000,0.016572,PAUSE
6918,0.000000,1.000000,0.009632,PAUSE
6919,1.000000,1.000000,0.005097,PAUSE
6920,1.000000,1.000000,0.002772,PAUSE
6921,1.000000,1.000000,0.001643,PAUSE
6922,0.000000,1.000000,0.001099,PAUSE
6923,1.000000,1.000000,0.000833,PAUSE
6924,0.000000,1.000000,0.000701,PAUSE
6925,0.000000,0.000000,0.007370,PAUSE
6926,1.000000,1.000000,0.005031,PAUSE
6927,0.000000,0.000000,0.022080,PAUSE
6928,0.000000,1.000000,0.012722,PAUSE
6929,0.000000,0.000000,0.034276,PAUSE
6930,0.000000,1.000000,0.018580,PAUSE
6931,0.000000,0.000000,0.040833,PAUSE
6932,0.000000,1.000000,0.021613,PAUSE
6933,1.000000,1.000000,0.010391,PAUSE
6934,1.000000,1.000000,0.005055,PAUSE
6935,0.000000,1.000000,0.002625,PAUSE
6936,1.000000,1.000000,0.001525,PAUSE
6937,0.000000,0.000000,0.008876,PAUSE
6938,1.000000,1.000000,0.005834,PAUSE
6939,1.000000,1.000000,0.003390,PAUSE
6940,0.000000,1.000000,0.002020,PAUSE
6941,0.000000,0.000000,0.010919,PAUSE
6942,1.000000,1.000000,0.006945,PAUSE
6943,1.000000,1.000000,0.003914,PAUSE
6944,0.000000,1.000000,0.002260,PAUSE
6945,0.000000,0.000000,0.011282,PAUSE
6946,1.000000,1.000000,0.007131,PAUSE
6947,0.000000,0.000000,0.025872,PAUSE
6948,1.000000,1.000000,0.014572,PAUSE
6949,0.000000,1.000000,0.007355,PAUSE
6950,1.000000,1.000000,0.003771,PAUSE
6951,0.000000,0.000000,0.013055,PAUSE
6952,1.000000,1.000000,0.008013,PAUSE
6953,0.000000,1.000000,0.004396,PAUSE
6954,0.000000,1.000000,0.002473,PAUSE
6955,0.000000,0.000000,0.011548,PAUSE
6956,1.000000,1.000000,0.007265,PAUSE
6957,1.000000,1.000000,0.004059,PAUSE
6958,0.000000,1.000000,0.002324,PAUSE
6959,0.000000,0.000000,0.011367,PAUSE
6960,1.000000,1.000000,0.007174,PAUSE
6961,0.000000,1.000000,0.004018,PAUSE
6962,0.000000,1.000000,0.002306,PAUSE
6963,1.000000,1.000000,0.001441,PAUSE
6964,1.000000,1.000000,0.001010,PAUSE
6965,0.000000,0.000000,0.008233,PAUSE
6966,0.000000,1.000000,0.005504,PAUSE
6967,0.000000,1.000000,0.003237,PAUSE
6968,0.000000,1.000000,0.001952,PAUSE
6969,0.000000,0.000000,0.010821,PAUSE
6970,1.000000,1.000000,0.006895,PAUSE
6971,0.000000,1.000000,0.003891,PAUSE
6972,0.000000,1.000000,0.002249,PAUSE
6973,0.000000,0.000000,0.011269,PAUSE
6974,1.000000,1.000000,0.007125,PAUSE
6975,0.000000,1.000000,0.003996,PAUSE
6976,0.000000,1.000000,0.002296,PAUSE
6977,0.000000,0.000000,0.011331,PAUSE
6978,0.000000,0.000000,0.057230,PAUSE
6979,0.000000,1.000000,0.029833,PAUSE
6980,0.000000,1.000000,0.013990,PAUSE
6981,0.000000,0.000000,0.025513,PAUSE
6982,1.000000,1.000000,0.014077,PAUSE
6983,1.000000,1.000000,0.007080,PAUSE
6984,0.000000,1.000000,0.003636,PAUSE
6985,1.000000,1.000000,0.002018,PAUSE
6986,0.000000,0.000000,0.009972,PAUSE
6987,0.000000,0.000000,0.052800,PAUSE
6988,0.000000,0.000000,0.154280,PAUSE
6989,1.000000,1.000000,0.073818,PAUSE
6990,0.000000,0.000000,0.087212,PAUSE
6991,0.000000,0.000000,0.182081,PAUSE
6992,0.000000,1.000000,0.085689,PAUSE
6993,1.000000,1.000000,0.037253,PAUSE
6994,1.000000,1.000000,0.016139,PAUSE
6995,0.000000,0.000000,0.021141,PAUSE
6996,1.000000,1.000000,0.011681,PAUSE
6997,0.000000,0.000000,0.030756,PAUSE
6998,0.000000,1.000000,0.016854,PAUSE
6999,0.000000,1.000000,0.008339,PAUSE
7000,0.000000,1.000000,0.004187,PAUSE
7001,1.000000,1.000000,0.002259,PAUSE
7002,1.000000,1.000000,0.001370,PAUSE
7003,0.000000,0.000000,0.008719,PAUSE
7004,0.000000,1.000000,0.005756,PAUSE
7005,0.000000,0.000000,0.023423,PAUSE
7006,0.000000,1.000000,0.013380,PAUSE
7007,1.000000,1.000000,0.006832,PAUSE
7008,0.000000,0.000000,0.019080,PAUSE
7009,1.000000,1.000000,0.011071,PAUSE
7010,0.000000,0.000000,0.031538,PAUSE
7011,0.000000,0.000000,0.106185,PAUSE
7012,0.000000,1.000000,0.052270,PAUSE
7013,0.000000,0.000000,0.071712,PAUSE
7014,1.000000,1.000000,0.035475,PAUSE
7015,0.000000,0.000000,0.054967,PAUSE
7016,1.000000,1.000000,0.027938,PAUSE
7017,0.000000,0.000000,0.048849,PAUSE
7018,0.000000,1.000000,0.025215,PAUSE
7019,1.000000,1.000000,0.011909,PAUSE
7020,1.000000,1.000000,0.005686,PAUSE
7021,0.000000,0.000000,0.014582,PAUSE
7022,0.000000,0.000000,0.064091,PAUSE
7023,0.000000,0.000000,0.173710,PAUSE
7024,0.000000,0.000000,0.328631,PAUSE
7025,0.000000,0.000000,0.494019,PAUSE
7026,0.000000,0.000000,0.641108,ALLOW
7027,1.000000,1.000000,0.281361,PAUSE
7028,1.000000,1.000000,0.116973,PAUSE
7029,0.000000,1.000000,0.048360,PAUSE
7030,1.000000,1.000000,0.020188,PAUSE
7031,0.000000,0.000000,0.019740,PAUSE
7032,0.000000,1.000000,0.010705,PAUSE
7033,0.000000,0.000000,0.028291,PAUSE
7034,0.000000,1.000000,0.015647,PAUSE
7035,0.000000,0.000000,0.037392,PAUSE
7036,0.000000,1.000000,0.020019,PAUSE
7037,0.000000,1.000000,0.009709,PAUSE
7038,1.000000,1.000000,0.004769,PAUSE
7039,0.000000,1.000000,0.002505,PAUSE
7040,0.000000,0.000000,0.010490,PAUSE
7041,0.000000,1.000000,0.006678,PAUSE
7042,0.000000,1.000000,0.003781,PAUSE
7043,1.000000,1.000000,0.002197,PAUSE
7044,0.000000,0.000000,0.011172,PAUSE
7045,1.000000,1.000000,0.007074,PAUSE
7046,0.000000,0.000000,0.025781,PAUSE
7047,0.000000,0.000000,0.094985,PAUSE
7048,0.000000,1.000000,0.047220,PAUSE
7049,1.000000,1.000000,0.021328,PAUSE
7050,0.000000,0.000000,0.030596,PAUSE
7051,0.000000,0.000000,0.094933,PAUSE
7052,0.000000,1.000000,0.047069,PAUSE
7053,0.000000,1.000000,0.021247,PAUSE
7054,0.000000,0.981368,0.009655,PAUSE
7055,0.000000,0.000000,0.017954,PAUSE
7056,0.000000,0.000000,0.070372,PAUSE
7057,0.000000,0.000000,0.183620,PAUSE
7058,0.000000,0.000000,0.340288,PAUSE
7059,1.000000,1.000000,0.154486,PAUSE
7060,0.000000,1.000000,0.065483,PAUSE
7061,1.000000,1.000000,0.027601,PAUSE
7062,0.000000,1.000000,0.011830,PAUSE
7063,0.000000,0.785634,0.005794,PAUSE
7064,1.000000,1.000000,0.002985,PAUSE
7065,0.000000,0.000000,0.011326,PAUSE
7066,1.000000,1.000000,0.007111,PAUSE
7067,0.000000,1.000000,0.003981,PAUSE
7068,0.000000,0.000000,0.015541,PAUSE
7069,0.000000,0.678178,0.014427,PAUSE
7070,0.000000,0.000000,0.051469,PAUSE
7071,0.000000,0.000000,0.148584,PAUSE
7072,0.000000,0.000000,0.296888,PAUSE
7073,0.000000,0.000000,0.462795,PAUSE
7074,1.000000,1.000000,0.206514,PAUSE
7075,1.000000,1.000000,0.086648,PAUSE
7076,1.000000,1.000000,0.036146,PAUSE
7077,0.000000,0.000000,0.030851,PAUSE
7078,0.000000,0.000000,0.081532,PAUSE
7079,1.000000,1.000000,0.040786,PAUSE
7080,0.000000,1.000000,0.018584,PAUSE
7081,0.000000,0.545498,0.011545,PAUSE
7082,0.000000,1.000000,0.006121,PAUSE
7083,0.000000,0.000000,0.018943,PAUSE
7084,0.000000,0.000000,0.077026,PAUSE
7085,0.000000,0.000000,0.195345,PAUSE
7086,1.000000,1.000000,0.091883,PAUSE
7087,0.000000,0.000000,0.099003,PAUSE
7088,0.000000,0.000000,0.193681,PAUSE
7089,0.000000,0.000000,0.342876,PAUSE
7090,1.000000,1.000000,0.155462,PAUSE
7091,0.000000,0.000000,0.136127,PAUSE
7092,0.000000,0.542298,0.088028,PAUSE
7093,0.000000,0.000000,0.141598,PAUSE
7094,1.000000,1.000000,0.067220,PAUSE
7095,0.000000,0.000000,0.080095,PAUSE
7096,0.000000,1.000000,0.039019,PAUSE
7097,0.000000,0.526283,0.024157,PAUSE
7098,0.000000,0.000000,0.056483,PAUSE
7099,0.000000,0.000000,0.152466,PAUSE
7100,0.000000,0.000000,0.300523,PAUSE
7101,0.000000,0.000000,0.466056,PAUSE
7102,0.000000,0.000000,0.617535,ALLOW
7103,0.000000,0.000000,0.739070,ALLOW
7104,1.000000,1.000000,0.322149,PAUSE
7105,0.000000,0.000000,0.221204,PAUSE
7106,0.000000,0.000000,0.283694,PAUSE
7107,1.000000,1.000000,0.128707,PAUSE
7108,0.000000,0.000000,0.117685,PAUSE
7109,1.000000,1.000000,0.055034,PAUSE
7110,0.000000,0.000000,0.066867,PAUSE
7111,0.000000,0.000000,0.153320,PAUSE
7112,1.000000,1.000000,0.073071,PAUSE
7113,1.000000,1.000000,0.032048,PAUSE
7114,1.000000,1.000000,0.014018,PAUSE
7115,0.000000,1.000000,0.006324,PAUSE
7116,0.000000,0.465440,0.005149,PAUSE
7117,0.000000,1.000000,0.003206,PAUSE
7118,0.000000,1.000000,0.001980,PAUSE
7119,0.000000,0.455831,0.003445,PAUSE
7120,1.000000,1.000000,0.002533,PAUSE
7121,0.000000,1.000000,0.001715,PAUSE
7122,0.000000,0.446228,0.003424,PAUSE
7123,0.000000,0.000000,0.025014,PAUSE
7124,0.000000,0.000000,0.096204,PAUSE
7125,1.000000,1.000000,0.047807,PAUSE
7126,0.000000,1.000000,0.021579,PAUSE
7127,0.000000,0.430214,0.014725,PAUSE
7128,0.000000,0.000000,0.044099,PAUSE
7129,1.000000,1.000000,0.023363,PAUSE
7130,0.000000,0.000000,0.046147,PAUSE
7131,0.000000,0.000000,0.130863,PAUSE
7132,1.000000,1.000000,0.063281,PAUSE
7133,0.000000,0.000000,0.079583,PAUSE
7134,0.000000,1.000000,0.038898,PAUSE
7135,0.000000,0.404594,0.027964,PAUSE
7136,0.000000,0.000000,0.069721,PAUSE
7137,0.000000,1.000000,0.035281,PAUSE
7138,1.000000,1.000000,0.016249,PAUSE
7139,1.000000,1.000000,0.007514,PAUSE
7140,1.000000,1.000000,0.003654,PAUSE
7141,1.000000,1.000000,0.001958,PAUSE
7142,1.000000,1.000000,0.001206,PAUSE
7143,0.000000,0.378977,0.002954,PAUSE
7144,0.000000,0.000000,0.023416,PAUSE
7145,0.000000,0.000000,0.092443,PAUSE
7146,0.000000,0.000000,0.220187,PAUSE
7147,1.000000,1.000000,0.102735,PAUSE
7148,1.000000,1.000000,0.044316,PAUSE
7149,0.000000,0.000000,0.043794,PAUSE
7150,1.000000,1.000000,0.022068,PAUSE
7151,1.000000,1.000000,0.010424,PAUSE
7152,1.000000,1.000000,0.005021,PAUSE
7153,0.000000,0.000000,0.013742,PAUSE
7154,0.000000,1.000000,0.008316,PAUSE
7155,1.000000,1.000000,0.004524,PAUSE
7156,0.000000,0.337352,0.007043,PAUSE
7157,0.000000,0.000000,0.037693,PAUSE
7158,0.000000,0.000000,0.123914,PAUSE
7159,0.000000,1.000000,0.060292,PAUSE
7160,0.000000,0.324491,0.044382,PAUSE
7161,0.000000,0.000000,0.096333,PAUSE
7162,1.000000,1.000000,0.047355,PAUSE
7163,0.000000,1.000000,0.021317,PAUSE
7164,1.000000,1.000000,0.009608,PAUSE
7165,1.000000,1.000000,0.004517,PAUSE
7166,0.000000,0.305337,0.005887,PAUSE
7167,0.000000,0.000000,0.032391,PAUSE
7168,0.000000,1.000000,0.017910,PAUSE
7169,1.000000,1.000000,0.008844,PAUSE
7170,0.000000,0.292522,0.010872,PAUSE
7171,0.000000,0.000000,0.047053,PAUSE
7172,0.000000,0.000000,0.141719,PAUSE
7173,0.000000,0.000000,0.288420,PAUSE
7174,0.000000,0.000000,0.454409,PAUSE
7175,1.000000,1.000000,0.202973,PAUSE
7176,0.000000,0.000000,0.161946,PAUSE
7177,0.000000,0.000000,0.244900,PAUSE
7178,1.000000,1.000000,0.112472,PAUSE
7179,0.000000,0.000000,0.109301,PAUSE
7180,0.000000,0.000000,0.200842,PAUSE
7181,0.000000,0.000000,0.348872,PAUSE
7182,1.000000,1.000000,0.157990,PAUSE
7183,1.000000,1.000000,0.066893,PAUSE
7184,1.000000,1.000000,0.028167,PAUSE
7185,0.000000,0.000000,0.027142,PAUSE
7186,0.000000,1.000000,0.014236,PAUSE
7187,0.000000,1.000000,0.007030,PAUSE
7188,0.000000,1.000000,0.003577,PAUSE
7189,1.000000,1.000000,0.001979,PAUSE
7190,1.000000,1.000000,0.001240,PAUSE
7191,0.000000,0.225222,0.004558,PAUSE
7192,0.000000,1.000000,0.003315,PAUSE
7193,0.000000,0.218818,0.009844,PAUSE
7194,1.000000,1.000000,0.006263,PAUSE
7195,0.000000,0.000000,0.023945,PAUSE
7196,0.000000,0.000000,0.090859,PAUSE
7197,0.000000,0.000000,0.217166,PAUSE
7198,0.000000,1.000000,0.101412,PAUSE
7199,0.000000,0.199557,0.075956,PAUSE
7200,1.000000,1.000000,0.035849,PAUSE
7201,0.000000,0.000000,0.050140,PAUSE
7202,0.000000,1.000000,0.025560,PAUSE
7203,0.000000,0.186849,0.030747,PAUSE
7204,0.000000,1.000000,0.016241,PAUSE
7205,1.000000,1.000000,0.007961,PAUSE
7206,0.000000,1.000000,0.003993,PAUSE
7207,0.000000,0.174043,0.008346,PAUSE
7208,1.000000,1.000000,0.005361,PAUSE
7209,0.000000,0.000000,0.021860,PAUSE
7210,1.000000,1.000000,0.012592,PAUSE
7211,0.000000,0.000000,0.034038,PAUSE
7212,0.000000,1.000000,0.018466,PAUSE
7213,0.000000,1.000000,0.009046,PAUSE
7214,0.000000,1.000000,0.004490,PAUSE
7215,0.000000,0.148428,0.009418,PAUSE
7216,0.000000,1.000000,0.005943,PAUSE
7217,0.000000,0.142026,0.015829,PAUSE
7218,1.000000,1.000000,0.009391,PAUSE
7219,1.000000,1.000000,0.005015,PAUSE
7220,0.000000,0.000000,0.016835,PAUSE
7221,1.000000,1.000000,0.009978,PAUSE
7222,1.000000,1.000000,0.005294,PAUSE
7223,1.000000,1.000000,0.002872,PAUSE
7224,1.000000,1.000000,0.001692,PAUSE
7225,1.000000,1.000000,0.001123,PAUSE
7226,0.000000,1.000000,0.000845,PAUSE
7227,1.000000,1.000000,0.000707,PAUSE
7228,1.000000,1.000000,0.000637,PAUSE
7229,0.000000,0.103598,0.005330,PAUSE
7230,1.000000,1.000000,0.003837,PAUSE
7231,0.000000,1.000000,0.002421,PAUSE
7232,0.000000,1.000000,0.001566,PAUSE
7233,0.000000,0.090888,0.007853,PAUSE
7234,1.000000,1.000000,0.005249,PAUSE
7235,1.000000,1.000000,0.003105,PAUSE
7236,1.000000,1.000000,0.001888,PAUSE
7237,0.000000,0.000000,0.010691,PAUSE
7238,1.000000,1.000000,0.006828,PAUSE
7239,0.000000,0.000000,0.025393,PAUSE
7240,0.000000,0.000000,0.094187,PAUSE
7241,1.000000,1.000000,0.046859,PAUSE
7242,0.000000,0.000000,0.067618,PAUSE
7243,0.000000,1.000000,0.033682,PAUSE
7244,0.000000,1.000000,0.015475,PAUSE
7245,0.000000,1.000000,0.007166,PAUSE
7246,0.000000,1.000000,0.003500,PAUSE
7247,0.000000,0.045963,0.009961,PAUSE
7248,0.000000,1.000000,0.006317,PAUSE
7249,0.000000,0.039565,0.021601,PAUSE
7250,0.000000,0.000000,0.084417,PAUSE
7251,0.000000,1.000000,0.042398,PAUSE
7252,0.000000,0.029954,0.060001,PAUSE
7253,0.000000,1.000000,0.030148,PAUSE
7254,0.000000,0.023542,0.047854,PAUSE
7255,1.000000,1.000000,0.024645,PAUSE
7256,1.000000,1.000000,0.011648,PAUSE
7257,0.000000,0.000000,0.022979,PAUSE
7258,0.000000,0.000000,0.083155,PAUSE
7259,0.000000,0.000000,0.204134,PAUSE
7260,0.000000,0.000000,0.364052,PAUSE
7261,0.000000,0.000000,0.527370,ALLOW
7262,0.000000,0.000000,0.668381,ALLOW
7263,0.000000,1.000000,0.292737,PAUSE
7264,0.000000,0.000000,0.207046,PAUSE
7265,0.000000,0.000000,0.274978,PAUSE
7266,0.000000,0.000000,0.413002,PAUSE
7267,0.000000,0.000000,0.563432,ALLOW
7268,1.000000,1.000000,0.248732,PAUSE
7269,0.000000,0.000000,0.185066,PAUSE
7270,0.000000,0.000000,0.260519,PAUSE
7271,0.000000,0.000000,0.401824,PAUSE
7272,0.000000,0.000000,0.554692,ALLOW
7273,0.000000,0.000000,0.688035,ALLOW
7274,0.000000,0.000000,0.790895,ALLOW
7275,1.000000,1.000000,0.343635,PAUSE
7276,1.000000,1.000000,0.142130,PAUSE
7277,0.000000,0.000000,0.089449,PAUSE
7278,0.000000,0.000000,0.140292,PAUSE
7279,0.000000,0.000000,0.266378,PAUSE
7280,1.000000,1.000000,0.122475,PAUSE
7281,1.000000,1.000000,0.052375,PAUSE
7282,0.000000,1.000000,0.022287,PAUSE
7283,1.000000,1.000000,0.009681,PAUSE
7284,1.000000,1.000000,0.004420,PAUSE
7285,0.000000,1.000000,0.002216,PAUSE
7286,1.000000,1.000000,0.001284,PAUSE
7287,0.000000,0.000000,0.007942,PAUSE
7288,0.000000,0.000000,0.046209,PAUSE
7289,0.000000,0.000000,0.141946,PAUSE
7290,0.000000,0.000000,0.289149,PAUSE
7291,0.000000,0.000000,0.455261,PAUSE
7292,0.000000,0.000000,0.608529,ALLOW
7293,0.000000,0.000000,0.732251,ALLOW
7294,1.000000,1.000000,0.319317,PAUSE
7295,1.000000,1.000000,0.132313,PAUSE
7296,0.000000,0.000000,0.085148,PAUSE
7297,1.000000,1.000000,0.039227,PAUSE
7298,0.000000,0.000000,0.050303,PAUSE
7299,0.000000,1.000000,0.025515,PAUSE
7300,1.000000,1.000000,0.011974,PAUSE
7301,1.000000,1.000000,0.005695,PAUSE
7302,1.000000,1.000000,0.002884,PAUSE
7303,0.000000,0.000000,0.010720,PAUSE
7304,0.000000,0.000000,0.054375,PAUSE
7305,0.000000,0.000000,0.156986,PAUSE
7306,1.000000,1.000000,0.075013,PAUSE
7307,0.000000,0.000000,0.088012,PAUSE
7308,0.000000,0.000000,0.182894,PAUSE
7309,1.000000,1.000000,0.086040,PAUSE
7310,0.000000,0.000000,0.094292,PAUSE
7311,0.000000,0.000000,0.188243,PAUSE
7312,1.000000,1.000000,0.088327,PAUSE
7313,0.000000,0.000000,0.095618,PAUSE
7314,0.000000,0.000000,0.189393,PAUSE
7315,0.000000,1.000000,0.088819,PAUSE
7316,0.000000,0.000000,0.095905,PAUSE
7317,1.000000,1.000000,0.045894,PAUSE
7318,0.000000,1.000000,0.020518,PAUSE
7319,0.000000,1.000000,0.009228,PAUSE
7320,0.000000,0.000000,0.016774,PAUSE
7321,0.000000,1.000000,0.009719,PAUSE
7322,0.000000,1.000000,0.005133,PAUSE
7323,0.000000,0.000000,0.016794,PAUSE
7324,1.000000,1.000000,0.009950,PAUSE
7325,0.000000,0.000000,0.030099,PAUSE
7326,0.000000,0.000000,0.103542,PAUSE
7327,1.000000,1.000000,0.051082,PAUSE
7328,0.000000,0.000000,0.070830,PAUSE
7329,1.000000,1.000000,0.035090,PAUSE
7330,0.000000,0.000000,0.054694,PAUSE
7331,0.000000,1.000000,0.027819,PAUSE
7332,0.000000,0.000000,0.048762,PAUSE
7333,0.000000,0.000000,0.133427,PAUSE
7334,1.000000,1.000000,0.064395,PAUSE
7335,0.000000,0.000000,0.080292,PAUSE
7336,1.000000,1.000000,0.039202,PAUSE
7337,0.000000,0.000000,0.057511,PAUSE
7338,0.000000,1.000000,0.029048,PAUSE
7339,0.000000,0.000000,0.049640,PAUSE
7340,1.000000,1.000000,0.025563,PAUSE
7341,0.000000,1.000000,0.012054,PAUSE
7342,0.000000,0.000000,0.023382,PAUSE
7343,0.000000,0.000000,0.083897,PAUSE
7344,0.000000,1.000000,0.042106,PAUSE
7345,0.000000,0.000000,0.063654,PAUSE
7346,0.000000,1.000000,0.031927,PAUSE
7347,0.000000,0.000000,0.052363,PAUSE
7348,0.000000,0.000000,0.138389,PAUSE
7349,0.000000,0.000000,0.280862,PAUSE
7350,0.000000,1.000000,0.128951,PAUSE
7351,1.000000,1.000000,0.055052,PAUSE
7352,0.000000,1.000000,0.023378,PAUSE
7353,0.000000,0.000000,0.024871,PAUSE
7354,0.000000,1.000000,0.013282,PAUSE
7355,1.000000,1.000000,0.006637,PAUSE
7356,0.000000,0.000000,0.017949,PAUSE
7357,0.000000,0.000000,0.073551,PAUSE
7358,0.000000,0.000000,0.189542,PAUSE
7359,0.000000,0.000000,0.347417,PAUSE
7360,0.000000,0.000000,0.511889,ALLOW
7361,0.000000,0.000000,0.655813,ALLOW
7362,0.000000,0.000000,0.767916,ALLOW
7363,0.000000,1.000000,0.334123,PAUSE
7364,1.000000,1.000000,0.138292,PAUSE
7365,0.000000,0.000000,0.087775,PAUSE
7366,0.000000,0.000000,0.139355,PAUSE
7367,0.000000,0.000000,0.265681,PAUSE
7368,1.000000,1.000000,0.122181,PAUSE
7369,0.000000,0.000000,0.116830,PAUSE
7370,0.000000,0.000000,0.209139,PAUSE
7371,1.000000,1.000000,0.097293,PAUSE
7372,0.000000,0.000000,0.100876,PAUSE
7373,0.000000,0.000000,0.193997,PAUSE
7374,0.000000,0.000000,0.342555,PAUSE
7375,0.000000,0.000000,0.504444,ALLOW
7376,0.000000,0.000000,0.648831,ALLOW
7377,0.000000,0.000000,0.762426,ALLOW
7378,0.000000,0.000000,0.844663,ALLOW
7379,0.000000,1.000000,0.365898,PAUSE
7380,1.000000,1.000000,0.151112,PAUSE
7381,0.000000,0.000000,0.093364,PAUSE
7382,1.000000,1.000000,0.042580,PAUSE
7383,1.000000,1.000000,0.018768,PAUSE
7384,0.000000,1.000000,0.008403,PAUSE
7385,0.000000,0.000000,0.015455,PAUSE
7386,0.000000,0.000000,0.063833,PAUSE
7387,0.000000,0.000000,0.172677,PAUSE
7388,0.000000,0.000000,0.327241,PAUSE
7389,0.000000,0.000000,0.492643,PAUSE
7390,0.000000,0.000000,0.639955,ALLOW
7391,0.000000,0.000000,0.756065,ALLOW
7392,0.000000,0.000000,0.840307,ALLOW
7393,0.000000,0.000000,0.898040,ALLOW
7394,0.000000,1.000000,0.387936,PAUSE
7395,0.000000,0.000000,0.252040,PAUSE
7396,0.000000,0.000000,0.301707,PAUSE
7397,0.000000,0.000000,0.431881,PAUSE
7398,0.000000,1.000000,0.192899,PAUSE
7399,0.000000,0.000000,0.155463,PAUSE
7400,0.000000,0.000000,0.239004,PAUSE
7401,1.000000,1.000000,0.109953,PAUSE
7402,0.000000,0.000000,0.107866,PAUSE
7403,0.000000,0.000000,0.199641,PAUSE
7404,1.000000,1.000000,0.093194,PAUSE
7405,0.000000,0.000000,0.098415,PAUSE
7406,1.000000,1.000000,0.046955,PAUSE
7407,1.000000,1.000000,0.020952,PAUSE
7408,1.000000,1.000000,0.009405,PAUSE
7409,1.000000,1.000000,0.004414,PAUSE
7410,0.000000,0.000000,0.011765,PAUSE
7411,0.000000,0.000000,0.056140,PAUSE
7412,0.000000,0.000000,0.159863,PAUSE
7413,1.000000,1.000000,0.076282,PAUSE
7414,1.000000,1.000000,0.033417,PAUSE
7415,0.000000,1.000000,0.014587,PAUSE
7416,0.000000,0.000000,0.020389,PAUSE
7417,0.000000,1.000000,0.011363,PAUSE
7418,0.000000,0.000000,0.030545,PAUSE
7419,0.000000,0.000000,0.103469,PAUSE
7420,0.000000,1.000000,0.051038,PAUSE
7421,0.000000,0.000000,0.070762,PAUSE
7422,0.000000,0.000000,0.163962,PAUSE
7423,1.000000,1.000000,0.077827,PAUSE
7424,1.000000,1.000000,0.034022,PAUSE
7425,0.000000,0.000000,0.038038,PAUSE
7426,0.000000,0.000000,0.103119,PAUSE
7427,1.000000,1.000000,0.050683,PAUSE
7428,1.000000,1.000000,0.022746,PAUSE
7429,0.000000,0.000000,0.031342,PAUSE
7430,1.000000,1.000000,0.016674,PAUSE
7431,1.000000,1.000000,0.008178,PAUSE
7432,1.000000,1.000000,0.004094,PAUSE
7433,0.000000,0.000000,0.013133,PAUSE
7434,0.000000,0.000000,0.061173,PAUSE
7435,1.000000,1.000000,0.031662,PAUSE
7436,1.000000,1.000000,0.014766,PAUSE
7437,0.000000,0.000000,0.026080,PAUSE
7438,0.000000,0.000000,0.088798,PAUSE
7439,0.000000,0.000000,0.212423,PAUSE
7440,0.000000,0.000000,0.373307,PAUSE
7441,0.000000,1.000000,0.168568,PAUSE
7442,1.000000,1.000000,0.071220,PAUSE
7443,0.000000,0.000000,0.057238,PAUSE
7444,1.000000,1.000000,0.027721,PAUSE
7445,1.000000,1.000000,0.012742,PAUSE
7446,0.000000,0.000000,0.022570,PAUSE
7447,0.000000,1.000000,0.012607,PAUSE
7448,0.000000,0.000000,0.032811,PAUSE
7449,0.000000,0.000000,0.108050,PAUSE
7450,1.000000,1.000000,0.053101,PAUSE
7451,1.000000,1.000000,0.023783,PAUSE
7452,0.000000,0.000000,0.032129,PAUSE
7453,0.000000,0.000000,0.096781,PAUSE
7454,0.000000,0.000000,0.223047,PAUSE
7455,1.000000,1.000000,0.103933,PAUSE
7456,1.000000,1.000000,0.044802,PAUSE
7457,0.000000,0.000000,0.044023,PAUSE
7458,0.000000,0.000000,0.109076,PAUSE
7459,0.000000,0.000000,0.237728,PAUSE
7460,0.000000,1.000000,0.110268,PAUSE
7461,1.000000,1.000000,0.047396,PAUSE
7462,1.000000,1.000000,0.020273,PAUSE
7463,0.000000,0.000000,0.023330,PAUSE
7464,1.000000,1.000000,0.012627,PAUSE
7465,1.000000,1.000000,0.006366,PAUSE
7466,0.000000,0.000000,0.017777,PAUSE
7467,0.000000,1.000000,0.010407,PAUSE
7468,0.000000,0.000000,0.030591,PAUSE
7469,0.000000,0.000000,0.104387,PAUSE
7470,0.000000,0.000000,0.236721,PAUSE
7471,0.000000,0.000000,0.400346,PAUSE
7472,0.000000,0.000000,0.560454,ALLOW
7473,1.000000,1.000000,0.247614,PAUSE
7474,0.000000,1.000000,0.103314,PAUSE
7475,1.000000,1.000000,0.042862,PAUSE
7476,1.000000,1.000000,0.017977,PAUSE
7477,1.000000,1.000000,0.007767,PAUSE
7478,0.000000,0.000000,0.012388,PAUSE
7479,1.000000,1.000000,0.007404,PAUSE
7480,0.000000,1.000000,0.004062,PAUSE
7481,0.000000,0.000000,0.015312,PAUSE
7482,1.000000,1.000000,0.009216,PAUSE
7483,0.000000,0.000000,0.029117,PAUSE
7484,1.000000,1.000000,0.016130,PAUSE
7485,0.000000,0.000000,0.038236,PAUSE
7486,0.000000,1.000000,0.020420,PAUSE
7487,1.000000,1.000000,0.009883,PAUSE
7488,1.000000,1.000000,0.004842,PAUSE
7489,0.000000,0.000000,0.013976,PAUSE
7490,0.000000,1.000000,0.008453,PAUSE
7491,0.000000,0.000000,0.027664,PAUSE
7492,0.000000,0.000000,0.098653,PAUSE
7493,0.000000,0.000000,0.228576,PAUSE
7494,1.000000,1.000000,0.106373,PAUSE
7495,1.000000,1.000000,0.045808,PAUSE
7496,1.000000,1.000000,0.019630,PAUSE
7497,0.000000,0.000000,0.023022,PAUSE
7498,1.000000,1.000000,0.012497,PAUSE
7499,1.000000,1.000000,0.006313,PAUSE
7500,0.000000,0.000000,0.017744,PAUSE
7501,0.000000,0.000000,0.073273,PAUSE
7502,0.000000,1.000000,0.037267,PAUSE
7503,1.000000,1.000000,0.017140,PAUSE
7504,0.000000,0.000000,0.027776,PAUSE
7505,1.000000,1.000000,0.015098,PAUSE
7506,1.000000,1.000000,0.007514,PAUSE
7507,0.000000,0.000000,0.019319,PAUSE
7508,1.000000,1.000000,0.011163,PAUSE
7509,1.000000,1.000000,0.005814,PAUSE
7510,0.000000,0.000000,0.017786,PAUSE
7511,0.000000,0.000000,0.073916,PAUSE
7512,0.000000,0.000000,0.190310,PAUSE
7513,0.000000,0.000000,0.348357,PAUSE
7514,1.000000,1.000000,0.157935,PAUSE
7515,0.000000,0.000000,0.137796,PAUSE
7516,1.000000,1.000000,0.063671,PAUSE
7517,0.000000,0.000000,0.072298,PAUSE
7518,0.000000,0.000000,0.158808,PAUSE
7519,0.000000,0.000000,0.303077,PAUSE
7520,0.000000,0.000000,0.467093,PAUSE
7521,0.000000,0.000000,0.617961,ALLOW
7522,0.000000,1.000000,0.271683,PAUSE
7523,1.000000,1.000000,0.113057,PAUSE
7524,0.000000,0.000000,0.076583,PAUSE
7525,0.000000,0.000000,0.132747,PAUSE
7526,0.000000,1.000000,0.063423,PAUSE
7527,0.000000,0.000000,0.077796,PAUSE
7528,0.000000,1.000000,0.038039,PAUSE
7529,0.000000,1.000000,0.017269,PAUSE
7530,0.000000,0.000000,0.026802,PAUSE
7531,0.000000,1.000000,0.014590,PAUSE
7532,1.000000,1.000000,0.007285,PAUSE
7533,0.000000,0.000000,0.019051,PAUSE
7534,0.000000,0.000000,0.076162,PAUSE
7535,0.000000,0.000000,0.193708,PAUSE
7536,0.000000,0.000000,0.352248,PAUSE
7537,1.000000,1.000000,0.159595,PAUSE
7538,0.000000,0.000000,0.138709,PAUSE
7539,0.000000,0.000000,0.227610,PAUSE
7540,0.000000,1.000000,0.105166,PAUSE
7541,1.000000,1.000000,0.045216,PAUSE
7542,1.000000,1.000000,0.019367,PAUSE
7543,0.000000,0.000000,0.022733,PAUSE
7544,1.000000,1.000000,0.012357,PAUSE
7545,0.000000,0.000000,0.031217,PAUSE
7546,0.000000,0.000000,0.104316,PAUSE
7547,0.000000,0.000000,0.236284,PAUSE
7548,0.000000,0.000000,0.399787,PAUSE
7549,0.000000,0.000000,0.559928,ALLOW
7550,1.000000,1.000000,0.247393,PAUSE
7551,1.000000,1.000000,0.103224,PAUSE
7552,0.000000,0.000000,0.072147,PAUSE
7553,1.000000,1.000000,0.033893,PAUSE
7554,1.000000,1.000000,0.015254,PAUSE
7555,0.000000,0.000000,0.023844,PAUSE
7556,0.000000,0.000000,0.082091,PAUSE
7557,0.000000,0.000000,0.201747,PAUSE
7558,0.000000,0.000000,0.361149,PAUSE
7559,1.000000,1.000000,0.163387,PAUSE
7560,0.000000,0.000000,0.140780,PAUSE
7561,0.000000,0.000000,0.229202,PAUSE
7562,0.000000,0.000000,0.376076,PAUSE
7563,0.000000,0.000000,0.533796,ALLOW
7564,0.000000,0.000000,0.672113,ALLOW
7565,0.000000,0.000000,0.779489,ALLOW
7566,0.000000,0.000000,0.856463,ALLOW
7567,0.000000,1.000000,0.370772,PAUSE
7568,0.000000,0.000000,0.244093,PAUSE
7569,0.000000,0.000000,0.297180,PAUSE
7570,0.000000,1.000000,0.134303,PAUSE
7571,0.000000,0.000000,0.120448,PAUSE
7572,0.000000,0.000000,0.208814,PAUSE
7573,0.000000,0.000000,0.355648,PAUSE
7574,1.000000,1.000000,0.160848,PAUSE
7575,0.000000,0.000000,0.138950,PAUSE
7576,1.000000,1.000000,0.064132,PAUSE
7577,1.000000,1.000000,0.027984,PAUSE
7578,1.000000,1.000000,0.012263,PAUSE
7579,1.000000,1.000000,0.005575,PAUSE
7580,0.000000,0.000000,0.012385,PAUSE
7581,0.000000,0.000000,0.056868,PAUSE
7582,0.000000,0.000000,0.160923,PAUSE
7583,0.000000,0.000000,0.312979,PAUSE
7584,1.000000,1.000000,0.142799,PAUSE
7585,0.000000,0.000000,0.129342,PAUSE
7586,0.000000,0.000000,0.220184,PAUSE
7587,0.000000,1.000000,0.102014,PAUSE
7588,0.000000,1.000000,0.043931,PAUSE
7589,1.000000,1.000000,0.018847,PAUSE
7590,1.000000,1.000000,0.008283,PAUSE
7591,1.000000,1.000000,0.003852,PAUSE
7592,0.000000,0.000000,0.010454,PAUSE
7593,1.000000,1.000000,0.006572,PAUSE
7594,1.000000,1.000000,0.003714,PAUSE
7595,0.000000,1.000000,0.002161,PAUSE
7596,0.000000,0.000000,0.011075,PAUSE
7597,1.000000,1.000000,0.007023,PAUSE
7598,1.000000,1.000000,0.003948,PAUSE
7599,0.000000,0.000000,0.015551,PAUSE
7600,0.000000,0.000000,0.069086,PAUSE
7601,1.000000,1.000000,0.035351,PAUSE
7602,0.000000,1.000000,0.016332,PAUSE
7603,1.000000,1.000000,0.007563,PAUSE
7604,1.000000,1.000000,0.003680,PAUSE
7605,1.000000,1.000000,0.001971,PAUSE
7606,0.000000,0.000000,0.009301,PAUSE
7607,1.000000,1.000000,0.006046,PAUSE
7608,0.000000,0.000000,0.023853,PAUSE
7609,0.000000,0.000000,0.090811,PAUSE
7610,0.000000,0.000000,0.217133,PAUSE
7611,0.000000,0.000000,0.378994,PAUSE
7612,0.000000,0.000000,0.541194,ALLOW
7613,0.000000,0.000000,0.679530,ALLOW
7614,0.000000,0.000000,0.785428,ALLOW
7615,0.000000,0.000000,0.860738,ALLOW
7616,0.000000,0.000000,0.911640,ALLOW
7617,1.000000,1.000000,0.393542,PAUSE
7618,1.000000,1.000000,0.162256,PAUSE
7619,0.000000,1.000000,0.066559,PAUSE
7620,1.000000,1.000000,0.027494,PAUSE
7621,0.000000,0.000000,0.022889,PAUSE
7622,1.000000,1.000000,0.011997,PAUSE
7623,0.000000,0.000000,0.028974,PAUSE
7624,0.000000,0.000000,0.098943,PAUSE
7625,1.000000,1.000000,0.048977,PAUSE
7626,1.000000,1.000000,0.022059,PAUSE
7627,0.000000,1.000000,0.009929,PAUSE
7628,1.000000,1.000000,0.004655,PAUSE
7629,0.000000,1.000000,0.002374,PAUSE
7630,0.000000,1.000000,0.001380,PAUSE
7631,0.000000,0.000000,0.008343,PAUSE
7632,0.000000,0.000000,0.047617,PAUSE
7633,0.000000,0.000000,0.144646,PAUSE
7634,0.000000,0.000000,0.292633,PAUSE
7635,0.000000,1.000000,0.134066,PAUSE
7636,1.000000,1.000000,0.057149,PAUSE
7637,0.000000,1.000000,0.024229,PAUSE
7638,0.000000,0.000000,0.025292,PAUSE
7639,1.000000,1.000000,0.013461,PAUSE
7640,0.000000,0.000000,0.032042,PAUSE
7641,0.000000,0.000000,0.105447,PAUSE
7642,0.000000,0.000000,0.237753,PAUSE
7643,0.000000,0.000000,0.401331,PAUSE
7644,0.000000,0.000000,0.561297,ALLOW
7645,0.000000,0.000000,0.695490,ALLOW
7646,0.000000,1.000000,0.304029,PAUSE
7647,1.000000,1.000000,0.126137,PAUSE
7648,0.000000,1.000000,0.052046,PAUSE
7649,0.000000,0.000000,0.037892,PAUSE
7650,1.000000,1.000000,0.018687,PAUSE
7651,0.000000,0.000000,0.035012,PAUSE
7652,0.000000,1.000000,0.018708,PAUSE
7653,0.000000,1.000000,0.009111,PAUSE
7654,0.000000,0.000000,0.020956,PAUSE
7655,1.000000,1.000000,0.011942,PAUSE
7656,1.000000,1.000000,0.006155,PAUSE
7657,0.000000,1.000000,0.003241,PAUSE
7658,0.000000,1.000000,0.001851,PAUSE
7659,0.000000,0.000000,0.009805,PAUSE
7660,0.000000,0.000000,0.052415,PAUSE
7661,1.000000,1.000000,0.027570,PAUSE
7662,0.000000,0.000000,0.051127,PAUSE
7663,1.000000,1.000000,0.026343,PAUSE
7664,0.000000,0.000000,0.047984,PAUSE
7665,0.000000,0.000000,0.132775,PAUSE
7666,0.000000,1.000000,0.064114,PAUSE
7667,1.000000,1.000000,0.028358,PAUSE
7668,1.000000,1.000000,0.012514,PAUSE
7669,1.000000,1.000000,0.005712,PAUSE
7670,1.000000,1.000000,0.002807,PAUSE
7671,1.000000,1.000000,0.001559,PAUSE
7672,1.000000,1.000000,0.001014,PAUSE
7673,0.000000,0.000000,0.007757,PAUSE
7674,0.000000,0.000000,0.045869,PAUSE
7675,1.000000,1.000000,0.024472,PAUSE
7676,1.000000,1.000000,0.011697,PAUSE
7677,1.000000,1.000000,0.005627,PAUSE
7678,0.000000,0.000000,0.014762,PAUSE
7679,0.000000,0.000000,0.064741,PAUSE
7680,0.000000,0.000000,0.174848,PAUSE
7681,0.000000,0.000000,0.330008,PAUSE
7682,0.000000,0.000000,0.495343,PAUSE
7683,0.000000,0.000000,0.642204,ALLOW
7684,0.000000,0.000000,0.757757,ALLOW
7685,1.000000,1.000000,0.329908,PAUSE
7686,0.000000,1.000000,0.136590,PAUSE
7687,0.000000,0.000000,0.087029,PAUSE
7688,0.000000,0.000000,0.138930,PAUSE
7689,0.000000,0.149676,0.189467,PAUSE
7690,0.000000,0.000000,0.319748,PAUSE
7691,0.000000,0.000000,0.477564,PAUSE
7692,1.000000,1.000000,0.212631,PAUSE
7693,0.000000,0.000000,0.166711,PAUSE
7694,0.000000,0.000000,0.248011,PAUSE
7695,0.000000,0.000000,0.391847,PAUSE
7696,0.000000,1.000000,0.176156,PAUSE
7697,0.000000,0.000000,0.147052,PAUSE
7698,0.000000,0.326258,0.124388,PAUSE
7699,0.000000,0.000000,0.208709,PAUSE
7700,0.000000,0.000000,0.353894,PAUSE
7701,0.000000,0.000000,0.513499,ALLOW
7702,0.000000,1.000000,0.227821,PAUSE
7703,0.000000,1.000000,0.095285,PAUSE
7704,0.000000,0.472885,0.045466,PAUSE
7705,1.000000,1.000000,0.020316,PAUSE
7706,0.000000,0.000000,0.028459,PAUSE
7707,1.000000,1.000000,0.015304,PAUSE
7708,0.000000,0.000000,0.035446,PAUSE
7709,1.000000,1.000000,0.019062,PAUSE
7710,0.000000,1.000000,0.009291,PAUSE
7711,1.000000,1.000000,0.004590,PAUSE
7712,0.000000,1.000000,0.002429,PAUSE
7713,0.000000,0.000000,0.010416,PAUSE
7714,0.000000,0.000000,0.053867,PAUSE
7715,0.000000,1.000000,0.028249,PAUSE
7716,0.000000,1.000000,0.013314,PAUSE
7717,0.000000,0.000000,0.024991,PAUSE
7718,0.000000,0.912716,0.014989,PAUSE
7719,0.000000,0.000000,0.039900,PAUSE
7720,1.000000,1.000000,0.021288,PAUSE
7721,0.000000,0.000000,0.043767,PAUSE
7722,0.000000,1.000000,0.022960,PAUSE
7723,0.000000,1.000000,0.010964,PAUSE
7724,0.000000,1.000000,0.005295,PAUSE
7725,1.000000,1.000000,0.002725,PAUSE
7726,0.000000,1.000000,0.001567,PAUSE
7727,1.000000,1.000000,0.001039,PAUSE
7728,1.000000,1.000000,0.000794,PAUSE
7729,0.000000,0.000000,0.007526,PAUSE
7730,0.000000,1.000000,0.005115,PAUSE
7731,0.000000,0.000000,0.022235,PAUSE
7732,0.000000,1.000000,0.012797,PAUSE
7733,1.000000,1.000000,0.006575,PAUSE
7734,1.000000,1.000000,0.003436,PAUSE
7735,1.000000,1.000000,0.001940,PAUSE
7736,1.000000,1.000000,0.001233,PAUSE
7737,0.000000,0.000000,0.008567,PAUSE
7738,1.000000,1.000000,0.005679,PAUSE
7739,1.000000,1.000000,0.003319,PAUSE
7740,0.000000,1.000000,0.001989,PAUSE
7741,0.000000,0.000000,0.010876,PAUSE
7742,0.000000,1.000000,0.006923,PAUSE
7743,0.000000,0.000000,0.025548,PAUSE
7744,0.000000,1.000000,0.014416,PAUSE
7745,0.000000,0.000000,0.036316,PAUSE
7746,0.000000,1.000000,0.019531,PAUSE
7747,0.000000,0.000000,0.041766,PAUSE
7748,1.000000,1.000000,0.022039,PAUSE
7749,1.000000,1.000000,0.010571,PAUSE
7750,0.000000,1.000000,0.005130,PAUSE
7751,1.000000,1.000000,0.002657,PAUSE
7752,1.000000,1.000000,0.001538,PAUSE
7753,0.000000,1.000000,0.001027,PAUSE
7754,1.000000,1.000000,0.000789,PAUSE
7755,0.000000,0.000000,0.007520,PAUSE
7756,0.000000,1.000000,0.005111,PAUSE
7757,0.000000,0.000000,0.022229,PAUSE
7758,0.000000,1.000000,0.012794,PAUSE
7759,0.000000,1.000000,0.006574,PAUSE
7760,1.000000,1.000000,0.003436,PAUSE
7761,0.000000,0.000000,0.012725,PAUSE
7762,1.000000,1.000000,0.007853,PAUSE
7763,1.000000,1.000000,0.004325,PAUSE
7764,1.000000,1.000000,0.002442,PAUSE
7765,1.000000,1.000000,0.001501,PAUSE
7766,0.000000,1.000000,0.001037,PAUSE
7767,0.000000,0.000000,0.008275,PAUSE
7768,0.000000,1.000000,0.005526,PAUSE
7769,1.000000,1.000000,0.003247,PAUSE
7770,1.000000,1.000000,0.001956,PAUSE
7771,1.000000,1.000000,0.001283,PAUSE
7772,0.000000,1.000000,0.000938,PAUSE
7773,0.000000,0.000000,0.008101,PAUSE
7774,0.000000,0.000000,0.047299,PAUSE
7775,0.000000,1.000000,0.025154,PAUSE
7776,0.000000,1.000000,0.011990,PAUSE
7777,0.000000,1.000000,0.005750,PAUSE
7778,0.000000,1.000000,0.002925,PAUSE
7779,1.000000,1.000000,0.001655,PAUSE
7780,0.000000,0.000000,0.009035,PAUSE
7781,0.000000,1.000000,0.005916,PAUSE
7782,0.000000,1.000000,0.003427,PAUSE
7783,0.000000,0.000000,0.014757,PAUSE
7784,0.000000,0.000000,0.067173,PAUSE
7785,0.000000,0.000000,0.179488,PAUSE
7786,0.000000,0.000000,0.335687,PAUSE
7787,0.000000,0.000000,0.500810,ALLOW
7788,0.000000,0.000000,0.646730,ALLOW
7789,1.000000,1.000000,0.283708,PAUSE
7790,1.000000,1.000000,0.117922,PAUSE
7791,1.000000,1.000000,0.048742,PAUSE
7792,1.000000,1.000000,0.020341,PAUSE
7793,1.000000,1.000000,0.008717,PAUSE
7794,0.000000,0.000000,0.012815,PAUSE
7795,1.000000,1.000000,0.007582,PAUSE
7796,0.000000,1.000000,0.004136,PAUSE
7797,0.000000,0.000000,0.015356,PAUSE
7798,1.000000,1.000000,0.009236,PAUSE
7799,0.000000,0.000000,0.029135,PAUSE
7800,1.000000,1.000000,0.016138,PAUSE
7801,0.000000,1.000000,0.008038,PAUSE
7802,0.000000,1.000000,0.004062,PAUSE
7803,0.000000,0.000000,0.013322,PAUSE
7804,0.000000,1.000000,0.008142,PAUSE
7805,0.000000,0.000000,0.027289,PAUSE
7806,1.000000,1.000000,0.015249,PAUSE
7807,0.000000,0.000000,0.037243,PAUSE
7808,0.000000,0.000000,0.116589,PAUSE
7809,1.000000,1.000000,0.056933,PAUSE
7810,0.000000,0.000000,0.075122,PAUSE
7811,0.000000,1.000000,0.036963,PAUSE
7812,1.000000,1.000000,0.016837,PAUSE
7813,0.000000,0.000000,0.026623,PAUSE
7814,0.000000,1.000000,0.014517,PAUSE
7815,0.000000,0.000000,0.034899,PAUSE
7816,0.000000,0.000000,0.111577,PAUSE
7817,1.000000,1.000000,0.054679,PAUSE
7818,0.000000,1.000000,0.024440,PAUSE
7819,0.000000,0.000000,0.032529,PAUSE
7820,0.000000,1.000000,0.017205,PAUSE
7821,0.000000,1.000000,0.008402,PAUSE
7822,0.000000,1.000000,0.004188,PAUSE
7823,1.000000,1.000000,0.002249,PAUSE
7824,1.000000,1.000000,0.001361,PAUSE
7825,1.000000,1.000000,0.000948,PAUSE
7826,1.000000,1.000000,0.000753,PAUSE
7827,0.000000,0.000000,0.007457,PAUSE
7828,0.000000,1.000000,0.005078,PAUSE
7829,0.000000,0.000000,0.022167,PAUSE
7830,0.000000,0.000000,0.087145,PAUSE
7831,1.000000,1.000000,0.043660,PAUSE
7832,0.000000,0.000000,0.065107,PAUSE
7833,0.000000,1.000000,0.032577,PAUSE
7834,0.000000,1.000000,0.015014,PAUSE
7835,0.000000,0.000000,0.025493,PAUSE
7836,1.000000,1.000000,0.014019,PAUSE
7837,1.000000,1.000000,0.007045,PAUSE
7838,0.000000,1.000000,0.003618,PAUSE
7839,0.000000,0.000000,0.012747,PAUSE
7840,0.000000,0.000000,0.060446,PAUSE
7841,0.000000,0.000000,0.167767,PAUSE
7842,0.000000,0.000000,0.321516,PAUSE
7843,0.000000,1.000000,0.146459,PAUSE
7844,0.000000,1.000000,0.062209,PAUSE
7845,1.000000,1.000000,0.026277,PAUSE
7846,1.000000,1.000000,0.011296,PAUSE
7847,0.000000,0.000000,0.015690,PAUSE
7848,0.000000,1.000000,0.009013,PAUSE
7849,1.000000,1.000000,0.004782,PAUSE
7850,0.000000,1.000000,0.002622,PAUSE
7851,1.000000,1.000000,0.001572,PAUSE
7852,1.000000,1.000000,0.001065,PAUSE
7853,0.000000,1.000000,0.000817,PAUSE
7854,0.000000,1.000000,0.000693,PAUSE
7855,0.000000,0.000000,0.007348,PAUSE
7856,0.000000,0.000000,0.044717,PAUSE
7857,0.000000,0.000000,0.139178,PAUSE
7858,0.000000,0.000000,0.285581,PAUSE
7859,1.000000,1.000000,0.131032,PAUSE
7860,0.000000,0.000000,0.122631,PAUSE
7861,0.000000,0.000000,0.214679,PAUSE
7862,0.000000,0.000000,0.363036,PAUSE
7863,0.000000,0.000000,0.522703,ALLOW
7864,1.000000,1.000000,0.231702,PAUSE
7865,0.000000,0.000000,0.176622,PAUSE
7866,1.000000,1.000000,0.079827,PAUSE
7867,1.000000,1.000000,0.034363,PAUSE
7868,1.000000,1.000000,0.014842,PAUSE
7869,1.000000,1.000000,0.006616,PAUSE
7870,0.000000,1.000000,0.003157,PAUSE
7871,1.000000,1.000000,0.001692,PAUSE
7872,0.000000,1.000000,0.001064,PAUSE
7873,0.000000,0.000000,0.007740,PAUSE
7874,1.000000,1.000000,0.005219,PAUSE
7875,0.000000,0.000000,0.022383,PAUSE
7876,0.000000,0.000000,0.087603,PAUSE
7877,0.000000,0.000000,0.212329,PAUSE
7878,0.000000,1.000000,0.099306,PAUSE
7879,1.000000,1.000000,0.042906,PAUSE
7880,0.000000,1.000000,0.018451,PAUSE
7881,0.000000,0.000000,0.022424,PAUSE
7882,1.000000,1.000000,0.012241,PAUSE
7883,0.000000,0.000000,0.031207,PAUSE
7884,1.000000,1.000000,0.017058,PAUSE
7885,0.000000,0.000000,0.038999,PAUSE
7886,0.000000,0.000000,0.119300,PAUSE
7887,0.000000,1.000000,0.058140,PAUSE
7888,1.000000,1.000000,0.025881,PAUSE
7889,1.000000,1.000000,0.011500,PAUSE
7890,1.000000,1.000000,0.005299,PAUSE
7891,0.000000,1.000000,0.002638,PAUSE
7892,1.000000,1.000000,0.001489,PAUSE
7893,0.000000,1.000000,0.000985,PAUSE
7894,0.000000,1.000000,0.000760,PAUSE
7895,0.000000,1.000000,0.000655,PAUSE
7896,0.000000,1.000000,0.000606,PAUSE
7897,1.000000,1.000000,0.000581,PAUSE
7898,1.000000,1.000000,0.000568,PAUSE
7899,0.000000,0.000000,0.006943,PAUSE
7900,0.000000,0.000000,0.043282,PAUSE
7901,0.000000,0.000000,0.136373,PAUSE
7902,0.000000,0.000000,0.281913,PAUSE
7903,0.000000,1.000000,0.129453,PAUSE
7904,0.000000,1.000000,0.055263,PAUSE
7905,1.000000,1.000000,0.023465,PAUSE
7906,1.000000,1.000000,0.010160,PAUSE
7907,0.000000,1.000000,0.004615,PAUSE
7908,0.000000,1.000000,0.002296,PAUSE
7909,1.000000,1.000000,0.001317,PAUSE
7910,1.000000,1.000000,0.000897,PAUSE
7911,0.000000,0.000000,0.007478,PAUSE
7912,0.000000,0.000000,0.044938,PAUSE
7913,1.000000,1.000000,0.024029,PAUSE
7914,0.000000,1.000000,0.011506,PAUSE
7915,1.000000,1.000000,0.005546,PAUSE
7916,0.000000,1.000000,0.002840,PAUSE
7917,0.000000,0.000000,0.010847,PAUSE
7918,0.000000,1.000000,0.006855,PAUSE
7919,0.000000,0.000000,0.025217,PAUSE
7920,0.000000,1.000000,0.014250,PAUSE
7921,1.000000,1.000000,0.007213,PAUSE
7922,0.000000,1.000000,0.003710,PAUSE
7923,1.000000,1.000000,0.002057,PAUSE
7924,0.000000,0.000000,0.010074,PAUSE
7925,1.000000,1.000000,0.006473,PAUSE
7926,0.000000,0.000000,0.024675,PAUSE
7927,0.000000,0.000000,0.092613,PAUSE
7928,0.000000,0.000000,0.219812,PAUSE
7929,1.000000,1.000000,0.102564,PAUSE
7930,1.000000,1.000000,0.044244,PAUSE
7931,1.000000,1.000000,0.018995,PAUSE
7932,1.000000,1.000000,0.008350,PAUSE
7933,0.000000,0.000000,0.014228,PAUSE
7934,1.000000,1.000000,0.008386,PAUSE
7935,0.000000,0.000000,0.026775,PAUSE
7936,0.000000,1.000000,0.014977,PAUSE
7937,1.000000,1.000000,0.007527,PAUSE
7938,0.000000,1.000000,0.003843,PAUSE
7939,0.000000,0.000000,0.013109,PAUSE
7940,1.000000,1.000000,0.008039,PAUSE
7941,0.000000,0.000000,0.027155,PAUSE
7942,0.000000,0.000000,0.097704,PAUSE
7943,1.000000,1.000000,0.048449,PAUSE
7944,0.000000,0.000000,0.068837,PAUSE
7945,0.000000,0.000000,0.161749,PAUSE
7946,0.000000,1.000000,0.076863,PAUSE
7947,0.000000,0.000000,0.088594,PAUSE
7948,0.000000,1.000000,0.042779,PAUSE
7949,1.000000,1.000000,0.019239,PAUSE
7950,0.000000,1.000000,0.008707,PAUSE
7951,0.000000,0.000000,0.016494,PAUSE
7952,0.000000,1.000000,0.009596,PAUSE
7953,0.000000,0.000000,0.028810,PAUSE
7954,0.000000,0.000000,0.100592,PAUSE
7955,0.000000,1.000000,0.049747,PAUSE
7956,1.000000,1.000000,0.022384,PAUSE
7957,0.000000,0.000000,0.031261,PAUSE
7958,1.000000,1.000000,0.016648,PAUSE
7959,0.000000,0.000000,0.036979,PAUSE
7960,0.000000,1.000000,0.019774,PAUSE
7961,0.000000,0.000000,0.041771,PAUSE
7962,0.000000,0.000000,0.123635,PAUSE
7963,0.000000,0.000000,0.262617,PAUSE
7964,0.000000,1.000000,0.121102,PAUSE
7965,0.000000,0.000000,0.116772,PAUSE
7966,0.000000,1.000000,0.054821,PAUSE
7967,0.000000,0.000000,0.067297,PAUSE
7968,0.000000,0.000000,0.154360,PAUSE
7969,0.000000,0.000000,0.298580,PAUSE
7970,0.000000,0.000000,0.462934,PAUSE
7971,1.000000,1.000000,0.206550,PAUSE
7972,0.000000,1.000000,0.086660,PAUSE
7973,0.000000,1.000000,0.036150,PAUSE
7974,1.000000,1.000000,0.015276,PAUSE
7975,0.000000,0.000000,0.017546,PAUSE
7976,1.000000,1.000000,0.009794,PAUSE
7977,0.000000,1.000000,0.005104,PAUSE
7978,1.000000,1.000000,0.002755,PAUSE
7979,1.000000,1.000000,0.001627,PAUSE
7980,0.000000,1.000000,0.001088,PAUSE
7981,0.000000,0.000000,0.008297,PAUSE
7982,1.000000,1.000000,0.005536,PAUSE
7983,0.000000,1.000000,0.003251,PAUSE
7984,1.000000,1.000000,0.001958,PAUSE
7985,0.000000,1.000000,0.001283,PAUSE
7986,0.000000,1.000000,0.000938,PAUSE
7987,1.000000,1.000000,0.000760,PAUSE
7988,0.000000,1.000000,0.000667,PAUSE
7989,0.000000,0.000000,0.007296,PAUSE
7990,0.000000,1.000000,0.004991,PAUSE
7991,0.000000,0.000000,0.022003,PAUSE
7992,1.000000,1.000000,0.012683,PAUSE
7993,0.000000,0.000000,0.034228,PAUSE
7994,1.000000,1.000000,0.018558,PAUSE
7995,1.000000,1.000000,0.009085,PAUSE
7996,1.000000,1.000000,0.004507,PAUSE
7997,1.000000,1.000000,0.002395,PAUSE
7998,0.000000,0.000000,0.010398,PAUSE
7999,0.000000,0.000000,0.053846,PAUSE
8000,0.000000,0.000000,0.156127,PAUSE
8001,0.000000,0.000000,0.307168,PAUSE
8002,0.000000,0.000000,0.473183,PAUSE
8003,1.000000,1.000000,0.210903,PAUSE
8004,0.000000,0.000000,0.166074,PAUSE
8005,0.000000,1.000000,0.075461,PAUSE
8006,1.000000,1.000000,0.032593,PAUSE
8007,1.000000,1.000000,0.014127,PAUSE
8008,1.000000,1.000000,0.006328,PAUSE
8009,0.000000,0.000000,0.012759,PAUSE
8010,0.000000,1.000000,0.007699,PAUSE
8011,0.000000,1.000000,0.004220,PAUSE
8012,1.000000,1.000000,0.002384,PAUSE
8013,0.000000,0.000000,0.011347,PAUSE
8014,0.000000,1.000000,0.007160,PAUSE
8015,0.000000,1.000000,0.004011,PAUSE
8016,0.000000,1.000000,0.002303,PAUSE
8017,0.000000,1.000000,0.001440,PAUSE
8018,0.000000,1.000000,0.001010,PAUSE
8019,0.000000,1.000000,0.000794,PAUSE
8020,0.000000,1.000000,0.000683,PAUSE
8021,0.000000,0.000000,0.007336,PAUSE
8022,1.000000,1.000000,0.005013,PAUSE
8023,0.000000,0.000000,0.022046,PAUSE
8024,0.000000,0.000000,0.086874,PAUSE
8025,0.000000,0.000000,0.211233,PAUSE
8026,0.000000,0.000000,0.372421,PAUSE
8027,0.000000,0.000000,0.535184,ALLOW
8028,0.000000,0.000000,0.674710,ALLOW
8029,0.000000,0.000000,0.781891,ALLOW
8030,1.000000,1.000000,0.339917,PAUSE
8031,0.000000,1.000000,0.140631,PAUSE
8032,0.000000,1.000000,0.057873,PAUSE
8033,0.000000,0.000000,0.040409,PAUSE
8034,1.000000,1.000000,0.019717,PAUSE
8035,0.000000,0.000000,0.035532,PAUSE
8036,0.000000,0.000000,0.108887,PAUSE
8037,0.000000,0.000000,0.241707,PAUSE
8038,0.000000,0.000000,0.405329,PAUSE
8039,0.000000,0.000000,0.564790,ALLOW
8040,0.000000,1.000000,0.249431,PAUSE
8041,0.000000,0.000000,0.185686,PAUSE
8042,0.000000,1.000000,0.083582,PAUSE
8043,1.000000,1.000000,0.035885,PAUSE
8044,0.000000,0.000000,0.036488,PAUSE
8045,0.000000,0.000000,0.097446,PAUSE
8046,1.000000,1.000000,0.048085,PAUSE
8047,1.000000,1.000000,0.021655,PAUSE
8048,0.000000,1.000000,0.009755,PAUSE
8049,0.000000,0.000000,0.017533,PAUSE
8050,1.000000,1.000000,0.010097,PAUSE
8051,0.000000,0.000000,0.029432,PAUSE
8052,1.000000,1.000000,0.016252,PAUSE
8053,1.000000,1.000000,0.008082,PAUSE
8054,0.000000,1.000000,0.004080,PAUSE
8055,0.000000,0.000000,0.013326,PAUSE
8056,0.000000,0.000000,0.061829,PAUSE
8057,1.000000,1.000000,0.031969,PAUSE
8058,1.000000,1.000000,0.014897,PAUSE
8059,1.000000,1.000000,0.006965,PAUSE
8060,0.000000,1.000000,0.003432,PAUSE
8061,0.000000,0.000000,0.011311,PAUSE
8062,0.000000,1.000000,0.007076,PAUSE
8063,0.000000,0.000000,0.025493,PAUSE
8064,1.000000,1.000000,0.014381,PAUSE
8065,0.000000,1.000000,0.007271,PAUSE
8066,0.000000,1.000000,0.003735,PAUSE
8067,0.000000,1.000000,0.002068,PAUSE
8068,1.000000,1.000000,0.001288,PAUSE
8069,0.000000,0.000000,0.008632,PAUSE
8070,0.000000,1.000000,0.005713,PAUSE
8071,1.000000,1.000000,0.003334,PAUSE
8072,0.000000,0.000000,0.014630,PAUSE
8073,0.000000,0.000000,0.066876,PAUSE
8074,1.000000,1.000000,0.034331,PAUSE
8075,1.000000,1.000000,0.015901,PAUSE
8076,0.000000,1.000000,0.007384,PAUSE
8077,0.000000,0.000000,0.016055,PAUSE
8078,1.000000,1.000000,0.009433,PAUSE
8079,0.000000,0.000000,0.028807,PAUSE
8080,0.000000,0.000000,0.100724,PAUSE
8081,0.000000,0.000000,0.231488,PAUSE
8082,1.000000,1.000000,0.107636,PAUSE
8083,0.000000,0.000000,0.108763,PAUSE
8084,0.000000,1.000000,0.051429,PAUSE
8085,0.000000,0.000000,0.065305,PAUSE
8086,1.000000,1.000000,0.032413,PAUSE
8087,0.000000,0.000000,0.051916,PAUSE
8088,0.000000,1.000000,0.026556,PAUSE
8089,0.000000,0.000000,0.047680,PAUSE
8090,1.000000,1.000000,0.024691,PAUSE
8091,0.000000,0.000000,0.046275,PAUSE
8092,0.000000,1.000000,0.024069,PAUSE
8093,0.000000,0.000000,0.045792,PAUSE
8094,0.000000,1.000000,0.023855,PAUSE
8095,1.000000,1.000000,0.011338,PAUSE
8096,0.000000,0.000000,0.022896,PAUSE
8097,0.000000,0.000000,0.083220,PAUSE
8098,0.000000,0.000000,0.204296,PAUSE
8099,1.000000,1.000000,0.095785,PAUSE
8100,0.000000,0.000000,0.101435,PAUSE
8101,0.000000,0.000000,0.195943,PAUSE
8102,0.000000,0.000000,0.345112,PAUSE
8103,1.000000,1.000000,0.156411,PAUSE
8104,0.000000,0.000000,0.136640,PAUSE
8105,0.000000,1.000000,0.063171,PAUSE
8106,0.000000,1.000000,0.027594,PAUSE
8107,0.000000,0.000000,0.032474,PAUSE
8108,0.000000,1.000000,0.017036,PAUSE
8109,1.000000,1.000000,0.008302,PAUSE
8110,1.000000,1.000000,0.004137,PAUSE
8111,0.000000,0.000000,0.013095,PAUSE
8112,0.000000,0.000000,0.060997,PAUSE
8113,0.000000,0.000000,0.168628,PAUSE
8114,0.000000,1.000000,0.080151,PAUSE
8115,0.000000,1.000000,0.035016,PAUSE
8116,0.000000,1.000000,0.015239,PAUSE
8117,1.000000,1.000000,0.006825,PAUSE
8118,1.000000,1.000000,0.003262,PAUSE
8119,1.000000,1.000000,0.001745,PAUSE
8120,0.000000,1.000000,0.001092,PAUSE
8121,0.000000,1.000000,0.000804,PAUSE
8122,1.000000,1.000000,0.000674,PAUSE
8123,0.000000,0.000000,0.007185,PAUSE
8124,0.000000,1.000000,0.004926,PAUSE
8125,0.000000,1.000000,0.002961,PAUSE
8126,0.000000,1.000000,0.001824,PAUSE
8127,0.000000,0.000000,0.010609,PAUSE
8128,1.000000,1.000000,0.006786,PAUSE
8129,0.000000,0.000000,0.025329,PAUSE
8130,0.000000,1.000000,0.014310,PAUSE
8131,1.000000,1.000000,0.007241,PAUSE
8132,0.000000,1.000000,0.003722,PAUSE
8133,0.000000,1.000000,0.002062,PAUSE
8134,0.000000,1.000000,0.001286,PAUSE
8135,0.000000,0.000000,0.008631,PAUSE
8136,1.000000,1.000000,0.005712,PAUSE
8137,1.000000,1.000000,0.003334,PAUSE
8138,1.000000,1.000000,0.001995,PAUSE
8139,1.000000,1.000000,0.001300,PAUSE
8140,1.000000,1.000000,0.000946,PAUSE
8141,0.000000,1.000000,0.000763,PAUSE
8142,1.000000,1.000000,0.000668,PAUSE
8143,1.000000,1.000000,0.000617,PAUSE
8144,0.000000,0.000000,0.007131,PAUSE
8145,1.000000,1.000000,0.004899,PAUSE
8146,0.000000,1.000000,0.002948,PAUSE
8147,0.000000,0.000000,0.014011,PAUSE
8148,0.000000,0.000000,0.065338,PAUSE
8149,0.000000,1.000000,0.033619,PAUSE
8150,1.000000,1.000000,0.015600,PAUSE
8151,1.000000,1.000000,0.007259,PAUSE
8152,1.000000,1.000000,0.003554,PAUSE
8153,1.000000,1.000000,0.001919,PAUSE
8154,0.000000,0.000000,0.009260,PAUSE
8155,0.000000,0.000000,0.050337,PAUSE
8156,1.000000,1.000000,0.026585,PAUSE
8157,0.000000,1.000000,0.012603,PAUSE
8158,0.000000,1.000000,0.006007,PAUSE
8159,0.000000,0.000000,0.015055,PAUSE
8160,1.000000,1.000000,0.008971,PAUSE
8161,0.000000,0.000000,0.028310,PAUSE
8162,1.000000,1.000000,0.015732,PAUSE
8163,1.000000,1.000000,0.007859,PAUSE
8164,0.000000,0.000000,0.020056,PAUSE
8165,0.000000,1.000000,0.011532,PAUSE
8166,1.000000,1.000000,0.005979,PAUSE
8167,0.000000,1.000000,0.003167,PAUSE
8168,0.000000,0.000000,0.012361,PAUSE
8169,1.000000,1.000000,0.007670,PAUSE
8170,1.000000,1.000000,0.004242,PAUSE
8171,1.000000,1.000000,0.002405,PAUSE
8172,0.000000,0.000000,0.011466,PAUSE
8173,0.000000,0.000000,0.057562,PAUSE
8174,1.000000,1.000000,0.029988,PAUSE
8175,1.000000,1.000000,0.014056,PAUSE
8176,0.000000,0.000000,0.025561,PAUSE
8177,0.000000,1.000000,0.014099,PAUSE
8178,0.000000,0.000000,0.034759,PAUSE
8179,0.000000,0.000000,0.111575,PAUSE
8180,0.000000,0.000000,0.246523,PAUSE
8181,0.000000,0.000000,0.410738,PAUSE
8182,0.000000,0.000000,0.569673,ALLOW
8183,0.000000,0.000000,0.702086,ALLOW
8184,0.000000,1.000000,0.306774,PAUSE
8185,0.000000,0.000000,0.213835,PAUSE
8186,0.000000,1.000000,0.095176,PAUSE
8187,1.000000,1.000000,0.040576,PAUSE
8188,0.000000,0.000000,0.038648,PAUSE
8189,1.000000,1.000000,0.019616,PAUSE
8190,1.000000,1.000000,0.009358,PAUSE
8191,0.000000,1.000000,0.004568,PAUSE
8192,1.000000,1.000000,0.002400,PAUSE
8193,0.000000,0.000000,0.010209,PAUSE
8194,1.000000,1.000000,0.006527,PAUSE
8195,0.000000,0.000000,0.024695,PAUSE
8196,0.000000,0.000000,0.092617,PAUSE
8197,0.000000,1.000000,0.046146,PAUSE
8198,0.000000,1.000000,0.020878,PAUSE
8199,1.000000,1.000000,0.009444,PAUSE
8200,0.000000,0.000000,0.017406,PAUSE
8201,0.000000,0.000000,0.068896,PAUSE
8202,0.000000,1.000000,0.035206,PAUSE
8203,0.000000,0.000000,0.057873,PAUSE
8204,1.000000,1.000000,0.029361,PAUSE
8205,0.000000,0.000000,0.050397,PAUSE
8206,0.000000,0.000000,0.135922,PAUSE
8207,0.000000,0.000000,0.277933,PAUSE
8208,0.000000,0.000000,0.442993,PAUSE
8209,0.000000,0.000000,0.597732,ALLOW
8210,0.000000,0.000000,0.723869,ALLOW
8211,0.000000,1.000000,0.315832,PAUSE
8212,0.000000,1.000000,0.130906,PAUSE
8213,0.000000,0.000000,0.084527,PAUSE
8214,0.000000,1.000000,0.038973,PAUSE
8215,0.000000,0.000000,0.050178,PAUSE
8216,0.000000,1.000000,0.025463,PAUSE
8217,0.000000,1.000000,0.011953,PAUSE
8218,1.000000,1.000000,0.005687,PAUSE
8219,0.000000,0.000000,0.014447,PAUSE
8220,0.000000,1.000000,0.008660,PAUSE
8221,0.000000,0.000000,0.027843,PAUSE
8222,0.000000,1.000000,0.015508,PAUSE
8223,1.000000,1.000000,0.007762,PAUSE
8224,0.000000,0.000000,0.019966,PAUSE
8225,0.000000,0.000000,0.078358,PAUSE
8226,0.000000,0.000000,0.197187,PAUSE
8227,1.000000,1.000000,0.092685,PAUSE
8228,1.000000,1.000000,0.040182,PAUSE
8229,0.000000,1.000000,0.017343,PAUSE
8230,1.000000,1.000000,0.007680,PAUSE
8231,0.000000,1.000000,0.003610,PAUSE
8232,0.000000,1.000000,0.001887,PAUSE
8233,1.000000,1.000000,0.001150,PAUSE
8234,0.000000,0.000000,0.007859,PAUSE
8235,0.000000,1.000000,0.005281,PAUSE
8236,0.000000,1.000000,0.003127,PAUSE
8237,0.000000,1.000000,0.001900,PAUSE
8238,0.000000,1.000000,0.001256,PAUSE
8239,0.000000,0.000000,0.008988,PAUSE
8240,1.000000,1.000000,0.005916,PAUSE
8241,1.000000,1.000000,0.003432,PAUSE
8242,0.000000,1.000000,0.002041,PAUSE
8243,0.000000,1.000000,0.001322,PAUSE
8244,0.000000,1.000000,0.000956,PAUSE
8245,0.000000,0.000000,0.008136,PAUSE
8246,0.000000,0.000000,0.047408,PAUSE
8247,1.000000,1.000000,0.025206,PAUSE
8248,0.000000,0.000000,0.048850,PAUSE
8249,0.000000,0.000000,0.135510,PAUSE
8250,1.000000,1.000000,0.065346,PAUSE
8251,0.000000,0.000000,0.081023,PAUSE
8252,0.000000,1.000000,0.039522,PAUSE
8253,0.000000,0.000000,0.057735,PAUSE
8254,0.000000,1.000000,0.029146,PAUSE
8255,0.000000,0.000000,0.049711,PAUSE
8256,1.000000,1.000000,0.025594,PAUSE
8257,0.000000,1.000000,0.012067,PAUSE
8258,0.000000,0.000000,0.023391,PAUSE
8259,0.000000,0.000000,0.083908,PAUSE
8260,1.000000,1.000000,0.042111,PAUSE
8261,1.000000,1.000000,0.019175,PAUSE
8262,0.000000,0.000000,0.029136,PAUSE
8263,0.000000,0.000000,0.092996,PAUSE
8264,0.000000,1.000000,0.046205,PAUSE
8265,1.000000,1.000000,0.020887,PAUSE
8266,0.000000,1.000000,0.009444,PAUSE
8267,0.000000,1.000000,0.004455,PAUSE
8268,1.000000,1.000000,0.002291,PAUSE
8269,0.000000,0.000000,0.009532,PAUSE
8270,1.000000,1.000000,0.006155,PAUSE
8271,1.000000,1.000000,0.003534,PAUSE
8272,1.000000,1.000000,0.002084,PAUSE
8273,1.000000,1.000000,0.001340,PAUSE
8274,0.000000,0.000000,0.009122,PAUSE
8275,1.000000,1.000000,0.005986,PAUSE
8276,0.000000,0.000000,0.023895,PAUSE
8277,0.000000,0.000000,0.090979,PAUSE
8278,1.000000,1.000000,0.045403,PAUSE
8279,1.000000,1.000000,0.020567,PAUSE
8280,1.000000,1.000000,0.009316,PAUSE
8281,1.000000,1.000000,0.004404,PAUSE
8282,0.000000,0.000000,0.011986,PAUSE
8283,0.000000,1.000000,0.007390,PAUSE
8284,0.000000,0.000000,0.025852,PAUSE
8285,0.000000,0.000000,0.094892,PAUSE
8286,0.000000,1.000000,0.047175,PAUSE
8287,0.000000,1.000000,0.021309,PAUSE
8288,0.000000,0.000000,0.030581,PAUSE
8289,0.000000,0.000000,0.094912,PAUSE
8290,0.000000,0.000000,0.220648,PAUSE
8291,0.000000,0.000000,0.382213,PAUSE
8292,1.000000,1.000000,0.172354,PAUSE
8293,0.000000,0.000000,0.145654,PAUSE
8294,0.000000,0.000000,0.232917,PAUSE
8295,0.000000,1.000000,0.107412,PAUSE
8296,1.000000,1.000000,0.046132,PAUSE
8297,1.000000,1.000000,0.019737,PAUSE
8298,1.000000,1.000000,0.008642,PAUSE
8299,0.000000,0.000000,0.014307,PAUSE
8300,0.000000,0.000000,0.059738,PAUSE
8301,1.000000,1.000000,0.030940,PAUSE
8302,0.000000,1.000000,0.014452,PAUSE
8303,0.000000,0.000000,0.025804,PAUSE
8304,0.000000,0.000000,0.088336,PAUSE
8305,0.000000,0.000000,0.211762,PAUSE
8306,0.000000,0.000000,0.372577,PAUSE
8307,0.000000,0.000000,0.535203,ALLOW
8308,0.000000,1.000000,0.237013,PAUSE
8309,0.000000,0.000000,0.179436,PAUSE
8310,0.000000,0.000000,0.257032,PAUSE
8311,0.000000,0.000000,0.399246,PAUSE
8312,1.000000,1.000000,0.179266,PAUSE
8313,1.000000,1.000000,0.075537,PAUSE
8314,0.000000,0.000000,0.059138,PAUSE
8315,0.000000,1.000000,0.028498,PAUSE
8316,0.000000,0.000000,0.044691,PAUSE
8317,0.000000,1.000000,0.023146,PAUSE
8318,1.000000,1.000000,0.011002,PAUSE
8319,0.000000,1.000000,0.005299,PAUSE
8320,0.000000,0.000000,0.014231,PAUSE
8321,1.000000,1.000000,0.008565,PAUSE
8322,0.000000,1.000000,0.004638,PAUSE
8323,1.000000,1.000000,0.002577,PAUSE
8324,1.000000,1.000000,0.001560,PAUSE
8325,0.000000,0.000000,0.009441,PAUSE
8326,1.000000,1.000000,0.006151,PAUSE
8327,0.000000,1.000000,0.003541,PAUSE
8328,0.000000,1.000000,0.002090,PAUSE
8329,0.000000,1.000000,0.001344,PAUSE
8330,0.000000,0.000000,0.009139,PAUSE
8331,1.000000,1.000000,0.005995,PAUSE
8332,0.000000,1.000000,0.003469,PAUSE
8333,0.000000,0.000000,0.014852,PAUSE
8334,1.000000,1.000000,0.009002,PAUSE
8335,0.000000,0.000000,0.028881,PAUSE
8336,0.000000,0.000000,0.101282,PAUSE
8337,1.000000,1.000000,0.050066,PAUSE
8338,1.000000,1.000000,0.022518,PAUSE
8339,0.000000,0.000000,0.031350,PAUSE
8340,0.000000,0.000000,0.095859,PAUSE
8341,0.000000,0.000000,0.221873,PAUSE
8342,0.000000,0.000000,0.383520,PAUSE
8343,1.000000,1.000000,0.172909,PAUSE
8344,1.000000,1.000000,0.072987,PAUSE
8345,0.000000,0.000000,0.058082,PAUSE
8346,0.000000,0.000000,0.120438,PAUSE
8347,0.000000,0.000000,0.249488,PAUSE
8348,0.000000,0.000000,0.411386,PAUSE
8349,0.000000,0.000000,0.569513,ALLOW
8350,0.000000,0.000000,0.701728,ALLOW
8351,0.000000,1.000000,0.306621,PAUSE
8352,0.000000,1.000000,0.127184,PAUSE
8353,0.000000,0.000000,0.082881,PAUSE
8354,0.000000,1.000000,0.038299,PAUSE
8355,0.000000,0.000000,0.049848,PAUSE
8356,0.000000,0.000000,0.128124,PAUSE
8357,0.000000,0.000000,0.265915,PAUSE
8358,1.000000,1.000000,0.122488,PAUSE
8359,0.000000,1.000000,0.052406,PAUSE
8360,0.000000,1.000000,0.022305,PAUSE
8361,0.000000,1.000000,0.009690,PAUSE
8362,0.000000,1.000000,0.004425,PAUSE
8363,1.000000,1.000000,0.002219,PAUSE
8364,1.000000,1.000000,0.001285,PAUSE
8365,0.000000,0.000000,0.007945,PAUSE
8366,0.000000,1.000000,0.005321,PAUSE
8367,0.000000,1.000000,0.003145,PAUSE
8368,0.000000,1.000000,0.001907,PAUSE
8369,0.000000,0.000000,0.010735,PAUSE
8370,0.000000,0.000000,0.055644,PAUSE
8371,1.000000,1.000000,0.029092,PAUSE
8372,0.000000,0.000000,0.052570,PAUSE
8373,0.000000,1.000000,0.026993,PAUSE
8374,1.000000,1.000000,0.012676,PAUSE
8375,0.000000,1.000000,0.006009,PAUSE
8376,0.000000,1.000000,0.003023,PAUSE
8377,0.000000,0.000000,0.010902,PAUSE
8378,1.000000,1.000000,0.006874,PAUSE
8379,0.000000,1.000000,0.003868,PAUSE
8380,1.000000,1.000000,0.002235,PAUSE
8381,0.000000,1.000000,0.001408,PAUSE
8382,1.000000,1.000000,0.000995,PAUSE
8383,1.000000,1.000000,0.000786,PAUSE
8384,0.000000,1.000000,0.000679,PAUSE
8385,0.000000,0.000000,0.007326,PAUSE
8386,1.000000,1.000000,0.005007,PAUSE
8387,1.000000,1.000000,0.003000,PAUSE
8388,1.000000,1.000000,0.001842,PAUSE
8389,1.000000,1.000000,0.001230,PAUSE
8390,0.000000,1.000000,0.000913,PAUSE
8391,0.000000,1.000000,0.000748,PAUSE
8392,1.000000,1.000000,0.000661,PAUSE
8393,0.000000,0.000000,0.007281,PAUSE
8394,0.000000,1.000000,0.004983,PAUSE
8395,0.000000,1.000000,0.002989,PAUSE
8396,0.000000,0.000000,0.014080,PAUSE
8397,1.000000,1.000000,0.008613,PAUSE
8398,0.000000,0.000000,0.028329,PAUSE
8399,1.000000,1.000000,0.015757,PAUSE
8400,1.000000,1.000000,0.007873,PAUSE
8401,1.000000,1.000000,0.003992,PAUSE
8402,1.000000,1.000000,0.002178,PAUSE
8403,0.000000,1.000000,0.001335,PAUSE
8404,0.000000,1.000000,0.000940,PAUSE
8405,0.000000,0.000000,0.007898,PAUSE
8406,0.000000,1.000000,0.005318,PAUSE
8407,1.000000,1.000000,0.003148,PAUSE
8408,0.000000,1.000000,0.001910,PAUSE
8409,0.000000,0.000000,0.010752,PAUSE
8410,1.000000,1.000000,0.006860,PAUSE
8411,0.000000,0.000000,0.025448,PAUSE
8412,0.000000,0.000000,0.094303,PAUSE
8413,0.000000,0.000000,0.222313,PAUSE
8414,0.000000,0.000000,0.384719,PAUSE
8415,1.000000,1.000000,0.173429,PAUSE
8416,0.000000,1.000000,0.073200,PAUSE
8417,0.000000,1.000000,0.030719,PAUSE
8418,0.000000,0.000000,0.028363,PAUSE
8419,0.000000,0.000000,0.079729,PAUSE
8420,1.000000,1.000000,0.040008,PAUSE
8421,1.000000,1.000000,0.018262,PAUSE
8422,0.000000,1.000000,0.008354,PAUSE
8423,0.000000,1.000000,0.004004,PAUSE
8424,0.000000,0.000000,0.011688,PAUSE
8425,0.000000,0.000000,0.056379,PAUSE
8426,0.000000,0.000000,0.160390,PAUSE
8427,0.000000,0.000000,0.312403,PAUSE
8428,1.000000,1.000000,0.142553,PAUSE
8429,0.000000,0.000000,0.129206,PAUSE
8430,0.000000,1.000000,0.060066,PAUSE
8431,0.000000,1.000000,0.026330,PAUSE
8432,1.000000,1.000000,0.011593,PAUSE
8433,0.000000,0.000000,0.018027,PAUSE
8434,1.000000,1.000000,0.010262,PAUSE
8435,0.000000,0.000000,0.029335,PAUSE
8436,0.000000,1.000000,0.016196,PAUSE
8437,0.000000,1.000000,0.008056,PAUSE
8438,0.000000,0.000000,0.020210,PAUSE
8439,0.000000,1.000000,0.011603,PAUSE
8440,0.000000,1.000000,0.006010,PAUSE
8441,0.000000,1.000000,0.003180,PAUSE
8442,1.000000,1.000000,0.001825,PAUSE
8443,0.000000,1.000000,0.001181,PAUSE
8444,1.000000,1.000000,0.000871,PAUSE
8445,1.000000,1.000000,0.000719,PAUSE
8446,1.000000,1.000000,0.000642,PAUSE
8447,1.000000,1.000000,0.000602,PAUSE
8448,1.000000,1.000000,0.000581,PAUSE
8449,0.000000,0.000000,0.006994,PAUSE
8450,0.000000,0.000000,0.043468,PAUSE
8451,0.000000,0.000000,0.136738,PAUSE
8452,1.000000,1.000000,0.066032,PAUSE
8453,1.000000,1.000000,0.029174,PAUSE
8454,1.000000,1.000000,0.012853,PAUSE
8455,0.000000,0.000000,0.019432,PAUSE
8456,0.000000,0.000000,0.071497,PAUSE
8457,1.000000,1.000000,0.036378,PAUSE
8458,1.000000,1.000000,0.016754,PAUSE
8459,0.000000,0.000000,0.027452,PAUSE
8460,0.000000,0.000000,0.090685,PAUSE
8461,1.000000,1.000000,0.045171,PAUSE
8462,1.000000,1.000000,0.020456,PAUSE
8463,1.000000,1.000000,0.009267,PAUSE
8464,0.000000,0.000000,0.017269,PAUSE
8465,1.000000,1.000000,0.009982,PAUSE
8466,0.000000,0.000000,0.029340,PAUSE
8467,1.000000,1.000000,0.016210,PAUSE
8468,1.000000,1.000000,0.008065,PAUSE
8469,1.000000,1.000000,0.004072,PAUSE
8470,0.000000,1.000000,0.002211,PAUSE
8471,0.000000,1.000000,0.001349,PAUSE
8472,0.000000,1.000000,0.000946,PAUSE
8473,0.000000,1.000000,0.000753,PAUSE
8474,0.000000,0.000000,0.007470,PAUSE
8475,0.000000,0.000000,0.045112,PAUSE
8476,1.000000,1.000000,0.024114,PAUSE
8477,0.000000,0.000000,0.047762,PAUSE
8478,0.000000,0.000000,0.133902,PAUSE
8479,0.000000,0.000000,0.276004,PAUSE
8480,0.000000,1.000000,0.126872,PAUSE
8481,0.000000,1.000000,0.054204,PAUSE
8482,1.000000,1.000000,0.023035,PAUSE
8483,0.000000,0.000000,0.024706,PAUSE
8484,1.000000,1.000000,0.013212,PAUSE
8485,0.000000,0.000000,0.031875,PAUSE
8486,0.000000,0.000000,0.105241,PAUSE
8487,0.000000,0.000000,0.237494,PAUSE
8488,0.000000,0.000000,0.401061,PAUSE
8489,1.000000,1.000000,0.180371,PAUSE
8490,1.000000,1.000000,0.076024,PAUSE
8491,1.000000,1.000000,0.031859,PAUSE
8492,1.000000,1.000000,0.013548,PAUSE
8493,1.000000,1.000000,0.005983,PAUSE
8494,1.000000,1.000000,0.002850,PAUSE
8495,0.000000,0.000000,0.009209,PAUSE
8496,0.000000,0.000000,0.048906,PAUSE
8497,1.000000,1.000000,0.025895,PAUSE
8498,1.000000,1.000000,0.012305,PAUSE
8499,1.000000,1.000000,0.005881,PAUSE
8500,0.000000,0.000000,0.014955,PAUSE
8501,1.000000,1.000000,0.008924,PAUSE
8502,0.000000,0.000000,0.028255,PAUSE
8503,0.000000,0.000000,0.099758,PAUSE
8504,1.000000,1.000000,0.049375,PAUSE
8505,0.000000,1.000000,0.022229,PAUSE
8506,0.000000,1.000000,0.010000,PAUSE
8507,0.000000,1.000000,0.004685,PAUSE
8508,0.000000,1.000000,0.002386,PAUSE
8509,1.000000,1.000000,0.001385,PAUSE
8510,0.000000,1.000000,0.000942,PAUSE
8511,0.000000,1.000000,0.000741,PAUSE
8512,0.000000,1.000000,0.000648,PAUSE
8513,1.000000,1.000000,0.000602,PAUSE
8514,0.000000,1.000000,0.000580,PAUSE
8515,1.000000,1.000000,0.000568,PAUSE
8516,1.000000,1.000000,0.000561,PAUSE
8517,0.000000,1.000000,0.000558,PAUSE
8518,0.000000,1.000000,0.000556,PAUSE
8519,1.000000,1.000000,0.000555,PAUSE
8520,0.000000,1.000000,0.000554,PAUSE
8521,0.000000,0.000000,0.006891,PAUSE
8522,0.000000,1.000000,0.004765,PAUSE
8523,0.000000,1.000000,0.002883,PAUSE
8524,0.000000,1.000000,0.001788,PAUSE
8525,0.000000,1.000000,0.001205,PAUSE
8526,0.000000,0.000000,0.008899,PAUSE
8527,0.000000,0.000000,0.049942,PAUSE
8528,0.000000,0.000000,0.149121,PAUSE
8529,1.000000,1.000000,0.071534,PAUSE
8530,1.000000,1.000000,0.031454,PAUSE
8531,1.000000,1.000000,0.013785,PAUSE
8532,0.000000,0.000000,0.019952,PAUSE
8533,1.000000,1.000000,0.011173,PAUSE
8534,1.000000,1.000000,0.005760,PAUSE
8535,0.000000,1.000000,0.003054,PAUSE
8536,0.000000,1.000000,0.001763,PAUSE
8537,0.000000,1.000000,0.001150,PAUSE
8538,0.000000,1.000000,0.000856,PAUSE
8539,0.000000,1.000000,0.000711,PAUSE
8540,0.000000,1.000000,0.000638,PAUSE
8541,1.000000,1.000000,0.000600,PAUSE
8542,0.000000,1.000000,0.000579,PAUSE
8543,1.000000,1.000000,0.000568,PAUSE
8544,0.000000,1.000000,0.000562,PAUSE
8545,0.000000,0.000000,0.006923,PAUSE
8546,1.000000,1.000000,0.004783,PAUSE
8547,0.000000,1.000000,0.002892,PAUSE
8548,1.000000,1.000000,0.001792,PAUSE
8549,0.000000,1.000000,0.001207,PAUSE
8550,0.000000,1.000000,0.000902,PAUSE
8551,1.000000,1.000000,0.000743,PAUSE
8552,0.000000,1.000000,0.000658,PAUSE
8553,1.000000,1.000000,0.000612,PAUSE
8554,1.000000,1.000000,0.000587,PAUSE
8555,1.000000,1.000000,0.000573,PAUSE
8556,1.000000,1.000000,0.000565,PAUSE
8557,1.000000,1.000000,0.000560,PAUSE
8558,0.000000,1.000000,0.000557,PAUSE
8559,0.000000,1.000000,0.000555,PAUSE
8560,0.000000,1.000000,0.000555,PAUSE
8561,1.000000,1.000000,0.000554,PAUSE
8562,0.000000,0.000000,0.006890,PAUSE
8563,0.000000,0.000000,0.043092,PAUSE
8564,0.000000,0.000000,0.135998,PAUSE
8565,1.000000,1.000000,0.065702,PAUSE
8566,0.000000,0.000000,0.081637,PAUSE
8567,1.000000,1.000000,0.039804,PAUSE
8568,0.000000,0.000000,0.057978,PAUSE
8569,1.000000,1.000000,0.029254,PAUSE
8570,0.000000,0.000000,0.049796,PAUSE
8571,0.000000,1.000000,0.025632,PAUSE
8572,0.000000,1.000000,0.012083,PAUSE
8573,1.000000,1.000000,0.005758,PAUSE
8574,0.000000,1.000000,0.002917,PAUSE
8575,0.000000,1.000000,0.001647,PAUSE
8576,0.000000,0.000000,0.008975,PAUSE
8577,1.000000,1.000000,0.005883,PAUSE
8578,0.000000,0.000000,0.023608,PAUSE
8579,0.000000,0.000000,0.090304,PAUSE
8580,0.000000,0.000000,0.216383,PAUSE
8581,0.000000,0.000000,0.378163,PAUSE
8582,0.000000,0.000000,0.540438,ALLOW
8583,1.000000,1.000000,0.239214,PAUSE
8584,1.000000,1.000000,0.099911,PAUSE
8585,0.000000,0.000000,0.070639,PAUSE
8586,1.000000,1.000000,0.033272,PAUSE
8587,0.000000,0.000000,0.047313,PAUSE
8588,0.000000,0.000000,0.126120,PAUSE
8589,0.000000,0.000000,0.263932,PAUSE
8590,0.000000,0.000000,0.428333,PAUSE
8591,0.000000,0.000000,0.584941,ALLOW
8592,0.000000,0.000000,0.713946,ALLOW
8593,0.000000,0.000000,0.810372,ALLOW
8594,1.000000,1.000000,0.351715,PAUSE
8595,0.000000,0.000000,0.235197,PAUSE
8596,0.000000,0.000000,0.292026,PAUSE
8597,0.000000,1.000000,0.132168,PAUSE
8598,0.000000,1.000000,0.056180,PAUSE
8599,0.000000,0.000000,0.048979,PAUSE
8600,0.000000,0.000000,0.111907,PAUSE
8601,1.000000,1.000000,0.054480,PAUSE
8602,0.000000,0.000000,0.072350,PAUSE
8603,1.000000,1.000000,0.035711,PAUSE
8604,0.000000,0.000000,0.054989,PAUSE
8605,1.000000,1.000000,0.027941,PAUSE
8606,0.000000,0.000000,0.048826,PAUSE
8607,0.000000,0.000000,0.133481,PAUSE
8608,0.000000,0.000000,0.274850,PAUSE
8609,0.000000,0.000000,0.439880,PAUSE
8610,1.000000,1.000000,0.196818,PAUSE
8611,1.000000,1.000000,0.082709,PAUSE
8612,0.000000,1.000000,0.034557,PAUSE
8613,0.000000,1.000000,0.014635,PAUSE
8614,1.000000,1.000000,0.006421,PAUSE
8615,1.000000,1.000000,0.003026,PAUSE
8616,0.000000,1.000000,0.001613,PAUSE
8617,0.000000,1.000000,0.001018,PAUSE
8618,0.000000,1.000000,0.000763,PAUSE
8619,0.000000,1.000000,0.000651,PAUSE
8620,1.000000,1.000000,0.000601,PAUSE
8621,0.000000,1.000000,0.000577,PAUSE
8622,1.000000,1.000000,0.000566,PAUSE
8623,0.000000,1.000000,0.000560,PAUSE
8624,1.000000,1.000000,0.000557,PAUSE
8625,0.000000,0.000000,0.006901,PAUSE
8626,1.000000,1.000000,0.004770,PAUSE
8627,0.000000,0.000000,0.021549,PAUSE
8628,1.000000,1.000000,0.012459,PAUSE
8629,0.000000,1.000000,0.006426,PAUSE
8630,0.000000,1.000000,0.003371,PAUSE
8631,0.000000,1.000000,0.001912,PAUSE
8632,0.000000,1.000000,0.001220,PAUSE
8633,0.000000,1.000000,0.000890,PAUSE
8634,0.000000,1.000000,0.000728,PAUSE
8635,1.000000,1.000000,0.000647,PAUSE
8636,0.000000,1.000000,0.000604,PAUSE
8637,1.000000,1.000000,0.000582,PAUSE
8638,0.000000,0.000000,0.006998,PAUSE
8639,0.000000,0.000000,0.043482,PAUSE
8640,0.000000,0.000000,0.136767,PAUSE
8641,1.000000,1.000000,0.066044,PAUSE
8642,0.000000,1.000000,0.029179,PAUSE
8643,0.000000,1.000000,0.012855,PAUSE
8644,0.000000,1.000000,0.005853,PAUSE
8645,0.000000,1.000000,0.002866,PAUSE
8646,1.000000,1.000000,0.001583,PAUSE
8647,0.000000,1.000000,0.001024,PAUSE
8648,0.000000,1.000000,0.000776,PAUSE
8649,0.000000,0.000000,0.007383,PAUSE
8650,1.000000,1.000000,0.005034,PAUSE
8651,0.000000,0.000000,0.022064,PAUSE
8652,0.000000,0.000000,0.086906,PAUSE
8653,0.000000,0.000000,0.211279,PAUSE
8654,0.000000,0.000000,0.372472,PAUSE
8655,0.000000,0.000000,0.535231,ALLOW
8656,0.000000,0.000000,0.674748,ALLOW
8657,0.000000,0.000000,0.781919,ALLOW
8658,0.000000,0.000000,0.858315,ALLOW
8659,1.000000,1.000000,0.371541,PAUSE
8660,1.000000,1.000000,0.153388,PAUSE
8661,0.000000,0.000000,0.094351,PAUSE
8662,1.000000,1.000000,0.042982,PAUSE
8663,0.000000,0.000000,0.052101,PAUSE
8664,1.000000,1.000000,0.026262,PAUSE
8665,1.000000,1.000000,0.012278,PAUSE
8666,0.000000,1.000000,0.005819,PAUSE
8667,1.000000,1.000000,0.002934,PAUSE
8668,0.000000,1.000000,0.001650,PAUSE
8669,0.000000,0.000000,0.008943,PAUSE
8670,0.000000,0.000000,0.049514,PAUSE
8671,1.000000,1.000000,0.026198,PAUSE
8672,0.000000,1.000000,0.012437,PAUSE
8673,0.000000,1.000000,0.005937,PAUSE
8674,0.000000,0.000000,0.015003,PAUSE
8675,0.000000,0.000000,0.065165,PAUSE
8676,0.000000,1.000000,0.033507,PAUSE
8677,1.000000,1.000000,0.015547,PAUSE
8678,0.000000,1.000000,0.007236,PAUSE
8679,0.000000,0.000000,0.015943,PAUSE
8680,1.000000,1.000000,0.009381,PAUSE
8681,0.000000,0.000000,0.028750,PAUSE
8682,0.000000,1.000000,0.015937,PAUSE
8683,0.000000,1.000000,0.007948,PAUSE
8684,1.000000,1.000000,0.004023,PAUSE
8685,0.000000,0.000000,0.013279,PAUSE
8686,0.000000,1.000000,0.008121,PAUSE
8687,0.000000,1.000000,0.004444,PAUSE
8688,0.000000,0.000000,0.016159,PAUSE
8689,0.000000,0.000000,0.070427,PAUSE
8690,0.000000,0.000000,0.184782,PAUSE
8691,0.000000,0.000000,0.341924,PAUSE
8692,0.000000,1.000000,0.155189,PAUSE
8693,0.000000,1.000000,0.065770,PAUSE
8694,0.000000,1.000000,0.027717,PAUSE
8695,0.000000,1.000000,0.011877,PAUSE
8696,0.000000,1.000000,0.005309,PAUSE
8697,1.000000,1.000000,0.002577,PAUSE
8698,0.000000,0.000000,0.009070,PAUSE
8699,1.000000,1.000000,0.005874,PAUSE
8700,0.000000,0.000000,0.023347,PAUSE
8701,0.000000,0.000000,0.089610,PAUSE
8702,0.000000,0.000000,0.215315,PAUSE
8703,0.000000,0.000000,0.376968,PAUSE
8704,1.000000,1.000000,0.170132,PAUSE
8705,0.000000,0.000000,0.144472,PAUSE
8706,0.000000,0.000000,0.232043,PAUSE
8707,0.000000,0.000000,0.378556,PAUSE
8708,0.000000,0.000000,0.535875,ALLOW
8709,1.000000,1.000000,0.237221,PAUSE
8710,1.000000,1.000000,0.099095,PAUSE
8711,0.000000,0.000000,0.070231,PAUSE
8712,0.000000,0.000000,0.128702,PAUSE
8713,0.000000,0.000000,0.256995,PAUSE
8714,1.000000,1.000000,0.118505,PAUSE
8715,1.000000,1.000000,0.050760,PAUSE
8716,1.000000,1.000000,0.021634,PAUSE
8717,1.000000,1.000000,0.009417,PAUSE
8718,0.000000,0.000000,0.014755,PAUSE
8719,0.000000,0.000000,0.060329,PAUSE
8720,0.000000,0.000000,0.166283,PAUSE
8721,1.000000,1.000000,0.079103,PAUSE
8722,0.000000,0.000000,0.090699,PAUSE
8723,0.000000,0.000000,0.185568,PAUSE
8724,1.000000,1.000000,0.087193,PAUSE
8725,0.000000,0.000000,0.094986,PAUSE
8726,0.000000,0.000000,0.188871,PAUSE
8727,0.000000,0.000000,0.337628,PAUSE
8728,1.000000,1.000000,0.153225,PAUSE
8729,0.000000,1.000000,0.064955,PAUSE
8730,1.000000,1.000000,0.027384,PAUSE
8731,1.000000,1.000000,0.011741,PAUSE
8732,1.000000,1.000000,0.005254,PAUSE
8733,1.000000,1.000000,0.002555,PAUSE
8734,1.000000,1.000000,0.001422,PAUSE
8735,0.000000,0.000000,0.008025,PAUSE
8736,1.000000,1.000000,0.005357,PAUSE
8737,0.000000,1.000000,0.003160,PAUSE
8738,0.000000,1.000000,0.001914,PAUSE
8739,1.000000,1.000000,0.001262,PAUSE
8740,1.000000,1.000000,0.000928,PAUSE
8741,1.000000,1.000000,0.000755,PAUSE
8742,0.000000,1.000000,0.000664,PAUSE
8743,0.000000,1.000000,0.000615,PAUSE
8744,0.000000,1.000000,0.000589,PAUSE
8745,0.000000,0.000000,0.007027,PAUSE
8746,1.000000,1.000000,0.004841,PAUSE
8747,0.000000,0.000000,0.021697,PAUSE
8748,0.000000,0.000000,0.086080,PAUSE
8749,0.000000,0.000000,0.210025,PAUSE
8750,0.000000,0.000000,0.371065,PAUSE
8751,0.000000,1.000000,0.167619,PAUSE
8752,1.000000,1.000000,0.070835,PAUSE
8753,0.000000,0.000000,0.057056,PAUSE
8754,1.000000,1.000000,0.027645,PAUSE
8755,1.000000,1.000000,0.012712,PAUSE
8756,0.000000,0.000000,0.022554,PAUSE
8757,1.000000,1.000000,0.012600,PAUSE
8758,1.000000,1.000000,0.006423,PAUSE
8759,1.000000,1.000000,0.003350,PAUSE
8760,0.000000,1.000000,0.001895,PAUSE
8761,1.000000,1.000000,0.001210,PAUSE
8762,0.000000,0.000000,0.008503,PAUSE
8763,0.000000,0.000000,0.048456,PAUSE
8764,1.000000,1.000000,0.025701,PAUSE
8765,0.000000,0.000000,0.049332,PAUSE
8766,1.000000,1.000000,0.025532,PAUSE
8767,1.000000,1.000000,0.012059,PAUSE
8768,0.000000,0.000000,0.023492,PAUSE
8769,0.000000,1.000000,0.013121,PAUSE
8770,0.000000,0.000000,0.033685,PAUSE
8771,0.000000,0.000000,0.109766,PAUSE
8772,0.000000,0.000000,0.244083,PAUSE
8773,0.000000,1.000000,0.113094,PAUSE
8774,1.000000,1.000000,0.048563,PAUSE
8775,0.000000,1.000000,0.020748,PAUSE
8776,0.000000,0.000000,0.023581,PAUSE
8777,1.000000,1.000000,0.012735,PAUSE
8778,1.000000,1.000000,0.006411,PAUSE
8779,0.000000,1.000000,0.003324,PAUSE
8780,0.000000,0.000000,0.012279,PAUSE
8781,1.000000,1.000000,0.007615,PAUSE
8782,0.000000,0.000000,0.026514,PAUSE
8783,0.000000,0.000000,0.096416,PAUSE
8784,0.000000,0.000000,0.225369,PAUSE
8785,0.000000,1.000000,0.104980,PAUSE
8786,0.000000,0.000000,0.107153,PAUSE
8787,0.000000,0.000000,0.201223,PAUSE
8788,0.000000,0.000000,0.350295,PAUSE
8789,0.000000,1.000000,0.158611,PAUSE
8790,0.000000,0.000000,0.137826,PAUSE
8791,0.000000,0.000000,0.226581,PAUSE
8792,0.000000,0.000000,0.373605,PAUSE
8793,0.000000,1.000000,0.168471,PAUSE
8794,1.000000,1.000000,0.071156,PAUSE
8795,1.000000,1.000000,0.029888,PAUSE
8796,0.000000,0.000000,0.027938,PAUSE
8797,1.000000,1.000000,0.014568,PAUSE
8798,1.000000,1.000000,0.007166,PAUSE
8799,1.000000,1.000000,0.003633,PAUSE
8800,0.000000,0.000000,0.012466,PAUSE
8801,0.000000,0.000000,0.059487,PAUSE
8802,0.000000,1.000000,0.030878,PAUSE
8803,0.000000,1.000000,0.014433,PAUSE
8804,0.000000,1.000000,0.006772,PAUSE
8805,1.000000,1.000000,0.003352,PAUSE
8806,0.000000,0.000000,0.011251,PAUSE
8807,0.000000,0.000000,0.055659,PAUSE
8808,1.000000,1.000000,0.029083,PAUSE
8809,0.000000,1.000000,0.013668,PAUSE
8810,0.000000,0.000000,0.025257,PAUSE
8811,0.000000,0.000000,0.087570,PAUSE
8812,0.000000,1.000000,0.043775,PAUSE
8813,0.000000,1.000000,0.019873,PAUSE
8814,0.000000,1.000000,0.009027,PAUSE
8815,1.000000,1.000000,0.004283,PAUSE
8816,1.000000,1.000000,0.002220,PAUSE
8817,0.000000,1.000000,0.001316,PAUSE
8818,0.000000,0.000000,0.008291,PAUSE
8819,0.000000,1.000000,0.005517,PAUSE
8820,0.000000,0.000000,0.022943,PAUSE
8821,0.000000,0.000000,0.088848,PAUSE
8822,0.000000,0.000000,0.214204,PAUSE
8823,0.000000,0.000000,0.375739,PAUSE
8824,0.000000,0.000000,0.538224,ALLOW
8825,0.000000,1.000000,0.238284,PAUSE
8826,1.000000,1.000000,0.099534,PAUSE
8827,0.000000,0.000000,0.070467,PAUSE
8828,1.000000,1.000000,0.033202,PAUSE
8829,0.000000,1.000000,0.014973,PAUSE
8830,1.000000,1.000000,0.006871,PAUSE
8831,0.000000,0.000000,0.014731,PAUSE
8832,0.000000,0.000000,0.063224,PAUSE
8833,1.000000,1.000000,0.032591,PAUSE
8834,1.000000,1.000000,0.015157,PAUSE
8835,0.000000,0.000000,0.026345,PAUSE
8836,1.000000,1.000000,0.014452,PAUSE
8837,0.000000,1.000000,0.007240,PAUSE
8838,0.000000,1.000000,0.003703,PAUSE
8839,0.000000,1.000000,0.002047,PAUSE
8840,1.000000,1.000000,0.001276,PAUSE
8841,0.000000,1.000000,0.000912,PAUSE
8842,1.000000,1.000000,0.000737,PAUSE
8843,0.000000,0.000000,0.007437,PAUSE
8844,0.000000,1.000000,0.005067,PAUSE
8845,1.000000,1.000000,0.003029,PAUSE
8846,1.000000,1.000000,0.001855,PAUSE
8847,1.000000,1.000000,0.001236,PAUSE
8848,0.000000,0.000000,0.008956,PAUSE
8849,0.000000,1.000000,0.005899,PAUSE
8850,1.000000,1.000000,0.003425,PAUSE
8851,0.000000,1.000000,0.002038,PAUSE
8852,0.000000,0.000000,0.010957,PAUSE
8853,1.000000,1.000000,0.006965,PAUSE
8854,0.000000,1.000000,0.003923,PAUSE
8855,1.000000,1.000000,0.002264,PAUSE
8856,1.000000,1.000000,0.001422,PAUSE
8857,1.000000,1.000000,0.001002,PAUSE
8858,1.000000,1.000000,0.000790,PAUSE
8859,0.000000,0.000000,0.007651,PAUSE
8860,0.000000,0.000000,0.045768,PAUSE
8861,1.000000,1.000000,0.024426,PAUSE
8862,0.000000,0.000000,0.048076,PAUSE
8863,0.000000,0.000000,0.134369,PAUSE
8864,0.000000,0.000000,0.276588,PAUSE
8865,1.000000,1.000000,0.127123,PAUSE
8866,1.000000,1.000000,0.054306,PAUSE
8867,0.000000,0.000000,0.048916,PAUSE
8868,0.000000,0.000000,0.113310,PAUSE
8869,0.000000,0.000000,0.242306,PAUSE
8870,0.000000,1.000000,0.112234,PAUSE
8871,0.000000,0.000000,0.111311,PAUSE
8872,0.000000,0.000000,0.204712,PAUSE
8873,0.000000,0.000000,0.353552,PAUSE
8874,0.000000,1.000000,0.159990,PAUSE
8875,0.000000,1.000000,0.067709,PAUSE
8876,0.000000,0.000000,0.055466,PAUSE
8877,1.000000,1.000000,0.026975,PAUSE
8878,1.000000,1.000000,0.012436,PAUSE
8879,0.000000,1.000000,0.005842,PAUSE
8880,0.000000,0.000000,0.014201,PAUSE
8881,0.000000,1.000000,0.008518,PAUSE
8882,0.000000,0.000000,0.027562,PAUSE
8883,1.000000,1.000000,0.015372,PAUSE
8884,1.000000,1.000000,0.007702,PAUSE
8885,1.000000,1.000000,0.003919,PAUSE
8886,0.000000,0.000000,0.013186,PAUSE
8887,0.000000,0.000000,0.061554,PAUSE
8888,0.000000,0.000000,0.169656,PAUSE
8889,0.000000,1.000000,0.080605,PAUSE
8890,1.000000,1.000000,0.035204,PAUSE
8891,1.000000,1.000000,0.015315,PAUSE
8892,1.000000,1.000000,0.006856,PAUSE
8893,0.000000,0.000000,0.013437,PAUSE
8894,1.000000,1.000000,0.008041,PAUSE
8895,1.000000,1.000000,0.004375,PAUSE
8896,1.000000,1.000000,0.002453,PAUSE
8897,0.000000,1.000000,0.001501,PAUSE
8898,0.000000,0.000000,0.009332,PAUSE
8899,1.000000,1.000000,0.006094,PAUSE
8900,0.000000,1.000000,0.003514,PAUSE
8901,0.000000,0.000000,0.014913,PAUSE
8902,0.000000,0.000000,0.067569,PAUSE
8903,1.000000,1.000000,0.034651,PAUSE
8904,0.000000,1.000000,0.016036,PAUSE
8905,0.000000,0.000000,0.027014,PAUSE
8906,0.000000,0.000000,0.090161,PAUSE
8907,0.000000,1.000000,0.044938,PAUSE
8908,1.000000,1.000000,0.020359,PAUSE
8909,0.000000,1.000000,0.009227,PAUSE
8910,1.000000,1.000000,0.004366,PAUSE
8911,1.000000,1.000000,0.002254,PAUSE
8912,0.000000,0.000000,0.009508,PAUSE
8913,1.000000,1.000000,0.006143,PAUSE
8914,0.000000,0.000000,0.023976,PAUSE
8915,1.000000,1.000000,0.013646,PAUSE
8916,0.000000,0.000000,0.035388,PAUSE
8917,0.000000,0.000000,0.113449,PAUSE
8918,0.000000,0.000000,0.249277,PAUSE
8919,1.000000,1.000000,0.115343,PAUSE
8920,0.000000,0.000000,0.113385,PAUSE
8921,1.000000,1.000000,0.053389,PAUSE
8922,0.000000,0.000000,0.066463,PAUSE
8923,0.000000,0.000000,0.153587,PAUSE
8924,0.000000,1.000000,0.073202,PAUSE
8925,0.000000,1.000000,0.032104,PAUSE
8926,0.000000,1.000000,0.014041,PAUSE
8927,0.000000,0.000000,0.020023,PAUSE
8928,0.000000,0.000000,0.072042,PAUSE
8929,1.000000,1.000000,0.036619,PAUSE
8930,1.000000,1.000000,0.016854,PAUSE
8931,1.000000,1.000000,0.007776,PAUSE
8932,1.000000,1.000000,0.003767,PAUSE
8933,0.000000,0.000000,0.011542,PAUSE
8934,1.000000,1.000000,0.007183,PAUSE
8935,1.000000,1.000000,0.004006,PAUSE
8936,1.000000,1.000000,0.002295,PAUSE
8937,0.000000,0.000000,0.011287,PAUSE
8938,1.000000,1.000000,0.007132,PAUSE
8939,1.000000,1.000000,0.003998,PAUSE
8940,1.000000,1.000000,0.002297,PAUSE
8941,1.000000,1.000000,0.001437,PAUSE
8942,0.000000,0.000000,0.009286,PAUSE
8943,1.000000,1.000000,0.006072,PAUSE
8944,1.000000,1.000000,0.003505,PAUSE
8945,0.000000,1.000000,0.002074,PAUSE
8946,0.000000,1.000000,0.001336,PAUSE
8947,0.000000,0.000000,0.009128,PAUSE
8948,0.000000,0.000000,0.050615,PAUSE
8949,1.000000,1.000000,0.026724,PAUSE
8950,1.000000,1.000000,0.012663,PAUSE
8951,0.000000,0.000000,0.024492,PAUSE
8952,0.000000,0.000000,0.086410,PAUSE
8953,1.000000,1.000000,0.043253,PAUSE
8954,0.000000,0.000000,0.064577,PAUSE
8955,1.000000,1.000000,0.032334,PAUSE
8956,0.000000,0.000000,0.052667,PAUSE
8957,0.000000,1.000000,0.026926,PAUSE
8958,1.000000,1.000000,0.012629,PAUSE
8959,0.000000,1.000000,0.005984,PAUSE
8960,0.000000,0.000000,0.014786,PAUSE
8961,1.000000,1.000000,0.008827,PAUSE
8962,1.000000,1.000000,0.004752,PAUSE
8963,1.000000,1.000000,0.002626,PAUSE
8964,0.000000,0.000000,0.011706,PAUSE
8965,0.000000,1.000000,0.007343,PAUSE
8966,0.000000,1.000000,0.004094,PAUSE
8967,1.000000,1.000000,0.002340,PAUSE
8968,1.000000,1.000000,0.001456,PAUSE
8969,1.000000,1.000000,0.001017,PAUSE
8970,0.000000,1.000000,0.000797,PAUSE
8971,1.000000,1.000000,0.000684,PAUSE
8972,0.000000,1.000000,0.000626,PAUSE
8973,0.000000,1.000000,0.000594,PAUSE
8974,0.000000,1.000000,0.000576,PAUSE
8975,0.000000,1.000000,0.000567,PAUSE
8976,0.000000,0.000000,0.006943,PAUSE
8977,0.000000,0.000000,0.043283,PAUSE
8978,0.000000,0.000000,0.136376,PAUSE
8979,0.000000,0.000000,0.281916,PAUSE
8980,1.000000,1.000000,0.129455,PAUSE
8981,1.000000,1.000000,0.055264,PAUSE
8982,0.000000,0.000000,0.049418,PAUSE
8983,0.000000,0.000000,0.113755,PAUSE
8984,1.000000,1.000000,0.055325,PAUSE
8985,0.000000,0.000000,0.073015,PAUSE
8986,1.000000,1.000000,0.036003,PAUSE
8987,0.000000,0.000000,0.055201,PAUSE
8988,1.000000,1.000000,0.028034,PAUSE
8989,0.000000,0.000000,0.048895,PAUSE
8990,0.000000,0.000000,0.133566,PAUSE
8991,0.000000,0.000000,0.274951,PAUSE
8992,1.000000,1.000000,0.126410,PAUSE
8993,1.000000,1.000000,0.054013,PAUSE
8994,0.000000,0.000000,0.048764,PAUSE
8995,0.000000,0.000000,0.113178,PAUSE
8996,0.000000,1.000000,0.055074,PAUSE
8997,1.000000,1.000000,0.024560,PAUSE
8998,1.000000,1.000000,0.010947,PAUSE
8999,1.000000,1.000000,0.005068,PAUSE
9000,0.000000,1.000000,0.002542,PAUSE
9001,0.000000,0.000000,0.009690,PAUSE
9002,1.000000,1.000000,0.006227,PAUSE
9003,0.000000,1.000000,0.003565,PAUSE
9004,0.000000,1.000000,0.002098,PAUSE
9005,1.000000,1.000000,0.001346,PAUSE
9006,1.000000,1.000000,0.000966,PAUSE
9007,0.000000,0.000000,0.008148,PAUSE
9008,0.000000,0.000000,0.047440,PAUSE
9009,0.000000,0.000000,0.144405,PAUSE
9010,1.000000,1.000000,0.069441,PAUSE
9011,0.000000,0.000000,0.084232,PAUSE
9012,0.000000,1.000000,0.040927,PAUSE
9013,0.000000,1.000000,0.018480,PAUSE
9014,0.000000,0.000000,0.027607,PAUSE
9015,0.000000,0.000000,0.089505,PAUSE
9016,0.000000,0.000000,0.212837,PAUSE
9017,1.000000,1.000000,0.099497,PAUSE
9018,0.000000,0.000000,0.103711,PAUSE
9019,1.000000,1.000000,0.049278,PAUSE
9020,0.000000,0.000000,0.064000,PAUSE
9021,1.000000,1.000000,0.031854,PAUSE
9022,1.000000,1.000000,0.014674,PAUSE
9023,1.000000,1.000000,0.006825,PAUSE
9024,0.000000,0.000000,0.015298,PAUSE
9025,0.000000,1.000000,0.009056,PAUSE
9026,0.000000,1.000000,0.004850,PAUSE
9027,0.000000,0.000000,0.016553,PAUSE
9028,1.000000,1.000000,0.009837,PAUSE
9029,1.000000,1.000000,0.005231,PAUSE
9030,0.000000,0.000000,0.017189,PAUSE
9031,0.000000,0.000000,0.072731,PAUSE
9032,0.000000,1.000000,0.037027,PAUSE
9033,0.000000,1.000000,0.017040,PAUSE
9034,1.000000,1.000000,0.007856,PAUSE
9035,1.000000,1.000000,0.003801,PAUSE
9036,0.000000,0.000000,0.011578,PAUSE
9037,0.000000,0.000000,0.056244,PAUSE
9038,1.000000,1.000000,0.029353,PAUSE
9039,1.000000,1.000000,0.013783,PAUSE
9040,0.000000,0.000000,0.025340,PAUSE
9041,0.000000,1.000000,0.013997,PAUSE
9042,0.000000,1.000000,0.007046,PAUSE
9043,1.000000,1.000000,0.003621,PAUSE
9044,0.000000,1.000000,0.002012,PAUSE
9045,0.000000,1.000000,0.001261,PAUSE
9046,1.000000,1.000000,0.000906,PAUSE
9047,1.000000,1.000000,0.000735,PAUSE
9048,1.000000,1.000000,0.000649,PAUSE
9049,0.000000,0.000000,0.007206,PAUSE
9050,1.000000,1.000000,0.004940,PAUSE
9051,1.000000,1.000000,0.002968,PAUSE
9052,0.000000,0.000000,0.014043,PAUSE
9053,0.000000,0.000000,0.065421,PAUSE
9054,0.000000,1.000000,0.033657,PAUSE
9055,0.000000,1.000000,0.015616,PAUSE
9056,0.000000,1.000000,0.007265,PAUSE
9057,1.000000,1.000000,0.003557,PAUSE
9058,0.000000,1.000000,0.001920,PAUSE
9059,0.000000,0.000000,0.009261,PAUSE
9060,0.000000,0.000000,0.050339,PAUSE
9061,1.000000,1.000000,0.026586,PAUSE
9062,1.000000,1.000000,0.012603,PAUSE
9063,0.000000,1.000000,0.006007,PAUSE
9064,0.000000,1.000000,0.003033,PAUSE
9065,0.000000,0.000000,0.011004,PAUSE
9066,0.000000,0.000000,0.055190,PAUSE
9067,1.000000,1.000000,0.028865,PAUSE
9068,0.000000,0.000000,0.052318,PAUSE
9069,0.000000,0.000000,0.140457,PAUSE
9070,0.000000,0.000000,0.284084,PAUSE
9071,0.000000,0.000000,0.449301,PAUSE
9072,0.000000,0.000000,0.603174,ALLOW
9073,0.000000,1.000000,0.265505,PAUSE
9074,1.000000,1.000000,0.110558,PAUSE
9075,1.000000,1.000000,0.045778,PAUSE
9076,1.000000,1.000000,0.019150,PAUSE
9077,0.000000,1.000000,0.008239,PAUSE
9078,0.000000,0.000000,0.012601,PAUSE
9079,1.000000,1.000000,0.007493,PAUSE
9080,0.000000,1.000000,0.004099,PAUSE
9081,0.000000,1.000000,0.002321,PAUSE
9082,1.000000,1.000000,0.001440,PAUSE
9083,0.000000,0.000000,0.009214,PAUSE
9084,1.000000,1.000000,0.006031,PAUSE
9085,0.000000,1.000000,0.003485,PAUSE
9086,1.000000,1.000000,0.002065,PAUSE
9087,0.000000,1.000000,0.001332,PAUSE
9088,1.000000,1.000000,0.000960,PAUSE
9089,1.000000,1.000000,0.000771,PAUSE
9090,1.000000,1.000000,0.000672,PAUSE
9091,1.000000,1.000000,0.000619,PAUSE
9092,1.000000,1.000000,0.000591,PAUSE
9093,0.000000,0.000000,0.007034,PAUSE
9094,0.000000,0.000000,0.043617,PAUSE
9095,0.000000,0.000000,0.137031,PAUSE
9096,1.000000,1.000000,0.066162,PAUSE
9097,0.000000,1.000000,0.029228,PAUSE
9098,1.000000,1.000000,0.012875,PAUSE
9099,0.000000,1.000000,0.005862,PAUSE
9100,0.000000,0.000000,0.012880,PAUSE
9101,1.000000,1.000000,0.007794,PAUSE
9102,1.000000,1.000000,0.004270,PAUSE
9103,0.000000,0.000000,0.015775,PAUSE
9104,1.000000,1.000000,0.009452,PAUSE
9105,1.000000,1.000000,0.005060,PAUSE
9106,0.000000,0.000000,0.016997,PAUSE
9107,0.000000,1.000000,0.010061,PAUSE
9108,1.000000,1.000000,0.005332,PAUSE
9109,1.000000,1.000000,0.002889,PAUSE
9110,0.000000,1.000000,0.001699,PAUSE
9111,0.000000,1.000000,0.001126,PAUSE
9112,0.000000,1.000000,0.000847,PAUSE
9113,0.000000,1.000000,0.000708,PAUSE
9114,0.000000,1.000000,0.000637,PAUSE
9115,0.000000,1.000000,0.000600,PAUSE
9116,0.000000,0.000000,0.007061,PAUSE
9117,1.000000,1.000000,0.004860,PAUSE
9118,1.000000,1.000000,0.002929,PAUSE
9119,1.000000,1.000000,0.001809,PAUSE
9120,0.000000,0.000000,0.010586,PAUSE
9121,0.000000,0.000000,0.055243,PAUSE
9122,0.000000,0.000000,0.158822,PAUSE
9123,0.000000,0.000000,0.310570,PAUSE
9124,0.000000,0.000000,0.476536,PAUSE
9125,0.000000,0.000000,0.626541,ALLOW
9126,0.000000,1.000000,0.275278,PAUSE
9127,0.000000,1.000000,0.114513,PAUSE
9128,1.000000,1.000000,0.047370,PAUSE
9129,1.000000,1.000000,0.019790,PAUSE
9130,1.000000,1.000000,0.008496,PAUSE
9131,0.000000,1.000000,0.003862,PAUSE
9132,1.000000,1.000000,0.001951,PAUSE
9133,0.000000,1.000000,0.001155,PAUSE
9134,0.000000,1.000000,0.000819,PAUSE
9135,0.000000,0.000000,0.007289,PAUSE
9136,0.000000,0.000000,0.044303,PAUSE
9137,1.000000,1.000000,0.023726,PAUSE
9138,1.000000,1.000000,0.011376,PAUSE
9139,0.000000,0.000000,0.023454,PAUSE
9140,0.000000,0.000000,0.084750,PAUSE
9141,1.000000,1.000000,0.042504,PAUSE
9142,1.000000,1.000000,0.019341,PAUSE
9143,0.000000,1.000000,0.008808,PAUSE
9144,0.000000,1.000000,0.004193,PAUSE
9145,0.000000,0.000000,0.011841,PAUSE
9146,0.000000,0.000000,0.056675,PAUSE
9147,0.000000,0.000000,0.160885,PAUSE
9148,0.000000,1.000000,0.076734,PAUSE
9149,0.000000,1.000000,0.033604,PAUSE
9150,0.000000,0.000000,0.037970,PAUSE
9151,0.000000,1.000000,0.019575,PAUSE
9152,0.000000,1.000000,0.009392,PAUSE
9153,1.000000,1.000000,0.004597,PAUSE
9154,0.000000,1.000000,0.002419,PAUSE
9155,0.000000,1.000000,0.001431,PAUSE
9156,0.000000,0.000000,0.008720,PAUSE
9157,0.000000,0.000000,0.048973,PAUSE
9158,0.000000,0.000000,0.147228,PAUSE
9159,0.000000,0.000000,0.295946,PAUSE
9160,1.000000,1.000000,0.135490,PAUSE
9161,0.000000,0.000000,0.125192,PAUSE
9162,1.000000,1.000000,0.058377,PAUSE
9163,1.000000,1.000000,0.025641,PAUSE
9164,1.000000,1.000000,0.011314,PAUSE
9165,1.000000,1.000000,0.005191,PAUSE
9166,0.000000,1.000000,0.002580,PAUSE
9167,0.000000,1.000000,0.001458,PAUSE
9168,0.000000,0.000000,0.008329,PAUSE
9169,0.000000,0.000000,0.047458,PAUSE
9170,0.000000,0.000000,0.144320,PAUSE
9171,1.000000,1.000000,0.069402,PAUSE
9172,0.000000,1.000000,0.030571,PAUSE
9173,1.000000,1.000000,0.013424,PAUSE
9174,0.000000,1.000000,0.006086,PAUSE
9175,0.000000,1.000000,0.002961,PAUSE
9176,0.000000,1.000000,0.001622,PAUSE
9177,0.000000,1.000000,0.001041,PAUSE
9178,1.000000,1.000000,0.000783,PAUSE
9179,0.000000,1.000000,0.000665,PAUSE
9180,0.000000,0.000000,0.007175,PAUSE
9181,0.000000,0.000000,0.044071,PAUSE
9182,1.000000,1.000000,0.023617,PAUSE
9183,0.000000,1.000000,0.011329,PAUSE
9184,0.000000,1.000000,0.005472,PAUSE
9185,1.000000,1.000000,0.002809,PAUSE
9186,0.000000,1.000000,0.001606,PAUSE
9187,1.000000,1.000000,0.001058,PAUSE
9188,0.000000,0.000000,0.008052,PAUSE
9189,1.000000,1.000000,0.005398,PAUSE
9190,0.000000,0.000000,0.022764,PAUSE
9191,1.000000,1.000000,0.013057,PAUSE
9192,1.000000,1.000000,0.006690,PAUSE
9193,0.000000,0.000000,0.018936,PAUSE
9194,1.000000,1.000000,0.011002,PAUSE
9195,0.000000,0.000000,0.031459,PAUSE
9196,1.000000,1.000000,0.017237,PAUSE
9197,0.000000,1.000000,0.008513,PAUSE
9198,1.000000,1.000000,0.004264,PAUSE
9199,1.000000,1.000000,0.002293,PAUSE
9200,0.000000,1.000000,0.001384,PAUSE
9201,0.000000,0.000000,0.008738,PAUSE
9202,0.000000,1.000000,0.005766,PAUSE
9203,0.000000,1.000000,0.003359,PAUSE
9204,0.000000,0.000000,0.014664,PAUSE
9205,1.000000,1.000000,0.008907,PAUSE
9206,1.000000,1.000000,0.004817,PAUSE
9207,0.000000,0.000000,0.016724,PAUSE
9208,0.000000,1.000000,0.009929,PAUSE
9209,0.000000,1.000000,0.005274,PAUSE
9210,0.000000,0.000000,0.017247,PAUSE
9211,0.000000,0.000000,0.072862,PAUSE
9212,0.000000,0.000000,0.188674,PAUSE
9213,1.000000,1.000000,0.088962,PAUSE
9214,0.000000,0.000000,0.097146,PAUSE
9215,0.000000,0.000000,0.191913,PAUSE
9216,1.000000,1.000000,0.089926,PAUSE
9217,0.000000,1.000000,0.038990,PAUSE
9218,0.000000,1.000000,0.016844,PAUSE
9219,0.000000,1.000000,0.007473,PAUSE
9220,0.000000,1.000000,0.003524,PAUSE
9221,0.000000,1.000000,0.001851,PAUSE
9222,0.000000,1.000000,0.001135,PAUSE
9223,1.000000,1.000000,0.000822,PAUSE
9224,0.000000,1.000000,0.000682,PAUSE
9225,0.000000,1.000000,0.000617,PAUSE
9226,0.000000,0.000000,0.007062,PAUSE
9227,0.000000,0.000000,0.043690,PAUSE
9228,0.000000,1.000000,0.023435,PAUSE
9229,0.000000,1.000000,0.011251,PAUSE
9230,1.000000,1.000000,0.005439,PAUSE
9231,1.000000,1.000000,0.002795,PAUSE
9232,0.000000,0.000000,0.010809,PAUSE
9233,0.000000,0.000000,0.054800,PAUSE
9234,0.000000,0.000000,0.157786,PAUSE
9235,1.000000,1.000000,0.075368,PAUSE
9236,0.000000,1.000000,0.033040,PAUSE
9237,1.000000,1.000000,0.014433,PAUSE
9238,0.000000,1.000000,0.006497,PAUSE
9239,0.000000,0.000000,0.013239,PAUSE
9240,0.000000,1.000000,0.007953,PAUSE
9241,0.000000,1.000000,0.004338,PAUSE
9242,1.000000,1.000000,0.002437,PAUSE
9243,1.000000,1.000000,0.001495,PAUSE
9244,1.000000,1.000000,0.001033,PAUSE
9245,0.000000,0.000000,0.008249,PAUSE
9246,0.000000,1.000000,0.005512,PAUSE
9247,0.000000,1.000000,0.003241,PAUSE
9248,0.000000,0.000000,0.014492,PAUSE
9249,0.000000,0.000000,0.066542,PAUSE
9250,0.000000,0.000000,0.178451,PAUSE
9251,1.000000,1.000000,0.084478,PAUSE
9252,1.000000,1.000000,0.036802,PAUSE
9253,1.000000,1.000000,0.015967,PAUSE
9254,0.000000,0.000000,0.021131,PAUSE
9255,0.000000,0.000000,0.073380,PAUSE
9256,0.000000,1.000000,0.037220,PAUSE
9257,0.000000,1.000000,0.017105,PAUSE
9258,0.000000,0.000000,0.027677,PAUSE
9259,0.000000,0.000000,0.090968,PAUSE
9260,0.000000,0.000000,0.215357,PAUSE
9261,0.000000,0.000000,0.376498,PAUSE
9262,0.000000,0.000000,0.538765,ALLOW
9263,0.000000,0.000000,0.677537,ALLOW
9264,1.000000,1.000000,0.296552,PAUSE
9265,0.000000,0.000000,0.208896,PAUSE
9266,1.000000,1.000000,0.093146,PAUSE
9267,0.000000,1.000000,0.039755,PAUSE
9268,0.000000,1.000000,0.017016,PAUSE
9269,0.000000,1.000000,0.007493,PAUSE
9270,0.000000,0.000000,0.013304,PAUSE
9271,0.000000,0.000000,0.057699,PAUSE
9272,0.000000,0.000000,0.161994,PAUSE
9273,1.000000,1.000000,0.077215,PAUSE
9274,0.000000,0.000000,0.089456,PAUSE
9275,1.000000,1.000000,0.043178,PAUSE
9276,0.000000,0.000000,0.060190,PAUSE
9277,0.000000,0.000000,0.147344,PAUSE
9278,0.000000,0.000000,0.291089,PAUSE
9279,0.000000,0.000000,0.455844,PAUSE
9280,0.000000,1.000000,0.203561,PAUSE
9281,0.000000,1.000000,0.085447,PAUSE
9282,1.000000,1.000000,0.035661,PAUSE
9283,1.000000,1.000000,0.015079,PAUSE
9284,0.000000,0.000000,0.017457,PAUSE
9285,0.000000,0.000000,0.062699,PAUSE
9286,0.000000,0.000000,0.169241,PAUSE
9287,0.000000,1.000000,0.080393,PAUSE
9288,0.000000,1.000000,0.035112,PAUSE
9289,0.000000,1.000000,0.015277,PAUSE
9290,0.000000,0.000000,0.020756,PAUSE
9291,0.000000,1.000000,0.011522,PAUSE
9292,0.000000,1.000000,0.005906,PAUSE
9293,0.000000,1.000000,0.003114,PAUSE
9294,0.000000,0.000000,0.012135,PAUSE
9295,1.000000,1.000000,0.007549,PAUSE
9296,0.000000,0.000000,0.026440,PAUSE
9297,0.000000,0.000000,0.096284,PAUSE
9298,1.000000,1.000000,0.047807,PAUSE
9299,1.000000,1.000000,0.021574,PAUSE
9300,0.000000,0.000000,0.030752,PAUSE
9301,0.000000,1.000000,0.016424,PAUSE
9302,0.000000,0.000000,0.036799,PAUSE
9303,0.000000,0.000000,0.114608,PAUSE
9304,0.000000,0.000000,0.250474,PAUSE
9305,0.000000,0.000000,0.414851,PAUSE
9306,0.000000,0.000000,0.573289,ALLOW
9307,0.000000,0.000000,0.704914,ALLOW
9308,1.000000,1.000000,0.307950,PAUSE
9309,0.000000,1.000000,0.127722,PAUSE
9310,0.000000,0.000000,0.083121,PAUSE
9311,0.000000,1.000000,0.038397,PAUSE
9312,1.000000,1.000000,0.017079,PAUSE
9313,1.000000,1.000000,0.007722,PAUSE
9314,1.000000,1.000000,0.003689,PAUSE
9315,1.000000,1.000000,0.001949,PAUSE
9316,1.000000,1.000000,0.001190,PAUSE
9317,0.000000,0.000000,0.008051,PAUSE
9318,0.000000,0.000000,0.046761,PAUSE
9319,0.000000,0.000000,0.143040,PAUSE
9320,0.000000,0.000000,0.290571,PAUSE
9321,1.000000,1.000000,0.133179,PAUSE
9322,1.000000,1.000000,0.056786,PAUSE
9323,1.000000,1.000000,0.024082,PAUSE
9324,0.000000,0.000000,0.025221,PAUSE
9325,1.000000,1.000000,0.013431,PAUSE
9326,1.000000,1.000000,0.006699,PAUSE
9327,0.000000,1.000000,0.003442,PAUSE
9328,0.000000,0.000000,0.012354,PAUSE
9329,0.000000,0.000000,0.059337,PAUSE
9330,0.000000,1.000000,0.030810,PAUSE
9331,1.000000,1.000000,0.014404,PAUSE
9332,1.000000,1.000000,0.006760,PAUSE
9333,1.000000,1.000000,0.003347,PAUSE
9334,1.000000,1.000000,0.001832,PAUSE
9335,1.000000,1.000000,0.001154,PAUSE
9336,1.000000,1.000000,0.000844,PAUSE
9337,1.000000,1.000000,0.000699,PAUSE
9338,0.000000,0.000000,0.007297,PAUSE
9339,0.000000,0.000000,0.044505,PAUSE
9340,1.000000,1.000000,0.023824,PAUSE
9341,0.000000,1.000000,0.011419,PAUSE
9342,1.000000,1.000000,0.005510,PAUSE
9343,0.000000,0.000000,0.014670,PAUSE
9344,0.000000,0.000000,0.064576,PAUSE
9345,1.000000,1.000000,0.033237,PAUSE
9346,0.000000,0.000000,0.056250,PAUSE
9347,0.000000,0.000000,0.145831,PAUSE
9348,0.000000,0.000000,0.290554,PAUSE
9349,0.000000,1.000000,0.133123,PAUSE
9350,0.000000,0.000000,0.123720,PAUSE
9351,0.000000,1.000000,0.057752,PAUSE
9352,0.000000,1.000000,0.025385,PAUSE
9353,0.000000,0.000000,0.031361,PAUSE
9354,0.000000,0.000000,0.093295,PAUSE
9355,0.000000,0.000000,0.217432,PAUSE
9356,0.000000,1.000000,0.101484,PAUSE
9357,0.000000,0.000000,0.104904,PAUSE
9358,0.000000,0.000000,0.199081,PAUSE
9359,0.000000,0.000000,0.348166,PAUSE
9360,1.000000,1.000000,0.157707,PAUSE
9361,0.000000,0.000000,0.137338,PAUSE
9362,0.000000,0.000000,0.226211,PAUSE
9363,0.000000,0.000000,0.373284,PAUSE
9364,0.000000,0.000000,0.531387,ALLOW
9365,1.000000,1.000000,0.235341,PAUSE
9366,1.000000,1.000000,0.098334,PAUSE
9367,1.000000,1.000000,0.040855,PAUSE
9368,0.000000,1.000000,0.017169,PAUSE
9369,1.000000,1.000000,0.007442,PAUSE
9370,0.000000,0.000000,0.012238,PAUSE
9371,0.000000,1.000000,0.007341,PAUSE
9372,1.000000,1.000000,0.004036,PAUSE
9373,1.000000,1.000000,0.002296,PAUSE
9374,1.000000,1.000000,0.001429,PAUSE
9375,1.000000,1.000000,0.001002,PAUSE
9376,0.000000,0.000000,0.008186,PAUSE
9377,1.000000,1.000000,0.005478,PAUSE
9378,1.000000,1.000000,0.003225,PAUSE
9379,0.000000,0.000000,0.014467,PAUSE
9380,0.000000,1.000000,0.008809,PAUSE
9381,0.000000,1.000000,0.004772,PAUSE
9382,0.000000,0.000000,0.016672,PAUSE
9383,0.000000,0.000000,0.071648,PAUSE
9384,0.000000,0.000000,0.186756,PAUSE
9385,0.000000,0.000000,0.344237,PAUSE
9386,1.000000,1.000000,0.156177,PAUSE
9387,0.000000,0.000000,0.136825,PAUSE
9388,0.000000,0.000000,0.226144,PAUSE
9389,1.000000,1.000000,0.104544,PAUSE
9390,1.000000,1.000000,0.044963,PAUSE
9391,1.000000,1.000000,0.019264,PAUSE
9392,0.000000,0.000000,0.022683,PAUSE
9393,1.000000,1.000000,0.012337,PAUSE
9394,0.000000,0.000000,0.031204,PAUSE
9395,1.000000,1.000000,0.017053,PAUSE
9396,1.000000,1.000000,0.008422,PAUSE
9397,0.000000,0.000000,0.020505,PAUSE
9398,0.000000,0.000000,0.079258,PAUSE
9399,0.000000,0.000000,0.198513,PAUSE
9400,0.000000,0.000000,0.357757,PAUSE
9401,1.000000,1.000000,0.161945,PAUSE
9402,0.000000,1.000000,0.068523,PAUSE
9403,0.000000,0.000000,0.055941,PAUSE
9404,1.000000,1.000000,0.027180,PAUSE
9405,0.000000,0.000000,0.044001,PAUSE
9406,0.000000,1.000000,0.022855,PAUSE
9407,1.000000,1.000000,0.010882,PAUSE
9408,0.000000,1.000000,0.005250,PAUSE
9409,0.000000,1.000000,0.002703,PAUSE
9410,1.000000,1.000000,0.001556,PAUSE
9411,1.000000,1.000000,0.001034,PAUSE
9412,1.000000,1.000000,0.000791,PAUSE
9413,0.000000,0.000000,0.007518,PAUSE
9414,0.000000,0.000000,0.045245,PAUSE
9415,0.000000,0.000000,0.140189,PAUSE
9416,0.000000,1.000000,0.067567,PAUSE
9417,1.000000,1.000000,0.029811,PAUSE
9418,0.000000,1.000000,0.013113,PAUSE
9419,1.000000,1.000000,0.005959,PAUSE
9420,1.000000,1.000000,0.002909,PAUSE
9421,1.000000,1.000000,0.001601,PAUSE
9422,0.000000,0.000000,0.008504,PAUSE
9423,1.000000,1.000000,0.005619,PAUSE
9424,0.000000,0.000000,0.023079,PAUSE
9425,0.000000,0.000000,0.089122,PAUSE
9426,1.000000,1.000000,0.044559,PAUSE
9427,1.000000,1.000000,0.020213,PAUSE
9428,1.000000,1.000000,0.009170,PAUSE
9429,0.000000,0.000000,0.017235,PAUSE
9430,0.000000,0.000000,0.068659,PAUSE
9431,1.000000,1.000000,0.035099,PAUSE
9432,1.000000,1.000000,0.016218,PAUSE
9433,1.000000,1.000000,0.007513,PAUSE
9434,0.000000,0.000000,0.016127,PAUSE
9435,0.000000,0.000000,0.066993,PAUSE
9436,0.000000,1.000000,0.034341,PAUSE
9437,0.000000,0.000000,0.057170,PAUSE
9438,1.000000,1.000000,0.029049,PAUSE
9439,0.000000,0.000000,0.050159,PAUSE
9440,0.000000,0.000000,0.135622,PAUSE
9441,0.000000,1.000000,0.065368,PAUSE
9442,0.000000,0.000000,0.080962,PAUSE
9443,0.000000,0.000000,0.175142,PAUSE
9444,1.000000,1.000000,0.082679,PAUSE
9445,0.000000,0.000000,0.092220,PAUSE
9446,0.000000,0.000000,0.186314,PAUSE
9447,0.000000,1.000000,0.087498,PAUSE
9448,0.000000,0.000000,0.095128,PAUSE
9449,0.000000,0.000000,0.188958,PAUSE
9450,0.000000,0.000000,0.337694,PAUSE
9451,0.000000,1.000000,0.153252,PAUSE
9452,0.000000,0.000000,0.134912,PAUSE
9453,0.000000,1.000000,0.062448,PAUSE
9454,0.000000,0.000000,0.071579,PAUSE
9455,1.000000,1.000000,0.035079,PAUSE
9456,0.000000,1.000000,0.016000,PAUSE
9457,0.000000,0.000000,0.025794,PAUSE
9458,0.000000,0.000000,0.086853,PAUSE
9459,1.000000,1.000000,0.043425,PAUSE
9460,0.000000,0.000000,0.064628,PAUSE
9461,0.000000,0.000000,0.156453,PAUSE
9462,0.000000,0.000000,0.302923,PAUSE
9463,0.000000,0.000000,0.467713,PAUSE
9464,1.000000,1.000000,0.208575,PAUSE
9465,0.000000,0.000000,0.164825,PAUSE
9466,0.000000,0.000000,0.246906,PAUSE
9467,0.000000,1.000000,0.113315,PAUSE
9468,0.000000,0.000000,0.109747,PAUSE
9469,0.000000,0.000000,0.201181,PAUSE
9470,1.000000,1.000000,0.093850,PAUSE
9471,0.000000,1.000000,0.040589,PAUSE
9472,0.000000,1.000000,0.017492,PAUSE
9473,0.000000,1.000000,0.007734,PAUSE
9474,1.000000,1.000000,0.003629,PAUSE
9475,0.000000,1.000000,0.001894,PAUSE
9476,1.000000,1.000000,0.001152,PAUSE
9477,1.000000,1.000000,0.000829,PAUSE
9478,0.000000,0.000000,0.007424,PAUSE
9479,0.000000,1.000000,0.005053,PAUSE
9480,0.000000,1.000000,0.003021,PAUSE
9481,0.000000,0.000000,0.014123,PAUSE
9482,1.000000,1.000000,0.008635,PAUSE
9483,0.000000,0.000000,0.028358,PAUSE
9484,1.000000,1.000000,0.015771,PAUSE
9485,0.000000,1.000000,0.007879,PAUSE
9486,1.000000,1.000000,0.003995,PAUSE
9487,0.000000,1.000000,0.002179,PAUSE
9488,0.000000,0.000000,0.010197,PAUSE
9489,0.000000,0.000000,0.053402,PAUSE
9490,0.000000,0.000000,0.155357,PAUSE
9491,0.000000,0.000000,0.306213,PAUSE
9492,0.000000,1.000000,0.139899,PAUSE
9493,0.000000,1.000000,0.059531,PAUSE
9494,0.000000,1.000000,0.025193,PAUSE
9495,1.000000,1.000000,0.010858,PAUSE
9496,1.000000,1.000000,0.004898,PAUSE
9497,0.000000,1.000000,0.002411,PAUSE
9498,0.000000,0.000000,0.008982,PAUSE
9499,1.000000,1.000000,0.005836,PAUSE
9500,0.000000,0.000000,0.023312,PAUSE
9501,0.000000,0.000000,0.089550,PAUSE
9502,0.000000,0.000000,0.215231,PAUSE
9503,1.000000,1.000000,0.100569,PAUSE
9504,0.000000,0.000000,0.104448,PAUSE
9505,0.000000,1.000000,0.049595,PAUSE
9506,0.000000,1.000000,0.022047,PAUSE
9507,1.000000,1.000000,0.009854,PAUSE
9508,0.000000,1.000000,0.004598,PAUSE
9509,0.000000,1.000000,0.002339,PAUSE
9510,0.000000,1.000000,0.001360,PAUSE
9511,0.000000,1.000000,0.000928,PAUSE
9512,0.000000,1.000000,0.000734,PAUSE
9513,0.000000,0.000000,0.007322,PAUSE
9514,0.000000,1.000000,0.005001,PAUSE
9515,0.000000,1.000000,0.002997,PAUSE
9516,1.000000,1.000000,0.001840,PAUSE
9517,1.000000,1.000000,0.001229,PAUSE
9518,1.000000,1.000000,0.000912,PAUSE
9519,0.000000,1.000000,0.000748,PAUSE
9520,1.000000,1.000000,0.000661,PAUSE
9521,0.000000,0.000000,0.007280,PAUSE
9522,1.000000,1.000000,0.004982,PAUSE
9523,1.000000,1.000000,0.002988,PAUSE
9524,0.000000,0.000000,0.014080,PAUSE
9525,1.000000,1.000000,0.008613,PAUSE
9526,0.000000,0.000000,0.028329,PAUSE
9527,0.000000,0.000000,0.100212,PAUSE
9528,0.000000,0.000000,0.230869,PAUSE
9529,0.000000,0.000000,0.394056,PAUSE
9530,0.000000,0.000000,0.554825,ALLOW
9531,0.000000,0.000000,0.690385,ALLOW
9532,1.000000,1.000000,0.301904,PAUSE
9533,1.000000,1.000000,0.125279,PAUSE
9534,0.000000,1.000000,0.051701,PAUSE
9535,1.000000,1.000000,0.021530,PAUSE
9536,1.000000,1.000000,0.009195,PAUSE
9537,0.000000,1.000000,0.004144,PAUSE
9538,0.000000,0.000000,0.009823,PAUSE
9539,0.000000,0.000000,0.049476,PAUSE
9540,0.000000,0.000000,0.147533,PAUSE
9541,1.000000,1.000000,0.070821,PAUSE
9542,0.000000,1.000000,0.031158,PAUSE
9543,1.000000,1.000000,0.013664,PAUSE
9544,1.000000,1.000000,0.006183,PAUSE
9545,0.000000,1.000000,0.003001,PAUSE
9546,0.000000,0.000000,0.010000,PAUSE
9547,0.000000,0.000000,0.051635,PAUSE
9548,0.000000,0.000000,0.151880,PAUSE
9549,0.000000,0.000000,0.301782,PAUSE
9550,1.000000,1.000000,0.137996,PAUSE
9551,0.000000,1.000000,0.058754,PAUSE
9552,0.000000,1.000000,0.024879,PAUSE
9553,1.000000,1.000000,0.010731,PAUSE
9554,1.000000,1.000000,0.004846,PAUSE
9555,0.000000,1.000000,0.002390,PAUSE
9556,1.000000,1.000000,0.001355,PAUSE
9557,1.000000,1.000000,0.000913,PAUSE
9558,0.000000,0.000000,0.007488,PAUSE
9559,0.000000,0.000000,0.044957,PAUSE
9560,0.000000,0.000000,0.139594,PAUSE
9561,0.000000,1.000000,0.067302,PAUSE
9562,0.000000,1.000000,0.029701,PAUSE
9563,1.000000,1.000000,0.013068,PAUSE
9564,0.000000,1.000000,0.005941,PAUSE
9565,1.000000,1.000000,0.002901,PAUSE
9566,0.000000,1.000000,0.001598,PAUSE
9567,1.000000,1.000000,0.001031,PAUSE
9568,0.000000,0.000000,0.007772,PAUSE
9569,0.000000,0.000000,0.045904,PAUSE
9570,0.000000,0.000000,0.141416,PAUSE
9571,0.000000,1.000000,0.068113,PAUSE
9572,0.000000,1.000000,0.030037,PAUSE
9573,0.000000,0.000000,0.035935,PAUSE
9574,1.000000,1.000000,0.018695,PAUSE
9575,0.000000,0.000000,0.038570,PAUSE
9576,0.000000,1.000000,0.020486,PAUSE
9577,0.000000,1.000000,0.009895,PAUSE
9578,1.000000,1.000000,0.004843,PAUSE
9579,0.000000,0.000000,0.013942,PAUSE
9580,0.000000,1.000000,0.008434,PAUSE
9581,0.000000,1.000000,0.004581,PAUSE
9582,0.000000,1.000000,0.002553,PAUSE
9583,0.000000,0.000000,0.011633,PAUSE
9584,0.000000,0.000000,0.057955,PAUSE
9585,1.000000,1.000000,0.030171,PAUSE
9586,0.000000,0.000000,0.053555,PAUSE
9587,0.000000,1.000000,0.027436,PAUSE
9588,1.000000,1.000000,0.012862,PAUSE
9589,1.000000,1.000000,0.006086,PAUSE
9590,0.000000,1.000000,0.003055,PAUSE
9591,1.000000,1.000000,0.001705,PAUSE
9592,1.000000,1.000000,0.001098,PAUSE
9593,1.000000,1.000000,0.000819,PAUSE
9594,0.000000,1.000000,0.000687,PAUSE
9595,0.000000,1.000000,0.000623,PAUSE
9596,0.000000,0.000000,0.007112,PAUSE
9597,0.000000,0.000000,0.043881,PAUSE
9598,0.000000,0.000000,0.137546,PAUSE
9599,1.000000,1.000000,0.066391,PAUSE
9600,0.000000,0.000000,0.082119,PAUSE
9601,0.000000,1.000000,0.040013,PAUSE
9602,0.000000,1.000000,0.018102,PAUSE
9603,1.000000,1.000000,0.008244,PAUSE
9604,0.000000,0.000000,0.016241,PAUSE
9605,0.000000,0.000000,0.066542,PAUSE
9606,0.000000,0.000000,0.177399,PAUSE
9607,0.000000,0.000000,0.332941,PAUSE
9608,1.000000,1.000000,0.151346,PAUSE
9609,1.000000,1.000000,0.064202,PAUSE
9610,0.000000,1.000000,0.027083,PAUSE
9611,0.000000,1.000000,0.011621,PAUSE
9612,1.000000,1.000000,0.005206,PAUSE
9613,1.000000,1.000000,0.002535,PAUSE
9614,1.000000,1.000000,0.001414,PAUSE
9615,0.000000,1.000000,0.000937,PAUSE
9616,0.000000,1.000000,0.000730,PAUSE
9617,1.000000,1.000000,0.000637,PAUSE
9618,1.000000,1.000000,0.000595,PAUSE
9619,0.000000,0.000000,0.007001,PAUSE
9620,1.000000,1.000000,0.004825,PAUSE
9621,0.000000,1.000000,0.002913,PAUSE
9622,0.000000,1.000000,0.001801,PAUSE
9623,0.000000,1.000000,0.001211,PAUSE
9624,1.000000,1.000000,0.000904,PAUSE
9625,0.000000,1.000000,0.000744,PAUSE
9626,1.000000,1.000000,0.000658,PAUSE
9627,0.000000,0.000000,0.007275,PAUSE
9628,1.000000,1.000000,0.004979,PAUSE
9629,0.000000,0.000000,0.021980,PAUSE
9630,1.000000,1.000000,0.012672,PAUSE
9631,0.000000,0.000000,0.034214,PAUSE
9632,0.000000,1.000000,0.018551,PAUSE
9633,0.000000,1.000000,0.009082,PAUSE
9634,1.000000,1.000000,0.004505,PAUSE
9635,0.000000,0.000000,0.013707,PAUSE
9636,0.000000,0.000000,0.062590,PAUSE
9637,1.000000,1.000000,0.032320,PAUSE
9638,0.000000,0.000000,0.055458,PAUSE
9639,0.000000,1.000000,0.028287,PAUSE
9640,0.000000,1.000000,0.013219,PAUSE
9641,0.000000,1.000000,0.006234,PAUSE
9642,0.000000,0.000000,0.014996,PAUSE
9643,1.000000,1.000000,0.008926,PAUSE
9644,0.000000,1.000000,0.004796,PAUSE
9645,0.000000,1.000000,0.002645,PAUSE
9646,0.000000,1.000000,0.001589,PAUSE
9647,0.000000,1.000000,0.001076,PAUSE
9648,1.000000,1.000000,0.000823,PAUSE
9649,0.000000,1.000000,0.000697,PAUSE
9650,1.000000,1.000000,0.000631,PAUSE
9651,0.000000,1.000000,0.000597,PAUSE
9652,1.000000,1.000000,0.000578,PAUSE
9653,1.000000,1.000000,0.000567,PAUSE
9654,1.000000,1.000000,0.000561,PAUSE
9655,0.000000,1.000000,0.000558,PAUSE
9656,0.000000,1.000000,0.000556,PAUSE
9657,0.000000,0.000000,0.006899,PAUSE
9658,0.000000,0.000000,0.043124,PAUSE
9659,0.000000,1.000000,0.023165,PAUSE
9660,0.000000,0.000000,0.046802,PAUSE
9661,1.000000,1.000000,0.024384,PAUSE
9662,1.000000,1.000000,0.011574,PAUSE
9663,0.000000,1.000000,0.005551,PAUSE
9664,1.000000,1.000000,0.002833,PAUSE
9665,0.000000,0.000000,0.010761,PAUSE
9666,1.000000,1.000000,0.006807,PAUSE
9667,0.000000,0.000000,0.025128,PAUSE
9668,0.000000,0.000000,0.093510,PAUSE
9669,0.000000,0.000000,0.221118,PAUSE
9670,0.000000,0.000000,0.383396,PAUSE
9671,0.000000,0.000000,0.545198,ALLOW
9672,0.000000,0.000000,0.682728,ALLOW
9673,0.000000,0.000000,0.787769,ALLOW
9674,0.000000,0.000000,0.862353,ALLOW
9675,0.000000,0.000000,0.912708,ALLOW
9676,1.000000,1.000000,0.393982,PAUSE
9677,0.000000,0.000000,0.254820,PAUSE
9678,0.000000,0.000000,0.303269,PAUSE
9679,1.000000,1.000000,0.136822,PAUSE
9680,1.000000,1.000000,0.058062,PAUSE
9681,0.000000,1.000000,0.024549,PAUSE
9682,0.000000,1.000000,0.010581,PAUSE
9683,1.000000,1.000000,0.004779,PAUSE
9684,1.000000,1.000000,0.002359,PAUSE
9685,0.000000,0.000000,0.008919,PAUSE
9686,0.000000,0.000000,0.048473,PAUSE
9687,0.000000,0.000000,0.146049,PAUSE
9688,1.000000,1.000000,0.070168,PAUSE
9689,0.000000,0.000000,0.084722,PAUSE
9690,1.000000,1.000000,0.041138,PAUSE
9691,0.000000,0.000000,0.058864,PAUSE
9692,0.000000,0.000000,0.145932,PAUSE
9693,0.000000,0.000000,0.289526,PAUSE
9694,0.000000,0.000000,0.454343,PAUSE
9695,0.000000,0.000000,0.607356,ALLOW
9696,1.000000,1.000000,0.267253,PAUSE
9697,1.000000,1.000000,0.111265,PAUSE
9698,0.000000,0.000000,0.075779,PAUSE
9699,0.000000,0.000000,0.132256,PAUSE
9700,1.000000,1.000000,0.063216,PAUSE
9701,0.000000,0.000000,0.077682,PAUSE
9702,1.000000,1.000000,0.037990,PAUSE
9703,1.000000,1.000000,0.017249,PAUSE
9704,1.000000,1.000000,0.007890,PAUSE
9705,1.000000,1.000000,0.003795,PAUSE
9706,1.000000,1.000000,0.002010,PAUSE
9707,0.000000,0.000000,0.009245,PAUSE
9708,0.000000,1.000000,0.006011,PAUSE
9709,0.000000,1.000000,0.003468,PAUSE
9710,0.000000,0.000000,0.014797,PAUSE
9711,0.000000,0.000000,0.067253,PAUSE
9712,0.000000,0.000000,0.179616,PAUSE
9713,0.000000,0.000000,0.335838,PAUSE
9714,0.000000,0.000000,0.500954,ALLOW
9715,0.000000,0.000000,0.646848,ALLOW
9716,1.000000,1.000000,0.283757,PAUSE
9717,0.000000,0.000000,0.202671,PAUSE
9718,0.000000,0.000000,0.272224,PAUSE
9719,0.000000,0.000000,0.410949,PAUSE
9720,0.000000,0.000000,0.561860,ALLOW
9721,1.000000,1.000000,0.248077,PAUSE
9722,0.000000,1.000000,0.103488,PAUSE
9723,0.000000,1.000000,0.042929,PAUSE
9724,0.000000,0.000000,0.033874,PAUSE
9725,0.000000,0.000000,0.083523,PAUSE
9726,0.000000,0.000000,0.198689,PAUSE
9727,1.000000,1.000000,0.093257,PAUSE
9728,0.000000,0.000000,0.099654,PAUSE
9729,1.000000,1.000000,0.047540,PAUSE
9730,1.000000,1.000000,0.021202,PAUSE
9731,0.000000,0.000000,0.029134,PAUSE
9732,0.000000,0.000000,0.091133,PAUSE
9733,1.000000,1.000000,0.045336,PAUSE
9734,1.000000,1.000000,0.020519,PAUSE
9735,1.000000,1.000000,0.009291,PAUSE
9736,1.000000,1.000000,0.004392,PAUSE
9737,0.000000,0.000000,0.011962,PAUSE
9738,0.000000,0.000000,0.056852,PAUSE
9739,1.000000,1.000000,0.029632,PAUSE
9740,0.000000,0.000000,0.052992,PAUSE
9741,1.000000,1.000000,0.027180,PAUSE
9742,1.000000,1.000000,0.012754,PAUSE
9743,1.000000,1.000000,0.006041,PAUSE
9744,1.000000,1.000000,0.003036,PAUSE
9745,1.000000,1.000000,0.001697,PAUSE
9746,1.000000,1.000000,0.001094,PAUSE
9747,1.000000,1.000000,0.000818,PAUSE
9748,1.000000,1.000000,0.000687,PAUSE
9749,1.000000,1.000000,0.000623,PAUSE
9750,0.000000,0.000000,0.007112,PAUSE
9751,1.000000,1.000000,0.004888,PAUSE
9752,0.000000,0.000000,0.021790,PAUSE
9753,1.000000,1.000000,0.012578,PAUSE
9754,0.000000,0.000000,0.034095,PAUSE
9755,0.000000,0.000000,0.111199,PAUSE
9756,0.000000,0.000000,0.246235,PAUSE
9757,0.000000,1.000000,0.114028,PAUSE
9758,0.000000,1.000000,0.048946,PAUSE
9759,0.000000,1.000000,0.020904,PAUSE
9760,0.000000,1.000000,0.009123,PAUSE
9761,0.000000,1.000000,0.004196,PAUSE
9762,0.000000,0.000000,0.010667,PAUSE
9763,0.000000,1.000000,0.006669,PAUSE
9764,1.000000,1.000000,0.003756,PAUSE
9765,0.000000,1.000000,0.002179,PAUSE
9766,0.000000,1.000000,0.001381,PAUSE
9767,0.000000,1.000000,0.000981,PAUSE
9768,0.000000,1.000000,0.000780,PAUSE
9769,0.000000,1.000000,0.000676,PAUSE
9770,0.000000,0.000000,0.007315,PAUSE
9771,0.000000,0.000000,0.044613,PAUSE
9772,0.000000,0.000000,0.138977,PAUSE
9773,1.000000,1.000000,0.067028,PAUSE
9774,1.000000,1.000000,0.029587,PAUSE
9775,1.000000,1.000000,0.013022,PAUSE
9776,0.000000,0.000000,0.019527,PAUSE
9777,0.000000,0.000000,0.071608,PAUSE
9778,0.000000,0.000000,0.185009,PAUSE
9779,0.000000,0.000000,0.341763,PAUSE
9780,1.000000,1.000000,0.155114,PAUSE
9781,0.000000,0.000000,0.136224,PAUSE
9782,1.000000,1.000000,0.063011,PAUSE
9783,0.000000,0.000000,0.071934,PAUSE
9784,1.000000,1.000000,0.035232,PAUSE
9785,0.000000,0.000000,0.053660,PAUSE
9786,0.000000,0.000000,0.138863,PAUSE
9787,1.000000,1.000000,0.066770,PAUSE
9788,1.000000,1.000000,0.029453,PAUSE
9789,1.000000,1.000000,0.012960,PAUSE
9790,0.000000,0.000000,0.019445,PAUSE
9791,1.000000,1.000000,0.010946,PAUSE
9792,1.000000,1.000000,0.005664,PAUSE
9793,0.000000,1.000000,0.003013,PAUSE
9794,0.000000,1.000000,0.001745,PAUSE
9795,0.000000,0.000000,0.009628,PAUSE
9796,0.000000,0.000000,0.051908,PAUSE
9797,0.000000,0.000000,0.152684,PAUSE
9798,1.000000,1.000000,0.073112,PAUSE
9799,1.000000,1.000000,0.032107,PAUSE
9800,1.000000,1.000000,0.014052,PAUSE
9801,0.000000,0.000000,0.020099,PAUSE
9802,1.000000,1.000000,0.011237,PAUSE
9803,0.000000,0.000000,0.030445,PAUSE
9804,0.000000,0.000000,0.103325,PAUSE
9805,1.000000,1.000000,0.050973,PAUSE
9806,1.000000,1.000000,0.022895,PAUSE
9807,0.000000,0.000000,0.031577,PAUSE
9808,1.000000,1.000000,0.016787,PAUSE
9809,0.000000,0.000000,0.037089,PAUSE
9810,1.000000,1.000000,0.019823,PAUSE
9811,0.000000,0.000000,0.041813,PAUSE
9812,0.000000,0.000000,0.123693,PAUSE
9813,1.000000,1.000000,0.060092,PAUSE
9814,1.000000,1.000000,0.026691,PAUSE
9815,0.000000,0.000000,0.033884,PAUSE
9816,0.000000,0.000000,0.098791,PAUSE
9817,0.000000,0.000000,0.225571,PAUSE
9818,0.000000,1.000000,0.105025,PAUSE
9819,0.000000,1.000000,0.045249,PAUSE
9820,0.000000,0.000000,0.044254,PAUSE
9821,0.000000,1.000000,0.022261,PAUSE
9822,0.000000,1.000000,0.010503,PAUSE
9823,0.000000,0.000000,0.021321,PAUSE
9824,0.000000,0.000000,0.079544,PAUSE
9825,0.000000,1.000000,0.040120,PAUSE
9826,0.000000,1.000000,0.018338,PAUSE
9827,1.000000,1.000000,0.008393,PAUSE
9828,1.000000,1.000000,0.004022,PAUSE
9829,1.000000,1.000000,0.002113,PAUSE
9830,0.000000,0.000000,0.009407,PAUSE
9831,1.000000,1.000000,0.006096,PAUSE
9832,0.000000,0.000000,0.023917,PAUSE
9833,0.000000,0.000000,0.090937,PAUSE
9834,1.000000,1.000000,0.045383,PAUSE
9835,1.000000,1.000000,0.020559,PAUSE
9836,0.000000,0.000000,0.030099,PAUSE
9837,1.000000,1.000000,0.016136,PAUSE
9838,1.000000,1.000000,0.007953,PAUSE
9839,0.000000,0.000000,0.019653,PAUSE
9840,0.000000,1.000000,0.011316,PAUSE
9841,0.000000,1.000000,0.005880,PAUSE
9842,0.000000,0.000000,0.017844,PAUSE
9843,0.000000,0.000000,0.074023,PAUSE
9844,0.000000,0.000000,0.190473,PAUSE
9845,0.000000,1.000000,0.089749,PAUSE
9846,1.000000,1.000000,0.038974,PAUSE
9847,0.000000,1.000000,0.016851,PAUSE
9848,0.000000,0.000000,0.021595,PAUSE
9849,0.000000,0.000000,0.073858,PAUSE
9850,0.000000,1.000000,0.037432,PAUSE
9851,0.000000,1.000000,0.017194,PAUSE
9852,1.000000,1.000000,0.007916,PAUSE
9853,0.000000,1.000000,0.003824,PAUSE
9854,0.000000,1.000000,0.002030,PAUSE
9855,0.000000,0.000000,0.009340,PAUSE
9856,0.000000,1.000000,0.006063,PAUSE
9857,0.000000,0.000000,0.023873,PAUSE
9858,1.000000,1.000000,0.013597,PAUSE
9859,0.000000,1.000000,0.006927,PAUSE
9860,1.000000,1.000000,0.003587,PAUSE
9861,0.000000,0.000000,0.012876,PAUSE
9862,0.000000,0.000000,0.060912,PAUSE
9863,0.000000,1.000000,0.031546,PAUSE
9864,0.000000,1.000000,0.014718,PAUSE
9865,0.000000,0.000000,0.026048,PAUSE
9866,1.000000,1.000000,0.014319,PAUSE
9867,1.000000,1.000000,0.007183,PAUSE
9868,0.000000,1.000000,0.003679,PAUSE
9869,1.000000,1.000000,0.002037,PAUSE
9870,0.000000,0.000000,0.009988,PAUSE
9871,0.000000,0.000000,0.052835,PAUSE
9872,0.000000,0.000000,0.154339,PAUSE
9873,1.000000,1.000000,0.073844,PAUSE
9874,0.000000,0.000000,0.087230,PAUSE
9875,1.000000,1.000000,0.042221,PAUSE
9876,0.000000,0.000000,0.059575,PAUSE
9877,0.000000,0.000000,0.146696,PAUSE
9878,0.000000,0.000000,0.290376,PAUSE
9879,1.000000,1.000000,0.133029,PAUSE
9880,0.000000,1.000000,0.056717,PAUSE
9881,0.000000,0.000000,0.050111,PAUSE
9882,1.000000,1.000000,0.024735,PAUSE
9883,0.000000,1.000000,0.011520,PAUSE
9884,0.000000,0.000000,0.021904,PAUSE
9885,0.000000,0.000000,0.080215,PAUSE
9886,1.000000,1.000000,0.040419,PAUSE
9887,0.000000,0.000000,0.062271,PAUSE
9888,0.000000,0.000000,0.153586,PAUSE
9889,0.000000,1.000000,0.073294,PAUSE
9890,0.000000,1.000000,0.032154,PAUSE
9891,1.000000,1.000000,0.014064,PAUSE
9892,0.000000,0.000000,0.020057,PAUSE
9893,1.000000,1.000000,0.011214,PAUSE
9894,1.000000,1.000000,0.005776,PAUSE
9895,0.000000,0.000000,0.017367,PAUSE
9896,1.000000,1.000000,0.010220,PAUSE
9897,0.000000,0.000000,0.030407,PAUSE
9898,1.000000,1.000000,0.016739,PAUSE
9899,0.000000,1.000000,0.008298,PAUSE
9900,0.000000,1.000000,0.004173,PAUSE
9901,0.000000,0.000000,0.013417,PAUSE
9902,0.000000,0.000000,0.062023,PAUSE
9903,0.000000,1.000000,0.032059,PAUSE
9904,1.000000,1.000000,0.014935,PAUSE
9905,1.000000,1.000000,0.006981,PAUSE
9906,0.000000,0.000000,0.015768,PAUSE
9907,0.000000,0.000000,0.066444,PAUSE
9908,0.000000,0.000000,0.177497,PAUSE
9909,0.000000,0.000000,0.333123,PAUSE
9910,0.000000,1.000000,0.151425,PAUSE
9911,0.000000,0.000000,0.134182,PAUSE
9912,0.000000,1.000000,0.062156,PAUSE
9913,1.000000,1.000000,0.027182,PAUSE
9914,0.000000,1.000000,0.011939,PAUSE
9915,0.000000,0.000000,0.018199,PAUSE
9916,0.000000,0.000000,0.068653,PAUSE
9917,0.000000,0.000000,0.180235,PAUSE
9918,1.000000,1.000000,0.085241,PAUSE
9919,0.000000,0.000000,0.094706,PAUSE
9920,0.000000,1.000000,0.045432,PAUSE
9921,1.000000,1.000000,0.020336,PAUSE
9922,0.000000,0.000000,0.028662,PAUSE
9923,0.000000,1.000000,0.015407,PAUSE
9924,0.000000,0.000000,0.035589,PAUSE
9925,1.000000,1.000000,0.019129,PAUSE
9926,0.000000,1.000000,0.009319,PAUSE
9927,1.000000,1.000000,0.004602,PAUSE
9928,1.000000,1.000000,0.002434,PAUSE
9929,0.000000,0.000000,0.010421,PAUSE
9930,1.000000,1.000000,0.006643,PAUSE
9931,0.000000,1.000000,0.003765,PAUSE
9932,1.000000,1.000000,0.002190,PAUSE
9933,0.000000,1.000000,0.001388,PAUSE
9934,1.000000,1.000000,0.000986,PAUSE
9935,0.000000,0.000000,0.008187,PAUSE
9936,1.000000,1.000000,0.005480,PAUSE
9937,1.000000,1.000000,0.003226,PAUSE
9938,1.000000,1.000000,0.001946,PAUSE
9939,0.000000,0.000000,0.010813,PAUSE
9940,1.000000,1.000000,0.006891,PAUSE
9941,0.000000,1.000000,0.003889,PAUSE
9942,1.000000,1.000000,0.002248,PAUSE
9943,1.000000,1.000000,0.001416,PAUSE
9944,1.000000,1.000000,0.000999,PAUSE
9945,0.000000,0.000000,0.008214,PAUSE
9946,0.000000,0.000000,0.047647,PAUSE
9947,0.000000,1.000000,0.025319,PAUSE
9948,0.000000,1.000000,0.012061,PAUSE
9949,0.000000,1.000000,0.005780,PAUSE
9950,1.000000,1.000000,0.002938,PAUSE
9951,0.000000,1.000000,0.001661,PAUSE
9952,0.000000,0.000000,0.009040,PAUSE
9953,0.000000,1.000000,0.005918,PAUSE
9954,0.000000,1.000000,0.003428,PAUSE
9955,0.000000,0.000000,0.014758,PAUSE
9956,0.000000,1.000000,0.008954,PAUSE
9957,0.000000,0.000000,0.028810,PAUSE
9958,1.000000,1.000000,0.015986,PAUSE
9959,0.000000,0.000000,0.038088,PAUSE
9960,0.000000,0.000000,0.117999,PAUSE
9961,0.000000,0.000000,0.255344,PAUSE
9962,0.000000,0.000000,0.420030,PAUSE
9963,0.000000,1.000000,0.188417,PAUSE
9964,0.000000,0.000000,0.154272,PAUSE
9965,1.000000,1.000000,0.070553,PAUSE
9966,0.000000,0.000000,0.076001,PAUSE
9967,0.000000,0.000000,0.161865,PAUSE
9968,0.000000,0.000000,0.306039,PAUSE
9969,0.000000,0.000000,0.469782,PAUSE
9970,0.000000,0.000000,0.620161,ALLOW
9971,1.000000,1.000000,0.272601,PAUSE
9972,0.000000,1.000000,0.113428,PAUSE
9973,0.000000,1.000000,0.046934,PAUSE
9974,0.000000,0.000000,0.035659,PAUSE
9975,0.000000,0.000000,0.084694,PAUSE
9976,0.000000,0.000000,0.199805,PAUSE
9977,0.000000,0.000000,0.357389,PAUSE
9978,0.000000,0.000000,0.520691,ALLOW
9979,0.000000,0.000000,0.662817,ALLOW
9980,0.000000,0.000000,0.773057,ALLOW
9981,0.000000,0.000000,0.852152,ALLOW
9982,0.000000,0.000000,0.905936,ALLOW
9983,1.000000,1.000000,0.391191,PAUSE
9984,1.000000,1.000000,0.161309,PAUSE
9985,0.000000,0.000000,0.097771,PAUSE
9986,0.000000,0.000000,0.144867,PAUSE
9987,1.000000,1.000000,0.068490,PAUSE
9988,1.000000,1.000000,0.030039,PAUSE
9989,0.000000,0.000000,0.035166,PAUSE
9990,0.000000,1.000000,0.018304,PAUSE
9991,0.000000,0.000000,0.038049,PAUSE
9992,0.000000,1.000000,0.020242,PAUSE
9993,1.000000,1.000000,0.009791,PAUSE
9994,0.000000,1.000000,0.004799,PAUSE
9995,1.000000,1.000000,0.002516,PAUSE
9996,0.000000,1.000000,0.001478,PAUSE
9997,1.000000,1.000000,0.001001,PAUSE
9998,1.000000,1.000000,0.000777,PAUSE
9999,0.000000,0.000000,0.007503,PAUSE
10000,0.000000,0.000000,0.045207,PAUSE
10001,0.000000,1.000000,0.024159,PAUSE
10002,0.000000,1.000000,0.011563,PAUSE
10003,0.000000,1.000000,0.005570,PAUSE
10004,0.000000,0.000000,0.014718,PAUSE
10005,1.000000,1.000000,0.008813,PAUSE
10006,1.000000,1.000000,0.004750,PAUSE
10007,0.000000,1.000000,0.002627,PAUSE
10008,0.000000,1.000000,0.001582,PAUSE
10009,0.000000,0.000000,0.009471,PAUSE
10010,1.000000,1.000000,0.006166,PAUSE
10011,0.000000,1.000000,0.003548,PAUSE
10012,0.000000,1.000000,0.002093,PAUSE
10013,0.000000,1.000000,0.001345,PAUSE
10014,0.000000,0.000000,0.009141,PAUSE
10015,1.000000,1.000000,0.005996,PAUSE
10016,0.000000,0.000000,0.023915,PAUSE
10017,1.000000,1.000000,0.013621,PAUSE
10018,0.000000,0.000000,0.035377,PAUSE
10019,1.000000,1.000000,0.019094,PAUSE
10020,0.000000,0.000000,0.041341,PAUSE
10021,0.000000,1.000000,0.021845,PAUSE
10022,1.000000,1.000000,0.010489,PAUSE
10023,0.000000,1.000000,0.005096,PAUSE
10024,0.000000,0.000000,0.014169,PAUSE
10025,0.000000,0.000000,0.063424,PAUSE
10026,1.000000,1.000000,0.032704,PAUSE
10027,0.000000,1.000000,0.015208,PAUSE
10028,0.000000,1.000000,0.007094,PAUSE
10029,1.000000,1.000000,0.003485,PAUSE
10030,0.000000,1.000000,0.001890,PAUSE
10031,0.000000,0.000000,0.009235,PAUSE
10032,0.000000,0.000000,0.050283,PAUSE
10033,0.000000,0.000000,0.149601,PAUSE
10034,0.000000,0.000000,0.298950,PAUSE
10035,0.000000,0.000000,0.465057,PAUSE
10036,1.000000,1.000000,0.207473,PAUSE
10037,0.000000,0.000000,0.164294,PAUSE
10038,0.000000,0.000000,0.246573,PAUSE
10039,0.000000,0.000000,0.390815,PAUSE
10040,0.000000,1.000000,0.175725,PAUSE
10041,0.000000,1.000000,0.074101,PAUSE
10042,1.000000,1.000000,0.031076,PAUSE
10043,0.000000,0.000000,0.028480,PAUSE
10044,0.000000,1.000000,0.014793,PAUSE
10045,0.000000,1.000000,0.007258,PAUSE
10046,1.000000,1.000000,0.003670,PAUSE
10047,0.000000,0.000000,0.012487,PAUSE
10048,1.000000,1.000000,0.007709,PAUSE
10049,1.000000,1.000000,0.004255,PAUSE
10050,0.000000,0.000000,0.015906,PAUSE
10051,0.000000,0.000000,0.069852,PAUSE
10052,1.000000,1.000000,0.035703,PAUSE
10053,0.000000,1.000000,0.016481,PAUSE
10054,0.000000,1.000000,0.007625,PAUSE
10055,0.000000,1.000000,0.003706,PAUSE
10056,0.000000,0.000000,0.011511,PAUSE
10057,0.000000,0.000000,0.056129,PAUSE
10058,1.000000,1.000000,0.029300,PAUSE
10059,0.000000,1.000000,0.013760,PAUSE
10060,0.000000,1.000000,0.006491,PAUSE
10061,0.000000,0.000000,0.015413,PAUSE
10062,0.000000,0.000000,0.065860,PAUSE
10063,0.000000,1.000000,0.033825,PAUSE
10064,1.000000,1.000000,0.015681,PAUSE
10065,0.000000,1.000000,0.007291,PAUSE
10066,0.000000,1.000000,0.003567,PAUSE
10067,1.000000,1.000000,0.001924,PAUSE
10068,0.000000,0.000000,0.009262,PAUSE
10069,1.000000,1.000000,0.006026,PAUSE
10070,0.000000,1.000000,0.003477,PAUSE
10071,0.000000,1.000000,0.002059,PAUSE
10072,0.000000,1.000000,0.001329,PAUSE
10073,1.000000,1.000000,0.000959,PAUSE
10074,0.000000,1.000000,0.000769,PAUSE
10075,0.000000,1.000000,0.000671,PAUSE
10076,1.000000,1.000000,0.000619,PAUSE
10077,1.000000,1.000000,0.000590,PAUSE
10078,0.000000,1.000000,0.000575,PAUSE
10079,0.000000,0.000000,0.006974,PAUSE
10080,1.000000,1.000000,0.004811,PAUSE
10081,0.000000,0.000000,0.021635,PAUSE
10082,0.000000,0.000000,0.085937,PAUSE
10083,0.000000,0.000000,0.209807,PAUSE
10084,0.000000,0.000000,0.370820,PAUSE
10085,0.000000,0.000000,0.533714,ALLOW
10086,1.000000,1.000000,0.236390,PAUSE
10087,0.000000,0.000000,0.179125,PAUSE
10088,0.000000,0.000000,0.256826,PAUSE
10089,0.000000,1.000000,0.117485,PAUSE
10090,0.000000,1.000000,0.050228,PAUSE
10091,0.000000,0.000000,0.046219,PAUSE
10092,0.000000,1.000000,0.023044,PAUSE
10093,0.000000,1.000000,0.010816,PAUSE
10094,0.000000,0.000000,0.021442,PAUSE
10095,0.000000,0.000000,0.079583,PAUSE
10096,1.000000,1.000000,0.040135,PAUSE
10097,1.000000,1.000000,0.018344,PAUSE
10098,1.000000,1.000000,0.008395,PAUSE
10099,0.000000,0.000000,0.016719,PAUSE
10100,0.000000,0.000000,0.067890,PAUSE
10101,0.000000,1.000000,0.034749,PAUSE
10102,0.000000,1.000000,0.016071,PAUSE
10103,0.000000,1.000000,0.007452,PAUSE
10104,0.000000,1.000000,0.003633,PAUSE
10105,0.000000,1.000000,0.001951,PAUSE
10106,1.000000,1.000000,0.001204,PAUSE
10107,0.000000,0.000000,0.008195,PAUSE
10108,1.000000,1.000000,0.005469,PAUSE
10109,0.000000,1.000000,0.003218,PAUSE
10110,0.000000,1.000000,0.001942,PAUSE
10111,0.000000,0.000000,0.010797,PAUSE
10112,0.000000,0.000000,0.055818,PAUSE
10113,0.000000,0.000000,0.159839,PAUSE
10114,0.000000,0.000000,0.311829,PAUSE
10115,1.000000,1.000000,0.142308,PAUSE
10116,0.000000,1.000000,0.060515,PAUSE
10117,0.000000,1.000000,0.025592,PAUSE
10118,1.000000,1.000000,0.011019,PAUSE
10119,1.000000,1.000000,0.004963,PAUSE
10120,1.000000,1.000000,0.002437,PAUSE
10121,0.000000,0.000000,0.008996,PAUSE
10122,0.000000,0.000000,0.048661,PAUSE
10123,1.000000,1.000000,0.025784,PAUSE
10124,1.000000,1.000000,0.012258,PAUSE
10125,0.000000,0.000000,0.024157,PAUSE
10126,1.000000,1.000000,0.013457,PAUSE
10127,1.000000,1.000000,0.006814,PAUSE
10128,0.000000,1.000000,0.003524,PAUSE
10129,1.000000,1.000000,0.001971,PAUSE
10130,0.000000,1.000000,0.001244,PAUSE
10131,1.000000,1.000000,0.000898,PAUSE
10132,0.000000,0.000000,0.007827,PAUSE
10133,0.000000,0.000000,0.046300,PAUSE
10134,0.000000,0.000000,0.142219,PAUSE
10135,1.000000,1.000000,0.068470,PAUSE
10136,0.000000,0.000000,0.083563,PAUSE
10137,0.000000,0.000000,0.178297,PAUSE
10138,0.000000,1.000000,0.084053,PAUSE
10139,0.000000,1.000000,0.036582,PAUSE
10140,0.000000,0.000000,0.039411,PAUSE
10141,1.000000,1.000000,0.020178,PAUSE
10142,1.000000,1.000000,0.009639,PAUSE
10143,0.000000,0.000000,0.020776,PAUSE
10144,0.000000,1.000000,0.011822,PAUSE
10145,1.000000,1.000000,0.006095,PAUSE
10146,0.000000,1.000000,0.003214,PAUSE
10147,0.000000,0.000000,0.012380,PAUSE
10148,1.000000,1.000000,0.007678,PAUSE
10149,0.000000,0.000000,0.026650,PAUSE
10150,1.000000,1.000000,0.014945,PAUSE
10151,0.000000,0.000000,0.036909,PAUSE
10152,0.000000,1.000000,0.019806,PAUSE
10153,0.000000,1.000000,0.009620,PAUSE
10154,0.000000,1.000000,0.004732,PAUSE
10155,0.000000,0.000000,0.013890,PAUSE
10156,0.000000,1.000000,0.008412,PAUSE
10157,0.000000,1.000000,0.004572,PAUSE
10158,1.000000,1.000000,0.002549,PAUSE
10159,0.000000,0.000000,0.011631,PAUSE
10160,0.000000,1.000000,0.007306,PAUSE
10161,0.000000,1.000000,0.004078,PAUSE
10162,1.000000,1.000000,0.002332,PAUSE
10163,0.000000,0.000000,0.011377,PAUSE
10164,1.000000,1.000000,0.007179,PAUSE
10165,0.000000,0.000000,0.025943,PAUSE
10166,0.000000,0.000000,0.095316,PAUSE
10167,0.000000,1.000000,0.047370,PAUSE
10168,0.000000,1.000000,0.021391,PAUSE
10169,1.000000,1.000000,0.009656,PAUSE
10170,0.000000,0.000000,0.017537,PAUSE
10171,1.000000,1.000000,0.010105,PAUSE
10172,0.000000,1.000000,0.005308,PAUSE
10173,0.000000,1.000000,0.002864,PAUSE
10174,0.000000,0.000000,0.011938,PAUSE
10175,0.000000,0.000000,0.058619,PAUSE
10176,1.000000,1.000000,0.030479,PAUSE
10177,0.000000,0.000000,0.053830,PAUSE
10178,0.000000,0.000000,0.142580,PAUSE
10179,0.000000,1.000000,0.068465,PAUSE
10180,1.000000,1.000000,0.030161,PAUSE
10181,1.000000,1.000000,0.013251,PAUSE
10182,0.000000,1.000000,0.006013,PAUSE
10183,0.000000,1.000000,0.002930,PAUSE
10184,1.000000,1.000000,0.001609,PAUSE
10185,1.000000,1.000000,0.001035,PAUSE
10186,1.000000,1.000000,0.000780,PAUSE
10187,0.000000,1.000000,0.000664,PAUSE
10188,0.000000,0.000000,0.007173,PAUSE
10189,0.000000,0.000000,0.044065,PAUSE
10190,0.000000,0.000000,0.137900,PAUSE
10191,0.000000,0.000000,0.283911,PAUSE
10192,0.000000,0.000000,0.449982,PAUSE
10193,0.000000,0.000000,0.604014,ALLOW
10194,1.000000,1.000000,0.265861,PAUSE
10195,0.000000,0.000000,0.193872,PAUSE
10196,1.000000,1.000000,0.086961,PAUSE
10197,1.000000,1.000000,0.037254,PAUSE
10198,1.000000,1.000000,0.016008,PAUSE
10199,0.000000,1.000000,0.007087,PAUSE
10200,0.000000,1.000000,0.003347,PAUSE
10201,1.000000,1.000000,0.001769,PAUSE
10202,0.000000,1.000000,0.001096,PAUSE
10203,0.000000,0.000000,0.007758,PAUSE
10204,0.000000,0.000000,0.045757,PAUSE
10205,0.000000,1.000000,0.024417,PAUSE
10206,0.000000,1.000000,0.011673,PAUSE
10207,0.000000,0.000000,0.023696,PAUSE
10208,0.000000,1.000000,0.013246,PAUSE
10209,0.000000,1.000000,0.006724,PAUSE
10210,1.000000,1.000000,0.003485,PAUSE
10211,0.000000,0.000000,0.012659,PAUSE
10212,0.000000,1.000000,0.007814,PAUSE
10213,1.000000,1.000000,0.004306,PAUSE
10214,1.000000,1.000000,0.002433,PAUSE
10215,0.000000,1.000000,0.001497,PAUSE
10216,1.000000,1.000000,0.001035,PAUSE
10217,0.000000,0.000000,0.008271,PAUSE
10218,0.000000,0.000000,0.047813,PAUSE
10219,1.000000,1.000000,0.025398,PAUSE
10220,1.000000,1.000000,0.012095,PAUSE
10221,1.000000,1.000000,0.005794,PAUSE
10222,0.000000,0.000000,0.014894,PAUSE
10223,0.000000,0.000000,0.064976,PAUSE
10224,0.000000,0.000000,0.175219,PAUSE
10225,0.000000,0.000000,0.330447,PAUSE
10226,1.000000,1.000000,0.150280,PAUSE
10227,1.000000,1.000000,0.063768,PAUSE
10228,0.000000,0.000000,0.053631,PAUSE
10229,0.000000,0.000000,0.117106,PAUSE
10230,0.000000,0.000000,0.246222,PAUSE
10231,0.000000,0.000000,0.408280,PAUSE
10232,0.000000,0.000000,0.566866,ALLOW
10233,0.000000,0.000000,0.699682,ALLOW
10234,1.000000,1.000000,0.305770,PAUSE
10235,0.000000,0.000000,0.213345,PAUSE
10236,0.000000,0.000000,0.278886,PAUSE
10237,0.000000,0.000000,0.415877,PAUSE
10238,0.000000,0.000000,0.565616,ALLOW
10239,0.000000,0.000000,0.696159,ALLOW
10240,1.000000,1.000000,0.304262,PAUSE
10241,0.000000,1.000000,0.126227,PAUSE
10242,1.000000,1.000000,0.052081,PAUSE
10243,0.000000,1.000000,0.021682,PAUSE
10244,0.000000,0.000000,0.020391,PAUSE
10245,0.000000,0.000000,0.064725,PAUSE
10246,0.000000,0.000000,0.171370,PAUSE
10247,0.000000,0.000000,0.324963,PAUSE
10248,0.000000,0.000000,0.490254,PAUSE
10249,1.000000,1.000000,0.218098,PAUSE
10250,1.000000,1.000000,0.091349,PAUSE
10251,0.000000,1.000000,0.038041,PAUSE
10252,1.000000,1.000000,0.016038,PAUSE
10253,0.000000,1.000000,0.006987,PAUSE
10254,1.000000,1.000000,0.003254,PAUSE
10255,0.000000,0.000000,0.009408,PAUSE
10256,0.000000,0.000000,0.049110,PAUSE
10257,0.000000,1.000000,0.025987,PAUSE
10258,1.000000,1.000000,0.012344,PAUSE
10259,0.000000,1.000000,0.005897,PAUSE
10260,0.000000,0.000000,0.014966,PAUSE
10261,0.000000,0.000000,0.065091,PAUSE
10262,0.000000,0.000000,0.175396,PAUSE
10263,0.000000,0.000000,0.330654,PAUSE
10264,1.000000,1.000000,0.150369,PAUSE
10265,1.000000,1.000000,0.063804,PAUSE
10266,1.000000,1.000000,0.026922,PAUSE
10267,0.000000,1.000000,0.011556,PAUSE
10268,0.000000,1.000000,0.005180,PAUSE
10269,1.000000,1.000000,0.002525,PAUSE
10270,1.000000,1.000000,0.001410,PAUSE
10271,0.000000,0.000000,0.008019,PAUSE
10272,1.000000,1.000000,0.005355,PAUSE
10273,0.000000,1.000000,0.003159,PAUSE
10274,0.000000,1.000000,0.001914,PAUSE
10275,0.000000,0.000000,0.010742,PAUSE
10276,1.000000,1.000000,0.006854,PAUSE
10277,0.000000,0.000000,0.025436,PAUSE
10278,0.000000,0.000000,0.094278,PAUSE
10279,0.000000,1.000000,0.046900,PAUSE
10280,0.000000,1.000000,0.021194,PAUSE
10281,1.000000,1.000000,0.009575,PAUSE
10282,1.000000,1.000000,0.004510,PAUSE
10283,0.000000,1.000000,0.002314,PAUSE
10284,1.000000,1.000000,0.001355,PAUSE
10285,1.000000,1.000000,0.000930,PAUSE
10286,0.000000,1.000000,0.000736,PAUSE
10287,1.000000,1.000000,0.000645,PAUSE
10288,0.000000,1.000000,0.000601,PAUSE
10289,1.000000,1.000000,0.000579,PAUSE
10290,1.000000,1.000000,0.000568,PAUSE
10291,1.000000,1.000000,0.000561,PAUSE
10292,0.000000,1.000000,0.000558,PAUSE
10293,1.000000,1.000000,0.000556,PAUSE
10294,0.000000,0.000000,0.006898,PAUSE
10295,1.000000,1.000000,0.004769,PAUSE
10296,0.000000,0.000000,0.021546,PAUSE
10297,0.000000,0.000000,0.085731,PAUSE
10298,0.000000,0.000000,0.209493,PAUSE
10299,1.000000,1.000000,0.098070,PAUSE
10300,0.000000,0.000000,0.102902,PAUSE
10301,0.000000,0.000000,0.197345,PAUSE
10302,0.000000,1.000000,0.092259,PAUSE
10303,0.000000,1.000000,0.039945,PAUSE
10304,1.000000,1.000000,0.017232,PAUSE
10305,0.000000,1.000000,0.007630,PAUSE
10306,0.000000,1.000000,0.003587,PAUSE
10307,0.000000,0.000000,0.010317,PAUSE
10308,0.000000,1.000000,0.006512,PAUSE
10309,1.000000,1.000000,0.003688,PAUSE
10310,0.000000,1.000000,0.002150,PAUSE
10311,1.000000,1.000000,0.001368,PAUSE
10312,0.000000,1.000000,0.000976,PAUSE
10313,0.000000,0.000000,0.008161,PAUSE
10314,0.000000,0.000000,0.047474,PAUSE
10315,0.000000,0.000000,0.144469,PAUSE
10316,0.000000,1.000000,0.069470,PAUSE
10317,1.000000,1.000000,0.030599,PAUSE
10318,0.000000,1.000000,0.013436,PAUSE
10319,0.000000,0.000000,0.019758,PAUSE
10320,0.000000,0.000000,0.071876,PAUSE
10321,1.000000,1.000000,0.036548,PAUSE
10322,0.000000,0.000000,0.058923,PAUSE
10323,0.000000,0.000000,0.149209,PAUSE
10324,0.000000,1.000000,0.071375,PAUSE
10325,0.000000,1.000000,0.031362,PAUSE
10326,0.000000,1.000000,0.013741,PAUSE
10327,0.000000,0.000000,0.019883,PAUSE
10328,0.000000,1.000000,0.011139,PAUSE
10329,0.000000,1.000000,0.005744,PAUSE
10330,0.000000,1.000000,0.003047,PAUSE
10331,0.000000,1.000000,0.001760,PAUSE
10332,1.000000,1.000000,0.001149,PAUSE
10333,0.000000,0.000000,0.008406,PAUSE
10334,0.000000,0.000000,0.048173,PAUSE
10335,1.000000,1.000000,0.025567,PAUSE
10336,0.000000,0.000000,0.049202,PAUSE
10337,1.000000,1.000000,0.025473,PAUSE
10338,0.000000,0.000000,0.047255,PAUSE
10339,0.000000,1.000000,0.024522,PAUSE
10340,1.000000,1.000000,0.011621,PAUSE
10341,0.000000,1.000000,0.005567,PAUSE
10342,1.000000,1.000000,0.002838,PAUSE
10343,0.000000,0.000000,0.010753,PAUSE
10344,1.000000,1.000000,0.006803,PAUSE
10345,1.000000,1.000000,0.003836,PAUSE
10346,0.000000,1.000000,0.002221,PAUSE
10347,0.000000,1.000000,0.001402,PAUSE
10348,1.000000,1.000000,0.000992,PAUSE
10349,0.000000,0.000000,0.008196,PAUSE
10350,1.000000,1.000000,0.005484,PAUSE
10351,0.000000,1.000000,0.003228,PAUSE
10352,0.000000,1.000000,0.001947,PAUSE
10353,0.000000,0.000000,0.010814,PAUSE
10354,0.000000,1.000000,0.006892,PAUSE
10355,1.000000,1.000000,0.003889,PAUSE
10356,1.000000,1.000000,0.002249,PAUSE
10357,1.000000,1.000000,0.001416,PAUSE
10358,0.000000,1.000000,0.000999,PAUSE
10359,0.000000,0.000000,0.008214,PAUSE
10360,0.000000,1.000000,0.005494,PAUSE
10361,0.000000,1.000000,0.003232,PAUSE
10362,1.000000,1.000000,0.001950,PAUSE
10363,0.000000,1.000000,0.001280,PAUSE
10364,0.000000,0.000000,0.009033,PAUSE
10365,1.000000,1.000000,0.005940,PAUSE
10366,0.000000,1.000000,0.003443,PAUSE
10367,1.000000,1.000000,0.002046,PAUSE
10368,0.000000,1.000000,0.001324,PAUSE
10369,1.000000,1.000000,0.000957,PAUSE
10370,0.000000,0.000000,0.008138,PAUSE
10371,0.000000,0.000000,0.047414,PAUSE
10372,0.000000,0.000000,0.144357,PAUSE
10373,0.000000,0.000000,0.292286,PAUSE
10374,1.000000,1.000000,0.133917,PAUSE
10375,0.000000,0.000000,0.124291,PAUSE
10376,0.000000,0.000000,0.216058,PAUSE
10377,1.000000,1.000000,0.100258,PAUSE
10378,0.000000,1.000000,0.043215,PAUSE
10379,0.000000,1.000000,0.018557,PAUSE
10380,0.000000,1.000000,0.008166,PAUSE
10381,0.000000,1.000000,0.003804,PAUSE
10382,0.000000,1.000000,0.001965,PAUSE
10383,0.000000,1.000000,0.001181,PAUSE
10384,0.000000,1.000000,0.000841,PAUSE
10385,1.000000,1.000000,0.000690,PAUSE
10386,0.000000,1.000000,0.000620,PAUSE
10387,0.000000,1.000000,0.000588,PAUSE
10388,1.000000,1.000000,0.000571,PAUSE
10389,0.000000,1.000000,0.000563,PAUSE
10390,1.000000,1.000000,0.000559,PAUSE
10391,0.000000,0.000000,0.006908,PAUSE
10392,0.000000,1.000000,0.004774,PAUSE
10393,1.000000,1.000000,0.002888,PAUSE
10394,0.000000,1.000000,0.001790,PAUSE
10395,0.000000,0.000000,0.010553,PAUSE
10396,0.000000,0.000000,0.055150,PAUSE
10397,0.000000,0.000000,0.158657,PAUSE
10398,0.000000,1.000000,0.075755,PAUSE
10399,0.000000,1.000000,0.033201,PAUSE
10400,0.000000,0.000000,0.037746,PAUSE
10401,0.000000,0.000000,0.103081,PAUSE
10402,0.000000,0.000000,0.230858,PAUSE
10403,0.000000,0.000000,0.392950,PAUSE
10404,0.000000,0.000000,0.553513,ALLOW
10405,1.000000,1.000000,0.244697,PAUSE
10406,1.000000,1.000000,0.102132,PAUSE
10407,0.000000,0.000000,0.071648,PAUSE
10408,0.000000,0.000000,0.129666,PAUSE
10409,1.000000,1.000000,0.062123,PAUSE
10410,0.000000,0.000000,0.077071,PAUSE
10411,1.000000,1.000000,0.037732,PAUSE
10412,0.000000,1.000000,0.017143,PAUSE
10413,0.000000,0.000000,0.026735,PAUSE
10414,0.000000,0.000000,0.088368,PAUSE
10415,1.000000,1.000000,0.044108,PAUSE
10416,1.000000,1.000000,0.020009,PAUSE
10417,0.000000,1.000000,0.009082,PAUSE
10418,0.000000,1.000000,0.004306,PAUSE
10419,0.000000,0.000000,0.011910,PAUSE
10420,0.000000,0.000000,0.056775,PAUSE
10421,0.000000,1.000000,0.029597,PAUSE
10422,1.000000,1.000000,0.013886,PAUSE
10423,0.000000,0.000000,0.025415,PAUSE
10424,1.000000,1.000000,0.014031,PAUSE
10425,1.000000,1.000000,0.007060,PAUSE
10426,0.000000,0.000000,0.018955,PAUSE
10427,0.000000,0.000000,0.076109,PAUSE
10428,0.000000,0.000000,0.193665,PAUSE
10429,0.000000,0.000000,0.352209,PAUSE
10430,0.000000,0.000000,0.516389,ALLOW
10431,0.000000,0.000000,0.659485,ALLOW
10432,0.000000,1.000000,0.289028,PAUSE
10433,0.000000,0.000000,0.205242,PAUSE
10434,1.000000,1.000000,0.091644,PAUSE
10435,0.000000,0.000000,0.086681,PAUSE
10436,1.000000,1.000000,0.041400,PAUSE
10437,1.000000,1.000000,0.018579,PAUSE
10438,1.000000,1.000000,0.008412,PAUSE
10439,0.000000,1.000000,0.004001,PAUSE
10440,0.000000,0.000000,0.011445,PAUSE
10441,1.000000,1.000000,0.007115,PAUSE
10442,0.000000,0.000000,0.025432,PAUSE
10443,1.000000,1.000000,0.014348,PAUSE
10444,1.000000,1.000000,0.007256,PAUSE
10445,0.000000,0.000000,0.019488,PAUSE
10446,1.000000,1.000000,0.011264,PAUSE
10447,1.000000,1.000000,0.005862,PAUSE
10448,1.000000,1.000000,0.003117,PAUSE
10449,0.000000,0.000000,0.012313,PAUSE
10450,0.000000,0.000000,0.059583,PAUSE
10451,1.000000,1.000000,0.030929,PAUSE
10452,0.000000,1.000000,0.014456,PAUSE
10453,1.000000,1.000000,0.006782,PAUSE
10454,0.000000,0.000000,0.015628,PAUSE
10455,1.000000,1.000000,0.009237,PAUSE
10456,0.000000,0.000000,0.028600,PAUSE
10457,0.000000,1.000000,0.015867,PAUSE
10458,0.000000,0.000000,0.037893,PAUSE
10459,0.000000,1.000000,0.020259,PAUSE
10460,0.000000,0.000000,0.042452,PAUSE
10461,0.000000,0.000000,0.124827,PAUSE
10462,1.000000,1.000000,0.060598,PAUSE
10463,1.000000,1.000000,0.026901,PAUSE
10464,0.000000,0.000000,0.034009,PAUSE
10465,0.000000,0.000000,0.098932,PAUSE
10466,0.000000,0.000000,0.225746,PAUSE
10467,0.000000,0.000000,0.387609,PAUSE
10468,0.000000,1.000000,0.174646,PAUSE
10469,1.000000,1.000000,0.073693,PAUSE
10470,0.000000,1.000000,0.030918,PAUSE
10471,0.000000,1.000000,0.013168,PAUSE
10472,0.000000,1.000000,0.005830,PAUSE
10473,0.000000,0.000000,0.011485,PAUSE
10474,0.000000,1.000000,0.007022,PAUSE
10475,0.000000,1.000000,0.003904,PAUSE
10476,1.000000,1.000000,0.002241,PAUSE
10477,0.000000,0.000000,0.011142,PAUSE
10478,0.000000,1.000000,0.007055,PAUSE
10479,0.000000,1.000000,0.003963,PAUSE
10480,0.000000,1.000000,0.002281,PAUSE
10481,0.000000,0.000000,0.011309,PAUSE
10482,0.000000,1.000000,0.007145,PAUSE
10483,0.000000,0.000000,0.025892,PAUSE
10484,0.000000,0.000000,0.095212,PAUSE
10485,1.000000,1.000000,0.047323,PAUSE
10486,0.000000,0.000000,0.067976,PAUSE
10487,0.000000,0.000000,0.160735,PAUSE
10488,0.000000,0.000000,0.307871,PAUSE
10489,0.000000,0.000000,0.472484,PAUSE
10490,1.000000,1.000000,0.210587,PAUSE
10491,0.000000,0.000000,0.165866,PAUSE
10492,0.000000,0.000000,0.247636,PAUSE
10493,1.000000,1.000000,0.113622,PAUSE
10494,0.000000,0.000000,0.109911,PAUSE
10495,1.000000,1.000000,0.051798,PAUSE
10496,0.000000,0.000000,0.065145,PAUSE
10497,1.000000,1.000000,0.032323,PAUSE
10498,0.000000,1.000000,0.014864,PAUSE
10499,1.000000,1.000000,0.006901,PAUSE
10500,1.000000,1.000000,0.003386,PAUSE
10501,0.000000,0.000000,0.011109,PAUSE
10502,1.000000,1.000000,0.006966,PAUSE
10503,0.000000,0.000000,0.025298,PAUSE
10504,0.000000,0.000000,0.093814,PAUSE
10505,0.000000,0.000000,0.221552,PAUSE
10506,1.000000,1.000000,0.103320,PAUSE
10507,0.000000,1.000000,0.044555,PAUSE
10508,0.000000,0.000000,0.043914,PAUSE
10509,0.000000,0.000000,0.109013,PAUSE
10510,0.000000,1.000000,0.053267,PAUSE
10511,1.000000,1.000000,0.023816,PAUSE
10512,0.000000,0.000000,0.031961,PAUSE
10513,0.000000,0.000000,0.096308,PAUSE
10514,0.000000,0.000000,0.222324,PAUSE
10515,0.000000,1.000000,0.103618,PAUSE
10516,0.000000,1.000000,0.044673,PAUSE
10517,0.000000,0.000000,0.043955,PAUSE
10518,1.000000,1.000000,0.022134,PAUSE
10519,0.000000,0.000000,0.040930,PAUSE
10520,0.000000,0.000000,0.119880,PAUSE
10521,0.000000,0.000000,0.257000,PAUSE
10522,1.000000,1.000000,0.118668,PAUSE
10523,1.000000,1.000000,0.050845,PAUSE
10524,1.000000,1.000000,0.021674,PAUSE
10525,0.000000,0.000000,0.024037,PAUSE
10526,0.000000,1.000000,0.012929,PAUSE
10527,0.000000,0.000000,0.031685,PAUSE
10528,1.000000,1.000000,0.017271,PAUSE
10529,0.000000,1.000000,0.008515,PAUSE
10530,0.000000,1.000000,0.004261,PAUSE
10531,0.000000,1.000000,0.002290,PAUSE
10532,1.000000,1.000000,0.001382,PAUSE
10533,1.000000,1.000000,0.000960,PAUSE
10534,1.000000,1.000000,0.000759,PAUSE
10535,0.000000,0.000000,0.007478,PAUSE
10536,1.000000,1.000000,0.005089,PAUSE
10537,1.000000,1.000000,0.003039,PAUSE
10538,0.000000,0.000000,0.014162,PAUSE
10539,1.000000,1.000000,0.008655,PAUSE
10540,0.000000,0.000000,0.028388,PAUSE
10541,0.000000,1.000000,0.015785,PAUSE
10542,1.000000,1.000000,0.007885,PAUSE
10543,1.000000,1.000000,0.003998,PAUSE
10544,0.000000,0.000000,0.013265,PAUSE
10545,0.000000,0.000000,0.061723,PAUSE
10546,0.000000,0.000000,0.169936,PAUSE
10547,1.000000,1.000000,0.080728,PAUSE
10548,1.000000,1.000000,0.035255,PAUSE
10549,0.000000,1.000000,0.015336,PAUSE
10550,1.000000,1.000000,0.006864,PAUSE
10551,0.000000,1.000000,0.003278,PAUSE
10552,1.000000,1.000000,0.001752,PAUSE
10553,0.000000,0.000000,0.008603,PAUSE
10554,1.000000,1.000000,0.005665,PAUSE
10555,0.000000,0.000000,0.023134,PAUSE
10556,0.000000,0.000000,0.089228,PAUSE
10557,0.000000,0.000000,0.214764,PAUSE
10558,0.000000,0.000000,0.376360,PAUSE
10559,1.000000,1.000000,0.169874,PAUSE
10560,0.000000,0.000000,0.144332,PAUSE
10561,0.000000,0.000000,0.231937,PAUSE
10562,0.000000,0.000000,0.378465,PAUSE
10563,0.000000,1.000000,0.170525,PAUSE
10564,0.000000,1.000000,0.071990,PAUSE
10565,0.000000,1.000000,0.030225,PAUSE
10566,0.000000,1.000000,0.012887,PAUSE
10567,0.000000,0.000000,0.016428,PAUSE
10568,1.000000,1.000000,0.009323,PAUSE
10569,0.000000,0.000000,0.027444,PAUSE
10570,0.000000,0.000000,0.097330,PAUSE
10571,1.000000,1.000000,0.048268,PAUSE
10572,0.000000,0.000000,0.068664,PAUSE
10573,1.000000,1.000000,0.034139,PAUSE
10574,1.000000,1.000000,0.015665,PAUSE
10575,1.000000,1.000000,0.007244,PAUSE
10576,0.000000,0.000000,0.015643,PAUSE
10577,1.000000,1.000000,0.009219,PAUSE
10578,1.000000,1.000000,0.004922,PAUSE
10579,0.000000,1.000000,0.002698,PAUSE
10580,0.000000,1.000000,0.001612,PAUSE
10581,0.000000,0.000000,0.009497,PAUSE
10582,0.000000,1.000000,0.006179,PAUSE
10583,1.000000,1.000000,0.003554,PAUSE
10584,0.000000,1.000000,0.002096,PAUSE
10585,0.000000,0.000000,0.011040,PAUSE
10586,0.000000,0.000000,0.056469,PAUSE
10587,1.000000,1.000000,0.029478,PAUSE
10588,0.000000,1.000000,0.013839,PAUSE
10589,1.000000,1.000000,0.006525,PAUSE
10590,0.000000,0.000000,0.015444,PAUSE
10591,1.000000,1.000000,0.009152,PAUSE
10592,0.000000,0.000000,0.028509,PAUSE
10593,0.000000,1.000000,0.015825,PAUSE
10594,0.000000,1.000000,0.007899,PAUSE
10595,0.000000,1.000000,0.004003,PAUSE
10596,0.000000,0.000000,0.013262,PAUSE
10597,1.000000,1.000000,0.008113,PAUSE
10598,0.000000,1.000000,0.004440,PAUSE
10599,0.000000,0.000000,0.016155,PAUSE
10600,1.000000,1.000000,0.009646,PAUSE
10601,0.000000,1.000000,0.005147,PAUSE
10602,0.000000,0.000000,0.017103,PAUSE
10603,0.000000,1.000000,0.010113,PAUSE
10604,0.000000,1.000000,0.005355,PAUSE
10605,0.000000,1.000000,0.002898,PAUSE
10606,0.000000,0.000000,0.012086,PAUSE
10607,1.000000,1.000000,0.007535,PAUSE
10608,0.000000,0.000000,0.026464,PAUSE
10609,0.000000,0.000000,0.096358,PAUSE
10610,1.000000,1.000000,0.047841,PAUSE
10611,0.000000,1.000000,0.021588,PAUSE
10612,1.000000,1.000000,0.009737,PAUSE
10613,0.000000,0.000000,0.017587,PAUSE
10614,1.000000,1.000000,0.010127,PAUSE
10615,1.000000,1.000000,0.005317,PAUSE
10616,1.000000,1.000000,0.002868,PAUSE
10617,0.000000,1.000000,0.001685,PAUSE
10618,1.000000,1.000000,0.001117,PAUSE
10619,0.000000,1.000000,0.000842,PAUSE
10620,0.000000,1.000000,0.000705,PAUSE
10621,0.000000,0.000000,0.007377,PAUSE
10622,0.000000,1.000000,0.005035,PAUSE
10623,1.000000,1.000000,0.003013,PAUSE
10624,1.000000,1.000000,0.001848,PAUSE
10625,1.000000,1.000000,0.001233,PAUSE
10626,1.000000,1.000000,0.000914,PAUSE
10627,0.000000,1.000000,0.000749,PAUSE
10628,0.000000,0.000000,0.007561,PAUSE
10629,0.000000,1.000000,0.005138,PAUSE
10630,0.000000,0.000000,0.022298,PAUSE
10631,0.000000,1.000000,0.012829,PAUSE
10632,1.000000,1.000000,0.006589,PAUSE
10633,0.000000,1.000000,0.003442,PAUSE
10634,0.000000,1.000000,0.001942,PAUSE
10635,0.000000,1.000000,0.001234,PAUSE
10636,0.000000,1.000000,0.000896,PAUSE
10637,0.000000,0.000000,0.007837,PAUSE
10638,0.000000,0.000000,0.046340,PAUSE
10639,1.000000,1.000000,0.024698,PAUSE
10640,0.000000,0.000000,0.048346,PAUSE
10641,1.000000,1.000000,0.025085,PAUSE
10642,0.000000,0.000000,0.046925,PAUSE
10643,0.000000,1.000000,0.024374,PAUSE
10644,0.000000,1.000000,0.011559,PAUSE
10645,1.000000,1.000000,0.005542,PAUSE
10646,0.000000,1.000000,0.002828,PAUSE
10647,0.000000,0.000000,0.010745,PAUSE
10648,1.000000,1.000000,0.006799,PAUSE
10649,0.000000,0.000000,0.025114,PAUSE
10650,0.000000,0.000000,0.093480,PAUSE
10651,0.000000,0.000000,0.221074,PAUSE
10652,0.000000,0.000000,0.383347,PAUSE
10653,0.000000,0.000000,0.545154,ALLOW
10654,1.000000,1.000000,0.241194,PAUSE
10655,1.000000,1.000000,0.100713,PAUSE
10656,0.000000,0.000000,0.071004,PAUSE
10657,0.000000,1.000000,0.033423,PAUSE
10658,1.000000,1.000000,0.015063,PAUSE
10659,0.000000,1.000000,0.006908,PAUSE
10660,1.000000,1.000000,0.003360,PAUSE
10661,0.000000,0.000000,0.010822,PAUSE
10662,0.000000,1.000000,0.006809,PAUSE
10663,1.000000,1.000000,0.003833,PAUSE
10664,1.000000,1.000000,0.002218,PAUSE
10665,0.000000,0.000000,0.011179,PAUSE
10666,0.000000,0.000000,0.056803,PAUSE
10667,0.000000,0.000000,0.161561,PAUSE
10668,0.000000,0.000000,0.313952,PAUSE
10669,0.000000,1.000000,0.143218,PAUSE
10670,0.000000,1.000000,0.060887,PAUSE
10671,0.000000,1.000000,0.025742,PAUSE
10672,1.000000,1.000000,0.011080,PAUSE
10673,1.000000,1.000000,0.004987,PAUSE
10674,1.000000,1.000000,0.002447,PAUSE
10675,0.000000,0.000000,0.009002,PAUSE
10676,1.000000,1.000000,0.005844,PAUSE
10677,0.000000,0.000000,0.023320,PAUSE
10678,0.000000,1.000000,0.013323,PAUSE
10679,0.000000,0.000000,0.034988,PAUSE
10680,1.000000,1.000000,0.018912,PAUSE
10681,0.000000,0.000000,0.041159,PAUSE
10682,0.000000,0.000000,0.122882,PAUSE
10683,0.000000,1.000000,0.059735,PAUSE
10684,0.000000,1.000000,0.026543,PAUSE
10685,0.000000,0.000000,0.033799,PAUSE
10686,1.000000,1.000000,0.017760,PAUSE
10687,0.000000,0.000000,0.037846,PAUSE
10688,1.000000,1.000000,0.020162,PAUSE
10689,0.000000,0.000000,0.042096,PAUSE
10690,1.000000,1.000000,0.022178,PAUSE
10691,1.000000,1.000000,0.010629,PAUSE
10692,1.000000,1.000000,0.005154,PAUSE
10693,0.000000,0.000000,0.014208,PAUSE
10694,0.000000,0.000000,0.063483,PAUSE
10695,0.000000,0.000000,0.172766,PAUSE
10696,0.000000,0.000000,0.327517,PAUSE
10697,0.000000,0.000000,0.492955,PAUSE
10698,1.000000,1.000000,0.219240,PAUSE
10699,1.000000,1.000000,0.091812,PAUSE
10700,0.000000,0.000000,0.066922,PAUSE
10701,0.000000,0.000000,0.126595,PAUSE
10702,0.000000,1.000000,0.060822,PAUSE
10703,0.000000,0.000000,0.076330,PAUSE
10704,0.000000,1.000000,0.037418,PAUSE
10705,0.000000,0.000000,0.056087,PAUSE
10706,0.000000,0.000000,0.142576,PAUSE
10707,0.000000,0.000000,0.285630,PAUSE
10708,1.000000,1.000000,0.130995,PAUSE
10709,0.000000,1.000000,0.055887,PAUSE
10710,0.000000,1.000000,0.023716,PAUSE
10711,1.000000,1.000000,0.010260,PAUSE
10712,1.000000,1.000000,0.004656,PAUSE
10713,1.000000,1.000000,0.002312,PAUSE
10714,0.000000,0.000000,0.008928,PAUSE
10715,0.000000,0.000000,0.048573,PAUSE
10716,1.000000,1.000000,0.025743,PAUSE
10717,1.000000,1.000000,0.012241,PAUSE
10718,1.000000,1.000000,0.005855,PAUSE
10719,0.000000,0.000000,0.014936,PAUSE
10720,1.000000,1.000000,0.008915,PAUSE
10721,1.000000,1.000000,0.004795,PAUSE
10722,0.000000,1.000000,0.002646,PAUSE
10723,0.000000,0.000000,0.011736,PAUSE
10724,0.000000,1.000000,0.007358,PAUSE
10725,0.000000,0.000000,0.026200,PAUSE
10726,1.000000,1.000000,0.014729,PAUSE
10727,0.000000,0.000000,0.036670,PAUSE
10728,0.000000,0.000000,0.115641,PAUSE
10729,1.000000,1.000000,0.056511,PAUSE
10730,1.000000,1.000000,0.025204,PAUSE
10731,0.000000,1.000000,0.011223,PAUSE
10732,0.000000,0.000000,0.018474,PAUSE
10733,1.000000,1.000000,0.010521,PAUSE
10734,0.000000,0.000000,0.029837,PAUSE
10735,0.000000,0.000000,0.102403,PAUSE
10736,1.000000,1.000000,0.050561,PAUSE
10737,0.000000,0.000000,0.070415,PAUSE
10738,0.000000,0.000000,0.163571,PAUSE
10739,1.000000,1.000000,0.077657,PAUSE
10740,1.000000,1.000000,0.033952,PAUSE
10741,0.000000,0.000000,0.038000,PAUSE
10742,0.000000,0.000000,0.103082,PAUSE
10743,0.000000,1.000000,0.050667,PAUSE
10744,0.000000,0.000000,0.069937,PAUSE
10745,0.000000,0.000000,0.162534,PAUSE
10746,1.000000,1.000000,0.077196,PAUSE
10747,0.000000,1.000000,0.033761,PAUSE
10748,0.000000,0.000000,0.037891,PAUSE
10749,1.000000,1.000000,0.019528,PAUSE
10750,0.000000,1.000000,0.009370,PAUSE
10751,1.000000,1.000000,0.004588,PAUSE
10752,1.000000,1.000000,0.002414,PAUSE
10753,1.000000,1.000000,0.001429,PAUSE
10754,1.000000,1.000000,0.000977,PAUSE
10755,1.000000,1.000000,0.000765,PAUSE
10756,0.000000,0.000000,0.007470,PAUSE
10757,0.000000,0.000000,0.045096,PAUSE
10758,0.000000,0.000000,0.139903,PAUSE
10759,0.000000,1.000000,0.067440,PAUSE
10760,0.000000,1.000000,0.029758,PAUSE
10761,0.000000,0.000000,0.035773,PAUSE
10762,0.000000,1.000000,0.018625,PAUSE
10763,0.000000,0.000000,0.038518,PAUSE
10764,1.000000,1.000000,0.020463,PAUSE
10765,0.000000,0.000000,0.042345,PAUSE
10766,0.000000,1.000000,0.022290,PAUSE
10767,1.000000,1.000000,0.010676,PAUSE
10768,1.000000,1.000000,0.005173,PAUSE
10769,0.000000,0.000000,0.014222,PAUSE
10770,0.000000,0.000000,0.063505,PAUSE
10771,0.000000,1.000000,0.032741,PAUSE
10772,1.000000,1.000000,0.015223,PAUSE
10773,0.000000,0.000000,0.026408,PAUSE
10774,0.000000,0.000000,0.089269,PAUSE
10775,0.000000,1.000000,0.044538,PAUSE
10776,1.000000,1.000000,0.020192,PAUSE
10777,1.000000,1.000000,0.009158,PAUSE
10778,0.000000,0.000000,0.017204,PAUSE
10779,0.000000,0.000000,0.068575,PAUSE
10780,1.000000,1.000000,0.035060,PAUSE
10781,0.000000,0.000000,0.057753,PAUSE
10782,0.000000,1.000000,0.029308,PAUSE
10783,0.000000,1.000000,0.013647,PAUSE
10784,0.000000,1.000000,0.006411,PAUSE
10785,0.000000,0.000000,0.015112,PAUSE
10786,0.000000,0.000000,0.064983,PAUSE
10787,0.000000,0.000000,0.175100,PAUSE
10788,1.000000,1.000000,0.082996,PAUSE
10789,0.000000,0.000000,0.093281,PAUSE
10790,1.000000,1.000000,0.044822,PAUSE
10791,0.000000,1.000000,0.020085,PAUSE
10792,0.000000,1.000000,0.009054,PAUSE
10793,0.000000,0.000000,0.016697,PAUSE
10794,0.000000,0.000000,0.067091,PAUSE
10795,0.000000,0.000000,0.178169,PAUSE
10796,1.000000,1.000000,0.084340,PAUSE
10797,1.000000,1.000000,0.036743,PAUSE
10798,0.000000,0.000000,0.039710,PAUSE
10799,0.000000,0.000000,0.105042,PAUSE
10800,1.000000,1.000000,0.051533,PAUSE
10801,0.000000,0.000000,0.070541,PAUSE
10802,1.000000,1.000000,0.034937,PAUSE
10803,0.000000,0.000000,0.054497,PAUSE
10804,0.000000,0.000000,0.140889,PAUSE
10805,0.000000,0.000000,0.283753,PAUSE
10806,1.000000,1.000000,0.130191,PAUSE
10807,0.000000,1.000000,0.055558,PAUSE
10808,0.000000,1.000000,0.023583,PAUSE
10809,0.000000,1.000000,0.010207,PAUSE
10810,1.000000,1.000000,0.004634,PAUSE
10811,0.000000,1.000000,0.002304,PAUSE
10812,0.000000,1.000000,0.001320,PAUSE
10813,0.000000,1.000000,0.000898,PAUSE
10814,1.000000,1.000000,0.000714,PAUSE
10815,0.000000,0.000000,0.007219,PAUSE
10816,0.000000,0.000000,0.044178,PAUSE
10817,0.000000,0.000000,0.138110,PAUSE
10818,0.000000,0.000000,0.284184,PAUSE
10819,1.000000,1.000000,0.130431,PAUSE
10820,1.000000,1.000000,0.055663,PAUSE
10821,0.000000,1.000000,0.023627,PAUSE
10822,0.000000,1.000000,0.010225,PAUSE
10823,0.000000,0.000000,0.015171,PAUSE
10824,0.000000,0.000000,0.060770,PAUSE
10825,0.000000,0.000000,0.166889,PAUSE
10826,0.000000,0.000000,0.320092,PAUSE
10827,0.000000,1.000000,0.145844,PAUSE
10828,0.000000,1.000000,0.061958,PAUSE
10829,1.000000,1.000000,0.026175,PAUSE
10830,0.000000,0.000000,0.026225,PAUSE
10831,0.000000,1.000000,0.013854,PAUSE
10832,1.000000,1.000000,0.006874,PAUSE
10833,0.000000,1.000000,0.003513,PAUSE
10834,0.000000,1.000000,0.001953,PAUSE
10835,0.000000,1.000000,0.001229,PAUSE
10836,1.000000,1.000000,0.000889,PAUSE
10837,0.000000,1.000000,0.000725,PAUSE
10838,0.000000,1.000000,0.000644,PAUSE
10839,1.000000,1.000000,0.000603,PAUSE
10840,0.000000,1.000000,0.000581,PAUSE
10841,0.000000,1.000000,0.000569,PAUSE
10842,1.000000,1.000000,0.000562,PAUSE
10843,0.000000,0.000000,0.006924,PAUSE
10844,0.000000,0.000000,0.043215,PAUSE
10845,0.000000,1.000000,0.023208,PAUSE
10846,0.000000,1.000000,0.011154,PAUSE
10847,1.000000,1.000000,0.005398,PAUSE
10848,1.000000,1.000000,0.002778,PAUSE
10849,0.000000,1.000000,0.001593,PAUSE
10850,1.000000,1.000000,0.001052,PAUSE
10851,0.000000,0.000000,0.008046,PAUSE
10852,0.000000,0.000000,0.046929,PAUSE
10853,1.000000,1.000000,0.024977,PAUSE
10854,1.000000,1.000000,0.011914,PAUSE
10855,0.000000,0.000000,0.023894,PAUSE
10856,0.000000,0.000000,0.085461,PAUSE
10857,0.000000,0.000000,0.207732,PAUSE
10858,0.000000,0.000000,0.368136,PAUSE
10859,0.000000,0.000000,0.531145,ALLOW
10860,1.000000,1.000000,0.235309,PAUSE
10861,0.000000,0.000000,0.178574,PAUSE
10862,0.000000,0.000000,0.256451,PAUSE
10863,1.000000,1.000000,0.117327,PAUSE
10864,0.000000,1.000000,0.050164,PAUSE
10865,0.000000,1.000000,0.021366,PAUSE
10866,0.000000,0.000000,0.023673,PAUSE
10867,1.000000,1.000000,0.012752,PAUSE
10868,1.000000,1.000000,0.006413,PAUSE
10869,0.000000,0.000000,0.017775,PAUSE
10870,0.000000,0.000000,0.073261,PAUSE
10871,1.000000,1.000000,0.037261,PAUSE
10872,0.000000,0.000000,0.059746,PAUSE
10873,0.000000,1.000000,0.030199,PAUSE
10874,1.000000,1.000000,0.014020,PAUSE
10875,1.000000,1.000000,0.006566,PAUSE
10876,0.000000,1.000000,0.003253,PAUSE
10877,0.000000,0.000000,0.011063,PAUSE
10878,1.000000,1.000000,0.006949,PAUSE
10879,0.000000,0.000000,0.025297,PAUSE
10880,0.000000,1.000000,0.014286,PAUSE
10881,1.000000,1.000000,0.007229,PAUSE
10882,0.000000,1.000000,0.003717,PAUSE
10883,1.000000,1.000000,0.002060,PAUSE
10884,0.000000,1.000000,0.001285,PAUSE
10885,0.000000,1.000000,0.000918,PAUSE
10886,1.000000,1.000000,0.000741,PAUSE
10887,1.000000,1.000000,0.000652,PAUSE
10888,0.000000,1.000000,0.000607,PAUSE
10889,1.000000,1.000000,0.000583,PAUSE
10890,1.000000,1.000000,0.000570,PAUSE
10891,1.000000,1.000000,0.000563,PAUSE
10892,0.000000,1.000000,0.000559,PAUSE
10893,1.000000,1.000000,0.000557,PAUSE
10894,1.000000,1.000000,0.000555,PAUSE
10895,0.000000,1.000000,0.000554,PAUSE
10896,0.000000,0.000000,0.006892,PAUSE
10897,0.000000,0.000000,0.043097,PAUSE
10898,1.000000,1.000000,0.023152,PAUSE
10899,1.000000,1.000000,0.011129,PAUSE
10900,0.000000,0.000000,0.023251,PAUSE
10901,0.000000,0.000000,0.084419,PAUSE
10902,1.000000,1.000000,0.042354,PAUSE
10903,0.000000,1.000000,0.019279,PAUSE
10904,0.000000,1.000000,0.008782,PAUSE
10905,0.000000,0.000000,0.016972,PAUSE
10906,0.000000,1.000000,0.009849,PAUSE
10907,1.000000,1.000000,0.005198,PAUSE
10908,0.000000,1.000000,0.002818,PAUSE
10909,1.000000,1.000000,0.001663,PAUSE
10910,0.000000,0.000000,0.009555,PAUSE
10911,1.000000,1.000000,0.006208,PAUSE
10912,0.000000,1.000000,0.003567,PAUSE
10913,0.000000,1.000000,0.002102,PAUSE
10914,0.000000,0.000000,0.011047,PAUSE
10915,0.000000,1.000000,0.007011,PAUSE
10916,0.000000,1.000000,0.003944,PAUSE
10917,0.000000,0.000000,0.015548,PAUSE
10918,1.000000,1.000000,0.009349,PAUSE
10919,0.000000,0.000000,0.029359,PAUSE
10920,0.000000,0.000000,0.102192,PAUSE
10921,0.000000,0.000000,0.233674,PAUSE
10922,0.000000,0.000000,0.397083,PAUSE
10923,1.000000,1.000000,0.178684,PAUSE
10924,1.000000,1.000000,0.075337,PAUSE
10925,0.000000,1.000000,0.031582,PAUSE
10926,0.000000,1.000000,0.013436,PAUSE
10927,0.000000,1.000000,0.005938,PAUSE
10928,0.000000,1.000000,0.002831,PAUSE
10929,0.000000,0.000000,0.009200,PAUSE
10930,1.000000,1.000000,0.005931,PAUSE
10931,0.000000,0.000000,0.023396,PAUSE
10932,0.000000,0.000000,0.089690,PAUSE
10933,0.000000,0.000000,0.215429,PAUSE
10934,1.000000,1.000000,0.100656,PAUSE
10935,0.000000,0.000000,0.104501,PAUSE
10936,0.000000,0.000000,0.198814,PAUSE
10937,1.000000,1.000000,0.092890,PAUSE
10938,0.000000,0.000000,0.098366,PAUSE
10939,1.000000,1.000000,0.046940,PAUSE
10940,0.000000,1.000000,0.020947,PAUSE
10941,0.000000,1.000000,0.009403,PAUSE
10942,0.000000,0.000000,0.016868,PAUSE
10943,0.000000,0.000000,0.067246,PAUSE
10944,0.000000,0.000000,0.178363,PAUSE
10945,1.000000,1.000000,0.084424,PAUSE
10946,0.000000,0.000000,0.094192,PAUSE
10947,0.000000,1.000000,0.045212,PAUSE
10948,0.000000,1.000000,0.020246,PAUSE
10949,1.000000,1.000000,0.009120,PAUSE
10950,1.000000,1.000000,0.004299,PAUSE
10951,1.000000,1.000000,0.002217,PAUSE
10952,0.000000,1.000000,0.001310,PAUSE
10953,0.000000,0.000000,0.008235,PAUSE
10954,0.000000,0.000000,0.047301,PAUSE
10955,1.000000,1.000000,0.025150,PAUSE
10956,1.000000,1.000000,0.011988,PAUSE
10957,0.000000,0.000000,0.023951,PAUSE
10958,0.000000,0.000000,0.085550,PAUSE
10959,0.000000,0.000000,0.207859,PAUSE
10960,0.000000,1.000000,0.097339,PAUSE
10961,0.000000,1.000000,0.042096,PAUSE
10962,0.000000,0.000000,0.042605,PAUSE
10963,0.000000,0.000000,0.107803,PAUSE
10964,0.000000,0.000000,0.236318,PAUSE
10965,0.000000,0.000000,0.398518,PAUSE
10966,1.000000,1.000000,0.179273,PAUSE
10967,0.000000,0.000000,0.149355,PAUSE
10968,1.000000,1.000000,0.068501,PAUSE
10969,1.000000,1.000000,0.029765,PAUSE
10970,0.000000,0.000000,0.033562,PAUSE
10971,0.000000,0.000000,0.095196,PAUSE
10972,0.000000,0.000000,0.219555,PAUSE
10973,0.000000,0.000000,0.380610,PAUSE
10974,1.000000,1.000000,0.171667,PAUSE
10975,0.000000,1.000000,0.072481,PAUSE
10976,0.000000,1.000000,0.030428,PAUSE
10977,0.000000,1.000000,0.012971,PAUSE
10978,1.000000,1.000000,0.005751,PAUSE
10979,0.000000,0.000000,0.011447,PAUSE
10980,0.000000,0.000000,0.053333,PAUSE
10981,0.000000,1.000000,0.027958,PAUSE
10982,0.000000,1.000000,0.013184,PAUSE
10983,0.000000,1.000000,0.006248,PAUSE
10984,1.000000,1.000000,0.003133,PAUSE
10985,1.000000,1.000000,0.001742,PAUSE
10986,1.000000,1.000000,0.001116,PAUSE
10987,0.000000,1.000000,0.000828,PAUSE
10988,1.000000,1.000000,0.000692,PAUSE
10989,0.000000,0.000000,0.007286,PAUSE
10990,0.000000,0.000000,0.044473,PAUSE
10991,0.000000,0.000000,0.138697,PAUSE
10992,0.000000,0.000000,0.284953,PAUSE
10993,0.000000,0.000000,0.451037,PAUSE
10994,0.000000,0.000000,0.604918,ALLOW
10995,0.000000,0.000000,0.729484,ALLOW
10996,0.000000,0.000000,0.821523,ALLOW
10997,0.000000,0.000000,0.885401,ALLOW
10998,0.000000,1.000000,0.382723,PAUSE
10999,0.000000,1.000000,0.157896,PAUSE
11000,0.000000,0.000000,0.096300,PAUSE
11001,1.000000,1.000000,0.043775,PAUSE
11002,1.000000,1.000000,0.019251,PAUSE
11003,0.000000,1.000000,0.008597,PAUSE
11004,0.000000,1.000000,0.004042,PAUSE
11005,0.000000,0.000000,0.011151,PAUSE
11006,0.000000,0.000000,0.054446,PAUSE
11007,0.000000,0.000000,0.156850,PAUSE
11008,0.000000,0.000000,0.307985,PAUSE
11009,1.000000,1.000000,0.140658,PAUSE
11010,1.000000,1.000000,0.059841,PAUSE
11011,0.000000,1.000000,0.025319,PAUSE
11012,0.000000,1.000000,0.010909,PAUSE
11013,0.000000,0.000000,0.015504,PAUSE
11014,1.000000,1.000000,0.008934,PAUSE
11015,0.000000,0.000000,0.027187,PAUSE
11016,0.000000,0.000000,0.097006,PAUSE
11017,0.000000,0.000000,0.226025,PAUSE
11018,0.000000,0.000000,0.388725,PAUSE
11019,0.000000,1.000000,0.175132,PAUSE
11020,1.000000,1.000000,0.073892,PAUSE
11021,1.000000,1.000000,0.030999,PAUSE
11022,1.000000,1.000000,0.013201,PAUSE
11023,1.000000,1.000000,0.005843,PAUSE
11024,0.000000,1.000000,0.002793,PAUSE
11025,0.000000,1.000000,0.001519,PAUSE
11026,0.000000,1.000000,0.000979,PAUSE
11027,0.000000,1.000000,0.000747,PAUSE
11028,1.000000,1.000000,0.000645,PAUSE
11029,0.000000,0.000000,0.007090,PAUSE
11030,1.000000,1.000000,0.004873,PAUSE
11031,0.000000,1.000000,0.002935,PAUSE
11032,0.000000,1.000000,0.001812,PAUSE
11033,0.000000,1.000000,0.001216,PAUSE
11034,0.000000,1.000000,0.000906,PAUSE
11035,0.000000,1.000000,0.000745,PAUSE
11036,0.000000,1.000000,0.000659,PAUSE
11037,1.000000,1.000000,0.000613,PAUSE
11038,1.000000,1.000000,0.000587,PAUSE
11039,0.000000,0.000000,0.007023,PAUSE
11040,0.000000,0.000000,0.043578,PAUSE
11041,0.000000,0.000000,0.136955,PAUSE
11042,0.000000,0.000000,0.282676,PAUSE
11043,0.000000,0.000000,0.448731,PAUSE
11044,0.000000,0.000000,0.602941,ALLOW
11045,0.000000,0.000000,0.727965,ALLOW
11046,0.000000,0.000000,0.820441,ALLOW
11047,0.000000,0.000000,0.884669,ALLOW
11048,0.000000,1.000000,0.382421,PAUSE
11049,0.000000,1.000000,0.157774,PAUSE
11050,0.000000,0.000000,0.096247,PAUSE
11051,1.000000,1.000000,0.043754,PAUSE
11052,0.000000,0.000000,0.052464,PAUSE
11053,1.000000,1.000000,0.026412,PAUSE
11054,0.000000,0.000000,0.046209,PAUSE
11055,0.000000,1.000000,0.023973,PAUSE
11056,0.000000,1.000000,0.011376,PAUSE
11057,0.000000,0.000000,0.022854,PAUSE
11058,1.000000,1.000000,0.012822,PAUSE
11059,1.000000,1.000000,0.006535,PAUSE
11060,0.000000,0.000000,0.018463,PAUSE
11061,0.000000,0.000000,0.075191,PAUSE
11062,0.000000,0.000000,0.192265,PAUSE
11063,0.000000,1.000000,0.090533,PAUSE
11064,1.000000,1.000000,0.039296,PAUSE
11065,1.000000,1.000000,0.016983,PAUSE
11066,0.000000,1.000000,0.007533,PAUSE
11067,0.000000,1.000000,0.003550,PAUSE
11068,1.000000,1.000000,0.001863,PAUSE
11069,0.000000,1.000000,0.001140,PAUSE
11070,0.000000,0.000000,0.007852,PAUSE
11071,1.000000,1.000000,0.005278,PAUSE
11072,0.000000,0.000000,0.022487,PAUSE
11073,0.000000,1.000000,0.012920,PAUSE
11074,0.000000,1.000000,0.006629,PAUSE
11075,0.000000,0.000000,0.018872,PAUSE
11076,1.000000,1.000000,0.010972,PAUSE
11077,0.000000,0.000000,0.031423,PAUSE
11078,0.000000,0.000000,0.105982,PAUSE
11079,0.000000,0.000000,0.238958,PAUSE
11080,0.000000,0.000000,0.402742,PAUSE
11081,1.000000,1.000000,0.181086,PAUSE
11082,0.000000,0.000000,0.150370,PAUSE
11083,1.000000,1.000000,0.068927,PAUSE
11084,0.000000,0.000000,0.075138,PAUSE
11085,0.000000,0.000000,0.161169,PAUSE
11086,0.000000,0.000000,0.305374,PAUSE
11087,1.000000,1.000000,0.139428,PAUSE
11088,0.000000,1.000000,0.059326,PAUSE
11089,1.000000,1.000000,0.025107,PAUSE
11090,1.000000,1.000000,0.010822,PAUSE
11091,0.000000,1.000000,0.004883,PAUSE
11092,1.000000,1.000000,0.002404,PAUSE
11093,0.000000,1.000000,0.001361,PAUSE
11094,0.000000,0.000000,0.007990,PAUSE
11095,1.000000,1.000000,0.005341,PAUSE
11096,0.000000,1.000000,0.003153,PAUSE
11097,1.000000,1.000000,0.001911,PAUSE
11098,0.000000,1.000000,0.001261,PAUSE
11099,0.000000,0.000000,0.008994,PAUSE
11100,1.000000,1.000000,0.005919,PAUSE
11101,1.000000,1.000000,0.003434,PAUSE
11102,1.000000,1.000000,0.002042,PAUSE
11103,1.000000,1.000000,0.001322,PAUSE
11104,0.000000,1.000000,0.000956,PAUSE
11105,0.000000,1.000000,0.000768,PAUSE
11106,0.000000,0.000000,0.007606,PAUSE
11107,0.000000,1.000000,0.005162,PAUSE
11108,1.000000,1.000000,0.003075,PAUSE
11109,0.000000,1.000000,0.001877,PAUSE
11110,0.000000,0.000000,0.010700,PAUSE
11111,1.000000,1.000000,0.006833,PAUSE
11112,0.000000,1.000000,0.003862,PAUSE
11113,0.000000,1.000000,0.002237,PAUSE
11114,0.000000,1.000000,0.001410,PAUSE
11115,0.000000,1.000000,0.000996,PAUSE
11116,0.000000,0.000000,0.008210,PAUSE
11117,1.000000,1.000000,0.005492,PAUSE
11118,0.000000,1.000000,0.003231,PAUSE
11119,1.000000,1.000000,0.001949,PAUSE
11120,0.000000,1.000000,0.001279,PAUSE
11121,0.000000,1.000000,0.000936,PAUSE
11122,0.000000,1.000000,0.000759,PAUSE
11123,0.000000,1.000000,0.000666,PAUSE
11124,1.000000,1.000000,0.000616,PAUSE
11125,0.000000,1.000000,0.000589,PAUSE
11126,1.000000,1.000000,0.000574,PAUSE
11127,0.000000,1.000000,0.000565,PAUSE
11128,0.000000,0.000000,0.006937,PAUSE
11129,1.000000,1.000000,0.004791,PAUSE
11130,0.000000,0.000000,0.021592,PAUSE
11131,1.000000,1.000000,0.012481,PAUSE
11132,0.000000,0.000000,0.033973,PAUSE
11133,0.000000,0.000000,0.110981,PAUSE
11134,1.000000,1.000000,0.054427,PAUSE
11135,1.000000,1.000000,0.024337,PAUSE
11136,0.000000,0.000000,0.032476,PAUSE
11137,0.000000,1.000000,0.017183,PAUSE
11138,1.000000,1.000000,0.008393,PAUSE
11139,0.000000,1.000000,0.004184,PAUSE
11140,0.000000,0.000000,0.013202,PAUSE
11141,1.000000,1.000000,0.008070,PAUSE
11142,0.000000,0.000000,0.027135,PAUSE
11143,1.000000,1.000000,0.015174,PAUSE
11144,0.000000,0.000000,0.037155,PAUSE
11145,1.000000,1.000000,0.019919,PAUSE
11146,1.000000,1.000000,0.009669,PAUSE
11147,1.000000,1.000000,0.004752,PAUSE
11148,0.000000,0.000000,0.013905,PAUSE
11149,0.000000,1.000000,0.008420,PAUSE
11150,1.000000,1.000000,0.004576,PAUSE
11151,0.000000,0.000000,0.016299,PAUSE
11152,1.000000,1.000000,0.009716,PAUSE
11153,0.000000,0.000000,0.029831,PAUSE
11154,1.000000,1.000000,0.016470,PAUSE
11155,1.000000,1.000000,0.008182,PAUSE
11156,0.000000,0.000000,0.020362,PAUSE
11157,1.000000,1.000000,0.011677,PAUSE
11158,0.000000,0.000000,0.032218,PAUSE
11159,1.000000,1.000000,0.017591,PAUSE
11160,0.000000,1.000000,0.008665,PAUSE
11161,1.000000,1.000000,0.004328,PAUSE
11162,0.000000,0.000000,0.013549,PAUSE
11163,1.000000,1.000000,0.008250,PAUSE
11164,0.000000,0.000000,0.027422,PAUSE
11165,1.000000,1.000000,0.015312,PAUSE
11166,0.000000,0.000000,0.037310,PAUSE
11167,0.000000,0.000000,0.116697,PAUSE
11168,0.000000,1.000000,0.056982,PAUSE
11169,1.000000,1.000000,0.025400,PAUSE
11170,0.000000,1.000000,0.011303,PAUSE
11171,1.000000,1.000000,0.005218,PAUSE
11172,0.000000,1.000000,0.002605,PAUSE
11173,0.000000,1.000000,0.001476,PAUSE
11174,0.000000,1.000000,0.000980,PAUSE
11175,0.000000,0.000000,0.007730,PAUSE
11176,1.000000,1.000000,0.005219,PAUSE
11177,0.000000,0.000000,0.022406,PAUSE
11178,1.000000,1.000000,0.012881,PAUSE
11179,0.000000,0.000000,0.034470,PAUSE
11180,1.000000,1.000000,0.018671,PAUSE
11181,1.000000,1.000000,0.009134,PAUSE
11182,0.000000,0.000000,0.021201,PAUSE
11183,0.000000,0.000000,0.080555,PAUSE
11184,1.000000,1.000000,0.040598,PAUSE
11185,0.000000,1.000000,0.018542,PAUSE
11186,1.000000,1.000000,0.008478,PAUSE
11187,1.000000,1.000000,0.004058,PAUSE
11188,1.000000,1.000000,0.002127,PAUSE
11189,0.000000,1.000000,0.001277,PAUSE
11190,0.000000,0.000000,0.008260,PAUSE
11191,0.000000,1.000000,0.005501,PAUSE
11192,0.000000,1.000000,0.003232,PAUSE
11193,0.000000,1.000000,0.001948,PAUSE
11194,1.000000,1.000000,0.001279,PAUSE
11195,0.000000,1.000000,0.000935,PAUSE
11196,0.000000,0.000000,0.008095,PAUSE
11197,1.000000,1.000000,0.005431,PAUSE
11198,1.000000,1.000000,0.003203,PAUSE
11199,0.000000,0.000000,0.014434,PAUSE
11200,1.000000,1.000000,0.008792,PAUSE
11201,1.000000,1.000000,0.004765,PAUSE
11202,0.000000,0.000000,0.016664,PAUSE
11203,1.000000,1.000000,0.009900,PAUSE
11204,1.000000,1.000000,0.005261,PAUSE
11205,1.000000,1.000000,0.002858,PAUSE
11206,1.000000,1.000000,0.001686,PAUSE
11207,0.000000,1.000000,0.001120,PAUSE
11208,1.000000,1.000000,0.000844,PAUSE
11209,1.000000,1.000000,0.000707,PAUSE
11210,0.000000,1.000000,0.000636,PAUSE
11211,1.000000,1.000000,0.000599,PAUSE
11212,1.000000,1.000000,0.000579,PAUSE
11213,0.000000,1.000000,0.000568,PAUSE
11214,1.000000,1.000000,0.000562,PAUSE
11215,1.000000,1.000000,0.000558,PAUSE
11216,1.000000,1.000000,0.000556,PAUSE
11217,1.000000,1.000000,0.000555,PAUSE
11218,0.000000,1.000000,0.000554,PAUSE
11219,0.000000,0.000000,0.006891,PAUSE
11220,1.000000,1.000000,0.004765,PAUSE
11221,0.000000,1.000000,0.002883,PAUSE
11222,1.000000,1.000000,0.001788,PAUSE
11223,0.000000,1.000000,0.001205,PAUSE
11224,0.000000,0.000000,0.008899,PAUSE
11225,0.000000,1.000000,0.005869,PAUSE
11226,1.000000,1.000000,0.003410,PAUSE
11227,1.000000,1.000000,0.002031,PAUSE
11228,0.000000,1.000000,0.001317,PAUSE
11229,1.000000,1.000000,0.000954,PAUSE
11230,0.000000,0.000000,0.008132,PAUSE
11231,0.000000,0.000000,0.047396,PAUSE
11232,0.000000,0.000000,0.144324,PAUSE
11233,0.000000,0.000000,0.292244,PAUSE
11234,0.000000,0.000000,0.458374,PAUSE
11235,0.000000,0.000000,0.611186,ALLOW
11236,0.000000,1.000000,0.268860,PAUSE
11237,1.000000,1.000000,0.111916,PAUSE
11238,0.000000,1.000000,0.046325,PAUSE
11239,0.000000,1.000000,0.019370,PAUSE
11240,0.000000,1.000000,0.008327,PAUSE
11241,0.000000,0.000000,0.012641,PAUSE
11242,0.000000,0.000000,0.054331,PAUSE
11243,0.000000,0.000000,0.155650,PAUSE
11244,1.000000,1.000000,0.074407,PAUSE
11245,1.000000,1.000000,0.032641,PAUSE
11246,0.000000,0.000000,0.037417,PAUSE
11247,0.000000,1.000000,0.019336,PAUSE
11248,1.000000,1.000000,0.009293,PAUSE
11249,1.000000,1.000000,0.004556,PAUSE
11250,0.000000,1.000000,0.002402,PAUSE
11251,0.000000,1.000000,0.001424,PAUSE
11252,0.000000,0.000000,0.008714,PAUSE
11253,0.000000,0.000000,0.048962,PAUSE
11254,0.000000,0.000000,0.147209,PAUSE
11255,0.000000,0.000000,0.295922,PAUSE
11256,0.000000,0.000000,0.462047,PAUSE
11257,1.000000,1.000000,0.206202,PAUSE
11258,1.000000,1.000000,0.086521,PAUSE
11259,1.000000,1.000000,0.036095,PAUSE
11260,1.000000,1.000000,0.015254,PAUSE
11261,1.000000,1.000000,0.006671,PAUSE
11262,0.000000,0.000000,0.011884,PAUSE
11263,0.000000,0.000000,0.053727,PAUSE
11264,0.000000,1.000000,0.028134,PAUSE
11265,0.000000,1.000000,0.013257,PAUSE
11266,1.000000,1.000000,0.006279,PAUSE
11267,1.000000,1.000000,0.003145,PAUSE
11268,0.000000,0.000000,0.011087,PAUSE
11269,0.000000,0.000000,0.055339,PAUSE
11270,1.000000,1.000000,0.028934,PAUSE
11271,0.000000,1.000000,0.013605,PAUSE
11272,0.000000,1.000000,0.006426,PAUSE
11273,1.000000,1.000000,0.003208,PAUSE
11274,0.000000,1.000000,0.001774,PAUSE
11275,1.000000,1.000000,0.001129,PAUSE
11276,0.000000,1.000000,0.000834,PAUSE
11277,0.000000,1.000000,0.000695,PAUSE
11278,1.000000,1.000000,0.000627,PAUSE
11279,1.000000,1.000000,0.000593,PAUSE
11280,0.000000,1.000000,0.000575,PAUSE
11281,0.000000,0.000000,0.006969,PAUSE
11282,0.000000,0.000000,0.043377,PAUSE
11283,1.000000,1.000000,0.023286,PAUSE
11284,0.000000,0.000000,0.046925,PAUSE
11285,0.000000,1.000000,0.024440,PAUSE
11286,1.000000,1.000000,0.011598,PAUSE
11287,0.000000,1.000000,0.005561,PAUSE
11288,0.000000,1.000000,0.002837,PAUSE
11289,1.000000,1.000000,0.001614,PAUSE
11290,0.000000,1.000000,0.001059,PAUSE
11291,1.000000,1.000000,0.000803,PAUSE
11292,0.000000,0.000000,0.007538,PAUSE
11293,0.000000,0.000000,0.045307,PAUSE
11294,0.000000,0.000000,0.140307,PAUSE
11295,0.000000,0.000000,0.287048,PAUSE
11296,0.000000,1.000000,0.131664,PAUSE
11297,1.000000,1.000000,0.056167,PAUSE
11298,1.000000,1.000000,0.023831,PAUSE
11299,0.000000,1.000000,0.010308,PAUSE
11300,0.000000,1.000000,0.004675,PAUSE
11301,1.000000,1.000000,0.002320,PAUSE
11302,0.000000,0.000000,0.008934,PAUSE
11303,1.000000,1.000000,0.005814,PAUSE
11304,0.000000,0.000000,0.023292,PAUSE
11305,0.000000,0.000000,0.089515,PAUSE
11306,0.000000,0.000000,0.215180,PAUSE
11307,0.000000,0.000000,0.376820,PAUSE
11308,0.000000,0.000000,0.539210,ALLOW
11309,0.000000,0.000000,0.677940,ALLOW
11310,0.000000,1.000000,0.296721,PAUSE
11311,0.000000,1.000000,0.123184,PAUSE
11312,1.000000,1.000000,0.050859,PAUSE
11313,0.000000,1.000000,0.021191,PAUSE
11314,0.000000,1.000000,0.009059,PAUSE
11315,0.000000,1.000000,0.004089,PAUSE
11316,0.000000,1.000000,0.002042,PAUSE
11317,1.000000,1.000000,0.001192,PAUSE
11318,0.000000,1.000000,0.000834,PAUSE
11319,1.000000,1.000000,0.000680,PAUSE
11320,1.000000,1.000000,0.000613,PAUSE
11321,1.000000,1.000000,0.000582,PAUSE
11322,0.000000,1.000000,0.000568,PAUSE
11323,1.000000,1.000000,0.000561,PAUSE
11324,0.000000,0.000000,0.006912,PAUSE
11325,0.000000,0.000000,0.043171,PAUSE
11326,1.000000,1.000000,0.023187,PAUSE
11327,0.000000,0.000000,0.046825,PAUSE
11328,0.000000,0.000000,0.132499,PAUSE
11329,0.000000,1.000000,0.064015,PAUSE
11330,1.000000,1.000000,0.028320,PAUSE
11331,1.000000,1.000000,0.012499,PAUSE
11332,1.000000,1.000000,0.005707,PAUSE
11333,0.000000,1.000000,0.002805,PAUSE
11334,0.000000,1.000000,0.001558,PAUSE
11335,1.000000,1.000000,0.001014,PAUSE
11336,1.000000,1.000000,0.000772,PAUSE
11337,1.000000,1.000000,0.000661,PAUSE
11338,0.000000,1.000000,0.000608,PAUSE
11339,0.000000,0.000000,0.007051,PAUSE
11340,0.000000,0.000000,0.043659,PAUSE
11341,1.000000,1.000000,0.023421,PAUSE
11342,1.000000,1.000000,0.011245,PAUSE
11343,0.000000,0.000000,0.023347,PAUSE
11344,1.000000,1.000000,0.013085,PAUSE
11345,0.000000,0.000000,0.033770,PAUSE
11346,1.000000,1.000000,0.018312,PAUSE
11347,0.000000,1.000000,0.008974,PAUSE
11348,0.000000,0.000000,0.021035,PAUSE
11349,1.000000,1.000000,0.011990,PAUSE
11350,1.000000,1.000000,0.006178,PAUSE
11351,0.000000,1.000000,0.003252,PAUSE
11352,0.000000,0.000000,0.012439,PAUSE
11353,1.000000,1.000000,0.007708,PAUSE
11354,0.000000,1.000000,0.004259,PAUSE
11355,1.000000,1.000000,0.002412,PAUSE
11356,0.000000,1.000000,0.001488,PAUSE
11357,0.000000,1.000000,0.001031,PAUSE
11358,1.000000,1.000000,0.000804,PAUSE
11359,0.000000,0.000000,0.007676,PAUSE
11360,1.000000,1.000000,0.005200,PAUSE
11361,0.000000,1.000000,0.003092,PAUSE
11362,0.000000,1.000000,0.001885,PAUSE
11363,1.000000,1.000000,0.001250,PAUSE
11364,0.000000,0.000000,0.008981,PAUSE
11365,0.000000,0.000000,0.050187,PAUSE
11366,0.000000,0.000000,0.149573,PAUSE
11367,0.000000,0.000000,0.298950,PAUSE
11368,1.000000,1.000000,0.136781,PAUSE
11369,1.000000,1.000000,0.058258,PAUSE
11370,1.000000,1.000000,0.024678,PAUSE
11371,0.000000,1.000000,0.010650,PAUSE
11372,0.000000,1.000000,0.004813,PAUSE
11373,0.000000,0.000000,0.010986,PAUSE
11374,0.000000,0.000000,0.052873,PAUSE
11375,0.000000,1.000000,0.027752,PAUSE
11376,0.000000,1.000000,0.013097,PAUSE
11377,1.000000,1.000000,0.006213,PAUSE
11378,1.000000,1.000000,0.003118,PAUSE
11379,0.000000,0.000000,0.011068,PAUSE
11380,0.000000,0.000000,0.055307,PAUSE
11381,0.000000,0.000000,0.158641,PAUSE
11382,1.000000,1.000000,0.075745,PAUSE
11383,0.000000,0.000000,0.088502,PAUSE
11384,0.000000,0.000000,0.183391,PAUSE
11385,1.000000,1.000000,0.086254,PAUSE
11386,1.000000,1.000000,0.037485,PAUSE
11387,0.000000,0.000000,0.039887,PAUSE
11388,0.000000,0.000000,0.104855,PAUSE
11389,0.000000,1.000000,0.051442,PAUSE
11390,1.000000,1.000000,0.023060,PAUSE
11391,0.000000,1.000000,0.010334,PAUSE
11392,0.000000,1.000000,0.004819,PAUSE
11393,0.000000,1.000000,0.002440,PAUSE
11394,0.000000,1.000000,0.001407,PAUSE
11395,0.000000,1.000000,0.000951,PAUSE
11396,0.000000,1.000000,0.000745,PAUSE
11397,1.000000,1.000000,0.000649,PAUSE
11398,0.000000,1.000000,0.000603,PAUSE
11399,1.000000,1.000000,0.000580,PAUSE
11400,1.000000,1.000000,0.000568,PAUSE
11401,0.000000,1.000000,0.000561,PAUSE
11402,0.000000,0.000000,0.006919,PAUSE
11403,1.000000,1.000000,0.004781,PAUSE
11404,0.000000,0.000000,0.021571,PAUSE
11405,0.000000,0.000000,0.085788,PAUSE
11406,0.000000,0.000000,0.209580,PAUSE
11407,0.000000,1.000000,0.098108,PAUSE
11408,0.000000,1.000000,0.042414,PAUSE
11409,1.000000,1.000000,0.018251,PAUSE
11410,0.000000,0.000000,0.022321,PAUSE
11411,0.000000,0.000000,0.074585,PAUSE
11412,0.000000,0.000000,0.188918,PAUSE
11413,0.000000,0.000000,0.346110,PAUSE
11414,0.000000,0.000000,0.510495,ALLOW
11415,0.000000,0.000000,0.654623,ALLOW
11416,1.000000,1.000000,0.287000,PAUSE
11417,0.000000,0.000000,0.204252,PAUSE
11418,1.000000,1.000000,0.091236,PAUSE
11419,0.000000,0.000000,0.086482,PAUSE
11420,1.000000,1.000000,0.041318,PAUSE
11421,1.000000,1.000000,0.018545,PAUSE
11422,1.000000,1.000000,0.008398,PAUSE
11423,1.000000,1.000000,0.003995,PAUSE
11424,1.000000,1.000000,0.002088,PAUSE
11425,0.000000,0.000000,0.009258,PAUSE
11426,0.000000,0.000000,0.050104,PAUSE
11427,0.000000,1.000000,0.026473,PAUSE
11428,1.000000,1.000000,0.012554,PAUSE
11429,0.000000,1.000000,0.005986,PAUSE
11430,0.000000,1.000000,0.003024,PAUSE
11431,1.000000,1.000000,0.001697,PAUSE
11432,0.000000,1.000000,0.001097,PAUSE
11433,0.000000,0.000000,0.008093,PAUSE
11434,1.000000,1.000000,0.005418,PAUSE
11435,1.000000,1.000000,0.003194,PAUSE
11436,0.000000,1.000000,0.001931,PAUSE
11437,0.000000,1.000000,0.001271,PAUSE
11438,0.000000,1.000000,0.000932,PAUSE
11439,0.000000,1.000000,0.000757,PAUSE
11440,0.000000,1.000000,0.000665,PAUSE
11441,0.000000,0.000000,0.007292,PAUSE
11442,0.000000,1.000000,0.004989,PAUSE
11443,0.000000,1.000000,0.002992,PAUSE
11444,0.000000,0.000000,0.014085,PAUSE
11445,1.000000,1.000000,0.008616,PAUSE
11446,1.000000,1.000000,0.004685,PAUSE
11447,0.000000,0.000000,0.016567,PAUSE
11448,0.000000,0.000000,0.071419,PAUSE
11449,0.000000,1.000000,0.036425,PAUSE
11450,0.000000,1.000000,0.016786,PAUSE
11451,0.000000,0.000000,0.027540,PAUSE
11452,0.000000,1.000000,0.014993,PAUSE
11453,0.000000,1.000000,0.007470,PAUSE
11454,0.000000,1.000000,0.003799,PAUSE
11455,1.000000,1.000000,0.002087,PAUSE
11456,0.000000,1.000000,0.001293,PAUSE
11457,0.000000,0.000000,0.008602,PAUSE
11458,1.000000,1.000000,0.005695,PAUSE
11459,0.000000,0.000000,0.023319,PAUSE
11460,0.000000,0.000000,0.089698,PAUSE
11461,1.000000,1.000000,0.044821,PAUSE
11462,0.000000,0.000000,0.066026,PAUSE
11463,0.000000,1.000000,0.032982,PAUSE
11464,0.000000,1.000000,0.015183,PAUSE
11465,0.000000,1.000000,0.007045,PAUSE
11466,0.000000,0.000000,0.015521,PAUSE
11467,0.000000,0.000000,0.065584,PAUSE
11468,1.000000,1.000000,0.033690,PAUSE
11469,0.000000,0.000000,0.056607,PAUSE
11470,1.000000,1.000000,0.028798,PAUSE
11471,0.000000,1.000000,0.013433,PAUSE
11472,0.000000,1.000000,0.006323,PAUSE
11473,0.000000,1.000000,0.003153,PAUSE
11474,1.000000,1.000000,0.001746,PAUSE
11475,0.000000,1.000000,0.001115,PAUSE
11476,1.000000,1.000000,0.000826,PAUSE
11477,0.000000,1.000000,0.000691,PAUSE
11478,1.000000,1.000000,0.000625,PAUSE
11479,0.000000,0.000000,0.007114,PAUSE
11480,0.000000,0.000000,0.043887,PAUSE
11481,0.000000,1.000000,0.023530,PAUSE
11482,0.000000,1.000000,0.011292,PAUSE
11483,1.000000,1.000000,0.005456,PAUSE
11484,0.000000,0.000000,0.014627,PAUSE
11485,1.000000,1.000000,0.008771,PAUSE
11486,0.000000,0.000000,0.028083,PAUSE
11487,0.000000,0.000000,0.099449,PAUSE
11488,0.000000,0.000000,0.229708,PAUSE
11489,0.000000,0.000000,0.392778,PAUSE
11490,1.000000,1.000000,0.176855,PAUSE
11491,0.000000,0.000000,0.148102,PAUSE
11492,0.000000,0.000000,0.234778,PAUSE
11493,0.000000,0.000000,0.380912,PAUSE
11494,1.000000,1.000000,0.171556,PAUSE
11495,0.000000,1.000000,0.072409,PAUSE
11496,1.000000,1.000000,0.030394,PAUSE
11497,0.000000,1.000000,0.012955,PAUSE
11498,0.000000,0.000000,0.016459,PAUSE
11499,0.000000,0.000000,0.061865,PAUSE
11500,1.000000,1.000000,0.031890,PAUSE
11501,0.000000,1.000000,0.014849,PAUSE
11502,0.000000,1.000000,0.006941,PAUSE
11503,0.000000,1.000000,0.003421,PAUSE
11504,0.000000,0.000000,0.011290,PAUSE
11505,0.000000,0.000000,0.055709,PAUSE
11506,0.000000,0.000000,0.159304,PAUSE
11507,1.000000,1.000000,0.076037,PAUSE
11508,0.000000,0.000000,0.088696,PAUSE
11509,1.000000,1.000000,0.042852,PAUSE
11510,0.000000,0.000000,0.059984,PAUSE
11511,1.000000,1.000000,0.030124,PAUSE
11512,0.000000,1.000000,0.013959,PAUSE
11513,1.000000,1.000000,0.006532,PAUSE
11514,0.000000,1.000000,0.003236,PAUSE
11515,0.000000,1.000000,0.001779,PAUSE
11516,1.000000,1.000000,0.001128,PAUSE
11517,0.000000,1.000000,0.000831,PAUSE
11518,1.000000,1.000000,0.000693,PAUSE
11519,0.000000,0.000000,0.007277,PAUSE
11520,1.000000,1.000000,0.004978,PAUSE
11521,1.000000,1.000000,0.002986,PAUSE
11522,1.000000,1.000000,0.001836,PAUSE
11523,0.000000,0.000000,0.010630,PAUSE
11524,1.000000,1.000000,0.006797,PAUSE
11525,1.000000,1.000000,0.003845,PAUSE
11526,1.000000,1.000000,0.002229,PAUSE
11527,0.000000,0.000000,0.011241,PAUSE
11528,1.000000,1.000000,0.007111,PAUSE
11529,0.000000,0.000000,0.025841,PAUSE
11530,0.000000,0.000000,0.095109,PAUSE
11531,1.000000,1.000000,0.047276,PAUSE
11532,0.000000,0.000000,0.067940,PAUSE
11533,1.000000,1.000000,0.033823,PAUSE
11534,0.000000,0.000000,0.053787,PAUSE
11535,0.000000,1.000000,0.027421,PAUSE
11536,0.000000,1.000000,0.012835,PAUSE
11537,0.000000,0.000000,0.023925,PAUSE
11538,0.000000,0.000000,0.084668,PAUSE
11539,1.000000,1.000000,0.042453,PAUSE
11540,1.000000,1.000000,0.019318,PAUSE
11541,0.000000,1.000000,0.008798,PAUSE
11542,1.000000,1.000000,0.004189,PAUSE
11543,0.000000,0.000000,0.011836,PAUSE
11544,0.000000,1.000000,0.007320,PAUSE
11545,1.000000,1.000000,0.004065,PAUSE
11546,0.000000,1.000000,0.002321,PAUSE
11547,0.000000,0.000000,0.011313,PAUSE
11548,1.000000,1.000000,0.007145,PAUSE
11549,0.000000,0.000000,0.025883,PAUSE
11550,1.000000,1.000000,0.014577,PAUSE
11551,1.000000,1.000000,0.007358,PAUSE
11552,0.000000,0.000000,0.019598,PAUSE
11553,0.000000,0.000000,0.077692,PAUSE
11554,0.000000,0.000000,0.196185,PAUSE
11555,1.000000,1.000000,0.092247,PAUSE
11556,0.000000,0.000000,0.099227,PAUSE
11557,0.000000,0.000000,0.193886,PAUSE
11558,0.000000,1.000000,0.090774,PAUSE
11559,0.000000,1.000000,0.039337,PAUSE
11560,1.000000,1.000000,0.016985,PAUSE
11561,0.000000,0.000000,0.021568,PAUSE
11562,1.000000,1.000000,0.011864,PAUSE
11563,0.000000,0.000000,0.030885,PAUSE
11564,0.000000,1.000000,0.016912,PAUSE
11565,0.000000,1.000000,0.008363,PAUSE
11566,1.000000,1.000000,0.004197,PAUSE
11567,0.000000,0.000000,0.013417,PAUSE
11568,0.000000,0.000000,0.061993,PAUSE
11569,1.000000,1.000000,0.032045,PAUSE
11570,1.000000,1.000000,0.014929,PAUSE
11571,1.000000,1.000000,0.006979,PAUSE
11572,1.000000,1.000000,0.003437,PAUSE
11573,1.000000,1.000000,0.001870,PAUSE
11574,0.000000,0.000000,0.009220,PAUSE
11575,0.000000,0.000000,0.050251,PAUSE
11576,0.000000,1.000000,0.026545,PAUSE
11577,0.000000,1.000000,0.012585,PAUSE
11578,0.000000,1.000000,0.006000,PAUSE
11579,0.000000,1.000000,0.003030,PAUSE
11580,0.000000,0.000000,0.011002,PAUSE
11581,0.000000,1.000000,0.006929,PAUSE
11582,0.000000,1.000000,0.003894,PAUSE
11583,0.000000,0.000000,0.015403,PAUSE
11584,0.000000,0.000000,0.068685,PAUSE
11585,1.000000,1.000000,0.035166,PAUSE
11586,1.000000,1.000000,0.016254,PAUSE
11587,1.000000,1.000000,0.007530,PAUSE
11588,1.000000,1.000000,0.003667,PAUSE
11589,0.000000,0.000000,0.011484,PAUSE
11590,1.000000,1.000000,0.007157,PAUSE
11591,0.000000,0.000000,0.025590,PAUSE
11592,1.000000,1.000000,0.014427,PAUSE
11593,1.000000,1.000000,0.007291,PAUSE
11594,0.000000,0.000000,0.019524,PAUSE
11595,0.000000,0.000000,0.077545,PAUSE
11596,1.000000,1.000000,0.039230,PAUSE
11597,1.000000,1.000000,0.017967,PAUSE
11598,1.000000,1.000000,0.008240,PAUSE
11599,0.000000,1.000000,0.003960,PAUSE
11600,0.000000,1.000000,0.002087,PAUSE
11601,0.000000,0.000000,0.009389,PAUSE
11602,1.000000,1.000000,0.006087,PAUSE
11603,1.000000,1.000000,0.003504,PAUSE
11604,1.000000,1.000000,0.002071,PAUSE
11605,0.000000,0.000000,0.010984,PAUSE
11606,0.000000,1.000000,0.006978,PAUSE
11607,0.000000,1.000000,0.003929,PAUSE
11608,1.000000,1.000000,0.002266,PAUSE
11609,0.000000,0.000000,0.011291,PAUSE
11610,0.000000,0.000000,0.057129,PAUSE
11611,1.000000,1.000000,0.029786,PAUSE
11612,1.000000,1.000000,0.013970,PAUSE
11613,1.000000,1.000000,0.006579,PAUSE
11614,1.000000,1.000000,0.003272,PAUSE
11615,0.000000,0.000000,0.011192,PAUSE
11616,0.000000,0.000000,0.055552,PAUSE
11617,0.000000,0.000000,0.159052,PAUSE
11618,0.000000,0.000000,0.310777,PAUSE
11619,0.000000,0.000000,0.476716,PAUSE
11620,0.000000,0.000000,0.626686,ALLOW
11621,1.000000,1.000000,0.275339,PAUSE
11622,0.000000,0.000000,0.198546,PAUSE
11623,1.000000,1.000000,0.088887,PAUSE
11624,0.000000,0.000000,0.085332,PAUSE
11625,0.000000,1.000000,0.040841,PAUSE
11626,1.000000,1.000000,0.018352,PAUSE
11627,0.000000,1.000000,0.008320,PAUSE
11628,0.000000,1.000000,0.003963,PAUSE
11629,0.000000,1.000000,0.002075,PAUSE
11630,0.000000,1.000000,0.001249,PAUSE
11631,0.000000,1.000000,0.000882,PAUSE
11632,0.000000,1.000000,0.000714,PAUSE
11633,0.000000,1.000000,0.000634,PAUSE
11634,0.000000,1.000000,0.000596,PAUSE
11635,1.000000,1.000000,0.000576,PAUSE
11636,0.000000,0.000000,0.006969,PAUSE
11637,0.000000,0.000000,0.043376,PAUSE
11638,0.000000,1.000000,0.023285,PAUSE
11639,0.000000,1.000000,0.011187,PAUSE
11640,0.000000,1.000000,0.005412,PAUSE
11641,0.000000,1.000000,0.002783,PAUSE
11642,0.000000,1.000000,0.001596,PAUSE
11643,0.000000,0.000000,0.008979,PAUSE
11644,0.000000,0.000000,0.049723,PAUSE
11645,0.000000,0.000000,0.148612,PAUSE
11646,0.000000,0.000000,0.297706,PAUSE
11647,0.000000,1.000000,0.136246,PAUSE
11648,0.000000,1.000000,0.058040,PAUSE
11649,1.000000,1.000000,0.024589,PAUSE
11650,0.000000,0.000000,0.025466,PAUSE
11651,1.000000,1.000000,0.013534,PAUSE
11652,0.000000,0.000000,0.032090,PAUSE
11653,0.000000,0.000000,0.105504,PAUSE
11654,1.000000,1.000000,0.051941,PAUSE
11655,0.000000,0.000000,0.071403,PAUSE
11656,0.000000,0.000000,0.164671,PAUSE
11657,0.000000,0.000000,0.312242,PAUSE
11658,0.000000,0.000000,0.476633,PAUSE
11659,1.000000,1.000000,0.212336,PAUSE
11660,0.000000,0.000000,0.166767,PAUSE
11661,1.000000,1.000000,0.075746,PAUSE
11662,0.000000,0.000000,0.078709,PAUSE
11663,0.000000,0.000000,0.163986,PAUSE
11664,0.000000,0.000000,0.308029,PAUSE
11665,0.000000,0.000000,0.471563,PAUSE
11666,0.000000,0.000000,0.621608,ALLOW
11667,0.000000,0.000000,0.741980,ALLOW
11668,1.000000,1.000000,0.323354,PAUSE
11669,0.000000,0.000000,0.221773,PAUSE
11670,0.000000,0.000000,0.284031,PAUSE
11671,0.000000,1.000000,0.128847,PAUSE
11672,1.000000,1.000000,0.054835,PAUSE
11673,0.000000,1.000000,0.023250,PAUSE
11674,0.000000,1.000000,0.010058,PAUSE
11675,0.000000,0.000000,0.014968,PAUSE
11676,1.000000,1.000000,0.008691,PAUSE
11677,0.000000,0.000000,0.026940,PAUSE
11678,1.000000,1.000000,0.015048,PAUSE
11679,1.000000,1.000000,0.007556,PAUSE
11680,0.000000,0.000000,0.019745,PAUSE
11681,0.000000,0.000000,0.077922,PAUSE
11682,1.000000,1.000000,0.039401,PAUSE
11683,0.000000,0.000000,0.061530,PAUSE
11684,0.000000,0.000000,0.152729,PAUSE
11685,0.000000,1.000000,0.072920,PAUSE
11686,1.000000,1.000000,0.032000,PAUSE
11687,0.000000,1.000000,0.014001,PAUSE
11688,0.000000,0.000000,0.020024,PAUSE
11689,1.000000,1.000000,0.011200,PAUSE
11690,0.000000,1.000000,0.005770,PAUSE
11691,1.000000,1.000000,0.003058,PAUSE
11692,1.000000,1.000000,0.001764,PAUSE
11693,0.000000,1.000000,0.001151,PAUSE
11694,0.000000,1.000000,0.000856,PAUSE
11695,1.000000,1.000000,0.000711,PAUSE
11696,0.000000,0.000000,0.007386,PAUSE
11697,1.000000,1.000000,0.005040,PAUSE
11698,0.000000,0.000000,0.022096,PAUSE
11699,0.000000,0.000000,0.086987,PAUSE
11700,1.000000,1.000000,0.043588,PAUSE
11701,0.000000,0.000000,0.065050,PAUSE
11702,0.000000,0.000000,0.157211,PAUSE
11703,0.000000,1.000000,0.074883,PAUSE
11704,0.000000,1.000000,0.032810,PAUSE
11705,0.000000,0.000000,0.037377,PAUSE
11706,0.000000,0.000000,0.102474,PAUSE
11707,0.000000,0.000000,0.230021,PAUSE
11708,0.000000,0.000000,0.392050,PAUSE
11709,1.000000,1.000000,0.176530,PAUSE
11710,1.000000,1.000000,0.074459,PAUSE
11711,0.000000,1.000000,0.031228,PAUSE
11712,1.000000,1.000000,0.013293,PAUSE
11713,0.000000,1.000000,0.005881,PAUSE
11714,0.000000,0.000000,0.011509,PAUSE
11715,0.000000,1.000000,0.007033,PAUSE
11716,1.000000,1.000000,0.003909,PAUSE
11717,1.000000,1.000000,0.002243,PAUSE
11718,1.000000,1.000000,0.001407,PAUSE
11719,0.000000,1.000000,0.000992,PAUSE
11720,1.000000,1.000000,0.000784,PAUSE
11721,0.000000,0.000000,0.007628,PAUSE
11722,1.000000,1.000000,0.005174,PAUSE
11723,0.000000,0.000000,0.022364,PAUSE
11724,0.000000,0.000000,0.087594,PAUSE
11725,1.000000,1.000000,0.043864,PAUSE
11726,1.000000,1.000000,0.019922,PAUSE
11727,0.000000,0.000000,0.029684,PAUSE
11728,0.000000,0.000000,0.093781,PAUSE
11729,0.000000,1.000000,0.046557,PAUSE
11730,0.000000,1.000000,0.021034,PAUSE
11731,0.000000,0.000000,0.030320,PAUSE
11732,0.000000,0.000000,0.094468,PAUSE
11733,0.000000,1.000000,0.046860,PAUSE
11734,0.000000,0.000000,0.067262,PAUSE
11735,0.000000,0.000000,0.159584,PAUSE
11736,0.000000,1.000000,0.075914,PAUSE
11737,0.000000,0.000000,0.087975,PAUSE
11738,0.000000,0.000000,0.182272,PAUSE
11739,0.000000,1.000000,0.085759,PAUSE
11740,0.000000,0.000000,0.094091,PAUSE
11741,1.000000,1.000000,0.045124,PAUSE
11742,0.000000,0.000000,0.061288,PAUSE
11743,0.000000,0.000000,0.148332,PAUSE
11744,0.000000,0.000000,0.292103,PAUSE
11745,0.000000,0.000000,0.456793,PAUSE
11746,1.000000,1.000000,0.203961,PAUSE
11747,1.000000,1.000000,0.085609,PAUSE
11748,0.000000,1.000000,0.035727,PAUSE
11749,1.000000,1.000000,0.015106,PAUSE
11750,0.000000,1.000000,0.006611,PAUSE
11751,0.000000,1.000000,0.003103,PAUSE
11752,1.000000,1.000000,0.001644,PAUSE
11753,1.000000,1.000000,0.001030,PAUSE
11754,1.000000,1.000000,0.000768,PAUSE
11755,1.000000,1.000000,0.000653,PAUSE
11756,1.000000,1.000000,0.000602,PAUSE
11757,0.000000,1.000000,0.000578,PAUSE
11758,0.000000,0.000000,0.006957,PAUSE
11759,1.000000,1.000000,0.004801,PAUSE
11760,0.000000,0.000000,0.021612,PAUSE
11761,1.000000,1.000000,0.012490,PAUSE
11762,0.000000,1.000000,0.006439,PAUSE
11763,0.000000,1.000000,0.003377,PAUSE
11764,1.000000,1.000000,0.001914,PAUSE
11765,0.000000,0.000000,0.009922,PAUSE
11766,0.000000,0.000000,0.052755,PAUSE
11767,0.000000,0.000000,0.154220,PAUSE
11768,0.000000,0.000000,0.304798,PAUSE
11769,1.000000,1.000000,0.139291,PAUSE
11770,1.000000,1.000000,0.059283,PAUSE
11771,1.000000,1.000000,0.025093,PAUSE
11772,0.000000,1.000000,0.010817,PAUSE
11773,0.000000,0.000000,0.015460,PAUSE
11774,0.000000,0.000000,0.061039,PAUSE
11775,0.000000,0.000000,0.167237,PAUSE
11776,0.000000,0.000000,0.320487,PAUSE
11777,1.000000,1.000000,0.146013,PAUSE
11778,1.000000,1.000000,0.062027,PAUSE
11779,0.000000,0.000000,0.052774,PAUSE
11780,0.000000,1.000000,0.025856,PAUSE
11781,0.000000,0.000000,0.043232,PAUSE
11782,0.000000,1.000000,0.022524,PAUSE
11783,1.000000,1.000000,0.010746,PAUSE
11784,0.000000,1.000000,0.005194,PAUSE
11785,0.000000,1.000000,0.002680,PAUSE
11786,0.000000,1.000000,0.001546,PAUSE
11787,1.000000,1.000000,0.001030,PAUSE
11788,0.000000,1.000000,0.000789,PAUSE
11789,0.000000,0.000000,0.007516,PAUSE
11790,0.000000,1.000000,0.005109,PAUSE
11791,0.000000,0.000000,0.022224,PAUSE
11792,0.000000,0.000000,0.087273,PAUSE
11793,1.000000,1.000000,0.043718,PAUSE
11794,0.000000,0.000000,0.065153,PAUSE
11795,1.000000,1.000000,0.032597,PAUSE
11796,0.000000,0.000000,0.052890,PAUSE
11797,1.000000,1.000000,0.027026,PAUSE
11798,0.000000,1.000000,0.012671,PAUSE
11799,0.000000,0.000000,0.023818,PAUSE
11800,0.000000,1.000000,0.013261,PAUSE
11801,1.000000,1.000000,0.006723,PAUSE
11802,0.000000,1.000000,0.003482,PAUSE
11803,0.000000,1.000000,0.001953,PAUSE
11804,0.000000,1.000000,0.001235,PAUSE
11805,0.000000,0.000000,0.008540,PAUSE
11806,1.000000,1.000000,0.005664,PAUSE
11807,1.000000,1.000000,0.003311,PAUSE
11808,0.000000,1.000000,0.001985,PAUSE
11809,1.000000,1.000000,0.001296,PAUSE
11810,1.000000,1.000000,0.000944,PAUSE
11811,0.000000,0.000000,0.008112,PAUSE
11812,0.000000,0.000000,0.047332,PAUSE
11813,0.000000,0.000000,0.144204,PAUSE
11814,0.000000,0.000000,0.292089,PAUSE
11815,0.000000,0.000000,0.458219,PAUSE
11816,0.000000,0.000000,0.611054,ALLOW
11817,0.000000,0.000000,0.734183,ALLOW
11818,0.000000,0.000000,0.824864,ALLOW
11819,0.000000,0.000000,0.887659,ALLOW
11820,1.000000,1.000000,0.383654,PAUSE
11821,0.000000,0.000000,0.250066,PAUSE
11822,0.000000,0.000000,0.300592,PAUSE
11823,0.000000,0.000000,0.431133,PAUSE
11824,1.000000,1.000000,0.192588,PAUSE
11825,1.000000,1.000000,0.080932,PAUSE
11826,0.000000,1.000000,0.033828,PAUSE
11827,1.000000,1.000000,0.014337,PAUSE
11828,1.000000,1.000000,0.006300,PAUSE
11829,0.000000,0.000000,0.011692,PAUSE
11830,0.000000,0.000000,0.053513,PAUSE
11831,0.000000,0.000000,0.154606,PAUSE
11832,1.000000,1.000000,0.073951,PAUSE
11833,0.000000,1.000000,0.032453,PAUSE
11834,0.000000,1.000000,0.014192,PAUSE
11835,0.000000,1.000000,0.006399,PAUSE
11836,1.000000,1.000000,0.003088,PAUSE
11837,0.000000,0.000000,0.010052,PAUSE
11838,0.000000,1.000000,0.006395,PAUSE
11839,1.000000,1.000000,0.003639,PAUSE
11840,1.000000,1.000000,0.002129,PAUSE
11841,0.000000,1.000000,0.001359,PAUSE
11842,1.000000,1.000000,0.000972,PAUSE
11843,0.000000,0.000000,0.008156,PAUSE
11844,1.000000,1.000000,0.005463,PAUSE
11845,0.000000,0.000000,0.022924,PAUSE
11846,0.000000,1.000000,0.013137,PAUSE
11847,0.000000,1.000000,0.006725,PAUSE
11848,0.000000,1.000000,0.003501,PAUSE
11849,0.000000,1.000000,0.001967,PAUSE
11850,0.000000,1.000000,0.001245,PAUSE
11851,0.000000,1.000000,0.000900,PAUSE
11852,0.000000,1.000000,0.000733,PAUSE
11853,1.000000,1.000000,0.000649,PAUSE
11854,0.000000,0.000000,0.007209,PAUSE
11855,0.000000,0.000000,0.044228,PAUSE
11856,0.000000,0.000000,0.138225,PAUSE
11857,0.000000,0.000000,0.284338,PAUSE
11858,0.000000,1.000000,0.130497,PAUSE
11859,0.000000,0.000000,0.122322,PAUSE
11860,0.000000,1.000000,0.057168,PAUSE
11861,0.000000,0.000000,0.068660,PAUSE
11862,0.000000,1.000000,0.033844,PAUSE
11863,0.000000,1.000000,0.015493,PAUSE
11864,0.000000,1.000000,0.007159,PAUSE
11865,0.000000,0.000000,0.015486,PAUSE
11866,0.000000,0.000000,0.065344,PAUSE
11867,0.000000,0.000000,0.175565,PAUSE
11868,0.000000,0.000000,0.330793,PAUSE
11869,0.000000,1.000000,0.150428,PAUSE
11870,1.000000,1.000000,0.063828,PAUSE
11871,1.000000,1.000000,0.026932,PAUSE
11872,0.000000,1.000000,0.011560,PAUSE
11873,0.000000,1.000000,0.005181,PAUSE
11874,0.000000,1.000000,0.002525,PAUSE
11875,1.000000,1.000000,0.001410,PAUSE
11876,0.000000,1.000000,0.000935,PAUSE
11877,1.000000,1.000000,0.000729,PAUSE
11878,0.000000,0.000000,0.007231,PAUSE
11879,0.000000,0.000000,0.044203,PAUSE
11880,0.000000,1.000000,0.023679,PAUSE
11881,0.000000,0.000000,0.047322,PAUSE
11882,0.000000,1.000000,0.024620,PAUSE
11883,0.000000,0.000000,0.046525,PAUSE
11884,1.000000,1.000000,0.024195,PAUSE
11885,0.000000,0.000000,0.045941,PAUSE
11886,1.000000,1.000000,0.023923,PAUSE
11887,0.000000,1.000000,0.011367,PAUSE
11888,0.000000,1.000000,0.005462,PAUSE
11889,0.000000,0.000000,0.014431,PAUSE
11890,0.000000,0.000000,0.063859,PAUSE
11891,1.000000,1.000000,0.032902,PAUSE
11892,0.000000,0.000000,0.055952,PAUSE
11893,0.000000,1.000000,0.028507,PAUSE
11894,0.000000,1.000000,0.013311,PAUSE
11895,1.000000,1.000000,0.006272,PAUSE
11896,0.000000,0.000000,0.015021,PAUSE
11897,0.000000,0.000000,0.064847,PAUSE
11898,0.000000,1.000000,0.033355,PAUSE
11899,0.000000,1.000000,0.015482,PAUSE
11900,0.000000,1.000000,0.007208,PAUSE
11901,0.000000,0.000000,0.015923,PAUSE
11902,0.000000,0.000000,0.066683,PAUSE
11903,1.000000,1.000000,0.034200,PAUSE
11904,1.000000,1.000000,0.015840,PAUSE
11905,0.000000,1.000000,0.007357,PAUSE
11906,0.000000,1.000000,0.003594,PAUSE
11907,1.000000,1.000000,0.001935,PAUSE
11908,0.000000,1.000000,0.001197,PAUSE
11909,0.000000,0.000000,0.008189,PAUSE
11910,0.000000,0.000000,0.047281,PAUSE
11911,1.000000,1.000000,0.025142,PAUSE
11912,1.000000,1.000000,0.011985,PAUSE
11913,0.000000,0.000000,0.023950,PAUSE
11914,1.000000,1.000000,0.013362,PAUSE
11915,1.000000,1.000000,0.006774,PAUSE
11916,1.000000,1.000000,0.003506,PAUSE
11917,0.000000,0.000000,0.012677,PAUSE
11918,1.000000,1.000000,0.007823,PAUSE
11919,0.000000,0.000000,0.026845,PAUSE
11920,0.000000,1.000000,0.015037,PAUSE
11921,0.000000,0.000000,0.037011,PAUSE
11922,0.000000,1.000000,0.019853,PAUSE
11923,0.000000,1.000000,0.009640,PAUSE
11924,0.000000,1.000000,0.004740,PAUSE
11925,0.000000,0.000000,0.013896,PAUSE
11926,0.000000,0.000000,0.062940,PAUSE
11927,0.000000,0.000000,0.171907,PAUSE
11928,1.000000,1.000000,0.081595,PAUSE
11929,0.000000,0.000000,0.092374,PAUSE
11930,1.000000,1.000000,0.044433,PAUSE
11931,1.000000,1.000000,0.019925,PAUSE
11932,0.000000,1.000000,0.008989,PAUSE
11933,1.000000,1.000000,0.004246,PAUSE
11934,1.000000,1.000000,0.002195,PAUSE
11935,0.000000,0.000000,0.009371,PAUSE
11936,0.000000,1.000000,0.006070,PAUSE
11937,1.000000,1.000000,0.003494,PAUSE
11938,1.000000,1.000000,0.002066,PAUSE
11939,1.000000,1.000000,0.001332,PAUSE
11940,1.000000,1.000000,0.000960,PAUSE
11941,0.000000,1.000000,0.000770,PAUSE
11942,0.000000,1.000000,0.000671,PAUSE
11943,1.000000,1.000000,0.000619,PAUSE
11944,1.000000,1.000000,0.000590,PAUSE
11945,1.000000,1.000000,0.000575,PAUSE
11946,1.000000,1.000000,0.000566,PAUSE
11947,1.000000,1.000000,0.000560,PAUSE
11948,1.000000,1.000000,0.000557,PAUSE
11949,0.000000,0.000000,0.006905,PAUSE
11950,0.000000,1.000000,0.004773,PAUSE
11951,1.000000,1.000000,0.002887,PAUSE
11952,0.000000,0.000000,0.013904,PAUSE
11953,0.000000,0.000000,0.065067,PAUSE
11954,0.000000,0.000000,0.175992,PAUSE
11955,1.000000,1.000000,0.083398,PAUSE
11956,1.000000,1.000000,0.036357,PAUSE
11957,0.000000,0.000000,0.039507,PAUSE
11958,0.000000,1.000000,0.020236,PAUSE
11959,0.000000,1.000000,0.009667,PAUSE
11960,1.000000,1.000000,0.004710,PAUSE
11961,0.000000,1.000000,0.002465,PAUSE
11962,0.000000,1.000000,0.001450,PAUSE
11963,0.000000,1.000000,0.000986,PAUSE
11964,1.000000,1.000000,0.000769,PAUSE
11965,1.000000,1.000000,0.000664,PAUSE
11966,0.000000,1.000000,0.000612,PAUSE
11967,0.000000,0.000000,0.007087,PAUSE
11968,1.000000,1.000000,0.004874,PAUSE
11969,0.000000,1.000000,0.002936,PAUSE
11970,1.000000,1.000000,0.001812,PAUSE
11971,0.000000,0.000000,0.010591,PAUSE
11972,0.000000,1.000000,0.006777,PAUSE
11973,0.000000,1.000000,0.003836,PAUSE
11974,0.000000,1.000000,0.002225,PAUSE
11975,0.000000,0.000000,0.011236,PAUSE
11976,0.000000,0.000000,0.056989,PAUSE
11977,0.000000,0.000000,0.161896,PAUSE
11978,1.000000,1.000000,0.077186,PAUSE
11979,1.000000,1.000000,0.033792,PAUSE
11980,0.000000,1.000000,0.014740,PAUSE
11981,1.000000,1.000000,0.006622,PAUSE
11982,0.000000,0.000000,0.013308,PAUSE
11983,0.000000,1.000000,0.007984,PAUSE
11984,0.000000,1.000000,0.004351,PAUSE
11985,0.000000,0.000000,0.015843,PAUSE
11986,0.000000,0.000000,0.069555,PAUSE
11987,1.000000,1.000000,0.035564,PAUSE
11988,1.000000,1.000000,0.016422,PAUSE
11989,1.000000,1.000000,0.007600,PAUSE
11990,0.000000,0.000000,0.016201,PAUSE
11991,1.000000,1.000000,0.009500,PAUSE
11992,1.000000,1.000000,0.005048,PAUSE
11993,1.000000,1.000000,0.002754,PAUSE
11994,0.000000,0.000000,0.011841,PAUSE
11995,0.000000,0.000000,0.058420,PAUSE
11996,0.000000,0.000000,0.164351,PAUSE
11997,1.000000,1.000000,0.078268,PAUSE
11998,0.000000,0.000000,0.090190,PAUSE
11999,1.000000,1.000000,0.043495,PAUSE
12000,0.000000,0.000000,0.060399,PAUSE
12001,0.000000,1.000000,0.030304,PAUSE
12002,0.000000,0.000000,0.050522,PAUSE
12003,0.000000,1.000000,0.025950,PAUSE
12004,0.000000,0.000000,0.047248,PAUSE
12005,0.000000,0.000000,0.131424,PAUSE
12006,0.000000,0.000000,0.272361,PAUSE
12007,0.000000,0.000000,0.437393,PAUSE
12008,1.000000,1.000000,0.195766,PAUSE
12009,1.000000,1.000000,0.082281,PAUSE
12010,0.000000,0.000000,0.062483,PAUSE
12011,0.000000,1.000000,0.029901,PAUSE
12012,1.000000,1.000000,0.013631,PAUSE
12013,0.000000,1.000000,0.006328,PAUSE
12014,0.000000,0.000000,0.014458,PAUSE
12015,1.000000,1.000000,0.008630,PAUSE
12016,0.000000,1.000000,0.004657,PAUSE
12017,0.000000,1.000000,0.002582,PAUSE
12018,1.000000,1.000000,0.001561,PAUSE
12019,0.000000,0.000000,0.009430,PAUSE
12020,0.000000,1.000000,0.006145,PAUSE
12021,0.000000,1.000000,0.003538,PAUSE
12022,0.000000,0.000000,0.014948,PAUSE
12023,0.000000,1.000000,0.009050,PAUSE
12024,0.000000,0.000000,0.028947,PAUSE
12025,0.000000,1.000000,0.016051,PAUSE
12026,0.000000,0.000000,0.038158,PAUSE
12027,0.000000,1.000000,0.020384,PAUSE
12028,0.000000,0.000000,0.042577,PAUSE
12029,0.000000,1.000000,0.022407,PAUSE
12030,0.000000,0.000000,0.044408,PAUSE
12031,0.000000,0.000000,0.127662,PAUSE
12032,0.000000,1.000000,0.061854,PAUSE
12033,0.000000,1.000000,0.027422,PAUSE
12034,0.000000,0.000000,0.034312,PAUSE
12035,0.000000,0.000000,0.099262,PAUSE
12036,0.000000,0.000000,0.226151,PAUSE
12037,0.000000,0.000000,0.388033,PAUSE
12038,0.000000,0.000000,0.549140,ALLOW
12039,1.000000,1.000000,0.242864,PAUSE
12040,0.000000,0.000000,0.182384,PAUSE
12041,1.000000,1.000000,0.082217,PAUSE
12042,0.000000,0.000000,0.082013,PAUSE
12043,0.000000,0.000000,0.166480,PAUSE
12044,0.000000,0.000000,0.310312,PAUSE
12045,1.000000,1.000000,0.141523,PAUSE
12046,1.000000,1.000000,0.060179,PAUSE
12047,0.000000,1.000000,0.025452,PAUSE
12048,0.000000,1.000000,0.010961,PAUSE
12049,1.000000,1.000000,0.004939,PAUSE
12050,1.000000,1.000000,0.002427,PAUSE
12051,0.000000,1.000000,0.001370,PAUSE
12052,0.000000,0.000000,0.007995,PAUSE
12053,1.000000,1.000000,0.005344,PAUSE
12054,0.000000,1.000000,0.003154,PAUSE
12055,1.000000,1.000000,0.001912,PAUSE
12056,0.000000,1.000000,0.001261,PAUSE
12057,0.000000,1.000000,0.000927,PAUSE
12058,1.000000,1.000000,0.000755,PAUSE
12059,0.000000,0.000000,0.007574,PAUSE
12060,1.000000,1.000000,0.005145,PAUSE
12061,1.000000,1.000000,0.003066,PAUSE
12062,0.000000,0.000000,0.014211,PAUSE
12063,1.000000,1.000000,0.008680,PAUSE
12064,0.000000,1.000000,0.004714,PAUSE
12065,1.000000,1.000000,0.002618,PAUSE
12066,1.000000,1.000000,0.001581,PAUSE
12067,0.000000,1.000000,0.001074,PAUSE
12068,0.000000,0.000000,0.008339,PAUSE
12069,1.000000,1.000000,0.005560,PAUSE
12070,0.000000,0.000000,0.023098,PAUSE
12071,1.000000,1.000000,0.013222,PAUSE
12072,1.000000,1.000000,0.006763,PAUSE
12073,0.000000,1.000000,0.003517,PAUSE
12074,0.000000,1.000000,0.001974,PAUSE
12075,0.000000,1.000000,0.001248,PAUSE
12076,0.000000,0.000000,0.008585,PAUSE
12077,0.000000,1.000000,0.005688,PAUSE
12078,0.000000,0.000000,0.023317,PAUSE
12079,1.000000,1.000000,0.013328,PAUSE
12080,0.000000,0.000000,0.035020,PAUSE
12081,0.000000,0.000000,0.112822,PAUSE
12082,0.000000,0.000000,0.248435,PAUSE
12083,0.000000,0.000000,0.412811,PAUSE
12084,0.000000,0.000000,0.571522,ALLOW
12085,0.000000,0.000000,0.703540,ALLOW
12086,1.000000,1.000000,0.307379,PAUSE
12087,1.000000,1.000000,0.127491,PAUSE
12088,0.000000,1.000000,0.052591,PAUSE
12089,1.000000,1.000000,0.021887,PAUSE
12090,0.000000,0.000000,0.020483,PAUSE
12091,0.000000,1.000000,0.011011,PAUSE
12092,0.000000,1.000000,0.005602,PAUSE
12093,1.000000,1.000000,0.002958,PAUSE
12094,0.000000,1.000000,0.001710,PAUSE
12095,0.000000,1.000000,0.001122,PAUSE
12096,0.000000,0.000000,0.008320,PAUSE
12097,0.000000,1.000000,0.005546,PAUSE
12098,1.000000,1.000000,0.003256,PAUSE
12099,0.000000,1.000000,0.001960,PAUSE
12100,0.000000,0.000000,0.010831,PAUSE
12101,0.000000,1.000000,0.006900,PAUSE
12102,0.000000,0.000000,0.025512,PAUSE
12103,0.000000,1.000000,0.014399,PAUSE
12104,1.000000,1.000000,0.007280,PAUSE
12105,1.000000,1.000000,0.003739,PAUSE
12106,1.000000,1.000000,0.002070,PAUSE
12107,0.000000,1.000000,0.001289,PAUSE
12108,0.000000,0.000000,0.008634,PAUSE
12109,0.000000,1.000000,0.005714,PAUSE
12110,0.000000,0.000000,0.023357,PAUSE
12111,1.000000,1.000000,0.013348,PAUSE
12112,0.000000,0.000000,0.035043,PAUSE
12113,0.000000,0.000000,0.112862,PAUSE
12114,1.000000,1.000000,0.055269,PAUSE
12115,1.000000,1.000000,0.024687,PAUSE
12116,0.000000,0.000000,0.032689,PAUSE
12117,0.000000,0.000000,0.097446,PAUSE
12118,0.000000,0.000000,0.223894,PAUSE
12119,1.000000,1.000000,0.104300,PAUSE
12120,1.000000,1.000000,0.044952,PAUSE
12121,0.000000,1.000000,0.019281,PAUSE
12122,1.000000,1.000000,0.008466,PAUSE
12123,1.000000,1.000000,0.003929,PAUSE
12124,1.000000,1.000000,0.002017,PAUSE
12125,1.000000,1.000000,0.001203,PAUSE
12126,0.000000,1.000000,0.000850,PAUSE
12127,0.000000,1.000000,0.000694,PAUSE
12128,1.000000,1.000000,0.000622,PAUSE
12129,0.000000,1.000000,0.000588,PAUSE
12130,0.000000,0.000000,0.006993,PAUSE
12131,1.000000,1.000000,0.004821,PAUSE
12132,0.000000,0.000000,0.021654,PAUSE
12133,0.000000,0.000000,0.085978,PAUSE
12134,1.000000,1.000000,0.043128,PAUSE
12135,0.000000,0.000000,0.064682,PAUSE
12136,0.000000,1.000000,0.032389,PAUSE
12137,1.000000,1.000000,0.014936,PAUSE
12138,0.000000,0.000000,0.025443,PAUSE
12139,0.000000,1.000000,0.013996,PAUSE
12140,0.000000,0.000000,0.034469,PAUSE
12141,0.000000,0.000000,0.110957,PAUSE
12142,0.000000,0.000000,0.245652,PAUSE
12143,0.000000,0.000000,0.409810,PAUSE
12144,0.000000,0.000000,0.568851,ALLOW
12145,0.000000,0.000000,0.701440,ALLOW
12146,1.000000,1.000000,0.306505,PAUSE
12147,0.000000,0.000000,0.213705,PAUSE
12148,1.000000,1.000000,0.095123,PAUSE
12149,0.000000,0.000000,0.088367,PAUSE
12150,0.000000,1.000000,0.042098,PAUSE
12151,1.000000,1.000000,0.018862,PAUSE
12152,0.000000,0.000000,0.027263,PAUSE
12153,0.000000,1.000000,0.014754,PAUSE
12154,1.000000,1.000000,0.007346,PAUSE
12155,0.000000,0.000000,0.019045,PAUSE
12156,0.000000,1.000000,0.011026,PAUSE
12157,0.000000,1.000000,0.005753,PAUSE
12158,1.000000,1.000000,0.003069,PAUSE
12159,1.000000,1.000000,0.001776,PAUSE
12160,1.000000,1.000000,0.001159,PAUSE
12161,0.000000,1.000000,0.000861,PAUSE
12162,0.000000,0.000000,0.007775,PAUSE
12163,0.000000,0.000000,0.046150,PAUSE
12164,1.000000,1.000000,0.024608,PAUSE
12165,0.000000,0.000000,0.048256,PAUSE
12166,0.000000,0.000000,0.134635,PAUSE
12167,0.000000,0.000000,0.276918,PAUSE
12168,1.000000,1.000000,0.127265,PAUSE
12169,0.000000,0.000000,0.120364,PAUSE
12170,0.000000,0.000000,0.212694,PAUSE
12171,1.000000,1.000000,0.098823,PAUSE
12172,1.000000,1.000000,0.042628,PAUSE
12173,0.000000,1.000000,0.018319,PAUSE
12174,0.000000,0.000000,0.022226,PAUSE
12175,0.000000,1.000000,0.012143,PAUSE
12176,1.000000,1.000000,0.006163,PAUSE
12177,0.000000,1.000000,0.003220,PAUSE
12178,0.000000,1.000000,0.001831,PAUSE
12179,0.000000,1.000000,0.001179,PAUSE
12180,0.000000,1.000000,0.000868,PAUSE
12181,0.000000,1.000000,0.000716,PAUSE
12182,0.000000,0.000000,0.007392,PAUSE
12183,0.000000,1.000000,0.005043,PAUSE
12184,1.000000,1.000000,0.003017,PAUSE
12185,0.000000,1.000000,0.001850,PAUSE
12186,1.000000,1.000000,0.001234,PAUSE
12187,1.000000,1.000000,0.000915,PAUSE
12188,1.000000,1.000000,0.000749,PAUSE
12189,0.000000,1.000000,0.000661,PAUSE
12190,0.000000,0.000000,0.007282,PAUSE
12191,0.000000,1.000000,0.004983,PAUSE
12192,0.000000,1.000000,0.002989,PAUSE
12193,0.000000,1.000000,0.001837,PAUSE
12194,0.000000,1.000000,0.001228,PAUSE
12195,1.000000,1.000000,0.000912,PAUSE
12196,0.000000,0.000000,0.008050,PAUSE
12197,0.000000,1.000000,0.005407,PAUSE
12198,1.000000,1.000000,0.003191,PAUSE
12199,1.000000,1.000000,0.001931,PAUSE
12200,0.000000,1.000000,0.001271,PAUSE
12201,0.000000,0.000000,0.009019,PAUSE
12202,1.000000,1.000000,0.005932,PAUSE
12203,1.000000,1.000000,0.003440,PAUSE
12204,0.000000,0.000000,0.014809,PAUSE
12205,0.000000,1.000000,0.008980,PAUSE
12206,0.000000,1.000000,0.004850,PAUSE
12207,0.000000,0.000000,0.016765,PAUSE
12208,0.000000,0.000000,0.071847,PAUSE
12209,0.000000,0.000000,0.187072,PAUSE
12210,1.000000,1.000000,0.088260,PAUSE
12211,0.000000,0.000000,0.096699,PAUSE
12212,1.000000,1.000000,0.046287,PAUSE
12213,0.000000,0.000000,0.062168,PAUSE
12214,1.000000,1.000000,0.031067,PAUSE
12215,1.000000,1.000000,0.014349,PAUSE
12216,0.000000,1.000000,0.006692,PAUSE
12217,0.000000,0.000000,0.015221,PAUSE
12218,1.000000,1.000000,0.009022,PAUSE
12219,0.000000,1.000000,0.004836,PAUSE
12220,0.000000,0.000000,0.016542,PAUSE
12221,0.000000,1.000000,0.009831,PAUSE
12222,0.000000,0.000000,0.029966,PAUSE
12223,0.000000,0.000000,0.103309,PAUSE
12224,0.000000,1.000000,0.050978,PAUSE
12225,0.000000,0.000000,0.070752,PAUSE
12226,0.000000,0.000000,0.163982,PAUSE
12227,1.000000,1.000000,0.077836,PAUSE
12228,1.000000,1.000000,0.034026,PAUSE
12229,0.000000,0.000000,0.038040,PAUSE
12230,0.000000,1.000000,0.019593,PAUSE
12231,1.000000,1.000000,0.009397,PAUSE
12232,0.000000,0.000000,0.020628,PAUSE
12233,0.000000,0.000000,0.078642,PAUSE
12234,0.000000,0.000000,0.197328,PAUSE
12235,0.000000,0.000000,0.356342,PAUSE
12236,0.000000,1.000000,0.161341,PAUSE
12237,0.000000,0.000000,0.139666,PAUSE
12238,0.000000,0.000000,0.228350,PAUSE
12239,1.000000,1.000000,0.105479,PAUSE
12240,0.000000,0.000000,0.105508,PAUSE
12241,0.000000,0.000000,0.197861,PAUSE
12242,0.000000,1.000000,0.092439,PAUSE
12243,0.000000,0.000000,0.097995,PAUSE
12244,1.000000,1.000000,0.046778,PAUSE
12245,1.000000,1.000000,0.020880,PAUSE
12246,1.000000,1.000000,0.009375,PAUSE
12247,0.000000,0.000000,0.016851,PAUSE
12248,0.000000,0.000000,0.067225,PAUSE
12249,0.000000,1.000000,0.034430,PAUSE
12250,0.000000,0.000000,0.057191,PAUSE
12251,1.000000,1.000000,0.029056,PAUSE
12252,0.000000,0.000000,0.050157,PAUSE
12253,0.000000,0.000000,0.135613,PAUSE
12254,0.000000,0.000000,0.277563,PAUSE
12255,0.000000,0.000000,0.442625,PAUSE
12256,0.000000,1.000000,0.197979,PAUSE
12257,1.000000,1.000000,0.083180,PAUSE
12258,0.000000,1.000000,0.034747,PAUSE
12259,1.000000,1.000000,0.014711,PAUSE
12260,0.000000,1.000000,0.006452,PAUSE
12261,1.000000,1.000000,0.003039,PAUSE
12262,0.000000,0.000000,0.009303,PAUSE
12263,1.000000,1.000000,0.005976,PAUSE
12264,0.000000,0.000000,0.023433,PAUSE
12265,0.000000,0.000000,0.089747,PAUSE
12266,0.000000,0.000000,0.215509,PAUSE
12267,0.000000,1.000000,0.100690,PAUSE
12268,0.000000,1.000000,0.043475,PAUSE
12269,1.000000,1.000000,0.018682,PAUSE
12270,0.000000,0.000000,0.022541,PAUSE
12271,0.000000,0.000000,0.074798,PAUSE
12272,0.000000,0.000000,0.189185,PAUSE
12273,0.000000,1.000000,0.089153,PAUSE
12274,0.000000,1.000000,0.038724,PAUSE
12275,0.000000,1.000000,0.016749,PAUSE
12276,0.000000,1.000000,0.007438,PAUSE
12277,1.000000,1.000000,0.003512,PAUSE
12278,1.000000,1.000000,0.001847,PAUSE
12279,1.000000,1.000000,0.001133,PAUSE
12280,0.000000,0.000000,0.007847,PAUSE
12281,1.000000,1.000000,0.005275,PAUSE
12282,0.000000,0.000000,0.022484,PAUSE
12283,0.000000,1.000000,0.012918,PAUSE
12284,1.000000,1.000000,0.006628,PAUSE
12285,0.000000,1.000000,0.003459,PAUSE
12286,1.000000,1.000000,0.001949,PAUSE
12287,1.000000,1.000000,0.001237,PAUSE
12288,0.000000,0.000000,0.008572,PAUSE
12289,0.000000,0.000000,0.048678,PAUSE
12290,1.000000,1.000000,0.025806,PAUSE
12291,1.000000,1.000000,0.012270,PAUSE
12292,1.000000,1.000000,0.005867,PAUSE
12293,0.000000,0.000000,0.014950,PAUSE
12294,0.000000,0.000000,0.065075,PAUSE
12295,0.000000,0.000000,0.175374,PAUSE
12296,0.000000,0.000000,0.330630,PAUSE
12297,0.000000,0.000000,0.495936,PAUSE
12298,1.000000,1.000000,0.220496,PAUSE
12299,1.000000,1.000000,0.092322,PAUSE
12300,0.000000,0.000000,0.067157,PAUSE
12301,0.000000,0.000000,0.126751,PAUSE
12302,0.000000,0.000000,0.255329,PAUSE
12303,0.000000,0.000000,0.416791,PAUSE
12304,1.000000,1.000000,0.186997,PAUSE
12305,0.000000,0.000000,0.153415,PAUSE
12306,1.000000,1.000000,0.070190,PAUSE
12307,0.000000,1.000000,0.030452,PAUSE
12308,0.000000,1.000000,0.013262,PAUSE
12309,0.000000,1.000000,0.005979,PAUSE
12310,0.000000,1.000000,0.002899,PAUSE
12311,0.000000,0.000000,0.009762,PAUSE
12312,0.000000,0.000000,0.050897,PAUSE
12313,0.000000,0.000000,0.150519,PAUSE
12314,1.000000,1.000000,0.072149,PAUSE
12315,1.000000,1.000000,0.031708,PAUSE
12316,0.000000,0.000000,0.036895,PAUSE
12317,1.000000,1.000000,0.019111,PAUSE
12318,0.000000,0.000000,0.038872,PAUSE
12319,1.000000,1.000000,0.020620,PAUSE
12320,0.000000,0.000000,0.042471,PAUSE
12321,0.000000,0.000000,0.124598,PAUSE
12322,1.000000,1.000000,0.060493,PAUSE
12323,0.000000,0.000000,0.077623,PAUSE
12324,1.000000,1.000000,0.038048,PAUSE
12325,0.000000,0.000000,0.056741,PAUSE
12326,1.000000,1.000000,0.028713,PAUSE
12327,0.000000,0.000000,0.049405,PAUSE
12328,0.000000,1.000000,0.025460,PAUSE
12329,1.000000,1.000000,0.012011,PAUSE
12330,1.000000,1.000000,0.005728,PAUSE
12331,1.000000,1.000000,0.002904,PAUSE
12332,0.000000,1.000000,0.001641,PAUSE
12333,0.000000,0.000000,0.008971,PAUSE
12334,0.000000,0.000000,0.049632,PAUSE
12335,0.000000,0.000000,0.148428,PAUSE
12336,0.000000,0.000000,0.297470,PAUSE
12337,1.000000,1.000000,0.136144,PAUSE
12338,1.000000,1.000000,0.057998,PAUSE
12339,0.000000,1.000000,0.024573,PAUSE
12340,0.000000,1.000000,0.010607,PAUSE
12341,1.000000,1.000000,0.004796,PAUSE
12342,1.000000,1.000000,0.002370,PAUSE
12343,0.000000,1.000000,0.001347,PAUSE
12344,0.000000,0.000000,0.007982,PAUSE
12345,0.000000,0.000000,0.046279,PAUSE
12346,0.000000,0.000000,0.142067,PAUSE
12347,0.000000,1.000000,0.068401,PAUSE
12348,1.000000,1.000000,0.030156,PAUSE
12349,0.000000,1.000000,0.013254,PAUSE
12350,0.000000,0.000000,0.019657,PAUSE
12351,0.000000,0.000000,0.071758,PAUSE
12352,1.000000,1.000000,0.036496,PAUSE
12353,1.000000,1.000000,0.016803,PAUSE
12354,0.000000,1.000000,0.007755,PAUSE
12355,1.000000,1.000000,0.003758,PAUSE
12356,1.000000,1.000000,0.002003,PAUSE
12357,0.000000,1.000000,0.001225,PAUSE
12358,0.000000,0.000000,0.008213,PAUSE
12359,1.000000,1.000000,0.005478,PAUSE
12360,1.000000,1.000000,0.003222,PAUSE
12361,0.000000,1.000000,0.001944,PAUSE
12362,0.000000,1.000000,0.001276,PAUSE
12363,1.000000,1.000000,0.000934,PAUSE
12364,0.000000,0.000000,0.008093,PAUSE
12365,0.000000,0.000000,0.047274,PAUSE
12366,0.000000,0.000000,0.144095,PAUSE
12367,0.000000,0.000000,0.291948,PAUSE
12368,0.000000,1.000000,0.133772,PAUSE
12369,0.000000,1.000000,0.057029,PAUSE
12370,0.000000,0.000000,0.050302,PAUSE
12371,0.000000,0.000000,0.114476,PAUSE
12372,0.000000,1.000000,0.055636,PAUSE
12373,1.000000,1.000000,0.024791,PAUSE
12374,1.000000,1.000000,0.011041,PAUSE
12375,0.000000,1.000000,0.005107,PAUSE
12376,0.000000,0.000000,0.012385,PAUSE
12377,0.000000,0.000000,0.057440,PAUSE
12378,0.000000,0.000000,0.162063,PAUSE
12379,0.000000,0.000000,0.314418,PAUSE
12380,0.000000,0.000000,0.480254,PAUSE
12381,0.000000,1.000000,0.213885,PAUSE
12382,0.000000,1.000000,0.089640,PAUSE
12383,0.000000,1.000000,0.037353,PAUSE
12384,1.000000,1.000000,0.015760,PAUSE
12385,1.000000,1.000000,0.006875,PAUSE
12386,1.000000,1.000000,0.003209,PAUSE
12387,1.000000,1.000000,0.001687,PAUSE
12388,1.000000,1.000000,0.001048,PAUSE
12389,0.000000,1.000000,0.000775,PAUSE
12390,0.000000,0.000000,0.007263,PAUSE
12391,1.000000,1.000000,0.004964,PAUSE
12392,1.000000,1.000000,0.002978,PAUSE
12393,0.000000,0.000000,0.014050,PAUSE
12394,0.000000,0.000000,0.065431,PAUSE
12395,1.000000,1.000000,0.033662,PAUSE
12396,0.000000,1.000000,0.015618,PAUSE
12397,0.000000,1.000000,0.007266,PAUSE
12398,1.000000,1.000000,0.003557,PAUSE
12399,0.000000,0.000000,0.011405,PAUSE
12400,1.000000,1.000000,0.007120,PAUSE
12401,0.000000,0.000000,0.025547,PAUSE
12402,0.000000,0.000000,0.094333,PAUSE
12403,0.000000,0.000000,0.222312,PAUSE
12404,0.000000,0.000000,0.384705,PAUSE
12405,1.000000,1.000000,0.173424,PAUSE
12406,1.000000,1.000000,0.073197,PAUSE
12407,0.000000,0.000000,0.058188,PAUSE
12408,0.000000,0.000000,0.120523,PAUSE
12409,0.000000,0.000000,0.249576,PAUSE
12410,0.000000,0.000000,0.411471,PAUSE
12411,0.000000,0.000000,0.569586,ALLOW
12412,1.000000,1.000000,0.251431,PAUSE
12413,1.000000,1.000000,0.104859,PAUSE
12414,0.000000,0.000000,0.072883,PAUSE
12415,0.000000,0.000000,0.130443,PAUSE
12416,0.000000,0.000000,0.258526,PAUSE
12417,1.000000,1.000000,0.119155,PAUSE
12418,1.000000,1.000000,0.051025,PAUSE
12419,0.000000,0.000000,0.047156,PAUSE
12420,0.000000,1.000000,0.023483,PAUSE
12421,1.000000,1.000000,0.011005,PAUSE
12422,1.000000,1.000000,0.005258,PAUSE
12423,0.000000,1.000000,0.002689,PAUSE
12424,0.000000,0.000000,0.010453,PAUSE
12425,0.000000,0.000000,0.053669,PAUSE
12426,1.000000,1.000000,0.028152,PAUSE
12427,0.000000,0.000000,0.051654,PAUSE
12428,0.000000,1.000000,0.026579,PAUSE
12429,0.000000,1.000000,0.012501,PAUSE
12430,0.000000,0.000000,0.023805,PAUSE
12431,0.000000,0.000000,0.084653,PAUSE
12432,0.000000,0.000000,0.206346,PAUSE
12433,0.000000,0.000000,0.366534,PAUSE
12434,1.000000,1.000000,0.165684,PAUSE
12435,0.000000,0.000000,0.142041,PAUSE
12436,1.000000,1.000000,0.065447,PAUSE
12437,1.000000,1.000000,0.028523,PAUSE
12438,1.000000,1.000000,0.012482,PAUSE
12439,1.000000,1.000000,0.005664,PAUSE
12440,1.000000,1.000000,0.002772,PAUSE
12441,0.000000,0.000000,0.009696,PAUSE
12442,0.000000,0.000000,0.050822,PAUSE
12443,1.000000,1.000000,0.026805,PAUSE
12444,0.000000,0.000000,0.050355,PAUSE
12445,0.000000,0.000000,0.137657,PAUSE
12446,0.000000,1.000000,0.066294,PAUSE
12447,0.000000,1.000000,0.029263,PAUSE
12448,0.000000,0.000000,0.035389,PAUSE
12449,0.000000,0.000000,0.100439,PAUSE
12450,0.000000,0.000000,0.227596,PAUSE
12451,0.000000,0.000000,0.389542,PAUSE
12452,0.000000,1.000000,0.175466,PAUSE
12453,1.000000,1.000000,0.074027,PAUSE
12454,0.000000,1.000000,0.031053,PAUSE
12455,0.000000,0.000000,0.028515,PAUSE
12456,1.000000,1.000000,0.014813,PAUSE
12457,0.000000,0.000000,0.032883,PAUSE
12458,0.000000,0.000000,0.106408,PAUSE
12459,1.000000,1.000000,0.052340,PAUSE
12460,1.000000,1.000000,0.023462,PAUSE
12461,1.000000,1.000000,0.010507,PAUSE
12462,0.000000,0.000000,0.018044,PAUSE
12463,1.000000,1.000000,0.010330,PAUSE
12464,0.000000,0.000000,0.029666,PAUSE
12465,0.000000,0.000000,0.102133,PAUSE
12466,0.000000,0.000000,0.233418,PAUSE
12467,0.000000,0.000000,0.396761,PAUSE
12468,1.000000,1.000000,0.178546,PAUSE
12469,0.000000,0.000000,0.149009,PAUSE
12470,0.000000,1.000000,0.068359,PAUSE
12471,0.000000,1.000000,0.029708,PAUSE
12472,0.000000,0.000000,0.033535,PAUSE
12473,1.000000,1.000000,0.017485,PAUSE
12474,1.000000,1.000000,0.008487,PAUSE
12475,0.000000,0.000000,0.019830,PAUSE
12476,1.000000,1.000000,0.011382,PAUSE
12477,0.000000,1.000000,0.005905,PAUSE
12478,0.000000,1.000000,0.003133,PAUSE
12479,0.000000,0.000000,0.012306,PAUSE
12480,0.000000,1.000000,0.007642,PAUSE
12481,0.000000,1.000000,0.004229,PAUSE
12482,0.000000,1.000000,0.002399,PAUSE
12483,0.000000,1.000000,0.001482,PAUSE
12484,1.000000,1.000000,0.001029,PAUSE
12485,0.000000,1.000000,0.000802,PAUSE
12486,1.000000,1.000000,0.000687,PAUSE
12487,0.000000,1.000000,0.000627,PAUSE
12488,1.000000,1.000000,0.000594,PAUSE
12489,0.000000,1.000000,0.000577,PAUSE
12490,0.000000,0.000000,0.006981,PAUSE
12491,0.000000,1.000000,0.004816,PAUSE
12492,1.000000,1.000000,0.002908,PAUSE
12493,0.000000,1.000000,0.001799,PAUSE
12494,1.000000,1.000000,0.001210,PAUSE
12495,0.000000,0.000000,0.008909,PAUSE
12496,1.000000,1.000000,0.005874,PAUSE
12497,1.000000,1.000000,0.003413,PAUSE
12498,0.000000,0.000000,0.014769,PAUSE
12499,1.000000,1.000000,0.008960,PAUSE
12500,0.000000,1.000000,0.004841,PAUSE
12501,0.000000,1.000000,0.002674,PAUSE
12502,0.000000,0.000000,0.011834,PAUSE
12503,0.000000,0.000000,0.058494,PAUSE
12504,0.000000,0.000000,0.164501,PAUSE
12505,1.000000,1.000000,0.078335,PAUSE
12506,0.000000,0.000000,0.090234,PAUSE
12507,1.000000,1.000000,0.043515,PAUSE
12508,0.000000,0.000000,0.060412,PAUSE
12509,1.000000,1.000000,0.030309,PAUSE
12510,0.000000,0.000000,0.050526,PAUSE
12511,0.000000,0.000000,0.135523,PAUSE
12512,0.000000,1.000000,0.065314,PAUSE
12513,0.000000,1.000000,0.028852,PAUSE
12514,1.000000,1.000000,0.012715,PAUSE
12515,0.000000,0.000000,0.019314,PAUSE
12516,0.000000,0.000000,0.071279,PAUSE
12517,0.000000,0.000000,0.184519,PAUSE
12518,1.000000,1.000000,0.087120,PAUSE
12519,1.000000,1.000000,0.037888,PAUSE
12520,0.000000,0.000000,0.040333,PAUSE
12521,1.000000,1.000000,0.020590,PAUSE
12522,0.000000,0.000000,0.039906,PAUSE
12523,1.000000,1.000000,0.021077,PAUSE
12524,0.000000,1.000000,0.010143,PAUSE
12525,0.000000,1.000000,0.004946,PAUSE
12526,0.000000,0.000000,0.014012,PAUSE
12527,1.000000,1.000000,0.008466,PAUSE
12528,0.000000,0.000000,0.027665,PAUSE
12529,0.000000,0.000000,0.098645,PAUSE
12530,0.000000,0.000000,0.228561,PAUSE
12531,0.000000,0.000000,0.391534,PAUSE
12532,0.000000,0.000000,0.552553,ALLOW
12533,0.000000,0.000000,0.688582,ALLOW
12534,0.000000,0.000000,0.792043,ALLOW
12535,0.000000,0.000000,0.865294,ALLOW
12536,0.000000,1.000000,0.374423,PAUSE
12537,0.000000,1.000000,0.154550,PAUSE
12538,0.000000,0.000000,0.094854,PAUSE
12539,0.000000,1.000000,0.043187,PAUSE
12540,0.000000,1.000000,0.019013,PAUSE
12541,0.000000,1.000000,0.008502,PAUSE
12542,0.000000,1.000000,0.004003,PAUSE
12543,0.000000,1.000000,0.002076,PAUSE
12544,0.000000,1.000000,0.001242,PAUSE
12545,0.000000,0.000000,0.008078,PAUSE
12546,0.000000,1.000000,0.005400,PAUSE
12547,1.000000,1.000000,0.003184,PAUSE
12548,0.000000,1.000000,0.001926,PAUSE
12549,1.000000,1.000000,0.001268,PAUSE
12550,1.000000,1.000000,0.000930,PAUSE
12551,1.000000,1.000000,0.000756,PAUSE
12552,0.000000,0.000000,0.007578,PAUSE
12553,0.000000,0.000000,0.045530,PAUSE
12554,0.000000,0.000000,0.140755,PAUSE
12555,0.000000,0.000000,0.287633,PAUSE
12556,1.000000,1.000000,0.131915,PAUSE
12557,1.000000,1.000000,0.056270,PAUSE
12558,1.000000,1.000000,0.023873,PAUSE
12559,1.000000,1.000000,0.010324,PAUSE
12560,0.000000,0.000000,0.015219,PAUSE
12561,0.000000,0.000000,0.060816,PAUSE
12562,0.000000,0.000000,0.166949,PAUSE
12563,1.000000,1.000000,0.079395,PAUSE
12564,1.000000,1.000000,0.034702,PAUSE
12565,0.000000,1.000000,0.015110,PAUSE
12566,0.000000,1.000000,0.006772,PAUSE
12567,0.000000,1.000000,0.003241,PAUSE
12568,0.000000,1.000000,0.001737,PAUSE
12569,0.000000,1.000000,0.001088,PAUSE
12570,1.000000,1.000000,0.000803,PAUSE
12571,1.000000,1.000000,0.000674,PAUSE
12572,0.000000,1.000000,0.000614,PAUSE
12573,0.000000,1.000000,0.000585,PAUSE
12574,1.000000,1.000000,0.000570,PAUSE
12575,0.000000,0.000000,0.006946,PAUSE
12576,0.000000,0.000000,0.043294,PAUSE
12577,0.000000,1.000000,0.023246,PAUSE
12578,0.000000,1.000000,0.011170,PAUSE
12579,0.000000,1.000000,0.005405,PAUSE
12580,0.000000,0.000000,0.014586,PAUSE
12581,0.000000,1.000000,0.008751,PAUSE
12582,0.000000,1.000000,0.004723,PAUSE
12583,1.000000,1.000000,0.002615,PAUSE
12584,0.000000,1.000000,0.001577,PAUSE
12585,0.000000,0.000000,0.009465,PAUSE
12586,1.000000,1.000000,0.006163,PAUSE
12587,1.000000,1.000000,0.003547,PAUSE
12588,1.000000,1.000000,0.002093,PAUSE
12589,0.000000,0.000000,0.011036,PAUSE
12590,0.000000,1.000000,0.007005,PAUSE
12591,0.000000,1.000000,0.003941,PAUSE
12592,0.000000,0.000000,0.015545,PAUSE
12593,0.000000,0.000000,0.069074,PAUSE
12594,0.000000,0.000000,0.182607,PAUSE
12595,0.000000,0.000000,0.339374,PAUSE
12596,1.000000,1.000000,0.154099,PAUSE
12597,0.000000,0.000000,0.135675,PAUSE
12598,0.000000,1.000000,0.062782,PAUSE
12599,1.000000,1.000000,0.027438,PAUSE
12600,1.000000,1.000000,0.012042,PAUSE
12601,1.000000,1.000000,0.005486,PAUSE
12602,0.000000,1.000000,0.002700,PAUSE
12603,0.000000,1.000000,0.001507,PAUSE
12604,0.000000,1.000000,0.000989,PAUSE
12605,1.000000,1.000000,0.000759,PAUSE
12606,1.000000,1.000000,0.000654,PAUSE
12607,0.000000,0.000000,0.007149,PAUSE
12608,0.000000,0.000000,0.043982,PAUSE
12609,0.000000,0.000000,0.137738,PAUSE
12610,0.000000,1.000000,0.066477,PAUSE
12611,0.000000,1.000000,0.029358,PAUSE
12612,0.000000,0.000000,0.035540,PAUSE
12613,1.000000,1.000000,0.018524,PAUSE
12614,0.000000,0.000000,0.038443,PAUSE
12615,1.000000,1.000000,0.020430,PAUSE
12616,1.000000,1.000000,0.009872,PAUSE
12617,0.000000,0.000000,0.021713,PAUSE
12618,0.000000,1.000000,0.012300,PAUSE
12619,0.000000,1.000000,0.006311,PAUSE
12620,1.000000,1.000000,0.003308,PAUSE
12621,0.000000,1.000000,0.001879,PAUSE
12622,1.000000,1.000000,0.001204,PAUSE
12623,1.000000,1.000000,0.000881,PAUSE
12624,0.000000,0.000000,0.007803,PAUSE
12625,0.000000,1.000000,0.005268,PAUSE
12626,0.000000,1.000000,0.003124,PAUSE
12627,1.000000,1.000000,0.001900,PAUSE
12628,0.000000,0.000000,0.010736,PAUSE
12629,0.000000,0.000000,0.055655,PAUSE
12630,0.000000,1.000000,0.029097,PAUSE
12631,0.000000,1.000000,0.013677,PAUSE
12632,0.000000,1.000000,0.006457,PAUSE
12633,0.000000,0.000000,0.015395,PAUSE
12634,0.000000,0.000000,0.065837,PAUSE
12635,0.000000,1.000000,0.033814,PAUSE
12636,0.000000,0.000000,0.056736,PAUSE
12637,1.000000,1.000000,0.028856,PAUSE
12638,0.000000,1.000000,0.013458,PAUSE
12639,0.000000,1.000000,0.006333,PAUSE
12640,0.000000,0.000000,0.015061,PAUSE
12641,0.000000,0.000000,0.064908,PAUSE
12642,1.000000,1.000000,0.033382,PAUSE
12643,0.000000,0.000000,0.056354,PAUSE
12644,1.000000,1.000000,0.028686,PAUSE
12645,1.000000,1.000000,0.013386,PAUSE
12646,0.000000,1.000000,0.006303,PAUSE
12647,1.000000,1.000000,0.003145,PAUSE
12648,0.000000,1.000000,0.001742,PAUSE
12649,1.000000,1.000000,0.001113,PAUSE
12650,1.000000,1.000000,0.000826,PAUSE
12651,1.000000,1.000000,0.000690,PAUSE
12652,0.000000,0.000000,0.007276,PAUSE
12653,0.000000,0.000000,0.044438,PAUSE
12654,0.000000,0.000000,0.138628,PAUSE
12655,1.000000,1.000000,0.066873,PAUSE
12656,0.000000,0.000000,0.082455,PAUSE
12657,0.000000,0.000000,0.177127,PAUSE
12658,0.000000,0.000000,0.325851,PAUSE
12659,0.000000,1.000000,0.148218,PAUSE
12660,0.000000,1.000000,0.062916,PAUSE
12661,0.000000,1.000000,0.026560,PAUSE
12662,0.000000,1.000000,0.011409,PAUSE
12663,1.000000,1.000000,0.005120,PAUSE
12664,1.000000,1.000000,0.002500,PAUSE
12665,0.000000,0.000000,0.009028,PAUSE
12666,0.000000,0.000000,0.048695,PAUSE
12667,1.000000,1.000000,0.025799,PAUSE
12668,0.000000,0.000000,0.049380,PAUSE
12669,0.000000,0.000000,0.136245,PAUSE
12670,0.000000,0.000000,0.278908,PAUSE
12671,1.000000,1.000000,0.128121,PAUSE
12672,1.000000,1.000000,0.054714,PAUSE
12673,0.000000,0.000000,0.049121,PAUSE
12674,0.000000,0.000000,0.113477,PAUSE
12675,0.000000,0.000000,0.242480,PAUSE
12676,1.000000,1.000000,0.112309,PAUSE
12677,0.000000,0.000000,0.111354,PAUSE
12678,1.000000,1.000000,0.052518,PAUSE
12679,0.000000,0.000000,0.065917,PAUSE
12680,0.000000,0.000000,0.153034,PAUSE
12681,0.000000,0.000000,0.297184,PAUSE
12682,1.000000,1.000000,0.135938,PAUSE
12683,1.000000,1.000000,0.057904,PAUSE
12684,0.000000,0.000000,0.050694,PAUSE
12685,0.000000,1.000000,0.024979,PAUSE
12686,0.000000,1.000000,0.011620,PAUSE
12687,1.000000,1.000000,0.005510,PAUSE
12688,1.000000,1.000000,0.002792,PAUSE
12689,1.000000,1.000000,0.001585,PAUSE
12690,0.000000,1.000000,0.001042,PAUSE
12691,1.000000,1.000000,0.000792,PAUSE
12692,0.000000,1.000000,0.000674,PAUSE
12693,0.000000,1.000000,0.000617,PAUSE
12694,0.000000,1.000000,0.000588,PAUSE
12695,1.000000,1.000000,0.000572,PAUSE
12696,1.000000,1.000000,0.000564,PAUSE
12697,0.000000,1.000000,0.000559,PAUSE
12698,1.000000,1.000000,0.000557,PAUSE
12699,0.000000,0.000000,0.006902,PAUSE
12700,0.000000,1.000000,0.004771,PAUSE
12701,0.000000,1.000000,0.002886,PAUSE
12702,0.000000,0.000000,0.013903,PAUSE
12703,1.000000,1.000000,0.008523,PAUSE
12704,0.000000,0.000000,0.028198,PAUSE
12705,0.000000,0.000000,0.099956,PAUSE
12706,0.000000,0.000000,0.230504,PAUSE
12707,0.000000,1.000000,0.107211,PAUSE
12708,0.000000,1.000000,0.046151,PAUSE
12709,1.000000,1.000000,0.019769,PAUSE
12710,0.000000,0.000000,0.023092,PAUSE
12711,0.000000,0.000000,0.075321,PAUSE
12712,0.000000,0.000000,0.189833,PAUSE
12713,0.000000,1.000000,0.089434,PAUSE
12714,1.000000,1.000000,0.038840,PAUSE
12715,0.000000,1.000000,0.016796,PAUSE
12716,0.000000,0.000000,0.021559,PAUSE
12717,0.000000,0.000000,0.073807,PAUSE
12718,0.000000,0.000000,0.187918,PAUSE
12719,0.000000,0.000000,0.345007,PAUSE
12720,0.000000,0.000000,0.509473,ALLOW
12721,0.000000,1.000000,0.226194,PAUSE
12722,0.000000,1.000000,0.094633,PAUSE
12723,0.000000,1.000000,0.039365,PAUSE
12724,0.000000,0.000000,0.032303,PAUSE
12725,0.000000,0.000000,0.082527,PAUSE
12726,0.000000,0.000000,0.197769,PAUSE
12727,0.000000,0.000000,0.355400,PAUSE
12728,0.000000,0.000000,0.518935,ALLOW
12729,0.000000,0.000000,0.661421,ALLOW
12730,0.000000,0.000000,0.772034,ALLOW
12731,0.000000,0.000000,0.851444,ALLOW
12732,1.000000,1.000000,0.368702,PAUSE
12733,0.000000,0.000000,0.243136,PAUSE
12734,0.000000,0.000000,0.296636,PAUSE
12735,0.000000,0.000000,0.428448,PAUSE
12736,0.000000,0.000000,0.574935,ALLOW
12737,0.000000,0.000000,0.702910,ALLOW
12738,1.000000,1.000000,0.307062,PAUSE
12739,0.000000,0.000000,0.213861,PAUSE
12740,0.000000,0.000000,0.279093,PAUSE
12741,0.000000,0.000000,0.415960,PAUSE
12742,0.000000,0.000000,0.565649,ALLOW
12743,0.000000,0.000000,0.696172,ALLOW
12744,0.000000,0.000000,0.796637,ALLOW
12745,1.000000,1.000000,0.346011,PAUSE
12746,0.000000,0.000000,0.232484,PAUSE
12747,0.000000,1.000000,0.102822,PAUSE
12748,0.000000,1.000000,0.043663,PAUSE
12749,0.000000,1.000000,0.018589,PAUSE
12750,0.000000,1.000000,0.008126,PAUSE
12751,1.000000,1.000000,0.003765,PAUSE
12752,0.000000,1.000000,0.001938,PAUSE
12753,1.000000,1.000000,0.001164,PAUSE
12754,0.000000,1.000000,0.000830,PAUSE
12755,1.000000,1.000000,0.000683,PAUSE
12756,0.000000,1.000000,0.000617,PAUSE
12757,0.000000,0.000000,0.007050,PAUSE
12758,1.000000,1.000000,0.004852,PAUSE
12759,1.000000,1.000000,0.002925,PAUSE
12760,1.000000,1.000000,0.001807,PAUSE
12761,1.000000,1.000000,0.001214,PAUSE
12762,0.000000,1.000000,0.000905,PAUSE
12763,0.000000,1.000000,0.000744,PAUSE
12764,0.000000,0.000000,0.007551,PAUSE
12765,0.000000,1.000000,0.005133,PAUSE
12766,1.000000,1.000000,0.003060,PAUSE
12767,0.000000,1.000000,0.001870,PAUSE
12768,1.000000,1.000000,0.001243,PAUSE
12769,1.000000,1.000000,0.000919,PAUSE
12770,0.000000,1.000000,0.000751,PAUSE
12771,1.000000,1.000000,0.000662,PAUSE
12772,1.000000,1.000000,0.000614,PAUSE
12773,0.000000,0.000000,0.007122,PAUSE
12774,0.000000,1.000000,0.004894,PAUSE
12775,1.000000,1.000000,0.002946,PAUSE
12776,0.000000,1.000000,0.001817,PAUSE
12777,0.000000,0.000000,0.010599,PAUSE
12778,0.000000,0.000000,0.055281,PAUSE
12779,1.000000,1.000000,0.028922,PAUSE
12780,0.000000,0.000000,0.052414,PAUSE
12781,0.000000,0.000000,0.140624,PAUSE
12782,0.000000,1.000000,0.067603,PAUSE
12783,0.000000,1.000000,0.029805,PAUSE
12784,0.000000,0.000000,0.035698,PAUSE
12785,1.000000,1.000000,0.018585,PAUSE
12786,0.000000,0.000000,0.038458,PAUSE
12787,0.000000,0.000000,0.116839,PAUSE
12788,1.000000,1.000000,0.057019,PAUSE
12789,0.000000,1.000000,0.025412,PAUSE
12790,0.000000,1.000000,0.011307,PAUSE
12791,1.000000,1.000000,0.005220,PAUSE
12792,0.000000,0.000000,0.012489,PAUSE
12793,0.000000,0.000000,0.057659,PAUSE
12794,0.000000,1.000000,0.030003,PAUSE
12795,0.000000,1.000000,0.014058,PAUSE
12796,0.000000,0.000000,0.025537,PAUSE
12797,0.000000,0.000000,0.087974,PAUSE
12798,1.000000,1.000000,0.043956,PAUSE
12799,0.000000,1.000000,0.019949,PAUSE
12800,1.000000,1.000000,0.009058,PAUSE
12801,0.000000,1.000000,0.004296,PAUSE
12802,0.000000,1.000000,0.002226,PAUSE
12803,0.000000,0.000000,0.009488,PAUSE
12804,0.000000,1.000000,0.006134,PAUSE
12805,0.000000,1.000000,0.003525,PAUSE
12806,0.000000,0.000000,0.014873,PAUSE
12807,1.000000,1.000000,0.009010,PAUSE
12808,0.000000,0.000000,0.028884,PAUSE
12809,0.000000,0.000000,0.101281,PAUSE
12810,0.000000,0.000000,0.232386,PAUSE
12811,0.000000,1.000000,0.108027,PAUSE
12812,0.000000,1.000000,0.046486,PAUSE
12813,0.000000,1.000000,0.019905,PAUSE
12814,0.000000,0.000000,0.023160,PAUSE
12815,0.000000,0.000000,0.075384,PAUSE
12816,1.000000,1.000000,0.038108,PAUSE
12817,1.000000,1.000000,0.017475,PAUSE
12818,1.000000,1.000000,0.008031,PAUSE
12819,0.000000,1.000000,0.003872,PAUSE
12820,0.000000,1.000000,0.002050,PAUSE
12821,0.000000,1.000000,0.001245,PAUSE
12822,1.000000,1.000000,0.000883,PAUSE
12823,1.000000,1.000000,0.000716,PAUSE
12824,0.000000,0.000000,0.007317,PAUSE
12825,0.000000,0.000000,0.044562,PAUSE
12826,1.000000,1.000000,0.023851,PAUSE
12827,0.000000,0.000000,0.047497,PAUSE
12828,1.000000,1.000000,0.024700,PAUSE
12829,1.000000,1.000000,0.011708,PAUSE
12830,0.000000,0.000000,0.023237,PAUSE
12831,1.000000,1.000000,0.013005,PAUSE
12832,0.000000,0.000000,0.033576,PAUSE
12833,0.000000,0.000000,0.109595,PAUSE
12834,0.000000,1.000000,0.053796,PAUSE
12835,0.000000,1.000000,0.024073,PAUSE
12836,1.000000,1.000000,0.010758,PAUSE
12837,1.000000,1.000000,0.004995,PAUSE
12838,0.000000,1.000000,0.002514,PAUSE
12839,0.000000,0.000000,0.009689,PAUSE
12840,0.000000,0.000000,0.051134,PAUSE
12841,0.000000,1.000000,0.026956,PAUSE
12842,0.000000,0.000000,0.050511,PAUSE
12843,1.000000,1.000000,0.026063,PAUSE
12844,0.000000,0.000000,0.047747,PAUSE
12845,0.000000,1.000000,0.024742,PAUSE
12846,0.000000,1.000000,0.011714,PAUSE
12847,1.000000,1.000000,0.005606,PAUSE
12848,0.000000,0.000000,0.014535,PAUSE
12849,0.000000,1.000000,0.008712,PAUSE
12850,0.000000,1.000000,0.004703,PAUSE
12851,1.000000,1.000000,0.002605,PAUSE
12852,1.000000,1.000000,0.001572,PAUSE
12853,0.000000,0.000000,0.009456,PAUSE
12854,1.000000,1.000000,0.006158,PAUSE
12855,0.000000,0.000000,0.024179,PAUSE
12856,0.000000,0.000000,0.091580,PAUSE
12857,1.000000,1.000000,0.045676,PAUSE
12858,1.000000,1.000000,0.020681,PAUSE
12859,0.000000,0.000000,0.030180,PAUSE
12860,1.000000,1.000000,0.016171,PAUSE
12861,1.000000,1.000000,0.007968,PAUSE
12862,0.000000,0.000000,0.019664,PAUSE
12863,0.000000,1.000000,0.011321,PAUSE
12864,1.000000,1.000000,0.005882,PAUSE
12865,1.000000,1.000000,0.003124,PAUSE
12866,0.000000,0.000000,0.012306,PAUSE
12867,1.000000,1.000000,0.007642,PAUSE
12868,0.000000,1.000000,0.004229,PAUSE
12869,1.000000,1.000000,0.002399,PAUSE
12870,0.000000,1.000000,0.001483,PAUSE
12871,0.000000,1.000000,0.001029,PAUSE
12872,1.000000,1.000000,0.000802,PAUSE
12873,0.000000,0.000000,0.007674,PAUSE
12874,0.000000,0.000000,0.045839,PAUSE
12875,0.000000,1.000000,0.024460,PAUSE
12876,0.000000,0.000000,0.048110,PAUSE
12877,0.000000,1.000000,0.024978,PAUSE
12878,0.000000,1.000000,0.011826,PAUSE
12879,0.000000,1.000000,0.005656,PAUSE
12880,1.000000,1.000000,0.002876,PAUSE
12881,0.000000,1.000000,0.001631,PAUSE
12882,1.000000,1.000000,0.001066,PAUSE
12883,0.000000,1.000000,0.000806,PAUSE
12884,0.000000,0.000000,0.007541,PAUSE
12885,0.000000,0.000000,0.045317,PAUSE
12886,1.000000,1.000000,0.024211,PAUSE
12887,0.000000,1.000000,0.011585,PAUSE
12888,0.000000,1.000000,0.005580,PAUSE
12889,0.000000,1.000000,0.002854,PAUSE
12890,0.000000,1.000000,0.001625,PAUSE
12891,0.000000,1.000000,0.001066,PAUSE
12892,1.000000,1.000000,0.000807,PAUSE
12893,1.000000,1.000000,0.000683,PAUSE
12894,1.000000,1.000000,0.000622,PAUSE
12895,0.000000,1.000000,0.000590,PAUSE
12896,1.000000,1.000000,0.000574,PAUSE
12897,0.000000,1.000000,0.000565,PAUSE
12898,0.000000,1.000000,0.000560,PAUSE
12899,0.000000,1.000000,0.000557,PAUSE
12900,0.000000,0.000000,0.006903,PAUSE
12901,0.000000,1.000000,0.004772,PAUSE
12902,0.000000,0.000000,0.021552,PAUSE
12903,1.000000,1.000000,0.012461,PAUSE
12904,0.000000,1.000000,0.006426,PAUSE
12905,0.000000,1.000000,0.003372,PAUSE
12906,0.000000,0.000000,0.012660,PAUSE
12907,1.000000,1.000000,0.007821,PAUSE
12908,0.000000,0.000000,0.026872,PAUSE
12909,0.000000,0.000000,0.097164,PAUSE
12910,1.000000,1.000000,0.048205,PAUSE
12911,0.000000,0.000000,0.068652,PAUSE
12912,0.000000,0.000000,0.161532,PAUSE
12913,1.000000,1.000000,0.076769,PAUSE
12914,1.000000,1.000000,0.033586,PAUSE
12915,1.000000,1.000000,0.014648,PAUSE
12916,0.000000,0.000000,0.020367,PAUSE
12917,0.000000,0.000000,0.072450,PAUSE
12918,0.000000,1.000000,0.036802,PAUSE
12919,0.000000,1.000000,0.016931,PAUSE
12920,0.000000,0.000000,0.027563,PAUSE
12921,1.000000,1.000000,0.014998,PAUSE
12922,1.000000,1.000000,0.007471,PAUSE
12923,0.000000,1.000000,0.003800,PAUSE
12924,0.000000,0.000000,0.012915,PAUSE
12925,1.000000,1.000000,0.007935,PAUSE
12926,0.000000,0.000000,0.026981,PAUSE
12927,0.000000,0.000000,0.097345,PAUSE
12928,0.000000,0.000000,0.226710,PAUSE
12929,0.000000,0.000000,0.389523,PAUSE
12930,1.000000,1.000000,0.175472,PAUSE
12931,0.000000,0.000000,0.147358,PAUSE
12932,1.000000,1.000000,0.067670,PAUSE
12933,1.000000,1.000000,0.029428,PAUSE
12934,1.000000,1.000000,0.012848,PAUSE
12935,0.000000,1.000000,0.005812,PAUSE
12936,1.000000,1.000000,0.002832,PAUSE
12937,0.000000,0.000000,0.009727,PAUSE
12938,0.000000,0.000000,0.050859,PAUSE
12939,0.000000,1.000000,0.026822,PAUSE
12940,0.000000,0.000000,0.050369,PAUSE
12941,0.000000,1.000000,0.025999,PAUSE
12942,0.000000,0.000000,0.047692,PAUSE
12943,0.000000,0.000000,0.132377,PAUSE
12944,0.000000,0.000000,0.273649,PAUSE
12945,1.000000,1.000000,0.125852,PAUSE
12946,1.000000,1.000000,0.053786,PAUSE
12947,0.000000,1.000000,0.022865,PAUSE
12948,0.000000,0.000000,0.024622,PAUSE
12949,0.000000,1.000000,0.013177,PAUSE
12950,1.000000,1.000000,0.006594,PAUSE
12951,0.000000,0.000000,0.017923,PAUSE
12952,0.000000,1.000000,0.010472,PAUSE
12953,0.000000,1.000000,0.005506,PAUSE
12954,0.000000,0.000000,0.017447,PAUSE
12955,0.000000,0.000000,0.073219,PAUSE
12956,0.000000,0.000000,0.189219,PAUSE
12957,0.000000,0.000000,0.347095,PAUSE
12958,0.000000,1.000000,0.157397,PAUSE
12959,0.000000,1.000000,0.066670,PAUSE
12960,0.000000,1.000000,0.028081,PAUSE
12961,0.000000,1.000000,0.012024,PAUSE
12962,0.000000,0.000000,0.016038,PAUSE
12963,0.000000,1.000000,0.009160,PAUSE
12964,0.000000,0.000000,0.027345,PAUSE
12965,0.000000,1.000000,0.015234,PAUSE
12966,0.000000,0.000000,0.037073,PAUSE
12967,0.000000,1.000000,0.019876,PAUSE
12968,1.000000,1.000000,0.009649,PAUSE
12969,1.000000,1.000000,0.004744,PAUSE
12970,0.000000,0.000000,0.013897,PAUSE
12971,0.000000,0.000000,0.062938,PAUSE
12972,0.000000,0.000000,0.171903,PAUSE
12973,0.000000,0.000000,0.326493,PAUSE
12974,0.000000,0.000000,0.491975,PAUSE
12975,0.000000,0.000000,0.639416,ALLOW
12976,0.000000,0.000000,0.755666,ALLOW
12977,0.000000,0.000000,0.840029,ALLOW
12978,1.000000,1.000000,0.363984,PAUSE
12979,1.000000,1.000000,0.150341,PAUSE
12980,0.000000,0.000000,0.093030,PAUSE
12981,1.000000,1.000000,0.042444,PAUSE
12982,0.000000,0.000000,0.051847,PAUSE
12983,1.000000,1.000000,0.026157,PAUSE
12984,1.000000,1.000000,0.012236,PAUSE
12985,0.000000,1.000000,0.005801,PAUSE
12986,1.000000,1.000000,0.002927,PAUSE
12987,1.000000,1.000000,0.001647,PAUSE
12988,1.000000,1.000000,0.001071,PAUSE
12989,0.000000,1.000000,0.000807,PAUSE
12990,0.000000,0.000000,0.007530,PAUSE
12991,0.000000,0.000000,0.045272,PAUSE
12992,0.000000,0.000000,0.140237,PAUSE
12993,0.000000,0.000000,0.286956,PAUSE
12994,0.000000,0.000000,0.453058,PAUSE
12995,0.000000,0.000000,0.606648,ALLOW
12996,1.000000,1.000000,0.266963,PAUSE
12997,0.000000,0.000000,0.194417,PAUSE
12998,1.000000,1.000000,0.087185,PAUSE
12999,0.000000,0.000000,0.084493,PAUSE
13000,0.000000,0.000000,0.168274,PAUSE
13001,0.000000,1.000000,0.079487,PAUSE
13002,0.000000,0.000000,0.089684,PAUSE
13003,1.000000,1.000000,0.043218,PAUSE
13004,0.000000,0.000000,0.060026,PAUSE
13005,1.000000,1.000000,0.030132,PAUSE
13006,1.000000,1.000000,0.013960,PAUSE
13007,1.000000,1.000000,0.006532,PAUSE
13008,1.000000,1.000000,0.003236,PAUSE
13009,1.000000,1.000000,0.001778,PAUSE
13010,0.000000,0.000000,0.009072,PAUSE
13011,0.000000,1.000000,0.005929,PAUSE
13012,0.000000,0.000000,0.023668,PAUSE
13013,0.000000,0.000000,0.090422,PAUSE
13014,1.000000,1.000000,0.045150,PAUSE
13015,0.000000,0.000000,0.066283,PAUSE
13016,0.000000,1.000000,0.033095,PAUSE
13017,0.000000,1.000000,0.015230,PAUSE
13018,0.000000,0.000000,0.025630,PAUSE
13019,1.000000,1.000000,0.014080,PAUSE
13020,1.000000,1.000000,0.007071,PAUSE
13021,0.000000,1.000000,0.003629,PAUSE
13022,1.000000,1.000000,0.002014,PAUSE
13023,1.000000,1.000000,0.001261,PAUSE
13024,1.000000,1.000000,0.000906,PAUSE
13025,1.000000,1.000000,0.000734,PAUSE
13026,1.000000,1.000000,0.000649,PAUSE
13027,0.000000,0.000000,0.007204,PAUSE
13028,1.000000,1.000000,0.004939,PAUSE
13029,0.000000,0.000000,0.021896,PAUSE
13030,0.000000,0.000000,0.086532,PAUSE
13031,0.000000,0.000000,0.210713,PAUSE
13032,1.000000,1.000000,0.098601,PAUSE
13033,1.000000,1.000000,0.042617,PAUSE
13034,0.000000,0.000000,0.042892,PAUSE
13035,1.000000,1.000000,0.021684,PAUSE
13036,0.000000,0.000000,0.040644,PAUSE
13037,1.000000,1.000000,0.021401,PAUSE
13038,0.000000,0.000000,0.043074,PAUSE
13039,0.000000,0.000000,0.125387,PAUSE
13040,1.000000,1.000000,0.060841,PAUSE
13041,1.000000,1.000000,0.027001,PAUSE
13042,1.000000,1.000000,0.011959,PAUSE
13043,0.000000,1.000000,0.005486,PAUSE
13044,0.000000,0.000000,0.012647,PAUSE
13045,0.000000,0.000000,0.057880,PAUSE
13046,1.000000,1.000000,0.030103,PAUSE
13047,0.000000,1.000000,0.014100,PAUSE
13048,1.000000,1.000000,0.006632,PAUSE
13049,0.000000,1.000000,0.003293,PAUSE
13050,0.000000,0.000000,0.011204,PAUSE
13051,0.000000,0.000000,0.055566,PAUSE
13052,0.000000,0.000000,0.159072,PAUSE
13053,0.000000,0.000000,0.310801,PAUSE
13054,1.000000,1.000000,0.141866,PAUSE
13055,0.000000,0.000000,0.128819,PAUSE
13056,0.000000,0.000000,0.219764,PAUSE
13057,0.000000,1.000000,0.101835,PAUSE
13058,1.000000,1.000000,0.043858,PAUSE
13059,0.000000,1.000000,0.018817,PAUSE
13060,0.000000,0.000000,0.022468,PAUSE
13061,0.000000,1.000000,0.012246,PAUSE
13062,0.000000,0.000000,0.031145,PAUSE
13063,0.000000,1.000000,0.017027,PAUSE
13064,1.000000,1.000000,0.008411,PAUSE
13065,0.000000,0.000000,0.020497,PAUSE
13066,0.000000,0.000000,0.079247,PAUSE
13067,0.000000,0.000000,0.198497,PAUSE
13068,0.000000,0.000000,0.357739,PAUSE
13069,0.000000,0.000000,0.521544,ALLOW
13070,1.000000,1.000000,0.231273,PAUSE
13071,1.000000,1.000000,0.096692,PAUSE
13072,0.000000,1.000000,0.040195,PAUSE
13073,0.000000,1.000000,0.016904,PAUSE
13074,0.000000,0.000000,0.018284,PAUSE
13075,1.000000,1.000000,0.010102,PAUSE
13076,0.000000,0.000000,0.027943,PAUSE
13077,1.000000,1.000000,0.015497,PAUSE
13078,1.000000,1.000000,0.007746,PAUSE
13079,0.000000,1.000000,0.003934,PAUSE
13080,1.000000,1.000000,0.002151,PAUSE
13081,1.000000,1.000000,0.001323,PAUSE
13082,1.000000,1.000000,0.000934,PAUSE
13083,0.000000,1.000000,0.000748,PAUSE
13084,1.000000,1.000000,0.000656,PAUSE
13085,1.000000,1.000000,0.000609,PAUSE
13086,0.000000,0.000000,0.007084,PAUSE
13087,0.000000,1.000000,0.004872,PAUSE
13088,0.000000,0.000000,0.021760,PAUSE
13089,1.000000,1.000000,0.012563,PAUSE
13090,0.000000,0.000000,0.034077,PAUSE
13091,0.000000,0.000000,0.111167,PAUSE
13092,0.000000,0.000000,0.246191,PAUSE
13093,0.000000,1.000000,0.114009,PAUSE
13094,1.000000,1.000000,0.048939,PAUSE
13095,0.000000,1.000000,0.020901,PAUSE
13096,1.000000,1.000000,0.009122,PAUSE
13097,0.000000,0.000000,0.014621,PAUSE
13098,0.000000,1.000000,0.008556,PAUSE
13099,0.000000,1.000000,0.004592,PAUSE
13100,0.000000,0.000000,0.016027,PAUSE
13101,0.000000,1.000000,0.009570,PAUSE
13102,0.000000,0.000000,0.029592,PAUSE
13103,0.000000,1.000000,0.016355,PAUSE
13104,0.000000,0.000000,0.038476,PAUSE
13105,0.000000,1.000000,0.020530,PAUSE
13106,0.000000,0.000000,0.042712,PAUSE
13107,1.000000,1.000000,0.022468,PAUSE
13108,0.000000,1.000000,0.010753,PAUSE
13109,0.000000,1.000000,0.005206,PAUSE
13110,0.000000,0.000000,0.014250,PAUSE
13111,1.000000,1.000000,0.008581,PAUSE
13112,1.000000,1.000000,0.004646,PAUSE
13113,1.000000,1.000000,0.002581,PAUSE
13114,1.000000,1.000000,0.001562,PAUSE
13115,1.000000,1.000000,0.001064,PAUSE
13116,0.000000,0.000000,0.008311,PAUSE
13117,1.000000,1.000000,0.005545,PAUSE
13118,1.000000,1.000000,0.003256,PAUSE
13119,0.000000,1.000000,0.001960,PAUSE
13120,0.000000,0.000000,0.010833,PAUSE
13121,0.000000,1.000000,0.006902,PAUSE
13122,1.000000,1.000000,0.003894,PAUSE
13123,1.000000,1.000000,0.002251,PAUSE
13124,1.000000,1.000000,0.001417,PAUSE
13125,0.000000,1.000000,0.000999,PAUSE
13126,0.000000,0.000000,0.008215,PAUSE
13127,0.000000,0.000000,0.047649,PAUSE
13128,1.000000,1.000000,0.025320,PAUSE
13129,0.000000,0.000000,0.048962,PAUSE
13130,0.000000,0.000000,0.135673,PAUSE
13131,0.000000,1.000000,0.065419,PAUSE
13132,0.000000,1.000000,0.028901,PAUSE
13133,0.000000,1.000000,0.012736,PAUSE
13134,0.000000,0.000000,0.019335,PAUSE
13135,1.000000,1.000000,0.010900,PAUSE
13136,1.000000,1.000000,0.005644,PAUSE
13137,0.000000,1.000000,0.003005,PAUSE
13138,0.000000,0.000000,0.012051,PAUSE
13139,1.000000,1.000000,0.007510,PAUSE
13140,0.000000,0.000000,0.026394,PAUSE
13141,1.000000,1.000000,0.014821,PAUSE
13142,1.000000,1.000000,0.007464,PAUSE
13143,0.000000,1.000000,0.003818,PAUSE
13144,0.000000,0.000000,0.013097,PAUSE
13145,0.000000,0.000000,0.061378,PAUSE
13146,0.000000,0.000000,0.169368,PAUSE
13147,0.000000,0.000000,0.323459,PAUSE
13148,1.000000,1.000000,0.147291,PAUSE
13149,1.000000,1.000000,0.062549,PAUSE
13150,0.000000,0.000000,0.053034,PAUSE
13151,1.000000,1.000000,0.025965,PAUSE
13152,0.000000,0.000000,0.043297,PAUSE
13153,0.000000,1.000000,0.022552,PAUSE
13154,0.000000,0.000000,0.043897,PAUSE
13155,0.000000,1.000000,0.022978,PAUSE
13156,0.000000,0.000000,0.044803,PAUSE
13157,0.000000,0.000000,0.128131,PAUSE
13158,0.000000,1.000000,0.062059,PAUSE
13159,0.000000,1.000000,0.027507,PAUSE
13160,0.000000,0.000000,0.034360,PAUSE
13161,1.000000,1.000000,0.018004,PAUSE
13162,0.000000,1.000000,0.008736,PAUSE
13163,0.000000,1.000000,0.004326,PAUSE
13164,0.000000,0.000000,0.013299,PAUSE
13165,0.000000,1.000000,0.008114,PAUSE
13166,0.000000,0.000000,0.027182,PAUSE
13167,0.000000,1.000000,0.015196,PAUSE
13168,1.000000,1.000000,0.007627,PAUSE
13169,0.000000,1.000000,0.003887,PAUSE
13170,0.000000,0.000000,0.013160,PAUSE
13171,0.000000,0.000000,0.061504,PAUSE
13172,0.000000,1.000000,0.031819,PAUSE
13173,1.000000,1.000000,0.014833,PAUSE
13174,1.000000,1.000000,0.006939,PAUSE
13175,1.000000,1.000000,0.003421,PAUSE
13176,0.000000,0.000000,0.011303,PAUSE
13177,0.000000,1.000000,0.007072,PAUSE
13178,0.000000,0.000000,0.025489,PAUSE
13179,0.000000,0.000000,0.094223,PAUSE
13180,0.000000,1.000000,0.046873,PAUSE
13181,0.000000,1.000000,0.021182,PAUSE
13182,0.000000,0.000000,0.030501,PAUSE
13183,0.000000,0.000000,0.094813,PAUSE
13184,0.000000,0.000000,0.220520,PAUSE
13185,1.000000,1.000000,0.102839,PAUSE
13186,0.000000,0.000000,0.105764,PAUSE
13187,0.000000,1.000000,0.050151,PAUSE
13188,0.000000,0.000000,0.064528,PAUSE
13189,1.000000,1.000000,0.032080,PAUSE
13190,0.000000,0.000000,0.051699,PAUSE
13191,0.000000,1.000000,0.026462,PAUSE
13192,0.000000,1.000000,0.012428,PAUSE
13193,0.000000,1.000000,0.005900,PAUSE
13194,0.000000,0.000000,0.014717,PAUSE
13195,1.000000,1.000000,0.008794,PAUSE
13196,0.000000,0.000000,0.028030,PAUSE
13197,1.000000,1.000000,0.015597,PAUSE
13198,0.000000,1.000000,0.007801,PAUSE
13199,1.000000,1.000000,0.003961,PAUSE
13200,0.000000,0.000000,0.013225,PAUSE
13201,0.000000,1.000000,0.008095,PAUSE
13202,1.000000,1.000000,0.004432,PAUSE
13203,0.000000,1.000000,0.002489,PAUSE
13204,0.000000,1.000000,0.001522,PAUSE
13205,0.000000,1.000000,0.001046,PAUSE
13206,1.000000,1.000000,0.000810,PAUSE
13207,0.000000,0.000000,0.007687,PAUSE
13208,0.000000,0.000000,0.045881,PAUSE
13209,0.000000,0.000000,0.141426,PAUSE
13210,0.000000,0.000000,0.288502,PAUSE
13211,0.000000,0.000000,0.454616,PAUSE
13212,0.000000,0.000000,0.607981,ALLOW
13213,1.000000,1.000000,0.267520,PAUSE
13214,1.000000,1.000000,0.111374,PAUSE
13215,1.000000,1.000000,0.046107,PAUSE
13216,0.000000,0.000000,0.035297,PAUSE
13217,0.000000,0.000000,0.084471,PAUSE
13218,0.000000,0.000000,0.199606,PAUSE
13219,0.000000,0.000000,0.357199,PAUSE
13220,0.000000,0.000000,0.520524,ALLOW
13221,0.000000,1.000000,0.230837,PAUSE
13222,0.000000,0.000000,0.176288,PAUSE
13223,1.000000,1.000000,0.079694,PAUSE
13224,1.000000,1.000000,0.034310,PAUSE
13225,0.000000,1.000000,0.014821,PAUSE
13226,1.000000,1.000000,0.006608,PAUSE
13227,1.000000,1.000000,0.003153,PAUSE
13228,0.000000,0.000000,0.009890,PAUSE
13229,0.000000,1.000000,0.006300,PAUSE
13230,0.000000,0.000000,0.024059,PAUSE
13231,0.000000,1.000000,0.013682,PAUSE
13232,1.000000,1.000000,0.006963,PAUSE
13233,0.000000,0.000000,0.019202,PAUSE
13234,0.000000,0.000000,0.076932,PAUSE
13235,0.000000,0.000000,0.195027,PAUSE
13236,1.000000,1.000000,0.091741,PAUSE
13237,1.000000,1.000000,0.039794,PAUSE
13238,0.000000,1.000000,0.017185,PAUSE
13239,1.000000,1.000000,0.007616,PAUSE
13240,1.000000,1.000000,0.003584,PAUSE
13241,0.000000,1.000000,0.001877,PAUSE
13242,1.000000,1.000000,0.001146,PAUSE
13243,0.000000,1.000000,0.000827,PAUSE
13244,0.000000,0.000000,0.007426,PAUSE
13245,1.000000,1.000000,0.005055,PAUSE
13246,1.000000,1.000000,0.003021,PAUSE
13247,0.000000,1.000000,0.001852,PAUSE
13248,0.000000,0.000000,0.010653,PAUSE
13249,0.000000,0.000000,0.055427,PAUSE
13250,1.000000,1.000000,0.028991,PAUSE
13251,0.000000,0.000000,0.052477,PAUSE
13252,1.000000,1.000000,0.026951,PAUSE
13253,0.000000,0.000000,0.048489,PAUSE
13254,0.000000,0.000000,0.133452,PAUSE
13255,0.000000,0.000000,0.274962,PAUSE
13256,0.000000,0.000000,0.440035,PAUSE
13257,1.000000,1.000000,0.196884,PAUSE
13258,0.000000,0.000000,0.158733,PAUSE
13259,1.000000,1.000000,0.072409,PAUSE
13260,1.000000,1.000000,0.031354,PAUSE
13261,0.000000,1.000000,0.013627,PAUSE
13262,1.000000,1.000000,0.006126,PAUSE
13263,0.000000,1.000000,0.002959,PAUSE
13264,1.000000,1.000000,0.001612,PAUSE
13265,1.000000,1.000000,0.001032,PAUSE
13266,0.000000,0.000000,0.007721,PAUSE
13267,1.000000,1.000000,0.005210,PAUSE
13268,0.000000,0.000000,0.022373,PAUSE
13269,1.000000,1.000000,0.012864,PAUSE
13270,0.000000,0.000000,0.034448,PAUSE
13271,0.000000,1.000000,0.018660,PAUSE
13272,0.000000,0.000000,0.040912,PAUSE
13273,0.000000,1.000000,0.021649,PAUSE
13274,0.000000,0.000000,0.043740,PAUSE
13275,0.000000,0.000000,0.126715,PAUSE
13276,0.000000,0.000000,0.266579,PAUSE
13277,0.000000,0.000000,0.431572,PAUSE
13278,0.000000,0.000000,0.587910,ALLOW
13279,0.000000,1.000000,0.259118,PAUSE
13280,1.000000,1.000000,0.107973,PAUSE
13281,0.000000,1.000000,0.044738,PAUSE
13282,0.000000,0.000000,0.034693,PAUSE
13283,1.000000,1.000000,0.017373,PAUSE
13284,0.000000,0.000000,0.034326,PAUSE
13285,0.000000,0.000000,0.107851,PAUSE
13286,0.000000,1.000000,0.052971,PAUSE
13287,1.000000,1.000000,0.023723,PAUSE
13288,1.000000,1.000000,0.010613,PAUSE
13289,0.000000,1.000000,0.004935,PAUSE
13290,0.000000,0.000000,0.012315,PAUSE
13291,0.000000,0.000000,0.057406,PAUSE
13292,0.000000,0.000000,0.162039,PAUSE
13293,1.000000,1.000000,0.077242,PAUSE
13294,0.000000,0.000000,0.089491,PAUSE
13295,0.000000,1.000000,0.043194,PAUSE
13296,1.000000,1.000000,0.019415,PAUSE
13297,0.000000,0.000000,0.028144,PAUSE
13298,1.000000,1.000000,0.015183,PAUSE
13299,0.000000,1.000000,0.007534,PAUSE
13300,0.000000,0.000000,0.019235,PAUSE
13301,1.000000,1.000000,0.011117,PAUSE
13302,1.000000,1.000000,0.005793,PAUSE
13303,1.000000,1.000000,0.003086,PAUSE
13304,0.000000,1.000000,0.001784,PAUSE
13305,0.000000,0.000000,0.009733,PAUSE
13306,0.000000,1.000000,0.006300,PAUSE
13307,0.000000,1.000000,0.003610,PAUSE
13308,0.000000,1.000000,0.002121,PAUSE
13309,1.000000,1.000000,0.001358,PAUSE
13310,0.000000,1.000000,0.000972,PAUSE
13311,1.000000,1.000000,0.000776,PAUSE
13312,0.000000,0.000000,0.007621,PAUSE
13313,1.000000,1.000000,0.005171,PAUSE
13314,1.000000,1.000000,0.003079,PAUSE
13315,0.000000,0.000000,0.014231,PAUSE
13316,1.000000,1.000000,0.008690,PAUSE
13317,0.000000,0.000000,0.028439,PAUSE
13318,0.000000,1.000000,0.015809,PAUSE
13319,1.000000,1.000000,0.007896,PAUSE
13320,0.000000,0.000000,0.020106,PAUSE
13321,0.000000,0.000000,0.078631,PAUSE
13322,0.000000,1.000000,0.039724,PAUSE
13323,0.000000,0.000000,0.061792,PAUSE
13324,1.000000,1.000000,0.031106,PAUSE
13325,0.000000,1.000000,0.014400,PAUSE
13326,1.000000,1.000000,0.006722,PAUSE
13327,1.000000,1.000000,0.003318,PAUSE
13328,1.000000,1.000000,0.001814,PAUSE
13329,1.000000,1.000000,0.001143,PAUSE
13330,0.000000,0.000000,0.008109,PAUSE
13331,1.000000,1.000000,0.005424,PAUSE
13332,0.000000,0.000000,0.022797,PAUSE
13333,1.000000,1.000000,0.013073,PAUSE
13334,0.000000,1.000000,0.006697,PAUSE
13335,0.000000,0.000000,0.018942,PAUSE
13336,0.000000,0.000000,0.076441,PAUSE
13337,0.000000,1.000000,0.038727,PAUSE
13338,0.000000,0.000000,0.060986,PAUSE
13339,0.000000,0.000000,0.152050,PAUSE
13340,1.000000,1.000000,0.072623,PAUSE
13341,0.000000,0.000000,0.085864,PAUSE
13342,0.000000,0.000000,0.180206,PAUSE
13343,0.000000,0.000000,0.328899,PAUSE
13344,0.000000,1.000000,0.149513,PAUSE
13345,0.000000,1.000000,0.063443,PAUSE
13346,0.000000,1.000000,0.026773,PAUSE
13347,1.000000,1.000000,0.011495,PAUSE
13348,0.000000,0.000000,0.015778,PAUSE
13349,1.000000,1.000000,0.009049,PAUSE
13350,0.000000,0.000000,0.027264,PAUSE
13351,0.000000,1.000000,0.015197,PAUSE
13352,0.000000,0.000000,0.037041,PAUSE
13353,0.000000,0.000000,0.116151,PAUSE
13354,0.000000,0.000000,0.252863,PAUSE
13355,0.000000,0.000000,0.417438,PAUSE
13356,0.000000,1.000000,0.187319,PAUSE
13357,1.000000,1.000000,0.078849,PAUSE
13358,1.000000,1.000000,0.033000,PAUSE
13359,0.000000,1.000000,0.014007,PAUSE
13360,0.000000,1.000000,0.006169,PAUSE
13361,0.000000,0.000000,0.011647,PAUSE
13362,0.000000,1.000000,0.007091,PAUSE
13363,0.000000,1.000000,0.003933,PAUSE
13364,0.000000,0.000000,0.015228,PAUSE
13365,0.000000,0.000000,0.068096,PAUSE
13366,0.000000,0.000000,0.180953,PAUSE
13367,1.000000,1.000000,0.085576,PAUSE
13368,1.000000,1.000000,0.037255,PAUSE
13369,0.000000,0.000000,0.039999,PAUSE
13370,1.000000,1.000000,0.020448,PAUSE
13371,1.000000,1.000000,0.009754,PAUSE
13372,1.000000,1.000000,0.004746,PAUSE
13373,0.000000,0.000000,0.013575,PAUSE
13374,1.000000,1.000000,0.008240,PAUSE
13375,0.000000,0.000000,0.027313,PAUSE
13376,0.000000,1.000000,0.015257,PAUSE
13377,0.000000,1.000000,0.007653,PAUSE
13378,1.000000,1.000000,0.003898,PAUSE
13379,1.000000,1.000000,0.002137,PAUSE
13380,1.000000,1.000000,0.001318,PAUSE
13381,1.000000,1.000000,0.000932,PAUSE
13382,0.000000,0.000000,0.007887,PAUSE
13383,1.000000,1.000000,0.005312,PAUSE
13384,0.000000,0.000000,0.022618,PAUSE
13385,1.000000,1.000000,0.012986,PAUSE
13386,0.000000,0.000000,0.034602,PAUSE
13387,0.000000,0.000000,0.112092,PAUSE
13388,1.000000,1.000000,0.054924,PAUSE
13389,0.000000,1.000000,0.024544,PAUSE
13390,0.000000,1.000000,0.010952,PAUSE
13391,1.000000,1.000000,0.005075,PAUSE
13392,0.000000,0.000000,0.012405,PAUSE
13393,0.000000,0.000000,0.057547,PAUSE
13394,0.000000,0.000000,0.162263,PAUSE
13395,1.000000,1.000000,0.077340,PAUSE
13396,0.000000,0.000000,0.089556,PAUSE
13397,0.000000,0.000000,0.184446,PAUSE
13398,0.000000,0.000000,0.333503,PAUSE
13399,0.000000,1.000000,0.151477,PAUSE
13400,0.000000,1.000000,0.064243,PAUSE
13401,0.000000,1.000000,0.027097,PAUSE
13402,0.000000,1.000000,0.011626,PAUSE
13403,0.000000,0.000000,0.015840,PAUSE
13404,0.000000,1.000000,0.009076,PAUSE
13405,1.000000,1.000000,0.004808,PAUSE
13406,1.000000,1.000000,0.002633,PAUSE
13407,1.000000,1.000000,0.001577,PAUSE
13408,0.000000,1.000000,0.001067,PAUSE
13409,1.000000,1.000000,0.000818,PAUSE
13410,0.000000,0.000000,0.007682,PAUSE
13411,0.000000,1.000000,0.005203,PAUSE
13412,1.000000,1.000000,0.003094,PAUSE
13413,0.000000,1.000000,0.001885,PAUSE
13414,0.000000,1.000000,0.001250,PAUSE
13415,1.000000,1.000000,0.000922,PAUSE
13416,0.000000,0.000000,0.008071,PAUSE
13417,0.000000,0.000000,0.047205,PAUSE
13418,0.000000,1.000000,0.025110,PAUSE
13419,1.000000,1.000000,0.011971,PAUSE
13420,1.000000,1.000000,0.005742,PAUSE
13421,0.000000,1.000000,0.002922,PAUSE
13422,0.000000,0.000000,0.010915,PAUSE
13423,0.000000,0.000000,0.055015,PAUSE
13424,0.000000,0.000000,0.158152,PAUSE
13425,1.000000,1.000000,0.075529,PAUSE
13426,0.000000,0.000000,0.088359,PAUSE
13427,0.000000,1.000000,0.042707,PAUSE
13428,1.000000,1.000000,0.019214,PAUSE
13429,1.000000,1.000000,0.008699,PAUSE
13430,0.000000,1.000000,0.004128,PAUSE
13431,0.000000,1.000000,0.002147,PAUSE
13432,0.000000,1.000000,0.001281,PAUSE
13433,0.000000,0.000000,0.008215,PAUSE
13434,0.000000,0.000000,0.047264,PAUSE
13435,0.000000,0.000000,0.143991,PAUSE
13436,0.000000,1.000000,0.069256,PAUSE
13437,0.000000,1.000000,0.030510,PAUSE
13438,1.000000,1.000000,0.013399,PAUSE
13439,1.000000,1.000000,0.006076,PAUSE
13440,0.000000,1.000000,0.002957,PAUSE
13441,0.000000,1.000000,0.001620,PAUSE
13442,1.000000,1.000000,0.001040,PAUSE
13443,0.000000,1.000000,0.000783,PAUSE
13444,0.000000,0.000000,0.007389,PAUSE
13445,0.000000,0.000000,0.044752,PAUSE
13446,0.000000,0.000000,0.139223,PAUSE
13447,1.000000,1.000000,0.067137,PAUSE
13448,1.000000,1.000000,0.029632,PAUSE
13449,1.000000,1.000000,0.013040,PAUSE
13450,1.000000,1.000000,0.005929,PAUSE
13451,0.000000,1.000000,0.002897,PAUSE
13452,1.000000,1.000000,0.001596,PAUSE
13453,1.000000,1.000000,0.001030,PAUSE
13454,1.000000,1.000000,0.000778,PAUSE
13455,0.000000,1.000000,0.000664,PAUSE
13456,0.000000,0.000000,0.007173,PAUSE
13457,0.000000,1.000000,0.004920,PAUSE
13458,0.000000,1.000000,0.002958,PAUSE
13459,0.000000,1.000000,0.001822,PAUSE
13460,0.000000,0.000000,0.010607,PAUSE
13461,0.000000,1.000000,0.006785,PAUSE
13462,1.000000,1.000000,0.003840,PAUSE
13463,1.000000,1.000000,0.002227,PAUSE
13464,1.000000,1.000000,0.001406,PAUSE
13465,0.000000,1.000000,0.000994,PAUSE
13466,1.000000,1.000000,0.000787,PAUSE
13467,1.000000,1.000000,0.000680,PAUSE
13468,1.000000,1.000000,0.000623,PAUSE
13469,0.000000,1.000000,0.000593,PAUSE
13470,0.000000,0.000000,0.007041,PAUSE
13471,0.000000,0.000000,0.043639,PAUSE
13472,1.000000,1.000000,0.023411,PAUSE
13473,1.000000,1.000000,0.011241,PAUSE
13474,1.000000,1.000000,0.005435,PAUSE
13475,1.000000,1.000000,0.002793,PAUSE
13476,0.000000,0.000000,0.010808,PAUSE
13477,0.000000,0.000000,0.054797,PAUSE
13478,0.000000,1.000000,0.028683,PAUSE
13479,1.000000,1.000000,0.013499,PAUSE
13480,0.000000,1.000000,0.006382,PAUSE
13481,1.000000,1.000000,0.003189,PAUSE
13482,1.000000,1.000000,0.001766,PAUSE
13483,0.000000,0.000000,0.009133,PAUSE
13484,0.000000,0.000000,0.050066,PAUSE
13485,1.000000,1.000000,0.026459,PAUSE
13486,1.000000,1.000000,0.012549,PAUSE
13487,0.000000,1.000000,0.005984,PAUSE
13488,0.000000,1.000000,0.003023,PAUSE
13489,0.000000,1.000000,0.001697,PAUSE
13490,0.000000,1.000000,0.001097,PAUSE
13491,0.000000,1.000000,0.000820,PAUSE
13492,0.000000,0.000000,0.007570,PAUSE
13493,1.000000,1.000000,0.005138,PAUSE
13494,0.000000,0.000000,0.022278,PAUSE
13495,1.000000,1.000000,0.012818,PAUSE
13496,0.000000,1.000000,0.006585,PAUSE
13497,0.000000,1.000000,0.003440,PAUSE
13498,0.000000,0.000000,0.012730,PAUSE
13499,0.000000,0.000000,0.060599,PAUSE
13500,0.000000,0.000000,0.168077,PAUSE
13501,0.000000,1.000000,0.079910,PAUSE
13502,0.000000,1.000000,0.034917,PAUSE
13503,1.000000,1.000000,0.015198,PAUSE
13504,0.000000,0.000000,0.020720,PAUSE
13505,0.000000,0.000000,0.072943,PAUSE
13506,0.000000,0.000000,0.186801,PAUSE
13507,0.000000,0.000000,0.343771,PAUSE
13508,0.000000,0.000000,0.508327,ALLOW
13509,0.000000,0.000000,0.652859,ALLOW
13510,1.000000,1.000000,0.286264,PAUSE
13511,0.000000,1.000000,0.118956,PAUSE
13512,1.000000,1.000000,0.049158,PAUSE
13513,1.000000,1.000000,0.020508,PAUSE
13514,0.000000,1.000000,0.008785,PAUSE
13515,0.000000,1.000000,0.003978,PAUSE
13516,0.000000,1.000000,0.001997,PAUSE
13517,0.000000,0.000000,0.008323,PAUSE
13518,1.000000,1.000000,0.005488,PAUSE
13519,0.000000,1.000000,0.003216,PAUSE
13520,1.000000,1.000000,0.001938,PAUSE
13521,1.000000,1.000000,0.001272,PAUSE
13522,0.000000,1.000000,0.000932,PAUSE
13523,0.000000,0.000000,0.008083,PAUSE
13524,1.000000,1.000000,0.005424,PAUSE
13525,0.000000,0.000000,0.022853,PAUSE
13526,0.000000,0.000000,0.088691,PAUSE
13527,0.000000,0.000000,0.213979,PAUSE
13528,0.000000,1.000000,0.100025,PAUSE
13529,1.000000,1.000000,0.043201,PAUSE
13530,0.000000,1.000000,0.018571,PAUSE
13531,0.000000,0.000000,0.022485,PAUSE
13532,0.000000,1.000000,0.012267,PAUSE
13533,0.000000,1.000000,0.006217,PAUSE
13534,1.000000,1.000000,0.003243,PAUSE
13535,0.000000,0.000000,0.012225,PAUSE
13536,0.000000,0.000000,0.059139,PAUSE
13537,1.000000,1.000000,0.030719,PAUSE
13538,0.000000,0.000000,0.054038,PAUSE
13539,1.000000,1.000000,0.027652,PAUSE
13540,0.000000,0.000000,0.049056,PAUSE
13541,1.000000,1.000000,0.025327,PAUSE
13542,0.000000,1.000000,0.011959,PAUSE
13543,1.000000,1.000000,0.005708,PAUSE
13544,0.000000,1.000000,0.002896,PAUSE
13545,0.000000,0.000000,0.010795,PAUSE
13546,0.000000,0.000000,0.054623,PAUSE
13547,0.000000,0.000000,0.157439,PAUSE
13548,0.000000,1.000000,0.075214,PAUSE
13549,1.000000,1.000000,0.032976,PAUSE
13550,0.000000,1.000000,0.014407,PAUSE
13551,0.000000,0.000000,0.020292,PAUSE
13552,0.000000,0.000000,0.072476,PAUSE
13553,0.000000,1.000000,0.036816,PAUSE
13554,0.000000,1.000000,0.016937,PAUSE
13555,1.000000,1.000000,0.007810,PAUSE
13556,0.000000,0.000000,0.016316,PAUSE
13557,0.000000,0.000000,0.067262,PAUSE
13558,0.000000,0.000000,0.178724,PAUSE
13559,1.000000,1.000000,0.084587,PAUSE
13560,1.000000,1.000000,0.036846,PAUSE
13561,0.000000,1.000000,0.015984,PAUSE
13562,0.000000,1.000000,0.007128,PAUSE
13563,0.000000,1.000000,0.003385,PAUSE
13564,0.000000,1.000000,0.001796,PAUSE
13565,1.000000,1.000000,0.001112,PAUSE
13566,1.000000,1.000000,0.000813,PAUSE
13567,0.000000,1.000000,0.000678,PAUSE
13568,0.000000,0.000000,0.007188,PAUSE
13569,0.000000,1.000000,0.004928,PAUSE
13570,1.000000,1.000000,0.002961,PAUSE
13571,0.000000,1.000000,0.001824,PAUSE
13572,0.000000,0.000000,0.010610,PAUSE
13573,0.000000,0.000000,0.055308,PAUSE
13574,0.000000,0.000000,0.158938,PAUSE
13575,0.000000,0.000000,0.310713,PAUSE
13576,0.000000,1.000000,0.141830,PAUSE
13577,1.000000,1.000000,0.060320,PAUSE
13578,0.000000,1.000000,0.025513,PAUSE
13579,0.000000,1.000000,0.010987,PAUSE
13580,0.000000,1.000000,0.004950,PAUSE
13581,0.000000,0.000000,0.011054,PAUSE
13582,0.000000,1.000000,0.006838,PAUSE
13583,1.000000,1.000000,0.003827,PAUSE
13584,0.000000,1.000000,0.002209,PAUSE
13585,0.000000,0.000000,0.011118,PAUSE
13586,0.000000,0.000000,0.056601,PAUSE
13587,1.000000,1.000000,0.029539,PAUSE
13588,0.000000,0.000000,0.052979,PAUSE
13589,0.000000,0.000000,0.141409,PAUSE
13590,0.000000,0.000000,0.285250,PAUSE
13591,0.000000,1.000000,0.130846,PAUSE
13592,1.000000,1.000000,0.055828,PAUSE
13593,1.000000,1.000000,0.023693,PAUSE
13594,0.000000,1.000000,0.010251,PAUSE
13595,0.000000,1.000000,0.004652,PAUSE
13596,0.000000,1.000000,0.002311,PAUSE
13597,1.000000,1.000000,0.001323,PAUSE
13598,0.000000,0.000000,0.007968,PAUSE
13599,1.000000,1.000000,0.005331,PAUSE
13600,0.000000,0.000000,0.022551,PAUSE
13601,0.000000,0.000000,0.087957,PAUSE
13602,0.000000,0.000000,0.212858,PAUSE
13603,0.000000,0.000000,0.374235,PAUSE
13604,0.000000,0.000000,0.536847,ALLOW
13605,0.000000,0.000000,0.676045,ALLOW
13606,0.000000,0.000000,0.782872,ALLOW
13607,0.000000,1.000000,0.340324,PAUSE
13608,0.000000,1.000000,0.140795,PAUSE
13609,0.000000,1.000000,0.057939,PAUSE
13610,0.000000,0.000000,0.040437,PAUSE
13611,1.000000,1.000000,0.019728,PAUSE
13612,1.000000,1.000000,0.009268,PAUSE
13613,0.000000,0.000000,0.019357,PAUSE
13614,1.000000,1.000000,0.011093,PAUSE
13615,1.000000,1.000000,0.005766,PAUSE
13616,0.000000,1.000000,0.003069,PAUSE
13617,0.000000,1.000000,0.001774,PAUSE
13618,0.000000,0.000000,0.009704,PAUSE
13619,0.000000,0.000000,0.052147,PAUSE
13620,0.000000,0.000000,0.153123,PAUSE
13621,1.000000,1.000000,0.073306,PAUSE
13622,0.000000,1.000000,0.032188,PAUSE
13623,0.000000,1.000000,0.014085,PAUSE
13624,0.000000,0.000000,0.020117,PAUSE
13625,0.000000,0.000000,0.072282,PAUSE
13626,1.000000,1.000000,0.036730,PAUSE
13627,1.000000,1.000000,0.016901,PAUSE
13628,1.000000,1.000000,0.007795,PAUSE
13629,0.000000,1.000000,0.003775,PAUSE
13630,0.000000,1.000000,0.002010,PAUSE
13631,0.000000,0.000000,0.009325,PAUSE
13632,0.000000,0.000000,0.050458,PAUSE
13633,0.000000,0.000000,0.149902,PAUSE
13634,0.000000,0.000000,0.299327,PAUSE
13635,0.000000,0.000000,0.465430,PAUSE
13636,0.000000,0.000000,0.617174,ALLOW
13637,0.000000,0.000000,0.738851,ALLOW
13638,0.000000,0.000000,0.828175,ALLOW
13639,0.000000,1.000000,0.359082,PAUSE
13640,0.000000,1.000000,0.148363,PAUSE
13641,0.000000,0.000000,0.092171,PAUSE
13642,0.000000,1.000000,0.042094,PAUSE
13643,0.000000,1.000000,0.018572,PAUSE
13644,0.000000,1.000000,0.008324,PAUSE
13645,0.000000,1.000000,0.003932,PAUSE
13646,1.000000,1.000000,0.002047,PAUSE
13647,0.000000,1.000000,0.001230,PAUSE
13648,1.000000,1.000000,0.000869,PAUSE
13649,0.000000,1.000000,0.000706,PAUSE
13650,0.000000,1.000000,0.000630,PAUSE
13651,0.000000,1.000000,0.000593,PAUSE
13652,0.000000,1.000000,0.000575,PAUSE
13653,0.000000,1.000000,0.000565,PAUSE
13654,0.000000,1.000000,0.000560,PAUSE
13655,0.000000,0.000000,0.006913,PAUSE
13656,0.000000,0.000000,0.043176,PAUSE
13657,0.000000,1.000000,0.023190,PAUSE
13658,1.000000,1.000000,0.011145,PAUSE
13659,0.000000,1.000000,0.005394,PAUSE
13660,0.000000,0.000000,0.014578,PAUSE
13661,0.000000,0.000000,0.064408,PAUSE
13662,0.000000,1.000000,0.033160,PAUSE
13663,1.000000,1.000000,0.015401,PAUSE
13664,0.000000,1.000000,0.007175,PAUSE
13665,0.000000,0.000000,0.015902,PAUSE
13666,0.000000,0.000000,0.066654,PAUSE
13667,1.000000,1.000000,0.034187,PAUSE
13668,0.000000,0.000000,0.057044,PAUSE
13669,0.000000,1.000000,0.028993,PAUSE
13670,0.000000,1.000000,0.013515,PAUSE
13671,0.000000,1.000000,0.006357,PAUSE
13672,0.000000,0.000000,0.015077,PAUSE
13673,1.000000,1.000000,0.008963,PAUSE
13674,0.000000,0.000000,0.028223,PAUSE
13675,1.000000,1.000000,0.015688,PAUSE
13676,1.000000,1.000000,0.007840,PAUSE
13677,1.000000,1.000000,0.003977,PAUSE
13678,1.000000,1.000000,0.002171,PAUSE
13679,0.000000,0.000000,0.010186,PAUSE
13680,1.000000,1.000000,0.006529,PAUSE
13681,1.000000,1.000000,0.003714,PAUSE
13682,0.000000,1.000000,0.002168,PAUSE
13683,1.000000,1.000000,0.001378,PAUSE
13684,0.000000,1.000000,0.000981,PAUSE
13685,0.000000,0.000000,0.008180,PAUSE
13686,0.000000,0.000000,0.047541,PAUSE
13687,0.000000,1.000000,0.025269,PAUSE
13688,0.000000,1.000000,0.012039,PAUSE
13689,0.000000,0.000000,0.023996,PAUSE
13690,1.000000,1.000000,0.013384,PAUSE
13691,0.000000,0.000000,0.034069,PAUSE
13692,0.000000,0.000000,0.110484,PAUSE
13693,0.000000,0.000000,0.245075,PAUSE
13694,0.000000,0.000000,0.409219,PAUSE
13695,1.000000,1.000000,0.183834,PAUSE
13696,0.000000,0.000000,0.151836,PAUSE
13697,0.000000,1.000000,0.069538,PAUSE
13698,0.000000,1.000000,0.030187,PAUSE
13699,1.000000,1.000000,0.013155,PAUSE
13700,0.000000,1.000000,0.005936,PAUSE
13701,0.000000,1.000000,0.002882,PAUSE
13702,1.000000,1.000000,0.001581,PAUSE
13703,0.000000,1.000000,0.001019,PAUSE
13704,0.000000,1.000000,0.000771,PAUSE
13705,1.000000,1.000000,0.000659,PAUSE
13706,0.000000,1.000000,0.000607,PAUSE
13707,0.000000,0.000000,0.007042,PAUSE
13708,0.000000,1.000000,0.004848,PAUSE
13709,0.000000,1.000000,0.002923,PAUSE
13710,1.000000,1.000000,0.001807,PAUSE
13711,1.000000,1.000000,0.001213,PAUSE
13712,0.000000,1.000000,0.000905,PAUSE
13713,1.000000,1.000000,0.000744,PAUSE
13714,1.000000,1.000000,0.000659,PAUSE
13715,0.000000,1.000000,0.000613,PAUSE
13716,0.000000,0.000000,0.007116,PAUSE
13717,1.000000,1.000000,0.004891,PAUSE
13718,0.000000,1.000000,0.002944,PAUSE
13719,0.000000,1.000000,0.001816,PAUSE
13720,0.000000,0.000000,0.010598,PAUSE
13721,0.000000,0.000000,0.055278,PAUSE
13722,0.000000,0.000000,0.158883,PAUSE
13723,1.000000,1.000000,0.075855,PAUSE
13724,0.000000,0.000000,0.088585,PAUSE
13725,1.000000,1.000000,0.042805,PAUSE
13726,0.000000,1.000000,0.019255,PAUSE
13727,1.000000,1.000000,0.008715,PAUSE
13728,1.000000,1.000000,0.004134,PAUSE
13729,1.000000,1.000000,0.002150,PAUSE
13730,0.000000,1.000000,0.001282,PAUSE
13731,0.000000,0.000000,0.008216,PAUSE
13732,1.000000,1.000000,0.005476,PAUSE
13733,0.000000,0.000000,0.022867,PAUSE
13734,0.000000,0.000000,0.088680,PAUSE
13735,0.000000,0.000000,0.213952,PAUSE
13736,0.000000,1.000000,0.100013,PAUSE
13737,0.000000,1.000000,0.043197,PAUSE
13738,0.000000,1.000000,0.018569,PAUSE
13739,0.000000,1.000000,0.008177,PAUSE
13740,0.000000,0.000000,0.014139,PAUSE
13741,0.000000,0.000000,0.059726,PAUSE
13742,0.000000,0.000000,0.165481,PAUSE
13743,1.000000,1.000000,0.078753,PAUSE
13744,0.000000,0.000000,0.090475,PAUSE
13745,0.000000,0.000000,0.185351,PAUSE
13746,1.000000,1.000000,0.087099,PAUSE
13747,0.000000,0.000000,0.094930,PAUSE
13748,1.000000,1.000000,0.045482,PAUSE
13749,0.000000,0.000000,0.061510,PAUSE
13750,0.000000,1.000000,0.030775,PAUSE
13751,0.000000,1.000000,0.014227,PAUSE
13752,1.000000,1.000000,0.006641,PAUSE
13753,0.000000,0.000000,0.015189,PAUSE
13754,1.000000,1.000000,0.009008,PAUSE
13755,1.000000,1.000000,0.004830,PAUSE
13756,0.000000,0.000000,0.016536,PAUSE
13757,0.000000,1.000000,0.009829,PAUSE
13758,1.000000,1.000000,0.005227,PAUSE
13759,0.000000,1.000000,0.002843,PAUSE
13760,1.000000,1.000000,0.001679,PAUSE
13761,1.000000,1.000000,0.001117,PAUSE
13762,0.000000,0.000000,0.008399,PAUSE
13763,0.000000,0.000000,0.048189,PAUSE
13764,1.000000,1.000000,0.025575,PAUSE
13765,0.000000,0.000000,0.049211,PAUSE
13766,0.000000,1.000000,0.025477,PAUSE
13767,1.000000,1.000000,0.012036,PAUSE
13768,0.000000,1.000000,0.005744,PAUSE
13769,0.000000,1.000000,0.002913,PAUSE
13770,1.000000,1.000000,0.001646,PAUSE
13771,0.000000,1.000000,0.001073,PAUSE
13772,0.000000,1.000000,0.000808,PAUSE
13773,0.000000,1.000000,0.000683,PAUSE
13774,0.000000,0.000000,0.007267,PAUSE
13775,0.000000,1.000000,0.004973,PAUSE
13776,1.000000,1.000000,0.002983,PAUSE
13777,0.000000,1.000000,0.001834,PAUSE
13778,0.000000,1.000000,0.001226,PAUSE
13779,0.000000,1.000000,0.000911,PAUSE
13780,0.000000,1.000000,0.000747,PAUSE
13781,0.000000,1.000000,0.000660,PAUSE
13782,0.000000,0.000000,0.007280,PAUSE
13783,1.000000,1.000000,0.004982,PAUSE
13784,1.000000,1.000000,0.002988,PAUSE
13785,0.000000,0.000000,0.014079,PAUSE
13786,0.000000,0.000000,0.065513,PAUSE
13787,0.000000,0.000000,0.176739,PAUSE
13788,0.000000,0.000000,0.332419,PAUSE
13789,0.000000,0.000000,0.497692,PAUSE
13790,0.000000,0.000000,0.644159,ALLOW
13791,0.000000,0.000000,0.759225,ALLOW
13792,1.000000,1.000000,0.330517,PAUSE
13793,0.000000,0.000000,0.225190,PAUSE
13794,0.000000,0.000000,0.286097,PAUSE
13795,1.000000,1.000000,0.129706,PAUSE
13796,1.000000,1.000000,0.055183,PAUSE
13797,0.000000,1.000000,0.023390,PAUSE
13798,1.000000,1.000000,0.010115,PAUSE
13799,1.000000,1.000000,0.004591,PAUSE
13800,0.000000,1.000000,0.002283,PAUSE
13801,0.000000,1.000000,0.001310,PAUSE
13802,0.000000,1.000000,0.000893,PAUSE
13803,1.000000,1.000000,0.000711,PAUSE
13804,0.000000,0.000000,0.007212,PAUSE
13805,1.000000,1.000000,0.004939,PAUSE
13806,0.000000,1.000000,0.002967,PAUSE
13807,0.000000,1.000000,0.001826,PAUSE
13808,0.000000,0.000000,0.010613,PAUSE
13809,1.000000,1.000000,0.006788,PAUSE
13810,0.000000,0.000000,0.025332,PAUSE
13811,0.000000,0.000000,0.094063,PAUSE
13812,0.000000,0.000000,0.221962,PAUSE
13813,1.000000,1.000000,0.103499,PAUSE
13814,1.000000,1.000000,0.044628,PAUSE
13815,0.000000,0.000000,0.043953,PAUSE
13816,0.000000,0.000000,0.109049,PAUSE
13817,0.000000,0.000000,0.237717,PAUSE
13818,1.000000,1.000000,0.110264,PAUSE
13819,0.000000,0.000000,0.110171,PAUSE
13820,0.000000,0.000000,0.203746,PAUSE
13821,1.000000,1.000000,0.094998,PAUSE
13822,0.000000,1.000000,0.041065,PAUSE
13823,0.000000,1.000000,0.017686,PAUSE
13824,0.000000,0.000000,0.021915,PAUSE
13825,0.000000,1.000000,0.012011,PAUSE
13826,0.000000,1.000000,0.006108,PAUSE
13827,0.000000,0.000000,0.017591,PAUSE
13828,0.000000,0.000000,0.073024,PAUSE
13829,1.000000,1.000000,0.037154,PAUSE
13830,0.000000,1.000000,0.017092,PAUSE
13831,1.000000,1.000000,0.007878,PAUSE
13832,1.000000,1.000000,0.003810,PAUSE
13833,1.000000,1.000000,0.002025,PAUSE
13834,1.000000,1.000000,0.001235,PAUSE
13835,0.000000,1.000000,0.000879,PAUSE
13836,0.000000,1.000000,0.000714,PAUSE
13837,0.000000,0.000000,0.007316,PAUSE
13838,0.000000,0.000000,0.044561,PAUSE
13839,1.000000,1.000000,0.023851,PAUSE
13840,0.000000,0.000000,0.047497,PAUSE
13841,1.000000,1.000000,0.024700,PAUSE
13842,1.000000,1.000000,0.011708,PAUSE
13843,0.000000,0.000000,0.023237,PAUSE
13844,0.000000,0.000000,0.083822,PAUSE
13845,1.000000,1.000000,0.042075,PAUSE
13846,1.000000,1.000000,0.019160,PAUSE
13847,0.000000,0.000000,0.029129,PAUSE
13848,0.000000,0.000000,0.092990,PAUSE
13849,0.000000,1.000000,0.046202,PAUSE
13850,0.000000,1.000000,0.020886,PAUSE
13851,0.000000,0.000000,0.030228,PAUSE
13852,1.000000,1.000000,0.016187,PAUSE
13853,0.000000,0.000000,0.036581,PAUSE
13854,0.000000,0.000000,0.114278,PAUSE
13855,1.000000,1.000000,0.055884,PAUSE
13856,0.000000,0.000000,0.074321,PAUSE
13857,0.000000,0.000000,0.167989,PAUSE
13858,0.000000,0.000000,0.315898,PAUSE
13859,0.000000,1.000000,0.143970,PAUSE
13860,1.000000,1.000000,0.061184,PAUSE
13861,0.000000,1.000000,0.025860,PAUSE
13862,0.000000,1.000000,0.011127,PAUSE
13863,0.000000,1.000000,0.005006,PAUSE
13864,1.000000,1.000000,0.002454,PAUSE
13865,0.000000,0.000000,0.009004,PAUSE
13866,1.000000,1.000000,0.005845,PAUSE
13867,1.000000,1.000000,0.003383,PAUSE
13868,0.000000,1.000000,0.002013,PAUSE
13869,0.000000,1.000000,0.001307,PAUSE
13870,0.000000,1.000000,0.000948,PAUSE
13871,1.000000,1.000000,0.000764,PAUSE
13872,0.000000,1.000000,0.000668,PAUSE
13873,0.000000,1.000000,0.000617,PAUSE
13874,0.000000,1.000000,0.000590,PAUSE
13875,1.000000,1.000000,0.000574,PAUSE
13876,0.000000,0.000000,0.006973,PAUSE
13877,0.000000,0.000000,0.043393,PAUSE
13878,0.000000,0.000000,0.136591,PAUSE
13879,1.000000,1.000000,0.065966,PAUSE
13880,0.000000,1.000000,0.029146,PAUSE
13881,1.000000,1.000000,0.012841,PAUSE
13882,1.000000,1.000000,0.005848,PAUSE
13883,0.000000,1.000000,0.002864,PAUSE
13884,1.000000,1.000000,0.001582,PAUSE
13885,1.000000,1.000000,0.001024,PAUSE
13886,0.000000,0.000000,0.007767,PAUSE
13887,0.000000,0.000000,0.045894,PAUSE
13888,0.000000,0.000000,0.141397,PAUSE
13889,1.000000,1.000000,0.068104,PAUSE
13890,0.000000,1.000000,0.030033,PAUSE
13891,0.000000,1.000000,0.013204,PAUSE
13892,0.000000,1.000000,0.005996,PAUSE
13893,0.000000,0.000000,0.012957,PAUSE
13894,0.000000,1.000000,0.007828,PAUSE
13895,1.000000,1.000000,0.004285,PAUSE
13896,0.000000,1.000000,0.002414,PAUSE
13897,0.000000,0.000000,0.011403,PAUSE
13898,0.000000,0.000000,0.057333,PAUSE
13899,1.000000,1.000000,0.029881,PAUSE
13900,0.000000,0.000000,0.053290,PAUSE
13901,1.000000,1.000000,0.027317,PAUSE
13902,0.000000,0.000000,0.048786,PAUSE
13903,1.000000,1.000000,0.025207,PAUSE
13904,1.000000,1.000000,0.011909,PAUSE
13905,0.000000,0.000000,0.023307,PAUSE
13906,0.000000,0.000000,0.083826,PAUSE
13907,1.000000,1.000000,0.042075,PAUSE
13908,1.000000,1.000000,0.019160,PAUSE
13909,0.000000,0.000000,0.029127,PAUSE
13910,0.000000,0.000000,0.092985,PAUSE
13911,0.000000,0.000000,0.218089,PAUSE
13912,0.000000,0.000000,0.379460,PAUSE
13913,0.000000,0.000000,0.541448,ALLOW
13914,0.000000,1.000000,0.239635,PAUSE
13915,1.000000,1.000000,0.100081,PAUSE
13916,0.000000,1.000000,0.041560,PAUSE
13917,1.000000,1.000000,0.017453,PAUSE
13918,0.000000,0.000000,0.018530,PAUSE
13919,0.000000,0.000000,0.063488,PAUSE
13920,0.000000,0.000000,0.170115,PAUSE
13921,1.000000,1.000000,0.080772,PAUSE
13922,1.000000,1.000000,0.035268,PAUSE
13923,0.000000,0.000000,0.038880,PAUSE
13924,1.000000,1.000000,0.019965,PAUSE
13925,0.000000,0.000000,0.039472,PAUSE
13926,1.000000,1.000000,0.020885,PAUSE
13927,0.000000,0.000000,0.042679,PAUSE
13928,0.000000,0.000000,0.124873,PAUSE
13929,1.000000,1.000000,0.060614,PAUSE
13930,0.000000,0.000000,0.077706,PAUSE
13931,0.000000,1.000000,0.038084,PAUSE
13932,0.000000,0.000000,0.056765,PAUSE
13933,1.000000,1.000000,0.028723,PAUSE
13934,1.000000,1.000000,0.013377,PAUSE
13935,1.000000,1.000000,0.006293,PAUSE
13936,0.000000,1.000000,0.003138,PAUSE
13937,1.000000,1.000000,0.001738,PAUSE
13938,0.000000,0.000000,0.009045,PAUSE
13939,1.000000,1.000000,0.005916,PAUSE
13940,1.000000,1.000000,0.003426,PAUSE
13941,0.000000,0.000000,0.014748,PAUSE
13942,0.000000,0.000000,0.067147,PAUSE
13943,0.000000,0.000000,0.179445,PAUSE
13944,0.000000,0.000000,0.335636,PAUSE
13945,0.000000,0.000000,0.500762,ALLOW
13946,0.000000,1.000000,0.222529,PAUSE
13947,0.000000,0.000000,0.172065,PAUSE
13948,1.000000,1.000000,0.077946,PAUSE
13949,0.000000,1.000000,0.033601,PAUSE
13950,1.000000,1.000000,0.014535,PAUSE
13951,0.000000,1.000000,0.006493,PAUSE
13952,0.000000,1.000000,0.003107,PAUSE
13953,0.000000,0.000000,0.009867,PAUSE
13954,0.000000,1.000000,0.006290,PAUSE
13955,1.000000,1.000000,0.003588,PAUSE
13956,0.000000,0.000000,0.014907,PAUSE
13957,0.000000,0.000000,0.067468,PAUSE
13958,1.000000,1.000000,0.034603,PAUSE
13959,0.000000,0.000000,0.057523,PAUSE
13960,0.000000,0.000000,0.147586,PAUSE
13961,0.000000,0.000000,0.292661,PAUSE
13962,0.000000,0.000000,0.457766,PAUSE
13963,0.000000,1.000000,0.204378,PAUSE
13964,0.000000,1.000000,0.085779,PAUSE
13965,1.000000,1.000000,0.035796,PAUSE
13966,1.000000,1.000000,0.015133,PAUSE
13967,1.000000,1.000000,0.006622,PAUSE
13968,0.000000,1.000000,0.003108,PAUSE
13969,0.000000,1.000000,0.001646,PAUSE
13970,0.000000,1.000000,0.001031,PAUSE
13971,0.000000,1.000000,0.000768,PAUSE
13972,1.000000,1.000000,0.000653,PAUSE
13973,0.000000,0.000000,0.007097,PAUSE
13974,1.000000,1.000000,0.004877,PAUSE
13975,1.000000,1.000000,0.002937,PAUSE
13976,1.000000,1.000000,0.001813,PAUSE
13977,0.000000,1.000000,0.001216,PAUSE
13978,0.000000,0.000000,0.008920,PAUSE
13979,0.000000,1.000000,0.005880,PAUSE
13980,0.000000,0.000000,0.023714,PAUSE
13981,0.000000,0.000000,0.090590,PAUSE
13982,1.000000,1.000000,0.045227,PAUSE
13983,0.000000,0.000000,0.066346,PAUSE
13984,0.000000,0.000000,0.158786,PAUSE
13985,1.000000,1.000000,0.075570,PAUSE
13986,1.000000,1.000000,0.033093,PAUSE
13987,0.000000,1.000000,0.014447,PAUSE
13988,0.000000,1.000000,0.006500,PAUSE
13989,0.000000,1.000000,0.003129,PAUSE
13990,1.000000,1.000000,0.001690,PAUSE
13991,1.000000,1.000000,0.001068,PAUSE
13992,0.000000,0.000000,0.007798,PAUSE
13993,0.000000,0.000000,0.045951,PAUSE
13994,0.000000,0.000000,0.141497,PAUSE
13995,0.000000,1.000000,0.068149,PAUSE
13996,0.000000,0.000000,0.083339,PAUSE
13997,0.000000,1.000000,0.040541,PAUSE
13998,0.000000,0.000000,0.058469,PAUSE
13999,0.000000,1.000000,0.029467,PAUSE
14000,1.000000,1.000000,0.013687,PAUSE
14001,1.000000,1.000000,0.006420,PAUSE
14002,1.000000,1.000000,0.003190,PAUSE
14003,0.000000,1.000000,0.001760,PAUSE
14004,1.000000,1.000000,0.001120,PAUSE
14005,0.000000,1.000000,0.000828,PAUSE
14006,1.000000,1.000000,0.000691,PAUSE
14007,1.000000,1.000000,0.000625,PAUSE
14008,1.000000,1.000000,0.000592,PAUSE
14009,1.000000,1.000000,0.000574,PAUSE
14010,0.000000,0.000000,0.006966,PAUSE
14011,0.000000,1.000000,0.004807,PAUSE
14012,0.000000,0.000000,0.021625,PAUSE
14013,0.000000,1.000000,0.012497,PAUSE
14014,1.000000,1.000000,0.006442,PAUSE
14015,0.000000,1.000000,0.003379,PAUSE
14016,0.000000,1.000000,0.001915,PAUSE
14017,0.000000,1.000000,0.001222,PAUSE
14018,0.000000,0.000000,0.008553,PAUSE
14019,1.000000,1.000000,0.005672,PAUSE
14020,0.000000,0.000000,0.023290,PAUSE
14021,0.000000,1.000000,0.013315,PAUSE
14022,0.000000,1.000000,0.006804,PAUSE
14023,1.000000,1.000000,0.003534,PAUSE
14024,0.000000,0.000000,0.012825,PAUSE
14025,0.000000,1.000000,0.007902,PAUSE
14026,0.000000,0.000000,0.026980,PAUSE
14027,0.000000,0.000000,0.097371,PAUSE
14028,0.000000,1.000000,0.048299,PAUSE
14029,0.000000,1.000000,0.021779,PAUSE
14030,0.000000,0.000000,0.030883,PAUSE
14031,0.000000,0.000000,0.095287,PAUSE
14032,0.000000,1.000000,0.047227,PAUSE
14033,0.000000,1.000000,0.021313,PAUSE
14034,0.000000,1.000000,0.009619,PAUSE
14035,1.000000,1.000000,0.004526,PAUSE
14036,0.000000,1.000000,0.002320,PAUSE
14037,1.000000,1.000000,0.001357,PAUSE
14038,1.000000,1.000000,0.000930,PAUSE
14039,1.000000,1.000000,0.000736,PAUSE
14040,0.000000,0.000000,0.007341,PAUSE
14041,0.000000,1.000000,0.005012,PAUSE
14042,1.000000,1.000000,0.003002,PAUSE
14043,0.000000,0.000000,0.014097,PAUSE
14044,1.000000,1.000000,0.008622,PAUSE
14045,0.000000,1.000000,0.004688,PAUSE
14046,1.000000,1.000000,0.002607,PAUSE
14047,1.000000,1.000000,0.001576,PAUSE
14048,0.000000,1.000000,0.001072,PAUSE
14049,1.000000,1.000000,0.000822,PAUSE
14050,0.000000,1.000000,0.000697,PAUSE
14051,0.000000,1.000000,0.000632,PAUSE
14052,1.000000,1.000000,0.000597,PAUSE
14053,1.000000,1.000000,0.000578,PAUSE
14054,1.000000,1.000000,0.000568,PAUSE
14055,0.000000,1.000000,0.000562,PAUSE
14056,0.000000,0.000000,0.006922,PAUSE
14057,1.000000,1.000000,0.004782,PAUSE
14058,0.000000,0.000000,0.021574,PAUSE
14059,0.000000,1.000000,0.012472,PAUSE
14060,0.000000,0.000000,0.033961,PAUSE
14061,0.000000,1.000000,0.018433,PAUSE
14062,0.000000,0.000000,0.040685,PAUSE
14063,0.000000,0.000000,0.122156,PAUSE
14064,0.000000,0.000000,0.260773,PAUSE
14065,0.000000,1.000000,0.120307,PAUSE
14066,0.000000,0.000000,0.116310,PAUSE
14067,0.000000,1.000000,0.054626,PAUSE
14068,0.000000,0.000000,0.067184,PAUSE
14069,0.000000,1.000000,0.033216,PAUSE
14070,0.000000,0.000000,0.052424,PAUSE
14071,0.000000,1.000000,0.026776,PAUSE
14072,0.000000,0.000000,0.047832,PAUSE
14073,1.000000,1.000000,0.024758,PAUSE
14074,1.000000,1.000000,0.011717,PAUSE
14075,0.000000,1.000000,0.005606,PAUSE
14076,0.000000,0.000000,0.014526,PAUSE
14077,0.000000,1.000000,0.008708,PAUSE
14078,0.000000,0.000000,0.027943,PAUSE
14079,0.000000,1.000000,0.015557,PAUSE
14080,1.000000,1.000000,0.007783,PAUSE
14081,1.000000,1.000000,0.003953,PAUSE
14082,0.000000,0.000000,0.013219,PAUSE
14083,0.000000,1.000000,0.008092,PAUSE
14084,0.000000,0.000000,0.027225,PAUSE
14085,0.000000,0.000000,0.097837,PAUSE
14086,0.000000,0.000000,0.227420,PAUSE
14087,0.000000,0.000000,0.390297,PAUSE
14088,0.000000,0.000000,0.551440,ALLOW
14089,0.000000,0.000000,0.687698,ALLOW
14090,0.000000,1.000000,0.300785,PAUSE
14091,0.000000,1.000000,0.124826,PAUSE
14092,0.000000,0.000000,0.081839,PAUSE
14093,0.000000,0.000000,0.135917,PAUSE
14094,0.000000,0.000000,0.263018,PAUSE
14095,1.000000,1.000000,0.121057,PAUSE
14096,1.000000,1.000000,0.051799,PAUSE
14097,1.000000,1.000000,0.022054,PAUSE
14098,0.000000,1.000000,0.009587,PAUSE
14099,0.000000,1.000000,0.004382,PAUSE
14100,0.000000,0.000000,0.010756,PAUSE
14101,1.000000,1.000000,0.006707,PAUSE
14102,1.000000,1.000000,0.003772,PAUSE
14103,1.000000,1.000000,0.002186,PAUSE
14104,0.000000,0.000000,0.011098,PAUSE
14105,0.000000,0.000000,0.056561,PAUSE
14106,0.000000,0.000000,0.161132,PAUSE
14107,1.000000,1.000000,0.076848,PAUSE
14108,0.000000,1.000000,0.033652,PAUSE
14109,0.000000,1.000000,0.014683,PAUSE
14110,0.000000,1.000000,0.006598,PAUSE
14111,0.000000,1.000000,0.003170,PAUSE
14112,1.000000,1.000000,0.001708,PAUSE
14113,0.000000,1.000000,0.001076,PAUSE
14114,0.000000,0.000000,0.007807,PAUSE
14115,0.000000,0.000000,0.045974,PAUSE
14116,1.000000,1.000000,0.024521,PAUSE
14117,1.000000,1.000000,0.011718,PAUSE
14118,0.000000,0.000000,0.023733,PAUSE
14119,0.000000,0.000000,0.085202,PAUSE
14120,0.000000,0.000000,0.207360,PAUSE
14121,1.000000,1.000000,0.097122,PAUSE
14122,1.000000,1.000000,0.042007,PAUSE
14123,0.000000,1.000000,0.018085,PAUSE
14124,0.000000,1.000000,0.007981,PAUSE
14125,0.000000,1.000000,0.003732,PAUSE
14126,0.000000,1.000000,0.001937,PAUSE
14127,1.000000,1.000000,0.001170,PAUSE
14128,0.000000,0.000000,0.007872,PAUSE
14129,0.000000,1.000000,0.005287,PAUSE
14130,0.000000,0.000000,0.022499,PAUSE
14131,0.000000,1.000000,0.012926,PAUSE
14132,0.000000,0.000000,0.034522,PAUSE
14133,0.000000,1.000000,0.018695,PAUSE
14134,1.000000,1.000000,0.009144,PAUSE
14135,1.000000,1.000000,0.004532,PAUSE
14136,0.000000,0.000000,0.013728,PAUSE
14137,0.000000,0.000000,0.062630,PAUSE
14138,0.000000,0.000000,0.171411,PAUSE
14139,0.000000,0.000000,0.325907,PAUSE
14140,1.000000,1.000000,0.148338,PAUSE
14141,0.000000,1.000000,0.062976,PAUSE
14142,1.000000,1.000000,0.026587,PAUSE
14143,0.000000,1.000000,0.011421,PAUSE
14144,0.000000,0.000000,0.015750,PAUSE
14145,0.000000,0.000000,0.061301,PAUSE
14146,1.000000,1.000000,0.031642,PAUSE
14147,1.000000,1.000000,0.014746,PAUSE
14148,0.000000,0.000000,0.026000,PAUSE
14149,0.000000,0.000000,0.088598,PAUSE
14150,0.000000,0.000000,0.212115,PAUSE
14151,1.000000,1.000000,0.099190,PAUSE
14152,0.000000,1.000000,0.042856,PAUSE
14153,1.000000,1.000000,0.018430,PAUSE
14154,0.000000,1.000000,0.008121,PAUSE
14155,0.000000,1.000000,0.003789,PAUSE
14156,0.000000,0.000000,0.010449,PAUSE
14157,1.000000,1.000000,0.006573,PAUSE
14158,0.000000,1.000000,0.003715,PAUSE
14159,0.000000,1.000000,0.002162,PAUSE
14160,0.000000,0.000000,0.011078,PAUSE
14161,0.000000,1.000000,0.007025,PAUSE
14162,0.000000,0.000000,0.025697,PAUSE
14163,0.000000,0.000000,0.094809,PAUSE
14164,0.000000,0.000000,0.223050,PAUSE
14165,0.000000,0.000000,0.385526,PAUSE
14166,0.000000,1.000000,0.173773,PAUSE
14167,1.000000,1.000000,0.073339,PAUSE
14168,1.000000,1.000000,0.030776,PAUSE
14169,1.000000,1.000000,0.013111,PAUSE
14170,0.000000,0.000000,0.016550,PAUSE
14171,1.000000,1.000000,0.009376,PAUSE
14172,1.000000,1.000000,0.004932,PAUSE
14173,0.000000,1.000000,0.002684,PAUSE
14174,0.000000,1.000000,0.001598,PAUSE
14175,1.000000,1.000000,0.001076,PAUSE
14176,0.000000,0.000000,0.008288,PAUSE
14177,0.000000,1.000000,0.005531,PAUSE
14178,0.000000,0.000000,0.023038,PAUSE
14179,1.000000,1.000000,0.013192,PAUSE
14180,0.000000,0.000000,0.034856,PAUSE
14181,0.000000,0.000000,0.112536,PAUSE
14182,0.000000,1.000000,0.055123,PAUSE
14183,0.000000,1.000000,0.024627,PAUSE
14184,0.000000,0.000000,0.032653,PAUSE
14185,0.000000,0.000000,0.097403,PAUSE
14186,0.000000,1.000000,0.048166,PAUSE
14187,1.000000,1.000000,0.021703,PAUSE
14188,0.000000,0.000000,0.030727,PAUSE
14189,0.000000,1.000000,0.016406,PAUSE
14190,1.000000,1.000000,0.008065,PAUSE
14191,0.000000,1.000000,0.004048,PAUSE
14192,1.000000,1.000000,0.002191,PAUSE
14193,0.000000,1.000000,0.001336,PAUSE
14194,0.000000,0.000000,0.008641,PAUSE
14195,0.000000,0.000000,0.048806,PAUSE
14196,0.000000,0.000000,0.146932,PAUSE
14197,0.000000,0.000000,0.295573,PAUSE
14198,0.000000,0.000000,0.461700,PAUSE
14199,0.000000,1.000000,0.206055,PAUSE
14200,0.000000,0.000000,0.163557,PAUSE
14201,0.000000,1.000000,0.074416,PAUSE
14202,0.000000,1.000000,0.032169,PAUSE
14203,0.000000,1.000000,0.013956,PAUSE
14204,0.000000,0.000000,0.019176,PAUSE
14205,0.000000,0.000000,0.069510,PAUSE
14206,1.000000,1.000000,0.035445,PAUSE
14207,0.000000,0.000000,0.057945,PAUSE
14208,0.000000,0.000000,0.147901,PAUSE
14209,0.000000,1.000000,0.070800,PAUSE
14210,0.000000,0.000000,0.084661,PAUSE
14211,1.000000,1.000000,0.041090,PAUSE
14212,0.000000,0.000000,0.058760,PAUSE
14213,1.000000,1.000000,0.029590,PAUSE
14214,1.000000,1.000000,0.013737,PAUSE
14215,0.000000,1.000000,0.006440,PAUSE
14216,0.000000,0.000000,0.015071,PAUSE
14217,1.000000,1.000000,0.008955,PAUSE
14218,0.000000,0.000000,0.028192,PAUSE
14219,0.000000,1.000000,0.015672,PAUSE
14220,0.000000,1.000000,0.007833,PAUSE
14221,0.000000,1.000000,0.003974,PAUSE
14222,0.000000,0.000000,0.013236,PAUSE
14223,1.000000,1.000000,0.008101,PAUSE
14224,1.000000,1.000000,0.004435,PAUSE
14225,0.000000,1.000000,0.002490,PAUSE
14226,0.000000,0.000000,0.011566,PAUSE
14227,0.000000,0.000000,0.057802,PAUSE
14228,1.000000,1.000000,0.030100,PAUSE
14229,0.000000,0.000000,0.053492,PAUSE
14230,0.000000,0.000000,0.142119,PAUSE
14231,0.000000,0.000000,0.286110,PAUSE
14232,0.000000,0.000000,0.451312,PAUSE
14233,0.000000,1.000000,0.201653,PAUSE
14234,0.000000,0.000000,0.161231,PAUSE
14235,0.000000,1.000000,0.073448,PAUSE
14236,0.000000,0.000000,0.077519,PAUSE
14237,0.000000,0.000000,0.163066,PAUSE
14238,0.000000,0.000000,0.307173,PAUSE
14239,0.000000,0.000000,0.470800,PAUSE
14240,0.000000,1.000000,0.209861,PAUSE
14241,0.000000,1.000000,0.088003,PAUSE
14242,0.000000,0.000000,0.065142,PAUSE
14243,1.000000,1.000000,0.031001,PAUSE
14244,0.000000,1.000000,0.014079,PAUSE
14245,0.000000,1.000000,0.006509,PAUSE
14246,1.000000,1.000000,0.003198,PAUSE
14247,0.000000,1.000000,0.001750,PAUSE
14248,0.000000,1.000000,0.001110,PAUSE
14249,1.000000,1.000000,0.000820,PAUSE
14250,0.000000,1.000000,0.000686,PAUSE
14251,1.000000,1.000000,0.000622,PAUSE
14252,0.000000,0.000000,0.007098,PAUSE
14253,0.000000,1.000000,0.004880,PAUSE
14254,1.000000,1.000000,0.002939,PAUSE
14255,0.000000,1.000000,0.001814,PAUSE
14256,1.000000,1.000000,0.001217,PAUSE
14257,0.000000,1.000000,0.000907,PAUSE
14258,0.000000,0.000000,0.008039,PAUSE
14259,1.000000,1.000000,0.005401,PAUSE
14260,0.000000,0.000000,0.022812,PAUSE
14261,1.000000,1.000000,0.013081,PAUSE
14262,1.000000,1.000000,0.006701,PAUSE
14263,1.000000,1.000000,0.003490,PAUSE
14264,1.000000,1.000000,0.001963,PAUSE
14265,1.000000,1.000000,0.001243,PAUSE
14266,0.000000,0.000000,0.008579,PAUSE
14267,0.000000,0.000000,0.048698,PAUSE
14268,0.000000,0.000000,0.146749,PAUSE
14269,0.000000,0.000000,0.295344,PAUSE
14270,1.000000,1.000000,0.135231,PAUSE
14271,0.000000,0.000000,0.125044,PAUSE
14272,0.000000,0.000000,0.216680,PAUSE
14273,0.000000,0.000000,0.364876,PAUSE
14274,0.000000,0.000000,0.524287,ALLOW
14275,1.000000,1.000000,0.232367,PAUSE
14276,0.000000,1.000000,0.097129,PAUSE
14277,0.000000,1.000000,0.040370,PAUSE
14278,0.000000,1.000000,0.016974,PAUSE
14279,0.000000,1.000000,0.007363,PAUSE
14280,0.000000,0.000000,0.012202,PAUSE
14281,0.000000,1.000000,0.007326,PAUSE
14282,0.000000,0.000000,0.025021,PAUSE
14283,0.000000,1.000000,0.014128,PAUSE
14284,0.000000,0.000000,0.035865,PAUSE
14285,1.000000,1.000000,0.019318,PAUSE
14286,1.000000,1.000000,0.009411,PAUSE
14287,1.000000,1.000000,0.004644,PAUSE
14288,0.000000,0.000000,0.013818,PAUSE
14289,0.000000,0.000000,0.062795,PAUSE
14290,1.000000,1.000000,0.032414,PAUSE
14291,0.000000,1.000000,0.015085,PAUSE
14292,0.000000,0.000000,0.026311,PAUSE
14293,0.000000,1.000000,0.014438,PAUSE
14294,1.000000,1.000000,0.007234,PAUSE
14295,1.000000,1.000000,0.003700,PAUSE
14296,0.000000,0.000000,0.012838,PAUSE
14297,1.000000,1.000000,0.007899,PAUSE
14298,0.000000,0.000000,0.026939,PAUSE
14299,0.000000,1.000000,0.015082,PAUSE
14300,0.000000,0.000000,0.037058,PAUSE
14301,0.000000,0.000000,0.116282,PAUSE
14302,0.000000,0.000000,0.253068,PAUSE
14303,0.000000,0.000000,0.417660,PAUSE
14304,0.000000,0.000000,0.575787,ALLOW
14305,0.000000,0.000000,0.706875,ALLOW
14306,1.000000,1.000000,0.308767,PAUSE
14307,1.000000,1.000000,0.128052,PAUSE
14308,0.000000,0.000000,0.083267,PAUSE
14309,1.000000,1.000000,0.038457,PAUSE
14310,0.000000,1.000000,0.017103,PAUSE
14311,0.000000,1.000000,0.007732,PAUSE
14312,0.000000,0.000000,0.015145,PAUSE
14313,0.000000,0.000000,0.063588,PAUSE
14314,0.000000,0.000000,0.172395,PAUSE
14315,0.000000,0.000000,0.326934,PAUSE
14316,0.000000,0.000000,0.492357,PAUSE
14317,0.000000,0.000000,0.639720,ALLOW
14318,0.000000,0.000000,0.755890,ALLOW
14319,0.000000,0.000000,0.840184,ALLOW
14320,1.000000,1.000000,0.364048,PAUSE
14321,1.000000,1.000000,0.150366,PAUSE
14322,0.000000,1.000000,0.061784,PAUSE
14323,0.000000,1.000000,0.025579,PAUSE
14324,0.000000,0.000000,0.022073,PAUSE
14325,0.000000,0.000000,0.065755,PAUSE
14326,0.000000,0.000000,0.172333,PAUSE
14327,0.000000,0.000000,0.325930,PAUSE
14328,1.000000,1.000000,0.148333,PAUSE
14329,1.000000,1.000000,0.062972,PAUSE
14330,0.000000,1.000000,0.026585,PAUSE
14331,0.000000,1.000000,0.011420,PAUSE
14332,0.000000,1.000000,0.005125,PAUSE
14333,0.000000,1.000000,0.002502,PAUSE
14334,1.000000,1.000000,0.001401,PAUSE
14335,0.000000,1.000000,0.000931,PAUSE
14336,1.000000,1.000000,0.000727,PAUSE
14337,0.000000,1.000000,0.000636,PAUSE
14338,0.000000,0.000000,0.007083,PAUSE
14339,0.000000,1.000000,0.004870,PAUSE
14340,0.000000,0.000000,0.021747,PAUSE
14341,1.000000,1.000000,0.012557,PAUSE
14342,0.000000,0.000000,0.034068,PAUSE
14343,0.000000,1.000000,0.018483,PAUSE
14344,0.000000,0.000000,0.040735,PAUSE
14345,1.000000,1.000000,0.021568,PAUSE
14346,0.000000,0.000000,0.043667,PAUSE
14347,0.000000,1.000000,0.022901,PAUSE
14348,1.000000,1.000000,0.010936,PAUSE
14349,0.000000,1.000000,0.005282,PAUSE
14350,1.000000,1.000000,0.002720,PAUSE
14351,0.000000,0.000000,0.010664,PAUSE
14352,0.000000,0.000000,0.054381,PAUSE
14353,0.000000,0.000000,0.157035,PAUSE
14354,1.000000,1.000000,0.075036,PAUSE
14355,1.000000,1.000000,0.032903,PAUSE
14356,0.000000,0.000000,0.037576,PAUSE
14357,1.000000,1.000000,0.019405,PAUSE
14358,1.000000,1.000000,0.009321,PAUSE
14359,0.000000,1.000000,0.004568,PAUSE
14360,0.000000,0.000000,0.013462,PAUSE
14361,1.000000,1.000000,0.008189,PAUSE
14362,0.000000,0.000000,0.027262,PAUSE
14363,0.000000,0.000000,0.097848,PAUSE
14364,0.000000,0.000000,0.227418,PAUSE
14365,1.000000,1.000000,0.105870,PAUSE
14366,0.000000,0.000000,0.107693,PAUSE
14367,1.000000,1.000000,0.050975,PAUSE
14368,0.000000,1.000000,0.022613,PAUSE
14369,1.000000,1.000000,0.010084,PAUSE
14370,0.000000,0.000000,0.017251,PAUSE
14371,1.000000,1.000000,0.009928,PAUSE
14372,1.000000,1.000000,0.005222,PAUSE
14373,1.000000,1.000000,0.002824,PAUSE
14374,0.000000,0.000000,0.011875,PAUSE
14375,0.000000,1.000000,0.007424,PAUSE
14376,0.000000,0.000000,0.026278,PAUSE
14377,0.000000,0.000000,0.095974,PAUSE
14378,0.000000,1.000000,0.047667,PAUSE
14379,0.000000,1.000000,0.021515,PAUSE
14380,0.000000,0.000000,0.030715,PAUSE
14381,1.000000,1.000000,0.016408,PAUSE
14382,0.000000,0.000000,0.036786,PAUSE
14383,1.000000,1.000000,0.019687,PAUSE
14384,0.000000,0.000000,0.041697,PAUSE
14385,0.000000,1.000000,0.021999,PAUSE
14386,1.000000,1.000000,0.010553,PAUSE
14387,0.000000,0.000000,0.022318,PAUSE
14388,0.000000,0.000000,0.082349,PAUSE
14389,0.000000,0.000000,0.203060,PAUSE
14390,0.000000,0.000000,0.362877,PAUSE
14391,0.000000,0.000000,0.526295,ALLOW
14392,1.000000,1.000000,0.233271,PAUSE
14393,1.000000,1.000000,0.097502,PAUSE
14394,0.000000,0.000000,0.069537,PAUSE
14395,1.000000,1.000000,0.032818,PAUSE
14396,1.000000,1.000000,0.014818,PAUSE
14397,1.000000,1.000000,0.006808,PAUSE
14398,0.000000,0.000000,0.014700,PAUSE
14399,1.000000,1.000000,0.008734,PAUSE
14400,0.000000,0.000000,0.027731,PAUSE
14401,0.000000,0.000000,0.098582,PAUSE
14402,0.000000,1.000000,0.048842,PAUSE
14403,1.000000,1.000000,0.022006,PAUSE
14404,1.000000,1.000000,0.009909,PAUSE
14405,0.000000,1.000000,0.004647,PAUSE
14406,0.000000,0.000000,0.012141,PAUSE
14407,1.000000,1.000000,0.007460,PAUSE
14408,1.000000,1.000000,0.004126,PAUSE
14409,0.000000,0.000000,0.015644,PAUSE
14410,0.000000,0.000000,0.069180,PAUSE
14411,0.000000,1.000000,0.035393,PAUSE
14412,0.000000,1.000000,0.016350,PAUSE
14413,0.000000,0.000000,0.027234,PAUSE
14414,1.000000,1.000000,0.014855,PAUSE
14415,0.000000,0.000000,0.035454,PAUSE
14416,0.000000,1.000000,0.019083,PAUSE
14417,0.000000,1.000000,0.009303,PAUSE
14418,1.000000,1.000000,0.004596,PAUSE
14419,0.000000,1.000000,0.002432,PAUSE
14420,0.000000,1.000000,0.001443,PAUSE
14421,0.000000,0.000000,0.008795,PAUSE
14422,0.000000,0.000000,0.049239,PAUSE
14423,0.000000,1.000000,0.026070,PAUSE
14424,0.000000,0.000000,0.049686,PAUSE
14425,0.000000,1.000000,0.025692,PAUSE
14426,0.000000,1.000000,0.012127,PAUSE
14427,0.000000,1.000000,0.005781,PAUSE
14428,1.000000,1.000000,0.002929,PAUSE
14429,1.000000,1.000000,0.001652,PAUSE
14430,1.000000,1.000000,0.001076,PAUSE
14431,0.000000,0.000000,0.008049,PAUSE
14432,0.000000,1.000000,0.005395,PAUSE
14433,0.000000,1.000000,0.003183,PAUSE
14434,0.000000,0.000000,0.014389,PAUSE
14435,0.000000,1.000000,0.008769,PAUSE
14436,0.000000,0.000000,0.028551,PAUSE
14437,0.000000,1.000000,0.015862,PAUSE
14438,1.000000,1.000000,0.007919,PAUSE
14439,0.000000,0.000000,0.020127,PAUSE
14440,0.000000,0.000000,0.078668,PAUSE
14441,0.000000,0.000000,0.197658,PAUSE
14442,0.000000,0.000000,0.356795,PAUSE
14443,0.000000,0.000000,0.520669,ALLOW
14444,1.000000,1.000000,0.230906,PAUSE
14445,0.000000,1.000000,0.096543,PAUSE
14446,0.000000,1.000000,0.040135,PAUSE
14447,0.000000,0.000000,0.032648,PAUSE
14448,1.000000,1.000000,0.016529,PAUSE
14449,1.000000,1.000000,0.007969,PAUSE
14450,0.000000,0.000000,0.018705,PAUSE
14451,0.000000,0.000000,0.074431,PAUSE
14452,0.000000,0.000000,0.190729,PAUSE
14453,0.000000,0.000000,0.348741,PAUSE
14454,0.000000,0.000000,0.513118,ALLOW
14455,0.000000,0.000000,0.656812,ALLOW
14456,0.000000,0.000000,0.768657,ALLOW
14457,1.000000,1.000000,0.334430,PAUSE
14458,1.000000,1.000000,0.138416,PAUSE
14459,1.000000,1.000000,0.056983,PAUSE
14460,0.000000,1.000000,0.023651,PAUSE
14461,0.000000,1.000000,0.010047,PAUSE
14462,0.000000,1.000000,0.004486,PAUSE
14463,0.000000,0.000000,0.009978,PAUSE
14464,0.000000,0.000000,0.049597,PAUSE
14465,0.000000,0.000000,0.147681,PAUSE
14466,1.000000,1.000000,0.070886,PAUSE
14467,1.000000,1.000000,0.031184,PAUSE
14468,1.000000,1.000000,0.013675,PAUSE
14469,1.000000,1.000000,0.006188,PAUSE
14470,1.000000,1.000000,0.003002,PAUSE
14471,0.000000,1.000000,0.001639,PAUSE
14472,0.000000,1.000000,0.001048,PAUSE
14473,0.000000,1.000000,0.000786,PAUSE
14474,0.000000,0.000000,0.007392,PAUSE
14475,0.000000,0.000000,0.044758,PAUSE
14476,0.000000,0.000000,0.139235,PAUSE
14477,1.000000,1.000000,0.067143,PAUSE
14478,0.000000,1.000000,0.029635,PAUSE
14479,1.000000,1.000000,0.013041,PAUSE
14480,1.000000,1.000000,0.005929,PAUSE
14481,0.000000,1.000000,0.002897,PAUSE
14482,1.000000,1.000000,0.001596,PAUSE
14483,0.000000,1.000000,0.001030,PAUSE
14484,0.000000,1.000000,0.000778,PAUSE
14485,0.000000,1.000000,0.000664,PAUSE
14486,1.000000,1.000000,0.000609,PAUSE
14487,0.000000,0.000000,0.007053,PAUSE
14488,0.000000,1.000000,0.004855,PAUSE
14489,0.000000,1.000000,0.002927,PAUSE
14490,0.000000,0.000000,0.013972,PAUSE
14491,0.000000,1.000000,0.008559,PAUSE
14492,0.000000,1.000000,0.004659,PAUSE
14493,0.000000,1.000000,0.002594,PAUSE
14494,0.000000,1.000000,0.001570,PAUSE
14495,0.000000,1.000000,0.001069,PAUSE
14496,0.000000,1.000000,0.000821,PAUSE
14497,0.000000,0.000000,0.007711,PAUSE
14498,0.000000,1.000000,0.005219,PAUSE
14499,0.000000,1.000000,0.003102,PAUSE
14500,0.000000,1.000000,0.001889,PAUSE
14501,1.000000,1.000000,0.001252,PAUSE
14502,0.000000,0.000000,0.008985,PAUSE
14503,1.000000,1.000000,0.005914,PAUSE
14504,0.000000,0.000000,0.023774,PAUSE
14505,1.000000,1.000000,0.013553,PAUSE
14506,1.000000,1.000000,0.006908,PAUSE
14507,0.000000,1.000000,0.003580,PAUSE
14508,1.000000,1.000000,0.002001,PAUSE
14509,1.000000,1.000000,0.001259,PAUSE
14510,0.000000,1.000000,0.000907,PAUSE
14511,0.000000,1.000000,0.000736,PAUSE
14512,1.000000,1.000000,0.000650,PAUSE
14513,1.000000,1.000000,0.000606,PAUSE
14514,0.000000,1.000000,0.000583,PAUSE
14515,1.000000,1.000000,0.000570,PAUSE
14516,0.000000,0.000000,0.006954,PAUSE
14517,0.000000,0.000000,0.043325,PAUSE
14518,1.000000,1.000000,0.023261,PAUSE
14519,0.000000,0.000000,0.046900,PAUSE
14520,0.000000,1.000000,0.024428,PAUSE
14521,0.000000,1.000000,0.011593,PAUSE
14522,0.000000,0.000000,0.023153,PAUSE
14523,0.000000,0.000000,0.083696,PAUSE
14524,0.000000,0.000000,0.205004,PAUSE
14525,0.000000,0.000000,0.365048,PAUSE
14526,0.000000,1.000000,0.165051,PAUSE
14527,0.000000,1.000000,0.069788,PAUSE
14528,1.000000,1.000000,0.029341,PAUSE
14529,0.000000,1.000000,0.012532,PAUSE
14530,0.000000,0.000000,0.016278,PAUSE
14531,1.000000,1.000000,0.009262,PAUSE
14532,0.000000,0.000000,0.027414,PAUSE
14533,0.000000,0.000000,0.097304,PAUSE
14534,1.000000,1.000000,0.048256,PAUSE
14535,1.000000,1.000000,0.021760,PAUSE
14536,0.000000,0.000000,0.030862,PAUSE
14537,0.000000,0.000000,0.095248,PAUSE
14538,0.000000,0.000000,0.221080,PAUSE
14539,0.000000,1.000000,0.103081,PAUSE
14540,0.000000,1.000000,0.044453,PAUSE
14541,1.000000,1.000000,0.019079,PAUSE
14542,0.000000,0.000000,0.022736,PAUSE
14543,0.000000,0.000000,0.074971,PAUSE
14544,0.000000,0.000000,0.189393,PAUSE
14545,1.000000,1.000000,0.089243,PAUSE
14546,0.000000,1.000000,0.038761,PAUSE
14547,0.000000,1.000000,0.016764,PAUSE
14548,0.000000,1.000000,0.007444,PAUSE
14549,0.000000,1.000000,0.003514,PAUSE
14550,0.000000,1.000000,0.001848,PAUSE
14551,0.000000,0.000000,0.008662,PAUSE
14552,1.000000,1.000000,0.005692,PAUSE
14553,0.000000,0.000000,0.023164,PAUSE
14554,0.000000,0.000000,0.089285,PAUSE
14555,1.000000,1.000000,0.044632,PAUSE
14556,1.000000,1.000000,0.020244,PAUSE
14557,0.000000,0.000000,0.029894,PAUSE
14558,0.000000,1.000000,0.016045,PAUSE
14559,1.000000,1.000000,0.007915,PAUSE
14560,0.000000,1.000000,0.003985,PAUSE
14561,1.000000,1.000000,0.002165,PAUSE
14562,0.000000,1.000000,0.001325,PAUSE
14563,0.000000,1.000000,0.000934,PAUSE
14564,1.000000,1.000000,0.000747,PAUSE
14565,0.000000,0.000000,0.007449,PAUSE
14566,1.000000,1.000000,0.005074,PAUSE
14567,1.000000,1.000000,0.003032,PAUSE
14568,1.000000,1.000000,0.001857,PAUSE
14569,0.000000,1.000000,0.001237,PAUSE
14570,0.000000,1.000000,0.000916,PAUSE
14571,0.000000,0.000000,0.008058,PAUSE
14572,0.000000,0.000000,0.047166,PAUSE
14573,0.000000,0.000000,0.143889,PAUSE
14574,1.000000,1.000000,0.069212,PAUSE
14575,1.000000,1.000000,0.030492,PAUSE
14576,0.000000,1.000000,0.013392,PAUSE
14577,0.000000,1.000000,0.006073,PAUSE
14578,0.000000,0.000000,0.013001,PAUSE
14579,0.000000,0.000000,0.058380,PAUSE
14580,0.000000,0.000000,0.163539,PAUSE
14581,0.000000,0.000000,0.316191,PAUSE
14582,1.000000,1.000000,0.144175,PAUSE
14583,0.000000,0.000000,0.130119,PAUSE
14584,0.000000,0.000000,0.220811,PAUSE
14585,1.000000,1.000000,0.102280,PAUSE
14586,1.000000,1.000000,0.044040,PAUSE
14587,0.000000,0.000000,0.043225,PAUSE
14588,1.000000,1.000000,0.021792,PAUSE
14589,1.000000,1.000000,0.010303,PAUSE
14590,1.000000,1.000000,0.004970,PAUSE
14591,0.000000,0.000000,0.013695,PAUSE
14592,0.000000,0.000000,0.062014,PAUSE
14593,1.000000,1.000000,0.032046,PAUSE
14594,0.000000,0.000000,0.055195,PAUSE
14595,1.000000,1.000000,0.028168,PAUSE
14596,0.000000,0.000000,0.049466,PAUSE
14597,0.000000,0.000000,0.134732,PAUSE
14598,0.000000,1.000000,0.064976,PAUSE
14599,0.000000,1.000000,0.028714,PAUSE
14600,0.000000,1.000000,0.012659,PAUSE
14601,0.000000,1.000000,0.005772,PAUSE
14602,0.000000,0.000000,0.012811,PAUSE
14603,1.000000,1.000000,0.007762,PAUSE
14604,0.000000,1.000000,0.004256,PAUSE
14605,0.000000,1.000000,0.002402,PAUSE
14606,0.000000,1.000000,0.001480,PAUSE
14607,1.000000,1.000000,0.001026,PAUSE
14608,0.000000,1.000000,0.000800,PAUSE
14609,1.000000,1.000000,0.000686,PAUSE
14610,0.000000,1.000000,0.000626,PAUSE
14611,0.000000,1.000000,0.000594,PAUSE
14612,0.000000,1.000000,0.000576,PAUSE
14613,1.000000,1.000000,0.000567,PAUSE
14614,0.000000,0.000000,0.006942,PAUSE
14615,0.000000,0.000000,0.043283,PAUSE
14616,1.000000,1.000000,0.023241,PAUSE
14617,0.000000,1.000000,0.011167,PAUSE
14618,1.000000,1.000000,0.005404,PAUSE
14619,0.000000,1.000000,0.002780,PAUSE
14620,1.000000,1.000000,0.001594,PAUSE
14621,0.000000,0.000000,0.008978,PAUSE
14622,0.000000,1.000000,0.005888,PAUSE
14623,0.000000,1.000000,0.003414,PAUSE
14624,0.000000,0.000000,0.014740,PAUSE
14625,0.000000,1.000000,0.008945,PAUSE
14626,0.000000,1.000000,0.004834,PAUSE
14627,0.000000,1.000000,0.002671,PAUSE
14628,1.000000,1.000000,0.001604,PAUSE
14629,0.000000,1.000000,0.001084,PAUSE
14630,1.000000,1.000000,0.000828,PAUSE
14631,1.000000,1.000000,0.000699,PAUSE
14632,0.000000,1.000000,0.000633,PAUSE
14633,1.000000,1.000000,0.000598,PAUSE
14634,1.000000,1.000000,0.000578,PAUSE
14635,1.000000,1.000000,0.000568,PAUSE
14636,0.000000,1.000000,0.000562,PAUSE
14637,1.000000,1.000000,0.000558,PAUSE
14638,0.000000,1.000000,0.000556,PAUSE
14639,1.000000,1.000000,0.000555,PAUSE
14640,0.000000,0.000000,0.006894,PAUSE
14641,0.000000,1.000000,0.004767,PAUSE
14642,1.000000,1.000000,0.002884,PAUSE
14643,0.000000,1.000000,0.001788,PAUSE
14644,1.000000,1.000000,0.001205,PAUSE
14645,0.000000,0.000000,0.008899,PAUSE
14646,0.000000,1.000000,0.005869,PAUSE
14647,0.000000,1.000000,0.003410,PAUSE
14648,0.000000,0.000000,0.014765,PAUSE
14649,1.000000,1.000000,0.008959,PAUSE
14650,0.000000,0.000000,0.028822,PAUSE
14651,0.000000,1.000000,0.015991,PAUSE
14652,1.000000,1.000000,0.007975,PAUSE
14653,1.000000,1.000000,0.004036,PAUSE
14654,0.000000,1.000000,0.002196,PAUSE
14655,1.000000,1.000000,0.001343,PAUSE
14656,1.000000,1.000000,0.000943,PAUSE
14657,1.000000,1.000000,0.000752,PAUSE
14658,0.000000,0.000000,0.007469,PAUSE
14659,1.000000,1.000000,0.005085,PAUSE
14660,0.000000,0.000000,0.022182,PAUSE
14661,0.000000,0.000000,0.087180,PAUSE
14662,0.000000,1.000000,0.043676,PAUSE
14663,0.000000,1.000000,0.019843,PAUSE
14664,1.000000,1.000000,0.009017,PAUSE
14665,0.000000,1.000000,0.004281,PAUSE
14666,0.000000,1.000000,0.002220,PAUSE
14667,0.000000,1.000000,0.001316,PAUSE
14668,0.000000,1.000000,0.000913,PAUSE
14669,0.000000,0.000000,0.007671,PAUSE
14670,1.000000,1.000000,0.005190,PAUSE
14671,0.000000,0.000000,0.022363,PAUSE
14672,1.000000,1.000000,0.012860,PAUSE
14673,0.000000,0.000000,0.034445,PAUSE
14674,0.000000,1.000000,0.018659,PAUSE
14675,1.000000,1.000000,0.009129,PAUSE
14676,1.000000,1.000000,0.004525,PAUSE
14677,0.000000,1.000000,0.002403,PAUSE
14678,1.000000,1.000000,0.001431,PAUSE
14679,0.000000,0.000000,0.008788,PAUSE
14680,0.000000,0.000000,0.049227,PAUSE
14681,0.000000,0.000000,0.147711,PAUSE
14682,1.000000,1.000000,0.070908,PAUSE
14683,0.000000,0.000000,0.085236,PAUSE
14684,0.000000,1.000000,0.041361,PAUSE
14685,0.000000,1.000000,0.018659,PAUSE
14686,0.000000,1.000000,0.008472,PAUSE
14687,1.000000,1.000000,0.004035,PAUSE
14688,0.000000,1.000000,0.002109,PAUSE
14689,1.000000,1.000000,0.001265,PAUSE
14690,0.000000,0.000000,0.008204,PAUSE
14691,1.000000,1.000000,0.005470,PAUSE
14692,0.000000,0.000000,0.022860,PAUSE
14693,0.000000,0.000000,0.088666,PAUSE
14694,1.000000,1.000000,0.044352,PAUSE
14695,0.000000,0.000000,0.065655,PAUSE
14696,0.000000,0.000000,0.157947,PAUSE
14697,0.000000,1.000000,0.075204,PAUSE
14698,0.000000,1.000000,0.032942,PAUSE
14699,1.000000,1.000000,0.014385,PAUSE
14700,1.000000,1.000000,0.006475,PAUSE
14701,1.000000,1.000000,0.003118,PAUSE
14702,1.000000,1.000000,0.001686,PAUSE
14703,0.000000,0.000000,0.008555,PAUSE
14704,1.000000,1.000000,0.005642,PAUSE
14705,0.000000,1.000000,0.003295,PAUSE
14706,1.000000,1.000000,0.001976,PAUSE
14707,1.000000,1.000000,0.001291,PAUSE
14708,0.000000,1.000000,0.000941,PAUSE
14709,0.000000,1.000000,0.000761,PAUSE
14710,0.000000,1.000000,0.000667,PAUSE
14711,1.000000,1.000000,0.000617,PAUSE
14712,0.000000,0.000000,0.007128,PAUSE
14713,1.000000,1.000000,0.004898,PAUSE
14714,0.000000,0.000000,0.021813,PAUSE
14715,0.000000,0.000000,0.086345,PAUSE
14716,0.000000,1.000000,0.043295,PAUSE
14717,0.000000,1.000000,0.019683,PAUSE
14718,1.000000,1.000000,0.008951,PAUSE
14719,1.000000,1.000000,0.004253,PAUSE
14720,1.000000,1.000000,0.002209,PAUSE
14721,0.000000,0.000000,0.009481,PAUSE
14722,0.000000,0.000000,0.050768,PAUSE
14723,1.000000,1.000000,0.026786,PAUSE
14724,0.000000,0.000000,0.050357,PAUSE
14725,0.000000,0.000000,0.137675,PAUSE
14726,1.000000,1.000000,0.066302,PAUSE
14727,1.000000,1.000000,0.029267,PAUSE
14728,0.000000,0.000000,0.035391,PAUSE
14729,0.000000,1.000000,0.018452,PAUSE
14730,0.000000,1.000000,0.008923,PAUSE
14731,0.000000,1.000000,0.004404,PAUSE
14732,0.000000,0.000000,0.013350,PAUSE
14733,0.000000,0.000000,0.061534,PAUSE
14734,1.000000,1.000000,0.031828,PAUSE
14735,1.000000,1.000000,0.014836,PAUSE
14736,0.000000,0.000000,0.026129,PAUSE
14737,1.000000,1.000000,0.014356,PAUSE
14738,0.000000,1.000000,0.007199,PAUSE
14739,1.000000,1.000000,0.003686,PAUSE
14740,0.000000,1.000000,0.002039,PAUSE
14741,0.000000,1.000000,0.001273,PAUSE
14742,0.000000,0.000000,0.008583,PAUSE
14743,0.000000,1.000000,0.005685,PAUSE
14744,1.000000,1.000000,0.003321,PAUSE
14745,1.000000,1.000000,0.001990,PAUSE
14746,0.000000,1.000000,0.001298,PAUSE
14747,1.000000,1.000000,0.000944,PAUSE
14748,0.000000,0.000000,0.008113,PAUSE
14749,0.000000,0.000000,0.047337,PAUSE
14750,1.000000,1.000000,0.025172,PAUSE
14751,0.000000,1.000000,0.011998,PAUSE
14752,0.000000,1.000000,0.005753,PAUSE
14753,0.000000,0.000000,0.014862,PAUSE
14754,0.000000,0.000000,0.064921,PAUSE
14755,0.000000,1.000000,0.033395,PAUSE
14756,0.000000,1.000000,0.015500,PAUSE
14757,0.000000,1.000000,0.007216,PAUSE
14758,0.000000,1.000000,0.003536,PAUSE
14759,0.000000,1.000000,0.001911,PAUSE
14760,0.000000,1.000000,0.001187,PAUSE
14761,0.000000,1.000000,0.000858,PAUSE
14762,1.000000,1.000000,0.000705,PAUSE
14763,1.000000,1.000000,0.000632,PAUSE
14764,0.000000,0.000000,0.007130,PAUSE
14765,0.000000,0.000000,0.043940,PAUSE
14766,1.000000,1.000000,0.023555,PAUSE
14767,1.000000,1.000000,0.011303,PAUSE
14768,1.000000,1.000000,0.005461,PAUSE
14769,1.000000,1.000000,0.002804,PAUSE
14770,0.000000,1.000000,0.001604,PAUSE
14771,0.000000,1.000000,0.001057,PAUSE
14772,0.000000,1.000000,0.000803,PAUSE
14773,0.000000,1.000000,0.000681,PAUSE
14774,0.000000,0.000000,0.007269,PAUSE
14775,1.000000,1.000000,0.004975,PAUSE
14776,0.000000,1.000000,0.002984,PAUSE
14777,1.000000,1.000000,0.001835,PAUSE
14778,1.000000,1.000000,0.001227,PAUSE
14779,0.000000,1.000000,0.000911,PAUSE
14780,0.000000,1.000000,0.000747,PAUSE
14781,1.000000,1.000000,0.000660,PAUSE
14782,0.000000,0.000000,0.007280,PAUSE
14783,0.000000,0.000000,0.044493,PAUSE
14784,0.000000,1.000000,0.023819,PAUSE
14785,1.000000,1.000000,0.011416,PAUSE
14786,1.000000,1.000000,0.005509,PAUSE
14787,0.000000,1.000000,0.002824,PAUSE
14788,0.000000,0.000000,0.010834,PAUSE
14789,0.000000,0.000000,0.054851,PAUSE
14790,0.000000,1.000000,0.028708,PAUSE
14791,0.000000,1.000000,0.013509,PAUSE
14792,0.000000,0.000000,0.025139,PAUSE
14793,0.000000,1.000000,0.013906,PAUSE
14794,0.000000,1.000000,0.007007,PAUSE
14795,0.000000,1.000000,0.003605,PAUSE
14796,0.000000,1.000000,0.002005,PAUSE
14797,0.000000,0.000000,0.009960,PAUSE
14798,0.000000,0.000000,0.052775,PAUSE
14799,0.000000,0.000000,0.154236,PAUSE
14800,0.000000,1.000000,0.073799,PAUSE
14801,0.000000,1.000000,0.032391,PAUSE
14802,0.000000,1.000000,0.014168,PAUSE
14803,0.000000,1.000000,0.006389,PAUSE
14804,1.000000,1.000000,0.003084,PAUSE
14805,0.000000,1.000000,0.001673,PAUSE
14806,0.000000,0.000000,0.008552,PAUSE
14807,0.000000,1.000000,0.005641,PAUSE
14808,0.000000,1.000000,0.003295,PAUSE
14809,1.000000,1.000000,0.001976,PAUSE
14810,0.000000,1.000000,0.001291,PAUSE
14811,0.000000,1.000000,0.000941,PAUSE
14812,0.000000,1.000000,0.000761,PAUSE
14813,1.000000,1.000000,0.000667,PAUSE
14814,1.000000,1.000000,0.000617,PAUSE
14815,1.000000,1.000000,0.000589,PAUSE
14816,1.000000,1.000000,0.000574,PAUSE
14817,0.000000,0.000000,0.006972,PAUSE
14818,0.000000,0.000000,0.043391,PAUSE
14819,0.000000,0.000000,0.136588,PAUSE
14820,0.000000,0.000000,0.282195,PAUSE
14821,0.000000,0.000000,0.448243,PAUSE
14822,0.000000,0.000000,0.602522,ALLOW
14823,0.000000,0.000000,0.727643,ALLOW
14824,0.000000,1.000000,0.317402,PAUSE
14825,1.000000,1.000000,0.131540,PAUSE
14826,0.000000,1.000000,0.054219,PAUSE
14827,1.000000,1.000000,0.022541,PAUSE
14828,0.000000,1.000000,0.009601,PAUSE
14829,0.000000,1.000000,0.004307,PAUSE
14830,0.000000,0.000000,0.009897,PAUSE
14831,0.000000,0.000000,0.049535,PAUSE
14832,1.000000,1.000000,0.026176,PAUSE
14833,0.000000,0.000000,0.049684,PAUSE
14834,0.000000,0.000000,0.136640,PAUSE
14835,1.000000,1.000000,0.065845,PAUSE
14836,0.000000,0.000000,0.081358,PAUSE
14837,0.000000,0.000000,0.175621,PAUSE
14838,0.000000,0.000000,0.324115,PAUSE
14839,1.000000,1.000000,0.147475,PAUSE
14840,1.000000,1.000000,0.062613,PAUSE
14841,0.000000,0.000000,0.053016,PAUSE
14842,0.000000,0.000000,0.116547,PAUSE
14843,0.000000,1.000000,0.056526,PAUSE
14844,1.000000,1.000000,0.025157,PAUSE
14845,0.000000,1.000000,0.011190,PAUSE
14846,0.000000,1.000000,0.005167,PAUSE
14847,0.000000,1.000000,0.002582,PAUSE
14848,0.000000,1.000000,0.001465,PAUSE
14849,0.000000,1.000000,0.000975,PAUSE
14850,1.000000,1.000000,0.000755,PAUSE
14851,0.000000,1.000000,0.000653,PAUSE
14852,0.000000,1.000000,0.000605,PAUSE
14853,0.000000,0.000000,0.007046,PAUSE
14854,0.000000,1.000000,0.004851,PAUSE
14855,0.000000,1.000000,0.002925,PAUSE
14856,1.000000,1.000000,0.001807,PAUSE
14857,1.000000,1.000000,0.001214,PAUSE
14858,1.000000,1.000000,0.000905,PAUSE
14859,0.000000,1.000000,0.000744,PAUSE
14860,0.000000,1.000000,0.000659,PAUSE
14861,0.000000,0.000000,0.007276,PAUSE
14862,1.000000,1.000000,0.004980,PAUSE
14863,0.000000,0.000000,0.021981,PAUSE
14864,0.000000,0.000000,0.086728,PAUSE
14865,0.000000,0.000000,0.211012,PAUSE
14866,0.000000,0.000000,0.372173,PAUSE
14867,1.000000,1.000000,0.168091,PAUSE
14868,0.000000,0.000000,0.143364,PAUSE
14869,1.000000,1.000000,0.066001,PAUSE
14870,0.000000,0.000000,0.073568,PAUSE
14871,0.000000,0.000000,0.159878,PAUSE
14872,0.000000,1.000000,0.075909,PAUSE
14873,0.000000,1.000000,0.033214,PAUSE
14874,0.000000,1.000000,0.014492,PAUSE
14875,0.000000,0.000000,0.020254,PAUSE
14876,1.000000,1.000000,0.011296,PAUSE
14877,0.000000,0.000000,0.030455,PAUSE
14878,1.000000,1.000000,0.016719,PAUSE
14879,0.000000,0.000000,0.038698,PAUSE
14880,1.000000,1.000000,0.020626,PAUSE
14881,0.000000,0.000000,0.042780,PAUSE
14882,1.000000,1.000000,0.022498,PAUSE
14883,0.000000,0.000000,0.044484,PAUSE
14884,0.000000,1.000000,0.023269,PAUSE
14885,0.000000,1.000000,0.011092,PAUSE
14886,0.000000,0.000000,0.022722,PAUSE
14887,1.000000,1.000000,0.012767,PAUSE
14888,0.000000,0.000000,0.033333,PAUSE
14889,0.000000,0.000000,0.109195,PAUSE
14890,0.000000,0.000000,0.243319,PAUSE
14891,0.000000,0.000000,0.407362,PAUSE
14892,0.000000,0.000000,0.566689,ALLOW
14893,0.000000,0.000000,0.699745,ALLOW
14894,1.000000,1.000000,0.305800,PAUSE
14895,0.000000,1.000000,0.126853,PAUSE
14896,0.000000,1.000000,0.052334,PAUSE
14897,0.000000,1.000000,0.021784,PAUSE
14898,0.000000,1.000000,0.009297,PAUSE
14899,1.000000,1.000000,0.004185,PAUSE
14900,1.000000,1.000000,0.002081,PAUSE
14901,1.000000,1.000000,0.001207,PAUSE
14902,1.000000,1.000000,0.000840,PAUSE
14903,1.000000,1.000000,0.000683,PAUSE
14904,0.000000,0.000000,0.007116,PAUSE
14905,0.000000,1.000000,0.004886,PAUSE
14906,0.000000,1.000000,0.002941,PAUSE
14907,0.000000,1.000000,0.001814,PAUSE
14908,0.000000,1.000000,0.001217,PAUSE
14909,1.000000,1.000000,0.000907,PAUSE
14910,1.000000,1.000000,0.000745,PAUSE
14911,0.000000,0.000000,0.007553,PAUSE
14912,1.000000,1.000000,0.005133,PAUSE
14913,0.000000,0.000000,0.022289,PAUSE
14914,1.000000,1.000000,0.012824,PAUSE
14915,1.000000,1.000000,0.006587,PAUSE
14916,0.000000,0.000000,0.018831,PAUSE
14917,0.000000,0.000000,0.076226,PAUSE
14918,0.000000,0.000000,0.193949,PAUSE
14919,1.000000,1.000000,0.091270,PAUSE
14920,0.000000,0.000000,0.098611,PAUSE
14921,0.000000,0.000000,0.193306,PAUSE
14922,0.000000,0.000000,0.342500,PAUSE
14923,0.000000,0.000000,0.504607,ALLOW
14924,0.000000,0.000000,0.649031,ALLOW
14925,0.000000,0.000000,0.762597,ALLOW
14926,1.000000,1.000000,0.331911,PAUSE
14927,0.000000,0.000000,0.225842,PAUSE
14928,0.000000,0.000000,0.286478,PAUSE
14929,0.000000,0.000000,0.421353,PAUSE
14930,0.000000,0.000000,0.569723,ALLOW
14931,0.000000,0.000000,0.699154,ALLOW
14932,0.000000,0.000000,0.798724,ALLOW
14933,0.000000,0.000000,0.869527,ALLOW
14934,0.000000,0.000000,0.917314,ALLOW
14935,1.000000,1.000000,0.395877,PAUSE
14936,1.000000,1.000000,0.163197,PAUSE
14937,1.000000,1.000000,0.066937,PAUSE
14938,1.000000,1.000000,0.027646,PAUSE
14939,1.000000,1.000000,0.011651,PAUSE
14940,0.000000,1.000000,0.005130,PAUSE
14941,1.000000,1.000000,0.002461,PAUSE
14942,0.000000,1.000000,0.001360,PAUSE
14943,0.000000,0.000000,0.007729,PAUSE
14944,1.000000,1.000000,0.005192,PAUSE
14945,0.000000,0.000000,0.022242,PAUSE
14946,0.000000,0.000000,0.087243,PAUSE
14947,1.000000,1.000000,0.043704,PAUSE
14948,0.000000,0.000000,0.065139,PAUSE
14949,0.000000,0.000000,0.157318,PAUSE
14950,0.000000,0.000000,0.303998,PAUSE
14951,1.000000,1.000000,0.138884,PAUSE
14952,1.000000,1.000000,0.059110,PAUSE
14953,0.000000,0.000000,0.051303,PAUSE
14954,0.000000,0.000000,0.115225,PAUSE
14955,1.000000,1.000000,0.055957,PAUSE
14956,0.000000,0.000000,0.073408,PAUSE
14957,0.000000,0.000000,0.166113,PAUSE
14958,1.000000,1.000000,0.078746,PAUSE
14959,1.000000,1.000000,0.034398,PAUSE
14960,0.000000,0.000000,0.038231,PAUSE
14961,1.000000,1.000000,0.019673,PAUSE
14962,0.000000,0.000000,0.039217,PAUSE
14963,1.000000,1.000000,0.020770,PAUSE
14964,1.000000,1.000000,0.010014,PAUSE
14965,0.000000,0.000000,0.021808,PAUSE
14966,0.000000,1.000000,0.012343,PAUSE
14967,1.000000,1.000000,0.006329,PAUSE
14968,0.000000,1.000000,0.003316,PAUSE
14969,0.000000,0.000000,0.012494,PAUSE
14970,0.000000,1.000000,0.007734,PAUSE
14971,1.000000,1.000000,0.004270,PAUSE
14972,1.000000,1.000000,0.002417,PAUSE
14973,0.000000,1.000000,0.001490,PAUSE
14974,0.000000,0.000000,0.009357,PAUSE
14975,0.000000,0.000000,0.051255,PAUSE
14976,0.000000,1.000000,0.027025,PAUSE
14977,0.000000,1.000000,0.012792,PAUSE
14978,0.000000,0.000000,0.024592,PAUSE
14979,0.000000,0.000000,0.086565,PAUSE
14980,1.000000,1.000000,0.043323,PAUSE
14981,0.000000,0.000000,0.064630,PAUSE
14982,1.000000,1.000000,0.032358,PAUSE
14983,0.000000,0.000000,0.052684,PAUSE
14984,0.000000,0.000000,0.138781,PAUSE
14985,0.000000,0.000000,0.281323,PAUSE
14986,1.000000,1.000000,0.129149,PAUSE
14987,1.000000,1.000000,0.055133,PAUSE
14988,0.000000,0.000000,0.049325,PAUSE
14989,0.000000,0.000000,0.113635,PAUSE
14990,0.000000,0.000000,0.242638,PAUSE
14991,0.000000,0.000000,0.404795,PAUSE
14992,1.000000,1.000000,0.181930,PAUSE
14993,0.000000,0.000000,0.150761,PAUSE
14994,1.000000,1.000000,0.069086,PAUSE
14995,1.000000,1.000000,0.030003,PAUSE
14996,1.000000,1.000000,0.013081,PAUSE
14997,1.000000,1.000000,0.005906,PAUSE
14998,1.000000,1.000000,0.002870,PAUSE
14999,1.000000,1.000000,0.001576,PAUSE
15000,0.000000,0.000000,0.008396,PAUSE
15001,0.000000,0.000000,0.047554,PAUSE
15002,0.000000,0.000000,0.144477,PAUSE
15003,0.000000,0.000000,0.292405,PAUSE
15004,1.000000,1.000000,0.133967,PAUSE
15005,0.000000,0.000000,0.124319,PAUSE
15006,0.000000,0.000000,0.216080,PAUSE
15007,1.000000,1.000000,0.100267,PAUSE
15008,1.000000,1.000000,0.043219,PAUSE
15009,1.000000,1.000000,0.018558,PAUSE
15010,0.000000,1.000000,0.008166,PAUSE
15011,0.000000,1.000000,0.003805,PAUSE
15012,0.000000,0.000000,0.010430,PAUSE
15013,0.000000,0.000000,0.052161,PAUSE
15014,0.000000,1.000000,0.027427,PAUSE
15015,0.000000,1.000000,0.012960,PAUSE
15016,0.000000,1.000000,0.006156,PAUSE
15017,0.000000,0.000000,0.015162,PAUSE
15018,1.000000,1.000000,0.009020,PAUSE
15019,1.000000,1.000000,0.004841,PAUSE
15020,1.000000,1.000000,0.002665,PAUSE
15021,1.000000,1.000000,0.001598,PAUSE
15022,0.000000,0.110534,0.006991,PAUSE
15023,0.000000,0.000000,0.041970,PAUSE
15024,0.000000,0.000000,0.133485,PAUSE
15025,0.000000,0.000000,0.278039,PAUSE
15026,0.000000,0.000000,0.443996,PAUSE
15027,0.000000,1.000000,0.198572,PAUSE
15028,1.000000,1.000000,0.083423,PAUSE
15029,0.000000,1.000000,0.034845,PAUSE
15030,1.000000,1.000000,0.014751,PAUSE
15031,0.000000,1.000000,0.006468,PAUSE
15032,1.000000,1.000000,0.003045,PAUSE
15033,1.000000,1.000000,0.001621,PAUSE
15034,1.000000,1.000000,0.001021,PAUSE
15035,0.000000,0.000000,0.007555,PAUSE
15036,0.000000,0.000000,0.045066,PAUSE
15037,0.000000,0.000000,0.139780,PAUSE
15038,0.000000,0.000000,0.286348,PAUSE
15039,0.000000,1.000000,0.131362,PAUSE
15040,0.000000,1.000000,0.056044,PAUSE
15041,1.000000,1.000000,0.023781,PAUSE
15042,0.000000,0.000000,0.025076,PAUSE
15043,0.000000,0.000000,0.077099,PAUSE
15044,1.000000,1.000000,0.038862,PAUSE
15045,0.000000,1.000000,0.017788,PAUSE
15046,0.000000,1.000000,0.008160,PAUSE
15047,0.000000,0.000000,0.016527,PAUSE
15048,0.000000,1.000000,0.009644,PAUSE
15049,1.000000,1.000000,0.005110,PAUSE
15050,1.000000,1.000000,0.002780,PAUSE
15051,1.000000,1.000000,0.001647,PAUSE
15052,0.000000,1.000000,0.001101,PAUSE
15053,0.000000,1.000000,0.000835,PAUSE
15054,0.000000,1.000000,0.000702,PAUSE
15055,1.000000,1.000000,0.000634,PAUSE
15056,1.000000,1.000000,0.000598,PAUSE
15057,1.000000,1.000000,0.000579,PAUSE
15058,0.000000,1.000000,0.000568,PAUSE
15059,1.000000,1.000000,0.000562,PAUSE
15060,0.000000,0.000000,0.006922,PAUSE
15061,1.000000,1.000000,0.004782,PAUSE
15062,0.000000,0.000000,0.021574,PAUSE
15063,1.000000,1.000000,0.012472,PAUSE
15064,0.000000,1.000000,0.006431,PAUSE
15065,1.000000,1.000000,0.003374,PAUSE
15066,0.000000,1.000000,0.001913,PAUSE
15067,0.000000,1.000000,0.001221,PAUSE
15068,0.000000,0.000000,0.008552,PAUSE
15069,0.000000,1.000000,0.005671,PAUSE
15070,1.000000,1.000000,0.003315,PAUSE
15071,0.000000,1.000000,0.001987,PAUSE
15072,0.000000,0.000000,0.010873,PAUSE
15073,0.000000,0.000000,0.056027,PAUSE
15074,1.000000,1.000000,0.029271,PAUSE
15075,1.000000,1.000000,0.013751,PAUSE
15076,1.000000,1.000000,0.006488,PAUSE
15077,1.000000,1.000000,0.003234,PAUSE
15078,0.000000,0.000000,0.011163,PAUSE
15079,1.000000,1.000000,0.007006,PAUSE
15080,0.000000,1.000000,0.003928,PAUSE
15081,0.000000,1.000000,0.002262,PAUSE
15082,0.000000,1.000000,0.001420,PAUSE
15083,0.000000,1.000000,0.001000,PAUSE
15084,0.000000,0.000000,0.008208,PAUSE
15085,0.000000,0.000000,0.047624,PAUSE
15086,1.000000,1.000000,0.025308,PAUSE
15087,0.000000,0.000000,0.048950,PAUSE
15088,0.000000,0.000000,0.135656,PAUSE
15089,1.000000,1.000000,0.065411,PAUSE
15090,0.000000,0.000000,0.081067,PAUSE
15091,1.000000,1.000000,0.039541,PAUSE
15092,0.000000,0.000000,0.057748,PAUSE
15093,1.000000,1.000000,0.029151,PAUSE
15094,1.000000,1.000000,0.013555,PAUSE
15095,0.000000,1.000000,0.006366,PAUSE
15096,0.000000,0.000000,0.015026,PAUSE
15097,0.000000,0.000000,0.064756,PAUSE
15098,0.000000,0.000000,0.174717,PAUSE
15099,1.000000,1.000000,0.082828,PAUSE
15100,1.000000,1.000000,0.036120,PAUSE
15101,0.000000,1.000000,0.015689,PAUSE
15102,1.000000,1.000000,0.007008,PAUSE
15103,0.000000,1.000000,0.003337,PAUSE
15104,0.000000,1.000000,0.001776,PAUSE
15105,0.000000,1.000000,0.001104,PAUSE
15106,0.000000,0.000000,0.007827,PAUSE
15107,0.000000,1.000000,0.005266,PAUSE
15108,0.000000,1.000000,0.003120,PAUSE
15109,0.000000,1.000000,0.001897,PAUSE
15110,1.000000,1.000000,0.001255,PAUSE
15111,0.000000,1.000000,0.000924,PAUSE
15112,0.000000,0.000000,0.008073,PAUSE
15113,0.000000,1.000000,0.005419,PAUSE
15114,0.000000,0.000000,0.022845,PAUSE
15115,1.000000,1.000000,0.013098,PAUSE
15116,0.000000,0.000000,0.034742,PAUSE
15117,0.000000,1.000000,0.018798,PAUSE
15118,1.000000,1.000000,0.009189,PAUSE
15119,0.000000,0.000000,0.021246,PAUSE
15120,1.000000,1.000000,0.012090,PAUSE
15121,0.000000,0.000000,0.032659,PAUSE
15122,1.000000,1.000000,0.017796,PAUSE
15123,1.000000,1.000000,0.008753,PAUSE
15124,0.000000,0.000000,0.020851,PAUSE
15125,0.000000,0.000000,0.079928,PAUSE
15126,0.000000,0.000000,0.199528,PAUSE
15127,0.000000,0.000000,0.358910,PAUSE
15128,0.000000,0.000000,0.522631,ALLOW
15129,0.000000,1.000000,0.231730,PAUSE
15130,0.000000,0.000000,0.176759,PAUSE
15131,0.000000,1.000000,0.079890,PAUSE
15132,0.000000,0.000000,0.080838,PAUSE
15133,0.000000,0.000000,0.165611,PAUSE
15134,0.000000,0.000000,0.309527,PAUSE
15135,0.000000,0.000000,0.472893,PAUSE
15136,1.000000,1.000000,0.210741,PAUSE
15137,0.000000,1.000000,0.088360,PAUSE
15138,0.000000,0.000000,0.065306,PAUSE
15139,0.000000,1.000000,0.031069,PAUSE
15140,0.000000,0.000000,0.046145,PAUSE
15141,0.000000,1.000000,0.023768,PAUSE
15142,0.000000,0.000000,0.044689,PAUSE
15143,0.000000,1.000000,0.023323,PAUSE
15144,0.000000,0.000000,0.045053,PAUSE
15145,0.000000,0.000000,0.128438,PAUSE
15146,0.000000,0.000000,0.268687,PAUSE
15147,0.000000,0.000000,0.433694,PAUSE
15148,1.000000,1.000000,0.194202,PAUSE
15149,0.000000,0.000000,0.157324,PAUSE
15150,0.000000,0.000000,0.241558,PAUSE
15151,0.000000,0.000000,0.386645,PAUSE
15152,0.000000,0.000000,0.542557,ALLOW
15153,1.000000,1.000000,0.240017,PAUSE
15154,0.000000,0.000000,0.180773,PAUSE
15155,0.000000,0.000000,0.257746,PAUSE
15156,0.000000,0.000000,0.399703,PAUSE
15157,1.000000,1.000000,0.179455,PAUSE
15158,0.000000,1.000000,0.075614,PAUSE
15159,0.000000,1.000000,0.031686,PAUSE
15160,0.000000,0.000000,0.028755,PAUSE
15161,0.000000,1.000000,0.014907,PAUSE
15162,0.000000,0.000000,0.032913,PAUSE
15163,0.000000,1.000000,0.017807,PAUSE
15164,0.000000,0.000000,0.039578,PAUSE
15165,0.000000,0.000000,0.120071,PAUSE
15166,0.000000,0.000000,0.257961,PAUSE
15167,0.000000,0.000000,0.422712,PAUSE
15168,0.000000,0.000000,0.580202,ALLOW
15169,0.000000,0.000000,0.710314,ALLOW
15170,1.000000,1.000000,0.310197,PAUSE
15171,0.000000,0.000000,0.215481,PAUSE
15172,0.000000,0.000000,0.280207,PAUSE
15173,1.000000,1.000000,0.127256,PAUSE
15174,0.000000,0.000000,0.116958,PAUSE
15175,0.000000,0.000000,0.206446,PAUSE
15176,0.000000,0.000000,0.353712,PAUSE
15177,0.000000,0.000000,0.514023,ALLOW
15178,0.000000,0.000000,0.656387,ALLOW
15179,0.000000,1.000000,0.287717,PAUSE
15180,1.000000,1.000000,0.119542,PAUSE
15181,1.000000,1.000000,0.049393,PAUSE
15182,0.000000,0.000000,0.036734,PAUSE
15183,1.000000,1.000000,0.018212,PAUSE
15184,0.000000,0.000000,0.034766,PAUSE
15185,0.000000,1.000000,0.018603,PAUSE
15186,0.000000,1.000000,0.009069,PAUSE
15187,0.000000,1.000000,0.004489,PAUSE
15188,0.000000,0.000000,0.013610,PAUSE
15189,0.000000,0.000000,0.062291,PAUSE
15190,0.000000,0.000000,0.170826,PAUSE
15191,1.000000,1.000000,0.081119,PAUSE
15192,0.000000,0.000000,0.092063,PAUSE
15193,1.000000,1.000000,0.044300,PAUSE
15194,0.000000,0.000000,0.060913,PAUSE
15195,0.000000,1.000000,0.030526,PAUSE
15196,1.000000,1.000000,0.014125,PAUSE
15197,1.000000,1.000000,0.006600,PAUSE
15198,0.000000,0.000000,0.015167,PAUSE
15199,1.000000,1.000000,0.008998,PAUSE
15200,0.000000,1.000000,0.004826,PAUSE
15201,0.000000,1.000000,0.002657,PAUSE
15202,0.000000,0.000000,0.011734,PAUSE
15203,0.000000,0.000000,0.058172,PAUSE
15204,0.000000,0.000000,0.163928,PAUSE
15205,1.000000,1.000000,0.078082,PAUSE
15206,0.000000,0.000000,0.090066,PAUSE
15207,1.000000,1.000000,0.043442,PAUSE
15208,0.000000,0.000000,0.060365,PAUSE
15209,1.000000,1.000000,0.030289,PAUSE
15210,1.000000,1.000000,0.014027,PAUSE
15211,1.000000,1.000000,0.006560,PAUSE
15212,0.000000,0.000000,0.015144,PAUSE
15213,0.000000,0.000000,0.064917,PAUSE
15214,0.000000,0.000000,0.174955,PAUSE
15215,0.000000,0.000000,0.330088,PAUSE
15216,1.000000,1.000000,0.150126,PAUSE
15217,0.000000,0.000000,0.133458,PAUSE
15218,1.000000,1.000000,0.061852,PAUSE
15219,0.000000,0.000000,0.071294,PAUSE
15220,1.000000,1.000000,0.034962,PAUSE
15221,1.000000,1.000000,0.015952,PAUSE
15222,1.000000,1.000000,0.007346,PAUSE
15223,0.000000,1.000000,0.003568,PAUSE
15224,0.000000,0.000000,0.011217,PAUSE
15225,0.000000,0.000000,0.055271,PAUSE
15226,0.000000,0.000000,0.158471,PAUSE
15227,0.000000,0.000000,0.310037,PAUSE
15228,0.000000,1.000000,0.141538,PAUSE
15229,0.000000,1.000000,0.060201,PAUSE
15230,0.000000,0.000000,0.051877,PAUSE
15231,1.000000,1.000000,0.025480,PAUSE
15232,0.000000,0.000000,0.043011,PAUSE
15233,1.000000,1.000000,0.022429,PAUSE
15234,0.000000,0.000000,0.043813,PAUSE
15235,0.000000,1.000000,0.022940,PAUSE
15236,0.000000,0.000000,0.044775,PAUSE
15237,0.000000,0.000000,0.128096,PAUSE
15238,0.000000,0.000000,0.268276,PAUSE
15239,0.000000,0.000000,0.433283,PAUSE
15240,1.000000,1.000000,0.194028,PAUSE
15241,0.000000,0.000000,0.157233,PAUSE
15242,0.000000,0.000000,0.241493,PAUSE
15243,1.000000,1.000000,0.111035,PAUSE
15244,1.000000,1.000000,0.047606,PAUSE
15245,0.000000,1.000000,0.020333,PAUSE
15246,1.000000,1.000000,0.008883,PAUSE
15247,0.000000,0.000000,0.014422,PAUSE
15248,0.000000,0.000000,0.059841,PAUSE
15249,0.000000,1.000000,0.030986,PAUSE
15250,1.000000,1.000000,0.014471,PAUSE
15251,1.000000,1.000000,0.006785,PAUSE
15252,0.000000,0.000000,0.015612,PAUSE
15253,1.000000,1.000000,0.009228,PAUSE
15254,0.000000,0.000000,0.028584,PAUSE
15255,1.000000,1.000000,0.015860,PAUSE
15256,0.000000,1.000000,0.007914,PAUSE
15257,0.000000,1.000000,0.004009,PAUSE
15258,0.000000,0.000000,0.013267,PAUSE
15259,0.000000,1.000000,0.008116,PAUSE
15260,0.000000,0.000000,0.027254,PAUSE
15261,0.000000,1.000000,0.015233,PAUSE
15262,1.000000,1.000000,0.007643,PAUSE
15263,1.000000,1.000000,0.003894,PAUSE
15264,1.000000,1.000000,0.002136,PAUSE
15265,0.000000,1.000000,0.001317,PAUSE
15266,1.000000,1.000000,0.000932,PAUSE
15267,1.000000,1.000000,0.000747,PAUSE
15268,0.000000,1.000000,0.000655,PAUSE
15269,1.000000,1.000000,0.000609,PAUSE
15270,0.000000,0.000000,0.007084,PAUSE
15271,0.000000,1.000000,0.004872,PAUSE
15272,0.000000,0.000000,0.021760,PAUSE
15273,0.000000,1.000000,0.012564,PAUSE
15274,1.000000,1.000000,0.006472,PAUSE
15275,0.000000,0.000000,0.018711,PAUSE
15276,0.000000,0.000000,0.075989,PAUSE
15277,0.000000,0.000000,0.193586,PAUSE
15278,1.000000,1.000000,0.091111,PAUSE
15279,0.000000,0.000000,0.098511,PAUSE
15280,0.000000,0.000000,0.193211,PAUSE
15281,0.000000,1.000000,0.090484,PAUSE
15282,1.000000,1.000000,0.039218,PAUSE
15283,1.000000,1.000000,0.016937,PAUSE
15284,0.000000,0.000000,0.021544,PAUSE
15285,0.000000,1.000000,0.011853,PAUSE
15286,0.000000,1.000000,0.006043,PAUSE
15287,0.000000,1.000000,0.003170,PAUSE
15288,1.000000,1.000000,0.001811,PAUSE
15289,0.000000,0.000000,0.009678,PAUSE
15290,0.000000,0.000000,0.052007,PAUSE
15291,1.000000,1.000000,0.027377,PAUSE
15292,0.000000,0.000000,0.050943,PAUSE
15293,0.000000,1.000000,0.026260,PAUSE
15294,0.000000,0.000000,0.047915,PAUSE
15295,0.000000,1.000000,0.024818,PAUSE
15296,1.000000,1.000000,0.011745,PAUSE
15297,1.000000,1.000000,0.005619,PAUSE
15298,0.000000,0.000000,0.014544,PAUSE
15299,0.000000,0.000000,0.064044,PAUSE
15300,0.000000,0.000000,0.173643,PAUSE
15301,1.000000,1.000000,0.082357,PAUSE
15302,0.000000,0.000000,0.092868,PAUSE
15303,0.000000,0.000000,0.187747,PAUSE
15304,1.000000,1.000000,0.088133,PAUSE
15305,0.000000,0.000000,0.095551,PAUSE
15306,0.000000,0.000000,0.189382,PAUSE
15307,1.000000,1.000000,0.088816,PAUSE
15308,1.000000,1.000000,0.038532,PAUSE
15309,1.000000,1.000000,0.016658,PAUSE
15310,0.000000,0.000000,0.021399,PAUSE
15311,0.000000,0.000000,0.073465,PAUSE
15312,1.000000,1.000000,0.037252,PAUSE
15313,1.000000,1.000000,0.017118,PAUSE
15314,0.000000,0.000000,0.027680,PAUSE
15315,1.000000,1.000000,0.015050,PAUSE
15316,0.000000,0.000000,0.035603,PAUSE
15317,1.000000,1.000000,0.019150,PAUSE
15318,1.000000,1.000000,0.009331,PAUSE
15319,0.000000,1.000000,0.004608,PAUSE
15320,0.000000,0.000000,0.013771,PAUSE
15321,1.000000,1.000000,0.008355,PAUSE
15322,1.000000,1.000000,0.004547,PAUSE
15323,0.000000,1.000000,0.002538,PAUSE
15324,0.000000,0.000000,0.011618,PAUSE
15325,0.000000,0.000000,0.057922,PAUSE
15326,0.000000,0.000000,0.163506,PAUSE
15327,1.000000,1.000000,0.077896,PAUSE
15328,1.000000,1.000000,0.034085,PAUSE
15329,0.000000,1.000000,0.014859,PAUSE
15330,0.000000,0.000000,0.020538,PAUSE
15331,0.000000,1.000000,0.011428,PAUSE
15332,0.000000,0.000000,0.030596,PAUSE
15333,0.000000,1.000000,0.016784,PAUSE
15334,1.000000,1.000000,0.008309,PAUSE
15335,0.000000,0.000000,0.020425,PAUSE
15336,0.000000,0.000000,0.079140,PAUSE
15337,0.000000,0.000000,0.198345,PAUSE
15338,0.000000,0.000000,0.357568,PAUSE
15339,0.000000,0.000000,0.521386,ALLOW
15340,0.000000,0.000000,0.663545,ALLOW
15341,0.000000,0.000000,0.773650,ALLOW
15342,0.000000,0.000000,0.852582,ALLOW
15343,0.000000,0.000000,0.906229,ALLOW
15344,0.000000,0.000000,0.941360,ALLOW
15345,0.000000,0.000000,0.963774,ALLOW
15346,0.000000,1.000000,0.414999,PAUSE
15347,0.000000,1.000000,0.170899,PAUSE
15348,1.000000,1.000000,0.070029,PAUSE
15349,0.000000,1.000000,0.028886,PAUSE
15350,0.000000,1.000000,0.012148,PAUSE
15351,0.000000,1.000000,0.005330,PAUSE
15352,1.000000,1.000000,0.002541,PAUSE
15353,0.000000,0.000000,0.008574,PAUSE
15354,0.000000,0.000000,0.046909,PAUSE
15355,0.000000,0.000000,0.142996,PAUSE
15356,1.000000,1.000000,0.068810,PAUSE
15357,0.000000,0.000000,0.083786,PAUSE
15358,0.000000,0.000000,0.178521,PAUSE
15359,0.000000,0.000000,0.327321,PAUSE
15360,0.000000,0.000000,0.490774,PAUSE
15361,0.000000,0.000000,0.637809,ALLOW
15362,1.000000,1.000000,0.279974,PAUSE
15363,0.000000,0.000000,0.200800,PAUSE
15364,0.000000,0.000000,0.271014,PAUSE
15365,1.000000,1.000000,0.123422,PAUSE
15366,1.000000,1.000000,0.052637,PAUSE
15367,1.000000,1.000000,0.022364,PAUSE
15368,0.000000,0.000000,0.024132,PAUSE
15369,0.000000,0.000000,0.075741,PAUSE
15370,0.000000,0.000000,0.190008,PAUSE
15371,0.000000,0.000000,0.347186,PAUSE
15372,1.000000,1.000000,0.157424,PAUSE
15373,0.000000,0.000000,0.137488,PAUSE
15374,1.000000,1.000000,0.063540,PAUSE
15375,0.000000,0.000000,0.072222,PAUSE
15376,0.000000,0.000000,0.158739,PAUSE
15377,0.000000,0.000000,0.303006,PAUSE
15378,0.000000,1.000000,0.138420,PAUSE
15379,1.000000,1.000000,0.058916,PAUSE
15380,0.000000,0.000000,0.051187,PAUSE
15381,0.000000,1.000000,0.025186,PAUSE
15382,0.000000,0.000000,0.042818,PAUSE
15383,1.000000,1.000000,0.022345,PAUSE
15384,1.000000,1.000000,0.010671,PAUSE
15385,0.000000,1.000000,0.005163,PAUSE
15386,0.000000,0.000000,0.014151,PAUSE
15387,0.000000,0.000000,0.063287,PAUSE
15388,0.000000,0.000000,0.172422,PAUSE
15389,0.000000,1.000000,0.081821,PAUSE
15390,1.000000,1.000000,0.035705,PAUSE
15391,0.000000,1.000000,0.015520,PAUSE
15392,1.000000,1.000000,0.006939,PAUSE
15393,1.000000,1.000000,0.003309,PAUSE
15394,0.000000,0.000000,0.010181,PAUSE
15395,1.000000,1.000000,0.006453,PAUSE
15396,0.000000,0.000000,0.024324,PAUSE
15397,1.000000,1.000000,0.013811,PAUSE
15398,1.000000,1.000000,0.007020,PAUSE
15399,0.000000,1.000000,0.003627,PAUSE
15400,0.000000,0.000000,0.012912,PAUSE
15401,1.000000,1.000000,0.007944,PAUSE
15402,1.000000,1.000000,0.004365,PAUSE
15403,0.000000,1.000000,0.002459,PAUSE
15404,0.000000,0.000000,0.011532,PAUSE
15405,0.000000,0.000000,0.057722,PAUSE
15406,0.000000,1.000000,0.030063,PAUSE
15407,1.000000,1.000000,0.014088,PAUSE
15408,0.000000,0.000000,0.025585,PAUSE
15409,0.000000,1.000000,0.014110,PAUSE
15410,0.000000,0.000000,0.034769,PAUSE
15411,0.000000,1.000000,0.018771,PAUSE
15412,0.000000,1.000000,0.009170,PAUSE
15413,0.000000,1.000000,0.004540,PAUSE
15414,0.000000,0.000000,0.013720,PAUSE
15415,0.000000,0.000000,0.062592,PAUSE
15416,0.000000,0.000000,0.171343,PAUSE
15417,1.000000,1.000000,0.081347,PAUSE
15418,0.000000,0.000000,0.092212,PAUSE
15419,1.000000,1.000000,0.044364,PAUSE
15420,0.000000,0.000000,0.060954,PAUSE
15421,0.000000,0.000000,0.148148,PAUSE
15422,0.000000,0.000000,0.291972,PAUSE
15423,1.000000,1.000000,0.133712,PAUSE
15424,0.000000,0.000000,0.124010,PAUSE
15425,1.000000,1.000000,0.057871,PAUSE
15426,0.000000,0.000000,0.069036,PAUSE
15427,0.000000,1.000000,0.034003,PAUSE
15428,0.000000,0.000000,0.052910,PAUSE
15429,1.000000,1.000000,0.026986,PAUSE
15430,0.000000,0.000000,0.047974,PAUSE
15431,0.000000,1.000000,0.024820,PAUSE
15432,1.000000,1.000000,0.011742,PAUSE
15433,0.000000,1.000000,0.005617,PAUSE
15434,0.000000,0.000000,0.014533,PAUSE
15435,1.000000,1.000000,0.008711,PAUSE
15436,0.000000,1.000000,0.004702,PAUSE
15437,0.000000,1.000000,0.002605,PAUSE
15438,0.000000,0.000000,0.011686,PAUSE
15439,0.000000,1.000000,0.007333,PAUSE
15440,1.000000,1.000000,0.004090,PAUSE
15441,0.000000,1.000000,0.002338,PAUSE
15442,0.000000,0.000000,0.011383,PAUSE
15443,1.000000,1.000000,0.007182,PAUSE
15444,1.000000,1.000000,0.004022,PAUSE
15445,1.000000,1.000000,0.002308,PAUSE
15446,1.000000,1.000000,0.001442,PAUSE
15447,1.000000,1.000000,0.001011,PAUSE
15448,0.000000,0.000000,0.008234,PAUSE
15449,1.000000,1.000000,0.005505,PAUSE
15450,0.000000,0.000000,0.023000,PAUSE
15451,0.000000,1.000000,0.013174,PAUSE
15452,0.000000,1.000000,0.006741,PAUSE
15453,0.000000,1.000000,0.003508,PAUSE
15454,0.000000,1.000000,0.001970,PAUSE
15455,0.000000,1.000000,0.001246,PAUSE
15456,0.000000,0.000000,0.008583,PAUSE
15457,1.000000,1.000000,0.005687,PAUSE
15458,1.000000,1.000000,0.003322,PAUSE
15459,0.000000,1.000000,0.001990,PAUSE
15460,1.000000,1.000000,0.001298,PAUSE
15461,0.000000,0.000000,0.009063,PAUSE
15462,1.000000,1.000000,0.005955,PAUSE
15463,1.000000,1.000000,0.003451,PAUSE
15464,0.000000,0.000000,0.014825,PAUSE
15465,1.000000,1.000000,0.008988,PAUSE
15466,0.000000,0.000000,0.028863,PAUSE
15467,1.000000,1.000000,0.016011,PAUSE
15468,0.000000,0.000000,0.038115,PAUSE
15469,1.000000,1.000000,0.020364,PAUSE
15470,1.000000,1.000000,0.009859,PAUSE
15471,0.000000,1.000000,0.004832,PAUSE
15472,1.000000,1.000000,0.002532,PAUSE
15473,0.000000,1.000000,0.001486,PAUSE
15474,0.000000,0.000000,0.008840,PAUSE
15475,0.000000,1.000000,0.005817,PAUSE
15476,0.000000,0.000000,0.023516,PAUSE
15477,0.000000,1.000000,0.013425,PAUSE
15478,1.000000,1.000000,0.006852,PAUSE
15479,1.000000,1.000000,0.003555,PAUSE
15480,1.000000,1.000000,0.001991,PAUSE
15481,0.000000,1.000000,0.001255,PAUSE
15482,0.000000,0.000000,0.008594,PAUSE
15483,1.000000,1.000000,0.005693,PAUSE
15484,1.000000,1.000000,0.003325,PAUSE
15485,0.000000,1.000000,0.001992,PAUSE
15486,0.000000,0.000000,0.010880,PAUSE
15487,0.000000,0.000000,0.056043,PAUSE
15488,0.000000,0.000000,0.160237,PAUSE
15489,1.000000,1.000000,0.076453,PAUSE
15490,0.000000,1.000000,0.033489,PAUSE
15491,0.000000,1.000000,0.014616,PAUSE
15492,0.000000,0.000000,0.020407,PAUSE
15493,1.000000,1.000000,0.011371,PAUSE
15494,0.000000,0.000000,0.030552,PAUSE
15495,0.000000,0.000000,0.103480,PAUSE
15496,0.000000,1.000000,0.051042,PAUSE
15497,0.000000,1.000000,0.022924,PAUSE
15498,1.000000,1.000000,0.010286,PAUSE
15499,0.000000,0.000000,0.017917,PAUSE
15500,1.000000,1.000000,0.010274,PAUSE
15501,1.000000,1.000000,0.005380,PAUSE
15502,0.000000,0.000000,0.017064,PAUSE
15503,1.000000,1.000000,0.010080,PAUSE
15504,0.000000,1.000000,0.005338,PAUSE
15505,0.000000,0.000000,0.017298,PAUSE
15506,0.000000,1.000000,0.010207,PAUSE
15507,0.000000,0.000000,0.030468,PAUSE
15508,1.000000,1.000000,0.016771,PAUSE
15509,0.000000,0.000000,0.038918,PAUSE
15510,1.000000,1.000000,0.020733,PAUSE
15511,1.000000,1.000000,0.010016,PAUSE
15512,0.000000,1.000000,0.004898,PAUSE
15513,1.000000,1.000000,0.002560,PAUSE
15514,1.000000,1.000000,0.001498,PAUSE
15515,1.000000,1.000000,0.001010,PAUSE
15516,0.000000,1.000000,0.000781,PAUSE
15517,1.000000,1.000000,0.000671,PAUSE
15518,1.000000,1.000000,0.000616,PAUSE
15519,1.000000,1.000000,0.000587,PAUSE
15520,0.000000,0.000000,0.007012,PAUSE
15521,0.000000,1.000000,0.004832,PAUSE
15522,0.000000,0.000000,0.021678,PAUSE
15523,0.000000,0.000000,0.086035,PAUSE
15524,0.000000,0.000000,0.209956,PAUSE
15525,0.000000,0.000000,0.370988,PAUSE
15526,0.000000,0.000000,0.533868,ALLOW
15527,1.000000,1.000000,0.236455,PAUSE
15528,1.000000,1.000000,0.098793,PAUSE
15529,0.000000,1.000000,0.041041,PAUSE
15530,0.000000,1.000000,0.017245,PAUSE
15531,1.000000,1.000000,0.007472,PAUSE
15532,0.000000,0.000000,0.012254,PAUSE
15533,0.000000,0.000000,0.054033,PAUSE
15534,0.000000,0.000000,0.155296,PAUSE
15535,0.000000,0.000000,0.305846,PAUSE
15536,1.000000,1.000000,0.139737,PAUSE
15537,1.000000,1.000000,0.059465,PAUSE
15538,1.000000,1.000000,0.025166,PAUSE
15539,0.000000,0.000000,0.025743,PAUSE
15540,1.000000,1.000000,0.013651,PAUSE
15541,1.000000,1.000000,0.006790,PAUSE
