seq,acc_cmd,acc_exec,trust,decision
0,0.000000,0.000000,0.900000,ALLOW
1,0.000000,0.333333,0.580728,ALLOW
2,0.000000,0.333333,0.353429,PAUSE
3,0.000000,0.333333,0.225887,PAUSE
4,0.000000,0.333333,0.158451,PAUSE
5,0.000000,0.000000,0.225986,PAUSE
6,0.000000,0.333333,0.191238,PAUSE
7,0.000000,0.000000,0.282297,PAUSE
8,0.000000,0.000000,0.428659,PAUSE
9,0.000000,0.333333,0.321627,PAUSE
10,0.000000,0.000000,0.389987,PAUSE
11,0.000000,0.333333,0.290050,PAUSE
12,0.000000,0.333333,0.205833,PAUSE
13,0.000000,0.000000,0.274316,PAUSE
14,0.000000,0.000000,0.412570,PAUSE
15,0.000000,0.333333,0.311481,PAUSE
16,0.000000,0.333333,0.219300,PAUSE
17,0.000000,0.333333,0.160631,PAUSE
18,0.000000,0.000000,0.233662,PAUSE
19,0.000000,0.333333,0.196819,PAUSE
20,0.000000,0.333333,0.155564,PAUSE
21,0.000000,0.000000,0.237048,PAUSE
22,0.000000,0.000000,0.381118,PAUSE
23,0.000000,0.333333,0.294046,PAUSE
24,0.000000,0.333333,0.210429,PAUSE
25,0.000000,0.333333,0.156204,PAUSE
26,0.000000,0.333333,0.124352,PAUSE
27,0.000000,0.333333,0.106216,PAUSE
28,0.000000,0.000000,0.187822,PAUSE
29,0.000000,0.000000,0.331391,PAUSE
30,0.000000,0.000000,0.492696,PAUSE
31,0.000000,0.000000,0.638795,ALLOW
32,0.000000,0.333333,0.439194,PAUSE
33,0.000000,0.333333,0.284169,PAUSE
34,0.000000,0.000000,0.328698,PAUSE
35,0.000000,0.000000,0.455639,PAUSE
36,0.000000,0.000000,0.596939,ALLOW
37,0.000000,0.333333,0.415622,PAUSE
38,0.000000,0.333333,0.272302,PAUSE
39,0.000000,0.333333,0.186954,PAUSE
40,0.000000,0.333333,0.139695,PAUSE
41,0.000000,0.000000,0.213879,PAUSE
42,0.000000,0.000000,0.354989,PAUSE
43,0.000000,0.000000,0.513133,ALLOW
44,0.000000,0.000000,0.655014,ALLOW
45,0.000000,0.333333,0.447681,PAUSE
46,0.000000,0.333333,0.288271,PAUSE
47,0.000000,0.333333,0.194723,PAUSE
48,0.000000,0.000000,0.256209,PAUSE
49,0.000000,0.000000,0.392204,PAUSE
50,0.000000,0.333333,0.299493,PAUSE
51,0.000000,0.000000,0.373166,PAUSE
52,0.000000,0.000000,0.506961,ALLOW
53,0.000000,0.333333,0.364620,PAUSE
54,0.000000,0.333333,0.246404,PAUSE
55,0.000000,0.000000,0.304012,PAUSE
56,0.000000,0.000000,0.437021,PAUSE
57,0.000000,0.000000,0.582744,ALLOW
58,0.000000,0.333333,0.408211,PAUSE
59,0.000000,0.000000,0.449869,PAUSE
60,0.000000,0.333333,0.321631,PAUSE
61,0.000000,0.333333,0.221497,PAUSE
62,0.000000,0.000000,0.284445,PAUSE
63,0.000000,0.333333,0.226527,PAUSE
64,0.000000,0.333333,0.171564,PAUSE
65,0.000000,0.000000,0.249011,PAUSE
66,0.000000,0.000000,0.391335,PAUSE
67,0.000000,0.000000,0.545802,ALLOW
68,0.000000,0.333333,0.388582,PAUSE
69,0.000000,0.000000,0.437226,PAUSE
70,0.000000,0.333333,0.315147,PAUSE
71,0.000000,0.333333,0.218342,PAUSE
72,0.000000,0.000000,0.282471,PAUSE
73,0.000000,0.000000,0.418804,PAUSE
74,0.000000,0.000000,0.567961,ALLOW
75,0.000000,0.000000,0.697926,ALLOW
76,0.000000,0.333333,0.469995,PAUSE
77,0.000000,0.000000,0.489744,PAUSE
78,0.000000,0.000000,0.593131,ALLOW
79,0.000000,0.000000,0.705729,ALLOW
80,0.000000,0.000000,0.799509,ALLOW
81,0.000000,0.000000,0.868667,ALLOW
82,0.000000,0.000000,0.916240,ALLOW
83,0.000000,0.000000,0.947560,ALLOW
84,0.000000,0.000000,0.967590,ALLOW
85,0.000000,0.333333,0.605230,ALLOW
86,0.000000,0.000000,0.569106,ALLOW
87,0.000000,0.333333,0.381000,PAUSE
88,0.000000,0.000000,0.417057,PAUSE
89,0.000000,0.333333,0.301898,PAUSE
90,0.000000,0.000000,0.366008,PAUSE
91,0.000000,0.333333,0.275445,PAUSE
92,0.000000,0.333333,0.197960,PAUSE
93,0.000000,0.333333,0.148848,PAUSE
94,0.000000,0.333333,0.120181,PAUSE
95,0.000000,0.333333,0.103872,PAUSE
96,0.000000,0.333333,0.094630,PAUSE
97,0.000000,0.000000,0.177884,PAUSE
98,0.000000,0.000000,0.321762,PAUSE
99,0.000000,0.333333,0.259431,PAUSE
100,0.000000,0.333333,0.192240,PAUSE
101,0.000000,0.333333,0.146886,PAUSE
102,0.000000,0.000000,0.224058,PAUSE
103,0.000000,0.333333,0.191467,PAUSE
104,0.000000,0.333333,0.152747,PAUSE
105,0.000000,0.333333,0.125073,PAUSE
106,0.000000,0.000000,0.206654,PAUSE
107,0.000000,0.333333,0.181263,PAUSE
108,0.000000,0.000000,0.275549,PAUSE
109,0.000000,0.000000,0.423415,PAUSE
110,0.000000,0.000000,0.575575,ALLOW
111,0.000000,0.333333,0.404899,PAUSE
112,0.000000,0.333333,0.267227,PAUSE
113,0.000000,0.000000,0.318064,PAUSE
114,0.000000,0.000000,0.447884,PAUSE
115,0.000000,0.333333,0.330716,PAUSE
116,0.000000,0.000000,0.395081,PAUSE
117,0.000000,0.000000,0.523652,ALLOW
118,0.000000,0.000000,0.655198,ALLOW
119,0.000000,0.000000,0.764083,ALLOW
120,0.000000,0.000000,0.844753,ALLOW
121,0.000000,0.000000,0.900594,ALLOW
122,0.000000,0.000000,0.937567,ALLOW
123,0.000000,0.000000,0.961319,ALLOW
124,0.000000,0.333333,0.602216,ALLOW
125,0.000000,0.333333,0.361021,PAUSE
126,0.000000,0.000000,0.373000,PAUSE
127,0.000000,0.333333,0.272909,PAUSE
128,0.000000,0.333333,0.194751,PAUSE
129,0.000000,0.333333,0.146514,PAUSE
130,0.000000,0.333333,0.118697,PAUSE
131,0.000000,0.333333,0.102974,PAUSE
132,0.000000,0.000000,0.185007,PAUSE
133,0.000000,0.000000,0.328655,PAUSE
134,0.000000,0.000000,0.490243,PAUSE
135,0.000000,0.000000,0.636812,ALLOW
136,0.000000,0.000000,0.753329,ALLOW
137,0.000000,0.000000,0.838257,ALLOW
138,0.000000,0.000000,0.896620,ALLOW
139,0.000000,0.000000,0.935130,ALLOW
140,0.000000,0.000000,0.959829,ALLOW
141,0.000000,0.333333,0.601505,ALLOW
142,0.000000,0.333333,0.360698,PAUSE
143,0.000000,0.000000,0.372827,PAUSE
144,0.000000,0.333333,0.272826,PAUSE
145,0.000000,0.000000,0.341764,PAUSE
146,0.000000,0.000000,0.476537,PAUSE
147,0.000000,0.000000,0.617213,ALLOW
148,0.000000,0.333333,0.426763,PAUSE
149,0.000000,0.333333,0.277845,PAUSE
150,0.000000,0.000000,0.324557,PAUSE
151,0.000000,0.333333,0.248538,PAUSE
152,0.000000,0.000000,0.326382,PAUSE
153,0.000000,0.333333,0.253734,PAUSE
154,0.000000,0.000000,0.333547,PAUSE
155,0.000000,0.333333,0.258248,PAUSE
156,0.000000,0.333333,0.189351,PAUSE
157,0.000000,0.333333,0.144577,PAUSE
158,0.000000,0.000000,0.221495,PAUSE
159,0.000000,0.000000,0.363787,PAUSE
160,0.000000,0.333333,0.283790,PAUSE
161,0.000000,0.333333,0.205015,PAUSE
162,0.000000,0.000000,0.276143,PAUSE
163,0.000000,0.333333,0.222615,PAUSE
164,0.000000,0.000000,0.308407,PAUSE
165,0.000000,0.333333,0.244050,PAUSE
166,0.000000,0.333333,0.181946,PAUSE
167,0.000000,0.333333,0.140784,PAUSE
168,0.000000,0.000000,0.218789,PAUSE
169,0.000000,0.333333,0.188310,PAUSE
170,0.000000,0.000000,0.281066,PAUSE
171,0.000000,0.000000,0.428112,PAUSE
172,0.000000,0.333333,0.321392,PAUSE
173,0.000000,0.333333,0.224691,PAUSE
174,0.000000,0.000000,0.289857,PAUSE
175,0.000000,0.000000,0.426293,PAUSE
176,0.000000,0.000000,0.574509,ALLOW
177,0.000000,0.333333,0.403900,PAUSE
178,0.000000,0.333333,0.266620,PAUSE
179,0.000000,0.333333,0.184242,PAUSE
180,0.000000,0.333333,0.138391,PAUSE
181,0.000000,0.333333,0.113364,PAUSE
182,0.000000,0.333333,0.099678,PAUSE
183,0.000000,0.000000,0.181873,PAUSE
184,0.000000,0.333333,0.165719,PAUSE
185,0.000000,0.333333,0.138394,PAUSE
186,0.000000,0.333333,0.117266,PAUSE
187,0.000000,0.251047,0.119221,PAUSE
188,0.000000,0.333333,0.109704,PAUSE
189,0.000000,0.333333,0.100436,PAUSE
190,0.000000,0.333333,0.093686,PAUSE
191,0.000000,0.000000,0.178185,PAUSE
192,0.000000,0.333333,0.163736,PAUSE
193,0.000000,0.000000,0.260856,PAUSE
194,0.000000,0.333333,0.216924,PAUSE
195,0.000000,0.000000,0.306627,PAUSE
196,0.000000,0.000000,0.451159,PAUSE
197,0.000000,0.333333,0.334241,PAUSE
198,0.000000,0.333333,0.231218,PAUSE
199,0.000000,0.000000,0.294195,PAUSE
200,0.000000,0.333333,0.232440,PAUSE
201,0.000000,0.333333,0.174793,PAUSE
202,0.000000,0.000000,0.251455,PAUSE
203,0.000000,0.333333,0.208315,PAUSE
204,0.000000,0.333333,0.162098,PAUSE
205,0.000000,0.333333,0.130121,PAUSE
206,0.000000,0.333333,0.110371,PAUSE
207,0.000000,0.333333,0.098658,PAUSE
208,0.000000,0.333333,0.091805,PAUSE
209,0.000000,0.333333,0.087805,PAUSE
210,0.000000,0.000000,0.171966,PAUSE
211,0.000000,0.000000,0.315956,PAUSE
212,0.000000,0.000000,0.478800,PAUSE
213,0.000000,0.000000,0.627529,ALLOW
214,0.000000,0.333333,0.433260,PAUSE
215,0.000000,0.333333,0.281289,PAUSE
216,0.000000,0.333333,0.191399,PAUSE
217,0.000000,0.000000,0.254163,PAUSE
218,0.000000,0.333333,0.207990,PAUSE
219,0.000000,0.333333,0.161350,PAUSE
220,0.000000,0.333333,0.129513,PAUSE
221,0.000000,0.000000,0.209894,PAUSE
222,0.000000,0.000000,0.353484,PAUSE
223,0.000000,0.000000,0.512605,ALLOW
224,0.000000,0.000000,0.654856,ALLOW
225,0.000000,0.333333,0.447631,PAUSE
226,0.000000,0.333333,0.288256,PAUSE
227,0.000000,0.333333,0.194719,PAUSE
228,0.000000,0.333333,0.143489,PAUSE
229,0.000000,0.000000,0.216399,PAUSE
230,0.000000,0.333333,0.186057,PAUSE
231,0.000000,0.000000,0.278571,PAUSE
232,0.000000,0.000000,0.425645,PAUSE
233,0.000000,0.000000,0.577261,ALLOW
234,0.000000,0.333333,0.405778,PAUSE
235,0.000000,0.000000,0.448660,PAUSE
236,0.000000,0.000000,0.564408,ALLOW
237,0.000000,0.333333,0.394887,PAUSE
238,0.000000,0.000000,0.438617,PAUSE
239,0.000000,0.000000,0.555785,ALLOW
240,0.000000,0.333333,0.390221,PAUSE
241,0.000000,0.000000,0.435537,PAUSE
242,0.000000,0.333333,0.313770,PAUSE
243,0.000000,0.333333,0.217514,PAUSE
244,0.000000,0.333333,0.158662,PAUSE
245,0.000000,0.000000,0.231118,PAUSE
246,0.000000,0.000000,0.371643,PAUSE
247,0.000000,0.333333,0.288137,PAUSE
248,0.000000,0.333333,0.207230,PAUSE
249,0.000000,0.333333,0.154534,PAUSE
250,0.000000,0.000000,0.229448,PAUSE
251,0.000000,0.000000,0.370955,PAUSE
252,0.000000,0.333333,0.287856,PAUSE
253,0.000000,0.333333,0.207116,PAUSE
254,0.000000,0.333333,0.154487,PAUSE
255,0.000000,0.333333,0.123464,PAUSE
256,0.000000,0.000000,0.202600,PAUSE
257,0.000000,0.000000,0.345548,PAUSE
258,0.000000,0.333333,0.273249,PAUSE
259,0.000000,0.000000,0.354499,PAUSE
260,0.000000,0.000000,0.492528,PAUSE
261,0.000000,0.000000,0.631765,ALLOW
262,0.000000,0.000000,0.747252,ALLOW
263,0.000000,0.333333,0.495458,PAUSE
264,0.000000,0.000000,0.505336,ALLOW
265,0.000000,0.333333,0.349834,PAUSE
266,0.000000,0.333333,0.235124,PAUSE
267,0.000000,0.333333,0.167184,PAUSE
268,0.000000,0.333333,0.129310,PAUSE
269,0.000000,0.333333,0.108509,PAUSE
270,0.000000,0.000000,0.189217,PAUSE
271,0.000000,1.000000,0.088471,PAUSE
272,0.000000,0.000000,0.094989,PAUSE
273,0.000000,0.333333,0.093219,PAUSE
274,0.000000,0.333333,0.090039,PAUSE
275,0.000000,0.333333,0.087338,PAUSE
276,0.000000,0.333333,0.085419,PAUSE
277,0.000000,0.333333,0.084155,PAUSE
278,0.000000,0.000000,0.168737,PAUSE
279,0.000000,0.333333,0.157716,PAUSE
280,0.000000,0.333333,0.133906,PAUSE
281,0.000000,0.333333,0.114806,PAUSE
282,0.000000,0.000000,0.198501,PAUSE
283,0.000000,0.000000,0.343251,PAUSE
284,0.000000,0.333333,0.272128,PAUSE
285,0.000000,0.333333,0.198974,PAUSE
286,0.000000,0.000000,0.271970,PAUSE
287,0.000000,0.000000,0.412008,PAUSE
288,0.000000,0.333333,0.311365,PAUSE
289,0.000000,0.000000,0.382102,PAUSE
290,0.000000,0.333333,0.285730,PAUSE
291,0.000000,0.333333,0.203635,PAUSE
292,0.000000,0.333333,0.151859,PAUSE
293,0.000000,0.000000,0.226634,PAUSE
294,0.000000,0.333333,0.192714,PAUSE
295,0.000000,0.333333,0.153343,PAUSE
296,0.000000,0.333333,0.125360,PAUSE
297,0.000000,0.333333,0.107790,PAUSE
298,0.000000,0.000000,0.190252,PAUSE
299,0.000000,0.333333,0.171074,PAUSE
300,0.000000,0.000000,0.266956,PAUSE
301,0.000000,0.333333,0.220456,PAUSE
302,0.000000,0.000000,0.309316,PAUSE
303,0.000000,0.000000,0.453377,PAUSE
304,0.000000,0.333333,0.335449,PAUSE
305,0.000000,0.000000,0.399603,PAUSE
306,0.000000,0.000000,0.527652,ALLOW
307,0.000000,0.333333,0.375627,PAUSE
308,0.000000,0.000000,0.426350,PAUSE
309,0.000000,0.333333,0.309089,PAUSE
310,0.000000,0.333333,0.215243,PAUSE
311,0.000000,0.000000,0.280373,PAUSE
312,0.000000,0.000000,0.417157,PAUSE
313,0.000000,0.333333,0.313943,PAUSE
314,0.000000,0.333333,0.220528,PAUSE
315,0.000000,0.000000,0.286710,PAUSE
316,0.000000,0.333333,0.228348,PAUSE
317,0.000000,0.000000,0.312462,PAUSE
318,0.000000,0.000000,0.454625,PAUSE
319,0.000000,0.333333,0.335946,PAUSE
320,0.000000,0.333333,0.232021,PAUSE
321,0.000000,0.333333,0.167068,PAUSE
322,0.000000,0.000000,0.238109,PAUSE
323,0.000000,0.000000,0.378048,PAUSE
324,0.000000,0.333333,0.291778,PAUSE
325,0.000000,0.333333,0.209113,PAUSE
326,0.000000,0.333333,0.155487,PAUSE
327,0.000000,0.000000,0.230108,PAUSE
328,0.000000,0.000000,0.371498,PAUSE
329,0.000000,0.000000,0.527956,ALLOW
330,0.000000,0.000000,0.666893,ALLOW
331,0.000000,0.333333,0.453903,PAUSE
332,0.000000,0.333333,0.291278,PAUSE
333,0.000000,0.333333,0.196151,PAUSE
334,0.000000,0.000000,0.257084,PAUSE
335,0.000000,0.333333,0.209525,PAUSE
336,0.000000,0.000000,0.296692,PAUSE
337,0.000000,0.333333,0.237212,PAUSE
338,0.000000,0.333333,0.178306,PAUSE
339,0.000000,0.000000,0.254987,PAUSE
340,0.000000,0.333333,0.210483,PAUSE
341,0.000000,0.000000,0.299218,PAUSE
342,0.000000,0.000000,0.443843,PAUSE
343,0.000000,0.000000,0.592217,ALLOW
344,0.000000,0.000000,0.717603,ALLOW
345,0.000000,0.333333,0.480282,PAUSE
346,0.000000,0.333333,0.303960,PAUSE
347,0.000000,0.333333,0.202148,PAUSE
348,0.000000,0.333333,0.147028,PAUSE
349,0.000000,0.000000,0.218638,PAUSE
350,0.000000,0.333333,0.187261,PAUSE
351,0.000000,0.333333,0.150146,PAUSE
352,0.000000,0.333333,0.123569,PAUSE
353,0.000000,0.333333,0.106796,PAUSE
354,0.000000,0.333333,0.096690,PAUSE
355,0.000000,0.000000,0.180113,PAUSE
356,0.000000,0.000000,0.324159,PAUSE
357,0.000000,0.333333,0.260861,PAUSE
358,0.000000,0.000000,0.345343,PAUSE
359,0.000000,0.000000,0.485249,PAUSE
360,0.000000,0.333333,0.353045,PAUSE
361,0.000000,0.000000,0.411620,PAUSE
362,0.000000,0.000000,0.536582,ALLOW
363,0.000000,0.333333,0.380303,PAUSE
364,0.000000,0.333333,0.254101,PAUSE
365,0.000000,0.000000,0.308830,PAUSE
366,0.000000,0.333333,0.240156,PAUSE
367,0.000000,0.000000,0.320623,PAUSE
368,0.000000,0.333333,0.250645,PAUSE
369,0.000000,0.333333,0.185298,PAUSE
370,0.000000,0.333333,0.142470,PAUSE
371,0.000000,0.333333,0.116941,PAUSE
372,0.000000,0.000000,0.197419,PAUSE
373,0.000000,0.000000,0.340803,PAUSE
374,0.000000,0.000000,0.501140,ALLOW
375,0.000000,0.000000,0.645607,ALLOW
376,0.000000,0.000000,0.759851,ALLOW
377,0.000000,0.333333,0.502178,ALLOW
378,0.000000,0.333333,0.314444,PAUSE
379,0.000000,0.333333,0.207086,PAUSE
380,0.000000,0.333333,0.149368,PAUSE
381,0.000000,0.000000,0.220104,PAUSE
382,0.000000,0.000000,0.359882,PAUSE
383,0.000000,0.333333,0.281216,PAUSE
384,0.000000,0.000000,0.360110,PAUSE
385,0.000000,0.000000,0.496850,PAUSE
386,0.000000,0.333333,0.359245,PAUSE
387,0.000000,0.333333,0.243758,PAUSE
388,0.000000,0.000000,0.302343,PAUSE
389,0.000000,0.000000,0.435792,PAUSE
390,0.000000,0.333333,0.324227,PAUSE
391,0.000000,0.000000,0.390763,PAUSE
392,0.000000,0.333333,0.290279,PAUSE
393,0.000000,0.000000,0.360159,PAUSE
394,0.000000,0.333333,0.272725,PAUSE
395,0.000000,0.333333,0.196717,PAUSE
396,0.000000,0.333333,0.148277,PAUSE
397,0.000000,0.333333,0.119914,PAUSE
398,0.000000,0.333333,0.103744,PAUSE
399,0.000000,0.333333,0.094567,PAUSE
400,0.000000,0.333333,0.089334,PAUSE
401,0.000000,0.000000,0.173259,PAUSE
402,0.000000,0.000000,0.317212,PAUSE
403,0.000000,0.333333,0.256764,PAUSE
404,0.000000,0.333333,0.190829,PAUSE
405,0.000000,0.000000,0.266140,PAUSE
406,0.000000,0.333333,0.217107,PAUSE
407,0.000000,0.000000,0.304430,PAUSE
408,0.000000,0.000000,0.448240,PAUSE
409,0.000000,0.000000,0.595748,ALLOW
410,0.000000,0.333333,0.415598,PAUSE
411,0.000000,0.000000,0.454963,PAUSE
412,0.000000,0.000000,0.568842,ALLOW
413,0.000000,0.000000,0.688632,ALLOW
414,0.000000,0.333333,0.463922,PAUSE
415,0.000000,0.333333,0.295751,PAUSE
416,0.000000,0.000000,0.335334,PAUSE
417,0.000000,0.333333,0.254051,PAUSE
418,0.000000,0.333333,0.185623,PAUSE
419,0.000000,0.333333,0.142098,PAUSE
420,0.000000,0.333333,0.116528,PAUSE
421,0.000000,0.000000,0.196855,PAUSE
422,0.000000,0.333333,0.174913,PAUSE
423,0.000000,0.000000,0.269991,PAUSE
424,0.000000,0.333333,0.222184,PAUSE
425,0.000000,0.000000,0.310607,PAUSE
426,0.000000,0.000000,0.454429,PAUSE
427,0.000000,0.333333,0.336020,PAUSE
428,0.000000,0.333333,0.232109,PAUSE
429,0.000000,0.333333,0.167129,PAUSE
430,0.000000,0.333333,0.129876,PAUSE
431,0.000000,0.333333,0.109055,PAUSE
432,0.000000,0.333333,0.097445,PAUSE
433,0.000000,0.333333,0.090924,PAUSE
434,0.000000,0.000000,0.174595,PAUSE
435,0.000000,0.000000,0.318503,PAUSE
436,0.000000,0.000000,0.481096,PAUSE
437,0.000000,0.000000,0.629394,ALLOW
438,0.000000,0.333333,0.434243,PAUSE
439,0.000000,0.000000,0.467461,PAUSE
440,0.000000,0.333333,0.330786,PAUSE
441,0.000000,0.000000,0.386950,PAUSE
442,0.000000,0.000000,0.513547,ALLOW
443,0.000000,0.000000,0.646123,ALLOW
444,0.000000,0.333333,0.441873,PAUSE
445,0.000000,0.000000,0.471417,PAUSE
446,0.000000,0.000000,0.580183,ALLOW
447,0.000000,0.333333,0.402950,PAUSE
448,0.000000,0.000000,0.443583,PAUSE
449,0.000000,0.333333,0.317872,PAUSE
450,0.000000,0.333333,0.219504,PAUSE
451,0.000000,0.000000,0.283027,PAUSE
452,0.000000,0.000000,0.419112,PAUSE
453,0.000000,0.333333,0.314983,PAUSE
454,0.000000,0.333333,0.221044,PAUSE
455,0.000000,0.000000,0.287042,PAUSE
456,0.000000,0.333333,0.228524,PAUSE
457,0.000000,0.000000,0.312583,PAUSE
458,0.000000,0.333333,0.246318,PAUSE
459,0.000000,0.333333,0.183103,PAUSE
460,0.000000,0.333333,0.141368,PAUSE
461,0.000000,0.000000,0.219196,PAUSE
462,0.000000,0.333333,0.188538,PAUSE
463,0.000000,0.333333,0.151132,PAUSE
464,0.000000,0.000000,0.233745,PAUSE
465,0.000000,0.333333,0.198267,PAUSE
466,0.000000,0.333333,0.156772,PAUSE
467,0.000000,0.000000,0.238389,PAUSE
468,0.000000,0.000000,0.382496,PAUSE
469,0.000000,0.333333,0.294846,PAUSE
470,0.000000,0.000000,0.370493,PAUSE
471,0.000000,0.000000,0.505201,ALLOW
472,0.000000,0.333333,0.363728,PAUSE
473,0.000000,0.000000,0.418642,PAUSE
474,0.000000,0.000000,0.541655,ALLOW
475,0.000000,0.333333,0.382937,PAUSE
476,0.000000,0.333333,0.255378,PAUSE
477,0.000000,0.000000,0.309613,PAUSE
478,0.000000,0.000000,0.441111,PAUSE
479,0.000000,0.000000,0.585813,ALLOW
480,0.000000,0.333333,0.409808,PAUSE
481,0.000000,0.333333,0.269485,PAUSE
482,0.000000,0.333333,0.185610,PAUSE
483,0.000000,0.333333,0.139049,PAUSE
484,0.000000,0.333333,0.113687,PAUSE
485,0.000000,0.000000,0.193256,PAUSE
486,0.000000,0.333333,0.172524,PAUSE
487,0.000000,0.333333,0.142159,PAUSE
488,0.000000,0.000000,0.226604,PAUSE
489,0.000000,0.000000,0.371917,PAUSE
490,0.000000,0.000000,0.529604,ALLOW
491,0.000000,0.000000,0.668619,ALLOW
492,0.000000,0.333333,0.454856,PAUSE
493,0.000000,0.333333,0.291752,PAUSE
494,0.000000,0.000000,0.333293,PAUSE
495,0.000000,0.333333,0.253089,PAUSE
496,0.000000,0.000000,0.329412,PAUSE
497,0.000000,0.000000,0.467676,PAUSE
498,0.000000,0.000000,0.610708,ALLOW
499,0.000000,0.000000,0.731203,ALLOW
500,0.000000,0.000000,0.821821,ALLOW
501,0.000000,0.333333,0.533471,ALLOW
502,0.000000,0.000000,0.528152,ALLOW
503,0.000000,0.000000,0.618689,ALLOW
504,0.000000,0.333333,0.422459,PAUSE
505,0.000000,0.000000,0.455440,PAUSE
506,0.000000,0.000000,0.567207,ALLOW
507,0.000000,0.000000,0.686671,ALLOW
508,0.000000,0.000000,0.786109,ALLOW
509,0.000000,0.000000,0.859621,ALLOW
510,0.000000,0.333333,0.552244,ALLOW
511,0.000000,0.333333,0.337928,PAUSE
512,0.000000,0.000000,0.360201,PAUSE
513,0.000000,0.333333,0.266629,PAUSE
514,0.000000,0.333333,0.191756,PAUSE
515,0.000000,0.000000,0.262582,PAUSE
516,0.000000,0.333333,0.214304,PAUSE
517,0.000000,0.000000,0.301677,PAUSE
518,0.000000,0.333333,0.240230,PAUSE
519,0.000000,0.333333,0.179945,PAUSE
520,0.000000,0.000000,0.256212,PAUSE
521,0.000000,0.333333,0.211175,PAUSE
522,0.000000,0.000000,0.299735,PAUSE
523,0.000000,0.333333,0.239224,PAUSE
524,0.000000,0.333333,0.179446,PAUSE
525,0.000000,0.333333,0.139507,PAUSE
526,0.000000,0.333333,0.115428,PAUSE
527,0.000000,0.000000,0.196319,PAUSE
528,0.000000,0.000000,0.339847,PAUSE
529,0.000000,0.333333,0.269990,PAUSE
530,0.000000,0.000000,0.352126,PAUSE
531,0.000000,0.000000,0.490662,PAUSE
532,0.000000,0.333333,0.355951,PAUSE
533,0.000000,0.000000,0.413537,PAUSE
534,0.000000,0.333333,0.302471,PAUSE
535,0.000000,0.000000,0.368388,PAUSE
536,0.000000,0.333333,0.277075,PAUSE
537,0.000000,0.333333,0.198888,PAUSE
538,0.000000,0.333333,0.149351,PAUSE
539,0.000000,0.000000,0.224768,PAUSE
540,0.000000,0.000000,0.366471,PAUSE
541,0.000000,0.333333,0.285278,PAUSE
542,0.000000,0.333333,0.205774,PAUSE
543,0.000000,0.000000,0.276655,PAUSE
544,0.000000,0.333333,0.222893,PAUSE
545,0.000000,0.333333,0.169887,PAUSE
546,0.000000,0.333333,0.134205,PAUSE
547,0.000000,0.333333,0.112523,PAUSE
548,0.000000,0.000000,0.193968,PAUSE
549,0.000000,0.333333,0.173264,PAUSE
550,0.000000,0.333333,0.142664,PAUSE
551,0.000000,0.000000,0.227097,PAUSE
552,0.000000,0.333333,0.194421,PAUSE
553,0.000000,0.333333,0.154706,PAUSE
554,0.000000,0.333333,0.126247,PAUSE
555,0.000000,0.333333,0.108329,PAUSE
556,0.000000,0.333333,0.097564,PAUSE
557,0.000000,0.333333,0.091208,PAUSE
558,0.000000,0.333333,0.087472,PAUSE
559,0.000000,0.333333,0.085276,PAUSE
560,0.000000,0.000000,0.169671,PAUSE
561,0.000000,0.333333,0.158284,PAUSE
562,0.000000,0.333333,0.134225,PAUSE
563,0.000000,0.000000,0.220295,PAUSE
564,0.000000,0.333333,0.190442,PAUSE
565,0.000000,0.333333,0.152552,PAUSE
566,0.000000,0.333333,0.125103,PAUSE
567,0.000000,0.333333,0.107719,PAUSE
568,0.000000,0.333333,0.097234,PAUSE
569,0.000000,0.000000,0.180605,PAUSE
570,0.000000,0.333333,0.165097,PAUSE
571,0.000000,0.000000,0.261899,PAUSE
572,0.000000,0.000000,0.411258,PAUSE
573,0.000000,0.333333,0.312013,PAUSE
574,0.000000,0.333333,0.219923,PAUSE
575,0.000000,0.333333,0.161070,PAUSE
576,0.000000,0.333333,0.126847,PAUSE
577,0.000000,0.333333,0.107514,PAUSE
578,0.000000,0.333333,0.096642,PAUSE
579,0.000000,0.333333,0.090494,PAUSE
580,0.000000,0.333333,0.086985,PAUSE
581,0.000000,0.000000,0.171161,PAUSE
582,0.000000,0.333333,0.159203,PAUSE
583,0.000000,0.333333,0.134744,PAUSE
584,0.000000,0.000000,0.220717,PAUSE
585,0.000000,0.000000,0.366647,PAUSE
586,0.000000,0.000000,0.525123,ALLOW
587,0.000000,0.000000,0.665117,ALLOW
588,0.000000,0.000000,0.774330,ALLOW
589,0.000000,0.000000,0.852887,ALLOW
590,0.000000,0.000000,0.906372,ALLOW
591,0.000000,0.333333,0.575507,ALLOW
592,0.000000,0.000000,0.552486,ALLOW
593,0.000000,0.333333,0.373017,PAUSE
594,0.000000,0.333333,0.246059,PAUSE
595,0.000000,0.333333,0.172322,PAUSE
596,0.000000,0.333333,0.131756,PAUSE
597,0.000000,1.000000,0.060416,PAUSE
598,0.000000,0.000000,0.068183,PAUSE
599,0.000000,0.000000,0.152424,PAUSE
600,0.000000,0.333333,0.147153,PAUSE
601,0.000000,0.333333,0.127762,PAUSE
602,0.000000,0.333333,0.111347,PAUSE
603,0.000000,0.000000,0.195616,PAUSE
604,0.000000,1.000000,0.091305,PAUSE
605,0.000000,0.000000,0.096889,PAUSE
606,0.000000,0.333333,0.094403,PAUSE
607,0.000000,0.333333,0.090756,PAUSE
608,0.000000,0.333333,0.087767,PAUSE
609,0.000000,0.333333,0.085674,PAUSE
610,0.000000,0.333333,0.084306,PAUSE
611,0.000000,0.333333,0.083443,PAUSE
612,0.000000,0.333333,0.082910,PAUSE
613,0.000000,0.333333,0.082584,PAUSE
614,0.000000,0.333333,0.082386,PAUSE
615,0.000000,0.000000,0.166997,PAUSE
616,0.000000,0.000000,0.310921,PAUSE
617,0.000000,0.000000,0.474172,PAUSE
618,0.000000,0.000000,0.623734,ALLOW
619,0.000000,0.333333,0.431254,PAUSE
620,0.000000,0.333333,0.280313,PAUSE
621,0.000000,0.000000,0.326345,PAUSE
622,0.000000,0.000000,0.453965,PAUSE
623,0.000000,0.333333,0.333932,PAUSE
624,0.000000,0.333333,0.230549,PAUSE
625,0.000000,0.333333,0.166174,PAUSE
626,0.000000,1.000000,0.074976,PAUSE
627,0.000000,0.333333,0.047162,PAUSE
628,0.000000,0.000000,0.090011,PAUSE
629,0.000000,0.000000,0.202941,PAUSE
630,0.000000,0.000000,0.359655,PAUSE
631,0.000000,0.000000,0.522423,ALLOW
632,0.000000,0.333333,0.376404,PAUSE
633,0.000000,0.000000,0.429539,PAUSE
634,0.000000,0.333333,0.311230,PAUSE
635,0.000000,0.333333,0.216442,PAUSE
636,0.000000,1.000000,0.096271,PAUSE
637,0.000000,0.000000,0.088994,PAUSE
638,0.000000,0.000000,0.171479,PAUSE
639,0.000000,0.000000,0.314717,PAUSE
640,0.000000,0.000000,0.477410,PAUSE
641,0.000000,0.000000,0.626308,ALLOW
642,0.000000,0.000000,0.745472,ALLOW
643,0.000000,0.000000,0.832749,ALLOW
644,0.000000,0.000000,0.892933,ALLOW
645,0.000000,0.333333,0.568912,ALLOW
646,0.000000,0.000000,0.548739,ALLOW
647,0.000000,0.333333,0.371205,PAUSE
648,0.000000,0.333333,0.245214,PAUSE
649,0.000000,0.000000,0.298812,PAUSE
650,0.000000,0.000000,0.430570,PAUSE
651,0.000000,0.333333,0.321047,PAUSE
652,0.000000,0.333333,0.224042,PAUSE
653,0.000000,0.333333,0.162950,PAUSE
654,0.000000,0.333333,0.127719,PAUSE
655,0.000000,0.000000,0.205595,PAUSE
656,0.000000,0.333333,0.180037,PAUSE
657,0.000000,0.333333,0.146345,PAUSE
658,0.000000,0.333333,0.121585,PAUSE
659,0.000000,0.000000,0.203894,PAUSE
660,0.000000,0.333333,0.179643,PAUSE
661,0.000000,0.333333,0.146318,PAUSE
662,0.000000,1.000000,0.067069,PAUSE
663,0.000000,0.333333,0.044042,PAUSE
664,0.000000,0.333333,0.043828,PAUSE
665,0.000000,0.333333,0.051265,PAUSE
666,0.000000,1.000000,0.025818,PAUSE
667,0.000000,0.333333,0.023272,PAUSE
668,0.000000,0.333333,0.031400,PAUSE
669,0.000000,0.000000,0.095315,PAUSE
670,0.000000,0.333333,0.105368,PAUSE
671,0.000000,0.333333,0.101515,PAUSE
672,0.000000,0.333333,0.095699,PAUSE
673,0.000000,0.333333,0.090957,PAUSE
674,0.000000,0.333333,0.087662,PAUSE
675,0.000000,0.333333,0.085523,PAUSE
676,0.000000,0.333333,0.084181,PAUSE
677,0.000000,0.333333,0.083355,PAUSE
678,0.000000,0.000000,0.167922,PAUSE
679,0.000000,0.333333,0.157192,PAUSE
680,0.000000,0.333333,0.133603,PAUSE
681,0.000000,0.000000,0.219785,PAUSE
682,0.000000,0.000000,0.365799,PAUSE
683,0.000000,0.333333,0.285406,PAUSE
684,0.000000,0.333333,0.205982,PAUSE
685,0.000000,0.000000,0.276939,PAUSE
686,0.000000,0.000000,0.416039,PAUSE
687,0.000000,0.000000,0.566420,ALLOW
688,0.000000,0.000000,0.697003,ALLOW
689,0.000000,0.000000,0.797315,ALLOW
690,0.000000,0.333333,0.521145,ALLOW
691,0.000000,0.000000,0.520889,ALLOW
692,0.000000,0.333333,0.357572,PAUSE
693,0.000000,0.333333,0.238805,PAUSE
694,0.000000,1.000000,0.105456,PAUSE
695,0.000000,0.000000,0.093414,PAUSE
696,0.000000,0.333333,0.087796,PAUSE
697,0.000000,0.333333,0.085073,PAUSE
698,0.000000,0.333333,0.083702,PAUSE
699,0.000000,0.333333,0.082984,PAUSE
700,0.000000,0.000000,0.167483,PAUSE
701,0.000000,0.000000,0.311384,PAUSE
702,0.000000,0.000000,0.474589,PAUSE
703,0.000000,0.333333,0.349583,PAUSE
704,0.000000,0.333333,0.239609,PAUSE
705,0.000000,0.000000,0.300335,PAUSE
706,0.000000,0.000000,0.434667,PAUSE
707,0.000000,0.333333,0.323685,PAUSE
708,0.000000,0.333333,0.225482,PAUSE
709,0.000000,0.333333,0.163703,PAUSE
710,0.000000,0.333333,0.128110,PAUSE
711,0.000000,0.333333,0.108134,PAUSE
712,0.000000,0.000000,0.189229,PAUSE
713,0.000000,0.333333,0.170214,PAUSE
714,0.000000,0.333333,0.140911,PAUSE
715,0.000000,0.333333,0.118643,PAUSE
716,0.000000,1.000000,0.055130,PAUSE
717,0.000000,0.000000,0.065930,PAUSE
718,0.000000,0.333333,0.072325,PAUSE
719,0.000000,0.333333,0.076175,PAUSE
720,0.000000,1.000000,0.036971,PAUSE
721,0.000000,0.333333,0.029402,PAUSE
722,0.000000,0.333333,0.035520,PAUSE
723,0.000000,0.333333,0.046010,PAUSE
724,0.000000,1.000000,0.023531,PAUSE
725,0.000000,0.333333,0.022085,PAUSE
726,0.000000,0.333333,0.030646,PAUSE
727,0.000000,0.333333,0.042471,PAUSE
728,0.000000,0.333333,0.053723,PAUSE
729,0.000000,0.333333,0.062795,PAUSE
730,0.000000,0.333333,0.069435,PAUSE
731,0.000000,0.000000,0.153436,PAUSE
732,0.000000,0.333333,0.147769,PAUSE
733,0.000000,0.333333,0.128109,PAUSE
734,0.000000,0.333333,0.111539,PAUSE
735,0.000000,0.000000,0.195773,PAUSE
736,0.000000,0.333333,0.174831,PAUSE
737,0.000000,0.333333,0.143679,PAUSE
738,0.000000,0.333333,0.120221,PAUSE
739,0.000000,0.000000,0.202908,PAUSE
740,0.000000,0.000000,0.347332,PAUSE
741,0.000000,0.673212,0.187825,PAUSE
742,0.000000,0.000000,0.208422,PAUSE
743,0.000000,0.000000,0.326669,PAUSE
744,0.000000,0.000000,0.479765,PAUSE
745,0.000000,0.000000,0.625445,ALLOW
746,0.000000,0.000000,0.743894,ALLOW
747,0.000000,0.000000,0.831319,ALLOW
748,0.000000,0.333333,0.538294,ALLOW
749,0.000000,0.000000,0.531025,ALLOW
750,0.000000,0.333333,0.362564,PAUSE
751,0.000000,0.000000,0.406352,PAUSE
752,0.000000,0.333333,0.296593,PAUSE
753,0.000000,0.333333,0.208449,PAUSE
754,0.000000,0.333333,0.154006,PAUSE
755,0.000000,0.333333,0.122745,PAUSE
756,0.000000,0.333333,0.105173,PAUSE
757,0.000000,0.333333,0.095308,PAUSE
758,0.000000,0.333333,0.089730,PAUSE
759,0.000000,0.333333,0.086543,PAUSE
760,0.000000,0.333333,0.084703,PAUSE
761,0.000000,0.333333,0.083632,PAUSE
762,0.000000,0.333333,0.083003,PAUSE
763,0.000000,0.000000,0.167566,PAUSE
764,0.000000,0.333333,0.156964,PAUSE
765,0.000000,0.333333,0.133471,PAUSE
766,0.000000,0.333333,0.114562,PAUSE
767,0.000000,0.333333,0.101917,PAUSE
768,0.000000,0.333333,0.094015,PAUSE
769,0.000000,0.333333,0.089218,PAUSE
770,0.000000,0.333333,0.086342,PAUSE
771,0.000000,0.000000,0.170691,PAUSE
772,0.000000,0.000000,0.314698,PAUSE
773,0.000000,0.000000,0.477656,PAUSE
774,0.000000,0.000000,0.626596,ALLOW
775,0.000000,0.000000,0.745716,ALLOW
776,0.000000,0.333333,0.494971,PAUSE
777,0.000000,0.000000,0.505260,ALLOW
778,0.000000,0.333333,0.349838,PAUSE
779,0.000000,0.333333,0.235139,PAUSE
780,0.000000,0.000000,0.292872,PAUSE
781,0.000000,0.333333,0.230921,PAUSE
782,0.000000,0.000000,0.313618,PAUSE
783,0.000000,0.000000,0.455202,PAUSE
784,0.000000,0.333333,0.336208,PAUSE
785,0.000000,0.000000,0.399937,PAUSE
786,0.000000,0.000000,0.527810,ALLOW
787,0.000000,0.333333,0.375697,PAUSE
788,0.000000,0.333333,0.251852,PAUSE
789,0.000000,0.333333,0.176780,PAUSE
790,0.000000,0.333333,0.134625,PAUSE
791,0.000000,0.000000,0.210385,PAUSE
792,0.000000,0.333333,0.182722,PAUSE
793,0.000000,0.000000,0.276091,PAUSE
794,0.000000,1.000000,0.126027,PAUSE
795,0.000000,0.333333,0.075111,PAUSE
796,0.000000,0.000000,0.118531,PAUSE
797,0.000000,0.000000,0.237689,PAUSE
798,0.000000,0.000000,0.396301,PAUSE
799,0.000000,0.333333,0.304503,PAUSE
800,0.000000,0.000000,0.378747,PAUSE
801,0.000000,0.333333,0.284199,PAUSE
802,0.000000,0.333333,0.202946,PAUSE
803,0.000000,0.333333,0.151547,PAUSE
804,0.000000,0.333333,0.121628,PAUSE
805,0.000000,0.333333,0.104653,PAUSE
806,0.000000,0.333333,0.095058,PAUSE
807,0.000000,0.333333,0.089605,PAUSE
808,0.000000,0.333333,0.086479,PAUSE
809,0.000000,0.000000,0.170717,PAUSE
810,0.000000,0.000000,0.314677,PAUSE
811,0.000000,0.000000,0.477622,PAUSE
812,0.000000,0.000000,0.626562,ALLOW
813,0.000000,0.333333,0.432749,PAUSE
814,0.000000,0.333333,0.281040,PAUSE
815,0.000000,0.333333,0.191280,PAUSE
816,0.000000,0.333333,0.141839,PAUSE
817,0.000000,0.000000,0.215340,PAUSE
818,0.000000,0.000000,0.356190,PAUSE
819,0.000000,0.333333,0.279197,PAUSE
820,0.000000,0.000000,0.358716,PAUSE
821,0.000000,0.000000,0.495791,PAUSE
822,0.000000,0.333333,0.358684,PAUSE
823,0.000000,0.000000,0.415324,PAUSE
824,0.000000,0.000000,0.539259,ALLOW
825,0.000000,0.333333,0.381693,PAUSE
826,0.000000,0.000000,0.430207,PAUSE
827,0.000000,0.000000,0.549869,ALLOW
828,0.000000,0.000000,0.674525,ALLOW
829,0.000000,0.333333,0.456676,PAUSE
830,0.000000,0.333333,0.292289,PAUSE
831,0.000000,0.000000,0.333283,PAUSE
832,0.000000,0.000000,0.458681,PAUSE
833,0.000000,0.333333,0.336367,PAUSE
834,0.000000,0.000000,0.398724,PAUSE
835,0.000000,0.333333,0.294418,PAUSE
836,0.000000,0.000000,0.362855,PAUSE
837,0.000000,0.333333,0.274133,PAUSE
838,0.000000,0.333333,0.197414,PAUSE
839,0.000000,0.000000,0.268305,PAUSE
840,0.000000,0.000000,0.407657,PAUSE
841,0.000000,0.000000,0.559180,ALLOW
842,0.000000,0.000000,0.691358,ALLOW
843,0.000000,0.333333,0.466624,PAUSE
844,0.000000,0.333333,0.297396,PAUSE
845,0.000000,0.000000,0.336658,PAUSE
846,0.000000,0.000000,0.461233,PAUSE
847,0.000000,0.333333,0.337726,PAUSE
848,0.000000,0.000000,0.399618,PAUSE
849,0.000000,0.000000,0.526912,ALLOW
850,0.000000,0.000000,0.657558,ALLOW
851,0.000000,0.333333,0.447963,PAUSE
852,0.000000,0.333333,0.288124,PAUSE
853,0.000000,0.000000,0.330811,PAUSE
854,0.000000,0.000000,0.456965,PAUSE
855,0.000000,0.333333,0.335475,PAUSE
856,0.000000,0.000000,0.398154,PAUSE
857,0.000000,0.333333,0.294125,PAUSE
858,0.000000,0.333333,0.207787,PAUSE
859,0.000000,0.333333,0.153894,PAUSE
860,0.000000,0.333333,0.122780,PAUSE
861,0.000000,0.000000,0.201660,PAUSE
862,0.000000,0.000000,0.344482,PAUSE
863,0.000000,0.000000,0.504267,ALLOW
864,0.000000,0.333333,0.365914,PAUSE
865,0.000000,0.333333,0.247804,PAUSE
866,0.000000,0.333333,0.175099,PAUSE
867,0.000000,0.000000,0.243689,PAUSE
868,0.000000,0.000000,0.382619,PAUSE
869,0.000000,0.333333,0.294303,PAUSE
870,0.000000,0.333333,0.210397,PAUSE
871,0.000000,0.333333,0.156128,PAUSE
872,0.000000,0.333333,0.124289,PAUSE
873,0.000000,0.333333,0.106173,PAUSE
874,0.000000,0.333333,0.095925,PAUSE
875,0.000000,0.333333,0.090103,PAUSE
876,0.000000,0.333333,0.086766,PAUSE
877,0.000000,0.333333,0.084837,PAUSE
878,0.000000,0.000000,0.169242,PAUSE
879,0.000000,0.333333,0.158012,PAUSE
880,0.000000,0.000000,0.255831,PAUSE
881,0.000000,0.333333,0.213966,PAUSE
882,0.000000,0.333333,0.166058,PAUSE
883,0.000000,0.333333,0.132546,PAUSE
884,0.000000,0.333333,0.111791,PAUSE
885,0.000000,0.000000,0.193573,PAUSE
886,0.000000,0.000000,0.337398,PAUSE
887,0.000000,0.333333,0.268593,PAUSE
888,0.000000,0.000000,0.351113,PAUSE
889,0.000000,0.333333,0.268989,PAUSE
890,0.000000,0.333333,0.195174,PAUSE
891,0.000000,0.000000,0.267173,PAUSE
892,0.000000,0.000000,0.406979,PAUSE
893,0.000000,0.000000,0.558731,ALLOW
894,0.000000,0.000000,0.691053,ALLOW
895,0.000000,0.333333,0.466471,PAUSE
896,0.000000,0.000000,0.487599,PAUSE
897,0.000000,0.000000,0.591691,ALLOW
898,0.000000,0.000000,0.704742,ALLOW
899,0.000000,0.000000,0.798841,ALLOW
900,0.000000,0.333333,0.521388,ALLOW
901,0.000000,0.333333,0.323367,PAUSE
902,0.000000,0.333333,0.211185,PAUSE
903,0.000000,0.333333,0.151269,PAUSE
904,0.000000,0.000000,0.221240,PAUSE
905,0.000000,0.333333,0.188641,PAUSE
906,0.000000,0.333333,0.150852,PAUSE
907,0.000000,0.333333,0.123928,PAUSE
908,0.000000,0.333333,0.106981,PAUSE
909,0.000000,0.000000,0.189568,PAUSE
910,0.000000,0.000000,0.333610,PAUSE
911,0.000000,0.000000,0.494864,PAUSE
912,0.000000,0.333333,0.360790,PAUSE
913,0.000000,0.333333,0.245248,PAUSE
914,0.000000,0.333333,0.173850,PAUSE
915,0.000000,0.000000,0.242877,PAUSE
916,0.000000,0.333333,0.201936,PAUSE
917,0.000000,0.333333,0.158247,PAUSE
918,0.000000,1.000000,0.072046,PAUSE
919,0.000000,0.333333,0.046280,PAUSE
920,0.000000,0.000000,0.090376,PAUSE
921,0.000000,0.000000,0.204096,PAUSE
922,0.000000,0.333333,0.184456,PAUSE
923,0.000000,0.000000,0.281992,PAUSE
924,0.000000,0.333333,0.229764,PAUSE
925,0.000000,0.333333,0.174663,PAUSE
926,0.000000,0.333333,0.137109,PAUSE
927,0.000000,0.000000,0.216224,PAUSE
928,0.000000,0.000000,0.359369,PAUSE
929,0.000000,0.000000,0.517723,ALLOW
930,0.000000,0.000000,0.658910,ALLOW
931,0.000000,0.000000,0.769669,ALLOW
932,0.000000,0.333333,0.507169,ALLOW
933,0.000000,0.000000,0.512586,ALLOW
934,0.000000,0.333333,0.353473,PAUSE
935,0.000000,0.333333,0.236865,PAUSE
936,0.000000,1.000000,0.104661,PAUSE
937,0.000000,0.333333,0.060690,PAUSE
938,0.000000,0.333333,0.051934,PAUSE
939,0.000000,0.333333,0.055612,PAUSE
940,0.000000,0.000000,0.131011,PAUSE
941,0.000000,0.333333,0.131630,PAUSE
942,0.000000,0.000000,0.230717,PAUSE
943,0.000000,0.333333,0.198778,PAUSE
944,0.000000,0.333333,0.157738,PAUSE
945,0.000000,0.000000,0.239810,PAUSE
946,0.000000,0.000000,0.384078,PAUSE
947,0.000000,0.000000,0.540029,ALLOW
948,0.000000,0.000000,0.676779,ALLOW
949,0.000000,0.333333,0.459100,PAUSE
950,0.000000,0.333333,0.293794,PAUSE
951,0.000000,0.000000,0.334518,PAUSE
952,0.000000,0.000000,0.459746,PAUSE
953,0.000000,0.000000,0.599945,ALLOW
954,0.000000,0.333333,0.417173,PAUSE
955,0.000000,0.000000,0.455493,PAUSE
956,0.000000,0.333333,0.324484,PAUSE
957,0.000000,0.000000,0.382816,PAUSE
958,0.000000,0.333333,0.284607,PAUSE
959,0.000000,0.000000,0.355154,PAUSE
960,0.000000,0.333333,0.269856,PAUSE
961,0.000000,0.000000,0.345172,PAUSE
962,0.000000,0.333333,0.264562,PAUSE
963,0.000000,0.000000,0.341601,PAUSE
964,0.000000,0.000000,0.479220,PAUSE
965,0.000000,0.000000,0.620352,ALLOW
966,0.000000,0.000000,0.738518,ALLOW
967,0.000000,0.000000,0.827000,ALLOW
968,0.000000,0.000000,0.888766,ALLOW
969,0.000000,0.000000,0.929921,ALLOW
970,0.000000,0.000000,0.956483,ALLOW
971,0.000000,0.333333,0.599885,ALLOW
972,0.000000,0.333333,0.359957,PAUSE
973,0.000000,0.000000,0.372425,PAUSE
974,0.000000,0.000000,0.485114,PAUSE
975,0.000000,0.000000,0.617860,ALLOW
976,0.000000,0.000000,0.734186,ALLOW
977,0.000000,0.333333,0.488437,PAUSE
978,0.000000,0.000000,0.500842,ALLOW
979,0.000000,0.333333,0.347549,PAUSE
980,0.000000,0.333333,0.234022,PAUSE
981,0.000000,0.139723,0.224183,PAUSE
982,0.000000,0.333333,0.178079,PAUSE
983,0.000000,0.000000,0.261404,PAUSE
984,0.000000,0.000000,0.405689,PAUSE
985,0.000000,0.333333,0.308229,PAUSE
986,0.000000,0.000000,0.380207,PAUSE
987,0.000000,0.000000,0.512773,ALLOW
988,0.000000,0.000000,0.647230,ALLOW
989,0.000000,0.333333,0.442669,PAUSE
990,0.000000,0.000000,0.472076,PAUSE
991,0.000000,0.333333,0.332998,PAUSE
992,0.000000,0.000000,0.388223,PAUSE
993,0.000000,0.000000,0.514384,ALLOW
994,0.000000,0.333333,0.367969,PAUSE
995,0.000000,0.000000,0.420913,PAUSE
996,0.000000,0.333333,0.306199,PAUSE
997,0.000000,0.333333,0.213802,PAUSE
998,0.000000,0.333333,0.156858,PAUSE
999,0.000000,0.333333,0.124254,PAUSE
1000,0.000000,0.333333,0.105980,PAUSE
1001,0.000000,0.333333,0.095746,PAUSE
1002,0.000000,0.000000,0.178761,PAUSE
1003,0.000000,0.333333,0.163869,PAUSE
1004,0.000000,0.333333,0.137371,PAUSE
1005,0.000000,1.000000,0.063307,PAUSE
1006,0.000000,0.333333,0.042315,PAUSE
1007,0.000000,0.000000,0.087624,PAUSE
1008,0.000000,0.333333,0.096230,PAUSE
1009,0.000000,0.000000,0.190977,PAUSE
1010,0.000000,0.333333,0.173420,PAUSE
1011,0.000000,0.000000,0.270463,PAUSE
1012,0.000000,0.000000,0.419573,PAUSE
1013,0.000000,0.000000,0.572630,ALLOW
1014,0.000000,0.000000,0.702863,ALLOW
1015,0.000000,0.333333,0.472716,PAUSE
1016,0.000000,0.000000,0.491540,PAUSE
1017,0.000000,0.000000,0.594407,ALLOW
1018,0.000000,0.000000,0.706634,ALLOW
1019,0.000000,0.000000,0.800133,ALLOW
1020,0.000000,0.333333,0.522030,ALLOW
1021,0.000000,0.000000,0.521018,ALLOW
1022,0.000000,0.333333,0.357560,PAUSE
1023,0.000000,0.000000,0.403303,PAUSE
1024,0.000000,0.000000,0.524837,ALLOW
1025,0.000000,0.000000,0.654131,ALLOW
1026,0.000000,0.333333,0.445946,PAUSE
1027,0.000000,0.000000,0.473885,PAUSE
1028,0.000000,0.000000,0.581838,ALLOW
1029,0.000000,0.000000,0.697701,ALLOW
1030,0.000000,0.333333,0.468497,PAUSE
1031,0.000000,0.000000,0.487807,PAUSE
1032,0.000000,0.333333,0.340868,PAUSE
1033,0.000000,0.333333,0.230780,PAUSE
1034,0.000000,0.333333,0.165096,PAUSE
1035,0.000000,1.000000,0.074464,PAUSE
1036,0.000000,0.333333,0.046859,PAUSE
1037,0.000000,0.000000,0.089645,PAUSE
1038,0.000000,0.333333,0.097144,PAUSE
1039,0.000000,0.333333,0.095012,PAUSE
1040,0.000000,0.333333,0.091288,PAUSE
1041,0.000000,0.333333,0.088148,PAUSE
1042,0.000000,0.333333,0.085926,PAUSE
1043,0.000000,0.333333,0.084466,PAUSE
1044,0.000000,0.333333,0.083542,PAUSE
1045,0.000000,1.000000,0.040123,PAUSE
1046,0.000000,0.000000,0.056521,PAUSE
1047,0.000000,0.000000,0.141609,PAUSE
1048,0.000000,0.333333,0.140261,PAUSE
1049,0.000000,0.000000,0.240029,PAUSE
1050,0.000000,0.000000,0.391162,PAUSE
1051,0.000000,0.000000,0.548465,ALLOW
1052,0.000000,0.333333,0.390363,PAUSE
1053,0.000000,0.333333,0.260072,PAUSE
1054,0.000000,0.000000,0.313584,PAUSE
1055,0.000000,0.000000,0.444616,PAUSE
1056,0.000000,0.333333,0.328990,PAUSE
1057,0.000000,0.333333,0.228112,PAUSE
1058,0.000000,0.000000,0.291701,PAUSE
1059,0.000000,0.333333,0.231015,PAUSE
1060,0.000000,0.333333,0.174040,PAUSE
1061,0.000000,0.333333,0.136311,PAUSE
1062,0.000000,0.000000,0.215113,PAUSE
1063,0.000000,0.333333,0.186136,PAUSE
1064,0.000000,0.000000,0.279333,PAUSE
1065,0.000000,0.333333,0.227575,PAUSE
1066,0.000000,0.000000,0.314685,PAUSE
1067,0.000000,0.333333,0.247973,PAUSE
1068,0.000000,0.000000,0.330017,PAUSE
1069,0.000000,0.333333,0.256441,PAUSE
1070,0.000000,0.000000,0.336043,PAUSE
1071,0.000000,0.000000,0.474978,PAUSE
1072,0.000000,0.333333,0.347130,PAUSE
1073,0.000000,0.333333,0.237647,PAUSE
1074,0.000000,0.000000,0.298342,PAUSE
1075,0.000000,0.333333,0.234636,PAUSE
1076,0.000000,0.333333,0.175901,PAUSE
1077,0.000000,1.000000,0.079414,PAUSE
1078,0.000000,0.333333,0.049592,PAUSE
1079,0.000000,0.000000,0.092597,PAUSE
1080,0.000000,0.000000,0.206237,PAUSE
1081,0.000000,0.333333,0.185772,PAUSE
1082,0.000000,0.000000,0.283076,PAUSE
1083,0.000000,0.333333,0.230386,PAUSE
1084,0.000000,0.333333,0.174991,PAUSE
1085,0.000000,1.000000,0.079102,PAUSE
1086,0.000000,0.333333,0.049529,PAUSE
1087,0.000000,0.000000,0.092722,PAUSE
1088,0.000000,0.000000,0.206498,PAUSE
1089,0.000000,0.333333,0.185953,PAUSE
1090,0.000000,0.000000,0.283242,PAUSE
1091,0.000000,0.000000,0.431845,PAUSE
1092,0.000000,0.000000,0.583098,ALLOW
1093,0.000000,0.000000,0.710944,ALLOW
1094,0.000000,0.000000,0.807684,ALLOW
1095,0.000000,0.000000,0.875805,ALLOW
1096,0.000000,0.000000,0.921497,ALLOW
1097,0.000000,0.000000,0.951134,ALLOW
1098,0.000000,0.000000,0.969913,ALLOW
1099,0.000000,0.000000,0.981618,ALLOW
1100,0.000000,0.000000,0.988831,ALLOW
1101,0.000000,0.000000,0.993240,ALLOW
1102,0.000000,0.000000,0.995919,ALLOW
1103,0.000000,0.333333,0.618791,ALLOW
1104,0.000000,0.333333,0.368554,PAUSE
1105,0.000000,0.333333,0.231895,PAUSE
1106,0.000000,0.000000,0.277809,PAUSE
1107,0.000000,0.000000,0.407358,PAUSE
1108,0.000000,0.000000,0.555807,ALLOW
1109,0.000000,0.333333,0.393526,PAUSE
1110,0.000000,0.333333,0.261420,PAUSE
1111,0.000000,1.000000,0.115006,PAUSE
1112,0.000000,0.333333,0.065417,PAUSE
1113,0.000000,0.333333,0.054341,PAUSE
1114,0.000000,0.000000,0.117493,PAUSE
1115,0.000000,0.000000,0.246506,PAUSE
1116,0.000000,0.333333,0.212613,PAUSE
1117,0.000000,0.000000,0.306572,PAUSE
1118,0.000000,0.333333,0.244030,PAUSE
1119,0.000000,0.333333,0.182237,PAUSE
1120,0.000000,0.000000,0.258146,PAUSE
1121,0.000000,0.000000,0.399684,PAUSE
1122,0.000000,0.000000,0.552890,ALLOW
1123,0.000000,0.333333,0.392399,PAUSE
1124,0.000000,0.333333,0.260983,PAUSE
1125,0.000000,0.468934,0.155747,PAUSE
1126,0.000000,0.000000,0.199578,PAUSE
1127,0.000000,0.333333,0.170934,PAUSE
1128,0.000000,0.333333,0.139607,PAUSE
1129,0.000000,0.000000,0.222902,PAUSE
1130,0.000000,0.333333,0.191652,PAUSE
1131,0.000000,0.000000,0.284474,PAUSE
1132,0.000000,0.000000,0.431378,PAUSE
1133,0.000000,0.333333,0.323241,PAUSE
1134,0.000000,0.000000,0.391182,PAUSE
1135,0.000000,0.333333,0.290698,PAUSE
1136,0.000000,0.333333,0.206160,PAUSE
1137,0.000000,0.000000,0.274534,PAUSE
1138,0.000000,0.000000,0.412740,PAUSE
1139,0.000000,0.333333,0.311572,PAUSE
1140,0.000000,0.000000,0.382096,PAUSE
1141,0.000000,0.333333,0.285700,PAUSE
1142,0.000000,0.333333,0.203612,PAUSE
1143,0.000000,0.333333,0.151844,PAUSE
1144,0.000000,0.333333,0.121763,PAUSE
1145,0.000000,0.000000,0.200958,PAUSE
1146,0.000000,0.000000,0.343895,PAUSE
1147,0.000000,0.333333,0.272282,PAUSE
1148,0.000000,0.000000,0.353779,PAUSE
1149,0.000000,0.000000,0.491954,PAUSE
1150,0.000000,0.333333,0.356640,PAUSE
1151,0.000000,0.333333,0.242474,PAUSE
1152,0.000000,0.000000,0.301533,PAUSE
1153,0.000000,0.333333,0.236341,PAUSE
1154,0.000000,0.000000,0.318060,PAUSE
1155,0.000000,0.000000,0.459007,PAUSE
1156,0.000000,0.333333,0.338299,PAUSE
1157,0.000000,0.333333,0.233190,PAUSE
1158,0.000000,0.000000,0.295416,PAUSE
1159,0.000000,0.000000,0.430524,PAUSE
1160,0.000000,0.333333,0.321406,PAUSE
1161,0.000000,0.000000,0.388887,PAUSE
1162,0.000000,0.000000,0.519109,ALLOW
1163,0.000000,0.000000,0.651868,ALLOW
1164,0.000000,0.333333,0.445048,PAUSE
1165,0.000000,0.333333,0.286732,PAUSE
1166,0.000000,0.333333,0.193895,PAUSE
1167,0.000000,0.000000,0.255591,PAUSE
1168,0.000000,0.000000,0.391679,PAUSE
1169,0.000000,0.000000,0.544105,ALLOW
1170,0.000000,0.000000,0.679150,ALLOW
1171,0.000000,0.333333,0.460230,PAUSE
1172,0.000000,0.333333,0.294309,PAUSE
1173,0.000000,0.929181,0.131090,PAUSE
1174,0.000000,0.000000,0.113651,PAUSE
1175,0.000000,0.333333,0.101576,PAUSE
1176,0.000000,0.000000,0.185410,PAUSE
1177,0.000000,0.000000,0.329838,PAUSE
1178,0.000000,0.000000,0.491578,PAUSE
1179,0.000000,0.000000,0.637982,ALLOW
1180,0.000000,0.333333,0.438777,PAUSE
1181,0.000000,0.333333,0.283970,PAUSE
1182,0.000000,0.333333,0.192679,PAUSE
1183,0.000000,0.704539,0.098560,PAUSE
1184,0.000000,0.000000,0.120816,PAUSE
1185,0.000000,0.000000,0.229298,PAUSE
1186,0.000000,0.000000,0.384018,PAUSE
1187,0.000000,0.333333,0.296978,PAUSE
1188,0.000000,0.000000,0.372969,PAUSE
1189,0.000000,0.333333,0.281028,PAUSE
1190,0.000000,0.333333,0.201330,PAUSE
1191,0.000000,0.333333,0.150736,PAUSE
1192,0.000000,0.000000,0.225901,PAUSE
1193,0.000000,0.000000,0.367506,PAUSE
1194,0.000000,0.333333,0.285867,PAUSE
1195,0.000000,0.000000,0.363700,PAUSE
1196,0.000000,0.000000,0.499762,PAUSE
1197,0.000000,0.333333,0.360812,PAUSE
1198,0.000000,0.333333,0.244535,PAUSE
1199,0.000000,1.000000,0.108022,PAUSE
1200,0.000000,0.333333,0.062365,PAUSE
1201,0.000000,0.333333,0.052895,PAUSE
1202,0.000000,0.333333,0.056215,PAUSE
1203,0.000000,1.000000,0.027922,PAUSE
1204,0.000000,0.000000,0.046847,PAUSE
1205,0.000000,0.333333,0.059328,PAUSE
1206,0.000000,0.333333,0.067586,PAUSE
1207,0.000000,1.000000,0.033251,PAUSE
1208,0.000000,0.333333,0.027528,PAUSE
1209,0.000000,0.000000,0.074563,PAUSE
1210,0.000000,0.000000,0.185830,PAUSE
1211,0.000000,0.000000,0.341721,PAUSE
1212,0.000000,0.333333,0.272599,PAUSE
1213,0.000000,0.333333,0.199596,PAUSE
1214,0.000000,0.333333,0.150815,PAUSE
1215,0.000000,1.000000,0.068625,PAUSE
1216,0.000000,0.333333,0.044370,PAUSE
1217,0.000000,0.333333,0.043690,PAUSE
1218,0.000000,0.000000,0.108606,PAUSE
1219,0.000000,0.000000,0.237110,PAUSE
1220,0.000000,0.000000,0.399280,PAUSE
1221,0.000000,0.333333,0.306626,PAUSE
1222,0.000000,0.333333,0.217537,PAUSE
1223,0.000000,0.333333,0.160009,PAUSE
1224,0.000000,0.333333,0.126368,PAUSE
1225,0.000000,0.333333,0.107293,PAUSE
1226,0.000000,0.333333,0.096537,PAUSE
1227,0.000000,0.333333,0.090442,PAUSE
1228,0.000000,0.000000,0.174214,PAUSE
1229,0.000000,0.333333,0.161089,PAUSE
1230,0.000000,0.000000,0.258452,PAUSE
1231,0.000000,0.000000,0.408145,PAUSE
1232,0.000000,0.333333,0.310267,PAUSE
1233,0.000000,0.000000,0.382135,PAUSE
1234,0.000000,0.000000,0.514481,ALLOW
1235,0.000000,0.333333,0.368693,PAUSE
1236,0.000000,0.333333,0.248430,PAUSE
1237,0.000000,1.000000,0.109625,PAUSE
1238,0.000000,0.333333,0.063058,PAUSE
1239,0.000000,0.000000,0.101316,PAUSE
1240,0.000000,0.000000,0.214334,PAUSE
1241,0.000000,0.000000,0.371033,PAUSE
1242,0.000000,0.333333,0.289715,PAUSE
1243,0.000000,0.000000,0.367856,PAUSE
1244,0.000000,0.333333,0.278294,PAUSE
1245,0.000000,0.333333,0.199958,PAUSE
1246,0.000000,0.333333,0.150055,PAUSE
1247,0.000000,0.333333,0.120877,PAUSE
1248,0.000000,0.000000,0.200348,PAUSE
1249,0.000000,0.000000,0.343385,PAUSE
1250,0.000000,0.333333,0.271997,PAUSE
1251,0.000000,0.000000,0.353576,PAUSE
1252,0.000000,0.333333,0.270323,PAUSE
1253,0.000000,0.000000,0.346579,PAUSE
1254,0.000000,0.333333,0.265515,PAUSE
1255,0.000000,0.333333,0.193104,PAUSE
1256,0.000000,0.333333,0.146484,PAUSE
1257,0.000000,0.333333,0.119015,PAUSE
1258,0.000000,0.000000,0.198953,PAUSE
1259,0.000000,0.333333,0.176175,PAUSE
1260,0.000000,0.000000,0.271024,PAUSE
1261,0.000000,0.333333,0.222777,PAUSE
1262,0.000000,0.000000,0.311055,PAUSE
1263,0.000000,0.000000,0.454796,PAUSE
1264,0.000000,0.333333,0.336220,PAUSE
1265,0.000000,0.333333,0.232209,PAUSE
1266,0.000000,0.000000,0.294838,PAUSE
1267,0.000000,0.333333,0.232782,PAUSE
1268,0.000000,0.000000,0.315613,PAUSE
1269,0.000000,0.000000,0.457117,PAUSE
1270,0.000000,0.000000,0.602660,ALLOW
1271,0.000000,0.333333,0.419220,PAUSE
1272,0.000000,0.333333,0.274211,PAUSE
1273,0.000000,0.333333,0.187925,PAUSE
1274,0.000000,0.000000,0.251904,PAUSE
1275,0.000000,0.000000,0.388934,PAUSE
1276,0.000000,0.333333,0.297727,PAUSE
1277,0.000000,0.000000,0.371971,PAUSE
1278,0.000000,0.000000,0.506069,ALLOW
1279,0.000000,0.333333,0.364151,PAUSE
1280,0.000000,0.333333,0.246175,PAUSE
1281,0.000000,1.000000,0.108696,PAUSE
1282,0.000000,0.333333,0.062656,PAUSE
1283,0.000000,0.333333,0.053029,PAUSE
1284,0.000000,0.333333,0.056283,PAUSE
1285,0.000000,1.000000,0.027950,PAUSE
1286,0.000000,0.000000,0.046864,PAUSE
1287,0.000000,0.000000,0.129088,PAUSE
1288,0.000000,0.000000,0.268858,PAUSE
1289,0.000000,0.333333,0.227523,PAUSE
1290,0.000000,0.333333,0.175039,PAUSE
1291,0.000000,1.000000,0.079200,PAUSE
1292,0.000000,0.000000,0.080554,PAUSE
1293,0.000000,0.333333,0.081246,PAUSE
1294,0.000000,0.333333,0.081614,PAUSE
1295,0.000000,0.333333,0.081815,PAUSE
1296,0.000000,0.333333,0.081928,PAUSE
1297,0.000000,0.000000,0.166569,PAUSE
1298,0.000000,0.333333,0.156337,PAUSE
1299,0.000000,0.000000,0.254385,PAUSE
1300,0.000000,0.333333,0.213118,PAUSE
1301,0.000000,0.000000,0.303674,PAUSE
1302,0.000000,0.000000,0.448693,PAUSE
1303,0.000000,0.000000,0.596507,ALLOW
1304,0.000000,0.000000,0.720951,ALLOW
1305,0.000000,0.000000,0.814733,ALLOW
1306,0.000000,0.000000,0.880553,ALLOW
1307,0.000000,0.333333,0.562784,ALLOW
1308,0.000000,0.000000,0.545217,ALLOW
1309,0.000000,0.333333,0.369492,PAUSE
1310,0.000000,0.333333,0.244413,PAUSE
1311,0.000000,1.000000,0.107751,PAUSE
1312,0.000000,0.333333,0.062007,PAUSE
1313,0.000000,0.333333,0.052532,PAUSE
1314,0.000000,0.000000,0.115859,PAUSE
1315,0.000000,0.000000,0.244712,PAUSE
1316,0.000000,0.000000,0.406732,PAUSE
1317,0.000000,0.000000,0.565509,ALLOW
1318,0.000000,0.000000,0.698620,ALLOW
1319,0.000000,0.333333,0.470680,PAUSE
1320,0.000000,0.333333,0.299420,PAUSE
1321,0.000000,0.333333,0.200030,PAUSE
1322,0.000000,0.000000,0.259471,PAUSE
1323,0.000000,0.333333,0.210779,PAUSE
1324,0.000000,0.333333,0.162758,PAUSE
1325,0.000000,0.000000,0.242116,PAUSE
1326,0.000000,0.000000,0.385291,PAUSE
1327,0.000000,0.000000,0.540749,ALLOW
1328,0.000000,0.333333,0.385868,PAUSE
1329,0.000000,0.333333,0.257760,PAUSE
1330,0.000000,0.333333,0.179966,PAUSE
1331,0.000000,0.333333,0.136313,PAUSE
1332,0.000000,0.000000,0.211668,PAUSE
1333,0.000000,0.000000,0.353225,PAUSE
1334,0.000000,0.333333,0.277556,PAUSE
1335,0.000000,0.000000,0.357566,PAUSE
1336,0.000000,0.000000,0.494908,PAUSE
1337,0.000000,0.000000,0.633574,ALLOW
1338,0.000000,0.000000,0.748560,ALLOW
1339,0.000000,0.333333,0.496121,PAUSE
1340,0.000000,0.000000,0.505732,ALLOW
1341,0.000000,0.000000,0.603884,ALLOW
1342,0.000000,0.333333,0.415028,PAUSE
1343,0.000000,0.000000,0.450983,PAUSE
1344,0.000000,0.000000,0.564226,ALLOW
1345,0.000000,0.333333,0.394521,PAUSE
1346,0.000000,0.333333,0.260951,PAUSE
1347,0.000000,0.333333,0.181121,PAUSE
1348,0.000000,0.000000,0.247142,PAUSE
1349,0.000000,0.000000,0.385029,PAUSE
1350,0.000000,0.333333,0.295572,PAUSE
1351,0.000000,0.333333,0.211025,PAUSE
1352,0.000000,0.333333,0.156435,PAUSE
1353,0.000000,0.333333,0.124441,PAUSE
1354,0.000000,0.000000,0.203286,PAUSE
1355,0.000000,0.000000,0.346128,PAUSE
1356,0.000000,0.333333,0.273575,PAUSE
1357,0.000000,0.000000,0.354731,PAUSE
1358,0.000000,0.333333,0.270950,PAUSE
1359,0.000000,0.333333,0.196169,PAUSE
1360,0.000000,0.000000,0.267843,PAUSE
1361,0.000000,0.000000,0.407505,PAUSE
1362,0.000000,0.333333,0.308735,PAUSE
1363,0.000000,0.333333,0.217922,PAUSE
1364,0.000000,0.000000,0.285012,PAUSE
1365,0.000000,0.333333,0.227443,PAUSE
1366,0.000000,0.000000,0.311836,PAUSE
1367,0.000000,0.333333,0.245916,PAUSE
1368,0.000000,0.000000,0.328151,PAUSE
1369,0.000000,0.333333,0.255357,PAUSE
1370,0.000000,0.333333,0.187890,PAUSE
1371,0.000000,0.333333,0.143847,PAUSE
1372,0.000000,0.333333,0.117671,PAUSE
1373,0.000000,0.000000,0.197980,PAUSE
1374,0.000000,0.333333,0.175619,PAUSE
1375,0.000000,0.000000,0.270594,PAUSE
1376,0.000000,0.000000,0.418929,PAUSE
1377,0.000000,0.333333,0.316289,PAUSE
1378,0.000000,0.333333,0.222100,PAUSE
1379,0.000000,0.000000,0.288132,PAUSE
1380,0.000000,0.000000,0.424963,PAUSE
1381,0.000000,0.333333,0.318421,PAUSE
1382,0.000000,0.000000,0.386896,PAUSE
1383,0.000000,0.000000,0.517645,ALLOW
1384,0.000000,0.333333,0.370299,PAUSE
1385,0.000000,0.333333,0.249199,PAUSE
1386,0.000000,0.333333,0.175496,PAUSE
1387,0.000000,0.000000,0.243626,PAUSE
1388,0.000000,0.333333,0.202269,PAUSE
1389,0.000000,0.000000,0.291539,PAUSE
1390,0.000000,0.000000,0.436781,PAUSE
1391,0.000000,0.000000,0.586321,ALLOW
1392,0.000000,0.000000,0.713105,ALLOW
1393,0.000000,0.333333,0.477967,PAUSE
1394,0.000000,0.000000,0.494731,PAUSE
1395,0.000000,0.000000,0.596545,ALLOW
1396,0.000000,0.000000,0.708098,ALLOW
1397,0.000000,0.333333,0.473757,PAUSE
1398,0.000000,0.000000,0.490958,PAUSE
1399,0.000000,0.000000,0.593386,ALLOW
1400,0.000000,0.000000,0.705668,ALLOW
1401,0.000000,0.333333,0.472501,PAUSE
1402,0.000000,0.000000,0.490185,PAUSE
1403,0.000000,0.333333,0.342045,PAUSE
1404,0.000000,0.333333,0.231338,PAUSE
1405,0.000000,0.333333,0.165361,PAUSE
1406,0.000000,0.333333,0.128422,PAUSE
1407,0.000000,0.333333,0.108067,PAUSE
1408,0.000000,0.000000,0.188907,PAUSE
1409,0.000000,0.333333,0.169970,PAUSE
1410,0.000000,0.333333,0.140761,PAUSE
1411,0.000000,0.333333,0.118556,PAUSE
1412,0.000000,0.333333,0.104106,PAUSE
1413,0.000000,0.333333,0.095227,PAUSE
1414,0.000000,0.000000,0.178917,PAUSE
1415,0.000000,0.000000,0.323028,PAUSE
1416,0.000000,0.000000,0.485287,PAUSE
1417,0.000000,0.333333,0.355511,PAUSE
1418,0.000000,0.333333,0.242597,PAUSE
1419,0.000000,0.000000,0.302288,PAUSE
1420,0.000000,0.000000,0.436146,PAUSE
1421,0.000000,0.000000,0.582250,ALLOW
1422,0.000000,0.333333,0.407977,PAUSE
1423,0.000000,0.000000,0.449739,PAUSE
1424,0.000000,0.333333,0.321568,PAUSE
1425,0.000000,0.000000,0.380993,PAUSE
1426,0.000000,0.333333,0.283673,PAUSE
1427,0.000000,0.000000,0.354555,PAUSE
1428,0.000000,0.333333,0.269545,PAUSE
1429,0.000000,0.333333,0.195060,PAUSE
1430,0.000000,0.333333,0.147431,PAUSE
1431,0.000000,0.333333,0.119480,PAUSE
1432,0.000000,0.333333,0.103517,PAUSE
1433,0.000000,0.000000,0.185582,PAUSE
1434,0.000000,0.000000,0.329265,PAUSE
1435,0.000000,0.333333,0.263812,PAUSE
1436,0.000000,0.000000,0.347524,PAUSE
1437,0.000000,0.000000,0.486986,PAUSE
1438,0.000000,0.333333,0.353977,PAUSE
1439,0.000000,0.333333,0.241155,PAUSE
1440,0.000000,0.333333,0.171594,PAUSE
1441,0.000000,0.000000,0.241125,PAUSE
1442,0.000000,0.333333,0.200927,PAUSE
1443,0.000000,0.000000,0.290590,PAUSE
1444,0.000000,0.333333,0.233880,PAUSE
1445,0.000000,0.000000,0.319289,PAUSE
1446,0.000000,0.000000,0.461466,PAUSE
1447,0.000000,0.333333,0.339832,PAUSE
1448,0.000000,0.333333,0.234012,PAUSE
1449,0.000000,0.000000,0.296003,PAUSE
1450,0.000000,0.333333,0.233399,PAUSE
1451,0.000000,0.000000,0.316036,PAUSE
1452,0.000000,0.000000,0.457443,PAUSE
1453,0.000000,0.333333,0.337462,PAUSE
1454,0.000000,0.000000,0.400807,PAUSE
1455,0.000000,0.000000,0.528465,ALLOW
1456,0.000000,0.333333,0.376041,PAUSE
1457,0.000000,0.000000,0.426605,PAUSE
1458,0.000000,0.000000,0.547332,ALLOW
1459,0.000000,0.333333,0.385871,PAUSE
1460,0.000000,0.333333,0.256796,PAUSE
1461,0.000000,0.333333,0.179149,PAUSE
1462,0.000000,0.333333,0.135769,PAUSE
1463,0.000000,0.000000,0.211133,PAUSE
1464,0.000000,0.333333,0.183130,PAUSE
1465,0.000000,0.000000,0.276389,PAUSE
1466,0.000000,0.000000,0.423837,PAUSE
1467,0.000000,0.333333,0.318995,PAUSE
1468,0.000000,0.333333,0.223468,PAUSE
1469,0.000000,0.333333,0.162834,PAUSE
1470,0.000000,0.000000,0.235289,PAUSE
1471,0.000000,0.000000,0.375803,PAUSE
1472,0.000000,0.333333,0.290547,PAUSE
1473,0.000000,0.000000,0.367035,PAUSE
1474,0.000000,0.000000,0.502343,ALLOW
1475,0.000000,0.000000,0.639251,ALLOW
1476,0.000000,0.333333,0.438526,PAUSE
1477,0.000000,0.333333,0.283601,PAUSE
1478,0.000000,0.333333,0.192413,PAUSE
1479,0.000000,0.333333,0.142347,PAUSE
1480,0.000000,0.333333,0.115315,PAUSE
1481,0.000000,0.000000,0.194379,PAUSE
1482,0.000000,0.000000,0.337087,PAUSE
1483,0.000000,0.333333,0.268274,PAUSE
1484,0.000000,0.333333,0.196874,PAUSE
1485,0.000000,0.000000,0.270414,PAUSE
1486,0.000000,0.000000,0.410708,PAUSE
1487,0.000000,0.000000,0.562145,ALLOW
1488,0.000000,0.333333,0.397364,PAUSE
1489,0.000000,0.000000,0.442962,PAUSE
1490,0.000000,0.333333,0.318105,PAUSE
1491,0.000000,0.000000,0.378803,PAUSE
1492,0.000000,0.333333,0.282546,PAUSE
1493,0.000000,0.000000,0.353827,PAUSE
1494,0.000000,0.000000,0.488478,PAUSE
1495,0.000000,0.333333,0.354291,PAUSE
1496,0.000000,0.000000,0.412072,PAUSE
1497,0.000000,0.333333,0.301642,PAUSE
1498,0.000000,0.333333,0.211573,PAUSE
1499,0.000000,0.333333,0.155775,PAUSE
1500,0.000000,0.000000,0.229247,PAUSE
1501,0.000000,0.333333,0.194145,PAUSE
1502,0.000000,0.000000,0.285416,PAUSE
1503,0.000000,0.333333,0.230982,PAUSE
1504,0.000000,0.333333,0.175086,PAUSE
1505,0.000000,0.333333,0.137246,PAUSE
1506,0.000000,0.000000,0.216233,PAUSE
1507,0.000000,0.000000,0.359327,PAUSE
1508,0.000000,0.000000,0.517668,ALLOW
1509,0.000000,0.000000,0.658861,ALLOW
1510,0.000000,0.000000,0.769630,ALLOW
1511,0.000000,0.000000,0.849597,ALLOW
1512,0.000000,0.000000,0.904175,ALLOW
1513,0.000000,0.000000,0.940010,ALLOW
1514,0.000000,0.000000,0.962912,ALLOW
1515,0.000000,0.333333,0.602990,ALLOW
1516,0.000000,0.000000,0.567878,ALLOW
1517,0.000000,0.333333,0.380416,PAUSE
1518,0.000000,0.333333,0.249493,PAUSE
1519,0.000000,0.000000,0.301262,PAUSE
1520,0.000000,0.333333,0.235184,PAUSE
1521,0.000000,0.333333,0.175856,PAUSE
1522,0.000000,0.333333,0.137109,PAUSE
1523,0.000000,0.333333,0.113959,PAUSE
1524,0.000000,0.000000,0.194960,PAUSE
1525,0.000000,0.333333,0.173821,PAUSE
1526,0.000000,0.000000,0.269138,PAUSE
1527,0.000000,0.333333,0.221700,PAUSE
1528,0.000000,0.000000,0.310247,PAUSE
1529,0.000000,0.333333,0.245513,PAUSE
1530,0.000000,0.333333,0.182836,PAUSE
1531,0.000000,0.000000,0.258392,PAUSE
1532,0.000000,0.000000,0.399790,PAUSE
1533,0.000000,0.333333,0.304501,PAUSE
1534,0.000000,0.000000,0.377267,PAUSE
1535,0.000000,0.333333,0.283148,PAUSE
1536,0.000000,0.333333,0.202340,PAUSE
1537,0.000000,0.000000,0.271979,PAUSE
1538,0.000000,0.000000,0.410745,PAUSE
1539,0.000000,0.333333,0.310492,PAUSE
1540,0.000000,0.000000,0.381366,PAUSE
1541,0.000000,0.333333,0.285315,PAUSE
1542,0.000000,0.000000,0.356854,PAUSE
1543,0.000000,0.333333,0.270985,PAUSE
1544,0.000000,0.333333,0.195850,PAUSE
1545,0.000000,0.000000,0.267284,PAUSE
1546,0.000000,0.000000,0.406872,PAUSE
1547,0.000000,0.000000,0.558568,ALLOW
1548,0.000000,0.333333,0.395402,PAUSE
1549,0.000000,0.333333,0.262451,PAUSE
1550,0.000000,0.333333,0.182233,PAUSE
1551,0.000000,0.000000,0.248285,PAUSE
1552,0.000000,0.333333,0.204843,PAUSE
1553,0.000000,0.000000,0.293424,PAUSE
1554,0.000000,0.000000,0.438314,PAUSE
1555,0.000000,0.333333,0.326969,PAUSE
1556,0.000000,0.333333,0.227495,PAUSE
1557,0.000000,0.333333,0.164830,PAUSE
1558,0.000000,0.333333,0.128725,PAUSE
1559,0.000000,0.333333,0.108469,PAUSE
1560,0.000000,0.000000,0.189500,PAUSE
1561,0.000000,0.333333,0.170376,PAUSE
1562,0.000000,0.333333,0.141001,PAUSE
1563,0.000000,0.000000,0.225725,PAUSE
1564,0.000000,0.000000,0.371152,PAUSE
1565,0.000000,0.000000,0.528962,ALLOW
1566,0.000000,0.333333,0.379535,PAUSE
1567,0.000000,0.333333,0.254633,PAUSE
1568,0.000000,0.000000,0.310065,PAUSE
1569,0.000000,0.333333,0.240994,PAUSE
1570,0.000000,0.333333,0.179155,PAUSE
1571,0.000000,0.000000,0.254449,PAUSE
1572,0.000000,0.333333,0.209956,PAUSE
1573,0.000000,0.333333,0.162949,PAUSE
1574,0.000000,0.333333,0.130558,PAUSE
1575,0.000000,0.333333,0.110598,PAUSE
1576,0.000000,0.333333,0.098778,PAUSE
1577,0.000000,0.333333,0.091870,PAUSE
1578,0.000000,0.000000,0.175632,PAUSE
1579,0.000000,0.000000,0.319627,PAUSE
1580,0.000000,0.333333,0.258191,PAUSE
1581,0.000000,0.000000,0.343329,PAUSE
1582,0.000000,0.333333,0.264726,PAUSE
1583,0.000000,0.000000,0.342673,PAUSE
1584,0.000000,0.333333,0.263420,PAUSE
1585,0.000000,0.000000,0.340985,PAUSE
1586,0.000000,0.333333,0.262370,PAUSE
1587,0.000000,0.333333,0.191473,PAUSE
1588,0.000000,0.000000,0.264324,PAUSE
1589,0.000000,0.000000,0.404534,PAUSE
1590,0.000000,0.000000,0.556719,ALLOW
1591,0.000000,0.333333,0.394424,PAUSE
1592,0.000000,0.333333,0.261973,PAUSE
1593,0.000000,0.000000,0.314679,PAUSE
1594,0.000000,0.000000,0.445360,PAUSE
1595,0.000000,0.000000,0.589230,ALLOW
1596,0.000000,0.333333,0.411617,PAUSE
1597,0.000000,0.333333,0.270368,PAUSE
1598,0.000000,0.333333,0.186034,PAUSE
1599,0.000000,0.000000,0.250667,PAUSE
1600,0.000000,0.333333,0.206107,PAUSE
1601,0.000000,0.333333,0.160382,PAUSE
1602,0.000000,0.333333,0.129019,PAUSE
1603,0.000000,0.333333,0.109708,PAUSE
1604,0.000000,0.000000,0.191715,PAUSE
1605,0.000000,0.333333,0.171927,PAUSE
1606,0.000000,0.333333,0.141929,PAUSE
1607,0.000000,0.000000,0.226525,PAUSE
1608,0.000000,0.000000,0.371898,PAUSE
1609,0.000000,0.000000,0.529607,ALLOW
1610,0.000000,0.000000,0.668627,ALLOW
1611,0.000000,0.333333,0.454861,PAUSE
1612,0.000000,0.333333,0.291754,PAUSE
1613,0.000000,0.000000,0.333295,PAUSE
1614,0.000000,0.333333,0.253090,PAUSE
1615,0.000000,0.333333,0.185178,PAUSE
1616,0.000000,0.095699,0.212416,PAUSE
1617,0.000000,0.000000,0.333759,PAUSE
1618,0.000000,0.333333,0.263661,PAUSE
1619,0.000000,0.333333,0.193701,PAUSE
1620,0.000000,0.333333,0.147361,PAUSE
1621,0.000000,0.333333,0.119699,PAUSE
1622,0.000000,0.333333,0.103741,PAUSE
1623,0.000000,0.333333,0.094613,PAUSE
1624,0.000000,0.333333,0.089381,PAUSE
1625,0.000000,0.333333,0.086362,PAUSE
1626,0.000000,0.333333,0.084606,PAUSE
1627,0.000000,0.333333,0.083578,PAUSE
1628,0.000000,0.000000,0.168098,PAUSE
1629,0.000000,0.000000,0.312043,PAUSE
1630,0.000000,0.333333,0.253718,PAUSE
1631,0.000000,0.333333,0.189212,PAUSE
1632,0.000000,0.000000,0.264977,PAUSE
1633,0.000000,0.000000,0.406280,PAUSE
1634,0.000000,0.000000,0.558593,ALLOW
1635,0.000000,0.000000,0.691098,ALLOW
1636,0.000000,0.333333,0.466514,PAUSE
1637,0.000000,0.000000,0.487640,PAUSE
1638,0.000000,0.333333,0.340983,PAUSE
1639,0.000000,0.333333,0.230896,PAUSE
1640,0.000000,0.333333,0.165176,PAUSE
1641,0.000000,0.000000,0.235349,PAUSE
1642,0.000000,0.333333,0.197446,PAUSE
1643,0.000000,0.333333,0.155793,PAUSE
1644,0.000000,0.333333,0.126620,PAUSE
1645,0.000000,0.000000,0.207756,PAUSE
1646,0.000000,0.333333,0.181886,PAUSE
1647,0.000000,0.000000,0.276024,PAUSE
1648,0.000000,0.000000,0.423813,PAUSE
1649,0.000000,0.333333,0.319021,PAUSE
1650,0.000000,0.000000,0.388246,PAUSE
1651,0.000000,0.000000,0.519115,ALLOW
1652,0.000000,0.333333,0.371138,PAUSE
1653,0.000000,0.000000,0.423471,PAUSE
1654,0.000000,0.000000,0.545118,ALLOW
1655,0.000000,0.000000,0.671138,ALLOW
1656,0.000000,0.333333,0.454955,PAUSE
1657,0.000000,0.000000,0.479605,PAUSE
1658,0.000000,0.333333,0.336775,PAUSE
1659,0.000000,0.333333,0.228826,PAUSE
1660,0.000000,0.333333,0.164169,PAUSE
1661,0.000000,0.333333,0.127850,PAUSE
1662,0.000000,0.333333,0.107785,PAUSE
1663,0.000000,0.000000,0.188714,PAUSE
1664,0.000000,0.000000,0.332026,PAUSE
1665,0.000000,0.333333,0.265385,PAUSE
1666,0.000000,0.000000,0.348668,PAUSE
1667,0.000000,0.333333,0.267643,PAUSE
1668,0.000000,0.333333,0.194485,PAUSE
1669,0.000000,0.000000,0.266702,PAUSE
1670,0.000000,0.333333,0.217017,PAUSE
1671,0.000000,0.000000,0.304022,PAUSE
1672,0.000000,0.333333,0.241586,PAUSE
1673,0.000000,0.333333,0.180663,PAUSE
1674,0.000000,0.000000,0.256731,PAUSE
1675,0.000000,0.333333,0.211464,PAUSE
1676,0.000000,0.000000,0.299948,PAUSE
1677,0.000000,0.333333,0.239342,PAUSE
1678,0.000000,0.333333,0.179506,PAUSE
1679,0.000000,0.000000,0.255927,PAUSE
1680,0.000000,0.000000,0.397715,PAUSE
1681,0.000000,0.333333,0.303352,PAUSE
1682,0.000000,0.333333,0.215197,PAUSE
1683,0.000000,0.000000,0.283202,PAUSE
1684,0.000000,0.000000,0.420964,PAUSE
1685,0.000000,0.333333,0.316238,PAUSE
1686,0.000000,0.333333,0.221745,PAUSE
1687,0.000000,0.333333,0.161860,PAUSE
1688,0.000000,0.333333,0.127194,PAUSE
1689,0.000000,0.000000,0.205255,PAUSE
1690,0.000000,0.000000,0.347813,PAUSE
1691,0.000000,0.000000,0.507175,ALLOW
1692,0.000000,0.000000,0.650382,ALLOW
1693,0.000000,0.333333,0.445271,PAUSE
1694,0.000000,0.333333,0.287110,PAUSE
1695,0.000000,0.000000,0.330480,PAUSE
1696,0.000000,0.000000,0.456901,PAUSE
1697,0.000000,0.000000,0.597864,ALLOW
1698,0.000000,0.000000,0.720156,ALLOW
1699,0.000000,0.000000,0.813539,ALLOW
1700,0.000000,0.000000,0.879521,ALLOW
1701,0.000000,0.000000,0.923835,ALLOW
1702,0.000000,0.333333,0.584028,ALLOW
1703,0.000000,0.333333,0.352685,PAUSE
1704,0.000000,0.333333,0.224722,PAUSE
1705,0.000000,0.000000,0.273853,PAUSE
1706,0.000000,0.000000,0.404731,PAUSE
1707,0.000000,0.000000,0.553924,ALLOW
1708,0.000000,0.333333,0.392555,PAUSE
1709,0.000000,0.000000,0.439533,PAUSE
1710,0.000000,0.333333,0.316284,PAUSE
1711,0.000000,0.333333,0.218881,PAUSE
1712,0.000000,0.000000,0.282794,PAUSE
1713,0.000000,0.333333,0.225658,PAUSE
1714,0.000000,0.333333,0.171126,PAUSE
1715,0.000000,0.333333,0.134766,PAUSE
1716,0.000000,0.333333,0.112782,PAUSE
1717,0.000000,0.333333,0.099931,PAUSE
1718,0.000000,0.000000,0.182736,PAUSE
1719,0.000000,0.333333,0.166363,PAUSE
1720,0.000000,0.000000,0.262928,PAUSE
1721,0.000000,0.000000,0.412159,PAUSE
1722,0.000000,0.333333,0.312516,PAUSE
1723,0.000000,0.000000,0.383711,PAUSE
1724,0.000000,0.000000,0.515680,ALLOW
1725,0.000000,0.333333,0.369326,PAUSE
1726,0.000000,0.000000,0.422304,PAUSE
1727,0.000000,0.333333,0.307012,PAUSE
1728,0.000000,0.000000,0.371322,PAUSE
1729,0.000000,0.000000,0.502099,ALLOW
1730,0.000000,0.333333,0.361552,PAUSE
1731,0.000000,0.333333,0.244758,PAUSE
1732,0.000000,0.333333,0.173295,PAUSE
1733,0.000000,1.000000,0.077923,PAUSE
1734,0.000000,0.000000,0.078172,PAUSE
1735,0.000000,0.333333,0.079158,PAUSE
1736,0.000000,0.000000,0.163308,PAUSE
1737,0.000000,0.000000,0.306816,PAUSE
1738,0.000000,0.333333,0.250578,PAUSE
1739,0.000000,0.000000,0.337525,PAUSE
1740,0.000000,0.000000,0.478909,PAUSE
1741,0.000000,0.333333,0.349625,PAUSE
1742,0.000000,0.000000,0.409348,PAUSE
1743,0.000000,0.333333,0.300292,PAUSE
1744,0.000000,0.000000,0.366971,PAUSE
1745,0.000000,0.333333,0.276336,PAUSE
1746,0.000000,0.333333,0.198523,PAUSE
1747,0.000000,0.000000,0.269042,PAUSE
1748,0.000000,0.333333,0.218207,PAUSE
1749,0.000000,0.000000,0.304798,PAUSE
1750,0.000000,0.000000,0.448322,PAUSE
1751,0.000000,0.000000,0.595731,ALLOW
1752,0.000000,0.000000,0.720205,ALLOW
1753,0.000000,0.333333,0.481611,PAUSE
1754,0.000000,0.000000,0.496949,PAUSE
1755,0.000000,0.000000,0.598030,ALLOW
1756,0.000000,0.333333,0.412080,PAUSE
1757,0.000000,0.333333,0.269447,PAUSE
1758,0.000000,0.333333,0.185175,PAUSE
1759,0.000000,0.333333,0.138665,PAUSE
1760,0.000000,0.333333,0.113420,PAUSE
1761,0.000000,0.000000,0.192977,PAUSE
1762,0.000000,0.000000,0.335850,PAUSE
1763,0.000000,0.333333,0.267570,PAUSE
1764,0.000000,0.000000,0.350261,PAUSE
1765,0.000000,0.333333,0.268509,PAUSE
1766,0.000000,0.000000,0.345311,PAUSE
1767,0.000000,0.333333,0.264834,PAUSE
1768,0.000000,0.000000,0.341953,PAUSE
1769,0.000000,0.000000,0.479572,PAUSE
1770,0.000000,0.333333,0.349584,PAUSE
1771,0.000000,0.000000,0.409018,PAUSE
1772,0.000000,0.000000,0.534536,ALLOW
1773,0.000000,0.333333,0.379216,PAUSE
1774,0.000000,0.000000,0.428626,PAUSE
1775,0.000000,0.000000,0.548754,ALLOW
1776,0.000000,0.333333,0.386603,PAUSE
1777,0.000000,0.000000,0.433285,PAUSE
1778,0.000000,0.333333,0.312628,PAUSE
1779,0.000000,0.000000,0.374889,PAUSE
1780,0.000000,0.333333,0.280441,PAUSE
1781,0.000000,0.333333,0.200546,PAUSE
1782,0.000000,0.333333,0.150162,PAUSE
1783,0.000000,0.333333,0.120852,PAUSE
1784,0.000000,0.000000,0.200238,PAUSE
1785,0.000000,0.000000,0.343237,PAUSE
1786,0.000000,0.333333,0.271906,PAUSE
1787,0.000000,0.000000,0.353504,PAUSE
1788,0.000000,0.333333,0.270283,PAUSE
1789,0.000000,0.333333,0.195830,PAUSE
1790,0.000000,0.333333,0.147965,PAUSE
1791,0.000000,0.333333,0.119811,PAUSE
1792,0.000000,0.333333,0.103715,PAUSE
1793,0.000000,0.000000,0.185763,PAUSE
1794,0.000000,0.333333,0.168166,PAUSE
1795,0.000000,0.000000,0.264395,PAUSE
1796,0.000000,0.000000,0.413446,PAUSE
1797,0.000000,0.000000,0.567287,ALLOW
1798,0.000000,0.000000,0.698692,ALLOW
1799,0.000000,0.333333,0.470554,PAUSE
1800,0.000000,0.333333,0.299315,PAUSE
1801,0.000000,0.333333,0.199964,PAUSE
1802,0.000000,0.000000,0.259413,PAUSE
1803,0.000000,0.333333,0.210744,PAUSE
1804,0.000000,0.000000,0.297524,PAUSE
1805,0.000000,0.000000,0.441535,PAUSE
1806,0.000000,0.333333,0.328706,PAUSE
1807,0.000000,0.333333,0.228361,PAUSE
1808,0.000000,0.000000,0.292253,PAUSE
1809,0.000000,0.000000,0.428115,PAUSE
1810,0.000000,0.333333,0.320114,PAUSE
1811,0.000000,0.333333,0.223687,PAUSE
1812,0.000000,0.000000,0.288840,PAUSE
1813,0.000000,0.333333,0.229497,PAUSE
1814,0.000000,0.333333,0.173273,PAUSE
1815,0.000000,0.333333,0.135925,PAUSE
1816,0.000000,0.333333,0.113405,PAUSE
1817,0.000000,0.333333,0.100270,PAUSE
1818,0.000000,0.000000,0.183011,PAUSE
1819,0.000000,0.000000,0.326883,PAUSE
1820,0.000000,0.000000,0.488711,PAUSE
1821,0.000000,0.000000,0.635592,ALLOW
1822,0.000000,0.000000,0.752428,ALLOW
1823,0.000000,0.333333,0.498397,PAUSE
1824,0.000000,0.333333,0.312653,PAUSE
1825,0.000000,0.333333,0.206249,PAUSE
1826,0.000000,0.333333,0.148975,PAUSE
1827,0.000000,0.333333,0.118551,PAUSE
1828,0.000000,0.333333,0.102286,PAUSE
1829,0.000000,0.333333,0.093462,PAUSE
1830,0.000000,0.333333,0.088588,PAUSE
1831,0.000000,0.333333,0.085848,PAUSE
1832,0.000000,0.000000,0.170104,PAUSE
1833,0.000000,0.333333,0.158539,PAUSE
1834,0.000000,0.333333,0.134365,PAUSE
1835,0.000000,0.000000,0.220405,PAUSE
1836,0.000000,0.333333,0.190507,PAUSE
1837,0.000000,0.333333,0.152587,PAUSE
1838,0.000000,0.000000,0.235241,PAUSE
1839,0.000000,0.105930,0.302010,PAUSE
1840,0.000000,0.000000,0.438485,PAUSE
1841,0.000000,0.333333,0.326110,PAUSE
1842,0.000000,0.000000,0.392357,PAUSE
1843,0.000000,0.000000,0.521826,ALLOW
1844,0.000000,0.333333,0.372510,PAUSE
1845,0.000000,0.000000,0.424310,PAUSE
1846,0.000000,0.333333,0.308035,PAUSE
1847,0.000000,0.333333,0.214726,PAUSE
1848,0.000000,0.000000,0.280045,PAUSE
1849,0.000000,0.333333,0.224182,PAUSE
1850,0.000000,0.333333,0.170374,PAUSE
1851,0.000000,0.333333,0.134385,PAUSE
1852,0.000000,0.333333,0.112587,PAUSE
1853,0.000000,0.000000,0.193983,PAUSE
1854,0.000000,0.333333,0.173265,PAUSE
1855,0.000000,0.333333,0.142663,PAUSE
1856,0.000000,0.000000,0.227094,PAUSE
1857,0.000000,0.333333,0.194419,PAUSE
1858,0.000000,0.333333,0.154704,PAUSE
1859,0.000000,0.000000,0.236843,PAUSE
1860,0.000000,0.000000,0.381171,PAUSE
1861,0.000000,0.000000,0.537482,ALLOW
1862,0.000000,0.333333,0.384135,PAUSE
1863,0.000000,0.000000,0.434334,PAUSE
1864,0.000000,0.333333,0.313658,PAUSE
1865,0.000000,0.333333,0.217614,PAUSE
1866,0.000000,0.333333,0.158770,PAUSE
1867,0.000000,0.333333,0.125220,PAUSE
1868,0.000000,0.000000,0.203366,PAUSE
1869,0.000000,0.333333,0.178678,PAUSE
1870,0.000000,0.333333,0.145588,PAUSE
1871,0.000000,0.333333,0.121174,PAUSE
1872,0.000000,0.333333,0.105528,PAUSE
1873,0.000000,0.000000,0.188446,PAUSE
1874,0.000000,0.333333,0.170001,PAUSE
1875,0.000000,0.000000,0.266088,PAUSE
1876,0.000000,0.000000,0.415021,PAUSE
1877,0.000000,0.333333,0.314121,PAUSE
1878,0.000000,0.333333,0.220998,PAUSE
1879,0.000000,0.000000,0.287399,PAUSE
1880,0.000000,0.000000,0.424397,PAUSE
1881,0.000000,0.333333,0.318116,PAUSE
1882,0.000000,0.000000,0.386692,PAUSE
1883,0.000000,0.000000,0.517494,ALLOW
1884,0.000000,0.000000,0.650681,ALLOW
1885,0.000000,0.333333,0.444439,PAUSE
1886,0.000000,0.000000,0.473159,PAUSE
1887,0.000000,0.333333,0.333541,PAUSE
1888,0.000000,0.000000,0.388557,PAUSE
1889,0.000000,0.333333,0.287563,PAUSE
1890,0.000000,0.000000,0.357061,PAUSE
1891,0.000000,0.000000,0.490832,PAUSE
1892,0.000000,0.333333,0.355524,PAUSE
1893,0.000000,0.333333,0.241777,PAUSE
1894,0.000000,0.333333,0.171845,PAUSE
1895,0.000000,0.333333,0.132193,PAUSE
1896,0.000000,0.000000,0.208740,PAUSE
1897,0.000000,0.000000,0.350738,PAUSE
1898,0.000000,0.000000,0.509616,ALLOW
1899,0.000000,0.333333,0.368818,PAUSE
1900,0.000000,0.333333,0.249248,PAUSE
1901,0.000000,0.000000,0.306574,PAUSE
1902,0.000000,0.000000,0.439356,PAUSE
1903,0.000000,0.333333,0.326187,PAUSE
1904,0.000000,0.333333,0.226723,PAUSE
1905,0.000000,0.000000,0.290812,PAUSE
1906,0.000000,0.333333,0.230545,PAUSE
1907,0.000000,0.000000,0.313990,PAUSE
1908,0.000000,0.333333,0.247077,PAUSE
1909,0.000000,0.333333,0.183490,PAUSE
1910,0.000000,0.000000,0.258691,PAUSE
1911,0.000000,0.000000,0.399945,PAUSE
1912,0.000000,0.333333,0.304573,PAUSE
1913,0.000000,0.000000,0.377307,PAUSE
1914,0.000000,0.333333,0.283167,PAUSE
1915,0.000000,0.000000,0.355418,PAUSE
1916,0.000000,0.000000,0.490274,PAUSE
1917,0.000000,0.333333,0.355328,PAUSE
1918,0.000000,0.333333,0.241709,PAUSE
1919,0.000000,0.333333,0.171822,PAUSE
1920,0.000000,0.000000,0.241225,PAUSE
1921,0.000000,0.000000,0.380496,PAUSE
1922,0.000000,0.000000,0.535250,ALLOW
1923,0.000000,0.333333,0.382724,PAUSE
1924,0.000000,0.000000,0.433254,PAUSE
1925,0.000000,0.333333,0.313071,PAUSE
1926,0.000000,0.333333,0.217319,PAUSE
1927,0.000000,0.333333,0.158624,PAUSE
1928,0.000000,0.333333,0.125146,PAUSE
1929,0.000000,0.333333,0.106438,PAUSE
1930,0.000000,0.000000,0.187765,PAUSE
1931,0.000000,0.000000,0.331213,PAUSE
1932,0.000000,0.333333,0.264925,PAUSE
1933,0.000000,0.333333,0.195131,PAUSE
1934,0.000000,0.333333,0.148372,PAUSE
1935,0.000000,0.000000,0.225118,PAUSE
1936,0.000000,0.000000,0.367355,PAUSE
1937,0.000000,0.333333,0.285855,PAUSE
1938,0.000000,0.333333,0.206093,PAUSE
1939,0.000000,0.000000,0.276896,PAUSE
1940,0.000000,0.333333,0.223028,PAUSE
1941,0.000000,0.333333,0.169958,PAUSE
1942,0.000000,0.000000,0.248092,PAUSE
1943,0.000000,0.333333,0.206459,PAUSE
1944,0.000000,0.000000,0.296101,PAUSE
1945,0.000000,0.000000,0.441230,PAUSE
1946,0.000000,0.333333,0.328658,PAUSE
1947,0.000000,0.333333,0.228371,PAUSE
1948,0.000000,0.000000,0.292292,PAUSE
1949,0.000000,0.333333,0.231418,PAUSE
1950,0.000000,0.000000,0.314666,PAUSE
1951,0.000000,0.333333,0.247456,PAUSE
1952,0.000000,0.000000,0.329231,PAUSE
1953,0.000000,0.333333,0.255939,PAUSE
1954,0.000000,0.000000,0.335631,PAUSE
1955,0.000000,0.000000,0.474628,PAUSE
1956,0.000000,0.000000,0.616859,ALLOW
1957,0.000000,0.000000,0.735984,ALLOW
1958,0.000000,0.333333,0.489683,PAUSE
1959,0.000000,0.000000,0.501836,ALLOW
1960,0.000000,0.000000,0.601289,ALLOW
1961,0.000000,0.333333,0.413721,PAUSE
1962,0.000000,0.333333,0.270226,PAUSE
1963,0.000000,0.000000,0.318625,PAUSE
1964,0.000000,0.000000,0.447527,PAUSE
1965,0.000000,0.333333,0.330408,PAUSE
1966,0.000000,0.000000,0.394786,PAUSE
1967,0.000000,0.333333,0.292366,PAUSE
1968,0.000000,0.333333,0.206918,PAUSE
1969,0.000000,0.000000,0.274954,PAUSE
1970,0.000000,0.000000,0.413018,PAUSE
1971,0.000000,0.000000,0.563458,ALLOW
1972,0.000000,0.333333,0.397991,PAUSE
1973,0.000000,0.333333,0.263717,PAUSE
1974,0.000000,0.333333,0.182842,PAUSE
1975,0.000000,0.000000,0.248667,PAUSE
1976,0.000000,0.000000,0.386461,PAUSE
1977,0.000000,0.000000,0.540048,ALLOW
1978,0.000000,0.333333,0.385280,PAUSE
1979,0.000000,0.333333,0.257412,PAUSE
1980,0.000000,0.333333,0.179776,PAUSE
1981,0.000000,0.000000,0.246700,PAUSE
1982,0.000000,0.333333,0.203992,PAUSE
1983,0.000000,0.333333,0.159302,PAUSE
1984,0.000000,0.333333,0.128470,PAUSE
1985,0.000000,0.333333,0.109426,PAUSE
1986,0.000000,0.333333,0.098119,PAUSE
1987,0.000000,0.000000,0.181276,PAUSE
1988,0.000000,0.333333,0.165491,PAUSE
1989,0.000000,0.333333,0.138307,PAUSE
1990,0.000000,0.000000,0.223614,PAUSE
1991,0.000000,0.000000,0.369277,PAUSE
1992,0.000000,0.000000,0.527374,ALLOW
1993,0.000000,0.000000,0.666881,ALLOW
1994,0.000000,0.000000,0.775615,ALLOW
1995,0.000000,0.333333,0.510198,ALLOW
1996,0.000000,0.333333,0.318241,PAUSE
1997,0.000000,0.000000,0.349001,PAUSE
1998,0.000000,0.333333,0.261059,PAUSE
1999,0.000000,0.000000,0.334525,PAUSE
2000,0.000000,0.333333,0.258009,PAUSE
2001,0.000000,0.000000,0.336405,PAUSE
2002,0.000000,0.000000,0.474891,PAUSE
2003,0.000000,0.333333,0.347031,PAUSE
2004,0.000000,0.000000,0.407300,PAUSE
2005,0.000000,0.000000,0.533272,ALLOW
2006,0.000000,0.000000,0.662498,ALLOW
2007,0.000000,0.333333,0.450533,PAUSE
2008,0.000000,0.333333,0.289362,PAUSE
2009,0.000000,0.333333,0.195137,PAUSE
2010,0.000000,0.333333,0.143644,PAUSE
2011,0.000000,0.000000,0.216444,PAUSE
2012,0.000000,0.000000,0.357021,PAUSE
2013,0.000000,0.333333,0.279648,PAUSE
2014,0.000000,0.000000,0.359025,PAUSE
2015,0.000000,0.333333,0.273256,PAUSE
2016,0.000000,0.333333,0.197330,PAUSE
2017,0.000000,0.000000,0.268617,PAUSE
2018,0.000000,0.000000,0.408110,PAUSE
2019,0.000000,0.333333,0.309063,PAUSE
2020,0.000000,0.333333,0.218087,PAUSE
2021,0.000000,0.333333,0.160033,PAUSE
2022,0.000000,0.000000,0.233264,PAUSE
2023,0.000000,0.333333,0.196602,PAUSE
2024,0.000000,1.000000,0.089036,PAUSE
2025,0.000000,0.000000,0.088259,PAUSE
2026,0.000000,0.333333,0.086564,PAUSE
2027,0.000000,0.000000,0.171754,PAUSE
2028,0.000000,0.000000,0.316180,PAUSE
2029,0.000000,0.333333,0.256217,PAUSE
2030,0.000000,0.333333,0.190555,PAUSE
2031,0.000000,0.000000,0.265959,PAUSE
2032,0.000000,0.333333,0.217010,PAUSE
2033,0.000000,0.000000,0.304362,PAUSE
2034,0.000000,0.333333,0.241836,PAUSE
2035,0.000000,0.000000,0.325277,PAUSE
2036,0.000000,0.333333,0.253804,PAUSE
2037,0.000000,0.333333,0.187102,PAUSE
2038,0.000000,0.000000,0.261343,PAUSE
2039,0.000000,0.333333,0.214028,PAUSE
2040,0.000000,0.000000,0.301827,PAUSE
2041,0.000000,0.333333,0.240377,PAUSE
2042,0.000000,0.333333,0.180040,PAUSE
2043,0.000000,0.000000,0.256298,PAUSE
2044,0.000000,0.000000,0.398014,PAUSE
2045,0.000000,0.000000,0.551481,ALLOW
2046,0.000000,0.333333,0.391641,PAUSE
2047,0.000000,0.000000,0.439231,PAUSE
2048,0.000000,0.000000,0.557584,ALLOW
2049,0.000000,0.333333,0.391351,PAUSE
2050,0.000000,0.333333,0.259495,PAUSE
2051,0.000000,0.333333,0.180455,PAUSE
2052,0.000000,0.000000,0.246761,PAUSE
2053,0.000000,0.333333,0.203940,PAUSE
2054,0.000000,0.333333,0.159248,PAUSE
2055,0.000000,0.000000,0.239661,PAUSE
2056,0.000000,0.000000,0.383281,PAUSE
2057,0.000000,0.333333,0.295242,PAUSE
2058,0.000000,0.333333,0.211038,PAUSE
2059,0.000000,0.000000,0.280384,PAUSE
2060,0.000000,0.333333,0.224945,PAUSE
2061,0.000000,0.000000,0.310082,PAUSE
2062,0.000000,0.000000,0.452761,PAUSE
2063,0.000000,0.000000,0.599284,ALLOW
2064,0.000000,0.333333,0.417453,PAUSE
2065,0.000000,0.000000,0.456136,PAUSE
2066,0.000000,0.000000,0.569658,ALLOW
2067,0.000000,0.000000,0.689206,ALLOW
2068,0.000000,0.000000,0.788160,ALLOW
2069,0.000000,0.000000,0.861104,ALLOW
2070,0.000000,0.000000,0.911333,ALLOW
2071,0.000000,0.333333,0.577870,ALLOW
2072,0.000000,0.000000,0.553774,ALLOW
2073,0.000000,0.000000,0.635015,ALLOW
2074,0.000000,0.333333,0.430550,PAUSE
2075,0.000000,0.000000,0.460207,PAUSE
2076,0.000000,0.333333,0.326182,PAUSE
2077,0.000000,0.000000,0.383294,PAUSE
2078,0.000000,0.000000,0.510549,ALLOW
2079,0.000000,0.000000,0.643791,ALLOW
2080,0.000000,0.000000,0.755344,ALLOW
2081,0.000000,0.333333,0.499477,PAUSE
2082,0.000000,0.333333,0.313055,PAUSE
2083,0.000000,0.000000,0.345879,PAUSE
2084,0.000000,0.000000,0.467575,PAUSE
2085,0.000000,0.333333,0.341009,PAUSE
2086,0.000000,0.000000,0.401703,PAUSE
2087,0.000000,0.000000,0.528389,ALLOW
2088,0.000000,0.000000,0.658618,ALLOW
2089,0.000000,0.000000,0.766481,ALLOW
2090,0.000000,0.333333,0.505168,ALLOW
2091,0.000000,0.333333,0.315757,PAUSE
2092,0.000000,0.333333,0.207660,PAUSE
2093,0.000000,0.333333,0.149623,PAUSE
2094,0.000000,0.333333,0.118854,PAUSE
2095,0.000000,1.000000,0.054970,PAUSE
2096,0.000000,0.000000,0.065022,PAUSE
2097,0.000000,0.333333,0.071429,PAUSE
2098,0.000000,0.000000,0.156101,PAUSE
2099,0.000000,0.000000,0.299374,PAUSE
2100,0.000000,0.333333,0.246148,PAUSE
2101,0.000000,0.000000,0.334130,PAUSE
2102,0.000000,0.333333,0.259646,PAUSE
2103,0.000000,0.333333,0.190390,PAUSE
2104,0.000000,0.333333,0.145223,PAUSE
2105,0.000000,0.333333,0.118419,PAUSE
2106,0.000000,0.333333,0.102994,PAUSE
2107,0.000000,0.333333,0.094181,PAUSE
2108,0.000000,0.333333,0.089130,PAUSE
2109,0.000000,0.000000,0.173097,PAUSE
2110,0.000000,0.333333,0.160407,PAUSE
2111,0.000000,0.000000,0.257879,PAUSE
2112,0.000000,0.000000,0.407633,PAUSE
2113,0.000000,0.333333,0.309980,PAUSE
2114,0.000000,0.333333,0.218884,PAUSE
2115,0.000000,0.333333,0.160550,PAUSE
2116,0.000000,0.333333,0.126586,PAUSE
2117,0.000000,0.333333,0.107380,PAUSE
2118,0.000000,0.000000,0.188706,PAUSE
2119,0.000000,0.000000,0.332187,PAUSE
2120,0.000000,0.333333,0.265500,PAUSE
2121,0.000000,0.000000,0.348769,PAUSE
2122,0.000000,0.000000,0.487975,PAUSE
2123,0.000000,0.000000,0.628260,ALLOW
2124,0.000000,0.333333,0.432814,PAUSE
2125,0.000000,0.333333,0.280848,PAUSE
2126,0.000000,0.000000,0.326453,PAUSE
2127,0.000000,0.000000,0.453912,PAUSE
2128,0.000000,0.333333,0.333884,PAUSE
2129,0.000000,0.000000,0.397134,PAUSE
2130,0.000000,0.000000,0.525129,ALLOW
2131,0.000000,0.333333,0.374206,PAUSE
2132,0.000000,0.000000,0.425366,PAUSE
2133,0.000000,0.000000,0.546423,ALLOW
2134,0.000000,0.000000,0.672056,ALLOW
2135,0.000000,0.000000,0.776046,ALLOW
2136,0.000000,0.000000,0.852894,ALLOW
2137,0.000000,0.333333,0.548933,ALLOW
2138,0.000000,0.333333,0.336395,PAUSE
2139,0.000000,0.000000,0.359346,PAUSE
2140,0.000000,0.000000,0.476647,PAUSE
2141,0.000000,0.333333,0.345669,PAUSE
2142,0.000000,0.333333,0.236258,PAUSE
2143,0.000000,0.000000,0.296791,PAUSE
2144,0.000000,0.000000,0.431211,PAUSE
2145,0.000000,0.333333,0.321720,PAUSE
2146,0.000000,0.000000,0.389053,PAUSE
2147,0.000000,0.333333,0.289378,PAUSE
2148,0.000000,0.333333,0.205444,PAUSE
2149,0.000000,0.333333,0.152747,PAUSE
2150,0.000000,0.000000,0.227223,PAUSE
2151,0.000000,0.333333,0.193036,PAUSE
2152,0.000000,0.333333,0.153510,PAUSE
2153,0.000000,0.000000,0.235489,PAUSE
2154,0.000000,0.333333,0.199252,PAUSE
2155,0.000000,0.333333,0.157293,PAUSE
2156,0.000000,0.000000,0.238771,PAUSE
2157,0.000000,0.333333,0.201204,PAUSE
2158,0.000000,0.000000,0.292169,PAUSE
2159,0.000000,0.000000,0.437995,PAUSE
2160,0.000000,0.333333,0.326893,PAUSE
2161,0.000000,0.333333,0.227485,PAUSE
2162,0.000000,0.000000,0.291714,PAUSE
2163,0.000000,0.333333,0.231110,PAUSE
2164,0.000000,0.000000,0.314454,PAUSE
2165,0.000000,0.333333,0.247341,PAUSE
2166,0.000000,0.000000,0.329152,PAUSE
2167,0.000000,0.333333,0.255896,PAUSE
2168,0.000000,0.000000,0.335601,PAUSE
2169,0.000000,0.000000,0.474606,PAUSE
2170,0.000000,0.333333,0.346927,PAUSE
2171,0.000000,0.333333,0.237546,PAUSE
2172,0.000000,0.333333,0.169793,PAUSE
2173,0.000000,0.000000,0.239911,PAUSE
2174,0.000000,0.333333,0.200262,PAUSE
2175,0.000000,0.333333,0.157360,PAUSE
2176,0.000000,0.333333,0.127469,PAUSE
2177,0.000000,0.000000,0.208420,PAUSE
2178,0.000000,0.000000,0.352223,PAUSE
2179,0.000000,0.333333,0.277246,PAUSE
2180,0.000000,0.333333,0.201633,PAUSE
2181,0.000000,0.333333,0.151714,PAUSE
2182,0.000000,0.000000,0.227502,PAUSE
2183,0.000000,0.000000,0.369358,PAUSE
2184,0.000000,0.333333,0.286972,PAUSE
2185,0.000000,0.333333,0.206665,PAUSE
2186,0.000000,0.000000,0.277284,PAUSE
2187,0.000000,0.333333,0.223238,PAUSE
2188,0.000000,0.000000,0.308851,PAUSE
2189,0.000000,0.000000,0.451778,PAUSE
2190,0.000000,0.333333,0.334413,PAUSE
2191,0.000000,0.333333,0.231258,PAUSE
2192,0.000000,0.333333,0.166694,PAUSE
2193,0.000000,0.000000,0.237865,PAUSE
2194,0.000000,0.333333,0.199149,PAUSE
2195,0.000000,0.000000,0.289307,PAUSE
2196,0.000000,0.333333,0.233175,PAUSE
2197,0.000000,0.333333,0.176232,PAUSE
2198,0.000000,0.000000,0.253551,PAUSE
2199,0.000000,0.000000,0.395737,PAUSE
2200,0.000000,0.333333,0.302259,PAUSE
2201,0.000000,0.333333,0.214642,PAUSE
2202,0.000000,0.000000,0.282832,PAUSE
2203,0.000000,0.333333,0.226272,PAUSE
2204,0.000000,0.000000,0.311019,PAUSE
2205,0.000000,0.000000,0.453500,PAUSE
2206,0.000000,0.000000,0.599857,ALLOW
2207,0.000000,0.000000,0.723281,ALLOW
2208,0.000000,0.000000,0.816313,ALLOW
2209,0.000000,0.333333,0.530724,ALLOW
2210,0.000000,0.333333,0.327900,PAUSE
2211,0.000000,0.333333,0.213340,PAUSE
2212,0.000000,0.333333,0.152297,PAUSE
2213,0.000000,0.000000,0.221893,PAUSE
2214,0.000000,0.333333,0.188992,PAUSE
2215,0.000000,0.333333,0.151033,PAUSE
2216,0.000000,0.333333,0.124021,PAUSE
2217,0.000000,0.333333,0.107030,PAUSE
2218,0.000000,0.333333,0.096814,PAUSE
2219,0.000000,0.333333,0.090775,PAUSE
2220,0.000000,0.000000,0.174701,PAUSE
2221,0.000000,0.000000,0.318723,PAUSE
2222,0.000000,0.333333,0.257662,PAUSE
2223,0.000000,0.000000,0.342933,PAUSE
2224,0.000000,0.333333,0.264509,PAUSE
2225,0.000000,0.333333,0.192887,PAUSE
2226,0.000000,0.000000,0.265616,PAUSE
2227,0.000000,0.333333,0.216426,PAUSE
2228,0.000000,0.000000,0.303600,PAUSE
2229,0.000000,0.000000,0.447406,PAUSE
2230,0.000000,0.333333,0.332025,PAUSE
2231,0.000000,0.333333,0.230060,PAUSE
2232,0.000000,0.333333,0.166103,PAUSE
2233,0.000000,0.333333,0.129361,PAUSE
2234,0.000000,0.333333,0.108792,PAUSE
2235,0.000000,0.000000,0.189735,PAUSE
2236,0.000000,0.333333,0.170511,PAUSE
2237,0.000000,0.333333,0.141074,PAUSE
2238,0.000000,0.333333,0.118730,PAUSE
2239,0.000000,0.333333,0.104203,PAUSE
2240,0.000000,0.000000,0.187380,PAUSE
2241,0.000000,0.333333,0.169367,PAUSE
2242,0.000000,0.333333,0.140523,PAUSE
2243,0.000000,0.333333,0.118462,PAUSE
2244,0.000000,0.333333,0.104069,PAUSE
2245,0.000000,0.000000,0.187287,PAUSE
2246,0.000000,0.333333,0.169314,PAUSE
2247,0.000000,0.000000,0.265533,PAUSE
2248,0.000000,0.333333,0.219639,PAUSE
2249,0.000000,0.000000,0.308700,PAUSE
2250,0.000000,0.333333,0.244657,PAUSE
2251,0.000000,0.333333,0.182394,PAUSE
2252,0.000000,0.333333,0.141062,PAUSE
2253,0.000000,0.333333,0.116248,PAUSE
2254,0.000000,0.333333,0.101846,PAUSE
2255,0.000000,1.000000,0.047887,PAUSE
2256,0.000000,0.000000,0.061208,PAUSE
2257,0.000000,0.333333,0.069280,PAUSE
2258,0.000000,0.333333,0.074240,PAUSE
2259,0.000000,0.333333,0.077294,PAUSE
2260,0.000000,0.000000,0.162082,PAUSE
2261,0.000000,0.333333,0.153478,PAUSE
2262,0.000000,0.000000,0.251873,PAUSE
2263,0.000000,0.000000,0.402170,PAUSE
2264,0.000000,0.333333,0.306907,PAUSE
2265,0.000000,0.333333,0.217310,PAUSE
2266,0.000000,0.000000,0.284917,PAUSE
2267,0.000000,0.000000,0.422463,PAUSE
2268,0.000000,0.000000,0.571527,ALLOW
2269,0.000000,0.000000,0.700833,ALLOW
2270,0.000000,0.333333,0.471518,PAUSE
2271,0.000000,0.333333,0.299739,PAUSE
2272,0.000000,0.333333,0.200150,PAUSE
2273,0.000000,0.333333,0.146076,PAUSE
2274,0.000000,0.333333,0.117146,PAUSE
2275,0.000000,0.000000,0.195628,PAUSE
2276,0.000000,0.000000,0.338128,PAUSE
2277,0.000000,0.333333,0.268858,PAUSE
2278,0.000000,0.333333,0.197175,PAUSE
2279,0.000000,0.000000,0.270621,PAUSE
2280,0.000000,0.333333,0.219578,PAUSE
2281,0.000000,0.333333,0.168171,PAUSE
2282,0.000000,0.000000,0.246832,PAUSE
2283,0.000000,0.000000,0.389665,PAUSE
2284,0.000000,0.000000,0.544496,ALLOW
2285,0.000000,0.000000,0.680160,ALLOW
2286,0.000000,0.000000,0.785220,ALLOW
2287,0.000000,0.000000,0.860362,ALLOW
2288,0.000000,0.000000,0.911306,ALLOW
2289,0.000000,0.333333,0.577920,ALLOW
2290,0.000000,0.000000,0.553850,ALLOW
2291,0.000000,0.333333,0.373676,PAUSE
2292,0.000000,0.333333,0.246366,PAUSE
2293,0.000000,0.000000,0.299476,PAUSE
2294,0.000000,0.000000,0.431024,PAUSE
2295,0.000000,0.333333,0.321283,PAUSE
2296,0.000000,0.333333,0.224157,PAUSE
2297,0.000000,0.333333,0.163006,PAUSE
2298,0.000000,0.333333,0.127746,PAUSE
2299,0.000000,0.333333,0.107941,PAUSE
2300,0.000000,0.333333,0.096851,PAUSE
2301,0.000000,0.000000,0.179709,PAUSE
2302,0.000000,0.000000,0.323498,PAUSE
2303,0.000000,0.000000,0.485605,PAUSE
2304,0.000000,0.333333,0.355673,PAUSE
2305,0.000000,0.000000,0.415200,PAUSE
2306,0.000000,0.333333,0.303673,PAUSE
2307,0.000000,0.000000,0.369451,PAUSE
2308,0.000000,0.333333,0.277683,PAUSE
2309,0.000000,0.000000,0.350642,PAUSE
2310,0.000000,0.000000,0.486132,PAUSE
2311,0.000000,0.333333,0.353058,PAUSE
2312,0.000000,0.000000,0.411277,PAUSE
2313,0.000000,0.000000,0.536158,ALLOW
2314,0.000000,0.333333,0.380057,PAUSE
2315,0.000000,0.333333,0.253974,PAUSE
2316,0.000000,0.000000,0.308745,PAUSE
2317,0.000000,0.000000,0.440483,PAUSE
2318,0.000000,0.000000,0.585344,ALLOW
2319,0.000000,0.333333,0.409564,PAUSE
2320,0.000000,0.333333,0.269367,PAUSE
2321,0.000000,0.000000,0.319249,PAUSE
2322,0.000000,0.333333,0.245774,PAUSE
2323,0.000000,0.000000,0.324541,PAUSE
2324,0.000000,0.333333,0.252758,PAUSE
2325,0.000000,0.000000,0.332885,PAUSE
2326,0.000000,0.333333,0.257896,PAUSE
2327,0.000000,0.000000,0.336972,PAUSE
2328,0.000000,0.000000,0.475653,PAUSE
2329,0.000000,0.333333,0.347484,PAUSE
2330,0.000000,0.000000,0.407633,PAUSE
2331,0.000000,0.333333,0.299344,PAUSE
2332,0.000000,0.000000,0.366308,PAUSE
2333,0.000000,0.333333,0.275982,PAUSE
2334,0.000000,0.000000,0.349470,PAUSE
2335,0.000000,0.000000,0.485237,PAUSE
2336,0.000000,0.333333,0.352583,PAUSE
2337,0.000000,0.333333,0.240336,PAUSE
2338,0.000000,0.333333,0.171149,PAUSE
2339,0.000000,0.000000,0.240784,PAUSE
2340,0.000000,0.333333,0.200731,PAUSE
2341,0.000000,0.333333,0.157602,PAUSE
2342,0.000000,0.333333,0.127592,PAUSE
2343,0.000000,0.000000,0.208509,PAUSE
2344,0.000000,0.333333,0.182324,PAUSE
2345,0.000000,0.000000,0.276368,PAUSE
2346,0.000000,0.333333,0.225900,PAUSE
2347,0.000000,0.000000,0.313448,PAUSE
2348,0.000000,0.333333,0.247293,PAUSE
2349,0.000000,0.333333,0.183756,PAUSE
2350,0.000000,0.333333,0.141756,PAUSE
2351,0.000000,0.333333,0.116604,PAUSE
2352,0.000000,0.000000,0.197207,PAUSE
2353,0.000000,0.000000,0.340638,PAUSE
2354,0.000000,0.000000,0.501007,ALLOW
2355,0.000000,0.000000,0.645504,ALLOW
2356,0.000000,0.333333,0.442721,PAUSE
2357,0.000000,0.333333,0.285879,PAUSE
2358,0.000000,0.333333,0.193587,PAUSE
2359,0.000000,0.333333,0.142946,PAUSE
2360,0.000000,0.000000,0.216052,PAUSE
2361,0.000000,1.000000,0.099880,PAUSE
2362,0.000000,0.333333,0.062566,PAUSE
2363,0.000000,0.000000,0.108950,PAUSE
2364,0.000000,0.000000,0.227907,PAUSE
2365,0.000000,0.000000,0.386702,PAUSE
2366,0.000000,0.333333,0.299004,PAUSE
2367,0.000000,0.333333,0.213480,PAUSE
2368,0.000000,0.333333,0.157920,PAUSE
2369,0.000000,0.000000,0.232043,PAUSE
2370,0.000000,0.333333,0.195975,PAUSE
2371,0.000000,0.333333,0.155138,PAUSE
2372,0.000000,0.000000,0.236759,PAUSE
2373,0.000000,0.333333,0.199984,PAUSE
2374,0.000000,0.333333,0.157685,PAUSE
2375,0.000000,0.333333,0.127817,PAUSE
2376,0.000000,0.333333,0.109160,PAUSE
2377,0.000000,0.000000,0.191394,PAUSE
2378,0.000000,0.333333,0.171760,PAUSE
2379,0.000000,0.333333,0.141844,PAUSE
2380,0.000000,0.000000,0.226465,PAUSE
2381,0.000000,0.333333,0.194057,PAUSE
2382,0.000000,0.000000,0.286625,PAUSE
2383,0.000000,0.000000,0.433327,PAUSE
2384,0.000000,0.333333,0.324331,PAUSE
2385,0.000000,0.000000,0.391941,PAUSE
2386,0.000000,0.333333,0.291100,PAUSE
2387,0.000000,0.000000,0.360869,PAUSE
2388,0.000000,0.333333,0.273130,PAUSE
2389,0.000000,0.000000,0.347580,PAUSE
2390,0.000000,0.000000,0.483831,PAUSE
2391,0.000000,0.333333,0.351841,PAUSE
2392,0.000000,1.000000,0.154167,PAUSE
2393,0.000000,0.333333,0.084251,PAUSE
2394,0.000000,0.000000,0.117559,PAUSE
2395,0.000000,0.333333,0.114803,PAUSE
2396,0.000000,0.333333,0.105573,PAUSE
2397,0.000000,0.333333,0.097480,PAUSE
2398,0.000000,0.000000,0.182430,PAUSE
2399,0.000000,0.000000,0.327221,PAUSE
2400,0.000000,0.333333,0.262751,PAUSE
2401,0.000000,0.333333,0.194028,PAUSE
2402,0.000000,0.000000,0.268458,PAUSE
2403,0.000000,0.000000,0.409149,PAUSE
2404,0.000000,0.000000,0.560909,ALLOW
2405,0.000000,0.000000,0.692851,ALLOW
2406,0.000000,0.333333,0.467417,PAUSE
2407,0.000000,0.000000,0.488192,PAUSE
2408,0.000000,0.333333,0.341259,PAUSE
2409,0.000000,0.333333,0.231029,PAUSE
2410,0.000000,0.000000,0.290377,PAUSE
2411,0.000000,0.333333,0.229631,PAUSE
2412,0.000000,0.333333,0.173120,PAUSE
2413,0.000000,0.000000,0.250053,PAUSE
2414,0.000000,0.333333,0.207493,PAUSE
2415,0.000000,0.333333,0.161655,PAUSE
2416,0.000000,0.000000,0.241961,PAUSE
2417,0.000000,0.333333,0.203000,PAUSE
2418,0.000000,0.333333,0.159305,PAUSE
2419,0.000000,0.333333,0.128671,PAUSE
2420,0.000000,0.333333,0.109613,PAUSE
2421,0.000000,0.333333,0.098254,PAUSE
2422,0.000000,0.000000,0.181425,PAUSE
2423,0.000000,0.333333,0.165587,PAUSE
2424,0.000000,0.333333,0.138363,PAUSE
2425,0.000000,0.333333,0.117265,PAUSE
2426,0.000000,0.333333,0.103408,PAUSE
2427,0.000000,0.000000,0.186741,PAUSE
2428,0.000000,0.000000,0.331003,PAUSE
2429,0.000000,0.000000,0.492578,PAUSE
2430,0.000000,0.333333,0.359540,PAUSE
2431,0.000000,0.000000,0.417838,PAUSE
2432,0.000000,0.333333,0.305059,PAUSE
2433,0.000000,0.333333,0.213382,PAUSE
2434,0.000000,0.000000,0.279312,PAUSE
2435,0.000000,0.333333,0.223821,PAUSE
2436,0.000000,0.333333,0.170200,PAUSE
2437,0.000000,0.000000,0.248089,PAUSE
2438,0.000000,0.000000,0.390600,PAUSE
2439,0.000000,0.000000,0.545215,ALLOW
2440,0.000000,0.333333,0.388270,PAUSE
2441,0.000000,0.000000,0.437025,PAUSE
2442,0.000000,0.333333,0.315044,PAUSE
2443,0.000000,0.333333,0.218291,PAUSE
2444,0.000000,0.333333,0.159098,PAUSE
2445,0.000000,0.333333,0.125380,PAUSE
2446,0.000000,0.333333,0.106556,PAUSE
2447,0.000000,0.333333,0.096048,PAUSE
2448,0.000000,0.000000,0.178996,PAUSE
2449,0.000000,0.333333,0.164007,PAUSE
2450,0.000000,0.000000,0.260897,PAUSE
2451,0.000000,0.000000,0.410325,PAUSE
2452,0.000000,0.000000,0.564687,ALLOW
2453,0.000000,0.333333,0.399082,PAUSE
2454,0.000000,0.333333,0.264371,PAUSE
2455,0.000000,0.000000,0.316283,PAUSE
2456,0.000000,0.000000,0.446590,PAUSE
2457,0.000000,0.000000,0.590177,ALLOW
2458,0.000000,0.333333,0.412112,PAUSE
2459,0.000000,0.000000,0.452339,PAUSE
2460,0.000000,0.000000,0.566803,ALLOW
2461,0.000000,0.333333,0.396088,PAUSE
2462,0.000000,0.333333,0.261774,PAUSE
2463,0.000000,0.000000,0.313552,PAUSE
2464,0.000000,0.333333,0.242602,PAUSE
2465,0.000000,0.000000,0.322244,PAUSE
2466,0.000000,0.000000,0.462175,PAUSE
2467,0.000000,0.000000,0.606512,ALLOW
2468,0.000000,0.000000,0.728147,ALLOW
2469,0.000000,0.000000,0.819700,ALLOW
2470,0.000000,0.000000,0.883859,ALLOW
2471,0.000000,0.000000,0.926730,ALLOW
2472,0.000000,0.333333,0.585447,ALLOW
2473,0.000000,0.000000,0.558090,ALLOW
2474,0.000000,0.333333,0.375719,PAUSE
2475,0.000000,0.000000,0.414038,PAUSE
2476,0.000000,0.000000,0.532033,ALLOW
2477,0.000000,0.333333,0.377005,PAUSE
2478,0.000000,0.000000,0.426524,PAUSE
2479,0.000000,0.000000,0.546918,ALLOW
2480,0.000000,0.000000,0.672277,ALLOW
2481,0.000000,0.000000,0.776150,ALLOW
2482,0.000000,0.000000,0.852945,ALLOW
2483,0.000000,0.000000,0.905976,ALLOW
2484,0.000000,0.333333,0.575254,ALLOW
2485,0.000000,0.000000,0.552299,ALLOW
2486,0.000000,0.000000,0.634094,ALLOW
2487,0.000000,0.333333,0.430098,PAUSE
2488,0.000000,0.000000,0.459943,PAUSE
2489,0.000000,0.333333,0.326051,PAUSE
2490,0.000000,0.000000,0.383216,PAUSE
2491,0.000000,0.000000,0.510495,ALLOW
2492,0.000000,0.000000,0.643754,ALLOW
2493,0.000000,0.333333,0.440638,PAUSE
2494,0.000000,0.333333,0.284556,PAUSE
2495,0.000000,0.000000,0.328625,PAUSE
2496,0.000000,0.333333,0.250626,PAUSE
2497,0.000000,0.333333,0.183942,PAUSE
2498,0.000000,0.333333,0.141274,PAUSE
2499,0.000000,0.333333,0.116119,PAUSE
2500,0.000000,0.333333,0.101674,PAUSE
2501,0.000000,0.000000,0.184071,PAUSE
2502,0.000000,0.000000,0.327838,PAUSE
2503,0.000000,0.000000,0.489541,PAUSE
2504,0.000000,0.000000,0.636255,ALLOW
2505,0.000000,0.333333,0.437859,PAUSE
2506,0.000000,0.000000,0.469748,PAUSE
2507,0.000000,0.000000,0.579464,ALLOW
2508,0.000000,0.000000,0.696240,ALLOW
2509,0.000000,0.000000,0.793044,ALLOW
2510,0.000000,0.333333,0.518508,ALLOW
2511,0.000000,0.333333,0.322023,PAUSE
2512,0.000000,0.000000,0.351046,PAUSE
2513,0.000000,0.333333,0.262053,PAUSE
2514,0.000000,0.333333,0.189544,PAUSE
2515,0.000000,0.333333,0.144015,PAUSE
2516,0.000000,0.333333,0.117478,PAUSE
2517,0.000000,0.000000,0.197512,PAUSE
2518,0.000000,0.333333,0.175282,PAUSE
2519,0.000000,0.000000,0.270272,PAUSE
2520,0.000000,0.000000,0.418626,PAUSE
2521,0.000000,0.333333,0.316118,PAUSE
2522,0.000000,0.000000,0.386218,PAUSE
2523,0.000000,0.333333,0.288061,PAUSE
2524,0.000000,0.333333,0.204843,PAUSE
2525,0.000000,0.000000,0.273671,PAUSE
2526,0.000000,1.000000,0.124534,PAUSE
2527,0.000000,0.333333,0.074011,PAUSE
2528,0.000000,0.000000,0.117006,PAUSE
2529,0.000000,0.333333,0.116285,PAUSE
2530,0.000000,0.000000,0.211098,PAUSE
2531,0.000000,0.000000,0.360556,PAUSE
2532,0.000000,0.333333,0.282777,PAUSE
2533,0.000000,0.000000,0.362130,PAUSE
2534,0.000000,0.333333,0.275081,PAUSE
2535,0.000000,0.333333,0.198298,PAUSE
2536,0.000000,1.000000,0.088778,PAUSE
2537,0.000000,0.000000,0.085259,PAUSE
2538,0.000000,0.000000,0.168790,PAUSE
2539,0.000000,0.333333,0.157582,PAUSE
2540,0.000000,0.000000,0.255340,PAUSE
2541,0.000000,0.333333,0.213659,PAUSE
2542,0.000000,0.000000,0.304078,PAUSE
2543,0.000000,0.000000,0.449023,PAUSE
2544,0.000000,0.333333,0.333073,PAUSE
2545,0.000000,0.000000,0.397997,PAUSE
2546,0.000000,0.333333,0.294308,PAUSE
2547,0.000000,0.000000,0.363008,PAUSE
2548,0.000000,0.000000,0.496006,PAUSE
2549,0.000000,0.333333,0.358360,PAUSE
2550,0.000000,0.333333,0.243199,PAUSE
2551,0.000000,0.000000,0.301868,PAUSE
2552,0.000000,0.333333,0.236490,PAUSE
2553,0.000000,0.000000,0.318137,PAUSE
2554,0.000000,0.000000,0.459054,PAUSE
2555,0.000000,0.000000,0.604140,ALLOW
2556,0.000000,0.000000,0.726422,ALLOW
2557,0.000000,0.333333,0.484785,PAUSE
2558,0.000000,0.333333,0.306099,PAUSE
2559,0.000000,0.000000,0.341833,PAUSE
2560,0.000000,0.000000,0.464824,PAUSE
2561,0.000000,0.000000,0.603622,ALLOW
2562,0.000000,0.333333,0.419064,PAUSE
2563,0.000000,0.000000,0.456659,PAUSE
2564,0.000000,0.333333,0.325072,PAUSE
2565,0.000000,0.333333,0.223158,PAUSE
2566,0.000000,0.333333,0.161444,PAUSE
2567,0.000000,0.333333,0.126524,PAUSE
2568,0.000000,0.333333,0.107126,PAUSE
2569,0.000000,0.333333,0.096340,PAUSE
2570,0.000000,0.333333,0.090288,PAUSE
2571,0.000000,0.000000,0.174032,PAUSE
2572,0.000000,0.000000,0.317944,PAUSE
2573,0.000000,0.000000,0.480588,PAUSE
2574,0.000000,0.333333,0.352905,PAUSE
2575,0.000000,0.333333,0.241283,PAUSE
2576,0.000000,0.333333,0.171898,PAUSE
2577,0.000000,0.000000,0.241593,PAUSE
2578,0.000000,0.000000,0.380977,PAUSE
2579,0.000000,0.333333,0.293407,PAUSE
2580,0.000000,0.333333,0.209945,PAUSE
2581,0.000000,0.333333,0.155903,PAUSE
2582,0.000000,1.000000,0.070727,PAUSE
2583,0.000000,0.000000,0.074504,PAUSE
2584,0.000000,0.000000,0.158662,PAUSE
2585,0.000000,0.333333,0.151172,PAUSE
2586,0.000000,0.333333,0.130098,PAUSE
2587,0.000000,0.333333,0.112662,PAUSE
2588,0.000000,1.000000,0.052615,PAUSE
2589,0.000000,0.000000,0.064501,PAUSE
2590,0.000000,0.000000,0.149989,PAUSE
2591,0.000000,0.000000,0.293186,PAUSE
2592,0.000000,0.000000,0.457594,PAUSE
2593,0.000000,0.333333,0.340109,PAUSE
2594,0.000000,0.333333,0.234814,PAUSE
2595,0.000000,0.000000,0.297178,PAUSE
2596,0.000000,0.333333,0.234160,PAUSE
2597,0.000000,0.000000,0.316678,PAUSE
2598,0.000000,0.333333,0.248561,PAUSE
2599,0.000000,0.000000,0.330014,PAUSE
2600,0.000000,0.000000,0.470043,PAUSE
2601,0.000000,0.000000,0.613262,ALLOW
2602,0.000000,0.333333,0.424840,PAUSE
2603,0.000000,0.333333,0.276954,PAUSE
2604,0.000000,0.333333,0.189240,PAUSE
2605,0.000000,0.333333,0.140821,PAUSE
2606,0.000000,0.333333,0.114568,PAUSE
2607,0.000000,0.000000,0.193871,PAUSE
2608,0.000000,0.333333,0.172872,PAUSE
2609,0.000000,0.333333,0.142345,PAUSE
2610,0.000000,0.333333,0.119406,PAUSE
2611,0.000000,0.000000,0.202165,PAUSE
2612,0.000000,0.000000,0.346604,PAUSE
2613,0.000000,0.333333,0.274048,PAUSE
2614,0.000000,0.333333,0.199973,PAUSE
2615,0.000000,0.333333,0.150871,PAUSE
2616,0.000000,0.333333,0.121624,PAUSE
2617,0.000000,0.000000,0.201277,PAUSE
2618,0.000000,0.000000,0.344411,PAUSE
2619,0.000000,0.333333,0.272608,PAUSE
2620,0.000000,0.000000,0.354039,PAUSE
2621,0.000000,0.000000,0.492170,PAUSE
2622,0.000000,0.000000,0.631492,ALLOW
2623,0.000000,0.333333,0.434498,PAUSE
2624,0.000000,0.000000,0.466997,PAUSE
2625,0.000000,0.000000,0.577241,ALLOW
2626,0.000000,0.333333,0.401466,PAUSE
2627,0.000000,0.000000,0.442685,PAUSE
2628,0.000000,0.000000,0.558579,ALLOW
2629,0.000000,0.000000,0.680690,ALLOW
2630,0.000000,0.333333,0.459802,PAUSE
2631,0.000000,0.000000,0.482527,PAUSE
2632,0.000000,0.000000,0.587758,ALLOW
2633,0.000000,0.000000,0.701819,ALLOW
2634,0.000000,0.000000,0.796777,ALLOW
2635,0.000000,0.000000,0.866831,ALLOW
2636,0.000000,0.333333,0.555802,ALLOW
2637,0.000000,0.333333,0.339578,PAUSE
2638,0.000000,1.000000,0.147048,PAUSE
2639,0.000000,0.000000,0.113922,PAUSE
2640,0.000000,0.000000,0.188777,PAUSE
2641,0.000000,0.000000,0.329515,PAUSE
2642,0.000000,0.333333,0.263592,PAUSE
2643,0.000000,0.333333,0.194334,PAUSE
2644,0.000000,1.000000,0.087233,PAUSE
2645,0.000000,0.333333,0.053241,PAUSE
2646,0.000000,0.333333,0.048531,PAUSE
2647,0.000000,0.333333,0.053930,PAUSE
2648,0.000000,1.000000,0.026957,PAUSE
2649,0.000000,0.000000,0.046263,PAUSE
2650,0.000000,0.000000,0.128469,PAUSE
2651,0.000000,0.000000,0.268163,PAUSE
2652,0.000000,0.333333,0.227097,PAUSE
2653,0.000000,0.000000,0.319085,PAUSE
2654,0.000000,0.333333,0.251231,PAUSE
2655,0.000000,0.000000,0.333015,PAUSE
2656,0.000000,0.000000,0.472941,PAUSE
2657,0.000000,0.000000,0.615701,ALLOW
2658,0.000000,0.333333,0.426140,PAUSE
2659,0.000000,0.333333,0.277589,PAUSE
2660,0.000000,1.000000,0.121661,PAUSE
2661,0.000000,0.333333,0.068287,PAUSE
2662,0.000000,0.000000,0.104391,PAUSE
2663,0.000000,0.333333,0.106191,PAUSE
2664,0.000000,0.000000,0.199777,PAUSE
2665,0.000000,0.333333,0.178767,PAUSE
2666,0.000000,0.000000,0.274866,PAUSE
2667,0.000000,0.333333,0.225272,PAUSE
2668,0.000000,0.000000,0.313165,PAUSE
2669,0.000000,0.333333,0.247169,PAUSE
2670,0.000000,0.333333,0.183703,PAUSE
2671,0.000000,0.333333,0.141732,PAUSE
2672,0.000000,0.333333,0.116594,PAUSE
2673,0.000000,0.333333,0.102027,PAUSE
2674,0.000000,0.333333,0.093658,PAUSE
2675,0.000000,0.333333,0.088841,PAUSE
2676,0.000000,0.000000,0.172855,PAUSE
2677,0.000000,0.000000,0.316825,PAUSE
2678,0.000000,0.333333,0.256539,PAUSE
2679,0.000000,0.333333,0.190710,PAUSE
2680,0.000000,0.333333,0.146097,PAUSE
2681,0.000000,0.333333,0.119158,PAUSE
2682,0.000000,0.333333,0.103505,PAUSE
2683,0.000000,0.000000,0.185759,PAUSE
2684,0.000000,0.333333,0.168196,PAUSE
2685,0.000000,0.333333,0.139813,PAUSE
2686,0.000000,0.000000,0.224808,PAUSE
2687,0.000000,0.333333,0.193085,PAUSE
2688,0.000000,0.333333,0.153984,PAUSE
2689,0.000000,0.333333,0.125864,PAUSE
2690,0.000000,0.333333,0.108125,PAUSE
2691,0.000000,0.000000,0.190591,PAUSE
2692,0.000000,0.000000,0.334614,PAUSE
2693,0.000000,0.000000,0.495767,PAUSE
2694,0.000000,0.333333,0.361287,PAUSE
2695,0.000000,0.333333,0.245497,PAUSE
2696,0.000000,1.000000,0.108454,PAUSE
2697,0.000000,0.333333,0.062591,PAUSE
2698,0.000000,0.000000,0.101134,PAUSE
2699,0.000000,0.000000,0.214268,PAUSE
2700,0.000000,0.000000,0.371013,PAUSE
2701,0.000000,0.000000,0.532508,ALLOW
2702,0.000000,0.333333,0.381905,PAUSE
2703,0.000000,0.000000,0.433203,PAUSE
2704,0.000000,0.000000,0.553440,ALLOW
2705,0.000000,0.333333,0.389235,PAUSE
2706,0.000000,0.000000,0.435095,PAUSE
2707,0.000000,0.000000,0.553350,ALLOW
2708,0.000000,0.333333,0.388975,PAUSE
2709,0.000000,0.000000,0.434767,PAUSE
2710,0.000000,0.000000,0.553036,ALLOW
2711,0.000000,0.000000,0.676762,ALLOW
2712,0.000000,0.333333,0.457810,PAUSE
2713,0.000000,0.000000,0.481327,PAUSE
2714,0.000000,0.000000,0.586959,ALLOW
2715,0.000000,0.333333,0.406395,PAUSE
2716,0.000000,0.333333,0.266716,PAUSE
2717,0.000000,0.000000,0.316521,PAUSE
2718,0.000000,0.000000,0.446046,PAUSE
2719,0.000000,0.333333,0.329635,PAUSE
2720,0.000000,0.333333,0.228398,PAUSE
2721,0.000000,0.333333,0.165116,PAUSE
2722,0.000000,0.333333,0.128801,PAUSE
2723,0.000000,0.000000,0.206348,PAUSE
2724,0.000000,0.333333,0.180460,PAUSE
2725,0.000000,0.000000,0.274386,PAUSE
2726,0.000000,0.000000,0.422169,PAUSE
2727,0.000000,0.333333,0.318080,PAUSE
2728,0.000000,0.333333,0.223006,PAUSE
2729,0.000000,0.333333,0.162606,PAUSE
2730,0.000000,0.333333,0.127617,PAUSE
2731,0.000000,0.000000,0.205607,PAUSE
2732,0.000000,0.000000,0.348143,PAUSE
2733,0.000000,0.333333,0.274713,PAUSE
2734,0.000000,0.333333,0.200259,PAUSE
2735,0.000000,0.000000,0.272806,PAUSE
2736,0.000000,0.333333,0.220783,PAUSE
2737,0.000000,0.333333,0.168796,PAUSE
2738,0.000000,0.333333,0.133647,PAUSE
2739,0.000000,0.000000,0.213228,PAUSE
2740,0.000000,0.333333,0.185076,PAUSE
2741,0.000000,0.000000,0.278532,PAUSE
2742,0.000000,0.000000,0.425955,PAUSE
2743,0.000000,0.333333,0.320203,PAUSE
2744,0.000000,0.333333,0.224090,PAUSE
2745,0.000000,0.000000,0.289460,PAUSE
2746,0.000000,0.333333,0.229902,PAUSE
2747,0.000000,0.000000,0.313613,PAUSE
2748,0.000000,0.000000,0.455560,PAUSE
2749,0.000000,0.000000,0.601460,ALLOW
2750,0.000000,0.000000,0.724462,ALLOW
2751,0.000000,0.000000,0.817139,ALLOW
2752,0.000000,0.000000,0.882148,ALLOW
2753,0.000000,0.000000,0.925620,ALLOW
2754,0.000000,0.000000,0.953753,ALLOW
2755,0.000000,0.000000,0.971549,ALLOW
2756,0.000000,0.000000,0.982628,ALLOW
2757,0.000000,0.000000,0.989449,ALLOW
2758,0.000000,0.333333,0.615711,ALLOW
2759,0.000000,0.000000,0.574859,ALLOW
2760,0.000000,0.000000,0.648005,ALLOW
2761,0.000000,0.333333,0.436911,PAUSE
2762,0.000000,0.333333,0.281128,PAUSE
2763,0.000000,0.000000,0.324940,PAUSE
2764,0.000000,0.000000,0.451832,PAUSE
2765,0.000000,0.333333,0.332635,PAUSE
2766,0.000000,0.000000,0.396201,PAUSE
2767,0.000000,0.000000,0.524395,ALLOW
2768,0.000000,0.000000,0.655710,ALLOW
2769,0.000000,0.000000,0.764434,ALLOW
2770,0.000000,0.333333,0.504139,ALLOW
2771,0.000000,0.333333,0.315273,PAUSE
2772,0.000000,0.333333,0.207436,PAUSE
2773,0.000000,0.333333,0.149518,PAUSE
2774,0.000000,0.000000,0.220178,PAUSE
2775,0.000000,0.000000,0.359925,PAUSE
2776,0.000000,0.333333,0.281237,PAUSE
2777,0.000000,0.333333,0.203592,PAUSE
2778,0.000000,1.000000,0.091077,PAUSE
2779,0.000000,0.333333,0.054941,PAUSE
2780,0.000000,0.000000,0.096400,PAUSE
2781,0.000000,0.000000,0.210069,PAUSE
2782,0.000000,0.333333,0.188148,PAUSE
2783,0.000000,0.000000,0.285048,PAUSE
2784,0.000000,0.000000,0.433416,PAUSE
2785,0.000000,0.333333,0.324571,PAUSE
2786,0.000000,0.333333,0.226368,PAUSE
2787,0.000000,0.000000,0.291033,PAUSE
2788,0.000000,0.000000,0.427234,PAUSE
2789,0.000000,0.000000,0.575252,ALLOW
2790,0.000000,0.333333,0.404292,PAUSE
2791,0.000000,0.000000,0.447394,PAUSE
2792,0.000000,0.000000,0.563360,ALLOW
2793,0.000000,0.333333,0.394325,PAUSE
2794,0.000000,0.000000,0.438250,PAUSE
2795,0.000000,0.000000,0.555523,ALLOW
2796,0.000000,0.333333,0.390085,PAUSE
2797,0.000000,0.333333,0.258826,PAUSE
2798,0.000000,0.333333,0.180115,PAUSE
2799,0.000000,0.000000,0.246526,PAUSE
2800,0.000000,0.000000,0.384572,PAUSE
2801,0.000000,0.333333,0.295327,PAUSE
2802,0.000000,0.000000,0.370311,PAUSE
2803,0.000000,0.000000,0.504811,ALLOW
2804,0.000000,0.333333,0.363486,PAUSE
2805,0.000000,0.333333,0.245849,PAUSE
2806,0.000000,0.333333,0.173874,PAUSE
2807,0.000000,0.000000,0.242591,PAUSE
2808,0.000000,0.333333,0.201714,PAUSE
2809,0.000000,0.000000,0.291148,PAUSE
2810,0.000000,0.333333,0.234185,PAUSE
2811,0.000000,0.333333,0.176752,PAUSE
2812,0.000000,0.333333,0.138101,PAUSE
2813,0.000000,0.000000,0.216846,PAUSE
2814,0.000000,0.000000,0.359846,PAUSE
2815,0.000000,0.000000,0.518101,ALLOW
2816,0.000000,0.000000,0.659198,ALLOW
2817,0.000000,0.000000,0.769875,ALLOW
2818,0.000000,0.000000,0.849766,ALLOW
2819,0.000000,0.333333,0.547530,ALLOW
2820,0.000000,0.333333,0.335782,PAUSE
2821,0.000000,0.333333,0.216986,PAUSE
2822,0.000000,0.333333,0.153997,PAUSE
2823,0.000000,0.333333,0.120946,PAUSE
2824,0.000000,0.000000,0.198105,PAUSE
2825,0.000000,0.000000,0.340121,PAUSE
2826,0.000000,0.000000,0.500068,ALLOW
2827,0.000000,0.000000,0.644592,ALLOW
2828,0.000000,0.000000,0.759049,ALLOW
2829,0.000000,0.333333,0.501763,ALLOW
2830,0.000000,0.000000,0.509342,ALLOW
2831,0.000000,0.333333,0.351864,PAUSE
2832,0.000000,0.000000,0.399949,PAUSE
2833,0.000000,0.000000,0.522594,ALLOW
2834,0.000000,0.333333,0.372205,PAUSE
2835,0.000000,0.000000,0.423570,PAUSE
2836,0.000000,0.000000,0.544889,ALLOW
2837,0.000000,0.333333,0.384567,PAUSE
2838,0.000000,0.000000,0.431980,PAUSE
2839,0.000000,0.333333,0.311959,PAUSE
2840,0.000000,0.000000,0.374463,PAUSE
2841,0.000000,0.333333,0.280220,PAUSE
2842,0.000000,0.333333,0.200437,PAUSE
2843,0.000000,0.000000,0.270275,PAUSE
2844,0.000000,0.000000,0.409168,PAUSE
2845,0.000000,0.333333,0.309601,PAUSE
2846,0.000000,0.000000,0.380734,PAUSE
2847,0.000000,0.000000,0.512966,ALLOW
2848,0.000000,0.000000,0.647294,ALLOW
2849,0.000000,0.000000,0.758466,ALLOW
2850,0.000000,0.333333,0.501135,ALLOW
2851,0.000000,0.333333,0.313859,PAUSE
2852,0.000000,1.000000,0.136538,PAUSE
2853,0.000000,0.000000,0.109060,PAUSE
2854,0.000000,0.333333,0.095928,PAUSE
2855,0.000000,0.000000,0.177170,PAUSE
2856,0.000000,0.333333,0.162574,PAUSE
2857,0.000000,0.000000,0.259430,PAUSE
2858,0.000000,0.333333,0.216022,PAUSE
2859,0.000000,0.333333,0.167147,PAUSE
2860,0.000000,1.000000,0.075825,PAUSE
2861,0.000000,0.000000,0.078506,PAUSE
2862,0.000000,0.000000,0.163520,PAUSE
2863,0.000000,0.000000,0.307420,PAUSE
2864,0.000000,0.333333,0.250985,PAUSE
2865,0.000000,0.333333,0.187757,PAUSE
2866,0.000000,0.333333,0.144567,PAUSE
2867,0.000000,0.333333,0.118364,PAUSE
2868,0.000000,0.333333,0.103087,PAUSE
2869,0.000000,0.333333,0.094284,PAUSE
2870,0.000000,0.333333,0.089209,PAUSE
2871,0.000000,0.000000,0.173190,PAUSE
2872,0.000000,0.333333,0.160469,PAUSE
2873,0.000000,0.333333,0.135463,PAUSE
2874,0.000000,0.333333,0.115665,PAUSE
2875,0.000000,0.000000,0.199198,PAUSE
2876,0.000000,0.333333,0.176879,PAUSE
2877,0.000000,0.333333,0.144809,PAUSE
2878,0.000000,0.000000,0.228925,PAUSE
2879,0.000000,0.000000,0.374097,PAUSE
2880,0.000000,0.333333,0.290115,PAUSE
2881,0.000000,0.000000,0.367132,PAUSE
2882,0.000000,0.333333,0.277728,PAUSE
2883,0.000000,0.333333,0.199620,PAUSE
2884,0.000000,0.000000,0.270179,PAUSE
2885,0.000000,0.333333,0.218905,PAUSE
2886,0.000000,0.333333,0.167687,PAUSE
2887,0.000000,1.000000,0.076001,PAUSE
2888,0.000000,0.333333,0.048075,PAUSE
2889,0.000000,0.000000,0.091618,PAUSE
2890,0.000000,0.000000,0.205327,PAUSE
2891,0.000000,0.333333,0.185218,PAUSE
2892,0.000000,0.000000,0.282624,PAUSE
2893,0.000000,0.000000,0.431301,PAUSE
2894,0.000000,0.333333,0.323399,PAUSE
2895,0.000000,0.000000,0.391442,PAUSE
2896,0.000000,0.000000,0.521602,ALLOW
2897,0.000000,0.333333,0.372458,PAUSE
2898,0.000000,0.333333,0.250277,PAUSE
2899,0.000000,0.000000,0.306463,PAUSE
2900,0.000000,0.333333,0.238926,PAUSE
2901,0.000000,0.333333,0.178061,PAUSE
2902,0.000000,0.333333,0.138338,PAUSE
2903,0.000000,0.333333,0.114635,PAUSE
2904,0.000000,0.000000,0.195509,PAUSE
2905,0.000000,0.000000,0.339008,PAUSE
2906,0.000000,0.000000,0.499560,PAUSE
2907,0.000000,0.333333,0.363353,PAUSE
2908,0.000000,0.000000,0.420395,PAUSE
2909,0.000000,0.000000,0.543919,ALLOW
2910,0.000000,0.000000,0.670681,ALLOW
2911,0.000000,0.000000,0.775246,ALLOW
2912,0.000000,0.000000,0.852413,ALLOW
2913,0.000000,0.000000,0.905657,ALLOW
2914,0.000000,0.000000,0.940821,ALLOW
2915,0.000000,0.000000,0.963370,ALLOW
2916,0.000000,0.333333,0.603203,ALLOW
2917,0.000000,0.000000,0.567990,ALLOW
2918,0.000000,0.333333,0.380468,PAUSE
2919,0.000000,0.000000,0.416756,PAUSE
2920,0.000000,0.333333,0.301750,PAUSE
2921,0.000000,0.000000,0.365919,PAUSE
2922,0.000000,0.000000,0.497114,PAUSE
2923,0.000000,0.333333,0.358787,PAUSE
2924,0.000000,0.333333,0.243364,PAUSE
2925,0.000000,1.000000,0.107531,PAUSE
2926,0.000000,0.333333,0.062144,PAUSE
2927,0.000000,0.000000,0.100770,PAUSE
2928,0.000000,0.333333,0.104157,PAUSE
2929,0.000000,0.000000,0.198105,PAUSE
2930,0.000000,0.000000,0.347080,PAUSE
2931,0.000000,0.333333,0.274879,PAUSE
2932,0.000000,0.000000,0.356257,PAUSE
2933,0.000000,0.333333,0.271878,PAUSE
2934,0.000000,0.333333,0.196669,PAUSE
2935,0.000000,1.000000,0.088104,PAUSE
2936,0.000000,0.333333,0.053517,PAUSE
2937,0.000000,0.000000,0.095261,PAUSE
2938,0.000000,0.000000,0.208825,PAUSE
2939,0.000000,0.000000,0.365779,PAUSE
2940,0.000000,0.333333,0.286705,PAUSE
2941,0.000000,0.333333,0.207018,PAUSE
2942,0.000000,0.333333,0.154618,PAUSE
2943,0.000000,0.333333,0.123603,PAUSE
2944,0.000000,0.333333,0.105854,PAUSE
2945,0.000000,0.000000,0.187581,PAUSE
2946,0.000000,0.000000,0.331192,PAUSE
2947,0.000000,0.000000,0.492531,PAUSE
2948,0.000000,0.000000,0.638665,ALLOW
2949,0.000000,0.333333,0.439126,PAUSE
2950,0.000000,0.000000,0.470547,PAUSE
2951,0.000000,0.333333,0.332353,PAUSE
2952,0.000000,0.000000,0.387930,PAUSE
2953,0.000000,0.333333,0.287265,PAUSE
2954,0.000000,0.000000,0.356890,PAUSE
2955,0.000000,0.000000,0.490719,PAUSE
2956,0.000000,0.333333,0.355467,PAUSE
2957,0.000000,0.333333,0.241750,PAUSE
2958,0.000000,0.333333,0.171832,PAUSE
2959,0.000000,1.000000,0.077320,PAUSE
2960,0.000000,0.000000,0.077872,PAUSE
2961,0.000000,0.000000,0.161229,PAUSE
2962,0.000000,0.000000,0.304257,PAUSE
2963,0.000000,0.333333,0.249006,PAUSE
2964,0.000000,0.000000,0.336283,PAUSE
2965,0.000000,0.000000,0.477880,PAUSE
2966,0.000000,0.000000,0.620407,ALLOW
2967,0.000000,0.333333,0.428712,PAUSE
2968,0.000000,0.333333,0.278865,PAUSE
2969,0.000000,0.333333,0.190164,PAUSE
2970,0.000000,0.000000,0.253310,PAUSE
2971,0.000000,0.000000,0.389995,PAUSE
2972,0.000000,0.333333,0.298299,PAUSE
2973,0.000000,0.000000,0.372358,PAUSE
2974,0.000000,0.333333,0.280428,PAUSE
2975,0.000000,0.333333,0.200947,PAUSE
2976,0.000000,0.000000,0.271028,PAUSE
2977,0.000000,0.000000,0.409991,PAUSE
2978,0.000000,0.000000,0.561098,ALLOW
2979,0.000000,0.000000,0.692823,ALLOW
2980,0.000000,0.333333,0.467380,PAUSE
2981,0.000000,0.000000,0.488153,PAUSE
2982,0.000000,0.000000,0.592064,ALLOW
2983,0.000000,0.000000,0.704997,ALLOW
2984,0.000000,0.000000,0.799014,ALLOW
2985,0.000000,0.000000,0.868341,ALLOW
2986,0.000000,0.333333,0.556547,ALLOW
2987,0.000000,0.000000,0.541487,ALLOW
2988,0.000000,0.000000,0.627202,ALLOW
2989,0.000000,0.000000,0.728758,ALLOW
2990,0.000000,0.333333,0.484059,PAUSE
2991,0.000000,0.333333,0.305233,PAUSE
2992,0.000000,0.000000,0.340809,PAUSE
2993,0.000000,0.333333,0.256798,PAUSE
2994,0.000000,0.333333,0.186956,PAUSE
2995,0.000000,1.000000,0.083980,PAUSE
2996,0.000000,0.000000,0.082510,PAUSE
2997,0.000000,0.000000,0.166338,PAUSE
2998,0.000000,0.333333,0.156057,PAUSE
2999,0.000000,0.000000,0.254033,PAUSE
3000,0.000000,0.333333,0.212893,PAUSE
3001,0.000000,0.333333,0.165476,PAUSE
3002,0.000000,0.333333,0.132238,PAUSE
3003,0.000000,0.333333,0.111628,PAUSE
3004,0.000000,0.000000,0.193446,PAUSE
3005,0.000000,0.000000,0.337283,PAUSE
3006,0.000000,0.333333,0.268528,PAUSE
3007,0.000000,0.333333,0.197046,PAUSE
3008,0.000000,0.333333,0.149361,PAUSE
3009,0.000000,0.333333,0.120844,PAUSE
3010,0.000000,0.333333,0.104389,PAUSE
3011,0.000000,0.333333,0.094981,PAUSE
3012,0.000000,0.333333,0.089591,PAUSE
3013,0.000000,0.333333,0.086483,PAUSE
3014,0.000000,0.333333,0.084677,PAUSE
3015,0.000000,0.333333,0.083620,PAUSE
3016,0.000000,0.000000,0.168136,PAUSE
3017,0.000000,0.333333,0.157321,PAUSE
3018,0.000000,0.333333,0.133675,PAUSE
3019,0.000000,1.000000,0.061753,PAUSE
3020,0.000000,0.333333,0.041601,PAUSE
3021,0.000000,0.000000,0.087109,PAUSE
3022,0.000000,0.333333,0.095904,PAUSE
3023,0.000000,0.333333,0.094392,PAUSE
3024,0.000000,0.333333,0.090970,PAUSE
3025,0.000000,1.000000,0.043370,PAUSE
3026,0.000000,0.333333,0.032601,PAUSE
3027,0.000000,0.000000,0.079304,PAUSE
3028,0.000000,0.333333,0.090570,PAUSE
3029,0.000000,0.333333,0.091031,PAUSE
3030,0.000000,0.000000,0.179152,PAUSE
3031,0.000000,0.333333,0.164920,PAUSE
3032,0.000000,0.333333,0.138209,PAUSE
3033,0.000000,1.000000,0.063671,PAUSE
3034,0.000000,0.333333,0.042496,PAUSE
3035,0.000000,0.000000,0.087785,PAUSE
3036,0.000000,0.000000,0.201544,PAUSE
3037,0.000000,0.000000,0.358589,PAUSE
3038,0.000000,0.000000,0.521582,ALLOW
3039,0.000000,0.000000,0.663471,ALLOW
3040,0.000000,0.000000,0.773518,ALLOW
3041,0.000000,0.333333,0.509187,ALLOW
3042,0.000000,0.000000,0.513838,ALLOW
3043,0.000000,0.333333,0.354102,PAUSE
3044,0.000000,0.333333,0.237166,PAUSE
3045,0.000000,0.333333,0.168155,PAUSE
3046,0.000000,0.333333,0.129778,PAUSE
3047,0.000000,0.333333,0.108739,PAUSE
3048,0.000000,0.333333,0.097162,PAUSE
3049,0.000000,0.333333,0.090719,PAUSE
3050,0.000000,0.333333,0.087085,PAUSE
3051,0.000000,0.000000,0.171218,PAUSE
3052,0.000000,0.333333,0.159232,PAUSE
3053,0.000000,0.333333,0.134759,PAUSE
3054,0.000000,0.000000,0.220727,PAUSE
3055,0.000000,0.333333,0.190695,PAUSE
3056,0.000000,0.333333,0.152690,PAUSE
3057,0.000000,0.000000,0.235319,PAUSE
3058,0.000000,0.333333,0.199241,PAUSE
3059,0.000000,0.333333,0.157314,PAUSE
3060,0.000000,0.333333,0.127631,PAUSE
3061,0.000000,0.000000,0.208751,PAUSE
3062,0.000000,0.000000,0.352627,PAUSE
3063,0.000000,0.333333,0.277490,PAUSE
3064,0.000000,0.000000,0.357727,PAUSE
3065,0.000000,0.333333,0.272600,PAUSE
3066,0.000000,0.333333,0.197012,PAUSE
3067,0.000000,0.333333,0.148560,PAUSE
3068,0.000000,0.333333,0.120113,PAUSE
3069,0.000000,0.000000,0.199794,PAUSE
3070,0.000000,0.333333,0.176666,PAUSE
3071,0.000000,0.333333,0.144516,PAUSE
3072,0.000000,0.000000,0.228521,PAUSE
3073,0.000000,0.333333,0.195240,PAUSE
3074,0.000000,0.333333,0.155144,PAUSE
3075,0.000000,0.333333,0.126478,PAUSE
3076,0.000000,0.000000,0.207872,PAUSE
3077,0.000000,0.333333,0.181997,PAUSE
3078,0.000000,0.000000,0.276148,PAUSE
3079,0.000000,0.000000,0.423937,PAUSE
3080,0.000000,0.000000,0.576003,ALLOW
3081,0.000000,0.333333,0.405127,PAUSE
3082,0.000000,0.000000,0.448254,PAUSE
3083,0.000000,0.333333,0.320871,PAUSE
3084,0.000000,0.000000,0.380605,PAUSE
3085,0.000000,0.640625,0.204446,PAUSE
3086,0.000000,0.000000,0.220417,PAUSE
3087,0.000000,0.000000,0.337277,PAUSE
3088,0.000000,0.333333,0.265168,PAUSE
3089,0.000000,0.333333,0.194344,PAUSE
3090,0.000000,0.333333,0.147637,PAUSE
3091,0.000000,0.333333,0.119819,PAUSE
3092,0.000000,0.333333,0.103795,PAUSE
3093,0.000000,0.000000,0.185914,PAUSE
3094,0.000000,0.333333,0.168273,PAUSE
3095,0.000000,0.000000,0.264497,PAUSE
3096,0.000000,0.333333,0.219011,PAUSE
3097,0.000000,0.000000,0.308200,PAUSE
3098,0.000000,0.333333,0.244374,PAUSE
3099,0.000000,0.333333,0.182247,PAUSE
3100,0.000000,0.000000,0.257981,PAUSE
3101,0.000000,0.000000,0.399457,PAUSE
3102,0.000000,0.333333,0.304318,PAUSE
3103,0.000000,0.000000,0.377141,PAUSE
3104,0.000000,0.333333,0.283081,PAUSE
3105,0.000000,0.333333,0.202307,PAUSE
3106,0.000000,0.000000,0.271958,PAUSE
3107,0.000000,0.333333,0.219863,PAUSE
3108,0.000000,0.333333,0.168177,PAUSE
3109,0.000000,0.333333,0.133275,PAUSE
3110,0.000000,0.000000,0.212900,PAUSE
3111,0.000000,0.000000,0.356219,PAUSE
3112,0.000000,0.333333,0.279514,PAUSE
3113,0.000000,0.333333,0.202807,PAUSE
3114,0.000000,0.333333,0.152309,PAUSE
3115,0.000000,1.000000,0.069238,PAUSE
3116,0.000000,0.333333,0.044633,PAUSE
3117,0.000000,0.000000,0.088415,PAUSE
3118,0.000000,0.000000,0.201479,PAUSE
3119,0.000000,0.333333,0.182735,PAUSE
3120,0.000000,0.000000,0.280483,PAUSE
3121,0.000000,0.000000,0.429392,PAUSE
3122,0.000000,0.000000,0.581074,ALLOW
3123,0.000000,0.000000,0.709405,ALLOW
3124,0.000000,0.000000,0.806589,ALLOW
3125,0.000000,0.333333,0.525863,ALLOW
3126,0.000000,0.000000,0.523709,ALLOW
3127,0.000000,0.000000,0.615824,ALLOW
3128,0.000000,0.333333,0.421032,PAUSE
3129,0.000000,0.000000,0.454594,PAUSE
3130,0.000000,0.333333,0.323401,PAUSE
3131,0.000000,0.333333,0.222158,PAUSE
3132,0.000000,0.000000,0.284649,PAUSE
3133,0.000000,0.000000,0.420289,PAUSE
3134,0.000000,0.000000,0.569036,ALLOW
3135,0.000000,0.333333,0.400915,PAUSE
3136,0.000000,0.000000,0.445167,PAUSE
3137,0.000000,0.000000,0.561761,ALLOW
3138,0.000000,0.333333,0.393498,PAUSE
3139,0.000000,0.000000,0.437733,PAUSE
3140,0.000000,0.333333,0.314914,PAUSE
3141,0.000000,0.000000,0.376347,PAUSE
3142,0.000000,0.333333,0.281195,PAUSE
3143,0.000000,0.000000,0.352879,PAUSE
3144,0.000000,0.000000,0.487747,PAUSE
3145,0.000000,0.000000,0.626771,ALLOW
3146,0.000000,0.000000,0.743148,ALLOW
3147,0.000000,0.333333,0.493314,PAUSE
3148,0.000000,0.333333,0.310147,PAUSE
3149,0.000000,1.000000,0.135019,PAUSE
3150,0.000000,0.333333,0.073999,PAUSE
3151,0.000000,0.333333,0.058273,PAUSE
3152,0.000000,0.333333,0.058909,PAUSE
3153,0.000000,1.000000,0.029050,PAUSE
3154,0.000000,0.000000,0.047496,PAUSE
3155,0.000000,0.333333,0.059723,PAUSE
3156,0.000000,0.000000,0.143335,PAUSE
3157,0.000000,0.000000,0.285139,PAUSE
3158,0.000000,0.000000,0.449638,PAUSE
3159,0.000000,0.000000,0.603244,ALLOW
3160,0.000000,0.000000,0.728046,ALLOW
3161,0.000000,0.333333,0.485911,PAUSE
3162,0.000000,0.333333,0.306715,PAUSE
3163,0.000000,1.000000,0.133618,PAUSE
3164,0.000000,0.000000,0.107709,PAUSE
3165,0.000000,0.333333,0.095283,PAUSE
3166,0.000000,0.000000,0.176743,PAUSE
3167,0.000000,0.000000,0.319798,PAUSE
3168,0.000000,0.333333,0.258173,PAUSE
3169,0.000000,0.333333,0.191545,PAUSE
3170,0.000000,0.000000,0.266623,PAUSE
3171,0.000000,0.000000,0.407617,PAUSE
3172,0.000000,0.000000,0.559664,ALLOW
3173,0.000000,0.000000,0.691907,ALLOW
3174,0.000000,0.333333,0.466930,PAUSE
3175,0.000000,0.333333,0.297549,PAUSE
3176,0.000000,0.333333,0.199120,PAUSE
3177,0.000000,1.000000,0.088572,PAUSE
3178,0.000000,0.000000,0.083468,PAUSE
3179,0.000000,0.333333,0.081907,PAUSE
3180,0.000000,0.000000,0.165446,PAUSE
3181,0.000000,0.000000,0.308811,PAUSE
3182,0.000000,0.000000,0.472046,PAUSE
3183,0.000000,0.000000,0.621929,ALLOW
3184,0.000000,0.333333,0.430292,PAUSE
3185,0.000000,0.333333,0.279843,PAUSE
3186,0.000000,0.000000,0.326055,PAUSE
3187,0.000000,0.000000,0.453757,PAUSE
3188,0.000000,0.333333,0.333823,PAUSE
3189,0.000000,0.000000,0.397111,PAUSE
3190,0.000000,0.333333,0.293590,PAUSE
3191,0.000000,0.333333,0.207526,PAUSE
3192,0.000000,0.000000,0.275348,PAUSE
3193,0.000000,0.000000,0.413319,PAUSE
3194,0.000000,0.333333,0.311878,PAUSE
3195,0.000000,0.000000,0.382295,PAUSE
3196,0.000000,0.333333,0.285804,PAUSE
3197,0.000000,0.333333,0.203663,PAUSE
3198,0.000000,0.333333,0.151869,PAUSE
3199,0.000000,1.000000,0.069007,PAUSE
3200,0.000000,0.333333,0.044473,PAUSE
3201,0.000000,0.333333,0.043686,PAUSE
3202,0.000000,0.000000,0.108509,PAUSE
3203,0.000000,0.000000,0.236949,PAUSE
3204,0.000000,0.000000,0.399100,PAUSE
3205,0.000000,0.333333,0.306521,PAUSE
3206,0.000000,0.333333,0.217482,PAUSE
3207,0.000000,1.000000,0.096871,PAUSE
3208,0.000000,0.333333,0.057531,PAUSE
3209,0.000000,0.000000,0.098092,PAUSE
3210,0.000000,0.333333,0.102664,PAUSE
3211,0.000000,0.333333,0.098389,PAUSE
3212,0.000000,0.333333,0.093302,PAUSE
3213,0.000000,1.000000,0.044361,PAUSE
3214,0.000000,0.333333,0.033073,PAUSE
3215,0.000000,0.333333,0.037678,PAUSE
3216,0.000000,0.000000,0.103018,PAUSE
3217,0.000000,0.333333,0.110950,PAUSE
3218,0.000000,0.000000,0.209333,PAUSE
3219,0.000000,0.333333,0.185447,PAUSE
3220,0.000000,0.000000,0.281045,PAUSE
3221,0.000000,0.333333,0.228932,PAUSE
3222,0.000000,0.333333,0.174138,PAUSE
3223,0.000000,1.000000,0.078743,PAUSE
3224,0.000000,0.333333,0.049364,PAUSE
3225,0.000000,0.333333,0.046549,PAUSE
3226,0.000000,0.333333,0.052808,PAUSE
3227,0.000000,0.110056,0.098426,PAUSE
3228,0.000000,0.000000,0.214831,PAUSE
3229,0.000000,0.333333,0.191486,PAUSE
3230,0.000000,0.333333,0.154407,PAUSE
3231,0.000000,0.629122,0.088445,PAUSE
3232,0.000000,0.000000,0.128059,PAUSE
3233,0.000000,0.000000,0.246862,PAUSE
3234,0.000000,0.000000,0.405035,PAUSE
3235,0.000000,0.333333,0.309465,PAUSE
3236,0.000000,0.000000,0.382278,PAUSE
3237,0.000000,0.000000,0.514929,ALLOW
3238,0.000000,0.333333,0.368978,PAUSE
3239,0.000000,0.000000,0.422117,PAUSE
3240,0.000000,0.000000,0.544174,ALLOW
3241,0.000000,0.000000,0.670470,ALLOW
3242,0.000000,0.333333,0.454615,PAUSE
3243,0.000000,0.333333,0.291310,PAUSE
3244,0.000000,0.333333,0.196054,PAUSE
3245,0.000000,0.000000,0.256897,PAUSE
3246,0.000000,0.000000,0.392631,PAUSE
3247,0.000000,0.333333,0.299709,PAUSE
3248,0.000000,0.000000,0.373300,PAUSE
3249,0.000000,0.000000,0.507055,ALLOW
3250,0.000000,0.000000,0.642766,ALLOW
