============================================================
DT-2 SIMULATION LOG
START TIME: 2026-04-16 21:17:56.414193
============================================================

[SEQ 0] [LAYER INIT]
CMD      : M221 S200
TRUST    : acc_cmd=0.000 | acc_exec=1.000 | trust=0.330
DECISION : PAUSE
MACHINE  : Machine-2
------------------------------------------------------------
[SEQ 0] [STATIC-BASELINE]
CMD      : M221 | effects={'M': 221.0, 'S': 200.0}
DECISION : BLOCK
------------------------------------------------------------
[SEQ 0] [IEEE-BASELINE]
SCORE    : anomaly_score=0.000
DECISION : ALLOW
------------------------------------------------------------
[SEQ 1] [LAYER INIT]
CMD      : ;HEADER_VERSION:0.1
TRUST    : acc_cmd=0.000 | acc_exec=0.000 | trust=0.231
DECISION : PAUSE
MACHINE  : Machine-2
------------------------------------------------------------
[SEQ 1] [STATIC-BASELINE]
CMD      : None | effects={}
DECISION : ALLOW
------------------------------------------------------------
[SEQ 1] [IEEE-BASELINE]
SCORE    : anomaly_score=0.000
DECISION : ALLOW
------------------------------------------------------------
[SEQ 2] [LAYER INIT]
CMD      : ;FLAVOR:Griffin
TRUST    : acc_cmd=0.000 | acc_exec=0.000 | trust=0.296
DECISION : PAUSE
MACHINE  : Machine-2
------------------------------------------------------------
[SEQ 2] [STATIC-BASELINE]
CMD      : None | effects={}
DECISION : ALLOW
------------------------------------------------------------
[SEQ 2] [IEEE-BASELINE]
SCORE    : anomaly_score=0.000
DECISION : ALLOW
------------------------------------------------------------
[SEQ 3] [LAYER INIT]
CMD      : M221 S200
TRUST    : acc_cmd=0.000 | acc_exec=1.000 | trust=0.134
DECISION : PAUSE
MACHINE  : Machine-2
------------------------------------------------------------
[SEQ 3] [STATIC-BASELINE]
CMD      : M221 | effects={'M': 221.0, 'S': 200.0}
DECISION : BLOCK
------------------------------------------------------------
[SEQ 3] [IEEE-BASELINE]
SCORE    : anomaly_score=0.000
DECISION : ALLOW
------------------------------------------------------------
[SEQ 4] [LAYER INIT]
CMD      : ;GENERATOR.VERSION:5.11.0
TRUST    : acc_cmd=0.000 | acc_exec=0.000 | trust=0.121
DECISION : PAUSE
MACHINE  : Machine-2
------------------------------------------------------------
[SEQ 4] [STATIC-BASELINE]
CMD      : None | effects={}
DECISION : ALLOW
------------------------------------------------------------
[SEQ 4] [IEEE-BASELINE]
SCORE    : anomaly_score=0.000
DECISION : ALLOW
------------------------------------------------------------
[SEQ 5] [LAYER INIT]
CMD      : ;GENERATOR.BUILD_DATE:2025-10-23
TRUST    : acc_cmd=0.000 | acc_exec=0.000 | trust=0.210
DECISION : PAUSE
MACHINE  : Machine-2
------------------------------------------------------------
[SEQ 5] [STATIC-BASELINE]
CMD      : None | effects={}
DECISION : ALLOW
------------------------------------------------------------
[SEQ 5] [IEEE-BASELINE]
SCORE    : anomaly_score=0.000
DECISION : ALLOW
------------------------------------------------------------
[SEQ 6] [LAYER INIT]
CMD      : M221 S200
TRUST    : acc_cmd=0.000 | acc_exec=1.000 | trust=0.097
DECISION : PAUSE
MACHINE  : Machine-2
------------------------------------------------------------
[SEQ 6] [STATIC-BASELINE]
CMD      : M221 | effects={'M': 221.0, 'S': 200.0}
DECISION : BLOCK
------------------------------------------------------------
[SEQ 6] [IEEE-BASELINE]
SCORE    : anomaly_score=0.000
DECISION : ALLOW
------------------------------------------------------------
[SEQ 7] [LAYER INIT]
CMD      : M221 S200
TRUST    : acc_cmd=0.000 | acc_exec=1.000 | trust=0.042
DECISION : PAUSE
MACHINE  : Machine-2
------------------------------------------------------------
[SEQ 7] [STATIC-BASELINE]
CMD      : M221 | effects={'M': 221.0, 'S': 200.0}
DECISION : BLOCK
------------------------------------------------------------
[SEQ 7] [IEEE-BASELINE]
SCORE    : anomaly_score=0.000
DECISION : ALLOW
------------------------------------------------------------
[SEQ 8] [LAYER INIT]
CMD      : ;EXTRUDER_TRAIN.0.NOZZLE.DIAMETER:0.4
TRUST    : acc_cmd=0.000 | acc_exec=0.000 | trust=0.042
DECISION : PAUSE
MACHINE  : Machine-2
------------------------------------------------------------
[SEQ 8] [STATIC-BASELINE]
CMD      : None | effects={}
DECISION : ALLOW
------------------------------------------------------------
[SEQ 8] [IEEE-BASELINE]
SCORE    : anomaly_score=0.000
DECISION : ALLOW
------------------------------------------------------------
[SEQ 9] [LAYER INIT]
CMD      : ;EXTRUDER_TRAIN.0.NOZZLE.NAME:unknown
TRUST    : acc_cmd=0.000 | acc_exec=0.000 | trust=0.107
DECISION : PAUSE
MACHINE  : Machine-2
------------------------------------------------------------
[SEQ 9] [STATIC-BASELINE]
CMD      : None | effects={}
DECISION : ALLOW
------------------------------------------------------------
[SEQ 9] [IEEE-BASELINE]
SCORE    : anomaly_score=0.000
DECISION : ALLOW
------------------------------------------------------------
[SEQ 10] [LAYER INIT]
CMD      : ;BUILD_PLATE.INITIAL_TEMPERATURE:60
TRUST    : acc_cmd=0.000 | acc_exec=0.000 | trust=0.235
DECISION : PAUSE
MACHINE  : Machine-2
------------------------------------------------------------
[SEQ 10] [STATIC-BASELINE]
CMD      : None | effects={}
DECISION : ALLOW
------------------------------------------------------------
[SEQ 10] [IEEE-BASELINE]
SCORE    : anomaly_score=0.000
DECISION : ALLOW
------------------------------------------------------------
[SEQ 11] [LAYER INIT]
CMD      : ;BUILD_VOLUME.TEMPERATURE:0
TRUST    : acc_cmd=0.000 | acc_exec=0.000 | trust=0.397
DECISION : PAUSE
MACHINE  : Machine-2
------------------------------------------------------------
[SEQ 11] [STATIC-BASELINE]
CMD      : None | effects={}
DECISION : ALLOW
------------------------------------------------------------
[SEQ 11] [IEEE-BASELINE]
SCORE    : anomaly_score=0.000
DECISION : ALLOW
------------------------------------------------------------
[SEQ 12] [LAYER INIT]
CMD      : ;PRINT.GROUPS:1
TRUST    : acc_cmd=0.000 | acc_exec=0.000 | trust=0.557
DECISION : ALLOW
MACHINE  : Machine-2
------------------------------------------------------------
[SEQ 12] [STATIC-BASELINE]
CMD      : None | effects={}
DECISION : ALLOW
------------------------------------------------------------
[SEQ 12] [IEEE-BASELINE]
SCORE    : anomaly_score=0.000
DECISION : ALLOW
------------------------------------------------------------
[SEQ 13] [LAYER INIT]
CMD      : M221 S200
TRUST    : acc_cmd=0.000 | acc_exec=1.000 | trust=0.246
DECISION : PAUSE
MACHINE  : Machine-2
------------------------------------------------------------
[SEQ 13] [STATIC-BASELINE]
CMD      : M221 | effects={'M': 221.0, 'S': 200.0}
DECISION : BLOCK
------------------------------------------------------------
[SEQ 13] [IEEE-BASELINE]
SCORE    : anomaly_score=0.000
DECISION : ALLOW
------------------------------------------------------------
[SEQ 14] [LAYER INIT]
CMD      : ;PRINT.SIZE.MIN.Y:0
TRUST    : acc_cmd=0.000 | acc_exec=0.000 | trust=0.184
DECISION : PAUSE
MACHINE  : Machine-2
------------------------------------------------------------
[SEQ 14] [STATIC-BASELINE]
CMD      : None | effects={}
DECISION : ALLOW
------------------------------------------------------------
[SEQ 14] [IEEE-BASELINE]
SCORE    : anomaly_score=0.000
DECISION : ALLOW
------------------------------------------------------------
[SEQ 15] [LAYER INIT]
CMD      : ;PRINT.SIZE.MIN.Z:0
TRUST    : acc_cmd=0.000 | acc_exec=0.000 | trust=0.260
DECISION : PAUSE
MACHINE  : Machine-2
------------------------------------------------------------
[SEQ 15] [STATIC-BASELINE]
CMD      : None | effects={}
DECISION : ALLOW
------------------------------------------------------------
[SEQ 15] [IEEE-BASELINE]
SCORE    : anomaly_score=0.000
DECISION : ALLOW
------------------------------------------------------------
[SEQ 16] [LAYER INIT]
CMD      : G92 E1000
TRUST    : acc_cmd=0.000 | acc_exec=1.000 | trust=0.119
DECISION : PAUSE
MACHINE  : Machine-2
------------------------------------------------------------
[SEQ 16] [STATIC-BASELINE]
CMD      : G92 | effects={'reset': {'G': 92.0, 'E': 1000.0}}
DECISION : BLOCK
------------------------------------------------------------
[SEQ 16] [IEEE-BASELINE]
SCORE    : anomaly_score=0.000
DECISION : ALLOW
------------------------------------------------------------
[SEQ 17] [LAYER INIT]
CMD      : ;PRINT.SIZE.MAX.Y:0.01
TRUST    : acc_cmd=0.000 | acc_exec=0.000 | trust=0.113
DECISION : PAUSE
MACHINE  : Machine-2
------------------------------------------------------------
[SEQ 17] [STATIC-BASELINE]
CMD      : None | effects={}
DECISION : ALLOW
------------------------------------------------------------
[SEQ 17] [IEEE-BASELINE]
SCORE    : anomaly_score=0.000
DECISION : ALLOW
------------------------------------------------------------
[SEQ 18] [LAYER INIT]
CMD      : M92 E2000
TRUST    : acc_cmd=0.000 | acc_exec=1.000 | trust=0.053
DECISION : PAUSE
MACHINE  : Machine-2
------------------------------------------------------------
[SEQ 18] [STATIC-BASELINE]
CMD      : M92 | effects={'M': 92.0, 'E': 2000.0}
DECISION : BLOCK
------------------------------------------------------------
[SEQ 18] [IEEE-BASELINE]
SCORE    : anomaly_score=0.000
DECISION : ALLOW
------------------------------------------------------------
[SEQ 19] [LAYER INIT]
CMD      : M92 E2000
TRUST    : acc_cmd=0.000 | acc_exec=1.000 | trust=0.023
DECISION : PAUSE
MACHINE  : Machine-2
------------------------------------------------------------
[SEQ 19] [STATIC-BASELINE]
CMD      : M92 | effects={'M': 92.0, 'E': 2000.0}
DECISION : BLOCK
------------------------------------------------------------
[SEQ 19] [IEEE-BASELINE]
SCORE    : anomaly_score=0.000
DECISION : ALLOW
------------------------------------------------------------
[SEQ 20] [LAYER INIT]
CMD      : ;END_OF_HEADER
TRUST    : acc_cmd=0.000 | acc_exec=0.000 | trust=0.030
DECISION : PAUSE
MACHINE  : Machine-2
------------------------------------------------------------
[SEQ 20] [STATIC-BASELINE]
CMD      : None | effects={}
DECISION : ALLOW
------------------------------------------------------------
[SEQ 20] [IEEE-BASELINE]
SCORE    : anomaly_score=0.000
DECISION : ALLOW
------------------------------------------------------------
[SEQ 21] [LAYER INIT]
CMD      : M92 E2000
TRUST    : acc_cmd=0.000 | acc_exec=1.000 | trust=0.016
DECISION : PAUSE
MACHINE  : Machine-2
------------------------------------------------------------
[SEQ 21] [STATIC-BASELINE]
CMD      : M92 | effects={'M': 92.0, 'E': 2000.0}
DECISION : BLOCK
------------------------------------------------------------
[SEQ 21] [IEEE-BASELINE]
SCORE    : anomaly_score=0.000
DECISION : ALLOW
------------------------------------------------------------
[SEQ 22] [LAYER INIT]
CMD      : ;Generated with Cura_SteamEngine 5.11.0
TRUST    : acc_cmd=0.000 | acc_exec=0.000 | trust=0.036
DECISION : PAUSE
MACHINE  : Machine-2
------------------------------------------------------------
[SEQ 22] [STATIC-BASELINE]
CMD      : None | effects={}
DECISION : ALLOW
------------------------------------------------------------
[SEQ 22] [IEEE-BASELINE]
SCORE    : anomaly_score=0.000
DECISION : ALLOW
------------------------------------------------------------
[SEQ 23] [LAYER INIT]
CMD      : T0
TRUST    : acc_cmd=0.000 | acc_exec=0.000 | trust=0.113
DECISION : PAUSE
MACHINE  : Machine-2
------------------------------------------------------------
[SEQ 23] [STATIC-BASELINE]
CMD      : T0 | effects={'T': 0.0}
DECISION : ALLOW
------------------------------------------------------------
[SEQ 23] [IEEE-BASELINE]
SCORE    : anomaly_score=0.000
DECISION : ALLOW
------------------------------------------------------------
[SEQ 24] [LAYER INIT]
CMD      : 
TRUST    : acc_cmd=0.000 | acc_exec=0.000 | trust=0.248
DECISION : PAUSE
MACHINE  : Machine-2
------------------------------------------------------------
[SEQ 24] [STATIC-BASELINE]
CMD      : None | effects={}
DECISION : ALLOW
------------------------------------------------------------
[SEQ 24] [IEEE-BASELINE]
SCORE    : anomaly_score=0.000
DECISION : ALLOW
------------------------------------------------------------
[SEQ 25] [LAYER INIT]
CMD      : M221 S200
TRUST    : acc_cmd=0.000 | acc_exec=1.000 | trust=0.115
DECISION : PAUSE
MACHINE  : Machine-2
------------------------------------------------------------
[SEQ 25] [STATIC-BASELINE]
CMD      : M221 | effects={'M': 221.0, 'S': 200.0}
DECISION : BLOCK
------------------------------------------------------------
[SEQ 25] [IEEE-BASELINE]
SCORE    : anomaly_score=0.000
DECISION : ALLOW
------------------------------------------------------------
[SEQ 26] [LAYER INIT]
CMD      : M92 E2000
TRUST    : acc_cmd=0.000 | acc_exec=1.000 | trust=0.049
DECISION : PAUSE
MACHINE  : Machine-2
------------------------------------------------------------
[SEQ 26] [STATIC-BASELINE]
CMD      : M92 | effects={'M': 92.0, 'E': 2000.0}
DECISION : BLOCK
------------------------------------------------------------
[SEQ 26] [IEEE-BASELINE]
SCORE    : anomaly_score=0.000
DECISION : ALLOW
------------------------------------------------------------
[SEQ 27] [LAYER INIT]
CMD      : M190 S60
TRUST    : acc_cmd=0.000 | acc_exec=0.000 | trust=0.046
DECISION : PAUSE
MACHINE  : Machine-2
------------------------------------------------------------
[SEQ 27] [STATIC-BASELINE]
CMD      : M190 | effects={'M': 190.0, 'S': 60.0}
DECISION : ALLOW
------------------------------------------------------------
[SEQ 27] [IEEE-BASELINE]
SCORE    : anomaly_score=0.000
DECISION : ALLOW
------------------------------------------------------------
[SEQ 28] [LAYER INIT]
CMD      : M104 S215
TRUST    : acc_cmd=0.000 | acc_exec=0.000 | trust=0.111
DECISION : PAUSE
MACHINE  : Machine-2
------------------------------------------------------------
[SEQ 28] [STATIC-BASELINE]
CMD      : M104 | effects={'M': 104.0, 'S': 215.0, 'prev_temp': None}
DECISION : ALLOW
------------------------------------------------------------
[SEQ 28] [IEEE-BASELINE]
SCORE    : anomaly_score=0.000
DECISION : ALLOW
------------------------------------------------------------
[SEQ 29] [LAYER INIT]
CMD      : M109 S215
TRUST    : acc_cmd=0.000 | acc_exec=0.000 | trust=0.240
DECISION : PAUSE
MACHINE  : Machine-2
------------------------------------------------------------
[SEQ 29] [STATIC-BASELINE]
CMD      : M109 | effects={'M': 109.0, 'S': 215.0, 'prev_temp': 215.0}
DECISION : ALLOW
------------------------------------------------------------
[SEQ 29] [IEEE-BASELINE]
SCORE    : anomaly_score=0.000
DECISION : ALLOW
------------------------------------------------------------
[SEQ 30] [LAYER INIT]
CMD      : G92 E1000
TRUST    : acc_cmd=0.000 | acc_exec=1.000 | trust=0.111
DECISION : PAUSE
MACHINE  : Machine-2
------------------------------------------------------------
[SEQ 30] [STATIC-BASELINE]
CMD      : G92 | effects={'reset': {'G': 92.0, 'E': 1000.0}}
DECISION : BLOCK
------------------------------------------------------------
[SEQ 30] [IEEE-BASELINE]
SCORE    : anomaly_score=0.000
DECISION : ALLOW
------------------------------------------------------------
[SEQ 31] [LAYER INIT]
CMD      : M221 S200
TRUST    : acc_cmd=0.000 | acc_exec=1.000 | trust=0.048
DECISION : PAUSE
MACHINE  : Machine-2
------------------------------------------------------------
[SEQ 31] [STATIC-BASELINE]
CMD      : M221 | effects={'M': 221.0, 'S': 200.0}
DECISION : BLOCK
------------------------------------------------------------
[SEQ 31] [IEEE-BASELINE]
SCORE    : anomaly_score=0.000
DECISION : ALLOW
------------------------------------------------------------
[SEQ 32] [LAYER INIT]
CMD      : G1 F1500 E-6.5
TRUST    : acc_cmd=0.000 | acc_exec=1.000 | trust=0.020
DECISION : PAUSE
MACHINE  : Machine-2
------------------------------------------------------------
[SEQ 32] [STATIC-BASELINE]
CMD      : G1 | effects={'dx': 0.0, 'dy': 0.0, 'dz': 0.0, 'de': -1006.5, 'xy_dist': 0.0, 'params': {'G': 1.0, 'F': 1500.0, 'E': -6.5}}
DECISION : ALLOW
------------------------------------------------------------
[SEQ 32] [IEEE-BASELINE]
SCORE    : anomaly_score=0.000
DECISION : ALLOW
------------------------------------------------------------
[SEQ 33] [LAYER INIT]
CMD      : M92 E2000
TRUST    : acc_cmd=0.000 | acc_exec=1.000 | trust=0.009
DECISION : PAUSE
MACHINE  : Machine-2
------------------------------------------------------------
[SEQ 33] [STATIC-BASELINE]
CMD      : M92 | effects={'M': 92.0, 'E': 2000.0}
DECISION : BLOCK
------------------------------------------------------------
[SEQ 33] [IEEE-BASELINE]
SCORE    : anomaly_score=0.000
DECISION : ALLOW
------------------------------------------------------------
[SEQ 34] [LAYER 0]
CMD      : ;LAYER:0
TRUST    : acc_cmd=0.000 | acc_exec=0.000 | trust=0.015
DECISION : PAUSE
MACHINE  : Machine-2
------------------------------------------------------------
[SEQ 34] [STATIC-BASELINE]
CMD      : None | effects={}
DECISION : ALLOW
------------------------------------------------------------
[SEQ 34] [IEEE-BASELINE]
SCORE    : anomaly_score=0.000
DECISION : ALLOW
------------------------------------------------------------
[SEQ 35] [LAYER 0]
CMD      : M107
TRUST    : acc_cmd=0.000 | acc_exec=0.000 | trust=0.060
DECISION : PAUSE
MACHINE  : Machine-2
------------------------------------------------------------
[SEQ 35] [STATIC-BASELINE]
CMD      : M107 | effects={'M': 107.0}
DECISION : ALLOW
------------------------------------------------------------
[SEQ 35] [IEEE-BASELINE]
SCORE    : anomaly_score=0.000
DECISION : ALLOW
------------------------------------------------------------
[SEQ 36] [LAYER 0]
CMD      : M104 S0
TRUST    : acc_cmd=0.000 | acc_exec=0.000 | trust=0.166
DECISION : PAUSE
MACHINE  : Machine-2
------------------------------------------------------------
[SEQ 36] [STATIC-BASELINE]
CMD      : M104 | effects={'M': 104.0, 'S': 0.0, 'prev_temp': 215.0}
DECISION : ALLOW
------------------------------------------------------------
[SEQ 36] [IEEE-BASELINE]
SCORE    : anomaly_score=0.000
DECISION : ALLOW
------------------------------------------------------------
[SEQ 37] [LAYER 0]
CMD      : G0 F3600 X157.878 Y114.798 Z0.2
TRUST    : acc_cmd=0.000 | acc_exec=0.000 | trust=0.319
DECISION : PAUSE
MACHINE  : Machine-2
------------------------------------------------------------
[SEQ 37] [STATIC-BASELINE]
CMD      : G0 | effects={'dx': 157.878, 'dy': 114.798, 'dz': 0.2, 'de': 0.0, 'xy_dist': 195.20257090520093, 'params': {'G': 0.0, 'F': 3600.0, 'X': 157.878, 'Y': 114.798, 'Z': 0.2}}
DECISION : ALLOW
------------------------------------------------------------
[SEQ 37] [IEEE-BASELINE]
SCORE    : anomaly_score=0.000
DECISION : ALLOW
------------------------------------------------------------
[SEQ 38] [LAYER 0]
CMD      : M92 E2000
TRUST    : acc_cmd=1.000 | acc_exec=1.000 | trust=0.145
DECISION : PAUSE
MACHINE  : Machine-2
------------------------------------------------------------
[SEQ 38] [STATIC-BASELINE]
CMD      : M92 | effects={'M': 92.0, 'E': 2000.0}
DECISION : BLOCK
------------------------------------------------------------
[SEQ 38] [IEEE-BASELINE]
SCORE    : anomaly_score=0.000
DECISION : ALLOW
------------------------------------------------------------
[SEQ 39] [LAYER 0]
CMD      : G1 F1500 E0
TRUST    : acc_cmd=0.000 | acc_exec=0.000 | trust=0.131
DECISION : PAUSE
MACHINE  : Machine-2
------------------------------------------------------------
[SEQ 39] [STATIC-BASELINE]
CMD      : G1 | effects={'dx': 0.0, 'dy': 0.0, 'dz': 0.0, 'de': 6.5, 'xy_dist': 0.0, 'params': {'G': 1.0, 'F': 1500.0, 'E': 0.0}}
DECISION : ALLOW
------------------------------------------------------------
[SEQ 39] [IEEE-BASELINE]
SCORE    : anomaly_score=0.000
DECISION : ALLOW
------------------------------------------------------------
[SEQ 40] [LAYER 0]
CMD      : G1 F1800 X159.31 Y113.268 E0.03942
TRUST    : acc_cmd=0.000 | acc_exec=0.000 | trust=0.221
DECISION : PAUSE
MACHINE  : Machine-2
------------------------------------------------------------
[SEQ 40] [STATIC-BASELINE]
CMD      : G1 | effects={'dx': 1.4320000000000164, 'dy': -1.5300000000000011, 'dz': 0.0, 'de': 0.03942, 'xy_dist': 2.0955963351752764, 'params': {'G': 1.0, 'F': 1800.0, 'X': 159.31, 'Y': 113.268, 'E': 0.03942}}
DECISION : ALLOW
------------------------------------------------------------
[SEQ 40] [IEEE-BASELINE]
SCORE    : anomaly_score=0.000
DECISION : ALLOW
------------------------------------------------------------
[SEQ 41] [LAYER 0]
CMD      : G1 X160.147 Y112.609 E0.05946
TRUST    : acc_cmd=0.000 | acc_exec=0.000 | trust=0.369
DECISION : PAUSE
MACHINE  : Machine-2
------------------------------------------------------------
[SEQ 41] [STATIC-BASELINE]
CMD      : G1 | effects={'dx': 0.8369999999999891, 'dy': -0.659000000000006, 'dz': 0.0, 'de': 0.020040000000000002, 'xy_dist': 1.0652933868188565, 'params': {'G': 1.0, 'X': 160.147, 'Y': 112.609, 'E': 0.05946}}
DECISION : ALLOW
------------------------------------------------------------
[SEQ 41] [IEEE-BASELINE]
SCORE    : anomaly_score=0.000
DECISION : ALLOW
------------------------------------------------------------
[SEQ 42] [LAYER 0]
CMD      : M221 S200
TRUST    : acc_cmd=1.000 | acc_exec=1.000 | trust=0.167
DECISION : PAUSE
MACHINE  : Machine-2
------------------------------------------------------------
[SEQ 42] [STATIC-BASELINE]
CMD      : M221 | effects={'M': 221.0, 'S': 200.0}
DECISION : BLOCK
------------------------------------------------------------
[SEQ 42] [IEEE-BASELINE]
SCORE    : anomaly_score=0.000
DECISION : ALLOW
------------------------------------------------------------
[SEQ 43] [LAYER 0]
CMD      : G92 E1000
TRUST    : acc_cmd=0.000 | acc_exec=1.000 | trust=0.070
DECISION : PAUSE
MACHINE  : Machine-2
------------------------------------------------------------
[SEQ 43] [STATIC-BASELINE]
CMD      : G92 | effects={'reset': {'G': 92.0, 'E': 1000.0}}
DECISION : BLOCK
------------------------------------------------------------
[SEQ 43] [IEEE-BASELINE]
SCORE    : anomaly_score=0.000
DECISION : ALLOW
------------------------------------------------------------
[SEQ 44] [LAYER 0]
CMD      : G92 E1000
TRUST    : acc_cmd=0.000 | acc_exec=1.000 | trust=0.030
DECISION : PAUSE
MACHINE  : Machine-2
------------------------------------------------------------
[SEQ 44] [STATIC-BASELINE]
CMD      : G92 | effects={'reset': {'G': 92.0, 'E': 1000.0}}
DECISION : BLOCK
------------------------------------------------------------
[SEQ 44] [IEEE-BASELINE]
SCORE    : anomaly_score=0.000
DECISION : ALLOW
------------------------------------------------------------
[SEQ 45] [LAYER 0]
CMD      : G1 X168.166 Y111.744 E0.21638
TRUST    : acc_cmd=0.000 | acc_exec=1.000 | trust=0.013
DECISION : PAUSE
MACHINE  : Machine-2
------------------------------------------------------------
[SEQ 45] [STATIC-BASELINE]
CMD      : G1 | effects={'dx': 8.019000000000005, 'dy': -0.8649999999999949, 'dz': 0.0, 'de': -999.78362, 'xy_dist': 8.065518334242386, 'params': {'G': 1.0, 'X': 168.166, 'Y': 111.744, 'E': 0.21638}}
DECISION : ALLOW
------------------------------------------------------------
[SEQ 45] [IEEE-BASELINE]
SCORE    : anomaly_score=0.000
DECISION : ALLOW
------------------------------------------------------------
[SEQ 46] [LAYER 0]
CMD      : G92 E1000
TRUST    : acc_cmd=0.000 | acc_exec=1.000 | trust=0.006
DECISION : PAUSE
MACHINE  : Machine-2
------------------------------------------------------------
[SEQ 46] [STATIC-BASELINE]
CMD      : G92 | effects={'reset': {'G': 92.0, 'E': 1000.0}}
DECISION : BLOCK
------------------------------------------------------------
[SEQ 46] [IEEE-BASELINE]
SCORE    : anomaly_score=0.000
DECISION : ALLOW
------------------------------------------------------------
[SEQ 47] [LAYER 0]
CMD      : G1 X172.334 Y115.094 E0.31868
TRUST    : acc_cmd=0.000 | acc_exec=1.000 | trust=0.003
DECISION : PAUSE
MACHINE  : Machine-2
------------------------------------------------------------
[SEQ 47] [STATIC-BASELINE]
CMD      : G1 | effects={'dx': 4.168000000000006, 'dy': 3.3499999999999943, 'dz': 0.0, 'de': -999.68132, 'xy_dist': 5.347403482064919, 'params': {'G': 1.0, 'X': 172.334, 'Y': 115.094, 'E': 0.31868}}
DECISION : ALLOW
------------------------------------------------------------
[SEQ 47] [IEEE-BASELINE]
SCORE    : anomaly_score=0.000
DECISION : ALLOW
------------------------------------------------------------
[SEQ 48] [LAYER 0]
CMD      : M92 E2000
TRUST    : acc_cmd=1.000 | acc_exec=1.000 | trust=0.001
DECISION : PAUSE
MACHINE  : Machine-2
------------------------------------------------------------
[SEQ 48] [STATIC-BASELINE]
CMD      : M92 | effects={'M': 92.0, 'E': 2000.0}
DECISION : BLOCK
------------------------------------------------------------
[SEQ 48] [IEEE-BASELINE]
SCORE    : anomaly_score=0.000
DECISION : ALLOW
------------------------------------------------------------
[SEQ 49] [LAYER 0]
CMD      : G1 X173.79 Y118.663 E0.39158
TRUST    : acc_cmd=0.000 | acc_exec=0.000 | trust=0.008
DECISION : PAUSE
MACHINE  : Machine-2
------------------------------------------------------------
[SEQ 49] [STATIC-BASELINE]
CMD      : G1 | effects={'dx': 1.4559999999999889, 'dy': 3.5690000000000026, 'dz': 0.0, 'de': 0.07289999999999996, 'xy_dist': 3.854568328619949, 'params': {'G': 1.0, 'X': 173.79, 'Y': 118.663, 'E': 0.39158}}
DECISION : ALLOW
------------------------------------------------------------
[SEQ 49] [IEEE-BASELINE]
SCORE    : anomaly_score=0.000
DECISION : ALLOW
------------------------------------------------------------
[SEQ 50] [LAYER 0]
CMD      : G1 X173.743 Y121.418 E0.44341
TRUST    : acc_cmd=0.000 | acc_exec=0.000 | trust=0.046
DECISION : PAUSE
MACHINE  : Machine-2
------------------------------------------------------------
[SEQ 50] [STATIC-BASELINE]
CMD      : G1 | effects={'dx': -0.046999999999997044, 'dy': 2.7550000000000097, 'dz': 0.0, 'de': 0.05183000000000004, 'xy_dist': 2.755400878275256, 'params': {'G': 1.0, 'X': 173.743, 'Y': 121.418, 'E': 0.44341}}
DECISION : ALLOW
------------------------------------------------------------
[SEQ 50] [IEEE-BASELINE]
SCORE    : anomaly_score=0.000
DECISION : ALLOW
------------------------------------------------------------
[SEQ 51] [LAYER 0]
CMD      : M221 S200
TRUST    : acc_cmd=1.000 | acc_exec=1.000 | trust=0.025
DECISION : PAUSE
MACHINE  : Machine-2
------------------------------------------------------------
[SEQ 51] [STATIC-BASELINE]
CMD      : M221 | effects={'M': 221.0, 'S': 200.0}
DECISION : BLOCK
------------------------------------------------------------
[SEQ 51] [IEEE-BASELINE]
SCORE    : anomaly_score=0.000
DECISION : ALLOW
------------------------------------------------------------
[SEQ 52] [LAYER 0]
CMD      : M221 S200
TRUST    : acc_cmd=1.000 | acc_exec=1.000 | trust=0.012
DECISION : PAUSE
MACHINE  : Machine-2
------------------------------------------------------------
[SEQ 52] [STATIC-BASELINE]
CMD      : M221 | effects={'M': 221.0, 'S': 200.0}
DECISION : BLOCK
------------------------------------------------------------
[SEQ 52] [IEEE-BASELINE]
SCORE    : anomaly_score=0.000
DECISION : ALLOW
------------------------------------------------------------
[SEQ 53] [LAYER 0]
CMD      : G1 X169.985 Y127.264 E0.57756
TRUST    : acc_cmd=0.000 | acc_exec=0.000 | trust=0.024
DECISION : PAUSE
MACHINE  : Machine-2
------------------------------------------------------------
[SEQ 53] [STATIC-BASELINE]
CMD      : G1 | effects={'dx': -3.7579999999999814, 'dy': 5.845999999999989, 'dz': 0.0, 'de': 0.13414999999999994, 'xy_dist': 6.949696396246367, 'params': {'G': 1.0, 'X': 169.985, 'Y': 127.264, 'E': 0.57756}}
DECISION : ALLOW
------------------------------------------------------------
[SEQ 53] [IEEE-BASELINE]
SCORE    : anomaly_score=0.000
DECISION : ALLOW
------------------------------------------------------------
[SEQ 54] [LAYER 0]
CMD      : M221 S200
TRUST    : acc_cmd=1.000 | acc_exec=1.000 | trust=0.013
DECISION : PAUSE
MACHINE  : Machine-2
------------------------------------------------------------
[SEQ 54] [STATIC-BASELINE]
CMD      : M221 | effects={'M': 221.0, 'S': 200.0}
DECISION : BLOCK
------------------------------------------------------------
[SEQ 54] [IEEE-BASELINE]
SCORE    : anomaly_score=0.000
DECISION : ALLOW
------------------------------------------------------------
[SEQ 55] [LAYER 0]
CMD      : G1 X166.322 Y128.742 E0.65233
TRUST    : acc_cmd=0.000 | acc_exec=0.000 | trust=0.034
DECISION : PAUSE
MACHINE  : Machine-2
------------------------------------------------------------
[SEQ 55] [STATIC-BASELINE]
CMD      : G1 | effects={'dx': -3.663000000000011, 'dy': 1.4779999999999944, 'dz': 0.0, 'de': 0.07477, 'xy_dist': 3.9499434173162613, 'params': {'G': 1.0, 'X': 166.322, 'Y': 128.742, 'E': 0.65233}}
DECISION : ALLOW
------------------------------------------------------------
[SEQ 55] [IEEE-BASELINE]
SCORE    : anomaly_score=0.000
DECISION : ALLOW
------------------------------------------------------------
[SEQ 56] [LAYER 0]
CMD      : G1 X163.768 Y128.789 E0.70038
TRUST    : acc_cmd=0.000 | acc_exec=0.000 | trust=0.110
DECISION : PAUSE
MACHINE  : Machine-2
------------------------------------------------------------
[SEQ 56] [STATIC-BASELINE]
CMD      : G1 | effects={'dx': -2.554000000000002, 'dy': 0.046999999999997044, 'dz': 0.0, 'de': 0.04805000000000004, 'xy_dist': 2.5544324222809283, 'params': {'G': 1.0, 'X': 163.768, 'Y': 128.789, 'E': 0.70038}}
DECISION : ALLOW
------------------------------------------------------------
[SEQ 56] [IEEE-BASELINE]
SCORE    : anomaly_score=0.000
DECISION : ALLOW
------------------------------------------------------------
[SEQ 57] [LAYER 0]
CMD      : M92 E2000
TRUST    : acc_cmd=1.000 | acc_exec=1.000 | trust=0.054
DECISION : PAUSE
MACHINE  : Machine-2
------------------------------------------------------------
[SEQ 57] [STATIC-BASELINE]
CMD      : M92 | effects={'M': 92.0, 'E': 2000.0}
DECISION : BLOCK
------------------------------------------------------------
[SEQ 57] [IEEE-BASELINE]
SCORE    : anomaly_score=0.000
DECISION : ALLOW
------------------------------------------------------------
[SEQ 58] [LAYER 0]
CMD      : M221 S200
TRUST    : acc_cmd=1.000 | acc_exec=1.000 | trust=0.024
DECISION : PAUSE
MACHINE  : Machine-2
------------------------------------------------------------
[SEQ 58] [STATIC-BASELINE]
CMD      : M221 | effects={'M': 221.0, 'S': 200.0}
DECISION : BLOCK
------------------------------------------------------------
[SEQ 58] [IEEE-BASELINE]
SCORE    : anomaly_score=0.000
DECISION : ALLOW
------------------------------------------------------------
[SEQ 59] [LAYER 0]
CMD      : G92 E1000
TRUST    : acc_cmd=0.000 | acc_exec=1.000 | trust=0.011
DECISION : PAUSE
MACHINE  : Machine-2
------------------------------------------------------------
[SEQ 59] [STATIC-BASELINE]
CMD      : G92 | effects={'reset': {'G': 92.0, 'E': 1000.0}}
DECISION : BLOCK
------------------------------------------------------------
[SEQ 59] [IEEE-BASELINE]
SCORE    : anomaly_score=0.000
DECISION : ALLOW
------------------------------------------------------------
[SEQ 60] [LAYER 0]
CMD      : G1 X156.979 Y123.865 E0.86379
TRUST    : acc_cmd=0.000 | acc_exec=1.000 | trust=0.005
DECISION : PAUSE
MACHINE  : Machine-2
------------------------------------------------------------
[SEQ 60] [STATIC-BASELINE]
CMD      : G1 | effects={'dx': -6.788999999999987, 'dy': -4.923999999999992, 'dz': 0.0, 'de': -999.13621, 'xy_dist': 8.386673774506777, 'params': {'G': 1.0, 'X': 156.979, 'Y': 123.865, 'E': 0.86379}}
DECISION : ALLOW
------------------------------------------------------------
[SEQ 60] [IEEE-BASELINE]
SCORE    : anomaly_score=0.000
DECISION : ALLOW
------------------------------------------------------------
[SEQ 61] [LAYER 0]
CMD      : G1 X156.258 Y121.306 E0.9138
TRUST    : acc_cmd=0.000 | acc_exec=0.000 | trust=0.012
DECISION : PAUSE
MACHINE  : Machine-2
------------------------------------------------------------
[SEQ 61] [STATIC-BASELINE]
CMD      : G1 | effects={'dx': -0.7210000000000036, 'dy': -2.5589999999999975, 'dz': 0.0, 'de': 0.05001, 'xy_dist': 2.6586316029115413, 'params': {'G': 1.0, 'X': 156.258, 'Y': 121.306, 'E': 0.9138}}
DECISION : ALLOW
------------------------------------------------------------
[SEQ 61] [IEEE-BASELINE]
SCORE    : anomaly_score=0.000
DECISION : ALLOW
------------------------------------------------------------
[SEQ 62] [LAYER 0]
CMD      : G1 X156.218 Y118.878 E0.95947
TRUST    : acc_cmd=0.000 | acc_exec=0.000 | trust=0.057
DECISION : PAUSE
MACHINE  : Machine-2
------------------------------------------------------------
[SEQ 62] [STATIC-BASELINE]
CMD      : G1 | effects={'dx': -0.040000000000020464, 'dy': -2.4279999999999973, 'dz': 0.0, 'de': 0.0456700000000001, 'xy_dist': 2.428329466938123, 'params': {'G': 1.0, 'X': 156.218, 'Y': 118.878, 'E': 0.95947}}
DECISION : ALLOW
------------------------------------------------------------
[SEQ 62] [IEEE-BASELINE]
SCORE    : anomaly_score=0.000
DECISION : ALLOW
------------------------------------------------------------
[SEQ 63] [LAYER 0]
CMD      : G1 X156.411 Y117.996 E0.97646
TRUST    : acc_cmd=0.000 | acc_exec=0.000 | trust=0.162
DECISION : PAUSE
MACHINE  : Machine-2
------------------------------------------------------------
[SEQ 63] [STATIC-BASELINE]
CMD      : G1 | effects={'dx': 0.19300000000001205, 'dy': -0.882000000000005, 'dz': 0.0, 'de': 0.01698999999999995, 'xy_dist': 0.9028693150174135, 'params': {'G': 1.0, 'X': 156.411, 'Y': 117.996, 'E': 0.97646}}
DECISION : ALLOW
------------------------------------------------------------
[SEQ 63] [IEEE-BASELINE]
SCORE    : anomaly_score=0.000
DECISION : ALLOW
------------------------------------------------------------
[SEQ 64] [LAYER 0]
CMD      : M92 E2000
TRUST    : acc_cmd=1.000 | acc_exec=1.000 | trust=0.077
DECISION : PAUSE
MACHINE  : Machine-2
------------------------------------------------------------
[SEQ 64] [STATIC-BASELINE]
CMD      : M92 | effects={'M': 92.0, 'E': 2000.0}
DECISION : BLOCK
------------------------------------------------------------
[SEQ 64] [IEEE-BASELINE]
SCORE    : anomaly_score=0.000
DECISION : ALLOW
------------------------------------------------------------
[SEQ 65] [LAYER 0]
CMD      : G1 X157.878 Y114.798 E1.04279
TRUST    : acc_cmd=0.000 | acc_exec=0.000 | trust=0.090
DECISION : PAUSE
MACHINE  : Machine-2
------------------------------------------------------------
[SEQ 65] [STATIC-BASELINE]
CMD      : G1 | effects={'dx': 1.4669999999999845, 'dy': -3.1979999999999933, 'dz': 0.0, 'de': 0.06633000000000011, 'xy_dist': 3.5184219474076603, 'params': {'G': 1.0, 'X': 157.878, 'Y': 114.798, 'E': 1.04279}}
DECISION : ALLOW
------------------------------------------------------------
[SEQ 65] [IEEE-BASELINE]
SCORE    : anomaly_score=0.000
DECISION : ALLOW
------------------------------------------------------------
[SEQ 66] [LAYER 0]
CMD      : M221 S200
TRUST    : acc_cmd=1.000 | acc_exec=1.000 | trust=0.043
DECISION : PAUSE
MACHINE  : Machine-2
------------------------------------------------------------
[SEQ 66] [STATIC-BASELINE]
CMD      : M221 | effects={'M': 221.0, 'S': 200.0}
DECISION : BLOCK
------------------------------------------------------------
[SEQ 66] [IEEE-BASELINE]
SCORE    : anomaly_score=0.000
DECISION : ALLOW
------------------------------------------------------------
[SEQ 67] [LAYER 0]
CMD      : G1 F1800 X159.558 Y113.582 E1.08025
TRUST    : acc_cmd=0.000 | acc_exec=0.000 | trust=0.060
DECISION : PAUSE
MACHINE  : Machine-2
------------------------------------------------------------
[SEQ 67] [STATIC-BASELINE]
CMD      : G1 | effects={'dx': 1.6800000000000068, 'dy': -1.2160000000000082, 'dz': 0.0, 'de': 0.03745999999999983, 'xy_dist': 2.0738987439120655, 'params': {'G': 1.0, 'F': 1800.0, 'X': 159.558, 'Y': 113.582, 'E': 1.08025}}
DECISION : ALLOW
------------------------------------------------------------
[SEQ 67] [IEEE-BASELINE]
SCORE    : anomaly_score=0.000
DECISION : ALLOW
------------------------------------------------------------
[SEQ 68] [LAYER 0]
CMD      : G1 X160.354 Y112.955 E1.09931
TRUST    : acc_cmd=0.000 | acc_exec=0.000 | trust=0.147
DECISION : PAUSE
MACHINE  : Machine-2
------------------------------------------------------------
[SEQ 68] [STATIC-BASELINE]
CMD      : G1 | effects={'dx': 0.7960000000000207, 'dy': -0.6269999999999953, 'dz': 0.0, 'de': 0.019060000000000077, 'xy_dist': 1.0132842641628395, 'params': {'G': 1.0, 'X': 160.354, 'Y': 112.955, 'E': 1.09931}}
DECISION : ALLOW
------------------------------------------------------------
[SEQ 68] [IEEE-BASELINE]
SCORE    : anomaly_score=0.000
DECISION : ALLOW
------------------------------------------------------------
[SEQ 69] [LAYER 0]
CMD      : G1 X162.364 Y112.048 E1.14079
TRUST    : acc_cmd=0.000 | acc_exec=0.000 | trust=0.291
DECISION : PAUSE
MACHINE  : Machine-2
------------------------------------------------------------
[SEQ 69] [STATIC-BASELINE]
CMD      : G1 | effects={'dx': 2.009999999999991, 'dy': -0.9069999999999965, 'dz': 0.0, 'de': 0.04147999999999996, 'xy_dist': 2.2051641662243555, 'params': {'G': 1.0, 'X': 162.364, 'Y': 112.048, 'E': 1.14079}}
DECISION : ALLOW
------------------------------------------------------------
[SEQ 69] [IEEE-BASELINE]
SCORE    : anomaly_score=0.000
DECISION : ALLOW
------------------------------------------------------------
[SEQ 70] [LAYER 0]
CMD      : G1 X163.674 Y111.66 E1.16649
TRUST    : acc_cmd=0.000 | acc_exec=0.000 | trust=0.456
DECISION : PAUSE
MACHINE  : Machine-2
------------------------------------------------------------
[SEQ 70] [STATIC-BASELINE]
CMD      : G1 | effects={'dx': 1.3100000000000023, 'dy': -0.38800000000000523, 'dz': 0.0, 'de': 0.025700000000000056, 'xy_dist': 1.366251806952148, 'params': {'G': 1.0, 'X': 163.674, 'Y': 111.66, 'E': 1.16649}}
DECISION : ALLOW
------------------------------------------------------------
[SEQ 70] [IEEE-BASELINE]
SCORE    : anomaly_score=0.000
DECISION : ALLOW
------------------------------------------------------------
[SEQ 71] [LAYER 0]
CMD      : M221 S200
TRUST    : acc_cmd=1.000 | acc_exec=1.000 | trust=0.204
DECISION : PAUSE
MACHINE  : Machine-2
------------------------------------------------------------
[SEQ 71] [STATIC-BASELINE]
CMD      : M221 | effects={'M': 221.0, 'S': 200.0}
DECISION : BLOCK
------------------------------------------------------------
[SEQ 71] [IEEE-BASELINE]
SCORE    : anomaly_score=0.000
DECISION : ALLOW
------------------------------------------------------------
[SEQ 72] [LAYER 0]
CMD      : G92 E1000
TRUST    : acc_cmd=0.000 | acc_exec=1.000 | trust=0.085
DECISION : PAUSE
MACHINE  : Machine-2
------------------------------------------------------------
[SEQ 72] [STATIC-BASELINE]
CMD      : G92 | effects={'reset': {'G': 92.0, 'E': 1000.0}}
DECISION : BLOCK
------------------------------------------------------------
[SEQ 72] [IEEE-BASELINE]
SCORE    : anomaly_score=0.000
DECISION : ALLOW
------------------------------------------------------------
[SEQ 73] [LAYER 0]
CMD      : M92 E2000
TRUST    : acc_cmd=1.000 | acc_exec=1.000 | trust=0.036
DECISION : PAUSE
MACHINE  : Machine-2
------------------------------------------------------------
[SEQ 73] [STATIC-BASELINE]
CMD      : M92 | effects={'M': 92.0, 'E': 2000.0}
DECISION : BLOCK
------------------------------------------------------------
[SEQ 73] [IEEE-BASELINE]
SCORE    : anomaly_score=0.000
DECISION : ALLOW
------------------------------------------------------------
[SEQ 74] [LAYER 0]
CMD      : G1 X172.03 Y115.354 E1.34791
TRUST    : acc_cmd=0.000 | acc_exec=1.000 | trust=0.015
DECISION : PAUSE
MACHINE  : Machine-2
------------------------------------------------------------
[SEQ 74] [STATIC-BASELINE]
CMD      : G1 | effects={'dx': 8.355999999999995, 'dy': 3.6940000000000026, 'dz': 0.0, 'de': -998.65209, 'xy_dist': 9.13610267017616, 'params': {'G': 1.0, 'X': 172.03, 'Y': 115.354, 'E': 1.34791}}
DECISION : ALLOW
------------------------------------------------------------
[SEQ 74] [IEEE-BASELINE]
SCORE    : anomaly_score=0.000
DECISION : ALLOW
------------------------------------------------------------
[SEQ 75] [LAYER 0]
CMD      : G1 X172.472 Y116.046 E1.36336
TRUST    : acc_cmd=0.000 | acc_exec=0.000 | trust=0.017
DECISION : PAUSE
MACHINE  : Machine-2
------------------------------------------------------------
[SEQ 75] [STATIC-BASELINE]
CMD      : G1 | effects={'dx': 0.4420000000000073, 'dy': 0.6920000000000073, 'dz': 0.0, 'de': 0.015449999999999964, 'xy_dist': 0.8211138776077387, 'params': {'G': 1.0, 'X': 172.472, 'Y': 116.046, 'E': 1.36336}}
DECISION : ALLOW
------------------------------------------------------------
[SEQ 75] [IEEE-BASELINE]
SCORE    : anomaly_score=0.000
DECISION : ALLOW
------------------------------------------------------------
[SEQ 76] [LAYER 0]
CMD      : G1 X173.389 Y118.725 E1.41662
TRUST    : acc_cmd=0.000 | acc_exec=0.000 | trust=0.063
DECISION : PAUSE
MACHINE  : Machine-2
------------------------------------------------------------
[SEQ 76] [STATIC-BASELINE]
CMD      : G1 | effects={'dx': 0.9170000000000016, 'dy': 2.678999999999988, 'dz': 0.0, 'de': 0.053260000000000085, 'xy_dist': 2.8315949569103167, 'params': {'G': 1.0, 'X': 173.389, 'Y': 118.725, 'E': 1.41662}}
DECISION : ALLOW
------------------------------------------------------------
[SEQ 76] [IEEE-BASELINE]
SCORE    : anomaly_score=0.000
DECISION : ALLOW
------------------------------------------------------------
[SEQ 77] [LAYER 0]
CMD      : G1 X173.344 Y121.354 E1.46608
TRUST    : acc_cmd=0.000 | acc_exec=0.000 | trust=0.169
DECISION : PAUSE
MACHINE  : Machine-2
------------------------------------------------------------
[SEQ 77] [STATIC-BASELINE]
CMD      : G1 | effects={'dx': -0.045000000000015916, 'dy': 2.629000000000005, 'dz': 0.0, 'de': 0.04946000000000006, 'xy_dist': 2.629385099219973, 'params': {'G': 1.0, 'X': 173.344, 'Y': 121.354, 'E': 1.46608}}
DECISION : ALLOW
------------------------------------------------------------
[SEQ 77] [IEEE-BASELINE]
SCORE    : anomaly_score=0.000
DECISION : ALLOW
------------------------------------------------------------
[SEQ 78] [LAYER 0]
CMD      : M221 S200
TRUST    : acc_cmd=1.000 | acc_exec=1.000 | trust=0.080
DECISION : PAUSE
MACHINE  : Machine-2
------------------------------------------------------------
[SEQ 78] [STATIC-BASELINE]
CMD      : M221 | effects={'M': 221.0, 'S': 200.0}
DECISION : BLOCK
------------------------------------------------------------
[SEQ 78] [IEEE-BASELINE]
SCORE    : anomaly_score=0.000
DECISION : ALLOW
------------------------------------------------------------
[SEQ 79] [LAYER 0]
CMD      : M92 E2000
TRUST    : acc_cmd=1.000 | acc_exec=1.000 | trust=0.035
DECISION : PAUSE
MACHINE  : Machine-2
------------------------------------------------------------
[SEQ 79] [STATIC-BASELINE]
CMD      : M92 | effects={'M': 92.0, 'E': 2000.0}
DECISION : BLOCK
------------------------------------------------------------
[SEQ 79] [IEEE-BASELINE]
SCORE    : anomaly_score=0.000
DECISION : ALLOW
------------------------------------------------------------
[SEQ 80] [LAYER 0]
CMD      : M92 E2000
TRUST    : acc_cmd=1.000 | acc_exec=1.000 | trust=0.015
DECISION : PAUSE
MACHINE  : Machine-2
------------------------------------------------------------
[SEQ 80] [STATIC-BASELINE]
CMD      : M92 | effects={'M': 92.0, 'E': 2000.0}
DECISION : BLOCK
------------------------------------------------------------
[SEQ 80] [IEEE-BASELINE]
SCORE    : anomaly_score=0.000
DECISION : ALLOW
------------------------------------------------------------
[SEQ 81] [LAYER 0]
CMD      : G1 X168.274 Y127.759 E1.62604
TRUST    : acc_cmd=0.000 | acc_exec=0.000 | trust=0.021
DECISION : PAUSE
MACHINE  : Machine-2
------------------------------------------------------------
[SEQ 81] [STATIC-BASELINE]
CMD      : G1 | effects={'dx': -5.069999999999993, 'dy': 6.405000000000001, 'dz': 0.0, 'de': 0.15995999999999988, 'xy_dist': 8.168777448308893, 'params': {'G': 1.0, 'X': 168.274, 'Y': 127.759, 'E': 1.62604}}
DECISION : ALLOW
------------------------------------------------------------
[SEQ 81] [IEEE-BASELINE]
SCORE    : anomaly_score=0.000
DECISION : ALLOW
------------------------------------------------------------
[SEQ 82] [LAYER 0]
CMD      : M221 S200
TRUST    : acc_cmd=1.000 | acc_exec=1.000 | trust=0.012
DECISION : PAUSE
MACHINE  : Machine-2
------------------------------------------------------------
[SEQ 82] [STATIC-BASELINE]
CMD      : M221 | effects={'M': 221.0, 'S': 200.0}
DECISION : BLOCK
------------------------------------------------------------
[SEQ 82] [IEEE-BASELINE]
SCORE    : anomaly_score=0.000
DECISION : ALLOW
------------------------------------------------------------
[SEQ 83] [LAYER 0]
CMD      : G1 X163.824 Y128.388 E1.71132
TRUST    : acc_cmd=0.000 | acc_exec=0.000 | trust=0.031
DECISION : PAUSE
MACHINE  : Machine-2
------------------------------------------------------------
[SEQ 83] [STATIC-BASELINE]
CMD      : G1 | effects={'dx': -4.449999999999989, 'dy': 0.6290000000000049, 'dz': 0.0, 'de': 0.08528000000000002, 'xy_dist': 4.494234195054804, 'params': {'G': 1.0, 'X': 163.824, 'Y': 128.388, 'E': 1.71132}}
DECISION : ALLOW
------------------------------------------------------------
[SEQ 83] [IEEE-BASELINE]
SCORE    : anomaly_score=0.000
DECISION : ALLOW
------------------------------------------------------------
[SEQ 84] [LAYER 0]
CMD      : M92 E2000
TRUST    : acc_cmd=1.000 | acc_exec=1.000 | trust=0.017
DECISION : PAUSE
MACHINE  : Machine-2
------------------------------------------------------------
[SEQ 84] [STATIC-BASELINE]
CMD      : M92 | effects={'M': 92.0, 'E': 2000.0}
DECISION : BLOCK
------------------------------------------------------------
[SEQ 84] [IEEE-BASELINE]
SCORE    : anomaly_score=0.000
DECISION : ALLOW
------------------------------------------------------------
[SEQ 85] [LAYER 0]
CMD      : G92 E1000
TRUST    : acc_cmd=0.000 | acc_exec=1.000 | trust=0.008
DECISION : PAUSE
MACHINE  : Machine-2
------------------------------------------------------------
[SEQ 85] [STATIC-BASELINE]
CMD      : G92 | effects={'reset': {'G': 92.0, 'E': 1000.0}}
DECISION : BLOCK
------------------------------------------------------------
[SEQ 85] [IEEE-BASELINE]
SCORE    : anomaly_score=0.000
DECISION : ALLOW
------------------------------------------------------------
[SEQ 86] [LAYER 0]
CMD      : G1 X157.364 Y123.757 E1.86597
TRUST    : acc_cmd=0.000 | acc_exec=1.000 | trust=0.004
DECISION : PAUSE
MACHINE  : Machine-2
------------------------------------------------------------
[SEQ 86] [STATIC-BASELINE]
CMD      : G1 | effects={'dx': -6.460000000000008, 'dy': -4.631, 'dz': 0.0, 'de': -998.13403, 'xy_dist': 7.948443935765044, 'params': {'G': 1.0, 'X': 157.364, 'Y': 123.757, 'E': 1.86597}}
DECISION : ALLOW
------------------------------------------------------------
[SEQ 86] [IEEE-BASELINE]
SCORE    : anomaly_score=0.000
DECISION : ALLOW
------------------------------------------------------------
[SEQ 87] [LAYER 0]
CMD      : G1 X156.657 Y121.248 E1.915
TRUST    : acc_cmd=0.000 | acc_exec=0.000 | trust=0.013
DECISION : PAUSE
MACHINE  : Machine-2
------------------------------------------------------------
[SEQ 87] [STATIC-BASELINE]
CMD      : G1 | effects={'dx': -0.7069999999999936, 'dy': -2.5090000000000003, 'dz': 0.0, 'de': 0.04903000000000013, 'xy_dist': 2.6067086526882886, 'params': {'G': 1.0, 'X': 156.657, 'Y': 121.248, 'E': 1.915}}
DECISION : ALLOW
------------------------------------------------------------
[SEQ 87] [IEEE-BASELINE]
SCORE    : anomaly_score=0.000
DECISION : ALLOW
------------------------------------------------------------
[SEQ 88] [LAYER 0]
CMD      : G1 X156.619 Y118.916 E1.95887
TRUST    : acc_cmd=0.000 | acc_exec=0.000 | trust=0.062
DECISION : PAUSE
MACHINE  : Machine-2
------------------------------------------------------------
[SEQ 88] [STATIC-BASELINE]
CMD      : G1 | effects={'dx': -0.038000000000010914, 'dy': -2.332000000000008, 'dz': 0.0, 'de': 0.043869999999999854, 'xy_dist': 2.332309584939366, 'params': {'G': 1.0, 'X': 156.619, 'Y': 118.916, 'E': 1.95887}}
DECISION : ALLOW
------------------------------------------------------------
[SEQ 88] [IEEE-BASELINE]
SCORE    : anomaly_score=0.000
DECISION : ALLOW
------------------------------------------------------------
[SEQ 89] [LAYER 0]
CMD      : M221 S200
TRUST    : acc_cmd=1.000 | acc_exec=1.000 | trust=0.032
DECISION : PAUSE
MACHINE  : Machine-2
------------------------------------------------------------
[SEQ 89] [STATIC-BASELINE]
CMD      : M221 | effects={'M': 221.0, 'S': 200.0}
DECISION : BLOCK
------------------------------------------------------------
[SEQ 89] [IEEE-BASELINE]
SCORE    : anomaly_score=0.000
DECISION : ALLOW
------------------------------------------------------------
[SEQ 90] [LAYER 0]
CMD      : G1 X157.559 Y116.17 E2.01362
TRUST    : acc_cmd=0.000 | acc_exec=0.000 | trust=0.055
DECISION : PAUSE
MACHINE  : Machine-2
------------------------------------------------------------
[SEQ 90] [STATIC-BASELINE]
CMD      : G1 | effects={'dx': 0.9399999999999977, 'dy': -2.745999999999995, 'dz': 0.0, 'de': 0.054750000000000076, 'xy_dist': 2.9024327726925856, 'params': {'G': 1.0, 'X': 157.559, 'Y': 116.17, 'E': 2.01362}}
DECISION : ALLOW
------------------------------------------------------------
[SEQ 90] [IEEE-BASELINE]
SCORE    : anomaly_score=0.000
DECISION : ALLOW
------------------------------------------------------------
[SEQ 91] [LAYER 0]
CMD      : M221 S200
TRUST    : acc_cmd=1.000 | acc_exec=1.000 | trust=0.028
DECISION : PAUSE
MACHINE  : Machine-2
------------------------------------------------------------
[SEQ 91] [STATIC-BASELINE]
CMD      : M221 | effects={'M': 221.0, 'S': 200.0}
DECISION : BLOCK
------------------------------------------------------------
[SEQ 91] [IEEE-BASELINE]
SCORE    : anomaly_score=0.000
DECISION : ALLOW
------------------------------------------------------------
[SEQ 92] [LAYER 0]
CMD      : G0 F3600 X158.526 Y115.278
TRUST    : acc_cmd=0.000 | acc_exec=0.000 | trust=0.049
DECISION : PAUSE
MACHINE  : Machine-2
------------------------------------------------------------
[SEQ 92] [STATIC-BASELINE]
CMD      : G0 | effects={'dx': 0.967000000000013, 'dy': -0.8919999999999959, 'dz': 0.0, 'de': 0.0, 'xy_dist': 1.315580860304686, 'params': {'G': 0.0, 'F': 3600.0, 'X': 158.526, 'Y': 115.278}}
DECISION : ALLOW
------------------------------------------------------------
[SEQ 92] [IEEE-BASELINE]
SCORE    : anomaly_score=0.000
DECISION : ALLOW
------------------------------------------------------------
[SEQ 93] [LAYER 0]
CMD      : G1 F1800 X159.851 Y113.855 E2.07466
TRUST    : acc_cmd=0.000 | acc_exec=0.000 | trust=0.135
DECISION : PAUSE
MACHINE  : Machine-2
------------------------------------------------------------
[SEQ 93] [STATIC-BASELINE]
CMD      : G1 | effects={'dx': 1.3249999999999886, 'dy': -1.4230000000000018, 'dz': 0.0, 'de': 0.061040000000000205, 'xy_dist': 1.9443646777289425, 'params': {'G': 1.0, 'F': 1800.0, 'X': 159.851, 'Y': 113.855, 'E': 2.07466}}
DECISION : ALLOW
------------------------------------------------------------
[SEQ 93] [IEEE-BASELINE]
SCORE    : anomaly_score=0.000
DECISION : ALLOW
------------------------------------------------------------
[SEQ 94] [LAYER 0]
CMD      : G1 X160.563 Y113.299 E2.09165
TRUST    : acc_cmd=0.000 | acc_exec=0.000 | trust=0.277
DECISION : PAUSE
MACHINE  : Machine-2
------------------------------------------------------------
[SEQ 94] [STATIC-BASELINE]
CMD      : G1 | effects={'dx': 0.7119999999999891, 'dy': -0.5559999999999974, 'dz': 0.0, 'de': 0.01698999999999984, 'xy_dist': 0.9033714629099048, 'params': {'G': 1.0, 'X': 160.563, 'Y': 113.299, 'E': 2.09165}}
DECISION : ALLOW
------------------------------------------------------------
[SEQ 94] [IEEE-BASELINE]
SCORE    : anomaly_score=0.000
DECISION : ALLOW
------------------------------------------------------------
[SEQ 95] [LAYER 0]
CMD      : G1 X162.478 Y112.432 E2.13119
TRUST    : acc_cmd=0.000 | acc_exec=0.000 | trust=0.442
DECISION : PAUSE
MACHINE  : Machine-2
------------------------------------------------------------
[SEQ 95] [STATIC-BASELINE]
CMD      : G1 | effects={'dx': 1.9150000000000205, 'dy': -0.8670000000000044, 'dz': 0.0, 'de': 0.03954000000000013, 'xy_dist': 2.1021213095347484, 'params': {'G': 1.0, 'X': 162.478, 'Y': 112.432, 'E': 2.13119}}
DECISION : ALLOW
------------------------------------------------------------
[SEQ 95] [IEEE-BASELINE]
SCORE    : anomaly_score=0.000
DECISION : ALLOW
------------------------------------------------------------
[SEQ 96] [LAYER 0]
CMD      : M92 E2000
TRUST    : acc_cmd=1.000 | acc_exec=1.000 | trust=0.198
DECISION : PAUSE
MACHINE  : Machine-2
------------------------------------------------------------
[SEQ 96] [STATIC-BASELINE]
CMD      : M92 | effects={'M': 92.0, 'E': 2000.0}
DECISION : BLOCK
------------------------------------------------------------
[SEQ 96] [IEEE-BASELINE]
SCORE    : anomaly_score=0.000
DECISION : ALLOW
------------------------------------------------------------
[SEQ 97] [LAYER 0]
CMD      : M221 S200
TRUST    : acc_cmd=1.000 | acc_exec=1.000 | trust=0.083
DECISION : PAUSE
MACHINE  : Machine-2
------------------------------------------------------------
[SEQ 97] [STATIC-BASELINE]
CMD      : M221 | effects={'M': 221.0, 'S': 200.0}
DECISION : BLOCK
------------------------------------------------------------
[SEQ 97] [IEEE-BASELINE]
SCORE    : anomaly_score=0.000
DECISION : ALLOW
------------------------------------------------------------
[SEQ 98] [LAYER 0]
CMD      : G1 X167.877 Y112.497 E2.23483
TRUST    : acc_cmd=0.000 | acc_exec=0.000 | trust=0.063
DECISION : PAUSE
MACHINE  : Machine-2
------------------------------------------------------------
[SEQ 98] [STATIC-BASELINE]
CMD      : G1 | effects={'dx': 5.399000000000001, 'dy': 0.06499999999999773, 'dz': 0.0, 'de': 0.10363999999999995, 'xy_dist': 5.399391261985003, 'params': {'G': 1.0, 'X': 167.877, 'Y': 112.497, 'E': 2.23483}}
DECISION : ALLOW
------------------------------------------------------------
[SEQ 98] [IEEE-BASELINE]
SCORE    : anomaly_score=0.000
DECISION : ALLOW
------------------------------------------------------------
[SEQ 99] [LAYER 0]
CMD      : M92 E2000
TRUST    : acc_cmd=1.000 | acc_exec=1.000 | trust=0.030
DECISION : PAUSE
MACHINE  : Machine-2
------------------------------------------------------------
[SEQ 99] [STATIC-BASELINE]
CMD      : M92 | effects={'M': 92.0, 'E': 2000.0}
DECISION : BLOCK
------------------------------------------------------------
[SEQ 99] [IEEE-BASELINE]
SCORE    : anomaly_score=0.000
DECISION : ALLOW
------------------------------------------------------------
[SEQ 100] [LAYER 0]
CMD      : M221 S200
TRUST    : acc_cmd=1.000 | acc_exec=1.000 | trust=0.014
DECISION : PAUSE
MACHINE  : Machine-2
------------------------------------------------------------
[SEQ 100] [STATIC-BASELINE]
CMD      : M221 | effects={'M': 221.0, 'S': 200.0}
DECISION : BLOCK
------------------------------------------------------------
[SEQ 100] [IEEE-BASELINE]
SCORE    : anomaly_score=0.000
DECISION : ALLOW
------------------------------------------------------------
[SEQ 101] [LAYER 0]
CMD      : M221 S200
TRUST    : acc_cmd=1.000 | acc_exec=1.000 | trust=0.006
DECISION : PAUSE
MACHINE  : Machine-2
------------------------------------------------------------
[SEQ 101] [STATIC-BASELINE]
CMD      : M221 | effects={'M': 221.0, 'S': 200.0}
DECISION : BLOCK
------------------------------------------------------------
[SEQ 101] [IEEE-BASELINE]
SCORE    : anomaly_score=0.000
DECISION : ALLOW
------------------------------------------------------------
[SEQ 102] [LAYER 0]
CMD      : G1 X172.988 Y118.786 E2.39409
TRUST    : acc_cmd=0.000 | acc_exec=0.000 | trust=0.014
DECISION : PAUSE
MACHINE  : Machine-2
------------------------------------------------------------
[SEQ 102] [STATIC-BASELINE]
CMD      : G1 | effects={'dx': 5.11099999999999, 'dy': 6.2890000000000015, 'dz': 0.0, 'de': 0.15925999999999974, 'xy_dist': 8.103939905996336, 'params': {'G': 1.0, 'X': 172.988, 'Y': 118.786, 'E': 2.39409}}
DECISION : ALLOW
------------------------------------------------------------
[SEQ 102] [IEEE-BASELINE]
SCORE    : anomaly_score=0.000
DECISION : ALLOW
------------------------------------------------------------
[SEQ 103] [LAYER 0]
CMD      : G1 X172.945 Y121.291 E2.44122
TRUST    : acc_cmd=0.000 | acc_exec=0.000 | trust=0.063
DECISION : PAUSE
MACHINE  : Machine-2
------------------------------------------------------------
[SEQ 103] [STATIC-BASELINE]
CMD      : G1 | effects={'dx': -0.043000000000006366, 'dy': 2.5049999999999955, 'dz': 0.0, 'de': 0.047130000000000116, 'xy_dist': 2.505369034693288, 'params': {'G': 1.0, 'X': 172.945, 'Y': 121.291, 'E': 2.44122}}
DECISION : ALLOW
------------------------------------------------------------
[SEQ 103] [IEEE-BASELINE]
SCORE    : anomaly_score=0.000
DECISION : ALLOW
------------------------------------------------------------
[SEQ 104] [LAYER 0]
CMD      : G1 X172.294 Y123.39 E2.48256
TRUST    : acc_cmd=0.000 | acc_exec=0.000 | trust=0.172
DECISION : PAUSE
MACHINE  : Machine-2
------------------------------------------------------------
[SEQ 104] [STATIC-BASELINE]
CMD      : G1 | effects={'dx': -0.650999999999982, 'dy': 2.0990000000000038, 'dz': 0.0, 'de': 0.04133999999999993, 'xy_dist': 2.1976355475829, 'params': {'G': 1.0, 'X': 172.294, 'Y': 123.39, 'E': 2.48256}}
DECISION : ALLOW
------------------------------------------------------------
[SEQ 104] [IEEE-BASELINE]
SCORE    : anomaly_score=0.000
DECISION : ALLOW
------------------------------------------------------------
[SEQ 105] [LAYER 0]
CMD      : G92 E1000
TRUST    : acc_cmd=0.000 | acc_exec=1.000 | trust=0.081
DECISION : PAUSE
MACHINE  : Machine-2
------------------------------------------------------------
[SEQ 105] [STATIC-BASELINE]
CMD      : G92 | effects={'reset': {'G': 92.0, 'E': 1000.0}}
DECISION : BLOCK
------------------------------------------------------------
[SEQ 105] [IEEE-BASELINE]
SCORE    : anomaly_score=0.000
DECISION : ALLOW
------------------------------------------------------------
[SEQ 106] [LAYER 0]
CMD      : M221 S200
TRUST    : acc_cmd=1.000 | acc_exec=1.000 | trust=0.036
DECISION : PAUSE
MACHINE  : Machine-2
------------------------------------------------------------
[SEQ 106] [STATIC-BASELINE]
CMD      : M221 | effects={'M': 221.0, 'S': 200.0}
DECISION : BLOCK
------------------------------------------------------------
[SEQ 106] [IEEE-BASELINE]
SCORE    : anomaly_score=0.000
DECISION : ALLOW
------------------------------------------------------------
[SEQ 107] [LAYER 0]
CMD      : G92 E1000
TRUST    : acc_cmd=0.000 | acc_exec=1.000 | trust=0.015
DECISION : PAUSE
MACHINE  : Machine-2
------------------------------------------------------------
[SEQ 107] [STATIC-BASELINE]
CMD      : G92 | effects={'reset': {'G': 92.0, 'E': 1000.0}}
DECISION : BLOCK
------------------------------------------------------------
[SEQ 107] [IEEE-BASELINE]
SCORE    : anomaly_score=0.000
DECISION : ALLOW
------------------------------------------------------------
[SEQ 108] [LAYER 0]
CMD      : M221 S200
TRUST    : acc_cmd=1.000 | acc_exec=1.000 | trust=0.007
DECISION : PAUSE
MACHINE  : Machine-2
------------------------------------------------------------
[SEQ 108] [STATIC-BASELINE]
CMD      : M221 | effects={'M': 221.0, 'S': 200.0}
DECISION : BLOCK
------------------------------------------------------------
[SEQ 108] [IEEE-BASELINE]
SCORE    : anomaly_score=0.000
DECISION : ALLOW
------------------------------------------------------------
[SEQ 109] [LAYER 0]
CMD      : G1 X163.88 Y127.987 E2.67471
TRUST    : acc_cmd=0.000 | acc_exec=1.000 | trust=0.003
DECISION : PAUSE
MACHINE  : Machine-2
------------------------------------------------------------
[SEQ 109] [STATIC-BASELINE]
CMD      : G1 | effects={'dx': -8.414000000000016, 'dy': 4.596999999999994, 'dz': 0.0, 'de': -997.32529, 'xy_dist': 9.58789888348851, 'params': {'G': 1.0, 'X': 163.88, 'Y': 127.987, 'E': 2.67471}}
DECISION : ALLOW
------------------------------------------------------------
[SEQ 109] [IEEE-BASELINE]
SCORE    : anomaly_score=0.000
DECISION : ALLOW
------------------------------------------------------------
[SEQ 110] [LAYER 0]
CMD      : M92 E2000
TRUST    : acc_cmd=1.000 | acc_exec=1.000 | trust=0.002
DECISION : PAUSE
MACHINE  : Machine-2
------------------------------------------------------------
[SEQ 110] [STATIC-BASELINE]
CMD      : M92 | effects={'M': 92.0, 'E': 2000.0}
DECISION : BLOCK
------------------------------------------------------------
[SEQ 110] [IEEE-BASELINE]
SCORE    : anomaly_score=0.000
DECISION : ALLOW
------------------------------------------------------------
[SEQ 111] [LAYER 0]
CMD      : G1 X159.528 Y125.957 E2.76585
TRUST    : acc_cmd=0.000 | acc_exec=0.000 | trust=0.009
DECISION : PAUSE
MACHINE  : Machine-2
------------------------------------------------------------
[SEQ 111] [STATIC-BASELINE]
CMD      : G1 | effects={'dx': -4.352000000000004, 'dy': -2.030000000000001, 'dz': 0.0, 'de': 0.09113999999999978, 'xy_dist': 4.802166594361345, 'params': {'G': 1.0, 'X': 159.528, 'Y': 125.957, 'E': 2.76585}}
DECISION : ALLOW
------------------------------------------------------------
[SEQ 111] [IEEE-BASELINE]
SCORE    : anomaly_score=0.000
DECISION : ALLOW
------------------------------------------------------------
[SEQ 112] [LAYER 0]
CMD      : G1 X157.729 Y123.577 E2.82197
TRUST    : acc_cmd=0.000 | acc_exec=0.000 | trust=0.048
DECISION : PAUSE
MACHINE  : Machine-2
------------------------------------------------------------
[SEQ 112] [STATIC-BASELINE]
CMD      : G1 | effects={'dx': -1.7989999999999782, 'dy': -2.3799999999999955, 'dz': 0.0, 'de': 0.05611999999999995, 'xy_dist': 2.9834210229198126, 'params': {'G': 1.0, 'X': 157.729, 'Y': 123.577, 'E': 2.82197}}
DECISION : ALLOW
------------------------------------------------------------
[SEQ 112] [IEEE-BASELINE]
SCORE    : anomaly_score=0.000
DECISION : ALLOW
------------------------------------------------------------
[SEQ 113] [LAYER 0]
CMD      : G92 E1000
TRUST    : acc_cmd=0.000 | acc_exec=1.000 | trust=0.026
DECISION : PAUSE
MACHINE  : Machine-2
------------------------------------------------------------
[SEQ 113] [STATIC-BASELINE]
CMD      : G92 | effects={'reset': {'G': 92.0, 'E': 1000.0}}
DECISION : BLOCK
------------------------------------------------------------
[SEQ 113] [IEEE-BASELINE]
SCORE    : anomaly_score=0.000
DECISION : ALLOW
------------------------------------------------------------
[SEQ 114] [LAYER 0]
CMD      : M221 S200
TRUST    : acc_cmd=1.000 | acc_exec=1.000 | trust=0.012
DECISION : PAUSE
MACHINE  : Machine-2
------------------------------------------------------------
[SEQ 114] [STATIC-BASELINE]
CMD      : M221 | effects={'M': 221.0, 'S': 200.0}
DECISION : BLOCK
------------------------------------------------------------
[SEQ 114] [IEEE-BASELINE]
SCORE    : anomaly_score=0.000
DECISION : ALLOW
------------------------------------------------------------
[SEQ 115] [LAYER 0]
CMD      : M92 E2000
TRUST    : acc_cmd=1.000 | acc_exec=1.000 | trust=0.006
DECISION : PAUSE
MACHINE  : Machine-2
------------------------------------------------------------
[SEQ 115] [STATIC-BASELINE]
CMD      : M92 | effects={'M': 92.0, 'E': 2000.0}
DECISION : BLOCK
------------------------------------------------------------
[SEQ 115] [IEEE-BASELINE]
SCORE    : anomaly_score=0.000
DECISION : ALLOW
------------------------------------------------------------
[SEQ 116] [LAYER 0]
CMD      : G1 X157.907 Y116.368 E2.96225
TRUST    : acc_cmd=0.000 | acc_exec=1.000 | trust=0.003
DECISION : PAUSE
MACHINE  : Machine-2
------------------------------------------------------------
[SEQ 116] [STATIC-BASELINE]
CMD      : G1 | effects={'dx': 0.17799999999999727, 'dy': -7.209000000000003, 'dz': 0.0, 'de': -997.03775, 'xy_dist': 7.211197196027858, 'params': {'G': 1.0, 'X': 157.907, 'Y': 116.368, 'E': 2.96225}}
DECISION : ALLOW
------------------------------------------------------------
[SEQ 116] [IEEE-BASELINE]
SCORE    : anomaly_score=0.000
DECISION : ALLOW
------------------------------------------------------------
[SEQ 117] [LAYER 0]
CMD      : G1 X158.526 Y115.278 E2.98583
TRUST    : acc_cmd=0.000 | acc_exec=0.000 | trust=0.011
DECISION : PAUSE
MACHINE  : Machine-2
------------------------------------------------------------
[SEQ 117] [STATIC-BASELINE]
CMD      : G1 | effects={'dx': 0.6189999999999998, 'dy': -1.0899999999999892, 'dz': 0.0, 'de': 0.023579999999999934, 'xy_dist': 1.2534995013959822, 'params': {'G': 1.0, 'X': 158.526, 'Y': 115.278, 'E': 2.98583}}
DECISION : ALLOW
------------------------------------------------------------
[SEQ 117] [IEEE-BASELINE]
SCORE    : anomaly_score=0.000
DECISION : ALLOW
------------------------------------------------------------
[SEQ 118] [LAYER 0]
CMD      : G0 F3600 X158.851 Y115.517
TRUST    : acc_cmd=0.000 | acc_exec=0.000 | trust=0.055
DECISION : PAUSE
MACHINE  : Machine-2
------------------------------------------------------------
[SEQ 118] [STATIC-BASELINE]
CMD      : G0 | effects={'dx': 0.32499999999998863, 'dy': 0.2389999999999901, 'dz': 0.0, 'de': 0.0, 'xy_dist': 0.40341789747108137, 'params': {'G': 0.0, 'F': 3600.0, 'X': 158.851, 'Y': 115.517}}
DECISION : ALLOW
------------------------------------------------------------
[SEQ 118] [IEEE-BASELINE]
SCORE    : anomaly_score=0.000
DECISION : ALLOW
------------------------------------------------------------
[SEQ 119] [LAYER 0]
CMD      : G1 F1800 X160.144 Y114.128 E3.02153
TRUST    : acc_cmd=0.000 | acc_exec=0.000 | trust=0.158
DECISION : PAUSE
MACHINE  : Machine-2
------------------------------------------------------------
[SEQ 119] [STATIC-BASELINE]
CMD      : G1 | effects={'dx': 1.2930000000000064, 'dy': -1.3889999999999958, 'dz': 0.0, 'de': 0.03569999999999984, 'xy_dist': 1.897674893125797, 'params': {'G': 1.0, 'F': 1800.0, 'X': 160.144, 'Y': 114.128, 'E': 3.02153}}
DECISION : ALLOW
------------------------------------------------------------
[SEQ 119] [IEEE-BASELINE]
SCORE    : anomaly_score=0.000
DECISION : ALLOW
------------------------------------------------------------
[SEQ 120] [LAYER 0]
CMD      : G1 X160.771 Y113.644 E3.03643
TRUST    : acc_cmd=0.000 | acc_exec=0.000 | trust=0.310
DECISION : PAUSE
MACHINE  : Machine-2
------------------------------------------------------------
[SEQ 120] [STATIC-BASELINE]
CMD      : G1 | effects={'dx': 0.6269999999999811, 'dy': -0.48399999999999466, 'dz': 0.0, 'de': 0.014900000000000357, 'xy_dist': 0.7920763852053483, 'params': {'G': 1.0, 'X': 160.771, 'Y': 113.644, 'E': 3.03643}}
DECISION : ALLOW
------------------------------------------------------------
[SEQ 120] [IEEE-BASELINE]
SCORE    : anomaly_score=0.000
DECISION : ALLOW
------------------------------------------------------------
[SEQ 121] [LAYER 0]
CMD      : G92 E1000
TRUST    : acc_cmd=0.000 | acc_exec=1.000 | trust=0.141
DECISION : PAUSE
MACHINE  : Machine-2
------------------------------------------------------------
[SEQ 121] [STATIC-BASELINE]
CMD      : G92 | effects={'reset': {'G': 92.0, 'E': 1000.0}}
DECISION : BLOCK
------------------------------------------------------------
[SEQ 121] [IEEE-BASELINE]
SCORE    : anomaly_score=0.000
DECISION : ALLOW
------------------------------------------------------------
[SEQ 122] [LAYER 0]
CMD      : M92 E2000
TRUST    : acc_cmd=1.000 | acc_exec=1.000 | trust=0.060
DECISION : PAUSE
MACHINE  : Machine-2
------------------------------------------------------------
[SEQ 122] [STATIC-BASELINE]
CMD      : M92 | effects={'M': 92.0, 'E': 2000.0}
DECISION : BLOCK
------------------------------------------------------------
[SEQ 122] [IEEE-BASELINE]
SCORE    : anomaly_score=0.000
DECISION : ALLOW
------------------------------------------------------------
[SEQ 123] [LAYER 0]
CMD      : M221 S200
TRUST    : acc_cmd=1.000 | acc_exec=1.000 | trust=0.025
DECISION : PAUSE
MACHINE  : Machine-2
------------------------------------------------------------
[SEQ 123] [STATIC-BASELINE]
CMD      : M221 | effects={'M': 221.0, 'S': 200.0}
DECISION : BLOCK
------------------------------------------------------------
[SEQ 123] [IEEE-BASELINE]
SCORE    : anomaly_score=0.000
DECISION : ALLOW
------------------------------------------------------------
[SEQ 124] [LAYER 0]
CMD      : G1 X167.733 Y112.874 E3.17275
TRUST    : acc_cmd=0.000 | acc_exec=1.000 | trust=0.011
DECISION : PAUSE
MACHINE  : Machine-2
------------------------------------------------------------
[SEQ 124] [STATIC-BASELINE]
CMD      : G1 | effects={'dx': 6.9620000000000175, 'dy': -0.7700000000000102, 'dz': 0.0, 'de': -996.82725, 'xy_dist': 7.0044517272945965, 'params': {'G': 1.0, 'X': 167.733, 'Y': 112.874, 'E': 3.17275}}
DECISION : ALLOW
------------------------------------------------------------
[SEQ 124] [IEEE-BASELINE]
SCORE    : anomaly_score=0.000
DECISION : ALLOW
------------------------------------------------------------
[SEQ 125] [LAYER 0]
CMD      : G1 X169.806 Y113.992 E3.21705
TRUST    : acc_cmd=0.000 | acc_exec=0.000 | trust=0.016
DECISION : PAUSE
MACHINE  : Machine-2
------------------------------------------------------------
[SEQ 125] [STATIC-BASELINE]
CMD      : G1 | effects={'dx': 2.0730000000000075, 'dy': 1.1180000000000092, 'dz': 0.0, 'de': 0.044299999999999784, 'xy_dist': 2.3552607074377248, 'params': {'G': 1.0, 'X': 169.806, 'Y': 113.992, 'E': 3.21705}}
DECISION : ALLOW
------------------------------------------------------------
[SEQ 125] [IEEE-BASELINE]
SCORE    : anomaly_score=0.000
DECISION : ALLOW
------------------------------------------------------------
[SEQ 126] [LAYER 0]
CMD      : M221 S200
TRUST    : acc_cmd=1.000 | acc_exec=1.000 | trust=0.009
DECISION : PAUSE
MACHINE  : Machine-2
------------------------------------------------------------
[SEQ 126] [STATIC-BASELINE]
CMD      : M221 | effects={'M': 221.0, 'S': 200.0}
DECISION : BLOCK
------------------------------------------------------------
[SEQ 126] [IEEE-BASELINE]
SCORE    : anomaly_score=0.000
DECISION : ALLOW
------------------------------------------------------------
[SEQ 127] [LAYER 0]
CMD      : G1 X171.748 Y116.397 E3.2753
TRUST    : acc_cmd=0.000 | acc_exec=0.000 | trust=0.027
DECISION : PAUSE
MACHINE  : Machine-2
------------------------------------------------------------
[SEQ 127] [STATIC-BASELINE]
CMD      : G1 | effects={'dx': 1.9419999999999789, 'dy': 2.405000000000001, 'dz': 0.0, 'de': 0.058250000000000135, 'xy_dist': 3.0911792248266554, 'params': {'G': 1.0, 'X': 171.748, 'Y': 116.397, 'E': 3.2753}}
DECISION : ALLOW
------------------------------------------------------------
[SEQ 127] [IEEE-BASELINE]
SCORE    : anomaly_score=0.000
DECISION : ALLOW
------------------------------------------------------------
[SEQ 128] [LAYER 0]
CMD      : G1 X172.587 Y118.848 E3.32404
TRUST    : acc_cmd=0.000 | acc_exec=0.000 | trust=0.097
DECISION : PAUSE
MACHINE  : Machine-2
------------------------------------------------------------
[SEQ 128] [STATIC-BASELINE]
CMD      : G1 | effects={'dx': 0.8389999999999986, 'dy': 2.4509999999999934, 'dz': 0.0, 'de': 0.048740000000000006, 'xy_dist': 2.5906219330500475, 'params': {'G': 1.0, 'X': 172.587, 'Y': 118.848, 'E': 3.32404}}
DECISION : ALLOW
------------------------------------------------------------
[SEQ 128] [IEEE-BASELINE]
SCORE    : anomaly_score=0.000
DECISION : ALLOW
------------------------------------------------------------
[SEQ 129] [LAYER 0]
CMD      : G92 E1000
TRUST    : acc_cmd=0.000 | acc_exec=1.000 | trust=0.048
DECISION : PAUSE
MACHINE  : Machine-2
------------------------------------------------------------
[SEQ 129] [STATIC-BASELINE]
CMD      : G92 | effects={'reset': {'G': 92.0, 'E': 1000.0}}
DECISION : BLOCK
------------------------------------------------------------
[SEQ 129] [IEEE-BASELINE]
SCORE    : anomaly_score=0.000
DECISION : ALLOW
------------------------------------------------------------
[SEQ 130] [LAYER 0]
CMD      : G1 X171.928 Y123.219 E3.40802
TRUST    : acc_cmd=0.000 | acc_exec=1.000 | trust=0.022
DECISION : PAUSE
MACHINE  : Machine-2
------------------------------------------------------------
[SEQ 130] [STATIC-BASELINE]
CMD      : G1 | effects={'dx': -0.6589999999999918, 'dy': 4.370999999999995, 'dz': 0.0, 'de': -996.59198, 'xy_dist': 4.4203983983346955, 'params': {'G': 1.0, 'X': 171.928, 'Y': 123.219, 'E': 3.40802}}
DECISION : ALLOW
------------------------------------------------------------
[SEQ 130] [IEEE-BASELINE]
SCORE    : anomaly_score=0.000
DECISION : ALLOW
------------------------------------------------------------
[SEQ 131] [LAYER 0]
CMD      : M221 S200
TRUST    : acc_cmd=1.000 | acc_exec=1.000 | trust=0.010
DECISION : PAUSE
MACHINE  : Machine-2
------------------------------------------------------------
[SEQ 131] [STATIC-BASELINE]
CMD      : M221 | effects={'M': 221.0, 'S': 200.0}
DECISION : BLOCK
------------------------------------------------------------
[SEQ 131] [IEEE-BASELINE]
SCORE    : anomaly_score=0.000
DECISION : ALLOW
------------------------------------------------------------
[SEQ 132] [LAYER 0]
CMD      : G92 E1000
TRUST    : acc_cmd=0.000 | acc_exec=1.000 | trust=0.005
DECISION : PAUSE
MACHINE  : Machine-2
------------------------------------------------------------
[SEQ 132] [STATIC-BASELINE]
CMD      : G92 | effects={'reset': {'G': 92.0, 'E': 1000.0}}
DECISION : BLOCK
------------------------------------------------------------
[SEQ 132] [IEEE-BASELINE]
SCORE    : anomaly_score=0.000
DECISION : ALLOW
------------------------------------------------------------
[SEQ 133] [LAYER 0]
CMD      : G1 X167.96 Y127.018 E3.51343
TRUST    : acc_cmd=0.000 | acc_exec=1.000 | trust=0.002
DECISION : PAUSE
MACHINE  : Machine-2
------------------------------------------------------------
[SEQ 133] [STATIC-BASELINE]
CMD      : G1 | effects={'dx': -3.9679999999999893, 'dy': 3.7990000000000066, 'dz': 0.0, 'de': -996.48657, 'xy_dist': 5.49339831069985, 'params': {'G': 1.0, 'X': 167.96, 'Y': 127.018, 'E': 3.51343}}
DECISION : ALLOW
------------------------------------------------------------
[SEQ 133] [IEEE-BASELINE]
SCORE    : anomaly_score=0.000
DECISION : ALLOW
------------------------------------------------------------
[SEQ 134] [LAYER 0]
CMD      : G1 X166.144 Y127.545 E3.549
TRUST    : acc_cmd=0.000 | acc_exec=0.000 | trust=0.010
DECISION : PAUSE
MACHINE  : Machine-2
------------------------------------------------------------
[SEQ 134] [STATIC-BASELINE]
CMD      : G1 | effects={'dx': -1.8160000000000025, 'dy': 0.527000000000001, 'dz': 0.0, 'de': 0.03556999999999988, 'xy_dist': 1.890921732912288, 'params': {'G': 1.0, 'X': 166.144, 'Y': 127.545, 'E': 3.549}}
DECISION : ALLOW
------------------------------------------------------------
[SEQ 134] [IEEE-BASELINE]
SCORE    : anomaly_score=0.000
DECISION : ALLOW
------------------------------------------------------------
[SEQ 135] [LAYER 0]
CMD      : G92 E1000
TRUST    : acc_cmd=0.000 | acc_exec=1.000 | trust=0.006
DECISION : PAUSE
MACHINE  : Machine-2
------------------------------------------------------------
[SEQ 135] [STATIC-BASELINE]
CMD      : G92 | effects={'reset': {'G': 92.0, 'E': 1000.0}}
DECISION : BLOCK
------------------------------------------------------------
[SEQ 135] [IEEE-BASELINE]
SCORE    : anomaly_score=0.000
DECISION : ALLOW
------------------------------------------------------------
[SEQ 136] [LAYER 0]
CMD      : M92 E2000
TRUST    : acc_cmd=1.000 | acc_exec=1.000 | trust=0.004
DECISION : PAUSE
MACHINE  : Machine-2
------------------------------------------------------------
[SEQ 136] [STATIC-BASELINE]
CMD      : M92 | effects={'M': 92.0, 'E': 2000.0}
DECISION : BLOCK
------------------------------------------------------------
[SEQ 136] [IEEE-BASELINE]
SCORE    : anomaly_score=0.000
DECISION : ALLOW
------------------------------------------------------------
[SEQ 137] [LAYER 0]
CMD      : G1 X159.803 Y125.658 E3.67709
TRUST    : acc_cmd=0.000 | acc_exec=1.000 | trust=0.002
DECISION : PAUSE
MACHINE  : Machine-2
------------------------------------------------------------
[SEQ 137] [STATIC-BASELINE]
CMD      : G1 | effects={'dx': -6.341000000000008, 'dy': -1.8870000000000005, 'dz': 0.0, 'de': -996.32291, 'xy_dist': 6.615818165578624, 'params': {'G': 1.0, 'X': 159.803, 'Y': 125.658, 'E': 3.67709}}
DECISION : ALLOW
------------------------------------------------------------
[SEQ 137] [IEEE-BASELINE]
SCORE    : anomaly_score=0.000
DECISION : ALLOW
------------------------------------------------------------
[SEQ 138] [LAYER 0]
CMD      : G1 X158.094 Y123.397 E3.7304
TRUST    : acc_cmd=0.000 | acc_exec=0.000 | trust=0.011
DECISION : PAUSE
MACHINE  : Machine-2
------------------------------------------------------------
[SEQ 138] [STATIC-BASELINE]
CMD      : G1 | effects={'dx': -1.7090000000000032, 'dy': -2.2609999999999957, 'dz': 0.0, 'de': 0.053309999999999746, 'xy_dist': 2.8342198221027233, 'params': {'G': 1.0, 'X': 158.094, 'Y': 123.397, 'E': 3.7304}}
DECISION : ALLOW
------------------------------------------------------------
[SEQ 138] [IEEE-BASELINE]
SCORE    : anomaly_score=0.000
DECISION : ALLOW
------------------------------------------------------------
[SEQ 139] [LAYER 0]
CMD      : G1 X157.455 Y121.13 E3.77471
TRUST    : acc_cmd=0.000 | acc_exec=0.000 | trust=0.056
DECISION : PAUSE
MACHINE  : Machine-2
------------------------------------------------------------
[SEQ 139] [STATIC-BASELINE]
CMD      : G1 | effects={'dx': -0.6389999999999816, 'dy': -2.26700000000001, 'dz': 0.0, 'de': 0.04430999999999985, 'xy_dist': 2.3553364940067527, 'params': {'G': 1.0, 'X': 157.455, 'Y': 121.13, 'E': 3.77471}}
DECISION : ALLOW
------------------------------------------------------------
[SEQ 139] [IEEE-BASELINE]
SCORE    : anomaly_score=0.000
DECISION : ALLOW
------------------------------------------------------------
[SEQ 140] [LAYER 0]
CMD      : G1 X157.421 Y118.991 E3.81495
TRUST    : acc_cmd=0.000 | acc_exec=0.000 | trust=0.161
DECISION : PAUSE
MACHINE  : Machine-2
------------------------------------------------------------
[SEQ 140] [STATIC-BASELINE]
CMD      : G1 | effects={'dx': -0.034000000000020236, 'dy': -2.138999999999996, 'dz': 0.0, 'de': 0.040240000000000276, 'xy_dist': 2.139270202662577, 'params': {'G': 1.0, 'X': 157.421, 'Y': 118.991, 'E': 3.81495}}
DECISION : ALLOW
------------------------------------------------------------
[SEQ 140] [IEEE-BASELINE]
SCORE    : anomaly_score=0.000
DECISION : ALLOW
------------------------------------------------------------
[SEQ 141] [LAYER 0]
CMD      : G1 X157.528 Y118.433 E3.82564
TRUST    : acc_cmd=0.000 | acc_exec=0.000 | trust=0.313
DECISION : PAUSE
MACHINE  : Machine-2
------------------------------------------------------------
[SEQ 141] [STATIC-BASELINE]
CMD      : G1 | effects={'dx': 0.10699999999999932, 'dy': -0.5579999999999927, 'dz': 0.0, 'de': 0.010689999999999866, 'xy_dist': 0.5681663488803185, 'params': {'G': 1.0, 'X': 157.528, 'Y': 118.433, 'E': 3.82564}}
DECISION : ALLOW
------------------------------------------------------------
[SEQ 141] [IEEE-BASELINE]
SCORE    : anomaly_score=0.000
DECISION : ALLOW
------------------------------------------------------------
[SEQ 142] [LAYER 0]
CMD      : M221 S200
TRUST    : acc_cmd=1.000 | acc_exec=1.000 | trust=0.143
DECISION : PAUSE
MACHINE  : Machine-2
------------------------------------------------------------
[SEQ 142] [STATIC-BASELINE]
CMD      : M221 | effects={'M': 221.0, 'S': 200.0}
DECISION : BLOCK
------------------------------------------------------------
[SEQ 142] [IEEE-BASELINE]
SCORE    : anomaly_score=0.000
DECISION : ALLOW
------------------------------------------------------------
[SEQ 143] [LAYER 0]
CMD      : G1 X158.851 Y115.517 E3.88602
TRUST    : acc_cmd=0.000 | acc_exec=0.000 | trust=0.129
DECISION : PAUSE
MACHINE  : Machine-2
------------------------------------------------------------
[SEQ 143] [STATIC-BASELINE]
CMD      : G1 | effects={'dx': 1.3230000000000075, 'dy': -2.916000000000011, 'dz': 0.0, 'de': 0.06037999999999988, 'xy_dist': 3.202090723261926, 'params': {'G': 1.0, 'X': 158.851, 'Y': 115.517, 'E': 3.88602}}
DECISION : ALLOW
------------------------------------------------------------
[SEQ 143] [IEEE-BASELINE]
SCORE    : anomaly_score=0.000
DECISION : ALLOW
------------------------------------------------------------
[SEQ 144] [LAYER 0]
CMD      : M221 S200
TRUST    : acc_cmd=1.000 | acc_exec=1.000 | trust=0.060
DECISION : PAUSE
MACHINE  : Machine-2
------------------------------------------------------------
[SEQ 144] [STATIC-BASELINE]
CMD      : M221 | effects={'M': 221.0, 'S': 200.0}
DECISION : BLOCK
------------------------------------------------------------
[SEQ 144] [IEEE-BASELINE]
SCORE    : anomaly_score=0.000
DECISION : ALLOW
------------------------------------------------------------
[SEQ 145] [LAYER 0]
CMD      : G1 F1800 X160.437 Y114.401 E3.92088
TRUST    : acc_cmd=0.000 | acc_exec=0.000 | trust=0.070
DECISION : PAUSE
MACHINE  : Machine-2
------------------------------------------------------------
[SEQ 145] [STATIC-BASELINE]
CMD      : G1 | effects={'dx': 1.5860000000000127, 'dy': -1.1159999999999997, 'dz': 0.0, 'de': 0.03486000000000011, 'xy_dist': 1.9392916232480457, 'params': {'G': 1.0, 'F': 1800.0, 'X': 160.437, 'Y': 114.401, 'E': 3.92088}}
DECISION : ALLOW
------------------------------------------------------------
[SEQ 145] [IEEE-BASELINE]
SCORE    : anomaly_score=0.000
DECISION : ALLOW
------------------------------------------------------------
[SEQ 146] [LAYER 0]
CMD      : G1 X160.977 Y113.99 E3.93364
TRUST    : acc_cmd=0.000 | acc_exec=0.000 | trust=0.157
DECISION : PAUSE
MACHINE  : Machine-2
------------------------------------------------------------
[SEQ 146] [STATIC-BASELINE]
CMD      : G1 | effects={'dx': 0.539999999999992, 'dy': -0.41100000000000136, 'dz': 0.0, 'de': 0.012760000000000105, 'xy_dist': 0.6786169759149799, 'params': {'G': 1.0, 'X': 160.977, 'Y': 113.99, 'E': 3.93364}}
DECISION : ALLOW
------------------------------------------------------------
[SEQ 146] [IEEE-BASELINE]
SCORE    : anomaly_score=0.000
DECISION : ALLOW
------------------------------------------------------------
[SEQ 147] [LAYER 0]
CMD      : G1 X162.704 Y113.2 E3.96937
TRUST    : acc_cmd=0.000 | acc_exec=0.000 | trust=0.301
DECISION : PAUSE
MACHINE  : Machine-2
------------------------------------------------------------
[SEQ 147] [STATIC-BASELINE]
CMD      : G1 | effects={'dx': 1.7270000000000039, 'dy': -0.789999999999992, 'dz': 0.0, 'de': 0.03573000000000004, 'xy_dist': 1.8991126875464766, 'params': {'G': 1.0, 'X': 162.704, 'Y': 113.2, 'E': 3.96937}}
DECISION : ALLOW
------------------------------------------------------------
[SEQ 147] [IEEE-BASELINE]
SCORE    : anomaly_score=0.000
DECISION : ALLOW
------------------------------------------------------------
[SEQ 148] [LAYER 0]
CMD      : M221 S200
TRUST    : acc_cmd=1.000 | acc_exec=1.000 | trust=0.138
DECISION : PAUSE
MACHINE  : Machine-2
------------------------------------------------------------
[SEQ 148] [STATIC-BASELINE]
CMD      : M221 | effects={'M': 221.0, 'S': 200.0}
DECISION : BLOCK
------------------------------------------------------------
[SEQ 148] [IEEE-BASELINE]
SCORE    : anomaly_score=0.000
DECISION : ALLOW
------------------------------------------------------------
[SEQ 149] [LAYER 0]
CMD      : G1 X165.739 Y112.816 E4.0274
TRUST    : acc_cmd=0.000 | acc_exec=0.000 | trust=0.126
DECISION : PAUSE
MACHINE  : Machine-2
------------------------------------------------------------
[SEQ 149] [STATIC-BASELINE]
CMD      : G1 | effects={'dx': 3.0349999999999966, 'dy': -0.38400000000000034, 'dz': 0.0, 'de': 0.058030000000000026, 'xy_dist': 3.0591961362423263, 'params': {'G': 1.0, 'X': 165.739, 'Y': 112.816, 'E': 4.0274}}
DECISION : ALLOW
------------------------------------------------------------
[SEQ 149] [IEEE-BASELINE]
SCORE    : anomaly_score=0.000
DECISION : ALLOW
------------------------------------------------------------
[SEQ 150] [LAYER 0]
CMD      : G1 X167.589 Y113.251 E4.06315
TRUST    : acc_cmd=0.000 | acc_exec=0.000 | trust=0.217
DECISION : PAUSE
MACHINE  : Machine-2
------------------------------------------------------------
[SEQ 150] [STATIC-BASELINE]
CMD      : G1 | effects={'dx': 1.8499999999999943, 'dy': 0.4350000000000023, 'dz': 0.0, 'de': 0.03575000000000017, 'xy_dist': 1.9004538931528914, 'params': {'G': 1.0, 'X': 167.589, 'Y': 113.251, 'E': 4.06315}}
DECISION : ALLOW
------------------------------------------------------------
[SEQ 150] [IEEE-BASELINE]
SCORE    : anomaly_score=0.000
DECISION : ALLOW
------------------------------------------------------------
[SEQ 151] [LAYER 0]
CMD      : G1 X169.551 Y114.309 E4.10508
TRUST    : acc_cmd=0.000 | acc_exec=0.000 | trust=0.365
DECISION : PAUSE
MACHINE  : Machine-2
------------------------------------------------------------
[SEQ 151] [STATIC-BASELINE]
CMD      : G1 | effects={'dx': 1.961999999999989, 'dy': 1.0579999999999927, 'dz': 0.0, 'de': 0.0419299999999998, 'xy_dist': 2.229082322391872, 'params': {'G': 1.0, 'X': 169.551, 'Y': 114.309, 'E': 4.10508}}
DECISION : ALLOW
------------------------------------------------------------
[SEQ 151] [IEEE-BASELINE]
SCORE    : anomaly_score=0.000
DECISION : ALLOW
------------------------------------------------------------
[SEQ 152] [LAYER 0]
CMD      : G1 X171.118 Y116.135 E4.15034
TRUST    : acc_cmd=0.000 | acc_exec=0.000 | trust=0.525
DECISION : ALLOW
MACHINE  : Machine-2
------------------------------------------------------------
[SEQ 152] [STATIC-BASELINE]
CMD      : G1 | effects={'dx': 1.5670000000000073, 'dy': 1.8260000000000076, 'dz': 0.0, 'de': 0.045259999999999856, 'xy_dist': 2.4061930512741596, 'params': {'G': 1.0, 'X': 171.118, 'Y': 116.135, 'E': 4.15034}}
DECISION : ALLOW
------------------------------------------------------------
[SEQ 152] [IEEE-BASELINE]
SCORE    : anomaly_score=0.000
DECISION : ALLOW
------------------------------------------------------------
[SEQ 153] [LAYER 0]
CMD      : M92 E2000
TRUST    : acc_cmd=1.000 | acc_exec=1.000 | trust=0.233
DECISION : PAUSE
MACHINE  : Machine-2
------------------------------------------------------------
[SEQ 153] [STATIC-BASELINE]
CMD      : M92 | effects={'M': 92.0, 'E': 2000.0}
DECISION : BLOCK
------------------------------------------------------------
[SEQ 153] [IEEE-BASELINE]
SCORE    : anomaly_score=0.000
DECISION : ALLOW
------------------------------------------------------------
[SEQ 154] [LAYER 0]
CMD      : G1 X172.186 Y118.91 E4.20646
TRUST    : acc_cmd=0.000 | acc_exec=0.000 | trust=0.177
DECISION : PAUSE
MACHINE  : Machine-2
------------------------------------------------------------
[SEQ 154] [STATIC-BASELINE]
CMD      : G1 | effects={'dx': 1.068000000000012, 'dy': 2.7749999999999915, 'dz': 0.0, 'de': 0.05611999999999995, 'xy_dist': 2.973423784124957, 'params': {'G': 1.0, 'X': 172.186, 'Y': 118.91, 'E': 4.20646}}
DECISION : ALLOW
------------------------------------------------------------
[SEQ 154] [IEEE-BASELINE]
SCORE    : anomaly_score=0.000
DECISION : ALLOW
------------------------------------------------------------
[SEQ 155] [LAYER 0]
CMD      : M92 E2000
TRUST    : acc_cmd=1.000 | acc_exec=1.000 | trust=0.080
DECISION : PAUSE
MACHINE  : Machine-2
------------------------------------------------------------
[SEQ 155] [STATIC-BASELINE]
CMD      : M92 | effects={'M': 92.0, 'E': 2000.0}
DECISION : BLOCK
------------------------------------------------------------
[SEQ 155] [IEEE-BASELINE]
SCORE    : anomaly_score=0.000
DECISION : ALLOW
------------------------------------------------------------
[SEQ 156] [LAYER 0]
CMD      : G1 X171.563 Y123.047 E4.28595
TRUST    : acc_cmd=0.000 | acc_exec=0.000 | trust=0.081
DECISION : PAUSE
MACHINE  : Machine-2
------------------------------------------------------------
[SEQ 156] [STATIC-BASELINE]
CMD      : G1 | effects={'dx': -0.6230000000000189, 'dy': 4.1370000000000005, 'dz': 0.0, 'de': 0.07948999999999984, 'xy_dist': 4.183646495582535, 'params': {'G': 1.0, 'X': 171.563, 'Y': 123.047, 'E': 4.28595}}
DECISION : ALLOW
------------------------------------------------------------
[SEQ 156] [IEEE-BASELINE]
SCORE    : anomaly_score=0.000
DECISION : ALLOW
------------------------------------------------------------
[SEQ 157] [LAYER 0]
CMD      : G1 X170.495 Y124.709 E4.32311
TRUST    : acc_cmd=0.000 | acc_exec=0.000 | trust=0.166
DECISION : PAUSE
MACHINE  : Machine-2
------------------------------------------------------------
[SEQ 157] [STATIC-BASELINE]
CMD      : G1 | effects={'dx': -1.0679999999999836, 'dy': 1.6620000000000061, 'dz': 0.0, 'de': 0.03716000000000008, 'xy_dist': 1.9755677664914422, 'params': {'G': 1.0, 'X': 170.495, 'Y': 124.709, 'E': 4.32311}}
DECISION : ALLOW
------------------------------------------------------------
[SEQ 157] [IEEE-BASELINE]
SCORE    : anomaly_score=0.000
DECISION : ALLOW
------------------------------------------------------------
[SEQ 158] [LAYER 0]
CMD      : G1 X169.062 Y125.947 E4.35874
TRUST    : acc_cmd=0.000 | acc_exec=0.000 | trust=0.310
DECISION : PAUSE
MACHINE  : Machine-2
------------------------------------------------------------
[SEQ 158] [STATIC-BASELINE]
CMD      : G1 | effects={'dx': -1.4329999999999927, 'dy': 1.2379999999999995, 'dz': 0.0, 'de': 0.03563000000000027, 'xy_dist': 1.893708794931253, 'params': {'G': 1.0, 'X': 169.062, 'Y': 125.947, 'E': 4.35874}}
DECISION : ALLOW
------------------------------------------------------------
[SEQ 158] [IEEE-BASELINE]
SCORE    : anomaly_score=0.000
DECISION : ALLOW
------------------------------------------------------------
[SEQ 159] [LAYER 0]
CMD      : G1 X167.805 Y126.647 E4.3858
TRUST    : acc_cmd=0.000 | acc_exec=0.000 | trust=0.473
DECISION : PAUSE
MACHINE  : Machine-2
------------------------------------------------------------
[SEQ 159] [STATIC-BASELINE]
CMD      : G1 | effects={'dx': -1.257000000000005, 'dy': 0.7000000000000028, 'dz': 0.0, 'de': 0.02705999999999964, 'xy_dist': 1.4387664855701972, 'params': {'G': 1.0, 'X': 167.805, 'Y': 126.647, 'E': 4.3858}}
DECISION : ALLOW
------------------------------------------------------------
[SEQ 159] [IEEE-BASELINE]
SCORE    : anomaly_score=0.000
DECISION : ALLOW
------------------------------------------------------------
[SEQ 160] [LAYER 0]
CMD      : G1 X166.085 Y127.146 E4.41949
TRUST    : acc_cmd=0.000 | acc_exec=0.000 | trust=0.623
DECISION : ALLOW
MACHINE  : Machine-2
------------------------------------------------------------
[SEQ 160] [STATIC-BASELINE]
CMD      : G1 | effects={'dx': -1.7199999999999989, 'dy': 0.4989999999999952, 'dz': 0.0, 'de': 0.03369, 'xy_dist': 1.790921829673197, 'params': {'G': 1.0, 'X': 166.085, 'Y': 127.146, 'E': 4.41949}}
DECISION : ALLOW
------------------------------------------------------------
[SEQ 160] [IEEE-BASELINE]
SCORE    : anomaly_score=0.000
DECISION : ALLOW
------------------------------------------------------------
[SEQ 161] [LAYER 0]
CMD      : M221 S200
TRUST    : acc_cmd=1.000 | acc_exec=1.000 | trust=0.274
DECISION : PAUSE
MACHINE  : Machine-2
------------------------------------------------------------
[SEQ 161] [STATIC-BASELINE]
CMD      : M221 | effects={'M': 221.0, 'S': 200.0}
DECISION : BLOCK
------------------------------------------------------------
[SEQ 161] [IEEE-BASELINE]
SCORE    : anomaly_score=0.000
DECISION : ALLOW
------------------------------------------------------------
[SEQ 162] [LAYER 0]
CMD      : G1 X161.971 Y126.561 E4.49865
TRUST    : acc_cmd=0.000 | acc_exec=0.000 | trust=0.198
DECISION : PAUSE
MACHINE  : Machine-2
------------------------------------------------------------
[SEQ 162] [STATIC-BASELINE]
CMD      : G1 | effects={'dx': -4.114000000000004, 'dy': -0.5849999999999937, 'dz': 0.0, 'de': 0.0791599999999999, 'xy_dist': 4.155384579073281, 'params': {'G': 1.0, 'X': 161.971, 'Y': 126.561, 'E': 4.49865}}
DECISION : ALLOW
------------------------------------------------------------
[SEQ 162] [IEEE-BASELINE]
SCORE    : anomaly_score=0.000
DECISION : ALLOW
------------------------------------------------------------
[SEQ 163] [LAYER 0]
CMD      : G1 X160.078 Y125.359 E4.54083
TRUST    : acc_cmd=0.000 | acc_exec=0.000 | trust=0.269
DECISION : PAUSE
MACHINE  : Machine-2
------------------------------------------------------------
[SEQ 163] [STATIC-BASELINE]
CMD      : G1 | effects={'dx': -1.8930000000000007, 'dy': -1.2020000000000124, 'dz': 0.0, 'de': 0.042180000000000106, 'xy_dist': 2.242376640977165, 'params': {'G': 1.0, 'X': 160.078, 'Y': 125.359, 'E': 4.54083}}
DECISION : ALLOW
------------------------------------------------------------
[SEQ 163] [IEEE-BASELINE]
SCORE    : anomaly_score=0.000
DECISION : ALLOW
------------------------------------------------------------
[SEQ 164] [LAYER 0]
CMD      : G92 E1000
TRUST    : acc_cmd=0.000 | acc_exec=1.000 | trust=0.123
DECISION : PAUSE
MACHINE  : Machine-2
------------------------------------------------------------
[SEQ 164] [STATIC-BASELINE]
CMD      : G92 | effects={'reset': {'G': 92.0, 'E': 1000.0}}
DECISION : BLOCK
------------------------------------------------------------
[SEQ 164] [IEEE-BASELINE]
SCORE    : anomaly_score=0.000
DECISION : ALLOW
------------------------------------------------------------
[SEQ 165] [LAYER 0]
CMD      : G1 X157.854 Y121.071 E4.63328
TRUST    : acc_cmd=0.000 | acc_exec=1.000 | trust=0.052
DECISION : PAUSE
MACHINE  : Machine-2
------------------------------------------------------------
[SEQ 165] [STATIC-BASELINE]
CMD      : G1 | effects={'dx': -2.2239999999999895, 'dy': -4.287999999999997, 'dz': 0.0, 'de': -995.36672, 'xy_dist': 4.830436833248099, 'params': {'G': 1.0, 'X': 157.854, 'Y': 121.071, 'E': 4.63328}}
DECISION : ALLOW
------------------------------------------------------------
[SEQ 165] [IEEE-BASELINE]
SCORE    : anomaly_score=0.000
DECISION : ALLOW
------------------------------------------------------------
[SEQ 166] [LAYER 0]
CMD      : G1 X157.822 Y119.024 E4.67179
TRUST    : acc_cmd=0.000 | acc_exec=0.000 | trust=0.047
DECISION : PAUSE
MACHINE  : Machine-2
------------------------------------------------------------
[SEQ 166] [STATIC-BASELINE]
CMD      : G1 | effects={'dx': -0.03200000000001069, 'dy': -2.046999999999997, 'dz': 0.0, 'de': 0.0385099999999996, 'xy_dist': 2.047250106850648, 'params': {'G': 1.0, 'X': 157.822, 'Y': 119.024, 'E': 4.67179}}
DECISION : ALLOW
------------------------------------------------------------
[SEQ 166] [IEEE-BASELINE]
SCORE    : anomaly_score=0.000
DECISION : ALLOW
------------------------------------------------------------
[SEQ 167] [LAYER 0]
CMD      : G92 E1000
TRUST    : acc_cmd=0.000 | acc_exec=1.000 | trust=0.023
DECISION : PAUSE
MACHINE  : Machine-2
------------------------------------------------------------
[SEQ 167] [STATIC-BASELINE]
CMD      : G92 | effects={'reset': {'G': 92.0, 'E': 1000.0}}
DECISION : BLOCK
------------------------------------------------------------
[SEQ 167] [IEEE-BASELINE]
SCORE    : anomaly_score=0.000
DECISION : ALLOW
------------------------------------------------------------
[SEQ 168] [LAYER 0]
CMD      : G92 E1000
TRUST    : acc_cmd=0.000 | acc_exec=1.000 | trust=0.011
DECISION : PAUSE
MACHINE  : Machine-2
------------------------------------------------------------
[SEQ 168] [STATIC-BASELINE]
CMD      : G92 | effects={'reset': {'G': 92.0, 'E': 1000.0}}
DECISION : BLOCK
------------------------------------------------------------
[SEQ 168] [IEEE-BASELINE]
SCORE    : anomaly_score=0.000
DECISION : ALLOW
------------------------------------------------------------
[SEQ 169] [LAYER 0]
CMD      : M221 S200
TRUST    : acc_cmd=1.000 | acc_exec=1.000 | trust=0.005
DECISION : PAUSE
MACHINE  : Machine-2
------------------------------------------------------------
[SEQ 169] [STATIC-BASELINE]
CMD      : M221 | effects={'M': 221.0, 'S': 200.0}
DECISION : BLOCK
------------------------------------------------------------
[SEQ 169] [IEEE-BASELINE]
SCORE    : anomaly_score=0.000
DECISION : ALLOW
------------------------------------------------------------
[SEQ 170] [LAYER 0]
CMD      : G92 E1000
TRUST    : acc_cmd=0.000 | acc_exec=1.000 | trust=0.003
DECISION : PAUSE
MACHINE  : Machine-2
------------------------------------------------------------
[SEQ 170] [STATIC-BASELINE]
CMD      : G92 | effects={'reset': {'G': 92.0, 'E': 1000.0}}
DECISION : BLOCK
------------------------------------------------------------
[SEQ 170] [IEEE-BASELINE]
SCORE    : anomaly_score=0.000
DECISION : ALLOW
------------------------------------------------------------
[SEQ 171] [LAYER 0]
CMD      : G1 F1800 X160.73 Y114.674 E4.77266
TRUST    : acc_cmd=0.000 | acc_exec=1.000 | trust=0.002
DECISION : PAUSE
MACHINE  : Machine-2
------------------------------------------------------------
[SEQ 171] [STATIC-BASELINE]
CMD      : G1 | effects={'dx': 2.907999999999987, 'dy': -4.349999999999994, 'dz': 0.0, 'de': -995.22734, 'xy_dist': 5.232491184894617, 'params': {'G': 1.0, 'F': 1800.0, 'X': 160.73, 'Y': 114.674, 'E': 4.77266}}
DECISION : ALLOW
------------------------------------------------------------
[SEQ 171] [IEEE-BASELINE]
SCORE    : anomaly_score=0.000
DECISION : ALLOW
------------------------------------------------------------
[SEQ 172] [LAYER 0]
CMD      : G1 X161.186 Y114.334 E4.78336
TRUST    : acc_cmd=0.000 | acc_exec=0.000 | trust=0.009
DECISION : PAUSE
MACHINE  : Machine-2
------------------------------------------------------------
[SEQ 172] [STATIC-BASELINE]
CMD      : G1 | effects={'dx': 0.4560000000000173, 'dy': -0.3400000000000034, 'dz': 0.0, 'de': 0.010699999999999932, 'xy_dist': 0.5688022503471818, 'params': {'G': 1.0, 'X': 161.186, 'Y': 114.334, 'E': 4.78336}}
DECISION : ALLOW
------------------------------------------------------------
[SEQ 172] [IEEE-BASELINE]
SCORE    : anomaly_score=0.000
DECISION : ALLOW
------------------------------------------------------------
[SEQ 173] [LAYER 0]
CMD      : M92 E2000
TRUST    : acc_cmd=1.000 | acc_exec=1.000 | trust=0.006
DECISION : PAUSE
MACHINE  : Machine-2
------------------------------------------------------------
[SEQ 173] [STATIC-BASELINE]
CMD      : M92 | effects={'M': 92.0, 'E': 2000.0}
DECISION : BLOCK
------------------------------------------------------------
[SEQ 173] [IEEE-BASELINE]
SCORE    : anomaly_score=0.000
DECISION : ALLOW
------------------------------------------------------------
[SEQ 174] [LAYER 0]
CMD      : G92 E1000
TRUST    : acc_cmd=0.000 | acc_exec=1.000 | trust=0.003
DECISION : PAUSE
MACHINE  : Machine-2
------------------------------------------------------------
[SEQ 174] [STATIC-BASELINE]
CMD      : G92 | effects={'reset': {'G': 92.0, 'E': 1000.0}}
DECISION : BLOCK
------------------------------------------------------------
[SEQ 174] [IEEE-BASELINE]
SCORE    : anomaly_score=0.000
DECISION : ALLOW
------------------------------------------------------------
[SEQ 175] [LAYER 0]
CMD      : G1 X165.699 Y113.217 E4.87224
TRUST    : acc_cmd=0.000 | acc_exec=1.000 | trust=0.002
DECISION : PAUSE
MACHINE  : Machine-2
------------------------------------------------------------
[SEQ 175] [STATIC-BASELINE]
CMD      : G1 | effects={'dx': 4.513000000000005, 'dy': -1.1170000000000044, 'dz': 0.0, 'de': -995.12776, 'xy_dist': 4.649178206952284, 'params': {'G': 1.0, 'X': 165.699, 'Y': 113.217, 'E': 4.87224}}
DECISION : ALLOW
------------------------------------------------------------
[SEQ 175] [IEEE-BASELINE]
SCORE    : anomaly_score=0.000
DECISION : ALLOW
------------------------------------------------------------
[SEQ 176] [LAYER 0]
CMD      : M92 E2000
TRUST    : acc_cmd=1.000 | acc_exec=1.000 | trust=0.001
DECISION : PAUSE
MACHINE  : Machine-2
------------------------------------------------------------
[SEQ 176] [STATIC-BASELINE]
CMD      : M92 | effects={'M': 92.0, 'E': 2000.0}
DECISION : BLOCK
------------------------------------------------------------
[SEQ 176] [IEEE-BASELINE]
SCORE    : anomaly_score=0.000
DECISION : ALLOW
------------------------------------------------------------
[SEQ 177] [LAYER 0]
CMD      : G1 X169.296 Y114.626 E4.94554
TRUST    : acc_cmd=0.000 | acc_exec=0.000 | trust=0.009
DECISION : PAUSE
MACHINE  : Machine-2
------------------------------------------------------------
[SEQ 177] [STATIC-BASELINE]
CMD      : G1 | effects={'dx': 3.59699999999998, 'dy': 1.409000000000006, 'dz': 0.0, 'de': 0.07330000000000059, 'xy_dist': 3.8631192060302606, 'params': {'G': 1.0, 'X': 169.296, 'Y': 114.626, 'E': 4.94554}}
DECISION : ALLOW
------------------------------------------------------------
[SEQ 177] [IEEE-BASELINE]
SCORE    : anomaly_score=0.000
DECISION : ALLOW
------------------------------------------------------------
[SEQ 178] [LAYER 0]
CMD      : G1 X170.814 Y116.395 E4.98939
TRUST    : acc_cmd=0.000 | acc_exec=0.000 | trust=0.050
DECISION : PAUSE
MACHINE  : Machine-2
------------------------------------------------------------
[SEQ 178] [STATIC-BASELINE]
CMD      : G1 | effects={'dx': 1.5180000000000007, 'dy': 1.7689999999999912, 'dz': 0.0, 'de': 0.043849999999999945, 'xy_dist': 2.3310265978748443, 'params': {'G': 1.0, 'X': 170.814, 'Y': 116.395, 'E': 4.98939}}
DECISION : ALLOW
------------------------------------------------------------
[SEQ 178] [IEEE-BASELINE]
SCORE    : anomaly_score=0.000
DECISION : ALLOW
------------------------------------------------------------
[SEQ 179] [LAYER 0]
CMD      : G92 E1000
TRUST    : acc_cmd=0.000 | acc_exec=1.000 | trust=0.027
DECISION : PAUSE
MACHINE  : Machine-2
------------------------------------------------------------
[SEQ 179] [STATIC-BASELINE]
CMD      : G92 | effects={'reset': {'G': 92.0, 'E': 1000.0}}
DECISION : BLOCK
------------------------------------------------------------
[SEQ 179] [IEEE-BASELINE]
SCORE    : anomaly_score=0.000
DECISION : ALLOW
------------------------------------------------------------
[SEQ 180] [LAYER 0]
CMD      : G1 X171.785 Y118.972 E5.04133
TRUST    : acc_cmd=0.000 | acc_exec=1.000 | trust=0.013
DECISION : PAUSE
MACHINE  : Machine-2
------------------------------------------------------------
[SEQ 180] [STATIC-BASELINE]
CMD      : G1 | effects={'dx': 0.9710000000000036, 'dy': 2.576999999999998, 'dz': 0.0, 'de': -994.95867, 'xy_dist': 2.7538645573085105, 'params': {'G': 1.0, 'X': 171.785, 'Y': 118.972, 'E': 5.04133}}
DECISION : ALLOW
------------------------------------------------------------
[SEQ 180] [IEEE-BASELINE]
SCORE    : anomaly_score=0.000
DECISION : ALLOW
------------------------------------------------------------
[SEQ 181] [LAYER 0]
CMD      : G92 E1000
TRUST    : acc_cmd=0.000 | acc_exec=1.000 | trust=0.006
DECISION : PAUSE
MACHINE  : Machine-2
------------------------------------------------------------
[SEQ 181] [STATIC-BASELINE]
CMD      : G92 | effects={'reset': {'G': 92.0, 'E': 1000.0}}
DECISION : BLOCK
------------------------------------------------------------
[SEQ 181] [IEEE-BASELINE]
SCORE    : anomaly_score=0.000
DECISION : ALLOW
------------------------------------------------------------
[SEQ 182] [LAYER 0]
CMD      : M92 E2000
TRUST    : acc_cmd=1.000 | acc_exec=1.000 | trust=0.003
DECISION : PAUSE
MACHINE  : Machine-2
------------------------------------------------------------
[SEQ 182] [STATIC-BASELINE]
CMD      : M92 | effects={'M': 92.0, 'E': 2000.0}
DECISION : BLOCK
------------------------------------------------------------
[SEQ 182] [IEEE-BASELINE]
SCORE    : anomaly_score=0.000
DECISION : ALLOW
------------------------------------------------------------
[SEQ 183] [LAYER 0]
CMD      : G1 X170.189 Y124.445 E5.15142
TRUST    : acc_cmd=0.000 | acc_exec=1.000 | trust=0.002
DECISION : PAUSE
MACHINE  : Machine-2
------------------------------------------------------------
[SEQ 183] [STATIC-BASELINE]
CMD      : G1 | effects={'dx': -1.5960000000000036, 'dy': 5.472999999999999, 'dz': 0.0, 'de': -994.84858, 'xy_dist': 5.700960006876035, 'params': {'G': 1.0, 'X': 170.189, 'Y': 124.445, 'E': 5.15142}}
DECISION : ALLOW
------------------------------------------------------------
[SEQ 183] [IEEE-BASELINE]
SCORE    : anomaly_score=0.000
DECISION : ALLOW
------------------------------------------------------------
[SEQ 184] [LAYER 0]
CMD      : M92 E2000
TRUST    : acc_cmd=1.000 | acc_exec=1.000 | trust=0.001
DECISION : PAUSE
MACHINE  : Machine-2
------------------------------------------------------------
[SEQ 184] [STATIC-BASELINE]
CMD      : M92 | effects={'M': 92.0, 'E': 2000.0}
DECISION : BLOCK
------------------------------------------------------------
[SEQ 184] [IEEE-BASELINE]
SCORE    : anomaly_score=0.000
DECISION : ALLOW
------------------------------------------------------------
[SEQ 185] [LAYER 0]
CMD      : G92 E1000
TRUST    : acc_cmd=0.000 | acc_exec=1.000 | trust=0.001
DECISION : PAUSE
MACHINE  : Machine-2
------------------------------------------------------------
[SEQ 185] [STATIC-BASELINE]
CMD      : G92 | effects={'reset': {'G': 92.0, 'E': 1000.0}}
DECISION : BLOCK
------------------------------------------------------------
[SEQ 185] [IEEE-BASELINE]
SCORE    : anomaly_score=0.000
DECISION : ALLOW
------------------------------------------------------------
[SEQ 186] [LAYER 0]
CMD      : M221 S200
TRUST    : acc_cmd=1.000 | acc_exec=1.000 | trust=0.001
DECISION : PAUSE
MACHINE  : Machine-2
------------------------------------------------------------
[SEQ 186] [STATIC-BASELINE]
CMD      : M221 | effects={'M': 221.0, 'S': 200.0}
DECISION : BLOCK
------------------------------------------------------------
[SEQ 186] [IEEE-BASELINE]
SCORE    : anomaly_score=0.000
DECISION : ALLOW
------------------------------------------------------------
[SEQ 187] [LAYER 0]
CMD      : G1 X164.048 Y126.784 E5.27962
TRUST    : acc_cmd=0.000 | acc_exec=1.000 | trust=0.001
DECISION : PAUSE
MACHINE  : Machine-2
------------------------------------------------------------
[SEQ 187] [STATIC-BASELINE]
CMD      : G1 | effects={'dx': -6.140999999999991, 'dy': 2.339000000000013, 'dz': 0.0, 'de': -994.72038, 'xy_dist': 6.571362263640618, 'params': {'G': 1.0, 'X': 164.048, 'Y': 126.784, 'E': 5.27962}}
DECISION : ALLOW
------------------------------------------------------------
[SEQ 187] [IEEE-BASELINE]
SCORE    : anomaly_score=0.000
DECISION : ALLOW
------------------------------------------------------------
[SEQ 188] [LAYER 0]
CMD      : G1 X162.143 Y126.196 E5.31712
TRUST    : acc_cmd=0.000 | acc_exec=0.000 | trust=0.007
DECISION : PAUSE
MACHINE  : Machine-2
------------------------------------------------------------
[SEQ 188] [STATIC-BASELINE]
CMD      : G1 | effects={'dx': -1.9050000000000011, 'dy': -0.5880000000000081, 'dz': 0.0, 'de': 0.037499999999999645, 'xy_dist': 1.9936822715768965, 'params': {'G': 1.0, 'X': 162.143, 'Y': 126.196, 'E': 5.31712}}
DECISION : ALLOW
------------------------------------------------------------
[SEQ 188] [IEEE-BASELINE]
SCORE    : anomaly_score=0.000
DECISION : ALLOW
------------------------------------------------------------
[SEQ 189] [LAYER 0]
CMD      : G1 X160.352 Y125.058 E5.35704
TRUST    : acc_cmd=0.000 | acc_exec=0.000 | trust=0.044
DECISION : PAUSE
MACHINE  : Machine-2
------------------------------------------------------------
[SEQ 189] [STATIC-BASELINE]
CMD      : G1 | effects={'dx': -1.7909999999999968, 'dy': -1.137999999999991, 'dz': 0.0, 'de': 0.03991999999999951, 'xy_dist': 2.121962535013276, 'params': {'G': 1.0, 'X': 160.352, 'Y': 125.058, 'E': 5.35704}}
DECISION : ALLOW
------------------------------------------------------------
[SEQ 189] [IEEE-BASELINE]
SCORE    : anomaly_score=0.000
DECISION : ALLOW
------------------------------------------------------------
[SEQ 190] [LAYER 0]
CMD      : G92 E1000
TRUST    : acc_cmd=0.000 | acc_exec=1.000 | trust=0.024
DECISION : PAUSE
MACHINE  : Machine-2
------------------------------------------------------------
[SEQ 190] [STATIC-BASELINE]
CMD      : G92 | effects={'reset': {'G': 92.0, 'E': 1000.0}}
DECISION : BLOCK
------------------------------------------------------------
[SEQ 190] [IEEE-BASELINE]
SCORE    : anomaly_score=0.000
DECISION : ALLOW
------------------------------------------------------------
[SEQ 191] [LAYER 0]
CMD      : G92 E1000
TRUST    : acc_cmd=0.000 | acc_exec=1.000 | trust=0.011
DECISION : PAUSE
MACHINE  : Machine-2
------------------------------------------------------------
[SEQ 191] [STATIC-BASELINE]
CMD      : G92 | effects={'reset': {'G': 92.0, 'E': 1000.0}}
DECISION : BLOCK
------------------------------------------------------------
[SEQ 191] [IEEE-BASELINE]
SCORE    : anomaly_score=0.000
DECISION : ALLOW
------------------------------------------------------------
[SEQ 192] [LAYER 0]
CMD      : G1 X158.222 Y119.018 E5.48179
TRUST    : acc_cmd=0.000 | acc_exec=1.000 | trust=0.005
DECISION : PAUSE
MACHINE  : Machine-2
------------------------------------------------------------
[SEQ 192] [STATIC-BASELINE]
CMD      : G1 | effects={'dx': -2.1299999999999955, 'dy': -6.040000000000006, 'dz': 0.0, 'de': -994.51821, 'xy_dist': 6.404568681808327, 'params': {'G': 1.0, 'X': 158.222, 'Y': 119.018, 'E': 5.48179}}
DECISION : ALLOW
------------------------------------------------------------
[SEQ 192] [IEEE-BASELINE]
SCORE    : anomaly_score=0.000
DECISION : ALLOW
------------------------------------------------------------
[SEQ 193] [LAYER 0]
CMD      : M221 S200
TRUST    : acc_cmd=1.000 | acc_exec=1.000 | trust=0.003
DECISION : PAUSE
MACHINE  : Machine-2
------------------------------------------------------------
[SEQ 193] [STATIC-BASELINE]
CMD      : M221 | effects={'M': 221.0, 'S': 200.0}
DECISION : BLOCK
------------------------------------------------------------
[SEQ 193] [IEEE-BASELINE]
SCORE    : anomaly_score=0.000
DECISION : ALLOW
------------------------------------------------------------
[SEQ 194] [LAYER 0]
CMD      : G92 E1000
TRUST    : acc_cmd=0.000 | acc_exec=1.000 | trust=0.002
DECISION : PAUSE
MACHINE  : Machine-2
------------------------------------------------------------
[SEQ 194] [STATIC-BASELINE]
CMD      : G92 | effects={'reset': {'G': 92.0, 'E': 1000.0}}
DECISION : BLOCK
------------------------------------------------------------
[SEQ 194] [IEEE-BASELINE]
SCORE    : anomaly_score=0.000
DECISION : ALLOW
------------------------------------------------------------
[SEQ 195] [LAYER 0]
CMD      : M221 S200
TRUST    : acc_cmd=1.000 | acc_exec=1.000 | trust=0.001
DECISION : PAUSE
MACHINE  : Machine-2
------------------------------------------------------------
[SEQ 195] [STATIC-BASELINE]
CMD      : M221 | effects={'M': 221.0, 'S': 200.0}
DECISION : BLOCK
------------------------------------------------------------
[SEQ 195] [IEEE-BASELINE]
SCORE    : anomaly_score=0.000
DECISION : ALLOW
------------------------------------------------------------
[SEQ 196] [LAYER 0]
CMD      : G0 F3600 X159.824 Y116.235
TRUST    : acc_cmd=0.000 | acc_exec=0.000 | trust=0.008
DECISION : PAUSE
MACHINE  : Machine-2
------------------------------------------------------------
[SEQ 196] [STATIC-BASELINE]
CMD      : G0 | effects={'dx': 1.6020000000000039, 'dy': -2.7830000000000013, 'dz': 0.0, 'de': 0.0, 'xy_dist': 3.2111513511511753, 'params': {'G': 0.0, 'F': 3600.0, 'X': 159.824, 'Y': 116.235}}
DECISION : ALLOW
------------------------------------------------------------
[SEQ 196] [IEEE-BASELINE]
SCORE    : anomaly_score=0.000
DECISION : ALLOW
------------------------------------------------------------
[SEQ 197] [LAYER 0]
CMD      : M92 E2000
TRUST    : acc_cmd=1.000 | acc_exec=1.000 | trust=0.005
DECISION : PAUSE
MACHINE  : Machine-2
------------------------------------------------------------
[SEQ 197] [STATIC-BASELINE]
CMD      : M92 | effects={'M': 92.0, 'E': 2000.0}
DECISION : BLOCK
------------------------------------------------------------
[SEQ 197] [IEEE-BASELINE]
SCORE    : anomaly_score=0.000
DECISION : ALLOW
------------------------------------------------------------
[SEQ 198] [LAYER 0]
CMD      : M221 S200
TRUST    : acc_cmd=1.000 | acc_exec=1.000 | trust=0.003
DECISION : PAUSE
MACHINE  : Machine-2
------------------------------------------------------------
[SEQ 198] [STATIC-BASELINE]
CMD      : M221 | effects={'M': 221.0, 'S': 200.0}
DECISION : BLOCK
------------------------------------------------------------
[SEQ 198] [IEEE-BASELINE]
SCORE    : anomaly_score=0.000
DECISION : ALLOW
------------------------------------------------------------
[SEQ 199] [LAYER 0]
CMD      : G1 X162.93 Y113.968 E5.61736
TRUST    : acc_cmd=0.000 | acc_exec=1.000 | trust=0.002
DECISION : PAUSE
MACHINE  : Machine-2
------------------------------------------------------------
[SEQ 199] [STATIC-BASELINE]
CMD      : G1 | effects={'dx': 3.1059999999999945, 'dy': -2.266999999999996, 'dz': 0.0, 'de': -994.38264, 'xy_dist': 3.8453250837867983, 'params': {'G': 1.0, 'X': 162.93, 'Y': 113.968, 'E': 5.61736}}
DECISION : ALLOW
------------------------------------------------------------
[SEQ 199] [IEEE-BASELINE]
SCORE    : anomaly_score=0.000
DECISION : ALLOW
------------------------------------------------------------
[SEQ 200] [LAYER 0]
CMD      : G1 X163.99 Y113.655 E5.63815
TRUST    : acc_cmd=0.000 | acc_exec=0.000 | trust=0.011
DECISION : PAUSE
MACHINE  : Machine-2
------------------------------------------------------------
[SEQ 200] [STATIC-BASELINE]
CMD      : G1 | effects={'dx': 1.0600000000000023, 'dy': -0.3130000000000024, 'dz': 0.0, 'de': 0.020790000000000752, 'xy_dist': 1.1052461264351965, 'params': {'G': 1.0, 'X': 163.99, 'Y': 113.655, 'E': 5.63815}}
DECISION : ALLOW
------------------------------------------------------------
[SEQ 200] [IEEE-BASELINE]
SCORE    : anomaly_score=0.000
DECISION : ALLOW
------------------------------------------------------------
[SEQ 201] [LAYER 0]
CMD      : M221 S200
TRUST    : acc_cmd=1.000 | acc_exec=1.000 | trust=0.007
DECISION : PAUSE
MACHINE  : Machine-2
------------------------------------------------------------
[SEQ 201] [STATIC-BASELINE]
CMD      : M221 | effects={'M': 221.0, 'S': 200.0}
DECISION : BLOCK
------------------------------------------------------------
[SEQ 201] [IEEE-BASELINE]
SCORE    : anomaly_score=0.000
DECISION : ALLOW
------------------------------------------------------------
[SEQ 202] [LAYER 0]
CMD      : G1 X167.3 Y114.004 E5.70126
TRUST    : acc_cmd=0.000 | acc_exec=0.000 | trust=0.025
DECISION : PAUSE
MACHINE  : Machine-2
------------------------------------------------------------
[SEQ 202] [STATIC-BASELINE]
CMD      : G1 | effects={'dx': 3.3100000000000023, 'dy': 0.34900000000000375, 'dz': 0.0, 'de': 0.06311, 'xy_dist': 3.3283480887671617, 'params': {'G': 1.0, 'X': 167.3, 'Y': 114.004, 'E': 5.70126}}
DECISION : ALLOW
------------------------------------------------------------
[SEQ 202] [IEEE-BASELINE]
SCORE    : anomaly_score=0.000
DECISION : ALLOW
------------------------------------------------------------
[SEQ 203] [LAYER 0]
CMD      : G1 X169.039 Y114.942 E5.73843
TRUST    : acc_cmd=0.000 | acc_exec=0.000 | trust=0.094
DECISION : PAUSE
MACHINE  : Machine-2
------------------------------------------------------------
[SEQ 203] [STATIC-BASELINE]
CMD      : G1 | effects={'dx': 1.738999999999976, 'dy': 0.9379999999999882, 'dz': 0.0, 'de': 0.0371699999999997, 'xy_dist': 1.9758453886880658, 'params': {'G': 1.0, 'X': 169.039, 'Y': 114.942, 'E': 5.73843}}
DECISION : ALLOW
------------------------------------------------------------
[SEQ 203] [IEEE-BASELINE]
SCORE    : anomaly_score=0.000
DECISION : ALLOW
------------------------------------------------------------
[SEQ 204] [LAYER 0]
CMD      : M221 S200
TRUST    : acc_cmd=1.000 | acc_exec=1.000 | trust=0.047
DECISION : PAUSE
MACHINE  : Machine-2
------------------------------------------------------------
[SEQ 204] [STATIC-BASELINE]
CMD      : M221 | effects={'M': 221.0, 'S': 200.0}
DECISION : BLOCK
------------------------------------------------------------
[SEQ 204] [IEEE-BASELINE]
SCORE    : anomaly_score=0.000
DECISION : ALLOW
------------------------------------------------------------
[SEQ 205] [LAYER 0]
CMD      : G1 X170.643 Y116.873 E5.7857
TRUST    : acc_cmd=0.000 | acc_exec=0.000 | trust=0.068
DECISION : PAUSE
MACHINE  : Machine-2
------------------------------------------------------------
[SEQ 205] [STATIC-BASELINE]
CMD      : G1 | effects={'dx': 1.6040000000000134, 'dy': 1.9310000000000116, 'dz': 0.0, 'de': 0.047270000000000145, 'xy_dist': 2.5102942058651387, 'params': {'G': 1.0, 'X': 170.643, 'Y': 116.873, 'E': 5.7857}}
DECISION : ALLOW
------------------------------------------------------------
[SEQ 205] [IEEE-BASELINE]
SCORE    : anomaly_score=0.000
DECISION : ALLOW
------------------------------------------------------------
[SEQ 206] [LAYER 0]
CMD      : G1 X171.384 Y119.034 E5.82867
TRUST    : acc_cmd=0.000 | acc_exec=0.000 | trust=0.160
DECISION : PAUSE
MACHINE  : Machine-2
------------------------------------------------------------
[SEQ 206] [STATIC-BASELINE]
CMD      : G1 | effects={'dx': 0.7409999999999854, 'dy': 2.1610000000000014, 'dz': 0.0, 'de': 0.04296999999999951, 'xy_dist': 2.2845135149523594, 'params': {'G': 1.0, 'X': 171.384, 'Y': 119.034, 'E': 5.82867}}
DECISION : ALLOW
------------------------------------------------------------
[SEQ 206] [IEEE-BASELINE]
SCORE    : anomaly_score=0.000
DECISION : ALLOW
------------------------------------------------------------
[SEQ 207] [LAYER 0]
CMD      : G1 X171.349 Y121.037 E5.86636
TRUST    : acc_cmd=0.000 | acc_exec=0.000 | trust=0.307
DECISION : PAUSE
MACHINE  : Machine-2
------------------------------------------------------------
[SEQ 207] [STATIC-BASELINE]
CMD      : G1 | effects={'dx': -0.03499999999999659, 'dy': 2.003, 'dz': 0.0, 'de': 0.037690000000000445, 'xy_dist': 2.003305767974525, 'params': {'G': 1.0, 'X': 171.349, 'Y': 121.037, 'E': 5.86636}}
DECISION : ALLOW
------------------------------------------------------------
[SEQ 207] [IEEE-BASELINE]
SCORE    : anomaly_score=0.000
DECISION : ALLOW
------------------------------------------------------------
[SEQ 208] [LAYER 0]
CMD      : G1 X170.832 Y122.704 E5.89919
TRUST    : acc_cmd=0.000 | acc_exec=0.000 | trust=0.472
DECISION : PAUSE
MACHINE  : Machine-2
------------------------------------------------------------
[SEQ 208] [STATIC-BASELINE]
CMD      : G1 | effects={'dx': -0.5169999999999959, 'dy': 1.6669999999999874, 'dz': 0.0, 'de': 0.03282999999999969, 'xy_dist': 1.745330341224822, 'params': {'G': 1.0, 'X': 170.832, 'Y': 122.704, 'E': 5.89919}}
DECISION : ALLOW
------------------------------------------------------------
[SEQ 208] [IEEE-BASELINE]
SCORE    : anomaly_score=0.000
DECISION : ALLOW
------------------------------------------------------------
[SEQ 209] [LAYER 0]
CMD      : G1 X169.883 Y124.181 E5.93221
TRUST    : acc_cmd=0.000 | acc_exec=0.000 | trust=0.622
DECISION : ALLOW
MACHINE  : Machine-2
------------------------------------------------------------
[SEQ 209] [STATIC-BASELINE]
CMD      : G1 | effects={'dx': -0.9489999999999839, 'dy': 1.4770000000000039, 'dz': 0.0, 'de': 0.03302000000000049, 'xy_dist': 1.7555996126679856, 'params': {'G': 1.0, 'X': 169.883, 'Y': 124.181, 'E': 5.93221}}
DECISION : ALLOW
------------------------------------------------------------
[SEQ 209] [IEEE-BASELINE]
SCORE    : anomaly_score=0.000
DECISION : ALLOW
------------------------------------------------------------
[SEQ 210] [LAYER 0]
CMD      : G1 X168.6 Y125.289 E5.9641
TRUST    : acc_cmd=0.000 | acc_exec=0.000 | trust=0.743
DECISION : ALLOW
MACHINE  : Machine-2
------------------------------------------------------------
[SEQ 210] [STATIC-BASELINE]
CMD      : G1 | effects={'dx': -1.2830000000000155, 'dy': 1.108000000000004, 'dz': 0.0, 'de': 0.03188999999999975, 'xy_dist': 1.6952147356603673, 'params': {'G': 1.0, 'X': 168.6, 'Y': 125.289, 'E': 5.9641}}
DECISION : ALLOW
------------------------------------------------------------
[SEQ 210] [IEEE-BASELINE]
SCORE    : anomaly_score=0.000
DECISION : ALLOW
------------------------------------------------------------
[SEQ 211] [LAYER 0]
CMD      : G1 X167.496 Y125.904 E5.98787
TRUST    : acc_cmd=0.000 | acc_exec=0.000 | trust=0.831
DECISION : ALLOW
MACHINE  : Machine-2
------------------------------------------------------------
[SEQ 211] [STATIC-BASELINE]
CMD      : G1 | effects={'dx': -1.103999999999985, 'dy': 0.6149999999999949, 'dz': 0.0, 'de': 0.023769999999999847, 'xy_dist': 1.2637408753379629, 'params': {'G': 1.0, 'X': 167.496, 'Y': 125.904, 'E': 5.98787}}
DECISION : ALLOW
------------------------------------------------------------
[SEQ 211] [IEEE-BASELINE]
SCORE    : anomaly_score=0.000
DECISION : ALLOW
------------------------------------------------------------
[SEQ 212] [LAYER 0]
CMD      : G92 E1000
TRUST    : acc_cmd=0.000 | acc_exec=1.000 | trust=0.360
DECISION : PAUSE
MACHINE  : Machine-2
------------------------------------------------------------
[SEQ 212] [STATIC-BASELINE]
CMD      : G92 | effects={'reset': {'G': 92.0, 'E': 1000.0}}
DECISION : BLOCK
------------------------------------------------------------
[SEQ 212] [IEEE-BASELINE]
SCORE    : anomaly_score=0.000
DECISION : ALLOW
------------------------------------------------------------
[SEQ 213] [LAYER 0]
CMD      : G92 E1000
TRUST    : acc_cmd=0.000 | acc_exec=1.000 | trust=0.149
DECISION : PAUSE
MACHINE  : Machine-2
------------------------------------------------------------
[SEQ 213] [STATIC-BASELINE]
CMD      : G92 | effects={'reset': {'G': 92.0, 'E': 1000.0}}
DECISION : BLOCK
------------------------------------------------------------
[SEQ 213] [IEEE-BASELINE]
SCORE    : anomaly_score=0.000
DECISION : ALLOW
------------------------------------------------------------
[SEQ 214] [LAYER 0]
CMD      : M221 S200
TRUST    : acc_cmd=1.000 | acc_exec=1.000 | trust=0.061
DECISION : PAUSE
MACHINE  : Machine-2
------------------------------------------------------------
[SEQ 214] [STATIC-BASELINE]
CMD      : M221 | effects={'M': 221.0, 'S': 200.0}
DECISION : BLOCK
------------------------------------------------------------
[SEQ 214] [IEEE-BASELINE]
SCORE    : anomaly_score=0.000
DECISION : ALLOW
------------------------------------------------------------
[SEQ 215] [LAYER 0]
CMD      : G1 X160.627 Y124.759 E6.1257
TRUST    : acc_cmd=0.000 | acc_exec=1.000 | trust=0.025
DECISION : PAUSE
MACHINE  : Machine-2
------------------------------------------------------------
[SEQ 215] [STATIC-BASELINE]
CMD      : G1 | effects={'dx': -6.869, 'dy': -1.144999999999996, 'dz': 0.0, 'de': -993.8743, 'xy_dist': 6.963776705208173, 'params': {'G': 1.0, 'X': 160.627, 'Y': 124.759, 'E': 6.1257}}
DECISION : ALLOW
------------------------------------------------------------
[SEQ 215] [IEEE-BASELINE]
SCORE    : anomaly_score=0.000
DECISION : ALLOW
------------------------------------------------------------
[SEQ 216] [LAYER 0]
CMD      : M221 S200
TRUST    : acc_cmd=1.000 | acc_exec=1.000 | trust=0.011
DECISION : PAUSE
MACHINE  : Machine-2
------------------------------------------------------------
[SEQ 216] [STATIC-BASELINE]
CMD      : M221 | effects={'M': 221.0, 'S': 200.0}
DECISION : BLOCK
------------------------------------------------------------
[SEQ 216] [IEEE-BASELINE]
SCORE    : anomaly_score=0.000
DECISION : ALLOW
------------------------------------------------------------
[SEQ 217] [LAYER 0]
CMD      : G1 X158.652 Y120.953 E6.20777
TRUST    : acc_cmd=0.000 | acc_exec=0.000 | trust=0.014
DECISION : PAUSE
MACHINE  : Machine-2
------------------------------------------------------------
[SEQ 217] [STATIC-BASELINE]
CMD      : G1 | effects={'dx': -1.9750000000000227, 'dy': -3.8059999999999974, 'dz': 0.0, 'de': 0.08206999999999987, 'xy_dist': 4.287920358402202, 'params': {'G': 1.0, 'X': 158.652, 'Y': 120.953, 'E': 6.20777}}
DECISION : ALLOW
------------------------------------------------------------
[SEQ 217] [IEEE-BASELINE]
SCORE    : anomaly_score=0.000
DECISION : ALLOW
------------------------------------------------------------
[SEQ 218] [LAYER 0]
CMD      : G1 X158.622 Y119.012 E6.24428
TRUST    : acc_cmd=0.000 | acc_exec=0.000 | trust=0.055
DECISION : PAUSE
MACHINE  : Machine-2
------------------------------------------------------------
[SEQ 218] [STATIC-BASELINE]
CMD      : G1 | effects={'dx': -0.029999999999972715, 'dy': -1.9410000000000025, 'dz': 0.0, 'de': 0.03650999999999982, 'xy_dist': 1.9412318254139582, 'params': {'G': 1.0, 'X': 158.622, 'Y': 119.012, 'E': 6.24428}}
DECISION : ALLOW
------------------------------------------------------------
[SEQ 218] [IEEE-BASELINE]
SCORE    : anomaly_score=0.000
DECISION : ALLOW
------------------------------------------------------------
[SEQ 219] [LAYER 0]
CMD      : M92 E2000
TRUST    : acc_cmd=1.000 | acc_exec=1.000 | trust=0.029
DECISION : PAUSE
MACHINE  : Machine-2
------------------------------------------------------------
[SEQ 219] [STATIC-BASELINE]
CMD      : M92 | effects={'M': 92.0, 'E': 2000.0}
DECISION : BLOCK
------------------------------------------------------------
[SEQ 219] [IEEE-BASELINE]
SCORE    : anomaly_score=0.000
DECISION : ALLOW
------------------------------------------------------------
[SEQ 220] [LAYER 0]
CMD      : G1 X159.299 Y117.159 E6.28144
TRUST    : acc_cmd=0.000 | acc_exec=0.000 | trust=0.052
DECISION : PAUSE
MACHINE  : Machine-2
------------------------------------------------------------
[SEQ 220] [STATIC-BASELINE]
CMD      : G1 | effects={'dx': 0.6769999999999925, 'dy': -1.8529999999999944, 'dz': 0.0, 'de': 0.03716000000000008, 'xy_dist': 1.9727995336576825, 'params': {'G': 1.0, 'X': 159.299, 'Y': 117.159, 'E': 6.28144}}
DECISION : ALLOW
------------------------------------------------------------
[SEQ 220] [IEEE-BASELINE]
SCORE    : anomaly_score=0.000
DECISION : ALLOW
------------------------------------------------------------
[SEQ 221] [LAYER 0]
CMD      : G1 X159.824 Y116.235 E6.30143
TRUST    : acc_cmd=0.000 | acc_exec=0.000 | trust=0.140
DECISION : PAUSE
MACHINE  : Machine-2
------------------------------------------------------------
[SEQ 221] [STATIC-BASELINE]
CMD      : G1 | effects={'dx': 0.5250000000000057, 'dy': -0.9240000000000066, 'dz': 0.0, 'de': 0.019989999999999952, 'xy_dist': 1.062732798025928, 'params': {'G': 1.0, 'X': 159.824, 'Y': 116.235, 'E': 6.30143}}
DECISION : ALLOW
------------------------------------------------------------
[SEQ 221] [IEEE-BASELINE]
SCORE    : anomaly_score=0.000
DECISION : ALLOW
------------------------------------------------------------
[SEQ 222] [LAYER 0]
CMD      : G92 E1000
TRUST    : acc_cmd=0.000 | acc_exec=1.000 | trust=0.067
DECISION : PAUSE
MACHINE  : Machine-2
------------------------------------------------------------
[SEQ 222] [STATIC-BASELINE]
CMD      : G92 | effects={'reset': {'G': 92.0, 'E': 1000.0}}
DECISION : BLOCK
------------------------------------------------------------
[SEQ 222] [IEEE-BASELINE]
SCORE    : anomaly_score=0.000
DECISION : ALLOW
------------------------------------------------------------
[SEQ 223] [LAYER 0]
CMD      : G1 F1800 X161.316 Y115.22 E6.33369
TRUST    : acc_cmd=0.000 | acc_exec=1.000 | trust=0.030
DECISION : PAUSE
MACHINE  : Machine-2
------------------------------------------------------------
[SEQ 223] [STATIC-BASELINE]
CMD      : G1 | effects={'dx': 1.4919999999999902, 'dy': -1.0150000000000006, 'dz': 0.0, 'de': -993.66631, 'xy_dist': 1.8045190494976693, 'params': {'G': 1.0, 'F': 1800.0, 'X': 161.316, 'Y': 115.22, 'E': 6.33369}}
DECISION : ALLOW
------------------------------------------------------------
[SEQ 223] [IEEE-BASELINE]
SCORE    : anomaly_score=0.000
DECISION : ALLOW
------------------------------------------------------------
[SEQ 224] [LAYER 0]
CMD      : M221 S200
TRUST    : acc_cmd=1.000 | acc_exec=1.000 | trust=0.013
DECISION : PAUSE
MACHINE  : Machine-2
------------------------------------------------------------
[SEQ 224] [STATIC-BASELINE]
CMD      : M221 | effects={'M': 221.0, 'S': 200.0}
DECISION : BLOCK
------------------------------------------------------------
[SEQ 224] [IEEE-BASELINE]
SCORE    : anomaly_score=0.000
DECISION : ALLOW
------------------------------------------------------------
[SEQ 225] [LAYER 0]
CMD      : G1 X163.043 Y114.352 E6.37014
TRUST    : acc_cmd=0.000 | acc_exec=0.000 | trust=0.019
DECISION : PAUSE
MACHINE  : Machine-2
------------------------------------------------------------
[SEQ 225] [STATIC-BASELINE]
CMD      : G1 | effects={'dx': 1.7270000000000039, 'dy': -0.867999999999995, 'dz': 0.0, 'de': 0.036450000000000315, 'xy_dist': 1.9328613504336012, 'params': {'G': 1.0, 'X': 163.043, 'Y': 114.352, 'E': 6.37014}}
DECISION : ALLOW
------------------------------------------------------------
[SEQ 225] [IEEE-BASELINE]
SCORE    : anomaly_score=0.000
DECISION : ALLOW
------------------------------------------------------------
[SEQ 226] [LAYER 0]
CMD      : G1 X164.053 Y114.054 E6.38995
TRUST    : acc_cmd=0.000 | acc_exec=0.000 | trust=0.072
DECISION : PAUSE
MACHINE  : Machine-2
------------------------------------------------------------
[SEQ 226] [STATIC-BASELINE]
CMD      : G1 | effects={'dx': 1.009999999999991, 'dy': -0.2980000000000018, 'dz': 0.0, 'de': 0.01980999999999966, 'xy_dist': 1.0530451082455976, 'params': {'G': 1.0, 'X': 164.053, 'Y': 114.054, 'E': 6.38995}}
DECISION : ALLOW
------------------------------------------------------------
[SEQ 226] [IEEE-BASELINE]
SCORE    : anomaly_score=0.000
DECISION : ALLOW
------------------------------------------------------------
[SEQ 227] [LAYER 0]
CMD      : M221 S200
TRUST    : acc_cmd=1.000 | acc_exec=1.000 | trust=0.036
DECISION : PAUSE
MACHINE  : Machine-2
------------------------------------------------------------
[SEQ 227] [STATIC-BASELINE]
CMD      : M221 | effects={'M': 221.0, 'S': 200.0}
DECISION : BLOCK
------------------------------------------------------------
[SEQ 227] [IEEE-BASELINE]
SCORE    : anomaly_score=0.000
DECISION : ALLOW
------------------------------------------------------------
[SEQ 228] [LAYER 0]
CMD      : G1 X167.155 Y114.38 E6.44909
TRUST    : acc_cmd=0.000 | acc_exec=0.000 | trust=0.059
DECISION : PAUSE
MACHINE  : Machine-2
------------------------------------------------------------
[SEQ 228] [STATIC-BASELINE]
CMD      : G1 | effects={'dx': 3.102000000000004, 'dy': 0.3259999999999934, 'dz': 0.0, 'de': 0.05914000000000019, 'xy_dist': 3.119083198633858, 'params': {'G': 1.0, 'X': 167.155, 'Y': 114.38, 'E': 6.44909}}
DECISION : ALLOW
------------------------------------------------------------
[SEQ 228] [IEEE-BASELINE]
SCORE    : anomaly_score=0.000
DECISION : ALLOW
------------------------------------------------------------
[SEQ 229] [LAYER 0]
CMD      : G92 E1000
TRUST    : acc_cmd=0.000 | acc_exec=1.000 | trust=0.030
DECISION : PAUSE
MACHINE  : Machine-2
------------------------------------------------------------
[SEQ 229] [STATIC-BASELINE]
CMD      : G92 | effects={'reset': {'G': 92.0, 'E': 1000.0}}
DECISION : BLOCK
------------------------------------------------------------
[SEQ 229] [IEEE-BASELINE]
SCORE    : anomaly_score=0.000
DECISION : ALLOW
------------------------------------------------------------
[SEQ 230] [LAYER 0]
CMD      : G1 X170.206 Y116.916 E6.52498
TRUST    : acc_cmd=0.000 | acc_exec=1.000 | trust=0.014
DECISION : PAUSE
MACHINE  : Machine-2
------------------------------------------------------------
[SEQ 230] [STATIC-BASELINE]
CMD      : G1 | effects={'dx': 3.0509999999999877, 'dy': 2.5360000000000014, 'dz': 0.0, 'de': -993.47502, 'xy_dist': 3.967353904052414, 'params': {'G': 1.0, 'X': 170.206, 'Y': 116.916, 'E': 6.52498}}
DECISION : ALLOW
------------------------------------------------------------
[SEQ 230] [IEEE-BASELINE]
SCORE    : anomaly_score=0.000
DECISION : ALLOW
------------------------------------------------------------
[SEQ 231] [LAYER 0]
CMD      : M92 E2000
TRUST    : acc_cmd=1.000 | acc_exec=1.000 | trust=0.006
DECISION : PAUSE
MACHINE  : Machine-2
------------------------------------------------------------
[SEQ 231] [STATIC-BASELINE]
CMD      : M92 | effects={'M': 92.0, 'E': 2000.0}
DECISION : BLOCK
------------------------------------------------------------
[SEQ 231] [IEEE-BASELINE]
SCORE    : anomaly_score=0.000
DECISION : ALLOW
------------------------------------------------------------
[SEQ 232] [LAYER 0]
CMD      : G92 E1000
TRUST    : acc_cmd=0.000 | acc_exec=1.000 | trust=0.003
DECISION : PAUSE
MACHINE  : Machine-2
------------------------------------------------------------
[SEQ 232] [STATIC-BASELINE]
CMD      : G92 | effects={'reset': {'G': 92.0, 'E': 1000.0}}
DECISION : BLOCK
------------------------------------------------------------
[SEQ 232] [IEEE-BASELINE]
SCORE    : anomaly_score=0.000
DECISION : ALLOW
------------------------------------------------------------
[SEQ 233] [LAYER 0]
CMD      : G1 X170.95 Y120.974 E6.6039
TRUST    : acc_cmd=0.000 | acc_exec=1.000 | trust=0.002
DECISION : PAUSE
MACHINE  : Machine-2
------------------------------------------------------------
[SEQ 233] [STATIC-BASELINE]
CMD      : G1 | effects={'dx': 0.7439999999999998, 'dy': 4.058000000000007, 'dz': 0.0, 'de': -993.3961, 'xy_dist': 4.1256393443925825, 'params': {'G': 1.0, 'X': 170.95, 'Y': 120.974, 'E': 6.6039}}
DECISION : ALLOW
------------------------------------------------------------
[SEQ 233] [IEEE-BASELINE]
SCORE    : anomaly_score=0.000
DECISION : ALLOW
------------------------------------------------------------
[SEQ 234] [LAYER 0]
CMD      : M221 S200
TRUST    : acc_cmd=1.000 | acc_exec=1.000 | trust=0.001
DECISION : PAUSE
MACHINE  : Machine-2
------------------------------------------------------------
[SEQ 234] [STATIC-BASELINE]
CMD      : M221 | effects={'M': 221.0, 'S': 200.0}
DECISION : BLOCK
------------------------------------------------------------
[SEQ 234] [IEEE-BASELINE]
SCORE    : anomaly_score=0.000
DECISION : ALLOW
------------------------------------------------------------
[SEQ 235] [LAYER 0]
CMD      : M221 S200
TRUST    : acc_cmd=1.000 | acc_exec=1.000 | trust=0.001
DECISION : PAUSE
MACHINE  : Machine-2
------------------------------------------------------------
[SEQ 235] [STATIC-BASELINE]
CMD      : M221 | effects={'M': 221.0, 'S': 200.0}
DECISION : BLOCK
------------------------------------------------------------
[SEQ 235] [IEEE-BASELINE]
SCORE    : anomaly_score=0.000
DECISION : ALLOW
------------------------------------------------------------
[SEQ 236] [LAYER 0]
CMD      : M92 E2000
TRUST    : acc_cmd=1.000 | acc_exec=1.000 | trust=0.001
DECISION : PAUSE
MACHINE  : Machine-2
------------------------------------------------------------
[SEQ 236] [STATIC-BASELINE]
CMD      : M92 | effects={'M': 92.0, 'E': 2000.0}
DECISION : BLOCK
------------------------------------------------------------
[SEQ 236] [IEEE-BASELINE]
SCORE    : anomaly_score=0.000
DECISION : ALLOW
------------------------------------------------------------
[SEQ 237] [LAYER 0]
CMD      : G1 X167.341 Y125.533 E6.71771
TRUST    : acc_cmd=0.000 | acc_exec=0.000 | trust=0.007
DECISION : PAUSE
MACHINE  : Machine-2
------------------------------------------------------------
[SEQ 237] [STATIC-BASELINE]
CMD      : G1 | effects={'dx': -3.6089999999999804, 'dy': 4.5589999999999975, 'dz': 0.0, 'de': 0.11380999999999997, 'xy_dist': 5.814581842230775, 'params': {'G': 1.0, 'X': 167.341, 'Y': 125.533, 'E': 6.71771}}
DECISION : ALLOW
------------------------------------------------------------
[SEQ 237] [IEEE-BASELINE]
SCORE    : anomaly_score=0.000
DECISION : ALLOW
------------------------------------------------------------
[SEQ 238] [LAYER 0]
CMD      : G1 X165.907 Y125.949 E6.7458
TRUST    : acc_cmd=0.000 | acc_exec=0.000 | trust=0.044
DECISION : PAUSE
MACHINE  : Machine-2
------------------------------------------------------------
[SEQ 238] [STATIC-BASELINE]
CMD      : G1 | effects={'dx': -1.4339999999999975, 'dy': 0.4159999999999968, 'dz': 0.0, 'de': 0.028089999999999726, 'xy_dist': 1.4931215623652316, 'params': {'G': 1.0, 'X': 165.907, 'Y': 125.949, 'E': 6.7458}}
DECISION : ALLOW
------------------------------------------------------------
[SEQ 238] [IEEE-BASELINE]
SCORE    : anomaly_score=0.000
DECISION : ALLOW
------------------------------------------------------------
[SEQ 239] [LAYER 0]
CMD      : G1 X164.16 Y125.982 E6.77866
TRUST    : acc_cmd=0.000 | acc_exec=0.000 | trust=0.139
DECISION : PAUSE
MACHINE  : Machine-2
------------------------------------------------------------
[SEQ 239] [STATIC-BASELINE]
CMD      : G1 | effects={'dx': -1.747000000000014, 'dy': 0.03300000000000125, 'dz': 0.0, 'de': 0.03286000000000033, 'xy_dist': 1.747311649363115, 'params': {'G': 1.0, 'X': 164.16, 'Y': 125.982, 'E': 6.77866}}
DECISION : ALLOW
------------------------------------------------------------
[SEQ 239] [IEEE-BASELINE]
SCORE    : anomaly_score=0.000
DECISION : ALLOW
------------------------------------------------------------
[SEQ 240] [LAYER 0]
CMD      : M92 E2000
TRUST    : acc_cmd=1.000 | acc_exec=1.000 | trust=0.067
DECISION : PAUSE
MACHINE  : Machine-2
------------------------------------------------------------
[SEQ 240] [STATIC-BASELINE]
CMD      : M92 | effects={'M': 92.0, 'E': 2000.0}
DECISION : BLOCK
------------------------------------------------------------
[SEQ 240] [IEEE-BASELINE]
SCORE    : anomaly_score=0.000
DECISION : ALLOW
------------------------------------------------------------
[SEQ 241] [LAYER 0]
CMD      : G92 E1000
TRUST    : acc_cmd=0.000 | acc_exec=1.000 | trust=0.030
DECISION : PAUSE
MACHINE  : Machine-2
------------------------------------------------------------
[SEQ 241] [STATIC-BASELINE]
CMD      : G92 | effects={'reset': {'G': 92.0, 'E': 1000.0}}
DECISION : BLOCK
------------------------------------------------------------
[SEQ 241] [IEEE-BASELINE]
SCORE    : anomaly_score=0.000
DECISION : ALLOW
------------------------------------------------------------
[SEQ 242] [LAYER 0]
CMD      : G92 E1000
TRUST    : acc_cmd=0.000 | acc_exec=1.000 | trust=0.013
DECISION : PAUSE
MACHINE  : Machine-2
------------------------------------------------------------
[SEQ 242] [STATIC-BASELINE]
CMD      : G92 | effects={'reset': {'G': 92.0, 'E': 1000.0}}
DECISION : BLOCK
------------------------------------------------------------
[SEQ 242] [IEEE-BASELINE]
SCORE    : anomaly_score=0.000
DECISION : ALLOW
------------------------------------------------------------
[SEQ 243] [LAYER 0]
CMD      : G1 X159.051 Y120.894 E6.9238
TRUST    : acc_cmd=0.000 | acc_exec=1.000 | trust=0.006
DECISION : PAUSE
MACHINE  : Machine-2
------------------------------------------------------------
[SEQ 243] [STATIC-BASELINE]
CMD      : G1 | effects={'dx': -5.109000000000009, 'dy': -5.087999999999994, 'dz': 0.0, 'de': -993.0762, 'xy_dist': 7.210383138225044, 'params': {'G': 1.0, 'X': 159.051, 'Y': 120.894, 'E': 6.9238}}
DECISION : ALLOW
------------------------------------------------------------
[SEQ 243] [IEEE-BASELINE]
SCORE    : anomaly_score=0.000
DECISION : ALLOW
------------------------------------------------------------
[SEQ 244] [LAYER 0]
CMD      : G1 X159.022 Y119.006 E6.95932
TRUST    : acc_cmd=0.000 | acc_exec=0.000 | trust=0.013
DECISION : PAUSE
MACHINE  : Machine-2
------------------------------------------------------------
[SEQ 244] [STATIC-BASELINE]
CMD      : G1 | effects={'dx': -0.028999999999996362, 'dy': -1.8880000000000052, 'dz': 0.0, 'de': 0.035519999999999996, 'xy_dist': 1.8882227093221868, 'params': {'G': 1.0, 'X': 159.022, 'Y': 119.006, 'E': 6.95932}}
DECISION : ALLOW
------------------------------------------------------------
[SEQ 244] [IEEE-BASELINE]
SCORE    : anomaly_score=0.000
DECISION : ALLOW
------------------------------------------------------------
[SEQ 245] [LAYER 0]
CMD      : M92 E2000
TRUST    : acc_cmd=1.000 | acc_exec=1.000 | trust=0.008
DECISION : PAUSE
MACHINE  : Machine-2
------------------------------------------------------------
[SEQ 245] [STATIC-BASELINE]
CMD      : M92 | effects={'M': 92.0, 'E': 2000.0}
DECISION : BLOCK
------------------------------------------------------------
[SEQ 245] [IEEE-BASELINE]
SCORE    : anomaly_score=0.000
DECISION : ALLOW
------------------------------------------------------------
[SEQ 246] [LAYER 0]
CMD      : G1 X160.147 Y116.475 E7.01157
TRUST    : acc_cmd=0.000 | acc_exec=0.000 | trust=0.026
DECISION : PAUSE
MACHINE  : Machine-2
------------------------------------------------------------
[SEQ 246] [STATIC-BASELINE]
CMD      : G1 | effects={'dx': 1.125, 'dy': -2.531000000000006, 'dz': 0.0, 'de': 0.05224999999999991, 'xy_dist': 2.769762805729045, 'params': {'G': 1.0, 'X': 160.147, 'Y': 116.475, 'E': 7.01157}}
DECISION : ALLOW
------------------------------------------------------------
[SEQ 246] [IEEE-BASELINE]
SCORE    : anomaly_score=0.000
DECISION : ALLOW
------------------------------------------------------------
[SEQ 247] [LAYER 0]
CMD      : M92 E2000
TRUST    : acc_cmd=1.000 | acc_exec=1.000 | trust=0.015
DECISION : PAUSE
MACHINE  : Machine-2
------------------------------------------------------------
[SEQ 247] [STATIC-BASELINE]
CMD      : M92 | effects={'M': 92.0, 'E': 2000.0}
DECISION : BLOCK
------------------------------------------------------------
[SEQ 247] [IEEE-BASELINE]
SCORE    : anomaly_score=0.000
DECISION : ALLOW
------------------------------------------------------------
[SEQ 248] [LAYER 0]
CMD      : M221 S200
TRUST    : acc_cmd=1.000 | acc_exec=1.000 | trust=0.007
DECISION : PAUSE
MACHINE  : Machine-2
------------------------------------------------------------
[SEQ 248] [STATIC-BASELINE]
CMD      : M221 | effects={'M': 221.0, 'S': 200.0}
DECISION : BLOCK
------------------------------------------------------------
[SEQ 248] [IEEE-BASELINE]
SCORE    : anomaly_score=0.000
DECISION : ALLOW
------------------------------------------------------------
[SEQ 249] [LAYER 0]
CMD      : M221 S200
TRUST    : acc_cmd=1.000 | acc_exec=1.000 | trust=0.004
DECISION : PAUSE
MACHINE  : Machine-2
------------------------------------------------------------
[SEQ 249] [STATIC-BASELINE]
CMD      : M221 | effects={'M': 221.0, 'S': 200.0}
DECISION : BLOCK
------------------------------------------------------------
[SEQ 249] [IEEE-BASELINE]
SCORE    : anomaly_score=0.000
DECISION : ALLOW
------------------------------------------------------------
[SEQ 250] [LAYER 0]
CMD      : G1 X163.156 Y114.736 E7.07539
TRUST    : acc_cmd=0.000 | acc_exec=0.000 | trust=0.013
DECISION : PAUSE
MACHINE  : Machine-2
------------------------------------------------------------
[SEQ 250] [STATIC-BASELINE]
CMD      : G1 | effects={'dx': 3.0090000000000146, 'dy': -1.73899999999999, 'dz': 0.0, 'de': 0.06381999999999977, 'xy_dist': 3.475370771586832, 'params': {'G': 1.0, 'X': 163.156, 'Y': 114.736, 'E': 7.07539}}
DECISION : ALLOW
------------------------------------------------------------
[SEQ 250] [IEEE-BASELINE]
SCORE    : anomaly_score=0.000
DECISION : ALLOW
------------------------------------------------------------
[SEQ 251] [LAYER 0]
CMD      : G1 X164.116 Y114.453 E7.09422
TRUST    : acc_cmd=0.000 | acc_exec=0.000 | trust=0.061
DECISION : PAUSE
MACHINE  : Machine-2
------------------------------------------------------------
[SEQ 251] [STATIC-BASELINE]
CMD      : G1 | effects={'dx': 0.960000000000008, 'dy': -0.28300000000000125, 'dz': 0.0, 'de': 0.018830000000000346, 'xy_dist': 1.0008441437107058, 'params': {'G': 1.0, 'X': 164.116, 'Y': 114.453, 'E': 7.09422}}
DECISION : ALLOW
------------------------------------------------------------
[SEQ 251] [IEEE-BASELINE]
SCORE    : anomaly_score=0.000
DECISION : ALLOW
------------------------------------------------------------
[SEQ 252] [LAYER 0]
CMD      : G1 X165.579 Y114.42 E7.12175
TRUST    : acc_cmd=0.000 | acc_exec=0.000 | trust=0.169
DECISION : PAUSE
MACHINE  : Machine-2
------------------------------------------------------------
[SEQ 252] [STATIC-BASELINE]
CMD      : G1 | effects={'dx': 1.4629999999999939, 'dy': -0.03300000000000125, 'dz': 0.0, 'de': 0.02752999999999961, 'xy_dist': 1.4633721331226661, 'params': {'G': 1.0, 'X': 165.579, 'Y': 114.42, 'E': 7.12175}}
DECISION : ALLOW
------------------------------------------------------------
[SEQ 252] [IEEE-BASELINE]
SCORE    : anomaly_score=0.000
DECISION : ALLOW
------------------------------------------------------------
[SEQ 253] [LAYER 0]
CMD      : G1 X167.01 Y114.756 E7.1494
TRUST    : acc_cmd=0.000 | acc_exec=0.000 | trust=0.323
DECISION : PAUSE
MACHINE  : Machine-2
------------------------------------------------------------
[SEQ 253] [STATIC-BASELINE]
CMD      : G1 | effects={'dx': 1.4309999999999832, 'dy': 0.3359999999999985, 'dz': 0.0, 'de': 0.027650000000000396, 'xy_dist': 1.4699173446149791, 'params': {'G': 1.0, 'X': 167.01, 'Y': 114.756, 'E': 7.1494}}
DECISION : ALLOW
------------------------------------------------------------
[SEQ 253] [IEEE-BASELINE]
SCORE    : anomaly_score=0.000
DECISION : ALLOW
------------------------------------------------------------
[SEQ 254] [LAYER 0]
CMD      : G92 E1000
TRUST    : acc_cmd=0.000 | acc_exec=1.000 | trust=0.147
DECISION : PAUSE
MACHINE  : Machine-2
------------------------------------------------------------
[SEQ 254] [STATIC-BASELINE]
CMD      : G92 | effects={'reset': {'G': 92.0, 'E': 1000.0}}
DECISION : BLOCK
------------------------------------------------------------
[SEQ 254] [IEEE-BASELINE]
SCORE    : anomaly_score=0.000
DECISION : ALLOW
------------------------------------------------------------
[SEQ 255] [LAYER 0]
CMD      : M221 S200
TRUST    : acc_cmd=1.000 | acc_exec=1.000 | trust=0.063
DECISION : PAUSE
MACHINE  : Machine-2
------------------------------------------------------------
[SEQ 255] [STATIC-BASELINE]
CMD      : M221 | effects={'M': 221.0, 'S': 200.0}
DECISION : BLOCK
------------------------------------------------------------
[SEQ 255] [IEEE-BASELINE]
SCORE    : anomaly_score=0.000
DECISION : ALLOW
------------------------------------------------------------
[SEQ 256] [LAYER 0]
CMD      : G1 X170.582 Y119.158 E7.26094
TRUST    : acc_cmd=0.000 | acc_exec=1.000 | trust=0.026
DECISION : PAUSE
MACHINE  : Machine-2
------------------------------------------------------------
[SEQ 256] [STATIC-BASELINE]
CMD      : G1 | effects={'dx': 3.5720000000000027, 'dy': 4.402000000000001, 'dz': 0.0, 'de': -992.73906, 'xy_dist': 5.668931821780892, 'params': {'G': 1.0, 'X': 170.582, 'Y': 119.158, 'E': 7.26094}}
DECISION : ALLOW
------------------------------------------------------------
[SEQ 256] [IEEE-BASELINE]
SCORE    : anomaly_score=0.000
DECISION : ALLOW
------------------------------------------------------------
[SEQ 257] [LAYER 0]
CMD      : M221 S200
TRUST    : acc_cmd=1.000 | acc_exec=1.000 | trust=0.011
DECISION : PAUSE
MACHINE  : Machine-2
------------------------------------------------------------
[SEQ 257] [STATIC-BASELINE]
CMD      : M221 | effects={'M': 221.0, 'S': 200.0}
DECISION : BLOCK
------------------------------------------------------------
[SEQ 257] [IEEE-BASELINE]
SCORE    : anomaly_score=0.000
DECISION : ALLOW
------------------------------------------------------------
[SEQ 258] [LAYER 0]
CMD      : G1 X170.1 Y122.364 E7.32254
TRUST    : acc_cmd=0.000 | acc_exec=0.000 | trust=0.016
DECISION : PAUSE
MACHINE  : Machine-2
------------------------------------------------------------
[SEQ 258] [STATIC-BASELINE]
CMD      : G1 | effects={'dx': -0.4819999999999993, 'dy': 3.206000000000003, 'dz': 0.0, 'de': 0.06160000000000032, 'xy_dist': 3.2420302281132454, 'params': {'G': 1.0, 'X': 170.1, 'Y': 122.364, 'E': 7.32254}}
DECISION : ALLOW
------------------------------------------------------------
[SEQ 258] [IEEE-BASELINE]
SCORE    : anomaly_score=0.000
DECISION : ALLOW
------------------------------------------------------------
[SEQ 259] [LAYER 0]
CMD      : G92 E1000
TRUST    : acc_cmd=0.000 | acc_exec=1.000 | trust=0.009
DECISION : PAUSE
MACHINE  : Machine-2
------------------------------------------------------------
[SEQ 259] [STATIC-BASELINE]
CMD      : G92 | effects={'reset': {'G': 92.0, 'E': 1000.0}}
DECISION : BLOCK
------------------------------------------------------------
[SEQ 259] [IEEE-BASELINE]
SCORE    : anomaly_score=0.000
DECISION : ALLOW
------------------------------------------------------------
[SEQ 260] [LAYER 0]
CMD      : G92 E1000
TRUST    : acc_cmd=0.000 | acc_exec=1.000 | trust=0.005
DECISION : PAUSE
MACHINE  : Machine-2
------------------------------------------------------------
[SEQ 260] [STATIC-BASELINE]
CMD      : G92 | effects={'reset': {'G': 92.0, 'E': 1000.0}}
DECISION : BLOCK
------------------------------------------------------------
[SEQ 260] [IEEE-BASELINE]
SCORE    : anomaly_score=0.000
DECISION : ALLOW
------------------------------------------------------------
[SEQ 261] [LAYER 0]
CMD      : M221 S200
TRUST    : acc_cmd=1.000 | acc_exec=1.000 | trust=0.003
DECISION : PAUSE
MACHINE  : Machine-2
------------------------------------------------------------
[SEQ 261] [STATIC-BASELINE]
CMD      : M221 | effects={'M': 221.0, 'S': 200.0}
DECISION : BLOCK
------------------------------------------------------------
[SEQ 261] [IEEE-BASELINE]
SCORE    : anomaly_score=0.000
DECISION : ALLOW
------------------------------------------------------------
[SEQ 262] [LAYER 0]
CMD      : M221 S200
TRUST    : acc_cmd=1.000 | acc_exec=1.000 | trust=0.002
DECISION : PAUSE
MACHINE  : Machine-2
------------------------------------------------------------
[SEQ 262] [STATIC-BASELINE]
CMD      : M221 | effects={'M': 221.0, 'S': 200.0}
DECISION : BLOCK
------------------------------------------------------------
[SEQ 262] [IEEE-BASELINE]
SCORE    : anomaly_score=0.000
DECISION : ALLOW
------------------------------------------------------------
[SEQ 263] [LAYER 0]
CMD      : G92 E1000
TRUST    : acc_cmd=0.000 | acc_exec=1.000 | trust=0.001
DECISION : PAUSE
MACHINE  : Machine-2
------------------------------------------------------------
[SEQ 263] [STATIC-BASELINE]
CMD      : G92 | effects={'reset': {'G': 92.0, 'E': 1000.0}}
DECISION : BLOCK
------------------------------------------------------------
[SEQ 263] [IEEE-BASELINE]
SCORE    : anomaly_score=0.000
DECISION : ALLOW
------------------------------------------------------------
[SEQ 264] [LAYER 0]
CMD      : M92 E2000
TRUST    : acc_cmd=1.000 | acc_exec=1.000 | trust=0.001
DECISION : PAUSE
MACHINE  : Machine-2
------------------------------------------------------------
[SEQ 264] [STATIC-BASELINE]
CMD      : M92 | effects={'M': 92.0, 'E': 2000.0}
DECISION : BLOCK
------------------------------------------------------------
[SEQ 264] [IEEE-BASELINE]
SCORE    : anomaly_score=0.000
DECISION : ALLOW
------------------------------------------------------------
[SEQ 265] [LAYER 0]
CMD      : G92 E1000
TRUST    : acc_cmd=0.000 | acc_exec=1.000 | trust=0.001
DECISION : PAUSE
MACHINE  : Machine-2
------------------------------------------------------------
[SEQ 265] [STATIC-BASELINE]
CMD      : G92 | effects={'reset': {'G': 92.0, 'E': 1000.0}}
DECISION : BLOCK
------------------------------------------------------------
[SEQ 265] [IEEE-BASELINE]
SCORE    : anomaly_score=0.000
DECISION : ALLOW
------------------------------------------------------------
[SEQ 266] [LAYER 0]
CMD      : G1 X159.919 Y122.497 E7.55983
TRUST    : acc_cmd=0.000 | acc_exec=1.000 | trust=0.001
DECISION : PAUSE
MACHINE  : Machine-2
------------------------------------------------------------
[SEQ 266] [STATIC-BASELINE]
CMD      : G1 | effects={'dx': -10.180999999999983, 'dy': 0.13299999999999557, 'dz': 0.0, 'de': -992.44017, 'xy_dist': 10.181868688998089, 'params': {'G': 1.0, 'X': 159.919, 'Y': 122.497, 'E': 7.55983}}
DECISION : ALLOW
------------------------------------------------------------
[SEQ 266] [IEEE-BASELINE]
SCORE    : anomaly_score=0.000
DECISION : ALLOW
------------------------------------------------------------
[SEQ 267] [LAYER 0]
CMD      : G1 X159.45 Y120.835 E7.59232
TRUST    : acc_cmd=0.000 | acc_exec=0.000 | trust=0.007
DECISION : PAUSE
MACHINE  : Machine-2
------------------------------------------------------------
[SEQ 267] [STATIC-BASELINE]
CMD      : G1 | effects={'dx': -0.4690000000000225, 'dy': -1.6620000000000061, 'dz': 0.0, 'de': 0.03249000000000013, 'xy_dist': 1.7269061931674348, 'params': {'G': 1.0, 'X': 159.45, 'Y': 120.835, 'E': 7.59232}}
DECISION : ALLOW
------------------------------------------------------------
[SEQ 267] [IEEE-BASELINE]
SCORE    : anomaly_score=0.000
DECISION : ALLOW
------------------------------------------------------------
[SEQ 268] [LAYER 0]
CMD      : G92 E1000
TRUST    : acc_cmd=0.000 | acc_exec=1.000 | trust=0.005
DECISION : PAUSE
MACHINE  : Machine-2
------------------------------------------------------------
[SEQ 268] [STATIC-BASELINE]
CMD      : G92 | effects={'reset': {'G': 92.0, 'E': 1000.0}}
DECISION : BLOCK
------------------------------------------------------------
[SEQ 268] [IEEE-BASELINE]
SCORE    : anomaly_score=0.000
DECISION : ALLOW
------------------------------------------------------------
[SEQ 269] [LAYER 0]
CMD      : G92 E1000
TRUST    : acc_cmd=0.000 | acc_exec=1.000 | trust=0.003
DECISION : PAUSE
MACHINE  : Machine-2
------------------------------------------------------------
[SEQ 269] [STATIC-BASELINE]
CMD      : G92 | effects={'reset': {'G': 92.0, 'E': 1000.0}}
DECISION : BLOCK
------------------------------------------------------------
[SEQ 269] [IEEE-BASELINE]
SCORE    : anomaly_score=0.000
DECISION : ALLOW
------------------------------------------------------------
[SEQ 270] [LAYER 0]
CMD      : G92 E1000
TRUST    : acc_cmd=0.000 | acc_exec=1.000 | trust=0.002
DECISION : PAUSE
MACHINE  : Machine-2
------------------------------------------------------------
[SEQ 270] [STATIC-BASELINE]
CMD      : G92 | effects={'reset': {'G': 92.0, 'E': 1000.0}}
DECISION : BLOCK
------------------------------------------------------------
[SEQ 270] [IEEE-BASELINE]
SCORE    : anomaly_score=0.000
DECISION : ALLOW
------------------------------------------------------------
[SEQ 271] [LAYER 0]
CMD      : G0 F3600 X160.797 Y116.953
TRUST    : acc_cmd=0.000 | acc_exec=0.000 | trust=0.011
DECISION : PAUSE
MACHINE  : Machine-2
------------------------------------------------------------
[SEQ 271] [STATIC-BASELINE]
CMD      : G0 | effects={'dx': 1.3470000000000084, 'dy': -3.881999999999991, 'dz': 0.0, 'de': 0.0, 'xy_dist': 4.10905500084873, 'params': {'G': 0.0, 'F': 3600.0, 'X': 160.797, 'Y': 116.953}}
DECISION : ALLOW
------------------------------------------------------------
[SEQ 271] [IEEE-BASELINE]
SCORE    : anomaly_score=0.000
DECISION : ALLOW
------------------------------------------------------------
[SEQ 272] [LAYER 0]
CMD      : G92 E1000
TRUST    : acc_cmd=0.000 | acc_exec=1.000 | trust=0.007
DECISION : PAUSE
MACHINE  : Machine-2
------------------------------------------------------------
[SEQ 272] [STATIC-BASELINE]
CMD      : G92 | effects={'reset': {'G': 92.0, 'E': 1000.0}}
DECISION : BLOCK
------------------------------------------------------------
[SEQ 272] [IEEE-BASELINE]
SCORE    : anomaly_score=0.000
DECISION : ALLOW
------------------------------------------------------------
[SEQ 273] [LAYER 0]
CMD      : M92 E2000
TRUST    : acc_cmd=1.000 | acc_exec=1.000 | trust=0.004
DECISION : PAUSE
MACHINE  : Machine-2
------------------------------------------------------------
[SEQ 273] [STATIC-BASELINE]
CMD      : M92 | effects={'M': 92.0, 'E': 2000.0}
DECISION : BLOCK
------------------------------------------------------------
[SEQ 273] [IEEE-BASELINE]
SCORE    : anomaly_score=0.000
DECISION : ALLOW
------------------------------------------------------------
[SEQ 274] [LAYER 0]
CMD      : G92 E1000
TRUST    : acc_cmd=0.000 | acc_exec=1.000 | trust=0.002
DECISION : PAUSE
MACHINE  : Machine-2
------------------------------------------------------------
[SEQ 274] [STATIC-BASELINE]
CMD      : G92 | effects={'reset': {'G': 92.0, 'E': 1000.0}}
DECISION : BLOCK
------------------------------------------------------------
[SEQ 274] [IEEE-BASELINE]
SCORE    : anomaly_score=0.000
DECISION : ALLOW
------------------------------------------------------------
[SEQ 275] [LAYER 0]
CMD      : M221 S200
TRUST    : acc_cmd=1.000 | acc_exec=1.000 | trust=0.001
DECISION : PAUSE
MACHINE  : Machine-2
------------------------------------------------------------
[SEQ 275] [STATIC-BASELINE]
CMD      : M221 | effects={'M': 221.0, 'S': 200.0}
DECISION : BLOCK
------------------------------------------------------------
[SEQ 275] [IEEE-BASELINE]
SCORE    : anomaly_score=0.000
DECISION : ALLOW
------------------------------------------------------------
[SEQ 276] [LAYER 0]
CMD      : M221 S200
TRUST    : acc_cmd=1.000 | acc_exec=1.000 | trust=0.001
DECISION : PAUSE
MACHINE  : Machine-2
------------------------------------------------------------
[SEQ 276] [STATIC-BASELINE]
CMD      : M221 | effects={'M': 221.0, 'S': 200.0}
DECISION : BLOCK
------------------------------------------------------------
[SEQ 276] [IEEE-BASELINE]
SCORE    : anomaly_score=0.000
DECISION : ALLOW
------------------------------------------------------------
[SEQ 277] [LAYER 0]
CMD      : G1 X168.272 Y115.892 E7.83225
TRUST    : acc_cmd=0.000 | acc_exec=1.000 | trust=0.001
DECISION : PAUSE
MACHINE  : Machine-2
------------------------------------------------------------
[SEQ 277] [STATIC-BASELINE]
CMD      : G1 | effects={'dx': 7.474999999999994, 'dy': -1.061000000000007, 'dz': 0.0, 'de': -992.16775, 'xy_dist': 7.549923575772136, 'params': {'G': 1.0, 'X': 168.272, 'Y': 115.892, 'E': 7.83225}}
DECISION : ALLOW
------------------------------------------------------------
[SEQ 277] [IEEE-BASELINE]
SCORE    : anomaly_score=0.000
DECISION : ALLOW
------------------------------------------------------------
[SEQ 278] [LAYER 0]
CMD      : G1 X169.55 Y117.381 E7.86916
TRUST    : acc_cmd=0.000 | acc_exec=0.000 | trust=0.008
DECISION : PAUSE
MACHINE  : Machine-2
------------------------------------------------------------
[SEQ 278] [STATIC-BASELINE]
CMD      : G1 | effects={'dx': 1.27800000000002, 'dy': 1.4890000000000043, 'dz': 0.0, 'de': 0.036909999999999776, 'xy_dist': 1.9622448878771641, 'params': {'G': 1.0, 'X': 169.55, 'Y': 117.381, 'E': 7.86916}}
DECISION : ALLOW
------------------------------------------------------------
[SEQ 278] [IEEE-BASELINE]
SCORE    : anomaly_score=0.000
DECISION : ALLOW
------------------------------------------------------------
[SEQ 279] [LAYER 0]
CMD      : M92 E2000
TRUST    : acc_cmd=1.000 | acc_exec=1.000 | trust=0.005
DECISION : PAUSE
MACHINE  : Machine-2
------------------------------------------------------------
[SEQ 279] [STATIC-BASELINE]
CMD      : M92 | effects={'M': 92.0, 'E': 2000.0}
DECISION : BLOCK
------------------------------------------------------------
[SEQ 279] [IEEE-BASELINE]
SCORE    : anomaly_score=0.000
DECISION : ALLOW
------------------------------------------------------------
[SEQ 280] [LAYER 0]
CMD      : G92 E1000
TRUST    : acc_cmd=0.000 | acc_exec=1.000 | trust=0.003
DECISION : PAUSE
MACHINE  : Machine-2
------------------------------------------------------------
[SEQ 280] [STATIC-BASELINE]
CMD      : G92 | effects={'reset': {'G': 92.0, 'E': 1000.0}}
DECISION : BLOCK
------------------------------------------------------------
[SEQ 280] [IEEE-BASELINE]
SCORE    : anomaly_score=0.000
DECISION : ALLOW
------------------------------------------------------------
[SEQ 281] [LAYER 0]
CMD      : G1 X169.733 Y122.196 E7.96291
TRUST    : acc_cmd=0.000 | acc_exec=1.000 | trust=0.002
DECISION : PAUSE
MACHINE  : Machine-2
------------------------------------------------------------
[SEQ 281] [STATIC-BASELINE]
CMD      : G1 | effects={'dx': 0.18299999999999272, 'dy': 4.814999999999998, 'dz': 0.0, 'de': -992.03709, 'xy_dist': 4.81847631518512, 'params': {'G': 1.0, 'X': 169.733, 'Y': 122.196, 'E': 7.96291}}
DECISION : ALLOW
------------------------------------------------------------
[SEQ 281] [IEEE-BASELINE]
SCORE    : anomaly_score=0.000
DECISION : ALLOW
------------------------------------------------------------
[SEQ 282] [LAYER 0]
CMD      : G1 X168.97 Y123.383 E7.98945
TRUST    : acc_cmd=0.000 | acc_exec=0.000 | trust=0.011
DECISION : PAUSE
MACHINE  : Machine-2
------------------------------------------------------------
[SEQ 282] [STATIC-BASELINE]
CMD      : G1 | effects={'dx': -0.7630000000000052, 'dy': 1.1869999999999976, 'dz': 0.0, 'de': 0.026539999999999786, 'xy_dist': 1.4110768937233726, 'params': {'G': 1.0, 'X': 168.97, 'Y': 123.383, 'E': 7.98945}}
DECISION : ALLOW
------------------------------------------------------------
[SEQ 282] [IEEE-BASELINE]
SCORE    : anomaly_score=0.000
DECISION : ALLOW
------------------------------------------------------------
[SEQ 283] [LAYER 0]
CMD      : M221 S200
TRUST    : acc_cmd=1.000 | acc_exec=1.000 | trust=0.007
DECISION : PAUSE
MACHINE  : Machine-2
------------------------------------------------------------
[SEQ 283] [STATIC-BASELINE]
CMD      : M221 | effects={'M': 221.0, 'S': 200.0}
DECISION : BLOCK
------------------------------------------------------------
[SEQ 283] [IEEE-BASELINE]
SCORE    : anomaly_score=0.000
DECISION : ALLOW
------------------------------------------------------------
[SEQ 284] [LAYER 0]
CMD      : M92 E2000
TRUST    : acc_cmd=1.000 | acc_exec=1.000 | trust=0.004
DECISION : PAUSE
MACHINE  : Machine-2
------------------------------------------------------------
[SEQ 284] [STATIC-BASELINE]
CMD      : M92 | effects={'M': 92.0, 'E': 2000.0}
DECISION : BLOCK
------------------------------------------------------------
[SEQ 284] [IEEE-BASELINE]
SCORE    : anomaly_score=0.000
DECISION : ALLOW
------------------------------------------------------------
[SEQ 285] [LAYER 0]
CMD      : G1 X165.788 Y125.151 E8.0591
TRUST    : acc_cmd=0.000 | acc_exec=0.000 | trust=0.015
DECISION : PAUSE
MACHINE  : Machine-2
------------------------------------------------------------
[SEQ 285] [STATIC-BASELINE]
CMD      : G1 | effects={'dx': -3.181999999999988, 'dy': 1.7680000000000007, 'dz': 0.0, 'de': 0.0696500000000011, 'xy_dist': 3.640185160125777, 'params': {'G': 1.0, 'X': 165.788, 'Y': 125.151, 'E': 8.0591}}
DECISION : ALLOW
------------------------------------------------------------
[SEQ 285] [IEEE-BASELINE]
SCORE    : anomaly_score=0.000
DECISION : ALLOW
------------------------------------------------------------
[SEQ 286] [LAYER 0]
CMD      : G1 X164.272 Y125.18 E8.08762
TRUST    : acc_cmd=0.000 | acc_exec=0.000 | trust=0.069
DECISION : PAUSE
MACHINE  : Machine-2
------------------------------------------------------------
[SEQ 286] [STATIC-BASELINE]
CMD      : G1 | effects={'dx': -1.5160000000000196, 'dy': 0.029000000000010573, 'dz': 0.0, 'de': 0.028519999999998547, 'xy_dist': 1.5162773492999426, 'params': {'G': 1.0, 'X': 164.272, 'Y': 125.18, 'E': 8.08762}}
DECISION : ALLOW
------------------------------------------------------------
[SEQ 286] [IEEE-BASELINE]
SCORE    : anomaly_score=0.000
DECISION : ALLOW
------------------------------------------------------------
[SEQ 287] [LAYER 0]
CMD      : G1 X162.825 Y124.733 E8.11611
TRUST    : acc_cmd=0.000 | acc_exec=0.000 | trust=0.182
DECISION : PAUSE
MACHINE  : Machine-2
------------------------------------------------------------
[SEQ 287] [STATIC-BASELINE]
CMD      : G1 | effects={'dx': -1.4470000000000027, 'dy': -0.44700000000000273, 'dz': 0.0, 'de': 0.02849000000000146, 'xy_dist': 1.51446954409787, 'params': {'G': 1.0, 'X': 162.825, 'Y': 124.733, 'E': 8.11611}}
DECISION : ALLOW
------------------------------------------------------------
[SEQ 287] [IEEE-BASELINE]
SCORE    : anomaly_score=0.000
DECISION : ALLOW
------------------------------------------------------------
[SEQ 288] [LAYER 0]
CMD      : G92 E1000
TRUST    : acc_cmd=0.000 | acc_exec=1.000 | trust=0.086
DECISION : PAUSE
MACHINE  : Machine-2
------------------------------------------------------------
[SEQ 288] [STATIC-BASELINE]
CMD      : G92 | effects={'reset': {'G': 92.0, 'E': 1000.0}}
DECISION : BLOCK
------------------------------------------------------------
[SEQ 288] [IEEE-BASELINE]
SCORE    : anomaly_score=0.000
DECISION : ALLOW
------------------------------------------------------------
[SEQ 289] [LAYER 0]
CMD      : M221 S200
TRUST    : acc_cmd=1.000 | acc_exec=1.000 | trust=0.037
DECISION : PAUSE
MACHINE  : Machine-2
------------------------------------------------------------
[SEQ 289] [STATIC-BASELINE]
CMD      : M221 | effects={'M': 221.0, 'S': 200.0}
DECISION : BLOCK
------------------------------------------------------------
[SEQ 289] [IEEE-BASELINE]
SCORE    : anomaly_score=0.000
DECISION : ALLOW
------------------------------------------------------------
[SEQ 290] [LAYER 0]
CMD      : G1 X159.849 Y120.776 E8.21324
TRUST    : acc_cmd=0.000 | acc_exec=1.000 | trust=0.016
DECISION : PAUSE
MACHINE  : Machine-2
------------------------------------------------------------
[SEQ 290] [STATIC-BASELINE]
CMD      : G1 | effects={'dx': -2.975999999999999, 'dy': -3.957000000000008, 'dz': 0.0, 'de': -991.78676, 'xy_dist': 4.951204398931644, 'params': {'G': 1.0, 'X': 159.849, 'Y': 120.776, 'E': 8.21324}}
DECISION : ALLOW
------------------------------------------------------------
[SEQ 290] [IEEE-BASELINE]
SCORE    : anomaly_score=0.000
DECISION : ALLOW
------------------------------------------------------------
[SEQ 291] [LAYER 0]
CMD      : G1 X159.824 Y119.145 E8.24392
TRUST    : acc_cmd=0.000 | acc_exec=0.000 | trust=0.021
DECISION : PAUSE
MACHINE  : Machine-2
------------------------------------------------------------
[SEQ 291] [STATIC-BASELINE]
CMD      : G1 | effects={'dx': -0.024999999999977263, 'dy': -1.6310000000000002, 'dz': 0.0, 'de': 0.030679999999998486, 'xy_dist': 1.6311915889925377, 'params': {'G': 1.0, 'X': 159.824, 'Y': 119.145, 'E': 8.24392}}
DECISION : ALLOW
------------------------------------------------------------
[SEQ 291] [IEEE-BASELINE]
SCORE    : anomaly_score=0.000
DECISION : ALLOW
------------------------------------------------------------
[SEQ 292] [LAYER 0]
CMD      : M92 E2000
TRUST    : acc_cmd=1.000 | acc_exec=1.000 | trust=0.012
DECISION : PAUSE
MACHINE  : Machine-2
------------------------------------------------------------
[SEQ 292] [STATIC-BASELINE]
CMD      : M92 | effects={'M': 92.0, 'E': 2000.0}
DECISION : BLOCK
------------------------------------------------------------
[SEQ 292] [IEEE-BASELINE]
SCORE    : anomaly_score=0.000
DECISION : ALLOW
------------------------------------------------------------
[SEQ 293] [LAYER 0]
CMD      : G1 X160.797 Y116.953 E8.28917
TRUST    : acc_cmd=0.000 | acc_exec=0.000 | trust=0.031
DECISION : PAUSE
MACHINE  : Machine-2
------------------------------------------------------------
[SEQ 293] [STATIC-BASELINE]
CMD      : G1 | effects={'dx': 0.9729999999999848, 'dy': -2.191999999999993, 'dz': 0.0, 'de': 0.04525000000000112, 'xy_dist': 2.3982479021151963, 'params': {'G': 1.0, 'X': 160.797, 'Y': 116.953, 'E': 8.28917}}
DECISION : ALLOW
------------------------------------------------------------
[SEQ 293] [IEEE-BASELINE]
SCORE    : anomaly_score=0.000
DECISION : ALLOW
------------------------------------------------------------
[SEQ 294] [LAYER 0]
CMD      : G92 E1000
TRUST    : acc_cmd=0.000 | acc_exec=1.000 | trust=0.017
DECISION : PAUSE
MACHINE  : Machine-2
------------------------------------------------------------
[SEQ 294] [STATIC-BASELINE]
CMD      : G92 | effects={'reset': {'G': 92.0, 'E': 1000.0}}
DECISION : BLOCK
------------------------------------------------------------
[SEQ 294] [IEEE-BASELINE]
SCORE    : anomaly_score=0.000
DECISION : ALLOW
------------------------------------------------------------
[SEQ 295] [LAYER 0]
CMD      : M221 S200
TRUST    : acc_cmd=1.000 | acc_exec=1.000 | trust=0.008
DECISION : PAUSE
MACHINE  : Machine-2
------------------------------------------------------------
[SEQ 295] [STATIC-BASELINE]
CMD      : M221 | effects={'M': 221.0, 'S': 200.0}
DECISION : BLOCK
------------------------------------------------------------
[SEQ 295] [IEEE-BASELINE]
SCORE    : anomaly_score=0.000
DECISION : ALLOW
------------------------------------------------------------
[SEQ 296] [LAYER 0]
CMD      : G1 X163.382 Y115.504 E8.34319
TRUST    : acc_cmd=0.000 | acc_exec=1.000 | trust=0.004
DECISION : PAUSE
MACHINE  : Machine-2
------------------------------------------------------------
[SEQ 296] [STATIC-BASELINE]
CMD      : G1 | effects={'dx': 2.585000000000008, 'dy': -1.448999999999998, 'dz': 0.0, 'de': -991.65681, 'xy_dist': 2.963414584562888, 'params': {'G': 1.0, 'X': 163.382, 'Y': 115.504, 'E': 8.34319}}
DECISION : ALLOW
------------------------------------------------------------
[SEQ 296] [IEEE-BASELINE]
SCORE    : anomaly_score=0.000
DECISION : ALLOW
------------------------------------------------------------
[SEQ 297] [LAYER 0]
CMD      : G1 X164.242 Y115.251 E8.36005
TRUST    : acc_cmd=0.000 | acc_exec=0.000 | trust=0.013
DECISION : PAUSE
MACHINE  : Machine-2
------------------------------------------------------------
[SEQ 297] [STATIC-BASELINE]
CMD      : G1 | effects={'dx': 0.8599999999999852, 'dy': -0.2530000000000001, 'dz': 0.0, 'de': 0.01685999999999943, 'xy_dist': 0.8964424130974475, 'params': {'G': 1.0, 'X': 164.242, 'Y': 115.251, 'E': 8.36005}}
DECISION : ALLOW
------------------------------------------------------------
[SEQ 297] [IEEE-BASELINE]
SCORE    : anomaly_score=0.000
DECISION : ALLOW
------------------------------------------------------------
[SEQ 298] [LAYER 0]
CMD      : M221 S200
TRUST    : acc_cmd=1.000 | acc_exec=1.000 | trust=0.008
DECISION : PAUSE
MACHINE  : Machine-2
------------------------------------------------------------
[SEQ 298] [STATIC-BASELINE]
CMD      : M221 | effects={'M': 221.0, 'S': 200.0}
DECISION : BLOCK
------------------------------------------------------------
[SEQ 298] [IEEE-BASELINE]
SCORE    : anomaly_score=0.000
DECISION : ALLOW
------------------------------------------------------------
[SEQ 299] [LAYER 0]
CMD      : G92 E1000
TRUST    : acc_cmd=0.000 | acc_exec=1.000 | trust=0.004
DECISION : PAUSE
MACHINE  : Machine-2
------------------------------------------------------------
[SEQ 299] [STATIC-BASELINE]
CMD      : G92 | effects={'reset': {'G': 92.0, 'E': 1000.0}}
DECISION : BLOCK
------------------------------------------------------------
[SEQ 299] [IEEE-BASELINE]
SCORE    : anomaly_score=0.000
DECISION : ALLOW
------------------------------------------------------------
[SEQ 300] [LAYER 0]
CMD      : M221 S200
TRUST    : acc_cmd=1.000 | acc_exec=1.000 | trust=0.003
DECISION : PAUSE
MACHINE  : Machine-2
------------------------------------------------------------
[SEQ 300] [STATIC-BASELINE]
CMD      : M221 | effects={'M': 221.0, 'S': 200.0}
DECISION : BLOCK
------------------------------------------------------------
[SEQ 300] [IEEE-BASELINE]
SCORE    : anomaly_score=0.000
DECISION : ALLOW
------------------------------------------------------------
[SEQ 301] [LAYER 0]
CMD      : G1 X169.197 Y117.584 E8.4691
TRUST    : acc_cmd=0.000 | acc_exec=1.000 | trust=0.002
DECISION : PAUSE
MACHINE  : Machine-2
------------------------------------------------------------
[SEQ 301] [STATIC-BASELINE]
CMD      : G1 | effects={'dx': 4.9550000000000125, 'dy': 2.3329999999999984, 'dz': 0.0, 'de': -991.5309, 'xy_dist': 5.47676126921743, 'params': {'G': 1.0, 'X': 169.197, 'Y': 117.584, 'E': 8.4691}}
DECISION : ALLOW
------------------------------------------------------------
[SEQ 301] [IEEE-BASELINE]
SCORE    : anomaly_score=0.000
DECISION : ALLOW
------------------------------------------------------------
[SEQ 302] [LAYER 0]
CMD      : G1 X169.78 Y119.282 E8.50287
TRUST    : acc_cmd=0.000 | acc_exec=0.000 | trust=0.009
DECISION : PAUSE
MACHINE  : Machine-2
------------------------------------------------------------
[SEQ 302] [STATIC-BASELINE]
CMD      : G1 | effects={'dx': 0.5829999999999984, 'dy': 1.6979999999999933, 'dz': 0.0, 'de': 0.03377000000000052, 'xy_dist': 1.7952974683878924, 'params': {'G': 1.0, 'X': 169.78, 'Y': 119.282, 'E': 8.50287}}
DECISION : ALLOW
------------------------------------------------------------
[SEQ 302] [IEEE-BASELINE]
SCORE    : anomaly_score=0.000
DECISION : ALLOW
------------------------------------------------------------
[SEQ 303] [LAYER 0]
CMD      : M221 S200
TRUST    : acc_cmd=1.000 | acc_exec=1.000 | trust=0.006
DECISION : PAUSE
MACHINE  : Machine-2
------------------------------------------------------------
[SEQ 303] [STATIC-BASELINE]
CMD      : M221 | effects={'M': 221.0, 'S': 200.0}
DECISION : BLOCK
------------------------------------------------------------
[SEQ 303] [IEEE-BASELINE]
SCORE    : anomaly_score=0.000
DECISION : ALLOW
------------------------------------------------------------
[SEQ 304] [LAYER 0]
CMD      : G1 X169.367 Y122.025 E8.55558
TRUST    : acc_cmd=0.000 | acc_exec=0.000 | trust=0.024
DECISION : PAUSE
MACHINE  : Machine-2
------------------------------------------------------------
[SEQ 304] [STATIC-BASELINE]
CMD      : G1 | effects={'dx': -0.4130000000000109, 'dy': 2.743000000000009, 'dz': 0.0, 'de': 0.052710000000001145, 'xy_dist': 2.773917446500537, 'params': {'G': 1.0, 'X': 169.367, 'Y': 122.025, 'E': 8.55558}}
DECISION : ALLOW
------------------------------------------------------------
[SEQ 304] [IEEE-BASELINE]
SCORE    : anomaly_score=0.000
DECISION : ALLOW
------------------------------------------------------------
[SEQ 305] [LAYER 0]
CMD      : G1 X168.664 Y123.119 E8.58004
TRUST    : acc_cmd=0.000 | acc_exec=0.000 | trust=0.092
DECISION : PAUSE
MACHINE  : Machine-2
------------------------------------------------------------
[SEQ 305] [STATIC-BASELINE]
CMD      : G1 | effects={'dx': -0.703000000000003, 'dy': 1.093999999999994, 'dz': 0.0, 'de': 0.024459999999999482, 'xy_dist': 1.3004018609645218, 'params': {'G': 1.0, 'X': 168.664, 'Y': 123.119, 'E': 8.58004}}
DECISION : ALLOW
------------------------------------------------------------
[SEQ 305] [IEEE-BASELINE]
SCORE    : anomaly_score=0.000
DECISION : ALLOW
------------------------------------------------------------
[SEQ 306] [LAYER 0]
CMD      : M92 E2000
TRUST    : acc_cmd=1.000 | acc_exec=1.000 | trust=0.046
DECISION : PAUSE
MACHINE  : Machine-2
------------------------------------------------------------
[SEQ 306] [STATIC-BASELINE]
CMD      : M92 | effects={'M': 92.0, 'E': 2000.0}
DECISION : BLOCK
------------------------------------------------------------
[SEQ 306] [IEEE-BASELINE]
SCORE    : anomaly_score=0.000
DECISION : ALLOW
------------------------------------------------------------
[SEQ 307] [LAYER 0]
CMD      : G92 E1000
TRUST    : acc_cmd=0.000 | acc_exec=1.000 | trust=0.021
DECISION : PAUSE
MACHINE  : Machine-2
------------------------------------------------------------
[SEQ 307] [STATIC-BASELINE]
CMD      : G92 | effects={'reset': {'G': 92.0, 'E': 1000.0}}
DECISION : BLOCK
------------------------------------------------------------
[SEQ 307] [IEEE-BASELINE]
SCORE    : anomaly_score=0.000
DECISION : ALLOW
------------------------------------------------------------
[SEQ 308] [LAYER 0]
CMD      : G92 E1000
TRUST    : acc_cmd=0.000 | acc_exec=1.000 | trust=0.009
DECISION : PAUSE
MACHINE  : Machine-2
------------------------------------------------------------
[SEQ 308] [STATIC-BASELINE]
CMD      : G92 | effects={'reset': {'G': 92.0, 'E': 1000.0}}
DECISION : BLOCK
------------------------------------------------------------
[SEQ 308] [IEEE-BASELINE]
SCORE    : anomaly_score=0.000
DECISION : ALLOW
------------------------------------------------------------
[SEQ 309] [LAYER 0]
CMD      : G1 X164.328 Y124.779 E8.67066
TRUST    : acc_cmd=0.000 | acc_exec=1.000 | trust=0.004
DECISION : PAUSE
MACHINE  : Machine-2
------------------------------------------------------------
[SEQ 309] [STATIC-BASELINE]
CMD      : G1 | effects={'dx': -4.335999999999984, 'dy': 1.6599999999999966, 'dz': 0.0, 'de': -991.32934, 'xy_dist': 4.642897371254275, 'params': {'G': 1.0, 'X': 164.328, 'Y': 124.779, 'E': 8.67066}}
DECISION : ALLOW
------------------------------------------------------------
[SEQ 309] [IEEE-BASELINE]
SCORE    : anomaly_score=0.000
DECISION : ALLOW
------------------------------------------------------------
[SEQ 310] [LAYER 0]
CMD      : G1 X162.995 Y124.367 E8.6969
TRUST    : acc_cmd=0.000 | acc_exec=0.000 | trust=0.012
DECISION : PAUSE
MACHINE  : Machine-2
------------------------------------------------------------
[SEQ 310] [STATIC-BASELINE]
CMD      : G1 | effects={'dx': -1.3329999999999984, 'dy': -0.41199999999999193, 'dz': 0.0, 'de': 0.026239999999999597, 'xy_dist': 1.3952179041282367, 'params': {'G': 1.0, 'X': 162.995, 'Y': 124.367, 'E': 8.6969}}
DECISION : ALLOW
------------------------------------------------------------
[SEQ 310] [IEEE-BASELINE]
SCORE    : anomaly_score=0.000
DECISION : ALLOW
------------------------------------------------------------
[SEQ 311] [LAYER 0]
CMD      : M221 S200
TRUST    : acc_cmd=1.000 | acc_exec=1.000 | trust=0.007
DECISION : PAUSE
MACHINE  : Machine-2
------------------------------------------------------------
[SEQ 311] [STATIC-BASELINE]
CMD      : M221 | effects={'M': 221.0, 'S': 200.0}
DECISION : BLOCK
------------------------------------------------------------
[SEQ 311] [IEEE-BASELINE]
SCORE    : anomaly_score=0.000
DECISION : ALLOW
------------------------------------------------------------
[SEQ 312] [LAYER 0]
CMD      : G92 E1000
TRUST    : acc_cmd=0.000 | acc_exec=1.000 | trust=0.004
DECISION : PAUSE
MACHINE  : Machine-2
------------------------------------------------------------
[SEQ 312] [STATIC-BASELINE]
CMD      : G92 | effects={'reset': {'G': 92.0, 'E': 1000.0}}
DECISION : BLOCK
------------------------------------------------------------
[SEQ 312] [IEEE-BASELINE]
SCORE    : anomaly_score=0.000
DECISION : ALLOW
------------------------------------------------------------
[SEQ 313] [LAYER 0]
CMD      : M92 E2000
TRUST    : acc_cmd=1.000 | acc_exec=1.000 | trust=0.002
DECISION : PAUSE
MACHINE  : Machine-2
------------------------------------------------------------
[SEQ 313] [STATIC-BASELINE]
CMD      : M92 | effects={'M': 92.0, 'E': 2000.0}
DECISION : BLOCK
------------------------------------------------------------
[SEQ 313] [IEEE-BASELINE]
SCORE    : anomaly_score=0.000
DECISION : ALLOW
------------------------------------------------------------
[SEQ 314] [LAYER 0]
CMD      : G1 X160.225 Y119.213 E8.81482
TRUST    : acc_cmd=0.000 | acc_exec=1.000 | trust=0.001
DECISION : PAUSE
MACHINE  : Machine-2
------------------------------------------------------------
[SEQ 314] [STATIC-BASELINE]
CMD      : G1 | effects={'dx': -2.7700000000000102, 'dy': -5.154000000000011, 'dz': 0.0, 'de': -991.18518, 'xy_dist': 5.851206371339176, 'params': {'G': 1.0, 'X': 160.225, 'Y': 119.213, 'E': 8.81482}}
DECISION : ALLOW
------------------------------------------------------------
[SEQ 314] [IEEE-BASELINE]
SCORE    : anomaly_score=0.000
DECISION : ALLOW
------------------------------------------------------------
[SEQ 315] [LAYER 0]
CMD      : G1 X160.691 Y117.95 E8.84014
TRUST    : acc_cmd=0.000 | acc_exec=0.000 | trust=0.009
DECISION : PAUSE
MACHINE  : Machine-2
------------------------------------------------------------
[SEQ 315] [STATIC-BASELINE]
CMD      : G1 | effects={'dx': 0.4660000000000082, 'dy': -1.262999999999991, 'dz': 0.0, 'de': 0.025320000000000675, 'xy_dist': 1.3462262068463773, 'params': {'G': 1.0, 'X': 160.691, 'Y': 117.95, 'E': 8.84014}}
DECISION : ALLOW
------------------------------------------------------------
[SEQ 315] [IEEE-BASELINE]
SCORE    : anomaly_score=0.000
DECISION : ALLOW
------------------------------------------------------------
[SEQ 316] [LAYER 0]
CMD      : G1 X161.122 Y117.192 E8.85654
TRUST    : acc_cmd=0.000 | acc_exec=0.000 | trust=0.051
DECISION : PAUSE
MACHINE  : Machine-2
------------------------------------------------------------
[SEQ 316] [STATIC-BASELINE]
CMD      : G1 | effects={'dx': 0.4310000000000116, 'dy': -0.7580000000000098, 'dz': 0.0, 'de': 0.01640000000000086, 'xy_dist': 0.8719661690685165, 'params': {'G': 1.0, 'X': 161.122, 'Y': 117.192, 'E': 8.85654}}
DECISION : ALLOW
------------------------------------------------------------
[SEQ 316] [IEEE-BASELINE]
SCORE    : anomaly_score=0.000
DECISION : ALLOW
------------------------------------------------------------
[SEQ 317] [LAYER 0]
CMD      : G92 E1000
TRUST    : acc_cmd=0.000 | acc_exec=1.000 | trust=0.027
DECISION : PAUSE
MACHINE  : Machine-2
------------------------------------------------------------
[SEQ 317] [STATIC-BASELINE]
CMD      : G92 | effects={'reset': {'G': 92.0, 'E': 1000.0}}
DECISION : BLOCK
------------------------------------------------------------
[SEQ 317] [IEEE-BASELINE]
SCORE    : anomaly_score=0.000
DECISION : ALLOW
------------------------------------------------------------
[SEQ 318] [LAYER 0]
CMD      : M221 S200
TRUST    : acc_cmd=1.000 | acc_exec=1.000 | trust=0.013
DECISION : PAUSE
MACHINE  : Machine-2
------------------------------------------------------------
[SEQ 318] [STATIC-BASELINE]
CMD      : M221 | effects={'M': 221.0, 'S': 200.0}
DECISION : BLOCK
------------------------------------------------------------
[SEQ 318] [IEEE-BASELINE]
SCORE    : anomaly_score=0.000
DECISION : ALLOW
------------------------------------------------------------
[SEQ 319] [LAYER 0]
CMD      : G1 X163.495 Y115.888 E8.90562
TRUST    : acc_cmd=0.000 | acc_exec=1.000 | trust=0.006
DECISION : PAUSE
MACHINE  : Machine-2
------------------------------------------------------------
[SEQ 319] [STATIC-BASELINE]
CMD      : G1 | effects={'dx': 2.3729999999999905, 'dy': -1.3039999999999878, 'dz': 0.0, 'de': -991.09438, 'xy_dist': 2.707682588487787, 'params': {'G': 1.0, 'X': 163.495, 'Y': 115.888, 'E': 8.90562}}
DECISION : ALLOW
------------------------------------------------------------
[SEQ 319] [IEEE-BASELINE]
SCORE    : anomaly_score=0.000
DECISION : ALLOW
------------------------------------------------------------
[SEQ 320] [LAYER 0]
CMD      : M92 E2000
TRUST    : acc_cmd=1.000 | acc_exec=1.000 | trust=0.003
DECISION : PAUSE
MACHINE  : Machine-2
------------------------------------------------------------
[SEQ 320] [STATIC-BASELINE]
CMD      : M92 | effects={'M': 92.0, 'E': 2000.0}
DECISION : BLOCK
------------------------------------------------------------
[SEQ 320] [IEEE-BASELINE]
SCORE    : anomaly_score=0.000
DECISION : ALLOW
------------------------------------------------------------
[SEQ 321] [LAYER 0]
CMD      : G1 X165.461 Y115.623 E8.94325
TRUST    : acc_cmd=0.000 | acc_exec=0.000 | trust=0.011
DECISION : PAUSE
MACHINE  : Machine-2
------------------------------------------------------------
[SEQ 321] [STATIC-BASELINE]
CMD      : G1 | effects={'dx': 1.9660000000000082, 'dy': -0.26500000000000057, 'dz': 0.0, 'de': 0.03763000000000005, 'xy_dist': 1.983779473631087, 'params': {'G': 1.0, 'X': 165.461, 'Y': 115.623, 'E': 8.94325}}
DECISION : ALLOW
------------------------------------------------------------
[SEQ 321] [IEEE-BASELINE]
SCORE    : anomaly_score=0.000
DECISION : ALLOW
------------------------------------------------------------
[SEQ 322] [LAYER 0]
CMD      : G1 X166.576 Y115.885 E8.9648
TRUST    : acc_cmd=0.000 | acc_exec=0.000 | trust=0.055
DECISION : PAUSE
MACHINE  : Machine-2
------------------------------------------------------------
[SEQ 322] [STATIC-BASELINE]
CMD      : G1 | effects={'dx': 1.1149999999999807, 'dy': 0.26200000000000045, 'dz': 0.0, 'de': 0.021549999999999514, 'xy_dist': 1.1453684996541318, 'params': {'G': 1.0, 'X': 166.576, 'Y': 115.885, 'E': 8.9648}}
DECISION : ALLOW
------------------------------------------------------------
[SEQ 322] [IEEE-BASELINE]
SCORE    : anomaly_score=0.000
DECISION : ALLOW
------------------------------------------------------------
[SEQ 323] [LAYER 0]
CMD      : G1 X167.762 Y116.526 E8.99016
TRUST    : acc_cmd=0.000 | acc_exec=0.000 | trust=0.159
DECISION : PAUSE
MACHINE  : Machine-2
------------------------------------------------------------
[SEQ 323] [STATIC-BASELINE]
CMD      : G1 | effects={'dx': 1.186000000000007, 'dy': 0.6409999999999911, 'dz': 0.0, 'de': 0.02535999999999916, 'xy_dist': 1.3481383460164633, 'params': {'G': 1.0, 'X': 167.762, 'Y': 116.526, 'E': 8.99016}}
DECISION : ALLOW
------------------------------------------------------------
[SEQ 323] [IEEE-BASELINE]
SCORE    : anomaly_score=0.000
DECISION : ALLOW
------------------------------------------------------------
[SEQ 324] [LAYER 0]
CMD      : G92 E1000
TRUST    : acc_cmd=0.000 | acc_exec=1.000 | trust=0.076
DECISION : PAUSE
MACHINE  : Machine-2
------------------------------------------------------------
[SEQ 324] [STATIC-BASELINE]
CMD      : G92 | effects={'reset': {'G': 92.0, 'E': 1000.0}}
DECISION : BLOCK
------------------------------------------------------------
[SEQ 324] [IEEE-BASELINE]
SCORE    : anomaly_score=0.000
DECISION : ALLOW
------------------------------------------------------------
[SEQ 325] [LAYER 0]
CMD      : M221 S200
TRUST    : acc_cmd=1.000 | acc_exec=1.000 | trust=0.033
DECISION : PAUSE
MACHINE  : Machine-2
------------------------------------------------------------
[SEQ 325] [STATIC-BASELINE]
CMD      : M221 | effects={'M': 221.0, 'S': 200.0}
DECISION : BLOCK
------------------------------------------------------------
[SEQ 325] [IEEE-BASELINE]
SCORE    : anomaly_score=0.000
DECISION : ALLOW
------------------------------------------------------------
[SEQ 326] [LAYER 0]
CMD      : G1 X169.354 Y120.718 E9.07823
TRUST    : acc_cmd=0.000 | acc_exec=1.000 | trust=0.014
DECISION : PAUSE
MACHINE  : Machine-2
------------------------------------------------------------
[SEQ 326] [STATIC-BASELINE]
CMD      : G1 | effects={'dx': 1.592000000000013, 'dy': 4.192000000000007, 'dz': 0.0, 'de': -990.92177, 'xy_dist': 4.484119534535192, 'params': {'G': 1.0, 'X': 169.354, 'Y': 120.718, 'E': 9.07823}}
DECISION : ALLOW
------------------------------------------------------------
[SEQ 326] [IEEE-BASELINE]
SCORE    : anomaly_score=0.000
DECISION : ALLOW
------------------------------------------------------------
[SEQ 327] [LAYER 0]
CMD      : M221 S200
TRUST    : acc_cmd=1.000 | acc_exec=1.000 | trust=0.007
DECISION : PAUSE
MACHINE  : Machine-2
------------------------------------------------------------
[SEQ 327] [STATIC-BASELINE]
CMD      : M221 | effects={'M': 221.0, 'S': 200.0}
DECISION : BLOCK
------------------------------------------------------------
[SEQ 327] [IEEE-BASELINE]
SCORE    : anomaly_score=0.000
DECISION : ALLOW
------------------------------------------------------------
[SEQ 328] [LAYER 0]
CMD      : G1 X168.358 Y122.855 E9.12299
TRUST    : acc_cmd=0.000 | acc_exec=0.000 | trust=0.013
DECISION : PAUSE
MACHINE  : Machine-2
------------------------------------------------------------
[SEQ 328] [STATIC-BASELINE]
CMD      : G1 | effects={'dx': -0.9960000000000093, 'dy': 2.1370000000000005, 'dz': 0.0, 'de': 0.04476000000000013, 'xy_dist': 2.357707573046331, 'params': {'G': 1.0, 'X': 168.358, 'Y': 122.855, 'E': 9.12299}}
DECISION : ALLOW
------------------------------------------------------------
[SEQ 328] [IEEE-BASELINE]
SCORE    : anomaly_score=0.000
DECISION : ALLOW
------------------------------------------------------------
[SEQ 329] [LAYER 0]
CMD      : M221 S200
TRUST    : acc_cmd=1.000 | acc_exec=1.000 | trust=0.008
DECISION : PAUSE
MACHINE  : Machine-2
------------------------------------------------------------
[SEQ 329] [STATIC-BASELINE]
CMD      : M221 | effects={'M': 221.0, 'S': 200.0}
DECISION : BLOCK
------------------------------------------------------------
[SEQ 329] [IEEE-BASELINE]
SCORE    : anomaly_score=0.000
DECISION : ALLOW
------------------------------------------------------------
[SEQ 330] [LAYER 0]
CMD      : M92 E2000
TRUST    : acc_cmd=1.000 | acc_exec=1.000 | trust=0.004
DECISION : PAUSE
MACHINE  : Machine-2
------------------------------------------------------------
[SEQ 330] [STATIC-BASELINE]
CMD      : M92 | effects={'M': 92.0, 'E': 2000.0}
DECISION : BLOCK
------------------------------------------------------------
[SEQ 330] [IEEE-BASELINE]
SCORE    : anomaly_score=0.000
DECISION : ALLOW
------------------------------------------------------------
[SEQ 331] [LAYER 0]
CMD      : M221 S200
TRUST    : acc_cmd=1.000 | acc_exec=1.000 | trust=0.002
DECISION : PAUSE
MACHINE  : Machine-2
------------------------------------------------------------
[SEQ 331] [STATIC-BASELINE]
CMD      : M221 | effects={'M': 221.0, 'S': 200.0}
DECISION : BLOCK
------------------------------------------------------------
[SEQ 331] [IEEE-BASELINE]
SCORE    : anomaly_score=0.000
DECISION : ALLOW
------------------------------------------------------------
[SEQ 332] [LAYER 0]
CMD      : G1 X164.384 Y124.378 E9.20606
TRUST    : acc_cmd=0.000 | acc_exec=0.000 | trust=0.011
DECISION : PAUSE
MACHINE  : Machine-2
------------------------------------------------------------
[SEQ 332] [STATIC-BASELINE]
CMD      : G1 | effects={'dx': -3.974000000000018, 'dy': 1.5229999999999961, 'dz': 0.0, 'de': 0.08307000000000109, 'xy_dist': 4.255843629646199, 'params': {'G': 1.0, 'X': 164.384, 'Y': 124.378, 'E': 9.20606}}
DECISION : ALLOW
------------------------------------------------------------
[SEQ 332] [IEEE-BASELINE]
SCORE    : anomaly_score=0.000
DECISION : ALLOW
------------------------------------------------------------
[SEQ 333] [LAYER 0]
CMD      : G1 X163.165 Y124.001 E9.23006
TRUST    : acc_cmd=0.000 | acc_exec=0.000 | trust=0.057
DECISION : PAUSE
MACHINE  : Machine-2
------------------------------------------------------------
[SEQ 333] [STATIC-BASELINE]
CMD      : G1 | effects={'dx': -1.218999999999994, 'dy': -0.37699999999999534, 'dz': 0.0, 'de': 0.023999999999999133, 'xy_dist': 1.2759663004954254, 'params': {'G': 1.0, 'X': 163.165, 'Y': 124.001, 'E': 9.23006}}
DECISION : ALLOW
------------------------------------------------------------
[SEQ 333] [IEEE-BASELINE]
SCORE    : anomaly_score=0.000
DECISION : ALLOW
------------------------------------------------------------
[SEQ 334] [LAYER 0]
CMD      : M221 S200
TRUST    : acc_cmd=1.000 | acc_exec=1.000 | trust=0.030
DECISION : PAUSE
MACHINE  : Machine-2
------------------------------------------------------------
[SEQ 334] [STATIC-BASELINE]
CMD      : M221 | effects={'M': 221.0, 'S': 200.0}
DECISION : BLOCK
------------------------------------------------------------
[SEQ 334] [IEEE-BASELINE]
SCORE    : anomaly_score=0.000
DECISION : ALLOW
------------------------------------------------------------
[SEQ 335] [LAYER 0]
CMD      : M221 S200
TRUST    : acc_cmd=1.000 | acc_exec=1.000 | trust=0.014
DECISION : PAUSE
MACHINE  : Machine-2
------------------------------------------------------------
[SEQ 335] [STATIC-BASELINE]
CMD      : M221 | effects={'M': 221.0, 'S': 200.0}
DECISION : BLOCK
------------------------------------------------------------
[SEQ 335] [IEEE-BASELINE]
SCORE    : anomaly_score=0.000
DECISION : ALLOW
------------------------------------------------------------
[SEQ 336] [LAYER 0]
CMD      : M92 E2000
TRUST    : acc_cmd=1.000 | acc_exec=1.000 | trust=0.007
DECISION : PAUSE
MACHINE  : Machine-2
------------------------------------------------------------
[SEQ 336] [STATIC-BASELINE]
CMD      : M92 | effects={'M': 92.0, 'E': 2000.0}
DECISION : BLOCK
------------------------------------------------------------
[SEQ 336] [IEEE-BASELINE]
SCORE    : anomaly_score=0.000
DECISION : ALLOW
------------------------------------------------------------
[SEQ 337] [LAYER 0]
CMD      : M221 S200
TRUST    : acc_cmd=1.000 | acc_exec=1.000 | trust=0.003
DECISION : PAUSE
MACHINE  : Machine-2
------------------------------------------------------------
[SEQ 337] [STATIC-BASELINE]
CMD      : M221 | effects={'M': 221.0, 'S': 200.0}
DECISION : BLOCK
------------------------------------------------------------
[SEQ 337] [IEEE-BASELINE]
SCORE    : anomaly_score=0.000
DECISION : ALLOW
------------------------------------------------------------
[SEQ 338] [LAYER 0]
CMD      : G1 X161.039 Y118.148 E9.36076
TRUST    : acc_cmd=0.000 | acc_exec=0.000 | trust=0.011
DECISION : PAUSE
MACHINE  : Machine-2
------------------------------------------------------------
[SEQ 338] [STATIC-BASELINE]
CMD      : G1 | effects={'dx': -2.1260000000000048, 'dy': -5.853000000000009, 'dz': 0.0, 'de': 0.13070000000000093, 'xy_dist': 6.227157055992736, 'params': {'G': 1.0, 'X': 161.039, 'Y': 118.148, 'E': 9.36076}}
DECISION : ALLOW
------------------------------------------------------------
[SEQ 338] [IEEE-BASELINE]
SCORE    : anomaly_score=0.000
DECISION : ALLOW
------------------------------------------------------------
[SEQ 339] [LAYER 0]
CMD      : G1 X161.447 Y117.431 E9.37627
TRUST    : acc_cmd=0.000 | acc_exec=0.000 | trust=0.056
DECISION : PAUSE
MACHINE  : Machine-2
------------------------------------------------------------
[SEQ 339] [STATIC-BASELINE]
CMD      : G1 | effects={'dx': 0.40800000000001546, 'dy': -0.7169999999999987, 'dz': 0.0, 'de': 0.015509999999999025, 'xy_dist': 0.8249563624822897, 'params': {'G': 1.0, 'X': 161.447, 'Y': 117.431, 'E': 9.37627}}
DECISION : ALLOW
------------------------------------------------------------
[SEQ 339] [IEEE-BASELINE]
SCORE    : anomaly_score=0.000
DECISION : ALLOW
------------------------------------------------------------
[SEQ 340] [LAYER 0]
CMD      : G0 F3600 X161.771 Y117.67
TRUST    : acc_cmd=0.000 | acc_exec=0.000 | trust=0.159
DECISION : PAUSE
MACHINE  : Machine-2
------------------------------------------------------------
[SEQ 340] [STATIC-BASELINE]
CMD      : G0 | effects={'dx': 0.32399999999998386, 'dy': 0.23900000000000432, 'dz': 0.0, 'de': 0.0, 'xy_dist': 0.40261271713644564, 'params': {'G': 0.0, 'F': 3600.0, 'X': 161.771, 'Y': 117.67}}
DECISION : ALLOW
------------------------------------------------------------
[SEQ 340] [IEEE-BASELINE]
SCORE    : anomaly_score=0.000
DECISION : ALLOW
------------------------------------------------------------
[SEQ 341] [LAYER 0]
CMD      : G1 F1800 X162.627 Y116.75 E9.39991
TRUST    : acc_cmd=0.000 | acc_exec=0.000 | trust=0.311
DECISION : PAUSE
MACHINE  : Machine-2
------------------------------------------------------------
[SEQ 341] [STATIC-BASELINE]
CMD      : G1 | effects={'dx': 0.856000000000023, 'dy': -0.9200000000000017, 'dz': 0.0, 'de': 0.023640000000000327, 'xy_dist': 1.2566367812538524, 'params': {'G': 1.0, 'F': 1800.0, 'X': 162.627, 'Y': 116.75, 'E': 9.39991}}
DECISION : ALLOW
------------------------------------------------------------
[SEQ 341] [IEEE-BASELINE]
SCORE    : anomaly_score=0.000
DECISION : ALLOW
------------------------------------------------------------
[SEQ 342] [LAYER 0]
CMD      : G1 X163.608 Y116.272 E9.42044
TRUST    : acc_cmd=0.000 | acc_exec=0.000 | trust=0.477
DECISION : PAUSE
MACHINE  : Machine-2
------------------------------------------------------------
[SEQ 342] [STATIC-BASELINE]
CMD      : G1 | effects={'dx': 0.9809999999999945, 'dy': -0.47799999999999443, 'dz': 0.0, 'de': 0.02052999999999905, 'xy_dist': 1.091258447848164, 'params': {'G': 1.0, 'X': 163.608, 'Y': 116.272, 'E': 9.42044}}
DECISION : ALLOW
------------------------------------------------------------
[SEQ 342] [IEEE-BASELINE]
SCORE    : anomaly_score=0.000
DECISION : ALLOW
------------------------------------------------------------
[SEQ 343] [LAYER 0]
CMD      : M221 S200
TRUST    : acc_cmd=1.000 | acc_exec=1.000 | trust=0.212
DECISION : PAUSE
MACHINE  : Machine-2
------------------------------------------------------------
[SEQ 343] [STATIC-BASELINE]
CMD      : M221 | effects={'M': 221.0, 'S': 200.0}
DECISION : BLOCK
------------------------------------------------------------
[SEQ 343] [IEEE-BASELINE]
SCORE    : anomaly_score=0.000
DECISION : ALLOW
------------------------------------------------------------
[SEQ 344] [LAYER 0]
CMD      : M92 E2000
TRUST    : acc_cmd=1.000 | acc_exec=1.000 | trust=0.089
DECISION : PAUSE
MACHINE  : Machine-2
------------------------------------------------------------
[SEQ 344] [STATIC-BASELINE]
CMD      : M92 | effects={'M': 92.0, 'E': 2000.0}
DECISION : BLOCK
------------------------------------------------------------
[SEQ 344] [IEEE-BASELINE]
SCORE    : anomaly_score=0.000
DECISION : ALLOW
------------------------------------------------------------
[SEQ 345] [LAYER 0]
CMD      : M221 S200
TRUST    : acc_cmd=1.000 | acc_exec=1.000 | trust=0.037
DECISION : PAUSE
MACHINE  : Machine-2
------------------------------------------------------------
[SEQ 345] [STATIC-BASELINE]
CMD      : M221 | effects={'M': 221.0, 'S': 200.0}
DECISION : BLOCK
------------------------------------------------------------
[SEQ 345] [IEEE-BASELINE]
SCORE    : anomaly_score=0.000
DECISION : ALLOW
------------------------------------------------------------
[SEQ 346] [LAYER 0]
CMD      : M92 E2000
TRUST    : acc_cmd=1.000 | acc_exec=1.000 | trust=0.016
DECISION : PAUSE
MACHINE  : Machine-2
------------------------------------------------------------
[SEQ 346] [STATIC-BASELINE]
CMD      : M92 | effects={'M': 92.0, 'E': 2000.0}
DECISION : BLOCK
------------------------------------------------------------
[SEQ 346] [IEEE-BASELINE]
SCORE    : anomaly_score=0.000
DECISION : ALLOW
------------------------------------------------------------
[SEQ 347] [LAYER 0]
CMD      : G1 X168.492 Y117.992 E9.52614
TRUST    : acc_cmd=0.000 | acc_exec=0.000 | trust=0.018
DECISION : PAUSE
MACHINE  : Machine-2
------------------------------------------------------------
[SEQ 347] [STATIC-BASELINE]
CMD      : G1 | effects={'dx': 4.883999999999986, 'dy': 1.7199999999999989, 'dz': 0.0, 'de': 0.10570000000000057, 'xy_dist': 5.178016608702589, 'params': {'G': 1.0, 'X': 168.492, 'Y': 117.992, 'E': 9.52614}}
DECISION : ALLOW
------------------------------------------------------------
[SEQ 347] [IEEE-BASELINE]
SCORE    : anomaly_score=0.000
DECISION : ALLOW
------------------------------------------------------------
[SEQ 348] [LAYER 0]
CMD      : G1 X168.978 Y119.406 E9.55427
TRUST    : acc_cmd=0.000 | acc_exec=0.000 | trust=0.063
DECISION : PAUSE
MACHINE  : Machine-2
------------------------------------------------------------
[SEQ 348] [STATIC-BASELINE]
CMD      : G1 | effects={'dx': 0.4860000000000184, 'dy': 1.4140000000000015, 'dz': 0.0, 'de': 0.028130000000000877, 'xy_dist': 1.4951896200816879, 'params': {'G': 1.0, 'X': 168.978, 'Y': 119.406, 'E': 9.55427}}
DECISION : ALLOW
------------------------------------------------------------
[SEQ 348] [IEEE-BASELINE]
SCORE    : anomaly_score=0.000
DECISION : ALLOW
------------------------------------------------------------
[SEQ 349] [LAYER 0]
CMD      : G1 X168.955 Y120.654 E9.57775
TRUST    : acc_cmd=0.000 | acc_exec=0.000 | trust=0.169
DECISION : PAUSE
MACHINE  : Machine-2
------------------------------------------------------------
[SEQ 349] [STATIC-BASELINE]
CMD      : G1 | effects={'dx': -0.022999999999996135, 'dy': 1.2479999999999905, 'dz': 0.0, 'de': 0.02347999999999928, 'xy_dist': 1.248211921109543, 'params': {'G': 1.0, 'X': 168.955, 'Y': 120.654, 'E': 9.57775}}
DECISION : ALLOW
------------------------------------------------------------
[SEQ 349] [IEEE-BASELINE]
SCORE    : anomaly_score=0.000
DECISION : ALLOW
------------------------------------------------------------
[SEQ 350] [LAYER 0]
CMD      : G1 X168.635 Y121.683 E9.59802
TRUST    : acc_cmd=0.000 | acc_exec=0.000 | trust=0.323
DECISION : PAUSE
MACHINE  : Machine-2
------------------------------------------------------------
[SEQ 350] [STATIC-BASELINE]
CMD      : G1 | effects={'dx': -0.3200000000000216, 'dy': 1.0290000000000106, 'dz': 0.0, 'de': 0.02027000000000001, 'xy_dist': 1.0776089272087697, 'params': {'G': 1.0, 'X': 168.635, 'Y': 121.683, 'E': 9.59802}}
DECISION : ALLOW
------------------------------------------------------------
[SEQ 350] [IEEE-BASELINE]
SCORE    : anomaly_score=0.000
DECISION : ALLOW
------------------------------------------------------------
[SEQ 351] [LAYER 0]
CMD      : G1 X168.052 Y122.591 E9.61832
TRUST    : acc_cmd=0.000 | acc_exec=0.000 | trust=0.488
DECISION : PAUSE
MACHINE  : Machine-2
------------------------------------------------------------
[SEQ 351] [STATIC-BASELINE]
CMD      : G1 | effects={'dx': -0.5829999999999984, 'dy': 0.907999999999987, 'dz': 0.0, 'de': 0.02030000000000065, 'xy_dist': 1.0790518986591768, 'params': {'G': 1.0, 'X': 168.052, 'Y': 122.591, 'E': 9.61832}}
DECISION : ALLOW
------------------------------------------------------------
[SEQ 351] [IEEE-BASELINE]
SCORE    : anomaly_score=0.000
DECISION : ALLOW
------------------------------------------------------------
[SEQ 352] [LAYER 0]
CMD      : G1 X167.211 Y123.317 E9.63921
TRUST    : acc_cmd=0.000 | acc_exec=0.000 | trust=0.636
DECISION : ALLOW
MACHINE  : Machine-2
------------------------------------------------------------
[SEQ 352] [STATIC-BASELINE]
CMD      : G1 | effects={'dx': -0.8409999999999798, 'dy': 0.7259999999999991, 'dz': 0.0, 'de': 0.02088999999999963, 'xy_dist': 1.1110162015020144, 'params': {'G': 1.0, 'X': 167.211, 'Y': 123.317, 'E': 9.63921}}
DECISION : ALLOW
------------------------------------------------------------
[SEQ 352] [IEEE-BASELINE]
SCORE    : anomaly_score=0.000
DECISION : ALLOW
------------------------------------------------------------
[SEQ 353] [LAYER 0]
CMD      : G1 X166.569 Y123.675 E9.65304
TRUST    : acc_cmd=0.000 | acc_exec=0.000 | trust=0.753
DECISION : ALLOW
MACHINE  : Machine-2
------------------------------------------------------------
[SEQ 353] [STATIC-BASELINE]
CMD      : G1 | effects={'dx': -0.6420000000000243, 'dy': 0.3580000000000041, 'dz': 0.0, 'de': 0.013830000000000453, 'xy_dist': 0.7350700646877372, 'params': {'G': 1.0, 'X': 166.569, 'Y': 123.675, 'E': 9.65304}}
DECISION : ALLOW
------------------------------------------------------------
[SEQ 353] [IEEE-BASELINE]
SCORE    : anomaly_score=0.000
DECISION : ALLOW
------------------------------------------------------------
[SEQ 354] [LAYER 0]
CMD      : M221 S200
TRUST    : acc_cmd=1.000 | acc_exec=1.000 | trust=0.328
DECISION : PAUSE
MACHINE  : Machine-2
------------------------------------------------------------
[SEQ 354] [STATIC-BASELINE]
CMD      : M221 | effects={'M': 221.0, 'S': 200.0}
DECISION : BLOCK
------------------------------------------------------------
[SEQ 354] [IEEE-BASELINE]
SCORE    : anomaly_score=0.000
DECISION : ALLOW
------------------------------------------------------------
[SEQ 355] [LAYER 0]
CMD      : G1 X164.44 Y123.977 E9.69384
TRUST    : acc_cmd=0.000 | acc_exec=0.000 | trust=0.224
DECISION : PAUSE
MACHINE  : Machine-2
------------------------------------------------------------
[SEQ 355] [STATIC-BASELINE]
CMD      : G1 | effects={'dx': -2.1289999999999907, 'dy': 0.3020000000000067, 'dz': 0.0, 'de': 0.04079999999999906, 'xy_dist': 2.1503127679479475, 'params': {'G': 1.0, 'X': 164.44, 'Y': 123.977, 'E': 9.69384}}
DECISION : ALLOW
------------------------------------------------------------
[SEQ 355] [IEEE-BASELINE]
SCORE    : anomaly_score=0.000
DECISION : ALLOW
------------------------------------------------------------
[SEQ 356] [LAYER 0]
CMD      : G1 X163.337 Y123.636 E9.71556
TRUST    : acc_cmd=0.000 | acc_exec=0.000 | trust=0.285
DECISION : PAUSE
MACHINE  : Machine-2
------------------------------------------------------------
[SEQ 356] [STATIC-BASELINE]
CMD      : G1 | effects={'dx': -1.1030000000000086, 'dy': -0.3410000000000082, 'dz': 0.0, 'de': 0.021720000000000184, 'xy_dist': 1.154508553454683, 'params': {'G': 1.0, 'X': 163.337, 'Y': 123.636, 'E': 9.71556}}
DECISION : ALLOW
------------------------------------------------------------
[SEQ 356] [IEEE-BASELINE]
SCORE    : anomaly_score=0.000
DECISION : ALLOW
------------------------------------------------------------
[SEQ 357] [LAYER 0]
CMD      : M221 S200
TRUST    : acc_cmd=1.000 | acc_exec=1.000 | trust=0.129
DECISION : PAUSE
MACHINE  : Machine-2
------------------------------------------------------------
[SEQ 357] [STATIC-BASELINE]
CMD      : M221 | effects={'M': 221.0, 'S': 200.0}
DECISION : BLOCK
------------------------------------------------------------
[SEQ 357] [IEEE-BASELINE]
SCORE    : anomaly_score=0.000
DECISION : ALLOW
------------------------------------------------------------
[SEQ 358] [LAYER 0]
CMD      : M221 S200
TRUST    : acc_cmd=1.000 | acc_exec=1.000 | trust=0.055
DECISION : PAUSE
MACHINE  : Machine-2
------------------------------------------------------------
[SEQ 358] [STATIC-BASELINE]
CMD      : M221 | effects={'M': 221.0, 'S': 200.0}
DECISION : BLOCK
------------------------------------------------------------
[SEQ 358] [IEEE-BASELINE]
SCORE    : anomaly_score=0.000
DECISION : ALLOW
------------------------------------------------------------
[SEQ 359] [LAYER 0]
CMD      : M92 E2000
TRUST    : acc_cmd=1.000 | acc_exec=1.000 | trust=0.023
DECISION : PAUSE
MACHINE  : Machine-2
------------------------------------------------------------
[SEQ 359] [STATIC-BASELINE]
CMD      : M92 | effects={'M': 92.0, 'E': 2000.0}
DECISION : BLOCK
------------------------------------------------------------
[SEQ 359] [IEEE-BASELINE]
SCORE    : anomaly_score=0.000
DECISION : ALLOW
------------------------------------------------------------
[SEQ 360] [LAYER 0]
CMD      : G1 X161.027 Y119.35 E9.81368
TRUST    : acc_cmd=0.000 | acc_exec=0.000 | trust=0.025
DECISION : PAUSE
MACHINE  : Machine-2
------------------------------------------------------------
[SEQ 360] [STATIC-BASELINE]
CMD      : G1 | effects={'dx': -2.3100000000000023, 'dy': -4.286000000000001, 'dz': 0.0, 'de': 0.09811999999999976, 'xy_dist': 4.868870094796125, 'params': {'G': 1.0, 'X': 161.027, 'Y': 119.35, 'E': 9.81368}}
DECISION : ALLOW
------------------------------------------------------------
[SEQ 360] [IEEE-BASELINE]
SCORE    : anomaly_score=0.000
DECISION : ALLOW
------------------------------------------------------------
[SEQ 361] [LAYER 0]
CMD      : M92 E2000
TRUST    : acc_cmd=1.000 | acc_exec=1.000 | trust=0.013
DECISION : PAUSE
MACHINE  : Machine-2
------------------------------------------------------------
[SEQ 361] [STATIC-BASELINE]
CMD      : M92 | effects={'M': 92.0, 'E': 2000.0}
DECISION : BLOCK
------------------------------------------------------------
[SEQ 361] [IEEE-BASELINE]
SCORE    : anomaly_score=0.000
DECISION : ALLOW
------------------------------------------------------------
[SEQ 362] [LAYER 0]
CMD      : G1 X161.771 Y117.67 E9.84837
TRUST    : acc_cmd=0.000 | acc_exec=0.000 | trust=0.032
DECISION : PAUSE
MACHINE  : Machine-2
------------------------------------------------------------
[SEQ 362] [STATIC-BASELINE]
CMD      : G1 | effects={'dx': 0.7439999999999998, 'dy': -1.6799999999999926, 'dz': 0.0, 'de': 0.034689999999999444, 'xy_dist': 1.837372036360621, 'params': {'G': 1.0, 'X': 161.771, 'Y': 117.67, 'E': 9.84837}}
DECISION : ALLOW
------------------------------------------------------------
[SEQ 362] [IEEE-BASELINE]
SCORE    : anomaly_score=0.000
DECISION : ALLOW
------------------------------------------------------------
[SEQ 363] [LAYER 0]
CMD      : M221 S200
TRUST    : acc_cmd=1.000 | acc_exec=1.000 | trust=0.017
DECISION : PAUSE
MACHINE  : Machine-2
------------------------------------------------------------
[SEQ 363] [STATIC-BASELINE]
CMD      : M221 | effects={'M': 221.0, 'S': 200.0}
DECISION : BLOCK
------------------------------------------------------------
[SEQ 363] [IEEE-BASELINE]
SCORE    : anomaly_score=0.000
DECISION : ALLOW
------------------------------------------------------------
[SEQ 364] [LAYER 0]
CMD      : G1 F1800 X162.868 Y117.078 E9.86972
TRUST    : acc_cmd=0.000 | acc_exec=0.000 | trust=0.039
DECISION : PAUSE
MACHINE  : Machine-2
------------------------------------------------------------
[SEQ 364] [STATIC-BASELINE]
CMD      : G1 | effects={'dx': 1.0970000000000084, 'dy': -0.5919999999999987, 'dz': 0.0, 'de': 0.02134999999999998, 'xy_dist': 1.2465444235966952, 'params': {'G': 1.0, 'F': 1800.0, 'X': 162.868, 'Y': 117.078, 'E': 9.86972}}
DECISION : ALLOW
------------------------------------------------------------
[SEQ 364] [IEEE-BASELINE]
SCORE    : anomaly_score=0.000
DECISION : ALLOW
------------------------------------------------------------
[SEQ 365] [LAYER 0]
CMD      : M92 E2000
TRUST    : acc_cmd=1.000 | acc_exec=1.000 | trust=0.021
DECISION : PAUSE
MACHINE  : Machine-2
------------------------------------------------------------
[SEQ 365] [STATIC-BASELINE]
CMD      : M92 | effects={'M': 92.0, 'E': 2000.0}
DECISION : BLOCK
------------------------------------------------------------
[SEQ 365] [IEEE-BASELINE]
SCORE    : anomaly_score=0.000
DECISION : ALLOW
------------------------------------------------------------
[SEQ 366] [LAYER 0]
CMD      : M92 E2000
TRUST    : acc_cmd=1.000 | acc_exec=1.000 | trust=0.010
DECISION : PAUSE
MACHINE  : Machine-2
------------------------------------------------------------
[SEQ 366] [STATIC-BASELINE]
CMD      : M92 | effects={'M': 92.0, 'E': 2000.0}
DECISION : BLOCK
------------------------------------------------------------
[SEQ 366] [IEEE-BASELINE]
SCORE    : anomaly_score=0.000
DECISION : ALLOW
------------------------------------------------------------
[SEQ 367] [LAYER 0]
CMD      : M221 S200
TRUST    : acc_cmd=1.000 | acc_exec=1.000 | trust=0.005
DECISION : PAUSE
MACHINE  : Machine-2
------------------------------------------------------------
[SEQ 367] [STATIC-BASELINE]
CMD      : M221 | effects={'M': 221.0, 'S': 200.0}
DECISION : BLOCK
------------------------------------------------------------
[SEQ 367] [IEEE-BASELINE]
SCORE    : anomaly_score=0.000
DECISION : ALLOW
------------------------------------------------------------
[SEQ 368] [LAYER 0]
CMD      : G92 E1000
TRUST    : acc_cmd=0.000 | acc_exec=1.000 | trust=0.003
DECISION : PAUSE
MACHINE  : Machine-2
------------------------------------------------------------
[SEQ 368] [STATIC-BASELINE]
CMD      : G92 | effects={'reset': {'G': 92.0, 'E': 1000.0}}
DECISION : BLOCK
------------------------------------------------------------
[SEQ 368] [IEEE-BASELINE]
SCORE    : anomaly_score=0.000
DECISION : ALLOW
------------------------------------------------------------
[SEQ 369] [LAYER 0]
CMD      : G1 X167.25 Y117.159 E9.95752
TRUST    : acc_cmd=0.000 | acc_exec=1.000 | trust=0.001
DECISION : PAUSE
MACHINE  : Machine-2
------------------------------------------------------------
[SEQ 369] [STATIC-BASELINE]
CMD      : G1 | effects={'dx': 4.382000000000005, 'dy': 0.08100000000000307, 'dz': 0.0, 'de': -990.04248, 'xy_dist': 4.382748566824254, 'params': {'G': 1.0, 'X': 167.25, 'Y': 117.159, 'E': 9.95752}}
DECISION : ALLOW
------------------------------------------------------------
[SEQ 369] [IEEE-BASELINE]
SCORE    : anomaly_score=0.000
DECISION : ALLOW
------------------------------------------------------------
[SEQ 370] [LAYER 0]
CMD      : G1 X168.139 Y118.195 E9.9832
TRUST    : acc_cmd=0.000 | acc_exec=0.000 | trust=0.009
DECISION : PAUSE
MACHINE  : Machine-2
------------------------------------------------------------
[SEQ 370] [STATIC-BASELINE]
CMD      : G1 | effects={'dx': 0.88900000000001, 'dy': 1.0359999999999872, 'dz': 0.0, 'de': 0.02567999999999948, 'xy_dist': 1.3651435821919946, 'params': {'G': 1.0, 'X': 168.139, 'Y': 118.195, 'E': 9.9832}}
DECISION : ALLOW
------------------------------------------------------------
[SEQ 370] [IEEE-BASELINE]
SCORE    : anomaly_score=0.000
DECISION : ALLOW
------------------------------------------------------------
[SEQ 371] [LAYER 0]
CMD      : G1 X168.577 Y119.468 E10.00852
TRUST    : acc_cmd=0.000 | acc_exec=0.000 | trust=0.049
DECISION : PAUSE
MACHINE  : Machine-2
------------------------------------------------------------
[SEQ 371] [STATIC-BASELINE]
CMD      : G1 | effects={'dx': 0.4379999999999882, 'dy': 1.2730000000000103, 'dz': 0.0, 'de': 0.025320000000000675, 'xy_dist': 1.346244034341477, 'params': {'G': 1.0, 'X': 168.577, 'Y': 119.468, 'E': 10.00852}}
DECISION : ALLOW
------------------------------------------------------------
[SEQ 371] [IEEE-BASELINE]
SCORE    : anomaly_score=0.000
DECISION : ALLOW
------------------------------------------------------------
[SEQ 372] [LAYER 0]
CMD      : M92 E2000
TRUST    : acc_cmd=1.000 | acc_exec=1.000 | trust=0.026
DECISION : PAUSE
MACHINE  : Machine-2
------------------------------------------------------------
[SEQ 372] [STATIC-BASELINE]
CMD      : M92 | effects={'M': 92.0, 'E': 2000.0}
DECISION : BLOCK
------------------------------------------------------------
[SEQ 372] [IEEE-BASELINE]
SCORE    : anomaly_score=0.000
DECISION : ALLOW
------------------------------------------------------------
[SEQ 373] [LAYER 0]
CMD      : G92 E1000
TRUST    : acc_cmd=0.000 | acc_exec=1.000 | trust=0.012
DECISION : PAUSE
MACHINE  : Machine-2
------------------------------------------------------------
[SEQ 373] [STATIC-BASELINE]
CMD      : G92 | effects={'reset': {'G': 92.0, 'E': 1000.0}}
DECISION : BLOCK
------------------------------------------------------------
[SEQ 373] [IEEE-BASELINE]
SCORE    : anomaly_score=0.000
DECISION : ALLOW
------------------------------------------------------------
[SEQ 374] [LAYER 0]
CMD      : M221 S200
TRUST    : acc_cmd=1.000 | acc_exec=1.000 | trust=0.006
DECISION : PAUSE
MACHINE  : Machine-2
------------------------------------------------------------
[SEQ 374] [STATIC-BASELINE]
CMD      : M221 | effects={'M': 221.0, 'S': 200.0}
DECISION : BLOCK
------------------------------------------------------------
[SEQ 374] [IEEE-BASELINE]
SCORE    : anomaly_score=0.000
DECISION : ALLOW
------------------------------------------------------------
[SEQ 375] [LAYER 0]
CMD      : G1 X166.98 Y122.988 E10.08504
TRUST    : acc_cmd=0.000 | acc_exec=1.000 | trust=0.003
DECISION : PAUSE
MACHINE  : Machine-2
------------------------------------------------------------
[SEQ 375] [STATIC-BASELINE]
CMD      : G1 | effects={'dx': -1.5970000000000084, 'dy': 3.519999999999996, 'dz': 0.0, 'de': -989.91496, 'xy_dist': 3.8653342675634144, 'params': {'G': 1.0, 'X': 166.98, 'Y': 122.988, 'E': 10.08504}}
DECISION : ALLOW
------------------------------------------------------------
[SEQ 375] [IEEE-BASELINE]
SCORE    : anomaly_score=0.000
DECISION : ALLOW
------------------------------------------------------------
[SEQ 376] [LAYER 0]
CMD      : G1 X166.415 Y123.303 E10.09721
TRUST    : acc_cmd=0.000 | acc_exec=0.000 | trust=0.011
DECISION : PAUSE
MACHINE  : Machine-2
------------------------------------------------------------
[SEQ 376] [STATIC-BASELINE]
CMD      : G1 | effects={'dx': -0.5649999999999977, 'dy': 0.3149999999999977, 'dz': 0.0, 'de': 0.012170000000001124, 'xy_dist': 0.6468771135231142, 'params': {'G': 1.0, 'X': 166.415, 'Y': 123.303, 'E': 10.09721}}
DECISION : ALLOW
------------------------------------------------------------
[SEQ 376] [IEEE-BASELINE]
SCORE    : anomaly_score=0.000
DECISION : ALLOW
------------------------------------------------------------
[SEQ 377] [LAYER 0]
CMD      : M221 S200
TRUST    : acc_cmd=1.000 | acc_exec=1.000 | trust=0.007
DECISION : PAUSE
MACHINE  : Machine-2
------------------------------------------------------------
[SEQ 377] [STATIC-BASELINE]
CMD      : M221 | effects={'M': 221.0, 'S': 200.0}
DECISION : BLOCK
------------------------------------------------------------
[SEQ 377] [IEEE-BASELINE]
SCORE    : anomaly_score=0.000
DECISION : ALLOW
------------------------------------------------------------
[SEQ 378] [LAYER 0]
CMD      : G1 X164.496 Y123.576 E10.13398
TRUST    : acc_cmd=0.000 | acc_exec=0.000 | trust=0.025
DECISION : PAUSE
MACHINE  : Machine-2
------------------------------------------------------------
[SEQ 378] [STATIC-BASELINE]
CMD      : G1 | effects={'dx': -1.9189999999999827, 'dy': 0.27299999999999613, 'dz': 0.0, 'de': 0.03676999999999886, 'xy_dist': 1.9383214387711682, 'params': {'G': 1.0, 'X': 164.496, 'Y': 123.576, 'E': 10.13398}}
DECISION : ALLOW
------------------------------------------------------------
[SEQ 378] [IEEE-BASELINE]
SCORE    : anomaly_score=0.000
DECISION : ALLOW
------------------------------------------------------------
[SEQ 379] [LAYER 0]
CMD      : G1 X163.506 Y123.27 E10.15348
TRUST    : acc_cmd=0.000 | acc_exec=0.000 | trust=0.094
DECISION : PAUSE
MACHINE  : Machine-2
------------------------------------------------------------
[SEQ 379] [STATIC-BASELINE]
CMD      : G1 | effects={'dx': -0.9900000000000091, 'dy': -0.3059999999999974, 'dz': 0.0, 'de': 0.01950000000000074, 'xy_dist': 1.0362123334529543, 'params': {'G': 1.0, 'X': 163.506, 'Y': 123.27, 'E': 10.15348}}
DECISION : ALLOW
------------------------------------------------------------
[SEQ 379] [IEEE-BASELINE]
SCORE    : anomaly_score=0.000
DECISION : ALLOW
------------------------------------------------------------
[SEQ 380] [LAYER 0]
CMD      : G1 X162.552 Y122.663 E10.17475
TRUST    : acc_cmd=0.000 | acc_exec=0.000 | trust=0.222
DECISION : PAUSE
MACHINE  : Machine-2
------------------------------------------------------------
[SEQ 380] [STATIC-BASELINE]
CMD      : G1 | effects={'dx': -0.9540000000000077, 'dy': -0.6069999999999993, 'dz': 0.0, 'de': 0.021269999999999456, 'xy_dist': 1.1307364856588002, 'params': {'G': 1.0, 'X': 162.552, 'Y': 122.663, 'E': 10.17475}}
DECISION : ALLOW
------------------------------------------------------------
[SEQ 380] [IEEE-BASELINE]
SCORE    : anomaly_score=0.000
DECISION : ALLOW
------------------------------------------------------------
[SEQ 381] [LAYER 0]
CMD      : G92 E1000
TRUST    : acc_cmd=0.000 | acc_exec=1.000 | trust=0.103
DECISION : PAUSE
MACHINE  : Machine-2
------------------------------------------------------------
[SEQ 381] [STATIC-BASELINE]
CMD      : G92 | effects={'reset': {'G': 92.0, 'E': 1000.0}}
DECISION : BLOCK
------------------------------------------------------------
[SEQ 381] [IEEE-BASELINE]
SCORE    : anomaly_score=0.000
DECISION : ALLOW
------------------------------------------------------------
[SEQ 382] [LAYER 0]
CMD      : G1 X161.445 Y120.54 E10.22057
TRUST    : acc_cmd=0.000 | acc_exec=1.000 | trust=0.045
DECISION : PAUSE
MACHINE  : Machine-2
------------------------------------------------------------
[SEQ 382] [STATIC-BASELINE]
CMD      : G1 | effects={'dx': -1.1069999999999993, 'dy': -2.1229999999999905, 'dz': 0.0, 'de': -989.77943, 'xy_dist': 2.3942802676378463, 'params': {'G': 1.0, 'X': 161.445, 'Y': 120.54, 'E': 10.22057}}
DECISION : ALLOW
------------------------------------------------------------
[SEQ 382] [IEEE-BASELINE]
SCORE    : anomaly_score=0.000
DECISION : ALLOW
------------------------------------------------------------
[SEQ 383] [LAYER 0]
CMD      : G92 E1000
TRUST    : acc_cmd=0.000 | acc_exec=1.000 | trust=0.019
DECISION : PAUSE
MACHINE  : Machine-2
------------------------------------------------------------
[SEQ 383] [STATIC-BASELINE]
CMD      : G92 | effects={'reset': {'G': 92.0, 'E': 1000.0}}
DECISION : BLOCK
------------------------------------------------------------
[SEQ 383] [IEEE-BASELINE]
SCORE    : anomaly_score=0.000
DECISION : ALLOW
------------------------------------------------------------
[SEQ 384] [LAYER 0]
CMD      : G1 X161.791 Y118.422 E10.26162
TRUST    : acc_cmd=0.000 | acc_exec=1.000 | trust=0.008
DECISION : PAUSE
MACHINE  : Machine-2
------------------------------------------------------------
[SEQ 384] [STATIC-BASELINE]
CMD      : G1 | effects={'dx': 0.34600000000000364, 'dy': -2.118000000000009, 'dz': 0.0, 'de': -989.73838, 'xy_dist': 2.146075487954709, 'params': {'G': 1.0, 'X': 161.791, 'Y': 118.422, 'E': 10.26162}}
DECISION : ALLOW
------------------------------------------------------------
[SEQ 384] [IEEE-BASELINE]
SCORE    : anomaly_score=0.000
DECISION : ALLOW
------------------------------------------------------------
[SEQ 385] [LAYER 0]
CMD      : G92 E1000
TRUST    : acc_cmd=0.000 | acc_exec=1.000 | trust=0.004
DECISION : PAUSE
MACHINE  : Machine-2
------------------------------------------------------------
[SEQ 385] [STATIC-BASELINE]
CMD      : G92 | effects={'reset': {'G': 92.0, 'E': 1000.0}}
DECISION : BLOCK
------------------------------------------------------------
[SEQ 385] [IEEE-BASELINE]
SCORE    : anomaly_score=0.000
DECISION : ALLOW
------------------------------------------------------------
[SEQ 386] [LAYER 0]
CMD      : G0 F3600 X162.416 Y118.151
TRUST    : acc_cmd=0.000 | acc_exec=0.000 | trust=0.011
DECISION : PAUSE
MACHINE  : Machine-2
------------------------------------------------------------
[SEQ 386] [STATIC-BASELINE]
CMD      : G0 | effects={'dx': 0.625, 'dy': -0.2710000000000008, 'dz': 0.0, 'de': 0.0, 'xy_dist': 0.6812238985825442, 'params': {'G': 0.0, 'F': 3600.0, 'X': 162.416, 'Y': 118.151}}
DECISION : ALLOW
------------------------------------------------------------
[SEQ 386] [IEEE-BASELINE]
SCORE    : anomaly_score=0.000
DECISION : ALLOW
------------------------------------------------------------
[SEQ 387] [LAYER 0]
CMD      : G1 F1800 X163.109 Y117.406 E10.29198
TRUST    : acc_cmd=0.000 | acc_exec=1.000 | trust=0.007
DECISION : PAUSE
MACHINE  : Machine-2
------------------------------------------------------------
[SEQ 387] [STATIC-BASELINE]
CMD      : G1 | effects={'dx': 0.693000000000012, 'dy': -0.7449999999999903, 'dz': 0.0, 'de': -989.70802, 'xy_dist': 1.017484152210737, 'params': {'G': 1.0, 'F': 1800.0, 'X': 163.109, 'Y': 117.406, 'E': 10.29198}}
DECISION : ALLOW
------------------------------------------------------------
[SEQ 387] [IEEE-BASELINE]
SCORE    : anomaly_score=0.000
DECISION : ALLOW
------------------------------------------------------------
[SEQ 388] [LAYER 0]
CMD      : G1 X163.958 Y116.992 E10.30974
TRUST    : acc_cmd=0.000 | acc_exec=0.000 | trust=0.024
DECISION : PAUSE
MACHINE  : Machine-2
------------------------------------------------------------
[SEQ 388] [STATIC-BASELINE]
CMD      : G1 | effects={'dx': 0.8489999999999895, 'dy': -0.4140000000000015, 'dz': 0.0, 'de': 0.01775999999999911, 'xy_dist': 0.9445618031658826, 'params': {'G': 1.0, 'X': 163.958, 'Y': 116.992, 'E': 10.30974}}
DECISION : ALLOW
------------------------------------------------------------
[SEQ 388] [IEEE-BASELINE]
SCORE    : anomaly_score=0.000
DECISION : ALLOW
------------------------------------------------------------
[SEQ 389] [LAYER 0]
CMD      : G1 X164.49 Y116.847 E10.32012
TRUST    : acc_cmd=0.000 | acc_exec=0.000 | trust=0.092
DECISION : PAUSE
MACHINE  : Machine-2
------------------------------------------------------------
[SEQ 389] [STATIC-BASELINE]
CMD      : G1 | effects={'dx': 0.5320000000000107, 'dy': -0.14500000000001023, 'dz': 0.0, 'de': 0.010379999999999612, 'xy_dist': 0.5514063837135134, 'params': {'G': 1.0, 'X': 164.49, 'Y': 116.847, 'E': 10.32012}}
DECISION : ALLOW
------------------------------------------------------------
[SEQ 389] [IEEE-BASELINE]
SCORE    : anomaly_score=0.000
DECISION : ALLOW
------------------------------------------------------------
[SEQ 390] [LAYER 0]
CMD      : G92 E1000
TRUST    : acc_cmd=0.000 | acc_exec=1.000 | trust=0.046
DECISION : PAUSE
MACHINE  : Machine-2
------------------------------------------------------------
[SEQ 390] [STATIC-BASELINE]
CMD      : G92 | effects={'reset': {'G': 92.0, 'E': 1000.0}}
DECISION : BLOCK
------------------------------------------------------------
[SEQ 390] [IEEE-BASELINE]
SCORE    : anomaly_score=0.000
DECISION : ALLOW
------------------------------------------------------------
[SEQ 391] [LAYER 0]
CMD      : M221 S200
TRUST    : acc_cmd=1.000 | acc_exec=1.000 | trust=0.021
DECISION : PAUSE
MACHINE  : Machine-2
------------------------------------------------------------
[SEQ 391] [STATIC-BASELINE]
CMD      : M221 | effects={'M': 221.0, 'S': 200.0}
DECISION : BLOCK
------------------------------------------------------------
[SEQ 391] [IEEE-BASELINE]
SCORE    : anomaly_score=0.000
DECISION : ALLOW
------------------------------------------------------------
[SEQ 392] [LAYER 0]
CMD      : G1 X166.995 Y117.476 E10.36985
TRUST    : acc_cmd=0.000 | acc_exec=1.000 | trust=0.009
DECISION : PAUSE
MACHINE  : Machine-2
------------------------------------------------------------
[SEQ 392] [STATIC-BASELINE]
CMD      : G1 | effects={'dx': 2.5049999999999955, 'dy': 0.6290000000000049, 'dz': 0.0, 'de': -989.63015, 'xy_dist': 2.582763248925457, 'params': {'G': 1.0, 'X': 166.995, 'Y': 117.476, 'E': 10.36985}}
DECISION : ALLOW
------------------------------------------------------------
[SEQ 392] [IEEE-BASELINE]
SCORE    : anomaly_score=0.000
DECISION : ALLOW
------------------------------------------------------------
[SEQ 393] [LAYER 0]
CMD      : G1 X167.786 Y118.398 E10.3927
TRUST    : acc_cmd=0.000 | acc_exec=0.000 | trust=0.017
DECISION : PAUSE
MACHINE  : Machine-2
------------------------------------------------------------
[SEQ 393] [STATIC-BASELINE]
CMD      : G1 | effects={'dx': 0.7909999999999968, 'dy': 0.921999999999997, 'dz': 0.0, 'de': 0.022850000000000037, 'xy_dist': 1.2148106848394071, 'params': {'G': 1.0, 'X': 167.786, 'Y': 118.398, 'E': 10.3927}}
DECISION : ALLOW
------------------------------------------------------------
[SEQ 393] [IEEE-BASELINE]
SCORE    : anomaly_score=0.000
DECISION : ALLOW
------------------------------------------------------------
[SEQ 394] [LAYER 0]
CMD      : M221 S200
TRUST    : acc_cmd=1.000 | acc_exec=1.000 | trust=0.010
DECISION : PAUSE
MACHINE  : Machine-2
------------------------------------------------------------
[SEQ 394] [STATIC-BASELINE]
CMD      : M221 | effects={'M': 221.0, 'S': 200.0}
DECISION : BLOCK
------------------------------------------------------------
[SEQ 394] [IEEE-BASELINE]
SCORE    : anomaly_score=0.000
DECISION : ALLOW
------------------------------------------------------------
[SEQ 395] [LAYER 0]
CMD      : G1 X168.157 Y120.524 E10.43392
TRUST    : acc_cmd=0.000 | acc_exec=0.000 | trust=0.029
DECISION : PAUSE
MACHINE  : Machine-2
------------------------------------------------------------
[SEQ 395] [STATIC-BASELINE]
CMD      : G1 | effects={'dx': 0.3710000000000093, 'dy': 2.1260000000000048, 'dz': 0.0, 'de': 0.04122000000000092, 'xy_dist': 2.158128124092735, 'params': {'G': 1.0, 'X': 168.157, 'Y': 120.524, 'E': 10.43392}}
DECISION : ALLOW
------------------------------------------------------------
[SEQ 395] [IEEE-BASELINE]
SCORE    : anomaly_score=0.000
DECISION : ALLOW
------------------------------------------------------------
[SEQ 396] [LAYER 0]
CMD      : G1 X167.903 Y121.341 E10.45002
TRUST    : acc_cmd=0.000 | acc_exec=0.000 | trust=0.102
DECISION : PAUSE
MACHINE  : Machine-2
------------------------------------------------------------
[SEQ 396] [STATIC-BASELINE]
CMD      : G1 | effects={'dx': -0.2540000000000191, 'dy': 0.8169999999999931, 'dz': 0.0, 'de': 0.01609999999999978, 'xy_dist': 0.8555729074719456, 'params': {'G': 1.0, 'X': 167.903, 'Y': 121.341, 'E': 10.45002}}
DECISION : ALLOW
------------------------------------------------------------
[SEQ 396] [IEEE-BASELINE]
SCORE    : anomaly_score=0.000
DECISION : ALLOW
------------------------------------------------------------
[SEQ 397] [LAYER 0]
CMD      : G1 X167.44 Y122.063 E10.46615
TRUST    : acc_cmd=0.000 | acc_exec=0.000 | trust=0.233
DECISION : PAUSE
MACHINE  : Machine-2
------------------------------------------------------------
[SEQ 397] [STATIC-BASELINE]
CMD      : G1 | effects={'dx': -0.46299999999999386, 'dy': 0.7220000000000084, 'dz': 0.0, 'de': 0.016130000000000422, 'xy_dist': 0.8577021627581491, 'params': {'G': 1.0, 'X': 167.44, 'Y': 122.063, 'E': 10.46615}}
DECISION : ALLOW
------------------------------------------------------------
[SEQ 397] [IEEE-BASELINE]
SCORE    : anomaly_score=0.000
DECISION : ALLOW
------------------------------------------------------------
[SEQ 398] [LAYER 0]
CMD      : M221 S200
TRUST    : acc_cmd=1.000 | acc_exec=1.000 | trust=0.108
DECISION : PAUSE
MACHINE  : Machine-2
------------------------------------------------------------
[SEQ 398] [STATIC-BASELINE]
CMD      : M221 | effects={'M': 221.0, 'S': 200.0}
DECISION : BLOCK
------------------------------------------------------------
[SEQ 398] [IEEE-BASELINE]
SCORE    : anomaly_score=0.000
DECISION : ALLOW
------------------------------------------------------------
[SEQ 399] [LAYER 0]
CMD      : G92 E1000
TRUST    : acc_cmd=0.000 | acc_exec=1.000 | trust=0.047
DECISION : PAUSE
MACHINE  : Machine-2
------------------------------------------------------------
[SEQ 399] [STATIC-BASELINE]
CMD      : G92 | effects={'reset': {'G': 92.0, 'E': 1000.0}}
DECISION : BLOCK
------------------------------------------------------------
[SEQ 399] [IEEE-BASELINE]
SCORE    : anomaly_score=0.000
DECISION : ALLOW
------------------------------------------------------------
[SEQ 400] [LAYER 0]
CMD      : G1 X165.487 Y123.156 E10.50899
TRUST    : acc_cmd=0.000 | acc_exec=1.000 | trust=0.020
DECISION : PAUSE
MACHINE  : Machine-2
------------------------------------------------------------
[SEQ 400] [STATIC-BASELINE]
CMD      : G1 | effects={'dx': -1.953000000000003, 'dy': 1.0930000000000035, 'dz': 0.0, 'de': -989.49101, 'xy_dist': 2.238047810034455, 'params': {'G': 1.0, 'X': 165.487, 'Y': 123.156, 'E': 10.50899}}
DECISION : ALLOW
------------------------------------------------------------
[SEQ 400] [IEEE-BASELINE]
SCORE    : anomaly_score=0.000
DECISION : ALLOW
------------------------------------------------------------
[SEQ 401] [LAYER 0]
CMD      : G1 X164.552 Y123.175 E10.52658
TRUST    : acc_cmd=0.000 | acc_exec=0.000 | trust=0.023
DECISION : PAUSE
MACHINE  : Machine-2
------------------------------------------------------------
[SEQ 401] [STATIC-BASELINE]
CMD      : G1 | effects={'dx': -0.9350000000000023, 'dy': 0.018999999999991246, 'dz': 0.0, 'de': 0.01758999999999844, 'xy_dist': 0.935193028203271, 'params': {'G': 1.0, 'X': 164.552, 'Y': 123.175, 'E': 10.52658}}
DECISION : ALLOW
------------------------------------------------------------
[SEQ 401] [IEEE-BASELINE]
SCORE    : anomaly_score=0.000
DECISION : ALLOW
------------------------------------------------------------
[SEQ 402] [LAYER 0]
CMD      : M92 E2000
TRUST    : acc_cmd=1.000 | acc_exec=1.000 | trust=0.013
DECISION : PAUSE
MACHINE  : Machine-2
------------------------------------------------------------
[SEQ 402] [STATIC-BASELINE]
CMD      : M92 | effects={'M': 92.0, 'E': 2000.0}
DECISION : BLOCK
------------------------------------------------------------
[SEQ 402] [IEEE-BASELINE]
SCORE    : anomaly_score=0.000
DECISION : ALLOW
------------------------------------------------------------
[SEQ 403] [LAYER 0]
CMD      : G1 X162.827 Y122.364 E10.56276
TRUST    : acc_cmd=0.000 | acc_exec=0.000 | trust=0.031
DECISION : PAUSE
MACHINE  : Machine-2
------------------------------------------------------------
[SEQ 403] [STATIC-BASELINE]
CMD      : G1 | effects={'dx': -1.7249999999999943, 'dy': -0.8109999999999928, 'dz': 0.0, 'de': 0.036180000000001655, 'xy_dist': 1.9061337833425986, 'params': {'G': 1.0, 'X': 162.827, 'Y': 122.364, 'E': 10.56276}}
DECISION : ALLOW
------------------------------------------------------------
[SEQ 403] [IEEE-BASELINE]
SCORE    : anomaly_score=0.000
DECISION : ALLOW
------------------------------------------------------------
[SEQ 404] [LAYER 0]
CMD      : G1 X162.108 Y121.414 E10.58517
TRUST    : acc_cmd=0.000 | acc_exec=0.000 | trust=0.105
DECISION : PAUSE
MACHINE  : Machine-2
------------------------------------------------------------
[SEQ 404] [STATIC-BASELINE]
CMD      : G1 | effects={'dx': -0.7189999999999941, 'dy': -0.9500000000000028, 'dz': 0.0, 'de': 0.02240999999999893, 'xy_dist': 1.1914113479399115, 'params': {'G': 1.0, 'X': 162.108, 'Y': 121.414, 'E': 10.58517}}
DECISION : ALLOW
------------------------------------------------------------
[SEQ 404] [IEEE-BASELINE]
SCORE    : anomaly_score=0.000
DECISION : ALLOW
------------------------------------------------------------
[SEQ 405] [LAYER 0]
CMD      : G1 X161.844 Y120.481 E10.60341
TRUST    : acc_cmd=0.000 | acc_exec=0.000 | trust=0.237
DECISION : PAUSE
MACHINE  : Machine-2
------------------------------------------------------------
[SEQ 405] [STATIC-BASELINE]
CMD      : G1 | effects={'dx': -0.26400000000001, 'dy': -0.9330000000000069, 'dz': 0.0, 'de': 0.018240000000000478, 'xy_dist': 0.969631373254815, 'params': {'G': 1.0, 'X': 161.844, 'Y': 120.481, 'E': 10.60341}}
DECISION : ALLOW
------------------------------------------------------------
[SEQ 405] [IEEE-BASELINE]
SCORE    : anomaly_score=0.000
DECISION : ALLOW
------------------------------------------------------------
[SEQ 406] [LAYER 0]
CMD      : G1 X161.829 Y119.486 E10.62213
TRUST    : acc_cmd=0.000 | acc_exec=0.000 | trust=0.400
DECISION : PAUSE
MACHINE  : Machine-2
------------------------------------------------------------
[SEQ 406] [STATIC-BASELINE]
CMD      : G1 | effects={'dx': -0.014999999999986358, 'dy': -0.9949999999999903, 'dz': 0.0, 'de': 0.01872000000000007, 'xy_dist': 0.9951130589033491, 'params': {'G': 1.0, 'X': 161.829, 'Y': 119.486, 'E': 10.62213}}
DECISION : ALLOW
------------------------------------------------------------
[SEQ 406] [IEEE-BASELINE]
SCORE    : anomaly_score=0.000
DECISION : ALLOW
------------------------------------------------------------
[SEQ 407] [LAYER 0]
CMD      : G1 X162.167 Y118.559 E10.64069
TRUST    : acc_cmd=0.000 | acc_exec=0.000 | trust=0.560
DECISION : ALLOW
MACHINE  : Machine-2
------------------------------------------------------------
[SEQ 407] [STATIC-BASELINE]
CMD      : G1 | effects={'dx': 0.33799999999999386, 'dy': -0.9270000000000067, 'dz': 0.0, 'de': 0.01855999999999902, 'xy_dist': 0.9866980287808466, 'params': {'G': 1.0, 'X': 162.167, 'Y': 118.559, 'E': 10.64069}}
DECISION : ALLOW
------------------------------------------------------------
[SEQ 407] [IEEE-BASELINE]
SCORE    : anomaly_score=0.000
DECISION : ALLOW
------------------------------------------------------------
[SEQ 408] [LAYER 0]
CMD      : G1 X162.416 Y118.151 E10.64968
TRUST    : acc_cmd=0.000 | acc_exec=0.000 | trust=0.695
DECISION : ALLOW
MACHINE  : Machine-2
------------------------------------------------------------
[SEQ 408] [STATIC-BASELINE]
CMD      : G1 | effects={'dx': 0.24899999999999523, 'dy': -0.40800000000000125, 'dz': 0.0, 'de': 0.00899000000000072, 'xy_dist': 0.4779801251098194, 'params': {'G': 1.0, 'X': 162.416, 'Y': 118.151, 'E': 10.64968}}
DECISION : ALLOW
------------------------------------------------------------
[SEQ 408] [IEEE-BASELINE]
SCORE    : anomaly_score=0.000
DECISION : ALLOW
------------------------------------------------------------
[SEQ 409] [LAYER 0]
CMD      : G0 F3600 X162.709 Y118.424
TRUST    : acc_cmd=0.000 | acc_exec=0.000 | trust=0.797
DECISION : ALLOW
MACHINE  : Machine-2
------------------------------------------------------------
[SEQ 409] [STATIC-BASELINE]
CMD      : G0 | effects={'dx': 0.29300000000000637, 'dy': 0.27300000000001035, 'dz': 0.0, 'de': 0.0, 'xy_dist': 0.40047222125886506, 'params': {'G': 0.0, 'F': 3600.0, 'X': 162.709, 'Y': 118.424}}
DECISION : ALLOW
------------------------------------------------------------
[SEQ 409] [IEEE-BASELINE]
SCORE    : anomaly_score=0.000
DECISION : ALLOW
------------------------------------------------------------
[SEQ 410] [LAYER 0]
CMD      : G92 E1000
TRUST    : acc_cmd=0.000 | acc_exec=1.000 | trust=0.346
DECISION : PAUSE
MACHINE  : Machine-2
------------------------------------------------------------
[SEQ 410] [STATIC-BASELINE]
CMD      : G92 | effects={'reset': {'G': 92.0, 'E': 1000.0}}
DECISION : BLOCK
------------------------------------------------------------
[SEQ 410] [IEEE-BASELINE]
SCORE    : anomaly_score=0.000
DECISION : ALLOW
------------------------------------------------------------
[SEQ 411] [LAYER 0]
CMD      : G1 X164.098 Y117.368 E10.68306
TRUST    : acc_cmd=0.000 | acc_exec=1.000 | trust=0.143
DECISION : PAUSE
MACHINE  : Machine-2
------------------------------------------------------------
[SEQ 411] [STATIC-BASELINE]
CMD      : G1 | effects={'dx': 1.38900000000001, 'dy': -1.0560000000000116, 'dz': 0.0, 'de': -989.31694, 'xy_dist': 1.7448372416933484, 'params': {'G': 1.0, 'X': 164.098, 'Y': 117.368, 'E': 10.68306}}
DECISION : ALLOW
------------------------------------------------------------
[SEQ 411] [IEEE-BASELINE]
SCORE    : anomaly_score=0.000
DECISION : ALLOW
------------------------------------------------------------
[SEQ 412] [LAYER 0]
CMD      : G1 X164.548 Y117.246 E10.69183
TRUST    : acc_cmd=0.000 | acc_exec=0.000 | trust=0.090
DECISION : PAUSE
MACHINE  : Machine-2
------------------------------------------------------------
[SEQ 412] [STATIC-BASELINE]
CMD      : G1 | effects={'dx': 0.44999999999998863, 'dy': -0.12199999999999989, 'dz': 0.0, 'de': 0.008770000000000167, 'xy_dist': 0.46624457101395805, 'params': {'G': 1.0, 'X': 164.548, 'Y': 117.246, 'E': 10.69183}}
DECISION : ALLOW
------------------------------------------------------------
[SEQ 412] [IEEE-BASELINE]
SCORE    : anomaly_score=0.000
DECISION : ALLOW
------------------------------------------------------------
[SEQ 413] [LAYER 0]
CMD      : G92 E1000
TRUST    : acc_cmd=0.000 | acc_exec=1.000 | trust=0.041
DECISION : PAUSE
MACHINE  : Machine-2
------------------------------------------------------------
[SEQ 413] [STATIC-BASELINE]
CMD      : G92 | effects={'reset': {'G': 92.0, 'E': 1000.0}}
DECISION : BLOCK
------------------------------------------------------------
[SEQ 413] [IEEE-BASELINE]
SCORE    : anomaly_score=0.000
DECISION : ALLOW
------------------------------------------------------------
[SEQ 414] [LAYER 0]
CMD      : M221 S200
TRUST    : acc_cmd=1.000 | acc_exec=1.000 | trust=0.018
DECISION : PAUSE
MACHINE  : Machine-2
------------------------------------------------------------
[SEQ 414] [STATIC-BASELINE]
CMD      : M221 | effects={'M': 221.0, 'S': 200.0}
DECISION : BLOCK
------------------------------------------------------------
[SEQ 414] [IEEE-BASELINE]
SCORE    : anomaly_score=0.000
DECISION : ALLOW
------------------------------------------------------------
[SEQ 415] [LAYER 0]
CMD      : G1 X166.738 Y117.792 E10.73529
TRUST    : acc_cmd=0.000 | acc_exec=1.000 | trust=0.008
DECISION : PAUSE
MACHINE  : Machine-2
------------------------------------------------------------
[SEQ 415] [STATIC-BASELINE]
CMD      : G1 | effects={'dx': 2.1899999999999977, 'dy': 0.5460000000000065, 'dz': 0.0, 'de': -989.26471, 'xy_dist': 2.257036995709197, 'params': {'G': 1.0, 'X': 166.738, 'Y': 117.792, 'E': 10.73529}}
DECISION : ALLOW
------------------------------------------------------------
[SEQ 415] [IEEE-BASELINE]
SCORE    : anomaly_score=0.000
DECISION : ALLOW
------------------------------------------------------------
[SEQ 416] [LAYER 0]
CMD      : G1 X167.434 Y118.603 E10.7554
TRUST    : acc_cmd=0.000 | acc_exec=0.000 | trust=0.015
DECISION : PAUSE
MACHINE  : Machine-2
------------------------------------------------------------
[SEQ 416] [STATIC-BASELINE]
CMD      : G1 | effects={'dx': 0.695999999999998, 'dy': 0.8109999999999928, 'dz': 0.0, 'de': 0.020109999999998962, 'xy_dist': 1.0687080985938047, 'params': {'G': 1.0, 'X': 167.434, 'Y': 118.603, 'E': 10.7554}}
DECISION : ALLOW
------------------------------------------------------------
[SEQ 416] [IEEE-BASELINE]
SCORE    : anomaly_score=0.000
DECISION : ALLOW
------------------------------------------------------------
[SEQ 417] [LAYER 0]
CMD      : G1 X167.775 Y119.592 E10.77507
TRUST    : acc_cmd=0.000 | acc_exec=0.000 | trust=0.064
DECISION : PAUSE
MACHINE  : Machine-2
------------------------------------------------------------
[SEQ 417] [STATIC-BASELINE]
CMD      : G1 | effects={'dx': 0.3410000000000082, 'dy': 0.9890000000000043, 'dz': 0.0, 'de': 0.019669999999999632, 'xy_dist': 1.0461367023482229, 'params': {'G': 1.0, 'X': 167.775, 'Y': 119.592, 'E': 10.77507}}
DECISION : ALLOW
------------------------------------------------------------
[SEQ 417] [IEEE-BASELINE]
SCORE    : anomaly_score=0.000
DECISION : ALLOW
------------------------------------------------------------
[SEQ 418] [LAYER 0]
CMD      : G1 X167.758 Y120.459 E10.79139
TRUST    : acc_cmd=0.000 | acc_exec=0.000 | trust=0.173
DECISION : PAUSE
MACHINE  : Machine-2
------------------------------------------------------------
[SEQ 418] [STATIC-BASELINE]
CMD      : G1 | effects={'dx': -0.016999999999995907, 'dy': 0.8670000000000044, 'dz': 0.0, 'de': 0.016320000000000334, 'xy_dist': 0.8671666506502701, 'params': {'G': 1.0, 'X': 167.758, 'Y': 120.459, 'E': 10.79139}}
DECISION : ALLOW
------------------------------------------------------------
[SEQ 418] [IEEE-BASELINE]
SCORE    : anomaly_score=0.000
DECISION : ALLOW
------------------------------------------------------------
[SEQ 419] [LAYER 0]
CMD      : M92 E2000
TRUST    : acc_cmd=1.000 | acc_exec=1.000 | trust=0.082
DECISION : PAUSE
MACHINE  : Machine-2
------------------------------------------------------------
[SEQ 419] [STATIC-BASELINE]
CMD      : M92 | effects={'M': 92.0, 'E': 2000.0}
DECISION : BLOCK
------------------------------------------------------------
[SEQ 419] [IEEE-BASELINE]
SCORE    : anomaly_score=0.000
DECISION : ALLOW
------------------------------------------------------------
[SEQ 420] [LAYER 0]
CMD      : G1 X167.134 Y121.799 E10.81944
TRUST    : acc_cmd=0.000 | acc_exec=0.000 | trust=0.093
DECISION : PAUSE
MACHINE  : Machine-2
------------------------------------------------------------
[SEQ 420] [STATIC-BASELINE]
CMD      : G1 | effects={'dx': -0.6240000000000236, 'dy': 1.3400000000000034, 'dz': 0.0, 'de': 0.028050000000000352, 'xy_dist': 1.478166431766071, 'params': {'G': 1.0, 'X': 167.134, 'Y': 121.799, 'E': 10.81944}}
DECISION : ALLOW
------------------------------------------------------------
[SEQ 420] [IEEE-BASELINE]
SCORE    : anomaly_score=0.000
DECISION : ALLOW
------------------------------------------------------------
[SEQ 421] [LAYER 0]
CMD      : G1 X166.488 Y122.356 E10.83549
TRUST    : acc_cmd=0.000 | acc_exec=0.000 | trust=0.187
DECISION : PAUSE
MACHINE  : Machine-2
------------------------------------------------------------
[SEQ 421] [STATIC-BASELINE]
CMD      : G1 | effects={'dx': -0.6459999999999866, 'dy': 0.556999999999988, 'dz': 0.0, 'de': 0.016049999999999898, 'xy_dist': 0.8529742082853204, 'params': {'G': 1.0, 'X': 166.488, 'Y': 122.356, 'E': 10.83549}}
DECISION : ALLOW
------------------------------------------------------------
[SEQ 421] [IEEE-BASELINE]
SCORE    : anomaly_score=0.000
DECISION : ALLOW
------------------------------------------------------------
[SEQ 422] [LAYER 0]
CMD      : M221 S200
TRUST    : acc_cmd=1.000 | acc_exec=1.000 | trust=0.088
DECISION : PAUSE
MACHINE  : Machine-2
------------------------------------------------------------
[SEQ 422] [STATIC-BASELINE]
CMD      : M221 | effects={'M': 221.0, 'S': 200.0}
DECISION : BLOCK
------------------------------------------------------------
[SEQ 422] [IEEE-BASELINE]
SCORE    : anomaly_score=0.000
DECISION : ALLOW
------------------------------------------------------------
[SEQ 423] [LAYER 0]
CMD      : G1 X165.426 Y122.757 E10.85697
TRUST    : acc_cmd=0.000 | acc_exec=0.000 | trust=0.095
DECISION : PAUSE
MACHINE  : Machine-2
------------------------------------------------------------
[SEQ 423] [STATIC-BASELINE]
CMD      : G1 | effects={'dx': -1.0620000000000118, 'dy': 0.40100000000001046, 'dz': 0.0, 'de': 0.021480000000000388, 'xy_dist': 1.1351850069482214, 'params': {'G': 1.0, 'X': 165.426, 'Y': 122.757, 'E': 10.85697}}
DECISION : ALLOW
------------------------------------------------------------
[SEQ 423] [IEEE-BASELINE]
SCORE    : anomaly_score=0.000
DECISION : ALLOW
------------------------------------------------------------
[SEQ 424] [LAYER 0]
CMD      : M92 E2000
TRUST    : acc_cmd=1.000 | acc_exec=1.000 | trust=0.046
DECISION : PAUSE
MACHINE  : Machine-2
------------------------------------------------------------
[SEQ 424] [STATIC-BASELINE]
CMD      : M92 | effects={'M': 92.0, 'E': 2000.0}
DECISION : BLOCK
------------------------------------------------------------
[SEQ 424] [IEEE-BASELINE]
SCORE    : anomaly_score=0.000
DECISION : ALLOW
------------------------------------------------------------
[SEQ 425] [LAYER 0]
CMD      : G1 X163.844 Y122.538 E10.8874
TRUST    : acc_cmd=0.000 | acc_exec=0.000 | trust=0.062
DECISION : PAUSE
MACHINE  : Machine-2
------------------------------------------------------------
[SEQ 425] [STATIC-BASELINE]
CMD      : G1 | effects={'dx': -1.5819999999999936, 'dy': -0.2190000000000083, 'dz': 0.0, 'de': 0.03042999999999907, 'xy_dist': 1.5970864096848307, 'params': {'G': 1.0, 'X': 163.844, 'Y': 122.538, 'E': 10.8874}}
DECISION : ALLOW
------------------------------------------------------------
[SEQ 425] [IEEE-BASELINE]
SCORE    : anomaly_score=0.000
DECISION : ALLOW
------------------------------------------------------------
[SEQ 426] [LAYER 0]
CMD      : G1 X163.103 Y122.066 E10.90393
TRUST    : acc_cmd=0.000 | acc_exec=0.000 | trust=0.149
DECISION : PAUSE
MACHINE  : Machine-2
------------------------------------------------------------
[SEQ 426] [STATIC-BASELINE]
CMD      : G1 | effects={'dx': -0.7409999999999854, 'dy': -0.4719999999999942, 'dz': 0.0, 'de': 0.016530000000001266, 'xy_dist': 0.8785584784178985, 'params': {'G': 1.0, 'X': 163.103, 'Y': 122.066, 'E': 10.90393}}
DECISION : ALLOW
------------------------------------------------------------
[SEQ 426] [IEEE-BASELINE]
SCORE    : anomaly_score=0.000
DECISION : ALLOW
------------------------------------------------------------
[SEQ 427] [LAYER 0]
CMD      : M92 E2000
TRUST    : acc_cmd=1.000 | acc_exec=1.000 | trust=0.071
DECISION : PAUSE
MACHINE  : Machine-2
------------------------------------------------------------
[SEQ 427] [STATIC-BASELINE]
CMD      : M92 | effects={'M': 92.0, 'E': 2000.0}
DECISION : BLOCK
------------------------------------------------------------
[SEQ 427] [IEEE-BASELINE]
SCORE    : anomaly_score=0.000
DECISION : ALLOW
------------------------------------------------------------
[SEQ 428] [LAYER 0]
CMD      : G1 X162.243 Y120.422 E10.93943
TRUST    : acc_cmd=0.000 | acc_exec=0.000 | trust=0.085
DECISION : PAUSE
MACHINE  : Machine-2
------------------------------------------------------------
[SEQ 428] [STATIC-BASELINE]
CMD      : G1 | effects={'dx': -0.8600000000000136, 'dy': -1.6440000000000055, 'dz': 0.0, 'de': 0.03549999999999898, 'xy_dist': 1.855353335621019, 'params': {'G': 1.0, 'X': 162.243, 'Y': 120.422, 'E': 10.93943}}
DECISION : ALLOW
------------------------------------------------------------
[SEQ 428] [IEEE-BASELINE]
SCORE    : anomaly_score=0.000
DECISION : ALLOW
------------------------------------------------------------
[SEQ 429] [LAYER 0]
CMD      : G1 X162.23 Y119.554 E10.95576
TRUST    : acc_cmd=0.000 | acc_exec=0.000 | trust=0.179
DECISION : PAUSE
MACHINE  : Machine-2
------------------------------------------------------------
[SEQ 429] [STATIC-BASELINE]
CMD      : G1 | effects={'dx': -0.01300000000000523, 'dy': -0.867999999999995, 'dz': 0.0, 'de': 0.016329999999999956, 'xy_dist': 0.8680973447718818, 'params': {'G': 1.0, 'X': 162.23, 'Y': 119.554, 'E': 10.95576}}
DECISION : ALLOW
------------------------------------------------------------
[SEQ 429] [IEEE-BASELINE]
SCORE    : anomaly_score=0.000
DECISION : ALLOW
------------------------------------------------------------
[SEQ 430] [LAYER 0]
CMD      : G92 E1000
TRUST    : acc_cmd=0.000 | acc_exec=1.000 | trust=0.084
DECISION : PAUSE
MACHINE  : Machine-2
------------------------------------------------------------
[SEQ 430] [STATIC-BASELINE]
CMD      : G92 | effects={'reset': {'G': 92.0, 'E': 1000.0}}
DECISION : BLOCK
------------------------------------------------------------
[SEQ 430] [IEEE-BASELINE]
SCORE    : anomaly_score=0.000
DECISION : ALLOW
------------------------------------------------------------
[SEQ 431] [LAYER 0]
CMD      : G1 X162.709 Y118.424 E10.97893
TRUST    : acc_cmd=0.000 | acc_exec=1.000 | trust=0.037
DECISION : PAUSE
MACHINE  : Machine-2
------------------------------------------------------------
[SEQ 431] [STATIC-BASELINE]
CMD      : G1 | effects={'dx': 0.4790000000000134, 'dy': -1.1299999999999955, 'dz': 0.0, 'de': -989.02107, 'xy_dist': 1.2273308437418178, 'params': {'G': 1.0, 'X': 162.709, 'Y': 118.424, 'E': 10.97893}}
DECISION : ALLOW
------------------------------------------------------------
[SEQ 431] [IEEE-BASELINE]
SCORE    : anomaly_score=0.000
DECISION : ALLOW
------------------------------------------------------------
[SEQ 432] [LAYER 0]
CMD      : M92 E2000
TRUST    : acc_cmd=1.000 | acc_exec=1.000 | trust=0.016
DECISION : PAUSE
MACHINE  : Machine-2
------------------------------------------------------------
[SEQ 432] [STATIC-BASELINE]
CMD      : M92 | effects={'M': 92.0, 'E': 2000.0}
DECISION : BLOCK
------------------------------------------------------------
[SEQ 432] [IEEE-BASELINE]
SCORE    : anomaly_score=0.000
DECISION : ALLOW
------------------------------------------------------------
[SEQ 433] [LAYER 0]
CMD      : M221 S200
TRUST    : acc_cmd=1.000 | acc_exec=1.000 | trust=0.007
DECISION : PAUSE
MACHINE  : Machine-2
------------------------------------------------------------
[SEQ 433] [STATIC-BASELINE]
CMD      : M221 | effects={'M': 221.0, 'S': 200.0}
DECISION : BLOCK
------------------------------------------------------------
[SEQ 433] [IEEE-BASELINE]
SCORE    : anomaly_score=0.000
DECISION : ALLOW
------------------------------------------------------------
[SEQ 434] [LAYER 0]
CMD      : G1 X164.274 Y117.727 E11.00953
TRUST    : acc_cmd=0.000 | acc_exec=0.000 | trust=0.014
DECISION : PAUSE
MACHINE  : Machine-2
------------------------------------------------------------
[SEQ 434] [STATIC-BASELINE]
CMD      : G1 | effects={'dx': 1.5649999999999977, 'dy': -0.6970000000000027, 'dz': 0.0, 'de': 0.03059999999999974, 'xy_dist': 1.7131940929153349, 'params': {'G': 1.0, 'X': 164.274, 'Y': 117.727, 'E': 11.00953}}
DECISION : ALLOW
------------------------------------------------------------
[SEQ 434] [IEEE-BASELINE]
SCORE    : anomaly_score=0.000
DECISION : ALLOW
------------------------------------------------------------
[SEQ 435] [LAYER 0]
CMD      : G92 E1000
TRUST    : acc_cmd=0.000 | acc_exec=1.000 | trust=0.008
DECISION : PAUSE
MACHINE  : Machine-2
------------------------------------------------------------
[SEQ 435] [STATIC-BASELINE]
CMD      : G92 | effects={'reset': {'G': 92.0, 'E': 1000.0}}
DECISION : BLOCK
------------------------------------------------------------
[SEQ 435] [IEEE-BASELINE]
SCORE    : anomaly_score=0.000
DECISION : ALLOW
------------------------------------------------------------
[SEQ 436] [LAYER 0]
CMD      : G1 X165.261 Y117.628 E11.02829
TRUST    : acc_cmd=0.000 | acc_exec=1.000 | trust=0.004
DECISION : PAUSE
MACHINE  : Machine-2
------------------------------------------------------------
[SEQ 436] [STATIC-BASELINE]
CMD      : G1 | effects={'dx': 0.9869999999999948, 'dy': -0.09900000000000375, 'dz': 0.0, 'de': -988.97171, 'xy_dist': 0.9919526198362452, 'params': {'G': 1.0, 'X': 165.261, 'Y': 117.628, 'E': 11.02829}}
DECISION : ALLOW
------------------------------------------------------------
[SEQ 436] [IEEE-BASELINE]
SCORE    : anomaly_score=0.000
DECISION : ALLOW
------------------------------------------------------------
[SEQ 437] [LAYER 0]
CMD      : G1 X165.854 Y117.769 E11.03976
TRUST    : acc_cmd=0.000 | acc_exec=0.000 | trust=0.016
DECISION : PAUSE
MACHINE  : Machine-2
------------------------------------------------------------
[SEQ 437] [STATIC-BASELINE]
CMD      : G1 | effects={'dx': 0.5930000000000177, 'dy': 0.14100000000000534, 'dz': 0.0, 'de': 0.011469999999999203, 'xy_dist': 0.6095326078234228, 'params': {'G': 1.0, 'X': 165.854, 'Y': 117.769, 'E': 11.03976}}
DECISION : ALLOW
------------------------------------------------------------
[SEQ 437] [IEEE-BASELINE]
SCORE    : anomaly_score=0.000
DECISION : ALLOW
------------------------------------------------------------
[SEQ 438] [LAYER 0]
CMD      : G1 X166.481 Y118.108 E11.05317
TRUST    : acc_cmd=0.000 | acc_exec=0.000 | trust=0.070
DECISION : PAUSE
MACHINE  : Machine-2
------------------------------------------------------------
[SEQ 438] [STATIC-BASELINE]
CMD      : G1 | effects={'dx': 0.6269999999999811, 'dy': 0.33899999999999864, 'dz': 0.0, 'de': 0.013410000000000366, 'xy_dist': 0.7127762622309861, 'params': {'G': 1.0, 'X': 166.481, 'Y': 118.108, 'E': 11.05317}}
DECISION : ALLOW
------------------------------------------------------------
[SEQ 438] [IEEE-BASELINE]
SCORE    : anomaly_score=0.000
DECISION : ALLOW
------------------------------------------------------------
[SEQ 439] [LAYER 0]
CMD      : G1 X167.081 Y118.807 E11.07049
TRUST    : acc_cmd=0.000 | acc_exec=0.000 | trust=0.183
DECISION : PAUSE
MACHINE  : Machine-2
------------------------------------------------------------
[SEQ 439] [STATIC-BASELINE]
CMD      : G1 | effects={'dx': 0.5999999999999943, 'dy': 0.6989999999999981, 'dz': 0.0, 'de': 0.01731999999999978, 'xy_dist': 0.9211954190072758, 'params': {'G': 1.0, 'X': 167.081, 'Y': 118.807, 'E': 11.07049}}
DECISION : ALLOW
------------------------------------------------------------
[SEQ 439] [IEEE-BASELINE]
SCORE    : anomaly_score=0.000
DECISION : ALLOW
------------------------------------------------------------
[SEQ 440] [LAYER 0]
CMD      : M221 S200
TRUST    : acc_cmd=1.000 | acc_exec=1.000 | trust=0.087
DECISION : PAUSE
MACHINE  : Machine-2
------------------------------------------------------------
[SEQ 440] [STATIC-BASELINE]
CMD      : M221 | effects={'M': 221.0, 'S': 200.0}
DECISION : BLOCK
------------------------------------------------------------
[SEQ 440] [IEEE-BASELINE]
SCORE    : anomaly_score=0.000
DECISION : ALLOW
------------------------------------------------------------
[SEQ 441] [LAYER 0]
CMD      : M221 S200
TRUST    : acc_cmd=1.000 | acc_exec=1.000 | trust=0.038
DECISION : PAUSE
MACHINE  : Machine-2
------------------------------------------------------------
[SEQ 441] [STATIC-BASELINE]
CMD      : M221 | effects={'M': 221.0, 'S': 200.0}
DECISION : BLOCK
------------------------------------------------------------
[SEQ 441] [IEEE-BASELINE]
SCORE    : anomaly_score=0.000
DECISION : ALLOW
------------------------------------------------------------
[SEQ 442] [LAYER 0]
CMD      : G1 X167.171 Y120.999 E11.11319
TRUST    : acc_cmd=0.000 | acc_exec=0.000 | trust=0.040
DECISION : PAUSE
MACHINE  : Machine-2
------------------------------------------------------------
[SEQ 442] [STATIC-BASELINE]
CMD      : G1 | effects={'dx': 0.09000000000000341, 'dy': 2.191999999999993, 'dz': 0.0, 'de': 0.04269999999999996, 'xy_dist': 2.1938468497139834, 'params': {'G': 1.0, 'X': 167.171, 'Y': 120.999, 'E': 11.11319}}
DECISION : ALLOW
------------------------------------------------------------
[SEQ 442] [IEEE-BASELINE]
SCORE    : anomaly_score=0.000
DECISION : ALLOW
------------------------------------------------------------
[SEQ 443] [LAYER 0]
CMD      : M92 E2000
TRUST    : acc_cmd=1.000 | acc_exec=1.000 | trust=0.021
DECISION : PAUSE
MACHINE  : Machine-2
------------------------------------------------------------
[SEQ 443] [STATIC-BASELINE]
CMD      : M92 | effects={'M': 92.0, 'E': 2000.0}
DECISION : BLOCK
------------------------------------------------------------
[SEQ 443] [IEEE-BASELINE]
SCORE    : anomaly_score=0.000
DECISION : ALLOW
------------------------------------------------------------
[SEQ 444] [LAYER 0]
CMD      : G1 X166.279 Y122.015 E11.13888
TRUST    : acc_cmd=0.000 | acc_exec=0.000 | trust=0.040
DECISION : PAUSE
MACHINE  : Machine-2
------------------------------------------------------------
[SEQ 444] [STATIC-BASELINE]
CMD      : G1 | effects={'dx': -0.8919999999999959, 'dy': 1.0160000000000053, 'dz': 0.0, 'de': 0.02569000000000088, 'xy_dist': 1.3520059171468162, 'params': {'G': 1.0, 'X': 166.279, 'Y': 122.015, 'E': 11.13888}}
DECISION : ALLOW
------------------------------------------------------------
[SEQ 444] [IEEE-BASELINE]
SCORE    : anomaly_score=0.000
DECISION : ALLOW
------------------------------------------------------------
[SEQ 445] [LAYER 0]
CMD      : G1 X166.038 Y122.163 E11.1442
TRUST    : acc_cmd=0.000 | acc_exec=0.000 | trust=0.119
DECISION : PAUSE
MACHINE  : Machine-2
------------------------------------------------------------
[SEQ 445] [STATIC-BASELINE]
CMD      : G1 | effects={'dx': -0.24099999999998545, 'dy': 0.14799999999999613, 'dz': 0.0, 'de': 0.005319999999999325, 'xy_dist': 0.2828161947272324, 'params': {'G': 1.0, 'X': 166.038, 'Y': 122.163, 'E': 11.1442}}
DECISION : ALLOW
------------------------------------------------------------
[SEQ 445] [IEEE-BASELINE]
SCORE    : anomaly_score=0.000
DECISION : ALLOW
------------------------------------------------------------
[SEQ 446] [LAYER 0]
CMD      : M92 E2000
TRUST    : acc_cmd=1.000 | acc_exec=1.000 | trust=0.058
DECISION : PAUSE
MACHINE  : Machine-2
------------------------------------------------------------
[SEQ 446] [STATIC-BASELINE]
CMD      : M92 | effects={'M': 92.0, 'E': 2000.0}
DECISION : BLOCK
------------------------------------------------------------
[SEQ 446] [IEEE-BASELINE]
SCORE    : anomaly_score=0.000
DECISION : ALLOW
------------------------------------------------------------
[SEQ 447] [LAYER 0]
CMD      : G1 X164.663 Y122.373 E11.17059
TRUST    : acc_cmd=0.000 | acc_exec=0.000 | trust=0.076
DECISION : PAUSE
MACHINE  : Machine-2
------------------------------------------------------------
[SEQ 447] [STATIC-BASELINE]
CMD      : G1 | effects={'dx': -1.375, 'dy': 0.21000000000000796, 'dz': 0.0, 'de': 0.026390000000001024, 'xy_dist': 1.3909439241033419, 'params': {'G': 1.0, 'X': 164.663, 'Y': 122.373, 'E': 11.17059}}
DECISION : ALLOW
------------------------------------------------------------
[SEQ 447] [IEEE-BASELINE]
SCORE    : anomaly_score=0.000
DECISION : ALLOW
------------------------------------------------------------
[SEQ 448] [LAYER 0]
CMD      : G92 E1000
TRUST    : acc_cmd=0.000 | acc_exec=1.000 | trust=0.037
DECISION : PAUSE
MACHINE  : Machine-2
------------------------------------------------------------
[SEQ 448] [STATIC-BASELINE]
CMD      : G92 | effects={'reset': {'G': 92.0, 'E': 1000.0}}
DECISION : BLOCK
------------------------------------------------------------
[SEQ 448] [IEEE-BASELINE]
SCORE    : anomaly_score=0.000
DECISION : ALLOW
------------------------------------------------------------
[SEQ 449] [LAYER 0]
CMD      : G1 X163.379 Y121.768 E11.19753
TRUST    : acc_cmd=0.000 | acc_exec=1.000 | trust=0.017
DECISION : PAUSE
MACHINE  : Machine-2
------------------------------------------------------------
[SEQ 449] [STATIC-BASELINE]
CMD      : G1 | effects={'dx': -1.2840000000000202, 'dy': -0.605000000000004, 'dz': 0.0, 'de': -988.80247, 'xy_dist': 1.419394589252776, 'params': {'G': 1.0, 'X': 163.379, 'Y': 121.768, 'E': 11.19753}}
DECISION : ALLOW
------------------------------------------------------------
[SEQ 449] [IEEE-BASELINE]
SCORE    : anomaly_score=0.000
DECISION : ALLOW
------------------------------------------------------------
[SEQ 450] [LAYER 0]
CMD      : G92 E1000
TRUST    : acc_cmd=0.000 | acc_exec=1.000 | trust=0.008
DECISION : PAUSE
MACHINE  : Machine-2
------------------------------------------------------------
[SEQ 450] [STATIC-BASELINE]
CMD      : G92 | effects={'reset': {'G': 92.0, 'E': 1000.0}}
DECISION : BLOCK
------------------------------------------------------------
[SEQ 450] [IEEE-BASELINE]
SCORE    : anomaly_score=0.000
DECISION : ALLOW
------------------------------------------------------------
[SEQ 451] [LAYER 0]
CMD      : G1 X162.642 Y120.363 E11.22788
TRUST    : acc_cmd=0.000 | acc_exec=1.000 | trust=0.004
DECISION : PAUSE
MACHINE  : Machine-2
------------------------------------------------------------
[SEQ 451] [STATIC-BASELINE]
CMD      : G1 | effects={'dx': -0.7369999999999948, 'dy': -1.4050000000000011, 'dz': 0.0, 'de': -988.77212, 'xy_dist': 1.5865667335476297, 'params': {'G': 1.0, 'X': 162.642, 'Y': 120.363, 'E': 11.22788}}
DECISION : ALLOW
------------------------------------------------------------
[SEQ 451] [IEEE-BASELINE]
SCORE    : anomaly_score=0.000
DECISION : ALLOW
------------------------------------------------------------
[SEQ 452] [LAYER 0]
CMD      : M92 E2000
TRUST    : acc_cmd=1.000 | acc_exec=1.000 | trust=0.002
DECISION : PAUSE
MACHINE  : Machine-2
------------------------------------------------------------
[SEQ 452] [STATIC-BASELINE]
CMD      : M92 | effects={'M': 92.0, 'E': 2000.0}
DECISION : BLOCK
------------------------------------------------------------
[SEQ 452] [IEEE-BASELINE]
SCORE    : anomaly_score=0.000
DECISION : ALLOW
------------------------------------------------------------
[SEQ 453] [LAYER 0]
CMD      : G1 X162.919 Y118.833 E11.25762
TRUST    : acc_cmd=0.000 | acc_exec=0.000 | trust=0.009
DECISION : PAUSE
MACHINE  : Machine-2
------------------------------------------------------------
[SEQ 453] [STATIC-BASELINE]
CMD      : G1 | effects={'dx': 0.27700000000001523, 'dy': -1.5300000000000011, 'dz': 0.0, 'de': 0.029739999999998545, 'xy_dist': 1.5548726635966084, 'params': {'G': 1.0, 'X': 162.919, 'Y': 118.833, 'E': 11.25762}}
DECISION : ALLOW
------------------------------------------------------------
[SEQ 453] [IEEE-BASELINE]
SCORE    : anomaly_score=0.000
DECISION : ALLOW
------------------------------------------------------------
[SEQ 454] [LAYER 0]
CMD      : G1 X163.002 Y118.697 E11.26062
TRUST    : acc_cmd=0.000 | acc_exec=0.000 | trust=0.050
DECISION : PAUSE
MACHINE  : Machine-2
------------------------------------------------------------
[SEQ 454] [STATIC-BASELINE]
CMD      : G1 | effects={'dx': 0.08299999999999841, 'dy': -0.13599999999999568, 'dz': 0.0, 'de': 0.0030000000000001137, 'xy_dist': 0.15932670836993576, 'params': {'G': 1.0, 'X': 163.002, 'Y': 118.697, 'E': 11.26062}}
DECISION : ALLOW
------------------------------------------------------------
[SEQ 454] [IEEE-BASELINE]
SCORE    : anomaly_score=0.000
DECISION : ALLOW
------------------------------------------------------------
[SEQ 455] [LAYER 0]
CMD      : G0 F3600 X163.295 Y118.97
TRUST    : acc_cmd=0.000 | acc_exec=0.000 | trust=0.149
DECISION : PAUSE
MACHINE  : Machine-2
------------------------------------------------------------
[SEQ 455] [STATIC-BASELINE]
CMD      : G0 | effects={'dx': 0.29299999999997794, 'dy': 0.27299999999999613, 'dz': 0.0, 'de': 0.0, 'xy_dist': 0.4004722212588346, 'params': {'G': 0.0, 'F': 3600.0, 'X': 163.295, 'Y': 118.97}}
DECISION : ALLOW
------------------------------------------------------------
[SEQ 455] [IEEE-BASELINE]
SCORE    : anomaly_score=0.000
DECISION : ALLOW
------------------------------------------------------------
[SEQ 456] [LAYER 0]
CMD      : G1 F1800 X163.841 Y118.384 E11.27569
TRUST    : acc_cmd=0.000 | acc_exec=0.000 | trust=0.299
DECISION : PAUSE
MACHINE  : Machine-2
------------------------------------------------------------
[SEQ 456] [STATIC-BASELINE]
CMD      : G1 | effects={'dx': 0.5460000000000207, 'dy': -0.5859999999999985, 'dz': 0.0, 'de': 0.015070000000001471, 'xy_dist': 0.8009444425177197, 'params': {'G': 1.0, 'F': 1800.0, 'X': 163.841, 'Y': 118.384, 'E': 11.27569}}
DECISION : ALLOW
------------------------------------------------------------
[SEQ 456] [IEEE-BASELINE]
SCORE    : anomaly_score=0.000
DECISION : ALLOW
------------------------------------------------------------
[SEQ 457] [LAYER 0]
CMD      : G1 X164.45 Y118.086 E11.28844
TRUST    : acc_cmd=0.000 | acc_exec=0.000 | trust=0.465
DECISION : PAUSE
MACHINE  : Machine-2
------------------------------------------------------------
[SEQ 457] [STATIC-BASELINE]
CMD      : G1 | effects={'dx': 0.6089999999999804, 'dy': -0.2980000000000018, 'dz': 0.0, 'de': 0.012749999999998707, 'xy_dist': 0.6780007374627091, 'params': {'G': 1.0, 'X': 164.45, 'Y': 118.086, 'E': 11.28844}}
DECISION : ALLOW
------------------------------------------------------------
[SEQ 457] [IEEE-BASELINE]
SCORE    : anomaly_score=0.000
DECISION : ALLOW
------------------------------------------------------------
[SEQ 458] [LAYER 0]
CMD      : G1 X164.615 Y118.045 E11.29164
TRUST    : acc_cmd=0.000 | acc_exec=0.000 | trust=0.617
DECISION : ALLOW
MACHINE  : Machine-2
------------------------------------------------------------
[SEQ 458] [STATIC-BASELINE]
CMD      : G1 | effects={'dx': 0.16500000000002046, 'dy': -0.04099999999999682, 'dz': 0.0, 'de': 0.0031999999999996476, 'xy_dist': 0.17001764614300038, 'params': {'G': 1.0, 'X': 164.615, 'Y': 118.045, 'E': 11.29164}}
DECISION : ALLOW
------------------------------------------------------------
[SEQ 458] [IEEE-BASELINE]
SCORE    : anomaly_score=0.000
DECISION : ALLOW
------------------------------------------------------------
[SEQ 459] [LAYER 0]
CMD      : G1 X165.22 Y118.029 E11.30302
TRUST    : acc_cmd=0.000 | acc_exec=0.000 | trust=0.738
DECISION : ALLOW
MACHINE  : Machine-2
------------------------------------------------------------
[SEQ 459] [STATIC-BASELINE]
CMD      : G1 | effects={'dx': 0.6049999999999898, 'dy': -0.016000000000005343, 'dz': 0.0, 'de': 0.011380000000000834, 'xy_dist': 0.6052115332674913, 'params': {'G': 1.0, 'X': 165.22, 'Y': 118.029, 'E': 11.30302}}
DECISION : ALLOW
------------------------------------------------------------
[SEQ 459] [IEEE-BASELINE]
SCORE    : anomaly_score=0.000
DECISION : ALLOW
------------------------------------------------------------
[SEQ 460] [LAYER 0]
CMD      : G92 E1000
TRUST    : acc_cmd=0.000 | acc_exec=1.000 | trust=0.322
DECISION : PAUSE
MACHINE  : Machine-2
------------------------------------------------------------
[SEQ 460] [STATIC-BASELINE]
CMD      : G92 | effects={'reset': {'G': 92.0, 'E': 1000.0}}
DECISION : BLOCK
------------------------------------------------------------
[SEQ 460] [IEEE-BASELINE]
SCORE    : anomaly_score=0.000
DECISION : ALLOW
------------------------------------------------------------
[SEQ 461] [LAYER 0]
CMD      : G1 X166.226 Y118.425 E11.32353
TRUST    : acc_cmd=0.000 | acc_exec=1.000 | trust=0.133
DECISION : PAUSE
MACHINE  : Machine-2
------------------------------------------------------------
[SEQ 461] [STATIC-BASELINE]
CMD      : G1 | effects={'dx': 1.0060000000000002, 'dy': 0.3960000000000008, 'dz': 0.0, 'de': -988.67647, 'xy_dist': 1.0811345892163478, 'params': {'G': 1.0, 'X': 166.226, 'Y': 118.425, 'E': 11.32353}}
DECISION : ALLOW
------------------------------------------------------------
[SEQ 461] [IEEE-BASELINE]
SCORE    : anomaly_score=0.000
DECISION : ALLOW
------------------------------------------------------------
[SEQ 462] [LAYER 0]
CMD      : M221 S200
TRUST    : acc_cmd=1.000 | acc_exec=1.000 | trust=0.055
DECISION : PAUSE
MACHINE  : Machine-2
------------------------------------------------------------
[SEQ 462] [STATIC-BASELINE]
CMD      : M221 | effects={'M': 221.0, 'S': 200.0}
DECISION : BLOCK
------------------------------------------------------------
[SEQ 462] [IEEE-BASELINE]
SCORE    : anomaly_score=0.000
DECISION : ALLOW
------------------------------------------------------------
[SEQ 463] [LAYER 0]
CMD      : G1 X166.973 Y119.718 E11.35212
TRUST    : acc_cmd=0.000 | acc_exec=0.000 | trust=0.039
DECISION : PAUSE
MACHINE  : Machine-2
------------------------------------------------------------
[SEQ 463] [STATIC-BASELINE]
CMD      : G1 | effects={'dx': 0.7470000000000141, 'dy': 1.2930000000000064, 'dz': 0.0, 'de': 0.02858999999999945, 'xy_dist': 1.4932709064332692, 'params': {'G': 1.0, 'X': 166.973, 'Y': 119.718, 'E': 11.35212}}
DECISION : ALLOW
------------------------------------------------------------
[SEQ 463] [IEEE-BASELINE]
SCORE    : anomaly_score=0.000
DECISION : ALLOW
------------------------------------------------------------
[SEQ 464] [LAYER 0]
CMD      : M92 E2000
TRUST    : acc_cmd=1.000 | acc_exec=1.000 | trust=0.019
DECISION : PAUSE
MACHINE  : Machine-2
------------------------------------------------------------
[SEQ 464] [STATIC-BASELINE]
CMD      : M92 | effects={'M': 92.0, 'E': 2000.0}
DECISION : BLOCK
------------------------------------------------------------
[SEQ 464] [IEEE-BASELINE]
SCORE    : anomaly_score=0.000
DECISION : ALLOW
------------------------------------------------------------
[SEQ 465] [LAYER 0]
CMD      : G1 X166.806 Y120.827 E11.37343
TRUST    : acc_cmd=0.000 | acc_exec=0.000 | trust=0.035
DECISION : PAUSE
MACHINE  : Machine-2
------------------------------------------------------------
[SEQ 465] [STATIC-BASELINE]
CMD      : G1 | effects={'dx': -0.1670000000000016, 'dy': 1.1089999999999947, 'dz': 0.0, 'de': 0.021310000000001494, 'xy_dist': 1.1215034551886092, 'params': {'G': 1.0, 'X': 166.806, 'Y': 120.827, 'E': 11.37343}}
DECISION : ALLOW
------------------------------------------------------------
[SEQ 465] [IEEE-BASELINE]
SCORE    : anomaly_score=0.000
DECISION : ALLOW
------------------------------------------------------------
[SEQ 466] [LAYER 0]
CMD      : G1 X166.52 Y121.274 E11.38341
TRUST    : acc_cmd=0.000 | acc_exec=0.000 | trust=0.109
DECISION : PAUSE
MACHINE  : Machine-2
------------------------------------------------------------
[SEQ 466] [STATIC-BASELINE]
CMD      : G1 | effects={'dx': -0.28600000000000136, 'dy': 0.44700000000000273, 'dz': 0.0, 'de': 0.009979999999998768, 'xy_dist': 0.530664677550714, 'params': {'G': 1.0, 'X': 166.52, 'Y': 121.274, 'E': 11.38341}}
DECISION : ALLOW
------------------------------------------------------------
[SEQ 466] [IEEE-BASELINE]
SCORE    : anomaly_score=0.000
DECISION : ALLOW
------------------------------------------------------------
[SEQ 467] [LAYER 0]
CMD      : M221 S200
TRUST    : acc_cmd=1.000 | acc_exec=1.000 | trust=0.053
DECISION : PAUSE
MACHINE  : Machine-2
------------------------------------------------------------
[SEQ 467] [STATIC-BASELINE]
CMD      : M221 | effects={'M': 221.0, 'S': 200.0}
DECISION : BLOCK
------------------------------------------------------------
[SEQ 467] [IEEE-BASELINE]
SCORE    : anomaly_score=0.000
DECISION : ALLOW
------------------------------------------------------------
[SEQ 468] [LAYER 0]
CMD      : M92 E2000
TRUST    : acc_cmd=1.000 | acc_exec=1.000 | trust=0.024
DECISION : PAUSE
MACHINE  : Machine-2
------------------------------------------------------------
[SEQ 468] [STATIC-BASELINE]
CMD      : M92 | effects={'M': 92.0, 'E': 2000.0}
DECISION : BLOCK
------------------------------------------------------------
[SEQ 468] [IEEE-BASELINE]
SCORE    : anomaly_score=0.000
DECISION : ALLOW
------------------------------------------------------------
[SEQ 469] [LAYER 0]
CMD      : M221 S200
TRUST    : acc_cmd=1.000 | acc_exec=1.000 | trust=0.011
DECISION : PAUSE
MACHINE  : Machine-2
------------------------------------------------------------
[SEQ 469] [STATIC-BASELINE]
CMD      : M221 | effects={'M': 221.0, 'S': 200.0}
DECISION : BLOCK
------------------------------------------------------------
[SEQ 469] [IEEE-BASELINE]
SCORE    : anomaly_score=0.000
DECISION : ALLOW
------------------------------------------------------------
[SEQ 470] [LAYER 0]
CMD      : G1 X164.719 Y121.972 E11.42123
TRUST    : acc_cmd=0.000 | acc_exec=0.000 | trust=0.018
DECISION : PAUSE
MACHINE  : Machine-2
------------------------------------------------------------
[SEQ 470] [STATIC-BASELINE]
CMD      : G1 | effects={'dx': -1.8010000000000161, 'dy': 0.6979999999999933, 'dz': 0.0, 'de': 0.037819999999999965, 'xy_dist': 1.9315291869397286, 'params': {'G': 1.0, 'X': 164.719, 'Y': 121.972, 'E': 11.42123}}
DECISION : ALLOW
------------------------------------------------------------
[SEQ 470] [IEEE-BASELINE]
SCORE    : anomaly_score=0.000
DECISION : ALLOW
------------------------------------------------------------
[SEQ 471] [LAYER 0]
CMD      : G1 X164.181 Y121.805 E11.43183
TRUST    : acc_cmd=0.000 | acc_exec=0.000 | trust=0.070
DECISION : PAUSE
MACHINE  : Machine-2
------------------------------------------------------------
[SEQ 471] [STATIC-BASELINE]
CMD      : G1 | effects={'dx': -0.5379999999999825, 'dy': -0.16699999999998738, 'dz': 0.0, 'de': 0.010600000000000165, 'xy_dist': 0.5633231754508037, 'params': {'G': 1.0, 'X': 164.181, 'Y': 121.805, 'E': 11.43183}}
DECISION : ALLOW
------------------------------------------------------------
[SEQ 471] [IEEE-BASELINE]
SCORE    : anomaly_score=0.000
DECISION : ALLOW
------------------------------------------------------------
[SEQ 472] [LAYER 0]
CMD      : G1 X163.655 Y121.47 E11.44356
TRUST    : acc_cmd=0.000 | acc_exec=0.000 | trust=0.183
DECISION : PAUSE
MACHINE  : Machine-2
------------------------------------------------------------
[SEQ 472] [STATIC-BASELINE]
CMD      : G1 | effects={'dx': -0.5260000000000105, 'dy': -0.33500000000000796, 'dz': 0.0, 'de': 0.011730000000000018, 'xy_dist': 0.6236192748785242, 'params': {'G': 1.0, 'X': 163.655, 'Y': 121.47, 'E': 11.44356}}
DECISION : ALLOW
------------------------------------------------------------
[SEQ 472] [IEEE-BASELINE]
SCORE    : anomaly_score=0.000
DECISION : ALLOW
------------------------------------------------------------
[SEQ 473] [LAYER 0]
CMD      : M221 S200
TRUST    : acc_cmd=1.000 | acc_exec=1.000 | trust=0.086
DECISION : PAUSE
MACHINE  : Machine-2
------------------------------------------------------------
[SEQ 473] [STATIC-BASELINE]
CMD      : M221 | effects={'M': 221.0, 'S': 200.0}
DECISION : BLOCK
------------------------------------------------------------
[SEQ 473] [IEEE-BASELINE]
SCORE    : anomaly_score=0.000
DECISION : ALLOW
------------------------------------------------------------
[SEQ 474] [LAYER 0]
CMD      : G1 X163.041 Y120.303 E11.46879
TRUST    : acc_cmd=0.000 | acc_exec=0.000 | trust=0.095
DECISION : PAUSE
MACHINE  : Machine-2
------------------------------------------------------------
[SEQ 474] [STATIC-BASELINE]
CMD      : G1 | effects={'dx': -0.6140000000000043, 'dy': -1.1670000000000016, 'dz': 0.0, 'de': 0.02523000000000053, 'xy_dist': 1.3186678884389387, 'params': {'G': 1.0, 'X': 163.041, 'Y': 120.303, 'E': 11.46879}}
DECISION : ALLOW
------------------------------------------------------------
[SEQ 474] [IEEE-BASELINE]
SCORE    : anomaly_score=0.000
DECISION : ALLOW
------------------------------------------------------------
[SEQ 475] [LAYER 0]
CMD      : M221 S200
TRUST    : acc_cmd=1.000 | acc_exec=1.000 | trust=0.046
DECISION : PAUSE
MACHINE  : Machine-2
------------------------------------------------------------
[SEQ 475] [STATIC-BASELINE]
CMD      : M221 | effects={'M': 221.0, 'S': 200.0}
DECISION : BLOCK
------------------------------------------------------------
[SEQ 475] [IEEE-BASELINE]
SCORE    : anomaly_score=0.000
DECISION : ALLOW
------------------------------------------------------------
[SEQ 476] [LAYER 0]
CMD      : M221 S200
TRUST    : acc_cmd=1.000 | acc_exec=1.000 | trust=0.020
DECISION : PAUSE
MACHINE  : Machine-2
------------------------------------------------------------
[SEQ 476] [STATIC-BASELINE]
CMD      : M221 | effects={'M': 221.0, 'S': 200.0}
DECISION : BLOCK
------------------------------------------------------------
[SEQ 476] [IEEE-BASELINE]
SCORE    : anomaly_score=0.000
DECISION : ALLOW
------------------------------------------------------------
[SEQ 477] [LAYER 0]
CMD      : G92 E1000
TRUST    : acc_cmd=0.000 | acc_exec=1.000 | trust=0.009
DECISION : PAUSE
MACHINE  : Machine-2
------------------------------------------------------------
[SEQ 477] [STATIC-BASELINE]
CMD      : G92 | effects={'reset': {'G': 92.0, 'E': 1000.0}}
DECISION : BLOCK
------------------------------------------------------------
[SEQ 477] [IEEE-BASELINE]
SCORE    : anomaly_score=0.000
DECISION : ALLOW
------------------------------------------------------------
[SEQ 478] [LAYER 0]
CMD      : M92 E2000
TRUST    : acc_cmd=1.000 | acc_exec=1.000 | trust=0.004
DECISION : PAUSE
MACHINE  : Machine-2
------------------------------------------------------------
[SEQ 478] [STATIC-BASELINE]
CMD      : M92 | effects={'M': 92.0, 'E': 2000.0}
DECISION : BLOCK
------------------------------------------------------------
[SEQ 478] [IEEE-BASELINE]
SCORE    : anomaly_score=0.000
DECISION : ALLOW
------------------------------------------------------------
[SEQ 479] [LAYER 0]
CMD      : M92 E2000
TRUST    : acc_cmd=1.000 | acc_exec=1.000 | trust=0.002
DECISION : PAUSE
MACHINE  : Machine-2
------------------------------------------------------------
[SEQ 479] [STATIC-BASELINE]
CMD      : M92 | effects={'M': 92.0, 'E': 2000.0}
DECISION : BLOCK
------------------------------------------------------------
[SEQ 479] [IEEE-BASELINE]
SCORE    : anomaly_score=0.000
DECISION : ALLOW
------------------------------------------------------------
[SEQ 480] [LAYER 0]
CMD      : G1 X165.125 Y118.815 E11.52113
TRUST    : acc_cmd=0.000 | acc_exec=1.000 | trust=0.001
DECISION : PAUSE
MACHINE  : Machine-2
------------------------------------------------------------
[SEQ 480] [STATIC-BASELINE]
CMD      : G1 | effects={'dx': 2.084000000000003, 'dy': -1.4879999999999995, 'dz': 0.0, 'de': -988.47887, 'xy_dist': 2.56070302846699, 'params': {'G': 1.0, 'X': 165.125, 'Y': 118.815, 'E': 11.52113}}
DECISION : ALLOW
------------------------------------------------------------
[SEQ 480] [IEEE-BASELINE]
SCORE    : anomaly_score=0.000
DECISION : ALLOW
------------------------------------------------------------
[SEQ 481] [LAYER 0]
CMD      : M221 S200
TRUST    : acc_cmd=1.000 | acc_exec=1.000 | trust=0.001
DECISION : PAUSE
MACHINE  : Machine-2
------------------------------------------------------------
[SEQ 481] [STATIC-BASELINE]
CMD      : M221 | effects={'M': 221.0, 'S': 200.0}
DECISION : BLOCK
------------------------------------------------------------
[SEQ 481] [IEEE-BASELINE]
SCORE    : anomaly_score=0.000
DECISION : ALLOW
------------------------------------------------------------
[SEQ 482] [LAYER 0]
CMD      : G1 X165.759 Y119.081 E11.5342
TRUST    : acc_cmd=0.000 | acc_exec=0.000 | trust=0.008
DECISION : PAUSE
MACHINE  : Machine-2
------------------------------------------------------------
[SEQ 482] [STATIC-BASELINE]
CMD      : G1 | effects={'dx': 0.6339999999999861, 'dy': 0.26600000000000534, 'dz': 0.0, 'de': 0.013070000000000803, 'xy_dist': 0.687540544259017, 'params': {'G': 1.0, 'X': 165.759, 'Y': 119.081, 'E': 11.5342}}
DECISION : ALLOW
------------------------------------------------------------
[SEQ 482] [IEEE-BASELINE]
SCORE    : anomaly_score=0.000
DECISION : ALLOW
------------------------------------------------------------
[SEQ 483] [LAYER 0]
CMD      : G1 X166.062 Y119.461 E11.54334
TRUST    : acc_cmd=0.000 | acc_exec=0.000 | trust=0.046
DECISION : PAUSE
MACHINE  : Machine-2
------------------------------------------------------------
[SEQ 483] [STATIC-BASELINE]
CMD      : G1 | effects={'dx': 0.3030000000000257, 'dy': 0.37999999999999545, 'dz': 0.0, 'de': 0.00914000000000037, 'xy_dist': 0.48601337430158453, 'params': {'G': 1.0, 'X': 166.062, 'Y': 119.461, 'E': 11.54334}}
DECISION : ALLOW
------------------------------------------------------------
[SEQ 483] [IEEE-BASELINE]
SCORE    : anomaly_score=0.000
DECISION : ALLOW
------------------------------------------------------------
[SEQ 484] [LAYER 0]
CMD      : G1 X166.188 Y119.894 E11.55182
TRUST    : acc_cmd=0.000 | acc_exec=0.000 | trust=0.141
DECISION : PAUSE
MACHINE  : Machine-2
------------------------------------------------------------
[SEQ 484] [STATIC-BASELINE]
CMD      : G1 | effects={'dx': 0.12599999999997635, 'dy': 0.43300000000000693, 'dz': 0.0, 'de': 0.00847999999999871, 'xy_dist': 0.45096008692566136, 'params': {'G': 1.0, 'X': 166.188, 'Y': 119.894, 'E': 11.55182}}
DECISION : ALLOW
------------------------------------------------------------
[SEQ 484] [IEEE-BASELINE]
SCORE    : anomaly_score=0.000
DECISION : ALLOW
------------------------------------------------------------
[SEQ 485] [LAYER 0]
CMD      : M221 S200
TRUST    : acc_cmd=1.000 | acc_exec=1.000 | trust=0.068
DECISION : PAUSE
MACHINE  : Machine-2
------------------------------------------------------------
[SEQ 485] [STATIC-BASELINE]
CMD      : M221 | effects={'M': 221.0, 'S': 200.0}
DECISION : BLOCK
------------------------------------------------------------
[SEQ 485] [IEEE-BASELINE]
SCORE    : anomaly_score=0.000
DECISION : ALLOW
------------------------------------------------------------
[SEQ 486] [LAYER 0]
CMD      : G1 X166.08 Y120.505 E11.5636
TRUST    : acc_cmd=0.000 | acc_exec=0.000 | trust=0.083
DECISION : PAUSE
MACHINE  : Machine-2
------------------------------------------------------------
[SEQ 486] [STATIC-BASELINE]
CMD      : G1 | effects={'dx': -0.10799999999997567, 'dy': 0.61099999999999, 'dz': 0.0, 'de': 0.011779999999999902, 'xy_dist': 0.6204715948373322, 'params': {'G': 1.0, 'X': 166.08, 'Y': 120.505, 'E': 11.5636}}
DECISION : ALLOW
------------------------------------------------------------
[SEQ 486] [IEEE-BASELINE]
SCORE    : anomaly_score=0.000
DECISION : ALLOW
------------------------------------------------------------
[SEQ 487] [LAYER 0]
CMD      : G92 E1000
TRUST    : acc_cmd=0.000 | acc_exec=1.000 | trust=0.040
DECISION : PAUSE
MACHINE  : Machine-2
------------------------------------------------------------
[SEQ 487] [STATIC-BASELINE]
CMD      : G92 | effects={'reset': {'G': 92.0, 'E': 1000.0}}
DECISION : BLOCK
------------------------------------------------------------
[SEQ 487] [IEEE-BASELINE]
SCORE    : anomaly_score=0.000
DECISION : ALLOW
------------------------------------------------------------
[SEQ 488] [LAYER 0]
CMD      : M92 E2000
TRUST    : acc_cmd=1.000 | acc_exec=1.000 | trust=0.018
DECISION : PAUSE
MACHINE  : Machine-2
------------------------------------------------------------
[SEQ 488] [STATIC-BASELINE]
CMD      : M92 | effects={'M': 92.0, 'E': 2000.0}
DECISION : BLOCK
------------------------------------------------------------
[SEQ 488] [IEEE-BASELINE]
SCORE    : anomaly_score=0.000
DECISION : ALLOW
------------------------------------------------------------
[SEQ 489] [LAYER 0]
CMD      : M92 E2000
TRUST    : acc_cmd=1.000 | acc_exec=1.000 | trust=0.008
DECISION : PAUSE
MACHINE  : Machine-2
------------------------------------------------------------
[SEQ 489] [STATIC-BASELINE]
CMD      : M92 | effects={'M': 92.0, 'E': 2000.0}
DECISION : BLOCK
------------------------------------------------------------
[SEQ 489] [IEEE-BASELINE]
SCORE    : anomaly_score=0.000
DECISION : ALLOW
------------------------------------------------------------
[SEQ 490] [LAYER 0]
CMD      : G1 X164.875 Y121.185 E11.59125
TRUST    : acc_cmd=0.000 | acc_exec=1.000 | trust=0.004
DECISION : PAUSE
MACHINE  : Machine-2
------------------------------------------------------------
[SEQ 490] [STATIC-BASELINE]
CMD      : G1 | effects={'dx': -1.2050000000000125, 'dy': 0.6800000000000068, 'dz': 0.0, 'de': -988.40875, 'xy_dist': 1.3836274787673304, 'params': {'G': 1.0, 'X': 164.875, 'Y': 121.185, 'E': 11.59125}}
DECISION : ALLOW
------------------------------------------------------------
[SEQ 490] [IEEE-BASELINE]
SCORE    : anomaly_score=0.000
DECISION : ALLOW
------------------------------------------------------------
[SEQ 491] [LAYER 0]
CMD      : G1 X164.502 Y121.082 E11.59852
TRUST    : acc_cmd=0.000 | acc_exec=0.000 | trust=0.012
DECISION : PAUSE
MACHINE  : Machine-2
------------------------------------------------------------
[SEQ 491] [STATIC-BASELINE]
CMD      : G1 | effects={'dx': -0.37299999999999045, 'dy': -0.10300000000000864, 'dz': 0.0, 'de': 0.00727000000000011, 'xy_dist': 0.38695994624766356, 'params': {'G': 1.0, 'X': 164.502, 'Y': 121.082, 'E': 11.59852}}
DECISION : ALLOW
------------------------------------------------------------
[SEQ 491] [IEEE-BASELINE]
SCORE    : anomaly_score=0.000
DECISION : ALLOW
------------------------------------------------------------
[SEQ 492] [LAYER 0]
CMD      : M221 S200
TRUST    : acc_cmd=1.000 | acc_exec=1.000 | trust=0.007
DECISION : PAUSE
MACHINE  : Machine-2
------------------------------------------------------------
[SEQ 492] [STATIC-BASELINE]
CMD      : M221 | effects={'M': 221.0, 'S': 200.0}
DECISION : BLOCK
------------------------------------------------------------
[SEQ 492] [IEEE-BASELINE]
SCORE    : anomaly_score=0.000
DECISION : ALLOW
------------------------------------------------------------
[SEQ 493] [LAYER 0]
CMD      : M92 E2000
TRUST    : acc_cmd=1.000 | acc_exec=1.000 | trust=0.004
DECISION : PAUSE
MACHINE  : Machine-2
------------------------------------------------------------
[SEQ 493] [STATIC-BASELINE]
CMD      : M92 | effects={'M': 92.0, 'E': 2000.0}
DECISION : BLOCK
------------------------------------------------------------
[SEQ 493] [IEEE-BASELINE]
SCORE    : anomaly_score=0.000
DECISION : ALLOW
------------------------------------------------------------
[SEQ 494] [LAYER 0]
CMD      : G92 E1000
TRUST    : acc_cmd=0.000 | acc_exec=1.000 | trust=0.002
DECISION : PAUSE
MACHINE  : Machine-2
------------------------------------------------------------
[SEQ 494] [STATIC-BASELINE]
CMD      : G92 | effects={'reset': {'G': 92.0, 'E': 1000.0}}
DECISION : BLOCK
------------------------------------------------------------
[SEQ 494] [IEEE-BASELINE]
SCORE    : anomaly_score=0.000
DECISION : ALLOW
------------------------------------------------------------
[SEQ 495] [LAYER 0]
CMD      : G1 X163.815 Y119.876 E11.62628
TRUST    : acc_cmd=0.000 | acc_exec=1.000 | trust=0.001
DECISION : PAUSE
MACHINE  : Machine-2
------------------------------------------------------------
[SEQ 495] [STATIC-BASELINE]
CMD      : G1 | effects={'dx': -0.6870000000000118, 'dy': -1.2059999999999889, 'dz': 0.0, 'de': -988.37372, 'xy_dist': 1.3879499270506805, 'params': {'G': 1.0, 'X': 163.815, 'Y': 119.876, 'E': 11.62628}}
DECISION : ALLOW
------------------------------------------------------------
[SEQ 495] [IEEE-BASELINE]
SCORE    : anomaly_score=0.000
DECISION : ALLOW
------------------------------------------------------------
[SEQ 496] [LAYER 0]
CMD      : M92 E2000
TRUST    : acc_cmd=1.000 | acc_exec=1.000 | trust=0.001
DECISION : PAUSE
MACHINE  : Machine-2
------------------------------------------------------------
[SEQ 496] [STATIC-BASELINE]
CMD      : M92 | effects={'M': 92.0, 'E': 2000.0}
DECISION : BLOCK
------------------------------------------------------------
[SEQ 496] [IEEE-BASELINE]
SCORE    : anomaly_score=0.000
DECISION : ALLOW
------------------------------------------------------------
[SEQ 497] [LAYER 0]
CMD      : M221 S200
TRUST    : acc_cmd=1.000 | acc_exec=1.000 | trust=0.001
DECISION : PAUSE
MACHINE  : Machine-2
------------------------------------------------------------
[SEQ 497] [STATIC-BASELINE]
CMD      : M221 | effects={'M': 221.0, 'S': 200.0}
DECISION : BLOCK
------------------------------------------------------------
[SEQ 497] [IEEE-BASELINE]
SCORE    : anomaly_score=0.000
DECISION : ALLOW
------------------------------------------------------------
[SEQ 498] [LAYER 0]
CMD      : G1 F1800 X164.085 Y118.71 E11.64704
TRUST    : acc_cmd=0.000 | acc_exec=0.000 | trust=0.008
DECISION : PAUSE
MACHINE  : Machine-2
------------------------------------------------------------
[SEQ 498] [STATIC-BASELINE]
CMD      : G1 | effects={'dx': 0.27000000000001023, 'dy': -1.166000000000011, 'dz': 0.0, 'de': 0.020760000000001, 'xy_dist': 1.1968525389537474, 'params': {'G': 1.0, 'F': 1800.0, 'X': 164.085, 'Y': 118.71, 'E': 11.64704}}
DECISION : ALLOW
------------------------------------------------------------
[SEQ 498] [IEEE-BASELINE]
SCORE    : anomaly_score=0.000
DECISION : ALLOW
------------------------------------------------------------
[SEQ 499] [LAYER 0]
CMD      : G1 X164.626 Y118.445 E11.65837
TRUST    : acc_cmd=0.000 | acc_exec=0.000 | trust=0.046
DECISION : PAUSE
MACHINE  : Machine-2
------------------------------------------------------------
[SEQ 499] [STATIC-BASELINE]
CMD      : G1 | effects={'dx': 0.5409999999999968, 'dy': -0.26500000000000057, 'dz': 0.0, 'de': 0.011329999999999174, 'xy_dist': 0.6024167992345473, 'params': {'G': 1.0, 'X': 164.626, 'Y': 118.445, 'E': 11.65837}}
DECISION : ALLOW
------------------------------------------------------------
[SEQ 499] [IEEE-BASELINE]
SCORE    : anomaly_score=0.000
DECISION : ALLOW
------------------------------------------------------------
[SEQ 500] [LAYER 0]
CMD      : G1 X165.231 Y118.429 E11.66975
TRUST    : acc_cmd=0.000 | acc_exec=0.000 | trust=0.141
DECISION : PAUSE
MACHINE  : Machine-2
------------------------------------------------------------
[SEQ 500] [STATIC-BASELINE]
CMD      : G1 | effects={'dx': 0.6049999999999898, 'dy': -0.015999999999991132, 'dz': 0.0, 'de': 0.011380000000000834, 'xy_dist': 0.605211533267491, 'params': {'G': 1.0, 'X': 165.231, 'Y': 118.429, 'E': 11.66975}}
DECISION : ALLOW
------------------------------------------------------------
[SEQ 500] [IEEE-BASELINE]
SCORE    : anomaly_score=0.000
DECISION : ALLOW
------------------------------------------------------------
[SEQ 501] [LAYER 0]
CMD      : G1 X165.604 Y118.532 E11.67703
TRUST    : acc_cmd=0.000 | acc_exec=0.000 | trust=0.288
DECISION : PAUSE
MACHINE  : Machine-2
------------------------------------------------------------
[SEQ 501] [STATIC-BASELINE]
CMD      : G1 | effects={'dx': 0.37300000000001887, 'dy': 0.10299999999999443, 'dz': 0.0, 'de': 0.007279999999999731, 'xy_dist': 0.38695994624768715, 'params': {'G': 1.0, 'X': 165.604, 'Y': 118.532, 'E': 11.67703}}
DECISION : ALLOW
------------------------------------------------------------
[SEQ 501] [IEEE-BASELINE]
SCORE    : anomaly_score=0.000
DECISION : ALLOW
------------------------------------------------------------
[SEQ 502] [LAYER 0]
CMD      : M92 E2000
TRUST    : acc_cmd=1.000 | acc_exec=1.000 | trust=0.132
DECISION : PAUSE
MACHINE  : Machine-2
------------------------------------------------------------
[SEQ 502] [STATIC-BASELINE]
CMD      : M92 | effects={'M': 92.0, 'E': 2000.0}
DECISION : BLOCK
------------------------------------------------------------
[SEQ 502] [IEEE-BASELINE]
SCORE    : anomaly_score=0.000
DECISION : ALLOW
------------------------------------------------------------
[SEQ 503] [LAYER 0]
CMD      : G92 E1000
TRUST    : acc_cmd=0.000 | acc_exec=1.000 | trust=0.056
DECISION : PAUSE
MACHINE  : Machine-2
------------------------------------------------------------
[SEQ 503] [STATIC-BASELINE]
CMD      : G92 | effects={'reset': {'G': 92.0, 'E': 1000.0}}
DECISION : BLOCK
------------------------------------------------------------
[SEQ 503] [IEEE-BASELINE]
SCORE    : anomaly_score=0.000
DECISION : ALLOW
------------------------------------------------------------
[SEQ 504] [LAYER 0]
CMD      : G92 E1000
TRUST    : acc_cmd=0.000 | acc_exec=1.000 | trust=0.024
DECISION : PAUSE
MACHINE  : Machine-2
------------------------------------------------------------
[SEQ 504] [STATIC-BASELINE]
CMD      : G92 | effects={'reset': {'G': 92.0, 'E': 1000.0}}
DECISION : BLOCK
------------------------------------------------------------
[SEQ 504] [IEEE-BASELINE]
SCORE    : anomaly_score=0.000
DECISION : ALLOW
------------------------------------------------------------
[SEQ 505] [LAYER 0]
CMD      : G1 X166.575 Y120.221 E11.71625
TRUST    : acc_cmd=0.000 | acc_exec=1.000 | trust=0.010
DECISION : PAUSE
MACHINE  : Machine-2
------------------------------------------------------------
[SEQ 505] [STATIC-BASELINE]
CMD      : G1 | effects={'dx': 0.9709999999999752, 'dy': 1.6890000000000072, 'dz': 0.0, 'de': -988.28375, 'xy_dist': 1.9482202134255708, 'params': {'G': 1.0, 'X': 166.575, 'Y': 120.221, 'E': 11.71625}}
DECISION : ALLOW
------------------------------------------------------------
[SEQ 505] [IEEE-BASELINE]
SCORE    : anomaly_score=0.000
DECISION : ALLOW
------------------------------------------------------------
[SEQ 506] [LAYER 0]
CMD      : G92 E1000
TRUST    : acc_cmd=0.000 | acc_exec=1.000 | trust=0.005
DECISION : PAUSE
MACHINE  : Machine-2
------------------------------------------------------------
[SEQ 506] [STATIC-BASELINE]
CMD      : G92 | effects={'reset': {'G': 92.0, 'E': 1000.0}}
DECISION : BLOCK
------------------------------------------------------------
[SEQ 506] [IEEE-BASELINE]
SCORE    : anomaly_score=0.000
DECISION : ALLOW
------------------------------------------------------------
[SEQ 507] [LAYER 0]
CMD      : G1 X166.257 Y120.973 E11.73173
TRUST    : acc_cmd=0.000 | acc_exec=1.000 | trust=0.002
DECISION : PAUSE
MACHINE  : Machine-2
------------------------------------------------------------
[SEQ 507] [STATIC-BASELINE]
CMD      : G1 | effects={'dx': -0.31799999999998363, 'dy': 0.7519999999999953, 'dz': 0.0, 'de': -988.26827, 'xy_dist': 0.8164729021835216, 'params': {'G': 1.0, 'X': 166.257, 'Y': 120.973, 'E': 11.73173}}
DECISION : ALLOW
------------------------------------------------------------
[SEQ 507] [IEEE-BASELINE]
SCORE    : anomaly_score=0.000
DECISION : ALLOW
------------------------------------------------------------
[SEQ 508] [LAYER 0]
CMD      : M221 S200
TRUST    : acc_cmd=1.000 | acc_exec=1.000 | trust=0.001
DECISION : PAUSE
MACHINE  : Machine-2
------------------------------------------------------------
[SEQ 508] [STATIC-BASELINE]
CMD      : M221 | effects={'M': 221.0, 'S': 200.0}
DECISION : BLOCK
------------------------------------------------------------
[SEQ 508] [IEEE-BASELINE]
SCORE    : anomaly_score=0.000
DECISION : ALLOW
------------------------------------------------------------
[SEQ 509] [LAYER 0]
CMD      : G1 X165.297 Y121.559 E11.75332
TRUST    : acc_cmd=0.000 | acc_exec=0.000 | trust=0.008
DECISION : PAUSE
MACHINE  : Machine-2
------------------------------------------------------------
[SEQ 509] [STATIC-BASELINE]
CMD      : G1 | effects={'dx': -0.960000000000008, 'dy': 0.5859999999999985, 'dz': 0.0, 'de': 0.021589999999999776, 'xy_dist': 1.1247204097019017, 'params': {'G': 1.0, 'X': 165.297, 'Y': 121.559, 'E': 11.75332}}
DECISION : ALLOW
------------------------------------------------------------
[SEQ 509] [IEEE-BASELINE]
SCORE    : anomaly_score=0.000
DECISION : ALLOW
------------------------------------------------------------
[SEQ 510] [LAYER 0]
CMD      : G1 X164.769 Y121.571 E11.76326
TRUST    : acc_cmd=0.000 | acc_exec=0.000 | trust=0.046
DECISION : PAUSE
MACHINE  : Machine-2
------------------------------------------------------------
[SEQ 510] [STATIC-BASELINE]
CMD      : G1 | effects={'dx': -0.5279999999999916, 'dy': 0.012000000000000455, 'dz': 0.0, 'de': 0.009940000000000282, 'xy_dist': 0.5281363460319609, 'params': {'G': 1.0, 'X': 164.769, 'Y': 121.571, 'E': 11.76326}}
DECISION : ALLOW
------------------------------------------------------------
[SEQ 510] [IEEE-BASELINE]
SCORE    : anomaly_score=0.000
DECISION : ALLOW
------------------------------------------------------------
[SEQ 511] [LAYER 0]
CMD      : M221 S200
TRUST    : acc_cmd=1.000 | acc_exec=1.000 | trust=0.025
DECISION : PAUSE
MACHINE  : Machine-2
------------------------------------------------------------
[SEQ 511] [STATIC-BASELINE]
CMD      : M221 | effects={'M': 221.0, 'S': 200.0}
DECISION : BLOCK
------------------------------------------------------------
[SEQ 511] [IEEE-BASELINE]
SCORE    : anomaly_score=0.000
DECISION : ALLOW
------------------------------------------------------------
[SEQ 512] [LAYER 0]
CMD      : M92 E2000
TRUST    : acc_cmd=1.000 | acc_exec=1.000 | trust=0.012
DECISION : PAUSE
MACHINE  : Machine-2
------------------------------------------------------------
[SEQ 512] [STATIC-BASELINE]
CMD      : M92 | effects={'M': 92.0, 'E': 2000.0}
DECISION : BLOCK
------------------------------------------------------------
[SEQ 512] [IEEE-BASELINE]
SCORE    : anomaly_score=0.000
DECISION : ALLOW
------------------------------------------------------------
[SEQ 513] [LAYER 0]
CMD      : G1 X163.567 Y120.691 E11.79225
TRUST    : acc_cmd=0.000 | acc_exec=0.000 | trust=0.024
DECISION : PAUSE
MACHINE  : Machine-2
------------------------------------------------------------
[SEQ 513] [STATIC-BASELINE]
CMD      : G1 | effects={'dx': -1.2019999999999982, 'dy': -0.8799999999999955, 'dz': 0.0, 'de': 0.028989999999998517, 'xy_dist': 1.4896992985163104, 'params': {'G': 1.0, 'X': 163.567, 'Y': 120.691, 'E': 11.79225}}
DECISION : ALLOW
------------------------------------------------------------
[SEQ 513] [IEEE-BASELINE]
SCORE    : anomaly_score=0.000
DECISION : ALLOW
------------------------------------------------------------
[SEQ 514] [LAYER 0]
CMD      : G92 E1000
TRUST    : acc_cmd=0.000 | acc_exec=1.000 | trust=0.013
DECISION : PAUSE
MACHINE  : Machine-2
------------------------------------------------------------
[SEQ 514] [STATIC-BASELINE]
CMD      : G92 | effects={'reset': {'G': 92.0, 'E': 1000.0}}
DECISION : BLOCK
------------------------------------------------------------
[SEQ 514] [IEEE-BASELINE]
SCORE    : anomaly_score=0.000
DECISION : ALLOW
------------------------------------------------------------
[SEQ 515] [LAYER 0]
CMD      : M92 E2000
TRUST    : acc_cmd=1.000 | acc_exec=1.000 | trust=0.007
DECISION : PAUSE
MACHINE  : Machine-2
------------------------------------------------------------
[SEQ 515] [STATIC-BASELINE]
CMD      : M92 | effects={'M': 92.0, 'E': 2000.0}
DECISION : BLOCK
------------------------------------------------------------
[SEQ 515] [IEEE-BASELINE]
SCORE    : anomaly_score=0.000
DECISION : ALLOW
------------------------------------------------------------
[SEQ 516] [LAYER 0]
CMD      : G1 X163.643 Y119.184 E11.82167
TRUST    : acc_cmd=0.000 | acc_exec=1.000 | trust=0.003
DECISION : PAUSE
MACHINE  : Machine-2
------------------------------------------------------------
[SEQ 516] [STATIC-BASELINE]
CMD      : G1 | effects={'dx': 0.0759999999999934, 'dy': -1.507000000000005, 'dz': 0.0, 'de': -988.17833, 'xy_dist': 1.5089151732287718, 'params': {'G': 1.0, 'X': 163.643, 'Y': 119.184, 'E': 11.82167}}
DECISION : ALLOW
------------------------------------------------------------
[SEQ 516] [IEEE-BASELINE]
SCORE    : anomaly_score=0.000
DECISION : ALLOW
------------------------------------------------------------
[SEQ 517] [LAYER 0]
CMD      : G0 F600 X163.643 Y119.184 Z0.4
TRUST    : acc_cmd=0.000 | acc_exec=0.000 | trust=0.013
DECISION : PAUSE
MACHINE  : Machine-2
------------------------------------------------------------
[SEQ 517] [STATIC-BASELINE]
CMD      : G0 | effects={'dx': 0.0, 'dy': 0.0, 'dz': 0.2, 'de': 0.0, 'xy_dist': 0.0, 'params': {'G': 0.0, 'F': 600.0, 'X': 163.643, 'Y': 119.184, 'Z': 0.4}}
DECISION : ALLOW
------------------------------------------------------------
[SEQ 517] [IEEE-BASELINE]
SCORE    : anomaly_score=0.000
DECISION : ALLOW
------------------------------------------------------------
[SEQ 518] [LAYER 0]
CMD      : G0 F3600 X164.422 Y119.159
TRUST    : acc_cmd=0.000 | acc_exec=0.000 | trust=0.060
DECISION : PAUSE
MACHINE  : Machine-2
------------------------------------------------------------
[SEQ 518] [STATIC-BASELINE]
CMD      : G0 | effects={'dx': 0.7789999999999964, 'dy': -0.024999999999991473, 'dz': 0.0, 'de': 0.0, 'xy_dist': 0.7794010520906383, 'params': {'G': 0.0, 'F': 3600.0, 'X': 164.422, 'Y': 119.159}}
DECISION : ALLOW
------------------------------------------------------------
[SEQ 518] [IEEE-BASELINE]
SCORE    : anomaly_score=0.000
DECISION : ALLOW
------------------------------------------------------------
[SEQ 519] [LAYER 0]
CMD      : M221 S200
TRUST    : acc_cmd=1.000 | acc_exec=1.000 | trust=0.031
DECISION : PAUSE
MACHINE  : Machine-2
------------------------------------------------------------
[SEQ 519] [STATIC-BASELINE]
CMD      : M221 | effects={'M': 221.0, 'S': 200.0}
DECISION : BLOCK
------------------------------------------------------------
[SEQ 519] [IEEE-BASELINE]
SCORE    : anomaly_score=0.000
DECISION : ALLOW
------------------------------------------------------------
[SEQ 520] [LAYER 1]
CMD      : ;LAYER:1
TRUST    : acc_cmd=0.000 | acc_exec=0.000 | trust=0.055
DECISION : PAUSE
MACHINE  : Machine-2
------------------------------------------------------------
[SEQ 520] [STATIC-BASELINE]
CMD      : None | effects={}
DECISION : ALLOW
------------------------------------------------------------
[SEQ 520] [IEEE-BASELINE]
SCORE    : anomaly_score=0.000
DECISION : ALLOW
------------------------------------------------------------
[SEQ 521] [LAYER 1]
CMD      : ;note -- min layer time used
TRUST    : acc_cmd=0.000 | acc_exec=0.000 | trust=0.144
DECISION : PAUSE
MACHINE  : Machine-2
------------------------------------------------------------
[SEQ 521] [STATIC-BASELINE]
CMD      : None | effects={}
DECISION : ALLOW
------------------------------------------------------------
[SEQ 521] [IEEE-BASELINE]
SCORE    : anomaly_score=0.000
DECISION : ALLOW
------------------------------------------------------------
[SEQ 522] [LAYER 1]
CMD      : M106 S255
TRUST    : acc_cmd=0.000 | acc_exec=0.000 | trust=0.288
DECISION : PAUSE
MACHINE  : Machine-2
------------------------------------------------------------
[SEQ 522] [STATIC-BASELINE]
CMD      : M106 | effects={'M': 106.0, 'S': 255.0}
DECISION : ALLOW
------------------------------------------------------------
[SEQ 522] [IEEE-BASELINE]
SCORE    : anomaly_score=0.000
DECISION : ALLOW
------------------------------------------------------------
[SEQ 523] [LAYER 1]
CMD      : ;TYPE:WALL-OUTER
TRUST    : acc_cmd=0.000 | acc_exec=0.000 | trust=0.453
DECISION : PAUSE
MACHINE  : Machine-2
------------------------------------------------------------
[SEQ 523] [STATIC-BASELINE]
CMD      : None | effects={}
DECISION : ALLOW
------------------------------------------------------------
[SEQ 523] [IEEE-BASELINE]
SCORE    : anomaly_score=0.000
DECISION : ALLOW
------------------------------------------------------------
[SEQ 524] [LAYER 1]
CMD      : G92 E1000
TRUST    : acc_cmd=0.000 | acc_exec=1.000 | trust=0.202
DECISION : PAUSE
MACHINE  : Machine-2
------------------------------------------------------------
[SEQ 524] [STATIC-BASELINE]
CMD      : G92 | effects={'reset': {'G': 92.0, 'E': 1000.0}}
DECISION : BLOCK
------------------------------------------------------------
[SEQ 524] [IEEE-BASELINE]
SCORE    : anomaly_score=0.000
DECISION : ALLOW
------------------------------------------------------------
[SEQ 525] [LAYER 1]
CMD      : M92 E2000
TRUST    : acc_cmd=1.000 | acc_exec=1.000 | trust=0.085
DECISION : PAUSE
MACHINE  : Machine-2
------------------------------------------------------------
[SEQ 525] [STATIC-BASELINE]
CMD      : M92 | effects={'M': 92.0, 'E': 2000.0}
DECISION : BLOCK
------------------------------------------------------------
[SEQ 525] [IEEE-BASELINE]
SCORE    : anomaly_score=0.000
DECISION : ALLOW
------------------------------------------------------------
[SEQ 526] [LAYER 1]
CMD      : G92 E1000
TRUST    : acc_cmd=0.000 | acc_exec=1.000 | trust=0.035
DECISION : PAUSE
MACHINE  : Machine-2
------------------------------------------------------------
[SEQ 526] [STATIC-BASELINE]
CMD      : G92 | effects={'reset': {'G': 92.0, 'E': 1000.0}}
DECISION : BLOCK
------------------------------------------------------------
[SEQ 526] [IEEE-BASELINE]
SCORE    : anomaly_score=0.000
DECISION : ALLOW
------------------------------------------------------------
[SEQ 527] [LAYER 1]
CMD      : G1 X164.422 Y119.159 E11.82311
TRUST    : acc_cmd=0.000 | acc_exec=1.000 | trust=0.015
DECISION : PAUSE
MACHINE  : Machine-2
------------------------------------------------------------
[SEQ 527] [STATIC-BASELINE]
CMD      : G1 | effects={'dx': 0.0, 'dy': 0.0, 'dz': 0.0, 'de': -988.17689, 'xy_dist': 0.0, 'params': {'G': 1.0, 'X': 164.422, 'Y': 119.159, 'E': 11.82311}}
DECISION : ALLOW
------------------------------------------------------------
[SEQ 527] [IEEE-BASELINE]
SCORE    : anomaly_score=0.000
DECISION : ALLOW
------------------------------------------------------------
[SEQ 528] [LAYER 1]
CMD      : M221 S200
TRUST    : acc_cmd=1.000 | acc_exec=1.000 | trust=0.007
DECISION : PAUSE
MACHINE  : Machine-2
------------------------------------------------------------
[SEQ 528] [STATIC-BASELINE]
CMD      : M221 | effects={'M': 221.0, 'S': 200.0}
DECISION : BLOCK
------------------------------------------------------------
[SEQ 528] [IEEE-BASELINE]
SCORE    : anomaly_score=0.000
DECISION : ALLOW
------------------------------------------------------------
[SEQ 529] [LAYER 1]
CMD      : M221 S200
TRUST    : acc_cmd=1.000 | acc_exec=1.000 | trust=0.003
DECISION : PAUSE
MACHINE  : Machine-2
------------------------------------------------------------
[SEQ 529] [STATIC-BASELINE]
CMD      : M221 | effects={'M': 221.0, 'S': 200.0}
DECISION : BLOCK
------------------------------------------------------------
[SEQ 529] [IEEE-BASELINE]
SCORE    : anomaly_score=0.000
DECISION : ALLOW
------------------------------------------------------------
[SEQ 530] [LAYER 1]
CMD      : G0 F5400 X164.425 Y119.133
TRUST    : acc_cmd=0.000 | acc_exec=0.000 | trust=0.009
DECISION : PAUSE
MACHINE  : Machine-2
------------------------------------------------------------
[SEQ 530] [STATIC-BASELINE]
CMD      : G0 | effects={'dx': 0.0030000000000143245, 'dy': -0.02600000000001046, 'dz': 0.0, 'de': 0.0, 'xy_dist': 0.026172504656616833, 'params': {'G': 0.0, 'F': 5400.0, 'X': 164.425, 'Y': 119.133}}
DECISION : ALLOW
------------------------------------------------------------
[SEQ 530] [IEEE-BASELINE]
SCORE    : anomaly_score=0.000
DECISION : ALLOW
------------------------------------------------------------
[SEQ 531] [LAYER 1]
CMD      : ;TIME_ELAPSED:26.669138
TRUST    : acc_cmd=0.000 | acc_exec=0.000 | trust=0.049
DECISION : PAUSE
MACHINE  : Machine-2
------------------------------------------------------------
[SEQ 531] [STATIC-BASELINE]
CMD      : None | effects={}
DECISION : ALLOW
------------------------------------------------------------
[SEQ 531] [IEEE-BASELINE]
SCORE    : anomaly_score=0.000
DECISION : ALLOW
------------------------------------------------------------
[SEQ 532] [LAYER 2]
CMD      : M221 S200
TRUST    : acc_cmd=1.000 | acc_exec=1.000 | trust=0.026
DECISION : PAUSE
MACHINE  : Machine-2
------------------------------------------------------------
[SEQ 532] [STATIC-BASELINE]
CMD      : M221 | effects={'M': 221.0, 'S': 200.0}
DECISION : BLOCK
------------------------------------------------------------
[SEQ 532] [IEEE-BASELINE]
SCORE    : anomaly_score=0.000
DECISION : ALLOW
------------------------------------------------------------
[SEQ 533] [LAYER 2]
CMD      : M221 S200
TRUST    : acc_cmd=1.000 | acc_exec=1.000 | trust=0.012
DECISION : PAUSE
MACHINE  : Machine-2
------------------------------------------------------------
[SEQ 533] [STATIC-BASELINE]
CMD      : M221 | effects={'M': 221.0, 'S': 200.0}
DECISION : BLOCK
------------------------------------------------------------
[SEQ 533] [IEEE-BASELINE]
SCORE    : anomaly_score=0.000
DECISION : ALLOW
------------------------------------------------------------
[SEQ 534] [LAYER 2]
CMD      : ;TYPE:WALL-OUTER
TRUST    : acc_cmd=0.000 | acc_exec=0.000 | trust=0.024
DECISION : PAUSE
MACHINE  : Machine-2
------------------------------------------------------------
[SEQ 534] [STATIC-BASELINE]
CMD      : None | effects={}
DECISION : ALLOW
------------------------------------------------------------
[SEQ 534] [IEEE-BASELINE]
SCORE    : anomaly_score=0.000
DECISION : ALLOW
------------------------------------------------------------
[SEQ 535] [LAYER 2]
CMD      : M221 S200
TRUST    : acc_cmd=1.000 | acc_exec=1.000 | trust=0.013
DECISION : PAUSE
MACHINE  : Machine-2
------------------------------------------------------------
[SEQ 535] [STATIC-BASELINE]
CMD      : M221 | effects={'M': 221.0, 'S': 200.0}
DECISION : BLOCK
------------------------------------------------------------
[SEQ 535] [IEEE-BASELINE]
SCORE    : anomaly_score=0.000
DECISION : ALLOW
------------------------------------------------------------
[SEQ 536] [LAYER 2]
CMD      : G92 E1000
TRUST    : acc_cmd=0.000 | acc_exec=1.000 | trust=0.007
DECISION : PAUSE
MACHINE  : Machine-2
------------------------------------------------------------
[SEQ 536] [STATIC-BASELINE]
CMD      : G92 | effects={'reset': {'G': 92.0, 'E': 1000.0}}
DECISION : BLOCK
------------------------------------------------------------
[SEQ 536] [IEEE-BASELINE]
SCORE    : anomaly_score=0.000
DECISION : ALLOW
------------------------------------------------------------
[SEQ 537] [LAYER 2]
CMD      : G1 X164.357 Y119.094 E11.82488
TRUST    : acc_cmd=0.000 | acc_exec=1.000 | trust=0.004
DECISION : PAUSE
MACHINE  : Machine-2
------------------------------------------------------------
[SEQ 537] [STATIC-BASELINE]
CMD      : G1 | effects={'dx': -0.06800000000001205, 'dy': -0.03900000000000148, 'dz': 0.0, 'de': -988.17512, 'xy_dist': 0.07839005038907523, 'params': {'G': 1.0, 'X': 164.357, 'Y': 119.094, 'E': 11.82488}}
DECISION : ALLOW
------------------------------------------------------------
[SEQ 537] [IEEE-BASELINE]
SCORE    : anomaly_score=0.000
DECISION : ALLOW
------------------------------------------------------------
[SEQ 538] [LAYER 2]
CMD      : M92 E2000
TRUST    : acc_cmd=1.000 | acc_exec=1.000 | trust=0.002
DECISION : PAUSE
MACHINE  : Machine-2
------------------------------------------------------------
[SEQ 538] [STATIC-BASELINE]
CMD      : M92 | effects={'M': 92.0, 'E': 2000.0}
DECISION : BLOCK
------------------------------------------------------------
[SEQ 538] [IEEE-BASELINE]
SCORE    : anomaly_score=0.000
DECISION : ALLOW
------------------------------------------------------------
[SEQ 539] [LAYER 2]
CMD      : ;MESH:NONMESH
TRUST    : acc_cmd=0.000 | acc_exec=0.000 | trust=0.010
DECISION : PAUSE
MACHINE  : Machine-2
------------------------------------------------------------
[SEQ 539] [STATIC-BASELINE]
CMD      : None | effects={}
DECISION : ALLOW
------------------------------------------------------------
[SEQ 539] [IEEE-BASELINE]
SCORE    : anomaly_score=0.000
DECISION : ALLOW
------------------------------------------------------------
[SEQ 540] [LAYER 2]
CMD      : G0 F600 X164.425 Y119.133 Z0.8
TRUST    : acc_cmd=0.000 | acc_exec=0.000 | trust=0.053
DECISION : PAUSE
MACHINE  : Machine-2
------------------------------------------------------------
[SEQ 540] [STATIC-BASELINE]
CMD      : G0 | effects={'dx': 0.06800000000001205, 'dy': 0.03900000000000148, 'dz': 0.4, 'de': 0.0, 'xy_dist': 0.07839005038907523, 'params': {'G': 0.0, 'F': 600.0, 'X': 164.425, 'Y': 119.133, 'Z': 0.8}}
DECISION : ALLOW
------------------------------------------------------------
[SEQ 540] [IEEE-BASELINE]
SCORE    : anomaly_score=0.000
DECISION : ALLOW
------------------------------------------------------------
[SEQ 541] [LAYER 2]
CMD      : M92 E2000
TRUST    : acc_cmd=1.000 | acc_exec=1.000 | trust=0.028
DECISION : PAUSE
MACHINE  : Machine-2
------------------------------------------------------------
[SEQ 541] [STATIC-BASELINE]
CMD      : M92 | effects={'M': 92.0, 'E': 2000.0}
DECISION : BLOCK
------------------------------------------------------------
[SEQ 541] [IEEE-BASELINE]
SCORE    : anomaly_score=0.000
DECISION : ALLOW
------------------------------------------------------------
[SEQ 542] [LAYER 2]
CMD      : ;TIME_ELAPSED:26.793130
TRUST    : acc_cmd=0.000 | acc_exec=0.000 | trust=0.051
DECISION : PAUSE
MACHINE  : Machine-2
------------------------------------------------------------
[SEQ 542] [STATIC-BASELINE]
CMD      : None | effects={}
DECISION : ALLOW
------------------------------------------------------------
[SEQ 542] [IEEE-BASELINE]
SCORE    : anomaly_score=0.000
DECISION : ALLOW
------------------------------------------------------------
[SEQ 543] [LAYER 3]
CMD      : G92 E1000
TRUST    : acc_cmd=0.000 | acc_exec=1.000 | trust=0.026
DECISION : PAUSE
MACHINE  : Machine-2
------------------------------------------------------------
[SEQ 543] [STATIC-BASELINE]
CMD      : G92 | effects={'reset': {'G': 92.0, 'E': 1000.0}}
DECISION : BLOCK
------------------------------------------------------------
[SEQ 543] [IEEE-BASELINE]
SCORE    : anomaly_score=0.000
DECISION : ALLOW
------------------------------------------------------------
[SEQ 544] [LAYER 3]
CMD      : M92 E2000
TRUST    : acc_cmd=1.000 | acc_exec=1.000 | trust=0.012
DECISION : PAUSE
MACHINE  : Machine-2
------------------------------------------------------------
[SEQ 544] [STATIC-BASELINE]
CMD      : M92 | effects={'M': 92.0, 'E': 2000.0}
DECISION : BLOCK
------------------------------------------------------------
[SEQ 544] [IEEE-BASELINE]
SCORE    : anomaly_score=0.000
DECISION : ALLOW
------------------------------------------------------------
[SEQ 545] [LAYER 3]
CMD      : M104 S210
TRUST    : acc_cmd=0.000 | acc_exec=0.000 | trust=0.024
DECISION : PAUSE
MACHINE  : Machine-2
------------------------------------------------------------
[SEQ 545] [STATIC-BASELINE]
CMD      : M104 | effects={'M': 104.0, 'S': 210.0, 'prev_temp': 0.0}
DECISION : ALLOW
------------------------------------------------------------
[SEQ 545] [IEEE-BASELINE]
SCORE    : anomaly_score=0.000
DECISION : ALLOW
------------------------------------------------------------
[SEQ 546] [LAYER 3]
CMD      : ;TYPE:WALL-OUTER
TRUST    : acc_cmd=0.000 | acc_exec=0.000 | trust=0.085
DECISION : PAUSE
MACHINE  : Machine-2
------------------------------------------------------------
[SEQ 546] [STATIC-BASELINE]
CMD      : None | effects={}
DECISION : ALLOW
------------------------------------------------------------
[SEQ 546] [IEEE-BASELINE]
SCORE    : anomaly_score=0.000
DECISION : ALLOW
------------------------------------------------------------
[SEQ 547] [LAYER 3]
CMD      : M92 E2000
TRUST    : acc_cmd=1.000 | acc_exec=1.000 | trust=0.042
DECISION : PAUSE
MACHINE  : Machine-2
------------------------------------------------------------
[SEQ 547] [STATIC-BASELINE]
CMD      : M92 | effects={'M': 92.0, 'E': 2000.0}
DECISION : BLOCK
------------------------------------------------------------
[SEQ 547] [IEEE-BASELINE]
SCORE    : anomaly_score=0.000
DECISION : ALLOW
------------------------------------------------------------
[SEQ 548] [LAYER 3]
CMD      : G92 E1000
TRUST    : acc_cmd=0.000 | acc_exec=1.000 | trust=0.019
DECISION : PAUSE
MACHINE  : Machine-2
------------------------------------------------------------
[SEQ 548] [STATIC-BASELINE]
CMD      : G92 | effects={'reset': {'G': 92.0, 'E': 1000.0}}
DECISION : BLOCK
------------------------------------------------------------
[SEQ 548] [IEEE-BASELINE]
SCORE    : anomaly_score=0.000
DECISION : ALLOW
------------------------------------------------------------
[SEQ 549] [LAYER 3]
CMD      : G1 X165.41 Y119.972 E11.82631
TRUST    : acc_cmd=0.000 | acc_exec=1.000 | trust=0.009
DECISION : PAUSE
MACHINE  : Machine-2
------------------------------------------------------------
[SEQ 549] [STATIC-BASELINE]
CMD      : G1 | effects={'dx': 0.9849999999999852, 'dy': 0.8389999999999986, 'dz': 0.0, 'de': -988.17369, 'xy_dist': 1.2938879395063425, 'params': {'G': 1.0, 'X': 165.41, 'Y': 119.972, 'E': 11.82631}}
DECISION : ALLOW
------------------------------------------------------------
[SEQ 549] [IEEE-BASELINE]
SCORE    : anomaly_score=0.000
DECISION : ALLOW
------------------------------------------------------------
[SEQ 550] [LAYER 3]
CMD      : G1 X165.448 Y119.994 E11.82659
TRUST    : acc_cmd=0.000 | acc_exec=0.000 | trust=0.017
DECISION : PAUSE
MACHINE  : Machine-2
------------------------------------------------------------
[SEQ 550] [STATIC-BASELINE]
CMD      : G1 | effects={'dx': 0.038000000000010914, 'dy': 0.02200000000000557, 'dz': 0.0, 'de': 0.000280000000000058, 'xy_dist': 0.043908996800212534, 'params': {'G': 1.0, 'X': 165.448, 'Y': 119.994, 'E': 11.82659}}
DECISION : ALLOW
------------------------------------------------------------
[SEQ 550] [IEEE-BASELINE]
SCORE    : anomaly_score=0.000
DECISION : ALLOW
------------------------------------------------------------
[SEQ 551] [LAYER 3]
CMD      : M221 S200
TRUST    : acc_cmd=1.000 | acc_exec=1.000 | trust=0.010
DECISION : PAUSE
MACHINE  : Machine-2
------------------------------------------------------------
[SEQ 551] [STATIC-BASELINE]
CMD      : M221 | effects={'M': 221.0, 'S': 200.0}
DECISION : BLOCK
------------------------------------------------------------
[SEQ 551] [IEEE-BASELINE]
SCORE    : anomaly_score=0.000
DECISION : ALLOW
------------------------------------------------------------
[SEQ 552] [LAYER 3]
CMD      : ;MESH:NONMESH
TRUST    : acc_cmd=0.000 | acc_exec=0.000 | trust=0.029
DECISION : PAUSE
MACHINE  : Machine-2
------------------------------------------------------------
[SEQ 552] [STATIC-BASELINE]
CMD      : None | effects={}
DECISION : ALLOW
------------------------------------------------------------
[SEQ 552] [IEEE-BASELINE]
SCORE    : anomaly_score=0.000
DECISION : ALLOW
------------------------------------------------------------
[SEQ 553] [LAYER 3]
CMD      : M221 S200
TRUST    : acc_cmd=1.000 | acc_exec=1.000 | trust=0.016
DECISION : PAUSE
MACHINE  : Machine-2
------------------------------------------------------------
[SEQ 553] [STATIC-BASELINE]
CMD      : M221 | effects={'M': 221.0, 'S': 200.0}
DECISION : BLOCK
------------------------------------------------------------
[SEQ 553] [IEEE-BASELINE]
SCORE    : anomaly_score=0.000
DECISION : ALLOW
------------------------------------------------------------
[SEQ 554] [LAYER 3]
CMD      : G0 F7200 X0.00 Y0.00
TRUST    : acc_cmd=0.000 | acc_exec=0.000 | trust=0.038
DECISION : PAUSE
MACHINE  : Machine-2
------------------------------------------------------------
[SEQ 554] [STATIC-BASELINE]
CMD      : G0 | effects={'dx': -165.448, 'dy': -119.994, 'dz': 0.0, 'de': 0.0, 'xy_dist': 204.38101854135084, 'params': {'G': 0.0, 'F': 7200.0, 'X': 0.0, 'Y': 0.0}}
DECISION : ALLOW
------------------------------------------------------------
[SEQ 554] [IEEE-BASELINE]
SCORE    : anomaly_score=0.000
DECISION : ALLOW
------------------------------------------------------------
[SEQ 555] [LAYER 3]
CMD      : ;TIME_ELAPSED:28.872466
TRUST    : acc_cmd=0.000 | acc_exec=0.000 | trust=0.118
DECISION : PAUSE
MACHINE  : Machine-2
------------------------------------------------------------
[SEQ 555] [STATIC-BASELINE]
CMD      : None | effects={}
DECISION : ALLOW
------------------------------------------------------------
[SEQ 555] [IEEE-BASELINE]
SCORE    : anomaly_score=0.000
DECISION : ALLOW
------------------------------------------------------------
[SEQ 556] [LAYER 4]
CMD      : M92 E2000
TRUST    : acc_cmd=1.000 | acc_exec=1.000 | trust=0.058
DECISION : PAUSE
MACHINE  : Machine-2
------------------------------------------------------------
[SEQ 556] [STATIC-BASELINE]
CMD      : M92 | effects={'M': 92.0, 'E': 2000.0}
DECISION : BLOCK
------------------------------------------------------------
[SEQ 556] [IEEE-BASELINE]
SCORE    : anomaly_score=0.000
DECISION : ALLOW
------------------------------------------------------------
[SEQ 557] [LAYER 4]
CMD      : M104 S0
TRUST    : acc_cmd=0.000 | acc_exec=0.000 | trust=0.076
DECISION : PAUSE
MACHINE  : Machine-2
------------------------------------------------------------
[SEQ 557] [STATIC-BASELINE]
CMD      : M104 | effects={'M': 104.0, 'S': 0.0, 'prev_temp': 210.0}
DECISION : ALLOW
------------------------------------------------------------
[SEQ 557] [IEEE-BASELINE]
SCORE    : anomaly_score=0.000
DECISION : ALLOW
------------------------------------------------------------
[SEQ 558] [LAYER 4]
CMD      : G92 E1000
TRUST    : acc_cmd=0.000 | acc_exec=1.000 | trust=0.037
DECISION : PAUSE
MACHINE  : Machine-2
------------------------------------------------------------
[SEQ 558] [STATIC-BASELINE]
CMD      : G92 | effects={'reset': {'G': 92.0, 'E': 1000.0}}
DECISION : BLOCK
------------------------------------------------------------
[SEQ 558] [IEEE-BASELINE]
SCORE    : anomaly_score=0.000
DECISION : ALLOW
------------------------------------------------------------
[SEQ 559] [LAYER 4]
CMD      : G92 E1000
TRUST    : acc_cmd=0.000 | acc_exec=1.000 | trust=0.017
DECISION : PAUSE
MACHINE  : Machine-2
------------------------------------------------------------
[SEQ 559] [STATIC-BASELINE]
CMD      : G92 | effects={'reset': {'G': 92.0, 'E': 1000.0}}
DECISION : BLOCK
------------------------------------------------------------
[SEQ 559] [IEEE-BASELINE]
SCORE    : anomaly_score=0.000
DECISION : ALLOW
------------------------------------------------------------
[SEQ 560] [LAYER 4]
CMD      : G92 E1000
TRUST    : acc_cmd=0.000 | acc_exec=1.000 | trust=0.008
DECISION : PAUSE
MACHINE  : Machine-2
------------------------------------------------------------
[SEQ 560] [STATIC-BASELINE]
CMD      : G92 | effects={'reset': {'G': 92.0, 'E': 1000.0}}
DECISION : BLOCK
------------------------------------------------------------
[SEQ 560] [IEEE-BASELINE]
SCORE    : anomaly_score=0.000
DECISION : ALLOW
------------------------------------------------------------
[SEQ 561] [LAYER 4]
CMD      : ;TIME_ELAPSED:30.666043
TRUST    : acc_cmd=0.000 | acc_exec=0.000 | trust=0.016
DECISION : PAUSE
MACHINE  : Machine-2
------------------------------------------------------------
[SEQ 561] [STATIC-BASELINE]
CMD      : None | effects={}
DECISION : ALLOW
------------------------------------------------------------
[SEQ 561] [IEEE-BASELINE]
SCORE    : anomaly_score=0.000
DECISION : ALLOW
------------------------------------------------------------
[SEQ 562] [LAYER 5]
CMD      : ;LAYER:5
TRUST    : acc_cmd=0.000 | acc_exec=0.000 | trust=0.066
DECISION : PAUSE
MACHINE  : Machine-2
------------------------------------------------------------
[SEQ 562] [STATIC-BASELINE]
CMD      : None | effects={}
DECISION : ALLOW
------------------------------------------------------------
[SEQ 562] [IEEE-BASELINE]
SCORE    : anomaly_score=0.000
DECISION : ALLOW
------------------------------------------------------------
[SEQ 563] [LAYER 5]
CMD      : ;note -- min layer time used
TRUST    : acc_cmd=0.000 | acc_exec=0.000 | trust=0.177
DECISION : PAUSE
MACHINE  : Machine-2
------------------------------------------------------------
[SEQ 563] [STATIC-BASELINE]
CMD      : None | effects={}
DECISION : ALLOW
------------------------------------------------------------
[SEQ 563] [IEEE-BASELINE]
SCORE    : anomaly_score=0.000
DECISION : ALLOW
------------------------------------------------------------
[SEQ 564] [LAYER 5]
CMD      : ;TYPE:WALL-OUTER
TRUST    : acc_cmd=0.000 | acc_exec=0.000 | trust=0.332
DECISION : PAUSE
MACHINE  : Machine-2
------------------------------------------------------------
[SEQ 564] [STATIC-BASELINE]
CMD      : None | effects={}
DECISION : ALLOW
------------------------------------------------------------
[SEQ 564] [IEEE-BASELINE]
SCORE    : anomaly_score=0.000
DECISION : ALLOW
------------------------------------------------------------
[SEQ 565] [LAYER 5]
CMD      : G92 E1000
TRUST    : acc_cmd=0.000 | acc_exec=1.000 | trust=0.151
DECISION : PAUSE
MACHINE  : Machine-2
------------------------------------------------------------
[SEQ 565] [STATIC-BASELINE]
CMD      : G92 | effects={'reset': {'G': 92.0, 'E': 1000.0}}
DECISION : BLOCK
------------------------------------------------------------
[SEQ 565] [IEEE-BASELINE]
SCORE    : anomaly_score=0.000
DECISION : ALLOW
------------------------------------------------------------
[SEQ 566] [LAYER 5]
CMD      : M221 S200
TRUST    : acc_cmd=1.000 | acc_exec=1.000 | trust=0.064
DECISION : PAUSE
MACHINE  : Machine-2
------------------------------------------------------------
[SEQ 566] [STATIC-BASELINE]
CMD      : M221 | effects={'M': 221.0, 'S': 200.0}
DECISION : BLOCK
------------------------------------------------------------
[SEQ 566] [IEEE-BASELINE]
SCORE    : anomaly_score=0.000
DECISION : ALLOW
------------------------------------------------------------
[SEQ 567] [LAYER 5]
CMD      : M92 E2000
TRUST    : acc_cmd=1.000 | acc_exec=1.000 | trust=0.027
DECISION : PAUSE
MACHINE  : Machine-2
------------------------------------------------------------
[SEQ 567] [STATIC-BASELINE]
CMD      : M92 | effects={'M': 92.0, 'E': 2000.0}
DECISION : BLOCK
------------------------------------------------------------
[SEQ 567] [IEEE-BASELINE]
SCORE    : anomaly_score=0.000
DECISION : ALLOW
------------------------------------------------------------
[SEQ 568] [LAYER 5]
CMD      : G1 X164.398 Y119.246 E11.82713
TRUST    : acc_cmd=1.000 | acc_exec=1.000 | trust=0.012
DECISION : PAUSE
MACHINE  : Machine-2
------------------------------------------------------------
[SEQ 568] [STATIC-BASELINE]
CMD      : G1 | effects={'dx': 164.398, 'dy': 119.246, 'dz': 0.0, 'de': -988.17287, 'xy_dist': 203.0918780256857, 'params': {'G': 1.0, 'X': 164.398, 'Y': 119.246, 'E': 11.82713}}
DECISION : ALLOW
------------------------------------------------------------
[SEQ 568] [IEEE-BASELINE]
SCORE    : anomaly_score=0.000
DECISION : ALLOW
------------------------------------------------------------
[SEQ 569] [LAYER 5]
CMD      : M92 E2000
TRUST    : acc_cmd=1.000 | acc_exec=1.000 | trust=0.005
DECISION : PAUSE
MACHINE  : Machine-2
------------------------------------------------------------
[SEQ 569] [STATIC-BASELINE]
CMD      : M92 | effects={'M': 92.0, 'E': 2000.0}
DECISION : BLOCK
------------------------------------------------------------
[SEQ 569] [IEEE-BASELINE]
SCORE    : anomaly_score=0.000
DECISION : ALLOW
------------------------------------------------------------
[SEQ 570] [LAYER 5]
CMD      : G92 E1000
TRUST    : acc_cmd=0.000 | acc_exec=1.000 | trust=0.003
DECISION : PAUSE
MACHINE  : Machine-2
------------------------------------------------------------
[SEQ 570] [STATIC-BASELINE]
CMD      : G92 | effects={'reset': {'G': 92.0, 'E': 1000.0}}
DECISION : BLOCK
------------------------------------------------------------
[SEQ 570] [IEEE-BASELINE]
SCORE    : anomaly_score=0.000
DECISION : ALLOW
------------------------------------------------------------
[SEQ 571] [LAYER 5]
CMD      : G0 F600 X164.436 Y119.268 Z1.4
TRUST    : acc_cmd=0.000 | acc_exec=0.000 | trust=0.009
DECISION : PAUSE
MACHINE  : Machine-2
------------------------------------------------------------
[SEQ 571] [STATIC-BASELINE]
CMD      : G0 | effects={'dx': 0.038000000000010914, 'dy': 0.02200000000000557, 'dz': 0.5999999999999999, 'de': 0.0, 'xy_dist': 0.043908996800212534, 'params': {'G': 0.0, 'F': 600.0, 'X': 164.436, 'Y': 119.268, 'Z': 1.4}}
DECISION : ALLOW
------------------------------------------------------------
[SEQ 571] [IEEE-BASELINE]
SCORE    : anomaly_score=0.000
DECISION : ALLOW
------------------------------------------------------------
[SEQ 572] [LAYER 5]
CMD      : G92 E1000
TRUST    : acc_cmd=0.000 | acc_exec=1.000 | trust=0.006
DECISION : PAUSE
MACHINE  : Machine-2
------------------------------------------------------------
[SEQ 572] [STATIC-BASELINE]
CMD      : G92 | effects={'reset': {'G': 92.0, 'E': 1000.0}}
DECISION : BLOCK
------------------------------------------------------------
[SEQ 572] [IEEE-BASELINE]
SCORE    : anomaly_score=0.000
DECISION : ALLOW
------------------------------------------------------------
[SEQ 573] [LAYER 5]
CMD      : ;TIME_ELAPSED:31.027969
TRUST    : acc_cmd=0.000 | acc_exec=0.000 | trust=0.023
DECISION : PAUSE
MACHINE  : Machine-2
------------------------------------------------------------
[SEQ 573] [STATIC-BASELINE]
CMD      : None | effects={}
DECISION : ALLOW
------------------------------------------------------------
[SEQ 573] [IEEE-BASELINE]
SCORE    : anomaly_score=0.000
DECISION : ALLOW
------------------------------------------------------------
[SEQ 574] [LAYER 6]
CMD      : ;LAYER:6
TRUST    : acc_cmd=0.000 | acc_exec=0.000 | trust=0.090
DECISION : PAUSE
MACHINE  : Machine-2
------------------------------------------------------------
[SEQ 574] [STATIC-BASELINE]
CMD      : None | effects={}
DECISION : ALLOW
------------------------------------------------------------
[SEQ 574] [IEEE-BASELINE]
SCORE    : anomaly_score=0.000
DECISION : ALLOW
------------------------------------------------------------
[SEQ 575] [LAYER 6]
CMD      : M221 S200
TRUST    : acc_cmd=1.000 | acc_exec=1.000 | trust=0.045
DECISION : PAUSE
MACHINE  : Machine-2
------------------------------------------------------------
[SEQ 575] [STATIC-BASELINE]
CMD      : M221 | effects={'M': 221.0, 'S': 200.0}
DECISION : BLOCK
------------------------------------------------------------
[SEQ 575] [IEEE-BASELINE]
SCORE    : anomaly_score=0.000
DECISION : ALLOW
------------------------------------------------------------
[SEQ 576] [LAYER 6]
CMD      : M92 E2000
TRUST    : acc_cmd=1.000 | acc_exec=1.000 | trust=0.020
DECISION : PAUSE
MACHINE  : Machine-2
------------------------------------------------------------
[SEQ 576] [STATIC-BASELINE]
CMD      : M92 | effects={'M': 92.0, 'E': 2000.0}
DECISION : BLOCK
------------------------------------------------------------
[SEQ 576] [IEEE-BASELINE]
SCORE    : anomaly_score=0.000
DECISION : ALLOW
------------------------------------------------------------
[SEQ 577] [LAYER 6]
CMD      : M92 E2000
TRUST    : acc_cmd=1.000 | acc_exec=1.000 | trust=0.009
DECISION : PAUSE
MACHINE  : Machine-2
------------------------------------------------------------
[SEQ 577] [STATIC-BASELINE]
CMD      : M92 | effects={'M': 92.0, 'E': 2000.0}
DECISION : BLOCK
------------------------------------------------------------
[SEQ 577] [IEEE-BASELINE]
SCORE    : anomaly_score=0.000
DECISION : ALLOW
------------------------------------------------------------
[SEQ 578] [LAYER 6]
CMD      : G92 E1000
TRUST    : acc_cmd=0.000 | acc_exec=1.000 | trust=0.004
DECISION : PAUSE
MACHINE  : Machine-2
------------------------------------------------------------
[SEQ 578] [STATIC-BASELINE]
CMD      : G92 | effects={'reset': {'G': 92.0, 'E': 1000.0}}
DECISION : BLOCK
------------------------------------------------------------
[SEQ 578] [IEEE-BASELINE]
SCORE    : anomaly_score=0.000
DECISION : ALLOW
------------------------------------------------------------
[SEQ 579] [LAYER 6]
CMD      : G1 X164.196 Y118.865 E11.82819
TRUST    : acc_cmd=0.000 | acc_exec=1.000 | trust=0.002
DECISION : PAUSE
MACHINE  : Machine-2
------------------------------------------------------------
[SEQ 579] [STATIC-BASELINE]
CMD      : G1 | effects={'dx': -0.2400000000000091, 'dy': -0.4030000000000058, 'dz': 0.0, 'de': -988.17181, 'xy_dist': 0.46905116991646983, 'params': {'G': 1.0, 'X': 164.196, 'Y': 118.865, 'E': 11.82819}}
DECISION : ALLOW
------------------------------------------------------------
[SEQ 579] [IEEE-BASELINE]
SCORE    : anomaly_score=0.000
DECISION : ALLOW
------------------------------------------------------------
[SEQ 580] [LAYER 6]
CMD      : M221 S200
TRUST    : acc_cmd=1.000 | acc_exec=1.000 | trust=0.001
DECISION : PAUSE
MACHINE  : Machine-2
------------------------------------------------------------
[SEQ 580] [STATIC-BASELINE]
CMD      : M221 | effects={'M': 221.0, 'S': 200.0}
DECISION : BLOCK
------------------------------------------------------------
[SEQ 580] [IEEE-BASELINE]
SCORE    : anomaly_score=0.000
DECISION : ALLOW
------------------------------------------------------------
[SEQ 581] [LAYER 6]
CMD      : ;MESH:NONMESH
TRUST    : acc_cmd=0.000 | acc_exec=0.000 | trust=0.008
DECISION : PAUSE
MACHINE  : Machine-2
------------------------------------------------------------
[SEQ 581] [STATIC-BASELINE]
CMD      : None | effects={}
DECISION : ALLOW
------------------------------------------------------------
[SEQ 581] [IEEE-BASELINE]
SCORE    : anomaly_score=0.000
DECISION : ALLOW
------------------------------------------------------------
[SEQ 582] [LAYER 6]
CMD      : G0 F600 X164.241 Y118.891 Z1.6
TRUST    : acc_cmd=0.000 | acc_exec=0.000 | trust=0.048
DECISION : PAUSE
MACHINE  : Machine-2
------------------------------------------------------------
[SEQ 582] [STATIC-BASELINE]
CMD      : G0 | effects={'dx': 0.045000000000015916, 'dy': 0.02600000000001046, 'dz': 0.20000000000000018, 'de': 0.0, 'xy_dist': 0.05197114584076414, 'params': {'G': 0.0, 'F': 600.0, 'X': 164.241, 'Y': 118.891, 'Z': 1.6}}
DECISION : ALLOW
------------------------------------------------------------
[SEQ 582] [IEEE-BASELINE]
SCORE    : anomaly_score=0.000
DECISION : ALLOW
------------------------------------------------------------
[SEQ 583] [LAYER 6]
CMD      : M92 E2000
TRUST    : acc_cmd=1.000 | acc_exec=1.000 | trust=0.025
DECISION : PAUSE
MACHINE  : Machine-2
------------------------------------------------------------
[SEQ 583] [STATIC-BASELINE]
CMD      : M92 | effects={'M': 92.0, 'E': 2000.0}
DECISION : BLOCK
------------------------------------------------------------
[SEQ 583] [IEEE-BASELINE]
SCORE    : anomaly_score=0.000
DECISION : ALLOW
------------------------------------------------------------
[SEQ 584] [LAYER 6]
CMD      : M221 S200
TRUST    : acc_cmd=1.000 | acc_exec=1.000 | trust=0.012
DECISION : PAUSE
MACHINE  : Machine-2
------------------------------------------------------------
[SEQ 584] [STATIC-BASELINE]
CMD      : M221 | effects={'M': 221.0, 'S': 200.0}
DECISION : BLOCK
------------------------------------------------------------
[SEQ 584] [IEEE-BASELINE]
SCORE    : anomaly_score=0.000
DECISION : ALLOW
------------------------------------------------------------
[SEQ 585] [LAYER 7]
CMD      : ;LAYER:7
TRUST    : acc_cmd=0.000 | acc_exec=0.000 | trust=0.024
DECISION : PAUSE
MACHINE  : Machine-2
------------------------------------------------------------
[SEQ 585] [STATIC-BASELINE]
CMD      : None | effects={}
DECISION : ALLOW
------------------------------------------------------------
[SEQ 585] [IEEE-BASELINE]
SCORE    : anomaly_score=0.000
DECISION : ALLOW
------------------------------------------------------------
[SEQ 586] [LAYER 7]
CMD      : ;note -- min layer time used
TRUST    : acc_cmd=0.000 | acc_exec=0.000 | trust=0.086
DECISION : PAUSE
MACHINE  : Machine-2
------------------------------------------------------------
[SEQ 586] [STATIC-BASELINE]
CMD      : None | effects={}
DECISION : ALLOW
------------------------------------------------------------
[SEQ 586] [IEEE-BASELINE]
SCORE    : anomaly_score=0.000
DECISION : ALLOW
------------------------------------------------------------
[SEQ 587] [LAYER 7]
CMD      : G92 E1000
TRUST    : acc_cmd=0.000 | acc_exec=1.000 | trust=0.043
DECISION : PAUSE
MACHINE  : Machine-2
------------------------------------------------------------
[SEQ 587] [STATIC-BASELINE]
CMD      : G92 | effects={'reset': {'G': 92.0, 'E': 1000.0}}
DECISION : BLOCK
------------------------------------------------------------
[SEQ 587] [IEEE-BASELINE]
SCORE    : anomaly_score=0.000
DECISION : ALLOW
------------------------------------------------------------
[SEQ 588] [LAYER 7]
CMD      : M221 S200
TRUST    : acc_cmd=1.000 | acc_exec=1.000 | trust=0.020
DECISION : PAUSE
MACHINE  : Machine-2
------------------------------------------------------------
[SEQ 588] [STATIC-BASELINE]
CMD      : M221 | effects={'M': 221.0, 'S': 200.0}
DECISION : BLOCK
------------------------------------------------------------
[SEQ 588] [IEEE-BASELINE]
SCORE    : anomaly_score=0.000
DECISION : ALLOW
------------------------------------------------------------
[SEQ 589] [LAYER 7]
CMD      : ;MESH:references\stl\flatplate.stl
TRUST    : acc_cmd=0.000 | acc_exec=0.000 | trust=0.029
DECISION : PAUSE
MACHINE  : Machine-2
------------------------------------------------------------
[SEQ 589] [STATIC-BASELINE]
CMD      : None | effects={}
DECISION : ALLOW
------------------------------------------------------------
[SEQ 589] [IEEE-BASELINE]
SCORE    : anomaly_score=0.000
DECISION : ALLOW
------------------------------------------------------------
[SEQ 590] [LAYER 7]
CMD      : G1 F670.4 X164.335 Y119.153 E11.82944
TRUST    : acc_cmd=0.000 | acc_exec=1.000 | trust=0.016
DECISION : PAUSE
MACHINE  : Machine-2
------------------------------------------------------------
[SEQ 590] [STATIC-BASELINE]
CMD      : G1 | effects={'dx': 0.09399999999999409, 'dy': 0.26200000000000045, 'dz': 0.0, 'de': -988.17056, 'xy_dist': 0.2783522947633073, 'params': {'G': 1.0, 'F': 670.4, 'X': 164.335, 'Y': 119.153, 'E': 11.82944}}
DECISION : ALLOW
------------------------------------------------------------
[SEQ 590] [IEEE-BASELINE]
SCORE    : anomaly_score=0.000
DECISION : ALLOW
------------------------------------------------------------
[SEQ 591] [LAYER 7]
CMD      : M92 E2000
TRUST    : acc_cmd=1.000 | acc_exec=1.000 | trust=0.008
DECISION : PAUSE
MACHINE  : Machine-2
------------------------------------------------------------
[SEQ 591] [STATIC-BASELINE]
CMD      : M92 | effects={'M': 92.0, 'E': 2000.0}
DECISION : BLOCK
------------------------------------------------------------
[SEQ 591] [IEEE-BASELINE]
SCORE    : anomaly_score=0.000
DECISION : ALLOW
------------------------------------------------------------
[SEQ 592] [LAYER 7]
CMD      : M221 S200
TRUST    : acc_cmd=1.000 | acc_exec=1.000 | trust=0.004
DECISION : PAUSE
MACHINE  : Machine-2
------------------------------------------------------------
[SEQ 592] [STATIC-BASELINE]
CMD      : M221 | effects={'M': 221.0, 'S': 200.0}
DECISION : BLOCK
------------------------------------------------------------
[SEQ 592] [IEEE-BASELINE]
SCORE    : anomaly_score=0.000
DECISION : ALLOW
------------------------------------------------------------
[SEQ 593] [LAYER 7]
CMD      : M92 E2000
TRUST    : acc_cmd=1.000 | acc_exec=1.000 | trust=0.002
DECISION : PAUSE
MACHINE  : Machine-2
------------------------------------------------------------
[SEQ 593] [STATIC-BASELINE]
CMD      : M92 | effects={'M': 92.0, 'E': 2000.0}
DECISION : BLOCK
------------------------------------------------------------
[SEQ 593] [IEEE-BASELINE]
SCORE    : anomaly_score=0.000
DECISION : ALLOW
------------------------------------------------------------
[SEQ 594] [LAYER 7]
CMD      : ;MESH:NONMESH
TRUST    : acc_cmd=0.000 | acc_exec=0.000 | trust=0.010
DECISION : PAUSE
MACHINE  : Machine-2
------------------------------------------------------------
[SEQ 594] [STATIC-BASELINE]
CMD      : None | effects={}
DECISION : ALLOW
------------------------------------------------------------
[SEQ 594] [IEEE-BASELINE]
SCORE    : anomaly_score=0.000
DECISION : ALLOW
------------------------------------------------------------
[SEQ 595] [LAYER 7]
CMD      : G92 E1000
TRUST    : acc_cmd=0.000 | acc_exec=1.000 | trust=0.006
DECISION : PAUSE
MACHINE  : Machine-2
------------------------------------------------------------
[SEQ 595] [STATIC-BASELINE]
CMD      : G92 | effects={'reset': {'G': 92.0, 'E': 1000.0}}
DECISION : BLOCK
------------------------------------------------------------
[SEQ 595] [IEEE-BASELINE]
SCORE    : anomaly_score=0.000
DECISION : ALLOW
------------------------------------------------------------
[SEQ 596] [LAYER 7]
CMD      : G0 F7200 X163.637 Y118.506
TRUST    : acc_cmd=0.000 | acc_exec=0.000 | trust=0.025
DECISION : PAUSE
MACHINE  : Machine-2
------------------------------------------------------------
[SEQ 596] [STATIC-BASELINE]
CMD      : G0 | effects={'dx': -0.6980000000000075, 'dy': -0.6470000000000056, 'dz': 0.0, 'de': 0.0, 'xy_dist': 0.9517420869122147, 'params': {'G': 0.0, 'F': 7200.0, 'X': 163.637, 'Y': 118.506}}
DECISION : ALLOW
------------------------------------------------------------
[SEQ 596] [IEEE-BASELINE]
SCORE    : anomaly_score=0.000
DECISION : ALLOW
------------------------------------------------------------
[SEQ 597] [LAYER 7]
CMD      : M92 E2000
TRUST    : acc_cmd=1.000 | acc_exec=1.000 | trust=0.014
DECISION : PAUSE
MACHINE  : Machine-2
------------------------------------------------------------
[SEQ 597] [STATIC-BASELINE]
CMD      : M92 | effects={'M': 92.0, 'E': 2000.0}
DECISION : BLOCK
------------------------------------------------------------
[SEQ 597] [IEEE-BASELINE]
SCORE    : anomaly_score=0.000
DECISION : ALLOW
------------------------------------------------------------
[SEQ 598] [LAYER 7]
CMD      : ;TIME_ELAPSED:33.197905
TRUST    : acc_cmd=0.000 | acc_exec=0.000 | trust=0.036
DECISION : PAUSE
MACHINE  : Machine-2
------------------------------------------------------------
[SEQ 598] [STATIC-BASELINE]
CMD      : None | effects={}
DECISION : ALLOW
------------------------------------------------------------
[SEQ 598] [IEEE-BASELINE]
SCORE    : anomaly_score=0.000
DECISION : ALLOW
------------------------------------------------------------
[SEQ 599] [LAYER 8]
CMD      : M92 E2000
TRUST    : acc_cmd=1.000 | acc_exec=1.000 | trust=0.019
DECISION : PAUSE
MACHINE  : Machine-2
------------------------------------------------------------
[SEQ 599] [STATIC-BASELINE]
CMD      : M92 | effects={'M': 92.0, 'E': 2000.0}
DECISION : BLOCK
------------------------------------------------------------
[SEQ 599] [IEEE-BASELINE]
SCORE    : anomaly_score=0.000
DECISION : ALLOW
------------------------------------------------------------
[SEQ 600] [LAYER 8]
CMD      : G92 E1000
TRUST    : acc_cmd=0.000 | acc_exec=1.000 | trust=0.009
DECISION : PAUSE
MACHINE  : Machine-2
------------------------------------------------------------
[SEQ 600] [STATIC-BASELINE]
CMD      : G92 | effects={'reset': {'G': 92.0, 'E': 1000.0}}
DECISION : BLOCK
------------------------------------------------------------
[SEQ 600] [IEEE-BASELINE]
SCORE    : anomaly_score=0.000
DECISION : ALLOW
------------------------------------------------------------
[SEQ 601] [LAYER 8]
CMD      : M221 S200
TRUST    : acc_cmd=1.000 | acc_exec=1.000 | trust=0.005
DECISION : PAUSE
MACHINE  : Machine-2
------------------------------------------------------------
[SEQ 601] [STATIC-BASELINE]
CMD      : M221 | effects={'M': 221.0, 'S': 200.0}
DECISION : BLOCK
------------------------------------------------------------
[SEQ 601] [IEEE-BASELINE]
SCORE    : anomaly_score=0.000
DECISION : ALLOW
------------------------------------------------------------
[SEQ 602] [LAYER 8]
CMD      : M107
TRUST    : acc_cmd=0.000 | acc_exec=0.000 | trust=0.014
DECISION : PAUSE
MACHINE  : Machine-2
------------------------------------------------------------
[SEQ 602] [STATIC-BASELINE]
CMD      : M107 | effects={'M': 107.0}
DECISION : ALLOW
------------------------------------------------------------
[SEQ 602] [IEEE-BASELINE]
SCORE    : anomaly_score=0.000
DECISION : ALLOW
------------------------------------------------------------
[SEQ 603] [LAYER 8]
CMD      : 
TRUST    : acc_cmd=0.000 | acc_exec=0.000 | trust=0.063
DECISION : PAUSE
MACHINE  : Machine-2
------------------------------------------------------------
[SEQ 603] [STATIC-BASELINE]
CMD      : None | effects={}
DECISION : ALLOW
------------------------------------------------------------
[SEQ 603] [IEEE-BASELINE]
SCORE    : anomaly_score=0.000
DECISION : ALLOW
------------------------------------------------------------
[SEQ 604] [LAYER 8]
CMD      : M82 ;absolute extrusion mode
TRUST    : acc_cmd=0.000 | acc_exec=0.000 | trust=0.172
DECISION : PAUSE
MACHINE  : Machine-2
------------------------------------------------------------
[SEQ 604] [STATIC-BASELINE]
CMD      : M82 | effects={'e_mode': 'absolute'}
DECISION : ALLOW
------------------------------------------------------------
[SEQ 604] [IEEE-BASELINE]
SCORE    : anomaly_score=0.000
DECISION : ALLOW
------------------------------------------------------------
[SEQ 605] [LAYER 8]
CMD      : M104 S0
TRUST    : acc_cmd=0.000 | acc_exec=0.000 | trust=0.326
DECISION : PAUSE
MACHINE  : Machine-2
------------------------------------------------------------
[SEQ 605] [STATIC-BASELINE]
CMD      : M104 | effects={'M': 104.0, 'S': 0.0, 'prev_temp': 0.0}
DECISION : ALLOW
------------------------------------------------------------
[SEQ 605] [IEEE-BASELINE]
SCORE    : anomaly_score=0.000
DECISION : ALLOW
------------------------------------------------------------
[SEQ 606] [LAYER 8]
CMD      : M221 S200
TRUST    : acc_cmd=1.000 | acc_exec=1.000 | trust=0.148
DECISION : PAUSE
MACHINE  : Machine-2
------------------------------------------------------------
[SEQ 606] [STATIC-BASELINE]
CMD      : M221 | effects={'M': 221.0, 'S': 200.0}
DECISION : BLOCK
------------------------------------------------------------
[SEQ 606] [IEEE-BASELINE]
SCORE    : anomaly_score=0.000
DECISION : ALLOW
------------------------------------------------------------
[SEQ 607] [LAYER 8]
CMD      : M221 S200
TRUST    : acc_cmd=1.000 | acc_exec=1.000 | trust=0.063
DECISION : PAUSE
MACHINE  : Machine-2
------------------------------------------------------------
[SEQ 607] [STATIC-BASELINE]
CMD      : M221 | effects={'M': 221.0, 'S': 200.0}
DECISION : BLOCK
------------------------------------------------------------
[SEQ 607] [IEEE-BASELINE]
SCORE    : anomaly_score=0.000
DECISION : ALLOW
------------------------------------------------------------

============================================================
DT-2 FINISHED
FINAL TRUST: 0.063
END TIME  : 2026-04-16 21:17:56.700218
============================================================
