seq,acc_cmd,acc_exec,trust,decision
0,0.000000,0.000000,0.900000,ALLOW
1,0.000000,1.000000,0.389872,PAUSE
2,0.000000,0.000000,0.255128,PAUSE
3,0.000000,0.000000,0.305809,PAUSE
4,0.000000,1.000000,0.137949,PAUSE
5,0.000000,0.000000,0.122410,PAUSE
6,0.000000,0.000000,0.210326,PAUSE
7,0.000000,0.000000,0.356991,PAUSE
8,0.000000,1.000000,0.161415,PAUSE
9,0.000000,1.000000,0.068284,PAUSE
10,0.000000,0.000000,0.055723,PAUSE
11,0.000000,1.000000,0.027081,PAUSE
12,0.000000,0.000000,0.043910,PAUSE
13,0.000000,1.000000,0.022813,PAUSE
14,0.000000,0.000000,0.044065,PAUSE
15,0.000000,0.000000,0.126582,PAUSE
16,0.000000,1.000000,0.061366,PAUSE
17,0.000000,0.000000,0.078212,PAUSE
18,0.000000,1.000000,0.038303,PAUSE
19,0.000000,0.000000,0.056910,PAUSE
20,0.000000,0.000000,0.143725,PAUSE
21,0.000000,0.000000,0.287025,PAUSE
22,0.000000,1.000000,0.131594,PAUSE
23,0.000000,0.000000,0.122814,PAUSE
24,0.000000,0.000000,0.214693,PAUSE
25,0.000000,0.000000,0.362983,PAUSE
26,0.000000,1.000000,0.163985,PAUSE
27,0.000000,0.000000,0.140694,PAUSE
28,0.000000,0.000000,0.228720,PAUSE
29,0.000000,0.000000,0.375441,PAUSE
30,0.000000,0.000000,0.533185,ALLOW
31,0.000000,0.000000,0.671612,ALLOW
32,0.000000,1.000000,0.294060,PAUSE
33,0.000000,1.000000,0.122105,PAUSE
34,0.000000,0.000000,0.080620,PAUSE
35,0.000000,0.000000,0.135175,PAUSE
36,0.000000,0.000000,0.262413,PAUSE
37,0.000000,0.000000,0.423039,PAUSE
38,0.000000,1.000000,0.189628,PAUSE
39,0.000000,0.000000,0.154773,PAUSE
40,1.000000,1.000000,0.070754,PAUSE
41,1.000000,1.000000,0.030681,PAUSE
42,0.000000,0.000000,0.034004,PAUSE
43,0.000000,0.000000,0.095546,PAUSE
44,0.000000,0.000000,0.219925,PAUSE
45,0.000000,0.000000,0.380981,PAUSE
46,0.000000,0.000000,0.542685,ALLOW
47,0.000000,0.000000,0.680622,ALLOW
48,1.000000,1.000000,0.297837,PAUSE
49,0.000000,0.000000,0.209516,PAUSE
50,0.000000,0.000000,0.276519,PAUSE
51,0.000000,1.000000,0.125720,PAUSE
52,0.000000,1.000000,0.053569,PAUSE
53,0.000000,0.000000,0.047781,PAUSE
54,0.000000,0.000000,0.111108,PAUSE
55,0.000000,1.000000,0.054140,PAUSE
56,0.000000,1.000000,0.024170,PAUSE
57,0.000000,1.000000,0.010786,PAUSE
58,0.000000,1.000000,0.005002,PAUSE
59,0.000000,0.000000,0.012323,PAUSE
60,1.000000,1.000000,0.007539,PAUSE
61,1.000000,1.000000,0.004160,PAUSE
62,1.000000,1.000000,0.002361,PAUSE
63,0.000000,0.000000,0.011351,PAUSE
64,0.000000,0.000000,0.057220,PAUSE
65,0.000000,0.000000,0.162282,PAUSE
66,0.000000,0.000000,0.314836,PAUSE
67,0.000000,0.000000,0.480703,PAUSE
68,0.000000,0.000000,0.630032,ALLOW
69,0.000000,0.000000,0.748602,ALLOW
70,0.000000,0.000000,0.835063,ALLOW
71,1.000000,1.000000,0.361931,PAUSE
72,0.000000,0.000000,0.239981,PAUSE
73,0.000000,0.000000,0.294815,PAUSE
74,0.000000,0.000000,0.427198,PAUSE
75,0.000000,0.000000,0.574027,ALLOW
76,0.000000,0.000000,0.702260,ALLOW
77,0.000000,0.000000,0.800881,ALLOW
78,0.000000,0.000000,0.870971,ALLOW
79,0.000000,0.000000,0.918252,ALLOW
80,0.000000,0.000000,0.949033,ALLOW
81,1.000000,1.000000,0.408936,PAUSE
82,1.000000,1.000000,0.168458,PAUSE
83,0.000000,0.000000,0.100840,PAUSE
84,0.000000,0.000000,0.146493,PAUSE
85,0.000000,1.000000,0.069164,PAUSE
86,0.000000,1.000000,0.030313,PAUSE
87,0.000000,1.000000,0.013279,PAUSE
88,0.000000,1.000000,0.006012,PAUSE
89,0.000000,0.000000,0.012843,PAUSE
90,0.000000,0.000000,0.057912,PAUSE
91,0.000000,0.000000,0.162711,PAUSE
92,0.000000,0.000000,0.315172,PAUSE
93,0.000000,0.000000,0.480976,PAUSE
94,1.000000,1.000000,0.214190,PAUSE
95,0.000000,0.000000,0.167773,PAUSE
96,0.000000,0.000000,0.249020,PAUSE
97,0.000000,0.000000,0.392815,PAUSE
98,0.000000,0.000000,0.547576,ALLOW
99,1.000000,1.000000,0.242115,PAUSE
100,0.000000,0.000000,0.181813,PAUSE
101,0.000000,0.000000,0.258425,PAUSE
102,0.000000,0.000000,0.400227,PAUSE
103,0.000000,0.000000,0.553449,ALLOW
104,0.000000,0.000000,0.687109,ALLOW
105,0.000000,1.000000,0.300504,PAUSE
106,1.000000,1.000000,0.124709,PAUSE
107,0.000000,1.000000,0.051471,PAUSE
108,0.000000,0.000000,0.037638,PAUSE
109,0.000000,0.000000,0.085896,PAUSE
110,1.000000,1.000000,0.042648,PAUSE
111,0.000000,1.000000,0.019347,PAUSE
112,1.000000,1.000000,0.008796,PAUSE
113,0.000000,1.000000,0.004183,PAUSE
114,1.000000,1.000000,0.002177,PAUSE
115,0.000000,0.000000,0.009431,PAUSE
116,0.000000,0.000000,0.050628,PAUSE
117,0.000000,1.000000,0.026720,PAUSE
118,0.000000,1.000000,0.012660,PAUSE
119,1.000000,1.000000,0.006031,PAUSE
120,0.000000,0.000000,0.015073,PAUSE
121,0.000000,0.000000,0.065284,PAUSE
122,0.000000,0.000000,0.175701,PAUSE
123,0.000000,0.000000,0.331015,PAUSE
124,1.000000,1.000000,0.150523,PAUSE
125,0.000000,0.000000,0.133681,PAUSE
126,1.000000,1.000000,0.061945,PAUSE
127,1.000000,1.000000,0.027097,PAUSE
128,0.000000,0.000000,0.032237,PAUSE
129,0.000000,0.000000,0.094083,PAUSE
130,0.000000,0.000000,0.218332,PAUSE
131,0.000000,0.000000,0.379367,PAUSE
132,0.000000,1.000000,0.171139,PAUSE
133,0.000000,1.000000,0.072266,PAUSE
134,0.000000,0.000000,0.057736,PAUSE
135,1.000000,1.000000,0.027928,PAUSE
136,0.000000,0.000000,0.044424,PAUSE
137,1.000000,1.000000,0.023036,PAUSE
138,0.000000,0.000000,0.044220,PAUSE
139,0.000000,0.000000,0.126769,PAUSE
140,0.000000,0.000000,0.266437,PAUSE
141,0.000000,0.000000,0.431367,PAUSE
142,0.000000,0.000000,0.587715,ALLOW
143,0.000000,0.000000,0.716141,ALLOW
144,0.000000,0.000000,0.811962,ALLOW
145,0.000000,0.000000,0.878909,ALLOW
146,0.000000,0.000000,0.923601,ALLOW
147,0.000000,0.000000,0.952503,ALLOW
148,0.000000,0.000000,0.970781,ALLOW
149,0.000000,0.000000,0.982159,ALLOW
150,0.000000,0.000000,0.989164,ALLOW
151,0.000000,0.000000,0.993443,ALLOW
152,0.000000,0.000000,0.996043,ALLOW
153,0.000000,0.000000,0.997616,ALLOW
154,1.000000,1.000000,0.428895,PAUSE
155,0.000000,0.000000,0.270690,PAUSE
156,0.000000,0.000000,0.311974,PAUSE
157,1.000000,1.000000,0.140413,PAUSE
158,0.000000,0.000000,0.123389,PAUSE
159,0.000000,0.000000,0.210707,PAUSE
160,1.000000,1.000000,0.097867,PAUSE
161,0.000000,0.000000,0.100961,PAUSE
162,1.000000,1.000000,0.048023,PAUSE
163,0.000000,0.000000,0.062969,PAUSE
164,0.000000,0.000000,0.149899,PAUSE
165,0.000000,0.000000,0.293738,PAUSE
166,1.000000,1.000000,0.134464,PAUSE
167,0.000000,0.000000,0.124427,PAUSE
168,0.000000,0.000000,0.215995,PAUSE
169,0.000000,0.000000,0.364163,PAUSE
170,0.000000,0.000000,0.523643,ALLOW
171,0.000000,0.000000,0.664174,ALLOW
172,0.000000,0.000000,0.773718,ALLOW
173,0.000000,0.000000,0.852491,ALLOW
174,0.000000,0.000000,0.906119,ALLOW
175,1.000000,1.000000,0.391266,PAUSE
176,0.000000,0.000000,0.253570,PAUSE
177,0.000000,0.000000,0.302567,PAUSE
178,1.000000,1.000000,0.136532,PAUSE
179,0.000000,0.000000,0.121531,PAUSE
180,0.000000,0.000000,0.209524,PAUSE
181,0.000000,0.000000,0.356213,PAUSE
182,0.000000,0.000000,0.516069,ALLOW
183,0.000000,0.000000,0.657965,ALLOW
184,0.000000,0.000000,0.769100,ALLOW
185,0.000000,1.000000,0.334606,PAUSE
186,0.000000,1.000000,0.138486,PAUSE
187,0.000000,0.000000,0.087857,PAUSE
188,0.000000,0.000000,0.139396,PAUSE
189,0.000000,0.000000,0.265708,PAUSE
190,0.000000,0.000000,0.425826,PAUSE
191,0.000000,0.000000,0.581459,ALLOW
192,0.000000,0.000000,0.710825,ALLOW
193,0.000000,0.000000,0.807990,ALLOW
194,0.000000,0.000000,0.876151,ALLOW
195,0.000000,0.000000,0.921774,ALLOW
196,0.000000,0.000000,0.951329,ALLOW
197,0.000000,1.000000,0.409882,PAUSE
198,0.000000,1.000000,0.168839,PAUSE
199,0.000000,0.000000,0.101003,PAUSE
200,0.000000,1.000000,0.045688,PAUSE
201,0.000000,1.000000,0.020022,PAUSE
202,0.000000,0.000000,0.026065,PAUSE
203,0.000000,0.000000,0.083748,PAUSE
204,0.000000,0.000000,0.203480,PAUSE
205,0.000000,0.000000,0.362907,PAUSE
206,0.000000,0.000000,0.526194,ALLOW
207,1.000000,1.000000,0.233226,PAUSE
208,0.000000,0.000000,0.177514,PAUSE
209,0.000000,0.000000,0.255728,PAUSE
210,1.000000,1.000000,0.117024,PAUSE
211,0.000000,0.000000,0.111708,PAUSE
212,0.000000,0.000000,0.202663,PAUSE
213,1.000000,1.000000,0.094478,PAUSE
214,0.000000,1.000000,0.040846,PAUSE
215,0.000000,1.000000,0.017595,PAUSE
216,0.000000,1.000000,0.007776,PAUSE
217,0.000000,0.000000,0.013876,PAUSE
218,0.000000,0.000000,0.059314,PAUSE
219,1.000000,1.000000,0.030751,PAUSE
220,0.000000,1.000000,0.014372,PAUSE
221,0.000000,1.000000,0.006745,PAUSE
222,0.000000,1.000000,0.003340,PAUSE
223,0.000000,0.000000,0.011236,PAUSE
224,1.000000,1.000000,0.007040,PAUSE
225,0.000000,0.000000,0.025448,PAUSE
226,0.000000,0.000000,0.094143,PAUSE
227,0.000000,0.000000,0.222038,PAUSE
228,0.000000,1.000000,0.103532,PAUSE
229,0.000000,1.000000,0.044642,PAUSE
230,0.000000,1.000000,0.019156,PAUSE
231,0.000000,1.000000,0.008415,PAUSE
232,0.000000,0.000000,0.014262,PAUSE
233,0.000000,0.000000,0.059857,PAUSE
234,0.000000,0.000000,0.165663,PAUSE
235,1.000000,1.000000,0.078832,PAUSE
236,0.000000,0.000000,0.090526,PAUSE
237,0.000000,0.000000,0.185401,PAUSE
238,0.000000,0.000000,0.334479,PAUSE
239,0.000000,0.000000,0.497341,PAUSE
240,0.000000,0.000000,0.643157,ALLOW
241,0.000000,0.000000,0.758242,ALLOW
242,0.000000,0.000000,0.841755,ALLOW
243,0.000000,0.000000,0.898981,ALLOW
244,1.000000,1.000000,0.388323,PAUSE
245,0.000000,0.000000,0.252217,PAUSE
246,0.000000,0.000000,0.301806,PAUSE
247,0.000000,0.000000,0.431947,PAUSE
248,0.000000,0.000000,0.577452,ALLOW
249,1.000000,1.000000,0.254566,PAUSE
250,0.000000,0.000000,0.187895,PAUSE
251,0.000000,0.000000,0.262298,PAUSE
252,0.000000,0.000000,0.403156,PAUSE
253,0.000000,0.000000,0.555717,ALLOW
254,0.000000,1.000000,0.245513,PAUSE
255,0.000000,1.000000,0.102451,PAUSE
256,0.000000,1.000000,0.042512,PAUSE
257,0.000000,1.000000,0.017836,PAUSE
258,0.000000,0.000000,0.018694,PAUSE
259,1.000000,1.000000,0.010271,PAUSE
260,0.000000,0.000000,0.028039,PAUSE
261,0.000000,0.000000,0.098037,PAUSE
262,0.000000,0.000000,0.227336,PAUSE
263,0.000000,0.000000,0.390108,PAUSE
264,0.000000,0.000000,0.551241,ALLOW
265,0.000000,0.000000,0.687531,ALLOW
266,0.000000,0.000000,0.791274,ALLOW
267,0.000000,1.000000,0.343806,PAUSE
268,1.000000,1.000000,0.142200,PAUSE
269,0.000000,1.000000,0.058503,PAUSE
270,0.000000,0.000000,0.040680,PAUSE
271,1.000000,1.000000,0.019827,PAUSE
272,0.000000,1.000000,0.009308,PAUSE
273,0.000000,0.000000,0.019376,PAUSE
274,0.000000,0.000000,0.075052,PAUSE
275,0.000000,0.000000,0.191484,PAUSE
276,0.000000,0.000000,0.349557,PAUSE
277,0.000000,0.000000,0.513867,ALLOW
278,1.000000,1.000000,0.228044,PAUSE
279,0.000000,0.000000,0.174882,PAUSE
280,0.000000,1.000000,0.079113,PAUSE
281,0.000000,1.000000,0.034075,PAUSE
282,0.000000,1.000000,0.014726,PAUSE
283,0.000000,0.000000,0.019538,PAUSE
284,0.000000,0.000000,0.069803,PAUSE
285,0.000000,0.000000,0.181610,PAUSE
286,0.000000,0.000000,0.337644,PAUSE
287,0.000000,0.000000,0.502516,ALLOW
288,0.000000,0.000000,0.648087,ALLOW
289,1.000000,1.000000,0.284273,PAUSE
290,1.000000,1.000000,0.118151,PAUSE
291,0.000000,0.000000,0.078868,PAUSE
292,0.000000,0.000000,0.134143,PAUSE
293,0.000000,0.000000,0.261598,PAUSE
294,0.000000,1.000000,0.120457,PAUSE
295,0.000000,1.000000,0.051555,PAUSE
296,0.000000,0.000000,0.047412,PAUSE
297,1.000000,1.000000,0.023590,PAUSE
298,0.000000,0.000000,0.041822,PAUSE
299,0.000000,0.000000,0.120835,PAUSE
300,0.000000,0.000000,0.258105,PAUSE
301,0.000000,1.000000,0.119143,PAUSE
302,0.000000,1.000000,0.051040,PAUSE
303,0.000000,0.000000,0.047257,PAUSE
304,0.000000,0.000000,0.111915,PAUSE
305,0.000000,0.000000,0.240824,PAUSE
306,0.000000,0.000000,0.403014,PAUSE
307,0.000000,0.000000,0.562326,ALLOW
308,0.000000,0.000000,0.696153,ALLOW
309,0.000000,1.000000,0.304302,PAUSE
310,0.000000,1.000000,0.126247,PAUSE
311,0.000000,0.000000,0.082467,PAUSE
312,0.000000,0.000000,0.136285,PAUSE
313,0.000000,0.000000,0.263307,PAUSE
314,1.000000,1.000000,0.121179,PAUSE
315,1.000000,1.000000,0.051848,PAUSE
316,0.000000,0.000000,0.047553,PAUSE
317,0.000000,0.000000,0.111977,PAUSE
318,0.000000,1.000000,0.054549,PAUSE
319,0.000000,1.000000,0.024343,PAUSE
320,0.000000,1.000000,0.010858,PAUSE
321,0.000000,1.000000,0.005032,PAUSE
322,0.000000,0.000000,0.012344,PAUSE
323,0.000000,0.000000,0.057387,PAUSE
324,0.000000,1.000000,0.029876,PAUSE
325,0.000000,1.000000,0.014004,PAUSE
326,0.000000,1.000000,0.006592,PAUSE
327,0.000000,1.000000,0.003276,PAUSE
328,0.000000,0.000000,0.011192,PAUSE
329,1.000000,1.000000,0.007019,PAUSE
330,0.000000,0.000000,0.025424,PAUSE
331,0.000000,0.000000,0.094098,PAUSE
332,0.000000,0.000000,0.221974,PAUSE
333,1.000000,1.000000,0.103504,PAUSE
334,0.000000,0.000000,0.106251,PAUSE
335,0.000000,0.000000,0.200408,PAUSE
336,1.000000,1.000000,0.093573,PAUSE
337,0.000000,0.000000,0.098765,PAUSE
338,0.000000,0.000000,0.192223,PAUSE
339,0.000000,0.000000,0.340883,PAUSE
340,0.000000,0.000000,0.502973,ALLOW
341,0.000000,1.000000,0.223418,PAUSE
342,1.000000,1.000000,0.093502,PAUSE
343,1.000000,1.000000,0.038909,PAUSE
344,0.000000,1.000000,0.016386,PAUSE
345,0.000000,0.000000,0.018049,PAUSE
346,0.000000,0.000000,0.063136,PAUSE
347,0.000000,0.000000,0.169727,PAUSE
348,1.000000,1.000000,0.080604,PAUSE
349,1.000000,1.000000,0.035199,PAUSE
350,0.000000,0.000000,0.038843,PAUSE
351,0.000000,0.000000,0.104161,PAUSE
352,0.000000,0.000000,0.232119,PAUSE
353,0.000000,0.000000,0.394242,PAUSE
354,0.000000,0.000000,0.554652,ALLOW
355,0.000000,0.000000,0.690140,ALLOW
356,0.000000,0.000000,0.793143,ALLOW
357,1.000000,1.000000,0.344579,PAUSE
358,0.000000,0.000000,0.231841,PAUSE
359,0.000000,0.000000,0.290052,PAUSE
360,0.000000,0.000000,0.423884,PAUSE
361,0.000000,0.000000,0.571599,ALLOW
362,0.000000,0.000000,0.700513,ALLOW
363,1.000000,1.000000,0.306068,PAUSE
364,0.000000,1.000000,0.126956,PAUSE
365,0.000000,1.000000,0.052374,PAUSE
366,0.000000,0.000000,0.038028,PAUSE
367,0.000000,0.000000,0.086124,PAUSE
368,1.000000,1.000000,0.042744,PAUSE
369,0.000000,0.000000,0.063076,PAUSE
370,0.000000,0.000000,0.153696,PAUSE
371,1.000000,1.000000,0.073327,PAUSE
372,1.000000,1.000000,0.032166,PAUSE
373,1.000000,1.000000,0.014068,PAUSE
374,0.000000,0.000000,0.020056,PAUSE
375,0.000000,0.000000,0.072112,PAUSE
376,0.000000,0.000000,0.185640,PAUSE
377,0.000000,0.000000,0.342457,PAUSE
378,1.000000,1.000000,0.155410,PAUSE
379,0.000000,0.000000,0.136386,PAUSE
380,0.000000,0.000000,0.225784,PAUSE
381,1.000000,1.000000,0.104391,PAUSE
382,0.000000,0.000000,0.104907,PAUSE
383,0.000000,0.000000,0.197375,PAUSE
384,0.000000,0.000000,0.345729,PAUSE
385,0.000000,0.000000,0.507228,ALLOW
386,0.000000,0.000000,0.651050,ALLOW
387,0.000000,0.000000,0.764059,ALLOW
388,1.000000,1.000000,0.332517,PAUSE
389,0.000000,0.000000,0.226128,PAUSE
390,0.000000,0.000000,0.286647,PAUSE
391,1.000000,1.000000,0.129934,PAUSE
392,0.000000,0.000000,0.118295,PAUSE
393,0.000000,0.000000,0.207367,PAUSE
394,1.000000,1.000000,0.096465,PAUSE
395,0.000000,0.000000,0.100220,PAUSE
396,0.000000,0.000000,0.193250,PAUSE
397,0.000000,0.000000,0.341755,PAUSE
398,0.000000,0.000000,0.503706,ALLOW
399,0.000000,0.000000,0.648231,ALLOW
400,0.000000,0.000000,0.761980,ALLOW
401,0.000000,0.000000,0.844352,ALLOW
402,1.000000,1.000000,0.365769,PAUSE
403,0.000000,0.000000,0.241768,PAUSE
404,0.000000,1.000000,0.106622,PAUSE
405,0.000000,1.000000,0.045196,PAUSE
406,0.000000,1.000000,0.019206,PAUSE
407,1.000000,1.000000,0.008374,PAUSE
408,0.000000,1.000000,0.003865,PAUSE
409,0.000000,0.000000,0.010226,PAUSE
410,0.000000,0.000000,0.051339,PAUSE
411,0.000000,0.000000,0.151121,PAUSE
412,1.000000,1.000000,0.072413,PAUSE
413,0.000000,0.000000,0.086246,PAUSE
414,0.000000,0.000000,0.181075,PAUSE
415,1.000000,1.000000,0.085254,PAUSE
416,0.000000,1.000000,0.037075,PAUSE
417,0.000000,1.000000,0.016067,PAUSE
418,0.000000,0.000000,0.021104,PAUSE
419,0.000000,0.000000,0.073192,PAUSE
420,0.000000,0.000000,0.187040,PAUSE
421,0.000000,0.000000,0.344009,PAUSE
422,0.000000,0.000000,0.508539,ALLOW
423,0.000000,0.000000,0.653030,ALLOW
424,0.000000,0.000000,0.765832,ALLOW
425,0.000000,0.000000,0.847136,ALLOW
426,0.000000,0.000000,0.902601,ALLOW
427,0.000000,0.000000,0.939018,ALLOW
428,0.000000,0.000000,0.962295,ALLOW
429,0.000000,0.000000,0.976895,ALLOW
430,0.000000,0.000000,0.985931,ALLOW
431,1.000000,1.000000,0.424100,PAUSE
432,0.000000,0.000000,0.268531,PAUSE
433,0.000000,0.000000,0.310815,PAUSE
434,0.000000,0.000000,0.437852,PAUSE
435,1.000000,1.000000,0.195378,PAUSE
436,0.000000,0.000000,0.156665,PAUSE
437,0.000000,0.000000,0.239770,PAUSE
438,1.000000,1.000000,0.110273,PAUSE
439,0.000000,0.000000,0.108031,PAUSE
440,1.000000,1.000000,0.051007,PAUSE
441,0.000000,0.000000,0.064694,PAUSE
442,0.000000,0.000000,0.151496,PAUSE
443,1.000000,1.000000,0.072288,PAUSE
444,0.000000,0.000000,0.085402,PAUSE
445,0.000000,0.000000,0.179515,PAUSE
446,0.000000,0.000000,0.328088,PAUSE
447,0.000000,0.000000,0.491391,PAUSE
448,0.000000,0.000000,0.638285,ALLOW
449,0.000000,0.000000,0.754605,ALLOW
450,0.000000,0.000000,0.839211,ALLOW
451,0.000000,0.000000,0.897280,ALLOW
452,0.000000,0.000000,0.935566,ALLOW
453,0.000000,0.000000,0.960107,ALLOW
454,0.000000,0.000000,0.975531,ALLOW
455,0.000000,0.000000,0.985091,ALLOW
456,0.000000,0.000000,0.990958,ALLOW
457,1.000000,1.000000,0.426163,PAUSE
458,1.000000,1.000000,0.175394,PAUSE
459,0.000000,0.000000,0.103801,PAUSE
460,0.000000,0.000000,0.148033,PAUSE
461,0.000000,0.000000,0.271881,PAUSE
462,0.000000,0.000000,0.430771,PAUSE
463,0.000000,0.000000,0.585346,ALLOW
464,0.000000,1.000000,0.258015,PAUSE
465,0.000000,1.000000,0.107523,PAUSE
466,0.000000,1.000000,0.044556,PAUSE
467,0.000000,1.000000,0.018658,PAUSE
468,0.000000,0.000000,0.019064,PAUSE
469,0.000000,1.000000,0.010425,PAUSE
470,0.000000,0.000000,0.028131,PAUSE
471,0.000000,0.000000,0.098141,PAUSE
472,0.000000,0.000000,0.227465,PAUSE
473,1.000000,1.000000,0.105885,PAUSE
474,0.000000,0.000000,0.107691,PAUSE
475,0.000000,0.000000,0.201695,PAUSE
476,0.000000,0.000000,0.350746,PAUSE
477,0.000000,0.000000,0.511957,ALLOW
478,0.000000,0.000000,0.654922,ALLOW
479,0.000000,0.000000,0.766943,ALLOW
480,0.000000,0.000000,0.847808,ALLOW
481,0.000000,0.000000,0.903012,ALLOW
482,0.000000,0.000000,0.939270,ALLOW
483,0.000000,0.000000,0.962449,ALLOW
484,0.000000,0.000000,0.976989,ALLOW
485,1.000000,1.000000,0.420428,PAUSE
486,0.000000,0.000000,0.266873,PAUSE
487,0.000000,1.000000,0.116864,PAUSE
488,0.000000,1.000000,0.049324,PAUSE
489,0.000000,0.000000,0.042537,PAUSE
490,0.000000,0.000000,0.101369,PAUSE
491,0.000000,0.000000,0.225442,PAUSE
492,1.000000,1.000000,0.104918,PAUSE
493,1.000000,1.000000,0.045199,PAUSE
494,0.000000,1.000000,0.019380,PAUSE
495,0.000000,1.000000,0.008505,PAUSE
496,0.000000,0.000000,0.014300,PAUSE
497,1.000000,1.000000,0.008417,PAUSE
498,0.000000,0.000000,0.026795,PAUSE
499,0.000000,0.000000,0.096442,PAUSE
500,0.000000,0.000000,0.225267,PAUSE
501,0.000000,1.000000,0.104934,PAUSE
502,0.000000,1.000000,0.045217,PAUSE
503,0.000000,0.000000,0.044260,PAUSE
504,0.000000,0.000000,0.109322,PAUSE
505,0.000000,1.000000,0.053402,PAUSE
506,1.000000,1.000000,0.023871,PAUSE
507,0.000000,1.000000,0.010666,PAUSE
508,1.000000,1.000000,0.004954,PAUSE
509,0.000000,0.000000,0.012301,PAUSE
510,0.000000,0.000000,0.057334,PAUSE
511,1.000000,1.000000,0.029853,PAUSE
512,0.000000,0.000000,0.053178,PAUSE
513,0.000000,0.000000,0.141618,PAUSE
514,0.000000,0.000000,0.285481,PAUSE
515,0.000000,0.000000,0.450683,PAUSE
516,1.000000,1.000000,0.201387,PAUSE
517,0.000000,0.000000,0.161092,PAUSE
518,0.000000,0.000000,0.244265,PAUSE
519,0.000000,0.000000,0.388896,PAUSE
520,0.000000,0.000000,0.544394,ALLOW
521,0.000000,0.000000,0.680266,ALLOW
522,0.000000,0.000000,0.785361,ALLOW
523,0.000000,1.000000,0.341345,PAUSE
524,0.000000,1.000000,0.141206,PAUSE
525,0.000000,1.000000,0.058104,PAUSE
526,0.000000,1.000000,0.024101,PAUSE
527,0.000000,0.000000,0.021439,PAUSE
528,0.000000,0.000000,0.065377,PAUSE
529,0.000000,0.000000,0.171991,PAUSE
530,0.000000,0.000000,0.325591,PAUSE
531,0.000000,0.000000,0.490825,PAUSE
532,0.000000,0.000000,0.638377,ALLOW
533,0.000000,1.000000,0.280220,PAUSE
534,0.000000,1.000000,0.116511,PAUSE
535,0.000000,0.000000,0.078135,PAUSE
536,0.000000,0.000000,0.133700,PAUSE
537,0.000000,0.000000,0.261238,PAUSE
538,0.000000,0.000000,0.422032,PAUSE
539,1.000000,1.000000,0.189205,PAUSE
540,0.000000,0.000000,0.154556,PAUSE
541,0.000000,0.000000,0.239413,PAUSE
542,0.000000,0.000000,0.384775,PAUSE
543,0.000000,0.000000,0.540997,ALLOW
544,0.000000,1.000000,0.239363,PAUSE
545,1.000000,1.000000,0.099962,PAUSE
546,0.000000,1.000000,0.041510,PAUSE
547,0.000000,0.000000,0.033249,PAUSE
548,0.000000,0.000000,0.083129,PAUSE
549,1.000000,1.000000,0.041470,PAUSE
550,0.000000,1.000000,0.018864,PAUSE
551,0.000000,1.000000,0.008600,PAUSE
552,0.000000,0.000000,0.016772,PAUSE
553,0.000000,0.000000,0.067831,PAUSE
554,0.000000,0.000000,0.179531,PAUSE
555,0.000000,0.000000,0.335475,PAUSE
556,0.000000,0.000000,0.500535,ALLOW
557,0.000000,1.000000,0.222432,PAUSE
558,0.000000,1.000000,0.093107,PAUSE
559,0.000000,0.000000,0.067519,PAUSE
560,0.000000,0.000000,0.126990,PAUSE
561,0.000000,0.000000,0.255541,PAUSE
562,0.000000,0.000000,0.416983,PAUSE
563,0.000000,0.000000,0.574224,ALLOW
564,0.000000,0.000000,0.705345,ALLOW
565,0.000000,0.000000,0.804097,ALLOW
566,0.000000,0.000000,0.873516,ALLOW
567,0.000000,0.000000,0.920051,ALLOW
568,1.000000,1.000000,0.397007,PAUSE
569,0.000000,1.000000,0.163652,PAUSE
570,0.000000,1.000000,0.067120,PAUSE
571,0.000000,0.000000,0.044352,PAUSE
572,0.000000,1.000000,0.021324,PAUSE
573,1.000000,1.000000,0.009913,PAUSE
574,0.000000,1.000000,0.004747,PAUSE
575,1.000000,1.000000,0.002453,PAUSE
576,0.000000,0.000000,0.010054,PAUSE
577,0.000000,0.000000,0.052540,PAUSE
578,0.000000,0.000000,0.153696,PAUSE
579,0.000000,0.000000,0.304108,PAUSE
580,0.000000,0.000000,0.470162,PAUSE
581,0.000000,0.000000,0.621173,ALLOW
582,0.000000,0.000000,0.741891,ALLOW
583,0.000000,0.000000,0.830327,ALLOW
584,0.000000,0.000000,0.891341,ALLOW
585,0.000000,0.000000,0.931719,ALLOW
586,1.000000,1.000000,0.401812,PAUSE
587,0.000000,1.000000,0.165588,PAUSE
588,1.000000,1.000000,0.067897,PAUSE
589,1.000000,1.000000,0.028031,PAUSE
590,0.000000,1.000000,0.011805,PAUSE
591,1.000000,1.000000,0.005192,PAUSE
592,0.000000,1.000000,0.002486,PAUSE
593,0.000000,1.000000,0.001370,PAUSE
594,0.000000,1.000000,0.000906,PAUSE
595,0.000000,0.000000,0.007335,PAUSE
596,0.000000,0.000000,0.044363,PAUSE
597,0.000000,1.000000,0.023754,PAUSE
598,0.000000,0.000000,0.047391,PAUSE
599,0.000000,0.000000,0.133342,PAUSE
600,0.000000,0.000000,0.275301,PAUSE
601,0.000000,0.000000,0.440513,PAUSE
602,0.000000,0.000000,0.595654,ALLOW
603,0.000000,0.000000,0.722286,ALLOW
604,0.000000,0.000000,0.816364,ALLOW
605,0.000000,0.000000,0.881899,ALLOW
606,0.000000,0.000000,0.925558,ALLOW
607,0.000000,1.000000,0.399275,PAUSE
608,1.000000,1.000000,0.164566,PAUSE
609,0.000000,0.000000,0.099172,PAUSE
610,0.000000,1.000000,0.044943,PAUSE
611,0.000000,0.000000,0.053018,PAUSE
612,0.000000,1.000000,0.026641,PAUSE
613,0.000000,1.000000,0.012433,PAUSE
614,1.000000,1.000000,0.005881,PAUSE
615,0.000000,0.000000,0.014545,PAUSE
616,0.000000,1.000000,0.008702,PAUSE
617,0.000000,0.000000,0.027875,PAUSE
618,0.000000,0.000000,0.098977,PAUSE
619,0.000000,1.000000,0.049022,PAUSE
620,0.000000,1.000000,0.022081,PAUSE
621,0.000000,0.000000,0.031072,PAUSE
622,1.000000,1.000000,0.016565,PAUSE
623,0.000000,0.000000,0.036913,PAUSE
624,0.000000,0.000000,0.114768,PAUSE
625,0.000000,0.000000,0.250678,PAUSE
626,0.000000,0.000000,0.415061,PAUSE
627,0.000000,0.000000,0.573473,ALLOW
628,0.000000,0.000000,0.705058,ALLOW
629,0.000000,0.000000,0.803990,ALLOW
630,0.000000,0.000000,0.873478,ALLOW
631,0.000000,0.000000,0.920039,ALLOW
632,0.000000,0.000000,0.950228,ALLOW
633,0.000000,0.000000,0.969355,ALLOW
634,0.000000,0.000000,0.981277,ALLOW
635,0.000000,0.000000,0.988623,ALLOW
636,1.000000,1.000000,0.425205,PAUSE
637,0.000000,0.000000,0.269030,PAUSE
638,0.000000,0.000000,0.311083,PAUSE
639,0.000000,0.000000,0.438024,PAUSE
640,0.000000,0.000000,0.581726,ALLOW
641,0.000000,0.000000,0.707705,ALLOW
642,0.000000,1.000000,0.309048,PAUSE
643,0.000000,0.000000,0.214800,PAUSE
644,0.000000,1.000000,0.095565,PAUSE
645,0.000000,0.000000,0.088559,PAUSE
646,0.000000,0.000000,0.171058,PAUSE
647,1.000000,1.000000,0.080664,PAUSE
648,0.000000,0.000000,0.090334,PAUSE
649,0.000000,0.000000,0.183917,PAUSE
650,0.000000,0.000000,0.332409,PAUSE
651,0.000000,0.000000,0.495275,PAUSE
652,1.000000,1.000000,0.220181,PAUSE
653,0.000000,0.000000,0.170782,PAUSE
654,0.000000,0.000000,0.251036,PAUSE
655,0.000000,0.000000,0.394408,PAUSE
656,0.000000,0.000000,0.548840,ALLOW
657,0.000000,0.000000,0.683643,ALLOW
658,0.000000,0.000000,0.787775,ALLOW
659,0.000000,0.000000,0.862125,ALLOW
660,0.000000,0.000000,0.912473,ALLOW
661,0.000000,0.000000,0.945348,ALLOW
662,0.000000,0.000000,0.966276,ALLOW
663,0.000000,0.000000,0.979364,ALLOW
664,0.000000,1.000000,0.421404,PAUSE
665,0.000000,0.000000,0.267314,PAUSE
666,0.000000,1.000000,0.117044,PAUSE
667,0.000000,1.000000,0.049396,PAUSE
668,0.000000,1.000000,0.020894,PAUSE
669,0.000000,0.000000,0.022302,PAUSE
670,0.000000,0.000000,0.071713,PAUSE
671,0.000000,0.000000,0.183568,PAUSE
672,0.000000,0.000000,0.339660,PAUSE
673,0.000000,0.000000,0.504347,ALLOW
674,0.000000,0.000000,0.649567,ALLOW
675,0.000000,0.000000,0.763243,ALLOW
676,0.000000,0.000000,0.845326,ALLOW
677,0.000000,0.000000,0.901393,ALLOW
678,0.000000,0.000000,0.938236,ALLOW
679,0.000000,1.000000,0.404495,PAUSE
680,0.000000,1.000000,0.166669,PAUSE
681,0.000000,0.000000,0.100074,PAUSE
682,0.000000,0.000000,0.146091,PAUSE
683,0.000000,0.000000,0.270563,PAUSE
684,0.000000,0.000000,0.429752,PAUSE
685,0.000000,0.000000,0.584559,ALLOW
686,0.000000,0.000000,0.713132,ALLOW
687,1.000000,1.000000,0.311359,PAUSE
688,0.000000,1.000000,0.129098,PAUSE
689,1.000000,1.000000,0.053237,PAUSE
690,0.000000,1.000000,0.022147,PAUSE
691,0.000000,0.000000,0.020595,PAUSE
692,0.000000,0.000000,0.064858,PAUSE
693,0.000000,0.000000,0.171504,PAUSE
694,1.000000,1.000000,0.081372,PAUSE
695,0.000000,0.000000,0.092113,PAUSE
696,0.000000,0.000000,0.186900,PAUSE
697,0.000000,1.000000,0.087766,PAUSE
698,1.000000,1.000000,0.038104,PAUSE
699,0.000000,0.000000,0.040209,PAUSE
700,0.000000,1.000000,0.020518,PAUSE
701,1.000000,1.000000,0.009779,PAUSE
702,0.000000,0.000000,0.020860,PAUSE
703,0.000000,0.000000,0.078934,PAUSE
704,0.000000,0.000000,0.197725,PAUSE
705,0.000000,0.000000,0.356782,PAUSE
706,0.000000,0.000000,0.520632,ALLOW
707,0.000000,0.000000,0.662926,ALLOW
708,1.000000,1.000000,0.290463,PAUSE
709,0.000000,1.000000,0.120654,PAUSE
710,0.000000,1.000000,0.049841,PAUSE
711,0.000000,0.000000,0.036933,PAUSE
712,0.000000,0.000000,0.085481,PAUSE
713,0.000000,0.000000,0.200512,PAUSE
714,0.000000,0.000000,0.358065,PAUSE
715,1.000000,1.000000,0.162048,PAUSE
716,0.000000,0.000000,0.139993,PAUSE
717,0.000000,0.000000,0.228541,PAUSE
718,0.000000,0.000000,0.375470,PAUSE
719,0.000000,0.000000,0.533278,ALLOW
720,0.000000,0.000000,0.671707,ALLOW
721,1.000000,1.000000,0.294100,PAUSE
722,0.000000,0.000000,0.207659,PAUSE
723,0.000000,0.000000,0.275311,PAUSE
724,0.000000,0.000000,0.413218,PAUSE
725,0.000000,0.000000,0.563584,ALLOW
726,1.000000,1.000000,0.248795,PAUSE
727,0.000000,0.000000,0.185096,PAUSE
728,0.000000,0.000000,0.260538,PAUSE
729,1.000000,1.000000,0.119033,PAUSE
730,0.000000,0.000000,0.112736,PAUSE
731,0.000000,1.000000,0.052976,PAUSE
732,0.000000,1.000000,0.023410,PAUSE
733,0.000000,0.000000,0.030212,PAUSE
734,0.000000,1.000000,0.016064,PAUSE
735,0.000000,0.000000,0.036016,PAUSE
736,1.000000,1.000000,0.019316,PAUSE
737,0.000000,0.000000,0.041293,PAUSE
738,1.000000,1.000000,0.021813,PAUSE
739,1.000000,1.000000,0.010474,PAUSE
740,1.000000,1.000000,0.005089,PAUSE
741,0.000000,1.000000,0.002639,PAUSE
742,0.000000,0.000000,0.010600,PAUSE
743,0.000000,0.000000,0.054255,PAUSE
744,0.000000,0.000000,0.156822,PAUSE
745,1.000000,1.000000,0.074941,PAUSE
746,0.000000,0.000000,0.087966,PAUSE
747,1.000000,1.000000,0.042538,PAUSE
748,0.000000,0.000000,0.059780,PAUSE
749,0.000000,0.000000,0.146915,PAUSE
750,0.000000,0.000000,0.290617,PAUSE
751,0.000000,0.000000,0.455393,PAUSE
752,0.000000,0.000000,0.608238,ALLOW
753,0.000000,0.000000,0.731898,ALLOW
754,0.000000,0.000000,0.823196,ALLOW
755,0.000000,0.000000,0.886517,ALLOW
756,1.000000,1.000000,0.383183,PAUSE
757,1.000000,1.000000,0.158081,PAUSE
758,0.000000,0.000000,0.096380,PAUSE
759,0.000000,0.000000,0.144119,PAUSE
760,0.000000,0.000000,0.269180,PAUSE
761,0.000000,0.000000,0.428659,PAUSE
762,0.000000,0.000000,0.583706,ALLOW
763,0.000000,0.000000,0.712501,ALLOW
764,1.000000,1.000000,0.311097,PAUSE
765,0.000000,1.000000,0.128992,PAUSE
766,0.000000,0.000000,0.083679,PAUSE
767,0.000000,0.000000,0.136989,PAUSE
768,0.000000,0.000000,0.263855,PAUSE
769,0.000000,1.000000,0.121411,PAUSE
770,0.000000,0.000000,0.116420,PAUSE
771,0.000000,0.000000,0.208828,PAUSE
772,0.000000,1.000000,0.097161,PAUSE
773,0.000000,0.000000,0.100803,PAUSE
774,0.000000,0.000000,0.193938,PAUSE
775,0.000000,0.000000,0.342500,PAUSE
776,0.000000,0.000000,0.504396,ALLOW
777,0.000000,1.000000,0.224015,PAUSE
778,0.000000,1.000000,0.093745,PAUSE
779,1.000000,1.000000,0.039006,PAUSE
780,0.000000,1.000000,0.016426,PAUSE
781,0.000000,1.000000,0.007143,PAUSE
782,0.000000,0.000000,0.012101,PAUSE
783,0.000000,0.000000,0.053906,PAUSE
784,0.000000,0.000000,0.155137,PAUSE
785,0.000000,0.000000,0.305665,PAUSE
786,1.000000,1.000000,0.139660,PAUSE
787,0.000000,0.000000,0.127560,PAUSE
788,0.000000,1.000000,0.059374,PAUSE
789,0.000000,0.000000,0.069910,PAUSE
790,0.000000,1.000000,0.034375,PAUSE
791,0.000000,0.000000,0.053143,PAUSE
792,0.000000,0.000000,0.138346,PAUSE
793,1.000000,1.000000,0.066545,PAUSE
794,0.000000,0.000000,0.081693,PAUSE
795,0.000000,0.000000,0.175840,PAUSE
796,0.000000,0.000000,0.324293,PAUSE
797,0.000000,0.000000,0.487909,PAUSE
798,0.000000,0.000000,0.635445,ALLOW
799,1.000000,1.000000,0.278987,PAUSE
800,0.000000,0.000000,0.200317,PAUSE
801,0.000000,1.000000,0.089615,PAUSE
802,0.000000,1.000000,0.038327,PAUSE
803,0.000000,0.000000,0.037619,PAUSE
804,0.000000,0.000000,0.098245,PAUSE
805,0.000000,0.000000,0.222666,PAUSE
806,1.000000,1.000000,0.103735,PAUSE
807,0.000000,0.000000,0.106221,PAUSE
808,0.000000,0.000000,0.200217,PAUSE
809,0.000000,1.000000,0.093487,PAUSE
810,1.000000,1.000000,0.040447,PAUSE
811,0.000000,0.000000,0.041417,PAUSE
812,0.000000,1.000000,0.021029,PAUSE
813,0.000000,0.000000,0.040109,PAUSE
814,1.000000,1.000000,0.021160,PAUSE
815,0.000000,0.000000,0.042872,PAUSE
816,1.000000,1.000000,0.022524,PAUSE
817,0.000000,0.000000,0.044449,PAUSE
818,0.000000,0.000000,0.127667,PAUSE
819,0.000000,0.000000,0.267753,PAUSE
820,0.000000,0.000000,0.432757,PAUSE
821,0.000000,0.000000,0.588933,ALLOW
822,0.000000,0.000000,0.717088,ALLOW
823,0.000000,1.000000,0.313014,PAUSE
824,0.000000,1.000000,0.129767,PAUSE
825,1.000000,1.000000,0.053506,PAUSE
826,1.000000,1.000000,0.022255,PAUSE
827,0.000000,0.000000,0.020642,PAUSE
828,1.000000,1.000000,0.011076,PAUSE
829,0.000000,0.000000,0.028495,PAUSE
830,1.000000,1.000000,0.015735,PAUSE
831,1.000000,1.000000,0.007845,PAUSE
832,0.000000,1.000000,0.003975,PAUSE
833,0.000000,0.000000,0.013203,PAUSE
834,0.000000,1.000000,0.008082,PAUSE
835,0.000000,0.000000,0.027203,PAUSE
836,0.000000,1.000000,0.015208,PAUSE
837,0.000000,0.000000,0.037198,PAUSE
838,0.000000,1.000000,0.019939,PAUSE
839,0.000000,0.000000,0.042154,PAUSE
840,1.000000,1.000000,0.022215,PAUSE
841,0.000000,0.000000,0.044240,PAUSE
842,0.000000,0.000000,0.127426,PAUSE
843,0.000000,1.000000,0.061749,PAUSE
844,1.000000,1.000000,0.027378,PAUSE
845,0.000000,0.000000,0.034287,PAUSE
846,0.000000,1.000000,0.017972,PAUSE
847,0.000000,0.000000,0.038005,PAUSE
848,0.000000,0.000000,0.116249,PAUSE
849,1.000000,1.000000,0.056758,PAUSE
850,0.000000,1.000000,0.025304,PAUSE
851,0.000000,0.000000,0.033045,PAUSE
852,0.000000,1.000000,0.017430,PAUSE
853,0.000000,1.000000,0.008497,PAUSE
854,0.000000,1.000000,0.004227,PAUSE
855,0.000000,0.000000,0.013231,PAUSE
856,0.000000,0.000000,0.061343,PAUSE
857,0.000000,0.000000,0.169218,PAUSE
858,0.000000,0.000000,0.323255,PAUSE
859,0.000000,0.000000,0.488856,PAUSE
860,0.000000,0.000000,0.636828,ALLOW
861,0.000000,1.000000,0.279574,PAUSE
862,0.000000,1.000000,0.116251,PAUSE
863,0.000000,0.000000,0.078018,PAUSE
864,0.000000,0.000000,0.133630,PAUSE
865,0.000000,0.000000,0.261182,PAUSE
866,0.000000,0.000000,0.421985,PAUSE
867,0.000000,0.000000,0.578353,ALLOW
868,0.000000,0.000000,0.708486,ALLOW
869,0.000000,0.000000,0.806333,ALLOW
870,0.000000,0.000000,0.875032,ALLOW
871,0.000000,0.000000,0.921043,ALLOW
872,0.000000,0.000000,0.950863,ALLOW
873,0.000000,1.000000,0.409690,PAUSE
874,0.000000,1.000000,0.168761,PAUSE
875,0.000000,0.000000,0.100970,PAUSE
876,1.000000,1.000000,0.045674,PAUSE
877,1.000000,1.000000,0.020017,PAUSE
878,0.000000,1.000000,0.008906,PAUSE
879,0.000000,0.000000,0.015682,PAUSE
880,0.000000,0.000000,0.063997,PAUSE
881,0.000000,0.000000,0.172856,PAUSE
882,0.000000,0.000000,0.327432,PAUSE
883,0.000000,0.000000,0.492819,PAUSE
884,0.000000,1.000000,0.219182,PAUSE
885,1.000000,1.000000,0.091789,PAUSE
886,1.000000,1.000000,0.038219,PAUSE
887,0.000000,0.000000,0.031788,PAUSE
888,0.000000,1.000000,0.016174,PAUSE
889,0.000000,0.000000,0.033670,PAUSE
890,0.000000,0.000000,0.107227,PAUSE
891,0.000000,0.000000,0.239891,PAUSE
892,0.000000,0.000000,0.403524,PAUSE
893,0.000000,0.000000,0.563224,ALLOW
894,0.000000,0.000000,0.697000,ALLOW
895,0.000000,0.000000,0.798157,ALLOW
896,0.000000,0.000000,0.869487,ALLOW
897,0.000000,0.000000,0.917414,ALLOW
898,1.000000,1.000000,0.395921,PAUSE
899,0.000000,0.000000,0.255710,PAUSE
900,0.000000,0.000000,0.303767,PAUSE
901,0.000000,0.000000,0.433255,PAUSE
902,0.000000,0.000000,0.578384,ALLOW
903,0.000000,0.000000,0.705362,ALLOW
904,0.000000,0.000000,0.803018,ALLOW
905,0.000000,0.000000,0.872395,ALLOW
906,1.000000,1.000000,0.377348,PAUSE
907,0.000000,0.000000,0.247135,PAUSE
908,0.000000,0.000000,0.298911,PAUSE
909,0.000000,0.000000,0.429986,PAUSE
910,0.000000,0.000000,0.576042,ALLOW
911,0.000000,0.000000,0.703698,ALLOW
912,0.000000,0.000000,0.801873,ALLOW
913,0.000000,0.000000,0.871633,ALLOW
914,0.000000,0.000000,0.918682,ALLOW
915,0.000000,0.000000,0.949306,ALLOW
916,0.000000,0.000000,0.968755,ALLOW
917,0.000000,0.000000,0.980897,ALLOW
918,1.000000,1.000000,0.422034,PAUSE
919,0.000000,1.000000,0.173732,PAUSE
920,0.000000,1.000000,0.071166,PAUSE
921,1.000000,1.000000,0.029342,PAUSE
922,0.000000,0.000000,0.023669,PAUSE
923,0.000000,0.000000,0.066655,PAUSE
924,0.000000,0.000000,0.173096,PAUSE
925,0.000000,0.000000,0.326660,PAUSE
926,1.000000,1.000000,0.148643,PAUSE
927,0.000000,0.000000,0.132591,PAUSE
928,1.000000,1.000000,0.061486,PAUSE
929,1.000000,1.000000,0.026909,PAUSE
930,0.000000,1.000000,0.011828,PAUSE
931,0.000000,0.000000,0.018143,PAUSE
932,0.000000,1.000000,0.010311,PAUSE
933,0.000000,0.000000,0.029370,PAUSE
934,0.000000,0.000000,0.101403,PAUSE
935,1.000000,1.000000,0.050109,PAUSE
936,1.000000,1.000000,0.022534,PAUSE
937,0.000000,0.000000,0.031353,PAUSE
938,0.000000,0.000000,0.095851,PAUSE
939,0.000000,0.000000,0.221858,PAUSE
940,0.000000,0.000000,0.383502,PAUSE
941,0.000000,0.000000,0.545089,ALLOW
942,0.000000,1.000000,0.241164,PAUSE
943,0.000000,0.000000,0.181529,PAUSE
944,0.000000,1.000000,0.081864,PAUSE
945,0.000000,0.000000,0.081836,PAUSE
946,0.000000,0.000000,0.166350,PAUSE
947,1.000000,1.000000,0.078671,PAUSE
948,0.000000,0.000000,0.089224,PAUSE
949,0.000000,0.000000,0.182995,PAUSE
950,0.000000,0.000000,0.331538,PAUSE
951,0.000000,0.000000,0.494504,PAUSE
952,0.000000,0.000000,0.640803,ALLOW
953,0.000000,0.000000,0.756476,ALLOW
954,0.000000,0.000000,0.840517,ALLOW
955,0.000000,0.000000,0.898152,ALLOW
956,0.000000,0.000000,0.936130,ALLOW
957,0.000000,0.000000,0.960464,ALLOW
958,0.000000,0.000000,0.975753,ALLOW
959,0.000000,0.000000,0.985228,ALLOW
960,0.000000,0.000000,0.991042,ALLOW
961,1.000000,1.000000,0.426198,PAUSE
962,0.000000,0.000000,0.269477,PAUSE
963,0.000000,1.000000,0.117924,PAUSE
964,0.000000,1.000000,0.049751,PAUSE
965,0.000000,0.000000,0.042723,PAUSE
966,0.000000,0.000000,0.101476,PAUSE
967,0.000000,0.000000,0.225528,PAUSE
968,1.000000,1.000000,0.104954,PAUSE
969,0.000000,0.000000,0.106907,PAUSE
970,0.000000,0.000000,0.200782,PAUSE
971,0.000000,0.000000,0.349768,PAUSE
972,1.000000,1.000000,0.158386,PAUSE
973,0.000000,0.000000,0.137701,PAUSE
974,0.000000,0.000000,0.226483,PAUSE
975,0.000000,0.000000,0.373518,PAUSE
976,1.000000,1.000000,0.168435,PAUSE
977,0.000000,0.000000,0.143038,PAUSE
978,0.000000,0.000000,0.230433,PAUSE
979,0.000000,0.000000,0.376892,PAUSE
980,0.000000,0.000000,0.534385,ALLOW
981,0.000000,0.000000,0.672536,ALLOW
982,0.000000,0.000000,0.779784,ALLOW
983,0.000000,0.000000,0.856661,ALLOW
984,0.000000,0.000000,0.908875,ALLOW
985,0.000000,0.000000,0.943041,ALLOW
986,1.000000,1.000000,0.406472,PAUSE
987,0.000000,0.000000,0.260534,PAUSE
988,1.000000,1.000000,0.114282,PAUSE
989,0.000000,0.000000,0.097359,PAUSE
990,0.000000,0.000000,0.176692,PAUSE
991,0.000000,0.000000,0.318825,PAUSE
992,0.000000,0.000000,0.480784,PAUSE
993,1.000000,1.000000,0.214052,PAUSE
994,0.000000,0.000000,0.167580,PAUSE
995,0.000000,0.000000,0.248759,PAUSE
996,1.000000,1.000000,0.114093,PAUSE
997,0.000000,1.000000,0.048849,PAUSE
998,0.000000,1.000000,0.020835,PAUSE
999,1.000000,1.000000,0.009085,PAUSE
1000,0.000000,0.000000,0.014518,PAUSE
1001,0.000000,1.000000,0.008501,PAUSE
1002,0.000000,1.000000,0.004566,PAUSE
1003,0.000000,1.000000,0.002532,PAUSE
1004,1.000000,1.000000,0.001534,PAUSE
1005,0.000000,0.000000,0.009357,PAUSE
1006,0.000000,0.000000,0.051198,PAUSE
1007,0.000000,0.000000,0.151406,PAUSE
1008,0.000000,0.000000,0.301263,PAUSE
1009,0.000000,0.000000,0.467359,PAUSE
1010,0.000000,0.000000,0.618809,ALLOW
1011,0.000000,0.000000,0.740096,ALLOW
1012,0.000000,0.000000,0.829057,ALLOW
1013,0.000000,1.000000,0.359447,PAUSE
1014,1.000000,1.000000,0.148511,PAUSE
1015,1.000000,1.000000,0.061039,PAUSE
1016,0.000000,0.000000,0.041765,PAUSE
1017,0.000000,1.000000,0.020270,PAUSE
1018,1.000000,1.000000,0.009487,PAUSE
1019,1.000000,1.000000,0.004575,PAUSE
1020,0.000000,0.000000,0.012961,PAUSE
1021,0.000000,0.000000,0.060034,PAUSE
1022,0.000000,0.000000,0.166826,PAUSE
1023,0.000000,0.000000,0.320313,PAUSE
1024,0.000000,0.000000,0.486001,PAUSE
1025,0.000000,0.000000,0.634448,ALLOW
1026,1.000000,1.000000,0.278581,PAUSE
1027,0.000000,1.000000,0.115849,PAUSE
1028,0.000000,0.000000,0.077839,PAUSE
1029,1.000000,1.000000,0.036233,PAUSE
1030,0.000000,1.000000,0.016202,PAUSE
1031,0.000000,1.000000,0.007368,PAUSE
1032,0.000000,0.000000,0.014972,PAUSE
1033,0.000000,0.000000,0.063442,PAUSE
1034,0.000000,0.000000,0.172219,PAUSE
1035,0.000000,0.000000,0.326739,PAUSE
1036,0.000000,0.000000,0.492174,PAUSE
1037,0.000000,1.000000,0.218911,PAUSE
1038,0.000000,0.000000,0.170205,PAUSE
1039,0.000000,1.000000,0.077175,PAUSE
1040,0.000000,0.000000,0.079452,PAUSE
1041,0.000000,1.000000,0.038392,PAUSE
1042,0.000000,0.000000,0.055482,PAUSE
1043,0.000000,1.000000,0.028087,PAUSE
1044,0.000000,0.000000,0.048690,PAUSE
1045,1.000000,1.000000,0.025132,PAUSE
1046,0.000000,0.000000,0.046591,PAUSE
1047,0.000000,1.000000,0.024209,PAUSE
1048,0.000000,0.000000,0.045898,PAUSE
1049,0.000000,0.000000,0.129683,PAUSE
1050,0.000000,1.000000,0.062746,PAUSE
1051,0.000000,1.000000,0.027791,PAUSE
1052,0.000000,0.000000,0.034524,PAUSE
1053,0.000000,0.000000,0.099490,PAUSE
1054,1.000000,1.000000,0.049088,PAUSE
1055,1.000000,1.000000,0.022086,PAUSE
1056,0.000000,0.000000,0.030955,PAUSE
1057,0.000000,0.000000,0.095204,PAUSE
1058,0.000000,1.000000,0.047186,PAUSE
1059,0.000000,1.000000,0.021295,PAUSE
1060,1.000000,1.000000,0.009611,PAUSE
1061,0.000000,0.000000,0.017475,PAUSE
1062,0.000000,0.000000,0.068929,PAUSE
1063,0.000000,0.000000,0.181188,PAUSE
1064,0.000000,0.000000,0.337400,PAUSE
1065,0.000000,0.000000,0.502356,ALLOW
1066,0.000000,0.000000,0.647977,ALLOW
1067,1.000000,1.000000,0.284228,PAUSE
1068,0.000000,0.000000,0.202900,PAUSE
1069,0.000000,0.000000,0.272368,PAUSE
1070,1.000000,1.000000,0.123988,PAUSE
1071,0.000000,0.000000,0.115305,PAUSE
1072,0.000000,0.000000,0.205283,PAUSE
1073,0.000000,0.000000,0.352735,PAUSE
1074,1.000000,1.000000,0.159621,PAUSE
1075,0.000000,0.000000,0.138311,PAUSE
1076,0.000000,0.000000,0.226887,PAUSE
1077,0.000000,0.000000,0.373838,PAUSE
1078,0.000000,0.000000,0.531839,ALLOW
1079,0.000000,0.000000,0.670568,ALLOW
1080,0.000000,0.000000,0.778361,ALLOW
1081,0.000000,0.000000,0.855685,ALLOW
1082,0.000000,0.000000,0.908231,ALLOW
1083,0.000000,0.000000,0.942628,ALLOW
1084,0.000000,0.000000,0.964566,ALLOW
1085,0.000000,0.000000,0.978304,ALLOW
1086,0.000000,0.000000,0.986796,ALLOW
1087,0.000000,0.000000,0.991999,ALLOW
1088,0.000000,0.000000,0.995167,ALLOW
1089,0.000000,0.000000,0.997086,ALLOW
1090,0.000000,0.000000,0.998246,ALLOW
1091,0.000000,0.000000,0.998945,ALLOW
1092,0.000000,0.000000,0.999366,ALLOW
1093,1.000000,1.000000,0.429612,PAUSE
1094,0.000000,0.000000,0.271012,PAUSE
1095,0.000000,1.000000,0.118548,PAUSE
1096,0.000000,0.000000,0.099297,PAUSE
1097,1.000000,1.000000,0.046595,PAUSE
1098,0.000000,1.000000,0.020684,PAUSE
1099,0.000000,1.000000,0.009262,PAUSE
1100,0.000000,0.000000,0.016533,PAUSE
1101,0.000000,1.000000,0.009587,PAUSE
1102,1.000000,1.000000,0.005072,PAUSE
1103,0.000000,0.000000,0.016707,PAUSE
1104,0.000000,0.000000,0.071436,PAUSE
1105,0.000000,0.000000,0.186342,PAUSE
1106,0.000000,0.000000,0.343734,PAUSE
1107,0.000000,0.000000,0.508433,ALLOW
1108,0.000000,0.000000,0.652990,ALLOW
1109,0.000000,0.000000,0.765818,ALLOW
1110,0.000000,0.000000,0.847131,ALLOW
1111,1.000000,1.000000,0.366920,PAUSE
1112,0.000000,0.000000,0.242307,PAUSE
1113,0.000000,0.000000,0.296159,PAUSE
1114,0.000000,0.000000,0.428122,PAUSE
1115,0.000000,0.000000,0.574699,ALLOW
1116,0.000000,1.000000,0.253422,PAUSE
1117,0.000000,1.000000,0.105649,PAUSE
1118,0.000000,0.000000,0.073174,PAUSE
1119,0.000000,0.000000,0.130509,PAUSE
1120,0.000000,0.000000,0.258491,PAUSE
1121,0.000000,0.000000,0.419583,PAUSE
1122,0.000000,0.000000,0.576366,ALLOW
1123,0.000000,0.000000,0.706973,ALLOW
1124,0.000000,0.000000,0.805256,ALLOW
1125,1.000000,1.000000,0.349595,PAUSE
1126,0.000000,0.000000,0.234198,PAUSE
1127,0.000000,0.000000,0.291437,PAUSE
1128,0.000000,0.000000,0.424851,PAUSE
1129,0.000000,0.000000,0.572310,ALLOW
1130,0.000000,0.000000,0.701025,ALLOW
1131,0.000000,0.000000,0.800025,ALLOW
1132,0.000000,0.000000,0.870399,ALLOW
1133,0.000000,0.000000,0.917880,ALLOW
1134,0.000000,0.000000,0.948797,ALLOW
1135,0.000000,1.000000,0.408839,PAUSE
1136,0.000000,0.000000,0.261612,PAUSE
1137,0.000000,0.000000,0.307039,PAUSE
1138,0.000000,0.000000,0.435409,PAUSE
1139,0.000000,0.000000,0.579904,ALLOW
1140,0.000000,0.000000,0.706432,ALLOW
1141,0.000000,0.000000,0.803751,ALLOW
1142,1.000000,1.000000,0.348952,PAUSE
1143,0.000000,1.000000,0.144275,PAUSE
1144,0.000000,0.000000,0.090382,PAUSE
1145,0.000000,0.000000,0.140808,PAUSE
1146,0.000000,0.000000,0.266759,PAUSE
1147,0.000000,0.000000,0.426690,PAUSE
1148,0.000000,0.000000,0.582147,ALLOW
1149,1.000000,1.000000,0.256681,PAUSE
1150,0.000000,0.000000,0.189259,PAUSE
1151,0.000000,1.000000,0.085054,PAUSE
1152,0.000000,1.000000,0.036481,PAUSE
1153,1.000000,1.000000,0.015696,PAUSE
1154,0.000000,0.000000,0.019988,PAUSE
1155,0.000000,0.000000,0.070148,PAUSE
1156,0.000000,0.000000,0.181995,PAUSE
1157,0.000000,0.000000,0.338053,PAUSE
1158,1.000000,1.000000,0.153526,PAUSE
1159,0.000000,0.000000,0.135338,PAUSE
1160,0.000000,0.000000,0.224957,PAUSE
1161,0.000000,0.000000,0.372332,PAUSE
1162,0.000000,0.000000,0.530642,ALLOW
1163,1.000000,1.000000,0.235030,PAUSE
1164,0.000000,0.000000,0.178289,PAUSE
1165,0.000000,1.000000,0.080516,PAUSE
1166,0.000000,0.000000,0.081133,PAUSE
1167,0.000000,1.000000,0.039092,PAUSE
1168,0.000000,0.000000,0.055864,PAUSE
1169,0.000000,0.000000,0.140915,PAUSE
1170,0.000000,0.000000,0.283167,PAUSE
1171,0.000000,0.000000,0.447960,PAUSE
1172,1.000000,1.000000,0.200230,PAUSE
1173,0.000000,0.000000,0.160474,PAUSE
1174,0.000000,1.000000,0.073132,PAUSE
1175,1.000000,1.000000,0.031648,PAUSE
1176,0.000000,0.000000,0.034477,PAUSE
1177,0.000000,1.000000,0.017880,PAUSE
1178,0.000000,0.000000,0.037231,PAUSE
1179,0.000000,0.000000,0.114483,PAUSE
1180,0.000000,0.000000,0.250057,PAUSE
1181,0.000000,0.000000,0.414345,PAUSE
1182,0.000000,0.000000,0.572823,ALLOW
1183,0.000000,0.000000,0.704543,ALLOW
1184,0.000000,0.000000,0.803617,ALLOW
1185,0.000000,0.000000,0.873222,ALLOW
1186,1.000000,1.000000,0.377697,PAUSE
1187,0.000000,0.000000,0.247311,PAUSE
1188,0.000000,0.000000,0.299027,PAUSE
1189,0.000000,0.000000,0.430076,PAUSE
1190,0.000000,0.000000,0.576111,ALLOW
1191,0.000000,0.000000,0.703750,ALLOW
1192,0.000000,0.000000,0.801909,ALLOW
1193,0.000000,0.000000,0.871657,ALLOW
1194,0.000000,0.000000,0.918697,ALLOW
1195,0.000000,0.000000,0.949316,ALLOW
1196,0.000000,0.000000,0.968761,ALLOW
1197,0.000000,0.000000,0.980901,ALLOW
1198,0.000000,0.000000,0.988390,ALLOW
1199,0.000000,0.000000,0.992970,ALLOW
1200,0.000000,0.000000,0.995756,ALLOW
1201,0.000000,0.000000,0.997442,ALLOW
1202,0.000000,0.000000,0.998461,ALLOW
1203,0.000000,0.000000,0.999075,ALLOW
1204,0.000000,0.000000,0.999444,ALLOW
1205,0.000000,0.000000,0.999666,ALLOW
1206,0.000000,0.000000,0.999800,ALLOW
1207,0.000000,0.000000,0.999880,ALLOW
1208,0.000000,0.000000,0.999928,ALLOW
1209,0.000000,0.000000,0.999957,ALLOW
1210,0.000000,0.000000,0.999974,ALLOW
1211,0.000000,0.000000,0.999984,ALLOW
1212,0.000000,0.000000,0.999991,ALLOW
1213,0.000000,0.000000,0.999994,ALLOW
1214,0.000000,0.000000,0.999997,ALLOW
1215,0.000000,0.000000,0.999998,ALLOW
1216,0.000000,0.000000,0.999999,ALLOW
1217,0.000000,0.000000,0.999999,ALLOW
1218,0.000000,0.000000,1.000000,ALLOW
1219,1.000000,1.000000,0.429872,PAUSE
1220,1.000000,1.000000,0.176887,PAUSE
1221,0.000000,1.000000,0.072432,PAUSE
1222,0.000000,1.000000,0.029850,PAUSE
1223,1.000000,1.000000,0.012535,PAUSE
1224,0.000000,0.000000,0.014472,PAUSE
1225,0.000000,1.000000,0.008265,PAUSE
1226,0.000000,0.000000,0.025569,PAUSE
1227,0.000000,0.000000,0.093366,PAUSE
1228,0.000000,0.000000,0.220638,PAUSE
1229,0.000000,0.000000,0.382797,PAUSE
1230,0.000000,0.000000,0.544634,ALLOW
1231,1.000000,1.000000,0.240975,PAUSE
1232,0.000000,0.000000,0.181441,PAUSE
1233,0.000000,1.000000,0.081827,PAUSE
1234,1.000000,1.000000,0.035175,PAUSE
1235,0.000000,1.000000,0.015169,PAUSE
1236,0.000000,1.000000,0.006749,PAUSE
1237,0.000000,1.000000,0.003210,PAUSE
1238,0.000000,0.000000,0.009918,PAUSE
1239,1.000000,1.000000,0.006312,PAUSE
1240,0.000000,0.000000,0.024069,PAUSE
1241,0.000000,0.000000,0.091145,PAUSE
1242,0.000000,0.000000,0.217597,PAUSE
1243,0.000000,0.000000,0.379500,PAUSE
1244,0.000000,0.000000,0.541653,ALLOW
1245,0.000000,0.000000,0.679896,ALLOW
1246,0.000000,0.000000,0.785696,ALLOW
1247,0.000000,0.000000,0.860923,ALLOW
1248,0.000000,1.000000,0.372618,PAUSE
1249,0.000000,1.000000,0.153822,PAUSE
1250,0.000000,0.000000,0.094539,PAUSE
1251,0.000000,0.000000,0.143121,PAUSE
1252,0.000000,0.000000,0.268466,PAUSE
1253,0.000000,0.000000,0.428086,PAUSE
1254,0.000000,1.000000,0.191748,PAUSE
1255,0.000000,1.000000,0.080640,PAUSE
1256,1.000000,1.000000,0.033721,PAUSE
1257,0.000000,1.000000,0.014297,PAUSE
1258,0.000000,0.000000,0.017094,PAUSE
1259,0.000000,0.000000,0.062406,PAUSE
1260,0.000000,1.000000,0.032129,PAUSE
1261,0.000000,1.000000,0.014948,PAUSE
1262,0.000000,0.000000,0.026125,PAUSE
1263,1.000000,1.000000,0.014348,PAUSE
1264,0.000000,0.000000,0.034967,PAUSE
1265,0.000000,0.000000,0.111876,PAUSE
1266,0.000000,0.000000,0.246914,PAUSE
1267,1.000000,1.000000,0.114318,PAUSE
1268,1.000000,1.000000,0.049065,PAUSE
1269,1.000000,1.000000,0.020952,PAUSE
1270,0.000000,0.000000,0.023682,PAUSE
1271,0.000000,0.000000,0.075862,PAUSE
1272,0.000000,0.000000,0.190492,PAUSE
1273,0.000000,0.000000,0.347824,PAUSE
1274,0.000000,0.000000,0.512074,ALLOW
1275,1.000000,1.000000,0.227287,PAUSE
1276,0.000000,0.000000,0.174490,PAUSE
1277,0.000000,0.000000,0.253665,PAUSE
1278,0.000000,0.000000,0.396563,PAUSE
1279,0.000000,0.000000,0.550583,ALLOW
1280,0.000000,0.000000,0.684967,ALLOW
1281,1.000000,1.000000,0.299614,PAUSE
1282,1.000000,1.000000,0.124350,PAUSE
1283,0.000000,1.000000,0.051327,PAUSE
1284,0.000000,0.000000,0.037575,PAUSE
1285,0.000000,0.000000,0.085859,PAUSE
1286,0.000000,1.000000,0.042633,PAUSE
1287,0.000000,1.000000,0.019341,PAUSE
1288,0.000000,0.000000,0.028966,PAUSE
1289,0.000000,0.000000,0.092390,PAUSE
1290,0.000000,0.000000,0.217141,PAUSE
1291,0.000000,0.000000,0.378392,PAUSE
1292,0.000000,0.000000,0.540469,ALLOW
1293,0.000000,0.000000,0.678894,ALLOW
1294,0.000000,0.000000,0.784944,ALLOW
1295,0.000000,0.000000,0.860398,ALLOW
1296,0.000000,0.000000,0.911412,ALLOW
1297,0.000000,0.000000,0.944696,ALLOW
1298,0.000000,0.000000,0.965877,ALLOW
1299,0.000000,1.000000,0.415863,PAUSE
1300,0.000000,1.000000,0.171247,PAUSE
1301,0.000000,1.000000,0.070169,PAUSE
1302,0.000000,0.000000,0.045639,PAUSE
1303,0.000000,0.000000,0.090392,PAUSE
1304,0.000000,0.000000,0.204484,PAUSE
1305,0.000000,0.000000,0.361661,PAUSE
1306,0.000000,0.000000,0.524357,ALLOW
1307,0.000000,0.000000,0.665695,ALLOW
1308,0.000000,1.000000,0.291614,PAUSE
1309,0.000000,1.000000,0.121119,PAUSE
1310,0.000000,0.000000,0.080189,PAUSE
1311,0.000000,0.000000,0.134934,PAUSE
1312,0.000000,1.000000,0.064342,PAUSE
1313,1.000000,1.000000,0.028354,PAUSE
1314,0.000000,0.000000,0.034353,PAUSE
1315,1.000000,1.000000,0.017963,PAUSE
1316,0.000000,1.000000,0.008712,PAUSE
1317,0.000000,1.000000,0.004314,PAUSE
1318,0.000000,0.000000,0.013271,PAUSE
1319,0.000000,0.000000,0.061376,PAUSE
1320,0.000000,0.000000,0.169257,PAUSE
1321,0.000000,0.000000,0.323298,PAUSE
1322,0.000000,0.000000,0.488897,PAUSE
1323,1.000000,1.000000,0.217530,PAUSE
1324,0.000000,0.000000,0.169496,PAUSE
1325,0.000000,0.000000,0.250223,PAUSE
1326,0.000000,0.000000,0.393794,PAUSE
1327,0.000000,0.000000,0.548365,ALLOW
1328,0.000000,0.000000,0.683289,ALLOW
1329,0.000000,1.000000,0.298917,PAUSE
1330,0.000000,0.000000,0.209976,PAUSE
1331,0.000000,0.000000,0.276738,PAUSE
1332,0.000000,1.000000,0.125809,PAUSE
1333,0.000000,1.000000,0.053605,PAUSE
1334,1.000000,1.000000,0.022754,PAUSE
1335,0.000000,0.000000,0.024309,PAUSE
1336,0.000000,0.000000,0.075867,PAUSE
1337,0.000000,1.000000,0.038302,PAUSE
1338,0.000000,0.000000,0.060161,PAUSE
1339,0.000000,1.000000,0.030365,PAUSE
1340,0.000000,0.000000,0.051130,PAUSE
1341,0.000000,0.000000,0.136809,PAUSE
1342,1.000000,1.000000,0.065888,PAUSE
1343,0.000000,1.000000,0.029091,PAUSE
1344,0.000000,0.000000,0.035269,PAUSE
1345,0.000000,0.000000,0.100280,PAUSE
1346,0.000000,0.000000,0.227388,PAUSE
1347,0.000000,1.000000,0.105810,PAUSE
1348,0.000000,0.000000,0.107544,PAUSE
1349,0.000000,0.000000,0.201466,PAUSE
1350,0.000000,0.000000,0.350481,PAUSE
1351,0.000000,1.000000,0.158689,PAUSE
1352,0.000000,1.000000,0.067179,PAUSE
1353,0.000000,0.000000,0.055214,PAUSE
1354,0.000000,0.000000,0.118186,PAUSE
1355,0.000000,0.000000,0.247212,PAUSE
1356,0.000000,0.000000,0.409196,PAUSE
1357,1.000000,1.000000,0.183791,PAUSE
1358,0.000000,0.000000,0.151739,PAUSE
1359,0.000000,0.000000,0.237406,PAUSE
1360,0.000000,0.000000,0.383111,PAUSE
1361,0.000000,0.000000,0.539639,ALLOW
1362,0.000000,0.000000,0.676620,ALLOW
1363,0.000000,0.000000,0.782740,ALLOW
1364,1.000000,1.000000,0.340259,PAUSE
1365,1.000000,1.000000,0.140768,PAUSE
1366,0.000000,0.000000,0.088855,PAUSE
1367,1.000000,1.000000,0.040741,PAUSE
1368,0.000000,0.000000,0.051033,PAUSE
1369,0.000000,0.000000,0.128990,PAUSE
1370,1.000000,1.000000,0.062307,PAUSE
1371,1.000000,1.000000,0.027591,PAUSE
1372,0.000000,0.000000,0.034319,PAUSE
1373,0.000000,0.000000,0.099131,PAUSE
1374,0.000000,0.000000,0.225923,PAUSE
1375,0.000000,0.000000,0.387773,PAUSE
1376,1.000000,1.000000,0.174715,PAUSE
1377,0.000000,0.000000,0.146922,PAUSE
1378,0.000000,0.000000,0.233864,PAUSE
1379,1.000000,1.000000,0.107813,PAUSE
1380,1.000000,1.000000,0.046295,PAUSE
1381,0.000000,0.000000,0.044332,PAUSE
1382,0.000000,0.000000,0.108592,PAUSE
1383,1.000000,1.000000,0.053062,PAUSE
1384,0.000000,0.000000,0.071494,PAUSE
1385,0.000000,0.000000,0.164129,PAUSE
1386,0.000000,0.000000,0.311397,PAUSE
1387,0.000000,1.000000,0.142044,PAUSE
1388,0.000000,0.000000,0.128739,PAUSE
1389,0.000000,0.000000,0.219522,PAUSE
1390,0.000000,0.000000,0.367376,PAUSE
1391,0.000000,0.000000,0.526399,ALLOW
1392,0.000000,0.000000,0.666336,ALLOW
1393,1.000000,1.000000,0.291864,PAUSE
1394,0.000000,0.000000,0.206579,PAUSE
1395,1.000000,1.000000,0.092191,PAUSE
1396,0.000000,0.000000,0.086940,PAUSE
1397,0.000000,1.000000,0.041507,PAUSE
1398,0.000000,1.000000,0.018622,PAUSE
1399,0.000000,0.000000,0.027146,PAUSE
1400,0.000000,1.000000,0.014704,PAUSE
1401,1.000000,1.000000,0.007325,PAUSE
1402,0.000000,0.000000,0.019033,PAUSE
1403,0.000000,1.000000,0.011021,PAUSE
1404,0.000000,1.000000,0.005751,PAUSE
1405,0.000000,0.000000,0.017717,PAUSE
1406,0.000000,0.000000,0.073776,PAUSE
1407,0.000000,0.000000,0.190091,PAUSE
1408,0.000000,1.000000,0.089582,PAUSE
1409,0.000000,0.000000,0.097540,PAUSE
1410,0.000000,0.000000,0.192288,PAUSE
1411,1.000000,1.000000,0.090087,PAUSE
1412,0.000000,0.000000,0.096716,PAUSE
1413,0.000000,0.000000,0.190424,PAUSE
1414,1.000000,1.000000,0.089262,PAUSE
1415,0.000000,0.000000,0.096167,PAUSE
1416,0.000000,0.000000,0.189875,PAUSE
1417,0.000000,0.000000,0.338583,PAUSE
1418,0.000000,0.000000,0.500919,ALLOW
1419,0.000000,0.000000,0.646006,ALLOW
1420,1.000000,1.000000,0.283392,PAUSE
1421,0.000000,1.000000,0.117793,PAUSE
1422,0.000000,0.000000,0.078703,PAUSE
1423,0.000000,1.000000,0.036587,PAUSE
1424,0.000000,0.000000,0.048998,PAUSE
1425,1.000000,1.000000,0.024970,PAUSE
1426,0.000000,0.000000,0.045411,PAUSE
1427,0.000000,0.000000,0.128022,PAUSE
1428,1.000000,1.000000,0.061995,PAUSE
1429,0.000000,0.000000,0.078623,PAUSE
1430,0.000000,0.000000,0.172655,PAUSE
1431,0.000000,0.000000,0.320929,PAUSE
1432,0.000000,0.000000,0.484793,PAUSE
1433,0.000000,0.000000,0.632891,ALLOW
1434,0.000000,0.000000,0.750577,ALLOW
1435,0.000000,0.000000,0.836391,ALLOW
1436,0.000000,0.000000,0.895394,ALLOW
1437,0.000000,0.000000,0.934344,ALLOW
1438,0.000000,0.000000,0.959334,ALLOW
1439,0.000000,0.000000,0.975049,ALLOW
1440,0.000000,0.000000,0.984794,ALLOW
1441,0.000000,1.000000,0.423633,PAUSE
1442,0.000000,0.000000,0.268321,PAUSE
1443,0.000000,1.000000,0.117454,PAUSE
1444,0.000000,0.000000,0.098802,PAUSE
1445,0.000000,0.000000,0.177548,PAUSE
1446,0.000000,0.000000,0.319469,PAUSE
1447,0.000000,0.000000,0.481299,PAUSE
1448,1.000000,1.000000,0.214268,PAUSE
1449,0.000000,0.000000,0.167688,PAUSE
1450,0.000000,0.000000,0.248831,PAUSE
1451,0.000000,0.000000,0.392590,PAUSE
1452,1.000000,1.000000,0.176469,PAUSE
1453,0.000000,0.000000,0.147216,PAUSE
1454,0.000000,0.000000,0.233426,PAUSE
1455,0.000000,0.000000,0.379391,PAUSE
1456,0.000000,0.000000,0.536436,ALLOW
1457,0.000000,0.000000,0.674111,ALLOW
1458,0.000000,0.000000,0.780917,ALLOW
1459,1.000000,1.000000,0.339504,PAUSE
1460,0.000000,0.000000,0.229429,PAUSE
1461,1.000000,1.000000,0.101571,PAUSE
1462,0.000000,0.000000,0.091443,PAUSE
1463,1.000000,1.000000,0.043369,PAUSE
1464,0.000000,0.000000,0.058127,PAUSE
1465,0.000000,0.000000,0.142795,PAUSE
1466,0.000000,1.000000,0.068465,PAUSE
1467,0.000000,0.000000,0.082874,PAUSE
1468,0.000000,0.000000,0.176956,PAUSE
1469,1.000000,1.000000,0.083460,PAUSE
1470,1.000000,1.000000,0.036337,PAUSE
1471,0.000000,0.000000,0.039274,PAUSE
1472,0.000000,0.000000,0.104280,PAUSE
1473,0.000000,1.000000,0.051191,PAUSE
1474,0.000000,1.000000,0.022956,PAUSE
1475,1.000000,1.000000,0.010292,PAUSE
1476,1.000000,1.000000,0.004801,PAUSE
1477,0.000000,0.000000,0.012212,PAUSE
1478,0.000000,0.000000,0.057216,PAUSE
1479,1.000000,1.000000,0.029799,PAUSE
1480,0.000000,0.000000,0.053133,PAUSE
1481,0.000000,0.000000,0.141559,PAUSE
1482,0.000000,1.000000,0.068014,PAUSE
1483,0.000000,0.000000,0.082820,PAUSE
1484,0.000000,1.000000,0.040298,PAUSE
1485,0.000000,0.000000,0.058246,PAUSE
1486,1.000000,1.000000,0.029367,PAUSE
1487,1.000000,1.000000,0.013645,PAUSE
1488,0.000000,0.000000,0.024434,PAUSE
1489,0.000000,0.000000,0.085315,PAUSE
1490,0.000000,0.000000,0.207176,PAUSE
1491,0.000000,0.000000,0.367423,PAUSE
1492,0.000000,0.000000,0.530463,ALLOW
1493,0.000000,0.000000,0.670871,ALLOW
1494,0.000000,1.000000,0.293775,PAUSE
1495,0.000000,0.000000,0.207549,PAUSE
1496,0.000000,0.000000,0.275293,PAUSE
1497,0.000000,0.000000,0.413236,PAUSE
1498,0.000000,0.000000,0.563611,ALLOW
1499,0.000000,1.000000,0.248806,PAUSE
1500,0.000000,0.000000,0.185102,PAUSE
1501,0.000000,0.000000,0.260542,PAUSE
1502,0.000000,1.000000,0.119035,PAUSE
1503,0.000000,0.000000,0.112737,PAUSE
1504,0.000000,1.000000,0.052976,PAUSE
1505,0.000000,0.000000,0.065780,PAUSE
1506,0.000000,0.000000,0.152436,PAUSE
1507,1.000000,1.000000,0.072693,PAUSE
1508,0.000000,1.000000,0.031893,PAUSE
1509,0.000000,1.000000,0.013955,PAUSE
1510,0.000000,0.000000,0.019976,PAUSE
1511,0.000000,0.000000,0.071988,PAUSE
1512,0.000000,0.000000,0.185456,PAUSE
1513,0.000000,0.000000,0.342245,PAUSE
1514,0.000000,0.000000,0.506899,ALLOW
1515,0.000000,0.000000,0.651693,ALLOW
1516,1.000000,1.000000,0.285778,PAUSE
1517,0.000000,1.000000,0.118759,PAUSE
1518,0.000000,0.000000,0.079139,PAUSE
1519,0.000000,0.000000,0.134307,PAUSE
1520,0.000000,1.000000,0.064079,PAUSE
1521,0.000000,0.000000,0.078158,PAUSE
1522,1.000000,1.000000,0.038191,PAUSE
1523,0.000000,0.000000,0.056545,PAUSE
1524,0.000000,0.000000,0.143020,PAUSE
1525,0.000000,0.000000,0.286106,PAUSE
1526,0.000000,0.000000,0.450989,PAUSE
1527,0.000000,0.000000,0.604514,ALLOW
1528,1.000000,1.000000,0.266065,PAUSE
1529,0.000000,0.000000,0.193961,PAUSE
1530,0.000000,0.000000,0.266631,PAUSE
1531,0.000000,0.000000,0.406709,PAUSE
1532,0.000000,0.000000,0.558580,ALLOW
1533,0.000000,0.000000,0.690962,ALLOW
1534,0.000000,0.000000,0.792975,ALLOW
1535,0.000000,0.000000,0.865654,ALLOW
1536,1.000000,1.000000,0.374567,PAUSE
1537,0.000000,0.000000,0.245851,PAUSE
1538,0.000000,0.000000,0.298183,PAUSE
1539,1.000000,1.000000,0.134718,PAUSE
1540,0.000000,0.000000,0.120650,PAUSE
1541,0.000000,0.000000,0.208947,PAUSE
1542,0.000000,0.000000,0.355755,PAUSE
1543,0.000000,0.000000,0.515698,ALLOW
1544,0.000000,0.000000,0.657680,ALLOW
1545,0.000000,1.000000,0.288256,PAUSE
1546,0.000000,0.000000,0.204824,PAUSE
1547,0.000000,1.000000,0.091469,PAUSE
1548,0.000000,1.000000,0.039077,PAUSE
1549,0.000000,0.000000,0.037962,PAUSE
1550,0.000000,1.000000,0.019332,PAUSE
1551,0.000000,0.000000,0.038065,PAUSE
1552,0.000000,0.000000,0.115318,PAUSE
1553,1.000000,1.000000,0.056327,PAUSE
1554,0.000000,0.000000,0.074582,PAUSE
1555,0.000000,0.000000,0.168227,PAUSE
1556,0.000000,0.000000,0.316138,PAUSE
1557,0.000000,0.000000,0.480305,PAUSE
1558,1.000000,1.000000,0.213883,PAUSE
1559,0.000000,0.000000,0.167562,PAUSE
1560,0.000000,0.000000,0.248818,PAUSE
1561,0.000000,0.000000,0.392621,PAUSE
1562,0.000000,0.000000,0.547408,ALLOW
1563,0.000000,0.000000,0.682559,ALLOW
1564,0.000000,1.000000,0.298613,PAUSE
1565,0.000000,1.000000,0.123945,PAUSE
1566,0.000000,0.000000,0.081434,PAUSE
1567,0.000000,0.000000,0.135653,PAUSE
1568,0.000000,0.000000,0.262789,PAUSE
1569,0.000000,0.000000,0.423359,PAUSE
1570,0.000000,0.000000,0.579469,ALLOW
1571,1.000000,1.000000,0.255563,PAUSE
1572,0.000000,0.000000,0.188709,PAUSE
1573,0.000000,0.000000,0.263166,PAUSE
1574,0.000000,1.000000,0.120140,PAUSE
1575,1.000000,1.000000,0.051306,PAUSE
1576,0.000000,0.000000,0.046726,PAUSE
1577,0.000000,0.000000,0.110371,PAUSE
1578,0.000000,0.000000,0.238517,PAUSE
1579,0.000000,1.000000,0.110597,PAUSE
1580,0.000000,1.000000,0.047530,PAUSE
1581,0.000000,0.000000,0.045414,PAUSE
1582,0.000000,0.000000,0.110263,PAUSE
1583,1.000000,1.000000,0.053809,PAUSE
1584,1.000000,1.000000,0.024038,PAUSE
1585,0.000000,0.000000,0.032084,PAUSE
1586,1.000000,1.000000,0.016996,PAUSE
1587,0.000000,0.000000,0.037197,PAUSE
1588,0.000000,0.000000,0.115103,PAUSE
1589,0.000000,0.000000,0.251084,PAUSE
1590,0.000000,0.000000,0.415475,PAUSE
1591,0.000000,0.000000,0.573834,ALLOW
1592,1.000000,1.000000,0.253222,PAUSE
1593,1.000000,1.000000,0.105585,PAUSE
1594,0.000000,0.000000,0.073217,PAUSE
1595,0.000000,0.000000,0.130663,PAUSE
1596,1.000000,1.000000,0.062544,PAUSE
1597,0.000000,0.000000,0.077308,PAUSE
1598,0.000000,0.000000,0.169699,PAUSE
1599,0.000000,0.000000,0.317138,PAUSE
1600,0.000000,0.000000,0.481056,PAUSE
1601,0.000000,0.000000,0.629754,ALLOW
1602,0.000000,0.000000,0.748204,ALLOW
1603,1.000000,1.000000,0.325940,PAUSE
1604,0.000000,0.000000,0.223007,PAUSE
1605,0.000000,0.000000,0.284778,PAUSE
1606,0.000000,0.000000,0.420142,PAUSE
1607,0.000000,0.000000,0.568822,ALLOW
1608,0.000000,0.000000,0.698500,ALLOW
1609,0.000000,0.000000,0.798268,ALLOW
1610,1.000000,1.000000,0.346686,PAUSE
1611,0.000000,0.000000,0.232800,PAUSE
1612,0.000000,0.000000,0.290583,PAUSE
1613,0.000000,0.000000,0.424234,PAUSE
1614,0.000000,1.000000,0.189715,PAUSE
1615,0.000000,0.000000,0.153899,PAUSE
1616,0.000000,1.000000,0.070343,PAUSE
1617,0.000000,0.000000,0.075722,PAUSE
1618,0.000000,0.000000,0.161430,PAUSE
1619,0.000000,0.000000,0.305510,PAUSE
1620,0.000000,0.000000,0.469263,PAUSE
1621,0.000000,0.000000,0.619724,ALLOW
1622,0.000000,0.000000,0.740566,ALLOW
1623,0.000000,0.000000,0.829313,ALLOW
1624,0.000000,0.000000,0.890632,ALLOW
1625,0.000000,1.000000,0.384880,PAUSE
1626,0.000000,1.000000,0.158765,PAUSE
1627,0.000000,0.000000,0.096675,PAUSE
1628,0.000000,0.000000,0.144278,PAUSE
1629,1.000000,1.000000,0.068245,PAUSE
1630,0.000000,0.000000,0.080364,PAUSE
1631,0.000000,0.000000,0.172153,PAUSE
1632,0.000000,0.000000,0.319444,PAUSE
1633,0.000000,0.000000,0.483107,PAUSE
1634,0.000000,1.000000,0.215058,PAUSE
1635,0.000000,0.000000,0.168155,PAUSE
1636,1.000000,1.000000,0.076321,PAUSE
1637,0.000000,0.000000,0.079003,PAUSE
1638,0.000000,0.000000,0.164208,PAUSE
1639,0.000000,0.000000,0.308233,PAUSE
1640,0.000000,1.000000,0.140642,PAUSE
1641,1.000000,1.000000,0.059821,PAUSE
1642,0.000000,0.000000,0.051624,PAUSE
1643,0.000000,1.000000,0.025369,PAUSE
1644,0.000000,1.000000,0.011779,PAUSE
1645,0.000000,0.000000,0.022044,PAUSE
1646,0.000000,1.000000,0.012380,PAUSE
1647,0.000000,0.000000,0.032639,PAUSE
1648,0.000000,0.000000,0.107816,PAUSE
1649,0.000000,0.000000,0.241387,PAUSE
1650,0.000000,0.000000,0.405302,PAUSE
1651,0.000000,0.000000,0.564858,ALLOW
1652,0.000000,0.000000,0.698304,ALLOW
1653,0.000000,0.000000,0.799108,ALLOW
1654,0.000000,0.000000,0.870141,ALLOW
1655,0.000000,0.000000,0.917845,ALLOW
1656,0.000000,0.000000,0.948824,ALLOW
1657,0.000000,1.000000,0.408851,PAUSE
1658,0.000000,1.000000,0.168424,PAUSE
1659,0.000000,0.000000,0.100826,PAUSE
1660,0.000000,0.000000,0.146486,PAUSE
1661,0.000000,0.000000,0.270835,PAUSE
1662,0.000000,1.000000,0.124347,PAUSE
1663,0.000000,0.000000,0.117964,PAUSE
1664,0.000000,0.000000,0.209975,PAUSE
1665,0.000000,0.000000,0.358297,PAUSE
1666,0.000000,0.000000,0.518467,ALLOW
1667,1.000000,1.000000,0.229924,PAUSE
1668,0.000000,0.000000,0.175722,PAUSE
1669,0.000000,0.000000,0.254392,PAUSE
1670,0.000000,0.000000,0.397079,PAUSE
1671,1.000000,1.000000,0.178355,PAUSE
1672,0.000000,0.000000,0.148183,PAUSE
1673,1.000000,1.000000,0.067978,PAUSE
1674,0.000000,0.000000,0.074517,PAUSE
1675,0.000000,0.000000,0.160520,PAUSE
1676,0.000000,0.000000,0.304674,PAUSE
1677,0.000000,0.000000,0.468520,PAUSE
1678,0.000000,0.000000,0.619122,ALLOW
1679,0.000000,0.000000,0.740117,ALLOW
1680,1.000000,1.000000,0.322581,PAUSE
1681,1.000000,1.000000,0.133631,PAUSE
1682,1.000000,1.000000,0.055059,PAUSE
1683,1.000000,1.000000,0.022879,PAUSE
1684,0.000000,0.000000,0.020912,PAUSE
1685,0.000000,1.000000,0.011187,PAUSE
1686,1.000000,1.000000,0.005674,PAUSE
1687,0.000000,1.000000,0.002987,PAUSE
1688,0.000000,0.000000,0.011778,PAUSE
1689,0.000000,0.000000,0.057928,PAUSE
1690,0.000000,0.000000,0.163416,PAUSE
1691,0.000000,0.000000,0.316204,PAUSE
1692,0.000000,1.000000,0.144183,PAUSE
1693,0.000000,0.000000,0.130128,PAUSE
1694,0.000000,0.000000,0.220824,PAUSE
1695,0.000000,0.000000,0.368641,PAUSE
1696,1.000000,1.000000,0.166378,PAUSE
1697,1.000000,1.000000,0.070306,PAUSE
1698,0.000000,0.000000,0.056698,PAUSE
1699,0.000000,0.000000,0.119252,PAUSE
1700,0.000000,0.000000,0.248229,PAUSE
1701,0.000000,1.000000,0.114768,PAUSE
1702,0.000000,1.000000,0.049235,PAUSE
1703,1.000000,1.000000,0.021018,PAUSE
1704,0.000000,0.000000,0.023692,PAUSE
1705,0.000000,0.000000,0.075824,PAUSE
1706,0.000000,0.000000,0.190417,PAUSE
1707,0.000000,0.000000,0.347732,PAUSE
1708,0.000000,0.000000,0.511986,ALLOW
1709,1.000000,1.000000,0.227250,PAUSE
1710,0.000000,0.000000,0.174471,PAUSE
1711,0.000000,1.000000,0.078943,PAUSE
1712,0.000000,1.000000,0.034006,PAUSE
1713,1.000000,1.000000,0.014698,PAUSE
1714,0.000000,0.000000,0.019525,PAUSE
1715,0.000000,0.000000,0.069792,PAUSE
1716,0.000000,0.000000,0.181598,PAUSE
1717,0.000000,0.000000,0.337631,PAUSE
1718,0.000000,0.000000,0.502504,ALLOW
1719,0.000000,0.000000,0.648077,ALLOW
1720,0.000000,0.000000,0.762139,ALLOW
1721,0.000000,1.000000,0.331726,PAUSE
1722,1.000000,1.000000,0.137324,PAUSE
1723,0.000000,0.000000,0.087350,PAUSE
1724,0.000000,0.000000,0.139113,PAUSE
1725,0.000000,0.000000,0.265497,PAUSE
1726,0.000000,0.000000,0.425653,PAUSE
1727,0.000000,1.000000,0.190727,PAUSE
1728,0.000000,0.000000,0.155336,PAUSE
1729,0.000000,0.000000,0.239956,PAUSE
1730,0.000000,0.000000,0.385218,PAUSE
1731,0.000000,0.000000,0.541355,ALLOW
1732,0.000000,0.000000,0.677931,ALLOW
1733,0.000000,0.000000,0.783681,ALLOW
1734,0.000000,0.000000,0.859332,ALLOW
1735,0.000000,0.000000,0.910636,ALLOW
1736,1.000000,1.000000,0.393127,PAUSE
1737,0.000000,0.000000,0.254425,PAUSE
1738,0.000000,0.000000,0.303045,PAUSE
1739,0.000000,0.000000,0.432773,PAUSE
1740,0.000000,1.000000,0.193270,PAUSE
1741,1.000000,1.000000,0.081208,PAUSE
1742,0.000000,1.000000,0.033939,PAUSE
1743,0.000000,0.000000,0.029759,PAUSE
1744,0.000000,0.000000,0.080564,PAUSE
1745,0.000000,0.000000,0.195637,PAUSE
1746,0.000000,0.000000,0.353190,PAUSE
1747,0.000000,0.000000,0.516939,ALLOW
1748,0.000000,0.000000,0.659819,ALLOW
1749,1.000000,1.000000,0.289166,PAUSE
1750,0.000000,0.000000,0.205305,PAUSE
1751,0.000000,1.000000,0.091669,PAUSE
1752,0.000000,1.000000,0.039158,PAUSE
1753,0.000000,1.000000,0.016775,PAUSE
1754,0.000000,0.000000,0.020481,PAUSE
1755,0.000000,0.000000,0.070513,PAUSE
1756,1.000000,1.000000,0.035882,PAUSE
1757,0.000000,0.000000,0.058242,PAUSE
1758,0.000000,0.000000,0.148229,PAUSE
1759,0.000000,0.000000,0.293318,PAUSE
1760,0.000000,0.000000,0.458378,PAUSE
1761,0.000000,0.000000,0.610867,ALLOW
1762,0.000000,0.000000,0.733936,ALLOW
1763,0.000000,0.000000,0.824654,ALLOW
1764,0.000000,0.000000,0.887504,ALLOW
1765,0.000000,0.000000,0.929216,ALLOW
1766,0.000000,0.000000,0.956080,ALLOW
1767,0.000000,0.000000,0.973018,ALLOW
1768,0.000000,0.000000,0.983541,ALLOW
1769,0.000000,0.000000,0.990011,ALLOW
1770,0.000000,0.000000,0.993958,ALLOW
1771,1.000000,1.000000,0.427394,PAUSE
1772,1.000000,1.000000,0.175890,PAUSE
1773,0.000000,0.000000,0.104012,PAUSE
1774,0.000000,0.000000,0.148141,PAUSE
1775,0.000000,0.000000,0.271952,PAUSE
1776,0.000000,0.000000,0.430826,PAUSE
1777,0.000000,0.000000,0.585387,ALLOW
1778,0.000000,1.000000,0.258032,PAUSE
1779,0.000000,0.000000,0.189919,PAUSE
1780,0.000000,0.000000,0.263939,PAUSE
1781,0.000000,0.000000,0.404606,PAUSE
1782,0.000000,0.000000,0.556926,ALLOW
1783,0.000000,1.000000,0.246019,PAUSE
1784,1.000000,1.000000,0.102656,PAUSE
1785,0.000000,0.000000,0.071837,PAUSE
1786,0.000000,0.000000,0.129700,PAUSE
1787,0.000000,0.000000,0.257831,PAUSE
1788,0.000000,1.000000,0.118859,PAUSE
1789,0.000000,0.000000,0.115034,PAUSE
1790,0.000000,0.000000,0.207749,PAUSE
1791,0.000000,0.000000,0.356339,PAUSE
1792,0.000000,1.000000,0.161170,PAUSE
1793,1.000000,1.000000,0.068188,PAUSE
1794,0.000000,0.000000,0.055693,PAUSE
1795,0.000000,0.000000,0.118531,PAUSE
1796,0.000000,0.000000,0.247542,PAUSE
1797,1.000000,1.000000,0.114475,PAUSE
1798,0.000000,1.000000,0.049116,PAUSE
1799,0.000000,0.000000,0.046216,PAUSE
1800,0.000000,0.000000,0.110933,PAUSE
1801,0.000000,0.000000,0.239715,PAUSE
1802,0.000000,0.000000,0.401898,PAUSE
1803,0.000000,0.000000,0.561352,ALLOW
1804,0.000000,0.000000,0.695391,ALLOW
1805,0.000000,0.000000,0.796944,ALLOW
1806,0.000000,0.000000,0.868641,ALLOW
1807,1.000000,1.000000,0.375805,PAUSE
1808,1.000000,1.000000,0.155107,PAUSE
1809,0.000000,0.000000,0.095095,PAUSE
1810,0.000000,0.000000,0.143423,PAUSE
1811,1.000000,1.000000,0.067890,PAUSE
1812,0.000000,0.000000,0.080182,PAUSE
1813,0.000000,0.000000,0.172016,PAUSE
1814,0.000000,0.000000,0.319321,PAUSE
1815,0.000000,0.000000,0.482999,PAUSE
1816,0.000000,0.000000,0.631323,ALLOW
1817,0.000000,0.000000,0.749371,ALLOW
1818,0.000000,0.000000,0.835535,ALLOW
1819,0.000000,0.000000,0.894817,ALLOW
1820,0.000000,1.000000,0.386606,PAUSE
1821,0.000000,0.000000,0.251426,PAUSE
1822,0.000000,0.000000,0.301361,PAUSE
1823,0.000000,0.000000,0.431648,PAUSE
1824,0.000000,1.000000,0.192802,PAUSE
1825,0.000000,0.000000,0.155416,PAUSE
1826,1.000000,1.000000,0.070969,PAUSE
1827,0.000000,0.000000,0.076034,PAUSE
1828,0.000000,0.000000,0.161657,PAUSE
1829,0.000000,1.000000,0.076664,PAUSE
1830,0.000000,0.000000,0.088050,PAUSE
1831,0.000000,0.000000,0.181956,PAUSE
1832,0.000000,0.000000,0.330523,PAUSE
1833,0.000000,1.000000,0.150202,PAUSE
1834,0.000000,1.000000,0.063723,PAUSE
1835,0.000000,0.000000,0.053551,PAUSE
1836,0.000000,0.000000,0.116949,PAUSE
1837,0.000000,0.000000,0.246002,PAUSE
1838,0.000000,0.000000,0.408046,PAUSE
1839,0.000000,0.000000,0.566658,ALLOW
1840,0.000000,0.000000,0.699518,ALLOW
1841,0.000000,0.000000,0.799920,ALLOW
1842,0.000000,0.000000,0.870673,ALLOW
1843,1.000000,1.000000,0.376644,PAUSE
1844,0.000000,0.000000,0.246823,PAUSE
1845,0.000000,0.000000,0.298748,PAUSE
1846,0.000000,0.000000,0.429886,PAUSE
1847,0.000000,0.000000,0.575974,ALLOW
1848,1.000000,1.000000,0.253952,PAUSE
1849,0.000000,0.000000,0.187599,PAUSE
1850,1.000000,1.000000,0.084354,PAUSE
1851,0.000000,0.000000,0.083029,PAUSE
1852,0.000000,0.000000,0.167150,PAUSE
1853,0.000000,0.000000,0.310867,PAUSE
1854,0.000000,0.000000,0.474052,PAUSE
1855,0.000000,0.000000,0.623613,ALLOW
1856,1.000000,1.000000,0.274041,PAUSE
1857,0.000000,0.000000,0.197880,PAUSE
1858,1.000000,1.000000,0.088611,PAUSE
1859,0.000000,0.000000,0.085191,PAUSE
1860,1.000000,1.000000,0.040782,PAUSE
1861,0.000000,0.000000,0.056782,PAUSE
1862,0.000000,0.000000,0.141709,PAUSE
1863,1.000000,1.000000,0.068000,PAUSE
1864,0.000000,0.000000,0.082596,PAUSE
1865,0.000000,0.000000,0.176702,PAUSE
1866,0.000000,0.000000,0.325170,PAUSE
1867,0.000000,1.000000,0.147924,PAUSE
1868,0.000000,0.000000,0.132002,PAUSE
1869,0.000000,1.000000,0.061230,PAUSE
1870,0.000000,0.000000,0.070914,PAUSE
1871,0.000000,0.000000,0.157575,PAUSE
1872,0.000000,0.000000,0.301832,PAUSE
1873,1.000000,1.000000,0.137920,PAUSE
1874,0.000000,0.000000,0.126352,PAUSE
1875,0.000000,0.000000,0.217530,PAUSE
1876,0.000000,0.000000,0.365543,PAUSE
1877,0.000000,0.000000,0.524821,ALLOW
1878,0.000000,0.000000,0.665096,ALLOW
1879,0.000000,0.000000,0.774389,ALLOW
1880,0.000000,1.000000,0.336800,PAUSE
1881,1.000000,1.000000,0.139372,PAUSE
1882,0.000000,1.000000,0.057367,PAUSE
1883,0.000000,0.000000,0.040190,PAUSE
1884,0.000000,0.000000,0.087401,PAUSE
1885,0.000000,0.000000,0.202148,PAUSE
1886,0.000000,0.000000,0.359589,PAUSE
1887,0.000000,0.000000,0.522601,ALLOW
1888,0.000000,0.000000,0.664325,ALLOW
1889,1.000000,1.000000,0.291043,PAUSE
1890,0.000000,0.000000,0.206216,PAUSE
1891,0.000000,0.000000,0.274451,PAUSE
1892,0.000000,0.000000,0.412607,PAUSE
1893,0.000000,0.000000,0.563128,ALLOW
1894,0.000000,0.000000,0.694331,ALLOW
1895,0.000000,0.000000,0.795349,ALLOW
1896,0.000000,0.000000,0.867257,ALLOW
1897,0.000000,0.000000,0.915834,ALLOW
1898,0.000000,0.000000,0.947495,ALLOW
1899,0.000000,1.000000,0.408304,PAUSE
1900,0.000000,1.000000,0.168203,PAUSE
1901,0.000000,0.000000,0.100731,PAUSE
1902,0.000000,0.000000,0.146436,PAUSE
1903,0.000000,0.000000,0.270800,PAUSE
1904,1.000000,1.000000,0.124332,PAUSE
1905,0.000000,0.000000,0.117956,PAUSE
1906,0.000000,0.000000,0.209970,PAUSE
1907,0.000000,0.000000,0.358293,PAUSE
1908,0.000000,0.000000,0.518463,ALLOW
1909,0.000000,0.000000,0.660054,ALLOW
1910,0.000000,0.000000,0.770696,ALLOW
1911,0.000000,0.000000,0.850401,ALLOW
1912,0.000000,0.000000,0.904732,ALLOW
1913,0.000000,0.000000,0.940378,ALLOW
1914,0.000000,0.000000,0.963148,ALLOW
1915,0.000000,1.000000,0.414741,PAUSE
1916,0.000000,0.000000,0.264297,PAUSE
1917,0.000000,0.000000,0.308514,PAUSE
1918,0.000000,0.000000,0.436370,PAUSE
1919,0.000000,0.000000,0.580578,ALLOW
1920,0.000000,1.000000,0.255864,PAUSE
1921,0.000000,0.000000,0.188518,PAUSE
1922,0.000000,0.000000,0.262683,PAUSE
1923,0.000000,0.000000,0.403439,PAUSE
1924,0.000000,0.000000,0.555933,ALLOW
1925,0.000000,1.000000,0.245603,PAUSE
1926,0.000000,1.000000,0.102487,PAUSE
1927,0.000000,0.000000,0.071760,PAUSE
1928,0.000000,0.000000,0.129652,PAUSE
1929,0.000000,1.000000,0.062114,PAUSE
1930,0.000000,1.000000,0.027445,PAUSE
1931,0.000000,1.000000,0.012119,PAUSE
1932,1.000000,1.000000,0.005544,PAUSE
1933,1.000000,1.000000,0.002735,PAUSE
1934,0.000000,0.000000,0.009797,PAUSE
1935,0.000000,1.000000,0.006275,PAUSE
1936,0.000000,0.000000,0.024116,PAUSE
1937,0.000000,0.000000,0.091305,PAUSE
1938,0.000000,1.000000,0.045550,PAUSE
1939,0.000000,1.000000,0.020628,PAUSE
1940,0.000000,1.000000,0.009341,PAUSE
1941,0.000000,0.000000,0.017342,PAUSE
1942,0.000000,1.000000,0.010017,PAUSE
1943,0.000000,0.000000,0.029383,PAUSE
1944,0.000000,0.000000,0.101685,PAUSE
1945,0.000000,0.000000,0.232810,PAUSE
1946,0.000000,1.000000,0.108209,PAUSE
1947,1.000000,1.000000,0.046561,PAUSE
1948,0.000000,0.000000,0.044961,PAUSE
1949,0.000000,1.000000,0.022563,PAUSE
1950,0.000000,0.000000,0.041213,PAUSE
1951,0.000000,0.000000,0.120208,PAUSE
1952,0.000000,1.000000,0.058504,PAUSE
1953,0.000000,0.000000,0.076125,PAUSE
1954,0.000000,0.000000,0.169914,PAUSE
1955,0.000000,0.000000,0.317964,PAUSE
1956,0.000000,0.000000,0.482018,PAUSE
1957,0.000000,0.000000,0.630606,ALLOW
1958,0.000000,0.000000,0.748863,ALLOW
1959,0.000000,0.000000,0.835188,ALLOW
1960,0.000000,0.000000,0.894589,ALLOW
1961,1.000000,1.000000,0.386512,PAUSE
1962,0.000000,0.000000,0.251383,PAUSE
1963,0.000000,0.000000,0.301336,PAUSE
1964,1.000000,1.000000,0.136023,PAUSE
1965,0.000000,0.000000,0.121285,PAUSE
1966,0.000000,0.000000,0.209364,PAUSE
1967,0.000000,0.000000,0.356087,PAUSE
1968,0.000000,1.000000,0.161032,PAUSE
1969,0.000000,1.000000,0.068128,PAUSE
1970,0.000000,0.000000,0.055649,PAUSE
1971,1.000000,1.000000,0.027050,PAUSE
1972,1.000000,1.000000,0.012467,PAUSE
1973,1.000000,1.000000,0.005854,PAUSE
1974,1.000000,1.000000,0.002932,PAUSE
1975,0.000000,0.000000,0.010594,PAUSE
1976,0.000000,1.000000,0.006708,PAUSE
1977,0.000000,1.000000,0.003790,PAUSE
1978,0.000000,0.000000,0.015247,PAUSE
1979,0.000000,0.000000,0.068312,PAUSE
1980,0.000000,0.000000,0.181350,PAUSE
1981,1.000000,1.000000,0.085751,PAUSE
1982,0.000000,0.000000,0.095088,PAUSE
1983,0.000000,0.000000,0.189933,PAUSE
1984,0.000000,0.000000,0.339116,PAUSE
1985,1.000000,1.000000,0.153864,PAUSE
1986,0.000000,1.000000,0.065216,PAUSE
1987,0.000000,0.000000,0.054274,PAUSE
1988,1.000000,1.000000,0.026479,PAUSE
1989,0.000000,0.000000,0.043576,PAUSE
1990,0.000000,0.000000,0.122686,PAUSE
1991,1.000000,1.000000,0.059587,PAUSE
1992,0.000000,0.000000,0.076837,PAUSE
1993,0.000000,0.000000,0.170641,PAUSE
1994,0.000000,0.000000,0.318731,PAUSE
1995,0.000000,0.000000,0.482729,PAUSE
1996,1.000000,1.000000,0.214903,PAUSE
1997,0.000000,1.000000,0.090050,PAUSE
1998,0.000000,0.000000,0.066096,PAUSE
1999,1.000000,1.000000,0.031396,PAUSE
2000,0.000000,0.000000,0.046322,PAUSE
2001,0.000000,1.000000,0.023843,PAUSE
2002,0.000000,0.000000,0.044736,PAUSE
2003,0.000000,0.000000,0.127334,PAUSE
2004,0.000000,1.000000,0.061696,PAUSE
2005,0.000000,0.000000,0.078430,PAUSE
2006,0.000000,1.000000,0.038396,PAUSE
2007,0.000000,0.000000,0.056971,PAUSE
2008,0.000000,0.000000,0.143792,PAUSE
2009,0.000000,0.000000,0.287099,PAUSE
2010,0.000000,0.000000,0.451990,PAUSE
2011,0.000000,0.000000,0.605371,ALLOW
2012,0.000000,0.000000,0.729714,ALLOW
2013,0.000000,1.000000,0.318261,PAUSE
2014,0.000000,0.000000,0.219345,PAUSE
2015,0.000000,0.000000,0.282564,PAUSE
2016,0.000000,0.000000,0.418552,PAUSE
2017,0.000000,1.000000,0.187346,PAUSE
2018,0.000000,0.000000,0.152725,PAUSE
2019,0.000000,0.000000,0.237208,PAUSE
2020,0.000000,0.000000,0.382452,PAUSE
2021,1.000000,1.000000,0.172195,PAUSE
2022,0.000000,0.000000,0.144987,PAUSE
2023,0.000000,1.000000,0.066649,PAUSE
2024,0.000000,1.000000,0.029008,PAUSE
2025,0.000000,0.000000,0.033165,PAUSE
2026,0.000000,0.000000,0.094826,PAUSE
2027,1.000000,1.000000,0.046952,PAUSE
2028,0.000000,0.000000,0.067133,PAUSE
2029,1.000000,1.000000,0.033445,PAUSE
2030,1.000000,1.000000,0.015372,PAUSE
2031,0.000000,0.000000,0.025699,PAUSE
2032,1.000000,1.000000,0.014108,PAUSE
2033,0.000000,0.000000,0.034556,PAUSE
2034,0.000000,0.000000,0.111079,PAUSE
2035,0.000000,1.000000,0.054458,PAUSE
2036,0.000000,0.000000,0.073298,PAUSE
2037,1.000000,1.000000,0.036167,PAUSE
2038,1.000000,1.000000,0.016507,PAUSE
2039,0.000000,0.000000,0.026422,PAUSE
2040,1.000000,1.000000,0.014429,PAUSE
2041,1.000000,1.000000,0.007218,PAUSE
2042,1.000000,1.000000,0.003690,PAUSE
2043,0.000000,1.000000,0.002040,PAUSE
2044,0.000000,0.000000,0.009977,PAUSE
2045,0.000000,0.000000,0.052791,PAUSE
2046,0.000000,0.000000,0.154258,PAUSE
2047,0.000000,1.000000,0.073808,PAUSE
2048,0.000000,0.000000,0.087205,PAUSE
2049,0.000000,0.000000,0.182074,PAUSE
2050,1.000000,1.000000,0.085686,PAUSE
2051,0.000000,0.000000,0.094078,PAUSE
2052,0.000000,1.000000,0.045120,PAUSE
2053,1.000000,1.000000,0.020201,PAUSE
2054,0.000000,1.000000,0.009099,PAUSE
2055,0.000000,0.000000,0.016707,PAUSE
2056,0.000000,0.000000,0.067073,PAUSE
2057,0.000000,1.000000,0.034362,PAUSE
2058,0.000000,1.000000,0.015905,PAUSE
2059,0.000000,0.000000,0.026873,PAUSE
2060,0.000000,0.000000,0.089900,PAUSE
2061,0.000000,0.000000,0.213925,PAUSE
2062,0.000000,1.000000,0.099977,PAUSE
2063,0.000000,1.000000,0.043179,PAUSE
2064,0.000000,0.000000,0.043176,PAUSE
2065,0.000000,0.000000,0.108321,PAUSE
2066,0.000000,0.000000,0.236896,PAUSE
2067,0.000000,1.000000,0.109911,PAUSE
2068,1.000000,1.000000,0.047250,PAUSE
2069,0.000000,0.000000,0.045279,PAUSE
2070,1.000000,1.000000,0.022694,PAUSE
2071,0.000000,0.000000,0.041284,PAUSE
2072,0.000000,0.000000,0.120272,PAUSE
2073,0.000000,0.000000,0.257460,PAUSE
2074,0.000000,0.000000,0.421980,PAUSE
2075,0.000000,0.000000,0.579499,ALLOW
2076,0.000000,0.000000,0.709746,ALLOW
2077,0.000000,0.000000,0.807364,ALLOW
2078,0.000000,0.000000,0.875778,ALLOW
2079,0.000000,0.000000,0.921549,ALLOW
2080,0.000000,0.000000,0.951193,ALLOW
2081,0.000000,0.000000,0.969959,ALLOW
2082,0.000000,0.000000,0.981651,ALLOW
2083,0.000000,0.000000,0.988852,ALLOW
2084,0.000000,1.000000,0.425299,PAUSE
2085,1.000000,1.000000,0.175046,PAUSE
2086,0.000000,0.000000,0.103653,PAUSE
2087,0.000000,0.000000,0.147957,PAUSE
2088,0.000000,1.000000,0.069770,PAUSE
2089,0.000000,1.000000,0.030558,PAUSE
2090,0.000000,0.000000,0.035408,PAUSE
2091,0.000000,0.000000,0.099352,PAUSE
2092,0.000000,0.000000,0.225732,PAUSE
2093,0.000000,0.000000,0.387429,PAUSE
2094,0.000000,0.000000,0.548552,ALLOW
2095,0.000000,0.000000,0.685308,ALLOW
2096,0.000000,0.000000,0.789623,ALLOW
2097,0.000000,0.000000,0.863619,ALLOW
2098,0.000000,1.000000,0.373731,PAUSE
2099,0.000000,0.000000,0.245473,PAUSE
2100,0.000000,0.000000,0.297977,PAUSE
2101,0.000000,0.000000,0.429363,PAUSE
2102,0.000000,0.000000,0.575597,ALLOW
2103,0.000000,0.000000,0.703383,ALLOW
2104,0.000000,0.000000,0.801657,ALLOW
2105,1.000000,1.000000,0.348087,PAUSE
2106,0.000000,0.000000,0.233454,PAUSE
2107,0.000000,0.000000,0.290962,PAUSE
2108,0.000000,1.000000,0.131725,PAUSE
2109,0.000000,0.000000,0.119180,PAUSE
2110,0.000000,0.000000,0.207964,PAUSE
2111,0.000000,0.000000,0.354960,PAUSE
2112,0.000000,0.000000,0.515050,ALLOW
2113,0.000000,0.000000,0.657181,ALLOW
2114,0.000000,0.000000,0.768534,ALLOW
2115,0.000000,0.000000,0.848886,ALLOW
2116,0.000000,0.000000,0.903719,ALLOW
2117,0.000000,0.000000,0.939723,ALLOW
2118,0.000000,0.000000,0.962734,ALLOW
2119,0.000000,0.000000,0.977165,ALLOW
2120,0.000000,0.000000,0.986096,ALLOW
2121,0.000000,0.000000,0.991572,ALLOW
2122,0.000000,0.000000,0.994907,ALLOW
2123,0.000000,0.000000,0.996930,ALLOW
2124,0.000000,0.000000,0.998152,ALLOW
2125,0.000000,0.000000,0.998888,ALLOW
2126,0.000000,1.000000,0.429416,PAUSE
2127,0.000000,0.000000,0.270924,PAUSE
2128,0.000000,1.000000,0.118513,PAUSE
2129,0.000000,1.000000,0.049988,PAUSE
2130,1.000000,1.000000,0.021132,PAUSE
2131,0.000000,0.000000,0.022405,PAUSE
2132,0.000000,0.000000,0.071774,PAUSE
2133,1.000000,1.000000,0.036422,PAUSE
2134,0.000000,0.000000,0.058582,PAUSE
2135,0.000000,0.000000,0.148577,PAUSE
2136,0.000000,1.000000,0.071094,PAUSE
2137,0.000000,0.000000,0.084847,PAUSE
2138,0.000000,1.000000,0.041170,PAUSE
2139,0.000000,0.000000,0.058810,PAUSE
2140,0.000000,0.000000,0.145796,PAUSE
2141,0.000000,0.000000,0.289341,PAUSE
2142,1.000000,1.000000,0.132585,PAUSE
2143,0.000000,0.000000,0.123374,PAUSE
2144,0.000000,0.000000,0.215149,PAUSE
2145,0.000000,0.000000,0.363398,PAUSE
2146,0.000000,0.000000,0.522989,ALLOW
2147,0.000000,0.000000,0.663660,ALLOW
2148,0.000000,0.000000,0.773344,ALLOW
2149,0.000000,0.000000,0.852234,ALLOW
2150,0.000000,0.000000,0.905948,ALLOW
2151,1.000000,1.000000,0.391195,PAUSE
2152,1.000000,1.000000,0.161310,PAUSE
2153,1.000000,1.000000,0.066179,PAUSE
2154,1.000000,1.000000,0.027342,PAUSE
2155,1.000000,1.000000,0.011529,PAUSE
2156,0.000000,0.000000,0.014043,PAUSE
2157,0.000000,0.000000,0.055277,PAUSE
2158,1.000000,1.000000,0.028809,PAUSE
2159,1.000000,1.000000,0.013537,PAUSE
2160,0.000000,0.000000,0.025078,PAUSE
2161,1.000000,1.000000,0.013873,PAUSE
2162,0.000000,0.000000,0.034522,PAUSE
2163,0.000000,0.000000,0.111187,PAUSE
2164,0.000000,0.000000,0.246003,PAUSE
2165,0.000000,0.000000,0.410191,PAUSE
2166,0.000000,0.000000,0.569191,ALLOW
2167,0.000000,0.000000,0.701708,ALLOW
2168,0.000000,0.000000,0.801572,ALLOW
2169,0.000000,0.000000,0.871826,ALLOW
2170,1.000000,1.000000,0.377120,PAUSE
2171,1.000000,1.000000,0.155637,PAUSE
2172,0.000000,0.000000,0.095324,PAUSE
2173,0.000000,0.000000,0.143548,PAUSE
2174,0.000000,0.000000,0.268773,PAUSE
2175,0.000000,0.000000,0.428333,PAUSE
2176,0.000000,1.000000,0.191851,PAUSE
2177,0.000000,0.000000,0.155907,PAUSE
2178,1.000000,1.000000,0.071224,PAUSE
2179,0.000000,1.000000,0.030871,PAUSE
2180,0.000000,0.000000,0.034095,PAUSE
2181,0.000000,0.000000,0.095615,PAUSE
2182,0.000000,0.000000,0.219997,PAUSE
2183,0.000000,0.000000,0.381052,PAUSE
2184,0.000000,0.000000,0.542747,ALLOW
2185,0.000000,0.000000,0.680671,ALLOW
2186,0.000000,0.000000,0.786230,ALLOW
2187,0.000000,0.000000,0.861280,ALLOW
2188,1.000000,1.000000,0.372765,PAUSE
2189,0.000000,0.000000,0.245024,PAUSE
2190,0.000000,0.000000,0.297721,PAUSE
2191,0.000000,0.000000,0.429188,PAUSE
2192,1.000000,1.000000,0.191779,PAUSE
2193,0.000000,0.000000,0.154915,PAUSE
2194,1.000000,1.000000,0.070763,PAUSE
2195,0.000000,0.000000,0.075932,PAUSE
2196,0.000000,0.000000,0.161583,PAUSE
2197,0.000000,0.000000,0.305647,PAUSE
2198,0.000000,0.000000,0.469384,PAUSE
2199,0.000000,0.000000,0.619821,ALLOW
2200,0.000000,0.000000,0.740639,ALLOW
2201,0.000000,0.000000,0.829364,ALLOW
2202,0.000000,0.000000,0.890666,ALLOW
2203,1.000000,1.000000,0.384894,PAUSE
2204,0.000000,0.000000,0.250637,PAUSE
2205,0.000000,0.000000,0.300914,PAUSE
2206,1.000000,1.000000,0.135849,PAUSE
2207,0.000000,0.000000,0.121200,PAUSE
2208,0.000000,0.000000,0.209309,PAUSE
2209,0.000000,0.000000,0.356043,PAUSE
2210,0.000000,0.000000,0.515932,ALLOW
2211,0.000000,0.000000,0.657860,ALLOW
2212,0.000000,0.000000,0.769024,ALLOW
2213,0.000000,0.000000,0.849223,ALLOW
2214,1.000000,1.000000,0.367782,PAUSE
2215,0.000000,0.000000,0.242703,PAUSE
2216,0.000000,0.000000,0.296382,PAUSE
2217,0.000000,1.000000,0.133973,PAUSE
2218,0.000000,0.000000,0.120287,PAUSE
2219,0.000000,1.000000,0.056110,PAUSE
2220,1.000000,1.000000,0.024683,PAUSE
2221,0.000000,0.000000,0.030829,PAUSE
2222,0.000000,0.000000,0.092508,PAUSE
2223,0.000000,0.000000,0.216348,PAUSE
2224,1.000000,1.000000,0.101013,PAUSE
2225,0.000000,0.000000,0.104617,PAUSE
2226,0.000000,1.000000,0.049662,PAUSE
2227,0.000000,0.000000,0.064229,PAUSE
2228,0.000000,0.000000,0.151433,PAUSE
2229,0.000000,0.000000,0.295508,PAUSE
2230,1.000000,1.000000,0.135222,PAUSE
2231,0.000000,1.000000,0.057612,PAUSE
2232,0.000000,0.000000,0.050551,PAUSE
2233,0.000000,0.000000,0.114608,PAUSE
2234,0.000000,0.000000,0.243636,PAUSE
2235,0.000000,1.000000,0.112804,PAUSE
2236,1.000000,1.000000,0.048433,PAUSE
2237,0.000000,1.000000,0.020693,PAUSE
2238,1.000000,1.000000,0.009037,PAUSE
2239,1.000000,1.000000,0.004160,PAUSE
2240,0.000000,0.000000,0.010645,PAUSE
2241,1.000000,1.000000,0.006659,PAUSE
2242,0.000000,0.000000,0.024515,PAUSE
2243,0.000000,1.000000,0.013899,PAUSE
2244,1.000000,1.000000,0.007058,PAUSE
2245,0.000000,0.000000,0.019291,PAUSE
2246,0.000000,0.000000,0.077097,PAUSE
2247,0.000000,0.000000,0.195277,PAUSE
2248,0.000000,0.000000,0.354081,PAUSE
2249,1.000000,1.000000,0.160378,PAUSE
2250,0.000000,1.000000,0.067885,PAUSE
2251,0.000000,0.000000,0.055633,PAUSE
2252,0.000000,0.000000,0.118631,PAUSE
2253,0.000000,0.000000,0.247737,PAUSE
2254,0.000000,0.000000,0.409729,PAUSE
2255,0.000000,0.000000,0.568104,ALLOW
2256,1.000000,1.000000,0.250811,PAUSE
2257,0.000000,0.000000,0.186358,PAUSE
2258,0.000000,0.000000,0.261637,PAUSE
2259,0.000000,0.000000,0.402847,PAUSE
2260,0.000000,0.000000,0.555559,ALLOW
2261,0.000000,0.000000,0.688706,ALLOW
2262,0.000000,0.000000,0.791378,ALLOW
2263,1.000000,1.000000,0.343836,PAUSE
2264,0.000000,0.000000,0.231465,PAUSE
2265,0.000000,0.000000,0.289804,PAUSE
2266,0.000000,0.000000,0.423693,PAUSE
2267,0.000000,0.000000,0.571451,ALLOW
2268,0.000000,0.000000,0.700403,ALLOW
2269,0.000000,0.000000,0.799592,ALLOW
2270,0.000000,0.000000,0.870109,ALLOW
2271,1.000000,1.000000,0.376405,PAUSE
2272,0.000000,0.000000,0.246700,PAUSE
2273,0.000000,0.000000,0.298665,PAUSE
2274,1.000000,1.000000,0.134918,PAUSE
2275,0.000000,0.000000,0.120747,PAUSE
2276,0.000000,0.000000,0.209011,PAUSE
2277,0.000000,0.000000,0.355805,PAUSE
2278,0.000000,0.000000,0.515739,ALLOW
2279,0.000000,1.000000,0.228770,PAUSE
2280,0.000000,1.000000,0.095671,PAUSE
2281,0.000000,0.000000,0.068670,PAUSE
2282,0.000000,0.000000,0.127698,PAUSE
2283,1.000000,1.000000,0.061288,PAUSE
2284,1.000000,1.000000,0.027108,PAUSE
2285,0.000000,0.000000,0.033726,PAUSE
2286,0.000000,0.000000,0.098013,PAUSE
2287,0.000000,0.000000,0.224321,PAUSE
2288,0.000000,1.000000,0.104480,PAUSE
2289,1.000000,1.000000,0.045026,PAUSE
2290,0.000000,1.000000,0.019311,PAUSE
2291,1.000000,1.000000,0.008478,PAUSE
2292,1.000000,1.000000,0.003934,PAUSE
2293,0.000000,0.000000,0.010526,PAUSE
2294,1.000000,1.000000,0.006607,PAUSE
2295,0.000000,0.000000,0.024470,PAUSE
2296,0.000000,1.000000,0.013878,PAUSE
2297,0.000000,0.000000,0.035635,PAUSE
2298,0.000000,0.000000,0.113853,PAUSE
2299,0.000000,0.000000,0.249815,PAUSE
2300,0.000000,0.000000,0.414258,PAUSE
2301,1.000000,1.000000,0.185971,PAUSE
2302,0.000000,1.000000,0.078301,PAUSE
2303,0.000000,0.000000,0.060612,PAUSE
2304,0.000000,0.000000,0.122262,PAUSE
2305,0.000000,0.000000,0.251227,PAUSE
2306,0.000000,0.000000,0.413017,PAUSE
2307,1.000000,1.000000,0.185405,PAUSE
2308,0.000000,0.000000,0.152585,PAUSE
2309,0.000000,1.000000,0.069846,PAUSE
2310,0.000000,1.000000,0.030312,PAUSE
2311,0.000000,0.000000,0.033827,PAUSE
2312,0.000000,0.000000,0.095408,PAUSE
2313,0.000000,0.000000,0.219781,PAUSE
2314,0.000000,0.000000,0.380836,PAUSE
2315,1.000000,1.000000,0.171763,PAUSE
2316,0.000000,0.000000,0.145321,PAUSE
2317,0.000000,1.000000,0.066817,PAUSE
2318,0.000000,0.000000,0.074003,PAUSE
2319,0.000000,0.000000,0.160232,PAUSE
2320,0.000000,0.000000,0.304467,PAUSE
2321,0.000000,1.000000,0.139042,PAUSE
2322,0.000000,0.000000,0.126969,PAUSE
2323,1.000000,1.000000,0.059113,PAUSE
2324,0.000000,0.000000,0.069725,PAUSE
2325,0.000000,0.000000,0.156528,PAUSE
2326,0.000000,1.000000,0.074469,PAUSE
2327,0.000000,0.000000,0.086759,PAUSE
2328,0.000000,0.000000,0.180806,PAUSE
2329,0.000000,1.000000,0.085121,PAUSE
2330,1.000000,1.000000,0.037018,PAUSE
2331,0.000000,1.000000,0.016043,PAUSE
2332,0.000000,0.000000,0.021088,PAUSE
2333,0.000000,0.000000,0.073169,PAUSE
2334,1.000000,1.000000,0.037121,PAUSE
2335,0.000000,0.000000,0.059342,PAUSE
2336,1.000000,1.000000,0.030008,PAUSE
2337,0.000000,0.000000,0.050878,PAUSE
2338,1.000000,1.000000,0.026135,PAUSE
2339,0.000000,0.000000,0.047485,PAUSE
2340,0.000000,0.000000,0.131818,PAUSE
2341,0.000000,1.000000,0.063687,PAUSE
2342,0.000000,0.000000,0.079819,PAUSE
2343,0.000000,1.000000,0.038998,PAUSE
2344,0.000000,0.000000,0.057377,PAUSE
2345,0.000000,0.000000,0.144241,PAUSE
2346,0.000000,1.000000,0.069143,PAUSE
2347,0.000000,0.000000,0.083435,PAUSE
2348,0.000000,0.000000,0.177632,PAUSE
2349,1.000000,1.000000,0.083754,PAUSE
2350,1.000000,1.000000,0.036458,PAUSE
2351,1.000000,1.000000,0.015816,PAUSE
2352,0.000000,0.000000,0.020973,PAUSE
2353,0.000000,0.000000,0.073059,PAUSE
2354,0.000000,1.000000,0.037072,PAUSE
2355,0.000000,0.000000,0.059306,PAUSE
2356,1.000000,1.000000,0.029992,PAUSE
2357,0.000000,1.000000,0.013932,PAUSE
2358,1.000000,1.000000,0.006529,PAUSE
2359,1.000000,1.000000,0.003238,PAUSE
2360,1.000000,1.000000,0.001781,PAUSE
2361,1.000000,1.000000,0.001129,PAUSE
2362,0.000000,0.000000,0.008097,PAUSE
2363,1.000000,1.000000,0.005418,PAUSE
2364,0.000000,0.000000,0.022788,PAUSE
2365,0.000000,0.000000,0.088519,PAUSE
2366,0.000000,1.000000,0.044285,PAUSE
2367,0.000000,1.000000,0.020098,PAUSE
2368,0.000000,1.000000,0.009123,PAUSE
2369,0.000000,0.000000,0.017205,PAUSE
2370,0.000000,0.000000,0.068618,PAUSE
2371,1.000000,1.000000,0.035080,PAUSE
2372,0.000000,1.000000,0.016210,PAUSE
2373,1.000000,1.000000,0.007510,PAUSE
2374,0.000000,0.000000,0.016125,PAUSE
2375,0.000000,0.000000,0.066990,PAUSE
2376,1.000000,1.000000,0.034340,PAUSE
2377,0.000000,0.000000,0.057169,PAUSE
2378,1.000000,1.000000,0.029049,PAUSE
2379,0.000000,0.000000,0.050159,PAUSE
2380,0.000000,0.000000,0.135622,PAUSE
2381,1.000000,1.000000,0.065368,PAUSE
2382,0.000000,0.000000,0.080962,PAUSE
2383,0.000000,0.000000,0.175142,PAUSE
2384,0.000000,0.000000,0.323581,PAUSE
2385,1.000000,1.000000,0.147247,PAUSE
2386,0.000000,0.000000,0.131632,PAUSE
2387,1.000000,1.000000,0.061075,PAUSE
2388,0.000000,0.000000,0.070829,PAUSE
2389,0.000000,0.000000,0.157503,PAUSE
2390,0.000000,0.000000,0.301761,PAUSE
2391,1.000000,1.000000,0.137889,PAUSE
2392,1.000000,1.000000,0.058700,PAUSE
2393,0.000000,0.000000,0.051082,PAUSE
2394,1.000000,1.000000,0.025142,PAUSE
2395,1.000000,1.000000,0.011687,PAUSE
2396,0.000000,0.000000,0.021995,PAUSE
2397,0.000000,0.000000,0.080311,PAUSE
2398,0.000000,1.000000,0.040462,PAUSE
2399,0.000000,1.000000,0.018481,PAUSE
2400,0.000000,0.000000,0.028666,PAUSE
2401,0.000000,0.000000,0.092371,PAUSE
2402,0.000000,0.000000,0.217268,PAUSE
2403,0.000000,0.000000,0.378573,PAUSE
2404,0.000000,0.000000,0.540647,ALLOW
2405,0.000000,0.000000,0.679040,ALLOW
2406,1.000000,1.000000,0.297178,PAUSE
2407,0.000000,0.000000,0.209199,PAUSE
2408,0.000000,0.000000,0.276323,PAUSE
2409,0.000000,0.000000,0.413997,PAUSE
2410,1.000000,1.000000,0.185444,PAUSE
2411,1.000000,1.000000,0.078041,PAUSE
2412,0.000000,0.000000,0.060286,PAUSE
2413,0.000000,0.000000,0.121686,PAUSE
2414,0.000000,0.000000,0.250444,PAUSE
2415,0.000000,0.000000,0.412191,PAUSE
2416,1.000000,1.000000,0.185055,PAUSE
2417,0.000000,0.000000,0.152399,PAUSE
2418,1.000000,1.000000,0.069768,PAUSE
2419,0.000000,0.000000,0.075572,PAUSE
2420,1.000000,1.000000,0.036764,PAUSE
2421,0.000000,0.000000,0.054557,PAUSE
2422,0.000000,0.000000,0.139725,PAUSE
2423,0.000000,0.000000,0.281924,PAUSE
2424,0.000000,0.000000,0.446784,PAUSE
2425,0.000000,0.000000,0.600915,ALLOW
2426,1.000000,1.000000,0.264559,PAUSE
2427,0.000000,0.000000,0.193216,PAUSE
2428,0.000000,1.000000,0.086689,PAUSE
2429,0.000000,1.000000,0.037144,PAUSE
2430,0.000000,0.000000,0.037073,PAUSE
2431,0.000000,0.000000,0.097863,PAUSE
2432,1.000000,1.000000,0.048264,PAUSE
2433,1.000000,1.000000,0.021729,PAUSE
2434,0.000000,0.000000,0.030663,PAUSE
2435,0.000000,0.000000,0.094751,PAUSE
2436,0.000000,0.000000,0.220326,PAUSE
2437,0.000000,0.000000,0.381837,PAUSE
2438,0.000000,0.000000,0.543583,ALLOW
2439,0.000000,0.000000,0.681377,ALLOW
2440,0.000000,0.000000,0.786760,ALLOW
2441,0.000000,0.000000,0.861650,ALLOW
2442,0.000000,0.000000,0.912240,ALLOW
2443,0.000000,0.000000,0.945228,ALLOW
2444,0.000000,0.000000,0.966212,ALLOW
2445,1.000000,1.000000,0.416001,PAUSE
2446,0.000000,1.000000,0.171303,PAUSE
2447,0.000000,1.000000,0.070191,PAUSE
2448,0.000000,0.000000,0.045649,PAUSE
2449,0.000000,0.000000,0.090397,PAUSE
2450,0.000000,0.000000,0.204487,PAUSE
2451,1.000000,1.000000,0.095729,PAUSE
2452,1.000000,1.000000,0.041416,PAUSE
2453,0.000000,0.000000,0.042161,PAUSE
2454,0.000000,0.000000,0.107261,PAUSE
2455,0.000000,0.000000,0.235635,PAUSE
2456,0.000000,0.000000,0.397805,PAUSE
2457,0.000000,1.000000,0.178970,PAUSE
2458,0.000000,1.000000,0.075452,PAUSE
2459,0.000000,0.000000,0.059252,PAUSE
2460,0.000000,0.000000,0.121276,PAUSE
2461,0.000000,0.000000,0.250284,PAUSE
2462,0.000000,1.000000,0.115648,PAUSE
2463,0.000000,1.000000,0.049595,PAUSE
2464,0.000000,1.000000,0.021163,PAUSE
2465,0.000000,0.000000,0.023763,PAUSE
2466,0.000000,1.000000,0.012810,PAUSE
2467,0.000000,1.000000,0.006442,PAUSE
2468,0.000000,1.000000,0.003336,PAUSE
2469,1.000000,1.000000,0.001880,PAUSE
2470,0.000000,0.000000,0.009730,PAUSE
2471,0.000000,0.000000,0.052106,PAUSE
2472,0.000000,0.000000,0.153023,PAUSE
2473,0.000000,0.000000,0.303290,PAUSE
2474,0.000000,1.000000,0.138644,PAUSE
2475,0.000000,1.000000,0.059019,PAUSE
2476,0.000000,0.000000,0.051292,PAUSE
2477,0.000000,0.000000,0.115272,PAUSE
2478,0.000000,0.000000,0.244363,PAUSE
2479,0.000000,0.000000,0.406486,PAUSE
2480,0.000000,0.000000,0.565327,ALLOW
2481,1.000000,1.000000,0.249648,PAUSE
2482,0.000000,0.000000,0.185779,PAUSE
2483,0.000000,0.000000,0.261258,PAUSE
2484,0.000000,0.000000,0.402554,PAUSE
2485,1.000000,1.000000,0.180653,PAUSE
2486,0.000000,0.000000,0.149357,PAUSE
2487,0.000000,1.000000,0.068464,PAUSE
2488,1.000000,1.000000,0.029745,PAUSE
2489,0.000000,1.000000,0.012974,PAUSE
2490,0.000000,0.000000,0.018694,PAUSE
2491,1.000000,1.000000,0.010544,PAUSE
2492,0.000000,0.000000,0.029526,PAUSE
2493,0.000000,1.000000,0.016280,PAUSE
2494,0.000000,0.000000,0.038241,PAUSE
2495,0.000000,1.000000,0.020416,PAUSE
2496,1.000000,1.000000,0.009880,PAUSE
2497,0.000000,0.000000,0.021801,PAUSE
2498,0.000000,0.000000,0.081537,PAUSE
2499,1.000000,1.000000,0.041043,PAUSE
2500,0.000000,0.000000,0.062835,PAUSE
2501,0.000000,0.000000,0.154338,PAUSE
2502,1.000000,1.000000,0.073624,PAUSE
2503,1.000000,1.000000,0.032291,PAUSE
2504,1.000000,1.000000,0.014120,PAUSE
2505,0.000000,0.000000,0.020087,PAUSE
2506,0.000000,0.000000,0.072153,PAUSE
2507,0.000000,0.000000,0.185698,PAUSE
2508,0.000000,0.000000,0.342523,PAUSE
2509,0.000000,0.000000,0.507160,ALLOW
2510,0.000000,0.000000,0.651906,ALLOW
2511,0.000000,0.000000,0.764998,ALLOW
2512,0.000000,0.000000,0.846555,ALLOW
2513,0.000000,0.000000,0.902214,ALLOW
2514,1.000000,1.000000,0.389657,PAUSE
2515,0.000000,1.000000,0.160690,PAUSE
2516,0.000000,1.000000,0.065931,PAUSE
2517,0.000000,1.000000,0.027242,PAUSE
2518,0.000000,1.000000,0.011489,PAUSE
2519,0.000000,0.000000,0.014026,PAUSE
2520,0.000000,0.000000,0.055267,PAUSE
2521,0.000000,1.000000,0.028805,PAUSE
2522,0.000000,0.000000,0.051965,PAUSE
2523,0.000000,0.000000,0.139736,PAUSE
2524,0.000000,0.000000,0.283131,PAUSE
2525,0.000000,0.000000,0.448332,PAUSE
2526,0.000000,0.000000,0.602341,ALLOW
2527,0.000000,0.000000,0.727422,ALLOW
2528,0.000000,0.000000,0.820026,ALLOW
2529,1.000000,1.000000,0.355710,PAUSE
2530,0.000000,0.000000,0.237071,PAUSE
2531,0.000000,0.000000,0.293122,PAUSE
2532,0.000000,0.000000,0.426027,PAUSE
2533,0.000000,0.000000,0.573172,ALLOW
2534,0.000000,0.000000,0.701647,ALLOW
2535,0.000000,0.000000,0.800456,ALLOW
2536,1.000000,1.000000,0.347590,PAUSE
2537,0.000000,0.000000,0.233222,PAUSE
2538,1.000000,1.000000,0.103124,PAUSE
2539,0.000000,0.000000,0.092173,PAUSE
2540,0.000000,0.000000,0.173458,PAUSE
2541,0.000000,0.000000,0.316276,PAUSE
2542,0.000000,0.000000,0.478691,PAUSE
2543,0.000000,0.000000,0.627309,ALLOW
2544,0.000000,0.000000,0.746206,ALLOW
2545,0.000000,0.000000,0.833258,ALLOW
2546,1.000000,1.000000,0.361183,PAUSE
2547,1.000000,1.000000,0.149210,PAUSE
2548,0.000000,1.000000,0.061320,PAUSE
2549,0.000000,0.000000,0.041885,PAUSE
2550,0.000000,1.000000,0.020319,PAUSE
2551,0.000000,0.000000,0.035829,PAUSE
2552,0.000000,0.000000,0.109121,PAUSE
2553,0.000000,0.000000,0.241946,PAUSE
2554,0.000000,0.000000,0.405559,PAUSE
2555,0.000000,1.000000,0.182276,PAUSE
2556,0.000000,1.000000,0.076798,PAUSE
2557,0.000000,1.000000,0.032172,PAUSE
2558,0.000000,1.000000,0.013674,PAUSE
2559,0.000000,0.000000,0.016811,PAUSE
2560,0.000000,0.000000,0.062195,PAUSE
2561,0.000000,0.000000,0.168658,PAUSE
2562,1.000000,1.000000,0.080140,PAUSE
2563,0.000000,0.000000,0.091356,PAUSE
2564,0.000000,0.000000,0.186199,PAUSE
2565,0.000000,0.000000,0.335286,PAUSE
2566,0.000000,0.000000,0.498072,PAUSE
2567,0.000000,0.000000,0.643749,ALLOW
2568,0.000000,0.000000,0.758681,ALLOW
2569,1.000000,1.000000,0.330287,PAUSE
2570,0.000000,1.000000,0.136743,PAUSE
2571,0.000000,1.000000,0.056310,PAUSE
2572,1.000000,1.000000,0.023381,PAUSE
2573,0.000000,0.000000,0.021129,PAUSE
2574,0.000000,1.000000,0.011277,PAUSE
2575,0.000000,0.000000,0.028602,PAUSE
2576,1.000000,1.000000,0.015781,PAUSE
2577,1.000000,1.000000,0.007864,PAUSE
2578,0.000000,1.000000,0.003983,PAUSE
2579,0.000000,0.000000,0.013208,PAUSE
2580,0.000000,1.000000,0.008084,PAUSE
2581,0.000000,0.000000,0.027205,PAUSE
2582,0.000000,1.000000,0.015209,PAUSE
2583,0.000000,0.000000,0.037199,PAUSE
2584,0.000000,0.000000,0.116515,PAUSE
2585,0.000000,1.000000,0.056900,PAUSE
2586,0.000000,1.000000,0.025366,PAUSE
2587,1.000000,1.000000,0.011289,PAUSE
2588,0.000000,0.000000,0.018512,PAUSE
2589,0.000000,0.000000,0.070337,PAUSE
2590,0.000000,0.000000,0.183226,PAUSE
2591,0.000000,0.000000,0.339738,PAUSE
2592,0.000000,0.000000,0.504557,ALLOW
2593,0.000000,0.000000,0.649780,ALLOW
2594,0.000000,0.000000,0.763416,ALLOW
2595,0.000000,0.000000,0.845451,ALLOW
2596,0.000000,1.000000,0.366226,PAUSE
2597,0.000000,0.000000,0.241984,PAUSE
2598,1.000000,1.000000,0.106710,PAUSE
2599,0.000000,0.000000,0.093861,PAUSE
2600,0.000000,1.000000,0.044365,PAUSE
2601,0.000000,0.000000,0.058630,PAUSE
2602,1.000000,1.000000,0.029413,PAUSE
2603,0.000000,0.000000,0.049474,PAUSE
2604,1.000000,1.000000,0.025468,PAUSE
2605,0.000000,0.000000,0.046815,PAUSE
2606,0.000000,0.000000,0.130810,PAUSE
2607,1.000000,1.000000,0.063241,PAUSE
2608,0.000000,0.000000,0.079512,PAUSE
2609,0.000000,0.000000,0.173624,PAUSE
2610,0.000000,0.000000,0.321973,PAUSE
2611,0.000000,0.000000,0.485767,PAUSE
2612,0.000000,0.000000,0.633692,ALLOW
2613,0.000000,0.000000,0.751177,ALLOW
2614,0.000000,0.000000,0.836812,ALLOW
2615,1.000000,1.000000,0.362653,PAUSE
2616,0.000000,0.000000,0.240316,PAUSE
2617,0.000000,0.000000,0.295007,PAUSE
2618,0.000000,0.000000,0.427328,PAUSE
2619,0.000000,0.000000,0.574121,ALLOW
2620,0.000000,0.000000,0.702328,ALLOW
2621,0.000000,0.000000,0.800927,ALLOW
2622,1.000000,1.000000,0.347785,PAUSE
2623,1.000000,1.000000,0.143804,PAUSE
2624,0.000000,1.000000,0.059147,PAUSE
2625,0.000000,0.000000,0.040953,PAUSE
2626,0.000000,0.000000,0.087832,PAUSE
2627,0.000000,0.000000,0.202497,PAUSE
2628,0.000000,1.000000,0.094885,PAUSE
2629,0.000000,0.000000,0.100587,PAUSE
2630,0.000000,1.000000,0.047934,PAUSE
2631,1.000000,1.000000,0.021363,PAUSE
2632,1.000000,1.000000,0.009574,PAUSE
2633,1.000000,1.000000,0.004484,PAUSE
2634,0.000000,1.000000,0.002292,PAUSE
2635,0.000000,0.000000,0.009429,PAUSE
2636,1.000000,1.000000,0.006096,PAUSE
2637,0.000000,1.000000,0.003506,PAUSE
2638,0.000000,1.000000,0.002071,PAUSE
2639,0.000000,0.000000,0.010978,PAUSE
2640,0.000000,0.000000,0.056286,PAUSE
2641,0.000000,0.000000,0.160660,PAUSE
2642,1.000000,1.000000,0.076640,PAUSE
2643,1.000000,1.000000,0.033566,PAUSE
2644,1.000000,1.000000,0.014647,PAUSE
2645,0.000000,1.000000,0.006584,PAUSE
2646,0.000000,1.000000,0.003164,PAUSE
2647,0.000000,0.000000,0.010097,PAUSE
2648,0.000000,1.000000,0.006416,PAUSE
2649,0.000000,0.000000,0.024286,PAUSE
2650,0.000000,0.000000,0.091632,PAUSE
2651,0.000000,0.000000,0.218324,PAUSE
2652,0.000000,0.000000,0.380306,PAUSE
2653,0.000000,0.000000,0.542388,ALLOW
2654,1.000000,1.000000,0.240033,PAUSE
2655,0.000000,1.000000,0.100243,PAUSE
2656,0.000000,1.000000,0.041625,PAUSE
2657,0.000000,1.000000,0.017480,PAUSE
2658,0.000000,1.000000,0.007567,PAUSE
2659,0.000000,0.000000,0.012297,PAUSE
2660,0.000000,0.000000,0.054067,PAUSE
2661,0.000000,1.000000,0.028284,PAUSE
2662,0.000000,1.000000,0.013320,PAUSE
2663,0.000000,0.000000,0.024946,PAUSE
2664,0.000000,0.000000,0.087044,PAUSE
2665,1.000000,1.000000,0.043537,PAUSE
2666,0.000000,0.000000,0.064791,PAUSE
2667,1.000000,1.000000,0.032428,PAUSE
2668,0.000000,1.000000,0.014951,PAUSE
2669,0.000000,0.000000,0.025444,PAUSE
2670,0.000000,1.000000,0.013996,PAUSE
2671,0.000000,0.000000,0.034466,PAUSE
2672,0.000000,0.000000,0.110950,PAUSE
2673,0.000000,0.000000,0.245643,PAUSE
2674,1.000000,1.000000,0.113768,PAUSE
2675,1.000000,1.000000,0.048840,PAUSE
2676,1.000000,1.000000,0.020860,PAUSE
2677,0.000000,0.000000,0.023637,PAUSE
2678,0.000000,0.000000,0.075821,PAUSE
2679,0.000000,0.000000,0.190442,PAUSE
2680,0.000000,0.000000,0.347770,PAUSE
2681,0.000000,1.000000,0.157674,PAUSE
2682,0.000000,1.000000,0.066782,PAUSE
2683,0.000000,0.000000,0.055094,PAUSE
2684,0.000000,0.000000,0.118216,PAUSE
2685,0.000000,0.000000,0.247322,PAUSE
2686,1.000000,1.000000,0.114383,PAUSE
2687,0.000000,0.000000,0.112539,PAUSE
2688,0.000000,0.000000,0.205736,PAUSE
2689,0.000000,0.000000,0.354504,PAUSE
2690,1.000000,1.000000,0.160393,PAUSE
2691,1.000000,1.000000,0.067872,PAUSE
2692,0.000000,0.000000,0.055544,PAUSE
2693,0.000000,0.000000,0.118424,PAUSE
2694,0.000000,0.000000,0.247441,PAUSE
2695,0.000000,0.000000,0.409411,PAUSE
2696,0.000000,0.000000,0.567822,ALLOW
2697,0.000000,0.000000,0.700418,ALLOW
2698,0.000000,0.000000,0.800566,ALLOW
2699,0.000000,0.000000,0.871113,ALLOW
2700,0.000000,1.000000,0.376825,PAUSE
2701,0.000000,1.000000,0.155518,PAUSE
2702,0.000000,0.000000,0.095273,PAUSE
2703,1.000000,1.000000,0.043357,PAUSE
2704,0.000000,1.000000,0.019082,PAUSE
2705,1.000000,1.000000,0.008529,PAUSE
2706,0.000000,0.000000,0.015513,PAUSE
2707,0.000000,1.000000,0.009076,PAUSE
2708,1.000000,1.000000,0.004842,PAUSE
2709,0.000000,1.000000,0.002658,PAUSE
2710,0.000000,1.000000,0.001592,PAUSE
2711,0.000000,0.000000,0.009453,PAUSE
2712,0.000000,0.000000,0.051471,PAUSE
2713,0.000000,1.000000,0.027126,PAUSE
2714,0.000000,1.000000,0.012835,PAUSE
2715,0.000000,0.000000,0.024625,PAUSE
2716,0.000000,0.000000,0.086616,PAUSE
2717,0.000000,0.000000,0.209373,PAUSE
2718,0.000000,0.000000,0.369954,PAUSE
2719,0.000000,0.000000,0.532809,ALLOW
2720,0.000000,0.000000,0.672766,ALLOW
2721,0.000000,0.000000,0.780450,ALLOW
2722,1.000000,1.000000,0.339320,PAUSE
2723,1.000000,1.000000,0.140390,PAUSE
2724,0.000000,0.929034,0.058160,PAUSE
2725,0.000000,0.000000,0.042872,PAUSE
2726,0.000000,0.000000,0.094190,PAUSE
2727,0.000000,0.000000,0.212779,PAUSE
2728,1.000000,1.000000,0.099379,PAUSE
2729,0.000000,0.000000,0.103413,PAUSE
2730,0.000000,0.000000,0.197530,PAUSE
2731,0.000000,0.000000,0.346566,PAUSE
2732,0.000000,0.000000,0.508205,ALLOW
2733,1.000000,1.000000,0.225618,PAUSE
2734,0.000000,0.000000,0.173550,PAUSE
2735,0.000000,0.000000,0.252929,PAUSE
2736,1.000000,1.000000,0.115846,PAUSE
2737,0.000000,0.000000,0.111083,PAUSE
2738,0.000000,0.000000,0.202188,PAUSE
2739,1.000000,1.000000,0.094277,PAUSE
2740,0.000000,1.000000,0.040763,PAUSE
2741,0.000000,0.000000,0.041544,PAUSE
2742,0.000000,1.000000,0.021081,PAUSE
2743,0.000000,0.000000,0.040130,PAUSE
2744,0.000000,1.000000,0.021169,PAUSE
2745,0.000000,0.000000,0.042875,PAUSE
2746,0.000000,1.000000,0.022525,PAUSE
2747,0.000000,1.000000,0.010774,PAUSE
2748,0.000000,1.000000,0.005214,PAUSE
2749,0.000000,1.000000,0.002691,PAUSE
2750,0.000000,1.000000,0.001553,PAUSE
2751,1.000000,1.000000,0.001033,PAUSE
2752,1.000000,1.000000,0.000791,PAUSE
2753,0.000000,0.000000,0.007522,PAUSE
2754,0.000000,0.000000,0.045263,PAUSE
2755,0.000000,0.000000,0.140224,PAUSE
2756,0.000000,0.000000,0.286940,PAUSE
2757,0.000000,0.000000,0.453042,PAUSE
2758,0.000000,0.000000,0.606635,ALLOW
2759,0.000000,1.000000,0.266957,PAUSE
2760,0.000000,1.000000,0.111146,PAUSE
2761,0.000000,1.000000,0.046015,PAUSE
2762,0.000000,1.000000,0.019245,PAUSE
2763,0.000000,0.000000,0.019326,PAUSE
2764,0.000000,0.000000,0.064037,PAUSE
2765,0.000000,0.000000,0.170690,PAUSE
2766,0.000000,0.000000,0.324263,PAUSE
2767,1.000000,1.000000,0.147624,PAUSE
2768,0.000000,0.000000,0.132036,PAUSE
2769,0.000000,0.000000,0.222329,PAUSE
2770,0.000000,1.000000,0.102924,PAUSE
2771,0.000000,0.000000,0.104092,PAUSE
2772,0.000000,1.000000,0.049357,PAUSE
2773,1.000000,1.000000,0.021936,PAUSE
2774,0.000000,0.000000,0.029468,PAUSE
2775,0.000000,0.000000,0.091360,PAUSE
2776,0.000000,0.000000,0.215078,PAUSE
2777,0.000000,0.000000,0.375961,PAUSE
2778,0.000000,0.000000,0.538210,ALLOW
2779,0.000000,0.000000,0.677071,ALLOW
2780,0.000000,1.000000,0.296358,PAUSE
2781,0.000000,0.000000,0.208801,PAUSE
2782,0.000000,1.000000,0.093107,PAUSE
2783,0.000000,0.000000,0.087392,PAUSE
2784,0.000000,0.000000,0.170294,PAUSE
2785,0.000000,0.000000,0.313651,PAUSE
2786,0.000000,0.000000,0.476477,PAUSE
2787,0.000000,0.000000,0.625558,ALLOW
2788,1.000000,1.000000,0.274852,PAUSE
2789,0.000000,0.000000,0.198276,PAUSE
2790,0.000000,0.000000,0.269391,PAUSE
2791,0.000000,0.000000,0.408796,PAUSE
2792,1.000000,1.000000,0.183268,PAUSE
2793,0.000000,0.000000,0.150680,PAUSE
2794,0.000000,1.000000,0.069013,PAUSE
2795,0.000000,0.000000,0.075049,PAUSE
2796,0.000000,1.000000,0.036537,PAUSE
2797,0.000000,0.000000,0.054399,PAUSE
2798,0.000000,0.000000,0.139544,PAUSE
2799,0.000000,0.000000,0.281716,PAUSE
2800,0.000000,0.000000,0.446580,PAUSE
2801,0.000000,0.000000,0.600742,ALLOW
2802,0.000000,0.000000,0.726162,ALLOW
2803,0.000000,0.000000,0.819117,ALLOW
2804,0.000000,0.000000,0.883759,ALLOW
2805,0.000000,0.000000,0.926772,ALLOW
2806,0.000000,0.000000,0.954524,ALLOW
2807,0.000000,1.000000,0.411196,PAUSE
2808,1.000000,1.000000,0.169368,PAUSE
2809,0.000000,0.000000,0.101230,PAUSE
2810,0.000000,1.000000,0.045780,PAUSE
2811,0.000000,0.000000,0.053405,PAUSE
2812,0.000000,0.000000,0.130605,PAUSE
2813,0.000000,0.000000,0.268164,PAUSE
2814,0.000000,0.000000,0.432232,PAUSE
2815,0.000000,0.000000,0.588194,ALLOW
2816,0.000000,0.000000,0.716426,ALLOW
2817,0.000000,0.000000,0.812137,ALLOW
2818,0.000000,0.000000,0.879017,ALLOW
2819,0.000000,0.000000,0.923668,ALLOW
2820,0.000000,1.000000,0.398497,PAUSE
2821,0.000000,0.000000,0.256890,PAUSE
2822,0.000000,1.000000,0.112797,PAUSE
2823,0.000000,0.000000,0.096679,PAUSE
2824,0.000000,1.000000,0.045523,PAUSE
2825,0.000000,0.000000,0.059203,PAUSE
2826,0.000000,0.000000,0.143601,PAUSE
2827,1.000000,1.000000,0.068809,PAUSE
2828,0.000000,0.000000,0.083074,PAUSE
2829,0.000000,0.000000,0.177134,PAUSE
2830,0.000000,0.000000,0.325598,PAUSE
2831,0.000000,0.000000,0.489098,PAUSE
2832,0.000000,0.000000,0.636411,ALLOW
2833,1.000000,1.000000,0.279391,PAUSE
2834,0.000000,0.000000,0.200513,PAUSE
2835,0.000000,0.000000,0.270832,PAUSE
2836,0.000000,0.000000,0.409890,PAUSE
2837,0.000000,0.000000,0.561040,ALLOW
2838,0.000000,0.000000,0.692787,ALLOW
2839,0.000000,0.000000,0.794263,ALLOW
2840,0.000000,0.000000,0.866524,ALLOW
2841,0.000000,0.000000,0.915355,ALLOW
2842,0.000000,0.000000,0.947189,ALLOW
2843,0.000000,0.000000,0.967431,ALLOW
2844,0.000000,0.000000,0.980079,ALLOW
2845,0.000000,0.000000,0.987886,ALLOW
2846,0.000000,0.000000,0.992664,ALLOW
2847,0.000000,0.000000,0.995570,ALLOW
2848,0.000000,0.000000,0.997330,ALLOW
2849,0.000000,0.000000,0.998393,ALLOW
2850,0.000000,0.000000,0.999034,ALLOW
2851,0.000000,0.000000,0.999419,ALLOW
2852,0.000000,0.000000,0.999651,ALLOW
2853,0.000000,0.000000,0.999791,ALLOW
2854,0.000000,0.000000,0.999874,ALLOW
2855,1.000000,1.000000,0.429821,PAUSE
2856,0.000000,1.000000,0.176866,PAUSE
2857,0.000000,0.000000,0.104427,PAUSE
2858,0.000000,1.000000,0.047077,PAUSE
2859,0.000000,0.000000,0.053998,PAUSE
2860,0.000000,0.000000,0.130981,PAUSE
2861,0.000000,0.000000,0.268479,PAUSE
2862,0.000000,0.000000,0.432507,PAUSE
2863,0.000000,0.000000,0.588418,ALLOW
2864,0.000000,0.000000,0.716595,ALLOW
2865,1.000000,1.000000,0.312807,PAUSE
2866,0.000000,0.000000,0.216731,PAUSE
2867,0.000000,0.000000,0.280969,PAUSE
2868,0.000000,0.000000,0.417396,PAUSE
2869,1.000000,1.000000,0.186864,PAUSE
2870,0.000000,0.000000,0.152485,PAUSE
2871,0.000000,0.000000,0.237047,PAUSE
2872,0.000000,1.000000,0.109133,PAUSE
2873,0.000000,0.000000,0.107438,PAUSE
2874,0.000000,0.000000,0.199323,PAUSE
2875,0.000000,0.000000,0.347471,PAUSE
2876,0.000000,0.000000,0.508723,ALLOW
2877,0.000000,0.000000,0.652229,ALLOW
2878,1.000000,1.000000,0.285986,PAUSE
2879,0.000000,1.000000,0.118842,PAUSE
2880,0.000000,0.000000,0.079169,PAUSE
2881,0.000000,0.000000,0.134313,PAUSE
2882,0.000000,0.000000,0.261726,PAUSE
2883,0.000000,0.000000,0.422451,PAUSE
2884,0.000000,0.000000,0.578731,ALLOW
2885,0.000000,0.000000,0.708772,ALLOW
2886,0.000000,1.000000,0.309549,PAUSE
2887,0.000000,1.000000,0.128367,PAUSE
2888,0.000000,1.000000,0.052943,PAUSE
2889,1.000000,1.000000,0.022029,PAUSE
2890,1.000000,1.000000,0.009396,PAUSE
2891,0.000000,0.000000,0.013116,PAUSE
2892,0.000000,1.000000,0.007707,PAUSE
2893,0.000000,0.000000,0.025260,PAUSE
2894,0.000000,0.000000,0.093051,PAUSE
2895,0.000000,0.000000,0.220259,PAUSE
2896,0.000000,0.000000,0.382400,PAUSE
2897,0.000000,0.000000,0.544280,ALLOW
2898,0.000000,0.000000,0.681992,ALLOW
2899,0.000000,0.000000,0.787229,ALLOW
2900,0.000000,0.000000,0.861980,ALLOW
2901,1.000000,1.000000,0.373055,PAUSE
2902,0.000000,0.000000,0.245159,PAUSE
2903,0.000000,0.000000,0.297798,PAUSE
2904,0.000000,0.000000,0.429241,PAUSE
2905,0.000000,0.000000,0.575509,ALLOW
2906,0.000000,0.000000,0.703320,ALLOW
2907,0.000000,0.000000,0.801613,ALLOW
2908,1.000000,1.000000,0.348069,PAUSE
2909,1.000000,1.000000,0.143918,PAUSE
2910,0.000000,0.000000,0.090227,PAUSE
2911,0.000000,0.000000,0.140723,PAUSE
2912,0.000000,0.000000,0.266697,PAUSE
2913,0.000000,0.000000,0.426639,PAUSE
2914,0.000000,0.000000,0.582107,ALLOW
2915,0.000000,0.000000,0.711310,ALLOW
2916,0.000000,0.000000,0.808331,ALLOW
2917,0.000000,0.000000,0.876381,ALLOW
2918,1.000000,1.000000,0.378999,PAUSE
2919,0.000000,0.000000,0.247912,PAUSE
2920,0.000000,0.000000,0.299367,PAUSE
2921,0.000000,0.000000,0.430305,PAUSE
2922,0.000000,0.000000,0.576275,ALLOW
2923,0.000000,0.000000,0.703866,ALLOW
2924,0.000000,0.000000,0.801990,ALLOW
2925,0.000000,0.000000,0.871711,ALLOW
2926,0.000000,0.000000,0.918732,ALLOW
2927,0.000000,0.000000,0.949338,ALLOW
2928,0.000000,0.000000,0.968775,ALLOW
2929,0.000000,0.000000,0.980910,ALLOW
2930,0.000000,0.000000,0.988395,ALLOW
2931,0.000000,0.000000,0.992974,ALLOW
2932,0.000000,0.000000,0.995758,ALLOW
2933,0.000000,0.000000,0.997444,ALLOW
2934,0.000000,0.000000,0.998462,ALLOW
2935,0.000000,0.000000,0.999075,ALLOW
2936,0.000000,0.000000,0.999444,ALLOW
2937,0.000000,1.000000,0.429644,PAUSE
2938,0.000000,0.000000,0.271026,PAUSE
2939,0.000000,1.000000,0.118554,PAUSE
2940,0.000000,1.000000,0.050005,PAUSE
2941,1.000000,1.000000,0.021138,PAUSE
2942,0.000000,0.000000,0.022408,PAUSE
2943,0.000000,1.000000,0.012090,PAUSE
2944,0.000000,0.000000,0.030443,PAUSE
2945,0.000000,0.000000,0.102599,PAUSE
2946,0.000000,0.000000,0.233804,PAUSE
2947,1.000000,1.000000,0.108636,PAUSE
2948,0.000000,0.000000,0.109356,PAUSE
2949,0.000000,0.000000,0.203183,PAUSE
2950,1.000000,1.000000,0.094761,PAUSE
2951,0.000000,0.000000,0.099453,PAUSE
2952,0.000000,0.000000,0.192817,PAUSE
2953,0.000000,0.000000,0.341451,PAUSE
2954,0.000000,0.000000,0.503476,ALLOW
2955,0.000000,0.000000,0.648060,ALLOW
2956,0.000000,0.000000,0.761858,ALLOW
2957,0.000000,0.000000,0.844269,ALLOW
2958,0.000000,0.000000,0.900654,ALLOW
2959,0.000000,0.000000,0.937747,ALLOW
2960,0.000000,0.000000,0.961487,ALLOW
2961,0.000000,0.000000,0.976390,ALLOW
2962,0.000000,0.000000,0.985620,ALLOW
2963,0.000000,0.000000,0.991281,ALLOW
2964,1.000000,1.000000,0.426296,PAUSE
2965,0.000000,0.000000,0.269521,PAUSE
2966,0.000000,0.000000,0.311348,PAUSE
2967,1.000000,1.000000,0.140155,PAUSE
2968,0.000000,0.000000,0.123267,PAUSE
2969,1.000000,1.000000,0.057339,PAUSE
2970,0.000000,0.000000,0.068033,PAUSE
2971,0.000000,0.000000,0.154198,PAUSE
2972,0.000000,0.000000,0.298005,PAUSE
2973,0.000000,0.000000,0.462260,PAUSE
2974,0.000000,0.000000,0.613927,ALLOW
2975,1.000000,1.000000,0.269998,PAUSE
2976,0.000000,0.000000,0.195897,PAUSE
2977,1.000000,1.000000,0.087794,PAUSE
2978,0.000000,0.000000,0.084791,PAUSE
2979,0.000000,0.000000,0.168481,PAUSE
2980,0.000000,0.000000,0.312085,PAUSE
2981,0.000000,0.000000,0.475128,PAUSE
2982,0.000000,0.000000,0.624481,ALLOW
2983,0.000000,0.000000,0.744117,ALLOW
2984,0.000000,0.000000,0.831803,ALLOW
2985,0.000000,0.000000,0.892300,ALLOW
2986,0.000000,0.000000,0.932330,ALLOW
2987,0.000000,0.000000,0.958055,ALLOW
2988,0.000000,0.000000,0.974251,ALLOW
2989,0.000000,0.000000,0.984301,ALLOW
2990,0.000000,0.000000,0.990475,ALLOW
2991,0.000000,0.000000,0.994241,ALLOW
2992,0.000000,0.000000,0.996526,ALLOW
2993,0.000000,0.000000,0.997908,ALLOW
2994,0.000000,1.000000,0.429014,PAUSE
2995,1.000000,1.000000,0.176542,PAUSE
2996,0.000000,0.000000,0.104289,PAUSE
2997,0.000000,1.000000,0.047021,PAUSE
2998,0.000000,0.000000,0.053973,PAUSE
2999,0.000000,0.000000,0.130966,PAUSE
3000,0.000000,0.000000,0.268466,PAUSE
3001,0.000000,0.000000,0.432496,PAUSE
3002,0.000000,1.000000,0.193680,PAUSE
3003,0.000000,1.000000,0.081433,PAUSE
3004,0.000000,0.000000,0.062078,PAUSE
3005,0.000000,0.000000,0.123278,PAUSE
3006,0.000000,0.000000,0.252164,PAUSE
3007,0.000000,0.000000,0.413884,PAUSE
3008,1.000000,1.000000,0.185770,PAUSE
3009,0.000000,0.000000,0.152776,PAUSE
3010,0.000000,0.000000,0.238152,PAUSE
3011,0.000000,0.000000,0.383734,PAUSE
3012,0.000000,0.000000,0.540149,ALLOW
3013,0.000000,0.000000,0.677011,ALLOW
3014,0.000000,0.000000,0.783021,ALLOW
3015,0.000000,0.000000,0.858881,ALLOW
3016,0.000000,0.000000,0.910340,ALLOW
3017,0.000000,0.000000,0.943982,ALLOW
3018,0.000000,0.000000,0.965418,ALLOW
3019,0.000000,0.000000,0.978832,ALLOW
3020,0.000000,0.000000,0.987121,ALLOW
3021,1.000000,1.000000,0.424589,PAUSE
3022,1.000000,1.000000,0.174760,PAUSE
3023,0.000000,1.000000,0.071578,PAUSE
3024,1.000000,1.000000,0.029508,PAUSE
3025,0.000000,1.000000,0.012397,PAUSE
3026,0.000000,0.000000,0.014414,PAUSE
3027,0.000000,0.000000,0.055499,PAUSE
3028,0.000000,0.000000,0.156863,PAUSE
3029,0.000000,1.000000,0.074933,PAUSE
3030,0.000000,0.000000,0.087892,PAUSE
3031,1.000000,1.000000,0.042503,PAUSE
3032,0.000000,0.000000,0.059748,PAUSE
3033,0.000000,1.000000,0.030021,PAUSE
3034,0.000000,0.000000,0.050327,PAUSE
3035,1.000000,1.000000,0.025864,PAUSE
3036,0.000000,0.000000,0.047185,PAUSE
3037,0.000000,1.000000,0.024474,PAUSE
3038,0.000000,0.000000,0.046111,PAUSE
3039,0.000000,1.000000,0.023997,PAUSE
3040,0.000000,0.000000,0.045735,PAUSE
3041,0.000000,1.000000,0.023829,PAUSE
3042,0.000000,0.000000,0.045602,PAUSE
3043,0.000000,1.000000,0.023770,PAUSE
3044,0.000000,0.000000,0.045554,PAUSE
3045,0.000000,0.000000,0.129235,PAUSE
3046,0.000000,0.000000,0.269709,PAUSE
3047,0.000000,0.000000,0.434736,PAUSE
3048,0.000000,0.000000,0.590641,ALLOW
3049,1.000000,1.000000,0.260261,PAUSE
3050,0.000000,0.000000,0.191089,PAUSE
3051,1.000000,1.000000,0.085812,PAUSE
3052,0.000000,1.000000,0.036789,PAUSE
3053,0.000000,1.000000,0.015820,PAUSE
3054,0.000000,0.000000,0.020045,PAUSE
3055,0.000000,0.000000,0.070194,PAUSE
3056,0.000000,0.000000,0.182046,PAUSE
3057,0.000000,0.000000,0.338107,PAUSE
3058,0.000000,0.000000,0.502942,ALLOW
3059,0.000000,0.000000,0.648432,ALLOW
3060,0.000000,0.000000,0.762403,ALLOW
3061,0.000000,0.000000,0.844741,ALLOW
3062,0.000000,0.000000,0.901003,ALLOW
3063,0.000000,0.000000,0.937985,ALLOW
3064,0.000000,0.000000,0.961642,ALLOW
3065,0.000000,0.000000,0.976488,ALLOW
3066,0.000000,0.000000,0.985681,ALLOW
3067,0.000000,0.000000,0.991319,ALLOW
3068,0.000000,0.000000,0.994754,ALLOW
3069,0.000000,0.000000,0.996837,ALLOW
3070,0.000000,0.000000,0.998095,ALLOW
3071,1.000000,1.000000,0.429091,PAUSE
3072,0.000000,0.000000,0.270778,PAUSE
3073,0.000000,0.000000,0.312022,PAUSE
3074,0.000000,0.000000,0.438620,PAUSE
3075,0.000000,0.000000,0.582136,ALLOW
3076,0.000000,0.000000,0.707990,ALLOW
3077,1.000000,1.000000,0.309166,PAUSE
3078,0.000000,0.000000,0.214855,PAUSE
3079,0.000000,0.000000,0.279685,PAUSE
3080,0.000000,0.000000,0.416380,PAUSE
3081,0.000000,0.000000,0.565961,ALLOW
3082,0.000000,0.000000,0.696399,ALLOW
3083,1.000000,1.000000,0.304361,PAUSE
3084,0.000000,0.000000,0.212578,PAUSE
3085,1.000000,1.000000,0.094655,PAUSE
3086,0.000000,0.000000,0.088126,PAUSE
3087,0.000000,0.000000,0.170774,PAUSE
3088,1.000000,1.000000,0.080544,PAUSE
3089,0.000000,0.000000,0.090269,PAUSE
3090,0.000000,0.000000,0.183864,PAUSE
3091,0.000000,0.000000,0.332360,PAUSE
3092,1.000000,1.000000,0.150981,PAUSE
3093,0.000000,0.000000,0.133669,PAUSE
3094,0.000000,0.000000,0.223385,PAUSE
3095,0.000000,1.000000,0.103367,PAUSE
3096,0.000000,0.000000,0.104322,PAUSE
3097,0.000000,1.000000,0.049454,PAUSE
3098,1.000000,1.000000,0.021975,PAUSE
3099,0.000000,0.000000,0.029488,PAUSE
3100,0.000000,0.000000,0.091377,PAUSE
3101,0.000000,0.000000,0.215096,PAUSE
3102,0.000000,1.000000,0.100474,PAUSE
3103,0.000000,1.000000,0.043381,PAUSE
3104,0.000000,0.000000,0.043275,PAUSE
3105,0.000000,0.000000,0.108400,PAUSE
3106,1.000000,1.000000,0.052999,PAUSE
3107,0.000000,0.000000,0.071515,PAUSE
3108,0.000000,0.000000,0.164211,PAUSE
3109,0.000000,0.000000,0.311510,PAUSE
3110,0.000000,0.000000,0.475871,PAUSE
3111,0.000000,0.000000,0.625502,ALLOW
3112,0.000000,0.000000,0.745019,ALLOW
3113,0.000000,0.000000,0.832484,ALLOW
3114,1.000000,1.000000,0.360863,PAUSE
3115,0.000000,0.000000,0.239480,PAUSE
3116,0.000000,0.000000,0.294523,PAUSE
3117,0.000000,0.000000,0.426995,PAUSE
3118,0.000000,0.000000,0.573879,ALLOW
3119,0.000000,0.000000,0.702154,ALLOW
3120,0.000000,0.000000,0.800807,ALLOW
3121,0.000000,0.000000,0.870922,ALLOW
3122,0.000000,1.000000,0.376740,PAUSE
3123,0.000000,1.000000,0.155483,PAUSE
3124,0.000000,0.000000,0.095255,PAUSE
3125,0.000000,0.000000,0.143505,PAUSE
3126,0.000000,0.000000,0.268738,PAUSE
3127,0.000000,0.000000,0.428303,PAUSE
3128,0.000000,0.000000,0.583425,ALLOW
3129,0.000000,0.000000,0.712292,ALLOW
3130,0.000000,0.000000,0.809023,ALLOW
3131,0.000000,0.000000,0.876847,ALLOW
3132,0.000000,1.000000,0.379192,PAUSE
3133,0.000000,1.000000,0.156472,PAUSE
3134,0.000000,0.000000,0.095685,PAUSE
3135,0.000000,0.000000,0.143743,PAUSE
3136,0.000000,0.000000,0.268911,PAUSE
3137,0.000000,0.000000,0.428444,PAUSE
3138,0.000000,0.000000,0.583537,ALLOW
3139,0.000000,0.000000,0.712375,ALLOW
3140,0.000000,0.000000,0.809082,ALLOW
3141,0.000000,0.000000,0.876887,ALLOW
3142,0.000000,0.000000,0.922253,ALLOW
3143,0.000000,0.000000,0.951634,ALLOW
3144,0.000000,0.000000,0.970233,ALLOW
3145,0.000000,0.000000,0.981819,ALLOW
3146,0.000000,0.000000,0.988955,ALLOW
3147,0.000000,0.000000,0.993316,ALLOW
3148,0.000000,0.000000,0.995965,ALLOW
3149,1.000000,1.000000,0.428218,PAUSE
3150,0.000000,0.000000,0.270385,PAUSE
3151,1.000000,1.000000,0.118294,PAUSE
3152,0.000000,0.000000,0.099182,PAUSE
3153,0.000000,0.000000,0.177769,PAUSE
3154,0.000000,0.000000,0.319633,PAUSE
3155,0.000000,0.000000,0.481429,PAUSE
3156,0.000000,0.000000,0.629439,ALLOW
3157,0.000000,0.000000,0.747763,ALLOW
3158,0.000000,0.000000,0.834338,ALLOW
3159,0.000000,0.000000,0.893991,ALLOW
3160,0.000000,0.000000,0.933424,ALLOW
3161,1.000000,1.000000,0.402514,PAUSE
3162,0.000000,1.000000,0.165871,PAUSE
3163,1.000000,1.000000,0.068010,PAUSE
3164,0.000000,0.000000,0.044729,PAUSE
3165,0.000000,1.000000,0.021477,PAUSE
3166,0.000000,0.000000,0.036388,PAUSE
3167,0.000000,0.000000,0.109541,PAUSE
3168,0.000000,1.000000,0.053701,PAUSE
3169,0.000000,1.000000,0.024024,PAUSE
3170,1.000000,1.000000,0.010736,PAUSE
3171,0.000000,0.000000,0.018169,PAUSE
3172,1.000000,1.000000,0.010384,PAUSE
3173,0.000000,0.000000,0.029709,PAUSE
3174,1.000000,1.000000,0.016380,PAUSE
3175,1.000000,1.000000,0.008137,PAUSE
3176,1.000000,1.000000,0.004103,PAUSE
3177,0.000000,1.000000,0.002224,PAUSE
3178,0.000000,0.000000,0.010233,PAUSE
3179,1.000000,1.000000,0.006552,PAUSE
3180,1.000000,1.000000,0.003724,PAUSE
3181,0.000000,1.000000,0.002172,PAUSE
3182,0.000000,0.000000,0.011142,PAUSE
3183,0.000000,0.000000,0.056729,PAUSE
3184,0.000000,1.000000,0.029600,PAUSE
3185,0.000000,1.000000,0.013891,PAUSE
3186,0.000000,0.000000,0.025438,PAUSE
3187,0.000000,0.000000,0.087859,PAUSE
3188,0.000000,0.000000,0.211122,PAUSE
3189,0.000000,0.000000,0.371881,PAUSE
3190,1.000000,1.000000,0.167961,PAUSE
3191,1.000000,1.000000,0.070973,PAUSE
3192,0.000000,0.000000,0.057120,PAUSE
3193,0.000000,0.000000,0.119736,PAUSE
3194,1.000000,1.000000,0.057897,PAUSE
3195,0.000000,0.000000,0.074604,PAUSE
3196,0.000000,0.000000,0.167267,PAUSE
3197,0.000000,0.000000,0.314706,PAUSE
3198,0.000000,0.000000,0.478839,PAUSE
3199,0.000000,0.000000,0.627944,ALLOW
3200,0.000000,1.000000,0.275856,PAUSE
3201,0.000000,1.000000,0.114745,PAUSE
3202,0.000000,0.000000,0.077341,PAUSE
3203,0.000000,0.000000,0.133212,PAUSE
3204,0.000000,0.000000,0.260835,PAUSE
3205,0.000000,0.000000,0.421681,PAUSE
3206,0.000000,0.000000,0.578104,ALLOW
3207,0.000000,0.000000,0.708298,ALLOW
3208,1.000000,1.000000,0.309352,PAUSE
3209,0.000000,0.000000,0.215062,PAUSE
3210,0.000000,0.000000,0.279936,PAUSE
3211,0.000000,0.000000,0.416640,PAUSE
3212,0.000000,0.000000,0.566190,ALLOW
3213,0.000000,0.000000,0.696579,ALLOW
3214,0.000000,0.000000,0.796926,ALLOW
3215,0.000000,0.000000,0.868319,ALLOW
3216,0.000000,0.000000,0.916527,ALLOW
3217,0.000000,1.000000,0.395553,PAUSE
3218,1.000000,1.000000,0.163066,PAUSE
3219,0.000000,1.000000,0.066884,PAUSE
3220,1.000000,1.000000,0.027625,PAUSE
3221,0.000000,1.000000,0.011642,PAUSE
3222,0.000000,0.000000,0.014092,PAUSE
3223,0.000000,0.000000,0.055307,PAUSE
3224,0.000000,0.000000,0.156683,PAUSE
3225,0.000000,0.000000,0.307361,PAUSE
3226,0.000000,0.000000,0.473234,PAUSE
3227,1.000000,1.000000,0.210922,PAUSE
3228,1.000000,1.000000,0.088437,PAUSE
3229,0.000000,0.924617,0.037247,PAUSE
3230,0.000000,0.000000,0.033718,PAUSE
3231,0.000000,0.000000,0.088653,PAUSE
3232,0.000000,0.000000,0.207994,PAUSE
3233,0.000000,0.000000,0.367241,PAUSE
3234,0.000000,0.000000,0.529977,ALLOW
3235,0.000000,0.000000,0.670381,ALLOW
3236,0.000000,0.000000,0.778659,ALLOW
3237,0.000000,1.000000,0.338577,PAUSE
3238,0.000000,1.000000,0.140090,PAUSE
3239,0.000000,1.000000,0.057655,PAUSE
3240,0.000000,0.000000,0.040315,PAUSE
3241,1.000000,1.000000,0.019678,PAUSE
3242,0.000000,1.000000,0.009248,PAUSE
3243,0.000000,1.000000,0.004478,PAUSE
3244,0.000000,1.000000,0.002345,PAUSE
3245,0.000000,0.000000,0.010001,PAUSE
3246,0.000000,0.000000,0.052486,PAUSE
3247,0.000000,0.000000,0.153621,PAUSE
3248,0.000000,0.000000,0.304019,PAUSE
3249,1.000000,1.000000,0.138957,PAUSE
3250,0.000000,0.000000,0.127169,PAUSE
