============================================================
DT-3 SIMULATION LOG
START TIME: 2026-04-29 21:30:24.314059
============================================================

[SEQ 0] [LAYER INIT]
CMD      : M104 S220
TRUST    : acc_cmd=0.000 | acc_exec=0.000 | trust=0.900
DECISION : ALLOW
MACHINE  : Machine-3
------------------------------------------------------------
[SEQ 0] [STATIC-BASELINE]
CMD      : M104 | effects={'M': 104.0, 'S': 220.0, 'prev_temp': None}
DECISION : ALLOW
------------------------------------------------------------
[SEQ 0] [IEEE-BASELINE]
SCORE    : anomaly_score=0.000
DECISION : ALLOW
------------------------------------------------------------
[SEQ 1] [LAYER INIT]
CMD      : M104 S200
TRUST    : acc_cmd=0.000 | acc_exec=0.333 | trust=0.581
DECISION : ALLOW
MACHINE  : Machine-3
------------------------------------------------------------
[SEQ 1] [STATIC-BASELINE]
CMD      : M104 | effects={'M': 104.0, 'S': 200.0, 'prev_temp': 220.0}
DECISION : ALLOW
------------------------------------------------------------
[SEQ 1] [IEEE-BASELINE]
SCORE    : anomaly_score=0.000
DECISION : ALLOW
------------------------------------------------------------
[SEQ 2] [LAYER INIT]
CMD      : M104 S220
TRUST    : acc_cmd=0.000 | acc_exec=0.333 | trust=0.353
DECISION : PAUSE
MACHINE  : Machine-3
------------------------------------------------------------
[SEQ 2] [STATIC-BASELINE]
CMD      : M104 | effects={'M': 104.0, 'S': 220.0, 'prev_temp': 200.0}
DECISION : ALLOW
------------------------------------------------------------
[SEQ 2] [IEEE-BASELINE]
SCORE    : anomaly_score=0.000
DECISION : ALLOW
------------------------------------------------------------
[SEQ 3] [LAYER INIT]
CMD      : M104 S200
TRUST    : acc_cmd=0.000 | acc_exec=0.333 | trust=0.226
DECISION : PAUSE
MACHINE  : Machine-3
------------------------------------------------------------
[SEQ 3] [STATIC-BASELINE]
CMD      : M104 | effects={'M': 104.0, 'S': 200.0, 'prev_temp': 220.0}
DECISION : ALLOW
------------------------------------------------------------
[SEQ 3] [IEEE-BASELINE]
SCORE    : anomaly_score=2.000
DECISION : ALLOW
------------------------------------------------------------
[SEQ 4] [LAYER INIT]
CMD      : M104 S220
TRUST    : acc_cmd=0.000 | acc_exec=0.333 | trust=0.158
DECISION : PAUSE
MACHINE  : Machine-3
------------------------------------------------------------
[SEQ 4] [STATIC-BASELINE]
CMD      : M104 | effects={'M': 104.0, 'S': 220.0, 'prev_temp': 200.0}
DECISION : ALLOW
------------------------------------------------------------
[SEQ 4] [IEEE-BASELINE]
SCORE    : anomaly_score=3.800
DECISION : ALLOW
------------------------------------------------------------
[SEQ 5] [LAYER INIT]
CMD      : M104 S200
TRUST    : acc_cmd=0.000 | acc_exec=0.333 | trust=0.123
DECISION : PAUSE
MACHINE  : Machine-3
------------------------------------------------------------
[SEQ 5] [STATIC-BASELINE]
CMD      : M104 | effects={'M': 104.0, 'S': 200.0, 'prev_temp': 220.0}
DECISION : ALLOW
------------------------------------------------------------
[SEQ 5] [IEEE-BASELINE]
SCORE    : anomaly_score=5.420
DECISION : ALLOW
------------------------------------------------------------
[SEQ 6] [LAYER INIT]
CMD      : M104 S220
TRUST    : acc_cmd=0.000 | acc_exec=0.333 | trust=0.105
DECISION : PAUSE
MACHINE  : Machine-3
------------------------------------------------------------
[SEQ 6] [STATIC-BASELINE]
CMD      : M104 | effects={'M': 104.0, 'S': 220.0, 'prev_temp': 200.0}
DECISION : ALLOW
------------------------------------------------------------
[SEQ 6] [IEEE-BASELINE]
SCORE    : anomaly_score=6.878
DECISION : ALLOW
------------------------------------------------------------
[SEQ 7] [LAYER INIT]
CMD      : M104 S200
TRUST    : acc_cmd=0.000 | acc_exec=0.333 | trust=0.095
DECISION : PAUSE
MACHINE  : Machine-3
------------------------------------------------------------
[SEQ 7] [STATIC-BASELINE]
CMD      : M104 | effects={'M': 104.0, 'S': 200.0, 'prev_temp': 220.0}
DECISION : ALLOW
------------------------------------------------------------
[SEQ 7] [IEEE-BASELINE]
SCORE    : anomaly_score=8.190
DECISION : ALLOW
------------------------------------------------------------
[SEQ 8] [LAYER INIT]
CMD      : M104 S220
TRUST    : acc_cmd=0.000 | acc_exec=0.333 | trust=0.089
DECISION : PAUSE
MACHINE  : Machine-3
------------------------------------------------------------
[SEQ 8] [STATIC-BASELINE]
CMD      : M104 | effects={'M': 104.0, 'S': 220.0, 'prev_temp': 200.0}
DECISION : ALLOW
------------------------------------------------------------
[SEQ 8] [IEEE-BASELINE]
SCORE    : anomaly_score=9.371
DECISION : ALLOW
------------------------------------------------------------
[SEQ 9] [LAYER INIT]
CMD      : M104 S200
TRUST    : acc_cmd=0.000 | acc_exec=0.333 | trust=0.086
DECISION : PAUSE
MACHINE  : Machine-3
------------------------------------------------------------
[SEQ 9] [STATIC-BASELINE]
CMD      : M104 | effects={'M': 104.0, 'S': 200.0, 'prev_temp': 220.0}
DECISION : ALLOW
------------------------------------------------------------
[SEQ 9] [IEEE-BASELINE]
SCORE    : anomaly_score=10.434
DECISION : ALLOW
------------------------------------------------------------
[SEQ 10] [LAYER INIT]
CMD      : M104 S220
TRUST    : acc_cmd=0.000 | acc_exec=0.333 | trust=0.084
DECISION : PAUSE
MACHINE  : Machine-3
------------------------------------------------------------
[SEQ 10] [STATIC-BASELINE]
CMD      : M104 | effects={'M': 104.0, 'S': 220.0, 'prev_temp': 200.0}
DECISION : ALLOW
------------------------------------------------------------
[SEQ 10] [IEEE-BASELINE]
SCORE    : anomaly_score=11.391
DECISION : ALLOW
------------------------------------------------------------
[SEQ 11] [LAYER INIT]
CMD      : M104 S200
TRUST    : acc_cmd=0.000 | acc_exec=0.333 | trust=0.083
DECISION : PAUSE
MACHINE  : Machine-3
------------------------------------------------------------
[SEQ 11] [STATIC-BASELINE]
CMD      : M104 | effects={'M': 104.0, 'S': 200.0, 'prev_temp': 220.0}
DECISION : ALLOW
------------------------------------------------------------
[SEQ 11] [IEEE-BASELINE]
SCORE    : anomaly_score=12.252
DECISION : ALLOW
------------------------------------------------------------
[SEQ 12] [LAYER INIT]
CMD      : M104 S220
TRUST    : acc_cmd=0.000 | acc_exec=0.333 | trust=0.083
DECISION : PAUSE
MACHINE  : Machine-3
------------------------------------------------------------
[SEQ 12] [STATIC-BASELINE]
CMD      : M104 | effects={'M': 104.0, 'S': 220.0, 'prev_temp': 200.0}
DECISION : ALLOW
------------------------------------------------------------
[SEQ 12] [IEEE-BASELINE]
SCORE    : anomaly_score=13.026
DECISION : ALLOW
------------------------------------------------------------
[SEQ 13] [LAYER INIT]
CMD      : M104 S200
TRUST    : acc_cmd=0.000 | acc_exec=0.333 | trust=0.083
DECISION : PAUSE
MACHINE  : Machine-3
------------------------------------------------------------
[SEQ 13] [STATIC-BASELINE]
CMD      : M104 | effects={'M': 104.0, 'S': 200.0, 'prev_temp': 220.0}
DECISION : ALLOW
------------------------------------------------------------
[SEQ 13] [IEEE-BASELINE]
SCORE    : anomaly_score=13.724
DECISION : ALLOW
------------------------------------------------------------
[SEQ 14] [LAYER INIT]
CMD      : M104 S220
TRUST    : acc_cmd=0.000 | acc_exec=0.333 | trust=0.082
DECISION : PAUSE
MACHINE  : Machine-3
------------------------------------------------------------
[SEQ 14] [STATIC-BASELINE]
CMD      : M104 | effects={'M': 104.0, 'S': 220.0, 'prev_temp': 200.0}
DECISION : ALLOW
------------------------------------------------------------
[SEQ 14] [IEEE-BASELINE]
SCORE    : anomaly_score=14.351
DECISION : ALLOW
------------------------------------------------------------
[SEQ 15] [LAYER INIT]
CMD      : M104 S200
TRUST    : acc_cmd=0.000 | acc_exec=0.333 | trust=0.082
DECISION : PAUSE
MACHINE  : Machine-3
------------------------------------------------------------
[SEQ 15] [STATIC-BASELINE]
CMD      : M104 | effects={'M': 104.0, 'S': 200.0, 'prev_temp': 220.0}
DECISION : ALLOW
------------------------------------------------------------
[SEQ 15] [IEEE-BASELINE]
SCORE    : anomaly_score=14.916
DECISION : ALLOW
------------------------------------------------------------
[SEQ 16] [LAYER INIT]
CMD      : M104 S220
TRUST    : acc_cmd=0.000 | acc_exec=0.333 | trust=0.082
DECISION : PAUSE
MACHINE  : Machine-3
------------------------------------------------------------
[SEQ 16] [STATIC-BASELINE]
CMD      : M104 | effects={'M': 104.0, 'S': 220.0, 'prev_temp': 200.0}
DECISION : ALLOW
------------------------------------------------------------
[SEQ 16] [IEEE-BASELINE]
SCORE    : anomaly_score=15.425
DECISION : ALLOW
------------------------------------------------------------
[SEQ 17] [LAYER INIT]
CMD      : M104 S200
TRUST    : acc_cmd=0.000 | acc_exec=0.333 | trust=0.082
DECISION : PAUSE
MACHINE  : Machine-3
------------------------------------------------------------
[SEQ 17] [STATIC-BASELINE]
CMD      : M104 | effects={'M': 104.0, 'S': 200.0, 'prev_temp': 220.0}
DECISION : ALLOW
------------------------------------------------------------
[SEQ 17] [IEEE-BASELINE]
SCORE    : anomaly_score=15.882
DECISION : ALLOW
------------------------------------------------------------
[SEQ 18] [LAYER INIT]
CMD      : M104 S220
TRUST    : acc_cmd=0.000 | acc_exec=0.333 | trust=0.082
DECISION : PAUSE
MACHINE  : Machine-3
------------------------------------------------------------
[SEQ 18] [STATIC-BASELINE]
CMD      : M104 | effects={'M': 104.0, 'S': 220.0, 'prev_temp': 200.0}
DECISION : ALLOW
------------------------------------------------------------
[SEQ 18] [IEEE-BASELINE]
SCORE    : anomaly_score=16.294
DECISION : ALLOW
------------------------------------------------------------
[SEQ 19] [LAYER INIT]
CMD      : M104 S200
TRUST    : acc_cmd=0.000 | acc_exec=0.333 | trust=0.082
DECISION : PAUSE
MACHINE  : Machine-3
------------------------------------------------------------
[SEQ 19] [STATIC-BASELINE]
CMD      : M104 | effects={'M': 104.0, 'S': 200.0, 'prev_temp': 220.0}
DECISION : ALLOW
------------------------------------------------------------
[SEQ 19] [IEEE-BASELINE]
SCORE    : anomaly_score=16.665
DECISION : ALLOW
------------------------------------------------------------
[SEQ 20] [LAYER INIT]
CMD      : M104 S220
TRUST    : acc_cmd=0.000 | acc_exec=0.333 | trust=0.082
DECISION : PAUSE
MACHINE  : Machine-3
------------------------------------------------------------
[SEQ 20] [STATIC-BASELINE]
CMD      : M104 | effects={'M': 104.0, 'S': 220.0, 'prev_temp': 200.0}
DECISION : ALLOW
------------------------------------------------------------
[SEQ 20] [IEEE-BASELINE]
SCORE    : anomaly_score=16.998
DECISION : ALLOW
------------------------------------------------------------
[SEQ 21] [LAYER INIT]
CMD      : M104 S200
TRUST    : acc_cmd=0.000 | acc_exec=0.333 | trust=0.082
DECISION : PAUSE
MACHINE  : Machine-3
------------------------------------------------------------
[SEQ 21] [STATIC-BASELINE]
CMD      : M104 | effects={'M': 104.0, 'S': 200.0, 'prev_temp': 220.0}
DECISION : ALLOW
------------------------------------------------------------
[SEQ 21] [IEEE-BASELINE]
SCORE    : anomaly_score=17.298
DECISION : ALERT
------------------------------------------------------------
[SEQ 22] [LAYER INIT]
CMD      : M104 S220
TRUST    : acc_cmd=0.000 | acc_exec=0.333 | trust=0.082
DECISION : PAUSE
MACHINE  : Machine-3
------------------------------------------------------------
[SEQ 22] [STATIC-BASELINE]
CMD      : M104 | effects={'M': 104.0, 'S': 220.0, 'prev_temp': 200.0}
DECISION : ALLOW
------------------------------------------------------------
[SEQ 22] [IEEE-BASELINE]
SCORE    : anomaly_score=17.568
DECISION : ALLOW
------------------------------------------------------------
[SEQ 23] [LAYER INIT]
CMD      : M104 S200
TRUST    : acc_cmd=0.000 | acc_exec=0.333 | trust=0.082
DECISION : PAUSE
MACHINE  : Machine-3
------------------------------------------------------------
[SEQ 23] [STATIC-BASELINE]
CMD      : M104 | effects={'M': 104.0, 'S': 200.0, 'prev_temp': 220.0}
DECISION : ALLOW
------------------------------------------------------------
[SEQ 23] [IEEE-BASELINE]
SCORE    : anomaly_score=17.812
DECISION : ALLOW
------------------------------------------------------------
[SEQ 24] [LAYER INIT]
CMD      : M104 S220
TRUST    : acc_cmd=0.000 | acc_exec=0.333 | trust=0.082
DECISION : PAUSE
MACHINE  : Machine-3
------------------------------------------------------------
[SEQ 24] [STATIC-BASELINE]
CMD      : M104 | effects={'M': 104.0, 'S': 220.0, 'prev_temp': 200.0}
DECISION : ALLOW
------------------------------------------------------------
[SEQ 24] [IEEE-BASELINE]
SCORE    : anomaly_score=18.030
DECISION : ALLOW
------------------------------------------------------------
[SEQ 25] [LAYER INIT]
CMD      : M104 S200
TRUST    : acc_cmd=0.000 | acc_exec=0.333 | trust=0.082
DECISION : PAUSE
MACHINE  : Machine-3
------------------------------------------------------------
[SEQ 25] [STATIC-BASELINE]
CMD      : M104 | effects={'M': 104.0, 'S': 200.0, 'prev_temp': 220.0}
DECISION : ALLOW
------------------------------------------------------------
[SEQ 25] [IEEE-BASELINE]
SCORE    : anomaly_score=18.227
DECISION : ALLOW
------------------------------------------------------------
[SEQ 26] [LAYER INIT]
CMD      : M104 S220
TRUST    : acc_cmd=0.000 | acc_exec=0.333 | trust=0.082
DECISION : PAUSE
MACHINE  : Machine-3
------------------------------------------------------------
[SEQ 26] [STATIC-BASELINE]
CMD      : M104 | effects={'M': 104.0, 'S': 220.0, 'prev_temp': 200.0}
DECISION : ALLOW
------------------------------------------------------------
[SEQ 26] [IEEE-BASELINE]
SCORE    : anomaly_score=18.405
DECISION : ALLOW
------------------------------------------------------------
[SEQ 27] [LAYER INIT]
CMD      : M190 S60
TRUST    : acc_cmd=0.000 | acc_exec=0.000 | trust=0.167
DECISION : PAUSE
MACHINE  : Machine-3
------------------------------------------------------------
[SEQ 27] [STATIC-BASELINE]
CMD      : M190 | effects={'M': 190.0, 'S': 60.0}
DECISION : ALLOW
------------------------------------------------------------
[SEQ 27] [IEEE-BASELINE]
SCORE    : anomaly_score=16.564
DECISION : ALLOW
------------------------------------------------------------
[SEQ 28] [LAYER INIT]
CMD      : M104 S200
TRUST    : acc_cmd=0.000 | acc_exec=0.333 | trust=0.156
DECISION : PAUSE
MACHINE  : Machine-3
------------------------------------------------------------
[SEQ 28] [STATIC-BASELINE]
CMD      : M104 | effects={'M': 104.0, 'S': 200.0, 'prev_temp': 220.0}
DECISION : ALLOW
------------------------------------------------------------
[SEQ 28] [IEEE-BASELINE]
SCORE    : anomaly_score=16.908
DECISION : ALLOW
------------------------------------------------------------
[SEQ 29] [LAYER INIT]
CMD      : M104 S220
TRUST    : acc_cmd=0.000 | acc_exec=0.333 | trust=0.133
DECISION : PAUSE
MACHINE  : Machine-3
------------------------------------------------------------
[SEQ 29] [STATIC-BASELINE]
CMD      : M104 | effects={'M': 104.0, 'S': 220.0, 'prev_temp': 200.0}
DECISION : ALLOW
------------------------------------------------------------
[SEQ 29] [IEEE-BASELINE]
SCORE    : anomaly_score=17.217
DECISION : ALLOW
------------------------------------------------------------
[SEQ 30] [LAYER INIT]
CMD      : M104 S200
TRUST    : acc_cmd=0.000 | acc_exec=0.333 | trust=0.114
DECISION : PAUSE
MACHINE  : Machine-3
------------------------------------------------------------
[SEQ 30] [STATIC-BASELINE]
CMD      : M104 | effects={'M': 104.0, 'S': 200.0, 'prev_temp': 220.0}
DECISION : ALLOW
------------------------------------------------------------
[SEQ 30] [IEEE-BASELINE]
SCORE    : anomaly_score=17.495
DECISION : ALLOW
------------------------------------------------------------
[SEQ 31] [LAYER INIT]
CMD      : M104 S220
TRUST    : acc_cmd=0.000 | acc_exec=0.333 | trust=0.102
DECISION : PAUSE
MACHINE  : Machine-3
------------------------------------------------------------
[SEQ 31] [STATIC-BASELINE]
CMD      : M104 | effects={'M': 104.0, 'S': 220.0, 'prev_temp': 200.0}
DECISION : ALLOW
------------------------------------------------------------
[SEQ 31] [IEEE-BASELINE]
SCORE    : anomaly_score=17.746
DECISION : ALLOW
------------------------------------------------------------
[SEQ 32] [LAYER INIT]
CMD      : M104 S200
TRUST    : acc_cmd=0.000 | acc_exec=0.333 | trust=0.094
DECISION : PAUSE
MACHINE  : Machine-3
------------------------------------------------------------
[SEQ 32] [STATIC-BASELINE]
CMD      : M104 | effects={'M': 104.0, 'S': 200.0, 'prev_temp': 220.0}
DECISION : ALLOW
------------------------------------------------------------
[SEQ 32] [IEEE-BASELINE]
SCORE    : anomaly_score=17.971
DECISION : ALLOW
------------------------------------------------------------
[SEQ 33] [LAYER INIT]
CMD      : M104 S220
TRUST    : acc_cmd=0.000 | acc_exec=0.333 | trust=0.089
DECISION : PAUSE
MACHINE  : Machine-3
------------------------------------------------------------
[SEQ 33] [STATIC-BASELINE]
CMD      : M104 | effects={'M': 104.0, 'S': 220.0, 'prev_temp': 200.0}
DECISION : ALLOW
------------------------------------------------------------
[SEQ 33] [IEEE-BASELINE]
SCORE    : anomaly_score=18.174
DECISION : ALLOW
------------------------------------------------------------
[SEQ 34] [LAYER 0]
CMD      : M104 S200
TRUST    : acc_cmd=0.000 | acc_exec=0.333 | trust=0.086
DECISION : PAUSE
MACHINE  : Machine-3
------------------------------------------------------------
[SEQ 34] [STATIC-BASELINE]
CMD      : M104 | effects={'M': 104.0, 'S': 200.0, 'prev_temp': 220.0}
DECISION : ALLOW
------------------------------------------------------------
[SEQ 34] [IEEE-BASELINE]
SCORE    : anomaly_score=18.357
DECISION : ALLOW
------------------------------------------------------------
[SEQ 35] [LAYER 0]
CMD      : M104 S220
TRUST    : acc_cmd=0.000 | acc_exec=0.333 | trust=0.085
DECISION : PAUSE
MACHINE  : Machine-3
------------------------------------------------------------
[SEQ 35] [STATIC-BASELINE]
CMD      : M104 | effects={'M': 104.0, 'S': 220.0, 'prev_temp': 200.0}
DECISION : ALLOW
------------------------------------------------------------
[SEQ 35] [IEEE-BASELINE]
SCORE    : anomaly_score=18.521
DECISION : ALLOW
------------------------------------------------------------
[SEQ 36] [LAYER 0]
CMD      : M104 S200
TRUST    : acc_cmd=0.000 | acc_exec=0.333 | trust=0.084
DECISION : PAUSE
MACHINE  : Machine-3
------------------------------------------------------------
[SEQ 36] [STATIC-BASELINE]
CMD      : M104 | effects={'M': 104.0, 'S': 200.0, 'prev_temp': 220.0}
DECISION : ALLOW
------------------------------------------------------------
[SEQ 36] [IEEE-BASELINE]
SCORE    : anomaly_score=18.669
DECISION : ALLOW
------------------------------------------------------------
[SEQ 37] [LAYER 0]
CMD      : M104 S220
TRUST    : acc_cmd=0.000 | acc_exec=0.333 | trust=0.083
DECISION : PAUSE
MACHINE  : Machine-3
------------------------------------------------------------
[SEQ 37] [STATIC-BASELINE]
CMD      : M104 | effects={'M': 104.0, 'S': 220.0, 'prev_temp': 200.0}
DECISION : ALLOW
------------------------------------------------------------
[SEQ 37] [IEEE-BASELINE]
SCORE    : anomaly_score=18.802
DECISION : ALLOW
------------------------------------------------------------
[SEQ 38] [LAYER 0]
CMD      : ;TYPE:SKIRT
TRUST    : acc_cmd=0.000 | acc_exec=0.000 | trust=0.168
DECISION : PAUSE
MACHINE  : Machine-3
------------------------------------------------------------
[SEQ 38] [STATIC-BASELINE]
CMD      : None | effects={}
DECISION : ALLOW
------------------------------------------------------------
[SEQ 38] [IEEE-BASELINE]
SCORE    : anomaly_score=16.922
DECISION : ALLOW
------------------------------------------------------------
[SEQ 39] [LAYER 0]
CMD      : M104 S200
TRUST    : acc_cmd=0.000 | acc_exec=0.333 | trust=0.157
DECISION : PAUSE
MACHINE  : Machine-3
------------------------------------------------------------
[SEQ 39] [STATIC-BASELINE]
CMD      : M104 | effects={'M': 104.0, 'S': 200.0, 'prev_temp': 220.0}
DECISION : ALLOW
------------------------------------------------------------
[SEQ 39] [IEEE-BASELINE]
SCORE    : anomaly_score=17.230
DECISION : ALLOW
------------------------------------------------------------
[SEQ 40] [LAYER 0]
CMD      : M104 S220
TRUST    : acc_cmd=0.000 | acc_exec=0.333 | trust=0.133
DECISION : PAUSE
MACHINE  : Machine-3
------------------------------------------------------------
[SEQ 40] [STATIC-BASELINE]
CMD      : M104 | effects={'M': 104.0, 'S': 220.0, 'prev_temp': 200.0}
DECISION : ALLOW
------------------------------------------------------------
[SEQ 40] [IEEE-BASELINE]
SCORE    : anomaly_score=17.507
DECISION : ALLOW
------------------------------------------------------------
[SEQ 41] [LAYER 0]
CMD      : M104 S200
TRUST    : acc_cmd=0.000 | acc_exec=0.333 | trust=0.115
DECISION : PAUSE
MACHINE  : Machine-3
------------------------------------------------------------
[SEQ 41] [STATIC-BASELINE]
CMD      : M104 | effects={'M': 104.0, 'S': 200.0, 'prev_temp': 220.0}
DECISION : ALLOW
------------------------------------------------------------
[SEQ 41] [IEEE-BASELINE]
SCORE    : anomaly_score=17.756
DECISION : ALLOW
------------------------------------------------------------
[SEQ 42] [LAYER 0]
CMD      : M104 S220
TRUST    : acc_cmd=0.000 | acc_exec=0.333 | trust=0.102
DECISION : PAUSE
MACHINE  : Machine-3
------------------------------------------------------------
[SEQ 42] [STATIC-BASELINE]
CMD      : M104 | effects={'M': 104.0, 'S': 220.0, 'prev_temp': 200.0}
DECISION : ALLOW
------------------------------------------------------------
[SEQ 42] [IEEE-BASELINE]
SCORE    : anomaly_score=17.980
DECISION : ALLOW
------------------------------------------------------------
[SEQ 43] [LAYER 0]
CMD      : M104 S200
TRUST    : acc_cmd=0.000 | acc_exec=0.333 | trust=0.094
DECISION : PAUSE
MACHINE  : Machine-3
------------------------------------------------------------
[SEQ 43] [STATIC-BASELINE]
CMD      : M104 | effects={'M': 104.0, 'S': 200.0, 'prev_temp': 220.0}
DECISION : ALLOW
------------------------------------------------------------
[SEQ 43] [IEEE-BASELINE]
SCORE    : anomaly_score=18.182
DECISION : ALLOW
------------------------------------------------------------
[SEQ 44] [LAYER 0]
CMD      : M104 S220
TRUST    : acc_cmd=0.000 | acc_exec=0.333 | trust=0.089
DECISION : PAUSE
MACHINE  : Machine-3
------------------------------------------------------------
[SEQ 44] [STATIC-BASELINE]
CMD      : M104 | effects={'M': 104.0, 'S': 220.0, 'prev_temp': 200.0}
DECISION : ALLOW
------------------------------------------------------------
[SEQ 44] [IEEE-BASELINE]
SCORE    : anomaly_score=18.364
DECISION : ALLOW
------------------------------------------------------------
[SEQ 45] [LAYER 0]
CMD      : M104 S200
TRUST    : acc_cmd=0.000 | acc_exec=0.333 | trust=0.086
DECISION : PAUSE
MACHINE  : Machine-3
------------------------------------------------------------
[SEQ 45] [STATIC-BASELINE]
CMD      : M104 | effects={'M': 104.0, 'S': 200.0, 'prev_temp': 220.0}
DECISION : ALLOW
------------------------------------------------------------
[SEQ 45] [IEEE-BASELINE]
SCORE    : anomaly_score=18.528
DECISION : ALLOW
------------------------------------------------------------
[SEQ 46] [LAYER 0]
CMD      : M104 S220
TRUST    : acc_cmd=0.000 | acc_exec=0.333 | trust=0.085
DECISION : PAUSE
MACHINE  : Machine-3
------------------------------------------------------------
[SEQ 46] [STATIC-BASELINE]
CMD      : M104 | effects={'M': 104.0, 'S': 220.0, 'prev_temp': 200.0}
DECISION : ALLOW
------------------------------------------------------------
[SEQ 46] [IEEE-BASELINE]
SCORE    : anomaly_score=18.675
DECISION : ALLOW
------------------------------------------------------------
[SEQ 47] [LAYER 0]
CMD      : M104 S200
TRUST    : acc_cmd=0.000 | acc_exec=0.333 | trust=0.084
DECISION : PAUSE
MACHINE  : Machine-3
------------------------------------------------------------
[SEQ 47] [STATIC-BASELINE]
CMD      : M104 | effects={'M': 104.0, 'S': 200.0, 'prev_temp': 220.0}
DECISION : ALLOW
------------------------------------------------------------
[SEQ 47] [IEEE-BASELINE]
SCORE    : anomaly_score=18.807
DECISION : ALLOW
------------------------------------------------------------
[SEQ 48] [LAYER 0]
CMD      : M104 S220
TRUST    : acc_cmd=0.000 | acc_exec=0.333 | trust=0.083
DECISION : PAUSE
MACHINE  : Machine-3
------------------------------------------------------------
[SEQ 48] [STATIC-BASELINE]
CMD      : M104 | effects={'M': 104.0, 'S': 220.0, 'prev_temp': 200.0}
DECISION : ALLOW
------------------------------------------------------------
[SEQ 48] [IEEE-BASELINE]
SCORE    : anomaly_score=18.927
DECISION : ALLOW
------------------------------------------------------------
[SEQ 49] [LAYER 0]
CMD      : M104 S200
TRUST    : acc_cmd=0.000 | acc_exec=0.333 | trust=0.083
DECISION : PAUSE
MACHINE  : Machine-3
------------------------------------------------------------
[SEQ 49] [STATIC-BASELINE]
CMD      : M104 | effects={'M': 104.0, 'S': 200.0, 'prev_temp': 220.0}
DECISION : ALLOW
------------------------------------------------------------
[SEQ 49] [IEEE-BASELINE]
SCORE    : anomaly_score=19.034
DECISION : ALLOW
------------------------------------------------------------
[SEQ 50] [LAYER 0]
CMD      : M104 S220
TRUST    : acc_cmd=0.000 | acc_exec=0.333 | trust=0.082
DECISION : PAUSE
MACHINE  : Machine-3
------------------------------------------------------------
[SEQ 50] [STATIC-BASELINE]
CMD      : M104 | effects={'M': 104.0, 'S': 220.0, 'prev_temp': 200.0}
DECISION : ALLOW
------------------------------------------------------------
[SEQ 50] [IEEE-BASELINE]
SCORE    : anomaly_score=19.131
DECISION : ALLOW
------------------------------------------------------------
[SEQ 51] [LAYER 0]
CMD      : M104 S200
TRUST    : acc_cmd=0.000 | acc_exec=0.333 | trust=0.082
DECISION : PAUSE
MACHINE  : Machine-3
------------------------------------------------------------
[SEQ 51] [STATIC-BASELINE]
CMD      : M104 | effects={'M': 104.0, 'S': 200.0, 'prev_temp': 220.0}
DECISION : ALLOW
------------------------------------------------------------
[SEQ 51] [IEEE-BASELINE]
SCORE    : anomaly_score=19.218
DECISION : ALLOW
------------------------------------------------------------
[SEQ 52] [LAYER 0]
CMD      : M104 S220
TRUST    : acc_cmd=0.000 | acc_exec=0.333 | trust=0.082
DECISION : PAUSE
MACHINE  : Machine-3
------------------------------------------------------------
[SEQ 52] [STATIC-BASELINE]
CMD      : M104 | effects={'M': 104.0, 'S': 220.0, 'prev_temp': 200.0}
DECISION : ALLOW
------------------------------------------------------------
[SEQ 52] [IEEE-BASELINE]
SCORE    : anomaly_score=19.296
DECISION : ALLOW
------------------------------------------------------------
[SEQ 53] [LAYER 0]
CMD      : M104 S200
TRUST    : acc_cmd=0.000 | acc_exec=0.333 | trust=0.082
DECISION : PAUSE
MACHINE  : Machine-3
------------------------------------------------------------
[SEQ 53] [STATIC-BASELINE]
CMD      : M104 | effects={'M': 104.0, 'S': 200.0, 'prev_temp': 220.0}
DECISION : ALLOW
------------------------------------------------------------
[SEQ 53] [IEEE-BASELINE]
SCORE    : anomaly_score=19.366
DECISION : ALLOW
------------------------------------------------------------
[SEQ 54] [LAYER 0]
CMD      : M104 S220
TRUST    : acc_cmd=0.000 | acc_exec=0.333 | trust=0.082
DECISION : PAUSE
MACHINE  : Machine-3
------------------------------------------------------------
[SEQ 54] [STATIC-BASELINE]
CMD      : M104 | effects={'M': 104.0, 'S': 220.0, 'prev_temp': 200.0}
DECISION : ALLOW
------------------------------------------------------------
[SEQ 54] [IEEE-BASELINE]
SCORE    : anomaly_score=19.430
DECISION : ALLOW
------------------------------------------------------------
[SEQ 55] [LAYER 0]
CMD      : M104 S200
TRUST    : acc_cmd=0.000 | acc_exec=0.333 | trust=0.082
DECISION : PAUSE
MACHINE  : Machine-3
------------------------------------------------------------
[SEQ 55] [STATIC-BASELINE]
CMD      : M104 | effects={'M': 104.0, 'S': 200.0, 'prev_temp': 220.0}
DECISION : ALLOW
------------------------------------------------------------
[SEQ 55] [IEEE-BASELINE]
SCORE    : anomaly_score=19.487
DECISION : ALLOW
------------------------------------------------------------
[SEQ 56] [LAYER 0]
CMD      : M104 S220
TRUST    : acc_cmd=0.000 | acc_exec=0.333 | trust=0.082
DECISION : PAUSE
MACHINE  : Machine-3
------------------------------------------------------------
[SEQ 56] [STATIC-BASELINE]
CMD      : M104 | effects={'M': 104.0, 'S': 220.0, 'prev_temp': 200.0}
DECISION : ALLOW
------------------------------------------------------------
[SEQ 56] [IEEE-BASELINE]
SCORE    : anomaly_score=19.538
DECISION : ALLOW
------------------------------------------------------------
[SEQ 57] [LAYER 0]
CMD      : M104 S200
TRUST    : acc_cmd=0.000 | acc_exec=0.333 | trust=0.082
DECISION : PAUSE
MACHINE  : Machine-3
------------------------------------------------------------
[SEQ 57] [STATIC-BASELINE]
CMD      : M104 | effects={'M': 104.0, 'S': 200.0, 'prev_temp': 220.0}
DECISION : ALLOW
------------------------------------------------------------
[SEQ 57] [IEEE-BASELINE]
SCORE    : anomaly_score=19.584
DECISION : ALLOW
------------------------------------------------------------
[SEQ 58] [LAYER 0]
CMD      : M104 S220
TRUST    : acc_cmd=0.000 | acc_exec=0.333 | trust=0.082
DECISION : PAUSE
MACHINE  : Machine-3
------------------------------------------------------------
[SEQ 58] [STATIC-BASELINE]
CMD      : M104 | effects={'M': 104.0, 'S': 220.0, 'prev_temp': 200.0}
DECISION : ALLOW
------------------------------------------------------------
[SEQ 58] [IEEE-BASELINE]
SCORE    : anomaly_score=19.626
DECISION : ALLOW
------------------------------------------------------------
[SEQ 59] [LAYER 0]
CMD      : M104 S200
TRUST    : acc_cmd=0.000 | acc_exec=0.333 | trust=0.082
DECISION : PAUSE
MACHINE  : Machine-3
------------------------------------------------------------
[SEQ 59] [STATIC-BASELINE]
CMD      : M104 | effects={'M': 104.0, 'S': 200.0, 'prev_temp': 220.0}
DECISION : ALLOW
------------------------------------------------------------
[SEQ 59] [IEEE-BASELINE]
SCORE    : anomaly_score=19.663
DECISION : ALLOW
------------------------------------------------------------
[SEQ 60] [LAYER 0]
CMD      : M104 S220
TRUST    : acc_cmd=0.000 | acc_exec=0.333 | trust=0.082
DECISION : PAUSE
MACHINE  : Machine-3
------------------------------------------------------------
[SEQ 60] [STATIC-BASELINE]
CMD      : M104 | effects={'M': 104.0, 'S': 220.0, 'prev_temp': 200.0}
DECISION : ALLOW
------------------------------------------------------------
[SEQ 60] [IEEE-BASELINE]
SCORE    : anomaly_score=19.697
DECISION : ALLOW
------------------------------------------------------------
[SEQ 61] [LAYER 0]
CMD      : M104 S200
TRUST    : acc_cmd=0.000 | acc_exec=0.333 | trust=0.082
DECISION : PAUSE
MACHINE  : Machine-3
------------------------------------------------------------
[SEQ 61] [STATIC-BASELINE]
CMD      : M104 | effects={'M': 104.0, 'S': 200.0, 'prev_temp': 220.0}
DECISION : ALLOW
------------------------------------------------------------
[SEQ 61] [IEEE-BASELINE]
SCORE    : anomaly_score=19.727
DECISION : ALLOW
------------------------------------------------------------
[SEQ 62] [LAYER 0]
CMD      : M104 S220
TRUST    : acc_cmd=0.000 | acc_exec=0.333 | trust=0.082
DECISION : PAUSE
MACHINE  : Machine-3
------------------------------------------------------------
[SEQ 62] [STATIC-BASELINE]
CMD      : M104 | effects={'M': 104.0, 'S': 220.0, 'prev_temp': 200.0}
DECISION : ALLOW
------------------------------------------------------------
[SEQ 62] [IEEE-BASELINE]
SCORE    : anomaly_score=19.754
DECISION : ALLOW
------------------------------------------------------------
[SEQ 63] [LAYER 0]
CMD      : M104 S200
TRUST    : acc_cmd=0.000 | acc_exec=0.333 | trust=0.082
DECISION : PAUSE
MACHINE  : Machine-3
------------------------------------------------------------
[SEQ 63] [STATIC-BASELINE]
CMD      : M104 | effects={'M': 104.0, 'S': 200.0, 'prev_temp': 220.0}
DECISION : ALLOW
------------------------------------------------------------
[SEQ 63] [IEEE-BASELINE]
SCORE    : anomaly_score=19.779
DECISION : ALLOW
------------------------------------------------------------
[SEQ 64] [LAYER 0]
CMD      : M104 S220
TRUST    : acc_cmd=0.000 | acc_exec=0.333 | trust=0.082
DECISION : PAUSE
MACHINE  : Machine-3
------------------------------------------------------------
[SEQ 64] [STATIC-BASELINE]
CMD      : M104 | effects={'M': 104.0, 'S': 220.0, 'prev_temp': 200.0}
DECISION : ALLOW
------------------------------------------------------------
[SEQ 64] [IEEE-BASELINE]
SCORE    : anomaly_score=19.801
DECISION : ALLOW
------------------------------------------------------------
[SEQ 65] [LAYER 0]
CMD      : M104 S200
TRUST    : acc_cmd=0.000 | acc_exec=0.333 | trust=0.082
DECISION : PAUSE
MACHINE  : Machine-3
------------------------------------------------------------
[SEQ 65] [STATIC-BASELINE]
CMD      : M104 | effects={'M': 104.0, 'S': 200.0, 'prev_temp': 220.0}
DECISION : ALLOW
------------------------------------------------------------
[SEQ 65] [IEEE-BASELINE]
SCORE    : anomaly_score=19.821
DECISION : ALLOW
------------------------------------------------------------
[SEQ 66] [LAYER 0]
CMD      : M104 S220
TRUST    : acc_cmd=0.000 | acc_exec=0.333 | trust=0.082
DECISION : PAUSE
MACHINE  : Machine-3
------------------------------------------------------------
[SEQ 66] [STATIC-BASELINE]
CMD      : M104 | effects={'M': 104.0, 'S': 220.0, 'prev_temp': 200.0}
DECISION : ALLOW
------------------------------------------------------------
[SEQ 66] [IEEE-BASELINE]
SCORE    : anomaly_score=19.839
DECISION : ALLOW
------------------------------------------------------------
[SEQ 67] [LAYER 0]
CMD      : M104 S200
TRUST    : acc_cmd=0.000 | acc_exec=0.333 | trust=0.082
DECISION : PAUSE
MACHINE  : Machine-3
------------------------------------------------------------
[SEQ 67] [STATIC-BASELINE]
CMD      : M104 | effects={'M': 104.0, 'S': 200.0, 'prev_temp': 220.0}
DECISION : ALLOW
------------------------------------------------------------
[SEQ 67] [IEEE-BASELINE]
SCORE    : anomaly_score=19.855
DECISION : ALLOW
------------------------------------------------------------
[SEQ 68] [LAYER 0]
CMD      : M104 S220
TRUST    : acc_cmd=0.000 | acc_exec=0.333 | trust=0.082
DECISION : PAUSE
MACHINE  : Machine-3
------------------------------------------------------------
[SEQ 68] [STATIC-BASELINE]
CMD      : M104 | effects={'M': 104.0, 'S': 220.0, 'prev_temp': 200.0}
DECISION : ALLOW
------------------------------------------------------------
[SEQ 68] [IEEE-BASELINE]
SCORE    : anomaly_score=19.870
DECISION : ALLOW
------------------------------------------------------------
[SEQ 69] [LAYER 0]
CMD      : M104 S200
TRUST    : acc_cmd=0.000 | acc_exec=0.333 | trust=0.082
DECISION : PAUSE
MACHINE  : Machine-3
------------------------------------------------------------
[SEQ 69] [STATIC-BASELINE]
CMD      : M104 | effects={'M': 104.0, 'S': 200.0, 'prev_temp': 220.0}
DECISION : ALLOW
------------------------------------------------------------
[SEQ 69] [IEEE-BASELINE]
SCORE    : anomaly_score=19.883
DECISION : ALLOW
------------------------------------------------------------
[SEQ 70] [LAYER 0]
CMD      : M104 S220
TRUST    : acc_cmd=0.000 | acc_exec=0.333 | trust=0.082
DECISION : PAUSE
MACHINE  : Machine-3
------------------------------------------------------------
[SEQ 70] [STATIC-BASELINE]
CMD      : M104 | effects={'M': 104.0, 'S': 220.0, 'prev_temp': 200.0}
DECISION : ALLOW
------------------------------------------------------------
[SEQ 70] [IEEE-BASELINE]
SCORE    : anomaly_score=19.894
DECISION : ALLOW
------------------------------------------------------------
[SEQ 71] [LAYER 0]
CMD      : M104 S200
TRUST    : acc_cmd=0.000 | acc_exec=0.333 | trust=0.082
DECISION : PAUSE
MACHINE  : Machine-3
------------------------------------------------------------
[SEQ 71] [STATIC-BASELINE]
CMD      : M104 | effects={'M': 104.0, 'S': 200.0, 'prev_temp': 220.0}
DECISION : ALLOW
------------------------------------------------------------
[SEQ 71] [IEEE-BASELINE]
SCORE    : anomaly_score=19.905
DECISION : ALLOW
------------------------------------------------------------
[SEQ 72] [LAYER 0]
CMD      : M104 S220
TRUST    : acc_cmd=0.000 | acc_exec=0.333 | trust=0.082
DECISION : PAUSE
MACHINE  : Machine-3
------------------------------------------------------------
[SEQ 72] [STATIC-BASELINE]
CMD      : M104 | effects={'M': 104.0, 'S': 220.0, 'prev_temp': 200.0}
DECISION : ALLOW
------------------------------------------------------------
[SEQ 72] [IEEE-BASELINE]
SCORE    : anomaly_score=19.914
DECISION : ALLOW
------------------------------------------------------------
[SEQ 73] [LAYER 0]
CMD      : M104 S200
TRUST    : acc_cmd=0.000 | acc_exec=0.333 | trust=0.082
DECISION : PAUSE
MACHINE  : Machine-3
------------------------------------------------------------
[SEQ 73] [STATIC-BASELINE]
CMD      : M104 | effects={'M': 104.0, 'S': 200.0, 'prev_temp': 220.0}
DECISION : ALLOW
------------------------------------------------------------
[SEQ 73] [IEEE-BASELINE]
SCORE    : anomaly_score=19.923
DECISION : ALLOW
------------------------------------------------------------
[SEQ 74] [LAYER 0]
CMD      : M104 S220
TRUST    : acc_cmd=0.000 | acc_exec=0.333 | trust=0.082
DECISION : PAUSE
MACHINE  : Machine-3
------------------------------------------------------------
[SEQ 74] [STATIC-BASELINE]
CMD      : M104 | effects={'M': 104.0, 'S': 220.0, 'prev_temp': 200.0}
DECISION : ALLOW
------------------------------------------------------------
[SEQ 74] [IEEE-BASELINE]
SCORE    : anomaly_score=19.931
DECISION : ALLOW
------------------------------------------------------------
[SEQ 75] [LAYER 0]
CMD      : M104 S200
TRUST    : acc_cmd=0.000 | acc_exec=0.333 | trust=0.082
DECISION : PAUSE
MACHINE  : Machine-3
------------------------------------------------------------
[SEQ 75] [STATIC-BASELINE]
CMD      : M104 | effects={'M': 104.0, 'S': 200.0, 'prev_temp': 220.0}
DECISION : ALLOW
------------------------------------------------------------
[SEQ 75] [IEEE-BASELINE]
SCORE    : anomaly_score=19.938
DECISION : ALLOW
------------------------------------------------------------
[SEQ 76] [LAYER 0]
CMD      : M104 S220
TRUST    : acc_cmd=0.000 | acc_exec=0.333 | trust=0.082
DECISION : PAUSE
MACHINE  : Machine-3
------------------------------------------------------------
[SEQ 76] [STATIC-BASELINE]
CMD      : M104 | effects={'M': 104.0, 'S': 220.0, 'prev_temp': 200.0}
DECISION : ALLOW
------------------------------------------------------------
[SEQ 76] [IEEE-BASELINE]
SCORE    : anomaly_score=19.944
DECISION : ALLOW
------------------------------------------------------------
[SEQ 77] [LAYER 0]
CMD      : M104 S200
TRUST    : acc_cmd=0.000 | acc_exec=0.333 | trust=0.082
DECISION : PAUSE
MACHINE  : Machine-3
------------------------------------------------------------
[SEQ 77] [STATIC-BASELINE]
CMD      : M104 | effects={'M': 104.0, 'S': 200.0, 'prev_temp': 220.0}
DECISION : ALLOW
------------------------------------------------------------
[SEQ 77] [IEEE-BASELINE]
SCORE    : anomaly_score=19.949
DECISION : ALLOW
------------------------------------------------------------
[SEQ 78] [LAYER 0]
CMD      : M104 S220
TRUST    : acc_cmd=0.000 | acc_exec=0.333 | trust=0.082
DECISION : PAUSE
MACHINE  : Machine-3
------------------------------------------------------------
[SEQ 78] [STATIC-BASELINE]
CMD      : M104 | effects={'M': 104.0, 'S': 220.0, 'prev_temp': 200.0}
DECISION : ALLOW
------------------------------------------------------------
[SEQ 78] [IEEE-BASELINE]
SCORE    : anomaly_score=19.955
DECISION : ALLOW
------------------------------------------------------------
[SEQ 79] [LAYER 0]
CMD      : M104 S200
TRUST    : acc_cmd=0.000 | acc_exec=0.333 | trust=0.082
DECISION : PAUSE
MACHINE  : Machine-3
------------------------------------------------------------
[SEQ 79] [STATIC-BASELINE]
CMD      : M104 | effects={'M': 104.0, 'S': 200.0, 'prev_temp': 220.0}
DECISION : ALLOW
------------------------------------------------------------
[SEQ 79] [IEEE-BASELINE]
SCORE    : anomaly_score=19.959
DECISION : ALLOW
------------------------------------------------------------
[SEQ 80] [LAYER 0]
CMD      : M104 S220
TRUST    : acc_cmd=0.000 | acc_exec=0.333 | trust=0.082
DECISION : PAUSE
MACHINE  : Machine-3
------------------------------------------------------------
[SEQ 80] [STATIC-BASELINE]
CMD      : M104 | effects={'M': 104.0, 'S': 220.0, 'prev_temp': 200.0}
DECISION : ALLOW
------------------------------------------------------------
[SEQ 80] [IEEE-BASELINE]
SCORE    : anomaly_score=19.963
DECISION : ALLOW
------------------------------------------------------------
[SEQ 81] [LAYER 0]
CMD      : M104 S200
TRUST    : acc_cmd=0.000 | acc_exec=0.333 | trust=0.082
DECISION : PAUSE
MACHINE  : Machine-3
------------------------------------------------------------
[SEQ 81] [STATIC-BASELINE]
CMD      : M104 | effects={'M': 104.0, 'S': 200.0, 'prev_temp': 220.0}
DECISION : ALLOW
------------------------------------------------------------
[SEQ 81] [IEEE-BASELINE]
SCORE    : anomaly_score=19.967
DECISION : ALLOW
------------------------------------------------------------
[SEQ 82] [LAYER 0]
CMD      : M104 S220
TRUST    : acc_cmd=0.000 | acc_exec=0.333 | trust=0.082
DECISION : PAUSE
MACHINE  : Machine-3
------------------------------------------------------------
[SEQ 82] [STATIC-BASELINE]
CMD      : M104 | effects={'M': 104.0, 'S': 220.0, 'prev_temp': 200.0}
DECISION : ALLOW
------------------------------------------------------------
[SEQ 82] [IEEE-BASELINE]
SCORE    : anomaly_score=19.970
DECISION : ALLOW
------------------------------------------------------------
[SEQ 83] [LAYER 0]
CMD      : M104 S200
TRUST    : acc_cmd=0.000 | acc_exec=0.333 | trust=0.082
DECISION : PAUSE
MACHINE  : Machine-3
------------------------------------------------------------
[SEQ 83] [STATIC-BASELINE]
CMD      : M104 | effects={'M': 104.0, 'S': 200.0, 'prev_temp': 220.0}
DECISION : ALLOW
------------------------------------------------------------
[SEQ 83] [IEEE-BASELINE]
SCORE    : anomaly_score=19.973
DECISION : ALLOW
------------------------------------------------------------
[SEQ 84] [LAYER 0]
CMD      : M104 S220
TRUST    : acc_cmd=0.000 | acc_exec=0.333 | trust=0.082
DECISION : PAUSE
MACHINE  : Machine-3
------------------------------------------------------------
[SEQ 84] [STATIC-BASELINE]
CMD      : M104 | effects={'M': 104.0, 'S': 220.0, 'prev_temp': 200.0}
DECISION : ALLOW
------------------------------------------------------------
[SEQ 84] [IEEE-BASELINE]
SCORE    : anomaly_score=19.976
DECISION : ALLOW
------------------------------------------------------------
[SEQ 85] [LAYER 0]
CMD      : M104 S200
TRUST    : acc_cmd=0.000 | acc_exec=0.333 | trust=0.082
DECISION : PAUSE
MACHINE  : Machine-3
------------------------------------------------------------
[SEQ 85] [STATIC-BASELINE]
CMD      : M104 | effects={'M': 104.0, 'S': 200.0, 'prev_temp': 220.0}
DECISION : ALLOW
------------------------------------------------------------
[SEQ 85] [IEEE-BASELINE]
SCORE    : anomaly_score=19.978
DECISION : ALLOW
------------------------------------------------------------
[SEQ 86] [LAYER 0]
CMD      : M104 S220
TRUST    : acc_cmd=0.000 | acc_exec=0.333 | trust=0.082
DECISION : PAUSE
MACHINE  : Machine-3
------------------------------------------------------------
[SEQ 86] [STATIC-BASELINE]
CMD      : M104 | effects={'M': 104.0, 'S': 220.0, 'prev_temp': 200.0}
DECISION : ALLOW
------------------------------------------------------------
[SEQ 86] [IEEE-BASELINE]
SCORE    : anomaly_score=19.980
DECISION : ALLOW
------------------------------------------------------------
[SEQ 87] [LAYER 0]
CMD      : M104 S200
TRUST    : acc_cmd=0.000 | acc_exec=0.333 | trust=0.082
DECISION : PAUSE
MACHINE  : Machine-3
------------------------------------------------------------
[SEQ 87] [STATIC-BASELINE]
CMD      : M104 | effects={'M': 104.0, 'S': 200.0, 'prev_temp': 220.0}
DECISION : ALLOW
------------------------------------------------------------
[SEQ 87] [IEEE-BASELINE]
SCORE    : anomaly_score=19.982
DECISION : ALLOW
------------------------------------------------------------
[SEQ 88] [LAYER 0]
CMD      : M104 S220
TRUST    : acc_cmd=0.000 | acc_exec=0.333 | trust=0.082
DECISION : PAUSE
MACHINE  : Machine-3
------------------------------------------------------------
[SEQ 88] [STATIC-BASELINE]
CMD      : M104 | effects={'M': 104.0, 'S': 220.0, 'prev_temp': 200.0}
DECISION : ALLOW
------------------------------------------------------------
[SEQ 88] [IEEE-BASELINE]
SCORE    : anomaly_score=19.984
DECISION : ALLOW
------------------------------------------------------------
[SEQ 89] [LAYER 0]
CMD      : M104 S200
TRUST    : acc_cmd=0.000 | acc_exec=0.333 | trust=0.082
DECISION : PAUSE
MACHINE  : Machine-3
------------------------------------------------------------
[SEQ 89] [STATIC-BASELINE]
CMD      : M104 | effects={'M': 104.0, 'S': 200.0, 'prev_temp': 220.0}
DECISION : ALLOW
------------------------------------------------------------
[SEQ 89] [IEEE-BASELINE]
SCORE    : anomaly_score=19.986
DECISION : ALLOW
------------------------------------------------------------
[SEQ 90] [LAYER 0]
CMD      : M104 S220
TRUST    : acc_cmd=0.000 | acc_exec=0.333 | trust=0.082
DECISION : PAUSE
MACHINE  : Machine-3
------------------------------------------------------------
[SEQ 90] [STATIC-BASELINE]
CMD      : M104 | effects={'M': 104.0, 'S': 220.0, 'prev_temp': 200.0}
DECISION : ALLOW
------------------------------------------------------------
[SEQ 90] [IEEE-BASELINE]
SCORE    : anomaly_score=19.987
DECISION : ALLOW
------------------------------------------------------------
[SEQ 91] [LAYER 0]
CMD      : M104 S200
TRUST    : acc_cmd=0.000 | acc_exec=0.333 | trust=0.082
DECISION : PAUSE
MACHINE  : Machine-3
------------------------------------------------------------
[SEQ 91] [STATIC-BASELINE]
CMD      : M104 | effects={'M': 104.0, 'S': 200.0, 'prev_temp': 220.0}
DECISION : ALLOW
------------------------------------------------------------
[SEQ 91] [IEEE-BASELINE]
SCORE    : anomaly_score=19.988
DECISION : ALLOW
------------------------------------------------------------
[SEQ 92] [LAYER 0]
CMD      : M104 S220
TRUST    : acc_cmd=0.000 | acc_exec=0.333 | trust=0.082
DECISION : PAUSE
MACHINE  : Machine-3
------------------------------------------------------------
[SEQ 92] [STATIC-BASELINE]
CMD      : M104 | effects={'M': 104.0, 'S': 220.0, 'prev_temp': 200.0}
DECISION : ALLOW
------------------------------------------------------------
[SEQ 92] [IEEE-BASELINE]
SCORE    : anomaly_score=19.990
DECISION : ALLOW
------------------------------------------------------------
[SEQ 93] [LAYER 0]
CMD      : M104 S200
TRUST    : acc_cmd=0.000 | acc_exec=0.333 | trust=0.082
DECISION : PAUSE
MACHINE  : Machine-3
------------------------------------------------------------
[SEQ 93] [STATIC-BASELINE]
CMD      : M104 | effects={'M': 104.0, 'S': 200.0, 'prev_temp': 220.0}
DECISION : ALLOW
------------------------------------------------------------
[SEQ 93] [IEEE-BASELINE]
SCORE    : anomaly_score=19.991
DECISION : ALLOW
------------------------------------------------------------
[SEQ 94] [LAYER 0]
CMD      : M104 S220
TRUST    : acc_cmd=0.000 | acc_exec=0.333 | trust=0.082
DECISION : PAUSE
MACHINE  : Machine-3
------------------------------------------------------------
[SEQ 94] [STATIC-BASELINE]
CMD      : M104 | effects={'M': 104.0, 'S': 220.0, 'prev_temp': 200.0}
DECISION : ALLOW
------------------------------------------------------------
[SEQ 94] [IEEE-BASELINE]
SCORE    : anomaly_score=19.992
DECISION : ALLOW
------------------------------------------------------------
[SEQ 95] [LAYER 0]
CMD      : M104 S200
TRUST    : acc_cmd=0.000 | acc_exec=0.333 | trust=0.082
DECISION : PAUSE
MACHINE  : Machine-3
------------------------------------------------------------
[SEQ 95] [STATIC-BASELINE]
CMD      : M104 | effects={'M': 104.0, 'S': 200.0, 'prev_temp': 220.0}
DECISION : ALLOW
------------------------------------------------------------
[SEQ 95] [IEEE-BASELINE]
SCORE    : anomaly_score=19.992
DECISION : ALLOW
------------------------------------------------------------
[SEQ 96] [LAYER 0]
CMD      : M104 S220
TRUST    : acc_cmd=0.000 | acc_exec=0.333 | trust=0.082
DECISION : PAUSE
MACHINE  : Machine-3
------------------------------------------------------------
[SEQ 96] [STATIC-BASELINE]
CMD      : M104 | effects={'M': 104.0, 'S': 220.0, 'prev_temp': 200.0}
DECISION : ALLOW
------------------------------------------------------------
[SEQ 96] [IEEE-BASELINE]
SCORE    : anomaly_score=19.993
DECISION : ALLOW
------------------------------------------------------------
[SEQ 97] [LAYER 0]
CMD      : M104 S200
TRUST    : acc_cmd=0.000 | acc_exec=0.333 | trust=0.082
DECISION : PAUSE
MACHINE  : Machine-3
------------------------------------------------------------
[SEQ 97] [STATIC-BASELINE]
CMD      : M104 | effects={'M': 104.0, 'S': 200.0, 'prev_temp': 220.0}
DECISION : ALLOW
------------------------------------------------------------
[SEQ 97] [IEEE-BASELINE]
SCORE    : anomaly_score=19.994
DECISION : ALLOW
------------------------------------------------------------
[SEQ 98] [LAYER 0]
CMD      : M104 S220
TRUST    : acc_cmd=0.000 | acc_exec=0.333 | trust=0.082
DECISION : PAUSE
MACHINE  : Machine-3
------------------------------------------------------------
[SEQ 98] [STATIC-BASELINE]
CMD      : M104 | effects={'M': 104.0, 'S': 220.0, 'prev_temp': 200.0}
DECISION : ALLOW
------------------------------------------------------------
[SEQ 98] [IEEE-BASELINE]
SCORE    : anomaly_score=19.994
DECISION : ALLOW
------------------------------------------------------------
[SEQ 99] [LAYER 0]
CMD      : M104 S200
TRUST    : acc_cmd=0.000 | acc_exec=0.333 | trust=0.082
DECISION : PAUSE
MACHINE  : Machine-3
------------------------------------------------------------
[SEQ 99] [STATIC-BASELINE]
CMD      : M104 | effects={'M': 104.0, 'S': 200.0, 'prev_temp': 220.0}
DECISION : ALLOW
------------------------------------------------------------
[SEQ 99] [IEEE-BASELINE]
SCORE    : anomaly_score=19.995
DECISION : ALLOW
------------------------------------------------------------
[SEQ 100] [LAYER 0]
CMD      : M104 S220
TRUST    : acc_cmd=0.000 | acc_exec=0.333 | trust=0.082
DECISION : PAUSE
MACHINE  : Machine-3
------------------------------------------------------------
[SEQ 100] [STATIC-BASELINE]
CMD      : M104 | effects={'M': 104.0, 'S': 220.0, 'prev_temp': 200.0}
DECISION : ALLOW
------------------------------------------------------------
[SEQ 100] [IEEE-BASELINE]
SCORE    : anomaly_score=19.996
DECISION : ALLOW
------------------------------------------------------------
[SEQ 101] [LAYER 0]
CMD      : M104 S200
TRUST    : acc_cmd=0.000 | acc_exec=0.333 | trust=0.082
DECISION : PAUSE
MACHINE  : Machine-3
------------------------------------------------------------
[SEQ 101] [STATIC-BASELINE]
CMD      : M104 | effects={'M': 104.0, 'S': 200.0, 'prev_temp': 220.0}
DECISION : ALLOW
------------------------------------------------------------
[SEQ 101] [IEEE-BASELINE]
SCORE    : anomaly_score=19.996
DECISION : ALLOW
------------------------------------------------------------
[SEQ 102] [LAYER 0]
CMD      : M104 S220
TRUST    : acc_cmd=0.000 | acc_exec=0.333 | trust=0.082
DECISION : PAUSE
MACHINE  : Machine-3
------------------------------------------------------------
[SEQ 102] [STATIC-BASELINE]
CMD      : M104 | effects={'M': 104.0, 'S': 220.0, 'prev_temp': 200.0}
DECISION : ALLOW
------------------------------------------------------------
[SEQ 102] [IEEE-BASELINE]
SCORE    : anomaly_score=19.996
DECISION : ALLOW
------------------------------------------------------------
[SEQ 103] [LAYER 0]
CMD      : M104 S200
TRUST    : acc_cmd=0.000 | acc_exec=0.333 | trust=0.082
DECISION : PAUSE
MACHINE  : Machine-3
------------------------------------------------------------
[SEQ 103] [STATIC-BASELINE]
CMD      : M104 | effects={'M': 104.0, 'S': 200.0, 'prev_temp': 220.0}
DECISION : ALLOW
------------------------------------------------------------
[SEQ 103] [IEEE-BASELINE]
SCORE    : anomaly_score=19.997
DECISION : ALLOW
------------------------------------------------------------
[SEQ 104] [LAYER 0]
CMD      : M104 S220
TRUST    : acc_cmd=0.000 | acc_exec=0.333 | trust=0.082
DECISION : PAUSE
MACHINE  : Machine-3
------------------------------------------------------------
[SEQ 104] [STATIC-BASELINE]
CMD      : M104 | effects={'M': 104.0, 'S': 220.0, 'prev_temp': 200.0}
DECISION : ALLOW
------------------------------------------------------------
[SEQ 104] [IEEE-BASELINE]
SCORE    : anomaly_score=19.997
DECISION : ALLOW
------------------------------------------------------------
[SEQ 105] [LAYER 0]
CMD      : M104 S200
TRUST    : acc_cmd=0.000 | acc_exec=0.333 | trust=0.082
DECISION : PAUSE
MACHINE  : Machine-3
------------------------------------------------------------
[SEQ 105] [STATIC-BASELINE]
CMD      : M104 | effects={'M': 104.0, 'S': 200.0, 'prev_temp': 220.0}
DECISION : ALLOW
------------------------------------------------------------
[SEQ 105] [IEEE-BASELINE]
SCORE    : anomaly_score=19.997
DECISION : ALLOW
------------------------------------------------------------
[SEQ 106] [LAYER 0]
CMD      : M104 S220
TRUST    : acc_cmd=0.000 | acc_exec=0.333 | trust=0.082
DECISION : PAUSE
MACHINE  : Machine-3
------------------------------------------------------------
[SEQ 106] [STATIC-BASELINE]
CMD      : M104 | effects={'M': 104.0, 'S': 220.0, 'prev_temp': 200.0}
DECISION : ALLOW
------------------------------------------------------------
[SEQ 106] [IEEE-BASELINE]
SCORE    : anomaly_score=19.998
DECISION : ALLOW
------------------------------------------------------------
[SEQ 107] [LAYER 0]
CMD      : M104 S200
TRUST    : acc_cmd=0.000 | acc_exec=0.333 | trust=0.082
DECISION : PAUSE
MACHINE  : Machine-3
------------------------------------------------------------
[SEQ 107] [STATIC-BASELINE]
CMD      : M104 | effects={'M': 104.0, 'S': 200.0, 'prev_temp': 220.0}
DECISION : ALLOW
------------------------------------------------------------
[SEQ 107] [IEEE-BASELINE]
SCORE    : anomaly_score=19.998
DECISION : ALLOW
------------------------------------------------------------
[SEQ 108] [LAYER 0]
CMD      : M104 S220
TRUST    : acc_cmd=0.000 | acc_exec=0.333 | trust=0.082
DECISION : PAUSE
MACHINE  : Machine-3
------------------------------------------------------------
[SEQ 108] [STATIC-BASELINE]
CMD      : M104 | effects={'M': 104.0, 'S': 220.0, 'prev_temp': 200.0}
DECISION : ALLOW
------------------------------------------------------------
[SEQ 108] [IEEE-BASELINE]
SCORE    : anomaly_score=19.998
DECISION : ALLOW
------------------------------------------------------------
[SEQ 109] [LAYER 0]
CMD      : M104 S200
TRUST    : acc_cmd=0.000 | acc_exec=0.333 | trust=0.082
DECISION : PAUSE
MACHINE  : Machine-3
------------------------------------------------------------
[SEQ 109] [STATIC-BASELINE]
CMD      : M104 | effects={'M': 104.0, 'S': 200.0, 'prev_temp': 220.0}
DECISION : ALLOW
------------------------------------------------------------
[SEQ 109] [IEEE-BASELINE]
SCORE    : anomaly_score=19.998
DECISION : ALLOW
------------------------------------------------------------
[SEQ 110] [LAYER 0]
CMD      : M104 S220
TRUST    : acc_cmd=0.000 | acc_exec=0.333 | trust=0.082
DECISION : PAUSE
MACHINE  : Machine-3
------------------------------------------------------------
[SEQ 110] [STATIC-BASELINE]
CMD      : M104 | effects={'M': 104.0, 'S': 220.0, 'prev_temp': 200.0}
DECISION : ALLOW
------------------------------------------------------------
[SEQ 110] [IEEE-BASELINE]
SCORE    : anomaly_score=19.998
DECISION : ALLOW
------------------------------------------------------------
[SEQ 111] [LAYER 0]
CMD      : M104 S200
TRUST    : acc_cmd=0.000 | acc_exec=0.333 | trust=0.082
DECISION : PAUSE
MACHINE  : Machine-3
------------------------------------------------------------
[SEQ 111] [STATIC-BASELINE]
CMD      : M104 | effects={'M': 104.0, 'S': 200.0, 'prev_temp': 220.0}
DECISION : ALLOW
------------------------------------------------------------
[SEQ 111] [IEEE-BASELINE]
SCORE    : anomaly_score=19.999
DECISION : ALLOW
------------------------------------------------------------
[SEQ 112] [LAYER 0]
CMD      : M104 S220
TRUST    : acc_cmd=0.000 | acc_exec=0.333 | trust=0.082
DECISION : PAUSE
MACHINE  : Machine-3
------------------------------------------------------------
[SEQ 112] [STATIC-BASELINE]
CMD      : M104 | effects={'M': 104.0, 'S': 220.0, 'prev_temp': 200.0}
DECISION : ALLOW
------------------------------------------------------------
[SEQ 112] [IEEE-BASELINE]
SCORE    : anomaly_score=19.999
DECISION : ALLOW
------------------------------------------------------------
[SEQ 113] [LAYER 0]
CMD      : M104 S200
TRUST    : acc_cmd=0.000 | acc_exec=0.333 | trust=0.082
DECISION : PAUSE
MACHINE  : Machine-3
------------------------------------------------------------
[SEQ 113] [STATIC-BASELINE]
CMD      : M104 | effects={'M': 104.0, 'S': 200.0, 'prev_temp': 220.0}
DECISION : ALLOW
------------------------------------------------------------
[SEQ 113] [IEEE-BASELINE]
SCORE    : anomaly_score=19.999
DECISION : ALLOW
------------------------------------------------------------
[SEQ 114] [LAYER 0]
CMD      : M104 S220
TRUST    : acc_cmd=0.000 | acc_exec=0.333 | trust=0.082
DECISION : PAUSE
MACHINE  : Machine-3
------------------------------------------------------------
[SEQ 114] [STATIC-BASELINE]
CMD      : M104 | effects={'M': 104.0, 'S': 220.0, 'prev_temp': 200.0}
DECISION : ALLOW
------------------------------------------------------------
[SEQ 114] [IEEE-BASELINE]
SCORE    : anomaly_score=19.999
DECISION : ALLOW
------------------------------------------------------------
[SEQ 115] [LAYER 0]
CMD      : M104 S200
TRUST    : acc_cmd=0.000 | acc_exec=0.333 | trust=0.082
DECISION : PAUSE
MACHINE  : Machine-3
------------------------------------------------------------
[SEQ 115] [STATIC-BASELINE]
CMD      : M104 | effects={'M': 104.0, 'S': 200.0, 'prev_temp': 220.0}
DECISION : ALLOW
------------------------------------------------------------
[SEQ 115] [IEEE-BASELINE]
SCORE    : anomaly_score=19.999
DECISION : ALLOW
------------------------------------------------------------
[SEQ 116] [LAYER 0]
CMD      : M104 S220
TRUST    : acc_cmd=0.000 | acc_exec=0.333 | trust=0.082
DECISION : PAUSE
MACHINE  : Machine-3
------------------------------------------------------------
[SEQ 116] [STATIC-BASELINE]
CMD      : M104 | effects={'M': 104.0, 'S': 220.0, 'prev_temp': 200.0}
DECISION : ALLOW
------------------------------------------------------------
[SEQ 116] [IEEE-BASELINE]
SCORE    : anomaly_score=19.999
DECISION : ALLOW
------------------------------------------------------------
[SEQ 117] [LAYER 0]
CMD      : M104 S200
TRUST    : acc_cmd=0.000 | acc_exec=0.333 | trust=0.082
DECISION : PAUSE
MACHINE  : Machine-3
------------------------------------------------------------
[SEQ 117] [STATIC-BASELINE]
CMD      : M104 | effects={'M': 104.0, 'S': 200.0, 'prev_temp': 220.0}
DECISION : ALLOW
------------------------------------------------------------
[SEQ 117] [IEEE-BASELINE]
SCORE    : anomaly_score=19.999
DECISION : ALLOW
------------------------------------------------------------
[SEQ 118] [LAYER 0]
CMD      : M104 S220
TRUST    : acc_cmd=0.000 | acc_exec=0.333 | trust=0.082
DECISION : PAUSE
MACHINE  : Machine-3
------------------------------------------------------------
[SEQ 118] [STATIC-BASELINE]
CMD      : M104 | effects={'M': 104.0, 'S': 220.0, 'prev_temp': 200.0}
DECISION : ALLOW
------------------------------------------------------------
[SEQ 118] [IEEE-BASELINE]
SCORE    : anomaly_score=19.999
DECISION : ALLOW
------------------------------------------------------------
[SEQ 119] [LAYER 0]
CMD      : M104 S200
TRUST    : acc_cmd=0.000 | acc_exec=0.333 | trust=0.082
DECISION : PAUSE
MACHINE  : Machine-3
------------------------------------------------------------
[SEQ 119] [STATIC-BASELINE]
CMD      : M104 | effects={'M': 104.0, 'S': 200.0, 'prev_temp': 220.0}
DECISION : ALLOW
------------------------------------------------------------
[SEQ 119] [IEEE-BASELINE]
SCORE    : anomaly_score=19.999
DECISION : ALLOW
------------------------------------------------------------
[SEQ 120] [LAYER 0]
CMD      : M104 S220
TRUST    : acc_cmd=0.000 | acc_exec=0.333 | trust=0.082
DECISION : PAUSE
MACHINE  : Machine-3
------------------------------------------------------------
[SEQ 120] [STATIC-BASELINE]
CMD      : M104 | effects={'M': 104.0, 'S': 220.0, 'prev_temp': 200.0}
DECISION : ALLOW
------------------------------------------------------------
[SEQ 120] [IEEE-BASELINE]
SCORE    : anomaly_score=19.999
DECISION : ALLOW
------------------------------------------------------------
[SEQ 121] [LAYER 0]
CMD      : M104 S200
TRUST    : acc_cmd=0.000 | acc_exec=0.333 | trust=0.082
DECISION : PAUSE
MACHINE  : Machine-3
------------------------------------------------------------
[SEQ 121] [STATIC-BASELINE]
CMD      : M104 | effects={'M': 104.0, 'S': 200.0, 'prev_temp': 220.0}
DECISION : ALLOW
------------------------------------------------------------
[SEQ 121] [IEEE-BASELINE]
SCORE    : anomaly_score=20.000
DECISION : ALLOW
------------------------------------------------------------
[SEQ 122] [LAYER 0]
CMD      : M104 S220
TRUST    : acc_cmd=0.000 | acc_exec=0.333 | trust=0.082
DECISION : PAUSE
MACHINE  : Machine-3
------------------------------------------------------------
[SEQ 122] [STATIC-BASELINE]
CMD      : M104 | effects={'M': 104.0, 'S': 220.0, 'prev_temp': 200.0}
DECISION : ALLOW
------------------------------------------------------------
[SEQ 122] [IEEE-BASELINE]
SCORE    : anomaly_score=20.000
DECISION : ALLOW
------------------------------------------------------------
[SEQ 123] [LAYER 0]
CMD      : M104 S200
TRUST    : acc_cmd=0.000 | acc_exec=0.333 | trust=0.082
DECISION : PAUSE
MACHINE  : Machine-3
------------------------------------------------------------
[SEQ 123] [STATIC-BASELINE]
CMD      : M104 | effects={'M': 104.0, 'S': 200.0, 'prev_temp': 220.0}
DECISION : ALLOW
------------------------------------------------------------
[SEQ 123] [IEEE-BASELINE]
SCORE    : anomaly_score=20.000
DECISION : ALLOW
------------------------------------------------------------
[SEQ 124] [LAYER 0]
CMD      : M104 S220
TRUST    : acc_cmd=0.000 | acc_exec=0.333 | trust=0.082
DECISION : PAUSE
MACHINE  : Machine-3
------------------------------------------------------------
[SEQ 124] [STATIC-BASELINE]
CMD      : M104 | effects={'M': 104.0, 'S': 220.0, 'prev_temp': 200.0}
DECISION : ALLOW
------------------------------------------------------------
[SEQ 124] [IEEE-BASELINE]
SCORE    : anomaly_score=20.000
DECISION : ALLOW
------------------------------------------------------------
[SEQ 125] [LAYER 0]
CMD      : M104 S200
TRUST    : acc_cmd=0.000 | acc_exec=0.333 | trust=0.082
DECISION : PAUSE
MACHINE  : Machine-3
------------------------------------------------------------
[SEQ 125] [STATIC-BASELINE]
CMD      : M104 | effects={'M': 104.0, 'S': 200.0, 'prev_temp': 220.0}
DECISION : ALLOW
------------------------------------------------------------
[SEQ 125] [IEEE-BASELINE]
SCORE    : anomaly_score=20.000
DECISION : ALLOW
------------------------------------------------------------
[SEQ 126] [LAYER 0]
CMD      : G1 X171.422 Y115.875 E3.26373
TRUST    : acc_cmd=0.000 | acc_exec=0.000 | trust=0.167
DECISION : PAUSE
MACHINE  : Machine-3
------------------------------------------------------------
[SEQ 126] [STATIC-BASELINE]
CMD      : G1 | effects={'dx': 171.422, 'dy': 115.875, 'dz': 0.0, 'de': 3.26373, 'xy_dist': 206.91185975917378, 'params': {'G': 1.0, 'X': 171.422, 'Y': 115.875, 'E': 3.26373}}
DECISION : ALLOW
------------------------------------------------------------
[SEQ 126] [IEEE-BASELINE]
SCORE    : anomaly_score=18.000
DECISION : ALLOW
------------------------------------------------------------
[SEQ 127] [LAYER 0]
CMD      : M104 S220
TRUST    : acc_cmd=0.000 | acc_exec=0.333 | trust=0.156
DECISION : PAUSE
MACHINE  : Machine-3
------------------------------------------------------------
[SEQ 127] [STATIC-BASELINE]
CMD      : M104 | effects={'M': 104.0, 'S': 220.0, 'prev_temp': 200.0}
DECISION : ALLOW
------------------------------------------------------------
[SEQ 127] [IEEE-BASELINE]
SCORE    : anomaly_score=18.200
DECISION : ALLOW
------------------------------------------------------------
[SEQ 128] [LAYER 0]
CMD      : M104 S200
TRUST    : acc_cmd=0.000 | acc_exec=0.333 | trust=0.133
DECISION : PAUSE
MACHINE  : Machine-3
------------------------------------------------------------
[SEQ 128] [STATIC-BASELINE]
CMD      : M104 | effects={'M': 104.0, 'S': 200.0, 'prev_temp': 220.0}
DECISION : ALLOW
------------------------------------------------------------
[SEQ 128] [IEEE-BASELINE]
SCORE    : anomaly_score=18.380
DECISION : ALLOW
------------------------------------------------------------
[SEQ 129] [LAYER 0]
CMD      : M104 S220
TRUST    : acc_cmd=0.000 | acc_exec=0.333 | trust=0.114
DECISION : PAUSE
MACHINE  : Machine-3
------------------------------------------------------------
[SEQ 129] [STATIC-BASELINE]
CMD      : M104 | effects={'M': 104.0, 'S': 220.0, 'prev_temp': 200.0}
DECISION : ALLOW
------------------------------------------------------------
[SEQ 129] [IEEE-BASELINE]
SCORE    : anomaly_score=18.542
DECISION : ALLOW
------------------------------------------------------------
[SEQ 130] [LAYER 0]
CMD      : M104 S200
TRUST    : acc_cmd=0.000 | acc_exec=0.333 | trust=0.102
DECISION : PAUSE
MACHINE  : Machine-3
------------------------------------------------------------
[SEQ 130] [STATIC-BASELINE]
CMD      : M104 | effects={'M': 104.0, 'S': 200.0, 'prev_temp': 220.0}
DECISION : ALLOW
------------------------------------------------------------
[SEQ 130] [IEEE-BASELINE]
SCORE    : anomaly_score=18.688
DECISION : ALLOW
------------------------------------------------------------
[SEQ 131] [LAYER 0]
CMD      : M104 S220
TRUST    : acc_cmd=0.000 | acc_exec=0.333 | trust=0.094
DECISION : PAUSE
MACHINE  : Machine-3
------------------------------------------------------------
[SEQ 131] [STATIC-BASELINE]
CMD      : M104 | effects={'M': 104.0, 'S': 220.0, 'prev_temp': 200.0}
DECISION : ALLOW
------------------------------------------------------------
[SEQ 131] [IEEE-BASELINE]
SCORE    : anomaly_score=18.819
DECISION : ALLOW
------------------------------------------------------------
[SEQ 132] [LAYER 0]
CMD      : M104 S200
TRUST    : acc_cmd=0.000 | acc_exec=0.333 | trust=0.089
DECISION : PAUSE
MACHINE  : Machine-3
------------------------------------------------------------
[SEQ 132] [STATIC-BASELINE]
CMD      : M104 | effects={'M': 104.0, 'S': 200.0, 'prev_temp': 220.0}
DECISION : ALLOW
------------------------------------------------------------
[SEQ 132] [IEEE-BASELINE]
SCORE    : anomaly_score=18.937
DECISION : ALLOW
------------------------------------------------------------
[SEQ 133] [LAYER 0]
CMD      : M104 S220
TRUST    : acc_cmd=0.000 | acc_exec=0.333 | trust=0.086
DECISION : PAUSE
MACHINE  : Machine-3
------------------------------------------------------------
[SEQ 133] [STATIC-BASELINE]
CMD      : M104 | effects={'M': 104.0, 'S': 220.0, 'prev_temp': 200.0}
DECISION : ALLOW
------------------------------------------------------------
[SEQ 133] [IEEE-BASELINE]
SCORE    : anomaly_score=19.043
DECISION : ALLOW
------------------------------------------------------------
[SEQ 134] [LAYER 0]
CMD      : M104 S200
TRUST    : acc_cmd=0.000 | acc_exec=0.333 | trust=0.085
DECISION : PAUSE
MACHINE  : Machine-3
------------------------------------------------------------
[SEQ 134] [STATIC-BASELINE]
CMD      : M104 | effects={'M': 104.0, 'S': 200.0, 'prev_temp': 220.0}
DECISION : ALLOW
------------------------------------------------------------
[SEQ 134] [IEEE-BASELINE]
SCORE    : anomaly_score=19.139
DECISION : ALLOW
------------------------------------------------------------
[SEQ 135] [LAYER 0]
CMD      : M104 S220
TRUST    : acc_cmd=0.000 | acc_exec=0.333 | trust=0.084
DECISION : PAUSE
MACHINE  : Machine-3
------------------------------------------------------------
[SEQ 135] [STATIC-BASELINE]
CMD      : M104 | effects={'M': 104.0, 'S': 220.0, 'prev_temp': 200.0}
DECISION : ALLOW
------------------------------------------------------------
[SEQ 135] [IEEE-BASELINE]
SCORE    : anomaly_score=19.225
DECISION : ALLOW
------------------------------------------------------------
[SEQ 136] [LAYER 0]
CMD      : M104 S200
TRUST    : acc_cmd=0.000 | acc_exec=0.333 | trust=0.083
DECISION : PAUSE
MACHINE  : Machine-3
------------------------------------------------------------
[SEQ 136] [STATIC-BASELINE]
CMD      : M104 | effects={'M': 104.0, 'S': 200.0, 'prev_temp': 220.0}
DECISION : ALLOW
------------------------------------------------------------
[SEQ 136] [IEEE-BASELINE]
SCORE    : anomaly_score=19.303
DECISION : ALLOW
------------------------------------------------------------
[SEQ 137] [LAYER 0]
CMD      : G1 X159.803 Y125.658 E3.67709
TRUST    : acc_cmd=0.000 | acc_exec=0.000 | trust=0.168
DECISION : PAUSE
MACHINE  : Machine-3
------------------------------------------------------------
[SEQ 137] [STATIC-BASELINE]
CMD      : G1 | effects={'dx': -11.619, 'dy': 9.783000000000001, 'dz': 0.0, 'de': 0.4133600000000004, 'xy_dist': 15.189083250808787, 'params': {'G': 1.0, 'X': 159.803, 'Y': 125.658, 'E': 3.67709}}
DECISION : ALLOW
------------------------------------------------------------
[SEQ 137] [IEEE-BASELINE]
SCORE    : anomaly_score=17.372
DECISION : ALLOW
------------------------------------------------------------
[SEQ 138] [LAYER 0]
CMD      : M104 S220
TRUST    : acc_cmd=0.000 | acc_exec=0.333 | trust=0.157
DECISION : PAUSE
MACHINE  : Machine-3
------------------------------------------------------------
[SEQ 138] [STATIC-BASELINE]
CMD      : M104 | effects={'M': 104.0, 'S': 220.0, 'prev_temp': 200.0}
DECISION : ALLOW
------------------------------------------------------------
[SEQ 138] [IEEE-BASELINE]
SCORE    : anomaly_score=17.635
DECISION : ALLOW
------------------------------------------------------------
[SEQ 139] [LAYER 0]
CMD      : M104 S200
TRUST    : acc_cmd=0.000 | acc_exec=0.333 | trust=0.133
DECISION : PAUSE
MACHINE  : Machine-3
------------------------------------------------------------
[SEQ 139] [STATIC-BASELINE]
CMD      : M104 | effects={'M': 104.0, 'S': 200.0, 'prev_temp': 220.0}
DECISION : ALLOW
------------------------------------------------------------
[SEQ 139] [IEEE-BASELINE]
SCORE    : anomaly_score=17.872
DECISION : ALLOW
------------------------------------------------------------
[SEQ 140] [LAYER 0]
CMD      : M104 S220
TRUST    : acc_cmd=0.000 | acc_exec=0.333 | trust=0.115
DECISION : PAUSE
MACHINE  : Machine-3
------------------------------------------------------------
[SEQ 140] [STATIC-BASELINE]
CMD      : M104 | effects={'M': 104.0, 'S': 220.0, 'prev_temp': 200.0}
DECISION : ALLOW
------------------------------------------------------------
[SEQ 140] [IEEE-BASELINE]
SCORE    : anomaly_score=18.084
DECISION : ALLOW
------------------------------------------------------------
[SEQ 141] [LAYER 0]
CMD      : M104 S200
TRUST    : acc_cmd=0.000 | acc_exec=0.333 | trust=0.102
DECISION : PAUSE
MACHINE  : Machine-3
------------------------------------------------------------
[SEQ 141] [STATIC-BASELINE]
CMD      : M104 | effects={'M': 104.0, 'S': 200.0, 'prev_temp': 220.0}
DECISION : ALLOW
------------------------------------------------------------
[SEQ 141] [IEEE-BASELINE]
SCORE    : anomaly_score=18.276
DECISION : ALLOW
------------------------------------------------------------
[SEQ 142] [LAYER 0]
CMD      : M104 S220
TRUST    : acc_cmd=0.000 | acc_exec=0.333 | trust=0.094
DECISION : PAUSE
MACHINE  : Machine-3
------------------------------------------------------------
[SEQ 142] [STATIC-BASELINE]
CMD      : M104 | effects={'M': 104.0, 'S': 220.0, 'prev_temp': 200.0}
DECISION : ALLOW
------------------------------------------------------------
[SEQ 142] [IEEE-BASELINE]
SCORE    : anomaly_score=18.448
DECISION : ALLOW
------------------------------------------------------------
[SEQ 143] [LAYER 0]
CMD      : M104 S200
TRUST    : acc_cmd=0.000 | acc_exec=0.333 | trust=0.089
DECISION : PAUSE
MACHINE  : Machine-3
------------------------------------------------------------
[SEQ 143] [STATIC-BASELINE]
CMD      : M104 | effects={'M': 104.0, 'S': 200.0, 'prev_temp': 220.0}
DECISION : ALLOW
------------------------------------------------------------
[SEQ 143] [IEEE-BASELINE]
SCORE    : anomaly_score=18.604
DECISION : ALLOW
------------------------------------------------------------
[SEQ 144] [LAYER 0]
CMD      : M104 S220
TRUST    : acc_cmd=0.000 | acc_exec=0.333 | trust=0.086
DECISION : PAUSE
MACHINE  : Machine-3
------------------------------------------------------------
[SEQ 144] [STATIC-BASELINE]
CMD      : M104 | effects={'M': 104.0, 'S': 220.0, 'prev_temp': 200.0}
DECISION : ALLOW
------------------------------------------------------------
[SEQ 144] [IEEE-BASELINE]
SCORE    : anomaly_score=18.743
DECISION : ALLOW
------------------------------------------------------------
[SEQ 145] [LAYER 0]
CMD      : M104 S200
TRUST    : acc_cmd=0.000 | acc_exec=0.333 | trust=0.085
DECISION : PAUSE
MACHINE  : Machine-3
------------------------------------------------------------
[SEQ 145] [STATIC-BASELINE]
CMD      : M104 | effects={'M': 104.0, 'S': 200.0, 'prev_temp': 220.0}
DECISION : ALLOW
------------------------------------------------------------
[SEQ 145] [IEEE-BASELINE]
SCORE    : anomaly_score=18.869
DECISION : ALLOW
------------------------------------------------------------
[SEQ 146] [LAYER 0]
CMD      : M104 S220
TRUST    : acc_cmd=0.000 | acc_exec=0.333 | trust=0.084
DECISION : PAUSE
MACHINE  : Machine-3
------------------------------------------------------------
[SEQ 146] [STATIC-BASELINE]
CMD      : M104 | effects={'M': 104.0, 'S': 220.0, 'prev_temp': 200.0}
DECISION : ALLOW
------------------------------------------------------------
[SEQ 146] [IEEE-BASELINE]
SCORE    : anomaly_score=18.982
DECISION : ALLOW
------------------------------------------------------------
[SEQ 147] [LAYER 0]
CMD      : M104 S200
TRUST    : acc_cmd=0.000 | acc_exec=0.333 | trust=0.083
DECISION : PAUSE
MACHINE  : Machine-3
------------------------------------------------------------
[SEQ 147] [STATIC-BASELINE]
CMD      : M104 | effects={'M': 104.0, 'S': 200.0, 'prev_temp': 220.0}
DECISION : ALLOW
------------------------------------------------------------
[SEQ 147] [IEEE-BASELINE]
SCORE    : anomaly_score=19.084
DECISION : ALLOW
------------------------------------------------------------
[SEQ 148] [LAYER 0]
CMD      : M104 S220
TRUST    : acc_cmd=0.000 | acc_exec=0.333 | trust=0.083
DECISION : PAUSE
MACHINE  : Machine-3
------------------------------------------------------------
[SEQ 148] [STATIC-BASELINE]
CMD      : M104 | effects={'M': 104.0, 'S': 220.0, 'prev_temp': 200.0}
DECISION : ALLOW
------------------------------------------------------------
[SEQ 148] [IEEE-BASELINE]
SCORE    : anomaly_score=19.175
DECISION : ALLOW
------------------------------------------------------------
[SEQ 149] [LAYER 0]
CMD      : M104 S200
TRUST    : acc_cmd=0.000 | acc_exec=0.333 | trust=0.082
DECISION : PAUSE
MACHINE  : Machine-3
------------------------------------------------------------
[SEQ 149] [STATIC-BASELINE]
CMD      : M104 | effects={'M': 104.0, 'S': 200.0, 'prev_temp': 220.0}
DECISION : ALLOW
------------------------------------------------------------
[SEQ 149] [IEEE-BASELINE]
SCORE    : anomaly_score=19.258
DECISION : ALLOW
------------------------------------------------------------
[SEQ 150] [LAYER 0]
CMD      : M104 S220
TRUST    : acc_cmd=0.000 | acc_exec=0.333 | trust=0.082
DECISION : PAUSE
MACHINE  : Machine-3
------------------------------------------------------------
[SEQ 150] [STATIC-BASELINE]
CMD      : M104 | effects={'M': 104.0, 'S': 220.0, 'prev_temp': 200.0}
DECISION : ALLOW
------------------------------------------------------------
[SEQ 150] [IEEE-BASELINE]
SCORE    : anomaly_score=19.332
DECISION : ALLOW
------------------------------------------------------------
[SEQ 151] [LAYER 0]
CMD      : M104 S200
TRUST    : acc_cmd=0.000 | acc_exec=0.333 | trust=0.082
DECISION : PAUSE
MACHINE  : Machine-3
------------------------------------------------------------
[SEQ 151] [STATIC-BASELINE]
CMD      : M104 | effects={'M': 104.0, 'S': 200.0, 'prev_temp': 220.0}
DECISION : ALLOW
------------------------------------------------------------
[SEQ 151] [IEEE-BASELINE]
SCORE    : anomaly_score=19.399
DECISION : ALLOW
------------------------------------------------------------
[SEQ 152] [LAYER 0]
CMD      : M104 S220
TRUST    : acc_cmd=0.000 | acc_exec=0.333 | trust=0.082
DECISION : PAUSE
MACHINE  : Machine-3
------------------------------------------------------------
[SEQ 152] [STATIC-BASELINE]
CMD      : M104 | effects={'M': 104.0, 'S': 220.0, 'prev_temp': 200.0}
DECISION : ALLOW
------------------------------------------------------------
[SEQ 152] [IEEE-BASELINE]
SCORE    : anomaly_score=19.459
DECISION : ALLOW
------------------------------------------------------------
[SEQ 153] [LAYER 0]
CMD      : M104 S200
TRUST    : acc_cmd=0.000 | acc_exec=0.333 | trust=0.082
DECISION : PAUSE
MACHINE  : Machine-3
------------------------------------------------------------
[SEQ 153] [STATIC-BASELINE]
CMD      : M104 | effects={'M': 104.0, 'S': 200.0, 'prev_temp': 220.0}
DECISION : ALLOW
------------------------------------------------------------
[SEQ 153] [IEEE-BASELINE]
SCORE    : anomaly_score=19.513
DECISION : ALLOW
------------------------------------------------------------
[SEQ 154] [LAYER 0]
CMD      : M104 S220
TRUST    : acc_cmd=0.000 | acc_exec=0.333 | trust=0.082
DECISION : PAUSE
MACHINE  : Machine-3
------------------------------------------------------------
[SEQ 154] [STATIC-BASELINE]
CMD      : M104 | effects={'M': 104.0, 'S': 220.0, 'prev_temp': 200.0}
DECISION : ALLOW
------------------------------------------------------------
[SEQ 154] [IEEE-BASELINE]
SCORE    : anomaly_score=19.562
DECISION : ALLOW
------------------------------------------------------------
[SEQ 155] [LAYER 0]
CMD      : M104 S200
TRUST    : acc_cmd=0.000 | acc_exec=0.333 | trust=0.082
DECISION : PAUSE
MACHINE  : Machine-3
------------------------------------------------------------
[SEQ 155] [STATIC-BASELINE]
CMD      : M104 | effects={'M': 104.0, 'S': 200.0, 'prev_temp': 220.0}
DECISION : ALLOW
------------------------------------------------------------
[SEQ 155] [IEEE-BASELINE]
SCORE    : anomaly_score=19.606
DECISION : ALLOW
------------------------------------------------------------
[SEQ 156] [LAYER 0]
CMD      : M104 S220
TRUST    : acc_cmd=0.000 | acc_exec=0.333 | trust=0.082
DECISION : PAUSE
MACHINE  : Machine-3
------------------------------------------------------------
[SEQ 156] [STATIC-BASELINE]
CMD      : M104 | effects={'M': 104.0, 'S': 220.0, 'prev_temp': 200.0}
DECISION : ALLOW
------------------------------------------------------------
[SEQ 156] [IEEE-BASELINE]
SCORE    : anomaly_score=19.645
DECISION : ALLOW
------------------------------------------------------------
[SEQ 157] [LAYER 0]
CMD      : M104 S200
TRUST    : acc_cmd=0.000 | acc_exec=0.333 | trust=0.082
DECISION : PAUSE
MACHINE  : Machine-3
------------------------------------------------------------
[SEQ 157] [STATIC-BASELINE]
CMD      : M104 | effects={'M': 104.0, 'S': 200.0, 'prev_temp': 220.0}
DECISION : ALLOW
------------------------------------------------------------
[SEQ 157] [IEEE-BASELINE]
SCORE    : anomaly_score=19.681
DECISION : ALLOW
------------------------------------------------------------
[SEQ 158] [LAYER 0]
CMD      : M104 S220
TRUST    : acc_cmd=0.000 | acc_exec=0.333 | trust=0.082
DECISION : PAUSE
MACHINE  : Machine-3
------------------------------------------------------------
[SEQ 158] [STATIC-BASELINE]
CMD      : M104 | effects={'M': 104.0, 'S': 220.0, 'prev_temp': 200.0}
DECISION : ALLOW
------------------------------------------------------------
[SEQ 158] [IEEE-BASELINE]
SCORE    : anomaly_score=19.712
DECISION : ALLOW
------------------------------------------------------------
[SEQ 159] [LAYER 0]
CMD      : M104 S200
TRUST    : acc_cmd=0.000 | acc_exec=0.333 | trust=0.082
DECISION : PAUSE
MACHINE  : Machine-3
------------------------------------------------------------
[SEQ 159] [STATIC-BASELINE]
CMD      : M104 | effects={'M': 104.0, 'S': 200.0, 'prev_temp': 220.0}
DECISION : ALLOW
------------------------------------------------------------
[SEQ 159] [IEEE-BASELINE]
SCORE    : anomaly_score=19.741
DECISION : ALLOW
------------------------------------------------------------
[SEQ 160] [LAYER 0]
CMD      : M104 S220
TRUST    : acc_cmd=0.000 | acc_exec=0.333 | trust=0.082
DECISION : PAUSE
MACHINE  : Machine-3
------------------------------------------------------------
[SEQ 160] [STATIC-BASELINE]
CMD      : M104 | effects={'M': 104.0, 'S': 220.0, 'prev_temp': 200.0}
DECISION : ALLOW
------------------------------------------------------------
[SEQ 160] [IEEE-BASELINE]
SCORE    : anomaly_score=19.767
DECISION : ALLOW
------------------------------------------------------------
[SEQ 161] [LAYER 0]
CMD      : M104 S200
TRUST    : acc_cmd=0.000 | acc_exec=0.333 | trust=0.082
DECISION : PAUSE
MACHINE  : Machine-3
------------------------------------------------------------
[SEQ 161] [STATIC-BASELINE]
CMD      : M104 | effects={'M': 104.0, 'S': 200.0, 'prev_temp': 220.0}
DECISION : ALLOW
------------------------------------------------------------
[SEQ 161] [IEEE-BASELINE]
SCORE    : anomaly_score=19.790
DECISION : ALLOW
------------------------------------------------------------
[SEQ 162] [LAYER 0]
CMD      : M104 S220
TRUST    : acc_cmd=0.000 | acc_exec=0.333 | trust=0.082
DECISION : PAUSE
MACHINE  : Machine-3
------------------------------------------------------------
[SEQ 162] [STATIC-BASELINE]
CMD      : M104 | effects={'M': 104.0, 'S': 220.0, 'prev_temp': 200.0}
DECISION : ALLOW
------------------------------------------------------------
[SEQ 162] [IEEE-BASELINE]
SCORE    : anomaly_score=19.811
DECISION : ALLOW
------------------------------------------------------------
[SEQ 163] [LAYER 0]
CMD      : G1 X160.078 Y125.359 E4.54083
TRUST    : acc_cmd=0.000 | acc_exec=1.000 | trust=0.039
DECISION : PAUSE
MACHINE  : Machine-3
------------------------------------------------------------
[SEQ 163] [STATIC-BASELINE]
CMD      : G1 | effects={'dx': 0.2750000000000057, 'dy': -0.2990000000000066, 'dz': 0.0, 'de': 0.8637399999999995, 'xy_dist': 0.4062339227588054, 'params': {'G': 1.0, 'X': 160.078, 'Y': 125.359, 'E': 4.54083}}
DECISION : ALLOW
------------------------------------------------------------
[SEQ 163] [IEEE-BASELINE]
SCORE    : anomaly_score=17.830
DECISION : ALLOW
------------------------------------------------------------
[SEQ 164] [LAYER 0]
CMD      : M104 S200
TRUST    : acc_cmd=0.000 | acc_exec=0.333 | trust=0.031
DECISION : PAUSE
MACHINE  : Machine-3
------------------------------------------------------------
[SEQ 164] [STATIC-BASELINE]
CMD      : M104 | effects={'M': 104.0, 'S': 200.0, 'prev_temp': 220.0}
DECISION : ALLOW
------------------------------------------------------------
[SEQ 164] [IEEE-BASELINE]
SCORE    : anomaly_score=18.047
DECISION : ALLOW
------------------------------------------------------------
[SEQ 165] [LAYER 0]
CMD      : M104 S220
TRUST    : acc_cmd=0.000 | acc_exec=0.333 | trust=0.036
DECISION : PAUSE
MACHINE  : Machine-3
------------------------------------------------------------
[SEQ 165] [STATIC-BASELINE]
CMD      : M104 | effects={'M': 104.0, 'S': 220.0, 'prev_temp': 200.0}
DECISION : ALLOW
------------------------------------------------------------
[SEQ 165] [IEEE-BASELINE]
SCORE    : anomaly_score=18.242
DECISION : ALLOW
------------------------------------------------------------
[SEQ 166] [LAYER 0]
CMD      : M104 S200
TRUST    : acc_cmd=0.000 | acc_exec=0.333 | trust=0.046
DECISION : PAUSE
MACHINE  : Machine-3
------------------------------------------------------------
[SEQ 166] [STATIC-BASELINE]
CMD      : M104 | effects={'M': 104.0, 'S': 200.0, 'prev_temp': 220.0}
DECISION : ALLOW
------------------------------------------------------------
[SEQ 166] [IEEE-BASELINE]
SCORE    : anomaly_score=18.418
DECISION : ALLOW
------------------------------------------------------------
[SEQ 167] [LAYER 0]
CMD      : M104 S220
TRUST    : acc_cmd=0.000 | acc_exec=0.333 | trust=0.057
DECISION : PAUSE
MACHINE  : Machine-3
------------------------------------------------------------
[SEQ 167] [STATIC-BASELINE]
CMD      : M104 | effects={'M': 104.0, 'S': 220.0, 'prev_temp': 200.0}
DECISION : ALLOW
------------------------------------------------------------
[SEQ 167] [IEEE-BASELINE]
SCORE    : anomaly_score=18.576
DECISION : ALLOW
------------------------------------------------------------
[SEQ 168] [LAYER 0]
CMD      : M104 S200
TRUST    : acc_cmd=0.000 | acc_exec=0.333 | trust=0.065
DECISION : PAUSE
MACHINE  : Machine-3
------------------------------------------------------------
[SEQ 168] [STATIC-BASELINE]
CMD      : M104 | effects={'M': 104.0, 'S': 200.0, 'prev_temp': 220.0}
DECISION : ALLOW
------------------------------------------------------------
[SEQ 168] [IEEE-BASELINE]
SCORE    : anomaly_score=18.719
DECISION : ALLOW
------------------------------------------------------------
[SEQ 169] [LAYER 0]
CMD      : M104 S220
TRUST    : acc_cmd=0.000 | acc_exec=0.333 | trust=0.071
DECISION : PAUSE
MACHINE  : Machine-3
------------------------------------------------------------
[SEQ 169] [STATIC-BASELINE]
CMD      : M104 | effects={'M': 104.0, 'S': 220.0, 'prev_temp': 200.0}
DECISION : ALLOW
------------------------------------------------------------
[SEQ 169] [IEEE-BASELINE]
SCORE    : anomaly_score=18.847
DECISION : ALLOW
------------------------------------------------------------
[SEQ 170] [LAYER 0]
CMD      : M104 S200
TRUST    : acc_cmd=0.000 | acc_exec=0.333 | trust=0.075
DECISION : PAUSE
MACHINE  : Machine-3
------------------------------------------------------------
[SEQ 170] [STATIC-BASELINE]
CMD      : M104 | effects={'M': 104.0, 'S': 200.0, 'prev_temp': 220.0}
DECISION : ALLOW
------------------------------------------------------------
[SEQ 170] [IEEE-BASELINE]
SCORE    : anomaly_score=18.962
DECISION : ALLOW
------------------------------------------------------------
[SEQ 171] [LAYER 0]
CMD      : M104 S220
TRUST    : acc_cmd=0.000 | acc_exec=0.333 | trust=0.078
DECISION : PAUSE
MACHINE  : Machine-3
------------------------------------------------------------
[SEQ 171] [STATIC-BASELINE]
CMD      : M104 | effects={'M': 104.0, 'S': 220.0, 'prev_temp': 200.0}
DECISION : ALLOW
------------------------------------------------------------
[SEQ 171] [IEEE-BASELINE]
SCORE    : anomaly_score=19.066
DECISION : ALLOW
------------------------------------------------------------
[SEQ 172] [LAYER 0]
CMD      : M104 S200
TRUST    : acc_cmd=0.000 | acc_exec=0.333 | trust=0.079
DECISION : PAUSE
MACHINE  : Machine-3
------------------------------------------------------------
[SEQ 172] [STATIC-BASELINE]
CMD      : M104 | effects={'M': 104.0, 'S': 200.0, 'prev_temp': 220.0}
DECISION : ALLOW
------------------------------------------------------------
[SEQ 172] [IEEE-BASELINE]
SCORE    : anomaly_score=19.159
DECISION : ALLOW
------------------------------------------------------------
[SEQ 173] [LAYER 0]
CMD      : M104 S220
TRUST    : acc_cmd=0.000 | acc_exec=0.333 | trust=0.080
DECISION : PAUSE
MACHINE  : Machine-3
------------------------------------------------------------
[SEQ 173] [STATIC-BASELINE]
CMD      : M104 | effects={'M': 104.0, 'S': 220.0, 'prev_temp': 200.0}
DECISION : ALLOW
------------------------------------------------------------
[SEQ 173] [IEEE-BASELINE]
SCORE    : anomaly_score=19.243
DECISION : ALLOW
------------------------------------------------------------
[SEQ 174] [LAYER 0]
CMD      : M104 S200
TRUST    : acc_cmd=0.000 | acc_exec=0.333 | trust=0.081
DECISION : PAUSE
MACHINE  : Machine-3
------------------------------------------------------------
[SEQ 174] [STATIC-BASELINE]
CMD      : M104 | effects={'M': 104.0, 'S': 200.0, 'prev_temp': 220.0}
DECISION : ALLOW
------------------------------------------------------------
[SEQ 174] [IEEE-BASELINE]
SCORE    : anomaly_score=19.319
DECISION : ALLOW
------------------------------------------------------------
[SEQ 175] [LAYER 0]
CMD      : M104 S220
TRUST    : acc_cmd=0.000 | acc_exec=0.333 | trust=0.081
DECISION : PAUSE
MACHINE  : Machine-3
------------------------------------------------------------
[SEQ 175] [STATIC-BASELINE]
CMD      : M104 | effects={'M': 104.0, 'S': 220.0, 'prev_temp': 200.0}
DECISION : ALLOW
------------------------------------------------------------
[SEQ 175] [IEEE-BASELINE]
SCORE    : anomaly_score=19.387
DECISION : ALLOW
------------------------------------------------------------
[SEQ 176] [LAYER 0]
CMD      : M104 S200
TRUST    : acc_cmd=0.000 | acc_exec=0.333 | trust=0.082
DECISION : PAUSE
MACHINE  : Machine-3
------------------------------------------------------------
[SEQ 176] [STATIC-BASELINE]
CMD      : M104 | effects={'M': 104.0, 'S': 200.0, 'prev_temp': 220.0}
DECISION : ALLOW
------------------------------------------------------------
[SEQ 176] [IEEE-BASELINE]
SCORE    : anomaly_score=19.448
DECISION : ALLOW
------------------------------------------------------------
[SEQ 177] [LAYER 0]
CMD      : M104 S220
TRUST    : acc_cmd=0.000 | acc_exec=0.333 | trust=0.082
DECISION : PAUSE
MACHINE  : Machine-3
------------------------------------------------------------
[SEQ 177] [STATIC-BASELINE]
CMD      : M104 | effects={'M': 104.0, 'S': 220.0, 'prev_temp': 200.0}
DECISION : ALLOW
------------------------------------------------------------
[SEQ 177] [IEEE-BASELINE]
SCORE    : anomaly_score=19.504
DECISION : ALLOW
------------------------------------------------------------
[SEQ 178] [LAYER 0]
CMD      : M104 S200
TRUST    : acc_cmd=0.000 | acc_exec=0.333 | trust=0.082
DECISION : PAUSE
MACHINE  : Machine-3
------------------------------------------------------------
[SEQ 178] [STATIC-BASELINE]
CMD      : M104 | effects={'M': 104.0, 'S': 200.0, 'prev_temp': 220.0}
DECISION : ALLOW
------------------------------------------------------------
[SEQ 178] [IEEE-BASELINE]
SCORE    : anomaly_score=19.553
DECISION : ALLOW
------------------------------------------------------------
[SEQ 179] [LAYER 0]
CMD      : M104 S220
TRUST    : acc_cmd=0.000 | acc_exec=0.333 | trust=0.082
DECISION : PAUSE
MACHINE  : Machine-3
------------------------------------------------------------
[SEQ 179] [STATIC-BASELINE]
CMD      : M104 | effects={'M': 104.0, 'S': 220.0, 'prev_temp': 200.0}
DECISION : ALLOW
------------------------------------------------------------
[SEQ 179] [IEEE-BASELINE]
SCORE    : anomaly_score=19.598
DECISION : ALLOW
------------------------------------------------------------
[SEQ 180] [LAYER 0]
CMD      : M104 S200
TRUST    : acc_cmd=0.000 | acc_exec=0.333 | trust=0.082
DECISION : PAUSE
MACHINE  : Machine-3
------------------------------------------------------------
[SEQ 180] [STATIC-BASELINE]
CMD      : M104 | effects={'M': 104.0, 'S': 200.0, 'prev_temp': 220.0}
DECISION : ALLOW
------------------------------------------------------------
[SEQ 180] [IEEE-BASELINE]
SCORE    : anomaly_score=19.638
DECISION : ALLOW
------------------------------------------------------------
[SEQ 181] [LAYER 0]
CMD      : M104 S220
TRUST    : acc_cmd=0.000 | acc_exec=0.333 | trust=0.082
DECISION : PAUSE
MACHINE  : Machine-3
------------------------------------------------------------
[SEQ 181] [STATIC-BASELINE]
CMD      : M104 | effects={'M': 104.0, 'S': 220.0, 'prev_temp': 200.0}
DECISION : ALLOW
------------------------------------------------------------
[SEQ 181] [IEEE-BASELINE]
SCORE    : anomaly_score=19.674
DECISION : ALLOW
------------------------------------------------------------
[SEQ 182] [LAYER 0]
CMD      : M104 S200
TRUST    : acc_cmd=0.000 | acc_exec=0.333 | trust=0.082
DECISION : PAUSE
MACHINE  : Machine-3
------------------------------------------------------------
[SEQ 182] [STATIC-BASELINE]
CMD      : M104 | effects={'M': 104.0, 'S': 200.0, 'prev_temp': 220.0}
DECISION : ALLOW
------------------------------------------------------------
[SEQ 182] [IEEE-BASELINE]
SCORE    : anomaly_score=19.707
DECISION : ALLOW
------------------------------------------------------------
[SEQ 183] [LAYER 0]
CMD      : M104 S220
TRUST    : acc_cmd=0.000 | acc_exec=0.333 | trust=0.082
DECISION : PAUSE
MACHINE  : Machine-3
------------------------------------------------------------
[SEQ 183] [STATIC-BASELINE]
CMD      : M104 | effects={'M': 104.0, 'S': 220.0, 'prev_temp': 200.0}
DECISION : ALLOW
------------------------------------------------------------
[SEQ 183] [IEEE-BASELINE]
SCORE    : anomaly_score=19.736
DECISION : ALLOW
------------------------------------------------------------
[SEQ 184] [LAYER 0]
CMD      : M104 S200
TRUST    : acc_cmd=0.000 | acc_exec=0.333 | trust=0.082
DECISION : PAUSE
MACHINE  : Machine-3
------------------------------------------------------------
[SEQ 184] [STATIC-BASELINE]
CMD      : M104 | effects={'M': 104.0, 'S': 200.0, 'prev_temp': 220.0}
DECISION : ALLOW
------------------------------------------------------------
[SEQ 184] [IEEE-BASELINE]
SCORE    : anomaly_score=19.763
DECISION : ALLOW
------------------------------------------------------------
[SEQ 185] [LAYER 0]
CMD      : M104 S220
TRUST    : acc_cmd=0.000 | acc_exec=0.333 | trust=0.082
DECISION : PAUSE
MACHINE  : Machine-3
------------------------------------------------------------
[SEQ 185] [STATIC-BASELINE]
CMD      : M104 | effects={'M': 104.0, 'S': 220.0, 'prev_temp': 200.0}
DECISION : ALLOW
------------------------------------------------------------
[SEQ 185] [IEEE-BASELINE]
SCORE    : anomaly_score=19.786
DECISION : ALLOW
------------------------------------------------------------
[SEQ 186] [LAYER 0]
CMD      : M104 S200
TRUST    : acc_cmd=0.000 | acc_exec=0.333 | trust=0.082
DECISION : PAUSE
MACHINE  : Machine-3
------------------------------------------------------------
[SEQ 186] [STATIC-BASELINE]
CMD      : M104 | effects={'M': 104.0, 'S': 200.0, 'prev_temp': 220.0}
DECISION : ALLOW
------------------------------------------------------------
[SEQ 186] [IEEE-BASELINE]
SCORE    : anomaly_score=19.808
DECISION : ALLOW
------------------------------------------------------------
[SEQ 187] [LAYER 0]
CMD      : M104 S220
TRUST    : acc_cmd=0.000 | acc_exec=0.333 | trust=0.082
DECISION : PAUSE
MACHINE  : Machine-3
------------------------------------------------------------
[SEQ 187] [STATIC-BASELINE]
CMD      : M104 | effects={'M': 104.0, 'S': 220.0, 'prev_temp': 200.0}
DECISION : ALLOW
------------------------------------------------------------
[SEQ 187] [IEEE-BASELINE]
SCORE    : anomaly_score=19.827
DECISION : ALLOW
------------------------------------------------------------
[SEQ 188] [LAYER 0]
CMD      : M104 S200
TRUST    : acc_cmd=0.000 | acc_exec=0.333 | trust=0.082
DECISION : PAUSE
MACHINE  : Machine-3
------------------------------------------------------------
[SEQ 188] [STATIC-BASELINE]
CMD      : M104 | effects={'M': 104.0, 'S': 200.0, 'prev_temp': 220.0}
DECISION : ALLOW
------------------------------------------------------------
[SEQ 188] [IEEE-BASELINE]
SCORE    : anomaly_score=19.844
DECISION : ALLOW
------------------------------------------------------------
[SEQ 189] [LAYER 0]
CMD      : M104 S220
TRUST    : acc_cmd=0.000 | acc_exec=0.333 | trust=0.082
DECISION : PAUSE
MACHINE  : Machine-3
------------------------------------------------------------
[SEQ 189] [STATIC-BASELINE]
CMD      : M104 | effects={'M': 104.0, 'S': 220.0, 'prev_temp': 200.0}
DECISION : ALLOW
------------------------------------------------------------
[SEQ 189] [IEEE-BASELINE]
SCORE    : anomaly_score=19.860
DECISION : ALLOW
------------------------------------------------------------
[SEQ 190] [LAYER 0]
CMD      : M104 S200
TRUST    : acc_cmd=0.000 | acc_exec=0.333 | trust=0.082
DECISION : PAUSE
MACHINE  : Machine-3
------------------------------------------------------------
[SEQ 190] [STATIC-BASELINE]
CMD      : M104 | effects={'M': 104.0, 'S': 200.0, 'prev_temp': 220.0}
DECISION : ALLOW
------------------------------------------------------------
[SEQ 190] [IEEE-BASELINE]
SCORE    : anomaly_score=19.874
DECISION : ALLOW
------------------------------------------------------------
[SEQ 191] [LAYER 0]
CMD      : M104 S220
TRUST    : acc_cmd=0.000 | acc_exec=0.333 | trust=0.082
DECISION : PAUSE
MACHINE  : Machine-3
------------------------------------------------------------
[SEQ 191] [STATIC-BASELINE]
CMD      : M104 | effects={'M': 104.0, 'S': 220.0, 'prev_temp': 200.0}
DECISION : ALLOW
------------------------------------------------------------
[SEQ 191] [IEEE-BASELINE]
SCORE    : anomaly_score=19.886
DECISION : ALLOW
------------------------------------------------------------
[SEQ 192] [LAYER 0]
CMD      : M104 S200
TRUST    : acc_cmd=0.000 | acc_exec=0.333 | trust=0.082
DECISION : PAUSE
MACHINE  : Machine-3
------------------------------------------------------------
[SEQ 192] [STATIC-BASELINE]
CMD      : M104 | effects={'M': 104.0, 'S': 200.0, 'prev_temp': 220.0}
DECISION : ALLOW
------------------------------------------------------------
[SEQ 192] [IEEE-BASELINE]
SCORE    : anomaly_score=19.898
DECISION : ALLOW
------------------------------------------------------------
[SEQ 193] [LAYER 0]
CMD      : M104 S220
TRUST    : acc_cmd=0.000 | acc_exec=0.333 | trust=0.082
DECISION : PAUSE
MACHINE  : Machine-3
------------------------------------------------------------
[SEQ 193] [STATIC-BASELINE]
CMD      : M104 | effects={'M': 104.0, 'S': 220.0, 'prev_temp': 200.0}
DECISION : ALLOW
------------------------------------------------------------
[SEQ 193] [IEEE-BASELINE]
SCORE    : anomaly_score=19.908
DECISION : ALLOW
------------------------------------------------------------
[SEQ 194] [LAYER 0]
CMD      : M104 S200
TRUST    : acc_cmd=0.000 | acc_exec=0.333 | trust=0.082
DECISION : PAUSE
MACHINE  : Machine-3
------------------------------------------------------------
[SEQ 194] [STATIC-BASELINE]
CMD      : M104 | effects={'M': 104.0, 'S': 200.0, 'prev_temp': 220.0}
DECISION : ALLOW
------------------------------------------------------------
[SEQ 194] [IEEE-BASELINE]
SCORE    : anomaly_score=19.917
DECISION : ALLOW
------------------------------------------------------------
[SEQ 195] [LAYER 0]
CMD      : M104 S220
TRUST    : acc_cmd=0.000 | acc_exec=0.333 | trust=0.082
DECISION : PAUSE
MACHINE  : Machine-3
------------------------------------------------------------
[SEQ 195] [STATIC-BASELINE]
CMD      : M104 | effects={'M': 104.0, 'S': 220.0, 'prev_temp': 200.0}
DECISION : ALLOW
------------------------------------------------------------
[SEQ 195] [IEEE-BASELINE]
SCORE    : anomaly_score=19.925
DECISION : ALLOW
------------------------------------------------------------
[SEQ 196] [LAYER 0]
CMD      : M104 S200
TRUST    : acc_cmd=0.000 | acc_exec=0.333 | trust=0.082
DECISION : PAUSE
MACHINE  : Machine-3
------------------------------------------------------------
[SEQ 196] [STATIC-BASELINE]
CMD      : M104 | effects={'M': 104.0, 'S': 200.0, 'prev_temp': 220.0}
DECISION : ALLOW
------------------------------------------------------------
[SEQ 196] [IEEE-BASELINE]
SCORE    : anomaly_score=19.933
DECISION : ALLOW
------------------------------------------------------------
[SEQ 197] [LAYER 0]
CMD      : M104 S220
TRUST    : acc_cmd=0.000 | acc_exec=0.333 | trust=0.082
DECISION : PAUSE
MACHINE  : Machine-3
------------------------------------------------------------
[SEQ 197] [STATIC-BASELINE]
CMD      : M104 | effects={'M': 104.0, 'S': 220.0, 'prev_temp': 200.0}
DECISION : ALLOW
------------------------------------------------------------
[SEQ 197] [IEEE-BASELINE]
SCORE    : anomaly_score=19.940
DECISION : ALLOW
------------------------------------------------------------
[SEQ 198] [LAYER 0]
CMD      : M104 S200
TRUST    : acc_cmd=0.000 | acc_exec=0.333 | trust=0.082
DECISION : PAUSE
MACHINE  : Machine-3
------------------------------------------------------------
[SEQ 198] [STATIC-BASELINE]
CMD      : M104 | effects={'M': 104.0, 'S': 200.0, 'prev_temp': 220.0}
DECISION : ALLOW
------------------------------------------------------------
[SEQ 198] [IEEE-BASELINE]
SCORE    : anomaly_score=19.946
DECISION : ALLOW
------------------------------------------------------------
[SEQ 199] [LAYER 0]
CMD      : M104 S220
TRUST    : acc_cmd=0.000 | acc_exec=0.333 | trust=0.082
DECISION : PAUSE
MACHINE  : Machine-3
------------------------------------------------------------
[SEQ 199] [STATIC-BASELINE]
CMD      : M104 | effects={'M': 104.0, 'S': 220.0, 'prev_temp': 200.0}
DECISION : ALLOW
------------------------------------------------------------
[SEQ 199] [IEEE-BASELINE]
SCORE    : anomaly_score=19.951
DECISION : ALLOW
------------------------------------------------------------
[SEQ 200] [LAYER 0]
CMD      : M104 S200
TRUST    : acc_cmd=0.000 | acc_exec=0.333 | trust=0.082
DECISION : PAUSE
MACHINE  : Machine-3
------------------------------------------------------------
[SEQ 200] [STATIC-BASELINE]
CMD      : M104 | effects={'M': 104.0, 'S': 200.0, 'prev_temp': 220.0}
DECISION : ALLOW
------------------------------------------------------------
[SEQ 200] [IEEE-BASELINE]
SCORE    : anomaly_score=19.956
DECISION : ALLOW
------------------------------------------------------------
[SEQ 201] [LAYER 0]
CMD      : M104 S220
TRUST    : acc_cmd=0.000 | acc_exec=0.333 | trust=0.082
DECISION : PAUSE
MACHINE  : Machine-3
------------------------------------------------------------
[SEQ 201] [STATIC-BASELINE]
CMD      : M104 | effects={'M': 104.0, 'S': 220.0, 'prev_temp': 200.0}
DECISION : ALLOW
------------------------------------------------------------
[SEQ 201] [IEEE-BASELINE]
SCORE    : anomaly_score=19.960
DECISION : ALLOW
------------------------------------------------------------
[SEQ 202] [LAYER 0]
CMD      : M104 S200
TRUST    : acc_cmd=0.000 | acc_exec=0.333 | trust=0.082
DECISION : PAUSE
MACHINE  : Machine-3
------------------------------------------------------------
[SEQ 202] [STATIC-BASELINE]
CMD      : M104 | effects={'M': 104.0, 'S': 200.0, 'prev_temp': 220.0}
DECISION : ALLOW
------------------------------------------------------------
[SEQ 202] [IEEE-BASELINE]
SCORE    : anomaly_score=19.964
DECISION : ALLOW
------------------------------------------------------------
[SEQ 203] [LAYER 0]
CMD      : M104 S220
TRUST    : acc_cmd=0.000 | acc_exec=0.333 | trust=0.082
DECISION : PAUSE
MACHINE  : Machine-3
------------------------------------------------------------
[SEQ 203] [STATIC-BASELINE]
CMD      : M104 | effects={'M': 104.0, 'S': 220.0, 'prev_temp': 200.0}
DECISION : ALLOW
------------------------------------------------------------
[SEQ 203] [IEEE-BASELINE]
SCORE    : anomaly_score=19.968
DECISION : ALLOW
------------------------------------------------------------
[SEQ 204] [LAYER 0]
CMD      : M104 S200
TRUST    : acc_cmd=0.000 | acc_exec=0.333 | trust=0.082
DECISION : PAUSE
MACHINE  : Machine-3
------------------------------------------------------------
[SEQ 204] [STATIC-BASELINE]
CMD      : M104 | effects={'M': 104.0, 'S': 200.0, 'prev_temp': 220.0}
DECISION : ALLOW
------------------------------------------------------------
[SEQ 204] [IEEE-BASELINE]
SCORE    : anomaly_score=19.971
DECISION : ALLOW
------------------------------------------------------------
[SEQ 205] [LAYER 0]
CMD      : M104 S220
TRUST    : acc_cmd=0.000 | acc_exec=0.333 | trust=0.082
DECISION : PAUSE
MACHINE  : Machine-3
------------------------------------------------------------
[SEQ 205] [STATIC-BASELINE]
CMD      : M104 | effects={'M': 104.0, 'S': 220.0, 'prev_temp': 200.0}
DECISION : ALLOW
------------------------------------------------------------
[SEQ 205] [IEEE-BASELINE]
SCORE    : anomaly_score=19.974
DECISION : ALLOW
------------------------------------------------------------
[SEQ 206] [LAYER 0]
CMD      : M104 S200
TRUST    : acc_cmd=0.000 | acc_exec=0.333 | trust=0.082
DECISION : PAUSE
MACHINE  : Machine-3
------------------------------------------------------------
[SEQ 206] [STATIC-BASELINE]
CMD      : M104 | effects={'M': 104.0, 'S': 200.0, 'prev_temp': 220.0}
DECISION : ALLOW
------------------------------------------------------------
[SEQ 206] [IEEE-BASELINE]
SCORE    : anomaly_score=19.977
DECISION : ALLOW
------------------------------------------------------------
[SEQ 207] [LAYER 0]
CMD      : M104 S220
TRUST    : acc_cmd=0.000 | acc_exec=0.333 | trust=0.082
DECISION : PAUSE
MACHINE  : Machine-3
------------------------------------------------------------
[SEQ 207] [STATIC-BASELINE]
CMD      : M104 | effects={'M': 104.0, 'S': 220.0, 'prev_temp': 200.0}
DECISION : ALLOW
------------------------------------------------------------
[SEQ 207] [IEEE-BASELINE]
SCORE    : anomaly_score=19.979
DECISION : ALLOW
------------------------------------------------------------
[SEQ 208] [LAYER 0]
CMD      : M104 S200
TRUST    : acc_cmd=0.000 | acc_exec=0.333 | trust=0.082
DECISION : PAUSE
MACHINE  : Machine-3
------------------------------------------------------------
[SEQ 208] [STATIC-BASELINE]
CMD      : M104 | effects={'M': 104.0, 'S': 200.0, 'prev_temp': 220.0}
DECISION : ALLOW
------------------------------------------------------------
[SEQ 208] [IEEE-BASELINE]
SCORE    : anomaly_score=19.981
DECISION : ALLOW
------------------------------------------------------------
[SEQ 209] [LAYER 0]
CMD      : M104 S220
TRUST    : acc_cmd=0.000 | acc_exec=0.333 | trust=0.082
DECISION : PAUSE
MACHINE  : Machine-3
------------------------------------------------------------
[SEQ 209] [STATIC-BASELINE]
CMD      : M104 | effects={'M': 104.0, 'S': 220.0, 'prev_temp': 200.0}
DECISION : ALLOW
------------------------------------------------------------
[SEQ 209] [IEEE-BASELINE]
SCORE    : anomaly_score=19.983
DECISION : ALLOW
------------------------------------------------------------
[SEQ 210] [LAYER 0]
CMD      : G1 X168.6 Y125.289 E5.9641
TRUST    : acc_cmd=0.000 | acc_exec=0.392 | trust=0.074
DECISION : PAUSE
MACHINE  : Machine-3
------------------------------------------------------------
[SEQ 210] [STATIC-BASELINE]
CMD      : G1 | effects={'dx': 8.521999999999991, 'dy': -0.06999999999999318, 'dz': 0.0, 'de': 1.4232700000000005, 'xy_dist': 8.52228748635012, 'params': {'G': 1.0, 'X': 168.6, 'Y': 125.289, 'E': 5.9641}}
DECISION : ALLOW
------------------------------------------------------------
[SEQ 210] [IEEE-BASELINE]
SCORE    : anomaly_score=17.985
DECISION : ALLOW
------------------------------------------------------------
[SEQ 211] [LAYER 0]
CMD      : M104 S200
TRUST    : acc_cmd=0.000 | acc_exec=0.333 | trust=0.074
DECISION : PAUSE
MACHINE  : Machine-3
------------------------------------------------------------
[SEQ 211] [STATIC-BASELINE]
CMD      : M104 | effects={'M': 104.0, 'S': 200.0, 'prev_temp': 220.0}
DECISION : ALLOW
------------------------------------------------------------
[SEQ 211] [IEEE-BASELINE]
SCORE    : anomaly_score=18.186
DECISION : ALLOW
------------------------------------------------------------
[SEQ 212] [LAYER 0]
CMD      : M104 S220
TRUST    : acc_cmd=0.000 | acc_exec=0.333 | trust=0.076
DECISION : PAUSE
MACHINE  : Machine-3
------------------------------------------------------------
[SEQ 212] [STATIC-BASELINE]
CMD      : M104 | effects={'M': 104.0, 'S': 220.0, 'prev_temp': 200.0}
DECISION : ALLOW
------------------------------------------------------------
[SEQ 212] [IEEE-BASELINE]
SCORE    : anomaly_score=18.368
DECISION : ALLOW
------------------------------------------------------------
[SEQ 213] [LAYER 0]
CMD      : M104 S200
TRUST    : acc_cmd=0.000 | acc_exec=0.333 | trust=0.078
DECISION : PAUSE
MACHINE  : Machine-3
------------------------------------------------------------
[SEQ 213] [STATIC-BASELINE]
CMD      : M104 | effects={'M': 104.0, 'S': 200.0, 'prev_temp': 220.0}
DECISION : ALLOW
------------------------------------------------------------
[SEQ 213] [IEEE-BASELINE]
SCORE    : anomaly_score=18.531
DECISION : ALLOW
------------------------------------------------------------
[SEQ 214] [LAYER 0]
CMD      : M104 S220
TRUST    : acc_cmd=0.000 | acc_exec=0.333 | trust=0.079
DECISION : PAUSE
MACHINE  : Machine-3
------------------------------------------------------------
[SEQ 214] [STATIC-BASELINE]
CMD      : M104 | effects={'M': 104.0, 'S': 220.0, 'prev_temp': 200.0}
DECISION : ALLOW
------------------------------------------------------------
[SEQ 214] [IEEE-BASELINE]
SCORE    : anomaly_score=18.678
DECISION : ALLOW
------------------------------------------------------------
[SEQ 215] [LAYER 0]
CMD      : M104 S200
TRUST    : acc_cmd=0.000 | acc_exec=0.333 | trust=0.080
DECISION : PAUSE
MACHINE  : Machine-3
------------------------------------------------------------
[SEQ 215] [STATIC-BASELINE]
CMD      : M104 | effects={'M': 104.0, 'S': 200.0, 'prev_temp': 220.0}
DECISION : ALLOW
------------------------------------------------------------
[SEQ 215] [IEEE-BASELINE]
SCORE    : anomaly_score=18.810
DECISION : ALLOW
------------------------------------------------------------
[SEQ 216] [LAYER 0]
CMD      : M104 S220
TRUST    : acc_cmd=0.000 | acc_exec=0.333 | trust=0.081
DECISION : PAUSE
MACHINE  : Machine-3
------------------------------------------------------------
[SEQ 216] [STATIC-BASELINE]
CMD      : M104 | effects={'M': 104.0, 'S': 220.0, 'prev_temp': 200.0}
DECISION : ALLOW
------------------------------------------------------------
[SEQ 216] [IEEE-BASELINE]
SCORE    : anomaly_score=18.929
DECISION : ALLOW
------------------------------------------------------------
[SEQ 217] [LAYER 0]
CMD      : M104 S200
TRUST    : acc_cmd=0.000 | acc_exec=0.333 | trust=0.081
DECISION : PAUSE
MACHINE  : Machine-3
------------------------------------------------------------
[SEQ 217] [STATIC-BASELINE]
CMD      : M104 | effects={'M': 104.0, 'S': 200.0, 'prev_temp': 220.0}
DECISION : ALLOW
------------------------------------------------------------
[SEQ 217] [IEEE-BASELINE]
SCORE    : anomaly_score=19.036
DECISION : ALLOW
------------------------------------------------------------
[SEQ 218] [LAYER 0]
CMD      : M104 S220
TRUST    : acc_cmd=0.000 | acc_exec=0.333 | trust=0.082
DECISION : PAUSE
MACHINE  : Machine-3
------------------------------------------------------------
[SEQ 218] [STATIC-BASELINE]
CMD      : M104 | effects={'M': 104.0, 'S': 220.0, 'prev_temp': 200.0}
DECISION : ALLOW
------------------------------------------------------------
[SEQ 218] [IEEE-BASELINE]
SCORE    : anomaly_score=19.132
DECISION : ALLOW
------------------------------------------------------------
[SEQ 219] [LAYER 0]
CMD      : M104 S200
TRUST    : acc_cmd=0.000 | acc_exec=0.333 | trust=0.082
DECISION : PAUSE
MACHINE  : Machine-3
------------------------------------------------------------
[SEQ 219] [STATIC-BASELINE]
CMD      : M104 | effects={'M': 104.0, 'S': 200.0, 'prev_temp': 220.0}
DECISION : ALLOW
------------------------------------------------------------
[SEQ 219] [IEEE-BASELINE]
SCORE    : anomaly_score=19.219
DECISION : ALLOW
------------------------------------------------------------
[SEQ 220] [LAYER 0]
CMD      : M104 S220
TRUST    : acc_cmd=0.000 | acc_exec=0.333 | trust=0.082
DECISION : PAUSE
MACHINE  : Machine-3
------------------------------------------------------------
[SEQ 220] [STATIC-BASELINE]
CMD      : M104 | effects={'M': 104.0, 'S': 220.0, 'prev_temp': 200.0}
DECISION : ALLOW
------------------------------------------------------------
[SEQ 220] [IEEE-BASELINE]
SCORE    : anomaly_score=19.297
DECISION : ALLOW
------------------------------------------------------------
[SEQ 221] [LAYER 0]
CMD      : M104 S200
TRUST    : acc_cmd=0.000 | acc_exec=0.333 | trust=0.082
DECISION : PAUSE
MACHINE  : Machine-3
------------------------------------------------------------
[SEQ 221] [STATIC-BASELINE]
CMD      : M104 | effects={'M': 104.0, 'S': 200.0, 'prev_temp': 220.0}
DECISION : ALLOW
------------------------------------------------------------
[SEQ 221] [IEEE-BASELINE]
SCORE    : anomaly_score=19.368
DECISION : ALLOW
------------------------------------------------------------
[SEQ 222] [LAYER 0]
CMD      : M104 S220
TRUST    : acc_cmd=0.000 | acc_exec=0.333 | trust=0.082
DECISION : PAUSE
MACHINE  : Machine-3
------------------------------------------------------------
[SEQ 222] [STATIC-BASELINE]
CMD      : M104 | effects={'M': 104.0, 'S': 220.0, 'prev_temp': 200.0}
DECISION : ALLOW
------------------------------------------------------------
[SEQ 222] [IEEE-BASELINE]
SCORE    : anomaly_score=19.431
DECISION : ALLOW
------------------------------------------------------------
[SEQ 223] [LAYER 0]
CMD      : M104 S200
TRUST    : acc_cmd=0.000 | acc_exec=0.333 | trust=0.082
DECISION : PAUSE
MACHINE  : Machine-3
------------------------------------------------------------
[SEQ 223] [STATIC-BASELINE]
CMD      : M104 | effects={'M': 104.0, 'S': 200.0, 'prev_temp': 220.0}
DECISION : ALLOW
------------------------------------------------------------
[SEQ 223] [IEEE-BASELINE]
SCORE    : anomaly_score=19.488
DECISION : ALLOW
------------------------------------------------------------
[SEQ 224] [LAYER 0]
CMD      : M104 S220
TRUST    : acc_cmd=0.000 | acc_exec=0.333 | trust=0.082
DECISION : PAUSE
MACHINE  : Machine-3
------------------------------------------------------------
[SEQ 224] [STATIC-BASELINE]
CMD      : M104 | effects={'M': 104.0, 'S': 220.0, 'prev_temp': 200.0}
DECISION : ALLOW
------------------------------------------------------------
[SEQ 224] [IEEE-BASELINE]
SCORE    : anomaly_score=19.539
DECISION : ALLOW
------------------------------------------------------------
[SEQ 225] [LAYER 0]
CMD      : M104 S200
TRUST    : acc_cmd=0.000 | acc_exec=0.333 | trust=0.082
DECISION : PAUSE
MACHINE  : Machine-3
------------------------------------------------------------
[SEQ 225] [STATIC-BASELINE]
CMD      : M104 | effects={'M': 104.0, 'S': 200.0, 'prev_temp': 220.0}
DECISION : ALLOW
------------------------------------------------------------
[SEQ 225] [IEEE-BASELINE]
SCORE    : anomaly_score=19.585
DECISION : ALLOW
------------------------------------------------------------
[SEQ 226] [LAYER 0]
CMD      : M104 S220
TRUST    : acc_cmd=0.000 | acc_exec=0.333 | trust=0.082
DECISION : PAUSE
MACHINE  : Machine-3
------------------------------------------------------------
[SEQ 226] [STATIC-BASELINE]
CMD      : M104 | effects={'M': 104.0, 'S': 220.0, 'prev_temp': 200.0}
DECISION : ALLOW
------------------------------------------------------------
[SEQ 226] [IEEE-BASELINE]
SCORE    : anomaly_score=19.627
DECISION : ALLOW
------------------------------------------------------------
[SEQ 227] [LAYER 0]
CMD      : M104 S200
TRUST    : acc_cmd=0.000 | acc_exec=0.333 | trust=0.082
DECISION : PAUSE
MACHINE  : Machine-3
------------------------------------------------------------
[SEQ 227] [STATIC-BASELINE]
CMD      : M104 | effects={'M': 104.0, 'S': 200.0, 'prev_temp': 220.0}
DECISION : ALLOW
------------------------------------------------------------
[SEQ 227] [IEEE-BASELINE]
SCORE    : anomaly_score=19.664
DECISION : ALLOW
------------------------------------------------------------
[SEQ 228] [LAYER 0]
CMD      : M104 S220
TRUST    : acc_cmd=0.000 | acc_exec=0.333 | trust=0.082
DECISION : PAUSE
MACHINE  : Machine-3
------------------------------------------------------------
[SEQ 228] [STATIC-BASELINE]
CMD      : M104 | effects={'M': 104.0, 'S': 220.0, 'prev_temp': 200.0}
DECISION : ALLOW
------------------------------------------------------------
[SEQ 228] [IEEE-BASELINE]
SCORE    : anomaly_score=19.698
DECISION : ALLOW
------------------------------------------------------------
[SEQ 229] [LAYER 0]
CMD      : M104 S200
TRUST    : acc_cmd=0.000 | acc_exec=0.333 | trust=0.082
DECISION : PAUSE
MACHINE  : Machine-3
------------------------------------------------------------
[SEQ 229] [STATIC-BASELINE]
CMD      : M104 | effects={'M': 104.0, 'S': 200.0, 'prev_temp': 220.0}
DECISION : ALLOW
------------------------------------------------------------
[SEQ 229] [IEEE-BASELINE]
SCORE    : anomaly_score=19.728
DECISION : ALLOW
------------------------------------------------------------
[SEQ 230] [LAYER 0]
CMD      : M104 S220
TRUST    : acc_cmd=0.000 | acc_exec=0.333 | trust=0.082
DECISION : PAUSE
MACHINE  : Machine-3
------------------------------------------------------------
[SEQ 230] [STATIC-BASELINE]
CMD      : M104 | effects={'M': 104.0, 'S': 220.0, 'prev_temp': 200.0}
DECISION : ALLOW
------------------------------------------------------------
[SEQ 230] [IEEE-BASELINE]
SCORE    : anomaly_score=19.755
DECISION : ALLOW
------------------------------------------------------------
[SEQ 231] [LAYER 0]
CMD      : M104 S200
TRUST    : acc_cmd=0.000 | acc_exec=0.333 | trust=0.082
DECISION : PAUSE
MACHINE  : Machine-3
------------------------------------------------------------
[SEQ 231] [STATIC-BASELINE]
CMD      : M104 | effects={'M': 104.0, 'S': 200.0, 'prev_temp': 220.0}
DECISION : ALLOW
------------------------------------------------------------
[SEQ 231] [IEEE-BASELINE]
SCORE    : anomaly_score=19.779
DECISION : ALLOW
------------------------------------------------------------
[SEQ 232] [LAYER 0]
CMD      : M104 S220
TRUST    : acc_cmd=0.000 | acc_exec=0.333 | trust=0.082
DECISION : PAUSE
MACHINE  : Machine-3
------------------------------------------------------------
[SEQ 232] [STATIC-BASELINE]
CMD      : M104 | effects={'M': 104.0, 'S': 220.0, 'prev_temp': 200.0}
DECISION : ALLOW
------------------------------------------------------------
[SEQ 232] [IEEE-BASELINE]
SCORE    : anomaly_score=19.802
DECISION : ALLOW
------------------------------------------------------------
[SEQ 233] [LAYER 0]
CMD      : M104 S200
TRUST    : acc_cmd=0.000 | acc_exec=0.333 | trust=0.082
DECISION : PAUSE
MACHINE  : Machine-3
------------------------------------------------------------
[SEQ 233] [STATIC-BASELINE]
CMD      : M104 | effects={'M': 104.0, 'S': 200.0, 'prev_temp': 220.0}
DECISION : ALLOW
------------------------------------------------------------
[SEQ 233] [IEEE-BASELINE]
SCORE    : anomaly_score=19.821
DECISION : ALLOW
------------------------------------------------------------
[SEQ 234] [LAYER 0]
CMD      : M104 S220
TRUST    : acc_cmd=0.000 | acc_exec=0.333 | trust=0.082
DECISION : PAUSE
MACHINE  : Machine-3
------------------------------------------------------------
[SEQ 234] [STATIC-BASELINE]
CMD      : M104 | effects={'M': 104.0, 'S': 220.0, 'prev_temp': 200.0}
DECISION : ALLOW
------------------------------------------------------------
[SEQ 234] [IEEE-BASELINE]
SCORE    : anomaly_score=19.839
DECISION : ALLOW
------------------------------------------------------------
[SEQ 235] [LAYER 0]
CMD      : M104 S200
TRUST    : acc_cmd=0.000 | acc_exec=0.333 | trust=0.082
DECISION : PAUSE
MACHINE  : Machine-3
------------------------------------------------------------
[SEQ 235] [STATIC-BASELINE]
CMD      : M104 | effects={'M': 104.0, 'S': 200.0, 'prev_temp': 220.0}
DECISION : ALLOW
------------------------------------------------------------
[SEQ 235] [IEEE-BASELINE]
SCORE    : anomaly_score=19.855
DECISION : ALLOW
------------------------------------------------------------
[SEQ 236] [LAYER 0]
CMD      : M104 S220
TRUST    : acc_cmd=0.000 | acc_exec=0.333 | trust=0.082
DECISION : PAUSE
MACHINE  : Machine-3
------------------------------------------------------------
[SEQ 236] [STATIC-BASELINE]
CMD      : M104 | effects={'M': 104.0, 'S': 220.0, 'prev_temp': 200.0}
DECISION : ALLOW
------------------------------------------------------------
[SEQ 236] [IEEE-BASELINE]
SCORE    : anomaly_score=19.870
DECISION : ALLOW
------------------------------------------------------------
[SEQ 237] [LAYER 0]
CMD      : M104 S200
TRUST    : acc_cmd=0.000 | acc_exec=0.333 | trust=0.082
DECISION : PAUSE
MACHINE  : Machine-3
------------------------------------------------------------
[SEQ 237] [STATIC-BASELINE]
CMD      : M104 | effects={'M': 104.0, 'S': 200.0, 'prev_temp': 220.0}
DECISION : ALLOW
------------------------------------------------------------
[SEQ 237] [IEEE-BASELINE]
SCORE    : anomaly_score=19.883
DECISION : ALLOW
------------------------------------------------------------
[SEQ 238] [LAYER 0]
CMD      : M104 S220
TRUST    : acc_cmd=0.000 | acc_exec=0.333 | trust=0.082
DECISION : PAUSE
MACHINE  : Machine-3
------------------------------------------------------------
[SEQ 238] [STATIC-BASELINE]
CMD      : M104 | effects={'M': 104.0, 'S': 220.0, 'prev_temp': 200.0}
DECISION : ALLOW
------------------------------------------------------------
[SEQ 238] [IEEE-BASELINE]
SCORE    : anomaly_score=19.895
DECISION : ALLOW
------------------------------------------------------------
[SEQ 239] [LAYER 0]
CMD      : M104 S200
TRUST    : acc_cmd=0.000 | acc_exec=0.333 | trust=0.082
DECISION : PAUSE
MACHINE  : Machine-3
------------------------------------------------------------
[SEQ 239] [STATIC-BASELINE]
CMD      : M104 | effects={'M': 104.0, 'S': 200.0, 'prev_temp': 220.0}
DECISION : ALLOW
------------------------------------------------------------
[SEQ 239] [IEEE-BASELINE]
SCORE    : anomaly_score=19.905
DECISION : ALLOW
------------------------------------------------------------
[SEQ 240] [LAYER 0]
CMD      : M104 S220
TRUST    : acc_cmd=0.000 | acc_exec=0.333 | trust=0.082
DECISION : PAUSE
MACHINE  : Machine-3
------------------------------------------------------------
[SEQ 240] [STATIC-BASELINE]
CMD      : M104 | effects={'M': 104.0, 'S': 220.0, 'prev_temp': 200.0}
DECISION : ALLOW
------------------------------------------------------------
[SEQ 240] [IEEE-BASELINE]
SCORE    : anomaly_score=19.915
DECISION : ALLOW
------------------------------------------------------------
[SEQ 241] [LAYER 0]
CMD      : M104 S200
TRUST    : acc_cmd=0.000 | acc_exec=0.333 | trust=0.082
DECISION : PAUSE
MACHINE  : Machine-3
------------------------------------------------------------
[SEQ 241] [STATIC-BASELINE]
CMD      : M104 | effects={'M': 104.0, 'S': 200.0, 'prev_temp': 220.0}
DECISION : ALLOW
------------------------------------------------------------
[SEQ 241] [IEEE-BASELINE]
SCORE    : anomaly_score=19.923
DECISION : ALLOW
------------------------------------------------------------
[SEQ 242] [LAYER 0]
CMD      : M104 S220
TRUST    : acc_cmd=0.000 | acc_exec=0.333 | trust=0.082
DECISION : PAUSE
MACHINE  : Machine-3
------------------------------------------------------------
[SEQ 242] [STATIC-BASELINE]
CMD      : M104 | effects={'M': 104.0, 'S': 220.0, 'prev_temp': 200.0}
DECISION : ALLOW
------------------------------------------------------------
[SEQ 242] [IEEE-BASELINE]
SCORE    : anomaly_score=19.931
DECISION : ALLOW
------------------------------------------------------------
[SEQ 243] [LAYER 0]
CMD      : M104 S200
TRUST    : acc_cmd=0.000 | acc_exec=0.333 | trust=0.082
DECISION : PAUSE
MACHINE  : Machine-3
------------------------------------------------------------
[SEQ 243] [STATIC-BASELINE]
CMD      : M104 | effects={'M': 104.0, 'S': 200.0, 'prev_temp': 220.0}
DECISION : ALLOW
------------------------------------------------------------
[SEQ 243] [IEEE-BASELINE]
SCORE    : anomaly_score=19.938
DECISION : ALLOW
------------------------------------------------------------
[SEQ 244] [LAYER 0]
CMD      : M104 S220
TRUST    : acc_cmd=0.000 | acc_exec=0.333 | trust=0.082
DECISION : PAUSE
MACHINE  : Machine-3
------------------------------------------------------------
[SEQ 244] [STATIC-BASELINE]
CMD      : M104 | effects={'M': 104.0, 'S': 220.0, 'prev_temp': 200.0}
DECISION : ALLOW
------------------------------------------------------------
[SEQ 244] [IEEE-BASELINE]
SCORE    : anomaly_score=19.944
DECISION : ALLOW
------------------------------------------------------------
[SEQ 245] [LAYER 0]
CMD      : G1 X159.647 Y117.356 E6.99251
TRUST    : acc_cmd=0.000 | acc_exec=0.000 | trust=0.167
DECISION : PAUSE
MACHINE  : Machine-3
------------------------------------------------------------
[SEQ 245] [STATIC-BASELINE]
CMD      : G1 | effects={'dx': -8.953000000000003, 'dy': -7.933000000000007, 'dz': 0.0, 'de': 1.02841, 'xy_dist': 11.96196881788279, 'params': {'G': 1.0, 'X': 159.647, 'Y': 117.356, 'E': 6.99251}}
DECISION : ALLOW
------------------------------------------------------------
[SEQ 245] [IEEE-BASELINE]
SCORE    : anomaly_score=17.950
DECISION : ALLOW
------------------------------------------------------------
[SEQ 246] [LAYER 0]
CMD      : M104 S200
TRUST    : acc_cmd=0.000 | acc_exec=0.333 | trust=0.156
DECISION : PAUSE
MACHINE  : Machine-3
------------------------------------------------------------
[SEQ 246] [STATIC-BASELINE]
CMD      : M104 | effects={'M': 104.0, 'S': 200.0, 'prev_temp': 220.0}
DECISION : ALLOW
------------------------------------------------------------
[SEQ 246] [IEEE-BASELINE]
SCORE    : anomaly_score=18.155
DECISION : ALLOW
------------------------------------------------------------
[SEQ 247] [LAYER 0]
CMD      : M104 S220
TRUST    : acc_cmd=0.000 | acc_exec=0.333 | trust=0.133
DECISION : PAUSE
MACHINE  : Machine-3
------------------------------------------------------------
[SEQ 247] [STATIC-BASELINE]
CMD      : M104 | effects={'M': 104.0, 'S': 220.0, 'prev_temp': 200.0}
DECISION : ALLOW
------------------------------------------------------------
[SEQ 247] [IEEE-BASELINE]
SCORE    : anomaly_score=18.339
DECISION : ALLOW
------------------------------------------------------------
[SEQ 248] [LAYER 0]
CMD      : M104 S200
TRUST    : acc_cmd=0.000 | acc_exec=0.333 | trust=0.114
DECISION : PAUSE
MACHINE  : Machine-3
------------------------------------------------------------
[SEQ 248] [STATIC-BASELINE]
CMD      : M104 | effects={'M': 104.0, 'S': 200.0, 'prev_temp': 220.0}
DECISION : ALLOW
------------------------------------------------------------
[SEQ 248] [IEEE-BASELINE]
SCORE    : anomaly_score=18.505
DECISION : ALLOW
------------------------------------------------------------
[SEQ 249] [LAYER 0]
CMD      : M104 S220
TRUST    : acc_cmd=0.000 | acc_exec=0.333 | trust=0.102
DECISION : PAUSE
MACHINE  : Machine-3
------------------------------------------------------------
[SEQ 249] [STATIC-BASELINE]
CMD      : M104 | effects={'M': 104.0, 'S': 220.0, 'prev_temp': 200.0}
DECISION : ALLOW
------------------------------------------------------------
[SEQ 249] [IEEE-BASELINE]
SCORE    : anomaly_score=18.655
DECISION : ALLOW
------------------------------------------------------------
[SEQ 250] [LAYER 0]
CMD      : M104 S200
TRUST    : acc_cmd=0.000 | acc_exec=0.333 | trust=0.094
DECISION : PAUSE
MACHINE  : Machine-3
------------------------------------------------------------
[SEQ 250] [STATIC-BASELINE]
CMD      : M104 | effects={'M': 104.0, 'S': 200.0, 'prev_temp': 220.0}
DECISION : ALLOW
------------------------------------------------------------
[SEQ 250] [IEEE-BASELINE]
SCORE    : anomaly_score=18.789
DECISION : ALLOW
------------------------------------------------------------
[SEQ 251] [LAYER 0]
CMD      : G1 X164.116 Y114.453 E7.09422
TRUST    : acc_cmd=0.000 | acc_exec=0.000 | trust=0.178
DECISION : PAUSE
MACHINE  : Machine-3
------------------------------------------------------------
[SEQ 251] [STATIC-BASELINE]
CMD      : G1 | effects={'dx': 4.4690000000000225, 'dy': -2.9029999999999916, 'dz': 0.0, 'de': 0.10170999999999975, 'xy_dist': 5.329105928765176, 'params': {'G': 1.0, 'X': 164.116, 'Y': 114.453, 'E': 7.09422}}
DECISION : ALLOW
------------------------------------------------------------
[SEQ 251] [IEEE-BASELINE]
SCORE    : anomaly_score=16.910
DECISION : ALLOW
------------------------------------------------------------
[SEQ 252] [LAYER 0]
CMD      : M104 S220
TRUST    : acc_cmd=0.000 | acc_exec=0.333 | trust=0.163
DECISION : PAUSE
MACHINE  : Machine-3
------------------------------------------------------------
[SEQ 252] [STATIC-BASELINE]
CMD      : M104 | effects={'M': 104.0, 'S': 220.0, 'prev_temp': 200.0}
DECISION : ALLOW
------------------------------------------------------------
[SEQ 252] [IEEE-BASELINE]
SCORE    : anomaly_score=17.219
DECISION : ALLOW
------------------------------------------------------------
[SEQ 253] [LAYER 0]
CMD      : M104 S200
TRUST    : acc_cmd=0.000 | acc_exec=0.333 | trust=0.137
DECISION : PAUSE
MACHINE  : Machine-3
------------------------------------------------------------
[SEQ 253] [STATIC-BASELINE]
CMD      : M104 | effects={'M': 104.0, 'S': 200.0, 'prev_temp': 220.0}
DECISION : ALLOW
------------------------------------------------------------
[SEQ 253] [IEEE-BASELINE]
SCORE    : anomaly_score=17.497
DECISION : ALLOW
------------------------------------------------------------
[SEQ 254] [LAYER 0]
CMD      : M104 S220
TRUST    : acc_cmd=0.000 | acc_exec=0.333 | trust=0.117
DECISION : PAUSE
MACHINE  : Machine-3
------------------------------------------------------------
[SEQ 254] [STATIC-BASELINE]
CMD      : M104 | effects={'M': 104.0, 'S': 220.0, 'prev_temp': 200.0}
DECISION : ALLOW
------------------------------------------------------------
[SEQ 254] [IEEE-BASELINE]
SCORE    : anomaly_score=17.748
DECISION : ALLOW
------------------------------------------------------------
[SEQ 255] [LAYER 0]
CMD      : M104 S200
TRUST    : acc_cmd=0.000 | acc_exec=0.333 | trust=0.103
DECISION : PAUSE
MACHINE  : Machine-3
------------------------------------------------------------
[SEQ 255] [STATIC-BASELINE]
CMD      : M104 | effects={'M': 104.0, 'S': 200.0, 'prev_temp': 220.0}
DECISION : ALLOW
------------------------------------------------------------
[SEQ 255] [IEEE-BASELINE]
SCORE    : anomaly_score=17.973
DECISION : ALLOW
------------------------------------------------------------
[SEQ 256] [LAYER 0]
CMD      : M104 S220
TRUST    : acc_cmd=0.000 | acc_exec=0.333 | trust=0.095
DECISION : PAUSE
MACHINE  : Machine-3
------------------------------------------------------------
[SEQ 256] [STATIC-BASELINE]
CMD      : M104 | effects={'M': 104.0, 'S': 220.0, 'prev_temp': 200.0}
DECISION : ALLOW
------------------------------------------------------------
[SEQ 256] [IEEE-BASELINE]
SCORE    : anomaly_score=18.176
DECISION : ALLOW
------------------------------------------------------------
[SEQ 257] [LAYER 0]
CMD      : G1 X170.551 Y120.91 E7.2939
TRUST    : acc_cmd=0.000 | acc_exec=0.000 | trust=0.178
DECISION : PAUSE
MACHINE  : Machine-3
------------------------------------------------------------
[SEQ 257] [STATIC-BASELINE]
CMD      : G1 | effects={'dx': 6.434999999999974, 'dy': 6.456999999999994, 'dz': 0.0, 'de': 0.19967999999999986, 'xy_dist': 9.116033896382769, 'params': {'G': 1.0, 'X': 170.551, 'Y': 120.91, 'E': 7.2939}}
DECISION : ALLOW
------------------------------------------------------------
[SEQ 257] [IEEE-BASELINE]
SCORE    : anomaly_score=16.358
DECISION : ALLOW
------------------------------------------------------------
[SEQ 258] [LAYER 0]
CMD      : M104 S200
TRUST    : acc_cmd=0.000 | acc_exec=0.333 | trust=0.164
DECISION : PAUSE
MACHINE  : Machine-3
------------------------------------------------------------
[SEQ 258] [STATIC-BASELINE]
CMD      : M104 | effects={'M': 104.0, 'S': 200.0, 'prev_temp': 220.0}
DECISION : ALLOW
------------------------------------------------------------
[SEQ 258] [IEEE-BASELINE]
SCORE    : anomaly_score=16.722
DECISION : ALLOW
------------------------------------------------------------
[SEQ 259] [LAYER 0]
CMD      : M104 S220
TRUST    : acc_cmd=0.000 | acc_exec=0.333 | trust=0.137
DECISION : PAUSE
MACHINE  : Machine-3
------------------------------------------------------------
[SEQ 259] [STATIC-BASELINE]
CMD      : M104 | effects={'M': 104.0, 'S': 220.0, 'prev_temp': 200.0}
DECISION : ALLOW
------------------------------------------------------------
[SEQ 259] [IEEE-BASELINE]
SCORE    : anomaly_score=17.050
DECISION : ALLOW
------------------------------------------------------------
[SEQ 260] [LAYER 0]
CMD      : M104 S200
TRUST    : acc_cmd=0.000 | acc_exec=0.333 | trust=0.117
DECISION : PAUSE
MACHINE  : Machine-3
------------------------------------------------------------
[SEQ 260] [STATIC-BASELINE]
CMD      : M104 | effects={'M': 104.0, 'S': 200.0, 'prev_temp': 220.0}
DECISION : ALLOW
------------------------------------------------------------
[SEQ 260] [IEEE-BASELINE]
SCORE    : anomaly_score=17.345
DECISION : ALLOW
------------------------------------------------------------
[SEQ 261] [LAYER 0]
CMD      : M104 S220
TRUST    : acc_cmd=0.000 | acc_exec=0.333 | trust=0.103
DECISION : PAUSE
MACHINE  : Machine-3
------------------------------------------------------------
[SEQ 261] [STATIC-BASELINE]
CMD      : M104 | effects={'M': 104.0, 'S': 220.0, 'prev_temp': 200.0}
DECISION : ALLOW
------------------------------------------------------------
[SEQ 261] [IEEE-BASELINE]
SCORE    : anomaly_score=17.610
DECISION : ALLOW
------------------------------------------------------------
[SEQ 262] [LAYER 0]
CMD      : M104 S200
TRUST    : acc_cmd=0.000 | acc_exec=0.333 | trust=0.095
DECISION : PAUSE
MACHINE  : Machine-3
------------------------------------------------------------
[SEQ 262] [STATIC-BASELINE]
CMD      : M104 | effects={'M': 104.0, 'S': 200.0, 'prev_temp': 220.0}
DECISION : ALLOW
------------------------------------------------------------
[SEQ 262] [IEEE-BASELINE]
SCORE    : anomaly_score=17.849
DECISION : ALLOW
------------------------------------------------------------
[SEQ 263] [LAYER 0]
CMD      : M104 S220
TRUST    : acc_cmd=0.000 | acc_exec=0.333 | trust=0.090
DECISION : PAUSE
MACHINE  : Machine-3
------------------------------------------------------------
[SEQ 263] [STATIC-BASELINE]
CMD      : M104 | effects={'M': 104.0, 'S': 220.0, 'prev_temp': 200.0}
DECISION : ALLOW
------------------------------------------------------------
[SEQ 263] [IEEE-BASELINE]
SCORE    : anomaly_score=18.064
DECISION : ALLOW
------------------------------------------------------------
[SEQ 264] [LAYER 0]
CMD      : M104 S200
TRUST    : acc_cmd=0.000 | acc_exec=0.333 | trust=0.087
DECISION : PAUSE
MACHINE  : Machine-3
------------------------------------------------------------
[SEQ 264] [STATIC-BASELINE]
CMD      : M104 | effects={'M': 104.0, 'S': 200.0, 'prev_temp': 220.0}
DECISION : ALLOW
------------------------------------------------------------
[SEQ 264] [IEEE-BASELINE]
SCORE    : anomaly_score=18.258
DECISION : ALLOW
------------------------------------------------------------
[SEQ 265] [LAYER 0]
CMD      : M104 S220
TRUST    : acc_cmd=0.000 | acc_exec=0.333 | trust=0.085
DECISION : PAUSE
MACHINE  : Machine-3
------------------------------------------------------------
[SEQ 265] [STATIC-BASELINE]
CMD      : M104 | effects={'M': 104.0, 'S': 220.0, 'prev_temp': 200.0}
DECISION : ALLOW
------------------------------------------------------------
[SEQ 265] [IEEE-BASELINE]
SCORE    : anomaly_score=18.432
DECISION : ALLOW
------------------------------------------------------------
[SEQ 266] [LAYER 0]
CMD      : M104 S200
TRUST    : acc_cmd=0.000 | acc_exec=0.333 | trust=0.084
DECISION : PAUSE
MACHINE  : Machine-3
------------------------------------------------------------
[SEQ 266] [STATIC-BASELINE]
CMD      : M104 | effects={'M': 104.0, 'S': 200.0, 'prev_temp': 220.0}
DECISION : ALLOW
------------------------------------------------------------
[SEQ 266] [IEEE-BASELINE]
SCORE    : anomaly_score=18.589
DECISION : ALLOW
------------------------------------------------------------
[SEQ 267] [LAYER 0]
CMD      : M104 S220
TRUST    : acc_cmd=0.000 | acc_exec=0.333 | trust=0.083
DECISION : PAUSE
MACHINE  : Machine-3
------------------------------------------------------------
[SEQ 267] [STATIC-BASELINE]
CMD      : M104 | effects={'M': 104.0, 'S': 220.0, 'prev_temp': 200.0}
DECISION : ALLOW
------------------------------------------------------------
[SEQ 267] [IEEE-BASELINE]
SCORE    : anomaly_score=18.730
DECISION : ALLOW
------------------------------------------------------------
[SEQ 268] [LAYER 0]
CMD      : M104 S200
TRUST    : acc_cmd=0.000 | acc_exec=0.333 | trust=0.083
DECISION : PAUSE
MACHINE  : Machine-3
------------------------------------------------------------
[SEQ 268] [STATIC-BASELINE]
CMD      : M104 | effects={'M': 104.0, 'S': 200.0, 'prev_temp': 220.0}
DECISION : ALLOW
------------------------------------------------------------
[SEQ 268] [IEEE-BASELINE]
SCORE    : anomaly_score=18.857
DECISION : ALLOW
------------------------------------------------------------
[SEQ 269] [LAYER 0]
CMD      : G1 X159.995 Y117.554 E7.656
TRUST    : acc_cmd=0.000 | acc_exec=0.000 | trust=0.167
DECISION : PAUSE
MACHINE  : Machine-3
------------------------------------------------------------
[SEQ 269] [STATIC-BASELINE]
CMD      : G1 | effects={'dx': -10.555999999999983, 'dy': -3.3559999999999945, 'dz': 0.0, 'de': 0.36209999999999987, 'xy_dist': 11.076636312527356, 'params': {'G': 1.0, 'X': 159.995, 'Y': 117.554, 'E': 7.656}}
DECISION : ALLOW
------------------------------------------------------------
[SEQ 269] [IEEE-BASELINE]
SCORE    : anomaly_score=16.971
DECISION : ALLOW
------------------------------------------------------------
[SEQ 270] [LAYER 0]
CMD      : M104 S220
TRUST    : acc_cmd=0.000 | acc_exec=0.333 | trust=0.157
DECISION : PAUSE
MACHINE  : Machine-3
------------------------------------------------------------
[SEQ 270] [STATIC-BASELINE]
CMD      : M104 | effects={'M': 104.0, 'S': 220.0, 'prev_temp': 200.0}
DECISION : ALLOW
------------------------------------------------------------
[SEQ 270] [IEEE-BASELINE]
SCORE    : anomaly_score=17.274
DECISION : ALLOW
------------------------------------------------------------
[SEQ 271] [LAYER 0]
CMD      : M104 S200
TRUST    : acc_cmd=0.000 | acc_exec=0.333 | trust=0.133
DECISION : PAUSE
MACHINE  : Machine-3
------------------------------------------------------------
[SEQ 271] [STATIC-BASELINE]
CMD      : M104 | effects={'M': 104.0, 'S': 200.0, 'prev_temp': 220.0}
DECISION : ALLOW
------------------------------------------------------------
[SEQ 271] [IEEE-BASELINE]
SCORE    : anomaly_score=17.547
DECISION : ALLOW
------------------------------------------------------------
[SEQ 272] [LAYER 0]
CMD      : M104 S220
TRUST    : acc_cmd=0.000 | acc_exec=0.333 | trust=0.114
DECISION : PAUSE
MACHINE  : Machine-3
------------------------------------------------------------
[SEQ 272] [STATIC-BASELINE]
CMD      : M104 | effects={'M': 104.0, 'S': 220.0, 'prev_temp': 200.0}
DECISION : ALLOW
------------------------------------------------------------
[SEQ 272] [IEEE-BASELINE]
SCORE    : anomaly_score=17.792
DECISION : ALLOW
------------------------------------------------------------
[SEQ 273] [LAYER 0]
CMD      : M104 S200
TRUST    : acc_cmd=0.000 | acc_exec=0.333 | trust=0.102
DECISION : PAUSE
MACHINE  : Machine-3
------------------------------------------------------------
[SEQ 273] [STATIC-BASELINE]
CMD      : M104 | effects={'M': 104.0, 'S': 200.0, 'prev_temp': 220.0}
DECISION : ALLOW
------------------------------------------------------------
[SEQ 273] [IEEE-BASELINE]
SCORE    : anomaly_score=18.013
DECISION : ALLOW
------------------------------------------------------------
[SEQ 274] [LAYER 0]
CMD      : M104 S220
TRUST    : acc_cmd=0.000 | acc_exec=0.333 | trust=0.094
DECISION : PAUSE
MACHINE  : Machine-3
------------------------------------------------------------
[SEQ 274] [STATIC-BASELINE]
CMD      : M104 | effects={'M': 104.0, 'S': 220.0, 'prev_temp': 200.0}
DECISION : ALLOW
------------------------------------------------------------
[SEQ 274] [IEEE-BASELINE]
SCORE    : anomaly_score=18.212
DECISION : ALLOW
------------------------------------------------------------
[SEQ 275] [LAYER 0]
CMD      : M104 S200
TRUST    : acc_cmd=0.000 | acc_exec=0.333 | trust=0.089
DECISION : PAUSE
MACHINE  : Machine-3
------------------------------------------------------------
[SEQ 275] [STATIC-BASELINE]
CMD      : M104 | effects={'M': 104.0, 'S': 200.0, 'prev_temp': 220.0}
DECISION : ALLOW
------------------------------------------------------------
[SEQ 275] [IEEE-BASELINE]
SCORE    : anomaly_score=18.390
DECISION : ALLOW
------------------------------------------------------------
[SEQ 276] [LAYER 0]
CMD      : M104 S220
TRUST    : acc_cmd=0.000 | acc_exec=0.333 | trust=0.086
DECISION : PAUSE
MACHINE  : Machine-3
------------------------------------------------------------
[SEQ 276] [STATIC-BASELINE]
CMD      : M104 | effects={'M': 104.0, 'S': 220.0, 'prev_temp': 200.0}
DECISION : ALLOW
------------------------------------------------------------
[SEQ 276] [IEEE-BASELINE]
SCORE    : anomaly_score=18.551
DECISION : ALLOW
------------------------------------------------------------
[SEQ 277] [LAYER 0]
CMD      : M104 S200
TRUST    : acc_cmd=0.000 | acc_exec=0.333 | trust=0.085
DECISION : PAUSE
MACHINE  : Machine-3
------------------------------------------------------------
[SEQ 277] [STATIC-BASELINE]
CMD      : M104 | effects={'M': 104.0, 'S': 200.0, 'prev_temp': 220.0}
DECISION : ALLOW
------------------------------------------------------------
[SEQ 277] [IEEE-BASELINE]
SCORE    : anomaly_score=18.696
DECISION : ALLOW
------------------------------------------------------------
[SEQ 278] [LAYER 0]
CMD      : M104 S220
TRUST    : acc_cmd=0.000 | acc_exec=0.333 | trust=0.084
DECISION : PAUSE
MACHINE  : Machine-3
------------------------------------------------------------
[SEQ 278] [STATIC-BASELINE]
CMD      : M104 | effects={'M': 104.0, 'S': 220.0, 'prev_temp': 200.0}
DECISION : ALLOW
------------------------------------------------------------
[SEQ 278] [IEEE-BASELINE]
SCORE    : anomaly_score=18.827
DECISION : ALLOW
------------------------------------------------------------
[SEQ 279] [LAYER 0]
CMD      : M104 S200
TRUST    : acc_cmd=0.000 | acc_exec=0.333 | trust=0.083
DECISION : PAUSE
MACHINE  : Machine-3
------------------------------------------------------------
[SEQ 279] [STATIC-BASELINE]
CMD      : M104 | effects={'M': 104.0, 'S': 200.0, 'prev_temp': 220.0}
DECISION : ALLOW
------------------------------------------------------------
[SEQ 279] [IEEE-BASELINE]
SCORE    : anomaly_score=18.944
DECISION : ALLOW
------------------------------------------------------------
[SEQ 280] [LAYER 0]
CMD      : M104 S220
TRUST    : acc_cmd=0.000 | acc_exec=0.333 | trust=0.083
DECISION : PAUSE
MACHINE  : Machine-3
------------------------------------------------------------
[SEQ 280] [STATIC-BASELINE]
CMD      : M104 | effects={'M': 104.0, 'S': 220.0, 'prev_temp': 200.0}
DECISION : ALLOW
------------------------------------------------------------
[SEQ 280] [IEEE-BASELINE]
SCORE    : anomaly_score=19.050
DECISION : ALLOW
------------------------------------------------------------
[SEQ 281] [LAYER 0]
CMD      : M104 S200
TRUST    : acc_cmd=0.000 | acc_exec=0.333 | trust=0.082
DECISION : PAUSE
MACHINE  : Machine-3
------------------------------------------------------------
[SEQ 281] [STATIC-BASELINE]
CMD      : M104 | effects={'M': 104.0, 'S': 200.0, 'prev_temp': 220.0}
DECISION : ALLOW
------------------------------------------------------------
[SEQ 281] [IEEE-BASELINE]
SCORE    : anomaly_score=19.145
DECISION : ALLOW
------------------------------------------------------------
[SEQ 282] [LAYER 0]
CMD      : M104 S220
TRUST    : acc_cmd=0.000 | acc_exec=0.333 | trust=0.082
DECISION : PAUSE
MACHINE  : Machine-3
------------------------------------------------------------
[SEQ 282] [STATIC-BASELINE]
CMD      : M104 | effects={'M': 104.0, 'S': 220.0, 'prev_temp': 200.0}
DECISION : ALLOW
------------------------------------------------------------
[SEQ 282] [IEEE-BASELINE]
SCORE    : anomaly_score=19.230
DECISION : ALLOW
------------------------------------------------------------
[SEQ 283] [LAYER 0]
CMD      : M104 S200
TRUST    : acc_cmd=0.000 | acc_exec=0.333 | trust=0.082
DECISION : PAUSE
MACHINE  : Machine-3
------------------------------------------------------------
[SEQ 283] [STATIC-BASELINE]
CMD      : M104 | effects={'M': 104.0, 'S': 200.0, 'prev_temp': 220.0}
DECISION : ALLOW
------------------------------------------------------------
[SEQ 283] [IEEE-BASELINE]
SCORE    : anomaly_score=19.307
DECISION : ALLOW
------------------------------------------------------------
[SEQ 284] [LAYER 0]
CMD      : M104 S220
TRUST    : acc_cmd=0.000 | acc_exec=0.333 | trust=0.082
DECISION : PAUSE
MACHINE  : Machine-3
------------------------------------------------------------
[SEQ 284] [STATIC-BASELINE]
CMD      : M104 | effects={'M': 104.0, 'S': 220.0, 'prev_temp': 200.0}
DECISION : ALLOW
------------------------------------------------------------
[SEQ 284] [IEEE-BASELINE]
SCORE    : anomaly_score=19.376
DECISION : ALLOW
------------------------------------------------------------
[SEQ 285] [LAYER 0]
CMD      : M104 S200
TRUST    : acc_cmd=0.000 | acc_exec=0.333 | trust=0.082
DECISION : PAUSE
MACHINE  : Machine-3
------------------------------------------------------------
[SEQ 285] [STATIC-BASELINE]
CMD      : M104 | effects={'M': 104.0, 'S': 200.0, 'prev_temp': 220.0}
DECISION : ALLOW
------------------------------------------------------------
[SEQ 285] [IEEE-BASELINE]
SCORE    : anomaly_score=19.439
DECISION : ALLOW
------------------------------------------------------------
[SEQ 286] [LAYER 0]
CMD      : M104 S220
TRUST    : acc_cmd=0.000 | acc_exec=0.333 | trust=0.082
DECISION : PAUSE
MACHINE  : Machine-3
------------------------------------------------------------
[SEQ 286] [STATIC-BASELINE]
CMD      : M104 | effects={'M': 104.0, 'S': 220.0, 'prev_temp': 200.0}
DECISION : ALLOW
------------------------------------------------------------
[SEQ 286] [IEEE-BASELINE]
SCORE    : anomaly_score=19.495
DECISION : ALLOW
------------------------------------------------------------
[SEQ 287] [LAYER 0]
CMD      : M104 S200
TRUST    : acc_cmd=0.000 | acc_exec=0.333 | trust=0.082
DECISION : PAUSE
MACHINE  : Machine-3
------------------------------------------------------------
[SEQ 287] [STATIC-BASELINE]
CMD      : M104 | effects={'M': 104.0, 'S': 200.0, 'prev_temp': 220.0}
DECISION : ALLOW
------------------------------------------------------------
[SEQ 287] [IEEE-BASELINE]
SCORE    : anomaly_score=19.545
DECISION : ALLOW
------------------------------------------------------------
[SEQ 288] [LAYER 0]
CMD      : M104 S220
TRUST    : acc_cmd=0.000 | acc_exec=0.333 | trust=0.082
DECISION : PAUSE
MACHINE  : Machine-3
------------------------------------------------------------
[SEQ 288] [STATIC-BASELINE]
CMD      : M104 | effects={'M': 104.0, 'S': 220.0, 'prev_temp': 200.0}
DECISION : ALLOW
------------------------------------------------------------
[SEQ 288] [IEEE-BASELINE]
SCORE    : anomaly_score=19.591
DECISION : ALLOW
------------------------------------------------------------
[SEQ 289] [LAYER 0]
CMD      : M104 S200
TRUST    : acc_cmd=0.000 | acc_exec=0.333 | trust=0.082
DECISION : PAUSE
MACHINE  : Machine-3
------------------------------------------------------------
[SEQ 289] [STATIC-BASELINE]
CMD      : M104 | effects={'M': 104.0, 'S': 200.0, 'prev_temp': 220.0}
DECISION : ALLOW
------------------------------------------------------------
[SEQ 289] [IEEE-BASELINE]
SCORE    : anomaly_score=19.632
DECISION : ALLOW
------------------------------------------------------------
[SEQ 290] [LAYER 0]
CMD      : M104 S220
TRUST    : acc_cmd=0.000 | acc_exec=0.333 | trust=0.082
DECISION : PAUSE
MACHINE  : Machine-3
------------------------------------------------------------
[SEQ 290] [STATIC-BASELINE]
CMD      : M104 | effects={'M': 104.0, 'S': 220.0, 'prev_temp': 200.0}
DECISION : ALLOW
------------------------------------------------------------
[SEQ 290] [IEEE-BASELINE]
SCORE    : anomaly_score=19.669
DECISION : ALLOW
------------------------------------------------------------
[SEQ 291] [LAYER 0]
CMD      : M104 S200
TRUST    : acc_cmd=0.000 | acc_exec=0.333 | trust=0.082
DECISION : PAUSE
MACHINE  : Machine-3
------------------------------------------------------------
[SEQ 291] [STATIC-BASELINE]
CMD      : M104 | effects={'M': 104.0, 'S': 200.0, 'prev_temp': 220.0}
DECISION : ALLOW
------------------------------------------------------------
[SEQ 291] [IEEE-BASELINE]
SCORE    : anomaly_score=19.702
DECISION : ALLOW
------------------------------------------------------------
[SEQ 292] [LAYER 0]
CMD      : M104 S220
TRUST    : acc_cmd=0.000 | acc_exec=0.333 | trust=0.082
DECISION : PAUSE
MACHINE  : Machine-3
------------------------------------------------------------
[SEQ 292] [STATIC-BASELINE]
CMD      : M104 | effects={'M': 104.0, 'S': 220.0, 'prev_temp': 200.0}
DECISION : ALLOW
------------------------------------------------------------
[SEQ 292] [IEEE-BASELINE]
SCORE    : anomaly_score=19.732
DECISION : ALLOW
------------------------------------------------------------
[SEQ 293] [LAYER 0]
CMD      : M104 S200
TRUST    : acc_cmd=0.000 | acc_exec=0.333 | trust=0.082
DECISION : PAUSE
MACHINE  : Machine-3
------------------------------------------------------------
[SEQ 293] [STATIC-BASELINE]
CMD      : M104 | effects={'M': 104.0, 'S': 200.0, 'prev_temp': 220.0}
DECISION : ALLOW
------------------------------------------------------------
[SEQ 293] [IEEE-BASELINE]
SCORE    : anomaly_score=19.758
DECISION : ALLOW
------------------------------------------------------------
[SEQ 294] [LAYER 0]
CMD      : M104 S220
TRUST    : acc_cmd=0.000 | acc_exec=0.333 | trust=0.082
DECISION : PAUSE
MACHINE  : Machine-3
------------------------------------------------------------
[SEQ 294] [STATIC-BASELINE]
CMD      : M104 | effects={'M': 104.0, 'S': 220.0, 'prev_temp': 200.0}
DECISION : ALLOW
------------------------------------------------------------
[SEQ 294] [IEEE-BASELINE]
SCORE    : anomaly_score=19.783
DECISION : ALLOW
------------------------------------------------------------
[SEQ 295] [LAYER 0]
CMD      : M104 S200
TRUST    : acc_cmd=0.000 | acc_exec=0.333 | trust=0.082
DECISION : PAUSE
MACHINE  : Machine-3
------------------------------------------------------------
[SEQ 295] [STATIC-BASELINE]
CMD      : M104 | effects={'M': 104.0, 'S': 200.0, 'prev_temp': 220.0}
DECISION : ALLOW
------------------------------------------------------------
[SEQ 295] [IEEE-BASELINE]
SCORE    : anomaly_score=19.804
DECISION : ALLOW
------------------------------------------------------------
[SEQ 296] [LAYER 0]
CMD      : M104 S220
TRUST    : acc_cmd=0.000 | acc_exec=0.333 | trust=0.082
DECISION : PAUSE
MACHINE  : Machine-3
------------------------------------------------------------
[SEQ 296] [STATIC-BASELINE]
CMD      : M104 | effects={'M': 104.0, 'S': 220.0, 'prev_temp': 200.0}
DECISION : ALLOW
------------------------------------------------------------
[SEQ 296] [IEEE-BASELINE]
SCORE    : anomaly_score=19.824
DECISION : ALLOW
------------------------------------------------------------
[SEQ 297] [LAYER 0]
CMD      : M104 S200
TRUST    : acc_cmd=0.000 | acc_exec=0.333 | trust=0.082
DECISION : PAUSE
MACHINE  : Machine-3
------------------------------------------------------------
[SEQ 297] [STATIC-BASELINE]
CMD      : M104 | effects={'M': 104.0, 'S': 200.0, 'prev_temp': 220.0}
DECISION : ALLOW
------------------------------------------------------------
[SEQ 297] [IEEE-BASELINE]
SCORE    : anomaly_score=19.841
DECISION : ALLOW
------------------------------------------------------------
[SEQ 298] [LAYER 0]
CMD      : M104 S220
TRUST    : acc_cmd=0.000 | acc_exec=0.333 | trust=0.082
DECISION : PAUSE
MACHINE  : Machine-3
------------------------------------------------------------
[SEQ 298] [STATIC-BASELINE]
CMD      : M104 | effects={'M': 104.0, 'S': 220.0, 'prev_temp': 200.0}
DECISION : ALLOW
------------------------------------------------------------
[SEQ 298] [IEEE-BASELINE]
SCORE    : anomaly_score=19.857
DECISION : ALLOW
------------------------------------------------------------
[SEQ 299] [LAYER 0]
CMD      : M104 S200
TRUST    : acc_cmd=0.000 | acc_exec=0.333 | trust=0.082
DECISION : PAUSE
MACHINE  : Machine-3
------------------------------------------------------------
[SEQ 299] [STATIC-BASELINE]
CMD      : M104 | effects={'M': 104.0, 'S': 200.0, 'prev_temp': 220.0}
DECISION : ALLOW
------------------------------------------------------------
[SEQ 299] [IEEE-BASELINE]
SCORE    : anomaly_score=19.872
DECISION : ALLOW
------------------------------------------------------------
[SEQ 300] [LAYER 0]
CMD      : M104 S220
TRUST    : acc_cmd=0.000 | acc_exec=0.333 | trust=0.082
DECISION : PAUSE
MACHINE  : Machine-3
------------------------------------------------------------
[SEQ 300] [STATIC-BASELINE]
CMD      : M104 | effects={'M': 104.0, 'S': 220.0, 'prev_temp': 200.0}
DECISION : ALLOW
------------------------------------------------------------
[SEQ 300] [IEEE-BASELINE]
SCORE    : anomaly_score=19.884
DECISION : ALLOW
------------------------------------------------------------
[SEQ 301] [LAYER 0]
CMD      : M104 S200
TRUST    : acc_cmd=0.000 | acc_exec=0.333 | trust=0.082
DECISION : PAUSE
MACHINE  : Machine-3
------------------------------------------------------------
[SEQ 301] [STATIC-BASELINE]
CMD      : M104 | effects={'M': 104.0, 'S': 200.0, 'prev_temp': 220.0}
DECISION : ALLOW
------------------------------------------------------------
[SEQ 301] [IEEE-BASELINE]
SCORE    : anomaly_score=19.896
DECISION : ALLOW
------------------------------------------------------------
[SEQ 302] [LAYER 0]
CMD      : M104 S220
TRUST    : acc_cmd=0.000 | acc_exec=0.333 | trust=0.082
DECISION : PAUSE
MACHINE  : Machine-3
------------------------------------------------------------
[SEQ 302] [STATIC-BASELINE]
CMD      : M104 | effects={'M': 104.0, 'S': 220.0, 'prev_temp': 200.0}
DECISION : ALLOW
------------------------------------------------------------
[SEQ 302] [IEEE-BASELINE]
SCORE    : anomaly_score=19.906
DECISION : ALLOW
------------------------------------------------------------
[SEQ 303] [LAYER 0]
CMD      : M104 S200
TRUST    : acc_cmd=0.000 | acc_exec=0.333 | trust=0.082
DECISION : PAUSE
MACHINE  : Machine-3
------------------------------------------------------------
[SEQ 303] [STATIC-BASELINE]
CMD      : M104 | effects={'M': 104.0, 'S': 200.0, 'prev_temp': 220.0}
DECISION : ALLOW
------------------------------------------------------------
[SEQ 303] [IEEE-BASELINE]
SCORE    : anomaly_score=19.916
DECISION : ALLOW
------------------------------------------------------------
[SEQ 304] [LAYER 0]
CMD      : G1 X169.367 Y122.025 E8.55558
TRUST    : acc_cmd=0.000 | acc_exec=0.000 | trust=0.167
DECISION : PAUSE
MACHINE  : Machine-3
------------------------------------------------------------
[SEQ 304] [STATIC-BASELINE]
CMD      : G1 | effects={'dx': 9.371999999999986, 'dy': 4.471000000000004, 'dz': 0.0, 'de': 0.8995800000000012, 'xy_dist': 10.383844422948552, 'params': {'G': 1.0, 'X': 169.367, 'Y': 122.025, 'E': 8.55558}}
DECISION : ALLOW
------------------------------------------------------------
[SEQ 304] [IEEE-BASELINE]
SCORE    : anomaly_score=17.924
DECISION : ALLOW
------------------------------------------------------------
[SEQ 305] [LAYER 0]
CMD      : M104 S220
TRUST    : acc_cmd=0.000 | acc_exec=0.333 | trust=0.156
DECISION : PAUSE
MACHINE  : Machine-3
------------------------------------------------------------
[SEQ 305] [STATIC-BASELINE]
CMD      : M104 | effects={'M': 104.0, 'S': 220.0, 'prev_temp': 200.0}
DECISION : ALLOW
------------------------------------------------------------
[SEQ 305] [IEEE-BASELINE]
SCORE    : anomaly_score=18.132
DECISION : ALLOW
------------------------------------------------------------
[SEQ 306] [LAYER 0]
CMD      : M104 S200
TRUST    : acc_cmd=0.000 | acc_exec=0.333 | trust=0.133
DECISION : PAUSE
MACHINE  : Machine-3
------------------------------------------------------------
[SEQ 306] [STATIC-BASELINE]
CMD      : M104 | effects={'M': 104.0, 'S': 200.0, 'prev_temp': 220.0}
DECISION : ALLOW
------------------------------------------------------------
[SEQ 306] [IEEE-BASELINE]
SCORE    : anomaly_score=18.319
DECISION : ALLOW
------------------------------------------------------------
[SEQ 307] [LAYER 0]
CMD      : M104 S220
TRUST    : acc_cmd=0.000 | acc_exec=0.333 | trust=0.114
DECISION : PAUSE
MACHINE  : Machine-3
------------------------------------------------------------
[SEQ 307] [STATIC-BASELINE]
CMD      : M104 | effects={'M': 104.0, 'S': 220.0, 'prev_temp': 200.0}
DECISION : ALLOW
------------------------------------------------------------
[SEQ 307] [IEEE-BASELINE]
SCORE    : anomaly_score=18.487
DECISION : ALLOW
------------------------------------------------------------
[SEQ 308] [LAYER 0]
CMD      : M104 S200
TRUST    : acc_cmd=0.000 | acc_exec=0.333 | trust=0.102
DECISION : PAUSE
MACHINE  : Machine-3
------------------------------------------------------------
[SEQ 308] [STATIC-BASELINE]
CMD      : M104 | effects={'M': 104.0, 'S': 200.0, 'prev_temp': 220.0}
DECISION : ALLOW
------------------------------------------------------------
[SEQ 308] [IEEE-BASELINE]
SCORE    : anomaly_score=18.638
DECISION : ALLOW
------------------------------------------------------------
[SEQ 309] [LAYER 0]
CMD      : M104 S220
TRUST    : acc_cmd=0.000 | acc_exec=0.333 | trust=0.094
DECISION : PAUSE
MACHINE  : Machine-3
------------------------------------------------------------
[SEQ 309] [STATIC-BASELINE]
CMD      : M104 | effects={'M': 104.0, 'S': 220.0, 'prev_temp': 200.0}
DECISION : ALLOW
------------------------------------------------------------
[SEQ 309] [IEEE-BASELINE]
SCORE    : anomaly_score=18.774
DECISION : ALLOW
------------------------------------------------------------
[SEQ 310] [LAYER 0]
CMD      : M104 S200
TRUST    : acc_cmd=0.000 | acc_exec=0.333 | trust=0.089
DECISION : PAUSE
MACHINE  : Machine-3
------------------------------------------------------------
[SEQ 310] [STATIC-BASELINE]
CMD      : M104 | effects={'M': 104.0, 'S': 200.0, 'prev_temp': 220.0}
DECISION : ALLOW
------------------------------------------------------------
[SEQ 310] [IEEE-BASELINE]
SCORE    : anomaly_score=18.897
DECISION : ALLOW
------------------------------------------------------------
[SEQ 311] [LAYER 0]
CMD      : M104 S220
TRUST    : acc_cmd=0.000 | acc_exec=0.333 | trust=0.086
DECISION : PAUSE
MACHINE  : Machine-3
------------------------------------------------------------
[SEQ 311] [STATIC-BASELINE]
CMD      : M104 | effects={'M': 104.0, 'S': 220.0, 'prev_temp': 200.0}
DECISION : ALLOW
------------------------------------------------------------
[SEQ 311] [IEEE-BASELINE]
SCORE    : anomaly_score=19.007
DECISION : ALLOW
------------------------------------------------------------
[SEQ 312] [LAYER 0]
CMD      : M104 S200
TRUST    : acc_cmd=0.000 | acc_exec=0.333 | trust=0.085
DECISION : PAUSE
MACHINE  : Machine-3
------------------------------------------------------------
[SEQ 312] [STATIC-BASELINE]
CMD      : M104 | effects={'M': 104.0, 'S': 200.0, 'prev_temp': 220.0}
DECISION : ALLOW
------------------------------------------------------------
[SEQ 312] [IEEE-BASELINE]
SCORE    : anomaly_score=19.106
DECISION : ALLOW
------------------------------------------------------------
[SEQ 313] [LAYER 0]
CMD      : M104 S220
TRUST    : acc_cmd=0.000 | acc_exec=0.333 | trust=0.084
DECISION : PAUSE
MACHINE  : Machine-3
------------------------------------------------------------
[SEQ 313] [STATIC-BASELINE]
CMD      : M104 | effects={'M': 104.0, 'S': 220.0, 'prev_temp': 200.0}
DECISION : ALLOW
------------------------------------------------------------
[SEQ 313] [IEEE-BASELINE]
SCORE    : anomaly_score=19.196
DECISION : ALLOW
------------------------------------------------------------
[SEQ 314] [LAYER 0]
CMD      : M104 S200
TRUST    : acc_cmd=0.000 | acc_exec=0.333 | trust=0.083
DECISION : PAUSE
MACHINE  : Machine-3
------------------------------------------------------------
[SEQ 314] [STATIC-BASELINE]
CMD      : M104 | effects={'M': 104.0, 'S': 200.0, 'prev_temp': 220.0}
DECISION : ALLOW
------------------------------------------------------------
[SEQ 314] [IEEE-BASELINE]
SCORE    : anomaly_score=19.276
DECISION : ALLOW
------------------------------------------------------------
[SEQ 315] [LAYER 0]
CMD      : M104 S220
TRUST    : acc_cmd=0.000 | acc_exec=0.333 | trust=0.083
DECISION : PAUSE
MACHINE  : Machine-3
------------------------------------------------------------
[SEQ 315] [STATIC-BASELINE]
CMD      : M104 | effects={'M': 104.0, 'S': 220.0, 'prev_temp': 200.0}
DECISION : ALLOW
------------------------------------------------------------
[SEQ 315] [IEEE-BASELINE]
SCORE    : anomaly_score=19.349
DECISION : ALLOW
------------------------------------------------------------
[SEQ 316] [LAYER 0]
CMD      : M104 S200
TRUST    : acc_cmd=0.000 | acc_exec=0.333 | trust=0.082
DECISION : PAUSE
MACHINE  : Machine-3
------------------------------------------------------------
[SEQ 316] [STATIC-BASELINE]
CMD      : M104 | effects={'M': 104.0, 'S': 200.0, 'prev_temp': 220.0}
DECISION : ALLOW
------------------------------------------------------------
[SEQ 316] [IEEE-BASELINE]
SCORE    : anomaly_score=19.414
DECISION : ALLOW
------------------------------------------------------------
[SEQ 317] [LAYER 0]
CMD      : M104 S220
TRUST    : acc_cmd=0.000 | acc_exec=0.333 | trust=0.082
DECISION : PAUSE
MACHINE  : Machine-3
------------------------------------------------------------
[SEQ 317] [STATIC-BASELINE]
CMD      : M104 | effects={'M': 104.0, 'S': 220.0, 'prev_temp': 200.0}
DECISION : ALLOW
------------------------------------------------------------
[SEQ 317] [IEEE-BASELINE]
SCORE    : anomaly_score=19.472
DECISION : ALLOW
------------------------------------------------------------
[SEQ 318] [LAYER 0]
CMD      : M104 S200
TRUST    : acc_cmd=0.000 | acc_exec=0.333 | trust=0.082
DECISION : PAUSE
MACHINE  : Machine-3
------------------------------------------------------------
[SEQ 318] [STATIC-BASELINE]
CMD      : M104 | effects={'M': 104.0, 'S': 200.0, 'prev_temp': 220.0}
DECISION : ALLOW
------------------------------------------------------------
[SEQ 318] [IEEE-BASELINE]
SCORE    : anomaly_score=19.525
DECISION : ALLOW
------------------------------------------------------------
[SEQ 319] [LAYER 0]
CMD      : M104 S220
TRUST    : acc_cmd=0.000 | acc_exec=0.333 | trust=0.082
DECISION : PAUSE
MACHINE  : Machine-3
------------------------------------------------------------
[SEQ 319] [STATIC-BASELINE]
CMD      : M104 | effects={'M': 104.0, 'S': 220.0, 'prev_temp': 200.0}
DECISION : ALLOW
------------------------------------------------------------
[SEQ 319] [IEEE-BASELINE]
SCORE    : anomaly_score=19.573
DECISION : ALLOW
------------------------------------------------------------
[SEQ 320] [LAYER 0]
CMD      : M104 S200
TRUST    : acc_cmd=0.000 | acc_exec=0.333 | trust=0.082
DECISION : PAUSE
MACHINE  : Machine-3
------------------------------------------------------------
[SEQ 320] [STATIC-BASELINE]
CMD      : M104 | effects={'M': 104.0, 'S': 200.0, 'prev_temp': 220.0}
DECISION : ALLOW
------------------------------------------------------------
[SEQ 320] [IEEE-BASELINE]
SCORE    : anomaly_score=19.615
DECISION : ALLOW
------------------------------------------------------------
[SEQ 321] [LAYER 0]
CMD      : M104 S220
TRUST    : acc_cmd=0.000 | acc_exec=0.333 | trust=0.082
DECISION : PAUSE
MACHINE  : Machine-3
------------------------------------------------------------
[SEQ 321] [STATIC-BASELINE]
CMD      : M104 | effects={'M': 104.0, 'S': 220.0, 'prev_temp': 200.0}
DECISION : ALLOW
------------------------------------------------------------
[SEQ 321] [IEEE-BASELINE]
SCORE    : anomaly_score=19.654
DECISION : ALLOW
------------------------------------------------------------
[SEQ 322] [LAYER 0]
CMD      : M104 S200
TRUST    : acc_cmd=0.000 | acc_exec=0.333 | trust=0.082
DECISION : PAUSE
MACHINE  : Machine-3
------------------------------------------------------------
[SEQ 322] [STATIC-BASELINE]
CMD      : M104 | effects={'M': 104.0, 'S': 200.0, 'prev_temp': 220.0}
DECISION : ALLOW
------------------------------------------------------------
[SEQ 322] [IEEE-BASELINE]
SCORE    : anomaly_score=19.688
DECISION : ALLOW
------------------------------------------------------------
[SEQ 323] [LAYER 0]
CMD      : M104 S220
TRUST    : acc_cmd=0.000 | acc_exec=0.333 | trust=0.082
DECISION : PAUSE
MACHINE  : Machine-3
------------------------------------------------------------
[SEQ 323] [STATIC-BASELINE]
CMD      : M104 | effects={'M': 104.0, 'S': 220.0, 'prev_temp': 200.0}
DECISION : ALLOW
------------------------------------------------------------
[SEQ 323] [IEEE-BASELINE]
SCORE    : anomaly_score=19.720
DECISION : ALLOW
------------------------------------------------------------
[SEQ 324] [LAYER 0]
CMD      : M104 S200
TRUST    : acc_cmd=0.000 | acc_exec=0.333 | trust=0.082
DECISION : PAUSE
MACHINE  : Machine-3
------------------------------------------------------------
[SEQ 324] [STATIC-BASELINE]
CMD      : M104 | effects={'M': 104.0, 'S': 200.0, 'prev_temp': 220.0}
DECISION : ALLOW
------------------------------------------------------------
[SEQ 324] [IEEE-BASELINE]
SCORE    : anomaly_score=19.748
DECISION : ALLOW
------------------------------------------------------------
[SEQ 325] [LAYER 0]
CMD      : M104 S220
TRUST    : acc_cmd=0.000 | acc_exec=0.333 | trust=0.082
DECISION : PAUSE
MACHINE  : Machine-3
------------------------------------------------------------
[SEQ 325] [STATIC-BASELINE]
CMD      : M104 | effects={'M': 104.0, 'S': 220.0, 'prev_temp': 200.0}
DECISION : ALLOW
------------------------------------------------------------
[SEQ 325] [IEEE-BASELINE]
SCORE    : anomaly_score=19.773
DECISION : ALLOW
------------------------------------------------------------
[SEQ 326] [LAYER 0]
CMD      : M104 S200
TRUST    : acc_cmd=0.000 | acc_exec=0.333 | trust=0.082
DECISION : PAUSE
MACHINE  : Machine-3
------------------------------------------------------------
[SEQ 326] [STATIC-BASELINE]
CMD      : M104 | effects={'M': 104.0, 'S': 200.0, 'prev_temp': 220.0}
DECISION : ALLOW
------------------------------------------------------------
[SEQ 326] [IEEE-BASELINE]
SCORE    : anomaly_score=19.796
DECISION : ALLOW
------------------------------------------------------------
[SEQ 327] [LAYER 0]
CMD      : M104 S220
TRUST    : acc_cmd=0.000 | acc_exec=0.333 | trust=0.082
DECISION : PAUSE
MACHINE  : Machine-3
------------------------------------------------------------
[SEQ 327] [STATIC-BASELINE]
CMD      : M104 | effects={'M': 104.0, 'S': 220.0, 'prev_temp': 200.0}
DECISION : ALLOW
------------------------------------------------------------
[SEQ 327] [IEEE-BASELINE]
SCORE    : anomaly_score=19.816
DECISION : ALLOW
------------------------------------------------------------
[SEQ 328] [LAYER 0]
CMD      : M104 S200
TRUST    : acc_cmd=0.000 | acc_exec=0.333 | trust=0.082
DECISION : PAUSE
MACHINE  : Machine-3
------------------------------------------------------------
[SEQ 328] [STATIC-BASELINE]
CMD      : M104 | effects={'M': 104.0, 'S': 200.0, 'prev_temp': 220.0}
DECISION : ALLOW
------------------------------------------------------------
[SEQ 328] [IEEE-BASELINE]
SCORE    : anomaly_score=19.834
DECISION : ALLOW
------------------------------------------------------------
[SEQ 329] [LAYER 0]
CMD      : G1 X167.442 Y123.646 E9.14575
TRUST    : acc_cmd=0.000 | acc_exec=0.954 | trust=0.040
DECISION : PAUSE
MACHINE  : Machine-3
------------------------------------------------------------
[SEQ 329] [STATIC-BASELINE]
CMD      : G1 | effects={'dx': -1.924999999999983, 'dy': 1.6209999999999951, 'dz': 0.0, 'de': 0.5901699999999988, 'xy_dist': 2.516598100611204, 'params': {'G': 1.0, 'X': 167.442, 'Y': 123.646, 'E': 9.14575}}
DECISION : ALLOW
------------------------------------------------------------
[SEQ 329] [IEEE-BASELINE]
SCORE    : anomaly_score=17.851
DECISION : ALLOW
------------------------------------------------------------
[SEQ 330] [LAYER 0]
CMD      : M104 S220
TRUST    : acc_cmd=0.000 | acc_exec=0.333 | trust=0.032
DECISION : PAUSE
MACHINE  : Machine-3
------------------------------------------------------------
[SEQ 330] [STATIC-BASELINE]
CMD      : M104 | effects={'M': 104.0, 'S': 220.0, 'prev_temp': 200.0}
DECISION : ALLOW
------------------------------------------------------------
[SEQ 330] [IEEE-BASELINE]
SCORE    : anomaly_score=18.066
DECISION : ALLOW
------------------------------------------------------------
[SEQ 331] [LAYER 0]
CMD      : M104 S200
TRUST    : acc_cmd=0.000 | acc_exec=0.333 | trust=0.038
DECISION : PAUSE
MACHINE  : Machine-3
------------------------------------------------------------
[SEQ 331] [STATIC-BASELINE]
CMD      : M104 | effects={'M': 104.0, 'S': 200.0, 'prev_temp': 220.0}
DECISION : ALLOW
------------------------------------------------------------
[SEQ 331] [IEEE-BASELINE]
SCORE    : anomaly_score=18.259
DECISION : ALLOW
------------------------------------------------------------
[SEQ 332] [LAYER 0]
CMD      : M104 S220
TRUST    : acc_cmd=0.000 | acc_exec=0.333 | trust=0.048
DECISION : PAUSE
MACHINE  : Machine-3
------------------------------------------------------------
[SEQ 332] [STATIC-BASELINE]
CMD      : M104 | effects={'M': 104.0, 'S': 220.0, 'prev_temp': 200.0}
DECISION : ALLOW
------------------------------------------------------------
[SEQ 332] [IEEE-BASELINE]
SCORE    : anomaly_score=18.433
DECISION : ALLOW
------------------------------------------------------------
[SEQ 333] [LAYER 0]
CMD      : M104 S200
TRUST    : acc_cmd=0.000 | acc_exec=0.333 | trust=0.058
DECISION : PAUSE
MACHINE  : Machine-3
------------------------------------------------------------
[SEQ 333] [STATIC-BASELINE]
CMD      : M104 | effects={'M': 104.0, 'S': 200.0, 'prev_temp': 220.0}
DECISION : ALLOW
------------------------------------------------------------
[SEQ 333] [IEEE-BASELINE]
SCORE    : anomaly_score=18.590
DECISION : ALLOW
------------------------------------------------------------
[SEQ 334] [LAYER 0]
CMD      : M104 S220
TRUST    : acc_cmd=0.000 | acc_exec=0.333 | trust=0.066
DECISION : PAUSE
MACHINE  : Machine-3
------------------------------------------------------------
[SEQ 334] [STATIC-BASELINE]
CMD      : M104 | effects={'M': 104.0, 'S': 220.0, 'prev_temp': 200.0}
DECISION : ALLOW
------------------------------------------------------------
[SEQ 334] [IEEE-BASELINE]
SCORE    : anomaly_score=18.731
DECISION : ALLOW
------------------------------------------------------------
[SEQ 335] [LAYER 0]
CMD      : M104 S200
TRUST    : acc_cmd=0.000 | acc_exec=0.333 | trust=0.071
DECISION : PAUSE
MACHINE  : Machine-3
------------------------------------------------------------
[SEQ 335] [STATIC-BASELINE]
CMD      : M104 | effects={'M': 104.0, 'S': 200.0, 'prev_temp': 220.0}
DECISION : ALLOW
------------------------------------------------------------
[SEQ 335] [IEEE-BASELINE]
SCORE    : anomaly_score=18.858
DECISION : ALLOW
------------------------------------------------------------
[SEQ 336] [LAYER 0]
CMD      : G1 X160.647 Y120.658 E9.31217
TRUST    : acc_cmd=0.000 | acc_exec=0.000 | trust=0.156
DECISION : PAUSE
MACHINE  : Machine-3
------------------------------------------------------------
[SEQ 336] [STATIC-BASELINE]
CMD      : G1 | effects={'dx': -6.795000000000016, 'dy': -2.9879999999999995, 'dz': 0.0, 'de': 0.16642000000000046, 'xy_dist': 7.422948807583158, 'params': {'G': 1.0, 'X': 160.647, 'Y': 120.658, 'E': 9.31217}}
DECISION : ALLOW
------------------------------------------------------------
[SEQ 336] [IEEE-BASELINE]
SCORE    : anomaly_score=16.972
DECISION : ALLOW
------------------------------------------------------------
[SEQ 337] [LAYER 0]
CMD      : M104 S220
TRUST    : acc_cmd=0.000 | acc_exec=0.333 | trust=0.149
DECISION : PAUSE
MACHINE  : Machine-3
------------------------------------------------------------
[SEQ 337] [STATIC-BASELINE]
CMD      : M104 | effects={'M': 104.0, 'S': 220.0, 'prev_temp': 200.0}
DECISION : ALLOW
------------------------------------------------------------
[SEQ 337] [IEEE-BASELINE]
SCORE    : anomaly_score=17.275
DECISION : ALLOW
------------------------------------------------------------
[SEQ 338] [LAYER 0]
CMD      : M104 S200
TRUST    : acc_cmd=0.000 | acc_exec=0.333 | trust=0.129
DECISION : PAUSE
MACHINE  : Machine-3
------------------------------------------------------------
[SEQ 338] [STATIC-BASELINE]
CMD      : M104 | effects={'M': 104.0, 'S': 200.0, 'prev_temp': 220.0}
DECISION : ALLOW
------------------------------------------------------------
[SEQ 338] [IEEE-BASELINE]
SCORE    : anomaly_score=17.547
DECISION : ALLOW
------------------------------------------------------------
[SEQ 339] [LAYER 0]
CMD      : M104 S220
TRUST    : acc_cmd=0.000 | acc_exec=0.333 | trust=0.112
DECISION : PAUSE
MACHINE  : Machine-3
------------------------------------------------------------
[SEQ 339] [STATIC-BASELINE]
CMD      : M104 | effects={'M': 104.0, 'S': 220.0, 'prev_temp': 200.0}
DECISION : ALLOW
------------------------------------------------------------
[SEQ 339] [IEEE-BASELINE]
SCORE    : anomaly_score=17.793
DECISION : ALLOW
------------------------------------------------------------
[SEQ 340] [LAYER 0]
CMD      : M104 S200
TRUST    : acc_cmd=0.000 | acc_exec=0.333 | trust=0.101
DECISION : PAUSE
MACHINE  : Machine-3
------------------------------------------------------------
[SEQ 340] [STATIC-BASELINE]
CMD      : M104 | effects={'M': 104.0, 'S': 200.0, 'prev_temp': 220.0}
DECISION : ALLOW
------------------------------------------------------------
[SEQ 340] [IEEE-BASELINE]
SCORE    : anomaly_score=18.013
DECISION : ALLOW
------------------------------------------------------------
[SEQ 341] [LAYER 0]
CMD      : M104 S220
TRUST    : acc_cmd=0.000 | acc_exec=0.333 | trust=0.093
DECISION : PAUSE
MACHINE  : Machine-3
------------------------------------------------------------
[SEQ 341] [STATIC-BASELINE]
CMD      : M104 | effects={'M': 104.0, 'S': 220.0, 'prev_temp': 200.0}
DECISION : ALLOW
------------------------------------------------------------
[SEQ 341] [IEEE-BASELINE]
SCORE    : anomaly_score=18.212
DECISION : ALLOW
------------------------------------------------------------
[SEQ 342] [LAYER 0]
CMD      : G1 X163.608 Y116.272 E9.42044
TRUST    : acc_cmd=0.000 | acc_exec=0.000 | trust=0.177
DECISION : PAUSE
MACHINE  : Machine-3
------------------------------------------------------------
[SEQ 342] [STATIC-BASELINE]
CMD      : G1 | effects={'dx': 2.9610000000000127, 'dy': -4.385999999999996, 'dz': 0.0, 'de': 0.1082699999999992, 'xy_dist': 5.291929421298062, 'params': {'G': 1.0, 'X': 163.608, 'Y': 116.272, 'E': 9.42044}}
DECISION : ALLOW
------------------------------------------------------------
[SEQ 342] [IEEE-BASELINE]
SCORE    : anomaly_score=16.391
DECISION : ALLOW
------------------------------------------------------------
[SEQ 343] [LAYER 0]
CMD      : M104 S200
TRUST    : acc_cmd=0.000 | acc_exec=0.333 | trust=0.163
DECISION : PAUSE
MACHINE  : Machine-3
------------------------------------------------------------
[SEQ 343] [STATIC-BASELINE]
CMD      : M104 | effects={'M': 104.0, 'S': 200.0, 'prev_temp': 220.0}
DECISION : ALLOW
------------------------------------------------------------
[SEQ 343] [IEEE-BASELINE]
SCORE    : anomaly_score=16.752
DECISION : ALLOW
------------------------------------------------------------
[SEQ 344] [LAYER 0]
CMD      : G1 X165.422 Y116.024 E9.45517
TRUST    : acc_cmd=0.000 | acc_exec=0.000 | trust=0.260
DECISION : PAUSE
MACHINE  : Machine-3
------------------------------------------------------------
[SEQ 344] [STATIC-BASELINE]
CMD      : G1 | effects={'dx': 1.813999999999993, 'dy': -0.24800000000000466, 'dz': 0.0, 'de': 0.03473000000000148, 'xy_dist': 1.830874108178926, 'params': {'G': 1.0, 'X': 165.422, 'Y': 116.024, 'E': 9.45517}}
DECISION : ALLOW
------------------------------------------------------------
[SEQ 344] [IEEE-BASELINE]
SCORE    : anomaly_score=15.077
DECISION : ALLOW
------------------------------------------------------------
[SEQ 345] [LAYER 0]
CMD      : M104 S220
TRUST    : acc_cmd=0.000 | acc_exec=0.333 | trust=0.217
DECISION : PAUSE
MACHINE  : Machine-3
------------------------------------------------------------
[SEQ 345] [STATIC-BASELINE]
CMD      : M104 | effects={'M': 104.0, 'S': 220.0, 'prev_temp': 200.0}
DECISION : ALLOW
------------------------------------------------------------
[SEQ 345] [IEEE-BASELINE]
SCORE    : anomaly_score=15.569
DECISION : ALLOW
------------------------------------------------------------
[SEQ 346] [LAYER 0]
CMD      : M104 S200
TRUST    : acc_cmd=0.000 | acc_exec=0.333 | trust=0.167
DECISION : PAUSE
MACHINE  : Machine-3
------------------------------------------------------------
[SEQ 346] [STATIC-BASELINE]
CMD      : M104 | effects={'M': 104.0, 'S': 200.0, 'prev_temp': 220.0}
DECISION : ALLOW
------------------------------------------------------------
[SEQ 346] [IEEE-BASELINE]
SCORE    : anomaly_score=16.012
DECISION : ALLOW
------------------------------------------------------------
[SEQ 347] [LAYER 0]
CMD      : M104 S220
TRUST    : acc_cmd=0.000 | acc_exec=0.333 | trust=0.133
DECISION : PAUSE
MACHINE  : Machine-3
------------------------------------------------------------
[SEQ 347] [STATIC-BASELINE]
CMD      : M104 | effects={'M': 104.0, 'S': 220.0, 'prev_temp': 200.0}
DECISION : ALLOW
------------------------------------------------------------
[SEQ 347] [IEEE-BASELINE]
SCORE    : anomaly_score=16.411
DECISION : ALLOW
------------------------------------------------------------
[SEQ 348] [LAYER 0]
CMD      : M104 S200
TRUST    : acc_cmd=0.000 | acc_exec=0.333 | trust=0.112
DECISION : PAUSE
MACHINE  : Machine-3
------------------------------------------------------------
[SEQ 348] [STATIC-BASELINE]
CMD      : M104 | effects={'M': 104.0, 'S': 200.0, 'prev_temp': 220.0}
DECISION : ALLOW
------------------------------------------------------------
[SEQ 348] [IEEE-BASELINE]
SCORE    : anomaly_score=16.770
DECISION : ALLOW
------------------------------------------------------------
[SEQ 349] [LAYER 0]
CMD      : M104 S220
TRUST    : acc_cmd=0.000 | acc_exec=0.333 | trust=0.100
DECISION : PAUSE
MACHINE  : Machine-3
------------------------------------------------------------
[SEQ 349] [STATIC-BASELINE]
CMD      : M104 | effects={'M': 104.0, 'S': 220.0, 'prev_temp': 200.0}
DECISION : ALLOW
------------------------------------------------------------
[SEQ 349] [IEEE-BASELINE]
SCORE    : anomaly_score=17.093
DECISION : ALLOW
------------------------------------------------------------
[SEQ 350] [LAYER 0]
CMD      : M104 S200
TRUST    : acc_cmd=0.000 | acc_exec=0.333 | trust=0.092
DECISION : PAUSE
MACHINE  : Machine-3
------------------------------------------------------------
[SEQ 350] [STATIC-BASELINE]
CMD      : M104 | effects={'M': 104.0, 'S': 200.0, 'prev_temp': 220.0}
DECISION : ALLOW
------------------------------------------------------------
[SEQ 350] [IEEE-BASELINE]
SCORE    : anomaly_score=17.384
DECISION : ALLOW
------------------------------------------------------------
[SEQ 351] [LAYER 0]
CMD      : M104 S220
TRUST    : acc_cmd=0.000 | acc_exec=0.333 | trust=0.088
DECISION : PAUSE
MACHINE  : Machine-3
------------------------------------------------------------
[SEQ 351] [STATIC-BASELINE]
CMD      : M104 | effects={'M': 104.0, 'S': 220.0, 'prev_temp': 200.0}
DECISION : ALLOW
------------------------------------------------------------
[SEQ 351] [IEEE-BASELINE]
SCORE    : anomaly_score=17.645
DECISION : ALLOW
------------------------------------------------------------
[SEQ 352] [LAYER 0]
CMD      : M104 S200
TRUST    : acc_cmd=0.000 | acc_exec=0.333 | trust=0.086
DECISION : PAUSE
MACHINE  : Machine-3
------------------------------------------------------------
[SEQ 352] [STATIC-BASELINE]
CMD      : M104 | effects={'M': 104.0, 'S': 200.0, 'prev_temp': 220.0}
DECISION : ALLOW
------------------------------------------------------------
[SEQ 352] [IEEE-BASELINE]
SCORE    : anomaly_score=17.881
DECISION : ALLOW
------------------------------------------------------------
[SEQ 353] [LAYER 0]
CMD      : M104 S220
TRUST    : acc_cmd=0.000 | acc_exec=0.333 | trust=0.084
DECISION : PAUSE
MACHINE  : Machine-3
------------------------------------------------------------
[SEQ 353] [STATIC-BASELINE]
CMD      : M104 | effects={'M': 104.0, 'S': 220.0, 'prev_temp': 200.0}
DECISION : ALLOW
------------------------------------------------------------
[SEQ 353] [IEEE-BASELINE]
SCORE    : anomaly_score=18.093
DECISION : ALLOW
------------------------------------------------------------
[SEQ 354] [LAYER 0]
CMD      : M104 S200
TRUST    : acc_cmd=0.000 | acc_exec=0.333 | trust=0.083
DECISION : PAUSE
MACHINE  : Machine-3
------------------------------------------------------------
[SEQ 354] [STATIC-BASELINE]
CMD      : M104 | effects={'M': 104.0, 'S': 200.0, 'prev_temp': 220.0}
DECISION : ALLOW
------------------------------------------------------------
[SEQ 354] [IEEE-BASELINE]
SCORE    : anomaly_score=18.283
DECISION : ALLOW
------------------------------------------------------------
[SEQ 355] [LAYER 0]
CMD      : M104 S220
TRUST    : acc_cmd=0.000 | acc_exec=0.333 | trust=0.083
DECISION : PAUSE
MACHINE  : Machine-3
------------------------------------------------------------
[SEQ 355] [STATIC-BASELINE]
CMD      : M104 | effects={'M': 104.0, 'S': 220.0, 'prev_temp': 200.0}
DECISION : ALLOW
------------------------------------------------------------
[SEQ 355] [IEEE-BASELINE]
SCORE    : anomaly_score=18.455
DECISION : ALLOW
------------------------------------------------------------
[SEQ 356] [LAYER 0]
CMD      : M104 S200
TRUST    : acc_cmd=0.000 | acc_exec=0.333 | trust=0.083
DECISION : PAUSE
MACHINE  : Machine-3
------------------------------------------------------------
[SEQ 356] [STATIC-BASELINE]
CMD      : M104 | effects={'M': 104.0, 'S': 200.0, 'prev_temp': 220.0}
DECISION : ALLOW
------------------------------------------------------------
[SEQ 356] [IEEE-BASELINE]
SCORE    : anomaly_score=18.609
DECISION : ALLOW
------------------------------------------------------------
[SEQ 357] [LAYER 0]
CMD      : M104 S220
TRUST    : acc_cmd=0.000 | acc_exec=0.333 | trust=0.082
DECISION : PAUSE
MACHINE  : Machine-3
------------------------------------------------------------
[SEQ 357] [STATIC-BASELINE]
CMD      : M104 | effects={'M': 104.0, 'S': 220.0, 'prev_temp': 200.0}
DECISION : ALLOW
------------------------------------------------------------
[SEQ 357] [IEEE-BASELINE]
SCORE    : anomaly_score=18.749
DECISION : ALLOW
------------------------------------------------------------
[SEQ 358] [LAYER 0]
CMD      : M104 S200
TRUST    : acc_cmd=0.000 | acc_exec=0.333 | trust=0.082
DECISION : PAUSE
MACHINE  : Machine-3
------------------------------------------------------------
[SEQ 358] [STATIC-BASELINE]
CMD      : M104 | effects={'M': 104.0, 'S': 200.0, 'prev_temp': 220.0}
DECISION : ALLOW
------------------------------------------------------------
[SEQ 358] [IEEE-BASELINE]
SCORE    : anomaly_score=18.874
DECISION : ALLOW
------------------------------------------------------------
[SEQ 359] [LAYER 0]
CMD      : M104 S220
TRUST    : acc_cmd=0.000 | acc_exec=0.333 | trust=0.082
DECISION : PAUSE
MACHINE  : Machine-3
------------------------------------------------------------
[SEQ 359] [STATIC-BASELINE]
CMD      : M104 | effects={'M': 104.0, 'S': 220.0, 'prev_temp': 200.0}
DECISION : ALLOW
------------------------------------------------------------
[SEQ 359] [IEEE-BASELINE]
SCORE    : anomaly_score=18.986
DECISION : ALLOW
------------------------------------------------------------
[SEQ 360] [LAYER 0]
CMD      : M104 S200
TRUST    : acc_cmd=0.000 | acc_exec=0.333 | trust=0.082
DECISION : PAUSE
MACHINE  : Machine-3
------------------------------------------------------------
[SEQ 360] [STATIC-BASELINE]
CMD      : M104 | effects={'M': 104.0, 'S': 200.0, 'prev_temp': 220.0}
DECISION : ALLOW
------------------------------------------------------------
[SEQ 360] [IEEE-BASELINE]
SCORE    : anomaly_score=19.088
DECISION : ALLOW
------------------------------------------------------------
[SEQ 361] [LAYER 0]
CMD      : M104 S220
TRUST    : acc_cmd=0.000 | acc_exec=0.333 | trust=0.082
DECISION : PAUSE
MACHINE  : Machine-3
------------------------------------------------------------
[SEQ 361] [STATIC-BASELINE]
CMD      : M104 | effects={'M': 104.0, 'S': 220.0, 'prev_temp': 200.0}
DECISION : ALLOW
------------------------------------------------------------
[SEQ 361] [IEEE-BASELINE]
SCORE    : anomaly_score=19.179
DECISION : ALLOW
------------------------------------------------------------
[SEQ 362] [LAYER 0]
CMD      : M104 S200
TRUST    : acc_cmd=0.000 | acc_exec=0.333 | trust=0.082
DECISION : PAUSE
MACHINE  : Machine-3
------------------------------------------------------------
[SEQ 362] [STATIC-BASELINE]
CMD      : M104 | effects={'M': 104.0, 'S': 200.0, 'prev_temp': 220.0}
DECISION : ALLOW
------------------------------------------------------------
[SEQ 362] [IEEE-BASELINE]
SCORE    : anomaly_score=19.261
DECISION : ALLOW
------------------------------------------------------------
[SEQ 363] [LAYER 0]
CMD      : M104 S220
TRUST    : acc_cmd=0.000 | acc_exec=0.333 | trust=0.082
DECISION : PAUSE
MACHINE  : Machine-3
------------------------------------------------------------
[SEQ 363] [STATIC-BASELINE]
CMD      : M104 | effects={'M': 104.0, 'S': 220.0, 'prev_temp': 200.0}
DECISION : ALLOW
------------------------------------------------------------
[SEQ 363] [IEEE-BASELINE]
SCORE    : anomaly_score=19.335
DECISION : ALLOW
------------------------------------------------------------
[SEQ 364] [LAYER 0]
CMD      : G1 F1800 X162.868 Y117.078 E9.86972
TRUST    : acc_cmd=0.000 | acc_exec=0.250 | trust=0.096
DECISION : PAUSE
MACHINE  : Machine-3
------------------------------------------------------------
[SEQ 364] [STATIC-BASELINE]
CMD      : G1 | effects={'dx': -2.554000000000002, 'dy': 1.054000000000002, 'dz': 0.0, 'de': 0.4145499999999984, 'xy_dist': 2.762939014889763, 'params': {'G': 1.0, 'F': 1800.0, 'X': 162.868, 'Y': 117.078, 'E': 9.86972}}
DECISION : ALLOW
------------------------------------------------------------
[SEQ 364] [IEEE-BASELINE]
SCORE    : anomaly_score=17.401
DECISION : ALLOW
------------------------------------------------------------
[SEQ 365] [LAYER 0]
CMD      : M104 S200
TRUST    : acc_cmd=0.000 | acc_exec=0.333 | trust=0.096
DECISION : PAUSE
MACHINE  : Machine-3
------------------------------------------------------------
[SEQ 365] [STATIC-BASELINE]
CMD      : M104 | effects={'M': 104.0, 'S': 200.0, 'prev_temp': 220.0}
DECISION : ALLOW
------------------------------------------------------------
[SEQ 365] [IEEE-BASELINE]
SCORE    : anomaly_score=17.661
DECISION : ALLOW
------------------------------------------------------------
[SEQ 366] [LAYER 0]
CMD      : M104 S220
TRUST    : acc_cmd=0.000 | acc_exec=0.333 | trust=0.092
DECISION : PAUSE
MACHINE  : Machine-3
------------------------------------------------------------
[SEQ 366] [STATIC-BASELINE]
CMD      : M104 | effects={'M': 104.0, 'S': 220.0, 'prev_temp': 200.0}
DECISION : ALLOW
------------------------------------------------------------
[SEQ 366] [IEEE-BASELINE]
SCORE    : anomaly_score=17.895
DECISION : ALLOW
------------------------------------------------------------
[SEQ 367] [LAYER 0]
CMD      : M104 S200
TRUST    : acc_cmd=0.000 | acc_exec=0.333 | trust=0.089
DECISION : PAUSE
MACHINE  : Machine-3
------------------------------------------------------------
[SEQ 367] [STATIC-BASELINE]
CMD      : M104 | effects={'M': 104.0, 'S': 200.0, 'prev_temp': 220.0}
DECISION : ALLOW
------------------------------------------------------------
[SEQ 367] [IEEE-BASELINE]
SCORE    : anomaly_score=18.106
DECISION : ALLOW
------------------------------------------------------------
[SEQ 368] [LAYER 0]
CMD      : M104 S220
TRUST    : acc_cmd=0.000 | acc_exec=0.333 | trust=0.086
DECISION : PAUSE
MACHINE  : Machine-3
------------------------------------------------------------
[SEQ 368] [STATIC-BASELINE]
CMD      : M104 | effects={'M': 104.0, 'S': 220.0, 'prev_temp': 200.0}
DECISION : ALLOW
------------------------------------------------------------
[SEQ 368] [IEEE-BASELINE]
SCORE    : anomaly_score=18.295
DECISION : ALLOW
------------------------------------------------------------
[SEQ 369] [LAYER 0]
CMD      : M104 S200
TRUST    : acc_cmd=0.000 | acc_exec=0.333 | trust=0.085
DECISION : PAUSE
MACHINE  : Machine-3
------------------------------------------------------------
[SEQ 369] [STATIC-BASELINE]
CMD      : M104 | effects={'M': 104.0, 'S': 200.0, 'prev_temp': 220.0}
DECISION : ALLOW
------------------------------------------------------------
[SEQ 369] [IEEE-BASELINE]
SCORE    : anomaly_score=18.466
DECISION : ALLOW
------------------------------------------------------------
[SEQ 370] [LAYER 0]
CMD      : M104 S220
TRUST    : acc_cmd=0.000 | acc_exec=0.333 | trust=0.084
DECISION : PAUSE
MACHINE  : Machine-3
------------------------------------------------------------
[SEQ 370] [STATIC-BASELINE]
CMD      : M104 | effects={'M': 104.0, 'S': 220.0, 'prev_temp': 200.0}
DECISION : ALLOW
------------------------------------------------------------
[SEQ 370] [IEEE-BASELINE]
SCORE    : anomaly_score=18.619
DECISION : ALLOW
------------------------------------------------------------
[SEQ 371] [LAYER 0]
CMD      : G1 X168.577 Y119.468 E10.00852
TRUST    : acc_cmd=0.000 | acc_exec=0.000 | trust=0.168
DECISION : PAUSE
MACHINE  : Machine-3
------------------------------------------------------------
[SEQ 371] [STATIC-BASELINE]
CMD      : G1 | effects={'dx': 5.709000000000003, 'dy': 2.3900000000000006, 'dz': 0.0, 'de': 0.1388000000000016, 'xy_dist': 6.189085635213011, 'params': {'G': 1.0, 'X': 168.577, 'Y': 119.468, 'E': 10.00852}}
DECISION : ALLOW
------------------------------------------------------------
[SEQ 371] [IEEE-BASELINE]
SCORE    : anomaly_score=16.757
DECISION : ALLOW
------------------------------------------------------------
[SEQ 372] [LAYER 0]
CMD      : M104 S200
TRUST    : acc_cmd=0.000 | acc_exec=0.333 | trust=0.157
DECISION : PAUSE
MACHINE  : Machine-3
------------------------------------------------------------
[SEQ 372] [STATIC-BASELINE]
CMD      : M104 | effects={'M': 104.0, 'S': 200.0, 'prev_temp': 220.0}
DECISION : ALLOW
------------------------------------------------------------
[SEQ 372] [IEEE-BASELINE]
SCORE    : anomaly_score=17.081
DECISION : ALLOW
------------------------------------------------------------
[SEQ 373] [LAYER 0]
CMD      : M104 S220
TRUST    : acc_cmd=0.000 | acc_exec=0.333 | trust=0.134
DECISION : PAUSE
MACHINE  : Machine-3
------------------------------------------------------------
[SEQ 373] [STATIC-BASELINE]
CMD      : M104 | effects={'M': 104.0, 'S': 220.0, 'prev_temp': 200.0}
DECISION : ALLOW
------------------------------------------------------------
[SEQ 373] [IEEE-BASELINE]
SCORE    : anomaly_score=17.373
DECISION : ALLOW
------------------------------------------------------------
[SEQ 374] [LAYER 0]
CMD      : M104 S200
TRUST    : acc_cmd=0.000 | acc_exec=0.333 | trust=0.115
DECISION : PAUSE
MACHINE  : Machine-3
------------------------------------------------------------
[SEQ 374] [STATIC-BASELINE]
CMD      : M104 | effects={'M': 104.0, 'S': 200.0, 'prev_temp': 220.0}
DECISION : ALLOW
------------------------------------------------------------
[SEQ 374] [IEEE-BASELINE]
SCORE    : anomaly_score=17.636
DECISION : ALLOW
------------------------------------------------------------
[SEQ 375] [LAYER 0]
CMD      : M104 S220
TRUST    : acc_cmd=0.000 | acc_exec=0.333 | trust=0.102
DECISION : PAUSE
MACHINE  : Machine-3
------------------------------------------------------------
[SEQ 375] [STATIC-BASELINE]
CMD      : M104 | effects={'M': 104.0, 'S': 220.0, 'prev_temp': 200.0}
DECISION : ALLOW
------------------------------------------------------------
[SEQ 375] [IEEE-BASELINE]
SCORE    : anomaly_score=17.872
DECISION : ALLOW
------------------------------------------------------------
[SEQ 376] [LAYER 0]
CMD      : M104 S200
TRUST    : acc_cmd=0.000 | acc_exec=0.333 | trust=0.094
DECISION : PAUSE
MACHINE  : Machine-3
------------------------------------------------------------
[SEQ 376] [STATIC-BASELINE]
CMD      : M104 | effects={'M': 104.0, 'S': 200.0, 'prev_temp': 220.0}
DECISION : ALLOW
------------------------------------------------------------
[SEQ 376] [IEEE-BASELINE]
SCORE    : anomaly_score=18.085
DECISION : ALLOW
------------------------------------------------------------
[SEQ 377] [LAYER 0]
CMD      : M104 S220
TRUST    : acc_cmd=0.000 | acc_exec=0.333 | trust=0.089
DECISION : PAUSE
MACHINE  : Machine-3
------------------------------------------------------------
[SEQ 377] [STATIC-BASELINE]
CMD      : M104 | effects={'M': 104.0, 'S': 220.0, 'prev_temp': 200.0}
DECISION : ALLOW
------------------------------------------------------------
[SEQ 377] [IEEE-BASELINE]
SCORE    : anomaly_score=18.277
DECISION : ALLOW
------------------------------------------------------------
[SEQ 378] [LAYER 0]
CMD      : G1 X164.496 Y123.576 E10.13398
TRUST    : acc_cmd=0.000 | acc_exec=0.000 | trust=0.173
DECISION : PAUSE
MACHINE  : Machine-3
------------------------------------------------------------
[SEQ 378] [STATIC-BASELINE]
CMD      : G1 | effects={'dx': -4.080999999999989, 'dy': 4.10799999999999, 'dz': 0.0, 'de': 0.12545999999999857, 'xy_dist': 5.790528905031027, 'params': {'G': 1.0, 'X': 164.496, 'Y': 123.576, 'E': 10.13398}}
DECISION : ALLOW
------------------------------------------------------------
[SEQ 378] [IEEE-BASELINE]
SCORE    : anomaly_score=16.449
DECISION : ALLOW
------------------------------------------------------------
[SEQ 379] [LAYER 0]
CMD      : M104 S200
TRUST    : acc_cmd=0.000 | acc_exec=0.333 | trust=0.161
DECISION : PAUSE
MACHINE  : Machine-3
------------------------------------------------------------
[SEQ 379] [STATIC-BASELINE]
CMD      : M104 | effects={'M': 104.0, 'S': 200.0, 'prev_temp': 220.0}
DECISION : ALLOW
------------------------------------------------------------
[SEQ 379] [IEEE-BASELINE]
SCORE    : anomaly_score=16.804
DECISION : ALLOW
------------------------------------------------------------
[SEQ 380] [LAYER 0]
CMD      : M104 S220
TRUST    : acc_cmd=0.000 | acc_exec=0.333 | trust=0.136
DECISION : PAUSE
MACHINE  : Machine-3
------------------------------------------------------------
[SEQ 380] [STATIC-BASELINE]
CMD      : M104 | effects={'M': 104.0, 'S': 220.0, 'prev_temp': 200.0}
DECISION : ALLOW
------------------------------------------------------------
[SEQ 380] [IEEE-BASELINE]
SCORE    : anomaly_score=17.124
DECISION : ALLOW
------------------------------------------------------------
[SEQ 381] [LAYER 0]
CMD      : M104 S200
TRUST    : acc_cmd=0.000 | acc_exec=0.333 | trust=0.116
DECISION : PAUSE
MACHINE  : Machine-3
------------------------------------------------------------
[SEQ 381] [STATIC-BASELINE]
CMD      : M104 | effects={'M': 104.0, 'S': 200.0, 'prev_temp': 220.0}
DECISION : ALLOW
------------------------------------------------------------
[SEQ 381] [IEEE-BASELINE]
SCORE    : anomaly_score=17.411
DECISION : ALLOW
------------------------------------------------------------
[SEQ 382] [LAYER 0]
CMD      : M104 S220
TRUST    : acc_cmd=0.000 | acc_exec=0.333 | trust=0.103
DECISION : PAUSE
MACHINE  : Machine-3
------------------------------------------------------------
[SEQ 382] [STATIC-BASELINE]
CMD      : M104 | effects={'M': 104.0, 'S': 220.0, 'prev_temp': 200.0}
DECISION : ALLOW
------------------------------------------------------------
[SEQ 382] [IEEE-BASELINE]
SCORE    : anomaly_score=17.670
DECISION : ALLOW
------------------------------------------------------------
[SEQ 383] [LAYER 0]
CMD      : M104 S200
TRUST    : acc_cmd=0.000 | acc_exec=0.333 | trust=0.094
DECISION : PAUSE
MACHINE  : Machine-3
------------------------------------------------------------
[SEQ 383] [STATIC-BASELINE]
CMD      : M104 | effects={'M': 104.0, 'S': 200.0, 'prev_temp': 220.0}
DECISION : ALLOW
------------------------------------------------------------
[SEQ 383] [IEEE-BASELINE]
SCORE    : anomaly_score=17.903
DECISION : ALLOW
------------------------------------------------------------
[SEQ 384] [LAYER 0]
CMD      : M104 S220
TRUST    : acc_cmd=0.000 | acc_exec=0.333 | trust=0.089
DECISION : PAUSE
MACHINE  : Machine-3
------------------------------------------------------------
[SEQ 384] [STATIC-BASELINE]
CMD      : M104 | effects={'M': 104.0, 'S': 220.0, 'prev_temp': 200.0}
DECISION : ALLOW
------------------------------------------------------------
[SEQ 384] [IEEE-BASELINE]
SCORE    : anomaly_score=18.113
DECISION : ALLOW
------------------------------------------------------------
[SEQ 385] [LAYER 0]
CMD      : M104 S200
TRUST    : acc_cmd=0.000 | acc_exec=0.333 | trust=0.086
DECISION : PAUSE
MACHINE  : Machine-3
------------------------------------------------------------
[SEQ 385] [STATIC-BASELINE]
CMD      : M104 | effects={'M': 104.0, 'S': 200.0, 'prev_temp': 220.0}
DECISION : ALLOW
------------------------------------------------------------
[SEQ 385] [IEEE-BASELINE]
SCORE    : anomaly_score=18.302
DECISION : ALLOW
------------------------------------------------------------
[SEQ 386] [LAYER 0]
CMD      : M104 S220
TRUST    : acc_cmd=0.000 | acc_exec=0.333 | trust=0.085
DECISION : PAUSE
MACHINE  : Machine-3
------------------------------------------------------------
[SEQ 386] [STATIC-BASELINE]
CMD      : M104 | effects={'M': 104.0, 'S': 220.0, 'prev_temp': 200.0}
DECISION : ALLOW
------------------------------------------------------------
[SEQ 386] [IEEE-BASELINE]
SCORE    : anomaly_score=18.471
DECISION : ALLOW
------------------------------------------------------------
[SEQ 387] [LAYER 0]
CMD      : M104 S200
TRUST    : acc_cmd=0.000 | acc_exec=0.333 | trust=0.084
DECISION : PAUSE
MACHINE  : Machine-3
------------------------------------------------------------
[SEQ 387] [STATIC-BASELINE]
CMD      : M104 | effects={'M': 104.0, 'S': 200.0, 'prev_temp': 220.0}
DECISION : ALLOW
------------------------------------------------------------
[SEQ 387] [IEEE-BASELINE]
SCORE    : anomaly_score=18.624
DECISION : ALLOW
------------------------------------------------------------
[SEQ 388] [LAYER 0]
CMD      : M104 S220
TRUST    : acc_cmd=0.000 | acc_exec=0.333 | trust=0.083
DECISION : PAUSE
MACHINE  : Machine-3
------------------------------------------------------------
[SEQ 388] [STATIC-BASELINE]
CMD      : M104 | effects={'M': 104.0, 'S': 220.0, 'prev_temp': 200.0}
DECISION : ALLOW
------------------------------------------------------------
[SEQ 388] [IEEE-BASELINE]
SCORE    : anomaly_score=18.762
DECISION : ALLOW
------------------------------------------------------------
[SEQ 389] [LAYER 0]
CMD      : M104 S200
TRUST    : acc_cmd=0.000 | acc_exec=0.333 | trust=0.083
DECISION : PAUSE
MACHINE  : Machine-3
------------------------------------------------------------
[SEQ 389] [STATIC-BASELINE]
CMD      : M104 | effects={'M': 104.0, 'S': 200.0, 'prev_temp': 220.0}
DECISION : ALLOW
------------------------------------------------------------
[SEQ 389] [IEEE-BASELINE]
SCORE    : anomaly_score=18.886
DECISION : ALLOW
------------------------------------------------------------
[SEQ 390] [LAYER 0]
CMD      : M104 S220
TRUST    : acc_cmd=0.000 | acc_exec=0.333 | trust=0.082
DECISION : PAUSE
MACHINE  : Machine-3
------------------------------------------------------------
[SEQ 390] [STATIC-BASELINE]
CMD      : M104 | effects={'M': 104.0, 'S': 220.0, 'prev_temp': 200.0}
DECISION : ALLOW
------------------------------------------------------------
[SEQ 390] [IEEE-BASELINE]
SCORE    : anomaly_score=18.997
DECISION : ALLOW
------------------------------------------------------------
[SEQ 391] [LAYER 0]
CMD      : M104 S200
TRUST    : acc_cmd=0.000 | acc_exec=0.333 | trust=0.082
DECISION : PAUSE
MACHINE  : Machine-3
------------------------------------------------------------
[SEQ 391] [STATIC-BASELINE]
CMD      : M104 | effects={'M': 104.0, 'S': 200.0, 'prev_temp': 220.0}
DECISION : ALLOW
------------------------------------------------------------
[SEQ 391] [IEEE-BASELINE]
SCORE    : anomaly_score=19.097
DECISION : ALLOW
------------------------------------------------------------
[SEQ 392] [LAYER 0]
CMD      : M104 S220
TRUST    : acc_cmd=0.000 | acc_exec=0.333 | trust=0.082
DECISION : PAUSE
MACHINE  : Machine-3
------------------------------------------------------------
[SEQ 392] [STATIC-BASELINE]
CMD      : M104 | effects={'M': 104.0, 'S': 220.0, 'prev_temp': 200.0}
DECISION : ALLOW
------------------------------------------------------------
[SEQ 392] [IEEE-BASELINE]
SCORE    : anomaly_score=19.188
DECISION : ALLOW
------------------------------------------------------------
[SEQ 393] [LAYER 0]
CMD      : M104 S200
TRUST    : acc_cmd=0.000 | acc_exec=0.333 | trust=0.082
DECISION : PAUSE
MACHINE  : Machine-3
------------------------------------------------------------
[SEQ 393] [STATIC-BASELINE]
CMD      : M104 | effects={'M': 104.0, 'S': 200.0, 'prev_temp': 220.0}
DECISION : ALLOW
------------------------------------------------------------
[SEQ 393] [IEEE-BASELINE]
SCORE    : anomaly_score=19.269
DECISION : ALLOW
------------------------------------------------------------
[SEQ 394] [LAYER 0]
CMD      : M104 S220
TRUST    : acc_cmd=0.000 | acc_exec=0.333 | trust=0.082
DECISION : PAUSE
MACHINE  : Machine-3
------------------------------------------------------------
[SEQ 394] [STATIC-BASELINE]
CMD      : M104 | effects={'M': 104.0, 'S': 220.0, 'prev_temp': 200.0}
DECISION : ALLOW
------------------------------------------------------------
[SEQ 394] [IEEE-BASELINE]
SCORE    : anomaly_score=19.342
DECISION : ALLOW
------------------------------------------------------------
[SEQ 395] [LAYER 0]
CMD      : M104 S200
TRUST    : acc_cmd=0.000 | acc_exec=0.333 | trust=0.082
DECISION : PAUSE
MACHINE  : Machine-3
------------------------------------------------------------
[SEQ 395] [STATIC-BASELINE]
CMD      : M104 | effects={'M': 104.0, 'S': 200.0, 'prev_temp': 220.0}
DECISION : ALLOW
------------------------------------------------------------
[SEQ 395] [IEEE-BASELINE]
SCORE    : anomaly_score=19.408
DECISION : ALLOW
------------------------------------------------------------
[SEQ 396] [LAYER 0]
CMD      : M104 S220
TRUST    : acc_cmd=0.000 | acc_exec=0.333 | trust=0.082
DECISION : PAUSE
MACHINE  : Machine-3
------------------------------------------------------------
[SEQ 396] [STATIC-BASELINE]
CMD      : M104 | effects={'M': 104.0, 'S': 220.0, 'prev_temp': 200.0}
DECISION : ALLOW
------------------------------------------------------------
[SEQ 396] [IEEE-BASELINE]
SCORE    : anomaly_score=19.467
DECISION : ALLOW
------------------------------------------------------------
[SEQ 397] [LAYER 0]
CMD      : M104 S200
TRUST    : acc_cmd=0.000 | acc_exec=0.333 | trust=0.082
DECISION : PAUSE
MACHINE  : Machine-3
------------------------------------------------------------
[SEQ 397] [STATIC-BASELINE]
CMD      : M104 | effects={'M': 104.0, 'S': 200.0, 'prev_temp': 220.0}
DECISION : ALLOW
------------------------------------------------------------
[SEQ 397] [IEEE-BASELINE]
SCORE    : anomaly_score=19.520
DECISION : ALLOW
------------------------------------------------------------
[SEQ 398] [LAYER 0]
CMD      : M104 S220
TRUST    : acc_cmd=0.000 | acc_exec=0.333 | trust=0.082
DECISION : PAUSE
MACHINE  : Machine-3
------------------------------------------------------------
[SEQ 398] [STATIC-BASELINE]
CMD      : M104 | effects={'M': 104.0, 'S': 220.0, 'prev_temp': 200.0}
DECISION : ALLOW
------------------------------------------------------------
[SEQ 398] [IEEE-BASELINE]
SCORE    : anomaly_score=19.568
DECISION : ALLOW
------------------------------------------------------------
[SEQ 399] [LAYER 0]
CMD      : M104 S200
TRUST    : acc_cmd=0.000 | acc_exec=0.333 | trust=0.082
DECISION : PAUSE
MACHINE  : Machine-3
------------------------------------------------------------
[SEQ 399] [STATIC-BASELINE]
CMD      : M104 | effects={'M': 104.0, 'S': 200.0, 'prev_temp': 220.0}
DECISION : ALLOW
------------------------------------------------------------
[SEQ 399] [IEEE-BASELINE]
SCORE    : anomaly_score=19.611
DECISION : ALLOW
------------------------------------------------------------
[SEQ 400] [LAYER 0]
CMD      : M104 S220
TRUST    : acc_cmd=0.000 | acc_exec=0.333 | trust=0.082
DECISION : PAUSE
MACHINE  : Machine-3
------------------------------------------------------------
[SEQ 400] [STATIC-BASELINE]
CMD      : M104 | effects={'M': 104.0, 'S': 220.0, 'prev_temp': 200.0}
DECISION : ALLOW
------------------------------------------------------------
[SEQ 400] [IEEE-BASELINE]
SCORE    : anomaly_score=19.650
DECISION : ALLOW
------------------------------------------------------------
[SEQ 401] [LAYER 0]
CMD      : M104 S200
TRUST    : acc_cmd=0.000 | acc_exec=0.333 | trust=0.082
DECISION : PAUSE
MACHINE  : Machine-3
------------------------------------------------------------
[SEQ 401] [STATIC-BASELINE]
CMD      : M104 | effects={'M': 104.0, 'S': 200.0, 'prev_temp': 220.0}
DECISION : ALLOW
------------------------------------------------------------
[SEQ 401] [IEEE-BASELINE]
SCORE    : anomaly_score=19.685
DECISION : ALLOW
------------------------------------------------------------
[SEQ 402] [LAYER 0]
CMD      : M104 S220
TRUST    : acc_cmd=0.000 | acc_exec=0.333 | trust=0.082
DECISION : PAUSE
MACHINE  : Machine-3
------------------------------------------------------------
[SEQ 402] [STATIC-BASELINE]
CMD      : M104 | effects={'M': 104.0, 'S': 220.0, 'prev_temp': 200.0}
DECISION : ALLOW
------------------------------------------------------------
[SEQ 402] [IEEE-BASELINE]
SCORE    : anomaly_score=19.717
DECISION : ALLOW
------------------------------------------------------------
[SEQ 403] [LAYER 0]
CMD      : M104 S200
TRUST    : acc_cmd=0.000 | acc_exec=0.333 | trust=0.082
DECISION : PAUSE
MACHINE  : Machine-3
------------------------------------------------------------
[SEQ 403] [STATIC-BASELINE]
CMD      : M104 | effects={'M': 104.0, 'S': 200.0, 'prev_temp': 220.0}
DECISION : ALLOW
------------------------------------------------------------
[SEQ 403] [IEEE-BASELINE]
SCORE    : anomaly_score=19.745
DECISION : ALLOW
------------------------------------------------------------
[SEQ 404] [LAYER 0]
CMD      : M104 S220
TRUST    : acc_cmd=0.000 | acc_exec=0.333 | trust=0.082
DECISION : PAUSE
MACHINE  : Machine-3
------------------------------------------------------------
[SEQ 404] [STATIC-BASELINE]
CMD      : M104 | effects={'M': 104.0, 'S': 220.0, 'prev_temp': 200.0}
DECISION : ALLOW
------------------------------------------------------------
[SEQ 404] [IEEE-BASELINE]
SCORE    : anomaly_score=19.771
DECISION : ALLOW
------------------------------------------------------------
[SEQ 405] [LAYER 0]
CMD      : G1 X161.844 Y120.481 E10.60341
TRUST    : acc_cmd=0.000 | acc_exec=0.000 | trust=0.167
DECISION : PAUSE
MACHINE  : Machine-3
------------------------------------------------------------
[SEQ 405] [STATIC-BASELINE]
CMD      : G1 | effects={'dx': -2.6520000000000152, 'dy': -3.094999999999999, 'dz': 0.0, 'de': 0.4694300000000009, 'xy_dist': 4.075797958682456, 'params': {'G': 1.0, 'X': 161.844, 'Y': 120.481, 'E': 10.60341}}
DECISION : ALLOW
------------------------------------------------------------
[SEQ 405] [IEEE-BASELINE]
SCORE    : anomaly_score=17.794
DECISION : ALLOW
------------------------------------------------------------
[SEQ 406] [LAYER 0]
CMD      : M104 S200
TRUST    : acc_cmd=0.000 | acc_exec=0.333 | trust=0.156
DECISION : PAUSE
MACHINE  : Machine-3
------------------------------------------------------------
[SEQ 406] [STATIC-BASELINE]
CMD      : M104 | effects={'M': 104.0, 'S': 200.0, 'prev_temp': 220.0}
DECISION : ALLOW
------------------------------------------------------------
[SEQ 406] [IEEE-BASELINE]
SCORE    : anomaly_score=18.014
DECISION : ALLOW
------------------------------------------------------------
[SEQ 407] [LAYER 0]
CMD      : G1 X162.167 Y118.559 E10.64069
TRUST    : acc_cmd=0.000 | acc_exec=0.000 | trust=0.254
DECISION : PAUSE
MACHINE  : Machine-3
------------------------------------------------------------
[SEQ 407] [STATIC-BASELINE]
CMD      : G1 | effects={'dx': 0.3230000000000075, 'dy': -1.921999999999997, 'dz': 0.0, 'de': 0.03727999999999909, 'xy_dist': 1.948951769541769, 'params': {'G': 1.0, 'X': 162.167, 'Y': 118.559, 'E': 10.64069}}
DECISION : ALLOW
------------------------------------------------------------
[SEQ 407] [IEEE-BASELINE]
SCORE    : anomaly_score=16.213
DECISION : ALLOW
------------------------------------------------------------
[SEQ 408] [LAYER 0]
CMD      : M104 S220
TRUST    : acc_cmd=0.000 | acc_exec=0.333 | trust=0.213
DECISION : PAUSE
MACHINE  : Machine-3
------------------------------------------------------------
[SEQ 408] [STATIC-BASELINE]
CMD      : M104 | effects={'M': 104.0, 'S': 220.0, 'prev_temp': 200.0}
DECISION : ALLOW
------------------------------------------------------------
[SEQ 408] [IEEE-BASELINE]
SCORE    : anomaly_score=16.591
DECISION : ALLOW
------------------------------------------------------------
[SEQ 409] [LAYER 0]
CMD      : M104 S200
TRUST    : acc_cmd=0.000 | acc_exec=0.333 | trust=0.166
DECISION : PAUSE
MACHINE  : Machine-3
------------------------------------------------------------
[SEQ 409] [STATIC-BASELINE]
CMD      : M104 | effects={'M': 104.0, 'S': 200.0, 'prev_temp': 220.0}
DECISION : ALLOW
------------------------------------------------------------
[SEQ 409] [IEEE-BASELINE]
SCORE    : anomaly_score=16.932
DECISION : ALLOW
------------------------------------------------------------
[SEQ 410] [LAYER 0]
CMD      : M104 S220
TRUST    : acc_cmd=0.000 | acc_exec=0.333 | trust=0.132
DECISION : PAUSE
MACHINE  : Machine-3
------------------------------------------------------------
[SEQ 410] [STATIC-BASELINE]
CMD      : M104 | effects={'M': 104.0, 'S': 220.0, 'prev_temp': 200.0}
DECISION : ALLOW
------------------------------------------------------------
[SEQ 410] [IEEE-BASELINE]
SCORE    : anomaly_score=17.239
DECISION : ALLOW
------------------------------------------------------------
[SEQ 411] [LAYER 0]
CMD      : M104 S200
TRUST    : acc_cmd=0.000 | acc_exec=0.333 | trust=0.112
DECISION : PAUSE
MACHINE  : Machine-3
------------------------------------------------------------
[SEQ 411] [STATIC-BASELINE]
CMD      : M104 | effects={'M': 104.0, 'S': 200.0, 'prev_temp': 220.0}
DECISION : ALLOW
------------------------------------------------------------
[SEQ 411] [IEEE-BASELINE]
SCORE    : anomaly_score=17.515
DECISION : ALLOW
------------------------------------------------------------
[SEQ 412] [LAYER 0]
CMD      : M104 S220
TRUST    : acc_cmd=0.000 | acc_exec=0.333 | trust=0.099
DECISION : PAUSE
MACHINE  : Machine-3
------------------------------------------------------------
[SEQ 412] [STATIC-BASELINE]
CMD      : M104 | effects={'M': 104.0, 'S': 220.0, 'prev_temp': 200.0}
DECISION : ALLOW
------------------------------------------------------------
[SEQ 412] [IEEE-BASELINE]
SCORE    : anomaly_score=17.764
DECISION : ALLOW
------------------------------------------------------------
[SEQ 413] [LAYER 0]
CMD      : M104 S200
TRUST    : acc_cmd=0.000 | acc_exec=0.333 | trust=0.092
DECISION : PAUSE
MACHINE  : Machine-3
------------------------------------------------------------
[SEQ 413] [STATIC-BASELINE]
CMD      : M104 | effects={'M': 104.0, 'S': 200.0, 'prev_temp': 220.0}
DECISION : ALLOW
------------------------------------------------------------
[SEQ 413] [IEEE-BASELINE]
SCORE    : anomaly_score=17.987
DECISION : ALLOW
------------------------------------------------------------
[SEQ 414] [LAYER 0]
CMD      : M104 S220
TRUST    : acc_cmd=0.000 | acc_exec=0.333 | trust=0.088
DECISION : PAUSE
MACHINE  : Machine-3
------------------------------------------------------------
[SEQ 414] [STATIC-BASELINE]
CMD      : M104 | effects={'M': 104.0, 'S': 220.0, 'prev_temp': 200.0}
DECISION : ALLOW
------------------------------------------------------------
[SEQ 414] [IEEE-BASELINE]
SCORE    : anomaly_score=18.189
DECISION : ALLOW
------------------------------------------------------------
[SEQ 415] [LAYER 0]
CMD      : M104 S200
TRUST    : acc_cmd=0.000 | acc_exec=0.333 | trust=0.086
DECISION : PAUSE
MACHINE  : Machine-3
------------------------------------------------------------
[SEQ 415] [STATIC-BASELINE]
CMD      : M104 | effects={'M': 104.0, 'S': 200.0, 'prev_temp': 220.0}
DECISION : ALLOW
------------------------------------------------------------
[SEQ 415] [IEEE-BASELINE]
SCORE    : anomaly_score=18.370
DECISION : ALLOW
------------------------------------------------------------
[SEQ 416] [LAYER 0]
CMD      : M104 S220
TRUST    : acc_cmd=0.000 | acc_exec=0.333 | trust=0.084
DECISION : PAUSE
MACHINE  : Machine-3
------------------------------------------------------------
[SEQ 416] [STATIC-BASELINE]
CMD      : M104 | effects={'M': 104.0, 'S': 220.0, 'prev_temp': 200.0}
DECISION : ALLOW
------------------------------------------------------------
[SEQ 416] [IEEE-BASELINE]
SCORE    : anomaly_score=18.533
DECISION : ALLOW
------------------------------------------------------------
[SEQ 417] [LAYER 0]
CMD      : G1 X167.775 Y119.592 E10.77507
TRUST    : acc_cmd=0.000 | acc_exec=0.000 | trust=0.169
DECISION : PAUSE
MACHINE  : Machine-3
------------------------------------------------------------
[SEQ 417] [STATIC-BASELINE]
CMD      : G1 | effects={'dx': 5.608000000000004, 'dy': 1.0330000000000013, 'dz': 0.0, 'de': 0.13438000000000017, 'xy_dist': 5.702346271492116, 'params': {'G': 1.0, 'X': 167.775, 'Y': 119.592, 'E': 10.77507}}
DECISION : ALLOW
------------------------------------------------------------
[SEQ 417] [IEEE-BASELINE]
SCORE    : anomaly_score=16.679
DECISION : ALLOW
------------------------------------------------------------
[SEQ 418] [LAYER 0]
CMD      : M104 S200
TRUST    : acc_cmd=0.000 | acc_exec=0.333 | trust=0.158
DECISION : PAUSE
MACHINE  : Machine-3
------------------------------------------------------------
[SEQ 418] [STATIC-BASELINE]
CMD      : M104 | effects={'M': 104.0, 'S': 200.0, 'prev_temp': 220.0}
DECISION : ALLOW
------------------------------------------------------------
[SEQ 418] [IEEE-BASELINE]
SCORE    : anomaly_score=17.012
DECISION : ALLOW
------------------------------------------------------------
[SEQ 419] [LAYER 0]
CMD      : M104 S220
TRUST    : acc_cmd=0.000 | acc_exec=0.333 | trust=0.134
DECISION : PAUSE
MACHINE  : Machine-3
------------------------------------------------------------
[SEQ 419] [STATIC-BASELINE]
CMD      : M104 | effects={'M': 104.0, 'S': 220.0, 'prev_temp': 200.0}
DECISION : ALLOW
------------------------------------------------------------
[SEQ 419] [IEEE-BASELINE]
SCORE    : anomaly_score=17.310
DECISION : ALLOW
------------------------------------------------------------
[SEQ 420] [LAYER 0]
CMD      : M104 S200
TRUST    : acc_cmd=0.000 | acc_exec=0.333 | trust=0.115
DECISION : PAUSE
MACHINE  : Machine-3
------------------------------------------------------------
[SEQ 420] [STATIC-BASELINE]
CMD      : M104 | effects={'M': 104.0, 'S': 200.0, 'prev_temp': 220.0}
DECISION : ALLOW
------------------------------------------------------------
[SEQ 420] [IEEE-BASELINE]
SCORE    : anomaly_score=17.579
DECISION : ALLOW
------------------------------------------------------------
[SEQ 421] [LAYER 0]
CMD      : M104 S220
TRUST    : acc_cmd=0.000 | acc_exec=0.333 | trust=0.102
DECISION : PAUSE
MACHINE  : Machine-3
------------------------------------------------------------
[SEQ 421] [STATIC-BASELINE]
CMD      : M104 | effects={'M': 104.0, 'S': 220.0, 'prev_temp': 200.0}
DECISION : ALLOW
------------------------------------------------------------
[SEQ 421] [IEEE-BASELINE]
SCORE    : anomaly_score=17.821
DECISION : ALLOW
------------------------------------------------------------
[SEQ 422] [LAYER 0]
CMD      : M104 S200
TRUST    : acc_cmd=0.000 | acc_exec=0.333 | trust=0.094
DECISION : PAUSE
MACHINE  : Machine-3
------------------------------------------------------------
[SEQ 422] [STATIC-BASELINE]
CMD      : M104 | effects={'M': 104.0, 'S': 200.0, 'prev_temp': 220.0}
DECISION : ALLOW
------------------------------------------------------------
[SEQ 422] [IEEE-BASELINE]
SCORE    : anomaly_score=18.039
DECISION : ALLOW
------------------------------------------------------------
[SEQ 423] [LAYER 0]
CMD      : M104 S220
TRUST    : acc_cmd=0.000 | acc_exec=0.333 | trust=0.089
DECISION : PAUSE
MACHINE  : Machine-3
------------------------------------------------------------
[SEQ 423] [STATIC-BASELINE]
CMD      : M104 | effects={'M': 104.0, 'S': 220.0, 'prev_temp': 200.0}
DECISION : ALLOW
------------------------------------------------------------
[SEQ 423] [IEEE-BASELINE]
SCORE    : anomaly_score=18.235
DECISION : ALLOW
------------------------------------------------------------
[SEQ 424] [LAYER 0]
CMD      : M104 S200
TRUST    : acc_cmd=0.000 | acc_exec=0.333 | trust=0.086
DECISION : PAUSE
MACHINE  : Machine-3
------------------------------------------------------------
[SEQ 424] [STATIC-BASELINE]
CMD      : M104 | effects={'M': 104.0, 'S': 200.0, 'prev_temp': 220.0}
DECISION : ALLOW
------------------------------------------------------------
[SEQ 424] [IEEE-BASELINE]
SCORE    : anomaly_score=18.412
DECISION : ALLOW
------------------------------------------------------------
[SEQ 425] [LAYER 0]
CMD      : M104 S220
TRUST    : acc_cmd=0.000 | acc_exec=0.333 | trust=0.085
DECISION : PAUSE
MACHINE  : Machine-3
------------------------------------------------------------
[SEQ 425] [STATIC-BASELINE]
CMD      : M104 | effects={'M': 104.0, 'S': 220.0, 'prev_temp': 200.0}
DECISION : ALLOW
------------------------------------------------------------
[SEQ 425] [IEEE-BASELINE]
SCORE    : anomaly_score=18.571
DECISION : ALLOW
------------------------------------------------------------
[SEQ 426] [LAYER 0]
CMD      : M104 S200
TRUST    : acc_cmd=0.000 | acc_exec=0.333 | trust=0.084
DECISION : PAUSE
MACHINE  : Machine-3
------------------------------------------------------------
[SEQ 426] [STATIC-BASELINE]
CMD      : M104 | effects={'M': 104.0, 'S': 200.0, 'prev_temp': 220.0}
DECISION : ALLOW
------------------------------------------------------------
[SEQ 426] [IEEE-BASELINE]
SCORE    : anomaly_score=18.714
DECISION : ALLOW
------------------------------------------------------------
[SEQ 427] [LAYER 0]
CMD      : M104 S220
TRUST    : acc_cmd=0.000 | acc_exec=0.333 | trust=0.083
DECISION : PAUSE
MACHINE  : Machine-3
------------------------------------------------------------
[SEQ 427] [STATIC-BASELINE]
CMD      : M104 | effects={'M': 104.0, 'S': 220.0, 'prev_temp': 200.0}
DECISION : ALLOW
------------------------------------------------------------
[SEQ 427] [IEEE-BASELINE]
SCORE    : anomaly_score=18.842
DECISION : ALLOW
------------------------------------------------------------
[SEQ 428] [LAYER 0]
CMD      : M104 S200
TRUST    : acc_cmd=0.000 | acc_exec=0.333 | trust=0.083
DECISION : PAUSE
MACHINE  : Machine-3
------------------------------------------------------------
[SEQ 428] [STATIC-BASELINE]
CMD      : M104 | effects={'M': 104.0, 'S': 200.0, 'prev_temp': 220.0}
DECISION : ALLOW
------------------------------------------------------------
[SEQ 428] [IEEE-BASELINE]
SCORE    : anomaly_score=18.958
DECISION : ALLOW
------------------------------------------------------------
[SEQ 429] [LAYER 0]
CMD      : M104 S220
TRUST    : acc_cmd=0.000 | acc_exec=0.333 | trust=0.082
DECISION : PAUSE
MACHINE  : Machine-3
------------------------------------------------------------
[SEQ 429] [STATIC-BASELINE]
CMD      : M104 | effects={'M': 104.0, 'S': 220.0, 'prev_temp': 200.0}
DECISION : ALLOW
------------------------------------------------------------
[SEQ 429] [IEEE-BASELINE]
SCORE    : anomaly_score=19.062
DECISION : ALLOW
------------------------------------------------------------
[SEQ 430] [LAYER 0]
CMD      : M104 S200
TRUST    : acc_cmd=0.000 | acc_exec=0.333 | trust=0.082
DECISION : PAUSE
MACHINE  : Machine-3
------------------------------------------------------------
[SEQ 430] [STATIC-BASELINE]
CMD      : M104 | effects={'M': 104.0, 'S': 200.0, 'prev_temp': 220.0}
DECISION : ALLOW
------------------------------------------------------------
[SEQ 430] [IEEE-BASELINE]
SCORE    : anomaly_score=19.156
DECISION : ALLOW
------------------------------------------------------------
[SEQ 431] [LAYER 0]
CMD      : M104 S220
TRUST    : acc_cmd=0.000 | acc_exec=0.333 | trust=0.082
DECISION : PAUSE
MACHINE  : Machine-3
------------------------------------------------------------
[SEQ 431] [STATIC-BASELINE]
CMD      : M104 | effects={'M': 104.0, 'S': 220.0, 'prev_temp': 200.0}
DECISION : ALLOW
------------------------------------------------------------
[SEQ 431] [IEEE-BASELINE]
SCORE    : anomaly_score=19.240
DECISION : ALLOW
------------------------------------------------------------
[SEQ 432] [LAYER 0]
CMD      : G0 F3600 X163.002 Y118.697
TRUST    : acc_cmd=0.000 | acc_exec=0.000 | trust=0.167
DECISION : PAUSE
MACHINE  : Machine-3
------------------------------------------------------------
[SEQ 432] [STATIC-BASELINE]
CMD      : G0 | effects={'dx': -4.772999999999996, 'dy': -0.894999999999996, 'dz': 0.0, 'de': 0.0, 'xy_dist': 4.856187187495963, 'params': {'G': 0.0, 'F': 3600.0, 'X': 163.002, 'Y': 118.697}}
DECISION : ALLOW
------------------------------------------------------------
[SEQ 432] [IEEE-BASELINE]
SCORE    : anomaly_score=17.316
DECISION : ALLOW
------------------------------------------------------------
[SEQ 433] [LAYER 0]
CMD      : M104 S200
TRUST    : acc_cmd=0.000 | acc_exec=0.333 | trust=0.156
DECISION : PAUSE
MACHINE  : Machine-3
------------------------------------------------------------
[SEQ 433] [STATIC-BASELINE]
CMD      : M104 | effects={'M': 104.0, 'S': 200.0, 'prev_temp': 220.0}
DECISION : ALLOW
------------------------------------------------------------
[SEQ 433] [IEEE-BASELINE]
SCORE    : anomaly_score=17.585
DECISION : ALLOW
------------------------------------------------------------
[SEQ 434] [LAYER 0]
CMD      : M104 S220
TRUST    : acc_cmd=0.000 | acc_exec=0.333 | trust=0.133
DECISION : PAUSE
MACHINE  : Machine-3
------------------------------------------------------------
[SEQ 434] [STATIC-BASELINE]
CMD      : M104 | effects={'M': 104.0, 'S': 220.0, 'prev_temp': 200.0}
DECISION : ALLOW
------------------------------------------------------------
[SEQ 434] [IEEE-BASELINE]
SCORE    : anomaly_score=17.826
DECISION : ALLOW
------------------------------------------------------------
[SEQ 435] [LAYER 0]
CMD      : G1 X164.604 Y117.645 E11.01593
TRUST    : acc_cmd=0.000 | acc_exec=0.047 | trust=0.197
DECISION : PAUSE
MACHINE  : Machine-3
------------------------------------------------------------
[SEQ 435] [STATIC-BASELINE]
CMD      : G1 | effects={'dx': 1.6020000000000039, 'dy': -1.0520000000000067, 'dz': 0.0, 'de': 0.2408600000000014, 'xy_dist': 1.9165354157959165, 'params': {'G': 1.0, 'X': 164.604, 'Y': 117.645, 'E': 11.01593}}
DECISION : ALLOW
------------------------------------------------------------
[SEQ 435] [IEEE-BASELINE]
SCORE    : anomaly_score=16.044
DECISION : ALLOW
------------------------------------------------------------
[SEQ 436] [LAYER 0]
CMD      : M104 S200
TRUST    : acc_cmd=0.000 | acc_exec=0.333 | trust=0.173
DECISION : PAUSE
MACHINE  : Machine-3
------------------------------------------------------------
[SEQ 436] [STATIC-BASELINE]
CMD      : M104 | effects={'M': 104.0, 'S': 200.0, 'prev_temp': 220.0}
DECISION : ALLOW
------------------------------------------------------------
[SEQ 436] [IEEE-BASELINE]
SCORE    : anomaly_score=16.439
DECISION : ALLOW
------------------------------------------------------------
[SEQ 437] [LAYER 0]
CMD      : M104 S220
TRUST    : acc_cmd=0.000 | acc_exec=0.333 | trust=0.142
DECISION : PAUSE
MACHINE  : Machine-3
------------------------------------------------------------
[SEQ 437] [STATIC-BASELINE]
CMD      : M104 | effects={'M': 104.0, 'S': 220.0, 'prev_temp': 200.0}
DECISION : ALLOW
------------------------------------------------------------
[SEQ 437] [IEEE-BASELINE]
SCORE    : anomaly_score=16.795
DECISION : ALLOW
------------------------------------------------------------
[SEQ 438] [LAYER 0]
CMD      : M104 S200
TRUST    : acc_cmd=0.000 | acc_exec=0.333 | trust=0.119
DECISION : PAUSE
MACHINE  : Machine-3
------------------------------------------------------------
[SEQ 438] [STATIC-BASELINE]
CMD      : M104 | effects={'M': 104.0, 'S': 200.0, 'prev_temp': 220.0}
DECISION : ALLOW
------------------------------------------------------------
[SEQ 438] [IEEE-BASELINE]
SCORE    : anomaly_score=17.116
DECISION : ALLOW
------------------------------------------------------------
[SEQ 439] [LAYER 0]
CMD      : M104 S220
TRUST    : acc_cmd=0.000 | acc_exec=0.333 | trust=0.104
DECISION : PAUSE
MACHINE  : Machine-3
------------------------------------------------------------
[SEQ 439] [STATIC-BASELINE]
CMD      : M104 | effects={'M': 104.0, 'S': 220.0, 'prev_temp': 200.0}
DECISION : ALLOW
------------------------------------------------------------
[SEQ 439] [IEEE-BASELINE]
SCORE    : anomaly_score=17.404
DECISION : ALLOW
------------------------------------------------------------
[SEQ 440] [LAYER 0]
CMD      : G1 X167.374 Y119.655 E11.08737
TRUST    : acc_cmd=0.000 | acc_exec=0.000 | trust=0.187
DECISION : PAUSE
MACHINE  : Machine-3
------------------------------------------------------------
[SEQ 440] [STATIC-BASELINE]
CMD      : G1 | effects={'dx': 2.769999999999982, 'dy': 2.010000000000005, 'dz': 0.0, 'de': 0.07143999999999906, 'xy_dist': 3.4224260401066258, 'params': {'G': 1.0, 'X': 167.374, 'Y': 119.655, 'E': 11.08737}}
DECISION : ALLOW
------------------------------------------------------------
[SEQ 440] [IEEE-BASELINE]
SCORE    : anomaly_score=15.664
DECISION : ALLOW
------------------------------------------------------------
[SEQ 441] [LAYER 0]
CMD      : G1 X167.359 Y120.394 E11.10127
TRUST    : acc_cmd=0.000 | acc_exec=0.000 | trust=0.331
DECISION : PAUSE
MACHINE  : Machine-3
------------------------------------------------------------
[SEQ 441] [STATIC-BASELINE]
CMD      : G1 | effects={'dx': -0.014999999999986358, 'dy': 0.7390000000000043, 'dz': 0.0, 'de': 0.01389999999999958, 'xy_dist': 0.7391522170703447, 'params': {'G': 1.0, 'X': 167.359, 'Y': 120.394, 'E': 11.10127}}
DECISION : ALLOW
------------------------------------------------------------
[SEQ 441] [IEEE-BASELINE]
SCORE    : anomaly_score=14.097
DECISION : ALLOW
------------------------------------------------------------
[SEQ 442] [LAYER 0]
CMD      : M104 S200
TRUST    : acc_cmd=0.000 | acc_exec=0.333 | trust=0.265
DECISION : PAUSE
MACHINE  : Machine-3
------------------------------------------------------------
[SEQ 442] [STATIC-BASELINE]
CMD      : M104 | effects={'M': 104.0, 'S': 200.0, 'prev_temp': 220.0}
DECISION : ALLOW
------------------------------------------------------------
[SEQ 442] [IEEE-BASELINE]
SCORE    : anomaly_score=14.688
DECISION : ALLOW
------------------------------------------------------------
[SEQ 443] [LAYER 0]
CMD      : M104 S220
TRUST    : acc_cmd=0.000 | acc_exec=0.333 | trust=0.195
DECISION : PAUSE
MACHINE  : Machine-3
------------------------------------------------------------
[SEQ 443] [STATIC-BASELINE]
CMD      : M104 | effects={'M': 104.0, 'S': 220.0, 'prev_temp': 200.0}
DECISION : ALLOW
------------------------------------------------------------
[SEQ 443] [IEEE-BASELINE]
SCORE    : anomaly_score=15.219
DECISION : ALLOW
------------------------------------------------------------
[SEQ 444] [LAYER 0]
CMD      : M104 S200
TRUST    : acc_cmd=0.000 | acc_exec=0.333 | trust=0.148
DECISION : PAUSE
MACHINE  : Machine-3
------------------------------------------------------------
[SEQ 444] [STATIC-BASELINE]
CMD      : M104 | effects={'M': 104.0, 'S': 200.0, 'prev_temp': 220.0}
DECISION : ALLOW
------------------------------------------------------------
[SEQ 444] [IEEE-BASELINE]
SCORE    : anomaly_score=15.697
DECISION : ALLOW
------------------------------------------------------------
[SEQ 445] [LAYER 0]
CMD      : M104 S220
TRUST    : acc_cmd=0.000 | acc_exec=0.333 | trust=0.120
DECISION : PAUSE
MACHINE  : Machine-3
------------------------------------------------------------
[SEQ 445] [STATIC-BASELINE]
CMD      : M104 | effects={'M': 104.0, 'S': 220.0, 'prev_temp': 200.0}
DECISION : ALLOW
------------------------------------------------------------
[SEQ 445] [IEEE-BASELINE]
SCORE    : anomaly_score=16.127
DECISION : ALLOW
------------------------------------------------------------
[SEQ 446] [LAYER 0]
CMD      : M104 S200
TRUST    : acc_cmd=0.000 | acc_exec=0.333 | trust=0.104
DECISION : PAUSE
MACHINE  : Machine-3
------------------------------------------------------------
[SEQ 446] [STATIC-BASELINE]
CMD      : M104 | effects={'M': 104.0, 'S': 200.0, 'prev_temp': 220.0}
DECISION : ALLOW
------------------------------------------------------------
[SEQ 446] [IEEE-BASELINE]
SCORE    : anomaly_score=16.515
DECISION : ALLOW
------------------------------------------------------------
[SEQ 447] [LAYER 0]
CMD      : M104 S220
TRUST    : acc_cmd=0.000 | acc_exec=0.333 | trust=0.095
DECISION : PAUSE
MACHINE  : Machine-3
------------------------------------------------------------
[SEQ 447] [STATIC-BASELINE]
CMD      : M104 | effects={'M': 104.0, 'S': 220.0, 'prev_temp': 200.0}
DECISION : ALLOW
------------------------------------------------------------
[SEQ 447] [IEEE-BASELINE]
SCORE    : anomaly_score=16.863
DECISION : ALLOW
------------------------------------------------------------
[SEQ 448] [LAYER 0]
CMD      : M104 S200
TRUST    : acc_cmd=0.000 | acc_exec=0.333 | trust=0.090
DECISION : PAUSE
MACHINE  : Machine-3
------------------------------------------------------------
[SEQ 448] [STATIC-BASELINE]
CMD      : M104 | effects={'M': 104.0, 'S': 200.0, 'prev_temp': 220.0}
DECISION : ALLOW
------------------------------------------------------------
[SEQ 448] [IEEE-BASELINE]
SCORE    : anomaly_score=17.177
DECISION : ALLOW
------------------------------------------------------------
[SEQ 449] [LAYER 0]
CMD      : M104 S220
TRUST    : acc_cmd=0.000 | acc_exec=0.333 | trust=0.086
DECISION : PAUSE
MACHINE  : Machine-3
------------------------------------------------------------
[SEQ 449] [STATIC-BASELINE]
CMD      : M104 | effects={'M': 104.0, 'S': 220.0, 'prev_temp': 200.0}
DECISION : ALLOW
------------------------------------------------------------
[SEQ 449] [IEEE-BASELINE]
SCORE    : anomaly_score=17.459
DECISION : ALLOW
------------------------------------------------------------
[SEQ 450] [LAYER 0]
CMD      : M104 S200
TRUST    : acc_cmd=0.000 | acc_exec=0.333 | trust=0.085
DECISION : PAUSE
MACHINE  : Machine-3
------------------------------------------------------------
[SEQ 450] [STATIC-BASELINE]
CMD      : M104 | effects={'M': 104.0, 'S': 200.0, 'prev_temp': 220.0}
DECISION : ALLOW
------------------------------------------------------------
[SEQ 450] [IEEE-BASELINE]
SCORE    : anomaly_score=17.713
DECISION : ALLOW
------------------------------------------------------------
[SEQ 451] [LAYER 0]
CMD      : M104 S220
TRUST    : acc_cmd=0.000 | acc_exec=0.333 | trust=0.084
DECISION : PAUSE
MACHINE  : Machine-3
------------------------------------------------------------
[SEQ 451] [STATIC-BASELINE]
CMD      : M104 | effects={'M': 104.0, 'S': 220.0, 'prev_temp': 200.0}
DECISION : ALLOW
------------------------------------------------------------
[SEQ 451] [IEEE-BASELINE]
SCORE    : anomaly_score=17.942
DECISION : ALLOW
------------------------------------------------------------
[SEQ 452] [LAYER 0]
CMD      : M104 S200
TRUST    : acc_cmd=0.000 | acc_exec=0.333 | trust=0.083
DECISION : PAUSE
MACHINE  : Machine-3
------------------------------------------------------------
[SEQ 452] [STATIC-BASELINE]
CMD      : M104 | effects={'M': 104.0, 'S': 200.0, 'prev_temp': 220.0}
DECISION : ALLOW
------------------------------------------------------------
[SEQ 452] [IEEE-BASELINE]
SCORE    : anomaly_score=18.148
DECISION : ALLOW
------------------------------------------------------------
[SEQ 453] [LAYER 0]
CMD      : M104 S220
TRUST    : acc_cmd=0.000 | acc_exec=0.333 | trust=0.083
DECISION : PAUSE
MACHINE  : Machine-3
------------------------------------------------------------
[SEQ 453] [STATIC-BASELINE]
CMD      : M104 | effects={'M': 104.0, 'S': 220.0, 'prev_temp': 200.0}
DECISION : ALLOW
------------------------------------------------------------
[SEQ 453] [IEEE-BASELINE]
SCORE    : anomaly_score=18.333
DECISION : ALLOW
------------------------------------------------------------
[SEQ 454] [LAYER 0]
CMD      : M104 S200
TRUST    : acc_cmd=0.000 | acc_exec=0.333 | trust=0.082
DECISION : PAUSE
MACHINE  : Machine-3
------------------------------------------------------------
[SEQ 454] [STATIC-BASELINE]
CMD      : M104 | effects={'M': 104.0, 'S': 200.0, 'prev_temp': 220.0}
DECISION : ALLOW
------------------------------------------------------------
[SEQ 454] [IEEE-BASELINE]
SCORE    : anomaly_score=18.500
DECISION : ALLOW
------------------------------------------------------------
[SEQ 455] [LAYER 0]
CMD      : M104 S220
TRUST    : acc_cmd=0.000 | acc_exec=0.333 | trust=0.082
DECISION : PAUSE
MACHINE  : Machine-3
------------------------------------------------------------
[SEQ 455] [STATIC-BASELINE]
CMD      : M104 | effects={'M': 104.0, 'S': 220.0, 'prev_temp': 200.0}
DECISION : ALLOW
------------------------------------------------------------
[SEQ 455] [IEEE-BASELINE]
SCORE    : anomaly_score=18.650
DECISION : ALLOW
------------------------------------------------------------
[SEQ 456] [LAYER 0]
CMD      : G1 F1800 X163.841 Y118.384 E11.27569
TRUST    : acc_cmd=0.000 | acc_exec=0.000 | trust=0.167
DECISION : PAUSE
MACHINE  : Machine-3
------------------------------------------------------------
[SEQ 456] [STATIC-BASELINE]
CMD      : G1 | effects={'dx': -3.5180000000000007, 'dy': -2.010000000000005, 'dz': 0.0, 'de': 0.17442000000000135, 'xy_dist': 4.051718647685205, 'params': {'G': 1.0, 'F': 1800.0, 'X': 163.841, 'Y': 118.384, 'E': 11.27569}}
DECISION : ALLOW
------------------------------------------------------------
[SEQ 456] [IEEE-BASELINE]
SCORE    : anomaly_score=16.785
DECISION : ALLOW
------------------------------------------------------------
[SEQ 457] [LAYER 0]
CMD      : M104 S200
TRUST    : acc_cmd=0.000 | acc_exec=0.333 | trust=0.157
DECISION : PAUSE
MACHINE  : Machine-3
------------------------------------------------------------
[SEQ 457] [STATIC-BASELINE]
CMD      : M104 | effects={'M': 104.0, 'S': 200.0, 'prev_temp': 220.0}
DECISION : ALLOW
------------------------------------------------------------
[SEQ 457] [IEEE-BASELINE]
SCORE    : anomaly_score=17.106
DECISION : ALLOW
------------------------------------------------------------
[SEQ 458] [LAYER 0]
CMD      : M104 S220
TRUST    : acc_cmd=0.000 | acc_exec=0.333 | trust=0.133
DECISION : PAUSE
MACHINE  : Machine-3
------------------------------------------------------------
[SEQ 458] [STATIC-BASELINE]
CMD      : M104 | effects={'M': 104.0, 'S': 220.0, 'prev_temp': 200.0}
DECISION : ALLOW
------------------------------------------------------------
[SEQ 458] [IEEE-BASELINE]
SCORE    : anomaly_score=17.396
DECISION : ALLOW
------------------------------------------------------------
[SEQ 459] [LAYER 0]
CMD      : M104 S200
TRUST    : acc_cmd=0.000 | acc_exec=0.333 | trust=0.114
DECISION : PAUSE
MACHINE  : Machine-3
------------------------------------------------------------
[SEQ 459] [STATIC-BASELINE]
CMD      : M104 | effects={'M': 104.0, 'S': 200.0, 'prev_temp': 220.0}
DECISION : ALLOW
------------------------------------------------------------
[SEQ 459] [IEEE-BASELINE]
SCORE    : anomaly_score=17.656
DECISION : ALLOW
------------------------------------------------------------
[SEQ 460] [LAYER 0]
CMD      : M104 S220
TRUST    : acc_cmd=0.000 | acc_exec=0.333 | trust=0.102
DECISION : PAUSE
MACHINE  : Machine-3
------------------------------------------------------------
[SEQ 460] [STATIC-BASELINE]
CMD      : M104 | effects={'M': 104.0, 'S': 220.0, 'prev_temp': 200.0}
DECISION : ALLOW
------------------------------------------------------------
[SEQ 460] [IEEE-BASELINE]
SCORE    : anomaly_score=17.890
DECISION : ALLOW
------------------------------------------------------------
[SEQ 461] [LAYER 0]
CMD      : M104 S200
TRUST    : acc_cmd=0.000 | acc_exec=0.333 | trust=0.094
DECISION : PAUSE
MACHINE  : Machine-3
------------------------------------------------------------
[SEQ 461] [STATIC-BASELINE]
CMD      : M104 | effects={'M': 104.0, 'S': 200.0, 'prev_temp': 220.0}
DECISION : ALLOW
------------------------------------------------------------
[SEQ 461] [IEEE-BASELINE]
SCORE    : anomaly_score=18.101
DECISION : ALLOW
------------------------------------------------------------
[SEQ 462] [LAYER 0]
CMD      : M104 S220
TRUST    : acc_cmd=0.000 | acc_exec=0.333 | trust=0.089
DECISION : PAUSE
MACHINE  : Machine-3
------------------------------------------------------------
[SEQ 462] [STATIC-BASELINE]
CMD      : M104 | effects={'M': 104.0, 'S': 220.0, 'prev_temp': 200.0}
DECISION : ALLOW
------------------------------------------------------------
[SEQ 462] [IEEE-BASELINE]
SCORE    : anomaly_score=18.291
DECISION : ALLOW
------------------------------------------------------------
[SEQ 463] [LAYER 0]
CMD      : M104 S200
TRUST    : acc_cmd=0.000 | acc_exec=0.333 | trust=0.086
DECISION : PAUSE
MACHINE  : Machine-3
------------------------------------------------------------
[SEQ 463] [STATIC-BASELINE]
CMD      : M104 | effects={'M': 104.0, 'S': 200.0, 'prev_temp': 220.0}
DECISION : ALLOW
------------------------------------------------------------
[SEQ 463] [IEEE-BASELINE]
SCORE    : anomaly_score=18.462
DECISION : ALLOW
------------------------------------------------------------
[SEQ 464] [LAYER 0]
CMD      : M104 S220
TRUST    : acc_cmd=0.000 | acc_exec=0.333 | trust=0.085
DECISION : PAUSE
MACHINE  : Machine-3
------------------------------------------------------------
[SEQ 464] [STATIC-BASELINE]
CMD      : M104 | effects={'M': 104.0, 'S': 220.0, 'prev_temp': 200.0}
DECISION : ALLOW
------------------------------------------------------------
[SEQ 464] [IEEE-BASELINE]
SCORE    : anomaly_score=18.616
DECISION : ALLOW
------------------------------------------------------------
[SEQ 465] [LAYER 0]
CMD      : M104 S200
TRUST    : acc_cmd=0.000 | acc_exec=0.333 | trust=0.084
DECISION : PAUSE
MACHINE  : Machine-3
------------------------------------------------------------
[SEQ 465] [STATIC-BASELINE]
CMD      : M104 | effects={'M': 104.0, 'S': 200.0, 'prev_temp': 220.0}
DECISION : ALLOW
------------------------------------------------------------
[SEQ 465] [IEEE-BASELINE]
SCORE    : anomaly_score=18.754
DECISION : ALLOW
------------------------------------------------------------
[SEQ 466] [LAYER 0]
CMD      : M104 S220
TRUST    : acc_cmd=0.000 | acc_exec=0.333 | trust=0.083
DECISION : PAUSE
MACHINE  : Machine-3
------------------------------------------------------------
[SEQ 466] [STATIC-BASELINE]
CMD      : M104 | effects={'M': 104.0, 'S': 220.0, 'prev_temp': 200.0}
DECISION : ALLOW
------------------------------------------------------------
[SEQ 466] [IEEE-BASELINE]
SCORE    : anomaly_score=18.879
DECISION : ALLOW
------------------------------------------------------------
[SEQ 467] [LAYER 0]
CMD      : M104 S200
TRUST    : acc_cmd=0.000 | acc_exec=0.333 | trust=0.083
DECISION : PAUSE
MACHINE  : Machine-3
------------------------------------------------------------
[SEQ 467] [STATIC-BASELINE]
CMD      : M104 | effects={'M': 104.0, 'S': 200.0, 'prev_temp': 220.0}
DECISION : ALLOW
------------------------------------------------------------
[SEQ 467] [IEEE-BASELINE]
SCORE    : anomaly_score=18.991
DECISION : ALLOW
------------------------------------------------------------
[SEQ 468] [LAYER 0]
CMD      : M104 S220
TRUST    : acc_cmd=0.000 | acc_exec=0.333 | trust=0.082
DECISION : PAUSE
MACHINE  : Machine-3
------------------------------------------------------------
[SEQ 468] [STATIC-BASELINE]
CMD      : M104 | effects={'M': 104.0, 'S': 220.0, 'prev_temp': 200.0}
DECISION : ALLOW
------------------------------------------------------------
[SEQ 468] [IEEE-BASELINE]
SCORE    : anomaly_score=19.092
DECISION : ALLOW
------------------------------------------------------------
[SEQ 469] [LAYER 0]
CMD      : M104 S200
TRUST    : acc_cmd=0.000 | acc_exec=0.333 | trust=0.082
DECISION : PAUSE
MACHINE  : Machine-3
------------------------------------------------------------
[SEQ 469] [STATIC-BASELINE]
CMD      : M104 | effects={'M': 104.0, 'S': 200.0, 'prev_temp': 220.0}
DECISION : ALLOW
------------------------------------------------------------
[SEQ 469] [IEEE-BASELINE]
SCORE    : anomaly_score=19.183
DECISION : ALLOW
------------------------------------------------------------
[SEQ 470] [LAYER 0]
CMD      : M104 S220
TRUST    : acc_cmd=0.000 | acc_exec=0.333 | trust=0.082
DECISION : PAUSE
MACHINE  : Machine-3
------------------------------------------------------------
[SEQ 470] [STATIC-BASELINE]
CMD      : M104 | effects={'M': 104.0, 'S': 220.0, 'prev_temp': 200.0}
DECISION : ALLOW
------------------------------------------------------------
[SEQ 470] [IEEE-BASELINE]
SCORE    : anomaly_score=19.264
DECISION : ALLOW
------------------------------------------------------------
[SEQ 471] [LAYER 0]
CMD      : M104 S200
TRUST    : acc_cmd=0.000 | acc_exec=0.333 | trust=0.082
DECISION : PAUSE
MACHINE  : Machine-3
------------------------------------------------------------
[SEQ 471] [STATIC-BASELINE]
CMD      : M104 | effects={'M': 104.0, 'S': 200.0, 'prev_temp': 220.0}
DECISION : ALLOW
------------------------------------------------------------
[SEQ 471] [IEEE-BASELINE]
SCORE    : anomaly_score=19.338
DECISION : ALLOW
------------------------------------------------------------
[SEQ 472] [LAYER 0]
CMD      : M104 S220
TRUST    : acc_cmd=0.000 | acc_exec=0.333 | trust=0.082
DECISION : PAUSE
MACHINE  : Machine-3
------------------------------------------------------------
[SEQ 472] [STATIC-BASELINE]
CMD      : M104 | effects={'M': 104.0, 'S': 220.0, 'prev_temp': 200.0}
DECISION : ALLOW
------------------------------------------------------------
[SEQ 472] [IEEE-BASELINE]
SCORE    : anomaly_score=19.404
DECISION : ALLOW
------------------------------------------------------------
[SEQ 473] [LAYER 0]
CMD      : M104 S200
TRUST    : acc_cmd=0.000 | acc_exec=0.333 | trust=0.082
DECISION : PAUSE
MACHINE  : Machine-3
------------------------------------------------------------
[SEQ 473] [STATIC-BASELINE]
CMD      : M104 | effects={'M': 104.0, 'S': 200.0, 'prev_temp': 220.0}
DECISION : ALLOW
------------------------------------------------------------
[SEQ 473] [IEEE-BASELINE]
SCORE    : anomaly_score=19.464
DECISION : ALLOW
------------------------------------------------------------
[SEQ 474] [LAYER 0]
CMD      : G1 X163.041 Y120.303 E11.46879
TRUST    : acc_cmd=0.000 | acc_exec=0.000 | trust=0.167
DECISION : PAUSE
MACHINE  : Machine-3
------------------------------------------------------------
[SEQ 474] [STATIC-BASELINE]
CMD      : G1 | effects={'dx': -0.8000000000000114, 'dy': 1.918999999999997, 'dz': 0.0, 'de': 0.19309999999999938, 'xy_dist': 2.079076958652567, 'params': {'G': 1.0, 'X': 163.041, 'Y': 120.303, 'E': 11.46879}}
DECISION : ALLOW
------------------------------------------------------------
[SEQ 474] [IEEE-BASELINE]
SCORE    : anomaly_score=17.517
DECISION : ALLOW
------------------------------------------------------------
[SEQ 475] [LAYER 0]
CMD      : M104 S220
TRUST    : acc_cmd=0.000 | acc_exec=0.333 | trust=0.156
DECISION : PAUSE
MACHINE  : Machine-3
------------------------------------------------------------
[SEQ 475] [STATIC-BASELINE]
CMD      : M104 | effects={'M': 104.0, 'S': 220.0, 'prev_temp': 200.0}
DECISION : ALLOW
------------------------------------------------------------
[SEQ 475] [IEEE-BASELINE]
SCORE    : anomaly_score=17.766
DECISION : ALLOW
------------------------------------------------------------
[SEQ 476] [LAYER 0]
CMD      : M104 S200
TRUST    : acc_cmd=0.000 | acc_exec=0.333 | trust=0.133
DECISION : PAUSE
MACHINE  : Machine-3
------------------------------------------------------------
[SEQ 476] [STATIC-BASELINE]
CMD      : M104 | effects={'M': 104.0, 'S': 200.0, 'prev_temp': 220.0}
DECISION : ALLOW
------------------------------------------------------------
[SEQ 476] [IEEE-BASELINE]
SCORE    : anomaly_score=17.989
DECISION : ALLOW
------------------------------------------------------------
[SEQ 477] [LAYER 0]
CMD      : M104 S220
TRUST    : acc_cmd=0.000 | acc_exec=0.333 | trust=0.114
DECISION : PAUSE
MACHINE  : Machine-3
------------------------------------------------------------
[SEQ 477] [STATIC-BASELINE]
CMD      : M104 | effects={'M': 104.0, 'S': 220.0, 'prev_temp': 200.0}
DECISION : ALLOW
------------------------------------------------------------
[SEQ 477] [IEEE-BASELINE]
SCORE    : anomaly_score=18.190
DECISION : ALLOW
------------------------------------------------------------
[SEQ 478] [LAYER 0]
CMD      : M104 S200
TRUST    : acc_cmd=0.000 | acc_exec=0.333 | trust=0.102
DECISION : PAUSE
MACHINE  : Machine-3
------------------------------------------------------------
[SEQ 478] [STATIC-BASELINE]
CMD      : M104 | effects={'M': 104.0, 'S': 200.0, 'prev_temp': 220.0}
DECISION : ALLOW
------------------------------------------------------------
[SEQ 478] [IEEE-BASELINE]
SCORE    : anomaly_score=18.371
DECISION : ALLOW
------------------------------------------------------------
[SEQ 479] [LAYER 0]
CMD      : M104 S220
TRUST    : acc_cmd=0.000 | acc_exec=0.333 | trust=0.094
DECISION : PAUSE
MACHINE  : Machine-3
------------------------------------------------------------
[SEQ 479] [STATIC-BASELINE]
CMD      : M104 | effects={'M': 104.0, 'S': 220.0, 'prev_temp': 200.0}
DECISION : ALLOW
------------------------------------------------------------
[SEQ 479] [IEEE-BASELINE]
SCORE    : anomaly_score=18.534
DECISION : ALLOW
------------------------------------------------------------
[SEQ 480] [LAYER 0]
CMD      : M104 S200
TRUST    : acc_cmd=0.000 | acc_exec=0.333 | trust=0.089
DECISION : PAUSE
MACHINE  : Machine-3
------------------------------------------------------------
[SEQ 480] [STATIC-BASELINE]
CMD      : M104 | effects={'M': 104.0, 'S': 200.0, 'prev_temp': 220.0}
DECISION : ALLOW
------------------------------------------------------------
[SEQ 480] [IEEE-BASELINE]
SCORE    : anomaly_score=18.681
DECISION : ALLOW
------------------------------------------------------------
[SEQ 481] [LAYER 0]
CMD      : M104 S220
TRUST    : acc_cmd=0.000 | acc_exec=0.333 | trust=0.086
DECISION : PAUSE
MACHINE  : Machine-3
------------------------------------------------------------
[SEQ 481] [STATIC-BASELINE]
CMD      : M104 | effects={'M': 104.0, 'S': 220.0, 'prev_temp': 200.0}
DECISION : ALLOW
------------------------------------------------------------
[SEQ 481] [IEEE-BASELINE]
SCORE    : anomaly_score=18.813
DECISION : ALLOW
------------------------------------------------------------
[SEQ 482] [LAYER 0]
CMD      : M104 S200
TRUST    : acc_cmd=0.000 | acc_exec=0.333 | trust=0.085
DECISION : PAUSE
MACHINE  : Machine-3
------------------------------------------------------------
[SEQ 482] [STATIC-BASELINE]
CMD      : M104 | effects={'M': 104.0, 'S': 200.0, 'prev_temp': 220.0}
DECISION : ALLOW
------------------------------------------------------------
[SEQ 482] [IEEE-BASELINE]
SCORE    : anomaly_score=18.931
DECISION : ALLOW
------------------------------------------------------------
[SEQ 483] [LAYER 0]
CMD      : M104 S220
TRUST    : acc_cmd=0.000 | acc_exec=0.333 | trust=0.084
DECISION : PAUSE
MACHINE  : Machine-3
------------------------------------------------------------
[SEQ 483] [STATIC-BASELINE]
CMD      : M104 | effects={'M': 104.0, 'S': 220.0, 'prev_temp': 200.0}
DECISION : ALLOW
------------------------------------------------------------
[SEQ 483] [IEEE-BASELINE]
SCORE    : anomaly_score=19.038
DECISION : ALLOW
------------------------------------------------------------
[SEQ 484] [LAYER 0]
CMD      : M104 S200
TRUST    : acc_cmd=0.000 | acc_exec=0.333 | trust=0.083
DECISION : PAUSE
MACHINE  : Machine-3
------------------------------------------------------------
[SEQ 484] [STATIC-BASELINE]
CMD      : M104 | effects={'M': 104.0, 'S': 200.0, 'prev_temp': 220.0}
DECISION : ALLOW
------------------------------------------------------------
[SEQ 484] [IEEE-BASELINE]
SCORE    : anomaly_score=19.134
DECISION : ALLOW
------------------------------------------------------------
[SEQ 485] [LAYER 0]
CMD      : M104 S220
TRUST    : acc_cmd=0.000 | acc_exec=0.333 | trust=0.083
DECISION : PAUSE
MACHINE  : Machine-3
------------------------------------------------------------
[SEQ 485] [STATIC-BASELINE]
CMD      : M104 | effects={'M': 104.0, 'S': 220.0, 'prev_temp': 200.0}
DECISION : ALLOW
------------------------------------------------------------
[SEQ 485] [IEEE-BASELINE]
SCORE    : anomaly_score=19.221
DECISION : ALLOW
------------------------------------------------------------
[SEQ 486] [LAYER 0]
CMD      : M104 S200
TRUST    : acc_cmd=0.000 | acc_exec=0.333 | trust=0.082
DECISION : PAUSE
MACHINE  : Machine-3
------------------------------------------------------------
[SEQ 486] [STATIC-BASELINE]
CMD      : M104 | effects={'M': 104.0, 'S': 200.0, 'prev_temp': 220.0}
DECISION : ALLOW
------------------------------------------------------------
[SEQ 486] [IEEE-BASELINE]
SCORE    : anomaly_score=19.299
DECISION : ALLOW
------------------------------------------------------------
[SEQ 487] [LAYER 0]
CMD      : M104 S220
TRUST    : acc_cmd=0.000 | acc_exec=0.333 | trust=0.082
DECISION : PAUSE
MACHINE  : Machine-3
------------------------------------------------------------
[SEQ 487] [STATIC-BASELINE]
CMD      : M104 | effects={'M': 104.0, 'S': 220.0, 'prev_temp': 200.0}
DECISION : ALLOW
------------------------------------------------------------
[SEQ 487] [IEEE-BASELINE]
SCORE    : anomaly_score=19.369
DECISION : ALLOW
------------------------------------------------------------
[SEQ 488] [LAYER 0]
CMD      : M104 S200
TRUST    : acc_cmd=0.000 | acc_exec=0.333 | trust=0.082
DECISION : PAUSE
MACHINE  : Machine-3
------------------------------------------------------------
[SEQ 488] [STATIC-BASELINE]
CMD      : M104 | effects={'M': 104.0, 'S': 200.0, 'prev_temp': 220.0}
DECISION : ALLOW
------------------------------------------------------------
[SEQ 488] [IEEE-BASELINE]
SCORE    : anomaly_score=19.432
DECISION : ALLOW
------------------------------------------------------------
[SEQ 489] [LAYER 0]
CMD      : M104 S220
TRUST    : acc_cmd=0.000 | acc_exec=0.333 | trust=0.082
DECISION : PAUSE
MACHINE  : Machine-3
------------------------------------------------------------
[SEQ 489] [STATIC-BASELINE]
CMD      : M104 | effects={'M': 104.0, 'S': 220.0, 'prev_temp': 200.0}
DECISION : ALLOW
------------------------------------------------------------
[SEQ 489] [IEEE-BASELINE]
SCORE    : anomaly_score=19.489
DECISION : ALLOW
------------------------------------------------------------
[SEQ 490] [LAYER 0]
CMD      : M104 S200
TRUST    : acc_cmd=0.000 | acc_exec=0.333 | trust=0.082
DECISION : PAUSE
MACHINE  : Machine-3
------------------------------------------------------------
[SEQ 490] [STATIC-BASELINE]
CMD      : M104 | effects={'M': 104.0, 'S': 200.0, 'prev_temp': 220.0}
DECISION : ALLOW
------------------------------------------------------------
[SEQ 490] [IEEE-BASELINE]
SCORE    : anomaly_score=19.540
DECISION : ALLOW
------------------------------------------------------------
[SEQ 491] [LAYER 0]
CMD      : M104 S220
TRUST    : acc_cmd=0.000 | acc_exec=0.333 | trust=0.082
DECISION : PAUSE
MACHINE  : Machine-3
------------------------------------------------------------
[SEQ 491] [STATIC-BASELINE]
CMD      : M104 | effects={'M': 104.0, 'S': 220.0, 'prev_temp': 200.0}
DECISION : ALLOW
------------------------------------------------------------
[SEQ 491] [IEEE-BASELINE]
SCORE    : anomaly_score=19.586
DECISION : ALLOW
------------------------------------------------------------
[SEQ 492] [LAYER 0]
CMD      : M104 S200
TRUST    : acc_cmd=0.000 | acc_exec=0.333 | trust=0.082
DECISION : PAUSE
MACHINE  : Machine-3
------------------------------------------------------------
[SEQ 492] [STATIC-BASELINE]
CMD      : M104 | effects={'M': 104.0, 'S': 200.0, 'prev_temp': 220.0}
DECISION : ALLOW
------------------------------------------------------------
[SEQ 492] [IEEE-BASELINE]
SCORE    : anomaly_score=19.627
DECISION : ALLOW
------------------------------------------------------------
[SEQ 493] [LAYER 0]
CMD      : M104 S220
TRUST    : acc_cmd=0.000 | acc_exec=0.333 | trust=0.082
DECISION : PAUSE
MACHINE  : Machine-3
------------------------------------------------------------
[SEQ 493] [STATIC-BASELINE]
CMD      : M104 | effects={'M': 104.0, 'S': 220.0, 'prev_temp': 200.0}
DECISION : ALLOW
------------------------------------------------------------
[SEQ 493] [IEEE-BASELINE]
SCORE    : anomaly_score=19.665
DECISION : ALLOW
------------------------------------------------------------
[SEQ 494] [LAYER 0]
CMD      : M104 S200
TRUST    : acc_cmd=0.000 | acc_exec=0.333 | trust=0.082
DECISION : PAUSE
MACHINE  : Machine-3
------------------------------------------------------------
[SEQ 494] [STATIC-BASELINE]
CMD      : M104 | effects={'M': 104.0, 'S': 200.0, 'prev_temp': 220.0}
DECISION : ALLOW
------------------------------------------------------------
[SEQ 494] [IEEE-BASELINE]
SCORE    : anomaly_score=19.698
DECISION : ALLOW
------------------------------------------------------------
[SEQ 495] [LAYER 0]
CMD      : M104 S220
TRUST    : acc_cmd=0.000 | acc_exec=0.333 | trust=0.082
DECISION : PAUSE
MACHINE  : Machine-3
------------------------------------------------------------
[SEQ 495] [STATIC-BASELINE]
CMD      : M104 | effects={'M': 104.0, 'S': 220.0, 'prev_temp': 200.0}
DECISION : ALLOW
------------------------------------------------------------
[SEQ 495] [IEEE-BASELINE]
SCORE    : anomaly_score=19.728
DECISION : ALLOW
------------------------------------------------------------
[SEQ 496] [LAYER 0]
CMD      : M104 S200
TRUST    : acc_cmd=0.000 | acc_exec=0.333 | trust=0.082
DECISION : PAUSE
MACHINE  : Machine-3
------------------------------------------------------------
[SEQ 496] [STATIC-BASELINE]
CMD      : M104 | effects={'M': 104.0, 'S': 200.0, 'prev_temp': 220.0}
DECISION : ALLOW
------------------------------------------------------------
[SEQ 496] [IEEE-BASELINE]
SCORE    : anomaly_score=19.756
DECISION : ALLOW
------------------------------------------------------------
[SEQ 497] [LAYER 0]
CMD      : M104 S220
TRUST    : acc_cmd=0.000 | acc_exec=0.333 | trust=0.082
DECISION : PAUSE
MACHINE  : Machine-3
------------------------------------------------------------
[SEQ 497] [STATIC-BASELINE]
CMD      : M104 | effects={'M': 104.0, 'S': 220.0, 'prev_temp': 200.0}
DECISION : ALLOW
------------------------------------------------------------
[SEQ 497] [IEEE-BASELINE]
SCORE    : anomaly_score=19.780
DECISION : ALLOW
------------------------------------------------------------
[SEQ 498] [LAYER 0]
CMD      : M104 S200
TRUST    : acc_cmd=0.000 | acc_exec=0.333 | trust=0.082
DECISION : PAUSE
MACHINE  : Machine-3
------------------------------------------------------------
[SEQ 498] [STATIC-BASELINE]
CMD      : M104 | effects={'M': 104.0, 'S': 200.0, 'prev_temp': 220.0}
DECISION : ALLOW
------------------------------------------------------------
[SEQ 498] [IEEE-BASELINE]
SCORE    : anomaly_score=19.802
DECISION : ALLOW
------------------------------------------------------------
[SEQ 499] [LAYER 0]
CMD      : M104 S220
TRUST    : acc_cmd=0.000 | acc_exec=0.333 | trust=0.082
DECISION : PAUSE
MACHINE  : Machine-3
------------------------------------------------------------
[SEQ 499] [STATIC-BASELINE]
CMD      : M104 | effects={'M': 104.0, 'S': 220.0, 'prev_temp': 200.0}
DECISION : ALLOW
------------------------------------------------------------
[SEQ 499] [IEEE-BASELINE]
SCORE    : anomaly_score=19.822
DECISION : ALLOW
------------------------------------------------------------
[SEQ 500] [LAYER 0]
CMD      : M104 S200
TRUST    : acc_cmd=0.000 | acc_exec=0.333 | trust=0.082
DECISION : PAUSE
MACHINE  : Machine-3
------------------------------------------------------------
[SEQ 500] [STATIC-BASELINE]
CMD      : M104 | effects={'M': 104.0, 'S': 200.0, 'prev_temp': 220.0}
DECISION : ALLOW
------------------------------------------------------------
[SEQ 500] [IEEE-BASELINE]
SCORE    : anomaly_score=19.840
DECISION : ALLOW
------------------------------------------------------------
[SEQ 501] [LAYER 0]
CMD      : M104 S220
TRUST    : acc_cmd=0.000 | acc_exec=0.333 | trust=0.082
DECISION : PAUSE
MACHINE  : Machine-3
------------------------------------------------------------
[SEQ 501] [STATIC-BASELINE]
CMD      : M104 | effects={'M': 104.0, 'S': 220.0, 'prev_temp': 200.0}
DECISION : ALLOW
------------------------------------------------------------
[SEQ 501] [IEEE-BASELINE]
SCORE    : anomaly_score=19.856
DECISION : ALLOW
------------------------------------------------------------
[SEQ 502] [LAYER 0]
CMD      : M104 S200
TRUST    : acc_cmd=0.000 | acc_exec=0.333 | trust=0.082
DECISION : PAUSE
MACHINE  : Machine-3
------------------------------------------------------------
[SEQ 502] [STATIC-BASELINE]
CMD      : M104 | effects={'M': 104.0, 'S': 200.0, 'prev_temp': 220.0}
DECISION : ALLOW
------------------------------------------------------------
[SEQ 502] [IEEE-BASELINE]
SCORE    : anomaly_score=19.870
DECISION : ALLOW
------------------------------------------------------------
[SEQ 503] [LAYER 0]
CMD      : M104 S220
TRUST    : acc_cmd=0.000 | acc_exec=0.333 | trust=0.082
DECISION : PAUSE
MACHINE  : Machine-3
------------------------------------------------------------
[SEQ 503] [STATIC-BASELINE]
CMD      : M104 | effects={'M': 104.0, 'S': 220.0, 'prev_temp': 200.0}
DECISION : ALLOW
------------------------------------------------------------
[SEQ 503] [IEEE-BASELINE]
SCORE    : anomaly_score=19.883
DECISION : ALLOW
------------------------------------------------------------
[SEQ 504] [LAYER 0]
CMD      : M104 S200
TRUST    : acc_cmd=0.000 | acc_exec=0.333 | trust=0.082
DECISION : PAUSE
MACHINE  : Machine-3
------------------------------------------------------------
[SEQ 504] [STATIC-BASELINE]
CMD      : M104 | effects={'M': 104.0, 'S': 200.0, 'prev_temp': 220.0}
DECISION : ALLOW
------------------------------------------------------------
[SEQ 504] [IEEE-BASELINE]
SCORE    : anomaly_score=19.895
DECISION : ALLOW
------------------------------------------------------------
[SEQ 505] [LAYER 0]
CMD      : M104 S220
TRUST    : acc_cmd=0.000 | acc_exec=0.333 | trust=0.082
DECISION : PAUSE
MACHINE  : Machine-3
------------------------------------------------------------
[SEQ 505] [STATIC-BASELINE]
CMD      : M104 | effects={'M': 104.0, 'S': 220.0, 'prev_temp': 200.0}
DECISION : ALLOW
------------------------------------------------------------
[SEQ 505] [IEEE-BASELINE]
SCORE    : anomaly_score=19.905
DECISION : ALLOW
------------------------------------------------------------
[SEQ 506] [LAYER 0]
CMD      : M104 S200
TRUST    : acc_cmd=0.000 | acc_exec=0.333 | trust=0.082
DECISION : PAUSE
MACHINE  : Machine-3
------------------------------------------------------------
[SEQ 506] [STATIC-BASELINE]
CMD      : M104 | effects={'M': 104.0, 'S': 200.0, 'prev_temp': 220.0}
DECISION : ALLOW
------------------------------------------------------------
[SEQ 506] [IEEE-BASELINE]
SCORE    : anomaly_score=19.915
DECISION : ALLOW
------------------------------------------------------------
[SEQ 507] [LAYER 0]
CMD      : M104 S220
TRUST    : acc_cmd=0.000 | acc_exec=0.333 | trust=0.082
DECISION : PAUSE
MACHINE  : Machine-3
------------------------------------------------------------
[SEQ 507] [STATIC-BASELINE]
CMD      : M104 | effects={'M': 104.0, 'S': 220.0, 'prev_temp': 200.0}
DECISION : ALLOW
------------------------------------------------------------
[SEQ 507] [IEEE-BASELINE]
SCORE    : anomaly_score=19.923
DECISION : ALLOW
------------------------------------------------------------
[SEQ 508] [LAYER 0]
CMD      : M104 S200
TRUST    : acc_cmd=0.000 | acc_exec=0.333 | trust=0.082
DECISION : PAUSE
MACHINE  : Machine-3
------------------------------------------------------------
[SEQ 508] [STATIC-BASELINE]
CMD      : M104 | effects={'M': 104.0, 'S': 200.0, 'prev_temp': 220.0}
DECISION : ALLOW
------------------------------------------------------------
[SEQ 508] [IEEE-BASELINE]
SCORE    : anomaly_score=19.931
DECISION : ALLOW
------------------------------------------------------------
[SEQ 509] [LAYER 0]
CMD      : M104 S220
TRUST    : acc_cmd=0.000 | acc_exec=0.333 | trust=0.082
DECISION : PAUSE
MACHINE  : Machine-3
------------------------------------------------------------
[SEQ 509] [STATIC-BASELINE]
CMD      : M104 | effects={'M': 104.0, 'S': 220.0, 'prev_temp': 200.0}
DECISION : ALLOW
------------------------------------------------------------
[SEQ 509] [IEEE-BASELINE]
SCORE    : anomaly_score=19.938
DECISION : ALLOW
------------------------------------------------------------
[SEQ 510] [LAYER 0]
CMD      : M104 S200
TRUST    : acc_cmd=0.000 | acc_exec=0.333 | trust=0.082
DECISION : PAUSE
MACHINE  : Machine-3
------------------------------------------------------------
[SEQ 510] [STATIC-BASELINE]
CMD      : M104 | effects={'M': 104.0, 'S': 200.0, 'prev_temp': 220.0}
DECISION : ALLOW
------------------------------------------------------------
[SEQ 510] [IEEE-BASELINE]
SCORE    : anomaly_score=19.944
DECISION : ALLOW
------------------------------------------------------------
[SEQ 511] [LAYER 0]
CMD      : M104 S220
TRUST    : acc_cmd=0.000 | acc_exec=0.333 | trust=0.082
DECISION : PAUSE
MACHINE  : Machine-3
------------------------------------------------------------
[SEQ 511] [STATIC-BASELINE]
CMD      : M104 | effects={'M': 104.0, 'S': 220.0, 'prev_temp': 200.0}
DECISION : ALLOW
------------------------------------------------------------
[SEQ 511] [IEEE-BASELINE]
SCORE    : anomaly_score=19.950
DECISION : ALLOW
------------------------------------------------------------
[SEQ 512] [LAYER 0]
CMD      : M104 S200
TRUST    : acc_cmd=0.000 | acc_exec=0.333 | trust=0.082
DECISION : PAUSE
MACHINE  : Machine-3
------------------------------------------------------------
[SEQ 512] [STATIC-BASELINE]
CMD      : M104 | effects={'M': 104.0, 'S': 200.0, 'prev_temp': 220.0}
DECISION : ALLOW
------------------------------------------------------------
[SEQ 512] [IEEE-BASELINE]
SCORE    : anomaly_score=19.955
DECISION : ALLOW
------------------------------------------------------------
[SEQ 513] [LAYER 0]
CMD      : M104 S220
TRUST    : acc_cmd=0.000 | acc_exec=0.333 | trust=0.082
DECISION : PAUSE
MACHINE  : Machine-3
------------------------------------------------------------
[SEQ 513] [STATIC-BASELINE]
CMD      : M104 | effects={'M': 104.0, 'S': 220.0, 'prev_temp': 200.0}
DECISION : ALLOW
------------------------------------------------------------
[SEQ 513] [IEEE-BASELINE]
SCORE    : anomaly_score=19.959
DECISION : ALLOW
------------------------------------------------------------
[SEQ 514] [LAYER 0]
CMD      : M104 S200
TRUST    : acc_cmd=0.000 | acc_exec=0.333 | trust=0.082
DECISION : PAUSE
MACHINE  : Machine-3
------------------------------------------------------------
[SEQ 514] [STATIC-BASELINE]
CMD      : M104 | effects={'M': 104.0, 'S': 200.0, 'prev_temp': 220.0}
DECISION : ALLOW
------------------------------------------------------------
[SEQ 514] [IEEE-BASELINE]
SCORE    : anomaly_score=19.963
DECISION : ALLOW
------------------------------------------------------------
[SEQ 515] [LAYER 0]
CMD      : M104 S220
TRUST    : acc_cmd=0.000 | acc_exec=0.333 | trust=0.082
DECISION : PAUSE
MACHINE  : Machine-3
------------------------------------------------------------
[SEQ 515] [STATIC-BASELINE]
CMD      : M104 | effects={'M': 104.0, 'S': 220.0, 'prev_temp': 200.0}
DECISION : ALLOW
------------------------------------------------------------
[SEQ 515] [IEEE-BASELINE]
SCORE    : anomaly_score=19.967
DECISION : ALLOW
------------------------------------------------------------
[SEQ 516] [LAYER 0]
CMD      : M104 S200
TRUST    : acc_cmd=0.000 | acc_exec=0.333 | trust=0.082
DECISION : PAUSE
MACHINE  : Machine-3
------------------------------------------------------------
[SEQ 516] [STATIC-BASELINE]
CMD      : M104 | effects={'M': 104.0, 'S': 200.0, 'prev_temp': 220.0}
DECISION : ALLOW
------------------------------------------------------------
[SEQ 516] [IEEE-BASELINE]
SCORE    : anomaly_score=19.970
DECISION : ALLOW
------------------------------------------------------------
[SEQ 517] [LAYER 0]
CMD      : M104 S220
TRUST    : acc_cmd=0.000 | acc_exec=0.333 | trust=0.082
DECISION : PAUSE
MACHINE  : Machine-3
------------------------------------------------------------
[SEQ 517] [STATIC-BASELINE]
CMD      : M104 | effects={'M': 104.0, 'S': 220.0, 'prev_temp': 200.0}
DECISION : ALLOW
------------------------------------------------------------
[SEQ 517] [IEEE-BASELINE]
SCORE    : anomaly_score=19.973
DECISION : ALLOW
------------------------------------------------------------
[SEQ 518] [LAYER 0]
CMD      : M104 S200
TRUST    : acc_cmd=0.000 | acc_exec=0.333 | trust=0.082
DECISION : PAUSE
MACHINE  : Machine-3
------------------------------------------------------------
[SEQ 518] [STATIC-BASELINE]
CMD      : M104 | effects={'M': 104.0, 'S': 200.0, 'prev_temp': 220.0}
DECISION : ALLOW
------------------------------------------------------------
[SEQ 518] [IEEE-BASELINE]
SCORE    : anomaly_score=19.976
DECISION : ALLOW
------------------------------------------------------------
[SEQ 519] [LAYER 0]
CMD      : ;TIME_ELAPSED:26.586445
TRUST    : acc_cmd=0.000 | acc_exec=0.000 | trust=0.167
DECISION : PAUSE
MACHINE  : Machine-3
------------------------------------------------------------
[SEQ 519] [STATIC-BASELINE]
CMD      : None | effects={}
DECISION : ALLOW
------------------------------------------------------------
[SEQ 519] [IEEE-BASELINE]
SCORE    : anomaly_score=17.978
DECISION : ALLOW
------------------------------------------------------------
[SEQ 520] [LAYER 1]
CMD      : M104 S220
TRUST    : acc_cmd=0.000 | acc_exec=0.333 | trust=0.156
DECISION : PAUSE
MACHINE  : Machine-3
------------------------------------------------------------
[SEQ 520] [STATIC-BASELINE]
CMD      : M104 | effects={'M': 104.0, 'S': 220.0, 'prev_temp': 200.0}
DECISION : ALLOW
------------------------------------------------------------
[SEQ 520] [IEEE-BASELINE]
SCORE    : anomaly_score=18.180
DECISION : ALLOW
------------------------------------------------------------
[SEQ 521] [LAYER 1]
CMD      : M104 S200
TRUST    : acc_cmd=0.000 | acc_exec=0.333 | trust=0.133
DECISION : PAUSE
MACHINE  : Machine-3
------------------------------------------------------------
[SEQ 521] [STATIC-BASELINE]
CMD      : M104 | effects={'M': 104.0, 'S': 200.0, 'prev_temp': 220.0}
DECISION : ALLOW
------------------------------------------------------------
[SEQ 521] [IEEE-BASELINE]
SCORE    : anomaly_score=18.362
DECISION : ALLOW
------------------------------------------------------------
[SEQ 522] [LAYER 1]
CMD      : M104 S220
TRUST    : acc_cmd=0.000 | acc_exec=0.333 | trust=0.114
DECISION : PAUSE
MACHINE  : Machine-3
------------------------------------------------------------
[SEQ 522] [STATIC-BASELINE]
CMD      : M104 | effects={'M': 104.0, 'S': 220.0, 'prev_temp': 200.0}
DECISION : ALLOW
------------------------------------------------------------
[SEQ 522] [IEEE-BASELINE]
SCORE    : anomaly_score=18.526
DECISION : ALLOW
------------------------------------------------------------
[SEQ 523] [LAYER 1]
CMD      : M104 S200
TRUST    : acc_cmd=0.000 | acc_exec=0.333 | trust=0.102
DECISION : PAUSE
MACHINE  : Machine-3
------------------------------------------------------------
[SEQ 523] [STATIC-BASELINE]
CMD      : M104 | effects={'M': 104.0, 'S': 200.0, 'prev_temp': 220.0}
DECISION : ALLOW
------------------------------------------------------------
[SEQ 523] [IEEE-BASELINE]
SCORE    : anomaly_score=18.674
DECISION : ALLOW
------------------------------------------------------------
[SEQ 524] [LAYER 1]
CMD      : M104 S220
TRUST    : acc_cmd=0.000 | acc_exec=0.333 | trust=0.094
DECISION : PAUSE
MACHINE  : Machine-3
------------------------------------------------------------
[SEQ 524] [STATIC-BASELINE]
CMD      : M104 | effects={'M': 104.0, 'S': 220.0, 'prev_temp': 200.0}
DECISION : ALLOW
------------------------------------------------------------
[SEQ 524] [IEEE-BASELINE]
SCORE    : anomaly_score=18.806
DECISION : ALLOW
------------------------------------------------------------
[SEQ 525] [LAYER 1]
CMD      : M104 S200
TRUST    : acc_cmd=0.000 | acc_exec=0.333 | trust=0.089
DECISION : PAUSE
MACHINE  : Machine-3
------------------------------------------------------------
[SEQ 525] [STATIC-BASELINE]
CMD      : M104 | effects={'M': 104.0, 'S': 200.0, 'prev_temp': 220.0}
DECISION : ALLOW
------------------------------------------------------------
[SEQ 525] [IEEE-BASELINE]
SCORE    : anomaly_score=18.926
DECISION : ALLOW
------------------------------------------------------------
[SEQ 526] [LAYER 1]
CMD      : M104 S220
TRUST    : acc_cmd=0.000 | acc_exec=0.333 | trust=0.086
DECISION : PAUSE
MACHINE  : Machine-3
------------------------------------------------------------
[SEQ 526] [STATIC-BASELINE]
CMD      : M104 | effects={'M': 104.0, 'S': 220.0, 'prev_temp': 200.0}
DECISION : ALLOW
------------------------------------------------------------
[SEQ 526] [IEEE-BASELINE]
SCORE    : anomaly_score=19.033
DECISION : ALLOW
------------------------------------------------------------
[SEQ 527] [LAYER 1]
CMD      : M104 S200
TRUST    : acc_cmd=0.000 | acc_exec=0.333 | trust=0.085
DECISION : PAUSE
MACHINE  : Machine-3
------------------------------------------------------------
[SEQ 527] [STATIC-BASELINE]
CMD      : M104 | effects={'M': 104.0, 'S': 200.0, 'prev_temp': 220.0}
DECISION : ALLOW
------------------------------------------------------------
[SEQ 527] [IEEE-BASELINE]
SCORE    : anomaly_score=19.130
DECISION : ALLOW
------------------------------------------------------------
[SEQ 528] [LAYER 1]
CMD      : M104 S220
TRUST    : acc_cmd=0.000 | acc_exec=0.333 | trust=0.084
DECISION : PAUSE
MACHINE  : Machine-3
------------------------------------------------------------
[SEQ 528] [STATIC-BASELINE]
CMD      : M104 | effects={'M': 104.0, 'S': 220.0, 'prev_temp': 200.0}
DECISION : ALLOW
------------------------------------------------------------
[SEQ 528] [IEEE-BASELINE]
SCORE    : anomaly_score=19.217
DECISION : ALLOW
------------------------------------------------------------
[SEQ 529] [LAYER 1]
CMD      : M104 S200
TRUST    : acc_cmd=0.000 | acc_exec=0.333 | trust=0.083
DECISION : PAUSE
MACHINE  : Machine-3
------------------------------------------------------------
[SEQ 529] [STATIC-BASELINE]
CMD      : M104 | effects={'M': 104.0, 'S': 200.0, 'prev_temp': 220.0}
DECISION : ALLOW
------------------------------------------------------------
[SEQ 529] [IEEE-BASELINE]
SCORE    : anomaly_score=19.295
DECISION : ALLOW
------------------------------------------------------------
[SEQ 530] [LAYER 1]
CMD      : M104 S220
TRUST    : acc_cmd=0.000 | acc_exec=0.333 | trust=0.083
DECISION : PAUSE
MACHINE  : Machine-3
------------------------------------------------------------
[SEQ 530] [STATIC-BASELINE]
CMD      : M104 | effects={'M': 104.0, 'S': 220.0, 'prev_temp': 200.0}
DECISION : ALLOW
------------------------------------------------------------
[SEQ 530] [IEEE-BASELINE]
SCORE    : anomaly_score=19.366
DECISION : ALLOW
------------------------------------------------------------
[SEQ 531] [LAYER 1]
CMD      : M104 S200
TRUST    : acc_cmd=0.000 | acc_exec=0.333 | trust=0.082
DECISION : PAUSE
MACHINE  : Machine-3
------------------------------------------------------------
[SEQ 531] [STATIC-BASELINE]
CMD      : M104 | effects={'M': 104.0, 'S': 200.0, 'prev_temp': 220.0}
DECISION : ALLOW
------------------------------------------------------------
[SEQ 531] [IEEE-BASELINE]
SCORE    : anomaly_score=19.429
DECISION : ALLOW
------------------------------------------------------------
[SEQ 532] [LAYER 2]
CMD      : M104 S220
TRUST    : acc_cmd=0.000 | acc_exec=0.333 | trust=0.082
DECISION : PAUSE
MACHINE  : Machine-3
------------------------------------------------------------
[SEQ 532] [STATIC-BASELINE]
CMD      : M104 | effects={'M': 104.0, 'S': 220.0, 'prev_temp': 200.0}
DECISION : ALLOW
------------------------------------------------------------
[SEQ 532] [IEEE-BASELINE]
SCORE    : anomaly_score=19.486
DECISION : ALLOW
------------------------------------------------------------
[SEQ 533] [LAYER 2]
CMD      : M104 S200
TRUST    : acc_cmd=0.000 | acc_exec=0.333 | trust=0.082
DECISION : PAUSE
MACHINE  : Machine-3
------------------------------------------------------------
[SEQ 533] [STATIC-BASELINE]
CMD      : M104 | effects={'M': 104.0, 'S': 200.0, 'prev_temp': 220.0}
DECISION : ALLOW
------------------------------------------------------------
[SEQ 533] [IEEE-BASELINE]
SCORE    : anomaly_score=19.538
DECISION : ALLOW
------------------------------------------------------------
[SEQ 534] [LAYER 2]
CMD      : M104 S220
TRUST    : acc_cmd=0.000 | acc_exec=0.333 | trust=0.082
DECISION : PAUSE
MACHINE  : Machine-3
------------------------------------------------------------
[SEQ 534] [STATIC-BASELINE]
CMD      : M104 | effects={'M': 104.0, 'S': 220.0, 'prev_temp': 200.0}
DECISION : ALLOW
------------------------------------------------------------
[SEQ 534] [IEEE-BASELINE]
SCORE    : anomaly_score=19.584
DECISION : ALLOW
------------------------------------------------------------
[SEQ 535] [LAYER 2]
CMD      : M104 S200
TRUST    : acc_cmd=0.000 | acc_exec=0.333 | trust=0.082
DECISION : PAUSE
MACHINE  : Machine-3
------------------------------------------------------------
[SEQ 535] [STATIC-BASELINE]
CMD      : M104 | effects={'M': 104.0, 'S': 200.0, 'prev_temp': 220.0}
DECISION : ALLOW
------------------------------------------------------------
[SEQ 535] [IEEE-BASELINE]
SCORE    : anomaly_score=19.625
DECISION : ALLOW
------------------------------------------------------------
[SEQ 536] [LAYER 2]
CMD      : M104 S220
TRUST    : acc_cmd=0.000 | acc_exec=0.333 | trust=0.082
DECISION : PAUSE
MACHINE  : Machine-3
------------------------------------------------------------
[SEQ 536] [STATIC-BASELINE]
CMD      : M104 | effects={'M': 104.0, 'S': 220.0, 'prev_temp': 200.0}
DECISION : ALLOW
------------------------------------------------------------
[SEQ 536] [IEEE-BASELINE]
SCORE    : anomaly_score=19.663
DECISION : ALLOW
------------------------------------------------------------
[SEQ 537] [LAYER 2]
CMD      : M104 S200
TRUST    : acc_cmd=0.000 | acc_exec=0.333 | trust=0.082
DECISION : PAUSE
MACHINE  : Machine-3
------------------------------------------------------------
[SEQ 537] [STATIC-BASELINE]
CMD      : M104 | effects={'M': 104.0, 'S': 200.0, 'prev_temp': 220.0}
DECISION : ALLOW
------------------------------------------------------------
[SEQ 537] [IEEE-BASELINE]
SCORE    : anomaly_score=19.697
DECISION : ALLOW
------------------------------------------------------------
[SEQ 538] [LAYER 2]
CMD      : G1 X164.425 Y119.133 E11.82576
TRUST    : acc_cmd=0.000 | acc_exec=0.641 | trust=0.052
DECISION : PAUSE
MACHINE  : Machine-3
------------------------------------------------------------
[SEQ 538] [STATIC-BASELINE]
CMD      : G1 | effects={'dx': 1.3840000000000146, 'dy': -1.1700000000000017, 'dz': 0.0, 'de': 0.35697000000000045, 'xy_dist': 1.8122792279337212, 'params': {'G': 1.0, 'X': 164.425, 'Y': 119.133, 'E': 11.82576}}
DECISION : ALLOW
------------------------------------------------------------
[SEQ 538] [IEEE-BASELINE]
SCORE    : anomaly_score=20.641
DECISION : ALLOW
------------------------------------------------------------
[SEQ 539] [LAYER 2]
CMD      : M104 S220
TRUST    : acc_cmd=0.000 | acc_exec=0.333 | trust=0.049
DECISION : PAUSE
MACHINE  : Machine-3
------------------------------------------------------------
[SEQ 539] [STATIC-BASELINE]
CMD      : M104 | effects={'M': 104.0, 'S': 220.0, 'prev_temp': 200.0}
DECISION : ALLOW
------------------------------------------------------------
[SEQ 539] [IEEE-BASELINE]
SCORE    : anomaly_score=20.577
DECISION : ALLOW
------------------------------------------------------------
[SEQ 540] [LAYER 2]
CMD      : M104 S200
TRUST    : acc_cmd=0.000 | acc_exec=0.333 | trust=0.055
DECISION : PAUSE
MACHINE  : Machine-3
------------------------------------------------------------
[SEQ 540] [STATIC-BASELINE]
CMD      : M104 | effects={'M': 104.0, 'S': 200.0, 'prev_temp': 220.0}
DECISION : ALLOW
------------------------------------------------------------
[SEQ 540] [IEEE-BASELINE]
SCORE    : anomaly_score=20.519
DECISION : ALLOW
------------------------------------------------------------
[SEQ 541] [LAYER 2]
CMD      : M104 S220
TRUST    : acc_cmd=0.000 | acc_exec=0.333 | trust=0.062
DECISION : PAUSE
MACHINE  : Machine-3
------------------------------------------------------------
[SEQ 541] [STATIC-BASELINE]
CMD      : M104 | effects={'M': 104.0, 'S': 220.0, 'prev_temp': 200.0}
DECISION : ALLOW
------------------------------------------------------------
[SEQ 541] [IEEE-BASELINE]
SCORE    : anomaly_score=20.467
DECISION : ALLOW
------------------------------------------------------------
[SEQ 542] [LAYER 2]
CMD      : M104 S200
TRUST    : acc_cmd=0.000 | acc_exec=0.333 | trust=0.069
DECISION : PAUSE
MACHINE  : Machine-3
------------------------------------------------------------
[SEQ 542] [STATIC-BASELINE]
CMD      : M104 | effects={'M': 104.0, 'S': 200.0, 'prev_temp': 220.0}
DECISION : ALLOW
------------------------------------------------------------
[SEQ 542] [IEEE-BASELINE]
SCORE    : anomaly_score=20.421
DECISION : ALLOW
------------------------------------------------------------
[SEQ 543] [LAYER 3]
CMD      : M104 S220
TRUST    : acc_cmd=0.000 | acc_exec=0.333 | trust=0.073
DECISION : PAUSE
MACHINE  : Machine-3
------------------------------------------------------------
[SEQ 543] [STATIC-BASELINE]
CMD      : M104 | effects={'M': 104.0, 'S': 220.0, 'prev_temp': 200.0}
DECISION : ALLOW
------------------------------------------------------------
[SEQ 543] [IEEE-BASELINE]
SCORE    : anomaly_score=20.378
DECISION : ALLOW
------------------------------------------------------------
[SEQ 544] [LAYER 3]
CMD      : M104 S200
TRUST    : acc_cmd=0.000 | acc_exec=0.333 | trust=0.076
DECISION : PAUSE
MACHINE  : Machine-3
------------------------------------------------------------
[SEQ 544] [STATIC-BASELINE]
CMD      : M104 | effects={'M': 104.0, 'S': 200.0, 'prev_temp': 220.0}
DECISION : ALLOW
------------------------------------------------------------
[SEQ 544] [IEEE-BASELINE]
SCORE    : anomaly_score=20.341
DECISION : ALLOW
------------------------------------------------------------
[SEQ 545] [LAYER 3]
CMD      : M104 S220
TRUST    : acc_cmd=0.000 | acc_exec=0.333 | trust=0.079
DECISION : PAUSE
MACHINE  : Machine-3
------------------------------------------------------------
[SEQ 545] [STATIC-BASELINE]
CMD      : M104 | effects={'M': 104.0, 'S': 220.0, 'prev_temp': 200.0}
DECISION : ALLOW
------------------------------------------------------------
[SEQ 545] [IEEE-BASELINE]
SCORE    : anomaly_score=20.307
DECISION : ALLOW
------------------------------------------------------------
[SEQ 546] [LAYER 3]
CMD      : M104 S200
TRUST    : acc_cmd=0.000 | acc_exec=0.333 | trust=0.080
DECISION : PAUSE
MACHINE  : Machine-3
------------------------------------------------------------
[SEQ 546] [STATIC-BASELINE]
CMD      : M104 | effects={'M': 104.0, 'S': 200.0, 'prev_temp': 220.0}
DECISION : ALLOW
------------------------------------------------------------
[SEQ 546] [IEEE-BASELINE]
SCORE    : anomaly_score=20.276
DECISION : ALLOW
------------------------------------------------------------
[SEQ 547] [LAYER 3]
CMD      : M104 S220
TRUST    : acc_cmd=0.000 | acc_exec=0.333 | trust=0.081
DECISION : PAUSE
MACHINE  : Machine-3
------------------------------------------------------------
[SEQ 547] [STATIC-BASELINE]
CMD      : M104 | effects={'M': 104.0, 'S': 220.0, 'prev_temp': 200.0}
DECISION : ALLOW
------------------------------------------------------------
[SEQ 547] [IEEE-BASELINE]
SCORE    : anomaly_score=20.248
DECISION : ALLOW
------------------------------------------------------------
[SEQ 548] [LAYER 3]
CMD      : M104 S200
TRUST    : acc_cmd=0.000 | acc_exec=0.333 | trust=0.081
DECISION : PAUSE
MACHINE  : Machine-3
------------------------------------------------------------
[SEQ 548] [STATIC-BASELINE]
CMD      : M104 | effects={'M': 104.0, 'S': 200.0, 'prev_temp': 220.0}
DECISION : ALLOW
------------------------------------------------------------
[SEQ 548] [IEEE-BASELINE]
SCORE    : anomaly_score=20.223
DECISION : ALLOW
------------------------------------------------------------
[SEQ 549] [LAYER 3]
CMD      : M104 S220
TRUST    : acc_cmd=0.000 | acc_exec=0.333 | trust=0.082
DECISION : PAUSE
MACHINE  : Machine-3
------------------------------------------------------------
[SEQ 549] [STATIC-BASELINE]
CMD      : M104 | effects={'M': 104.0, 'S': 220.0, 'prev_temp': 200.0}
DECISION : ALLOW
------------------------------------------------------------
[SEQ 549] [IEEE-BASELINE]
SCORE    : anomaly_score=20.201
DECISION : ALLOW
------------------------------------------------------------
[SEQ 550] [LAYER 3]
CMD      : M104 S200
TRUST    : acc_cmd=0.000 | acc_exec=0.333 | trust=0.082
DECISION : PAUSE
MACHINE  : Machine-3
------------------------------------------------------------
[SEQ 550] [STATIC-BASELINE]
CMD      : M104 | effects={'M': 104.0, 'S': 200.0, 'prev_temp': 220.0}
DECISION : ALLOW
------------------------------------------------------------
[SEQ 550] [IEEE-BASELINE]
SCORE    : anomaly_score=20.181
DECISION : ALLOW
------------------------------------------------------------
[SEQ 551] [LAYER 3]
CMD      : M104 S220
TRUST    : acc_cmd=0.000 | acc_exec=0.333 | trust=0.082
DECISION : PAUSE
MACHINE  : Machine-3
------------------------------------------------------------
[SEQ 551] [STATIC-BASELINE]
CMD      : M104 | effects={'M': 104.0, 'S': 220.0, 'prev_temp': 200.0}
DECISION : ALLOW
------------------------------------------------------------
[SEQ 551] [IEEE-BASELINE]
SCORE    : anomaly_score=20.163
DECISION : ALLOW
------------------------------------------------------------
[SEQ 552] [LAYER 3]
CMD      : M104 S200
TRUST    : acc_cmd=0.000 | acc_exec=0.333 | trust=0.082
DECISION : PAUSE
MACHINE  : Machine-3
------------------------------------------------------------
[SEQ 552] [STATIC-BASELINE]
CMD      : M104 | effects={'M': 104.0, 'S': 200.0, 'prev_temp': 220.0}
DECISION : ALLOW
------------------------------------------------------------
[SEQ 552] [IEEE-BASELINE]
SCORE    : anomaly_score=20.147
DECISION : ALLOW
------------------------------------------------------------
[SEQ 553] [LAYER 3]
CMD      : M104 S220
TRUST    : acc_cmd=0.000 | acc_exec=0.333 | trust=0.082
DECISION : PAUSE
MACHINE  : Machine-3
------------------------------------------------------------
[SEQ 553] [STATIC-BASELINE]
CMD      : M104 | effects={'M': 104.0, 'S': 220.0, 'prev_temp': 200.0}
DECISION : ALLOW
------------------------------------------------------------
[SEQ 553] [IEEE-BASELINE]
SCORE    : anomaly_score=20.132
DECISION : ALLOW
------------------------------------------------------------
[SEQ 554] [LAYER 3]
CMD      : M104 S200
TRUST    : acc_cmd=0.000 | acc_exec=0.333 | trust=0.082
DECISION : PAUSE
MACHINE  : Machine-3
------------------------------------------------------------
[SEQ 554] [STATIC-BASELINE]
CMD      : M104 | effects={'M': 104.0, 'S': 200.0, 'prev_temp': 220.0}
DECISION : ALLOW
------------------------------------------------------------
[SEQ 554] [IEEE-BASELINE]
SCORE    : anomaly_score=20.119
DECISION : ALLOW
------------------------------------------------------------
[SEQ 555] [LAYER 3]
CMD      : ;TIME_ELAPSED:28.872466
TRUST    : acc_cmd=0.000 | acc_exec=0.000 | trust=0.167
DECISION : PAUSE
MACHINE  : Machine-3
------------------------------------------------------------
[SEQ 555] [STATIC-BASELINE]
CMD      : None | effects={}
DECISION : ALLOW
------------------------------------------------------------
[SEQ 555] [IEEE-BASELINE]
SCORE    : anomaly_score=18.107
DECISION : ALLOW
------------------------------------------------------------
[SEQ 556] [LAYER 4]
CMD      : M104 S220
TRUST    : acc_cmd=0.000 | acc_exec=0.333 | trust=0.156
DECISION : PAUSE
MACHINE  : Machine-3
------------------------------------------------------------
[SEQ 556] [STATIC-BASELINE]
CMD      : M104 | effects={'M': 104.0, 'S': 220.0, 'prev_temp': 200.0}
DECISION : ALLOW
------------------------------------------------------------
[SEQ 556] [IEEE-BASELINE]
SCORE    : anomaly_score=18.296
DECISION : ALLOW
------------------------------------------------------------
[SEQ 557] [LAYER 4]
CMD      : M104 S200
TRUST    : acc_cmd=0.000 | acc_exec=0.333 | trust=0.133
DECISION : PAUSE
MACHINE  : Machine-3
------------------------------------------------------------
[SEQ 557] [STATIC-BASELINE]
CMD      : M104 | effects={'M': 104.0, 'S': 200.0, 'prev_temp': 220.0}
DECISION : ALLOW
------------------------------------------------------------
[SEQ 557] [IEEE-BASELINE]
SCORE    : anomaly_score=18.467
DECISION : ALLOW
------------------------------------------------------------
[SEQ 558] [LAYER 4]
CMD      : M104 S220
TRUST    : acc_cmd=0.000 | acc_exec=0.333 | trust=0.114
DECISION : PAUSE
MACHINE  : Machine-3
------------------------------------------------------------
[SEQ 558] [STATIC-BASELINE]
CMD      : M104 | effects={'M': 104.0, 'S': 220.0, 'prev_temp': 200.0}
DECISION : ALLOW
------------------------------------------------------------
[SEQ 558] [IEEE-BASELINE]
SCORE    : anomaly_score=18.620
DECISION : ALLOW
------------------------------------------------------------
[SEQ 559] [LAYER 4]
CMD      : M104 S200
TRUST    : acc_cmd=0.000 | acc_exec=0.333 | trust=0.102
DECISION : PAUSE
MACHINE  : Machine-3
------------------------------------------------------------
[SEQ 559] [STATIC-BASELINE]
CMD      : M104 | effects={'M': 104.0, 'S': 200.0, 'prev_temp': 220.0}
DECISION : ALLOW
------------------------------------------------------------
[SEQ 559] [IEEE-BASELINE]
SCORE    : anomaly_score=18.758
DECISION : ALLOW
------------------------------------------------------------
[SEQ 560] [LAYER 4]
CMD      : M104 S220
TRUST    : acc_cmd=0.000 | acc_exec=0.333 | trust=0.094
DECISION : PAUSE
MACHINE  : Machine-3
------------------------------------------------------------
[SEQ 560] [STATIC-BASELINE]
CMD      : M104 | effects={'M': 104.0, 'S': 220.0, 'prev_temp': 200.0}
DECISION : ALLOW
------------------------------------------------------------
[SEQ 560] [IEEE-BASELINE]
SCORE    : anomaly_score=18.882
DECISION : ALLOW
------------------------------------------------------------
[SEQ 561] [LAYER 4]
CMD      : M104 S200
TRUST    : acc_cmd=0.000 | acc_exec=0.333 | trust=0.089
DECISION : PAUSE
MACHINE  : Machine-3
------------------------------------------------------------
[SEQ 561] [STATIC-BASELINE]
CMD      : M104 | effects={'M': 104.0, 'S': 200.0, 'prev_temp': 220.0}
DECISION : ALLOW
------------------------------------------------------------
[SEQ 561] [IEEE-BASELINE]
SCORE    : anomaly_score=18.994
DECISION : ALLOW
------------------------------------------------------------
[SEQ 562] [LAYER 5]
CMD      : M104 S220
TRUST    : acc_cmd=0.000 | acc_exec=0.333 | trust=0.086
DECISION : PAUSE
MACHINE  : Machine-3
------------------------------------------------------------
[SEQ 562] [STATIC-BASELINE]
CMD      : M104 | effects={'M': 104.0, 'S': 220.0, 'prev_temp': 200.0}
DECISION : ALLOW
------------------------------------------------------------
[SEQ 562] [IEEE-BASELINE]
SCORE    : anomaly_score=19.095
DECISION : ALLOW
------------------------------------------------------------
[SEQ 563] [LAYER 5]
CMD      : M104 S200
TRUST    : acc_cmd=0.000 | acc_exec=0.333 | trust=0.085
DECISION : PAUSE
MACHINE  : Machine-3
------------------------------------------------------------
[SEQ 563] [STATIC-BASELINE]
CMD      : M104 | effects={'M': 104.0, 'S': 200.0, 'prev_temp': 220.0}
DECISION : ALLOW
------------------------------------------------------------
[SEQ 563] [IEEE-BASELINE]
SCORE    : anomaly_score=19.185
DECISION : ALLOW
------------------------------------------------------------
[SEQ 564] [LAYER 5]
CMD      : M104 S220
TRUST    : acc_cmd=0.000 | acc_exec=0.333 | trust=0.084
DECISION : PAUSE
MACHINE  : Machine-3
------------------------------------------------------------
[SEQ 564] [STATIC-BASELINE]
CMD      : M104 | effects={'M': 104.0, 'S': 220.0, 'prev_temp': 200.0}
DECISION : ALLOW
------------------------------------------------------------
[SEQ 564] [IEEE-BASELINE]
SCORE    : anomaly_score=19.267
DECISION : ALLOW
------------------------------------------------------------
[SEQ 565] [LAYER 5]
CMD      : M104 S200
TRUST    : acc_cmd=0.000 | acc_exec=0.333 | trust=0.083
DECISION : PAUSE
MACHINE  : Machine-3
------------------------------------------------------------
[SEQ 565] [STATIC-BASELINE]
CMD      : M104 | effects={'M': 104.0, 'S': 200.0, 'prev_temp': 220.0}
DECISION : ALLOW
------------------------------------------------------------
[SEQ 565] [IEEE-BASELINE]
SCORE    : anomaly_score=19.340
DECISION : ALLOW
------------------------------------------------------------
[SEQ 566] [LAYER 5]
CMD      : M104 S220
TRUST    : acc_cmd=0.000 | acc_exec=0.333 | trust=0.083
DECISION : PAUSE
MACHINE  : Machine-3
------------------------------------------------------------
[SEQ 566] [STATIC-BASELINE]
CMD      : M104 | effects={'M': 104.0, 'S': 220.0, 'prev_temp': 200.0}
DECISION : ALLOW
------------------------------------------------------------
[SEQ 566] [IEEE-BASELINE]
SCORE    : anomaly_score=19.406
DECISION : ALLOW
------------------------------------------------------------
[SEQ 567] [LAYER 5]
CMD      : M104 S200
TRUST    : acc_cmd=0.000 | acc_exec=0.333 | trust=0.082
DECISION : PAUSE
MACHINE  : Machine-3
------------------------------------------------------------
[SEQ 567] [STATIC-BASELINE]
CMD      : M104 | effects={'M': 104.0, 'S': 200.0, 'prev_temp': 220.0}
DECISION : ALLOW
------------------------------------------------------------
[SEQ 567] [IEEE-BASELINE]
SCORE    : anomaly_score=19.465
DECISION : ALLOW
------------------------------------------------------------
[SEQ 568] [LAYER 5]
CMD      : M104 S220
TRUST    : acc_cmd=0.000 | acc_exec=0.333 | trust=0.082
DECISION : PAUSE
MACHINE  : Machine-3
------------------------------------------------------------
[SEQ 568] [STATIC-BASELINE]
CMD      : M104 | effects={'M': 104.0, 'S': 220.0, 'prev_temp': 200.0}
DECISION : ALLOW
------------------------------------------------------------
[SEQ 568] [IEEE-BASELINE]
SCORE    : anomaly_score=19.519
DECISION : ALLOW
------------------------------------------------------------
[SEQ 569] [LAYER 5]
CMD      : M104 S200
TRUST    : acc_cmd=0.000 | acc_exec=0.333 | trust=0.082
DECISION : PAUSE
MACHINE  : Machine-3
------------------------------------------------------------
[SEQ 569] [STATIC-BASELINE]
CMD      : M104 | effects={'M': 104.0, 'S': 200.0, 'prev_temp': 220.0}
DECISION : ALLOW
------------------------------------------------------------
[SEQ 569] [IEEE-BASELINE]
SCORE    : anomaly_score=19.567
DECISION : ALLOW
------------------------------------------------------------
[SEQ 570] [LAYER 5]
CMD      : M104 S220
TRUST    : acc_cmd=0.000 | acc_exec=0.333 | trust=0.082
DECISION : PAUSE
MACHINE  : Machine-3
------------------------------------------------------------
[SEQ 570] [STATIC-BASELINE]
CMD      : M104 | effects={'M': 104.0, 'S': 220.0, 'prev_temp': 200.0}
DECISION : ALLOW
------------------------------------------------------------
[SEQ 570] [IEEE-BASELINE]
SCORE    : anomaly_score=19.610
DECISION : ALLOW
------------------------------------------------------------
[SEQ 571] [LAYER 5]
CMD      : G0 F600 X164.436 Y119.268 Z1.4
TRUST    : acc_cmd=0.000 | acc_exec=0.000 | trust=0.167
DECISION : PAUSE
MACHINE  : Machine-3
------------------------------------------------------------
[SEQ 571] [STATIC-BASELINE]
CMD      : G0 | effects={'dx': 0.01099999999999568, 'dy': 0.13500000000000512, 'dz': 1.4, 'de': 0.0, 'xy_dist': 0.13544740676735487, 'params': {'G': 0.0, 'F': 600.0, 'X': 164.436, 'Y': 119.268, 'Z': 1.4}}
DECISION : ALLOW
------------------------------------------------------------
[SEQ 571] [IEEE-BASELINE]
SCORE    : anomaly_score=17.649
DECISION : ALLOW
------------------------------------------------------------
[SEQ 572] [LAYER 5]
CMD      : M104 S200
TRUST    : acc_cmd=0.000 | acc_exec=0.333 | trust=0.156
DECISION : PAUSE
MACHINE  : Machine-3
------------------------------------------------------------
[SEQ 572] [STATIC-BASELINE]
CMD      : M104 | effects={'M': 104.0, 'S': 200.0, 'prev_temp': 220.0}
DECISION : ALLOW
------------------------------------------------------------
[SEQ 572] [IEEE-BASELINE]
SCORE    : anomaly_score=17.884
DECISION : ALLOW
------------------------------------------------------------
[SEQ 573] [LAYER 5]
CMD      : M104 S220
TRUST    : acc_cmd=0.000 | acc_exec=0.333 | trust=0.133
DECISION : PAUSE
MACHINE  : Machine-3
------------------------------------------------------------
[SEQ 573] [STATIC-BASELINE]
CMD      : M104 | effects={'M': 104.0, 'S': 220.0, 'prev_temp': 200.0}
DECISION : ALLOW
------------------------------------------------------------
[SEQ 573] [IEEE-BASELINE]
SCORE    : anomaly_score=18.096
DECISION : ALLOW
------------------------------------------------------------
[SEQ 574] [LAYER 6]
CMD      : M104 S200
TRUST    : acc_cmd=0.000 | acc_exec=0.333 | trust=0.114
DECISION : PAUSE
MACHINE  : Machine-3
------------------------------------------------------------
[SEQ 574] [STATIC-BASELINE]
CMD      : M104 | effects={'M': 104.0, 'S': 200.0, 'prev_temp': 220.0}
DECISION : ALLOW
------------------------------------------------------------
[SEQ 574] [IEEE-BASELINE]
SCORE    : anomaly_score=18.286
DECISION : ALLOW
------------------------------------------------------------
[SEQ 575] [LAYER 6]
CMD      : M104 S220
TRUST    : acc_cmd=0.000 | acc_exec=0.333 | trust=0.102
DECISION : PAUSE
MACHINE  : Machine-3
------------------------------------------------------------
[SEQ 575] [STATIC-BASELINE]
CMD      : M104 | effects={'M': 104.0, 'S': 220.0, 'prev_temp': 200.0}
DECISION : ALLOW
------------------------------------------------------------
[SEQ 575] [IEEE-BASELINE]
SCORE    : anomaly_score=18.458
DECISION : ALLOW
------------------------------------------------------------
[SEQ 576] [LAYER 6]
CMD      : M104 S200
TRUST    : acc_cmd=0.000 | acc_exec=0.333 | trust=0.094
DECISION : PAUSE
MACHINE  : Machine-3
------------------------------------------------------------
[SEQ 576] [STATIC-BASELINE]
CMD      : M104 | effects={'M': 104.0, 'S': 200.0, 'prev_temp': 220.0}
DECISION : ALLOW
------------------------------------------------------------
[SEQ 576] [IEEE-BASELINE]
SCORE    : anomaly_score=18.612
DECISION : ALLOW
------------------------------------------------------------
[SEQ 577] [LAYER 6]
CMD      : M104 S220
TRUST    : acc_cmd=0.000 | acc_exec=0.333 | trust=0.089
DECISION : PAUSE
MACHINE  : Machine-3
------------------------------------------------------------
[SEQ 577] [STATIC-BASELINE]
CMD      : M104 | effects={'M': 104.0, 'S': 220.0, 'prev_temp': 200.0}
DECISION : ALLOW
------------------------------------------------------------
[SEQ 577] [IEEE-BASELINE]
SCORE    : anomaly_score=18.751
DECISION : ALLOW
------------------------------------------------------------
[SEQ 578] [LAYER 6]
CMD      : M104 S200
TRUST    : acc_cmd=0.000 | acc_exec=0.333 | trust=0.086
DECISION : PAUSE
MACHINE  : Machine-3
------------------------------------------------------------
[SEQ 578] [STATIC-BASELINE]
CMD      : M104 | effects={'M': 104.0, 'S': 200.0, 'prev_temp': 220.0}
DECISION : ALLOW
------------------------------------------------------------
[SEQ 578] [IEEE-BASELINE]
SCORE    : anomaly_score=18.876
DECISION : ALLOW
------------------------------------------------------------
[SEQ 579] [LAYER 6]
CMD      : M104 S220
TRUST    : acc_cmd=0.000 | acc_exec=0.333 | trust=0.085
DECISION : PAUSE
MACHINE  : Machine-3
------------------------------------------------------------
[SEQ 579] [STATIC-BASELINE]
CMD      : M104 | effects={'M': 104.0, 'S': 220.0, 'prev_temp': 200.0}
DECISION : ALLOW
------------------------------------------------------------
[SEQ 579] [IEEE-BASELINE]
SCORE    : anomaly_score=18.988
DECISION : ALLOW
------------------------------------------------------------
[SEQ 580] [LAYER 6]
CMD      : M104 S200
TRUST    : acc_cmd=0.000 | acc_exec=0.333 | trust=0.084
DECISION : PAUSE
MACHINE  : Machine-3
------------------------------------------------------------
[SEQ 580] [STATIC-BASELINE]
CMD      : M104 | effects={'M': 104.0, 'S': 200.0, 'prev_temp': 220.0}
DECISION : ALLOW
------------------------------------------------------------
[SEQ 580] [IEEE-BASELINE]
SCORE    : anomaly_score=19.089
DECISION : ALLOW
------------------------------------------------------------
[SEQ 581] [LAYER 6]
CMD      : M104 S220
TRUST    : acc_cmd=0.000 | acc_exec=0.333 | trust=0.083
DECISION : PAUSE
MACHINE  : Machine-3
------------------------------------------------------------
[SEQ 581] [STATIC-BASELINE]
CMD      : M104 | effects={'M': 104.0, 'S': 220.0, 'prev_temp': 200.0}
DECISION : ALLOW
------------------------------------------------------------
[SEQ 581] [IEEE-BASELINE]
SCORE    : anomaly_score=19.180
DECISION : ALLOW
------------------------------------------------------------
[SEQ 582] [LAYER 6]
CMD      : M104 S200
TRUST    : acc_cmd=0.000 | acc_exec=0.333 | trust=0.083
DECISION : PAUSE
MACHINE  : Machine-3
------------------------------------------------------------
[SEQ 582] [STATIC-BASELINE]
CMD      : M104 | effects={'M': 104.0, 'S': 200.0, 'prev_temp': 220.0}
DECISION : ALLOW
------------------------------------------------------------
[SEQ 582] [IEEE-BASELINE]
SCORE    : anomaly_score=19.262
DECISION : ALLOW
------------------------------------------------------------
[SEQ 583] [LAYER 6]
CMD      : M104 S220
TRUST    : acc_cmd=0.000 | acc_exec=0.333 | trust=0.082
DECISION : PAUSE
MACHINE  : Machine-3
------------------------------------------------------------
[SEQ 583] [STATIC-BASELINE]
CMD      : M104 | effects={'M': 104.0, 'S': 220.0, 'prev_temp': 200.0}
DECISION : ALLOW
------------------------------------------------------------
[SEQ 583] [IEEE-BASELINE]
SCORE    : anomaly_score=19.336
DECISION : ALLOW
------------------------------------------------------------
[SEQ 584] [LAYER 6]
CMD      : M104 S200
TRUST    : acc_cmd=0.000 | acc_exec=0.333 | trust=0.082
DECISION : PAUSE
MACHINE  : Machine-3
------------------------------------------------------------
[SEQ 584] [STATIC-BASELINE]
CMD      : M104 | effects={'M': 104.0, 'S': 200.0, 'prev_temp': 220.0}
DECISION : ALLOW
------------------------------------------------------------
[SEQ 584] [IEEE-BASELINE]
SCORE    : anomaly_score=19.402
DECISION : ALLOW
------------------------------------------------------------
[SEQ 585] [LAYER 7]
CMD      : M104 S220
TRUST    : acc_cmd=0.000 | acc_exec=0.333 | trust=0.082
DECISION : PAUSE
MACHINE  : Machine-3
------------------------------------------------------------
[SEQ 585] [STATIC-BASELINE]
CMD      : M104 | effects={'M': 104.0, 'S': 220.0, 'prev_temp': 200.0}
DECISION : ALLOW
------------------------------------------------------------
[SEQ 585] [IEEE-BASELINE]
SCORE    : anomaly_score=19.462
DECISION : ALLOW
------------------------------------------------------------
[SEQ 586] [LAYER 7]
CMD      : M104 S200
TRUST    : acc_cmd=0.000 | acc_exec=0.333 | trust=0.082
DECISION : PAUSE
MACHINE  : Machine-3
------------------------------------------------------------
[SEQ 586] [STATIC-BASELINE]
CMD      : M104 | effects={'M': 104.0, 'S': 200.0, 'prev_temp': 220.0}
DECISION : ALLOW
------------------------------------------------------------
[SEQ 586] [IEEE-BASELINE]
SCORE    : anomaly_score=19.516
DECISION : ALLOW
------------------------------------------------------------
[SEQ 587] [LAYER 7]
CMD      : M104 S220
TRUST    : acc_cmd=0.000 | acc_exec=0.333 | trust=0.082
DECISION : PAUSE
MACHINE  : Machine-3
------------------------------------------------------------
[SEQ 587] [STATIC-BASELINE]
CMD      : M104 | effects={'M': 104.0, 'S': 220.0, 'prev_temp': 200.0}
DECISION : ALLOW
------------------------------------------------------------
[SEQ 587] [IEEE-BASELINE]
SCORE    : anomaly_score=19.564
DECISION : ALLOW
------------------------------------------------------------
[SEQ 588] [LAYER 7]
CMD      : M104 S200
TRUST    : acc_cmd=0.000 | acc_exec=0.333 | trust=0.082
DECISION : PAUSE
MACHINE  : Machine-3
------------------------------------------------------------
[SEQ 588] [STATIC-BASELINE]
CMD      : M104 | effects={'M': 104.0, 'S': 200.0, 'prev_temp': 220.0}
DECISION : ALLOW
------------------------------------------------------------
[SEQ 588] [IEEE-BASELINE]
SCORE    : anomaly_score=19.608
DECISION : ALLOW
------------------------------------------------------------
[SEQ 589] [LAYER 7]
CMD      : M104 S220
TRUST    : acc_cmd=0.000 | acc_exec=0.333 | trust=0.082
DECISION : PAUSE
MACHINE  : Machine-3
------------------------------------------------------------
[SEQ 589] [STATIC-BASELINE]
CMD      : M104 | effects={'M': 104.0, 'S': 220.0, 'prev_temp': 200.0}
DECISION : ALLOW
------------------------------------------------------------
[SEQ 589] [IEEE-BASELINE]
SCORE    : anomaly_score=19.647
DECISION : ALLOW
------------------------------------------------------------
[SEQ 590] [LAYER 7]
CMD      : M104 S200
TRUST    : acc_cmd=0.000 | acc_exec=0.333 | trust=0.082
DECISION : PAUSE
MACHINE  : Machine-3
------------------------------------------------------------
[SEQ 590] [STATIC-BASELINE]
CMD      : M104 | effects={'M': 104.0, 'S': 200.0, 'prev_temp': 220.0}
DECISION : ALLOW
------------------------------------------------------------
[SEQ 590] [IEEE-BASELINE]
SCORE    : anomaly_score=19.682
DECISION : ALLOW
------------------------------------------------------------
[SEQ 591] [LAYER 7]
CMD      : M104 S220
TRUST    : acc_cmd=0.000 | acc_exec=0.333 | trust=0.082
DECISION : PAUSE
MACHINE  : Machine-3
------------------------------------------------------------
[SEQ 591] [STATIC-BASELINE]
CMD      : M104 | effects={'M': 104.0, 'S': 220.0, 'prev_temp': 200.0}
DECISION : ALLOW
------------------------------------------------------------
[SEQ 591] [IEEE-BASELINE]
SCORE    : anomaly_score=19.714
DECISION : ALLOW
------------------------------------------------------------
[SEQ 592] [LAYER 7]
CMD      : M104 S200
TRUST    : acc_cmd=0.000 | acc_exec=0.333 | trust=0.082
DECISION : PAUSE
MACHINE  : Machine-3
------------------------------------------------------------
[SEQ 592] [STATIC-BASELINE]
CMD      : M104 | effects={'M': 104.0, 'S': 200.0, 'prev_temp': 220.0}
DECISION : ALLOW
------------------------------------------------------------
[SEQ 592] [IEEE-BASELINE]
SCORE    : anomaly_score=19.743
DECISION : ALLOW
------------------------------------------------------------
[SEQ 593] [LAYER 7]
CMD      : M104 S220
TRUST    : acc_cmd=0.000 | acc_exec=0.333 | trust=0.082
DECISION : PAUSE
MACHINE  : Machine-3
------------------------------------------------------------
[SEQ 593] [STATIC-BASELINE]
CMD      : M104 | effects={'M': 104.0, 'S': 220.0, 'prev_temp': 200.0}
DECISION : ALLOW
------------------------------------------------------------
[SEQ 593] [IEEE-BASELINE]
SCORE    : anomaly_score=19.769
DECISION : ALLOW
------------------------------------------------------------
[SEQ 594] [LAYER 7]
CMD      : M104 S200
TRUST    : acc_cmd=0.000 | acc_exec=0.333 | trust=0.082
DECISION : PAUSE
MACHINE  : Machine-3
------------------------------------------------------------
[SEQ 594] [STATIC-BASELINE]
CMD      : M104 | effects={'M': 104.0, 'S': 200.0, 'prev_temp': 220.0}
DECISION : ALLOW
------------------------------------------------------------
[SEQ 594] [IEEE-BASELINE]
SCORE    : anomaly_score=19.792
DECISION : ALLOW
------------------------------------------------------------
[SEQ 595] [LAYER 7]
CMD      : M104 S220
TRUST    : acc_cmd=0.000 | acc_exec=0.333 | trust=0.082
DECISION : PAUSE
MACHINE  : Machine-3
------------------------------------------------------------
[SEQ 595] [STATIC-BASELINE]
CMD      : M104 | effects={'M': 104.0, 'S': 220.0, 'prev_temp': 200.0}
DECISION : ALLOW
------------------------------------------------------------
[SEQ 595] [IEEE-BASELINE]
SCORE    : anomaly_score=19.812
DECISION : ALLOW
------------------------------------------------------------
[SEQ 596] [LAYER 7]
CMD      : M104 S200
TRUST    : acc_cmd=0.000 | acc_exec=0.333 | trust=0.082
DECISION : PAUSE
MACHINE  : Machine-3
------------------------------------------------------------
[SEQ 596] [STATIC-BASELINE]
CMD      : M104 | effects={'M': 104.0, 'S': 200.0, 'prev_temp': 220.0}
DECISION : ALLOW
------------------------------------------------------------
[SEQ 596] [IEEE-BASELINE]
SCORE    : anomaly_score=19.831
DECISION : ALLOW
------------------------------------------------------------
[SEQ 597] [LAYER 7]
CMD      : M104 S220
TRUST    : acc_cmd=0.000 | acc_exec=0.333 | trust=0.082
DECISION : PAUSE
MACHINE  : Machine-3
------------------------------------------------------------
[SEQ 597] [STATIC-BASELINE]
CMD      : M104 | effects={'M': 104.0, 'S': 220.0, 'prev_temp': 200.0}
DECISION : ALLOW
------------------------------------------------------------
[SEQ 597] [IEEE-BASELINE]
SCORE    : anomaly_score=19.848
DECISION : ALLOW
------------------------------------------------------------
[SEQ 598] [LAYER 7]
CMD      : M104 S200
TRUST    : acc_cmd=0.000 | acc_exec=0.333 | trust=0.082
DECISION : PAUSE
MACHINE  : Machine-3
------------------------------------------------------------
[SEQ 598] [STATIC-BASELINE]
CMD      : M104 | effects={'M': 104.0, 'S': 200.0, 'prev_temp': 220.0}
DECISION : ALLOW
------------------------------------------------------------
[SEQ 598] [IEEE-BASELINE]
SCORE    : anomaly_score=19.863
DECISION : ALLOW
------------------------------------------------------------
[SEQ 599] [LAYER 8]
CMD      : M104 S220
TRUST    : acc_cmd=0.000 | acc_exec=0.333 | trust=0.082
DECISION : PAUSE
MACHINE  : Machine-3
------------------------------------------------------------
[SEQ 599] [STATIC-BASELINE]
CMD      : M104 | effects={'M': 104.0, 'S': 220.0, 'prev_temp': 200.0}
DECISION : ALLOW
------------------------------------------------------------
[SEQ 599] [IEEE-BASELINE]
SCORE    : anomaly_score=19.877
DECISION : ALLOW
------------------------------------------------------------
[SEQ 600] [LAYER 8]
CMD      : M104 S200
TRUST    : acc_cmd=0.000 | acc_exec=0.333 | trust=0.082
DECISION : PAUSE
MACHINE  : Machine-3
------------------------------------------------------------
[SEQ 600] [STATIC-BASELINE]
CMD      : M104 | effects={'M': 104.0, 'S': 200.0, 'prev_temp': 220.0}
DECISION : ALLOW
------------------------------------------------------------
[SEQ 600] [IEEE-BASELINE]
SCORE    : anomaly_score=19.889
DECISION : ALLOW
------------------------------------------------------------
[SEQ 601] [LAYER 8]
CMD      : M104 S220
TRUST    : acc_cmd=0.000 | acc_exec=0.333 | trust=0.082
DECISION : PAUSE
MACHINE  : Machine-3
------------------------------------------------------------
[SEQ 601] [STATIC-BASELINE]
CMD      : M104 | effects={'M': 104.0, 'S': 220.0, 'prev_temp': 200.0}
DECISION : ALLOW
------------------------------------------------------------
[SEQ 601] [IEEE-BASELINE]
SCORE    : anomaly_score=19.900
DECISION : ALLOW
------------------------------------------------------------
[SEQ 602] [LAYER 8]
CMD      : M104 S200
TRUST    : acc_cmd=0.000 | acc_exec=0.333 | trust=0.082
DECISION : PAUSE
MACHINE  : Machine-3
------------------------------------------------------------
[SEQ 602] [STATIC-BASELINE]
CMD      : M104 | effects={'M': 104.0, 'S': 200.0, 'prev_temp': 220.0}
DECISION : ALLOW
------------------------------------------------------------
[SEQ 602] [IEEE-BASELINE]
SCORE    : anomaly_score=19.910
DECISION : ALLOW
------------------------------------------------------------
[SEQ 603] [LAYER 8]
CMD      : M104 S220
TRUST    : acc_cmd=0.000 | acc_exec=0.333 | trust=0.082
DECISION : PAUSE
MACHINE  : Machine-3
------------------------------------------------------------
[SEQ 603] [STATIC-BASELINE]
CMD      : M104 | effects={'M': 104.0, 'S': 220.0, 'prev_temp': 200.0}
DECISION : ALLOW
------------------------------------------------------------
[SEQ 603] [IEEE-BASELINE]
SCORE    : anomaly_score=19.919
DECISION : ALLOW
------------------------------------------------------------
[SEQ 604] [LAYER 8]
CMD      : M104 S200
TRUST    : acc_cmd=0.000 | acc_exec=0.333 | trust=0.082
DECISION : PAUSE
MACHINE  : Machine-3
------------------------------------------------------------
[SEQ 604] [STATIC-BASELINE]
CMD      : M104 | effects={'M': 104.0, 'S': 200.0, 'prev_temp': 220.0}
DECISION : ALLOW
------------------------------------------------------------
[SEQ 604] [IEEE-BASELINE]
SCORE    : anomaly_score=19.927
DECISION : ALLOW
------------------------------------------------------------
[SEQ 605] [LAYER 8]
CMD      : M104 S220
TRUST    : acc_cmd=0.000 | acc_exec=0.333 | trust=0.082
DECISION : PAUSE
MACHINE  : Machine-3
------------------------------------------------------------
[SEQ 605] [STATIC-BASELINE]
CMD      : M104 | effects={'M': 104.0, 'S': 220.0, 'prev_temp': 200.0}
DECISION : ALLOW
------------------------------------------------------------
[SEQ 605] [IEEE-BASELINE]
SCORE    : anomaly_score=19.935
DECISION : ALLOW
------------------------------------------------------------
[SEQ 606] [LAYER 8]
CMD      : M104 S200
TRUST    : acc_cmd=0.000 | acc_exec=0.333 | trust=0.082
DECISION : PAUSE
MACHINE  : Machine-3
------------------------------------------------------------
[SEQ 606] [STATIC-BASELINE]
CMD      : M104 | effects={'M': 104.0, 'S': 200.0, 'prev_temp': 220.0}
DECISION : ALLOW
------------------------------------------------------------
[SEQ 606] [IEEE-BASELINE]
SCORE    : anomaly_score=19.941
DECISION : ALLOW
------------------------------------------------------------
[SEQ 607] [LAYER 8]
CMD      : M104 S220
TRUST    : acc_cmd=0.000 | acc_exec=0.333 | trust=0.082
DECISION : PAUSE
MACHINE  : Machine-3
------------------------------------------------------------
[SEQ 607] [STATIC-BASELINE]
CMD      : M104 | effects={'M': 104.0, 'S': 220.0, 'prev_temp': 200.0}
DECISION : ALLOW
------------------------------------------------------------
[SEQ 607] [IEEE-BASELINE]
SCORE    : anomaly_score=19.947
DECISION : ALLOW
------------------------------------------------------------

============================================================
DT-3 FINISHED
FINAL TRUST: 0.082
END TIME  : 2026-04-29 21:30:25.156231
============================================================
