============================================================
DT-2 SIMULATION LOG
START TIME: 2026-04-29 21:26:25.734858
============================================================

[SEQ 0] [LAYER INIT]
CMD      : ;START_OF_HEADER
TRUST    : acc_cmd=0.000 | acc_exec=0.000 | trust=0.900
DECISION : ALLOW
MACHINE  : Machine-2
------------------------------------------------------------
[SEQ 0] [STATIC-BASELINE]
CMD      : None | effects={}
DECISION : ALLOW
------------------------------------------------------------
[SEQ 0] [IEEE-BASELINE]
SCORE    : anomaly_score=0.000
DECISION : ALLOW
------------------------------------------------------------
[SEQ 1] [LAYER INIT]
CMD      : ;HEADER_VERSION:0.1
TRUST    : acc_cmd=0.000 | acc_exec=0.000 | trust=0.960
DECISION : ALLOW
MACHINE  : Machine-2
------------------------------------------------------------
[SEQ 1] [STATIC-BASELINE]
CMD      : None | effects={}
DECISION : ALLOW
------------------------------------------------------------
[SEQ 1] [IEEE-BASELINE]
SCORE    : anomaly_score=0.000
DECISION : ALLOW
------------------------------------------------------------
[SEQ 2] [LAYER INIT]
CMD      : M221 S200
TRUST    : acc_cmd=0.000 | acc_exec=1.000 | trust=0.414
DECISION : PAUSE
MACHINE  : Machine-2
------------------------------------------------------------
[SEQ 2] [STATIC-BASELINE]
CMD      : M221 | effects={'M': 221.0, 'S': 200.0}
DECISION : BLOCK
------------------------------------------------------------
[SEQ 2] [IEEE-BASELINE]
SCORE    : anomaly_score=0.000
DECISION : ALLOW
------------------------------------------------------------
[SEQ 3] [LAYER INIT]
CMD      : ;GENERATOR.NAME:Cura_SteamEngine
TRUST    : acc_cmd=0.000 | acc_exec=0.000 | trust=0.265
DECISION : PAUSE
MACHINE  : Machine-2
------------------------------------------------------------
[SEQ 3] [STATIC-BASELINE]
CMD      : None | effects={}
DECISION : ALLOW
------------------------------------------------------------
[SEQ 3] [IEEE-BASELINE]
SCORE    : anomaly_score=0.000
DECISION : ALLOW
------------------------------------------------------------
[SEQ 4] [LAYER INIT]
CMD      : M92 E2000
TRUST    : acc_cmd=0.000 | acc_exec=1.000 | trust=0.116
DECISION : PAUSE
MACHINE  : Machine-2
------------------------------------------------------------
[SEQ 4] [STATIC-BASELINE]
CMD      : M92 | effects={'M': 92.0, 'E': 2000.0}
DECISION : BLOCK
------------------------------------------------------------
[SEQ 4] [IEEE-BASELINE]
SCORE    : anomaly_score=0.000
DECISION : ALLOW
------------------------------------------------------------
[SEQ 5] [LAYER INIT]
CMD      : ;GENERATOR.BUILD_DATE:2025-10-23
TRUST    : acc_cmd=0.000 | acc_exec=0.000 | trust=0.098
DECISION : PAUSE
MACHINE  : Machine-2
------------------------------------------------------------
[SEQ 5] [STATIC-BASELINE]
CMD      : None | effects={}
DECISION : ALLOW
------------------------------------------------------------
[SEQ 5] [IEEE-BASELINE]
SCORE    : anomaly_score=0.000
DECISION : ALLOW
------------------------------------------------------------
[SEQ 6] [LAYER INIT]
CMD      : ;TARGET_MACHINE.NAME:Ultimaker S5
TRUST    : acc_cmd=0.000 | acc_exec=0.000 | trust=0.177
DECISION : PAUSE
MACHINE  : Machine-2
------------------------------------------------------------
[SEQ 6] [STATIC-BASELINE]
CMD      : None | effects={}
DECISION : ALLOW
------------------------------------------------------------
[SEQ 6] [IEEE-BASELINE]
SCORE    : anomaly_score=0.000
DECISION : ALLOW
------------------------------------------------------------
[SEQ 7] [LAYER INIT]
CMD      : ;EXTRUDER_TRAIN.0.INITIAL_TEMPERATURE:215
TRUST    : acc_cmd=0.000 | acc_exec=0.000 | trust=0.320
DECISION : PAUSE
MACHINE  : Machine-2
------------------------------------------------------------
[SEQ 7] [STATIC-BASELINE]
CMD      : None | effects={}
DECISION : ALLOW
------------------------------------------------------------
[SEQ 7] [IEEE-BASELINE]
SCORE    : anomaly_score=0.000
DECISION : ALLOW
------------------------------------------------------------
[SEQ 8] [LAYER INIT]
CMD      : ;EXTRUDER_TRAIN.0.NOZZLE.DIAMETER:0.4
TRUST    : acc_cmd=0.000 | acc_exec=0.000 | trust=0.481
DECISION : PAUSE
MACHINE  : Machine-2
------------------------------------------------------------
[SEQ 8] [STATIC-BASELINE]
CMD      : None | effects={}
DECISION : ALLOW
------------------------------------------------------------
[SEQ 8] [IEEE-BASELINE]
SCORE    : anomaly_score=0.000
DECISION : ALLOW
------------------------------------------------------------
[SEQ 9] [LAYER INIT]
CMD      : ;EXTRUDER_TRAIN.0.NOZZLE.NAME:unknown
TRUST    : acc_cmd=0.000 | acc_exec=0.000 | trust=0.629
DECISION : ALLOW
MACHINE  : Machine-2
------------------------------------------------------------
[SEQ 9] [STATIC-BASELINE]
CMD      : None | effects={}
DECISION : ALLOW
------------------------------------------------------------
[SEQ 9] [IEEE-BASELINE]
SCORE    : anomaly_score=0.000
DECISION : ALLOW
------------------------------------------------------------
[SEQ 10] [LAYER INIT]
CMD      : ;BUILD_PLATE.INITIAL_TEMPERATURE:60
TRUST    : acc_cmd=0.000 | acc_exec=0.000 | trust=0.748
DECISION : ALLOW
MACHINE  : Machine-2
------------------------------------------------------------
[SEQ 10] [STATIC-BASELINE]
CMD      : None | effects={}
DECISION : ALLOW
------------------------------------------------------------
[SEQ 10] [IEEE-BASELINE]
SCORE    : anomaly_score=0.000
DECISION : ALLOW
------------------------------------------------------------
[SEQ 11] [LAYER INIT]
CMD      : G92 E1000
TRUST    : acc_cmd=0.000 | acc_exec=1.000 | trust=0.326
DECISION : PAUSE
MACHINE  : Machine-2
------------------------------------------------------------
[SEQ 11] [STATIC-BASELINE]
CMD      : G92 | effects={'reset': {'G': 92.0, 'E': 1000.0}}
DECISION : BLOCK
------------------------------------------------------------
[SEQ 11] [IEEE-BASELINE]
SCORE    : anomaly_score=0.000
DECISION : ALLOW
------------------------------------------------------------
[SEQ 12] [LAYER INIT]
CMD      : ;PRINT.GROUPS:1
TRUST    : acc_cmd=0.000 | acc_exec=0.000 | trust=0.223
DECISION : PAUSE
MACHINE  : Machine-2
------------------------------------------------------------
[SEQ 12] [STATIC-BASELINE]
CMD      : None | effects={}
DECISION : ALLOW
------------------------------------------------------------
[SEQ 12] [IEEE-BASELINE]
SCORE    : anomaly_score=0.000
DECISION : ALLOW
------------------------------------------------------------
[SEQ 13] [LAYER INIT]
CMD      : ;PRINT.SIZE.MIN.X:0
TRUST    : acc_cmd=0.000 | acc_exec=0.000 | trust=0.285
DECISION : PAUSE
MACHINE  : Machine-2
------------------------------------------------------------
[SEQ 13] [STATIC-BASELINE]
CMD      : None | effects={}
DECISION : ALLOW
------------------------------------------------------------
[SEQ 13] [IEEE-BASELINE]
SCORE    : anomaly_score=0.000
DECISION : ALLOW
------------------------------------------------------------
[SEQ 14] [LAYER INIT]
CMD      : M92 E2000
TRUST    : acc_cmd=0.000 | acc_exec=1.000 | trust=0.129
DECISION : PAUSE
MACHINE  : Machine-2
------------------------------------------------------------
[SEQ 14] [STATIC-BASELINE]
CMD      : M92 | effects={'M': 92.0, 'E': 2000.0}
DECISION : BLOCK
------------------------------------------------------------
[SEQ 14] [IEEE-BASELINE]
SCORE    : anomaly_score=0.000
DECISION : ALLOW
------------------------------------------------------------
[SEQ 15] [LAYER INIT]
CMD      : ;PRINT.SIZE.MIN.Z:0
TRUST    : acc_cmd=0.000 | acc_exec=0.000 | trust=0.118
DECISION : PAUSE
MACHINE  : Machine-2
------------------------------------------------------------
[SEQ 15] [STATIC-BASELINE]
CMD      : None | effects={}
DECISION : ALLOW
------------------------------------------------------------
[SEQ 15] [IEEE-BASELINE]
SCORE    : anomaly_score=0.000
DECISION : ALLOW
------------------------------------------------------------
[SEQ 16] [LAYER INIT]
CMD      : ;PRINT.SIZE.MAX.X:0.01
TRUST    : acc_cmd=0.000 | acc_exec=0.000 | trust=0.207
DECISION : PAUSE
MACHINE  : Machine-2
------------------------------------------------------------
[SEQ 16] [STATIC-BASELINE]
CMD      : None | effects={}
DECISION : ALLOW
------------------------------------------------------------
[SEQ 16] [IEEE-BASELINE]
SCORE    : anomaly_score=0.000
DECISION : ALLOW
------------------------------------------------------------
[SEQ 17] [LAYER INIT]
CMD      : ;PRINT.SIZE.MAX.Y:0.01
TRUST    : acc_cmd=0.000 | acc_exec=0.000 | trust=0.354
DECISION : PAUSE
MACHINE  : Machine-2
------------------------------------------------------------
[SEQ 17] [STATIC-BASELINE]
CMD      : None | effects={}
DECISION : ALLOW
------------------------------------------------------------
[SEQ 17] [IEEE-BASELINE]
SCORE    : anomaly_score=0.000
DECISION : ALLOW
------------------------------------------------------------
[SEQ 18] [LAYER INIT]
CMD      : ;PRINT.SIZE.MAX.Z:0.01
TRUST    : acc_cmd=0.000 | acc_exec=0.000 | trust=0.514
DECISION : ALLOW
MACHINE  : Machine-2
------------------------------------------------------------
[SEQ 18] [STATIC-BASELINE]
CMD      : None | effects={}
DECISION : ALLOW
------------------------------------------------------------
[SEQ 18] [IEEE-BASELINE]
SCORE    : anomaly_score=0.000
DECISION : ALLOW
------------------------------------------------------------
[SEQ 19] [LAYER INIT]
CMD      : ;SLICE_UUID:87c93e90-932d-4617-95d6-4dd6fda87fcd
TRUST    : acc_cmd=0.000 | acc_exec=0.000 | trust=0.657
DECISION : ALLOW
MACHINE  : Machine-2
------------------------------------------------------------
[SEQ 19] [STATIC-BASELINE]
CMD      : None | effects={}
DECISION : ALLOW
------------------------------------------------------------
[SEQ 19] [IEEE-BASELINE]
SCORE    : anomaly_score=0.000
DECISION : ALLOW
------------------------------------------------------------
[SEQ 20] [LAYER INIT]
CMD      : ;END_OF_HEADER
TRUST    : acc_cmd=0.000 | acc_exec=0.000 | trust=0.768
DECISION : ALLOW
MACHINE  : Machine-2
------------------------------------------------------------
[SEQ 20] [STATIC-BASELINE]
CMD      : None | effects={}
DECISION : ALLOW
------------------------------------------------------------
[SEQ 20] [IEEE-BASELINE]
SCORE    : anomaly_score=0.000
DECISION : ALLOW
------------------------------------------------------------
[SEQ 21] [LAYER INIT]
CMD      : 
TRUST    : acc_cmd=0.000 | acc_exec=0.000 | trust=0.849
DECISION : ALLOW
MACHINE  : Machine-2
------------------------------------------------------------
[SEQ 21] [STATIC-BASELINE]
CMD      : None | effects={}
DECISION : ALLOW
------------------------------------------------------------
[SEQ 21] [IEEE-BASELINE]
SCORE    : anomaly_score=0.000
DECISION : ALLOW
------------------------------------------------------------
[SEQ 22] [LAYER INIT]
CMD      : M92 E2000
TRUST    : acc_cmd=0.000 | acc_exec=1.000 | trust=0.368
DECISION : PAUSE
MACHINE  : Machine-2
------------------------------------------------------------
[SEQ 22] [STATIC-BASELINE]
CMD      : M92 | effects={'M': 92.0, 'E': 2000.0}
DECISION : BLOCK
------------------------------------------------------------
[SEQ 22] [IEEE-BASELINE]
SCORE    : anomaly_score=0.000
DECISION : ALLOW
------------------------------------------------------------
[SEQ 23] [LAYER INIT]
CMD      : M221 S200
TRUST    : acc_cmd=0.000 | acc_exec=1.000 | trust=0.152
DECISION : PAUSE
MACHINE  : Machine-2
------------------------------------------------------------
[SEQ 23] [STATIC-BASELINE]
CMD      : M221 | effects={'M': 221.0, 'S': 200.0}
DECISION : BLOCK
------------------------------------------------------------
[SEQ 23] [IEEE-BASELINE]
SCORE    : anomaly_score=0.000
DECISION : ALLOW
------------------------------------------------------------
[SEQ 24] [LAYER INIT]
CMD      : M221 S200
TRUST    : acc_cmd=0.000 | acc_exec=1.000 | trust=0.062
DECISION : PAUSE
MACHINE  : Machine-2
------------------------------------------------------------
[SEQ 24] [STATIC-BASELINE]
CMD      : M221 | effects={'M': 221.0, 'S': 200.0}
DECISION : BLOCK
------------------------------------------------------------
[SEQ 24] [IEEE-BASELINE]
SCORE    : anomaly_score=0.000
DECISION : ALLOW
------------------------------------------------------------
[SEQ 25] [LAYER INIT]
CMD      : M82 ;absolute extrusion mode
TRUST    : acc_cmd=0.000 | acc_exec=0.000 | trust=0.042
DECISION : PAUSE
MACHINE  : Machine-2
------------------------------------------------------------
[SEQ 25] [STATIC-BASELINE]
CMD      : M82 | effects={'e_mode': 'absolute'}
DECISION : ALLOW
------------------------------------------------------------
[SEQ 25] [IEEE-BASELINE]
SCORE    : anomaly_score=0.000
DECISION : ALLOW
------------------------------------------------------------
[SEQ 26] [LAYER INIT]
CMD      : G92 E0
TRUST    : acc_cmd=0.000 | acc_exec=0.000 | trust=0.089
DECISION : PAUSE
MACHINE  : Machine-2
------------------------------------------------------------
[SEQ 26] [STATIC-BASELINE]
CMD      : G92 | effects={'reset': {'G': 92.0, 'E': 0.0}}
DECISION : ALLOW
------------------------------------------------------------
[SEQ 26] [IEEE-BASELINE]
SCORE    : anomaly_score=0.000
DECISION : ALLOW
------------------------------------------------------------
[SEQ 27] [LAYER INIT]
CMD      : G92 E1000
TRUST    : acc_cmd=0.000 | acc_exec=1.000 | trust=0.044
DECISION : PAUSE
MACHINE  : Machine-2
------------------------------------------------------------
[SEQ 27] [STATIC-BASELINE]
CMD      : G92 | effects={'reset': {'G': 92.0, 'E': 1000.0}}
DECISION : BLOCK
------------------------------------------------------------
[SEQ 27] [IEEE-BASELINE]
SCORE    : anomaly_score=0.000
DECISION : ALLOW
------------------------------------------------------------
[SEQ 28] [LAYER INIT]
CMD      : M104 S215
TRUST    : acc_cmd=0.000 | acc_exec=0.000 | trust=0.064
DECISION : PAUSE
MACHINE  : Machine-2
------------------------------------------------------------
[SEQ 28] [STATIC-BASELINE]
CMD      : M104 | effects={'M': 104.0, 'S': 215.0, 'prev_temp': None}
DECISION : ALLOW
------------------------------------------------------------
[SEQ 28] [IEEE-BASELINE]
SCORE    : anomaly_score=0.000
DECISION : ALLOW
------------------------------------------------------------
[SEQ 29] [LAYER INIT]
CMD      : M109 S215
TRUST    : acc_cmd=0.000 | acc_exec=0.000 | trust=0.154
DECISION : PAUSE
MACHINE  : Machine-2
------------------------------------------------------------
[SEQ 29] [STATIC-BASELINE]
CMD      : M109 | effects={'M': 109.0, 'S': 215.0, 'prev_temp': 215.0}
DECISION : ALLOW
------------------------------------------------------------
[SEQ 29] [IEEE-BASELINE]
SCORE    : anomaly_score=0.000
DECISION : ALLOW
------------------------------------------------------------
[SEQ 30] [LAYER INIT]
CMD      : G280 S1
TRUST    : acc_cmd=0.000 | acc_exec=0.000 | trust=0.300
DECISION : PAUSE
MACHINE  : Machine-2
------------------------------------------------------------
[SEQ 30] [STATIC-BASELINE]
CMD      : G280 | effects={'G': 280.0, 'S': 1.0}
DECISION : ALLOW
------------------------------------------------------------
[SEQ 30] [IEEE-BASELINE]
SCORE    : anomaly_score=0.000
DECISION : ALLOW
------------------------------------------------------------
[SEQ 31] [LAYER INIT]
CMD      : G0 Z20.001
TRUST    : acc_cmd=0.000 | acc_exec=0.000 | trust=0.465
DECISION : PAUSE
MACHINE  : Machine-2
------------------------------------------------------------
[SEQ 31] [STATIC-BASELINE]
CMD      : G0 | effects={'dx': 0.0, 'dy': 0.0, 'dz': 20.001, 'de': 0.0, 'xy_dist': 0.0, 'params': {'G': 0.0, 'Z': 20.001}}
DECISION : ALLOW
------------------------------------------------------------
[SEQ 31] [IEEE-BASELINE]
SCORE    : anomaly_score=0.000
DECISION : ALLOW
------------------------------------------------------------
[SEQ 32] [LAYER INIT]
CMD      : G1 F1500 E-6.5
TRUST    : acc_cmd=0.000 | acc_exec=1.000 | trust=0.207
DECISION : PAUSE
MACHINE  : Machine-2
------------------------------------------------------------
[SEQ 32] [STATIC-BASELINE]
CMD      : G1 | effects={'dx': 0.0, 'dy': 0.0, 'dz': 0.0, 'de': -1006.5, 'xy_dist': 0.0, 'params': {'G': 1.0, 'F': 1500.0, 'E': -6.5}}
DECISION : ALLOW
------------------------------------------------------------
[SEQ 32] [IEEE-BASELINE]
SCORE    : anomaly_score=0.000
DECISION : ALLOW
------------------------------------------------------------
[SEQ 33] [LAYER INIT]
CMD      : ;LAYER_COUNT:9
TRUST    : acc_cmd=0.000 | acc_exec=0.000 | trust=0.164
DECISION : PAUSE
MACHINE  : Machine-2
------------------------------------------------------------
[SEQ 33] [STATIC-BASELINE]
CMD      : None | effects={}
DECISION : ALLOW
------------------------------------------------------------
[SEQ 33] [IEEE-BASELINE]
SCORE    : anomaly_score=0.000
DECISION : ALLOW
------------------------------------------------------------
[SEQ 34] [LAYER 0]
CMD      : ;LAYER:0
TRUST    : acc_cmd=0.000 | acc_exec=0.000 | trust=0.246
DECISION : PAUSE
MACHINE  : Machine-2
------------------------------------------------------------
[SEQ 34] [STATIC-BASELINE]
CMD      : None | effects={}
DECISION : ALLOW
------------------------------------------------------------
[SEQ 34] [IEEE-BASELINE]
SCORE    : anomaly_score=0.000
DECISION : ALLOW
------------------------------------------------------------
[SEQ 35] [LAYER 0]
CMD      : M107
TRUST    : acc_cmd=0.000 | acc_exec=0.000 | trust=0.391
DECISION : PAUSE
MACHINE  : Machine-2
------------------------------------------------------------
[SEQ 35] [STATIC-BASELINE]
CMD      : M107 | effects={'M': 107.0}
DECISION : ALLOW
------------------------------------------------------------
[SEQ 35] [IEEE-BASELINE]
SCORE    : anomaly_score=0.000
DECISION : ALLOW
------------------------------------------------------------
[SEQ 36] [LAYER 0]
CMD      : G92 E1000
TRUST    : acc_cmd=0.000 | acc_exec=1.000 | trust=0.176
DECISION : PAUSE
MACHINE  : Machine-2
------------------------------------------------------------
[SEQ 36] [STATIC-BASELINE]
CMD      : G92 | effects={'reset': {'G': 92.0, 'E': 1000.0}}
DECISION : BLOCK
------------------------------------------------------------
[SEQ 36] [IEEE-BASELINE]
SCORE    : anomaly_score=0.000
DECISION : ALLOW
------------------------------------------------------------
[SEQ 37] [LAYER 0]
CMD      : M221 S200
TRUST    : acc_cmd=1.000 | acc_exec=1.000 | trust=0.074
DECISION : PAUSE
MACHINE  : Machine-2
------------------------------------------------------------
[SEQ 37] [STATIC-BASELINE]
CMD      : M221 | effects={'M': 221.0, 'S': 200.0}
DECISION : BLOCK
------------------------------------------------------------
[SEQ 37] [IEEE-BASELINE]
SCORE    : anomaly_score=0.000
DECISION : ALLOW
------------------------------------------------------------
[SEQ 38] [LAYER 0]
CMD      : ;TYPE:SKIRT
TRUST    : acc_cmd=0.000 | acc_exec=0.000 | trust=0.058
DECISION : PAUSE
MACHINE  : Machine-2
------------------------------------------------------------
[SEQ 38] [STATIC-BASELINE]
CMD      : None | effects={}
DECISION : ALLOW
------------------------------------------------------------
[SEQ 38] [IEEE-BASELINE]
SCORE    : anomaly_score=0.000
DECISION : ALLOW
------------------------------------------------------------
[SEQ 39] [LAYER 0]
CMD      : M221 S200
TRUST    : acc_cmd=1.000 | acc_exec=1.000 | trust=0.028
DECISION : PAUSE
MACHINE  : Machine-2
------------------------------------------------------------
[SEQ 39] [STATIC-BASELINE]
CMD      : M221 | effects={'M': 221.0, 'S': 200.0}
DECISION : BLOCK
------------------------------------------------------------
[SEQ 39] [IEEE-BASELINE]
SCORE    : anomaly_score=0.000
DECISION : ALLOW
------------------------------------------------------------
[SEQ 40] [LAYER 0]
CMD      : M221 S200
TRUST    : acc_cmd=1.000 | acc_exec=1.000 | trust=0.013
DECISION : PAUSE
MACHINE  : Machine-2
------------------------------------------------------------
[SEQ 40] [STATIC-BASELINE]
CMD      : M221 | effects={'M': 221.0, 'S': 200.0}
DECISION : BLOCK
------------------------------------------------------------
[SEQ 40] [IEEE-BASELINE]
SCORE    : anomaly_score=0.000
DECISION : ALLOW
------------------------------------------------------------
[SEQ 41] [LAYER 0]
CMD      : M92 E2000
TRUST    : acc_cmd=1.000 | acc_exec=1.000 | trust=0.006
DECISION : PAUSE
MACHINE  : Machine-2
------------------------------------------------------------
[SEQ 41] [STATIC-BASELINE]
CMD      : M92 | effects={'M': 92.0, 'E': 2000.0}
DECISION : BLOCK
------------------------------------------------------------
[SEQ 41] [IEEE-BASELINE]
SCORE    : anomaly_score=0.000
DECISION : ALLOW
------------------------------------------------------------
[SEQ 42] [LAYER 0]
CMD      : G1 X162.25 Y111.664 E0.10283
TRUST    : acc_cmd=0.000 | acc_exec=1.000 | trust=0.003
DECISION : PAUSE
MACHINE  : Machine-2
------------------------------------------------------------
[SEQ 42] [STATIC-BASELINE]
CMD      : G1 | effects={'dx': 162.25, 'dy': 111.664, 'dz': 0.0, 'de': -999.89717, 'xy_dist': 196.96170032775407, 'params': {'G': 1.0, 'X': 162.25, 'Y': 111.664, 'E': 0.10283}}
DECISION : ALLOW
------------------------------------------------------------
[SEQ 42] [IEEE-BASELINE]
SCORE    : anomaly_score=0.000
DECISION : ALLOW
------------------------------------------------------------
[SEQ 43] [LAYER 0]
CMD      : G1 X163.61 Y111.261 E0.12951
TRUST    : acc_cmd=0.000 | acc_exec=0.000 | trust=0.011
DECISION : PAUSE
MACHINE  : Machine-2
------------------------------------------------------------
[SEQ 43] [STATIC-BASELINE]
CMD      : G1 | effects={'dx': 1.3600000000000136, 'dy': -0.4030000000000058, 'dz': 0.0, 'de': 0.02667999999999998, 'xy_dist': 1.4184530305935554, 'params': {'G': 1.0, 'X': 163.61, 'Y': 111.261, 'E': 0.12951}}
DECISION : ALLOW
------------------------------------------------------------
[SEQ 43] [IEEE-BASELINE]
SCORE    : anomaly_score=0.000
DECISION : ALLOW
------------------------------------------------------------
[SEQ 44] [LAYER 0]
CMD      : G1 X165.902 Y111.212 E0.17263
TRUST    : acc_cmd=0.000 | acc_exec=0.000 | trust=0.054
DECISION : PAUSE
MACHINE  : Machine-2
------------------------------------------------------------
[SEQ 44] [STATIC-BASELINE]
CMD      : G1 | effects={'dx': 2.291999999999973, 'dy': -0.04899999999999238, 'dz': 0.0, 'de': 0.04312000000000002, 'xy_dist': 2.29252371852504, 'params': {'G': 1.0, 'X': 165.902, 'Y': 111.212, 'E': 0.17263}}
DECISION : ALLOW
------------------------------------------------------------
[SEQ 44] [IEEE-BASELINE]
SCORE    : anomaly_score=0.000
DECISION : ALLOW
------------------------------------------------------------
[SEQ 45] [LAYER 0]
CMD      : G1 X168.166 Y111.744 E0.21638
TRUST    : acc_cmd=0.000 | acc_exec=0.000 | trust=0.156
DECISION : PAUSE
MACHINE  : Machine-2
------------------------------------------------------------
[SEQ 45] [STATIC-BASELINE]
CMD      : G1 | effects={'dx': 2.26400000000001, 'dy': 0.5319999999999965, 'dz': 0.0, 'de': 0.04374999999999998, 'xy_dist': 2.325665496153744, 'params': {'G': 1.0, 'X': 168.166, 'Y': 111.744, 'E': 0.21638}}
DECISION : ALLOW
------------------------------------------------------------
[SEQ 45] [IEEE-BASELINE]
SCORE    : anomaly_score=0.000
DECISION : ALLOW
------------------------------------------------------------
[SEQ 46] [LAYER 0]
CMD      : G1 X170.573 Y113.042 E0.26782
TRUST    : acc_cmd=0.000 | acc_exec=0.000 | trust=0.307
DECISION : PAUSE
MACHINE  : Machine-2
------------------------------------------------------------
[SEQ 46] [STATIC-BASELINE]
CMD      : G1 | effects={'dx': 2.4070000000000107, 'dy': 1.2980000000000018, 'dz': 0.0, 'de': 0.051440000000000013, 'xy_dist': 2.734676032000876, 'params': {'G': 1.0, 'X': 170.573, 'Y': 113.042, 'E': 0.26782}}
DECISION : ALLOW
------------------------------------------------------------
[SEQ 46] [IEEE-BASELINE]
SCORE    : anomaly_score=0.000
DECISION : ALLOW
------------------------------------------------------------
[SEQ 47] [LAYER 0]
CMD      : M221 S200
TRUST    : acc_cmd=1.000 | acc_exec=1.000 | trust=0.140
DECISION : PAUSE
MACHINE  : Machine-2
------------------------------------------------------------
[SEQ 47] [STATIC-BASELINE]
CMD      : M221 | effects={'M': 221.0, 'S': 200.0}
DECISION : BLOCK
------------------------------------------------------------
[SEQ 47] [IEEE-BASELINE]
SCORE    : anomaly_score=0.000
DECISION : ALLOW
------------------------------------------------------------
[SEQ 48] [LAYER 0]
CMD      : G1 X172.834 Y115.87 E0.33605
TRUST    : acc_cmd=0.000 | acc_exec=0.000 | trust=0.128
DECISION : PAUSE
MACHINE  : Machine-2
------------------------------------------------------------
[SEQ 48] [STATIC-BASELINE]
CMD      : G1 | effects={'dx': 2.2609999999999957, 'dy': 2.828000000000003, 'dz': 0.0, 'de': 0.06823000000000001, 'xy_dist': 3.6207326606641366, 'params': {'G': 1.0, 'X': 172.834, 'Y': 115.87, 'E': 0.33605}}
DECISION : ALLOW
------------------------------------------------------------
[SEQ 48] [IEEE-BASELINE]
SCORE    : anomaly_score=0.000
DECISION : ALLOW
------------------------------------------------------------
[SEQ 49] [LAYER 0]
CMD      : G1 X173.79 Y118.663 E0.39158
TRUST    : acc_cmd=0.000 | acc_exec=0.000 | trust=0.219
DECISION : PAUSE
MACHINE  : Machine-2
------------------------------------------------------------
[SEQ 49] [STATIC-BASELINE]
CMD      : G1 | effects={'dx': 0.9559999999999889, 'dy': 2.792999999999992, 'dz': 0.0, 'de': 0.05552999999999997, 'xy_dist': 2.9520814690655026, 'params': {'G': 1.0, 'X': 173.79, 'Y': 118.663, 'E': 0.39158}}
DECISION : ALLOW
------------------------------------------------------------
[SEQ 49] [IEEE-BASELINE]
SCORE    : anomaly_score=0.000
DECISION : ALLOW
------------------------------------------------------------
[SEQ 50] [LAYER 0]
CMD      : G1 X173.743 Y121.418 E0.44341
TRUST    : acc_cmd=0.000 | acc_exec=0.000 | trust=0.367
DECISION : PAUSE
MACHINE  : Machine-2
------------------------------------------------------------
[SEQ 50] [STATIC-BASELINE]
CMD      : G1 | effects={'dx': -0.046999999999997044, 'dy': 2.7550000000000097, 'dz': 0.0, 'de': 0.05183000000000004, 'xy_dist': 2.755400878275256, 'params': {'G': 1.0, 'X': 173.743, 'Y': 121.418, 'E': 0.44341}}
DECISION : ALLOW
------------------------------------------------------------
[SEQ 50] [IEEE-BASELINE]
SCORE    : anomaly_score=0.000
DECISION : ALLOW
------------------------------------------------------------
[SEQ 51] [LAYER 0]
CMD      : G1 X173.025 Y123.733 E0.489
TRUST    : acc_cmd=0.000 | acc_exec=0.000 | trust=0.526
DECISION : ALLOW
MACHINE  : Machine-2
------------------------------------------------------------
[SEQ 51] [STATIC-BASELINE]
CMD      : G1 | effects={'dx': -0.7179999999999893, 'dy': 2.3149999999999977, 'dz': 0.0, 'de': 0.045589999999999964, 'xy_dist': 2.423788150808559, 'params': {'G': 1.0, 'X': 173.025, 'Y': 123.733, 'E': 0.489}}
DECISION : ALLOW
------------------------------------------------------------
[SEQ 51] [IEEE-BASELINE]
SCORE    : anomaly_score=0.000
DECISION : ALLOW
------------------------------------------------------------
[SEQ 52] [LAYER 0]
CMD      : G92 E1000
TRUST    : acc_cmd=0.000 | acc_exec=1.000 | trust=0.233
DECISION : PAUSE
MACHINE  : Machine-2
------------------------------------------------------------
[SEQ 52] [STATIC-BASELINE]
CMD      : G92 | effects={'reset': {'G': 92.0, 'E': 1000.0}}
DECISION : BLOCK
------------------------------------------------------------
[SEQ 52] [IEEE-BASELINE]
SCORE    : anomaly_score=0.000
DECISION : ALLOW
------------------------------------------------------------
[SEQ 53] [LAYER 0]
CMD      : G1 X169.985 Y127.264 E0.57756
TRUST    : acc_cmd=0.000 | acc_exec=1.000 | trust=0.097
DECISION : PAUSE
MACHINE  : Machine-2
------------------------------------------------------------
[SEQ 53] [STATIC-BASELINE]
CMD      : G1 | effects={'dx': -3.039999999999992, 'dy': 3.5309999999999917, 'dz': 0.0, 'de': -999.42244, 'xy_dist': 4.659351993571627, 'params': {'G': 1.0, 'X': 169.985, 'Y': 127.264, 'E': 0.57756}}
DECISION : ALLOW
------------------------------------------------------------
[SEQ 53] [IEEE-BASELINE]
SCORE    : anomaly_score=0.000
DECISION : ALLOW
------------------------------------------------------------
[SEQ 54] [LAYER 0]
CMD      : G1 X168.428 Y128.131 E0.61108
TRUST    : acc_cmd=0.000 | acc_exec=0.000 | trust=0.069
DECISION : PAUSE
MACHINE  : Machine-2
------------------------------------------------------------
[SEQ 54] [STATIC-BASELINE]
CMD      : G1 | effects={'dx': -1.5570000000000164, 'dy': 0.8670000000000044, 'dz': 0.0, 'de': 0.033519999999999994, 'xy_dist': 1.7821161578303641, 'params': {'G': 1.0, 'X': 168.428, 'Y': 128.131, 'E': 0.61108}}
DECISION : ALLOW
------------------------------------------------------------
[SEQ 54] [IEEE-BASELINE]
SCORE    : anomaly_score=0.000
DECISION : ALLOW
------------------------------------------------------------
[SEQ 55] [LAYER 0]
CMD      : G1 X166.322 Y128.742 E0.65233
TRUST    : acc_cmd=0.000 | acc_exec=0.000 | trust=0.128
DECISION : PAUSE
MACHINE  : Machine-2
------------------------------------------------------------
[SEQ 55] [STATIC-BASELINE]
CMD      : G1 | effects={'dx': -2.1059999999999945, 'dy': 0.61099999999999, 'dz': 0.0, 'de': 0.04125000000000001, 'xy_dist': 2.192842219586253, 'params': {'G': 1.0, 'X': 166.322, 'Y': 128.742, 'E': 0.65233}}
DECISION : ALLOW
------------------------------------------------------------
[SEQ 55] [IEEE-BASELINE]
SCORE    : anomaly_score=0.000
DECISION : ALLOW
------------------------------------------------------------
[SEQ 56] [LAYER 0]
CMD      : G92 E1000
TRUST    : acc_cmd=0.000 | acc_exec=1.000 | trust=0.062
DECISION : PAUSE
MACHINE  : Machine-2
------------------------------------------------------------
[SEQ 56] [STATIC-BASELINE]
CMD      : G92 | effects={'reset': {'G': 92.0, 'E': 1000.0}}
DECISION : BLOCK
------------------------------------------------------------
[SEQ 56] [IEEE-BASELINE]
SCORE    : anomaly_score=0.000
DECISION : ALLOW
------------------------------------------------------------
[SEQ 57] [LAYER 0]
CMD      : G1 X161.289 Y128.024 E0.74918
TRUST    : acc_cmd=0.000 | acc_exec=1.000 | trust=0.027
DECISION : PAUSE
MACHINE  : Machine-2
------------------------------------------------------------
[SEQ 57] [STATIC-BASELINE]
CMD      : G1 | effects={'dx': -5.0330000000000155, 'dy': -0.7179999999999893, 'dz': 0.0, 'de': -999.25082, 'xy_dist': 5.0839564317566825, 'params': {'G': 1.0, 'X': 161.289, 'Y': 128.024, 'E': 0.74918}}
DECISION : ALLOW
------------------------------------------------------------
[SEQ 57] [IEEE-BASELINE]
SCORE    : anomaly_score=0.000
DECISION : ALLOW
------------------------------------------------------------
[SEQ 58] [LAYER 0]
CMD      : G1 X158.979 Y126.557 E0.80066
TRUST    : acc_cmd=0.000 | acc_exec=0.000 | trust=0.034
DECISION : PAUSE
MACHINE  : Machine-2
------------------------------------------------------------
[SEQ 58] [STATIC-BASELINE]
CMD      : G1 | effects={'dx': -2.309999999999974, 'dy': -1.4669999999999987, 'dz': 0.0, 'de': 0.05148000000000008, 'xy_dist': 2.7364555541795075, 'params': {'G': 1.0, 'X': 158.979, 'Y': 126.557, 'E': 0.80066}}
DECISION : ALLOW
------------------------------------------------------------
[SEQ 58] [IEEE-BASELINE]
SCORE    : anomaly_score=0.000
DECISION : ALLOW
------------------------------------------------------------
[SEQ 59] [LAYER 0]
CMD      : M221 S200
TRUST    : acc_cmd=1.000 | acc_exec=1.000 | trust=0.018
DECISION : PAUSE
MACHINE  : Machine-2
------------------------------------------------------------
[SEQ 59] [STATIC-BASELINE]
CMD      : M221 | effects={'M': 221.0, 'S': 200.0}
DECISION : BLOCK
------------------------------------------------------------
[SEQ 59] [IEEE-BASELINE]
SCORE    : anomaly_score=0.000
DECISION : ALLOW
------------------------------------------------------------
[SEQ 60] [LAYER 0]
CMD      : G1 X156.979 Y123.865 E0.86379
TRUST    : acc_cmd=0.000 | acc_exec=0.000 | trust=0.038
DECISION : PAUSE
MACHINE  : Machine-2
------------------------------------------------------------
[SEQ 60] [STATIC-BASELINE]
CMD      : G1 | effects={'dx': -2.0, 'dy': -2.6920000000000073, 'dz': 0.0, 'de': 0.06312999999999991, 'xy_dist': 3.353634446387984, 'params': {'G': 1.0, 'X': 156.979, 'Y': 123.865, 'E': 0.86379}}
DECISION : ALLOW
------------------------------------------------------------
[SEQ 60] [IEEE-BASELINE]
SCORE    : anomaly_score=0.000
DECISION : ALLOW
------------------------------------------------------------
[SEQ 61] [LAYER 0]
CMD      : G1 X156.258 Y121.306 E0.9138
TRUST    : acc_cmd=0.000 | acc_exec=0.000 | trust=0.116
DECISION : PAUSE
MACHINE  : Machine-2
------------------------------------------------------------
[SEQ 61] [STATIC-BASELINE]
CMD      : G1 | effects={'dx': -0.7210000000000036, 'dy': -2.5589999999999975, 'dz': 0.0, 'de': 0.05001, 'xy_dist': 2.6586316029115413, 'params': {'G': 1.0, 'X': 156.258, 'Y': 121.306, 'E': 0.9138}}
DECISION : ALLOW
------------------------------------------------------------
[SEQ 61] [IEEE-BASELINE]
SCORE    : anomaly_score=0.000
DECISION : ALLOW
------------------------------------------------------------
[SEQ 62] [LAYER 0]
CMD      : G1 X156.218 Y118.878 E0.95947
TRUST    : acc_cmd=0.000 | acc_exec=0.000 | trust=0.252
DECISION : PAUSE
MACHINE  : Machine-2
------------------------------------------------------------
[SEQ 62] [STATIC-BASELINE]
CMD      : G1 | effects={'dx': -0.040000000000020464, 'dy': -2.4279999999999973, 'dz': 0.0, 'de': 0.0456700000000001, 'xy_dist': 2.428329466938123, 'params': {'G': 1.0, 'X': 156.218, 'Y': 118.878, 'E': 0.95947}}
DECISION : ALLOW
------------------------------------------------------------
[SEQ 62] [IEEE-BASELINE]
SCORE    : anomaly_score=0.000
DECISION : ALLOW
------------------------------------------------------------
[SEQ 63] [LAYER 0]
CMD      : G1 X156.411 Y117.996 E0.97646
TRUST    : acc_cmd=0.000 | acc_exec=0.000 | trust=0.416
DECISION : PAUSE
MACHINE  : Machine-2
------------------------------------------------------------
[SEQ 63] [STATIC-BASELINE]
CMD      : G1 | effects={'dx': 0.19300000000001205, 'dy': -0.882000000000005, 'dz': 0.0, 'de': 0.01698999999999995, 'xy_dist': 0.9028693150174135, 'params': {'G': 1.0, 'X': 156.411, 'Y': 117.996, 'E': 0.97646}}
DECISION : ALLOW
------------------------------------------------------------
[SEQ 63] [IEEE-BASELINE]
SCORE    : anomaly_score=0.000
DECISION : ALLOW
------------------------------------------------------------
[SEQ 64] [LAYER 0]
CMD      : G1 X157.211 Y115.973 E1.01738
TRUST    : acc_cmd=0.000 | acc_exec=0.000 | trust=0.574
DECISION : ALLOW
MACHINE  : Machine-2
------------------------------------------------------------
[SEQ 64] [STATIC-BASELINE]
CMD      : G1 | effects={'dx': 0.8000000000000114, 'dy': -2.022999999999996, 'dz': 0.0, 'de': 0.040919999999999956, 'xy_dist': 2.1754376571163796, 'params': {'G': 1.0, 'X': 157.211, 'Y': 115.973, 'E': 1.01738}}
DECISION : ALLOW
------------------------------------------------------------
[SEQ 64] [IEEE-BASELINE]
SCORE    : anomaly_score=0.000
DECISION : ALLOW
------------------------------------------------------------
[SEQ 65] [LAYER 0]
CMD      : G1 X157.878 Y114.798 E1.04279
TRUST    : acc_cmd=0.000 | acc_exec=0.000 | trust=0.706
DECISION : ALLOW
MACHINE  : Machine-2
------------------------------------------------------------
[SEQ 65] [STATIC-BASELINE]
CMD      : G1 | effects={'dx': 0.6669999999999732, 'dy': -1.1749999999999972, 'dz': 0.0, 'de': 0.025410000000000155, 'xy_dist': 1.3511158351525443, 'params': {'G': 1.0, 'X': 157.878, 'Y': 114.798, 'E': 1.04279}}
DECISION : ALLOW
------------------------------------------------------------
[SEQ 65] [IEEE-BASELINE]
SCORE    : anomaly_score=0.000
DECISION : ALLOW
------------------------------------------------------------
[SEQ 66] [LAYER 0]
CMD      : G0 F3600 X158.201 Y115.039
TRUST    : acc_cmd=0.000 | acc_exec=0.000 | trust=0.805
DECISION : ALLOW
MACHINE  : Machine-2
------------------------------------------------------------
[SEQ 66] [STATIC-BASELINE]
CMD      : G0 | effects={'dx': 0.3230000000000075, 'dy': 0.24099999999999966, 'dz': 0.0, 'de': 0.0, 'xy_dist': 0.40300124069288507, 'params': {'G': 0.0, 'F': 3600.0, 'X': 158.201, 'Y': 115.039}}
DECISION : ALLOW
------------------------------------------------------------
[SEQ 66] [IEEE-BASELINE]
SCORE    : anomaly_score=0.000
DECISION : ALLOW
------------------------------------------------------------
[SEQ 67] [LAYER 0]
CMD      : M92 E2000
TRUST    : acc_cmd=1.000 | acc_exec=1.000 | trust=0.349
DECISION : PAUSE
MACHINE  : Machine-2
------------------------------------------------------------
[SEQ 67] [STATIC-BASELINE]
CMD      : M92 | effects={'M': 92.0, 'E': 2000.0}
DECISION : BLOCK
------------------------------------------------------------
[SEQ 67] [IEEE-BASELINE]
SCORE    : anomaly_score=0.000
DECISION : ALLOW
------------------------------------------------------------
[SEQ 68] [LAYER 0]
CMD      : G1 X160.354 Y112.955 E1.09931
TRUST    : acc_cmd=0.000 | acc_exec=0.000 | trust=0.234
DECISION : PAUSE
MACHINE  : Machine-2
------------------------------------------------------------
[SEQ 68] [STATIC-BASELINE]
CMD      : G1 | effects={'dx': 2.15300000000002, 'dy': -2.084000000000003, 'dz': 0.0, 'de': 0.056519999999999904, 'xy_dist': 2.9964086837412713, 'params': {'G': 1.0, 'X': 160.354, 'Y': 112.955, 'E': 1.09931}}
DECISION : ALLOW
------------------------------------------------------------
[SEQ 68] [IEEE-BASELINE]
SCORE    : anomaly_score=0.000
DECISION : ALLOW
------------------------------------------------------------
[SEQ 69] [LAYER 0]
CMD      : G1 X162.364 Y112.048 E1.14079
TRUST    : acc_cmd=0.000 | acc_exec=0.000 | trust=0.291
DECISION : PAUSE
MACHINE  : Machine-2
------------------------------------------------------------
[SEQ 69] [STATIC-BASELINE]
CMD      : G1 | effects={'dx': 2.009999999999991, 'dy': -0.9069999999999965, 'dz': 0.0, 'de': 0.04147999999999996, 'xy_dist': 2.2051641662243555, 'params': {'G': 1.0, 'X': 162.364, 'Y': 112.048, 'E': 1.14079}}
DECISION : ALLOW
------------------------------------------------------------
[SEQ 69] [IEEE-BASELINE]
SCORE    : anomaly_score=0.000
DECISION : ALLOW
------------------------------------------------------------
[SEQ 70] [LAYER 0]
CMD      : G92 E1000
TRUST    : acc_cmd=0.000 | acc_exec=1.000 | trust=0.132
DECISION : PAUSE
MACHINE  : Machine-2
------------------------------------------------------------
[SEQ 70] [STATIC-BASELINE]
CMD      : G92 | effects={'reset': {'G': 92.0, 'E': 1000.0}}
DECISION : BLOCK
------------------------------------------------------------
[SEQ 70] [IEEE-BASELINE]
SCORE    : anomaly_score=0.000
DECISION : ALLOW
------------------------------------------------------------
[SEQ 71] [LAYER 0]
CMD      : G1 X165.861 Y111.613 E1.20764
TRUST    : acc_cmd=0.000 | acc_exec=1.000 | trust=0.056
DECISION : PAUSE
MACHINE  : Machine-2
------------------------------------------------------------
[SEQ 71] [STATIC-BASELINE]
CMD      : G1 | effects={'dx': 3.4969999999999857, 'dy': -0.4350000000000023, 'dz': 0.0, 'de': -998.79236, 'xy_dist': 3.523951475261812, 'params': {'G': 1.0, 'X': 165.861, 'Y': 111.613, 'E': 1.20764}}
DECISION : ALLOW
------------------------------------------------------------
[SEQ 71] [IEEE-BASELINE]
SCORE    : anomaly_score=0.000
DECISION : ALLOW
------------------------------------------------------------
[SEQ 72] [LAYER 0]
CMD      : G92 E1000
TRUST    : acc_cmd=0.000 | acc_exec=1.000 | trust=0.024
DECISION : PAUSE
MACHINE  : Machine-2
------------------------------------------------------------
[SEQ 72] [STATIC-BASELINE]
CMD      : G92 | effects={'reset': {'G': 92.0, 'E': 1000.0}}
DECISION : BLOCK
------------------------------------------------------------
[SEQ 72] [IEEE-BASELINE]
SCORE    : anomaly_score=0.000
DECISION : ALLOW
------------------------------------------------------------
[SEQ 73] [LAYER 0]
CMD      : G1 X170.318 Y113.359 E1.29846
TRUST    : acc_cmd=0.000 | acc_exec=1.000 | trust=0.010
DECISION : PAUSE
MACHINE  : Machine-2
------------------------------------------------------------
[SEQ 73] [STATIC-BASELINE]
CMD      : G1 | effects={'dx': 4.457000000000022, 'dy': 1.7459999999999951, 'dz': 0.0, 'de': -998.70154, 'xy_dist': 4.786790678523574, 'params': {'G': 1.0, 'X': 170.318, 'Y': 113.359, 'E': 1.29846}}
DECISION : ALLOW
------------------------------------------------------------
[SEQ 73] [IEEE-BASELINE]
SCORE    : anomaly_score=0.000
DECISION : ALLOW
------------------------------------------------------------
[SEQ 74] [LAYER 0]
CMD      : G1 X172.03 Y115.354 E1.34791
TRUST    : acc_cmd=0.000 | acc_exec=0.000 | trust=0.015
DECISION : PAUSE
MACHINE  : Machine-2
------------------------------------------------------------
[SEQ 74] [STATIC-BASELINE]
CMD      : G1 | effects={'dx': 1.711999999999989, 'dy': 1.9950000000000045, 'dz': 0.0, 'de': 0.049449999999999994, 'xy_dist': 2.628872191644162, 'params': {'G': 1.0, 'X': 172.03, 'Y': 115.354, 'E': 1.34791}}
DECISION : ALLOW
------------------------------------------------------------
[SEQ 74] [IEEE-BASELINE]
SCORE    : anomaly_score=0.000
DECISION : ALLOW
------------------------------------------------------------
[SEQ 75] [LAYER 0]
CMD      : M92 E2000
TRUST    : acc_cmd=1.000 | acc_exec=1.000 | trust=0.009
DECISION : PAUSE
MACHINE  : Machine-2
------------------------------------------------------------
[SEQ 75] [STATIC-BASELINE]
CMD      : M92 | effects={'M': 92.0, 'E': 2000.0}
DECISION : BLOCK
------------------------------------------------------------
[SEQ 75] [IEEE-BASELINE]
SCORE    : anomaly_score=0.000
DECISION : ALLOW
------------------------------------------------------------
[SEQ 76] [LAYER 0]
CMD      : G92 E1000
TRUST    : acc_cmd=0.000 | acc_exec=1.000 | trust=0.005
DECISION : PAUSE
MACHINE  : Machine-2
------------------------------------------------------------
[SEQ 76] [STATIC-BASELINE]
CMD      : G92 | effects={'reset': {'G': 92.0, 'E': 1000.0}}
DECISION : BLOCK
------------------------------------------------------------
[SEQ 76] [IEEE-BASELINE]
SCORE    : anomaly_score=0.000
DECISION : ALLOW
------------------------------------------------------------
[SEQ 77] [LAYER 0]
CMD      : G1 X173.344 Y121.354 E1.46608
TRUST    : acc_cmd=0.000 | acc_exec=1.000 | trust=0.003
DECISION : PAUSE
MACHINE  : Machine-2
------------------------------------------------------------
[SEQ 77] [STATIC-BASELINE]
CMD      : G1 | effects={'dx': 1.313999999999993, 'dy': 6.0, 'dz': 0.0, 'de': -998.53392, 'xy_dist': 6.142197977922885, 'params': {'G': 1.0, 'X': 173.344, 'Y': 121.354, 'E': 1.46608}}
DECISION : ALLOW
------------------------------------------------------------
[SEQ 77] [IEEE-BASELINE]
SCORE    : anomaly_score=0.000
DECISION : ALLOW
------------------------------------------------------------
[SEQ 78] [LAYER 0]
CMD      : G1 X172.659 Y123.562 E1.50957
TRUST    : acc_cmd=0.000 | acc_exec=0.000 | trust=0.012
DECISION : PAUSE
MACHINE  : Machine-2
------------------------------------------------------------
[SEQ 78] [STATIC-BASELINE]
CMD      : G1 | effects={'dx': -0.6850000000000023, 'dy': 2.2079999999999984, 'dz': 0.0, 'de': 0.04349000000000003, 'xy_dist': 2.311815087761129, 'params': {'G': 1.0, 'X': 172.659, 'Y': 123.562, 'E': 1.50957}}
DECISION : ALLOW
------------------------------------------------------------
[SEQ 78] [IEEE-BASELINE]
SCORE    : anomaly_score=0.000
DECISION : ALLOW
------------------------------------------------------------
[SEQ 79] [LAYER 0]
CMD      : G1 X171.412 Y125.503 E1.55297
TRUST    : acc_cmd=0.000 | acc_exec=0.000 | trust=0.058
DECISION : PAUSE
MACHINE  : Machine-2
------------------------------------------------------------
[SEQ 79] [STATIC-BASELINE]
CMD      : G1 | effects={'dx': -1.2469999999999857, 'dy': 1.9410000000000025, 'dz': 0.0, 'de': 0.04339999999999988, 'xy_dist': 2.3070522317450846, 'params': {'G': 1.0, 'X': 171.412, 'Y': 125.503, 'E': 1.55297}}
DECISION : ALLOW
------------------------------------------------------------
[SEQ 79] [IEEE-BASELINE]
SCORE    : anomaly_score=0.000
DECISION : ALLOW
------------------------------------------------------------
[SEQ 80] [LAYER 0]
CMD      : G1 X169.754 Y126.935 E1.59418
TRUST    : acc_cmd=0.000 | acc_exec=0.000 | trust=0.163
DECISION : PAUSE
MACHINE  : Machine-2
------------------------------------------------------------
[SEQ 80] [STATIC-BASELINE]
CMD      : G1 | effects={'dx': -1.6580000000000155, 'dy': 1.4320000000000022, 'dz': 0.0, 'de': 0.04120999999999997, 'xy_dist': 2.190796202297251, 'params': {'G': 1.0, 'X': 169.754, 'Y': 126.935, 'E': 1.59418}}
DECISION : ALLOW
------------------------------------------------------------
[SEQ 80] [IEEE-BASELINE]
SCORE    : anomaly_score=0.000
DECISION : ALLOW
------------------------------------------------------------
[SEQ 81] [LAYER 0]
CMD      : G1 X168.274 Y127.759 E1.62604
TRUST    : acc_cmd=0.000 | acc_exec=0.000 | trust=0.315
DECISION : PAUSE
MACHINE  : Machine-2
------------------------------------------------------------
[SEQ 81] [STATIC-BASELINE]
CMD      : G1 | effects={'dx': -1.4799999999999898, 'dy': 0.8239999999999981, 'dz': 0.0, 'de': 0.03186, 'xy_dist': 1.6939232568212665, 'params': {'G': 1.0, 'X': 168.274, 'Y': 127.759, 'E': 1.62604}}
DECISION : ALLOW
------------------------------------------------------------
[SEQ 81] [IEEE-BASELINE]
SCORE    : anomaly_score=0.000
DECISION : ALLOW
------------------------------------------------------------
[SEQ 82] [LAYER 0]
CMD      : G1 X166.262 Y128.343 E1.66545
TRUST    : acc_cmd=0.000 | acc_exec=0.000 | trust=0.481
DECISION : PAUSE
MACHINE  : Machine-2
------------------------------------------------------------
[SEQ 82] [STATIC-BASELINE]
CMD      : G1 | effects={'dx': -2.0120000000000005, 'dy': 0.583999999999989, 'dz': 0.0, 'de': 0.03941000000000017, 'xy_dist': 2.0950417656934643, 'params': {'G': 1.0, 'X': 166.262, 'Y': 128.343, 'E': 1.66545}}
DECISION : ALLOW
------------------------------------------------------------
[SEQ 82] [IEEE-BASELINE]
SCORE    : anomaly_score=0.000
DECISION : ALLOW
------------------------------------------------------------
[SEQ 83] [LAYER 0]
CMD      : M92 E2000
TRUST    : acc_cmd=1.000 | acc_exec=1.000 | trust=0.214
DECISION : PAUSE
MACHINE  : Machine-2
------------------------------------------------------------
[SEQ 83] [STATIC-BASELINE]
CMD      : M92 | effects={'M': 92.0, 'E': 2000.0}
DECISION : BLOCK
------------------------------------------------------------
[SEQ 83] [IEEE-BASELINE]
SCORE    : anomaly_score=0.000
DECISION : ALLOW
------------------------------------------------------------
[SEQ 84] [LAYER 0]
CMD      : G1 X161.461 Y127.659 E1.75783
TRUST    : acc_cmd=0.000 | acc_exec=0.000 | trust=0.168
DECISION : PAUSE
MACHINE  : Machine-2
------------------------------------------------------------
[SEQ 84] [STATIC-BASELINE]
CMD      : G1 | effects={'dx': -4.800999999999988, 'dy': -0.6839999999999833, 'dz': 0.0, 'de': 0.0923799999999999, 'xy_dist': 4.849480075224545, 'params': {'G': 1.0, 'X': 161.461, 'Y': 127.659, 'E': 1.75783}}
DECISION : ALLOW
------------------------------------------------------------
[SEQ 84] [IEEE-BASELINE]
SCORE    : anomaly_score=0.000
DECISION : ALLOW
------------------------------------------------------------
[SEQ 85] [LAYER 0]
CMD      : M92 E2000
TRUST    : acc_cmd=1.000 | acc_exec=1.000 | trust=0.076
DECISION : PAUSE
MACHINE  : Machine-2
------------------------------------------------------------
[SEQ 85] [STATIC-BASELINE]
CMD      : M92 | effects={'M': 92.0, 'E': 2000.0}
DECISION : BLOCK
------------------------------------------------------------
[SEQ 85] [IEEE-BASELINE]
SCORE    : anomaly_score=0.000
DECISION : ALLOW
------------------------------------------------------------
[SEQ 86] [LAYER 0]
CMD      : G1 X157.364 Y123.757 E1.86597
TRUST    : acc_cmd=0.000 | acc_exec=0.000 | trust=0.079
DECISION : PAUSE
MACHINE  : Machine-2
------------------------------------------------------------
[SEQ 86] [STATIC-BASELINE]
CMD      : G1 | effects={'dx': -4.097000000000008, 'dy': -3.902000000000001, 'dz': 0.0, 'de': 0.1081399999999999, 'xy_dist': 5.657827586627228, 'params': {'G': 1.0, 'X': 157.364, 'Y': 123.757, 'E': 1.86597}}
DECISION : ALLOW
------------------------------------------------------------
[SEQ 86] [IEEE-BASELINE]
SCORE    : anomaly_score=0.000
DECISION : ALLOW
------------------------------------------------------------
[SEQ 87] [LAYER 0]
CMD      : M92 E2000
TRUST    : acc_cmd=1.000 | acc_exec=1.000 | trust=0.038
DECISION : PAUSE
MACHINE  : Machine-2
------------------------------------------------------------
[SEQ 87] [STATIC-BASELINE]
CMD      : M92 | effects={'M': 92.0, 'E': 2000.0}
DECISION : BLOCK
------------------------------------------------------------
[SEQ 87] [IEEE-BASELINE]
SCORE    : anomaly_score=0.000
DECISION : ALLOW
------------------------------------------------------------
[SEQ 88] [LAYER 0]
CMD      : G1 X156.619 Y118.916 E1.95887
TRUST    : acc_cmd=0.000 | acc_exec=0.000 | trust=0.055
DECISION : PAUSE
MACHINE  : Machine-2
------------------------------------------------------------
[SEQ 88] [STATIC-BASELINE]
CMD      : G1 | effects={'dx': -0.7450000000000045, 'dy': -4.841000000000008, 'dz': 0.0, 'de': 0.09289999999999998, 'xy_dist': 4.897989995906493, 'params': {'G': 1.0, 'X': 156.619, 'Y': 118.916, 'E': 1.95887}}
DECISION : ALLOW
------------------------------------------------------------
[SEQ 88] [IEEE-BASELINE]
SCORE    : anomaly_score=0.000
DECISION : ALLOW
------------------------------------------------------------
[SEQ 89] [LAYER 0]
CMD      : G1 X156.783 Y118.142 E1.97376
TRUST    : acc_cmd=0.000 | acc_exec=0.000 | trust=0.140
DECISION : PAUSE
MACHINE  : Machine-2
------------------------------------------------------------
[SEQ 89] [STATIC-BASELINE]
CMD      : G1 | effects={'dx': 0.16399999999998727, 'dy': -0.7740000000000009, 'dz': 0.0, 'de': 0.01489000000000007, 'xy_dist': 0.7911839229913593, 'params': {'G': 1.0, 'X': 156.783, 'Y': 118.142, 'E': 1.97376}}
DECISION : ALLOW
------------------------------------------------------------
[SEQ 89] [IEEE-BASELINE]
SCORE    : anomaly_score=0.000
DECISION : ALLOW
------------------------------------------------------------
[SEQ 90] [LAYER 0]
CMD      : G1 X157.559 Y116.17 E2.01362
TRUST    : acc_cmd=0.000 | acc_exec=0.000 | trust=0.283
DECISION : PAUSE
MACHINE  : Machine-2
------------------------------------------------------------
[SEQ 90] [STATIC-BASELINE]
CMD      : G1 | effects={'dx': 0.7760000000000105, 'dy': -1.9719999999999942, 'dz': 0.0, 'de': 0.03986000000000001, 'xy_dist': 2.1191885239402355, 'params': {'G': 1.0, 'X': 157.559, 'Y': 116.17, 'E': 2.01362}}
DECISION : ALLOW
------------------------------------------------------------
[SEQ 90] [IEEE-BASELINE]
SCORE    : anomaly_score=0.000
DECISION : ALLOW
------------------------------------------------------------
[SEQ 91] [LAYER 0]
CMD      : M92 E2000
TRUST    : acc_cmd=1.000 | acc_exec=1.000 | trust=0.130
DECISION : PAUSE
MACHINE  : Machine-2
------------------------------------------------------------
[SEQ 91] [STATIC-BASELINE]
CMD      : M92 | effects={'M': 92.0, 'E': 2000.0}
DECISION : BLOCK
------------------------------------------------------------
[SEQ 91] [IEEE-BASELINE]
SCORE    : anomaly_score=0.000
DECISION : ALLOW
------------------------------------------------------------
[SEQ 92] [LAYER 0]
CMD      : G0 F3600 X158.526 Y115.278
TRUST    : acc_cmd=0.000 | acc_exec=0.000 | trust=0.122
DECISION : PAUSE
MACHINE  : Machine-2
------------------------------------------------------------
[SEQ 92] [STATIC-BASELINE]
CMD      : G0 | effects={'dx': 0.967000000000013, 'dy': -0.8919999999999959, 'dz': 0.0, 'de': 0.0, 'xy_dist': 1.315580860304686, 'params': {'G': 0.0, 'F': 3600.0, 'X': 158.526, 'Y': 115.278}}
DECISION : ALLOW
------------------------------------------------------------
[SEQ 92] [IEEE-BASELINE]
SCORE    : anomaly_score=0.000
DECISION : ALLOW
------------------------------------------------------------
[SEQ 93] [LAYER 0]
CMD      : G92 E1000
TRUST    : acc_cmd=0.000 | acc_exec=1.000 | trust=0.057
DECISION : PAUSE
MACHINE  : Machine-2
------------------------------------------------------------
[SEQ 93] [STATIC-BASELINE]
CMD      : G92 | effects={'reset': {'G': 92.0, 'E': 1000.0}}
DECISION : BLOCK
------------------------------------------------------------
[SEQ 93] [IEEE-BASELINE]
SCORE    : anomaly_score=0.000
DECISION : ALLOW
------------------------------------------------------------
[SEQ 94] [LAYER 0]
CMD      : G1 X160.563 Y113.299 E2.09165
TRUST    : acc_cmd=0.000 | acc_exec=1.000 | trust=0.025
DECISION : PAUSE
MACHINE  : Machine-2
------------------------------------------------------------
[SEQ 94] [STATIC-BASELINE]
CMD      : G1 | effects={'dx': 2.0369999999999777, 'dy': -1.9789999999999992, 'dz': 0.0, 'de': -997.90835, 'xy_dist': 2.8400369715903184, 'params': {'G': 1.0, 'X': 160.563, 'Y': 113.299, 'E': 2.09165}}
DECISION : ALLOW
------------------------------------------------------------
[SEQ 94] [IEEE-BASELINE]
SCORE    : anomaly_score=0.000
DECISION : ALLOW
------------------------------------------------------------
[SEQ 95] [LAYER 0]
CMD      : M221 S200
TRUST    : acc_cmd=1.000 | acc_exec=1.000 | trust=0.011
DECISION : PAUSE
MACHINE  : Machine-2
------------------------------------------------------------
[SEQ 95] [STATIC-BASELINE]
CMD      : M221 | effects={'M': 221.0, 'S': 200.0}
DECISION : BLOCK
------------------------------------------------------------
[SEQ 95] [IEEE-BASELINE]
SCORE    : anomaly_score=0.000
DECISION : ALLOW
------------------------------------------------------------
[SEQ 96] [LAYER 0]
CMD      : G1 X163.738 Y112.059 E2.15591
TRUST    : acc_cmd=0.000 | acc_exec=0.000 | trust=0.018
DECISION : PAUSE
MACHINE  : Machine-2
------------------------------------------------------------
[SEQ 96] [STATIC-BASELINE]
CMD      : G1 | effects={'dx': 3.1750000000000114, 'dy': -1.240000000000009, 'dz': 0.0, 'de': 0.06425999999999998, 'xy_dist': 3.408551745243146, 'params': {'G': 1.0, 'X': 163.738, 'Y': 112.059, 'E': 2.15591}}
DECISION : ALLOW
------------------------------------------------------------
[SEQ 96] [IEEE-BASELINE]
SCORE    : anomaly_score=0.000
DECISION : ALLOW
------------------------------------------------------------
[SEQ 97] [LAYER 0]
CMD      : G1 X165.821 Y112.014 E2.1951
TRUST    : acc_cmd=0.000 | acc_exec=0.000 | trust=0.068
DECISION : PAUSE
MACHINE  : Machine-2
------------------------------------------------------------
[SEQ 97] [STATIC-BASELINE]
CMD      : G1 | effects={'dx': 2.0829999999999984, 'dy': -0.045000000000001705, 'dz': 0.0, 'de': 0.03919000000000006, 'xy_dist': 2.083486021071414, 'params': {'G': 1.0, 'X': 165.821, 'Y': 112.014, 'E': 2.1951}}
DECISION : ALLOW
------------------------------------------------------------
[SEQ 97] [IEEE-BASELINE]
SCORE    : anomaly_score=0.000
DECISION : ALLOW
------------------------------------------------------------
[SEQ 98] [LAYER 0]
CMD      : M221 S200
TRUST    : acc_cmd=1.000 | acc_exec=1.000 | trust=0.035
DECISION : PAUSE
MACHINE  : Machine-2
------------------------------------------------------------
[SEQ 98] [STATIC-BASELINE]
CMD      : M221 | effects={'M': 221.0, 'S': 200.0}
DECISION : BLOCK
------------------------------------------------------------
[SEQ 98] [IEEE-BASELINE]
SCORE    : anomaly_score=0.000
DECISION : ALLOW
------------------------------------------------------------
[SEQ 99] [LAYER 0]
CMD      : M92 E2000
TRUST    : acc_cmd=1.000 | acc_exec=1.000 | trust=0.016
DECISION : PAUSE
MACHINE  : Machine-2
------------------------------------------------------------
[SEQ 99] [STATIC-BASELINE]
CMD      : M92 | effects={'M': 92.0, 'E': 2000.0}
DECISION : BLOCK
------------------------------------------------------------
[SEQ 99] [IEEE-BASELINE]
SCORE    : anomaly_score=0.000
DECISION : ALLOW
------------------------------------------------------------
[SEQ 100] [LAYER 0]
CMD      : G1 X171.726 Y115.614 E2.32958
TRUST    : acc_cmd=0.000 | acc_exec=0.000 | trust=0.027
DECISION : PAUSE
MACHINE  : Machine-2
------------------------------------------------------------
[SEQ 100] [STATIC-BASELINE]
CMD      : G1 | effects={'dx': 5.905000000000001, 'dy': 3.6000000000000085, 'dz': 0.0, 'de': 0.13447999999999993, 'xy_dist': 6.915853165011535, 'params': {'G': 1.0, 'X': 171.726, 'Y': 115.614, 'E': 2.32958}}
DECISION : ALLOW
------------------------------------------------------------
[SEQ 100] [IEEE-BASELINE]
SCORE    : anomaly_score=0.000
DECISION : ALLOW
------------------------------------------------------------
[SEQ 101] [LAYER 0]
CMD      : G1 X172.111 Y116.223 E2.34314
TRUST    : acc_cmd=0.000 | acc_exec=0.000 | trust=0.090
DECISION : PAUSE
MACHINE  : Machine-2
------------------------------------------------------------
[SEQ 101] [STATIC-BASELINE]
CMD      : G1 | effects={'dx': 0.3849999999999909, 'dy': 0.6089999999999947, 'dz': 0.0, 'de': 0.013560000000000016, 'xy_dist': 0.7204901109661301, 'params': {'G': 1.0, 'X': 172.111, 'Y': 116.223, 'E': 2.34314}}
DECISION : ALLOW
------------------------------------------------------------
[SEQ 101] [IEEE-BASELINE]
SCORE    : anomaly_score=0.000
DECISION : ALLOW
------------------------------------------------------------
[SEQ 102] [LAYER 0]
CMD      : G1 X172.988 Y118.786 E2.39409
TRUST    : acc_cmd=0.000 | acc_exec=0.000 | trust=0.214
DECISION : PAUSE
MACHINE  : Machine-2
------------------------------------------------------------
[SEQ 102] [STATIC-BASELINE]
CMD      : G1 | effects={'dx': 0.8770000000000095, 'dy': 2.5630000000000024, 'dz': 0.0, 'de': 0.05094999999999983, 'xy_dist': 2.708892393580821, 'params': {'G': 1.0, 'X': 172.988, 'Y': 118.786, 'E': 2.39409}}
DECISION : ALLOW
------------------------------------------------------------
[SEQ 102] [IEEE-BASELINE]
SCORE    : anomaly_score=0.000
DECISION : ALLOW
------------------------------------------------------------
[SEQ 103] [LAYER 0]
CMD      : G1 X172.945 Y121.291 E2.44122
TRUST    : acc_cmd=0.000 | acc_exec=0.000 | trust=0.375
DECISION : PAUSE
MACHINE  : Machine-2
------------------------------------------------------------
[SEQ 103] [STATIC-BASELINE]
CMD      : G1 | effects={'dx': -0.043000000000006366, 'dy': 2.5049999999999955, 'dz': 0.0, 'de': 0.047130000000000116, 'xy_dist': 2.505369034693288, 'params': {'G': 1.0, 'X': 172.945, 'Y': 121.291, 'E': 2.44122}}
DECISION : ALLOW
------------------------------------------------------------
[SEQ 103] [IEEE-BASELINE]
SCORE    : anomaly_score=0.000
DECISION : ALLOW
------------------------------------------------------------
[SEQ 104] [LAYER 0]
CMD      : G1 X172.294 Y123.39 E2.48256
TRUST    : acc_cmd=0.000 | acc_exec=0.000 | trust=0.538
DECISION : ALLOW
MACHINE  : Machine-2
------------------------------------------------------------
[SEQ 104] [STATIC-BASELINE]
CMD      : G1 | effects={'dx': -0.650999999999982, 'dy': 2.0990000000000038, 'dz': 0.0, 'de': 0.04133999999999993, 'xy_dist': 2.1976355475829, 'params': {'G': 1.0, 'X': 172.294, 'Y': 123.39, 'E': 2.48256}}
DECISION : ALLOW
------------------------------------------------------------
[SEQ 104] [IEEE-BASELINE]
SCORE    : anomaly_score=0.000
DECISION : ALLOW
------------------------------------------------------------
[SEQ 105] [LAYER 0]
CMD      : G1 X171.106 Y125.239 E2.5239
TRUST    : acc_cmd=0.000 | acc_exec=0.000 | trust=0.677
DECISION : ALLOW
MACHINE  : Machine-2
------------------------------------------------------------
[SEQ 105] [STATIC-BASELINE]
CMD      : G1 | effects={'dx': -1.1880000000000166, 'dy': 1.8490000000000038, 'dz': 0.0, 'de': 0.04133999999999993, 'xy_dist': 2.197759085978273, 'params': {'G': 1.0, 'X': 171.106, 'Y': 125.239, 'E': 2.5239}}
DECISION : ALLOW
------------------------------------------------------------
[SEQ 105] [IEEE-BASELINE]
SCORE    : anomaly_score=0.000
DECISION : ALLOW
------------------------------------------------------------
[SEQ 106] [LAYER 0]
CMD      : G1 X169.523 Y126.606 E2.56324
TRUST    : acc_cmd=0.000 | acc_exec=0.000 | trust=0.783
DECISION : ALLOW
MACHINE  : Machine-2
------------------------------------------------------------
[SEQ 106] [STATIC-BASELINE]
CMD      : G1 | effects={'dx': -1.5829999999999984, 'dy': 1.3669999999999902, 'dz': 0.0, 'de': 0.03934000000000015, 'xy_dist': 2.091549186607852, 'params': {'G': 1.0, 'X': 169.523, 'Y': 126.606, 'E': 2.56324}}
DECISION : ALLOW
------------------------------------------------------------
[SEQ 106] [IEEE-BASELINE]
SCORE    : anomaly_score=0.000
DECISION : ALLOW
------------------------------------------------------------
[SEQ 107] [LAYER 0]
CMD      : G92 E1000
TRUST    : acc_cmd=0.000 | acc_exec=1.000 | trust=0.340
DECISION : PAUSE
MACHINE  : Machine-2
------------------------------------------------------------
[SEQ 107] [STATIC-BASELINE]
CMD      : G92 | effects={'reset': {'G': 92.0, 'E': 1000.0}}
DECISION : BLOCK
------------------------------------------------------------
[SEQ 107] [IEEE-BASELINE]
SCORE    : anomaly_score=0.000
DECISION : ALLOW
------------------------------------------------------------
[SEQ 108] [LAYER 0]
CMD      : M221 S200
TRUST    : acc_cmd=1.000 | acc_exec=1.000 | trust=0.141
DECISION : PAUSE
MACHINE  : Machine-2
------------------------------------------------------------
[SEQ 108] [STATIC-BASELINE]
CMD      : M221 | effects={'M': 221.0, 'S': 200.0}
DECISION : BLOCK
------------------------------------------------------------
[SEQ 108] [IEEE-BASELINE]
SCORE    : anomaly_score=0.000
DECISION : ALLOW
------------------------------------------------------------
[SEQ 109] [LAYER 0]
CMD      : G1 X163.88 Y127.987 E2.67471
TRUST    : acc_cmd=0.000 | acc_exec=1.000 | trust=0.058
DECISION : PAUSE
MACHINE  : Machine-2
------------------------------------------------------------
[SEQ 109] [STATIC-BASELINE]
CMD      : G1 | effects={'dx': -5.643000000000001, 'dy': 1.3810000000000002, 'dz': 0.0, 'de': -997.32529, 'xy_dist': 5.80952751951482, 'params': {'G': 1.0, 'X': 163.88, 'Y': 127.987, 'E': 2.67471}}
DECISION : ALLOW
------------------------------------------------------------
[SEQ 109] [IEEE-BASELINE]
SCORE    : anomaly_score=0.000
DECISION : ALLOW
------------------------------------------------------------
[SEQ 110] [LAYER 0]
CMD      : G1 X161.631 Y127.293 E2.71898
TRUST    : acc_cmd=0.000 | acc_exec=0.000 | trust=0.040
DECISION : PAUSE
MACHINE  : Machine-2
------------------------------------------------------------
[SEQ 110] [STATIC-BASELINE]
CMD      : G1 | effects={'dx': -2.2489999999999952, 'dy': -0.6939999999999884, 'dz': 0.0, 'de': 0.04427000000000003, 'xy_dist': 2.353643345963862, 'params': {'G': 1.0, 'X': 161.631, 'Y': 127.293, 'E': 2.71898}}
DECISION : ALLOW
------------------------------------------------------------
[SEQ 110] [IEEE-BASELINE]
SCORE    : anomaly_score=0.000
DECISION : ALLOW
------------------------------------------------------------
[SEQ 111] [LAYER 0]
CMD      : G1 X159.528 Y125.957 E2.76585
TRUST    : acc_cmd=0.000 | acc_exec=0.000 | trust=0.088
DECISION : PAUSE
MACHINE  : Machine-2
------------------------------------------------------------
[SEQ 111] [STATIC-BASELINE]
CMD      : G1 | effects={'dx': -2.1030000000000086, 'dy': -1.3360000000000127, 'dz': 0.0, 'de': 0.046869999999999745, 'xy_dist': 2.4914865040774496, 'params': {'G': 1.0, 'X': 159.528, 'Y': 125.957, 'E': 2.76585}}
DECISION : ALLOW
------------------------------------------------------------
[SEQ 111] [IEEE-BASELINE]
SCORE    : anomaly_score=0.000
DECISION : ALLOW
------------------------------------------------------------
[SEQ 112] [LAYER 0]
CMD      : G1 X157.729 Y123.577 E2.82197
TRUST    : acc_cmd=0.000 | acc_exec=0.000 | trust=0.202
DECISION : PAUSE
MACHINE  : Machine-2
------------------------------------------------------------
[SEQ 112] [STATIC-BASELINE]
CMD      : G1 | effects={'dx': -1.7989999999999782, 'dy': -2.3799999999999955, 'dz': 0.0, 'de': 0.05611999999999995, 'xy_dist': 2.9834210229198126, 'params': {'G': 1.0, 'X': 157.729, 'Y': 123.577, 'E': 2.82197}}
DECISION : ALLOW
------------------------------------------------------------
[SEQ 112] [IEEE-BASELINE]
SCORE    : anomaly_score=0.000
DECISION : ALLOW
------------------------------------------------------------
[SEQ 113] [LAYER 0]
CMD      : G92 E1000
TRUST    : acc_cmd=0.000 | acc_exec=1.000 | trust=0.095
DECISION : PAUSE
MACHINE  : Machine-2
------------------------------------------------------------
[SEQ 113] [STATIC-BASELINE]
CMD      : G92 | effects={'reset': {'G': 92.0, 'E': 1000.0}}
DECISION : BLOCK
------------------------------------------------------------
[SEQ 113] [IEEE-BASELINE]
SCORE    : anomaly_score=0.000
DECISION : ALLOW
------------------------------------------------------------
[SEQ 114] [LAYER 0]
CMD      : G1 X157.02 Y118.954 E2.91068
TRUST    : acc_cmd=0.000 | acc_exec=1.000 | trust=0.041
DECISION : PAUSE
MACHINE  : Machine-2
------------------------------------------------------------
[SEQ 114] [STATIC-BASELINE]
CMD      : G1 | effects={'dx': -0.7090000000000032, 'dy': -4.623000000000005, 'dz': 0.0, 'de': -997.08932, 'xy_dist': 4.677051421568941, 'params': {'G': 1.0, 'X': 157.02, 'Y': 118.954, 'E': 2.91068}}
DECISION : ALLOW
------------------------------------------------------------
[SEQ 114] [IEEE-BASELINE]
SCORE    : anomaly_score=0.000
DECISION : ALLOW
------------------------------------------------------------
[SEQ 115] [LAYER 0]
CMD      : G92 E1000
TRUST    : acc_cmd=0.000 | acc_exec=1.000 | trust=0.018
DECISION : PAUSE
MACHINE  : Machine-2
------------------------------------------------------------
[SEQ 115] [STATIC-BASELINE]
CMD      : G92 | effects={'reset': {'G': 92.0, 'E': 1000.0}}
DECISION : BLOCK
------------------------------------------------------------
[SEQ 115] [IEEE-BASELINE]
SCORE    : anomaly_score=0.000
DECISION : ALLOW
------------------------------------------------------------
[SEQ 116] [LAYER 0]
CMD      : G1 X157.907 Y116.368 E2.96225
TRUST    : acc_cmd=0.000 | acc_exec=1.000 | trust=0.008
DECISION : PAUSE
MACHINE  : Machine-2
------------------------------------------------------------
[SEQ 116] [STATIC-BASELINE]
CMD      : G1 | effects={'dx': 0.8870000000000005, 'dy': -2.5859999999999985, 'dz': 0.0, 'de': -997.03775, 'xy_dist': 2.7338919144691864, 'params': {'G': 1.0, 'X': 157.907, 'Y': 116.368, 'E': 2.96225}}
DECISION : ALLOW
------------------------------------------------------------
[SEQ 116] [IEEE-BASELINE]
SCORE    : anomaly_score=0.000
DECISION : ALLOW
------------------------------------------------------------
[SEQ 117] [LAYER 0]
CMD      : M221 S200
TRUST    : acc_cmd=1.000 | acc_exec=1.000 | trust=0.004
DECISION : PAUSE
MACHINE  : Machine-2
------------------------------------------------------------
[SEQ 117] [STATIC-BASELINE]
CMD      : M221 | effects={'M': 221.0, 'S': 200.0}
DECISION : BLOCK
------------------------------------------------------------
[SEQ 117] [IEEE-BASELINE]
SCORE    : anomaly_score=0.000
DECISION : ALLOW
------------------------------------------------------------
[SEQ 118] [LAYER 0]
CMD      : G0 F3600 X158.851 Y115.517
TRUST    : acc_cmd=0.000 | acc_exec=0.000 | trust=0.010
DECISION : PAUSE
MACHINE  : Machine-2
------------------------------------------------------------
[SEQ 118] [STATIC-BASELINE]
CMD      : G0 | effects={'dx': 0.9439999999999884, 'dy': -0.8509999999999991, 'dz': 0.0, 'de': 0.0, 'xy_dist': 1.2709590866743021, 'params': {'G': 0.0, 'F': 3600.0, 'X': 158.851, 'Y': 115.517}}
DECISION : ALLOW
------------------------------------------------------------
[SEQ 118] [IEEE-BASELINE]
SCORE    : anomaly_score=0.000
DECISION : ALLOW
------------------------------------------------------------
[SEQ 119] [LAYER 0]
CMD      : G1 F1800 X160.144 Y114.128 E3.02153
TRUST    : acc_cmd=0.000 | acc_exec=0.000 | trust=0.052
DECISION : PAUSE
MACHINE  : Machine-2
------------------------------------------------------------
[SEQ 119] [STATIC-BASELINE]
CMD      : G1 | effects={'dx': 1.2930000000000064, 'dy': -1.3889999999999958, 'dz': 0.0, 'de': 0.05927999999999978, 'xy_dist': 1.897674893125797, 'params': {'G': 1.0, 'F': 1800.0, 'X': 160.144, 'Y': 114.128, 'E': 3.02153}}
DECISION : ALLOW
------------------------------------------------------------
[SEQ 119] [IEEE-BASELINE]
SCORE    : anomaly_score=0.000
DECISION : ALLOW
------------------------------------------------------------
[SEQ 120] [LAYER 0]
CMD      : G92 E1000
TRUST    : acc_cmd=0.000 | acc_exec=1.000 | trust=0.027
DECISION : PAUSE
MACHINE  : Machine-2
------------------------------------------------------------
[SEQ 120] [STATIC-BASELINE]
CMD      : G92 | effects={'reset': {'G': 92.0, 'E': 1000.0}}
DECISION : BLOCK
------------------------------------------------------------
[SEQ 120] [IEEE-BASELINE]
SCORE    : anomaly_score=0.000
DECISION : ALLOW
------------------------------------------------------------
[SEQ 121] [LAYER 0]
CMD      : G1 X162.591 Y112.816 E3.07404
TRUST    : acc_cmd=0.000 | acc_exec=1.000 | trust=0.013
DECISION : PAUSE
MACHINE  : Machine-2
------------------------------------------------------------
[SEQ 121] [STATIC-BASELINE]
CMD      : G1 | effects={'dx': 2.4470000000000027, 'dy': -1.3119999999999976, 'dz': 0.0, 'de': -996.92596, 'xy_dist': 2.7765361513943967, 'params': {'G': 1.0, 'X': 162.591, 'Y': 112.816, 'E': 3.07404}}
DECISION : ALLOW
------------------------------------------------------------
[SEQ 121] [IEEE-BASELINE]
SCORE    : anomaly_score=0.000
DECISION : ALLOW
------------------------------------------------------------
[SEQ 122] [LAYER 0]
CMD      : G92 E1000
TRUST    : acc_cmd=0.000 | acc_exec=1.000 | trust=0.006
DECISION : PAUSE
MACHINE  : Machine-2
------------------------------------------------------------
[SEQ 122] [STATIC-BASELINE]
CMD      : G92 | effects={'reset': {'G': 92.0, 'E': 1000.0}}
DECISION : BLOCK
------------------------------------------------------------
[SEQ 122] [IEEE-BASELINE]
SCORE    : anomaly_score=0.000
DECISION : ALLOW
------------------------------------------------------------
[SEQ 123] [LAYER 0]
CMD      : M92 E2000
TRUST    : acc_cmd=1.000 | acc_exec=1.000 | trust=0.003
DECISION : PAUSE
MACHINE  : Machine-2
------------------------------------------------------------
[SEQ 123] [STATIC-BASELINE]
CMD      : M92 | effects={'M': 92.0, 'E': 2000.0}
DECISION : BLOCK
------------------------------------------------------------
[SEQ 123] [IEEE-BASELINE]
SCORE    : anomaly_score=0.000
DECISION : ALLOW
------------------------------------------------------------
[SEQ 124] [LAYER 0]
CMD      : G1 X167.733 Y112.874 E3.17275
TRUST    : acc_cmd=0.000 | acc_exec=1.000 | trust=0.002
DECISION : PAUSE
MACHINE  : Machine-2
------------------------------------------------------------
[SEQ 124] [STATIC-BASELINE]
CMD      : G1 | effects={'dx': 5.141999999999996, 'dy': 0.057999999999992724, 'dz': 0.0, 'de': -996.82725, 'xy_dist': 5.1423270996699495, 'params': {'G': 1.0, 'X': 167.733, 'Y': 112.874, 'E': 3.17275}}
DECISION : ALLOW
------------------------------------------------------------
[SEQ 124] [IEEE-BASELINE]
SCORE    : anomaly_score=0.000
DECISION : ALLOW
------------------------------------------------------------
[SEQ 125] [LAYER 0]
CMD      : G1 X169.806 Y113.992 E3.21705
TRUST    : acc_cmd=0.000 | acc_exec=0.000 | trust=0.009
DECISION : PAUSE
MACHINE  : Machine-2
------------------------------------------------------------
[SEQ 125] [STATIC-BASELINE]
CMD      : G1 | effects={'dx': 2.0730000000000075, 'dy': 1.1180000000000092, 'dz': 0.0, 'de': 0.044299999999999784, 'xy_dist': 2.3552607074377248, 'params': {'G': 1.0, 'X': 169.806, 'Y': 113.992, 'E': 3.21705}}
DECISION : ALLOW
------------------------------------------------------------
[SEQ 125] [IEEE-BASELINE]
SCORE    : anomaly_score=0.000
DECISION : ALLOW
------------------------------------------------------------
[SEQ 126] [LAYER 0]
CMD      : G1 X171.422 Y115.875 E3.26373
TRUST    : acc_cmd=0.000 | acc_exec=0.000 | trust=0.050
DECISION : PAUSE
MACHINE  : Machine-2
------------------------------------------------------------
[SEQ 126] [STATIC-BASELINE]
CMD      : G1 | effects={'dx': 1.6159999999999854, 'dy': 1.8829999999999956, 'dz': 0.0, 'de': 0.04667999999999983, 'xy_dist': 2.481359506399654, 'params': {'G': 1.0, 'X': 171.422, 'Y': 115.875, 'E': 3.26373}}
DECISION : ALLOW
------------------------------------------------------------
[SEQ 126] [IEEE-BASELINE]
SCORE    : anomaly_score=0.000
DECISION : ALLOW
------------------------------------------------------------
[SEQ 127] [LAYER 0]
CMD      : G1 X171.748 Y116.397 E3.2753
TRUST    : acc_cmd=0.000 | acc_exec=0.000 | trust=0.149
DECISION : PAUSE
MACHINE  : Machine-2
------------------------------------------------------------
[SEQ 127] [STATIC-BASELINE]
CMD      : G1 | effects={'dx': 0.3259999999999934, 'dy': 0.5220000000000056, 'dz': 0.0, 'de': 0.011570000000000302, 'xy_dist': 0.6154348056455708, 'params': {'G': 1.0, 'X': 171.748, 'Y': 116.397, 'E': 3.2753}}
DECISION : ALLOW
------------------------------------------------------------
[SEQ 127] [IEEE-BASELINE]
SCORE    : anomaly_score=0.000
DECISION : ALLOW
------------------------------------------------------------
[SEQ 128] [LAYER 0]
CMD      : G1 X172.587 Y118.848 E3.32404
TRUST    : acc_cmd=0.000 | acc_exec=0.000 | trust=0.298
DECISION : PAUSE
MACHINE  : Machine-2
------------------------------------------------------------
[SEQ 128] [STATIC-BASELINE]
CMD      : G1 | effects={'dx': 0.8389999999999986, 'dy': 2.4509999999999934, 'dz': 0.0, 'de': 0.048740000000000006, 'xy_dist': 2.5906219330500475, 'params': {'G': 1.0, 'X': 172.587, 'Y': 118.848, 'E': 3.32404}}
DECISION : ALLOW
------------------------------------------------------------
[SEQ 128] [IEEE-BASELINE]
SCORE    : anomaly_score=0.000
DECISION : ALLOW
------------------------------------------------------------
[SEQ 129] [LAYER 0]
CMD      : G1 X172.546 Y121.227 E3.36879
TRUST    : acc_cmd=0.000 | acc_exec=0.000 | trust=0.464
DECISION : PAUSE
MACHINE  : Machine-2
------------------------------------------------------------
[SEQ 129] [STATIC-BASELINE]
CMD      : G1 | effects={'dx': -0.04099999999999682, 'dy': 2.379000000000005, 'dz': 0.0, 'de': 0.04475000000000007, 'xy_dist': 2.379353273475804, 'params': {'G': 1.0, 'X': 172.546, 'Y': 121.227, 'E': 3.36879}}
DECISION : ALLOW
------------------------------------------------------------
[SEQ 129] [IEEE-BASELINE]
SCORE    : anomaly_score=0.000
DECISION : ALLOW
------------------------------------------------------------
[SEQ 130] [LAYER 0]
CMD      : G1 X171.928 Y123.219 E3.40802
TRUST    : acc_cmd=0.000 | acc_exec=0.000 | trust=0.616
DECISION : ALLOW
MACHINE  : Machine-2
------------------------------------------------------------
[SEQ 130] [STATIC-BASELINE]
CMD      : G1 | effects={'dx': -0.617999999999995, 'dy': 1.9919999999999902, 'dz': 0.0, 'de': 0.039229999999999876, 'xy_dist': 2.085662484679617, 'params': {'G': 1.0, 'X': 171.928, 'Y': 123.219, 'E': 3.40802}}
DECISION : ALLOW
------------------------------------------------------------
[SEQ 130] [IEEE-BASELINE]
SCORE    : anomaly_score=0.000
DECISION : ALLOW
------------------------------------------------------------
[SEQ 131] [LAYER 0]
CMD      : G1 X170.801 Y124.973 E3.44724
TRUST    : acc_cmd=0.000 | acc_exec=0.000 | trust=0.738
DECISION : ALLOW
MACHINE  : Machine-2
------------------------------------------------------------
[SEQ 131] [STATIC-BASELINE]
CMD      : G1 | effects={'dx': -1.1270000000000095, 'dy': 1.7540000000000049, 'dz': 0.0, 'de': 0.03921999999999981, 'xy_dist': 2.0848609066314325, 'params': {'G': 1.0, 'X': 170.801, 'Y': 124.973, 'E': 3.44724}}
DECISION : ALLOW
------------------------------------------------------------
[SEQ 131] [IEEE-BASELINE]
SCORE    : anomaly_score=0.000
DECISION : ALLOW
------------------------------------------------------------
[SEQ 132] [LAYER 0]
CMD      : G1 X169.293 Y126.276 E3.48473
TRUST    : acc_cmd=0.000 | acc_exec=0.000 | trust=0.828
DECISION : ALLOW
MACHINE  : Machine-2
------------------------------------------------------------
[SEQ 132] [STATIC-BASELINE]
CMD      : G1 | effects={'dx': -1.5079999999999814, 'dy': 1.3029999999999973, 'dz': 0.0, 'de': 0.03749000000000002, 'xy_dist': 1.9929558449699623, 'params': {'G': 1.0, 'X': 169.293, 'Y': 126.276, 'E': 3.48473}}
DECISION : ALLOW
------------------------------------------------------------
[SEQ 132] [IEEE-BASELINE]
SCORE    : anomaly_score=0.000
DECISION : ALLOW
------------------------------------------------------------
[SEQ 133] [LAYER 0]
CMD      : G1 X167.96 Y127.018 E3.51343
TRUST    : acc_cmd=0.000 | acc_exec=0.000 | trust=0.890
DECISION : ALLOW
MACHINE  : Machine-2
------------------------------------------------------------
[SEQ 133] [STATIC-BASELINE]
CMD      : G1 | effects={'dx': -1.3329999999999984, 'dy': 0.7420000000000044, 'dz': 0.0, 'de': 0.02870000000000017, 'xy_dist': 1.5255992265336276, 'params': {'G': 1.0, 'X': 167.96, 'Y': 127.018, 'E': 3.51343}}
DECISION : ALLOW
------------------------------------------------------------
[SEQ 133] [IEEE-BASELINE]
SCORE    : anomaly_score=0.000
DECISION : ALLOW
------------------------------------------------------------
[SEQ 134] [LAYER 0]
CMD      : G1 X166.144 Y127.545 E3.549
TRUST    : acc_cmd=0.000 | acc_exec=0.000 | trust=0.931
DECISION : ALLOW
MACHINE  : Machine-2
------------------------------------------------------------
[SEQ 134] [STATIC-BASELINE]
CMD      : G1 | effects={'dx': -1.8160000000000025, 'dy': 0.527000000000001, 'dz': 0.0, 'de': 0.03556999999999988, 'xy_dist': 1.890921732912288, 'params': {'G': 1.0, 'X': 166.144, 'Y': 127.545, 'E': 3.549}}
DECISION : ALLOW
------------------------------------------------------------
[SEQ 134] [IEEE-BASELINE]
SCORE    : anomaly_score=0.000
DECISION : ALLOW
------------------------------------------------------------
[SEQ 135] [LAYER 0]
CMD      : G92 E1000
TRUST    : acc_cmd=0.000 | acc_exec=1.000 | trust=0.401
DECISION : PAUSE
MACHINE  : Machine-2
------------------------------------------------------------
[SEQ 135] [STATIC-BASELINE]
CMD      : G92 | effects={'reset': {'G': 92.0, 'E': 1000.0}}
DECISION : BLOCK
------------------------------------------------------------
[SEQ 135] [IEEE-BASELINE]
SCORE    : anomaly_score=0.000
DECISION : ALLOW
------------------------------------------------------------
[SEQ 136] [LAYER 0]
CMD      : G1 X161.801 Y126.927 E3.63257
TRUST    : acc_cmd=0.000 | acc_exec=1.000 | trust=0.165
DECISION : PAUSE
MACHINE  : Machine-2
------------------------------------------------------------
[SEQ 136] [STATIC-BASELINE]
CMD      : G1 | effects={'dx': -4.343000000000018, 'dy': -0.617999999999995, 'dz': 0.0, 'de': -996.36743, 'xy_dist': 4.386749707927288, 'params': {'G': 1.0, 'X': 161.801, 'Y': 126.927, 'E': 3.63257}}
DECISION : ALLOW
------------------------------------------------------------
[SEQ 136] [IEEE-BASELINE]
SCORE    : anomaly_score=0.000
DECISION : ALLOW
------------------------------------------------------------
[SEQ 137] [LAYER 0]
CMD      : G1 X159.803 Y125.658 E3.67709
TRUST    : acc_cmd=0.000 | acc_exec=0.000 | trust=0.100
DECISION : PAUSE
MACHINE  : Machine-2
------------------------------------------------------------
[SEQ 137] [STATIC-BASELINE]
CMD      : G1 | effects={'dx': -1.9979999999999905, 'dy': -1.2690000000000055, 'dz': 0.0, 'de': 0.04452000000000034, 'xy_dist': 2.3669315579458514, 'params': {'G': 1.0, 'X': 159.803, 'Y': 125.658, 'E': 3.67709}}
DECISION : ALLOW
------------------------------------------------------------
[SEQ 137] [IEEE-BASELINE]
SCORE    : anomaly_score=0.000
DECISION : ALLOW
------------------------------------------------------------
[SEQ 138] [LAYER 0]
CMD      : G1 X158.094 Y123.397 E3.7304
TRUST    : acc_cmd=0.000 | acc_exec=0.000 | trust=0.146
DECISION : PAUSE
MACHINE  : Machine-2
------------------------------------------------------------
[SEQ 138] [STATIC-BASELINE]
CMD      : G1 | effects={'dx': -1.7090000000000032, 'dy': -2.2609999999999957, 'dz': 0.0, 'de': 0.053309999999999746, 'xy_dist': 2.8342198221027233, 'params': {'G': 1.0, 'X': 158.094, 'Y': 123.397, 'E': 3.7304}}
DECISION : ALLOW
------------------------------------------------------------
[SEQ 138] [IEEE-BASELINE]
SCORE    : anomaly_score=0.000
DECISION : ALLOW
------------------------------------------------------------
[SEQ 139] [LAYER 0]
CMD      : M221 S200
TRUST    : acc_cmd=1.000 | acc_exec=1.000 | trust=0.069
DECISION : PAUSE
MACHINE  : Machine-2
------------------------------------------------------------
[SEQ 139] [STATIC-BASELINE]
CMD      : M221 | effects={'M': 221.0, 'S': 200.0}
DECISION : BLOCK
------------------------------------------------------------
[SEQ 139] [IEEE-BASELINE]
SCORE    : anomaly_score=0.000
DECISION : ALLOW
------------------------------------------------------------
[SEQ 140] [LAYER 0]
CMD      : M221 S200
TRUST    : acc_cmd=1.000 | acc_exec=1.000 | trust=0.030
DECISION : PAUSE
MACHINE  : Machine-2
------------------------------------------------------------
[SEQ 140] [STATIC-BASELINE]
CMD      : M221 | effects={'M': 221.0, 'S': 200.0}
DECISION : BLOCK
------------------------------------------------------------
[SEQ 140] [IEEE-BASELINE]
SCORE    : anomaly_score=0.000
DECISION : ALLOW
------------------------------------------------------------
[SEQ 141] [LAYER 0]
CMD      : G1 X157.528 Y118.433 E3.82564
TRUST    : acc_cmd=0.000 | acc_exec=0.000 | trust=0.035
DECISION : PAUSE
MACHINE  : Machine-2
------------------------------------------------------------
[SEQ 141] [STATIC-BASELINE]
CMD      : G1 | effects={'dx': -0.5660000000000025, 'dy': -4.963999999999999, 'dz': 0.0, 'de': 0.09523999999999999, 'xy_dist': 4.996163728301945, 'params': {'G': 1.0, 'X': 157.528, 'Y': 118.433, 'E': 3.82564}}
DECISION : ALLOW
------------------------------------------------------------
[SEQ 141] [IEEE-BASELINE]
SCORE    : anomaly_score=0.000
DECISION : ALLOW
------------------------------------------------------------
[SEQ 142] [LAYER 0]
CMD      : G92 E1000
TRUST    : acc_cmd=0.000 | acc_exec=1.000 | trust=0.018
DECISION : PAUSE
MACHINE  : Machine-2
------------------------------------------------------------
[SEQ 142] [STATIC-BASELINE]
CMD      : G92 | effects={'reset': {'G': 92.0, 'E': 1000.0}}
DECISION : BLOCK
------------------------------------------------------------
[SEQ 142] [IEEE-BASELINE]
SCORE    : anomaly_score=0.000
DECISION : ALLOW
------------------------------------------------------------
[SEQ 143] [LAYER 0]
CMD      : G92 E1000
TRUST    : acc_cmd=0.000 | acc_exec=1.000 | trust=0.009
DECISION : PAUSE
MACHINE  : Machine-2
------------------------------------------------------------
[SEQ 143] [STATIC-BASELINE]
CMD      : G92 | effects={'reset': {'G': 92.0, 'E': 1000.0}}
DECISION : BLOCK
------------------------------------------------------------
[SEQ 143] [IEEE-BASELINE]
SCORE    : anomaly_score=0.000
DECISION : ALLOW
------------------------------------------------------------
[SEQ 144] [LAYER 0]
CMD      : G0 F3600 X159.174 Y115.757
TRUST    : acc_cmd=0.000 | acc_exec=0.000 | trust=0.020
DECISION : PAUSE
MACHINE  : Machine-2
------------------------------------------------------------
[SEQ 144] [STATIC-BASELINE]
CMD      : G0 | effects={'dx': 1.646000000000015, 'dy': -2.676000000000002, 'dz': 0.0, 'de': 0.0, 'xy_dist': 3.1417020864493277, 'params': {'G': 0.0, 'F': 3600.0, 'X': 159.174, 'Y': 115.757}}
DECISION : ALLOW
------------------------------------------------------------
[SEQ 144] [IEEE-BASELINE]
SCORE    : anomaly_score=0.000
DECISION : ALLOW
------------------------------------------------------------
[SEQ 145] [LAYER 0]
CMD      : G1 F1800 X160.437 Y114.401 E3.92088
TRUST    : acc_cmd=0.000 | acc_exec=1.000 | trust=0.012
DECISION : PAUSE
MACHINE  : Machine-2
------------------------------------------------------------
[SEQ 145] [STATIC-BASELINE]
CMD      : G1 | effects={'dx': 1.2630000000000052, 'dy': -1.3560000000000088, 'dz': 0.0, 'de': -996.07912, 'xy_dist': 1.8530798687590442, 'params': {'G': 1.0, 'F': 1800.0, 'X': 160.437, 'Y': 114.401, 'E': 3.92088}}
DECISION : ALLOW
------------------------------------------------------------
[SEQ 145] [IEEE-BASELINE]
SCORE    : anomaly_score=0.000
DECISION : ALLOW
------------------------------------------------------------
[SEQ 146] [LAYER 0]
CMD      : G1 X160.977 Y113.99 E3.93364
TRUST    : acc_cmd=0.000 | acc_exec=0.000 | trust=0.032
DECISION : PAUSE
MACHINE  : Machine-2
------------------------------------------------------------
[SEQ 146] [STATIC-BASELINE]
CMD      : G1 | effects={'dx': 0.539999999999992, 'dy': -0.41100000000000136, 'dz': 0.0, 'de': 0.012760000000000105, 'xy_dist': 0.6786169759149799, 'params': {'G': 1.0, 'X': 160.977, 'Y': 113.99, 'E': 3.93364}}
DECISION : ALLOW
------------------------------------------------------------
[SEQ 146] [IEEE-BASELINE]
SCORE    : anomaly_score=0.000
DECISION : ALLOW
------------------------------------------------------------
[SEQ 147] [LAYER 0]
CMD      : M221 S200
TRUST    : acc_cmd=1.000 | acc_exec=1.000 | trust=0.017
DECISION : PAUSE
MACHINE  : Machine-2
------------------------------------------------------------
[SEQ 147] [STATIC-BASELINE]
CMD      : M221 | effects={'M': 221.0, 'S': 200.0}
DECISION : BLOCK
------------------------------------------------------------
[SEQ 147] [IEEE-BASELINE]
SCORE    : anomaly_score=0.000
DECISION : ALLOW
------------------------------------------------------------
[SEQ 148] [LAYER 0]
CMD      : G1 X163.864 Y112.857 E3.99212
TRUST    : acc_cmd=0.000 | acc_exec=0.000 | trust=0.040
DECISION : PAUSE
MACHINE  : Machine-2
------------------------------------------------------------
[SEQ 148] [STATIC-BASELINE]
CMD      : G1 | effects={'dx': 2.8870000000000005, 'dy': -1.1329999999999956, 'dz': 0.0, 'de': 0.058479999999999865, 'xy_dist': 3.1013638935152374, 'params': {'G': 1.0, 'X': 163.864, 'Y': 112.857, 'E': 3.99212}}
DECISION : ALLOW
------------------------------------------------------------
[SEQ 148] [IEEE-BASELINE]
SCORE    : anomaly_score=0.000
DECISION : ALLOW
------------------------------------------------------------
[SEQ 149] [LAYER 0]
CMD      : M221 S200
TRUST    : acc_cmd=1.000 | acc_exec=1.000 | trust=0.021
DECISION : PAUSE
MACHINE  : Machine-2
------------------------------------------------------------
[SEQ 149] [STATIC-BASELINE]
CMD      : M221 | effects={'M': 221.0, 'S': 200.0}
DECISION : BLOCK
------------------------------------------------------------
[SEQ 149] [IEEE-BASELINE]
SCORE    : anomaly_score=0.000
DECISION : ALLOW
------------------------------------------------------------
[SEQ 150] [LAYER 0]
CMD      : M221 S200
TRUST    : acc_cmd=1.000 | acc_exec=1.000 | trust=0.010
DECISION : PAUSE
MACHINE  : Machine-2
------------------------------------------------------------
[SEQ 150] [STATIC-BASELINE]
CMD      : M221 | effects={'M': 221.0, 'S': 200.0}
DECISION : BLOCK
------------------------------------------------------------
[SEQ 150] [IEEE-BASELINE]
SCORE    : anomaly_score=0.000
DECISION : ALLOW
------------------------------------------------------------
[SEQ 151] [LAYER 0]
CMD      : G92 E1000
TRUST    : acc_cmd=0.000 | acc_exec=1.000 | trust=0.005
DECISION : PAUSE
MACHINE  : Machine-2
------------------------------------------------------------
[SEQ 151] [STATIC-BASELINE]
CMD      : G92 | effects={'reset': {'G': 92.0, 'E': 1000.0}}
DECISION : BLOCK
------------------------------------------------------------
[SEQ 151] [IEEE-BASELINE]
SCORE    : anomaly_score=0.000
DECISION : ALLOW
------------------------------------------------------------
[SEQ 152] [LAYER 0]
CMD      : G92 E1000
TRUST    : acc_cmd=0.000 | acc_exec=1.000 | trust=0.003
DECISION : PAUSE
MACHINE  : Machine-2
------------------------------------------------------------
[SEQ 152] [STATIC-BASELINE]
CMD      : G92 | effects={'reset': {'G': 92.0, 'E': 1000.0}}
DECISION : BLOCK
------------------------------------------------------------
[SEQ 152] [IEEE-BASELINE]
SCORE    : anomaly_score=0.000
DECISION : ALLOW
------------------------------------------------------------
[SEQ 153] [LAYER 0]
CMD      : G1 X171.385 Y116.571 E4.15996
TRUST    : acc_cmd=0.000 | acc_exec=1.000 | trust=0.002
DECISION : PAUSE
MACHINE  : Machine-2
------------------------------------------------------------
[SEQ 153] [STATIC-BASELINE]
CMD      : G1 | effects={'dx': 7.520999999999987, 'dy': 3.7139999999999986, 'dz': 0.0, 'de': -995.84004, 'xy_dist': 8.388041308911145, 'params': {'G': 1.0, 'X': 171.385, 'Y': 116.571, 'E': 4.15996}}
DECISION : ALLOW
------------------------------------------------------------
[SEQ 153] [IEEE-BASELINE]
SCORE    : anomaly_score=0.000
DECISION : ALLOW
------------------------------------------------------------
[SEQ 154] [LAYER 0]
CMD      : G1 X172.186 Y118.91 E4.20646
TRUST    : acc_cmd=0.000 | acc_exec=0.000 | trust=0.009
DECISION : PAUSE
MACHINE  : Machine-2
------------------------------------------------------------
[SEQ 154] [STATIC-BASELINE]
CMD      : G1 | effects={'dx': 0.8010000000000161, 'dy': 2.3389999999999986, 'dz': 0.0, 'de': 0.046499999999999986, 'xy_dist': 2.472351512224752, 'params': {'G': 1.0, 'X': 172.186, 'Y': 118.91, 'E': 4.20646}}
DECISION : ALLOW
------------------------------------------------------------
[SEQ 154] [IEEE-BASELINE]
SCORE    : anomaly_score=0.000
DECISION : ALLOW
------------------------------------------------------------
[SEQ 155] [LAYER 0]
CMD      : G1 X172.147 Y121.164 E4.24887
TRUST    : acc_cmd=0.000 | acc_exec=0.000 | trust=0.049
DECISION : PAUSE
MACHINE  : Machine-2
------------------------------------------------------------
[SEQ 155] [STATIC-BASELINE]
CMD      : G1 | effects={'dx': -0.03900000000001569, 'dy': 2.254000000000005, 'dz': 0.0, 'de': 0.04241000000000028, 'xy_dist': 2.2543373749286117, 'params': {'G': 1.0, 'X': 172.147, 'Y': 121.164, 'E': 4.24887}}
DECISION : ALLOW
------------------------------------------------------------
[SEQ 155] [IEEE-BASELINE]
SCORE    : anomaly_score=0.000
DECISION : ALLOW
------------------------------------------------------------
[SEQ 156] [LAYER 0]
CMD      : G1 X171.563 Y123.047 E4.28595
TRUST    : acc_cmd=0.000 | acc_exec=0.000 | trust=0.148
DECISION : PAUSE
MACHINE  : Machine-2
------------------------------------------------------------
[SEQ 156] [STATIC-BASELINE]
CMD      : G1 | effects={'dx': -0.5840000000000032, 'dy': 1.8829999999999956, 'dz': 0.0, 'de': 0.03707999999999956, 'xy_dist': 1.9714829443847561, 'params': {'G': 1.0, 'X': 171.563, 'Y': 123.047, 'E': 4.28595}}
DECISION : ALLOW
------------------------------------------------------------
[SEQ 156] [IEEE-BASELINE]
SCORE    : anomaly_score=0.000
DECISION : ALLOW
------------------------------------------------------------
[SEQ 157] [LAYER 0]
CMD      : G1 X170.495 Y124.709 E4.32311
TRUST    : acc_cmd=0.000 | acc_exec=0.000 | trust=0.297
DECISION : PAUSE
MACHINE  : Machine-2
------------------------------------------------------------
[SEQ 157] [STATIC-BASELINE]
CMD      : G1 | effects={'dx': -1.0679999999999836, 'dy': 1.6620000000000061, 'dz': 0.0, 'de': 0.03716000000000008, 'xy_dist': 1.9755677664914422, 'params': {'G': 1.0, 'X': 170.495, 'Y': 124.709, 'E': 4.32311}}
DECISION : ALLOW
------------------------------------------------------------
[SEQ 157] [IEEE-BASELINE]
SCORE    : anomaly_score=0.000
DECISION : ALLOW
------------------------------------------------------------
[SEQ 158] [LAYER 0]
CMD      : G1 X169.062 Y125.947 E4.35874
TRUST    : acc_cmd=0.000 | acc_exec=0.000 | trust=0.463
DECISION : PAUSE
MACHINE  : Machine-2
------------------------------------------------------------
[SEQ 158] [STATIC-BASELINE]
CMD      : G1 | effects={'dx': -1.4329999999999927, 'dy': 1.2379999999999995, 'dz': 0.0, 'de': 0.03563000000000027, 'xy_dist': 1.893708794931253, 'params': {'G': 1.0, 'X': 169.062, 'Y': 125.947, 'E': 4.35874}}
DECISION : ALLOW
------------------------------------------------------------
[SEQ 158] [IEEE-BASELINE]
SCORE    : anomaly_score=0.000
DECISION : ALLOW
------------------------------------------------------------
[SEQ 159] [LAYER 0]
CMD      : G1 X167.805 Y126.647 E4.3858
TRUST    : acc_cmd=0.000 | acc_exec=0.000 | trust=0.615
DECISION : ALLOW
MACHINE  : Machine-2
------------------------------------------------------------
[SEQ 159] [STATIC-BASELINE]
CMD      : G1 | effects={'dx': -1.257000000000005, 'dy': 0.7000000000000028, 'dz': 0.0, 'de': 0.02705999999999964, 'xy_dist': 1.4387664855701972, 'params': {'G': 1.0, 'X': 167.805, 'Y': 126.647, 'E': 4.3858}}
DECISION : ALLOW
------------------------------------------------------------
[SEQ 159] [IEEE-BASELINE]
SCORE    : anomaly_score=0.000
DECISION : ALLOW
------------------------------------------------------------
[SEQ 160] [LAYER 0]
CMD      : G1 X166.085 Y127.146 E4.41949
TRUST    : acc_cmd=0.000 | acc_exec=0.000 | trust=0.737
DECISION : ALLOW
MACHINE  : Machine-2
------------------------------------------------------------
[SEQ 160] [STATIC-BASELINE]
CMD      : G1 | effects={'dx': -1.7199999999999989, 'dy': 0.4989999999999952, 'dz': 0.0, 'de': 0.03369, 'xy_dist': 1.790921829673197, 'params': {'G': 1.0, 'X': 166.085, 'Y': 127.146, 'E': 4.41949}}
DECISION : ALLOW
------------------------------------------------------------
[SEQ 160] [IEEE-BASELINE]
SCORE    : anomaly_score=0.000
DECISION : ALLOW
------------------------------------------------------------
[SEQ 161] [LAYER 0]
CMD      : G1 X163.992 Y127.185 E4.45887
TRUST    : acc_cmd=0.000 | acc_exec=0.000 | trust=0.827
DECISION : ALLOW
MACHINE  : Machine-2
------------------------------------------------------------
[SEQ 161] [STATIC-BASELINE]
CMD      : G1 | effects={'dx': -2.0930000000000177, 'dy': 0.03900000000000148, 'dz': 0.0, 'de': 0.039380000000000415, 'xy_dist': 2.093363322502827, 'params': {'G': 1.0, 'X': 163.992, 'Y': 127.185, 'E': 4.45887}}
DECISION : ALLOW
------------------------------------------------------------
[SEQ 161] [IEEE-BASELINE]
SCORE    : anomaly_score=0.000
DECISION : ALLOW
------------------------------------------------------------
[SEQ 162] [LAYER 0]
CMD      : M92 E2000
TRUST    : acc_cmd=1.000 | acc_exec=1.000 | trust=0.359
DECISION : PAUSE
MACHINE  : Machine-2
------------------------------------------------------------
[SEQ 162] [STATIC-BASELINE]
CMD      : M92 | effects={'M': 92.0, 'E': 2000.0}
DECISION : BLOCK
------------------------------------------------------------
[SEQ 162] [IEEE-BASELINE]
SCORE    : anomaly_score=0.000
DECISION : ALLOW
------------------------------------------------------------
[SEQ 163] [LAYER 0]
CMD      : G1 X160.078 Y125.359 E4.54083
TRUST    : acc_cmd=0.000 | acc_exec=0.000 | trust=0.238
DECISION : PAUSE
MACHINE  : Machine-2
------------------------------------------------------------
[SEQ 163] [STATIC-BASELINE]
CMD      : G1 | effects={'dx': -3.9139999999999873, 'dy': -1.8260000000000076, 'dz': 0.0, 'de': 0.08195999999999959, 'xy_dist': 4.31898969667675, 'params': {'G': 1.0, 'X': 160.078, 'Y': 125.359, 'E': 4.54083}}
DECISION : ALLOW
------------------------------------------------------------
[SEQ 163] [IEEE-BASELINE]
SCORE    : anomaly_score=0.000
DECISION : ALLOW
------------------------------------------------------------
[SEQ 164] [LAYER 0]
CMD      : G92 E1000
TRUST    : acc_cmd=0.000 | acc_exec=1.000 | trust=0.105
DECISION : PAUSE
MACHINE  : Machine-2
------------------------------------------------------------
[SEQ 164] [STATIC-BASELINE]
CMD      : G92 | effects={'reset': {'G': 92.0, 'E': 1000.0}}
DECISION : BLOCK
------------------------------------------------------------
[SEQ 164] [IEEE-BASELINE]
SCORE    : anomaly_score=0.000
DECISION : ALLOW
------------------------------------------------------------
[SEQ 165] [LAYER 0]
CMD      : G1 X157.854 Y121.071 E4.63328
TRUST    : acc_cmd=0.000 | acc_exec=1.000 | trust=0.045
DECISION : PAUSE
MACHINE  : Machine-2
------------------------------------------------------------
[SEQ 165] [STATIC-BASELINE]
CMD      : G1 | effects={'dx': -2.2239999999999895, 'dy': -4.287999999999997, 'dz': 0.0, 'de': -995.36672, 'xy_dist': 4.830436833248099, 'params': {'G': 1.0, 'X': 157.854, 'Y': 121.071, 'E': 4.63328}}
DECISION : ALLOW
------------------------------------------------------------
[SEQ 165] [IEEE-BASELINE]
SCORE    : anomaly_score=0.000
DECISION : ALLOW
------------------------------------------------------------
[SEQ 166] [LAYER 0]
CMD      : G1 X157.822 Y119.024 E4.67179
TRUST    : acc_cmd=0.000 | acc_exec=0.000 | trust=0.040
DECISION : PAUSE
MACHINE  : Machine-2
------------------------------------------------------------
[SEQ 166] [STATIC-BASELINE]
CMD      : G1 | effects={'dx': -0.03200000000001069, 'dy': -2.046999999999997, 'dz': 0.0, 'de': 0.0385099999999996, 'xy_dist': 2.047250106850648, 'params': {'G': 1.0, 'X': 157.822, 'Y': 119.024, 'E': 4.67179}}
DECISION : ALLOW
------------------------------------------------------------
[SEQ 166] [IEEE-BASELINE]
SCORE    : anomaly_score=0.000
DECISION : ALLOW
------------------------------------------------------------
[SEQ 167] [LAYER 0]
CMD      : G1 X157.901 Y118.577 E4.68033
TRUST    : acc_cmd=0.000 | acc_exec=0.000 | trust=0.100
DECISION : PAUSE
MACHINE  : Machine-2
------------------------------------------------------------
[SEQ 167] [STATIC-BASELINE]
CMD      : G1 | effects={'dx': 0.07900000000000773, 'dy': -0.44700000000000273, 'dz': 0.0, 'de': 0.008539999999999992, 'xy_dist': 0.4539273069556442, 'params': {'G': 1.0, 'X': 157.901, 'Y': 118.577, 'E': 4.68033}}
DECISION : ALLOW
------------------------------------------------------------
[SEQ 167] [IEEE-BASELINE]
SCORE    : anomaly_score=0.000
DECISION : ALLOW
------------------------------------------------------------
[SEQ 168] [LAYER 0]
CMD      : M221 S200
TRUST    : acc_cmd=1.000 | acc_exec=1.000 | trust=0.049
DECISION : PAUSE
MACHINE  : Machine-2
------------------------------------------------------------
[SEQ 168] [STATIC-BASELINE]
CMD      : M221 | effects={'M': 221.0, 'S': 200.0}
DECISION : BLOCK
------------------------------------------------------------
[SEQ 168] [IEEE-BASELINE]
SCORE    : anomaly_score=0.000
DECISION : ALLOW
------------------------------------------------------------
[SEQ 169] [LAYER 0]
CMD      : G1 X159.174 Y115.757 E4.73868
TRUST    : acc_cmd=0.000 | acc_exec=0.000 | trust=0.069
DECISION : PAUSE
MACHINE  : Machine-2
------------------------------------------------------------
[SEQ 169] [STATIC-BASELINE]
CMD      : G1 | effects={'dx': 1.2729999999999961, 'dy': -2.819999999999993, 'dz': 0.0, 'de': 0.0583499999999999, 'xy_dist': 3.094015029052049, 'params': {'G': 1.0, 'X': 159.174, 'Y': 115.757, 'E': 4.73868}}
DECISION : ALLOW
------------------------------------------------------------
[SEQ 169] [IEEE-BASELINE]
SCORE    : anomaly_score=0.000
DECISION : ALLOW
------------------------------------------------------------
[SEQ 170] [LAYER 0]
CMD      : G0 F3600 X159.499 Y115.996
TRUST    : acc_cmd=0.000 | acc_exec=0.000 | trust=0.161
DECISION : PAUSE
MACHINE  : Machine-2
------------------------------------------------------------
[SEQ 170] [STATIC-BASELINE]
CMD      : G0 | effects={'dx': 0.32499999999998863, 'dy': 0.2389999999999901, 'dz': 0.0, 'de': 0.0, 'xy_dist': 0.40341789747108137, 'params': {'G': 0.0, 'F': 3600.0, 'X': 159.499, 'Y': 115.996}}
DECISION : ALLOW
------------------------------------------------------------
[SEQ 170] [IEEE-BASELINE]
SCORE    : anomaly_score=0.000
DECISION : ALLOW
------------------------------------------------------------
[SEQ 171] [LAYER 0]
CMD      : G1 F1800 X160.73 Y114.674 E4.77266
TRUST    : acc_cmd=0.000 | acc_exec=0.000 | trust=0.307
DECISION : PAUSE
MACHINE  : Machine-2
------------------------------------------------------------
[SEQ 171] [STATIC-BASELINE]
CMD      : G1 | effects={'dx': 1.2309999999999945, 'dy': -1.3219999999999885, 'dz': 0.0, 'de': 0.033980000000000565, 'xy_dist': 1.8063900464738938, 'params': {'G': 1.0, 'F': 1800.0, 'X': 160.73, 'Y': 114.674, 'E': 4.77266}}
DECISION : ALLOW
------------------------------------------------------------
[SEQ 171] [IEEE-BASELINE]
SCORE    : anomaly_score=0.000
DECISION : ALLOW
------------------------------------------------------------
[SEQ 172] [LAYER 0]
CMD      : M221 S200
TRUST    : acc_cmd=1.000 | acc_exec=1.000 | trust=0.140
DECISION : PAUSE
MACHINE  : Machine-2
------------------------------------------------------------
[SEQ 172] [STATIC-BASELINE]
CMD      : M221 | effects={'M': 221.0, 'S': 200.0}
DECISION : BLOCK
------------------------------------------------------------
[SEQ 172] [IEEE-BASELINE]
SCORE    : anomaly_score=0.000
DECISION : ALLOW
------------------------------------------------------------
[SEQ 173] [LAYER 0]
CMD      : G1 X162.817 Y113.584 E4.81712
TRUST    : acc_cmd=0.000 | acc_exec=0.000 | trust=0.128
DECISION : PAUSE
MACHINE  : Machine-2
------------------------------------------------------------
[SEQ 173] [STATIC-BASELINE]
CMD      : G1 | effects={'dx': 2.0870000000000175, 'dy': -1.0900000000000034, 'dz': 0.0, 'de': 0.044459999999999944, 'xy_dist': 2.354499734550862, 'params': {'G': 1.0, 'X': 162.817, 'Y': 113.584, 'E': 4.81712}}
DECISION : ALLOW
------------------------------------------------------------
[SEQ 173] [IEEE-BASELINE]
SCORE    : anomaly_score=0.000
DECISION : ALLOW
------------------------------------------------------------
[SEQ 174] [LAYER 0]
CMD      : G1 X163.927 Y113.256 E4.8389
TRUST    : acc_cmd=0.000 | acc_exec=0.000 | trust=0.219
DECISION : PAUSE
MACHINE  : Machine-2
------------------------------------------------------------
[SEQ 174] [STATIC-BASELINE]
CMD      : G1 | effects={'dx': 1.1099999999999852, 'dy': -0.32800000000000296, 'dz': 0.0, 'de': 0.02177999999999969, 'xy_dist': 1.1574471910199484, 'params': {'G': 1.0, 'X': 163.927, 'Y': 113.256, 'E': 4.8389}}
DECISION : ALLOW
------------------------------------------------------------
[SEQ 174] [IEEE-BASELINE]
SCORE    : anomaly_score=0.000
DECISION : ALLOW
------------------------------------------------------------
[SEQ 175] [LAYER 0]
CMD      : G1 X165.699 Y113.217 E4.87224
TRUST    : acc_cmd=0.000 | acc_exec=0.000 | trust=0.367
DECISION : PAUSE
MACHINE  : Machine-2
------------------------------------------------------------
[SEQ 175] [STATIC-BASELINE]
CMD      : G1 | effects={'dx': 1.7720000000000198, 'dy': -0.03900000000000148, 'dz': 0.0, 'de': 0.033339999999999925, 'xy_dist': 1.7724291241118981, 'params': {'G': 1.0, 'X': 165.699, 'Y': 113.217, 'E': 4.87224}}
DECISION : ALLOW
------------------------------------------------------------
[SEQ 175] [IEEE-BASELINE]
SCORE    : anomaly_score=0.000
DECISION : ALLOW
------------------------------------------------------------
[SEQ 176] [LAYER 0]
CMD      : G1 X167.444 Y113.627 E4.90596
TRUST    : acc_cmd=0.000 | acc_exec=0.000 | trust=0.526
DECISION : ALLOW
MACHINE  : Machine-2
------------------------------------------------------------
[SEQ 176] [STATIC-BASELINE]
CMD      : G1 | effects={'dx': 1.7449999999999761, 'dy': 0.4099999999999966, 'dz': 0.0, 'de': 0.03372000000000064, 'xy_dist': 1.7925191770243112, 'params': {'G': 1.0, 'X': 167.444, 'Y': 113.627, 'E': 4.90596}}
DECISION : ALLOW
------------------------------------------------------------
[SEQ 176] [IEEE-BASELINE]
SCORE    : anomaly_score=0.000
DECISION : ALLOW
------------------------------------------------------------
[SEQ 177] [LAYER 0]
CMD      : G1 X169.296 Y114.626 E4.94554
TRUST    : acc_cmd=0.000 | acc_exec=0.000 | trust=0.666
DECISION : ALLOW
MACHINE  : Machine-2
------------------------------------------------------------
[SEQ 177] [STATIC-BASELINE]
CMD      : G1 | effects={'dx': 1.8520000000000039, 'dy': 0.9990000000000094, 'dz': 0.0, 'de': 0.03957999999999995, 'xy_dist': 2.104258776861827, 'params': {'G': 1.0, 'X': 169.296, 'Y': 114.626, 'E': 4.94554}}
DECISION : ALLOW
------------------------------------------------------------
[SEQ 177] [IEEE-BASELINE]
SCORE    : anomaly_score=0.000
DECISION : ALLOW
------------------------------------------------------------
[SEQ 178] [LAYER 0]
CMD      : G1 X170.814 Y116.395 E4.98939
TRUST    : acc_cmd=0.000 | acc_exec=0.000 | trust=0.775
DECISION : ALLOW
MACHINE  : Machine-2
------------------------------------------------------------
[SEQ 178] [STATIC-BASELINE]
CMD      : G1 | effects={'dx': 1.5180000000000007, 'dy': 1.7689999999999912, 'dz': 0.0, 'de': 0.043849999999999945, 'xy_dist': 2.3310265978748443, 'params': {'G': 1.0, 'X': 170.814, 'Y': 116.395, 'E': 4.98939}}
DECISION : ALLOW
------------------------------------------------------------
[SEQ 178] [IEEE-BASELINE]
SCORE    : anomaly_score=0.000
DECISION : ALLOW
------------------------------------------------------------
[SEQ 179] [LAYER 0]
CMD      : G1 X171.021 Y116.743 E4.997
TRUST    : acc_cmd=0.000 | acc_exec=0.000 | trust=0.853
DECISION : ALLOW
MACHINE  : Machine-2
------------------------------------------------------------
[SEQ 179] [STATIC-BASELINE]
CMD      : G1 | effects={'dx': 0.20699999999999363, 'dy': 0.347999999999999, 'dz': 0.0, 'de': 0.007609999999999673, 'xy_dist': 0.4049111013543549, 'params': {'G': 1.0, 'X': 171.021, 'Y': 116.743, 'E': 4.997}}
DECISION : ALLOW
------------------------------------------------------------
[SEQ 179] [IEEE-BASELINE]
SCORE    : anomaly_score=0.000
DECISION : ALLOW
------------------------------------------------------------
[SEQ 180] [LAYER 0]
CMD      : G1 X171.785 Y118.972 E5.04133
TRUST    : acc_cmd=0.000 | acc_exec=0.000 | trust=0.907
DECISION : ALLOW
MACHINE  : Machine-2
------------------------------------------------------------
[SEQ 180] [STATIC-BASELINE]
CMD      : G1 | effects={'dx': 0.76400000000001, 'dy': 2.228999999999999, 'dz': 0.0, 'de': 0.044330000000000425, 'xy_dist': 2.356297307217409, 'params': {'G': 1.0, 'X': 171.785, 'Y': 118.972, 'E': 5.04133}}
DECISION : ALLOW
------------------------------------------------------------
[SEQ 180] [IEEE-BASELINE]
SCORE    : anomaly_score=0.000
DECISION : ALLOW
------------------------------------------------------------
[SEQ 181] [LAYER 0]
CMD      : M92 E2000
TRUST    : acc_cmd=1.000 | acc_exec=1.000 | trust=0.392
DECISION : PAUSE
MACHINE  : Machine-2
------------------------------------------------------------
[SEQ 181] [STATIC-BASELINE]
CMD      : M92 | effects={'M': 92.0, 'E': 2000.0}
DECISION : BLOCK
------------------------------------------------------------
[SEQ 181] [IEEE-BASELINE]
SCORE    : anomaly_score=0.000
DECISION : ALLOW
------------------------------------------------------------
[SEQ 182] [LAYER 0]
CMD      : G1 X171.197 Y122.876 E5.11634
TRUST    : acc_cmd=0.000 | acc_exec=0.000 | trust=0.254
DECISION : PAUSE
MACHINE  : Machine-2
------------------------------------------------------------
[SEQ 182] [STATIC-BASELINE]
CMD      : G1 | effects={'dx': -0.5879999999999939, 'dy': 3.9040000000000106, 'dz': 0.0, 'de': 0.0750099999999998, 'xy_dist': 3.948032421346116, 'params': {'G': 1.0, 'X': 171.197, 'Y': 122.876, 'E': 5.11634}}
DECISION : ALLOW
------------------------------------------------------------
[SEQ 182] [IEEE-BASELINE]
SCORE    : anomaly_score=0.000
DECISION : ALLOW
------------------------------------------------------------
[SEQ 183] [LAYER 0]
CMD      : G1 X170.189 Y124.445 E5.15142
TRUST    : acc_cmd=0.000 | acc_exec=0.000 | trust=0.303
DECISION : PAUSE
MACHINE  : Machine-2
------------------------------------------------------------
[SEQ 183] [STATIC-BASELINE]
CMD      : G1 | effects={'dx': -1.0080000000000098, 'dy': 1.5689999999999884, 'dz': 0.0, 'de': 0.03507999999999978, 'xy_dist': 1.8648927583107784, 'params': {'G': 1.0, 'X': 170.189, 'Y': 124.445, 'E': 5.15142}}
DECISION : ALLOW
------------------------------------------------------------
[SEQ 183] [IEEE-BASELINE]
SCORE    : anomaly_score=0.000
DECISION : ALLOW
------------------------------------------------------------
[SEQ 184] [LAYER 0]
CMD      : M92 E2000
TRUST    : acc_cmd=1.000 | acc_exec=1.000 | trust=0.137
DECISION : PAUSE
MACHINE  : Machine-2
------------------------------------------------------------
[SEQ 184] [STATIC-BASELINE]
CMD      : M92 | effects={'M': 92.0, 'E': 2000.0}
DECISION : BLOCK
------------------------------------------------------------
[SEQ 184] [IEEE-BASELINE]
SCORE    : anomaly_score=0.000
DECISION : ALLOW
------------------------------------------------------------
[SEQ 185] [LAYER 0]
CMD      : G1 X167.651 Y126.275 E5.21058
TRUST    : acc_cmd=0.000 | acc_exec=0.000 | trust=0.122
DECISION : PAUSE
MACHINE  : Machine-2
------------------------------------------------------------
[SEQ 185] [STATIC-BASELINE]
CMD      : G1 | effects={'dx': -2.5379999999999825, 'dy': 1.8300000000000125, 'dz': 0.0, 'de': 0.05916000000000032, 'xy_dist': 3.1289525403879104, 'params': {'G': 1.0, 'X': 167.651, 'Y': 126.275, 'E': 5.21058}}
DECISION : ALLOW
------------------------------------------------------------
[SEQ 185] [IEEE-BASELINE]
SCORE    : anomaly_score=0.000
DECISION : ALLOW
------------------------------------------------------------
[SEQ 186] [LAYER 0]
CMD      : G1 X166.025 Y126.747 E5.24243
TRUST    : acc_cmd=0.000 | acc_exec=0.000 | trust=0.210
DECISION : PAUSE
MACHINE  : Machine-2
------------------------------------------------------------
[SEQ 186] [STATIC-BASELINE]
CMD      : G1 | effects={'dx': -1.6260000000000048, 'dy': 0.4719999999999942, 'dz': 0.0, 'de': 0.03184999999999949, 'xy_dist': 1.6931213778108203, 'params': {'G': 1.0, 'X': 166.025, 'Y': 126.747, 'E': 5.24243}}
DECISION : ALLOW
------------------------------------------------------------
[SEQ 186] [IEEE-BASELINE]
SCORE    : anomaly_score=0.000
DECISION : ALLOW
------------------------------------------------------------
[SEQ 187] [LAYER 0]
CMD      : G1 X164.048 Y126.784 E5.27962
TRUST    : acc_cmd=0.000 | acc_exec=0.000 | trust=0.356
DECISION : PAUSE
MACHINE  : Machine-2
------------------------------------------------------------
[SEQ 187] [STATIC-BASELINE]
CMD      : G1 | effects={'dx': -1.9770000000000039, 'dy': 0.03700000000000614, 'dz': 0.0, 'de': 0.03719000000000072, 'xy_dist': 1.9773462013517045, 'params': {'G': 1.0, 'X': 164.048, 'Y': 126.784, 'E': 5.27962}}
DECISION : ALLOW
------------------------------------------------------------
[SEQ 187] [IEEE-BASELINE]
SCORE    : anomaly_score=0.000
DECISION : ALLOW
------------------------------------------------------------
[SEQ 188] [LAYER 0]
CMD      : G92 E1000
TRUST    : acc_cmd=0.000 | acc_exec=1.000 | trust=0.161
DECISION : PAUSE
MACHINE  : Machine-2
------------------------------------------------------------
[SEQ 188] [STATIC-BASELINE]
CMD      : G92 | effects={'reset': {'G': 92.0, 'E': 1000.0}}
DECISION : BLOCK
------------------------------------------------------------
[SEQ 188] [IEEE-BASELINE]
SCORE    : anomaly_score=0.000
DECISION : ALLOW
------------------------------------------------------------
[SEQ 189] [LAYER 0]
CMD      : M221 S200
TRUST    : acc_cmd=1.000 | acc_exec=1.000 | trust=0.068
DECISION : PAUSE
MACHINE  : Machine-2
------------------------------------------------------------
[SEQ 189] [STATIC-BASELINE]
CMD      : M221 | effects={'M': 221.0, 'S': 200.0}
DECISION : BLOCK
------------------------------------------------------------
[SEQ 189] [IEEE-BASELINE]
SCORE    : anomaly_score=0.000
DECISION : ALLOW
------------------------------------------------------------
[SEQ 190] [LAYER 0]
CMD      : G1 X158.824 Y123.037 E5.4047
TRUST    : acc_cmd=0.000 | acc_exec=1.000 | trust=0.029
DECISION : PAUSE
MACHINE  : Machine-2
------------------------------------------------------------
[SEQ 190] [STATIC-BASELINE]
CMD      : G1 | effects={'dx': -5.2239999999999895, 'dy': -3.747, 'dz': 0.0, 'de': -994.5953, 'xy_dist': 6.4288556524470115, 'params': {'G': 1.0, 'X': 158.824, 'Y': 123.037, 'E': 5.4047}}
DECISION : ALLOW
------------------------------------------------------------
[SEQ 190] [IEEE-BASELINE]
SCORE    : anomaly_score=0.000
DECISION : ALLOW
------------------------------------------------------------
[SEQ 191] [LAYER 0]
CMD      : G92 E1000
TRUST    : acc_cmd=0.000 | acc_exec=1.000 | trust=0.012
DECISION : PAUSE
MACHINE  : Machine-2
------------------------------------------------------------
[SEQ 191] [STATIC-BASELINE]
CMD      : G92 | effects={'reset': {'G': 92.0, 'E': 1000.0}}
DECISION : BLOCK
------------------------------------------------------------
[SEQ 191] [IEEE-BASELINE]
SCORE    : anomaly_score=0.000
DECISION : ALLOW
------------------------------------------------------------
[SEQ 192] [LAYER 0]
CMD      : G1 X158.222 Y119.018 E5.48179
TRUST    : acc_cmd=0.000 | acc_exec=1.000 | trust=0.005
DECISION : PAUSE
MACHINE  : Machine-2
------------------------------------------------------------
[SEQ 192] [STATIC-BASELINE]
CMD      : G1 | effects={'dx': -0.6020000000000039, 'dy': -4.0190000000000055, 'dz': 0.0, 'de': -994.51821, 'xy_dist': 4.063836241779441, 'params': {'G': 1.0, 'X': 158.222, 'Y': 119.018, 'E': 5.48179}}
DECISION : ALLOW
------------------------------------------------------------
[SEQ 192] [IEEE-BASELINE]
SCORE    : anomaly_score=0.000
DECISION : ALLOW
------------------------------------------------------------
[SEQ 193] [LAYER 0]
CMD      : G1 X158.274 Y118.721 E5.48746
TRUST    : acc_cmd=0.000 | acc_exec=0.000 | trust=0.011
DECISION : PAUSE
MACHINE  : Machine-2
------------------------------------------------------------
[SEQ 193] [STATIC-BASELINE]
CMD      : G1 | effects={'dx': 0.0519999999999925, 'dy': -0.29699999999999704, 'dz': 0.0, 'de': 0.005669999999999398, 'xy_dist': 0.30151782700198254, 'params': {'G': 1.0, 'X': 158.274, 'Y': 118.721, 'E': 5.48746}}
DECISION : ALLOW
------------------------------------------------------------
[SEQ 193] [IEEE-BASELINE]
SCORE    : anomaly_score=0.000
DECISION : ALLOW
------------------------------------------------------------
[SEQ 194] [LAYER 0]
CMD      : G92 E1000
TRUST    : acc_cmd=0.000 | acc_exec=1.000 | trust=0.007
DECISION : PAUSE
MACHINE  : Machine-2
------------------------------------------------------------
[SEQ 194] [STATIC-BASELINE]
CMD      : G92 | effects={'reset': {'G': 92.0, 'E': 1000.0}}
DECISION : BLOCK
------------------------------------------------------------
[SEQ 194] [IEEE-BASELINE]
SCORE    : anomaly_score=0.000
DECISION : ALLOW
------------------------------------------------------------
[SEQ 195] [LAYER 0]
CMD      : G1 X159.499 Y115.996 E5.54381
TRUST    : acc_cmd=0.000 | acc_exec=1.000 | trust=0.004
DECISION : PAUSE
MACHINE  : Machine-2
------------------------------------------------------------
[SEQ 195] [STATIC-BASELINE]
CMD      : G1 | effects={'dx': 1.2249999999999943, 'dy': -2.7250000000000085, 'dz': 0.0, 'de': -994.45619, 'xy_dist': 2.987683048785468, 'params': {'G': 1.0, 'X': 159.499, 'Y': 115.996, 'E': 5.54381}}
DECISION : ALLOW
------------------------------------------------------------
[SEQ 195] [IEEE-BASELINE]
SCORE    : anomaly_score=0.000
DECISION : ALLOW
------------------------------------------------------------
[SEQ 196] [LAYER 0]
CMD      : G0 F3600 X159.824 Y116.235
TRUST    : acc_cmd=0.000 | acc_exec=0.000 | trust=0.015
DECISION : PAUSE
MACHINE  : Machine-2
------------------------------------------------------------
[SEQ 196] [STATIC-BASELINE]
CMD      : G0 | effects={'dx': 0.32500000000001705, 'dy': 0.23900000000000432, 'dz': 0.0, 'de': 0.0, 'xy_dist': 0.4034178974711127, 'params': {'G': 0.0, 'F': 3600.0, 'X': 159.824, 'Y': 116.235}}
DECISION : ALLOW
------------------------------------------------------------
[SEQ 196] [IEEE-BASELINE]
SCORE    : anomaly_score=0.000
DECISION : ALLOW
------------------------------------------------------------
[SEQ 197] [LAYER 0]
CMD      : G1 F1800 X161.023 Y114.947 E5.57691
TRUST    : acc_cmd=0.000 | acc_exec=0.000 | trust=0.068
DECISION : PAUSE
MACHINE  : Machine-2
------------------------------------------------------------
[SEQ 197] [STATIC-BASELINE]
CMD      : G1 | effects={'dx': 1.1989999999999839, 'dy': -1.2879999999999967, 'dz': 0.0, 'de': 0.03310000000000013, 'xy_dist': 1.7597002585667687, 'params': {'G': 1.0, 'F': 1800.0, 'X': 161.023, 'Y': 114.947, 'E': 5.57691}}
DECISION : ALLOW
------------------------------------------------------------
[SEQ 197] [IEEE-BASELINE]
SCORE    : anomaly_score=0.000
DECISION : ALLOW
------------------------------------------------------------
[SEQ 198] [LAYER 0]
CMD      : G1 X161.392 Y114.679 E5.58548
TRUST    : acc_cmd=0.000 | acc_exec=0.000 | trust=0.181
DECISION : PAUSE
MACHINE  : Machine-2
------------------------------------------------------------
[SEQ 198] [STATIC-BASELINE]
CMD      : G1 | effects={'dx': 0.3689999999999998, 'dy': -0.2680000000000007, 'dz': 0.0, 'de': 0.008569999999999744, 'xy_dist': 0.45605372490530127, 'params': {'G': 1.0, 'X': 161.392, 'Y': 114.679, 'E': 5.58548}}
DECISION : ALLOW
------------------------------------------------------------
[SEQ 198] [IEEE-BASELINE]
SCORE    : anomaly_score=0.000
DECISION : ALLOW
------------------------------------------------------------
[SEQ 199] [LAYER 0]
CMD      : M92 E2000
TRUST    : acc_cmd=1.000 | acc_exec=1.000 | trust=0.086
DECISION : PAUSE
MACHINE  : Machine-2
------------------------------------------------------------
[SEQ 199] [STATIC-BASELINE]
CMD      : M92 | effects={'M': 92.0, 'E': 2000.0}
DECISION : BLOCK
------------------------------------------------------------
[SEQ 199] [IEEE-BASELINE]
SCORE    : anomaly_score=0.000
DECISION : ALLOW
------------------------------------------------------------
[SEQ 200] [LAYER 0]
CMD      : G1 X163.99 Y113.655 E5.63815
TRUST    : acc_cmd=0.000 | acc_exec=0.000 | trust=0.095
DECISION : PAUSE
MACHINE  : Machine-2
------------------------------------------------------------
[SEQ 200] [STATIC-BASELINE]
CMD      : G1 | effects={'dx': 2.598000000000013, 'dy': -1.024000000000001, 'dz': 0.0, 'de': 0.05267000000000088, 'xy_dist': 2.7925221574770127, 'params': {'G': 1.0, 'X': 163.99, 'Y': 113.655, 'E': 5.63815}}
DECISION : ALLOW
------------------------------------------------------------
[SEQ 200] [IEEE-BASELINE]
SCORE    : anomaly_score=0.000
DECISION : ALLOW
------------------------------------------------------------
[SEQ 201] [LAYER 0]
CMD      : G1 X165.658 Y113.618 E5.66953
TRUST    : acc_cmd=0.000 | acc_exec=0.000 | trust=0.190
DECISION : PAUSE
MACHINE  : Machine-2
------------------------------------------------------------
[SEQ 201] [STATIC-BASELINE]
CMD      : G1 | effects={'dx': 1.667999999999978, 'dy': -0.03700000000000614, 'dz': 0.0, 'de': 0.03137999999999952, 'xy_dist': 1.6684103212339365, 'params': {'G': 1.0, 'X': 165.658, 'Y': 113.618, 'E': 5.66953}}
DECISION : ALLOW
------------------------------------------------------------
[SEQ 201] [IEEE-BASELINE]
SCORE    : anomaly_score=0.000
DECISION : ALLOW
------------------------------------------------------------
[SEQ 202] [LAYER 0]
CMD      : G1 X167.3 Y114.004 E5.70126
TRUST    : acc_cmd=0.000 | acc_exec=0.000 | trust=0.339
DECISION : PAUSE
MACHINE  : Machine-2
------------------------------------------------------------
[SEQ 202] [STATIC-BASELINE]
CMD      : G1 | effects={'dx': 1.6420000000000243, 'dy': 0.3860000000000099, 'dz': 0.0, 'de': 0.03173000000000048, 'xy_dist': 1.6867602082098354, 'params': {'G': 1.0, 'X': 167.3, 'Y': 114.004, 'E': 5.70126}}
DECISION : ALLOW
------------------------------------------------------------
[SEQ 202] [IEEE-BASELINE]
SCORE    : anomaly_score=0.000
DECISION : ALLOW
------------------------------------------------------------
[SEQ 203] [LAYER 0]
CMD      : G1 X169.039 Y114.942 E5.73843
TRUST    : acc_cmd=0.000 | acc_exec=0.000 | trust=0.501
DECISION : ALLOW
MACHINE  : Machine-2
------------------------------------------------------------
[SEQ 203] [STATIC-BASELINE]
CMD      : G1 | effects={'dx': 1.738999999999976, 'dy': 0.9379999999999882, 'dz': 0.0, 'de': 0.0371699999999997, 'xy_dist': 1.9758453886880658, 'params': {'G': 1.0, 'X': 169.039, 'Y': 114.942, 'E': 5.73843}}
DECISION : ALLOW
------------------------------------------------------------
[SEQ 203] [IEEE-BASELINE]
SCORE    : anomaly_score=0.000
DECISION : ALLOW
------------------------------------------------------------
[SEQ 204] [LAYER 0]
CMD      : G1 X170.51 Y116.656 E5.78091
TRUST    : acc_cmd=0.000 | acc_exec=0.000 | trust=0.646
DECISION : ALLOW
MACHINE  : Machine-2
------------------------------------------------------------
[SEQ 204] [STATIC-BASELINE]
CMD      : G1 | effects={'dx': 1.4710000000000036, 'dy': 1.7140000000000128, 'dz': 0.0, 'de': 0.042480000000000295, 'xy_dist': 2.258680366939965, 'params': {'G': 1.0, 'X': 170.51, 'Y': 116.656, 'E': 5.78091}}
DECISION : ALLOW
------------------------------------------------------------
[SEQ 204] [IEEE-BASELINE]
SCORE    : anomaly_score=0.000
DECISION : ALLOW
------------------------------------------------------------
[SEQ 205] [LAYER 0]
CMD      : G1 X170.643 Y116.873 E5.7857
TRUST    : acc_cmd=0.000 | acc_exec=0.000 | trust=0.761
DECISION : ALLOW
MACHINE  : Machine-2
------------------------------------------------------------
[SEQ 205] [STATIC-BASELINE]
CMD      : G1 | effects={'dx': 0.13300000000000978, 'dy': 0.21699999999999875, 'dz': 0.0, 'de': 0.00478999999999985, 'xy_dist': 0.25451522547777383, 'params': {'G': 1.0, 'X': 170.643, 'Y': 116.873, 'E': 5.7857}}
DECISION : ALLOW
------------------------------------------------------------
[SEQ 205] [IEEE-BASELINE]
SCORE    : anomaly_score=0.000
DECISION : ALLOW
------------------------------------------------------------
[SEQ 206] [LAYER 0]
CMD      : G1 X171.384 Y119.034 E5.82867
TRUST    : acc_cmd=0.000 | acc_exec=0.000 | trust=0.843
DECISION : ALLOW
MACHINE  : Machine-2
------------------------------------------------------------
[SEQ 206] [STATIC-BASELINE]
CMD      : G1 | effects={'dx': 0.7409999999999854, 'dy': 2.1610000000000014, 'dz': 0.0, 'de': 0.04296999999999951, 'xy_dist': 2.2845135149523594, 'params': {'G': 1.0, 'X': 171.384, 'Y': 119.034, 'E': 5.82867}}
DECISION : ALLOW
------------------------------------------------------------
[SEQ 206] [IEEE-BASELINE]
SCORE    : anomaly_score=0.000
DECISION : ALLOW
------------------------------------------------------------
[SEQ 207] [LAYER 0]
CMD      : G1 X171.349 Y121.037 E5.86636
TRUST    : acc_cmd=0.000 | acc_exec=0.000 | trust=0.900
DECISION : ALLOW
MACHINE  : Machine-2
------------------------------------------------------------
[SEQ 207] [STATIC-BASELINE]
CMD      : G1 | effects={'dx': -0.03499999999999659, 'dy': 2.003, 'dz': 0.0, 'de': 0.037690000000000445, 'xy_dist': 2.003305767974525, 'params': {'G': 1.0, 'X': 171.349, 'Y': 121.037, 'E': 5.86636}}
DECISION : ALLOW
------------------------------------------------------------
[SEQ 207] [IEEE-BASELINE]
SCORE    : anomaly_score=0.000
DECISION : ALLOW
------------------------------------------------------------
[SEQ 208] [LAYER 0]
CMD      : M92 E2000
TRUST    : acc_cmd=1.000 | acc_exec=1.000 | trust=0.389
DECISION : PAUSE
MACHINE  : Machine-2
------------------------------------------------------------
[SEQ 208] [STATIC-BASELINE]
CMD      : M92 | effects={'M': 92.0, 'E': 2000.0}
DECISION : BLOCK
------------------------------------------------------------
[SEQ 208] [IEEE-BASELINE]
SCORE    : anomaly_score=0.000
DECISION : ALLOW
------------------------------------------------------------
[SEQ 209] [LAYER 0]
CMD      : G1 X169.883 Y124.181 E5.93221
TRUST    : acc_cmd=0.000 | acc_exec=0.000 | trust=0.252
DECISION : PAUSE
MACHINE  : Machine-2
------------------------------------------------------------
[SEQ 209] [STATIC-BASELINE]
CMD      : G1 | effects={'dx': -1.4659999999999798, 'dy': 3.1439999999999912, 'dz': 0.0, 'de': 0.06585000000000019, 'xy_dist': 3.468990054756555, 'params': {'G': 1.0, 'X': 169.883, 'Y': 124.181, 'E': 5.93221}}
DECISION : ALLOW
------------------------------------------------------------
[SEQ 209] [IEEE-BASELINE]
SCORE    : anomaly_score=0.000
DECISION : ALLOW
------------------------------------------------------------
[SEQ 210] [LAYER 0]
CMD      : G92 E1000
TRUST    : acc_cmd=0.000 | acc_exec=1.000 | trust=0.111
DECISION : PAUSE
MACHINE  : Machine-2
------------------------------------------------------------
[SEQ 210] [STATIC-BASELINE]
CMD      : G92 | effects={'reset': {'G': 92.0, 'E': 1000.0}}
DECISION : BLOCK
------------------------------------------------------------
[SEQ 210] [IEEE-BASELINE]
SCORE    : anomaly_score=0.000
DECISION : ALLOW
------------------------------------------------------------
[SEQ 211] [LAYER 0]
CMD      : G1 X167.496 Y125.904 E5.98787
TRUST    : acc_cmd=0.000 | acc_exec=1.000 | trust=0.047
DECISION : PAUSE
MACHINE  : Machine-2
------------------------------------------------------------
[SEQ 211] [STATIC-BASELINE]
CMD      : G1 | effects={'dx': -2.3870000000000005, 'dy': 1.722999999999999, 'dz': 0.0, 'de': -994.01213, 'xy_dist': 2.943891642027607, 'params': {'G': 1.0, 'X': 167.496, 'Y': 125.904, 'E': 5.98787}}
DECISION : ALLOW
------------------------------------------------------------
[SEQ 211] [IEEE-BASELINE]
SCORE    : anomaly_score=0.000
DECISION : ALLOW
------------------------------------------------------------
[SEQ 212] [LAYER 0]
CMD      : G1 X165.966 Y126.348 E6.01784
TRUST    : acc_cmd=0.000 | acc_exec=0.000 | trust=0.041
DECISION : PAUSE
MACHINE  : Machine-2
------------------------------------------------------------
[SEQ 212] [STATIC-BASELINE]
CMD      : G1 | effects={'dx': -1.5300000000000011, 'dy': 0.4440000000000026, 'dz': 0.0, 'de': 0.029969999999999608, 'xy_dist': 1.5931214642958036, 'params': {'G': 1.0, 'X': 165.966, 'Y': 126.348, 'E': 6.01784}}
DECISION : ALLOW
------------------------------------------------------------
[SEQ 212] [IEEE-BASELINE]
SCORE    : anomaly_score=0.000
DECISION : ALLOW
------------------------------------------------------------
[SEQ 213] [LAYER 0]
CMD      : G92 E1000
TRUST    : acc_cmd=0.000 | acc_exec=1.000 | trust=0.021
DECISION : PAUSE
MACHINE  : Machine-2
------------------------------------------------------------
[SEQ 213] [STATIC-BASELINE]
CMD      : G92 | effects={'reset': {'G': 92.0, 'E': 1000.0}}
DECISION : BLOCK
------------------------------------------------------------
[SEQ 213] [IEEE-BASELINE]
SCORE    : anomaly_score=0.000
DECISION : ALLOW
------------------------------------------------------------
[SEQ 214] [LAYER 0]
CMD      : G1 X162.313 Y125.83 E6.08813
TRUST    : acc_cmd=0.000 | acc_exec=1.000 | trust=0.010
DECISION : PAUSE
MACHINE  : Machine-2
------------------------------------------------------------
[SEQ 214] [STATIC-BASELINE]
CMD      : G1 | effects={'dx': -3.65300000000002, 'dy': -0.5180000000000007, 'dz': 0.0, 'de': -993.91187, 'xy_dist': 3.689543738729783, 'params': {'G': 1.0, 'X': 162.313, 'Y': 125.83, 'E': 6.08813}}
DECISION : ALLOW
------------------------------------------------------------
[SEQ 214] [IEEE-BASELINE]
SCORE    : anomaly_score=0.000
DECISION : ALLOW
------------------------------------------------------------
[SEQ 215] [LAYER 0]
CMD      : G1 X160.627 Y124.759 E6.1257
TRUST    : acc_cmd=0.000 | acc_exec=0.000 | trust=0.021
DECISION : PAUSE
MACHINE  : Machine-2
------------------------------------------------------------
[SEQ 215] [STATIC-BASELINE]
CMD      : G1 | effects={'dx': -1.6859999999999786, 'dy': -1.070999999999998, 'dz': 0.0, 'de': 0.03757000000000055, 'xy_dist': 1.9974075698264298, 'params': {'G': 1.0, 'X': 160.627, 'Y': 124.759, 'E': 6.1257}}
DECISION : ALLOW
------------------------------------------------------------
[SEQ 215] [IEEE-BASELINE]
SCORE    : anomaly_score=0.000
DECISION : ALLOW
------------------------------------------------------------
[SEQ 216] [LAYER 0]
CMD      : G1 X159.189 Y122.857 E6.17055
TRUST    : acc_cmd=0.000 | acc_exec=0.000 | trust=0.078
DECISION : PAUSE
MACHINE  : Machine-2
------------------------------------------------------------
[SEQ 216] [STATIC-BASELINE]
CMD      : G1 | effects={'dx': -1.4380000000000166, 'dy': -1.902000000000001, 'dz': 0.0, 'de': 0.04485000000000028, 'xy_dist': 2.3844177486338363, 'params': {'G': 1.0, 'X': 159.189, 'Y': 122.857, 'E': 6.17055}}
DECISION : ALLOW
------------------------------------------------------------
[SEQ 216] [IEEE-BASELINE]
SCORE    : anomaly_score=0.000
DECISION : ALLOW
------------------------------------------------------------
[SEQ 217] [LAYER 0]
CMD      : G1 X158.652 Y120.953 E6.20777
TRUST    : acc_cmd=0.000 | acc_exec=0.000 | trust=0.196
DECISION : PAUSE
MACHINE  : Machine-2
------------------------------------------------------------
[SEQ 217] [STATIC-BASELINE]
CMD      : G1 | effects={'dx': -0.5370000000000061, 'dy': -1.9039999999999964, 'dz': 0.0, 'de': 0.03721999999999959, 'xy_dist': 1.978278291848746, 'params': {'G': 1.0, 'X': 158.652, 'Y': 120.953, 'E': 6.20777}}
DECISION : ALLOW
------------------------------------------------------------
[SEQ 217] [IEEE-BASELINE]
SCORE    : anomaly_score=0.000
DECISION : ALLOW
------------------------------------------------------------
[SEQ 218] [LAYER 0]
CMD      : G92 E1000
TRUST    : acc_cmd=0.000 | acc_exec=1.000 | trust=0.092
DECISION : PAUSE
MACHINE  : Machine-2
------------------------------------------------------------
[SEQ 218] [STATIC-BASELINE]
CMD      : G92 | effects={'reset': {'G': 92.0, 'E': 1000.0}}
DECISION : BLOCK
------------------------------------------------------------
[SEQ 218] [IEEE-BASELINE]
SCORE    : anomaly_score=0.000
DECISION : ALLOW
------------------------------------------------------------
[SEQ 219] [LAYER 0]
CMD      : G1 X158.648 Y118.864 E6.24711
TRUST    : acc_cmd=0.000 | acc_exec=1.000 | trust=0.040
DECISION : PAUSE
MACHINE  : Machine-2
------------------------------------------------------------
[SEQ 219] [STATIC-BASELINE]
CMD      : G1 | effects={'dx': -0.003999999999990678, 'dy': -2.0889999999999986, 'dz': 0.0, 'de': -993.75289, 'xy_dist': 2.089003829580021, 'params': {'G': 1.0, 'X': 158.648, 'Y': 118.864, 'E': 6.24711}}
DECISION : ALLOW
------------------------------------------------------------
[SEQ 219] [IEEE-BASELINE]
SCORE    : anomaly_score=0.000
DECISION : ALLOW
------------------------------------------------------------
[SEQ 220] [LAYER 0]
CMD      : G1 X159.299 Y117.159 E6.28144
TRUST    : acc_cmd=0.000 | acc_exec=0.000 | trust=0.041
DECISION : PAUSE
MACHINE  : Machine-2
------------------------------------------------------------
[SEQ 220] [STATIC-BASELINE]
CMD      : G1 | effects={'dx': 0.6510000000000105, 'dy': -1.7049999999999983, 'dz': 0.0, 'de': 0.03432999999999975, 'xy_dist': 1.8250550676623454, 'params': {'G': 1.0, 'X': 159.299, 'Y': 117.159, 'E': 6.28144}}
DECISION : ALLOW
------------------------------------------------------------
[SEQ 220] [IEEE-BASELINE]
SCORE    : anomaly_score=0.000
DECISION : ALLOW
------------------------------------------------------------
[SEQ 221] [LAYER 0]
CMD      : G1 X159.824 Y116.235 E6.30143
TRUST    : acc_cmd=0.000 | acc_exec=0.000 | trust=0.107
DECISION : PAUSE
MACHINE  : Machine-2
------------------------------------------------------------
[SEQ 221] [STATIC-BASELINE]
CMD      : G1 | effects={'dx': 0.5250000000000057, 'dy': -0.9240000000000066, 'dz': 0.0, 'de': 0.019989999999999952, 'xy_dist': 1.062732798025928, 'params': {'G': 1.0, 'X': 159.824, 'Y': 116.235, 'E': 6.30143}}
DECISION : ALLOW
------------------------------------------------------------
[SEQ 221] [IEEE-BASELINE]
SCORE    : anomaly_score=0.000
DECISION : ALLOW
------------------------------------------------------------
[SEQ 222] [LAYER 0]
CMD      : M92 E2000
TRUST    : acc_cmd=1.000 | acc_exec=1.000 | trust=0.052
DECISION : PAUSE
MACHINE  : Machine-2
------------------------------------------------------------
[SEQ 222] [STATIC-BASELINE]
CMD      : M92 | effects={'M': 92.0, 'E': 2000.0}
DECISION : BLOCK
------------------------------------------------------------
[SEQ 222] [IEEE-BASELINE]
SCORE    : anomaly_score=0.000
DECISION : ALLOW
------------------------------------------------------------
[SEQ 223] [LAYER 0]
CMD      : M92 E2000
TRUST    : acc_cmd=1.000 | acc_exec=1.000 | trust=0.023
DECISION : PAUSE
MACHINE  : Machine-2
------------------------------------------------------------
[SEQ 223] [STATIC-BASELINE]
CMD      : M92 | effects={'M': 92.0, 'E': 2000.0}
DECISION : BLOCK
------------------------------------------------------------
[SEQ 223] [IEEE-BASELINE]
SCORE    : anomaly_score=0.000
DECISION : ALLOW
------------------------------------------------------------
[SEQ 224] [LAYER 0]
CMD      : G1 X161.561 Y115.042 E6.33939
TRUST    : acc_cmd=0.000 | acc_exec=0.000 | trust=0.032
DECISION : PAUSE
MACHINE  : Machine-2
------------------------------------------------------------
[SEQ 224] [STATIC-BASELINE]
CMD      : G1 | effects={'dx': 1.7369999999999948, 'dy': -1.1929999999999978, 'dz': 0.0, 'de': 0.037959999999999994, 'xy_dist': 2.107229935246739, 'params': {'G': 1.0, 'X': 161.561, 'Y': 115.042, 'E': 6.33939}}
DECISION : ALLOW
------------------------------------------------------------
[SEQ 224] [IEEE-BASELINE]
SCORE    : anomaly_score=0.000
DECISION : ALLOW
------------------------------------------------------------
[SEQ 225] [LAYER 0]
CMD      : M221 S200
TRUST    : acc_cmd=1.000 | acc_exec=1.000 | trust=0.017
DECISION : PAUSE
MACHINE  : Machine-2
------------------------------------------------------------
[SEQ 225] [STATIC-BASELINE]
CMD      : M221 | effects={'M': 221.0, 'S': 200.0}
DECISION : BLOCK
------------------------------------------------------------
[SEQ 225] [IEEE-BASELINE]
SCORE    : anomaly_score=0.000
DECISION : ALLOW
------------------------------------------------------------
[SEQ 226] [LAYER 0]
CMD      : G1 X164.053 Y114.054 E6.38995
TRUST    : acc_cmd=0.000 | acc_exec=0.000 | trust=0.037
DECISION : PAUSE
MACHINE  : Machine-2
------------------------------------------------------------
[SEQ 226] [STATIC-BASELINE]
CMD      : G1 | effects={'dx': 2.4919999999999902, 'dy': -0.9879999999999995, 'dz': 0.0, 'de': 0.05055999999999994, 'xy_dist': 2.6807103536189714, 'params': {'G': 1.0, 'X': 164.053, 'Y': 114.054, 'E': 6.38995}}
DECISION : ALLOW
------------------------------------------------------------
[SEQ 226] [IEEE-BASELINE]
SCORE    : anomaly_score=0.000
DECISION : ALLOW
------------------------------------------------------------
[SEQ 227] [LAYER 0]
CMD      : G1 X165.618 Y114.019 E6.41939
TRUST    : acc_cmd=0.000 | acc_exec=0.000 | trust=0.115
DECISION : PAUSE
MACHINE  : Machine-2
------------------------------------------------------------
[SEQ 227] [STATIC-BASELINE]
CMD      : G1 | effects={'dx': 1.5649999999999977, 'dy': -0.03499999999999659, 'dz': 0.0, 'de': 0.029440000000000133, 'xy_dist': 1.5653913248769435, 'params': {'G': 1.0, 'X': 165.618, 'Y': 114.019, 'E': 6.41939}}
DECISION : ALLOW
------------------------------------------------------------
[SEQ 227] [IEEE-BASELINE]
SCORE    : anomaly_score=0.000
DECISION : ALLOW
------------------------------------------------------------
[SEQ 228] [LAYER 0]
CMD      : M221 S200
TRUST    : acc_cmd=1.000 | acc_exec=1.000 | trust=0.056
DECISION : PAUSE
MACHINE  : Machine-2
------------------------------------------------------------
[SEQ 228] [STATIC-BASELINE]
CMD      : M221 | effects={'M': 221.0, 'S': 200.0}
DECISION : BLOCK
------------------------------------------------------------
[SEQ 228] [IEEE-BASELINE]
SCORE    : anomaly_score=0.000
DECISION : ALLOW
------------------------------------------------------------
[SEQ 229] [LAYER 0]
CMD      : G1 X168.784 Y115.259 E6.48391
TRUST    : acc_cmd=0.000 | acc_exec=0.000 | trust=0.075
DECISION : PAUSE
MACHINE  : Machine-2
------------------------------------------------------------
[SEQ 229] [STATIC-BASELINE]
CMD      : G1 | effects={'dx': 3.165999999999997, 'dy': 1.2399999999999949, 'dz': 0.0, 'de': 0.06451999999999991, 'xy_dist': 3.4001699957502076, 'params': {'G': 1.0, 'X': 168.784, 'Y': 115.259, 'E': 6.48391}}
DECISION : ALLOW
------------------------------------------------------------
[SEQ 229] [IEEE-BASELINE]
SCORE    : anomaly_score=0.000
DECISION : ALLOW
------------------------------------------------------------
[SEQ 230] [LAYER 0]
CMD      : G1 X170.206 Y116.916 E6.52498
TRUST    : acc_cmd=0.000 | acc_exec=0.000 | trust=0.168
DECISION : PAUSE
MACHINE  : Machine-2
------------------------------------------------------------
[SEQ 230] [STATIC-BASELINE]
CMD      : G1 | effects={'dx': 1.421999999999997, 'dy': 1.6569999999999965, 'dz': 0.0, 'de': 0.041070000000000384, 'xy_dist': 2.183513911107502, 'params': {'G': 1.0, 'X': 170.206, 'Y': 116.916, 'E': 6.52498}}
DECISION : ALLOW
------------------------------------------------------------
[SEQ 230] [IEEE-BASELINE]
SCORE    : anomaly_score=0.000
DECISION : ALLOW
------------------------------------------------------------
[SEQ 231] [LAYER 0]
CMD      : G1 X170.28 Y117.046 E6.5278
TRUST    : acc_cmd=0.000 | acc_exec=0.000 | trust=0.316
DECISION : PAUSE
MACHINE  : Machine-2
------------------------------------------------------------
[SEQ 231] [STATIC-BASELINE]
CMD      : G1 | effects={'dx': 0.07400000000001228, 'dy': 0.13000000000000966, 'dz': 0.0, 'de': 0.0028199999999998226, 'xy_dist': 0.1495860956105357, 'params': {'G': 1.0, 'X': 170.28, 'Y': 117.046, 'E': 6.5278}}
DECISION : ALLOW
------------------------------------------------------------
[SEQ 231] [IEEE-BASELINE]
SCORE    : anomaly_score=0.000
DECISION : ALLOW
------------------------------------------------------------
[SEQ 232] [LAYER 0]
CMD      : M92 E2000
TRUST    : acc_cmd=1.000 | acc_exec=1.000 | trust=0.144
DECISION : PAUSE
MACHINE  : Machine-2
------------------------------------------------------------
[SEQ 232] [STATIC-BASELINE]
CMD      : M92 | effects={'M': 92.0, 'E': 2000.0}
DECISION : BLOCK
------------------------------------------------------------
[SEQ 232] [IEEE-BASELINE]
SCORE    : anomaly_score=0.000
DECISION : ALLOW
------------------------------------------------------------
[SEQ 233] [LAYER 0]
CMD      : G92 E1000
TRUST    : acc_cmd=0.000 | acc_exec=1.000 | trust=0.061
DECISION : PAUSE
MACHINE  : Machine-2
------------------------------------------------------------
[SEQ 233] [STATIC-BASELINE]
CMD      : G92 | effects={'reset': {'G': 92.0, 'E': 1000.0}}
DECISION : BLOCK
------------------------------------------------------------
[SEQ 233] [IEEE-BASELINE]
SCORE    : anomaly_score=0.000
DECISION : ALLOW
------------------------------------------------------------
[SEQ 234] [LAYER 0]
CMD      : G1 X170.466 Y122.535 E6.63464
TRUST    : acc_cmd=0.000 | acc_exec=1.000 | trust=0.026
DECISION : PAUSE
MACHINE  : Machine-2
------------------------------------------------------------
[SEQ 234] [STATIC-BASELINE]
CMD      : G1 | effects={'dx': 0.18600000000000705, 'dy': 5.48899999999999, 'dz': 0.0, 'de': -993.36536, 'xy_dist': 5.492150489562344, 'params': {'G': 1.0, 'X': 170.466, 'Y': 122.535, 'E': 6.63464}}
DECISION : ALLOW
------------------------------------------------------------
[SEQ 234] [IEEE-BASELINE]
SCORE    : anomaly_score=0.000
DECISION : ALLOW
------------------------------------------------------------
[SEQ 235] [LAYER 0]
CMD      : M92 E2000
TRUST    : acc_cmd=1.000 | acc_exec=1.000 | trust=0.011
DECISION : PAUSE
MACHINE  : Machine-2
------------------------------------------------------------
[SEQ 235] [STATIC-BASELINE]
CMD      : M92 | effects={'M': 92.0, 'E': 2000.0}
DECISION : BLOCK
------------------------------------------------------------
[SEQ 235] [IEEE-BASELINE]
SCORE    : anomaly_score=0.000
DECISION : ALLOW
------------------------------------------------------------
[SEQ 236] [LAYER 0]
CMD      : G1 X168.369 Y124.96 E6.69557
TRUST    : acc_cmd=0.000 | acc_exec=0.000 | trust=0.016
DECISION : PAUSE
MACHINE  : Machine-2
------------------------------------------------------------
[SEQ 236] [STATIC-BASELINE]
CMD      : G1 | effects={'dx': -2.0970000000000084, 'dy': 2.424999999999997, 'dz': 0.0, 'de': 0.06092999999999993, 'xy_dist': 3.2059373044400012, 'params': {'G': 1.0, 'X': 168.369, 'Y': 124.96, 'E': 6.69557}}
DECISION : ALLOW
------------------------------------------------------------
[SEQ 236] [IEEE-BASELINE]
SCORE    : anomaly_score=0.000
DECISION : ALLOW
------------------------------------------------------------
[SEQ 237] [LAYER 0]
CMD      : G1 X167.341 Y125.533 E6.71771
TRUST    : acc_cmd=0.000 | acc_exec=0.000 | trust=0.061
DECISION : PAUSE
MACHINE  : Machine-2
------------------------------------------------------------
[SEQ 237] [STATIC-BASELINE]
CMD      : G1 | effects={'dx': -1.0279999999999916, 'dy': 0.5730000000000075, 'dz': 0.0, 'de': 0.02214000000000027, 'xy_dist': 1.17690823771439, 'params': {'G': 1.0, 'X': 167.341, 'Y': 125.533, 'E': 6.71771}}
DECISION : ALLOW
------------------------------------------------------------
[SEQ 237] [IEEE-BASELINE]
SCORE    : anomaly_score=0.000
DECISION : ALLOW
------------------------------------------------------------
[SEQ 238] [LAYER 0]
CMD      : G1 X165.907 Y125.949 E6.7458
TRUST    : acc_cmd=0.000 | acc_exec=0.000 | trust=0.167
DECISION : PAUSE
MACHINE  : Machine-2
------------------------------------------------------------
[SEQ 238] [STATIC-BASELINE]
CMD      : G1 | effects={'dx': -1.4339999999999975, 'dy': 0.4159999999999968, 'dz': 0.0, 'de': 0.028089999999999726, 'xy_dist': 1.4931215623652316, 'params': {'G': 1.0, 'X': 165.907, 'Y': 125.949, 'E': 6.7458}}
DECISION : ALLOW
------------------------------------------------------------
[SEQ 238] [IEEE-BASELINE]
SCORE    : anomaly_score=0.000
DECISION : ALLOW
------------------------------------------------------------
[SEQ 239] [LAYER 0]
CMD      : G92 E1000
TRUST    : acc_cmd=0.000 | acc_exec=1.000 | trust=0.080
DECISION : PAUSE
MACHINE  : Machine-2
------------------------------------------------------------
[SEQ 239] [STATIC-BASELINE]
CMD      : G92 | effects={'reset': {'G': 92.0, 'E': 1000.0}}
DECISION : BLOCK
------------------------------------------------------------
[SEQ 239] [IEEE-BASELINE]
SCORE    : anomaly_score=0.000
DECISION : ALLOW
------------------------------------------------------------
[SEQ 240] [LAYER 0]
CMD      : G1 X162.483 Y125.464 E6.81168
TRUST    : acc_cmd=0.000 | acc_exec=1.000 | trust=0.035
DECISION : PAUSE
MACHINE  : Machine-2
------------------------------------------------------------
[SEQ 240] [STATIC-BASELINE]
CMD      : G1 | effects={'dx': -3.4240000000000066, 'dy': -0.48499999999999943, 'dz': 0.0, 'de': -993.18832, 'xy_dist': 3.458178855987649, 'params': {'G': 1.0, 'X': 162.483, 'Y': 125.464, 'E': 6.81168}}
DECISION : ALLOW
------------------------------------------------------------
[SEQ 240] [IEEE-BASELINE]
SCORE    : anomaly_score=0.000
DECISION : ALLOW
------------------------------------------------------------
[SEQ 241] [LAYER 0]
CMD      : M92 E2000
TRUST    : acc_cmd=1.000 | acc_exec=1.000 | trust=0.015
DECISION : PAUSE
MACHINE  : Machine-2
------------------------------------------------------------
[SEQ 241] [STATIC-BASELINE]
CMD      : M92 | effects={'M': 92.0, 'E': 2000.0}
DECISION : BLOCK
------------------------------------------------------------
[SEQ 241] [IEEE-BASELINE]
SCORE    : anomaly_score=0.000
DECISION : ALLOW
------------------------------------------------------------
[SEQ 242] [LAYER 0]
CMD      : G92 E1000
TRUST    : acc_cmd=0.000 | acc_exec=1.000 | trust=0.007
DECISION : PAUSE
MACHINE  : Machine-2
------------------------------------------------------------
[SEQ 242] [STATIC-BASELINE]
CMD      : G92 | effects={'reset': {'G': 92.0, 'E': 1000.0}}
DECISION : BLOCK
------------------------------------------------------------
[SEQ 242] [IEEE-BASELINE]
SCORE    : anomaly_score=0.000
DECISION : ALLOW
------------------------------------------------------------
[SEQ 243] [LAYER 0]
CMD      : G1 X159.051 Y120.894 E6.9238
TRUST    : acc_cmd=0.000 | acc_exec=1.000 | trust=0.003
DECISION : PAUSE
MACHINE  : Machine-2
------------------------------------------------------------
[SEQ 243] [STATIC-BASELINE]
CMD      : G1 | effects={'dx': -3.4320000000000164, 'dy': -4.569999999999993, 'dz': 0.0, 'de': -993.0762, 'xy_dist': 5.715201133818481, 'params': {'G': 1.0, 'X': 159.051, 'Y': 120.894, 'E': 6.9238}}
DECISION : ALLOW
------------------------------------------------------------
[SEQ 243] [IEEE-BASELINE]
SCORE    : anomaly_score=0.000
DECISION : ALLOW
------------------------------------------------------------
[SEQ 244] [LAYER 0]
CMD      : G1 X159.022 Y119.006 E6.95932
TRUST    : acc_cmd=0.000 | acc_exec=0.000 | trust=0.010
DECISION : PAUSE
MACHINE  : Machine-2
------------------------------------------------------------
[SEQ 244] [STATIC-BASELINE]
CMD      : G1 | effects={'dx': -0.028999999999996362, 'dy': -1.8880000000000052, 'dz': 0.0, 'de': 0.035519999999999996, 'xy_dist': 1.8882227093221868, 'params': {'G': 1.0, 'X': 159.022, 'Y': 119.006, 'E': 6.95932}}
DECISION : ALLOW
------------------------------------------------------------
[SEQ 244] [IEEE-BASELINE]
SCORE    : anomaly_score=0.000
DECISION : ALLOW
------------------------------------------------------------
[SEQ 245] [LAYER 0]
CMD      : G1 X159.647 Y117.356 E6.99251
TRUST    : acc_cmd=0.000 | acc_exec=0.000 | trust=0.052
DECISION : PAUSE
MACHINE  : Machine-2
------------------------------------------------------------
[SEQ 245] [STATIC-BASELINE]
CMD      : G1 | effects={'dx': 0.625, 'dy': -1.6500000000000057, 'dz': 0.0, 'de': 0.033190000000000275, 'xy_dist': 1.7644049988593942, 'params': {'G': 1.0, 'X': 159.647, 'Y': 117.356, 'E': 6.99251}}
DECISION : ALLOW
------------------------------------------------------------
[SEQ 245] [IEEE-BASELINE]
SCORE    : anomaly_score=0.000
DECISION : ALLOW
------------------------------------------------------------
[SEQ 246] [LAYER 0]
CMD      : G1 X160.147 Y116.475 E7.01157
TRUST    : acc_cmd=0.000 | acc_exec=0.000 | trust=0.152
DECISION : PAUSE
MACHINE  : Machine-2
------------------------------------------------------------
[SEQ 246] [STATIC-BASELINE]
CMD      : G1 | effects={'dx': 0.5, 'dy': -0.8810000000000002, 'dz': 0.0, 'de': 0.019059999999999633, 'xy_dist': 1.0129960513249796, 'params': {'G': 1.0, 'X': 160.147, 'Y': 116.475, 'E': 7.01157}}
DECISION : ALLOW
------------------------------------------------------------
[SEQ 246] [IEEE-BASELINE]
SCORE    : anomaly_score=0.000
DECISION : ALLOW
------------------------------------------------------------
[SEQ 247] [LAYER 0]
CMD      : G0 F3600 X160.472 Y116.714
TRUST    : acc_cmd=0.000 | acc_exec=0.000 | trust=0.302
DECISION : PAUSE
MACHINE  : Machine-2
------------------------------------------------------------
[SEQ 247] [STATIC-BASELINE]
CMD      : G0 | effects={'dx': 0.32500000000001705, 'dy': 0.23900000000000432, 'dz': 0.0, 'de': 0.0, 'xy_dist': 0.4034178974711127, 'params': {'G': 0.0, 'F': 3600.0, 'X': 160.472, 'Y': 116.714}}
DECISION : ALLOW
------------------------------------------------------------
[SEQ 247] [IEEE-BASELINE]
SCORE    : anomaly_score=0.000
DECISION : ALLOW
------------------------------------------------------------
[SEQ 248] [LAYER 0]
CMD      : M92 E2000
TRUST    : acc_cmd=1.000 | acc_exec=1.000 | trust=0.138
DECISION : PAUSE
MACHINE  : Machine-2
------------------------------------------------------------
[SEQ 248] [STATIC-BASELINE]
CMD      : M92 | effects={'M': 92.0, 'E': 2000.0}
DECISION : BLOCK
------------------------------------------------------------
[SEQ 248] [IEEE-BASELINE]
SCORE    : anomaly_score=0.000
DECISION : ALLOW
------------------------------------------------------------
[SEQ 249] [LAYER 0]
CMD      : M92 E2000
TRUST    : acc_cmd=1.000 | acc_exec=1.000 | trust=0.059
DECISION : PAUSE
MACHINE  : Machine-2
------------------------------------------------------------
[SEQ 249] [STATIC-BASELINE]
CMD      : M92 | effects={'M': 92.0, 'E': 2000.0}
DECISION : BLOCK
------------------------------------------------------------
[SEQ 249] [IEEE-BASELINE]
SCORE    : anomaly_score=0.000
DECISION : ALLOW
------------------------------------------------------------
[SEQ 250] [LAYER 0]
CMD      : G92 E1000
TRUST    : acc_cmd=0.000 | acc_exec=1.000 | trust=0.025
DECISION : PAUSE
MACHINE  : Machine-2
------------------------------------------------------------
[SEQ 250] [STATIC-BASELINE]
CMD      : G92 | effects={'reset': {'G': 92.0, 'E': 1000.0}}
DECISION : BLOCK
------------------------------------------------------------
[SEQ 250] [IEEE-BASELINE]
SCORE    : anomaly_score=0.000
DECISION : ALLOW
------------------------------------------------------------
[SEQ 251] [LAYER 0]
CMD      : G92 E1000
TRUST    : acc_cmd=0.000 | acc_exec=1.000 | trust=0.011
DECISION : PAUSE
MACHINE  : Machine-2
------------------------------------------------------------
[SEQ 251] [STATIC-BASELINE]
CMD      : G92 | effects={'reset': {'G': 92.0, 'E': 1000.0}}
DECISION : BLOCK
------------------------------------------------------------
[SEQ 251] [IEEE-BASELINE]
SCORE    : anomaly_score=0.000
DECISION : ALLOW
------------------------------------------------------------
[SEQ 252] [LAYER 0]
CMD      : G1 X165.579 Y114.42 E7.12175
TRUST    : acc_cmd=0.000 | acc_exec=1.000 | trust=0.005
DECISION : PAUSE
MACHINE  : Machine-2
------------------------------------------------------------
[SEQ 252] [STATIC-BASELINE]
CMD      : G1 | effects={'dx': 5.106999999999999, 'dy': -2.293999999999997, 'dz': 0.0, 'de': -992.87825, 'xy_dist': 5.598560975822267, 'params': {'G': 1.0, 'X': 165.579, 'Y': 114.42, 'E': 7.12175}}
DECISION : ALLOW
------------------------------------------------------------
[SEQ 252] [IEEE-BASELINE]
SCORE    : anomaly_score=0.000
DECISION : ALLOW
------------------------------------------------------------
[SEQ 253] [LAYER 0]
CMD      : G1 X167.01 Y114.756 E7.1494
TRUST    : acc_cmd=0.000 | acc_exec=0.000 | trust=0.011
DECISION : PAUSE
MACHINE  : Machine-2
------------------------------------------------------------
[SEQ 253] [STATIC-BASELINE]
CMD      : G1 | effects={'dx': 1.4309999999999832, 'dy': 0.3359999999999985, 'dz': 0.0, 'de': 0.027650000000000396, 'xy_dist': 1.4699173446149791, 'params': {'G': 1.0, 'X': 167.01, 'Y': 114.756, 'E': 7.1494}}
DECISION : ALLOW
------------------------------------------------------------
[SEQ 253] [IEEE-BASELINE]
SCORE    : anomaly_score=0.000
DECISION : ALLOW
------------------------------------------------------------
[SEQ 254] [LAYER 0]
CMD      : G1 X168.529 Y115.576 E7.18187
TRUST    : acc_cmd=0.000 | acc_exec=0.000 | trust=0.053
DECISION : PAUSE
MACHINE  : Machine-2
------------------------------------------------------------
[SEQ 254] [STATIC-BASELINE]
CMD      : G1 | effects={'dx': 1.5190000000000055, 'dy': 0.8199999999999932, 'dz': 0.0, 'de': 0.03247, 'xy_dist': 1.726198424283838, 'params': {'G': 1.0, 'X': 168.529, 'Y': 115.576, 'E': 7.18187}}
DECISION : ALLOW
------------------------------------------------------------
[SEQ 254] [IEEE-BASELINE]
SCORE    : anomaly_score=0.000
DECISION : ALLOW
------------------------------------------------------------
[SEQ 255] [LAYER 0]
CMD      : G1 X169.902 Y117.176 E7.22153
TRUST    : acc_cmd=0.000 | acc_exec=0.000 | trust=0.154
DECISION : PAUSE
MACHINE  : Machine-2
------------------------------------------------------------
[SEQ 255] [STATIC-BASELINE]
CMD      : G1 | effects={'dx': 1.3729999999999905, 'dy': 1.6000000000000085, 'dz': 0.0, 'de': 0.039659999999999584, 'xy_dist': 2.1083474571331933, 'params': {'G': 1.0, 'X': 169.902, 'Y': 117.176, 'E': 7.22153}}
DECISION : ALLOW
------------------------------------------------------------
[SEQ 255] [IEEE-BASELINE]
SCORE    : anomaly_score=0.000
DECISION : ALLOW
------------------------------------------------------------
[SEQ 256] [LAYER 0]
CMD      : G1 X170.582 Y119.158 E7.26094
TRUST    : acc_cmd=0.000 | acc_exec=0.000 | trust=0.304
DECISION : PAUSE
MACHINE  : Machine-2
------------------------------------------------------------
[SEQ 256] [STATIC-BASELINE]
CMD      : G1 | effects={'dx': 0.6800000000000068, 'dy': 1.9819999999999993, 'dz': 0.0, 'de': 0.03941000000000017, 'xy_dist': 2.0954054500263206, 'params': {'G': 1.0, 'X': 170.582, 'Y': 119.158, 'E': 7.26094}}
DECISION : ALLOW
------------------------------------------------------------
[SEQ 256] [IEEE-BASELINE]
SCORE    : anomaly_score=0.000
DECISION : ALLOW
------------------------------------------------------------
[SEQ 257] [LAYER 0]
CMD      : G1 X170.551 Y120.91 E7.2939
TRUST    : acc_cmd=0.000 | acc_exec=0.000 | trust=0.470
DECISION : PAUSE
MACHINE  : Machine-2
------------------------------------------------------------
[SEQ 257] [STATIC-BASELINE]
CMD      : G1 | effects={'dx': -0.03100000000000591, 'dy': 1.7519999999999953, 'dz': 0.0, 'de': 0.0329600000000001, 'xy_dist': 1.7522742365280568, 'params': {'G': 1.0, 'X': 170.551, 'Y': 120.91, 'E': 7.2939}}
DECISION : ALLOW
------------------------------------------------------------
[SEQ 257] [IEEE-BASELINE]
SCORE    : anomaly_score=0.000
DECISION : ALLOW
------------------------------------------------------------
[SEQ 258] [LAYER 0]
CMD      : G1 X170.1 Y122.364 E7.32254
TRUST    : acc_cmd=0.000 | acc_exec=0.000 | trust=0.621
DECISION : ALLOW
MACHINE  : Machine-2
------------------------------------------------------------
[SEQ 258] [STATIC-BASELINE]
CMD      : G1 | effects={'dx': -0.4509999999999934, 'dy': 1.4540000000000077, 'dz': 0.0, 'de': 0.02864000000000022, 'xy_dist': 1.522339318286175, 'params': {'G': 1.0, 'X': 170.1, 'Y': 122.364, 'E': 7.32254}}
DECISION : ALLOW
------------------------------------------------------------
[SEQ 258] [IEEE-BASELINE]
SCORE    : anomaly_score=0.000
DECISION : ALLOW
------------------------------------------------------------
[SEQ 259] [LAYER 0]
CMD      : G1 X169.273 Y123.651 E7.35132
TRUST    : acc_cmd=0.000 | acc_exec=0.000 | trust=0.742
DECISION : ALLOW
MACHINE  : Machine-2
------------------------------------------------------------
[SEQ 259] [STATIC-BASELINE]
CMD      : G1 | effects={'dx': -0.8269999999999982, 'dy': 1.286999999999992, 'dz': 0.0, 'de': 0.02878000000000025, 'xy_dist': 1.5298032553240224, 'params': {'G': 1.0, 'X': 169.273, 'Y': 123.651, 'E': 7.35132}}
DECISION : ALLOW
------------------------------------------------------------
[SEQ 259] [IEEE-BASELINE]
SCORE    : anomaly_score=0.000
DECISION : ALLOW
------------------------------------------------------------
[SEQ 260] [LAYER 0]
CMD      : G1 X168.138 Y124.631 E7.37952
TRUST    : acc_cmd=0.000 | acc_exec=0.000 | trust=0.830
DECISION : ALLOW
MACHINE  : Machine-2
------------------------------------------------------------
[SEQ 260] [STATIC-BASELINE]
CMD      : G1 | effects={'dx': -1.134999999999991, 'dy': 0.980000000000004, 'dz': 0.0, 'de': 0.028200000000000003, 'xy_dist': 1.4995415966221102, 'params': {'G': 1.0, 'X': 168.138, 'Y': 124.631, 'E': 7.37952}}
DECISION : ALLOW
------------------------------------------------------------
[SEQ 260] [IEEE-BASELINE]
SCORE    : anomaly_score=0.000
DECISION : ALLOW
------------------------------------------------------------
[SEQ 261] [LAYER 0]
CMD      : G1 X167.187 Y125.161 E7.4
TRUST    : acc_cmd=0.000 | acc_exec=0.000 | trust=0.891
DECISION : ALLOW
MACHINE  : Machine-2
------------------------------------------------------------
[SEQ 261] [STATIC-BASELINE]
CMD      : G1 | effects={'dx': -0.9509999999999934, 'dy': 0.5300000000000011, 'dz': 0.0, 'de': 0.020480000000000054, 'xy_dist': 1.0887152979544232, 'params': {'G': 1.0, 'X': 167.187, 'Y': 125.161, 'E': 7.4}}
DECISION : ALLOW
------------------------------------------------------------
[SEQ 261] [IEEE-BASELINE]
SCORE    : anomaly_score=0.000
DECISION : ALLOW
------------------------------------------------------------
[SEQ 262] [LAYER 0]
CMD      : G1 X165.847 Y125.55 E7.42625
TRUST    : acc_cmd=0.000 | acc_exec=0.000 | trust=0.932
DECISION : ALLOW
MACHINE  : Machine-2
------------------------------------------------------------
[SEQ 262] [STATIC-BASELINE]
CMD      : G1 | effects={'dx': -1.3400000000000034, 'dy': 0.3889999999999958, 'dz': 0.0, 'de': 0.02624999999999922, 'xy_dist': 1.3953211099958338, 'params': {'G': 1.0, 'X': 165.847, 'Y': 125.55, 'E': 7.42625}}
DECISION : ALLOW
------------------------------------------------------------
[SEQ 262] [IEEE-BASELINE]
SCORE    : anomaly_score=0.000
DECISION : ALLOW
------------------------------------------------------------
[SEQ 263] [LAYER 0]
CMD      : M92 E2000
TRUST    : acc_cmd=1.000 | acc_exec=1.000 | trust=0.402
DECISION : PAUSE
MACHINE  : Machine-2
------------------------------------------------------------
[SEQ 263] [STATIC-BASELINE]
CMD      : M92 | effects={'M': 92.0, 'E': 2000.0}
DECISION : BLOCK
------------------------------------------------------------
[SEQ 263] [IEEE-BASELINE]
SCORE    : anomaly_score=0.000
DECISION : ALLOW
------------------------------------------------------------
[SEQ 264] [LAYER 0]
CMD      : G92 E1000
TRUST    : acc_cmd=0.000 | acc_exec=1.000 | trust=0.166
DECISION : PAUSE
MACHINE  : Machine-2
------------------------------------------------------------
[SEQ 264] [STATIC-BASELINE]
CMD      : G92 | effects={'reset': {'G': 92.0, 'E': 1000.0}}
DECISION : BLOCK
------------------------------------------------------------
[SEQ 264] [IEEE-BASELINE]
SCORE    : anomaly_score=0.000
DECISION : ALLOW
------------------------------------------------------------
[SEQ 265] [LAYER 0]
CMD      : G1 X161.177 Y124.161 E7.52059
TRUST    : acc_cmd=0.000 | acc_exec=1.000 | trust=0.068
DECISION : PAUSE
MACHINE  : Machine-2
------------------------------------------------------------
[SEQ 265] [STATIC-BASELINE]
CMD      : G1 | effects={'dx': -4.670000000000016, 'dy': -1.3889999999999958, 'dz': 0.0, 'de': -992.47941, 'xy_dist': 4.872188522625139, 'params': {'G': 1.0, 'X': 161.177, 'Y': 124.161, 'E': 7.52059}}
DECISION : ALLOW
------------------------------------------------------------
[SEQ 265] [IEEE-BASELINE]
SCORE    : anomaly_score=0.000
DECISION : ALLOW
------------------------------------------------------------
[SEQ 266] [LAYER 0]
CMD      : M92 E2000
TRUST    : acc_cmd=1.000 | acc_exec=1.000 | trust=0.028
DECISION : PAUSE
MACHINE  : Machine-2
------------------------------------------------------------
[SEQ 266] [STATIC-BASELINE]
CMD      : M92 | effects={'M': 92.0, 'E': 2000.0}
DECISION : BLOCK
------------------------------------------------------------
[SEQ 266] [IEEE-BASELINE]
SCORE    : anomaly_score=0.000
DECISION : ALLOW
------------------------------------------------------------
[SEQ 267] [LAYER 0]
CMD      : G1 X159.45 Y120.835 E7.59232
TRUST    : acc_cmd=0.000 | acc_exec=0.000 | trust=0.023
DECISION : PAUSE
MACHINE  : Machine-2
------------------------------------------------------------
[SEQ 267] [STATIC-BASELINE]
CMD      : G1 | effects={'dx': -1.7270000000000039, 'dy': -3.3260000000000076, 'dz': 0.0, 'de': 0.07172999999999963, 'xy_dist': 3.747639924005515, 'params': {'G': 1.0, 'X': 159.45, 'Y': 120.835, 'E': 7.59232}}
DECISION : ALLOW
------------------------------------------------------------
[SEQ 267] [IEEE-BASELINE]
SCORE    : anomaly_score=0.000
DECISION : ALLOW
------------------------------------------------------------
[SEQ 268] [LAYER 0]
CMD      : M221 S200
TRUST    : acc_cmd=1.000 | acc_exec=1.000 | trust=0.012
DECISION : PAUSE
MACHINE  : Machine-2
------------------------------------------------------------
[SEQ 268] [STATIC-BASELINE]
CMD      : M221 | effects={'M': 221.0, 'S': 200.0}
DECISION : BLOCK
------------------------------------------------------------
[SEQ 268] [IEEE-BASELINE]
SCORE    : anomaly_score=0.000
DECISION : ALLOW
------------------------------------------------------------
[SEQ 269] [LAYER 0]
CMD      : G92 E1000
TRUST    : acc_cmd=0.000 | acc_exec=1.000 | trust=0.006
DECISION : PAUSE
MACHINE  : Machine-2
------------------------------------------------------------
[SEQ 269] [STATIC-BASELINE]
CMD      : G92 | effects={'reset': {'G': 92.0, 'E': 1000.0}}
DECISION : BLOCK
------------------------------------------------------------
[SEQ 269] [IEEE-BASELINE]
SCORE    : anomaly_score=0.000
DECISION : ALLOW
------------------------------------------------------------
[SEQ 270] [LAYER 0]
CMD      : G1 X160.472 Y116.714 E7.67417
TRUST    : acc_cmd=0.000 | acc_exec=1.000 | trust=0.003
DECISION : PAUSE
MACHINE  : Machine-2
------------------------------------------------------------
[SEQ 270] [STATIC-BASELINE]
CMD      : G1 | effects={'dx': 1.0220000000000198, 'dy': -4.120999999999995, 'dz': 0.0, 'de': -992.32583, 'xy_dist': 4.245836195615652, 'params': {'G': 1.0, 'X': 160.472, 'Y': 116.714, 'E': 7.67417}}
DECISION : ALLOW
------------------------------------------------------------
[SEQ 270] [IEEE-BASELINE]
SCORE    : anomaly_score=0.000
DECISION : ALLOW
------------------------------------------------------------
[SEQ 271] [LAYER 0]
CMD      : G0 F3600 X160.797 Y116.953
TRUST    : acc_cmd=0.000 | acc_exec=0.000 | trust=0.012
DECISION : PAUSE
MACHINE  : Machine-2
------------------------------------------------------------
[SEQ 271] [STATIC-BASELINE]
CMD      : G0 | effects={'dx': 0.32499999999998863, 'dy': 0.23900000000000432, 'dz': 0.0, 'de': 0.0, 'xy_dist': 0.40341789747108975, 'params': {'G': 0.0, 'F': 3600.0, 'X': 160.797, 'Y': 116.953}}
DECISION : ALLOW
------------------------------------------------------------
[SEQ 271] [IEEE-BASELINE]
SCORE    : anomaly_score=0.000
DECISION : ALLOW
------------------------------------------------------------
[SEQ 272] [LAYER 0]
CMD      : G1 F1800 X161.902 Y115.766 E7.70467
TRUST    : acc_cmd=0.000 | acc_exec=0.000 | trust=0.058
DECISION : PAUSE
MACHINE  : Machine-2
------------------------------------------------------------
[SEQ 272] [STATIC-BASELINE]
CMD      : G1 | effects={'dx': 1.1049999999999898, 'dy': -1.1869999999999976, 'dz': 0.0, 'de': 0.03049999999999997, 'xy_dist': 1.6217256241423736, 'params': {'G': 1.0, 'F': 1800.0, 'X': 161.902, 'Y': 115.766, 'E': 7.70467}}
DECISION : ALLOW
------------------------------------------------------------
[SEQ 272] [IEEE-BASELINE]
SCORE    : anomaly_score=0.000
DECISION : ALLOW
------------------------------------------------------------
[SEQ 273] [LAYER 0]
CMD      : G1 X163.269 Y115.12 E7.73311
TRUST    : acc_cmd=0.000 | acc_exec=0.000 | trust=0.164
DECISION : PAUSE
MACHINE  : Machine-2
------------------------------------------------------------
[SEQ 273] [STATIC-BASELINE]
CMD      : G1 | effects={'dx': 1.3670000000000186, 'dy': -0.6460000000000008, 'dz': 0.0, 'de': 0.0284399999999998, 'xy_dist': 1.5119540336928408, 'params': {'G': 1.0, 'X': 163.269, 'Y': 115.12, 'E': 7.73311}}
DECISION : ALLOW
------------------------------------------------------------
[SEQ 273] [IEEE-BASELINE]
SCORE    : anomaly_score=0.000
DECISION : ALLOW
------------------------------------------------------------
[SEQ 274] [LAYER 0]
CMD      : G1 X164.179 Y114.852 E7.75096
TRUST    : acc_cmd=0.000 | acc_exec=0.000 | trust=0.316
DECISION : PAUSE
MACHINE  : Machine-2
------------------------------------------------------------
[SEQ 274] [STATIC-BASELINE]
CMD      : G1 | effects={'dx': 0.9099999999999966, 'dy': -0.2680000000000007, 'dz': 0.0, 'de': 0.017850000000000144, 'xy_dist': 0.9486432416878298, 'params': {'G': 1.0, 'X': 164.179, 'Y': 114.852, 'E': 7.75096}}
DECISION : ALLOW
------------------------------------------------------------
[SEQ 274] [IEEE-BASELINE]
SCORE    : anomaly_score=0.000
DECISION : ALLOW
------------------------------------------------------------
[SEQ 275] [LAYER 0]
CMD      : G1 X165.54 Y114.821 E7.77656
TRUST    : acc_cmd=0.000 | acc_exec=0.000 | trust=0.482
DECISION : PAUSE
MACHINE  : Machine-2
------------------------------------------------------------
[SEQ 275] [STATIC-BASELINE]
CMD      : G1 | effects={'dx': 1.36099999999999, 'dy': -0.03100000000000591, 'dz': 0.0, 'de': 0.025599999999999845, 'xy_dist': 1.3613530034491323, 'params': {'G': 1.0, 'X': 165.54, 'Y': 114.821, 'E': 7.77656}}
DECISION : ALLOW
------------------------------------------------------------
[SEQ 275] [IEEE-BASELINE]
SCORE    : anomaly_score=0.000
DECISION : ALLOW
------------------------------------------------------------
[SEQ 276] [LAYER 0]
CMD      : G1 X166.865 Y115.132 E7.80217
TRUST    : acc_cmd=0.000 | acc_exec=0.000 | trust=0.631
DECISION : ALLOW
MACHINE  : Machine-2
------------------------------------------------------------
[SEQ 276] [STATIC-BASELINE]
CMD      : G1 | effects={'dx': 1.325000000000017, 'dy': 0.31100000000000705, 'dz': 0.0, 'de': 0.025610000000000355, 'xy_dist': 1.3610091843922472, 'params': {'G': 1.0, 'X': 166.865, 'Y': 115.132, 'E': 7.80217}}
DECISION : ALLOW
------------------------------------------------------------
[SEQ 276] [IEEE-BASELINE]
SCORE    : anomaly_score=0.000
DECISION : ALLOW
------------------------------------------------------------
[SEQ 277] [LAYER 0]
CMD      : M221 S200
TRUST    : acc_cmd=1.000 | acc_exec=1.000 | trust=0.277
DECISION : PAUSE
MACHINE  : Machine-2
------------------------------------------------------------
[SEQ 277] [STATIC-BASELINE]
CMD      : M221 | effects={'M': 221.0, 'S': 200.0}
DECISION : BLOCK
------------------------------------------------------------
[SEQ 277] [IEEE-BASELINE]
SCORE    : anomaly_score=0.000
DECISION : ALLOW
------------------------------------------------------------
[SEQ 278] [LAYER 0]
CMD      : M92 E2000
TRUST    : acc_cmd=1.000 | acc_exec=1.000 | trust=0.115
DECISION : PAUSE
MACHINE  : Machine-2
------------------------------------------------------------
[SEQ 278] [STATIC-BASELINE]
CMD      : M92 | effects={'M': 92.0, 'E': 2000.0}
DECISION : BLOCK
------------------------------------------------------------
[SEQ 278] [IEEE-BASELINE]
SCORE    : anomaly_score=0.000
DECISION : ALLOW
------------------------------------------------------------
[SEQ 279] [LAYER 0]
CMD      : M221 S200
TRUST    : acc_cmd=1.000 | acc_exec=1.000 | trust=0.048
DECISION : PAUSE
MACHINE  : Machine-2
------------------------------------------------------------
[SEQ 279] [STATIC-BASELINE]
CMD      : M221 | effects={'M': 221.0, 'S': 200.0}
DECISION : BLOCK
------------------------------------------------------------
[SEQ 279] [IEEE-BASELINE]
SCORE    : anomaly_score=0.000
DECISION : ALLOW
------------------------------------------------------------
[SEQ 280] [LAYER 0]
CMD      : G1 X170.152 Y120.846 E7.93632
TRUST    : acc_cmd=0.000 | acc_exec=0.000 | trust=0.036
DECISION : PAUSE
MACHINE  : Machine-2
------------------------------------------------------------
[SEQ 280] [STATIC-BASELINE]
CMD      : G1 | effects={'dx': 3.2869999999999777, 'dy': 5.713999999999999, 'dz': 0.0, 'de': 0.13415, 'xy_dist': 6.591977320956121, 'params': {'G': 1.0, 'X': 170.152, 'Y': 120.846, 'E': 7.93632}}
DECISION : ALLOW
------------------------------------------------------------
[SEQ 280] [IEEE-BASELINE]
SCORE    : anomaly_score=0.000
DECISION : ALLOW
------------------------------------------------------------
[SEQ 281] [LAYER 0]
CMD      : G1 X169.733 Y122.196 E7.96291
TRUST    : acc_cmd=0.000 | acc_exec=0.000 | trust=0.085
DECISION : PAUSE
MACHINE  : Machine-2
------------------------------------------------------------
[SEQ 281] [STATIC-BASELINE]
CMD      : G1 | effects={'dx': -0.4189999999999827, 'dy': 1.3499999999999943, 'dz': 0.0, 'de': 0.02658999999999967, 'xy_dist': 1.4135278561103668, 'params': {'G': 1.0, 'X': 169.733, 'Y': 122.196, 'E': 7.96291}}
DECISION : ALLOW
------------------------------------------------------------
[SEQ 281] [IEEE-BASELINE]
SCORE    : anomaly_score=0.000
DECISION : ALLOW
------------------------------------------------------------
[SEQ 282] [LAYER 0]
CMD      : G1 X168.97 Y123.383 E7.98945
TRUST    : acc_cmd=0.000 | acc_exec=0.000 | trust=0.200
DECISION : PAUSE
MACHINE  : Machine-2
------------------------------------------------------------
[SEQ 282] [STATIC-BASELINE]
CMD      : G1 | effects={'dx': -0.7630000000000052, 'dy': 1.1869999999999976, 'dz': 0.0, 'de': 0.026539999999999786, 'xy_dist': 1.4110768937233726, 'params': {'G': 1.0, 'X': 168.97, 'Y': 123.383, 'E': 7.98945}}
DECISION : ALLOW
------------------------------------------------------------
[SEQ 282] [IEEE-BASELINE]
SCORE    : anomaly_score=0.000
DECISION : ALLOW
------------------------------------------------------------
[SEQ 283] [LAYER 0]
CMD      : G1 X167.904 Y124.304 E8.01595
TRUST    : acc_cmd=0.000 | acc_exec=0.000 | trust=0.358
DECISION : PAUSE
MACHINE  : Machine-2
------------------------------------------------------------
[SEQ 283] [STATIC-BASELINE]
CMD      : G1 | effects={'dx': -1.0660000000000025, 'dy': 0.9210000000000065, 'dz': 0.0, 'de': 0.026500000000000412, 'xy_dist': 1.4087572537524047, 'params': {'G': 1.0, 'X': 167.904, 'Y': 124.304, 'E': 8.01595}}
DECISION : ALLOW
------------------------------------------------------------
[SEQ 283] [IEEE-BASELINE]
SCORE    : anomaly_score=0.000
DECISION : ALLOW
------------------------------------------------------------
[SEQ 284] [LAYER 0]
CMD      : G1 X167.032 Y124.79 E8.03473
TRUST    : acc_cmd=0.000 | acc_exec=0.000 | trust=0.521
DECISION : ALLOW
MACHINE  : Machine-2
------------------------------------------------------------
[SEQ 284] [STATIC-BASELINE]
CMD      : G1 | effects={'dx': -0.8719999999999857, 'dy': 0.4860000000000042, 'dz': 0.0, 'de': 0.018779999999999575, 'xy_dist': 0.9982885354445272, 'params': {'G': 1.0, 'X': 167.032, 'Y': 124.79, 'E': 8.03473}}
DECISION : ALLOW
------------------------------------------------------------
[SEQ 284] [IEEE-BASELINE]
SCORE    : anomaly_score=0.000
DECISION : ALLOW
------------------------------------------------------------
[SEQ 285] [LAYER 0]
CMD      : G1 X165.788 Y125.151 E8.0591
TRUST    : acc_cmd=0.000 | acc_exec=0.000 | trust=0.663
DECISION : ALLOW
MACHINE  : Machine-2
------------------------------------------------------------
[SEQ 285] [STATIC-BASELINE]
CMD      : G1 | effects={'dx': -1.2439999999999998, 'dy': 0.36099999999999, 'dz': 0.0, 'de': 0.024370000000001113, 'xy_dist': 1.2953211956885413, 'params': {'G': 1.0, 'X': 165.788, 'Y': 125.151, 'E': 8.0591}}
DECISION : ALLOW
------------------------------------------------------------
[SEQ 285] [IEEE-BASELINE]
SCORE    : anomaly_score=0.000
DECISION : ALLOW
------------------------------------------------------------
[SEQ 286] [LAYER 0]
CMD      : G1 X164.272 Y125.18 E8.08762
TRUST    : acc_cmd=0.000 | acc_exec=0.000 | trust=0.773
DECISION : ALLOW
MACHINE  : Machine-2
------------------------------------------------------------
[SEQ 286] [STATIC-BASELINE]
CMD      : G1 | effects={'dx': -1.5160000000000196, 'dy': 0.029000000000010573, 'dz': 0.0, 'de': 0.028519999999998547, 'xy_dist': 1.5162773492999426, 'params': {'G': 1.0, 'X': 164.272, 'Y': 125.18, 'E': 8.08762}}
DECISION : ALLOW
------------------------------------------------------------
[SEQ 286] [IEEE-BASELINE]
SCORE    : anomaly_score=0.000
DECISION : ALLOW
------------------------------------------------------------
[SEQ 287] [LAYER 0]
CMD      : G92 E1000
TRUST    : acc_cmd=0.000 | acc_exec=1.000 | trust=0.336
DECISION : PAUSE
MACHINE  : Machine-2
------------------------------------------------------------
[SEQ 287] [STATIC-BASELINE]
CMD      : G92 | effects={'reset': {'G': 92.0, 'E': 1000.0}}
DECISION : BLOCK
------------------------------------------------------------
[SEQ 287] [IEEE-BASELINE]
SCORE    : anomaly_score=0.000
DECISION : ALLOW
------------------------------------------------------------
[SEQ 288] [LAYER 0]
CMD      : G1 X161.451 Y123.86 E8.14673
TRUST    : acc_cmd=0.000 | acc_exec=1.000 | trust=0.139
DECISION : PAUSE
MACHINE  : Machine-2
------------------------------------------------------------
[SEQ 288] [STATIC-BASELINE]
CMD      : G1 | effects={'dx': -2.820999999999998, 'dy': -1.3200000000000074, 'dz': 0.0, 'de': -991.85327, 'xy_dist': 3.1145530979580376, 'params': {'G': 1.0, 'X': 161.451, 'Y': 123.86, 'E': 8.14673}}
DECISION : ALLOW
------------------------------------------------------------
[SEQ 288] [IEEE-BASELINE]
SCORE    : anomaly_score=0.000
DECISION : ALLOW
------------------------------------------------------------
[SEQ 289] [LAYER 0]
CMD      : M221 S200
TRUST    : acc_cmd=1.000 | acc_exec=1.000 | trust=0.057
DECISION : PAUSE
MACHINE  : Machine-2
------------------------------------------------------------
[SEQ 289] [STATIC-BASELINE]
CMD      : M221 | effects={'M': 221.0, 'S': 200.0}
DECISION : BLOCK
------------------------------------------------------------
[SEQ 289] [IEEE-BASELINE]
SCORE    : anomaly_score=0.000
DECISION : ALLOW
------------------------------------------------------------
[SEQ 290] [LAYER 0]
CMD      : G1 X159.849 Y120.776 E8.21324
TRUST    : acc_cmd=0.000 | acc_exec=0.000 | trust=0.040
DECISION : PAUSE
MACHINE  : Machine-2
------------------------------------------------------------
[SEQ 290] [STATIC-BASELINE]
CMD      : G1 | effects={'dx': -1.6020000000000039, 'dy': -3.084000000000003, 'dz': 0.0, 'de': 0.06651000000000096, 'xy_dist': 3.475264018747357, 'params': {'G': 1.0, 'X': 159.849, 'Y': 120.776, 'E': 8.21324}}
DECISION : ALLOW
------------------------------------------------------------
[SEQ 290] [IEEE-BASELINE]
SCORE    : anomaly_score=0.000
DECISION : ALLOW
------------------------------------------------------------
[SEQ 291] [LAYER 0]
CMD      : M221 S200
TRUST    : acc_cmd=1.000 | acc_exec=1.000 | trust=0.020
DECISION : PAUSE
MACHINE  : Machine-2
------------------------------------------------------------
[SEQ 291] [STATIC-BASELINE]
CMD      : M221 | effects={'M': 221.0, 'S': 200.0}
DECISION : BLOCK
------------------------------------------------------------
[SEQ 291] [IEEE-BASELINE]
SCORE    : anomaly_score=0.000
DECISION : ALLOW
------------------------------------------------------------
[SEQ 292] [LAYER 0]
CMD      : M92 E2000
TRUST    : acc_cmd=1.000 | acc_exec=1.000 | trust=0.009
DECISION : PAUSE
MACHINE  : Machine-2
------------------------------------------------------------
[SEQ 292] [STATIC-BASELINE]
CMD      : M92 | effects={'M': 92.0, 'E': 2000.0}
DECISION : BLOCK
------------------------------------------------------------
[SEQ 292] [IEEE-BASELINE]
SCORE    : anomaly_score=0.000
DECISION : ALLOW
------------------------------------------------------------
[SEQ 293] [LAYER 0]
CMD      : G1 X160.797 Y116.953 E8.28917
TRUST    : acc_cmd=0.000 | acc_exec=0.000 | trust=0.019
DECISION : PAUSE
MACHINE  : Machine-2
------------------------------------------------------------
[SEQ 293] [STATIC-BASELINE]
CMD      : G1 | effects={'dx': 0.9480000000000075, 'dy': -3.8229999999999933, 'dz': 0.0, 'de': 0.07592999999999961, 'xy_dist': 3.9387857265913775, 'params': {'G': 1.0, 'X': 160.797, 'Y': 116.953, 'E': 8.28917}}
DECISION : ALLOW
------------------------------------------------------------
[SEQ 293] [IEEE-BASELINE]
SCORE    : anomaly_score=0.000
DECISION : ALLOW
------------------------------------------------------------
[SEQ 294] [LAYER 0]
CMD      : G0 F3600 X161.122 Y117.192
TRUST    : acc_cmd=0.000 | acc_exec=0.000 | trust=0.075
DECISION : PAUSE
MACHINE  : Machine-2
------------------------------------------------------------
[SEQ 294] [STATIC-BASELINE]
CMD      : G0 | effects={'dx': 0.32500000000001705, 'dy': 0.2389999999999901, 'dz': 0.0, 'de': 0.0, 'xy_dist': 0.40341789747110424, 'params': {'G': 0.0, 'F': 3600.0, 'X': 161.122, 'Y': 117.192}}
DECISION : ALLOW
------------------------------------------------------------
[SEQ 294] [IEEE-BASELINE]
SCORE    : anomaly_score=0.000
DECISION : ALLOW
------------------------------------------------------------
[SEQ 295] [LAYER 0]
CMD      : G1 F1800 X162.144 Y116.094 E8.31739
TRUST    : acc_cmd=0.000 | acc_exec=0.000 | trust=0.191
DECISION : PAUSE
MACHINE  : Machine-2
------------------------------------------------------------
[SEQ 295] [STATIC-BASELINE]
CMD      : G1 | effects={'dx': 1.0219999999999914, 'dy': -1.097999999999999, 'dz': 0.0, 'de': 0.028219999999999246, 'xy_dist': 1.5000293330465175, 'params': {'G': 1.0, 'F': 1800.0, 'X': 162.144, 'Y': 116.094, 'E': 8.31739}}
DECISION : ALLOW
------------------------------------------------------------
[SEQ 295] [IEEE-BASELINE]
SCORE    : anomaly_score=0.000
DECISION : ALLOW
------------------------------------------------------------
[SEQ 296] [LAYER 0]
CMD      : G1 X163.382 Y115.504 E8.34319
TRUST    : acc_cmd=0.000 | acc_exec=0.000 | trust=0.350
DECISION : PAUSE
MACHINE  : Machine-2
------------------------------------------------------------
[SEQ 296] [STATIC-BASELINE]
CMD      : G1 | effects={'dx': 1.2379999999999995, 'dy': -0.5899999999999892, 'dz': 0.0, 'de': 0.025800000000000267, 'xy_dist': 1.371402202127438, 'params': {'G': 1.0, 'X': 163.382, 'Y': 115.504, 'E': 8.34319}}
DECISION : ALLOW
------------------------------------------------------------
[SEQ 296] [IEEE-BASELINE]
SCORE    : anomaly_score=0.000
DECISION : ALLOW
------------------------------------------------------------
[SEQ 297] [LAYER 0]
CMD      : G1 X164.242 Y115.251 E8.36005
TRUST    : acc_cmd=0.000 | acc_exec=0.000 | trust=0.514
DECISION : ALLOW
MACHINE  : Machine-2
------------------------------------------------------------
[SEQ 297] [STATIC-BASELINE]
CMD      : G1 | effects={'dx': 0.8599999999999852, 'dy': -0.2530000000000001, 'dz': 0.0, 'de': 0.01685999999999943, 'xy_dist': 0.8964424130974475, 'params': {'G': 1.0, 'X': 164.242, 'Y': 115.251, 'E': 8.36005}}
DECISION : ALLOW
------------------------------------------------------------
[SEQ 297] [IEEE-BASELINE]
SCORE    : anomaly_score=0.000
DECISION : ALLOW
------------------------------------------------------------
[SEQ 298] [LAYER 0]
CMD      : M221 S200
TRUST    : acc_cmd=1.000 | acc_exec=1.000 | trust=0.228
DECISION : PAUSE
MACHINE  : Machine-2
------------------------------------------------------------
[SEQ 298] [STATIC-BASELINE]
CMD      : M221 | effects={'M': 221.0, 'S': 200.0}
DECISION : BLOCK
------------------------------------------------------------
[SEQ 298] [IEEE-BASELINE]
SCORE    : anomaly_score=0.000
DECISION : ALLOW
------------------------------------------------------------
[SEQ 299] [LAYER 0]
CMD      : M92 E2000
TRUST    : acc_cmd=1.000 | acc_exec=1.000 | trust=0.095
DECISION : PAUSE
MACHINE  : Machine-2
------------------------------------------------------------
[SEQ 299] [STATIC-BASELINE]
CMD      : M92 | effects={'M': 92.0, 'E': 2000.0}
DECISION : BLOCK
------------------------------------------------------------
[SEQ 299] [IEEE-BASELINE]
SCORE    : anomaly_score=0.000
DECISION : ALLOW
------------------------------------------------------------
[SEQ 300] [LAYER 0]
CMD      : G1 X168.017 Y116.209 E8.43502
TRUST    : acc_cmd=0.000 | acc_exec=0.000 | trust=0.069
DECISION : PAUSE
MACHINE  : Machine-2
------------------------------------------------------------
[SEQ 300] [STATIC-BASELINE]
CMD      : G1 | effects={'dx': 3.7750000000000057, 'dy': 0.9579999999999984, 'dz': 0.0, 'de': 0.07497000000000043, 'xy_dist': 3.8946616027583243, 'params': {'G': 1.0, 'X': 168.017, 'Y': 116.209, 'E': 8.43502}}
DECISION : ALLOW
------------------------------------------------------------
[SEQ 300] [IEEE-BASELINE]
SCORE    : anomaly_score=0.000
DECISION : ALLOW
------------------------------------------------------------
[SEQ 301] [LAYER 0]
CMD      : M92 E2000
TRUST    : acc_cmd=1.000 | acc_exec=1.000 | trust=0.032
DECISION : PAUSE
MACHINE  : Machine-2
------------------------------------------------------------
[SEQ 301] [STATIC-BASELINE]
CMD      : M92 | effects={'M': 92.0, 'E': 2000.0}
DECISION : BLOCK
------------------------------------------------------------
[SEQ 301] [IEEE-BASELINE]
SCORE    : anomaly_score=0.000
DECISION : ALLOW
------------------------------------------------------------
[SEQ 302] [LAYER 0]
CMD      : G1 X169.78 Y119.282 E8.50287
TRUST    : acc_cmd=0.000 | acc_exec=0.000 | trust=0.047
DECISION : PAUSE
MACHINE  : Machine-2
------------------------------------------------------------
[SEQ 302] [STATIC-BASELINE]
CMD      : G1 | effects={'dx': 1.7630000000000052, 'dy': 3.0729999999999933, 'dz': 0.0, 'de': 0.06784999999999997, 'xy_dist': 3.5428093372350675, 'params': {'G': 1.0, 'X': 169.78, 'Y': 119.282, 'E': 8.50287}}
DECISION : ALLOW
------------------------------------------------------------
[SEQ 302] [IEEE-BASELINE]
SCORE    : anomaly_score=0.000
DECISION : ALLOW
------------------------------------------------------------
[SEQ 303] [LAYER 0]
CMD      : M221 S200
TRUST    : acc_cmd=1.000 | acc_exec=1.000 | trust=0.024
DECISION : PAUSE
MACHINE  : Machine-2
------------------------------------------------------------
[SEQ 303] [STATIC-BASELINE]
CMD      : M221 | effects={'M': 221.0, 'S': 200.0}
DECISION : BLOCK
------------------------------------------------------------
[SEQ 303] [IEEE-BASELINE]
SCORE    : anomaly_score=0.000
DECISION : ALLOW
------------------------------------------------------------
[SEQ 304] [LAYER 0]
CMD      : G1 X169.367 Y122.025 E8.55558
TRUST    : acc_cmd=0.000 | acc_exec=0.000 | trust=0.045
DECISION : PAUSE
MACHINE  : Machine-2
------------------------------------------------------------
[SEQ 304] [STATIC-BASELINE]
CMD      : G1 | effects={'dx': -0.4130000000000109, 'dy': 2.743000000000009, 'dz': 0.0, 'de': 0.052710000000001145, 'xy_dist': 2.773917446500537, 'params': {'G': 1.0, 'X': 169.367, 'Y': 122.025, 'E': 8.55558}}
DECISION : ALLOW
------------------------------------------------------------
[SEQ 304] [IEEE-BASELINE]
SCORE    : anomaly_score=0.000
DECISION : ALLOW
------------------------------------------------------------
[SEQ 305] [LAYER 0]
CMD      : G1 X168.664 Y123.119 E8.58004
TRUST    : acc_cmd=0.000 | acc_exec=0.000 | trust=0.127
DECISION : PAUSE
MACHINE  : Machine-2
------------------------------------------------------------
[SEQ 305] [STATIC-BASELINE]
CMD      : G1 | effects={'dx': -0.703000000000003, 'dy': 1.093999999999994, 'dz': 0.0, 'de': 0.024459999999999482, 'xy_dist': 1.3004018609645218, 'params': {'G': 1.0, 'X': 168.664, 'Y': 123.119, 'E': 8.58004}}
DECISION : ALLOW
------------------------------------------------------------
[SEQ 305] [IEEE-BASELINE]
SCORE    : anomaly_score=0.000
DECISION : ALLOW
------------------------------------------------------------
[SEQ 306] [LAYER 0]
CMD      : G1 X167.673 Y123.975 E8.60467
TRUST    : acc_cmd=0.000 | acc_exec=0.000 | trust=0.267
DECISION : PAUSE
MACHINE  : Machine-2
------------------------------------------------------------
[SEQ 306] [STATIC-BASELINE]
CMD      : G1 | effects={'dx': -0.9909999999999854, 'dy': 0.8559999999999945, 'dz': 0.0, 'de': 0.024630000000000152, 'xy_dist': 1.3095102137822223, 'params': {'G': 1.0, 'X': 167.673, 'Y': 123.975, 'E': 8.60467}}
DECISION : ALLOW
------------------------------------------------------------
[SEQ 306] [IEEE-BASELINE]
SCORE    : anomaly_score=0.000
DECISION : ALLOW
------------------------------------------------------------
[SEQ 307] [LAYER 0]
CMD      : G1 X166.877 Y124.419 E8.62181
TRUST    : acc_cmd=0.000 | acc_exec=0.000 | trust=0.432
DECISION : PAUSE
MACHINE  : Machine-2
------------------------------------------------------------
[SEQ 307] [STATIC-BASELINE]
CMD      : G1 | effects={'dx': -0.7959999999999923, 'dy': 0.4440000000000026, 'dz': 0.0, 'de': 0.01713999999999949, 'xy_dist': 0.9114559780921896, 'params': {'G': 1.0, 'X': 166.877, 'Y': 124.419, 'E': 8.62181}}
DECISION : ALLOW
------------------------------------------------------------
[SEQ 307] [IEEE-BASELINE]
SCORE    : anomaly_score=0.000
DECISION : ALLOW
------------------------------------------------------------
[SEQ 308] [LAYER 0]
CMD      : M221 S200
TRUST    : acc_cmd=1.000 | acc_exec=1.000 | trust=0.194
DECISION : PAUSE
MACHINE  : Machine-2
------------------------------------------------------------
[SEQ 308] [STATIC-BASELINE]
CMD      : M221 | effects={'M': 221.0, 'S': 200.0}
DECISION : BLOCK
------------------------------------------------------------
[SEQ 308] [IEEE-BASELINE]
SCORE    : anomaly_score=0.000
DECISION : ALLOW
------------------------------------------------------------
[SEQ 309] [LAYER 0]
CMD      : G1 X164.328 Y124.779 E8.67066
TRUST    : acc_cmd=0.000 | acc_exec=0.000 | trust=0.157
DECISION : PAUSE
MACHINE  : Machine-2
------------------------------------------------------------
[SEQ 309] [STATIC-BASELINE]
CMD      : G1 | effects={'dx': -2.5490000000000066, 'dy': 0.35999999999999943, 'dz': 0.0, 'de': 0.04884999999999984, 'xy_dist': 2.5742962145021373, 'params': {'G': 1.0, 'X': 164.328, 'Y': 124.779, 'E': 8.67066}}
DECISION : ALLOW
------------------------------------------------------------
[SEQ 309] [IEEE-BASELINE]
SCORE    : anomaly_score=0.000
DECISION : ALLOW
------------------------------------------------------------
[SEQ 310] [LAYER 0]
CMD      : G1 X162.995 Y124.367 E8.6969
TRUST    : acc_cmd=0.000 | acc_exec=0.000 | trust=0.241
DECISION : PAUSE
MACHINE  : Machine-2
------------------------------------------------------------
[SEQ 310] [STATIC-BASELINE]
CMD      : G1 | effects={'dx': -1.3329999999999984, 'dy': -0.41199999999999193, 'dz': 0.0, 'de': 0.026239999999999597, 'xy_dist': 1.3952179041282367, 'params': {'G': 1.0, 'X': 162.995, 'Y': 124.367, 'E': 8.6969}}
DECISION : ALLOW
------------------------------------------------------------
[SEQ 310] [IEEE-BASELINE]
SCORE    : anomaly_score=0.000
DECISION : ALLOW
------------------------------------------------------------
[SEQ 311] [LAYER 0]
CMD      : G1 X161.726 Y123.561 E8.72518
TRUST    : acc_cmd=0.000 | acc_exec=0.000 | trust=0.386
DECISION : PAUSE
MACHINE  : Machine-2
------------------------------------------------------------
[SEQ 311] [STATIC-BASELINE]
CMD      : G1 | effects={'dx': -1.2690000000000055, 'dy': -0.8059999999999974, 'dz': 0.0, 'de': 0.028280000000000527, 'xy_dist': 1.503328640051805, 'params': {'G': 1.0, 'X': 161.726, 'Y': 123.561, 'E': 8.72518}}
DECISION : ALLOW
------------------------------------------------------------
[SEQ 311] [IEEE-BASELINE]
SCORE    : anomaly_score=0.000
DECISION : ALLOW
------------------------------------------------------------
[SEQ 312] [LAYER 0]
CMD      : M92 E2000
TRUST    : acc_cmd=1.000 | acc_exec=1.000 | trust=0.174
DECISION : PAUSE
MACHINE  : Machine-2
------------------------------------------------------------
[SEQ 312] [STATIC-BASELINE]
CMD      : M92 | effects={'M': 92.0, 'E': 2000.0}
DECISION : BLOCK
------------------------------------------------------------
[SEQ 312] [IEEE-BASELINE]
SCORE    : anomaly_score=0.000
DECISION : ALLOW
------------------------------------------------------------
[SEQ 313] [LAYER 0]
CMD      : G92 E1000
TRUST    : acc_cmd=0.000 | acc_exec=1.000 | trust=0.073
DECISION : PAUSE
MACHINE  : Machine-2
------------------------------------------------------------
[SEQ 313] [STATIC-BASELINE]
CMD      : G92 | effects={'reset': {'G': 92.0, 'E': 1000.0}}
DECISION : BLOCK
------------------------------------------------------------
[SEQ 313] [IEEE-BASELINE]
SCORE    : anomaly_score=0.000
DECISION : ALLOW
------------------------------------------------------------
[SEQ 314] [LAYER 0]
CMD      : M92 E2000
TRUST    : acc_cmd=1.000 | acc_exec=1.000 | trust=0.031
DECISION : PAUSE
MACHINE  : Machine-2
------------------------------------------------------------
[SEQ 314] [STATIC-BASELINE]
CMD      : M92 | effects={'M': 92.0, 'E': 2000.0}
DECISION : BLOCK
------------------------------------------------------------
[SEQ 314] [IEEE-BASELINE]
SCORE    : anomaly_score=0.000
DECISION : ALLOW
------------------------------------------------------------
[SEQ 315] [LAYER 0]
CMD      : G1 X160.691 Y117.95 E8.84014
TRUST    : acc_cmd=0.000 | acc_exec=1.000 | trust=0.013
DECISION : PAUSE
MACHINE  : Machine-2
------------------------------------------------------------
[SEQ 315] [STATIC-BASELINE]
CMD      : G1 | effects={'dx': -1.0349999999999966, 'dy': -5.611000000000004, 'dz': 0.0, 'de': -991.15986, 'xy_dist': 5.705659120557417, 'params': {'G': 1.0, 'X': 160.691, 'Y': 117.95, 'E': 8.84014}}
DECISION : ALLOW
------------------------------------------------------------
[SEQ 315] [IEEE-BASELINE]
SCORE    : anomaly_score=0.000
DECISION : ALLOW
------------------------------------------------------------
[SEQ 316] [LAYER 0]
CMD      : M221 S200
TRUST    : acc_cmd=1.000 | acc_exec=1.000 | trust=0.006
DECISION : PAUSE
MACHINE  : Machine-2
------------------------------------------------------------
[SEQ 316] [STATIC-BASELINE]
CMD      : M221 | effects={'M': 221.0, 'S': 200.0}
DECISION : BLOCK
------------------------------------------------------------
[SEQ 316] [IEEE-BASELINE]
SCORE    : anomaly_score=0.000
DECISION : ALLOW
------------------------------------------------------------
[SEQ 317] [LAYER 0]
CMD      : M221 S200
TRUST    : acc_cmd=1.000 | acc_exec=1.000 | trust=0.003
DECISION : PAUSE
MACHINE  : Machine-2
------------------------------------------------------------
[SEQ 317] [STATIC-BASELINE]
CMD      : M221 | effects={'M': 221.0, 'S': 200.0}
DECISION : BLOCK
------------------------------------------------------------
[SEQ 317] [IEEE-BASELINE]
SCORE    : anomaly_score=0.000
DECISION : ALLOW
------------------------------------------------------------
[SEQ 318] [LAYER 0]
CMD      : G1 F1800 X162.387 Y116.421 E8.88249
TRUST    : acc_cmd=0.000 | acc_exec=0.000 | trust=0.009
DECISION : PAUSE
MACHINE  : Machine-2
------------------------------------------------------------
[SEQ 318] [STATIC-BASELINE]
CMD      : G1 | effects={'dx': 1.695999999999998, 'dy': -1.5289999999999964, 'dz': 0.0, 'de': 0.042350000000000776, 'xy_dist': 2.2834747644762756, 'params': {'G': 1.0, 'F': 1800.0, 'X': 162.387, 'Y': 116.421, 'E': 8.88249}}
DECISION : ALLOW
------------------------------------------------------------
[SEQ 318] [IEEE-BASELINE]
SCORE    : anomaly_score=0.000
DECISION : ALLOW
------------------------------------------------------------
[SEQ 319] [LAYER 0]
CMD      : G92 E1000
TRUST    : acc_cmd=0.000 | acc_exec=1.000 | trust=0.006
DECISION : PAUSE
MACHINE  : Machine-2
------------------------------------------------------------
[SEQ 319] [STATIC-BASELINE]
CMD      : G92 | effects={'reset': {'G': 92.0, 'E': 1000.0}}
DECISION : BLOCK
------------------------------------------------------------
[SEQ 319] [IEEE-BASELINE]
SCORE    : anomaly_score=0.000
DECISION : ALLOW
------------------------------------------------------------
[SEQ 320] [LAYER 0]
CMD      : G1 X164.305 Y115.65 E8.9215
TRUST    : acc_cmd=0.000 | acc_exec=1.000 | trust=0.003
DECISION : PAUSE
MACHINE  : Machine-2
------------------------------------------------------------
[SEQ 320] [STATIC-BASELINE]
CMD      : G1 | effects={'dx': 1.9180000000000064, 'dy': -0.7710000000000008, 'dz': 0.0, 'de': -991.0785, 'xy_dist': 2.067163515544918, 'params': {'G': 1.0, 'X': 164.305, 'Y': 115.65, 'E': 8.9215}}
DECISION : ALLOW
------------------------------------------------------------
[SEQ 320] [IEEE-BASELINE]
SCORE    : anomaly_score=0.000
DECISION : ALLOW
------------------------------------------------------------
[SEQ 321] [LAYER 0]
CMD      : G1 X165.461 Y115.623 E8.94325
TRUST    : acc_cmd=0.000 | acc_exec=0.000 | trust=0.015
DECISION : PAUSE
MACHINE  : Machine-2
------------------------------------------------------------
[SEQ 321] [STATIC-BASELINE]
CMD      : G1 | effects={'dx': 1.156000000000006, 'dy': -0.027000000000001023, 'dz': 0.0, 'de': 0.021750000000000824, 'xy_dist': 1.156315268428128, 'params': {'G': 1.0, 'X': 165.461, 'Y': 115.623, 'E': 8.94325}}
DECISION : ALLOW
------------------------------------------------------------
[SEQ 321] [IEEE-BASELINE]
SCORE    : anomaly_score=0.000
DECISION : ALLOW
------------------------------------------------------------
[SEQ 322] [LAYER 0]
CMD      : M221 S200
TRUST    : acc_cmd=1.000 | acc_exec=1.000 | trust=0.009
DECISION : PAUSE
MACHINE  : Machine-2
------------------------------------------------------------
[SEQ 322] [STATIC-BASELINE]
CMD      : M221 | effects={'M': 221.0, 'S': 200.0}
DECISION : BLOCK
------------------------------------------------------------
[SEQ 322] [IEEE-BASELINE]
SCORE    : anomaly_score=0.000
DECISION : ALLOW
------------------------------------------------------------
[SEQ 323] [LAYER 0]
CMD      : G1 X167.762 Y116.526 E8.99016
TRUST    : acc_cmd=0.000 | acc_exec=0.000 | trust=0.029
DECISION : PAUSE
MACHINE  : Machine-2
------------------------------------------------------------
[SEQ 323] [STATIC-BASELINE]
CMD      : G1 | effects={'dx': 2.3009999999999877, 'dy': 0.9029999999999916, 'dz': 0.0, 'de': 0.046909999999998675, 'xy_dist': 2.471843441644298, 'params': {'G': 1.0, 'X': 167.762, 'Y': 116.526, 'E': 8.99016}}
DECISION : ALLOW
------------------------------------------------------------
[SEQ 323] [IEEE-BASELINE]
SCORE    : anomaly_score=0.000
DECISION : ALLOW
------------------------------------------------------------
[SEQ 324] [LAYER 0]
CMD      : G1 X168.844 Y117.787 E9.02141
TRUST    : acc_cmd=0.000 | acc_exec=0.000 | trust=0.101
DECISION : PAUSE
MACHINE  : Machine-2
------------------------------------------------------------
[SEQ 324] [STATIC-BASELINE]
CMD      : G1 | effects={'dx': 1.0819999999999936, 'dy': 1.26100000000001, 'dz': 0.0, 'de': 0.03125, 'xy_dist': 1.6615790682359992, 'params': {'G': 1.0, 'X': 168.844, 'Y': 117.787, 'E': 9.02141}}
DECISION : ALLOW
------------------------------------------------------------
[SEQ 324] [IEEE-BASELINE]
SCORE    : anomaly_score=0.000
DECISION : ALLOW
------------------------------------------------------------
[SEQ 325] [LAYER 0]
CMD      : G1 X169.379 Y119.344 E9.05238
TRUST    : acc_cmd=0.000 | acc_exec=0.000 | trust=0.232
DECISION : PAUSE
MACHINE  : Machine-2
------------------------------------------------------------
[SEQ 325] [STATIC-BASELINE]
CMD      : G1 | effects={'dx': 0.5349999999999966, 'dy': 1.556999999999988, 'dz': 0.0, 'de': 0.030969999999999942, 'xy_dist': 1.6463517242679218, 'params': {'G': 1.0, 'X': 169.379, 'Y': 119.344, 'E': 9.05238}}
DECISION : ALLOW
------------------------------------------------------------
[SEQ 325] [IEEE-BASELINE]
SCORE    : anomaly_score=0.000
DECISION : ALLOW
------------------------------------------------------------
[SEQ 326] [LAYER 0]
CMD      : M221 S200
TRUST    : acc_cmd=1.000 | acc_exec=1.000 | trust=0.108
DECISION : PAUSE
MACHINE  : Machine-2
------------------------------------------------------------
[SEQ 326] [STATIC-BASELINE]
CMD      : M221 | effects={'M': 221.0, 'S': 200.0}
DECISION : BLOCK
------------------------------------------------------------
[SEQ 326] [IEEE-BASELINE]
SCORE    : anomaly_score=0.000
DECISION : ALLOW
------------------------------------------------------------
[SEQ 327] [LAYER 0]
CMD      : G1 X169.001 Y121.854 E9.10061
TRUST    : acc_cmd=0.000 | acc_exec=0.000 | trust=0.109
DECISION : PAUSE
MACHINE  : Machine-2
------------------------------------------------------------
[SEQ 327] [STATIC-BASELINE]
CMD      : G1 | effects={'dx': -0.3779999999999859, 'dy': 2.510000000000005, 'dz': 0.0, 'de': 0.04823000000000022, 'xy_dist': 2.5383033703637583, 'params': {'G': 1.0, 'X': 169.001, 'Y': 121.854, 'E': 9.10061}}
DECISION : ALLOW
------------------------------------------------------------
[SEQ 327] [IEEE-BASELINE]
SCORE    : anomaly_score=0.000
DECISION : ALLOW
------------------------------------------------------------
[SEQ 328] [LAYER 0]
CMD      : G1 X168.358 Y122.855 E9.12299
TRUST    : acc_cmd=0.000 | acc_exec=0.000 | trust=0.203
DECISION : PAUSE
MACHINE  : Machine-2
------------------------------------------------------------
[SEQ 328] [STATIC-BASELINE]
CMD      : G1 | effects={'dx': -0.6430000000000007, 'dy': 1.0010000000000048, 'dz': 0.0, 'de': 0.022380000000000067, 'xy_dist': 1.1897268594093395, 'params': {'G': 1.0, 'X': 168.358, 'Y': 122.855, 'E': 9.12299}}
DECISION : ALLOW
------------------------------------------------------------
[SEQ 328] [IEEE-BASELINE]
SCORE    : anomaly_score=0.000
DECISION : ALLOW
------------------------------------------------------------
[SEQ 329] [LAYER 0]
CMD      : G1 X167.442 Y123.646 E9.14575
TRUST    : acc_cmd=0.000 | acc_exec=0.000 | trust=0.352
DECISION : PAUSE
MACHINE  : Machine-2
------------------------------------------------------------
[SEQ 329] [STATIC-BASELINE]
CMD      : G1 | effects={'dx': -0.9159999999999968, 'dy': 0.7909999999999968, 'dz': 0.0, 'de': 0.02275999999999989, 'xy_dist': 1.2102631945159652, 'params': {'G': 1.0, 'X': 167.442, 'Y': 123.646, 'E': 9.14575}}
DECISION : ALLOW
------------------------------------------------------------
[SEQ 329] [IEEE-BASELINE]
SCORE    : anomaly_score=0.000
DECISION : ALLOW
------------------------------------------------------------
[SEQ 330] [LAYER 0]
CMD      : M92 E2000
TRUST    : acc_cmd=1.000 | acc_exec=1.000 | trust=0.159
DECISION : PAUSE
MACHINE  : Machine-2
------------------------------------------------------------
[SEQ 330] [STATIC-BASELINE]
CMD      : M92 | effects={'M': 92.0, 'E': 2000.0}
DECISION : BLOCK
------------------------------------------------------------
[SEQ 330] [IEEE-BASELINE]
SCORE    : anomaly_score=0.000
DECISION : ALLOW
------------------------------------------------------------
[SEQ 331] [LAYER 0]
CMD      : G1 X165.669 Y124.353 E9.18189
TRUST    : acc_cmd=0.000 | acc_exec=0.000 | trust=0.138
DECISION : PAUSE
MACHINE  : Machine-2
------------------------------------------------------------
[SEQ 331] [STATIC-BASELINE]
CMD      : G1 | effects={'dx': -1.7729999999999961, 'dy': 0.7069999999999936, 'dz': 0.0, 'de': 0.03613999999999962, 'xy_dist': 1.908763474084722, 'params': {'G': 1.0, 'X': 165.669, 'Y': 124.353, 'E': 9.18189}}
DECISION : ALLOW
------------------------------------------------------------
[SEQ 331] [IEEE-BASELINE]
SCORE    : anomaly_score=0.000
DECISION : ALLOW
------------------------------------------------------------
[SEQ 332] [LAYER 0]
CMD      : G1 X164.384 Y124.378 E9.20606
TRUST    : acc_cmd=0.000 | acc_exec=0.000 | trust=0.227
DECISION : PAUSE
MACHINE  : Machine-2
------------------------------------------------------------
[SEQ 332] [STATIC-BASELINE]
CMD      : G1 | effects={'dx': -1.285000000000025, 'dy': 0.025000000000005684, 'dz': 0.0, 'de': 0.02417000000000158, 'xy_dist': 1.285243167653524, 'params': {'G': 1.0, 'X': 164.384, 'Y': 124.378, 'E': 9.20606}}
DECISION : ALLOW
------------------------------------------------------------
[SEQ 332] [IEEE-BASELINE]
SCORE    : anomaly_score=0.000
DECISION : ALLOW
------------------------------------------------------------
[SEQ 333] [LAYER 0]
CMD      : G1 X163.165 Y124.001 E9.23006
TRUST    : acc_cmd=0.000 | acc_exec=0.000 | trust=0.374
DECISION : PAUSE
MACHINE  : Machine-2
------------------------------------------------------------
[SEQ 333] [STATIC-BASELINE]
CMD      : G1 | effects={'dx': -1.218999999999994, 'dy': -0.37699999999999534, 'dz': 0.0, 'de': 0.023999999999999133, 'xy_dist': 1.2759663004954254, 'params': {'G': 1.0, 'X': 163.165, 'Y': 124.001, 'E': 9.23006}}
DECISION : ALLOW
------------------------------------------------------------
[SEQ 333] [IEEE-BASELINE]
SCORE    : anomaly_score=0.000
DECISION : ALLOW
------------------------------------------------------------
[SEQ 334] [LAYER 0]
CMD      : G1 X162.001 Y123.262 E9.256
TRUST    : acc_cmd=0.000 | acc_exec=0.000 | trust=0.532
DECISION : ALLOW
MACHINE  : Machine-2
------------------------------------------------------------
[SEQ 334] [STATIC-BASELINE]
CMD      : G1 | effects={'dx': -1.1639999999999873, 'dy': -0.7390000000000043, 'dz': 0.0, 'de': 0.025940000000000296, 'xy_dist': 1.378773730530132, 'params': {'G': 1.0, 'X': 162.001, 'Y': 123.262, 'E': 9.256}}
DECISION : ALLOW
------------------------------------------------------------
[SEQ 334] [IEEE-BASELINE]
SCORE    : anomaly_score=0.000
DECISION : ALLOW
------------------------------------------------------------
[SEQ 335] [LAYER 0]
CMD      : M92 E2000
TRUST    : acc_cmd=1.000 | acc_exec=1.000 | trust=0.236
DECISION : PAUSE
MACHINE  : Machine-2
------------------------------------------------------------
[SEQ 335] [STATIC-BASELINE]
CMD      : M92 | effects={'M': 92.0, 'E': 2000.0}
DECISION : BLOCK
------------------------------------------------------------
[SEQ 335] [IEEE-BASELINE]
SCORE    : anomaly_score=0.000
DECISION : ALLOW
------------------------------------------------------------
[SEQ 336] [LAYER 0]
CMD      : G1 X160.647 Y120.658 E9.31217
TRUST    : acc_cmd=0.000 | acc_exec=0.000 | trust=0.179
DECISION : PAUSE
MACHINE  : Machine-2
------------------------------------------------------------
[SEQ 336] [STATIC-BASELINE]
CMD      : G1 | effects={'dx': -1.3540000000000134, 'dy': -2.603999999999999, 'dz': 0.0, 'de': 0.05616999999999983, 'xy_dist': 2.9349841566863755, 'params': {'G': 1.0, 'X': 160.647, 'Y': 120.658, 'E': 9.31217}}
DECISION : ALLOW
------------------------------------------------------------
[SEQ 336] [IEEE-BASELINE]
SCORE    : anomaly_score=0.000
DECISION : ALLOW
------------------------------------------------------------
[SEQ 337] [LAYER 0]
CMD      : G1 X160.626 Y119.282 E9.33805
TRUST    : acc_cmd=0.000 | acc_exec=0.000 | trust=0.256
DECISION : PAUSE
MACHINE  : Machine-2
------------------------------------------------------------
[SEQ 337] [STATIC-BASELINE]
CMD      : G1 | effects={'dx': -0.020999999999986585, 'dy': -1.3760000000000048, 'dz': 0.0, 'de': 0.02588000000000079, 'xy_dist': 1.3761602377630349, 'params': {'G': 1.0, 'X': 160.626, 'Y': 119.282, 'E': 9.33805}}
DECISION : ALLOW
------------------------------------------------------------
[SEQ 337] [IEEE-BASELINE]
SCORE    : anomaly_score=0.000
DECISION : ALLOW
------------------------------------------------------------
[SEQ 338] [LAYER 0]
CMD      : G1 X161.039 Y118.148 E9.36076
TRUST    : acc_cmd=0.000 | acc_exec=0.000 | trust=0.399
DECISION : PAUSE
MACHINE  : Machine-2
------------------------------------------------------------
[SEQ 338] [STATIC-BASELINE]
CMD      : G1 | effects={'dx': 0.4129999999999825, 'dy': -1.1340000000000003, 'dz': 0.0, 'de': 0.022710000000000008, 'xy_dist': 1.206865775469661, 'params': {'G': 1.0, 'X': 161.039, 'Y': 118.148, 'E': 9.36076}}
DECISION : ALLOW
------------------------------------------------------------
[SEQ 338] [IEEE-BASELINE]
SCORE    : anomaly_score=0.000
DECISION : ALLOW
------------------------------------------------------------
[SEQ 339] [LAYER 0]
CMD      : G1 X161.447 Y117.431 E9.37627
TRUST    : acc_cmd=0.000 | acc_exec=0.000 | trust=0.552
DECISION : ALLOW
MACHINE  : Machine-2
------------------------------------------------------------
[SEQ 339] [STATIC-BASELINE]
CMD      : G1 | effects={'dx': 0.40800000000001546, 'dy': -0.7169999999999987, 'dz': 0.0, 'de': 0.015509999999999025, 'xy_dist': 0.8249563624822897, 'params': {'G': 1.0, 'X': 161.447, 'Y': 117.431, 'E': 9.37627}}
DECISION : ALLOW
------------------------------------------------------------
[SEQ 339] [IEEE-BASELINE]
SCORE    : anomaly_score=0.000
DECISION : ALLOW
------------------------------------------------------------
[SEQ 340] [LAYER 0]
CMD      : G0 F3600 X161.771 Y117.67
TRUST    : acc_cmd=0.000 | acc_exec=0.000 | trust=0.686
DECISION : ALLOW
MACHINE  : Machine-2
------------------------------------------------------------
[SEQ 340] [STATIC-BASELINE]
CMD      : G0 | effects={'dx': 0.32399999999998386, 'dy': 0.23900000000000432, 'dz': 0.0, 'de': 0.0, 'xy_dist': 0.40261271713644564, 'params': {'G': 0.0, 'F': 3600.0, 'X': 161.771, 'Y': 117.67}}
DECISION : ALLOW
------------------------------------------------------------
[SEQ 340] [IEEE-BASELINE]
SCORE    : anomaly_score=0.000
DECISION : ALLOW
------------------------------------------------------------
[SEQ 341] [LAYER 0]
CMD      : G92 E1000
TRUST    : acc_cmd=0.000 | acc_exec=1.000 | trust=0.300
DECISION : PAUSE
MACHINE  : Machine-2
------------------------------------------------------------
[SEQ 341] [STATIC-BASELINE]
CMD      : G92 | effects={'reset': {'G': 92.0, 'E': 1000.0}}
DECISION : BLOCK
------------------------------------------------------------
[SEQ 341] [IEEE-BASELINE]
SCORE    : anomaly_score=0.000
DECISION : ALLOW
------------------------------------------------------------
[SEQ 342] [LAYER 0]
CMD      : M92 E2000
TRUST    : acc_cmd=1.000 | acc_exec=1.000 | trust=0.125
DECISION : PAUSE
MACHINE  : Machine-2
------------------------------------------------------------
[SEQ 342] [STATIC-BASELINE]
CMD      : M92 | effects={'M': 92.0, 'E': 2000.0}
DECISION : BLOCK
------------------------------------------------------------
[SEQ 342] [IEEE-BASELINE]
SCORE    : anomaly_score=0.000
DECISION : ALLOW
------------------------------------------------------------
[SEQ 343] [LAYER 0]
CMD      : G1 X164.368 Y116.049 E9.43534
TRUST    : acc_cmd=0.000 | acc_exec=1.000 | trust=0.051
DECISION : PAUSE
MACHINE  : Machine-2
------------------------------------------------------------
[SEQ 343] [STATIC-BASELINE]
CMD      : G1 | effects={'dx': 2.5970000000000084, 'dy': -1.6209999999999951, 'dz': 0.0, 'de': -990.56466, 'xy_dist': 3.0613804075939384, 'params': {'G': 1.0, 'X': 164.368, 'Y': 116.049, 'E': 9.43534}}
DECISION : ALLOW
------------------------------------------------------------
[SEQ 343] [IEEE-BASELINE]
SCORE    : anomaly_score=0.000
DECISION : ALLOW
------------------------------------------------------------
[SEQ 344] [LAYER 0]
CMD      : G92 E1000
TRUST    : acc_cmd=0.000 | acc_exec=1.000 | trust=0.021
DECISION : PAUSE
MACHINE  : Machine-2
------------------------------------------------------------
[SEQ 344] [STATIC-BASELINE]
CMD      : G92 | effects={'reset': {'G': 92.0, 'E': 1000.0}}
DECISION : BLOCK
------------------------------------------------------------
[SEQ 344] [IEEE-BASELINE]
SCORE    : anomaly_score=0.000
DECISION : ALLOW
------------------------------------------------------------
[SEQ 345] [LAYER 0]
CMD      : G1 X166.431 Y116.261 E9.47467
TRUST    : acc_cmd=0.000 | acc_exec=1.000 | trust=0.009
DECISION : PAUSE
MACHINE  : Machine-2
------------------------------------------------------------
[SEQ 345] [STATIC-BASELINE]
CMD      : G1 | effects={'dx': 2.0630000000000166, 'dy': 0.21199999999998909, 'dz': 0.0, 'de': -990.52533, 'xy_dist': 2.073864267496806, 'params': {'G': 1.0, 'X': 166.431, 'Y': 116.261, 'E': 9.47467}}
DECISION : ALLOW
------------------------------------------------------------
[SEQ 345] [IEEE-BASELINE]
SCORE    : anomaly_score=0.000
DECISION : ALLOW
------------------------------------------------------------
[SEQ 346] [LAYER 0]
CMD      : G1 X167.505 Y116.842 E9.49764
TRUST    : acc_cmd=0.000 | acc_exec=0.000 | trust=0.013
DECISION : PAUSE
MACHINE  : Machine-2
------------------------------------------------------------
[SEQ 346] [STATIC-BASELINE]
CMD      : G1 | effects={'dx': 1.0739999999999839, 'dy': 0.5810000000000031, 'dz': 0.0, 'de': 0.022970000000000823, 'xy_dist': 1.2210802594424204, 'params': {'G': 1.0, 'X': 167.505, 'Y': 116.842, 'E': 9.49764}}
DECISION : ALLOW
------------------------------------------------------------
[SEQ 346] [IEEE-BASELINE]
SCORE    : anomaly_score=0.000
DECISION : ALLOW
------------------------------------------------------------
[SEQ 347] [LAYER 0]
CMD      : G1 X168.492 Y117.992 E9.52614
TRUST    : acc_cmd=0.000 | acc_exec=0.000 | trust=0.055
DECISION : PAUSE
MACHINE  : Machine-2
------------------------------------------------------------
[SEQ 347] [STATIC-BASELINE]
CMD      : G1 | effects={'dx': 0.9869999999999948, 'dy': 1.1500000000000057, 'dz': 0.0, 'de': 0.028499999999999304, 'xy_dist': 1.515476492724319, 'params': {'G': 1.0, 'X': 168.492, 'Y': 117.992, 'E': 9.52614}}
DECISION : ALLOW
------------------------------------------------------------
[SEQ 347] [IEEE-BASELINE]
SCORE    : anomaly_score=0.000
DECISION : ALLOW
------------------------------------------------------------
[SEQ 348] [LAYER 0]
CMD      : G1 X168.978 Y119.406 E9.55427
TRUST    : acc_cmd=0.000 | acc_exec=0.000 | trust=0.156
DECISION : PAUSE
MACHINE  : Machine-2
------------------------------------------------------------
[SEQ 348] [STATIC-BASELINE]
CMD      : G1 | effects={'dx': 0.4860000000000184, 'dy': 1.4140000000000015, 'dz': 0.0, 'de': 0.028130000000000877, 'xy_dist': 1.4951896200816879, 'params': {'G': 1.0, 'X': 168.978, 'Y': 119.406, 'E': 9.55427}}
DECISION : ALLOW
------------------------------------------------------------
[SEQ 348] [IEEE-BASELINE]
SCORE    : anomaly_score=0.000
DECISION : ALLOW
------------------------------------------------------------
[SEQ 349] [LAYER 0]
CMD      : G1 X168.955 Y120.654 E9.57775
TRUST    : acc_cmd=0.000 | acc_exec=0.000 | trust=0.307
DECISION : PAUSE
MACHINE  : Machine-2
------------------------------------------------------------
[SEQ 349] [STATIC-BASELINE]
CMD      : G1 | effects={'dx': -0.022999999999996135, 'dy': 1.2479999999999905, 'dz': 0.0, 'de': 0.02347999999999928, 'xy_dist': 1.248211921109543, 'params': {'G': 1.0, 'X': 168.955, 'Y': 120.654, 'E': 9.57775}}
DECISION : ALLOW
------------------------------------------------------------
[SEQ 349] [IEEE-BASELINE]
SCORE    : anomaly_score=0.000
DECISION : ALLOW
------------------------------------------------------------
[SEQ 350] [LAYER 0]
CMD      : G1 X168.635 Y121.683 E9.59802
TRUST    : acc_cmd=0.000 | acc_exec=0.000 | trust=0.472
DECISION : PAUSE
MACHINE  : Machine-2
------------------------------------------------------------
[SEQ 350] [STATIC-BASELINE]
CMD      : G1 | effects={'dx': -0.3200000000000216, 'dy': 1.0290000000000106, 'dz': 0.0, 'de': 0.02027000000000001, 'xy_dist': 1.0776089272087697, 'params': {'G': 1.0, 'X': 168.635, 'Y': 121.683, 'E': 9.59802}}
DECISION : ALLOW
------------------------------------------------------------
[SEQ 350] [IEEE-BASELINE]
SCORE    : anomaly_score=0.000
DECISION : ALLOW
------------------------------------------------------------
[SEQ 351] [LAYER 0]
CMD      : G1 X168.052 Y122.591 E9.61832
TRUST    : acc_cmd=0.000 | acc_exec=0.000 | trust=0.623
DECISION : ALLOW
MACHINE  : Machine-2
------------------------------------------------------------
[SEQ 351] [STATIC-BASELINE]
CMD      : G1 | effects={'dx': -0.5829999999999984, 'dy': 0.907999999999987, 'dz': 0.0, 'de': 0.02030000000000065, 'xy_dist': 1.0790518986591768, 'params': {'G': 1.0, 'X': 168.052, 'Y': 122.591, 'E': 9.61832}}
DECISION : ALLOW
------------------------------------------------------------
[SEQ 351] [IEEE-BASELINE]
SCORE    : anomaly_score=0.000
DECISION : ALLOW
------------------------------------------------------------
[SEQ 352] [LAYER 0]
CMD      : G92 E1000
TRUST    : acc_cmd=0.000 | acc_exec=1.000 | trust=0.274
DECISION : PAUSE
MACHINE  : Machine-2
------------------------------------------------------------
[SEQ 352] [STATIC-BASELINE]
CMD      : G92 | effects={'reset': {'G': 92.0, 'E': 1000.0}}
DECISION : BLOCK
------------------------------------------------------------
[SEQ 352] [IEEE-BASELINE]
SCORE    : anomaly_score=0.000
DECISION : ALLOW
------------------------------------------------------------
[SEQ 353] [LAYER 0]
CMD      : G1 X166.569 Y123.675 E9.65304
TRUST    : acc_cmd=0.000 | acc_exec=1.000 | trust=0.114
DECISION : PAUSE
MACHINE  : Machine-2
------------------------------------------------------------
[SEQ 353] [STATIC-BASELINE]
CMD      : G1 | effects={'dx': -1.483000000000004, 'dy': 1.0840000000000032, 'dz': 0.0, 'de': -990.34696, 'xy_dist': 1.8369390300170605, 'params': {'G': 1.0, 'X': 166.569, 'Y': 123.675, 'E': 9.65304}}
DECISION : ALLOW
------------------------------------------------------------
[SEQ 353] [IEEE-BASELINE]
SCORE    : anomaly_score=0.000
DECISION : ALLOW
------------------------------------------------------------
[SEQ 354] [LAYER 0]
CMD      : G1 X165.609 Y123.954 E9.67185
TRUST    : acc_cmd=0.000 | acc_exec=0.000 | trust=0.077
DECISION : PAUSE
MACHINE  : Machine-2
------------------------------------------------------------
[SEQ 354] [STATIC-BASELINE]
CMD      : G1 | effects={'dx': -0.9599999999999795, 'dy': 0.27899999999999636, 'dz': 0.0, 'de': 0.01880999999999844, 'xy_dist': 0.9997204609289332, 'params': {'G': 1.0, 'X': 165.609, 'Y': 123.954, 'E': 9.67185}}
DECISION : ALLOW
------------------------------------------------------------
[SEQ 354] [IEEE-BASELINE]
SCORE    : anomaly_score=0.000
DECISION : ALLOW
------------------------------------------------------------
[SEQ 355] [LAYER 0]
CMD      : M92 E2000
TRUST    : acc_cmd=1.000 | acc_exec=1.000 | trust=0.036
DECISION : PAUSE
MACHINE  : Machine-2
------------------------------------------------------------
[SEQ 355] [STATIC-BASELINE]
CMD      : M92 | effects={'M': 92.0, 'E': 2000.0}
DECISION : BLOCK
------------------------------------------------------------
[SEQ 355] [IEEE-BASELINE]
SCORE    : anomaly_score=0.000
DECISION : ALLOW
------------------------------------------------------------
[SEQ 356] [LAYER 0]
CMD      : G1 X163.337 Y123.636 E9.71556
TRUST    : acc_cmd=0.000 | acc_exec=0.000 | trust=0.049
DECISION : PAUSE
MACHINE  : Machine-2
------------------------------------------------------------
[SEQ 356] [STATIC-BASELINE]
CMD      : G1 | effects={'dx': -2.27200000000002, 'dy': -0.31799999999999784, 'dz': 0.0, 'de': 0.043710000000000804, 'xy_dist': 2.294146464374079, 'params': {'G': 1.0, 'X': 163.337, 'Y': 123.636, 'E': 9.71556}}
DECISION : ALLOW
------------------------------------------------------------
[SEQ 356] [IEEE-BASELINE]
SCORE    : anomaly_score=0.000
DECISION : ALLOW
------------------------------------------------------------
[SEQ 357] [LAYER 0]
CMD      : G1 X162.275 Y122.961 E9.73923
TRUST    : acc_cmd=0.000 | acc_exec=0.000 | trust=0.127
DECISION : PAUSE
MACHINE  : Machine-2
------------------------------------------------------------
[SEQ 357] [STATIC-BASELINE]
CMD      : G1 | effects={'dx': -1.0619999999999834, 'dy': -0.6749999999999972, 'dz': 0.0, 'de': 0.02366999999999919, 'xy_dist': 1.258359646523982, 'params': {'G': 1.0, 'X': 162.275, 'Y': 122.961, 'E': 9.73923}}
DECISION : ALLOW
------------------------------------------------------------
[SEQ 357] [IEEE-BASELINE]
SCORE    : anomaly_score=0.000
DECISION : ALLOW
------------------------------------------------------------
[SEQ 358] [LAYER 0]
CMD      : G1 X161.379 Y121.777 E9.76716
TRUST    : acc_cmd=0.000 | acc_exec=0.000 | trust=0.265
DECISION : PAUSE
MACHINE  : Machine-2
------------------------------------------------------------
[SEQ 358] [STATIC-BASELINE]
CMD      : G1 | effects={'dx': -0.896000000000015, 'dy': -1.1839999999999975, 'dz': 0.0, 'de': 0.027930000000001343, 'xy_dist': 1.48481379303939, 'params': {'G': 1.0, 'X': 161.379, 'Y': 121.777, 'E': 9.76716}}
DECISION : ALLOW
------------------------------------------------------------
[SEQ 358] [IEEE-BASELINE]
SCORE    : anomaly_score=0.000
DECISION : ALLOW
------------------------------------------------------------
[SEQ 359] [LAYER 0]
CMD      : G1 X161.046 Y120.599 E9.79019
TRUST    : acc_cmd=0.000 | acc_exec=0.000 | trust=0.429
DECISION : PAUSE
MACHINE  : Machine-2
------------------------------------------------------------
[SEQ 359] [STATIC-BASELINE]
CMD      : G1 | effects={'dx': -0.3329999999999984, 'dy': -1.1779999999999973, 'dz': 0.0, 'de': 0.023030000000000328, 'xy_dist': 1.2241621624605101, 'params': {'G': 1.0, 'X': 161.046, 'Y': 120.599, 'E': 9.79019}}
DECISION : ALLOW
------------------------------------------------------------
[SEQ 359] [IEEE-BASELINE]
SCORE    : anomaly_score=0.000
DECISION : ALLOW
------------------------------------------------------------
[SEQ 360] [LAYER 0]
CMD      : G92 E1000
TRUST    : acc_cmd=0.000 | acc_exec=1.000 | trust=0.192
DECISION : PAUSE
MACHINE  : Machine-2
------------------------------------------------------------
[SEQ 360] [STATIC-BASELINE]
CMD      : G92 | effects={'reset': {'G': 92.0, 'E': 1000.0}}
DECISION : BLOCK
------------------------------------------------------------
[SEQ 360] [IEEE-BASELINE]
SCORE    : anomaly_score=0.000
DECISION : ALLOW
------------------------------------------------------------
[SEQ 361] [LAYER 0]
CMD      : M221 S200
TRUST    : acc_cmd=1.000 | acc_exec=1.000 | trust=0.081
DECISION : PAUSE
MACHINE  : Machine-2
------------------------------------------------------------
[SEQ 361] [STATIC-BASELINE]
CMD      : M221 | effects={'M': 221.0, 'S': 200.0}
DECISION : BLOCK
------------------------------------------------------------
[SEQ 361] [IEEE-BASELINE]
SCORE    : anomaly_score=0.000
DECISION : ALLOW
------------------------------------------------------------
[SEQ 362] [LAYER 0]
CMD      : G92 E1000
TRUST    : acc_cmd=0.000 | acc_exec=1.000 | trust=0.034
DECISION : PAUSE
MACHINE  : Machine-2
------------------------------------------------------------
[SEQ 362] [STATIC-BASELINE]
CMD      : G92 | effects={'reset': {'G': 92.0, 'E': 1000.0}}
DECISION : BLOCK
------------------------------------------------------------
[SEQ 362] [IEEE-BASELINE]
SCORE    : anomaly_score=0.000
DECISION : ALLOW
------------------------------------------------------------
[SEQ 363] [LAYER 0]
CMD      : G0 F3600 X162.095 Y117.909
TRUST    : acc_cmd=0.000 | acc_exec=0.000 | trust=0.030
DECISION : PAUSE
MACHINE  : Machine-2
------------------------------------------------------------
[SEQ 363] [STATIC-BASELINE]
CMD      : G0 | effects={'dx': 1.0490000000000066, 'dy': -2.6899999999999977, 'dz': 0.0, 'de': 0.0, 'xy_dist': 2.887299949780071, 'params': {'G': 0.0, 'F': 3600.0, 'X': 162.095, 'Y': 117.909}}
DECISION : ALLOW
------------------------------------------------------------
[SEQ 363] [IEEE-BASELINE]
SCORE    : anomaly_score=0.000
DECISION : ALLOW
------------------------------------------------------------
[SEQ 364] [LAYER 0]
CMD      : G92 E1000
TRUST    : acc_cmd=0.000 | acc_exec=1.000 | trust=0.015
DECISION : PAUSE
MACHINE  : Machine-2
------------------------------------------------------------
[SEQ 364] [STATIC-BASELINE]
CMD      : G92 | effects={'reset': {'G': 92.0, 'E': 1000.0}}
DECISION : BLOCK
------------------------------------------------------------
[SEQ 364] [IEEE-BASELINE]
SCORE    : anomaly_score=0.000
DECISION : ALLOW
------------------------------------------------------------
[SEQ 365] [LAYER 0]
CMD      : G1 X163.783 Y116.632 E9.88887
TRUST    : acc_cmd=0.000 | acc_exec=1.000 | trust=0.007
DECISION : PAUSE
MACHINE  : Machine-2
------------------------------------------------------------
[SEQ 365] [STATIC-BASELINE]
CMD      : G1 | effects={'dx': 1.6879999999999882, 'dy': -1.277000000000001, 'dz': 0.0, 'de': -990.11113, 'xy_dist': 2.1166182934104967, 'params': {'G': 1.0, 'X': 163.783, 'Y': 116.632, 'E': 9.88887}}
DECISION : ALLOW
------------------------------------------------------------
[SEQ 365] [IEEE-BASELINE]
SCORE    : anomaly_score=0.000
DECISION : ALLOW
------------------------------------------------------------
[SEQ 366] [LAYER 0]
CMD      : G1 X164.43 Y116.448 E9.90152
TRUST    : acc_cmd=0.000 | acc_exec=0.000 | trust=0.018
DECISION : PAUSE
MACHINE  : Machine-2
------------------------------------------------------------
[SEQ 366] [STATIC-BASELINE]
CMD      : G1 | effects={'dx': 0.6470000000000198, 'dy': -0.1840000000000117, 'dz': 0.0, 'de': 0.01264999999999894, 'xy_dist': 0.6726551865555115, 'params': {'G': 1.0, 'X': 164.43, 'Y': 116.448, 'E': 9.90152}}
DECISION : ALLOW
------------------------------------------------------------
[SEQ 366] [IEEE-BASELINE]
SCORE    : anomaly_score=0.000
DECISION : ALLOW
------------------------------------------------------------
[SEQ 367] [LAYER 0]
CMD      : M221 S200
TRUST    : acc_cmd=1.000 | acc_exec=1.000 | trust=0.011
DECISION : PAUSE
MACHINE  : Machine-2
------------------------------------------------------------
[SEQ 367] [STATIC-BASELINE]
CMD      : M221 | effects={'M': 221.0, 'S': 200.0}
DECISION : BLOCK
------------------------------------------------------------
[SEQ 367] [IEEE-BASELINE]
SCORE    : anomaly_score=0.000
DECISION : ALLOW
------------------------------------------------------------
[SEQ 368] [LAYER 0]
CMD      : M221 S200
TRUST    : acc_cmd=1.000 | acc_exec=1.000 | trust=0.006
DECISION : PAUSE
MACHINE  : Machine-2
------------------------------------------------------------
[SEQ 368] [STATIC-BASELINE]
CMD      : M221 | effects={'M': 221.0, 'S': 200.0}
DECISION : BLOCK
------------------------------------------------------------
[SEQ 368] [IEEE-BASELINE]
SCORE    : anomaly_score=0.000
DECISION : ALLOW
------------------------------------------------------------
[SEQ 369] [LAYER 0]
CMD      : G1 X167.25 Y117.159 E9.95752
TRUST    : acc_cmd=0.000 | acc_exec=0.000 | trust=0.018
DECISION : PAUSE
MACHINE  : Machine-2
------------------------------------------------------------
[SEQ 369] [STATIC-BASELINE]
CMD      : G1 | effects={'dx': 2.819999999999993, 'dy': 0.7110000000000127, 'dz': 0.0, 'de': 0.05600000000000094, 'xy_dist': 2.90825050502875, 'params': {'G': 1.0, 'X': 167.25, 'Y': 117.159, 'E': 9.95752}}
DECISION : ALLOW
------------------------------------------------------------
[SEQ 369] [IEEE-BASELINE]
SCORE    : anomaly_score=0.000
DECISION : ALLOW
------------------------------------------------------------
[SEQ 370] [LAYER 0]
CMD      : G1 X168.139 Y118.195 E9.9832
TRUST    : acc_cmd=0.000 | acc_exec=0.000 | trust=0.073
DECISION : PAUSE
MACHINE  : Machine-2
------------------------------------------------------------
[SEQ 370] [STATIC-BASELINE]
CMD      : G1 | effects={'dx': 0.88900000000001, 'dy': 1.0359999999999872, 'dz': 0.0, 'de': 0.02567999999999948, 'xy_dist': 1.3651435821919946, 'params': {'G': 1.0, 'X': 168.139, 'Y': 118.195, 'E': 9.9832}}
DECISION : ALLOW
------------------------------------------------------------
[SEQ 370] [IEEE-BASELINE]
SCORE    : anomaly_score=0.000
DECISION : ALLOW
------------------------------------------------------------
[SEQ 371] [LAYER 0]
CMD      : G1 X168.577 Y119.468 E10.00852
TRUST    : acc_cmd=0.000 | acc_exec=0.000 | trust=0.189
DECISION : PAUSE
MACHINE  : Machine-2
------------------------------------------------------------
[SEQ 371] [STATIC-BASELINE]
CMD      : G1 | effects={'dx': 0.4379999999999882, 'dy': 1.2730000000000103, 'dz': 0.0, 'de': 0.025320000000000675, 'xy_dist': 1.346244034341477, 'params': {'G': 1.0, 'X': 168.577, 'Y': 119.468, 'E': 10.00852}}
DECISION : ALLOW
------------------------------------------------------------
[SEQ 371] [IEEE-BASELINE]
SCORE    : anomaly_score=0.000
DECISION : ALLOW
------------------------------------------------------------
[SEQ 372] [LAYER 0]
CMD      : G1 X168.556 Y120.589 E10.02961
TRUST    : acc_cmd=0.000 | acc_exec=0.000 | trust=0.347
DECISION : PAUSE
MACHINE  : Machine-2
------------------------------------------------------------
[SEQ 372] [STATIC-BASELINE]
CMD      : G1 | effects={'dx': -0.020999999999986585, 'dy': 1.1209999999999951, 'dz': 0.0, 'de': 0.021089999999999165, 'xy_dist': 1.121196682121379, 'params': {'G': 1.0, 'X': 168.556, 'Y': 120.589, 'E': 10.02961}}
DECISION : ALLOW
------------------------------------------------------------
[SEQ 372] [IEEE-BASELINE]
SCORE    : anomaly_score=0.000
DECISION : ALLOW
------------------------------------------------------------
[SEQ 373] [LAYER 0]
CMD      : G1 X168.269 Y121.512 E10.04779
TRUST    : acc_cmd=0.000 | acc_exec=0.000 | trust=0.512
DECISION : ALLOW
MACHINE  : Machine-2
------------------------------------------------------------
[SEQ 373] [STATIC-BASELINE]
CMD      : G1 | effects={'dx': -0.28700000000000614, 'dy': 0.9230000000000018, 'dz': 0.0, 'de': 0.018180000000000973, 'xy_dist': 0.9665909165722627, 'params': {'G': 1.0, 'X': 168.269, 'Y': 121.512, 'E': 10.04779}}
DECISION : ALLOW
------------------------------------------------------------
[SEQ 373] [IEEE-BASELINE]
SCORE    : anomaly_score=0.000
DECISION : ALLOW
------------------------------------------------------------
[SEQ 374] [LAYER 0]
CMD      : G1 X167.746 Y122.327 E10.06601
TRUST    : acc_cmd=0.000 | acc_exec=0.000 | trust=0.656
DECISION : ALLOW
MACHINE  : Machine-2
------------------------------------------------------------
[SEQ 374] [STATIC-BASELINE]
CMD      : G1 | effects={'dx': -0.5229999999999961, 'dy': 0.8149999999999977, 'dz': 0.0, 'de': 0.01821999999999946, 'xy_dist': 0.9683769927047999, 'params': {'G': 1.0, 'X': 167.746, 'Y': 122.327, 'E': 10.06601}}
DECISION : ALLOW
------------------------------------------------------------
[SEQ 374] [IEEE-BASELINE]
SCORE    : anomaly_score=0.000
DECISION : ALLOW
------------------------------------------------------------
[SEQ 375] [LAYER 0]
CMD      : G1 X166.98 Y122.988 E10.08504
TRUST    : acc_cmd=0.000 | acc_exec=0.000 | trust=0.768
DECISION : ALLOW
MACHINE  : Machine-2
------------------------------------------------------------
[SEQ 375] [STATIC-BASELINE]
CMD      : G1 | effects={'dx': -0.7660000000000196, 'dy': 0.6610000000000014, 'dz': 0.0, 'de': 0.019029999999998992, 'xy_dist': 1.0117692424659053, 'params': {'G': 1.0, 'X': 166.98, 'Y': 122.988, 'E': 10.08504}}
DECISION : ALLOW
------------------------------------------------------------
[SEQ 375] [IEEE-BASELINE]
SCORE    : anomaly_score=0.000
DECISION : ALLOW
------------------------------------------------------------
[SEQ 376] [LAYER 0]
CMD      : G1 X166.415 Y123.303 E10.09721
TRUST    : acc_cmd=0.000 | acc_exec=0.000 | trust=0.849
DECISION : ALLOW
MACHINE  : Machine-2
------------------------------------------------------------
[SEQ 376] [STATIC-BASELINE]
CMD      : G1 | effects={'dx': -0.5649999999999977, 'dy': 0.3149999999999977, 'dz': 0.0, 'de': 0.012170000000001124, 'xy_dist': 0.6468771135231142, 'params': {'G': 1.0, 'X': 166.415, 'Y': 123.303, 'E': 10.09721}}
DECISION : ALLOW
------------------------------------------------------------
[SEQ 376] [IEEE-BASELINE]
SCORE    : anomaly_score=0.000
DECISION : ALLOW
------------------------------------------------------------
[SEQ 377] [LAYER 0]
CMD      : G1 X165.548 Y123.555 E10.11419
TRUST    : acc_cmd=0.000 | acc_exec=0.000 | trust=0.904
DECISION : ALLOW
MACHINE  : Machine-2
------------------------------------------------------------
[SEQ 377] [STATIC-BASELINE]
CMD      : G1 | effects={'dx': -0.8669999999999902, 'dy': 0.25200000000000955, 'dz': 0.0, 'de': 0.016980000000000217, 'xy_dist': 0.90288039074951, 'params': {'G': 1.0, 'X': 165.548, 'Y': 123.555, 'E': 10.11419}}
DECISION : ALLOW
------------------------------------------------------------
[SEQ 377] [IEEE-BASELINE]
SCORE    : anomaly_score=0.000
DECISION : ALLOW
------------------------------------------------------------
[SEQ 378] [LAYER 0]
CMD      : G1 X164.496 Y123.576 E10.13398
TRUST    : acc_cmd=0.000 | acc_exec=0.000 | trust=0.940
DECISION : ALLOW
MACHINE  : Machine-2
------------------------------------------------------------
[SEQ 378] [STATIC-BASELINE]
CMD      : G1 | effects={'dx': -1.0519999999999925, 'dy': 0.020999999999986585, 'dz': 0.0, 'de': 0.019789999999998642, 'xy_dist': 1.052209579884152, 'params': {'G': 1.0, 'X': 164.496, 'Y': 123.576, 'E': 10.13398}}
DECISION : ALLOW
------------------------------------------------------------
[SEQ 378] [IEEE-BASELINE]
SCORE    : anomaly_score=0.000
DECISION : ALLOW
------------------------------------------------------------
[SEQ 379] [LAYER 0]
CMD      : M92 E2000
TRUST    : acc_cmd=1.000 | acc_exec=1.000 | trust=0.405
DECISION : PAUSE
MACHINE  : Machine-2
------------------------------------------------------------
[SEQ 379] [STATIC-BASELINE]
CMD      : M92 | effects={'M': 92.0, 'E': 2000.0}
DECISION : BLOCK
------------------------------------------------------------
[SEQ 379] [IEEE-BASELINE]
SCORE    : anomaly_score=0.000
DECISION : ALLOW
------------------------------------------------------------
[SEQ 380] [LAYER 0]
CMD      : M221 S200
TRUST    : acc_cmd=1.000 | acc_exec=1.000 | trust=0.167
DECISION : PAUSE
MACHINE  : Machine-2
------------------------------------------------------------
[SEQ 380] [STATIC-BASELINE]
CMD      : M221 | effects={'M': 221.0, 'S': 200.0}
DECISION : BLOCK
------------------------------------------------------------
[SEQ 380] [IEEE-BASELINE]
SCORE    : anomaly_score=0.000
DECISION : ALLOW
------------------------------------------------------------
[SEQ 381] [LAYER 0]
CMD      : G92 E1000
TRUST    : acc_cmd=0.000 | acc_exec=1.000 | trust=0.068
DECISION : PAUSE
MACHINE  : Machine-2
------------------------------------------------------------
[SEQ 381] [STATIC-BASELINE]
CMD      : G92 | effects={'reset': {'G': 92.0, 'E': 1000.0}}
DECISION : BLOCK
------------------------------------------------------------
[SEQ 381] [IEEE-BASELINE]
SCORE    : anomaly_score=0.000
DECISION : ALLOW
------------------------------------------------------------
[SEQ 382] [LAYER 0]
CMD      : G1 X161.445 Y120.54 E10.22057
TRUST    : acc_cmd=0.000 | acc_exec=1.000 | trust=0.028
DECISION : PAUSE
MACHINE  : Machine-2
------------------------------------------------------------
[SEQ 382] [STATIC-BASELINE]
CMD      : G1 | effects={'dx': -3.051000000000016, 'dy': -3.035999999999987, 'dz': 0.0, 'de': -989.77943, 'xy_dist': 4.304172045817874, 'params': {'G': 1.0, 'X': 161.445, 'Y': 120.54, 'E': 10.22057}}
DECISION : ALLOW
------------------------------------------------------------
[SEQ 382] [IEEE-BASELINE]
SCORE    : anomaly_score=0.000
DECISION : ALLOW
------------------------------------------------------------
[SEQ 383] [LAYER 0]
CMD      : G1 X161.428 Y119.418 E10.24168
TRUST    : acc_cmd=0.000 | acc_exec=0.000 | trust=0.023
DECISION : PAUSE
MACHINE  : Machine-2
------------------------------------------------------------
[SEQ 383] [STATIC-BASELINE]
CMD      : G1 | effects={'dx': -0.016999999999995907, 'dy': -1.1219999999999999, 'dz': 0.0, 'de': 0.021110000000000184, 'xy_dist': 1.1221287804882287, 'params': {'G': 1.0, 'X': 161.428, 'Y': 119.418, 'E': 10.24168}}
DECISION : ALLOW
------------------------------------------------------------
[SEQ 383] [IEEE-BASELINE]
SCORE    : anomaly_score=0.000
DECISION : ALLOW
------------------------------------------------------------
[SEQ 384] [LAYER 0]
CMD      : M92 E2000
TRUST    : acc_cmd=1.000 | acc_exec=1.000 | trust=0.012
DECISION : PAUSE
MACHINE  : Machine-2
------------------------------------------------------------
[SEQ 384] [STATIC-BASELINE]
CMD      : M92 | effects={'M': 92.0, 'E': 2000.0}
DECISION : BLOCK
------------------------------------------------------------
[SEQ 384] [IEEE-BASELINE]
SCORE    : anomaly_score=0.000
DECISION : ALLOW
------------------------------------------------------------
[SEQ 385] [LAYER 0]
CMD      : G1 X162.095 Y117.909 E10.27284
TRUST    : acc_cmd=0.000 | acc_exec=0.000 | trust=0.029
DECISION : PAUSE
MACHINE  : Machine-2
------------------------------------------------------------
[SEQ 385] [STATIC-BASELINE]
CMD      : G1 | effects={'dx': 0.6670000000000016, 'dy': -1.5090000000000003, 'dz': 0.0, 'de': 0.031159999999999854, 'xy_dist': 1.6498393861221774, 'params': {'G': 1.0, 'X': 162.095, 'Y': 117.909, 'E': 10.27284}}
DECISION : ALLOW
------------------------------------------------------------
[SEQ 385] [IEEE-BASELINE]
SCORE    : anomaly_score=0.000
DECISION : ALLOW
------------------------------------------------------------
[SEQ 386] [LAYER 0]
CMD      : M92 E2000
TRUST    : acc_cmd=1.000 | acc_exec=1.000 | trust=0.016
DECISION : PAUSE
MACHINE  : Machine-2
------------------------------------------------------------
[SEQ 386] [STATIC-BASELINE]
CMD      : M92 | effects={'M': 92.0, 'E': 2000.0}
DECISION : BLOCK
------------------------------------------------------------
[SEQ 386] [IEEE-BASELINE]
SCORE    : anomaly_score=0.000
DECISION : ALLOW
------------------------------------------------------------
[SEQ 387] [LAYER 0]
CMD      : G1 F1800 X163.109 Y117.406 E10.29198
TRUST    : acc_cmd=0.000 | acc_exec=0.000 | trust=0.038
DECISION : PAUSE
MACHINE  : Machine-2
------------------------------------------------------------
[SEQ 387] [STATIC-BASELINE]
CMD      : G1 | effects={'dx': 1.01400000000001, 'dy': -0.5030000000000001, 'dz': 0.0, 'de': 0.019140000000000157, 'xy_dist': 1.1319032644179539, 'params': {'G': 1.0, 'F': 1800.0, 'X': 163.109, 'Y': 117.406, 'E': 10.29198}}
DECISION : ALLOW
------------------------------------------------------------
[SEQ 387] [IEEE-BASELINE]
SCORE    : anomaly_score=0.000
DECISION : ALLOW
------------------------------------------------------------
[SEQ 388] [LAYER 0]
CMD      : G1 X163.958 Y116.992 E10.30974
TRUST    : acc_cmd=0.000 | acc_exec=0.000 | trust=0.117
DECISION : PAUSE
MACHINE  : Machine-2
------------------------------------------------------------
[SEQ 388] [STATIC-BASELINE]
CMD      : G1 | effects={'dx': 0.8489999999999895, 'dy': -0.4140000000000015, 'dz': 0.0, 'de': 0.01775999999999911, 'xy_dist': 0.9445618031658826, 'params': {'G': 1.0, 'X': 163.958, 'Y': 116.992, 'E': 10.30974}}
DECISION : ALLOW
------------------------------------------------------------
[SEQ 388] [IEEE-BASELINE]
SCORE    : anomaly_score=0.000
DECISION : ALLOW
------------------------------------------------------------
[SEQ 389] [LAYER 0]
CMD      : G1 X164.49 Y116.847 E10.32012
TRUST    : acc_cmd=0.000 | acc_exec=0.000 | trust=0.254
DECISION : PAUSE
MACHINE  : Machine-2
------------------------------------------------------------
[SEQ 389] [STATIC-BASELINE]
CMD      : G1 | effects={'dx': 0.5320000000000107, 'dy': -0.14500000000001023, 'dz': 0.0, 'de': 0.010379999999999612, 'xy_dist': 0.5514063837135134, 'params': {'G': 1.0, 'X': 164.49, 'Y': 116.847, 'E': 10.32012}}
DECISION : ALLOW
------------------------------------------------------------
[SEQ 389] [IEEE-BASELINE]
SCORE    : anomaly_score=0.000
DECISION : ALLOW
------------------------------------------------------------
[SEQ 390] [LAYER 0]
CMD      : M92 E2000
TRUST    : acc_cmd=1.000 | acc_exec=1.000 | trust=0.117
DECISION : PAUSE
MACHINE  : Machine-2
------------------------------------------------------------
[SEQ 390] [STATIC-BASELINE]
CMD      : M92 | effects={'M': 92.0, 'E': 2000.0}
DECISION : BLOCK
------------------------------------------------------------
[SEQ 390] [IEEE-BASELINE]
SCORE    : anomaly_score=0.000
DECISION : ALLOW
------------------------------------------------------------
[SEQ 391] [LAYER 0]
CMD      : G1 X166.143 Y117.015 E10.35163
TRUST    : acc_cmd=0.000 | acc_exec=0.000 | trust=0.115
DECISION : PAUSE
MACHINE  : Machine-2
------------------------------------------------------------
[SEQ 391] [STATIC-BASELINE]
CMD      : G1 | effects={'dx': 1.6529999999999916, 'dy': 0.16800000000000637, 'dz': 0.0, 'de': 0.031510000000000815, 'xy_dist': 1.6615152722740691, 'params': {'G': 1.0, 'X': 166.143, 'Y': 117.015, 'E': 10.35163}}
DECISION : ALLOW
------------------------------------------------------------
[SEQ 391] [IEEE-BASELINE]
SCORE    : anomaly_score=0.000
DECISION : ALLOW
------------------------------------------------------------
[SEQ 392] [LAYER 0]
CMD      : M92 E2000
TRUST    : acc_cmd=1.000 | acc_exec=1.000 | trust=0.054
DECISION : PAUSE
MACHINE  : Machine-2
------------------------------------------------------------
[SEQ 392] [STATIC-BASELINE]
CMD      : M92 | effects={'M': 92.0, 'E': 2000.0}
DECISION : BLOCK
------------------------------------------------------------
[SEQ 392] [IEEE-BASELINE]
SCORE    : anomaly_score=0.000
DECISION : ALLOW
------------------------------------------------------------
[SEQ 393] [LAYER 0]
CMD      : G1 X167.786 Y118.398 E10.3927
TRUST    : acc_cmd=0.000 | acc_exec=0.000 | trust=0.067
DECISION : PAUSE
MACHINE  : Machine-2
------------------------------------------------------------
[SEQ 393] [STATIC-BASELINE]
CMD      : G1 | effects={'dx': 1.6430000000000007, 'dy': 1.3829999999999956, 'dz': 0.0, 'de': 0.041069999999999496, 'xy_dist': 2.147588880582126, 'params': {'G': 1.0, 'X': 167.786, 'Y': 118.398, 'E': 10.3927}}
DECISION : ALLOW
------------------------------------------------------------
[SEQ 393] [IEEE-BASELINE]
SCORE    : anomaly_score=0.000
DECISION : ALLOW
------------------------------------------------------------
[SEQ 394] [LAYER 0]
CMD      : G92 E1000
TRUST    : acc_cmd=0.000 | acc_exec=1.000 | trust=0.033
DECISION : PAUSE
MACHINE  : Machine-2
------------------------------------------------------------
[SEQ 394] [STATIC-BASELINE]
CMD      : G92 | effects={'reset': {'G': 92.0, 'E': 1000.0}}
DECISION : BLOCK
------------------------------------------------------------
[SEQ 394] [IEEE-BASELINE]
SCORE    : anomaly_score=0.000
DECISION : ALLOW
------------------------------------------------------------
[SEQ 395] [LAYER 0]
CMD      : G1 X168.157 Y120.524 E10.43392
TRUST    : acc_cmd=0.000 | acc_exec=1.000 | trust=0.015
DECISION : PAUSE
MACHINE  : Machine-2
------------------------------------------------------------
[SEQ 395] [STATIC-BASELINE]
CMD      : G1 | effects={'dx': 0.3710000000000093, 'dy': 2.1260000000000048, 'dz': 0.0, 'de': -989.56608, 'xy_dist': 2.158128124092735, 'params': {'G': 1.0, 'X': 168.157, 'Y': 120.524, 'E': 10.43392}}
DECISION : ALLOW
------------------------------------------------------------
[SEQ 395] [IEEE-BASELINE]
SCORE    : anomaly_score=0.000
DECISION : ALLOW
------------------------------------------------------------
[SEQ 396] [LAYER 0]
CMD      : G1 X167.903 Y121.341 E10.45002
TRUST    : acc_cmd=0.000 | acc_exec=0.000 | trust=0.025
DECISION : PAUSE
MACHINE  : Machine-2
------------------------------------------------------------
[SEQ 396] [STATIC-BASELINE]
CMD      : G1 | effects={'dx': -0.2540000000000191, 'dy': 0.8169999999999931, 'dz': 0.0, 'de': 0.01609999999999978, 'xy_dist': 0.8555729074719456, 'params': {'G': 1.0, 'X': 167.903, 'Y': 121.341, 'E': 10.45002}}
DECISION : ALLOW
------------------------------------------------------------
[SEQ 396] [IEEE-BASELINE]
SCORE    : anomaly_score=0.000
DECISION : ALLOW
------------------------------------------------------------
[SEQ 397] [LAYER 0]
CMD      : G1 X167.44 Y122.063 E10.46615
TRUST    : acc_cmd=0.000 | acc_exec=0.000 | trust=0.086
DECISION : PAUSE
MACHINE  : Machine-2
------------------------------------------------------------
[SEQ 397] [STATIC-BASELINE]
CMD      : G1 | effects={'dx': -0.46299999999999386, 'dy': 0.7220000000000084, 'dz': 0.0, 'de': 0.016130000000000422, 'xy_dist': 0.8577021627581491, 'params': {'G': 1.0, 'X': 167.44, 'Y': 122.063, 'E': 10.46615}}
DECISION : ALLOW
------------------------------------------------------------
[SEQ 397] [IEEE-BASELINE]
SCORE    : anomaly_score=0.000
DECISION : ALLOW
------------------------------------------------------------
[SEQ 398] [LAYER 0]
CMD      : G1 X166.749 Y122.659 E10.48332
TRUST    : acc_cmd=0.000 | acc_exec=0.000 | trust=0.209
DECISION : PAUSE
MACHINE  : Machine-2
------------------------------------------------------------
[SEQ 398] [STATIC-BASELINE]
CMD      : G1 | effects={'dx': -0.6910000000000025, 'dy': 0.5960000000000036, 'dz': 0.0, 'de': 0.01717000000000013, 'xy_dist': 0.9125223284939431, 'params': {'G': 1.0, 'X': 166.749, 'Y': 122.659, 'E': 10.48332}}
DECISION : ALLOW
------------------------------------------------------------
[SEQ 398] [IEEE-BASELINE]
SCORE    : anomaly_score=0.000
DECISION : ALLOW
------------------------------------------------------------
[SEQ 399] [LAYER 0]
CMD      : M221 S200
TRUST    : acc_cmd=1.000 | acc_exec=1.000 | trust=0.098
DECISION : PAUSE
MACHINE  : Machine-2
------------------------------------------------------------
[SEQ 399] [STATIC-BASELINE]
CMD      : M221 | effects={'M': 221.0, 'S': 200.0}
DECISION : BLOCK
------------------------------------------------------------
[SEQ 399] [IEEE-BASELINE]
SCORE    : anomaly_score=0.000
DECISION : ALLOW
------------------------------------------------------------
[SEQ 400] [LAYER 0]
CMD      : G92 E1000
TRUST    : acc_cmd=0.000 | acc_exec=1.000 | trust=0.042
DECISION : PAUSE
MACHINE  : Machine-2
------------------------------------------------------------
[SEQ 400] [STATIC-BASELINE]
CMD      : G92 | effects={'reset': {'G': 92.0, 'E': 1000.0}}
DECISION : BLOCK
------------------------------------------------------------
[SEQ 400] [IEEE-BASELINE]
SCORE    : anomaly_score=0.000
DECISION : ALLOW
------------------------------------------------------------
[SEQ 401] [LAYER 0]
CMD      : G1 X164.552 Y123.175 E10.52658
TRUST    : acc_cmd=0.000 | acc_exec=1.000 | trust=0.018
DECISION : PAUSE
MACHINE  : Machine-2
------------------------------------------------------------
[SEQ 401] [STATIC-BASELINE]
CMD      : G1 | effects={'dx': -2.1970000000000027, 'dy': 0.5159999999999911, 'dz': 0.0, 'de': -989.47342, 'xy_dist': 2.256782000991678, 'params': {'G': 1.0, 'X': 164.552, 'Y': 123.175, 'E': 10.52658}}
DECISION : ALLOW
------------------------------------------------------------
[SEQ 401] [IEEE-BASELINE]
SCORE    : anomaly_score=0.000
DECISION : ALLOW
------------------------------------------------------------
[SEQ 402] [LAYER 0]
CMD      : M92 E2000
TRUST    : acc_cmd=1.000 | acc_exec=1.000 | trust=0.008
DECISION : PAUSE
MACHINE  : Machine-2
------------------------------------------------------------
[SEQ 402] [STATIC-BASELINE]
CMD      : M92 | effects={'M': 92.0, 'E': 2000.0}
DECISION : BLOCK
------------------------------------------------------------
[SEQ 402] [IEEE-BASELINE]
SCORE    : anomaly_score=0.000
DECISION : ALLOW
------------------------------------------------------------
[SEQ 403] [LAYER 0]
CMD      : G1 X162.827 Y122.364 E10.56276
TRUST    : acc_cmd=0.000 | acc_exec=0.000 | trust=0.014
DECISION : PAUSE
MACHINE  : Machine-2
------------------------------------------------------------
[SEQ 403] [STATIC-BASELINE]
CMD      : G1 | effects={'dx': -1.7249999999999943, 'dy': -0.8109999999999928, 'dz': 0.0, 'de': 0.036180000000001655, 'xy_dist': 1.9061337833425986, 'params': {'G': 1.0, 'X': 162.827, 'Y': 122.364, 'E': 10.56276}}
DECISION : ALLOW
------------------------------------------------------------
[SEQ 403] [IEEE-BASELINE]
SCORE    : anomaly_score=0.000
DECISION : ALLOW
------------------------------------------------------------
[SEQ 404] [LAYER 0]
CMD      : G1 X162.108 Y121.414 E10.58517
TRUST    : acc_cmd=0.000 | acc_exec=0.000 | trust=0.060
DECISION : PAUSE
MACHINE  : Machine-2
------------------------------------------------------------
[SEQ 404] [STATIC-BASELINE]
CMD      : G1 | effects={'dx': -0.7189999999999941, 'dy': -0.9500000000000028, 'dz': 0.0, 'de': 0.02240999999999893, 'xy_dist': 1.1914113479399115, 'params': {'G': 1.0, 'X': 162.108, 'Y': 121.414, 'E': 10.58517}}
DECISION : ALLOW
------------------------------------------------------------
[SEQ 404] [IEEE-BASELINE]
SCORE    : anomaly_score=0.000
DECISION : ALLOW
------------------------------------------------------------
[SEQ 405] [LAYER 0]
CMD      : G92 E1000
TRUST    : acc_cmd=0.000 | acc_exec=1.000 | trust=0.031
DECISION : PAUSE
MACHINE  : Machine-2
------------------------------------------------------------
[SEQ 405] [STATIC-BASELINE]
CMD      : G92 | effects={'reset': {'G': 92.0, 'E': 1000.0}}
DECISION : BLOCK
------------------------------------------------------------
[SEQ 405] [IEEE-BASELINE]
SCORE    : anomaly_score=0.000
DECISION : ALLOW
------------------------------------------------------------
[SEQ 406] [LAYER 0]
CMD      : M92 E2000
TRUST    : acc_cmd=1.000 | acc_exec=1.000 | trust=0.014
DECISION : PAUSE
MACHINE  : Machine-2
------------------------------------------------------------
[SEQ 406] [STATIC-BASELINE]
CMD      : M92 | effects={'M': 92.0, 'E': 2000.0}
DECISION : BLOCK
------------------------------------------------------------
[SEQ 406] [IEEE-BASELINE]
SCORE    : anomaly_score=0.000
DECISION : ALLOW
------------------------------------------------------------
[SEQ 407] [LAYER 0]
CMD      : G1 X162.167 Y118.559 E10.64069
TRUST    : acc_cmd=0.000 | acc_exec=1.000 | trust=0.007
DECISION : PAUSE
MACHINE  : Machine-2
------------------------------------------------------------
[SEQ 407] [STATIC-BASELINE]
CMD      : G1 | effects={'dx': 0.0589999999999975, 'dy': -2.855000000000004, 'dz': 0.0, 'de': -989.35931, 'xy_dist': 2.855609567150247, 'params': {'G': 1.0, 'X': 162.167, 'Y': 118.559, 'E': 10.64069}}
DECISION : ALLOW
------------------------------------------------------------
[SEQ 407] [IEEE-BASELINE]
SCORE    : anomaly_score=0.000
DECISION : ALLOW
------------------------------------------------------------
[SEQ 408] [LAYER 0]
CMD      : G1 X162.416 Y118.151 E10.64968
TRUST    : acc_cmd=0.000 | acc_exec=0.000 | trust=0.016
DECISION : PAUSE
MACHINE  : Machine-2
------------------------------------------------------------
[SEQ 408] [STATIC-BASELINE]
CMD      : G1 | effects={'dx': 0.24899999999999523, 'dy': -0.40800000000000125, 'dz': 0.0, 'de': 0.00899000000000072, 'xy_dist': 0.4779801251098194, 'params': {'G': 1.0, 'X': 162.416, 'Y': 118.151, 'E': 10.64968}}
DECISION : ALLOW
------------------------------------------------------------
[SEQ 408] [IEEE-BASELINE]
SCORE    : anomaly_score=0.000
DECISION : ALLOW
------------------------------------------------------------
[SEQ 409] [LAYER 0]
CMD      : M92 E2000
TRUST    : acc_cmd=1.000 | acc_exec=1.000 | trust=0.009
DECISION : PAUSE
MACHINE  : Machine-2
------------------------------------------------------------
[SEQ 409] [STATIC-BASELINE]
CMD      : M92 | effects={'M': 92.0, 'E': 2000.0}
DECISION : BLOCK
------------------------------------------------------------
[SEQ 409] [IEEE-BASELINE]
SCORE    : anomaly_score=0.000
DECISION : ALLOW
------------------------------------------------------------
[SEQ 410] [LAYER 0]
CMD      : G1 F1800 X163.353 Y117.732 E10.66746
TRUST    : acc_cmd=0.000 | acc_exec=0.000 | trust=0.029
DECISION : PAUSE
MACHINE  : Machine-2
------------------------------------------------------------
[SEQ 410] [STATIC-BASELINE]
CMD      : G1 | effects={'dx': 0.9370000000000118, 'dy': -0.41899999999999693, 'dz': 0.0, 'de': 0.01778000000000013, 'xy_dist': 1.0264160949634509, 'params': {'G': 1.0, 'F': 1800.0, 'X': 163.353, 'Y': 117.732, 'E': 10.66746}}
DECISION : ALLOW
------------------------------------------------------------
[SEQ 410] [IEEE-BASELINE]
SCORE    : anomaly_score=0.000
DECISION : ALLOW
------------------------------------------------------------
[SEQ 411] [LAYER 0]
CMD      : M221 S200
TRUST    : acc_cmd=1.000 | acc_exec=1.000 | trust=0.016
DECISION : PAUSE
MACHINE  : Machine-2
------------------------------------------------------------
[SEQ 411] [STATIC-BASELINE]
CMD      : M221 | effects={'M': 221.0, 'S': 200.0}
DECISION : BLOCK
------------------------------------------------------------
[SEQ 411] [IEEE-BASELINE]
SCORE    : anomaly_score=0.000
DECISION : ALLOW
------------------------------------------------------------
[SEQ 412] [LAYER 0]
CMD      : M221 S200
TRUST    : acc_cmd=1.000 | acc_exec=1.000 | trust=0.008
DECISION : PAUSE
MACHINE  : Machine-2
------------------------------------------------------------
[SEQ 412] [STATIC-BASELINE]
CMD      : M221 | effects={'M': 221.0, 'S': 200.0}
DECISION : BLOCK
------------------------------------------------------------
[SEQ 412] [IEEE-BASELINE]
SCORE    : anomaly_score=0.000
DECISION : ALLOW
------------------------------------------------------------
[SEQ 413] [LAYER 0]
CMD      : G1 X165.302 Y117.227 E10.70601
TRUST    : acc_cmd=0.000 | acc_exec=0.000 | trust=0.020
DECISION : PAUSE
MACHINE  : Machine-2
------------------------------------------------------------
[SEQ 413] [STATIC-BASELINE]
CMD      : G1 | effects={'dx': 1.9489999999999839, 'dy': -0.5049999999999955, 'dz': 0.0, 'de': 0.038549999999998974, 'xy_dist': 2.013361865139978, 'params': {'G': 1.0, 'X': 165.302, 'Y': 117.227, 'E': 10.70601}}
DECISION : ALLOW
------------------------------------------------------------
[SEQ 413] [IEEE-BASELINE]
SCORE    : anomaly_score=0.000
DECISION : ALLOW
------------------------------------------------------------
[SEQ 414] [LAYER 0]
CMD      : G1 X165.998 Y117.392 E10.71947
TRUST    : acc_cmd=0.000 | acc_exec=0.000 | trust=0.079
DECISION : PAUSE
MACHINE  : Machine-2
------------------------------------------------------------
[SEQ 414] [STATIC-BASELINE]
CMD      : G1 | effects={'dx': 0.695999999999998, 'dy': 0.16499999999999204, 'dz': 0.0, 'de': 0.01346000000000025, 'xy_dist': 0.7152908499344826, 'params': {'G': 1.0, 'X': 165.998, 'Y': 117.392, 'E': 10.71947}}
DECISION : ALLOW
------------------------------------------------------------
[SEQ 414] [IEEE-BASELINE]
SCORE    : anomaly_score=0.000
DECISION : ALLOW
------------------------------------------------------------
[SEQ 415] [LAYER 0]
CMD      : G1 X166.738 Y117.792 E10.73529
TRUST    : acc_cmd=0.000 | acc_exec=0.000 | trust=0.198
DECISION : PAUSE
MACHINE  : Machine-2
------------------------------------------------------------
[SEQ 415] [STATIC-BASELINE]
CMD      : G1 | effects={'dx': 0.7400000000000091, 'dy': 0.4000000000000057, 'dz': 0.0, 'de': 0.0158200000000015, 'xy_dist': 0.8411896337925343, 'params': {'G': 1.0, 'X': 166.738, 'Y': 117.792, 'E': 10.73529}}
DECISION : ALLOW
------------------------------------------------------------
[SEQ 415] [IEEE-BASELINE]
SCORE    : anomaly_score=0.000
DECISION : ALLOW
------------------------------------------------------------
[SEQ 416] [LAYER 0]
CMD      : G1 X167.434 Y118.603 E10.7554
TRUST    : acc_cmd=0.000 | acc_exec=0.000 | trust=0.357
DECISION : PAUSE
MACHINE  : Machine-2
------------------------------------------------------------
[SEQ 416] [STATIC-BASELINE]
CMD      : G1 | effects={'dx': 0.695999999999998, 'dy': 0.8109999999999928, 'dz': 0.0, 'de': 0.020109999999998962, 'xy_dist': 1.0687080985938047, 'params': {'G': 1.0, 'X': 167.434, 'Y': 118.603, 'E': 10.7554}}
DECISION : ALLOW
------------------------------------------------------------
[SEQ 416] [IEEE-BASELINE]
SCORE    : anomaly_score=0.000
DECISION : ALLOW
------------------------------------------------------------
[SEQ 417] [LAYER 0]
CMD      : M92 E2000
TRUST    : acc_cmd=1.000 | acc_exec=1.000 | trust=0.161
DECISION : PAUSE
MACHINE  : Machine-2
------------------------------------------------------------
[SEQ 417] [STATIC-BASELINE]
CMD      : M92 | effects={'M': 92.0, 'E': 2000.0}
DECISION : BLOCK
------------------------------------------------------------
[SEQ 417] [IEEE-BASELINE]
SCORE    : anomaly_score=0.000
DECISION : ALLOW
------------------------------------------------------------
[SEQ 418] [LAYER 0]
CMD      : M92 E2000
TRUST    : acc_cmd=1.000 | acc_exec=1.000 | trust=0.068
DECISION : PAUSE
MACHINE  : Machine-2
------------------------------------------------------------
[SEQ 418] [STATIC-BASELINE]
CMD      : M92 | effects={'M': 92.0, 'E': 2000.0}
DECISION : BLOCK
------------------------------------------------------------
[SEQ 418] [IEEE-BASELINE]
SCORE    : anomaly_score=0.000
DECISION : ALLOW
------------------------------------------------------------
[SEQ 419] [LAYER 0]
CMD      : G92 E1000
TRUST    : acc_cmd=0.000 | acc_exec=1.000 | trust=0.029
DECISION : PAUSE
MACHINE  : Machine-2
------------------------------------------------------------
[SEQ 419] [STATIC-BASELINE]
CMD      : G92 | effects={'reset': {'G': 92.0, 'E': 1000.0}}
DECISION : BLOCK
------------------------------------------------------------
[SEQ 419] [IEEE-BASELINE]
SCORE    : anomaly_score=0.000
DECISION : ALLOW
------------------------------------------------------------
[SEQ 420] [LAYER 0]
CMD      : G1 X167.134 Y121.799 E10.81944
TRUST    : acc_cmd=0.000 | acc_exec=1.000 | trust=0.012
DECISION : PAUSE
MACHINE  : Machine-2
------------------------------------------------------------
[SEQ 420] [STATIC-BASELINE]
CMD      : G1 | effects={'dx': -0.30000000000001137, 'dy': 3.196000000000012, 'dz': 0.0, 'de': -989.18056, 'xy_dist': 3.2100492208064484, 'params': {'G': 1.0, 'X': 167.134, 'Y': 121.799, 'E': 10.81944}}
DECISION : ALLOW
------------------------------------------------------------
[SEQ 420] [IEEE-BASELINE]
SCORE    : anomaly_score=0.000
DECISION : ALLOW
------------------------------------------------------------
[SEQ 421] [LAYER 0]
CMD      : G1 X166.488 Y122.356 E10.83549
TRUST    : acc_cmd=0.000 | acc_exec=0.000 | trust=0.016
DECISION : PAUSE
MACHINE  : Machine-2
------------------------------------------------------------
[SEQ 421] [STATIC-BASELINE]
CMD      : G1 | effects={'dx': -0.6459999999999866, 'dy': 0.556999999999988, 'dz': 0.0, 'de': 0.016049999999999898, 'xy_dist': 0.8529742082853204, 'params': {'G': 1.0, 'X': 166.488, 'Y': 122.356, 'E': 10.83549}}
DECISION : ALLOW
------------------------------------------------------------
[SEQ 421] [IEEE-BASELINE]
SCORE    : anomaly_score=0.000
DECISION : ALLOW
------------------------------------------------------------
[SEQ 422] [LAYER 0]
CMD      : G92 E1000
TRUST    : acc_cmd=0.000 | acc_exec=1.000 | trust=0.009
DECISION : PAUSE
MACHINE  : Machine-2
------------------------------------------------------------
[SEQ 422] [STATIC-BASELINE]
CMD      : G92 | effects={'reset': {'G': 92.0, 'E': 1000.0}}
DECISION : BLOCK
------------------------------------------------------------
[SEQ 422] [IEEE-BASELINE]
SCORE    : anomaly_score=0.000
DECISION : ALLOW
------------------------------------------------------------
[SEQ 423] [LAYER 0]
CMD      : G1 X165.426 Y122.757 E10.85697
TRUST    : acc_cmd=0.000 | acc_exec=1.000 | trust=0.005
DECISION : PAUSE
MACHINE  : Machine-2
------------------------------------------------------------
[SEQ 423] [STATIC-BASELINE]
CMD      : G1 | effects={'dx': -1.0620000000000118, 'dy': 0.40100000000001046, 'dz': 0.0, 'de': -989.14303, 'xy_dist': 1.1351850069482214, 'params': {'G': 1.0, 'X': 165.426, 'Y': 122.757, 'E': 10.85697}}
DECISION : ALLOW
------------------------------------------------------------
[SEQ 423] [IEEE-BASELINE]
SCORE    : anomaly_score=0.000
DECISION : ALLOW
------------------------------------------------------------
[SEQ 424] [LAYER 0]
CMD      : G92 E1000
TRUST    : acc_cmd=0.000 | acc_exec=1.000 | trust=0.003
DECISION : PAUSE
MACHINE  : Machine-2
------------------------------------------------------------
[SEQ 424] [STATIC-BASELINE]
CMD      : G92 | effects={'reset': {'G': 92.0, 'E': 1000.0}}
DECISION : BLOCK
------------------------------------------------------------
[SEQ 424] [IEEE-BASELINE]
SCORE    : anomaly_score=0.000
DECISION : ALLOW
------------------------------------------------------------
[SEQ 425] [LAYER 0]
CMD      : G1 X163.844 Y122.538 E10.8874
TRUST    : acc_cmd=0.000 | acc_exec=1.000 | trust=0.002
DECISION : PAUSE
MACHINE  : Machine-2
------------------------------------------------------------
[SEQ 425] [STATIC-BASELINE]
CMD      : G1 | effects={'dx': -1.5819999999999936, 'dy': -0.2190000000000083, 'dz': 0.0, 'de': -989.1126, 'xy_dist': 1.5970864096848307, 'params': {'G': 1.0, 'X': 163.844, 'Y': 122.538, 'E': 10.8874}}
DECISION : ALLOW
------------------------------------------------------------
[SEQ 425] [IEEE-BASELINE]
SCORE    : anomaly_score=0.000
DECISION : ALLOW
------------------------------------------------------------
[SEQ 426] [LAYER 0]
CMD      : G1 X163.103 Y122.066 E10.90393
TRUST    : acc_cmd=0.000 | acc_exec=0.000 | trust=0.009
DECISION : PAUSE
MACHINE  : Machine-2
------------------------------------------------------------
[SEQ 426] [STATIC-BASELINE]
CMD      : G1 | effects={'dx': -0.7409999999999854, 'dy': -0.4719999999999942, 'dz': 0.0, 'de': 0.016530000000001266, 'xy_dist': 0.8785584784178985, 'params': {'G': 1.0, 'X': 163.103, 'Y': 122.066, 'E': 10.90393}}
DECISION : ALLOW
------------------------------------------------------------
[SEQ 426] [IEEE-BASELINE]
SCORE    : anomaly_score=0.000
DECISION : ALLOW
------------------------------------------------------------
[SEQ 427] [LAYER 0]
CMD      : M92 E2000
TRUST    : acc_cmd=1.000 | acc_exec=1.000 | trust=0.006
DECISION : PAUSE
MACHINE  : Machine-2
------------------------------------------------------------
[SEQ 427] [STATIC-BASELINE]
CMD      : M92 | effects={'M': 92.0, 'E': 2000.0}
DECISION : BLOCK
------------------------------------------------------------
[SEQ 427] [IEEE-BASELINE]
SCORE    : anomaly_score=0.000
DECISION : ALLOW
------------------------------------------------------------
[SEQ 428] [LAYER 0]
CMD      : G1 X162.243 Y120.422 E10.93943
TRUST    : acc_cmd=0.000 | acc_exec=0.000 | trust=0.024
DECISION : PAUSE
MACHINE  : Machine-2
------------------------------------------------------------
[SEQ 428] [STATIC-BASELINE]
CMD      : G1 | effects={'dx': -0.8600000000000136, 'dy': -1.6440000000000055, 'dz': 0.0, 'de': 0.03549999999999898, 'xy_dist': 1.855353335621019, 'params': {'G': 1.0, 'X': 162.243, 'Y': 120.422, 'E': 10.93943}}
DECISION : ALLOW
------------------------------------------------------------
[SEQ 428] [IEEE-BASELINE]
SCORE    : anomaly_score=0.000
DECISION : ALLOW
------------------------------------------------------------
[SEQ 429] [LAYER 0]
CMD      : G1 X162.23 Y119.554 E10.95576
TRUST    : acc_cmd=0.000 | acc_exec=0.000 | trust=0.091
DECISION : PAUSE
MACHINE  : Machine-2
------------------------------------------------------------
[SEQ 429] [STATIC-BASELINE]
CMD      : G1 | effects={'dx': -0.01300000000000523, 'dy': -0.867999999999995, 'dz': 0.0, 'de': 0.016329999999999956, 'xy_dist': 0.8680973447718818, 'params': {'G': 1.0, 'X': 162.23, 'Y': 119.554, 'E': 10.95576}}
DECISION : ALLOW
------------------------------------------------------------
[SEQ 429] [IEEE-BASELINE]
SCORE    : anomaly_score=0.000
DECISION : ALLOW
------------------------------------------------------------
[SEQ 430] [LAYER 0]
CMD      : G92 E1000
TRUST    : acc_cmd=0.000 | acc_exec=1.000 | trust=0.046
DECISION : PAUSE
MACHINE  : Machine-2
------------------------------------------------------------
[SEQ 430] [STATIC-BASELINE]
CMD      : G92 | effects={'reset': {'G': 92.0, 'E': 1000.0}}
DECISION : BLOCK
------------------------------------------------------------
[SEQ 430] [IEEE-BASELINE]
SCORE    : anomaly_score=0.000
DECISION : ALLOW
------------------------------------------------------------
[SEQ 431] [LAYER 0]
CMD      : G1 X162.709 Y118.424 E10.97893
TRUST    : acc_cmd=0.000 | acc_exec=1.000 | trust=0.021
DECISION : PAUSE
MACHINE  : Machine-2
------------------------------------------------------------
[SEQ 431] [STATIC-BASELINE]
CMD      : G1 | effects={'dx': 0.4790000000000134, 'dy': -1.1299999999999955, 'dz': 0.0, 'de': -989.02107, 'xy_dist': 1.2273308437418178, 'params': {'G': 1.0, 'X': 162.709, 'Y': 118.424, 'E': 10.97893}}
DECISION : ALLOW
------------------------------------------------------------
[SEQ 431] [IEEE-BASELINE]
SCORE    : anomaly_score=0.000
DECISION : ALLOW
------------------------------------------------------------
[SEQ 432] [LAYER 0]
CMD      : G0 F3600 X163.002 Y118.697
TRUST    : acc_cmd=0.000 | acc_exec=0.000 | trust=0.030
DECISION : PAUSE
MACHINE  : Machine-2
------------------------------------------------------------
[SEQ 432] [STATIC-BASELINE]
CMD      : G0 | effects={'dx': 0.29300000000000637, 'dy': 0.27299999999999613, 'dz': 0.0, 'de': 0.0, 'xy_dist': 0.4004722212588554, 'params': {'G': 0.0, 'F': 3600.0, 'X': 163.002, 'Y': 118.697}}
DECISION : ALLOW
------------------------------------------------------------
[SEQ 432] [IEEE-BASELINE]
SCORE    : anomaly_score=0.000
DECISION : ALLOW
------------------------------------------------------------
[SEQ 433] [LAYER 0]
CMD      : M221 S200
TRUST    : acc_cmd=1.000 | acc_exec=1.000 | trust=0.016
DECISION : PAUSE
MACHINE  : Machine-2
------------------------------------------------------------
[SEQ 433] [STATIC-BASELINE]
CMD      : M221 | effects={'M': 221.0, 'S': 200.0}
DECISION : BLOCK
------------------------------------------------------------
[SEQ 433] [IEEE-BASELINE]
SCORE    : anomaly_score=0.000
DECISION : ALLOW
------------------------------------------------------------
[SEQ 434] [LAYER 0]
CMD      : M92 E2000
TRUST    : acc_cmd=1.000 | acc_exec=1.000 | trust=0.008
DECISION : PAUSE
MACHINE  : Machine-2
------------------------------------------------------------
[SEQ 434] [STATIC-BASELINE]
CMD      : M92 | effects={'M': 92.0, 'E': 2000.0}
DECISION : BLOCK
------------------------------------------------------------
[SEQ 434] [IEEE-BASELINE]
SCORE    : anomaly_score=0.000
DECISION : ALLOW
------------------------------------------------------------
[SEQ 435] [LAYER 0]
CMD      : M221 S200
TRUST    : acc_cmd=1.000 | acc_exec=1.000 | trust=0.004
DECISION : PAUSE
MACHINE  : Machine-2
------------------------------------------------------------
[SEQ 435] [STATIC-BASELINE]
CMD      : M221 | effects={'M': 221.0, 'S': 200.0}
DECISION : BLOCK
------------------------------------------------------------
[SEQ 435] [IEEE-BASELINE]
SCORE    : anomaly_score=0.000
DECISION : ALLOW
------------------------------------------------------------
[SEQ 436] [LAYER 0]
CMD      : G1 X165.261 Y117.628 E11.02829
TRUST    : acc_cmd=0.000 | acc_exec=0.000 | trust=0.013
DECISION : PAUSE
MACHINE  : Machine-2
------------------------------------------------------------
[SEQ 436] [STATIC-BASELINE]
CMD      : G1 | effects={'dx': 2.258999999999986, 'dy': -1.0690000000000026, 'dz': 0.0, 'de': 0.04936000000000007, 'xy_dist': 2.4991682616422493, 'params': {'G': 1.0, 'X': 165.261, 'Y': 117.628, 'E': 11.02829}}
DECISION : ALLOW
------------------------------------------------------------
[SEQ 436] [IEEE-BASELINE]
SCORE    : anomaly_score=0.000
DECISION : ALLOW
------------------------------------------------------------
[SEQ 437] [LAYER 0]
CMD      : G1 X165.854 Y117.769 E11.03976
TRUST    : acc_cmd=0.000 | acc_exec=0.000 | trust=0.061
DECISION : PAUSE
MACHINE  : Machine-2
------------------------------------------------------------
[SEQ 437] [STATIC-BASELINE]
CMD      : G1 | effects={'dx': 0.5930000000000177, 'dy': 0.14100000000000534, 'dz': 0.0, 'de': 0.011469999999999203, 'xy_dist': 0.6095326078234228, 'params': {'G': 1.0, 'X': 165.854, 'Y': 117.769, 'E': 11.03976}}
DECISION : ALLOW
------------------------------------------------------------
[SEQ 437] [IEEE-BASELINE]
SCORE    : anomaly_score=0.000
DECISION : ALLOW
------------------------------------------------------------
[SEQ 438] [LAYER 0]
CMD      : M92 E2000
TRUST    : acc_cmd=1.000 | acc_exec=1.000 | trust=0.032
DECISION : PAUSE
MACHINE  : Machine-2
------------------------------------------------------------
[SEQ 438] [STATIC-BASELINE]
CMD      : M92 | effects={'M': 92.0, 'E': 2000.0}
DECISION : BLOCK
------------------------------------------------------------
[SEQ 438] [IEEE-BASELINE]
SCORE    : anomaly_score=0.000
DECISION : ALLOW
------------------------------------------------------------
[SEQ 439] [LAYER 0]
CMD      : G92 E1000
TRUST    : acc_cmd=0.000 | acc_exec=1.000 | trust=0.015
DECISION : PAUSE
MACHINE  : Machine-2
------------------------------------------------------------
[SEQ 439] [STATIC-BASELINE]
CMD      : G92 | effects={'reset': {'G': 92.0, 'E': 1000.0}}
DECISION : BLOCK
------------------------------------------------------------
[SEQ 439] [IEEE-BASELINE]
SCORE    : anomaly_score=0.000
DECISION : ALLOW
------------------------------------------------------------
[SEQ 440] [LAYER 0]
CMD      : G1 X167.374 Y119.655 E11.08737
TRUST    : acc_cmd=0.000 | acc_exec=1.000 | trust=0.007
DECISION : PAUSE
MACHINE  : Machine-2
------------------------------------------------------------
[SEQ 440] [STATIC-BASELINE]
CMD      : G1 | effects={'dx': 1.5199999999999818, 'dy': 1.8859999999999957, 'dz': 0.0, 'de': -988.91263, 'xy_dist': 2.4222708353939137, 'params': {'G': 1.0, 'X': 167.374, 'Y': 119.655, 'E': 11.08737}}
DECISION : ALLOW
------------------------------------------------------------
[SEQ 440] [IEEE-BASELINE]
SCORE    : anomaly_score=0.000
DECISION : ALLOW
------------------------------------------------------------
[SEQ 441] [LAYER 0]
CMD      : G1 X167.359 Y120.394 E11.10127
TRUST    : acc_cmd=0.000 | acc_exec=0.000 | trust=0.016
DECISION : PAUSE
MACHINE  : Machine-2
------------------------------------------------------------
[SEQ 441] [STATIC-BASELINE]
CMD      : G1 | effects={'dx': -0.014999999999986358, 'dy': 0.7390000000000043, 'dz': 0.0, 'de': 0.01389999999999958, 'xy_dist': 0.7391522170703447, 'params': {'G': 1.0, 'X': 167.359, 'Y': 120.394, 'E': 11.10127}}
DECISION : ALLOW
------------------------------------------------------------
[SEQ 441] [IEEE-BASELINE]
SCORE    : anomaly_score=0.000
DECISION : ALLOW
------------------------------------------------------------
[SEQ 442] [LAYER 0]
CMD      : G1 X167.171 Y120.999 E11.11319
TRUST    : acc_cmd=0.000 | acc_exec=0.000 | trust=0.066
DECISION : PAUSE
MACHINE  : Machine-2
------------------------------------------------------------
[SEQ 442] [STATIC-BASELINE]
CMD      : G1 | effects={'dx': -0.1880000000000166, 'dy': 0.6049999999999898, 'dz': 0.0, 'de': 0.01191999999999993, 'xy_dist': 0.6335368971101792, 'params': {'G': 1.0, 'X': 167.171, 'Y': 120.999, 'E': 11.11319}}
DECISION : ALLOW
------------------------------------------------------------
[SEQ 442] [IEEE-BASELINE]
SCORE    : anomaly_score=0.000
DECISION : ALLOW
------------------------------------------------------------
[SEQ 443] [LAYER 0]
CMD      : G1 X166.827 Y121.536 E11.12519
TRUST    : acc_cmd=0.000 | acc_exec=0.000 | trust=0.177
DECISION : PAUSE
MACHINE  : Machine-2
------------------------------------------------------------
[SEQ 443] [STATIC-BASELINE]
CMD      : G1 | effects={'dx': -0.3439999999999941, 'dy': 0.5370000000000061, 'dz': 0.0, 'de': 0.012000000000000455, 'xy_dist': 0.6377342706801968, 'params': {'G': 1.0, 'X': 166.827, 'Y': 121.536, 'E': 11.12519}}
DECISION : ALLOW
------------------------------------------------------------
[SEQ 443] [IEEE-BASELINE]
SCORE    : anomaly_score=0.000
DECISION : ALLOW
------------------------------------------------------------
[SEQ 444] [LAYER 0]
CMD      : G1 X166.279 Y122.015 E11.13888
TRUST    : acc_cmd=0.000 | acc_exec=0.000 | trust=0.333
DECISION : PAUSE
MACHINE  : Machine-2
------------------------------------------------------------
[SEQ 444] [STATIC-BASELINE]
CMD      : G1 | effects={'dx': -0.5480000000000018, 'dy': 0.4789999999999992, 'dz': 0.0, 'de': 0.013690000000000424, 'xy_dist': 0.7278358331382162, 'params': {'G': 1.0, 'X': 166.279, 'Y': 122.015, 'E': 11.13888}}
DECISION : ALLOW
------------------------------------------------------------
[SEQ 444] [IEEE-BASELINE]
SCORE    : anomaly_score=0.000
DECISION : ALLOW
------------------------------------------------------------
[SEQ 445] [LAYER 0]
CMD      : G1 X166.038 Y122.163 E11.1442
TRUST    : acc_cmd=0.000 | acc_exec=0.000 | trust=0.498
DECISION : PAUSE
MACHINE  : Machine-2
------------------------------------------------------------
[SEQ 445] [STATIC-BASELINE]
CMD      : G1 | effects={'dx': -0.24099999999998545, 'dy': 0.14799999999999613, 'dz': 0.0, 'de': 0.005319999999999325, 'xy_dist': 0.2828161947272324, 'params': {'G': 1.0, 'X': 166.038, 'Y': 122.163, 'E': 11.1442}}
DECISION : ALLOW
------------------------------------------------------------
[SEQ 445] [IEEE-BASELINE]
SCORE    : anomaly_score=0.000
DECISION : ALLOW
------------------------------------------------------------
[SEQ 446] [LAYER 0]
CMD      : G1 X165.366 Y122.358 E11.15736
TRUST    : acc_cmd=0.000 | acc_exec=0.000 | trust=0.645
DECISION : ALLOW
MACHINE  : Machine-2
------------------------------------------------------------
[SEQ 446] [STATIC-BASELINE]
CMD      : G1 | effects={'dx': -0.671999999999997, 'dy': 0.1950000000000074, 'dz': 0.0, 'de': 0.013160000000000949, 'xy_dist': 0.6997206585488233, 'params': {'G': 1.0, 'X': 165.366, 'Y': 122.358, 'E': 11.15736}}
DECISION : ALLOW
------------------------------------------------------------
[SEQ 446] [IEEE-BASELINE]
SCORE    : anomaly_score=0.000
DECISION : ALLOW
------------------------------------------------------------
[SEQ 447] [LAYER 0]
CMD      : M92 E2000
TRUST    : acc_cmd=1.000 | acc_exec=1.000 | trust=0.283
DECISION : PAUSE
MACHINE  : Machine-2
------------------------------------------------------------
[SEQ 447] [STATIC-BASELINE]
CMD      : M92 | effects={'M': 92.0, 'E': 2000.0}
DECISION : BLOCK
------------------------------------------------------------
[SEQ 447] [IEEE-BASELINE]
SCORE    : anomaly_score=0.000
DECISION : ALLOW
------------------------------------------------------------
[SEQ 448] [LAYER 0]
CMD      : G1 X164.013 Y122.172 E11.18339
TRUST    : acc_cmd=0.000 | acc_exec=0.000 | trust=0.202
DECISION : PAUSE
MACHINE  : Machine-2
------------------------------------------------------------
[SEQ 448] [STATIC-BASELINE]
CMD      : G1 | effects={'dx': -1.3530000000000086, 'dy': -0.18600000000000705, 'dz': 0.0, 'de': 0.026029999999998665, 'xy_dist': 1.3657250821450218, 'params': {'G': 1.0, 'X': 164.013, 'Y': 122.172, 'E': 11.18339}}
DECISION : ALLOW
------------------------------------------------------------
[SEQ 448] [IEEE-BASELINE]
SCORE    : anomaly_score=0.000
DECISION : ALLOW
------------------------------------------------------------
[SEQ 449] [LAYER 0]
CMD      : G1 X163.379 Y121.768 E11.19753
TRUST    : acc_cmd=0.000 | acc_exec=0.000 | trust=0.272
DECISION : PAUSE
MACHINE  : Machine-2
------------------------------------------------------------
[SEQ 449] [STATIC-BASELINE]
CMD      : G1 | effects={'dx': -0.6340000000000146, 'dy': -0.40399999999999636, 'dz': 0.0, 'de': 0.014140000000001152, 'xy_dist': 0.7517792229105668, 'params': {'G': 1.0, 'X': 163.379, 'Y': 121.768, 'E': 11.19753}}
DECISION : ALLOW
------------------------------------------------------------
[SEQ 449] [IEEE-BASELINE]
SCORE    : anomaly_score=0.000
DECISION : ALLOW
------------------------------------------------------------
[SEQ 450] [LAYER 0]
CMD      : M92 E2000
TRUST    : acc_cmd=1.000 | acc_exec=1.000 | trust=0.124
DECISION : PAUSE
MACHINE  : Machine-2
------------------------------------------------------------
[SEQ 450] [STATIC-BASELINE]
CMD      : M92 | effects={'M': 92.0, 'E': 2000.0}
DECISION : BLOCK
------------------------------------------------------------
[SEQ 450] [IEEE-BASELINE]
SCORE    : anomaly_score=0.000
DECISION : ALLOW
------------------------------------------------------------
[SEQ 451] [LAYER 0]
CMD      : G1 X162.642 Y120.363 E11.22788
TRUST    : acc_cmd=0.000 | acc_exec=0.000 | trust=0.115
DECISION : PAUSE
MACHINE  : Machine-2
------------------------------------------------------------
[SEQ 451] [STATIC-BASELINE]
CMD      : G1 | effects={'dx': -0.7369999999999948, 'dy': -1.4050000000000011, 'dz': 0.0, 'de': 0.03035000000000032, 'xy_dist': 1.5865667335476297, 'params': {'G': 1.0, 'X': 162.642, 'Y': 120.363, 'E': 11.22788}}
DECISION : ALLOW
------------------------------------------------------------
[SEQ 451] [IEEE-BASELINE]
SCORE    : anomaly_score=0.000
DECISION : ALLOW
------------------------------------------------------------
[SEQ 452] [LAYER 0]
CMD      : M92 E2000
TRUST    : acc_cmd=1.000 | acc_exec=1.000 | trust=0.054
DECISION : PAUSE
MACHINE  : Machine-2
------------------------------------------------------------
[SEQ 452] [STATIC-BASELINE]
CMD      : M92 | effects={'M': 92.0, 'E': 2000.0}
DECISION : BLOCK
------------------------------------------------------------
[SEQ 452] [IEEE-BASELINE]
SCORE    : anomaly_score=0.000
DECISION : ALLOW
------------------------------------------------------------
[SEQ 453] [LAYER 0]
CMD      : G1 X162.919 Y118.833 E11.25762
TRUST    : acc_cmd=0.000 | acc_exec=0.000 | trust=0.066
DECISION : PAUSE
MACHINE  : Machine-2
------------------------------------------------------------
[SEQ 453] [STATIC-BASELINE]
CMD      : G1 | effects={'dx': 0.27700000000001523, 'dy': -1.5300000000000011, 'dz': 0.0, 'de': 0.029739999999998545, 'xy_dist': 1.5548726635966084, 'params': {'G': 1.0, 'X': 162.919, 'Y': 118.833, 'E': 11.25762}}
DECISION : ALLOW
------------------------------------------------------------
[SEQ 453] [IEEE-BASELINE]
SCORE    : anomaly_score=0.000
DECISION : ALLOW
------------------------------------------------------------
[SEQ 454] [LAYER 0]
CMD      : G92 E1000
TRUST    : acc_cmd=0.000 | acc_exec=1.000 | trust=0.033
DECISION : PAUSE
MACHINE  : Machine-2
------------------------------------------------------------
[SEQ 454] [STATIC-BASELINE]
CMD      : G92 | effects={'reset': {'G': 92.0, 'E': 1000.0}}
DECISION : BLOCK
------------------------------------------------------------
[SEQ 454] [IEEE-BASELINE]
SCORE    : anomaly_score=0.000
DECISION : ALLOW
------------------------------------------------------------
[SEQ 455] [LAYER 0]
CMD      : G0 F3600 X163.295 Y118.97
TRUST    : acc_cmd=0.000 | acc_exec=0.000 | trust=0.052
DECISION : PAUSE
MACHINE  : Machine-2
------------------------------------------------------------
[SEQ 455] [STATIC-BASELINE]
CMD      : G0 | effects={'dx': 0.37599999999997635, 'dy': 0.13700000000000045, 'dz': 0.0, 'de': 0.0, 'xy_dist': 0.40018120895412157, 'params': {'G': 0.0, 'F': 3600.0, 'X': 163.295, 'Y': 118.97}}
DECISION : ALLOW
------------------------------------------------------------
[SEQ 455] [IEEE-BASELINE]
SCORE    : anomaly_score=0.000
DECISION : ALLOW
------------------------------------------------------------
[SEQ 456] [LAYER 0]
CMD      : G1 F1800 X163.841 Y118.384 E11.27569
TRUST    : acc_cmd=0.000 | acc_exec=1.000 | trust=0.027
DECISION : PAUSE
MACHINE  : Machine-2
------------------------------------------------------------
[SEQ 456] [STATIC-BASELINE]
CMD      : G1 | effects={'dx': 0.5460000000000207, 'dy': -0.5859999999999985, 'dz': 0.0, 'de': -988.72431, 'xy_dist': 0.8009444425177197, 'params': {'G': 1.0, 'F': 1800.0, 'X': 163.841, 'Y': 118.384, 'E': 11.27569}}
DECISION : ALLOW
------------------------------------------------------------
[SEQ 456] [IEEE-BASELINE]
SCORE    : anomaly_score=0.000
DECISION : ALLOW
------------------------------------------------------------
[SEQ 457] [LAYER 0]
CMD      : G1 X164.45 Y118.086 E11.28844
TRUST    : acc_cmd=0.000 | acc_exec=0.000 | trust=0.048
DECISION : PAUSE
MACHINE  : Machine-2
------------------------------------------------------------
[SEQ 457] [STATIC-BASELINE]
CMD      : G1 | effects={'dx': 0.6089999999999804, 'dy': -0.2980000000000018, 'dz': 0.0, 'de': 0.012749999999998707, 'xy_dist': 0.6780007374627091, 'params': {'G': 1.0, 'X': 164.45, 'Y': 118.086, 'E': 11.28844}}
DECISION : ALLOW
------------------------------------------------------------
[SEQ 457] [IEEE-BASELINE]
SCORE    : anomaly_score=0.000
DECISION : ALLOW
------------------------------------------------------------
[SEQ 458] [LAYER 0]
CMD      : M92 E2000
TRUST    : acc_cmd=1.000 | acc_exec=1.000 | trust=0.025
DECISION : PAUSE
MACHINE  : Machine-2
------------------------------------------------------------
[SEQ 458] [STATIC-BASELINE]
CMD      : M92 | effects={'M': 92.0, 'E': 2000.0}
DECISION : BLOCK
------------------------------------------------------------
[SEQ 458] [IEEE-BASELINE]
SCORE    : anomaly_score=0.000
DECISION : ALLOW
------------------------------------------------------------
[SEQ 459] [LAYER 0]
CMD      : G1 X165.22 Y118.029 E11.30302
TRUST    : acc_cmd=0.000 | acc_exec=0.000 | trust=0.046
DECISION : PAUSE
MACHINE  : Machine-2
------------------------------------------------------------
[SEQ 459] [STATIC-BASELINE]
CMD      : G1 | effects={'dx': 0.7700000000000102, 'dy': -0.05700000000000216, 'dz': 0.0, 'de': 0.014580000000000481, 'xy_dist': 0.7721068578895126, 'params': {'G': 1.0, 'X': 165.22, 'Y': 118.029, 'E': 11.30302}}
DECISION : ALLOW
------------------------------------------------------------
[SEQ 459] [IEEE-BASELINE]
SCORE    : anomaly_score=0.000
DECISION : ALLOW
------------------------------------------------------------
[SEQ 460] [LAYER 0]
CMD      : G1 X165.71 Y118.146 E11.3125
TRUST    : acc_cmd=0.000 | acc_exec=0.000 | trust=0.130
DECISION : PAUSE
MACHINE  : Machine-2
------------------------------------------------------------
[SEQ 460] [STATIC-BASELINE]
CMD      : G1 | effects={'dx': 0.4900000000000091, 'dy': 0.11700000000000443, 'dz': 0.0, 'de': 0.009479999999999933, 'xy_dist': 0.5037747512529881, 'params': {'G': 1.0, 'X': 165.71, 'Y': 118.146, 'E': 11.3125}}
DECISION : ALLOW
------------------------------------------------------------
[SEQ 460] [IEEE-BASELINE]
SCORE    : anomaly_score=0.000
DECISION : ALLOW
------------------------------------------------------------
[SEQ 461] [LAYER 0]
CMD      : M221 S200
TRUST    : acc_cmd=1.000 | acc_exec=1.000 | trust=0.063
DECISION : PAUSE
MACHINE  : Machine-2
------------------------------------------------------------
[SEQ 461] [STATIC-BASELINE]
CMD      : M221 | effects={'M': 221.0, 'S': 200.0}
DECISION : BLOCK
------------------------------------------------------------
[SEQ 461] [IEEE-BASELINE]
SCORE    : anomaly_score=0.000
DECISION : ALLOW
------------------------------------------------------------
[SEQ 462] [LAYER 0]
CMD      : G1 X166.728 Y119.01 E11.33803
TRUST    : acc_cmd=0.000 | acc_exec=0.000 | trust=0.079
DECISION : PAUSE
MACHINE  : Machine-2
------------------------------------------------------------
[SEQ 462] [STATIC-BASELINE]
CMD      : G1 | effects={'dx': 1.0180000000000007, 'dy': 0.8640000000000043, 'dz': 0.0, 'de': 0.02552999999999983, 'xy_dist': 1.335222827845603, 'params': {'G': 1.0, 'X': 166.728, 'Y': 119.01, 'E': 11.33803}}
DECISION : ALLOW
------------------------------------------------------------
[SEQ 462] [IEEE-BASELINE]
SCORE    : anomaly_score=0.000
DECISION : ALLOW
------------------------------------------------------------
[SEQ 463] [LAYER 0]
CMD      : G1 X166.973 Y119.718 E11.35212
TRUST    : acc_cmd=0.000 | acc_exec=0.000 | trust=0.173
DECISION : PAUSE
MACHINE  : Machine-2
------------------------------------------------------------
[SEQ 463] [STATIC-BASELINE]
CMD      : G1 | effects={'dx': 0.24500000000000455, 'dy': 0.7079999999999984, 'dz': 0.0, 'de': 0.014089999999999492, 'xy_dist': 0.7491922316735539, 'params': {'G': 1.0, 'X': 166.973, 'Y': 119.718, 'E': 11.35212}}
DECISION : ALLOW
------------------------------------------------------------
[SEQ 463] [IEEE-BASELINE]
SCORE    : anomaly_score=0.000
DECISION : ALLOW
------------------------------------------------------------
[SEQ 464] [LAYER 0]
CMD      : G92 E1000
TRUST    : acc_cmd=0.000 | acc_exec=1.000 | trust=0.082
DECISION : PAUSE
MACHINE  : Machine-2
------------------------------------------------------------
[SEQ 464] [STATIC-BASELINE]
CMD      : G92 | effects={'reset': {'G': 92.0, 'E': 1000.0}}
DECISION : BLOCK
------------------------------------------------------------
[SEQ 464] [IEEE-BASELINE]
SCORE    : anomaly_score=0.000
DECISION : ALLOW
------------------------------------------------------------
[SEQ 465] [LAYER 0]
CMD      : M92 E2000
TRUST    : acc_cmd=1.000 | acc_exec=1.000 | trust=0.036
DECISION : PAUSE
MACHINE  : Machine-2
------------------------------------------------------------
[SEQ 465] [STATIC-BASELINE]
CMD      : M92 | effects={'M': 92.0, 'E': 2000.0}
DECISION : BLOCK
------------------------------------------------------------
[SEQ 465] [IEEE-BASELINE]
SCORE    : anomaly_score=0.000
DECISION : ALLOW
------------------------------------------------------------
[SEQ 466] [LAYER 0]
CMD      : G1 X166.52 Y121.274 E11.38341
TRUST    : acc_cmd=0.000 | acc_exec=1.000 | trust=0.016
DECISION : PAUSE
MACHINE  : Machine-2
------------------------------------------------------------
[SEQ 466] [STATIC-BASELINE]
CMD      : G1 | effects={'dx': -0.45300000000000296, 'dy': 1.5559999999999974, 'dz': 0.0, 'de': -988.61659, 'xy_dist': 1.620600197457718, 'params': {'G': 1.0, 'X': 166.52, 'Y': 121.274, 'E': 11.38341}}
DECISION : ALLOW
------------------------------------------------------------
[SEQ 466] [IEEE-BASELINE]
SCORE    : anomaly_score=0.000
DECISION : ALLOW
------------------------------------------------------------
[SEQ 467] [LAYER 0]
CMD      : G1 X166.016 Y121.714 E11.39599
TRUST    : acc_cmd=0.000 | acc_exec=0.000 | trust=0.021
DECISION : PAUSE
MACHINE  : Machine-2
------------------------------------------------------------
[SEQ 467] [STATIC-BASELINE]
CMD      : G1 | effects={'dx': -0.5040000000000191, 'dy': 0.4399999999999977, 'dz': 0.0, 'de': 0.012579999999999814, 'xy_dist': 0.6690411048657752, 'params': {'G': 1.0, 'X': 166.016, 'Y': 121.714, 'E': 11.39599}}
DECISION : ALLOW
------------------------------------------------------------
[SEQ 467] [IEEE-BASELINE]
SCORE    : anomaly_score=0.000
DECISION : ALLOW
------------------------------------------------------------
[SEQ 468] [LAYER 0]
CMD      : G1 X165.875 Y121.794 E11.39904
TRUST    : acc_cmd=0.000 | acc_exec=0.000 | trust=0.073
DECISION : PAUSE
MACHINE  : Machine-2
------------------------------------------------------------
[SEQ 468] [STATIC-BASELINE]
CMD      : G1 | effects={'dx': -0.14099999999999113, 'dy': 0.0799999999999983, 'dz': 0.0, 'de': 0.003049999999999997, 'xy_dist': 0.16211415730896925, 'params': {'G': 1.0, 'X': 165.875, 'Y': 121.794, 'E': 11.39904}}
DECISION : ALLOW
------------------------------------------------------------
[SEQ 468] [IEEE-BASELINE]
SCORE    : anomaly_score=0.000
DECISION : ALLOW
------------------------------------------------------------
[SEQ 469] [LAYER 0]
CMD      : G1 X165.306 Y121.959 E11.41019
TRUST    : acc_cmd=0.000 | acc_exec=0.000 | trust=0.187
DECISION : PAUSE
MACHINE  : Machine-2
------------------------------------------------------------
[SEQ 469] [STATIC-BASELINE]
CMD      : G1 | effects={'dx': -0.5689999999999884, 'dy': 0.16500000000000625, 'dz': 0.0, 'de': 0.01115000000000066, 'xy_dist': 0.592440714333501, 'params': {'G': 1.0, 'X': 165.306, 'Y': 121.959, 'E': 11.41019}}
DECISION : ALLOW
------------------------------------------------------------
[SEQ 469] [IEEE-BASELINE]
SCORE    : anomaly_score=0.000
DECISION : ALLOW
------------------------------------------------------------
[SEQ 470] [LAYER 0]
CMD      : G1 X164.719 Y121.972 E11.42123
TRUST    : acc_cmd=0.000 | acc_exec=0.000 | trust=0.344
DECISION : PAUSE
MACHINE  : Machine-2
------------------------------------------------------------
[SEQ 470] [STATIC-BASELINE]
CMD      : G1 | effects={'dx': -0.5870000000000175, 'dy': 0.012999999999991019, 'dz': 0.0, 'de': 0.011039999999999495, 'xy_dist': 0.5871439346531823, 'params': {'G': 1.0, 'X': 164.719, 'Y': 121.972, 'E': 11.42123}}
DECISION : ALLOW
------------------------------------------------------------
[SEQ 470] [IEEE-BASELINE]
SCORE    : anomaly_score=0.000
DECISION : ALLOW
------------------------------------------------------------
[SEQ 471] [LAYER 0]
CMD      : G1 X164.181 Y121.805 E11.43183
TRUST    : acc_cmd=0.000 | acc_exec=0.000 | trust=0.508
DECISION : ALLOW
MACHINE  : Machine-2
------------------------------------------------------------
[SEQ 471] [STATIC-BASELINE]
CMD      : G1 | effects={'dx': -0.5379999999999825, 'dy': -0.16699999999998738, 'dz': 0.0, 'de': 0.010600000000000165, 'xy_dist': 0.5633231754508037, 'params': {'G': 1.0, 'X': 164.181, 'Y': 121.805, 'E': 11.43183}}
DECISION : ALLOW
------------------------------------------------------------
[SEQ 471] [IEEE-BASELINE]
SCORE    : anomaly_score=0.000
DECISION : ALLOW
------------------------------------------------------------
[SEQ 472] [LAYER 0]
CMD      : M221 S200
TRUST    : acc_cmd=1.000 | acc_exec=1.000 | trust=0.226
DECISION : PAUSE
MACHINE  : Machine-2
------------------------------------------------------------
[SEQ 472] [STATIC-BASELINE]
CMD      : M221 | effects={'M': 221.0, 'S': 200.0}
DECISION : BLOCK
------------------------------------------------------------
[SEQ 472] [IEEE-BASELINE]
SCORE    : anomaly_score=0.000
DECISION : ALLOW
------------------------------------------------------------
[SEQ 473] [LAYER 0]
CMD      : G92 E1000
TRUST    : acc_cmd=0.000 | acc_exec=1.000 | trust=0.094
DECISION : PAUSE
MACHINE  : Machine-2
------------------------------------------------------------
[SEQ 473] [STATIC-BASELINE]
CMD      : G92 | effects={'reset': {'G': 92.0, 'E': 1000.0}}
DECISION : BLOCK
------------------------------------------------------------
[SEQ 473] [IEEE-BASELINE]
SCORE    : anomaly_score=0.000
DECISION : ALLOW
------------------------------------------------------------
[SEQ 474] [LAYER 0]
CMD      : G1 X163.041 Y120.303 E11.46879
TRUST    : acc_cmd=0.000 | acc_exec=1.000 | trust=0.039
DECISION : PAUSE
MACHINE  : Machine-2
------------------------------------------------------------
[SEQ 474] [STATIC-BASELINE]
CMD      : G1 | effects={'dx': -1.1400000000000148, 'dy': -1.5020000000000095, 'dz': 0.0, 'de': -988.53121, 'xy_dist': 1.8856309288935793, 'params': {'G': 1.0, 'X': 163.041, 'Y': 120.303, 'E': 11.46879}}
DECISION : ALLOW
------------------------------------------------------------
[SEQ 474] [IEEE-BASELINE]
SCORE    : anomaly_score=0.000
DECISION : ALLOW
------------------------------------------------------------
[SEQ 475] [LAYER 0]
CMD      : M92 E2000
TRUST    : acc_cmd=1.000 | acc_exec=1.000 | trust=0.017
DECISION : PAUSE
MACHINE  : Machine-2
------------------------------------------------------------
[SEQ 475] [STATIC-BASELINE]
CMD      : M92 | effects={'M': 92.0, 'E': 2000.0}
DECISION : BLOCK
------------------------------------------------------------
[SEQ 475] [IEEE-BASELINE]
SCORE    : anomaly_score=0.000
DECISION : ALLOW
------------------------------------------------------------
[SEQ 476] [LAYER 0]
CMD      : G1 X163.295 Y118.97 E11.49474
TRUST    : acc_cmd=0.000 | acc_exec=0.000 | trust=0.018
DECISION : PAUSE
MACHINE  : Machine-2
------------------------------------------------------------
[SEQ 476] [STATIC-BASELINE]
CMD      : G1 | effects={'dx': 0.2539999999999907, 'dy': -1.3329999999999984, 'dz': 0.0, 'de': 0.025949999999999918, 'xy_dist': 1.3569837876702842, 'params': {'G': 1.0, 'X': 163.295, 'Y': 118.97, 'E': 11.49474}}
DECISION : ALLOW
------------------------------------------------------------
[SEQ 476] [IEEE-BASELINE]
SCORE    : anomaly_score=0.000
DECISION : ALLOW
------------------------------------------------------------
[SEQ 477] [LAYER 0]
CMD      : G0 F3600 X163.949 Y119.441
TRUST    : acc_cmd=0.000 | acc_exec=0.000 | trust=0.063
DECISION : PAUSE
MACHINE  : Machine-2
------------------------------------------------------------
[SEQ 477] [STATIC-BASELINE]
CMD      : G0 | effects={'dx': 0.6540000000000248, 'dy': 0.47100000000000364, 'dz': 0.0, 'de': 0.0, 'xy_dist': 0.8059509910658562, 'params': {'G': 0.0, 'F': 3600.0, 'X': 163.949, 'Y': 119.441}}
DECISION : ALLOW
------------------------------------------------------------
[SEQ 477] [IEEE-BASELINE]
SCORE    : anomaly_score=0.000
DECISION : ALLOW
------------------------------------------------------------
[SEQ 478] [LAYER 0]
CMD      : G1 F1800 X164.261 Y119.069 E11.50387
TRUST    : acc_cmd=0.000 | acc_exec=0.000 | trust=0.170
DECISION : PAUSE
MACHINE  : Machine-2
------------------------------------------------------------
[SEQ 478] [STATIC-BASELINE]
CMD      : G1 | effects={'dx': 0.3119999999999834, 'dy': -0.3719999999999999, 'dz': 0.0, 'de': 0.009129999999998972, 'xy_dist': 0.48551827977944306, 'params': {'G': 1.0, 'F': 1800.0, 'X': 164.261, 'Y': 119.069, 'E': 11.50387}}
DECISION : ALLOW
------------------------------------------------------------
[SEQ 478] [IEEE-BASELINE]
SCORE    : anomaly_score=0.000
DECISION : ALLOW
------------------------------------------------------------
[SEQ 479] [LAYER 0]
CMD      : M221 S200
TRUST    : acc_cmd=1.000 | acc_exec=1.000 | trust=0.081
DECISION : PAUSE
MACHINE  : Machine-2
------------------------------------------------------------
[SEQ 479] [STATIC-BASELINE]
CMD      : M221 | effects={'M': 221.0, 'S': 200.0}
DECISION : BLOCK
------------------------------------------------------------
[SEQ 479] [IEEE-BASELINE]
SCORE    : anomaly_score=0.000
DECISION : ALLOW
------------------------------------------------------------
[SEQ 480] [LAYER 0]
CMD      : G1 X165.125 Y118.815 E11.52113
TRUST    : acc_cmd=0.000 | acc_exec=0.000 | trust=0.092
DECISION : PAUSE
MACHINE  : Machine-2
------------------------------------------------------------
[SEQ 480] [STATIC-BASELINE]
CMD      : G1 | effects={'dx': 0.8640000000000043, 'dy': -0.2540000000000049, 'dz': 0.0, 'de': 0.017260000000000275, 'xy_dist': 0.900562046724161, 'params': {'G': 1.0, 'X': 165.125, 'Y': 118.815, 'E': 11.52113}}
DECISION : ALLOW
------------------------------------------------------------
[SEQ 480] [IEEE-BASELINE]
SCORE    : anomaly_score=0.000
DECISION : ALLOW
------------------------------------------------------------
[SEQ 481] [LAYER 0]
CMD      : G1 X165.498 Y118.918 E11.52841
TRUST    : acc_cmd=0.000 | acc_exec=0.000 | trust=0.186
DECISION : PAUSE
MACHINE  : Machine-2
------------------------------------------------------------
[SEQ 481] [STATIC-BASELINE]
CMD      : G1 | effects={'dx': 0.37299999999999045, 'dy': 0.10300000000000864, 'dz': 0.0, 'de': 0.007279999999999731, 'xy_dist': 0.38695994624766356, 'params': {'G': 1.0, 'X': 165.498, 'Y': 118.918, 'E': 11.52841}}
DECISION : ALLOW
------------------------------------------------------------
[SEQ 481] [IEEE-BASELINE]
SCORE    : anomaly_score=0.000
DECISION : ALLOW
------------------------------------------------------------
[SEQ 482] [LAYER 0]
CMD      : G1 X165.759 Y119.081 E11.5342
TRUST    : acc_cmd=0.000 | acc_exec=0.000 | trust=0.336
DECISION : PAUSE
MACHINE  : Machine-2
------------------------------------------------------------
[SEQ 482] [STATIC-BASELINE]
CMD      : G1 | effects={'dx': 0.2609999999999957, 'dy': 0.1629999999999967, 'dz': 0.0, 'de': 0.005790000000001072, 'xy_dist': 0.3077174028227794, 'params': {'G': 1.0, 'X': 165.759, 'Y': 119.081, 'E': 11.5342}}
DECISION : ALLOW
------------------------------------------------------------
[SEQ 482] [IEEE-BASELINE]
SCORE    : anomaly_score=0.000
DECISION : ALLOW
------------------------------------------------------------
[SEQ 483] [LAYER 0]
CMD      : G1 X166.062 Y119.461 E11.54334
TRUST    : acc_cmd=0.000 | acc_exec=0.000 | trust=0.498
DECISION : PAUSE
MACHINE  : Machine-2
------------------------------------------------------------
[SEQ 483] [STATIC-BASELINE]
CMD      : G1 | effects={'dx': 0.3030000000000257, 'dy': 0.37999999999999545, 'dz': 0.0, 'de': 0.00914000000000037, 'xy_dist': 0.48601337430158453, 'params': {'G': 1.0, 'X': 166.062, 'Y': 119.461, 'E': 11.54334}}
DECISION : ALLOW
------------------------------------------------------------
[SEQ 483] [IEEE-BASELINE]
SCORE    : anomaly_score=0.000
DECISION : ALLOW
------------------------------------------------------------
[SEQ 484] [LAYER 0]
CMD      : G1 X166.188 Y119.894 E11.55182
TRUST    : acc_cmd=0.000 | acc_exec=0.000 | trust=0.644
DECISION : ALLOW
MACHINE  : Machine-2
------------------------------------------------------------
[SEQ 484] [STATIC-BASELINE]
CMD      : G1 | effects={'dx': 0.12599999999997635, 'dy': 0.43300000000000693, 'dz': 0.0, 'de': 0.00847999999999871, 'xy_dist': 0.45096008692566136, 'params': {'G': 1.0, 'X': 166.188, 'Y': 119.894, 'E': 11.55182}}
DECISION : ALLOW
------------------------------------------------------------
[SEQ 484] [IEEE-BASELINE]
SCORE    : anomaly_score=0.000
DECISION : ALLOW
------------------------------------------------------------
[SEQ 485] [LAYER 0]
CMD      : G1 X166.175 Y120.204 E11.55766
TRUST    : acc_cmd=0.000 | acc_exec=0.000 | trust=0.759
DECISION : ALLOW
MACHINE  : Machine-2
------------------------------------------------------------
[SEQ 485] [STATIC-BASELINE]
CMD      : G1 | effects={'dx': -0.012999999999976808, 'dy': 0.30999999999998806, 'dz': 0.0, 'de': 0.0058400000000009555, 'xy_dist': 0.3102724609113609, 'params': {'G': 1.0, 'X': 166.175, 'Y': 120.204, 'E': 11.55766}}
DECISION : ALLOW
------------------------------------------------------------
[SEQ 485] [IEEE-BASELINE]
SCORE    : anomaly_score=0.000
DECISION : ALLOW
------------------------------------------------------------
[SEQ 486] [LAYER 0]
CMD      : G92 E1000
TRUST    : acc_cmd=0.000 | acc_exec=1.000 | trust=0.330
DECISION : PAUSE
MACHINE  : Machine-2
------------------------------------------------------------
[SEQ 486] [STATIC-BASELINE]
CMD      : G92 | effects={'reset': {'G': 92.0, 'E': 1000.0}}
DECISION : BLOCK
------------------------------------------------------------
[SEQ 486] [IEEE-BASELINE]
SCORE    : anomaly_score=0.000
DECISION : ALLOW
------------------------------------------------------------
[SEQ 487] [LAYER 0]
CMD      : G92 E1000
TRUST    : acc_cmd=0.000 | acc_exec=1.000 | trust=0.137
DECISION : PAUSE
MACHINE  : Machine-2
------------------------------------------------------------
[SEQ 487] [STATIC-BASELINE]
CMD      : G92 | effects={'reset': {'G': 92.0, 'E': 1000.0}}
DECISION : BLOCK
------------------------------------------------------------
[SEQ 487] [IEEE-BASELINE]
SCORE    : anomaly_score=0.000
DECISION : ALLOW
------------------------------------------------------------
[SEQ 488] [LAYER 0]
CMD      : M221 S200
TRUST    : acc_cmd=1.000 | acc_exec=1.000 | trust=0.056
DECISION : PAUSE
MACHINE  : Machine-2
------------------------------------------------------------
[SEQ 488] [STATIC-BASELINE]
CMD      : M221 | effects={'M': 221.0, 'S': 200.0}
DECISION : BLOCK
------------------------------------------------------------
[SEQ 488] [IEEE-BASELINE]
SCORE    : anomaly_score=0.000
DECISION : ALLOW
------------------------------------------------------------
[SEQ 489] [LAYER 0]
CMD      : G1 X165.272 Y121.16 E11.58376
TRUST    : acc_cmd=0.000 | acc_exec=1.000 | trust=0.023
DECISION : PAUSE
MACHINE  : Machine-2
------------------------------------------------------------
[SEQ 489] [STATIC-BASELINE]
CMD      : G1 | effects={'dx': -0.90300000000002, 'dy': 0.9560000000000031, 'dz': 0.0, 'de': -988.41624, 'xy_dist': 1.3150456265848884, 'params': {'G': 1.0, 'X': 165.272, 'Y': 121.16, 'E': 11.58376}}
DECISION : ALLOW
------------------------------------------------------------
[SEQ 489] [IEEE-BASELINE]
SCORE    : anomaly_score=0.000
DECISION : ALLOW
------------------------------------------------------------
[SEQ 490] [LAYER 0]
CMD      : G1 X164.875 Y121.185 E11.59125
TRUST    : acc_cmd=0.000 | acc_exec=0.000 | trust=0.021
DECISION : PAUSE
MACHINE  : Machine-2
------------------------------------------------------------
[SEQ 490] [STATIC-BASELINE]
CMD      : G1 | effects={'dx': -0.39699999999999136, 'dy': 0.025000000000005684, 'dz': 0.0, 'de': 0.007490000000000663, 'xy_dist': 0.39778637482949747, 'params': {'G': 1.0, 'X': 164.875, 'Y': 121.185, 'E': 11.59125}}
DECISION : ALLOW
------------------------------------------------------------
[SEQ 490] [IEEE-BASELINE]
SCORE    : anomaly_score=0.000
DECISION : ALLOW
------------------------------------------------------------
[SEQ 491] [LAYER 0]
CMD      : G1 X164.502 Y121.082 E11.59852
TRUST    : acc_cmd=0.000 | acc_exec=0.000 | trust=0.065
DECISION : PAUSE
MACHINE  : Machine-2
------------------------------------------------------------
[SEQ 491] [STATIC-BASELINE]
CMD      : G1 | effects={'dx': -0.37299999999999045, 'dy': -0.10300000000000864, 'dz': 0.0, 'de': 0.00727000000000011, 'xy_dist': 0.38695994624766356, 'params': {'G': 1.0, 'X': 164.502, 'Y': 121.082, 'E': 11.59852}}
DECISION : ALLOW
------------------------------------------------------------
[SEQ 491] [IEEE-BASELINE]
SCORE    : anomaly_score=0.000
DECISION : ALLOW
------------------------------------------------------------
[SEQ 492] [LAYER 0]
CMD      : G1 X164.241 Y120.919 E11.60431
TRUST    : acc_cmd=0.000 | acc_exec=0.000 | trust=0.172
DECISION : PAUSE
MACHINE  : Machine-2
------------------------------------------------------------
[SEQ 492] [STATIC-BASELINE]
CMD      : G1 | effects={'dx': -0.2609999999999957, 'dy': -0.1629999999999967, 'dz': 0.0, 'de': 0.005789999999999296, 'xy_dist': 0.3077174028227794, 'params': {'G': 1.0, 'X': 164.241, 'Y': 120.919, 'E': 11.60431}}
DECISION : ALLOW
------------------------------------------------------------
[SEQ 492] [IEEE-BASELINE]
SCORE    : anomaly_score=0.000
DECISION : ALLOW
------------------------------------------------------------
[SEQ 493] [LAYER 0]
CMD      : G1 X163.943 Y120.553 E11.61319
TRUST    : acc_cmd=0.000 | acc_exec=0.000 | trust=0.325
DECISION : PAUSE
MACHINE  : Machine-2
------------------------------------------------------------
[SEQ 493] [STATIC-BASELINE]
CMD      : G1 | effects={'dx': -0.2980000000000018, 'dy': -0.36599999999999966, 'dz': 0.0, 'de': 0.008879999999999555, 'xy_dist': 0.47197457558644074, 'params': {'G': 1.0, 'X': 163.943, 'Y': 120.553, 'E': 11.61319}}
DECISION : ALLOW
------------------------------------------------------------
[SEQ 493] [IEEE-BASELINE]
SCORE    : anomaly_score=0.000
DECISION : ALLOW
------------------------------------------------------------
[SEQ 494] [LAYER 0]
CMD      : M221 S200
TRUST    : acc_cmd=1.000 | acc_exec=1.000 | trust=0.148
DECISION : PAUSE
MACHINE  : Machine-2
------------------------------------------------------------
[SEQ 494] [STATIC-BASELINE]
CMD      : M221 | effects={'M': 221.0, 'S': 200.0}
DECISION : BLOCK
------------------------------------------------------------
[SEQ 494] [IEEE-BASELINE]
SCORE    : anomaly_score=0.000
DECISION : ALLOW
------------------------------------------------------------
[SEQ 495] [LAYER 0]
CMD      : G1 X163.815 Y119.876 E11.62628
TRUST    : acc_cmd=0.000 | acc_exec=0.000 | trust=0.132
DECISION : PAUSE
MACHINE  : Machine-2
------------------------------------------------------------
[SEQ 495] [STATIC-BASELINE]
CMD      : G1 | effects={'dx': -0.12800000000001432, 'dy': -0.6769999999999925, 'dz': 0.0, 'de': 0.013090000000000046, 'xy_dist': 0.688994194460297, 'params': {'G': 1.0, 'X': 163.815, 'Y': 119.876, 'E': 11.62628}}
DECISION : ALLOW
------------------------------------------------------------
[SEQ 495] [IEEE-BASELINE]
SCORE    : anomaly_score=0.000
DECISION : ALLOW
------------------------------------------------------------
[SEQ 496] [LAYER 0]
CMD      : G1 X163.949 Y119.441 E11.63485
TRUST    : acc_cmd=0.000 | acc_exec=0.000 | trust=0.223
DECISION : PAUSE
MACHINE  : Machine-2
------------------------------------------------------------
[SEQ 496] [STATIC-BASELINE]
CMD      : G1 | effects={'dx': 0.13400000000001455, 'dy': -0.4350000000000023, 'dz': 0.0, 'de': 0.008570000000000633, 'xy_dist': 0.4551713962893603, 'params': {'G': 1.0, 'X': 163.949, 'Y': 119.441, 'E': 11.63485}}
DECISION : ALLOW
------------------------------------------------------------
[SEQ 496] [IEEE-BASELINE]
SCORE    : anomaly_score=0.000
DECISION : ALLOW
------------------------------------------------------------
[SEQ 497] [LAYER 0]
CMD      : M221 S200
TRUST    : acc_cmd=1.000 | acc_exec=1.000 | trust=0.103
DECISION : PAUSE
MACHINE  : Machine-2
------------------------------------------------------------
[SEQ 497] [STATIC-BASELINE]
CMD      : M221 | effects={'M': 221.0, 'S': 200.0}
DECISION : BLOCK
------------------------------------------------------------
[SEQ 497] [IEEE-BASELINE]
SCORE    : anomaly_score=0.000
DECISION : ALLOW
------------------------------------------------------------
[SEQ 498] [LAYER 0]
CMD      : G92 E1000
TRUST    : acc_cmd=0.000 | acc_exec=1.000 | trust=0.044
DECISION : PAUSE
MACHINE  : Machine-2
------------------------------------------------------------
[SEQ 498] [STATIC-BASELINE]
CMD      : G92 | effects={'reset': {'G': 92.0, 'E': 1000.0}}
DECISION : BLOCK
------------------------------------------------------------
[SEQ 498] [IEEE-BASELINE]
SCORE    : anomaly_score=0.000
DECISION : ALLOW
------------------------------------------------------------
[SEQ 499] [LAYER 0]
CMD      : G1 X164.626 Y118.445 E11.65837
TRUST    : acc_cmd=0.000 | acc_exec=1.000 | trust=0.019
DECISION : PAUSE
MACHINE  : Machine-2
------------------------------------------------------------
[SEQ 499] [STATIC-BASELINE]
CMD      : G1 | effects={'dx': 0.6769999999999925, 'dy': -0.9960000000000093, 'dz': 0.0, 'de': -988.34163, 'xy_dist': 1.2043027028118838, 'params': {'G': 1.0, 'X': 164.626, 'Y': 118.445, 'E': 11.65837}}
DECISION : ALLOW
------------------------------------------------------------
[SEQ 499] [IEEE-BASELINE]
SCORE    : anomaly_score=0.000
DECISION : ALLOW
------------------------------------------------------------
[SEQ 500] [LAYER 0]
CMD      : G1 X165.231 Y118.429 E11.66975
TRUST    : acc_cmd=0.000 | acc_exec=0.000 | trust=0.023
DECISION : PAUSE
MACHINE  : Machine-2
------------------------------------------------------------
[SEQ 500] [STATIC-BASELINE]
CMD      : G1 | effects={'dx': 0.6049999999999898, 'dy': -0.015999999999991132, 'dz': 0.0, 'de': 0.011380000000000834, 'xy_dist': 0.605211533267491, 'params': {'G': 1.0, 'X': 165.231, 'Y': 118.429, 'E': 11.66975}}
DECISION : ALLOW
------------------------------------------------------------
[SEQ 500] [IEEE-BASELINE]
SCORE    : anomaly_score=0.000
DECISION : ALLOW
------------------------------------------------------------
[SEQ 501] [LAYER 0]
CMD      : G1 X165.604 Y118.532 E11.67703
TRUST    : acc_cmd=0.000 | acc_exec=0.000 | trust=0.075
DECISION : PAUSE
MACHINE  : Machine-2
------------------------------------------------------------
[SEQ 501] [STATIC-BASELINE]
CMD      : G1 | effects={'dx': 0.37300000000001887, 'dy': 0.10299999999999443, 'dz': 0.0, 'de': 0.007279999999999731, 'xy_dist': 0.38695994624768715, 'params': {'G': 1.0, 'X': 165.604, 'Y': 118.532, 'E': 11.67703}}
DECISION : ALLOW
------------------------------------------------------------
[SEQ 501] [IEEE-BASELINE]
SCORE    : anomaly_score=0.000
DECISION : ALLOW
------------------------------------------------------------
[SEQ 502] [LAYER 0]
CMD      : G1 X165.971 Y118.742 E11.68499
TRUST    : acc_cmd=0.000 | acc_exec=0.000 | trust=0.189
DECISION : PAUSE
MACHINE  : Machine-2
------------------------------------------------------------
[SEQ 502] [STATIC-BASELINE]
CMD      : G1 | effects={'dx': 0.3669999999999902, 'dy': 0.21000000000000796, 'dz': 0.0, 'de': 0.007960000000000633, 'xy_dist': 0.4228344829835856, 'params': {'G': 1.0, 'X': 165.971, 'Y': 118.742, 'E': 11.68499}}
DECISION : ALLOW
------------------------------------------------------------
[SEQ 502] [IEEE-BASELINE]
SCORE    : anomaly_score=0.000
DECISION : ALLOW
------------------------------------------------------------
[SEQ 503] [LAYER 0]
CMD      : G1 X166.375 Y119.212 E11.69664
TRUST    : acc_cmd=0.000 | acc_exec=0.000 | trust=0.346
DECISION : PAUSE
MACHINE  : Machine-2
------------------------------------------------------------
[SEQ 503] [STATIC-BASELINE]
CMD      : G1 | effects={'dx': 0.40399999999999636, 'dy': 0.46999999999999886, 'dz': 0.0, 'de': 0.011649999999999494, 'xy_dist': 0.6197709254232535, 'params': {'G': 1.0, 'X': 166.375, 'Y': 119.212, 'E': 11.69664}}
DECISION : ALLOW
------------------------------------------------------------
[SEQ 503] [IEEE-BASELINE]
SCORE    : anomaly_score=0.000
DECISION : ALLOW
------------------------------------------------------------
[SEQ 504] [LAYER 0]
CMD      : G1 X166.572 Y119.782 E11.70799
TRUST    : acc_cmd=0.000 | acc_exec=0.000 | trust=0.510
DECISION : ALLOW
MACHINE  : Machine-2
------------------------------------------------------------
[SEQ 504] [STATIC-BASELINE]
CMD      : G1 | effects={'dx': 0.19700000000000273, 'dy': 0.5699999999999932, 'dz': 0.0, 'de': 0.011350000000000193, 'xy_dist': 0.6030829130393212, 'params': {'G': 1.0, 'X': 166.572, 'Y': 119.782, 'E': 11.70799}}
DECISION : ALLOW
------------------------------------------------------------
[SEQ 504] [IEEE-BASELINE]
SCORE    : anomaly_score=0.000
DECISION : ALLOW
------------------------------------------------------------
[SEQ 505] [LAYER 0]
CMD      : G1 X166.575 Y120.221 E11.71625
TRUST    : acc_cmd=0.000 | acc_exec=0.000 | trust=0.654
DECISION : ALLOW
MACHINE  : Machine-2
------------------------------------------------------------
[SEQ 505] [STATIC-BASELINE]
CMD      : G1 | effects={'dx': 0.002999999999985903, 'dy': 0.43900000000000716, 'dz': 0.0, 'de': 0.008259999999999934, 'xy_dist': 0.43901025044981146, 'params': {'G': 1.0, 'X': 166.575, 'Y': 120.221, 'E': 11.71625}}
DECISION : ALLOW
------------------------------------------------------------
[SEQ 505] [IEEE-BASELINE]
SCORE    : anomaly_score=0.000
DECISION : ALLOW
------------------------------------------------------------
[SEQ 506] [LAYER 0]
CMD      : G92 E1000
TRUST    : acc_cmd=0.000 | acc_exec=1.000 | trust=0.287
DECISION : PAUSE
MACHINE  : Machine-2
------------------------------------------------------------
[SEQ 506] [STATIC-BASELINE]
CMD      : G92 | effects={'reset': {'G': 92.0, 'E': 1000.0}}
DECISION : BLOCK
------------------------------------------------------------
[SEQ 506] [IEEE-BASELINE]
SCORE    : anomaly_score=0.000
DECISION : ALLOW
------------------------------------------------------------
[SEQ 507] [LAYER 0]
CMD      : G1 X166.257 Y120.973 E11.73173
TRUST    : acc_cmd=0.000 | acc_exec=1.000 | trust=0.119
DECISION : PAUSE
MACHINE  : Machine-2
------------------------------------------------------------
[SEQ 507] [STATIC-BASELINE]
CMD      : G1 | effects={'dx': -0.31799999999998363, 'dy': 0.7519999999999953, 'dz': 0.0, 'de': -988.26827, 'xy_dist': 0.8164729021835216, 'params': {'G': 1.0, 'X': 166.257, 'Y': 120.973, 'E': 11.73173}}
DECISION : ALLOW
------------------------------------------------------------
[SEQ 507] [IEEE-BASELINE]
SCORE    : anomaly_score=0.000
DECISION : ALLOW
------------------------------------------------------------
[SEQ 508] [LAYER 0]
CMD      : M221 S200
TRUST    : acc_cmd=1.000 | acc_exec=1.000 | trust=0.049
DECISION : PAUSE
MACHINE  : Machine-2
------------------------------------------------------------
[SEQ 508] [STATIC-BASELINE]
CMD      : M221 | effects={'M': 221.0, 'S': 200.0}
DECISION : BLOCK
------------------------------------------------------------
[SEQ 508] [IEEE-BASELINE]
SCORE    : anomaly_score=0.000
DECISION : ALLOW
------------------------------------------------------------
[SEQ 509] [LAYER 0]
CMD      : G1 X165.297 Y121.559 E11.75332
TRUST    : acc_cmd=0.000 | acc_exec=0.000 | trust=0.037
DECISION : PAUSE
MACHINE  : Machine-2
------------------------------------------------------------
[SEQ 509] [STATIC-BASELINE]
CMD      : G1 | effects={'dx': -0.960000000000008, 'dy': 0.5859999999999985, 'dz': 0.0, 'de': 0.021589999999999776, 'xy_dist': 1.1247204097019017, 'params': {'G': 1.0, 'X': 165.297, 'Y': 121.559, 'E': 11.75332}}
DECISION : ALLOW
------------------------------------------------------------
[SEQ 509] [IEEE-BASELINE]
SCORE    : anomaly_score=0.000
DECISION : ALLOW
------------------------------------------------------------
[SEQ 510] [LAYER 0]
CMD      : G1 X164.769 Y121.571 E11.76326
TRUST    : acc_cmd=0.000 | acc_exec=0.000 | trust=0.085
DECISION : PAUSE
MACHINE  : Machine-2
------------------------------------------------------------
[SEQ 510] [STATIC-BASELINE]
CMD      : G1 | effects={'dx': -0.5279999999999916, 'dy': 0.012000000000000455, 'dz': 0.0, 'de': 0.009940000000000282, 'xy_dist': 0.5281363460319609, 'params': {'G': 1.0, 'X': 164.769, 'Y': 121.571, 'E': 11.76326}}
DECISION : ALLOW
------------------------------------------------------------
[SEQ 510] [IEEE-BASELINE]
SCORE    : anomaly_score=0.000
DECISION : ALLOW
------------------------------------------------------------
[SEQ 511] [LAYER 0]
CMD      : M92 E2000
TRUST    : acc_cmd=1.000 | acc_exec=1.000 | trust=0.042
DECISION : PAUSE
MACHINE  : Machine-2
------------------------------------------------------------
[SEQ 511] [STATIC-BASELINE]
CMD      : M92 | effects={'M': 92.0, 'E': 2000.0}
DECISION : BLOCK
------------------------------------------------------------
[SEQ 511] [IEEE-BASELINE]
SCORE    : anomaly_score=0.000
DECISION : ALLOW
------------------------------------------------------------
[SEQ 512] [LAYER 0]
CMD      : G1 X163.931 Y121.172 E11.7809
TRUST    : acc_cmd=0.000 | acc_exec=0.000 | trust=0.063
DECISION : PAUSE
MACHINE  : Machine-2
------------------------------------------------------------
[SEQ 512] [STATIC-BASELINE]
CMD      : G1 | effects={'dx': -0.8379999999999939, 'dy': -0.3990000000000009, 'dz': 0.0, 'de': 0.0176400000000001, 'xy_dist': 0.9281406143467651, 'params': {'G': 1.0, 'X': 163.931, 'Y': 121.172, 'E': 11.7809}}
DECISION : ALLOW
------------------------------------------------------------
[SEQ 512] [IEEE-BASELINE]
SCORE    : anomaly_score=0.000
DECISION : ALLOW
------------------------------------------------------------
[SEQ 513] [LAYER 0]
CMD      : G1 X163.567 Y120.691 E11.79225
TRUST    : acc_cmd=0.000 | acc_exec=0.000 | trust=0.154
DECISION : PAUSE
MACHINE  : Machine-2
------------------------------------------------------------
[SEQ 513] [STATIC-BASELINE]
CMD      : G1 | effects={'dx': -0.3640000000000043, 'dy': -0.48099999999999454, 'dz': 0.0, 'de': 0.011349999999998417, 'xy_dist': 0.6032056034222476, 'params': {'G': 1.0, 'X': 163.567, 'Y': 120.691, 'E': 11.79225}}
DECISION : ALLOW
------------------------------------------------------------
[SEQ 513] [IEEE-BASELINE]
SCORE    : anomaly_score=0.000
DECISION : ALLOW
------------------------------------------------------------
[SEQ 514] [LAYER 0]
CMD      : G1 X163.441 Y120.297 E11.80003
TRUST    : acc_cmd=0.000 | acc_exec=0.000 | trust=0.299
DECISION : PAUSE
MACHINE  : Machine-2
------------------------------------------------------------
[SEQ 514] [STATIC-BASELINE]
CMD      : G1 | effects={'dx': -0.12600000000000477, 'dy': -0.39400000000000546, 'dz': 0.0, 'de': 0.007780000000000342, 'xy_dist': 0.4136568626289252, 'params': {'G': 1.0, 'X': 163.441, 'Y': 120.297, 'E': 11.80003}}
DECISION : ALLOW
------------------------------------------------------------
[SEQ 514] [IEEE-BASELINE]
SCORE    : anomaly_score=0.000
DECISION : ALLOW
------------------------------------------------------------
[SEQ 515] [LAYER 0]
CMD      : G1 X163.433 Y119.758 E11.81017
TRUST    : acc_cmd=0.000 | acc_exec=0.000 | trust=0.464
DECISION : PAUSE
MACHINE  : Machine-2
------------------------------------------------------------
[SEQ 515] [STATIC-BASELINE]
CMD      : G1 | effects={'dx': -0.008000000000009777, 'dy': -0.5390000000000015, 'dz': 0.0, 'de': 0.010139999999999816, 'xy_dist': 0.53905936593292, 'params': {'G': 1.0, 'X': 163.433, 'Y': 119.758, 'E': 11.81017}}
DECISION : ALLOW
------------------------------------------------------------
[SEQ 515] [IEEE-BASELINE]
SCORE    : anomaly_score=0.000
DECISION : ALLOW
------------------------------------------------------------
[SEQ 516] [LAYER 0]
CMD      : M92 E2000
TRUST    : acc_cmd=1.000 | acc_exec=1.000 | trust=0.207
DECISION : PAUSE
MACHINE  : Machine-2
------------------------------------------------------------
[SEQ 516] [STATIC-BASELINE]
CMD      : M92 | effects={'M': 92.0, 'E': 2000.0}
DECISION : BLOCK
------------------------------------------------------------
[SEQ 516] [IEEE-BASELINE]
SCORE    : anomaly_score=0.000
DECISION : ALLOW
------------------------------------------------------------
[SEQ 517] [LAYER 0]
CMD      : G0 F600 X163.643 Y119.184 Z0.4
TRUST    : acc_cmd=0.000 | acc_exec=0.000 | trust=0.164
DECISION : PAUSE
MACHINE  : Machine-2
------------------------------------------------------------
[SEQ 517] [STATIC-BASELINE]
CMD      : G0 | effects={'dx': 0.21000000000000796, 'dy': -0.5739999999999981, 'dz': -19.601000000000003, 'de': 0.0, 'xy_dist': 0.6112086386824069, 'params': {'G': 0.0, 'F': 600.0, 'X': 163.643, 'Y': 119.184, 'Z': 0.4}}
DECISION : ALLOW
------------------------------------------------------------
[SEQ 517] [IEEE-BASELINE]
SCORE    : anomaly_score=0.000
DECISION : ALLOW
------------------------------------------------------------
[SEQ 518] [LAYER 0]
CMD      : G92 E1000
TRUST    : acc_cmd=0.000 | acc_exec=1.000 | trust=0.075
DECISION : PAUSE
MACHINE  : Machine-2
------------------------------------------------------------
[SEQ 518] [STATIC-BASELINE]
CMD      : G92 | effects={'reset': {'G': 92.0, 'E': 1000.0}}
DECISION : BLOCK
------------------------------------------------------------
[SEQ 518] [IEEE-BASELINE]
SCORE    : anomaly_score=0.000
DECISION : ALLOW
------------------------------------------------------------
[SEQ 519] [LAYER 0]
CMD      : ;TIME_ELAPSED:26.586445
TRUST    : acc_cmd=0.000 | acc_exec=0.000 | trust=0.078
DECISION : PAUSE
MACHINE  : Machine-2
------------------------------------------------------------
[SEQ 519] [STATIC-BASELINE]
CMD      : None | effects={}
DECISION : ALLOW
------------------------------------------------------------
[SEQ 519] [IEEE-BASELINE]
SCORE    : anomaly_score=0.000
DECISION : ALLOW
------------------------------------------------------------
[SEQ 520] [LAYER 1]
CMD      : ;LAYER:1
TRUST    : acc_cmd=0.000 | acc_exec=0.000 | trust=0.164
DECISION : PAUSE
MACHINE  : Machine-2
------------------------------------------------------------
[SEQ 520] [STATIC-BASELINE]
CMD      : None | effects={}
DECISION : ALLOW
------------------------------------------------------------
[SEQ 520] [IEEE-BASELINE]
SCORE    : anomaly_score=0.000
DECISION : ALLOW
------------------------------------------------------------
[SEQ 521] [LAYER 1]
CMD      : ;note -- min layer time used
TRUST    : acc_cmd=0.000 | acc_exec=0.000 | trust=0.308
DECISION : PAUSE
MACHINE  : Machine-2
------------------------------------------------------------
[SEQ 521] [STATIC-BASELINE]
CMD      : None | effects={}
DECISION : ALLOW
------------------------------------------------------------
[SEQ 521] [IEEE-BASELINE]
SCORE    : anomaly_score=0.000
DECISION : ALLOW
------------------------------------------------------------
[SEQ 522] [LAYER 1]
CMD      : M106 S255
TRUST    : acc_cmd=0.000 | acc_exec=0.000 | trust=0.471
DECISION : PAUSE
MACHINE  : Machine-2
------------------------------------------------------------
[SEQ 522] [STATIC-BASELINE]
CMD      : M106 | effects={'M': 106.0, 'S': 255.0}
DECISION : ALLOW
------------------------------------------------------------
[SEQ 522] [IEEE-BASELINE]
SCORE    : anomaly_score=0.000
DECISION : ALLOW
------------------------------------------------------------
[SEQ 523] [LAYER 1]
CMD      : M221 S200
TRUST    : acc_cmd=1.000 | acc_exec=1.000 | trust=0.210
DECISION : PAUSE
MACHINE  : Machine-2
------------------------------------------------------------
[SEQ 523] [STATIC-BASELINE]
CMD      : M221 | effects={'M': 221.0, 'S': 200.0}
DECISION : BLOCK
------------------------------------------------------------
[SEQ 523] [IEEE-BASELINE]
SCORE    : anomaly_score=0.000
DECISION : ALLOW
------------------------------------------------------------
[SEQ 524] [LAYER 1]
CMD      : ;MESH:references\stl\flatplate.stl
TRUST    : acc_cmd=0.000 | acc_exec=0.000 | trust=0.166
DECISION : PAUSE
MACHINE  : Machine-2
------------------------------------------------------------
[SEQ 524] [STATIC-BASELINE]
CMD      : None | effects={}
DECISION : ALLOW
------------------------------------------------------------
[SEQ 524] [IEEE-BASELINE]
SCORE    : anomaly_score=0.000
DECISION : ALLOW
------------------------------------------------------------
[SEQ 525] [LAYER 1]
CMD      : G92 E1000
TRUST    : acc_cmd=0.000 | acc_exec=1.000 | trust=0.075
DECISION : PAUSE
MACHINE  : Machine-2
------------------------------------------------------------
[SEQ 525] [STATIC-BASELINE]
CMD      : G92 | effects={'reset': {'G': 92.0, 'E': 1000.0}}
DECISION : BLOCK
------------------------------------------------------------
[SEQ 525] [IEEE-BASELINE]
SCORE    : anomaly_score=0.000
DECISION : ALLOW
------------------------------------------------------------
[SEQ 526] [LAYER 1]
CMD      : G1 X164.372 Y119.13 E11.82263
TRUST    : acc_cmd=0.000 | acc_exec=1.000 | trust=0.033
DECISION : PAUSE
MACHINE  : Machine-2
------------------------------------------------------------
[SEQ 526] [STATIC-BASELINE]
CMD      : G1 | effects={'dx': 0.7290000000000134, 'dy': -0.054000000000002046, 'dz': 0.0, 'de': -988.17737, 'xy_dist': 0.7309972640167813, 'params': {'G': 1.0, 'X': 164.372, 'Y': 119.13, 'E': 11.82263}}
DECISION : ALLOW
------------------------------------------------------------
[SEQ 526] [IEEE-BASELINE]
SCORE    : anomaly_score=0.000
DECISION : ALLOW
------------------------------------------------------------
[SEQ 527] [LAYER 1]
CMD      : M221 S200
TRUST    : acc_cmd=1.000 | acc_exec=1.000 | trust=0.014
DECISION : PAUSE
MACHINE  : Machine-2
------------------------------------------------------------
[SEQ 527] [STATIC-BASELINE]
CMD      : M221 | effects={'M': 221.0, 'S': 200.0}
DECISION : BLOCK
------------------------------------------------------------
[SEQ 527] [IEEE-BASELINE]
SCORE    : anomaly_score=0.000
DECISION : ALLOW
------------------------------------------------------------
[SEQ 528] [LAYER 1]
CMD      : M221 S200
TRUST    : acc_cmd=1.000 | acc_exec=1.000 | trust=0.006
DECISION : PAUSE
MACHINE  : Machine-2
------------------------------------------------------------
[SEQ 528] [STATIC-BASELINE]
CMD      : M221 | effects={'M': 221.0, 'S': 200.0}
DECISION : BLOCK
------------------------------------------------------------
[SEQ 528] [IEEE-BASELINE]
SCORE    : anomaly_score=0.000
DECISION : ALLOW
------------------------------------------------------------
[SEQ 529] [LAYER 1]
CMD      : G0 F600 X164.422 Y119.159 Z0.6
TRUST    : acc_cmd=0.000 | acc_exec=0.000 | trust=0.013
DECISION : PAUSE
MACHINE  : Machine-2
------------------------------------------------------------
[SEQ 529] [STATIC-BASELINE]
CMD      : G0 | effects={'dx': 0.04999999999998295, 'dy': 0.029000000000010573, 'dz': 0.19999999999999996, 'de': 0.0, 'xy_dist': 0.057801384066464255, 'params': {'G': 0.0, 'F': 600.0, 'X': 164.422, 'Y': 119.159, 'Z': 0.6}}
DECISION : ALLOW
------------------------------------------------------------
[SEQ 529] [IEEE-BASELINE]
SCORE    : anomaly_score=0.000
DECISION : ALLOW
------------------------------------------------------------
[SEQ 530] [LAYER 1]
CMD      : M221 S200
TRUST    : acc_cmd=1.000 | acc_exec=1.000 | trust=0.008
DECISION : PAUSE
MACHINE  : Machine-2
------------------------------------------------------------
[SEQ 530] [STATIC-BASELINE]
CMD      : M221 | effects={'M': 221.0, 'S': 200.0}
DECISION : BLOCK
------------------------------------------------------------
[SEQ 530] [IEEE-BASELINE]
SCORE    : anomaly_score=0.000
DECISION : ALLOW
------------------------------------------------------------
[SEQ 531] [LAYER 1]
CMD      : ;TIME_ELAPSED:26.669138
TRUST    : acc_cmd=0.000 | acc_exec=0.000 | trust=0.026
DECISION : PAUSE
MACHINE  : Machine-2
------------------------------------------------------------
[SEQ 531] [STATIC-BASELINE]
CMD      : None | effects={}
DECISION : ALLOW
------------------------------------------------------------
[SEQ 531] [IEEE-BASELINE]
SCORE    : anomaly_score=0.000
DECISION : ALLOW
------------------------------------------------------------
[SEQ 532] [LAYER 2]
CMD      : ;LAYER:2
TRUST    : acc_cmd=0.000 | acc_exec=0.000 | trust=0.095
DECISION : PAUSE
MACHINE  : Machine-2
------------------------------------------------------------
[SEQ 532] [STATIC-BASELINE]
CMD      : None | effects={}
DECISION : ALLOW
------------------------------------------------------------
[SEQ 532] [IEEE-BASELINE]
SCORE    : anomaly_score=0.000
DECISION : ALLOW
------------------------------------------------------------
[SEQ 533] [LAYER 2]
CMD      : ;note -- min layer time used
TRUST    : acc_cmd=0.000 | acc_exec=0.000 | trust=0.223
DECISION : PAUSE
MACHINE  : Machine-2
------------------------------------------------------------
[SEQ 533] [STATIC-BASELINE]
CMD      : None | effects={}
DECISION : ALLOW
------------------------------------------------------------
[SEQ 533] [IEEE-BASELINE]
SCORE    : anomaly_score=0.000
DECISION : ALLOW
------------------------------------------------------------
[SEQ 534] [LAYER 2]
CMD      : M92 E2000
TRUST    : acc_cmd=1.000 | acc_exec=1.000 | trust=0.104
DECISION : PAUSE
MACHINE  : Machine-2
------------------------------------------------------------
[SEQ 534] [STATIC-BASELINE]
CMD      : M92 | effects={'M': 92.0, 'E': 2000.0}
DECISION : BLOCK
------------------------------------------------------------
[SEQ 534] [IEEE-BASELINE]
SCORE    : anomaly_score=0.000
DECISION : ALLOW
------------------------------------------------------------
[SEQ 535] [LAYER 2]
CMD      : ;MESH:references\stl\flatplate.stl
TRUST    : acc_cmd=0.000 | acc_exec=0.000 | trust=0.107
DECISION : PAUSE
MACHINE  : Machine-2
------------------------------------------------------------
[SEQ 535] [STATIC-BASELINE]
CMD      : None | effects={}
DECISION : ALLOW
------------------------------------------------------------
[SEQ 535] [IEEE-BASELINE]
SCORE    : anomaly_score=0.000
DECISION : ALLOW
------------------------------------------------------------
[SEQ 536] [LAYER 2]
CMD      : M92 E2000
TRUST    : acc_cmd=1.000 | acc_exec=1.000 | trust=0.050
DECISION : PAUSE
MACHINE  : Machine-2
------------------------------------------------------------
[SEQ 536] [STATIC-BASELINE]
CMD      : M92 | effects={'M': 92.0, 'E': 2000.0}
DECISION : BLOCK
------------------------------------------------------------
[SEQ 536] [IEEE-BASELINE]
SCORE    : anomaly_score=0.000
DECISION : ALLOW
------------------------------------------------------------
[SEQ 537] [LAYER 2]
CMD      : G92 E1000
TRUST    : acc_cmd=0.000 | acc_exec=1.000 | trust=0.022
DECISION : PAUSE
MACHINE  : Machine-2
------------------------------------------------------------
[SEQ 537] [STATIC-BASELINE]
CMD      : G92 | effects={'reset': {'G': 92.0, 'E': 1000.0}}
DECISION : BLOCK
------------------------------------------------------------
[SEQ 537] [IEEE-BASELINE]
SCORE    : anomaly_score=0.000
DECISION : ALLOW
------------------------------------------------------------
[SEQ 538] [LAYER 2]
CMD      : M92 E2000
TRUST    : acc_cmd=1.000 | acc_exec=1.000 | trust=0.010
DECISION : PAUSE
MACHINE  : Machine-2
------------------------------------------------------------
[SEQ 538] [STATIC-BASELINE]
CMD      : M92 | effects={'M': 92.0, 'E': 2000.0}
DECISION : BLOCK
------------------------------------------------------------
[SEQ 538] [IEEE-BASELINE]
SCORE    : anomaly_score=0.000
DECISION : ALLOW
------------------------------------------------------------
[SEQ 539] [LAYER 2]
CMD      : M92 E2000
TRUST    : acc_cmd=1.000 | acc_exec=1.000 | trust=0.005
DECISION : PAUSE
MACHINE  : Machine-2
------------------------------------------------------------
[SEQ 539] [STATIC-BASELINE]
CMD      : M92 | effects={'M': 92.0, 'E': 2000.0}
DECISION : BLOCK
------------------------------------------------------------
[SEQ 539] [IEEE-BASELINE]
SCORE    : anomaly_score=0.000
DECISION : ALLOW
------------------------------------------------------------
[SEQ 540] [LAYER 2]
CMD      : G92 E1000
TRUST    : acc_cmd=0.000 | acc_exec=1.000 | trust=0.002
DECISION : PAUSE
MACHINE  : Machine-2
------------------------------------------------------------
[SEQ 540] [STATIC-BASELINE]
CMD      : G92 | effects={'reset': {'G': 92.0, 'E': 1000.0}}
DECISION : BLOCK
------------------------------------------------------------
[SEQ 540] [IEEE-BASELINE]
SCORE    : anomaly_score=0.000
DECISION : ALLOW
------------------------------------------------------------
[SEQ 541] [LAYER 2]
CMD      : G0 F7200 X165.448 Y119.994
TRUST    : acc_cmd=0.000 | acc_exec=0.000 | trust=0.009
DECISION : PAUSE
MACHINE  : Machine-2
------------------------------------------------------------
[SEQ 541] [STATIC-BASELINE]
CMD      : G0 | effects={'dx': 1.0260000000000105, 'dy': 0.8349999999999937, 'dz': 0.0, 'de': 0.0, 'xy_dist': 1.3228382365202522, 'params': {'G': 0.0, 'F': 7200.0, 'X': 165.448, 'Y': 119.994}}
DECISION : ALLOW
------------------------------------------------------------
[SEQ 541] [IEEE-BASELINE]
SCORE    : anomaly_score=0.000
DECISION : ALLOW
------------------------------------------------------------
[SEQ 542] [LAYER 2]
CMD      : ;TIME_ELAPSED:26.793130
TRUST    : acc_cmd=0.000 | acc_exec=0.000 | trust=0.051
DECISION : PAUSE
MACHINE  : Machine-2
------------------------------------------------------------
[SEQ 542] [STATIC-BASELINE]
CMD      : None | effects={}
DECISION : ALLOW
------------------------------------------------------------
[SEQ 542] [IEEE-BASELINE]
SCORE    : anomaly_score=0.000
DECISION : ALLOW
------------------------------------------------------------
[SEQ 543] [LAYER 3]
CMD      : ;LAYER:3
TRUST    : acc_cmd=0.000 | acc_exec=0.000 | trust=0.150
DECISION : PAUSE
MACHINE  : Machine-2
------------------------------------------------------------
[SEQ 543] [STATIC-BASELINE]
CMD      : None | effects={}
DECISION : ALLOW
------------------------------------------------------------
[SEQ 543] [IEEE-BASELINE]
SCORE    : anomaly_score=0.000
DECISION : ALLOW
------------------------------------------------------------
[SEQ 544] [LAYER 3]
CMD      : ;note -- min layer time used
TRUST    : acc_cmd=0.000 | acc_exec=0.000 | trust=0.299
DECISION : PAUSE
MACHINE  : Machine-2
------------------------------------------------------------
[SEQ 544] [STATIC-BASELINE]
CMD      : None | effects={}
DECISION : ALLOW
------------------------------------------------------------
[SEQ 544] [IEEE-BASELINE]
SCORE    : anomaly_score=0.000
DECISION : ALLOW
------------------------------------------------------------
[SEQ 545] [LAYER 3]
CMD      : M104 S210
TRUST    : acc_cmd=0.000 | acc_exec=0.000 | trust=0.465
DECISION : PAUSE
MACHINE  : Machine-2
------------------------------------------------------------
[SEQ 545] [STATIC-BASELINE]
CMD      : M104 | effects={'M': 104.0, 'S': 210.0, 'prev_temp': 215.0}
DECISION : ALLOW
------------------------------------------------------------
[SEQ 545] [IEEE-BASELINE]
SCORE    : anomaly_score=0.000
DECISION : ALLOW
------------------------------------------------------------
[SEQ 546] [LAYER 3]
CMD      : ;TYPE:WALL-OUTER
TRUST    : acc_cmd=0.000 | acc_exec=0.000 | trust=0.617
DECISION : ALLOW
MACHINE  : Machine-2
------------------------------------------------------------
[SEQ 546] [STATIC-BASELINE]
CMD      : None | effects={}
DECISION : ALLOW
------------------------------------------------------------
[SEQ 546] [IEEE-BASELINE]
SCORE    : anomaly_score=0.000
DECISION : ALLOW
------------------------------------------------------------
[SEQ 547] [LAYER 3]
CMD      : M221 S200
TRUST    : acc_cmd=1.000 | acc_exec=1.000 | trust=0.271
DECISION : PAUSE
MACHINE  : Machine-2
------------------------------------------------------------
[SEQ 547] [STATIC-BASELINE]
CMD      : M221 | effects={'M': 221.0, 'S': 200.0}
DECISION : BLOCK
------------------------------------------------------------
[SEQ 547] [IEEE-BASELINE]
SCORE    : anomaly_score=0.000
DECISION : ALLOW
------------------------------------------------------------
[SEQ 548] [LAYER 3]
CMD      : M221 S200
TRUST    : acc_cmd=1.000 | acc_exec=1.000 | trust=0.113
DECISION : PAUSE
MACHINE  : Machine-2
------------------------------------------------------------
[SEQ 548] [STATIC-BASELINE]
CMD      : M221 | effects={'M': 221.0, 'S': 200.0}
DECISION : BLOCK
------------------------------------------------------------
[SEQ 548] [IEEE-BASELINE]
SCORE    : anomaly_score=0.000
DECISION : ALLOW
------------------------------------------------------------
[SEQ 549] [LAYER 3]
CMD      : M221 S200
TRUST    : acc_cmd=1.000 | acc_exec=1.000 | trust=0.047
DECISION : PAUSE
MACHINE  : Machine-2
------------------------------------------------------------
[SEQ 549] [STATIC-BASELINE]
CMD      : M221 | effects={'M': 221.0, 'S': 200.0}
DECISION : BLOCK
------------------------------------------------------------
[SEQ 549] [IEEE-BASELINE]
SCORE    : anomaly_score=0.000
DECISION : ALLOW
------------------------------------------------------------
[SEQ 550] [LAYER 3]
CMD      : G1 X165.448 Y119.994 E11.82659
TRUST    : acc_cmd=0.000 | acc_exec=1.000 | trust=0.020
DECISION : PAUSE
MACHINE  : Machine-2
------------------------------------------------------------
[SEQ 550] [STATIC-BASELINE]
CMD      : G1 | effects={'dx': 0.0, 'dy': 0.0, 'dz': 0.0, 'de': -988.17341, 'xy_dist': 0.0, 'params': {'G': 1.0, 'X': 165.448, 'Y': 119.994, 'E': 11.82659}}
DECISION : ALLOW
------------------------------------------------------------
[SEQ 550] [IEEE-BASELINE]
SCORE    : anomaly_score=0.000
DECISION : ALLOW
------------------------------------------------------------
[SEQ 551] [LAYER 3]
CMD      : G1 F1500 E5.32659
TRUST    : acc_cmd=0.000 | acc_exec=0.000 | trust=0.019
DECISION : PAUSE
MACHINE  : Machine-2
------------------------------------------------------------
[SEQ 551] [STATIC-BASELINE]
CMD      : G1 | effects={'dx': 0.0, 'dy': 0.0, 'dz': 0.0, 'de': -6.499999999999999, 'xy_dist': 0.0, 'params': {'G': 1.0, 'F': 1500.0, 'E': 5.32659}}
DECISION : ALLOW
------------------------------------------------------------
[SEQ 551] [IEEE-BASELINE]
SCORE    : anomaly_score=0.000
DECISION : ALLOW
------------------------------------------------------------
[SEQ 552] [LAYER 3]
CMD      : ;MESH:NONMESH
TRUST    : acc_cmd=0.000 | acc_exec=0.000 | trust=0.064
DECISION : PAUSE
MACHINE  : Machine-2
------------------------------------------------------------
[SEQ 552] [STATIC-BASELINE]
CMD      : None | effects={}
DECISION : ALLOW
------------------------------------------------------------
[SEQ 552] [IEEE-BASELINE]
SCORE    : anomaly_score=0.000
DECISION : ALLOW
------------------------------------------------------------
[SEQ 553] [LAYER 3]
CMD      : G0 F600 X165.448 Y119.994 Z1
TRUST    : acc_cmd=0.000 | acc_exec=0.000 | trust=0.171
DECISION : PAUSE
MACHINE  : Machine-2
------------------------------------------------------------
[SEQ 553] [STATIC-BASELINE]
CMD      : G0 | effects={'dx': 0.0, 'dy': 0.0, 'dz': 0.4, 'de': 0.0, 'xy_dist': 0.0, 'params': {'G': 0.0, 'F': 600.0, 'X': 165.448, 'Y': 119.994, 'Z': 1.0}}
DECISION : ALLOW
------------------------------------------------------------
[SEQ 553] [IEEE-BASELINE]
SCORE    : anomaly_score=0.000
DECISION : ALLOW
------------------------------------------------------------
[SEQ 554] [LAYER 3]
CMD      : G0 F7200 X0.00 Y0.00
TRUST    : acc_cmd=0.000 | acc_exec=0.000 | trust=0.324
DECISION : PAUSE
MACHINE  : Machine-2
------------------------------------------------------------
[SEQ 554] [STATIC-BASELINE]
CMD      : G0 | effects={'dx': -165.448, 'dy': -119.994, 'dz': 0.0, 'de': 0.0, 'xy_dist': 204.38101854135084, 'params': {'G': 0.0, 'F': 7200.0, 'X': 0.0, 'Y': 0.0}}
DECISION : ALLOW
------------------------------------------------------------
[SEQ 554] [IEEE-BASELINE]
SCORE    : anomaly_score=0.000
DECISION : ALLOW
------------------------------------------------------------
[SEQ 555] [LAYER 3]
CMD      : ;TIME_ELAPSED:28.872466
TRUST    : acc_cmd=0.000 | acc_exec=0.000 | trust=0.490
DECISION : PAUSE
MACHINE  : Machine-2
------------------------------------------------------------
[SEQ 555] [STATIC-BASELINE]
CMD      : None | effects={}
DECISION : ALLOW
------------------------------------------------------------
[SEQ 555] [IEEE-BASELINE]
SCORE    : anomaly_score=0.000
DECISION : ALLOW
------------------------------------------------------------
[SEQ 556] [LAYER 4]
CMD      : ;LAYER:4
TRUST    : acc_cmd=0.000 | acc_exec=0.000 | trust=0.637
DECISION : ALLOW
MACHINE  : Machine-2
------------------------------------------------------------
[SEQ 556] [STATIC-BASELINE]
CMD      : None | effects={}
DECISION : ALLOW
------------------------------------------------------------
[SEQ 556] [IEEE-BASELINE]
SCORE    : anomaly_score=0.000
DECISION : ALLOW
------------------------------------------------------------
[SEQ 557] [LAYER 4]
CMD      : M221 S200
TRUST    : acc_cmd=1.000 | acc_exec=1.000 | trust=0.280
DECISION : PAUSE
MACHINE  : Machine-2
------------------------------------------------------------
[SEQ 557] [STATIC-BASELINE]
CMD      : M221 | effects={'M': 221.0, 'S': 200.0}
DECISION : BLOCK
------------------------------------------------------------
[SEQ 557] [IEEE-BASELINE]
SCORE    : anomaly_score=0.000
DECISION : ALLOW
------------------------------------------------------------
[SEQ 558] [LAYER 4]
CMD      : G0 F600 X0.00 Y0.00 Z1.2
TRUST    : acc_cmd=0.000 | acc_exec=0.000 | trust=0.201
DECISION : PAUSE
MACHINE  : Machine-2
------------------------------------------------------------
[SEQ 558] [STATIC-BASELINE]
CMD      : G0 | effects={'dx': 0.0, 'dy': 0.0, 'dz': 0.19999999999999996, 'de': 0.0, 'xy_dist': 0.0, 'params': {'G': 0.0, 'F': 600.0, 'X': 0.0, 'Y': 0.0, 'Z': 1.2}}
DECISION : ALLOW
------------------------------------------------------------
[SEQ 558] [IEEE-BASELINE]
SCORE    : anomaly_score=0.000
DECISION : ALLOW
------------------------------------------------------------
[SEQ 559] [LAYER 4]
CMD      : G0 F7200 X163.899 Y118.77
TRUST    : acc_cmd=0.000 | acc_exec=0.000 | trust=0.271
DECISION : PAUSE
MACHINE  : Machine-2
------------------------------------------------------------
[SEQ 559] [STATIC-BASELINE]
CMD      : G0 | effects={'dx': 163.899, 'dy': 118.77, 'dz': 0.0, 'de': 0.0, 'xy_dist': 202.4084857435577, 'params': {'G': 0.0, 'F': 7200.0, 'X': 163.899, 'Y': 118.77}}
DECISION : ALLOW
------------------------------------------------------------
[SEQ 559] [IEEE-BASELINE]
SCORE    : anomaly_score=0.000
DECISION : ALLOW
------------------------------------------------------------
[SEQ 560] [LAYER 4]
CMD      : M92 E2000
TRUST    : acc_cmd=1.000 | acc_exec=1.000 | trust=0.123
DECISION : PAUSE
MACHINE  : Machine-2
------------------------------------------------------------
[SEQ 560] [STATIC-BASELINE]
CMD      : M92 | effects={'M': 92.0, 'E': 2000.0}
DECISION : BLOCK
------------------------------------------------------------
[SEQ 560] [IEEE-BASELINE]
SCORE    : anomaly_score=0.000
DECISION : ALLOW
------------------------------------------------------------
[SEQ 561] [LAYER 4]
CMD      : ;TIME_ELAPSED:30.666043
TRUST    : acc_cmd=0.000 | acc_exec=0.000 | trust=0.115
DECISION : PAUSE
MACHINE  : Machine-2
------------------------------------------------------------
[SEQ 561] [STATIC-BASELINE]
CMD      : None | effects={}
DECISION : ALLOW
------------------------------------------------------------
[SEQ 561] [IEEE-BASELINE]
SCORE    : anomaly_score=0.000
DECISION : ALLOW
------------------------------------------------------------
[SEQ 562] [LAYER 5]
CMD      : ;LAYER:5
TRUST    : acc_cmd=0.000 | acc_exec=0.000 | trust=0.205
DECISION : PAUSE
MACHINE  : Machine-2
------------------------------------------------------------
[SEQ 562] [STATIC-BASELINE]
CMD      : None | effects={}
DECISION : ALLOW
------------------------------------------------------------
[SEQ 562] [IEEE-BASELINE]
SCORE    : anomaly_score=0.000
DECISION : ALLOW
------------------------------------------------------------
[SEQ 563] [LAYER 5]
CMD      : ;note -- min layer time used
TRUST    : acc_cmd=0.000 | acc_exec=0.000 | trust=0.353
DECISION : PAUSE
MACHINE  : Machine-2
------------------------------------------------------------
[SEQ 563] [STATIC-BASELINE]
CMD      : None | effects={}
DECISION : ALLOW
------------------------------------------------------------
[SEQ 563] [IEEE-BASELINE]
SCORE    : anomaly_score=0.000
DECISION : ALLOW
------------------------------------------------------------
[SEQ 564] [LAYER 5]
CMD      : ;TYPE:WALL-OUTER
TRUST    : acc_cmd=0.000 | acc_exec=0.000 | trust=0.513
DECISION : ALLOW
MACHINE  : Machine-2
------------------------------------------------------------
[SEQ 564] [STATIC-BASELINE]
CMD      : None | effects={}
DECISION : ALLOW
------------------------------------------------------------
[SEQ 564] [IEEE-BASELINE]
SCORE    : anomaly_score=0.000
DECISION : ALLOW
------------------------------------------------------------
[SEQ 565] [LAYER 5]
CMD      : M92 E2000
TRUST    : acc_cmd=1.000 | acc_exec=1.000 | trust=0.228
DECISION : PAUSE
MACHINE  : Machine-2
------------------------------------------------------------
[SEQ 565] [STATIC-BASELINE]
CMD      : M92 | effects={'M': 92.0, 'E': 2000.0}
DECISION : BLOCK
------------------------------------------------------------
[SEQ 565] [IEEE-BASELINE]
SCORE    : anomaly_score=0.000
DECISION : ALLOW
------------------------------------------------------------
[SEQ 566] [LAYER 5]
CMD      : G1 F1500 E11.82659
TRUST    : acc_cmd=0.000 | acc_exec=0.000 | trust=0.175
DECISION : PAUSE
MACHINE  : Machine-2
------------------------------------------------------------
[SEQ 566] [STATIC-BASELINE]
CMD      : G1 | effects={'dx': 0.0, 'dy': 0.0, 'dz': 0.0, 'de': 6.499999999999999, 'xy_dist': 0.0, 'params': {'G': 1.0, 'F': 1500.0, 'E': 11.82659}}
DECISION : ALLOW
------------------------------------------------------------
[SEQ 566] [IEEE-BASELINE]
SCORE    : anomaly_score=0.000
DECISION : ALLOW
------------------------------------------------------------
[SEQ 567] [LAYER 5]
CMD      : G1 F1200 X164.399 Y119.29 E11.82686
TRUST    : acc_cmd=0.000 | acc_exec=0.000 | trust=0.254
DECISION : PAUSE
MACHINE  : Machine-2
------------------------------------------------------------
[SEQ 567] [STATIC-BASELINE]
CMD      : G1 | effects={'dx': 0.5, 'dy': 0.5200000000000102, 'dz': 0.0, 'de': 0.00027000000000043656, 'xy_dist': 0.7213875518748647, 'params': {'G': 1.0, 'F': 1200.0, 'X': 164.399, 'Y': 119.29, 'E': 11.82686}}
DECISION : ALLOW
------------------------------------------------------------
[SEQ 567] [IEEE-BASELINE]
SCORE    : anomaly_score=0.000
DECISION : ALLOW
------------------------------------------------------------
[SEQ 568] [LAYER 5]
CMD      : G1 X164.398 Y119.246 E11.82713
TRUST    : acc_cmd=0.000 | acc_exec=0.000 | trust=0.396
DECISION : PAUSE
MACHINE  : Machine-2
------------------------------------------------------------
[SEQ 568] [STATIC-BASELINE]
CMD      : G1 | effects={'dx': -0.0010000000000047748, 'dy': -0.04400000000001114, 'dz': 0.0, 'de': 0.00027000000000043656, 'xy_dist': 0.04401136216934202, 'params': {'G': 1.0, 'X': 164.398, 'Y': 119.246, 'E': 11.82713}}
DECISION : ALLOW
------------------------------------------------------------
[SEQ 568] [IEEE-BASELINE]
SCORE    : anomaly_score=0.000
DECISION : ALLOW
------------------------------------------------------------
[SEQ 569] [LAYER 5]
CMD      : G1 X164.436 Y119.268 E11.82741
TRUST    : acc_cmd=0.000 | acc_exec=0.000 | trust=0.550
DECISION : ALLOW
MACHINE  : Machine-2
------------------------------------------------------------
[SEQ 569] [STATIC-BASELINE]
CMD      : G1 | effects={'dx': 0.038000000000010914, 'dy': 0.02200000000000557, 'dz': 0.0, 'de': 0.000280000000000058, 'xy_dist': 0.043908996800212534, 'params': {'G': 1.0, 'X': 164.436, 'Y': 119.268, 'E': 11.82741}}
DECISION : ALLOW
------------------------------------------------------------
[SEQ 569] [IEEE-BASELINE]
SCORE    : anomaly_score=0.000
DECISION : ALLOW
------------------------------------------------------------
[SEQ 570] [LAYER 5]
CMD      : ;MESH:NONMESH
TRUST    : acc_cmd=0.000 | acc_exec=0.000 | trust=0.685
DECISION : ALLOW
MACHINE  : Machine-2
------------------------------------------------------------
[SEQ 570] [STATIC-BASELINE]
CMD      : None | effects={}
DECISION : ALLOW
------------------------------------------------------------
[SEQ 570] [IEEE-BASELINE]
SCORE    : anomaly_score=0.000
DECISION : ALLOW
------------------------------------------------------------
[SEQ 571] [LAYER 5]
CMD      : M92 E2000
TRUST    : acc_cmd=1.000 | acc_exec=1.000 | trust=0.300
DECISION : PAUSE
MACHINE  : Machine-2
------------------------------------------------------------
[SEQ 571] [STATIC-BASELINE]
CMD      : M92 | effects={'M': 92.0, 'E': 2000.0}
DECISION : BLOCK
------------------------------------------------------------
[SEQ 571] [IEEE-BASELINE]
SCORE    : anomaly_score=0.000
DECISION : ALLOW
------------------------------------------------------------
[SEQ 572] [LAYER 5]
CMD      : G0 F7200 X164.241 Y118.891
TRUST    : acc_cmd=0.000 | acc_exec=0.000 | trust=0.210
DECISION : PAUSE
MACHINE  : Machine-2
------------------------------------------------------------
[SEQ 572] [STATIC-BASELINE]
CMD      : G0 | effects={'dx': -0.19499999999999318, 'dy': -0.37699999999999534, 'dz': 0.0, 'de': 0.0, 'xy_dist': 0.42444552065016994, 'params': {'G': 0.0, 'F': 7200.0, 'X': 164.241, 'Y': 118.891}}
DECISION : ALLOW
------------------------------------------------------------
[SEQ 572] [IEEE-BASELINE]
SCORE    : anomaly_score=0.000
DECISION : ALLOW
------------------------------------------------------------
[SEQ 573] [LAYER 5]
CMD      : M92 E2000
TRUST    : acc_cmd=1.000 | acc_exec=1.000 | trust=0.094
DECISION : PAUSE
MACHINE  : Machine-2
------------------------------------------------------------
[SEQ 573] [STATIC-BASELINE]
CMD      : M92 | effects={'M': 92.0, 'E': 2000.0}
DECISION : BLOCK
------------------------------------------------------------
[SEQ 573] [IEEE-BASELINE]
SCORE    : anomaly_score=0.000
DECISION : ALLOW
------------------------------------------------------------
[SEQ 574] [LAYER 6]
CMD      : ;LAYER:6
TRUST    : acc_cmd=0.000 | acc_exec=0.000 | trust=0.088
DECISION : PAUSE
MACHINE  : Machine-2
------------------------------------------------------------
[SEQ 574] [STATIC-BASELINE]
CMD      : None | effects={}
DECISION : ALLOW
------------------------------------------------------------
[SEQ 574] [IEEE-BASELINE]
SCORE    : anomaly_score=0.000
DECISION : ALLOW
------------------------------------------------------------
[SEQ 575] [LAYER 6]
CMD      : ;note -- min layer time used
TRUST    : acc_cmd=0.000 | acc_exec=0.000 | trust=0.170
DECISION : PAUSE
MACHINE  : Machine-2
------------------------------------------------------------
[SEQ 575] [STATIC-BASELINE]
CMD      : None | effects={}
DECISION : ALLOW
------------------------------------------------------------
[SEQ 575] [IEEE-BASELINE]
SCORE    : anomaly_score=0.000
DECISION : ALLOW
------------------------------------------------------------
[SEQ 576] [LAYER 6]
CMD      : ;TYPE:WALL-OUTER
TRUST    : acc_cmd=0.000 | acc_exec=0.000 | trust=0.314
DECISION : PAUSE
MACHINE  : Machine-2
------------------------------------------------------------
[SEQ 576] [STATIC-BASELINE]
CMD      : None | effects={}
DECISION : ALLOW
------------------------------------------------------------
[SEQ 576] [IEEE-BASELINE]
SCORE    : anomaly_score=0.000
DECISION : ALLOW
------------------------------------------------------------
[SEQ 577] [LAYER 6]
CMD      : M92 E2000
TRUST    : acc_cmd=1.000 | acc_exec=1.000 | trust=0.143
DECISION : PAUSE
MACHINE  : Machine-2
------------------------------------------------------------
[SEQ 577] [STATIC-BASELINE]
CMD      : M92 | effects={'M': 92.0, 'E': 2000.0}
DECISION : BLOCK
------------------------------------------------------------
[SEQ 577] [IEEE-BASELINE]
SCORE    : anomaly_score=0.000
DECISION : ALLOW
------------------------------------------------------------
[SEQ 578] [LAYER 6]
CMD      : G1 F1000 X164.196 Y118.917 E11.8278
TRUST    : acc_cmd=0.000 | acc_exec=0.000 | trust=0.129
DECISION : PAUSE
MACHINE  : Machine-2
------------------------------------------------------------
[SEQ 578] [STATIC-BASELINE]
CMD      : G1 | effects={'dx': -0.045000000000015916, 'dy': 0.02599999999999625, 'dz': 0.0, 'de': 0.00038999999999944635, 'xy_dist': 0.05197114584075704, 'params': {'G': 1.0, 'F': 1000.0, 'X': 164.196, 'Y': 118.917, 'E': 11.8278}}
DECISION : ALLOW
------------------------------------------------------------
[SEQ 578] [IEEE-BASELINE]
SCORE    : anomaly_score=0.000
DECISION : ALLOW
------------------------------------------------------------
[SEQ 579] [LAYER 6]
CMD      : M221 S200
TRUST    : acc_cmd=1.000 | acc_exec=1.000 | trust=0.060
DECISION : PAUSE
MACHINE  : Machine-2
------------------------------------------------------------
[SEQ 579] [STATIC-BASELINE]
CMD      : M221 | effects={'M': 221.0, 'S': 200.0}
DECISION : BLOCK
------------------------------------------------------------
[SEQ 579] [IEEE-BASELINE]
SCORE    : anomaly_score=0.000
DECISION : ALLOW
------------------------------------------------------------
[SEQ 580] [LAYER 6]
CMD      : G1 X164.241 Y118.891 E11.82858
TRUST    : acc_cmd=0.000 | acc_exec=0.000 | trust=0.070
DECISION : PAUSE
MACHINE  : Machine-2
------------------------------------------------------------
[SEQ 580] [STATIC-BASELINE]
CMD      : G1 | effects={'dx': 0.045000000000015916, 'dy': -0.02599999999999625, 'dz': 0.0, 'de': 0.000780000000000669, 'xy_dist': 0.05197114584075704, 'params': {'G': 1.0, 'X': 164.241, 'Y': 118.891, 'E': 11.82858}}
DECISION : ALLOW
------------------------------------------------------------
[SEQ 580] [IEEE-BASELINE]
SCORE    : anomaly_score=0.000
DECISION : ALLOW
------------------------------------------------------------
[SEQ 581] [LAYER 6]
CMD      : ;MESH:NONMESH
TRUST    : acc_cmd=0.000 | acc_exec=0.000 | trust=0.157
DECISION : PAUSE
MACHINE  : Machine-2
------------------------------------------------------------
[SEQ 581] [STATIC-BASELINE]
CMD      : None | effects={}
DECISION : ALLOW
------------------------------------------------------------
[SEQ 581] [IEEE-BASELINE]
SCORE    : anomaly_score=0.000
DECISION : ALLOW
------------------------------------------------------------
[SEQ 582] [LAYER 6]
CMD      : G0 F600 X164.241 Y118.891 Z1.6
TRUST    : acc_cmd=0.000 | acc_exec=0.000 | trust=0.301
DECISION : PAUSE
MACHINE  : Machine-2
------------------------------------------------------------
[SEQ 582] [STATIC-BASELINE]
CMD      : G0 | effects={'dx': 0.0, 'dy': 0.0, 'dz': 0.40000000000000013, 'de': 0.0, 'xy_dist': 0.0, 'params': {'G': 0.0, 'F': 600.0, 'X': 164.241, 'Y': 118.891, 'Z': 1.6}}
DECISION : ALLOW
------------------------------------------------------------
[SEQ 582] [IEEE-BASELINE]
SCORE    : anomaly_score=0.000
DECISION : ALLOW
------------------------------------------------------------
[SEQ 583] [LAYER 6]
CMD      : G0 F7200 X164.401 Y119.115
TRUST    : acc_cmd=0.000 | acc_exec=0.000 | trust=0.465
DECISION : PAUSE
MACHINE  : Machine-2
------------------------------------------------------------
[SEQ 583] [STATIC-BASELINE]
CMD      : G0 | effects={'dx': 0.1599999999999966, 'dy': 0.22399999999998954, 'dz': 0.0, 'de': 0.0, 'xy_dist': 0.27527440854535357, 'params': {'G': 0.0, 'F': 7200.0, 'X': 164.401, 'Y': 119.115}}
DECISION : ALLOW
------------------------------------------------------------
[SEQ 583] [IEEE-BASELINE]
SCORE    : anomaly_score=0.000
DECISION : ALLOW
------------------------------------------------------------
[SEQ 584] [LAYER 6]
CMD      : ;TIME_ELAPSED:31.119506
TRUST    : acc_cmd=0.000 | acc_exec=0.000 | trust=0.617
DECISION : ALLOW
MACHINE  : Machine-2
------------------------------------------------------------
[SEQ 584] [STATIC-BASELINE]
CMD      : None | effects={}
DECISION : ALLOW
------------------------------------------------------------
[SEQ 584] [IEEE-BASELINE]
SCORE    : anomaly_score=0.000
DECISION : ALLOW
------------------------------------------------------------
[SEQ 585] [LAYER 7]
CMD      : ;LAYER:7
TRUST    : acc_cmd=0.000 | acc_exec=0.000 | trust=0.738
DECISION : ALLOW
MACHINE  : Machine-2
------------------------------------------------------------
[SEQ 585] [STATIC-BASELINE]
CMD      : None | effects={}
DECISION : ALLOW
------------------------------------------------------------
[SEQ 585] [IEEE-BASELINE]
SCORE    : anomaly_score=0.000
DECISION : ALLOW
------------------------------------------------------------
[SEQ 586] [LAYER 7]
CMD      : ;note -- min layer time used
TRUST    : acc_cmd=0.000 | acc_exec=0.000 | trust=0.828
DECISION : ALLOW
MACHINE  : Machine-2
------------------------------------------------------------
[SEQ 586] [STATIC-BASELINE]
CMD      : None | effects={}
DECISION : ALLOW
------------------------------------------------------------
[SEQ 586] [IEEE-BASELINE]
SCORE    : anomaly_score=0.000
DECISION : ALLOW
------------------------------------------------------------
[SEQ 587] [LAYER 7]
CMD      : M104 S210
TRUST    : acc_cmd=0.000 | acc_exec=0.000 | trust=0.889
DECISION : ALLOW
MACHINE  : Machine-2
------------------------------------------------------------
[SEQ 587] [STATIC-BASELINE]
CMD      : M104 | effects={'M': 104.0, 'S': 210.0, 'prev_temp': 210.0}
DECISION : ALLOW
------------------------------------------------------------
[SEQ 587] [IEEE-BASELINE]
SCORE    : anomaly_score=0.000
DECISION : ALLOW
------------------------------------------------------------
[SEQ 588] [LAYER 7]
CMD      : ;TYPE:WALL-OUTER
TRUST    : acc_cmd=0.000 | acc_exec=0.000 | trust=0.931
DECISION : ALLOW
MACHINE  : Machine-2
------------------------------------------------------------
[SEQ 588] [STATIC-BASELINE]
CMD      : None | effects={}
DECISION : ALLOW
------------------------------------------------------------
[SEQ 588] [IEEE-BASELINE]
SCORE    : anomaly_score=0.000
DECISION : ALLOW
------------------------------------------------------------
[SEQ 589] [LAYER 7]
CMD      : ;MESH:references\stl\flatplate.stl
TRUST    : acc_cmd=0.000 | acc_exec=0.000 | trust=0.957
DECISION : ALLOW
MACHINE  : Machine-2
------------------------------------------------------------
[SEQ 589] [STATIC-BASELINE]
CMD      : None | effects={}
DECISION : ALLOW
------------------------------------------------------------
[SEQ 589] [IEEE-BASELINE]
SCORE    : anomaly_score=0.000
DECISION : ALLOW
------------------------------------------------------------
[SEQ 590] [LAYER 7]
CMD      : G1 F670.4 X164.335 Y119.153 E11.82944
TRUST    : acc_cmd=0.000 | acc_exec=0.000 | trust=0.974
DECISION : ALLOW
MACHINE  : Machine-2
------------------------------------------------------------
[SEQ 590] [STATIC-BASELINE]
CMD      : G1 | effects={'dx': -0.0660000000000025, 'dy': 0.038000000000010914, 'dz': 0.0, 'de': 0.0008599999999994168, 'xy_dist': 0.07615773105864669, 'params': {'G': 1.0, 'F': 670.4, 'X': 164.335, 'Y': 119.153, 'E': 11.82944}}
DECISION : ALLOW
------------------------------------------------------------
[SEQ 590] [IEEE-BASELINE]
SCORE    : anomaly_score=0.000
DECISION : ALLOW
------------------------------------------------------------
[SEQ 591] [LAYER 7]
CMD      : M92 E2000
TRUST    : acc_cmd=1.000 | acc_exec=1.000 | trust=0.419
DECISION : PAUSE
MACHINE  : Machine-2
------------------------------------------------------------
[SEQ 591] [STATIC-BASELINE]
CMD      : M92 | effects={'M': 92.0, 'E': 2000.0}
DECISION : BLOCK
------------------------------------------------------------
[SEQ 591] [IEEE-BASELINE]
SCORE    : anomaly_score=0.000
DECISION : ALLOW
------------------------------------------------------------
[SEQ 592] [LAYER 7]
CMD      : M92 E2000
TRUST    : acc_cmd=1.000 | acc_exec=1.000 | trust=0.173
DECISION : PAUSE
MACHINE  : Machine-2
------------------------------------------------------------
[SEQ 592] [STATIC-BASELINE]
CMD      : M92 | effects={'M': 92.0, 'E': 2000.0}
DECISION : BLOCK
------------------------------------------------------------
[SEQ 592] [IEEE-BASELINE]
SCORE    : anomaly_score=0.000
DECISION : ALLOW
------------------------------------------------------------
[SEQ 593] [LAYER 7]
CMD      : G1 F1500 E5.33114
TRUST    : acc_cmd=0.000 | acc_exec=0.000 | trust=0.103
DECISION : PAUSE
MACHINE  : Machine-2
------------------------------------------------------------
[SEQ 593] [STATIC-BASELINE]
CMD      : G1 | effects={'dx': 0.0, 'dy': 0.0, 'dz': 0.0, 'de': -6.4982999999999995, 'xy_dist': 0.0, 'params': {'G': 1.0, 'F': 1500.0, 'E': 5.33114}}
DECISION : ALLOW
------------------------------------------------------------
[SEQ 593] [IEEE-BASELINE]
SCORE    : anomaly_score=0.000
DECISION : ALLOW
------------------------------------------------------------
[SEQ 594] [LAYER 7]
CMD      : M92 E2000
TRUST    : acc_cmd=1.000 | acc_exec=1.000 | trust=0.046
DECISION : PAUSE
MACHINE  : Machine-2
------------------------------------------------------------
[SEQ 594] [STATIC-BASELINE]
CMD      : M92 | effects={'M': 92.0, 'E': 2000.0}
DECISION : BLOCK
------------------------------------------------------------
[SEQ 594] [IEEE-BASELINE]
SCORE    : anomaly_score=0.000
DECISION : ALLOW
------------------------------------------------------------
[SEQ 595] [LAYER 7]
CMD      : M221 S200
TRUST    : acc_cmd=1.000 | acc_exec=1.000 | trust=0.020
DECISION : PAUSE
MACHINE  : Machine-2
------------------------------------------------------------
[SEQ 595] [STATIC-BASELINE]
CMD      : M221 | effects={'M': 221.0, 'S': 200.0}
DECISION : BLOCK
------------------------------------------------------------
[SEQ 595] [IEEE-BASELINE]
SCORE    : anomaly_score=0.000
DECISION : ALLOW
------------------------------------------------------------
[SEQ 596] [LAYER 7]
CMD      : G0 F7200 X163.637 Y118.506
TRUST    : acc_cmd=0.000 | acc_exec=0.000 | trust=0.026
DECISION : PAUSE
MACHINE  : Machine-2
------------------------------------------------------------
[SEQ 596] [STATIC-BASELINE]
CMD      : G0 | effects={'dx': -0.6980000000000075, 'dy': -0.6470000000000056, 'dz': 0.0, 'de': 0.0, 'xy_dist': 0.9517420869122147, 'params': {'G': 0.0, 'F': 7200.0, 'X': 163.637, 'Y': 118.506}}
DECISION : ALLOW
------------------------------------------------------------
[SEQ 596] [IEEE-BASELINE]
SCORE    : anomaly_score=0.000
DECISION : ALLOW
------------------------------------------------------------
[SEQ 597] [LAYER 7]
CMD      : G0 X0.00 Y0.00
TRUST    : acc_cmd=0.000 | acc_exec=0.000 | trust=0.084
DECISION : PAUSE
MACHINE  : Machine-2
------------------------------------------------------------
[SEQ 597] [STATIC-BASELINE]
CMD      : G0 | effects={'dx': -163.637, 'dy': -118.506, 'dz': 0.0, 'de': 0.0, 'xy_dist': 202.04143091207806, 'params': {'G': 0.0, 'X': 0.0, 'Y': 0.0}}
DECISION : ALLOW
------------------------------------------------------------
[SEQ 597] [IEEE-BASELINE]
SCORE    : anomaly_score=0.000
DECISION : ALLOW
------------------------------------------------------------
[SEQ 598] [LAYER 7]
CMD      : G92 E1000
TRUST    : acc_cmd=0.000 | acc_exec=1.000 | trust=0.042
DECISION : PAUSE
MACHINE  : Machine-2
------------------------------------------------------------
[SEQ 598] [STATIC-BASELINE]
CMD      : G92 | effects={'reset': {'G': 92.0, 'E': 1000.0}}
DECISION : BLOCK
------------------------------------------------------------
[SEQ 598] [IEEE-BASELINE]
SCORE    : anomaly_score=0.000
DECISION : ALLOW
------------------------------------------------------------
[SEQ 599] [LAYER 8]
CMD      : ;LAYER:8
TRUST    : acc_cmd=0.000 | acc_exec=0.000 | trust=0.063
DECISION : PAUSE
MACHINE  : Machine-2
------------------------------------------------------------
[SEQ 599] [STATIC-BASELINE]
CMD      : None | effects={}
DECISION : ALLOW
------------------------------------------------------------
[SEQ 599] [IEEE-BASELINE]
SCORE    : anomaly_score=0.000
DECISION : ALLOW
------------------------------------------------------------
[SEQ 600] [LAYER 8]
CMD      : ;TIME_ELAPSED:33.197905
TRUST    : acc_cmd=0.000 | acc_exec=0.000 | trust=0.155
DECISION : PAUSE
MACHINE  : Machine-2
------------------------------------------------------------
[SEQ 600] [STATIC-BASELINE]
CMD      : None | effects={}
DECISION : ALLOW
------------------------------------------------------------
[SEQ 600] [IEEE-BASELINE]
SCORE    : anomaly_score=0.000
DECISION : ALLOW
------------------------------------------------------------
[SEQ 601] [LAYER 8]
CMD      : M140 S0
TRUST    : acc_cmd=0.000 | acc_exec=0.000 | trust=0.301
DECISION : PAUSE
MACHINE  : Machine-2
------------------------------------------------------------
[SEQ 601] [STATIC-BASELINE]
CMD      : M140 | effects={'M': 140.0, 'S': 0.0}
DECISION : ALLOW
------------------------------------------------------------
[SEQ 601] [IEEE-BASELINE]
SCORE    : anomaly_score=0.000
DECISION : ALLOW
------------------------------------------------------------
[SEQ 602] [LAYER 8]
CMD      : M107
TRUST    : acc_cmd=0.000 | acc_exec=0.000 | trust=0.466
DECISION : PAUSE
MACHINE  : Machine-2
------------------------------------------------------------
[SEQ 602] [STATIC-BASELINE]
CMD      : M107 | effects={'M': 107.0}
DECISION : ALLOW
------------------------------------------------------------
[SEQ 602] [IEEE-BASELINE]
SCORE    : anomaly_score=0.000
DECISION : ALLOW
------------------------------------------------------------
[SEQ 603] [LAYER 8]
CMD      : G92 E1000
TRUST    : acc_cmd=0.000 | acc_exec=1.000 | trust=0.208
DECISION : PAUSE
MACHINE  : Machine-2
------------------------------------------------------------
[SEQ 603] [STATIC-BASELINE]
CMD      : G92 | effects={'reset': {'G': 92.0, 'E': 1000.0}}
DECISION : BLOCK
------------------------------------------------------------
[SEQ 603] [IEEE-BASELINE]
SCORE    : anomaly_score=0.000
DECISION : ALLOW
------------------------------------------------------------
[SEQ 604] [LAYER 8]
CMD      : M82 ;absolute extrusion mode
TRUST    : acc_cmd=0.000 | acc_exec=0.000 | trust=0.164
DECISION : PAUSE
MACHINE  : Machine-2
------------------------------------------------------------
[SEQ 604] [STATIC-BASELINE]
CMD      : M82 | effects={'e_mode': 'absolute'}
DECISION : ALLOW
------------------------------------------------------------
[SEQ 604] [IEEE-BASELINE]
SCORE    : anomaly_score=0.000
DECISION : ALLOW
------------------------------------------------------------
[SEQ 605] [LAYER 8]
CMD      : M104 S0
TRUST    : acc_cmd=0.000 | acc_exec=0.000 | trust=0.247
DECISION : PAUSE
MACHINE  : Machine-2
------------------------------------------------------------
[SEQ 605] [STATIC-BASELINE]
CMD      : M104 | effects={'M': 104.0, 'S': 0.0, 'prev_temp': 210.0}
DECISION : ALLOW
------------------------------------------------------------
[SEQ 605] [IEEE-BASELINE]
SCORE    : anomaly_score=0.000
DECISION : ALLOW
------------------------------------------------------------
[SEQ 606] [LAYER 8]
CMD      : M104 T1 S0
TRUST    : acc_cmd=0.000 | acc_exec=0.000 | trust=0.391
DECISION : PAUSE
MACHINE  : Machine-2
------------------------------------------------------------
[SEQ 606] [STATIC-BASELINE]
CMD      : M104 | effects={'M': 104.0, 'T': 1.0, 'S': 0.0, 'prev_temp': 0.0}
DECISION : ALLOW
------------------------------------------------------------
[SEQ 606] [IEEE-BASELINE]
SCORE    : anomaly_score=0.000
DECISION : ALLOW
------------------------------------------------------------
[SEQ 607] [LAYER 8]
CMD      : ;End of Gcode
TRUST    : acc_cmd=0.000 | acc_exec=0.000 | trust=0.546
DECISION : ALLOW
MACHINE  : Machine-2
------------------------------------------------------------
[SEQ 607] [STATIC-BASELINE]
CMD      : None | effects={}
DECISION : ALLOW
------------------------------------------------------------
[SEQ 607] [IEEE-BASELINE]
SCORE    : anomaly_score=0.000
DECISION : ALLOW
------------------------------------------------------------

============================================================
DT-2 FINISHED
FINAL TRUST: 0.546
END TIME  : 2026-04-29 21:26:26.320987
============================================================
