seq,acc_cmd,acc_exec,trust,decision
0,0.000000,0.000000,0.900000,ALLOW
1,0.000000,1.000000,0.389872,PAUSE
2,0.000000,0.000000,0.255128,PAUSE
3,0.000000,0.000000,0.305809,PAUSE
4,0.000000,0.000000,0.436178,PAUSE
5,0.000000,0.000000,0.581193,ALLOW
6,0.000000,0.000000,0.707636,ALLOW
7,0.000000,0.000000,0.804686,ALLOW
8,0.000000,0.000000,0.873544,ALLOW
9,0.000000,0.000000,0.919934,ALLOW
10,0.000000,0.000000,0.950105,ALLOW
11,0.000000,0.000000,0.969256,ALLOW
12,0.000000,0.000000,0.981208,ALLOW
13,0.000000,0.000000,0.988578,ALLOW
14,0.000000,0.000000,0.993085,ALLOW
15,0.000000,0.000000,0.995825,ALLOW
16,0.000000,0.000000,0.997484,ALLOW
17,0.000000,1.000000,0.428841,PAUSE
18,0.000000,0.000000,0.270665,PAUSE
19,0.000000,0.000000,0.311961,PAUSE
20,0.000000,1.000000,0.140408,PAUSE
21,0.000000,0.000000,0.123386,PAUSE
22,0.000000,1.000000,0.057388,PAUSE
23,0.000000,0.000000,0.068057,PAUSE
24,0.000000,0.000000,0.154215,PAUSE
25,0.000000,0.000000,0.298020,PAUSE
26,0.000000,0.000000,0.462273,PAUSE
27,0.000000,0.000000,0.613938,ALLOW
28,0.000000,0.000000,0.736203,ALLOW
29,0.000000,0.000000,0.826237,ALLOW
30,0.000000,0.000000,0.888563,ALLOW
31,0.000000,0.000000,0.929903,ALLOW
32,0.000000,1.000000,0.401064,PAUSE
33,0.000000,0.000000,0.258065,PAUSE
34,0.000000,0.000000,0.305079,PAUSE
35,0.000000,0.000000,0.434123,PAUSE
36,0.000000,0.000000,0.578999,ALLOW
37,0.000000,0.000000,0.705796,ALLOW
38,0.661176,0.000000,0.364868,PAUSE
39,0.000000,1.000000,0.173393,PAUSE
40,0.000000,0.000000,0.163622,PAUSE
41,0.000000,0.000000,0.263086,PAUSE
42,0.000000,0.000000,0.413398,PAUSE
43,0.000000,0.000000,0.567640,ALLOW
44,0.000000,0.000000,0.699096,ALLOW
45,0.000000,0.000000,0.799212,ALLOW
46,0.661176,0.108473,0.399530,PAUSE
47,0.000000,1.000000,0.183145,PAUSE
48,0.000000,0.000000,0.158773,PAUSE
49,0.000000,0.000000,0.249926,PAUSE
50,0.000000,0.000000,0.397515,PAUSE
51,0.661176,0.066878,0.229574,PAUSE
52,0.000000,1.000000,0.112404,PAUSE
53,0.000000,0.000000,0.124259,PAUSE
54,0.000000,0.000000,0.227866,PAUSE
55,0.661176,0.027148,0.153699,PAUSE
56,0.000000,1.000000,0.079854,PAUSE
57,0.000000,0.000000,0.106036,PAUSE
58,0.661176,0.000000,0.093070,PAUSE
59,0.661176,0.000000,0.055961,PAUSE
60,0.000000,1.000000,0.041398,PAUSE
61,0.000000,0.000000,0.092190,PAUSE
62,0.000000,0.000000,0.210048,PAUSE
63,0.000000,0.000000,0.368693,PAUSE
64,0.000000,0.000000,0.531069,ALLOW
65,0.000000,0.000000,0.671184,ALLOW
66,0.000000,0.000000,0.779225,ALLOW
67,0.000000,0.000000,0.856426,ALLOW
68,0.000000,0.000000,0.908774,ALLOW
69,0.000000,0.000000,0.942997,ALLOW
70,0.000000,0.000000,0.964805,ALLOW
71,0.000000,0.000000,0.978455,ALLOW
72,0.000000,0.000000,0.986891,ALLOW
73,0.000000,0.000000,0.992057,ALLOW
74,0.000000,0.000000,0.995202,ALLOW
75,0.000000,0.000000,0.997108,ALLOW
76,0.000000,0.000000,0.998259,ALLOW
77,0.661176,0.000000,0.481824,PAUSE
78,0.000000,1.000000,0.222592,PAUSE
79,0.000000,0.000000,0.188195,PAUSE
80,0.000000,0.000000,0.279010,PAUSE
81,0.000000,0.000000,0.425435,PAUSE
82,0.000000,0.000000,0.576877,ALLOW
83,0.000000,0.000000,0.705897,ALLOW
84,0.000000,0.000000,0.803982,ALLOW
85,0.000000,0.000000,0.873257,ALLOW
86,0.000000,0.000000,0.919815,ALLOW
87,0.000000,0.000000,0.950056,ALLOW
88,0.661176,0.000000,0.461980,PAUSE
89,0.000000,1.000000,0.214341,PAUSE
90,0.000000,0.000000,0.184270,PAUSE
91,0.000000,0.000000,0.276668,PAUSE
92,0.000000,0.000000,0.423785,PAUSE
93,0.000000,0.000000,0.575662,ALLOW
94,0.000000,0.000000,0.705022,ALLOW
95,0.000000,0.000000,0.803376,ALLOW
96,0.000000,0.000000,0.872852,ALLOW
97,0.000000,0.000000,0.919552,ALLOW
98,0.000000,0.000000,0.949889,ALLOW
99,0.000000,0.000000,0.969131,ALLOW
100,0.000000,0.000000,0.981134,ALLOW
101,0.000000,0.000000,0.988534,ALLOW
102,0.000000,0.000000,0.993059,ALLOW
103,0.000000,0.000000,0.995810,ALLOW
104,0.661176,0.000000,0.480827,PAUSE
105,0.661176,0.000000,0.217433,PAUSE
106,0.000000,1.000000,0.116830,PAUSE
107,0.000000,0.000000,0.145881,PAUSE
108,0.661176,0.000000,0.099941,PAUSE
109,0.661176,0.000000,0.056619,PAUSE
110,0.000000,1.000000,0.042896,PAUSE
111,0.000000,0.000000,0.095698,PAUSE
112,0.000000,0.000000,0.215419,PAUSE
113,0.000000,0.000000,0.374737,PAUSE
114,0.000000,0.000000,0.536627,ALLOW
115,0.661176,0.000000,0.284486,PAUSE
116,0.000000,1.000000,0.139298,PAUSE
117,0.000000,0.000000,0.145922,PAUSE
118,0.000000,0.000000,0.250852,PAUSE
119,0.000000,0.000000,0.403658,PAUSE
120,0.000000,0.000000,0.559936,ALLOW
121,0.661176,0.000000,0.298643,PAUSE
122,0.000000,1.000000,0.145237,PAUSE
123,0.000000,0.000000,0.148882,PAUSE
124,0.661176,0.000000,0.112183,PAUSE
125,0.000000,1.000000,0.060010,PAUSE
126,0.000000,0.000000,0.089963,PAUSE
127,0.000000,0.000000,0.195509,PAUSE
128,0.000000,0.000000,0.349195,PAUSE
129,0.000000,0.000000,0.512099,ALLOW
130,0.000000,0.000000,0.655532,ALLOW
131,0.000000,0.000000,0.767559,ALLOW
132,0.000000,0.000000,0.848294,ALLOW
133,0.661176,0.000000,0.419867,PAUSE
134,0.000000,1.000000,0.196732,PAUSE
135,0.000000,0.000000,0.175690,PAUSE
136,0.661176,0.000000,0.123775,PAUSE
137,0.000000,1.000000,0.065011,PAUSE
138,0.000000,0.000000,0.092913,PAUSE
139,0.000000,0.000000,0.198062,PAUSE
140,0.000000,0.000000,0.351614,PAUSE
141,0.000000,0.000000,0.514218,ALLOW
142,0.000000,0.000000,0.657215,ALLOW
143,0.000000,0.000000,0.768794,ALLOW
144,0.000000,0.000000,0.849149,ALLOW
145,0.661176,0.000000,0.420223,PAUSE
146,0.000000,1.000000,0.196881,PAUSE
147,0.000000,0.000000,0.175763,PAUSE
148,0.000000,0.000000,0.271378,PAUSE
149,0.661176,0.000000,0.172187,PAUSE
150,0.000000,1.000000,0.089028,PAUSE
151,0.000000,0.000000,0.113930,PAUSE
152,0.000000,0.000000,0.222411,PAUSE
153,0.000000,0.000000,0.377240,PAUSE
154,0.000000,0.000000,0.537392,ALLOW
155,0.661176,0.000000,0.289302,PAUSE
156,0.000000,1.000000,0.141219,PAUSE
157,0.000000,0.000000,0.146679,PAUSE
158,0.000000,0.000000,0.251140,PAUSE
159,0.000000,0.000000,0.403758,PAUSE
160,0.000000,0.000000,0.559964,ALLOW
161,0.661176,0.000000,0.298872,PAUSE
162,0.000000,1.000000,0.145328,PAUSE
163,0.000000,0.000000,0.148918,PAUSE
164,0.000000,0.000000,0.252797,PAUSE
165,0.661176,0.000000,0.164155,PAUSE
166,0.000000,1.000000,0.085529,PAUSE
167,0.000000,0.000000,0.111860,PAUSE
168,0.000000,0.000000,0.220674,PAUSE
169,0.000000,0.000000,0.375655,PAUSE
170,0.000000,0.000000,0.536042,ALLOW
171,0.000000,0.000000,0.674741,ALLOW
172,0.000000,0.000000,0.781695,ALLOW
173,0.000000,0.000000,0.858084,ALLOW
174,0.000000,0.000000,0.909854,ALLOW
175,0.000000,0.000000,0.943685,ALLOW
176,0.000000,0.000000,0.965237,ALLOW
177,0.000000,0.000000,0.978722,ALLOW
178,0.000000,0.000000,0.987054,ALLOW
179,0.000000,0.000000,0.992157,ALLOW
180,0.000000,0.000000,0.995263,ALLOW
181,0.000000,0.000000,0.997144,ALLOW
182,0.000000,0.000000,0.998281,ALLOW
183,0.661176,0.000000,0.481843,PAUSE
184,0.661176,0.000000,0.217844,PAUSE
185,0.000000,1.000000,0.117004,PAUSE
186,0.000000,0.000000,0.145969,PAUSE
187,0.000000,0.000000,0.262129,PAUSE
188,0.000000,0.000000,0.418692,PAUSE
189,0.000000,0.000000,0.574188,ALLOW
190,0.000000,0.000000,0.704827,ALLOW
191,0.000000,0.000000,0.803557,ALLOW
192,0.000000,0.000000,0.873089,ALLOW
193,0.000000,0.000000,0.919750,ALLOW
194,0.000000,0.000000,0.950030,ALLOW
195,0.000000,0.000000,0.969226,ALLOW
196,0.000000,0.000000,0.981195,ALLOW
197,0.000000,0.000000,0.988572,ALLOW
198,0.000000,0.000000,0.993082,ALLOW
199,0.000000,0.000000,0.995824,ALLOW
200,0.000000,0.000000,0.997484,ALLOW
201,0.000000,0.000000,0.998486,ALLOW
202,0.000000,0.000000,0.999090,ALLOW
203,0.000000,0.000000,0.999453,ALLOW
204,0.000000,0.000000,0.999672,ALLOW
205,0.000000,0.000000,0.999803,ALLOW
206,0.000000,0.000000,0.999882,ALLOW
207,0.661176,0.000000,0.482500,PAUSE
208,0.000000,1.000000,0.222872,PAUSE
209,0.661176,0.000000,0.129569,PAUSE
210,0.000000,1.000000,0.061972,PAUSE
211,0.000000,0.000000,0.076668,PAUSE
212,0.000000,0.000000,0.168788,PAUSE
213,0.000000,0.000000,0.316066,PAUSE
214,0.661176,0.000000,0.193356,PAUSE
215,0.000000,1.000000,0.099093,PAUSE
216,0.000000,0.000000,0.121625,PAUSE
217,0.000000,0.000000,0.230415,PAUSE
218,0.000000,0.000000,0.385233,PAUSE
219,0.000000,0.000000,0.544431,ALLOW
220,0.661176,0.000000,0.292293,PAUSE
221,0.000000,1.000000,0.142506,PAUSE
222,0.000000,0.000000,0.147386,PAUSE
223,0.000000,0.000000,0.251670,PAUSE
224,0.661176,0.000000,0.163664,PAUSE
225,0.000000,1.000000,0.085313,PAUSE
226,0.000000,0.000000,0.111729,PAUSE
227,0.000000,0.000000,0.220561,PAUSE
228,0.000000,0.000000,0.375550,PAUSE
229,0.000000,0.000000,0.535952,ALLOW
230,0.000000,0.000000,0.674671,ALLOW
231,0.000000,0.000000,0.781644,ALLOW
232,0.000000,0.000000,0.858049,ALLOW
233,0.000000,0.000000,0.909831,ALLOW
234,0.000000,0.000000,0.943670,ALLOW
235,0.000000,0.000000,0.965227,ALLOW
236,0.000000,0.000000,0.978716,ALLOW
237,0.000000,0.000000,0.987051,ALLOW
238,0.000000,0.000000,0.992155,ALLOW
239,0.000000,0.000000,0.995261,ALLOW
240,0.661176,0.000000,0.480602,PAUSE
241,0.000000,0.942269,0.227728,PAUSE
242,0.000000,0.000000,0.201068,PAUSE
243,0.000000,0.000000,0.297218,PAUSE
244,0.000000,0.000000,0.444638,PAUSE
245,0.000000,0.000000,0.593757,ALLOW
246,0.661176,0.000000,0.312754,PAUSE
247,0.000000,0.908826,0.159518,PAUSE
248,0.000000,0.000000,0.171780,PAUSE
249,0.000000,0.000000,0.283125,PAUSE
250,0.000000,0.000000,0.436851,PAUSE
251,0.000000,0.000000,0.588995,ALLOW
252,0.000000,0.000000,0.716017,ALLOW
253,0.000000,0.000000,0.811496,ALLOW
254,0.000000,0.000000,0.878459,ALLOW
255,0.000000,0.000000,0.923258,ALLOW
256,0.000000,0.000000,0.952266,ALLOW
257,0.000000,0.000000,0.970625,ALLOW
258,0.000000,0.000000,0.982060,ALLOW
259,0.000000,0.000000,0.989102,ALLOW
260,0.000000,0.000000,0.993405,ALLOW
261,0.000000,0.000000,0.996020,ALLOW
262,0.000000,0.000000,0.997602,ALLOW
263,0.000000,0.000000,0.998557,ALLOW
264,0.661176,0.000000,0.481955,PAUSE
265,0.000000,0.808340,0.245853,PAUSE
266,0.000000,0.000000,0.238355,PAUSE
267,0.000000,0.000000,0.345932,PAUSE
268,0.000000,0.000000,0.493708,PAUSE
269,0.000000,0.000000,0.635654,ALLOW
270,0.000000,0.000000,0.751136,ALLOW
271,0.000000,0.000000,0.836262,ALLOW
272,0.000000,0.000000,0.895121,ALLOW
273,0.000000,0.000000,0.934098,ALLOW
274,0.000000,0.000000,0.959152,ALLOW
275,0.000000,0.000000,0.974926,ALLOW
276,0.661176,0.000000,0.472165,PAUSE
277,0.000000,0.741403,0.253416,PAUSE
278,0.000000,0.000000,0.258837,PAUSE
279,0.000000,0.000000,0.372428,PAUSE
280,0.000000,0.000000,0.519659,ALLOW
281,0.661176,0.000000,0.278591,PAUSE
282,0.000000,0.713495,0.170764,PAUSE
283,0.661176,0.000000,0.106538,PAUSE
284,0.000000,0.702269,0.074341,PAUSE
285,0.000000,0.000000,0.132564,PAUSE
286,0.661176,0.000000,0.098571,PAUSE
287,0.000000,0.685591,0.080085,PAUSE
288,0.000000,0.000000,0.151361,PAUSE
289,0.661176,0.000000,0.107844,PAUSE
290,0.000000,0.668803,0.088247,PAUSE
291,0.000000,0.000000,0.162305,PAUSE
292,0.000000,0.000000,0.301271,PAUSE
293,0.000000,0.000000,0.463587,PAUSE
294,0.000000,0.000000,0.614473,ALLOW
295,0.000000,0.000000,0.736424,ALLOW
296,0.000000,0.000000,0.826329,ALLOW
297,0.000000,0.000000,0.888603,ALLOW
298,0.000000,0.000000,0.929921,ALLOW
299,0.000000,0.000000,0.956523,ALLOW
300,0.661176,0.000000,0.464402,PAUSE
301,0.000000,0.607405,0.281855,PAUSE
302,0.000000,0.000000,0.312672,PAUSE
303,0.000000,0.000000,0.435373,PAUSE
304,0.000000,0.000000,0.578104,ALLOW
305,0.000000,0.000000,0.704459,ALLOW
306,0.000000,0.000000,0.802135,ALLOW
307,0.000000,0.000000,0.871710,ALLOW
308,0.000000,0.000000,0.918696,ALLOW
309,0.000000,0.000000,0.949301,ALLOW
310,0.000000,0.000000,0.968747,ALLOW
311,0.000000,0.000000,0.980890,ALLOW
312,0.000000,0.000000,0.988382,ALLOW
313,0.000000,0.000000,0.992966,ALLOW
314,0.000000,0.000000,0.995753,ALLOW
315,0.000000,0.000000,0.997440,ALLOW
316,0.000000,0.000000,0.998460,ALLOW
317,0.000000,0.000000,0.999074,ALLOW
318,0.000000,0.000000,0.999444,ALLOW
319,0.000000,0.000000,0.999666,ALLOW
320,0.000000,0.000000,0.999799,ALLOW
321,0.000000,0.000000,0.999880,ALLOW
322,0.000000,0.000000,0.999928,ALLOW
323,0.000000,0.000000,0.999957,ALLOW
324,0.000000,0.000000,0.999974,ALLOW
325,0.661176,0.000000,0.482539,PAUSE
326,0.000000,0.467902,0.340426,PAUSE
327,0.000000,0.000000,0.394621,PAUSE
328,0.000000,0.000000,0.519830,ALLOW
329,0.000000,0.000000,0.651002,ALLOW
330,0.000000,0.000000,0.760601,ALLOW
331,0.000000,0.000000,0.842197,ALLOW
332,0.661176,0.000000,0.414970,PAUSE
333,0.000000,0.428883,0.325319,PAUSE
334,0.661176,0.000000,0.169748,PAUSE
335,0.000000,0.417680,0.174229,PAUSE
336,0.000000,0.000000,0.282141,PAUSE
337,0.000000,0.000000,0.434676,PAUSE
338,0.000000,0.000000,0.586755,ALLOW
339,0.000000,0.000000,0.714168,ALLOW
340,0.661176,0.000000,0.358387,PAUSE
341,0.000000,0.384151,0.312497,PAUSE
342,0.000000,0.000000,0.405679,PAUSE
343,0.000000,0.000000,0.542625,ALLOW
344,0.661176,0.000000,0.279847,PAUSE
345,0.000000,0.361914,0.266829,PAUSE
346,0.661176,0.000000,0.143362,PAUSE
347,0.000000,0.350746,0.169434,PAUSE
348,0.000000,0.000000,0.287054,PAUSE
349,0.000000,0.000000,0.442811,PAUSE
350,0.000000,0.000000,0.594740,ALLOW
351,0.000000,0.000000,0.720650,ALLOW
352,0.000000,0.000000,0.814879,ALLOW
353,0.000000,0.000000,0.880779,ALLOW
354,0.000000,0.000000,0.924785,ALLOW
355,0.661176,0.000000,0.450170,PAUSE
356,0.000000,0.300498,0.359520,PAUSE
357,0.000000,0.000000,0.434631,PAUSE
358,0.000000,0.000000,0.562395,ALLOW
359,0.661176,0.000000,0.288562,PAUSE
360,0.000000,0.278180,0.271507,PAUSE
361,0.000000,0.000000,0.376071,PAUSE
362,0.661176,0.000000,0.201267,PAUSE
363,0.000000,0.261555,0.216957,PAUSE
364,0.000000,0.000000,0.333526,PAUSE
365,0.661176,0.000000,0.181847,PAUSE
366,0.000000,0.244675,0.205284,PAUSE
367,0.000000,0.000000,0.324595,PAUSE
368,0.000000,0.000000,0.478230,PAUSE
369,0.661176,0.000000,0.250867,PAUSE
370,0.661176,0.000000,0.120994,PAUSE
371,0.000000,0.216768,0.127863,PAUSE
372,0.000000,0.000000,0.229535,PAUSE
373,0.000000,0.000000,0.381603,PAUSE
374,0.000000,0.000000,0.540353,ALLOW
375,0.000000,0.000000,0.677848,ALLOW
376,0.000000,0.000000,0.783859,ALLOW
377,0.000000,0.000000,0.859539,ALLOW
378,0.000000,0.000000,0.910803,ALLOW
379,0.000000,0.000000,0.944290,ALLOW
380,0.000000,0.000000,0.965616,ALLOW
381,0.000000,0.000000,0.978957,ALLOW
382,0.661176,0.000000,0.473529,PAUSE
383,0.000000,0.149874,0.371122,PAUSE
384,0.000000,0.000000,0.441463,PAUSE
385,0.000000,0.000000,0.566880,ALLOW
386,0.661176,0.000000,0.290529,PAUSE
387,0.000000,0.127549,0.272547,PAUSE
388,0.000000,0.000000,0.376748,PAUSE
389,0.661176,0.000000,0.201567,PAUSE
390,0.000000,0.110775,0.217125,PAUSE
391,0.000000,0.000000,0.333645,PAUSE
392,0.000000,0.000000,0.485555,PAUSE
393,0.661176,0.000000,0.254177,PAUSE
394,0.000000,0.088403,0.252316,PAUSE
395,0.000000,0.000000,0.362764,PAUSE
396,0.000000,0.000000,0.509927,ALLOW
397,0.000000,0.000000,0.649123,ALLOW
398,0.000000,0.000000,0.761259,ALLOW
399,0.000000,0.000000,0.843368,ALLOW
400,0.000000,0.000000,0.899881,ALLOW
401,0.000000,0.000000,0.937183,ALLOW
402,0.000000,0.000000,0.961106,ALLOW
403,0.661176,0.000000,0.465851,PAUSE
404,0.000000,0.032618,0.367333,PAUSE
405,0.000000,0.000000,0.439252,PAUSE
406,0.000000,0.000000,0.565441,ALLOW
407,0.000000,0.000000,0.689330,ALLOW
408,0.000000,0.000000,0.789416,ALLOW
409,0.000000,0.000000,0.862377,ALLOW
410,0.661176,0.000000,0.423011,PAUSE
411,0.000000,0.000000,0.345695,PAUSE
412,0.000000,0.000000,0.426212,PAUSE
413,0.000000,0.000000,0.556706,ALLOW
414,0.000000,0.000000,0.683323,ALLOW
415,0.000000,0.000000,0.785338,ALLOW
416,0.000000,0.000000,0.859676,ALLOW
417,0.000000,0.000000,0.910575,ALLOW
418,0.000000,0.000000,0.944025,ALLOW
419,0.661176,0.000000,0.458481,PAUSE
420,0.661176,0.000000,0.208195,PAUSE
421,0.000000,0.000000,0.171986,PAUSE
422,0.661176,0.000000,0.095012,PAUSE
423,0.000000,0.000000,0.129716,PAUSE
424,0.000000,0.000000,0.246294,PAUSE
425,0.000000,0.000000,0.403650,PAUSE
426,0.000000,0.000000,0.561362,ALLOW
427,0.000000,0.000000,0.694907,ALLOW
428,0.000000,0.000000,0.796429,ALLOW
429,0.000000,0.000000,0.868230,ALLOW
430,0.000000,0.000000,0.916559,ALLOW
431,0.661176,0.000000,0.446610,PAUSE
432,0.000000,0.000000,0.357733,PAUSE
433,0.661176,0.000000,0.183057,PAUSE
434,0.000000,0.000000,0.191326,PAUSE
435,0.000000,0.000000,0.302795,PAUSE
436,0.000000,0.000000,0.455337,PAUSE
437,0.000000,0.000000,0.604491,ALLOW
438,0.000000,0.000000,0.727832,ALLOW
439,0.000000,0.000000,0.819896,ALLOW
440,0.000000,0.000000,0.884141,ALLOW
441,0.000000,0.000000,0.926968,ALLOW
442,0.661176,0.000000,0.451114,PAUSE
443,0.000000,0.000000,0.359992,PAUSE
444,0.000000,0.000000,0.434912,PAUSE
445,0.000000,0.000000,0.562581,ALLOW
446,0.000000,0.000000,0.687384,ALLOW
447,0.000000,0.000000,0.788103,ALLOW
448,0.000000,0.000000,0.861511,ALLOW
449,0.000000,0.000000,0.911763,ALLOW
450,0.000000,0.000000,0.944779,ALLOW
451,0.000000,0.000000,0.965875,ALLOW
452,0.000000,0.000000,0.979099,ALLOW
453,0.000000,0.000000,0.987278,ALLOW
454,0.000000,0.000000,0.992291,ALLOW
455,0.000000,0.000000,0.995343,ALLOW
456,0.000000,0.000000,0.997192,ALLOW
457,0.000000,0.000000,0.998310,ALLOW
458,0.000000,0.000000,0.998984,ALLOW
459,0.661176,0.000000,0.482115,PAUSE
460,0.000000,0.000000,0.375320,PAUSE
461,0.000000,0.000000,0.443881,PAUSE
462,0.000000,0.000000,0.568438,ALLOW
463,0.000000,0.000000,0.691345,ALLOW
464,0.000000,0.000000,0.790765,ALLOW
465,0.661176,0.000000,0.391558,PAUSE
466,0.000000,0.000000,0.329275,PAUSE
467,0.000000,0.000000,0.415870,PAUSE
468,0.000000,0.000000,0.549524,ALLOW
469,0.000000,0.000000,0.678268,ALLOW
470,0.000000,0.000000,0.781859,ALLOW
471,0.661176,0.000000,0.387673,PAUSE
472,0.000000,0.000000,0.327276,PAUSE
473,0.000000,0.000000,0.414631,PAUSE
474,0.000000,0.000000,0.548673,ALLOW
475,0.000000,0.000000,0.677672,ALLOW
476,0.000000,0.000000,0.781450,ALLOW
477,0.000000,0.000000,0.857080,ALLOW
478,0.000000,0.000000,0.908887,ALLOW
479,0.000000,0.000000,0.942951,ALLOW
480,0.661176,0.000000,0.458018,PAUSE
481,0.000000,0.000000,0.363437,PAUSE
482,0.661176,0.000000,0.185491,PAUSE
483,0.000000,0.000000,0.192570,PAUSE
484,0.000000,0.000000,0.303603,PAUSE
485,0.661176,0.000000,0.167462,PAUSE
486,0.000000,0.000000,0.195523,PAUSE
487,0.000000,0.000000,0.316266,PAUSE
488,0.661176,0.000000,0.173912,PAUSE
489,0.000000,0.000000,0.200411,PAUSE
490,0.000000,0.000000,0.320776,PAUSE
491,0.000000,0.000000,0.475088,PAUSE
492,0.000000,0.000000,0.621843,ALLOW
493,0.000000,0.000000,0.741270,ALLOW
494,0.000000,0.000000,0.829501,ALLOW
495,0.000000,0.000000,0.890648,ALLOW
496,0.000000,0.000000,0.931218,ALLOW
497,0.000000,0.000000,0.957334,ALLOW
498,0.000000,0.000000,0.973796,ALLOW
499,0.000000,0.000000,0.984019,ALLOW
500,0.000000,0.000000,0.990302,ALLOW
501,0.000000,0.000000,0.994135,ALLOW
502,0.000000,0.000000,0.996462,ALLOW
503,0.000000,0.000000,0.997869,ALLOW
504,0.000000,0.000000,0.998718,ALLOW
505,0.000000,0.000000,0.999230,ALLOW
506,0.000000,0.000000,0.999537,ALLOW
507,0.661176,0.000000,0.482352,PAUSE
508,0.000000,0.000000,0.375435,PAUSE
509,0.000000,0.000000,0.443946,PAUSE
510,0.000000,0.000000,0.568480,ALLOW
511,0.000000,0.000000,0.691373,ALLOW
512,0.000000,0.000000,0.790783,ALLOW
513,0.000000,0.000000,0.863275,ALLOW
514,0.000000,0.000000,0.912900,ALLOW
515,0.000000,0.000000,0.945498,ALLOW
516,0.000000,0.000000,0.966324,ALLOW
517,0.000000,0.000000,0.979376,ALLOW
518,0.000000,0.000000,0.987448,ALLOW
519,0.000000,0.000000,0.992394,ALLOW
520,0.000000,0.000000,0.995405,ALLOW
521,0.661176,0.000000,0.480584,PAUSE
522,0.000000,0.000000,0.374575,PAUSE
523,0.000000,0.000000,0.443454,PAUSE
524,0.000000,0.000000,0.568164,ALLOW
525,0.000000,0.000000,0.691163,ALLOW
526,0.000000,0.000000,0.790643,ALLOW
527,0.000000,0.000000,0.863183,ALLOW
528,0.661176,0.000000,0.423361,PAUSE
529,0.000000,0.000000,0.345871,PAUSE
530,0.000000,0.000000,0.426318,PAUSE
531,0.000000,0.000000,0.556777,ALLOW
532,0.661176,0.000000,0.286090,PAUSE
533,0.000000,0.000000,0.270186,PAUSE
534,0.661176,0.000000,0.144827,PAUSE
535,0.661176,0.000000,0.073383,PAUSE
536,0.661176,0.000000,0.038541,PAUSE
537,0.000000,0.000000,0.064304,PAUSE
538,0.661176,0.000000,0.044059,PAUSE
539,0.661176,0.000000,0.027806,PAUSE
540,0.000000,0.000000,0.063117,PAUSE
541,0.661176,0.000000,0.044275,PAUSE
542,0.000000,0.000000,0.093376,PAUSE
543,0.000000,0.000000,0.210572,PAUSE
544,0.000000,0.000000,0.368951,PAUSE
545,0.000000,0.000000,0.531211,ALLOW
546,0.000000,0.000000,0.671269,ALLOW
547,0.000000,0.000000,0.779278,ALLOW
548,0.000000,0.000000,0.856459,ALLOW
549,0.661176,0.000000,0.420485,PAUSE
550,0.661176,0.000000,0.192446,PAUSE
551,0.000000,0.000000,0.164499,PAUSE
552,0.000000,0.000000,0.254828,PAUSE
553,0.661176,0.000000,0.143212,PAUSE
554,0.661176,0.000000,0.073853,PAUSE
555,0.000000,0.000000,0.099175,PAUSE
556,0.000000,0.000000,0.204469,PAUSE
557,0.000000,0.000000,0.358121,PAUSE
558,0.000000,0.000000,0.520057,ALLOW
559,0.000000,0.000000,0.661894,ALLOW
560,0.000000,0.000000,0.772239,ALLOW
561,0.000000,0.000000,0.851537,ALLOW
562,0.000000,0.000000,0.905510,ALLOW
563,0.661176,0.000000,0.441821,PAUSE
564,0.000000,0.000000,0.355321,PAUSE
565,0.000000,0.000000,0.432116,PAUSE
566,0.000000,0.000000,0.560718,ALLOW
567,0.661176,0.000000,0.287826,PAUSE
568,0.000000,0.000000,0.271116,PAUSE
569,0.000000,0.000000,0.375815,PAUSE
570,0.000000,0.000000,0.519752,ALLOW
571,0.000000,0.000000,0.656415,ALLOW
572,0.000000,0.000000,0.766445,ALLOW
573,0.000000,0.000000,0.846905,ALLOW
574,0.000000,0.000000,0.902211,ALLOW
575,0.000000,0.000000,0.938678,ALLOW
576,0.000000,0.000000,0.962047,ALLOW
577,0.000000,0.000000,0.976728,ALLOW
578,0.000000,0.000000,0.985824,ALLOW
579,0.661176,0.000000,0.476477,PAUSE
580,0.000000,0.000000,0.372568,PAUSE
581,0.000000,0.000000,0.442299,PAUSE
582,0.661176,0.000000,0.230646,PAUSE
583,0.000000,0.000000,0.233309,PAUSE
584,0.661176,0.000000,0.127953,PAUSE
585,0.000000,0.000000,0.159557,PAUSE
586,0.000000,0.000000,0.278714,PAUSE
587,0.000000,0.000000,0.435520,PAUSE
588,0.000000,0.000000,0.588795,ALLOW
589,0.661176,0.000000,0.301647,PAUSE
590,0.000000,0.000000,0.280430,PAUSE
591,0.000000,0.000000,0.383415,PAUSE
592,0.000000,0.000000,0.525994,ALLOW
593,0.000000,0.000000,0.661242,ALLOW
594,0.000000,0.000000,0.769944,ALLOW
595,0.000000,0.000000,0.849313,ALLOW
596,0.000000,0.000000,0.903804,ALLOW
597,0.000000,0.000000,0.939704,ALLOW
598,0.661176,0.000000,0.456617,PAUSE
599,0.661176,0.000000,0.207425,PAUSE
600,0.000000,0.000000,0.171624,PAUSE
601,0.000000,0.000000,0.259143,PAUSE
602,0.000000,0.000000,0.405089,PAUSE
603,0.000000,0.000000,0.559020,ALLOW
604,0.661176,0.000000,0.288038,PAUSE
605,0.000000,0.000000,0.272510,PAUSE
606,0.661176,0.000000,0.145974,PAUSE
607,0.000000,0.000000,0.171103,PAUSE
608,0.000000,0.000000,0.288452,PAUSE
609,0.000000,0.000000,0.444026,PAUSE
610,0.661176,0.000000,0.235136,PAUSE
611,0.000000,0.000000,0.241007,PAUSE
612,0.000000,0.000000,0.354372,PAUSE
613,0.000000,0.000000,0.503326,ALLOW
614,0.000000,0.000000,0.644103,ALLOW
615,0.661176,0.000000,0.326433,PAUSE
616,0.661176,0.000000,0.153082,PAUSE
617,0.661176,0.000000,0.072747,PAUSE
618,0.000000,0.000000,0.085075,PAUSE
619,0.000000,0.000000,0.178594,PAUSE
620,0.000000,0.000000,0.326882,PAUSE
621,0.000000,0.000000,0.490203,PAUSE
622,0.000000,0.000000,0.637290,ALLOW
623,0.000000,0.000000,0.753854,ALLOW
624,0.000000,0.000000,0.838683,ALLOW
625,0.000000,0.000000,0.896926,ALLOW
626,0.000000,0.000000,0.935336,ALLOW
627,0.000000,0.000000,0.959962,ALLOW
628,0.000000,0.000000,0.975441,ALLOW
629,0.000000,0.000000,0.985035,ALLOW
630,0.000000,0.000000,0.990924,ALLOW
631,0.000000,0.000000,0.994514,ALLOW
632,0.000000,0.000000,0.996691,ALLOW
633,0.661176,0.000000,0.481134,PAUSE
634,0.000000,0.000000,0.374843,PAUSE
635,0.000000,0.000000,0.443608,PAUSE
636,0.000000,0.000000,0.568263,ALLOW
637,0.000000,0.000000,0.691229,ALLOW
638,0.000000,0.000000,0.790687,ALLOW
639,0.000000,0.000000,0.863212,ALLOW
640,0.000000,0.000000,0.912860,ALLOW
641,0.000000,0.000000,0.945473,ALLOW
642,0.000000,0.000000,0.966308,ALLOW
643,0.000000,0.000000,0.979366,ALLOW
644,0.000000,0.000000,0.987442,ALLOW
645,0.000000,0.000000,0.992390,ALLOW
646,0.000000,0.000000,0.995403,ALLOW
647,0.000000,0.000000,0.997229,ALLOW
648,0.000000,0.000000,0.998332,ALLOW
649,0.000000,0.000000,0.998997,ALLOW
650,0.000000,0.000000,0.999397,ALLOW
651,0.000000,0.000000,0.999638,ALLOW
652,0.000000,0.000000,0.999783,ALLOW
653,0.000000,0.000000,0.999870,ALLOW
654,0.000000,0.000000,0.999922,ALLOW
655,0.661176,0.000000,0.482516,PAUSE
656,0.000000,0.000000,0.375515,PAUSE
657,0.000000,0.000000,0.443992,PAUSE
658,0.000000,0.000000,0.568509,ALLOW
659,0.000000,0.000000,0.691393,ALLOW
660,0.000000,0.000000,0.790796,ALLOW
661,0.000000,0.000000,0.863284,ALLOW
662,0.661176,0.000000,0.423405,PAUSE
663,0.661176,0.000000,0.193650,PAUSE
664,0.000000,0.000000,0.165057,PAUSE
665,0.661176,0.000000,0.092044,PAUSE
666,0.000000,0.000000,0.128114,PAUSE
667,0.000000,0.000000,0.245125,PAUSE
668,0.661176,0.000000,0.139963,PAUSE
669,0.000000,0.000000,0.177511,PAUSE
670,0.000000,0.000000,0.301181,PAUSE
671,0.000000,0.000000,0.458146,PAUSE
672,0.000000,0.000000,0.608229,ALLOW
673,0.000000,0.000000,0.731130,ALLOW
674,0.000000,0.000000,0.822391,ALLOW
675,0.661176,0.000000,0.405580,PAUSE
676,0.000000,0.000000,0.336765,PAUSE
677,0.000000,0.000000,0.420720,PAUSE
678,0.000000,0.000000,0.552962,ALLOW
679,0.000000,0.000000,0.680717,ALLOW
680,0.661176,0.000000,0.342629,PAUSE
681,0.000000,0.000000,0.302854,PAUSE
682,0.000000,0.000000,0.398483,PAUSE
683,0.661176,0.000000,0.211349,PAUSE
684,0.000000,0.000000,0.222782,PAUSE
685,0.661176,0.000000,0.123327,PAUSE
686,0.000000,0.000000,0.156925,PAUSE
687,0.661176,0.000000,0.092207,PAUSE
688,0.000000,0.000000,0.135193,PAUSE
689,0.000000,0.000000,0.256762,PAUSE
690,0.000000,0.000000,0.415566,PAUSE
691,0.000000,0.000000,0.572176,ALLOW
692,0.000000,0.000000,0.703488,ALLOW
693,0.000000,0.000000,0.802670,ALLOW
694,0.000000,0.000000,0.872511,ALLOW
695,0.000000,0.000000,0.919380,ALLOW
696,0.000000,0.000000,0.949797,ALLOW
697,0.000000,0.000000,0.969081,ALLOW
698,0.000000,0.000000,0.981106,ALLOW
699,0.000000,0.000000,0.988518,ALLOW
700,0.661176,0.000000,0.477633,PAUSE
701,0.000000,0.000000,0.373134,PAUSE
702,0.000000,0.000000,0.442626,PAUSE
703,0.661176,0.000000,0.230788,PAUSE
704,0.000000,0.000000,0.233383,PAUSE
705,0.000000,0.000000,0.345072,PAUSE
706,0.000000,0.000000,0.494325,PAUSE
707,0.000000,0.000000,0.636611,ALLOW
708,0.661176,0.000000,0.323072,PAUSE
709,0.661176,0.000000,0.151666,PAUSE
710,0.000000,0.000000,0.144196,PAUSE
711,0.000000,0.000000,0.241486,PAUSE
712,0.000000,0.000000,0.391633,PAUSE
713,0.000000,0.000000,0.548565,ALLOW
714,0.000000,0.000000,0.684127,ALLOW
715,0.000000,0.000000,0.788363,ALLOW
716,0.000000,0.000000,0.862612,ALLOW
717,0.661176,0.000000,0.423162,PAUSE
718,0.000000,0.000000,0.345831,PAUSE
719,0.000000,0.000000,0.426341,PAUSE
720,0.000000,0.000000,0.556817,ALLOW
721,0.000000,0.000000,0.683410,ALLOW
722,0.000000,0.000000,0.785402,ALLOW
723,0.000000,0.000000,0.859720,ALLOW
724,0.000000,0.000000,0.910604,ALLOW
725,0.661176,0.000000,0.444013,PAUSE
726,0.661176,0.000000,0.202205,PAUSE
727,0.000000,0.000000,0.169153,PAUSE
728,0.000000,0.000000,0.257661,PAUSE
729,0.661176,0.000000,0.144472,PAUSE
730,0.661176,0.000000,0.074387,PAUSE
731,0.000000,0.000000,0.099466,PAUSE
732,0.000000,0.000000,0.204695,PAUSE
733,0.000000,0.000000,0.358321,PAUSE
734,0.000000,0.000000,0.520227,ALLOW
735,0.000000,0.000000,0.662027,ALLOW
736,0.000000,0.000000,0.772336,ALLOW
737,0.000000,0.000000,0.851603,ALLOW
738,0.000000,0.000000,0.905554,ALLOW
739,0.661176,0.000000,0.441840,PAUSE
740,0.000000,0.000000,0.355331,PAUSE
741,0.000000,0.000000,0.432122,PAUSE
742,0.000000,0.000000,0.560722,ALLOW
743,0.000000,0.000000,0.686110,ALLOW
744,0.000000,0.000000,0.787241,ALLOW
745,0.000000,0.000000,0.860940,ALLOW
746,0.000000,0.000000,0.911394,ALLOW
747,0.000000,0.000000,0.944545,ALLOW
748,0.000000,0.000000,0.965729,ALLOW
749,0.000000,0.000000,0.979009,ALLOW
750,0.000000,0.000000,0.987223,ALLOW
751,0.000000,0.000000,0.992257,ALLOW
752,0.000000,0.000000,0.995322,ALLOW
753,0.661176,0.000000,0.480548,PAUSE
754,0.000000,0.000000,0.374558,PAUSE
755,0.000000,0.000000,0.443444,PAUSE
756,0.000000,0.000000,0.568158,ALLOW
757,0.661176,0.000000,0.291087,PAUSE
758,0.000000,0.000000,0.272840,PAUSE
759,0.000000,0.000000,0.376937,PAUSE
760,0.000000,0.000000,0.520558,ALLOW
761,0.661176,0.000000,0.269967,PAUSE
762,0.000000,0.000000,0.261313,PAUSE
763,0.000000,0.000000,0.369150,PAUSE
764,0.000000,0.000000,0.514806,ALLOW
765,0.000000,0.000000,0.652775,ALLOW
766,0.000000,0.000000,0.763868,ALLOW
767,0.000000,0.000000,0.845152,ALLOW
768,0.000000,0.000000,0.901058,ALLOW
769,0.000000,0.000000,0.937939,ALLOW
770,0.000000,0.000000,0.961582,ALLOW
771,0.000000,0.000000,0.976440,ALLOW
772,0.000000,0.000000,0.985646,ALLOW
773,0.661176,0.000000,0.476401,PAUSE
774,0.000000,0.000000,0.372531,PAUSE
775,0.000000,0.000000,0.442278,PAUSE
776,0.000000,0.000000,0.567407,ALLOW
777,0.661176,0.011583,0.290759,PAUSE
778,0.000000,0.000000,0.272668,PAUSE
779,0.000000,0.000000,0.376826,PAUSE
780,0.000000,0.000000,0.520479,ALLOW
781,0.000000,0.000000,0.656941,ALLOW
782,0.000000,0.000000,0.766814,ALLOW
783,0.000000,0.000000,0.847154,ALLOW
784,0.661176,0.050091,0.416392,PAUSE
785,0.661176,0.000000,0.190739,PAUSE
786,0.000000,0.000000,0.163666,PAUSE
787,0.000000,0.000000,0.254300,PAUSE
788,0.000000,0.000000,0.401573,PAUSE
789,0.000000,0.000000,0.556365,ALLOW
790,0.000000,0.000000,0.689962,ALLOW
791,0.000000,0.000000,0.792500,ALLOW
792,0.000000,0.000000,0.865416,ALLOW
793,0.000000,0.000000,0.914661,ALLOW
794,0.000000,0.000000,0.946758,ALLOW
795,0.661176,0.104829,0.459666,PAUSE
796,0.000000,0.000000,0.364264,PAUSE
797,0.000000,0.000000,0.437447,PAUSE
798,0.000000,0.000000,0.564257,ALLOW
799,0.000000,0.000000,0.688527,ALLOW
800,0.000000,0.000000,0.788875,ALLOW
801,0.000000,0.000000,0.862021,ALLOW
802,0.000000,0.000000,0.912092,ALLOW
803,0.000000,0.000000,0.944988,ALLOW
804,0.000000,0.000000,0.966005,ALLOW
805,0.000000,0.000000,0.979179,ALLOW
806,0.000000,0.000000,0.987328,ALLOW
807,0.000000,0.000000,0.992321,ALLOW
808,0.000000,0.000000,0.995361,ALLOW
809,0.000000,0.000000,0.997203,ALLOW
810,0.000000,0.000000,0.998317,ALLOW
811,0.661176,0.192420,0.481830,PAUSE
812,0.000000,0.000000,0.375182,PAUSE
813,0.000000,0.000000,0.443801,PAUSE
814,0.000000,0.000000,0.568387,ALLOW
815,0.000000,0.000000,0.691312,ALLOW
816,0.000000,0.000000,0.790742,ALLOW
817,0.000000,0.000000,0.863248,ALLOW
818,0.000000,0.000000,0.912883,ALLOW
819,0.000000,0.000000,0.945488,ALLOW
820,0.000000,0.000000,0.966317,ALLOW
821,0.000000,0.000000,0.979372,ALLOW
822,0.000000,0.000000,0.987445,ALLOW
823,0.000000,0.000000,0.992392,ALLOW
824,0.000000,0.000000,0.995404,ALLOW
825,0.000000,0.000000,0.997229,ALLOW
826,0.000000,0.000000,0.998332,ALLOW
827,0.000000,0.000000,0.998997,ALLOW
828,0.000000,0.000000,0.999397,ALLOW
829,0.000000,0.000000,0.999638,ALLOW
830,0.000000,0.000000,0.999783,ALLOW
831,0.000000,0.000000,0.999870,ALLOW
832,0.661176,0.307157,0.482494,PAUSE
833,0.661176,0.000000,0.218108,PAUSE
834,0.000000,0.000000,0.176608,PAUSE
835,0.000000,0.000000,0.262051,PAUSE
836,0.000000,0.000000,0.407120,PAUSE
837,0.000000,0.000000,0.560518,ALLOW
838,0.000000,0.000000,0.692993,ALLOW
839,0.000000,0.000000,0.794619,ALLOW
840,0.000000,0.000000,0.866841,ALLOW
841,0.661176,0.356365,0.425001,PAUSE
842,0.000000,0.000000,0.346767,PAUSE
843,0.000000,0.000000,0.426911,PAUSE
844,0.000000,0.000000,0.557203,ALLOW
845,0.000000,0.000000,0.683678,ALLOW
846,0.000000,0.000000,0.785584,ALLOW
847,0.000000,0.000000,0.859841,ALLOW
848,0.000000,0.000000,0.910682,ALLOW
849,0.661176,0.400094,0.444047,PAUSE
850,0.000000,0.000000,0.356422,PAUSE
851,0.000000,0.000000,0.432761,PAUSE
852,0.000000,0.000000,0.561141,ALLOW
853,0.000000,0.000000,0.686394,ALLOW
854,0.000000,0.000000,0.787432,ALLOW
855,0.000000,0.000000,0.861066,ALLOW
856,0.000000,0.000000,0.911476,ALLOW
857,0.661176,0.443803,0.444389,PAUSE
858,0.000000,0.000000,0.356594,PAUSE
859,0.000000,0.000000,0.432863,PAUSE
860,0.000000,0.000000,0.561208,ALLOW
861,0.000000,0.000000,0.686441,ALLOW
862,0.000000,0.000000,0.787463,ALLOW
863,0.000000,0.000000,0.861087,ALLOW
864,0.661176,0.482034,0.422452,PAUSE
865,0.000000,0.000000,0.345412,PAUSE
866,0.000000,0.000000,0.426040,PAUSE
867,0.000000,0.000000,0.556591,ALLOW
868,0.000000,0.000000,0.683243,ALLOW
869,0.661176,0.509357,0.343738,PAUSE
870,0.000000,0.000000,0.303437,PAUSE
871,0.661176,0.520288,0.159551,PAUSE
872,0.000000,0.000000,0.178726,PAUSE
873,0.000000,0.000000,0.294059,PAUSE
874,0.000000,0.000000,0.448556,PAUSE
875,0.000000,0.000000,0.599282,ALLOW
876,0.661176,0.547568,0.306346,PAUSE
877,0.000000,0.000000,0.283038,PAUSE
878,0.661176,0.558434,0.150636,PAUSE
879,0.000000,0.000000,0.173788,PAUSE
880,0.000000,0.000000,0.290487,PAUSE
881,0.000000,0.000000,0.445700,PAUSE
882,0.000000,0.000000,0.597052,ALLOW
883,0.661176,0.585874,0.305350,PAUSE
884,0.000000,0.000000,0.282490,PAUSE
885,0.661176,0.596765,0.150395,PAUSE
886,0.000000,0.000000,0.173654,PAUSE
887,0.000000,0.000000,0.290389,PAUSE
888,0.000000,0.000000,0.445621,PAUSE
889,0.000000,0.000000,0.596990,ALLOW
890,0.000000,0.000000,0.722331,ALLOW
891,0.000000,0.000000,0.816062,ALLOW
892,0.000000,0.000000,0.881576,ALLOW
893,0.000000,0.000000,0.925304,ALLOW
894,0.000000,0.000000,0.953573,ALLOW
895,0.661176,0.651235,0.462605,PAUSE
896,0.000000,0.000000,0.365725,PAUSE
897,0.000000,0.000000,0.438309,PAUSE
898,0.000000,0.000000,0.564823,ALLOW
899,0.000000,0.000000,0.688912,ALLOW
900,0.000000,0.000000,0.789135,ALLOW
901,0.000000,0.000000,0.862192,ALLOW
902,0.000000,0.000000,0.912202,ALLOW
903,0.000000,0.000000,0.945057,ALLOW
904,0.000000,0.000000,0.966049,ALLOW
905,0.000000,0.000000,0.979206,ALLOW
906,0.000000,0.000000,0.987344,ALLOW
907,0.000000,0.000000,0.992331,ALLOW
908,0.000000,0.000000,0.995367,ALLOW
909,0.000000,0.000000,0.997207,ALLOW
910,0.000000,0.000000,0.998319,ALLOW
911,0.000000,0.000000,0.998989,ALLOW
912,0.000000,0.000000,0.999392,ALLOW
913,0.000000,0.000000,0.999635,ALLOW
914,0.661176,0.755229,0.462102,PAUSE
915,0.000000,0.000000,0.338917,PAUSE
916,0.000000,0.000000,0.400967,PAUSE
917,0.000000,0.000000,0.528178,ALLOW
918,0.000000,0.000000,0.658594,ALLOW
919,0.000000,0.000000,0.766513,ALLOW
920,0.000000,0.000000,0.846415,ALLOW
921,0.661176,0.793477,0.390661,PAUSE
922,0.000000,0.000000,0.294729,PAUSE
923,0.000000,0.000000,0.366814,PAUSE
924,0.000000,0.000000,0.500640,ALLOW
925,0.000000,0.000000,0.637375,ALLOW
926,0.661176,0.820794,0.297238,PAUSE
927,0.661176,0.000000,0.141727,PAUSE
928,0.661176,0.000000,0.068304,PAUSE
929,0.000000,0.000000,0.083586,PAUSE
930,0.000000,0.000000,0.178444,PAUSE
931,0.661176,0.848131,0.106588,PAUSE
932,0.000000,0.000000,0.152096,PAUSE
933,0.661176,0.859068,0.077775,PAUSE
934,0.000000,0.000000,0.101671,PAUSE
935,0.000000,0.000000,0.206779,PAUSE
936,0.000000,0.000000,0.360362,PAUSE
937,0.661176,0.880914,0.171037,PAUSE
938,0.000000,0.000000,0.161534,PAUSE
939,0.000000,0.000000,0.260807,PAUSE
940,0.000000,0.000000,0.411134,PAUSE
941,0.000000,0.000000,0.565674,ALLOW
942,0.000000,0.000000,0.697562,ALLOW
943,0.000000,0.000000,0.798105,ALLOW
944,0.000000,0.000000,0.869291,ALLOW
945,0.000000,0.000000,0.917226,ALLOW
946,0.000000,0.000000,0.948406,ALLOW
947,0.000000,0.000000,0.968202,ALLOW
948,0.000000,0.000000,0.980560,ALLOW
949,0.000000,0.000000,0.988182,ALLOW
950,0.000000,0.000000,0.992845,ALLOW
951,0.000000,0.000000,0.995680,ALLOW
952,0.661176,0.962808,0.431621,PAUSE
953,0.000000,0.000000,0.278602,PAUSE
954,0.000000,0.000000,0.323438,PAUSE
955,0.000000,0.000000,0.450784,PAUSE
956,0.000000,0.000000,0.592882,ALLOW
957,0.000000,0.000000,0.716398,ALLOW
958,0.000000,0.000000,0.810878,ALLOW
959,0.000000,0.000000,0.877724,ALLOW
960,0.661176,1.000000,0.379546,PAUSE
961,0.000000,0.000000,0.248151,PAUSE
962,0.000000,0.000000,0.299488,PAUSE
963,0.000000,0.000000,0.430376,PAUSE
964,0.000000,0.000000,0.576322,ALLOW
965,0.000000,0.000000,0.703898,ALLOW
966,0.000000,0.000000,0.802011,ALLOW
967,0.661176,1.000000,0.348233,PAUSE
968,0.661176,0.000000,0.163567,PAUSE
969,0.000000,0.000000,0.152995,PAUSE
970,0.000000,0.000000,0.250288,PAUSE
971,0.000000,0.000000,0.400212,PAUSE
972,0.661176,1.000000,0.183585,PAUSE
973,0.000000,0.000000,0.159317,PAUSE
974,0.000000,0.000000,0.250624,PAUSE
975,0.000000,0.000000,0.398254,PAUSE
976,0.000000,0.000000,0.553572,ALLOW
977,0.661176,1.000000,0.244648,PAUSE
978,0.000000,0.000000,0.183125,PAUSE
979,0.000000,1.000000,0.082515,PAUSE
980,0.000000,0.000000,0.082138,PAUSE
981,0.000000,0.000000,0.166539,PAUSE
982,0.000000,0.000000,0.310345,PAUSE
983,0.000000,0.000000,0.473604,PAUSE
984,0.000000,0.000000,0.623256,ALLOW
985,0.000000,0.000000,0.743207,ALLOW
986,0.000000,0.000000,0.831166,ALLOW
987,0.000000,0.000000,0.891874,ALLOW
988,0.000000,0.000000,0.932053,ALLOW
989,0.000000,0.000000,0.957879,ALLOW
990,0.661176,1.000000,0.412575,PAUSE
991,0.000000,0.000000,0.263313,PAUSE
992,0.000000,0.000000,0.307976,PAUSE
993,0.000000,0.000000,0.436021,PAUSE
994,0.000000,0.000000,0.580333,ALLOW
995,0.661176,1.000000,0.255762,PAUSE
996,0.000000,0.000000,0.188469,PAUSE
997,0.000000,0.000000,0.262653,PAUSE
998,0.661176,1.000000,0.119915,PAUSE
999,0.000000,0.000000,0.113185,PAUSE
1000,0.000000,0.000000,0.203721,PAUSE
1001,0.000000,0.000000,0.351380,PAUSE
1002,0.661176,1.000000,0.159049,PAUSE
1003,0.000000,0.000000,0.138010,PAUSE
1004,0.000000,0.000000,0.226667,PAUSE
1005,0.000000,0.000000,0.373651,PAUSE
1006,0.000000,0.000000,0.531684,ALLOW
1007,0.000000,0.000000,0.670448,ALLOW
1008,0.000000,0.000000,0.778274,ALLOW
1009,0.661176,1.000000,0.338410,PAUSE
1010,0.000000,0.000000,0.228913,PAUSE
1011,0.000000,0.000000,0.288302,PAUSE
1012,0.000000,0.000000,0.422641,PAUSE
1013,0.000000,0.000000,0.570677,ALLOW
1014,0.000000,0.000000,0.699845,ALLOW
1015,0.000000,0.000000,0.799204,ALLOW
1016,0.000000,0.000000,0.869849,ALLOW
1017,0.000000,0.000000,0.917523,ALLOW
1018,0.661176,1.000000,0.395963,PAUSE
1019,0.000000,0.000000,0.255724,PAUSE
1020,0.661176,1.000000,0.112321,PAUSE
1021,0.000000,0.000000,0.096460,PAUSE
1022,0.000000,0.000000,0.176147,PAUSE
1023,0.000000,0.000000,0.318408,PAUSE
1024,0.000000,0.000000,0.480447,PAUSE
1025,0.000000,0.000000,0.628682,ALLOW
1026,0.661176,1.000000,0.276154,PAUSE
1027,0.000000,0.000000,0.198908,PAUSE
1028,0.000000,0.000000,0.269789,PAUSE
1029,0.000000,0.000000,0.409093,PAUSE
1030,0.000000,0.000000,0.560421,ALLOW
1031,0.661176,1.000000,0.247477,PAUSE
1032,0.000000,0.000000,0.184451,PAUSE
1033,0.661176,1.000000,0.083058,PAUSE
1034,0.661176,0.000000,0.049014,PAUSE
1035,0.000000,0.000000,0.087260,PAUSE
1036,0.661176,1.000000,0.047042,PAUSE
1037,0.000000,0.000000,0.076594,PAUSE
1038,0.661176,1.000000,0.037973,PAUSE
1039,0.661176,0.000000,0.027519,PAUSE
1040,0.000000,0.000000,0.069329,PAUSE
1041,0.661176,1.000000,0.039269,PAUSE
1042,0.000000,0.000000,0.071752,PAUSE
1043,0.000000,0.000000,0.173371,PAUSE
1044,0.000000,0.000000,0.324906,PAUSE
1045,0.000000,0.000000,0.489508,PAUSE
1046,0.000000,0.000000,0.637081,ALLOW
1047,0.000000,0.000000,0.753818,ALLOW
1048,0.000000,0.000000,0.838699,ALLOW
1049,0.000000,0.000000,0.896952,ALLOW
1050,0.000000,0.000000,0.935358,ALLOW
1051,0.000000,0.000000,0.959978,ALLOW
1052,0.000000,0.000000,0.975451,ALLOW
1053,0.000000,0.000000,0.985042,ALLOW
1054,0.000000,0.000000,0.990928,ALLOW
1055,0.000000,0.000000,0.994516,ALLOW
1056,0.000000,0.000000,0.996693,ALLOW
1057,0.000000,0.000000,0.998009,ALLOW
1058,0.000000,0.000000,0.998802,ALLOW
1059,0.000000,0.000000,0.999280,ALLOW
1060,0.000000,0.000000,0.999568,ALLOW
1061,0.000000,0.000000,0.999740,ALLOW
1062,0.000000,0.000000,0.999844,ALLOW
1063,0.000000,0.000000,0.999906,ALLOW
1064,0.000000,0.000000,0.999944,ALLOW
1065,0.000000,0.000000,0.999966,ALLOW
1066,0.661176,1.000000,0.429858,PAUSE
1067,0.000000,0.000000,0.271122,PAUSE
1068,0.000000,0.000000,0.312205,PAUSE
1069,0.661176,1.000000,0.140508,PAUSE
1070,0.000000,0.000000,0.123434,PAUSE
1071,0.661176,1.000000,0.057407,PAUSE
1072,0.661176,0.000000,0.037877,PAUSE
1073,0.000000,0.000000,0.080527,PAUSE
1074,0.000000,0.000000,0.190886,PAUSE
1075,0.000000,0.000000,0.346481,PAUSE
1076,0.000000,0.000000,0.510299,ALLOW
1077,0.000000,0.000000,0.654294,ALLOW
1078,0.000000,0.000000,0.766715,ALLOW
1079,0.000000,0.000000,0.847732,ALLOW
1080,0.000000,0.000000,0.902991,ALLOW
1081,0.000000,0.000000,0.939267,ALLOW
1082,0.000000,0.000000,0.962451,ALLOW
1083,0.000000,0.000000,0.976992,ALLOW
1084,0.000000,0.000000,0.985991,ALLOW
1085,0.661176,1.000000,0.424168,PAUSE
1086,0.661176,0.000000,0.194705,PAUSE
1087,0.000000,0.000000,0.167093,PAUSE
1088,0.000000,0.000000,0.258048,PAUSE
1089,0.000000,0.000000,0.405331,PAUSE
1090,0.661176,1.000000,0.185783,PAUSE
1091,0.000000,0.000000,0.160525,PAUSE
1092,0.000000,0.000000,0.251537,PAUSE
1093,0.661176,1.000000,0.115472,PAUSE
1094,0.000000,0.000000,0.111415,PAUSE
1095,0.000000,0.000000,0.203024,PAUSE
1096,0.000000,0.000000,0.351113,PAUSE
1097,0.000000,0.000000,0.511968,ALLOW
1098,0.661176,1.000000,0.227194,PAUSE
1099,0.000000,0.000000,0.174338,PAUSE
1100,0.000000,0.000000,0.253452,PAUSE
1101,0.000000,0.000000,0.396332,PAUSE
1102,0.000000,0.000000,0.550375,ALLOW
1103,0.000000,0.000000,0.684801,ALLOW
1104,0.000000,0.000000,0.788600,ALLOW
1105,0.661176,1.000000,0.342686,PAUSE
1106,0.000000,0.000000,0.230925,PAUSE
1107,0.000000,0.000000,0.289487,PAUSE
1108,0.000000,0.000000,0.423472,PAUSE
1109,0.661176,1.000000,0.189398,PAUSE
1110,0.000000,0.000000,0.153742,PAUSE
1111,0.000000,0.000000,0.237882,PAUSE
1112,0.000000,0.000000,0.382983,PAUSE
1113,0.000000,0.000000,0.539332,ALLOW
1114,0.661176,1.000000,0.238664,PAUSE
1115,0.000000,0.000000,0.180093,PAUSE
1116,0.000000,0.000000,0.257292,PAUSE
1117,0.000000,0.000000,0.399347,PAUSE
1118,0.000000,0.000000,0.552758,ALLOW
1119,0.000000,0.000000,0.686591,ALLOW
1120,0.000000,0.000000,0.789872,ALLOW
1121,0.000000,0.000000,0.863549,ALLOW
1122,0.000000,0.000000,0.913407,ALLOW
1123,0.000000,0.000000,0.945945,ALLOW
1124,0.000000,0.000000,0.966651,ALLOW
1125,0.000000,0.000000,0.979596,ALLOW
1126,0.000000,0.000000,0.987590,ALLOW
1127,0.000000,0.000000,0.992483,ALLOW
1128,0.000000,0.000000,0.995460,ALLOW
1129,0.000000,0.000000,0.997264,ALLOW
1130,0.000000,0.000000,0.998353,ALLOW
1131,0.000000,0.000000,0.999010,ALLOW
1132,0.000000,0.000000,0.999405,ALLOW
1133,0.000000,0.000000,0.999643,ALLOW
1134,0.000000,0.000000,0.999785,ALLOW
1135,0.661176,1.000000,0.429784,PAUSE
1136,0.000000,0.000000,0.271089,PAUSE
1137,0.000000,0.000000,0.312188,PAUSE
1138,0.000000,0.000000,0.438725,PAUSE
1139,0.000000,0.000000,0.582208,ALLOW
1140,0.000000,0.000000,0.708040,ALLOW
1141,0.000000,0.000000,0.804846,ALLOW
1142,0.000000,0.000000,0.873607,ALLOW
1143,0.661176,1.000000,0.377847,PAUSE
1144,0.000000,0.000000,0.247364,PAUSE
1145,0.000000,0.000000,0.299040,PAUSE
1146,0.000000,0.000000,0.430073,PAUSE
1147,0.000000,0.000000,0.576104,ALLOW
1148,0.000000,0.000000,0.703742,ALLOW
1149,0.000000,0.000000,0.801904,ALLOW
1150,0.000000,0.000000,0.871653,ALLOW
1151,0.000000,0.000000,0.918695,ALLOW
1152,0.000000,0.000000,0.949314,ALLOW
1153,0.000000,0.000000,0.968760,ALLOW
1154,0.000000,0.000000,0.980901,ALLOW
1155,0.661176,1.000000,0.422035,PAUSE
1156,0.000000,0.099498,0.242106,PAUSE
1157,0.000000,0.000000,0.266782,PAUSE
1158,0.000000,0.000000,0.388186,PAUSE
1159,0.000000,0.000000,0.536273,ALLOW
1160,0.000000,0.000000,0.671402,ALLOW
1161,0.000000,0.000000,0.778066,ALLOW
1162,0.000000,0.000000,0.855165,ALLOW
1163,0.000000,0.000000,0.907772,ALLOW
1164,0.661176,1.000000,0.391944,PAUSE
1165,0.000000,0.141052,0.220376,PAUSE
1166,0.000000,0.000000,0.244223,PAUSE
1167,0.000000,0.000000,0.365148,PAUSE
1168,0.661176,1.000000,0.164456,PAUSE
1169,0.000000,0.140220,0.114469,PAUSE
1170,0.000000,0.000000,0.178743,PAUSE
1171,0.000000,0.000000,0.314429,PAUSE
1172,0.000000,0.000000,0.474551,PAUSE
1173,0.000000,0.000000,0.623123,ALLOW
1174,0.000000,0.000000,0.742804,ALLOW
1175,0.661176,1.000000,0.323691,PAUSE
1176,0.000000,0.123769,0.193248,PAUSE
1177,0.000000,0.000000,0.233628,PAUSE
1178,0.661176,1.000000,0.106780,PAUSE
1179,0.000000,0.108784,0.086809,PAUSE
1180,0.000000,0.000000,0.160010,PAUSE
1181,0.000000,0.000000,0.298429,PAUSE
1182,0.000000,0.000000,0.460771,PAUSE
1183,0.000000,0.000000,0.612086,ALLOW
1184,0.000000,0.000000,0.734603,ALLOW
1185,0.000000,0.000000,0.825038,ALLOW
1186,0.000000,0.000000,0.887732,ALLOW
1187,0.000000,0.000000,0.929353,ALLOW
1188,0.000000,0.000000,0.956162,ALLOW
1189,0.000000,0.000000,0.973068,ALLOW
1190,0.000000,0.000000,0.983572,ALLOW
1191,0.000000,0.000000,0.990029,ALLOW
1192,0.000000,0.000000,0.993969,ALLOW
1193,0.000000,0.000000,0.996362,ALLOW
1194,0.000000,0.000000,0.997809,ALLOW
1195,0.000000,0.000000,0.998682,ALLOW
1196,0.661176,1.000000,0.429332,PAUSE
1197,0.000000,0.000000,0.270886,PAUSE
1198,0.000000,0.000000,0.312079,PAUSE
1199,0.000000,0.000000,0.438656,PAUSE
1200,0.000000,0.000000,0.582161,ALLOW
1201,0.000000,0.000000,0.708007,ALLOW
1202,0.000000,0.000000,0.804824,ALLOW
1203,0.661176,1.000000,0.349395,PAUSE
1204,0.000000,0.000000,0.234063,PAUSE
1205,0.661176,1.000000,0.103468,PAUSE
1206,0.000000,0.000000,0.092334,PAUSE
1207,0.661176,1.000000,0.043736,PAUSE
1208,0.000000,0.000000,0.058312,PAUSE
1209,0.000000,0.000000,0.142936,PAUSE
1210,0.000000,0.000000,0.285168,PAUSE
1211,0.000000,0.000000,0.449816,PAUSE
1212,0.000000,0.000000,0.603441,ALLOW
1213,0.000000,0.000000,0.728212,ALLOW
1214,0.000000,0.000000,0.820570,ALLOW
1215,0.661176,1.000000,0.355935,PAUSE
1216,0.661176,0.000000,0.166746,PAUSE
1217,0.661176,0.000000,0.078775,PAUSE
1218,0.000000,0.000000,0.089112,PAUSE
1219,0.000000,0.000000,0.182714,PAUSE
1220,0.000000,0.000000,0.331178,PAUSE
1221,0.000000,0.000000,0.494151,PAUSE
1222,0.000000,0.000000,0.640509,ALLOW
1223,0.000000,0.000000,0.756254,ALLOW
1224,0.000000,0.000000,0.840361,ALLOW
1225,0.000000,0.000000,0.898048,ALLOW
1226,0.000000,0.000000,0.936062,ALLOW
1227,0.000000,0.000000,0.960421,ALLOW
1228,0.000000,0.000000,0.975727,ALLOW
1229,0.000000,0.000000,0.985211,ALLOW
1230,0.000000,0.000000,0.991032,ALLOW
1231,0.000000,0.000000,0.994579,ALLOW
1232,0.000000,0.000000,0.996731,ALLOW
1233,0.000000,0.000000,0.998032,ALLOW
1234,0.000000,0.000000,0.998816,ALLOW
1235,0.000000,0.000000,0.999289,ALLOW
1236,0.000000,0.000000,0.999573,ALLOW
1237,0.000000,0.000000,0.999743,ALLOW
1238,0.000000,0.000000,0.999846,ALLOW
1239,0.000000,0.000000,0.999908,ALLOW
1240,0.000000,0.000000,0.999945,ALLOW
1241,0.000000,0.000000,0.999967,ALLOW
1242,0.000000,0.000000,0.999980,ALLOW
1243,0.000000,0.000000,0.999988,ALLOW
1244,0.000000,0.000000,0.999993,ALLOW
1245,0.000000,0.000000,0.999996,ALLOW
1246,0.000000,0.000000,0.999997,ALLOW
1247,0.661176,1.000000,0.429871,PAUSE
1248,0.000000,0.000000,0.271128,PAUSE
1249,0.661176,1.000000,0.118596,PAUSE
1250,0.000000,0.000000,0.099318,PAUSE
1251,0.000000,0.000000,0.177848,PAUSE
1252,0.000000,0.000000,0.319691,PAUSE
1253,0.000000,0.000000,0.481475,PAUSE
1254,0.000000,0.000000,0.629474,ALLOW
1255,0.661176,1.000000,0.276484,PAUSE
1256,0.000000,0.000000,0.199068,PAUSE
1257,0.000000,0.000000,0.269889,PAUSE
1258,0.000000,0.000000,0.409167,PAUSE
1259,0.000000,0.000000,0.560478,ALLOW
1260,0.000000,0.000000,0.692369,ALLOW
1261,0.000000,0.000000,0.793967,ALLOW
1262,0.000000,0.000000,0.866324,ALLOW
1263,0.000000,0.000000,0.915224,ALLOW
1264,0.000000,0.000000,0.947106,ALLOW
1265,0.000000,0.000000,0.967379,ALLOW
1266,0.000000,0.000000,0.980047,ALLOW
1267,0.000000,0.000000,0.987866,ALLOW
1268,0.000000,0.000000,0.992652,ALLOW
1269,0.661176,1.000000,0.426858,PAUSE
1270,0.661176,0.000000,0.195829,PAUSE
1271,0.000000,0.000000,0.167645,PAUSE
1272,0.000000,0.000000,0.258400,PAUSE
1273,0.661176,1.000000,0.123603,PAUSE
1274,0.661176,0.000000,0.066082,PAUSE
1275,0.000000,0.000000,0.096250,PAUSE
1276,0.000000,0.000000,0.203559,PAUSE
1277,0.000000,0.000000,0.358018,PAUSE
1278,0.000000,0.000000,0.520229,ALLOW
1279,0.000000,0.000000,0.662118,ALLOW
1280,0.000000,0.000000,0.772432,ALLOW
1281,0.000000,0.000000,0.851680,ALLOW
1282,0.000000,0.000000,0.905609,ALLOW
1283,0.000000,0.000000,0.940953,ALLOW
1284,0.000000,0.000000,0.963515,ALLOW
1285,0.000000,0.000000,0.977652,ALLOW
1286,0.661176,1.000000,0.420801,PAUSE
1287,0.661176,0.000000,0.193314,PAUSE
1288,0.000000,0.000000,0.166441,PAUSE
1289,0.000000,0.000000,0.257664,PAUSE
1290,0.000000,0.000000,0.405061,PAUSE
1291,0.000000,0.000000,0.559454,ALLOW
1292,0.000000,0.000000,0.692397,ALLOW
1293,0.000000,0.000000,0.794269,ALLOW
1294,0.000000,0.000000,0.866630,ALLOW
1295,0.000000,0.000000,0.915462,ALLOW
1296,0.661176,1.000000,0.395519,PAUSE
1297,0.000000,0.000000,0.256312,PAUSE
1298,0.000000,0.000000,0.304954,PAUSE
1299,0.661176,1.000000,0.137546,PAUSE
1300,0.000000,0.000000,0.122091,PAUSE
1301,0.000000,0.000000,0.209971,PAUSE
1302,0.000000,0.000000,0.356618,PAUSE
1303,0.000000,0.000000,0.516417,ALLOW
1304,0.000000,0.000000,0.658239,ALLOW
1305,0.000000,0.000000,0.769300,ALLOW
1306,0.000000,0.000000,0.849413,ALLOW
1307,0.000000,0.000000,0.904068,ALLOW
1308,0.661176,1.000000,0.390420,PAUSE
1309,0.000000,0.024493,0.246308,PAUSE
1310,0.000000,0.000000,0.290927,PAUSE
1311,0.661176,1.000000,0.131468,PAUSE
1312,0.661176,0.000000,0.071944,PAUSE
1313,0.000000,0.068634,0.105226,PAUSE
1314,0.000000,0.000000,0.216383,PAUSE
1315,0.000000,0.000000,0.372331,PAUSE
1316,0.000000,0.000000,0.533416,ALLOW
1317,0.000000,0.000000,0.672762,ALLOW
1318,0.661176,1.000000,0.295623,PAUSE
1319,0.661176,0.000000,0.141058,PAUSE
1320,0.661176,0.000000,0.068030,PAUSE
1321,0.000000,0.167298,0.083456,PAUSE
1322,0.000000,0.000000,0.178361,PAUSE
1323,0.000000,0.000000,0.327229,PAUSE
1324,0.000000,0.000000,0.490713,PAUSE
1325,0.000000,0.000000,0.637767,ALLOW
1326,0.000000,0.000000,0.754230,ALLOW
1327,0.000000,0.000000,0.838953,ALLOW
1328,0.000000,0.000000,0.897110,ALLOW
1329,0.000000,0.000000,0.935456,ALLOW
1330,0.000000,0.000000,0.960038,ALLOW
1331,0.000000,0.000000,0.975488,ALLOW
1332,0.661176,1.000000,0.419940,PAUSE
1333,0.000000,0.329857,0.204750,PAUSE
1334,0.000000,0.000000,0.194254,PAUSE
1335,0.000000,0.000000,0.297292,PAUSE
1336,0.000000,0.000000,0.447184,PAUSE
1337,0.000000,0.000000,0.596702,ALLOW
1338,0.000000,0.000000,0.721583,ALLOW
1339,0.000000,0.000000,0.815348,ALLOW
1340,0.000000,0.000000,0.881028,ALLOW
1341,0.000000,0.000000,0.924923,ALLOW
1342,0.000000,0.000000,0.953321,ALLOW
1343,0.000000,0.000000,0.971284,ALLOW
1344,0.000000,0.000000,0.982466,ALLOW
1345,0.000000,0.000000,0.989351,ALLOW
1346,0.000000,0.000000,0.993556,ALLOW
1347,0.661176,1.000000,0.427229,PAUSE
1348,0.000000,0.486078,0.193935,PAUSE
1349,0.661176,1.000000,0.081800,PAUSE
1350,0.000000,0.496541,0.039636,PAUSE
1351,0.000000,0.000000,0.057081,PAUSE
1352,0.000000,0.000000,0.143161,PAUSE
1353,0.000000,0.000000,0.286078,PAUSE
1354,0.000000,0.000000,0.450904,PAUSE
1355,0.000000,0.000000,0.604425,ALLOW
1356,0.000000,0.000000,0.728983,ALLOW
1357,0.000000,0.000000,0.821124,ALLOW
1358,0.000000,0.000000,0.885117,ALLOW
1359,0.000000,0.000000,0.927658,ALLOW
1360,0.000000,0.000000,0.955088,ALLOW
1361,0.000000,0.000000,0.972398,ALLOW
1362,0.000000,0.000000,0.983158,ALLOW
1363,0.000000,0.000000,0.989776,ALLOW
1364,0.000000,0.000000,0.993816,ALLOW
1365,0.000000,0.000000,0.996269,ALLOW
1366,0.000000,0.000000,0.997752,ALLOW
1367,0.000000,0.000000,0.998648,ALLOW
1368,0.000000,0.000000,0.999187,ALLOW
1369,0.000000,0.000000,0.999512,ALLOW
1370,0.000000,0.000000,0.999707,ALLOW
1371,0.000000,0.000000,0.999824,ALLOW
1372,0.661176,1.000000,0.429800,PAUSE
1373,0.000000,0.400736,0.201725,PAUSE
1374,0.000000,0.000000,0.179736,PAUSE
1375,0.000000,0.000000,0.275487,PAUSE
1376,0.000000,0.000000,0.423898,PAUSE
1377,0.661176,1.000000,0.189803,PAUSE
1378,0.000000,0.347534,0.103606,PAUSE
1379,0.000000,0.000000,0.136197,PAUSE
1380,0.000000,0.000000,0.252733,PAUSE
1381,0.000000,0.000000,0.409834,PAUSE
1382,0.000000,0.000000,0.566666,ALLOW
1383,0.000000,0.000000,0.699024,ALLOW
1384,0.000000,0.000000,0.799393,ALLOW
1385,0.000000,0.000000,0.870253,ALLOW
1386,0.000000,0.000000,0.917889,ALLOW
1387,0.661176,1.000000,0.396116,PAUSE
1388,0.000000,0.238515,0.206044,PAUSE
1389,0.661176,1.000000,0.088948,PAUSE
1390,0.661176,0.000000,0.051894,PAUSE
1391,0.661176,0.000000,0.030250,PAUSE
1392,0.000000,0.197885,0.061952,PAUSE
1393,0.000000,0.000000,0.159637,PAUSE
1394,0.000000,0.000000,0.308864,PAUSE
1395,0.000000,0.000000,0.474112,PAUSE
1396,0.000000,0.000000,0.624277,ALLOW
1397,0.000000,0.000000,0.744174,ALLOW
1398,0.000000,0.000000,0.831915,ALLOW
1399,0.000000,0.000000,0.892401,ALLOW
1400,0.000000,0.000000,0.932405,ALLOW
1401,0.000000,0.000000,0.958106,ALLOW
1402,0.000000,0.000000,0.974284,ALLOW
1403,0.661176,1.000000,0.419416,PAUSE
1404,0.000000,0.094543,0.242198,PAUSE
1405,0.000000,0.000000,0.268400,PAUSE
1406,0.000000,0.000000,0.390401,PAUSE
1407,0.000000,0.000000,0.538431,ALLOW
1408,0.000000,0.000000,0.673180,ALLOW
1409,0.000000,0.000000,0.779389,ALLOW
1410,0.000000,0.000000,0.856086,ALLOW
1411,0.000000,0.000000,0.908384,ALLOW
1412,0.000000,0.000000,0.942686,ALLOW
1413,0.000000,0.000000,0.964586,ALLOW
1414,0.000000,0.000000,0.978310,ALLOW
1415,0.661176,1.000000,0.420971,PAUSE
1416,0.000000,0.022258,0.260741,PAUSE
1417,0.000000,0.000000,0.299519,PAUSE
1418,0.000000,0.000000,0.425707,PAUSE
1419,0.661176,1.000000,0.190223,PAUSE
1420,0.000000,0.004869,0.152781,PAUSE
1421,0.000000,0.000000,0.235739,PAUSE
1422,0.000000,0.000000,0.380402,PAUSE
1423,0.000000,0.000000,0.536909,ALLOW
1424,0.000000,0.000000,0.674349,ALLOW
1425,0.000000,0.000000,0.781045,ALLOW
1426,0.000000,0.000000,0.857509,ALLOW
1427,0.000000,0.000000,0.909428,ALLOW
1428,0.000000,0.000000,0.943394,ALLOW
1429,0.000000,0.000000,0.965047,ALLOW
1430,0.000000,0.000000,0.978602,ALLOW
1431,0.000000,0.000000,0.986979,ALLOW
1432,0.000000,0.000000,0.992111,ALLOW
1433,0.000000,0.000000,0.995235,ALLOW
1434,0.000000,0.000000,0.997127,ALLOW
1435,0.000000,0.000000,0.998271,ALLOW
1436,0.000000,0.000000,0.998960,ALLOW
1437,0.000000,0.000000,0.999375,ALLOW
1438,0.000000,0.000000,0.999625,ALLOW
1439,0.000000,0.000000,0.999775,ALLOW
1440,0.000000,0.000000,0.999865,ALLOW
1441,0.000000,0.000000,0.999919,ALLOW
1442,0.661176,1.000000,0.429839,PAUSE
1443,0.000000,0.000000,0.271113,PAUSE
1444,0.000000,0.000000,0.312201,PAUSE
1445,0.000000,0.000000,0.438733,PAUSE
1446,0.000000,0.000000,0.582214,ALLOW
1447,0.661176,1.000000,0.256542,PAUSE
1448,0.000000,0.000000,0.188842,PAUSE
1449,0.661176,1.000000,0.084864,PAUSE
1450,0.661176,0.000000,0.049770,PAUSE
1451,0.000000,0.000000,0.087649,PAUSE
1452,0.661176,1.000000,0.047212,PAUSE
1453,0.000000,0.000000,0.076701,PAUSE
1454,0.661176,1.000000,0.038019,PAUSE
1455,0.000000,0.000000,0.057927,PAUSE
1456,0.000000,0.000000,0.146095,PAUSE
1457,0.000000,0.000000,0.290200,PAUSE
1458,0.661176,1.000000,0.132961,PAUSE
1459,0.000000,0.000000,0.123605,PAUSE
1460,0.000000,0.000000,0.215356,PAUSE
1461,0.000000,0.000000,0.363595,PAUSE
1462,0.000000,0.000000,0.523162,ALLOW
1463,0.000000,0.000000,0.663797,ALLOW
1464,0.000000,0.000000,0.773444,ALLOW
1465,0.000000,0.000000,0.852303,ALLOW
1466,0.661176,1.000000,0.369055,PAUSE
1467,0.000000,0.027353,0.235758,PAUSE
1468,0.000000,0.000000,0.284129,PAUSE
1469,0.000000,0.000000,0.414448,PAUSE
1470,0.000000,0.000000,0.562262,ALLOW
1471,0.000000,0.000000,0.692850,ALLOW
1472,0.000000,0.000000,0.794005,ALLOW
1473,0.000000,0.000000,0.866242,ALLOW
1474,0.000000,0.000000,0.915130,ALLOW
1475,0.000000,0.000000,0.947031,ALLOW
1476,0.000000,0.000000,0.967326,ALLOW
1477,0.000000,0.000000,0.980012,ALLOW
1478,0.000000,0.000000,0.987844,ALLOW
1479,0.000000,0.000000,0.992638,ALLOW
1480,0.000000,0.000000,0.995554,ALLOW
1481,0.000000,0.000000,0.997320,ALLOW
1482,0.000000,0.000000,0.998387,ALLOW
1483,0.000000,0.000000,0.999030,ALLOW
1484,0.000000,0.000000,0.999417,ALLOW
1485,0.000000,0.000000,0.999650,ALLOW
1486,0.661176,1.000000,0.429729,PAUSE
1487,0.000000,0.174714,0.230608,PAUSE
1488,0.000000,0.000000,0.241013,PAUSE
1489,0.000000,0.000000,0.356284,PAUSE
1490,0.000000,0.000000,0.505694,ALLOW
1491,0.000000,0.000000,0.646227,ALLOW
1492,0.661176,1.000000,0.283424,PAUSE
1493,0.000000,0.239697,0.156724,PAUSE
1494,0.000000,0.000000,0.186706,PAUSE
1495,0.000000,0.000000,0.307678,PAUSE
1496,0.000000,0.000000,0.463220,PAUSE
1497,0.000000,0.000000,0.612125,ALLOW
1498,0.000000,0.000000,0.733972,ALLOW
1499,0.661176,1.000000,0.320015,PAUSE
1500,0.000000,0.328478,0.162402,PAUSE
1501,0.000000,0.000000,0.172897,PAUSE
1502,0.000000,0.000000,0.283527,PAUSE
1503,0.000000,0.000000,0.436972,PAUSE
1504,0.661176,1.000000,0.195412,PAUSE
1505,0.000000,0.400300,0.102061,PAUSE
1506,0.000000,0.000000,0.127572,PAUSE
1507,0.000000,0.000000,0.239053,PAUSE
1508,0.000000,0.000000,0.394703,PAUSE
1509,0.000000,0.000000,0.553006,ALLOW
1510,0.661176,1.000000,0.244452,PAUSE
1511,0.000000,0.493930,0.117171,PAUSE
1512,0.661176,1.000000,0.050678,PAUSE
1513,0.000000,0.526800,0.026207,PAUSE
1514,0.000000,0.000000,0.048095,PAUSE
1515,0.000000,0.000000,0.133122,PAUSE
1516,0.000000,0.000000,0.274628,PAUSE
1517,0.000000,0.000000,0.439721,PAUSE
1518,0.000000,0.000000,0.594939,ALLOW
1519,0.000000,0.000000,0.721725,ALLOW
1520,0.661176,1.000000,0.314941,PAUSE
1521,0.000000,0.658336,0.138712,PAUSE
1522,0.000000,0.000000,0.114951,PAUSE
1523,0.000000,0.000000,0.195888,PAUSE
1524,0.000000,0.000000,0.339423,PAUSE
1525,0.000000,0.000000,0.499947,PAUSE
1526,0.000000,0.000000,0.644659,ALLOW
1527,0.000000,0.000000,0.759154,ALLOW
1528,0.000000,0.000000,0.842321,ALLOW
1529,0.000000,0.000000,0.899333,ALLOW
1530,0.000000,0.000000,0.936885,ALLOW
1531,0.000000,0.000000,0.960939,ALLOW
1532,0.000000,0.000000,0.976048,ALLOW
1533,0.661176,1.000000,0.420042,PAUSE
1534,0.000000,0.828621,0.176232,PAUSE
1535,0.000000,0.000000,0.116206,PAUSE
1536,0.661176,1.000000,0.052856,PAUSE
1537,0.000000,0.850389,0.024204,PAUSE
1538,0.000000,0.000000,0.034965,PAUSE
1539,0.000000,0.000000,0.103720,PAUSE
1540,0.000000,0.000000,0.233370,PAUSE
1541,0.000000,0.000000,0.396096,PAUSE
1542,0.000000,0.000000,0.556462,ALLOW
1543,0.000000,0.000000,0.691621,ALLOW
1544,0.000000,0.000000,0.794236,ALLOW
1545,0.000000,0.000000,0.866794,ALLOW
1546,0.000000,0.000000,0.915637,ALLOW
1547,0.000000,0.000000,0.947409,ALLOW
1548,0.000000,0.000000,0.967584,ALLOW
1549,0.000000,0.000000,0.980180,ALLOW
1550,0.000000,0.000000,0.987950,ALLOW
1551,0.661176,1.000000,0.424929,PAUSE
1552,0.000000,0.825891,0.178276,PAUSE
1553,0.000000,0.000000,0.117319,PAUSE
1554,0.000000,0.000000,0.175446,PAUSE
1555,0.661176,1.000000,0.082030,PAUSE
1556,0.000000,0.788365,0.038162,PAUSE
1557,0.000000,0.000000,0.050606,PAUSE
1558,0.000000,0.000000,0.129948,PAUSE
1559,0.000000,0.000000,0.268449,PAUSE
1560,0.000000,0.000000,0.432841,PAUSE
1561,0.000000,0.000000,0.588817,ALLOW
1562,0.661176,1.000000,0.259495,PAUSE
1563,0.000000,0.702904,0.114348,PAUSE
1564,0.661176,1.000000,0.048383,PAUSE
1565,0.000000,0.675853,0.022402,PAUSE
1566,0.000000,0.000000,0.034179,PAUSE
1567,0.000000,0.000000,0.103268,PAUSE
1568,0.000000,0.000000,0.233013,PAUSE
1569,0.000000,0.000000,0.395786,PAUSE
1570,0.000000,0.000000,0.556207,ALLOW
1571,0.000000,0.000000,0.691425,ALLOW
1572,0.000000,0.000000,0.794096,ALLOW
1573,0.000000,0.000000,0.866699,ALLOW
1574,0.000000,0.000000,0.915575,ALLOW
1575,0.000000,0.000000,0.947369,ALLOW
1576,0.000000,0.000000,0.967559,ALLOW
1577,0.000000,0.000000,0.980164,ALLOW
1578,0.000000,0.000000,0.987940,ALLOW
1579,0.000000,0.000000,0.992698,ALLOW
1580,0.000000,0.000000,0.995591,ALLOW
1581,0.000000,0.000000,0.997343,ALLOW
1582,0.000000,0.000000,0.998401,ALLOW
1583,0.000000,0.000000,0.999039,ALLOW
1584,0.000000,0.000000,0.999422,ALLOW
1585,0.000000,0.000000,0.999653,ALLOW
1586,0.000000,0.000000,0.999792,ALLOW
1587,0.000000,0.000000,0.999875,ALLOW
1588,0.000000,0.000000,0.999925,ALLOW
1589,0.000000,0.000000,0.999955,ALLOW
1590,0.000000,0.000000,0.999973,ALLOW
1591,0.000000,0.000000,0.999984,ALLOW
1592,0.000000,0.000000,0.999990,ALLOW
1593,0.000000,0.000000,0.999994,ALLOW
1594,0.000000,0.000000,0.999996,ALLOW
1595,0.000000,0.000000,0.999998,ALLOW
1596,0.000000,0.000000,0.999999,ALLOW
1597,0.000000,0.000000,0.999999,ALLOW
1598,0.661176,1.000000,0.429872,PAUSE
1599,0.000000,0.286199,0.213977,PAUSE
1600,0.000000,0.000000,0.207316,PAUSE
1601,0.000000,0.000000,0.313331,PAUSE
1602,0.000000,0.000000,0.463206,PAUSE
1603,0.661176,1.000000,0.206448,PAUSE
1604,0.000000,0.252432,0.120402,PAUSE
1605,0.000000,0.000000,0.162425,PAUSE
1606,0.000000,0.000000,0.286793,PAUSE
1607,0.000000,0.000000,0.444983,PAUSE
1608,0.000000,0.000000,0.597346,ALLOW
1609,0.661176,1.000000,0.263033,PAUSE
1610,0.000000,0.220518,0.150202,PAUSE
1611,0.661176,1.000000,0.066394,PAUSE
1612,0.000000,0.211881,0.047228,PAUSE
1613,0.000000,0.000000,0.098410,PAUSE
1614,0.661176,1.000000,0.048249,PAUSE
1615,0.000000,0.200601,0.045548,PAUSE
1616,0.661176,1.000000,0.022788,PAUSE
1617,0.000000,0.194278,0.027064,PAUSE
1618,0.000000,0.000000,0.083886,PAUSE
1619,0.000000,0.000000,0.203172,PAUSE
1620,0.000000,0.000000,0.362422,PAUSE
1621,0.000000,0.000000,0.525707,ALLOW
1622,0.000000,0.000000,0.666988,ALLOW
1623,0.000000,0.000000,0.776176,ALLOW
1624,0.000000,0.000000,0.854329,ALLOW
1625,0.000000,0.000000,0.907387,ALLOW
1626,0.000000,0.000000,0.942106,ALLOW
1627,0.000000,0.000000,0.964244,ALLOW
1628,0.000000,0.000000,0.978107,ALLOW
1629,0.661176,1.000000,0.420888,PAUSE
1630,0.000000,0.175219,0.226719,PAUSE
1631,0.000000,0.000000,0.238921,PAUSE
1632,0.000000,0.000000,0.354883,PAUSE
1633,0.000000,0.000000,0.504661,ALLOW
1634,0.000000,0.000000,0.645468,ALLOW
1635,0.000000,0.000000,0.758748,ALLOW
1636,0.000000,0.000000,0.841689,ALLOW
1637,0.000000,0.000000,0.898786,ALLOW
1638,0.000000,0.000000,0.936484,ALLOW
1639,0.000000,0.000000,0.960668,ALLOW
1640,0.661176,1.000000,0.413721,PAUSE
1641,0.000000,0.188235,0.221400,PAUSE
1642,0.000000,0.000000,0.233024,PAUSE
1643,0.000000,0.000000,0.348549,PAUSE
1644,0.000000,0.000000,0.498780,PAUSE
1645,0.000000,0.000000,0.640655,ALLOW
1646,0.000000,0.000000,0.755155,ALLOW
1647,0.000000,0.000000,0.839175,ALLOW
1648,0.000000,0.000000,0.897105,ALLOW
1649,0.000000,0.000000,0.935396,ALLOW
1650,0.000000,0.000000,0.959979,ALLOW
1651,0.000000,0.000000,0.975443,ALLOW
1652,0.000000,0.000000,0.985034,ALLOW
1653,0.000000,0.000000,0.990922,ALLOW
1654,0.661176,1.000000,0.426149,PAUSE
1655,0.000000,0.245263,0.217891,PAUSE
1656,0.000000,0.000000,0.218044,PAUSE
1657,0.661176,1.000000,0.099199,PAUSE
1658,0.000000,0.263852,0.065658,PAUSE
1659,0.000000,0.000000,0.117469,PAUSE
1660,0.661176,1.000000,0.056634,PAUSE
1661,0.000000,0.284805,0.044074,PAUSE
1662,0.000000,0.000000,0.098867,PAUSE
1663,0.000000,0.000000,0.220312,PAUSE
1664,0.661176,1.000000,0.102668,PAUSE
1665,0.000000,0.316685,0.065970,PAUSE
1666,0.000000,0.000000,0.115309,PAUSE
1667,0.000000,0.000000,0.236962,PAUSE
1668,0.000000,0.000000,0.396543,PAUSE
1669,0.000000,0.000000,0.555860,ALLOW
1670,0.000000,0.000000,0.690827,ALLOW
1671,0.000000,0.000000,0.793553,ALLOW
1672,0.000000,0.000000,0.866288,ALLOW
1673,0.000000,0.000000,0.915290,ALLOW
1674,0.000000,0.000000,0.947181,ALLOW
1675,0.000000,0.000000,0.967439,ALLOW
1676,0.000000,0.000000,0.980089,ALLOW
1677,0.661176,1.000000,0.421702,PAUSE
1678,0.000000,0.454030,0.193978,PAUSE
1679,0.000000,0.000000,0.167355,PAUSE
1680,0.000000,0.000000,0.258863,PAUSE
1681,0.661176,1.000000,0.118620,PAUSE
1682,0.000000,0.507485,0.061803,PAUSE
1683,0.000000,0.000000,0.088617,PAUSE
1684,0.000000,0.000000,0.191957,PAUSE
1685,0.000000,0.000000,0.344691,PAUSE
1686,0.661176,1.000000,0.156291,PAUSE
1687,0.000000,0.581942,0.075463,PAUSE
1688,0.000000,0.000000,0.090241,PAUSE
1689,0.000000,0.000000,0.186894,PAUSE
1690,0.000000,0.000000,0.336755,PAUSE
1691,0.000000,0.000000,0.499657,PAUSE
1692,0.000000,0.000000,0.645112,ALLOW
1693,0.000000,0.000000,0.759720,ALLOW
1694,0.000000,0.000000,0.842796,ALLOW
1695,0.000000,0.000000,0.899678,ALLOW
1696,0.000000,0.000000,0.937119,ALLOW
1697,0.000000,0.000000,0.961090,ALLOW
1698,0.000000,0.000000,0.976144,ALLOW
1699,0.000000,0.000000,0.985468,ALLOW
1700,0.000000,0.000000,0.991189,ALLOW
1701,0.661176,1.000000,0.426258,PAUSE
1702,0.000000,0.849262,0.178250,PAUSE
1703,0.000000,0.000000,0.115432,PAUSE
1704,0.000000,0.000000,0.171519,PAUSE
1705,0.000000,0.000000,0.303099,PAUSE
1706,0.000000,0.000000,0.462697,PAUSE
1707,0.661176,1.000000,0.206379,PAUSE
1708,0.661176,0.000000,0.106305,PAUSE
1709,0.000000,0.983356,0.051963,PAUSE
1710,0.000000,0.000000,0.070477,PAUSE
1711,0.000000,0.000000,0.162786,PAUSE
1712,0.000000,0.000000,0.309839,PAUSE
1713,0.000000,0.000000,0.474258,PAUSE
1714,0.000000,0.000000,0.624154,ALLOW
1715,0.000000,0.000000,0.744001,ALLOW
1716,0.000000,0.000000,0.831766,ALLOW
1717,0.000000,0.000000,0.892291,ALLOW
1718,0.000000,0.000000,0.932330,ALLOW
1719,0.000000,0.000000,0.958057,ALLOW
1720,0.000000,0.000000,0.974253,ALLOW
1721,0.000000,0.000000,0.984303,ALLOW
1722,0.000000,0.000000,0.990476,ALLOW
1723,0.000000,0.000000,0.994242,ALLOW
1724,0.000000,0.000000,0.996527,ALLOW
1725,0.000000,0.000000,0.997908,ALLOW
1726,0.000000,0.000000,0.998742,ALLOW
1727,0.000000,0.000000,0.999244,ALLOW
1728,0.000000,0.000000,0.999546,ALLOW
1729,0.000000,0.000000,0.999727,ALLOW
1730,0.000000,0.000000,0.999836,ALLOW
1731,0.000000,0.000000,0.999902,ALLOW
1732,0.000000,0.000000,0.999941,ALLOW
1733,0.661176,1.000000,0.429848,PAUSE
1734,0.661176,0.000000,0.197050,PAUSE
1735,0.000000,1.000000,0.088964,PAUSE
1736,0.000000,0.000000,0.087465,PAUSE
1737,0.000000,0.000000,0.173107,PAUSE
1738,0.661176,1.000000,0.081617,PAUSE
1739,0.000000,1.000000,0.035557,PAUSE
1740,0.000000,0.000000,0.038747,PAUSE
1741,0.000000,0.000000,0.103608,PAUSE
1742,0.000000,0.000000,0.231233,PAUSE
1743,0.000000,0.000000,0.393256,PAUSE
1744,0.000000,0.000000,0.553758,ALLOW
1745,0.000000,0.000000,0.689429,ALLOW
1746,0.000000,0.000000,0.792625,ALLOW
1747,0.000000,0.000000,0.865681,ALLOW
1748,0.000000,0.000000,0.914901,ALLOW
1749,0.000000,0.000000,0.946936,ALLOW
1750,0.000000,0.000000,0.967286,ALLOW
1751,0.000000,0.000000,0.979995,ALLOW
1752,0.000000,0.000000,0.987837,ALLOW
1753,0.000000,0.000000,0.992634,ALLOW
1754,0.000000,0.000000,0.995552,ALLOW
1755,0.661176,1.000000,0.428048,PAUSE
1756,0.000000,0.940384,0.177119,PAUSE
1757,0.000000,0.000000,0.108323,PAUSE
1758,0.000000,0.000000,0.156964,PAUSE
1759,0.000000,0.000000,0.283875,PAUSE
1760,0.000000,0.000000,0.443160,PAUSE
1761,0.000000,0.000000,0.596117,ALLOW
1762,0.000000,0.000000,0.722059,ALLOW
1763,0.000000,0.000000,0.816003,ALLOW
1764,0.661176,1.000000,0.354042,PAUSE
1765,0.000000,0.794588,0.150345,PAUSE
1766,0.661176,1.000000,0.062498,PAUSE
1767,0.000000,0.763407,0.027189,PAUSE
1768,0.000000,0.000000,0.031553,PAUSE
1769,0.000000,0.000000,0.092156,PAUSE
1770,0.000000,0.000000,0.215345,PAUSE
1771,0.000000,0.000000,0.376018,PAUSE
1772,0.000000,0.000000,0.538192,ALLOW
1773,0.661176,1.000000,0.238267,PAUSE
1774,0.000000,0.664764,0.106843,PAUSE
1775,0.661176,1.000000,0.045527,PAUSE
1776,0.000000,0.639255,0.021725,PAUSE
1777,0.000000,0.000000,0.036151,PAUSE
1778,0.000000,0.000000,0.108756,PAUSE
1779,0.661176,1.000000,0.053344,PAUSE
1780,0.000000,0.592166,0.029959,PAUSE
1781,0.000000,0.000000,0.059039,PAUSE
1782,0.000000,0.000000,0.153880,PAUSE
1783,0.000000,0.000000,0.301521,PAUSE
1784,0.661176,1.000000,0.137846,PAUSE
1785,0.000000,0.540550,0.069227,PAUSE
1786,0.000000,0.000000,0.090871,PAUSE
1787,0.661176,1.000000,0.044088,PAUSE
1788,0.000000,0.513324,0.027091,PAUSE
1789,0.000000,0.000000,0.060573,PAUSE
1790,0.000000,0.000000,0.158898,PAUSE
1791,0.000000,0.000000,0.308365,PAUSE
1792,0.000000,0.000000,0.473737,PAUSE
1793,0.000000,0.000000,0.623997,ALLOW
1794,0.000000,0.000000,0.743973,ALLOW
1795,0.000000,0.000000,0.831777,ALLOW
1796,0.000000,0.000000,0.892310,ALLOW
1797,0.000000,0.000000,0.932346,ALLOW
1798,0.000000,0.000000,0.958069,ALLOW
1799,0.000000,0.000000,0.974261,ALLOW
1800,0.000000,0.000000,0.984308,ALLOW
1801,0.661176,1.000000,0.423434,PAUSE
1802,0.000000,0.422465,0.197208,PAUSE
1803,0.000000,0.000000,0.173947,PAUSE
1804,0.000000,0.000000,0.268219,PAUSE
1805,0.000000,0.000000,0.416389,PAUSE
1806,0.000000,0.000000,0.569571,ALLOW
1807,0.000000,0.000000,0.700384,ALLOW
1808,0.000000,0.000000,0.800069,ALLOW
1809,0.000000,0.000000,0.870607,ALLOW
1810,0.000000,0.000000,0.918082,ALLOW
1811,0.000000,0.000000,0.948950,ALLOW
1812,0.000000,0.000000,0.968543,ALLOW
1813,0.000000,0.000000,0.980770,ALLOW
1814,0.000000,0.000000,0.988311,ALLOW
1815,0.000000,0.000000,0.992923,ALLOW
1816,0.000000,0.000000,0.995727,ALLOW
1817,0.000000,0.000000,0.997425,ALLOW
1818,0.000000,0.000000,0.998451,ALLOW
1819,0.000000,0.000000,0.999068,ALLOW
1820,0.000000,0.000000,0.999440,ALLOW
1821,0.661176,1.000000,0.429643,PAUSE
1822,0.000000,0.386331,0.202976,PAUSE
1823,0.000000,0.000000,0.182833,PAUSE
1824,0.000000,0.000000,0.279913,PAUSE
1825,0.000000,0.000000,0.428604,PAUSE
1826,0.000000,0.000000,0.580325,ALLOW
1827,0.000000,0.000000,0.708802,ALLOW
1828,0.000000,0.000000,0.806149,ALLOW
1829,0.000000,0.000000,0.874761,ALLOW
1830,0.000000,0.000000,0.920812,ALLOW
1831,0.661176,1.000000,0.397319,PAUSE
1832,0.000000,0.407433,0.187623,PAUSE
1833,0.000000,0.000000,0.171866,PAUSE
1834,0.661176,1.000000,0.078745,PAUSE
1835,0.000000,0.418994,0.046131,PAUSE
1836,0.000000,0.000000,0.083086,PAUSE
1837,0.000000,0.000000,0.190826,PAUSE
1838,0.000000,0.000000,0.345349,PAUSE
1839,0.000000,0.000000,0.508931,ALLOW
1840,0.000000,0.000000,0.653081,ALLOW
1841,0.000000,0.000000,0.765781,ALLOW
1842,0.661176,1.000000,0.333235,PAUSE
1843,0.000000,0.462188,0.156583,PAUSE
1844,0.000000,0.000000,0.148052,PAUSE
1845,0.000000,0.000000,0.245512,PAUSE
1846,0.000000,0.000000,0.395629,PAUSE
1847,0.000000,0.000000,0.552061,ALLOW
1848,0.000000,0.000000,0.686874,ALLOW
1849,0.000000,0.000000,0.790358,ALLOW
1850,0.000000,0.000000,0.863981,ALLOW
1851,0.000000,0.000000,0.913728,ALLOW
1852,0.000000,0.000000,0.946164,ALLOW
1853,0.000000,0.000000,0.966794,ALLOW
1854,0.000000,0.000000,0.979687,ALLOW
1855,0.000000,0.000000,0.987646,ALLOW
1856,0.000000,0.000000,0.992518,ALLOW
1857,0.000000,0.000000,0.995482,ALLOW
1858,0.000000,0.000000,0.997277,ALLOW
1859,0.000000,0.000000,0.998361,ALLOW
1860,0.000000,0.000000,0.999015,ALLOW
1861,0.000000,0.000000,0.999408,ALLOW
1862,0.000000,0.000000,0.999644,ALLOW
1863,0.000000,0.000000,0.999786,ALLOW
1864,0.000000,0.000000,0.999872,ALLOW
1865,0.000000,0.000000,0.999923,ALLOW
1866,0.000000,0.000000,0.999954,ALLOW
1867,0.000000,0.000000,0.999972,ALLOW
1868,0.000000,0.000000,0.999983,ALLOW
1869,0.661176,1.000000,0.429865,PAUSE
1870,0.000000,0.761835,0.182035,PAUSE
1871,0.000000,0.000000,0.124523,PAUSE
1872,0.000000,0.000000,0.187656,PAUSE
1873,0.000000,0.000000,0.323318,PAUSE
1874,0.000000,0.000000,0.482673,PAUSE
1875,0.000000,0.000000,0.629767,ALLOW
1876,0.000000,0.000000,0.747778,ALLOW
1877,0.000000,0.000000,0.834269,ALLOW
1878,0.000000,0.000000,0.893916,ALLOW
1879,0.000000,0.000000,0.933364,ALLOW
1880,0.000000,0.000000,0.958705,ALLOW
1881,0.000000,0.000000,0.974654,ALLOW
1882,0.000000,0.000000,0.984549,ALLOW
1883,0.000000,0.000000,0.990627,ALLOW
1884,0.000000,0.000000,0.994333,ALLOW
1885,0.000000,0.000000,0.996582,ALLOW
1886,0.000000,0.000000,0.997942,ALLOW
1887,0.661176,1.000000,0.429028,PAUSE
1888,0.000000,1.000000,0.176547,PAUSE
1889,0.000000,0.000000,0.104291,PAUSE
1890,0.661176,1.000000,0.047022,PAUSE
1891,0.661176,0.000000,0.038227,PAUSE
1892,0.000000,1.000000,0.020736,PAUSE
1893,0.661176,1.000000,0.010073,PAUSE
1894,0.661176,0.000000,0.015997,PAUSE
1895,0.000000,1.000000,0.010073,PAUSE
1896,0.661176,1.000000,0.005433,PAUSE
1897,0.000000,1.000000,0.002962,PAUSE
1898,0.000000,0.000000,0.012389,PAUSE
1899,0.000000,0.000000,0.060021,PAUSE
1900,0.000000,0.000000,0.167158,PAUSE
1901,0.000000,0.000000,0.320805,PAUSE
1902,0.000000,0.000000,0.486502,PAUSE
1903,0.000000,0.000000,0.634873,ALLOW
1904,0.000000,0.000000,0.752252,ALLOW
1905,0.000000,0.000000,0.837632,ALLOW
1906,0.000000,0.000000,0.896248,ALLOW
1907,0.000000,0.000000,0.934906,ALLOW
1908,0.000000,0.000000,0.959693,ALLOW
1909,0.000000,0.000000,0.975275,ALLOW
1910,0.000000,0.000000,0.984933,ALLOW
1911,0.000000,0.000000,0.990862,ALLOW
1912,0.000000,0.000000,0.994476,ALLOW
1913,0.661176,1.000000,0.427607,PAUSE
1914,0.000000,1.000000,0.175975,PAUSE
1915,0.661176,1.000000,0.072066,PAUSE
1916,0.000000,1.000000,0.029703,PAUSE
1917,0.661176,1.000000,0.012476,PAUSE
1918,0.000000,0.000000,0.014447,PAUSE
1919,0.661176,0.000000,0.034273,PAUSE
1920,0.000000,1.000000,0.020414,PAUSE
1921,0.000000,0.000000,0.048632,PAUSE
1922,0.000000,0.000000,0.138445,PAUSE
1923,0.000000,0.000000,0.282664,PAUSE
1924,0.000000,0.000000,0.448188,PAUSE
1925,0.000000,0.000000,0.602317,ALLOW
1926,0.000000,0.000000,0.727435,ALLOW
1927,0.000000,0.000000,0.820046,ALLOW
1928,0.000000,0.000000,0.884395,ALLOW
1929,0.000000,0.000000,0.927190,ALLOW
1930,0.000000,0.000000,0.954791,ALLOW
1931,0.000000,0.000000,0.972213,ALLOW
1932,0.000000,0.000000,0.983044,ALLOW
1933,0.000000,0.000000,0.989706,ALLOW
1934,0.000000,0.000000,0.993773,ALLOW
1935,0.000000,0.000000,0.996243,ALLOW
1936,0.000000,0.000000,0.997737,ALLOW
1937,0.000000,0.000000,0.998639,ALLOW
1938,0.000000,0.000000,0.999182,ALLOW
1939,0.000000,0.000000,0.999508,ALLOW
1940,0.000000,0.000000,0.999705,ALLOW
1941,0.000000,0.000000,0.999823,ALLOW
1942,0.661176,1.000000,0.429800,PAUSE
1943,0.000000,1.000000,0.176858,PAUSE
1944,0.661176,1.000000,0.072420,PAUSE
1945,0.000000,1.000000,0.029845,PAUSE
1946,0.000000,0.000000,0.023881,PAUSE
1947,0.000000,0.000000,0.066769,PAUSE
1948,0.000000,0.000000,0.173186,PAUSE
1949,0.000000,0.000000,0.326743,PAUSE
1950,0.000000,0.000000,0.491854,PAUSE
1951,0.000000,0.000000,0.639205,ALLOW
1952,0.661176,1.000000,0.280565,PAUSE
1953,0.000000,1.000000,0.116651,PAUSE
1954,0.000000,0.000000,0.078197,PAUSE
1955,0.000000,0.000000,0.133737,PAUSE
1956,0.000000,0.000000,0.261268,PAUSE
1957,0.661176,1.000000,0.120317,PAUSE
1958,0.000000,0.986809,0.051634,PAUSE
1959,0.000000,0.000000,0.048083,PAUSE
1960,0.000000,0.000000,0.113463,PAUSE
1961,0.000000,0.000000,0.242979,PAUSE
1962,0.000000,0.000000,0.405315,PAUSE
1963,0.000000,0.000000,0.564375,ALLOW
1964,0.000000,0.000000,0.697767,ALLOW
1965,0.000000,0.000000,0.798666,ALLOW
1966,0.000000,0.000000,0.869820,ALLOW
1967,0.000000,0.000000,0.917627,ALLOW
1968,0.000000,0.000000,0.948682,ALLOW
1969,0.661176,1.000000,0.408793,PAUSE
1970,0.000000,0.813531,0.172060,PAUSE
1971,0.000000,0.000000,0.115623,PAUSE
1972,0.000000,0.000000,0.176087,PAUSE
1973,0.000000,0.000000,0.309933,PAUSE
1974,0.000000,0.000000,0.469786,PAUSE
1975,0.000000,0.000000,0.619002,ALLOW
1976,0.000000,0.000000,0.739640,ALLOW
1977,0.000000,0.000000,0.828528,ALLOW
1978,0.000000,0.000000,0.890057,ALLOW
1979,0.000000,0.000000,0.930857,ALLOW
1980,0.661176,1.000000,0.401457,PAUSE
1981,0.000000,0.700861,0.172511,PAUSE
1982,0.000000,0.000000,0.126180,PAUSE
1983,0.000000,0.000000,0.196887,PAUSE
1984,0.000000,0.000000,0.336157,PAUSE
1985,0.000000,0.000000,0.495563,PAUSE
1986,0.000000,0.000000,0.640648,ALLOW
1987,0.661176,1.000000,0.281141,PAUSE
1988,0.000000,0.651098,0.125060,PAUSE
1989,0.000000,0.000000,0.109119,PAUSE
1990,0.000000,0.000000,0.192993,PAUSE
1991,0.000000,0.000000,0.337677,PAUSE
1992,0.000000,0.000000,0.498756,PAUSE
1993,0.000000,0.000000,0.643822,ALLOW
1994,0.000000,0.000000,0.758575,ALLOW
1995,0.000000,0.000000,0.841932,ALLOW
1996,0.000000,0.000000,0.899079,ALLOW
1997,0.000000,0.000000,0.936723,ALLOW
1998,0.000000,0.000000,0.960837,ALLOW
1999,0.000000,0.000000,0.975984,ALLOW
2000,0.000000,0.000000,0.985370,ALLOW
2001,0.000000,0.000000,0.991128,ALLOW
2002,0.000000,0.000000,0.994638,ALLOW
2003,0.000000,0.000000,0.996766,ALLOW
2004,0.000000,0.000000,0.998053,ALLOW
2005,0.000000,0.000000,0.998829,ALLOW
2006,0.000000,0.000000,0.999296,ALLOW
2007,0.000000,0.000000,0.999577,ALLOW
2008,0.000000,0.000000,0.999746,ALLOW
2009,0.661176,1.000000,0.429768,PAUSE
2010,0.000000,0.594908,0.188553,PAUSE
2011,0.000000,0.000000,0.145251,PAUSE
2012,0.000000,0.000000,0.223177,PAUSE
2013,0.000000,0.000000,0.365884,PAUSE
2014,0.000000,0.000000,0.523390,ALLOW
2015,0.000000,0.000000,0.663393,ALLOW
2016,0.000000,0.000000,0.772949,ALLOW
2017,0.000000,0.000000,0.851892,ALLOW
2018,0.000000,0.000000,0.905697,ALLOW
2019,0.000000,0.000000,0.940990,ALLOW
2020,0.000000,0.000000,0.963530,ALLOW
2021,0.000000,0.000000,0.977659,ALLOW
2022,0.000000,0.000000,0.986400,ALLOW
2023,0.000000,0.000000,0.991757,ALLOW
2024,0.000000,0.000000,0.995020,ALLOW
2025,0.000000,0.000000,0.996997,ALLOW
2026,0.000000,0.000000,0.998193,ALLOW
2027,0.000000,0.000000,0.998913,ALLOW
2028,0.000000,0.000000,0.999347,ALLOW
2029,0.000000,0.000000,0.999608,ALLOW
2030,0.000000,0.000000,0.999764,ALLOW
2031,0.000000,0.000000,0.999859,ALLOW
2032,0.000000,0.000000,0.999915,ALLOW
2033,0.000000,0.000000,0.999949,ALLOW
2034,0.000000,0.000000,0.999969,ALLOW
2035,0.000000,0.000000,0.999982,ALLOW
2036,0.000000,0.000000,0.999989,ALLOW
2037,0.000000,0.000000,0.999993,ALLOW
2038,0.000000,0.000000,0.999996,ALLOW
2039,0.000000,0.000000,0.999998,ALLOW
2040,0.000000,0.000000,0.999999,ALLOW
2041,0.000000,0.000000,0.999999,ALLOW
2042,0.000000,0.000000,0.999999,ALLOW
2043,0.000000,0.000000,1.000000,ALLOW
2044,0.000000,0.000000,1.000000,ALLOW
2045,0.000000,0.000000,1.000000,ALLOW
2046,0.000000,0.000000,1.000000,ALLOW
2047,0.000000,0.000000,1.000000,ALLOW
2048,0.000000,0.000000,1.000000,ALLOW
2049,0.000000,0.000000,1.000000,ALLOW
2050,0.000000,0.000000,1.000000,ALLOW
2051,0.000000,0.000000,1.000000,ALLOW
2052,0.000000,0.000000,1.000000,ALLOW
2053,0.661176,1.000000,0.429872,PAUSE
2054,0.000000,0.945752,0.177759,PAUSE
2055,0.000000,0.000000,0.108239,PAUSE
2056,0.000000,0.000000,0.156310,PAUSE
2057,0.000000,0.000000,0.282889,PAUSE
2058,0.661176,1.000000,0.129533,PAUSE
2059,0.000000,1.000000,0.055256,PAUSE
2060,0.000000,0.000000,0.049231,PAUSE
2061,0.661176,1.000000,0.024353,PAUSE
2062,0.000000,1.000000,0.011361,PAUSE
2063,0.000000,0.000000,0.021800,PAUSE
2064,0.661176,1.000000,0.012272,PAUSE
2065,0.000000,1.000000,0.006285,PAUSE
2066,0.000000,0.000000,0.018163,PAUSE
2067,0.000000,0.000000,0.074555,PAUSE
2068,0.000000,0.000000,0.191268,PAUSE
2069,0.000000,0.000000,0.349454,PAUSE
2070,0.000000,0.000000,0.513812,ALLOW
2071,0.000000,0.000000,0.657386,ALLOW
2072,0.000000,0.000000,0.769086,ALLOW
2073,0.661176,1.000000,0.334608,PAUSE
2074,0.000000,1.000000,0.138488,PAUSE
2075,0.000000,0.000000,0.087861,PAUSE
2076,0.000000,0.000000,0.139403,PAUSE
2077,0.000000,0.000000,0.265718,PAUSE
2078,0.661176,1.000000,0.122197,PAUSE
2079,0.000000,1.000000,0.052262,PAUSE
2080,0.661176,1.000000,0.022241,PAUSE
2081,0.000000,1.000000,0.009662,PAUSE
2082,0.661176,1.000000,0.004413,PAUSE
2083,0.000000,1.000000,0.002214,PAUSE
2084,0.000000,0.000000,0.008870,PAUSE
2085,0.661176,1.000000,0.005785,PAUSE
2086,0.000000,1.000000,0.003357,PAUSE
2087,0.000000,0.000000,0.014592,PAUSE
2088,0.000000,0.000000,0.066730,PAUSE
2089,0.000000,0.000000,0.178748,PAUSE
2090,0.000000,0.000000,0.334807,PAUSE
2091,0.000000,0.000000,0.499971,PAUSE
2092,0.000000,0.000000,0.646038,ALLOW
2093,0.000000,0.000000,0.760631,ALLOW
2094,0.000000,0.000000,0.843508,ALLOW
2095,0.000000,0.000000,0.900182,ALLOW
2096,0.000000,0.000000,0.937454,ALLOW
2097,0.000000,0.000000,0.961307,ALLOW
2098,0.000000,0.000000,0.976280,ALLOW
2099,0.000000,0.000000,0.985552,ALLOW
2100,0.000000,0.000000,0.991240,ALLOW
2101,0.000000,0.000000,0.994706,ALLOW
2102,0.000000,0.000000,0.996808,ALLOW
2103,0.000000,0.000000,0.998078,ALLOW
2104,0.000000,0.000000,0.998844,ALLOW
2105,0.000000,0.000000,0.999305,ALLOW
2106,0.000000,0.000000,0.999583,ALLOW
2107,0.000000,0.000000,0.999749,ALLOW
2108,0.000000,0.000000,0.999850,ALLOW
2109,0.000000,0.000000,0.999910,ALLOW
2110,0.000000,0.000000,0.999946,ALLOW
2111,0.000000,0.000000,0.999967,ALLOW
2112,0.000000,0.000000,0.999980,ALLOW
2113,0.000000,0.000000,0.999988,ALLOW
2114,0.000000,0.000000,0.999993,ALLOW
2115,0.661176,1.000000,0.429869,PAUSE
2116,0.000000,1.000000,0.176886,PAUSE
2117,0.661176,1.000000,0.072431,PAUSE
2118,0.000000,1.000000,0.029850,PAUSE
2119,0.000000,0.000000,0.023883,PAUSE
2120,0.661176,1.000000,0.012402,PAUSE
2121,0.000000,1.000000,0.006166,PAUSE
2122,0.000000,0.000000,0.016919,PAUSE
2123,0.661176,1.000000,0.009962,PAUSE
2124,0.000000,1.000000,0.005276,PAUSE
2125,0.000000,0.000000,0.017171,PAUSE
2126,0.661176,1.000000,0.010143,PAUSE
2127,0.000000,1.000000,0.005368,PAUSE
2128,0.000000,0.000000,0.017343,PAUSE
2129,0.661176,1.000000,0.010229,PAUSE
2130,0.000000,1.000000,0.005406,PAUSE
2131,0.000000,0.000000,0.017387,PAUSE
2132,0.000000,0.000000,0.073145,PAUSE
2133,0.000000,0.000000,0.189117,PAUSE
2134,0.661176,1.000000,0.089156,PAUSE
2135,0.000000,1.000000,0.038729,PAUSE
2136,0.000000,0.000000,0.040803,PAUSE
2137,0.000000,0.000000,0.106115,PAUSE
2138,0.000000,0.000000,0.234405,PAUSE
2139,0.661176,1.000000,0.108838,PAUSE
2140,0.000000,1.000000,0.046812,PAUSE
2141,0.000000,0.000000,0.045056,PAUSE
2142,0.000000,0.000000,0.109971,PAUSE
2143,0.000000,0.000000,0.238698,PAUSE
2144,0.000000,0.000000,0.400896,PAUSE
2145,0.000000,0.000000,0.560484,ALLOW
2146,0.661176,1.000000,0.247620,PAUSE
2147,0.000000,1.000000,0.103316,PAUSE
2148,0.000000,0.000000,0.072185,PAUSE
2149,0.000000,0.000000,0.130005,PAUSE
2150,0.661176,1.000000,0.062266,PAUSE
2151,0.000000,1.000000,0.027508,PAUSE
2152,0.000000,0.000000,0.033931,PAUSE
2153,0.000000,0.000000,0.098193,PAUSE
2154,0.000000,0.000000,0.224522,PAUSE
2155,0.000000,0.000000,0.386229,PAUSE
2156,0.000000,0.000000,0.547503,ALLOW
2157,0.661176,1.000000,0.242176,PAUSE
2158,0.661176,0.000000,0.121050,PAUSE
2159,0.000000,1.000000,0.057679,PAUSE
2160,0.661176,1.000000,0.025517,PAUSE
2161,0.000000,1.000000,0.011307,PAUSE
2162,0.000000,0.000000,0.018202,PAUSE
2163,0.000000,0.000000,0.069354,PAUSE
2164,0.000000,0.000000,0.181559,PAUSE
2165,0.661176,1.000000,0.085824,PAUSE
2166,0.000000,0.956616,0.037775,PAUSE
2167,0.661176,1.000000,0.016461,PAUSE
2168,0.000000,0.936065,0.007518,PAUSE
2169,0.000000,0.000000,0.015405,PAUSE
2170,0.000000,0.000000,0.064675,PAUSE
2171,0.000000,0.000000,0.174332,PAUSE
2172,0.000000,0.000000,0.329288,PAUSE
2173,0.661176,1.000000,0.149783,PAUSE
2174,0.661176,0.000000,0.083140,PAUSE
2175,0.000000,0.876214,0.045528,PAUSE
2176,0.000000,0.000000,0.076368,PAUSE
2177,0.000000,0.000000,0.178465,PAUSE
2178,0.000000,0.000000,0.330370,PAUSE
2179,0.661176,1.000000,0.150193,PAUSE
2180,0.000000,0.844898,0.065888,PAUSE
2181,0.000000,0.000000,0.063493,PAUSE
2182,0.661176,1.000000,0.031024,PAUSE
2183,0.000000,0.829871,0.015431,PAUSE
2184,0.000000,0.000000,0.031255,PAUSE
2185,0.000000,0.000000,0.101810,PAUSE
2186,0.000000,0.000000,0.232058,PAUSE
2187,0.000000,0.000000,0.395052,PAUSE
2188,0.000000,0.000000,0.555635,ALLOW
2189,0.000000,0.000000,0.691000,ALLOW
2190,0.661176,1.000000,0.302160,PAUSE
2191,0.000000,0.805911,0.128951,PAUSE
2192,0.000000,0.000000,0.096865,PAUSE
2193,0.000000,0.000000,0.166047,PAUSE
2194,0.000000,0.000000,0.303097,PAUSE
2195,0.000000,0.000000,0.464604,PAUSE
2196,0.000000,0.000000,0.615095,ALLOW
2197,0.000000,0.000000,0.736820,ALLOW
2198,0.000000,0.000000,0.826584,ALLOW
2199,0.000000,0.000000,0.888765,ALLOW
2200,0.000000,0.000000,0.930023,ALLOW
2201,0.661176,1.000000,0.401113,PAUSE
2202,0.000000,0.808053,0.169092,PAUSE
2203,0.000000,0.000000,0.114774,PAUSE
2204,0.000000,0.000000,0.176310,PAUSE
2205,0.000000,0.000000,0.310643,PAUSE
2206,0.000000,0.000000,0.470609,PAUSE
2207,0.661176,1.000000,0.209726,PAUSE
2208,0.661176,0.000000,0.107640,PAUSE
2209,0.000000,0.830735,0.058026,PAUSE
2210,0.000000,0.000000,0.088733,PAUSE
2211,0.000000,0.000000,0.194383,PAUSE
2212,0.000000,0.000000,0.348098,PAUSE
2213,0.000000,0.000000,0.511126,ALLOW
2214,0.000000,0.000000,0.654756,ALLOW
2215,0.000000,0.000000,0.766988,ALLOW
2216,0.000000,0.000000,0.847897,ALLOW
2217,0.000000,0.000000,0.903093,ALLOW
2218,0.000000,0.000000,0.939330,ALLOW
2219,0.000000,0.000000,0.962490,ALLOW
2220,0.661176,1.000000,0.414471,PAUSE
2221,0.000000,0.910028,0.172204,PAUSE
2222,0.000000,0.000000,0.108293,PAUSE
2223,0.000000,0.000000,0.160438,PAUSE
2224,0.000000,0.000000,0.289309,PAUSE
2225,0.661176,1.000000,0.132314,PAUSE
2226,0.000000,0.959287,0.056846,PAUSE
2227,0.000000,0.000000,0.052065,PAUSE
2228,0.000000,0.000000,0.118913,PAUSE
2229,0.000000,0.000000,0.249974,PAUSE
2230,0.000000,0.000000,0.412596,PAUSE
2231,0.000000,0.000000,0.570789,ALLOW
2232,0.000000,0.000000,0.702794,ALLOW
2233,0.661176,1.000000,0.307066,PAUSE
2234,0.000000,1.000000,0.127364,PAUSE
2235,0.000000,0.000000,0.082961,PAUSE
2236,0.000000,0.000000,0.136575,PAUSE
2237,0.000000,0.000000,0.263535,PAUSE
2238,0.000000,0.000000,0.424002,PAUSE
2239,0.000000,0.000000,0.579992,ALLOW
2240,0.000000,0.000000,0.709723,ALLOW
2241,0.000000,0.000000,0.807210,ALLOW
2242,0.000000,0.000000,0.875625,ALLOW
2243,0.000000,0.000000,0.921430,ALLOW
2244,0.000000,0.000000,0.951110,ALLOW
2245,0.661176,1.000000,0.409792,PAUSE
2246,0.661176,0.000000,0.188961,PAUSE
2247,0.000000,1.000000,0.085664,PAUSE
2248,0.000000,0.000000,0.085947,PAUSE
2249,0.000000,0.000000,0.172183,PAUSE
2250,0.000000,0.000000,0.317082,PAUSE
2251,0.000000,0.000000,0.480139,PAUSE
2252,0.000000,0.000000,0.628723,ALLOW
2253,0.000000,0.000000,0.747340,ALLOW
2254,0.661176,1.000000,0.325579,PAUSE
2255,0.000000,1.000000,0.134842,PAUSE
2256,0.661176,1.000000,0.055546,PAUSE
2257,0.661176,0.000000,0.038391,PAUSE
2258,0.000000,1.000000,0.018901,PAUSE
2259,0.000000,0.000000,0.035164,PAUSE
2260,0.000000,0.000000,0.108655,PAUSE
2261,0.000000,0.000000,0.241508,PAUSE
2262,0.000000,0.000000,0.405149,PAUSE
2263,0.000000,0.000000,0.564640,ALLOW
2264,0.661176,1.000000,0.249368,PAUSE
2265,0.000000,1.000000,0.104024,PAUSE
2266,0.000000,0.000000,0.072509,PAUSE
2267,0.000000,0.000000,0.130215,PAUSE
2268,0.000000,0.000000,0.258339,PAUSE
2269,0.000000,0.000000,0.419490,PAUSE
2270,0.000000,0.000000,0.576304,ALLOW
2271,0.000000,0.000000,0.706931,ALLOW
2272,0.000000,0.000000,0.805228,ALLOW
2273,0.000000,0.000000,0.874283,ALLOW
2274,0.000000,0.000000,0.920553,ALLOW
2275,0.661176,1.000000,0.397214,PAUSE
2276,0.661176,0.000000,0.183882,PAUSE
2277,0.000000,1.000000,0.083589,PAUSE
2278,0.000000,0.000000,0.084981,PAUSE
2279,0.661176,1.000000,0.040843,PAUSE
2280,0.661176,0.000000,0.032970,PAUSE
2281,0.000000,1.000000,0.019158,PAUSE
2282,0.000000,0.000000,0.045407,PAUSE
2283,0.000000,0.000000,0.132285,PAUSE
2284,0.000000,0.000000,0.274572,PAUSE
2285,0.000000,0.000000,0.439948,PAUSE
2286,0.000000,0.000000,0.595219,ALLOW
2287,0.000000,0.000000,0.721968,ALLOW
2288,0.000000,0.000000,0.816143,ALLOW
2289,0.661176,1.000000,0.354103,PAUSE
2290,0.000000,1.000000,0.146355,PAUSE
2291,0.661176,1.000000,0.060173,PAUSE
2292,0.000000,1.000000,0.024932,PAUSE
2293,0.000000,0.000000,0.021796,PAUSE
2294,0.000000,0.000000,0.065592,PAUSE
2295,0.000000,0.000000,0.172187,PAUSE
2296,0.661176,1.000000,0.081666,PAUSE
2297,0.000000,1.000000,0.035635,PAUSE
2298,0.000000,0.000000,0.039072,PAUSE
2299,0.000000,0.000000,0.104370,PAUSE
2300,0.661176,1.000000,0.051238,PAUSE
2301,0.000000,1.000000,0.022977,PAUSE
2302,0.000000,0.000000,0.031480,PAUSE
2303,0.000000,0.000000,0.095791,PAUSE
2304,0.000000,0.000000,0.221688,PAUSE
2305,0.000000,0.000000,0.383293,PAUSE
2306,0.000000,0.000000,0.544893,ALLOW
2307,0.661176,1.000000,0.241082,PAUSE
2308,0.000000,1.000000,0.100667,PAUSE
2309,0.000000,0.000000,0.070982,PAUSE
2310,0.000000,0.000000,0.129242,PAUSE
2311,0.000000,0.000000,0.257505,PAUSE
2312,0.000000,0.000000,0.418748,PAUSE
2313,0.000000,0.000000,0.575690,ALLOW
2314,0.000000,0.000000,0.706464,ALLOW
2315,0.000000,0.000000,0.804895,ALLOW
2316,0.661176,1.000000,0.349445,PAUSE
2317,0.000000,1.000000,0.144476,PAUSE
2318,0.000000,0.000000,0.090477,PAUSE
2319,0.000000,0.000000,0.140876,PAUSE
2320,0.000000,0.000000,0.266821,PAUSE
2321,0.000000,0.000000,0.426747,PAUSE
2322,0.000000,0.000000,0.582195,ALLOW
2323,0.000000,0.000000,0.711376,ALLOW
2324,0.000000,0.000000,0.808378,ALLOW
2325,0.000000,0.000000,0.876413,ALLOW
2326,0.661176,1.000000,0.379012,PAUSE
2327,0.000000,1.000000,0.156400,PAUSE
2328,0.000000,0.000000,0.095653,PAUSE
2329,0.000000,0.000000,0.143726,PAUSE
2330,0.000000,0.000000,0.268899,PAUSE
2331,0.000000,0.000000,0.428434,PAUSE
2332,0.000000,0.000000,0.583529,ALLOW
2333,0.661176,1.000000,0.257258,PAUSE
2334,0.000000,1.000000,0.107217,PAUSE
2335,0.661176,1.000000,0.044433,PAUSE
2336,0.000000,1.000000,0.018609,PAUSE
2337,0.000000,0.000000,0.019043,PAUSE
2338,0.000000,0.000000,0.063840,PAUSE
2339,0.661176,1.000000,0.032753,PAUSE
2340,0.661176,0.000000,0.033428,PAUSE
2341,0.661176,0.000000,0.024202,PAUSE
2342,0.000000,1.000000,0.021178,PAUSE
2343,0.000000,0.000000,0.064397,PAUSE
2344,0.000000,0.000000,0.170245,PAUSE
2345,0.000000,0.000000,0.323461,PAUSE
2346,0.000000,0.000000,0.488765,PAUSE
2347,0.661176,1.000000,0.217470,PAUSE
2348,0.661176,0.000000,0.109429,PAUSE
2349,0.661176,0.000000,0.055265,PAUSE
2350,0.000000,1.000000,0.036728,PAUSE
2351,0.000000,0.000000,0.079295,PAUSE
2352,0.000000,0.000000,0.189267,PAUSE
2353,0.661176,1.000000,0.089098,PAUSE
2354,0.661176,0.000000,0.054102,PAUSE
2355,0.661176,0.000000,0.031864,PAUSE
2356,0.000000,1.000000,0.025885,PAUSE
2357,0.000000,0.000000,0.070945,PAUSE
2358,0.000000,0.000000,0.179981,PAUSE
2359,0.000000,0.000000,0.334828,PAUSE
2360,0.000000,0.000000,0.499586,PAUSE
2361,0.661176,1.000000,0.222027,PAUSE
2362,0.000000,1.000000,0.092943,PAUSE
2363,0.000000,0.000000,0.067441,PAUSE
2364,0.000000,0.000000,0.126934,PAUSE
2365,0.000000,0.000000,0.255489,PAUSE
2366,0.000000,0.000000,0.416935,PAUSE
2367,0.000000,0.000000,0.574183,ALLOW
2368,0.000000,0.000000,0.705314,ALLOW
2369,0.000000,0.000000,0.804074,ALLOW
2370,0.000000,0.000000,0.873500,ALLOW
2371,0.000000,0.000000,0.920041,ALLOW
2372,0.661176,1.000000,0.397003,PAUSE
2373,0.000000,1.000000,0.163651,PAUSE
2374,0.000000,0.000000,0.098778,PAUSE
2375,0.000000,0.000000,0.145404,PAUSE
2376,0.000000,0.000000,0.270086,PAUSE
2377,0.000000,0.000000,0.429377,PAUSE
2378,0.000000,0.000000,0.584268,ALLOW
2379,0.000000,0.000000,0.712917,ALLOW
2380,0.000000,0.000000,0.809462,ALLOW
2381,0.000000,0.000000,0.877143,ALLOW
2382,0.661176,1.000000,0.379313,PAUSE
2383,0.661176,0.000000,0.176655,PAUSE
2384,0.000000,1.000000,0.080631,PAUSE
2385,0.000000,0.000000,0.083591,PAUSE
2386,0.000000,0.000000,0.170691,PAUSE
2387,0.000000,0.000000,0.315891,PAUSE
2388,0.000000,0.000000,0.479155,PAUSE
2389,0.000000,0.000000,0.627953,ALLOW
2390,0.661176,1.000000,0.275855,PAUSE
2391,0.000000,1.000000,0.114745,PAUSE
2392,0.661176,1.000000,0.047463,PAUSE
2393,0.661176,0.000000,0.035034,PAUSE
2394,0.000000,1.000000,0.017523,PAUSE
2395,0.000000,0.000000,0.034449,PAUSE
2396,0.000000,0.000000,0.108031,PAUSE
2397,0.000000,0.000000,0.240833,PAUSE
2398,0.000000,0.000000,0.404482,PAUSE
2399,0.000000,0.000000,0.564061,ALLOW
2400,0.000000,0.000000,0.697655,ALLOW
2401,0.000000,0.000000,0.798631,ALLOW
2402,0.000000,0.000000,0.869811,ALLOW
2403,0.661176,1.000000,0.376288,PAUSE
2404,0.000000,1.000000,0.155302,PAUSE
2405,0.000000,0.000000,0.095179,PAUSE
2406,0.000000,0.000000,0.143469,PAUSE
2407,0.000000,0.000000,0.268716,PAUSE
2408,0.000000,0.000000,0.428287,PAUSE
2409,0.000000,0.000000,0.583414,ALLOW
2410,0.000000,0.000000,0.712284,ALLOW
2411,0.000000,0.000000,0.809018,ALLOW
2412,0.000000,0.000000,0.876844,ALLOW
2413,0.000000,0.000000,0.922225,ALLOW
2414,0.000000,0.000000,0.951617,ALLOW
2415,0.000000,0.000000,0.970222,ALLOW
2416,0.000000,0.000000,0.981812,ALLOW
2417,0.000000,0.000000,0.988951,ALLOW
2418,0.000000,0.000000,0.993313,ALLOW
2419,0.000000,0.000000,0.995964,ALLOW
2420,0.000000,0.000000,0.997568,ALLOW
2421,0.661176,1.000000,0.428875,PAUSE
2422,0.661176,0.000000,0.196658,PAUSE
2423,0.000000,1.000000,0.088804,PAUSE
2424,0.000000,0.000000,0.087392,PAUSE
2425,0.000000,0.000000,0.173063,PAUSE
2426,0.000000,0.000000,0.317761,PAUSE
2427,0.000000,0.000000,0.480689,PAUSE
2428,0.000000,0.000000,0.629150,ALLOW
2429,0.000000,0.000000,0.747652,ALLOW
2430,0.661176,1.000000,0.325709,PAUSE
2431,0.000000,1.000000,0.134894,PAUSE
2432,0.661176,1.000000,0.055567,PAUSE
2433,0.000000,1.000000,0.023083,PAUSE
2434,0.000000,0.000000,0.021000,PAUSE
2435,0.661176,1.000000,0.011224,PAUSE
2436,0.000000,1.000000,0.005689,PAUSE
2437,0.661176,1.000000,0.002993,PAUSE
2438,0.661176,0.000000,0.011782,PAUSE
2439,0.000000,1.000000,0.007362,PAUSE
2440,0.000000,0.000000,0.026128,PAUSE
2441,0.000000,0.000000,0.095636,PAUSE
2442,0.661176,1.000000,0.047514,PAUSE
2443,0.000000,1.000000,0.021451,PAUSE
2444,0.000000,0.000000,0.030674,PAUSE
2445,0.000000,0.000000,0.095029,PAUSE
2446,0.000000,0.000000,0.220801,PAUSE
2447,0.661176,1.000000,0.102961,PAUSE
2448,0.661176,0.000000,0.063565,PAUSE
2449,0.000000,1.000000,0.033273,PAUSE
2450,0.000000,0.000000,0.057783,PAUSE
2451,0.000000,0.000000,0.149040,PAUSE
2452,0.661176,1.000000,0.071323,PAUSE
2453,0.000000,1.000000,0.031344,PAUSE
2454,0.000000,0.000000,0.036577,PAUSE
2455,0.000000,0.000000,0.101691,PAUSE
2456,0.000000,0.000000,0.229107,PAUSE
2457,0.000000,0.000000,0.391111,PAUSE
2458,0.000000,0.000000,0.551876,ALLOW
2459,0.000000,0.000000,0.687951,ALLOW
2460,0.000000,0.000000,0.791552,ALLOW
2461,0.000000,0.000000,0.864946,ALLOW
2462,0.000000,0.000000,0.914416,ALLOW
2463,0.000000,0.000000,0.946625,ALLOW
2464,0.000000,0.000000,0.967091,ALLOW
2465,0.000000,0.000000,0.979874,ALLOW
2466,0.000000,0.000000,0.987762,ALLOW
2467,0.000000,0.000000,0.992589,ALLOW
2468,0.000000,0.000000,0.995525,ALLOW
2469,0.000000,0.000000,0.997303,ALLOW
2470,0.000000,0.000000,0.998377,ALLOW
2471,0.661176,1.000000,0.429207,PAUSE
2472,0.000000,1.000000,0.176619,PAUSE
2473,0.000000,0.000000,0.104322,PAUSE
2474,0.000000,0.000000,0.148300,PAUSE
2475,0.000000,0.000000,0.272057,PAUSE
2476,0.661176,1.000000,0.124859,PAUSE
2477,0.000000,1.000000,0.053343,PAUSE
2478,0.661176,1.000000,0.022678,PAUSE
2479,0.000000,1.000000,0.009838,PAUSE
2480,0.000000,0.000000,0.014953,PAUSE
2481,0.000000,0.000000,0.060496,PAUSE
2482,0.000000,0.000000,0.166487,PAUSE
2483,0.000000,0.000000,0.319619,PAUSE
2484,0.000000,0.000000,0.485250,PAUSE
2485,0.000000,0.000000,0.633799,ALLOW
2486,0.000000,0.000000,0.751433,ALLOW
2487,0.000000,0.000000,0.837052,ALLOW
2488,0.000000,0.000000,0.895859,ALLOW
2489,0.000000,0.000000,0.934653,ALLOW
2490,0.661176,1.000000,0.403020,PAUSE
2491,0.661176,0.000000,0.186228,PAUSE
2492,0.000000,1.000000,0.084548,PAUSE
2493,0.000000,0.000000,0.085429,PAUSE
2494,0.000000,0.000000,0.171860,PAUSE
2495,0.000000,0.000000,0.316829,PAUSE
2496,0.000000,0.000000,0.479931,PAUSE
2497,0.000000,0.000000,0.628562,ALLOW
2498,0.000000,0.000000,0.747222,ALLOW
2499,0.000000,0.000000,0.833999,ALLOW
2500,0.000000,0.000000,0.893778,ALLOW
2501,0.000000,0.000000,0.933291,ALLOW
2502,0.000000,0.000000,0.958664,ALLOW
2503,0.000000,0.000000,0.974631,ALLOW
2504,0.661176,1.000000,0.419460,PAUSE
2505,0.000000,1.000000,0.172696,PAUSE
2506,0.000000,0.000000,0.102651,PAUSE
2507,0.000000,0.000000,0.147439,PAUSE
2508,0.661176,1.000000,0.069556,PAUSE
2509,0.000000,1.000000,0.030471,PAUSE
2510,0.000000,0.000000,0.035368,PAUSE
2511,0.661176,1.000000,0.018388,PAUSE
2512,0.000000,1.000000,0.008886,PAUSE
2513,0.000000,0.000000,0.020233,PAUSE
2514,0.000000,0.000000,0.078006,PAUSE
2515,0.661176,1.000000,0.039427,PAUSE
2516,0.661176,0.000000,0.036497,PAUSE
2517,0.000000,1.000000,0.020975,PAUSE
2518,0.000000,0.000000,0.047655,PAUSE
2519,0.661176,1.000000,0.024880,PAUSE
2520,0.000000,1.000000,0.011802,PAUSE
2521,0.000000,0.000000,0.023411,PAUSE
2522,0.000000,0.000000,0.084220,PAUSE
2523,0.000000,0.000000,0.205794,PAUSE
2524,0.661176,1.000000,0.096438,PAUSE
2525,0.000000,1.000000,0.041725,PAUSE
2526,0.000000,0.000000,0.042408,PAUSE
2527,0.000000,0.000000,0.107620,PAUSE
2528,0.661176,1.000000,0.052660,PAUSE
2529,0.000000,1.000000,0.023565,PAUSE
2530,0.000000,0.000000,0.031818,PAUSE
2531,0.000000,0.000000,0.096157,PAUSE
2532,0.000000,0.000000,0.222139,PAUSE
2533,0.000000,0.000000,0.383768,PAUSE
2534,0.661176,1.000000,0.173014,PAUSE
2535,0.000000,1.000000,0.073029,PAUSE
2536,0.661176,1.000000,0.030650,PAUSE
2537,0.000000,1.000000,0.013060,PAUSE
2538,0.661176,1.000000,0.005787,PAUSE
2539,0.000000,1.000000,0.002770,PAUSE
2540,0.000000,0.000000,0.009169,PAUSE
2541,0.000000,0.000000,0.048862,PAUSE
2542,0.000000,0.000000,0.146693,PAUSE
2543,0.000000,0.000000,0.295186,PAUSE
2544,0.000000,0.000000,0.461291,PAUSE
2545,0.000000,0.000000,0.613659,ALLOW
2546,0.000000,0.000000,0.736170,ALLOW
2547,0.000000,0.000000,0.826274,ALLOW
2548,0.000000,0.000000,0.888610,ALLOW
2549,0.000000,0.000000,0.929941,ALLOW
2550,0.661176,1.000000,0.401080,PAUSE
2551,0.000000,1.000000,0.165293,PAUSE
2552,0.661176,1.000000,0.067779,PAUSE
2553,0.000000,1.000000,0.027984,PAUSE
2554,0.661176,1.000000,0.011786,PAUSE
2555,0.000000,1.000000,0.005184,PAUSE
2556,0.000000,0.000000,0.010286,PAUSE
2557,0.000000,0.000000,0.049818,PAUSE
2558,0.000000,0.000000,0.147933,PAUSE
2559,0.000000,0.000000,0.296637,PAUSE
2560,0.000000,0.000000,0.462703,PAUSE
2561,0.000000,0.000000,0.614847,ALLOW
2562,0.000000,0.000000,0.737073,ALLOW
2563,0.000000,0.000000,0.826913,ALLOW
2564,0.000000,0.000000,0.889041,ALLOW
2565,0.661176,1.000000,0.384224,PAUSE
2566,0.000000,1.000000,0.158501,PAUSE
2567,0.000000,0.000000,0.096561,PAUSE
2568,0.000000,0.000000,0.144217,PAUSE
2569,0.000000,0.000000,0.269250,PAUSE
2570,0.000000,0.000000,0.428715,PAUSE
2571,0.000000,0.000000,0.583750,ALLOW
2572,0.000000,0.000000,0.712533,ALLOW
2573,0.000000,0.000000,0.809193,ALLOW
2574,0.000000,0.000000,0.876962,ALLOW
2575,0.000000,0.000000,0.922302,ALLOW
2576,0.000000,0.000000,0.951665,ALLOW
2577,0.000000,0.000000,0.970253,ALLOW
2578,0.000000,0.000000,0.981831,ALLOW
2579,0.661176,1.000000,0.422417,PAUSE
2580,0.000000,1.000000,0.173886,PAUSE
2581,0.000000,0.000000,0.103159,PAUSE
2582,0.000000,0.000000,0.147702,PAUSE
2583,0.000000,0.000000,0.271660,PAUSE
2584,0.000000,0.000000,0.430602,PAUSE
2585,0.000000,0.000000,0.585216,ALLOW
2586,0.661176,1.000000,0.257961,PAUSE
2587,0.000000,1.000000,0.107501,PAUSE
2588,0.000000,0.000000,0.074070,PAUSE
2589,0.000000,0.000000,0.131175,PAUSE
2590,0.000000,0.000000,0.259132,PAUSE
2591,0.000000,0.000000,0.420184,PAUSE
2592,0.000000,0.000000,0.576873,ALLOW
2593,0.661176,1.000000,0.254478,PAUSE
2594,0.000000,1.000000,0.106092,PAUSE
2595,0.000000,0.000000,0.073439,PAUSE
2596,0.000000,0.000000,0.130789,PAUSE
2597,0.661176,1.000000,0.062596,PAUSE
2598,0.661176,0.000000,0.046465,PAUSE
2599,0.000000,1.000000,0.025496,PAUSE
2600,0.000000,0.000000,0.051402,PAUSE
2601,0.000000,0.000000,0.140849,PAUSE
2602,0.000000,0.000000,0.285108,PAUSE
2603,0.000000,0.000000,0.450475,PAUSE
2604,0.000000,0.000000,0.604223,ALLOW
2605,0.000000,0.000000,0.728881,ALLOW
2606,0.000000,0.000000,0.821070,ALLOW
2607,0.000000,0.000000,0.885086,ALLOW
2608,0.661176,1.000000,0.382593,PAUSE
2609,0.000000,1.000000,0.157843,PAUSE
2610,0.000000,0.000000,0.096277,PAUSE
2611,0.000000,0.000000,0.144064,PAUSE
2612,0.000000,0.000000,0.269141,PAUSE
2613,0.000000,0.000000,0.428628,PAUSE
2614,0.000000,0.000000,0.583682,ALLOW
2615,0.000000,0.000000,0.712483,ALLOW
2616,0.661176,1.000000,0.311090,PAUSE
2617,0.661176,0.000000,0.149044,PAUSE
2618,0.000000,1.000000,0.069281,PAUSE
2619,0.661176,1.000000,0.030221,PAUSE
2620,0.000000,1.000000,0.013205,PAUSE
2621,0.000000,0.000000,0.019089,PAUSE
2622,0.000000,0.000000,0.070054,PAUSE
2623,0.000000,0.000000,0.182350,PAUSE
2624,0.000000,0.000000,0.338602,PAUSE
2625,0.000000,0.000000,0.503449,ALLOW
2626,0.000000,0.000000,0.648861,ALLOW
2627,0.000000,0.000000,0.762727,ALLOW
2628,0.000000,0.000000,0.844969,ALLOW
2629,0.000000,0.000000,0.901156,ALLOW
2630,0.000000,0.000000,0.938084,ALLOW
2631,0.000000,0.000000,0.961704,ALLOW
2632,0.000000,0.000000,0.976527,ALLOW
2633,0.000000,0.000000,0.985705,ALLOW
2634,0.000000,0.000000,0.991333,ALLOW
2635,0.661176,1.000000,0.426317,PAUSE
2636,0.000000,1.000000,0.175456,PAUSE
2637,0.000000,0.000000,0.103827,PAUSE
2638,0.000000,0.000000,0.148047,PAUSE
2639,0.000000,0.000000,0.271890,PAUSE
2640,0.000000,0.000000,0.430778,PAUSE
2641,0.661176,1.000000,0.192875,PAUSE
2642,0.000000,1.000000,0.081097,PAUSE
2643,0.000000,0.000000,0.061883,PAUSE
2644,0.000000,0.000000,0.123078,PAUSE
2645,0.000000,0.000000,0.251934,PAUSE
2646,0.000000,0.000000,0.413652,PAUSE
2647,0.661176,1.000000,0.185673,PAUSE
2648,0.661176,0.000000,0.097962,PAUSE
2649,0.661176,0.000000,0.051059,PAUSE
2650,0.000000,1.000000,0.034785,PAUSE
2651,0.661176,1.000000,0.017096,PAUSE
2652,0.000000,1.000000,0.008127,PAUSE
2653,0.000000,0.000000,0.018291,PAUSE
2654,0.000000,0.000000,0.073024,PAUSE
2655,0.000000,0.000000,0.188368,PAUSE
2656,0.661176,1.000000,0.088820,PAUSE
2657,0.000000,1.000000,0.038591,PAUSE
2658,0.000000,0.000000,0.040723,PAUSE
2659,0.000000,0.000000,0.106032,PAUSE
2660,0.000000,0.000000,0.234306,PAUSE
2661,0.000000,0.000000,0.396481,PAUSE
2662,0.000000,0.000000,0.556625,ALLOW
2663,0.000000,0.000000,0.691692,ALLOW
2664,0.661176,1.000000,0.302446,PAUSE
2665,0.000000,1.000000,0.125497,PAUSE
2666,0.661176,1.000000,0.051789,PAUSE
2667,0.000000,1.000000,0.021565,PAUSE
2668,0.000000,0.000000,0.020342,PAUSE
2669,0.661176,1.000000,0.010953,PAUSE
2670,0.000000,0.000000,0.028428,PAUSE
2671,0.000000,1.000000,0.015706,PAUSE
2672,0.000000,0.000000,0.037433,PAUSE
2673,0.000000,0.000000,0.116678,PAUSE
2674,0.000000,0.000000,0.253525,PAUSE
2675,0.000000,0.000000,0.418118,PAUSE
2676,0.000000,0.000000,0.576184,ALLOW
2677,0.000000,0.000000,0.707183,ALLOW
2678,0.000000,0.000000,0.805526,ALLOW
2679,0.000000,0.000000,0.874527,ALLOW
2680,0.000000,0.000000,0.920728,ALLOW
2681,0.000000,0.000000,0.950669,ALLOW
2682,0.000000,0.000000,0.969631,ALLOW
2683,0.000000,0.000000,0.981448,ALLOW
2684,0.000000,0.000000,0.988728,ALLOW
2685,0.000000,0.000000,0.993178,ALLOW
2686,0.000000,0.000000,0.995882,ALLOW
2687,0.000000,0.000000,0.997519,ALLOW
2688,0.000000,0.000000,0.998507,ALLOW
2689,0.000000,0.000000,0.999102,ALLOW
2690,0.000000,0.000000,0.999461,ALLOW
2691,0.000000,0.000000,0.999676,ALLOW
2692,0.000000,0.000000,0.999806,ALLOW
2693,0.000000,0.000000,0.999883,ALLOW
2694,0.000000,0.000000,0.999930,ALLOW
2695,0.000000,0.000000,0.999958,ALLOW
2696,0.000000,0.000000,0.999975,ALLOW
2697,0.000000,0.000000,0.999985,ALLOW
2698,0.000000,0.000000,0.999991,ALLOW
2699,0.000000,0.000000,0.999995,ALLOW
2700,0.661176,1.000000,0.429870,PAUSE
2701,0.000000,1.000000,0.176886,PAUSE
2702,0.661176,1.000000,0.072431,PAUSE
2703,0.000000,1.000000,0.029850,PAUSE
2704,0.000000,0.000000,0.023883,PAUSE
2705,0.000000,0.000000,0.066770,PAUSE
2706,0.000000,0.000000,0.173187,PAUSE
2707,0.000000,0.000000,0.326744,PAUSE
2708,0.661176,1.000000,0.148679,PAUSE
2709,0.000000,1.000000,0.063113,PAUSE
2710,0.661176,1.000000,0.026642,PAUSE
2711,0.000000,1.000000,0.011443,PAUSE
2712,0.000000,0.000000,0.015760,PAUSE
2713,0.000000,0.000000,0.061306,PAUSE
2714,0.000000,0.000000,0.167573,PAUSE
2715,0.661176,1.000000,0.079667,PAUSE
2716,0.000000,1.000000,0.034814,PAUSE
2717,0.000000,0.000000,0.038636,PAUSE
2718,0.661176,1.000000,0.019861,PAUSE
2719,0.000000,1.000000,0.009511,PAUSE
2720,0.000000,0.000000,0.020715,PAUSE
2721,0.000000,0.000000,0.078781,PAUSE
2722,0.000000,0.000000,0.197531,PAUSE
2723,0.000000,0.000000,0.356571,PAUSE
2724,0.000000,0.000000,0.520438,ALLOW
2725,0.000000,0.000000,0.662770,ALLOW
2726,0.661176,1.000000,0.290398,PAUSE
2727,0.000000,1.000000,0.120628,PAUSE
2728,0.000000,0.000000,0.079972,PAUSE
2729,0.000000,0.000000,0.134807,PAUSE
2730,0.000000,0.000000,0.262133,PAUSE
2731,0.000000,0.000000,0.422806,PAUSE
2732,0.000000,0.000000,0.579022,ALLOW
2733,0.000000,0.000000,0.708992,ALLOW
2734,0.000000,0.000000,0.806692,ALLOW
2735,0.661176,1.000000,0.350189,PAUSE
2736,0.661176,0.000000,0.164881,PAUSE
2737,0.661176,0.000000,0.078158,PAUSE
2738,0.000000,1.000000,0.046614,PAUSE
2739,0.000000,0.000000,0.085163,PAUSE
2740,0.000000,0.000000,0.194398,PAUSE
2741,0.661176,1.000000,0.091292,PAUSE
2742,0.000000,1.000000,0.039587,PAUSE
2743,0.000000,0.000000,0.041162,PAUSE
2744,0.000000,0.000000,0.106293,PAUSE
2745,0.000000,0.000000,0.234520,PAUSE
2746,0.661176,1.000000,0.108887,PAUSE
2747,0.000000,1.000000,0.046831,PAUSE
2748,0.000000,0.000000,0.045065,PAUSE
2749,0.000000,0.000000,0.109978,PAUSE
2750,0.000000,0.000000,0.238704,PAUSE
2751,0.000000,0.000000,0.400902,PAUSE
2752,0.000000,0.000000,0.560489,ALLOW
2753,0.000000,0.000000,0.694718,ALLOW
2754,0.000000,0.000000,0.796458,ALLOW
2755,0.000000,0.000000,0.868309,ALLOW
2756,0.661176,1.000000,0.375668,PAUSE
2757,0.000000,1.000000,0.155052,PAUSE
2758,0.000000,0.000000,0.095071,PAUSE
2759,0.000000,0.000000,0.143410,PAUSE
2760,0.000000,0.000000,0.268674,PAUSE
2761,0.000000,0.000000,0.428253,PAUSE
2762,0.000000,0.000000,0.583387,ALLOW
2763,0.000000,0.000000,0.712264,ALLOW
2764,0.000000,0.000000,0.809004,ALLOW
2765,0.661176,1.000000,0.351145,PAUSE
2766,0.000000,1.000000,0.145161,PAUSE
2767,0.000000,0.000000,0.090776,PAUSE
2768,0.000000,0.000000,0.141042,PAUSE
2769,0.000000,0.000000,0.266943,PAUSE
2770,0.000000,0.000000,0.426847,PAUSE
2771,0.000000,0.000000,0.582274,ALLOW
2772,0.000000,0.000000,0.711435,ALLOW
2773,0.000000,0.000000,0.808420,ALLOW
2774,0.000000,0.000000,0.876441,ALLOW
2775,0.000000,0.000000,0.921963,ALLOW
2776,0.000000,0.000000,0.951450,ALLOW
2777,0.000000,0.000000,0.970118,ALLOW
2778,0.000000,0.000000,0.981748,ALLOW
2779,0.000000,0.000000,0.988911,ALLOW
2780,0.000000,0.000000,0.993289,ALLOW
2781,0.661176,1.000000,0.427120,PAUSE
2782,0.000000,1.000000,0.175779,PAUSE
2783,0.000000,0.000000,0.103965,PAUSE
2784,0.000000,0.000000,0.148117,PAUSE
2785,0.000000,0.000000,0.271937,PAUSE
2786,0.000000,0.000000,0.430814,PAUSE
2787,0.000000,0.000000,0.585378,ALLOW
2788,0.661176,1.000000,0.258028,PAUSE
2789,0.000000,1.000000,0.107528,PAUSE
2790,0.000000,0.000000,0.074083,PAUSE
2791,0.000000,0.000000,0.131182,PAUSE
2792,0.000000,0.000000,0.259138,PAUSE
2793,0.000000,0.000000,0.420189,PAUSE
2794,0.661176,1.000000,0.188429,PAUSE
2795,0.000000,1.000000,0.079294,PAUSE
2796,0.000000,0.000000,0.061053,PAUSE
2797,0.000000,0.000000,0.122527,PAUSE
2798,0.661176,1.000000,0.059089,PAUSE
2799,0.000000,1.000000,0.026209,PAUSE
2800,0.000000,0.000000,0.033261,PAUSE
2801,0.000000,0.000000,0.097592,PAUSE
2802,0.661176,1.000000,0.048238,PAUSE
2803,0.661176,0.000000,0.040370,PAUSE
2804,0.000000,1.000000,0.022787,PAUSE
2805,0.000000,0.000000,0.049343,PAUSE
2806,0.000000,0.000000,0.138308,PAUSE
2807,0.000000,0.000000,0.282125,PAUSE
2808,0.000000,0.000000,0.447545,PAUSE
2809,0.000000,0.000000,0.601735,ALLOW
2810,0.000000,0.000000,0.726979,ALLOW
2811,0.000000,0.000000,0.819717,ALLOW
2812,0.000000,0.000000,0.884172,ALLOW
2813,0.661176,1.000000,0.382215,PAUSE
2814,0.000000,1.000000,0.157691,PAUSE
2815,0.661176,1.000000,0.064726,PAUSE
2816,0.000000,1.000000,0.026759,PAUSE
2817,0.000000,0.000000,0.022576,PAUSE
2818,0.000000,0.000000,0.066046,PAUSE
2819,0.000000,0.000000,0.172587,PAUSE
2820,0.000000,0.000000,0.326177,PAUSE
2821,0.000000,0.000000,0.491353,PAUSE
2822,0.000000,0.000000,0.638803,ALLOW
2823,0.000000,0.000000,0.755174,ALLOW
2824,0.661176,1.000000,0.328835,PAUSE
2825,0.000000,1.000000,0.136157,PAUSE
2826,0.000000,0.000000,0.086838,PAUSE
2827,0.000000,0.000000,0.138821,PAUSE
2828,0.000000,0.000000,0.265274,PAUSE
2829,0.000000,0.000000,0.425467,PAUSE
2830,0.000000,0.000000,0.581173,ALLOW
2831,0.000000,0.000000,0.710611,ALLOW
2832,0.000000,0.000000,0.807838,ALLOW
2833,0.000000,0.000000,0.876049,ALLOW
2834,0.000000,0.000000,0.921707,ALLOW
2835,0.000000,0.000000,0.951287,ALLOW
2836,0.000000,0.000000,0.970016,ALLOW
2837,0.661176,1.000000,0.417564,PAUSE
2838,0.000000,1.000000,0.171932,PAUSE
2839,0.000000,0.000000,0.102326,PAUSE
2840,0.661176,1.000000,0.046225,PAUSE
2841,0.661176,0.000000,0.037902,PAUSE
2842,0.661176,0.000000,0.025696,PAUSE
2843,0.000000,1.000000,0.021032,PAUSE
2844,0.000000,0.000000,0.062138,PAUSE
2845,0.000000,0.000000,0.165903,PAUSE
2846,0.000000,0.000000,0.318060,PAUSE
2847,0.000000,0.000000,0.483502,PAUSE
2848,0.000000,0.000000,0.632269,ALLOW
2849,0.000000,0.000000,0.750256,ALLOW
2850,0.000000,0.000000,0.836216,ALLOW
2851,0.000000,0.000000,0.895295,ALLOW
2852,0.000000,0.000000,0.934286,ALLOW
2853,0.000000,0.000000,0.959300,ALLOW
2854,0.661176,1.000000,0.413159,PAUSE
2855,0.000000,1.000000,0.170159,PAUSE
2856,0.661176,1.000000,0.069732,PAUSE
2857,0.000000,1.000000,0.028767,PAUSE
2858,0.000000,0.000000,0.023427,PAUSE
2859,0.661176,1.000000,0.012216,PAUSE
2860,0.000000,1.000000,0.006091,PAUSE
2861,0.661176,1.000000,0.003156,PAUSE
2862,0.000000,1.000000,0.001790,PAUSE
2863,0.661176,1.000000,0.001154,PAUSE
2864,0.000000,1.000000,0.000854,PAUSE
2865,0.000000,0.000000,0.007710,PAUSE
2866,0.000000,0.000000,0.045907,PAUSE
2867,0.000000,0.000000,0.141466,PAUSE
2868,0.000000,0.000000,0.288551,PAUSE
2869,0.000000,0.000000,0.454665,PAUSE
2870,0.000000,0.000000,0.608022,ALLOW
2871,0.000000,0.000000,0.731863,ALLOW
2872,0.000000,0.000000,0.823216,ALLOW
2873,0.000000,0.000000,0.886546,ALLOW
2874,0.000000,0.000000,0.928596,ALLOW
2875,0.000000,0.000000,0.955687,ALLOW
2876,0.000000,0.000000,0.972773,ALLOW
2877,0.000000,0.000000,0.983390,ALLOW
2878,0.661176,1.000000,0.423057,PAUSE
2879,0.000000,1.000000,0.174144,PAUSE
2880,0.000000,0.000000,0.103269,PAUSE
2881,0.661176,1.000000,0.046607,PAUSE
2882,0.000000,1.000000,0.020393,PAUSE
2883,0.000000,0.000000,0.026230,PAUSE
2884,0.000000,0.000000,0.083854,PAUSE
2885,0.000000,0.000000,0.203579,PAUSE
2886,0.000000,0.000000,0.363003,PAUSE
2887,0.000000,0.000000,0.526278,ALLOW
2888,0.000000,0.000000,0.667461,ALLOW
2889,0.000000,0.000000,0.776528,ALLOW
2890,0.000000,0.000000,0.854574,ALLOW
2891,0.000000,0.000000,0.907551,ALLOW
2892,0.000000,0.000000,0.942211,ALLOW
2893,0.000000,0.000000,0.964311,ALLOW
2894,0.000000,0.000000,0.978148,ALLOW
2895,0.000000,0.000000,0.986702,ALLOW
2896,0.661176,1.000000,0.424417,PAUSE
2897,0.000000,1.000000,0.174691,PAUSE
2898,0.661176,1.000000,0.071551,PAUSE
2899,0.000000,1.000000,0.029496,PAUSE
2900,0.000000,0.000000,0.023734,PAUSE
2901,0.000000,0.000000,0.066690,PAUSE
2902,0.661176,1.000000,0.033967,PAUSE
2903,0.000000,1.000000,0.015706,PAUSE
2904,0.661176,1.000000,0.007292,PAUSE
2905,0.000000,1.000000,0.003563,PAUSE
2906,0.000000,0.000000,0.011373,PAUSE
2907,0.000000,0.000000,0.055824,PAUSE
2908,0.661176,1.000000,0.029158,PAUSE
2909,0.000000,1.000000,0.013700,PAUSE
2910,0.000000,0.000000,0.025279,PAUSE
2911,0.000000,0.000000,0.087601,PAUSE
2912,0.000000,0.000000,0.210755,PAUSE
2913,0.000000,0.000000,0.371476,PAUSE
2914,0.000000,0.000000,0.534200,ALLOW
2915,0.000000,0.000000,0.673882,ALLOW
2916,0.000000,0.000000,0.781270,ALLOW
2917,0.000000,0.000000,0.857862,ALLOW
2918,0.000000,0.000000,0.909733,ALLOW
2919,0.000000,0.000000,0.943617,ALLOW
2920,0.000000,0.000000,0.965197,ALLOW
2921,0.000000,0.000000,0.978699,ALLOW
2922,0.661176,1.000000,0.421131,PAUSE
2923,0.000000,1.000000,0.173368,PAUSE
2924,0.000000,0.000000,0.102938,PAUSE
2925,0.000000,0.000000,0.147588,PAUSE
2926,0.000000,0.000000,0.271583,PAUSE
2927,0.000000,0.000000,0.430543,PAUSE
2928,0.000000,0.000000,0.585171,ALLOW
2929,0.000000,0.000000,0.713582,ALLOW
2930,0.000000,0.000000,0.809928,ALLOW
2931,0.000000,0.000000,0.877455,ALLOW
2932,0.000000,0.000000,0.922624,ALLOW
2933,0.000000,0.000000,0.951870,ALLOW
2934,0.661176,1.000000,0.410104,PAUSE
2935,0.000000,1.000000,0.168928,PAUSE
2936,0.000000,0.000000,0.101041,PAUSE
2937,0.000000,0.000000,0.146600,PAUSE
2938,0.000000,0.000000,0.270912,PAUSE
2939,0.000000,0.000000,0.430025,PAUSE
2940,0.000000,0.000000,0.584771,ALLOW
2941,0.000000,0.000000,0.713288,ALLOW
2942,0.000000,0.000000,0.809722,ALLOW
2943,0.000000,0.000000,0.877317,ALLOW
2944,0.000000,0.000000,0.922534,ALLOW
2945,0.000000,0.000000,0.951813,ALLOW
2946,0.000000,0.000000,0.970345,ALLOW
2947,0.000000,0.000000,0.981888,ALLOW
2948,0.661176,1.000000,0.422440,PAUSE
2949,0.000000,1.000000,0.173895,PAUSE
2950,0.000000,0.000000,0.103163,PAUSE
2951,0.661176,1.000000,0.046564,PAUSE
2952,0.000000,1.000000,0.020375,PAUSE
2953,0.000000,0.000000,0.026222,PAUSE
2954,0.000000,0.000000,0.083850,PAUSE
2955,0.000000,0.000000,0.203575,PAUSE
2956,0.661176,1.000000,0.095448,PAUSE
2957,0.000000,1.000000,0.041316,PAUSE
2958,0.000000,0.000000,0.042177,PAUSE
2959,0.000000,0.000000,0.107386,PAUSE
2960,0.661176,1.000000,0.052557,PAUSE
2961,0.661176,0.000000,0.042233,PAUSE
2962,0.000000,1.000000,0.023635,PAUSE
2963,0.000000,0.000000,0.050055,PAUSE
2964,0.000000,0.000000,0.139252,PAUSE
2965,0.661176,1.000000,0.067030,PAUSE
2966,0.000000,1.000000,0.029572,PAUSE
2967,0.000000,0.000000,0.035586,PAUSE
2968,0.661176,1.000000,0.018538,PAUSE
2969,0.000000,1.000000,0.008960,PAUSE
2970,0.000000,0.000000,0.020352,PAUSE
2971,0.000000,0.000000,0.078277,PAUSE
2972,0.000000,0.000000,0.196822,PAUSE
2973,0.661176,1.000000,0.092522,PAUSE
2974,0.661176,0.000000,0.059349,PAUSE
2975,0.000000,1.000000,0.031421,PAUSE
2976,0.000000,0.000000,0.056473,PAUSE
2977,0.000000,0.000000,0.147548,PAUSE
2978,0.000000,0.000000,0.293075,PAUSE
2979,0.000000,0.000000,0.458307,PAUSE
2980,0.661176,1.000000,0.204609,PAUSE
2981,0.000000,1.000000,0.085873,PAUSE
2982,0.000000,0.000000,0.064162,PAUSE
2983,0.000000,0.000000,0.124725,PAUSE
2984,0.661176,1.000000,0.060027,PAUSE
2985,0.000000,1.000000,0.026593,PAUSE
2986,0.000000,0.000000,0.033462,PAUSE
2987,0.000000,0.000000,0.097779,PAUSE
2988,0.000000,0.000000,0.224058,PAUSE
2989,0.661176,1.000000,0.104367,PAUSE
2990,0.000000,1.000000,0.044979,PAUSE
2991,0.000000,0.000000,0.044112,PAUSE
2992,0.000000,0.000000,0.109151,PAUSE
2993,0.661176,1.000000,0.053327,PAUSE
2994,0.661176,0.000000,0.042560,PAUSE
2995,0.000000,1.000000,0.023782,PAUSE
2996,0.000000,0.000000,0.050172,PAUSE
2997,0.000000,0.000000,0.139400,PAUSE
2998,0.000000,0.000000,0.283433,PAUSE
2999,0.000000,0.000000,0.448839,PAUSE
3000,0.000000,0.000000,0.602836,ALLOW
3001,0.000000,0.000000,0.727822,ALLOW
3002,0.000000,0.000000,0.820317,ALLOW
3003,0.000000,0.000000,0.884578,ALLOW
3004,0.661176,1.000000,0.382383,PAUSE
3005,0.000000,1.000000,0.157759,PAUSE
3006,0.000000,0.000000,0.096241,PAUSE
3007,0.000000,0.000000,0.144044,PAUSE
3008,0.000000,0.000000,0.269127,PAUSE
3009,0.000000,0.000000,0.428617,PAUSE
3010,0.000000,0.000000,0.583673,ALLOW
3011,0.000000,0.000000,0.712476,ALLOW
3012,0.661176,1.000000,0.311087,PAUSE
3013,0.000000,1.000000,0.128988,PAUSE
3014,0.000000,0.000000,0.083677,PAUSE
3015,0.000000,0.000000,0.136988,PAUSE
3016,0.661176,1.000000,0.065204,PAUSE
3017,0.000000,1.000000,0.028705,PAUSE
3018,0.000000,0.000000,0.034525,PAUSE
3019,0.000000,0.000000,0.098687,PAUSE
3020,0.661176,1.000000,0.048714,PAUSE
3021,0.000000,1.000000,0.021928,PAUSE
3022,0.661176,1.000000,0.009870,PAUSE
3023,0.000000,1.000000,0.004629,PAUSE
3024,0.000000,0.000000,0.012109,PAUSE
3025,0.000000,0.000000,0.057071,PAUSE
3026,0.000000,0.000000,0.161503,PAUSE
3027,0.000000,0.000000,0.313751,PAUSE
3028,0.000000,0.000000,0.479609,PAUSE
3029,0.000000,0.000000,0.629106,ALLOW
3030,0.000000,0.000000,0.747898,ALLOW
3031,0.000000,0.000000,0.834566,ALLOW
3032,0.000000,0.000000,0.894191,ALLOW
3033,0.000000,0.000000,0.933571,ALLOW
3034,0.000000,0.000000,0.958847,ALLOW
3035,0.000000,0.000000,0.974747,ALLOW
3036,0.661176,1.000000,0.419508,PAUSE
3037,0.000000,1.000000,0.172715,PAUSE
3038,0.661176,1.000000,0.070757,PAUSE
3039,0.000000,1.000000,0.029178,PAUSE
3040,0.661176,1.000000,0.012265,PAUSE
3041,0.000000,1.000000,0.005377,PAUSE
3042,0.000000,0.000000,0.010370,PAUSE
3043,0.000000,0.000000,0.049873,PAUSE
3044,0.000000,0.000000,0.147992,PAUSE
3045,0.000000,0.000000,0.296702,PAUSE
3046,0.000000,0.000000,0.462765,PAUSE
3047,0.661176,1.000000,0.206504,PAUSE
3048,0.000000,1.000000,0.086644,PAUSE
3049,0.000000,0.000000,0.064527,PAUSE
3050,0.000000,0.000000,0.124984,PAUSE
3051,0.000000,0.000000,0.253743,PAUSE
3052,0.000000,0.000000,0.415345,PAUSE
3053,0.000000,0.000000,0.572854,ALLOW
3054,0.000000,0.000000,0.704297,ALLOW
3055,0.000000,0.000000,0.803348,ALLOW
3056,0.000000,0.000000,0.873007,ALLOW
3057,0.000000,0.000000,0.919718,ALLOW
3058,0.000000,0.000000,0.950018,ALLOW
3059,0.000000,0.000000,0.969221,ALLOW
3060,0.000000,0.000000,0.981193,ALLOW
3061,0.000000,0.000000,0.988572,ALLOW
3062,0.000000,0.000000,0.993082,ALLOW
3063,0.000000,0.000000,0.995824,ALLOW
3064,0.000000,0.000000,0.997484,ALLOW
3065,0.000000,0.000000,0.998486,ALLOW
3066,0.000000,0.000000,0.999090,ALLOW
3067,0.000000,0.000000,0.999453,ALLOW
3068,0.000000,0.000000,0.999672,ALLOW
3069,0.000000,0.000000,0.999803,ALLOW
3070,0.000000,0.000000,0.999882,ALLOW
3071,0.000000,0.000000,0.999929,ALLOW
3072,0.661176,1.000000,0.429843,PAUSE
3073,0.000000,1.000000,0.176875,PAUSE
3074,0.000000,0.000000,0.104431,PAUSE
3075,0.000000,0.000000,0.148355,PAUSE
3076,0.000000,0.000000,0.272094,PAUSE
3077,0.000000,0.000000,0.430933,PAUSE
3078,0.000000,0.000000,0.585469,ALLOW
3079,0.000000,0.000000,0.713801,ALLOW
3080,0.000000,0.000000,0.810081,ALLOW
3081,0.000000,0.000000,0.877558,ALLOW
3082,0.000000,0.000000,0.922690,ALLOW
3083,0.000000,0.000000,0.951912,ALLOW
3084,0.000000,0.000000,0.970407,ALLOW
3085,0.000000,0.000000,0.981926,ALLOW
3086,0.000000,0.000000,0.989021,ALLOW
3087,0.000000,0.000000,0.993356,ALLOW
3088,0.000000,0.000000,0.995990,ALLOW
3089,0.000000,0.000000,0.997584,ALLOW
3090,0.000000,0.000000,0.998546,ALLOW
3091,0.000000,0.000000,0.999126,ALLOW
3092,0.000000,0.000000,0.999475,ALLOW
3093,0.000000,0.000000,0.999685,ALLOW
3094,0.000000,0.000000,0.999811,ALLOW
3095,0.000000,0.000000,0.999886,ALLOW
3096,0.000000,0.000000,0.999932,ALLOW
3097,0.661176,1.000000,0.429844,PAUSE
3098,0.000000,1.000000,0.176875,PAUSE
3099,0.000000,0.000000,0.104431,PAUSE
3100,0.661176,1.000000,0.047079,PAUSE
3101,0.000000,1.000000,0.020582,PAUSE
3102,0.000000,0.000000,0.026314,PAUSE
3103,0.000000,0.000000,0.083908,PAUSE
3104,0.000000,0.000000,0.203628,PAUSE
3105,0.000000,0.000000,0.363049,PAUSE
3106,0.000000,0.000000,0.526319,ALLOW
3107,0.000000,0.000000,0.667493,ALLOW
3108,0.000000,0.000000,0.776552,ALLOW
3109,0.000000,0.000000,0.854590,ALLOW
3110,0.000000,0.000000,0.907561,ALLOW
3111,0.000000,0.000000,0.942218,ALLOW
3112,0.000000,0.000000,0.964315,ALLOW
3113,0.000000,0.000000,0.978151,ALLOW
3114,0.661176,1.000000,0.420906,PAUSE
3115,0.000000,1.000000,0.173278,PAUSE
3116,0.000000,0.000000,0.102900,PAUSE
3117,0.000000,0.000000,0.147568,PAUSE
3118,0.000000,0.000000,0.271570,PAUSE
3119,0.000000,0.000000,0.430533,PAUSE
3120,0.000000,0.000000,0.585163,ALLOW
3121,0.000000,0.000000,0.713576,ALLOW
3122,0.000000,0.000000,0.809924,ALLOW
3123,0.000000,0.000000,0.877453,ALLOW
3124,0.000000,0.000000,0.922622,ALLOW
3125,0.661176,1.000000,0.398066,PAUSE
3126,0.000000,1.000000,0.164079,PAUSE
3127,0.000000,0.000000,0.098962,PAUSE
3128,0.000000,0.000000,0.145502,PAUSE
3129,0.000000,0.000000,0.270154,PAUSE
3130,0.000000,0.000000,0.429431,PAUSE
3131,0.000000,0.000000,0.584309,ALLOW
3132,0.000000,0.000000,0.712948,ALLOW
3133,0.000000,0.000000,0.809483,ALLOW
3134,0.661176,1.000000,0.351344,PAUSE
3135,0.000000,1.000000,0.145241,PAUSE
3136,0.000000,0.000000,0.090810,PAUSE
3137,0.000000,0.000000,0.141061,PAUSE
3138,0.000000,0.000000,0.266958,PAUSE
3139,0.000000,0.000000,0.426859,PAUSE
3140,0.000000,0.000000,0.582284,ALLOW
3141,0.000000,0.000000,0.711442,ALLOW
3142,0.000000,0.000000,0.808425,ALLOW
3143,0.000000,0.000000,0.876444,ALLOW
3144,0.661176,1.000000,0.379025,PAUSE
3145,0.000000,1.000000,0.156405,PAUSE
3146,0.661176,1.000000,0.064210,PAUSE
3147,0.000000,1.000000,0.026552,PAUSE
3148,0.000000,0.000000,0.022488,PAUSE
3149,0.000000,0.000000,0.065995,PAUSE
3150,0.661176,1.000000,0.033674,PAUSE
3151,0.000000,1.000000,0.015586,PAUSE
3152,0.000000,0.000000,0.026491,PAUSE
3153,0.000000,0.000000,0.089157,PAUSE
3154,0.661176,1.000000,0.044483,PAUSE
3155,0.000000,1.000000,0.020168,PAUSE
3156,0.000000,0.000000,0.029778,PAUSE
3157,0.000000,0.000000,0.093807,PAUSE
3158,0.661176,1.000000,0.046566,PAUSE
3159,0.000000,1.000000,0.021037,PAUSE
3160,0.000000,0.000000,0.030321,PAUSE
3161,0.000000,0.000000,0.094466,PAUSE
3162,0.661176,1.000000,0.046859,PAUSE
3163,0.000000,1.000000,0.021159,PAUSE
3164,0.000000,0.000000,0.030395,PAUSE
3165,0.000000,0.000000,0.094554,PAUSE
3166,0.000000,0.000000,0.220128,PAUSE
3167,0.000000,0.000000,0.381642,PAUSE
3168,0.000000,0.000000,0.543413,ALLOW
3169,0.661176,1.000000,0.240460,PAUSE
3170,0.661176,0.000000,0.120352,PAUSE
3171,0.000000,1.000000,0.057388,PAUSE
3172,0.000000,0.000000,0.072030,PAUSE
3173,0.000000,0.000000,0.162403,PAUSE
3174,0.000000,0.000000,0.308589,PAUSE
3175,0.000000,0.000000,0.472814,PAUSE
3176,0.661176,1.000000,0.210721,PAUSE
3177,0.000000,1.000000,0.088353,PAUSE
3178,0.000000,0.000000,0.065309,PAUSE
3179,0.000000,0.000000,0.125493,PAUSE
3180,0.000000,0.000000,0.254189,PAUSE
3181,0.000000,0.000000,0.415747,PAUSE
3182,0.000000,0.000000,0.573189,ALLOW
3183,0.000000,0.000000,0.704553,ALLOW
3184,0.000000,0.000000,0.803530,ALLOW
3185,0.000000,0.000000,0.873131,ALLOW
3186,0.661176,1.000000,0.377658,PAUSE
3187,0.000000,1.000000,0.155854,PAUSE
3188,0.000000,0.000000,0.095418,PAUSE
3189,0.000000,0.000000,0.143598,PAUSE
3190,0.000000,0.000000,0.268808,PAUSE
3191,0.000000,0.000000,0.428361,PAUSE
3192,0.000000,0.000000,0.583472,ALLOW
3193,0.000000,0.000000,0.712327,ALLOW
3194,0.000000,0.000000,0.809048,ALLOW
3195,0.661176,1.000000,0.351164,PAUSE
3196,0.000000,1.000000,0.145169,PAUSE
3197,0.661176,1.000000,0.059696,PAUSE
3198,0.000000,1.000000,0.024740,PAUSE
3199,0.000000,0.000000,0.021714,PAUSE
3200,0.000000,0.000000,0.065543,PAUSE
3201,0.000000,0.000000,0.172143,PAUSE
3202,0.000000,0.000000,0.325742,PAUSE
3203,0.000000,0.000000,0.490962,PAUSE
3204,0.000000,0.000000,0.638487,ALLOW
3205,0.000000,0.000000,0.754940,ALLOW
3206,0.661176,1.000000,0.328738,PAUSE
3207,0.000000,1.000000,0.136118,PAUSE
3208,0.000000,0.000000,0.086821,PAUSE
3209,0.000000,0.000000,0.138811,PAUSE
3210,0.000000,0.000000,0.265267,PAUSE
3211,0.000000,0.000000,0.425461,PAUSE
3212,0.000000,0.000000,0.581168,ALLOW
3213,0.661176,1.000000,0.256272,PAUSE
3214,0.661176,0.000000,0.126785,PAUSE
3215,0.000000,1.000000,0.060063,PAUSE
3216,0.000000,0.000000,0.073422,PAUSE
3217,0.000000,0.000000,0.163485,PAUSE
3218,0.000000,0.000000,0.309596,PAUSE
3219,0.000000,0.000000,0.473711,PAUSE
3220,0.000000,0.000000,0.623601,ALLOW
3221,0.000000,0.000000,0.743551,ALLOW
3222,0.661176,1.000000,0.324008,PAUSE
3223,0.000000,1.000000,0.134208,PAUSE
3224,0.000000,0.000000,0.085980,PAUSE
3225,0.000000,0.000000,0.138327,PAUSE
3226,0.000000,0.000000,0.264895,PAUSE
3227,0.000000,0.000000,0.425149,PAUSE
3228,0.000000,0.000000,0.580917,ALLOW
3229,0.661176,1.000000,0.256168,PAUSE
3230,0.000000,1.000000,0.106776,PAUSE
3231,0.000000,0.000000,0.073746,PAUSE
3232,0.661176,1.000000,0.034551,PAUSE
3233,0.000000,1.000000,0.015520,PAUSE
3234,0.000000,0.000000,0.023972,PAUSE
3235,0.000000,0.000000,0.082197,PAUSE
3236,0.000000,0.000000,0.201866,PAUSE
3237,0.000000,0.000000,0.361272,PAUSE
3238,0.000000,0.000000,0.524736,ALLOW
3239,0.000000,0.000000,0.666233,ALLOW
3240,0.000000,0.000000,0.775628,ALLOW
3241,0.000000,0.000000,0.853952,ALLOW
3242,0.000000,0.000000,0.907138,ALLOW
3243,0.000000,0.000000,0.941946,ALLOW
3244,0.000000,0.000000,0.964144,ALLOW
3245,0.000000,0.000000,0.978044,ALLOW
3246,0.000000,0.000000,0.986638,ALLOW
3247,0.661176,1.000000,0.424391,PAUSE
3248,0.000000,1.000000,0.174680,PAUSE
3249,0.661176,1.000000,0.071546,PAUSE
3250,0.000000,1.000000,0.029495,PAUSE
3251,0.000000,0.000000,0.023734,PAUSE
3252,0.661176,1.000000,0.012341,PAUSE
3253,0.000000,1.000000,0.006142,PAUSE
3254,0.000000,0.000000,0.016908,PAUSE
3255,0.000000,0.000000,0.070914,PAUSE
3256,0.000000,0.000000,0.185251,PAUSE
3257,0.000000,0.000000,0.342393,PAUSE
3258,0.000000,0.000000,0.507148,ALLOW
3259,0.000000,0.000000,0.651932,ALLOW
3260,0.661176,1.000000,0.285878,PAUSE
3261,0.000000,1.000000,0.118800,PAUSE
3262,0.661176,1.000000,0.049095,PAUSE
3263,0.000000,1.000000,0.020483,PAUSE
3264,0.661176,1.000000,0.008775,PAUSE
3265,0.000000,1.000000,0.003974,PAUSE
3266,0.000000,0.000000,0.009746,PAUSE
3267,0.661176,1.000000,0.006164,PAUSE
3268,0.000000,1.000000,0.003517,PAUSE
3269,0.661176,1.000000,0.002069,PAUSE
3270,0.000000,1.000000,0.001330,PAUSE
3271,0.661176,1.000000,0.000958,PAUSE
3272,0.000000,1.000000,0.000768,PAUSE
3273,0.000000,0.000000,0.007598,PAUSE
3274,0.000000,0.000000,0.045590,PAUSE
3275,0.000000,0.000000,0.140869,PAUSE
3276,0.000000,0.000000,0.287781,PAUSE
3277,0.000000,0.000000,0.453891,PAUSE
3278,0.000000,0.000000,0.607360,ALLOW
3279,0.000000,0.000000,0.731356,ALLOW
3280,0.000000,0.000000,0.822856,ALLOW
3281,0.000000,0.000000,0.886302,ALLOW
3282,0.000000,0.000000,0.928437,ALLOW
3283,0.000000,0.000000,0.955586,ALLOW
3284,0.000000,0.000000,0.972710,ALLOW
3285,0.000000,0.000000,0.983351,ALLOW
3286,0.000000,0.000000,0.989894,ALLOW
3287,0.000000,0.000000,0.993888,ALLOW
3288,0.000000,0.000000,0.996312,ALLOW
3289,0.000000,0.000000,0.997779,ALLOW
3290,0.000000,0.000000,0.998664,ALLOW
3291,0.000000,0.000000,0.999197,ALLOW
3292,0.661176,1.000000,0.429543,PAUSE
3293,0.661176,0.000000,0.196927,PAUSE
3294,0.000000,1.000000,0.088914,PAUSE
3295,0.000000,0.000000,0.087442,PAUSE
3296,0.000000,0.000000,0.173093,PAUSE
3297,0.000000,0.000000,0.317783,PAUSE
3298,0.000000,0.000000,0.480707,PAUSE
3299,0.661176,1.000000,0.214034,PAUSE
3300,0.000000,1.000000,0.089696,PAUSE
3301,0.000000,0.000000,0.065924,PAUSE
3302,0.000000,0.000000,0.125894,PAUSE
3303,0.000000,0.000000,0.254539,PAUSE
3304,0.000000,0.000000,0.416063,PAUSE
3305,0.000000,0.000000,0.573452,ALLOW
3306,0.661176,1.000000,0.253048,PAUSE
3307,0.000000,1.000000,0.105513,PAUSE
3308,0.000000,0.000000,0.073178,PAUSE
3309,0.000000,0.000000,0.130627,PAUSE
3310,0.000000,0.000000,0.258680,PAUSE
3311,0.000000,0.000000,0.419789,PAUSE
3312,0.000000,0.000000,0.576549,ALLOW
3313,0.000000,0.000000,0.707117,ALLOW
3314,0.000000,0.000000,0.805360,ALLOW
3315,0.661176,1.000000,0.349638,PAUSE
3316,0.000000,1.000000,0.144553,PAUSE
3317,0.000000,0.000000,0.090511,PAUSE
3318,0.000000,0.000000,0.140895,PAUSE
3319,0.000000,0.000000,0.266835,PAUSE
3320,0.000000,0.000000,0.426759,PAUSE
3321,0.000000,0.000000,0.582204,ALLOW
3322,0.000000,0.000000,0.711383,ALLOW
3323,0.661176,1.000000,0.310633,PAUSE
3324,0.000000,1.000000,0.128805,PAUSE
3325,0.000000,0.000000,0.083596,PAUSE
3326,0.661176,1.000000,0.038592,PAUSE
3327,0.000000,1.000000,0.017157,PAUSE
3328,0.000000,0.000000,0.024754,PAUSE
3329,0.000000,0.000000,0.082820,PAUSE
3330,0.000000,0.000000,0.202548,PAUSE
3331,0.000000,0.000000,0.361976,PAUSE
3332,0.000000,0.000000,0.525369,ALLOW
3333,0.661176,1.000000,0.232880,PAUSE
3334,0.000000,1.000000,0.097343,PAUSE
3335,0.000000,0.000000,0.069464,PAUSE
3336,0.000000,0.000000,0.128263,PAUSE
3337,0.000000,0.000000,0.256658,PAUSE
3338,0.000000,0.000000,0.417990,PAUSE
3339,0.000000,0.000000,0.575062,ALLOW
3340,0.000000,0.000000,0.705985,ALLOW
3341,0.661176,1.000000,0.308391,PAUSE
3342,0.000000,1.000000,0.127899,PAUSE
3343,0.000000,0.000000,0.083197,PAUSE
3344,0.000000,0.000000,0.136711,PAUSE
3345,0.000000,0.000000,0.263640,PAUSE
3346,0.000000,0.000000,0.424090,PAUSE
3347,0.000000,0.000000,0.580063,ALLOW
3348,0.000000,0.000000,0.709777,ALLOW
3349,0.000000,0.000000,0.807248,ALLOW
3350,0.000000,0.000000,0.875650,ALLOW
3351,0.000000,0.000000,0.921447,ALLOW
3352,0.000000,0.000000,0.951121,ALLOW
3353,0.000000,0.000000,0.969912,ALLOW
3354,0.000000,0.000000,0.981621,ALLOW
3355,0.000000,0.000000,0.988834,ALLOW
3356,0.000000,0.000000,0.993242,ALLOW
3357,0.000000,0.000000,0.995921,ALLOW
3358,0.000000,0.000000,0.997542,ALLOW
3359,0.000000,0.000000,0.998521,ALLOW
3360,0.000000,0.000000,0.999111,ALLOW
3361,0.661176,1.000000,0.429508,PAUSE
3362,0.000000,1.000000,0.176740,PAUSE
3363,0.000000,0.000000,0.104373,PAUSE
3364,0.000000,0.000000,0.148326,PAUSE
3365,0.000000,0.000000,0.272075,PAUSE
3366,0.000000,0.000000,0.430918,PAUSE
3367,0.000000,0.000000,0.585458,ALLOW
3368,0.661176,1.000000,0.258062,PAUSE
3369,0.000000,1.000000,0.107542,PAUSE
3370,0.000000,0.000000,0.074089,PAUSE
3371,0.661176,1.000000,0.034691,PAUSE
3372,0.000000,1.000000,0.015577,PAUSE
3373,0.000000,0.000000,0.024000,PAUSE
3374,0.000000,0.000000,0.082219,PAUSE
3375,0.000000,0.000000,0.201890,PAUSE
3376,0.000000,0.000000,0.361297,PAUSE
3377,0.000000,0.000000,0.524759,ALLOW
3378,0.000000,0.000000,0.666251,ALLOW
3379,0.000000,0.000000,0.775641,ALLOW
3380,0.000000,0.000000,0.853961,ALLOW
3381,0.000000,0.000000,0.907144,ALLOW
3382,0.000000,0.000000,0.941950,ALLOW
3383,0.000000,0.000000,0.964146,ALLOW
3384,0.000000,0.000000,0.978046,ALLOW
3385,0.000000,0.000000,0.986639,ALLOW
3386,0.000000,0.000000,0.991904,ALLOW
3387,0.000000,0.000000,0.995109,ALLOW
3388,0.000000,0.000000,0.997052,ALLOW
3389,0.000000,0.000000,0.998225,ALLOW
3390,0.000000,0.000000,0.998933,ALLOW
3391,0.000000,0.000000,0.999359,ALLOW
3392,0.661176,1.000000,0.429609,PAUSE
3393,0.661176,0.000000,0.196953,PAUSE
3394,0.000000,1.000000,0.088925,PAUSE
3395,0.661176,1.000000,0.038153,PAUSE
3396,0.000000,1.000000,0.016398,PAUSE
3397,0.000000,0.000000,0.020511,PAUSE
3398,0.000000,0.000000,0.071017,PAUSE
3399,0.661176,1.000000,0.036119,PAUSE
3400,0.000000,1.000000,0.016639,PAUSE
3401,0.661176,1.000000,0.007686,PAUSE
3402,0.661176,0.000000,0.016225,PAUSE
3403,0.000000,1.000000,0.009508,PAUSE
3404,0.000000,0.000000,0.028870,PAUSE
3405,0.000000,0.000000,0.100822,PAUSE
3406,0.000000,0.000000,0.231620,PAUSE
3407,0.000000,0.000000,0.394836,PAUSE
3408,0.000000,0.000000,0.555516,ALLOW
3409,0.000000,0.000000,0.690930,ALLOW
3410,0.661176,1.000000,0.302131,PAUSE
3411,0.000000,1.000000,0.125370,PAUSE
3412,0.000000,0.000000,0.082080,PAUSE
3413,0.000000,0.000000,0.136059,PAUSE
3414,0.661176,1.000000,0.064814,PAUSE
3415,0.661176,0.000000,0.047344,PAUSE
3416,0.000000,1.000000,0.025874,PAUSE
3417,0.661176,1.000000,0.012406,PAUSE
3418,0.000000,1.000000,0.005954,PAUSE
3419,0.000000,0.000000,0.015234,PAUSE
3420,0.000000,0.000000,0.065887,PAUSE
3421,0.000000,0.000000,0.176756,PAUSE
3422,0.000000,0.000000,0.332287,PAUSE
3423,0.000000,0.000000,0.497524,PAUSE
3424,0.000000,0.000000,0.644006,ALLOW
3425,0.661176,1.000000,0.282571,PAUSE
3426,0.000000,1.000000,0.117463,PAUSE
3427,0.000000,0.000000,0.078560,PAUSE
3428,0.000000,0.000000,0.133958,PAUSE
3429,0.000000,0.000000,0.261449,PAUSE
3430,0.000000,0.000000,0.422215,PAUSE
3431,0.000000,0.000000,0.578541,ALLOW
3432,0.000000,0.000000,0.708629,ALLOW
3433,0.000000,0.000000,0.806434,ALLOW
3434,0.000000,0.000000,0.875100,ALLOW
3435,0.661176,1.000000,0.378471,PAUSE
3436,0.000000,1.000000,0.156182,PAUSE
3437,0.000000,0.000000,0.095559,PAUSE
3438,0.000000,0.000000,0.143675,PAUSE
3439,0.000000,0.000000,0.268863,PAUSE
3440,0.000000,0.000000,0.428405,PAUSE
3441,0.000000,0.000000,0.583507,ALLOW
3442,0.000000,0.000000,0.712353,ALLOW
3443,0.661176,1.000000,0.311036,PAUSE
3444,0.000000,1.000000,0.128967,PAUSE
3445,0.000000,0.000000,0.083668,PAUSE
3446,0.000000,0.000000,0.136983,PAUSE
3447,0.000000,0.000000,0.263850,PAUSE
3448,0.000000,0.000000,0.424268,PAUSE
3449,0.000000,0.000000,0.580206,ALLOW
3450,0.661176,1.000000,0.255871,PAUSE
3451,0.000000,1.000000,0.106656,PAUSE
3452,0.000000,0.000000,0.073692,PAUSE
3453,0.000000,0.000000,0.130944,PAUSE
3454,0.000000,0.000000,0.258943,PAUSE
3455,0.000000,0.000000,0.420019,PAUSE
3456,0.000000,0.000000,0.576738,ALLOW
3457,0.000000,0.000000,0.707261,ALLOW
3458,0.000000,0.000000,0.805462,ALLOW
3459,0.000000,0.000000,0.874442,ALLOW
3460,0.000000,0.000000,0.920657,ALLOW
3461,0.000000,0.000000,0.950617,ALLOW
3462,0.000000,0.000000,0.969597,ALLOW
3463,0.000000,0.000000,0.981426,ALLOW
3464,0.000000,0.000000,0.988714,ALLOW
3465,0.000000,0.000000,0.993169,ALLOW
3466,0.661176,1.000000,0.427071,PAUSE
3467,0.661176,0.000000,0.195930,PAUSE
3468,0.000000,1.000000,0.088508,PAUSE
3469,0.000000,0.000000,0.087257,PAUSE
3470,0.000000,0.000000,0.172982,PAUSE
3471,0.000000,0.000000,0.317699,PAUSE
3472,0.000000,0.000000,0.480640,PAUSE
3473,0.000000,0.000000,0.629112,ALLOW
3474,0.000000,0.000000,0.747624,ALLOW
3475,0.000000,0.000000,0.834277,ALLOW
3476,0.000000,0.000000,0.893963,ALLOW
3477,0.000000,0.000000,0.933411,ALLOW
3478,0.000000,0.000000,0.958740,ALLOW
3479,0.000000,0.000000,0.974678,ALLOW
3480,0.000000,0.000000,0.984565,ALLOW
3481,0.661176,1.000000,0.423539,PAUSE
3482,0.000000,1.000000,0.174338,PAUSE
3483,0.000000,0.000000,0.103351,PAUSE
3484,0.000000,0.000000,0.147802,PAUSE
3485,0.000000,0.000000,0.271726,PAUSE
3486,0.661176,1.000000,0.124720,PAUSE
3487,0.000000,1.000000,0.053287,PAUSE
3488,0.000000,0.000000,0.048234,PAUSE
3489,0.661176,1.000000,0.023932,PAUSE
3490,0.661176,0.000000,0.028607,PAUSE
3491,0.000000,1.000000,0.016631,PAUSE
3492,0.661176,1.000000,0.008380,PAUSE
3493,0.000000,1.000000,0.004245,PAUSE
3494,0.000000,0.000000,0.013769,PAUSE
3495,0.000000,0.000000,0.063093,PAUSE
3496,0.000000,0.000000,0.172281,PAUSE
3497,0.000000,0.000000,0.326977,PAUSE
3498,0.000000,0.000000,0.492449,PAUSE
3499,0.000000,0.000000,0.639812,ALLOW
3500,0.000000,0.000000,0.755964,ALLOW
3501,0.661176,1.000000,0.329164,PAUSE
3502,0.000000,1.000000,0.136290,PAUSE
3503,0.000000,0.000000,0.086897,PAUSE
3504,0.661176,1.000000,0.039941,PAUSE
3505,0.661176,0.000000,0.035313,PAUSE
3506,0.000000,1.000000,0.019525,PAUSE
3507,0.661176,1.000000,0.009579,PAUSE
3508,0.000000,1.000000,0.004738,PAUSE
3509,0.000000,0.000000,0.014071,PAUSE
3510,0.000000,0.000000,0.063512,PAUSE
3511,0.000000,0.000000,0.172906,PAUSE
3512,0.000000,0.000000,0.327708,PAUSE
3513,0.000000,0.000000,0.493145,PAUSE
3514,0.000000,0.000000,0.640387,ALLOW
3515,0.000000,0.000000,0.756395,ALLOW
3516,0.000000,0.000000,0.840540,ALLOW
3517,0.000000,0.000000,0.898196,ALLOW
3518,0.000000,0.000000,0.936169,ALLOW
3519,0.661176,1.000000,0.403644,PAUSE
3520,0.000000,1.000000,0.166326,PAUSE
3521,0.000000,0.000000,0.099927,PAUSE
3522,0.000000,0.000000,0.146013,PAUSE
3523,0.661176,1.000000,0.068965,PAUSE
3524,0.000000,1.000000,0.030232,PAUSE
3525,0.000000,0.000000,0.035256,PAUSE
3526,0.000000,0.000000,0.099245,PAUSE
3527,0.000000,0.000000,0.225627,PAUSE
3528,0.000000,0.000000,0.387327,PAUSE
3529,0.000000,0.000000,0.548465,ALLOW
3530,0.000000,0.000000,0.685239,ALLOW
3531,0.000000,0.000000,0.789574,ALLOW
3532,0.000000,0.000000,0.863585,ALLOW
3533,0.000000,0.000000,0.913518,ALLOW
3534,0.661176,1.000000,0.394316,PAUSE
3535,0.661176,0.000000,0.182715,PAUSE
3536,0.000000,1.000000,0.083111,PAUSE
3537,0.000000,0.000000,0.084758,PAUSE
3538,0.000000,0.000000,0.171438,PAUSE
3539,0.000000,0.000000,0.316494,PAUSE
3540,0.000000,0.000000,0.479655,PAUSE
3541,0.000000,0.000000,0.628346,ALLOW
3542,0.000000,0.000000,0.747064,ALLOW
3543,0.000000,0.000000,0.833889,ALLOW
3544,0.000000,0.000000,0.893705,ALLOW
3545,0.661176,1.000000,0.386147,PAUSE
3546,0.661176,0.000000,0.179282,PAUSE
3547,0.661176,0.000000,0.083923,PAUSE
3548,0.661176,1.000000,0.041547,PAUSE
3549,0.000000,1.000000,0.019948,PAUSE
3550,0.000000,0.000000,0.034567,PAUSE
3551,0.000000,0.000000,0.106311,PAUSE
3552,0.000000,0.000000,0.237914,PAUSE
3553,0.000000,0.000000,0.401222,PAUSE
3554,0.000000,0.000000,0.561117,ALLOW
3555,0.000000,0.000000,0.695321,ALLOW
3556,0.000000,0.000000,0.796933,ALLOW
3557,0.000000,0.000000,0.868646,ALLOW
3558,0.661176,1.000000,0.375807,PAUSE
3559,0.000000,1.000000,0.155108,PAUSE
3560,0.661176,1.000000,0.063689,PAUSE
3561,0.661176,0.000000,0.041744,PAUSE
3562,0.000000,1.000000,0.020270,PAUSE
3563,0.000000,0.000000,0.035845,PAUSE
3564,0.000000,0.000000,0.109202,PAUSE
3565,0.000000,0.000000,0.242071,PAUSE
3566,0.000000,0.000000,0.405696,PAUSE
3567,0.000000,0.000000,0.565110,ALLOW
3568,0.000000,0.000000,0.698471,ALLOW
3569,0.000000,0.000000,0.799219,ALLOW
3570,0.000000,0.000000,0.870213,ALLOW
3571,0.000000,0.000000,0.917891,ALLOW
3572,0.000000,0.000000,0.948853,ALLOW
3573,0.000000,0.000000,0.968491,ALLOW
3574,0.000000,0.000000,0.980742,ALLOW
3575,0.000000,0.000000,0.988295,ALLOW
3576,0.000000,0.000000,0.992914,ALLOW
3577,0.000000,0.000000,0.995722,ALLOW
3578,0.661176,1.000000,0.428118,PAUSE
3579,0.000000,1.000000,0.176181,PAUSE
3580,0.000000,0.000000,0.104136,PAUSE
3581,0.000000,0.000000,0.148205,PAUSE
3582,0.661176,1.000000,0.069872,PAUSE
3583,0.000000,1.000000,0.030599,PAUSE
3584,0.000000,0.000000,0.035427,PAUSE
3585,0.000000,0.000000,0.099366,PAUSE
3586,0.000000,0.000000,0.225744,PAUSE
3587,0.000000,0.000000,0.387441,PAUSE
3588,0.000000,0.000000,0.548562,ALLOW
3589,0.000000,0.000000,0.685316,ALLOW
3590,0.000000,0.000000,0.789629,ALLOW
3591,0.661176,1.000000,0.343124,PAUSE
3592,0.000000,1.000000,0.141925,PAUSE
3593,0.000000,0.000000,0.089364,PAUSE
3594,0.000000,0.000000,0.140253,PAUSE
3595,0.000000,0.000000,0.266357,PAUSE
3596,0.000000,0.000000,0.426366,PAUSE
3597,0.000000,0.000000,0.581892,ALLOW
3598,0.000000,0.000000,0.711149,ALLOW
3599,0.000000,0.000000,0.808218,ALLOW
3600,0.000000,0.000000,0.876305,ALLOW
3601,0.000000,0.000000,0.921874,ALLOW
3602,0.661176,1.000000,0.397758,PAUSE
3603,0.000000,1.000000,0.163955,PAUSE
3604,0.000000,0.000000,0.098909,PAUSE
3605,0.000000,0.000000,0.145473,PAUSE
3606,0.000000,0.000000,0.270134,PAUSE
3607,0.661176,1.000000,0.124053,PAUSE
3608,0.000000,1.000000,0.053016,PAUSE
3609,0.000000,0.000000,0.048107,PAUSE
3610,0.000000,0.000000,0.112380,PAUSE
3611,0.661176,1.000000,0.054721,PAUSE
3612,0.000000,1.000000,0.024413,PAUSE
3613,0.661176,1.000000,0.010887,PAUSE
3614,0.000000,1.000000,0.005044,PAUSE
3615,0.000000,0.000000,0.012350,PAUSE
3616,0.000000,0.000000,0.057394,PAUSE
3617,0.000000,0.000000,0.161994,PAUSE
3618,0.000000,0.000000,0.314336,PAUSE
3619,0.000000,0.000000,0.480174,PAUSE
3620,0.661176,1.000000,0.213852,PAUSE
3621,0.000000,1.000000,0.089626,PAUSE
3622,0.000000,0.000000,0.065912,PAUSE
3623,0.000000,0.000000,0.125920,PAUSE
3624,0.000000,0.000000,0.254588,PAUSE
3625,0.000000,0.000000,0.416117,PAUSE
3626,0.000000,0.000000,0.573501,ALLOW
3627,0.000000,0.000000,0.704792,ALLOW
3628,0.000000,0.000000,0.803702,ALLOW
3629,0.000000,0.000000,0.873247,ALLOW
3630,0.000000,0.000000,0.919875,ALLOW
3631,0.000000,0.000000,0.950119,ALLOW
3632,0.000000,0.000000,0.969284,ALLOW
3633,0.000000,0.000000,0.981232,ALLOW
3634,0.000000,0.000000,0.988596,ALLOW
3635,0.000000,0.000000,0.993097,ALLOW
3636,0.000000,0.000000,0.995833,ALLOW
3637,0.000000,0.000000,0.997489,ALLOW
3638,0.661176,1.000000,0.428843,PAUSE
3639,0.000000,1.000000,0.176472,PAUSE
3640,0.000000,0.000000,0.104260,PAUSE
3641,0.000000,0.000000,0.148268,PAUSE
3642,0.000000,0.000000,0.272036,PAUSE
3643,0.000000,0.000000,0.430889,PAUSE
3644,0.000000,0.000000,0.585436,ALLOW
3645,0.000000,0.000000,0.713777,ALLOW
3646,0.000000,0.000000,0.810064,ALLOW
3647,0.661176,1.000000,0.351584,PAUSE
3648,0.000000,1.000000,0.145338,PAUSE
3649,0.000000,0.000000,0.090852,PAUSE
3650,0.000000,0.000000,0.141084,PAUSE
3651,0.000000,0.000000,0.266975,PAUSE
3652,0.000000,0.000000,0.426873,PAUSE
3653,0.000000,0.000000,0.582295,ALLOW
3654,0.000000,0.000000,0.711450,ALLOW
3655,0.000000,0.000000,0.808430,ALLOW
3656,0.661176,1.000000,0.350908,PAUSE
3657,0.000000,1.000000,0.145066,PAUSE
3658,0.000000,0.000000,0.090734,PAUSE
3659,0.000000,0.000000,0.141019,PAUSE
3660,0.661176,1.000000,0.066889,PAUSE
3661,0.661176,0.000000,0.048243,PAUSE
3662,0.000000,1.000000,0.026255,PAUSE
3663,0.000000,0.000000,0.051878,PAUSE
3664,0.000000,0.000000,0.141341,PAUSE
3665,0.000000,0.000000,0.285647,PAUSE
3666,0.661176,1.000000,0.131024,PAUSE
3667,0.000000,1.000000,0.055901,PAUSE
3668,0.000000,0.000000,0.049718,PAUSE
3669,0.000000,0.000000,0.113969,PAUSE
3670,0.000000,0.000000,0.242995,PAUSE
3671,0.000000,0.000000,0.405146,PAUSE
3672,0.000000,0.000000,0.564171,ALLOW
3673,0.000000,0.000000,0.697589,ALLOW
3674,0.000000,0.000000,0.798531,ALLOW
3675,0.000000,0.000000,0.869725,ALLOW
3676,0.661176,1.000000,0.376253,PAUSE
3677,0.000000,1.000000,0.155288,PAUSE
3678,0.661176,1.000000,0.063761,PAUSE
3679,0.000000,1.000000,0.026372,PAUSE
3680,0.000000,0.000000,0.022411,PAUSE
3681,0.000000,0.000000,0.065951,PAUSE
3682,0.000000,0.000000,0.172505,PAUSE
3683,0.000000,0.000000,0.326098,PAUSE
3684,0.000000,0.000000,0.491282,PAUSE
3685,0.000000,0.000000,0.638746,ALLOW
3686,0.000000,0.000000,0.755131,ALLOW
3687,0.000000,0.000000,0.839642,ALLOW
3688,0.000000,0.000000,0.897592,ALLOW
3689,0.000000,0.000000,0.935776,ALLOW
3690,0.000000,0.000000,0.960243,ALLOW
3691,0.000000,0.000000,0.975617,ALLOW
3692,0.000000,0.000000,0.985144,ALLOW
3693,0.000000,0.000000,0.990991,ALLOW
3694,0.000000,0.000000,0.994554,ALLOW
3695,0.000000,0.000000,0.996716,ALLOW
3696,0.000000,0.000000,0.998023,ALLOW
3697,0.661176,1.000000,0.429061,PAUSE
3698,0.000000,1.000000,0.176560,PAUSE
3699,0.000000,0.000000,0.104297,PAUSE
3700,0.000000,0.000000,0.148287,PAUSE
3701,0.000000,0.000000,0.272049,PAUSE
3702,0.000000,0.000000,0.430899,PAUSE
3703,0.661176,1.000000,0.192926,PAUSE
3704,0.661176,0.000000,0.100924,PAUSE
3705,0.000000,1.000000,0.049239,PAUSE
3706,0.000000,0.000000,0.067556,PAUSE
3707,0.000000,0.000000,0.158621,PAUSE
3708,0.000000,0.000000,0.304889,PAUSE
3709,0.661176,1.000000,0.139256,PAUSE
3710,0.000000,1.000000,0.059261,PAUSE
3711,0.000000,0.000000,0.051373,PAUSE
3712,0.000000,0.000000,0.115272,PAUSE
3713,0.000000,0.000000,0.244322,PAUSE
3714,0.661176,1.000000,0.113098,PAUSE
3715,0.661176,0.000000,0.067864,PAUSE
3716,0.000000,1.000000,0.035131,PAUSE
3717,0.000000,0.000000,0.058995,PAUSE
3718,0.661176,1.000000,0.029907,PAUSE
3719,0.000000,1.000000,0.013905,PAUSE
3720,0.000000,0.000000,0.024805,PAUSE
3721,0.000000,0.000000,0.086100,PAUSE
3722,0.000000,0.000000,0.208363,PAUSE
3723,0.000000,0.000000,0.368758,PAUSE
3724,0.661176,1.000000,0.166631,PAUSE
3725,0.000000,1.000000,0.070431,PAUSE
3726,0.000000,0.000000,0.056860,PAUSE
3727,0.000000,0.000000,0.119543,PAUSE
3728,0.000000,0.000000,0.248626,PAUSE
3729,0.000000,0.000000,0.410572,PAUSE
3730,0.661176,1.000000,0.184372,PAUSE
3731,0.000000,1.000000,0.077647,PAUSE
3732,0.000000,0.000000,0.060285,PAUSE
3733,0.661176,1.000000,0.028988,PAUSE
3734,0.000000,1.000000,0.013259,PAUSE
3735,0.000000,0.000000,0.022839,PAUSE
3736,0.661176,1.000000,0.012722,PAUSE
3737,0.000000,1.000000,0.006473,PAUSE
3738,0.000000,0.000000,0.018292,PAUSE
3739,0.000000,0.000000,0.074747,PAUSE
3740,0.000000,0.000000,0.191547,PAUSE
3741,0.000000,0.000000,0.349771,PAUSE
3742,0.000000,0.000000,0.514107,ALLOW
3743,0.000000,0.000000,0.657626,ALLOW
3744,0.661176,1.000000,0.288253,PAUSE
3745,0.661176,0.000000,0.139785,PAUSE
3746,0.661176,0.000000,0.068024,PAUSE
3747,0.000000,1.000000,0.042272,PAUSE
3748,0.000000,0.000000,0.082675,PAUSE
3749,0.000000,0.000000,0.192313,PAUSE
3750,0.000000,0.000000,0.347631,PAUSE
3751,0.000000,0.000000,0.511237,ALLOW
3752,0.000000,0.000000,0.655017,ALLOW
3753,0.000000,0.000000,0.767238,ALLOW
3754,0.000000,0.000000,0.848091,ALLOW
3755,0.000000,0.000000,0.903229,ALLOW
3756,0.661176,1.000000,0.390075,PAUSE
3757,0.000000,1.000000,0.160859,PAUSE
3758,0.661176,1.000000,0.065998,PAUSE
3759,0.000000,1.000000,0.027269,PAUSE
3760,0.661176,1.000000,0.011500,PAUSE
3761,0.000000,1.000000,0.005069,PAUSE
3762,0.661176,1.000000,0.002436,PAUSE
3763,0.000000,1.000000,0.001351,PAUSE
3764,0.661176,1.000000,0.000898,PAUSE
3765,0.000000,1.000000,0.000706,PAUSE
3766,0.000000,0.000000,0.007130,PAUSE
3767,0.000000,0.000000,0.043834,PAUSE
3768,0.000000,0.000000,0.137432,PAUSE
3769,0.000000,0.000000,0.283295,PAUSE
3770,0.000000,0.000000,0.449357,PAUSE
3771,0.000000,0.000000,0.603478,ALLOW
3772,0.000000,0.000000,0.728378,ALLOW
3773,0.000000,0.000000,0.820735,ALLOW
3774,0.000000,0.000000,0.884868,ALLOW
3775,0.000000,0.000000,0.927501,ALLOW
3776,0.661176,1.000000,0.400076,PAUSE
3777,0.000000,1.000000,0.164889,PAUSE
3778,0.000000,0.000000,0.099310,PAUSE
3779,0.661176,1.000000,0.045000,PAUSE
3780,0.000000,1.000000,0.019745,PAUSE
3781,0.000000,0.000000,0.025941,PAUSE
3782,0.000000,0.000000,0.083666,PAUSE
3783,0.661176,1.000000,0.041927,PAUSE
3784,0.000000,1.000000,0.019087,PAUSE
3785,0.000000,0.000000,0.029022,PAUSE
3786,0.000000,0.000000,0.092771,PAUSE
3787,0.000000,0.000000,0.217772,PAUSE
3788,0.000000,0.000000,0.379109,PAUSE
3789,0.000000,0.000000,0.541128,ALLOW
3790,0.000000,0.000000,0.679423,ALLOW
3791,0.000000,0.000000,0.785332,ALLOW
3792,0.000000,0.000000,0.860666,ALLOW
3793,0.000000,0.000000,0.911589,ALLOW
3794,0.000000,0.000000,0.944810,ALLOW
3795,0.661176,1.000000,0.407200,PAUSE
3796,0.000000,1.000000,0.167759,PAUSE
3797,0.000000,0.000000,0.100541,PAUSE
3798,0.000000,0.000000,0.146337,PAUSE
3799,0.000000,0.000000,0.270732,PAUSE
3800,0.661176,1.000000,0.124304,PAUSE
3801,0.000000,0.000000,0.117942,PAUSE
3802,0.000000,0.000000,0.209959,PAUSE
3803,0.000000,0.000000,0.358284,PAUSE
3804,0.000000,1.000000,0.161991,PAUSE
3805,0.000000,0.000000,0.139621,PAUSE
3806,0.661176,1.000000,0.064415,PAUSE
3807,0.000000,1.000000,0.028100,PAUSE
3808,0.000000,0.000000,0.032723,PAUSE
3809,0.661176,1.000000,0.017141,PAUSE
3810,0.000000,1.000000,0.008346,PAUSE
3811,0.000000,0.000000,0.019745,PAUSE
3812,0.661176,1.000000,0.011345,PAUSE
3813,0.000000,1.000000,0.005889,PAUSE
3814,0.661176,1.000000,0.003126,PAUSE
3815,0.000000,1.000000,0.001801,PAUSE
3816,0.661176,1.000000,0.001170,PAUSE
3817,0.000000,1.000000,0.000866,PAUSE
3818,0.000000,0.000000,0.007781,PAUSE
3819,0.000000,0.000000,0.046166,PAUSE
3820,0.661176,1.000000,0.024615,PAUSE
3821,0.000000,1.000000,0.011759,PAUSE
3822,0.000000,0.000000,0.023769,PAUSE
3823,0.000000,0.000000,0.085262,PAUSE
3824,0.000000,0.000000,0.207448,PAUSE
3825,0.000000,0.000000,0.367821,PAUSE
3826,0.661176,1.000000,0.166233,PAUSE
3827,0.000000,1.000000,0.070270,PAUSE
3828,0.000000,0.000000,0.056782,PAUSE
3829,0.000000,0.000000,0.119487,PAUSE
3830,0.000000,0.000000,0.248573,PAUSE
3831,0.000000,0.000000,0.410522,PAUSE
3832,0.000000,0.000000,0.568779,ALLOW
3833,0.000000,0.000000,0.701161,ALLOW
3834,0.000000,0.000000,0.801101,ALLOW
3835,0.000000,0.000000,0.871478,ALLOW
3836,0.000000,0.000000,0.918715,ALLOW
3837,0.000000,0.000000,0.949378,ALLOW
3838,0.000000,0.000000,0.968820,ALLOW
3839,0.000000,0.000000,0.980945,ALLOW
3840,0.000000,0.000000,0.988419,ALLOW
3841,0.000000,0.000000,0.992989,ALLOW
3842,0.000000,0.000000,0.995768,ALLOW
3843,0.661176,1.000000,0.428137,PAUSE
3844,0.000000,1.000000,0.176188,PAUSE
3845,0.000000,0.000000,0.104139,PAUSE
3846,0.661176,1.000000,0.046960,PAUSE
3847,0.000000,1.000000,0.020535,PAUSE
3848,0.000000,0.000000,0.026293,PAUSE
3849,0.000000,0.000000,0.083894,PAUSE
3850,0.661176,1.000000,0.042024,PAUSE
3851,0.000000,1.000000,0.019127,PAUSE
3852,0.000000,0.000000,0.029043,PAUSE
3853,0.000000,0.000000,0.092792,PAUSE
3854,0.661176,1.000000,0.046112,PAUSE
3855,0.000000,1.000000,0.020848,PAUSE
3856,0.661176,1.000000,0.009428,PAUSE
3857,0.000000,1.000000,0.004448,PAUSE
3858,0.000000,0.000000,0.012002,PAUSE
3859,0.000000,0.000000,0.056919,PAUSE
3860,0.000000,0.000000,0.161270,PAUSE
3861,0.000000,0.000000,0.313471,PAUSE
3862,0.000000,0.000000,0.479338,PAUSE
3863,0.000000,0.000000,0.628880,ALLOW
3864,0.000000,0.000000,0.747728,ALLOW
3865,0.000000,0.000000,0.834446,ALLOW
3866,0.000000,0.000000,0.894111,ALLOW
3867,0.000000,0.000000,0.933519,ALLOW
3868,0.000000,0.000000,0.958814,ALLOW
3869,0.661176,1.000000,0.412960,PAUSE
3870,0.000000,1.000000,0.170078,PAUSE
3871,0.000000,0.000000,0.101533,PAUSE
3872,0.000000,0.000000,0.146857,PAUSE
3873,0.661176,1.000000,0.069315,PAUSE
3874,0.000000,1.000000,0.030374,PAUSE
3875,0.000000,0.000000,0.035323,PAUSE
3876,0.000000,0.000000,0.099292,PAUSE
3877,0.000000,0.000000,0.225673,PAUSE
3878,0.661176,1.000000,0.105061,PAUSE
3879,0.000000,1.000000,0.045263,PAUSE
3880,0.000000,0.000000,0.044257,PAUSE
3881,0.000000,0.000000,0.109274,PAUSE
3882,0.000000,0.000000,0.237939,PAUSE
3883,0.000000,0.000000,0.400140,PAUSE
3884,0.000000,0.000000,0.559826,ALLOW
3885,0.000000,0.000000,0.694200,ALLOW
3886,0.000000,0.000000,0.796084,ALLOW
3887,0.661176,1.000000,0.345798,PAUSE
3888,0.661176,0.000000,0.163104,PAUSE
3889,0.661176,0.000000,0.077441,PAUSE
3890,0.000000,1.000000,0.046309,PAUSE
3891,0.000000,0.000000,0.084994,PAUSE
3892,0.000000,0.000000,0.194263,PAUSE
3893,0.000000,0.000000,0.349452,PAUSE
3894,0.000000,0.000000,0.512824,ALLOW
3895,0.000000,0.000000,0.656274,ALLOW
3896,0.661176,1.000000,0.287684,PAUSE
3897,0.000000,1.000000,0.119530,PAUSE
3898,0.000000,0.000000,0.079481,PAUSE
3899,0.000000,0.000000,0.134509,PAUSE
3900,0.000000,0.000000,0.261891,PAUSE
3901,0.000000,0.000000,0.422596,PAUSE
3902,0.000000,0.000000,0.578851,ALLOW
3903,0.000000,0.000000,0.708862,ALLOW
3904,0.000000,0.000000,0.806600,ALLOW
3905,0.000000,0.000000,0.875212,ALLOW
3906,0.000000,0.000000,0.921161,ALLOW
3907,0.000000,0.000000,0.950939,ALLOW
3908,0.000000,0.000000,0.969798,ALLOW
3909,0.661176,1.000000,0.417474,PAUSE
3910,0.000000,1.000000,0.171896,PAUSE
3911,0.000000,0.000000,0.102310,PAUSE
3912,0.000000,0.000000,0.147262,PAUSE
3913,0.000000,0.000000,0.271363,PAUSE
3914,0.000000,0.000000,0.430374,PAUSE
3915,0.000000,0.000000,0.585041,ALLOW
3916,0.000000,0.000000,0.713487,ALLOW
3917,0.000000,0.000000,0.809861,ALLOW
3918,0.000000,0.000000,0.877410,ALLOW
3919,0.000000,0.000000,0.922594,ALLOW
3920,0.000000,0.000000,0.951851,ALLOW
3921,0.000000,0.000000,0.970369,ALLOW
3922,0.000000,0.000000,0.981903,ALLOW
3923,0.000000,0.000000,0.989006,ALLOW
3924,0.661176,1.000000,0.425362,PAUSE
3925,0.000000,1.000000,0.175072,PAUSE
3926,0.000000,0.000000,0.103664,PAUSE
3927,0.000000,0.000000,0.147962,PAUSE
3928,0.000000,0.000000,0.271834,PAUSE
3929,0.000000,0.000000,0.430735,PAUSE
3930,0.661176,1.000000,0.192857,PAUSE
3931,0.000000,1.000000,0.081090,PAUSE
3932,0.000000,0.000000,0.061880,PAUSE
3933,0.000000,0.000000,0.123076,PAUSE
3934,0.000000,0.000000,0.251932,PAUSE
3935,0.661176,1.000000,0.116350,PAUSE
3936,0.000000,1.000000,0.049881,PAUSE
3937,0.000000,0.000000,0.046595,PAUSE
3938,0.000000,0.000000,0.111238,PAUSE
3939,0.000000,0.000000,0.240031,PAUSE
3940,0.000000,0.000000,0.402206,PAUSE
3941,0.661176,1.000000,0.180834,PAUSE
3942,0.000000,1.000000,0.076209,PAUSE
3943,0.000000,0.000000,0.059610,PAUSE
3944,0.000000,0.000000,0.121529,PAUSE
3945,0.661176,1.000000,0.058664,PAUSE
3946,0.000000,1.000000,0.026034,PAUSE
3947,0.000000,0.000000,0.033170,PAUSE
3948,0.000000,0.000000,0.097509,PAUSE
3949,0.000000,0.000000,0.223749,PAUSE
3950,0.000000,0.000000,0.385441,PAUSE
3951,0.000000,0.000000,0.546807,ALLOW
3952,0.000000,0.000000,0.683934,ALLOW
3953,0.000000,0.000000,0.788626,ALLOW
3954,0.000000,0.000000,0.862934,ALLOW
3955,0.000000,0.000000,0.913088,ALLOW
3956,0.000000,0.000000,0.945773,ALLOW
3957,0.000000,0.000000,0.966555,ALLOW
3958,0.000000,0.000000,0.979541,ALLOW
3959,0.000000,0.000000,0.987558,ALLOW
3960,0.000000,0.000000,0.992465,ALLOW
3961,0.000000,0.000000,0.995449,ALLOW
3962,0.000000,0.000000,0.997257,ALLOW
3963,0.000000,0.000000,0.998349,ALLOW
3964,0.000000,0.000000,0.999008,ALLOW
3965,0.000000,0.000000,0.999404,ALLOW
3966,0.000000,0.000000,0.999642,ALLOW
3967,0.000000,0.000000,0.999785,ALLOW
3968,0.000000,0.000000,0.999871,ALLOW
3969,0.000000,0.000000,0.999923,ALLOW
3970,0.000000,0.000000,0.999954,ALLOW
3971,0.000000,0.000000,0.999972,ALLOW
3972,0.000000,0.000000,0.999983,ALLOW
3973,0.661176,1.000000,0.429865,PAUSE
3974,0.000000,1.000000,0.176884,PAUSE
3975,0.000000,0.000000,0.104434,PAUSE
3976,0.000000,0.000000,0.148357,PAUSE
3977,0.661176,1.000000,0.069935,PAUSE
3978,0.000000,1.000000,0.030625,PAUSE
3979,0.661176,1.000000,0.013404,PAUSE
3980,0.000000,1.000000,0.006063,PAUSE
3981,0.000000,0.000000,0.012866,PAUSE
3982,0.661176,1.000000,0.007775,PAUSE
3983,0.000000,1.000000,0.004258,PAUSE
3984,0.000000,0.000000,0.015743,PAUSE
3985,0.000000,0.000000,0.069345,PAUSE
3986,0.661176,1.000000,0.035468,PAUSE
3987,0.000000,1.000000,0.016381,PAUSE
3988,0.000000,0.000000,0.027256,PAUSE
3989,0.000000,0.000000,0.090496,PAUSE
3990,0.661176,1.000000,0.045088,PAUSE
3991,0.000000,1.000000,0.020422,PAUSE
3992,0.000000,0.000000,0.029940,PAUSE
3993,0.000000,0.000000,0.094011,PAUSE
3994,0.661176,1.000000,0.046657,PAUSE
3995,0.000000,1.000000,0.021075,PAUSE
3996,0.000000,0.000000,0.030344,PAUSE
3997,0.000000,0.000000,0.094494,PAUSE
3998,0.000000,0.000000,0.220052,PAUSE
3999,0.000000,0.000000,0.381561,PAUSE
4000,0.000000,0.000000,0.543340,ALLOW
4001,0.000000,0.000000,0.681185,ALLOW
4002,0.661176,1.000000,0.298072,PAUSE
4003,0.000000,1.000000,0.123730,PAUSE
4004,0.661176,1.000000,0.051078,PAUSE
4005,0.000000,1.000000,0.021280,PAUSE
4006,0.000000,0.000000,0.020218,PAUSE
4007,0.000000,0.000000,0.064621,PAUSE
4008,0.000000,0.000000,0.171276,PAUSE
4009,0.000000,0.000000,0.324869,PAUSE
4010,0.000000,0.000000,0.490169,PAUSE
4011,0.000000,0.000000,0.637844,ALLOW
4012,0.000000,0.000000,0.754461,ALLOW
4013,0.661176,1.000000,0.328539,PAUSE
4014,0.000000,1.000000,0.136038,PAUSE
4015,0.661176,1.000000,0.056027,PAUSE
4016,0.000000,1.000000,0.023267,PAUSE
4017,0.000000,0.000000,0.021080,PAUSE
4018,0.000000,0.000000,0.065161,PAUSE
4019,0.000000,0.000000,0.171792,PAUSE
4020,0.000000,0.000000,0.325393,PAUSE
4021,0.000000,0.000000,0.490646,PAUSE
4022,0.000000,0.000000,0.638231,ALLOW
4023,0.000000,0.000000,0.754749,ALLOW
4024,0.661176,1.000000,0.328659,PAUSE
4025,0.661176,0.000000,0.156166,PAUSE
4026,0.000000,1.000000,0.072217,PAUSE
4027,0.661176,1.000000,0.031409,PAUSE
4028,0.000000,1.000000,0.013684,PAUSE
4029,0.000000,0.000000,0.019307,PAUSE
4030,0.000000,0.000000,0.070214,PAUSE
4031,0.661176,1.000000,0.035775,PAUSE
4032,0.000000,1.000000,0.016497,PAUSE
4033,0.000000,0.000000,0.027262,PAUSE
4034,0.000000,0.000000,0.090407,PAUSE
4035,0.661176,1.000000,0.045047,PAUSE
4036,0.000000,1.000000,0.020404,PAUSE
4037,0.000000,0.000000,0.029928,PAUSE
4038,0.000000,0.000000,0.093993,PAUSE
4039,0.000000,0.000000,0.219408,PAUSE
4040,0.000000,0.000000,0.380874,PAUSE
4041,0.000000,0.000000,0.542723,ALLOW
4042,0.000000,0.000000,0.680694,ALLOW
4043,0.000000,0.000000,0.786262,ALLOW
4044,0.000000,0.000000,0.861307,ALLOW
4045,0.000000,0.000000,0.912013,ALLOW
4046,0.000000,0.000000,0.945083,ALLOW
4047,0.000000,0.000000,0.966121,ALLOW
4048,0.000000,0.000000,0.979272,ALLOW
4049,0.000000,0.000000,0.987393,ALLOW
4050,0.661176,1.000000,0.424700,PAUSE
4051,0.000000,1.000000,0.174805,PAUSE
4052,0.000000,0.000000,0.103550,PAUSE
4053,0.000000,0.000000,0.147904,PAUSE
4054,0.661176,1.000000,0.069748,PAUSE
4055,0.661176,0.000000,0.049419,PAUSE
4056,0.000000,1.000000,0.026751,PAUSE
4057,0.000000,0.000000,0.052166,PAUSE
4058,0.661176,1.000000,0.026878,PAUSE
4059,0.661176,0.000000,0.027064,PAUSE
4060,0.000000,1.000000,0.016522,PAUSE
4061,0.000000,0.000000,0.043303,PAUSE
4062,0.000000,0.000000,0.129529,PAUSE
4063,0.000000,0.000000,0.271230,PAUSE
4064,0.661176,1.000000,0.124828,PAUSE
4065,0.000000,1.000000,0.053369,PAUSE
4066,0.000000,0.000000,0.048451,PAUSE
4067,0.000000,0.000000,0.112936,PAUSE
4068,0.000000,0.000000,0.241919,PAUSE
4069,0.000000,0.000000,0.404096,PAUSE
4070,0.000000,0.000000,0.563264,ALLOW
4071,0.000000,0.000000,0.696884,ALLOW
4072,0.661176,1.000000,0.304606,PAUSE
4073,0.000000,1.000000,0.126370,PAUSE
4074,0.000000,0.000000,0.082522,PAUSE
4075,0.000000,0.000000,0.136317,PAUSE
4076,0.000000,0.000000,0.263332,PAUSE
4077,0.000000,0.000000,0.423830,PAUSE
4078,0.000000,0.000000,0.579853,ALLOW
4079,0.000000,0.000000,0.709618,ALLOW
4080,0.661176,1.000000,0.309900,PAUSE
4081,0.000000,1.000000,0.128509,PAUSE
4082,0.000000,0.000000,0.083466,PAUSE
4083,0.661176,1.000000,0.038538,PAUSE
4084,0.000000,1.000000,0.017135,PAUSE
4085,0.661176,1.000000,0.007745,PAUSE
4086,0.000000,1.000000,0.003698,PAUSE
4087,0.000000,0.000000,0.010989,PAUSE
4088,0.000000,0.000000,0.054304,PAUSE
4089,0.661176,1.000000,0.028440,PAUSE
4090,0.000000,1.000000,0.013393,PAUSE
4091,0.000000,0.000000,0.025041,PAUSE
4092,0.000000,0.000000,0.087236,PAUSE
4093,0.000000,0.000000,0.210240,PAUSE
4094,0.000000,0.000000,0.370908,PAUSE
4095,0.000000,0.000000,0.533681,ALLOW
4096,0.000000,0.000000,0.673466,ALLOW
4097,0.000000,0.000000,0.780964,ALLOW
4098,0.000000,0.000000,0.857651,ALLOW
4099,0.000000,0.000000,0.909593,ALLOW
4100,0.000000,0.000000,0.943527,ALLOW
4101,0.000000,0.000000,0.965141,ALLOW
4102,0.000000,0.000000,0.978664,ALLOW
4103,0.661176,1.000000,0.421116,PAUSE
4104,0.000000,1.000000,0.173362,PAUSE
4105,0.000000,0.000000,0.102936,PAUSE
4106,0.000000,0.000000,0.147587,PAUSE
4107,0.000000,0.000000,0.271582,PAUSE
4108,0.000000,0.000000,0.430543,PAUSE
4109,0.000000,0.000000,0.585170,ALLOW
4110,0.000000,0.000000,0.713582,ALLOW
4111,0.000000,0.000000,0.809928,ALLOW
4112,0.661176,1.000000,0.351527,PAUSE
4113,0.000000,1.000000,0.145315,PAUSE
4114,0.000000,0.000000,0.090843,PAUSE
4115,0.000000,0.000000,0.141079,PAUSE
4116,0.000000,0.000000,0.266971,PAUSE
4117,0.000000,0.000000,0.426869,PAUSE
4118,0.000000,0.000000,0.582292,ALLOW
4119,0.000000,0.000000,0.711448,ALLOW
4120,0.000000,0.000000,0.808429,ALLOW
4121,0.000000,0.000000,0.876447,ALLOW
4122,0.000000,0.000000,0.921967,ALLOW
4123,0.000000,0.000000,0.951452,ALLOW
4124,0.000000,0.000000,0.970119,ALLOW
4125,0.000000,0.000000,0.981749,ALLOW
4126,0.000000,0.000000,0.988912,ALLOW
4127,0.000000,0.000000,0.993289,ALLOW
4128,0.000000,0.000000,0.995950,ALLOW
4129,0.000000,0.000000,0.997560,ALLOW
4130,0.000000,0.000000,0.998532,ALLOW
4131,0.000000,0.000000,0.999117,ALLOW
4132,0.000000,0.000000,0.999470,ALLOW
4133,0.000000,0.000000,0.999682,ALLOW
4134,0.000000,0.000000,0.999809,ALLOW
4135,0.661176,1.000000,0.429794,PAUSE
4136,0.000000,1.000000,0.176855,PAUSE
4137,0.000000,0.000000,0.104422,PAUSE
4138,0.000000,0.000000,0.148351,PAUSE
4139,0.661176,1.000000,0.069933,PAUSE
4140,0.000000,1.000000,0.030624,PAUSE
4141,0.661176,1.000000,0.013404,PAUSE
4142,0.000000,1.000000,0.006063,PAUSE
4143,0.661176,1.000000,0.002945,PAUSE
4144,0.000000,1.000000,0.001612,PAUSE
4145,0.000000,0.000000,0.008479,PAUSE
4146,0.000000,0.000000,0.047820,PAUSE
4147,0.000000,0.000000,0.144979,PAUSE
4148,0.000000,0.000000,0.293049,PAUSE
4149,0.000000,0.000000,0.459172,PAUSE
4150,0.000000,0.000000,0.611862,ALLOW
4151,0.661176,1.000000,0.269143,PAUSE
4152,0.000000,1.000000,0.112030,PAUSE
4153,0.000000,0.000000,0.076126,PAUSE
4154,0.000000,0.000000,0.132474,PAUSE
4155,0.000000,0.000000,0.260234,PAUSE
4156,0.000000,0.000000,0.421160,PAUSE
4157,0.000000,0.000000,0.577678,ALLOW
4158,0.000000,0.000000,0.707975,ALLOW
4159,0.000000,0.000000,0.805970,ALLOW
4160,0.000000,0.000000,0.874786,ALLOW
4161,0.000000,0.000000,0.920882,ALLOW
4162,0.000000,0.000000,0.950761,ALLOW
4163,0.661176,1.000000,0.409648,PAUSE
4164,0.000000,1.000000,0.168744,PAUSE
4165,0.000000,0.000000,0.100963,PAUSE
4166,0.000000,0.000000,0.146558,PAUSE
4167,0.000000,0.000000,0.270884,PAUSE
4168,0.000000,0.000000,0.430003,PAUSE
4169,0.000000,0.000000,0.584754,ALLOW
4170,0.000000,0.000000,0.713276,ALLOW
4171,0.000000,0.000000,0.809713,ALLOW
4172,0.000000,0.000000,0.877311,ALLOW
4173,0.000000,0.000000,0.922530,ALLOW
4174,0.661176,1.000000,0.398028,PAUSE
4175,0.000000,1.000000,0.164064,PAUSE
4176,0.000000,0.000000,0.098955,PAUSE
4177,0.000000,0.000000,0.145498,PAUSE
4178,0.000000,0.000000,0.270151,PAUSE
4179,0.000000,0.000000,0.429429,PAUSE
4180,0.661176,1.000000,0.192310,PAUSE
4181,0.000000,0.000000,0.156139,PAUSE
4182,0.000000,0.000000,0.240507,PAUSE
4183,0.000000,0.000000,0.385662,PAUSE
4184,0.000000,1.000000,0.173555,PAUSE
4185,0.000000,0.000000,0.145710,PAUSE
4186,0.000000,0.000000,0.232359,PAUSE
4187,0.000000,0.000000,0.378506,PAUSE
4188,0.000000,0.000000,0.535712,ALLOW
4189,0.000000,0.000000,0.673556,ALLOW
4190,0.000000,0.000000,0.780518,ALLOW
4191,0.000000,0.000000,0.857164,ALLOW
4192,0.661176,1.000000,0.371062,PAUSE
4193,0.000000,1.000000,0.153194,PAUSE
4194,0.000000,0.000000,0.094266,PAUSE
4195,0.661176,1.000000,0.042947,PAUSE
4196,0.000000,1.000000,0.018917,PAUSE
4197,0.000000,0.000000,0.025566,PAUSE
4198,0.000000,0.000000,0.083411,PAUSE
4199,0.000000,0.000000,0.203155,PAUSE
4200,0.661176,1.000000,0.095268,PAUSE
4201,0.000000,1.000000,0.041242,PAUSE
4202,0.000000,0.000000,0.042139,PAUSE
4203,0.661176,1.000000,0.021361,PAUSE
4204,0.000000,1.000000,0.010132,PAUSE
4205,0.000000,0.000000,0.021099,PAUSE
4206,0.000000,0.000000,0.079274,PAUSE
4207,0.000000,0.000000,0.198207,PAUSE
4208,0.000000,0.000000,0.357321,PAUSE
4209,0.000000,0.000000,0.521130,ALLOW
4210,0.000000,0.000000,0.663329,ALLOW
4211,0.000000,0.000000,0.773488,ALLOW
4212,0.661176,1.000000,0.336433,PAUSE
4213,0.661176,0.000000,0.159314,PAUSE
4214,0.000000,1.000000,0.073513,PAUSE
4215,0.000000,0.000000,0.080180,PAUSE
4216,0.000000,0.000000,0.168420,PAUSE
4217,0.000000,0.000000,0.314000,PAUSE
4218,0.000000,0.000000,0.477558,PAUSE
4219,0.000000,0.000000,0.626690,ALLOW
4220,0.000000,0.000000,0.745845,ALLOW
4221,0.000000,0.000000,0.833041,ALLOW
4222,0.000000,0.000000,0.893139,ALLOW
4223,0.661176,1.000000,0.385914,PAUSE
4224,0.000000,1.000000,0.159182,PAUSE
4225,0.000000,0.000000,0.096855,PAUSE
4226,0.000000,0.000000,0.144375,PAUSE
4227,0.661176,1.000000,0.068285,PAUSE
4228,0.000000,1.000000,0.029956,PAUSE
4229,0.661176,1.000000,0.013135,PAUSE
4230,0.000000,1.000000,0.005954,PAUSE
4231,0.661176,1.000000,0.002901,PAUSE
4232,0.000000,1.000000,0.001595,PAUSE
4233,0.000000,0.000000,0.008470,PAUSE
4234,0.000000,0.000000,0.047810,PAUSE
4235,0.000000,0.000000,0.144963,PAUSE
4236,0.000000,0.000000,0.293030,PAUSE
4237,0.000000,0.000000,0.459153,PAUSE
4238,0.661176,1.000000,0.204979,PAUSE
4239,0.000000,1.000000,0.086025,PAUSE
4240,0.000000,0.000000,0.064239,PAUSE
4241,0.000000,0.000000,0.124788,PAUSE
4242,0.661176,1.000000,0.060054,PAUSE
4243,0.000000,1.000000,0.026604,PAUSE
4244,0.000000,0.000000,0.033469,PAUSE
4245,0.661176,1.000000,0.017589,PAUSE
4246,0.000000,1.000000,0.008558,PAUSE
4247,0.000000,0.000000,0.020047,PAUSE
4248,0.000000,0.000000,0.077793,PAUSE
4249,0.000000,0.000000,0.196115,PAUSE
4250,0.000000,0.000000,0.354980,PAUSE
4251,0.000000,0.000000,0.518964,ALLOW
4252,0.000000,0.000000,0.661575,ALLOW
4253,0.000000,0.000000,0.772191,ALLOW
4254,0.000000,0.000000,0.851568,ALLOW
4255,0.000000,0.000000,0.905555,ALLOW
4256,0.000000,0.000000,0.940925,ALLOW
4257,0.000000,0.000000,0.963500,ALLOW
4258,0.000000,0.000000,0.977644,ALLOW
4259,0.000000,0.000000,0.986392,ALLOW
4260,0.000000,0.000000,0.991753,ALLOW
4261,0.000000,0.000000,0.995018,ALLOW
4262,0.000000,0.000000,0.996996,ALLOW
4263,0.000000,0.000000,0.998192,ALLOW
4264,0.000000,0.000000,0.998913,ALLOW
4265,0.000000,0.000000,0.999347,ALLOW
4266,0.661176,1.000000,0.429604,PAUSE
4267,0.000000,1.000000,0.176779,PAUSE
4268,0.000000,0.000000,0.104390,PAUSE
4269,0.661176,1.000000,0.047062,PAUSE
4270,0.000000,1.000000,0.020576,PAUSE
4271,0.000000,0.000000,0.026311,PAUSE
4272,0.000000,0.000000,0.083906,PAUSE
4273,0.000000,0.000000,0.203626,PAUSE
4274,0.661176,1.000000,0.095470,PAUSE
4275,0.000000,1.000000,0.041325,PAUSE
4276,0.000000,0.000000,0.042181,PAUSE
4277,0.000000,0.000000,0.107389,PAUSE
4278,0.000000,0.000000,0.235841,PAUSE
4279,0.000000,0.000000,0.398032,PAUSE
4280,0.000000,0.000000,0.557984,ALLOW
4281,0.000000,0.000000,0.692758,ALLOW
4282,0.000000,0.000000,0.795041,ALLOW
4283,0.661176,1.000000,0.345365,PAUSE
4284,0.000000,1.000000,0.142829,PAUSE
4285,0.000000,0.000000,0.089759,PAUSE
4286,0.000000,0.000000,0.140475,PAUSE
4287,0.000000,0.000000,0.266523,PAUSE
4288,0.661176,1.000000,0.122536,PAUSE
4289,0.000000,1.000000,0.052400,PAUSE
4290,0.000000,0.000000,0.047817,PAUSE
4291,0.000000,0.000000,0.112171,PAUSE
4292,0.000000,0.000000,0.240967,PAUSE
4293,0.000000,0.000000,0.403109,PAUSE
4294,0.000000,0.000000,0.562395,ALLOW
4295,0.000000,0.000000,0.696201,ALLOW
4296,0.000000,0.000000,0.797529,ALLOW
4297,0.000000,0.000000,0.869040,ALLOW
4298,0.000000,0.000000,0.917113,ALLOW
4299,0.000000,0.000000,0.948353,ALLOW
4300,0.000000,0.000000,0.968176,ALLOW
4301,0.000000,0.000000,0.980546,ALLOW
4302,0.661176,1.000000,0.421890,PAUSE
4303,0.000000,1.000000,0.173674,PAUSE
4304,0.661176,1.000000,0.071142,PAUSE
4305,0.000000,1.000000,0.029333,PAUSE
4306,0.000000,0.000000,0.023665,PAUSE
4307,0.000000,0.000000,0.066653,PAUSE
4308,0.000000,0.000000,0.173094,PAUSE
4309,0.000000,0.000000,0.326658,PAUSE
4310,0.661176,1.000000,0.148642,PAUSE
4311,0.661176,0.000000,0.082741,PAUSE
4312,0.000000,1.000000,0.041546,PAUSE
4313,0.661176,1.000000,0.018933,PAUSE
4314,0.000000,1.000000,0.008638,PAUSE
4315,0.000000,0.000000,0.016867,PAUSE
4316,0.000000,0.000000,0.068089,PAUSE
4317,0.000000,0.000000,0.179963,PAUSE
4318,0.000000,0.000000,0.335990,PAUSE
4319,0.000000,0.000000,0.501025,ALLOW
4320,0.000000,0.000000,0.646885,ALLOW
4321,0.661176,1.000000,0.283772,PAUSE
4322,0.000000,1.000000,0.117948,PAUSE
4323,0.000000,0.000000,0.078777,PAUSE
4324,0.000000,0.000000,0.134089,PAUSE
4325,0.000000,0.000000,0.261555,PAUSE
4326,0.661176,1.000000,0.120438,PAUSE
4327,0.000000,1.000000,0.051547,PAUSE
4328,0.000000,0.000000,0.047408,PAUSE
4329,0.000000,0.000000,0.111869,PAUSE
4330,0.000000,0.000000,0.240670,PAUSE
4331,0.661176,1.000000,0.111531,PAUSE
4332,0.000000,1.000000,0.047913,PAUSE
4333,0.000000,0.000000,0.045613,PAUSE
4334,0.661176,1.000000,0.022835,PAUSE
4335,0.000000,1.000000,0.010739,PAUSE
4336,0.661176,1.000000,0.005150,PAUSE
4337,0.000000,1.000000,0.002645,PAUSE
4338,0.000000,0.000000,0.010427,PAUSE
4339,0.661176,1.000000,0.006633,PAUSE
4340,0.000000,1.000000,0.003758,PAUSE
4341,0.000000,0.000000,0.015218,PAUSE
4342,0.000000,0.000000,0.068256,PAUSE
4343,0.000000,0.000000,0.181261,PAUSE
4344,0.000000,0.000000,0.337783,PAUSE
4345,0.000000,0.000000,0.502804,ALLOW
4346,0.000000,0.000000,0.648371,ALLOW
4347,0.000000,0.000000,0.762374,ALLOW
4348,0.000000,0.000000,0.844727,ALLOW
4349,0.000000,0.000000,0.900996,ALLOW
4350,0.000000,0.000000,0.937981,ALLOW
4351,0.661176,1.000000,0.404390,PAUSE
4352,0.000000,1.000000,0.166627,PAUSE
4353,0.661176,1.000000,0.068314,PAUSE
4354,0.000000,1.000000,0.028198,PAUSE
4355,0.661176,1.000000,0.011872,PAUSE
4356,0.000000,1.000000,0.005219,PAUSE
4357,0.000000,0.000000,0.010301,PAUSE
4358,0.661176,1.000000,0.006396,PAUSE
4359,0.000000,1.000000,0.003612,PAUSE
4360,0.000000,0.000000,0.014775,PAUSE
4361,0.661176,1.000000,0.008953,PAUSE
4362,0.661176,0.000000,0.021458,PAUSE
4363,0.000000,1.000000,0.013041,PAUSE
4364,0.000000,0.000000,0.036892,PAUSE
4365,0.000000,0.000000,0.117487,PAUSE
4366,0.000000,0.000000,0.255098,PAUSE
4367,0.000000,0.000000,0.419894,PAUSE
4368,0.000000,0.000000,0.577782,ALLOW
4369,0.000000,0.000000,0.708443,ALLOW
4370,0.000000,0.000000,0.806438,ALLOW
4371,0.000000,0.000000,0.875151,ALLOW
4372,0.000000,0.000000,0.921138,ALLOW
4373,0.000000,0.000000,0.950931,ALLOW
4374,0.000000,0.000000,0.969796,ALLOW
4375,0.000000,0.000000,0.981550,ALLOW
4376,0.000000,0.000000,0.988790,ALLOW
4377,0.000000,0.000000,0.993216,ALLOW
4378,0.000000,0.000000,0.995905,ALLOW
4379,0.000000,0.000000,0.997533,ALLOW
4380,0.000000,0.000000,0.998515,ALLOW
4381,0.000000,0.000000,0.999108,ALLOW
4382,0.000000,0.000000,0.999464,ALLOW
4383,0.000000,0.000000,0.999678,ALLOW
4384,0.000000,0.000000,0.999807,ALLOW
4385,0.000000,0.000000,0.999884,ALLOW
4386,0.000000,0.000000,0.999930,ALLOW
4387,0.000000,0.000000,0.999958,ALLOW
4388,0.000000,0.000000,0.999975,ALLOW
4389,0.000000,0.000000,0.999985,ALLOW
4390,0.000000,0.000000,0.999991,ALLOW
4391,0.000000,0.000000,0.999995,ALLOW
4392,0.000000,0.000000,0.999997,ALLOW
4393,0.000000,0.000000,0.999998,ALLOW
4394,0.661176,1.000000,0.429871,PAUSE
4395,0.661176,0.000000,0.197059,PAUSE
4396,0.000000,1.000000,0.088968,PAUSE
4397,0.000000,0.000000,0.087467,PAUSE
4398,0.000000,0.000000,0.173108,PAUSE
4399,0.000000,0.000000,0.317794,PAUSE
4400,0.000000,0.000000,0.480716,PAUSE
4401,0.000000,0.000000,0.629171,ALLOW
4402,0.000000,0.000000,0.747667,ALLOW
4403,0.000000,0.000000,0.834307,ALLOW
4404,0.000000,0.000000,0.893983,ALLOW
4405,0.000000,0.000000,0.933423,ALLOW
4406,0.000000,0.000000,0.958748,ALLOW
4407,0.661176,1.000000,0.412933,PAUSE
4408,0.000000,1.000000,0.170067,PAUSE
4409,0.000000,0.000000,0.101529,PAUSE
4410,0.000000,0.000000,0.146855,PAUSE
4411,0.000000,0.000000,0.271087,PAUSE
4412,0.661176,1.000000,0.124452,PAUSE
4413,0.000000,0.000000,0.118018,PAUSE
4414,0.000000,1.000000,0.055313,PAUSE
4415,0.661176,1.000000,0.024383,PAUSE
4416,0.000000,0.000000,0.030813,PAUSE
4417,0.000000,1.000000,0.016329,PAUSE
4418,0.000000,0.000000,0.036230,PAUSE
4419,0.661176,1.000000,0.019412,PAUSE
4420,0.000000,1.000000,0.009438,PAUSE
4421,0.661176,1.000000,0.004651,PAUSE
4422,0.000000,1.000000,0.002455,PAUSE
4423,0.000000,0.000000,0.010435,PAUSE
4424,0.000000,0.000000,0.053904,PAUSE
4425,0.000000,0.000000,0.156220,PAUSE
4426,0.000000,0.000000,0.307281,PAUSE
4427,0.000000,0.000000,0.473293,PAUSE
4428,0.000000,0.000000,0.623812,ALLOW
4429,0.661176,1.000000,0.274138,PAUSE
4430,0.000000,1.000000,0.114051,PAUSE
4431,0.000000,0.000000,0.077033,PAUSE
4432,0.000000,0.000000,0.133031,PAUSE
4433,0.000000,0.000000,0.260692,PAUSE
4434,0.000000,0.000000,0.421559,PAUSE
4435,0.000000,0.000000,0.578005,ALLOW
4436,0.000000,0.000000,0.708223,ALLOW
4437,0.000000,0.000000,0.806146,ALLOW
4438,0.000000,0.000000,0.874905,ALLOW
4439,0.000000,0.000000,0.920960,ALLOW
4440,0.000000,0.000000,0.950811,ALLOW
4441,0.000000,0.000000,0.969718,ALLOW
4442,0.000000,0.000000,0.981500,ALLOW
4443,0.000000,0.000000,0.988760,ALLOW
4444,0.000000,0.000000,0.993197,ALLOW
4445,0.661176,1.000000,0.427082,PAUSE
4446,0.000000,1.000000,0.175764,PAUSE
4447,0.000000,0.000000,0.103958,PAUSE
4448,0.000000,0.000000,0.148114,PAUSE
4449,0.661176,1.000000,0.069835,PAUSE
4450,0.000000,1.000000,0.030584,PAUSE
4451,0.000000,0.000000,0.035420,PAUSE
4452,0.000000,0.000000,0.099361,PAUSE
4453,0.000000,0.000000,0.225740,PAUSE
4454,0.661176,1.000000,0.105090,PAUSE
4455,0.000000,0.000000,0.107095,PAUSE
4456,0.661176,0.000000,0.080801,PAUSE
4457,0.000000,0.000000,0.146839,PAUSE
4458,0.000000,1.000000,0.077222,PAUSE
4459,0.661176,1.000000,0.034591,PAUSE
4460,0.000000,1.000000,0.015247,PAUSE
4461,0.000000,0.000000,0.021982,PAUSE
4462,0.661176,1.000000,0.012173,PAUSE
4463,0.000000,0.000000,0.031700,PAUSE
4464,0.000000,1.000000,0.017310,PAUSE
4465,0.000000,0.000000,0.039327,PAUSE
4466,0.000000,0.000000,0.119871,PAUSE
4467,0.000000,0.000000,0.257760,PAUSE
4468,0.000000,0.000000,0.422521,PAUSE
4469,0.000000,0.000000,0.580041,ALLOW
4470,0.000000,0.000000,0.710190,ALLOW
4471,0.000000,0.000000,0.807691,ALLOW
4472,0.000000,0.000000,0.876003,ALLOW
4473,0.000000,0.000000,0.921697,ALLOW
4474,0.661176,1.000000,0.397685,PAUSE
4475,0.000000,0.000000,0.256518,PAUSE
4476,0.000000,1.000000,0.112645,PAUSE
4477,0.000000,0.000000,0.096609,PAUSE
4478,0.000000,0.000000,0.176239,PAUSE
4479,0.000000,0.000000,0.318479,PAUSE
4480,0.000000,0.000000,0.480505,PAUSE
4481,0.000000,0.000000,0.628727,ALLOW
4482,0.000000,0.000000,0.747244,ALLOW
4483,0.000000,0.000000,0.833979,ALLOW
4484,0.000000,0.000000,0.893752,ALLOW
4485,0.000000,0.000000,0.933270,ALLOW
4486,0.000000,0.000000,0.958649,ALLOW
4487,0.000000,0.000000,0.974621,ALLOW
4488,0.000000,0.000000,0.984530,ALLOW
4489,0.000000,0.000000,0.990615,ALLOW
4490,0.000000,0.000000,0.994326,ALLOW
4491,0.000000,0.000000,0.996577,ALLOW
4492,0.000000,0.000000,0.997939,ALLOW
4493,0.000000,0.000000,0.998760,ALLOW
4494,0.661176,1.000000,0.429364,PAUSE
4495,0.661176,0.000000,0.196855,PAUSE
4496,0.000000,1.000000,0.088885,PAUSE
4497,0.000000,0.000000,0.087429,PAUSE
4498,0.661176,1.000000,0.041848,PAUSE
4499,0.661176,0.000000,0.033382,PAUSE
4500,0.000000,1.000000,0.019331,PAUSE
4501,0.000000,0.000000,0.045508,PAUSE
4502,0.000000,0.000000,0.132382,PAUSE
4503,0.000000,0.000000,0.274676,PAUSE
4504,0.000000,0.000000,0.440048,PAUSE
4505,0.000000,0.000000,0.595304,ALLOW
4506,0.000000,0.000000,0.722033,ALLOW
4507,0.000000,0.000000,0.816189,ALLOW
4508,0.000000,0.000000,0.881782,ALLOW
4509,0.661176,1.000000,0.381229,PAUSE
4510,0.000000,1.000000,0.157294,PAUSE
4511,0.000000,0.000000,0.096040,PAUSE
4512,0.000000,0.000000,0.143936,PAUSE
4513,0.000000,0.000000,0.269050,PAUSE
4514,0.661176,1.000000,0.123598,PAUSE
4515,0.661176,0.000000,0.072307,PAUSE
4516,0.000000,1.000000,0.037021,PAUSE
4517,0.000000,0.000000,0.060130,PAUSE
4518,0.661176,1.000000,0.030393,PAUSE
4519,0.000000,0.000000,0.051291,PAUSE
4520,0.000000,1.000000,0.026323,PAUSE
4521,0.000000,0.000000,0.047649,PAUSE
4522,0.000000,0.000000,0.132046,PAUSE
4523,0.000000,0.000000,0.273149,PAUSE
4524,0.000000,0.000000,0.438191,PAUSE
4525,0.000000,0.000000,0.593611,ALLOW
4526,0.000000,0.000000,0.720698,ALLOW
4527,0.000000,0.000000,0.815224,ALLOW
4528,0.000000,0.000000,0.881124,ALLOW
4529,0.000000,0.000000,0.925051,ALLOW
4530,0.000000,0.000000,0.953428,ALLOW
4531,0.000000,0.000000,0.971360,ALLOW
4532,0.661176,1.000000,0.418116,PAUSE
4533,0.661176,0.000000,0.192325,PAUSE
4534,0.000000,1.000000,0.087038,PAUSE
4535,0.000000,0.000000,0.086582,PAUSE
4536,0.000000,0.000000,0.172573,PAUSE
4537,0.661176,1.000000,0.081394,PAUSE
4538,0.000000,1.000000,0.035466,PAUSE
4539,0.661176,1.000000,0.015407,PAUSE
4540,0.000000,1.000000,0.006888,PAUSE
4541,0.000000,0.000000,0.013408,PAUSE
4542,0.000000,0.000000,0.058787,PAUSE
4543,0.000000,0.000000,0.164088,PAUSE
4544,0.000000,0.000000,0.316825,PAUSE
4545,0.000000,0.000000,0.482576,PAUSE
4546,0.000000,0.000000,0.631579,ALLOW
4547,0.000000,0.000000,0.749763,ALLOW
4548,0.000000,0.000000,0.835878,ALLOW
4549,0.000000,0.000000,0.895072,ALLOW
4550,0.661176,1.000000,0.386712,PAUSE
4551,0.000000,0.000000,0.251476,PAUSE
4552,0.000000,1.000000,0.110588,PAUSE
4553,0.000000,0.000000,0.095662,PAUSE
4554,0.661176,1.000000,0.045105,PAUSE
4555,0.000000,0.000000,0.058998,PAUSE
4556,0.000000,1.000000,0.029566,PAUSE
4557,0.661176,1.000000,0.013705,PAUSE
4558,0.000000,1.000000,0.006421,PAUSE
4559,0.000000,0.000000,0.015010,PAUSE
4560,0.000000,0.000000,0.064642,PAUSE
4561,0.000000,0.000000,0.174508,PAUSE
4562,0.661176,1.000000,0.082736,PAUSE
4563,0.000000,0.000000,0.093110,PAUSE
4564,0.000000,1.000000,0.044749,PAUSE
4565,0.000000,0.000000,0.061197,PAUSE
4566,0.000000,0.000000,0.148398,PAUSE
4567,0.000000,0.000000,0.292245,PAUSE
4568,0.000000,0.000000,0.456951,PAUSE
4569,0.661176,1.000000,0.204028,PAUSE
4570,0.000000,1.000000,0.085636,PAUSE
4571,0.000000,0.000000,0.064048,PAUSE
4572,0.000000,0.000000,0.124641,PAUSE
4573,0.000000,0.000000,0.253419,PAUSE
4574,0.000000,0.000000,0.415043,PAUSE
4575,0.000000,0.000000,0.572599,ALLOW
4576,0.000000,0.000000,0.704101,ALLOW
4577,0.000000,0.000000,0.803207,ALLOW
4578,0.000000,0.000000,0.872911,ALLOW
4579,0.661176,1.000000,0.377568,PAUSE
4580,0.661176,0.000000,0.175952,PAUSE
4581,0.000000,0.000000,0.159350,PAUSE
4582,0.000000,1.000000,0.079197,PAUSE
4583,0.000000,0.000000,0.098471,PAUSE
4584,0.000000,0.000000,0.200119,PAUSE
4585,0.000000,0.000000,0.352267,PAUSE
4586,0.661176,1.000000,0.159499,PAUSE
4587,0.000000,0.000000,0.138420,PAUSE
4588,0.000000,1.000000,0.063920,PAUSE
4589,0.000000,0.000000,0.072397,PAUSE
4590,0.000000,0.000000,0.158847,PAUSE
4591,0.661176,1.000000,0.075466,PAUSE
4592,0.661176,0.000000,0.052919,PAUSE
4593,0.000000,0.000000,0.105357,PAUSE
4594,0.000000,1.000000,0.054958,PAUSE
4595,0.000000,0.000000,0.081671,PAUSE
4596,0.000000,0.000000,0.182912,PAUSE
4597,0.661176,1.000000,0.086180,PAUSE
4598,0.000000,1.000000,0.037471,PAUSE
4599,0.000000,0.000000,0.039963,PAUSE
4600,0.000000,0.000000,0.105060,PAUSE
4601,0.000000,0.000000,0.233059,PAUSE
4602,0.000000,0.000000,0.395169,PAUSE
4603,0.661176,1.000000,0.177853,PAUSE
4604,0.000000,1.000000,0.074997,PAUSE
4605,0.000000,0.000000,0.059037,PAUSE
4606,0.000000,0.000000,0.121123,PAUSE
4607,0.000000,0.000000,0.250139,PAUSE
4608,0.000000,0.000000,0.411996,PAUSE
4609,0.000000,0.000000,0.570030,ALLOW
4610,0.000000,0.000000,0.702126,ALLOW
4611,0.000000,0.000000,0.801793,ALLOW
4612,0.000000,0.000000,0.871949,ALLOW
4613,0.661176,1.000000,0.377171,PAUSE
4614,0.000000,1.000000,0.155658,PAUSE
4615,0.000000,0.000000,0.095333,PAUSE
4616,0.000000,0.000000,0.143552,PAUSE
4617,0.000000,0.000000,0.268776,PAUSE
4618,0.000000,0.000000,0.428335,PAUSE
4619,0.000000,0.000000,0.583451,ALLOW
4620,0.000000,0.000000,0.712312,ALLOW
4621,0.000000,0.000000,0.809037,ALLOW
4622,0.000000,0.000000,0.876857,ALLOW
4623,0.000000,0.000000,0.922234,ALLOW
4624,0.000000,0.000000,0.951622,ALLOW
4625,0.000000,0.000000,0.970225,ALLOW
4626,0.000000,0.000000,0.981814,ALLOW
4627,0.000000,0.000000,0.988952,ALLOW
4628,0.000000,0.000000,0.993314,ALLOW
4629,0.000000,0.000000,0.995964,ALLOW
4630,0.000000,0.000000,0.997569,ALLOW
4631,0.000000,0.000000,0.998537,ALLOW
4632,0.000000,0.000000,0.999121,ALLOW
4633,0.000000,0.000000,0.999472,ALLOW
4634,0.000000,0.000000,0.999683,ALLOW
4635,0.000000,0.000000,0.999810,ALLOW
4636,0.000000,0.000000,0.999886,ALLOW
4637,0.000000,0.000000,0.999931,ALLOW
4638,0.000000,0.000000,0.999959,ALLOW
4639,0.661176,1.000000,0.429855,PAUSE
4640,0.000000,1.000000,0.176880,PAUSE
4641,0.000000,0.000000,0.104433,PAUSE
4642,0.000000,0.000000,0.148356,PAUSE
4643,0.661176,1.000000,0.069935,PAUSE
4644,0.000000,1.000000,0.030625,PAUSE
4645,0.000000,0.000000,0.035439,PAUSE
4646,0.000000,0.000000,0.099374,PAUSE
4647,0.661176,1.000000,0.049010,PAUSE
4648,0.000000,1.000000,0.022049,PAUSE
4649,0.661176,1.000000,0.009920,PAUSE
4650,0.000000,1.000000,0.004649,PAUSE
4651,0.000000,0.000000,0.012121,PAUSE
4652,0.000000,0.000000,0.057085,PAUSE
4653,0.661176,1.000000,0.029739,PAUSE
4654,0.000000,1.000000,0.013946,PAUSE
4655,0.000000,0.000000,0.025457,PAUSE
4656,0.000000,0.000000,0.087860,PAUSE
4657,0.000000,0.000000,0.211112,PAUSE
4658,0.661176,1.000000,0.098755,PAUSE
4659,0.000000,0.000000,0.103276,PAUSE
4660,0.000000,1.000000,0.049094,PAUSE
4661,0.000000,0.000000,0.063892,PAUSE
4662,0.000000,0.000000,0.151112,PAUSE
4663,0.000000,0.000000,0.295171,PAUSE
4664,0.000000,0.000000,0.459731,PAUSE
4665,0.661176,1.000000,0.205200,PAUSE
4666,0.000000,1.000000,0.086112,PAUSE
4667,0.661176,1.000000,0.035930,PAUSE
4668,0.000000,1.000000,0.015187,PAUSE
4669,0.000000,0.000000,0.017506,PAUSE
4670,0.000000,0.000000,0.062736,PAUSE
4671,0.661176,1.000000,0.032273,PAUSE
4672,0.000000,1.000000,0.015008,PAUSE
4673,0.661176,1.000000,0.007007,PAUSE
4674,0.000000,1.000000,0.003447,PAUSE
4675,0.000000,0.000000,0.011307,PAUSE
4676,0.000000,0.000000,0.055735,PAUSE
4677,0.000000,0.000000,0.159346,PAUSE
4678,0.000000,0.000000,0.311134,PAUSE
4679,0.000000,0.000000,0.477064,PAUSE
4680,0.661176,1.000000,0.212540,PAUSE
4681,0.000000,0.000000,0.166922,PAUSE
4682,0.000000,1.000000,0.075813,PAUSE
4683,0.000000,0.000000,0.078751,PAUSE
4684,0.000000,0.000000,0.164029,PAUSE
4685,0.000000,0.000000,0.308074,PAUSE
4686,0.000000,0.000000,0.471605,PAUSE
4687,0.000000,0.000000,0.621643,ALLOW
4688,0.000000,0.000000,0.742006,ALLOW
4689,0.000000,0.000000,0.830325,ALLOW
4690,0.000000,0.000000,0.891311,ALLOW
4691,0.000000,0.000000,0.931689,ALLOW
4692,0.000000,0.000000,0.957648,ALLOW
4693,0.000000,0.000000,0.973997,ALLOW
4694,0.000000,0.000000,0.984145,ALLOW
4695,0.000000,0.000000,0.990380,ALLOW
4696,0.000000,0.000000,0.994183,ALLOW
4697,0.000000,0.000000,0.996491,ALLOW
4698,0.000000,0.000000,0.997887,ALLOW
4699,0.661176,1.000000,0.429006,PAUSE
4700,0.000000,1.000000,0.176538,PAUSE
4701,0.000000,0.000000,0.104287,PAUSE
4702,0.000000,0.000000,0.148282,PAUSE
4703,0.000000,0.000000,0.272046,PAUSE
4704,0.000000,0.000000,0.430897,PAUSE
4705,0.661176,1.000000,0.192925,PAUSE
4706,0.000000,1.000000,0.081117,PAUSE
4707,0.000000,0.000000,0.061892,PAUSE
4708,0.000000,0.000000,0.123084,PAUSE
4709,0.000000,0.000000,0.251939,PAUSE
4710,0.000000,0.000000,0.413657,PAUSE
4711,0.000000,0.000000,0.571427,ALLOW
4712,0.000000,0.000000,0.703199,ALLOW
4713,0.661176,1.000000,0.307233,PAUSE
4714,0.000000,1.000000,0.127431,PAUSE
4715,0.000000,0.000000,0.082991,PAUSE
4716,0.000000,0.000000,0.136591,PAUSE
4717,0.000000,0.000000,0.263546,PAUSE
4718,0.661176,1.000000,0.121280,PAUSE
4719,0.000000,0.000000,0.116350,PAUSE
4720,0.000000,1.000000,0.054617,PAUSE
4721,0.000000,0.000000,0.067097,PAUSE
4722,0.000000,0.000000,0.154081,PAUSE
4723,0.000000,0.000000,0.298245,PAUSE
4724,0.000000,0.000000,0.462606,PAUSE
4725,0.000000,0.000000,0.614253,ALLOW
4726,0.000000,0.000000,0.736454,ALLOW
4727,0.000000,0.000000,0.826418,ALLOW
4728,0.000000,0.000000,0.888687,ALLOW
4729,0.000000,0.000000,0.929984,ALLOW
4730,0.000000,0.000000,0.956567,ALLOW
4731,0.000000,0.000000,0.973322,ALLOW
4732,0.000000,0.000000,0.983729,ALLOW
4733,0.000000,0.000000,0.990125,ALLOW
4734,0.000000,0.000000,0.994028,ALLOW
4735,0.000000,0.000000,0.996397,ALLOW
4736,0.000000,0.000000,0.997830,ALLOW
4737,0.000000,0.000000,0.998695,ALLOW
4738,0.000000,0.000000,0.999215,ALLOW
4739,0.000000,0.000000,0.999529,ALLOW
4740,0.000000,0.000000,0.999717,ALLOW
4741,0.661176,1.000000,0.429756,PAUSE
4742,0.000000,1.000000,0.176840,PAUSE
4743,0.000000,0.000000,0.104416,PAUSE
4744,0.000000,0.000000,0.148348,PAUSE
4745,0.000000,0.000000,0.272089,PAUSE
4746,0.000000,0.000000,0.430929,PAUSE
4747,0.000000,0.000000,0.585467,ALLOW
4748,0.000000,0.000000,0.713799,ALLOW
4749,0.000000,0.000000,0.810079,ALLOW
4750,0.000000,0.000000,0.877557,ALLOW
4751,0.000000,0.000000,0.922689,ALLOW
4752,0.000000,0.000000,0.951912,ALLOW
4753,0.000000,0.000000,0.970406,ALLOW
4754,0.000000,0.000000,0.981926,ALLOW
4755,0.000000,0.000000,0.989021,ALLOW
4756,0.000000,0.000000,0.993356,ALLOW
4757,0.000000,0.000000,0.995990,ALLOW
4758,0.000000,0.000000,0.997584,ALLOW
4759,0.000000,0.000000,0.998546,ALLOW
4760,0.000000,0.000000,0.999126,ALLOW
4761,0.000000,0.000000,0.999475,ALLOW
4762,0.000000,0.000000,0.999685,ALLOW
4763,0.000000,0.000000,0.999811,ALLOW
4764,0.000000,0.000000,0.999886,ALLOW
4765,0.661176,1.000000,0.429826,PAUSE
4766,0.661176,0.000000,0.197041,PAUSE
4767,0.000000,0.000000,0.168182,PAUSE
4768,0.000000,1.000000,0.082899,PAUSE
4769,0.000000,0.000000,0.100390,PAUSE
4770,0.000000,0.000000,0.201517,PAUSE
4771,0.000000,0.000000,0.353467,PAUSE
4772,0.000000,0.000000,0.515346,ALLOW
4773,0.661176,1.000000,0.228633,PAUSE
4774,0.000000,1.000000,0.095618,PAUSE
4775,0.000000,0.000000,0.068658,PAUSE
4776,0.000000,0.000000,0.127712,PAUSE
4777,0.000000,0.000000,0.256158,PAUSE
4778,0.000000,0.000000,0.417532,PAUSE
4779,0.000000,0.000000,0.574678,ALLOW
4780,0.000000,0.000000,0.705691,ALLOW
4781,0.661176,1.000000,0.308269,PAUSE
4782,0.000000,1.000000,0.127850,PAUSE
4783,0.661176,1.000000,0.052735,PAUSE
4784,0.000000,1.000000,0.021945,PAUSE
4785,0.000000,0.000000,0.020507,PAUSE
4786,0.000000,0.000000,0.064804,PAUSE
4787,0.000000,0.000000,0.171453,PAUSE
4788,0.000000,0.000000,0.325050,PAUSE
4789,0.000000,0.000000,0.490334,PAUSE
4790,0.000000,0.000000,0.637978,ALLOW
4791,0.000000,0.000000,0.754560,ALLOW
4792,0.000000,0.000000,0.839244,ALLOW
4793,0.000000,0.000000,0.897326,ALLOW
4794,0.000000,0.000000,0.935603,ALLOW
4795,0.000000,0.000000,0.960134,ALLOW
4796,0.000000,0.000000,0.975549,ALLOW
4797,0.000000,0.000000,0.985103,ALLOW
4798,0.000000,0.000000,0.990965,ALLOW
4799,0.000000,0.000000,0.994539,ALLOW
4800,0.000000,0.000000,0.996707,ALLOW
4801,0.000000,0.000000,0.998017,ALLOW
4802,0.661176,1.000000,0.429059,PAUSE
4803,0.000000,0.000000,0.270763,PAUSE
4804,0.661176,0.000000,0.148723,PAUSE
4805,0.000000,0.000000,0.178396,PAUSE
4806,0.000000,1.000000,0.091606,PAUSE
4807,0.000000,0.000000,0.115182,PAUSE
4808,0.661176,1.000000,0.054892,PAUSE
4809,0.000000,0.000000,0.069657,PAUSE
4810,0.000000,1.000000,0.034401,PAUSE
4811,0.661176,1.000000,0.015745,PAUSE
4812,0.661176,0.000000,0.024856,PAUSE
4813,0.000000,0.000000,0.084481,PAUSE
4814,0.000000,1.000000,0.042492,PAUSE
4815,0.000000,0.000000,0.064306,PAUSE
4816,0.000000,0.000000,0.156409,PAUSE
4817,0.000000,0.000000,0.302999,PAUSE
4818,0.000000,0.000000,0.467825,PAUSE
4819,0.000000,0.000000,0.618824,ALLOW
4820,0.000000,0.000000,0.739985,ALLOW
4821,0.661176,1.000000,0.322527,PAUSE
4822,0.000000,1.000000,0.133610,PAUSE
4823,0.000000,0.000000,0.085718,PAUSE
4824,0.000000,0.000000,0.138177,PAUSE
4825,0.000000,0.000000,0.264780,PAUSE
4826,0.000000,0.000000,0.425053,PAUSE
4827,0.000000,0.000000,0.580840,ALLOW
4828,0.000000,0.000000,0.710361,ALLOW
4829,0.000000,0.000000,0.807662,ALLOW
4830,0.000000,0.000000,0.875930,ALLOW
4831,0.000000,0.000000,0.921629,ALLOW
4832,0.000000,0.000000,0.951237,ALLOW
4833,0.000000,0.000000,0.969985,ALLOW
4834,0.000000,0.000000,0.981665,ALLOW
4835,0.000000,0.000000,0.988861,ALLOW
4836,0.000000,0.000000,0.993258,ALLOW
4837,0.000000,0.000000,0.995931,ALLOW
4838,0.000000,0.000000,0.997548,ALLOW
4839,0.000000,0.000000,0.998525,ALLOW
4840,0.000000,0.000000,0.999113,ALLOW
4841,0.000000,0.000000,0.999467,ALLOW
4842,0.000000,0.000000,0.999680,ALLOW
4843,0.000000,0.000000,0.999808,ALLOW
4844,0.000000,0.000000,0.999885,ALLOW
4845,0.000000,0.000000,0.999931,ALLOW
4846,0.000000,0.000000,0.999958,ALLOW
4847,0.000000,0.000000,0.999975,ALLOW
4848,0.661176,1.000000,0.429862,PAUSE
4849,0.000000,0.000000,0.271124,PAUSE
4850,0.000000,1.000000,0.118594,PAUSE
4851,0.000000,0.000000,0.099317,PAUSE
4852,0.000000,0.000000,0.177848,PAUSE
4853,0.000000,0.000000,0.319690,PAUSE
4854,0.000000,0.000000,0.481474,PAUSE
4855,0.661176,1.000000,0.214341,PAUSE
4856,0.000000,1.000000,0.089818,PAUSE
4857,0.000000,0.000000,0.065973,PAUSE
4858,0.000000,0.000000,0.125913,PAUSE
4859,0.661176,1.000000,0.060531,PAUSE
4860,0.000000,0.000000,0.076157,PAUSE
4861,0.000000,0.000000,0.168687,PAUSE
4862,0.000000,1.000000,0.079855,PAUSE
4863,0.661176,1.000000,0.034853,PAUSE
4864,0.000000,0.000000,0.038470,PAUSE
4865,0.000000,1.000000,0.019775,PAUSE
4866,0.000000,0.000000,0.039284,PAUSE
4867,0.000000,0.000000,0.117855,PAUSE
4868,0.000000,0.000000,0.254529,PAUSE
4869,0.000000,0.000000,0.419009,PAUSE
4870,0.000000,0.000000,0.576919,ALLOW
4871,0.000000,0.000000,0.707742,ALLOW
4872,0.000000,0.000000,0.805923,ALLOW
4873,0.000000,0.000000,0.874797,ALLOW
4874,0.000000,0.000000,0.920905,ALLOW
4875,0.000000,0.000000,0.950781,ALLOW
4876,0.000000,0.000000,0.969702,ALLOW
4877,0.000000,0.000000,0.981491,ALLOW
4878,0.000000,0.000000,0.988755,ALLOW
4879,0.000000,0.000000,0.993194,ALLOW
4880,0.000000,0.000000,0.995892,ALLOW
4881,0.000000,0.000000,0.997525,ALLOW
4882,0.661176,1.000000,0.428857,PAUSE
4883,0.000000,0.000000,0.270673,PAUSE
4884,0.000000,1.000000,0.118411,PAUSE
4885,0.000000,0.000000,0.099235,PAUSE
4886,0.000000,0.000000,0.177800,PAUSE
4887,0.000000,0.000000,0.319655,PAUSE
4888,0.000000,0.000000,0.481447,PAUSE
4889,0.000000,0.000000,0.629453,ALLOW
4890,0.000000,0.000000,0.747773,ALLOW
4891,0.000000,0.000000,0.834345,ALLOW
4892,0.000000,0.000000,0.893995,ALLOW
4893,0.000000,0.000000,0.933427,ALLOW
4894,0.000000,0.000000,0.958749,ALLOW
4895,0.000000,0.000000,0.974683,ALLOW
4896,0.000000,0.000000,0.984568,ALLOW
4897,0.000000,0.000000,0.990638,ALLOW
4898,0.860004,1.000000,0.426032,PAUSE
4899,0.000000,0.000000,0.269402,PAUSE
4900,0.000000,0.000000,0.311284,PAUSE
4901,0.000000,0.000000,0.438151,PAUSE
4902,0.860004,0.000000,0.207801,PAUSE
4903,0.860004,0.000000,0.091031,PAUSE
4904,0.860004,1.000000,0.039799,PAUSE
4905,0.000000,1.000000,0.020459,PAUSE
4906,0.000000,0.000000,0.040208,PAUSE
4907,0.000000,0.000000,0.119489,PAUSE
4908,0.000000,0.000000,0.256720,PAUSE
4909,0.000000,0.000000,0.421294,PAUSE
4910,0.000000,0.000000,0.578922,ALLOW
4911,0.000000,0.000000,0.709305,ALLOW
4912,0.000000,0.000000,0.807049,ALLOW
4913,0.000000,0.000000,0.875564,ALLOW
4914,0.000000,0.000000,0.921409,ALLOW
4915,0.000000,0.000000,0.951103,ALLOW
4916,0.000000,0.000000,0.969903,ALLOW
4917,0.000000,0.000000,0.981616,ALLOW
4918,0.860004,1.000000,0.422329,PAUSE
4919,0.000000,1.000000,0.173850,PAUSE
4920,0.000000,0.000000,0.103144,PAUSE
4921,0.000000,0.000000,0.147694,PAUSE
4922,0.860004,1.000000,0.069661,PAUSE
4923,0.000000,1.000000,0.030514,PAUSE
4924,0.000000,0.000000,0.035388,PAUSE
4925,0.000000,0.000000,0.099338,PAUSE
4926,0.000000,0.000000,0.225718,PAUSE
4927,0.860004,1.000000,0.105080,PAUSE
4928,0.000000,1.000000,0.045271,PAUSE
4929,0.000000,0.000000,0.044261,PAUSE
4930,0.000000,0.000000,0.109277,PAUSE
4931,0.000000,0.000000,0.237942,PAUSE
4932,0.000000,0.000000,0.400144,PAUSE
4933,0.000000,0.000000,0.559829,ALLOW
4934,0.000000,0.000000,0.694202,ALLOW
4935,0.000000,0.000000,0.796086,ALLOW
4936,0.860004,1.000000,0.345798,PAUSE
4937,0.000000,1.000000,0.143004,PAUSE
4938,0.000000,0.000000,0.089836,PAUSE
4939,0.000000,0.000000,0.140518,PAUSE
4940,0.000000,0.000000,0.266555,PAUSE
4941,0.860004,1.000000,0.122549,PAUSE
4942,0.000000,1.000000,0.052406,PAUSE
4943,0.000000,0.000000,0.047819,PAUSE
4944,0.000000,0.000000,0.112173,PAUSE
4945,0.000000,0.000000,0.240969,PAUSE
4946,0.860004,1.000000,0.111659,PAUSE
4947,0.000000,1.000000,0.047965,PAUSE
4948,0.860004,1.000000,0.020503,PAUSE
4949,0.000000,1.000000,0.008960,PAUSE
4950,0.000000,0.000000,0.014532,PAUSE
4951,0.000000,0.000000,0.060121,PAUSE
4952,0.000000,0.000000,0.166013,PAUSE
4953,0.000000,0.000000,0.319084,PAUSE
4954,0.000000,0.000000,0.484743,PAUSE
4955,0.000000,0.000000,0.633379,ALLOW
4956,0.860004,1.000000,0.278134,PAUSE
4957,0.000000,1.000000,0.115668,PAUSE
4958,0.000000,0.000000,0.077758,PAUSE
4959,0.000000,0.000000,0.133472,PAUSE
4960,0.000000,0.000000,0.261052,PAUSE
4961,0.000000,0.000000,0.421872,PAUSE
4962,0.000000,0.000000,0.578261,ALLOW
4963,0.000000,0.000000,0.708417,ALLOW
4964,0.000000,0.000000,0.806284,ALLOW
4965,0.000000,0.000000,0.874998,ALLOW
4966,0.000000,0.000000,0.921021,ALLOW
4967,0.000000,0.000000,0.950850,ALLOW
4968,0.000000,0.000000,0.969742,ALLOW
4969,0.000000,0.000000,0.981515,ALLOW
4970,0.000000,0.000000,0.988769,ALLOW
4971,0.000000,0.000000,0.993203,ALLOW
4972,0.000000,0.000000,0.995897,ALLOW
4973,0.000000,0.000000,0.997528,ALLOW
4974,0.000000,0.000000,0.998512,ALLOW
4975,0.000000,0.000000,0.999106,ALLOW
4976,0.000000,0.000000,0.999463,ALLOW
4977,0.000000,0.000000,0.999677,ALLOW
4978,0.000000,0.000000,0.999806,ALLOW
4979,0.000000,0.000000,0.999884,ALLOW
4980,0.000000,0.000000,0.999930,ALLOW
4981,0.000000,0.000000,0.999958,ALLOW
4982,0.000000,0.000000,0.999975,ALLOW
4983,0.000000,0.000000,0.999985,ALLOW
4984,0.000000,0.000000,0.999991,ALLOW
4985,0.000000,0.000000,0.999995,ALLOW
4986,0.000000,0.000000,0.999997,ALLOW
4987,0.000000,0.000000,0.999998,ALLOW
4988,0.000000,0.000000,0.999999,ALLOW
4989,0.000000,0.000000,0.999999,ALLOW
4990,0.000000,0.000000,1.000000,ALLOW
4991,0.000000,0.000000,1.000000,ALLOW
4992,0.860004,1.000000,0.429872,PAUSE
4993,0.000000,1.000000,0.176887,PAUSE
4994,0.000000,0.000000,0.104436,PAUSE
4995,0.000000,0.000000,0.148358,PAUSE
4996,0.000000,0.000000,0.272096,PAUSE
4997,0.000000,0.000000,0.430934,PAUSE
4998,0.000000,0.000000,0.585470,ALLOW
4999,0.000000,0.000000,0.713802,ALLOW
5000,0.000000,0.000000,0.810081,ALLOW
5001,0.000000,0.000000,0.877558,ALLOW
5002,0.860004,1.000000,0.379485,PAUSE
5003,0.000000,1.000000,0.156591,PAUSE
5004,0.860004,1.000000,0.064284,PAUSE
5005,0.000000,1.000000,0.026582,PAUSE
5006,0.000000,0.000000,0.022501,PAUSE
5007,0.000000,0.000000,0.066002,PAUSE
5008,0.000000,0.000000,0.172550,PAUSE
5009,0.000000,0.000000,0.326141,PAUSE
5010,0.860004,1.000000,0.148423,PAUSE
5011,0.000000,1.000000,0.063009,PAUSE
5012,0.860004,1.000000,0.026600,PAUSE
5013,0.860004,0.000000,0.015985,PAUSE
5014,0.000000,1.000000,0.009762,PAUSE
5015,0.000000,0.000000,0.030676,PAUSE
5016,0.000000,0.000000,0.105136,PAUSE
5017,0.000000,0.000000,0.237928,PAUSE
5018,0.860004,1.000000,0.110431,PAUSE
5019,0.000000,1.000000,0.047473,PAUSE
5020,0.000000,0.000000,0.045436,PAUSE
5021,0.000000,0.000000,0.110364,PAUSE
5022,0.000000,0.000000,0.239161,PAUSE
5023,0.000000,0.000000,0.401369,PAUSE
5024,0.000000,0.000000,0.560900,ALLOW
5025,0.000000,0.000000,0.695040,ALLOW
5026,0.860004,1.000000,0.303839,PAUSE
5027,0.000000,1.000000,0.126060,PAUSE
5028,0.000000,0.000000,0.082384,PAUSE
5029,0.860004,1.000000,0.038096,PAUSE
5030,0.000000,1.000000,0.016957,PAUSE
5031,0.000000,0.000000,0.024660,PAUSE
5032,0.000000,0.000000,0.082749,PAUSE
5033,0.000000,0.000000,0.202473,PAUSE
5034,0.000000,0.000000,0.361899,PAUSE
5035,0.000000,0.000000,0.525300,ALLOW
5036,0.000000,0.000000,0.666683,ALLOW
5037,0.000000,0.000000,0.775958,ALLOW
5038,0.000000,0.000000,0.854181,ALLOW
5039,0.000000,0.000000,0.907290,ALLOW
5040,0.000000,0.000000,0.942043,ALLOW
5041,0.000000,0.000000,0.964205,ALLOW
5042,0.000000,0.000000,0.978083,ALLOW
5043,0.000000,0.000000,0.986662,ALLOW
5044,0.000000,0.000000,0.991918,ALLOW
5045,0.000000,0.000000,0.995117,ALLOW
5046,0.000000,0.000000,0.997057,ALLOW
5047,0.000000,0.000000,0.998228,ALLOW
5048,0.000000,0.000000,0.998935,ALLOW
5049,0.860004,1.000000,0.429435,PAUSE
5050,0.000000,1.000000,0.176711,PAUSE
5051,0.000000,0.000000,0.104361,PAUSE
5052,0.000000,0.000000,0.148320,PAUSE
5053,0.000000,0.000000,0.272071,PAUSE
5054,0.860004,1.000000,0.124864,PAUSE
5055,0.000000,1.000000,0.053345,PAUSE
5056,0.000000,0.000000,0.048261,PAUSE
5057,0.000000,0.000000,0.112486,PAUSE
5058,0.860004,1.000000,0.054766,PAUSE
5059,0.000000,1.000000,0.024432,PAUSE
5060,0.000000,0.000000,0.032299,PAUSE
5061,0.860004,1.000000,0.017088,PAUSE
5062,0.000000,1.000000,0.008350,PAUSE
5063,0.000000,0.000000,0.019916,PAUSE
5064,0.000000,0.000000,0.077621,PAUSE
5065,0.000000,0.000000,0.195876,PAUSE
5066,0.000000,0.000000,0.354712,PAUSE
5067,0.000000,0.000000,0.518717,ALLOW
5068,0.000000,0.000000,0.661375,ALLOW
5069,0.860004,1.000000,0.289817,PAUSE
5070,0.000000,1.000000,0.120393,PAUSE
5071,0.000000,0.000000,0.079868,PAUSE
5072,0.000000,0.000000,0.134745,PAUSE
5073,0.000000,0.000000,0.262083,PAUSE
5074,0.000000,0.000000,0.422763,PAUSE
5075,0.000000,0.000000,0.578987,ALLOW
5076,0.000000,0.000000,0.708966,ALLOW
5077,0.000000,0.000000,0.806673,ALLOW
5078,0.860004,1.000000,0.350181,PAUSE
5079,0.000000,1.000000,0.144772,PAUSE
5080,0.000000,0.000000,0.090606,PAUSE
5081,0.000000,0.000000,0.140948,PAUSE
5082,0.000000,0.000000,0.266874,PAUSE
5083,0.000000,0.000000,0.426791,PAUSE
5084,0.000000,0.000000,0.582230,ALLOW
5085,0.000000,0.000000,0.711402,ALLOW
5086,0.860004,1.000000,0.310641,PAUSE
5087,0.000000,1.000000,0.128808,PAUSE
5088,0.000000,0.000000,0.083598,PAUSE
5089,0.000000,0.000000,0.136943,PAUSE
5090,0.860004,1.000000,0.065185,PAUSE
5091,0.000000,1.000000,0.028697,PAUSE
5092,0.000000,0.000000,0.034521,PAUSE
5093,0.000000,0.000000,0.098684,PAUSE
5094,0.000000,0.000000,0.225052,PAUSE
5095,0.000000,0.000000,0.386762,PAUSE
5096,0.000000,0.000000,0.547971,ALLOW
5097,0.000000,0.000000,0.684853,ALLOW
5098,0.000000,0.000000,0.789293,ALLOW
5099,0.000000,0.000000,0.863392,ALLOW
5100,0.000000,0.000000,0.913391,ALLOW
5101,0.000000,0.000000,0.945967,ALLOW
5102,0.000000,0.000000,0.966677,ALLOW
5103,0.860004,1.000000,0.416192,PAUSE
5104,0.000000,1.000000,0.171380,PAUSE
5105,0.000000,0.000000,0.102090,PAUSE
5106,0.860004,1.000000,0.046129,PAUSE
5107,0.000000,1.000000,0.020200,PAUSE
5108,0.000000,0.000000,0.026144,PAUSE
5109,0.000000,0.000000,0.083799,PAUSE
5110,0.000000,0.000000,0.203528,PAUSE
5111,0.000000,0.000000,0.362953,PAUSE
5112,0.000000,0.000000,0.526235,ALLOW
5113,0.000000,0.000000,0.667427,ALLOW
5114,0.000000,0.000000,0.776503,ALLOW
5115,0.000000,0.000000,0.854557,ALLOW
5116,0.000000,0.000000,0.907539,ALLOW
5117,0.000000,0.000000,0.942204,ALLOW
5118,0.000000,0.000000,0.964306,ALLOW
5119,0.860004,1.000000,0.415218,PAUSE
5120,0.000000,1.000000,0.170987,PAUSE
5121,0.000000,0.000000,0.101922,PAUSE
5122,0.000000,0.000000,0.147060,PAUSE
5123,0.000000,0.000000,0.271226,PAUSE
5124,0.000000,0.000000,0.430268,PAUSE
5125,0.000000,0.000000,0.584959,ALLOW
5126,0.000000,0.000000,0.713427,ALLOW
5127,0.000000,0.000000,0.809819,ALLOW
5128,0.000000,0.000000,0.877382,ALLOW
5129,0.000000,0.000000,0.922576,ALLOW
5130,0.000000,0.000000,0.951840,ALLOW
5131,0.000000,0.000000,0.970361,ALLOW
5132,0.000000,0.000000,0.981898,ALLOW
5133,0.000000,0.000000,0.989004,ALLOW
5134,0.000000,0.000000,0.993345,ALLOW
5135,0.000000,0.000000,0.995983,ALLOW
5136,0.000000,0.000000,0.997580,ALLOW
5137,0.860004,1.000000,0.428880,PAUSE
5138,0.860004,0.000000,0.181219,PAUSE
5139,0.000000,1.000000,0.082629,PAUSE
5140,0.000000,0.000000,0.084922,PAUSE
5141,0.000000,0.000000,0.172075,PAUSE
5142,0.000000,0.000000,0.317366,PAUSE
5143,0.000000,0.000000,0.480531,PAUSE
5144,0.000000,0.000000,0.629087,ALLOW
5145,0.000000,0.000000,0.747627,ALLOW
5146,0.000000,0.000000,0.834287,ALLOW
5147,0.000000,0.000000,0.893972,ALLOW
5148,0.000000,0.000000,0.933417,ALLOW
5149,0.860004,1.000000,0.402511,PAUSE
5150,0.000000,1.000000,0.165870,PAUSE
5151,0.000000,0.000000,0.099731,PAUSE
5152,0.000000,0.000000,0.145909,PAUSE
5153,0.860004,1.000000,0.068922,PAUSE
5154,0.000000,1.000000,0.030215,PAUSE
5155,0.000000,0.000000,0.035248,PAUSE
5156,0.000000,0.000000,0.099239,PAUSE
5157,0.000000,0.000000,0.225621,PAUSE
5158,0.000000,0.000000,0.387322,PAUSE
5159,0.000000,0.000000,0.548460,ALLOW
5160,0.000000,0.000000,0.685236,ALLOW
5161,0.860004,1.000000,0.299758,PAUSE
5162,0.000000,1.000000,0.124411,PAUSE
5163,0.860004,1.000000,0.051352,PAUSE
5164,0.000000,1.000000,0.021390,PAUSE
5165,0.000000,0.000000,0.020266,PAUSE
5166,0.000000,0.000000,0.064652,PAUSE
5167,0.000000,0.000000,0.171306,PAUSE
5168,0.000000,0.000000,0.324900,PAUSE
5169,0.000000,0.000000,0.490197,PAUSE
5170,0.000000,0.000000,0.637866,ALLOW
5171,0.000000,0.000000,0.754478,ALLOW
5172,0.000000,0.000000,0.839186,ALLOW
5173,0.000000,0.000000,0.897287,ALLOW
5174,0.000000,0.000000,0.935578,ALLOW
5175,0.000000,0.000000,0.960119,ALLOW
5176,0.000000,0.000000,0.975539,ALLOW
5177,0.000000,0.000000,0.985096,ALLOW
5178,0.000000,0.000000,0.990962,ALLOW
5179,0.000000,0.000000,0.994537,ALLOW
5180,0.000000,0.000000,0.996705,ALLOW
5181,0.000000,0.000000,0.998016,ALLOW
5182,0.000000,0.000000,0.998807,ALLOW
5183,0.000000,0.000000,0.999283,ALLOW
5184,0.000000,0.000000,0.999569,ALLOW
5185,0.000000,0.000000,0.999741,ALLOW
5186,0.000000,0.000000,0.999845,ALLOW
5187,0.000000,0.000000,0.999907,ALLOW
5188,0.000000,0.000000,0.999944,ALLOW
5189,0.000000,0.000000,0.999966,ALLOW
5190,0.000000,0.000000,0.999980,ALLOW
5191,0.000000,0.000000,0.999988,ALLOW
5192,0.000000,0.000000,0.999993,ALLOW
5193,0.860004,1.000000,0.429869,PAUSE
5194,0.000000,1.000000,0.176886,PAUSE
5195,0.860004,1.000000,0.072431,PAUSE
5196,0.000000,1.000000,0.029850,PAUSE
5197,0.000000,0.000000,0.023883,PAUSE
5198,0.860004,1.000000,0.012402,PAUSE
5199,0.000000,1.000000,0.006166,PAUSE
5200,0.860004,1.000000,0.003186,PAUSE
5201,0.000000,1.000000,0.001802,PAUSE
5202,0.000000,0.000000,0.009528,PAUSE
5203,0.000000,0.000000,0.051472,PAUSE
5204,0.860004,1.000000,0.027124,PAUSE
5205,0.000000,1.000000,0.012834,PAUSE
5206,0.000000,0.000000,0.024622,PAUSE
5207,0.000000,0.000000,0.086608,PAUSE
5208,0.000000,0.000000,0.209362,PAUSE
5209,0.000000,0.000000,0.369941,PAUSE
5210,0.000000,0.000000,0.532798,ALLOW
5211,0.000000,0.000000,0.672757,ALLOW
5212,0.000000,0.000000,0.780443,ALLOW
5213,0.000000,0.000000,0.857290,ALLOW
5214,0.000000,0.000000,0.909354,ALLOW
5215,0.000000,0.000000,0.943373,ALLOW
5216,0.000000,0.000000,0.965044,ALLOW
5217,0.000000,0.000000,0.978604,ALLOW
5218,0.000000,0.000000,0.986982,ALLOW
5219,0.860004,1.000000,0.424532,PAUSE
5220,0.860004,0.000000,0.179473,PAUSE
5221,0.000000,1.000000,0.081917,PAUSE
5222,0.000000,0.000000,0.084597,PAUSE
5223,0.000000,0.000000,0.171879,PAUSE
5224,0.000000,0.000000,0.317217,PAUSE
5225,0.000000,0.000000,0.480411,PAUSE
5226,0.000000,0.000000,0.628994,ALLOW
5227,0.000000,0.000000,0.747559,ALLOW
5228,0.000000,0.000000,0.834240,ALLOW
5229,0.000000,0.000000,0.893941,ALLOW
5230,0.860004,1.000000,0.386245,PAUSE
5231,0.000000,1.000000,0.159315,PAUSE
5232,0.860004,1.000000,0.065378,PAUSE
5233,0.000000,1.000000,0.027021,PAUSE
5234,0.860004,1.000000,0.011400,PAUSE
5235,0.000000,1.000000,0.005029,PAUSE
5236,0.000000,0.000000,0.010219,PAUSE
5237,0.000000,0.000000,0.049771,PAUSE
5238,0.000000,0.000000,0.147882,PAUSE
5239,0.000000,0.000000,0.296581,PAUSE
5240,0.000000,0.000000,0.462649,PAUSE
5241,0.000000,0.000000,0.614802,ALLOW
5242,0.000000,0.000000,0.737039,ALLOW
5243,0.000000,0.000000,0.826889,ALLOW
5244,0.000000,0.000000,0.889025,ALLOW
5245,0.000000,0.000000,0.930211,ALLOW
5246,0.000000,0.000000,0.956714,ALLOW
5247,0.000000,0.000000,0.973415,ALLOW
5248,0.000000,0.000000,0.983787,ALLOW
5249,0.000000,0.000000,0.990161,ALLOW
5250,0.000000,0.000000,0.994050,ALLOW
5251,0.000000,0.000000,0.996410,ALLOW
5252,0.000000,0.000000,0.997838,ALLOW
5253,0.000000,0.000000,0.998699,ALLOW
5254,0.860004,1.000000,0.429339,PAUSE
5255,0.000000,1.000000,0.176672,PAUSE
5256,0.000000,0.000000,0.104344,PAUSE
5257,0.860004,1.000000,0.047044,PAUSE
5258,0.000000,1.000000,0.020568,PAUSE
5259,0.000000,0.000000,0.026307,PAUSE
5260,0.000000,0.000000,0.083904,PAUSE
5261,0.000000,0.000000,0.203624,PAUSE
5262,0.860004,1.000000,0.095470,PAUSE
5263,0.000000,1.000000,0.041324,PAUSE
5264,0.000000,0.000000,0.042181,PAUSE
5265,0.000000,0.000000,0.107389,PAUSE
5266,0.860004,1.000000,0.052559,PAUSE
5267,0.000000,1.000000,0.023523,PAUSE
5268,0.000000,0.000000,0.031794,PAUSE
5269,0.000000,0.000000,0.096131,PAUSE
5270,0.860004,1.000000,0.047596,PAUSE
5271,0.000000,1.000000,0.021465,PAUSE
5272,0.860004,1.000000,0.009681,PAUSE
5273,0.000000,1.000000,0.004552,PAUSE
5274,0.000000,0.000000,0.012065,PAUSE
5275,0.000000,0.000000,0.057011,PAUSE
5276,0.000000,0.000000,0.161412,PAUSE
5277,0.000000,0.000000,0.313641,PAUSE
5278,0.860004,1.000000,0.143083,PAUSE
5279,0.000000,0.000000,0.129505,PAUSE
5280,0.000000,0.000000,0.220318,PAUSE
5281,0.000000,1.000000,0.102070,PAUSE
5282,0.000000,0.000000,0.103616,PAUSE
5283,0.000000,0.000000,0.196323,PAUSE
5284,0.860004,1.000000,0.091784,PAUSE
5285,0.860004,0.000000,0.045666,PAUSE
5286,0.000000,1.000000,0.025838,PAUSE
5287,0.000000,0.000000,0.053864,PAUSE
5288,0.000000,0.000000,0.145861,PAUSE
5289,0.000000,0.000000,0.291676,PAUSE
5290,0.000000,0.000000,0.457114,PAUSE
5291,0.000000,0.000000,0.609905,ALLOW
5292,0.000000,0.000000,0.733237,ALLOW
5293,0.000000,0.000000,0.824170,ALLOW
5294,0.860004,1.000000,0.357425,PAUSE
5295,0.000000,1.000000,0.147695,PAUSE
5296,0.000000,0.000000,0.091880,PAUSE
5297,0.000000,0.000000,0.141658,PAUSE
5298,0.000000,0.000000,0.267400,PAUSE
5299,0.000000,0.000000,0.427222,PAUSE
5300,0.000000,0.000000,0.582572,ALLOW
5301,0.000000,0.000000,0.711658,ALLOW
5302,0.860004,1.000000,0.310747,PAUSE
5303,0.000000,1.000000,0.128851,PAUSE
5304,0.000000,0.000000,0.083616,PAUSE
5305,0.000000,0.000000,0.136954,PAUSE
5306,0.000000,0.000000,0.263828,PAUSE
5307,0.000000,0.000000,0.424249,PAUSE
5308,0.860004,1.000000,0.190137,PAUSE
5309,0.000000,1.000000,0.079987,PAUSE
5310,0.000000,0.000000,0.061374,PAUSE
5311,0.000000,0.000000,0.122743,PAUSE
5312,0.000000,0.000000,0.251637,PAUSE
5313,0.000000,0.000000,0.413383,PAUSE
5314,0.000000,0.000000,0.571199,ALLOW
5315,0.000000,0.000000,0.703024,ALLOW
5316,0.000000,0.000000,0.802436,ALLOW
5317,0.000000,0.000000,0.872387,ALLOW
5318,0.000000,0.000000,0.919311,ALLOW
5319,0.000000,0.000000,0.949758,ALLOW
5320,0.000000,0.000000,0.969058,ALLOW
5321,0.000000,0.000000,0.981093,ALLOW
5322,0.000000,0.000000,0.988510,ALLOW
5323,0.000000,0.000000,0.993045,ALLOW
5324,0.000000,0.000000,0.995801,ALLOW
5325,0.000000,0.000000,0.997470,ALLOW
5326,0.000000,0.000000,0.998478,ALLOW
5327,0.860004,1.000000,0.429248,PAUSE
5328,0.860004,0.000000,0.181367,PAUSE
5329,0.000000,1.000000,0.082689,PAUSE
5330,0.000000,0.000000,0.084950,PAUSE
5331,0.000000,0.000000,0.172092,PAUSE
5332,0.000000,0.000000,0.317378,PAUSE
5333,0.000000,0.000000,0.480541,PAUSE
5334,0.000000,0.000000,0.629095,ALLOW
5335,0.000000,0.000000,0.747632,ALLOW
5336,0.000000,0.000000,0.834290,ALLOW
5337,0.000000,0.000000,0.893975,ALLOW
5338,0.000000,0.000000,0.933419,ALLOW
5339,0.000000,0.000000,0.958746,ALLOW
5340,0.000000,0.000000,0.974682,ALLOW
5341,0.000000,0.000000,0.984567,ALLOW
5342,0.860004,1.000000,0.423540,PAUSE
5343,0.000000,1.000000,0.174338,PAUSE
5344,0.860004,1.000000,0.071409,PAUSE
5345,0.000000,1.000000,0.029440,PAUSE
5346,0.860004,1.000000,0.012370,PAUSE
5347,0.000000,1.000000,0.005419,PAUSE
5348,0.000000,0.000000,0.010388,PAUSE
5349,0.000000,0.000000,0.049885,PAUSE
5350,0.860004,1.000000,0.026329,PAUSE
5351,0.000000,1.000000,0.012486,PAUSE
5352,0.860004,1.000000,0.005956,PAUSE
5353,0.000000,1.000000,0.003011,PAUSE
5354,0.000000,0.000000,0.010981,PAUSE
5355,0.000000,0.000000,0.055134,PAUSE
5356,0.000000,0.000000,0.158349,PAUSE
5357,0.000000,0.000000,0.309914,PAUSE
5358,0.000000,0.000000,0.475874,PAUSE
5359,0.000000,0.000000,0.625980,ALLOW
5360,0.000000,0.000000,0.745536,ALLOW
5361,0.000000,0.000000,0.832901,ALLOW
5362,0.000000,0.000000,0.893073,ALLOW
5363,0.000000,0.000000,0.932845,ALLOW
5364,0.000000,0.000000,0.958386,ALLOW
5365,0.000000,0.000000,0.974459,ALLOW
5366,0.000000,0.000000,0.984431,ALLOW
5367,0.000000,0.000000,0.990555,ALLOW
5368,0.000000,0.000000,0.994289,ALLOW
5369,0.000000,0.000000,0.996555,ALLOW
5370,0.000000,0.000000,0.997926,ALLOW
5371,0.000000,0.000000,0.998752,ALLOW
5372,0.000000,0.000000,0.999250,ALLOW
5373,0.000000,0.000000,0.999550,ALLOW
5374,0.000000,0.000000,0.999730,ALLOW
5375,0.000000,0.000000,0.999838,ALLOW
5376,0.000000,0.000000,0.999903,ALLOW
5377,0.860004,1.000000,0.429832,PAUSE
5378,0.000000,1.000000,0.176871,PAUSE
5379,0.000000,0.000000,0.104429,PAUSE
5380,0.000000,0.000000,0.148354,PAUSE
5381,0.000000,0.000000,0.272093,PAUSE
5382,0.000000,0.000000,0.430933,PAUSE
5383,0.000000,0.000000,0.585469,ALLOW
5384,0.000000,0.000000,0.713801,ALLOW
5385,0.000000,0.000000,0.810080,ALLOW
5386,0.000000,0.000000,0.877558,ALLOW
5387,0.000000,0.000000,0.922690,ALLOW
5388,0.000000,0.000000,0.951912,ALLOW
5389,0.000000,0.000000,0.970407,ALLOW
5390,0.000000,0.000000,0.981926,ALLOW
5391,0.000000,0.000000,0.989021,ALLOW
5392,0.000000,0.000000,0.993356,ALLOW
5393,0.860004,1.000000,0.427147,PAUSE
5394,0.000000,1.000000,0.175790,PAUSE
5395,0.000000,0.000000,0.103970,PAUSE
5396,0.000000,0.000000,0.148119,PAUSE
5397,0.000000,0.000000,0.271938,PAUSE
5398,0.000000,0.000000,0.430815,PAUSE
5399,0.000000,0.000000,0.585379,ALLOW
5400,0.000000,0.000000,0.713735,ALLOW
5401,0.860004,1.000000,0.311609,PAUSE
5402,0.000000,1.000000,0.129199,PAUSE
5403,0.000000,0.000000,0.083770,PAUSE
5404,0.000000,0.000000,0.137042,PAUSE
5405,0.000000,0.000000,0.263895,PAUSE
5406,0.860004,1.000000,0.121428,PAUSE
5407,0.000000,1.000000,0.051949,PAUSE
5408,0.000000,0.000000,0.047602,PAUSE
5409,0.000000,0.000000,0.112013,PAUSE
5410,0.000000,0.000000,0.240813,PAUSE
5411,0.000000,0.000000,0.402962,PAUSE
5412,0.000000,0.000000,0.562269,ALLOW
5413,0.000000,0.000000,0.696103,ALLOW
5414,0.000000,0.000000,0.797458,ALLOW
5415,0.000000,0.000000,0.868992,ALLOW
5416,0.000000,0.000000,0.917081,ALLOW
5417,0.000000,0.000000,0.948333,ALLOW
5418,0.860004,1.000000,0.408649,PAUSE
5419,0.000000,1.000000,0.168342,PAUSE
5420,0.000000,0.000000,0.100791,PAUSE
5421,0.860004,1.000000,0.045601,PAUSE
5422,0.000000,1.000000,0.019987,PAUSE
5423,0.000000,0.000000,0.026049,PAUSE
5424,0.860004,1.000000,0.014070,PAUSE
5425,0.000000,1.000000,0.007027,PAUSE
5426,0.000000,0.000000,0.018613,PAUSE
5427,0.000000,0.000000,0.075131,PAUSE
5428,0.000000,0.000000,0.192068,PAUSE
5429,0.000000,0.000000,0.350351,PAUSE
5430,0.000000,0.000000,0.514645,ALLOW
5431,0.000000,0.000000,0.658063,ALLOW
5432,0.000000,0.000000,0.769588,ALLOW
5433,0.000000,0.000000,0.849758,ALLOW
5434,0.000000,0.000000,0.904350,ALLOW
5435,0.000000,0.000000,0.940148,ALLOW
5436,0.000000,0.000000,0.963009,ALLOW
5437,0.000000,0.000000,0.977339,ALLOW
5438,0.000000,0.000000,0.986205,ALLOW
5439,0.000000,0.000000,0.991639,ALLOW
5440,0.000000,0.000000,0.994948,ALLOW
5441,0.000000,0.000000,0.996954,ALLOW
5442,0.000000,0.000000,0.998166,ALLOW
5443,0.860004,1.000000,0.429120,PAUSE
5444,0.000000,1.000000,0.176584,PAUSE
5445,0.860004,1.000000,0.072310,PAUSE
5446,0.000000,1.000000,0.029801,PAUSE
5447,0.860004,1.000000,0.012515,PAUSE
5448,0.000000,1.000000,0.005477,PAUSE
5449,0.000000,0.000000,0.010413,PAUSE
5450,0.000000,0.000000,0.049901,PAUSE
5451,0.000000,0.000000,0.148021,PAUSE
5452,0.000000,0.000000,0.296733,PAUSE
5453,0.000000,0.000000,0.462795,PAUSE
5454,0.000000,0.000000,0.614924,ALLOW
5455,0.000000,0.000000,0.737130,ALLOW
5456,0.000000,0.000000,0.826954,ALLOW
5457,0.860004,1.000000,0.358577,PAUSE
5458,0.000000,1.000000,0.148160,PAUSE
5459,0.000000,0.000000,0.092082,PAUSE
5460,0.000000,0.000000,0.141770,PAUSE
5461,0.000000,0.000000,0.267483,PAUSE
5462,0.000000,0.000000,0.427290,PAUSE
5463,0.860004,1.000000,0.191414,PAUSE
5464,0.000000,1.000000,0.080505,PAUSE
5465,0.000000,0.000000,0.061612,PAUSE
5466,0.860004,1.000000,0.029537,PAUSE
5467,0.000000,1.000000,0.013482,PAUSE
5468,0.000000,0.000000,0.022952,PAUSE
5469,0.860004,1.000000,0.012771,PAUSE
5470,0.860004,0.000000,0.011525,PAUSE
5471,0.000000,0.000000,0.044024,PAUSE
5472,0.000000,1.000000,0.027497,PAUSE
5473,0.000000,0.000000,0.062086,PAUSE
5474,0.000000,0.000000,0.161685,PAUSE
5475,0.000000,0.000000,0.311851,PAUSE
5476,0.000000,0.000000,0.477165,PAUSE
5477,0.000000,0.000000,0.626879,ALLOW
5478,0.000000,0.000000,0.746157,ALLOW
5479,0.860004,1.000000,0.325092,PAUSE
5480,0.860004,0.000000,0.139444,PAUSE
5481,0.000000,1.000000,0.065511,PAUSE
5482,0.000000,0.000000,0.076812,PAUSE
5483,0.000000,0.000000,0.166804,PAUSE
5484,0.000000,0.000000,0.313061,PAUSE
5485,0.000000,0.000000,0.476932,PAUSE
5486,0.000000,0.000000,0.626254,ALLOW
5487,0.860004,1.000000,0.275148,PAUSE
5488,0.000000,0.000000,0.198432,PAUSE
5489,0.000000,0.000000,0.269502,PAUSE
5490,0.000000,1.000000,0.122791,PAUSE
5491,0.000000,0.000000,0.114692,PAUSE
5492,0.860004,1.000000,0.053791,PAUSE
5493,0.000000,1.000000,0.023742,PAUSE
5494,0.000000,0.000000,0.030376,PAUSE
5495,0.000000,0.000000,0.092151,PAUSE
5496,0.000000,0.000000,0.215969,PAUSE
5497,0.000000,0.000000,0.376877,PAUSE
5498,0.000000,0.000000,0.539025,ALLOW
5499,0.000000,0.000000,0.677718,ALLOW
5500,0.860004,1.000000,0.296627,PAUSE
5501,0.000000,0.000000,0.208932,PAUSE
5502,0.860004,0.000000,0.101232,PAUSE
5503,0.000000,0.000000,0.112843,PAUSE
5504,0.860004,0.000000,0.057914,PAUSE
5505,0.000000,1.000000,0.046536,PAUSE
5506,0.000000,0.000000,0.104212,PAUSE
5507,0.000000,0.000000,0.228209,PAUSE
5508,0.000000,0.000000,0.388931,PAUSE
5509,0.000000,0.000000,0.549559,ALLOW
5510,0.000000,0.000000,0.685999,ALLOW
5511,0.000000,0.000000,0.790092,ALLOW
5512,0.000000,0.000000,0.863928,ALLOW
5513,0.000000,0.000000,0.913740,ALLOW
5514,0.000000,0.000000,0.946189,ALLOW
5515,0.860004,1.000000,0.407767,PAUSE
5516,0.000000,1.000000,0.167987,PAUSE
5517,0.000000,0.000000,0.100639,PAUSE
5518,0.000000,0.000000,0.146388,PAUSE
5519,0.860004,1.000000,0.069121,PAUSE
5520,0.000000,1.000000,0.030295,PAUSE
5521,0.000000,0.000000,0.035286,PAUSE
5522,0.000000,0.000000,0.099266,PAUSE
5523,0.860004,1.000000,0.048964,PAUSE
5524,0.000000,1.000000,0.022030,PAUSE
5525,0.000000,0.000000,0.030904,PAUSE
5526,0.000000,0.000000,0.095117,PAUSE
5527,0.000000,0.000000,0.220830,PAUSE
5528,0.000000,0.000000,0.382383,PAUSE
5529,0.000000,0.000000,0.544077,ALLOW
5530,0.000000,0.000000,0.681771,ALLOW
5531,0.000000,0.000000,0.787048,ALLOW
5532,0.000000,0.000000,0.861848,ALLOW
5533,0.000000,0.000000,0.912371,ALLOW
5534,0.000000,0.000000,0.945313,ALLOW
5535,0.000000,0.000000,0.966265,ALLOW
5536,0.000000,0.000000,0.979362,ALLOW
5537,0.860004,1.000000,0.421403,PAUSE
5538,0.000000,1.000000,0.173478,PAUSE
5539,0.000000,0.000000,0.102985,PAUSE
5540,0.000000,0.000000,0.147612,PAUSE
5541,0.000000,0.000000,0.271599,PAUSE
5542,0.000000,0.000000,0.430556,PAUSE
5543,0.000000,0.000000,0.585180,ALLOW
5544,0.000000,0.000000,0.713589,ALLOW
5545,0.000000,0.000000,0.809933,ALLOW
5546,0.000000,0.000000,0.877459,ALLOW
5547,0.000000,0.000000,0.922626,ALLOW
5548,0.860004,1.000000,0.398067,PAUSE
5549,0.860004,0.000000,0.168842,PAUSE
5550,0.000000,1.000000,0.077576,PAUSE
5551,0.000000,0.000000,0.082586,PAUSE
5552,0.000000,0.000000,0.170636,PAUSE
5553,0.000000,0.000000,0.316245,PAUSE
5554,0.000000,0.000000,0.479617,PAUSE
5555,0.860004,1.000000,0.213580,PAUSE
5556,0.000000,1.000000,0.089512,PAUSE
5557,0.000000,0.000000,0.065842,PAUSE
5558,0.860004,1.000000,0.031291,PAUSE
5559,0.000000,0.000000,0.046264,PAUSE
5560,0.000000,1.000000,0.023818,PAUSE
5561,0.000000,0.000000,0.044720,PAUSE
5562,0.000000,0.000000,0.127317,PAUSE
5563,0.000000,0.000000,0.267069,PAUSE
5564,0.000000,0.000000,0.431993,PAUSE
5565,0.000000,0.000000,0.588252,ALLOW
5566,0.860004,1.000000,0.259261,PAUSE
5567,0.000000,0.000000,0.190591,PAUSE
5568,0.860004,0.000000,0.093854,PAUSE
5569,0.860004,0.000000,0.043016,PAUSE
5570,0.000000,1.000000,0.036885,PAUSE
5571,0.000000,0.000000,0.091962,PAUSE
5572,0.000000,0.000000,0.212115,PAUSE
5573,0.000000,0.000000,0.371643,PAUSE
5574,0.000000,0.000000,0.533963,ALLOW
5575,0.000000,0.000000,0.673570,ALLOW
5576,0.860004,1.000000,0.294898,PAUSE
5577,0.000000,0.000000,0.208090,PAUSE
5578,0.000000,1.000000,0.092815,PAUSE
5579,0.000000,0.000000,0.087249,PAUSE
5580,0.000000,0.000000,0.170196,PAUSE
5581,0.000000,0.000000,0.313567,PAUSE
5582,0.000000,0.000000,0.476405,PAUSE
5583,0.000000,0.000000,0.625501,ALLOW
5584,0.000000,0.000000,0.744872,ALLOW
5585,0.000000,0.000000,0.832330,ALLOW
5586,0.000000,0.000000,0.892652,ALLOW
5587,0.000000,0.000000,0.932558,ALLOW
5588,0.860004,1.000000,0.402157,PAUSE
5589,0.000000,0.000000,0.258565,PAUSE
5590,0.000000,1.000000,0.113479,PAUSE
5591,0.000000,0.000000,0.096992,PAUSE
5592,0.000000,0.000000,0.176471,PAUSE
5593,0.000000,0.000000,0.318657,PAUSE
5594,0.000000,0.000000,0.480649,PAUSE
5595,0.000000,0.000000,0.628838,ALLOW
5596,0.000000,0.000000,0.747325,ALLOW
5597,0.000000,0.000000,0.834036,ALLOW
5598,0.000000,0.000000,0.893790,ALLOW
5599,0.000000,0.000000,0.933294,ALLOW
5600,0.000000,0.000000,0.958665,ALLOW
5601,0.000000,0.000000,0.974631,ALLOW
5602,0.860004,1.000000,0.419460,PAUSE
5603,0.000000,0.000000,0.266435,PAUSE
5604,0.000000,1.000000,0.116686,PAUSE
5605,0.000000,0.000000,0.098455,PAUSE
5606,0.000000,0.000000,0.177344,PAUSE
5607,0.000000,0.000000,0.319317,PAUSE
5608,0.000000,0.000000,0.481178,PAUSE
5609,0.000000,0.000000,0.629247,ALLOW
5610,0.000000,0.000000,0.747623,ALLOW
5611,0.000000,0.000000,0.834242,ALLOW
5612,0.000000,0.000000,0.893927,ALLOW
5613,0.000000,0.000000,0.933382,ALLOW
5614,0.000000,0.000000,0.958721,ALLOW
5615,0.000000,0.000000,0.974665,ALLOW
5616,0.000000,0.000000,0.984557,ALLOW
5617,0.000000,0.000000,0.990631,ALLOW
5618,0.860004,1.000000,0.426029,PAUSE
5619,0.000000,0.000000,0.269401,PAUSE
5620,0.000000,1.000000,0.117893,PAUSE
5621,0.860004,1.000000,0.049738,PAUSE
5622,0.000000,1.000000,0.021032,PAUSE
5623,0.000000,0.000000,0.022362,PAUSE
5624,0.860004,1.000000,0.012071,PAUSE
5625,0.000000,0.000000,0.030433,PAUSE
5626,0.000000,1.000000,0.016675,PAUSE
5627,0.000000,0.000000,0.038533,PAUSE
5628,0.000000,0.000000,0.118506,PAUSE
5629,0.000000,0.000000,0.255947,PAUSE
5630,0.000000,0.000000,0.420637,PAUSE
5631,0.000000,0.000000,0.578391,ALLOW
5632,0.000000,0.000000,0.708905,ALLOW
5633,0.000000,0.000000,0.806766,ALLOW
5634,0.000000,0.000000,0.875373,ALLOW
5635,0.000000,0.000000,0.921284,ALLOW
5636,0.000000,0.000000,0.951024,ALLOW
5637,0.000000,0.000000,0.969854,ALLOW
5638,0.000000,0.000000,0.981585,ALLOW
5639,0.000000,0.000000,0.988812,ALLOW
5640,0.000000,0.000000,0.993229,ALLOW
5641,0.000000,0.000000,0.995913,ALLOW
5642,0.860004,1.000000,0.428196,PAUSE
5643,0.000000,0.000000,0.270376,PAUSE
5644,0.860004,0.000000,0.126108,PAUSE
5645,0.000000,0.000000,0.123524,PAUSE
5646,0.000000,1.000000,0.069655,PAUSE
5647,0.000000,0.000000,0.106397,PAUSE
5648,0.000000,0.000000,0.219691,PAUSE
5649,0.000000,0.000000,0.376439,PAUSE
5650,0.000000,0.000000,0.537302,ALLOW
5651,0.860004,1.000000,0.237873,PAUSE
5652,0.860004,0.000000,0.104265,PAUSE
5653,0.000000,0.000000,0.090361,PAUSE
5654,0.000000,1.000000,0.050906,PAUSE
5655,0.000000,0.000000,0.085336,PAUSE
5656,0.860004,1.000000,0.042005,PAUSE
5657,0.000000,0.000000,0.061354,PAUSE
5658,0.000000,1.000000,0.030818,PAUSE
5659,0.860004,1.000000,0.014264,PAUSE
5660,0.000000,1.000000,0.006662,PAUSE
5661,0.000000,0.000000,0.015243,PAUSE
5662,0.000000,0.000000,0.065120,PAUSE
5663,0.860004,1.000000,0.033478,PAUSE
5664,0.000000,1.000000,0.015534,PAUSE
5665,0.000000,0.000000,0.026624,PAUSE
5666,0.000000,0.000000,0.089566,PAUSE
5667,0.860004,1.000000,0.044671,PAUSE
5668,0.000000,1.000000,0.020247,PAUSE
5669,0.000000,0.000000,0.029830,PAUSE
5670,0.000000,0.000000,0.093876,PAUSE
5671,0.860004,1.000000,0.046597,PAUSE
5672,0.000000,1.000000,0.021050,PAUSE
5673,0.860004,1.000000,0.009511,PAUSE
5674,0.000000,1.000000,0.004482,PAUSE
5675,0.860004,1.000000,0.002302,PAUSE
5676,0.000000,1.000000,0.001350,PAUSE
5677,0.000000,0.000000,0.008317,PAUSE
5678,0.000000,0.000000,0.047559,PAUSE
5679,0.000000,0.000000,0.144542,PAUSE
5680,0.000000,0.000000,0.292501,PAUSE
5681,0.860004,1.000000,0.134009,PAUSE
5682,0.860004,0.000000,0.062274,PAUSE
5683,0.000000,0.000000,0.072125,PAUSE
5684,0.000000,1.000000,0.042686,PAUSE
5685,0.000000,0.000000,0.079573,PAUSE
5686,0.000000,0.000000,0.186277,PAUSE
5687,0.860004,1.000000,0.087743,PAUSE
5688,0.000000,1.000000,0.038127,PAUSE
5689,0.000000,0.000000,0.040374,PAUSE
5690,0.000000,0.000000,0.105544,PAUSE
5691,0.000000,0.000000,0.233663,PAUSE
5692,0.000000,0.000000,0.395800,PAUSE
5693,0.000000,0.000000,0.556018,ALLOW
5694,0.000000,0.000000,0.691212,ALLOW
5695,0.000000,0.000000,0.793920,ALLOW
5696,0.000000,0.000000,0.866570,ALLOW
5697,0.000000,0.000000,0.915487,ALLOW
5698,0.000000,0.000000,0.947312,ALLOW
5699,0.000000,0.000000,0.967522,ALLOW
5700,0.000000,0.000000,0.980141,ALLOW
5701,0.000000,0.000000,0.987927,ALLOW
5702,0.000000,0.000000,0.992689,ALLOW
5703,0.000000,0.000000,0.995586,ALLOW
5704,0.000000,0.000000,0.997340,ALLOW
5705,0.000000,0.000000,0.998399,ALLOW
5706,0.000000,0.000000,0.999037,ALLOW
5707,0.860004,1.000000,0.429478,PAUSE
5708,0.000000,1.000000,0.176728,PAUSE
5709,0.000000,0.000000,0.104368,PAUSE
5710,0.000000,0.000000,0.148323,PAUSE
5711,0.000000,0.000000,0.272073,PAUSE
5712,0.000000,0.000000,0.430917,PAUSE
5713,0.000000,0.000000,0.585457,ALLOW
5714,0.000000,0.000000,0.713792,ALLOW
5715,0.000000,0.000000,0.810074,ALLOW
5716,0.000000,0.000000,0.877554,ALLOW
5717,0.860004,1.000000,0.379483,PAUSE
5718,0.000000,1.000000,0.156590,PAUSE
5719,0.000000,0.000000,0.095735,PAUSE
5720,0.000000,0.000000,0.143770,PAUSE
5721,0.000000,0.000000,0.268931,PAUSE
5722,0.000000,0.000000,0.428459,PAUSE
5723,0.000000,0.000000,0.583549,ALLOW
5724,0.860004,1.000000,0.257266,PAUSE
5725,0.000000,0.000000,0.189545,PAUSE
5726,0.000000,1.000000,0.085172,PAUSE
5727,0.000000,0.000000,0.083484,PAUSE
5728,0.000000,0.000000,0.167540,PAUSE
5729,0.000000,0.000000,0.311251,PAUSE
5730,0.000000,0.000000,0.474401,PAUSE
5731,0.000000,0.000000,0.623898,ALLOW
5732,0.000000,0.000000,0.743684,ALLOW
5733,0.000000,0.000000,0.831500,ALLOW
5734,0.000000,0.000000,0.892098,ALLOW
5735,0.000000,0.000000,0.932199,ALLOW
5736,0.860004,1.000000,0.402009,PAUSE
5737,0.000000,0.000000,0.258497,PAUSE
5738,0.000000,1.000000,0.113452,PAUSE
5739,0.000000,0.000000,0.096979,PAUSE
5740,0.000000,0.000000,0.176463,PAUSE
5741,0.860004,1.000000,0.082936,PAUSE
5742,0.000000,1.000000,0.036081,PAUSE
5743,0.000000,0.000000,0.038939,PAUSE
5744,0.000000,0.000000,0.103647,PAUSE
5745,0.000000,0.000000,0.231200,PAUSE
5746,0.000000,0.000000,0.393197,PAUSE
5747,0.000000,0.000000,0.553698,ALLOW
5748,0.000000,0.000000,0.689380,ALLOW
5749,0.000000,0.000000,0.792588,ALLOW
5750,0.860004,1.000000,0.344349,PAUSE
5751,0.860004,0.000000,0.147247,PAUSE
5752,0.000000,1.000000,0.068722,PAUSE
5753,0.000000,0.000000,0.078375,PAUSE
5754,0.000000,0.000000,0.167878,PAUSE
5755,0.000000,0.000000,0.313978,PAUSE
5756,0.000000,0.000000,0.477716,PAUSE
5757,0.000000,0.000000,0.626877,ALLOW
5758,0.000000,0.000000,0.746004,ALLOW
5759,0.000000,0.000000,0.833159,ALLOW
5760,0.000000,0.000000,0.893221,ALLOW
5761,0.000000,0.000000,0.932931,ALLOW
5762,0.000000,0.000000,0.958437,ALLOW
5763,0.000000,0.000000,0.974490,ALLOW
5764,0.860004,1.000000,0.419402,PAUSE
5765,0.000000,0.000000,0.266409,PAUSE
5766,0.000000,1.000000,0.116675,PAUSE
5767,0.000000,0.000000,0.098450,PAUSE
5768,0.000000,0.000000,0.177341,PAUSE
5769,0.000000,0.000000,0.319315,PAUSE
5770,0.000000,0.000000,0.481177,PAUSE
5771,0.000000,0.000000,0.629246,ALLOW
5772,0.000000,0.000000,0.747622,ALLOW
5773,0.000000,0.000000,0.834241,ALLOW
5774,0.860004,1.000000,0.361589,PAUSE
5775,0.000000,0.000000,0.239816,PAUSE
5776,0.000000,1.000000,0.105824,PAUSE
5777,0.860004,1.000000,0.044874,PAUSE
5778,0.000000,1.000000,0.019076,PAUSE
5779,0.000000,0.000000,0.021509,PAUSE
5780,0.000000,0.000000,0.071216,PAUSE
5781,0.000000,0.000000,0.183103,PAUSE
5782,0.860004,1.000000,0.086483,PAUSE
5783,0.000000,0.000000,0.095465,PAUSE
5784,0.860004,0.000000,0.054634,PAUSE
5785,0.000000,0.000000,0.091184,PAUSE
5786,0.860004,0.000000,0.048928,PAUSE
5787,0.000000,0.000000,0.078247,PAUSE
5788,0.000000,1.000000,0.056302,PAUSE
5789,0.860004,1.000000,0.026959,PAUSE
5790,0.000000,1.000000,0.012356,PAUSE
5791,0.000000,0.000000,0.021896,PAUSE
5792,0.000000,0.000000,0.079361,PAUSE
5793,0.000000,0.000000,0.197915,PAUSE
5794,0.000000,0.000000,0.356877,PAUSE
5795,0.000000,0.000000,0.520685,ALLOW
5796,0.000000,0.000000,0.662959,ALLOW
5797,0.000000,0.000000,0.773210,ALLOW
5798,0.000000,0.000000,0.852275,ALLOW
5799,0.000000,0.000000,0.906024,ALLOW
5800,0.000000,0.000000,0.941228,ALLOW
5801,0.000000,0.000000,0.963691,ALLOW
5802,0.000000,0.000000,0.977763,ALLOW
5803,0.000000,0.000000,0.986465,ALLOW
5804,0.000000,0.000000,0.991798,ALLOW
5805,0.000000,0.000000,0.995045,ALLOW
5806,0.000000,0.000000,0.997013,ALLOW
5807,0.000000,0.000000,0.998202,ALLOW
5808,0.000000,0.000000,0.998919,ALLOW
5809,0.000000,0.000000,0.999350,ALLOW
5810,0.000000,0.000000,0.999610,ALLOW
5811,0.000000,0.000000,0.999766,ALLOW
5812,0.000000,0.000000,0.999859,ALLOW
5813,0.000000,0.000000,0.999916,ALLOW
5814,0.000000,0.000000,0.999949,ALLOW
5815,0.000000,0.000000,0.999970,ALLOW
5816,0.000000,0.000000,0.999982,ALLOW
5817,0.000000,0.000000,0.999989,ALLOW
5818,0.000000,0.000000,0.999993,ALLOW
5819,0.000000,0.000000,0.999996,ALLOW
5820,0.860004,1.000000,0.429871,PAUSE
5821,0.000000,0.000000,0.271128,PAUSE
5822,0.000000,1.000000,0.118595,PAUSE
5823,0.000000,0.000000,0.099318,PAUSE
5824,0.000000,0.000000,0.177848,PAUSE
5825,0.000000,0.000000,0.319691,PAUSE
5826,0.860004,1.000000,0.145481,PAUSE
5827,0.000000,0.000000,0.130409,PAUSE
5828,0.000000,1.000000,0.060550,PAUSE
5829,0.000000,0.000000,0.070500,PAUSE
5830,0.000000,0.000000,0.157173,PAUSE
5831,0.000000,0.000000,0.301408,PAUSE
5832,0.000000,0.000000,0.465545,PAUSE
5833,0.000000,0.000000,0.616683,ALLOW
5834,0.000000,0.000000,0.738286,ALLOW
5835,0.000000,0.000000,0.827710,ALLOW
5836,0.000000,0.000000,0.889556,ALLOW
5837,0.000000,0.000000,0.930549,ALLOW
5838,0.000000,0.000000,0.956925,ALLOW
5839,0.000000,0.000000,0.973546,ALLOW
5840,0.860004,1.000000,0.419014,PAUSE
5841,0.000000,0.000000,0.266233,PAUSE
5842,0.000000,1.000000,0.116604,PAUSE
5843,0.000000,0.000000,0.098417,PAUSE
5844,0.000000,0.000000,0.177322,PAUSE
5845,0.000000,0.000000,0.319300,PAUSE
5846,0.000000,0.000000,0.481165,PAUSE
5847,0.000000,0.000000,0.629237,ALLOW
5848,0.000000,0.000000,0.747616,ALLOW
5849,0.000000,0.000000,0.834237,ALLOW
5850,0.000000,0.000000,0.893923,ALLOW
5851,0.000000,0.000000,0.933380,ALLOW
5852,0.000000,0.000000,0.958719,ALLOW
5853,0.860004,1.000000,0.412921,PAUSE
5854,0.860004,0.000000,0.174818,PAUSE
5855,0.000000,0.000000,0.120272,PAUSE
5856,0.000000,1.000000,0.063685,PAUSE
5857,0.000000,0.000000,0.092576,PAUSE
5858,0.860004,1.000000,0.045055,PAUSE
5859,0.000000,0.000000,0.063094,PAUSE
5860,0.000000,1.000000,0.031558,PAUSE
5861,0.000000,0.000000,0.051680,PAUSE
5862,0.000000,0.000000,0.137159,PAUSE
5863,0.000000,0.000000,0.279266,PAUSE
5864,0.000000,0.000000,0.444271,PAUSE
5865,0.860004,1.000000,0.198674,PAUSE
5866,0.000000,1.000000,0.083462,PAUSE
5867,0.000000,0.000000,0.063035,PAUSE
5868,0.000000,0.000000,0.123950,PAUSE
5869,0.000000,0.000000,0.252791,PAUSE
5870,0.860004,1.000000,0.116717,PAUSE
5871,0.000000,0.000000,0.113853,PAUSE
5872,0.000000,1.000000,0.053570,PAUSE
5873,0.000000,0.000000,0.066516,PAUSE
5874,0.860004,1.000000,0.032928,PAUSE
5875,0.000000,0.000000,0.052233,PAUSE
5876,0.000000,1.000000,0.026693,PAUSE
5877,0.860004,1.000000,0.012524,PAUSE
5878,0.000000,1.000000,0.005939,PAUSE
5879,0.000000,0.000000,0.014741,PAUSE
5880,0.000000,0.000000,0.064319,PAUSE
5881,0.000000,0.000000,0.174051,PAUSE
5882,0.000000,0.000000,0.329030,PAUSE
5883,0.000000,0.000000,0.494400,PAUSE
5884,0.000000,0.000000,0.641421,ALLOW
5885,0.000000,0.000000,0.757169,ALLOW
5886,0.860004,1.000000,0.329664,PAUSE
5887,0.000000,0.000000,0.224784,PAUSE
5888,0.000000,1.000000,0.099669,PAUSE
5889,0.000000,0.000000,0.090544,PAUSE
5890,0.000000,0.000000,0.172407,PAUSE
5891,0.000000,0.000000,0.315423,PAUSE
5892,0.000000,0.000000,0.477979,PAUSE
5893,0.000000,0.000000,0.626749,ALLOW
5894,0.000000,0.000000,0.745794,ALLOW
5895,0.000000,0.000000,0.832972,ALLOW
5896,0.000000,0.000000,0.893081,ALLOW
5897,0.000000,0.000000,0.932835,ALLOW
5898,0.000000,0.000000,0.958375,ALLOW
5899,0.860004,1.000000,0.412779,PAUSE
5900,0.000000,1.000000,0.170005,PAUSE
5901,0.000000,0.000000,0.101502,PAUSE
5902,0.000000,0.000000,0.146841,PAUSE
5903,0.000000,0.000000,0.271077,PAUSE
5904,0.000000,0.000000,0.430153,PAUSE
5905,0.000000,0.000000,0.584870,ALLOW
5906,0.860004,1.000000,0.257817,PAUSE
5907,0.000000,0.000000,0.189814,PAUSE
5908,0.000000,1.000000,0.085283,PAUSE
5909,0.000000,0.000000,0.083539,PAUSE
5910,0.000000,0.000000,0.167578,PAUSE
5911,0.000000,0.000000,0.311284,PAUSE
5912,0.000000,0.000000,0.474430,PAUSE
5913,0.000000,0.000000,0.623921,ALLOW
5914,0.000000,0.000000,0.743701,ALLOW
5915,0.000000,0.000000,0.831512,ALLOW
5916,0.000000,0.000000,0.892105,ALLOW
5917,0.000000,0.000000,0.932204,ALLOW
5918,0.000000,0.000000,0.957975,ALLOW
5919,0.000000,0.000000,0.974201,ALLOW
5920,0.000000,0.000000,0.984271,ALLOW
5921,0.000000,0.000000,0.990457,ALLOW
5922,0.000000,0.000000,0.994229,ALLOW
5923,0.000000,0.000000,0.996519,ALLOW
5924,0.000000,0.000000,0.997904,ALLOW
5925,0.860004,1.000000,0.429013,PAUSE
5926,0.000000,1.000000,0.176541,PAUSE
5927,0.000000,0.000000,0.104289,PAUSE
5928,0.000000,0.000000,0.148283,PAUSE
5929,0.860004,1.000000,0.069904,PAUSE
5930,0.860004,0.000000,0.035873,PAUSE
5931,0.000000,0.000000,0.059039,PAUSE
5932,0.000000,1.000000,0.036106,PAUSE
5933,0.000000,0.000000,0.073219,PAUSE
5934,0.860004,1.000000,0.036699,PAUSE
5935,0.000000,0.000000,0.057653,PAUSE
5936,0.000000,1.000000,0.029203,PAUSE
5937,0.860004,1.000000,0.013593,PAUSE
5938,0.000000,1.000000,0.006386,PAUSE
5939,0.000000,0.000000,0.015074,PAUSE
5940,0.000000,0.000000,0.064887,PAUSE
5941,0.000000,0.000000,0.174940,PAUSE
5942,0.000000,0.000000,0.330080,PAUSE
5943,0.860004,1.000000,0.150123,PAUSE
5944,0.000000,1.000000,0.063704,PAUSE
5945,0.000000,0.000000,0.053599,PAUSE
5946,0.000000,0.000000,0.117081,PAUSE
5947,0.860004,1.000000,0.056758,PAUSE
5948,0.000000,0.000000,0.073909,PAUSE
5949,0.000000,0.000000,0.166605,PAUSE
5950,0.000000,1.000000,0.078959,PAUSE
5951,0.860004,1.000000,0.034485,PAUSE
5952,0.860004,0.000000,0.021491,PAUSE
5953,0.860004,0.000000,0.011927,PAUSE
5954,0.000000,0.000000,0.031365,PAUSE
5955,0.000000,0.000000,0.105044,PAUSE
5956,0.000000,1.000000,0.061752,PAUSE
5957,0.000000,0.000000,0.102038,PAUSE
5958,0.000000,0.000000,0.216322,PAUSE
5959,0.860004,1.000000,0.100816,PAUSE
5960,0.000000,0.000000,0.104040,PAUSE
5961,0.000000,0.000000,0.197859,PAUSE
5962,0.000000,1.000000,0.092468,PAUSE
5963,0.000000,0.000000,0.098089,PAUSE
5964,0.000000,0.000000,0.191604,PAUSE
5965,0.860004,1.000000,0.089767,PAUSE
5966,0.000000,0.000000,0.096459,PAUSE
5967,0.860004,0.000000,0.055711,PAUSE
5968,0.000000,1.000000,0.035367,PAUSE
5969,0.000000,0.000000,0.074581,PAUSE
5970,0.000000,0.000000,0.181198,PAUSE
5971,0.000000,0.000000,0.335069,PAUSE
5972,0.000000,0.000000,0.499477,PAUSE
5973,0.000000,0.000000,0.645403,ALLOW
5974,0.000000,0.000000,0.760081,ALLOW
5975,0.000000,0.000000,0.843098,ALLOW
5976,0.000000,0.000000,0.899898,ALLOW
5977,0.000000,0.000000,0.937267,ALLOW
5978,0.000000,0.000000,0.961187,ALLOW
5979,0.000000,0.000000,0.976205,ALLOW
5980,0.000000,0.000000,0.985506,ALLOW
5981,0.000000,0.000000,0.991212,ALLOW
5982,0.000000,0.000000,0.994689,ALLOW
5983,0.000000,0.000000,0.996797,ALLOW
5984,0.000000,0.000000,0.998072,ALLOW
5985,0.000000,0.000000,0.998840,ALLOW
5986,0.000000,0.000000,0.999303,ALLOW
5987,0.000000,0.000000,0.999581,ALLOW
5988,0.000000,0.000000,0.999749,ALLOW
5989,0.000000,0.000000,0.999849,ALLOW
5990,0.000000,0.000000,0.999909,ALLOW
5991,0.000000,0.000000,0.999946,ALLOW
5992,0.000000,0.000000,0.999967,ALLOW
5993,0.000000,0.000000,0.999980,ALLOW
5994,0.000000,0.000000,0.999988,ALLOW
5995,0.860004,1.000000,0.429867,PAUSE
5996,0.860004,0.000000,0.181616,PAUSE
5997,0.000000,1.000000,0.082791,PAUSE
5998,0.000000,0.000000,0.084996,PAUSE
5999,0.000000,0.000000,0.172119,PAUSE
6000,0.000000,0.000000,0.317399,PAUSE
6001,0.000000,0.000000,0.480558,PAUSE
6002,0.000000,0.000000,0.629108,ALLOW
6003,0.000000,0.000000,0.747642,ALLOW
6004,0.000000,0.000000,0.834297,ALLOW
6005,0.000000,0.000000,0.893979,ALLOW
6006,0.000000,0.000000,0.933422,ALLOW
6007,0.000000,0.000000,0.958748,ALLOW
6008,0.000000,0.000000,0.974683,ALLOW
6009,0.000000,0.000000,0.984568,ALLOW
6010,0.860004,1.000000,0.423541,PAUSE
6011,0.000000,1.000000,0.174338,PAUSE
6012,0.860004,1.000000,0.071409,PAUSE
6013,0.860004,0.000000,0.034098,PAUSE
6014,0.000000,1.000000,0.017234,PAUSE
6015,0.000000,0.000000,0.034732,PAUSE
6016,0.000000,0.000000,0.108965,PAUSE
6017,0.860004,1.000000,0.053476,PAUSE
6018,0.000000,1.000000,0.023934,PAUSE
6019,0.000000,0.000000,0.032197,PAUSE
6020,0.000000,0.000000,0.096824,PAUSE
6021,0.000000,0.000000,0.223087,PAUSE
6022,0.000000,0.000000,0.384802,PAUSE
6023,0.000000,0.000000,0.546253,ALLOW
6024,0.000000,0.000000,0.683501,ALLOW
6025,0.000000,0.000000,0.788312,ALLOW
6026,0.000000,0.000000,0.862718,ALLOW
6027,0.000000,0.000000,0.912946,ALLOW
6028,0.860004,1.000000,0.394080,PAUSE
6029,0.000000,1.000000,0.162473,PAUSE
6030,0.000000,0.000000,0.098272,PAUSE
6031,0.000000,0.000000,0.145135,PAUSE
6032,0.000000,0.000000,0.269897,PAUSE
6033,0.860004,1.000000,0.123954,PAUSE
6034,0.000000,1.000000,0.052976,PAUSE
6035,0.000000,0.000000,0.048089,PAUSE
6036,0.000000,0.000000,0.112366,PAUSE
6037,0.000000,0.000000,0.241154,PAUSE
6038,0.860004,1.000000,0.111738,PAUSE
6039,0.000000,1.000000,0.047997,PAUSE
6040,0.000000,0.000000,0.045655,PAUSE
6041,0.000000,0.000000,0.110472,PAUSE
6042,0.000000,0.000000,0.239230,PAUSE
6043,0.000000,0.000000,0.401421,PAUSE
6044,0.000000,0.000000,0.560940,ALLOW
6045,0.000000,0.000000,0.695069,ALLOW
6046,0.000000,0.000000,0.796712,ALLOW
6047,0.000000,0.000000,0.868482,ALLOW
6048,0.000000,0.000000,0.916746,ALLOW
6049,0.000000,0.000000,0.948118,ALLOW
6050,0.000000,0.000000,0.968029,ALLOW
6051,0.000000,0.000000,0.980455,ALLOW
6052,0.000000,0.000000,0.988119,ALLOW
6053,0.000000,0.000000,0.992807,ALLOW
6054,0.000000,0.000000,0.995657,ALLOW
6055,0.000000,0.000000,0.997383,ALLOW
6056,0.000000,0.000000,0.998425,ALLOW
6057,0.000000,0.000000,0.999053,ALLOW
6058,0.000000,0.000000,0.999431,ALLOW
6059,0.000000,0.000000,0.999658,ALLOW
6060,0.000000,0.000000,0.999795,ALLOW
6061,0.860004,1.000000,0.429788,PAUSE
6062,0.860004,0.000000,0.181584,PAUSE
6063,0.000000,1.000000,0.082778,PAUSE
6064,0.860004,1.000000,0.035694,PAUSE
6065,0.000000,1.000000,0.015414,PAUSE
6066,0.000000,0.000000,0.020118,PAUSE
6067,0.000000,0.000000,0.070860,PAUSE
6068,0.000000,0.000000,0.183257,PAUSE
6069,0.000000,0.000000,0.339568,PAUSE
6070,0.000000,0.000000,0.504337,ALLOW
6071,0.000000,0.000000,0.649582,ALLOW
6072,0.000000,0.000000,0.763262,ALLOW
6073,0.000000,0.000000,0.845342,ALLOW
6074,0.000000,0.000000,0.901404,ALLOW
6075,0.000000,0.000000,0.938244,ALLOW
6076,0.000000,0.000000,0.961806,ALLOW
6077,0.000000,0.000000,0.976590,ALLOW
6078,0.000000,0.000000,0.985744,ALLOW
6079,0.000000,0.000000,0.991357,ALLOW
6080,0.000000,0.000000,0.994777,ALLOW
6081,0.000000,0.000000,0.996851,ALLOW
6082,0.000000,0.000000,0.998104,ALLOW
6083,0.000000,0.000000,0.998860,ALLOW
6084,0.000000,0.000000,0.999315,ALLOW
6085,0.000000,0.000000,0.999588,ALLOW
6086,0.000000,0.000000,0.999753,ALLOW
6087,0.000000,0.000000,0.999852,ALLOW
6088,0.000000,0.000000,0.999911,ALLOW
6089,0.000000,0.000000,0.999947,ALLOW
6090,0.000000,0.000000,0.999968,ALLOW
6091,0.000000,0.000000,0.999981,ALLOW
6092,0.000000,0.000000,0.999988,ALLOW
6093,0.000000,0.000000,0.999993,ALLOW
6094,0.000000,0.000000,0.999996,ALLOW
6095,0.000000,0.000000,0.999998,ALLOW
6096,0.000000,0.000000,0.999999,ALLOW
6097,0.000000,0.000000,0.999999,ALLOW
6098,0.000000,0.000000,0.999999,ALLOW
6099,0.000000,0.000000,1.000000,ALLOW
6100,0.000000,0.000000,1.000000,ALLOW
6101,0.860004,1.000000,0.429872,PAUSE
6102,0.000000,1.000000,0.176887,PAUSE
6103,0.860004,1.000000,0.072432,PAUSE
6104,0.000000,1.000000,0.029850,PAUSE
6105,0.000000,0.000000,0.023883,PAUSE
6106,0.000000,0.000000,0.066770,PAUSE
6107,0.000000,0.000000,0.173187,PAUSE
6108,0.860004,1.000000,0.082093,PAUSE
6109,0.000000,1.000000,0.035810,PAUSE
6110,0.000000,0.000000,0.039161,PAUSE
6111,0.860004,1.000000,0.020085,PAUSE
6112,0.000000,1.000000,0.009603,PAUSE
6113,0.000000,0.000000,0.020771,PAUSE
6114,0.000000,0.000000,0.078850,PAUSE
6115,0.000000,0.000000,0.197625,PAUSE
6116,0.000000,0.000000,0.356675,PAUSE
6117,0.860004,1.000000,0.161483,PAUSE
6118,0.000000,1.000000,0.068335,PAUSE
6119,0.000000,0.000000,0.055850,PAUSE
6120,0.000000,0.000000,0.118793,PAUSE
6121,0.000000,0.000000,0.247895,PAUSE
6122,0.000000,0.000000,0.409878,PAUSE
6123,0.000000,0.000000,0.568231,ALLOW
6124,0.000000,0.000000,0.700738,ALLOW
6125,0.000000,0.000000,0.800797,ALLOW
6126,0.000000,0.000000,0.871271,ALLOW
6127,0.000000,0.000000,0.918579,ALLOW
6128,0.000000,0.000000,0.949291,ALLOW
6129,0.000000,0.000000,0.968765,ALLOW
6130,0.000000,0.000000,0.980911,ALLOW
6131,0.000000,0.000000,0.988399,ALLOW
6132,0.000000,0.000000,0.992977,ALLOW
6133,0.000000,0.000000,0.995760,ALLOW
6134,0.860004,1.000000,0.428134,PAUSE
6135,0.000000,1.000000,0.176187,PAUSE
6136,0.000000,0.000000,0.104138,PAUSE
6137,0.000000,0.000000,0.148206,PAUSE
6138,0.000000,0.000000,0.271995,PAUSE
6139,0.000000,0.000000,0.430858,PAUSE
6140,0.000000,0.000000,0.585412,ALLOW
6141,0.000000,0.000000,0.713759,ALLOW
6142,0.000000,0.000000,0.810051,ALLOW
6143,0.000000,0.000000,0.877538,ALLOW
6144,0.000000,0.000000,0.922677,ALLOW
6145,0.000000,0.000000,0.951904,ALLOW
6146,0.000000,0.000000,0.970402,ALLOW
6147,0.000000,0.000000,0.981923,ALLOW
6148,0.000000,0.000000,0.989019,ALLOW
6149,0.000000,0.000000,0.993354,ALLOW
6150,0.000000,0.000000,0.995989,ALLOW
6151,0.000000,0.000000,0.997584,ALLOW
6152,0.000000,0.000000,0.998546,ALLOW
6153,0.860004,1.000000,0.429276,PAUSE
6154,0.000000,1.000000,0.176647,PAUSE
6155,0.000000,0.000000,0.104334,PAUSE
6156,0.000000,0.000000,0.148306,PAUSE
6157,0.000000,0.000000,0.272061,PAUSE
6158,0.000000,0.000000,0.430908,PAUSE
6159,0.860004,1.000000,0.192930,PAUSE
6160,0.860004,0.000000,0.086167,PAUSE
6161,0.000000,1.000000,0.043336,PAUSE
6162,0.860004,1.000000,0.019717,PAUSE
6163,0.000000,1.000000,0.008970,PAUSE
6164,0.000000,0.000000,0.017141,PAUSE
6165,0.000000,0.000000,0.068585,PAUSE
6166,0.860004,1.000000,0.035067,PAUSE
6167,0.000000,1.000000,0.016204,PAUSE
6168,0.000000,0.000000,0.027090,PAUSE
6169,0.000000,0.000000,0.090212,PAUSE
6170,0.860004,1.000000,0.044960,PAUSE
6171,0.000000,1.000000,0.020368,PAUSE
6172,0.000000,0.000000,0.029906,PAUSE
6173,0.860004,1.000000,0.016045,PAUSE
6174,0.000000,1.000000,0.007914,PAUSE
6175,0.000000,0.000000,0.019618,PAUSE
6176,0.000000,0.000000,0.077190,PAUSE
6177,0.000000,0.000000,0.195260,PAUSE
6178,0.860004,1.000000,0.091841,PAUSE
6179,0.000000,1.000000,0.039835,PAUSE
6180,0.000000,0.000000,0.041398,PAUSE
6181,0.000000,0.000000,0.106678,PAUSE
6182,0.000000,0.000000,0.235047,PAUSE
6183,0.000000,0.000000,0.397234,PAUSE
6184,0.000000,0.000000,0.557286,ALLOW
6185,0.860004,1.000000,0.246279,PAUSE
6186,0.000000,1.000000,0.102773,PAUSE
6187,0.000000,0.000000,0.071939,PAUSE
6188,0.000000,0.000000,0.129850,PAUSE
6189,0.000000,0.000000,0.258025,PAUSE
6190,0.000000,0.000000,0.419211,PAUSE
6191,0.860004,1.000000,0.188017,PAUSE
6192,0.860004,0.000000,0.084182,PAUSE
6193,0.000000,1.000000,0.042505,PAUSE
6194,0.000000,0.000000,0.064745,PAUSE
6195,0.000000,0.000000,0.157301,PAUSE
6196,0.860004,1.000000,0.074930,PAUSE
6197,0.000000,1.000000,0.032830,PAUSE
6198,0.000000,0.000000,0.037394,PAUSE
6199,0.860004,1.000000,0.019316,PAUSE
6200,0.000000,1.000000,0.009282,PAUSE
6201,0.000000,0.000000,0.020557,PAUSE
6202,0.860004,1.000000,0.011724,PAUSE
6203,0.000000,1.000000,0.006054,PAUSE
6204,0.000000,0.000000,0.017989,PAUSE
6205,0.000000,0.000000,0.074275,PAUSE
6206,0.000000,0.000000,0.190854,PAUSE
6207,0.000000,0.000000,0.348981,PAUSE
6208,0.860004,1.000000,0.158202,PAUSE
6209,0.000000,1.000000,0.066998,PAUSE
6210,0.000000,0.000000,0.055204,PAUSE
6211,0.000000,0.000000,0.118308,PAUSE
6212,0.000000,0.000000,0.247419,PAUSE
6213,0.000000,0.000000,0.409425,PAUSE
6214,0.860004,1.000000,0.183888,PAUSE
6215,0.000000,1.000000,0.077450,PAUSE
6216,0.000000,0.000000,0.060193,PAUSE
6217,0.000000,0.000000,0.121937,PAUSE
6218,0.000000,0.000000,0.250902,PAUSE
6219,0.000000,0.000000,0.412706,PAUSE
6220,0.000000,0.000000,0.570630,ALLOW
6221,0.860004,1.000000,0.251868,PAUSE
6222,0.000000,1.000000,0.105035,PAUSE
6223,0.000000,0.000000,0.072963,PAUSE
6224,0.860004,1.000000,0.034229,PAUSE
6225,0.000000,1.000000,0.015390,PAUSE
6226,0.000000,0.000000,0.023909,PAUSE
6227,0.000000,0.000000,0.082146,PAUSE
6228,0.000000,0.000000,0.201808,PAUSE
6229,0.000000,0.000000,0.361212,PAUSE
6230,0.000000,0.000000,0.524683,ALLOW
6231,0.000000,0.000000,0.666190,ALLOW
6232,0.860004,1.000000,0.291823,PAUSE
6233,0.000000,1.000000,0.121204,PAUSE
6234,0.000000,0.000000,0.080229,PAUSE
6235,0.000000,0.000000,0.134960,PAUSE
6236,0.000000,0.000000,0.262256,PAUSE
6237,0.860004,1.000000,0.120735,PAUSE
6238,0.000000,1.000000,0.051668,PAUSE
6239,0.860004,1.000000,0.022001,PAUSE
6240,0.000000,1.000000,0.009565,PAUSE
6241,0.000000,0.000000,0.014826,PAUSE
6242,0.000000,0.000000,0.060391,PAUSE
6243,0.000000,0.000000,0.166360,PAUSE
6244,0.000000,0.000000,0.319478,PAUSE
6245,0.000000,0.000000,0.485118,PAUSE
6246,0.860004,1.000000,0.215936,PAUSE
6247,0.000000,1.000000,0.090472,PAUSE
6248,0.000000,0.000000,0.066302,PAUSE
6249,0.000000,0.000000,0.126181,PAUSE
6250,0.000000,0.000000,0.254821,PAUSE
6251,0.000000,0.000000,0.416329,PAUSE
6252,0.000000,0.000000,0.573678,ALLOW
6253,0.000000,0.000000,0.704928,ALLOW
6254,0.000000,0.000000,0.803799,ALLOW
6255,0.000000,0.000000,0.873313,ALLOW
6256,0.000000,0.000000,0.919918,ALLOW
6257,0.000000,0.000000,0.950146,ALLOW
6258,0.000000,0.000000,0.969301,ALLOW
6259,0.000000,0.000000,0.981243,ALLOW
6260,0.000000,0.000000,0.988602,ALLOW
6261,0.000000,0.000000,0.993101,ALLOW
6262,0.000000,0.000000,0.995835,ALLOW
6263,0.000000,0.000000,0.997491,ALLOW
6264,0.000000,0.000000,0.998490,ALLOW
6265,0.860004,1.000000,0.429253,PAUSE
6266,0.860004,0.000000,0.181369,PAUSE
6267,0.000000,1.000000,0.082690,PAUSE
6268,0.000000,0.000000,0.084950,PAUSE
6269,0.000000,0.000000,0.172092,PAUSE
6270,0.860004,1.000000,0.081211,PAUSE
6271,0.000000,1.000000,0.035394,PAUSE
6272,0.000000,0.000000,0.038682,PAUSE
6273,0.000000,0.000000,0.103581,PAUSE
6274,0.000000,0.000000,0.231221,PAUSE
6275,0.000000,0.000000,0.393250,PAUSE
6276,0.000000,0.000000,0.553755,ALLOW
6277,0.000000,0.000000,0.689428,ALLOW
6278,0.000000,0.000000,0.792624,ALLOW
6279,0.000000,0.000000,0.865681,ALLOW
6280,0.000000,0.000000,0.914901,ALLOW
6281,0.000000,0.000000,0.946936,ALLOW
6282,0.000000,0.000000,0.967286,ALLOW
6283,0.860004,1.000000,0.416442,PAUSE
6284,0.860004,0.000000,0.176222,PAUSE
6285,0.860004,0.000000,0.074303,PAUSE
6286,0.000000,1.000000,0.045308,PAUSE
6287,0.860004,1.000000,0.021465,PAUSE
6288,0.000000,1.000000,0.009913,PAUSE
6289,0.000000,0.000000,0.019274,PAUSE
6290,0.000000,0.000000,0.074118,PAUSE
6291,0.860004,1.000000,0.037622,PAUSE
6292,0.000000,1.000000,0.017284,PAUSE
6293,0.000000,0.000000,0.027850,PAUSE
6294,0.000000,0.000000,0.091271,PAUSE
6295,0.000000,0.000000,0.215793,PAUSE
6296,0.860004,1.000000,0.100788,PAUSE
6297,0.000000,1.000000,0.043512,PAUSE
6298,0.000000,0.000000,0.043351,PAUSE
6299,0.000000,0.000000,0.108479,PAUSE
6300,0.000000,0.000000,0.237070,PAUSE
6301,0.000000,0.000000,0.399273,PAUSE
6302,0.000000,0.000000,0.559071,ALLOW
6303,0.000000,0.000000,0.693609,ALLOW
6304,0.860004,1.000000,0.303244,PAUSE
6305,0.000000,1.000000,0.125820,PAUSE
6306,0.000000,0.000000,0.082278,PAUSE
6307,0.000000,0.000000,0.136174,PAUSE
6308,0.000000,0.000000,0.263220,PAUSE
6309,0.000000,0.000000,0.423734,PAUSE
6310,0.000000,0.000000,0.579776,ALLOW
6311,0.000000,0.000000,0.709560,ALLOW
6312,0.000000,0.000000,0.807095,ALLOW
6313,0.000000,0.000000,0.875547,ALLOW
6314,0.000000,0.000000,0.921379,ALLOW
6315,0.000000,0.000000,0.951078,ALLOW
6316,0.000000,0.000000,0.969885,ALLOW
6317,0.000000,0.000000,0.981604,ALLOW
6318,0.000000,0.000000,0.988823,ALLOW
6319,0.000000,0.000000,0.993236,ALLOW
6320,0.000000,0.000000,0.995917,ALLOW
6321,0.000000,0.000000,0.997540,ALLOW
6322,0.000000,0.000000,0.998520,ALLOW
6323,0.000000,0.000000,0.999110,ALLOW
6324,0.000000,0.000000,0.999465,ALLOW
6325,0.000000,0.000000,0.999679,ALLOW
6326,0.000000,0.000000,0.999807,ALLOW
6327,0.000000,0.000000,0.999884,ALLOW
6328,0.000000,0.000000,0.999931,ALLOW
6329,0.000000,0.000000,0.999958,ALLOW
6330,0.000000,0.000000,0.999975,ALLOW
6331,0.000000,0.000000,0.999985,ALLOW
6332,0.000000,0.000000,0.999991,ALLOW
6333,0.000000,0.000000,0.999995,ALLOW
6334,0.000000,0.000000,0.999997,ALLOW
6335,0.000000,0.000000,0.999998,ALLOW
6336,0.000000,0.000000,0.999999,ALLOW
6337,0.000000,0.000000,0.999999,ALLOW
6338,0.000000,0.000000,1.000000,ALLOW
6339,0.000000,0.000000,1.000000,ALLOW
6340,0.000000,0.000000,1.000000,ALLOW
6341,0.000000,0.000000,1.000000,ALLOW
6342,0.000000,0.000000,1.000000,ALLOW
6343,0.000000,0.000000,1.000000,ALLOW
6344,0.000000,0.000000,1.000000,ALLOW
6345,0.000000,0.000000,1.000000,ALLOW
6346,0.860004,1.000000,0.429872,PAUSE
6347,0.000000,1.000000,0.176887,PAUSE
6348,0.000000,0.000000,0.104436,PAUSE
6349,0.860004,1.000000,0.047081,PAUSE
6350,0.000000,1.000000,0.020583,PAUSE
6351,0.000000,0.000000,0.026314,PAUSE
6352,0.860004,1.000000,0.014179,PAUSE
6353,0.000000,1.000000,0.007071,PAUSE
6354,0.000000,0.000000,0.018636,PAUSE
6355,0.000000,0.000000,0.075153,PAUSE
6356,0.000000,0.000000,0.192095,PAUSE
6357,0.000000,0.000000,0.350381,PAUSE
6358,0.000000,0.000000,0.514672,ALLOW
6359,0.860004,1.000000,0.228383,PAUSE
6360,0.000000,1.000000,0.095521,PAUSE
6361,0.860004,1.000000,0.039723,PAUSE
6362,0.000000,1.000000,0.016714,PAUSE
6363,0.860004,1.000000,0.007259,PAUSE
6364,0.000000,1.000000,0.003364,PAUSE
6365,0.860004,1.000000,0.001750,PAUSE
6366,0.000000,1.000000,0.001073,PAUSE
6367,0.000000,0.000000,0.007584,PAUSE
6368,0.860004,1.000000,0.005128,PAUSE
6369,0.860004,0.000000,0.007833,PAUSE
6370,0.000000,1.000000,0.007030,PAUSE
6371,0.000000,0.000000,0.032034,PAUSE
6372,0.000000,0.000000,0.110691,PAUSE
6373,0.860004,1.000000,0.054341,PAUSE
6374,0.000000,0.000000,0.073370,PAUSE
6375,0.000000,0.000000,0.167075,PAUSE
6376,0.860004,0.000000,0.089697,PAUSE
6377,0.860004,0.000000,0.042280,PAUSE
6378,0.000000,1.000000,0.038650,PAUSE
6379,0.000000,0.000000,0.097418,PAUSE
6380,0.000000,0.000000,0.220692,PAUSE
6381,0.000000,0.000000,0.381305,PAUSE
6382,0.000000,0.000000,0.542829,ALLOW
6383,0.000000,0.000000,0.680689,ALLOW
6384,0.000000,0.000000,0.786228,ALLOW
6385,0.000000,0.000000,0.861273,ALLOW
6386,0.000000,0.000000,0.911987,ALLOW
6387,0.000000,0.000000,0.945065,ALLOW
6388,0.000000,0.000000,0.966109,ALLOW
6389,0.000000,0.000000,0.979264,ALLOW
6390,0.000000,0.000000,0.987388,ALLOW
6391,0.000000,0.000000,0.992361,ALLOW
6392,0.000000,0.000000,0.995386,ALLOW
6393,0.000000,0.000000,0.997219,ALLOW
6394,0.860004,1.000000,0.428732,PAUSE
6395,0.000000,1.000000,0.176428,PAUSE
6396,0.000000,0.000000,0.104241,PAUSE
6397,0.860004,1.000000,0.047002,PAUSE
6398,0.000000,1.000000,0.020551,PAUSE
6399,0.000000,0.000000,0.026300,PAUSE
6400,0.860004,1.000000,0.014173,PAUSE
6401,0.000000,1.000000,0.007069,PAUSE
6402,0.000000,0.000000,0.018635,PAUSE
6403,0.000000,0.000000,0.075151,PAUSE
6404,0.860004,1.000000,0.038128,PAUSE
6405,0.000000,1.000000,0.017502,PAUSE
6406,0.000000,0.000000,0.028024,PAUSE
6407,0.000000,0.000000,0.091541,PAUSE
6408,0.000000,0.000000,0.216169,PAUSE
6409,0.000000,0.000000,0.377389,PAUSE
6410,0.860004,1.000000,0.170304,PAUSE
6411,0.000000,1.000000,0.071927,PAUSE
6412,0.000000,0.000000,0.057576,PAUSE
6413,0.000000,0.000000,0.120070,PAUSE
6414,0.000000,0.000000,0.249136,PAUSE
6415,0.860004,1.000000,0.115158,PAUSE
6416,0.860004,0.000000,0.054580,PAUSE
6417,0.000000,1.000000,0.029843,PAUSE
6418,0.000000,0.000000,0.056964,PAUSE
6419,0.000000,0.000000,0.149652,PAUSE
6420,0.000000,0.000000,0.296054,PAUSE
6421,0.000000,0.000000,0.461364,PAUSE
6422,0.000000,0.000000,0.613482,ALLOW
6423,0.000000,0.000000,0.735958,ALLOW
6424,0.000000,0.000000,0.826097,ALLOW
6425,0.000000,0.000000,0.888482,ALLOW
6426,0.000000,0.000000,0.929854,ALLOW
6427,0.000000,0.000000,0.956486,ALLOW
6428,0.000000,0.000000,0.973272,ALLOW
6429,0.860004,1.000000,0.418902,PAUSE
6430,0.000000,1.000000,0.172471,PAUSE
6431,0.000000,0.000000,0.102555,PAUSE
6432,0.000000,0.000000,0.147390,PAUSE
6433,0.000000,0.000000,0.271450,PAUSE
6434,0.000000,0.000000,0.430441,PAUSE
6435,0.860004,1.000000,0.192734,PAUSE
6436,0.000000,1.000000,0.081040,PAUSE
6437,0.000000,0.000000,0.061857,PAUSE
6438,0.000000,0.000000,0.123062,PAUSE
6439,0.000000,0.000000,0.251919,PAUSE
6440,0.000000,0.000000,0.413639,PAUSE
6441,0.000000,0.000000,0.571412,ALLOW
6442,0.000000,0.000000,0.703188,ALLOW
6443,0.000000,0.000000,0.802553,ALLOW
6444,0.000000,0.000000,0.872466,ALLOW
6445,0.000000,0.000000,0.919363,ALLOW
6446,0.000000,0.000000,0.949792,ALLOW
6447,0.000000,0.000000,0.969079,ALLOW
6448,0.000000,0.000000,0.981105,ALLOW
6449,0.000000,0.000000,0.988518,ALLOW
6450,0.860004,1.000000,0.425162,PAUSE
6451,0.000000,1.000000,0.174991,PAUSE
6452,0.860004,1.000000,0.071671,PAUSE
6453,0.000000,1.000000,0.029545,PAUSE
6454,0.000000,0.000000,0.023755,PAUSE
6455,0.000000,0.000000,0.066701,PAUSE
6456,0.000000,0.000000,0.173133,PAUSE
6457,0.000000,0.000000,0.326694,PAUSE
6458,0.000000,0.000000,0.491811,PAUSE
6459,0.000000,0.000000,0.639171,ALLOW
6460,0.000000,0.000000,0.755446,ALLOW
6461,0.000000,0.000000,0.839862,ALLOW
6462,0.000000,0.000000,0.897738,ALLOW
6463,0.000000,0.000000,0.935870,ALLOW
6464,0.000000,0.000000,0.960303,ALLOW
6465,0.000000,0.000000,0.975654,ALLOW
6466,0.000000,0.000000,0.985167,ALLOW
6467,0.000000,0.000000,0.991005,ALLOW
6468,0.000000,0.000000,0.994563,ALLOW
6469,0.860004,1.000000,0.427642,PAUSE
6470,0.000000,1.000000,0.175989,PAUSE
6471,0.000000,0.000000,0.104054,PAUSE
6472,0.000000,0.000000,0.148163,PAUSE
6473,0.000000,0.000000,0.271967,PAUSE
6474,0.000000,0.000000,0.430837,PAUSE
6475,0.000000,0.000000,0.585396,ALLOW
6476,0.000000,0.000000,0.713747,ALLOW
6477,0.000000,0.000000,0.810043,ALLOW
6478,0.000000,0.000000,0.877533,ALLOW
6479,0.000000,0.000000,0.922674,ALLOW
6480,0.860004,1.000000,0.398087,PAUSE
6481,0.000000,1.000000,0.164087,PAUSE
6482,0.000000,0.000000,0.098966,PAUSE
6483,0.000000,0.000000,0.145504,PAUSE
6484,0.860004,1.000000,0.068754,PAUSE
6485,0.860004,0.000000,0.035407,PAUSE
6486,0.000000,1.000000,0.021138,PAUSE
6487,0.000000,0.000000,0.049892,PAUSE
6488,0.860004,1.000000,0.025966,PAUSE
6489,0.000000,1.000000,0.012273,PAUSE
6490,0.000000,0.000000,0.023818,PAUSE
6491,0.000000,0.000000,0.084907,PAUSE
6492,0.000000,0.000000,0.206791,PAUSE
6493,0.000000,0.000000,0.367050,PAUSE
6494,0.000000,0.000000,0.530137,ALLOW
6495,0.000000,0.000000,0.670614,ALLOW
6496,0.000000,0.000000,0.778865,ALLOW
6497,0.000000,0.000000,0.856198,ALLOW
6498,0.000000,0.000000,0.908630,ALLOW
6499,0.000000,0.000000,0.942907,ALLOW
6500,0.860004,1.000000,0.406417,PAUSE
6501,0.000000,1.000000,0.167443,PAUSE
6502,0.860004,1.000000,0.068642,PAUSE
6503,0.000000,1.000000,0.028330,PAUSE
6504,0.000000,0.000000,0.023242,PAUSE
6505,0.000000,0.000000,0.066421,PAUSE
6506,0.000000,0.000000,0.172905,PAUSE
6507,0.000000,0.000000,0.326481,PAUSE
6508,0.000000,0.000000,0.491622,PAUSE
6509,0.000000,0.000000,0.639020,ALLOW
6510,0.000000,0.000000,0.755334,ALLOW
6511,0.000000,0.000000,0.839784,ALLOW
6512,0.000000,0.000000,0.897686,ALLOW
6513,0.860004,1.000000,0.387790,PAUSE
6514,0.000000,1.000000,0.159938,PAUSE
6515,0.000000,0.000000,0.097181,PAUSE
6516,0.000000,0.000000,0.144550,PAUSE
6517,0.000000,0.000000,0.269486,PAUSE
6518,0.000000,0.000000,0.428903,PAUSE
6519,0.000000,0.000000,0.583897,ALLOW
6520,0.000000,0.000000,0.712642,ALLOW
6521,0.000000,0.000000,0.809269,ALLOW
6522,0.000000,0.000000,0.877013,ALLOW
6523,0.000000,0.000000,0.922336,ALLOW
6524,0.000000,0.000000,0.951687,ALLOW
6525,0.000000,0.000000,0.970266,ALLOW
6526,0.860004,1.000000,0.417667,PAUSE
6527,0.000000,1.000000,0.171973,PAUSE
6528,0.000000,0.000000,0.102343,PAUSE
6529,0.000000,0.000000,0.147279,PAUSE
6530,0.000000,0.000000,0.271375,PAUSE
6531,0.000000,0.000000,0.430383,PAUSE
6532,0.000000,0.000000,0.585048,ALLOW
6533,0.860004,1.000000,0.257891,PAUSE
6534,0.000000,1.000000,0.107472,PAUSE
6535,0.860004,1.000000,0.044536,PAUSE
6536,0.000000,1.000000,0.018650,PAUSE
6537,0.860004,1.000000,0.008038,PAUSE
6538,0.860004,0.000000,0.007721,PAUSE
6539,0.000000,1.000000,0.005539,PAUSE
6540,0.860004,1.000000,0.003317,PAUSE
6541,0.000000,1.000000,0.002008,PAUSE
6542,0.860004,1.000000,0.001314,PAUSE
6543,0.000000,1.000000,0.000956,PAUSE
6544,0.000000,0.000000,0.008169,PAUSE
6545,0.000000,0.000000,0.047534,PAUSE
6546,0.860004,1.000000,0.025265,PAUSE
6547,0.860004,0.000000,0.017112,PAUSE
6548,0.000000,1.000000,0.012622,PAUSE
6549,0.000000,0.000000,0.042055,PAUSE
6550,0.000000,0.000000,0.129601,PAUSE
6551,0.860004,1.000000,0.062798,PAUSE
6552,0.000000,1.000000,0.027824,PAUSE
6553,0.000000,0.000000,0.034604,PAUSE
6554,0.000000,0.000000,0.099666,PAUSE
6555,0.000000,0.000000,0.226688,PAUSE
6556,0.000000,0.000000,0.388607,PAUSE
6557,0.000000,0.000000,0.549655,ALLOW
6558,0.000000,0.000000,0.686198,ALLOW
6559,0.000000,0.000000,0.790277,ALLOW
6560,0.000000,0.000000,0.864070,ALLOW
6561,0.000000,0.000000,0.913839,ALLOW
6562,0.000000,0.000000,0.946255,ALLOW
6563,0.000000,0.000000,0.966858,ALLOW
6564,0.000000,0.000000,0.979729,ALLOW
6565,0.000000,0.000000,0.987674,ALLOW
6566,0.000000,0.000000,0.992535,ALLOW
6567,0.000000,0.000000,0.995492,ALLOW
6568,0.000000,0.000000,0.997283,ALLOW
6569,0.860004,1.000000,0.428758,PAUSE
6570,0.000000,1.000000,0.176438,PAUSE
6571,0.000000,0.000000,0.104245,PAUSE
6572,0.000000,0.000000,0.148261,PAUSE
6573,0.000000,0.000000,0.272032,PAUSE
6574,0.000000,0.000000,0.430886,PAUSE
6575,0.000000,0.000000,0.585433,ALLOW
6576,0.860004,1.000000,0.258051,PAUSE
6577,0.000000,0.000000,0.189928,PAUSE
6578,0.000000,0.000000,0.263944,PAUSE
6579,0.000000,1.000000,0.120466,PAUSE
6580,0.000000,0.000000,0.113494,PAUSE
6581,0.000000,0.000000,0.203973,PAUSE
6582,0.000000,0.000000,0.351614,PAUSE
6583,0.000000,0.000000,0.512268,ALLOW
6584,0.860004,1.000000,0.227317,PAUSE
6585,0.000000,1.000000,0.095082,PAUSE
6586,0.000000,0.000000,0.068403,PAUSE
6587,0.000000,0.000000,0.127529,PAUSE
6588,0.000000,0.000000,0.255985,PAUSE
6589,0.000000,0.000000,0.417371,PAUSE
6590,0.000000,0.000000,0.574542,ALLOW
6591,0.000000,0.000000,0.705587,ALLOW
6592,0.000000,0.000000,0.804269,ALLOW
6593,0.000000,0.000000,0.873632,ALLOW
6594,0.860004,1.000000,0.377865,PAUSE
6595,0.000000,0.000000,0.247388,PAUSE
6596,0.000000,0.000000,0.299070,PAUSE
6597,0.000000,1.000000,0.135086,PAUSE
6598,0.000000,0.000000,0.120830,PAUSE
6599,0.000000,0.000000,0.209066,PAUSE
6600,0.860004,1.000000,0.097180,PAUSE
6601,0.000000,0.000000,0.100600,PAUSE
6602,0.000000,0.000000,0.193544,PAUSE
6603,0.860004,0.000000,0.102785,PAUSE
6604,0.860004,0.000000,0.047927,PAUSE
6605,0.000000,0.000000,0.060028,PAUSE
6606,0.000000,1.000000,0.049041,PAUSE
6607,0.000000,0.000000,0.108812,PAUSE
6608,0.000000,0.000000,0.234715,PAUSE
6609,0.000000,0.000000,0.395978,PAUSE
6610,0.000000,0.000000,0.555898,ALLOW
6611,0.000000,0.000000,0.691029,ALLOW
6612,0.000000,0.000000,0.793757,ALLOW
6613,0.000000,0.000000,0.866448,ALLOW
6614,0.000000,0.000000,0.915403,ALLOW
6615,0.000000,0.000000,0.947256,ALLOW
6616,0.000000,0.000000,0.967487,ALLOW
6617,0.000000,0.000000,0.980119,ALLOW
6618,0.000000,0.000000,0.987913,ALLOW
6619,0.000000,0.000000,0.992681,ALLOW
6620,0.000000,0.000000,0.995580,ALLOW
6621,0.000000,0.000000,0.997337,ALLOW
6622,0.000000,0.000000,0.998397,ALLOW
6623,0.000000,0.000000,0.999036,ALLOW
6624,0.000000,0.000000,0.999421,ALLOW
6625,0.000000,0.000000,0.999652,ALLOW
6626,0.860004,1.000000,0.429730,PAUSE
6627,0.000000,0.000000,0.271064,PAUSE
6628,0.000000,1.000000,0.118570,PAUSE
6629,0.000000,0.000000,0.099306,PAUSE
6630,0.000000,0.000000,0.177841,PAUSE
6631,0.000000,0.000000,0.319686,PAUSE
6632,0.000000,0.000000,0.481471,PAUSE
6633,0.860004,1.000000,0.214339,PAUSE
6634,0.860004,0.000000,0.094995,PAUSE
6635,0.000000,0.000000,0.087110,PAUSE
6636,0.000000,1.000000,0.049435,PAUSE
6637,0.000000,0.000000,0.084296,PAUSE
6638,0.860004,1.000000,0.041557,PAUSE
6639,0.000000,0.000000,0.061063,PAUSE
6640,0.860004,0.000000,0.039209,PAUSE
6641,0.000000,0.000000,0.080715,PAUSE
6642,0.860004,0.000000,0.044271,PAUSE
6643,0.000000,0.000000,0.075047,PAUSE
6644,0.000000,1.000000,0.054418,PAUSE
6645,0.000000,0.000000,0.109605,PAUSE
6646,0.000000,0.000000,0.233281,PAUSE
6647,0.000000,0.000000,0.393742,PAUSE
6648,0.000000,0.000000,0.553689,ALLOW
6649,0.860004,1.000000,0.244763,PAUSE
6650,0.000000,1.000000,0.102158,PAUSE
6651,0.000000,0.000000,0.071656,PAUSE
6652,0.860004,1.000000,0.033691,PAUSE
6653,0.000000,0.000000,0.047527,PAUSE
6654,0.000000,1.000000,0.024352,PAUSE
6655,0.000000,0.000000,0.045047,PAUSE
6656,0.000000,0.000000,0.127660,PAUSE
6657,0.000000,0.000000,0.267457,PAUSE
6658,0.000000,0.000000,0.432375,PAUSE
6659,0.000000,0.000000,0.588578,ALLOW
6660,0.000000,0.000000,0.716806,ALLOW
6661,0.000000,0.000000,0.812437,ALLOW
6662,0.000000,0.000000,0.879231,ALLOW
6663,0.000000,0.000000,0.923812,ALLOW
6664,0.000000,0.000000,0.952638,ALLOW
6665,0.860004,1.000000,0.410420,PAUSE
6666,0.000000,1.000000,0.169055,PAUSE
6667,0.000000,0.000000,0.101096,PAUSE
6668,0.000000,0.000000,0.146628,PAUSE
6669,0.000000,0.000000,0.270932,PAUSE
6670,0.000000,0.000000,0.430040,PAUSE
6671,0.860004,1.000000,0.192566,PAUSE
6672,0.000000,1.000000,0.080972,PAUSE
6673,0.000000,0.000000,0.061826,PAUSE
6674,0.000000,0.000000,0.123041,PAUSE
6675,0.000000,0.000000,0.251902,PAUSE
6676,0.000000,0.000000,0.413623,PAUSE
6677,0.000000,0.000000,0.571399,ALLOW
6678,0.000000,0.000000,0.703178,ALLOW
6679,0.000000,0.000000,0.802546,ALLOW
6680,0.000000,0.000000,0.872461,ALLOW
6681,0.000000,0.000000,0.919360,ALLOW
6682,0.000000,0.000000,0.949790,ALLOW
6683,0.000000,0.000000,0.969078,ALLOW
6684,0.000000,0.000000,0.981105,ALLOW
6685,0.000000,0.000000,0.988517,ALLOW
6686,0.000000,0.000000,0.993049,ALLOW
6687,0.000000,0.000000,0.995804,ALLOW
6688,0.000000,0.000000,0.997472,ALLOW
6689,0.860004,1.000000,0.428836,PAUSE
6690,0.000000,1.000000,0.176470,PAUSE
6691,0.000000,0.000000,0.104258,PAUSE
6692,0.000000,0.000000,0.148267,PAUSE
6693,0.000000,0.000000,0.272036,PAUSE
6694,0.860004,1.000000,0.124850,PAUSE
6695,0.000000,0.000000,0.118222,PAUSE
6696,0.000000,1.000000,0.055397,PAUSE
6697,0.860004,1.000000,0.024417,PAUSE
6698,0.000000,1.000000,0.010816,PAUSE
6699,0.000000,0.000000,0.017620,PAUSE
6700,0.000000,0.000000,0.068064,PAUSE
6701,0.000000,0.000000,0.179465,PAUSE
6702,0.000000,0.000000,0.335283,PAUSE
6703,0.000000,0.000000,0.500320,ALLOW
6704,0.000000,0.000000,0.646294,ALLOW
6705,0.000000,0.000000,0.760812,ALLOW
6706,0.000000,0.000000,0.843631,ALLOW
6707,0.000000,0.000000,0.900262,ALLOW
6708,0.000000,0.000000,0.937506,ALLOW
6709,0.000000,0.000000,0.961339,ALLOW
6710,0.860004,1.000000,0.413998,PAUSE
6711,0.000000,0.000000,0.263959,PAUSE
6712,0.860004,0.000000,0.123516,PAUSE
6713,0.000000,0.000000,0.122427,PAUSE
6714,0.860004,0.000000,0.061819,PAUSE
6715,0.000000,0.000000,0.084509,PAUSE
6716,0.000000,1.000000,0.059757,PAUSE
6717,0.000000,0.000000,0.115058,PAUSE
6718,0.860004,1.000000,0.055667,PAUSE
6719,0.000000,0.000000,0.072595,PAUSE
6720,0.000000,1.000000,0.035790,PAUSE
6721,0.000000,0.000000,0.054955,PAUSE
6722,0.000000,0.000000,0.141277,PAUSE
6723,0.000000,0.000000,0.284143,PAUSE
6724,0.000000,0.000000,0.449087,PAUSE
6725,0.000000,0.000000,0.602908,ALLOW
6726,0.000000,0.000000,0.727832,ALLOW
6727,0.000000,0.000000,0.820309,ALLOW
6728,0.860004,1.000000,0.355827,PAUSE
6729,0.000000,0.000000,0.237125,PAUSE
6730,0.000000,1.000000,0.104723,PAUSE
6731,0.000000,0.000000,0.092931,PAUSE
6732,0.000000,0.000000,0.173951,PAUSE
6733,0.000000,0.000000,0.316679,PAUSE
6734,0.860004,1.000000,0.144215,PAUSE
6735,0.860004,0.000000,0.066676,PAUSE
6736,0.000000,1.000000,0.035046,PAUSE
6737,0.860004,1.000000,0.016321,PAUSE
6738,0.000000,1.000000,0.007589,PAUSE
6739,0.000000,0.000000,0.016422,PAUSE
6740,0.000000,0.000000,0.067841,PAUSE
6741,0.000000,0.000000,0.179759,PAUSE
6742,0.000000,0.000000,0.335799,PAUSE
6743,0.000000,0.000000,0.500858,ALLOW
6744,0.000000,0.000000,0.646752,ALLOW
6745,0.000000,0.000000,0.761159,ALLOW
6746,0.860004,1.000000,0.331319,PAUSE
6747,0.000000,0.000000,0.225570,PAUSE
6748,0.000000,1.000000,0.099991,PAUSE
6749,0.000000,0.000000,0.090697,PAUSE
6750,0.000000,0.000000,0.172507,PAUSE
6751,0.860004,1.000000,0.081276,PAUSE
6752,0.000000,1.000000,0.035406,PAUSE
6753,0.000000,0.000000,0.038614,PAUSE
6754,0.000000,0.000000,0.103397,PAUSE
6755,0.000000,0.000000,0.230945,PAUSE
6756,0.000000,0.000000,0.392947,PAUSE
6757,0.000000,0.000000,0.553482,ALLOW
6758,0.860004,1.000000,0.244684,PAUSE
6759,0.000000,0.000000,0.183297,PAUSE
6760,0.000000,1.000000,0.082594,PAUSE
6761,0.000000,0.000000,0.082202,PAUSE
6762,0.000000,0.000000,0.166618,PAUSE
6763,0.000000,0.000000,0.310435,PAUSE
6764,0.000000,0.000000,0.473691,PAUSE
6765,0.000000,0.000000,0.623328,ALLOW
6766,0.000000,0.000000,0.743261,ALLOW
6767,0.000000,0.000000,0.831204,ALLOW
6768,0.000000,0.000000,0.891899,ALLOW
6769,0.000000,0.000000,0.932070,ALLOW
6770,0.000000,0.000000,0.957890,ALLOW
6771,0.000000,0.000000,0.974148,ALLOW
6772,0.000000,0.000000,0.984238,ALLOW
6773,0.000000,0.000000,0.990437,ALLOW
6774,0.000000,0.000000,0.994217,ALLOW
6775,0.860004,1.000000,0.427501,PAUSE
6776,0.000000,1.000000,0.175932,PAUSE
6777,0.000000,0.000000,0.104030,PAUSE
6778,0.000000,0.000000,0.148150,PAUSE
6779,0.000000,0.000000,0.271959,PAUSE
6780,0.000000,0.000000,0.430830,PAUSE
6781,0.860004,1.000000,0.192897,PAUSE
6782,0.860004,0.000000,0.086154,PAUSE
6783,0.000000,0.000000,0.082730,PAUSE
6784,0.000000,1.000000,0.047507,PAUSE
6785,0.000000,0.000000,0.083058,PAUSE
6786,0.860004,1.000000,0.041027,PAUSE
6787,0.000000,0.000000,0.060736,PAUSE
6788,0.860004,0.000000,0.039058,PAUSE
6789,0.000000,0.000000,0.080602,PAUSE
6790,0.860004,0.000000,0.044220,PAUSE
6791,0.000000,0.000000,0.075010,PAUSE
6792,0.000000,1.000000,0.054398,PAUSE
6793,0.000000,0.000000,0.109587,PAUSE
6794,0.000000,0.000000,0.233260,PAUSE
6795,0.000000,0.000000,0.393720,PAUSE
6796,0.000000,0.000000,0.553670,ALLOW
6797,0.000000,0.000000,0.689200,ALLOW
6798,0.000000,0.000000,0.792404,ALLOW
6799,0.000000,0.000000,0.865511,ALLOW
6800,0.000000,0.000000,0.914782,ALLOW
6801,0.860004,1.000000,0.394836,PAUSE
6802,0.000000,1.000000,0.162778,PAUSE
6803,0.000000,0.000000,0.098403,PAUSE
6804,0.000000,0.000000,0.145204,PAUSE
6805,0.000000,0.000000,0.269946,PAUSE
6806,0.000000,0.000000,0.429267,PAUSE
6807,0.860004,1.000000,0.192243,PAUSE
6808,0.860004,0.000000,0.085889,PAUSE
6809,0.000000,0.000000,0.082613,PAUSE
6810,0.000000,1.000000,0.047456,PAUSE
6811,0.000000,0.000000,0.083026,PAUSE
6812,0.000000,0.000000,0.189938,PAUSE
6813,0.000000,0.000000,0.344107,PAUSE
6814,0.000000,0.000000,0.507700,ALLOW
6815,0.000000,0.000000,0.652055,ALLOW
6816,0.000000,0.000000,0.765011,ALLOW
6817,0.860004,1.000000,0.332916,PAUSE
6818,0.860004,0.000000,0.142593,PAUSE
6819,0.000000,0.000000,0.106681,PAUSE
6820,0.860004,0.000000,0.052865,PAUSE
6821,0.000000,0.000000,0.073174,PAUSE
6822,0.000000,1.000000,0.052735,PAUSE
6823,0.000000,0.000000,0.106900,PAUSE
6824,0.000000,0.000000,0.229558,PAUSE
6825,0.000000,0.000000,0.389732,PAUSE
6826,0.000000,0.000000,0.550087,ALLOW
6827,0.000000,0.000000,0.686358,ALLOW
6828,0.000000,0.000000,0.790333,ALLOW
6829,0.000000,0.000000,0.864087,ALLOW
6830,0.860004,1.000000,0.373924,PAUSE
6831,0.000000,0.000000,0.245562,PAUSE
6832,0.000000,1.000000,0.108172,PAUSE
6833,0.000000,0.000000,0.094542,PAUSE
6834,0.860004,1.000000,0.044645,PAUSE
6835,0.000000,0.000000,0.058770,PAUSE
6836,0.000000,1.000000,0.029471,PAUSE
6837,0.000000,0.000000,0.049507,PAUSE
6838,0.000000,0.000000,0.133878,PAUSE
6839,0.000000,0.000000,0.275154,PAUSE
6840,0.000000,0.000000,0.440131,PAUSE
6841,0.000000,0.000000,0.595255,ALLOW
6842,0.860004,1.000000,0.262192,PAUSE
6843,0.000000,0.000000,0.192045,PAUSE
6844,0.000000,1.000000,0.086206,PAUSE
6845,0.000000,0.000000,0.084007,PAUSE
6846,0.000000,0.000000,0.167926,PAUSE
6847,0.860004,1.000000,0.079340,PAUSE
6848,0.000000,1.000000,0.034617,PAUSE
6849,0.000000,0.000000,0.038224,PAUSE
6850,0.000000,0.000000,0.103081,PAUSE
6851,0.000000,0.000000,0.230611,PAUSE
6852,0.000000,0.000000,0.392616,PAUSE
6853,0.860004,1.000000,0.176769,PAUSE
6854,0.860004,0.000000,0.079652,PAUSE
6855,0.000000,0.000000,0.079964,PAUSE
6856,0.000000,1.000000,0.046271,PAUSE
6857,0.000000,0.000000,0.082218,PAUSE
6858,0.000000,0.000000,0.189123,PAUSE
6859,0.000000,0.000000,0.343276,PAUSE
6860,0.860004,1.000000,0.155714,PAUSE
6861,0.000000,0.000000,0.136450,PAUSE
6862,0.860004,0.000000,0.071314,PAUSE
6863,0.000000,0.000000,0.098579,PAUSE
6864,0.860004,0.000000,0.051964,PAUSE
6865,0.000000,0.000000,0.079681,PAUSE
6866,0.000000,1.000000,0.057262,PAUSE
6867,0.000000,0.000000,0.112867,PAUSE
6868,0.000000,0.000000,0.237322,PAUSE
6869,0.860004,1.000000,0.110015,PAUSE
6870,0.000000,1.000000,0.047284,PAUSE
6871,0.000000,0.000000,0.045251,PAUSE
6872,0.000000,0.000000,0.110063,PAUSE
6873,0.000000,0.000000,0.238752,PAUSE
6874,0.000000,0.000000,0.400934,PAUSE
6875,0.000000,0.000000,0.560512,ALLOW
6876,0.000000,0.000000,0.694734,ALLOW
6877,0.000000,0.000000,0.796470,ALLOW
6878,0.000000,0.000000,0.868316,ALLOW
6879,0.000000,0.000000,0.916637,ALLOW
6880,0.000000,0.000000,0.948048,ALLOW
6881,0.000000,0.000000,0.967985,ALLOW
6882,0.000000,0.000000,0.980428,ALLOW
6883,0.000000,0.000000,0.988102,ALLOW
6884,0.000000,0.000000,0.992796,ALLOW
6885,0.000000,0.000000,0.995651,ALLOW
6886,0.000000,0.000000,0.997379,ALLOW
6887,0.000000,0.000000,0.998423,ALLOW
6888,0.860004,1.000000,0.429226,PAUSE
6889,0.000000,0.000000,0.270838,PAUSE
6890,0.000000,1.000000,0.118478,PAUSE
6891,0.000000,0.000000,0.099265,PAUSE
6892,0.860004,1.000000,0.046582,PAUSE
6893,0.000000,0.000000,0.059716,PAUSE
6894,0.000000,1.000000,0.029865,PAUSE
6895,0.000000,0.000000,0.049721,PAUSE
6896,0.000000,0.000000,0.134067,PAUSE
6897,0.000000,0.000000,0.275350,PAUSE
6898,0.860004,1.000000,0.126579,PAUSE
6899,0.000000,0.000000,0.119939,PAUSE
6900,0.000000,1.000000,0.056157,PAUSE
6901,0.000000,0.000000,0.068063,PAUSE
6902,0.860004,1.000000,0.033590,PAUSE
6903,0.000000,0.000000,0.052657,PAUSE
6904,0.000000,1.000000,0.026877,PAUSE
6905,0.000000,0.000000,0.047900,PAUSE
6906,0.000000,0.000000,0.132200,PAUSE
6907,0.000000,0.000000,0.273274,PAUSE
6908,0.000000,0.000000,0.438298,PAUSE
6909,0.860004,1.000000,0.196149,PAUSE
6910,0.860004,0.000000,0.087664,PAUSE
6911,0.000000,0.000000,0.084004,PAUSE
6912,0.000000,1.000000,0.048057,PAUSE
6913,0.000000,0.000000,0.083384,PAUSE
6914,0.000000,0.000000,0.190254,PAUSE
6915,0.000000,0.000000,0.344411,PAUSE
6916,0.000000,0.000000,0.507969,ALLOW
6917,0.000000,0.000000,0.652270,ALLOW
6918,0.000000,0.000000,0.765169,ALLOW
6919,0.000000,0.000000,0.846640,ALLOW
6920,0.000000,0.000000,0.902259,ALLOW
6921,0.000000,0.000000,0.938792,ALLOW
6922,0.860004,1.000000,0.404724,PAUSE
6923,0.000000,0.000000,0.259737,PAUSE
6924,0.000000,1.000000,0.113957,PAUSE
6925,0.000000,0.000000,0.097211,PAUSE
6926,0.000000,0.000000,0.176603,PAUSE
6927,0.000000,0.000000,0.318757,PAUSE
6928,0.000000,0.000000,0.480730,PAUSE
6929,0.860004,1.000000,0.214029,PAUSE
6930,0.000000,1.000000,0.089692,PAUSE
6931,0.000000,0.000000,0.065916,PAUSE
6932,0.000000,0.000000,0.125877,PAUSE
6933,0.000000,0.000000,0.254516,PAUSE
6934,0.000000,0.000000,0.416038,PAUSE
6935,0.000000,0.000000,0.573430,ALLOW
6936,0.860004,1.000000,0.253039,PAUSE
6937,0.000000,0.000000,0.187463,PAUSE
6938,0.000000,1.000000,0.084314,PAUSE
6939,0.000000,0.000000,0.083061,PAUSE
6940,0.000000,0.000000,0.167239,PAUSE
6941,0.000000,0.000000,0.310987,PAUSE
6942,0.000000,0.000000,0.474173,PAUSE
6943,0.000000,0.000000,0.623715,ALLOW
6944,0.000000,0.000000,0.743549,ALLOW
6945,0.000000,0.000000,0.831405,ALLOW
6946,0.000000,0.000000,0.892034,ALLOW
6947,0.860004,1.000000,0.385458,PAUSE
6948,0.860004,0.000000,0.163796,PAUSE
6949,0.000000,0.000000,0.115751,PAUSE
6950,0.000000,1.000000,0.061785,PAUSE
6951,0.000000,0.000000,0.091580,PAUSE
6952,0.000000,0.000000,0.197468,PAUSE
6953,0.000000,0.000000,0.351314,PAUSE
6954,0.000000,0.000000,0.514047,ALLOW
6955,0.000000,0.000000,0.657110,ALLOW
6956,0.000000,0.000000,0.768727,ALLOW
6957,0.000000,0.000000,0.849106,ALLOW
6958,0.000000,0.000000,0.903897,ALLOW
6959,0.000000,0.000000,0.939848,ALLOW
6960,0.000000,0.000000,0.962817,ALLOW
6961,0.000000,0.000000,0.977219,ALLOW
6962,0.000000,0.000000,0.986130,ALLOW
6963,0.000000,0.000000,0.991593,ALLOW
6964,0.000000,0.000000,0.994920,ALLOW
6965,0.000000,0.000000,0.996937,ALLOW
6966,0.000000,0.000000,0.998156,ALLOW
6967,0.000000,0.000000,0.998891,ALLOW
6968,0.860004,1.000000,0.429418,PAUSE
6969,0.000000,0.000000,0.270924,PAUSE
6970,0.000000,1.000000,0.118513,PAUSE
6971,0.000000,0.000000,0.099281,PAUSE
6972,0.000000,0.000000,0.177827,PAUSE
6973,0.000000,0.000000,0.319675,PAUSE
6974,0.000000,0.000000,0.481462,PAUSE
6975,0.000000,0.000000,0.629465,ALLOW
6976,0.860004,1.000000,0.276480,PAUSE
6977,0.000000,0.000000,0.199066,PAUSE
6978,0.000000,1.000000,0.089099,PAUSE
6979,0.000000,0.000000,0.085429,PAUSE
6980,0.000000,0.000000,0.168927,PAUSE
6981,0.860004,1.000000,0.079764,PAUSE
6982,0.000000,1.000000,0.034790,PAUSE
6983,0.000000,0.000000,0.038310,PAUSE
6984,0.860004,1.000000,0.019697,PAUSE
6985,0.000000,0.000000,0.039191,PAUSE
6986,0.000000,1.000000,0.020755,PAUSE
6987,0.000000,0.000000,0.042559,PAUSE
6988,0.000000,0.000000,0.124696,PAUSE
6989,0.000000,0.000000,0.263933,PAUSE
6990,0.000000,0.000000,0.428850,PAUSE
6991,0.000000,0.000000,0.585545,ALLOW
6992,0.000000,0.000000,0.714464,ALLOW
6993,0.000000,0.000000,0.810761,ALLOW
6994,0.000000,0.000000,0.878093,ALLOW
6995,0.000000,0.000000,0.923067,ALLOW
6996,0.000000,0.000000,0.952162,ALLOW
6997,0.000000,0.000000,0.970567,ALLOW
6998,0.000000,0.000000,0.982027,ALLOW
6999,0.000000,0.000000,0.989083,ALLOW
7000,0.000000,0.000000,0.993394,ALLOW
7001,0.000000,0.000000,0.996013,ALLOW
7002,0.000000,0.000000,0.997598,ALLOW
7003,0.000000,0.000000,0.998555,ALLOW
7004,0.860004,1.000000,0.429280,PAUSE
7005,0.860004,0.000000,0.181380,PAUSE
7006,0.000000,1.000000,0.082695,PAUSE
7007,0.000000,0.000000,0.084952,PAUSE
7008,0.000000,0.000000,0.172093,PAUSE
7009,0.860004,1.000000,0.081211,PAUSE
7010,0.860004,0.000000,0.039499,PAUSE
7011,0.860004,0.000000,0.018950,PAUSE
7012,0.000000,1.000000,0.020497,PAUSE
7013,0.000000,0.000000,0.068173,PAUSE
7014,0.000000,0.000000,0.177943,PAUSE
7015,0.000000,0.000000,0.333046,PAUSE
7016,0.000000,0.000000,0.498065,PAUSE
7017,0.000000,0.000000,0.644397,ALLOW
7018,0.000000,0.000000,0.759381,ALLOW
7019,0.000000,0.000000,0.842625,ALLOW
7020,0.860004,1.000000,0.365057,PAUSE
7021,0.000000,0.000000,0.241439,PAUSE
7022,0.000000,1.000000,0.106487,PAUSE
7023,0.000000,0.000000,0.093757,PAUSE
7024,0.000000,0.000000,0.174475,PAUSE
7025,0.000000,0.000000,0.317098,PAUSE
7026,0.000000,0.000000,0.479376,PAUSE
7027,0.000000,0.000000,0.627847,ALLOW
7028,0.860004,1.000000,0.275806,PAUSE
7029,0.000000,0.000000,0.198740,PAUSE
7030,0.860004,0.000000,0.097172,PAUSE
7031,0.000000,0.000000,0.111260,PAUSE
7032,0.000000,1.000000,0.064257,PAUSE
7033,0.000000,0.000000,0.103086,PAUSE
7034,0.000000,0.000000,0.216803,PAUSE
7035,0.860004,1.000000,0.101012,PAUSE
7036,0.000000,1.000000,0.043577,PAUSE
7037,0.000000,0.000000,0.043260,PAUSE
7038,0.000000,0.000000,0.108195,PAUSE
7039,0.000000,0.000000,0.236641,PAUSE
7040,0.000000,0.000000,0.398804,PAUSE
7041,0.860004,1.000000,0.179393,PAUSE
7042,0.000000,1.000000,0.075624,PAUSE
7043,0.860004,1.000000,0.031697,PAUSE
7044,0.000000,0.000000,0.028812,PAUSE
7045,0.000000,1.000000,0.014937,PAUSE
7046,0.000000,0.000000,0.032956,PAUSE
7047,0.000000,0.000000,0.106486,PAUSE
7048,0.000000,0.000000,0.239021,PAUSE
7049,0.000000,0.000000,0.402638,PAUSE
7050,0.000000,0.000000,0.562448,ALLOW
7051,0.860004,1.000000,0.248449,PAUSE
7052,0.000000,0.000000,0.185196,PAUSE
7053,0.000000,0.000000,0.260890,PAUSE
7054,0.860004,0.000000,0.130062,PAUSE
7055,0.000000,0.000000,0.142657,PAUSE
7056,0.000000,0.000000,0.250095,PAUSE
7057,0.000000,1.000000,0.125718,PAUSE
7058,0.000000,0.000000,0.140864,PAUSE
7059,0.000000,0.000000,0.249307,PAUSE
7060,0.000000,0.000000,0.403491,PAUSE
7061,0.000000,0.000000,0.560225,ALLOW
7062,0.000000,0.000000,0.693694,ALLOW
7063,0.000000,0.000000,0.795442,ALLOW
7064,0.000000,0.000000,0.867516,ALLOW
7065,0.000000,0.000000,0.916075,ALLOW
7066,0.000000,0.000000,0.947675,ALLOW
7067,0.860004,1.000000,0.408379,PAUSE
7068,0.860004,0.000000,0.172996,PAUSE
7069,0.000000,1.000000,0.079274,PAUSE
7070,0.000000,0.000000,0.083376,PAUSE
7071,0.000000,0.000000,0.171131,PAUSE
7072,0.000000,0.000000,0.316636,PAUSE
7073,0.000000,0.000000,0.479938,PAUSE
7074,0.860004,1.000000,0.213715,PAUSE
7075,0.000000,1.000000,0.089567,PAUSE
7076,0.000000,0.000000,0.065866,PAUSE
7077,0.000000,0.000000,0.125859,PAUSE
7078,0.860004,1.000000,0.060509,PAUSE
7079,0.000000,0.000000,0.076146,PAUSE
7080,0.000000,0.000000,0.168680,PAUSE
7081,0.000000,1.000000,0.079852,PAUSE
7082,0.000000,0.000000,0.090405,PAUSE
7083,0.000000,0.000000,0.184549,PAUSE
7084,0.860004,1.000000,0.086738,PAUSE
7085,0.000000,0.000000,0.094673,PAUSE
7086,0.000000,0.000000,0.188549,PAUSE
7087,0.000000,0.000000,0.337294,PAUSE
7088,0.860004,0.000000,0.166887,PAUSE
7089,0.000000,0.000000,0.170055,PAUSE
7090,0.000000,0.000000,0.276817,PAUSE
7091,0.000000,0.000000,0.429215,PAUSE
7092,0.860004,0.000000,0.202777,PAUSE
7093,0.000000,1.000000,0.109849,PAUSE
7094,0.860004,1.000000,0.048764,PAUSE
7095,0.000000,1.000000,0.021159,PAUSE
7096,0.000000,0.000000,0.025935,PAUSE
7097,0.000000,0.000000,0.082263,PAUSE
7098,0.000000,0.000000,0.200885,PAUSE
7099,0.000000,0.000000,0.359875,PAUSE
7100,0.000000,0.000000,0.523360,ALLOW
7101,0.000000,0.000000,0.665093,ALLOW
7102,0.000000,0.000000,0.774778,ALLOW
7103,0.000000,0.000000,0.853359,ALLOW
7104,0.000000,0.000000,0.906743,ALLOW
7105,0.000000,0.000000,0.941691,ALLOW
7106,0.860004,1.000000,0.405917,PAUSE
7107,0.000000,1.000000,0.167242,PAUSE
7108,0.000000,0.000000,0.100319,PAUSE
7109,0.000000,0.000000,0.146220,PAUSE
7110,0.860004,1.000000,0.069051,PAUSE
7111,0.860004,0.000000,0.035527,PAUSE
7112,0.860004,0.000000,0.017596,PAUSE
7113,0.860004,1.000000,0.009073,PAUSE
7114,0.000000,1.000000,0.006555,PAUSE
7115,0.000000,0.000000,0.027223,PAUSE
7116,0.000000,0.000000,0.099165,PAUSE
7117,0.000000,0.000000,0.229670,PAUSE
7118,0.000000,0.000000,0.392835,PAUSE
7119,0.000000,0.000000,0.553751,ALLOW
7120,0.000000,0.000000,0.689541,ALLOW
7121,0.000000,0.000000,0.792745,ALLOW
7122,0.000000,0.000000,0.865778,ALLOW
7123,0.860004,1.000000,0.374623,PAUSE
7124,0.000000,1.000000,0.154631,PAUSE
7125,0.000000,0.000000,0.094889,PAUSE
7126,0.000000,0.000000,0.143311,PAUSE
7127,0.000000,0.000000,0.268603,PAUSE
7128,0.000000,0.000000,0.428196,PAUSE
7129,0.000000,0.000000,0.583342,ALLOW
7130,0.000000,0.000000,0.712231,ALLOW
7131,0.000000,0.000000,0.808980,ALLOW
7132,0.000000,0.000000,0.876819,ALLOW
7133,0.000000,0.000000,0.922209,ALLOW
7134,0.000000,0.000000,0.951606,ALLOW
7135,0.000000,0.000000,0.970216,ALLOW
7136,0.000000,0.000000,0.981808,ALLOW
7137,0.000000,0.000000,0.988948,ALLOW
7138,0.000000,0.000000,0.993312,ALLOW
7139,0.860004,1.000000,0.427129,PAUSE
7140,0.000000,1.000000,0.175783,PAUSE
7141,0.000000,0.000000,0.103966,PAUSE
7142,0.000000,0.000000,0.148118,PAUSE
7143,0.000000,0.000000,0.271937,PAUSE
7144,0.000000,0.000000,0.430814,PAUSE
7145,0.000000,0.000000,0.585378,ALLOW
7146,0.000000,0.000000,0.713735,ALLOW
7147,0.000000,0.000000,0.810034,ALLOW
7148,0.000000,0.000000,0.877527,ALLOW
7149,0.000000,0.000000,0.922670,ALLOW
7150,0.000000,0.000000,0.951899,ALLOW
7151,0.000000,0.000000,0.970399,ALLOW
7152,0.000000,0.000000,0.981921,ALLOW
7153,0.000000,0.000000,0.989018,ALLOW
7154,0.000000,0.000000,0.993354,ALLOW
7155,0.000000,0.000000,0.995989,ALLOW
7156,0.000000,0.000000,0.997583,ALLOW
7157,0.000000,0.000000,0.998546,ALLOW
7158,0.000000,0.000000,0.999126,ALLOW
7159,0.860004,1.000000,0.429514,PAUSE
7160,0.860004,0.000000,0.181474,PAUSE
7161,0.000000,1.000000,0.082733,PAUSE
7162,0.000000,0.000000,0.084970,PAUSE
7163,0.860004,1.000000,0.040864,PAUSE
7164,0.000000,1.000000,0.018391,PAUSE
7165,0.860004,1.000000,0.008345,PAUSE
7166,0.000000,1.000000,0.003977,PAUSE
7167,0.000000,0.000000,0.011463,PAUSE
7168,0.000000,0.000000,0.055626,PAUSE
7169,0.000000,0.000000,0.159028,PAUSE
7170,0.000000,0.000000,0.310708,PAUSE
7171,0.000000,0.000000,0.476639,PAUSE
7172,0.000000,0.000000,0.626618,ALLOW
7173,0.000000,0.000000,0.746018,ALLOW
7174,0.000000,0.000000,0.833241,ALLOW
7175,0.000000,0.000000,0.893301,ALLOW
7176,0.860004,1.000000,0.385981,PAUSE
7177,0.000000,1.000000,0.159209,PAUSE
7178,0.000000,0.000000,0.096866,PAUSE
7179,0.860004,1.000000,0.044006,PAUSE
7180,0.860004,0.000000,0.024511,PAUSE
7181,0.860004,0.000000,0.012926,PAUSE
7182,0.000000,1.000000,0.015908,PAUSE
7183,0.000000,0.000000,0.060042,PAUSE
7184,0.000000,0.000000,0.164992,PAUSE
7185,0.860004,1.000000,0.078524,PAUSE
7186,0.000000,1.000000,0.034341,PAUSE
7187,0.000000,0.000000,0.038370,PAUSE
7188,0.000000,0.000000,0.103691,PAUSE
7189,0.000000,0.000000,0.231568,PAUSE
7190,0.000000,0.000000,0.393677,PAUSE
7191,0.000000,0.000000,0.554154,ALLOW
7192,0.000000,0.000000,0.689749,ALLOW
7193,0.860004,1.000000,0.301637,PAUSE
7194,0.000000,1.000000,0.125171,PAUSE
7195,0.000000,0.000000,0.081990,PAUSE
7196,0.000000,0.000000,0.136005,PAUSE
7197,0.000000,0.000000,0.263086,PAUSE
7198,0.860004,1.000000,0.121086,PAUSE
7199,0.000000,1.000000,0.051811,PAUSE
7200,0.000000,0.000000,0.047535,PAUSE
7201,0.000000,0.000000,0.111964,PAUSE
7202,0.000000,0.000000,0.240764,PAUSE
7203,0.000000,0.000000,0.402916,PAUSE
7204,0.000000,0.000000,0.562229,ALLOW
7205,0.000000,0.000000,0.696073,ALLOW
7206,0.000000,0.000000,0.797436,ALLOW
7207,0.000000,0.000000,0.868977,ALLOW
7208,0.000000,0.000000,0.917071,ALLOW
7209,0.000000,0.000000,0.948326,ALLOW
7210,0.000000,0.000000,0.968160,ALLOW
7211,0.000000,0.000000,0.980536,ALLOW
7212,0.000000,0.000000,0.988169,ALLOW
7213,0.000000,0.000000,0.992837,ALLOW
7214,0.000000,0.000000,0.995675,ALLOW
7215,0.000000,0.000000,0.997394,ALLOW
7216,0.000000,0.000000,0.998432,ALLOW
7217,0.000000,0.000000,0.999057,ALLOW
7218,0.000000,0.000000,0.999433,ALLOW
7219,0.860004,1.000000,0.429640,PAUSE
7220,0.000000,1.000000,0.176793,PAUSE
7221,0.000000,0.000000,0.104396,PAUSE
7222,0.000000,0.000000,0.148338,PAUSE
7223,0.000000,0.000000,0.272082,PAUSE
7224,0.000000,0.000000,0.430924,PAUSE
7225,0.000000,0.000000,0.585463,ALLOW
7226,0.000000,0.000000,0.713796,ALLOW
7227,0.860004,1.000000,0.311635,PAUSE
7228,0.000000,1.000000,0.129209,PAUSE
7229,0.000000,0.000000,0.083774,PAUSE
7230,0.000000,0.000000,0.137044,PAUSE
7231,0.000000,0.000000,0.263897,PAUSE
7232,0.000000,0.000000,0.424307,PAUSE
7233,0.000000,0.000000,0.580238,ALLOW
7234,0.000000,0.000000,0.709908,ALLOW
7235,0.000000,0.000000,0.807341,ALLOW
7236,0.000000,0.000000,0.875713,ALLOW
7237,0.000000,0.000000,0.921488,ALLOW
7238,0.000000,0.000000,0.951147,ALLOW
7239,0.860004,1.000000,0.409807,PAUSE
7240,0.000000,1.000000,0.168808,PAUSE
7241,0.000000,0.000000,0.100990,PAUSE
7242,0.860004,1.000000,0.045682,PAUSE
7243,0.000000,1.000000,0.020020,PAUSE
7244,0.000000,0.000000,0.026064,PAUSE
7245,0.860004,1.000000,0.014076,PAUSE
7246,0.000000,1.000000,0.007029,PAUSE
7247,0.000000,0.000000,0.018614,PAUSE
7248,0.000000,0.000000,0.075132,PAUSE
7249,0.000000,0.000000,0.192070,PAUSE
7250,0.000000,0.000000,0.350353,PAUSE
7251,0.000000,0.000000,0.514647,ALLOW
7252,0.860004,1.000000,0.228373,PAUSE
7253,0.000000,1.000000,0.095516,PAUSE
7254,0.000000,0.000000,0.068627,PAUSE
7255,0.000000,0.000000,0.127719,PAUSE
7256,0.860004,1.000000,0.061299,PAUSE
7257,0.000000,1.000000,0.027113,PAUSE
7258,0.860004,1.000000,0.011984,PAUSE
7259,0.000000,1.000000,0.005489,PAUSE
7260,0.000000,0.000000,0.012587,PAUSE
7261,0.000000,0.000000,0.057670,PAUSE
7262,0.000000,0.000000,0.162391,PAUSE
7263,0.000000,0.000000,0.314804,PAUSE
7264,0.000000,0.000000,0.480625,PAUSE
7265,0.000000,0.000000,0.629953,ALLOW
7266,0.000000,0.000000,0.748538,ALLOW
7267,0.000000,0.000000,0.835016,ALLOW
7268,0.000000,0.000000,0.894493,ALLOW
7269,0.000000,0.000000,0.933767,ALLOW
7270,0.000000,0.000000,0.958971,ALLOW
7271,0.000000,0.000000,0.974824,ALLOW
7272,0.000000,0.000000,0.984656,ALLOW
7273,0.000000,0.000000,0.990692,ALLOW
7274,0.000000,0.000000,0.994373,ALLOW
7275,0.000000,0.000000,0.996606,ALLOW
7276,0.000000,0.000000,0.997956,ALLOW
7277,0.000000,0.000000,0.998771,ALLOW
7278,0.000000,0.000000,0.999261,ALLOW
7279,0.000000,0.000000,0.999556,ALLOW
7280,0.000000,0.000000,0.999734,ALLOW
7281,0.000000,0.000000,0.999840,ALLOW
7282,0.860004,1.000000,0.429807,PAUSE
7283,0.000000,1.000000,0.176860,PAUSE
7284,0.000000,0.000000,0.104424,PAUSE
7285,0.000000,0.000000,0.148352,PAUSE
7286,0.000000,0.000000,0.272092,PAUSE
7287,0.000000,0.000000,0.430931,PAUSE
7288,0.000000,0.000000,0.585468,ALLOW
7289,0.000000,0.000000,0.713800,ALLOW
7290,0.000000,0.000000,0.810080,ALLOW
7291,0.000000,0.000000,0.877557,ALLOW
7292,0.000000,0.000000,0.922690,ALLOW
7293,0.000000,0.000000,0.951912,ALLOW
7294,0.000000,0.000000,0.970407,ALLOW
7295,0.000000,0.000000,0.981926,ALLOW
7296,0.000000,0.000000,0.989021,ALLOW
7297,0.000000,0.000000,0.993356,ALLOW
7298,0.000000,0.000000,0.995990,ALLOW
7299,0.860004,1.000000,0.428228,PAUSE
7300,0.000000,1.000000,0.176225,PAUSE
7301,0.000000,0.000000,0.104154,PAUSE
7302,0.000000,0.000000,0.148214,PAUSE
7303,0.000000,0.000000,0.272001,PAUSE
7304,0.000000,0.000000,0.430862,PAUSE
7305,0.000000,0.000000,0.585416,ALLOW
7306,0.000000,0.000000,0.713762,ALLOW
7307,0.000000,0.000000,0.810053,ALLOW
7308,0.000000,0.000000,0.877539,ALLOW
7309,0.000000,0.000000,0.922678,ALLOW
7310,0.000000,0.000000,0.951904,ALLOW
7311,0.000000,0.000000,0.970402,ALLOW
7312,0.000000,0.000000,0.981923,ALLOW
7313,0.000000,0.000000,0.989019,ALLOW
7314,0.000000,0.000000,0.993355,ALLOW
7315,0.000000,0.000000,0.995989,ALLOW
7316,0.000000,0.000000,0.997584,ALLOW
7317,0.000000,0.000000,0.998546,ALLOW
7318,0.000000,0.000000,0.999126,ALLOW
7319,0.000000,0.000000,0.999475,ALLOW
7320,0.000000,0.000000,0.999685,ALLOW
7321,0.000000,0.000000,0.999811,ALLOW
7322,0.000000,0.000000,0.999886,ALLOW
7323,0.860004,1.000000,0.429826,PAUSE
7324,0.000000,1.000000,0.176868,PAUSE
7325,0.000000,0.000000,0.104428,PAUSE
7326,0.000000,0.000000,0.148354,PAUSE
7327,0.000000,0.000000,0.272093,PAUSE
7328,0.000000,0.000000,0.430932,PAUSE
7329,0.000000,0.000000,0.585469,ALLOW
7330,0.000000,0.000000,0.713801,ALLOW
7331,0.000000,0.000000,0.810080,ALLOW
7332,0.000000,0.000000,0.877558,ALLOW
7333,0.000000,0.000000,0.922690,ALLOW
7334,0.860004,1.000000,0.398094,PAUSE
7335,0.000000,1.000000,0.164090,PAUSE
7336,0.000000,0.000000,0.098967,PAUSE
7337,0.860004,1.000000,0.044860,PAUSE
7338,0.000000,1.000000,0.019688,PAUSE
7339,0.000000,0.000000,0.025915,PAUSE
7340,0.000000,0.000000,0.083649,PAUSE
7341,0.000000,0.000000,0.203387,PAUSE
7342,0.000000,0.000000,0.362815,PAUSE
7343,0.000000,0.000000,0.526114,ALLOW
7344,0.860004,1.000000,0.233193,PAUSE
7345,0.000000,1.000000,0.097470,PAUSE
7346,0.000000,0.000000,0.069522,PAUSE
7347,0.000000,0.000000,0.128300,PAUSE
7348,0.000000,0.000000,0.256690,PAUSE
7349,0.000000,0.000000,0.418019,PAUSE
7350,0.000000,0.000000,0.575086,ALLOW
7351,0.000000,0.000000,0.706003,ALLOW
7352,0.000000,0.000000,0.804566,ALLOW
7353,0.000000,0.000000,0.873834,ALLOW
7354,0.860004,1.000000,0.377948,PAUSE
7355,0.000000,1.000000,0.155971,PAUSE
7356,0.000000,0.000000,0.095468,PAUSE
7357,0.860004,1.000000,0.043437,PAUSE
7358,0.000000,1.000000,0.019114,PAUSE
7359,0.000000,0.000000,0.025656,PAUSE
7360,0.000000,0.000000,0.083474,PAUSE
7361,0.860004,1.000000,0.041845,PAUSE
7362,0.000000,1.000000,0.019053,PAUSE
7363,0.000000,0.000000,0.029003,PAUSE
7364,0.000000,0.000000,0.092752,PAUSE
7365,0.000000,0.000000,0.217750,PAUSE
7366,0.000000,0.000000,0.379086,PAUSE
7367,0.860004,1.000000,0.171025,PAUSE
7368,0.000000,1.000000,0.072220,PAUSE
7369,0.000000,0.000000,0.057716,PAUSE
7370,0.000000,0.000000,0.120172,PAUSE
7371,0.000000,0.000000,0.249234,PAUSE
7372,0.000000,0.000000,0.411146,PAUSE
7373,0.000000,0.000000,0.569310,ALLOW
7374,0.000000,0.000000,0.701571,ALLOW
7375,0.860004,1.000000,0.306556,PAUSE
7376,0.000000,1.000000,0.127158,PAUSE
7377,0.000000,0.000000,0.082870,PAUSE
7378,0.000000,0.000000,0.136520,PAUSE
7379,0.000000,0.000000,0.263491,PAUSE
7380,0.000000,0.000000,0.423965,PAUSE
7381,0.000000,0.000000,0.579962,ALLOW
7382,0.000000,0.000000,0.709701,ALLOW
7383,0.860004,1.000000,0.309935,PAUSE
7384,0.000000,1.000000,0.128523,PAUSE
7385,0.000000,0.000000,0.083472,PAUSE
7386,0.860004,1.000000,0.038541,PAUSE
7387,0.000000,1.000000,0.017136,PAUSE
7388,0.000000,0.000000,0.024744,PAUSE
7389,0.000000,0.000000,0.082813,PAUSE
7390,0.000000,0.000000,0.202541,PAUSE
7391,0.000000,0.000000,0.361968,PAUSE
7392,0.000000,0.000000,0.525362,ALLOW
7393,0.000000,0.000000,0.666733,ALLOW
7394,0.000000,0.000000,0.775995,ALLOW
7395,0.000000,0.000000,0.854206,ALLOW
7396,0.000000,0.000000,0.907306,ALLOW
7397,0.000000,0.000000,0.942054,ALLOW
7398,0.860004,1.000000,0.406066,PAUSE
7399,0.000000,1.000000,0.167302,PAUSE
7400,0.000000,0.000000,0.100345,PAUSE
7401,0.000000,0.000000,0.146234,PAUSE
7402,0.000000,0.000000,0.270661,PAUSE
7403,0.000000,0.000000,0.429829,PAUSE
7404,0.000000,0.000000,0.584619,ALLOW
7405,0.000000,0.000000,0.713176,ALLOW
7406,0.000000,0.000000,0.809644,ALLOW
7407,0.000000,0.000000,0.877265,ALLOW
7408,0.000000,0.000000,0.922499,ALLOW
7409,0.000000,0.000000,0.951791,ALLOW
7410,0.000000,0.000000,0.970331,ALLOW
7411,0.000000,0.000000,0.981879,ALLOW
7412,0.000000,0.000000,0.988992,ALLOW
7413,0.860004,1.000000,0.425357,PAUSE
7414,0.000000,1.000000,0.175069,PAUSE
7415,0.000000,0.000000,0.103663,PAUSE
7416,0.000000,0.000000,0.147962,PAUSE
7417,0.860004,1.000000,0.069772,PAUSE
7418,0.000000,1.000000,0.030559,PAUSE
7419,0.000000,0.000000,0.035409,PAUSE
7420,0.000000,0.000000,0.099353,PAUSE
7421,0.000000,0.000000,0.225732,PAUSE
7422,0.860004,1.000000,0.105086,PAUSE
7423,0.000000,1.000000,0.045274,PAUSE
7424,0.000000,0.000000,0.044262,PAUSE
7425,0.000000,0.000000,0.109278,PAUSE
7426,0.860004,1.000000,0.053381,PAUSE
7427,0.860004,0.000000,0.029126,PAUSE
7428,0.860004,0.000000,0.015001,PAUSE
7429,0.000000,1.000000,0.018248,PAUSE
7430,0.000000,0.000000,0.065387,PAUSE
7431,0.000000,0.000000,0.173968,PAUSE
7432,0.000000,0.000000,0.328461,PAUSE
7433,0.000000,0.000000,0.493722,PAUSE
7434,0.000000,0.000000,0.640820,ALLOW
7435,0.000000,0.000000,0.756705,ALLOW
7436,0.000000,0.000000,0.840752,ALLOW
7437,0.000000,0.000000,0.898337,ALLOW
7438,0.860004,1.000000,0.388058,PAUSE
7439,0.000000,1.000000,0.160046,PAUSE
7440,0.860004,1.000000,0.065672,PAUSE
7441,0.000000,1.000000,0.027138,PAUSE
7442,0.000000,0.000000,0.022738,PAUSE
7443,0.000000,0.000000,0.066138,PAUSE
7444,0.000000,0.000000,0.172666,PAUSE
7445,0.000000,0.000000,0.326253,PAUSE
7446,0.000000,0.000000,0.491420,PAUSE
7447,0.000000,0.000000,0.638857,ALLOW
7448,0.000000,0.000000,0.755214,ALLOW
7449,0.000000,0.000000,0.839700,ALLOW
7450,0.000000,0.000000,0.897630,ALLOW
7451,0.860004,1.000000,0.387767,PAUSE
7452,0.000000,1.000000,0.159929,PAUSE
7453,0.000000,0.000000,0.097177,PAUSE
7454,0.000000,0.000000,0.144548,PAUSE
7455,0.000000,0.000000,0.269485,PAUSE
7456,0.000000,0.000000,0.428902,PAUSE
7457,0.000000,0.000000,0.583896,ALLOW
7458,0.000000,0.000000,0.712642,ALLOW
7459,0.860004,1.000000,0.311156,PAUSE
7460,0.000000,1.000000,0.129016,PAUSE
7461,0.000000,0.000000,0.083689,PAUSE
7462,0.000000,0.000000,0.136995,PAUSE
7463,0.000000,0.000000,0.263860,PAUSE
7464,0.000000,0.000000,0.424276,PAUSE
7465,0.000000,0.000000,0.580213,ALLOW
7466,0.000000,0.000000,0.709889,ALLOW
7467,0.000000,0.000000,0.807328,ALLOW
7468,0.000000,0.000000,0.875704,ALLOW
7469,0.000000,0.000000,0.921482,ALLOW
7470,0.000000,0.000000,0.951143,ALLOW
7471,0.000000,0.000000,0.969926,ALLOW
7472,0.000000,0.000000,0.981629,ALLOW
7473,0.000000,0.000000,0.988839,ALLOW
7474,0.000000,0.000000,0.993245,ALLOW
7475,0.860004,1.000000,0.427102,PAUSE
7476,0.000000,1.000000,0.175772,PAUSE
7477,0.000000,0.000000,0.103962,PAUSE
7478,0.000000,0.000000,0.148115,PAUSE
7479,0.000000,0.000000,0.271935,PAUSE
7480,0.000000,0.000000,0.430813,PAUSE
7481,0.000000,0.000000,0.585378,ALLOW
7482,0.000000,0.000000,0.713734,ALLOW
7483,0.000000,0.000000,0.810034,ALLOW
7484,0.000000,0.000000,0.877526,ALLOW
7485,0.000000,0.000000,0.922670,ALLOW
7486,0.000000,0.000000,0.951899,ALLOW
7487,0.000000,0.000000,0.970399,ALLOW
7488,0.000000,0.000000,0.981921,ALLOW
7489,0.000000,0.000000,0.989018,ALLOW
7490,0.000000,0.000000,0.993354,ALLOW
7491,0.000000,0.000000,0.995989,ALLOW
7492,0.000000,0.000000,0.997583,ALLOW
7493,0.000000,0.000000,0.998546,ALLOW
7494,0.000000,0.000000,0.999126,ALLOW
7495,0.000000,0.000000,0.999475,ALLOW
7496,0.860004,1.000000,0.429657,PAUSE
7497,0.000000,1.000000,0.176800,PAUSE
7498,0.000000,0.000000,0.104399,PAUSE
7499,0.000000,0.000000,0.148339,PAUSE
7500,0.000000,0.000000,0.272083,PAUSE
7501,0.000000,0.000000,0.430925,PAUSE
7502,0.000000,0.000000,0.585463,ALLOW
7503,0.000000,0.000000,0.713797,ALLOW
7504,0.000000,0.000000,0.810077,ALLOW
7505,0.000000,0.000000,0.877556,ALLOW
7506,0.000000,0.000000,0.922689,ALLOW
7507,0.000000,0.000000,0.951911,ALLOW
7508,0.000000,0.000000,0.970406,ALLOW
7509,0.000000,0.000000,0.981926,ALLOW
7510,0.000000,0.000000,0.989021,ALLOW
7511,0.000000,0.000000,0.993356,ALLOW
7512,0.000000,0.000000,0.995990,ALLOW
7513,0.000000,0.000000,0.997584,ALLOW
7514,0.000000,0.000000,0.998546,ALLOW
7515,0.000000,0.000000,0.999126,ALLOW
7516,0.000000,0.000000,0.999475,ALLOW
7517,0.000000,0.000000,0.999685,ALLOW
7518,0.860004,1.000000,0.429743,PAUSE
7519,0.000000,1.000000,0.176835,PAUSE
7520,0.860004,1.000000,0.072411,PAUSE
7521,0.860004,0.000000,0.034502,PAUSE
7522,0.000000,1.000000,0.017398,PAUSE
7523,0.860004,1.000000,0.008346,PAUSE
7524,0.000000,1.000000,0.004121,PAUSE
7525,0.000000,0.000000,0.012801,PAUSE
7526,0.000000,0.000000,0.060036,PAUSE
7527,0.860004,1.000000,0.031130,PAUSE
7528,0.860004,0.000000,0.019391,PAUSE
7529,0.000000,1.000000,0.013809,PAUSE
7530,0.000000,0.000000,0.043579,PAUSE
7531,0.000000,0.000000,0.132117,PAUSE
7532,0.860004,1.000000,0.063915,PAUSE
7533,0.860004,0.000000,0.032401,PAUSE
7534,0.000000,1.000000,0.020056,PAUSE
7535,0.000000,0.000000,0.049889,PAUSE
7536,0.000000,0.000000,0.141400,PAUSE
7537,0.000000,0.000000,0.286644,PAUSE
7538,0.000000,0.000000,0.452250,PAUSE
7539,0.000000,0.000000,0.605809,ALLOW
7540,0.000000,0.000000,0.730120,ALLOW
7541,0.000000,0.000000,0.821960,ALLOW
7542,0.000000,0.000000,0.885691,ALLOW
7543,0.000000,0.000000,0.928036,ALLOW
7544,0.000000,0.000000,0.955330,ALLOW
7545,0.000000,0.000000,0.972550,ALLOW
7546,0.000000,0.000000,0.983252,ALLOW
7547,0.000000,0.000000,0.989834,ALLOW
7548,0.000000,0.000000,0.993851,ALLOW
7549,0.000000,0.000000,0.996290,ALLOW
7550,0.000000,0.000000,0.997765,ALLOW
7551,0.000000,0.000000,0.998656,ALLOW
7552,0.000000,0.000000,0.999192,ALLOW
7553,0.000000,0.000000,0.999515,ALLOW
7554,0.000000,0.000000,0.999708,ALLOW
7555,0.000000,0.000000,0.999825,ALLOW
7556,0.000000,0.000000,0.999895,ALLOW
7557,0.000000,0.000000,0.999937,ALLOW
7558,0.000000,0.000000,0.999962,ALLOW
7559,0.000000,0.000000,0.999977,ALLOW
7560,0.000000,0.000000,0.999986,ALLOW
7561,0.000000,0.000000,0.999992,ALLOW
7562,0.000000,0.000000,0.999995,ALLOW
7563,0.000000,0.000000,0.999997,ALLOW
7564,0.000000,0.000000,0.999998,ALLOW
7565,0.000000,0.000000,0.999999,ALLOW
7566,0.000000,0.000000,0.999999,ALLOW
7567,0.000000,0.000000,1.000000,ALLOW
7568,0.000000,0.000000,1.000000,ALLOW
7569,0.000000,0.000000,1.000000,ALLOW
7570,0.000000,0.000000,1.000000,ALLOW
7571,0.000000,0.000000,1.000000,ALLOW
7572,0.000000,0.000000,1.000000,ALLOW
7573,0.000000,0.000000,1.000000,ALLOW
7574,0.000000,0.000000,1.000000,ALLOW
7575,0.000000,0.000000,1.000000,ALLOW
7576,0.860004,1.000000,0.429872,PAUSE
7577,0.860004,0.000000,0.181618,PAUSE
7578,0.000000,1.000000,0.082792,PAUSE
7579,0.000000,0.000000,0.084996,PAUSE
7580,0.000000,0.000000,0.172120,PAUSE
7581,0.000000,0.000000,0.317399,PAUSE
7582,0.000000,0.000000,0.480558,PAUSE
7583,0.000000,0.000000,0.629108,ALLOW
7584,0.000000,0.000000,0.747642,ALLOW
7585,0.000000,0.000000,0.834297,ALLOW
7586,0.000000,0.000000,0.893979,ALLOW
7587,0.000000,0.000000,0.933422,ALLOW
7588,0.000000,0.000000,0.958748,ALLOW
7589,0.000000,0.000000,0.974683,ALLOW
7590,0.000000,0.000000,0.984568,ALLOW
7591,0.000000,0.000000,0.990638,ALLOW
7592,0.000000,0.000000,0.994340,ALLOW
7593,0.000000,0.000000,0.996586,ALLOW
7594,0.000000,0.000000,0.997944,ALLOW
7595,0.000000,0.000000,0.998763,ALLOW
7596,0.000000,0.000000,0.999257,ALLOW
7597,0.000000,0.000000,0.999554,ALLOW
7598,0.000000,0.000000,0.999732,ALLOW
7599,0.000000,0.000000,0.999839,ALLOW
7600,0.000000,0.000000,0.999903,ALLOW
7601,0.860004,1.000000,0.429833,PAUSE
7602,0.000000,1.000000,0.176871,PAUSE
7603,0.000000,0.000000,0.104429,PAUSE
7604,0.000000,0.000000,0.148354,PAUSE
7605,0.000000,0.000000,0.272093,PAUSE
7606,0.000000,0.000000,0.430933,PAUSE
7607,0.000000,0.000000,0.585469,ALLOW
7608,0.000000,0.000000,0.713801,ALLOW
7609,0.000000,0.000000,0.810080,ALLOW
7610,0.000000,0.000000,0.877558,ALLOW
7611,0.000000,0.000000,0.922690,ALLOW
7612,0.000000,0.000000,0.951912,ALLOW
7613,0.000000,0.000000,0.970407,ALLOW
7614,0.000000,0.000000,0.981926,ALLOW
7615,0.860004,1.000000,0.422456,PAUSE
7616,0.000000,1.000000,0.173902,PAUSE
7617,0.000000,0.000000,0.103166,PAUSE
7618,0.000000,0.000000,0.147706,PAUSE
7619,0.000000,0.000000,0.271662,PAUSE
7620,0.000000,0.000000,0.430604,PAUSE
7621,0.000000,0.000000,0.585217,ALLOW
7622,0.000000,0.000000,0.713616,ALLOW
7623,0.860004,1.000000,0.311560,PAUSE
7624,0.000000,1.000000,0.129179,PAUSE
7625,0.000000,0.000000,0.083761,PAUSE
7626,0.000000,0.000000,0.137037,PAUSE
7627,0.860004,1.000000,0.065224,PAUSE
7628,0.000000,1.000000,0.028713,PAUSE
7629,0.000000,0.000000,0.034529,PAUSE
7630,0.860004,1.000000,0.018037,PAUSE
7631,0.860004,0.000000,0.013838,PAUSE
7632,0.000000,1.000000,0.010552,PAUSE
7633,0.000000,0.000000,0.038225,PAUSE
7634,0.000000,0.000000,0.122487,PAUSE
7635,0.000000,0.000000,0.262481,PAUSE
7636,0.000000,0.000000,0.427755,PAUSE
7637,0.000000,0.000000,0.584711,ALLOW
7638,0.000000,0.000000,0.713855,ALLOW
7639,0.000000,0.000000,0.810336,ALLOW
7640,0.000000,0.000000,0.877808,ALLOW
7641,0.000000,0.000000,0.922882,ALLOW
7642,0.000000,0.000000,0.952045,ALLOW
7643,0.000000,0.000000,0.970494,ALLOW
7644,0.000000,0.000000,0.981982,ALLOW
7645,0.000000,0.000000,0.989055,ALLOW
7646,0.000000,0.000000,0.993377,ALLOW
7647,0.000000,0.000000,0.996003,ALLOW
7648,0.000000,0.000000,0.997592,ALLOW
7649,0.000000,0.000000,0.998551,ALLOW
7650,0.000000,0.000000,0.999129,ALLOW
7651,0.860004,1.000000,0.429515,PAUSE
7652,0.000000,1.000000,0.176743,PAUSE
7653,0.000000,0.000000,0.104375,PAUSE
7654,0.000000,0.000000,0.148327,PAUSE
7655,0.000000,0.000000,0.272075,PAUSE
7656,0.000000,0.000000,0.430919,PAUSE
7657,0.000000,0.000000,0.585459,ALLOW
7658,0.000000,0.000000,0.713793,ALLOW
7659,0.000000,0.000000,0.810075,ALLOW
7660,0.000000,0.000000,0.877554,ALLOW
7661,0.000000,0.000000,0.922688,ALLOW
7662,0.000000,0.000000,0.951910,ALLOW
7663,0.000000,0.000000,0.970406,ALLOW
7664,0.000000,0.000000,0.981926,ALLOW
7665,0.000000,0.000000,0.989020,ALLOW
7666,0.000000,0.000000,0.993355,ALLOW
7667,0.000000,0.000000,0.995990,ALLOW
7668,0.000000,0.000000,0.997584,ALLOW
7669,0.000000,0.000000,0.998546,ALLOW
7670,0.000000,0.000000,0.999126,ALLOW
7671,0.000000,0.000000,0.999475,ALLOW
7672,0.000000,0.000000,0.999685,ALLOW
7673,0.000000,0.000000,0.999811,ALLOW
7674,0.000000,0.000000,0.999886,ALLOW
7675,0.000000,0.000000,0.999932,ALLOW
7676,0.000000,0.000000,0.999959,ALLOW
7677,0.000000,0.000000,0.999975,ALLOW
7678,0.000000,0.000000,0.999985,ALLOW
7679,0.000000,0.000000,0.999991,ALLOW
7680,0.000000,0.000000,0.999995,ALLOW
7681,0.000000,0.000000,0.999997,ALLOW
7682,0.000000,0.000000,0.999998,ALLOW
7683,0.860004,1.000000,0.429871,PAUSE
7684,0.000000,0.000000,0.271128,PAUSE
7685,0.000000,0.000000,0.312208,PAUSE
7686,0.000000,1.000000,0.140509,PAUSE
7687,0.000000,0.000000,0.123434,PAUSE
7688,0.000000,0.000000,0.210736,PAUSE
7689,0.860004,1.000000,0.097879,PAUSE
7690,0.000000,0.000000,0.100967,PAUSE
7691,0.000000,0.000000,0.193819,PAUSE
7692,0.000000,1.000000,0.090708,PAUSE
7693,0.000000,0.000000,0.096987,PAUSE
7694,0.000000,0.000000,0.190567,PAUSE
7695,0.860004,1.000000,0.089321,PAUSE
7696,0.000000,0.000000,0.096195,PAUSE
7697,0.860004,0.000000,0.055641,PAUSE
7698,0.000000,1.000000,0.035333,PAUSE
7699,0.000000,0.000000,0.074548,PAUSE
7700,0.000000,0.000000,0.181158,PAUSE
7701,0.000000,0.000000,0.335024,PAUSE
7702,0.000000,0.000000,0.499435,PAUSE
7703,0.000000,0.000000,0.645368,ALLOW
7704,0.000000,0.000000,0.760055,ALLOW
7705,0.000000,0.000000,0.843080,ALLOW
7706,0.860004,1.000000,0.365245,PAUSE
7707,0.000000,0.000000,0.241526,PAUSE
7708,0.000000,1.000000,0.106523,PAUSE
7709,0.000000,0.000000,0.093774,PAUSE
7710,0.000000,0.000000,0.174485,PAUSE
7711,0.000000,0.000000,0.317106,PAUSE
7712,0.000000,0.000000,0.479382,PAUSE
7713,0.000000,0.000000,0.627852,ALLOW
7714,0.000000,0.000000,0.746604,ALLOW
7715,0.000000,0.000000,0.833536,ALLOW
7716,0.000000,0.000000,0.893457,ALLOW
7717,0.000000,0.000000,0.933079,ALLOW
7718,0.000000,0.000000,0.958529,ALLOW
7719,0.000000,0.000000,0.974546,ALLOW
7720,0.000000,0.000000,0.984483,ALLOW
7721,0.000000,0.000000,0.990587,ALLOW
7722,0.000000,0.000000,0.994308,ALLOW
7723,0.000000,0.000000,0.996567,ALLOW
7724,0.000000,0.000000,0.997933,ALLOW
7725,0.000000,0.000000,0.998756,ALLOW
7726,0.000000,0.000000,0.999253,ALLOW
7727,0.000000,0.000000,0.999551,ALLOW
7728,0.000000,0.000000,0.999730,ALLOW
7729,0.000000,0.000000,0.999838,ALLOW
7730,0.000000,0.000000,0.999903,ALLOW
7731,0.000000,0.000000,0.999942,ALLOW
7732,0.000000,0.000000,0.999965,ALLOW
7733,0.000000,0.000000,0.999979,ALLOW
7734,0.000000,0.000000,0.999987,ALLOW
7735,0.000000,0.000000,0.999992,ALLOW
7736,0.000000,0.000000,0.999995,ALLOW
7737,0.860004,1.000000,0.429870,PAUSE
7738,0.000000,1.000000,0.176886,PAUSE
7739,0.860004,1.000000,0.072431,PAUSE
7740,0.000000,1.000000,0.029850,PAUSE
7741,0.000000,0.000000,0.023883,PAUSE
7742,0.860004,1.000000,0.012402,PAUSE
7743,0.860004,0.000000,0.011097,PAUSE
7744,0.000000,1.000000,0.008792,PAUSE
7745,0.000000,0.000000,0.034745,PAUSE
7746,0.000000,0.000000,0.115754,PAUSE
7747,0.000000,0.000000,0.253341,PAUSE
7748,0.000000,0.000000,0.418214,PAUSE
7749,0.000000,0.000000,0.576354,ALLOW
7750,0.000000,0.000000,0.707343,ALLOW
7751,0.000000,0.000000,0.805650,ALLOW
7752,0.000000,0.000000,0.874615,ALLOW
7753,0.000000,0.000000,0.920788,ALLOW
7754,0.000000,0.000000,0.950707,ALLOW
7755,0.000000,0.000000,0.969655,ALLOW
7756,0.860004,1.000000,0.417416,PAUSE
7757,0.000000,0.000000,0.265510,PAUSE
7758,0.000000,1.000000,0.116309,PAUSE
7759,0.000000,0.000000,0.098283,PAUSE
7760,0.000000,0.000000,0.177243,PAUSE
7761,0.000000,0.000000,0.319241,PAUSE
7762,0.000000,0.000000,0.481118,PAUSE
7763,0.000000,0.000000,0.629201,ALLOW
7764,0.000000,0.000000,0.747590,ALLOW
7765,0.000000,0.000000,0.834218,ALLOW
7766,0.000000,0.000000,0.893911,ALLOW
7767,0.000000,0.000000,0.933372,ALLOW
7768,0.000000,0.000000,0.958714,ALLOW
7769,0.000000,0.000000,0.974662,ALLOW
7770,0.000000,0.000000,0.984554,ALLOW
7771,0.000000,0.000000,0.990630,ALLOW
7772,0.000000,0.000000,0.994335,ALLOW
7773,0.000000,0.000000,0.996583,ALLOW
7774,0.000000,0.000000,0.997942,ALLOW
7775,0.000000,0.000000,0.998762,ALLOW
7776,0.000000,0.000000,0.999256,ALLOW
7777,0.000000,0.000000,0.999553,ALLOW
7778,0.000000,0.000000,0.999732,ALLOW
7779,0.000000,0.000000,0.999839,ALLOW
7780,0.000000,0.000000,0.999903,ALLOW
7781,0.000000,0.000000,0.999942,ALLOW
7782,0.860004,1.000000,0.429848,PAUSE
7783,0.000000,0.000000,0.271118,PAUSE
7784,0.860004,0.000000,0.126406,PAUSE
7785,0.000000,0.000000,0.123649,PAUSE
7786,0.000000,1.000000,0.069709,PAUSE
7787,0.000000,0.000000,0.106427,PAUSE
7788,0.000000,0.000000,0.219714,PAUSE
7789,0.000000,0.000000,0.376459,PAUSE
7790,0.000000,0.000000,0.537319,ALLOW
7791,0.860004,1.000000,0.237880,PAUSE
7792,0.000000,1.000000,0.099368,PAUSE
7793,0.000000,0.000000,0.070380,PAUSE
7794,0.860004,1.000000,0.033165,PAUSE
7795,0.000000,0.000000,0.047253,PAUSE
7796,0.000000,1.000000,0.024237,PAUSE
7797,0.000000,0.000000,0.044977,PAUSE
7798,0.000000,0.000000,0.127587,PAUSE
7799,0.000000,0.000000,0.267376,PAUSE
7800,0.000000,0.000000,0.432295,PAUSE
7801,0.000000,0.000000,0.588509,ALLOW
7802,0.000000,0.000000,0.716753,ALLOW
7803,0.000000,0.000000,0.812400,ALLOW
7804,0.000000,0.000000,0.879206,ALLOW
7805,0.000000,0.000000,0.923796,ALLOW
7806,0.000000,0.000000,0.952627,ALLOW
7807,0.000000,0.000000,0.970858,ALLOW
7808,0.000000,0.000000,0.982207,ALLOW
7809,0.000000,0.000000,0.989193,ALLOW
7810,0.860004,1.000000,0.425439,PAUSE
7811,0.000000,0.000000,0.269135,PAUSE
7812,0.000000,1.000000,0.117785,PAUSE
7813,0.000000,0.000000,0.098952,PAUSE
7814,0.860004,1.000000,0.046454,PAUSE
7815,0.000000,0.000000,0.059655,PAUSE
7816,0.000000,1.000000,0.029839,PAUSE
7817,0.000000,0.000000,0.049708,PAUSE
7818,0.000000,0.000000,0.134056,PAUSE
7819,0.860004,1.000000,0.064661,PAUSE
7820,0.000000,1.000000,0.028582,PAUSE
7821,0.000000,0.000000,0.034969,PAUSE
7822,0.000000,0.000000,0.099949,PAUSE
7823,0.000000,0.000000,0.226979,PAUSE
7824,0.000000,0.000000,0.388894,PAUSE
7825,0.000000,0.000000,0.549906,ALLOW
7826,0.000000,0.000000,0.686394,ALLOW
7827,0.000000,0.000000,0.790420,ALLOW
7828,0.000000,0.000000,0.864168,ALLOW
7829,0.000000,0.000000,0.913903,ALLOW
7830,0.000000,0.000000,0.946296,ALLOW
7831,0.860004,1.000000,0.407811,PAUSE
7832,0.000000,1.000000,0.168005,PAUSE
7833,0.000000,0.000000,0.100646,PAUSE
7834,0.000000,0.000000,0.146392,PAUSE
7835,0.000000,0.000000,0.270770,PAUSE
7836,0.000000,0.000000,0.429914,PAUSE
7837,0.000000,0.000000,0.584685,ALLOW
7838,0.000000,0.000000,0.713225,ALLOW
7839,0.000000,0.000000,0.809678,ALLOW
7840,0.860004,1.000000,0.351424,PAUSE
7841,0.000000,0.000000,0.235054,PAUSE
7842,0.000000,1.000000,0.103875,PAUSE
7843,0.000000,0.000000,0.092532,PAUSE
7844,0.000000,0.000000,0.173695,PAUSE
7845,0.000000,0.000000,0.316472,PAUSE
7846,0.860004,1.000000,0.144127,PAUSE
7847,0.000000,0.000000,0.129704,PAUSE
7848,0.000000,1.000000,0.060256,PAUSE
7849,0.000000,0.000000,0.070345,PAUSE
7850,0.000000,0.000000,0.157048,PAUSE
7851,0.000000,0.000000,0.301288,PAUSE
7852,0.000000,0.000000,0.465436,PAUSE
7853,0.000000,0.000000,0.616594,ALLOW
7854,0.000000,0.000000,0.738220,ALLOW
7855,0.860004,1.000000,0.321793,PAUSE
7856,0.000000,1.000000,0.133313,PAUSE
7857,0.000000,0.000000,0.085587,PAUSE
7858,0.000000,0.000000,0.138101,PAUSE
7859,0.000000,0.000000,0.264721,PAUSE
7860,0.860004,1.000000,0.121776,PAUSE
7861,0.000000,0.000000,0.116615,PAUSE
7862,0.000000,1.000000,0.054728,PAUSE
7863,0.000000,0.000000,0.067157,PAUSE
7864,0.000000,0.000000,0.154132,PAUSE
7865,0.000000,0.000000,0.298296,PAUSE
7866,0.000000,0.000000,0.462652,PAUSE
7867,0.860004,1.000000,0.206431,PAUSE
7868,0.000000,1.000000,0.086611,PAUSE
7869,0.000000,0.000000,0.064500,PAUSE
7870,0.000000,0.000000,0.124945,PAUSE
7871,0.000000,0.000000,0.253693,PAUSE
7872,0.860004,1.000000,0.117101,PAUSE
7873,0.000000,0.000000,0.114066,PAUSE
7874,0.860004,0.000000,0.062298,PAUSE
7875,0.000000,0.000000,0.094814,PAUSE
7876,0.000000,1.000000,0.056544,PAUSE
7877,0.000000,0.000000,0.097300,PAUSE
7878,0.860004,1.000000,0.047477,PAUSE
7879,0.000000,0.000000,0.065834,PAUSE
7880,0.000000,1.000000,0.032802,PAUSE
7881,0.000000,0.000000,0.052723,PAUSE
7882,0.000000,0.000000,0.138550,PAUSE
7883,0.000000,0.000000,0.280945,PAUSE
7884,0.000000,0.000000,0.445941,PAUSE
7885,0.000000,0.000000,0.600235,ALLOW
7886,0.000000,0.000000,0.725786,ALLOW
7887,0.000000,0.000000,0.818853,ALLOW
7888,0.000000,0.000000,0.883582,ALLOW
7889,0.000000,0.000000,0.926657,ALLOW
7890,0.000000,0.000000,0.954451,ALLOW
7891,0.000000,0.000000,0.972000,ALLOW
7892,0.000000,0.000000,0.982912,ALLOW
7893,0.000000,0.000000,0.989626,ALLOW
7894,0.000000,0.000000,0.993724,ALLOW
7895,0.860004,1.000000,0.427298,PAUSE
7896,0.000000,1.000000,0.175851,PAUSE
7897,0.860004,1.000000,0.072016,PAUSE
7898,0.860004,0.000000,0.034344,PAUSE
7899,0.000000,0.000000,0.049815,PAUSE
7900,0.000000,1.000000,0.028313,PAUSE
7901,0.000000,0.000000,0.057609,PAUSE
7902,0.000000,0.000000,0.152021,PAUSE
7903,0.860004,1.000000,0.072685,PAUSE
7904,0.000000,1.000000,0.031913,PAUSE
7905,0.000000,0.000000,0.036930,PAUSE
7906,0.000000,0.000000,0.102102,PAUSE
7907,0.000000,0.000000,0.229622,PAUSE
7908,0.000000,0.000000,0.391652,PAUSE
7909,0.000000,0.000000,0.552357,ALLOW
7910,0.000000,0.000000,0.688331,ALLOW
7911,0.000000,0.000000,0.791829,ALLOW
7912,0.860004,1.000000,0.344035,PAUSE
7913,0.000000,0.000000,0.231584,PAUSE
7914,0.860004,0.000000,0.110402,PAUSE
7915,0.000000,0.000000,0.116780,PAUSE
7916,0.000000,1.000000,0.066727,PAUSE
7917,0.000000,0.000000,0.104687,PAUSE
7918,0.000000,0.000000,0.218277,PAUSE
7919,0.000000,0.000000,0.375159,PAUSE
7920,0.000000,0.000000,0.536215,ALLOW
7921,0.000000,0.000000,0.675077,ALLOW
7922,0.000000,0.000000,0.782007,ALLOW
7923,0.000000,0.000000,0.858322,ALLOW
7924,0.000000,0.000000,0.910020,ALLOW
7925,0.000000,0.000000,0.943795,ALLOW
7926,0.860004,1.000000,0.406782,PAUSE
7927,0.860004,0.000000,0.172337,PAUSE
7928,0.000000,1.000000,0.079005,PAUSE
7929,0.000000,0.000000,0.083252,PAUSE
7930,0.860004,1.000000,0.040159,PAUSE
7931,0.000000,0.000000,0.057083,PAUSE
7932,0.000000,1.000000,0.028806,PAUSE
7933,0.000000,0.000000,0.049276,PAUSE
7934,0.000000,0.000000,0.133851,PAUSE
7935,0.000000,0.000000,0.275219,PAUSE
7936,0.000000,0.000000,0.440225,PAUSE
7937,0.860004,1.000000,0.196963,PAUSE
7938,0.000000,1.000000,0.082768,PAUSE
7939,0.000000,0.000000,0.062710,PAUSE
7940,0.000000,0.000000,0.123727,PAUSE
7941,0.000000,0.000000,0.252586,PAUSE
7942,0.860004,1.000000,0.116630,PAUSE
7943,0.000000,0.000000,0.113804,PAUSE
7944,0.000000,1.000000,0.053550,PAUSE
7945,0.000000,0.000000,0.066504,PAUSE
7946,0.000000,0.000000,0.153565,PAUSE
7947,0.000000,0.000000,0.297728,PAUSE
7948,0.000000,0.000000,0.462128,PAUSE
7949,0.000000,0.000000,0.613859,ALLOW
7950,0.000000,0.000000,0.736157,ALLOW
7951,0.000000,0.000000,0.826209,ALLOW
7952,0.000000,0.000000,0.888546,ALLOW
7953,0.860004,1.000000,0.384020,PAUSE
7954,0.000000,1.000000,0.158419,PAUSE
7955,0.000000,0.000000,0.096525,PAUSE
7956,0.000000,0.000000,0.144198,PAUSE
7957,0.000000,0.000000,0.269236,PAUSE
7958,0.000000,0.000000,0.428703,PAUSE
7959,0.000000,0.000000,0.583741,ALLOW
7960,0.000000,0.000000,0.712527,ALLOW
7961,0.000000,0.000000,0.809188,ALLOW
7962,0.000000,0.000000,0.876958,ALLOW
7963,0.860004,1.000000,0.379238,PAUSE
7964,0.000000,1.000000,0.156491,PAUSE
7965,0.000000,0.000000,0.095693,PAUSE
7966,0.000000,0.000000,0.143747,PAUSE
7967,0.000000,0.000000,0.268914,PAUSE
7968,0.000000,0.000000,0.428446,PAUSE
7969,0.000000,0.000000,0.583539,ALLOW
7970,0.000000,0.000000,0.712377,ALLOW
7971,0.860004,1.000000,0.311046,PAUSE
7972,0.000000,1.000000,0.128971,PAUSE
7973,0.000000,0.000000,0.083670,PAUSE
7974,0.000000,0.000000,0.136984,PAUSE
7975,0.000000,0.000000,0.263851,PAUSE
7976,0.860004,1.000000,0.121409,PAUSE
7977,0.000000,0.000000,0.116419,PAUSE
7978,0.860004,0.000000,0.063255,PAUSE
7979,0.000000,0.000000,0.095238,PAUSE
7980,0.000000,1.000000,0.056751,PAUSE
7981,0.000000,0.000000,0.097473,PAUSE
7982,0.000000,0.000000,0.210981,PAUSE
7983,0.000000,0.000000,0.367901,PAUSE
7984,0.860004,1.000000,0.166211,PAUSE
7985,0.000000,0.000000,0.142204,PAUSE
7986,0.860004,0.000000,0.073792,PAUSE
7987,0.000000,0.000000,0.100012,PAUSE
7988,0.000000,1.000000,0.059107,PAUSE
7989,0.860004,1.000000,0.027419,PAUSE
7990,0.000000,1.000000,0.012395,PAUSE
7991,0.000000,0.000000,0.020954,PAUSE
7992,0.000000,0.000000,0.076564,PAUSE
7993,0.000000,0.000000,0.193354,PAUSE
7994,0.860004,1.000000,0.090996,PAUSE
7995,0.000000,0.000000,0.098401,PAUSE
7996,0.000000,1.000000,0.047013,PAUSE
7997,0.000000,0.000000,0.062614,PAUSE
7998,0.000000,0.000000,0.149839,PAUSE
7999,0.000000,0.000000,0.293807,PAUSE
8000,0.000000,0.000000,0.458438,PAUSE
8001,0.000000,0.000000,0.610789,ALLOW
8002,0.000000,0.000000,0.733835,ALLOW
8003,0.000000,0.000000,0.824568,ALLOW
8004,0.000000,0.000000,0.887441,ALLOW
8005,0.000000,0.000000,0.929173,ALLOW
8006,0.860004,1.000000,0.400764,PAUSE
8007,0.000000,0.000000,0.257928,PAUSE
8008,0.000000,1.000000,0.113220,PAUSE
8009,0.000000,0.000000,0.096873,PAUSE
8010,0.000000,0.000000,0.176399,PAUSE
8011,0.860004,1.000000,0.082909,PAUSE
8012,0.000000,1.000000,0.036070,PAUSE
8013,0.860004,1.000000,0.015648,PAUSE
8014,0.860004,0.000000,0.011562,PAUSE
8015,0.000000,0.000000,0.039777,PAUSE
8016,0.000000,1.000000,0.023742,PAUSE
8017,0.000000,0.000000,0.053916,PAUSE
8018,0.000000,0.000000,0.147402,PAUSE
8019,0.000000,0.000000,0.294001,PAUSE
8020,0.000000,0.000000,0.459537,PAUSE
8021,0.000000,0.000000,0.611996,ALLOW
8022,0.000000,0.000000,0.734845,ALLOW
8023,0.000000,0.000000,0.825315,ALLOW
8024,0.000000,0.000000,0.887956,ALLOW
8025,0.000000,0.000000,0.929513,ALLOW
8026,0.000000,0.000000,0.956269,ALLOW
8027,0.000000,0.000000,0.973137,ALLOW
8028,0.860004,1.000000,0.418846,PAUSE
8029,0.000000,0.000000,0.266157,PAUSE
8030,0.000000,1.000000,0.116573,PAUSE
8031,0.000000,0.000000,0.098403,PAUSE
8032,0.860004,1.000000,0.046230,PAUSE
8033,0.000000,0.000000,0.059547,PAUSE
8034,0.000000,1.000000,0.029795,PAUSE
8035,0.000000,0.000000,0.049684,PAUSE
8036,0.000000,0.000000,0.134035,PAUSE
8037,0.000000,0.000000,0.275317,PAUSE
8038,0.000000,0.000000,0.440287,PAUSE
8039,0.000000,0.000000,0.595386,ALLOW
8040,0.860004,1.000000,0.262246,PAUSE
8041,0.000000,0.000000,0.192072,PAUSE
8042,0.000000,1.000000,0.086218,PAUSE
8043,0.000000,0.000000,0.084012,PAUSE
8044,0.000000,0.000000,0.167929,PAUSE
8045,0.000000,0.000000,0.311601,PAUSE
8046,0.000000,0.000000,0.474709,PAUSE
8047,0.000000,0.000000,0.624146,ALLOW
8048,0.000000,0.000000,0.743869,ALLOW
8049,0.000000,0.000000,0.831629,ALLOW
8050,0.000000,0.000000,0.892184,ALLOW
8051,0.000000,0.000000,0.932255,ALLOW
8052,0.000000,0.000000,0.958007,ALLOW
8053,0.860004,1.000000,0.412628,PAUSE
8054,0.000000,1.000000,0.169944,PAUSE
8055,0.000000,0.000000,0.101476,PAUSE
8056,0.000000,0.000000,0.146827,PAUSE
8057,0.000000,0.000000,0.271068,PAUSE
8058,0.000000,0.000000,0.430146,PAUSE
8059,0.000000,0.000000,0.584864,ALLOW
8060,0.000000,0.000000,0.713357,ALLOW
8061,0.000000,0.000000,0.809770,ALLOW
8062,0.000000,0.000000,0.877350,ALLOW
8063,0.860004,1.000000,0.379399,PAUSE
8064,0.000000,1.000000,0.156556,PAUSE
8065,0.000000,0.000000,0.095721,PAUSE
8066,0.000000,0.000000,0.143762,PAUSE
8067,0.860004,1.000000,0.068031,PAUSE
8068,0.000000,1.000000,0.029853,PAUSE
8069,0.000000,0.000000,0.035078,PAUSE
8070,0.000000,0.000000,0.099114,PAUSE
8071,0.000000,0.000000,0.225497,PAUSE
8072,0.860004,1.000000,0.104986,PAUSE
8073,0.860004,0.000000,0.050433,PAUSE
8074,0.000000,1.000000,0.028049,PAUSE
8075,0.000000,0.000000,0.055789,PAUSE
8076,0.000000,0.000000,0.148406,PAUSE
8077,0.860004,1.000000,0.071078,PAUSE
8078,0.000000,1.000000,0.031247,PAUSE
8079,0.000000,0.000000,0.036545,PAUSE
8080,0.000000,0.000000,0.101692,PAUSE
8081,0.000000,0.000000,0.229126,PAUSE
8082,0.000000,0.000000,0.391137,PAUSE
8083,0.000000,0.000000,0.551901,ALLOW
8084,0.000000,0.000000,0.687971,ALLOW
8085,0.000000,0.000000,0.791567,ALLOW
8086,0.000000,0.000000,0.864956,ALLOW
8087,0.000000,0.000000,0.914423,ALLOW
8088,0.000000,0.000000,0.946630,ALLOW
8089,0.000000,0.000000,0.967094,ALLOW
8090,0.000000,0.000000,0.979876,ALLOW
8091,0.000000,0.000000,0.987763,ALLOW
8092,0.000000,0.000000,0.992590,ALLOW
8093,0.000000,0.000000,0.995525,ALLOW
8094,0.000000,0.000000,0.997303,ALLOW
8095,0.000000,0.000000,0.998377,ALLOW
8096,0.860004,1.000000,0.429207,PAUSE
8097,0.000000,0.000000,0.270830,PAUSE
8098,0.000000,1.000000,0.118474,PAUSE
8099,0.000000,0.000000,0.099263,PAUSE
8100,0.000000,0.000000,0.177817,PAUSE
8101,0.000000,0.000000,0.319668,PAUSE
8102,0.000000,0.000000,0.481456,PAUSE
8103,0.000000,0.000000,0.629460,ALLOW
8104,0.000000,0.000000,0.747778,ALLOW
8105,0.860004,1.000000,0.325759,PAUSE
8106,0.000000,1.000000,0.134914,PAUSE
8107,0.860004,1.000000,0.055575,PAUSE
8108,0.000000,1.000000,0.023086,PAUSE
8109,0.000000,0.000000,0.021002,PAUSE
8110,0.000000,0.000000,0.065112,PAUSE
8111,0.000000,0.000000,0.171745,PAUSE
8112,0.000000,0.000000,0.325346,PAUSE
8113,0.860004,1.000000,0.148085,PAUSE
8114,0.000000,1.000000,0.062871,PAUSE
8115,0.860004,1.000000,0.026544,PAUSE
8116,0.000000,1.000000,0.011403,PAUSE
8117,0.860004,1.000000,0.005118,PAUSE
8118,0.860004,0.000000,0.006521,PAUSE
8119,0.000000,0.000000,0.034353,PAUSE
8120,0.000000,1.000000,0.020351,PAUSE
8121,0.000000,0.000000,0.048264,PAUSE
8122,0.000000,0.000000,0.137691,PAUSE
8123,0.860004,1.000000,0.066358,PAUSE
8124,0.860004,0.000000,0.034236,PAUSE
8125,0.000000,0.000000,0.057642,PAUSE
8126,0.000000,1.000000,0.035718,PAUSE
8127,0.000000,0.000000,0.073547,PAUSE
8128,0.000000,0.000000,0.179013,PAUSE
8129,0.860004,1.000000,0.084587,PAUSE
8130,0.000000,0.000000,0.093988,PAUSE
8131,0.000000,1.000000,0.045110,PAUSE
8132,0.000000,0.000000,0.061377,PAUSE
8133,0.000000,0.000000,0.148531,PAUSE
8134,0.000000,0.000000,0.292367,PAUSE
8135,0.000000,0.000000,0.457060,PAUSE
8136,0.000000,0.000000,0.609634,ALLOW
8137,0.000000,0.000000,0.732958,ALLOW
8138,0.000000,0.000000,0.823947,ALLOW
8139,0.000000,0.000000,0.887023,ALLOW
8140,0.000000,0.000000,0.928901,ALLOW
8141,0.000000,0.000000,0.955878,ALLOW
8142,0.860004,1.000000,0.411753,PAUSE
8143,0.000000,1.000000,0.169592,PAUSE
8144,0.000000,0.000000,0.101326,PAUSE
8145,0.860004,1.000000,0.045819,PAUSE
8146,0.860004,0.000000,0.025245,PAUSE
8147,0.000000,0.000000,0.051329,PAUSE
8148,0.000000,0.000000,0.140868,PAUSE
8149,0.000000,1.000000,0.072527,PAUSE
8150,0.000000,0.000000,0.097660,PAUSE
8151,0.000000,0.000000,0.202461,PAUSE
8152,0.000000,0.000000,0.355904,PAUSE
8153,0.000000,0.000000,0.518012,ALLOW
8154,0.000000,0.000000,0.660239,ALLOW
8155,0.000000,0.000000,0.771015,ALLOW
8156,0.000000,0.000000,0.850687,ALLOW
8157,0.000000,0.000000,0.904945,ALLOW
8158,0.000000,0.000000,0.940523,ALLOW
8159,0.000000,0.000000,0.963243,ALLOW
8160,0.000000,0.000000,0.977483,ALLOW
8161,0.000000,0.000000,0.986293,ALLOW
8162,0.860004,1.000000,0.424249,PAUSE
8163,0.000000,0.000000,0.268598,PAUSE
8164,0.000000,1.000000,0.117567,PAUSE
8165,0.000000,0.000000,0.098854,PAUSE
8166,0.000000,0.000000,0.177578,PAUSE
8167,0.000000,0.000000,0.319491,PAUSE
8168,0.860004,1.000000,0.145397,PAUSE
8169,0.000000,0.000000,0.130366,PAUSE
8170,0.000000,1.000000,0.060532,PAUSE
8171,0.000000,0.000000,0.070491,PAUSE
8172,0.000000,0.000000,0.157165,PAUSE
8173,0.860004,1.000000,0.074742,PAUSE
8174,0.000000,0.000000,0.086921,PAUSE
8175,0.000000,0.000000,0.180952,PAUSE
8176,0.000000,1.000000,0.085184,PAUSE
8177,0.000000,0.000000,0.093729,PAUSE
8178,0.000000,0.000000,0.187685,PAUSE
8179,0.000000,0.000000,0.336441,PAUSE
8180,0.000000,0.000000,0.499004,PAUSE
8181,0.000000,0.000000,0.644465,ALLOW
8182,0.000000,0.000000,0.759200,ALLOW
8183,0.000000,0.000000,0.842419,ALLOW
8184,0.000000,0.000000,0.899423,ALLOW
8185,0.000000,0.000000,0.936951,ALLOW
8186,0.000000,0.000000,0.960984,ALLOW
8187,0.860004,1.000000,0.413852,PAUSE
8188,0.000000,0.000000,0.263893,PAUSE
8189,0.000000,0.000000,0.308293,PAUSE
8190,0.860004,0.000000,0.149345,PAUSE
8191,0.000000,0.000000,0.151049,PAUSE
8192,0.000000,1.000000,0.084051,PAUSE
8193,0.000000,0.000000,0.119789,PAUSE
8194,0.000000,0.000000,0.235187,PAUSE
8195,0.000000,0.000000,0.392437,PAUSE
8196,0.000000,0.000000,0.551529,ALLOW
8197,0.000000,0.000000,0.687190,ALLOW
8198,0.000000,0.000000,0.790835,ALLOW
8199,0.000000,0.000000,0.864396,ALLOW
8200,0.000000,0.000000,0.914033,ALLOW
8201,0.000000,0.000000,0.946371,ALLOW
8202,0.000000,0.000000,0.966928,ALLOW
8203,0.000000,0.000000,0.979772,ALLOW
8204,0.860004,1.000000,0.421571,PAUSE
8205,0.000000,0.000000,0.267390,PAUSE
8206,0.860004,0.000000,0.124899,PAUSE
8207,0.000000,1.000000,0.065562,PAUSE
8208,0.000000,0.000000,0.093394,PAUSE
8209,0.000000,0.000000,0.198631,PAUSE
8210,0.000000,0.000000,0.352224,PAUSE
8211,0.000000,0.000000,0.514776,ALLOW
8212,0.000000,0.000000,0.657667,ALLOW
8213,0.000000,0.000000,0.769128,ALLOW
8214,0.000000,0.000000,0.849380,ALLOW
8215,0.000000,0.000000,0.904078,ALLOW
8216,0.000000,0.000000,0.939965,ALLOW
8217,0.000000,0.000000,0.962891,ALLOW
8218,0.860004,1.000000,0.414636,PAUSE
8219,0.000000,0.000000,0.264249,PAUSE
8220,0.860004,0.000000,0.123610,PAUSE
8221,0.000000,0.000000,0.122410,PAUSE
8222,0.000000,1.000000,0.069179,PAUSE
8223,0.000000,0.000000,0.106134,PAUSE
8224,0.000000,0.000000,0.219488,PAUSE
8225,0.000000,0.000000,0.376261,PAUSE
8226,0.000000,0.000000,0.537154,ALLOW
8227,0.000000,0.000000,0.675809,ALLOW
8228,0.000000,0.000000,0.782537,ALLOW
8229,0.000000,0.000000,0.858686,ALLOW
8230,0.860004,1.000000,0.371693,PAUSE
8231,0.000000,0.000000,0.244525,PAUSE
8232,0.000000,1.000000,0.107749,PAUSE
8233,0.000000,0.000000,0.094345,PAUSE
8234,0.000000,0.000000,0.174843,PAUSE
8235,0.000000,0.000000,0.317391,PAUSE
8236,0.000000,0.000000,0.479616,PAUSE
8237,0.000000,0.000000,0.628035,ALLOW
8238,0.000000,0.000000,0.746738,ALLOW
8239,0.860004,1.000000,0.325328,PAUSE
8240,0.000000,0.000000,0.222710,PAUSE
8241,0.000000,0.000000,0.284593,PAUSE
8242,0.860004,0.000000,0.139730,PAUSE
8243,0.000000,0.000000,0.146919,PAUSE
8244,0.000000,0.000000,0.252304,PAUSE
8245,0.000000,0.000000,0.405233,PAUSE
8246,0.000000,0.000000,0.561349,ALLOW
8247,0.000000,1.000000,0.252889,PAUSE
8248,0.000000,0.000000,0.197270,PAUSE
8249,0.000000,0.000000,0.278864,PAUSE
8250,0.000000,0.000000,0.421873,PAUSE
8251,0.000000,0.000000,0.572723,ALLOW
8252,0.000000,0.000000,0.702319,ALLOW
8253,0.000000,0.000000,0.801288,ALLOW
8254,0.000000,0.000000,0.871377,ALLOW
8255,0.000000,0.000000,0.918566,ALLOW
8256,0.000000,0.000000,0.949251,ALLOW
8257,0.000000,0.000000,0.968728,ALLOW
8258,0.000000,0.000000,0.980884,ALLOW
8259,0.860004,1.000000,0.422028,PAUSE
8260,0.000000,0.000000,0.267596,PAUSE
8261,0.000000,0.000000,0.310309,PAUSE
8262,0.000000,1.000000,0.139727,PAUSE
8263,0.000000,0.000000,0.123064,PAUSE
8264,0.000000,0.000000,0.210504,PAUSE
8265,0.860004,1.000000,0.097782,PAUSE
8266,0.000000,0.000000,0.100917,PAUSE
8267,0.000000,1.000000,0.048005,PAUSE
8268,0.000000,0.000000,0.062959,PAUSE
8269,0.000000,0.000000,0.149891,PAUSE
8270,0.000000,0.000000,0.293730,PAUSE
8271,0.860004,1.000000,0.134461,PAUSE
8272,0.000000,1.000000,0.057301,PAUSE
8273,0.000000,0.000000,0.050397,PAUSE
8274,0.000000,0.000000,0.114486,PAUSE
8275,0.000000,0.000000,0.243511,PAUSE
8276,0.000000,0.000000,0.405643,PAUSE
8277,0.000000,0.000000,0.564596,ALLOW
8278,0.860004,1.000000,0.249342,PAUSE
8279,0.000000,0.000000,0.185626,PAUSE
8280,0.000000,0.000000,0.261157,PAUSE
8281,0.000000,0.000000,0.402476,PAUSE
8282,0.000000,1.000000,0.180620,PAUSE
8283,0.000000,0.000000,0.149340,PAUSE
8284,0.000000,0.000000,0.234909,PAUSE
8285,0.000000,0.000000,0.380606,PAUSE
8286,0.000000,0.000000,0.537424,ALLOW
8287,0.000000,0.000000,0.674865,ALLOW
8288,0.000000,0.000000,0.781459,ALLOW
8289,0.000000,0.000000,0.857807,ALLOW
8290,0.000000,0.000000,0.909629,ALLOW
8291,0.000000,0.000000,0.943525,ALLOW
8292,0.000000,0.000000,0.965130,ALLOW
8293,0.000000,0.000000,0.978654,ALLOW
8294,0.000000,0.000000,0.987012,ALLOW
8295,0.000000,0.000000,0.992131,ALLOW
8296,0.000000,0.000000,0.995246,ALLOW
8297,0.000000,0.000000,0.997135,ALLOW
8298,0.000000,0.000000,0.998275,ALLOW
8299,0.860004,1.000000,0.429165,PAUSE
8300,0.000000,0.000000,0.270811,PAUSE
8301,0.000000,0.000000,0.312039,PAUSE
8302,0.000000,1.000000,0.140440,PAUSE
8303,0.860004,1.000000,0.059523,PAUSE
8304,0.000000,0.000000,0.050481,PAUSE
8305,0.000000,0.000000,0.112852,PAUSE
8306,0.000000,0.000000,0.240753,PAUSE
8307,0.000000,1.000000,0.111549,PAUSE
8308,0.860004,1.000000,0.047918,PAUSE
8309,0.000000,0.000000,0.045606,PAUSE
8310,0.000000,0.000000,0.110416,PAUSE
8311,0.000000,0.000000,0.239162,PAUSE
8312,0.000000,1.000000,0.110884,PAUSE
8313,0.000000,0.000000,0.110529,PAUSE
8314,0.000000,0.000000,0.204049,PAUSE
8315,0.000000,0.000000,0.352930,PAUSE
8316,0.000000,0.000000,0.513856,ALLOW
8317,0.000000,0.000000,0.656427,ALLOW
8318,0.860004,1.000000,0.287737,PAUSE
8319,0.860004,0.000000,0.124666,PAUSE
8320,0.000000,0.000000,0.099966,PAUSE
8321,0.000000,0.000000,0.175243,PAUSE
8322,0.000000,1.000000,0.089902,PAUSE
8323,0.000000,0.000000,0.113464,PAUSE
8324,0.000000,0.000000,0.221118,PAUSE
8325,0.000000,0.000000,0.375639,PAUSE
8326,0.860004,1.000000,0.169455,PAUSE
8327,0.860004,0.000000,0.076801,PAUSE
8328,0.860004,0.000000,0.034384,PAUSE
8329,0.000000,0.000000,0.041911,PAUSE
8330,0.000000,0.000000,0.112488,PAUSE
8331,0.860004,0.000000,0.060109,PAUSE
8332,0.000000,1.000000,0.049484,PAUSE
8333,0.000000,0.000000,0.109862,PAUSE
8334,0.000000,0.000000,0.236256,PAUSE
8335,0.000000,0.000000,0.397657,PAUSE
8336,0.000000,0.000000,0.557407,ALLOW
8337,0.000000,0.000000,0.692225,ALLOW
8338,0.000000,0.000000,0.794628,ALLOW
8339,0.000000,0.000000,0.867046,ALLOW
8340,0.000000,0.000000,0.915798,ALLOW
8341,0.000000,0.000000,0.947509,ALLOW
8342,0.000000,0.000000,0.967646,ALLOW
8343,0.000000,0.000000,0.980218,ALLOW
8344,0.000000,0.000000,0.987973,ALLOW
8345,0.000000,0.000000,0.992718,ALLOW
8346,0.000000,0.000000,0.995603,ALLOW
8347,0.860004,1.000000,0.428069,PAUSE
8348,0.000000,0.000000,0.270319,PAUSE
8349,0.000000,0.000000,0.311776,PAUSE
8350,0.000000,0.000000,0.438464,PAUSE
8351,0.000000,0.000000,0.582029,ALLOW
8352,0.000000,1.000000,0.256466,PAUSE
8353,0.000000,0.000000,0.188805,PAUSE
8354,0.000000,0.000000,0.262859,PAUSE
8355,0.860004,1.000000,0.120001,PAUSE
8356,0.000000,0.000000,0.113228,PAUSE
8357,0.000000,0.000000,0.203751,PAUSE
8358,0.000000,1.000000,0.094938,PAUSE
8359,0.860004,1.000000,0.041033,PAUSE
8360,0.000000,1.000000,0.017671,PAUSE
8361,0.000000,0.000000,0.021894,PAUSE
8362,0.000000,0.000000,0.073902,PAUSE
8363,0.000000,0.000000,0.187898,PAUSE
8364,0.000000,0.000000,0.344940,PAUSE
8365,0.000000,0.000000,0.509398,ALLOW
8366,0.000000,0.000000,0.653726,ALLOW
8367,0.000000,0.000000,0.766348,ALLOW
8368,0.000000,0.000000,0.847495,ALLOW
8369,0.000000,0.000000,0.902840,ALLOW
8370,0.000000,0.000000,0.939172,ALLOW
8371,0.000000,0.000000,0.962393,ALLOW
8372,0.860004,1.000000,0.414431,PAUSE
8373,0.000000,1.000000,0.170671,PAUSE
8374,0.000000,0.000000,0.101787,PAUSE
8375,0.000000,0.000000,0.146990,PAUSE
8376,0.000000,0.000000,0.271179,PAUSE
8377,0.000000,0.000000,0.430231,PAUSE
8378,0.860004,1.000000,0.192647,PAUSE
8379,0.000000,1.000000,0.081004,PAUSE
8380,0.860004,1.000000,0.033867,PAUSE
8381,0.000000,1.000000,0.014356,PAUSE
8382,0.000000,0.000000,0.017120,PAUSE
8383,0.000000,0.000000,0.062426,PAUSE
8384,0.000000,0.000000,0.168916,PAUSE
8385,0.000000,0.000000,0.322355,PAUSE
8386,0.000000,0.000000,0.487838,PAUSE
8387,0.000000,0.000000,0.635935,ALLOW
8388,0.000000,0.000000,0.753035,ALLOW
8389,0.860004,1.000000,0.327948,PAUSE
8390,0.860004,0.000000,0.140643,PAUSE
8391,0.000000,1.000000,0.066004,PAUSE
8392,0.000000,0.000000,0.077052,PAUSE
8393,0.000000,0.000000,0.166969,PAUSE
8394,0.860004,1.000000,0.079056,PAUSE
8395,0.860004,0.000000,0.038625,PAUSE
8396,0.000000,1.000000,0.022814,PAUSE
8397,0.860004,1.000000,0.011257,PAUSE
8398,0.000000,1.000000,0.005516,PAUSE
8399,0.000000,0.000000,0.015226,PAUSE
8400,0.000000,0.000000,0.066349,PAUSE
8401,0.860004,1.000000,0.034062,PAUSE
8402,0.000000,1.000000,0.015784,PAUSE
8403,0.000000,0.000000,0.026815,PAUSE
8404,0.000000,0.000000,0.089854,PAUSE
8405,0.860004,1.000000,0.044801,PAUSE
8406,0.000000,1.000000,0.020301,PAUSE
8407,0.000000,0.000000,0.029865,PAUSE
8408,0.000000,0.000000,0.093918,PAUSE
8409,0.000000,0.000000,0.219311,PAUSE
8410,0.000000,0.000000,0.380771,PAUSE
8411,0.000000,0.000000,0.542630,ALLOW
8412,0.000000,0.000000,0.680620,ALLOW
8413,0.000000,0.000000,0.786208,ALLOW
8414,0.000000,0.000000,0.861270,ALLOW
8415,0.000000,0.000000,0.911989,ALLOW
8416,0.000000,0.000000,0.945067,ALLOW
8417,0.000000,0.000000,0.966111,ALLOW
8418,0.000000,0.000000,0.979266,ALLOW
8419,0.000000,0.000000,0.987389,ALLOW
8420,0.000000,0.000000,0.992361,ALLOW
8421,0.000000,0.000000,0.995387,ALLOW
8422,0.000000,0.000000,0.997219,ALLOW
8423,0.000000,0.000000,0.998327,ALLOW
8424,0.860004,1.000000,0.429186,PAUSE
8425,0.000000,1.000000,0.176611,PAUSE
8426,0.000000,0.000000,0.104318,PAUSE
8427,0.000000,0.000000,0.148298,PAUSE
8428,0.000000,0.000000,0.272056,PAUSE
8429,0.000000,0.000000,0.430904,PAUSE
8430,0.000000,0.000000,0.585448,ALLOW
8431,0.860004,1.000000,0.258057,PAUSE
8432,0.000000,1.000000,0.107540,PAUSE
8433,0.000000,0.000000,0.074088,PAUSE
8434,0.000000,0.000000,0.131185,PAUSE
8435,0.000000,0.000000,0.259140,PAUSE
8436,0.000000,0.000000,0.420191,PAUSE
8437,0.000000,0.000000,0.576879,ALLOW
8438,0.000000,0.000000,0.707368,ALLOW
8439,0.000000,0.000000,0.805538,ALLOW
8440,0.000000,0.000000,0.874493,ALLOW
8441,0.000000,0.000000,0.920691,ALLOW
8442,0.000000,0.000000,0.950639,ALLOW
8443,0.000000,0.000000,0.969610,ALLOW
8444,0.000000,0.000000,0.981434,ALLOW
8445,0.000000,0.000000,0.988719,ALLOW
8446,0.000000,0.000000,0.993172,ALLOW
8447,0.860004,1.000000,0.427072,PAUSE
8448,0.000000,1.000000,0.175760,PAUSE
8449,0.000000,0.000000,0.103957,PAUSE
8450,0.000000,0.000000,0.148113,PAUSE
8451,0.000000,0.000000,0.271934,PAUSE
8452,0.000000,0.000000,0.430811,PAUSE
8453,0.000000,0.000000,0.585377,ALLOW
8454,0.000000,0.000000,0.713733,ALLOW
8455,0.000000,0.000000,0.810033,ALLOW
8456,0.000000,0.000000,0.877526,ALLOW
8457,0.000000,0.000000,0.922669,ALLOW
8458,0.860004,1.000000,0.398085,PAUSE
8459,0.000000,1.000000,0.164087,PAUSE
8460,0.000000,0.000000,0.098965,PAUSE
8461,0.000000,0.000000,0.145503,PAUSE
8462,0.000000,0.000000,0.270155,PAUSE
8463,0.000000,0.000000,0.429432,PAUSE
8464,0.000000,0.000000,0.584310,ALLOW
8465,0.000000,0.000000,0.712948,ALLOW
8466,0.000000,0.000000,0.809484,ALLOW
8467,0.000000,0.000000,0.877157,ALLOW
8468,0.000000,0.000000,0.922430,ALLOW
8469,0.860004,1.000000,0.397986,PAUSE
8470,0.000000,1.000000,0.164047,PAUSE
8471,0.000000,0.000000,0.098948,PAUSE
8472,0.000000,0.000000,0.145494,PAUSE
8473,0.000000,0.000000,0.270149,PAUSE
8474,0.000000,0.000000,0.429427,PAUSE
8475,0.000000,0.000000,0.584306,ALLOW
8476,0.000000,0.000000,0.712945,ALLOW
8477,0.000000,0.000000,0.809482,ALLOW
8478,0.000000,0.000000,0.877156,ALLOW
8479,0.000000,0.000000,0.922429,ALLOW
8480,0.000000,0.000000,0.951746,ALLOW
8481,0.000000,0.000000,0.970303,ALLOW
8482,0.000000,0.000000,0.981862,ALLOW
8483,0.000000,0.000000,0.988982,ALLOW
8484,0.860004,1.000000,0.425352,PAUSE
8485,0.000000,1.000000,0.175068,PAUSE
8486,0.000000,0.000000,0.103662,PAUSE
8487,0.000000,0.000000,0.147962,PAUSE
8488,0.860004,1.000000,0.069772,PAUSE
8489,0.000000,1.000000,0.030559,PAUSE
8490,0.000000,0.000000,0.035408,PAUSE
8491,0.000000,0.000000,0.099353,PAUSE
8492,0.000000,0.000000,0.225732,PAUSE
8493,0.000000,0.000000,0.387429,PAUSE
8494,0.000000,0.000000,0.548552,ALLOW
8495,0.000000,0.000000,0.685308,ALLOW
8496,0.000000,0.000000,0.789623,ALLOW
8497,0.000000,0.000000,0.863619,ALLOW
8498,0.000000,0.000000,0.913540,ALLOW
8499,0.000000,0.000000,0.946063,ALLOW
8500,0.000000,0.000000,0.966737,ALLOW
8501,0.000000,0.000000,0.979655,ALLOW
8502,0.000000,0.000000,0.987628,ALLOW
8503,0.000000,0.000000,0.992507,ALLOW
8504,0.000000,0.000000,0.995475,ALLOW
8505,0.000000,0.000000,0.997273,ALLOW
8506,0.860004,1.000000,0.428754,PAUSE
8507,0.000000,1.000000,0.176437,PAUSE
8508,0.000000,0.000000,0.104244,PAUSE
8509,0.000000,0.000000,0.148260,PAUSE
8510,0.000000,0.000000,0.272031,PAUSE
8511,0.860004,1.000000,0.124848,PAUSE
8512,0.860004,0.000000,0.058511,PAUSE
8513,0.860004,0.000000,0.026958,PAUSE
8514,0.000000,1.000000,0.024444,PAUSE
8515,0.000000,0.000000,0.071800,PAUSE
8516,0.000000,0.000000,0.182461,PAUSE
8517,0.000000,0.000000,0.338039,PAUSE
8518,0.000000,0.000000,0.502719,ALLOW
8519,0.000000,0.000000,0.648201,ALLOW
8520,0.000000,0.000000,0.762214,ALLOW
8521,0.000000,0.000000,0.844604,ALLOW
8522,0.000000,0.000000,0.900909,ALLOW
8523,0.000000,0.000000,0.937924,ALLOW
8524,0.000000,0.000000,0.961603,ALLOW
8525,0.000000,0.000000,0.976464,ALLOW
8526,0.000000,0.000000,0.985666,ALLOW
8527,0.000000,0.000000,0.991310,ALLOW
8528,0.000000,0.000000,0.994748,ALLOW
8529,0.000000,0.000000,0.996833,ALLOW
8530,0.000000,0.000000,0.998093,ALLOW
8531,0.860004,1.000000,0.429090,PAUSE
8532,0.000000,1.000000,0.176572,PAUSE
8533,0.000000,0.000000,0.104302,PAUSE
8534,0.000000,0.000000,0.148290,PAUSE
8535,0.000000,0.000000,0.272051,PAUSE
8536,0.860004,1.000000,0.124856,PAUSE
8537,0.000000,1.000000,0.053342,PAUSE
8538,0.000000,0.000000,0.048259,PAUSE
8539,0.000000,0.000000,0.112485,PAUSE
8540,0.000000,0.000000,0.241266,PAUSE
8541,0.000000,0.000000,0.403391,PAUSE
8542,0.860004,1.000000,0.181335,PAUSE
8543,0.000000,1.000000,0.076413,PAUSE
8544,0.000000,0.000000,0.059705,PAUSE
8545,0.000000,0.000000,0.121595,PAUSE
8546,0.860004,1.000000,0.058692,PAUSE
8547,0.000000,1.000000,0.026046,PAUSE
8548,0.000000,0.000000,0.033176,PAUSE
8549,0.000000,0.000000,0.097515,PAUSE
8550,0.000000,0.000000,0.223756,PAUSE
8551,0.860004,1.000000,0.104237,PAUSE
8552,0.000000,1.000000,0.044926,PAUSE
8553,0.000000,0.000000,0.044085,PAUSE
8554,0.000000,0.000000,0.109128,PAUSE
8555,0.000000,0.000000,0.237782,PAUSE
8556,0.000000,0.000000,0.399985,PAUSE
8557,0.000000,0.000000,0.559691,ALLOW
8558,0.860004,1.000000,0.247287,PAUSE
8559,0.000000,1.000000,0.103181,PAUSE
8560,0.000000,0.000000,0.072124,PAUSE
8561,0.000000,0.000000,0.129967,PAUSE
8562,0.000000,0.000000,0.258124,PAUSE
8563,0.000000,0.000000,0.419298,PAUSE
8564,0.000000,0.000000,0.576145,ALLOW
8565,0.860004,1.000000,0.254174,PAUSE
8566,0.000000,1.000000,0.105969,PAUSE
8567,0.000000,0.000000,0.073383,PAUSE
8568,0.000000,0.000000,0.130754,PAUSE
8569,0.000000,0.000000,0.258785,PAUSE
8570,0.000000,0.000000,0.419882,PAUSE
8571,0.000000,0.000000,0.576625,ALLOW
8572,0.860004,1.000000,0.254375,PAUSE
8573,0.000000,1.000000,0.106050,PAUSE
8574,0.000000,0.000000,0.073420,PAUSE
8575,0.000000,0.000000,0.130777,PAUSE
8576,0.000000,0.000000,0.258804,PAUSE
8577,0.000000,0.000000,0.419898,PAUSE
8578,0.000000,0.000000,0.576639,ALLOW
8579,0.000000,0.000000,0.707186,ALLOW
8580,0.000000,0.000000,0.805408,ALLOW
8581,0.000000,0.000000,0.874405,ALLOW
8582,0.000000,0.000000,0.920633,ALLOW
8583,0.000000,0.000000,0.950602,ALLOW
8584,0.000000,0.000000,0.969587,ALLOW
8585,0.860004,1.000000,0.417388,PAUSE
8586,0.000000,1.000000,0.171861,PAUSE
8587,0.000000,0.000000,0.102295,PAUSE
8588,0.000000,0.000000,0.147255,PAUSE
8589,0.000000,0.000000,0.271358,PAUSE
8590,0.860004,1.000000,0.124566,PAUSE
8591,0.000000,1.000000,0.053224,PAUSE
8592,0.000000,0.000000,0.048205,PAUSE
8593,0.000000,0.000000,0.112448,PAUSE
8594,0.000000,0.000000,0.241231,PAUSE
8595,0.000000,0.000000,0.403359,PAUSE
8596,0.000000,0.000000,0.562607,ALLOW
8597,0.000000,0.000000,0.696366,ALLOW
8598,0.000000,0.000000,0.797647,ALLOW
8599,0.000000,0.000000,0.869121,ALLOW
8600,0.000000,0.000000,0.917166,ALLOW
8601,0.000000,0.000000,0.948387,ALLOW
8602,0.000000,0.000000,0.968198,ALLOW
8603,0.860004,1.000000,0.416817,PAUSE
8604,0.000000,1.000000,0.171631,PAUSE
8605,0.000000,0.000000,0.102197,PAUSE
8606,0.000000,0.000000,0.147203,PAUSE
8607,0.000000,0.000000,0.271324,PAUSE
8608,0.000000,0.000000,0.430344,PAUSE
8609,0.860004,1.000000,0.192693,PAUSE
8610,0.000000,1.000000,0.081023,PAUSE
8611,0.000000,0.000000,0.061850,PAUSE
8612,0.000000,0.000000,0.123057,PAUSE
8613,0.000000,0.000000,0.251915,PAUSE
8614,0.860004,1.000000,0.116343,PAUSE
8615,0.000000,1.000000,0.049878,PAUSE
8616,0.000000,0.000000,0.046594,PAUSE
8617,0.860004,1.000000,0.023248,PAUSE
8618,0.000000,1.000000,0.010908,PAUSE
8619,0.000000,0.000000,0.021551,PAUSE
8620,0.000000,0.000000,0.079807,PAUSE
8621,0.000000,0.000000,0.198916,PAUSE
8622,0.000000,0.000000,0.358101,PAUSE
8623,0.860004,1.000000,0.162090,PAUSE
8624,0.000000,1.000000,0.068582,PAUSE
8625,0.000000,0.000000,0.055969,PAUSE
8626,0.000000,0.000000,0.118881,PAUSE
8627,0.000000,0.000000,0.247981,PAUSE
8628,0.000000,0.000000,0.409960,PAUSE
8629,0.000000,0.000000,0.568301,ALLOW
8630,0.860004,1.000000,0.250893,PAUSE
8631,0.860004,0.000000,0.109593,PAUSE
8632,0.000000,1.000000,0.053153,PAUSE
8633,0.000000,0.000000,0.070554,PAUSE
8634,0.000000,0.000000,0.162167,PAUSE
8635,0.000000,0.000000,0.308883,PAUSE
8636,0.000000,0.000000,0.473266,PAUSE
8637,0.000000,0.000000,0.623304,ALLOW
8638,0.000000,0.000000,0.743351,ALLOW
8639,0.000000,0.000000,0.831305,ALLOW
8640,0.000000,0.000000,0.891980,ALLOW
8641,0.000000,0.000000,0.932128,ALLOW
8642,0.860004,1.000000,0.401980,PAUSE
8643,0.000000,1.000000,0.165656,PAUSE
8644,0.000000,0.000000,0.099639,PAUSE
8645,0.000000,0.000000,0.145861,PAUSE
8646,0.000000,0.000000,0.270404,PAUSE
8647,0.000000,0.000000,0.429627,PAUSE
8648,0.000000,0.000000,0.584462,ALLOW
8649,0.000000,0.000000,0.713061,ALLOW
8650,0.860004,1.000000,0.311330,PAUSE
8651,0.000000,1.000000,0.129086,PAUSE
8652,0.860004,1.000000,0.053232,PAUSE
8653,0.000000,1.000000,0.022145,PAUSE
8654,0.000000,0.000000,0.020594,PAUSE
8655,0.000000,0.000000,0.064858,PAUSE
8656,0.000000,0.000000,0.171504,PAUSE
8657,0.000000,0.000000,0.325101,PAUSE
8658,0.000000,0.000000,0.490381,PAUSE
8659,0.000000,0.000000,0.638016,ALLOW
8660,0.000000,0.000000,0.754589,ALLOW
8661,0.000000,0.000000,0.839264,ALLOW
8662,0.860004,1.000000,0.363668,PAUSE
8663,0.000000,1.000000,0.150213,PAUSE
8664,0.000000,0.000000,0.092974,PAUSE
8665,0.000000,0.000000,0.142263,PAUSE
8666,0.000000,0.000000,0.267843,PAUSE
8667,0.000000,0.000000,0.427583,PAUSE
8668,0.000000,0.000000,0.582858,ALLOW
8669,0.000000,0.000000,0.711870,ALLOW
8670,0.000000,0.000000,0.808727,ALLOW
8671,0.000000,0.000000,0.876648,ALLOW
8672,0.000000,0.000000,0.922098,ALLOW
8673,0.000000,0.000000,0.951535,ALLOW
8674,0.860004,1.000000,0.409966,PAUSE
8675,0.860004,0.000000,0.173623,PAUSE
8676,0.000000,1.000000,0.079530,PAUSE
8677,0.000000,0.000000,0.083495,PAUSE
8678,0.000000,0.000000,0.171205,PAUSE
8679,0.000000,0.000000,0.316694,PAUSE
8680,0.000000,0.000000,0.479987,PAUSE
8681,0.000000,0.000000,0.628664,ALLOW
8682,0.000000,0.000000,0.747318,ALLOW
8683,0.000000,0.000000,0.834073,ALLOW
8684,0.000000,0.000000,0.893830,ALLOW
8685,0.000000,0.000000,0.933325,ALLOW
8686,0.000000,0.000000,0.958687,ALLOW
8687,0.000000,0.000000,0.974645,ALLOW
8688,0.000000,0.000000,0.984545,ALLOW
8689,0.860004,1.000000,0.423531,PAUSE
8690,0.000000,1.000000,0.174335,PAUSE
8691,0.860004,1.000000,0.071407,PAUSE
8692,0.860004,0.000000,0.034097,PAUSE
8693,0.000000,1.000000,0.017233,PAUSE
8694,0.000000,0.000000,0.034732,PAUSE
8695,0.000000,0.000000,0.108965,PAUSE
8696,0.000000,0.000000,0.242237,PAUSE
8697,0.860004,1.000000,0.112285,PAUSE
8698,0.000000,1.000000,0.048231,PAUSE
8699,0.000000,0.000000,0.045819,PAUSE
8700,0.860004,1.000000,0.022926,PAUSE
8701,0.000000,1.000000,0.010777,PAUSE
8702,0.000000,0.000000,0.021483,PAUSE
8703,0.000000,0.000000,0.079739,PAUSE
8704,0.000000,0.000000,0.198832,PAUSE
8705,0.000000,0.000000,0.358011,PAUSE
8706,0.000000,0.000000,0.521765,ALLOW
8707,0.000000,0.000000,0.663843,ALLOW
8708,0.000000,0.000000,0.773867,ALLOW
8709,0.000000,0.000000,0.852732,ALLOW
8710,0.000000,0.000000,0.906328,ALLOW
8711,0.000000,0.000000,0.941424,ALLOW
8712,0.000000,0.000000,0.963815,ALLOW
8713,0.000000,0.000000,0.977840,ALLOW
8714,0.000000,0.000000,0.986513,ALLOW
8715,0.000000,0.000000,0.991827,ALLOW
8716,0.000000,0.000000,0.995062,ALLOW
8717,0.000000,0.000000,0.997023,ALLOW
8718,0.000000,0.000000,0.998208,ALLOW
8719,0.000000,0.000000,0.998922,ALLOW
8720,0.000000,0.000000,0.999352,ALLOW
8721,0.860004,1.000000,0.429607,PAUSE
8722,0.000000,1.000000,0.176780,PAUSE
8723,0.000000,0.000000,0.104390,PAUSE
8724,0.000000,0.000000,0.148335,PAUSE
8725,0.860004,1.000000,0.069926,PAUSE
8726,0.000000,1.000000,0.030621,PAUSE
8727,0.000000,0.000000,0.035437,PAUSE
8728,0.000000,0.000000,0.099373,PAUSE
8729,0.000000,0.000000,0.225751,PAUSE
8730,0.000000,0.000000,0.387447,PAUSE
8731,0.000000,0.000000,0.548568,ALLOW
8732,0.000000,0.000000,0.685320,ALLOW
8733,0.000000,0.000000,0.789632,ALLOW
8734,0.000000,0.000000,0.863625,ALLOW
8735,0.000000,0.000000,0.913544,ALLOW
8736,0.860004,1.000000,0.394326,PAUSE
8737,0.860004,0.000000,0.167338,PAUSE
8738,0.000000,0.000000,0.117150,PAUSE
8739,0.000000,0.000000,0.182304,PAUSE
8740,0.000000,0.000000,0.318571,PAUSE
8741,0.000000,0.000000,0.478544,PAUSE
8742,0.000000,0.000000,0.626459,ALLOW
8743,0.860004,0.000000,0.288072,PAUSE
8744,0.000000,1.000000,0.143617,PAUSE
8745,0.000000,0.000000,0.153641,PAUSE
8746,0.000000,0.000000,0.261511,PAUSE
8747,0.000000,0.000000,0.415025,PAUSE
8748,0.000000,0.000000,0.570056,ALLOW
8749,0.000000,0.000000,0.701303,ALLOW
8750,0.000000,0.000000,0.800915,ALLOW
8751,0.860004,1.000000,0.347793,PAUSE
8752,0.000000,0.000000,0.233342,PAUSE
8753,0.000000,0.000000,0.290925,PAUSE
8754,0.000000,1.000000,0.131710,PAUSE
8755,0.000000,0.000000,0.119175,PAUSE
8756,0.000000,0.000000,0.207964,PAUSE
8757,0.000000,0.000000,0.354961,PAUSE
8758,0.000000,0.000000,0.515051,ALLOW
8759,0.000000,0.000000,0.657183,ALLOW
8760,0.000000,0.000000,0.768535,ALLOW
8761,0.000000,0.000000,0.848887,ALLOW
8762,0.000000,0.000000,0.903720,ALLOW
8763,0.000000,0.000000,0.939723,ALLOW
8764,0.000000,0.000000,0.962734,ALLOW
8765,0.000000,0.000000,0.977165,ALLOW
8766,0.000000,0.000000,0.986097,ALLOW
8767,0.000000,0.000000,0.991572,ALLOW
8768,0.000000,0.000000,0.994907,ALLOW
8769,0.000000,0.000000,0.996930,ALLOW
8770,0.000000,0.000000,0.998152,ALLOW
8771,0.000000,0.000000,0.998888,ALLOW
8772,0.000000,0.000000,0.999332,ALLOW
8773,0.000000,0.000000,0.999599,ALLOW
8774,0.000000,0.000000,0.999759,ALLOW
8775,0.860004,1.000000,0.429773,PAUSE
8776,0.860004,0.000000,0.181578,PAUSE
8777,0.000000,0.000000,0.123037,PAUSE
8778,0.000000,0.000000,0.184968,PAUSE
8779,0.000000,1.000000,0.094237,PAUSE
8780,0.860004,1.000000,0.041605,PAUSE
8781,0.000000,0.000000,0.045924,PAUSE
8782,0.000000,0.000000,0.116367,PAUSE
8783,0.000000,0.000000,0.248845,PAUSE
8784,0.000000,1.000000,0.115096,PAUSE
8785,0.000000,0.000000,0.113095,PAUSE
8786,0.000000,0.000000,0.206350,PAUSE
8787,0.000000,0.000000,0.355147,PAUSE
8788,0.860004,1.000000,0.160667,PAUSE
8789,0.000000,1.000000,0.067984,PAUSE
8790,0.000000,0.000000,0.055597,PAUSE
8791,0.000000,0.000000,0.118464,PAUSE
8792,0.000000,0.000000,0.247479,PAUSE
8793,0.000000,0.000000,0.409448,PAUSE
8794,0.000000,0.000000,0.567853,ALLOW
8795,0.000000,0.000000,0.700442,ALLOW
8796,0.000000,0.000000,0.800583,ALLOW
8797,0.000000,0.000000,0.871125,ALLOW
8798,0.860004,1.000000,0.376830,PAUSE
8799,0.000000,1.000000,0.155520,PAUSE
8800,0.000000,0.000000,0.095273,PAUSE
8801,0.000000,0.000000,0.143520,PAUSE
8802,0.860004,1.000000,0.067930,PAUSE
8803,0.000000,0.000000,0.080202,PAUSE
8804,0.860004,0.000000,0.047992,PAUSE
8805,0.000000,0.000000,0.087160,PAUSE
8806,0.000000,0.000000,0.197279,PAUSE
8807,0.000000,0.000000,0.352839,PAUSE
8808,0.000000,0.000000,0.515972,ALLOW
8809,0.000000,1.000000,0.233064,PAUSE
8810,0.860004,1.000000,0.097839,PAUSE
8811,0.000000,0.000000,0.071472,PAUSE
8812,0.000000,0.000000,0.132598,PAUSE
8813,0.000000,0.000000,0.262694,PAUSE
8814,0.000000,1.000000,0.120973,PAUSE
8815,0.000000,0.000000,0.116314,PAUSE
8816,0.000000,0.000000,0.208885,PAUSE
8817,0.000000,0.000000,0.357426,PAUSE
8818,0.000000,0.000000,0.517761,ALLOW
8819,0.860004,1.000000,0.229629,PAUSE
8820,0.000000,0.000000,0.175576,PAUSE
8821,0.000000,0.000000,0.254295,PAUSE
8822,0.000000,0.000000,0.397004,PAUSE
8823,0.000000,0.000000,0.550910,ALLOW
8824,0.000000,1.000000,0.243507,PAUSE
8825,0.000000,0.000000,0.182500,PAUSE
8826,0.000000,0.000000,0.258869,PAUSE
8827,0.000000,0.000000,0.400568,PAUSE
8828,0.000000,0.000000,0.553715,ALLOW
8829,0.000000,0.000000,0.687308,ALLOW
8830,0.860004,1.000000,0.300586,PAUSE
8831,0.000000,0.000000,0.210776,PAUSE
8832,0.000000,0.000000,0.277226,PAUSE
8833,0.000000,0.000000,0.414616,PAUSE
8834,0.000000,1.000000,0.185701,PAUSE
8835,0.000000,0.000000,0.151902,PAUSE
8836,0.000000,0.000000,0.236654,PAUSE
8837,0.000000,0.000000,0.382010,PAUSE
8838,0.000000,0.000000,0.538554,ALLOW
8839,0.860004,1.000000,0.238339,PAUSE
8840,0.000000,0.000000,0.179933,PAUSE
8841,0.860004,0.000000,0.089765,PAUSE
8842,0.000000,0.000000,0.108581,PAUSE
8843,0.000000,0.000000,0.212513,PAUSE
8844,0.000000,1.000000,0.108179,PAUSE
8845,0.000000,0.000000,0.128437,PAUSE
8846,0.000000,0.000000,0.237334,PAUSE
8847,0.860004,1.000000,0.109726,PAUSE
8848,0.000000,0.000000,0.108945,PAUSE
8849,0.000000,1.000000,0.051455,PAUSE
8850,0.000000,0.000000,0.065154,PAUSE
8851,0.000000,0.000000,0.152157,PAUSE
8852,0.000000,0.000000,0.296195,PAUSE
8853,0.000000,0.000000,0.460669,PAUSE
8854,0.000000,0.000000,0.612640,ALLOW
8855,0.000000,0.000000,0.735234,ALLOW
8856,0.000000,0.000000,0.825556,ALLOW
8857,0.000000,0.000000,0.888107,ALLOW
8858,0.000000,0.000000,0.929606,ALLOW
8859,0.000000,0.000000,0.956327,ALLOW
8860,0.860004,1.000000,0.411937,PAUSE
8861,0.000000,0.000000,0.263023,PAUSE
8862,0.000000,0.000000,0.307817,PAUSE
8863,0.000000,0.000000,0.435917,PAUSE
8864,0.000000,1.000000,0.194575,PAUSE
8865,0.000000,0.000000,0.156277,PAUSE
8866,0.000000,0.000000,0.239525,PAUSE
8867,0.000000,0.000000,0.384256,PAUSE
8868,0.000000,0.000000,0.540336,ALLOW
8869,0.000000,0.000000,0.677070,ALLOW
8870,0.000000,0.000000,0.783034,ALLOW
8871,0.000000,0.000000,0.858880,ALLOW
8872,0.000000,0.000000,0.910335,ALLOW
8873,0.000000,0.000000,0.943977,ALLOW
8874,0.000000,0.000000,0.965414,ALLOW
8875,0.000000,0.000000,0.978830,ALLOW
8876,0.000000,0.000000,0.987120,ALLOW
8877,0.000000,0.000000,0.992197,ALLOW
8878,0.000000,0.000000,0.995286,ALLOW
8879,0.000000,0.000000,0.997159,ALLOW
8880,0.000000,0.000000,0.998290,ALLOW
8881,0.000000,0.000000,0.998972,ALLOW
8882,0.000000,0.000000,0.999382,ALLOW
8883,0.000000,0.000000,0.999629,ALLOW
8884,0.000000,0.000000,0.999777,ALLOW
8885,0.000000,0.000000,0.999866,ALLOW
8886,0.000000,0.000000,0.999920,ALLOW
8887,0.860004,1.000000,0.429839,PAUSE
8888,0.000000,0.000000,0.271113,PAUSE
8889,0.000000,1.000000,0.118590,PAUSE
8890,0.000000,0.000000,0.099315,PAUSE
8891,0.000000,0.000000,0.177847,PAUSE
8892,0.860004,1.000000,0.083513,PAUSE
8893,0.000000,0.000000,0.091855,PAUSE
8894,0.000000,1.000000,0.044128,PAUSE
8895,0.860004,1.000000,0.019787,PAUSE
8896,0.000000,0.000000,0.028282,PAUSE
8897,0.000000,0.000000,0.090129,PAUSE
8898,0.000000,0.000000,0.213565,PAUSE
8899,0.000000,1.000000,0.099811,PAUSE
8900,0.000000,0.000000,0.103899,PAUSE
8901,0.000000,0.000000,0.198187,PAUSE
8902,0.000000,0.000000,0.347303,PAUSE
8903,0.860004,1.000000,0.157341,PAUSE
8904,0.000000,1.000000,0.066631,PAUSE
8905,0.000000,0.000000,0.054953,PAUSE
8906,0.000000,0.000000,0.117995,PAUSE
8907,0.000000,0.000000,0.247028,PAUSE
8908,0.000000,0.000000,0.409022,PAUSE
8909,0.000000,0.000000,0.567491,ALLOW
8910,0.000000,0.000000,0.700162,ALLOW
8911,0.000000,0.000000,0.800382,ALLOW
8912,0.000000,0.000000,0.870988,ALLOW
8913,0.000000,0.000000,0.918393,ALLOW
8914,0.000000,0.000000,0.949172,ALLOW
8915,0.000000,0.000000,0.968690,ALLOW
8916,0.000000,0.000000,0.980865,ALLOW
8917,0.000000,0.000000,0.988370,ALLOW
8918,0.000000,0.000000,0.992960,ALLOW
8919,0.000000,0.000000,0.995750,ALLOW
8920,0.000000,0.000000,0.997439,ALLOW
8921,0.860004,1.000000,0.428822,PAUSE
8922,0.000000,1.000000,0.176464,PAUSE
8923,0.000000,0.000000,0.104256,PAUSE
8924,0.860004,1.000000,0.047008,PAUSE
8925,0.000000,1.000000,0.020554,PAUSE
8926,0.000000,0.000000,0.026301,PAUSE
8927,0.860004,1.000000,0.014174,PAUSE
8928,0.860004,0.000000,0.012108,PAUSE
8929,0.000000,1.000000,0.009604,PAUSE
8930,0.000000,0.000000,0.036794,PAUSE
8931,0.000000,0.000000,0.119911,PAUSE
8932,0.860004,1.000000,0.058474,PAUSE
8933,0.000000,1.000000,0.026028,PAUSE
8934,0.860004,1.000000,0.011562,PAUSE
8935,0.000000,1.000000,0.005325,PAUSE
8936,0.000000,0.000000,0.012561,PAUSE
8937,0.000000,0.000000,0.057777,PAUSE
8938,0.000000,0.000000,0.162621,PAUSE
8939,0.000000,0.000000,0.315098,PAUSE
8940,0.000000,0.000000,0.480914,PAUSE
8941,0.000000,0.000000,0.630196,ALLOW
8942,0.000000,0.000000,0.748721,ALLOW
8943,0.000000,0.000000,0.835146,ALLOW
8944,0.000000,0.000000,0.894580,ALLOW
8945,0.000000,0.000000,0.933824,ALLOW
8946,0.000000,0.000000,0.959007,ALLOW
8947,0.000000,0.000000,0.974847,ALLOW
8948,0.860004,1.000000,0.419549,PAUSE
8949,0.000000,1.000000,0.172731,PAUSE
8950,0.000000,0.000000,0.102667,PAUSE
8951,0.000000,0.000000,0.147447,PAUSE
8952,0.000000,0.000000,0.271488,PAUSE
8953,0.000000,0.000000,0.430471,PAUSE
8954,0.000000,0.000000,0.585115,ALLOW
8955,0.000000,0.000000,0.713541,ALLOW
8956,0.000000,0.000000,0.809899,ALLOW
8957,0.000000,0.000000,0.877436,ALLOW
8958,0.000000,0.000000,0.922611,ALLOW
8959,0.000000,0.000000,0.951862,ALLOW
8960,0.000000,0.000000,0.970375,ALLOW
8961,0.000000,0.000000,0.981907,ALLOW
8962,0.000000,0.000000,0.989009,ALLOW
8963,0.000000,0.000000,0.993348,ALLOW
8964,0.000000,0.000000,0.995985,ALLOW
8965,0.000000,0.000000,0.997581,ALLOW
8966,0.000000,0.000000,0.998545,ALLOW
8967,0.860004,1.000000,0.429276,PAUSE
8968,0.000000,1.000000,0.176647,PAUSE
8969,0.860004,1.000000,0.072335,PAUSE
8970,0.860004,0.000000,0.034472,PAUSE
8971,0.000000,1.000000,0.017386,PAUSE
8972,0.000000,0.000000,0.034804,PAUSE
8973,0.000000,0.000000,0.109015,PAUSE
8974,0.860004,1.000000,0.053498,PAUSE
8975,0.000000,1.000000,0.023943,PAUSE
8976,0.000000,0.000000,0.032202,PAUSE
8977,0.000000,0.000000,0.096829,PAUSE
8978,0.000000,0.000000,0.223091,PAUSE
8979,0.000000,0.000000,0.384807,PAUSE
8980,0.000000,0.000000,0.546257,ALLOW
8981,0.000000,0.000000,0.683505,ALLOW
8982,0.000000,0.000000,0.788314,ALLOW
8983,0.860004,1.000000,0.342579,PAUSE
8984,0.860004,0.000000,0.146516,PAUSE
8985,0.000000,1.000000,0.068421,PAUSE
8986,0.000000,0.000000,0.078230,PAUSE
8987,0.000000,0.000000,0.167780,PAUSE
8988,0.000000,0.000000,0.313896,PAUSE
8989,0.000000,0.000000,0.477646,PAUSE
8990,0.000000,0.000000,0.626822,ALLOW
8991,0.000000,0.000000,0.745964,ALLOW
8992,0.000000,0.000000,0.833131,ALLOW
8993,0.000000,0.000000,0.893202,ALLOW
8994,0.000000,0.000000,0.932919,ALLOW
8995,0.000000,0.000000,0.958430,ALLOW
8996,0.860004,1.000000,0.412802,PAUSE
8997,0.000000,1.000000,0.170015,PAUSE
8998,0.000000,0.000000,0.101506,PAUSE
8999,0.000000,0.000000,0.146843,PAUSE
9000,0.000000,0.000000,0.271079,PAUSE
9001,0.000000,0.000000,0.430154,PAUSE
9002,0.000000,0.000000,0.584871,ALLOW
9003,0.000000,0.000000,0.713362,ALLOW
9004,0.000000,0.000000,0.809773,ALLOW
9005,0.000000,0.000000,0.877352,ALLOW
9006,0.000000,0.000000,0.922556,ALLOW
9007,0.000000,0.000000,0.951827,ALLOW
9008,0.000000,0.000000,0.970354,ALLOW
9009,0.000000,0.000000,0.981893,ALLOW
9010,0.860004,1.000000,0.422443,PAUSE
9011,0.000000,1.000000,0.173896,PAUSE
9012,0.000000,0.000000,0.103163,PAUSE
9013,0.000000,0.000000,0.147704,PAUSE
9014,0.000000,0.000000,0.271661,PAUSE
9015,0.000000,0.000000,0.430603,PAUSE
9016,0.000000,0.000000,0.585217,ALLOW
9017,0.000000,0.000000,0.713616,ALLOW
9018,0.000000,0.000000,0.809951,ALLOW
9019,0.000000,0.000000,0.877471,ALLOW
9020,0.000000,0.000000,0.922634,ALLOW
9021,0.000000,0.000000,0.951876,ALLOW
9022,0.000000,0.000000,0.970384,ALLOW
9023,0.860004,1.000000,0.417715,PAUSE
9024,0.000000,1.000000,0.171993,PAUSE
9025,0.000000,0.000000,0.102352,PAUSE
9026,0.000000,0.000000,0.147284,PAUSE
9027,0.860004,1.000000,0.069491,PAUSE
9028,0.000000,1.000000,0.030445,PAUSE
9029,0.860004,1.000000,0.013332,PAUSE
9030,0.000000,1.000000,0.006034,PAUSE
9031,0.000000,0.000000,0.012853,PAUSE
9032,0.000000,0.000000,0.057921,PAUSE
9033,0.000000,0.000000,0.162721,PAUSE
9034,0.000000,0.000000,0.315183,PAUSE
9035,0.000000,0.000000,0.480987,PAUSE
9036,0.000000,0.000000,0.630254,ALLOW
9037,0.000000,0.000000,0.748764,ALLOW
9038,0.000000,0.000000,0.835175,ALLOW
9039,0.000000,0.000000,0.894600,ALLOW
9040,0.000000,0.000000,0.933836,ALLOW
9041,0.000000,0.000000,0.959015,ALLOW
9042,0.000000,0.000000,0.974852,ALLOW
9043,0.000000,0.000000,0.984673,ALLOW
9044,0.000000,0.000000,0.990703,ALLOW
9045,0.000000,0.000000,0.994379,ALLOW
9046,0.000000,0.000000,0.996610,ALLOW
9047,0.000000,0.000000,0.997959,ALLOW
9048,0.000000,0.000000,0.998772,ALLOW
9049,0.000000,0.000000,0.999262,ALLOW
9050,0.000000,0.000000,0.999557,ALLOW
9051,0.000000,0.000000,0.999734,ALLOW
9052,0.000000,0.000000,0.999840,ALLOW
9053,0.000000,0.000000,0.999904,ALLOW
9054,0.000000,0.000000,0.999942,ALLOW
9055,0.000000,0.000000,0.999965,ALLOW
9056,0.000000,0.000000,0.999979,ALLOW
9057,0.000000,0.000000,0.999988,ALLOW
9058,0.000000,0.000000,0.999993,ALLOW
9059,0.000000,0.000000,0.999996,ALLOW
9060,0.000000,0.000000,0.999997,ALLOW
9061,0.000000,0.000000,0.999998,ALLOW
9062,0.000000,0.000000,0.999999,ALLOW
9063,0.000000,0.000000,0.999999,ALLOW
9064,0.000000,0.000000,1.000000,ALLOW
9065,0.000000,0.000000,1.000000,ALLOW
9066,0.000000,0.000000,1.000000,ALLOW
9067,0.860004,1.000000,0.429872,PAUSE
9068,0.000000,1.000000,0.176887,PAUSE
9069,0.000000,0.000000,0.104436,PAUSE
9070,0.000000,0.000000,0.148358,PAUSE
9071,0.000000,0.000000,0.272096,PAUSE
9072,0.000000,0.000000,0.430934,PAUSE
9073,0.000000,0.000000,0.585470,ALLOW
9074,0.000000,0.000000,0.713802,ALLOW
9075,0.860004,1.000000,0.311637,PAUSE
9076,0.860004,0.000000,0.134076,PAUSE
9077,0.000000,1.000000,0.063296,PAUSE
9078,0.000000,0.000000,0.075714,PAUSE
9079,0.860004,1.000000,0.037044,PAUSE
9080,0.000000,1.000000,0.016842,PAUSE
9081,0.000000,0.000000,0.026462,PAUSE
9082,0.860004,1.000000,0.014434,PAUSE
9083,0.860004,0.000000,0.011935,PAUSE
9084,0.000000,1.000000,0.009625,PAUSE
9085,0.000000,0.000000,0.037176,PAUSE
9086,0.000000,0.000000,0.120779,PAUSE
9087,0.000000,0.000000,0.260255,PAUSE
9088,0.000000,0.000000,0.425462,PAUSE
9089,0.860004,1.000000,0.190723,PAUSE
9090,0.000000,1.000000,0.080233,PAUSE
9091,0.000000,0.000000,0.061525,PAUSE
9092,0.000000,0.000000,0.122909,PAUSE
9093,0.860004,1.000000,0.059254,PAUSE
9094,0.000000,1.000000,0.026276,PAUSE
9095,0.000000,0.000000,0.033298,PAUSE
9096,0.860004,1.000000,0.017517,PAUSE
9097,0.860004,0.000000,0.013610,PAUSE
9098,0.000000,1.000000,0.010449,PAUSE
9099,0.000000,0.000000,0.038135,PAUSE
9100,0.000000,0.000000,0.122358,PAUSE
9101,0.000000,0.000000,0.262318,PAUSE
9102,0.000000,0.000000,0.427588,PAUSE
9103,0.860004,1.000000,0.191624,PAUSE
9104,0.000000,1.000000,0.080599,PAUSE
9105,0.860004,1.000000,0.033706,PAUSE
9106,0.000000,1.000000,0.014292,PAUSE
9107,0.000000,0.000000,0.017097,PAUSE
9108,0.000000,0.000000,0.062424,PAUSE
9109,0.000000,0.000000,0.168927,PAUSE
9110,0.000000,0.000000,0.322371,PAUSE
9111,0.860004,1.000000,0.146817,PAUSE
9112,0.860004,0.000000,0.067473,PAUSE
9113,0.000000,1.000000,0.035420,PAUSE
9114,0.000000,0.000000,0.060598,PAUSE
9115,0.000000,0.000000,0.153461,PAUSE
9116,0.000000,0.000000,0.300200,PAUSE
9117,0.000000,0.000000,0.465302,PAUSE
9118,0.000000,0.000000,0.616766,ALLOW
9119,0.000000,0.000000,0.738442,ALLOW
9120,0.000000,0.000000,0.827853,ALLOW
9121,0.000000,0.000000,0.889663,ALLOW
9122,0.000000,0.000000,0.930623,ALLOW
9123,0.000000,0.000000,0.956974,ALLOW
9124,0.000000,0.000000,0.973577,ALLOW
9125,0.000000,0.000000,0.983886,ALLOW
9126,0.000000,0.000000,0.990222,ALLOW
9127,0.000000,0.000000,0.994087,ALLOW
9128,0.000000,0.000000,0.996433,ALLOW
9129,0.000000,0.000000,0.997852,ALLOW
9130,0.000000,0.000000,0.998708,ALLOW
9131,0.860004,1.000000,0.429342,PAUSE
9132,0.000000,1.000000,0.176674,PAUSE
9133,0.000000,0.000000,0.104345,PAUSE
9134,0.000000,0.000000,0.148312,PAUSE
9135,0.000000,0.000000,0.272065,PAUSE
9136,0.000000,0.000000,0.430911,PAUSE
9137,0.000000,0.000000,0.585453,ALLOW
9138,0.000000,0.000000,0.713789,ALLOW
9139,0.000000,0.000000,0.810072,ALLOW
9140,0.000000,0.000000,0.877552,ALLOW
9141,0.000000,0.000000,0.922686,ALLOW
9142,0.000000,0.000000,0.951910,ALLOW
9143,0.000000,0.000000,0.970405,ALLOW
9144,0.860004,1.000000,0.417724,PAUSE
9145,0.000000,1.000000,0.171997,PAUSE
9146,0.860004,1.000000,0.070469,PAUSE
9147,0.000000,1.000000,0.029063,PAUSE
9148,0.860004,1.000000,0.012219,PAUSE
9149,0.000000,1.000000,0.005358,PAUSE
9150,0.000000,0.000000,0.010362,PAUSE
9151,0.000000,0.000000,0.049868,PAUSE
9152,0.860004,1.000000,0.026322,PAUSE
9153,0.000000,1.000000,0.012483,PAUSE
9154,0.000000,0.000000,0.024308,PAUSE
9155,0.000000,0.000000,0.086071,PAUSE
9156,0.000000,0.000000,0.208584,PAUSE
9157,0.000000,0.000000,0.369076,PAUSE
9158,0.000000,0.000000,0.532005,ALLOW
9159,0.860004,1.000000,0.235670,PAUSE
9160,0.000000,1.000000,0.098474,PAUSE
9161,0.860004,1.000000,0.040913,PAUSE
9162,0.000000,1.000000,0.017193,PAUSE
9163,0.000000,0.000000,0.018414,PAUSE
9164,0.000000,0.000000,0.063406,PAUSE
9165,0.000000,0.000000,0.170027,PAUSE
9166,0.000000,0.000000,0.323561,PAUSE
9167,0.000000,0.000000,0.488964,PAUSE
9168,0.000000,0.000000,0.636860,ALLOW
9169,0.000000,0.000000,0.753727,ALLOW
9170,0.000000,0.000000,0.838661,ALLOW
9171,0.000000,0.000000,0.896936,ALLOW
9172,0.000000,0.000000,0.935351,ALLOW
9173,0.000000,0.000000,0.959975,ALLOW
9174,0.000000,0.000000,0.975450,ALLOW
9175,0.000000,0.000000,0.985041,ALLOW
9176,0.000000,0.000000,0.990928,ALLOW
9177,0.000000,0.000000,0.994516,ALLOW
9178,0.000000,0.000000,0.996693,ALLOW
9179,0.000000,0.000000,0.998009,ALLOW
9180,0.000000,0.000000,0.998802,ALLOW
9181,0.000000,0.000000,0.999280,ALLOW
9182,0.000000,0.000000,0.999568,ALLOW
9183,0.860004,1.000000,0.429695,PAUSE
9184,0.000000,1.000000,0.176815,PAUSE
9185,0.000000,0.000000,0.104405,PAUSE
9186,0.000000,0.000000,0.148342,PAUSE
9187,0.000000,0.000000,0.272085,PAUSE
9188,0.000000,0.000000,0.430927,PAUSE
9189,0.000000,0.000000,0.585465,ALLOW
9190,0.000000,0.000000,0.713798,ALLOW
9191,0.000000,0.000000,0.810078,ALLOW
9192,0.000000,0.000000,0.877556,ALLOW
9193,0.000000,0.000000,0.922689,ALLOW
9194,0.000000,0.000000,0.951911,ALLOW
9195,0.000000,0.000000,0.970406,ALLOW
9196,0.000000,0.000000,0.981926,ALLOW
9197,0.860004,1.000000,0.422456,PAUSE
9198,0.000000,1.000000,0.173902,PAUSE
9199,0.000000,0.000000,0.103166,PAUSE
9200,0.000000,0.000000,0.147706,PAUSE
9201,0.000000,0.000000,0.271662,PAUSE
9202,0.000000,0.000000,0.430604,PAUSE
9203,0.000000,0.000000,0.585217,ALLOW
9204,0.000000,0.000000,0.713616,ALLOW
9205,0.860004,1.000000,0.311560,PAUSE
9206,0.000000,1.000000,0.129179,PAUSE
9207,0.000000,0.000000,0.083761,PAUSE
9208,0.000000,0.000000,0.137037,PAUSE
9209,0.000000,0.000000,0.263891,PAUSE
9210,0.000000,0.000000,0.424302,PAUSE
9211,0.000000,0.000000,0.580234,ALLOW
9212,0.860004,1.000000,0.255882,PAUSE
9213,0.000000,1.000000,0.106660,PAUSE
9214,0.000000,0.000000,0.073694,PAUSE
9215,0.000000,0.000000,0.130946,PAUSE
9216,0.000000,0.000000,0.258944,PAUSE
9217,0.000000,0.000000,0.420020,PAUSE
9218,0.000000,0.000000,0.576739,ALLOW
9219,0.000000,0.000000,0.707262,ALLOW
9220,0.000000,0.000000,0.805463,ALLOW
9221,0.000000,0.000000,0.874442,ALLOW
9222,0.860004,1.000000,0.378199,PAUSE
9223,0.000000,1.000000,0.156072,PAUSE
9224,0.000000,0.000000,0.095512,PAUSE
9225,0.860004,1.000000,0.043455,PAUSE
9226,0.000000,1.000000,0.019121,PAUSE
9227,0.860004,1.000000,0.008545,PAUSE
9228,0.000000,1.000000,0.004021,PAUSE
9229,0.000000,0.000000,0.011142,PAUSE
9230,0.860004,1.000000,0.006945,PAUSE
9231,0.000000,1.000000,0.003890,PAUSE
9232,0.000000,0.000000,0.015322,PAUSE
9233,0.000000,0.000000,0.068438,PAUSE
9234,0.000000,0.000000,0.181542,PAUSE
9235,0.000000,0.000000,0.338111,PAUSE
9236,0.000000,0.000000,0.503114,ALLOW
9237,0.000000,0.000000,0.648626,ALLOW
9238,0.000000,0.000000,0.762564,ALLOW
9239,0.000000,0.000000,0.844860,ALLOW
9240,0.000000,0.000000,0.901085,ALLOW
9241,0.000000,0.000000,0.938038,ALLOW
9242,0.000000,0.000000,0.961676,ALLOW
9243,0.000000,0.000000,0.976510,ALLOW
9244,0.000000,0.000000,0.985694,ALLOW
9245,0.860004,1.000000,0.424003,PAUSE
9246,0.860004,0.000000,0.179261,PAUSE
9247,0.000000,1.000000,0.081831,PAUSE
9248,0.000000,0.000000,0.084557,PAUSE
9249,0.000000,0.000000,0.171855,PAUSE
9250,0.000000,0.000000,0.317198,PAUSE
9251,0.000000,0.000000,0.480396,PAUSE
9252,0.000000,0.000000,0.628983,ALLOW
9253,0.000000,0.000000,0.747551,ALLOW
9254,0.000000,0.000000,0.834234,ALLOW
9255,0.860004,1.000000,0.361586,PAUSE
9256,0.000000,1.000000,0.149373,PAUSE
9257,0.000000,0.000000,0.092609,PAUSE
9258,0.000000,0.000000,0.142061,PAUSE
9259,0.000000,0.000000,0.267695,PAUSE
9260,0.000000,0.000000,0.427461,PAUSE
9261,0.860004,1.000000,0.191486,PAUSE
9262,0.000000,1.000000,0.080534,PAUSE
9263,0.000000,0.000000,0.061626,PAUSE
9264,0.000000,0.000000,0.122910,PAUSE
9265,0.000000,0.000000,0.251786,PAUSE
9266,0.000000,0.000000,0.413519,PAUSE
9267,0.000000,0.000000,0.571312,ALLOW
9268,0.000000,0.000000,0.703111,ALLOW
9269,0.000000,0.000000,0.802498,ALLOW
9270,0.000000,0.000000,0.872429,ALLOW
9271,0.000000,0.000000,0.919339,ALLOW
9272,0.000000,0.000000,0.949776,ALLOW
9273,0.000000,0.000000,0.969069,ALLOW
9274,0.000000,0.000000,0.981099,ALLOW
9275,0.000000,0.000000,0.988514,ALLOW
9276,0.000000,0.000000,0.993047,ALLOW
9277,0.000000,0.000000,0.995803,ALLOW
9278,0.000000,0.000000,0.997471,ALLOW
9279,0.000000,0.000000,0.998478,ALLOW
9280,0.860004,1.000000,0.429248,PAUSE
9281,0.000000,1.000000,0.176636,PAUSE
9282,0.860004,1.000000,0.072331,PAUSE
9283,0.000000,1.000000,0.029809,PAUSE
9284,0.000000,0.000000,0.023866,PAUSE
9285,0.000000,0.000000,0.066761,PAUSE
9286,0.860004,1.000000,0.033997,PAUSE
9287,0.000000,1.000000,0.015718,PAUSE
9288,0.000000,0.000000,0.026560,PAUSE
9289,0.000000,0.000000,0.089223,PAUSE
9290,0.000000,0.000000,0.212908,PAUSE
9291,0.000000,0.000000,0.373810,PAUSE
9292,0.000000,0.000000,0.536318,ALLOW
9293,0.000000,0.000000,0.675578,ALLOW
9294,0.000000,0.000000,0.782514,ALLOW
9295,0.000000,0.000000,0.858721,ALLOW
9296,0.860004,1.000000,0.371708,PAUSE
9297,0.860004,0.000000,0.158246,PAUSE
9298,0.000000,0.000000,0.113373,PAUSE
9299,0.000000,0.000000,0.180566,PAUSE
9300,0.000000,0.000000,0.317629,PAUSE
9301,0.000000,1.000000,0.150604,PAUSE
9302,0.000000,0.000000,0.146238,PAUSE
9303,0.000000,0.000000,0.245542,PAUSE
9304,0.000000,0.000000,0.396363,PAUSE
9305,0.000000,0.000000,0.552929,ALLOW
9306,0.000000,0.000000,0.687628,ALLOW
9307,0.000000,0.000000,0.790930,ALLOW
9308,0.000000,0.000000,0.864383,ALLOW
9309,0.000000,0.000000,0.913996,ALLOW
9310,0.000000,0.000000,0.946337,ALLOW
9311,0.000000,0.000000,0.966903,ALLOW
9312,0.000000,0.000000,0.979755,ALLOW
9313,0.000000,0.000000,0.987688,ALLOW
9314,0.000000,0.000000,0.992543,ALLOW
9315,0.860004,1.000000,0.426814,PAUSE
9316,0.000000,1.000000,0.175656,PAUSE
9317,0.000000,0.000000,0.103912,PAUSE
9318,0.000000,0.000000,0.148090,PAUSE
9319,0.860004,1.000000,0.069825,PAUSE
9320,0.000000,0.000000,0.081162,PAUSE
9321,0.000000,1.000000,0.039448,PAUSE
9322,0.000000,0.000000,0.057247,PAUSE
9323,0.000000,0.000000,0.143648,PAUSE
9324,0.000000,0.000000,0.286753,PAUSE
9325,0.000000,0.000000,0.451597,PAUSE
9326,0.000000,0.000000,0.605022,ALLOW
9327,0.000000,0.000000,0.729442,ALLOW
9328,0.000000,0.000000,0.821452,ALLOW
9329,0.000000,0.000000,0.885338,ALLOW
9330,0.000000,0.000000,0.927803,ALLOW
9331,0.000000,0.000000,0.955180,ALLOW
9332,0.860004,1.000000,0.411466,PAUSE
9333,0.000000,0.000000,0.262809,PAUSE
9334,0.000000,0.000000,0.307699,PAUSE
9335,0.860004,0.000000,0.149098,PAUSE
9336,0.000000,1.000000,0.079846,PAUSE
9337,0.000000,0.000000,0.110383,PAUSE
9338,0.000000,0.000000,0.221164,PAUSE
9339,0.000000,0.000000,0.376908,PAUSE
9340,0.000000,0.000000,0.537394,ALLOW
9341,0.000000,0.000000,0.675891,ALLOW
9342,0.000000,0.000000,0.782561,ALLOW
9343,0.000000,0.000000,0.858690,ALLOW
9344,0.000000,0.000000,0.910259,ALLOW
9345,0.000000,0.000000,0.943946,ALLOW
9346,0.000000,0.000000,0.965402,ALLOW
9347,0.000000,0.000000,0.978825,ALLOW
9348,0.000000,0.000000,0.987117,ALLOW
9349,0.000000,0.000000,0.992196,ALLOW
9350,0.860004,1.000000,0.426671,PAUSE
9351,0.000000,1.000000,0.175598,PAUSE
9352,0.000000,0.000000,0.103888,PAUSE
9353,0.000000,0.000000,0.148078,PAUSE
9354,0.000000,0.000000,0.271910,PAUSE
9355,0.000000,0.000000,0.430794,PAUSE
9356,0.000000,0.000000,0.585363,ALLOW
9357,0.000000,0.000000,0.713723,ALLOW
9358,0.000000,0.000000,0.810026,ALLOW
9359,0.000000,0.000000,0.877521,ALLOW
9360,0.000000,0.000000,0.922666,ALLOW
9361,0.000000,0.000000,0.951897,ALLOW
9362,0.000000,0.000000,0.970397,ALLOW
9363,0.000000,0.000000,0.981920,ALLOW
9364,0.000000,0.000000,0.989017,ALLOW
9365,0.860004,1.000000,0.425367,PAUSE
9366,0.000000,1.000000,0.175073,PAUSE
9367,0.860004,1.000000,0.071704,PAUSE
9368,0.860004,0.000000,0.034218,PAUSE
9369,0.000000,0.000000,0.049762,PAUSE
9370,0.000000,0.000000,0.130971,PAUSE
9371,0.000000,1.000000,0.066328,PAUSE
9372,0.000000,0.000000,0.089308,PAUSE
9373,0.000000,0.000000,0.190585,PAUSE
9374,0.000000,0.000000,0.342445,PAUSE
9375,0.000000,0.000000,0.505443,ALLOW
9376,0.000000,0.000000,0.649992,ALLOW
9377,0.000000,0.000000,0.763404,ALLOW
9378,0.000000,0.000000,0.845384,ALLOW
9379,0.000000,0.000000,0.901412,ALLOW
9380,0.860004,1.000000,0.389326,PAUSE
9381,0.000000,1.000000,0.160557,PAUSE
9382,0.000000,0.000000,0.097447,PAUSE
9383,0.000000,0.000000,0.144693,PAUSE
9384,0.000000,0.000000,0.269587,PAUSE
9385,0.000000,0.000000,0.428983,PAUSE
9386,0.000000,0.000000,0.583960,ALLOW
9387,0.000000,0.000000,0.712689,ALLOW
9388,0.000000,0.000000,0.809302,ALLOW
9389,0.000000,0.000000,0.877035,ALLOW
9390,0.000000,0.000000,0.922350,ALLOW
9391,0.000000,0.000000,0.951696,ALLOW
9392,0.000000,0.000000,0.970272,ALLOW
9393,0.000000,0.000000,0.981843,ALLOW
9394,0.000000,0.000000,0.988970,ALLOW
9395,0.000000,0.000000,0.993325,ALLOW
9396,0.000000,0.000000,0.995971,ALLOW
9397,0.000000,0.000000,0.997573,ALLOW
9398,0.000000,0.000000,0.998539,ALLOW
9399,0.000000,0.000000,0.999122,ALLOW
9400,0.000000,0.000000,0.999472,ALLOW
9401,0.000000,0.000000,0.999683,ALLOW
9402,0.000000,0.000000,0.999810,ALLOW
9403,0.000000,0.000000,0.999886,ALLOW
9404,0.000000,0.000000,0.999931,ALLOW
9405,0.000000,0.000000,0.999959,ALLOW
9406,0.000000,0.000000,0.999975,ALLOW
9407,0.000000,0.000000,0.999985,ALLOW
9408,0.860004,1.000000,0.429866,PAUSE
9409,0.000000,0.000000,0.271126,PAUSE
9410,0.000000,0.000000,0.312207,PAUSE
9411,0.000000,1.000000,0.140509,PAUSE
9412,0.000000,0.000000,0.123434,PAUSE
9413,0.000000,0.000000,0.210735,PAUSE
9414,0.000000,0.000000,0.357155,PAUSE
9415,0.000000,0.000000,0.516822,ALLOW
9416,0.000000,0.000000,0.658538,ALLOW
9417,0.000000,0.000000,0.769512,ALLOW
9418,0.000000,0.000000,0.849557,ALLOW
9419,0.000000,0.000000,0.904163,ALLOW
9420,0.000000,0.000000,0.940008,ALLOW
9421,0.000000,0.000000,0.962913,ALLOW
9422,0.000000,0.000000,0.977277,ALLOW
9423,0.000000,0.000000,0.986165,ALLOW
9424,0.000000,0.000000,0.991614,ALLOW
9425,0.000000,0.000000,0.994933,ALLOW
9426,0.000000,0.000000,0.996945,ALLOW
9427,0.000000,0.000000,0.998161,ALLOW
9428,0.000000,0.000000,0.998894,ALLOW
9429,0.000000,0.000000,0.999335,ALLOW
9430,0.000000,0.000000,0.999601,ALLOW
9431,0.860004,1.000000,0.429709,PAUSE
9432,0.000000,0.000000,0.271055,PAUSE
9433,0.000000,0.000000,0.312169,PAUSE
9434,0.860004,0.000000,0.150908,PAUSE
9435,0.000000,0.000000,0.151700,PAUSE
9436,0.000000,1.000000,0.084336,PAUSE
9437,0.000000,0.000000,0.119959,PAUSE
9438,0.000000,0.000000,0.235327,PAUSE
9439,0.000000,0.000000,0.392562,PAUSE
9440,0.000000,0.000000,0.551634,ALLOW
9441,0.860004,1.000000,0.243885,PAUSE
9442,0.000000,0.000000,0.182846,PAUSE
9443,0.000000,0.000000,0.259263,PAUSE
9444,0.000000,0.000000,0.400970,PAUSE
9445,0.000000,0.000000,0.554071,ALLOW
9446,0.860004,0.000000,0.258575,PAUSE
9447,0.860004,0.000000,0.111967,PAUSE
9448,0.000000,0.000000,0.091566,PAUSE
9449,0.000000,0.000000,0.166431,PAUSE
9450,0.000000,0.000000,0.306034,PAUSE
9451,0.000000,1.000000,0.151704,PAUSE
9452,0.000000,0.000000,0.158698,PAUSE
9453,0.000000,0.000000,0.265799,PAUSE
9454,0.860004,1.000000,0.121879,PAUSE
9455,0.000000,0.000000,0.115811,PAUSE
9456,0.000000,1.000000,0.054346,PAUSE
9457,0.000000,0.000000,0.066801,PAUSE
9458,0.000000,0.000000,0.153646,PAUSE
9459,0.000000,0.000000,0.297718,PAUSE
9460,0.000000,0.000000,0.462087,PAUSE
9461,0.000000,0.000000,0.613815,ALLOW
9462,0.000000,0.000000,0.736120,ALLOW
9463,0.000000,0.000000,0.826182,ALLOW
9464,0.000000,0.000000,0.888528,ALLOW
9465,0.000000,0.000000,0.929880,ALLOW
9466,0.000000,0.000000,0.956501,ALLOW
9467,0.000000,0.000000,0.973281,ALLOW
9468,0.000000,0.000000,0.983703,ALLOW
9469,0.000000,0.000000,0.990110,ALLOW
9470,0.000000,0.000000,0.994018,ALLOW
9471,0.000000,0.000000,0.996391,ALLOW
9472,0.860004,1.000000,0.428392,PAUSE
9473,0.000000,1.000000,0.176291,PAUSE
9474,0.860004,1.000000,0.072193,PAUSE
9475,0.000000,1.000000,0.029754,PAUSE
9476,0.000000,0.000000,0.023843,PAUSE
9477,0.860004,1.000000,0.012385,PAUSE
9478,0.000000,1.000000,0.006160,PAUSE
9479,0.000000,0.000000,0.016916,PAUSE
9480,0.860004,1.000000,0.009961,PAUSE
9481,0.000000,1.000000,0.005275,PAUSE
9482,0.000000,0.000000,0.017171,PAUSE
9483,0.000000,0.000000,0.072630,PAUSE
9484,0.000000,0.000000,0.188288,PAUSE
9485,0.000000,0.000000,0.346014,PAUSE
9486,0.000000,0.000000,0.510585,ALLOW
9487,0.000000,0.000000,0.654752,ALLOW
9488,0.000000,0.000000,0.767129,ALLOW
9489,0.000000,0.000000,0.848046,ALLOW
9490,0.000000,0.000000,0.903209,ALLOW
9491,0.860004,1.000000,0.390067,PAUSE
9492,0.000000,1.000000,0.160856,PAUSE
9493,0.000000,0.000000,0.097576,PAUSE
9494,0.000000,0.000000,0.144762,PAUSE
9495,0.860004,1.000000,0.068446,PAUSE
9496,0.860004,0.000000,0.035282,PAUSE
9497,0.000000,1.000000,0.021085,PAUSE
9498,0.860004,1.000000,0.010497,PAUSE
9499,0.000000,1.000000,0.005192,PAUSE
9500,0.860004,1.000000,0.002717,PAUSE
9501,0.000000,1.000000,0.001579,PAUSE
9502,0.000000,0.000000,0.009078,PAUSE
9503,0.000000,0.000000,0.050110,PAUSE
9504,0.000000,0.000000,0.149349,PAUSE
9505,0.000000,0.000000,0.298646,PAUSE
9506,0.000000,0.000000,0.464760,PAUSE
9507,0.000000,0.000000,0.616608,ALLOW
9508,0.000000,0.000000,0.738420,ALLOW
9509,0.860004,1.000000,0.321880,PAUSE
9510,0.000000,1.000000,0.133349,PAUSE
9511,0.000000,0.000000,0.085604,PAUSE
9512,0.000000,0.000000,0.138113,PAUSE
9513,0.860004,1.000000,0.065675,PAUSE
9514,0.000000,1.000000,0.028896,PAUSE
9515,0.000000,0.000000,0.034619,PAUSE
9516,0.000000,0.000000,0.098762,PAUSE
9517,0.000000,0.000000,0.225135,PAUSE
9518,0.000000,0.000000,0.386844,PAUSE
9519,0.000000,0.000000,0.548043,ALLOW
9520,0.860004,1.000000,0.242403,PAUSE
9521,0.000000,1.000000,0.101202,PAUSE
9522,0.000000,0.000000,0.071225,PAUSE
9523,0.000000,0.000000,0.129397,PAUSE
9524,0.000000,0.000000,0.257638,PAUSE
9525,0.860004,1.000000,0.118778,PAUSE
9526,0.000000,1.000000,0.050871,PAUSE
9527,0.860004,1.000000,0.021679,PAUSE
9528,0.000000,1.000000,0.009435,PAUSE
9529,0.000000,0.000000,0.014764,PAUSE
9530,0.000000,0.000000,0.060337,PAUSE
9531,0.000000,0.000000,0.166293,PAUSE
9532,0.000000,0.000000,0.319402,PAUSE
9533,0.000000,0.000000,0.485046,PAUSE
9534,0.000000,0.000000,0.633630,ALLOW
9535,0.860004,1.000000,0.278239,PAUSE
9536,0.860004,0.000000,0.120621,PAUSE
9537,0.000000,1.000000,0.057734,PAUSE
9538,0.860004,1.000000,0.025574,PAUSE
9539,0.000000,1.000000,0.011339,PAUSE
9540,0.000000,0.000000,0.018287,PAUSE
9541,0.000000,0.000000,0.069583,PAUSE
9542,0.000000,0.000000,0.181940,PAUSE
9543,0.000000,0.000000,0.338208,PAUSE
9544,0.860004,1.000000,0.153596,PAUSE
9545,0.000000,1.000000,0.065120,PAUSE
9546,0.000000,0.000000,0.054289,PAUSE
9547,0.000000,0.000000,0.117608,PAUSE
9548,0.000000,0.000000,0.246722,PAUSE
9549,0.000000,0.000000,0.408759,PAUSE
9550,0.000000,0.000000,0.567276,ALLOW
9551,0.000000,0.000000,0.699999,ALLOW
9552,0.000000,0.000000,0.800266,ALLOW
9553,0.860004,1.000000,0.347529,PAUSE
9554,0.000000,1.000000,0.143702,PAUSE
9555,0.000000,0.000000,0.090140,PAUSE
9556,0.000000,0.000000,0.140688,PAUSE
9557,0.000000,0.000000,0.266682,PAUSE
9558,0.000000,0.000000,0.426633,PAUSE
9559,0.860004,1.000000,0.191138,PAUSE
9560,0.000000,1.000000,0.080393,PAUSE
9561,0.000000,0.000000,0.061561,PAUSE
9562,0.000000,0.000000,0.122868,PAUSE
9563,0.000000,0.000000,0.251748,PAUSE
9564,0.000000,0.000000,0.413484,PAUSE
9565,0.000000,0.000000,0.571283,ALLOW
9566,0.000000,0.000000,0.703089,ALLOW
9567,0.860004,1.000000,0.307187,PAUSE
9568,0.000000,1.000000,0.127413,PAUSE
9569,0.000000,0.000000,0.082982,PAUSE
9570,0.000000,0.000000,0.136586,PAUSE
9571,0.000000,0.000000,0.263542,PAUSE
9572,0.000000,0.000000,0.424008,PAUSE
9573,0.000000,0.000000,0.579997,ALLOW
9574,0.000000,0.000000,0.709727,ALLOW
9575,0.000000,0.000000,0.807213,ALLOW
9576,0.860004,1.000000,0.350405,PAUSE
9577,0.000000,1.000000,0.144862,PAUSE
9578,0.860004,1.000000,0.059573,PAUSE
9579,0.000000,1.000000,0.024691,PAUSE
9580,0.860004,1.000000,0.010465,PAUSE
9581,0.000000,1.000000,0.004654,PAUSE
9582,0.000000,0.000000,0.010053,PAUSE
9583,0.000000,0.000000,0.049653,PAUSE
9584,0.000000,0.000000,0.147747,PAUSE
9585,0.000000,0.000000,0.296429,PAUSE
9586,0.000000,0.000000,0.462503,PAUSE
9587,0.000000,0.000000,0.614680,ALLOW
9588,0.000000,0.000000,0.736946,ALLOW
9589,0.860004,1.000000,0.321267,PAUSE
9590,0.000000,1.000000,0.133101,PAUSE
9591,0.000000,0.000000,0.085495,PAUSE
9592,0.000000,0.000000,0.138050,PAUSE
9593,0.000000,0.000000,0.264684,PAUSE
9594,0.000000,0.000000,0.424973,PAUSE
9595,0.000000,0.000000,0.580776,ALLOW
9596,0.000000,0.000000,0.710313,ALLOW
9597,0.000000,0.000000,0.807627,ALLOW
9598,0.000000,0.000000,0.875907,ALLOW
9599,0.860004,1.000000,0.378804,PAUSE
9600,0.000000,1.000000,0.156316,PAUSE
9601,0.000000,0.000000,0.095617,PAUSE
9602,0.000000,0.000000,0.143706,PAUSE
9603,0.000000,0.000000,0.268885,PAUSE
9604,0.860004,1.000000,0.123529,PAUSE
9605,0.000000,1.000000,0.052804,PAUSE
9606,0.000000,0.000000,0.048007,PAUSE
9607,0.000000,0.000000,0.112309,PAUSE
9608,0.860004,1.000000,0.054691,PAUSE
9609,0.000000,1.000000,0.024401,PAUSE
9610,0.000000,0.000000,0.032282,PAUSE
9611,0.000000,0.000000,0.096631,PAUSE
9612,0.000000,0.000000,0.222710,PAUSE
9613,0.000000,0.000000,0.384363,PAUSE
9614,0.000000,0.000000,0.545848,ALLOW
9615,0.000000,0.000000,0.683176,ALLOW
9616,0.000000,0.000000,0.788073,ALLOW
9617,0.000000,0.000000,0.862554,ALLOW
9618,0.000000,0.000000,0.912837,ALLOW
9619,0.000000,0.000000,0.945612,ALLOW
9620,0.000000,0.000000,0.966454,ALLOW
9621,0.860004,1.000000,0.416100,PAUSE
9622,0.000000,1.000000,0.171343,PAUSE
9623,0.000000,0.000000,0.102074,PAUSE
9624,0.860004,1.000000,0.046122,PAUSE
9625,0.000000,1.000000,0.020197,PAUSE
9626,0.000000,0.000000,0.026143,PAUSE
9627,0.000000,0.000000,0.083799,PAUSE
9628,0.000000,0.000000,0.203528,PAUSE
9629,0.000000,0.000000,0.362953,PAUSE
9630,0.000000,0.000000,0.526235,ALLOW
9631,0.000000,0.000000,0.667426,ALLOW
9632,0.000000,0.000000,0.776503,ALLOW
9633,0.000000,0.000000,0.854557,ALLOW
9634,0.000000,0.000000,0.907539,ALLOW
9635,0.000000,0.000000,0.942204,ALLOW
9636,0.000000,0.000000,0.964306,ALLOW
9637,0.000000,0.000000,0.978146,ALLOW
9638,0.000000,0.000000,0.986700,ALLOW
9639,0.860004,1.000000,0.424416,PAUSE
9640,0.860004,0.000000,0.179427,PAUSE
9641,0.000000,1.000000,0.081898,PAUSE
9642,0.000000,0.000000,0.084588,PAUSE
9643,0.860004,1.000000,0.040708,PAUSE
9644,0.000000,1.000000,0.018328,PAUSE
9645,0.000000,0.000000,0.027176,PAUSE
9646,0.000000,0.000000,0.088468,PAUSE
9647,0.000000,0.000000,0.211249,PAUSE
9648,0.000000,0.000000,0.371818,PAUSE
9649,0.860004,1.000000,0.167931,PAUSE
9650,0.000000,1.000000,0.070960,PAUSE
9651,0.860004,1.000000,0.029814,PAUSE
9652,0.000000,1.000000,0.012723,PAUSE
9653,0.860004,1.000000,0.005651,PAUSE
9654,0.000000,1.000000,0.002715,PAUSE
9655,0.000000,0.000000,0.009141,PAUSE
9656,0.000000,0.000000,0.048831,PAUSE
9657,0.860004,1.000000,0.025861,PAUSE
9658,0.000000,1.000000,0.012291,PAUSE
9659,0.000000,0.000000,0.024181,PAUSE
9660,0.000000,0.000000,0.085901,PAUSE
9661,0.000000,0.000000,0.208353,PAUSE
9662,0.000000,0.000000,0.368823,PAUSE
9663,0.000000,0.000000,0.531774,ALLOW
9664,0.000000,0.000000,0.671934,ALLOW
9665,0.000000,0.000000,0.779838,ALLOW
9666,0.860004,1.000000,0.339066,PAUSE
9667,0.000000,1.000000,0.140287,PAUSE
9668,0.000000,0.000000,0.088649,PAUSE
9669,0.000000,0.000000,0.139850,PAUSE
9670,0.000000,0.000000,0.266055,PAUSE
9671,0.000000,0.000000,0.426116,PAUSE
9672,0.000000,0.000000,0.581692,ALLOW
9673,0.860004,1.000000,0.256491,PAUSE
9674,0.000000,1.000000,0.106906,PAUSE
9675,0.000000,0.000000,0.073804,PAUSE
9676,0.000000,0.000000,0.131013,PAUSE
9677,0.000000,0.000000,0.259000,PAUSE
9678,0.000000,0.000000,0.420069,PAUSE
9679,0.000000,0.000000,0.576779,ALLOW
9680,0.000000,0.000000,0.707292,ALLOW
9681,0.000000,0.000000,0.805484,ALLOW
9682,0.000000,0.000000,0.874456,ALLOW
9683,0.860004,1.000000,0.378205,PAUSE
9684,0.860004,0.000000,0.160858,PAUSE
9685,0.000000,1.000000,0.074308,PAUSE
9686,0.000000,0.000000,0.081048,PAUSE
9687,0.000000,0.000000,0.169653,PAUSE
9688,0.000000,0.000000,0.315453,PAUSE
9689,0.000000,0.000000,0.478960,PAUSE
9690,0.000000,0.000000,0.627860,ALLOW
9691,0.000000,0.000000,0.746729,ALLOW
9692,0.000000,0.000000,0.833663,ALLOW
9693,0.000000,0.000000,0.893557,ALLOW
9694,0.000000,0.000000,0.933149,ALLOW
9695,0.000000,0.000000,0.958575,ALLOW
9696,0.860004,1.000000,0.412861,PAUSE
9697,0.000000,1.000000,0.170039,PAUSE
9698,0.000000,0.000000,0.101517,PAUSE
9699,0.000000,0.000000,0.146848,PAUSE
9700,0.000000,0.000000,0.271082,PAUSE
9701,0.860004,1.000000,0.124451,PAUSE
9702,0.000000,1.000000,0.053178,PAUSE
9703,0.000000,0.000000,0.048183,PAUSE
9704,0.000000,0.000000,0.112432,PAUSE
9705,0.000000,0.000000,0.241217,PAUSE
9706,0.000000,0.000000,0.403345,PAUSE
9707,0.860004,1.000000,0.181316,PAUSE
9708,0.000000,1.000000,0.076405,PAUSE
9709,0.860004,1.000000,0.032013,PAUSE
9710,0.860004,0.000000,0.018190,PAUSE
9711,0.000000,1.000000,0.010690,PAUSE
9712,0.000000,0.000000,0.031269,PAUSE
9713,0.860004,1.000000,0.017154,PAUSE
9714,0.000000,1.000000,0.008478,PAUSE
9715,0.860004,1.000000,0.004250,PAUSE
9716,0.000000,1.000000,0.002287,PAUSE
9717,0.000000,0.000000,0.010298,PAUSE
9718,0.000000,0.000000,0.053628,PAUSE
9719,0.860004,1.000000,0.028138,PAUSE
9720,0.000000,1.000000,0.013266,PAUSE
9721,0.000000,0.000000,0.024956,PAUSE
9722,0.000000,0.000000,0.087121,PAUSE
9723,0.860004,1.000000,0.043573,PAUSE
9724,0.000000,1.000000,0.019789,PAUSE
9725,0.000000,0.000000,0.029540,PAUSE
9726,0.000000,0.000000,0.093518,PAUSE
9727,0.000000,0.000000,0.218792,PAUSE
9728,0.000000,0.000000,0.380215,PAUSE
9729,0.000000,0.000000,0.542129,ALLOW
9730,0.000000,0.000000,0.680222,ALLOW
9731,0.000000,0.000000,0.785916,ALLOW
9732,0.000000,0.000000,0.861069,ALLOW
9733,0.860004,1.000000,0.372678,PAUSE
9734,0.000000,1.000000,0.153846,PAUSE
9735,0.860004,1.000000,0.063182,PAUSE
9736,0.000000,1.000000,0.026139,PAUSE
9737,0.860004,1.000000,0.011046,PAUSE
9738,0.000000,1.000000,0.004887,PAUSE
9739,0.000000,0.000000,0.010156,PAUSE
9740,0.000000,0.000000,0.049728,PAUSE
9741,0.860004,1.000000,0.026261,PAUSE
9742,0.000000,1.000000,0.012458,PAUSE
9743,0.000000,0.000000,0.024293,PAUSE
9744,0.860004,1.000000,0.013518,PAUSE
9745,0.000000,1.000000,0.006840,PAUSE
9746,0.000000,0.000000,0.018770,PAUSE
9747,0.860004,1.000000,0.010907,PAUSE
9748,0.000000,1.000000,0.005703,PAUSE
9749,0.860004,1.000000,0.003048,PAUSE
9750,0.860004,0.000000,0.005979,PAUSE
9751,0.000000,1.000000,0.005106,PAUSE
9752,0.000000,0.000000,0.025562,PAUSE
9753,0.000000,0.000000,0.096151,PAUSE
9754,0.000000,0.000000,0.225414,PAUSE
9755,0.000000,0.000000,0.388224,PAUSE
9756,0.000000,0.000000,0.549602,ALLOW
9757,0.000000,0.000000,0.686248,ALLOW
9758,0.000000,0.000000,0.790345,ALLOW
9759,0.860004,1.000000,0.343421,PAUSE
9760,0.000000,1.000000,0.142045,PAUSE
9761,0.000000,0.000000,0.089417,PAUSE
9762,0.000000,0.000000,0.140283,PAUSE
9763,0.860004,1.000000,0.066582,PAUSE
9764,0.000000,1.000000,0.029265,PAUSE
9765,0.000000,0.000000,0.034797,PAUSE
9766,0.000000,0.000000,0.098901,PAUSE
9767,0.000000,0.000000,0.225280,PAUSE
9768,0.000000,0.000000,0.386988,PAUSE
9769,0.000000,0.000000,0.548169,ALLOW
9770,0.000000,0.000000,0.685008,ALLOW
9771,0.000000,0.000000,0.789406,ALLOW
9772,0.860004,1.000000,0.343031,PAUSE
9773,0.000000,1.000000,0.141887,PAUSE
9774,0.000000,0.000000,0.089348,PAUSE
9775,0.000000,0.000000,0.140244,PAUSE
9776,0.000000,0.000000,0.266351,PAUSE
9777,0.000000,0.000000,0.426360,PAUSE
9778,0.000000,0.000000,0.581887,ALLOW
9779,0.000000,0.000000,0.711146,ALLOW
9780,0.860004,1.000000,0.310535,PAUSE
9781,0.860004,0.000000,0.133632,PAUSE
9782,0.000000,1.000000,0.063113,PAUSE
9783,0.860004,1.000000,0.027753,PAUSE
9784,0.000000,1.000000,0.012218,PAUSE
9785,0.000000,0.000000,0.018693,PAUSE
9786,0.000000,0.000000,0.069893,PAUSE
9787,0.860004,1.000000,0.035641,PAUSE
9788,0.860004,0.000000,0.021299,PAUSE
9789,0.860004,0.000000,0.011678,PAUSE
9790,0.000000,1.000000,0.016325,PAUSE
9791,0.860004,1.000000,0.009337,PAUSE
9792,0.860004,0.000000,0.006848,PAUSE
9793,0.000000,1.000000,0.007069,PAUSE
9794,0.000000,0.000000,0.033957,PAUSE
9795,0.000000,0.000000,0.115245,PAUSE
9796,0.000000,0.000000,0.252900,PAUSE
9797,0.000000,0.000000,0.417821,PAUSE
9798,0.000000,0.000000,0.576028,ALLOW
9799,0.860004,1.000000,0.254144,PAUSE
9800,0.000000,1.000000,0.105959,PAUSE
9801,0.000000,0.000000,0.073387,PAUSE
9802,0.000000,0.000000,0.130771,PAUSE
9803,0.000000,0.000000,0.258811,PAUSE
9804,0.000000,0.000000,0.419909,PAUSE
9805,0.000000,0.000000,0.576650,ALLOW
9806,0.000000,0.000000,0.707194,ALLOW
9807,0.000000,0.000000,0.805415,ALLOW
9808,0.000000,0.000000,0.874410,ALLOW
9809,0.000000,0.000000,0.920636,ALLOW
9810,0.000000,0.000000,0.950604,ALLOW
9811,0.000000,0.000000,0.969588,ALLOW
9812,0.000000,0.000000,0.981420,ALLOW
9813,0.860004,1.000000,0.422248,PAUSE
9814,0.000000,1.000000,0.173818,PAUSE
9815,0.000000,0.000000,0.103130,PAUSE
9816,0.000000,0.000000,0.147687,PAUSE
9817,0.000000,0.000000,0.271650,PAUSE
9818,0.860004,1.000000,0.124688,PAUSE
9819,0.860004,0.000000,0.058447,PAUSE
9820,0.000000,1.000000,0.031486,PAUSE
9821,0.000000,0.000000,0.057946,PAUSE
9822,0.860004,1.000000,0.029522,PAUSE
9823,0.000000,1.000000,0.013758,PAUSE
9824,0.000000,0.000000,0.024784,PAUSE
9825,0.000000,0.000000,0.086181,PAUSE
9826,0.000000,0.000000,0.208518,PAUSE
9827,0.860004,1.000000,0.097623,PAUSE
9828,0.000000,1.000000,0.042212,PAUSE
9829,0.860004,1.000000,0.018168,PAUSE
9830,0.000000,1.000000,0.008014,PAUSE
9831,0.000000,0.000000,0.014053,PAUSE
9832,0.000000,0.000000,0.059628,PAUSE
9833,0.000000,0.000000,0.165342,PAUSE
9834,0.000000,0.000000,0.318309,PAUSE
9835,0.000000,0.000000,0.484004,PAUSE
9836,0.000000,0.000000,0.632767,ALLOW
9837,0.000000,0.000000,0.750657,ALLOW
9838,0.000000,0.000000,0.836508,ALLOW
9839,0.000000,0.000000,0.895494,ALLOW
9840,0.000000,0.000000,0.934416,ALLOW
9841,0.000000,0.000000,0.959383,ALLOW
9842,0.000000,0.000000,0.975081,ALLOW
9843,0.000000,0.000000,0.984814,ALLOW
9844,0.000000,0.000000,0.990789,ALLOW
9845,0.000000,0.000000,0.994432,ALLOW
9846,0.000000,0.000000,0.996642,ALLOW
9847,0.000000,0.000000,0.997978,ALLOW
9848,0.000000,0.000000,0.998784,ALLOW
9849,0.000000,0.000000,0.999269,ALLOW
9850,0.000000,0.000000,0.999561,ALLOW
9851,0.000000,0.000000,0.999736,ALLOW
9852,0.000000,0.000000,0.999842,ALLOW
9853,0.000000,0.000000,0.999905,ALLOW
9854,0.000000,0.000000,0.999943,ALLOW
9855,0.000000,0.000000,0.999966,ALLOW
9856,0.000000,0.000000,0.999979,ALLOW
9857,0.000000,0.000000,0.999988,ALLOW
9858,0.000000,0.000000,0.999993,ALLOW
9859,0.860004,1.000000,0.429869,PAUSE
9860,0.000000,0.000000,0.271127,PAUSE
9861,0.000000,0.000000,0.312208,PAUSE
9862,0.000000,0.000000,0.438738,PAUSE
9863,0.860004,0.000000,0.208038,PAUSE
9864,0.000000,0.000000,0.187622,PAUSE
9865,0.000000,0.000000,0.285184,PAUSE
9866,0.000000,0.000000,0.433787,PAUSE
9867,0.000000,0.000000,0.584775,ALLOW
9868,0.000000,1.000000,0.262892,PAUSE
9869,0.000000,0.000000,0.202553,PAUSE
9870,0.000000,0.000000,0.282573,PAUSE
9871,0.000000,0.000000,0.424841,PAUSE
9872,0.000000,0.000000,0.575068,ALLOW
9873,0.860004,1.000000,0.253628,PAUSE
9874,0.000000,0.000000,0.187555,PAUSE
9875,0.000000,0.000000,0.262208,PAUSE
9876,0.000000,0.000000,0.403163,PAUSE
9877,0.000000,0.000000,0.555755,ALLOW
9878,0.000000,1.000000,0.245529,PAUSE
9879,0.000000,0.000000,0.183494,PAUSE
9880,0.000000,0.000000,0.259510,PAUSE
9881,0.000000,0.000000,0.401057,PAUSE
9882,0.000000,0.000000,0.554096,ALLOW
9883,0.860004,1.000000,0.244837,PAUSE
9884,0.000000,0.000000,0.183154,PAUSE
9885,0.000000,0.000000,0.259291,PAUSE
9886,0.000000,0.000000,0.400890,PAUSE
9887,0.000000,0.000000,0.553966,ALLOW
9888,0.000000,1.000000,0.244783,PAUSE
9889,0.000000,0.000000,0.183127,PAUSE
9890,0.000000,0.000000,0.259274,PAUSE
9891,0.000000,0.000000,0.400877,PAUSE
9892,0.000000,0.000000,0.553956,ALLOW
9893,0.000000,0.000000,0.687487,ALLOW
9894,0.000000,0.000000,0.790507,ALLOW
9895,0.000000,0.000000,0.863980,ALLOW
9896,0.000000,0.000000,0.913689,ALLOW
9897,0.000000,0.000000,0.946125,ALLOW
9898,0.000000,0.000000,0.966764,ALLOW
9899,0.000000,0.000000,0.979666,ALLOW
9900,0.000000,0.000000,0.987633,ALLOW
9901,0.000000,0.000000,0.992509,ALLOW
9902,0.000000,0.000000,0.995476,ALLOW
9903,0.000000,0.000000,0.997274,ALLOW
9904,0.860004,1.000000,0.428754,PAUSE
9905,0.000000,0.000000,0.270626,PAUSE
9906,0.000000,0.000000,0.311941,PAUSE
9907,0.000000,0.000000,0.438569,PAUSE
9908,0.000000,1.000000,0.195675,PAUSE
9909,0.000000,0.000000,0.156807,PAUSE
9910,0.000000,0.000000,0.239859,PAUSE
9911,0.000000,0.000000,0.384509,PAUSE
9912,0.860004,1.000000,0.173058,PAUSE
9913,0.860004,0.000000,0.078644,PAUSE
9914,0.000000,0.000000,0.081084,PAUSE
9915,0.000000,0.000000,0.166922,PAUSE
9916,0.000000,0.000000,0.311378,PAUSE
9917,0.000000,0.000000,0.474774,PAUSE
9918,0.000000,1.000000,0.215353,PAUSE
9919,0.860004,1.000000,0.090626,PAUSE
9920,0.860004,0.000000,0.044858,PAUSE
9921,0.000000,0.000000,0.064952,PAUSE
9922,0.000000,0.000000,0.156169,PAUSE
9923,0.000000,1.000000,0.078305,PAUSE
9924,0.000000,0.000000,0.099097,PAUSE
9925,0.000000,0.000000,0.201784,PAUSE
9926,0.000000,0.000000,0.354368,PAUSE
9927,0.860004,1.000000,0.160398,PAUSE
9928,0.000000,1.000000,0.067881,PAUSE
9929,0.000000,0.000000,0.055580,PAUSE
9930,0.860004,1.000000,0.027025,PAUSE
9931,0.860004,0.000000,0.017625,PAUSE
9932,0.000000,0.000000,0.047914,PAUSE
9933,0.000000,1.000000,0.029690,PAUSE
9934,0.000000,0.000000,0.064913,PAUSE
9935,0.000000,0.000000,0.165927,PAUSE
9936,0.000000,0.000000,0.316904,PAUSE
9937,0.000000,0.000000,0.482049,PAUSE
9938,0.000000,0.000000,0.630955,ALLOW
9939,0.000000,0.000000,0.749233,ALLOW
9940,0.000000,0.000000,0.835485,ALLOW
9941,0.000000,0.000000,0.894800,ALLOW
9942,0.000000,0.000000,0.933964,ALLOW
9943,0.000000,0.000000,0.959095,ALLOW
9944,0.000000,0.000000,0.974901,ALLOW
9945,0.000000,0.000000,0.984703,ALLOW
9946,0.860004,1.000000,0.423596,PAUSE
9947,0.860004,0.000000,0.179095,PAUSE
9948,0.000000,1.000000,0.081763,PAUSE
9949,0.000000,0.000000,0.084526,PAUSE
9950,0.000000,0.000000,0.171837,PAUSE
9951,0.000000,0.000000,0.317184,PAUSE
9952,0.000000,0.000000,0.480385,PAUSE
9953,0.860004,1.000000,0.213902,PAUSE
9954,0.000000,0.000000,0.167542,PAUSE
9955,0.000000,0.000000,0.248772,PAUSE
9956,0.860004,0.000000,0.124487,PAUSE
9957,0.000000,0.000000,0.138879,PAUSE
9958,0.000000,1.000000,0.078632,PAUSE
9959,0.000000,0.000000,0.116410,PAUSE
9960,0.860004,1.000000,0.055809,PAUSE
9961,0.000000,0.000000,0.071392,PAUSE
9962,0.000000,0.000000,0.162136,PAUSE
9963,0.000000,1.000000,0.076983,PAUSE
9964,0.000000,0.000000,0.088544,PAUSE
9965,0.000000,0.000000,0.182714,PAUSE
9966,0.860004,1.000000,0.085947,PAUSE
9967,0.000000,0.000000,0.094197,PAUSE
9968,0.000000,1.000000,0.045169,PAUSE
9969,0.000000,0.000000,0.061314,PAUSE
9970,0.000000,0.000000,0.148356,PAUSE
9971,0.000000,0.000000,0.292129,PAUSE
9972,0.860004,1.000000,0.133778,PAUSE
9973,0.000000,1.000000,0.057023,PAUSE
9974,0.000000,0.000000,0.050261,PAUSE
9975,0.000000,0.000000,0.114380,PAUSE
9976,0.000000,0.000000,0.243404,PAUSE
9977,0.000000,0.000000,0.405539,PAUSE
9978,0.000000,0.000000,0.564507,ALLOW
9979,0.000000,0.000000,0.697850,ALLOW
9980,0.000000,0.000000,0.798719,ALLOW
9981,0.860004,1.000000,0.346889,PAUSE
9982,0.000000,0.000000,0.232927,PAUSE
9983,0.000000,1.000000,0.103005,PAUSE
9984,0.000000,0.000000,0.092123,PAUSE
9985,0.000000,0.000000,0.173433,PAUSE
9986,0.000000,0.000000,0.316261,PAUSE
9987,0.860004,1.000000,0.144038,PAUSE
9988,0.000000,1.000000,0.061202,PAUSE
9989,0.860004,1.000000,0.025865,PAUSE
9990,0.860004,0.000000,0.015740,PAUSE
9991,0.000000,0.000000,0.041812,PAUSE
9992,0.000000,0.000000,0.126756,PAUSE
9993,0.000000,1.000000,0.064302,PAUSE
9994,0.000000,0.000000,0.087575,PAUSE
9995,0.000000,0.000000,0.188521,PAUSE
9996,0.000000,0.000000,0.340204,PAUSE
9997,0.000000,0.000000,0.503370,ALLOW
9998,0.000000,0.000000,0.648304,ALLOW
9999,0.000000,0.000000,0.762149,ALLOW
10000,0.000000,0.000000,0.844510,ALLOW
10001,0.000000,0.000000,0.900829,ALLOW
10002,0.860004,1.000000,0.389085,PAUSE
10003,0.000000,1.000000,0.160460,PAUSE
10004,0.000000,0.000000,0.097405,PAUSE
10005,0.000000,0.000000,0.144671,PAUSE
10006,0.860004,1.000000,0.068408,PAUSE
10007,0.000000,0.000000,0.080448,PAUSE
10008,0.000000,1.000000,0.039151,PAUSE
10009,0.000000,0.000000,0.057087,PAUSE
10010,0.860004,1.000000,0.028843,PAUSE
10011,0.000000,0.000000,0.049425,PAUSE
10012,0.860004,0.000000,0.035445,PAUSE
10013,0.000000,1.000000,0.025229,PAUSE
10014,0.000000,0.000000,0.064705,PAUSE
10015,0.000000,0.000000,0.168324,PAUSE
10016,0.000000,0.000000,0.320518,PAUSE
10017,0.000000,0.000000,0.485749,PAUSE
10018,0.000000,0.000000,0.634101,ALLOW
10019,0.860004,1.000000,0.278434,PAUSE
10020,0.000000,0.000000,0.200060,PAUSE
10021,0.000000,0.000000,0.270560,PAUSE
10022,0.000000,0.000000,0.409695,PAUSE
10023,0.000000,1.000000,0.183644,PAUSE
10024,0.860004,1.000000,0.077312,PAUSE
10025,0.000000,0.000000,0.059953,PAUSE
10026,0.000000,0.000000,0.121469,PAUSE
10027,0.000000,0.000000,0.250253,PAUSE
10028,0.860004,0.000000,0.131776,PAUSE
10029,0.000000,1.000000,0.072885,PAUSE
10030,0.000000,0.000000,0.107522,PAUSE
10031,0.000000,0.000000,0.219916,PAUSE
10032,0.860004,1.000000,0.102322,PAUSE
10033,0.000000,1.000000,0.044110,PAUSE
10034,0.000000,0.000000,0.043515,PAUSE
10035,0.000000,0.000000,0.108387,PAUSE
10036,0.000000,0.000000,0.236832,PAUSE
10037,0.000000,0.000000,0.398989,PAUSE
10038,0.000000,0.000000,0.558808,ALLOW
10039,0.000000,0.000000,0.693398,ALLOW
10040,0.000000,0.000000,0.795503,ALLOW
10041,0.000000,0.000000,0.867654,ALLOW
10042,0.000000,0.000000,0.916201,ALLOW
10043,0.000000,0.000000,0.947769,ALLOW
10044,0.000000,0.000000,0.967810,ALLOW
10045,0.000000,0.000000,0.980319,ALLOW
10046,0.000000,0.000000,0.988036,ALLOW
10047,0.860004,1.000000,0.424964,PAUSE
10048,0.000000,1.000000,0.174911,PAUSE
10049,0.000000,0.000000,0.103596,PAUSE
10050,0.000000,0.000000,0.147927,PAUSE
10051,0.000000,0.000000,0.271810,PAUSE
10052,0.000000,0.000000,0.430717,PAUSE
10053,0.000000,0.000000,0.585304,ALLOW
10054,0.860004,1.000000,0.257998,PAUSE
10055,0.860004,0.000000,0.112458,PAUSE
10056,0.000000,1.000000,0.054341,PAUSE
10057,0.000000,0.000000,0.071165,PAUSE
10058,0.000000,0.000000,0.162634,PAUSE
10059,0.000000,0.000000,0.309312,PAUSE
10060,0.860004,1.000000,0.141146,PAUSE
10061,0.000000,1.000000,0.060031,PAUSE
10062,0.000000,0.000000,0.051751,PAUSE
10063,0.000000,0.000000,0.115566,PAUSE
10064,0.000000,0.000000,0.244619,PAUSE
10065,0.000000,0.000000,0.406717,PAUSE
10066,0.000000,0.000000,0.565521,ALLOW
10067,0.000000,0.000000,0.698637,ALLOW
10068,0.000000,0.000000,0.799286,ALLOW
10069,0.000000,0.000000,0.870240,ALLOW
10070,0.000000,0.000000,0.917902,ALLOW
10071,0.000000,0.000000,0.948858,ALLOW
10072,0.000000,0.000000,0.968493,ALLOW
10073,0.000000,0.000000,0.980743,ALLOW
10074,0.000000,0.000000,0.988296,ALLOW
10075,0.000000,0.000000,0.992914,ALLOW
10076,0.000000,0.000000,0.995722,ALLOW
10077,0.000000,0.000000,0.997422,ALLOW
10078,0.000000,0.000000,0.998449,ALLOW
10079,0.860004,1.000000,0.429236,PAUSE
10080,0.000000,1.000000,0.176631,PAUSE
10081,0.000000,0.000000,0.104327,PAUSE
10082,0.000000,0.000000,0.148302,PAUSE
10083,0.000000,0.000000,0.272059,PAUSE
10084,0.000000,0.000000,0.430907,PAUSE
10085,0.000000,0.000000,0.585449,ALLOW
10086,0.000000,0.000000,0.713786,ALLOW
10087,0.000000,0.000000,0.810070,ALLOW
10088,0.000000,0.000000,0.877551,ALLOW
10089,0.000000,0.000000,0.922686,ALLOW
10090,0.000000,0.000000,0.951909,ALLOW
10091,0.000000,0.000000,0.970405,ALLOW
10092,0.000000,0.000000,0.981925,ALLOW
10093,0.000000,0.000000,0.989020,ALLOW
10094,0.000000,0.000000,0.993355,ALLOW
10095,0.000000,0.000000,0.995989,ALLOW
10096,0.000000,0.000000,0.997584,ALLOW
10097,0.000000,0.000000,0.998546,ALLOW
10098,0.000000,0.000000,0.999126,ALLOW
10099,0.000000,0.000000,0.999475,ALLOW
10100,0.000000,0.000000,0.999685,ALLOW
10101,0.000000,0.000000,0.999811,ALLOW
10102,0.860004,1.000000,0.429795,PAUSE
10103,0.860004,0.000000,0.181587,PAUSE
10104,0.000000,1.000000,0.082779,PAUSE
10105,0.860004,1.000000,0.035694,PAUSE
10106,0.000000,1.000000,0.015414,PAUSE
10107,0.860004,1.000000,0.006860,PAUSE
10108,0.000000,1.000000,0.003261,PAUSE
10109,0.000000,0.000000,0.010000,PAUSE
10110,0.000000,0.000000,0.051299,PAUSE
10111,0.000000,0.000000,0.151189,PAUSE
10112,0.000000,0.000000,0.300892,PAUSE
10113,0.000000,0.000000,0.466965,PAUSE
10114,0.000000,0.000000,0.618468,ALLOW
10115,0.000000,0.000000,0.739833,ALLOW
10116,0.000000,0.000000,0.828870,ALLOW
10117,0.000000,0.000000,0.890360,ALLOW
10118,0.000000,0.000000,0.931081,ALLOW
10119,0.000000,0.000000,0.957266,ALLOW
10120,0.000000,0.000000,0.973760,ALLOW
10121,0.860004,1.000000,0.419102,PAUSE
10122,0.000000,1.000000,0.172552,PAUSE
10123,0.000000,0.000000,0.102590,PAUSE
10124,0.000000,0.000000,0.147408,PAUSE
10125,0.000000,0.000000,0.271462,PAUSE
10126,0.000000,0.000000,0.430450,PAUSE
10127,0.860004,1.000000,0.192738,PAUSE
10128,0.000000,1.000000,0.081041,PAUSE
10129,0.000000,0.000000,0.061858,PAUSE
10130,0.000000,0.000000,0.123062,PAUSE
10131,0.000000,0.000000,0.251920,PAUSE
10132,0.000000,0.000000,0.413639,PAUSE
10133,0.000000,0.000000,0.571413,ALLOW
10134,0.000000,0.000000,0.703188,ALLOW
10135,0.860004,1.000000,0.307228,PAUSE
10136,0.860004,0.000000,0.132300,PAUSE
10137,0.000000,1.000000,0.062564,PAUSE
10138,0.000000,0.000000,0.075353,PAUSE
10139,0.000000,0.000000,0.165767,PAUSE
10140,0.000000,0.000000,0.312155,PAUSE
10141,0.000000,0.000000,0.476148,PAUSE
10142,0.000000,0.000000,0.625627,ALLOW
10143,0.000000,0.000000,0.745079,ALLOW
10144,0.000000,0.000000,0.832514,ALLOW
10145,0.000000,0.000000,0.892789,ALLOW
10146,0.860004,1.000000,0.385770,PAUSE
10147,0.000000,1.000000,0.159124,PAUSE
10148,0.000000,0.000000,0.096830,PAUSE
10149,0.000000,0.000000,0.144361,PAUSE
10150,0.000000,0.000000,0.269352,PAUSE
10151,0.000000,0.000000,0.428796,PAUSE
10152,0.000000,0.000000,0.583814,ALLOW
10153,0.000000,0.000000,0.712580,ALLOW
10154,0.000000,0.000000,0.809226,ALLOW
10155,0.000000,0.000000,0.876984,ALLOW
10156,0.000000,0.000000,0.922317,ALLOW
10157,0.860004,1.000000,0.397940,PAUSE
10158,0.000000,1.000000,0.164028,PAUSE
10159,0.000000,0.000000,0.098940,PAUSE
10160,0.000000,0.000000,0.145490,PAUSE
10161,0.000000,0.000000,0.270146,PAUSE
10162,0.000000,0.000000,0.429424,PAUSE
10163,0.860004,1.000000,0.192309,PAUSE
10164,0.000000,1.000000,0.080867,PAUSE
10165,0.000000,0.000000,0.061779,PAUSE
10166,0.860004,1.000000,0.029605,PAUSE
10167,0.000000,1.000000,0.013510,PAUSE
10168,0.000000,0.000000,0.022966,PAUSE
10169,0.000000,0.000000,0.081297,PAUSE
10170,0.000000,0.000000,0.200810,PAUSE
10171,0.000000,0.000000,0.360156,PAUSE
10172,0.000000,0.000000,0.523726,ALLOW
10173,0.000000,0.000000,0.665422,ALLOW
10174,0.000000,0.000000,0.775031,ALLOW
10175,0.000000,0.000000,0.853539,ALLOW
10176,0.000000,0.000000,0.906864,ALLOW
10177,0.860004,1.000000,0.391573,PAUSE
10178,0.000000,1.000000,0.161463,PAUSE
10179,0.000000,0.000000,0.097837,PAUSE
10180,0.000000,0.000000,0.144902,PAUSE
10181,0.860004,1.000000,0.068505,PAUSE
10182,0.000000,1.000000,0.030045,PAUSE
10183,0.000000,0.000000,0.035169,PAUSE
10184,0.000000,0.000000,0.099181,PAUSE
10185,0.000000,0.000000,0.225564,PAUSE
10186,0.000000,0.000000,0.387266,PAUSE
10187,0.000000,0.000000,0.548411,ALLOW
10188,0.000000,0.000000,0.685198,ALLOW
10189,0.000000,0.000000,0.789544,ALLOW
10190,0.860004,1.000000,0.343088,PAUSE
10191,0.860004,0.000000,0.146735,PAUSE
10192,0.860004,0.000000,0.062473,PAUSE
10193,0.000000,1.000000,0.040311,PAUSE
10194,0.000000,0.000000,0.082566,PAUSE
10195,0.000000,0.000000,0.193249,PAUSE
10196,0.000000,0.000000,0.349003,PAUSE
10197,0.000000,0.000000,0.512609,ALLOW
10198,0.000000,0.000000,0.656162,ALLOW
10199,0.000000,0.000000,0.768097,ALLOW
10200,0.860004,1.000000,0.334196,PAUSE
10201,0.000000,1.000000,0.138321,PAUSE
10202,0.000000,0.000000,0.087787,PAUSE
10203,0.000000,0.000000,0.139361,PAUSE
10204,0.000000,0.000000,0.265685,PAUSE
10205,0.000000,0.000000,0.425809,PAUSE
10206,0.000000,0.000000,0.581446,ALLOW
10207,0.000000,0.000000,0.710816,ALLOW
10208,0.860004,1.000000,0.310398,PAUSE
10209,0.000000,1.000000,0.128710,PAUSE
10210,0.000000,0.000000,0.083554,PAUSE
10211,0.000000,0.000000,0.136918,PAUSE
10212,0.000000,0.000000,0.263800,PAUSE
10213,0.000000,0.000000,0.424225,PAUSE
10214,0.000000,0.000000,0.580172,ALLOW
10215,0.000000,0.000000,0.709859,ALLOW
10216,0.000000,0.000000,0.807306,ALLOW
10217,0.000000,0.000000,0.875689,ALLOW
10218,0.000000,0.000000,0.921473,ALLOW
10219,0.000000,0.000000,0.951137,ALLOW
10220,0.000000,0.000000,0.969922,ALLOW
10221,0.000000,0.000000,0.981627,ALLOW
10222,0.000000,0.000000,0.988837,ALLOW
10223,0.000000,0.000000,0.993244,ALLOW
10224,0.000000,0.000000,0.995922,ALLOW
10225,0.000000,0.000000,0.997543,ALLOW
10226,0.000000,0.000000,0.998522,ALLOW
10227,0.000000,0.000000,0.999111,ALLOW
10228,0.860004,1.000000,0.429508,PAUSE
10229,0.000000,1.000000,0.176740,PAUSE
10230,0.000000,0.000000,0.104373,PAUSE
10231,0.000000,0.000000,0.148326,PAUSE
10232,0.000000,0.000000,0.272075,PAUSE
10233,0.860004,1.000000,0.124866,PAUSE
10234,0.860004,0.000000,0.058519,PAUSE
10235,0.000000,1.000000,0.031516,PAUSE
10236,0.860004,1.000000,0.014865,PAUSE
10237,0.860004,0.000000,0.009808,PAUSE
10238,0.000000,1.000000,0.007927,PAUSE
10239,0.000000,0.000000,0.032871,PAUSE
10240,0.000000,0.000000,0.111983,PAUSE
10241,0.000000,0.000000,0.248126,PAUSE
10242,0.000000,0.000000,0.412713,PAUSE
10243,0.000000,0.000000,0.571502,ALLOW
10244,0.000000,0.000000,0.703546,ALLOW
10245,0.860004,1.000000,0.307382,PAUSE
10246,0.860004,0.000000,0.132142,PAUSE
10247,0.860004,0.000000,0.056562,PAUSE
10248,0.000000,1.000000,0.037784,PAUSE
10249,0.000000,0.000000,0.081134,PAUSE
10250,0.000000,0.000000,0.192065,PAUSE
10251,0.000000,0.000000,0.347907,PAUSE
10252,0.000000,0.000000,0.511658,ALLOW
10253,0.000000,0.000000,0.655410,ALLOW
10254,0.000000,0.000000,0.767546,ALLOW
10255,0.860004,1.000000,0.333968,PAUSE
10256,0.000000,1.000000,0.138229,PAUSE
10257,0.000000,0.000000,0.087747,PAUSE
10258,0.000000,0.000000,0.139338,PAUSE
10259,0.000000,0.000000,0.265667,PAUSE
10260,0.000000,0.000000,0.425794,PAUSE
10261,0.000000,0.000000,0.581435,ALLOW
10262,0.000000,0.000000,0.710807,ALLOW
10263,0.000000,0.000000,0.807977,ALLOW
10264,0.000000,0.000000,0.876142,ALLOW
10265,0.000000,0.000000,0.921768,ALLOW
10266,0.000000,0.000000,0.951326,ALLOW
10267,0.000000,0.000000,0.970040,ALLOW
10268,0.000000,0.000000,0.981700,ALLOW
10269,0.000000,0.000000,0.988882,ALLOW
10270,0.000000,0.000000,0.993271,ALLOW
10271,0.000000,0.000000,0.995938,ALLOW
10272,0.000000,0.000000,0.997553,ALLOW
10273,0.000000,0.000000,0.998528,ALLOW
10274,0.860004,1.000000,0.429269,PAUSE
10275,0.000000,1.000000,0.176644,PAUSE
10276,0.000000,0.000000,0.104332,PAUSE
10277,0.000000,0.000000,0.148305,PAUSE
10278,0.000000,0.000000,0.272061,PAUSE
10279,0.000000,0.000000,0.430908,PAUSE
10280,0.000000,0.000000,0.585450,ALLOW
10281,0.000000,0.000000,0.713787,ALLOW
10282,0.000000,0.000000,0.810071,ALLOW
10283,0.860004,1.000000,0.351587,PAUSE
10284,0.000000,1.000000,0.145339,PAUSE
10285,0.000000,0.000000,0.090853,PAUSE
10286,0.000000,0.000000,0.141085,PAUSE
10287,0.000000,0.000000,0.266975,PAUSE
10288,0.000000,0.000000,0.426873,PAUSE
10289,0.000000,0.000000,0.582295,ALLOW
10290,0.000000,0.000000,0.711450,ALLOW
10291,0.000000,0.000000,0.808431,ALLOW
10292,0.000000,0.000000,0.876448,ALLOW
10293,0.000000,0.000000,0.921968,ALLOW
10294,0.000000,0.000000,0.951453,ALLOW
10295,0.000000,0.000000,0.970119,ALLOW
10296,0.000000,0.000000,0.981749,ALLOW
10297,0.000000,0.000000,0.988912,ALLOW
10298,0.000000,0.000000,0.993290,ALLOW
10299,0.000000,0.000000,0.995950,ALLOW
10300,0.000000,0.000000,0.997560,ALLOW
10301,0.000000,0.000000,0.998532,ALLOW
10302,0.000000,0.000000,0.999117,ALLOW
10303,0.000000,0.000000,0.999470,ALLOW
10304,0.000000,0.000000,0.999682,ALLOW
10305,0.000000,0.000000,0.999809,ALLOW
10306,0.000000,0.000000,0.999885,ALLOW
10307,0.000000,0.000000,0.999931,ALLOW
10308,0.860004,1.000000,0.429844,PAUSE
10309,0.000000,1.000000,0.176875,PAUSE
10310,0.000000,0.000000,0.104431,PAUSE
10311,0.000000,0.000000,0.148355,PAUSE
10312,0.000000,0.000000,0.272094,PAUSE
10313,0.000000,0.000000,0.430933,PAUSE
10314,0.000000,0.000000,0.585469,ALLOW
10315,0.860004,1.000000,0.258066,PAUSE
10316,0.860004,0.000000,0.112485,PAUSE
10317,0.000000,1.000000,0.054353,PAUSE
10318,0.000000,0.000000,0.071171,PAUSE
10319,0.860004,1.000000,0.035148,PAUSE
10320,0.860004,0.000000,0.019690,PAUSE
10321,0.000000,1.000000,0.013792,PAUSE
10322,0.860004,1.000000,0.007386,PAUSE
10323,0.000000,1.000000,0.003891,PAUSE
10324,0.000000,0.000000,0.013975,PAUSE
10325,0.000000,0.000000,0.064163,PAUSE
10326,0.000000,0.000000,0.174218,PAUSE
10327,0.000000,0.000000,0.329337,PAUSE
10328,0.000000,0.000000,0.494724,PAUSE
10329,0.000000,0.000000,0.641699,ALLOW
10330,0.000000,0.000000,0.757381,ALLOW
10331,0.000000,0.000000,0.841232,ALLOW
10332,0.000000,0.000000,0.898659,ALLOW
10333,0.000000,0.000000,0.936469,ALLOW
10334,0.000000,0.000000,0.960683,ALLOW
10335,0.000000,0.000000,0.975891,ALLOW
10336,0.000000,0.000000,0.985313,ALLOW
10337,0.860004,1.000000,0.423847,PAUSE
10338,0.000000,1.000000,0.174462,PAUSE
10339,0.000000,0.000000,0.103404,PAUSE
10340,0.000000,0.000000,0.147829,PAUSE
10341,0.000000,0.000000,0.271744,PAUSE
10342,0.000000,0.000000,0.430667,PAUSE
10343,0.000000,0.000000,0.585266,ALLOW
10344,0.860004,1.000000,0.257982,PAUSE
10345,0.000000,1.000000,0.107509,PAUSE
10346,0.000000,0.000000,0.074074,PAUSE
10347,0.000000,0.000000,0.131177,PAUSE
10348,0.860004,1.000000,0.062760,PAUSE
10349,0.000000,1.000000,0.027709,PAUSE
10350,0.000000,0.000000,0.034031,PAUSE
10351,0.000000,0.000000,0.098278,PAUSE
10352,0.000000,0.000000,0.224615,PAUSE
10353,0.000000,0.000000,0.386323,PAUSE
10354,0.000000,0.000000,0.547586,ALLOW
10355,0.000000,0.000000,0.684549,ALLOW
10356,0.000000,0.000000,0.789073,ALLOW
10357,0.000000,0.000000,0.863241,ALLOW
10358,0.000000,0.000000,0.913291,ALLOW
10359,0.000000,0.000000,0.945903,ALLOW
10360,0.000000,0.000000,0.966637,ALLOW
10361,0.000000,0.000000,0.979592,ALLOW
10362,0.860004,1.000000,0.421498,PAUSE
10363,0.000000,1.000000,0.173516,PAUSE
10364,0.000000,0.000000,0.103001,PAUSE
10365,0.000000,0.000000,0.147621,PAUSE
10366,0.000000,0.000000,0.271605,PAUSE
10367,0.000000,0.000000,0.430560,PAUSE
10368,0.000000,0.000000,0.585184,ALLOW
10369,0.000000,0.000000,0.713592,ALLOW
10370,0.000000,0.000000,0.809934,ALLOW
10371,0.000000,0.000000,0.877460,ALLOW
10372,0.000000,0.000000,0.922626,ALLOW
10373,0.000000,0.000000,0.951872,ALLOW
10374,0.860004,1.000000,0.410105,PAUSE
10375,0.000000,1.000000,0.168928,PAUSE
10376,0.000000,0.000000,0.101042,PAUSE
10377,0.000000,0.000000,0.146600,PAUSE
10378,0.000000,0.000000,0.270912,PAUSE
10379,0.000000,0.000000,0.430025,PAUSE
10380,0.000000,0.000000,0.584771,ALLOW
10381,0.860004,1.000000,0.257775,PAUSE
10382,0.860004,0.000000,0.112368,PAUSE
10383,0.000000,1.000000,0.054304,PAUSE
10384,0.000000,0.000000,0.071146,PAUSE
10385,0.000000,0.000000,0.162620,PAUSE
10386,0.000000,0.000000,0.309299,PAUSE
10387,0.000000,0.000000,0.473635,PAUSE
10388,0.000000,0.000000,0.623602,ALLOW
10389,0.000000,0.000000,0.743573,ALLOW
10390,0.000000,0.000000,0.831460,ALLOW
10391,0.000000,0.000000,0.892085,ALLOW
10392,0.000000,0.000000,0.932195,ALLOW
10393,0.000000,0.000000,0.957971,ALLOW
10394,0.000000,0.000000,0.974199,ALLOW
10395,0.000000,0.000000,0.984270,ALLOW
10396,0.000000,0.000000,0.990456,ALLOW
10397,0.000000,0.000000,0.994229,ALLOW
10398,0.000000,0.000000,0.996519,ALLOW
10399,0.000000,0.000000,0.997904,ALLOW
10400,0.000000,0.000000,0.998739,ALLOW
10401,0.000000,0.000000,0.999242,ALLOW
10402,0.000000,0.000000,0.999545,ALLOW
10403,0.000000,0.000000,0.999727,ALLOW
10404,0.000000,0.000000,0.999836,ALLOW
10405,0.000000,0.000000,0.999901,ALLOW
10406,0.000000,0.000000,0.999941,ALLOW
10407,0.000000,0.000000,0.999965,ALLOW
10408,0.000000,0.000000,0.999979,ALLOW
10409,0.000000,0.000000,0.999987,ALLOW
10410,0.000000,0.000000,0.999992,ALLOW
10411,0.000000,0.000000,0.999995,ALLOW
10412,0.000000,0.000000,0.999997,ALLOW
10413,0.000000,0.000000,0.999998,ALLOW
10414,0.000000,0.000000,0.999999,ALLOW
10415,0.000000,0.000000,0.999999,ALLOW
10416,0.000000,0.000000,1.000000,ALLOW
10417,0.000000,0.000000,1.000000,ALLOW
10418,0.000000,0.000000,1.000000,ALLOW
10419,0.000000,0.000000,1.000000,ALLOW
10420,0.000000,0.000000,1.000000,ALLOW
10421,0.000000,0.000000,1.000000,ALLOW
10422,0.000000,0.000000,1.000000,ALLOW
10423,0.000000,0.000000,1.000000,ALLOW
10424,0.000000,0.000000,1.000000,ALLOW
10425,0.860004,1.000000,0.429872,PAUSE
10426,0.000000,0.000000,0.271128,PAUSE
10427,0.860004,0.000000,0.126411,PAUSE
10428,0.000000,0.000000,0.123650,PAUSE
10429,0.860004,0.000000,0.062315,PAUSE
10430,0.000000,0.000000,0.084727,PAUSE
10431,0.000000,0.000000,0.184303,PAUSE
10432,0.000000,0.000000,0.335317,PAUSE
10433,0.000000,0.000000,0.498746,PAUSE
10434,0.000000,1.000000,0.228481,PAUSE
10435,0.000000,0.000000,0.188789,PAUSE
10436,0.000000,0.000000,0.277067,PAUSE
10437,0.860004,1.000000,0.126351,PAUSE
10438,0.000000,1.000000,0.053875,PAUSE
10439,0.860004,1.000000,0.022875,PAUSE
10440,0.000000,1.000000,0.009911,PAUSE
10441,0.000000,0.000000,0.014936,PAUSE
10442,0.000000,0.000000,0.060352,PAUSE
10443,0.000000,0.000000,0.166214,PAUSE
10444,0.860004,1.000000,0.079072,PAUSE
10445,0.000000,1.000000,0.034568,PAUSE
10446,0.000000,0.000000,0.038502,PAUSE
10447,0.860004,1.000000,0.019803,PAUSE
10448,0.000000,1.000000,0.009487,PAUSE
10449,0.000000,0.000000,0.020700,PAUSE
10450,0.000000,0.000000,0.078762,PAUSE
10451,0.000000,0.000000,0.197504,PAUSE
10452,0.000000,0.000000,0.356541,PAUSE
10453,0.000000,0.000000,0.520411,ALLOW
10454,0.000000,0.000000,0.662748,ALLOW
10455,0.000000,0.000000,0.773058,ALLOW
10456,0.000000,0.000000,0.852171,ALLOW
10457,0.000000,0.000000,0.905955,ALLOW
10458,0.000000,0.000000,0.941183,ALLOW
10459,0.000000,0.000000,0.963663,ALLOW
10460,0.000000,0.000000,0.977746,ALLOW
10461,0.860004,1.000000,0.420739,PAUSE
10462,0.000000,0.000000,0.267014,PAUSE
10463,0.000000,1.000000,0.116922,PAUSE
10464,0.000000,0.000000,0.098561,PAUSE
10465,0.000000,0.000000,0.177407,PAUSE
10466,0.000000,0.000000,0.319364,PAUSE
10467,0.000000,0.000000,0.481216,PAUSE
10468,0.000000,0.000000,0.629276,ALLOW
10469,0.000000,0.000000,0.747644,ALLOW
10470,0.000000,0.000000,0.834256,ALLOW
10471,0.000000,0.000000,0.893936,ALLOW
10472,0.000000,0.000000,0.933388,ALLOW
10473,0.000000,0.000000,0.958724,ALLOW
10474,0.000000,0.000000,0.974668,ALLOW
10475,0.000000,0.000000,0.984558,ALLOW
10476,0.000000,0.000000,0.990632,ALLOW
10477,0.000000,0.000000,0.994336,ALLOW
10478,0.000000,0.000000,0.996584,ALLOW
10479,0.000000,0.000000,0.997943,ALLOW
10480,0.000000,0.000000,0.998763,ALLOW
10481,0.000000,0.000000,0.999256,ALLOW
10482,0.000000,0.000000,0.999553,ALLOW
10483,0.000000,0.000000,0.999732,ALLOW
10484,0.000000,0.000000,0.999839,ALLOW
10485,0.000000,0.000000,0.999903,ALLOW
10486,0.000000,0.000000,0.999942,ALLOW
10487,0.000000,0.000000,0.999965,ALLOW
10488,0.000000,0.000000,0.999979,ALLOW
10489,0.000000,0.000000,0.999987,ALLOW
10490,0.000000,0.000000,0.999992,ALLOW
10491,0.860004,1.000000,0.429869,PAUSE
10492,0.860004,0.000000,0.181617,PAUSE
10493,0.000000,1.000000,0.082791,PAUSE
10494,0.000000,0.000000,0.084996,PAUSE
10495,0.000000,0.000000,0.172119,PAUSE
10496,0.000000,0.000000,0.317399,PAUSE
10497,0.000000,0.000000,0.480558,PAUSE
10498,0.000000,0.000000,0.629108,ALLOW
10499,0.000000,0.000000,0.747642,ALLOW
10500,0.000000,0.000000,0.834297,ALLOW
10501,0.860004,1.000000,0.361612,PAUSE
10502,0.000000,1.000000,0.149384,PAUSE
10503,0.000000,0.000000,0.092614,PAUSE
10504,0.000000,0.000000,0.142063,PAUSE
10505,0.000000,0.000000,0.267697,PAUSE
10506,0.860004,1.000000,0.123030,PAUSE
10507,0.000000,0.000000,0.117278,PAUSE
10508,0.000000,0.000000,0.209474,PAUSE
10509,0.860004,0.000000,0.108708,PAUSE
10510,0.000000,1.000000,0.062151,PAUSE
10511,0.000000,0.000000,0.099664,PAUSE
10512,0.000000,0.000000,0.211899,PAUSE
10513,0.000000,0.000000,0.368309,PAUSE
10514,0.000000,0.000000,0.530005,ALLOW
10515,0.000000,0.000000,0.670105,ALLOW
10516,0.000000,0.000000,0.778357,ALLOW
10517,0.000000,0.000000,0.855800,ALLOW
10518,0.000000,0.000000,0.908349,ALLOW
10519,0.000000,0.000000,0.942720,ALLOW
10520,0.000000,0.000000,0.964630,ALLOW
10521,0.000000,0.000000,0.978345,ALLOW
10522,0.000000,0.000000,0.986823,ALLOW
10523,0.000000,0.000000,0.992016,ALLOW
10524,0.000000,0.000000,0.995177,ALLOW
10525,0.860004,1.000000,0.427894,PAUSE
10526,0.000000,1.000000,0.176091,PAUSE
10527,0.860004,1.000000,0.072112,PAUSE
10528,0.000000,1.000000,0.029722,PAUSE
10529,0.000000,0.000000,0.023829,PAUSE
10530,0.000000,0.000000,0.066741,PAUSE
10531,0.000000,0.000000,0.173164,PAUSE
10532,0.000000,0.000000,0.326723,PAUSE
10533,0.860004,1.000000,0.148670,PAUSE
10534,0.000000,0.000000,0.132606,PAUSE
10535,0.000000,1.000000,0.061492,PAUSE
10536,0.000000,0.000000,0.071089,PAUSE
10537,0.000000,0.000000,0.157762,PAUSE
10538,0.000000,0.000000,0.302036,PAUSE
10539,0.000000,0.000000,0.466136,PAUSE
10540,0.000000,0.000000,0.617174,ALLOW
10541,0.000000,0.000000,0.738657,ALLOW
10542,0.000000,0.000000,0.827972,ALLOW
10543,0.000000,0.000000,0.889732,ALLOW
10544,0.860004,1.000000,0.384509,PAUSE
10545,0.000000,0.000000,0.250459,PAUSE
10546,0.860004,0.000000,0.118079,PAUSE
10547,0.000000,0.000000,0.120161,PAUSE
10548,0.000000,1.000000,0.068201,PAUSE
10549,0.000000,0.000000,0.105562,PAUSE
10550,0.000000,0.000000,0.219014,PAUSE
10551,0.000000,0.000000,0.375832,PAUSE
10552,0.000000,0.000000,0.536789,ALLOW
10553,0.000000,0.000000,0.675525,ALLOW
10554,0.000000,0.000000,0.782331,ALLOW
10555,0.000000,0.000000,0.858545,ALLOW
10556,0.000000,0.000000,0.910168,ALLOW
10557,0.000000,0.000000,0.943890,ALLOW
10558,0.000000,0.000000,0.965367,ALLOW
10559,0.000000,0.000000,0.978803,ALLOW
10560,0.000000,0.000000,0.987104,ALLOW
10561,0.000000,0.000000,0.992188,ALLOW
10562,0.000000,0.000000,0.995281,ALLOW
10563,0.860004,1.000000,0.427937,PAUSE
10564,0.000000,0.000000,0.270259,PAUSE
10565,0.000000,1.000000,0.118242,PAUSE
10566,0.860004,1.000000,0.049879,PAUSE
10567,0.000000,1.000000,0.021088,PAUSE
10568,0.000000,0.000000,0.022386,PAUSE
10569,0.000000,0.000000,0.071763,PAUSE
10570,0.000000,0.000000,0.183612,PAUSE
10571,0.860004,1.000000,0.086701,PAUSE
10572,0.000000,0.000000,0.095594,PAUSE
10573,0.860004,0.000000,0.054687,PAUSE
10574,0.000000,1.000000,0.034986,PAUSE
10575,0.000000,0.000000,0.074506,PAUSE
10576,0.000000,0.000000,0.181285,PAUSE
10577,0.000000,0.000000,0.335225,PAUSE
10578,0.000000,0.000000,0.499641,PAUSE
10579,0.000000,0.000000,0.645542,ALLOW
10580,0.000000,0.000000,0.760187,ALLOW
10581,0.000000,0.000000,0.843172,ALLOW
10582,0.000000,0.000000,0.899948,ALLOW
10583,0.000000,0.000000,0.937300,ALLOW
10584,0.860004,1.000000,0.404109,PAUSE
10585,0.000000,0.000000,0.259457,PAUSE
10586,0.000000,0.000000,0.305851,PAUSE
10587,0.000000,1.000000,0.137889,PAUSE
10588,0.000000,0.000000,0.122185,PAUSE
10589,0.000000,0.000000,0.209946,PAUSE
10590,0.000000,0.000000,0.356545,PAUSE
10591,0.000000,0.000000,0.516336,ALLOW
10592,0.000000,0.000000,0.658169,ALLOW
10593,0.000000,0.000000,0.769247,ALLOW
10594,0.000000,0.000000,0.849375,ALLOW
10595,0.000000,0.000000,0.904043,ALLOW
10596,0.860004,1.000000,0.390410,PAUSE
10597,0.000000,0.000000,0.253177,PAUSE
10598,0.000000,1.000000,0.111282,PAUSE
10599,0.000000,0.000000,0.095982,PAUSE
10600,0.000000,0.000000,0.175856,PAUSE
10601,0.000000,0.000000,0.318183,PAUSE
10602,0.000000,0.000000,0.480265,PAUSE
10603,0.860004,1.000000,0.213835,PAUSE
10604,0.000000,1.000000,0.089613,PAUSE
10605,0.000000,0.000000,0.065880,PAUSE
10606,0.000000,0.000000,0.125854,PAUSE
10607,0.000000,0.000000,0.254497,PAUSE
10608,0.000000,0.000000,0.416020,PAUSE
10609,0.000000,0.000000,0.573416,ALLOW
10610,0.860004,1.000000,0.253033,PAUSE
10611,0.000000,0.000000,0.187460,PAUSE
10612,0.860004,0.000000,0.092470,PAUSE
10613,0.000000,0.000000,0.108911,PAUSE
10614,0.000000,0.000000,0.211593,PAUSE
10615,0.000000,1.000000,0.107869,PAUSE
10616,0.000000,0.000000,0.128441,PAUSE
10617,0.000000,0.000000,0.237504,PAUSE
10618,0.000000,0.000000,0.392268,PAUSE
10619,0.000000,0.000000,0.550592,ALLOW
10620,0.000000,0.000000,0.686198,ALLOW
10621,0.000000,0.000000,0.790028,ALLOW
10622,0.000000,0.000000,0.863812,ALLOW
10623,0.000000,0.000000,0.913637,ALLOW
10624,0.000000,0.000000,0.946114,ALLOW
10625,0.000000,0.000000,0.966765,ALLOW
10626,0.000000,0.000000,0.979670,ALLOW
10627,0.000000,0.000000,0.987636,ALLOW
10628,0.000000,0.000000,0.992512,ALLOW
10629,0.000000,0.000000,0.995478,ALLOW
10630,0.860004,1.000000,0.428018,PAUSE
10631,0.000000,0.000000,0.270296,PAUSE
10632,0.000000,1.000000,0.118257,PAUSE
10633,0.000000,0.000000,0.099166,PAUSE
10634,0.860004,1.000000,0.046541,PAUSE
10635,0.000000,0.000000,0.059697,PAUSE
10636,0.000000,1.000000,0.029857,PAUSE
10637,0.000000,0.000000,0.049717,PAUSE
10638,0.000000,0.000000,0.134063,PAUSE
10639,0.000000,0.000000,0.275347,PAUSE
10640,0.000000,0.000000,0.440314,PAUSE
10641,0.000000,0.000000,0.595409,ALLOW
10642,0.000000,0.000000,0.722074,ALLOW
10643,0.000000,0.000000,0.816204,ALLOW
10644,0.000000,0.000000,0.881788,ALLOW
10645,0.000000,0.000000,0.925484,ALLOW
10646,0.000000,0.000000,0.953704,ALLOW
10647,0.000000,0.000000,0.971533,ALLOW
10648,0.000000,0.000000,0.982624,ALLOW
10649,0.860004,1.000000,0.422742,PAUSE
10650,0.000000,0.000000,0.267919,PAUSE
10651,0.000000,1.000000,0.117290,PAUSE
10652,0.000000,0.000000,0.098728,PAUSE
10653,0.000000,0.000000,0.177505,PAUSE
10654,0.860004,1.000000,0.083371,PAUSE
10655,0.000000,0.000000,0.091781,PAUSE
10656,0.000000,0.000000,0.185052,PAUSE
10657,0.000000,0.000000,0.333447,PAUSE
10658,0.860004,0.000000,0.165086,PAUSE
10659,0.000000,1.000000,0.088123,PAUSE
10660,0.000000,0.000000,0.117999,PAUSE
10661,0.000000,0.000000,0.229976,PAUSE
10662,0.000000,0.000000,0.386035,PAUSE
10663,0.000000,0.000000,0.545533,ALLOW
10664,0.000000,0.000000,0.682349,ALLOW
10665,0.000000,0.000000,0.787277,ALLOW
10666,0.000000,0.000000,0.861938,ALLOW
10667,0.860004,1.000000,0.373036,PAUSE
10668,0.000000,0.000000,0.245148,PAUSE
10669,0.000000,0.000000,0.297789,PAUSE
10670,0.000000,1.000000,0.134555,PAUSE
10671,0.000000,0.000000,0.120571,PAUSE
10672,0.000000,0.000000,0.208896,PAUSE
10673,0.860004,1.000000,0.097108,PAUSE
10674,0.000000,1.000000,0.041916,PAUSE
10675,0.000000,0.000000,0.042105,PAUSE
10676,0.000000,0.000000,0.106695,PAUSE
10677,0.000000,0.000000,0.234712,PAUSE
10678,0.000000,0.000000,0.396777,PAUSE
10679,0.000000,0.000000,0.556848,ALLOW
10680,0.000000,0.000000,0.691855,ALLOW
10681,0.860004,1.000000,0.302514,PAUSE
10682,0.000000,0.000000,0.211777,PAUSE
10683,0.000000,0.000000,0.277920,PAUSE
10684,0.000000,1.000000,0.126304,PAUSE
10685,0.000000,0.000000,0.116478,PAUSE
10686,0.000000,0.000000,0.206111,PAUSE
10687,0.000000,0.000000,0.353432,PAUSE
10688,0.000000,0.000000,0.513790,ALLOW
10689,0.000000,0.000000,0.656207,ALLOW
10690,0.000000,0.000000,0.767827,ALLOW
10691,0.000000,0.000000,0.848400,ALLOW
10692,0.000000,0.000000,0.903398,ALLOW
10693,0.000000,0.000000,0.939516,ALLOW
10694,0.000000,0.000000,0.962603,ALLOW
10695,0.860004,1.000000,0.414517,PAUSE
10696,0.860004,0.000000,0.175464,PAUSE
10697,0.860004,0.000000,0.074002,PAUSE
10698,0.000000,0.000000,0.058459,PAUSE
10699,0.000000,0.000000,0.120529,PAUSE
10700,0.000000,1.000000,0.071844,PAUSE
10701,0.000000,0.000000,0.114909,PAUSE
10702,0.000000,0.000000,0.233238,PAUSE
10703,0.000000,0.000000,0.391660,PAUSE
10704,0.000000,0.000000,0.551220,ALLOW
10705,0.000000,0.000000,0.687068,ALLOW
10706,0.000000,0.000000,0.790787,ALLOW
10707,0.000000,0.000000,0.864377,ALLOW
10708,0.000000,0.000000,0.914026,ALLOW
10709,0.000000,0.000000,0.946369,ALLOW
10710,0.000000,0.000000,0.966928,ALLOW
10711,0.000000,0.000000,0.979772,ALLOW
10712,0.000000,0.000000,0.987699,ALLOW
10713,0.000000,0.000000,0.992551,ALLOW
10714,0.000000,0.000000,0.995501,ALLOW
10715,0.000000,0.000000,0.997289,ALLOW
10716,0.000000,0.000000,0.998368,ALLOW
10717,0.000000,0.000000,0.999019,ALLOW
10718,0.000000,0.000000,0.999411,ALLOW
10719,0.000000,0.000000,0.999646,ALLOW
10720,0.860004,1.000000,0.429727,PAUSE
10721,0.000000,0.000000,0.271063,PAUSE
10722,0.000000,1.000000,0.118569,PAUSE
10723,0.000000,0.000000,0.099306,PAUSE
10724,0.860004,1.000000,0.046599,PAUSE
10725,0.000000,0.000000,0.059724,PAUSE
10726,0.000000,0.000000,0.143970,PAUSE
10727,0.000000,1.000000,0.068966,PAUSE
10728,0.000000,0.000000,0.083163,PAUSE
10729,0.000000,0.000000,0.177211,PAUSE
10730,0.000000,0.000000,0.325673,PAUSE
10731,0.000000,0.000000,0.489165,PAUSE
10732,0.000000,0.000000,0.636466,ALLOW
10733,0.000000,0.000000,0.753247,ALLOW
10734,0.000000,0.000000,0.838261,ALLOW
10735,0.000000,0.000000,0.896645,ALLOW
10736,0.000000,0.000000,0.935154,ALLOW
10737,0.000000,0.000000,0.959847,ALLOW
10738,0.000000,0.000000,0.975369,ALLOW
10739,0.860004,1.000000,0.419763,PAUSE
10740,0.000000,0.000000,0.266572,PAUSE
10741,0.860004,0.000000,0.124579,PAUSE
10742,0.000000,0.000000,0.122896,PAUSE
10743,0.000000,0.000000,0.218781,PAUSE
10744,0.000000,0.000000,0.368671,PAUSE
10745,0.000000,0.000000,0.528211,ALLOW
10746,0.000000,1.000000,0.238744,PAUSE
10747,0.000000,0.000000,0.189789,PAUSE
10748,0.860004,1.000000,0.085757,PAUSE
10749,0.000000,1.000000,0.036839,PAUSE
10750,0.000000,0.000000,0.037319,PAUSE
10751,0.000000,0.000000,0.098784,PAUSE
10752,0.000000,0.000000,0.223752,PAUSE
10753,0.000000,0.000000,0.384954,PAUSE
10754,0.860004,1.000000,0.173510,PAUSE
10755,0.000000,0.000000,0.146257,PAUSE
10756,0.000000,0.000000,0.233350,PAUSE
10757,0.000000,0.000000,0.379662,PAUSE
10758,0.000000,0.000000,0.536788,ALLOW
10759,0.000000,1.000000,0.237603,PAUSE
10760,0.000000,0.000000,0.179573,PAUSE
10761,0.000000,0.000000,0.256958,PAUSE
10762,0.860004,1.000000,0.117535,PAUSE
10763,0.000000,0.000000,0.111964,PAUSE
10764,0.000000,0.000000,0.202840,PAUSE
10765,0.000000,0.000000,0.350627,PAUSE
10766,0.000000,1.000000,0.158731,PAUSE
10767,0.000000,0.000000,0.137843,PAUSE
10768,0.000000,0.000000,0.226545,PAUSE
10769,0.000000,0.000000,0.373548,PAUSE
10770,0.000000,0.000000,0.531599,ALLOW
10771,0.000000,0.000000,0.670382,ALLOW
10772,0.000000,0.000000,0.778227,ALLOW
10773,0.000000,0.000000,0.855593,ALLOW
10774,0.000000,0.000000,0.908170,ALLOW
10775,0.000000,0.000000,0.942589,ALLOW
10776,0.860004,1.000000,0.406286,PAUSE
10777,0.000000,1.000000,0.167390,PAUSE
10778,0.000000,0.000000,0.100383,PAUSE
10779,0.860004,1.000000,0.045436,PAUSE
10780,0.000000,1.000000,0.019920,PAUSE
10781,0.000000,0.000000,0.026019,PAUSE
10782,0.860004,1.000000,0.014058,PAUSE
10783,0.860004,0.000000,0.012061,PAUSE
10784,0.000000,1.000000,0.009584,PAUSE
10785,0.000000,0.000000,0.036779,PAUSE
10786,0.000000,0.000000,0.119892,PAUSE
10787,0.000000,0.000000,0.259025,PAUSE
10788,0.000000,0.000000,0.424173,PAUSE
10789,0.000000,0.000000,0.581586,ALLOW
10790,0.000000,0.000000,0.711425,ALLOW
10791,0.860004,1.000000,0.310659,PAUSE
10792,0.000000,1.000000,0.128816,PAUSE
10793,0.000000,0.000000,0.083605,PAUSE
10794,0.860004,1.000000,0.038596,PAUSE
10795,0.000000,1.000000,0.017159,PAUSE
10796,0.000000,0.000000,0.024755,PAUSE
10797,0.000000,0.000000,0.082822,PAUSE
10798,0.000000,0.000000,0.202550,PAUSE
10799,0.000000,0.000000,0.361978,PAUSE
10800,0.000000,0.000000,0.525371,ALLOW
10801,0.860004,1.000000,0.232881,PAUSE
10802,0.000000,1.000000,0.097344,PAUSE
10803,0.000000,0.000000,0.069464,PAUSE
10804,0.000000,0.000000,0.128263,PAUSE
10805,0.000000,0.000000,0.256658,PAUSE
10806,0.000000,0.000000,0.417990,PAUSE
10807,0.000000,0.000000,0.575062,ALLOW
10808,0.000000,0.000000,0.705985,ALLOW
10809,0.000000,0.000000,0.804553,ALLOW
10810,0.000000,0.000000,0.873825,ALLOW
10811,0.000000,0.000000,0.920254,ALLOW
10812,0.860004,1.000000,0.397090,PAUSE
10813,0.000000,1.000000,0.163686,PAUSE
10814,0.000000,0.000000,0.098793,PAUSE
10815,0.000000,0.000000,0.145412,PAUSE
10816,0.860004,1.000000,0.068716,PAUSE
10817,0.860004,0.000000,0.035392,PAUSE
10818,0.000000,1.000000,0.021131,PAUSE
10819,0.000000,0.000000,0.049888,PAUSE
10820,0.860004,1.000000,0.025964,PAUSE
10821,0.000000,1.000000,0.012272,PAUSE
10822,0.000000,0.000000,0.023817,PAUSE
10823,0.000000,0.000000,0.084906,PAUSE
10824,0.000000,0.000000,0.206790,PAUSE
10825,0.000000,0.000000,0.367050,PAUSE
10826,0.000000,0.000000,0.530136,ALLOW
10827,0.860004,1.000000,0.234885,PAUSE
10828,0.000000,1.000000,0.098156,PAUSE
10829,0.000000,0.000000,0.069836,PAUSE
10830,0.000000,0.000000,0.128505,PAUSE
10831,0.860004,1.000000,0.061632,PAUSE
10832,0.000000,1.000000,0.027249,PAUSE
10833,0.000000,0.000000,0.033799,PAUSE
10834,0.000000,0.000000,0.098079,PAUSE
10835,0.000000,0.000000,0.224396,PAUSE
10836,0.000000,0.000000,0.386102,PAUSE
10837,0.000000,0.000000,0.547391,ALLOW
10838,0.000000,0.000000,0.684396,ALLOW
10839,0.860004,1.000000,0.299409,PAUSE
10840,0.000000,1.000000,0.124270,PAUSE
10841,0.000000,0.000000,0.081591,PAUSE
10842,0.000000,0.000000,0.135769,PAUSE
10843,0.000000,0.000000,0.262900,PAUSE
10844,0.000000,0.000000,0.423462,PAUSE
10845,0.000000,0.000000,0.579555,ALLOW
10846,0.860004,1.000000,0.255599,PAUSE
10847,0.000000,1.000000,0.106546,PAUSE
10848,0.000000,0.000000,0.073643,PAUSE
10849,0.000000,0.000000,0.130914,PAUSE
10850,0.000000,0.000000,0.258918,PAUSE
10851,0.000000,0.000000,0.419998,PAUSE
10852,0.000000,0.000000,0.576721,ALLOW
10853,0.000000,0.000000,0.707248,ALLOW
10854,0.000000,0.000000,0.805452,ALLOW
10855,0.000000,0.000000,0.874435,ALLOW
10856,0.000000,0.000000,0.920653,ALLOW
10857,0.000000,0.000000,0.950615,ALLOW
10858,0.000000,0.000000,0.969595,ALLOW
10859,0.000000,0.000000,0.981425,ALLOW
10860,0.000000,0.000000,0.988713,ALLOW
10861,0.000000,0.000000,0.993169,ALLOW
10862,0.000000,0.000000,0.995876,ALLOW
10863,0.000000,0.000000,0.997515,ALLOW
10864,0.000000,0.000000,0.998505,ALLOW
10865,0.000000,0.000000,0.999101,ALLOW
10866,0.000000,0.000000,0.999460,ALLOW
10867,0.860004,1.000000,0.429651,PAUSE
10868,0.860004,0.000000,0.181529,PAUSE
10869,0.000000,1.000000,0.082755,PAUSE
10870,0.000000,0.000000,0.084980,PAUSE
10871,0.000000,0.000000,0.172110,PAUSE
10872,0.000000,0.000000,0.317392,PAUSE
10873,0.000000,0.000000,0.480552,PAUSE
10874,0.000000,0.000000,0.629103,ALLOW
10875,0.000000,0.000000,0.747638,ALLOW
10876,0.000000,0.000000,0.834295,ALLOW
10877,0.000000,0.000000,0.893977,ALLOW
10878,0.000000,0.000000,0.933421,ALLOW
10879,0.000000,0.000000,0.958747,ALLOW
10880,0.000000,0.000000,0.974683,ALLOW
10881,0.000000,0.000000,0.984568,ALLOW
10882,0.860004,1.000000,0.423541,PAUSE
10883,0.000000,1.000000,0.174338,PAUSE
10884,0.000000,0.000000,0.103352,PAUSE
10885,0.860004,1.000000,0.046641,PAUSE
10886,0.000000,1.000000,0.020406,PAUSE
10887,0.000000,0.000000,0.026236,PAUSE
10888,0.000000,0.000000,0.083858,PAUSE
10889,0.000000,0.000000,0.203583,PAUSE
10890,0.860004,1.000000,0.095452,PAUSE
10891,0.000000,1.000000,0.041317,PAUSE
10892,0.860004,1.000000,0.017804,PAUSE
10893,0.000000,1.000000,0.007866,PAUSE
10894,0.000000,0.000000,0.013974,PAUSE
10895,0.000000,0.000000,0.059538,PAUSE
10896,0.000000,0.000000,0.165214,PAUSE
10897,0.000000,0.000000,0.318160,PAUSE
10898,0.000000,0.000000,0.483861,PAUSE
10899,0.860004,1.000000,0.215406,PAUSE
10900,0.000000,1.000000,0.090257,PAUSE
10901,0.000000,0.000000,0.066203,PAUSE
10902,0.000000,0.000000,0.126114,PAUSE
10903,0.860004,1.000000,0.060618,PAUSE
10904,0.000000,1.000000,0.026834,PAUSE
10905,0.000000,0.000000,0.033588,PAUSE
10906,0.860004,1.000000,0.017640,PAUSE
10907,0.000000,1.000000,0.008579,PAUSE
10908,0.000000,0.000000,0.020059,PAUSE
10909,0.000000,0.000000,0.077809,PAUSE
10910,0.000000,0.000000,0.196137,PAUSE
10911,0.000000,0.000000,0.355003,PAUSE
10912,0.860004,1.000000,0.160770,PAUSE
10913,0.000000,1.000000,0.068044,PAUSE
10914,0.000000,0.000000,0.055710,PAUSE
10915,0.000000,0.000000,0.118688,PAUSE
10916,0.000000,0.000000,0.247792,PAUSE
10917,0.000000,0.000000,0.409781,PAUSE
10918,0.000000,0.000000,0.568149,ALLOW
10919,0.000000,0.000000,0.700674,ALLOW
10920,0.000000,0.000000,0.800751,ALLOW
10921,0.860004,1.000000,0.347730,PAUSE
10922,0.000000,1.000000,0.143784,PAUSE
10923,0.860004,1.000000,0.059140,PAUSE
10924,0.000000,1.000000,0.024517,PAUSE
10925,0.000000,0.000000,0.021618,PAUSE
10926,0.000000,0.000000,0.065486,PAUSE
10927,0.000000,0.000000,0.172091,PAUSE
10928,0.000000,0.000000,0.325692,PAUSE
10929,0.860004,1.000000,0.148232,PAUSE
10930,0.860004,0.000000,0.068055,PAUSE
10931,0.860004,0.000000,0.030822,PAUSE
10932,0.000000,1.000000,0.026328,PAUSE
10933,0.860004,1.000000,0.013665,PAUSE
10934,0.000000,1.000000,0.006742,PAUSE
10935,0.000000,0.000000,0.017654,PAUSE
10936,0.000000,0.000000,0.072552,PAUSE
10937,0.000000,0.000000,0.187863,PAUSE
10938,0.860004,1.000000,0.088602,PAUSE
10939,0.000000,1.000000,0.038501,PAUSE
10940,0.000000,0.000000,0.040677,PAUSE
10941,0.000000,0.000000,0.105990,PAUSE
10942,0.000000,0.000000,0.234260,PAUSE
10943,0.000000,0.000000,0.396434,PAUSE
10944,0.000000,0.000000,0.556584,ALLOW
10945,0.000000,0.000000,0.691660,ALLOW
10946,0.000000,0.000000,0.794245,ALLOW
10947,0.000000,0.000000,0.866793,ALLOW
10948,0.000000,0.000000,0.915635,ALLOW
10949,0.000000,0.000000,0.947406,ALLOW
10950,0.860004,1.000000,0.408268,PAUSE
10951,0.000000,1.000000,0.168189,PAUSE
10952,0.000000,0.000000,0.100725,PAUSE
10953,0.000000,0.000000,0.146434,PAUSE
10954,0.860004,1.000000,0.069140,PAUSE
10955,0.000000,1.000000,0.030303,PAUSE
10956,0.000000,0.000000,0.035289,PAUSE
10957,0.000000,0.000000,0.099268,PAUSE
10958,0.000000,0.000000,0.225650,PAUSE
10959,0.000000,0.000000,0.387350,PAUSE
10960,0.000000,0.000000,0.548484,ALLOW
10961,0.000000,0.000000,0.685255,ALLOW
10962,0.000000,0.000000,0.789585,ALLOW
10963,0.000000,0.000000,0.863592,ALLOW
10964,0.000000,0.000000,0.913523,ALLOW
10965,0.000000,0.000000,0.946052,ALLOW
10966,0.000000,0.000000,0.966730,ALLOW
10967,0.000000,0.000000,0.979650,ALLOW
10968,0.000000,0.000000,0.987625,ALLOW
10969,0.000000,0.000000,0.992505,ALLOW
10970,0.000000,0.000000,0.995474,ALLOW
10971,0.000000,0.000000,0.997272,ALLOW
10972,0.000000,0.000000,0.998358,ALLOW
10973,0.000000,0.000000,0.999013,ALLOW
10974,0.000000,0.000000,0.999407,ALLOW
10975,0.000000,0.000000,0.999644,ALLOW
10976,0.000000,0.000000,0.999786,ALLOW
10977,0.000000,0.000000,0.999872,ALLOW
10978,0.860004,1.000000,0.429820,PAUSE
10979,0.000000,1.000000,0.176866,PAUSE
10980,0.000000,0.000000,0.104427,PAUSE
10981,0.000000,0.000000,0.148353,PAUSE
10982,0.000000,0.000000,0.272093,PAUSE
10983,0.000000,0.000000,0.430932,PAUSE
10984,0.000000,0.000000,0.585469,ALLOW
10985,0.000000,0.000000,0.713801,ALLOW
10986,0.860004,1.000000,0.311637,PAUSE
10987,0.000000,1.000000,0.129210,PAUSE
10988,0.000000,0.000000,0.083774,PAUSE
10989,0.000000,0.000000,0.137044,PAUSE
10990,0.000000,0.000000,0.263897,PAUSE
10991,0.000000,0.000000,0.424307,PAUSE
10992,0.860004,1.000000,0.190161,PAUSE
10993,0.000000,1.000000,0.079997,PAUSE
10994,0.000000,0.000000,0.061378,PAUSE
10995,0.000000,0.000000,0.122746,PAUSE
10996,0.000000,0.000000,0.251640,PAUSE
10997,0.000000,0.000000,0.413385,PAUSE
10998,0.860004,1.000000,0.185560,PAUSE
10999,0.860004,0.000000,0.083188,PAUSE
11000,0.000000,1.000000,0.042088,PAUSE
11001,0.000000,0.000000,0.064514,PAUSE
11002,0.860004,1.000000,0.032342,PAUSE
11003,0.860004,0.000000,0.018545,PAUSE
11004,0.860004,0.000000,0.010172,PAUSE
11005,0.000000,1.000000,0.015323,PAUSE
11006,0.860004,1.000000,0.008878,PAUSE
11007,0.000000,1.000000,0.004731,PAUSE
11008,0.000000,0.000000,0.016161,PAUSE
11009,0.860004,1.000000,0.009634,PAUSE
11010,0.000000,1.000000,0.005139,PAUSE
11011,0.860004,1.000000,0.002803,PAUSE
11012,0.000000,1.000000,0.001662,PAUSE
11013,0.000000,0.000000,0.009594,PAUSE
11014,0.000000,0.000000,0.051896,PAUSE
11015,0.000000,0.000000,0.152681,PAUSE
11016,0.000000,0.000000,0.302870,PAUSE
11017,0.000000,0.000000,0.468950,PAUSE
11018,0.000000,0.000000,0.620153,ALLOW
11019,0.860004,1.000000,0.272609,PAUSE
11020,0.000000,1.000000,0.113433,PAUSE
11021,0.860004,1.000000,0.046936,PAUSE
11022,0.000000,1.000000,0.019615,PAUSE
11023,0.000000,0.000000,0.019489,PAUSE
11024,0.000000,0.000000,0.064146,PAUSE
11025,0.000000,0.000000,0.170802,PAUSE
11026,0.000000,0.000000,0.324379,PAUSE
11027,0.000000,0.000000,0.489720,PAUSE
11028,0.000000,0.000000,0.637477,ALLOW
11029,0.860004,1.000000,0.279845,PAUSE
11030,0.000000,1.000000,0.116360,PAUSE
11031,0.000000,0.000000,0.078067,PAUSE
11032,0.860004,1.000000,0.036327,PAUSE
11033,0.000000,1.000000,0.016240,PAUSE
11034,0.000000,0.000000,0.024320,PAUSE
11035,0.000000,0.000000,0.082483,PAUSE
11036,0.000000,0.000000,0.202185,PAUSE
11037,0.000000,0.000000,0.361603,PAUSE
11038,0.860004,1.000000,0.163580,PAUSE
11039,0.000000,1.000000,0.069189,PAUSE
11040,0.000000,0.000000,0.056260,PAUSE
11041,0.000000,0.000000,0.119096,PAUSE
11042,0.000000,0.000000,0.248189,PAUSE
11043,0.000000,0.000000,0.410157,PAUSE
11044,0.000000,0.000000,0.568469,ALLOW
11045,0.000000,0.000000,0.700922,ALLOW
11046,0.000000,0.000000,0.800929,ALLOW
11047,0.000000,0.000000,0.871361,ALLOW
11048,0.000000,0.000000,0.918638,ALLOW
11049,0.000000,0.000000,0.949329,ALLOW
11050,0.000000,0.000000,0.968789,ALLOW
11051,0.000000,0.000000,0.980926,ALLOW
11052,0.000000,0.000000,0.988408,ALLOW
11053,0.860004,1.000000,0.425117,PAUSE
11054,0.000000,1.000000,0.174973,PAUSE
11055,0.000000,0.000000,0.103622,PAUSE
11056,0.860004,1.000000,0.046751,PAUSE
11057,0.000000,1.000000,0.020450,PAUSE
11058,0.000000,0.000000,0.026255,PAUSE
11059,0.000000,0.000000,0.083871,PAUSE
11060,0.000000,0.000000,0.203594,PAUSE
11061,0.000000,0.000000,0.363017,PAUSE
11062,0.000000,0.000000,0.526291,ALLOW
11063,0.000000,0.000000,0.667471,ALLOW
11064,0.000000,0.000000,0.776535,ALLOW
11065,0.860004,1.000000,0.337697,PAUSE
11066,0.000000,1.000000,0.139734,PAUSE
11067,0.000000,0.000000,0.088407,PAUSE
11068,0.000000,0.000000,0.139713,PAUSE
11069,0.000000,0.000000,0.265951,PAUSE
11070,0.000000,0.000000,0.426030,PAUSE
11071,0.000000,0.000000,0.581623,ALLOW
11072,0.000000,0.000000,0.710948,ALLOW
11073,0.000000,0.000000,0.808077,ALLOW
11074,0.000000,0.000000,0.876210,ALLOW
11075,0.860004,1.000000,0.378929,PAUSE
11076,0.000000,1.000000,0.156366,PAUSE
11077,0.000000,0.000000,0.095639,PAUSE
11078,0.000000,0.000000,0.143718,PAUSE
11079,0.000000,0.000000,0.268894,PAUSE
11080,0.000000,0.000000,0.428429,PAUSE
11081,0.000000,0.000000,0.583526,ALLOW
11082,0.000000,0.000000,0.712367,ALLOW
11083,0.860004,1.000000,0.311042,PAUSE
11084,0.000000,1.000000,0.128970,PAUSE
11085,0.000000,0.000000,0.083669,PAUSE
11086,0.000000,0.000000,0.136984,PAUSE
11087,0.000000,0.000000,0.263851,PAUSE
11088,0.000000,0.000000,0.424268,PAUSE
11089,0.860004,1.000000,0.190145,PAUSE
11090,0.860004,0.000000,0.085042,PAUSE
11091,0.000000,1.000000,0.042866,PAUSE
11092,0.000000,0.000000,0.064942,PAUSE
11093,0.000000,0.000000,0.157468,PAUSE
11094,0.000000,0.000000,0.304310,PAUSE
11095,0.860004,1.000000,0.139020,PAUSE
11096,0.000000,1.000000,0.059165,PAUSE
11097,0.000000,0.000000,0.051332,PAUSE
11098,0.000000,0.000000,0.115250,PAUSE
11099,0.860004,1.000000,0.055968,PAUSE
11100,0.000000,1.000000,0.024928,PAUSE
11101,0.000000,0.000000,0.032576,PAUSE
11102,0.000000,0.000000,0.096935,PAUSE
11103,0.000000,0.000000,0.223077,PAUSE
11104,0.000000,0.000000,0.384746,PAUSE
11105,0.000000,0.000000,0.546190,ALLOW
11106,0.000000,0.000000,0.683447,ALLOW
11107,0.000000,0.000000,0.788270,ALLOW
11108,0.000000,0.000000,0.862690,ALLOW
11109,0.000000,0.000000,0.912927,ALLOW
11110,0.000000,0.000000,0.945669,ALLOW
11111,0.000000,0.000000,0.966490,ALLOW
11112,0.000000,0.000000,0.979501,ALLOW
11113,0.000000,0.000000,0.987533,ALLOW
11114,0.000000,0.000000,0.992449,ALLOW
11115,0.000000,0.000000,0.995440,ALLOW
11116,0.000000,0.000000,0.997252,ALLOW
11117,0.000000,0.000000,0.998346,ALLOW
11118,0.000000,0.000000,0.999006,ALLOW
11119,0.860004,1.000000,0.429464,PAUSE
11120,0.000000,1.000000,0.176723,PAUSE
11121,0.000000,0.000000,0.104366,PAUSE
11122,0.000000,0.000000,0.148322,PAUSE
11123,0.000000,0.000000,0.272072,PAUSE
11124,0.860004,1.000000,0.124865,PAUSE
11125,0.000000,1.000000,0.053346,PAUSE
11126,0.000000,0.000000,0.048261,PAUSE
11127,0.000000,0.000000,0.112486,PAUSE
11128,0.000000,0.000000,0.241267,PAUSE
11129,0.000000,0.000000,0.403392,PAUSE
11130,0.000000,0.000000,0.562636,ALLOW
11131,0.000000,0.000000,0.696388,ALLOW
11132,0.000000,0.000000,0.797663,ALLOW
11133,0.000000,0.000000,0.869131,ALLOW
11134,0.000000,0.000000,0.917173,ALLOW
11135,0.000000,0.000000,0.948391,ALLOW
11136,0.000000,0.000000,0.968200,ALLOW
11137,0.000000,0.000000,0.980561,ALLOW
11138,0.000000,0.000000,0.988184,ALLOW
11139,0.000000,0.000000,0.992846,ALLOW
11140,0.000000,0.000000,0.995681,ALLOW
11141,0.000000,0.000000,0.997397,ALLOW
11142,0.000000,0.000000,0.998434,ALLOW
11143,0.000000,0.000000,0.999058,ALLOW
11144,0.000000,0.000000,0.999434,ALLOW
11145,0.000000,0.000000,0.999660,ALLOW
11146,0.000000,0.000000,0.999796,ALLOW
11147,0.000000,0.000000,0.999878,ALLOW
11148,0.000000,0.000000,0.999927,ALLOW
11149,0.000000,0.000000,0.999956,ALLOW
11150,0.000000,0.000000,0.999974,ALLOW
11151,0.000000,0.000000,0.999984,ALLOW
11152,0.860004,1.000000,0.429866,PAUSE
11153,0.000000,0.000000,0.271125,PAUSE
11154,0.860004,0.000000,0.126409,PAUSE
11155,0.000000,0.000000,0.123650,PAUSE
11156,0.000000,0.000000,0.219113,PAUSE
11157,0.000000,0.000000,0.368834,PAUSE
11158,0.000000,1.000000,0.173504,PAUSE
11159,0.000000,0.000000,0.160592,PAUSE
11160,0.000000,0.000000,0.257981,PAUSE
11161,0.860004,1.000000,0.118353,PAUSE
11162,0.000000,1.000000,0.050628,PAUSE
11163,0.000000,0.000000,0.046636,PAUSE
11164,0.000000,0.000000,0.110713,PAUSE
11165,0.000000,0.000000,0.239135,PAUSE
11166,0.860004,1.000000,0.110867,PAUSE
11167,0.000000,1.000000,0.047640,PAUSE
11168,0.000000,0.000000,0.045473,PAUSE
11169,0.000000,0.000000,0.110316,PAUSE
11170,0.000000,0.000000,0.239063,PAUSE
11171,0.000000,0.000000,0.401255,PAUSE
11172,0.000000,0.000000,0.560795,ALLOW
11173,0.000000,0.000000,0.694957,ALLOW
11174,0.000000,0.000000,0.796631,ALLOW
11175,0.860004,1.000000,0.346024,PAUSE
11176,0.000000,1.000000,0.143095,PAUSE
11177,0.000000,0.000000,0.089875,PAUSE
11178,0.000000,0.000000,0.140540,PAUSE
11179,0.000000,0.000000,0.266572,PAUSE
11180,0.000000,0.000000,0.426543,PAUSE
11181,0.000000,0.000000,0.582032,ALLOW
11182,0.000000,0.000000,0.711254,ALLOW
11183,0.000000,0.000000,0.808292,ALLOW
11184,0.000000,0.000000,0.876355,ALLOW
11185,0.000000,0.000000,0.921907,ALLOW
11186,0.000000,0.000000,0.951414,ALLOW
11187,0.000000,0.000000,0.970095,ALLOW
11188,0.860004,1.000000,0.417596,PAUSE
11189,0.000000,1.000000,0.171945,PAUSE
11190,0.860004,1.000000,0.070449,PAUSE
11191,0.000000,1.000000,0.029055,PAUSE
11192,0.000000,0.000000,0.023548,PAUSE
11193,0.000000,0.000000,0.066589,PAUSE
11194,0.000000,0.000000,0.173042,PAUSE
11195,0.000000,0.000000,0.326610,PAUSE
11196,0.000000,0.000000,0.491737,PAUSE
11197,0.860004,1.000000,0.218721,PAUSE
11198,0.000000,1.000000,0.091601,PAUSE
11199,0.000000,0.000000,0.066823,PAUSE
11200,0.000000,0.000000,0.126524,PAUSE
11201,0.000000,0.000000,0.255125,PAUSE
11202,0.000000,0.000000,0.416605,PAUSE
11203,0.000000,0.000000,0.573908,ALLOW
11204,0.000000,0.000000,0.705104,ALLOW
11205,0.000000,0.000000,0.803924,ALLOW
11206,0.860004,1.000000,0.349044,PAUSE
11207,0.000000,1.000000,0.144313,PAUSE
11208,0.000000,0.000000,0.090407,PAUSE
11209,0.860004,1.000000,0.041374,PAUSE
11210,0.860004,0.000000,0.023446,PAUSE
11211,0.860004,0.000000,0.012497,PAUSE
11212,0.000000,1.000000,0.015715,PAUSE
11213,0.000000,0.000000,0.059902,PAUSE
11214,0.000000,0.000000,0.164836,PAUSE
11215,0.000000,0.000000,0.317448,PAUSE
11216,0.860004,1.000000,0.144709,PAUSE
11217,0.000000,1.000000,0.061495,PAUSE
11218,0.000000,0.000000,0.052512,PAUSE
11219,0.000000,0.000000,0.116231,PAUSE
11220,0.000000,0.000000,0.245337,PAUSE
11221,0.000000,0.000000,0.407427,PAUSE
11222,0.000000,0.000000,0.566134,ALLOW
11223,0.000000,0.000000,0.699114,ALLOW
11224,0.000000,0.000000,0.799630,ALLOW
11225,0.000000,0.000000,0.870475,ALLOW
11226,0.000000,0.000000,0.918057,ALLOW
11227,0.000000,0.000000,0.948957,ALLOW
11228,0.860004,1.000000,0.408906,PAUSE
11229,0.000000,1.000000,0.168446,PAUSE
11230,0.000000,0.000000,0.100835,PAUSE
11231,0.000000,0.000000,0.146491,PAUSE
11232,0.860004,1.000000,0.069163,PAUSE
11233,0.000000,1.000000,0.030312,PAUSE
11234,0.860004,1.000000,0.013278,PAUSE
11235,0.000000,1.000000,0.006012,PAUSE
11236,0.860004,1.000000,0.002925,PAUSE
11237,0.860004,0.000000,0.005585,PAUSE
11238,0.000000,1.000000,0.004593,PAUSE
11239,0.000000,0.000000,0.023461,PAUSE
11240,0.000000,0.000000,0.091085,PAUSE
11241,0.000000,0.000000,0.217816,PAUSE
11242,0.000000,0.000000,0.379823,PAUSE
11243,0.000000,0.000000,0.541971,ALLOW
11244,0.000000,0.000000,0.680157,ALLOW
11245,0.000000,0.000000,0.785890,ALLOW
11246,0.000000,0.000000,0.861058,ALLOW
11247,0.000000,0.000000,0.911851,ALLOW
11248,0.000000,0.000000,0.944980,ALLOW
11249,0.000000,0.000000,0.966056,ALLOW
11250,0.000000,0.000000,0.979232,ALLOW
11251,0.000000,0.000000,0.987368,ALLOW
11252,0.000000,0.000000,0.992349,ALLOW
11253,0.000000,0.000000,0.995379,ALLOW
11254,0.000000,0.000000,0.997215,ALLOW
11255,0.000000,0.000000,0.998324,ALLOW
11256,0.000000,0.000000,0.998992,ALLOW
11257,0.000000,0.000000,0.999394,ALLOW
11258,0.000000,0.000000,0.999636,ALLOW
11259,0.000000,0.000000,0.999782,ALLOW
11260,0.000000,0.000000,0.999869,ALLOW
11261,0.000000,0.000000,0.999921,ALLOW
11262,0.000000,0.000000,0.999953,ALLOW
11263,0.000000,0.000000,0.999972,ALLOW
11264,0.860004,1.000000,0.429861,PAUSE
11265,0.000000,1.000000,0.176882,PAUSE
11266,0.000000,0.000000,0.104434,PAUSE
11267,0.000000,0.000000,0.148357,PAUSE
11268,0.000000,0.000000,0.272095,PAUSE
11269,0.000000,0.000000,0.430934,PAUSE
11270,0.000000,0.000000,0.585470,ALLOW
11271,0.000000,0.000000,0.713802,ALLOW
11272,0.000000,0.000000,0.810081,ALLOW
11273,0.000000,0.000000,0.877558,ALLOW
11274,0.860004,1.000000,0.379485,PAUSE
11275,0.000000,1.000000,0.156591,PAUSE
11276,0.000000,0.000000,0.095736,PAUSE
11277,0.000000,0.000000,0.143770,PAUSE
11278,0.000000,0.000000,0.268931,PAUSE
11279,0.860004,1.000000,0.123548,PAUSE
11280,0.000000,1.000000,0.052811,PAUSE
11281,0.000000,0.000000,0.048011,PAUSE
11282,0.000000,0.000000,0.112311,PAUSE
11283,0.000000,0.000000,0.241102,PAUSE
11284,0.000000,0.000000,0.403237,PAUSE
11285,0.000000,0.000000,0.562504,ALLOW
11286,0.000000,0.000000,0.696286,ALLOW
11287,0.000000,0.000000,0.797589,ALLOW
11288,0.000000,0.000000,0.869081,ALLOW
11289,0.000000,0.000000,0.917140,ALLOW
11290,0.000000,0.000000,0.948370,ALLOW
11291,0.000000,0.000000,0.968187,ALLOW
11292,0.000000,0.000000,0.980553,ALLOW
11293,0.000000,0.000000,0.988179,ALLOW
11294,0.860004,1.000000,0.425023,PAUSE
11295,0.000000,1.000000,0.174935,PAUSE
11296,0.000000,0.000000,0.103606,PAUSE
11297,0.000000,0.000000,0.147933,PAUSE
11298,0.000000,0.000000,0.271814,PAUSE
11299,0.000000,0.000000,0.430720,PAUSE
11300,0.860004,1.000000,0.192851,PAUSE
11301,0.000000,1.000000,0.081087,PAUSE
11302,0.000000,0.000000,0.061879,PAUSE
11303,0.000000,0.000000,0.123075,PAUSE
11304,0.000000,0.000000,0.251931,PAUSE
11305,0.000000,0.000000,0.413650,PAUSE
11306,0.860004,1.000000,0.185672,PAUSE
11307,0.000000,1.000000,0.078175,PAUSE
11308,0.000000,0.000000,0.060532,PAUSE
11309,0.860004,1.000000,0.029090,PAUSE
11310,0.000000,1.000000,0.013300,PAUSE
11311,0.000000,0.000000,0.022860,PAUSE
11312,0.000000,0.000000,0.081201,PAUSE
11313,0.000000,0.000000,0.200696,PAUSE
11314,0.000000,0.000000,0.360034,PAUSE
11315,0.000000,0.000000,0.523616,ALLOW
11316,0.000000,0.000000,0.665334,ALLOW
11317,0.860004,1.000000,0.291467,PAUSE
11318,0.000000,1.000000,0.121060,PAUSE
11319,0.000000,0.000000,0.080164,PAUSE
11320,0.860004,1.000000,0.037187,PAUSE
11321,0.000000,1.000000,0.016589,PAUSE
11322,0.000000,0.000000,0.024486,PAUSE
11323,0.000000,0.000000,0.082615,PAUSE
11324,0.000000,0.000000,0.202328,PAUSE
11325,0.000000,0.000000,0.361751,PAUSE
11326,0.000000,0.000000,0.525167,ALLOW
11327,0.000000,0.000000,0.666577,ALLOW
11328,0.000000,0.000000,0.775881,ALLOW
11329,0.000000,0.000000,0.854127,ALLOW
11330,0.000000,0.000000,0.907254,ALLOW
11331,0.000000,0.000000,0.942020,ALLOW
11332,0.000000,0.000000,0.964191,ALLOW
11333,0.000000,0.000000,0.978074,ALLOW
11334,0.000000,0.000000,0.986656,ALLOW
11335,0.000000,0.000000,0.991914,ALLOW
11336,0.000000,0.000000,0.995115,ALLOW
11337,0.000000,0.000000,0.997055,ALLOW
11338,0.000000,0.000000,0.998227,ALLOW
11339,0.000000,0.000000,0.998934,ALLOW
11340,0.000000,0.000000,0.999360,ALLOW
11341,0.000000,0.000000,0.999615,ALLOW
11342,0.000000,0.000000,0.999769,ALLOW
11343,0.000000,0.000000,0.999861,ALLOW
11344,0.000000,0.000000,0.999917,ALLOW
11345,0.860004,1.000000,0.429838,PAUSE
11346,0.000000,0.000000,0.271113,PAUSE
11347,0.000000,1.000000,0.118590,PAUSE
11348,0.000000,0.000000,0.099315,PAUSE
11349,0.000000,0.000000,0.177847,PAUSE
11350,0.000000,0.000000,0.319689,PAUSE
11351,0.000000,0.000000,0.481474,PAUSE
11352,0.000000,0.000000,0.629474,ALLOW
11353,0.860004,1.000000,0.276484,PAUSE
11354,0.000000,1.000000,0.114998,PAUSE
11355,0.860004,1.000000,0.047565,PAUSE
11356,0.000000,1.000000,0.019868,PAUSE
11357,0.000000,0.000000,0.019599,PAUSE
11358,0.860004,1.000000,0.010646,PAUSE
11359,0.860004,0.000000,0.010382,PAUSE
11360,0.000000,1.000000,0.008483,PAUSE
11361,0.000000,0.000000,0.034521,PAUSE
11362,0.000000,0.000000,0.115469,PAUSE
11363,0.000000,0.000000,0.252989,PAUSE
11364,0.000000,0.000000,0.417855,PAUSE
11365,0.000000,0.000000,0.576040,ALLOW
11366,0.000000,0.000000,0.707099,ALLOW
11367,0.000000,0.000000,0.805475,ALLOW
11368,0.000000,0.000000,0.874496,ALLOW
11369,0.000000,0.000000,0.920709,ALLOW
11370,0.000000,0.000000,0.950657,ALLOW
11371,0.000000,0.000000,0.969624,ALLOW
11372,0.000000,0.000000,0.981443,ALLOW
11373,0.000000,0.000000,0.988725,ALLOW
11374,0.000000,0.000000,0.993176,ALLOW
11375,0.000000,0.000000,0.995881,ALLOW
11376,0.000000,0.000000,0.997518,ALLOW
11377,0.000000,0.000000,0.998507,ALLOW
11378,0.860004,1.000000,0.429260,PAUSE
11379,0.000000,1.000000,0.176640,PAUSE
11380,0.000000,0.000000,0.104331,PAUSE
11381,0.000000,0.000000,0.148304,PAUSE
11382,0.860004,1.000000,0.069913,PAUSE
11383,0.000000,1.000000,0.030616,PAUSE
11384,0.000000,0.000000,0.035435,PAUSE
11385,0.000000,0.000000,0.099371,PAUSE
11386,0.000000,0.000000,0.225749,PAUSE
11387,0.000000,0.000000,0.387446,PAUSE
11388,0.000000,0.000000,0.548567,ALLOW
11389,0.000000,0.000000,0.685319,ALLOW
11390,0.000000,0.000000,0.789632,ALLOW
11391,0.000000,0.000000,0.863625,ALLOW
11392,0.860004,1.000000,0.373734,PAUSE
11393,0.000000,1.000000,0.154272,PAUSE
11394,0.860004,1.000000,0.063353,PAUSE
11395,0.000000,1.000000,0.026208,PAUSE
11396,0.000000,0.000000,0.022342,PAUSE
11397,0.000000,0.000000,0.065911,PAUSE
11398,0.000000,0.000000,0.172470,PAUSE
11399,0.000000,0.000000,0.326064,PAUSE
11400,0.000000,0.000000,0.491251,PAUSE
11401,0.000000,0.000000,0.638721,ALLOW
11402,0.000000,0.000000,0.755113,ALLOW
11403,0.000000,0.000000,0.839630,ALLOW
11404,0.000000,0.000000,0.897583,ALLOW
11405,0.000000,0.000000,0.935770,ALLOW
11406,0.000000,0.000000,0.960240,ALLOW
11407,0.000000,0.000000,0.975615,ALLOW
11408,0.000000,0.000000,0.985143,ALLOW
11409,0.000000,0.000000,0.990990,ALLOW
11410,0.000000,0.000000,0.994554,ALLOW
11411,0.000000,0.000000,0.996716,ALLOW
11412,0.000000,0.000000,0.998022,ALLOW
11413,0.000000,0.000000,0.998811,ALLOW
11414,0.000000,0.000000,0.999285,ALLOW
11415,0.000000,0.000000,0.999571,ALLOW
11416,0.000000,0.000000,0.999742,ALLOW
11417,0.000000,0.000000,0.999845,ALLOW
11418,0.000000,0.000000,0.999907,ALLOW
11419,0.860004,1.000000,0.429834,PAUSE
11420,0.860004,0.000000,0.181602,PAUSE
11421,0.860004,0.000000,0.076460,PAUSE
11422,0.000000,1.000000,0.046210,PAUSE
11423,0.000000,0.000000,0.085714,PAUSE
11424,0.000000,0.000000,0.195647,PAUSE
11425,0.000000,0.000000,0.351119,PAUSE
11426,0.000000,0.000000,0.514407,ALLOW
11427,0.860004,1.000000,0.228257,PAUSE
11428,0.000000,1.000000,0.095468,PAUSE
11429,0.000000,0.000000,0.068598,PAUSE
11430,0.000000,0.000000,0.127688,PAUSE
11431,0.000000,0.000000,0.256148,PAUSE
11432,0.000000,0.000000,0.417528,PAUSE
11433,0.000000,0.000000,0.574677,ALLOW
11434,0.860004,1.000000,0.253560,PAUSE
11435,0.000000,1.000000,0.105721,PAUSE
11436,0.000000,0.000000,0.073272,PAUSE
11437,0.000000,0.000000,0.130685,PAUSE
11438,0.000000,0.000000,0.258728,PAUSE
11439,0.000000,0.000000,0.419831,PAUSE
11440,0.000000,0.000000,0.576584,ALLOW
11441,0.000000,0.000000,0.707144,ALLOW
11442,0.860004,1.000000,0.308872,PAUSE
11443,0.860004,0.000000,0.132962,PAUSE
11444,0.000000,1.000000,0.062837,PAUSE
11445,0.860004,1.000000,0.027642,PAUSE
11446,0.000000,1.000000,0.012173,PAUSE
11447,0.000000,0.000000,0.018672,PAUSE
11448,0.000000,0.000000,0.069878,PAUSE
11449,0.860004,1.000000,0.035634,PAUSE
11450,0.000000,1.000000,0.016440,PAUSE
11451,0.000000,0.000000,0.027233,PAUSE
11452,0.000000,0.000000,0.090382,PAUSE
11453,0.000000,0.000000,0.214573,PAUSE
11454,0.000000,0.000000,0.375648,PAUSE
11455,0.000000,0.000000,0.537996,ALLOW
11456,0.000000,0.000000,0.676922,ALLOW
11457,0.000000,0.000000,0.783500,ALLOW
11458,0.860004,1.000000,0.340584,PAUSE
11459,0.000000,1.000000,0.140900,PAUSE
11460,0.860004,1.000000,0.057981,PAUSE
11461,0.000000,1.000000,0.024052,PAUSE
11462,0.860004,1.000000,0.010208,PAUSE
11463,0.000000,1.000000,0.004551,PAUSE
11464,0.000000,0.000000,0.010007,PAUSE
11465,0.000000,0.000000,0.049619,PAUSE
11466,0.000000,0.000000,0.147707,PAUSE
11467,0.000000,0.000000,0.296384,PAUSE
11468,0.860004,1.000000,0.135675,PAUSE
11469,0.000000,1.000000,0.057806,PAUSE
11470,0.000000,0.000000,0.050688,PAUSE
11471,0.000000,0.000000,0.114786,PAUSE
11472,0.000000,0.000000,0.243861,PAUSE
11473,0.860004,1.000000,0.112902,PAUSE
11474,0.000000,1.000000,0.048473,PAUSE
11475,0.860004,1.000000,0.020709,PAUSE
11476,0.000000,1.000000,0.009043,PAUSE
11477,0.000000,0.000000,0.014573,PAUSE
11478,0.000000,0.000000,0.060161,PAUSE
11479,0.860004,1.000000,0.031134,PAUSE
11480,0.000000,1.000000,0.014534,PAUSE
11481,0.000000,0.000000,0.025862,PAUSE
11482,0.000000,0.000000,0.088418,PAUSE
11483,0.860004,1.000000,0.044155,PAUSE
11484,0.000000,1.000000,0.020032,PAUSE
11485,0.000000,0.000000,0.029694,PAUSE
11486,0.000000,0.000000,0.093707,PAUSE
11487,0.000000,0.000000,0.219037,PAUSE
11488,0.000000,0.000000,0.380478,PAUSE
11489,0.000000,0.000000,0.542366,ALLOW
11490,0.000000,0.000000,0.680410,ALLOW
11491,0.000000,0.000000,0.786054,ALLOW
11492,0.000000,0.000000,0.861164,ALLOW
11493,0.000000,0.000000,0.911919,ALLOW
11494,0.860004,1.000000,0.393657,PAUSE
11495,0.000000,1.000000,0.162302,PAUSE
11496,0.000000,0.000000,0.098198,PAUSE
11497,0.000000,0.000000,0.145095,PAUSE
11498,0.000000,0.000000,0.269870,PAUSE
11499,0.000000,0.000000,0.429207,PAUSE
11500,0.000000,0.000000,0.584135,ALLOW
11501,0.860004,1.000000,0.257510,PAUSE
11502,0.000000,1.000000,0.107319,PAUSE
11503,0.000000,0.000000,0.073989,PAUSE
11504,0.000000,0.000000,0.131126,PAUSE
11505,0.000000,0.000000,0.259092,PAUSE
11506,0.000000,0.000000,0.420149,PAUSE
11507,0.000000,0.000000,0.576845,ALLOW
11508,0.000000,0.000000,0.707342,ALLOW
11509,0.860004,1.000000,0.308955,PAUSE
11510,0.000000,1.000000,0.128127,PAUSE
11511,0.000000,0.000000,0.083298,PAUSE
11512,0.860004,1.000000,0.038469,PAUSE
11513,0.000000,1.000000,0.017108,PAUSE
11514,0.000000,0.000000,0.024731,PAUSE
11515,0.860004,1.000000,0.013522,PAUSE
11516,0.000000,1.000000,0.006803,PAUSE
11517,0.000000,0.000000,0.018492,PAUSE
11518,0.000000,0.000000,0.075001,PAUSE
11519,0.000000,0.000000,0.191899,PAUSE
11520,0.860004,1.000000,0.090372,PAUSE
11521,0.000000,1.000000,0.039230,PAUSE
11522,0.860004,1.000000,0.016956,PAUSE
11523,0.000000,1.000000,0.007522,PAUSE
11524,0.860004,1.000000,0.003546,PAUSE
11525,0.000000,1.000000,0.001861,PAUSE
11526,0.860004,1.000000,0.001139,PAUSE
11527,0.000000,1.000000,0.000824,PAUSE
11528,0.000000,0.000000,0.007424,PAUSE
11529,0.000000,0.000000,0.044831,PAUSE
11530,0.000000,0.000000,0.139368,PAUSE
11531,0.000000,0.000000,0.285822,PAUSE
11532,0.000000,0.000000,0.451913,PAUSE
11533,0.000000,0.000000,0.605668,ALLOW
11534,0.000000,0.000000,0.730059,ALLOW
11535,0.000000,0.000000,0.821932,ALLOW
11536,0.000000,0.000000,0.885678,ALLOW
11537,0.000000,0.000000,0.928030,ALLOW
11538,0.000000,0.000000,0.955326,ALLOW
11539,0.000000,0.000000,0.972548,ALLOW
11540,0.000000,0.000000,0.983251,ALLOW
11541,0.000000,0.000000,0.989833,ALLOW
11542,0.000000,0.000000,0.993850,ALLOW
11543,0.000000,0.000000,0.996290,ALLOW
11544,0.000000,0.000000,0.997765,ALLOW
11545,0.000000,0.000000,0.998656,ALLOW
11546,0.000000,0.000000,0.999192,ALLOW
11547,0.000000,0.000000,0.999515,ALLOW
11548,0.000000,0.000000,0.999708,ALLOW
11549,0.860004,1.000000,0.429753,PAUSE
11550,0.000000,1.000000,0.176839,PAUSE
11551,0.000000,0.000000,0.104415,PAUSE
11552,0.000000,0.000000,0.148347,PAUSE
11553,0.860004,1.000000,0.069931,PAUSE
11554,0.000000,1.000000,0.030623,PAUSE
11555,0.000000,0.000000,0.035438,PAUSE
11556,0.860004,1.000000,0.018417,PAUSE
11557,0.000000,1.000000,0.008898,PAUSE
11558,0.000000,0.000000,0.020239,PAUSE
11559,0.000000,0.000000,0.078013,PAUSE
11560,0.000000,0.000000,0.196405,PAUSE
11561,0.000000,0.000000,0.355299,PAUSE
11562,0.000000,0.000000,0.519258,ALLOW
11563,0.000000,0.000000,0.661813,ALLOW
11564,0.000000,0.000000,0.772366,ALLOW
11565,0.000000,0.000000,0.851690,ALLOW
11566,0.000000,0.000000,0.905636,ALLOW
11567,0.000000,0.000000,0.940977,ALLOW
11568,0.860004,1.000000,0.405623,PAUSE
11569,0.860004,0.000000,0.171878,PAUSE
11570,0.000000,1.000000,0.078817,PAUSE
11571,0.000000,0.000000,0.083164,PAUSE
11572,0.000000,0.000000,0.170999,PAUSE
11573,0.000000,0.000000,0.316533,PAUSE
11574,0.000000,0.000000,0.479854,PAUSE
11575,0.000000,0.000000,0.628561,ALLOW
11576,0.000000,0.000000,0.747243,ALLOW
11577,0.860004,1.000000,0.325539,PAUSE
11578,0.000000,1.000000,0.134826,PAUSE
11579,0.000000,0.000000,0.086252,PAUSE
11580,0.000000,0.000000,0.138482,PAUSE
11581,0.860004,1.000000,0.065829,PAUSE
11582,0.000000,1.000000,0.028959,PAUSE
11583,0.000000,0.000000,0.034649,PAUSE
11584,0.000000,0.000000,0.098785,PAUSE
11585,0.000000,0.000000,0.225160,PAUSE
11586,0.000000,0.000000,0.386869,PAUSE
11587,0.000000,0.000000,0.548065,ALLOW
11588,0.000000,0.000000,0.684926,ALLOW
11589,0.000000,0.000000,0.789347,ALLOW
11590,0.860004,1.000000,0.343007,PAUSE
11591,0.000000,1.000000,0.141877,PAUSE
11592,0.000000,0.000000,0.089344,PAUSE
11593,0.000000,0.000000,0.140242,PAUSE
11594,0.000000,0.000000,0.266349,PAUSE
11595,0.000000,0.000000,0.426359,PAUSE
11596,0.000000,0.000000,0.581886,ALLOW
11597,0.000000,0.000000,0.711145,ALLOW
11598,0.000000,0.000000,0.808215,ALLOW
11599,0.860004,1.000000,0.350819,PAUSE
11600,0.000000,1.000000,0.145030,PAUSE
11601,0.000000,0.000000,0.090718,PAUSE
11602,0.000000,0.000000,0.141010,PAUSE
11603,0.000000,0.000000,0.266920,PAUSE
11604,0.000000,0.000000,0.426828,PAUSE
11605,0.000000,0.000000,0.582259,ALLOW
11606,0.860004,1.000000,0.256728,PAUSE
11607,0.000000,1.000000,0.107002,PAUSE
11608,0.000000,0.000000,0.073847,PAUSE
11609,0.000000,0.000000,0.131039,PAUSE
11610,0.000000,0.000000,0.259021,PAUSE
11611,0.000000,0.000000,0.420088,PAUSE
11612,0.860004,1.000000,0.188386,PAUSE
11613,0.000000,1.000000,0.079277,PAUSE
11614,0.000000,0.000000,0.061045,PAUSE
11615,0.000000,0.000000,0.122522,PAUSE
11616,0.000000,0.000000,0.251438,PAUSE
11617,0.000000,0.000000,0.413200,PAUSE
11618,0.000000,0.000000,0.571045,ALLOW
11619,0.000000,0.000000,0.702906,ALLOW
11620,0.000000,0.000000,0.802352,ALLOW
11621,0.000000,0.000000,0.872330,ALLOW
11622,0.000000,0.000000,0.919274,ALLOW
11623,0.000000,0.000000,0.949735,ALLOW
11624,0.860004,1.000000,0.409226,PAUSE
11625,0.000000,1.000000,0.168574,PAUSE
11626,0.000000,0.000000,0.100890,PAUSE
11627,0.000000,0.000000,0.146520,PAUSE
11628,0.000000,0.000000,0.270858,PAUSE
11629,0.000000,0.000000,0.429982,PAUSE
11630,0.860004,1.000000,0.192542,PAUSE
11631,0.000000,1.000000,0.080962,PAUSE
11632,0.000000,0.000000,0.061822,PAUSE
11633,0.000000,0.000000,0.123039,PAUSE
11634,0.000000,0.000000,0.251899,PAUSE
11635,0.860004,1.000000,0.116336,PAUSE
11636,0.000000,1.000000,0.049875,PAUSE
11637,0.000000,0.000000,0.046593,PAUSE
11638,0.000000,0.000000,0.111236,PAUSE
11639,0.860004,1.000000,0.054229,PAUSE
11640,0.000000,1.000000,0.024212,PAUSE
11641,0.000000,0.000000,0.032180,PAUSE
11642,0.860004,1.000000,0.017037,PAUSE
11643,0.000000,1.000000,0.008329,PAUSE
11644,0.000000,0.000000,0.019903,PAUSE
11645,0.000000,0.000000,0.077603,PAUSE
11646,0.000000,0.000000,0.195852,PAUSE
11647,0.000000,0.000000,0.354685,PAUSE
11648,0.000000,0.000000,0.518692,ALLOW
11649,0.000000,0.000000,0.661355,ALLOW
11650,0.000000,0.000000,0.772028,ALLOW
11651,0.000000,0.000000,0.851455,ALLOW
11652,0.860004,1.000000,0.368707,PAUSE
11653,0.860004,0.000000,0.157039,PAUSE
11654,0.860004,0.000000,0.066609,PAUSE
11655,0.000000,1.000000,0.042067,PAUSE
11656,0.000000,0.000000,0.083534,PAUSE
11657,0.000000,0.000000,0.194021,PAUSE
11658,0.000000,0.000000,0.349703,PAUSE
11659,0.000000,0.000000,0.513211,ALLOW
11660,0.000000,0.000000,0.656637,ALLOW
11661,0.860004,1.000000,0.287836,PAUSE
11662,0.000000,1.000000,0.119591,PAUSE
11663,0.000000,0.000000,0.079509,PAUSE
11664,0.000000,0.000000,0.134526,PAUSE
11665,0.860004,1.000000,0.064171,PAUSE
11666,0.000000,1.000000,0.028284,PAUSE
11667,0.860004,1.000000,0.012459,PAUSE
11668,0.000000,1.000000,0.005681,PAUSE
11669,0.000000,0.000000,0.012684,PAUSE
11670,0.000000,0.000000,0.057768,PAUSE
11671,0.000000,0.000000,0.162525,PAUSE
11672,0.000000,0.000000,0.314959,PAUSE
11673,0.860004,1.000000,0.143648,PAUSE
11674,0.000000,1.000000,0.061062,PAUSE
11675,0.000000,0.000000,0.052301,PAUSE
11676,0.000000,0.000000,0.116069,PAUSE
11677,0.000000,0.000000,0.245176,PAUSE
11678,0.860004,1.000000,0.113465,PAUSE
11679,0.000000,1.000000,0.048703,PAUSE
11680,0.000000,0.000000,0.046011,PAUSE
11681,0.000000,0.000000,0.110768,PAUSE
11682,0.000000,0.000000,0.239544,PAUSE
11683,0.000000,0.000000,0.401730,PAUSE
11684,0.860004,1.000000,0.180633,PAUSE
11685,0.000000,1.000000,0.076128,PAUSE
11686,0.000000,0.000000,0.059571,PAUSE
11687,0.000000,0.000000,0.121502,PAUSE
11688,0.000000,0.000000,0.250496,PAUSE
11689,0.000000,0.000000,0.412329,PAUSE
11690,0.000000,0.000000,0.570311,ALLOW
11691,0.860004,1.000000,0.251734,PAUSE
11692,0.000000,1.000000,0.104982,PAUSE
11693,0.000000,0.000000,0.072938,PAUSE
11694,0.000000,0.000000,0.130478,PAUSE
11695,0.000000,0.000000,0.258555,PAUSE
11696,0.000000,0.000000,0.419679,PAUSE
11697,0.000000,0.000000,0.576459,ALLOW
11698,0.000000,0.000000,0.707049,ALLOW
11699,0.000000,0.000000,0.805311,ALLOW
11700,0.000000,0.000000,0.874339,ALLOW
11701,0.860004,1.000000,0.378157,PAUSE
11702,0.000000,1.000000,0.156055,PAUSE
11703,0.000000,0.000000,0.095505,PAUSE
11704,0.000000,0.000000,0.143645,PAUSE
11705,0.000000,0.000000,0.268842,PAUSE
11706,0.000000,0.000000,0.428388,PAUSE
11707,0.860004,1.000000,0.191874,PAUSE
11708,0.000000,1.000000,0.080691,PAUSE
11709,0.000000,0.000000,0.061698,PAUSE
11710,0.000000,0.000000,0.122958,PAUSE
11711,0.860004,1.000000,0.059272,PAUSE
11712,0.000000,1.000000,0.026283,PAUSE
11713,0.860004,1.000000,0.011648,PAUSE
11714,0.000000,1.000000,0.005353,PAUSE
11715,0.000000,0.000000,0.012517,PAUSE
11716,0.000000,0.000000,0.057592,PAUSE
11717,0.000000,0.000000,0.162282,PAUSE
11718,0.000000,0.000000,0.314676,PAUSE
11719,0.860004,1.000000,0.143527,PAUSE
11720,0.000000,1.000000,0.061012,PAUSE
11721,0.860004,1.000000,0.025793,PAUSE
11722,0.000000,1.000000,0.011100,PAUSE
11723,0.000000,0.000000,0.015596,PAUSE
11724,0.000000,0.000000,0.061163,PAUSE
11725,0.000000,0.000000,0.167394,PAUSE
11726,0.000000,0.000000,0.320665,PAUSE
11727,0.000000,0.000000,0.486247,PAUSE
11728,0.000000,0.000000,0.634624,ALLOW
11729,0.000000,0.000000,0.752053,ALLOW
11730,0.000000,0.000000,0.837487,ALLOW
11731,0.860004,1.000000,0.362933,PAUSE
11732,0.000000,0.000000,0.240449,PAUSE
11733,0.000000,0.000000,0.295086,PAUSE
11734,0.000000,1.000000,0.133436,PAUSE
11735,0.000000,0.000000,0.120024,PAUSE
11736,0.000000,0.000000,0.208534,PAUSE
11737,0.000000,0.000000,0.355424,PAUSE
11738,0.000000,0.000000,0.515429,ALLOW
11739,0.860004,1.000000,0.228641,PAUSE
11740,0.000000,1.000000,0.095619,PAUSE
11741,0.000000,0.000000,0.068646,PAUSE
11742,0.000000,0.000000,0.127683,PAUSE
11743,0.000000,0.000000,0.256116,PAUSE
11744,0.000000,0.000000,0.417488,PAUSE
11745,0.000000,0.000000,0.574639,ALLOW
11746,0.860004,1.000000,0.253545,PAUSE
11747,0.860004,0.000000,0.110670,PAUSE
11748,0.000000,0.000000,0.093359,PAUSE
11749,0.000000,1.000000,0.052206,PAUSE
11750,0.860004,1.000000,0.024131,PAUSE
11751,0.000000,0.000000,0.035848,PAUSE
11752,0.000000,1.000000,0.018903,PAUSE
11753,0.860004,1.000000,0.009161,PAUSE
11754,0.000000,0.000000,0.020790,PAUSE
11755,0.000000,1.000000,0.011852,PAUSE
11756,0.000000,0.000000,0.032308,PAUSE
11757,0.000000,0.000000,0.107438,PAUSE
11758,0.000000,0.000000,0.240927,PAUSE
11759,0.000000,0.000000,0.404829,PAUSE
11760,0.000000,0.000000,0.564443,ALLOW
11761,0.000000,0.000000,0.697979,ALLOW
11762,0.000000,0.000000,0.798873,ALLOW
11763,0.000000,0.000000,0.869980,ALLOW
11764,0.000000,0.000000,0.917739,ALLOW
11765,0.000000,0.000000,0.948756,ALLOW
11766,0.000000,0.000000,0.968431,ALLOW
11767,0.000000,0.000000,0.980705,ALLOW
11768,0.000000,0.000000,0.988272,ALLOW
11769,0.860004,1.000000,0.425061,PAUSE
11770,0.860004,0.000000,0.179688,PAUSE
11771,0.000000,0.000000,0.122264,PAUSE
11772,0.000000,1.000000,0.064518,PAUSE
11773,0.860004,1.000000,0.029153,PAUSE
11774,0.000000,1.000000,0.012989,PAUSE
11775,0.000000,0.000000,0.020510,PAUSE
11776,0.000000,0.000000,0.074626,PAUSE
11777,0.000000,0.000000,0.190046,PAUSE
11778,0.000000,0.000000,0.347694,PAUSE
11779,0.000000,0.000000,0.512062,ALLOW
11780,0.000000,0.000000,0.655927,ALLOW
11781,0.860004,1.000000,0.287544,PAUSE
11782,0.000000,1.000000,0.119474,PAUSE
11783,0.000000,0.000000,0.079458,PAUSE
11784,0.000000,0.000000,0.134499,PAUSE
11785,0.860004,1.000000,0.064159,PAUSE
11786,0.000000,1.000000,0.028279,PAUSE
11787,0.860004,1.000000,0.012457,PAUSE
11788,0.000000,1.000000,0.005681,PAUSE
11789,0.000000,0.000000,0.012684,PAUSE
11790,0.000000,0.000000,0.057767,PAUSE
11791,0.000000,0.000000,0.162525,PAUSE
11792,0.000000,0.000000,0.314959,PAUSE
11793,0.000000,0.000000,0.480773,PAUSE
11794,0.000000,0.000000,0.630076,ALLOW
11795,0.000000,0.000000,0.748630,ALLOW
11796,0.860004,1.000000,0.326120,PAUSE
11797,0.000000,0.000000,0.223099,PAUSE
11798,0.000000,1.000000,0.098978,PAUSE
11799,0.000000,0.000000,0.090215,PAUSE
11800,0.000000,0.000000,0.172190,PAUSE
11801,0.000000,0.000000,0.315244,PAUSE
11802,0.000000,0.000000,0.477829,PAUSE
11803,0.000000,0.000000,0.626630,ALLOW
11804,0.860004,1.000000,0.275299,PAUSE
11805,0.000000,0.000000,0.198493,PAUSE
11806,0.000000,1.000000,0.088863,PAUSE
11807,0.000000,0.000000,0.085315,PAUSE
11808,0.000000,0.000000,0.168848,PAUSE
11809,0.000000,0.000000,0.312402,PAUSE
11810,0.000000,0.000000,0.475402,PAUSE
11811,0.860004,1.000000,0.211795,PAUSE
11812,0.000000,1.000000,0.088787,PAUSE
11813,0.000000,0.000000,0.065502,PAUSE
11814,0.000000,0.000000,0.125609,PAUSE
11815,0.000000,0.000000,0.254284,PAUSE
11816,0.000000,0.000000,0.415829,PAUSE
11817,0.000000,0.000000,0.573256,ALLOW
11818,0.000000,0.000000,0.704604,ALLOW
11819,0.000000,0.000000,0.803567,ALLOW
11820,0.000000,0.000000,0.873156,ALLOW
11821,0.000000,0.000000,0.919815,ALLOW
11822,0.000000,0.000000,0.950080,ALLOW
11823,0.860004,1.000000,0.409368,PAUSE
11824,0.000000,1.000000,0.168632,PAUSE
11825,0.000000,0.000000,0.100915,PAUSE
11826,0.000000,0.000000,0.146533,PAUSE
11827,0.860004,1.000000,0.069181,PAUSE
11828,0.000000,1.000000,0.030319,PAUSE
11829,0.000000,0.000000,0.035297,PAUSE
11830,0.000000,0.000000,0.099274,PAUSE
11831,0.000000,0.000000,0.225656,PAUSE
11832,0.860004,1.000000,0.105054,PAUSE
11833,0.860004,0.000000,0.050461,PAUSE
11834,0.000000,1.000000,0.028061,PAUSE
11835,0.000000,0.000000,0.055796,PAUSE
11836,0.000000,0.000000,0.148414,PAUSE
11837,0.000000,0.000000,0.294697,PAUSE
11838,0.860004,1.000000,0.134915,PAUSE
11839,0.000000,0.000000,0.124776,PAUSE
11840,0.000000,1.000000,0.058198,PAUSE
11841,0.000000,0.000000,0.069233,PAUSE
11842,0.860004,1.000000,0.034087,PAUSE
11843,0.000000,0.000000,0.052965,PAUSE
11844,0.000000,1.000000,0.027010,PAUSE
11845,0.000000,0.000000,0.047990,PAUSE
11846,0.000000,0.000000,0.132304,PAUSE
11847,0.000000,0.000000,0.273395,PAUSE
11848,0.000000,0.000000,0.438417,PAUSE
11849,0.000000,0.000000,0.593799,ALLOW
11850,0.860004,1.000000,0.261583,PAUSE
11851,0.000000,0.000000,0.191744,PAUSE
11852,0.860004,0.000000,0.094339,PAUSE
11853,0.000000,0.000000,0.110042,PAUSE
11854,0.000000,1.000000,0.063707,PAUSE
11855,0.000000,0.000000,0.102716,PAUSE
11856,0.000000,0.000000,0.216452,PAUSE
11857,0.000000,0.000000,0.373412,PAUSE
11858,0.860004,1.000000,0.168550,PAUSE
11859,0.860004,0.000000,0.076180,PAUSE
11860,0.000000,1.000000,0.039122,PAUSE
11861,0.000000,0.000000,0.062796,PAUSE
11862,0.860004,1.000000,0.031612,PAUSE
11863,0.000000,0.000000,0.052339,PAUSE
11864,0.000000,1.000000,0.026792,PAUSE
11865,0.000000,0.000000,0.048027,PAUSE
11866,0.000000,0.000000,0.132544,PAUSE
11867,0.000000,0.000000,0.273755,PAUSE
11868,0.000000,0.000000,0.438798,PAUSE
11869,0.000000,0.000000,0.594131,ALLOW
11870,0.860004,1.000000,0.261722,PAUSE
11871,0.000000,0.000000,0.191813,PAUSE
11872,0.000000,1.000000,0.086111,PAUSE
11873,0.000000,0.000000,0.083959,PAUSE
11874,0.860004,1.000000,0.040271,PAUSE
11875,0.000000,0.000000,0.056509,PAUSE
11876,0.000000,1.000000,0.028522,PAUSE
11877,0.860004,1.000000,0.013278,PAUSE
11878,0.000000,1.000000,0.006248,PAUSE
11879,0.000000,0.000000,0.014918,PAUSE
11880,0.000000,0.000000,0.064544,PAUSE
11881,0.000000,0.000000,0.174374,PAUSE
11882,0.000000,0.000000,0.329404,PAUSE
11883,0.000000,0.000000,0.494755,PAUSE
11884,0.000000,0.000000,0.641714,ALLOW
11885,0.000000,0.000000,0.757389,ALLOW
11886,0.000000,0.000000,0.841236,ALLOW
11887,0.000000,0.000000,0.898662,ALLOW
11888,0.000000,0.000000,0.936470,ALLOW
11889,0.000000,0.000000,0.960684,ALLOW
11890,0.000000,0.000000,0.975892,ALLOW
11891,0.000000,0.000000,0.985313,ALLOW
11892,0.000000,0.000000,0.991094,ALLOW
11893,0.860004,1.000000,0.426219,PAUSE
11894,0.000000,1.000000,0.175417,PAUSE
11895,0.000000,0.000000,0.103811,PAUSE
11896,0.000000,0.000000,0.148038,PAUSE
11897,0.000000,0.000000,0.271884,PAUSE
11898,0.860004,1.000000,0.124786,PAUSE
11899,0.000000,0.000000,0.118189,PAUSE
11900,0.860004,0.000000,0.063983,PAUSE
11901,0.000000,0.000000,0.095579,PAUSE
11902,0.000000,1.000000,0.056912,PAUSE
11903,0.000000,0.000000,0.097598,PAUSE
11904,0.000000,0.000000,0.211113,PAUSE
11905,0.000000,0.000000,0.368035,PAUSE
11906,0.000000,0.000000,0.529928,ALLOW
11907,0.000000,0.000000,0.670098,ALLOW
11908,0.000000,0.000000,0.778370,ALLOW
11909,0.000000,0.000000,0.855815,ALLOW
11910,0.000000,0.000000,0.908361,ALLOW
11911,0.860004,1.000000,0.392190,PAUSE
11912,0.000000,1.000000,0.161711,PAUSE
11913,0.000000,0.000000,0.097944,PAUSE
11914,0.000000,0.000000,0.144959,PAUSE
11915,0.000000,0.000000,0.269774,PAUSE
11916,0.000000,0.000000,0.429131,PAUSE
11917,0.000000,0.000000,0.584076,ALLOW
11918,0.000000,0.000000,0.712775,ALLOW
11919,0.000000,0.000000,0.809362,ALLOW
11920,0.000000,0.000000,0.877076,ALLOW
11921,0.860004,1.000000,0.379286,PAUSE
11922,0.000000,1.000000,0.156510,PAUSE
11923,0.000000,0.000000,0.095701,PAUSE
11924,0.000000,0.000000,0.143751,PAUSE
11925,0.000000,0.000000,0.268918,PAUSE
11926,0.000000,0.000000,0.428449,PAUSE
11927,0.860004,1.000000,0.191900,PAUSE
11928,0.000000,1.000000,0.080702,PAUSE
11929,0.000000,0.000000,0.061703,PAUSE
11930,0.000000,0.000000,0.122961,PAUSE
11931,0.000000,0.000000,0.251831,PAUSE
11932,0.000000,0.000000,0.413559,PAUSE
11933,0.000000,0.000000,0.571346,ALLOW
11934,0.000000,0.000000,0.703137,ALLOW
11935,0.860004,1.000000,0.307207,PAUSE
11936,0.000000,1.000000,0.127421,PAUSE
11937,0.000000,0.000000,0.082986,PAUSE
11938,0.000000,0.000000,0.136588,PAUSE
11939,0.000000,0.000000,0.263544,PAUSE
11940,0.860004,1.000000,0.121279,PAUSE
11941,0.000000,0.000000,0.116349,PAUSE
11942,0.860004,0.000000,0.063227,PAUSE
11943,0.000000,0.000000,0.095224,PAUSE
11944,0.000000,1.000000,0.056744,PAUSE
11945,0.000000,0.000000,0.097468,PAUSE
11946,0.000000,0.000000,0.210976,PAUSE
11947,0.000000,0.000000,0.367895,PAUSE
11948,0.000000,0.000000,0.529803,ALLOW
11949,0.860004,1.000000,0.234728,PAUSE
11950,0.000000,1.000000,0.098091,PAUSE
11951,0.000000,0.000000,0.069799,PAUSE
11952,0.860004,1.000000,0.032925,PAUSE
11953,0.000000,0.000000,0.047129,PAUSE
11954,0.000000,1.000000,0.024184,PAUSE
11955,0.000000,0.000000,0.044946,PAUSE
11956,0.000000,0.000000,0.127555,PAUSE
11957,0.000000,0.000000,0.267340,PAUSE
11958,0.000000,0.000000,0.432259,PAUSE
11959,0.000000,0.000000,0.588479,ALLOW
11960,0.000000,0.000000,0.716730,ALLOW
11961,0.000000,0.000000,0.812383,ALLOW
11962,0.000000,0.000000,0.879195,ALLOW
11963,0.860004,1.000000,0.380162,PAUSE
11964,0.000000,1.000000,0.156863,PAUSE
11965,0.000000,0.000000,0.095854,PAUSE
11966,0.000000,0.000000,0.143835,PAUSE
11967,0.000000,0.000000,0.268978,PAUSE
11968,0.000000,0.000000,0.428497,PAUSE
11969,0.000000,0.000000,0.583579,ALLOW
11970,0.000000,0.000000,0.712407,ALLOW
11971,0.000000,0.000000,0.809104,ALLOW
11972,0.000000,0.000000,0.876902,ALLOW
11973,0.000000,0.000000,0.922263,ALLOW
11974,0.000000,0.000000,0.951641,ALLOW
11975,0.000000,0.000000,0.970237,ALLOW
11976,0.000000,0.000000,0.981821,ALLOW
11977,0.000000,0.000000,0.988957,ALLOW
11978,0.000000,0.000000,0.993317,ALLOW
11979,0.000000,0.000000,0.995966,ALLOW
11980,0.000000,0.000000,0.997570,ALLOW
11981,0.000000,0.000000,0.998538,ALLOW
11982,0.000000,0.000000,0.999121,ALLOW
11983,0.000000,0.000000,0.999472,ALLOW
11984,0.000000,0.000000,0.999683,ALLOW
11985,0.000000,0.000000,0.999810,ALLOW
11986,0.000000,0.000000,0.999886,ALLOW
11987,0.000000,0.000000,0.999931,ALLOW
11988,0.000000,0.000000,0.999959,ALLOW
11989,0.000000,0.000000,0.999975,ALLOW
11990,0.000000,0.000000,0.999985,ALLOW
11991,0.000000,0.000000,0.999991,ALLOW
11992,0.860004,0.000000,0.445460,PAUSE
11993,0.860004,0.000000,0.187853,PAUSE
11994,0.000000,0.000000,0.125548,PAUSE
11995,0.860004,0.000000,0.060505,PAUSE
11996,0.860004,0.000000,0.028166,PAUSE
11997,0.000000,0.759249,0.040788,PAUSE
11998,0.860004,0.000000,0.023777,PAUSE
11999,0.000000,0.571288,0.052661,PAUSE
12000,0.000000,0.000000,0.144729,PAUSE
12001,0.860004,0.000000,0.075516,PAUSE
12002,0.000000,0.000000,0.102473,PAUSE
12003,0.000000,0.195674,0.209497,PAUSE
12004,0.860004,0.000000,0.105019,PAUSE
12005,0.860004,0.000000,0.048129,PAUSE
12006,0.860004,0.000000,0.022155,PAUSE
12007,0.000000,0.000000,0.033351,PAUSE
12008,0.000000,0.000000,0.101375,PAUSE
12009,0.000000,0.000000,0.230242,PAUSE
12010,0.000000,0.000000,0.392767,PAUSE
12011,0.000000,0.000000,0.553490,ALLOW
12012,0.000000,0.000000,0.689271,ALLOW
12013,0.000000,0.000000,0.792527,ALLOW
12014,0.000000,0.000000,0.865620,ALLOW
12015,0.000000,0.000000,0.914863,ALLOW
12016,0.000000,0.000000,0.946913,ALLOW
12017,0.000000,0.000000,0.967272,ALLOW
12018,0.860004,0.000000,0.431848,PAUSE
12019,0.000000,0.000000,0.299457,PAUSE
12020,0.000000,0.000000,0.355810,PAUSE
12021,0.000000,0.000000,0.485122,PAUSE
12022,0.000000,0.000000,0.622877,ALLOW
12023,0.860004,0.000000,0.286317,PAUSE
12024,0.000000,0.000000,0.227597,PAUSE
12025,0.000000,0.000000,0.311468,PAUSE
12026,0.860004,0.000000,0.149518,PAUSE
12027,0.000000,0.000000,0.148789,PAUSE
12028,0.000000,0.000000,0.250432,PAUSE
12029,0.000000,0.000000,0.402005,PAUSE
12030,0.000000,0.000000,0.558103,ALLOW
12031,0.000000,0.000000,0.691766,ALLOW
12032,0.000000,0.000000,0.793956,ALLOW
12033,0.000000,0.000000,0.866466,ALLOW
12034,0.000000,0.000000,0.915372,ALLOW
12035,0.000000,0.000000,0.947221,ALLOW
12036,0.000000,0.000000,0.967459,ALLOW
12037,0.000000,0.000000,0.980099,ALLOW
12038,0.000000,0.000000,0.987900,ALLOW
12039,0.000000,0.000000,0.992672,ALLOW
12040,0.000000,0.000000,0.995575,ALLOW
12041,0.000000,0.000000,0.997333,ALLOW
12042,0.860004,1.000000,0.428806,PAUSE
12043,0.000000,0.000000,0.270702,PAUSE
12044,0.000000,0.000000,0.312038,PAUSE
12045,0.000000,0.000000,0.438670,PAUSE
12046,0.860004,1.000000,0.195717,PAUSE
12047,0.860004,0.000000,0.086198,PAUSE
12048,0.000000,0.000000,0.079167,PAUSE
12049,0.860004,0.000000,0.041236,PAUSE
12050,0.860004,0.000000,0.020290,PAUSE
12051,0.000000,0.000000,0.036880,PAUSE
12052,0.000000,0.000000,0.111706,PAUSE
12053,0.860004,1.000000,0.059913,PAUSE
12054,0.000000,0.000000,0.090170,PAUSE
12055,0.000000,1.000000,0.045872,PAUSE
12056,0.000000,0.000000,0.069176,PAUSE
12057,0.000000,0.000000,0.164104,PAUSE
12058,0.000000,0.000000,0.312366,PAUSE
12059,0.860004,1.000000,0.142473,PAUSE
12060,0.000000,0.000000,0.129014,PAUSE
12061,0.000000,1.000000,0.059978,PAUSE
12062,0.000000,0.000000,0.070227,PAUSE
12063,0.860004,1.000000,0.034508,PAUSE
12064,0.000000,0.000000,0.053220,PAUSE
12065,0.000000,1.000000,0.027120,PAUSE
12066,0.000000,0.000000,0.048064,PAUSE
12067,0.000000,0.000000,0.132387,PAUSE
12068,0.000000,0.000000,0.273491,PAUSE
12069,0.000000,0.000000,0.438512,PAUSE
12070,0.000000,0.000000,0.593880,ALLOW
12071,0.860004,1.000000,0.261617,PAUSE
12072,0.000000,0.000000,0.191761,PAUSE
12073,0.000000,1.000000,0.086089,PAUSE
12074,0.000000,0.000000,0.083949,PAUSE
12075,0.000000,0.000000,0.167884,PAUSE
12076,0.000000,0.000000,0.311562,PAUSE
12077,0.000000,0.000000,0.474674,PAUSE
12078,0.000000,0.000000,0.624118,ALLOW
12079,0.000000,0.000000,0.743848,ALLOW
12080,0.000000,0.000000,0.831615,ALLOW
12081,0.000000,0.000000,0.892174,ALLOW
12082,0.000000,0.000000,0.932248,ALLOW
12083,0.000000,0.000000,0.958003,ALLOW
12084,0.000000,0.000000,0.974218,ALLOW
12085,0.860004,1.000000,0.419290,PAUSE
12086,0.000000,0.000000,0.266358,PAUSE
12087,0.000000,1.000000,0.116655,PAUSE
12088,0.000000,0.000000,0.098440,PAUSE
12089,0.860004,1.000000,0.046245,PAUSE
12090,0.000000,0.000000,0.059554,PAUSE
12091,0.000000,1.000000,0.029798,PAUSE
12092,0.000000,0.000000,0.049685,PAUSE
12093,0.860004,1.000000,0.025558,PAUSE
12094,0.000000,0.000000,0.046871,PAUSE
12095,0.000000,1.000000,0.024330,PAUSE
12096,0.000000,0.000000,0.045985,PAUSE
12097,0.000000,0.000000,0.129789,PAUSE
12098,0.000000,0.000000,0.270380,PAUSE
12099,0.000000,0.000000,0.435409,PAUSE
12100,0.000000,0.000000,0.591219,ALLOW
12101,0.000000,0.000000,0.718854,ALLOW
12102,0.860004,1.000000,0.313748,PAUSE
12103,0.000000,1.000000,0.130064,PAUSE
12104,0.000000,0.000000,0.084156,PAUSE
12105,0.000000,0.000000,0.137274,PAUSE
12106,0.860004,1.000000,0.065324,PAUSE
12107,0.000000,1.000000,0.028753,PAUSE
12108,0.000000,0.000000,0.034549,PAUSE
12109,0.000000,0.000000,0.098706,PAUSE
12110,0.000000,0.000000,0.225076,PAUSE
12111,0.860004,1.000000,0.104805,PAUSE
12112,0.860004,0.000000,0.050360,PAUSE
12113,0.000000,1.000000,0.028017,PAUSE
12114,0.860004,1.000000,0.013426,PAUSE
12115,0.000000,1.000000,0.006408,PAUSE
12116,0.860004,1.000000,0.003221,PAUSE
12117,0.860004,0.000000,0.005263,PAUSE
12118,0.860004,0.000000,0.004346,PAUSE
12119,0.000000,1.000000,0.008591,PAUSE
12120,0.000000,0.000000,0.044437,PAUSE
12121,0.000000,0.000000,0.137706,PAUSE
12122,0.000000,0.000000,0.283442,PAUSE
12123,0.000000,0.000000,0.449448,PAUSE
12124,0.860004,1.000000,0.200877,PAUSE
12125,0.000000,1.000000,0.084359,PAUSE
12126,0.860004,1.000000,0.035223,PAUSE
12127,0.000000,1.000000,0.014903,PAUSE
12128,0.000000,0.000000,0.017378,PAUSE
12129,0.000000,0.000000,0.062641,PAUSE
12130,0.000000,0.000000,0.169178,PAUSE
12131,0.000000,0.000000,0.322646,PAUSE
12132,0.000000,0.000000,0.488112,PAUSE
12133,0.000000,0.000000,0.636161,ALLOW
12134,0.000000,0.000000,0.753204,ALLOW
12135,0.860004,1.000000,0.328018,PAUSE
12136,0.000000,0.000000,0.224002,PAUSE
12137,0.000000,1.000000,0.099348,PAUSE
12138,0.000000,0.000000,0.090391,PAUSE
12139,0.860004,1.000000,0.042935,PAUSE
12140,0.000000,0.000000,0.057906,PAUSE
12141,0.000000,1.000000,0.029110,PAUSE
12142,0.000000,0.000000,0.049303,PAUSE
12143,0.000000,0.000000,0.133688,PAUSE
12144,0.000000,0.000000,0.274952,PAUSE
12145,0.000000,0.000000,0.439938,PAUSE
12146,0.000000,0.000000,0.595092,ALLOW
12147,0.860004,1.000000,0.262124,PAUSE
12148,0.000000,0.000000,0.192011,PAUSE
12149,0.000000,1.000000,0.086193,PAUSE
12150,0.000000,0.000000,0.084000,PAUSE
12151,0.000000,0.000000,0.167921,PAUSE
12152,0.000000,0.000000,0.311594,PAUSE
12153,0.000000,0.000000,0.474702,PAUSE
12154,0.860004,1.000000,0.211501,PAUSE
12155,0.000000,1.000000,0.088668,PAUSE
12156,0.860004,1.000000,0.036960,PAUSE
12157,0.000000,1.000000,0.015602,PAUSE
12158,0.000000,0.000000,0.017694,PAUSE
12159,0.000000,0.000000,0.062874,PAUSE
12160,0.000000,0.000000,0.169436,PAUSE
12161,0.000000,0.000000,0.322924,PAUSE
12162,0.000000,0.000000,0.488371,PAUSE
12163,0.000000,0.000000,0.636373,ALLOW
12164,0.000000,0.000000,0.753363,ALLOW
12165,0.000000,0.000000,0.838406,ALLOW
12166,0.000000,0.000000,0.896765,ALLOW
12167,0.000000,0.000000,0.935241,ALLOW
12168,0.000000,0.000000,0.959905,ALLOW
12169,0.860004,1.000000,0.413408,PAUSE
12170,0.000000,0.000000,0.263692,PAUSE
12171,0.860004,0.000000,0.123406,PAUSE
12172,0.000000,0.000000,0.122376,PAUSE
12173,0.000000,1.000000,0.069162,PAUSE
12174,0.000000,0.000000,0.106120,PAUSE
12175,0.000000,0.000000,0.219473,PAUSE
12176,0.000000,0.000000,0.376247,PAUSE
12177,0.000000,0.000000,0.537141,ALLOW
12178,0.000000,0.000000,0.675798,ALLOW
12179,0.000000,0.000000,0.782529,ALLOW
12180,0.860004,1.000000,0.340179,PAUSE
12181,0.000000,1.000000,0.140736,PAUSE
12182,0.000000,0.000000,0.088844,PAUSE
12183,0.000000,0.000000,0.139958,PAUSE
12184,0.000000,0.000000,0.266135,PAUSE
12185,0.860004,1.000000,0.122372,PAUSE
12186,0.000000,0.000000,0.116932,PAUSE
12187,0.000000,1.000000,0.054860,PAUSE
12188,0.860004,1.000000,0.024199,PAUSE
12189,0.000000,1.000000,0.010727,PAUSE
12190,0.000000,0.000000,0.017577,PAUSE
12191,0.000000,0.000000,0.068026,PAUSE
12192,0.000000,0.000000,0.179418,PAUSE
12193,0.000000,0.000000,0.335232,PAUSE
12194,0.000000,0.000000,0.500273,ALLOW
12195,0.000000,0.000000,0.646255,ALLOW
12196,0.000000,0.000000,0.760783,ALLOW
12197,0.000000,0.000000,0.843611,ALLOW
12198,0.000000,0.000000,0.900249,ALLOW
12199,0.000000,0.000000,0.937497,ALLOW
12200,0.000000,0.000000,0.961334,ALLOW
12201,0.000000,0.000000,0.976296,ALLOW
12202,0.000000,0.000000,0.985563,ALLOW
12203,0.000000,0.000000,0.991247,ALLOW
12204,0.000000,0.000000,0.994710,ALLOW
12205,0.000000,0.000000,0.996810,ALLOW
12206,0.000000,0.000000,0.998079,ALLOW
12207,0.000000,0.000000,0.998845,ALLOW
12208,0.000000,0.000000,0.999306,ALLOW
12209,0.000000,0.000000,0.999583,ALLOW
12210,0.000000,0.000000,0.999750,ALLOW
12211,0.000000,0.000000,0.999850,ALLOW
12212,0.000000,0.000000,0.999910,ALLOW
12213,0.000000,0.000000,0.999946,ALLOW
12214,0.000000,0.000000,0.999968,ALLOW
12215,0.000000,0.000000,0.999981,ALLOW
12216,0.000000,0.000000,0.999988,ALLOW
12217,0.000000,0.000000,0.999993,ALLOW
12218,0.000000,0.000000,0.999996,ALLOW
12219,0.000000,0.000000,0.999997,ALLOW
12220,0.000000,0.000000,0.999998,ALLOW
12221,0.000000,0.000000,0.999999,ALLOW
12222,0.000000,0.000000,0.999999,ALLOW
12223,0.000000,0.000000,1.000000,ALLOW
12224,0.000000,0.000000,1.000000,ALLOW
12225,0.000000,0.000000,1.000000,ALLOW
12226,0.000000,0.000000,1.000000,ALLOW
12227,0.000000,0.000000,1.000000,ALLOW
12228,0.000000,0.000000,1.000000,ALLOW
12229,0.000000,0.000000,1.000000,ALLOW
12230,0.000000,0.000000,1.000000,ALLOW
12231,0.000000,0.000000,1.000000,ALLOW
12232,0.860004,1.000000,0.429872,PAUSE
12233,0.000000,0.000000,0.271128,PAUSE
12234,0.000000,1.000000,0.118596,PAUSE
12235,0.000000,0.000000,0.099318,PAUSE
12236,0.000000,0.000000,0.177848,PAUSE
12237,0.000000,0.000000,0.319691,PAUSE
12238,0.000000,0.000000,0.481475,PAUSE
12239,0.000000,0.000000,0.629474,ALLOW
12240,0.000000,0.000000,0.747788,ALLOW
12241,0.000000,0.000000,0.834356,ALLOW
12242,0.000000,0.000000,0.894002,ALLOW
12243,0.860004,1.000000,0.386270,PAUSE
12244,0.000000,0.000000,0.251270,PAUSE
12245,0.860004,0.000000,0.118407,PAUSE
12246,0.000000,0.000000,0.120301,PAUSE
12247,0.000000,0.000000,0.217568,PAUSE
12248,0.000000,0.000000,0.368011,PAUSE
12249,0.000000,0.000000,0.527805,ALLOW
12250,0.000000,0.000000,0.667729,ALLOW
12251,0.860004,0.000000,0.305684,PAUSE
12252,0.000000,0.000000,0.237928,PAUSE
12253,0.000000,0.000000,0.318609,PAUSE
12254,0.860004,0.000000,0.152578,PAUSE
12255,0.000000,1.000000,0.090706,PAUSE
12256,0.000000,0.000000,0.135069,PAUSE
12257,0.000000,0.000000,0.257300,PAUSE
12258,0.000000,0.000000,0.416326,PAUSE
12259,0.000000,0.000000,0.572904,ALLOW
12260,0.000000,0.000000,0.704076,ALLOW
12261,0.000000,0.000000,0.803101,ALLOW
12262,0.000000,0.000000,0.872807,ALLOW
12263,0.000000,0.000000,0.919576,ALLOW
12264,0.000000,0.000000,0.949923,ALLOW
12265,0.860004,1.000000,0.409303,PAUSE
12266,0.000000,1.000000,0.168606,PAUSE
12267,0.000000,0.000000,0.100903,PAUSE
12268,0.000000,0.000000,0.146527,PAUSE
12269,0.000000,0.000000,0.270863,PAUSE
12270,0.000000,0.000000,0.429986,PAUSE
12271,0.000000,0.000000,0.584741,ALLOW
12272,0.000000,0.000000,0.713266,ALLOW
12273,0.000000,0.000000,0.809707,ALLOW
12274,0.000000,0.000000,0.877307,ALLOW
12275,0.000000,0.000000,0.922527,ALLOW
12276,0.000000,0.000000,0.951808,ALLOW
12277,0.000000,0.000000,0.970342,ALLOW
12278,0.000000,0.000000,0.981886,ALLOW
12279,0.000000,0.000000,0.988996,ALLOW
12280,0.000000,0.000000,0.993341,ALLOW
12281,0.000000,0.000000,0.995981,ALLOW
12282,0.000000,0.000000,0.997578,ALLOW
12283,0.000000,0.000000,0.998543,ALLOW
12284,0.000000,0.000000,0.999124,ALLOW
12285,0.000000,0.000000,0.999474,ALLOW
12286,0.000000,0.000000,0.999684,ALLOW
12287,0.860004,1.000000,0.429743,PAUSE
12288,0.860004,0.000000,0.181566,PAUSE
12289,0.000000,1.000000,0.082770,PAUSE
12290,0.000000,0.000000,0.084987,PAUSE
12291,0.000000,0.000000,0.172114,PAUSE
12292,0.000000,0.000000,0.317395,PAUSE
12293,0.000000,0.000000,0.480555,PAUSE
12294,0.000000,0.000000,0.629105,ALLOW
12295,0.000000,0.000000,0.747640,ALLOW
12296,0.000000,0.000000,0.834296,ALLOW
12297,0.000000,0.000000,0.893978,ALLOW
12298,0.000000,0.000000,0.933421,ALLOW
12299,0.000000,0.000000,0.958747,ALLOW
12300,0.000000,0.000000,0.974683,ALLOW
12301,0.000000,0.000000,0.984568,ALLOW
12302,0.000000,0.000000,0.990638,ALLOW
12303,0.000000,0.000000,0.994340,ALLOW
12304,0.000000,0.000000,0.996586,ALLOW
12305,0.000000,0.000000,0.997944,ALLOW
12306,0.000000,0.000000,0.998763,ALLOW
12307,0.860004,1.000000,0.429365,PAUSE
12308,0.000000,1.000000,0.176683,PAUSE
12309,0.000000,0.000000,0.104349,PAUSE
12310,0.000000,0.000000,0.148314,PAUSE
12311,0.000000,0.000000,0.272067,PAUSE
12312,0.000000,0.000000,0.430912,PAUSE
12313,0.000000,0.000000,0.585454,ALLOW
12314,0.000000,0.000000,0.713790,ALLOW
12315,0.000000,0.000000,0.810072,ALLOW
12316,0.000000,0.000000,0.877552,ALLOW
12317,0.000000,0.000000,0.922687,ALLOW
12318,0.000000,0.000000,0.951910,ALLOW
12319,0.000000,0.000000,0.970405,ALLOW
12320,0.000000,0.000000,0.981925,ALLOW
12321,0.000000,0.000000,0.989020,ALLOW
12322,0.000000,0.000000,0.993355,ALLOW
12323,0.000000,0.000000,0.995989,ALLOW
12324,0.000000,0.000000,0.997584,ALLOW
12325,0.000000,0.000000,0.998546,ALLOW
12326,0.000000,0.000000,0.999126,ALLOW
12327,0.000000,0.000000,0.999475,ALLOW
12328,0.860004,1.000000,0.429657,PAUSE
12329,0.000000,1.000000,0.176800,PAUSE
12330,0.000000,0.000000,0.104399,PAUSE
12331,0.000000,0.000000,0.148339,PAUSE
12332,0.000000,0.000000,0.272083,PAUSE
12333,0.000000,0.000000,0.430925,PAUSE
12334,0.000000,0.000000,0.585463,ALLOW
12335,0.000000,0.000000,0.713797,ALLOW
12336,0.000000,0.000000,0.810077,ALLOW
12337,0.000000,0.000000,0.877556,ALLOW
12338,0.000000,0.000000,0.922689,ALLOW
12339,0.000000,0.000000,0.951911,ALLOW
12340,0.000000,0.000000,0.970406,ALLOW
12341,0.000000,0.000000,0.981926,ALLOW
12342,0.000000,0.000000,0.989021,ALLOW
12343,0.000000,0.000000,0.993356,ALLOW
12344,0.000000,0.000000,0.995990,ALLOW
12345,0.000000,0.000000,0.997584,ALLOW
12346,0.000000,0.000000,0.998546,ALLOW
12347,0.000000,0.000000,0.999126,ALLOW
12348,0.000000,0.000000,0.999475,ALLOW
12349,0.000000,0.000000,0.999685,ALLOW
12350,0.000000,0.000000,0.999811,ALLOW
12351,0.000000,0.000000,0.999886,ALLOW
12352,0.000000,0.000000,0.999932,ALLOW
12353,0.000000,0.000000,0.999959,ALLOW
12354,0.000000,0.000000,0.999975,ALLOW
12355,0.000000,0.000000,0.999985,ALLOW
12356,0.000000,0.000000,0.999991,ALLOW
12357,0.000000,0.000000,0.999995,ALLOW
12358,0.000000,0.000000,0.999997,ALLOW
12359,0.860004,1.000000,0.429871,PAUSE
12360,0.860004,0.000000,0.181617,PAUSE
12361,0.860004,0.000000,0.076466,PAUSE
12362,0.000000,1.000000,0.046212,PAUSE
12363,0.860004,1.000000,0.021832,PAUSE
12364,0.000000,1.000000,0.010061,PAUSE
12365,0.000000,0.000000,0.019341,PAUSE
12366,0.000000,0.000000,0.074167,PAUSE
12367,0.000000,0.000000,0.189873,PAUSE
12368,0.000000,0.000000,0.347636,PAUSE
12369,0.000000,0.000000,0.512048,ALLOW
12370,0.000000,0.000000,0.655928,ALLOW
12371,0.000000,0.000000,0.767997,ALLOW
12372,0.000000,0.000000,0.848648,ALLOW
12373,0.000000,0.000000,0.903610,ALLOW
12374,0.860004,1.000000,0.390232,PAUSE
12375,0.000000,1.000000,0.160922,PAUSE
12376,0.000000,0.000000,0.097605,PAUSE
12377,0.000000,0.000000,0.144778,PAUSE
12378,0.000000,0.000000,0.269647,PAUSE
12379,0.000000,0.000000,0.429030,PAUSE
12380,0.000000,0.000000,0.583997,ALLOW
12381,0.000000,0.000000,0.712716,ALLOW
12382,0.000000,0.000000,0.809321,ALLOW
12383,0.000000,0.000000,0.877048,ALLOW
12384,0.000000,0.000000,0.922358,ALLOW
12385,0.000000,0.000000,0.951701,ALLOW
12386,0.000000,0.000000,0.970275,ALLOW
12387,0.000000,0.000000,0.981845,ALLOW
12388,0.000000,0.000000,0.988971,ALLOW
12389,0.000000,0.000000,0.993325,ALLOW
12390,0.000000,0.000000,0.995971,ALLOW
12391,0.000000,0.000000,0.997573,ALLOW
12392,0.000000,0.000000,0.998540,ALLOW
12393,0.000000,0.000000,0.999122,ALLOW
12394,0.860004,1.000000,0.429512,PAUSE
12395,0.860004,0.000000,0.181473,PAUSE
12396,0.000000,1.000000,0.082733,PAUSE
12397,0.000000,0.000000,0.084970,PAUSE
12398,0.000000,0.000000,0.172104,PAUSE
12399,0.000000,0.000000,0.317387,PAUSE
12400,0.860004,1.000000,0.144559,PAUSE
12401,0.000000,1.000000,0.061419,PAUSE
12402,0.000000,0.000000,0.052410,PAUSE
12403,0.860004,1.000000,0.025698,PAUSE
12404,0.000000,1.000000,0.011914,PAUSE
12405,0.000000,0.000000,0.022118,PAUSE
12406,0.000000,0.000000,0.080441,PAUSE
12407,0.000000,0.000000,0.199743,PAUSE
12408,0.000000,0.000000,0.359005,PAUSE
12409,0.000000,0.000000,0.522676,ALLOW
12410,0.000000,0.000000,0.664577,ALLOW
12411,0.000000,0.000000,0.774409,ALLOW
12412,0.000000,0.000000,0.853108,ALLOW
12413,0.000000,0.000000,0.906577,ALLOW
12414,0.000000,0.000000,0.941585,ALLOW
12415,0.000000,0.000000,0.963916,ALLOW
12416,0.000000,0.000000,0.977903,ALLOW
12417,0.000000,0.000000,0.986551,ALLOW
12418,0.000000,0.000000,0.991850,ALLOW
12419,0.000000,0.000000,0.995076,ALLOW
12420,0.860004,1.000000,0.427853,PAUSE
12421,0.000000,1.000000,0.176074,PAUSE
12422,0.860004,1.000000,0.072106,PAUSE
12423,0.000000,1.000000,0.029719,PAUSE
12424,0.860004,1.000000,0.012482,PAUSE
12425,0.000000,1.000000,0.005464,PAUSE
12426,0.000000,0.000000,0.010407,PAUSE
12427,0.000000,0.000000,0.049898,PAUSE
12428,0.000000,0.000000,0.148017,PAUSE
12429,0.860004,1.000000,0.071032,PAUSE
12430,0.000000,1.000000,0.031245,PAUSE
12431,0.000000,0.000000,0.036625,PAUSE
12432,0.000000,0.000000,0.101899,PAUSE
12433,0.860004,1.000000,0.050153,PAUSE
12434,0.000000,1.000000,0.022528,PAUSE
12435,0.000000,0.000000,0.031219,PAUSE
12436,0.000000,0.000000,0.095504,PAUSE
12437,0.000000,0.000000,0.221332,PAUSE
12438,0.000000,0.000000,0.382918,PAUSE
12439,0.000000,0.000000,0.544558,ALLOW
12440,0.000000,0.000000,0.682153,ALLOW
12441,0.860004,1.000000,0.298475,PAUSE
12442,0.000000,0.000000,0.209827,PAUSE
12443,0.000000,1.000000,0.093529,PAUSE
12444,0.000000,0.000000,0.087596,PAUSE
12445,0.000000,0.000000,0.170434,PAUSE
12446,0.000000,0.000000,0.313770,PAUSE
12447,0.000000,0.000000,0.476578,PAUSE
12448,0.000000,0.000000,0.625639,ALLOW
12449,0.000000,0.000000,0.744975,ALLOW
12450,0.000000,0.000000,0.832401,ALLOW
12451,0.000000,0.000000,0.892700,ALLOW
12452,0.000000,0.000000,0.932589,ALLOW
12453,0.000000,0.000000,0.958219,ALLOW
12454,0.000000,0.000000,0.974353,ALLOW
12455,0.000000,0.000000,0.984364,ALLOW
12456,0.000000,0.000000,0.990514,ALLOW
12457,0.000000,0.000000,0.994264,ALLOW
12458,0.000000,0.000000,0.996540,ALLOW
12459,0.860004,1.000000,0.428453,PAUSE
12460,0.000000,1.000000,0.176316,PAUSE
12461,0.000000,0.000000,0.104193,PAUSE
12462,0.000000,0.000000,0.148234,PAUSE
12463,0.000000,0.000000,0.272014,PAUSE
12464,0.000000,0.000000,0.430872,PAUSE
12465,0.000000,0.000000,0.585423,ALLOW
12466,0.000000,0.000000,0.713767,ALLOW
12467,0.000000,0.000000,0.810057,ALLOW
12468,0.000000,0.000000,0.877542,ALLOW
12469,0.000000,0.000000,0.922680,ALLOW
12470,0.860004,1.000000,0.398089,PAUSE
12471,0.000000,1.000000,0.164088,PAUSE
12472,0.000000,0.000000,0.098966,PAUSE
12473,0.000000,0.000000,0.145504,PAUSE
12474,0.000000,0.000000,0.270155,PAUSE
12475,0.000000,0.000000,0.429432,PAUSE
12476,0.860004,1.000000,0.192312,PAUSE
12477,0.000000,1.000000,0.080869,PAUSE
12478,0.000000,0.000000,0.061779,PAUSE
12479,0.000000,0.000000,0.123011,PAUSE
12480,0.000000,0.000000,0.251875,PAUSE
12481,0.000000,0.000000,0.413599,PAUSE
12482,0.000000,0.000000,0.571379,ALLOW
12483,0.000000,0.000000,0.703162,ALLOW
12484,0.000000,0.000000,0.802535,ALLOW
12485,0.000000,0.000000,0.872454,ALLOW
12486,0.000000,0.000000,0.919355,ALLOW
12487,0.000000,0.000000,0.949787,ALLOW
12488,0.000000,0.000000,0.969076,ALLOW
12489,0.000000,0.000000,0.981103,ALLOW
12490,0.000000,0.000000,0.988517,ALLOW
12491,0.000000,0.000000,0.993049,ALLOW
12492,0.000000,0.000000,0.995804,ALLOW
12493,0.000000,0.000000,0.997472,ALLOW
12494,0.000000,0.000000,0.998479,ALLOW
12495,0.000000,0.000000,0.999085,ALLOW
12496,0.000000,0.000000,0.999450,ALLOW
12497,0.000000,0.000000,0.999670,ALLOW
12498,0.000000,0.000000,0.999802,ALLOW
12499,0.000000,0.000000,0.999881,ALLOW
12500,0.000000,0.000000,0.999929,ALLOW
12501,0.000000,0.000000,0.999957,ALLOW
12502,0.000000,0.000000,0.999974,ALLOW
12503,0.000000,0.000000,0.999985,ALLOW
12504,0.860004,1.000000,0.429866,PAUSE
12505,0.000000,1.000000,0.176884,PAUSE
12506,0.000000,0.000000,0.104434,PAUSE
12507,0.000000,0.000000,0.148357,PAUSE
12508,0.000000,0.000000,0.272095,PAUSE
12509,0.000000,0.000000,0.430934,PAUSE
12510,0.000000,0.000000,0.585470,ALLOW
12511,0.000000,0.000000,0.713802,ALLOW
12512,0.000000,0.000000,0.810081,ALLOW
12513,0.000000,0.000000,0.877558,ALLOW
12514,0.860004,1.000000,0.379485,PAUSE
12515,0.000000,1.000000,0.156591,PAUSE
12516,0.000000,0.000000,0.095736,PAUSE
12517,0.000000,0.000000,0.143770,PAUSE
12518,0.000000,0.000000,0.268931,PAUSE
12519,0.860004,1.000000,0.123548,PAUSE
12520,0.000000,1.000000,0.052811,PAUSE
12521,0.000000,0.000000,0.048011,PAUSE
12522,0.000000,0.000000,0.112311,PAUSE
12523,0.000000,0.000000,0.241102,PAUSE
12524,0.000000,0.000000,0.403237,PAUSE
12525,0.000000,0.000000,0.562504,ALLOW
12526,0.000000,0.000000,0.696286,ALLOW
12527,0.860004,1.000000,0.304358,PAUSE
12528,0.000000,1.000000,0.126270,PAUSE
12529,0.860004,1.000000,0.052100,PAUSE
12530,0.000000,1.000000,0.021690,PAUSE
12531,0.000000,0.000000,0.020397,PAUSE
12532,0.000000,0.000000,0.064735,PAUSE
12533,0.000000,0.000000,0.171386,PAUSE
12534,0.000000,0.000000,0.324982,PAUSE
12535,0.000000,0.000000,0.490272,PAUSE
12536,0.860004,1.000000,0.218106,PAUSE
12537,0.000000,1.000000,0.091352,PAUSE
12538,0.000000,0.000000,0.066708,PAUSE
12539,0.000000,0.000000,0.126449,PAUSE
12540,0.000000,0.000000,0.255059,PAUSE
12541,0.000000,0.000000,0.416545,PAUSE
12542,0.000000,0.000000,0.573858,ALLOW
12543,0.860004,1.000000,0.253218,PAUSE
12544,0.000000,1.000000,0.105582,PAUSE
12545,0.000000,0.000000,0.073209,PAUSE
12546,0.860004,1.000000,0.034330,PAUSE
12547,0.000000,1.000000,0.015431,PAUSE
12548,0.860004,1.000000,0.007056,PAUSE
12549,0.000000,1.000000,0.003420,PAUSE
12550,0.000000,0.000000,0.010853,PAUSE
12551,0.000000,0.000000,0.054169,PAUSE
12552,0.000000,0.000000,0.156484,PAUSE
12553,0.860004,1.000000,0.074790,PAUSE
12554,0.000000,1.000000,0.032801,PAUSE
12555,0.860004,1.000000,0.014335,PAUSE
12556,0.000000,1.000000,0.006457,PAUSE
12557,0.860004,1.000000,0.003112,PAUSE
12558,0.000000,1.000000,0.001684,PAUSE
12559,0.000000,0.000000,0.008560,PAUSE
12560,0.860004,1.000000,0.005645,PAUSE
12561,0.000000,1.000000,0.003296,PAUSE
12562,0.000000,0.000000,0.014532,PAUSE
12563,0.000000,0.000000,0.066609,PAUSE
12564,0.000000,0.000000,0.178553,PAUSE
12565,0.000000,0.000000,0.334576,PAUSE
12566,0.000000,0.000000,0.499752,PAUSE
12567,0.000000,0.000000,0.645858,ALLOW
12568,0.000000,0.000000,0.760496,ALLOW
12569,0.000000,0.000000,0.843414,ALLOW
12570,0.000000,0.000000,0.900119,ALLOW
12571,0.000000,0.000000,0.937413,ALLOW
12572,0.000000,0.000000,0.961281,ALLOW
12573,0.000000,0.000000,0.976264,ALLOW
12574,0.000000,0.000000,0.985543,ALLOW
12575,0.000000,0.000000,0.991234,ALLOW
12576,0.000000,0.000000,0.994702,ALLOW
12577,0.000000,0.000000,0.996805,ALLOW
12578,0.000000,0.000000,0.998077,ALLOW
12579,0.000000,0.000000,0.998843,ALLOW
12580,0.000000,0.000000,0.999305,ALLOW
12581,0.000000,0.000000,0.999582,ALLOW
12582,0.000000,0.000000,0.999749,ALLOW
12583,0.860004,1.000000,0.429769,PAUSE
12584,0.860004,0.000000,0.181576,PAUSE
12585,0.860004,0.000000,0.076450,PAUSE
12586,0.000000,1.000000,0.046206,PAUSE
12587,0.000000,0.000000,0.085712,PAUSE
12588,0.000000,0.000000,0.195646,PAUSE
12589,0.000000,0.000000,0.351118,PAUSE
12590,0.000000,0.000000,0.514406,ALLOW
12591,0.000000,0.000000,0.657572,ALLOW
12592,0.000000,0.000000,0.769125,ALLOW
12593,0.000000,0.000000,0.849402,ALLOW
12594,0.860004,1.000000,0.367858,PAUSE
12595,0.860004,0.000000,0.156521,PAUSE
12596,0.000000,1.000000,0.072531,PAUSE
12597,0.000000,0.000000,0.080210,PAUSE
12598,0.000000,0.000000,0.169113,PAUSE
12599,0.000000,0.000000,0.315015,PAUSE
12600,0.000000,0.000000,0.478595,PAUSE
12601,0.000000,0.000000,0.627574,ALLOW
12602,0.860004,1.000000,0.275698,PAUSE
12603,0.860004,0.000000,0.119296,PAUSE
12604,0.000000,1.000000,0.057187,PAUSE
12605,0.000000,0.000000,0.072654,PAUSE
12606,0.860004,1.000000,0.035770,PAUSE
12607,0.000000,1.000000,0.016323,PAUSE
12608,0.000000,0.000000,0.026202,PAUSE
12609,0.000000,0.000000,0.087674,PAUSE
12610,0.860004,1.000000,0.043798,PAUSE
12611,0.000000,1.000000,0.019879,PAUSE
12612,0.000000,0.000000,0.029580,PAUSE
12613,0.000000,0.000000,0.093541,PAUSE
12614,0.000000,0.000000,0.218811,PAUSE
12615,0.000000,0.000000,0.380233,PAUSE
12616,0.000000,0.000000,0.542144,ALLOW
12617,0.000000,0.000000,0.680233,ALLOW
12618,0.000000,0.000000,0.785925,ALLOW
12619,0.000000,0.000000,0.861075,ALLOW
12620,0.000000,0.000000,0.911860,ALLOW
12621,0.000000,0.000000,0.944984,ALLOW
12622,0.000000,0.000000,0.966058,ALLOW
12623,0.000000,0.000000,0.979233,ALLOW
12624,0.000000,0.000000,0.987369,ALLOW
12625,0.000000,0.000000,0.992349,ALLOW
12626,0.000000,0.000000,0.995379,ALLOW
12627,0.860004,1.000000,0.427977,PAUSE
12628,0.000000,1.000000,0.176124,PAUSE
12629,0.000000,0.000000,0.104112,PAUSE
12630,0.000000,0.000000,0.148192,PAUSE
12631,0.000000,0.000000,0.271986,PAUSE
12632,0.000000,0.000000,0.430851,PAUSE
12633,0.000000,0.000000,0.585407,ALLOW
12634,0.000000,0.000000,0.713756,ALLOW
12635,0.000000,0.000000,0.810049,ALLOW
12636,0.000000,0.000000,0.877536,ALLOW
12637,0.000000,0.000000,0.922676,ALLOW
12638,0.000000,0.000000,0.951903,ALLOW
12639,0.000000,0.000000,0.970401,ALLOW
12640,0.860004,1.000000,0.417722,PAUSE
12641,0.000000,1.000000,0.171996,PAUSE
12642,0.860004,1.000000,0.070469,PAUSE
12643,0.000000,1.000000,0.029063,PAUSE
12644,0.000000,0.000000,0.023552,PAUSE
12645,0.000000,0.000000,0.066591,PAUSE
12646,0.000000,0.000000,0.173044,PAUSE
12647,0.000000,0.000000,0.326612,PAUSE
12648,0.000000,0.000000,0.491738,PAUSE
12649,0.000000,0.000000,0.639113,ALLOW
12650,0.000000,0.000000,0.755403,ALLOW
12651,0.000000,0.000000,0.839832,ALLOW
12652,0.000000,0.000000,0.897718,ALLOW
12653,0.000000,0.000000,0.935857,ALLOW
12654,0.000000,0.000000,0.960295,ALLOW
12655,0.860004,1.000000,0.413569,PAUSE
12656,0.000000,1.000000,0.170323,PAUSE
12657,0.000000,0.000000,0.101638,PAUSE
12658,0.000000,0.000000,0.146912,PAUSE
12659,0.000000,0.000000,0.271126,PAUSE
12660,0.000000,0.000000,0.430190,PAUSE
12661,0.000000,0.000000,0.584899,ALLOW
12662,0.000000,0.000000,0.713382,ALLOW
12663,0.000000,0.000000,0.809788,ALLOW
12664,0.860004,1.000000,0.351470,PAUSE
12665,0.000000,1.000000,0.145292,PAUSE
12666,0.000000,0.000000,0.090833,PAUSE
12667,0.860004,1.000000,0.041548,PAUSE
12668,0.860004,0.000000,0.023517,PAUSE
12669,0.860004,0.000000,0.012525,PAUSE
12670,0.000000,1.000000,0.015728,PAUSE
12671,0.000000,0.000000,0.059911,PAUSE
12672,0.000000,0.000000,0.164847,PAUSE
12673,0.000000,0.000000,0.317460,PAUSE
12674,0.000000,0.000000,0.483111,PAUSE
12675,0.000000,0.000000,0.632001,ALLOW
12676,0.000000,0.000000,0.750073,ALLOW
12677,0.000000,0.000000,0.836094,ALLOW
12678,0.000000,0.000000,0.895215,ALLOW
12679,0.860004,1.000000,0.386771,PAUSE
12680,0.000000,1.000000,0.159528,PAUSE
12681,0.000000,0.000000,0.097004,PAUSE
12682,0.860004,1.000000,0.044062,PAUSE
12683,0.000000,1.000000,0.019366,PAUSE
12684,0.000000,0.000000,0.025770,PAUSE
12685,0.000000,0.000000,0.083552,PAUSE
12686,0.000000,0.000000,0.203293,PAUSE
12687,0.000000,0.000000,0.362723,PAUSE
12688,0.860004,1.000000,0.164055,PAUSE
12689,0.860004,0.000000,0.074476,PAUSE
12690,0.860004,0.000000,0.033414,PAUSE
12691,0.860004,1.000000,0.015485,PAUSE
12692,0.860004,1.000000,0.007730,PAUSE
12693,0.000000,1.000000,0.004374,PAUSE
12694,0.000000,0.000000,0.016745,PAUSE
12695,0.000000,0.000000,0.072289,PAUSE
12696,0.000000,0.000000,0.187904,PAUSE
12697,0.000000,0.000000,0.345607,PAUSE
12698,0.000000,0.000000,0.510213,ALLOW
12699,0.000000,0.000000,0.654451,ALLOW
12700,0.000000,0.000000,0.766907,ALLOW
12701,0.000000,0.000000,0.847891,ALLOW
12702,0.000000,0.000000,0.903107,ALLOW
12703,0.000000,0.000000,0.939345,ALLOW
12704,0.000000,0.000000,0.962502,ALLOW
12705,0.000000,0.000000,0.977024,ALLOW
12706,0.000000,0.000000,0.986011,ALLOW
12707,0.860004,1.000000,0.424133,PAUSE
12708,0.000000,1.000000,0.174577,PAUSE
12709,0.000000,0.000000,0.103453,PAUSE
12710,0.000000,0.000000,0.147854,PAUSE
12711,0.000000,0.000000,0.271761,PAUSE
12712,0.000000,0.000000,0.430680,PAUSE
12713,0.000000,0.000000,0.585276,ALLOW
12714,0.000000,0.000000,0.713659,ALLOW
12715,0.000000,0.000000,0.809982,ALLOW
12716,0.860004,1.000000,0.351550,PAUSE
12717,0.000000,1.000000,0.145324,PAUSE
12718,0.860004,1.000000,0.059759,PAUSE
12719,0.000000,1.000000,0.024765,PAUSE
12720,0.000000,0.000000,0.021725,PAUSE
12721,0.860004,1.000000,0.011521,PAUSE
12722,0.000000,1.000000,0.005809,PAUSE
12723,0.000000,0.000000,0.016744,PAUSE
12724,0.860004,1.000000,0.009887,PAUSE
12725,0.000000,1.000000,0.005245,PAUSE
12726,0.860004,1.000000,0.002848,PAUSE
12727,0.000000,1.000000,0.001680,PAUSE
12728,0.000000,0.000000,0.009609,PAUSE
12729,0.000000,0.000000,0.051925,PAUSE
12730,0.000000,0.000000,0.152732,PAUSE
12731,0.860004,1.000000,0.073133,PAUSE
12732,0.860004,0.000000,0.037363,PAUSE
12733,0.000000,1.000000,0.022259,PAUSE
12734,0.860004,1.000000,0.011026,PAUSE
12735,0.000000,1.000000,0.005421,PAUSE
12736,0.000000,0.000000,0.015169,PAUSE
12737,0.000000,0.000000,0.066273,PAUSE
12738,0.000000,0.000000,0.177532,PAUSE
12739,0.000000,0.000000,0.333245,PAUSE
12740,0.000000,0.000000,0.498449,PAUSE
12741,0.000000,0.000000,0.644773,ALLOW
12742,0.000000,0.000000,0.759682,ALLOW
12743,0.000000,0.000000,0.842843,ALLOW
12744,0.000000,0.000000,0.899736,ALLOW
12745,0.000000,0.000000,0.937166,ALLOW
12746,0.000000,0.000000,0.961124,ALLOW
12747,0.000000,0.000000,0.976166,ALLOW
12748,0.000000,0.000000,0.985482,ALLOW
12749,0.000000,0.000000,0.991198,ALLOW
12750,0.000000,0.000000,0.994680,ALLOW
12751,0.000000,0.000000,0.996792,ALLOW
12752,0.000000,0.000000,0.998069,ALLOW
12753,0.000000,0.000000,0.998838,ALLOW
12754,0.000000,0.000000,0.999302,ALLOW
12755,0.000000,0.000000,0.999581,ALLOW
12756,0.000000,0.000000,0.999748,ALLOW
12757,0.000000,0.000000,0.999849,ALLOW
12758,0.000000,0.000000,0.999909,ALLOW
12759,0.000000,0.000000,0.999946,ALLOW
12760,0.000000,0.000000,0.999967,ALLOW
12761,0.000000,0.000000,0.999980,ALLOW
12762,0.000000,0.000000,0.999988,ALLOW
12763,0.000000,0.000000,0.999993,ALLOW
12764,0.000000,0.000000,0.999996,ALLOW
12765,0.000000,0.000000,0.999997,ALLOW
12766,0.000000,0.000000,0.999998,ALLOW
12767,0.000000,0.000000,0.999999,ALLOW
12768,0.860004,1.000000,0.429872,PAUSE
12769,0.000000,1.000000,0.176887,PAUSE
12770,0.000000,0.000000,0.104435,PAUSE
12771,0.000000,0.000000,0.148358,PAUSE
12772,0.000000,0.000000,0.272096,PAUSE
12773,0.000000,0.000000,0.430934,PAUSE
12774,0.000000,0.000000,0.585470,ALLOW
12775,0.860004,1.000000,0.258067,PAUSE
12776,0.000000,1.000000,0.107544,PAUSE
12777,0.000000,0.000000,0.074090,PAUSE
12778,0.860004,1.000000,0.034692,PAUSE
12779,0.000000,1.000000,0.015577,PAUSE
12780,0.000000,0.000000,0.024000,PAUSE
12781,0.860004,1.000000,0.013215,PAUSE
12782,0.860004,0.000000,0.011712,PAUSE
12783,0.000000,1.000000,0.009428,PAUSE
12784,0.000000,0.000000,0.036649,PAUSE
12785,0.000000,0.000000,0.119711,PAUSE
12786,0.860004,1.000000,0.058385,PAUSE
12787,0.000000,1.000000,0.025991,PAUSE
12788,0.000000,0.000000,0.033513,PAUSE
12789,0.860004,1.000000,0.017639,PAUSE
12790,0.000000,1.000000,0.008585,PAUSE
12791,0.860004,1.000000,0.004264,PAUSE
12792,0.000000,1.000000,0.002281,PAUSE
12793,0.000000,0.000000,0.010183,PAUSE
12794,0.000000,0.000000,0.053226,PAUSE
12795,0.000000,0.000000,0.155007,PAUSE
12796,0.000000,0.000000,0.305768,PAUSE
12797,0.000000,0.000000,0.471805,PAUSE
12798,0.000000,0.000000,0.622559,ALLOW
12799,0.000000,0.000000,0.742944,ALLOW
12800,0.000000,0.000000,0.831071,ALLOW
12801,0.000000,0.000000,0.891842,ALLOW
12802,0.000000,0.000000,0.932045,ALLOW
12803,0.000000,0.000000,0.957878,ALLOW
12804,0.000000,0.000000,0.974142,ALLOW
12805,0.000000,0.000000,0.984235,ALLOW
12806,0.000000,0.000000,0.990435,ALLOW
12807,0.000000,0.000000,0.994217,ALLOW
12808,0.000000,0.000000,0.996511,ALLOW
12809,0.000000,0.000000,0.997899,ALLOW
12810,0.860004,1.000000,0.429011,PAUSE
12811,0.000000,1.000000,0.176540,PAUSE
12812,0.000000,0.000000,0.104288,PAUSE
12813,0.000000,0.000000,0.148283,PAUSE
12814,0.860004,1.000000,0.069904,PAUSE
12815,0.000000,1.000000,0.030612,PAUSE
12816,0.000000,0.000000,0.035433,PAUSE
12817,0.000000,0.000000,0.099370,PAUSE
12818,0.000000,0.000000,0.225748,PAUSE
12819,0.000000,0.000000,0.387445,PAUSE
12820,0.000000,0.000000,0.548566,ALLOW
12821,0.000000,0.000000,0.685319,ALLOW
12822,0.000000,0.000000,0.789631,ALLOW
12823,0.860004,1.000000,0.343124,PAUSE
12824,0.000000,1.000000,0.141925,PAUSE
12825,0.000000,0.000000,0.089365,PAUSE
12826,0.000000,0.000000,0.140253,PAUSE
12827,0.860004,1.000000,0.066569,PAUSE
12828,0.000000,0.000000,0.079494,PAUSE
12829,0.000000,0.000000,0.171489,PAUSE
12830,0.000000,1.000000,0.081054,PAUSE
12831,0.000000,0.000000,0.091109,PAUSE
12832,0.000000,0.000000,0.185170,PAUSE
12833,0.000000,0.000000,0.333901,PAUSE
12834,0.000000,0.000000,0.496703,PAUSE
12835,0.000000,0.000000,0.642603,ALLOW
12836,0.000000,0.000000,0.757818,ALLOW
12837,0.000000,0.000000,0.841456,ALLOW
12838,0.000000,0.000000,0.898780,ALLOW
12839,0.860004,1.000000,0.388240,PAUSE
12840,0.000000,0.000000,0.252179,PAUSE
12841,0.000000,0.000000,0.301785,PAUSE
12842,0.000000,1.000000,0.136209,PAUSE
12843,0.000000,0.000000,0.121375,PAUSE
12844,0.000000,0.000000,0.209423,PAUSE
12845,0.000000,0.000000,0.356133,PAUSE
12846,0.000000,0.000000,0.516005,ALLOW
12847,0.000000,0.000000,0.657915,ALLOW
12848,0.000000,0.000000,0.769064,ALLOW
12849,0.000000,0.000000,0.849250,ALLOW
12850,0.000000,0.000000,0.903960,ALLOW
12851,0.000000,0.000000,0.939877,ALLOW
12852,0.860004,1.000000,0.405170,PAUSE
12853,0.000000,0.000000,0.259940,PAUSE
12854,0.000000,1.000000,0.114040,PAUSE
12855,0.000000,0.000000,0.097249,PAUSE
12856,0.000000,0.000000,0.176625,PAUSE
12857,0.000000,0.000000,0.318775,PAUSE
12858,0.000000,0.000000,0.480744,PAUSE
12859,0.000000,0.000000,0.628912,ALLOW
12860,0.000000,0.000000,0.747379,ALLOW
12861,0.000000,0.000000,0.834073,ALLOW
12862,0.860004,1.000000,0.361519,PAUSE
12863,0.000000,1.000000,0.149346,PAUSE
12864,0.860004,1.000000,0.061374,PAUSE
12865,0.000000,0.000000,0.041909,PAUSE
12866,0.000000,1.000000,0.020329,PAUSE
12867,0.000000,0.000000,0.035834,PAUSE
12868,0.000000,0.000000,0.109125,PAUSE
12869,0.000000,0.000000,0.241949,PAUSE
12870,0.000000,0.000000,0.405563,PAUSE
12871,0.000000,0.000000,0.564991,ALLOW
12872,0.000000,0.000000,0.698377,ALLOW
12873,0.860004,1.000000,0.305230,PAUSE
12874,0.000000,0.000000,0.213090,PAUSE
12875,0.000000,1.000000,0.094870,PAUSE
12876,0.000000,0.000000,0.088244,PAUSE
12877,0.860004,1.000000,0.042048,PAUSE
12878,0.000000,0.000000,0.057448,PAUSE
12879,0.000000,1.000000,0.028918,PAUSE
12880,0.000000,0.000000,0.049192,PAUSE
12881,0.000000,0.000000,0.133581,PAUSE
12882,0.000000,0.000000,0.274837,PAUSE
12883,0.000000,0.000000,0.439827,PAUSE
12884,0.000000,0.000000,0.594998,ALLOW
12885,0.000000,0.000000,0.721760,ALLOW
12886,0.000000,0.000000,0.815981,ALLOW
12887,0.000000,0.000000,0.881636,ALLOW
12888,0.000000,0.000000,0.925386,ALLOW
12889,0.000000,0.000000,0.953641,ALLOW
12890,0.860004,1.000000,0.410833,PAUSE
12891,0.000000,1.000000,0.169222,PAUSE
12892,0.860004,1.000000,0.069355,PAUSE
12893,0.000000,1.000000,0.028616,PAUSE
12894,0.000000,0.000000,0.023363,PAUSE
12895,0.000000,0.000000,0.066488,PAUSE
12896,0.000000,0.000000,0.172960,PAUSE
12897,0.860004,1.000000,0.081997,PAUSE
12898,0.000000,0.000000,0.092481,PAUSE
12899,0.000000,1.000000,0.044472,PAUSE
12900,0.860004,1.000000,0.019940,PAUSE
12901,0.000000,1.000000,0.008995,PAUSE
12902,0.860004,1.000000,0.004248,PAUSE
12903,0.000000,1.000000,0.002196,PAUSE
12904,0.000000,0.000000,0.009371,PAUSE
12905,0.000000,0.000000,0.050380,PAUSE
12906,0.000000,0.000000,0.149711,PAUSE
12907,0.000000,0.000000,0.299073,PAUSE
12908,0.000000,0.000000,0.465175,PAUSE
12909,0.000000,0.000000,0.616957,ALLOW
12910,0.000000,0.000000,0.738685,ALLOW
12911,0.000000,0.000000,0.828057,ALLOW
12912,0.000000,0.000000,0.889813,ALLOW
12913,0.000000,0.000000,0.930725,ALLOW
12914,0.000000,0.000000,0.957040,ALLOW
12915,0.860004,1.000000,0.412230,PAUSE
12916,0.000000,0.000000,0.263157,PAUSE
12917,0.000000,1.000000,0.115351,PAUSE
12918,0.000000,0.000000,0.097847,PAUSE
12919,0.000000,0.000000,0.176984,PAUSE
12920,0.860004,1.000000,0.083153,PAUSE
12921,0.000000,1.000000,0.036169,PAUSE
12922,0.000000,0.000000,0.038981,PAUSE
12923,0.860004,1.000000,0.019978,PAUSE
12924,0.000000,0.000000,0.039358,PAUSE
12925,0.000000,1.000000,0.020828,PAUSE
12926,0.000000,0.000000,0.042609,PAUSE
12927,0.860004,1.000000,0.022406,PAUSE
12928,0.860004,0.000000,0.016513,PAUSE
12929,0.860004,0.000000,0.009898,PAUSE
12930,0.860004,1.000000,0.005960,PAUSE
12931,0.000000,1.000000,0.005063,PAUSE
12932,0.000000,0.000000,0.025364,PAUSE
12933,0.000000,0.000000,0.095673,PAUSE
12934,0.000000,0.000000,0.224702,PAUSE
12935,0.000000,0.000000,0.387440,PAUSE
12936,0.860004,1.000000,0.174588,PAUSE
12937,0.000000,1.000000,0.073671,PAUSE
12938,0.860004,1.000000,0.030910,PAUSE
12939,0.000000,1.000000,0.013165,PAUSE
12940,0.860004,1.000000,0.005829,PAUSE
12941,0.000000,1.000000,0.002787,PAUSE
12942,0.000000,0.000000,0.009178,PAUSE
12943,0.000000,0.000000,0.048872,PAUSE
12944,0.000000,0.000000,0.146709,PAUSE
12945,0.000000,0.000000,0.295205,PAUSE
12946,0.000000,0.000000,0.461310,PAUSE
12947,0.000000,0.000000,0.613675,ALLOW
12948,0.000000,0.000000,0.736182,ALLOW
12949,0.000000,0.000000,0.826283,ALLOW
12950,0.000000,0.000000,0.888616,ALLOW
12951,0.000000,0.000000,0.929945,ALLOW
12952,0.860004,1.000000,0.401082,PAUSE
12953,0.000000,1.000000,0.165294,PAUSE
12954,0.000000,0.000000,0.099484,PAUSE
12955,0.000000,0.000000,0.145779,PAUSE
12956,0.000000,0.000000,0.270347,PAUSE
12957,0.000000,0.000000,0.429583,PAUSE
12958,0.000000,0.000000,0.584428,ALLOW
12959,0.000000,0.000000,0.713035,ALLOW
12960,0.000000,0.000000,0.809545,ALLOW
12961,0.860004,1.000000,0.351369,PAUSE
12962,0.000000,0.000000,0.235029,PAUSE
12963,0.000000,1.000000,0.103865,PAUSE
12964,0.000000,0.000000,0.092527,PAUSE
12965,0.000000,0.000000,0.173692,PAUSE
12966,0.000000,0.000000,0.316470,PAUSE
12967,0.000000,0.000000,0.478854,PAUSE
12968,0.000000,0.000000,0.627438,ALLOW
12969,0.000000,0.000000,0.746301,ALLOW
12970,0.000000,0.000000,0.833324,ALLOW
12971,0.000000,0.000000,0.893316,ALLOW
12972,0.000000,0.000000,0.932988,ALLOW
12973,0.000000,0.000000,0.958471,ALLOW
12974,0.000000,0.000000,0.974510,ALLOW
12975,0.000000,0.000000,0.984461,ALLOW
12976,0.000000,0.000000,0.990573,ALLOW
12977,0.000000,0.000000,0.994300,ALLOW
12978,0.000000,0.000000,0.996562,ALLOW
12979,0.000000,0.000000,0.997930,ALLOW
12980,0.000000,0.000000,0.998755,ALLOW
12981,0.000000,0.000000,0.999252,ALLOW
12982,0.000000,0.000000,0.999550,ALLOW
12983,0.000000,0.000000,0.999730,ALLOW
12984,0.000000,0.000000,0.999838,ALLOW
12985,0.000000,0.000000,0.999903,ALLOW
12986,0.860004,1.000000,0.429832,PAUSE
12987,0.000000,1.000000,0.176871,PAUSE
12988,0.860004,1.000000,0.072425,PAUSE
12989,0.000000,1.000000,0.029847,PAUSE
12990,0.000000,0.000000,0.023882,PAUSE
12991,0.000000,0.000000,0.066769,PAUSE
12992,0.860004,1.000000,0.034001,PAUSE
12993,0.000000,1.000000,0.015719,PAUSE
12994,0.860004,1.000000,0.007297,PAUSE
12995,0.000000,1.000000,0.003566,PAUSE
12996,0.000000,0.000000,0.011374,PAUSE
12997,0.000000,0.000000,0.055825,PAUSE
12998,0.000000,0.000000,0.159483,PAUSE
12999,0.000000,0.000000,0.311297,PAUSE
13000,0.000000,0.000000,0.477223,PAUSE
13001,0.000000,0.000000,0.627110,ALLOW
13002,0.860004,1.000000,0.275516,PAUSE
13003,0.000000,1.000000,0.114609,PAUSE
13004,0.000000,0.000000,0.077283,PAUSE
13005,0.000000,0.000000,0.133183,PAUSE
13006,0.000000,0.000000,0.260817,PAUSE
13007,0.000000,0.000000,0.421668,PAUSE
13008,0.000000,0.000000,0.578094,ALLOW
13009,0.000000,0.000000,0.708290,ALLOW
13010,0.860004,1.000000,0.309349,PAUSE
13011,0.000000,1.000000,0.128286,PAUSE
13012,0.000000,0.000000,0.083368,PAUSE
13013,0.000000,0.000000,0.136810,PAUSE
13014,0.000000,0.000000,0.263717,PAUSE
13015,0.000000,0.000000,0.424155,PAUSE
13016,0.860004,1.000000,0.190097,PAUSE
13017,0.000000,1.000000,0.079971,PAUSE
13018,0.000000,0.000000,0.061366,PAUSE
13019,0.860004,1.000000,0.029435,PAUSE
13020,0.000000,0.000000,0.045253,PAUSE
13021,0.000000,1.000000,0.023389,PAUSE
13022,0.000000,0.000000,0.044447,PAUSE
13023,0.000000,0.000000,0.127020,PAUSE
13024,0.860004,1.000000,0.061558,PAUSE
13025,0.000000,1.000000,0.027297,PAUSE
13026,0.000000,0.000000,0.034232,PAUSE
13027,0.860004,1.000000,0.017948,PAUSE
13028,0.000000,0.000000,0.037984,PAUSE
13029,0.000000,1.000000,0.020223,PAUSE
13030,0.000000,0.000000,0.042145,PAUSE
13031,0.000000,0.000000,0.124152,PAUSE
13032,0.000000,0.000000,0.263263,PAUSE
13033,0.860004,1.000000,0.121380,PAUSE
13034,0.000000,0.000000,0.116934,PAUSE
13035,0.000000,1.000000,0.054890,PAUSE
13036,0.000000,0.000000,0.067336,PAUSE
13037,0.000000,0.000000,0.154396,PAUSE
13038,0.000000,0.000000,0.298617,PAUSE
13039,0.000000,0.000000,0.462968,PAUSE
13040,0.000000,0.000000,0.614558,ALLOW
13041,0.000000,0.000000,0.736686,ALLOW
13042,0.860004,1.000000,0.321157,PAUSE
13043,0.860004,0.000000,0.137973,PAUSE
13044,0.860004,0.000000,0.058971,PAUSE
13045,0.000000,1.000000,0.038813,PAUSE
13046,0.000000,0.000000,0.081714,PAUSE
13047,0.000000,0.000000,0.192543,PAUSE
13048,0.000000,0.000000,0.348349,PAUSE
13049,0.000000,0.000000,0.512041,ALLOW
13050,0.000000,0.000000,0.655713,ALLOW
13051,0.860004,1.000000,0.287452,PAUSE
13052,0.000000,0.000000,0.204467,PAUSE
13053,0.000000,1.000000,0.091324,PAUSE
13054,0.000000,0.000000,0.086524,PAUSE
13055,0.000000,0.000000,0.169696,PAUSE
13056,0.000000,0.000000,0.313139,PAUSE
13057,0.860004,1.000000,0.142720,PAUSE
13058,0.860004,0.000000,0.066047,PAUSE
13059,0.000000,1.000000,0.034781,PAUSE
13060,0.000000,0.000000,0.060113,PAUSE
13061,0.000000,0.000000,0.152884,PAUSE
13062,0.000000,0.000000,0.299544,PAUSE
13063,0.860004,1.000000,0.136987,PAUSE
13064,0.000000,0.000000,0.125934,PAUSE
13065,0.000000,1.000000,0.058685,PAUSE
13066,0.000000,0.000000,0.069504,PAUSE
13067,0.000000,0.000000,0.156357,PAUSE
13068,0.000000,0.000000,0.300618,PAUSE
13069,0.000000,0.000000,0.464826,PAUSE
13070,0.000000,0.000000,0.616094,ALLOW
13071,0.000000,0.000000,0.737844,ALLOW
13072,0.000000,0.000000,0.827399,ALLOW
13073,0.000000,0.000000,0.889347,ALLOW
13074,0.000000,0.000000,0.930413,ALLOW
13075,0.000000,0.000000,0.956839,ALLOW
13076,0.000000,0.000000,0.973492,ALLOW
13077,0.000000,0.000000,0.983834,ALLOW
13078,0.000000,0.000000,0.990189,ALLOW
13079,0.000000,0.000000,0.994067,ALLOW
13080,0.000000,0.000000,0.996421,ALLOW
13081,0.000000,0.000000,0.997844,ALLOW
13082,0.860004,1.000000,0.428988,PAUSE
13083,0.000000,1.000000,0.176531,PAUSE
13084,0.860004,1.000000,0.072289,PAUSE
13085,0.000000,1.000000,0.029793,PAUSE
13086,0.000000,0.000000,0.023859,PAUSE
13087,0.000000,0.000000,0.066757,PAUSE
13088,0.000000,0.000000,0.173177,PAUSE
13089,0.000000,0.000000,0.326735,PAUSE
13090,0.000000,0.000000,0.491846,PAUSE
13091,0.000000,0.000000,0.639199,ALLOW
13092,0.000000,0.000000,0.755467,ALLOW
13093,0.000000,0.000000,0.839877,ALLOW
13094,0.000000,0.000000,0.897748,ALLOW
13095,0.000000,0.000000,0.935877,ALLOW
13096,0.000000,0.000000,0.960307,ALLOW
13097,0.000000,0.000000,0.975657,ALLOW
13098,0.000000,0.000000,0.985169,ALLOW
13099,0.000000,0.000000,0.991006,ALLOW
13100,0.000000,0.000000,0.994564,ALLOW
13101,0.000000,0.000000,0.996721,ALLOW
13102,0.000000,0.000000,0.998026,ALLOW
13103,0.000000,0.000000,0.998813,ALLOW
13104,0.000000,0.000000,0.999286,ALLOW
13105,0.860004,1.000000,0.429580,PAUSE
13106,0.000000,0.000000,0.270997,PAUSE
13107,0.000000,1.000000,0.118542,PAUSE
13108,0.860004,1.000000,0.050000,PAUSE
13109,0.000000,1.000000,0.021137,PAUSE
13110,0.860004,1.000000,0.009149,PAUSE
13111,0.000000,1.000000,0.004177,PAUSE
13112,0.000000,0.000000,0.010367,PAUSE
13113,0.860004,1.000000,0.006502,PAUSE
13114,0.000000,0.000000,0.024200,PAUSE
13115,0.000000,1.000000,0.013745,PAUSE
13116,0.000000,0.000000,0.035468,PAUSE
13117,0.000000,0.000000,0.113561,PAUSE
13118,0.000000,0.000000,0.249421,PAUSE
13119,0.860004,1.000000,0.115405,PAUSE
13120,0.000000,0.000000,0.113421,PAUSE
13121,0.000000,1.000000,0.053404,PAUSE
13122,0.000000,0.000000,0.066472,PAUSE
13123,0.000000,0.000000,0.153596,PAUSE
13124,0.000000,0.000000,0.297789,PAUSE
13125,0.000000,0.000000,0.462195,PAUSE
13126,0.860004,1.000000,0.206239,PAUSE
13127,0.000000,1.000000,0.086533,PAUSE
13128,0.000000,0.000000,0.064464,PAUSE
13129,0.860004,1.000000,0.030721,PAUSE
13130,0.860004,0.000000,0.019141,PAUSE
13131,0.000000,1.000000,0.012962,PAUSE
13132,0.000000,0.000000,0.040349,PAUSE
13133,0.000000,0.000000,0.125516,PAUSE
13134,0.000000,0.000000,0.266286,PAUSE
13135,0.000000,0.000000,0.431623,PAUSE
13136,0.000000,0.000000,0.588060,ALLOW
13137,0.000000,0.000000,0.716448,ALLOW
13138,0.000000,0.000000,0.812195,ALLOW
13139,0.000000,0.000000,0.879072,ALLOW
13140,0.000000,0.000000,0.923710,ALLOW
13141,0.000000,0.000000,0.952573,ALLOW
13142,0.000000,0.000000,0.970825,ALLOW
13143,0.000000,0.000000,0.982186,ALLOW
13144,0.000000,0.000000,0.989181,ALLOW
13145,0.000000,0.000000,0.993453,ALLOW
13146,0.000000,0.000000,0.996049,ALLOW
13147,0.000000,0.000000,0.997620,ALLOW
13148,0.860004,1.000000,0.428896,PAUSE
13149,0.000000,1.000000,0.176494,PAUSE
13150,0.000000,0.000000,0.104269,PAUSE
13151,0.000000,0.000000,0.148273,PAUSE
13152,0.000000,0.000000,0.272040,PAUSE
13153,0.000000,0.000000,0.430892,PAUSE
13154,0.000000,0.000000,0.585438,ALLOW
13155,0.860004,1.000000,0.258053,PAUSE
13156,0.000000,0.000000,0.189929,PAUSE
13157,0.000000,1.000000,0.085330,PAUSE
13158,0.000000,0.000000,0.083562,PAUSE
13159,0.000000,0.000000,0.167594,PAUSE
13160,0.000000,0.000000,0.311298,PAUSE
13161,0.860004,1.000000,0.141941,PAUSE
13162,0.000000,0.000000,0.128541,PAUSE
13163,0.000000,1.000000,0.059771,PAUSE
13164,0.000000,0.000000,0.070084,PAUSE
13165,0.860004,1.000000,0.034446,PAUSE
13166,0.000000,0.000000,0.053177,PAUSE
13167,0.860004,0.000000,0.037102,PAUSE
13168,0.000000,0.000000,0.082599,PAUSE
13169,0.000000,1.000000,0.049628,PAUSE
13170,0.860004,1.000000,0.023321,PAUSE
13171,0.000000,1.000000,0.010685,PAUSE
13172,0.000000,0.000000,0.019790,PAUSE
13173,0.860004,1.000000,0.011249,PAUSE
13174,0.000000,0.000000,0.031105,PAUSE
13175,0.000000,1.000000,0.017048,PAUSE
13176,0.000000,0.000000,0.039125,PAUSE
13177,0.000000,0.000000,0.119600,PAUSE
13178,0.000000,0.000000,0.257423,PAUSE
13179,0.860004,1.000000,0.118862,PAUSE
13180,0.000000,0.000000,0.115461,PAUSE
13181,0.000000,1.000000,0.054267,PAUSE
13182,0.000000,0.000000,0.066976,PAUSE
13183,0.000000,0.000000,0.154064,PAUSE
13184,0.000000,0.000000,0.298274,PAUSE
13185,0.860004,1.000000,0.136404,PAUSE
13186,0.000000,0.000000,0.125513,PAUSE
13187,0.000000,1.000000,0.058503,PAUSE
13188,0.000000,0.000000,0.069388,PAUSE
13189,0.000000,0.000000,0.156237,PAUSE
13190,0.000000,0.000000,0.300488,PAUSE
13191,0.000000,0.000000,0.464703,PAUSE
13192,0.000000,0.000000,0.615992,ALLOW
13193,0.000000,0.000000,0.737767,ALLOW
13194,0.000000,0.000000,0.827344,ALLOW
13195,0.000000,0.000000,0.889310,ALLOW
13196,0.000000,0.000000,0.930389,ALLOW
13197,0.000000,0.000000,0.956824,ALLOW
13198,0.860004,1.000000,0.412141,PAUSE
13199,0.000000,1.000000,0.169749,PAUSE
13200,0.000000,0.000000,0.101393,PAUSE
13201,0.000000,0.000000,0.146784,PAUSE
13202,0.000000,0.000000,0.271038,PAUSE
13203,0.000000,0.000000,0.430123,PAUSE
13204,0.000000,0.000000,0.584846,ALLOW
13205,0.000000,0.000000,0.713344,ALLOW
13206,0.000000,0.000000,0.809761,ALLOW
13207,0.000000,0.000000,0.877343,ALLOW
13208,0.000000,0.000000,0.922551,ALLOW
13209,0.000000,0.000000,0.951823,ALLOW
13210,0.000000,0.000000,0.970351,ALLOW
13211,0.000000,0.000000,0.981892,ALLOW
13212,0.000000,0.000000,0.989000,ALLOW
13213,0.860004,1.000000,0.425360,PAUSE
13214,0.000000,0.000000,0.269099,PAUSE
13215,0.000000,1.000000,0.117770,PAUSE
13216,0.860004,1.000000,0.049689,PAUSE
13217,0.000000,1.000000,0.021012,PAUSE
13218,0.000000,0.000000,0.022353,PAUSE
13219,0.860004,1.000000,0.012068,PAUSE
13220,0.000000,0.000000,0.030432,PAUSE
13221,0.000000,1.000000,0.016674,PAUSE
13222,0.000000,0.000000,0.038532,PAUSE
13223,0.860004,1.000000,0.020546,PAUSE
13224,0.000000,0.000000,0.042690,PAUSE
13225,0.860004,0.000000,0.032503,PAUSE
13226,0.000000,0.000000,0.079717,PAUSE
13227,0.860004,0.000000,0.044058,PAUSE
13228,0.860004,0.000000,0.022008,PAUSE
13229,0.000000,1.000000,0.032725,PAUSE
13230,0.000000,0.000000,0.099893,PAUSE
13231,0.000000,0.000000,0.228054,PAUSE
13232,0.000000,0.000000,0.390372,PAUSE
13233,0.000000,0.000000,0.551328,ALLOW
13234,0.000000,0.000000,0.687553,ALLOW
13235,0.000000,0.000000,0.791274,ALLOW
13236,0.000000,0.000000,0.864759,ALLOW
13237,0.000000,0.000000,0.914295,ALLOW
13238,0.000000,0.000000,0.946548,ALLOW
13239,0.000000,0.000000,0.967042,ALLOW
13240,0.000000,0.000000,0.979844,ALLOW
13241,0.860004,1.000000,0.421601,PAUSE
13242,0.000000,0.000000,0.267403,PAUSE
13243,0.000000,1.000000,0.117080,PAUSE
13244,0.000000,0.000000,0.098633,PAUSE
13245,0.000000,0.000000,0.177449,PAUSE
13246,0.000000,0.000000,0.319395,PAUSE
13247,0.000000,0.000000,0.481241,PAUSE
13248,0.000000,0.000000,0.629295,ALLOW
13249,0.000000,0.000000,0.747658,ALLOW
13250,0.000000,0.000000,0.834266,ALLOW
13251,0.860004,1.000000,0.361599,PAUSE
13252,0.000000,0.000000,0.239821,PAUSE
13253,0.000000,1.000000,0.105826,PAUSE
13254,0.000000,0.000000,0.093447,PAUSE
13255,0.000000,0.000000,0.174278,PAUSE
13256,0.000000,0.000000,0.316941,PAUSE
13257,0.000000,0.000000,0.479245,PAUSE
13258,0.000000,0.000000,0.627745,ALLOW
13259,0.860004,1.000000,0.275764,PAUSE
13260,0.860004,0.000000,0.119725,PAUSE
13261,0.000000,1.000000,0.057359,PAUSE
13262,0.000000,0.000000,0.072721,PAUSE
13263,0.000000,0.000000,0.163823,PAUSE
13264,0.000000,0.000000,0.310407,PAUSE
13265,0.000000,0.000000,0.474616,PAUSE
13266,0.000000,0.000000,0.624395,ALLOW
13267,0.000000,0.000000,0.744164,ALLOW
13268,0.000000,0.000000,0.831874,ALLOW
13269,0.860004,1.000000,0.360611,PAUSE
13270,0.000000,0.000000,0.239362,PAUSE
13271,0.000000,1.000000,0.105638,PAUSE
13272,0.000000,0.000000,0.093360,PAUSE
13273,0.000000,0.000000,0.174223,PAUSE
13274,0.000000,0.000000,0.316897,PAUSE
13275,0.860004,1.000000,0.144306,PAUSE
13276,0.000000,0.000000,0.129798,PAUSE
13277,0.000000,1.000000,0.060296,PAUSE
13278,0.000000,0.000000,0.070366,PAUSE
13279,0.000000,0.000000,0.157065,PAUSE
13280,0.860004,1.000000,0.074699,PAUSE
13281,0.000000,1.000000,0.032718,PAUSE
13282,0.000000,0.000000,0.037249,PAUSE
13283,0.000000,0.000000,0.102225,PAUSE
13284,0.000000,0.000000,0.229665,PAUSE
13285,0.000000,0.000000,0.391662,PAUSE
13286,0.000000,0.000000,0.552356,ALLOW
13287,0.860004,1.000000,0.244212,PAUSE
13288,0.000000,0.000000,0.183061,PAUSE
13289,0.000000,1.000000,0.082496,PAUSE
13290,0.860004,1.000000,0.035446,PAUSE
13291,0.860004,0.000000,0.021029,PAUSE
13292,0.000000,0.000000,0.049406,PAUSE
13293,0.000000,1.000000,0.028864,PAUSE
13294,0.000000,0.000000,0.060158,PAUSE
13295,0.000000,0.000000,0.156897,PAUSE
13296,0.000000,0.000000,0.305557,PAUSE
13297,0.000000,0.000000,0.470887,PAUSE
13298,0.860004,1.000000,0.209924,PAUSE
13299,0.000000,1.000000,0.088031,PAUSE
13300,0.000000,0.000000,0.065167,PAUSE
13301,0.000000,0.000000,0.125410,PAUSE
13302,0.860004,1.000000,0.060318,PAUSE
13303,0.000000,0.000000,0.076038,PAUSE
13304,0.860004,0.000000,0.046245,PAUSE
13305,0.000000,1.000000,0.030875,PAUSE
13306,0.000000,0.000000,0.070807,PAUSE
13307,0.000000,0.000000,0.176698,PAUSE
13308,0.000000,0.000000,0.330144,PAUSE
13309,0.000000,0.000000,0.494891,PAUSE
13310,0.000000,0.000000,0.641652,ALLOW
13311,0.000000,0.000000,0.757284,ALLOW
13312,0.000000,0.000000,0.841143,ALLOW
13313,0.000000,0.000000,0.898593,ALLOW
13314,0.000000,0.000000,0.936423,ALLOW
13315,0.000000,0.000000,0.960653,ALLOW
13316,0.000000,0.000000,0.975872,ALLOW
13317,0.860004,1.000000,0.419970,PAUSE
13318,0.000000,0.000000,0.266666,PAUSE
13319,0.860004,0.000000,0.124595,PAUSE
13320,0.000000,1.000000,0.065435,PAUSE
13321,0.000000,0.000000,0.093331,PAUSE
13322,0.000000,0.000000,0.198588,PAUSE
13323,0.000000,0.000000,0.352189,PAUSE
13324,0.000000,0.000000,0.514747,ALLOW
13325,0.000000,0.000000,0.657644,ALLOW
13326,0.000000,0.000000,0.769112,ALLOW
13327,0.000000,0.000000,0.849369,ALLOW
13328,0.860004,1.000000,0.367844,PAUSE
13329,0.860004,0.000000,0.156603,PAUSE
13330,0.000000,0.000000,0.112410,PAUSE
13331,0.000000,0.000000,0.179684,PAUSE
13332,0.860004,0.000000,0.090428,PAUSE
13333,0.000000,0.000000,0.110699,PAUSE
13334,0.000000,0.000000,0.215934,PAUSE
13335,0.000000,1.000000,0.113792,PAUSE
13336,0.000000,0.000000,0.139726,PAUSE
13337,0.000000,0.000000,0.253457,PAUSE
13338,0.000000,0.000000,0.409481,PAUSE
13339,0.000000,0.000000,0.566022,ALLOW
13340,0.000000,0.000000,0.698412,ALLOW
13341,0.000000,0.000000,0.798915,ALLOW
13342,0.000000,0.000000,0.869914,ALLOW
13343,0.000000,0.000000,0.917661,ALLOW
13344,0.000000,0.000000,0.948693,ALLOW
13345,0.860004,1.000000,0.408797,PAUSE
13346,0.000000,0.000000,0.261594,PAUSE
13347,0.000000,0.000000,0.307031,PAUSE
13348,0.000000,0.000000,0.435405,PAUSE
13349,0.000000,1.000000,0.194362,PAUSE
13350,0.000000,0.000000,0.156174,PAUSE
13351,0.000000,0.000000,0.239459,PAUSE
13352,0.860004,1.000000,0.110143,PAUSE
13353,0.000000,1.000000,0.047239,PAUSE
13354,0.000000,0.000000,0.044769,PAUSE
13355,0.000000,0.000000,0.108894,PAUSE
13356,0.860004,1.000000,0.053191,PAUSE
13357,0.000000,1.000000,0.023780,PAUSE
13358,0.000000,0.000000,0.031922,PAUSE
13359,0.000000,0.000000,0.096238,PAUSE
13360,0.000000,0.000000,0.222223,PAUSE
13361,0.000000,0.000000,0.383851,PAUSE
13362,0.000000,0.000000,0.545391,ALLOW
13363,0.860004,1.000000,0.241290,PAUSE
13364,0.000000,1.000000,0.100752,PAUSE
13365,0.000000,0.000000,0.071020,PAUSE
13366,0.000000,0.000000,0.129266,PAUSE
13367,0.000000,0.000000,0.257526,PAUSE
13368,0.000000,0.000000,0.418767,PAUSE
13369,0.000000,0.000000,0.575706,ALLOW
13370,0.000000,0.000000,0.706476,ALLOW
13371,0.000000,0.000000,0.804903,ALLOW
13372,0.000000,0.000000,0.874063,ALLOW
13373,0.000000,0.000000,0.920409,ALLOW
13374,0.000000,0.000000,0.950459,ALLOW
13375,0.860004,1.000000,0.409524,PAUSE
13376,0.000000,1.000000,0.168694,PAUSE
13377,0.860004,1.000000,0.069144,PAUSE
13378,0.000000,1.000000,0.028531,PAUSE
13379,0.000000,0.000000,0.023328,PAUSE
13380,0.000000,0.000000,0.066468,PAUSE
13381,0.000000,0.000000,0.172943,PAUSE
13382,0.000000,0.000000,0.326517,PAUSE
13383,0.000000,0.000000,0.491655,PAUSE
13384,0.000000,0.000000,0.639046,ALLOW
13385,0.000000,0.000000,0.755354,ALLOW
13386,0.000000,0.000000,0.839798,ALLOW
13387,0.000000,0.000000,0.897695,ALLOW
13388,0.000000,0.000000,0.935842,ALLOW
13389,0.000000,0.000000,0.960286,ALLOW
13390,0.860004,1.000000,0.413565,PAUSE
13391,0.000000,1.000000,0.170322,PAUSE
13392,0.000000,0.000000,0.101638,PAUSE
13393,0.000000,0.000000,0.146912,PAUSE
13394,0.860004,1.000000,0.069338,PAUSE
13395,0.000000,1.000000,0.030383,PAUSE
13396,0.860004,1.000000,0.013307,PAUSE
13397,0.000000,1.000000,0.006024,PAUSE
13398,0.000000,0.000000,0.012848,PAUSE
13399,0.860004,1.000000,0.007767,PAUSE
13400,0.000000,1.000000,0.004255,PAUSE
13401,0.000000,0.000000,0.015741,PAUSE
13402,0.000000,0.000000,0.069343,PAUSE
13403,0.860004,1.000000,0.035467,PAUSE
13404,0.000000,1.000000,0.016381,PAUSE
13405,0.000000,0.000000,0.027255,PAUSE
13406,0.000000,0.000000,0.090496,PAUSE
13407,0.000000,0.000000,0.214759,PAUSE
13408,0.000000,0.000000,0.375860,PAUSE
13409,0.000000,0.000000,0.538191,ALLOW
13410,0.000000,0.000000,0.677079,ALLOW
13411,0.000000,0.000000,0.783616,ALLOW
13412,0.000000,0.000000,0.859482,ALLOW
13413,0.000000,0.000000,0.910806,ALLOW
13414,0.000000,0.000000,0.944307,ALLOW
13415,0.000000,0.000000,0.965632,ALLOW
13416,0.860004,1.000000,0.415762,PAUSE
13417,0.860004,0.000000,0.175951,PAUSE
13418,0.000000,1.000000,0.080480,PAUSE
13419,0.000000,0.000000,0.083935,PAUSE
13420,0.000000,0.000000,0.171477,PAUSE
13421,0.000000,0.000000,0.316906,PAUSE
13422,0.860004,1.000000,0.144357,PAUSE
13423,0.000000,1.000000,0.061337,PAUSE
13424,0.000000,0.000000,0.052372,PAUSE
13425,0.000000,0.000000,0.116017,PAUSE
13426,0.000000,0.000000,0.245053,PAUSE
13427,0.000000,0.000000,0.407129,PAUSE
13428,0.000000,0.000000,0.565871,ALLOW
13429,0.000000,0.000000,0.698907,ALLOW
13430,0.000000,0.000000,0.799480,ALLOW
13431,0.000000,0.000000,0.870373,ALLOW
13432,0.000000,0.000000,0.917989,ALLOW
13433,0.860004,1.000000,0.396158,PAUSE
13434,0.860004,0.000000,0.168071,PAUSE
13435,0.000000,1.000000,0.077261,PAUSE
13436,0.860004,1.000000,0.033470,PAUSE
13437,0.000000,1.000000,0.014520,PAUSE
13438,0.000000,0.000000,0.019727,PAUSE
13439,0.000000,0.000000,0.070613,PAUSE
13440,0.000000,0.000000,0.183025,PAUSE
13441,0.000000,0.000000,0.339337,PAUSE
13442,0.000000,0.000000,0.504130,ALLOW
13443,0.000000,0.000000,0.649416,ALLOW
13444,0.000000,0.000000,0.763139,ALLOW
13445,0.000000,0.000000,0.845256,ALLOW
13446,0.000000,0.000000,0.901347,ALLOW
13447,0.000000,0.000000,0.938208,ALLOW
13448,0.000000,0.000000,0.961783,ALLOW
13449,0.000000,0.000000,0.976576,ALLOW
13450,0.000000,0.000000,0.985735,ALLOW
13451,0.000000,0.000000,0.991352,ALLOW
13452,0.000000,0.000000,0.994774,ALLOW
13453,0.000000,0.000000,0.996849,ALLOW
13454,0.000000,0.000000,0.998103,ALLOW
13455,0.000000,0.000000,0.998859,ALLOW
13456,0.860004,1.000000,0.429404,PAUSE
13457,0.000000,1.000000,0.176698,PAUSE
13458,0.000000,0.000000,0.104356,PAUSE
13459,0.000000,0.000000,0.148317,PAUSE
13460,0.000000,0.000000,0.272069,PAUSE
13461,0.000000,0.000000,0.430914,PAUSE
13462,0.000000,0.000000,0.585455,ALLOW
13463,0.000000,0.000000,0.713790,ALLOW
13464,0.000000,0.000000,0.810073,ALLOW
13465,0.000000,0.000000,0.877553,ALLOW
13466,0.000000,0.000000,0.922687,ALLOW
13467,0.000000,0.000000,0.951910,ALLOW
13468,0.000000,0.000000,0.970405,ALLOW
13469,0.000000,0.000000,0.981925,ALLOW
13470,0.000000,0.000000,0.989020,ALLOW
13471,0.000000,0.000000,0.993355,ALLOW
13472,0.000000,0.000000,0.995989,ALLOW
13473,0.860004,1.000000,0.428228,PAUSE
13474,0.860004,0.000000,0.180957,PAUSE
13475,0.000000,1.000000,0.082522,PAUSE
13476,0.000000,0.000000,0.084874,PAUSE
13477,0.000000,0.000000,0.172046,PAUSE
13478,0.000000,0.000000,0.317344,PAUSE
13479,0.000000,0.000000,0.480513,PAUSE
13480,0.000000,0.000000,0.629073,ALLOW
13481,0.000000,0.000000,0.747617,ALLOW
13482,0.000000,0.000000,0.834280,ALLOW
13483,0.000000,0.000000,0.893967,ALLOW
13484,0.000000,0.000000,0.933414,ALLOW
13485,0.000000,0.000000,0.958743,ALLOW
13486,0.860004,1.000000,0.412930,PAUSE
13487,0.000000,1.000000,0.170066,PAUSE
13488,0.000000,0.000000,0.101528,PAUSE
13489,0.000000,0.000000,0.146855,PAUSE
13490,0.000000,0.000000,0.271087,PAUSE
13491,0.000000,0.000000,0.430160,PAUSE
13492,0.000000,0.000000,0.584875,ALLOW
13493,0.000000,0.000000,0.713365,ALLOW
13494,0.000000,0.000000,0.809776,ALLOW
13495,0.860004,1.000000,0.351465,PAUSE
13496,0.000000,1.000000,0.145290,PAUSE
13497,0.000000,0.000000,0.090832,PAUSE
13498,0.000000,0.000000,0.141073,PAUSE
13499,0.860004,1.000000,0.066911,PAUSE
13500,0.000000,1.000000,0.029399,PAUSE
13501,0.000000,0.000000,0.034861,PAUSE
13502,0.000000,0.000000,0.098950,PAUSE
13503,0.000000,0.000000,0.225331,PAUSE
13504,0.000000,0.000000,0.387038,PAUSE
13505,0.860004,1.000000,0.174401,PAUSE
13506,0.000000,1.000000,0.073594,PAUSE
13507,0.000000,0.000000,0.058370,PAUSE
13508,0.000000,0.000000,0.120644,PAUSE
13509,0.000000,0.000000,0.249684,PAUSE
13510,0.860004,1.000000,0.115392,PAUSE
13511,0.000000,1.000000,0.049490,PAUSE
13512,0.000000,0.000000,0.046403,PAUSE
13513,0.000000,0.000000,0.111085,PAUSE
13514,0.000000,0.000000,0.239874,PAUSE
13515,0.860004,1.000000,0.111190,PAUSE
13516,0.000000,1.000000,0.047773,PAUSE
13517,0.860004,1.000000,0.020425,PAUSE
13518,0.000000,1.000000,0.008929,PAUSE
13519,0.000000,0.000000,0.014517,PAUSE
13520,0.000000,0.000000,0.060106,PAUSE
13521,0.000000,0.000000,0.165994,PAUSE
13522,0.000000,0.000000,0.319062,PAUSE
13523,0.000000,0.000000,0.484722,PAUSE
13524,0.000000,0.000000,0.633362,ALLOW
13525,0.000000,0.000000,0.751105,ALLOW
13526,0.000000,0.000000,0.836822,ALLOW
13527,0.000000,0.000000,0.895704,ALLOW
13528,0.860004,1.000000,0.386973,PAUSE
13529,0.000000,1.000000,0.159609,PAUSE
13530,0.000000,0.000000,0.097039,PAUSE
13531,0.000000,0.000000,0.144474,PAUSE
13532,0.000000,0.000000,0.269432,PAUSE
13533,0.000000,0.000000,0.428860,PAUSE
13534,0.000000,0.000000,0.583864,ALLOW
13535,0.000000,0.000000,0.712618,ALLOW
13536,0.000000,0.000000,0.809252,ALLOW
13537,0.000000,0.000000,0.877001,ALLOW
13538,0.000000,0.000000,0.922328,ALLOW
13539,0.000000,0.000000,0.951682,ALLOW
13540,0.000000,0.000000,0.970263,ALLOW
13541,0.000000,0.000000,0.981837,ALLOW
13542,0.860004,1.000000,0.422420,PAUSE
13543,0.000000,1.000000,0.173887,PAUSE
13544,0.000000,0.000000,0.103159,PAUSE
13545,0.000000,0.000000,0.147702,PAUSE
13546,0.000000,0.000000,0.271660,PAUSE
13547,0.000000,0.000000,0.430602,PAUSE
13548,0.000000,0.000000,0.585216,ALLOW
13549,0.860004,1.000000,0.257961,PAUSE
13550,0.000000,1.000000,0.107501,PAUSE
13551,0.000000,0.000000,0.074070,PAUSE
13552,0.860004,1.000000,0.034684,PAUSE
13553,0.860004,0.000000,0.020730,PAUSE
13554,0.000000,1.000000,0.013644,PAUSE
13555,0.000000,0.000000,0.040805,PAUSE
13556,0.000000,0.000000,0.126039,PAUSE
13557,0.000000,0.000000,0.266900,PAUSE
13558,0.860004,1.000000,0.122964,PAUSE
13559,0.000000,1.000000,0.052607,PAUSE
13560,0.000000,0.000000,0.048067,PAUSE
13561,0.000000,0.000000,0.112620,PAUSE
13562,0.000000,0.000000,0.241587,PAUSE
13563,0.000000,0.000000,0.403770,PAUSE
13564,0.000000,0.000000,0.562983,ALLOW
13565,0.000000,0.000000,0.696665,ALLOW
13566,0.000000,0.000000,0.797865,ALLOW
13567,0.000000,0.000000,0.869270,ALLOW
13568,0.000000,0.000000,0.917265,ALLOW
13569,0.000000,0.000000,0.948450,ALLOW
13570,0.000000,0.000000,0.968237,ALLOW
13571,0.000000,0.000000,0.980584,ALLOW
13572,0.000000,0.000000,0.988198,ALLOW
13573,0.000000,0.000000,0.992855,ALLOW
13574,0.000000,0.000000,0.995686,ALLOW
13575,0.000000,0.000000,0.997400,ALLOW
13576,0.000000,0.000000,0.998436,ALLOW
13577,0.000000,0.000000,0.999059,ALLOW
13578,0.860004,1.000000,0.429487,PAUSE
13579,0.000000,1.000000,0.176732,PAUSE
13580,0.000000,0.000000,0.104370,PAUSE
13581,0.000000,0.000000,0.148324,PAUSE
13582,0.000000,0.000000,0.272074,PAUSE
13583,0.000000,0.000000,0.430918,PAUSE
13584,0.000000,0.000000,0.585458,ALLOW
13585,0.000000,0.000000,0.713792,ALLOW
13586,0.000000,0.000000,0.810075,ALLOW
13587,0.000000,0.000000,0.877554,ALLOW
13588,0.860004,1.000000,0.379483,PAUSE
13589,0.000000,1.000000,0.156590,PAUSE
13590,0.000000,0.000000,0.095735,PAUSE
13591,0.000000,0.000000,0.143770,PAUSE
13592,0.000000,0.000000,0.268931,PAUSE
13593,0.000000,0.000000,0.428459,PAUSE
13594,0.860004,1.000000,0.191904,PAUSE
13595,0.000000,1.000000,0.080703,PAUSE
13596,0.000000,0.000000,0.061704,PAUSE
13597,0.000000,0.000000,0.122961,PAUSE
13598,0.000000,0.000000,0.251831,PAUSE
13599,0.000000,0.000000,0.413560,PAUSE
13600,0.000000,0.000000,0.571346,ALLOW
13601,0.000000,0.000000,0.703137,ALLOW
13602,0.000000,0.000000,0.802517,ALLOW
13603,0.000000,0.000000,0.872442,ALLOW
13604,0.860004,1.000000,0.377374,PAUSE
13605,0.860004,0.000000,0.160524,PAUSE
13606,0.000000,1.000000,0.074171,PAUSE
13607,0.000000,0.000000,0.080984,PAUSE
13608,0.000000,0.000000,0.169611,PAUSE
13609,0.000000,0.000000,0.315419,PAUSE
13610,0.860004,1.000000,0.143731,PAUSE
13611,0.000000,1.000000,0.061083,PAUSE
13612,0.000000,0.000000,0.052252,PAUSE
13613,0.000000,0.000000,0.115932,PAUSE
13614,0.000000,0.000000,0.244973,PAUSE
13615,0.000000,0.000000,0.407053,PAUSE
13616,0.000000,0.000000,0.565807,ALLOW
13617,0.000000,0.000000,0.698858,ALLOW
13618,0.000000,0.000000,0.799445,ALLOW
13619,0.000000,0.000000,0.870349,ALLOW
13620,0.000000,0.000000,0.917974,ALLOW
13621,0.000000,0.000000,0.948903,ALLOW
13622,0.000000,0.000000,0.968522,ALLOW
13623,0.000000,0.000000,0.980761,ALLOW
13624,0.000000,0.000000,0.988306,ALLOW
13625,0.000000,0.000000,0.992921,ALLOW
13626,0.000000,0.000000,0.995726,ALLOW
13627,0.000000,0.000000,0.997425,ALLOW
13628,0.000000,0.000000,0.998450,ALLOW
13629,0.000000,0.000000,0.999068,ALLOW
13630,0.000000,0.000000,0.999440,ALLOW
13631,0.000000,0.000000,0.999664,ALLOW
13632,0.000000,0.000000,0.999798,ALLOW
13633,0.860004,1.000000,0.429789,PAUSE
13634,0.000000,1.000000,0.176853,PAUSE
13635,0.000000,0.000000,0.104421,PAUSE
13636,0.000000,0.000000,0.148351,PAUSE
13637,0.000000,0.000000,0.272091,PAUSE
13638,0.000000,0.000000,0.430931,PAUSE
13639,0.000000,0.000000,0.585468,ALLOW
13640,0.000000,0.000000,0.713800,ALLOW
13641,0.000000,0.000000,0.810080,ALLOW
13642,0.000000,0.000000,0.877557,ALLOW
13643,0.000000,0.000000,0.922690,ALLOW
13644,0.000000,0.000000,0.951912,ALLOW
13645,0.000000,0.000000,0.970407,ALLOW
13646,0.000000,0.000000,0.981926,ALLOW
13647,0.860004,1.000000,0.422456,PAUSE
13648,0.000000,1.000000,0.173902,PAUSE
13649,0.000000,0.000000,0.103166,PAUSE
13650,0.000000,0.000000,0.147706,PAUSE
13651,0.000000,0.000000,0.271662,PAUSE
13652,0.000000,0.000000,0.430604,PAUSE
13653,0.000000,0.000000,0.585217,ALLOW
13654,0.000000,0.000000,0.713616,ALLOW
13655,0.000000,0.000000,0.809952,ALLOW
13656,0.000000,0.000000,0.877471,ALLOW
13657,0.000000,0.000000,0.922634,ALLOW
13658,0.860004,1.000000,0.398071,PAUSE
13659,0.000000,1.000000,0.164081,PAUSE
13660,0.000000,0.000000,0.098963,PAUSE
13661,0.000000,0.000000,0.145502,PAUSE
13662,0.000000,0.000000,0.270154,PAUSE
13663,0.000000,0.000000,0.429431,PAUSE
13664,0.000000,0.000000,0.584310,ALLOW
13665,0.860004,1.000000,0.257583,PAUSE
13666,0.000000,1.000000,0.107348,PAUSE
13667,0.000000,0.000000,0.074002,PAUSE
13668,0.000000,0.000000,0.131134,PAUSE
13669,0.000000,0.000000,0.259098,PAUSE
13670,0.000000,0.000000,0.420155,PAUSE
13671,0.000000,0.000000,0.576849,ALLOW
13672,0.000000,0.000000,0.707345,ALLOW
13673,0.860004,1.000000,0.308956,PAUSE
13674,0.000000,1.000000,0.128127,PAUSE
13675,0.000000,0.000000,0.083298,PAUSE
13676,0.000000,0.000000,0.136769,PAUSE
13677,0.860004,1.000000,0.065112,PAUSE
13678,0.860004,0.000000,0.033929,PAUSE
13679,0.000000,1.000000,0.020511,PAUSE
13680,0.000000,0.000000,0.049515,PAUSE
13681,0.860004,1.000000,0.025804,PAUSE
13682,0.000000,1.000000,0.012206,PAUSE
13683,0.000000,0.000000,0.023778,PAUSE
13684,0.860004,1.000000,0.013263,PAUSE
13685,0.000000,1.000000,0.006727,PAUSE
13686,0.000000,0.000000,0.018650,PAUSE
13687,0.860004,1.000000,0.010850,PAUSE
13688,0.000000,1.000000,0.005678,PAUSE
13689,0.000000,0.000000,0.017658,PAUSE
13690,0.000000,0.000000,0.073675,PAUSE
13691,0.000000,0.000000,0.189939,PAUSE
13692,0.000000,0.000000,0.347929,PAUSE
13693,0.000000,0.000000,0.512385,ALLOW
13694,0.000000,0.000000,0.656223,ALLOW
13695,0.000000,0.000000,0.768222,ALLOW
13696,0.000000,0.000000,0.848808,ALLOW
13697,0.000000,0.000000,0.903717,ALLOW
13698,0.000000,0.000000,0.939739,ALLOW
13699,0.860004,1.000000,0.405114,PAUSE
13700,0.860004,0.000000,0.171673,PAUSE
13701,0.000000,1.000000,0.078733,PAUSE
13702,0.860004,1.000000,0.034064,PAUSE
13703,0.000000,1.000000,0.014759,PAUSE
13704,0.000000,0.000000,0.019832,PAUSE
13705,0.000000,0.000000,0.070681,PAUSE
13706,0.000000,0.000000,0.183090,PAUSE
13707,0.000000,0.000000,0.339402,PAUSE
13708,0.000000,0.000000,0.504189,ALLOW
13709,0.000000,0.000000,0.649463,ALLOW
13710,0.000000,0.000000,0.763174,ALLOW
13711,0.000000,0.000000,0.845281,ALLOW
13712,0.000000,0.000000,0.901363,ALLOW
13713,0.000000,0.000000,0.938218,ALLOW
13714,0.000000,0.000000,0.961789,ALLOW
13715,0.000000,0.000000,0.976580,ALLOW
13716,0.000000,0.000000,0.985737,ALLOW
13717,0.000000,0.000000,0.991353,ALLOW
13718,0.860004,1.000000,0.426326,PAUSE
13719,0.000000,1.000000,0.175459,PAUSE
13720,0.860004,1.000000,0.071859,PAUSE
13721,0.000000,1.000000,0.029620,PAUSE
13722,0.000000,0.000000,0.023786,PAUSE
13723,0.000000,0.000000,0.066718,PAUSE
13724,0.000000,0.000000,0.173146,PAUSE
13725,0.000000,0.000000,0.326707,PAUSE
13726,0.000000,0.000000,0.491822,PAUSE
13727,0.860004,1.000000,0.218757,PAUSE
13728,0.000000,1.000000,0.091616,PAUSE
13729,0.000000,0.000000,0.066829,PAUSE
13730,0.000000,0.000000,0.126528,PAUSE
13731,0.000000,0.000000,0.255129,PAUSE
13732,0.000000,0.000000,0.416608,PAUSE
13733,0.000000,0.000000,0.573911,ALLOW
13734,0.860004,1.000000,0.253240,PAUSE
13735,0.000000,1.000000,0.105591,PAUSE
13736,0.000000,0.000000,0.073213,PAUSE
13737,0.000000,0.000000,0.130649,PAUSE
13738,0.000000,0.000000,0.258698,PAUSE
13739,0.000000,0.000000,0.419805,PAUSE
13740,0.000000,0.000000,0.576562,ALLOW
13741,0.000000,0.000000,0.707127,ALLOW
13742,0.000000,0.000000,0.805367,ALLOW
13743,0.000000,0.000000,0.874377,ALLOW
13744,0.860004,1.000000,0.378173,PAUSE
13745,0.000000,1.000000,0.156062,PAUSE
13746,0.000000,0.000000,0.095507,PAUSE
13747,0.000000,0.000000,0.143647,PAUSE
13748,0.860004,1.000000,0.067983,PAUSE
13749,0.000000,1.000000,0.029834,PAUSE
13750,0.000000,0.000000,0.035069,PAUSE
13751,0.000000,0.000000,0.099107,PAUSE
13752,0.860004,1.000000,0.048896,PAUSE
13753,0.860004,0.000000,0.027265,PAUSE
13754,0.000000,1.000000,0.017559,PAUSE
13755,0.000000,0.000000,0.047300,PAUSE
13756,0.000000,0.000000,0.137577,PAUSE
13757,0.000000,0.000000,0.281932,PAUSE
13758,0.000000,0.000000,0.447555,PAUSE
13759,0.000000,0.000000,0.601806,ALLOW
13760,0.860004,1.000000,0.264935,PAUSE
13761,0.000000,1.000000,0.110327,PAUSE
13762,0.000000,0.000000,0.075359,PAUSE
13763,0.860004,1.000000,0.035215,PAUSE
13764,0.000000,1.000000,0.015790,PAUSE
13765,0.000000,0.000000,0.024104,PAUSE
13766,0.000000,0.000000,0.082308,PAUSE
13767,0.000000,0.000000,0.201991,PAUSE
13768,0.000000,0.000000,0.361403,PAUSE
13769,0.000000,0.000000,0.524855,ALLOW
13770,0.000000,0.000000,0.666327,ALLOW
13771,0.000000,0.000000,0.775697,ALLOW
13772,0.000000,0.000000,0.854000,ALLOW
13773,0.000000,0.000000,0.907170,ALLOW
13774,0.000000,0.000000,0.941966,ALLOW
13775,0.000000,0.000000,0.964157,ALLOW
13776,0.000000,0.000000,0.978052,ALLOW
13777,0.860004,1.000000,0.420865,PAUSE
13778,0.000000,1.000000,0.173261,PAUSE
13779,0.000000,0.000000,0.102893,PAUSE
13780,0.000000,0.000000,0.147564,PAUSE
13781,0.000000,0.000000,0.271567,PAUSE
13782,0.000000,0.000000,0.430531,PAUSE
13783,0.000000,0.000000,0.585162,ALLOW
13784,0.000000,0.000000,0.713575,ALLOW
13785,0.860004,1.000000,0.311543,PAUSE
13786,0.000000,1.000000,0.129172,PAUSE
13787,0.000000,0.000000,0.083758,PAUSE
13788,0.000000,0.000000,0.137035,PAUSE
13789,0.000000,0.000000,0.263890,PAUSE
13790,0.000000,0.000000,0.424301,PAUSE
13791,0.000000,0.000000,0.580233,ALLOW
13792,0.000000,0.000000,0.709904,ALLOW
13793,0.000000,0.000000,0.807338,ALLOW
13794,0.000000,0.000000,0.875711,ALLOW
13795,0.000000,0.000000,0.921487,ALLOW
13796,0.000000,0.000000,0.951146,ALLOW
13797,0.000000,0.000000,0.969928,ALLOW
13798,0.860004,1.000000,0.417528,PAUSE
13799,0.000000,1.000000,0.171918,PAUSE
13800,0.000000,0.000000,0.102319,PAUSE
13801,0.000000,0.000000,0.147267,PAUSE
13802,0.000000,0.000000,0.271367,PAUSE
13803,0.000000,0.000000,0.430377,PAUSE
13804,0.000000,0.000000,0.585043,ALLOW
13805,0.000000,0.000000,0.713488,ALLOW
13806,0.000000,0.000000,0.809862,ALLOW
13807,0.860004,1.000000,0.351500,PAUSE
13808,0.000000,1.000000,0.145304,PAUSE
13809,0.000000,0.000000,0.090838,PAUSE
13810,0.000000,0.000000,0.141076,PAUSE
13811,0.000000,0.000000,0.266969,PAUSE
13812,0.000000,0.000000,0.426868,PAUSE
13813,0.000000,0.000000,0.582291,ALLOW
13814,0.000000,0.000000,0.711447,ALLOW
13815,0.000000,0.000000,0.808428,ALLOW
13816,0.000000,0.000000,0.876447,ALLOW
13817,0.860004,1.000000,0.379026,PAUSE
13818,0.000000,1.000000,0.156406,PAUSE
13819,0.000000,0.000000,0.095656,PAUSE
13820,0.860004,1.000000,0.043513,PAUSE
13821,0.000000,1.000000,0.019145,PAUSE
13822,0.000000,0.000000,0.025670,PAUSE
13823,0.000000,0.000000,0.083483,PAUSE
13824,0.000000,0.000000,0.203226,PAUSE
13825,0.860004,1.000000,0.095299,PAUSE
13826,0.000000,1.000000,0.041254,PAUSE
13827,0.000000,0.000000,0.042146,PAUSE
13828,0.000000,0.000000,0.107359,PAUSE
13829,0.000000,0.000000,0.235808,PAUSE
13830,0.000000,0.000000,0.398000,PAUSE
13831,0.000000,0.000000,0.557956,ALLOW
13832,0.000000,0.000000,0.692736,ALLOW
13833,0.000000,0.000000,0.795025,ALLOW
13834,0.000000,0.000000,0.867327,ALLOW
13835,0.000000,0.000000,0.915986,ALLOW
13836,0.000000,0.000000,0.947632,ALLOW
13837,0.000000,0.000000,0.967723,ALLOW
13838,0.000000,0.000000,0.980266,ALLOW
13839,0.000000,0.000000,0.988003,ALLOW
13840,0.000000,0.000000,0.992736,ALLOW
13841,0.000000,0.000000,0.995614,ALLOW
13842,0.000000,0.000000,0.997357,ALLOW
13843,0.000000,0.000000,0.998409,ALLOW
13844,0.000000,0.000000,0.999044,ALLOW
13845,0.000000,0.000000,0.999425,ALLOW
13846,0.000000,0.000000,0.999655,ALLOW
13847,0.000000,0.000000,0.999793,ALLOW
13848,0.000000,0.000000,0.999876,ALLOW
13849,0.000000,0.000000,0.999925,ALLOW
13850,0.000000,0.000000,0.999955,ALLOW
13851,0.000000,0.000000,0.999973,ALLOW
13852,0.000000,0.000000,0.999984,ALLOW
13853,0.000000,0.000000,0.999990,ALLOW
13854,0.000000,0.000000,0.999994,ALLOW
13855,0.000000,0.000000,0.999997,ALLOW
13856,0.000000,0.000000,0.999998,ALLOW
13857,0.860004,1.000000,0.429871,PAUSE
13858,0.000000,1.000000,0.176886,PAUSE
13859,0.860004,1.000000,0.072431,PAUSE
13860,0.000000,1.000000,0.029850,PAUSE
13861,0.000000,0.000000,0.023883,PAUSE
13862,0.000000,0.000000,0.066770,PAUSE
13863,0.000000,0.000000,0.173187,PAUSE
13864,0.000000,0.000000,0.326744,PAUSE
13865,0.000000,0.000000,0.491855,PAUSE
13866,0.000000,0.000000,0.639206,ALLOW
13867,0.000000,0.000000,0.755472,ALLOW
13868,0.000000,0.000000,0.839880,ALLOW
13869,0.860004,1.000000,0.363922,PAUSE
13870,0.000000,1.000000,0.150316,PAUSE
13871,0.860004,1.000000,0.061764,PAUSE
13872,0.860004,0.000000,0.030218,PAUSE
13873,0.000000,1.000000,0.015654,PAUSE
13874,0.000000,0.000000,0.033970,PAUSE
13875,0.000000,0.000000,0.108392,PAUSE
13876,0.000000,0.000000,0.241672,PAUSE
13877,0.000000,0.000000,0.405467,PAUSE
13878,0.000000,0.000000,0.564964,ALLOW
13879,0.000000,0.000000,0.698375,ALLOW
13880,0.000000,0.000000,0.799155,ALLOW
13881,0.000000,0.000000,0.870171,ALLOW
13882,0.000000,0.000000,0.917864,ALLOW
13883,0.000000,0.000000,0.948836,ALLOW
13884,0.000000,0.000000,0.968481,ALLOW
13885,0.000000,0.000000,0.980736,ALLOW
13886,0.860004,1.000000,0.421967,PAUSE
13887,0.000000,1.000000,0.173705,PAUSE
13888,0.000000,0.000000,0.103082,PAUSE
13889,0.000000,0.000000,0.147662,PAUSE
13890,0.000000,0.000000,0.271633,PAUSE
13891,0.000000,0.000000,0.430582,PAUSE
13892,0.000000,0.000000,0.585200,ALLOW
13893,0.000000,0.000000,0.713604,ALLOW
13894,0.000000,0.000000,0.809943,ALLOW
13895,0.000000,0.000000,0.877465,ALLOW
13896,0.000000,0.000000,0.922630,ALLOW
13897,0.000000,0.000000,0.951874,ALLOW
13898,0.860004,1.000000,0.410106,PAUSE
13899,0.000000,1.000000,0.168929,PAUSE
13900,0.000000,0.000000,0.101042,PAUSE
13901,0.000000,0.000000,0.146600,PAUSE
13902,0.000000,0.000000,0.270912,PAUSE
13903,0.000000,0.000000,0.430025,PAUSE
13904,0.000000,0.000000,0.584771,ALLOW
13905,0.000000,0.000000,0.713288,ALLOW
13906,0.000000,0.000000,0.809722,ALLOW
13907,0.000000,0.000000,0.877317,ALLOW
13908,0.000000,0.000000,0.922534,ALLOW
13909,0.000000,0.000000,0.951813,ALLOW
13910,0.000000,0.000000,0.970345,ALLOW
13911,0.000000,0.000000,0.981888,ALLOW
13912,0.000000,0.000000,0.988997,ALLOW
13913,0.000000,0.000000,0.993341,ALLOW
13914,0.000000,0.000000,0.995981,ALLOW
13915,0.000000,0.000000,0.997579,ALLOW
13916,0.000000,0.000000,0.998543,ALLOW
13917,0.000000,0.000000,0.999124,ALLOW
13918,0.000000,0.000000,0.999474,ALLOW
13919,0.000000,0.000000,0.999684,ALLOW
13920,0.860004,1.000000,0.429743,PAUSE
13921,0.000000,0.000000,0.271070,PAUSE
13922,0.000000,1.000000,0.118572,PAUSE
13923,0.000000,0.000000,0.099307,PAUSE
13924,0.000000,0.000000,0.177842,PAUSE
13925,0.000000,0.000000,0.319686,PAUSE
13926,0.000000,0.000000,0.481471,PAUSE
13927,0.000000,0.000000,0.629472,ALLOW
13928,0.000000,0.000000,0.747786,ALLOW
13929,0.000000,0.000000,0.834354,ALLOW
13930,0.000000,0.000000,0.894002,ALLOW
13931,0.000000,0.000000,0.933431,ALLOW
13932,0.000000,0.000000,0.958751,ALLOW
13933,0.000000,0.000000,0.974684,ALLOW
13934,0.000000,0.000000,0.984569,ALLOW
13935,0.860004,1.000000,0.423541,PAUSE
13936,0.000000,0.000000,0.268279,PAUSE
13937,0.000000,1.000000,0.117437,PAUSE
13938,0.860004,1.000000,0.049555,PAUSE
13939,0.000000,0.000000,0.042637,PAUSE
13940,0.000000,1.000000,0.021256,PAUSE
13941,0.000000,0.000000,0.039069,PAUSE
13942,0.000000,0.000000,0.116184,PAUSE
13943,0.000000,0.000000,0.251924,PAUSE
13944,0.000000,0.000000,0.416186,PAUSE
13945,0.000000,0.000000,0.574410,ALLOW
13946,0.000000,0.000000,0.705773,ALLOW
13947,0.000000,0.000000,0.804500,ALLOW
13948,0.000000,0.000000,0.873825,ALLOW
13949,0.000000,0.000000,0.920266,ALLOW
13950,0.000000,0.000000,0.950373,ALLOW
13951,0.000000,0.000000,0.969445,ALLOW
13952,0.000000,0.000000,0.981333,ALLOW
13953,0.000000,0.000000,0.988657,ALLOW
13954,0.000000,0.000000,0.993135,ALLOW
13955,0.000000,0.000000,0.995856,ALLOW
13956,0.000000,0.000000,0.997503,ALLOW
13957,0.000000,0.000000,0.998498,ALLOW
13958,0.000000,0.000000,0.999097,ALLOW
13959,0.000000,0.000000,0.999457,ALLOW
13960,0.860004,1.000000,0.429650,PAUSE
13961,0.000000,1.000000,0.176797,PAUSE
13962,0.000000,0.000000,0.104398,PAUSE
13963,0.860004,1.000000,0.047065,PAUSE
13964,0.000000,0.000000,0.053993,PAUSE
13965,0.860004,0.000000,0.036292,PAUSE
13966,0.860004,0.000000,0.019427,PAUSE
13967,0.860004,0.000000,0.010314,PAUSE
13968,0.000000,0.000000,0.026747,PAUSE
13969,0.000000,1.000000,0.034658,PAUSE
13970,0.000000,0.000000,0.100747,PAUSE
13971,0.000000,0.000000,0.228501,PAUSE
13972,0.000000,0.000000,0.390651,PAUSE
13973,0.000000,0.000000,0.551519,ALLOW
13974,0.000000,0.000000,0.687686,ALLOW
13975,0.000000,0.000000,0.791365,ALLOW
13976,0.000000,0.000000,0.864819,ALLOW
13977,0.000000,0.000000,0.914334,ALLOW
13978,0.000000,0.000000,0.946572,ALLOW
13979,0.000000,0.000000,0.967058,ALLOW
13980,0.000000,0.000000,0.979853,ALLOW
13981,0.000000,0.000000,0.987750,ALLOW
13982,0.860004,1.000000,0.424847,PAUSE
13983,0.000000,1.000000,0.174864,PAUSE
13984,0.860004,1.000000,0.071620,PAUSE
13985,0.000000,1.000000,0.029524,PAUSE
13986,0.860004,1.000000,0.012404,PAUSE
13987,0.000000,1.000000,0.005432,PAUSE
13988,0.000000,0.000000,0.010394,PAUSE
13989,0.860004,1.000000,0.006434,PAUSE
13990,0.000000,0.000000,0.023741,PAUSE
13991,0.000000,1.000000,0.013512,PAUSE
13992,0.000000,0.000000,0.035157,PAUSE
13993,0.000000,0.000000,0.113004,PAUSE
13994,0.000000,0.000000,0.248664,PAUSE
13995,0.000000,0.000000,0.413048,PAUSE
13996,0.000000,0.000000,0.571730,ALLOW
13997,0.000000,0.000000,0.703703,ALLOW
13998,0.860004,1.000000,0.307447,PAUSE
13999,0.000000,1.000000,0.127518,PAUSE
14000,0.000000,0.000000,0.083031,PAUSE
14001,0.000000,0.000000,0.136618,PAUSE
14002,0.000000,0.000000,0.263570,PAUSE
14003,0.000000,0.000000,0.424033,PAUSE
14004,0.000000,0.000000,0.580017,ALLOW
14005,0.000000,0.000000,0.709743,ALLOW
14006,0.000000,0.000000,0.807224,ALLOW
14007,0.860004,1.000000,0.350409,PAUSE
14008,0.000000,0.000000,0.234580,PAUSE
14009,0.000000,1.000000,0.103681,PAUSE
14010,0.000000,0.000000,0.092441,PAUSE
14011,0.000000,0.000000,0.173637,PAUSE
14012,0.000000,0.000000,0.316426,PAUSE
14013,0.000000,0.000000,0.478818,PAUSE
14014,0.000000,0.000000,0.627410,ALLOW
14015,0.860004,1.000000,0.275624,PAUSE
14016,0.000000,0.000000,0.198651,PAUSE
14017,0.000000,1.000000,0.088928,PAUSE
14018,0.000000,0.000000,0.085346,PAUSE
14019,0.000000,0.000000,0.168870,PAUSE
14020,0.860004,1.000000,0.079739,PAUSE
14021,0.000000,1.000000,0.034780,PAUSE
14022,0.860004,1.000000,0.015126,PAUSE
14023,0.000000,1.000000,0.006773,PAUSE
14024,0.860004,1.000000,0.003239,PAUSE
14025,0.000000,1.000000,0.001735,PAUSE
14026,0.000000,0.000000,0.008580,PAUSE
14027,0.000000,0.000000,0.048035,PAUSE
14028,0.000000,0.000000,0.145363,PAUSE
14029,0.000000,0.000000,0.293536,PAUSE
14030,0.860004,1.000000,0.134454,PAUSE
14031,0.000000,1.000000,0.057307,PAUSE
14032,0.000000,0.000000,0.050440,PAUSE
14033,0.000000,0.000000,0.114588,PAUSE
14034,0.000000,0.000000,0.243658,PAUSE
14035,0.000000,0.000000,0.405800,PAUSE
14036,0.860004,1.000000,0.182355,PAUSE
14037,0.000000,1.000000,0.076828,PAUSE
14038,0.000000,0.000000,0.059901,PAUSE
14039,0.000000,0.000000,0.121734,PAUSE
14040,0.000000,0.000000,0.250712,PAUSE
14041,0.000000,0.000000,0.412530,PAUSE
14042,0.860004,1.000000,0.185199,PAUSE
14043,0.000000,1.000000,0.077983,PAUSE
14044,0.000000,0.000000,0.060442,PAUSE
14045,0.000000,0.000000,0.122110,PAUSE
14046,0.000000,0.000000,0.251061,PAUSE
14047,0.000000,0.000000,0.412853,PAUSE
14048,0.860004,1.000000,0.185336,PAUSE
14049,0.000000,1.000000,0.078038,PAUSE
14050,0.000000,0.000000,0.060468,PAUSE
14051,0.860004,1.000000,0.029063,PAUSE
14052,0.000000,0.000000,0.045053,PAUSE
14053,0.000000,1.000000,0.023304,PAUSE
14054,0.000000,0.000000,0.044394,PAUSE
14055,0.000000,0.000000,0.126962,PAUSE
14056,0.000000,0.000000,0.266661,PAUSE
14057,0.000000,0.000000,0.431589,PAUSE
14058,0.000000,0.000000,0.587906,ALLOW
14059,0.000000,0.000000,0.716288,ALLOW
14060,0.000000,0.000000,0.812067,ALLOW
14061,0.860004,1.000000,0.352417,PAUSE
14062,0.000000,0.000000,0.235527,PAUSE
14063,0.860004,0.000000,0.112047,PAUSE
14064,0.860004,0.000000,0.050334,PAUSE
14065,0.000000,1.000000,0.040176,PAUSE
14066,0.860004,1.000000,0.019957,PAUSE
14067,0.000000,1.000000,0.009435,PAUSE
14068,0.000000,0.000000,0.019937,PAUSE
14069,0.000000,0.000000,0.076583,PAUSE
14070,0.000000,0.000000,0.193970,PAUSE
14071,0.000000,0.000000,0.352448,PAUSE
14072,0.000000,0.000000,0.516581,ALLOW
14073,0.000000,0.000000,0.659631,ALLOW
14074,0.000000,0.000000,0.770748,ALLOW
14075,0.000000,0.000000,0.850564,ALLOW
14076,0.000000,0.000000,0.904886,ALLOW
14077,0.000000,0.000000,0.940494,ALLOW
14078,0.000000,0.000000,0.963228,ALLOW
14079,0.000000,0.000000,0.977475,ALLOW
14080,0.000000,0.000000,0.986288,ALLOW
14081,0.000000,0.000000,0.991690,ALLOW
14082,0.860004,1.000000,0.426464,PAUSE
14083,0.000000,1.000000,0.175515,PAUSE
14084,0.000000,0.000000,0.103853,PAUSE
14085,0.000000,0.000000,0.148059,PAUSE
14086,0.000000,0.000000,0.271898,PAUSE
14087,0.000000,0.000000,0.430784,PAUSE
14088,0.000000,0.000000,0.585356,ALLOW
14089,0.000000,0.000000,0.713718,ALLOW
14090,0.000000,0.000000,0.810023,ALLOW
14091,0.000000,0.000000,0.877519,ALLOW
14092,0.000000,0.000000,0.922665,ALLOW
14093,0.000000,0.000000,0.951896,ALLOW
14094,0.000000,0.000000,0.970397,ALLOW
14095,0.000000,0.000000,0.981920,ALLOW
14096,0.000000,0.000000,0.989017,ALLOW
14097,0.000000,0.000000,0.993353,ALLOW
14098,0.860004,1.000000,0.427146,PAUSE
14099,0.000000,1.000000,0.175790,PAUSE
14100,0.000000,0.000000,0.103969,PAUSE
14101,0.000000,0.000000,0.148119,PAUSE
14102,0.000000,0.000000,0.271938,PAUSE
14103,0.000000,0.000000,0.430815,PAUSE
14104,0.000000,0.000000,0.585379,ALLOW
14105,0.000000,0.000000,0.713735,ALLOW
14106,0.860004,1.000000,0.311609,PAUSE
14107,0.000000,1.000000,0.129199,PAUSE
14108,0.000000,0.000000,0.083770,PAUSE
14109,0.000000,0.000000,0.137042,PAUSE
14110,0.000000,0.000000,0.263895,PAUSE
14111,0.000000,0.000000,0.424305,PAUSE
14112,0.000000,0.000000,0.580236,ALLOW
14113,0.860004,1.000000,0.255883,PAUSE
14114,0.000000,0.000000,0.188867,PAUSE
14115,0.000000,1.000000,0.084893,PAUSE
14116,0.000000,0.000000,0.083347,PAUSE
14117,0.000000,0.000000,0.167443,PAUSE
14118,0.000000,0.000000,0.311166,PAUSE
14119,0.860004,1.000000,0.141885,PAUSE
14120,0.000000,0.000000,0.128512,PAUSE
14121,0.000000,1.000000,0.059759,PAUSE
14122,0.000000,0.000000,0.070078,PAUSE
14123,0.000000,0.000000,0.156826,PAUSE
14124,0.000000,0.000000,0.301073,PAUSE
14125,0.000000,0.000000,0.465240,PAUSE
14126,0.000000,0.000000,0.616433,ALLOW
14127,0.860004,1.000000,0.271045,PAUSE
14128,0.000000,0.000000,0.196413,PAUSE
14129,0.000000,1.000000,0.088007,PAUSE
14130,0.000000,0.000000,0.084895,PAUSE
14131,0.000000,0.000000,0.168555,PAUSE
14132,0.860004,1.000000,0.079606,PAUSE
14133,0.000000,1.000000,0.034726,PAUSE
14134,0.000000,0.000000,0.038278,PAUSE
14135,0.000000,0.000000,0.103125,PAUSE
14136,0.000000,0.000000,0.230659,PAUSE
14137,0.860004,1.000000,0.107220,PAUSE
14138,0.000000,0.000000,0.108374,PAUSE
14139,0.000000,1.000000,0.051258,PAUSE
14140,0.000000,0.000000,0.065182,PAUSE
14141,0.000000,0.000000,0.152349,PAUSE
14142,0.860004,1.000000,0.072666,PAUSE
14143,0.000000,1.000000,0.031884,PAUSE
14144,0.000000,0.000000,0.036808,PAUSE
14145,0.000000,0.000000,0.101814,PAUSE
14146,0.000000,0.000000,0.229197,PAUSE
14147,0.860004,1.000000,0.106590,PAUSE
14148,0.860004,0.000000,0.051122,PAUSE
14149,0.000000,1.000000,0.028348,PAUSE
14150,0.000000,0.000000,0.055989,PAUSE
14151,0.000000,0.000000,0.148623,PAUSE
14152,0.000000,0.000000,0.294928,PAUSE
14153,0.860004,1.000000,0.135014,PAUSE
14154,0.000000,0.000000,0.124831,PAUSE
14155,0.000000,1.000000,0.058221,PAUSE
14156,0.000000,0.000000,0.069246,PAUSE
14157,0.000000,0.000000,0.156130,PAUSE
14158,0.000000,0.000000,0.300391,PAUSE
14159,0.000000,0.000000,0.464617,PAUSE
14160,0.000000,0.000000,0.615922,ALLOW
14161,0.000000,0.000000,0.737714,ALLOW
14162,0.000000,0.000000,0.827307,ALLOW
14163,0.000000,0.000000,0.889285,ALLOW
14164,0.000000,0.000000,0.930373,ALLOW
14165,0.000000,0.000000,0.956814,ALLOW
14166,0.000000,0.000000,0.973476,ALLOW
14167,0.000000,0.000000,0.983824,ALLOW
14168,0.000000,0.000000,0.990183,ALLOW
14169,0.000000,0.000000,0.994063,ALLOW
14170,0.000000,0.000000,0.996419,ALLOW
14171,0.000000,0.000000,0.997843,ALLOW
14172,0.000000,0.000000,0.998702,ALLOW
14173,0.000000,0.000000,0.999220,ALLOW
14174,0.000000,0.000000,0.999532,ALLOW
14175,0.000000,0.000000,0.999719,ALLOW
14176,0.000000,0.000000,0.999831,ALLOW
14177,0.000000,0.000000,0.999899,ALLOW
14178,0.000000,0.000000,0.999939,ALLOW
14179,0.860004,1.000000,0.429847,PAUSE
14180,0.000000,0.000000,0.271117,PAUSE
14181,0.000000,1.000000,0.118591,PAUSE
14182,0.860004,1.000000,0.050019,PAUSE
14183,0.000000,1.000000,0.021144,PAUSE
14184,0.000000,0.000000,0.022410,PAUSE
14185,0.000000,0.000000,0.071777,PAUSE
14186,0.000000,0.000000,0.183625,PAUSE
14187,0.000000,0.000000,0.339715,PAUSE
14188,0.000000,0.000000,0.504396,ALLOW
14189,0.000000,0.000000,0.649606,ALLOW
14190,0.000000,0.000000,0.763272,ALLOW
14191,0.000000,0.000000,0.845346,ALLOW
14192,0.000000,0.000000,0.901406,ALLOW
14193,0.000000,0.000000,0.938245,ALLOW
14194,0.000000,0.000000,0.961806,ALLOW
14195,0.000000,0.000000,0.976591,ALLOW
14196,0.000000,0.000000,0.985744,ALLOW
14197,0.860004,1.000000,0.424023,PAUSE
14198,0.000000,0.000000,0.268497,PAUSE
14199,0.000000,1.000000,0.117525,PAUSE
14200,0.000000,0.000000,0.098835,PAUSE
14201,0.000000,0.000000,0.177567,PAUSE
14202,0.000000,0.000000,0.319483,PAUSE
14203,0.000000,0.000000,0.481311,PAUSE
14204,0.000000,0.000000,0.629349,ALLOW
14205,0.860004,1.000000,0.276432,PAUSE
14206,0.000000,0.000000,0.199043,PAUSE
14207,0.000000,1.000000,0.089089,PAUSE
14208,0.000000,0.000000,0.085425,PAUSE
14209,0.000000,0.000000,0.168924,PAUSE
14210,0.000000,0.000000,0.312467,PAUSE
14211,0.000000,0.000000,0.475457,PAUSE
14212,0.000000,0.000000,0.624745,ALLOW
14213,0.000000,0.000000,0.744312,ALLOW
14214,0.000000,0.000000,0.831939,ALLOW
14215,0.000000,0.000000,0.892391,ALLOW
14216,0.000000,0.000000,0.932389,ALLOW
14217,0.000000,0.000000,0.958092,ALLOW
14218,0.000000,0.000000,0.974274,ALLOW
14219,0.000000,0.000000,0.984316,ALLOW
14220,0.000000,0.000000,0.990484,ALLOW
14221,0.000000,0.000000,0.994246,ALLOW
14222,0.000000,0.000000,0.996529,ALLOW
14223,0.000000,0.000000,0.997910,ALLOW
14224,0.000000,0.000000,0.998743,ALLOW
14225,0.000000,0.000000,0.999244,ALLOW
14226,0.000000,0.000000,0.999546,ALLOW
14227,0.000000,0.000000,0.999727,ALLOW
14228,0.860004,1.000000,0.429760,PAUSE
14229,0.000000,1.000000,0.176842,PAUSE
14230,0.000000,0.000000,0.104416,PAUSE
14231,0.000000,0.000000,0.148348,PAUSE
14232,0.000000,0.000000,0.272089,PAUSE
14233,0.860004,1.000000,0.124872,PAUSE
14234,0.000000,0.000000,0.118233,PAUSE
14235,0.000000,1.000000,0.055402,PAUSE
14236,0.000000,0.000000,0.067518,PAUSE
14237,0.000000,0.000000,0.154429,PAUSE
14238,0.000000,0.000000,0.298586,PAUSE
14239,0.000000,0.000000,0.462917,PAUSE
14240,0.000000,0.000000,0.614509,ALLOW
14241,0.000000,0.000000,0.736647,ALLOW
14242,0.860004,1.000000,0.321140,PAUSE
14243,0.860004,0.000000,0.137964,PAUSE
14244,0.000000,0.000000,0.105086,PAUSE
14245,0.860004,0.000000,0.052259,PAUSE
14246,0.000000,0.000000,0.073028,PAUSE
14247,0.000000,1.000000,0.052647,PAUSE
14248,0.860004,1.000000,0.025328,PAUSE
14249,0.000000,1.000000,0.011668,PAUSE
14250,0.000000,0.000000,0.021386,PAUSE
14251,0.860004,1.000000,0.012040,PAUSE
14252,0.000000,0.000000,0.032146,PAUSE
14253,0.860004,0.000000,0.026582,PAUSE
14254,0.000000,0.000000,0.072825,PAUSE
14255,0.000000,1.000000,0.044458,PAUSE
14256,0.000000,0.000000,0.084243,PAUSE
14257,0.000000,0.000000,0.193947,PAUSE
14258,0.000000,0.000000,0.349310,PAUSE
14259,0.000000,0.000000,0.512754,ALLOW
14260,0.000000,0.000000,0.656237,ALLOW
14261,0.000000,0.000000,0.768138,ALLOW
14262,0.000000,0.000000,0.848716,ALLOW
14263,0.000000,0.000000,0.903645,ALLOW
14264,0.000000,0.000000,0.939688,ALLOW
14265,0.000000,0.000000,0.962717,ALLOW
14266,0.000000,0.000000,0.977157,ALLOW
14267,0.000000,0.000000,0.986092,ALLOW
14268,0.000000,0.000000,0.991570,ALLOW
14269,0.000000,0.000000,0.994906,ALLOW
14270,0.000000,0.000000,0.996929,ALLOW
14271,0.000000,0.000000,0.998151,ALLOW
14272,0.000000,0.000000,0.998888,ALLOW
14273,0.000000,0.000000,0.999332,ALLOW
14274,0.000000,0.000000,0.999599,ALLOW
14275,0.000000,0.000000,0.999759,ALLOW
14276,0.860004,1.000000,0.429773,PAUSE
14277,0.000000,1.000000,0.176847,PAUSE
14278,0.000000,0.000000,0.104419,PAUSE
14279,0.000000,0.000000,0.148349,PAUSE
14280,0.000000,0.000000,0.272090,PAUSE
14281,0.000000,0.000000,0.430930,PAUSE
14282,0.000000,0.000000,0.585467,ALLOW
14283,0.000000,0.000000,0.713799,ALLOW
14284,0.000000,0.000000,0.810079,ALLOW
14285,0.000000,0.000000,0.877557,ALLOW
14286,0.000000,0.000000,0.922690,ALLOW
14287,0.000000,0.000000,0.951912,ALLOW
14288,0.000000,0.000000,0.970406,ALLOW
14289,0.000000,0.000000,0.981926,ALLOW
14290,0.000000,0.000000,0.989021,ALLOW
14291,0.000000,0.000000,0.993356,ALLOW
14292,0.000000,0.000000,0.995990,ALLOW
14293,0.000000,0.000000,0.997584,ALLOW
14294,0.000000,0.000000,0.998546,ALLOW
14295,0.000000,0.000000,0.999126,ALLOW
14296,0.000000,0.000000,0.999475,ALLOW
14297,0.000000,0.000000,0.999685,ALLOW
14298,0.860004,1.000000,0.429743,PAUSE
14299,0.000000,1.000000,0.176835,PAUSE
14300,0.000000,0.000000,0.104413,PAUSE
14301,0.000000,0.000000,0.148347,PAUSE
14302,0.000000,0.000000,0.272088,PAUSE
14303,0.000000,0.000000,0.430929,PAUSE
14304,0.000000,0.000000,0.585466,ALLOW
14305,0.000000,0.000000,0.713799,ALLOW
14306,0.000000,0.000000,0.810079,ALLOW
14307,0.000000,0.000000,0.877557,ALLOW
14308,0.000000,0.000000,0.922689,ALLOW
14309,0.000000,0.000000,0.951912,ALLOW
14310,0.000000,0.000000,0.970406,ALLOW
14311,0.000000,0.000000,0.981926,ALLOW
14312,0.000000,0.000000,0.989021,ALLOW
14313,0.000000,0.000000,0.993356,ALLOW
14314,0.000000,0.000000,0.995990,ALLOW
14315,0.000000,0.000000,0.997584,ALLOW
14316,0.000000,0.000000,0.998546,ALLOW
14317,0.000000,0.000000,0.999126,ALLOW
14318,0.000000,0.000000,0.999475,ALLOW
14319,0.000000,0.000000,0.999685,ALLOW
14320,0.000000,0.000000,0.999811,ALLOW
14321,0.000000,0.000000,0.999886,ALLOW
14322,0.000000,0.000000,0.999932,ALLOW
14323,0.000000,0.000000,0.999959,ALLOW
14324,0.000000,0.000000,0.999975,ALLOW
14325,0.000000,0.000000,0.999985,ALLOW
14326,0.860004,1.000000,0.429866,PAUSE
14327,0.000000,1.000000,0.176884,PAUSE
14328,0.000000,0.000000,0.104435,PAUSE
14329,0.000000,0.000000,0.148357,PAUSE
14330,0.000000,0.000000,0.272095,PAUSE
14331,0.000000,0.000000,0.430934,PAUSE
14332,0.860004,1.000000,0.192940,PAUSE
14333,0.860004,0.000000,0.086171,PAUSE
14334,0.000000,0.000000,0.082737,PAUSE
14335,0.000000,1.000000,0.047510,PAUSE
14336,0.000000,0.000000,0.083060,PAUSE
14337,0.000000,0.000000,0.189970,PAUSE
14338,0.000000,0.000000,0.344138,PAUSE
14339,0.000000,0.000000,0.507728,ALLOW
14340,0.000000,0.000000,0.652077,ALLOW
14341,0.000000,0.000000,0.765028,ALLOW
14342,0.000000,0.000000,0.846542,ALLOW
14343,0.860004,1.000000,0.366676,PAUSE
14344,0.860004,0.000000,0.156193,PAUSE
14345,0.000000,1.000000,0.072395,PAUSE
14346,0.000000,0.000000,0.080141,PAUSE
14347,0.000000,0.000000,0.169061,PAUSE
14348,0.000000,0.000000,0.314968,PAUSE
14349,0.000000,0.000000,0.478554,PAUSE
14350,0.000000,0.000000,0.627541,ALLOW
14351,0.000000,0.000000,0.746494,ALLOW
14352,0.000000,0.000000,0.833500,ALLOW
14353,0.860004,1.000000,0.361283,PAUSE
14354,0.000000,0.000000,0.239676,PAUSE
14355,0.860004,0.000000,0.113562,PAUSE
14356,0.000000,0.000000,0.117855,PAUSE
14357,0.000000,1.000000,0.067211,PAUSE
14358,0.000000,0.000000,0.105008,PAUSE
14359,0.000000,0.000000,0.218578,PAUSE
14360,0.000000,0.000000,0.375448,PAUSE
14361,0.000000,0.000000,0.536468,ALLOW
14362,0.000000,0.000000,0.675276,ALLOW
14363,0.000000,0.000000,0.782151,ALLOW
14364,0.000000,0.000000,0.858422,ALLOW
14365,0.000000,0.000000,0.910086,ALLOW
14366,0.000000,0.000000,0.943837,ALLOW
14367,0.000000,0.000000,0.965334,ALLOW
14368,0.000000,0.000000,0.978783,ALLOW
14369,0.000000,0.000000,0.987092,ALLOW
14370,0.860004,1.000000,0.424577,PAUSE
14371,0.000000,1.000000,0.174755,PAUSE
14372,0.000000,0.000000,0.103529,PAUSE
14373,0.000000,0.000000,0.147893,PAUSE
14374,0.860004,1.000000,0.069744,PAUSE
14375,0.000000,1.000000,0.030547,PAUSE
14376,0.000000,0.000000,0.035403,PAUSE
14377,0.000000,0.000000,0.099349,PAUSE
14378,0.000000,0.000000,0.225728,PAUSE
14379,0.000000,0.000000,0.387425,PAUSE
14380,0.000000,0.000000,0.548549,ALLOW
14381,0.000000,0.000000,0.685306,ALLOW
14382,0.000000,0.000000,0.789622,ALLOW
14383,0.000000,0.000000,0.863618,ALLOW
14384,0.000000,0.000000,0.913540,ALLOW
14385,0.000000,0.000000,0.946062,ALLOW
14386,0.860004,1.000000,0.407715,PAUSE
14387,0.000000,0.000000,0.261102,PAUSE
14388,0.000000,1.000000,0.114514,PAUSE
14389,0.000000,0.000000,0.097465,PAUSE
14390,0.000000,0.000000,0.176755,PAUSE
14391,0.000000,0.000000,0.318874,PAUSE
14392,0.000000,0.000000,0.480823,PAUSE
14393,0.000000,0.000000,0.628973,ALLOW
14394,0.860004,1.000000,0.276275,PAUSE
14395,0.000000,0.000000,0.198967,PAUSE
14396,0.000000,0.000000,0.269826,PAUSE
14397,0.860004,0.000000,0.133727,PAUSE
14398,0.000000,0.000000,0.144315,PAUSE
14399,0.860004,0.000000,0.072371,PAUSE
14400,0.000000,1.000000,0.054689,PAUSE
14401,0.000000,0.000000,0.112580,PAUSE
14402,0.000000,0.000000,0.238157,PAUSE
14403,0.000000,0.000000,0.399186,PAUSE
14404,0.000000,0.000000,0.558625,ALLOW
14405,0.000000,0.000000,0.693140,ALLOW
14406,0.000000,0.000000,0.795277,ALLOW
14407,0.000000,0.000000,0.867486,ALLOW
14408,0.000000,0.000000,0.916086,ALLOW
14409,0.000000,0.000000,0.947693,ALLOW
14410,0.000000,0.000000,0.967761,ALLOW
14411,0.000000,0.000000,0.980289,ALLOW
14412,0.000000,0.000000,0.988017,ALLOW
14413,0.000000,0.000000,0.992744,ALLOW
14414,0.000000,0.000000,0.995619,ALLOW
14415,0.000000,0.000000,0.997360,ALLOW
14416,0.860004,1.000000,0.428790,PAUSE
14417,0.000000,0.000000,0.270642,PAUSE
14418,0.860004,0.000000,0.126212,PAUSE
14419,0.000000,0.000000,0.123561,PAUSE
14420,0.000000,0.000000,0.219064,PAUSE
14421,0.000000,1.000000,0.111281,PAUSE
14422,0.000000,0.000000,0.130734,PAUSE
14423,0.000000,0.000000,0.239633,PAUSE
14424,0.000000,0.000000,0.394281,PAUSE
14425,0.000000,0.000000,0.552318,ALLOW
14426,0.000000,0.000000,0.687542,ALLOW
14427,0.000000,0.000000,0.791000,ALLOW
14428,0.000000,0.000000,0.864478,ALLOW
14429,0.000000,0.000000,0.914075,ALLOW
14430,0.000000,0.000000,0.946394,ALLOW
14431,0.860004,1.000000,0.407852,PAUSE
14432,0.000000,0.000000,0.261163,PAUSE
14433,0.000000,1.000000,0.114539,PAUSE
14434,0.000000,0.000000,0.097477,PAUSE
14435,0.000000,0.000000,0.176762,PAUSE
14436,0.000000,0.000000,0.318879,PAUSE
14437,0.860004,1.000000,0.145140,PAUSE
14438,0.000000,0.000000,0.130233,PAUSE
14439,0.000000,0.000000,0.220477,PAUSE
14440,0.000000,0.000000,0.368115,PAUSE
14441,0.000000,0.000000,0.526985,ALLOW
14442,0.000000,0.000000,0.666780,ALLOW
14443,0.000000,0.000000,0.775611,ALLOW
14444,0.000000,1.000000,0.337306,PAUSE
14445,0.000000,0.000000,0.228393,PAUSE
14446,0.000000,0.000000,0.287994,PAUSE
14447,0.000000,0.000000,0.422425,PAUSE
14448,0.000000,0.000000,0.570517,ALLOW
14449,0.000000,0.000000,0.699729,ALLOW
14450,0.000000,0.000000,0.799124,ALLOW
14451,0.000000,0.000000,0.869795,ALLOW
14452,0.000000,0.000000,0.917488,ALLOW
14453,0.000000,0.000000,0.948547,ALLOW
14454,0.000000,0.000000,0.968281,ALLOW
14455,0.000000,0.000000,0.980605,ALLOW
14456,0.000000,0.000000,0.988208,ALLOW
14457,0.000000,0.000000,0.992860,ALLOW
14458,0.000000,0.000000,0.995689,ALLOW
14459,0.000000,0.000000,0.997402,ALLOW
14460,0.000000,0.000000,0.998436,ALLOW
14461,0.000000,0.000000,0.999060,ALLOW
14462,0.860004,1.000000,0.429487,PAUSE
14463,0.000000,1.000000,0.176732,PAUSE
14464,0.000000,0.000000,0.104370,PAUSE
14465,0.000000,0.000000,0.148324,PAUSE
14466,0.860004,1.000000,0.069922,PAUSE
14467,0.000000,1.000000,0.030619,PAUSE
14468,0.860004,1.000000,0.013402,PAUSE
14469,0.000000,1.000000,0.006062,PAUSE
14470,0.860004,1.000000,0.002945,PAUSE
14471,0.000000,1.000000,0.001612,PAUSE
14472,0.000000,0.000000,0.008479,PAUSE
14473,0.000000,0.000000,0.047820,PAUSE
14474,0.000000,0.000000,0.144979,PAUSE
14475,0.000000,0.000000,0.293049,PAUSE
14476,0.000000,0.000000,0.459172,PAUSE
14477,0.000000,0.000000,0.611862,ALLOW
14478,0.000000,0.000000,0.734799,ALLOW
14479,0.000000,0.000000,0.825302,ALLOW
14480,0.000000,0.000000,0.887954,ALLOW
14481,0.000000,0.000000,0.929514,ALLOW
14482,0.000000,0.000000,0.956271,ALLOW
14483,0.000000,0.000000,0.973138,ALLOW
14484,0.860004,1.000000,0.418847,PAUSE
14485,0.000000,1.000000,0.172449,PAUSE
14486,0.000000,0.000000,0.102546,PAUSE
14487,0.000000,0.000000,0.147385,PAUSE
14488,0.000000,0.000000,0.271446,PAUSE
14489,0.000000,0.000000,0.430438,PAUSE
14490,0.860004,1.000000,0.192733,PAUSE
14491,0.000000,1.000000,0.081039,PAUSE
14492,0.000000,0.000000,0.061857,PAUSE
14493,0.000000,0.000000,0.123061,PAUSE
14494,0.000000,0.000000,0.251919,PAUSE
14495,0.000000,0.000000,0.413639,PAUSE
14496,0.000000,0.000000,0.571412,ALLOW
14497,0.860004,1.000000,0.252195,PAUSE
14498,0.860004,0.000000,0.110118,PAUSE
14499,0.000000,1.000000,0.053371,PAUSE
14500,0.000000,0.000000,0.070667,PAUSE
14501,0.000000,0.000000,0.162255,PAUSE
14502,0.000000,0.000000,0.308964,PAUSE
14503,0.000000,0.000000,0.473338,PAUSE
14504,0.000000,0.000000,0.623362,ALLOW
14505,0.860004,1.000000,0.273942,PAUSE
14506,0.860004,0.000000,0.118591,PAUSE
14507,0.000000,1.000000,0.056896,PAUSE
14508,0.000000,0.000000,0.072506,PAUSE
14509,0.000000,0.000000,0.163689,PAUSE
14510,0.000000,0.000000,0.310300,PAUSE
14511,0.000000,0.000000,0.474527,PAUSE
14512,0.000000,0.000000,0.624326,ALLOW
14513,0.000000,0.000000,0.744113,ALLOW
14514,0.000000,0.000000,0.831838,ALLOW
14515,0.000000,0.000000,0.892338,ALLOW
14516,0.000000,0.000000,0.932359,ALLOW
14517,0.000000,0.000000,0.958075,ALLOW
14518,0.000000,0.000000,0.974264,ALLOW
14519,0.000000,0.000000,0.984310,ALLOW
14520,0.000000,0.000000,0.990481,ALLOW
14521,0.000000,0.000000,0.994244,ALLOW
14522,0.000000,0.000000,0.996528,ALLOW
14523,0.000000,0.000000,0.997909,ALLOW
14524,0.000000,0.000000,0.998742,ALLOW
14525,0.000000,0.000000,0.999244,ALLOW
14526,0.000000,0.000000,0.999546,ALLOW
14527,0.000000,0.000000,0.999727,ALLOW
14528,0.000000,0.000000,0.999836,ALLOW
14529,0.000000,0.000000,0.999902,ALLOW
14530,0.000000,0.000000,0.999941,ALLOW
14531,0.000000,0.000000,0.999965,ALLOW
14532,0.860004,1.000000,0.429858,PAUSE
14533,0.860004,0.000000,0.181612,PAUSE
14534,0.000000,1.000000,0.082789,PAUSE
14535,0.860004,1.000000,0.035699,PAUSE
14536,0.000000,1.000000,0.015416,PAUSE
14537,0.000000,0.000000,0.020119,PAUSE
14538,0.000000,0.000000,0.070860,PAUSE
14539,0.000000,0.000000,0.183258,PAUSE
14540,0.000000,0.000000,0.339568,PAUSE
14541,0.000000,0.000000,0.504337,ALLOW
14542,0.000000,0.000000,0.649582,ALLOW
14543,0.000000,0.000000,0.763262,ALLOW
14544,0.860004,1.000000,0.332192,PAUSE
14545,0.860004,0.000000,0.142311,PAUSE
14546,0.000000,1.000000,0.066691,PAUSE
14547,0.860004,1.000000,0.029201,PAUSE
14548,0.000000,1.000000,0.012802,PAUSE
14549,0.860004,1.000000,0.005810,PAUSE
14550,0.000000,1.000000,0.002838,PAUSE
14551,0.860004,1.000000,0.001567,PAUSE
14552,0.000000,1.000000,0.001015,PAUSE
14553,0.000000,0.000000,0.007733,PAUSE
14554,0.000000,0.000000,0.045774,PAUSE
14555,0.000000,0.000000,0.141165,PAUSE
14556,0.000000,0.000000,0.288151,PAUSE
14557,0.000000,0.000000,0.454260,PAUSE
14558,0.000000,0.000000,0.607675,ALLOW
14559,0.860004,1.000000,0.267392,PAUSE
14560,0.000000,1.000000,0.111322,PAUSE
14561,0.000000,0.000000,0.075807,PAUSE
14562,0.000000,0.000000,0.132278,PAUSE
14563,0.000000,0.000000,0.260071,PAUSE
14564,0.000000,0.000000,0.421018,PAUSE
14565,0.000000,0.000000,0.577561,ALLOW
14566,0.000000,0.000000,0.707887,ALLOW
14567,0.000000,0.000000,0.805907,ALLOW
14568,0.000000,0.000000,0.874743,ALLOW
14569,0.000000,0.000000,0.920854,ALLOW
14570,0.000000,0.000000,0.950743,ALLOW
14571,0.000000,0.000000,0.969675,ALLOW
14572,0.860004,1.000000,0.417424,PAUSE
14573,0.000000,1.000000,0.171876,PAUSE
14574,0.000000,0.000000,0.102301,PAUSE
14575,0.000000,0.000000,0.147258,PAUSE
14576,0.000000,0.000000,0.271360,PAUSE
14577,0.000000,0.000000,0.430372,PAUSE
14578,0.000000,0.000000,0.585039,ALLOW
14579,0.000000,0.000000,0.713485,ALLOW
14580,0.000000,0.000000,0.809860,ALLOW
14581,0.860004,1.000000,0.351499,PAUSE
14582,0.000000,1.000000,0.145304,PAUSE
14583,0.000000,0.000000,0.090838,PAUSE
14584,0.000000,0.000000,0.141076,PAUSE
14585,0.000000,0.000000,0.266969,PAUSE
14586,0.000000,0.000000,0.426868,PAUSE
14587,0.000000,0.000000,0.582291,ALLOW
14588,0.860004,1.000000,0.256741,PAUSE
14589,0.000000,1.000000,0.107008,PAUSE
14590,0.000000,0.000000,0.073850,PAUSE
14591,0.000000,0.000000,0.131041,PAUSE
14592,0.000000,0.000000,0.259022,PAUSE
14593,0.000000,0.000000,0.420089,PAUSE
14594,0.000000,0.000000,0.576795,ALLOW
14595,0.000000,0.000000,0.707304,ALLOW
14596,0.000000,0.000000,0.805493,ALLOW
14597,0.000000,0.000000,0.874462,ALLOW
14598,0.000000,0.000000,0.920671,ALLOW
14599,0.000000,0.000000,0.950626,ALLOW
14600,0.000000,0.000000,0.969602,ALLOW
14601,0.000000,0.000000,0.981429,ALLOW
14602,0.000000,0.000000,0.988716,ALLOW
14603,0.000000,0.000000,0.993170,ALLOW
14604,0.000000,0.000000,0.995877,ALLOW
14605,0.000000,0.000000,0.997516,ALLOW
14606,0.000000,0.000000,0.998505,ALLOW
14607,0.000000,0.000000,0.999101,ALLOW
14608,0.860004,1.000000,0.429504,PAUSE
14609,0.000000,1.000000,0.176738,PAUSE
14610,0.000000,0.000000,0.104373,PAUSE
14611,0.000000,0.000000,0.148326,PAUSE
14612,0.000000,0.000000,0.272075,PAUSE
14613,0.000000,0.000000,0.430918,PAUSE
14614,0.000000,0.000000,0.585458,ALLOW
14615,0.000000,0.000000,0.713793,ALLOW
14616,0.000000,0.000000,0.810075,ALLOW
14617,0.000000,0.000000,0.877554,ALLOW
14618,0.000000,0.000000,0.922688,ALLOW
14619,0.000000,0.000000,0.951910,ALLOW
14620,0.000000,0.000000,0.970406,ALLOW
14621,0.000000,0.000000,0.981926,ALLOW
14622,0.000000,0.000000,0.989020,ALLOW
14623,0.000000,0.000000,0.993355,ALLOW
14624,0.860004,1.000000,0.427147,PAUSE
14625,0.000000,1.000000,0.175790,PAUSE
14626,0.000000,0.000000,0.103969,PAUSE
14627,0.000000,0.000000,0.148119,PAUSE
14628,0.860004,1.000000,0.069837,PAUSE
14629,0.000000,1.000000,0.030585,PAUSE
14630,0.860004,1.000000,0.013388,PAUSE
14631,0.000000,0.000000,0.019438,PAUSE
14632,0.000000,0.000000,0.070938,PAUSE
14633,0.860004,0.000000,0.049135,PAUSE
14634,0.000000,1.000000,0.032937,PAUSE
14635,0.000000,0.000000,0.074162,PAUSE
14636,0.000000,0.000000,0.181862,PAUSE
14637,0.860004,1.000000,0.085861,PAUSE
14638,0.000000,1.000000,0.037358,PAUSE
14639,0.000000,0.000000,0.039987,PAUSE
14640,0.000000,0.000000,0.105219,PAUSE
14641,0.000000,0.000000,0.233315,PAUSE
14642,0.860004,1.000000,0.108368,PAUSE
14643,0.860004,0.000000,0.051747,PAUSE
14644,0.000000,1.000000,0.028623,PAUSE
14645,0.000000,0.000000,0.056183,PAUSE
14646,0.000000,0.000000,0.148843,PAUSE
14647,0.860004,1.000000,0.071269,PAUSE
14648,0.000000,1.000000,0.031326,PAUSE
14649,0.000000,0.000000,0.036588,PAUSE
14650,0.000000,0.000000,0.101735,PAUSE
14651,0.000000,0.000000,0.229176,PAUSE
14652,0.000000,0.000000,0.391188,PAUSE
14653,0.000000,0.000000,0.551945,ALLOW
14654,0.000000,0.000000,0.688006,ALLOW
14655,0.860004,1.000000,0.300912,PAUSE
14656,0.860004,0.000000,0.129733,PAUSE
14657,0.000000,1.000000,0.061504,PAUSE
14658,0.000000,0.000000,0.074827,PAUSE
14659,0.000000,0.000000,0.165391,PAUSE
14660,0.000000,0.000000,0.311824,PAUSE
14661,0.000000,0.000000,0.475861,PAUSE
14662,0.000000,0.000000,0.625397,ALLOW
14663,0.000000,0.000000,0.744909,ALLOW
14664,0.000000,0.000000,0.832395,ALLOW
14665,0.860004,1.000000,0.360826,PAUSE
14666,0.000000,1.000000,0.149067,PAUSE
14667,0.000000,0.000000,0.092476,PAUSE
14668,0.000000,0.000000,0.141987,PAUSE
14669,0.000000,0.000000,0.267642,PAUSE
14670,0.000000,0.000000,0.427418,PAUSE
14671,0.860004,1.000000,0.191468,PAUSE
14672,0.000000,1.000000,0.080526,PAUSE
14673,0.000000,0.000000,0.061622,PAUSE
14674,0.000000,0.000000,0.122908,PAUSE
14675,0.860004,1.000000,0.059251,PAUSE
14676,0.000000,1.000000,0.026275,PAUSE
14677,0.000000,0.000000,0.033295,PAUSE
14678,0.000000,0.000000,0.097623,PAUSE
14679,0.000000,0.000000,0.223879,PAUSE
14680,0.860004,1.000000,0.104290,PAUSE
14681,0.000000,1.000000,0.044948,PAUSE
14682,0.860004,1.000000,0.019279,PAUSE
14683,0.000000,1.000000,0.008465,PAUSE
14684,0.000000,0.000000,0.014284,PAUSE
14685,0.000000,0.000000,0.059872,PAUSE
14686,0.000000,0.000000,0.165678,PAUSE
14687,0.000000,0.000000,0.318699,PAUSE
14688,0.000000,0.000000,0.484376,PAUSE
14689,0.860004,1.000000,0.215623,PAUSE
14690,0.000000,1.000000,0.090345,PAUSE
14691,0.000000,0.000000,0.066244,PAUSE
14692,0.000000,0.000000,0.126142,PAUSE
14693,0.000000,0.000000,0.254786,PAUSE
14694,0.000000,0.000000,0.416298,PAUSE
14695,0.000000,0.000000,0.573652,ALLOW
14696,0.000000,0.000000,0.704908,ALLOW
14697,0.000000,0.000000,0.803784,ALLOW
14698,0.000000,0.000000,0.873303,ALLOW
14699,0.000000,0.000000,0.919912,ALLOW
14700,0.000000,0.000000,0.950142,ALLOW
14701,0.860004,1.000000,0.409393,PAUSE
14702,0.000000,1.000000,0.168642,PAUSE
14703,0.000000,0.000000,0.100919,PAUSE
14704,0.000000,0.000000,0.146535,PAUSE
14705,0.000000,0.000000,0.270868,PAUSE
14706,0.000000,0.000000,0.429991,PAUSE
14707,0.000000,0.000000,0.584744,ALLOW
14708,0.000000,0.000000,0.713269,ALLOW
14709,0.000000,0.000000,0.809708,ALLOW
14710,0.000000,0.000000,0.877308,ALLOW
14711,0.000000,0.000000,0.922528,ALLOW
14712,0.000000,0.000000,0.951809,ALLOW
14713,0.000000,0.000000,0.970342,ALLOW
14714,0.000000,0.000000,0.981886,ALLOW
14715,0.000000,0.000000,0.988996,ALLOW
14716,0.000000,0.000000,0.993341,ALLOW
14717,0.000000,0.000000,0.995981,ALLOW
14718,0.000000,0.000000,0.997579,ALLOW
14719,0.000000,0.000000,0.998543,ALLOW
14720,0.000000,0.000000,0.999124,ALLOW
14721,0.000000,0.000000,0.999474,ALLOW
14722,0.000000,0.000000,0.999684,ALLOW
14723,0.000000,0.000000,0.999810,ALLOW
14724,0.860004,1.000000,0.429794,PAUSE
14725,0.000000,1.000000,0.176855,PAUSE
14726,0.000000,0.000000,0.104422,PAUSE
14727,0.000000,0.000000,0.148351,PAUSE
14728,0.000000,0.000000,0.272091,PAUSE
14729,0.000000,0.000000,0.430931,PAUSE
14730,0.000000,0.000000,0.585468,ALLOW
14731,0.000000,0.000000,0.713800,ALLOW
14732,0.000000,0.000000,0.810080,ALLOW
14733,0.000000,0.000000,0.877557,ALLOW
14734,0.000000,0.000000,0.922690,ALLOW
14735,0.860004,1.000000,0.398094,PAUSE
14736,0.000000,1.000000,0.164090,PAUSE
14737,0.000000,0.000000,0.098967,PAUSE
14738,0.000000,0.000000,0.145504,PAUSE
14739,0.000000,0.000000,0.270155,PAUSE
14740,0.000000,0.000000,0.429432,PAUSE
14741,0.000000,0.000000,0.584310,ALLOW
14742,0.000000,0.000000,0.712948,ALLOW
14743,0.000000,0.000000,0.809484,ALLOW
14744,0.860004,1.000000,0.351344,PAUSE
14745,0.000000,1.000000,0.145241,PAUSE
14746,0.860004,1.000000,0.059725,PAUSE
14747,0.000000,1.000000,0.024752,PAUSE
14748,0.000000,0.000000,0.021719,PAUSE
14749,0.000000,0.000000,0.065546,PAUSE
14750,0.000000,0.000000,0.172145,PAUSE
14751,0.000000,0.000000,0.325745,PAUSE
14752,0.860004,1.000000,0.148255,PAUSE
14753,0.000000,1.000000,0.062940,PAUSE
14754,0.000000,0.000000,0.053218,PAUSE
14755,0.000000,0.000000,0.116774,PAUSE
14756,0.860004,1.000000,0.056626,PAUSE
14757,0.000000,1.000000,0.025198,PAUSE
14758,0.000000,0.000000,0.032724,PAUSE
14759,0.000000,0.000000,0.097083,PAUSE
14760,0.000000,0.000000,0.223252,PAUSE
14761,0.000000,0.000000,0.384928,PAUSE
14762,0.000000,0.000000,0.546351,ALLOW
14763,0.000000,0.000000,0.683575,ALLOW
14764,0.000000,0.000000,0.788364,ALLOW
14765,0.000000,0.000000,0.862754,ALLOW
14766,0.000000,0.000000,0.912969,ALLOW
14767,0.000000,0.000000,0.945697,ALLOW
14768,0.000000,0.000000,0.966507,ALLOW
14769,0.000000,0.000000,0.979512,ALLOW
14770,0.000000,0.000000,0.987540,ALLOW
14771,0.000000,0.000000,0.992453,ALLOW
14772,0.000000,0.000000,0.995443,ALLOW
14773,0.000000,0.000000,0.997253,ALLOW
14774,0.000000,0.000000,0.998347,ALLOW
14775,0.000000,0.000000,0.999006,ALLOW
14776,0.000000,0.000000,0.999403,ALLOW
14777,0.000000,0.000000,0.999641,ALLOW
14778,0.860004,1.000000,0.429725,PAUSE
14779,0.000000,1.000000,0.176828,PAUSE
14780,0.000000,0.000000,0.104410,PAUSE
14781,0.000000,0.000000,0.148345,PAUSE
14782,0.000000,0.000000,0.272087,PAUSE
14783,0.860004,1.000000,0.124871,PAUSE
14784,0.000000,1.000000,0.053348,PAUSE
14785,0.000000,0.000000,0.048262,PAUSE
14786,0.000000,0.000000,0.112487,PAUSE
14787,0.860004,1.000000,0.054767,PAUSE
14788,0.000000,1.000000,0.024432,PAUSE
14789,0.000000,0.000000,0.032299,PAUSE
14790,0.000000,0.000000,0.096647,PAUSE
14791,0.000000,0.000000,0.222728,PAUSE
14792,0.860004,1.000000,0.103793,PAUSE
14793,0.000000,1.000000,0.044744,PAUSE
14794,0.000000,0.000000,0.043992,PAUSE
14795,0.000000,0.000000,0.109047,PAUSE
14796,0.000000,0.000000,0.237694,PAUSE
14797,0.860004,1.000000,0.110254,PAUSE
14798,0.000000,1.000000,0.047391,PAUSE
14799,0.000000,0.000000,0.045350,PAUSE
14800,0.000000,0.000000,0.110220,PAUSE
14801,0.000000,0.000000,0.238964,PAUSE
14802,0.000000,0.000000,0.401159,PAUSE
14803,0.000000,0.000000,0.560712,ALLOW
14804,0.000000,0.000000,0.694892,ALLOW
14805,0.000000,0.000000,0.796584,ALLOW
14806,0.860004,1.000000,0.346005,PAUSE
14807,0.000000,1.000000,0.143087,PAUSE
14808,0.000000,0.000000,0.089872,PAUSE
14809,0.000000,0.000000,0.140538,PAUSE
14810,0.000000,0.000000,0.266570,PAUSE
14811,0.000000,0.000000,0.426541,PAUSE
14812,0.000000,0.000000,0.582031,ALLOW
14813,0.000000,0.000000,0.711254,ALLOW
14814,0.000000,0.000000,0.808292,ALLOW
14815,0.000000,0.000000,0.876355,ALLOW
14816,0.000000,0.000000,0.921907,ALLOW
14817,0.000000,0.000000,0.951414,ALLOW
14818,0.000000,0.000000,0.970095,ALLOW
14819,0.000000,0.000000,0.981734,ALLOW
14820,0.000000,0.000000,0.988903,ALLOW
14821,0.000000,0.000000,0.993284,ALLOW
14822,0.000000,0.000000,0.995946,ALLOW
14823,0.000000,0.000000,0.997558,ALLOW
14824,0.000000,0.000000,0.998530,ALLOW
14825,0.000000,0.000000,0.999117,ALLOW
14826,0.000000,0.000000,0.999469,ALLOW
14827,0.000000,0.000000,0.999681,ALLOW
14828,0.000000,0.000000,0.999809,ALLOW
14829,0.000000,0.000000,0.999885,ALLOW
14830,0.000000,0.000000,0.999931,ALLOW
14831,0.000000,0.000000,0.999959,ALLOW
14832,0.000000,0.000000,0.999975,ALLOW
14833,0.860004,1.000000,0.429862,PAUSE
14834,0.000000,1.000000,0.176883,PAUSE
14835,0.000000,0.000000,0.104434,PAUSE
14836,0.000000,0.000000,0.148357,PAUSE
14837,0.000000,0.000000,0.272095,PAUSE
14838,0.000000,0.000000,0.430934,PAUSE
14839,0.000000,0.000000,0.585470,ALLOW
14840,0.000000,0.000000,0.713802,ALLOW
14841,0.000000,0.000000,0.810081,ALLOW
14842,0.000000,0.000000,0.877558,ALLOW
14843,0.000000,0.000000,0.922690,ALLOW
14844,0.000000,0.000000,0.951912,ALLOW
14845,0.000000,0.000000,0.970407,ALLOW
14846,0.000000,0.000000,0.981926,ALLOW
14847,0.000000,0.000000,0.989021,ALLOW
14848,0.000000,0.000000,0.993356,ALLOW
14849,0.860004,1.000000,0.427147,PAUSE
14850,0.000000,1.000000,0.175790,PAUSE
14851,0.000000,0.000000,0.103970,PAUSE
14852,0.000000,0.000000,0.148119,PAUSE
14853,0.000000,0.000000,0.271938,PAUSE
14854,0.000000,0.000000,0.430815,PAUSE
14855,0.000000,0.000000,0.585379,ALLOW
14856,0.000000,0.000000,0.713735,ALLOW
14857,0.000000,0.000000,0.810034,ALLOW
14858,0.860004,1.000000,0.351572,PAUSE
14859,0.860004,0.000000,0.150148,PAUSE
14860,0.000000,1.000000,0.069913,PAUSE
14861,0.000000,0.000000,0.078949,PAUSE
14862,0.000000,0.000000,0.168265,PAUSE
14863,0.000000,0.000000,0.314303,PAUSE
14864,0.000000,0.000000,0.477992,PAUSE
14865,0.860004,1.000000,0.212899,PAUSE
14866,0.000000,1.000000,0.089236,PAUSE
14867,0.860004,1.000000,0.037189,PAUSE
14868,0.000000,1.000000,0.015694,PAUSE
14869,0.000000,0.000000,0.017736,PAUSE
14870,0.000000,0.000000,0.062907,PAUSE
14871,0.000000,0.000000,0.169474,PAUSE
14872,0.000000,0.000000,0.322967,PAUSE
14873,0.000000,0.000000,0.488410,PAUSE
14874,0.000000,0.000000,0.636406,ALLOW
14875,0.000000,0.000000,0.753387,ALLOW
14876,0.000000,0.000000,0.838423,ALLOW
14877,0.000000,0.000000,0.896777,ALLOW
14878,0.860004,1.000000,0.387415,PAUSE
14879,0.000000,1.000000,0.159787,PAUSE
14880,0.000000,0.000000,0.097115,PAUSE
14881,0.000000,0.000000,0.144515,PAUSE
14882,0.000000,0.000000,0.269462,PAUSE
14883,0.000000,0.000000,0.428883,PAUSE
14884,0.000000,0.000000,0.583882,ALLOW
14885,0.000000,0.000000,0.712631,ALLOW
14886,0.000000,0.000000,0.809261,ALLOW
14887,0.000000,0.000000,0.877008,ALLOW
14888,0.000000,0.000000,0.922332,ALLOW
14889,0.000000,0.000000,0.951685,ALLOW
14890,0.000000,0.000000,0.970265,ALLOW
14891,0.000000,0.000000,0.981838,ALLOW
14892,0.000000,0.000000,0.988967,ALLOW
14893,0.860004,1.000000,0.425346,PAUSE
14894,0.000000,1.000000,0.175065,PAUSE
14895,0.000000,0.000000,0.103661,PAUSE
14896,0.860004,1.000000,0.046767,PAUSE
14897,0.000000,1.000000,0.020457,PAUSE
14898,0.000000,0.000000,0.026258,PAUSE
14899,0.860004,1.000000,0.014156,PAUSE
14900,0.000000,1.000000,0.007062,PAUSE
14901,0.000000,0.000000,0.018631,PAUSE
14902,0.000000,0.000000,0.075148,PAUSE
14903,0.860004,1.000000,0.038126,PAUSE
14904,0.000000,1.000000,0.017502,PAUSE
14905,0.860004,1.000000,0.008047,PAUSE
14906,0.000000,1.000000,0.003880,PAUSE
14907,0.000000,0.000000,0.011631,PAUSE
14908,0.000000,0.000000,0.056331,PAUSE
14909,0.000000,0.000000,0.160332,PAUSE
14910,0.000000,0.000000,0.312338,PAUSE
14911,0.000000,0.000000,0.478237,PAUSE
14912,0.000000,0.000000,0.627960,ALLOW
14913,0.000000,0.000000,0.747033,ALLOW
14914,0.000000,0.000000,0.833957,ALLOW
14915,0.000000,0.000000,0.893782,ALLOW
14916,0.000000,0.000000,0.933305,ALLOW
14917,0.860004,1.000000,0.402465,PAUSE
14918,0.000000,1.000000,0.165851,PAUSE
14919,0.000000,0.000000,0.099723,PAUSE
14920,0.860004,1.000000,0.045167,PAUSE
14921,0.000000,1.000000,0.019812,PAUSE
14922,0.000000,0.000000,0.025971,PAUSE
14923,0.000000,0.000000,0.083686,PAUSE
14924,0.000000,0.000000,0.203422,PAUSE
14925,0.860004,1.000000,0.095383,PAUSE
14926,0.000000,1.000000,0.041289,PAUSE
14927,0.860004,1.000000,0.017792,PAUSE
14928,0.000000,1.000000,0.007862,PAUSE
14929,0.000000,0.000000,0.013972,PAUSE
14930,0.000000,0.000000,0.059535,PAUSE
14931,0.000000,0.000000,0.165211,PAUSE
14932,0.000000,0.000000,0.318156,PAUSE
14933,0.000000,0.000000,0.483857,PAUSE
14934,0.000000,0.000000,0.632645,ALLOW
14935,0.000000,0.000000,0.750566,ALLOW
14936,0.000000,0.000000,0.836443,ALLOW
14937,0.000000,0.000000,0.895450,ALLOW
14938,0.000000,0.000000,0.934388,ALLOW
14939,0.000000,0.000000,0.959365,ALLOW
14940,0.000000,0.000000,0.975070,ALLOW
14941,0.860004,1.000000,0.419640,PAUSE
14942,0.000000,1.000000,0.172768,PAUSE
14943,0.000000,0.000000,0.102682,PAUSE
14944,0.000000,0.000000,0.147456,PAUSE
14945,0.000000,0.000000,0.271494,PAUSE
14946,0.000000,0.000000,0.430475,PAUSE
14947,0.000000,0.000000,0.585118,ALLOW
14948,0.860004,1.000000,0.257920,PAUSE
14949,0.000000,1.000000,0.107484,PAUSE
14950,0.000000,0.000000,0.074063,PAUSE
14951,0.000000,0.000000,0.131170,PAUSE
14952,0.000000,0.000000,0.259128,PAUSE
14953,0.000000,0.000000,0.420181,PAUSE
14954,0.860004,1.000000,0.188425,PAUSE
14955,0.000000,1.000000,0.079292,PAUSE
14956,0.000000,0.000000,0.061052,PAUSE
14957,0.000000,0.000000,0.122527,PAUSE
14958,0.000000,0.000000,0.251442,PAUSE
14959,0.000000,0.000000,0.413204,PAUSE
14960,0.000000,0.000000,0.571049,ALLOW
14961,0.860004,1.000000,0.252043,PAUSE
14962,0.000000,1.000000,0.105106,PAUSE
14963,0.000000,0.000000,0.072995,PAUSE
14964,0.860004,1.000000,0.034242,PAUSE
14965,0.000000,1.000000,0.015395,PAUSE
14966,0.860004,1.000000,0.007042,PAUSE
14967,0.000000,1.000000,0.003414,PAUSE
14968,0.000000,0.000000,0.010850,PAUSE
14969,0.000000,0.000000,0.054166,PAUSE
14970,0.000000,0.000000,0.156480,PAUSE
14971,0.000000,0.000000,0.307555,PAUSE
14972,0.860004,1.000000,0.140474,PAUSE
14973,0.000000,1.000000,0.059766,PAUSE
14974,0.000000,0.000000,0.051662,PAUSE
14975,0.860004,1.000000,0.025390,PAUSE
14976,0.000000,1.000000,0.011789,PAUSE
14977,0.000000,0.000000,0.022056,PAUSE
14978,0.000000,0.000000,0.080387,PAUSE
14979,0.860004,1.000000,0.040496,PAUSE
14980,0.000000,1.000000,0.018495,PAUSE
14981,0.000000,0.000000,0.028675,PAUSE
14982,0.000000,0.000000,0.092382,PAUSE
14983,0.000000,0.000000,0.217282,PAUSE
14984,0.000000,0.000000,0.378589,PAUSE
14985,0.000000,0.000000,0.540661,ALLOW
14986,0.000000,0.000000,0.679051,ALLOW
14987,0.000000,0.000000,0.785060,ALLOW
14988,0.000000,0.000000,0.860478,ALLOW
14989,0.000000,0.000000,0.911465,ALLOW
14990,0.000000,0.000000,0.944731,ALLOW
14991,0.000000,0.000000,0.965899,ALLOW
14992,0.000000,0.000000,0.979135,ALLOW
14993,0.000000,0.000000,0.987308,ALLOW
14994,0.000000,0.000000,0.992312,ALLOW
14995,0.000000,0.000000,0.995357,ALLOW
14996,0.000000,0.000000,0.997201,ALLOW
14997,0.000000,0.000000,0.998316,ALLOW
14998,0.000000,0.000000,0.998987,ALLOW
14999,0.000000,0.000000,0.999391,ALLOW
15000,0.860004,1.000000,0.429623,PAUSE
15001,0.000000,1.000000,0.176786,PAUSE
15002,0.000000,0.000000,0.104393,PAUSE
15003,0.000000,0.000000,0.148336,PAUSE
15004,0.000000,0.000000,0.272081,PAUSE
15005,0.860004,1.000000,0.124869,PAUSE
15006,0.860004,0.000000,0.058520,PAUSE
15007,0.000000,1.000000,0.031517,PAUSE
15008,0.000000,0.000000,0.057963,PAUSE
15009,0.000000,0.000000,0.150608,PAUSE
15010,0.000000,0.000000,0.297057,PAUSE
15011,0.000000,0.000000,0.462306,PAUSE
15012,0.000000,0.000000,0.614264,ALLOW
15013,0.000000,0.000000,0.736549,ALLOW
15014,0.000000,0.000000,0.826515,ALLOW
15015,0.860004,1.000000,0.358395,PAUSE
15016,0.000000,0.000000,0.238327,PAUSE
15017,0.000000,1.000000,0.105215,PAUSE
15018,0.000000,0.000000,0.093162,PAUSE
15019,0.000000,0.000000,0.174098,PAUSE
15020,0.000000,0.000000,0.316797,PAUSE
15021,0.000000,0.000000,0.479127,PAUSE
15022,0.000000,0.000000,0.627652,ALLOW
15023,0.000000,0.000000,0.746458,ALLOW
15024,0.860004,1.000000,0.325212,PAUSE
15025,0.000000,0.000000,0.222655,PAUSE
15026,0.000000,1.000000,0.098795,PAUSE
15027,0.000000,0.000000,0.090126,PAUSE
15028,0.860004,1.000000,0.042825,PAUSE
15029,0.000000,1.000000,0.019157,PAUSE
15030,0.000000,0.000000,0.027406,PAUSE
15031,0.000000,0.000000,0.088321,PAUSE
15032,0.000000,0.000000,0.210864,PAUSE
15033,0.860004,1.000000,0.098634,PAUSE
15034,0.000000,0.000000,0.103171,PAUSE
15035,0.000000,1.000000,0.049048,PAUSE
15036,0.000000,0.000000,0.063860,PAUSE
15037,0.000000,0.000000,0.151075,PAUSE
15038,0.000000,0.000000,0.295129,PAUSE
15039,0.000000,0.000000,0.459691,PAUSE
15040,0.860004,1.000000,0.205183,PAUSE
15041,0.860004,0.000000,0.091297,PAUSE
15042,0.000000,0.000000,0.085519,PAUSE
15043,0.000000,0.000000,0.167677,PAUSE
15044,0.000000,1.000000,0.086453,PAUSE
15045,0.000000,0.000000,0.111087,PAUSE
15046,0.000000,0.000000,0.218808,PAUSE
15047,0.000000,0.000000,0.373380,PAUSE
15048,0.000000,0.000000,0.533899,ALLOW
15049,0.860004,1.000000,0.236434,PAUSE
15050,0.000000,1.000000,0.098781,PAUSE
15051,0.000000,0.000000,0.070107,PAUSE
15052,0.000000,0.000000,0.128655,PAUSE
15053,0.000000,0.000000,0.256981,PAUSE
15054,0.000000,0.000000,0.418272,PAUSE
15055,0.000000,0.000000,0.575293,ALLOW
15056,0.000000,0.000000,0.706160,ALLOW
15057,0.000000,0.000000,0.804678,ALLOW
15058,0.860004,1.000000,0.349356,PAUSE
15059,0.000000,1.000000,0.144439,PAUSE
15060,0.000000,0.000000,0.090461,PAUSE
15061,0.000000,0.000000,0.140867,PAUSE
15062,0.860004,1.000000,0.066826,PAUSE
15063,0.000000,1.000000,0.029364,PAUSE
15064,0.000000,0.000000,0.034845,PAUSE
15065,0.860004,1.000000,0.018170,PAUSE
15066,0.000000,0.000000,0.037971,PAUSE
15067,0.000000,1.000000,0.020208,PAUSE
15068,0.000000,0.000000,0.042098,PAUSE
15069,0.860004,1.000000,0.022177,PAUSE
15070,0.000000,0.000000,0.044164,PAUSE
15071,0.000000,1.000000,0.023123,PAUSE
15072,0.000000,0.000000,0.045014,PAUSE
15073,0.000000,0.000000,0.128498,PAUSE
15074,0.000000,0.000000,0.268800,PAUSE
15075,0.860004,1.000000,0.123765,PAUSE
15076,0.000000,0.000000,0.118324,PAUSE
15077,0.000000,1.000000,0.055477,PAUSE
15078,0.000000,0.000000,0.067675,PAUSE
15079,0.000000,0.000000,0.154707,PAUSE
15080,0.000000,0.000000,0.298936,PAUSE
15081,0.000000,0.000000,0.463265,PAUSE
15082,0.000000,0.000000,0.614804,ALLOW
15083,0.000000,0.000000,0.736872,ALLOW
15084,0.000000,0.000000,0.826714,ALLOW
15085,0.000000,0.000000,0.888886,ALLOW
15086,0.000000,0.000000,0.930113,ALLOW
15087,0.000000,0.000000,0.956649,ALLOW
15088,0.000000,0.000000,0.973373,ALLOW
15089,0.000000,0.000000,0.983760,ALLOW
15090,0.000000,0.000000,0.990145,ALLOW
15091,0.000000,0.000000,0.994040,ALLOW
15092,0.000000,0.000000,0.996404,ALLOW
15093,0.000000,0.000000,0.997834,ALLOW
15094,0.000000,0.000000,0.998697,ALLOW
15095,0.000000,0.000000,0.999217,ALLOW
15096,0.860004,1.000000,0.429551,PAUSE
15097,0.000000,1.000000,0.176758,PAUSE
15098,0.000000,0.000000,0.104381,PAUSE
15099,0.000000,0.000000,0.148330,PAUSE
15100,0.000000,0.000000,0.272077,PAUSE
15101,0.000000,0.000000,0.430920,PAUSE
15102,0.000000,0.000000,0.585460,ALLOW
15103,0.000000,0.000000,0.713794,ALLOW
15104,0.000000,0.000000,0.810076,ALLOW
15105,0.860004,1.000000,0.351589,PAUSE
15106,0.000000,0.000000,0.235131,PAUSE
15107,0.000000,1.000000,0.103907,PAUSE
15108,0.000000,0.000000,0.092547,PAUSE
15109,0.000000,0.000000,0.173704,PAUSE
15110,0.000000,0.000000,0.316480,PAUSE
15111,0.000000,0.000000,0.478863,PAUSE
15112,0.000000,0.000000,0.627445,ALLOW
15113,0.000000,0.000000,0.746305,ALLOW
15114,0.000000,0.000000,0.833328,ALLOW
15115,0.860004,1.000000,0.361211,PAUSE
15116,0.000000,0.000000,0.239641,PAUSE
15117,0.000000,1.000000,0.105752,PAUSE
15118,0.860004,1.000000,0.044845,PAUSE
15119,0.000000,1.000000,0.019065,PAUSE
15120,0.000000,0.000000,0.021504,PAUSE
15121,0.860004,1.000000,0.011719,PAUSE
15122,0.860004,0.000000,0.011123,PAUSE
15123,0.000000,1.000000,0.008946,PAUSE
15124,0.000000,0.000000,0.035420,PAUSE
15125,0.000000,0.000000,0.117220,PAUSE
15126,0.000000,0.000000,0.255383,PAUSE
15127,0.000000,0.000000,0.420366,PAUSE
15128,0.000000,0.000000,0.578247,ALLOW
15129,0.000000,0.000000,0.708823,ALLOW
15130,0.000000,0.000000,0.806717,ALLOW
15131,0.000000,0.000000,0.875343,ALLOW
15132,0.000000,0.000000,0.921265,ALLOW
15133,0.000000,0.000000,0.951012,ALLOW
15134,0.000000,0.000000,0.969847,ALLOW
15135,0.860004,1.000000,0.417494,PAUSE
15136,0.000000,0.000000,0.265545,PAUSE
15137,0.000000,1.000000,0.116324,PAUSE
15138,0.000000,0.000000,0.098290,PAUSE
15139,0.000000,0.000000,0.177246,PAUSE
15140,0.000000,0.000000,0.319244,PAUSE
15141,0.000000,0.000000,0.481120,PAUSE
15142,0.860004,1.000000,0.214193,PAUSE
15143,0.000000,1.000000,0.089758,PAUSE
15144,0.000000,0.000000,0.065946,PAUSE
15145,0.860004,1.000000,0.031333,PAUSE
15146,0.000000,0.000000,0.046283,PAUSE
15147,0.000000,1.000000,0.023826,PAUSE
15148,0.860004,1.000000,0.011283,PAUSE
15149,0.000000,1.000000,0.005414,PAUSE
15150,0.860004,1.000000,0.002770,PAUSE
15151,0.000000,1.000000,0.001583,PAUSE
15152,0.860004,1.000000,0.001045,PAUSE
15153,0.860004,0.000000,0.004716,PAUSE
15154,0.000000,0.000000,0.032874,PAUSE
15155,0.000000,1.000000,0.019343,PAUSE
15156,0.000000,0.000000,0.046323,PAUSE
15157,0.000000,0.000000,0.134171,PAUSE
15158,0.000000,0.000000,0.277092,PAUSE
15159,0.000000,0.000000,0.442531,PAUSE
15160,0.860004,1.000000,0.197945,PAUSE
15161,0.860004,0.000000,0.088077,PAUSE
15162,0.000000,0.000000,0.083190,PAUSE
15163,0.000000,1.000000,0.047746,PAUSE
15164,0.000000,0.000000,0.083301,PAUSE
15165,0.000000,0.000000,0.190281,PAUSE
15166,0.000000,0.000000,0.344483,PAUSE
15167,0.000000,0.000000,0.508049,ALLOW
15168,0.860004,1.000000,0.225580,PAUSE
15169,0.000000,1.000000,0.094382,PAUSE
15170,0.000000,0.000000,0.068099,PAUSE
15171,0.000000,0.000000,0.127359,PAUSE
15172,0.000000,0.000000,0.255858,PAUSE
15173,0.000000,0.000000,0.417266,PAUSE
15174,0.000000,0.000000,0.574458,ALLOW
15175,0.000000,0.000000,0.705524,ALLOW
15176,0.000000,0.000000,0.804224,ALLOW
15177,0.000000,0.000000,0.873602,ALLOW
15178,0.000000,0.000000,0.920108,ALLOW
15179,0.000000,0.000000,0.950267,ALLOW
15180,0.000000,0.000000,0.969377,ALLOW
15181,0.000000,0.000000,0.981290,ALLOW
15182,0.000000,0.000000,0.988631,ALLOW
15183,0.000000,0.000000,0.993118,ALLOW
15184,0.000000,0.000000,0.995846,ALLOW
15185,0.000000,0.000000,0.997497,ALLOW
15186,0.000000,0.000000,0.998494,ALLOW
15187,0.000000,0.000000,0.999095,ALLOW
15188,0.000000,0.000000,0.999456,ALLOW
15189,0.000000,0.000000,0.999673,ALLOW
15190,0.000000,0.000000,0.999804,ALLOW
15191,0.000000,0.000000,0.999882,ALLOW
15192,0.000000,0.000000,0.999929,ALLOW
15193,0.000000,0.000000,0.999958,ALLOW
15194,0.000000,0.000000,0.999975,ALLOW
15195,0.860004,1.000000,0.429862,PAUSE
15196,0.000000,0.000000,0.271124,PAUSE
15197,0.000000,1.000000,0.118594,PAUSE
15198,0.000000,0.000000,0.099317,PAUSE
15199,0.000000,0.000000,0.177848,PAUSE
15200,0.000000,0.000000,0.319690,PAUSE
15201,0.000000,0.000000,0.481474,PAUSE
15202,0.000000,0.000000,0.629474,ALLOW
15203,0.000000,0.000000,0.747788,ALLOW
15204,0.000000,0.000000,0.834356,ALLOW
15205,0.000000,0.000000,0.894002,ALLOW
15206,0.000000,0.000000,0.933431,ALLOW
15207,0.000000,0.000000,0.958751,ALLOW
15208,0.000000,0.000000,0.974685,ALLOW
15209,0.000000,0.000000,0.984569,ALLOW
15210,0.000000,0.000000,0.990639,ALLOW
15211,0.000000,0.000000,0.994340,ALLOW
15212,0.000000,0.000000,0.996586,ALLOW
15213,0.860004,1.000000,0.428472,PAUSE
15214,0.000000,0.000000,0.270500,PAUSE
15215,0.000000,1.000000,0.118340,PAUSE
15216,0.000000,0.000000,0.099203,PAUSE
15217,0.000000,0.000000,0.177782,PAUSE
15218,0.000000,0.000000,0.319642,PAUSE
15219,0.000000,0.000000,0.481436,PAUSE
15220,0.860004,1.000000,0.214325,PAUSE
15221,0.000000,1.000000,0.089812,PAUSE
15222,0.860004,1.000000,0.037421,PAUSE
15223,0.000000,1.000000,0.015787,PAUSE
15224,0.000000,0.000000,0.017777,PAUSE
15225,0.000000,0.000000,0.062933,PAUSE
15226,0.000000,0.000000,0.169500,PAUSE
15227,0.000000,0.000000,0.322993,PAUSE
15228,0.000000,0.000000,0.488434,PAUSE
15229,0.000000,0.000000,0.636425,ALLOW
15230,0.860004,1.000000,0.279405,PAUSE
15231,0.000000,1.000000,0.116182,PAUSE
15232,0.000000,0.000000,0.077987,PAUSE
15233,0.000000,0.000000,0.133611,PAUSE
15234,0.000000,0.000000,0.261166,PAUSE
15235,0.000000,0.000000,0.421970,PAUSE
15236,0.000000,0.000000,0.578341,ALLOW
15237,0.860004,1.000000,0.255092,PAUSE
15238,0.000000,0.000000,0.188477,PAUSE
15239,0.000000,1.000000,0.084732,PAUSE
15240,0.000000,0.000000,0.083268,PAUSE
15241,0.000000,0.000000,0.167387,PAUSE
15242,0.000000,0.000000,0.311117,PAUSE
15243,0.000000,0.000000,0.474285,PAUSE
15244,0.000000,0.000000,0.623806,ALLOW
15245,0.000000,0.000000,0.743616,ALLOW
15246,0.000000,0.000000,0.831452,ALLOW
15247,0.860004,1.000000,0.360436,PAUSE
15248,0.000000,0.000000,0.239279,PAUSE
15249,0.000000,1.000000,0.105604,PAUSE
15250,0.000000,0.000000,0.093344,PAUSE
15251,0.000000,0.000000,0.174213,PAUSE
15252,0.000000,0.000000,0.316889,PAUSE
15253,0.000000,0.000000,0.479202,PAUSE
15254,0.000000,0.000000,0.627711,ALLOW
15255,0.000000,0.000000,0.746501,ALLOW
15256,0.000000,0.000000,0.833464,ALLOW
15257,0.000000,0.000000,0.893409,ALLOW
15258,0.000000,0.000000,0.933048,ALLOW
15259,0.000000,0.000000,0.958509,ALLOW
15260,0.860004,1.000000,0.412834,PAUSE
15261,0.000000,1.000000,0.170028,PAUSE
15262,0.000000,0.000000,0.101512,PAUSE
15263,0.000000,0.000000,0.146846,PAUSE
15264,0.000000,0.000000,0.271081,PAUSE
15265,0.000000,0.000000,0.430155,PAUSE
15266,0.000000,0.000000,0.584872,ALLOW
15267,0.000000,0.000000,0.713362,ALLOW
15268,0.000000,0.000000,0.809774,ALLOW
15269,0.000000,0.000000,0.877352,ALLOW
15270,0.000000,0.000000,0.922556,ALLOW
15271,0.000000,0.000000,0.951827,ALLOW
15272,0.000000,0.000000,0.970354,ALLOW
15273,0.000000,0.000000,0.981893,ALLOW
15274,0.000000,0.000000,0.989001,ALLOW
15275,0.000000,0.000000,0.993343,ALLOW
15276,0.000000,0.000000,0.995982,ALLOW
15277,0.000000,0.000000,0.997579,ALLOW
15278,0.000000,0.000000,0.998544,ALLOW
15279,0.000000,0.000000,0.999124,ALLOW
15280,0.000000,0.000000,0.999474,ALLOW
15281,0.000000,0.000000,0.999684,ALLOW
15282,0.000000,0.000000,0.999810,ALLOW
15283,0.000000,0.000000,0.999886,ALLOW
15284,0.000000,0.000000,0.999932,ALLOW
15285,0.000000,0.000000,0.999959,ALLOW
15286,0.000000,0.000000,0.999975,ALLOW
15287,0.000000,0.000000,0.999985,ALLOW
15288,0.000000,0.000000,0.999991,ALLOW
15289,0.000000,0.000000,0.999995,ALLOW
15290,0.000000,0.000000,0.999997,ALLOW
15291,0.000000,0.000000,0.999998,ALLOW
15292,0.000000,0.000000,0.999999,ALLOW
15293,0.000000,0.000000,0.999999,ALLOW
15294,0.000000,0.000000,1.000000,ALLOW
15295,0.000000,0.000000,1.000000,ALLOW
15296,0.000000,0.000000,1.000000,ALLOW
15297,0.000000,0.000000,1.000000,ALLOW
15298,0.000000,0.000000,1.000000,ALLOW
15299,0.000000,0.000000,1.000000,ALLOW
15300,0.000000,0.000000,1.000000,ALLOW
15301,0.000000,0.000000,1.000000,ALLOW
15302,0.000000,0.000000,1.000000,ALLOW
15303,0.860004,1.000000,0.429872,PAUSE
15304,0.000000,0.000000,0.271128,PAUSE
15305,0.000000,1.000000,0.118596,PAUSE
15306,0.000000,0.000000,0.099318,PAUSE
15307,0.000000,0.000000,0.177848,PAUSE
15308,0.000000,0.000000,0.319691,PAUSE
15309,0.860004,1.000000,0.145481,PAUSE
15310,0.000000,0.000000,0.130409,PAUSE
15311,0.000000,1.000000,0.060550,PAUSE
15312,0.000000,0.000000,0.070500,PAUSE
15313,0.000000,0.000000,0.157173,PAUSE
15314,0.000000,0.000000,0.301408,PAUSE
15315,0.860004,1.000000,0.137739,PAUSE
15316,0.000000,0.000000,0.126251,PAUSE
15317,0.860004,0.000000,0.067663,PAUSE
15318,0.000000,0.000000,0.098189,PAUSE
15319,0.000000,1.000000,0.058124,PAUSE
15320,0.000000,0.000000,0.098484,PAUSE
15321,0.860004,1.000000,0.047988,PAUSE
15322,0.000000,0.000000,0.066163,PAUSE
15323,0.000000,1.000000,0.032943,PAUSE
15324,0.000000,0.000000,0.052817,PAUSE
15325,0.000000,0.000000,0.138655,PAUSE
15326,0.000000,0.000000,0.281065,PAUSE
15327,0.000000,0.000000,0.446058,PAUSE
15328,0.000000,0.000000,0.600334,ALLOW
15329,0.000000,0.000000,0.725862,ALLOW
15330,0.860004,1.000000,0.316660,PAUSE
15331,0.860004,0.000000,0.136157,PAUSE
15332,0.000000,0.000000,0.104316,PAUSE
15333,0.000000,1.000000,0.056930,PAUSE
15334,0.000000,0.000000,0.088907,PAUSE
15335,0.860004,1.000000,0.043518,PAUSE
15336,0.000000,0.000000,0.062245,PAUSE
15337,0.860004,0.000000,0.039698,PAUSE
15338,0.000000,0.000000,0.080956,PAUSE
15339,0.000000,1.000000,0.049441,PAUSE
15340,0.000000,0.000000,0.090640,PAUSE
15341,0.860004,1.000000,0.044548,PAUSE
15342,0.000000,0.000000,0.063785,PAUSE
15343,0.000000,1.000000,0.031909,PAUSE
15344,0.000000,0.000000,0.052097,PAUSE
15345,0.000000,0.000000,0.137821,PAUSE
15346,0.860004,1.000000,0.066329,PAUSE
15347,0.860004,0.000000,0.034914,PAUSE
15348,0.860004,0.000000,0.017472,PAUSE
15349,0.860004,1.000000,0.009067,PAUSE
15350,0.000000,0.000000,0.023665,PAUSE
15351,0.860004,0.000000,0.015380,PAUSE
15352,0.000000,0.000000,0.043683,PAUSE
15353,0.000000,1.000000,0.035587,PAUSE
15354,0.000000,0.000000,0.087698,PAUSE
15355,0.860004,1.000000,0.043552,PAUSE
15356,0.000000,0.000000,0.063987,PAUSE
15357,0.000000,1.000000,0.032040,PAUSE
15358,0.000000,0.000000,0.052334,PAUSE
15359,0.000000,0.000000,0.138244,PAUSE
15360,0.000000,0.000000,0.280650,PAUSE
15361,0.000000,0.000000,0.445669,PAUSE
15362,0.000000,0.000000,0.600010,ALLOW
15363,0.000000,0.000000,0.725615,ALLOW
15364,0.000000,0.000000,0.818732,ALLOW
15365,0.000000,0.000000,0.883501,ALLOW
15366,0.000000,0.000000,0.926604,ALLOW
15367,0.860004,1.000000,0.399706,PAUSE
15368,0.000000,0.000000,0.257444,PAUSE
15369,0.000000,1.000000,0.113022,PAUSE
15370,0.860004,1.000000,0.047777,PAUSE
15371,0.000000,1.000000,0.020243,PAUSE
15372,0.000000,0.000000,0.022020,PAUSE
15373,0.860004,1.000000,0.011931,PAUSE
15374,0.000000,0.000000,0.030360,PAUSE
15375,0.000000,1.000000,0.016644,PAUSE
15376,0.000000,0.000000,0.038512,PAUSE
15377,0.000000,0.000000,0.118483,PAUSE
15378,0.000000,0.000000,0.255919,PAUSE
15379,0.000000,0.000000,0.420609,PAUSE
15380,0.000000,0.000000,0.578367,ALLOW
15381,0.000000,0.000000,0.708886,ALLOW
15382,0.000000,0.000000,0.806752,ALLOW
15383,0.000000,0.000000,0.875364,ALLOW
15384,0.000000,0.000000,0.921278,ALLOW
15385,0.000000,0.000000,0.951020,ALLOW
15386,0.000000,0.000000,0.969851,ALLOW
15387,0.000000,0.000000,0.981584,ALLOW
15388,0.000000,0.000000,0.988812,ALLOW
15389,0.860004,1.000000,0.425283,PAUSE
15390,0.860004,0.000000,0.179777,PAUSE
15391,0.000000,1.000000,0.082041,PAUSE
15392,0.000000,0.000000,0.084653,PAUSE
15393,0.000000,0.000000,0.171914,PAUSE
15394,0.000000,0.000000,0.317243,PAUSE
15395,0.000000,0.000000,0.480432,PAUSE
15396,0.860004,1.000000,0.213922,PAUSE
15397,0.000000,1.000000,0.089650,PAUSE
15398,0.000000,0.000000,0.065905,PAUSE
15399,0.000000,0.000000,0.125884,PAUSE
15400,0.000000,0.000000,0.254533,PAUSE
15401,0.000000,0.000000,0.416058,PAUSE
15402,0.000000,0.000000,0.573448,ALLOW
15403,0.000000,0.000000,0.704751,ALLOW
15404,0.000000,0.000000,0.803672,ALLOW
15405,0.860004,1.000000,0.348939,PAUSE
15406,0.000000,0.000000,0.233890,PAUSE
15407,0.000000,1.000000,0.103399,PAUSE
15408,0.000000,0.000000,0.092309,PAUSE
15409,0.000000,0.000000,0.173552,PAUSE
15410,0.000000,0.000000,0.316357,PAUSE
15411,0.860004,1.000000,0.144079,PAUSE
15412,0.000000,0.000000,0.129679,PAUSE
15413,0.000000,1.000000,0.060246,PAUSE
15414,0.860004,1.000000,0.026401,PAUSE
15415,0.000000,1.000000,0.011621,PAUSE
15416,0.000000,0.000000,0.018035,PAUSE
15417,0.000000,0.000000,0.068485,PAUSE
15418,0.000000,0.000000,0.180015,PAUSE
15419,0.000000,0.000000,0.335900,PAUSE
15420,0.000000,0.000000,0.500897,ALLOW
15421,0.000000,0.000000,0.646766,ALLOW
15422,0.000000,0.000000,0.761164,ALLOW
15423,0.000000,0.000000,0.843877,ALLOW
15424,0.000000,0.000000,0.900426,ALLOW
15425,0.000000,0.000000,0.937612,ALLOW
15426,0.860004,1.000000,0.404238,PAUSE
15427,0.000000,1.000000,0.166565,PAUSE
15428,0.000000,0.000000,0.100029,PAUSE
15429,0.000000,0.000000,0.146067,PAUSE
15430,0.000000,0.000000,0.270546,PAUSE
15431,0.000000,0.000000,0.429739,PAUSE
15432,0.000000,0.000000,0.584549,ALLOW
15433,0.000000,0.000000,0.713125,ALLOW
15434,0.000000,0.000000,0.809608,ALLOW
15435,0.000000,0.000000,0.877240,ALLOW
15436,0.000000,0.000000,0.922484,ALLOW
15437,0.000000,0.000000,0.951781,ALLOW
15438,0.860004,1.000000,0.410067,PAUSE
15439,0.000000,1.000000,0.168913,PAUSE
15440,0.000000,0.000000,0.101035,PAUSE
15441,0.860004,1.000000,0.045701,PAUSE
15442,0.000000,0.000000,0.053368,PAUSE
15443,0.000000,1.000000,0.026786,PAUSE
15444,0.000000,0.000000,0.046404,PAUSE
15445,0.000000,0.000000,0.128916,PAUSE
15446,0.000000,0.000000,0.268803,PAUSE
15447,0.860004,1.000000,0.123759,PAUSE
15448,0.000000,0.000000,0.118303,PAUSE
15449,0.000000,1.000000,0.055467,PAUSE
15450,0.000000,0.000000,0.067666,PAUSE
15451,0.000000,0.000000,0.154696,PAUSE
15452,0.000000,0.000000,0.298923,PAUSE
15453,0.860004,1.000000,0.136680,PAUSE
15454,0.860004,0.000000,0.063630,PAUSE
15455,0.000000,1.000000,0.033753,PAUSE
15456,0.000000,0.000000,0.059498,PAUSE
15457,0.000000,0.000000,0.152297,PAUSE
15458,0.000000,0.000000,0.298931,PAUSE
15459,0.000000,0.000000,0.464097,PAUSE
15460,0.000000,0.000000,0.615761,ALLOW
15461,0.000000,0.000000,0.737683,ALLOW
15462,0.000000,0.000000,0.827316,ALLOW
15463,0.000000,0.000000,0.889302,ALLOW
15464,0.000000,0.000000,0.930388,ALLOW
15465,0.000000,0.000000,0.956825,ALLOW
15466,0.000000,0.000000,0.973484,ALLOW
15467,0.860004,1.000000,0.418989,PAUSE
15468,0.000000,0.000000,0.266222,PAUSE
15469,0.000000,1.000000,0.116599,PAUSE
15470,0.000000,0.000000,0.098415,PAUSE
15471,0.000000,0.000000,0.177320,PAUSE
15472,0.860004,1.000000,0.083294,PAUSE
15473,0.000000,1.000000,0.036226,PAUSE
15474,0.000000,0.000000,0.039009,PAUSE
15475,0.000000,0.000000,0.103698,PAUSE
15476,0.000000,0.000000,0.231251,PAUSE
15477,0.000000,0.000000,0.393246,PAUSE
15478,0.000000,0.000000,0.553741,ALLOW
15479,0.860004,1.000000,0.244793,PAUSE
15480,0.000000,0.000000,0.183351,PAUSE
15481,0.000000,1.000000,0.082616,PAUSE
15482,0.000000,0.000000,0.082214,PAUSE
15483,0.860004,1.000000,0.039544,PAUSE
15484,0.860004,0.000000,0.023681,PAUSE
15485,0.000000,0.000000,0.054000,PAUSE
15486,0.000000,1.000000,0.032899,PAUSE
15487,0.000000,0.000000,0.068505,PAUSE
15488,0.000000,0.000000,0.170987,PAUSE
15489,0.000000,0.000000,0.322801,PAUSE
15490,0.000000,0.000000,0.487692,PAUSE
15491,0.860004,1.000000,0.217011,PAUSE
15492,0.000000,1.000000,0.090907,PAUSE
15493,0.000000,0.000000,0.066499,PAUSE
15494,0.860004,1.000000,0.031564,PAUSE
15495,0.000000,1.000000,0.014308,PAUSE
15496,0.000000,0.000000,0.023375,PAUSE
15497,0.000000,0.000000,0.081682,PAUSE
15498,0.000000,0.000000,0.201274,PAUSE
15499,0.860004,1.000000,0.094457,PAUSE
15500,0.000000,0.000000,0.100582,PAUSE
15501,0.000000,1.000000,0.047945,PAUSE
15502,0.000000,0.000000,0.063188,PAUSE
15503,0.000000,0.000000,0.150414,PAUSE
15504,0.000000,0.000000,0.294424,PAUSE
15505,0.000000,0.000000,0.459023,PAUSE
15506,0.860004,1.000000,0.204902,PAUSE
15507,0.000000,1.000000,0.085991,PAUSE
15508,0.000000,0.000000,0.064212,PAUSE
15509,0.000000,0.000000,0.124752,PAUSE
15510,0.860004,1.000000,0.060038,PAUSE
15511,0.000000,0.000000,0.075874,PAUSE
15512,0.000000,0.000000,0.168437,PAUSE
15513,0.000000,1.000000,0.079748,PAUSE
15514,0.860004,1.000000,0.034809,PAUSE
15515,0.000000,0.000000,0.038447,PAUSE
15516,0.000000,1.000000,0.019765,PAUSE
15517,0.000000,0.000000,0.039277,PAUSE
15518,0.860004,1.000000,0.020796,PAUSE
15519,0.000000,1.000000,0.010025,PAUSE
15520,0.000000,0.000000,0.021816,PAUSE
15521,0.860004,1.000000,0.012346,PAUSE
15522,0.000000,1.000000,0.006330,PAUSE
15523,0.860004,1.000000,0.003317,PAUSE
15524,0.000000,0.000000,0.012495,PAUSE
15525,0.000000,1.000000,0.007734,PAUSE
15526,0.000000,0.000000,0.026729,PAUSE
15527,0.000000,0.000000,0.096870,PAUSE
15528,0.000000,0.000000,0.226031,PAUSE
15529,0.860004,1.000000,0.105268,PAUSE
15530,0.000000,0.000000,0.107328,PAUSE
15531,0.000000,0.000000,0.201381,PAUSE
15532,0.860004,0.000000,0.105629,PAUSE
15533,0.000000,0.000000,0.131547,PAUSE
15534,0.000000,0.000000,0.243937,PAUSE
15535,0.000000,0.000000,0.399788,PAUSE
15536,0.000000,0.000000,0.557518,ALLOW
15537,0.000000,0.000000,0.691745,ALLOW
15538,0.000000,0.000000,0.794088,ALLOW
15539,0.000000,0.000000,0.866609,ALLOW
