seq,acc_cmd,acc_exec,trust,decision
0,0.000000,1.000000,0.329872,PAUSE
1,0.000000,0.000000,0.231128,PAUSE
2,0.000000,0.000000,0.296209,PAUSE
3,0.000000,0.000000,0.432338,PAUSE
4,0.000000,0.000000,0.579657,ALLOW
5,0.000000,1.000000,0.255520,PAUSE
6,0.000000,1.000000,0.106501,PAUSE
7,0.000000,0.000000,0.073568,PAUSE
8,0.000000,1.000000,0.034473,PAUSE
9,0.000000,0.000000,0.047910,PAUSE
10,0.000000,0.000000,0.126580,PAUSE
11,0.000000,0.000000,0.264380,PAUSE
12,0.000000,0.000000,0.428751,PAUSE
13,0.000000,0.000000,0.585292,ALLOW
14,0.000000,0.000000,0.714214,ALLOW
15,0.000000,0.000000,0.810563,ALLOW
16,0.000000,0.000000,0.877952,ALLOW
17,0.000000,0.000000,0.922972,ALLOW
18,0.000000,1.000000,0.398210,PAUSE
19,0.000000,0.000000,0.256759,PAUSE
20,0.000000,0.000000,0.304353,PAUSE
21,0.000000,0.000000,0.433643,PAUSE
22,0.000000,0.000000,0.578659,ALLOW
23,0.000000,0.000000,0.705556,ALLOW
24,0.000000,1.000000,0.308158,PAUSE
25,0.000000,0.000000,0.214380,PAUSE
26,0.000000,1.000000,0.095393,PAUSE
27,0.000000,0.000000,0.088477,PAUSE
28,0.000000,0.000000,0.171005,PAUSE
29,0.000000,1.000000,0.080642,PAUSE
30,0.000000,0.000000,0.090322,PAUSE
31,0.000000,0.000000,0.183907,PAUSE
32,0.000000,1.000000,0.086450,PAUSE
33,0.000000,0.000000,0.094469,PAUSE
34,0.000000,1.000000,0.045283,PAUSE
35,0.000000,0.000000,0.061378,PAUSE
36,0.000000,0.000000,0.148413,PAUSE
37,0.000000,0.000000,0.292187,PAUSE
38,0.000000,1.000000,0.133802,PAUSE
39,0.000000,0.000000,0.124058,PAUSE
40,0.000000,0.000000,0.215700,PAUSE
41,0.000000,0.000000,0.363897,PAUSE
42,0.000000,1.000000,0.164371,PAUSE
43,0.000000,1.000000,0.069490,PAUSE
44,0.000000,1.000000,0.029216,PAUSE
45,0.000000,1.000000,0.012480,PAUSE
46,0.000000,1.000000,0.005552,PAUSE
47,0.000000,0.000000,0.011345,PAUSE
48,1.000000,1.000000,0.006962,PAUSE
49,0.000000,0.000000,0.024761,PAUSE
50,0.000000,0.000000,0.092400,PAUSE
51,0.000000,0.000000,0.219400,PAUSE
52,0.000000,0.000000,0.381479,PAUSE
53,0.000000,0.000000,0.543450,ALLOW
54,1.000000,1.000000,0.240479,PAUSE
55,0.000000,0.000000,0.181191,PAUSE
56,0.000000,0.000000,0.258218,PAUSE
57,0.000000,0.000000,0.400184,PAUSE
58,0.000000,1.000000,0.179659,PAUSE
59,0.000000,1.000000,0.075697,PAUSE
60,0.000000,1.000000,0.031719,PAUSE
61,0.000000,1.000000,0.013488,PAUSE
62,0.000000,0.000000,0.016702,PAUSE
63,0.000000,0.000000,0.062050,PAUSE
64,1.000000,1.000000,0.031971,PAUSE
65,0.000000,0.000000,0.054848,PAUSE
66,1.000000,1.000000,0.028002,PAUSE
67,0.000000,0.000000,0.049297,PAUSE
68,0.000000,1.000000,0.025432,PAUSE
69,0.000000,1.000000,0.012003,PAUSE
70,0.000000,0.000000,0.023370,PAUSE
71,0.000000,0.000000,0.083911,PAUSE
72,1.000000,1.000000,0.042113,PAUSE
73,0.000000,0.000000,0.063661,PAUSE
74,0.000000,0.000000,0.155331,PAUSE
75,0.000000,0.000000,0.301662,PAUSE
76,1.000000,1.000000,0.137883,PAUSE
77,1.000000,1.000000,0.058701,PAUSE
78,0.000000,0.000000,0.051102,PAUSE
79,0.000000,0.000000,0.115066,PAUSE
80,0.000000,0.000000,0.244117,PAUSE
81,1.000000,1.000000,0.113011,PAUSE
82,0.000000,0.000000,0.111756,PAUSE
83,0.000000,0.000000,0.205084,PAUSE
84,0.000000,0.000000,0.353899,PAUSE
85,0.000000,0.000000,0.514700,ALLOW
86,0.000000,0.000000,0.657096,ALLOW
87,0.000000,1.000000,0.288016,PAUSE
88,1.000000,1.000000,0.119663,PAUSE
89,0.000000,1.000000,0.049442,PAUSE
90,0.000000,0.000000,0.036756,PAUSE
91,0.000000,1.000000,0.018221,PAUSE
92,0.000000,1.000000,0.008657,PAUSE
93,0.000000,0.000000,0.019057,PAUSE
94,0.000000,0.000000,0.074772,PAUSE
95,1.000000,1.000000,0.037937,PAUSE
96,0.000000,0.000000,0.060258,PAUSE
97,1.000000,1.000000,0.030424,PAUSE
98,0.000000,0.000000,0.051230,PAUSE
99,0.000000,0.000000,0.136985,PAUSE
100,1.000000,1.000000,0.065967,PAUSE
101,0.000000,0.000000,0.081360,PAUSE
102,0.000000,0.000000,0.175550,PAUSE
103,0.000000,0.000000,0.324009,PAUSE
104,1.000000,1.000000,0.147430,PAUSE
105,1.000000,1.000000,0.062594,PAUSE
106,0.000000,0.000000,0.053006,PAUSE
107,0.000000,0.000000,0.116540,PAUSE
108,0.000000,0.000000,0.245600,PAUSE
109,0.000000,0.000000,0.407662,PAUSE
110,0.000000,1.000000,0.183142,PAUSE
111,0.000000,1.000000,0.077147,PAUSE
112,1.000000,1.000000,0.032312,PAUSE
113,1.000000,1.000000,0.013730,PAUSE
114,0.000000,0.000000,0.016835,PAUSE
115,0.000000,0.000000,0.062210,PAUSE
116,0.000000,0.000000,0.168673,PAUSE
117,0.000000,0.000000,0.322091,PAUSE
118,0.000000,0.000000,0.487591,PAUSE
119,0.000000,0.000000,0.635732,ALLOW
120,0.000000,1.000000,0.279116,PAUSE
121,0.000000,1.000000,0.116065,PAUSE
122,0.000000,0.000000,0.077935,PAUSE
123,1.000000,1.000000,0.036273,PAUSE
124,0.000000,0.000000,0.048843,PAUSE
125,0.000000,0.000000,0.127356,PAUSE
126,0.000000,0.000000,0.265171,PAUSE
127,0.000000,0.000000,0.429503,PAUSE
128,1.000000,1.000000,0.192419,PAUSE
129,0.000000,1.000000,0.080921,PAUSE
130,0.000000,1.000000,0.033836,PAUSE
131,0.000000,0.000000,0.029797,PAUSE
132,0.000000,0.000000,0.080779,PAUSE
133,0.000000,0.000000,0.196009,PAUSE
134,0.000000,0.000000,0.353627,PAUSE
135,1.000000,1.000000,0.160166,PAUSE
136,0.000000,1.000000,0.067796,PAUSE
137,0.000000,1.000000,0.028536,PAUSE
138,0.000000,0.000000,0.027340,PAUSE
139,0.000000,0.000000,0.078937,PAUSE
140,0.000000,0.000000,0.194044,PAUSE
141,1.000000,1.000000,0.091258,PAUSE
142,0.000000,0.000000,0.098471,PAUSE
143,0.000000,0.000000,0.193048,PAUSE
144,0.000000,1.000000,0.090411,PAUSE
145,0.000000,1.000000,0.039188,PAUSE
146,1.000000,1.000000,0.016925,PAUSE
147,0.000000,0.000000,0.021537,PAUSE
148,0.000000,1.000000,0.011850,PAUSE
149,1.000000,1.000000,0.006041,PAUSE
150,0.000000,1.000000,0.003170,PAUSE
151,0.000000,0.000000,0.012169,PAUSE
152,0.000000,0.000000,0.059034,PAUSE
153,0.000000,0.000000,0.165356,PAUSE
154,0.000000,0.000000,0.318584,PAUSE
155,1.000000,1.000000,0.145203,PAUSE
156,0.000000,0.000000,0.130702,PAUSE
157,0.000000,0.000000,0.221286,PAUSE
158,0.000000,0.000000,0.369058,PAUSE
159,0.000000,0.000000,0.527865,ALLOW
160,0.000000,0.000000,0.667495,ALLOW
161,1.000000,1.000000,0.292347,PAUSE
162,0.000000,1.000000,0.121413,PAUSE
163,0.000000,1.000000,0.050146,PAUSE
164,0.000000,0.000000,0.037063,PAUSE
165,0.000000,0.000000,0.085554,PAUSE
166,0.000000,0.000000,0.200569,PAUSE
167,0.000000,1.000000,0.094063,PAUSE
168,1.000000,1.000000,0.040737,PAUSE
169,0.000000,1.000000,0.017566,PAUSE
170,0.000000,0.000000,0.021946,PAUSE
171,0.000000,0.000000,0.074169,PAUSE
172,0.000000,0.000000,0.188365,PAUSE
173,0.000000,0.000000,0.345494,PAUSE
174,0.000000,0.000000,0.509922,ALLOW
175,0.000000,0.000000,0.654156,ALLOW
176,0.000000,0.000000,0.766669,ALLOW
177,0.000000,0.000000,0.847719,ALLOW
178,0.000000,0.000000,0.902989,ALLOW
179,0.000000,0.000000,0.939269,ALLOW
180,0.000000,0.000000,0.962453,ALLOW
181,0.000000,0.000000,0.976993,ALLOW
182,0.000000,0.000000,0.985992,ALLOW
183,0.000000,1.000000,0.424125,PAUSE
184,0.000000,1.000000,0.174574,PAUSE
185,0.000000,1.000000,0.071503,PAUSE
186,0.000000,0.000000,0.046201,PAUSE
187,1.000000,1.000000,0.022075,PAUSE
188,1.000000,1.000000,0.010216,PAUSE
189,0.000000,0.000000,0.019802,PAUSE
190,0.000000,0.000000,0.075383,PAUSE
191,0.000000,0.000000,0.191848,PAUSE
192,0.000000,0.000000,0.349938,PAUSE
193,1.000000,1.000000,0.158607,PAUSE
194,0.000000,0.000000,0.138160,PAUSE
195,0.000000,0.000000,0.227178,PAUSE
196,0.000000,0.000000,0.374302,PAUSE
197,1.000000,1.000000,0.168769,PAUSE
198,0.000000,0.000000,0.143220,PAUSE
199,0.000000,0.000000,0.230573,PAUSE
200,0.000000,0.000000,0.377014,PAUSE
201,0.000000,0.000000,0.534487,ALLOW
202,1.000000,1.000000,0.236638,PAUSE
203,0.000000,0.000000,0.179089,PAUSE
204,0.000000,0.000000,0.256635,PAUSE
205,0.000000,0.000000,0.398839,PAUSE
206,1.000000,1.000000,0.179093,PAUSE
207,0.000000,0.000000,0.148559,PAUSE
208,0.000000,0.000000,0.234364,PAUSE
209,0.000000,0.000000,0.380160,PAUSE
210,0.000000,1.000000,0.171232,PAUSE
211,0.000000,1.000000,0.072276,PAUSE
212,0.000000,0.000000,0.057619,PAUSE
213,0.000000,1.000000,0.027869,PAUSE
214,0.000000,1.000000,0.012801,PAUSE
215,1.000000,1.000000,0.005990,PAUSE
216,0.000000,1.000000,0.002988,PAUSE
217,1.000000,1.000000,0.001664,PAUSE
218,0.000000,1.000000,0.001074,PAUSE
219,0.000000,1.000000,0.000806,PAUSE
220,0.000000,0.000000,0.007506,PAUSE
221,0.000000,0.000000,0.045180,PAUSE
222,0.000000,0.000000,0.140057,PAUSE
223,1.000000,1.000000,0.067509,PAUSE
224,0.000000,0.000000,0.082896,PAUSE
225,0.000000,0.000000,0.177594,PAUSE
226,1.000000,1.000000,0.083749,PAUSE
227,0.000000,0.000000,0.092897,PAUSE
228,0.000000,0.000000,0.186963,PAUSE
229,0.000000,0.000000,0.335745,PAUSE
230,1.000000,1.000000,0.152425,PAUSE
231,0.000000,0.000000,0.134464,PAUSE
232,0.000000,0.000000,0.224006,PAUSE
233,0.000000,0.000000,0.371355,PAUSE
234,0.000000,0.000000,0.529767,ALLOW
235,0.000000,0.000000,0.668963,ALLOW
236,0.000000,1.000000,0.292957,PAUSE
237,0.000000,1.000000,0.121660,PAUSE
238,0.000000,1.000000,0.050245,PAUSE
239,1.000000,1.000000,0.020945,PAUSE
240,1.000000,1.000000,0.008960,PAUSE
241,1.000000,1.000000,0.004049,PAUSE
242,0.000000,0.000000,0.009780,PAUSE
243,0.000000,1.000000,0.006179,PAUSE
244,0.000000,1.000000,0.003522,PAUSE
245,1.000000,1.000000,0.002072,PAUSE
246,0.000000,1.000000,0.001331,PAUSE
247,0.000000,1.000000,0.000958,PAUSE
248,0.000000,1.000000,0.000769,PAUSE
249,0.000000,1.000000,0.000670,PAUSE
250,0.000000,1.000000,0.000618,PAUSE
251,0.000000,0.000000,0.007131,PAUSE
252,0.000000,0.000000,0.043964,PAUSE
253,0.000000,0.000000,0.137712,PAUSE
254,1.000000,1.000000,0.066465,PAUSE
255,0.000000,0.000000,0.082171,PAUSE
256,1.000000,1.000000,0.040036,PAUSE
257,0.000000,0.000000,0.058133,PAUSE
258,0.000000,0.000000,0.145136,PAUSE
259,1.000000,1.000000,0.069534,PAUSE
260,0.000000,0.000000,0.083690,PAUSE
261,0.000000,0.000000,0.177886,PAUSE
262,1.000000,1.000000,0.083864,PAUSE
263,1.000000,1.000000,0.036503,PAUSE
264,1.000000,1.000000,0.015834,PAUSE
265,0.000000,0.000000,0.020982,PAUSE
266,0.000000,0.000000,0.073068,PAUSE
267,0.000000,1.000000,0.037076,PAUSE
268,0.000000,1.000000,0.017045,PAUSE
269,0.000000,1.000000,0.007854,PAUSE
270,0.000000,0.000000,0.016342,PAUSE
271,0.000000,1.000000,0.009562,PAUSE
272,0.000000,1.000000,0.005074,PAUSE
273,1.000000,1.000000,0.002765,PAUSE
274,0.000000,0.000000,0.011849,PAUSE
275,0.000000,0.000000,0.058436,PAUSE
276,0.000000,0.000000,0.164377,PAUSE
277,0.000000,0.000000,0.317401,PAUSE
278,0.000000,0.000000,0.483197,PAUSE
279,0.000000,0.000000,0.632116,ALLOW
280,0.000000,0.000000,0.750174,ALLOW
281,1.000000,1.000000,0.326761,PAUSE
282,0.000000,1.000000,0.135319,PAUSE
283,0.000000,1.000000,0.055738,PAUSE
284,0.000000,1.000000,0.023151,PAUSE
285,1.000000,1.000000,0.009846,PAUSE
286,0.000000,0.000000,0.013314,PAUSE
287,0.000000,0.000000,0.054809,PAUSE
288,0.000000,0.000000,0.156179,PAUSE
289,0.000000,0.000000,0.306827,PAUSE
290,1.000000,1.000000,0.140156,PAUSE
291,1.000000,1.000000,0.059636,PAUSE
292,0.000000,0.000000,0.051595,PAUSE
293,0.000000,0.000000,0.115508,PAUSE
294,1.000000,1.000000,0.056081,PAUSE
295,0.000000,1.000000,0.024974,PAUSE
296,0.000000,1.000000,0.011116,PAUSE
297,0.000000,0.000000,0.018319,PAUSE
298,0.000000,0.000000,0.069924,PAUSE
299,0.000000,0.000000,0.182563,PAUSE
300,1.000000,1.000000,0.086265,PAUSE
301,0.000000,0.000000,0.095375,PAUSE
302,1.000000,1.000000,0.045719,PAUSE
303,0.000000,0.000000,0.061805,PAUSE
304,0.000000,0.000000,0.149020,PAUSE
305,0.000000,0.000000,0.292920,PAUSE
306,0.000000,0.000000,0.457594,PAUSE
307,0.000000,0.000000,0.610083,ALLOW
308,0.000000,1.000000,0.268392,PAUSE
309,0.000000,1.000000,0.111726,PAUSE
310,0.000000,0.000000,0.075986,PAUSE
311,0.000000,0.000000,0.132383,PAUSE
312,1.000000,1.000000,0.063269,PAUSE
313,0.000000,0.000000,0.077712,PAUSE
314,0.000000,0.000000,0.170041,PAUSE
315,1.000000,1.000000,0.080436,PAUSE
316,1.000000,1.000000,0.035091,PAUSE
317,0.000000,1.000000,0.015259,PAUSE
318,0.000000,1.000000,0.006829,PAUSE
319,0.000000,0.000000,0.013390,PAUSE
320,1.000000,1.000000,0.008017,PAUSE
321,1.000000,1.000000,0.004364,PAUSE
322,0.000000,0.000000,0.015848,PAUSE
323,1.000000,1.000000,0.009486,PAUSE
324,0.000000,0.000000,0.029500,PAUSE
325,0.000000,0.000000,0.102432,PAUSE
326,1.000000,1.000000,0.050583,PAUSE
327,0.000000,0.000000,0.070457,PAUSE
328,1.000000,1.000000,0.034927,PAUSE
329,0.000000,0.000000,0.054579,PAUSE
330,0.000000,0.000000,0.141073,PAUSE
331,0.000000,0.000000,0.284001,PAUSE
332,0.000000,0.000000,0.448976,PAUSE
333,0.000000,0.000000,0.602823,ALLOW
334,0.000000,0.000000,0.727769,ALLOW
335,0.000000,0.000000,0.820266,ALLOW
336,0.000000,0.000000,0.884538,ALLOW
337,0.000000,0.000000,0.927281,ALLOW
338,0.000000,0.000000,0.954848,ALLOW
339,0.000000,0.000000,0.972248,ALLOW
340,0.000000,0.000000,0.983066,ALLOW
341,0.000000,0.000000,0.989719,ALLOW
342,0.000000,1.000000,0.425655,PAUSE
343,0.000000,1.000000,0.175189,PAUSE
344,0.000000,0.000000,0.103714,PAUSE
345,0.000000,0.000000,0.147988,PAUSE
346,0.000000,0.000000,0.271851,PAUSE
347,0.000000,0.000000,0.430748,PAUSE
348,0.000000,0.000000,0.585328,ALLOW
349,0.000000,0.000000,0.713698,ALLOW
350,0.000000,0.000000,0.810008,ALLOW
351,1.000000,1.000000,0.351561,PAUSE
352,0.000000,0.000000,0.235118,PAUSE
353,0.000000,0.000000,0.291973,PAUSE
354,0.000000,0.000000,0.425223,PAUSE
355,1.000000,1.000000,0.190128,PAUSE
356,0.000000,0.000000,0.154103,PAUSE
357,0.000000,0.000000,0.238120,PAUSE
358,0.000000,0.000000,0.383170,PAUSE
359,1.000000,1.000000,0.172496,PAUSE
360,0.000000,0.000000,0.145141,PAUSE
361,0.000000,1.000000,0.066713,PAUSE
362,0.000000,1.000000,0.029034,PAUSE
363,0.000000,0.000000,0.033178,PAUSE
364,0.000000,0.000000,0.094835,PAUSE
365,0.000000,0.000000,0.219135,PAUSE
366,0.000000,0.000000,0.380175,PAUSE
367,0.000000,0.000000,0.541971,ALLOW
368,0.000000,0.000000,0.680058,ALLOW
369,0.000000,0.000000,0.785783,ALLOW
370,0.000000,1.000000,0.341530,PAUSE
371,0.000000,1.000000,0.141282,PAUSE
372,0.000000,0.000000,0.089083,PAUSE
373,0.000000,1.000000,0.040834,PAUSE
374,0.000000,1.000000,0.018064,PAUSE
375,0.000000,0.000000,0.025176,PAUSE
376,1.000000,1.000000,0.013708,PAUSE
377,1.000000,1.000000,0.006879,PAUSE
378,0.000000,0.000000,0.018534,PAUSE
379,0.000000,0.000000,0.075048,PAUSE
380,1.000000,1.000000,0.038082,PAUSE
381,0.000000,0.000000,0.060434,PAUSE
382,0.000000,1.000000,0.030504,PAUSE
383,0.000000,1.000000,0.014148,PAUSE
384,1.000000,1.000000,0.006619,PAUSE
385,0.000000,0.000000,0.015249,PAUSE
386,0.000000,0.000000,0.065189,PAUSE
387,1.000000,1.000000,0.033511,PAUSE
388,1.000000,1.000000,0.015548,PAUSE
389,0.000000,0.000000,0.026634,PAUSE
390,0.000000,0.000000,0.089581,PAUSE
391,0.000000,0.000000,0.213496,PAUSE
392,1.000000,1.000000,0.099791,PAUSE
393,0.000000,0.000000,0.103911,PAUSE
394,0.000000,0.000000,0.198220,PAUSE
395,0.000000,0.000000,0.347345,PAUSE
396,0.000000,0.000000,0.508934,ALLOW
397,1.000000,1.000000,0.225925,PAUSE
398,0.000000,1.000000,0.094519,PAUSE
399,1.000000,1.000000,0.039318,PAUSE
400,1.000000,1.000000,0.016551,PAUSE
401,0.000000,1.000000,0.007193,PAUSE
402,0.000000,0.000000,0.012124,PAUSE
403,0.000000,0.000000,0.053925,PAUSE
404,0.000000,0.000000,0.155161,PAUSE
405,0.000000,0.000000,0.305692,PAUSE
406,0.000000,0.000000,0.471655,PAUSE
407,1.000000,1.000000,0.210257,PAUSE
408,0.000000,0.000000,0.165737,PAUSE
409,0.000000,1.000000,0.075321,PAUSE
410,0.000000,1.000000,0.032537,PAUSE
411,0.000000,0.000000,0.034906,PAUSE
412,0.000000,0.000000,0.096266,PAUSE
413,0.000000,0.000000,0.220692,PAUSE
414,0.000000,0.000000,0.381750,PAUSE
415,0.000000,0.000000,0.543362,ALLOW
416,0.000000,0.000000,0.681156,ALLOW
417,0.000000,1.000000,0.298059,PAUSE
418,1.000000,1.000000,0.123724,PAUSE
419,0.000000,1.000000,0.051076,PAUSE
420,0.000000,1.000000,0.021279,PAUSE
421,0.000000,1.000000,0.009094,PAUSE
422,0.000000,0.000000,0.012983,PAUSE
423,1.000000,1.000000,0.007652,PAUSE
424,0.000000,0.000000,0.025227,PAUSE
425,0.000000,0.000000,0.093014,PAUSE
426,0.000000,0.000000,0.220212,PAUSE
427,0.000000,0.000000,0.382351,PAUSE
428,0.000000,0.000000,0.544236,ALLOW
429,0.000000,0.000000,0.681957,ALLOW
430,1.000000,1.000000,0.298394,PAUSE
431,0.000000,0.000000,0.209790,PAUSE
432,0.000000,0.000000,0.276692,PAUSE
433,0.000000,0.000000,0.414270,PAUSE
434,0.000000,0.000000,0.564399,ALLOW
435,0.000000,0.000000,0.695267,ALLOW
436,1.000000,1.000000,0.303891,PAUSE
437,0.000000,0.000000,0.212355,PAUSE
438,0.000000,0.000000,0.278186,PAUSE
439,0.000000,0.000000,0.415310,PAUSE
440,1.000000,1.000000,0.185991,PAUSE
441,1.000000,1.000000,0.078262,PAUSE
442,0.000000,1.000000,0.032753,PAUSE
443,1.000000,1.000000,0.013904,PAUSE
444,0.000000,1.000000,0.006126,PAUSE
445,0.000000,0.000000,0.011613,PAUSE
446,0.000000,0.000000,0.053451,PAUSE
447,0.000000,0.000000,0.154531,PAUSE
448,0.000000,0.000000,0.304958,PAUSE
449,0.000000,0.000000,0.470947,PAUSE
450,0.000000,0.000000,0.621819,ALLOW
451,0.000000,0.000000,0.742376,ALLOW
452,1.000000,1.000000,0.323523,PAUSE
453,0.000000,0.000000,0.221861,PAUSE
454,0.000000,0.000000,0.284093,PAUSE
455,0.000000,0.000000,0.419655,PAUSE
456,0.000000,0.000000,0.568460,ALLOW
457,0.000000,1.000000,0.250826,PAUSE
458,0.000000,1.000000,0.104600,PAUSE
459,0.000000,1.000000,0.043377,PAUSE
460,0.000000,0.000000,0.034070,PAUSE
461,0.000000,0.000000,0.083644,PAUSE
462,0.000000,0.000000,0.198797,PAUSE
463,0.000000,0.000000,0.356396,PAUSE
464,0.000000,0.000000,0.519811,ALLOW
465,1.000000,1.000000,0.230537,PAUSE
466,0.000000,0.000000,0.176137,PAUSE
467,0.000000,1.000000,0.079632,PAUSE
468,0.000000,0.000000,0.080705,PAUSE
469,0.000000,1.000000,0.038915,PAUSE
470,0.000000,1.000000,0.017568,PAUSE
471,0.000000,1.000000,0.008003,PAUSE
472,0.000000,0.000000,0.015930,PAUSE
473,0.000000,0.000000,0.065820,PAUSE
474,1.000000,1.000000,0.033790,PAUSE
475,0.000000,0.000000,0.056665,PAUSE
476,0.000000,0.000000,0.146331,PAUSE
477,1.000000,1.000000,0.070113,PAUSE
478,0.000000,0.000000,0.084214,PAUSE
479,1.000000,1.000000,0.040898,PAUSE
480,0.000000,0.000000,0.058636,PAUSE
481,0.000000,0.000000,0.145613,PAUSE
482,0.000000,0.000000,0.289140,PAUSE
483,0.000000,0.000000,0.453962,PAUSE
484,0.000000,0.000000,0.607032,ALLOW
485,0.000000,0.000000,0.730980,ALLOW
486,0.000000,0.000000,0.822545,ALLOW
487,0.000000,0.000000,0.886077,ALLOW
488,0.000000,0.000000,0.928285,ALLOW
489,0.000000,0.000000,0.955487,ALLOW
490,0.000000,0.000000,0.972648,ALLOW
491,0.000000,0.000000,0.983312,ALLOW
492,0.000000,0.000000,0.989870,ALLOW
493,0.000000,0.000000,0.993873,ALLOW
494,1.000000,1.000000,0.427359,PAUSE
495,0.000000,0.000000,0.269999,PAUSE
496,0.000000,0.000000,0.311605,PAUSE
497,0.000000,0.000000,0.438356,PAUSE
498,0.000000,0.000000,0.581955,ALLOW
499,0.000000,0.000000,0.707864,ALLOW
500,0.000000,0.000000,0.804727,ALLOW
501,0.000000,0.000000,0.873528,ALLOW
502,0.000000,0.000000,0.919907,ALLOW
503,1.000000,1.000000,0.396945,PAUSE
504,0.000000,0.000000,0.256173,PAUSE
505,1.000000,1.000000,0.112504,PAUSE
506,1.000000,1.000000,0.047568,PAUSE
507,0.000000,0.000000,0.041769,PAUSE
508,0.000000,0.000000,0.100916,PAUSE
509,0.000000,1.000000,0.049562,PAUSE
510,1.000000,1.000000,0.022260,PAUSE
511,1.000000,1.000000,0.010001,PAUSE
512,1.000000,1.000000,0.004681,PAUSE
513,0.000000,1.000000,0.002383,PAUSE
514,0.000000,0.000000,0.009583,PAUSE
515,0.000000,0.000000,0.050916,PAUSE
516,0.000000,0.000000,0.150677,PAUSE
517,0.000000,0.000000,0.300291,PAUSE
518,0.000000,0.000000,0.466382,PAUSE
519,1.000000,1.000000,0.208032,PAUSE
520,0.000000,0.000000,0.164585,PAUSE
521,0.000000,0.000000,0.246778,PAUSE
522,0.000000,0.000000,0.390983,PAUSE
523,1.000000,1.000000,0.175796,PAUSE
524,0.000000,0.000000,0.146873,PAUSE
525,0.000000,1.000000,0.067434,PAUSE
526,0.000000,1.000000,0.029327,PAUSE
527,0.000000,0.000000,0.033320,PAUSE
528,0.000000,0.000000,0.094949,PAUSE
529,0.000000,0.000000,0.219257,PAUSE
530,0.000000,0.000000,0.380297,PAUSE
531,0.000000,0.000000,0.542079,ALLOW
532,1.000000,1.000000,0.239899,PAUSE
533,0.000000,1.000000,0.100188,PAUSE
534,0.000000,1.000000,0.041603,PAUSE
535,0.000000,0.000000,0.033302,PAUSE
536,0.000000,0.000000,0.083190,PAUSE
537,1.000000,1.000000,0.041497,PAUSE
538,0.000000,0.000000,0.062332,PAUSE
539,1.000000,1.000000,0.031308,PAUSE
540,0.000000,0.000000,0.051785,PAUSE
541,0.000000,1.000000,0.026532,PAUSE
542,1.000000,1.000000,0.012463,PAUSE
543,1.000000,1.000000,0.005916,PAUSE
544,0.000000,1.000000,0.002982,PAUSE
545,1.000000,1.000000,0.001674,PAUSE
546,0.000000,0.000000,0.008998,PAUSE
547,0.000000,0.000000,0.049687,PAUSE
548,0.000000,0.000000,0.148526,PAUSE
549,0.000000,0.000000,0.297592,PAUSE
550,0.000000,0.000000,0.463708,PAUSE
551,0.000000,0.000000,0.615716,ALLOW
552,0.000000,0.000000,0.737740,ALLOW
553,1.000000,1.000000,0.321597,PAUSE
554,0.000000,0.000000,0.220943,PAUSE
555,0.000000,1.000000,0.098094,PAUSE
556,0.000000,0.000000,0.089793,PAUSE
557,0.000000,1.000000,0.042688,PAUSE
558,0.000000,0.000000,0.057780,PAUSE
559,0.000000,1.000000,0.029057,PAUSE
560,0.000000,1.000000,0.013497,PAUSE
561,0.000000,0.000000,0.024235,PAUSE
562,0.000000,0.000000,0.084900,PAUSE
563,0.000000,0.000000,0.206548,PAUSE
564,0.000000,0.000000,0.366717,PAUSE
565,0.000000,0.000000,0.529812,ALLOW
566,0.000000,0.000000,0.670346,ALLOW
567,0.000000,0.000000,0.778667,ALLOW
568,0.000000,0.000000,0.856060,ALLOW
569,0.000000,0.000000,0.908538,ALLOW
570,1.000000,1.000000,0.392263,PAUSE
571,0.000000,0.000000,0.254031,PAUSE
572,1.000000,1.000000,0.111630,PAUSE
573,0.000000,1.000000,0.047216,PAUSE
574,0.000000,1.000000,0.020018,PAUSE
575,0.000000,0.000000,0.021922,PAUSE
576,1.000000,1.000000,0.011891,PAUSE
577,0.000000,0.000000,0.030338,PAUSE
578,0.000000,0.000000,0.102505,PAUSE
579,0.000000,0.000000,0.233698,PAUSE
580,0.000000,0.000000,0.396998,PAUSE
581,0.000000,0.000000,0.557430,ALLOW
582,1.000000,1.000000,0.246345,PAUSE
583,0.000000,0.000000,0.184142,PAUSE
584,0.000000,0.000000,0.260190,PAUSE
585,0.000000,1.000000,0.118895,PAUSE
586,0.000000,1.000000,0.050801,PAUSE
587,0.000000,0.000000,0.046489,PAUSE
588,1.000000,1.000000,0.023157,PAUSE
589,1.000000,1.000000,0.010861,PAUSE
590,0.000000,0.000000,0.021466,PAUSE
591,0.000000,0.000000,0.079608,PAUSE
592,0.000000,0.000000,0.198603,PAUSE
593,0.000000,0.000000,0.357743,PAUSE
594,1.000000,1.000000,0.161938,PAUSE
595,0.000000,0.000000,0.139991,PAUSE
596,0.000000,0.000000,0.228599,PAUSE
597,0.000000,1.000000,0.105585,PAUSE
598,1.000000,1.000000,0.045387,PAUSE
599,0.000000,1.000000,0.019436,PAUSE
600,0.000000,0.000000,0.022766,PAUSE
601,0.000000,1.000000,0.012371,PAUSE
602,0.000000,1.000000,0.006257,PAUSE
603,0.000000,0.000000,0.017683,PAUSE
604,0.000000,1.000000,0.010363,PAUSE
605,0.000000,0.000000,0.030542,PAUSE
606,0.000000,0.000000,0.104302,PAUSE
607,0.000000,0.000000,0.236604,PAUSE
608,0.000000,1.000000,0.109855,PAUSE
609,1.000000,1.000000,0.047236,PAUSE
610,0.000000,1.000000,0.020210,PAUSE
611,0.000000,0.000000,0.023313,PAUSE
612,0.000000,0.000000,0.075525,PAUSE
613,0.000000,0.000000,0.190084,PAUSE
614,0.000000,0.000000,0.347381,PAUSE
615,0.000000,0.000000,0.511667,ALLOW
616,0.000000,0.000000,0.655573,ALLOW
617,0.000000,1.000000,0.287396,PAUSE
618,0.000000,1.000000,0.119414,PAUSE
619,0.000000,0.000000,0.079431,PAUSE
620,0.000000,0.000000,0.134482,PAUSE
621,1.000000,1.000000,0.064152,PAUSE
622,0.000000,0.000000,0.078198,PAUSE
623,0.000000,1.000000,0.038208,PAUSE
624,0.000000,1.000000,0.017338,PAUSE
625,0.000000,1.000000,0.007926,PAUSE
626,0.000000,1.000000,0.003810,PAUSE
627,0.000000,0.000000,0.011406,PAUSE
628,0.000000,1.000000,0.007105,PAUSE
629,0.000000,0.000000,0.025459,PAUSE
630,0.000000,0.000000,0.094115,PAUSE
631,0.000000,0.000000,0.221984,PAUSE
632,0.000000,0.000000,0.384342,PAUSE
633,0.000000,0.000000,0.546054,ALLOW
634,0.000000,0.000000,0.683411,ALLOW
635,0.000000,0.000000,0.788269,ALLOW
636,0.000000,0.000000,0.862697,ALLOW
637,0.000000,0.000000,0.912935,ALLOW
638,0.000000,0.000000,0.945676,ALLOW
639,1.000000,1.000000,0.407556,PAUSE
640,0.000000,1.000000,0.167902,PAUSE
641,0.000000,0.000000,0.100602,PAUSE
642,0.000000,1.000000,0.045525,PAUSE
643,0.000000,0.000000,0.053287,PAUSE
644,0.000000,0.000000,0.130529,PAUSE
645,0.000000,1.000000,0.062960,PAUSE
646,0.000000,1.000000,0.027858,PAUSE
647,0.000000,0.000000,0.034455,PAUSE
648,0.000000,0.000000,0.099250,PAUSE
649,0.000000,0.000000,0.226055,PAUSE
650,1.000000,1.000000,0.105233,PAUSE
651,0.000000,0.000000,0.107198,PAUSE
652,0.000000,0.000000,0.201159,PAUSE
653,0.000000,0.000000,0.350186,PAUSE
654,0.000000,0.000000,0.511447,ALLOW
655,0.000000,0.000000,0.654511,ALLOW
656,0.000000,1.000000,0.286938,PAUSE
657,0.000000,1.000000,0.119227,PAUSE
658,0.000000,1.000000,0.049267,PAUSE
659,0.000000,0.000000,0.036680,PAUSE
660,0.000000,0.000000,0.085323,PAUSE
661,0.000000,0.000000,0.200367,PAUSE
662,1.000000,1.000000,0.093977,PAUSE
663,0.000000,0.000000,0.100072,PAUSE
664,0.000000,1.000000,0.047717,PAUSE
665,0.000000,0.000000,0.063016,PAUSE
666,0.000000,1.000000,0.031430,PAUSE
667,0.000000,0.000000,0.051269,PAUSE
668,0.000000,0.000000,0.136350,PAUSE
669,1.000000,1.000000,0.065675,PAUSE
670,0.000000,0.000000,0.081133,PAUSE
671,0.000000,0.000000,0.175286,PAUSE
672,0.000000,0.000000,0.323719,PAUSE
673,1.000000,1.000000,0.147306,PAUSE
674,0.000000,0.000000,0.131664,PAUSE
675,0.000000,0.000000,0.221838,PAUSE
676,0.000000,0.000000,0.369446,PAUSE
677,0.000000,0.000000,0.528157,ALLOW
678,1.000000,1.000000,0.233988,PAUSE
679,0.000000,0.000000,0.177767,PAUSE
680,0.000000,0.000000,0.255761,PAUSE
681,1.000000,1.000000,0.117034,PAUSE
682,0.000000,0.000000,0.111703,PAUSE
683,1.000000,1.000000,0.052546,PAUSE
684,1.000000,1.000000,0.023236,PAUSE
685,0.000000,0.000000,0.030126,PAUSE
686,0.000000,0.000000,0.091942,PAUSE
687,0.000000,0.000000,0.215739,PAUSE
688,0.000000,0.000000,0.376642,PAUSE
689,0.000000,0.000000,0.538817,ALLOW
690,0.000000,0.000000,0.677553,ALLOW
691,0.000000,0.000000,0.783954,ALLOW
692,0.000000,0.000000,0.859713,ALLOW
693,0.000000,0.000000,0.910958,ALLOW
694,0.000000,0.000000,0.944404,ALLOW
695,0.000000,0.000000,0.965693,ALLOW
696,0.000000,0.000000,0.979007,ALLOW
697,0.000000,0.000000,0.987230,ALLOW
698,0.000000,0.000000,0.992264,ALLOW
699,0.000000,0.000000,0.995328,ALLOW
700,0.000000,0.000000,0.997184,ALLOW
701,0.000000,0.000000,0.998305,ALLOW
702,0.000000,0.000000,0.998981,ALLOW
703,0.000000,0.000000,0.999388,ALLOW
704,1.000000,1.000000,0.429621,PAUSE
705,0.000000,0.000000,0.271016,PAUSE
706,1.000000,1.000000,0.118550,PAUSE
707,0.000000,0.000000,0.099298,PAUSE
708,1.000000,1.000000,0.046595,PAUSE
709,0.000000,0.000000,0.059723,PAUSE
710,1.000000,1.000000,0.029868,PAUSE
711,0.000000,1.000000,0.013828,PAUSE
712,0.000000,1.000000,0.006471,PAUSE
713,1.000000,1.000000,0.003208,PAUSE
714,0.000000,0.000000,0.010978,PAUSE
715,1.000000,1.000000,0.006905,PAUSE
716,0.000000,0.000000,0.025224,PAUSE
717,0.000000,0.000000,0.093675,PAUSE
718,0.000000,0.000000,0.221351,PAUSE
719,0.000000,1.000000,0.103233,PAUSE
720,0.000000,1.000000,0.044519,PAUSE
721,0.000000,0.000000,0.043896,PAUSE
722,0.000000,0.000000,0.108996,PAUSE
723,1.000000,1.000000,0.053260,PAUSE
724,1.000000,1.000000,0.023813,PAUSE
725,0.000000,0.000000,0.031959,PAUSE
726,0.000000,0.000000,0.096306,PAUSE
727,0.000000,0.000000,0.222321,PAUSE
728,0.000000,1.000000,0.103617,PAUSE
729,0.000000,0.000000,0.106228,PAUSE
730,0.000000,1.000000,0.050348,PAUSE
731,0.000000,0.000000,0.064644,PAUSE
732,0.000000,0.000000,0.151839,PAUSE
733,0.000000,0.000000,0.295939,PAUSE
734,0.000000,0.000000,0.460455,PAUSE
735,0.000000,0.000000,0.612471,ALLOW
736,0.000000,0.000000,0.735108,ALLOW
737,0.000000,0.000000,0.825468,ALLOW
738,0.000000,0.000000,0.888048,ALLOW
739,0.000000,0.000000,0.929568,ALLOW
740,0.000000,0.000000,0.956302,ALLOW
741,0.000000,0.000000,0.973157,ALLOW
742,1.000000,1.000000,0.418855,PAUSE
743,0.000000,0.000000,0.266161,PAUSE
744,1.000000,1.000000,0.116575,PAUSE
745,1.000000,1.000000,0.049207,PAUSE
746,0.000000,0.000000,0.042486,PAUSE
747,0.000000,0.000000,0.101340,PAUSE
748,0.000000,0.000000,0.225418,PAUSE
749,0.000000,0.000000,0.386240,PAUSE
750,0.000000,0.000000,0.547231,ALLOW
751,0.000000,0.000000,0.684179,ALLOW
752,0.000000,0.000000,0.788773,ALLOW
753,1.000000,1.000000,0.342768,PAUSE
754,0.000000,0.000000,0.230986,PAUSE
755,0.000000,0.000000,0.289547,PAUSE
756,1.000000,1.000000,0.131139,PAUSE
757,0.000000,0.000000,0.118893,PAUSE
758,1.000000,1.000000,0.055534,PAUSE
759,0.000000,0.000000,0.067125,PAUSE
760,0.000000,1.000000,0.033157,PAUSE
761,0.000000,1.000000,0.015205,PAUSE
762,0.000000,0.000000,0.025322,PAUSE
763,0.000000,1.000000,0.013921,PAUSE
764,0.000000,0.000000,0.034316,PAUSE
765,0.000000,0.000000,0.110648,PAUSE
766,0.000000,0.000000,0.245221,PAUSE
767,0.000000,0.000000,0.409352,PAUSE
768,0.000000,0.000000,0.568445,ALLOW
769,0.000000,0.000000,0.701121,ALLOW
770,0.000000,0.000000,0.801147,ALLOW
771,0.000000,0.000000,0.871536,ALLOW
772,0.000000,1.000000,0.377000,PAUSE
773,0.000000,0.000000,0.246989,PAUSE
774,0.000000,0.000000,0.298844,PAUSE
775,0.000000,0.000000,0.429951,PAUSE
776,0.000000,0.000000,0.576021,ALLOW
777,0.000000,0.000000,0.703686,ALLOW
778,0.000000,0.000000,0.801865,ALLOW
779,0.000000,0.000000,0.871628,ALLOW
780,1.000000,1.000000,0.377031,PAUSE
781,0.000000,0.000000,0.246989,PAUSE
782,0.000000,0.000000,0.298828,PAUSE
783,1.000000,1.000000,0.134985,PAUSE
784,0.000000,0.000000,0.120780,PAUSE
785,0.000000,0.000000,0.209032,PAUSE
786,0.000000,0.000000,0.355822,PAUSE
787,0.000000,1.000000,0.160920,PAUSE
788,1.000000,1.000000,0.068083,PAUSE
789,0.000000,0.000000,0.055628,PAUSE
790,0.000000,1.000000,0.027041,PAUSE
791,0.000000,0.000000,0.043888,PAUSE
792,0.000000,0.000000,0.122978,PAUSE
793,0.000000,0.000000,0.260550,PAUSE
794,0.000000,0.000000,0.425048,PAUSE
795,0.000000,0.000000,0.582140,ALLOW
796,0.000000,0.000000,0.711789,ALLOW
797,1.000000,1.000000,0.310810,PAUSE
798,1.000000,1.000000,0.128877,PAUSE
799,0.000000,1.000000,0.053148,PAUSE
800,0.000000,1.000000,0.022111,PAUSE
801,0.000000,0.000000,0.020580,PAUSE
802,0.000000,1.000000,0.011051,PAUSE
803,0.000000,0.000000,0.028481,PAUSE
804,0.000000,1.000000,0.015729,PAUSE
805,0.000000,0.000000,0.037449,PAUSE
806,1.000000,1.000000,0.020044,PAUSE
807,0.000000,0.000000,0.042213,PAUSE
808,0.000000,0.000000,0.124443,PAUSE
809,1.000000,1.000000,0.060427,PAUSE
810,0.000000,0.000000,0.077588,PAUSE
811,0.000000,0.000000,0.171597,PAUSE
812,0.000000,0.000000,0.319816,PAUSE
813,0.000000,0.000000,0.483762,PAUSE
814,0.000000,0.000000,0.632045,ALLOW
815,0.000000,0.000000,0.749944,ALLOW
816,1.000000,1.000000,0.326662,PAUSE
817,0.000000,0.000000,0.223351,PAUSE
818,0.000000,0.000000,0.284986,PAUSE
819,0.000000,1.000000,0.129244,PAUSE
820,0.000000,1.000000,0.054996,PAUSE
821,0.000000,0.000000,0.048438,PAUSE
822,0.000000,0.000000,0.111551,PAUSE
823,0.000000,0.000000,0.239618,PAUSE
824,1.000000,1.000000,0.111067,PAUSE
825,0.000000,0.000000,0.110602,PAUSE
826,0.000000,0.000000,0.204079,PAUSE
827,0.000000,0.000000,0.352943,PAUSE
828,0.000000,0.000000,0.513862,ALLOW
829,0.000000,0.000000,0.656429,ALLOW
830,0.000000,1.000000,0.287738,PAUSE
831,1.000000,1.000000,0.119550,PAUSE
832,0.000000,1.000000,0.049397,PAUSE
833,0.000000,0.000000,0.036736,PAUSE
834,0.000000,0.000000,0.085357,PAUSE
835,0.000000,0.000000,0.200397,PAUSE
836,0.000000,1.000000,0.093989,PAUSE
837,1.000000,1.000000,0.040707,PAUSE
838,1.000000,1.000000,0.017554,PAUSE
839,0.000000,0.000000,0.021940,PAUSE
840,1.000000,1.000000,0.012031,PAUSE
841,0.000000,0.000000,0.031044,PAUSE
842,1.000000,1.000000,0.016985,PAUSE
843,0.000000,0.000000,0.038935,PAUSE
844,0.000000,1.000000,0.020734,PAUSE
845,0.000000,0.000000,0.042874,PAUSE
846,0.000000,0.000000,0.125432,PAUSE
847,0.000000,0.000000,0.264954,PAUSE
848,0.000000,0.000000,0.429916,PAUSE
849,0.000000,0.000000,0.586477,ALLOW
850,0.000000,0.000000,0.715188,ALLOW
851,0.000000,0.000000,0.811281,ALLOW
852,1.000000,1.000000,0.352091,PAUSE
853,1.000000,1.000000,0.145543,PAUSE
854,1.000000,1.000000,0.059847,PAUSE
855,0.000000,0.000000,0.041255,PAUSE
856,0.000000,1.000000,0.020062,PAUSE
857,1.000000,1.000000,0.009403,PAUSE
858,0.000000,1.000000,0.004541,PAUSE
859,0.000000,0.000000,0.012944,PAUSE
860,0.000000,0.000000,0.060019,PAUSE
861,1.000000,1.000000,0.031117,PAUSE
862,0.000000,1.000000,0.014534,PAUSE
863,1.000000,1.000000,0.006814,PAUSE
864,0.000000,1.000000,0.003369,PAUSE
865,0.000000,0.000000,0.011263,PAUSE
866,0.000000,1.000000,0.007053,PAUSE
867,0.000000,0.000000,0.025465,PAUSE
868,0.000000,1.000000,0.014368,PAUSE
869,0.000000,1.000000,0.007265,PAUSE
870,0.000000,1.000000,0.003732,PAUSE
871,0.000000,0.000000,0.013015,PAUSE
872,0.000000,1.000000,0.007994,PAUSE
873,0.000000,0.000000,0.027099,PAUSE
874,0.000000,0.000000,0.097600,PAUSE
875,0.000000,0.000000,0.227081,PAUSE
876,1.000000,1.000000,0.105723,PAUSE
877,0.000000,0.000000,0.107605,PAUSE
878,0.000000,0.000000,0.201630,PAUSE
879,0.000000,0.000000,0.350689,PAUSE
880,0.000000,0.000000,0.511909,ALLOW
881,1.000000,1.000000,0.227174,PAUSE
882,0.000000,0.000000,0.174339,PAUSE
883,1.000000,1.000000,0.078883,PAUSE
884,0.000000,1.000000,0.033981,PAUSE
885,0.000000,0.000000,0.035589,PAUSE
886,0.000000,1.000000,0.018345,PAUSE
887,0.000000,0.000000,0.037505,PAUSE
888,0.000000,0.000000,0.114768,PAUSE
889,0.000000,0.000000,0.250386,PAUSE
890,0.000000,0.000000,0.414676,PAUSE
891,0.000000,0.000000,0.573110,ALLOW
892,0.000000,0.000000,0.704766,ALLOW
893,0.000000,0.000000,0.803777,ALLOW
894,0.000000,0.000000,0.873332,ALLOW
895,1.000000,1.000000,0.377742,PAUSE
896,0.000000,0.000000,0.247332,PAUSE
897,0.000000,1.000000,0.108895,PAUSE
898,1.000000,1.000000,0.046113,PAUSE
899,0.000000,0.000000,0.041128,PAUSE
900,0.000000,1.000000,0.020637,PAUSE
901,0.000000,0.000000,0.038758,PAUSE
902,0.000000,0.000000,0.115933,PAUSE
903,0.000000,0.000000,0.251669,PAUSE
904,1.000000,1.000000,0.116364,PAUSE
905,0.000000,0.000000,0.113959,PAUSE
906,0.000000,1.000000,0.053630,PAUSE
907,0.000000,0.000000,0.066600,PAUSE
908,0.000000,1.000000,0.032966,PAUSE
909,0.000000,0.000000,0.052267,PAUSE
910,0.000000,0.000000,0.137435,PAUSE
911,0.000000,0.000000,0.279425,PAUSE
912,0.000000,0.000000,0.444378,PAUSE
913,0.000000,0.000000,0.598885,ALLOW
914,0.000000,0.000000,0.724745,ALLOW
915,1.000000,1.000000,0.316196,PAUSE
916,0.000000,0.000000,0.218357,PAUSE
917,0.000000,1.000000,0.097033,PAUSE
918,0.000000,1.000000,0.041326,PAUSE
919,1.000000,1.000000,0.017648,PAUSE
920,0.000000,1.000000,0.007747,PAUSE
921,0.000000,1.000000,0.003613,PAUSE
922,0.000000,1.000000,0.001877,PAUSE
923,0.000000,0.000000,0.008552,PAUSE
924,0.000000,0.000000,0.047739,PAUSE
925,0.000000,0.000000,0.144758,PAUSE
926,1.000000,1.000000,0.069596,PAUSE
927,0.000000,0.000000,0.084332,PAUSE
928,1.000000,1.000000,0.040970,PAUSE
929,1.000000,1.000000,0.018497,PAUSE
930,1.000000,1.000000,0.008406,PAUSE
931,0.000000,0.000000,0.016333,PAUSE
932,0.000000,1.000000,0.009527,PAUSE
933,0.000000,0.000000,0.028754,PAUSE
934,0.000000,1.000000,0.015933,PAUSE
935,1.000000,1.000000,0.007945,PAUSE
936,0.000000,0.000000,0.020123,PAUSE
937,0.000000,0.000000,0.078630,PAUSE
938,0.000000,0.000000,0.197592,PAUSE
939,0.000000,0.000000,0.356716,PAUSE
940,0.000000,0.000000,0.520595,ALLOW
941,1.000000,1.000000,0.230875,PAUSE
942,0.000000,0.000000,0.176324,PAUSE
943,1.000000,1.000000,0.079710,PAUSE
944,0.000000,0.000000,0.080747,PAUSE
945,0.000000,1.000000,0.038933,PAUSE
946,0.000000,1.000000,0.017575,PAUSE
947,0.000000,0.000000,0.026624,PAUSE
948,0.000000,1.000000,0.014484,PAUSE
949,0.000000,0.000000,0.034730,PAUSE
950,0.000000,0.000000,0.111196,PAUSE
951,0.000000,0.000000,0.245915,PAUSE
952,0.000000,0.000000,0.410071,PAUSE
953,0.000000,0.000000,0.569077,ALLOW
954,0.000000,0.000000,0.701616,ALLOW
955,1.000000,1.000000,0.306578,PAUSE
956,0.000000,0.000000,0.213740,PAUSE
957,0.000000,1.000000,0.095137,PAUSE
958,0.000000,1.000000,0.040560,PAUSE
959,0.000000,1.000000,0.017340,PAUSE
960,0.000000,0.000000,0.020736,PAUSE
961,0.000000,0.000000,0.070694,PAUSE
962,1.000000,1.000000,0.035960,PAUSE
963,0.000000,0.000000,0.058293,PAUSE
964,0.000000,1.000000,0.029539,PAUSE
965,0.000000,1.000000,0.013742,PAUSE
966,0.000000,0.000000,0.024643,PAUSE
967,0.000000,0.000000,0.085805,PAUSE
968,1.000000,1.000000,0.042966,PAUSE
969,0.000000,1.000000,0.019533,PAUSE
970,0.000000,1.000000,0.008886,PAUSE
971,0.000000,0.000000,0.017032,PAUSE
972,0.000000,0.000000,0.068336,PAUSE
973,0.000000,0.000000,0.180331,PAUSE
974,0.000000,0.000000,0.336416,PAUSE
975,0.000000,0.000000,0.501428,ALLOW
976,0.000000,1.000000,0.222808,PAUSE
977,0.000000,1.000000,0.093260,PAUSE
978,0.000000,0.000000,0.067589,PAUSE
979,0.000000,0.000000,0.127036,PAUSE
980,0.000000,0.000000,0.255582,PAUSE
981,0.000000,0.000000,0.417020,PAUSE
982,0.000000,1.000000,0.187094,PAUSE
983,0.000000,1.000000,0.078752,PAUSE
984,0.000000,0.000000,0.060801,PAUSE
985,0.000000,0.000000,0.122356,PAUSE
986,0.000000,0.000000,0.251287,PAUSE
987,0.000000,1.000000,0.116076,PAUSE
988,1.000000,1.000000,0.049769,PAUSE
989,0.000000,1.000000,0.021234,PAUSE
990,0.000000,0.000000,0.023797,PAUSE
991,1.000000,1.000000,0.012824,PAUSE
992,0.000000,0.000000,0.031603,PAUSE
993,0.000000,1.000000,0.017234,PAUSE
994,0.000000,0.000000,0.039141,PAUSE
995,0.000000,1.000000,0.020826,PAUSE
996,0.000000,0.000000,0.042952,PAUSE
997,0.000000,0.000000,0.125541,PAUSE
998,0.000000,0.000000,0.265089,PAUSE
999,0.000000,0.000000,0.430054,PAUSE
1000,0.000000,0.000000,0.586595,ALLOW
1001,0.000000,0.000000,0.715280,ALLOW
1002,0.000000,0.000000,0.811347,ALLOW
1003,0.000000,0.000000,0.878491,ALLOW
1004,0.000000,0.000000,0.923328,ALLOW
1005,0.000000,0.000000,0.952329,ALLOW
1006,0.000000,0.000000,0.970672,ALLOW
1007,0.000000,0.000000,0.982092,ALLOW
1008,1.000000,1.000000,0.422524,PAUSE
1009,0.000000,0.000000,0.267820,PAUSE
1010,0.000000,0.000000,0.310430,PAUSE
1011,1.000000,1.000000,0.139777,PAUSE
1012,0.000000,1.000000,0.059255,PAUSE
1013,0.000000,1.000000,0.025029,PAUSE
1014,1.000000,1.000000,0.010774,PAUSE
1015,0.000000,1.000000,0.004856,PAUSE
1016,0.000000,0.000000,0.010935,PAUSE
1017,0.000000,1.000000,0.006777,PAUSE
1018,0.000000,0.000000,0.024572,PAUSE
1019,0.000000,1.000000,0.013923,PAUSE
1020,0.000000,0.000000,0.035670,PAUSE
1021,0.000000,1.000000,0.019228,PAUSE
1022,0.000000,0.000000,0.041465,PAUSE
1023,0.000000,1.000000,0.021901,PAUSE
1024,0.000000,0.000000,0.043963,PAUSE
1025,0.000000,1.000000,0.023034,PAUSE
1026,0.000000,0.000000,0.044945,PAUSE
1027,1.000000,1.000000,0.023476,PAUSE
1028,0.000000,0.000000,0.045315,PAUSE
1029,0.000000,0.000000,0.128914,PAUSE
1030,0.000000,0.000000,0.269314,PAUSE
1031,0.000000,0.000000,0.434339,PAUSE
1032,0.000000,0.000000,0.590299,ALLOW
1033,0.000000,0.000000,0.718144,ALLOW
1034,0.000000,0.000000,0.813398,ALLOW
1035,0.000000,0.000000,0.879885,ALLOW
1036,0.000000,0.000000,0.924240,ALLOW
1037,0.000000,0.000000,0.952911,ALLOW
1038,0.000000,0.000000,0.971036,ALLOW
1039,1.000000,1.000000,0.417983,PAUSE
1040,0.000000,0.000000,0.265767,PAUSE
1041,0.000000,0.000000,0.309316,PAUSE
1042,0.000000,0.000000,0.436889,PAUSE
1043,0.000000,1.000000,0.194978,PAUSE
1044,0.000000,0.000000,0.156472,PAUSE
1045,0.000000,1.000000,0.071404,PAUSE
1046,1.000000,1.000000,0.030936,PAUSE
1047,0.000000,0.000000,0.034080,PAUSE
1048,0.000000,0.000000,0.095517,PAUSE
1049,0.000000,1.000000,0.047249,PAUSE
1050,0.000000,0.000000,0.067321,PAUSE
1051,1.000000,1.000000,0.033526,PAUSE
1052,0.000000,0.000000,0.053488,PAUSE
1053,1.000000,1.000000,0.027285,PAUSE
1054,0.000000,0.000000,0.048354,PAUSE
1055,0.000000,1.000000,0.024996,PAUSE
1056,0.000000,0.000000,0.046531,PAUSE
1057,0.000000,0.000000,0.130523,PAUSE
1058,0.000000,0.000000,0.271280,PAUSE
1059,0.000000,0.000000,0.436313,PAUSE
1060,0.000000,0.000000,0.591997,ALLOW
1061,0.000000,0.000000,0.719454,ALLOW
1062,0.000000,0.000000,0.814335,ALLOW
1063,0.000000,0.000000,0.880521,ALLOW
1064,0.000000,0.000000,0.924656,ALLOW
1065,1.000000,1.000000,0.398904,PAUSE
1066,1.000000,1.000000,0.164417,PAUSE
1067,0.000000,1.000000,0.067427,PAUSE
1068,0.000000,0.000000,0.044482,PAUSE
1069,0.000000,0.000000,0.089779,PAUSE
1070,0.000000,0.000000,0.204028,PAUSE
1071,0.000000,0.000000,0.361269,PAUSE
1072,0.000000,0.000000,0.524029,ALLOW
1073,0.000000,0.000000,0.665441,ALLOW
1074,0.000000,1.000000,0.291508,PAUSE
1075,0.000000,1.000000,0.121076,PAUSE
1076,0.000000,0.000000,0.080170,PAUSE
1077,0.000000,0.000000,0.134922,PAUSE
1078,0.000000,0.000000,0.262223,PAUSE
1079,0.000000,0.000000,0.422882,PAUSE
1080,1.000000,1.000000,0.189562,PAUSE
1081,0.000000,0.000000,0.154739,PAUSE
1082,0.000000,1.000000,0.070740,PAUSE
1083,1.000000,1.000000,0.030675,PAUSE
1084,0.000000,0.000000,0.034001,PAUSE
1085,1.000000,1.000000,0.017680,PAUSE
1086,0.000000,0.000000,0.037108,PAUSE
1087,0.000000,1.000000,0.019797,PAUSE
1088,0.000000,0.000000,0.041666,PAUSE
1089,0.000000,0.000000,0.123376,PAUSE
1090,0.000000,0.000000,0.262253,PAUSE
1091,0.000000,0.000000,0.427134,PAUSE
1092,0.000000,1.000000,0.191426,PAUSE
1093,0.000000,1.000000,0.080518,PAUSE
1094,0.000000,0.000000,0.061656,PAUSE
1095,0.000000,0.000000,0.122996,PAUSE
1096,0.000000,0.000000,0.251911,PAUSE
1097,1.000000,1.000000,0.116342,PAUSE
1098,0.000000,0.000000,0.113643,PAUSE
1099,0.000000,0.000000,0.206640,PAUSE
1100,0.000000,1.000000,0.096232,PAUSE
1101,0.000000,1.000000,0.041569,PAUSE
1102,0.000000,0.000000,0.041984,PAUSE
1103,1.000000,1.000000,0.021269,PAUSE
1104,0.000000,0.000000,0.040259,PAUSE
1105,1.000000,1.000000,0.021225,PAUSE
1106,1.000000,1.000000,0.010204,PAUSE
1107,1.000000,1.000000,0.004970,PAUSE
1108,0.000000,0.000000,0.014026,PAUSE
1109,0.000000,1.000000,0.008473,PAUSE
1110,0.000000,0.000000,0.027671,PAUSE
1111,0.000000,1.000000,0.015429,PAUSE
1112,0.000000,0.000000,0.037431,PAUSE
1113,0.000000,0.000000,0.116891,PAUSE
1114,0.000000,0.000000,0.253872,PAUSE
1115,0.000000,0.000000,0.418497,PAUSE
1116,0.000000,0.000000,0.576521,ALLOW
1117,0.000000,1.000000,0.254349,PAUSE
1118,0.000000,0.000000,0.188148,PAUSE
1119,0.000000,1.000000,0.084598,PAUSE
1120,0.000000,0.000000,0.083207,PAUSE
1121,0.000000,0.000000,0.167352,PAUSE
1122,0.000000,0.000000,0.311091,PAUSE
1123,1.000000,1.000000,0.141853,PAUSE
1124,0.000000,0.000000,0.128495,PAUSE
1125,0.000000,0.000000,0.219188,PAUSE
1126,0.000000,0.000000,0.367007,PAUSE
1127,0.000000,0.000000,0.526059,ALLOW
1128,0.000000,0.000000,0.666062,ALLOW
1129,0.000000,0.000000,0.775091,ALLOW
1130,1.000000,1.000000,0.337091,PAUSE
1131,0.000000,0.000000,0.228291,PAUSE
1132,0.000000,0.000000,0.287934,PAUSE
1133,0.000000,0.000000,0.422382,PAUSE
1134,0.000000,0.000000,0.570485,ALLOW
1135,0.000000,0.000000,0.699706,ALLOW
1136,1.000000,1.000000,0.305733,PAUSE
1137,0.000000,0.000000,0.213231,PAUSE
1138,0.000000,0.000000,0.278715,PAUSE
1139,0.000000,0.000000,0.415690,PAUSE
1140,0.000000,0.000000,0.565447,ALLOW
1141,1.000000,1.000000,0.249571,PAUSE
1142,0.000000,0.000000,0.185474,PAUSE
1143,0.000000,0.000000,0.260777,PAUSE
1144,1.000000,1.000000,0.119133,PAUSE
1145,1.000000,1.000000,0.050896,PAUSE
1146,0.000000,0.000000,0.046529,PAUSE
1147,0.000000,0.000000,0.110223,PAUSE
1148,0.000000,1.000000,0.053762,PAUSE
1149,0.000000,1.000000,0.024015,PAUSE
1150,0.000000,0.000000,0.032049,PAUSE
1151,0.000000,0.000000,0.096363,PAUSE
1152,0.000000,0.000000,0.222371,PAUSE
1153,0.000000,0.000000,0.384004,PAUSE
1154,0.000000,0.000000,0.545527,ALLOW
1155,1.000000,1.000000,0.241347,PAUSE
1156,0.000000,0.000000,0.181621,PAUSE
1157,0.000000,0.000000,0.258499,PAUSE
1158,0.000000,0.000000,0.400402,PAUSE
1159,0.000000,0.000000,0.553635,ALLOW
1160,0.000000,0.000000,0.687265,ALLOW
1161,1.000000,1.000000,0.300569,PAUSE
1162,0.000000,0.000000,0.210768,PAUSE
1163,0.000000,0.000000,0.277222,PAUSE
1164,1.000000,1.000000,0.126010,PAUSE
1165,0.000000,1.000000,0.053686,PAUSE
1166,0.000000,0.000000,0.047834,PAUSE
1167,0.000000,1.000000,0.023714,PAUSE
1168,0.000000,0.000000,0.041684,PAUSE
1169,0.000000,0.000000,0.120416,PAUSE
1170,0.000000,1.000000,0.058588,PAUSE
1171,1.000000,1.000000,0.026060,PAUSE
1172,0.000000,0.000000,0.033478,PAUSE
1173,0.000000,1.000000,0.017618,PAUSE
1174,0.000000,0.000000,0.037729,PAUSE
1175,0.000000,1.000000,0.020109,PAUSE
1176,0.000000,0.000000,0.042050,PAUSE
1177,0.000000,0.000000,0.124021,PAUSE
1178,0.000000,0.000000,0.263099,PAUSE
1179,0.000000,0.000000,0.428006,PAUSE
1180,0.000000,0.000000,0.584815,ALLOW
1181,0.000000,0.000000,0.713898,ALLOW
1182,0.000000,0.000000,0.810355,ALLOW
1183,0.000000,0.000000,0.877817,ALLOW
1184,0.000000,0.000000,0.922886,ALLOW
1185,0.000000,1.000000,0.398175,PAUSE
1186,0.000000,0.000000,0.256743,PAUSE
1187,1.000000,1.000000,0.112737,PAUSE
1188,1.000000,1.000000,0.047661,PAUSE
1189,0.000000,1.000000,0.020197,PAUSE
1190,0.000000,0.000000,0.022000,PAUSE
1191,0.000000,0.000000,0.071528,PAUSE
1192,0.000000,0.000000,0.183400,PAUSE
1193,0.000000,0.000000,0.339496,PAUSE
1194,0.000000,0.000000,0.504201,ALLOW
1195,0.000000,1.000000,0.223973,PAUSE
1196,0.000000,0.000000,0.172797,PAUSE
1197,0.000000,1.000000,0.078249,PAUSE
1198,1.000000,1.000000,0.033724,PAUSE
1199,0.000000,0.000000,0.035471,PAUSE
1200,0.000000,0.000000,0.096696,PAUSE
1201,0.000000,0.000000,0.221134,PAUSE
1202,0.000000,0.000000,0.382188,PAUSE
1203,0.000000,0.000000,0.543746,ALLOW
1204,0.000000,1.000000,0.240598,PAUSE
1205,1.000000,1.000000,0.100471,PAUSE
1206,0.000000,1.000000,0.041717,PAUSE
1207,0.000000,1.000000,0.017517,PAUSE
1208,0.000000,0.000000,0.018558,PAUSE
1209,1.000000,1.000000,0.010215,PAUSE
1210,0.000000,0.000000,0.028010,PAUSE
1211,0.000000,0.000000,0.098012,PAUSE
1212,0.000000,0.000000,0.227309,PAUSE
1213,0.000000,0.000000,0.390080,PAUSE
1214,0.000000,0.000000,0.551217,ALLOW
1215,0.000000,0.000000,0.687512,ALLOW
1216,0.000000,0.000000,0.791260,ALLOW
1217,1.000000,1.000000,0.343800,PAUSE
1218,0.000000,1.000000,0.142198,PAUSE
1219,0.000000,1.000000,0.058502,PAUSE
1220,0.000000,0.000000,0.040679,PAUSE
1221,1.000000,1.000000,0.019827,PAUSE
1222,0.000000,0.000000,0.035587,PAUSE
1223,0.000000,1.000000,0.018949,PAUSE
1224,1.000000,1.000000,0.009211,PAUSE
1225,0.000000,1.000000,0.004547,PAUSE
1226,1.000000,1.000000,0.002407,PAUSE
1227,0.000000,0.000000,0.010364,PAUSE
1228,1.000000,1.000000,0.006613,PAUSE
1229,0.000000,0.000000,0.024860,PAUSE
1230,1.000000,1.000000,0.014078,PAUSE
1231,0.000000,0.000000,0.035906,PAUSE
1232,0.000000,0.000000,0.114341,PAUSE
1233,0.000000,0.000000,0.250477,PAUSE
1234,0.000000,0.000000,0.414953,PAUSE
1235,0.000000,0.000000,0.573409,ALLOW
1236,1.000000,1.000000,0.253045,PAUSE
1237,0.000000,0.000000,0.187497,PAUSE
1238,0.000000,0.000000,0.262413,PAUSE
1239,0.000000,0.000000,0.403464,PAUSE
1240,0.000000,0.000000,0.556048,ALLOW
1241,0.000000,0.000000,0.689075,ALLOW
1242,0.000000,0.000000,0.791640,ALLOW
1243,0.000000,0.000000,0.864750,ALLOW
1244,1.000000,1.000000,0.374194,PAUSE
1245,0.000000,0.000000,0.245678,PAUSE
1246,0.000000,0.000000,0.298085,PAUSE
1247,1.000000,1.000000,0.134678,PAUSE
1248,0.000000,0.000000,0.120630,PAUSE
1249,0.000000,0.000000,0.208934,PAUSE
1250,1.000000,1.000000,0.097124,PAUSE
1251,0.000000,0.000000,0.100571,PAUSE
1252,0.000000,1.000000,0.047860,PAUSE
1253,0.000000,1.000000,0.021322,PAUSE
1254,0.000000,0.000000,0.029137,PAUSE
1255,0.000000,0.000000,0.091029,PAUSE
1256,0.000000,1.000000,0.045287,PAUSE
1257,0.000000,1.000000,0.020499,PAUSE
1258,0.000000,0.000000,0.029958,PAUSE
1259,0.000000,0.000000,0.093988,PAUSE
1260,1.000000,1.000000,0.046646,PAUSE
1261,0.000000,0.000000,0.067106,PAUSE
1262,0.000000,0.000000,0.159405,PAUSE
1263,0.000000,0.000000,0.306263,PAUSE
1264,0.000000,0.000000,0.470914,PAUSE
1265,0.000000,0.000000,0.621391,ALLOW
1266,0.000000,0.000000,0.741922,ALLOW
1267,0.000000,0.000000,0.830302,ALLOW
1268,1.000000,1.000000,0.359961,PAUSE
1269,0.000000,0.000000,0.239059,PAUSE
1270,1.000000,1.000000,0.105514,PAUSE
1271,0.000000,0.000000,0.093302,PAUSE
1272,0.000000,0.000000,0.174186,PAUSE
1273,0.000000,0.000000,0.316868,PAUSE
1274,0.000000,1.000000,0.144294,PAUSE
1275,1.000000,1.000000,0.061306,PAUSE
1276,0.000000,0.000000,0.052332,PAUSE
1277,0.000000,1.000000,0.025663,PAUSE
1278,0.000000,0.000000,0.043090,PAUSE
1279,0.000000,1.000000,0.022461,PAUSE
1280,1.000000,1.000000,0.010719,PAUSE
1281,0.000000,0.000000,0.022268,PAUSE
1282,0.000000,0.000000,0.082045,PAUSE
1283,0.000000,0.000000,0.202543,PAUSE
1284,0.000000,0.000000,0.362277,PAUSE
1285,1.000000,1.000000,0.163871,PAUSE
1286,0.000000,0.000000,0.141052,PAUSE
1287,0.000000,1.000000,0.065034,PAUSE
1288,0.000000,0.000000,0.073041,PAUSE
1289,0.000000,1.000000,0.035700,PAUSE
1290,0.000000,0.000000,0.053938,PAUSE
1291,0.000000,0.000000,0.139136,PAUSE
1292,0.000000,0.000000,0.281295,PAUSE
1293,0.000000,0.000000,0.446183,PAUSE
1294,1.000000,1.000000,0.199480,PAUSE
1295,1.000000,1.000000,0.083790,PAUSE
1296,0.000000,1.000000,0.034993,PAUSE
1297,0.000000,1.000000,0.014810,PAUSE
1298,1.000000,1.000000,0.006492,PAUSE
1299,1.000000,1.000000,0.003055,PAUSE
1300,0.000000,1.000000,0.001625,PAUSE
1301,1.000000,1.000000,0.001023,PAUSE
1302,0.000000,0.000000,0.007555,PAUSE
1303,1.000000,1.000000,0.005115,PAUSE
1304,0.000000,0.000000,0.022172,PAUSE
1305,0.000000,1.000000,0.012765,PAUSE
1306,0.000000,1.000000,0.006561,PAUSE
1307,0.000000,1.000000,0.003430,PAUSE
1308,1.000000,1.000000,0.001937,PAUSE
1309,0.000000,1.000000,0.001231,PAUSE
1310,0.000000,0.000000,0.008565,PAUSE
1311,0.000000,0.000000,0.048660,PAUSE
1312,0.000000,1.000000,0.025798,PAUSE
1313,1.000000,1.000000,0.012266,PAUSE
1314,0.000000,0.000000,0.024176,PAUSE
1315,1.000000,1.000000,0.013466,PAUSE
1316,0.000000,0.000000,0.034150,PAUSE
1317,0.000000,1.000000,0.018487,PAUSE
1318,1.000000,1.000000,0.009049,PAUSE
1319,0.000000,0.000000,0.021094,PAUSE
1320,0.000000,0.000000,0.080334,PAUSE
1321,0.000000,0.000000,0.200125,PAUSE
1322,0.000000,0.000000,0.359582,PAUSE
1323,1.000000,1.000000,0.162723,PAUSE
1324,1.000000,1.000000,0.068840,PAUSE
1325,0.000000,0.000000,0.056094,PAUSE
1326,0.000000,0.000000,0.118976,PAUSE
1327,1.000000,1.000000,0.057572,PAUSE
1328,1.000000,1.000000,0.025587,PAUSE
1329,0.000000,0.000000,0.032933,PAUSE
1330,0.000000,0.000000,0.097285,PAUSE
1331,0.000000,0.000000,0.223490,PAUSE
1332,0.000000,0.000000,0.385174,PAUSE
1333,0.000000,0.000000,0.546570,ALLOW
1334,0.000000,0.000000,0.683748,ALLOW
1335,0.000000,0.000000,0.788490,ALLOW
1336,0.000000,0.000000,0.862840,ALLOW
1337,0.000000,0.000000,0.913027,ALLOW
1338,0.000000,0.000000,0.945733,ALLOW
1339,0.000000,0.000000,0.966530,ALLOW
1340,1.000000,1.000000,0.416131,PAUSE
1341,0.000000,0.000000,0.264927,PAUSE
1342,0.000000,0.000000,0.308859,PAUSE
1343,1.000000,1.000000,0.139129,PAUSE
1344,0.000000,0.000000,0.122779,PAUSE
1345,1.000000,1.000000,0.057138,PAUSE
1346,1.000000,1.000000,0.025099,PAUSE
1347,0.000000,1.000000,0.011085,PAUSE
1348,0.000000,1.000000,0.005094,PAUSE
1349,1.000000,1.000000,0.002539,PAUSE
1350,0.000000,1.000000,0.001441,PAUSE
1351,0.000000,0.000000,0.008310,PAUSE
1352,0.000000,1.000000,0.005519,PAUSE
1353,0.000000,0.000000,0.022914,PAUSE
1354,1.000000,1.000000,0.013129,PAUSE
1355,1.000000,1.000000,0.006721,PAUSE
1356,0.000000,0.000000,0.018966,PAUSE
1357,0.000000,0.000000,0.076485,PAUSE
1358,1.000000,1.000000,0.038747,PAUSE
1359,0.000000,0.000000,0.061002,PAUSE
1360,0.000000,0.000000,0.152070,PAUSE
1361,1.000000,1.000000,0.072632,PAUSE
1362,0.000000,0.000000,0.085870,PAUSE
1363,0.000000,0.000000,0.180212,PAUSE
1364,0.000000,0.000000,0.328905,PAUSE
1365,1.000000,1.000000,0.149516,PAUSE
1366,0.000000,0.000000,0.132879,PAUSE
1367,0.000000,0.000000,0.222785,PAUSE
1368,0.000000,0.000000,0.370283,PAUSE
1369,0.000000,0.000000,0.528865,ALLOW
1370,0.000000,1.000000,0.234284,PAUSE
1371,0.000000,0.000000,0.177915,PAUSE
1372,0.000000,1.000000,0.080361,PAUSE
1373,1.000000,1.000000,0.034580,PAUSE
1374,0.000000,0.000000,0.035870,PAUSE
1375,0.000000,0.000000,0.096983,PAUSE
1376,0.000000,0.000000,0.221417,PAUSE
1377,0.000000,1.000000,0.103199,PAUSE
1378,0.000000,1.000000,0.044498,PAUSE
1379,1.000000,1.000000,0.019096,PAUSE
1380,0.000000,1.000000,0.008390,PAUSE
1381,0.000000,0.000000,0.014244,PAUSE
1382,1.000000,1.000000,0.008392,PAUSE
1383,1.000000,1.000000,0.004523,PAUSE
1384,0.000000,0.000000,0.015976,PAUSE
1385,0.000000,0.000000,0.069782,PAUSE
1386,0.000000,0.000000,0.183681,PAUSE
1387,0.000000,0.000000,0.340617,PAUSE
1388,1.000000,1.000000,0.154630,PAUSE
1389,0.000000,0.000000,0.135969,PAUSE
1390,0.000000,0.000000,0.225472,PAUSE
1391,0.000000,0.000000,0.372798,PAUSE
1392,1.000000,1.000000,0.168134,PAUSE
1393,0.000000,0.000000,0.142887,PAUSE
1394,0.000000,0.000000,0.230331,PAUSE
1395,0.000000,0.000000,0.376810,PAUSE
1396,0.000000,0.000000,0.534319,ALLOW
1397,0.000000,0.000000,0.672486,ALLOW
1398,0.000000,0.000000,0.779748,ALLOW
1399,0.000000,1.000000,0.339020,PAUSE
1400,0.000000,0.000000,0.229201,PAUSE
1401,0.000000,0.000000,0.288472,PAUSE
1402,0.000000,0.000000,0.422761,PAUSE
1403,1.000000,1.000000,0.189102,PAUSE
1404,1.000000,1.000000,0.079522,PAUSE
1405,1.000000,1.000000,0.033260,PAUSE
1406,0.000000,0.000000,0.029459,PAUSE
1407,0.000000,0.000000,0.080372,PAUSE
1408,0.000000,1.000000,0.040279,PAUSE
1409,0.000000,0.000000,0.061541,PAUSE
1410,0.000000,0.000000,0.152161,PAUSE
1411,0.000000,0.000000,0.297815,PAUSE
1412,0.000000,0.000000,0.462728,PAUSE
1413,0.000000,0.000000,0.614522,ALLOW
1414,1.000000,1.000000,0.270250,PAUSE
1415,0.000000,1.000000,0.112478,PAUSE
1416,0.000000,0.000000,0.076324,PAUSE
1417,0.000000,0.000000,0.132592,PAUSE
1418,0.000000,1.000000,0.063357,PAUSE
1419,0.000000,1.000000,0.027953,PAUSE
1420,0.000000,0.000000,0.034154,PAUSE
1421,0.000000,0.000000,0.098383,PAUSE
1422,0.000000,0.000000,0.224730,PAUSE
1423,1.000000,1.000000,0.104656,PAUSE
1424,1.000000,1.000000,0.045098,PAUSE
1425,0.000000,0.000000,0.044173,PAUSE
1426,0.000000,0.000000,0.109203,PAUSE
1427,1.000000,1.000000,0.053349,PAUSE
1428,1.000000,1.000000,0.023849,PAUSE
1429,0.000000,0.000000,0.031979,PAUSE
1430,0.000000,0.000000,0.096325,PAUSE
1431,0.000000,0.000000,0.222344,PAUSE
1432,0.000000,0.000000,0.383982,PAUSE
1433,0.000000,1.000000,0.173105,PAUSE
1434,0.000000,0.000000,0.146057,PAUSE
1435,0.000000,0.000000,0.233218,PAUSE
1436,0.000000,0.000000,0.379558,PAUSE
1437,0.000000,1.000000,0.170985,PAUSE
1438,0.000000,1.000000,0.072177,PAUSE
1439,1.000000,1.000000,0.030300,PAUSE
1440,0.000000,0.000000,0.028127,PAUSE
1441,0.000000,0.000000,0.079461,PAUSE
1442,0.000000,0.000000,0.194552,PAUSE
1443,0.000000,0.000000,0.352106,PAUSE
1444,0.000000,0.000000,0.515972,ALLOW
1445,0.000000,0.000000,0.659046,ALLOW
1446,0.000000,0.000000,0.770285,ALLOW
1447,0.000000,0.000000,0.850232,ALLOW
1448,0.000000,0.000000,0.904661,ALLOW
1449,1.000000,1.000000,0.390666,PAUSE
1450,1.000000,1.000000,0.161097,PAUSE
1451,0.000000,1.000000,0.066094,PAUSE
1452,0.000000,1.000000,0.027308,PAUSE
1453,1.000000,1.000000,0.011515,PAUSE
1454,0.000000,0.000000,0.014037,PAUSE
1455,0.000000,0.000000,0.055274,PAUSE
1456,0.000000,0.000000,0.156652,PAUSE
1457,0.000000,0.000000,0.307328,PAUSE
1458,0.000000,0.000000,0.473204,PAUSE
1459,0.000000,0.000000,0.623696,ALLOW
1460,0.000000,1.000000,0.274089,PAUSE
1461,0.000000,1.000000,0.114031,PAUSE
1462,1.000000,1.000000,0.047176,PAUSE
1463,0.000000,0.000000,0.035767,PAUSE
1464,0.000000,0.000000,0.084765,PAUSE
1465,0.000000,0.000000,0.199872,PAUSE
1466,1.000000,1.000000,0.093765,PAUSE
1467,1.000000,1.000000,0.040615,PAUSE
1468,0.000000,0.000000,0.041763,PAUSE
1469,0.000000,1.000000,0.021197,PAUSE
1470,0.000000,0.000000,0.040302,PAUSE
1471,0.000000,0.000000,0.119137,PAUSE
1472,0.000000,0.000000,0.256106,PAUSE
1473,0.000000,0.000000,0.420616,PAUSE
1474,0.000000,1.000000,0.188662,PAUSE
1475,0.000000,0.000000,0.154396,PAUSE
1476,0.000000,0.000000,0.239426,PAUSE
1477,1.000000,1.000000,0.110163,PAUSE
1478,0.000000,0.000000,0.108060,PAUSE
1479,0.000000,1.000000,0.051024,PAUSE
1480,0.000000,0.000000,0.064719,PAUSE
1481,0.000000,0.000000,0.151537,PAUSE
1482,0.000000,0.000000,0.295446,PAUSE
1483,0.000000,0.000000,0.459933,PAUSE
1484,0.000000,0.000000,0.612018,ALLOW
1485,0.000000,0.000000,0.734760,ALLOW
1486,0.000000,0.000000,0.825220,ALLOW
1487,1.000000,1.000000,0.357859,PAUSE
1488,0.000000,0.000000,0.238076,PAUSE
1489,0.000000,0.000000,0.293707,PAUSE
1490,1.000000,1.000000,0.132864,PAUSE
1491,0.000000,0.000000,0.119744,PAUSE
1492,0.000000,0.000000,0.208347,PAUSE
1493,0.000000,0.000000,0.355272,PAUSE
1494,0.000000,0.000000,0.515306,ALLOW
1495,0.000000,0.000000,0.657379,ALLOW
1496,0.000000,0.000000,0.768677,ALLOW
1497,0.000000,0.000000,0.848984,ALLOW
1498,0.000000,0.000000,0.903785,ALLOW
1499,0.000000,0.000000,0.939764,ALLOW
1500,1.000000,1.000000,0.405124,PAUSE
1501,0.000000,0.000000,0.259919,PAUSE
1502,0.000000,0.000000,0.306106,PAUSE
1503,0.000000,0.000000,0.434799,PAUSE
1504,0.000000,0.000000,0.579475,ALLOW
1505,0.000000,1.000000,0.255406,PAUSE
1506,0.000000,0.000000,0.188299,PAUSE
1507,0.000000,0.000000,0.262548,PAUSE
1508,0.000000,0.000000,0.403340,PAUSE
1509,0.000000,1.000000,0.180978,PAUSE
1510,1.000000,1.000000,0.076231,PAUSE
1511,1.000000,1.000000,0.031934,PAUSE
1512,0.000000,0.000000,0.028866,PAUSE
1513,0.000000,0.000000,0.079975,PAUSE
1514,0.000000,1.000000,0.040109,PAUSE
1515,0.000000,0.000000,0.061435,PAUSE
1516,1.000000,1.000000,0.030921,PAUSE
1517,0.000000,0.000000,0.051524,PAUSE
1518,0.000000,0.000000,0.137274,PAUSE
1519,0.000000,0.000000,0.279517,PAUSE
1520,0.000000,0.000000,0.444554,PAUSE
1521,0.000000,0.000000,0.599061,ALLOW
1522,0.000000,1.000000,0.263784,PAUSE
1523,1.000000,1.000000,0.109861,PAUSE
1524,0.000000,0.000000,0.075148,PAUSE
1525,0.000000,0.000000,0.131867,PAUSE
1526,0.000000,1.000000,0.063052,PAUSE
1527,1.000000,1.000000,0.027828,PAUSE
1528,0.000000,0.000000,0.034092,PAUSE
1529,0.000000,0.000000,0.098330,PAUSE
1530,0.000000,0.000000,0.224673,PAUSE
1531,0.000000,0.000000,0.386382,PAUSE
1532,0.000000,0.000000,0.547637,ALLOW
1533,1.000000,1.000000,0.242233,PAUSE
1534,0.000000,0.000000,0.182066,PAUSE
1535,1.000000,1.000000,0.082085,PAUSE
1536,1.000000,1.000000,0.035279,PAUSE
1537,0.000000,0.000000,0.036204,PAUSE
1538,0.000000,0.000000,0.097240,PAUSE
1539,0.000000,0.000000,0.221683,PAUSE
1540,0.000000,0.000000,0.382728,PAUSE
1541,0.000000,0.000000,0.544218,ALLOW
1542,0.000000,0.000000,0.681829,ALLOW
1543,0.000000,0.000000,0.787073,ALLOW
1544,0.000000,0.000000,0.861859,ALLOW
1545,0.000000,0.000000,0.912376,ALLOW
1546,1.000000,1.000000,0.393845,PAUSE
1547,0.000000,0.000000,0.254757,PAUSE
1548,0.000000,0.000000,0.303234,PAUSE
1549,0.000000,0.000000,0.432901,PAUSE
1550,0.000000,1.000000,0.193323,PAUSE
1551,0.000000,0.000000,0.155669,PAUSE
1552,0.000000,0.000000,0.239137,PAUSE
1553,1.000000,1.000000,0.110009,PAUSE
1554,0.000000,1.000000,0.047184,PAUSE
1555,1.000000,1.000000,0.020162,PAUSE
1556,0.000000,0.000000,0.023103,PAUSE
1557,0.000000,0.000000,0.074944,PAUSE
1558,1.000000,1.000000,0.037901,PAUSE
1559,0.000000,0.000000,0.059892,PAUSE
1560,0.000000,1.000000,0.030248,PAUSE
1561,0.000000,1.000000,0.014039,PAUSE
1562,0.000000,0.000000,0.024839,PAUSE
1563,0.000000,0.000000,0.086067,PAUSE
1564,0.000000,0.000000,0.208286,PAUSE
1565,0.000000,1.000000,0.097521,PAUSE
1566,1.000000,1.000000,0.042170,PAUSE
1567,0.000000,0.000000,0.042642,PAUSE
1568,0.000000,0.000000,0.107833,PAUSE
1569,1.000000,1.000000,0.052753,PAUSE
1570,0.000000,0.000000,0.071354,PAUSE
1571,0.000000,1.000000,0.035288,PAUSE
1572,0.000000,0.000000,0.054732,PAUSE
1573,1.000000,1.000000,0.027830,PAUSE
1574,0.000000,0.000000,0.048752,PAUSE
1575,0.000000,1.000000,0.025171,PAUSE
1576,0.000000,0.000000,0.046665,PAUSE
1577,1.000000,1.000000,0.024243,PAUSE
1578,0.000000,0.000000,0.045932,PAUSE
1579,0.000000,0.000000,0.129734,PAUSE
1580,0.000000,0.000000,0.270318,PAUSE
1581,0.000000,0.000000,0.435349,PAUSE
1582,0.000000,0.000000,0.591168,ALLOW
1583,0.000000,0.000000,0.718814,ALLOW
1584,0.000000,0.000000,0.813878,ALLOW
1585,0.000000,0.000000,0.880210,ALLOW
1586,0.000000,0.000000,0.924453,ALLOW
1587,1.000000,1.000000,0.398820,PAUSE
1588,1.000000,1.000000,0.164383,PAUSE
1589,0.000000,0.000000,0.099093,PAUSE
1590,1.000000,1.000000,0.044911,PAUSE
1591,0.000000,0.000000,0.053004,PAUSE
1592,0.000000,0.000000,0.130343,PAUSE
1593,0.000000,0.000000,0.267940,PAUSE
1594,1.000000,1.000000,0.123350,PAUSE
1595,0.000000,0.000000,0.117975,PAUSE
1596,0.000000,0.000000,0.210566,PAUSE
1597,0.000000,0.000000,0.359126,PAUSE
1598,0.000000,0.000000,0.519284,ALLOW
1599,0.000000,0.000000,0.660736,ALLOW
1600,1.000000,1.000000,0.289532,PAUSE
1601,0.000000,0.000000,0.205450,PAUSE
1602,0.000000,0.000000,0.273938,PAUSE
1603,0.000000,0.000000,0.412206,PAUSE
1604,1.000000,1.000000,0.184694,PAUSE
1605,0.000000,0.000000,0.151398,PAUSE
1606,0.000000,0.000000,0.236315,PAUSE
1607,0.000000,0.000000,0.381741,PAUSE
1608,0.000000,0.000000,0.538338,ALLOW
1609,0.000000,0.000000,0.675561,ALLOW
1610,0.000000,1.000000,0.295702,PAUSE
1611,0.000000,1.000000,0.122769,PAUSE
1612,0.000000,0.000000,0.080913,PAUSE
1613,0.000000,0.000000,0.135348,PAUSE
1614,0.000000,0.000000,0.262549,PAUSE
1615,0.000000,0.000000,0.423155,PAUSE
1616,1.000000,1.000000,0.189677,PAUSE
1617,1.000000,1.000000,0.079800,PAUSE
1618,1.000000,1.000000,0.033382,PAUSE
1619,0.000000,0.000000,0.029580,PAUSE
1620,0.000000,0.000000,0.080604,PAUSE
1621,1.000000,1.000000,0.040385,PAUSE
1622,0.000000,0.000000,0.061627,PAUSE
1623,1.000000,1.000000,0.031005,PAUSE
1624,0.000000,0.000000,0.051583,PAUSE
1625,0.000000,0.000000,0.137343,PAUSE
1626,0.000000,0.000000,0.279597,PAUSE
1627,0.000000,0.000000,0.444633,PAUSE
1628,0.000000,0.000000,0.599128,ALLOW
1629,0.000000,0.000000,0.724940,ALLOW
1630,0.000000,0.000000,0.818251,ALLOW
1631,1.000000,1.000000,0.354976,PAUSE
1632,1.000000,1.000000,0.146707,PAUSE
1633,0.000000,0.000000,0.091450,PAUSE
1634,0.000000,0.000000,0.141419,PAUSE
1635,1.000000,1.000000,0.067056,PAUSE
1636,0.000000,0.000000,0.079749,PAUSE
1637,0.000000,0.000000,0.171686,PAUSE
1638,1.000000,1.000000,0.081139,PAUSE
1639,0.000000,0.000000,0.091158,PAUSE
1640,0.000000,0.000000,0.185212,PAUSE
1641,0.000000,0.000000,0.333940,PAUSE
1642,0.000000,0.000000,0.496738,PAUSE
1643,0.000000,0.000000,0.642631,ALLOW
1644,1.000000,1.000000,0.281985,PAUSE
1645,1.000000,1.000000,0.117224,PAUSE
1646,0.000000,0.000000,0.078449,PAUSE
1647,1.000000,1.000000,0.036483,PAUSE
1648,0.000000,1.000000,0.016303,PAUSE
1649,0.000000,0.000000,0.024350,PAUSE
1650,1.000000,1.000000,0.013363,PAUSE
1651,0.000000,1.000000,0.006738,PAUSE
1652,0.000000,0.000000,0.018455,PAUSE
1653,0.000000,1.000000,0.010746,PAUSE
1654,0.000000,0.000000,0.031053,PAUSE
1655,0.000000,0.000000,0.105254,PAUSE
1656,1.000000,1.000000,0.051852,PAUSE
1657,0.000000,0.000000,0.071400,PAUSE
1658,0.000000,0.000000,0.164722,PAUSE
1659,1.000000,1.000000,0.078158,PAUSE
1660,0.000000,0.000000,0.089413,PAUSE
1661,0.000000,0.000000,0.183672,PAUSE
1662,0.000000,1.000000,0.086362,PAUSE
1663,0.000000,0.000000,0.094453,PAUSE
1664,0.000000,0.000000,0.188355,PAUSE
1665,1.000000,1.000000,0.088375,PAUSE
1666,0.000000,0.000000,0.095644,PAUSE
1667,1.000000,1.000000,0.045783,PAUSE
1668,0.000000,0.000000,0.061683,PAUSE
1669,1.000000,1.000000,0.030849,PAUSE
1670,0.000000,1.000000,0.014257,PAUSE
1671,0.000000,1.000000,0.006654,PAUSE
1672,1.000000,1.000000,0.003285,PAUSE
1673,0.000000,0.000000,0.011050,PAUSE
1674,0.000000,1.000000,0.006940,PAUSE
1675,0.000000,0.000000,0.025272,PAUSE
1676,0.000000,0.000000,0.093770,PAUSE
1677,0.000000,0.000000,0.221490,PAUSE
1678,0.000000,1.000000,0.103293,PAUSE
1679,0.000000,0.000000,0.106122,PAUSE
1680,0.000000,0.000000,0.200291,PAUSE
1681,0.000000,0.000000,0.349391,PAUSE
1682,1.000000,1.000000,0.158227,PAUSE
1683,0.000000,0.000000,0.137620,PAUSE
1684,0.000000,0.000000,0.226426,PAUSE
1685,0.000000,0.000000,0.373471,PAUSE
1686,0.000000,0.000000,0.531544,ALLOW
1687,0.000000,1.000000,0.235406,PAUSE
1688,0.000000,0.000000,0.178475,PAUSE
1689,1.000000,1.000000,0.080593,PAUSE
1690,0.000000,0.000000,0.081171,PAUSE
1691,1.000000,1.000000,0.039108,PAUSE
1692,1.000000,1.000000,0.017646,PAUSE
1693,0.000000,0.000000,0.026659,PAUSE
1694,1.000000,1.000000,0.014498,PAUSE
1695,0.000000,0.000000,0.034739,PAUSE
1696,0.000000,0.000000,0.111206,PAUSE
1697,0.000000,0.000000,0.245928,PAUSE
1698,1.000000,1.000000,0.113890,PAUSE
1699,0.000000,0.000000,0.112511,PAUSE
1700,0.000000,0.000000,0.205969,PAUSE
1701,0.000000,0.000000,0.354845,PAUSE
1702,0.000000,0.000000,0.515566,ALLOW
1703,0.000000,0.000000,0.657796,ALLOW
1704,1.000000,1.000000,0.288307,PAUSE
1705,0.000000,0.000000,0.204857,PAUSE
1706,0.000000,0.000000,0.273568,PAUSE
1707,1.000000,1.000000,0.124488,PAUSE
1708,0.000000,1.000000,0.053069,PAUSE
1709,0.000000,0.000000,0.047549,PAUSE
1710,0.000000,0.000000,0.110948,PAUSE
1711,0.000000,0.000000,0.239063,PAUSE
1712,0.000000,1.000000,0.110830,PAUSE
1713,0.000000,0.000000,0.110469,PAUSE
1714,0.000000,0.000000,0.203970,PAUSE
1715,0.000000,0.000000,0.352842,PAUSE
1716,0.000000,0.000000,0.513775,ALLOW
1717,0.000000,0.000000,0.656360,ALLOW
1718,0.000000,0.000000,0.767996,ALLOW
1719,0.000000,0.000000,0.848537,ALLOW
1720,0.000000,0.000000,0.903496,ALLOW
1721,0.000000,1.000000,0.390184,PAUSE
1722,0.000000,1.000000,0.160903,PAUSE
1723,0.000000,0.000000,0.097596,PAUSE
1724,0.000000,0.000000,0.144773,PAUSE
1725,0.000000,0.000000,0.269643,PAUSE
1726,0.000000,0.000000,0.429027,PAUSE
1727,0.000000,0.000000,0.583994,ALLOW
1728,1.000000,1.000000,0.257451,PAUSE
1729,0.000000,0.000000,0.189636,PAUSE
1730,0.000000,0.000000,0.263759,PAUSE
1731,0.000000,0.000000,0.404470,PAUSE
1732,0.000000,0.000000,0.556822,ALLOW
1733,0.000000,1.000000,0.245975,PAUSE
1734,0.000000,1.000000,0.102638,PAUSE
1735,0.000000,0.000000,0.071829,PAUSE
1736,0.000000,0.000000,0.129695,PAUSE
1737,0.000000,0.000000,0.257827,PAUSE
1738,0.000000,1.000000,0.118857,PAUSE
1739,0.000000,1.000000,0.050903,PAUSE
1740,0.000000,1.000000,0.021692,PAUSE
1741,0.000000,0.000000,0.024015,PAUSE
1742,0.000000,1.000000,0.012916,PAUSE
1743,0.000000,0.000000,0.031662,PAUSE
1744,1.000000,1.000000,0.017260,PAUSE
1745,1.000000,1.000000,0.008510,PAUSE
1746,0.000000,0.000000,0.020571,PAUSE
1747,0.000000,0.000000,0.079364,PAUSE
1748,0.000000,0.000000,0.198667,PAUSE
1749,0.000000,0.000000,0.357929,PAUSE
1750,0.000000,0.000000,0.521720,ALLOW
1751,0.000000,0.000000,0.663815,ALLOW
1752,1.000000,1.000000,0.290834,PAUSE
1753,0.000000,1.000000,0.120804,PAUSE
1754,0.000000,0.000000,0.080051,PAUSE
1755,0.000000,0.000000,0.134854,PAUSE
1756,0.000000,0.000000,0.262171,PAUSE
1757,0.000000,0.000000,0.422838,PAUSE
1758,0.000000,0.000000,0.579049,ALLOW
1759,0.000000,0.000000,0.709012,ALLOW
1760,0.000000,1.000000,0.309648,PAUSE
1761,0.000000,1.000000,0.128407,PAUSE
1762,0.000000,0.000000,0.083421,PAUSE
1763,0.000000,1.000000,0.038520,PAUSE
1764,0.000000,0.000000,0.049956,PAUSE
1765,0.000000,0.000000,0.128204,PAUSE
1766,1.000000,1.000000,0.061972,PAUSE
1767,0.000000,0.000000,0.078324,PAUSE
1768,0.000000,0.000000,0.172078,PAUSE
1769,0.000000,1.000000,0.081347,PAUSE
1770,0.000000,0.000000,0.091386,PAUSE
1771,0.000000,0.000000,0.185524,PAUSE
1772,1.000000,1.000000,0.087158,PAUSE
1773,0.000000,1.000000,0.037854,PAUSE
1774,0.000000,0.000000,0.040070,PAUSE
1775,0.000000,0.000000,0.105004,PAUSE
1776,0.000000,0.000000,0.232910,PAUSE
1777,1.000000,1.000000,0.108191,PAUSE
1778,1.000000,1.000000,0.046546,PAUSE
1779,0.000000,0.000000,0.044919,PAUSE
1780,0.000000,0.000000,0.109851,PAUSE
1781,0.000000,0.000000,0.238567,PAUSE
1782,1.000000,1.000000,0.110629,PAUSE
1783,1.000000,1.000000,0.047544,PAUSE
1784,0.000000,0.000000,0.045428,PAUSE
1785,1.000000,1.000000,0.022757,PAUSE
1786,1.000000,1.000000,0.010707,PAUSE
1787,0.000000,0.000000,0.021438,PAUSE
1788,0.000000,0.000000,0.079681,PAUSE
1789,0.000000,1.000000,0.040181,PAUSE
1790,0.000000,0.000000,0.062095,PAUSE
1791,0.000000,0.000000,0.153380,PAUSE
1792,1.000000,1.000000,0.073204,PAUSE
1793,0.000000,1.000000,0.032117,PAUSE
1794,0.000000,0.000000,0.036994,PAUSE
1795,0.000000,1.000000,0.019143,PAUSE
1796,0.000000,0.000000,0.038855,PAUSE
1797,1.000000,1.000000,0.020610,PAUSE
1798,0.000000,1.000000,0.009947,PAUSE
1799,1.000000,1.000000,0.004864,PAUSE
1800,0.000000,1.000000,0.002544,PAUSE
1801,0.000000,1.000000,0.001490,PAUSE
1802,0.000000,0.000000,0.008835,PAUSE
1803,0.000000,0.000000,0.049326,PAUSE
1804,0.000000,1.000000,0.026111,PAUSE
1805,0.000000,0.000000,0.049724,PAUSE
1806,0.000000,0.000000,0.136776,PAUSE
1807,0.000000,0.000000,0.279574,PAUSE
1808,0.000000,0.000000,0.444805,PAUSE
1809,0.000000,0.000000,0.599334,ALLOW
1810,1.000000,1.000000,0.263900,PAUSE
1811,0.000000,0.000000,0.192893,PAUSE
1812,0.000000,1.000000,0.086556,PAUSE
1813,1.000000,1.000000,0.037090,PAUSE
1814,1.000000,1.000000,0.015942,PAUSE
1815,1.000000,1.000000,0.007060,PAUSE
1816,0.000000,1.000000,0.003336,PAUSE
1817,0.000000,0.000000,0.009979,PAUSE
1818,0.000000,0.000000,0.051123,PAUSE
1819,0.000000,1.000000,0.026941,PAUSE
1820,0.000000,0.000000,0.050466,PAUSE
1821,0.000000,0.000000,0.137803,PAUSE
1822,1.000000,1.000000,0.066358,PAUSE
1823,0.000000,0.000000,0.081707,PAUSE
1824,0.000000,1.000000,0.039817,PAUSE
1825,0.000000,0.000000,0.057930,PAUSE
1826,0.000000,1.000000,0.029230,PAUSE
1827,0.000000,0.000000,0.049770,PAUSE
1828,0.000000,0.000000,0.134634,PAUSE
1829,0.000000,1.000000,0.064924,PAUSE
1830,0.000000,0.000000,0.080642,PAUSE
1831,1.000000,1.000000,0.039353,PAUSE
1832,0.000000,0.000000,0.057609,PAUSE
1833,0.000000,0.000000,0.144492,PAUSE
1834,0.000000,0.000000,0.287885,PAUSE
1835,0.000000,1.000000,0.131962,PAUSE
1836,1.000000,1.000000,0.056282,PAUSE
1837,0.000000,0.000000,0.049895,PAUSE
1838,0.000000,0.000000,0.114091,PAUSE
1839,0.000000,1.000000,0.055468,PAUSE
1840,0.000000,1.000000,0.024722,PAUSE
1841,0.000000,0.000000,0.032464,PAUSE
1842,0.000000,0.000000,0.096823,PAUSE
1843,0.000000,0.000000,0.222944,PAUSE
1844,0.000000,1.000000,0.103886,PAUSE
1845,0.000000,0.000000,0.106389,PAUSE
1846,0.000000,0.000000,0.200441,PAUSE
1847,0.000000,0.000000,0.349495,PAUSE
1848,0.000000,0.000000,0.510837,ALLOW
1849,0.000000,0.000000,0.654024,ALLOW
1850,0.000000,0.000000,0.766280,ALLOW
1851,0.000000,0.000000,0.847348,ALLOW
1852,0.000000,0.000000,0.902706,ALLOW
1853,0.000000,0.000000,0.939072,ALLOW
1854,0.000000,0.000000,0.962324,ALLOW
1855,0.000000,0.000000,0.976911,ALLOW
1856,0.000000,0.000000,0.985940,ALLOW
1857,0.000000,0.000000,0.991477,ALLOW
1858,0.000000,0.000000,0.994850,ALLOW
1859,1.000000,1.000000,0.427760,PAUSE
1860,1.000000,1.000000,0.176037,PAUSE
1861,0.000000,0.000000,0.104074,PAUSE
1862,0.000000,1.000000,0.046934,PAUSE
1863,0.000000,0.000000,0.053934,PAUSE
1864,0.000000,1.000000,0.027018,PAUSE
1865,1.000000,1.000000,0.012586,PAUSE
1866,0.000000,0.000000,0.023284,PAUSE
1867,0.000000,0.000000,0.083106,PAUSE
1868,0.000000,1.000000,0.041738,PAUSE
1869,0.000000,1.000000,0.019017,PAUSE
1870,1.000000,1.000000,0.008673,PAUSE
1871,0.000000,0.000000,0.016897,PAUSE
1872,1.000000,1.000000,0.009815,PAUSE
1873,0.000000,0.000000,0.029182,PAUSE
1874,0.000000,0.000000,0.101350,PAUSE
1875,1.000000,1.000000,0.050090,PAUSE
1876,0.000000,0.000000,0.070068,PAUSE
1877,1.000000,1.000000,0.034756,PAUSE
1878,0.000000,1.000000,0.015921,PAUSE
1879,0.000000,1.000000,0.007349,PAUSE
1880,0.000000,0.000000,0.015708,PAUSE
1881,0.000000,1.000000,0.009248,PAUSE
1882,0.000000,0.000000,0.028502,PAUSE
1883,0.000000,0.000000,0.100108,PAUSE
1884,0.000000,0.000000,0.230605,PAUSE
1885,0.000000,0.000000,0.393738,PAUSE
1886,0.000000,0.000000,0.554531,ALLOW
1887,0.000000,0.000000,0.690149,ALLOW
1888,0.000000,0.000000,0.793184,ALLOW
1889,0.000000,1.000000,0.344597,PAUSE
1890,1.000000,1.000000,0.142519,PAUSE
1891,0.000000,0.000000,0.089624,PAUSE
1892,0.000000,0.000000,0.140400,PAUSE
1893,0.000000,0.000000,0.266467,PAUSE
1894,0.000000,0.000000,0.426457,PAUSE
1895,1.000000,1.000000,0.191064,PAUSE
1896,0.000000,0.000000,0.155508,PAUSE
1897,0.000000,0.000000,0.240075,PAUSE
1898,0.000000,1.000000,0.110432,PAUSE
1899,0.000000,0.000000,0.108194,PAUSE
1900,1.000000,1.000000,0.051079,PAUSE
1901,0.000000,0.000000,0.064748,PAUSE
1902,0.000000,0.000000,0.151560,PAUSE
1903,1.000000,1.000000,0.072316,PAUSE
1904,1.000000,1.000000,0.031739,PAUSE
1905,0.000000,1.000000,0.013892,PAUSE
1906,0.000000,0.000000,0.019944,PAUSE
1907,0.000000,0.000000,0.071957,PAUSE
1908,0.000000,0.000000,0.185417,PAUSE
1909,0.000000,0.000000,0.342202,PAUSE
1910,0.000000,0.000000,0.506858,ALLOW
1911,1.000000,1.000000,0.225094,PAUSE
1912,1.000000,1.000000,0.094186,PAUSE
1913,1.000000,1.000000,0.039185,PAUSE
1914,0.000000,0.000000,0.032222,PAUSE
1915,0.000000,0.000000,0.082473,PAUSE
1916,0.000000,0.000000,0.197717,PAUSE
1917,1.000000,1.000000,0.092841,PAUSE
1918,1.000000,1.000000,0.040237,PAUSE
1919,0.000000,0.000000,0.041570,PAUSE
1920,0.000000,0.000000,0.106772,PAUSE
1921,0.000000,0.000000,0.235116,PAUSE
1922,0.000000,0.000000,0.397291,PAUSE
1923,0.000000,0.000000,0.557332,ALLOW
1924,1.000000,1.000000,0.246299,PAUSE
1925,0.000000,0.000000,0.184106,PAUSE
1926,0.000000,1.000000,0.082928,PAUSE
1927,0.000000,0.000000,0.082370,PAUSE
1928,0.000000,0.000000,0.166741,PAUSE
1929,0.000000,0.000000,0.310545,PAUSE
1930,0.000000,1.000000,0.141622,PAUSE
1931,0.000000,0.000000,0.128370,PAUSE
1932,0.000000,0.000000,0.219093,PAUSE
1933,0.000000,0.000000,0.366924,PAUSE
1934,0.000000,1.000000,0.165650,PAUSE
1935,0.000000,1.000000,0.070010,PAUSE
1936,1.000000,1.000000,0.029425,PAUSE
1937,0.000000,0.000000,0.027726,PAUSE
1938,0.000000,0.000000,0.079169,PAUSE
1939,0.000000,1.000000,0.039762,PAUSE
1940,0.000000,1.000000,0.018161,PAUSE
1941,0.000000,0.000000,0.028313,PAUSE
1942,0.000000,1.000000,0.015328,PAUSE
1943,0.000000,0.000000,0.035824,PAUSE
1944,0.000000,1.000000,0.019250,PAUSE
1945,0.000000,0.000000,0.041308,PAUSE
1946,1.000000,1.000000,0.021823,PAUSE
1947,0.000000,1.000000,0.010479,PAUSE
1948,0.000000,0.000000,0.022264,PAUSE
1949,0.000000,0.000000,0.082267,PAUSE
1950,0.000000,0.000000,0.202943,PAUSE
1951,0.000000,0.000000,0.362747,PAUSE
1952,0.000000,0.000000,0.526175,ALLOW
1953,0.000000,0.000000,0.667419,ALLOW
1954,0.000000,1.000000,0.292336,PAUSE
1955,0.000000,1.000000,0.121411,PAUSE
1956,0.000000,0.000000,0.080321,PAUSE
1957,0.000000,0.000000,0.135015,PAUSE
1958,0.000000,0.000000,0.262300,PAUSE
1959,0.000000,0.000000,0.422949,PAUSE
1960,0.000000,0.000000,0.579139,ALLOW
1961,0.000000,0.000000,0.709080,ALLOW
1962,1.000000,1.000000,0.309677,PAUSE
1963,0.000000,0.000000,0.215217,PAUSE
1964,0.000000,0.000000,0.280031,PAUSE
1965,0.000000,0.000000,0.416708,PAUSE
1966,0.000000,0.000000,0.566241,ALLOW
1967,0.000000,0.000000,0.696616,ALLOW
1968,0.000000,0.000000,0.796952,ALLOW
1969,1.000000,1.000000,0.346142,PAUSE
1970,0.000000,0.000000,0.232545,PAUSE
1971,0.000000,0.000000,0.290434,PAUSE
1972,1.000000,1.000000,0.131506,PAUSE
1973,0.000000,0.000000,0.119072,PAUSE
1974,0.000000,1.000000,0.055608,PAUSE
1975,0.000000,0.000000,0.067162,PAUSE
1976,0.000000,1.000000,0.033172,PAUSE
1977,0.000000,1.000000,0.015211,PAUSE
1978,0.000000,0.000000,0.025325,PAUSE
1979,0.000000,0.000000,0.086302,PAUSE
1980,0.000000,0.000000,0.208437,PAUSE
1981,1.000000,1.000000,0.097584,PAUSE
1982,0.000000,1.000000,0.042195,PAUSE
1983,0.000000,0.000000,0.042654,PAUSE
1984,0.000000,1.000000,0.021581,PAUSE
1985,0.000000,0.000000,0.040572,PAUSE
1986,0.000000,1.000000,0.021369,PAUSE
1987,0.000000,0.000000,0.043049,PAUSE
1988,1.000000,1.000000,0.022604,PAUSE
1989,0.000000,0.000000,0.044515,PAUSE
1990,0.000000,1.000000,0.023280,PAUSE
1991,0.000000,1.000000,0.011096,PAUSE
1992,1.000000,1.000000,0.005349,PAUSE
1993,0.000000,0.000000,0.014351,PAUSE
1994,0.000000,0.000000,0.063727,PAUSE
1995,1.000000,1.000000,0.032842,PAUSE
1996,1.000000,1.000000,0.015266,PAUSE
1997,1.000000,1.000000,0.007119,PAUSE
1998,0.000000,0.000000,0.015862,PAUSE
1999,0.000000,0.000000,0.066590,PAUSE
2000,1.000000,1.000000,0.034158,PAUSE
2001,0.000000,0.000000,0.057020,PAUSE
2002,0.000000,1.000000,0.028983,PAUSE
2003,0.000000,1.000000,0.013511,PAUSE
2004,0.000000,0.000000,0.024499,PAUSE
2005,0.000000,0.000000,0.085623,PAUSE
2006,0.000000,1.000000,0.042884,PAUSE
2007,0.000000,0.000000,0.064253,PAUSE
2008,1.000000,1.000000,0.032190,PAUSE
2009,1.000000,1.000000,0.014852,PAUSE
2010,1.000000,1.000000,0.006909,PAUSE
2011,0.000000,1.000000,0.003394,PAUSE
2012,0.000000,0.000000,0.011156,PAUSE
2013,0.000000,0.000000,0.055274,PAUSE
2014,0.000000,0.000000,0.158517,PAUSE
2015,0.000000,0.000000,0.310104,PAUSE
2016,0.000000,0.000000,0.476054,PAUSE
2017,0.000000,0.000000,0.626130,ALLOW
2018,0.000000,0.000000,0.745649,ALLOW
2019,0.000000,0.000000,0.832981,ALLOW
2020,0.000000,1.000000,0.361070,PAUSE
2021,0.000000,0.000000,0.239579,PAUSE
2022,1.000000,1.000000,0.105727,PAUSE
2023,0.000000,1.000000,0.044835,PAUSE
2024,0.000000,0.000000,0.040562,PAUSE
2025,0.000000,0.000000,0.100179,PAUSE
2026,0.000000,0.000000,0.224440,PAUSE
2027,1.000000,1.000000,0.104492,PAUSE
2028,0.000000,0.000000,0.106650,PAUSE
2029,0.000000,0.000000,0.200574,PAUSE
2030,0.000000,0.000000,0.349577,PAUSE
2031,0.000000,0.000000,0.510895,ALLOW
2032,1.000000,1.000000,0.226747,PAUSE
2033,1.000000,1.000000,0.094852,PAUSE
2034,0.000000,0.000000,0.068301,PAUSE
2035,1.000000,1.000000,0.032306,PAUSE
2036,0.000000,0.000000,0.046800,PAUSE
2037,1.000000,1.000000,0.024045,PAUSE
2038,0.000000,0.000000,0.044860,PAUSE
2039,0.000000,0.000000,0.127464,PAUSE
2040,0.000000,0.000000,0.267236,PAUSE
2041,1.000000,1.000000,0.123088,PAUSE
2042,0.000000,0.000000,0.117922,PAUSE
2043,0.000000,0.000000,0.210618,PAUSE
2044,0.000000,0.000000,0.359221,PAUSE
2045,0.000000,0.000000,0.519383,ALLOW
2046,0.000000,0.000000,0.660819,ALLOW
2047,0.000000,0.000000,0.771268,ALLOW
2048,1.000000,1.000000,0.335507,PAUSE
2049,0.000000,0.000000,0.227543,PAUSE
2050,0.000000,1.000000,0.100799,PAUSE
2051,0.000000,0.000000,0.091079,PAUSE
2052,0.000000,1.000000,0.043219,PAUSE
2053,0.000000,0.000000,0.058051,PAUSE
2054,0.000000,0.000000,0.142736,PAUSE
2055,0.000000,1.000000,0.068440,PAUSE
2056,0.000000,0.000000,0.082859,PAUSE
2057,0.000000,1.000000,0.040303,PAUSE
2058,0.000000,1.000000,0.018217,PAUSE
2059,0.000000,0.000000,0.027426,PAUSE
2060,0.000000,0.000000,0.089256,PAUSE
2061,0.000000,0.000000,0.212498,PAUSE
2062,0.000000,1.000000,0.099350,PAUSE
2063,0.000000,0.000000,0.103622,PAUSE
2064,0.000000,0.000000,0.197939,PAUSE
2065,1.000000,1.000000,0.092513,PAUSE
2066,0.000000,0.000000,0.098142,PAUSE
2067,0.000000,0.000000,0.191677,PAUSE
2068,0.000000,0.000000,0.340356,PAUSE
2069,1.000000,1.000000,0.154382,PAUSE
2070,0.000000,0.000000,0.135523,PAUSE
2071,0.000000,0.000000,0.224812,PAUSE
2072,1.000000,1.000000,0.103971,PAUSE
2073,0.000000,0.000000,0.104656,PAUSE
2074,0.000000,0.000000,0.197152,PAUSE
2075,0.000000,1.000000,0.092136,PAUSE
2076,0.000000,0.000000,0.097822,PAUSE
2077,0.000000,1.000000,0.046705,PAUSE
2078,1.000000,1.000000,0.020850,PAUSE
2079,0.000000,0.000000,0.028893,PAUSE
2080,0.000000,0.000000,0.090806,PAUSE
2081,1.000000,1.000000,0.045189,PAUSE
2082,0.000000,0.000000,0.065930,PAUSE
2083,0.000000,0.000000,0.157960,PAUSE
2084,0.000000,0.000000,0.304613,PAUSE
2085,0.000000,0.000000,0.469328,PAUSE
2086,1.000000,1.000000,0.209256,PAUSE
2087,0.000000,0.000000,0.165177,PAUSE
2088,0.000000,0.000000,0.247152,PAUSE
2089,1.000000,1.000000,0.113419,PAUSE
2090,0.000000,0.000000,0.109803,PAUSE
2091,0.000000,0.000000,0.201223,PAUSE
2092,0.000000,0.000000,0.349209,PAUSE
2093,1.000000,1.000000,0.158132,PAUSE
2094,0.000000,0.000000,0.137527,PAUSE
2095,0.000000,0.000000,0.226312,PAUSE
2096,0.000000,0.000000,0.373350,PAUSE
2097,0.000000,0.000000,0.531434,ALLOW
2098,0.000000,0.000000,0.670255,ALLOW
2099,1.000000,1.000000,0.293495,PAUSE
2100,0.000000,0.000000,0.207366,PAUSE
2101,0.000000,0.000000,0.275129,PAUSE
2102,0.000000,1.000000,0.125139,PAUSE
2103,0.000000,0.000000,0.115885,PAUSE
2104,1.000000,1.000000,0.054287,PAUSE
2105,0.000000,0.000000,0.066478,PAUSE
2106,0.000000,0.000000,0.153010,PAUSE
2107,0.000000,0.000000,0.296898,PAUSE
2108,0.000000,1.000000,0.135811,PAUSE
2109,0.000000,1.000000,0.057852,PAUSE
2110,0.000000,0.000000,0.050666,PAUSE
2111,1.000000,1.000000,0.024968,PAUSE
2112,0.000000,0.000000,0.042690,PAUSE
2113,0.000000,1.000000,0.022290,PAUSE
2114,0.000000,0.000000,0.043713,PAUSE
2115,0.000000,1.000000,0.022896,PAUSE
2116,0.000000,0.000000,0.044741,PAUSE
2117,0.000000,1.000000,0.023381,PAUSE
2118,0.000000,1.000000,0.011138,PAUSE
2119,0.000000,0.000000,0.022752,PAUSE
2120,0.000000,1.000000,0.012780,PAUSE
2121,0.000000,0.000000,0.033344,PAUSE
2122,0.000000,0.000000,0.109212,PAUSE
2123,0.000000,1.000000,0.053625,PAUSE
2124,0.000000,0.000000,0.072701,PAUSE
2125,0.000000,1.000000,0.035907,PAUSE
2126,0.000000,0.000000,0.055268,PAUSE
2127,0.000000,0.000000,0.141872,PAUSE
2128,0.000000,1.000000,0.068109,PAUSE
2129,0.000000,0.000000,0.082768,PAUSE
2130,0.000000,0.000000,0.176971,PAUSE
2131,0.000000,0.000000,0.325490,PAUSE
2132,0.000000,0.000000,0.489018,PAUSE
2133,0.000000,0.000000,0.636353,ALLOW
2134,0.000000,0.000000,0.753165,ALLOW
2135,0.000000,0.000000,0.838205,ALLOW
2136,0.000000,0.000000,0.896608,ALLOW
2137,0.000000,0.000000,0.935130,ALLOW
2138,1.000000,1.000000,0.403216,PAUSE
2139,0.000000,0.000000,0.259049,PAUSE
2140,0.000000,0.000000,0.305625,PAUSE
2141,1.000000,1.000000,0.137795,PAUSE
2142,0.000000,0.000000,0.122140,PAUSE
2143,1.000000,1.000000,0.056875,PAUSE
2144,0.000000,0.000000,0.067803,PAUSE
2145,0.000000,0.000000,0.154031,PAUSE
2146,1.000000,1.000000,0.073374,PAUSE
2147,1.000000,1.000000,0.032172,PAUSE
2148,1.000000,1.000000,0.014068,PAUSE
2149,0.000000,1.000000,0.006344,PAUSE
2150,0.000000,0.000000,0.013122,PAUSE
2151,0.000000,1.000000,0.007898,PAUSE
2152,0.000000,0.000000,0.026342,PAUSE
2153,1.000000,1.000000,0.014778,PAUSE
2154,1.000000,1.000000,0.007442,PAUSE
2155,0.000000,0.000000,0.019656,PAUSE
2156,0.000000,1.000000,0.011343,PAUSE
2157,0.000000,0.000000,0.031844,PAUSE
2158,0.000000,0.000000,0.106715,PAUSE
2159,0.000000,1.000000,0.052508,PAUSE
2160,0.000000,0.000000,0.071886,PAUSE
2161,0.000000,0.000000,0.165277,PAUSE
2162,0.000000,0.000000,0.312933,PAUSE
2163,0.000000,1.000000,0.142704,PAUSE
2164,1.000000,1.000000,0.060668,PAUSE
2165,0.000000,1.000000,0.025651,PAUSE
2166,0.000000,1.000000,0.011042,PAUSE
2167,0.000000,0.000000,0.015563,PAUSE
2168,0.000000,1.000000,0.008958,PAUSE
2169,0.000000,0.000000,0.027201,PAUSE
2170,0.000000,0.000000,0.097021,PAUSE
2171,0.000000,0.000000,0.226043,PAUSE
2172,0.000000,0.000000,0.388744,PAUSE
2173,0.000000,0.000000,0.550023,ALLOW
2174,0.000000,0.000000,0.686568,ALLOW
2175,0.000000,0.000000,0.790573,ALLOW
2176,1.000000,1.000000,0.343515,PAUSE
2177,0.000000,0.000000,0.231340,PAUSE
2178,0.000000,0.000000,0.289758,PAUSE
2179,0.000000,1.000000,0.131226,PAUSE
2180,0.000000,0.000000,0.118937,PAUSE
2181,0.000000,0.000000,0.207804,PAUSE
2182,1.000000,1.000000,0.096649,PAUSE
2183,0.000000,0.000000,0.100318,PAUSE
2184,0.000000,0.000000,0.193327,PAUSE
2185,1.000000,1.000000,0.090499,PAUSE
2186,0.000000,0.000000,0.096870,PAUSE
2187,0.000000,0.000000,0.190470,PAUSE
2188,0.000000,0.000000,0.339148,PAUSE
2189,0.000000,0.000000,0.501417,ALLOW
2190,1.000000,1.000000,0.222764,PAUSE
2191,0.000000,0.000000,0.172098,PAUSE
2192,0.000000,0.000000,0.251937,PAUSE
2193,0.000000,0.000000,0.395129,PAUSE
2194,0.000000,0.000000,0.549417,ALLOW
2195,0.000000,1.000000,0.242884,PAUSE
2196,0.000000,0.000000,0.182192,PAUSE
2197,0.000000,0.000000,0.258670,PAUSE
2198,1.000000,1.000000,0.118252,PAUSE
2199,0.000000,1.000000,0.050539,PAUSE
2200,0.000000,0.000000,0.046362,PAUSE
2201,0.000000,0.000000,0.110105,PAUSE
2202,0.000000,0.000000,0.238258,PAUSE
2203,0.000000,0.000000,0.400256,PAUSE
2204,0.000000,0.000000,0.559862,ALLOW
2205,0.000000,0.000000,0.694207,ALLOW
2206,0.000000,0.000000,0.796083,ALLOW
2207,0.000000,0.000000,0.868049,ALLOW
2208,1.000000,1.000000,0.375560,PAUSE
2209,1.000000,1.000000,0.155009,PAUSE
2210,0.000000,0.000000,0.095052,PAUSE
2211,0.000000,0.000000,0.143400,PAUSE
2212,0.000000,0.000000,0.268666,PAUSE
2213,0.000000,0.000000,0.428247,PAUSE
2214,0.000000,0.000000,0.583383,ALLOW
2215,1.000000,1.000000,0.257196,PAUSE
2216,0.000000,0.000000,0.189511,PAUSE
2217,0.000000,0.000000,0.263680,PAUSE
2218,0.000000,0.000000,0.404411,PAUSE
2219,0.000000,1.000000,0.181431,PAUSE
2220,0.000000,0.000000,0.149751,PAUSE
2221,0.000000,0.000000,0.235191,PAUSE
2222,0.000000,0.000000,0.380834,PAUSE
2223,0.000000,0.000000,0.537608,ALLOW
2224,0.000000,1.000000,0.237943,PAUSE
2225,0.000000,0.000000,0.179737,PAUSE
2226,1.000000,1.000000,0.081114,PAUSE
2227,0.000000,0.000000,0.081431,PAUSE
2228,0.000000,0.000000,0.166017,PAUSE
2229,0.000000,0.000000,0.309874,PAUSE
2230,0.000000,0.000000,0.473190,PAUSE
2231,0.000000,1.000000,0.210866,PAUSE
2232,0.000000,1.000000,0.088410,PAUSE
2233,0.000000,0.000000,0.065329,PAUSE
2234,0.000000,0.000000,0.125496,PAUSE
2235,0.000000,1.000000,0.060354,PAUSE
2236,0.000000,1.000000,0.026726,PAUSE
2237,0.000000,1.000000,0.011828,PAUSE
2238,0.000000,1.000000,0.005426,PAUSE
2239,0.000000,0.000000,0.012555,PAUSE
2240,0.000000,0.000000,0.057635,PAUSE
2241,0.000000,1.000000,0.029989,PAUSE
2242,0.000000,0.000000,0.053289,PAUSE
2243,0.000000,0.000000,0.141760,PAUSE
2244,0.000000,0.000000,0.285650,PAUSE
2245,0.000000,0.000000,0.450850,PAUSE
2246,0.000000,0.000000,0.604491,ALLOW
2247,0.000000,1.000000,0.266056,PAUSE
2248,0.000000,0.000000,0.193960,PAUSE
2249,0.000000,0.000000,0.266634,PAUSE
2250,1.000000,1.000000,0.121593,PAUSE
2251,1.000000,1.000000,0.051895,PAUSE
2252,0.000000,0.000000,0.047003,PAUSE
2253,0.000000,0.000000,0.110568,PAUSE
2254,0.000000,0.000000,0.238706,PAUSE
2255,0.000000,1.000000,0.110677,PAUSE
2256,0.000000,0.000000,0.110383,PAUSE
2257,0.000000,0.000000,0.203899,PAUSE
2258,0.000000,0.000000,0.352777,PAUSE
2259,0.000000,0.000000,0.513718,ALLOW
2260,1.000000,1.000000,0.227933,PAUSE
2261,0.000000,0.000000,0.174721,PAUSE
2262,1.000000,1.000000,0.079041,PAUSE
2263,0.000000,0.000000,0.080390,PAUSE
2264,0.000000,0.000000,0.165254,PAUSE
2265,1.000000,1.000000,0.078204,PAUSE
2266,0.000000,0.000000,0.088957,PAUSE
2267,0.000000,0.000000,0.182764,PAUSE
2268,0.000000,0.000000,0.331315,PAUSE
2269,1.000000,1.000000,0.150538,PAUSE
2270,0.000000,0.000000,0.133430,PAUSE
2271,0.000000,0.000000,0.223204,PAUSE
2272,0.000000,1.000000,0.103290,PAUSE
2273,1.000000,1.000000,0.044451,PAUSE
2274,0.000000,0.000000,0.043424,PAUSE
2275,0.000000,1.000000,0.021876,PAUSE
2276,0.000000,0.000000,0.040630,PAUSE
2277,0.000000,0.000000,0.119379,PAUSE
2278,0.000000,0.000000,0.256338,PAUSE
2279,0.000000,0.000000,0.420831,PAUSE
2280,0.000000,0.000000,0.578498,ALLOW
2281,0.000000,1.000000,0.255176,PAUSE
2282,0.000000,0.000000,0.188558,PAUSE
2283,0.000000,0.000000,0.263109,PAUSE
2284,0.000000,0.000000,0.404002,PAUSE
2285,1.000000,1.000000,0.181260,PAUSE
2286,0.000000,0.000000,0.149666,PAUSE
2287,0.000000,0.000000,0.235134,PAUSE
2288,1.000000,1.000000,0.108329,PAUSE
2289,0.000000,1.000000,0.046502,PAUSE
2290,1.000000,1.000000,0.019886,PAUSE
2291,0.000000,1.000000,0.008702,PAUSE
2292,0.000000,0.000000,0.014334,PAUSE
2293,0.000000,0.000000,0.059758,PAUSE
2294,0.000000,0.000000,0.165422,PAUSE
2295,0.000000,1.000000,0.078725,PAUSE
2296,0.000000,0.000000,0.090453,PAUSE
2297,1.000000,1.000000,0.043607,PAUSE
2298,1.000000,1.000000,0.019585,PAUSE
2299,1.000000,1.000000,0.008850,PAUSE
2300,0.000000,0.000000,0.016583,PAUSE
2301,0.000000,1.000000,0.009637,PAUSE
2302,0.000000,1.000000,0.005099,PAUSE
2303,0.000000,1.000000,0.002773,PAUSE
2304,0.000000,0.000000,0.011836,PAUSE
2305,0.000000,0.000000,0.058381,PAUSE
2306,0.000000,0.000000,0.164276,PAUSE
2307,0.000000,0.000000,0.317276,PAUSE
2308,0.000000,0.000000,0.483075,PAUSE
2309,0.000000,0.000000,0.632014,ALLOW
2310,0.000000,0.000000,0.750097,ALLOW
2311,0.000000,0.000000,0.836116,ALLOW
2312,0.000000,0.000000,0.895232,ALLOW
2313,1.000000,1.000000,0.386778,PAUSE
2314,0.000000,0.000000,0.251506,PAUSE
2315,0.000000,0.000000,0.301407,PAUSE
2316,1.000000,1.000000,0.136052,PAUSE
2317,0.000000,0.000000,0.121299,PAUSE
2318,0.000000,0.000000,0.209374,PAUSE
2319,0.000000,0.000000,0.356094,PAUSE
2320,0.000000,0.000000,0.515973,ALLOW
2321,0.000000,0.000000,0.657891,ALLOW
2322,0.000000,0.000000,0.769047,ALLOW
2323,0.000000,0.000000,0.849238,ALLOW
2324,0.000000,0.000000,0.903952,ALLOW
2325,0.000000,0.000000,0.939872,ALLOW
2326,0.000000,0.000000,0.962828,ALLOW
2327,0.000000,0.000000,0.977224,ALLOW
2328,0.000000,0.000000,0.986132,ALLOW
2329,0.000000,0.000000,0.991594,ALLOW
2330,0.000000,0.000000,0.994921,ALLOW
2331,0.000000,0.000000,0.996938,ALLOW
2332,0.000000,0.000000,0.998156,ALLOW
2333,0.000000,0.000000,0.998891,ALLOW
2334,0.000000,0.000000,0.999334,ALLOW
2335,0.000000,0.000000,0.999600,ALLOW
2336,1.000000,1.000000,0.429708,PAUSE
2337,0.000000,0.000000,0.271055,PAUSE
2338,1.000000,1.000000,0.118566,PAUSE
2339,0.000000,0.000000,0.099305,PAUSE
2340,0.000000,0.000000,0.177840,PAUSE
2341,0.000000,0.000000,0.319685,PAUSE
2342,0.000000,0.000000,0.481470,PAUSE
2343,0.000000,1.000000,0.214339,PAUSE
2344,0.000000,0.000000,0.167724,PAUSE
2345,0.000000,0.000000,0.248854,PAUSE
2346,0.000000,1.000000,0.114133,PAUSE
2347,1.000000,1.000000,0.048865,PAUSE
2348,0.000000,0.000000,0.045569,PAUSE
2349,0.000000,0.000000,0.109528,PAUSE
2350,0.000000,0.000000,0.237697,PAUSE
2351,0.000000,0.000000,0.399719,PAUSE
2352,0.000000,0.000000,0.559403,ALLOW
2353,1.000000,1.000000,0.247165,PAUSE
2354,0.000000,0.000000,0.184538,PAUSE
2355,0.000000,0.000000,0.260438,PAUSE
2356,0.000000,0.000000,0.401916,PAUSE
2357,0.000000,0.000000,0.554828,ALLOW
2358,0.000000,0.000000,0.688159,ALLOW
2359,0.000000,0.000000,0.790991,ALLOW
2360,0.000000,0.000000,0.864310,ALLOW
2361,0.000000,0.000000,0.913907,ALLOW
2362,0.000000,0.000000,0.946265,ALLOW
2363,0.000000,0.000000,0.966851,ALLOW
2364,0.000000,0.000000,0.979720,ALLOW
2365,0.000000,0.000000,0.987666,ALLOW
2366,0.000000,0.000000,0.992530,ALLOW
2367,0.000000,0.000000,0.995489,ALLOW
2368,0.000000,0.000000,0.997281,ALLOW
2369,0.000000,0.000000,0.998364,ALLOW
2370,0.000000,0.000000,0.999016,ALLOW
2371,0.000000,0.000000,0.999409,ALLOW
2372,0.000000,0.000000,0.999645,ALLOW
2373,0.000000,0.000000,0.999787,ALLOW
2374,0.000000,0.000000,0.999872,ALLOW
2375,0.000000,0.000000,0.999923,ALLOW
2376,0.000000,0.000000,0.999954,ALLOW
2377,0.000000,1.000000,0.429853,PAUSE
2378,0.000000,1.000000,0.176879,PAUSE
2379,0.000000,0.000000,0.104432,PAUSE
2380,0.000000,0.000000,0.148356,PAUSE
2381,1.000000,1.000000,0.069935,PAUSE
2382,0.000000,0.000000,0.081216,PAUSE
2383,0.000000,0.000000,0.172772,PAUSE
2384,1.000000,1.000000,0.081599,PAUSE
2385,0.000000,0.000000,0.091417,PAUSE
2386,0.000000,0.000000,0.185430,PAUSE
2387,0.000000,0.000000,0.334148,PAUSE
2388,0.000000,1.000000,0.151745,PAUSE
2389,0.000000,0.000000,0.134092,PAUSE
2390,0.000000,0.000000,0.223719,PAUSE
2391,0.000000,0.000000,0.371102,PAUSE
2392,0.000000,1.000000,0.167415,PAUSE
2393,0.000000,1.000000,0.070727,PAUSE
2394,0.000000,0.000000,0.056895,PAUSE
2395,0.000000,0.000000,0.119389,PAUSE
2396,0.000000,0.000000,0.248356,PAUSE
2397,0.000000,0.000000,0.410270,PAUSE
2398,0.000000,0.000000,0.568550,ALLOW
2399,0.000000,0.000000,0.700979,ALLOW
2400,0.000000,0.000000,0.800968,ALLOW
2401,0.000000,1.000000,0.347820,PAUSE
2402,0.000000,0.000000,0.233365,PAUSE
2403,0.000000,0.000000,0.290949,PAUSE
2404,0.000000,1.000000,0.131721,PAUSE
2405,0.000000,1.000000,0.055999,PAUSE
2406,0.000000,1.000000,0.023719,PAUSE
2407,0.000000,0.000000,0.024744,PAUSE
2408,0.000000,0.000000,0.076169,PAUSE
2409,1.000000,1.000000,0.038432,PAUSE
2410,0.000000,0.000000,0.060244,PAUSE
2411,0.000000,0.000000,0.150699,PAUSE
2412,0.000000,0.000000,0.296178,PAUSE
2413,0.000000,0.000000,0.461156,PAUSE
2414,0.000000,0.000000,0.613206,ALLOW
2415,0.000000,0.000000,0.735715,ALLOW
2416,0.000000,0.000000,0.825914,ALLOW
2417,0.000000,0.000000,0.888354,ALLOW
2418,0.000000,0.000000,0.929770,ALLOW
2419,0.000000,0.000000,0.956431,ALLOW
2420,0.000000,1.000000,0.411980,PAUSE
2421,0.000000,1.000000,0.169684,PAUSE
2422,1.000000,1.000000,0.069541,PAUSE
2423,0.000000,1.000000,0.028691,PAUSE
2424,0.000000,0.000000,0.023395,PAUSE
2425,0.000000,0.000000,0.066505,PAUSE
2426,0.000000,0.000000,0.172974,PAUSE
2427,0.000000,0.000000,0.326546,PAUSE
2428,0.000000,0.000000,0.491680,PAUSE
2429,0.000000,0.000000,0.639066,ALLOW
2430,0.000000,0.000000,0.755369,ALLOW
2431,0.000000,0.000000,0.839808,ALLOW
2432,0.000000,0.000000,0.897702,ALLOW
2433,0.000000,0.000000,0.935847,ALLOW
2434,1.000000,1.000000,0.403512,PAUSE
2435,0.000000,1.000000,0.166273,PAUSE
2436,0.000000,0.000000,0.099904,PAUSE
2437,0.000000,0.000000,0.146001,PAUSE
2438,1.000000,1.000000,0.068960,PAUSE
2439,0.000000,1.000000,0.030230,PAUSE
2440,0.000000,0.000000,0.035255,PAUSE
2441,0.000000,0.000000,0.099244,PAUSE
2442,0.000000,0.000000,0.225626,PAUSE
2443,0.000000,0.000000,0.387327,PAUSE
2444,1.000000,1.000000,0.174524,PAUSE
2445,0.000000,0.000000,0.146814,PAUSE
2446,0.000000,0.000000,0.233780,PAUSE
2447,1.000000,1.000000,0.107777,PAUSE
2448,0.000000,0.000000,0.106765,PAUSE
2449,0.000000,0.000000,0.198862,PAUSE
2450,0.000000,0.000000,0.347089,PAUSE
2451,0.000000,0.000000,0.508406,ALLOW
2452,0.000000,0.000000,0.651983,ALLOW
2453,0.000000,1.000000,0.285883,PAUSE
2454,0.000000,0.000000,0.203676,PAUSE
2455,1.000000,1.000000,0.090998,PAUSE
2456,0.000000,1.000000,0.038886,PAUSE
2457,1.000000,1.000000,0.016666,PAUSE
2458,0.000000,0.000000,0.020431,PAUSE
2459,1.000000,1.000000,0.011274,PAUSE
2460,0.000000,0.000000,0.029992,PAUSE
2461,0.000000,0.000000,0.102155,PAUSE
2462,0.000000,0.000000,0.233288,PAUSE
2463,0.000000,0.000000,0.396577,PAUSE
2464,0.000000,0.000000,0.557060,ALLOW
2465,0.000000,0.000000,0.692147,ALLOW
2466,0.000000,0.000000,0.794636,ALLOW
2467,0.000000,0.000000,0.867075,ALLOW
2468,0.000000,0.000000,0.915825,ALLOW
2469,0.000000,0.000000,0.947530,ALLOW
2470,1.000000,1.000000,0.408319,PAUSE
2471,0.000000,0.000000,0.261377,PAUSE
2472,0.000000,0.000000,0.306912,PAUSE
2473,1.000000,1.000000,0.138326,PAUSE
2474,0.000000,0.000000,0.122395,PAUSE
2475,1.000000,1.000000,0.056980,PAUSE
2476,0.000000,0.000000,0.067855,PAUSE
2477,0.000000,1.000000,0.033461,PAUSE
2478,0.000000,1.000000,0.015329,PAUSE
2479,0.000000,1.000000,0.007090,PAUSE
2480,0.000000,0.000000,0.015433,PAUSE
2481,1.000000,1.000000,0.009114,PAUSE
2482,0.000000,0.000000,0.028327,PAUSE
2483,0.000000,0.000000,0.099779,PAUSE
2484,0.000000,0.000000,0.230138,PAUSE
2485,0.000000,0.000000,0.393234,PAUSE
2486,0.000000,0.000000,0.554078,ALLOW
2487,0.000000,0.000000,0.689790,ALLOW
2488,0.000000,0.000000,0.792923,ALLOW
2489,0.000000,0.000000,0.865899,ALLOW
2490,1.000000,1.000000,0.374673,PAUSE
2491,0.000000,1.000000,0.154651,PAUSE
2492,0.000000,1.000000,0.063505,PAUSE
2493,0.000000,0.000000,0.042817,PAUSE
2494,0.000000,0.000000,0.088877,PAUSE
2495,0.000000,1.000000,0.043904,PAUSE
2496,0.000000,0.000000,0.063734,PAUSE
2497,0.000000,0.000000,0.154286,PAUSE
2498,0.000000,0.000000,0.300053,PAUSE
2499,0.000000,0.000000,0.464829,PAUSE
2500,0.000000,0.000000,0.616267,ALLOW
2501,0.000000,0.000000,0.738030,ALLOW
2502,0.000000,0.000000,0.827550,ALLOW
2503,0.000000,0.000000,0.889455,ALLOW
2504,0.000000,1.000000,0.384395,PAUSE
2505,0.000000,0.000000,0.250407,PAUSE
2506,1.000000,1.000000,0.110151,PAUSE
2507,1.000000,1.000000,0.046619,PAUSE
2508,0.000000,1.000000,0.019778,PAUSE
2509,0.000000,0.000000,0.021817,PAUSE
2510,0.000000,0.000000,0.071414,PAUSE
2511,0.000000,0.000000,0.183293,PAUSE
2512,0.000000,0.000000,0.339390,PAUSE
2513,0.000000,0.000000,0.504106,ALLOW
2514,0.000000,1.000000,0.223934,PAUSE
2515,0.000000,1.000000,0.093716,PAUSE
2516,0.000000,1.000000,0.038995,PAUSE
2517,0.000000,0.000000,0.032137,PAUSE
2518,1.000000,1.000000,0.016318,PAUSE
2519,0.000000,0.000000,0.033751,PAUSE
2520,0.000000,0.000000,0.107306,PAUSE
2521,0.000000,0.000000,0.239982,PAUSE
2522,1.000000,1.000000,0.111308,PAUSE
2523,0.000000,0.000000,0.110950,PAUSE
2524,0.000000,0.000000,0.204581,PAUSE
2525,0.000000,0.000000,0.353514,PAUSE
2526,0.000000,0.000000,0.514395,ALLOW
2527,0.000000,0.000000,0.656864,ALLOW
2528,0.000000,0.000000,0.768369,ALLOW
2529,0.000000,0.000000,0.848796,ALLOW
2530,0.000000,1.000000,0.367606,PAUSE
2531,0.000000,0.000000,0.242622,PAUSE
2532,0.000000,1.000000,0.106971,PAUSE
2533,0.000000,0.000000,0.093982,PAUSE
2534,0.000000,1.000000,0.044415,PAUSE
2535,0.000000,0.000000,0.058655,PAUSE
2536,0.000000,1.000000,0.029423,PAUSE
2537,0.000000,0.000000,0.049480,PAUSE
2538,0.000000,0.000000,0.133854,PAUSE
2539,0.000000,0.000000,0.275128,PAUSE
2540,0.000000,0.000000,0.440107,PAUSE
2541,0.000000,0.000000,0.595234,ALLOW
2542,0.000000,0.000000,0.721941,ALLOW
2543,1.000000,1.000000,0.315031,PAUSE
2544,1.000000,1.000000,0.130582,PAUSE
2545,0.000000,0.000000,0.084384,PAUSE
2546,1.000000,1.000000,0.038914,PAUSE
2547,1.000000,1.000000,0.017288,PAUSE
2548,0.000000,1.000000,0.007806,PAUSE
2549,0.000000,1.000000,0.003723,PAUSE
2550,0.000000,1.000000,0.001963,PAUSE
2551,1.000000,1.000000,0.001196,PAUSE
2552,0.000000,1.000000,0.000856,PAUSE
2553,0.000000,0.000000,0.007540,PAUSE
2554,0.000000,1.000000,0.005118,PAUSE
2555,0.000000,0.000000,0.022225,PAUSE
2556,0.000000,0.000000,0.087266,PAUSE
2557,0.000000,0.000000,0.211824,PAUSE
2558,0.000000,0.000000,0.373082,PAUSE
2559,0.000000,0.000000,0.535791,ALLOW
2560,1.000000,1.000000,0.237262,PAUSE
2561,0.000000,0.000000,0.179566,PAUSE
2562,0.000000,0.000000,0.257124,PAUSE
2563,0.000000,0.000000,0.399321,PAUSE
2564,1.000000,1.000000,0.179297,PAUSE
2565,0.000000,0.000000,0.148668,PAUSE
2566,0.000000,0.000000,0.234444,PAUSE
2567,1.000000,1.000000,0.108039,PAUSE
2568,0.000000,0.000000,0.106860,PAUSE
2569,1.000000,1.000000,0.050518,PAUSE
2570,0.000000,0.000000,0.064429,PAUSE
2571,0.000000,0.000000,0.151272,PAUSE
2572,0.000000,0.000000,0.295173,PAUSE
2573,0.000000,0.000000,0.459678,PAUSE
2574,0.000000,0.000000,0.611806,ALLOW
2575,0.000000,0.000000,0.734600,ALLOW
2576,0.000000,0.000000,0.825107,ALLOW
2577,1.000000,1.000000,0.357812,PAUSE
2578,0.000000,0.000000,0.238054,PAUSE
2579,0.000000,1.000000,0.105103,PAUSE
2580,0.000000,1.000000,0.044584,PAUSE
2581,0.000000,1.000000,0.018959,PAUSE
2582,0.000000,1.000000,0.008275,PAUSE
2583,0.000000,0.000000,0.013657,PAUSE
2584,0.000000,0.000000,0.057964,PAUSE
2585,1.000000,1.000000,0.030111,PAUSE
2586,0.000000,0.000000,0.053306,PAUSE
2587,0.000000,0.000000,0.141712,PAUSE
2588,0.000000,0.000000,0.285568,PAUSE
2589,0.000000,0.000000,0.450761,PAUSE
2590,0.000000,0.000000,0.604413,ALLOW
2591,0.000000,0.000000,0.729010,ALLOW
2592,0.000000,0.000000,0.821156,ALLOW
2593,0.000000,0.000000,0.885143,ALLOW
2594,0.000000,0.000000,0.927677,ALLOW
2595,0.000000,0.000000,0.955100,ALLOW
2596,0.000000,0.000000,0.972406,ALLOW
2597,0.000000,1.000000,0.418546,PAUSE
2598,0.000000,1.000000,0.172328,PAUSE
2599,0.000000,0.000000,0.102494,PAUSE
2600,0.000000,1.000000,0.046293,PAUSE
2601,1.000000,1.000000,0.020266,PAUSE
2602,0.000000,1.000000,0.009006,PAUSE
2603,1.000000,1.000000,0.004206,PAUSE
2604,0.000000,0.000000,0.011226,PAUSE
2605,0.000000,0.000000,0.054505,PAUSE
2606,1.000000,1.000000,0.028529,PAUSE
2607,0.000000,0.000000,0.051959,PAUSE
2608,0.000000,0.000000,0.139918,PAUSE
2609,0.000000,0.000000,0.283416,PAUSE
2610,0.000000,0.000000,0.448633,PAUSE
2611,0.000000,1.000000,0.200521,PAUSE
2612,0.000000,1.000000,0.084213,PAUSE
2613,0.000000,0.000000,0.063387,PAUSE
2614,0.000000,0.000000,0.124195,PAUSE
2615,0.000000,0.000000,0.253017,PAUSE
2616,1.000000,1.000000,0.116813,PAUSE
2617,0.000000,0.000000,0.113906,PAUSE
2618,0.000000,0.000000,0.206853,PAUSE
2619,0.000000,0.000000,0.355529,PAUSE
2620,0.000000,0.000000,0.516112,ALLOW
2621,1.000000,1.000000,0.228937,PAUSE
2622,0.000000,0.000000,0.175227,PAUSE
2623,0.000000,0.000000,0.254061,PAUSE
2624,1.000000,1.000000,0.116321,PAUSE
2625,0.000000,0.000000,0.111332,PAUSE
2626,1.000000,1.000000,0.052391,PAUSE
2627,0.000000,0.000000,0.065467,PAUSE
2628,0.000000,0.000000,0.152177,PAUSE
2629,0.000000,0.000000,0.296085,PAUSE
2630,0.000000,0.000000,0.460522,PAUSE
2631,0.000000,0.000000,0.612504,ALLOW
2632,0.000000,0.000000,0.735126,ALLOW
2633,0.000000,0.000000,0.825479,ALLOW
2634,0.000000,0.000000,0.888054,ALLOW
2635,0.000000,0.000000,0.929572,ALLOW
2636,0.000000,0.000000,0.956305,ALLOW
2637,1.000000,1.000000,0.411928,PAUSE
2638,1.000000,1.000000,0.169663,PAUSE
2639,0.000000,0.000000,0.101356,PAUSE
2640,0.000000,0.000000,0.146764,PAUSE
2641,0.000000,0.000000,0.271025,PAUSE
2642,0.000000,0.000000,0.430112,PAUSE
2643,0.000000,0.000000,0.584839,ALLOW
2644,0.000000,0.000000,0.713338,ALLOW
2645,0.000000,0.000000,0.809757,ALLOW
2646,0.000000,0.000000,0.877341,ALLOW
2647,0.000000,0.000000,0.922549,ALLOW
2648,0.000000,0.000000,0.951822,ALLOW
2649,0.000000,0.000000,0.970351,ALLOW
2650,1.000000,1.000000,0.417701,PAUSE
2651,0.000000,0.000000,0.265639,PAUSE
2652,0.000000,0.000000,0.309246,PAUSE
2653,0.000000,0.000000,0.436844,PAUSE
2654,0.000000,1.000000,0.194960,PAUSE
2655,0.000000,0.000000,0.156463,PAUSE
2656,0.000000,1.000000,0.071400,PAUSE
2657,0.000000,0.000000,0.076247,PAUSE
2658,1.000000,1.000000,0.037036,PAUSE
2659,0.000000,1.000000,0.016799,PAUSE
2660,1.000000,1.000000,0.007690,PAUSE
2661,0.000000,0.000000,0.015765,PAUSE
2662,0.000000,1.000000,0.009260,PAUSE
2663,0.000000,0.000000,0.028451,PAUSE
2664,0.000000,1.000000,0.015791,PAUSE
2665,0.000000,0.000000,0.037791,PAUSE
2666,0.000000,1.000000,0.020211,PAUSE
2667,0.000000,0.000000,0.042405,PAUSE
2668,0.000000,0.000000,0.124755,PAUSE
2669,0.000000,0.000000,0.264100,PAUSE
2670,1.000000,1.000000,0.121741,PAUSE
2671,0.000000,0.000000,0.117148,PAUSE
2672,0.000000,0.000000,0.209972,PAUSE
2673,0.000000,0.000000,0.358622,PAUSE
2674,1.000000,1.000000,0.162140,PAUSE
2675,1.000000,1.000000,0.068583,PAUSE
2676,0.000000,0.469081,0.034398,PAUSE
2677,1.000000,1.000000,0.015820,PAUSE
2678,1.000000,1.000000,0.007321,PAUSE
2679,0.000000,0.000000,0.015792,PAUSE
2680,0.000000,0.000000,0.066142,PAUSE
2681,0.000000,0.000000,0.176906,PAUSE
2682,0.000000,1.000000,0.083789,PAUSE
2683,0.000000,0.000000,0.093792,PAUSE
2684,0.000000,1.000000,0.045041,PAUSE
2685,0.000000,0.000000,0.061381,PAUSE
2686,0.000000,0.000000,0.148588,PAUSE
2687,1.000000,1.000000,0.071036,PAUSE
2688,1.000000,1.000000,0.031214,PAUSE
2689,0.000000,0.000000,0.036447,PAUSE
2690,0.000000,0.000000,0.101468,PAUSE
2691,1.000000,1.000000,0.049957,PAUSE
2692,0.000000,0.000000,0.069450,PAUSE
2693,0.000000,0.000000,0.162010,PAUSE
2694,0.000000,0.000000,0.309130,PAUSE
2695,1.000000,1.000000,0.141076,PAUSE
2696,1.000000,1.000000,0.060004,PAUSE
2697,1.000000,1.000000,0.025383,PAUSE
2698,0.000000,0.000000,0.025835,PAUSE
2699,0.000000,0.000000,0.077708,PAUSE
2700,0.000000,0.000000,0.192652,PAUSE
2701,1.000000,1.000000,0.090656,PAUSE
2702,0.000000,0.000000,0.098106,PAUSE
2703,0.000000,0.000000,0.192718,PAUSE
2704,0.000000,0.000000,0.341866,PAUSE
2705,0.000000,0.000000,0.504021,ALLOW
2706,1.000000,1.000000,0.223860,PAUSE
2707,0.000000,0.000000,0.172660,PAUSE
2708,0.000000,0.000000,0.252325,PAUSE
2709,0.000000,0.000000,0.395442,PAUSE
2710,1.000000,1.000000,0.177668,PAUSE
2711,1.000000,1.000000,0.074889,PAUSE
2712,1.000000,1.000000,0.031394,PAUSE
2713,0.000000,0.000000,0.028623,PAUSE
2714,0.000000,0.640625,0.021453,PAUSE
2715,0.000000,0.000000,0.060027,PAUSE
2716,0.000000,1.000000,0.030853,PAUSE
2717,1.000000,1.000000,0.014380,PAUSE
2718,0.000000,1.000000,0.006739,PAUSE
2719,1.000000,1.000000,0.003333,PAUSE
2720,0.000000,1.000000,0.001825,PAUSE
2721,0.000000,0.000000,0.009164,PAUSE
2722,0.000000,1.000000,0.005977,PAUSE
2723,0.000000,0.000000,0.023754,PAUSE
2724,1.000000,1.000000,0.013539,PAUSE
2725,0.000000,0.000000,0.035267,PAUSE
2726,1.000000,1.000000,0.019043,PAUSE
2727,0.000000,1.000000,0.009293,PAUSE
2728,0.000000,1.000000,0.004594,PAUSE
2729,1.000000,1.000000,0.002432,PAUSE
2730,0.000000,1.000000,0.001444,PAUSE
2731,1.000000,1.000000,0.000987,PAUSE
2732,1.000000,1.000000,0.000771,PAUSE
2733,0.000000,0.000000,0.007497,PAUSE
2734,0.000000,0.000000,0.045193,PAUSE
2735,0.000000,0.000000,0.140091,PAUSE
2736,1.000000,1.000000,0.067524,PAUSE
2737,0.000000,0.000000,0.082907,PAUSE
2738,1.000000,1.000000,0.040354,PAUSE
2739,1.000000,1.000000,0.018243,PAUSE
2740,0.000000,1.000000,0.008301,PAUSE
2741,1.000000,1.000000,0.003965,PAUSE
2742,0.000000,1.000000,0.002081,PAUSE
2743,0.000000,0.000000,0.009299,PAUSE
2744,0.000000,0.000000,0.050266,PAUSE
2745,0.000000,0.000000,0.149523,PAUSE
2746,0.000000,0.000000,0.298840,PAUSE
2747,0.000000,0.000000,0.464945,PAUSE
2748,0.000000,0.000000,0.616763,ALLOW
2749,0.000000,0.000000,0.738537,ALLOW
2750,0.000000,0.000000,0.827953,ALLOW
2751,0.000000,0.000000,0.889742,ALLOW
2752,0.000000,1.000000,0.384514,PAUSE
2753,1.000000,1.000000,0.158618,PAUSE
2754,0.000000,1.000000,0.065098,PAUSE
2755,0.000000,0.000000,0.043495,PAUSE
2756,0.000000,0.000000,0.089247,PAUSE
2757,1.000000,1.000000,0.044059,PAUSE
2758,1.000000,1.000000,0.019924,PAUSE
2759,0.000000,0.000000,0.029265,PAUSE
2760,0.000000,0.000000,0.092659,PAUSE
2761,0.000000,0.000000,0.217449,PAUSE
2762,0.000000,0.000000,0.378710,PAUSE
2763,0.000000,0.000000,0.540752,ALLOW
2764,0.000000,0.000000,0.679119,ALLOW
2765,0.000000,0.000000,0.785107,ALLOW
2766,0.000000,0.000000,0.860510,ALLOW
2767,0.000000,0.000000,0.911486,ALLOW
2768,0.000000,0.000000,0.944744,ALLOW
2769,0.000000,0.000000,0.965907,ALLOW
2770,1.000000,1.000000,0.415876,PAUSE
2771,1.000000,1.000000,0.171252,PAUSE
2772,0.000000,1.000000,0.070171,PAUSE
2773,0.000000,0.000000,0.045640,PAUSE
2774,0.000000,0.000000,0.090393,PAUSE
2775,0.000000,0.000000,0.204484,PAUSE
2776,1.000000,1.000000,0.095727,PAUSE
2777,0.000000,0.000000,0.101054,PAUSE
2778,0.000000,0.000000,0.195261,PAUSE
2779,0.000000,0.000000,0.344293,PAUSE
2780,0.000000,0.000000,0.506164,ALLOW
2781,1.000000,1.000000,0.224760,PAUSE
2782,0.000000,0.000000,0.173115,PAUSE
2783,0.000000,0.000000,0.252633,PAUSE
2784,0.000000,0.000000,0.395687,PAUSE
2785,0.000000,0.000000,0.549863,ALLOW
2786,1.000000,1.000000,0.243070,PAUSE
2787,0.000000,0.000000,0.182284,PAUSE
2788,0.000000,0.000000,0.258730,PAUSE
2789,0.000000,0.000000,0.400461,PAUSE
2790,0.000000,0.000000,0.553632,ALLOW
2791,1.000000,1.000000,0.244643,PAUSE
2792,0.000000,1.000000,0.102099,PAUSE
2793,0.000000,0.000000,0.071586,PAUSE
2794,0.000000,1.000000,0.033659,PAUSE
2795,0.000000,0.000000,0.047496,PAUSE
2796,0.000000,0.000000,0.126248,PAUSE
2797,0.000000,0.000000,0.264049,PAUSE
2798,0.000000,0.000000,0.428439,PAUSE
2799,0.000000,0.000000,0.585029,ALLOW
2800,0.000000,0.000000,0.714013,ALLOW
2801,1.000000,1.000000,0.311734,PAUSE
2802,0.000000,0.000000,0.216217,PAUSE
2803,0.000000,0.000000,0.280656,PAUSE
2804,0.000000,0.000000,0.417171,PAUSE
2805,0.000000,0.000000,0.566594,ALLOW
2806,0.000000,0.000000,0.696875,ALLOW
2807,1.000000,1.000000,0.304559,PAUSE
2808,0.000000,0.000000,0.212673,PAUSE
2809,0.000000,0.000000,0.278379,PAUSE
2810,0.000000,0.000000,0.415449,PAUSE
2811,0.000000,0.000000,0.565267,ALLOW
2812,0.000000,0.000000,0.695894,ALLOW
2813,0.000000,0.000000,0.796443,ALLOW
2814,0.000000,0.000000,0.867993,ALLOW
2815,0.000000,0.000000,0.916314,ALLOW
2816,0.000000,0.000000,0.947800,ALLOW
2817,0.000000,0.000000,0.967814,ALLOW
2818,0.000000,0.000000,0.980316,ALLOW
2819,0.000000,0.000000,0.988031,ALLOW
2820,1.000000,1.000000,0.424962,PAUSE
2821,0.000000,0.000000,0.268920,PAUSE
2822,0.000000,1.000000,0.117697,PAUSE
2823,0.000000,0.000000,0.098913,PAUSE
2824,0.000000,1.000000,0.046438,PAUSE
2825,0.000000,0.000000,0.059647,PAUSE
2826,0.000000,1.000000,0.029836,PAUSE
2827,0.000000,0.000000,0.049706,PAUSE
2828,0.000000,0.000000,0.134054,PAUSE
2829,0.000000,1.000000,0.064660,PAUSE
2830,0.000000,1.000000,0.028581,PAUSE
2831,1.000000,1.000000,0.012604,PAUSE
2832,0.000000,0.000000,0.019251,PAUSE
2833,0.000000,0.000000,0.071205,PAUSE
2834,0.000000,0.000000,0.184417,PAUSE
2835,0.000000,0.000000,0.341083,PAUSE
2836,0.000000,1.000000,0.154824,PAUSE
2837,0.000000,0.000000,0.136063,PAUSE
2838,0.000000,1.000000,0.062944,PAUSE
2839,1.000000,1.000000,0.027504,PAUSE
2840,0.000000,0.000000,0.032442,PAUSE
2841,0.000000,0.000000,0.094259,PAUSE
2842,0.000000,1.000000,0.046706,PAUSE
2843,0.000000,1.000000,0.021087,PAUSE
2844,0.000000,1.000000,0.009524,PAUSE
2845,0.000000,0.000000,0.017407,PAUSE
2846,1.000000,1.000000,0.010042,PAUSE
2847,0.000000,0.000000,0.029387,PAUSE
2848,0.000000,0.000000,0.101675,PAUSE
2849,0.000000,0.000000,0.232791,PAUSE
2850,0.000000,0.000000,0.396090,PAUSE
2851,0.000000,0.000000,0.556638,ALLOW
2852,0.000000,0.000000,0.691817,ALLOW
2853,0.000000,0.000000,0.794398,ALLOW
2854,1.000000,1.000000,0.345100,PAUSE
2855,0.000000,0.000000,0.232087,PAUSE
2856,0.000000,0.000000,0.290199,PAUSE
2857,0.000000,1.000000,0.131409,PAUSE
2858,0.000000,1.000000,0.055873,PAUSE
2859,0.000000,0.000000,0.048839,PAUSE
2860,0.000000,0.000000,0.111816,PAUSE
2861,0.000000,1.000000,0.054441,PAUSE
2862,1.000000,1.000000,0.024293,PAUSE
2863,0.000000,0.000000,0.032196,PAUSE
2864,0.000000,1.000000,0.017042,PAUSE
2865,0.000000,0.000000,0.037220,PAUSE
2866,0.000000,0.000000,0.115122,PAUSE
2867,0.000000,0.000000,0.251103,PAUSE
2868,1.000000,1.000000,0.116127,PAUSE
2869,1.000000,1.000000,0.049806,PAUSE
2870,0.000000,0.000000,0.046632,PAUSE
2871,0.000000,0.000000,0.111391,PAUSE
2872,0.000000,0.000000,0.240268,PAUSE
2873,0.000000,0.000000,0.402466,PAUSE
2874,0.000000,0.000000,0.561852,ALLOW
2875,0.000000,0.000000,0.695783,ALLOW
2876,1.000000,1.000000,0.304148,PAUSE
2877,1.000000,1.000000,0.126185,PAUSE
2878,0.000000,0.000000,0.082440,PAUSE
2879,0.000000,0.000000,0.136269,PAUSE
2880,0.000000,0.000000,0.263294,PAUSE
2881,1.000000,1.000000,0.121174,PAUSE
2882,1.000000,1.000000,0.051846,PAUSE
2883,0.000000,0.000000,0.047552,PAUSE
2884,0.000000,0.000000,0.111977,PAUSE
2885,0.000000,0.000000,0.240777,PAUSE
2886,0.000000,0.000000,0.402928,PAUSE
2887,0.000000,0.000000,0.562239,ALLOW
2888,0.000000,0.000000,0.696081,ALLOW
2889,0.000000,0.000000,0.797442,ALLOW
2890,0.000000,0.000000,0.868980,ALLOW
2891,0.000000,0.000000,0.917074,ALLOW
2892,0.000000,0.000000,0.948328,ALLOW
2893,1.000000,1.000000,0.408647,PAUSE
2894,1.000000,1.000000,0.168341,PAUSE
2895,0.000000,1.000000,0.069002,PAUSE
2896,0.000000,0.000000,0.045148,PAUSE
2897,1.000000,1.000000,0.021647,PAUSE
2898,0.000000,0.000000,0.036469,PAUSE
2899,0.000000,1.000000,0.019318,PAUSE
2900,0.000000,0.000000,0.040552,PAUSE
2901,0.000000,0.000000,0.121170,PAUSE
2902,0.000000,0.000000,0.259257,PAUSE
2903,0.000000,1.000000,0.119650,PAUSE
2904,0.000000,0.000000,0.115917,PAUSE
2905,0.000000,1.000000,0.054460,PAUSE
2906,1.000000,1.000000,0.024039,PAUSE
2907,0.000000,0.000000,0.030663,PAUSE
2908,0.000000,0.000000,0.092652,PAUSE
2909,1.000000,1.000000,0.046004,PAUSE
2910,0.000000,0.000000,0.066502,PAUSE
2911,0.000000,0.000000,0.158594,PAUSE
2912,0.000000,0.000000,0.305313,PAUSE
2913,0.000000,1.000000,0.139445,PAUSE
2914,0.000000,0.000000,0.127290,PAUSE
2915,1.000000,1.000000,0.059253,PAUSE
2916,0.000000,0.000000,0.069818,PAUSE
2917,1.000000,1.000000,0.034335,PAUSE
2918,0.000000,1.000000,0.015695,PAUSE
2919,0.000000,1.000000,0.007241,PAUSE
2920,1.000000,1.000000,0.003526,PAUSE
2921,0.000000,0.000000,0.011193,PAUSE
2922,0.000000,0.000000,0.055239,PAUSE
2923,0.000000,0.000000,0.158423,PAUSE
2924,1.000000,1.000000,0.075647,PAUSE
2925,0.000000,0.000000,0.088434,PAUSE
2926,0.000000,0.000000,0.183319,PAUSE
2927,0.000000,0.000000,0.332341,PAUSE
2928,0.000000,0.000000,0.495391,PAUSE
2929,1.000000,1.000000,0.220233,PAUSE
2930,1.000000,1.000000,0.092212,PAUSE
2931,0.000000,1.000000,0.038389,PAUSE
2932,0.000000,0.000000,0.031859,PAUSE
2933,0.000000,0.000000,0.082217,PAUSE
2934,0.000000,0.000000,0.197456,PAUSE
2935,0.000000,0.000000,0.355085,PAUSE
2936,1.000000,1.000000,0.160785,PAUSE
2937,0.000000,1.000000,0.068048,PAUSE
2938,0.000000,1.000000,0.028637,PAUSE
2939,0.000000,1.000000,0.012248,PAUSE
2940,0.000000,0.000000,0.016143,PAUSE
2941,0.000000,0.000000,0.061639,PAUSE
2942,0.000000,0.000000,0.167986,PAUSE
2943,0.000000,0.000000,0.321329,PAUSE
2944,0.000000,0.000000,0.486875,PAUSE
2945,0.000000,0.000000,0.635142,ALLOW
2946,0.000000,0.000000,0.752441,ALLOW
2947,1.000000,1.000000,0.327701,PAUSE
2948,0.000000,0.000000,0.223851,PAUSE
2949,0.000000,0.000000,0.285293,PAUSE
2950,0.000000,0.000000,0.420514,PAUSE
2951,0.000000,0.000000,0.569101,ALLOW
2952,0.000000,0.000000,0.698704,ALLOW
2953,1.000000,1.000000,0.305317,PAUSE
2954,0.000000,0.000000,0.213034,PAUSE
2955,0.000000,0.000000,0.278596,PAUSE
2956,0.000000,0.000000,0.415605,PAUSE
2957,0.000000,0.000000,0.565384,ALLOW
2958,0.000000,0.000000,0.695979,ALLOW
2959,0.000000,0.000000,0.796502,ALLOW
2960,0.000000,0.000000,0.868033,ALLOW
2961,0.000000,0.000000,0.916340,ALLOW
2962,0.000000,0.000000,0.947817,ALLOW
2963,0.000000,0.000000,0.967824,ALLOW
2964,0.000000,0.000000,0.980322,ALLOW
2965,0.000000,0.000000,0.988035,ALLOW
2966,0.000000,0.000000,0.992754,ALLOW
2967,0.000000,0.000000,0.995625,ALLOW
2968,0.000000,1.000000,0.428078,PAUSE
2969,0.000000,1.000000,0.176165,PAUSE
2970,1.000000,1.000000,0.072142,PAUSE
2971,0.000000,0.000000,0.046469,PAUSE
2972,0.000000,0.000000,0.090824,PAUSE
2973,0.000000,0.000000,0.204796,PAUSE
2974,0.000000,0.000000,0.361925,PAUSE
2975,1.000000,1.000000,0.163679,PAUSE
2976,1.000000,1.000000,0.069225,PAUSE
2977,1.000000,1.000000,0.029112,PAUSE
2978,0.000000,0.000000,0.027606,PAUSE
2979,0.000000,0.000000,0.079135,PAUSE
2980,0.000000,0.000000,0.194254,PAUSE
2981,1.000000,1.000000,0.091349,PAUSE
2982,0.000000,0.000000,0.098525,PAUSE
2983,0.000000,1.000000,0.047062,PAUSE
2984,0.000000,0.000000,0.062628,PAUSE
2985,0.000000,1.000000,0.031264,PAUSE
2986,0.000000,0.000000,0.051163,PAUSE
2987,0.000000,0.000000,0.136236,PAUSE
2988,0.000000,0.000000,0.278068,PAUSE
2989,0.000000,0.000000,0.443055,PAUSE
2990,0.000000,0.000000,0.597762,ALLOW
2991,0.000000,0.000000,0.723886,ALLOW
2992,0.000000,0.000000,0.817498,ALLOW
2993,0.000000,0.000000,0.882664,ALLOW
2994,0.000000,1.000000,0.381593,PAUSE
2995,0.000000,1.000000,0.157441,PAUSE
2996,1.000000,1.000000,0.064626,PAUSE
2997,0.000000,0.000000,0.043294,PAUSE
2998,0.000000,0.000000,0.089137,PAUSE
2999,1.000000,1.000000,0.044013,PAUSE
3000,0.000000,0.000000,0.063794,PAUSE
3001,0.000000,0.000000,0.154337,PAUSE
3002,0.000000,0.000000,0.300104,PAUSE
3003,1.000000,1.000000,0.137210,PAUSE
3004,1.000000,1.000000,0.058426,PAUSE
3005,0.000000,1.000000,0.024744,PAUSE
3006,0.000000,0.000000,0.025529,PAUSE
3007,1.000000,1.000000,0.013560,PAUSE
3008,0.000000,0.000000,0.032100,PAUSE
3009,0.000000,0.000000,0.105510,PAUSE
3010,0.000000,0.000000,0.237828,PAUSE
3011,0.000000,0.000000,0.401408,PAUSE
3012,0.000000,0.000000,0.561364,ALLOW
3013,1.000000,1.000000,0.247995,PAUSE
3014,1.000000,1.000000,0.103468,PAUSE
3015,1.000000,1.000000,0.042924,PAUSE
3016,0.000000,0.000000,0.033890,PAUSE
3017,0.000000,0.000000,0.083574,PAUSE
3018,0.000000,0.000000,0.198773,PAUSE
3019,1.000000,1.000000,0.093294,PAUSE
3020,0.000000,0.000000,0.099678,PAUSE
3021,1.000000,1.000000,0.047550,PAUSE
3022,0.000000,0.000000,0.062919,PAUSE
3023,0.000000,0.000000,0.150116,PAUSE
3024,0.000000,0.000000,0.294092,PAUSE
3025,0.000000,0.000000,0.458704,PAUSE
3026,0.000000,0.000000,0.611010,ALLOW
3027,0.000000,0.000000,0.734002,ALLOW
3028,0.000000,0.000000,0.824686,ALLOW
3029,0.000000,0.000000,0.887521,ALLOW
3030,0.000000,0.000000,0.929225,ALLOW
3031,1.000000,1.000000,0.400785,PAUSE
3032,1.000000,1.000000,0.165175,PAUSE
3033,0.000000,1.000000,0.067731,PAUSE
3034,1.000000,1.000000,0.027965,PAUSE
3035,0.000000,0.000000,0.023088,PAUSE
3036,0.000000,0.000000,0.066335,PAUSE
3037,0.000000,0.000000,0.172833,PAUSE
3038,0.000000,0.000000,0.326413,PAUSE
3039,0.000000,0.000000,0.491562,PAUSE
3040,0.000000,0.000000,0.638971,ALLOW
3041,0.000000,0.000000,0.755299,ALLOW
3042,0.000000,1.000000,0.328887,PAUSE
3043,0.000000,1.000000,0.136178,PAUSE
3044,1.000000,1.000000,0.056083,PAUSE
3045,0.000000,0.000000,0.039639,PAUSE
3046,0.000000,0.000000,0.087085,PAUSE
3047,0.000000,0.000000,0.201888,PAUSE
3048,0.000000,0.000000,0.359351,PAUSE
3049,0.000000,0.000000,0.522397,ALLOW
3050,0.000000,0.000000,0.664164,ALLOW
3051,0.000000,0.000000,0.774042,ALLOW
3052,0.000000,0.000000,0.852831,ALLOW
3053,0.000000,0.000000,0.906386,ALLOW
3054,0.000000,1.000000,0.391376,PAUSE
3055,0.000000,1.000000,0.161384,PAUSE
3056,0.000000,0.000000,0.097803,PAUSE
3057,0.000000,0.000000,0.144884,PAUSE
3058,1.000000,1.000000,0.068497,PAUSE
3059,0.000000,0.000000,0.080493,PAUSE
3060,1.000000,1.000000,0.039170,PAUSE
3061,0.000000,0.000000,0.057097,PAUSE
3062,0.000000,0.000000,0.143521,PAUSE
3063,0.000000,0.000000,0.286625,PAUSE
3064,0.000000,0.000000,0.451478,PAUSE
3065,0.000000,1.000000,0.201717,PAUSE
3066,0.000000,0.000000,0.161253,PAUSE
3067,0.000000,0.000000,0.244369,PAUSE
3068,0.000000,0.000000,0.388975,PAUSE
3069,0.000000,1.000000,0.174950,PAUSE
3070,0.000000,0.000000,0.146436,PAUSE
3071,0.000000,1.000000,0.067252,PAUSE
3072,0.000000,1.000000,0.029253,PAUSE
3073,1.000000,1.000000,0.012776,PAUSE
3074,0.000000,1.000000,0.005782,PAUSE
3075,1.000000,1.000000,0.002819,PAUSE
3076,0.000000,0.000000,0.009719,PAUSE
3077,1.000000,1.000000,0.006225,PAUSE
3078,0.000000,0.000000,0.023995,PAUSE
3079,0.000000,0.000000,0.091029,PAUSE
3080,0.000000,0.000000,0.217434,PAUSE
3081,0.000000,0.000000,0.379322,PAUSE
3082,1.000000,1.000000,0.171134,PAUSE
3083,0.000000,0.000000,0.145015,PAUSE
3084,0.000000,0.000000,0.232454,PAUSE
3085,0.000000,0.000000,0.378912,PAUSE
3086,0.000000,0.000000,0.536172,ALLOW
3087,0.000000,0.000000,0.673953,ALLOW
3088,0.000000,0.000000,0.780819,ALLOW
3089,0.000000,0.000000,0.857375,ALLOW
3090,0.000000,0.000000,0.909347,ALLOW
3091,0.000000,0.000000,0.943345,ALLOW
3092,0.000000,0.000000,0.965017,ALLOW
3093,0.000000,0.000000,0.978584,ALLOW
3094,1.000000,1.000000,0.421083,PAUSE
3095,0.000000,0.000000,0.267169,PAUSE
3096,0.000000,0.000000,0.310078,PAUSE
3097,1.000000,1.000000,0.139632,PAUSE
3098,0.000000,0.000000,0.123018,PAUSE
3099,0.000000,0.000000,0.210476,PAUSE
3100,0.000000,0.000000,0.356956,PAUSE
3101,0.000000,0.000000,0.516664,ALLOW
3102,0.000000,0.000000,0.658419,ALLOW
3103,0.000000,1.000000,0.288563,PAUSE
3104,0.000000,0.000000,0.204972,PAUSE
3105,0.000000,1.000000,0.091530,PAUSE
3106,0.000000,0.000000,0.086618,PAUSE
3107,0.000000,1.000000,0.041374,PAUSE
3108,0.000000,0.000000,0.057094,PAUSE
3109,0.000000,1.000000,0.028769,PAUSE
3110,0.000000,0.000000,0.049104,PAUSE
3111,0.000000,0.000000,0.133495,PAUSE
3112,1.000000,1.000000,0.064418,PAUSE
3113,0.000000,0.000000,0.080289,PAUSE
3114,1.000000,1.000000,0.039200,PAUSE
3115,0.000000,1.000000,0.017763,PAUSE
3116,0.000000,0.000000,0.027168,PAUSE
3117,0.000000,1.000000,0.014756,PAUSE
3118,1.000000,1.000000,0.007355,PAUSE
3119,0.000000,1.000000,0.003747,PAUSE
3120,0.000000,0.000000,0.012841,PAUSE
3121,0.000000,0.000000,0.060610,PAUSE
3122,0.000000,0.000000,0.168028,PAUSE
3123,0.000000,0.000000,0.321828,PAUSE
3124,1.000000,1.000000,0.146592,PAUSE
3125,0.000000,0.000000,0.131483,PAUSE
3126,0.000000,1.000000,0.061023,PAUSE
3127,0.000000,1.000000,0.026721,PAUSE
3128,0.000000,0.000000,0.032047,PAUSE
3129,0.000000,0.000000,0.093917,PAUSE
3130,1.000000,1.000000,0.046557,PAUSE
3131,0.000000,0.000000,0.066877,PAUSE
3132,0.000000,0.000000,0.158995,PAUSE
3133,1.000000,1.000000,0.075654,PAUSE
3134,0.000000,0.000000,0.087803,PAUSE
3135,0.000000,1.000000,0.042439,PAUSE
3136,0.000000,0.000000,0.059622,PAUSE
3137,0.000000,1.000000,0.029962,PAUSE
3138,0.000000,0.000000,0.050271,PAUSE
3139,0.000000,1.000000,0.025839,PAUSE
3140,0.000000,0.000000,0.047164,PAUSE
3141,1.000000,1.000000,0.024464,PAUSE
3142,0.000000,0.000000,0.046103,PAUSE
3143,1.000000,1.000000,0.023993,PAUSE
3144,0.000000,0.000000,0.045732,PAUSE
3145,0.000000,0.000000,0.129470,PAUSE
3146,0.000000,0.000000,0.269996,PAUSE
3147,0.000000,0.000000,0.435025,PAUSE
3148,1.000000,1.000000,0.194765,PAUSE
3149,1.000000,1.000000,0.081875,PAUSE
3150,0.000000,0.000000,0.062293,PAUSE
3151,0.000000,0.000000,0.123439,PAUSE
3152,0.000000,0.000000,0.252321,PAUSE
3153,1.000000,1.000000,0.116517,PAUSE
3154,0.000000,0.000000,0.113741,PAUSE
3155,0.000000,0.000000,0.206719,PAUSE
3156,1.000000,1.000000,0.096266,PAUSE
3157,0.000000,0.000000,0.100302,PAUSE
3158,0.000000,0.000000,0.193525,PAUSE
3159,1.000000,1.000000,0.090589,PAUSE
3160,0.000000,1.000000,0.039258,PAUSE
3161,1.000000,1.000000,0.016952,PAUSE
3162,1.000000,1.000000,0.007516,PAUSE
3163,0.000000,1.000000,0.003541,PAUSE
3164,0.000000,1.000000,0.001858,PAUSE
3165,0.000000,1.000000,0.001137,PAUSE
3166,0.000000,0.000000,0.007844,PAUSE
3167,0.000000,0.000000,0.046033,PAUSE
3168,0.000000,0.000000,0.141641,PAUSE
3169,0.000000,0.000000,0.288762,PAUSE
3170,0.000000,0.000000,0.454873,PAUSE
3171,1.000000,1.000000,0.203171,PAUSE
3172,0.000000,0.000000,0.162053,PAUSE
3173,0.000000,0.000000,0.244981,PAUSE
3174,0.000000,0.000000,0.389503,PAUSE
3175,1.000000,1.000000,0.175173,PAUSE
3176,1.000000,1.000000,0.073877,PAUSE
3177,0.000000,1.000000,0.030986,PAUSE
3178,0.000000,0.000000,0.028439,PAUSE
3179,1.000000,1.000000,0.014776,PAUSE
3180,0.000000,0.000000,0.032839,PAUSE
3181,0.000000,0.000000,0.106329,PAUSE
3182,0.000000,0.000000,0.238818,PAUSE
3183,1.000000,1.000000,0.110807,PAUSE
3184,1.000000,1.000000,0.047625,PAUSE
3185,0.000000,1.000000,0.020367,PAUSE
3186,0.000000,0.000000,0.023390,PAUSE
3187,0.000000,0.000000,0.075593,PAUSE
3188,0.000000,0.000000,0.190164,PAUSE
3189,0.000000,0.000000,0.347468,PAUSE
3190,1.000000,1.000000,0.157546,PAUSE
3191,0.000000,1.000000,0.066729,PAUSE
3192,0.000000,0.000000,0.055069,PAUSE
3193,1.000000,1.000000,0.026815,PAUSE
3194,0.000000,0.000000,0.043790,PAUSE
3195,0.000000,1.000000,0.022764,PAUSE
3196,0.000000,0.000000,0.044040,PAUSE
3197,1.000000,1.000000,0.023040,PAUSE
3198,0.000000,0.000000,0.044850,PAUSE
3199,1.000000,1.000000,0.023429,PAUSE
3200,0.000000,1.000000,0.011158,PAUSE
3201,0.000000,1.000000,0.005375,PAUSE
3202,1.000000,1.000000,0.002758,PAUSE
3203,0.000000,1.000000,0.001581,PAUSE
3204,1.000000,1.000000,0.001045,PAUSE
3205,1.000000,1.000000,0.000796,PAUSE
3206,0.000000,0.000000,0.007529,PAUSE
3207,1.000000,1.000000,0.005116,PAUSE
3208,0.000000,0.000000,0.022237,PAUSE
3209,0.000000,0.000000,0.087300,PAUSE
3210,0.000000,1.000000,0.043730,PAUSE
3211,0.000000,1.000000,0.019866,PAUSE
3212,0.000000,0.000000,0.029647,PAUSE
3213,0.000000,0.000000,0.093734,PAUSE
3214,0.000000,0.000000,0.219108,PAUSE
3215,0.000000,0.000000,0.380564,PAUSE
3216,0.000000,1.000000,0.171654,PAUSE
3217,1.000000,1.000000,0.072476,PAUSE
3218,1.000000,1.000000,0.030427,PAUSE
3219,0.000000,1.000000,0.012970,PAUSE
3220,1.000000,1.000000,0.005750,PAUSE
3221,0.000000,0.000000,0.011447,PAUSE
3222,0.000000,0.000000,0.053334,PAUSE
3223,0.000000,0.000000,0.154401,PAUSE
3224,0.000000,0.000000,0.304815,PAUSE
3225,1.000000,1.000000,0.139296,PAUSE
3226,0.000000,0.000000,0.127356,PAUSE
3227,0.000000,0.000000,0.218570,PAUSE
3228,1.000000,1.000000,0.101327,PAUSE
3229,0.000000,0.000000,0.103199,PAUSE
3230,1.000000,1.000000,0.048982,PAUSE
3231,0.000000,0.000000,0.063570,PAUSE
3232,0.000000,0.000000,0.150510,PAUSE
3233,0.000000,0.000000,0.294399,PAUSE
3234,0.000000,0.000000,0.458958,PAUSE
3235,0.000000,0.000000,0.611210,ALLOW
3236,1.000000,1.000000,0.268863,PAUSE
3237,0.000000,0.000000,0.195340,PAUSE
3238,0.000000,0.000000,0.267520,PAUSE
3239,0.000000,0.000000,0.407384,PAUSE
3240,1.000000,1.000000,0.182677,PAUSE
3241,0.000000,0.000000,0.150383,PAUSE
3242,1.000000,1.000000,0.068889,PAUSE
3243,1.000000,1.000000,0.029917,PAUSE
3244,0.000000,0.000000,0.033602,PAUSE
3245,1.000000,1.000000,0.017510,PAUSE
3246,0.000000,1.000000,0.008497,PAUSE
3247,0.000000,0.000000,0.019831,PAUSE
3248,0.000000,0.000000,0.077224,PAUSE
3249,0.000000,0.000000,0.195201,PAUSE
3250,0.000000,0.000000,0.353923,PAUSE
