============================================================
DT-3 SIMULATION LOG
START TIME: 2026-04-29 21:28:34.563494
============================================================

[SEQ 0] [LAYER INIT]
CMD      : ;START_OF_HEADER
TRUST    : acc_cmd=0.000 | acc_exec=0.000 | trust=0.900
DECISION : ALLOW
MACHINE  : Machine-3
------------------------------------------------------------
[SEQ 0] [STATIC-BASELINE]
CMD      : None | effects={}
DECISION : ALLOW
------------------------------------------------------------
[SEQ 0] [IEEE-BASELINE]
SCORE    : anomaly_score=0.000
DECISION : ALLOW
------------------------------------------------------------
[SEQ 1] [LAYER INIT]
CMD      : ;HEADER_VERSION:0.1
TRUST    : acc_cmd=0.000 | acc_exec=0.000 | trust=0.960
DECISION : ALLOW
MACHINE  : Machine-3
------------------------------------------------------------
[SEQ 1] [STATIC-BASELINE]
CMD      : None | effects={}
DECISION : ALLOW
------------------------------------------------------------
[SEQ 1] [IEEE-BASELINE]
SCORE    : anomaly_score=0.000
DECISION : ALLOW
------------------------------------------------------------
[SEQ 2] [LAYER INIT]
CMD      : M104 S220
TRUST    : acc_cmd=0.000 | acc_exec=0.000 | trust=0.984
DECISION : ALLOW
MACHINE  : Machine-3
------------------------------------------------------------
[SEQ 2] [STATIC-BASELINE]
CMD      : M104 | effects={'M': 104.0, 'S': 220.0, 'prev_temp': None}
DECISION : ALLOW
------------------------------------------------------------
[SEQ 2] [IEEE-BASELINE]
SCORE    : anomaly_score=0.000
DECISION : ALLOW
------------------------------------------------------------
[SEQ 3] [LAYER INIT]
CMD      : ;GENERATOR.NAME:Cura_SteamEngine
TRUST    : acc_cmd=0.000 | acc_exec=0.000 | trust=0.994
DECISION : ALLOW
MACHINE  : Machine-3
------------------------------------------------------------
[SEQ 3] [STATIC-BASELINE]
CMD      : None | effects={}
DECISION : ALLOW
------------------------------------------------------------
[SEQ 3] [IEEE-BASELINE]
SCORE    : anomaly_score=0.000
DECISION : ALLOW
------------------------------------------------------------
[SEQ 4] [LAYER INIT]
CMD      : ;GENERATOR.VERSION:5.11.0
TRUST    : acc_cmd=0.000 | acc_exec=0.000 | trust=0.997
DECISION : ALLOW
MACHINE  : Machine-3
------------------------------------------------------------
[SEQ 4] [STATIC-BASELINE]
CMD      : None | effects={}
DECISION : ALLOW
------------------------------------------------------------
[SEQ 4] [IEEE-BASELINE]
SCORE    : anomaly_score=0.000
DECISION : ALLOW
------------------------------------------------------------
[SEQ 5] [LAYER INIT]
CMD      : M104 S200
TRUST    : acc_cmd=0.000 | acc_exec=0.333 | trust=0.620
DECISION : ALLOW
MACHINE  : Machine-3
------------------------------------------------------------
[SEQ 5] [STATIC-BASELINE]
CMD      : M104 | effects={'M': 104.0, 'S': 200.0, 'prev_temp': 220.0}
DECISION : ALLOW
------------------------------------------------------------
[SEQ 5] [IEEE-BASELINE]
SCORE    : anomaly_score=0.000
DECISION : ALLOW
------------------------------------------------------------
[SEQ 6] [LAYER INIT]
CMD      : M104 S220
TRUST    : acc_cmd=0.000 | acc_exec=0.333 | trust=0.369
DECISION : PAUSE
MACHINE  : Machine-3
------------------------------------------------------------
[SEQ 6] [STATIC-BASELINE]
CMD      : M104 | effects={'M': 104.0, 'S': 220.0, 'prev_temp': 200.0}
DECISION : ALLOW
------------------------------------------------------------
[SEQ 6] [IEEE-BASELINE]
SCORE    : anomaly_score=0.000
DECISION : ALLOW
------------------------------------------------------------
[SEQ 7] [LAYER INIT]
CMD      : M104 S200
TRUST    : acc_cmd=0.000 | acc_exec=0.333 | trust=0.232
DECISION : PAUSE
MACHINE  : Machine-3
------------------------------------------------------------
[SEQ 7] [STATIC-BASELINE]
CMD      : M104 | effects={'M': 104.0, 'S': 200.0, 'prev_temp': 220.0}
DECISION : ALLOW
------------------------------------------------------------
[SEQ 7] [IEEE-BASELINE]
SCORE    : anomaly_score=2.000
DECISION : ALLOW
------------------------------------------------------------
[SEQ 8] [LAYER INIT]
CMD      : ;EXTRUDER_TRAIN.0.NOZZLE.DIAMETER:0.4
TRUST    : acc_cmd=0.000 | acc_exec=0.000 | trust=0.278
DECISION : PAUSE
MACHINE  : Machine-3
------------------------------------------------------------
[SEQ 8] [STATIC-BASELINE]
CMD      : None | effects={}
DECISION : ALLOW
------------------------------------------------------------
[SEQ 8] [IEEE-BASELINE]
SCORE    : anomaly_score=1.800
DECISION : ALLOW
------------------------------------------------------------
[SEQ 9] [LAYER INIT]
CMD      : M104 S220
TRUST    : acc_cmd=0.000 | acc_exec=0.333 | trust=0.220
DECISION : PAUSE
MACHINE  : Machine-3
------------------------------------------------------------
[SEQ 9] [STATIC-BASELINE]
CMD      : M104 | effects={'M': 104.0, 'S': 220.0, 'prev_temp': 200.0}
DECISION : ALLOW
------------------------------------------------------------
[SEQ 9] [IEEE-BASELINE]
SCORE    : anomaly_score=3.620
DECISION : ALLOW
------------------------------------------------------------
[SEQ 10] [LAYER INIT]
CMD      : M104 S200
TRUST    : acc_cmd=0.000 | acc_exec=0.333 | trust=0.167
DECISION : PAUSE
MACHINE  : Machine-3
------------------------------------------------------------
[SEQ 10] [STATIC-BASELINE]
CMD      : M104 | effects={'M': 104.0, 'S': 200.0, 'prev_temp': 220.0}
DECISION : ALLOW
------------------------------------------------------------
[SEQ 10] [IEEE-BASELINE]
SCORE    : anomaly_score=5.258
DECISION : ALLOW
------------------------------------------------------------
[SEQ 11] [LAYER INIT]
CMD      : ;BUILD_VOLUME.TEMPERATURE:0
TRUST    : acc_cmd=0.000 | acc_exec=0.000 | trust=0.245
DECISION : PAUSE
MACHINE  : Machine-3
------------------------------------------------------------
[SEQ 11] [STATIC-BASELINE]
CMD      : None | effects={}
DECISION : ALLOW
------------------------------------------------------------
[SEQ 11] [IEEE-BASELINE]
SCORE    : anomaly_score=4.732
DECISION : ALLOW
------------------------------------------------------------
[SEQ 12] [LAYER INIT]
CMD      : M104 S220
TRUST    : acc_cmd=0.000 | acc_exec=0.333 | trust=0.205
DECISION : PAUSE
MACHINE  : Machine-3
------------------------------------------------------------
[SEQ 12] [STATIC-BASELINE]
CMD      : M104 | effects={'M': 104.0, 'S': 220.0, 'prev_temp': 200.0}
DECISION : ALLOW
------------------------------------------------------------
[SEQ 12] [IEEE-BASELINE]
SCORE    : anomaly_score=6.259
DECISION : ALLOW
------------------------------------------------------------
[SEQ 13] [LAYER INIT]
CMD      : M104 S200
TRUST    : acc_cmd=0.000 | acc_exec=0.333 | trust=0.160
DECISION : PAUSE
MACHINE  : Machine-3
------------------------------------------------------------
[SEQ 13] [STATIC-BASELINE]
CMD      : M104 | effects={'M': 104.0, 'S': 200.0, 'prev_temp': 220.0}
DECISION : ALLOW
------------------------------------------------------------
[SEQ 13] [IEEE-BASELINE]
SCORE    : anomaly_score=7.633
DECISION : ALLOW
------------------------------------------------------------
[SEQ 14] [LAYER INIT]
CMD      : M104 S220
TRUST    : acc_cmd=0.000 | acc_exec=0.333 | trust=0.129
DECISION : PAUSE
MACHINE  : Machine-3
------------------------------------------------------------
[SEQ 14] [STATIC-BASELINE]
CMD      : M104 | effects={'M': 104.0, 'S': 220.0, 'prev_temp': 200.0}
DECISION : ALLOW
------------------------------------------------------------
[SEQ 14] [IEEE-BASELINE]
SCORE    : anomaly_score=8.870
DECISION : ALLOW
------------------------------------------------------------
[SEQ 15] [LAYER INIT]
CMD      : M104 S200
TRUST    : acc_cmd=0.000 | acc_exec=0.333 | trust=0.110
DECISION : PAUSE
MACHINE  : Machine-3
------------------------------------------------------------
[SEQ 15] [STATIC-BASELINE]
CMD      : M104 | effects={'M': 104.0, 'S': 200.0, 'prev_temp': 220.0}
DECISION : ALLOW
------------------------------------------------------------
[SEQ 15] [IEEE-BASELINE]
SCORE    : anomaly_score=9.983
DECISION : ALLOW
------------------------------------------------------------
[SEQ 16] [LAYER INIT]
CMD      : M104 S220
TRUST    : acc_cmd=0.000 | acc_exec=0.333 | trust=0.098
DECISION : PAUSE
MACHINE  : Machine-3
------------------------------------------------------------
[SEQ 16] [STATIC-BASELINE]
CMD      : M104 | effects={'M': 104.0, 'S': 220.0, 'prev_temp': 200.0}
DECISION : ALLOW
------------------------------------------------------------
[SEQ 16] [IEEE-BASELINE]
SCORE    : anomaly_score=10.985
DECISION : ALLOW
------------------------------------------------------------
[SEQ 17] [LAYER INIT]
CMD      : ;PRINT.SIZE.MAX.Y:0.01
TRUST    : acc_cmd=0.000 | acc_exec=0.000 | trust=0.181
DECISION : PAUSE
MACHINE  : Machine-3
------------------------------------------------------------
[SEQ 17] [STATIC-BASELINE]
CMD      : None | effects={}
DECISION : ALLOW
------------------------------------------------------------
[SEQ 17] [IEEE-BASELINE]
SCORE    : anomaly_score=9.886
DECISION : ALLOW
------------------------------------------------------------
[SEQ 18] [LAYER INIT]
CMD      : ;PRINT.SIZE.MAX.Z:0.01
TRUST    : acc_cmd=0.000 | acc_exec=0.000 | trust=0.325
DECISION : PAUSE
MACHINE  : Machine-3
------------------------------------------------------------
[SEQ 18] [STATIC-BASELINE]
CMD      : None | effects={}
DECISION : ALLOW
------------------------------------------------------------
[SEQ 18] [IEEE-BASELINE]
SCORE    : anomaly_score=8.897
DECISION : ALLOW
------------------------------------------------------------
[SEQ 19] [LAYER INIT]
CMD      : M104 S200
TRUST    : acc_cmd=0.000 | acc_exec=0.333 | trust=0.262
DECISION : PAUSE
MACHINE  : Machine-3
------------------------------------------------------------
[SEQ 19] [STATIC-BASELINE]
CMD      : M104 | effects={'M': 104.0, 'S': 200.0, 'prev_temp': 220.0}
DECISION : ALLOW
------------------------------------------------------------
[SEQ 19] [IEEE-BASELINE]
SCORE    : anomaly_score=10.008
DECISION : ALLOW
------------------------------------------------------------
[SEQ 20] [LAYER INIT]
CMD      : M104 S220
TRUST    : acc_cmd=0.000 | acc_exec=0.333 | trust=0.193
DECISION : PAUSE
MACHINE  : Machine-3
------------------------------------------------------------
[SEQ 20] [STATIC-BASELINE]
CMD      : M104 | effects={'M': 104.0, 'S': 220.0, 'prev_temp': 200.0}
DECISION : ALLOW
------------------------------------------------------------
[SEQ 20] [IEEE-BASELINE]
SCORE    : anomaly_score=11.007
DECISION : ALLOW
------------------------------------------------------------
[SEQ 21] [LAYER INIT]
CMD      : M104 S200
TRUST    : acc_cmd=0.000 | acc_exec=0.333 | trust=0.147
DECISION : PAUSE
MACHINE  : Machine-3
------------------------------------------------------------
[SEQ 21] [STATIC-BASELINE]
CMD      : M104 | effects={'M': 104.0, 'S': 200.0, 'prev_temp': 220.0}
DECISION : ALLOW
------------------------------------------------------------
[SEQ 21] [IEEE-BASELINE]
SCORE    : anomaly_score=11.906
DECISION : ALERT
------------------------------------------------------------
[SEQ 22] [LAYER INIT]
CMD      : M104 S220
TRUST    : acc_cmd=0.000 | acc_exec=0.333 | trust=0.120
DECISION : PAUSE
MACHINE  : Machine-3
------------------------------------------------------------
[SEQ 22] [STATIC-BASELINE]
CMD      : M104 | effects={'M': 104.0, 'S': 220.0, 'prev_temp': 200.0}
DECISION : ALLOW
------------------------------------------------------------
[SEQ 22] [IEEE-BASELINE]
SCORE    : anomaly_score=12.716
DECISION : ALLOW
------------------------------------------------------------
[SEQ 23] [LAYER INIT]
CMD      : T0
TRUST    : acc_cmd=0.000 | acc_exec=0.000 | trust=0.200
DECISION : PAUSE
MACHINE  : Machine-3
------------------------------------------------------------
[SEQ 23] [STATIC-BASELINE]
CMD      : T0 | effects={'T': 0.0}
DECISION : ALLOW
------------------------------------------------------------
[SEQ 23] [IEEE-BASELINE]
SCORE    : anomaly_score=11.444
DECISION : ALLOW
------------------------------------------------------------
[SEQ 24] [LAYER INIT]
CMD      : M104 S200
TRUST    : acc_cmd=0.000 | acc_exec=0.333 | trust=0.177
DECISION : PAUSE
MACHINE  : Machine-3
------------------------------------------------------------
[SEQ 24] [STATIC-BASELINE]
CMD      : M104 | effects={'M': 104.0, 'S': 200.0, 'prev_temp': 220.0}
DECISION : ALLOW
------------------------------------------------------------
[SEQ 24] [IEEE-BASELINE]
SCORE    : anomaly_score=12.300
DECISION : ALLOW
------------------------------------------------------------
[SEQ 25] [LAYER INIT]
CMD      : M82 ;absolute extrusion mode
TRUST    : acc_cmd=0.000 | acc_exec=0.000 | trust=0.272
DECISION : PAUSE
MACHINE  : Machine-3
------------------------------------------------------------
[SEQ 25] [STATIC-BASELINE]
CMD      : M82 | effects={'e_mode': 'absolute'}
DECISION : ALLOW
------------------------------------------------------------
[SEQ 25] [IEEE-BASELINE]
SCORE    : anomaly_score=11.070
DECISION : ALLOW
------------------------------------------------------------
[SEQ 26] [LAYER INIT]
CMD      : M104 S220
TRUST    : acc_cmd=0.000 | acc_exec=0.333 | trust=0.223
DECISION : PAUSE
MACHINE  : Machine-3
------------------------------------------------------------
[SEQ 26] [STATIC-BASELINE]
CMD      : M104 | effects={'M': 104.0, 'S': 220.0, 'prev_temp': 200.0}
DECISION : ALLOW
------------------------------------------------------------
[SEQ 26] [IEEE-BASELINE]
SCORE    : anomaly_score=11.963
DECISION : ALLOW
------------------------------------------------------------
[SEQ 27] [LAYER INIT]
CMD      : M104 S200
TRUST    : acc_cmd=0.000 | acc_exec=0.333 | trust=0.171
DECISION : PAUSE
MACHINE  : Machine-3
------------------------------------------------------------
[SEQ 27] [STATIC-BASELINE]
CMD      : M104 | effects={'M': 104.0, 'S': 200.0, 'prev_temp': 220.0}
DECISION : ALLOW
------------------------------------------------------------
[SEQ 27] [IEEE-BASELINE]
SCORE    : anomaly_score=12.766
DECISION : ALLOW
------------------------------------------------------------
[SEQ 28] [LAYER INIT]
CMD      : M104 S220
TRUST    : acc_cmd=0.000 | acc_exec=0.333 | trust=0.135
DECISION : PAUSE
MACHINE  : Machine-3
------------------------------------------------------------
[SEQ 28] [STATIC-BASELINE]
CMD      : M104 | effects={'M': 104.0, 'S': 220.0, 'prev_temp': 200.0}
DECISION : ALLOW
------------------------------------------------------------
[SEQ 28] [IEEE-BASELINE]
SCORE    : anomaly_score=13.490
DECISION : ALLOW
------------------------------------------------------------
[SEQ 29] [LAYER INIT]
CMD      : M104 S200
TRUST    : acc_cmd=0.000 | acc_exec=0.333 | trust=0.113
DECISION : PAUSE
MACHINE  : Machine-3
------------------------------------------------------------
[SEQ 29] [STATIC-BASELINE]
CMD      : M104 | effects={'M': 104.0, 'S': 200.0, 'prev_temp': 220.0}
DECISION : ALLOW
------------------------------------------------------------
[SEQ 29] [IEEE-BASELINE]
SCORE    : anomaly_score=14.141
DECISION : ALLOW
------------------------------------------------------------
[SEQ 30] [LAYER INIT]
CMD      : G280 S1
TRUST    : acc_cmd=0.000 | acc_exec=0.000 | trust=0.195
DECISION : PAUSE
MACHINE  : Machine-3
------------------------------------------------------------
[SEQ 30] [STATIC-BASELINE]
CMD      : G280 | effects={'G': 280.0, 'S': 1.0}
DECISION : ALLOW
------------------------------------------------------------
[SEQ 30] [IEEE-BASELINE]
SCORE    : anomaly_score=12.727
DECISION : ALLOW
------------------------------------------------------------
[SEQ 31] [LAYER INIT]
CMD      : M104 S220
TRUST    : acc_cmd=0.000 | acc_exec=0.333 | trust=0.174
DECISION : PAUSE
MACHINE  : Machine-3
------------------------------------------------------------
[SEQ 31] [STATIC-BASELINE]
CMD      : M104 | effects={'M': 104.0, 'S': 220.0, 'prev_temp': 200.0}
DECISION : ALLOW
------------------------------------------------------------
[SEQ 31] [IEEE-BASELINE]
SCORE    : anomaly_score=13.454
DECISION : ALLOW
------------------------------------------------------------
[SEQ 32] [LAYER INIT]
CMD      : G1 F1500 E-6.5
TRUST    : acc_cmd=0.000 | acc_exec=0.000 | trust=0.269
DECISION : PAUSE
MACHINE  : Machine-3
------------------------------------------------------------
[SEQ 32] [STATIC-BASELINE]
CMD      : G1 | effects={'dx': 0.0, 'dy': 0.0, 'dz': 0.0, 'de': -6.5, 'xy_dist': 0.0, 'params': {'G': 1.0, 'F': 1500.0, 'E': -6.5}}
DECISION : ALLOW
------------------------------------------------------------
[SEQ 32] [IEEE-BASELINE]
SCORE    : anomaly_score=12.109
DECISION : ALLOW
------------------------------------------------------------
[SEQ 33] [LAYER INIT]
CMD      : M104 S200
TRUST    : acc_cmd=0.000 | acc_exec=0.333 | trust=0.222
DECISION : PAUSE
MACHINE  : Machine-3
------------------------------------------------------------
[SEQ 33] [STATIC-BASELINE]
CMD      : M104 | effects={'M': 104.0, 'S': 200.0, 'prev_temp': 220.0}
DECISION : ALLOW
------------------------------------------------------------
[SEQ 33] [IEEE-BASELINE]
SCORE    : anomaly_score=12.898
DECISION : ALLOW
------------------------------------------------------------
[SEQ 34] [LAYER 0]
CMD      : ;LAYER:0
TRUST    : acc_cmd=0.000 | acc_exec=0.000 | trust=0.310
DECISION : PAUSE
MACHINE  : Machine-3
------------------------------------------------------------
[SEQ 34] [STATIC-BASELINE]
CMD      : None | effects={}
DECISION : ALLOW
------------------------------------------------------------
[SEQ 34] [IEEE-BASELINE]
SCORE    : anomaly_score=11.608
DECISION : ALLOW
------------------------------------------------------------
[SEQ 35] [LAYER 0]
CMD      : M107
TRUST    : acc_cmd=0.000 | acc_exec=0.000 | trust=0.454
DECISION : PAUSE
MACHINE  : Machine-3
------------------------------------------------------------
[SEQ 35] [STATIC-BASELINE]
CMD      : M107 | effects={'M': 107.0}
DECISION : ALLOW
------------------------------------------------------------
[SEQ 35] [IEEE-BASELINE]
SCORE    : anomaly_score=10.447
DECISION : ALLOW
------------------------------------------------------------
[SEQ 36] [LAYER 0]
CMD      : M104 S220
TRUST    : acc_cmd=0.000 | acc_exec=0.333 | trust=0.336
DECISION : PAUSE
MACHINE  : Machine-3
------------------------------------------------------------
[SEQ 36] [STATIC-BASELINE]
CMD      : M104 | effects={'M': 104.0, 'S': 220.0, 'prev_temp': 200.0}
DECISION : ALLOW
------------------------------------------------------------
[SEQ 36] [IEEE-BASELINE]
SCORE    : anomaly_score=11.402
DECISION : ALLOW
------------------------------------------------------------
[SEQ 37] [LAYER 0]
CMD      : M104 S200
TRUST    : acc_cmd=0.000 | acc_exec=0.333 | trust=0.232
DECISION : PAUSE
MACHINE  : Machine-3
------------------------------------------------------------
[SEQ 37] [STATIC-BASELINE]
CMD      : M104 | effects={'M': 104.0, 'S': 200.0, 'prev_temp': 220.0}
DECISION : ALLOW
------------------------------------------------------------
[SEQ 37] [IEEE-BASELINE]
SCORE    : anomaly_score=12.262
DECISION : ALLOW
------------------------------------------------------------
[SEQ 38] [LAYER 0]
CMD      : M104 S220
TRUST    : acc_cmd=0.000 | acc_exec=0.333 | trust=0.167
DECISION : PAUSE
MACHINE  : Machine-3
------------------------------------------------------------
[SEQ 38] [STATIC-BASELINE]
CMD      : M104 | effects={'M': 104.0, 'S': 220.0, 'prev_temp': 200.0}
DECISION : ALLOW
------------------------------------------------------------
[SEQ 38] [IEEE-BASELINE]
SCORE    : anomaly_score=13.036
DECISION : ALLOW
------------------------------------------------------------
[SEQ 39] [LAYER 0]
CMD      : M104 S200
TRUST    : acc_cmd=0.000 | acc_exec=0.333 | trust=0.130
DECISION : PAUSE
MACHINE  : Machine-3
------------------------------------------------------------
[SEQ 39] [STATIC-BASELINE]
CMD      : M104 | effects={'M': 104.0, 'S': 200.0, 'prev_temp': 220.0}
DECISION : ALLOW
------------------------------------------------------------
[SEQ 39] [IEEE-BASELINE]
SCORE    : anomaly_score=13.732
DECISION : ALLOW
------------------------------------------------------------
[SEQ 40] [LAYER 0]
CMD      : M104 S220
TRUST    : acc_cmd=0.000 | acc_exec=0.333 | trust=0.109
DECISION : PAUSE
MACHINE  : Machine-3
------------------------------------------------------------
[SEQ 40] [STATIC-BASELINE]
CMD      : M104 | effects={'M': 104.0, 'S': 220.0, 'prev_temp': 200.0}
DECISION : ALLOW
------------------------------------------------------------
[SEQ 40] [IEEE-BASELINE]
SCORE    : anomaly_score=14.359
DECISION : ALLOW
------------------------------------------------------------
[SEQ 41] [LAYER 0]
CMD      : M104 S200
TRUST    : acc_cmd=0.000 | acc_exec=0.333 | trust=0.097
DECISION : PAUSE
MACHINE  : Machine-3
------------------------------------------------------------
[SEQ 41] [STATIC-BASELINE]
CMD      : M104 | effects={'M': 104.0, 'S': 200.0, 'prev_temp': 220.0}
DECISION : ALLOW
------------------------------------------------------------
[SEQ 41] [IEEE-BASELINE]
SCORE    : anomaly_score=14.923
DECISION : ALLOW
------------------------------------------------------------
[SEQ 42] [LAYER 0]
CMD      : G1 X162.25 Y111.664 E0.10283
TRUST    : acc_cmd=0.000 | acc_exec=0.000 | trust=0.180
DECISION : PAUSE
MACHINE  : Machine-3
------------------------------------------------------------
[SEQ 42] [STATIC-BASELINE]
CMD      : G1 | effects={'dx': 162.25, 'dy': 111.664, 'dz': 0.0, 'de': 6.60283, 'xy_dist': 196.96170032775407, 'params': {'G': 1.0, 'X': 162.25, 'Y': 111.664, 'E': 0.10283}}
DECISION : ALLOW
------------------------------------------------------------
[SEQ 42] [IEEE-BASELINE]
SCORE    : anomaly_score=13.431
DECISION : ALLOW
------------------------------------------------------------
[SEQ 43] [LAYER 0]
CMD      : M104 S220
TRUST    : acc_cmd=0.000 | acc_exec=0.333 | trust=0.165
DECISION : PAUSE
MACHINE  : Machine-3
------------------------------------------------------------
[SEQ 43] [STATIC-BASELINE]
CMD      : M104 | effects={'M': 104.0, 'S': 220.0, 'prev_temp': 200.0}
DECISION : ALLOW
------------------------------------------------------------
[SEQ 43] [IEEE-BASELINE]
SCORE    : anomaly_score=14.088
DECISION : ALLOW
------------------------------------------------------------
[SEQ 44] [LAYER 0]
CMD      : M104 S200
TRUST    : acc_cmd=0.000 | acc_exec=0.333 | trust=0.138
DECISION : PAUSE
MACHINE  : Machine-3
------------------------------------------------------------
[SEQ 44] [STATIC-BASELINE]
CMD      : M104 | effects={'M': 104.0, 'S': 200.0, 'prev_temp': 220.0}
DECISION : ALLOW
------------------------------------------------------------
[SEQ 44] [IEEE-BASELINE]
SCORE    : anomaly_score=14.679
DECISION : ALLOW
------------------------------------------------------------
[SEQ 45] [LAYER 0]
CMD      : M104 S220
TRUST    : acc_cmd=0.000 | acc_exec=0.333 | trust=0.117
DECISION : PAUSE
MACHINE  : Machine-3
------------------------------------------------------------
[SEQ 45] [STATIC-BASELINE]
CMD      : M104 | effects={'M': 104.0, 'S': 220.0, 'prev_temp': 200.0}
DECISION : ALLOW
------------------------------------------------------------
[SEQ 45] [IEEE-BASELINE]
SCORE    : anomaly_score=15.211
DECISION : ALLOW
------------------------------------------------------------
[SEQ 46] [LAYER 0]
CMD      : G1 X170.573 Y113.042 E0.26782
TRUST    : acc_cmd=0.000 | acc_exec=0.000 | trust=0.200
DECISION : PAUSE
MACHINE  : Machine-3
------------------------------------------------------------
[SEQ 46] [STATIC-BASELINE]
CMD      : G1 | effects={'dx': 8.323000000000008, 'dy': 1.3780000000000001, 'dz': 0.0, 'de': 0.16499, 'xy_dist': 8.436303278095219, 'params': {'G': 1.0, 'X': 170.573, 'Y': 113.042, 'E': 0.26782}}
DECISION : ALLOW
------------------------------------------------------------
[SEQ 46] [IEEE-BASELINE]
SCORE    : anomaly_score=13.690
DECISION : ALLOW
------------------------------------------------------------
[SEQ 47] [LAYER 0]
CMD      : M104 S200
TRUST    : acc_cmd=0.000 | acc_exec=0.333 | trust=0.177
DECISION : PAUSE
MACHINE  : Machine-3
------------------------------------------------------------
[SEQ 47] [STATIC-BASELINE]
CMD      : M104 | effects={'M': 104.0, 'S': 200.0, 'prev_temp': 220.0}
DECISION : ALLOW
------------------------------------------------------------
[SEQ 47] [IEEE-BASELINE]
SCORE    : anomaly_score=14.321
DECISION : ALLOW
------------------------------------------------------------
[SEQ 48] [LAYER 0]
CMD      : M104 S220
TRUST    : acc_cmd=0.000 | acc_exec=0.333 | trust=0.145
DECISION : PAUSE
MACHINE  : Machine-3
------------------------------------------------------------
[SEQ 48] [STATIC-BASELINE]
CMD      : M104 | effects={'M': 104.0, 'S': 220.0, 'prev_temp': 200.0}
DECISION : ALLOW
------------------------------------------------------------
[SEQ 48] [IEEE-BASELINE]
SCORE    : anomaly_score=14.889
DECISION : ALLOW
------------------------------------------------------------
[SEQ 49] [LAYER 0]
CMD      : G1 X173.79 Y118.663 E0.39158
TRUST    : acc_cmd=0.000 | acc_exec=0.000 | trust=0.229
DECISION : PAUSE
MACHINE  : Machine-3
------------------------------------------------------------
[SEQ 49] [STATIC-BASELINE]
CMD      : G1 | effects={'dx': 3.2169999999999845, 'dy': 5.620999999999995, 'dz': 0.0, 'de': 0.12375999999999998, 'xy_dist': 6.476475121545658, 'params': {'G': 1.0, 'X': 173.79, 'Y': 118.663, 'E': 0.39158}}
DECISION : ALLOW
------------------------------------------------------------
[SEQ 49] [IEEE-BASELINE]
SCORE    : anomaly_score=13.400
DECISION : ALLOW
------------------------------------------------------------
[SEQ 50] [LAYER 0]
CMD      : G1 X173.743 Y121.418 E0.44341
TRUST    : acc_cmd=0.000 | acc_exec=0.000 | trust=0.374
DECISION : PAUSE
MACHINE  : Machine-3
------------------------------------------------------------
[SEQ 50] [STATIC-BASELINE]
CMD      : G1 | effects={'dx': -0.046999999999997044, 'dy': 2.7550000000000097, 'dz': 0.0, 'de': 0.05183000000000004, 'xy_dist': 2.755400878275256, 'params': {'G': 1.0, 'X': 173.743, 'Y': 121.418, 'E': 0.44341}}
DECISION : ALLOW
------------------------------------------------------------
[SEQ 50] [IEEE-BASELINE]
SCORE    : anomaly_score=12.060
DECISION : ALLOW
------------------------------------------------------------
[SEQ 51] [LAYER 0]
CMD      : M104 S200
TRUST    : acc_cmd=0.000 | acc_exec=0.333 | trust=0.290
DECISION : PAUSE
MACHINE  : Machine-3
------------------------------------------------------------
[SEQ 51] [STATIC-BASELINE]
CMD      : M104 | effects={'M': 104.0, 'S': 200.0, 'prev_temp': 220.0}
DECISION : ALLOW
------------------------------------------------------------
[SEQ 51] [IEEE-BASELINE]
SCORE    : anomaly_score=12.854
DECISION : ALLOW
------------------------------------------------------------
[SEQ 52] [LAYER 0]
CMD      : G1 X171.718 Y125.767 E0.53448
TRUST    : acc_cmd=0.000 | acc_exec=0.000 | trust=0.367
DECISION : PAUSE
MACHINE  : Machine-3
------------------------------------------------------------
[SEQ 52] [STATIC-BASELINE]
CMD      : G1 | effects={'dx': -2.0250000000000057, 'dy': 4.3489999999999895, 'dz': 0.0, 'de': 0.09106999999999993, 'xy_dist': 4.7973353020192295, 'params': {'G': 1.0, 'X': 171.718, 'Y': 125.767, 'E': 0.53448}}
DECISION : ALLOW
------------------------------------------------------------
[SEQ 52] [IEEE-BASELINE]
SCORE    : anomaly_score=11.569
DECISION : ALLOW
------------------------------------------------------------
[SEQ 53] [LAYER 0]
CMD      : M104 S220
TRUST    : acc_cmd=0.000 | acc_exec=0.333 | trust=0.278
DECISION : PAUSE
MACHINE  : Machine-3
------------------------------------------------------------
[SEQ 53] [STATIC-BASELINE]
CMD      : M104 | effects={'M': 104.0, 'S': 220.0, 'prev_temp': 200.0}
DECISION : ALLOW
------------------------------------------------------------
[SEQ 53] [IEEE-BASELINE]
SCORE    : anomaly_score=12.412
DECISION : ALLOW
------------------------------------------------------------
[SEQ 54] [LAYER 0]
CMD      : M104 S200
TRUST    : acc_cmd=0.000 | acc_exec=0.333 | trust=0.200
DECISION : PAUSE
MACHINE  : Machine-3
------------------------------------------------------------
[SEQ 54] [STATIC-BASELINE]
CMD      : M104 | effects={'M': 104.0, 'S': 200.0, 'prev_temp': 220.0}
DECISION : ALLOW
------------------------------------------------------------
[SEQ 54] [IEEE-BASELINE]
SCORE    : anomaly_score=13.171
DECISION : ALLOW
------------------------------------------------------------
[SEQ 55] [LAYER 0]
CMD      : M104 S220
TRUST    : acc_cmd=0.000 | acc_exec=0.333 | trust=0.150
DECISION : PAUSE
MACHINE  : Machine-3
------------------------------------------------------------
[SEQ 55] [STATIC-BASELINE]
CMD      : M104 | effects={'M': 104.0, 'S': 220.0, 'prev_temp': 200.0}
DECISION : ALLOW
------------------------------------------------------------
[SEQ 55] [IEEE-BASELINE]
SCORE    : anomaly_score=13.854
DECISION : ALLOW
------------------------------------------------------------
[SEQ 56] [LAYER 0]
CMD      : M104 S200
TRUST    : acc_cmd=0.000 | acc_exec=0.333 | trust=0.121
DECISION : PAUSE
MACHINE  : Machine-3
------------------------------------------------------------
[SEQ 56] [STATIC-BASELINE]
CMD      : M104 | effects={'M': 104.0, 'S': 200.0, 'prev_temp': 220.0}
DECISION : ALLOW
------------------------------------------------------------
[SEQ 56] [IEEE-BASELINE]
SCORE    : anomaly_score=14.468
DECISION : ALLOW
------------------------------------------------------------
[SEQ 57] [LAYER 0]
CMD      : M104 S220
TRUST    : acc_cmd=0.000 | acc_exec=0.333 | trust=0.104
DECISION : PAUSE
MACHINE  : Machine-3
------------------------------------------------------------
[SEQ 57] [STATIC-BASELINE]
CMD      : M104 | effects={'M': 104.0, 'S': 220.0, 'prev_temp': 200.0}
DECISION : ALLOW
------------------------------------------------------------
[SEQ 57] [IEEE-BASELINE]
SCORE    : anomaly_score=15.021
DECISION : ALLOW
------------------------------------------------------------
[SEQ 58] [LAYER 0]
CMD      : M104 S200
TRUST    : acc_cmd=0.000 | acc_exec=0.333 | trust=0.095
DECISION : PAUSE
MACHINE  : Machine-3
------------------------------------------------------------
[SEQ 58] [STATIC-BASELINE]
CMD      : M104 | effects={'M': 104.0, 'S': 200.0, 'prev_temp': 220.0}
DECISION : ALLOW
------------------------------------------------------------
[SEQ 58] [IEEE-BASELINE]
SCORE    : anomaly_score=15.519
DECISION : ALLOW
------------------------------------------------------------
[SEQ 59] [LAYER 0]
CMD      : G1 X157.045 Y123.998 E0.86099
TRUST    : acc_cmd=0.000 | acc_exec=0.000 | trust=0.178
DECISION : PAUSE
MACHINE  : Machine-3
------------------------------------------------------------
[SEQ 59] [STATIC-BASELINE]
CMD      : G1 | effects={'dx': -14.673000000000002, 'dy': -1.7689999999999912, 'dz': 0.0, 'de': 0.3265100000000001, 'xy_dist': 14.779252010842768, 'params': {'G': 1.0, 'X': 157.045, 'Y': 123.998, 'E': 0.86099}}
DECISION : ALLOW
------------------------------------------------------------
[SEQ 59] [IEEE-BASELINE]
SCORE    : anomaly_score=13.967
DECISION : ALLOW
------------------------------------------------------------
[SEQ 60] [LAYER 0]
CMD      : M104 S220
TRUST    : acc_cmd=0.000 | acc_exec=0.333 | trust=0.163
DECISION : PAUSE
MACHINE  : Machine-3
------------------------------------------------------------
[SEQ 60] [STATIC-BASELINE]
CMD      : M104 | effects={'M': 104.0, 'S': 220.0, 'prev_temp': 200.0}
DECISION : ALLOW
------------------------------------------------------------
[SEQ 60] [IEEE-BASELINE]
SCORE    : anomaly_score=14.571
DECISION : ALLOW
------------------------------------------------------------
[SEQ 61] [LAYER 0]
CMD      : M104 S200
TRUST    : acc_cmd=0.000 | acc_exec=0.333 | trust=0.137
DECISION : PAUSE
MACHINE  : Machine-3
------------------------------------------------------------
[SEQ 61] [STATIC-BASELINE]
CMD      : M104 | effects={'M': 104.0, 'S': 200.0, 'prev_temp': 220.0}
DECISION : ALLOW
------------------------------------------------------------
[SEQ 61] [IEEE-BASELINE]
SCORE    : anomaly_score=15.114
DECISION : ALLOW
------------------------------------------------------------
[SEQ 62] [LAYER 0]
CMD      : M104 S220
TRUST    : acc_cmd=0.000 | acc_exec=0.333 | trust=0.117
DECISION : PAUSE
MACHINE  : Machine-3
------------------------------------------------------------
[SEQ 62] [STATIC-BASELINE]
CMD      : M104 | effects={'M': 104.0, 'S': 220.0, 'prev_temp': 200.0}
DECISION : ALLOW
------------------------------------------------------------
[SEQ 62] [IEEE-BASELINE]
SCORE    : anomaly_score=15.602
DECISION : ALLOW
------------------------------------------------------------
[SEQ 63] [LAYER 0]
CMD      : M104 S200
TRUST    : acc_cmd=0.000 | acc_exec=0.333 | trust=0.103
DECISION : PAUSE
MACHINE  : Machine-3
------------------------------------------------------------
[SEQ 63] [STATIC-BASELINE]
CMD      : M104 | effects={'M': 104.0, 'S': 200.0, 'prev_temp': 220.0}
DECISION : ALLOW
------------------------------------------------------------
[SEQ 63] [IEEE-BASELINE]
SCORE    : anomaly_score=16.042
DECISION : ALLOW
------------------------------------------------------------
[SEQ 64] [LAYER 0]
CMD      : G1 X157.211 Y115.973 E1.01738
TRUST    : acc_cmd=0.000 | acc_exec=0.000 | trust=0.186
DECISION : PAUSE
MACHINE  : Machine-3
------------------------------------------------------------
[SEQ 64] [STATIC-BASELINE]
CMD      : G1 | effects={'dx': 0.16600000000002524, 'dy': -8.025000000000006, 'dz': 0.0, 'de': 0.15638999999999992, 'xy_dist': 8.026716701117593, 'params': {'G': 1.0, 'X': 157.211, 'Y': 115.973, 'E': 1.01738}}
DECISION : ALLOW
------------------------------------------------------------
[SEQ 64] [IEEE-BASELINE]
SCORE    : anomaly_score=14.438
DECISION : ALLOW
------------------------------------------------------------
[SEQ 65] [LAYER 0]
CMD      : M104 S220
TRUST    : acc_cmd=0.000 | acc_exec=0.333 | trust=0.169
DECISION : PAUSE
MACHINE  : Machine-3
------------------------------------------------------------
[SEQ 65] [STATIC-BASELINE]
CMD      : M104 | effects={'M': 104.0, 'S': 220.0, 'prev_temp': 200.0}
DECISION : ALLOW
------------------------------------------------------------
[SEQ 65] [IEEE-BASELINE]
SCORE    : anomaly_score=14.994
DECISION : ALLOW
------------------------------------------------------------
[SEQ 66] [LAYER 0]
CMD      : M104 S200
TRUST    : acc_cmd=0.000 | acc_exec=0.333 | trust=0.140
DECISION : PAUSE
MACHINE  : Machine-3
------------------------------------------------------------
[SEQ 66] [STATIC-BASELINE]
CMD      : M104 | effects={'M': 104.0, 'S': 200.0, 'prev_temp': 220.0}
DECISION : ALLOW
------------------------------------------------------------
[SEQ 66] [IEEE-BASELINE]
SCORE    : anomaly_score=15.495
DECISION : ALLOW
------------------------------------------------------------
[SEQ 67] [LAYER 0]
CMD      : M104 S220
TRUST    : acc_cmd=0.000 | acc_exec=0.333 | trust=0.118
DECISION : PAUSE
MACHINE  : Machine-3
------------------------------------------------------------
[SEQ 67] [STATIC-BASELINE]
CMD      : M104 | effects={'M': 104.0, 'S': 220.0, 'prev_temp': 200.0}
DECISION : ALLOW
------------------------------------------------------------
[SEQ 67] [IEEE-BASELINE]
SCORE    : anomaly_score=15.945
DECISION : ALLOW
------------------------------------------------------------
[SEQ 68] [LAYER 0]
CMD      : G1 X160.354 Y112.955 E1.09931
TRUST    : acc_cmd=0.000 | acc_exec=0.000 | trust=0.201
DECISION : PAUSE
MACHINE  : Machine-3
------------------------------------------------------------
[SEQ 68] [STATIC-BASELINE]
CMD      : G1 | effects={'dx': 3.1430000000000007, 'dy': -3.0180000000000007, 'dz': 0.0, 'de': 0.08193000000000006, 'xy_dist': 4.357381438432951, 'params': {'G': 1.0, 'X': 160.354, 'Y': 112.955, 'E': 1.09931}}
DECISION : ALLOW
------------------------------------------------------------
[SEQ 68] [IEEE-BASELINE]
SCORE    : anomaly_score=14.351
DECISION : ALLOW
------------------------------------------------------------
[SEQ 69] [LAYER 0]
CMD      : M104 S200
TRUST    : acc_cmd=0.000 | acc_exec=0.333 | trust=0.178
DECISION : PAUSE
MACHINE  : Machine-3
------------------------------------------------------------
[SEQ 69] [STATIC-BASELINE]
CMD      : M104 | effects={'M': 104.0, 'S': 200.0, 'prev_temp': 220.0}
DECISION : ALLOW
------------------------------------------------------------
[SEQ 69] [IEEE-BASELINE]
SCORE    : anomaly_score=14.916
DECISION : ALLOW
------------------------------------------------------------
[SEQ 70] [LAYER 0]
CMD      : M104 S220
TRUST    : acc_cmd=0.000 | acc_exec=0.333 | trust=0.146
DECISION : PAUSE
MACHINE  : Machine-3
------------------------------------------------------------
[SEQ 70] [STATIC-BASELINE]
CMD      : M104 | effects={'M': 104.0, 'S': 220.0, 'prev_temp': 200.0}
DECISION : ALLOW
------------------------------------------------------------
[SEQ 70] [IEEE-BASELINE]
SCORE    : anomaly_score=15.424
DECISION : ALLOW
------------------------------------------------------------
[SEQ 71] [LAYER 0]
CMD      : M104 S200
TRUST    : acc_cmd=0.000 | acc_exec=0.333 | trust=0.121
DECISION : PAUSE
MACHINE  : Machine-3
------------------------------------------------------------
[SEQ 71] [STATIC-BASELINE]
CMD      : M104 | effects={'M': 104.0, 'S': 200.0, 'prev_temp': 220.0}
DECISION : ALLOW
------------------------------------------------------------
[SEQ 71] [IEEE-BASELINE]
SCORE    : anomaly_score=15.882
DECISION : ALLOW
------------------------------------------------------------
[SEQ 72] [LAYER 0]
CMD      : M104 S220
TRUST    : acc_cmd=0.000 | acc_exec=0.333 | trust=0.106
DECISION : PAUSE
MACHINE  : Machine-3
------------------------------------------------------------
[SEQ 72] [STATIC-BASELINE]
CMD      : M104 | effects={'M': 104.0, 'S': 220.0, 'prev_temp': 200.0}
DECISION : ALLOW
------------------------------------------------------------
[SEQ 72] [IEEE-BASELINE]
SCORE    : anomaly_score=16.293
DECISION : ALLOW
------------------------------------------------------------
[SEQ 73] [LAYER 0]
CMD      : G1 X170.318 Y113.359 E1.29846
TRUST    : acc_cmd=0.000 | acc_exec=0.000 | trust=0.189
DECISION : PAUSE
MACHINE  : Machine-3
------------------------------------------------------------
[SEQ 73] [STATIC-BASELINE]
CMD      : G1 | effects={'dx': 9.963999999999999, 'dy': 0.40399999999999636, 'dz': 0.0, 'de': 0.19914999999999994, 'xy_dist': 9.972186921633588, 'params': {'G': 1.0, 'X': 170.318, 'Y': 113.359, 'E': 1.29846}}
DECISION : ALLOW
------------------------------------------------------------
[SEQ 73] [IEEE-BASELINE]
SCORE    : anomaly_score=14.664
DECISION : ALLOW
------------------------------------------------------------
[SEQ 74] [LAYER 0]
CMD      : M104 S200
TRUST    : acc_cmd=0.000 | acc_exec=0.333 | trust=0.170
DECISION : PAUSE
MACHINE  : Machine-3
------------------------------------------------------------
[SEQ 74] [STATIC-BASELINE]
CMD      : M104 | effects={'M': 104.0, 'S': 200.0, 'prev_temp': 220.0}
DECISION : ALLOW
------------------------------------------------------------
[SEQ 74] [IEEE-BASELINE]
SCORE    : anomaly_score=15.198
DECISION : ALLOW
------------------------------------------------------------
[SEQ 75] [LAYER 0]
CMD      : M104 S220
TRUST    : acc_cmd=0.000 | acc_exec=0.333 | trust=0.141
DECISION : PAUSE
MACHINE  : Machine-3
------------------------------------------------------------
[SEQ 75] [STATIC-BASELINE]
CMD      : M104 | effects={'M': 104.0, 'S': 220.0, 'prev_temp': 200.0}
DECISION : ALLOW
------------------------------------------------------------
[SEQ 75] [IEEE-BASELINE]
SCORE    : anomaly_score=15.678
DECISION : ALLOW
------------------------------------------------------------
[SEQ 76] [LAYER 0]
CMD      : G1 X173.389 Y118.725 E1.41662
TRUST    : acc_cmd=0.000 | acc_exec=0.000 | trust=0.226
DECISION : PAUSE
MACHINE  : Machine-3
------------------------------------------------------------
[SEQ 76] [STATIC-BASELINE]
CMD      : G1 | effects={'dx': 3.070999999999998, 'dy': 5.366, 'dz': 0.0, 'de': 0.11816000000000004, 'xy_dist': 6.182636735244922, 'params': {'G': 1.0, 'X': 173.389, 'Y': 118.725, 'E': 1.41662}}
DECISION : ALLOW
------------------------------------------------------------
[SEQ 76] [IEEE-BASELINE]
SCORE    : anomaly_score=14.110
DECISION : ALLOW
------------------------------------------------------------
[SEQ 77] [LAYER 0]
CMD      : M104 S200
TRUST    : acc_cmd=0.000 | acc_exec=0.333 | trust=0.194
DECISION : PAUSE
MACHINE  : Machine-3
------------------------------------------------------------
[SEQ 77] [STATIC-BASELINE]
CMD      : M104 | effects={'M': 104.0, 'S': 200.0, 'prev_temp': 220.0}
DECISION : ALLOW
------------------------------------------------------------
[SEQ 77] [IEEE-BASELINE]
SCORE    : anomaly_score=14.699
DECISION : ALLOW
------------------------------------------------------------
[SEQ 78] [LAYER 0]
CMD      : M104 S220
TRUST    : acc_cmd=0.000 | acc_exec=0.333 | trust=0.154
DECISION : PAUSE
MACHINE  : Machine-3
------------------------------------------------------------
[SEQ 78] [STATIC-BASELINE]
CMD      : M104 | effects={'M': 104.0, 'S': 220.0, 'prev_temp': 200.0}
DECISION : ALLOW
------------------------------------------------------------
[SEQ 78] [IEEE-BASELINE]
SCORE    : anomaly_score=15.229
DECISION : ALLOW
------------------------------------------------------------
[SEQ 79] [LAYER 0]
CMD      : G1 X171.412 Y125.503 E1.55297
TRUST    : acc_cmd=0.000 | acc_exec=0.000 | trust=0.237
DECISION : PAUSE
MACHINE  : Machine-3
------------------------------------------------------------
[SEQ 79] [STATIC-BASELINE]
CMD      : G1 | effects={'dx': -1.9770000000000039, 'dy': 6.778000000000006, 'dz': 0.0, 'de': 0.13634999999999997, 'xy_dist': 7.060440000453236, 'params': {'G': 1.0, 'X': 171.412, 'Y': 125.503, 'E': 1.55297}}
DECISION : ALLOW
------------------------------------------------------------
[SEQ 79] [IEEE-BASELINE]
SCORE    : anomaly_score=13.706
DECISION : ALLOW
------------------------------------------------------------
[SEQ 80] [LAYER 0]
CMD      : M104 S200
TRUST    : acc_cmd=0.000 | acc_exec=0.333 | trust=0.200
DECISION : PAUSE
MACHINE  : Machine-3
------------------------------------------------------------
[SEQ 80] [STATIC-BASELINE]
CMD      : M104 | effects={'M': 104.0, 'S': 200.0, 'prev_temp': 220.0}
DECISION : ALLOW
------------------------------------------------------------
[SEQ 80] [IEEE-BASELINE]
SCORE    : anomaly_score=14.336
DECISION : ALLOW
------------------------------------------------------------
[SEQ 81] [LAYER 0]
CMD      : M104 S220
TRUST    : acc_cmd=0.000 | acc_exec=0.333 | trust=0.158
DECISION : PAUSE
MACHINE  : Machine-3
------------------------------------------------------------
[SEQ 81] [STATIC-BASELINE]
CMD      : M104 | effects={'M': 104.0, 'S': 220.0, 'prev_temp': 200.0}
DECISION : ALLOW
------------------------------------------------------------
[SEQ 81] [IEEE-BASELINE]
SCORE    : anomaly_score=14.902
DECISION : ALLOW
------------------------------------------------------------
[SEQ 82] [LAYER 0]
CMD      : G1 X166.262 Y128.343 E1.66545
TRUST    : acc_cmd=0.000 | acc_exec=0.000 | trust=0.239
DECISION : PAUSE
MACHINE  : Machine-3
------------------------------------------------------------
[SEQ 82] [STATIC-BASELINE]
CMD      : G1 | effects={'dx': -5.150000000000006, 'dy': 2.839999999999989, 'dz': 0.0, 'de': 0.11248000000000014, 'xy_dist': 5.881164850605702, 'params': {'G': 1.0, 'X': 166.262, 'Y': 128.343, 'E': 1.66545}}
DECISION : ALLOW
------------------------------------------------------------
[SEQ 82] [IEEE-BASELINE]
SCORE    : anomaly_score=13.412
DECISION : ALLOW
------------------------------------------------------------
[SEQ 83] [LAYER 0]
CMD      : M104 S200
TRUST    : acc_cmd=0.000 | acc_exec=0.333 | trust=0.201
DECISION : PAUSE
MACHINE  : Machine-3
------------------------------------------------------------
[SEQ 83] [STATIC-BASELINE]
CMD      : M104 | effects={'M': 104.0, 'S': 200.0, 'prev_temp': 220.0}
DECISION : ALLOW
------------------------------------------------------------
[SEQ 83] [IEEE-BASELINE]
SCORE    : anomaly_score=14.071
DECISION : ALLOW
------------------------------------------------------------
[SEQ 84] [LAYER 0]
CMD      : G1 X161.461 Y127.659 E1.75783
TRUST    : acc_cmd=0.000 | acc_exec=0.000 | trust=0.292
DECISION : PAUSE
MACHINE  : Machine-3
------------------------------------------------------------
[SEQ 84] [STATIC-BASELINE]
CMD      : G1 | effects={'dx': -4.800999999999988, 'dy': -0.6839999999999833, 'dz': 0.0, 'de': 0.0923799999999999, 'xy_dist': 4.849480075224545, 'params': {'G': 1.0, 'X': 161.461, 'Y': 127.659, 'E': 1.75783}}
DECISION : ALLOW
------------------------------------------------------------
[SEQ 84] [IEEE-BASELINE]
SCORE    : anomaly_score=12.664
DECISION : ALLOW
------------------------------------------------------------
[SEQ 85] [LAYER 0]
CMD      : M104 S220
TRUST    : acc_cmd=0.000 | acc_exec=0.333 | trust=0.235
DECISION : PAUSE
MACHINE  : Machine-3
------------------------------------------------------------
[SEQ 85] [STATIC-BASELINE]
CMD      : M104 | effects={'M': 104.0, 'S': 220.0, 'prev_temp': 200.0}
DECISION : ALLOW
------------------------------------------------------------
[SEQ 85] [IEEE-BASELINE]
SCORE    : anomaly_score=13.397
DECISION : ALLOW
------------------------------------------------------------
[SEQ 86] [LAYER 0]
CMD      : M104 S200
TRUST    : acc_cmd=0.000 | acc_exec=0.333 | trust=0.177
DECISION : PAUSE
MACHINE  : Machine-3
------------------------------------------------------------
[SEQ 86] [STATIC-BASELINE]
CMD      : M104 | effects={'M': 104.0, 'S': 200.0, 'prev_temp': 220.0}
DECISION : ALLOW
------------------------------------------------------------
[SEQ 86] [IEEE-BASELINE]
SCORE    : anomaly_score=14.058
DECISION : ALLOW
------------------------------------------------------------
[SEQ 87] [LAYER 0]
CMD      : M104 S220
TRUST    : acc_cmd=0.000 | acc_exec=0.333 | trust=0.138
DECISION : PAUSE
MACHINE  : Machine-3
------------------------------------------------------------
[SEQ 87] [STATIC-BASELINE]
CMD      : M104 | effects={'M': 104.0, 'S': 220.0, 'prev_temp': 200.0}
DECISION : ALLOW
------------------------------------------------------------
[SEQ 87] [IEEE-BASELINE]
SCORE    : anomaly_score=14.652
DECISION : ALLOW
------------------------------------------------------------
[SEQ 88] [LAYER 0]
CMD      : G1 X156.619 Y118.916 E1.95887
TRUST    : acc_cmd=0.000 | acc_exec=0.000 | trust=0.217
DECISION : PAUSE
MACHINE  : Machine-3
------------------------------------------------------------
[SEQ 88] [STATIC-BASELINE]
CMD      : G1 | effects={'dx': -4.842000000000013, 'dy': -8.74300000000001, 'dz': 0.0, 'de': 0.20103999999999989, 'xy_dist': 9.994248996297834, 'params': {'G': 1.0, 'X': 156.619, 'Y': 118.916, 'E': 1.95887}}
DECISION : ALLOW
------------------------------------------------------------
[SEQ 88] [IEEE-BASELINE]
SCORE    : anomaly_score=13.187
DECISION : ALLOW
------------------------------------------------------------
[SEQ 89] [LAYER 0]
CMD      : M104 S200
TRUST    : acc_cmd=0.000 | acc_exec=0.333 | trust=0.187
DECISION : PAUSE
MACHINE  : Machine-3
------------------------------------------------------------
[SEQ 89] [STATIC-BASELINE]
CMD      : M104 | effects={'M': 104.0, 'S': 200.0, 'prev_temp': 220.0}
DECISION : ALLOW
------------------------------------------------------------
[SEQ 89] [IEEE-BASELINE]
SCORE    : anomaly_score=13.868
DECISION : ALLOW
------------------------------------------------------------
[SEQ 90] [LAYER 0]
CMD      : M104 S220
TRUST    : acc_cmd=0.000 | acc_exec=0.333 | trust=0.151
DECISION : PAUSE
MACHINE  : Machine-3
------------------------------------------------------------
[SEQ 90] [STATIC-BASELINE]
CMD      : M104 | effects={'M': 104.0, 'S': 220.0, 'prev_temp': 200.0}
DECISION : ALLOW
------------------------------------------------------------
[SEQ 90] [IEEE-BASELINE]
SCORE    : anomaly_score=14.481
DECISION : ALLOW
------------------------------------------------------------
[SEQ 91] [LAYER 0]
CMD      : G1 X158.201 Y115.039 E2.03808
TRUST    : acc_cmd=0.000 | acc_exec=0.000 | trust=0.233
DECISION : PAUSE
MACHINE  : Machine-3
------------------------------------------------------------
[SEQ 91] [STATIC-BASELINE]
CMD      : G1 | effects={'dx': 1.5819999999999936, 'dy': -3.8769999999999953, 'dz': 0.0, 'de': 0.07921, 'xy_dist': 4.187344385168235, 'params': {'G': 1.0, 'X': 158.201, 'Y': 115.039, 'E': 2.03808}}
DECISION : ALLOW
------------------------------------------------------------
[SEQ 91] [IEEE-BASELINE]
SCORE    : anomaly_score=13.033
DECISION : ALLOW
------------------------------------------------------------
[SEQ 92] [LAYER 0]
CMD      : M104 S200
TRUST    : acc_cmd=0.000 | acc_exec=0.333 | trust=0.198
DECISION : PAUSE
MACHINE  : Machine-3
------------------------------------------------------------
[SEQ 92] [STATIC-BASELINE]
CMD      : M104 | effects={'M': 104.0, 'S': 200.0, 'prev_temp': 220.0}
DECISION : ALLOW
------------------------------------------------------------
[SEQ 92] [IEEE-BASELINE]
SCORE    : anomaly_score=13.730
DECISION : ALLOW
------------------------------------------------------------
[SEQ 93] [LAYER 0]
CMD      : G1 F1800 X159.851 Y113.855 E2.07466
TRUST    : acc_cmd=0.000 | acc_exec=0.000 | trust=0.290
DECISION : PAUSE
MACHINE  : Machine-3
------------------------------------------------------------
[SEQ 93] [STATIC-BASELINE]
CMD      : G1 | effects={'dx': 1.6500000000000057, 'dy': -1.1839999999999975, 'dz': 0.0, 'de': 0.03658000000000028, 'xy_dist': 2.030851053130193, 'params': {'G': 1.0, 'F': 1800.0, 'X': 159.851, 'Y': 113.855, 'E': 2.07466}}
DECISION : ALLOW
------------------------------------------------------------
[SEQ 93] [IEEE-BASELINE]
SCORE    : anomaly_score=12.357
DECISION : ALLOW
------------------------------------------------------------
[SEQ 94] [LAYER 0]
CMD      : M104 S220
TRUST    : acc_cmd=0.000 | acc_exec=0.333 | trust=0.234
DECISION : PAUSE
MACHINE  : Machine-3
------------------------------------------------------------
[SEQ 94] [STATIC-BASELINE]
CMD      : M104 | effects={'M': 104.0, 'S': 220.0, 'prev_temp': 200.0}
DECISION : ALLOW
------------------------------------------------------------
[SEQ 94] [IEEE-BASELINE]
SCORE    : anomaly_score=13.121
DECISION : ALLOW
------------------------------------------------------------
[SEQ 95] [LAYER 0]
CMD      : M104 S200
TRUST    : acc_cmd=0.000 | acc_exec=0.333 | trust=0.177
DECISION : PAUSE
MACHINE  : Machine-3
------------------------------------------------------------
[SEQ 95] [STATIC-BASELINE]
CMD      : M104 | effects={'M': 104.0, 'S': 200.0, 'prev_temp': 220.0}
DECISION : ALLOW
------------------------------------------------------------
[SEQ 95] [IEEE-BASELINE]
SCORE    : anomaly_score=13.809
DECISION : ALLOW
------------------------------------------------------------
[SEQ 96] [LAYER 0]
CMD      : M104 S220
TRUST    : acc_cmd=0.000 | acc_exec=0.333 | trust=0.138
DECISION : PAUSE
MACHINE  : Machine-3
------------------------------------------------------------
[SEQ 96] [STATIC-BASELINE]
CMD      : M104 | effects={'M': 104.0, 'S': 220.0, 'prev_temp': 200.0}
DECISION : ALLOW
------------------------------------------------------------
[SEQ 96] [IEEE-BASELINE]
SCORE    : anomaly_score=14.428
DECISION : ALLOW
------------------------------------------------------------
[SEQ 97] [LAYER 0]
CMD      : M104 S200
TRUST    : acc_cmd=0.000 | acc_exec=0.333 | trust=0.115
DECISION : PAUSE
MACHINE  : Machine-3
------------------------------------------------------------
[SEQ 97] [STATIC-BASELINE]
CMD      : M104 | effects={'M': 104.0, 'S': 200.0, 'prev_temp': 220.0}
DECISION : ALLOW
------------------------------------------------------------
[SEQ 97] [IEEE-BASELINE]
SCORE    : anomaly_score=14.985
DECISION : ALLOW
------------------------------------------------------------
[SEQ 98] [LAYER 0]
CMD      : G1 X167.877 Y112.497 E2.23483
TRUST    : acc_cmd=0.000 | acc_exec=0.000 | trust=0.196
DECISION : PAUSE
MACHINE  : Machine-3
------------------------------------------------------------
[SEQ 98] [STATIC-BASELINE]
CMD      : G1 | effects={'dx': 8.02600000000001, 'dy': -1.358000000000004, 'dz': 0.0, 'de': 0.16016999999999992, 'xy_dist': 8.140076166719828, 'params': {'G': 1.0, 'X': 167.877, 'Y': 112.497, 'E': 2.23483}}
DECISION : ALLOW
------------------------------------------------------------
[SEQ 98] [IEEE-BASELINE]
SCORE    : anomaly_score=13.487
DECISION : ALLOW
------------------------------------------------------------
[SEQ 99] [LAYER 0]
CMD      : G1 X170.063 Y113.676 E2.28155
TRUST    : acc_cmd=0.000 | acc_exec=0.000 | trust=0.339
DECISION : PAUSE
MACHINE  : Machine-3
------------------------------------------------------------
[SEQ 99] [STATIC-BASELINE]
CMD      : G1 | effects={'dx': 2.1859999999999786, 'dy': 1.179000000000002, 'dz': 0.0, 'de': 0.046720000000000095, 'xy_dist': 2.4836740929517926, 'params': {'G': 1.0, 'X': 170.063, 'Y': 113.676, 'E': 2.28155}}
DECISION : ALLOW
------------------------------------------------------------
[SEQ 99] [IEEE-BASELINE]
SCORE    : anomaly_score=12.138
DECISION : ALLOW
------------------------------------------------------------
[SEQ 100] [LAYER 0]
CMD      : M104 S220
TRUST    : acc_cmd=0.000 | acc_exec=0.333 | trust=0.270
DECISION : PAUSE
MACHINE  : Machine-3
------------------------------------------------------------
[SEQ 100] [STATIC-BASELINE]
CMD      : M104 | effects={'M': 104.0, 'S': 220.0, 'prev_temp': 200.0}
DECISION : ALLOW
------------------------------------------------------------
[SEQ 100] [IEEE-BASELINE]
SCORE    : anomaly_score=12.924
DECISION : ALLOW
------------------------------------------------------------
[SEQ 101] [LAYER 0]
CMD      : M104 S200
TRUST    : acc_cmd=0.000 | acc_exec=0.333 | trust=0.198
DECISION : PAUSE
MACHINE  : Machine-3
------------------------------------------------------------
[SEQ 101] [STATIC-BASELINE]
CMD      : M104 | effects={'M': 104.0, 'S': 200.0, 'prev_temp': 220.0}
DECISION : ALLOW
------------------------------------------------------------
[SEQ 101] [IEEE-BASELINE]
SCORE    : anomaly_score=13.632
DECISION : ALLOW
------------------------------------------------------------
[SEQ 102] [LAYER 0]
CMD      : G1 X172.988 Y118.786 E2.39409
TRUST    : acc_cmd=0.000 | acc_exec=0.000 | trust=0.271
DECISION : PAUSE
MACHINE  : Machine-3
------------------------------------------------------------
[SEQ 102] [STATIC-BASELINE]
CMD      : G1 | effects={'dx': 2.9250000000000114, 'dy': 5.109999999999999, 'dz': 0.0, 'de': 0.11253999999999964, 'xy_dist': 5.887930451355557, 'params': {'G': 1.0, 'X': 172.988, 'Y': 118.786, 'E': 2.39409}}
DECISION : ALLOW
------------------------------------------------------------
[SEQ 102] [IEEE-BASELINE]
SCORE    : anomaly_score=12.269
DECISION : ALLOW
------------------------------------------------------------
[SEQ 103] [LAYER 0]
CMD      : M104 S220
TRUST    : acc_cmd=0.000 | acc_exec=0.333 | trust=0.220
DECISION : PAUSE
MACHINE  : Machine-3
------------------------------------------------------------
[SEQ 103] [STATIC-BASELINE]
CMD      : M104 | effects={'M': 104.0, 'S': 220.0, 'prev_temp': 200.0}
DECISION : ALLOW
------------------------------------------------------------
[SEQ 103] [IEEE-BASELINE]
SCORE    : anomaly_score=13.042
DECISION : ALLOW
------------------------------------------------------------
[SEQ 104] [LAYER 0]
CMD      : M104 S200
TRUST    : acc_cmd=0.000 | acc_exec=0.333 | trust=0.168
DECISION : PAUSE
MACHINE  : Machine-3
------------------------------------------------------------
[SEQ 104] [STATIC-BASELINE]
CMD      : M104 | effects={'M': 104.0, 'S': 200.0, 'prev_temp': 220.0}
DECISION : ALLOW
------------------------------------------------------------
[SEQ 104] [IEEE-BASELINE]
SCORE    : anomaly_score=13.738
DECISION : ALLOW
------------------------------------------------------------
[SEQ 105] [LAYER 0]
CMD      : M104 S220
TRUST    : acc_cmd=0.000 | acc_exec=0.333 | trust=0.133
DECISION : PAUSE
MACHINE  : Machine-3
------------------------------------------------------------
[SEQ 105] [STATIC-BASELINE]
CMD      : M104 | effects={'M': 104.0, 'S': 220.0, 'prev_temp': 200.0}
DECISION : ALLOW
------------------------------------------------------------
[SEQ 105] [IEEE-BASELINE]
SCORE    : anomaly_score=14.364
DECISION : ALLOW
------------------------------------------------------------
[SEQ 106] [LAYER 0]
CMD      : M104 S200
TRUST    : acc_cmd=0.000 | acc_exec=0.333 | trust=0.112
DECISION : PAUSE
MACHINE  : Machine-3
------------------------------------------------------------
[SEQ 106] [STATIC-BASELINE]
CMD      : M104 | effects={'M': 104.0, 'S': 200.0, 'prev_temp': 220.0}
DECISION : ALLOW
------------------------------------------------------------
[SEQ 106] [IEEE-BASELINE]
SCORE    : anomaly_score=14.927
DECISION : ALLOW
------------------------------------------------------------
[SEQ 107] [LAYER 0]
CMD      : G1 X168.119 Y127.388 E2.59347
TRUST    : acc_cmd=0.000 | acc_exec=0.000 | trust=0.194
DECISION : PAUSE
MACHINE  : Machine-3
------------------------------------------------------------
[SEQ 107] [STATIC-BASELINE]
CMD      : G1 | effects={'dx': -4.869, 'dy': 8.602000000000004, 'dz': 0.0, 'de': 0.1993800000000001, 'xy_dist': 9.88441019990571, 'params': {'G': 1.0, 'X': 168.119, 'Y': 127.388, 'E': 2.59347}}
DECISION : ALLOW
------------------------------------------------------------
[SEQ 107] [IEEE-BASELINE]
SCORE    : anomaly_score=13.435
DECISION : ALLOW
------------------------------------------------------------
[SEQ 108] [LAYER 0]
CMD      : M104 S220
TRUST    : acc_cmd=0.000 | acc_exec=0.333 | trust=0.173
DECISION : PAUSE
MACHINE  : Machine-3
------------------------------------------------------------
[SEQ 108] [STATIC-BASELINE]
CMD      : M104 | effects={'M': 104.0, 'S': 220.0, 'prev_temp': 200.0}
DECISION : ALLOW
------------------------------------------------------------
[SEQ 108] [IEEE-BASELINE]
SCORE    : anomaly_score=14.091
DECISION : ALLOW
------------------------------------------------------------
[SEQ 109] [LAYER 0]
CMD      : G1 X163.88 Y127.987 E2.67471
TRUST    : acc_cmd=0.000 | acc_exec=0.000 | trust=0.269
DECISION : PAUSE
MACHINE  : Machine-3
------------------------------------------------------------
[SEQ 109] [STATIC-BASELINE]
CMD      : G1 | effects={'dx': -4.239000000000004, 'dy': 0.5989999999999895, 'dz': 0.0, 'de': 0.0812400000000002, 'xy_dist': 4.281112238659484, 'params': {'G': 1.0, 'X': 163.88, 'Y': 127.987, 'E': 2.67471}}
DECISION : ALLOW
------------------------------------------------------------
[SEQ 109] [IEEE-BASELINE]
SCORE    : anomaly_score=12.682
DECISION : ALLOW
------------------------------------------------------------
[SEQ 110] [LAYER 0]
CMD      : M104 S200
TRUST    : acc_cmd=0.000 | acc_exec=0.333 | trust=0.221
DECISION : PAUSE
MACHINE  : Machine-3
------------------------------------------------------------
[SEQ 110] [STATIC-BASELINE]
CMD      : M104 | effects={'M': 104.0, 'S': 200.0, 'prev_temp': 220.0}
DECISION : ALLOW
------------------------------------------------------------
[SEQ 110] [IEEE-BASELINE]
SCORE    : anomaly_score=13.414
DECISION : ALLOW
------------------------------------------------------------
[SEQ 111] [LAYER 0]
CMD      : M104 S220
TRUST    : acc_cmd=0.000 | acc_exec=0.333 | trust=0.170
DECISION : PAUSE
MACHINE  : Machine-3
------------------------------------------------------------
[SEQ 111] [STATIC-BASELINE]
CMD      : M104 | effects={'M': 104.0, 'S': 220.0, 'prev_temp': 200.0}
DECISION : ALLOW
------------------------------------------------------------
[SEQ 111] [IEEE-BASELINE]
SCORE    : anomaly_score=14.073
DECISION : ALLOW
------------------------------------------------------------
[SEQ 112] [LAYER 0]
CMD      : G1 X157.729 Y123.577 E2.82197
TRUST    : acc_cmd=0.000 | acc_exec=0.000 | trust=0.249
DECISION : PAUSE
MACHINE  : Machine-3
------------------------------------------------------------
[SEQ 112] [STATIC-BASELINE]
CMD      : G1 | effects={'dx': -6.150999999999982, 'dy': -4.409999999999997, 'dz': 0.0, 'de': 0.14725999999999972, 'xy_dist': 7.568546822210968, 'params': {'G': 1.0, 'X': 157.729, 'Y': 123.577, 'E': 2.82197}}
DECISION : ALLOW
------------------------------------------------------------
[SEQ 112] [IEEE-BASELINE]
SCORE    : anomaly_score=12.665
DECISION : ALLOW
------------------------------------------------------------
[SEQ 113] [LAYER 0]
CMD      : M104 S200
TRUST    : acc_cmd=0.000 | acc_exec=0.333 | trust=0.207
DECISION : PAUSE
MACHINE  : Machine-3
------------------------------------------------------------
[SEQ 113] [STATIC-BASELINE]
CMD      : M104 | effects={'M': 104.0, 'S': 200.0, 'prev_temp': 220.0}
DECISION : ALLOW
------------------------------------------------------------
[SEQ 113] [IEEE-BASELINE]
SCORE    : anomaly_score=13.399
DECISION : ALLOW
------------------------------------------------------------
[SEQ 114] [LAYER 0]
CMD      : M104 S220
TRUST    : acc_cmd=0.000 | acc_exec=0.333 | trust=0.162
DECISION : PAUSE
MACHINE  : Machine-3
------------------------------------------------------------
[SEQ 114] [STATIC-BASELINE]
CMD      : M104 | effects={'M': 104.0, 'S': 220.0, 'prev_temp': 200.0}
DECISION : ALLOW
------------------------------------------------------------
[SEQ 114] [IEEE-BASELINE]
SCORE    : anomaly_score=14.059
DECISION : ALLOW
------------------------------------------------------------
[SEQ 115] [LAYER 0]
CMD      : M104 S200
TRUST    : acc_cmd=0.000 | acc_exec=0.333 | trust=0.130
DECISION : PAUSE
MACHINE  : Machine-3
------------------------------------------------------------
[SEQ 115] [STATIC-BASELINE]
CMD      : M104 | effects={'M': 104.0, 'S': 200.0, 'prev_temp': 220.0}
DECISION : ALLOW
------------------------------------------------------------
[SEQ 115] [IEEE-BASELINE]
SCORE    : anomaly_score=14.653
DECISION : ALLOW
------------------------------------------------------------
[SEQ 116] [LAYER 0]
CMD      : M104 S220
TRUST    : acc_cmd=0.000 | acc_exec=0.333 | trust=0.110
DECISION : PAUSE
MACHINE  : Machine-3
------------------------------------------------------------
[SEQ 116] [STATIC-BASELINE]
CMD      : M104 | effects={'M': 104.0, 'S': 220.0, 'prev_temp': 200.0}
DECISION : ALLOW
------------------------------------------------------------
[SEQ 116] [IEEE-BASELINE]
SCORE    : anomaly_score=15.188
DECISION : ALLOW
------------------------------------------------------------
[SEQ 117] [LAYER 0]
CMD      : M104 S200
TRUST    : acc_cmd=0.000 | acc_exec=0.333 | trust=0.099
DECISION : PAUSE
MACHINE  : Machine-3
------------------------------------------------------------
[SEQ 117] [STATIC-BASELINE]
CMD      : M104 | effects={'M': 104.0, 'S': 200.0, 'prev_temp': 220.0}
DECISION : ALLOW
------------------------------------------------------------
[SEQ 117] [IEEE-BASELINE]
SCORE    : anomaly_score=15.669
DECISION : ALLOW
------------------------------------------------------------
[SEQ 118] [LAYER 0]
CMD      : M104 S220
TRUST    : acc_cmd=0.000 | acc_exec=0.333 | trust=0.092
DECISION : PAUSE
MACHINE  : Machine-3
------------------------------------------------------------
[SEQ 118] [STATIC-BASELINE]
CMD      : M104 | effects={'M': 104.0, 'S': 220.0, 'prev_temp': 200.0}
DECISION : ALLOW
------------------------------------------------------------
[SEQ 118] [IEEE-BASELINE]
SCORE    : anomaly_score=16.102
DECISION : ALLOW
------------------------------------------------------------
[SEQ 119] [LAYER 0]
CMD      : G1 F1800 X160.144 Y114.128 E3.02153
TRUST    : acc_cmd=0.000 | acc_exec=0.000 | trust=0.176
DECISION : PAUSE
MACHINE  : Machine-3
------------------------------------------------------------
[SEQ 119] [STATIC-BASELINE]
CMD      : G1 | effects={'dx': 2.414999999999992, 'dy': -9.448999999999998, 'dz': 0.0, 'de': 0.19955999999999996, 'xy_dist': 9.752734283266408, 'params': {'G': 1.0, 'F': 1800.0, 'X': 160.144, 'Y': 114.128, 'E': 3.02153}}
DECISION : ALLOW
------------------------------------------------------------
[SEQ 119] [IEEE-BASELINE]
SCORE    : anomaly_score=14.492
DECISION : ALLOW
------------------------------------------------------------
[SEQ 120] [LAYER 0]
CMD      : M104 S200
TRUST    : acc_cmd=0.000 | acc_exec=0.333 | trust=0.162
DECISION : PAUSE
MACHINE  : Machine-3
------------------------------------------------------------
[SEQ 120] [STATIC-BASELINE]
CMD      : M104 | effects={'M': 104.0, 'S': 200.0, 'prev_temp': 220.0}
DECISION : ALLOW
------------------------------------------------------------
[SEQ 120] [IEEE-BASELINE]
SCORE    : anomaly_score=15.043
DECISION : ALLOW
------------------------------------------------------------
[SEQ 121] [LAYER 0]
CMD      : M104 S220
TRUST    : acc_cmd=0.000 | acc_exec=0.333 | trust=0.136
DECISION : PAUSE
MACHINE  : Machine-3
------------------------------------------------------------
[SEQ 121] [STATIC-BASELINE]
CMD      : M104 | effects={'M': 104.0, 'S': 220.0, 'prev_temp': 200.0}
DECISION : ALLOW
------------------------------------------------------------
[SEQ 121] [IEEE-BASELINE]
SCORE    : anomaly_score=15.538
DECISION : ALLOW
------------------------------------------------------------
[SEQ 122] [LAYER 0]
CMD      : M104 S200
TRUST    : acc_cmd=0.000 | acc_exec=0.333 | trust=0.116
DECISION : PAUSE
MACHINE  : Machine-3
------------------------------------------------------------
[SEQ 122] [STATIC-BASELINE]
CMD      : M104 | effects={'M': 104.0, 'S': 200.0, 'prev_temp': 220.0}
DECISION : ALLOW
------------------------------------------------------------
[SEQ 122] [IEEE-BASELINE]
SCORE    : anomaly_score=15.985
DECISION : ALLOW
------------------------------------------------------------
[SEQ 123] [LAYER 0]
CMD      : M104 S220
TRUST    : acc_cmd=0.000 | acc_exec=0.333 | trust=0.103
DECISION : PAUSE
MACHINE  : Machine-3
------------------------------------------------------------
[SEQ 123] [STATIC-BASELINE]
CMD      : M104 | effects={'M': 104.0, 'S': 220.0, 'prev_temp': 200.0}
DECISION : ALLOW
------------------------------------------------------------
[SEQ 123] [IEEE-BASELINE]
SCORE    : anomaly_score=16.386
DECISION : ALLOW
------------------------------------------------------------
[SEQ 124] [LAYER 0]
CMD      : M104 S200
TRUST    : acc_cmd=0.000 | acc_exec=0.333 | trust=0.094
DECISION : PAUSE
MACHINE  : Machine-3
------------------------------------------------------------
[SEQ 124] [STATIC-BASELINE]
CMD      : M104 | effects={'M': 104.0, 'S': 200.0, 'prev_temp': 220.0}
DECISION : ALLOW
------------------------------------------------------------
[SEQ 124] [IEEE-BASELINE]
SCORE    : anomaly_score=16.747
DECISION : ALLOW
------------------------------------------------------------
[SEQ 125] [LAYER 0]
CMD      : M104 S220
TRUST    : acc_cmd=0.000 | acc_exec=0.333 | trust=0.089
DECISION : PAUSE
MACHINE  : Machine-3
------------------------------------------------------------
[SEQ 125] [STATIC-BASELINE]
CMD      : M104 | effects={'M': 104.0, 'S': 220.0, 'prev_temp': 200.0}
DECISION : ALLOW
------------------------------------------------------------
[SEQ 125] [IEEE-BASELINE]
SCORE    : anomaly_score=17.073
DECISION : ALLOW
------------------------------------------------------------
[SEQ 126] [LAYER 0]
CMD      : G1 X171.422 Y115.875 E3.26373
TRUST    : acc_cmd=0.000 | acc_exec=0.000 | trust=0.174
DECISION : PAUSE
MACHINE  : Machine-3
------------------------------------------------------------
[SEQ 126] [STATIC-BASELINE]
CMD      : G1 | effects={'dx': 11.277999999999992, 'dy': 1.7469999999999999, 'dz': 0.0, 'de': 0.24219999999999997, 'xy_dist': 11.412505991236097, 'params': {'G': 1.0, 'X': 171.422, 'Y': 115.875, 'E': 3.26373}}
DECISION : ALLOW
------------------------------------------------------------
[SEQ 126] [IEEE-BASELINE]
SCORE    : anomaly_score=15.365
DECISION : ALLOW
------------------------------------------------------------
[SEQ 127] [LAYER 0]
CMD      : M104 S200
TRUST    : acc_cmd=0.000 | acc_exec=0.333 | trust=0.161
DECISION : PAUSE
MACHINE  : Machine-3
------------------------------------------------------------
[SEQ 127] [STATIC-BASELINE]
CMD      : M104 | effects={'M': 104.0, 'S': 200.0, 'prev_temp': 220.0}
DECISION : ALLOW
------------------------------------------------------------
[SEQ 127] [IEEE-BASELINE]
SCORE    : anomaly_score=15.829
DECISION : ALLOW
------------------------------------------------------------
[SEQ 128] [LAYER 0]
CMD      : G1 X172.587 Y118.848 E3.32404
TRUST    : acc_cmd=0.000 | acc_exec=0.000 | trust=0.258
DECISION : PAUSE
MACHINE  : Machine-3
------------------------------------------------------------
[SEQ 128] [STATIC-BASELINE]
CMD      : G1 | effects={'dx': 1.164999999999992, 'dy': 2.972999999999999, 'dz': 0.0, 'de': 0.06031000000000031, 'xy_dist': 3.1931103958366323, 'params': {'G': 1.0, 'X': 172.587, 'Y': 118.848, 'E': 3.32404}}
DECISION : ALLOW
------------------------------------------------------------
[SEQ 128] [IEEE-BASELINE]
SCORE    : anomaly_score=14.246
DECISION : ALLOW
------------------------------------------------------------
[SEQ 129] [LAYER 0]
CMD      : M104 S220
TRUST    : acc_cmd=0.000 | acc_exec=0.333 | trust=0.215
DECISION : PAUSE
MACHINE  : Machine-3
------------------------------------------------------------
[SEQ 129] [STATIC-BASELINE]
CMD      : M104 | effects={'M': 104.0, 'S': 220.0, 'prev_temp': 200.0}
DECISION : ALLOW
------------------------------------------------------------
[SEQ 129] [IEEE-BASELINE]
SCORE    : anomaly_score=14.821
DECISION : ALLOW
------------------------------------------------------------
[SEQ 130] [LAYER 0]
CMD      : M104 S200
TRUST    : acc_cmd=0.000 | acc_exec=0.333 | trust=0.167
DECISION : PAUSE
MACHINE  : Machine-3
------------------------------------------------------------
[SEQ 130] [STATIC-BASELINE]
CMD      : M104 | effects={'M': 104.0, 'S': 200.0, 'prev_temp': 220.0}
DECISION : ALLOW
------------------------------------------------------------
[SEQ 130] [IEEE-BASELINE]
SCORE    : anomaly_score=15.339
DECISION : ALLOW
------------------------------------------------------------
[SEQ 131] [LAYER 0]
CMD      : M104 S220
TRUST    : acc_cmd=0.000 | acc_exec=0.333 | trust=0.133
DECISION : PAUSE
MACHINE  : Machine-3
------------------------------------------------------------
[SEQ 131] [STATIC-BASELINE]
CMD      : M104 | effects={'M': 104.0, 'S': 220.0, 'prev_temp': 200.0}
DECISION : ALLOW
------------------------------------------------------------
[SEQ 131] [IEEE-BASELINE]
SCORE    : anomaly_score=15.805
DECISION : ALLOW
------------------------------------------------------------
[SEQ 132] [LAYER 0]
CMD      : M104 S200
TRUST    : acc_cmd=0.000 | acc_exec=0.333 | trust=0.112
DECISION : PAUSE
MACHINE  : Machine-3
------------------------------------------------------------
[SEQ 132] [STATIC-BASELINE]
CMD      : M104 | effects={'M': 104.0, 'S': 200.0, 'prev_temp': 220.0}
DECISION : ALLOW
------------------------------------------------------------
[SEQ 132] [IEEE-BASELINE]
SCORE    : anomaly_score=16.225
DECISION : ALLOW
------------------------------------------------------------
[SEQ 133] [LAYER 0]
CMD      : M104 S220
TRUST    : acc_cmd=0.000 | acc_exec=0.333 | trust=0.100
DECISION : PAUSE
MACHINE  : Machine-3
------------------------------------------------------------
[SEQ 133] [STATIC-BASELINE]
CMD      : M104 | effects={'M': 104.0, 'S': 220.0, 'prev_temp': 200.0}
DECISION : ALLOW
------------------------------------------------------------
[SEQ 133] [IEEE-BASELINE]
SCORE    : anomaly_score=16.602
DECISION : ALLOW
------------------------------------------------------------
[SEQ 134] [LAYER 0]
CMD      : G1 X166.144 Y127.545 E3.549
TRUST    : acc_cmd=0.000 | acc_exec=0.000 | trust=0.183
DECISION : PAUSE
MACHINE  : Machine-3
------------------------------------------------------------
[SEQ 134] [STATIC-BASELINE]
CMD      : G1 | effects={'dx': -6.442999999999984, 'dy': 8.697000000000003, 'dz': 0.0, 'de': 0.22495999999999983, 'xy_dist': 10.823588037245312, 'params': {'G': 1.0, 'X': 166.144, 'Y': 127.545, 'E': 3.549}}
DECISION : ALLOW
------------------------------------------------------------
[SEQ 134] [IEEE-BASELINE]
SCORE    : anomaly_score=14.942
DECISION : ALLOW
------------------------------------------------------------
[SEQ 135] [LAYER 0]
CMD      : M104 S200
TRUST    : acc_cmd=0.000 | acc_exec=0.333 | trust=0.166
DECISION : PAUSE
MACHINE  : Machine-3
------------------------------------------------------------
[SEQ 135] [STATIC-BASELINE]
CMD      : M104 | effects={'M': 104.0, 'S': 200.0, 'prev_temp': 220.0}
DECISION : ALLOW
------------------------------------------------------------
[SEQ 135] [IEEE-BASELINE]
SCORE    : anomaly_score=15.448
DECISION : ALLOW
------------------------------------------------------------
[SEQ 136] [LAYER 0]
CMD      : M104 S220
TRUST    : acc_cmd=0.000 | acc_exec=0.333 | trust=0.139
DECISION : PAUSE
MACHINE  : Machine-3
------------------------------------------------------------
[SEQ 136] [STATIC-BASELINE]
CMD      : M104 | effects={'M': 104.0, 'S': 220.0, 'prev_temp': 200.0}
DECISION : ALLOW
------------------------------------------------------------
[SEQ 136] [IEEE-BASELINE]
SCORE    : anomaly_score=15.903
DECISION : ALLOW
------------------------------------------------------------
[SEQ 137] [LAYER 0]
CMD      : G1 X159.803 Y125.658 E3.67709
TRUST    : acc_cmd=0.000 | acc_exec=0.000 | trust=0.224
DECISION : PAUSE
MACHINE  : Machine-3
------------------------------------------------------------
[SEQ 137] [STATIC-BASELINE]
CMD      : G1 | effects={'dx': -6.341000000000008, 'dy': -1.8870000000000005, 'dz': 0.0, 'de': 0.12809000000000026, 'xy_dist': 6.615818165578624, 'params': {'G': 1.0, 'X': 159.803, 'Y': 125.658, 'E': 3.67709}}
DECISION : ALLOW
------------------------------------------------------------
[SEQ 137] [IEEE-BASELINE]
SCORE    : anomaly_score=14.313
DECISION : ALLOW
------------------------------------------------------------
[SEQ 138] [LAYER 0]
CMD      : M104 S200
TRUST    : acc_cmd=0.000 | acc_exec=0.333 | trust=0.193
DECISION : PAUSE
MACHINE  : Machine-3
------------------------------------------------------------
[SEQ 138] [STATIC-BASELINE]
CMD      : M104 | effects={'M': 104.0, 'S': 200.0, 'prev_temp': 220.0}
DECISION : ALLOW
------------------------------------------------------------
[SEQ 138] [IEEE-BASELINE]
SCORE    : anomaly_score=14.882
DECISION : ALLOW
------------------------------------------------------------
[SEQ 139] [LAYER 0]
CMD      : M104 S220
TRUST    : acc_cmd=0.000 | acc_exec=0.333 | trust=0.154
DECISION : PAUSE
MACHINE  : Machine-3
------------------------------------------------------------
[SEQ 139] [STATIC-BASELINE]
CMD      : M104 | effects={'M': 104.0, 'S': 220.0, 'prev_temp': 200.0}
DECISION : ALLOW
------------------------------------------------------------
[SEQ 139] [IEEE-BASELINE]
SCORE    : anomaly_score=15.393
DECISION : ALLOW
------------------------------------------------------------
[SEQ 140] [LAYER 0]
CMD      : M104 S200
TRUST    : acc_cmd=0.000 | acc_exec=0.333 | trust=0.126
DECISION : PAUSE
MACHINE  : Machine-3
------------------------------------------------------------
[SEQ 140] [STATIC-BASELINE]
CMD      : M104 | effects={'M': 104.0, 'S': 200.0, 'prev_temp': 220.0}
DECISION : ALLOW
------------------------------------------------------------
[SEQ 140] [IEEE-BASELINE]
SCORE    : anomaly_score=15.854
DECISION : ALLOW
------------------------------------------------------------
[SEQ 141] [LAYER 0]
CMD      : M104 S220
TRUST    : acc_cmd=0.000 | acc_exec=0.333 | trust=0.108
DECISION : PAUSE
MACHINE  : Machine-3
------------------------------------------------------------
[SEQ 141] [STATIC-BASELINE]
CMD      : M104 | effects={'M': 104.0, 'S': 220.0, 'prev_temp': 200.0}
DECISION : ALLOW
------------------------------------------------------------
[SEQ 141] [IEEE-BASELINE]
SCORE    : anomaly_score=16.269
DECISION : ALLOW
------------------------------------------------------------
[SEQ 142] [LAYER 0]
CMD      : M104 S200
TRUST    : acc_cmd=0.000 | acc_exec=0.333 | trust=0.097
DECISION : PAUSE
MACHINE  : Machine-3
------------------------------------------------------------
[SEQ 142] [STATIC-BASELINE]
CMD      : M104 | effects={'M': 104.0, 'S': 200.0, 'prev_temp': 220.0}
DECISION : ALLOW
------------------------------------------------------------
[SEQ 142] [IEEE-BASELINE]
SCORE    : anomaly_score=16.642
DECISION : ALLOW
------------------------------------------------------------
[SEQ 143] [LAYER 0]
CMD      : M104 S220
TRUST    : acc_cmd=0.000 | acc_exec=0.333 | trust=0.091
DECISION : PAUSE
MACHINE  : Machine-3
------------------------------------------------------------
[SEQ 143] [STATIC-BASELINE]
CMD      : M104 | effects={'M': 104.0, 'S': 220.0, 'prev_temp': 200.0}
DECISION : ALLOW
------------------------------------------------------------
[SEQ 143] [IEEE-BASELINE]
SCORE    : anomaly_score=16.978
DECISION : ALLOW
------------------------------------------------------------
[SEQ 144] [LAYER 0]
CMD      : G0 F3600 X159.174 Y115.757
TRUST    : acc_cmd=0.000 | acc_exec=0.000 | trust=0.175
DECISION : PAUSE
MACHINE  : Machine-3
------------------------------------------------------------
[SEQ 144] [STATIC-BASELINE]
CMD      : G0 | effects={'dx': -0.6289999999999907, 'dy': -9.900999999999996, 'dz': 0.0, 'de': 0.0, 'xy_dist': 9.92095973180014, 'params': {'G': 0.0, 'F': 3600.0, 'X': 159.174, 'Y': 115.757}}
DECISION : ALLOW
------------------------------------------------------------
[SEQ 144] [IEEE-BASELINE]
SCORE    : anomaly_score=15.280
DECISION : ALLOW
------------------------------------------------------------
[SEQ 145] [LAYER 0]
CMD      : M104 S200
TRUST    : acc_cmd=0.000 | acc_exec=0.333 | trust=0.162
DECISION : PAUSE
MACHINE  : Machine-3
------------------------------------------------------------
[SEQ 145] [STATIC-BASELINE]
CMD      : M104 | effects={'M': 104.0, 'S': 200.0, 'prev_temp': 220.0}
DECISION : ALLOW
------------------------------------------------------------
[SEQ 145] [IEEE-BASELINE]
SCORE    : anomaly_score=15.752
DECISION : ALLOW
------------------------------------------------------------
[SEQ 146] [LAYER 0]
CMD      : M104 S220
TRUST    : acc_cmd=0.000 | acc_exec=0.333 | trust=0.136
DECISION : PAUSE
MACHINE  : Machine-3
------------------------------------------------------------
[SEQ 146] [STATIC-BASELINE]
CMD      : M104 | effects={'M': 104.0, 'S': 220.0, 'prev_temp': 200.0}
DECISION : ALLOW
------------------------------------------------------------
[SEQ 146] [IEEE-BASELINE]
SCORE    : anomaly_score=16.177
DECISION : ALLOW
------------------------------------------------------------
[SEQ 147] [LAYER 0]
CMD      : G1 X162.704 Y113.2 E3.96937
TRUST    : acc_cmd=0.000 | acc_exec=0.000 | trust=0.222
DECISION : PAUSE
MACHINE  : Machine-3
------------------------------------------------------------
[SEQ 147] [STATIC-BASELINE]
CMD      : G1 | effects={'dx': 3.530000000000001, 'dy': -2.557000000000002, 'dz': 0.0, 'de': 0.2922799999999999, 'xy_dist': 4.358801326052842, 'params': {'G': 1.0, 'X': 162.704, 'Y': 113.2, 'E': 3.96937}}
DECISION : ALLOW
------------------------------------------------------------
[SEQ 147] [IEEE-BASELINE]
SCORE    : anomaly_score=16.959
DECISION : ALLOW
------------------------------------------------------------
[SEQ 148] [LAYER 0]
CMD      : M104 S200
TRUST    : acc_cmd=0.000 | acc_exec=0.333 | trust=0.191
DECISION : PAUSE
MACHINE  : Machine-3
------------------------------------------------------------
[SEQ 148] [STATIC-BASELINE]
CMD      : M104 | effects={'M': 104.0, 'S': 200.0, 'prev_temp': 220.0}
DECISION : ALLOW
------------------------------------------------------------
[SEQ 148] [IEEE-BASELINE]
SCORE    : anomaly_score=17.263
DECISION : ALLOW
------------------------------------------------------------
[SEQ 149] [LAYER 0]
CMD      : G1 X165.739 Y112.816 E4.0274
TRUST    : acc_cmd=0.000 | acc_exec=0.000 | trust=0.285
DECISION : PAUSE
MACHINE  : Machine-3
------------------------------------------------------------
[SEQ 149] [STATIC-BASELINE]
CMD      : G1 | effects={'dx': 3.0349999999999966, 'dy': -0.38400000000000034, 'dz': 0.0, 'de': 0.058030000000000026, 'xy_dist': 3.0591961362423263, 'params': {'G': 1.0, 'X': 165.739, 'Y': 112.816, 'E': 4.0274}}
DECISION : ALLOW
------------------------------------------------------------
[SEQ 149] [IEEE-BASELINE]
SCORE    : anomaly_score=15.536
DECISION : ALLOW
------------------------------------------------------------
[SEQ 150] [LAYER 0]
CMD      : G1 X167.589 Y113.251 E4.06315
TRUST    : acc_cmd=0.000 | acc_exec=0.000 | trust=0.432
DECISION : PAUSE
MACHINE  : Machine-3
------------------------------------------------------------
[SEQ 150] [STATIC-BASELINE]
CMD      : G1 | effects={'dx': 1.8499999999999943, 'dy': 0.4350000000000023, 'dz': 0.0, 'de': 0.03575000000000017, 'xy_dist': 1.9004538931528914, 'params': {'G': 1.0, 'X': 167.589, 'Y': 113.251, 'E': 4.06315}}
DECISION : ALLOW
------------------------------------------------------------
[SEQ 150] [IEEE-BASELINE]
SCORE    : anomaly_score=13.983
DECISION : ALLOW
------------------------------------------------------------
[SEQ 151] [LAYER 0]
CMD      : G1 X169.551 Y114.309 E4.10508
TRUST    : acc_cmd=0.000 | acc_exec=0.000 | trust=0.582
DECISION : ALLOW
MACHINE  : Machine-3
------------------------------------------------------------
[SEQ 151] [STATIC-BASELINE]
CMD      : G1 | effects={'dx': 1.961999999999989, 'dy': 1.0579999999999927, 'dz': 0.0, 'de': 0.0419299999999998, 'xy_dist': 2.229082322391872, 'params': {'G': 1.0, 'X': 169.551, 'Y': 114.309, 'E': 4.10508}}
DECISION : ALLOW
------------------------------------------------------------
[SEQ 151] [IEEE-BASELINE]
SCORE    : anomaly_score=12.585
DECISION : ALLOW
------------------------------------------------------------
[SEQ 152] [LAYER 0]
CMD      : M104 S220
TRUST    : acc_cmd=0.000 | acc_exec=0.333 | trust=0.409
DECISION : PAUSE
MACHINE  : Machine-3
------------------------------------------------------------
[SEQ 152] [STATIC-BASELINE]
CMD      : M104 | effects={'M': 104.0, 'S': 220.0, 'prev_temp': 200.0}
DECISION : ALLOW
------------------------------------------------------------
[SEQ 152] [IEEE-BASELINE]
SCORE    : anomaly_score=13.326
DECISION : ALLOW
------------------------------------------------------------
[SEQ 153] [LAYER 0]
CMD      : M104 S200
TRUST    : acc_cmd=0.000 | acc_exec=0.333 | trust=0.269
DECISION : PAUSE
MACHINE  : Machine-3
------------------------------------------------------------
[SEQ 153] [STATIC-BASELINE]
CMD      : M104 | effects={'M': 104.0, 'S': 200.0, 'prev_temp': 220.0}
DECISION : ALLOW
------------------------------------------------------------
[SEQ 153] [IEEE-BASELINE]
SCORE    : anomaly_score=13.993
DECISION : ALLOW
------------------------------------------------------------
[SEQ 154] [LAYER 0]
CMD      : G1 X172.186 Y118.91 E4.20646
TRUST    : acc_cmd=0.000 | acc_exec=0.000 | trust=0.319
DECISION : PAUSE
MACHINE  : Machine-3
------------------------------------------------------------
[SEQ 154] [STATIC-BASELINE]
CMD      : G1 | effects={'dx': 2.6350000000000193, 'dy': 4.600999999999999, 'dz': 0.0, 'de': 0.1013799999999998, 'xy_dist': 5.302115238279916, 'params': {'G': 1.0, 'X': 172.186, 'Y': 118.91, 'E': 4.20646}}
DECISION : ALLOW
------------------------------------------------------------
[SEQ 154] [IEEE-BASELINE]
SCORE    : anomaly_score=12.594
DECISION : ALLOW
------------------------------------------------------------
[SEQ 155] [LAYER 0]
CMD      : M104 S220
TRUST    : acc_cmd=0.000 | acc_exec=0.333 | trust=0.246
DECISION : PAUSE
MACHINE  : Machine-3
------------------------------------------------------------
[SEQ 155] [STATIC-BASELINE]
CMD      : M104 | effects={'M': 104.0, 'S': 220.0, 'prev_temp': 200.0}
DECISION : ALLOW
------------------------------------------------------------
[SEQ 155] [IEEE-BASELINE]
SCORE    : anomaly_score=13.335
DECISION : ALLOW
------------------------------------------------------------
[SEQ 156] [LAYER 0]
CMD      : M104 S200
TRUST    : acc_cmd=0.000 | acc_exec=0.333 | trust=0.182
DECISION : PAUSE
MACHINE  : Machine-3
------------------------------------------------------------
[SEQ 156] [STATIC-BASELINE]
CMD      : M104 | effects={'M': 104.0, 'S': 200.0, 'prev_temp': 220.0}
DECISION : ALLOW
------------------------------------------------------------
[SEQ 156] [IEEE-BASELINE]
SCORE    : anomaly_score=14.001
DECISION : ALLOW
------------------------------------------------------------
[SEQ 157] [LAYER 0]
CMD      : G1 X170.495 Y124.709 E4.32311
TRUST    : acc_cmd=0.000 | acc_exec=0.000 | trust=0.256
DECISION : PAUSE
MACHINE  : Machine-3
------------------------------------------------------------
[SEQ 157] [STATIC-BASELINE]
CMD      : G1 | effects={'dx': -1.6910000000000025, 'dy': 5.799000000000007, 'dz': 0.0, 'de': 0.11664999999999992, 'xy_dist': 6.04052001072756, 'params': {'G': 1.0, 'X': 170.495, 'Y': 124.709, 'E': 4.32311}}
DECISION : ALLOW
------------------------------------------------------------
[SEQ 157] [IEEE-BASELINE]
SCORE    : anomaly_score=12.601
DECISION : ALLOW
------------------------------------------------------------
[SEQ 158] [LAYER 0]
CMD      : M104 S220
TRUST    : acc_cmd=0.000 | acc_exec=0.333 | trust=0.211
DECISION : PAUSE
MACHINE  : Machine-3
------------------------------------------------------------
[SEQ 158] [STATIC-BASELINE]
CMD      : M104 | effects={'M': 104.0, 'S': 220.0, 'prev_temp': 200.0}
DECISION : ALLOW
------------------------------------------------------------
[SEQ 158] [IEEE-BASELINE]
SCORE    : anomaly_score=13.341
DECISION : ALLOW
------------------------------------------------------------
[SEQ 159] [LAYER 0]
CMD      : M104 S200
TRUST    : acc_cmd=0.000 | acc_exec=0.333 | trust=0.163
DECISION : PAUSE
MACHINE  : Machine-3
------------------------------------------------------------
[SEQ 159] [STATIC-BASELINE]
CMD      : M104 | effects={'M': 104.0, 'S': 200.0, 'prev_temp': 220.0}
DECISION : ALLOW
------------------------------------------------------------
[SEQ 159] [IEEE-BASELINE]
SCORE    : anomaly_score=14.007
DECISION : ALLOW
------------------------------------------------------------
[SEQ 160] [LAYER 0]
CMD      : G1 X166.085 Y127.146 E4.41949
TRUST    : acc_cmd=0.000 | acc_exec=0.000 | trust=0.243
DECISION : PAUSE
MACHINE  : Machine-3
------------------------------------------------------------
[SEQ 160] [STATIC-BASELINE]
CMD      : G1 | effects={'dx': -4.409999999999997, 'dy': 2.4369999999999976, 'dz': 0.0, 'de': 0.09637999999999991, 'xy_dist': 5.038558226318314, 'params': {'G': 1.0, 'X': 166.085, 'Y': 127.146, 'E': 4.41949}}
DECISION : ALLOW
------------------------------------------------------------
[SEQ 160] [IEEE-BASELINE]
SCORE    : anomaly_score=12.606
DECISION : ALLOW
------------------------------------------------------------
[SEQ 161] [LAYER 0]
CMD      : G1 X163.992 Y127.185 E4.45887
TRUST    : acc_cmd=0.000 | acc_exec=0.000 | trust=0.387
DECISION : PAUSE
MACHINE  : Machine-3
------------------------------------------------------------
[SEQ 161] [STATIC-BASELINE]
CMD      : G1 | effects={'dx': -2.0930000000000177, 'dy': 0.03900000000000148, 'dz': 0.0, 'de': 0.039380000000000415, 'xy_dist': 2.093363322502827, 'params': {'G': 1.0, 'X': 163.992, 'Y': 127.185, 'E': 4.45887}}
DECISION : ALLOW
------------------------------------------------------------
[SEQ 161] [IEEE-BASELINE]
SCORE    : anomaly_score=11.346
DECISION : ALLOW
------------------------------------------------------------
[SEQ 162] [LAYER 0]
CMD      : G1 X161.971 Y126.561 E4.49865
TRUST    : acc_cmd=0.000 | acc_exec=0.000 | trust=0.542
DECISION : ALLOW
MACHINE  : Machine-3
------------------------------------------------------------
[SEQ 162] [STATIC-BASELINE]
CMD      : G1 | effects={'dx': -2.0209999999999866, 'dy': -0.6239999999999952, 'dz': 0.0, 'de': 0.03977999999999948, 'xy_dist': 2.115139948088528, 'params': {'G': 1.0, 'X': 161.971, 'Y': 126.561, 'E': 4.49865}}
DECISION : ALLOW
------------------------------------------------------------
[SEQ 162] [IEEE-BASELINE]
SCORE    : anomaly_score=10.211
DECISION : ALLOW
------------------------------------------------------------
[SEQ 163] [LAYER 0]
CMD      : M104 S220
TRUST    : acc_cmd=0.000 | acc_exec=0.333 | trust=0.387
DECISION : PAUSE
MACHINE  : Machine-3
------------------------------------------------------------
[SEQ 163] [STATIC-BASELINE]
CMD      : M104 | effects={'M': 104.0, 'S': 220.0, 'prev_temp': 200.0}
DECISION : ALLOW
------------------------------------------------------------
[SEQ 163] [IEEE-BASELINE]
SCORE    : anomaly_score=11.190
DECISION : ALLOW
------------------------------------------------------------
[SEQ 164] [LAYER 0]
CMD      : M104 S200
TRUST    : acc_cmd=0.000 | acc_exec=0.333 | trust=0.258
DECISION : PAUSE
MACHINE  : Machine-3
------------------------------------------------------------
[SEQ 164] [STATIC-BASELINE]
CMD      : M104 | effects={'M': 104.0, 'S': 200.0, 'prev_temp': 220.0}
DECISION : ALLOW
------------------------------------------------------------
[SEQ 164] [IEEE-BASELINE]
SCORE    : anomaly_score=12.071
DECISION : ALLOW
------------------------------------------------------------
[SEQ 165] [LAYER 0]
CMD      : M104 S220
TRUST    : acc_cmd=0.000 | acc_exec=0.333 | trust=0.180
DECISION : PAUSE
MACHINE  : Machine-3
------------------------------------------------------------
[SEQ 165] [STATIC-BASELINE]
CMD      : M104 | effects={'M': 104.0, 'S': 220.0, 'prev_temp': 200.0}
DECISION : ALLOW
------------------------------------------------------------
[SEQ 165] [IEEE-BASELINE]
SCORE    : anomaly_score=12.864
DECISION : ALLOW
------------------------------------------------------------
[SEQ 166] [LAYER 0]
CMD      : M104 S200
TRUST    : acc_cmd=0.000 | acc_exec=0.333 | trust=0.136
DECISION : PAUSE
MACHINE  : Machine-3
------------------------------------------------------------
[SEQ 166] [STATIC-BASELINE]
CMD      : M104 | effects={'M': 104.0, 'S': 200.0, 'prev_temp': 220.0}
DECISION : ALLOW
------------------------------------------------------------
[SEQ 166] [IEEE-BASELINE]
SCORE    : anomaly_score=13.577
DECISION : ALLOW
------------------------------------------------------------
[SEQ 167] [LAYER 0]
CMD      : M104 S220
TRUST    : acc_cmd=0.000 | acc_exec=0.333 | trust=0.112
DECISION : PAUSE
MACHINE  : Machine-3
------------------------------------------------------------
[SEQ 167] [STATIC-BASELINE]
CMD      : M104 | effects={'M': 104.0, 'S': 220.0, 'prev_temp': 200.0}
DECISION : ALLOW
------------------------------------------------------------
[SEQ 167] [IEEE-BASELINE]
SCORE    : anomaly_score=14.220
DECISION : ALLOW
------------------------------------------------------------
[SEQ 168] [LAYER 0]
CMD      : M104 S200
TRUST    : acc_cmd=0.000 | acc_exec=0.333 | trust=0.099
DECISION : PAUSE
MACHINE  : Machine-3
------------------------------------------------------------
[SEQ 168] [STATIC-BASELINE]
CMD      : M104 | effects={'M': 104.0, 'S': 200.0, 'prev_temp': 220.0}
DECISION : ALLOW
------------------------------------------------------------
[SEQ 168] [IEEE-BASELINE]
SCORE    : anomaly_score=14.798
DECISION : ALLOW
------------------------------------------------------------
[SEQ 169] [LAYER 0]
CMD      : M104 S220
TRUST    : acc_cmd=0.000 | acc_exec=0.333 | trust=0.092
DECISION : PAUSE
MACHINE  : Machine-3
------------------------------------------------------------
[SEQ 169] [STATIC-BASELINE]
CMD      : M104 | effects={'M': 104.0, 'S': 220.0, 'prev_temp': 200.0}
DECISION : ALLOW
------------------------------------------------------------
[SEQ 169] [IEEE-BASELINE]
SCORE    : anomaly_score=15.318
DECISION : ALLOW
------------------------------------------------------------
[SEQ 170] [LAYER 0]
CMD      : M104 S200
TRUST    : acc_cmd=0.000 | acc_exec=0.333 | trust=0.088
DECISION : PAUSE
MACHINE  : Machine-3
------------------------------------------------------------
[SEQ 170] [STATIC-BASELINE]
CMD      : M104 | effects={'M': 104.0, 'S': 200.0, 'prev_temp': 220.0}
DECISION : ALLOW
------------------------------------------------------------
[SEQ 170] [IEEE-BASELINE]
SCORE    : anomaly_score=15.786
DECISION : ALLOW
------------------------------------------------------------
[SEQ 171] [LAYER 0]
CMD      : M104 S220
TRUST    : acc_cmd=0.000 | acc_exec=0.333 | trust=0.085
DECISION : PAUSE
MACHINE  : Machine-3
------------------------------------------------------------
[SEQ 171] [STATIC-BASELINE]
CMD      : M104 | effects={'M': 104.0, 'S': 220.0, 'prev_temp': 200.0}
DECISION : ALLOW
------------------------------------------------------------
[SEQ 171] [IEEE-BASELINE]
SCORE    : anomaly_score=16.208
DECISION : ALLOW
------------------------------------------------------------
[SEQ 172] [LAYER 0]
CMD      : G1 X161.186 Y114.334 E4.78336
TRUST    : acc_cmd=0.000 | acc_exec=0.000 | trust=0.170
DECISION : PAUSE
MACHINE  : Machine-3
------------------------------------------------------------
[SEQ 172] [STATIC-BASELINE]
CMD      : G1 | effects={'dx': -0.7849999999999966, 'dy': -12.227000000000004, 'dz': 0.0, 'de': 0.28471000000000046, 'xy_dist': 12.252173439843236, 'params': {'G': 1.0, 'X': 161.186, 'Y': 114.334, 'E': 4.78336}}
DECISION : ALLOW
------------------------------------------------------------
[SEQ 172] [IEEE-BASELINE]
SCORE    : anomaly_score=14.587
DECISION : ALLOW
------------------------------------------------------------
[SEQ 173] [LAYER 0]
CMD      : G1 X162.817 Y113.584 E4.81712
TRUST    : acc_cmd=0.000 | acc_exec=0.000 | trust=0.314
DECISION : PAUSE
MACHINE  : Machine-3
------------------------------------------------------------
[SEQ 173] [STATIC-BASELINE]
CMD      : G1 | effects={'dx': 1.6310000000000002, 'dy': -0.75, 'dz': 0.0, 'de': 0.03376000000000001, 'xy_dist': 1.795177150032832, 'params': {'G': 1.0, 'X': 162.817, 'Y': 113.584, 'E': 4.81712}}
DECISION : ALLOW
------------------------------------------------------------
[SEQ 173] [IEEE-BASELINE]
SCORE    : anomaly_score=13.128
DECISION : ALLOW
------------------------------------------------------------
[SEQ 174] [LAYER 0]
CMD      : M104 S200
TRUST    : acc_cmd=0.000 | acc_exec=0.333 | trust=0.255
DECISION : PAUSE
MACHINE  : Machine-3
------------------------------------------------------------
[SEQ 174] [STATIC-BASELINE]
CMD      : M104 | effects={'M': 104.0, 'S': 200.0, 'prev_temp': 220.0}
DECISION : ALLOW
------------------------------------------------------------
[SEQ 174] [IEEE-BASELINE]
SCORE    : anomaly_score=13.815
DECISION : ALLOW
------------------------------------------------------------
[SEQ 175] [LAYER 0]
CMD      : M104 S220
TRUST    : acc_cmd=0.000 | acc_exec=0.333 | trust=0.190
DECISION : PAUSE
MACHINE  : Machine-3
------------------------------------------------------------
[SEQ 175] [STATIC-BASELINE]
CMD      : M104 | effects={'M': 104.0, 'S': 220.0, 'prev_temp': 200.0}
DECISION : ALLOW
------------------------------------------------------------
[SEQ 175] [IEEE-BASELINE]
SCORE    : anomaly_score=14.434
DECISION : ALLOW
------------------------------------------------------------
[SEQ 176] [LAYER 0]
CMD      : M104 S200
TRUST    : acc_cmd=0.000 | acc_exec=0.333 | trust=0.146
DECISION : PAUSE
MACHINE  : Machine-3
------------------------------------------------------------
[SEQ 176] [STATIC-BASELINE]
CMD      : M104 | effects={'M': 104.0, 'S': 200.0, 'prev_temp': 220.0}
DECISION : ALLOW
------------------------------------------------------------
[SEQ 176] [IEEE-BASELINE]
SCORE    : anomaly_score=14.990
DECISION : ALLOW
------------------------------------------------------------
[SEQ 177] [LAYER 0]
CMD      : M104 S220
TRUST    : acc_cmd=0.000 | acc_exec=0.333 | trust=0.119
DECISION : PAUSE
MACHINE  : Machine-3
------------------------------------------------------------
[SEQ 177] [STATIC-BASELINE]
CMD      : M104 | effects={'M': 104.0, 'S': 220.0, 'prev_temp': 200.0}
DECISION : ALLOW
------------------------------------------------------------
[SEQ 177] [IEEE-BASELINE]
SCORE    : anomaly_score=15.491
DECISION : ALLOW
------------------------------------------------------------
[SEQ 178] [LAYER 0]
CMD      : M104 S200
TRUST    : acc_cmd=0.000 | acc_exec=0.333 | trust=0.103
DECISION : PAUSE
MACHINE  : Machine-3
------------------------------------------------------------
[SEQ 178] [STATIC-BASELINE]
CMD      : M104 | effects={'M': 104.0, 'S': 200.0, 'prev_temp': 220.0}
DECISION : ALLOW
------------------------------------------------------------
[SEQ 178] [IEEE-BASELINE]
SCORE    : anomaly_score=15.942
DECISION : ALLOW
------------------------------------------------------------
[SEQ 179] [LAYER 0]
CMD      : M104 S220
TRUST    : acc_cmd=0.000 | acc_exec=0.333 | trust=0.094
DECISION : PAUSE
MACHINE  : Machine-3
------------------------------------------------------------
[SEQ 179] [STATIC-BASELINE]
CMD      : M104 | effects={'M': 104.0, 'S': 220.0, 'prev_temp': 200.0}
DECISION : ALLOW
------------------------------------------------------------
[SEQ 179] [IEEE-BASELINE]
SCORE    : anomaly_score=16.348
DECISION : ALLOW
------------------------------------------------------------
[SEQ 180] [LAYER 0]
CMD      : M104 S200
TRUST    : acc_cmd=0.000 | acc_exec=0.333 | trust=0.089
DECISION : PAUSE
MACHINE  : Machine-3
------------------------------------------------------------
[SEQ 180] [STATIC-BASELINE]
CMD      : M104 | effects={'M': 104.0, 'S': 200.0, 'prev_temp': 220.0}
DECISION : ALLOW
------------------------------------------------------------
[SEQ 180] [IEEE-BASELINE]
SCORE    : anomaly_score=16.713
DECISION : ALLOW
------------------------------------------------------------
[SEQ 181] [LAYER 0]
CMD      : M104 S220
TRUST    : acc_cmd=0.000 | acc_exec=0.333 | trust=0.086
DECISION : PAUSE
MACHINE  : Machine-3
------------------------------------------------------------
[SEQ 181] [STATIC-BASELINE]
CMD      : M104 | effects={'M': 104.0, 'S': 220.0, 'prev_temp': 200.0}
DECISION : ALLOW
------------------------------------------------------------
[SEQ 181] [IEEE-BASELINE]
SCORE    : anomaly_score=17.042
DECISION : ALLOW
------------------------------------------------------------
[SEQ 182] [LAYER 0]
CMD      : G1 X171.197 Y122.876 E5.11634
TRUST    : acc_cmd=0.000 | acc_exec=0.000 | trust=0.171
DECISION : PAUSE
MACHINE  : Machine-3
------------------------------------------------------------
[SEQ 182] [STATIC-BASELINE]
CMD      : G1 | effects={'dx': 8.379999999999995, 'dy': 9.292000000000002, 'dz': 0.0, 'de': 0.29922000000000004, 'xy_dist': 12.512620189232946, 'params': {'G': 1.0, 'X': 171.197, 'Y': 122.876, 'E': 5.11634}}
DECISION : ALLOW
------------------------------------------------------------
[SEQ 182] [IEEE-BASELINE]
SCORE    : anomaly_score=15.338
DECISION : ALLOW
------------------------------------------------------------
[SEQ 183] [LAYER 0]
CMD      : G1 X170.189 Y124.445 E5.15142
TRUST    : acc_cmd=0.000 | acc_exec=0.000 | trust=0.315
DECISION : PAUSE
MACHINE  : Machine-3
------------------------------------------------------------
[SEQ 183] [STATIC-BASELINE]
CMD      : G1 | effects={'dx': -1.0080000000000098, 'dy': 1.5689999999999884, 'dz': 0.0, 'de': 0.03507999999999978, 'xy_dist': 1.8648927583107784, 'params': {'G': 1.0, 'X': 170.189, 'Y': 124.445, 'E': 5.15142}}
DECISION : ALLOW
------------------------------------------------------------
[SEQ 183] [IEEE-BASELINE]
SCORE    : anomaly_score=13.804
DECISION : ALLOW
------------------------------------------------------------
[SEQ 184] [LAYER 0]
CMD      : M104 S200
TRUST    : acc_cmd=0.000 | acc_exec=0.333 | trust=0.255
DECISION : PAUSE
MACHINE  : Machine-3
------------------------------------------------------------
[SEQ 184] [STATIC-BASELINE]
CMD      : M104 | effects={'M': 104.0, 'S': 200.0, 'prev_temp': 220.0}
DECISION : ALLOW
------------------------------------------------------------
[SEQ 184] [IEEE-BASELINE]
SCORE    : anomaly_score=14.424
DECISION : ALLOW
------------------------------------------------------------
[SEQ 185] [LAYER 0]
CMD      : M104 S220
TRUST    : acc_cmd=0.000 | acc_exec=0.333 | trust=0.190
DECISION : PAUSE
MACHINE  : Machine-3
------------------------------------------------------------
[SEQ 185] [STATIC-BASELINE]
CMD      : M104 | effects={'M': 104.0, 'S': 220.0, 'prev_temp': 200.0}
DECISION : ALLOW
------------------------------------------------------------
[SEQ 185] [IEEE-BASELINE]
SCORE    : anomaly_score=14.981
DECISION : ALLOW
------------------------------------------------------------
[SEQ 186] [LAYER 0]
CMD      : G1 X166.025 Y126.747 E5.24243
TRUST    : acc_cmd=0.000 | acc_exec=0.000 | trust=0.266
DECISION : PAUSE
MACHINE  : Machine-3
------------------------------------------------------------
[SEQ 186] [STATIC-BASELINE]
CMD      : G1 | effects={'dx': -4.163999999999987, 'dy': 2.3020000000000067, 'dz': 0.0, 'de': 0.09100999999999981, 'xy_dist': 4.757951239766958, 'params': {'G': 1.0, 'X': 166.025, 'Y': 126.747, 'E': 5.24243}}
DECISION : ALLOW
------------------------------------------------------------
[SEQ 186] [IEEE-BASELINE]
SCORE    : anomaly_score=13.483
DECISION : ALLOW
------------------------------------------------------------
[SEQ 187] [LAYER 0]
CMD      : M104 S200
TRUST    : acc_cmd=0.000 | acc_exec=0.333 | trust=0.217
DECISION : PAUSE
MACHINE  : Machine-3
------------------------------------------------------------
[SEQ 187] [STATIC-BASELINE]
CMD      : M104 | effects={'M': 104.0, 'S': 200.0, 'prev_temp': 220.0}
DECISION : ALLOW
------------------------------------------------------------
[SEQ 187] [IEEE-BASELINE]
SCORE    : anomaly_score=14.135
DECISION : ALLOW
------------------------------------------------------------
[SEQ 188] [LAYER 0]
CMD      : M104 S220
TRUST    : acc_cmd=0.000 | acc_exec=0.333 | trust=0.167
DECISION : PAUSE
MACHINE  : Machine-3
------------------------------------------------------------
[SEQ 188] [STATIC-BASELINE]
CMD      : M104 | effects={'M': 104.0, 'S': 220.0, 'prev_temp': 200.0}
DECISION : ALLOW
------------------------------------------------------------
[SEQ 188] [IEEE-BASELINE]
SCORE    : anomaly_score=14.721
DECISION : ALLOW
------------------------------------------------------------
[SEQ 189] [LAYER 0]
CMD      : M104 S200
TRUST    : acc_cmd=0.000 | acc_exec=0.333 | trust=0.133
DECISION : PAUSE
MACHINE  : Machine-3
------------------------------------------------------------
[SEQ 189] [STATIC-BASELINE]
CMD      : M104 | effects={'M': 104.0, 'S': 200.0, 'prev_temp': 220.0}
DECISION : ALLOW
------------------------------------------------------------
[SEQ 189] [IEEE-BASELINE]
SCORE    : anomaly_score=15.249
DECISION : ALLOW
------------------------------------------------------------
[SEQ 190] [LAYER 0]
CMD      : G1 X158.824 Y123.037 E5.4047
TRUST    : acc_cmd=0.000 | acc_exec=0.000 | trust=0.212
DECISION : PAUSE
MACHINE  : Machine-3
------------------------------------------------------------
[SEQ 190] [STATIC-BASELINE]
CMD      : G1 | effects={'dx': -7.200999999999993, 'dy': -3.7099999999999937, 'dz': 0.0, 'de': 0.16227000000000036, 'xy_dist': 8.100524736089623, 'params': {'G': 1.0, 'X': 158.824, 'Y': 123.037, 'E': 5.4047}}
DECISION : ALLOW
------------------------------------------------------------
[SEQ 190] [IEEE-BASELINE]
SCORE    : anomaly_score=13.724
DECISION : ALLOW
------------------------------------------------------------
[SEQ 191] [LAYER 0]
CMD      : G1 X158.253 Y121.012 E5.44427
TRUST    : acc_cmd=0.000 | acc_exec=0.000 | trust=0.356
DECISION : PAUSE
MACHINE  : Machine-3
------------------------------------------------------------
[SEQ 191] [STATIC-BASELINE]
CMD      : G1 | effects={'dx': -0.5710000000000264, 'dy': -2.0250000000000057, 'dz': 0.0, 'de': 0.03957000000000033, 'xy_dist': 2.103964353310211, 'params': {'G': 1.0, 'X': 158.253, 'Y': 121.012, 'E': 5.44427}}
DECISION : ALLOW
------------------------------------------------------------
[SEQ 191] [IEEE-BASELINE]
SCORE    : anomaly_score=12.352
DECISION : ALLOW
------------------------------------------------------------
[SEQ 192] [LAYER 0]
CMD      : M104 S220
TRUST    : acc_cmd=0.000 | acc_exec=0.333 | trust=0.279
DECISION : PAUSE
MACHINE  : Machine-3
------------------------------------------------------------
[SEQ 192] [STATIC-BASELINE]
CMD      : M104 | effects={'M': 104.0, 'S': 220.0, 'prev_temp': 200.0}
DECISION : ALLOW
------------------------------------------------------------
[SEQ 192] [IEEE-BASELINE]
SCORE    : anomaly_score=13.117
DECISION : ALLOW
------------------------------------------------------------
[SEQ 193] [LAYER 0]
CMD      : G1 X158.274 Y118.721 E5.48746
TRUST    : acc_cmd=0.000 | acc_exec=0.000 | trust=0.359
DECISION : PAUSE
MACHINE  : Machine-3
------------------------------------------------------------
[SEQ 193] [STATIC-BASELINE]
CMD      : G1 | effects={'dx': 0.021000000000015007, 'dy': -2.290999999999997, 'dz': 0.0, 'de': 0.043189999999999173, 'xy_dist': 2.291096244159111, 'params': {'G': 1.0, 'X': 158.274, 'Y': 118.721, 'E': 5.48746}}
DECISION : ALLOW
------------------------------------------------------------
[SEQ 193] [IEEE-BASELINE]
SCORE    : anomaly_score=11.805
DECISION : ALLOW
------------------------------------------------------------
[SEQ 194] [LAYER 0]
CMD      : M104 S200
TRUST    : acc_cmd=0.000 | acc_exec=0.333 | trust=0.273
DECISION : PAUSE
MACHINE  : Machine-3
------------------------------------------------------------
[SEQ 194] [STATIC-BASELINE]
CMD      : M104 | effects={'M': 104.0, 'S': 200.0, 'prev_temp': 220.0}
DECISION : ALLOW
------------------------------------------------------------
[SEQ 194] [IEEE-BASELINE]
SCORE    : anomaly_score=12.624
DECISION : ALLOW
------------------------------------------------------------
[SEQ 195] [LAYER 0]
CMD      : M104 S220
TRUST    : acc_cmd=0.000 | acc_exec=0.333 | trust=0.197
DECISION : PAUSE
MACHINE  : Machine-3
------------------------------------------------------------
[SEQ 195] [STATIC-BASELINE]
CMD      : M104 | effects={'M': 104.0, 'S': 220.0, 'prev_temp': 200.0}
DECISION : ALLOW
------------------------------------------------------------
[SEQ 195] [IEEE-BASELINE]
SCORE    : anomaly_score=13.362
DECISION : ALLOW
------------------------------------------------------------
[SEQ 196] [LAYER 0]
CMD      : M104 S200
TRUST    : acc_cmd=0.000 | acc_exec=0.333 | trust=0.149
DECISION : PAUSE
MACHINE  : Machine-3
------------------------------------------------------------
[SEQ 196] [STATIC-BASELINE]
CMD      : M104 | effects={'M': 104.0, 'S': 200.0, 'prev_temp': 220.0}
DECISION : ALLOW
------------------------------------------------------------
[SEQ 196] [IEEE-BASELINE]
SCORE    : anomaly_score=14.026
DECISION : ALLOW
------------------------------------------------------------
[SEQ 197] [LAYER 0]
CMD      : M104 S220
TRUST    : acc_cmd=0.000 | acc_exec=0.333 | trust=0.120
DECISION : PAUSE
MACHINE  : Machine-3
------------------------------------------------------------
[SEQ 197] [STATIC-BASELINE]
CMD      : M104 | effects={'M': 104.0, 'S': 220.0, 'prev_temp': 200.0}
DECISION : ALLOW
------------------------------------------------------------
[SEQ 197] [IEEE-BASELINE]
SCORE    : anomaly_score=14.623
DECISION : ALLOW
------------------------------------------------------------
[SEQ 198] [LAYER 0]
CMD      : M104 S200
TRUST    : acc_cmd=0.000 | acc_exec=0.333 | trust=0.104
DECISION : PAUSE
MACHINE  : Machine-3
------------------------------------------------------------
[SEQ 198] [STATIC-BASELINE]
CMD      : M104 | effects={'M': 104.0, 'S': 200.0, 'prev_temp': 220.0}
DECISION : ALLOW
------------------------------------------------------------
[SEQ 198] [IEEE-BASELINE]
SCORE    : anomaly_score=15.161
DECISION : ALLOW
------------------------------------------------------------
[SEQ 199] [LAYER 0]
CMD      : G1 X162.93 Y113.968 E5.61736
TRUST    : acc_cmd=0.000 | acc_exec=0.000 | trust=0.186
DECISION : PAUSE
MACHINE  : Machine-3
------------------------------------------------------------
[SEQ 199] [STATIC-BASELINE]
CMD      : G1 | effects={'dx': 4.656000000000006, 'dy': -4.753, 'dz': 0.0, 'de': 0.12990000000000013, 'xy_dist': 6.653521248181301, 'params': {'G': 1.0, 'X': 162.93, 'Y': 113.968, 'E': 5.61736}}
DECISION : ALLOW
------------------------------------------------------------
[SEQ 199] [IEEE-BASELINE]
SCORE    : anomaly_score=13.645
DECISION : ALLOW
------------------------------------------------------------
[SEQ 200] [LAYER 0]
CMD      : M104 S220
TRUST    : acc_cmd=0.000 | acc_exec=0.333 | trust=0.168
DECISION : PAUSE
MACHINE  : Machine-3
------------------------------------------------------------
[SEQ 200] [STATIC-BASELINE]
CMD      : M104 | effects={'M': 104.0, 'S': 220.0, 'prev_temp': 200.0}
DECISION : ALLOW
------------------------------------------------------------
[SEQ 200] [IEEE-BASELINE]
SCORE    : anomaly_score=14.280
DECISION : ALLOW
------------------------------------------------------------
[SEQ 201] [LAYER 0]
CMD      : M104 S200
TRUST    : acc_cmd=0.000 | acc_exec=0.333 | trust=0.140
DECISION : PAUSE
MACHINE  : Machine-3
------------------------------------------------------------
[SEQ 201] [STATIC-BASELINE]
CMD      : M104 | effects={'M': 104.0, 'S': 200.0, 'prev_temp': 220.0}
DECISION : ALLOW
------------------------------------------------------------
[SEQ 201] [IEEE-BASELINE]
SCORE    : anomaly_score=14.852
DECISION : ALLOW
------------------------------------------------------------
[SEQ 202] [LAYER 0]
CMD      : G1 X167.3 Y114.004 E5.70126
TRUST    : acc_cmd=0.000 | acc_exec=0.000 | trust=0.225
DECISION : PAUSE
MACHINE  : Machine-3
------------------------------------------------------------
[SEQ 202] [STATIC-BASELINE]
CMD      : G1 | effects={'dx': 4.3700000000000045, 'dy': 0.036000000000001364, 'dz': 0.0, 'de': 0.08390000000000075, 'xy_dist': 4.370148281237153, 'params': {'G': 1.0, 'X': 167.3, 'Y': 114.004, 'E': 5.70126}}
DECISION : ALLOW
------------------------------------------------------------
[SEQ 202] [IEEE-BASELINE]
SCORE    : anomaly_score=13.367
DECISION : ALLOW
------------------------------------------------------------
[SEQ 203] [LAYER 0]
CMD      : M104 S220
TRUST    : acc_cmd=0.000 | acc_exec=0.333 | trust=0.193
DECISION : PAUSE
MACHINE  : Machine-3
------------------------------------------------------------
[SEQ 203] [STATIC-BASELINE]
CMD      : M104 | effects={'M': 104.0, 'S': 220.0, 'prev_temp': 200.0}
DECISION : ALLOW
------------------------------------------------------------
[SEQ 203] [IEEE-BASELINE]
SCORE    : anomaly_score=14.030
DECISION : ALLOW
------------------------------------------------------------
[SEQ 204] [LAYER 0]
CMD      : M104 S200
TRUST    : acc_cmd=0.000 | acc_exec=0.333 | trust=0.154
DECISION : PAUSE
MACHINE  : Machine-3
------------------------------------------------------------
[SEQ 204] [STATIC-BASELINE]
CMD      : M104 | effects={'M': 104.0, 'S': 200.0, 'prev_temp': 220.0}
DECISION : ALLOW
------------------------------------------------------------
[SEQ 204] [IEEE-BASELINE]
SCORE    : anomaly_score=14.627
DECISION : ALLOW
------------------------------------------------------------
[SEQ 205] [LAYER 0]
CMD      : M104 S220
TRUST    : acc_cmd=0.000 | acc_exec=0.333 | trust=0.126
DECISION : PAUSE
MACHINE  : Machine-3
------------------------------------------------------------
[SEQ 205] [STATIC-BASELINE]
CMD      : M104 | effects={'M': 104.0, 'S': 220.0, 'prev_temp': 200.0}
DECISION : ALLOW
------------------------------------------------------------
[SEQ 205] [IEEE-BASELINE]
SCORE    : anomaly_score=15.165
DECISION : ALLOW
------------------------------------------------------------
[SEQ 206] [LAYER 0]
CMD      : G1 X171.384 Y119.034 E5.82867
TRUST    : acc_cmd=0.000 | acc_exec=0.000 | trust=0.207
DECISION : PAUSE
MACHINE  : Machine-3
------------------------------------------------------------
[SEQ 206] [STATIC-BASELINE]
CMD      : G1 | effects={'dx': 4.083999999999975, 'dy': 5.030000000000001, 'dz': 0.0, 'de': 0.12740999999999936, 'xy_dist': 6.479194085686877, 'params': {'G': 1.0, 'X': 171.384, 'Y': 119.034, 'E': 5.82867}}
DECISION : ALLOW
------------------------------------------------------------
[SEQ 206] [IEEE-BASELINE]
SCORE    : anomaly_score=13.648
DECISION : ALLOW
------------------------------------------------------------
[SEQ 207] [LAYER 0]
CMD      : M104 S200
TRUST    : acc_cmd=0.000 | acc_exec=0.333 | trust=0.182
DECISION : PAUSE
MACHINE  : Machine-3
------------------------------------------------------------
[SEQ 207] [STATIC-BASELINE]
CMD      : M104 | effects={'M': 104.0, 'S': 200.0, 'prev_temp': 220.0}
DECISION : ALLOW
------------------------------------------------------------
[SEQ 207] [IEEE-BASELINE]
SCORE    : anomaly_score=14.283
DECISION : ALLOW
------------------------------------------------------------
[SEQ 208] [LAYER 0]
CMD      : G1 X170.832 Y122.704 E5.89919
TRUST    : acc_cmd=0.000 | acc_exec=0.000 | trust=0.276
DECISION : PAUSE
MACHINE  : Machine-3
------------------------------------------------------------
[SEQ 208] [STATIC-BASELINE]
CMD      : G1 | effects={'dx': -0.5519999999999925, 'dy': 3.6699999999999875, 'dz': 0.0, 'de': 0.07052000000000014, 'xy_dist': 3.711280641503671, 'params': {'G': 1.0, 'X': 170.832, 'Y': 122.704, 'E': 5.89919}}
DECISION : ALLOW
------------------------------------------------------------
[SEQ 208] [IEEE-BASELINE]
SCORE    : anomaly_score=12.855
DECISION : ALLOW
------------------------------------------------------------
[SEQ 209] [LAYER 0]
CMD      : M104 S220
TRUST    : acc_cmd=0.000 | acc_exec=0.333 | trust=0.226
DECISION : PAUSE
MACHINE  : Machine-3
------------------------------------------------------------
[SEQ 209] [STATIC-BASELINE]
CMD      : M104 | effects={'M': 104.0, 'S': 220.0, 'prev_temp': 200.0}
DECISION : ALLOW
------------------------------------------------------------
[SEQ 209] [IEEE-BASELINE]
SCORE    : anomaly_score=13.569
DECISION : ALLOW
------------------------------------------------------------
[SEQ 210] [LAYER 0]
CMD      : G1 X168.6 Y125.289 E5.9641
TRUST    : acc_cmd=0.000 | acc_exec=0.000 | trust=0.313
DECISION : PAUSE
MACHINE  : Machine-3
------------------------------------------------------------
[SEQ 210] [STATIC-BASELINE]
CMD      : G1 | effects={'dx': -2.2319999999999993, 'dy': 2.585000000000008, 'dz': 0.0, 'de': 0.06491000000000025, 'xy_dist': 3.415267046659754, 'params': {'G': 1.0, 'X': 168.6, 'Y': 125.289, 'E': 5.9641}}
DECISION : ALLOW
------------------------------------------------------------
[SEQ 210] [IEEE-BASELINE]
SCORE    : anomaly_score=12.213
DECISION : ALLOW
------------------------------------------------------------
[SEQ 211] [LAYER 0]
CMD      : M104 S200
TRUST    : acc_cmd=0.000 | acc_exec=0.333 | trust=0.247
DECISION : PAUSE
MACHINE  : Machine-3
------------------------------------------------------------
[SEQ 211] [STATIC-BASELINE]
CMD      : M104 | effects={'M': 104.0, 'S': 200.0, 'prev_temp': 220.0}
DECISION : ALLOW
------------------------------------------------------------
[SEQ 211] [IEEE-BASELINE]
SCORE    : anomaly_score=12.991
DECISION : ALLOW
------------------------------------------------------------
[SEQ 212] [LAYER 0]
CMD      : G1 X165.966 Y126.348 E6.01784
TRUST    : acc_cmd=0.000 | acc_exec=0.000 | trust=0.329
DECISION : PAUSE
MACHINE  : Machine-3
------------------------------------------------------------
[SEQ 212] [STATIC-BASELINE]
CMD      : G1 | effects={'dx': -2.633999999999986, 'dy': 1.0589999999999975, 'dz': 0.0, 'de': 0.053739999999999455, 'xy_dist': 2.8389147574381166, 'params': {'G': 1.0, 'X': 165.966, 'Y': 126.348, 'E': 6.01784}}
DECISION : ALLOW
------------------------------------------------------------
[SEQ 212] [IEEE-BASELINE]
SCORE    : anomaly_score=11.692
DECISION : ALLOW
------------------------------------------------------------
[SEQ 213] [LAYER 0]
CMD      : M104 S220
TRUST    : acc_cmd=0.000 | acc_exec=0.333 | trust=0.256
DECISION : PAUSE
MACHINE  : Machine-3
------------------------------------------------------------
[SEQ 213] [STATIC-BASELINE]
CMD      : M104 | effects={'M': 104.0, 'S': 220.0, 'prev_temp': 200.0}
DECISION : ALLOW
------------------------------------------------------------
[SEQ 213] [IEEE-BASELINE]
SCORE    : anomaly_score=12.523
DECISION : ALLOW
------------------------------------------------------------
[SEQ 214] [LAYER 0]
CMD      : M104 S200
TRUST    : acc_cmd=0.000 | acc_exec=0.333 | trust=0.188
DECISION : PAUSE
MACHINE  : Machine-3
------------------------------------------------------------
[SEQ 214] [STATIC-BASELINE]
CMD      : M104 | effects={'M': 104.0, 'S': 200.0, 'prev_temp': 220.0}
DECISION : ALLOW
------------------------------------------------------------
[SEQ 214] [IEEE-BASELINE]
SCORE    : anomaly_score=13.271
DECISION : ALLOW
------------------------------------------------------------
[SEQ 215] [LAYER 0]
CMD      : M104 S220
TRUST    : acc_cmd=0.000 | acc_exec=0.333 | trust=0.144
DECISION : PAUSE
MACHINE  : Machine-3
------------------------------------------------------------
[SEQ 215] [STATIC-BASELINE]
CMD      : M104 | effects={'M': 104.0, 'S': 220.0, 'prev_temp': 200.0}
DECISION : ALLOW
------------------------------------------------------------
[SEQ 215] [IEEE-BASELINE]
SCORE    : anomaly_score=13.944
DECISION : ALLOW
------------------------------------------------------------
[SEQ 216] [LAYER 0]
CMD      : M104 S200
TRUST    : acc_cmd=0.000 | acc_exec=0.333 | trust=0.118
DECISION : PAUSE
MACHINE  : Machine-3
------------------------------------------------------------
[SEQ 216] [STATIC-BASELINE]
CMD      : M104 | effects={'M': 104.0, 'S': 200.0, 'prev_temp': 220.0}
DECISION : ALLOW
------------------------------------------------------------
[SEQ 216] [IEEE-BASELINE]
SCORE    : anomaly_score=14.549
DECISION : ALLOW
------------------------------------------------------------
[SEQ 217] [LAYER 0]
CMD      : M104 S220
TRUST    : acc_cmd=0.000 | acc_exec=0.333 | trust=0.103
DECISION : PAUSE
MACHINE  : Machine-3
------------------------------------------------------------
[SEQ 217] [STATIC-BASELINE]
CMD      : M104 | effects={'M': 104.0, 'S': 220.0, 'prev_temp': 200.0}
DECISION : ALLOW
------------------------------------------------------------
[SEQ 217] [IEEE-BASELINE]
SCORE    : anomaly_score=15.094
DECISION : ALLOW
------------------------------------------------------------
[SEQ 218] [LAYER 0]
CMD      : M104 S200
TRUST    : acc_cmd=0.000 | acc_exec=0.333 | trust=0.094
DECISION : PAUSE
MACHINE  : Machine-3
------------------------------------------------------------
[SEQ 218] [STATIC-BASELINE]
CMD      : M104 | effects={'M': 104.0, 'S': 200.0, 'prev_temp': 220.0}
DECISION : ALLOW
------------------------------------------------------------
[SEQ 218] [IEEE-BASELINE]
SCORE    : anomaly_score=15.585
DECISION : ALLOW
------------------------------------------------------------
[SEQ 219] [LAYER 0]
CMD      : M104 S220
TRUST    : acc_cmd=0.000 | acc_exec=0.333 | trust=0.089
DECISION : PAUSE
MACHINE  : Machine-3
------------------------------------------------------------
[SEQ 219] [STATIC-BASELINE]
CMD      : M104 | effects={'M': 104.0, 'S': 220.0, 'prev_temp': 200.0}
DECISION : ALLOW
------------------------------------------------------------
[SEQ 219] [IEEE-BASELINE]
SCORE    : anomaly_score=16.026
DECISION : ALLOW
------------------------------------------------------------
[SEQ 220] [LAYER 0]
CMD      : M104 S200
TRUST    : acc_cmd=0.000 | acc_exec=0.333 | trust=0.086
DECISION : PAUSE
MACHINE  : Machine-3
------------------------------------------------------------
[SEQ 220] [STATIC-BASELINE]
CMD      : M104 | effects={'M': 104.0, 'S': 200.0, 'prev_temp': 220.0}
DECISION : ALLOW
------------------------------------------------------------
[SEQ 220] [IEEE-BASELINE]
SCORE    : anomaly_score=16.424
DECISION : ALLOW
------------------------------------------------------------
[SEQ 221] [LAYER 0]
CMD      : M104 S220
TRUST    : acc_cmd=0.000 | acc_exec=0.333 | trust=0.084
DECISION : PAUSE
MACHINE  : Machine-3
------------------------------------------------------------
[SEQ 221] [STATIC-BASELINE]
CMD      : M104 | effects={'M': 104.0, 'S': 220.0, 'prev_temp': 200.0}
DECISION : ALLOW
------------------------------------------------------------
[SEQ 221] [IEEE-BASELINE]
SCORE    : anomaly_score=16.781
DECISION : ALLOW
------------------------------------------------------------
[SEQ 222] [LAYER 0]
CMD      : M104 S200
TRUST    : acc_cmd=0.000 | acc_exec=0.333 | trust=0.084
DECISION : PAUSE
MACHINE  : Machine-3
------------------------------------------------------------
[SEQ 222] [STATIC-BASELINE]
CMD      : M104 | effects={'M': 104.0, 'S': 200.0, 'prev_temp': 220.0}
DECISION : ALLOW
------------------------------------------------------------
[SEQ 222] [IEEE-BASELINE]
SCORE    : anomaly_score=17.103
DECISION : ALLOW
------------------------------------------------------------
[SEQ 223] [LAYER 0]
CMD      : M104 S220
TRUST    : acc_cmd=0.000 | acc_exec=0.333 | trust=0.083
DECISION : PAUSE
MACHINE  : Machine-3
------------------------------------------------------------
[SEQ 223] [STATIC-BASELINE]
CMD      : M104 | effects={'M': 104.0, 'S': 220.0, 'prev_temp': 200.0}
DECISION : ALLOW
------------------------------------------------------------
[SEQ 223] [IEEE-BASELINE]
SCORE    : anomaly_score=17.393
DECISION : ALLOW
------------------------------------------------------------
[SEQ 224] [LAYER 0]
CMD      : M104 S200
TRUST    : acc_cmd=0.000 | acc_exec=0.333 | trust=0.083
DECISION : PAUSE
MACHINE  : Machine-3
------------------------------------------------------------
[SEQ 224] [STATIC-BASELINE]
CMD      : M104 | effects={'M': 104.0, 'S': 200.0, 'prev_temp': 220.0}
DECISION : ALLOW
------------------------------------------------------------
[SEQ 224] [IEEE-BASELINE]
SCORE    : anomaly_score=17.654
DECISION : ALLOW
------------------------------------------------------------
[SEQ 225] [LAYER 0]
CMD      : M104 S220
TRUST    : acc_cmd=0.000 | acc_exec=0.333 | trust=0.082
DECISION : PAUSE
MACHINE  : Machine-3
------------------------------------------------------------
[SEQ 225] [STATIC-BASELINE]
CMD      : M104 | effects={'M': 104.0, 'S': 220.0, 'prev_temp': 200.0}
DECISION : ALLOW
------------------------------------------------------------
[SEQ 225] [IEEE-BASELINE]
SCORE    : anomaly_score=17.888
DECISION : ALLOW
------------------------------------------------------------
[SEQ 226] [LAYER 0]
CMD      : M104 S200
TRUST    : acc_cmd=0.000 | acc_exec=0.333 | trust=0.082
DECISION : PAUSE
MACHINE  : Machine-3
------------------------------------------------------------
[SEQ 226] [STATIC-BASELINE]
CMD      : M104 | effects={'M': 104.0, 'S': 200.0, 'prev_temp': 220.0}
DECISION : ALLOW
------------------------------------------------------------
[SEQ 226] [IEEE-BASELINE]
SCORE    : anomaly_score=18.099
DECISION : ALLOW
------------------------------------------------------------
[SEQ 227] [LAYER 0]
CMD      : M104 S220
TRUST    : acc_cmd=0.000 | acc_exec=0.333 | trust=0.082
DECISION : PAUSE
MACHINE  : Machine-3
------------------------------------------------------------
[SEQ 227] [STATIC-BASELINE]
CMD      : M104 | effects={'M': 104.0, 'S': 220.0, 'prev_temp': 200.0}
DECISION : ALLOW
------------------------------------------------------------
[SEQ 227] [IEEE-BASELINE]
SCORE    : anomaly_score=18.289
DECISION : ALLOW
------------------------------------------------------------
[SEQ 228] [LAYER 0]
CMD      : G1 X167.155 Y114.38 E6.44909
TRUST    : acc_cmd=0.000 | acc_exec=0.000 | trust=0.167
DECISION : PAUSE
MACHINE  : Machine-3
------------------------------------------------------------
[SEQ 228] [STATIC-BASELINE]
CMD      : G1 | effects={'dx': 1.188999999999993, 'dy': -11.968000000000004, 'dz': 0.0, 'de': 0.43125000000000036, 'xy_dist': 12.026917518632946, 'params': {'G': 1.0, 'X': 167.155, 'Y': 114.38, 'E': 6.44909}}
DECISION : ALLOW
------------------------------------------------------------
[SEQ 228] [IEEE-BASELINE]
SCORE    : anomaly_score=16.461
DECISION : ALLOW
------------------------------------------------------------
[SEQ 229] [LAYER 0]
CMD      : G1 X168.784 Y115.259 E6.48391
TRUST    : acc_cmd=0.000 | acc_exec=0.000 | trust=0.311
DECISION : PAUSE
MACHINE  : Machine-3
------------------------------------------------------------
[SEQ 229] [STATIC-BASELINE]
CMD      : G1 | effects={'dx': 1.6289999999999907, 'dy': 0.8790000000000049, 'dz': 0.0, 'de': 0.03481999999999985, 'xy_dist': 1.851021879935507, 'params': {'G': 1.0, 'X': 168.784, 'Y': 115.259, 'E': 6.48391}}
DECISION : ALLOW
------------------------------------------------------------
[SEQ 229] [IEEE-BASELINE]
SCORE    : anomaly_score=14.814
DECISION : ALLOW
------------------------------------------------------------
[SEQ 230] [LAYER 0]
CMD      : G1 X170.206 Y116.916 E6.52498
TRUST    : acc_cmd=0.000 | acc_exec=0.000 | trust=0.474
DECISION : PAUSE
MACHINE  : Machine-3
------------------------------------------------------------
[SEQ 230] [STATIC-BASELINE]
CMD      : G1 | effects={'dx': 1.421999999999997, 'dy': 1.6569999999999965, 'dz': 0.0, 'de': 0.041070000000000384, 'xy_dist': 2.183513911107502, 'params': {'G': 1.0, 'X': 170.206, 'Y': 116.916, 'E': 6.52498}}
DECISION : ALLOW
------------------------------------------------------------
[SEQ 230] [IEEE-BASELINE]
SCORE    : anomaly_score=13.333
DECISION : ALLOW
------------------------------------------------------------
[SEQ 231] [LAYER 0]
CMD      : M104 S200
TRUST    : acc_cmd=0.000 | acc_exec=0.333 | trust=0.349
DECISION : PAUSE
MACHINE  : Machine-3
------------------------------------------------------------
[SEQ 231] [STATIC-BASELINE]
CMD      : M104 | effects={'M': 104.0, 'S': 200.0, 'prev_temp': 220.0}
DECISION : ALLOW
------------------------------------------------------------
[SEQ 231] [IEEE-BASELINE]
SCORE    : anomaly_score=14.000
DECISION : ALLOW
------------------------------------------------------------
[SEQ 232] [LAYER 0]
CMD      : M104 S220
TRUST    : acc_cmd=0.000 | acc_exec=0.333 | trust=0.239
DECISION : PAUSE
MACHINE  : Machine-3
------------------------------------------------------------
[SEQ 232] [STATIC-BASELINE]
CMD      : M104 | effects={'M': 104.0, 'S': 220.0, 'prev_temp': 200.0}
DECISION : ALLOW
------------------------------------------------------------
[SEQ 232] [IEEE-BASELINE]
SCORE    : anomaly_score=14.600
DECISION : ALLOW
------------------------------------------------------------
[SEQ 233] [LAYER 0]
CMD      : G1 X170.95 Y120.974 E6.6039
TRUST    : acc_cmd=0.000 | acc_exec=0.000 | trust=0.300
DECISION : PAUSE
MACHINE  : Machine-3
------------------------------------------------------------
[SEQ 233] [STATIC-BASELINE]
CMD      : G1 | effects={'dx': 0.7439999999999998, 'dy': 4.058000000000007, 'dz': 0.0, 'de': 0.0789200000000001, 'xy_dist': 4.1256393443925825, 'params': {'G': 1.0, 'X': 170.95, 'Y': 120.974, 'E': 6.6039}}
DECISION : ALLOW
------------------------------------------------------------
[SEQ 233] [IEEE-BASELINE]
SCORE    : anomaly_score=13.140
DECISION : ALLOW
------------------------------------------------------------
[SEQ 234] [LAYER 0]
CMD      : M104 S200
TRUST    : acc_cmd=0.000 | acc_exec=0.333 | trust=0.236
DECISION : PAUSE
MACHINE  : Machine-3
------------------------------------------------------------
[SEQ 234] [STATIC-BASELINE]
CMD      : M104 | effects={'M': 104.0, 'S': 200.0, 'prev_temp': 220.0}
DECISION : ALLOW
------------------------------------------------------------
[SEQ 234] [IEEE-BASELINE]
SCORE    : anomaly_score=13.826
DECISION : ALLOW
------------------------------------------------------------
[SEQ 235] [LAYER 0]
CMD      : M104 S220
TRUST    : acc_cmd=0.000 | acc_exec=0.333 | trust=0.177
DECISION : PAUSE
MACHINE  : Machine-3
------------------------------------------------------------
[SEQ 235] [STATIC-BASELINE]
CMD      : M104 | effects={'M': 104.0, 'S': 220.0, 'prev_temp': 200.0}
DECISION : ALLOW
------------------------------------------------------------
[SEQ 235] [IEEE-BASELINE]
SCORE    : anomaly_score=14.443
DECISION : ALLOW
------------------------------------------------------------
[SEQ 236] [LAYER 0]
CMD      : M104 S200
TRUST    : acc_cmd=0.000 | acc_exec=0.333 | trust=0.138
DECISION : PAUSE
MACHINE  : Machine-3
------------------------------------------------------------
[SEQ 236] [STATIC-BASELINE]
CMD      : M104 | effects={'M': 104.0, 'S': 200.0, 'prev_temp': 220.0}
DECISION : ALLOW
------------------------------------------------------------
[SEQ 236] [IEEE-BASELINE]
SCORE    : anomaly_score=14.999
DECISION : ALLOW
------------------------------------------------------------
[SEQ 237] [LAYER 0]
CMD      : M104 S220
TRUST    : acc_cmd=0.000 | acc_exec=0.333 | trust=0.114
DECISION : PAUSE
MACHINE  : Machine-3
------------------------------------------------------------
[SEQ 237] [STATIC-BASELINE]
CMD      : M104 | effects={'M': 104.0, 'S': 220.0, 'prev_temp': 200.0}
DECISION : ALLOW
------------------------------------------------------------
[SEQ 237] [IEEE-BASELINE]
SCORE    : anomaly_score=15.499
DECISION : ALLOW
------------------------------------------------------------
[SEQ 238] [LAYER 0]
CMD      : M104 S200
TRUST    : acc_cmd=0.000 | acc_exec=0.333 | trust=0.101
DECISION : PAUSE
MACHINE  : Machine-3
------------------------------------------------------------
[SEQ 238] [STATIC-BASELINE]
CMD      : M104 | effects={'M': 104.0, 'S': 200.0, 'prev_temp': 220.0}
DECISION : ALLOW
------------------------------------------------------------
[SEQ 238] [IEEE-BASELINE]
SCORE    : anomaly_score=15.949
DECISION : ALLOW
------------------------------------------------------------
[SEQ 239] [LAYER 0]
CMD      : G1 X164.16 Y125.982 E6.77866
TRUST    : acc_cmd=0.000 | acc_exec=0.000 | trust=0.183
DECISION : PAUSE
MACHINE  : Machine-3
------------------------------------------------------------
[SEQ 239] [STATIC-BASELINE]
CMD      : G1 | effects={'dx': -6.789999999999992, 'dy': 5.007999999999996, 'dz': 0.0, 'de': 0.17476000000000003, 'xy_dist': 8.437070818714268, 'params': {'G': 1.0, 'X': 164.16, 'Y': 125.982, 'E': 6.77866}}
DECISION : ALLOW
------------------------------------------------------------
[SEQ 239] [IEEE-BASELINE]
SCORE    : anomaly_score=14.354
DECISION : ALLOW
------------------------------------------------------------
[SEQ 240] [LAYER 0]
CMD      : M104 S220
TRUST    : acc_cmd=0.000 | acc_exec=0.333 | trust=0.167
DECISION : PAUSE
MACHINE  : Machine-3
------------------------------------------------------------
[SEQ 240] [STATIC-BASELINE]
CMD      : M104 | effects={'M': 104.0, 'S': 220.0, 'prev_temp': 200.0}
DECISION : ALLOW
------------------------------------------------------------
[SEQ 240] [IEEE-BASELINE]
SCORE    : anomaly_score=14.919
DECISION : ALLOW
------------------------------------------------------------
[SEQ 241] [LAYER 0]
CMD      : G1 X160.902 Y124.46 E6.84691
TRUST    : acc_cmd=0.000 | acc_exec=0.000 | trust=0.263
DECISION : PAUSE
MACHINE  : Machine-3
------------------------------------------------------------
[SEQ 241] [STATIC-BASELINE]
CMD      : G1 | effects={'dx': -3.2580000000000098, 'dy': -1.5220000000000056, 'dz': 0.0, 'de': 0.06824999999999992, 'xy_dist': 3.5959766406360427, 'params': {'G': 1.0, 'X': 160.902, 'Y': 124.46, 'E': 6.84691}}
DECISION : ALLOW
------------------------------------------------------------
[SEQ 241] [IEEE-BASELINE]
SCORE    : anomaly_score=13.427
DECISION : ALLOW
------------------------------------------------------------
[SEQ 242] [LAYER 0]
CMD      : M104 S200
TRUST    : acc_cmd=0.000 | acc_exec=0.333 | trust=0.218
DECISION : PAUSE
MACHINE  : Machine-3
------------------------------------------------------------
[SEQ 242] [STATIC-BASELINE]
CMD      : M104 | effects={'M': 104.0, 'S': 200.0, 'prev_temp': 220.0}
DECISION : ALLOW
------------------------------------------------------------
[SEQ 242] [IEEE-BASELINE]
SCORE    : anomaly_score=14.084
DECISION : ALLOW
------------------------------------------------------------
[SEQ 243] [LAYER 0]
CMD      : M104 S220
TRUST    : acc_cmd=0.000 | acc_exec=0.333 | trust=0.168
DECISION : PAUSE
MACHINE  : Machine-3
------------------------------------------------------------
[SEQ 243] [STATIC-BASELINE]
CMD      : M104 | effects={'M': 104.0, 'S': 220.0, 'prev_temp': 200.0}
DECISION : ALLOW
------------------------------------------------------------
[SEQ 243] [IEEE-BASELINE]
SCORE    : anomaly_score=14.676
DECISION : ALLOW
------------------------------------------------------------
[SEQ 244] [LAYER 0]
CMD      : M104 S200
TRUST    : acc_cmd=0.000 | acc_exec=0.333 | trust=0.134
DECISION : PAUSE
MACHINE  : Machine-3
------------------------------------------------------------
[SEQ 244] [STATIC-BASELINE]
CMD      : M104 | effects={'M': 104.0, 'S': 200.0, 'prev_temp': 220.0}
DECISION : ALLOW
------------------------------------------------------------
[SEQ 244] [IEEE-BASELINE]
SCORE    : anomaly_score=15.208
DECISION : ALLOW
------------------------------------------------------------
[SEQ 245] [LAYER 0]
CMD      : M104 S220
TRUST    : acc_cmd=0.000 | acc_exec=0.333 | trust=0.112
DECISION : PAUSE
MACHINE  : Machine-3
------------------------------------------------------------
[SEQ 245] [STATIC-BASELINE]
CMD      : M104 | effects={'M': 104.0, 'S': 220.0, 'prev_temp': 200.0}
DECISION : ALLOW
------------------------------------------------------------
[SEQ 245] [IEEE-BASELINE]
SCORE    : anomaly_score=15.687
DECISION : ALLOW
------------------------------------------------------------
[SEQ 246] [LAYER 0]
CMD      : M104 S200
TRUST    : acc_cmd=0.000 | acc_exec=0.333 | trust=0.100
DECISION : PAUSE
MACHINE  : Machine-3
------------------------------------------------------------
[SEQ 246] [STATIC-BASELINE]
CMD      : M104 | effects={'M': 104.0, 'S': 200.0, 'prev_temp': 220.0}
DECISION : ALLOW
------------------------------------------------------------
[SEQ 246] [IEEE-BASELINE]
SCORE    : anomaly_score=16.119
DECISION : ALLOW
------------------------------------------------------------
[SEQ 247] [LAYER 0]
CMD      : M104 S220
TRUST    : acc_cmd=0.000 | acc_exec=0.333 | trust=0.092
DECISION : PAUSE
MACHINE  : Machine-3
------------------------------------------------------------
[SEQ 247] [STATIC-BASELINE]
CMD      : M104 | effects={'M': 104.0, 'S': 220.0, 'prev_temp': 200.0}
DECISION : ALLOW
------------------------------------------------------------
[SEQ 247] [IEEE-BASELINE]
SCORE    : anomaly_score=16.507
DECISION : ALLOW
------------------------------------------------------------
[SEQ 248] [LAYER 0]
CMD      : M104 S200
TRUST    : acc_cmd=0.000 | acc_exec=0.333 | trust=0.088
DECISION : PAUSE
MACHINE  : Machine-3
------------------------------------------------------------
[SEQ 248] [STATIC-BASELINE]
CMD      : M104 | effects={'M': 104.0, 'S': 200.0, 'prev_temp': 220.0}
DECISION : ALLOW
------------------------------------------------------------
[SEQ 248] [IEEE-BASELINE]
SCORE    : anomaly_score=16.856
DECISION : ALLOW
------------------------------------------------------------
[SEQ 249] [LAYER 0]
CMD      : G1 X161.731 Y115.404 E7.04579
TRUST    : acc_cmd=0.000 | acc_exec=0.000 | trust=0.172
DECISION : PAUSE
MACHINE  : Machine-3
------------------------------------------------------------
[SEQ 249] [STATIC-BASELINE]
CMD      : G1 | effects={'dx': 0.8290000000000077, 'dy': -9.055999999999997, 'dz': 0.0, 'de': 0.19887999999999995, 'xy_dist': 9.093864799962663, 'params': {'G': 1.0, 'X': 161.731, 'Y': 115.404, 'E': 7.04579}}
DECISION : ALLOW
------------------------------------------------------------
[SEQ 249] [IEEE-BASELINE]
SCORE    : anomaly_score=15.170
DECISION : ALLOW
------------------------------------------------------------
[SEQ 250] [LAYER 0]
CMD      : M104 S220
TRUST    : acc_cmd=0.000 | acc_exec=0.333 | trust=0.160
DECISION : PAUSE
MACHINE  : Machine-3
------------------------------------------------------------
[SEQ 250] [STATIC-BASELINE]
CMD      : M104 | effects={'M': 104.0, 'S': 220.0, 'prev_temp': 200.0}
DECISION : ALLOW
------------------------------------------------------------
[SEQ 250] [IEEE-BASELINE]
SCORE    : anomaly_score=15.653
DECISION : ALLOW
------------------------------------------------------------
[SEQ 251] [LAYER 0]
CMD      : M104 S200
TRUST    : acc_cmd=0.000 | acc_exec=0.333 | trust=0.135
DECISION : PAUSE
MACHINE  : Machine-3
------------------------------------------------------------
[SEQ 251] [STATIC-BASELINE]
CMD      : M104 | effects={'M': 104.0, 'S': 200.0, 'prev_temp': 220.0}
DECISION : ALLOW
------------------------------------------------------------
[SEQ 251] [IEEE-BASELINE]
SCORE    : anomaly_score=16.088
DECISION : ALLOW
------------------------------------------------------------
[SEQ 252] [LAYER 0]
CMD      : M104 S220
TRUST    : acc_cmd=0.000 | acc_exec=0.333 | trust=0.115
DECISION : PAUSE
MACHINE  : Machine-3
------------------------------------------------------------
[SEQ 252] [STATIC-BASELINE]
CMD      : M104 | effects={'M': 104.0, 'S': 220.0, 'prev_temp': 200.0}
DECISION : ALLOW
------------------------------------------------------------
[SEQ 252] [IEEE-BASELINE]
SCORE    : anomaly_score=16.479
DECISION : ALLOW
------------------------------------------------------------
[SEQ 253] [LAYER 0]
CMD      : M104 S200
TRUST    : acc_cmd=0.000 | acc_exec=0.333 | trust=0.102
DECISION : PAUSE
MACHINE  : Machine-3
------------------------------------------------------------
[SEQ 253] [STATIC-BASELINE]
CMD      : M104 | effects={'M': 104.0, 'S': 200.0, 'prev_temp': 220.0}
DECISION : ALLOW
------------------------------------------------------------
[SEQ 253] [IEEE-BASELINE]
SCORE    : anomaly_score=16.831
DECISION : ALLOW
------------------------------------------------------------
[SEQ 254] [LAYER 0]
CMD      : M104 S220
TRUST    : acc_cmd=0.000 | acc_exec=0.333 | trust=0.094
DECISION : PAUSE
MACHINE  : Machine-3
------------------------------------------------------------
[SEQ 254] [STATIC-BASELINE]
CMD      : M104 | effects={'M': 104.0, 'S': 220.0, 'prev_temp': 200.0}
DECISION : ALLOW
------------------------------------------------------------
[SEQ 254] [IEEE-BASELINE]
SCORE    : anomaly_score=17.148
DECISION : ALLOW
------------------------------------------------------------
[SEQ 255] [LAYER 0]
CMD      : M104 S200
TRUST    : acc_cmd=0.000 | acc_exec=0.333 | trust=0.089
DECISION : PAUSE
MACHINE  : Machine-3
------------------------------------------------------------
[SEQ 255] [STATIC-BASELINE]
CMD      : M104 | effects={'M': 104.0, 'S': 200.0, 'prev_temp': 220.0}
DECISION : ALLOW
------------------------------------------------------------
[SEQ 255] [IEEE-BASELINE]
SCORE    : anomaly_score=17.433
DECISION : ALLOW
------------------------------------------------------------
[SEQ 256] [LAYER 0]
CMD      : G1 X170.582 Y119.158 E7.26094
TRUST    : acc_cmd=0.000 | acc_exec=0.000 | trust=0.174
DECISION : PAUSE
MACHINE  : Machine-3
------------------------------------------------------------
[SEQ 256] [STATIC-BASELINE]
CMD      : G1 | effects={'dx': 8.850999999999999, 'dy': 3.754000000000005, 'dz': 0.0, 'de': 0.2151499999999995, 'xy_dist': 9.614193517919224, 'params': {'G': 1.0, 'X': 170.582, 'Y': 119.158, 'E': 7.26094}}
DECISION : ALLOW
------------------------------------------------------------
[SEQ 256] [IEEE-BASELINE]
SCORE    : anomaly_score=15.690
DECISION : ALLOW
------------------------------------------------------------
[SEQ 257] [LAYER 0]
CMD      : M104 S220
TRUST    : acc_cmd=0.000 | acc_exec=0.333 | trust=0.161
DECISION : PAUSE
MACHINE  : Machine-3
------------------------------------------------------------
[SEQ 257] [STATIC-BASELINE]
CMD      : M104 | effects={'M': 104.0, 'S': 220.0, 'prev_temp': 200.0}
DECISION : ALLOW
------------------------------------------------------------
[SEQ 257] [IEEE-BASELINE]
SCORE    : anomaly_score=16.121
DECISION : ALLOW
------------------------------------------------------------
[SEQ 258] [LAYER 0]
CMD      : M104 S200
TRUST    : acc_cmd=0.000 | acc_exec=0.333 | trust=0.136
DECISION : PAUSE
MACHINE  : Machine-3
------------------------------------------------------------
[SEQ 258] [STATIC-BASELINE]
CMD      : M104 | effects={'M': 104.0, 'S': 200.0, 'prev_temp': 220.0}
DECISION : ALLOW
------------------------------------------------------------
[SEQ 258] [IEEE-BASELINE]
SCORE    : anomaly_score=16.509
DECISION : ALLOW
------------------------------------------------------------
[SEQ 259] [LAYER 0]
CMD      : G1 X169.273 Y123.651 E7.35132
TRUST    : acc_cmd=0.000 | acc_exec=0.000 | trust=0.221
DECISION : PAUSE
MACHINE  : Machine-3
------------------------------------------------------------
[SEQ 259] [STATIC-BASELINE]
CMD      : G1 | effects={'dx': -1.3089999999999975, 'dy': 4.492999999999995, 'dz': 0.0, 'de': 0.09038000000000057, 'xy_dist': 4.679800209410648, 'params': {'G': 1.0, 'X': 169.273, 'Y': 123.651, 'E': 7.35132}}
DECISION : ALLOW
------------------------------------------------------------
[SEQ 259] [IEEE-BASELINE]
SCORE    : anomaly_score=14.858
DECISION : ALLOW
------------------------------------------------------------
[SEQ 260] [LAYER 0]
CMD      : M104 S220
TRUST    : acc_cmd=0.000 | acc_exec=0.333 | trust=0.191
DECISION : PAUSE
MACHINE  : Machine-3
------------------------------------------------------------
[SEQ 260] [STATIC-BASELINE]
CMD      : M104 | effects={'M': 104.0, 'S': 220.0, 'prev_temp': 200.0}
DECISION : ALLOW
------------------------------------------------------------
[SEQ 260] [IEEE-BASELINE]
SCORE    : anomaly_score=15.372
DECISION : ALLOW
------------------------------------------------------------
[SEQ 261] [LAYER 0]
CMD      : G1 X167.187 Y125.161 E7.4
TRUST    : acc_cmd=0.000 | acc_exec=0.000 | trust=0.284
DECISION : PAUSE
MACHINE  : Machine-3
------------------------------------------------------------
[SEQ 261] [STATIC-BASELINE]
CMD      : G1 | effects={'dx': -2.0859999999999843, 'dy': 1.5100000000000051, 'dz': 0.0, 'de': 0.04868000000000006, 'xy_dist': 2.5751691206598357, 'params': {'G': 1.0, 'X': 167.187, 'Y': 125.161, 'E': 7.4}}
DECISION : ALLOW
------------------------------------------------------------
[SEQ 261] [IEEE-BASELINE]
SCORE    : anomaly_score=13.835
DECISION : ALLOW
------------------------------------------------------------
[SEQ 262] [LAYER 0]
CMD      : M104 S200
TRUST    : acc_cmd=0.000 | acc_exec=0.333 | trust=0.231
DECISION : PAUSE
MACHINE  : Machine-3
------------------------------------------------------------
[SEQ 262] [STATIC-BASELINE]
CMD      : M104 | effects={'M': 104.0, 'S': 200.0, 'prev_temp': 220.0}
DECISION : ALLOW
------------------------------------------------------------
[SEQ 262] [IEEE-BASELINE]
SCORE    : anomaly_score=14.452
DECISION : ALLOW
------------------------------------------------------------
[SEQ 263] [LAYER 0]
CMD      : M104 S220
TRUST    : acc_cmd=0.000 | acc_exec=0.333 | trust=0.175
DECISION : PAUSE
MACHINE  : Machine-3
------------------------------------------------------------
[SEQ 263] [STATIC-BASELINE]
CMD      : M104 | effects={'M': 104.0, 'S': 220.0, 'prev_temp': 200.0}
DECISION : ALLOW
------------------------------------------------------------
[SEQ 263] [IEEE-BASELINE]
SCORE    : anomaly_score=15.006
DECISION : ALLOW
------------------------------------------------------------
[SEQ 264] [LAYER 0]
CMD      : G1 X162.653 Y125.098 E7.48771
TRUST    : acc_cmd=0.000 | acc_exec=0.000 | trust=0.253
DECISION : PAUSE
MACHINE  : Machine-3
------------------------------------------------------------
[SEQ 264] [STATIC-BASELINE]
CMD      : G1 | effects={'dx': -4.53400000000002, 'dy': -0.06300000000000239, 'dz': 0.0, 'de': 0.08770999999999951, 'xy_dist': 4.5344376718618795, 'params': {'G': 1.0, 'X': 162.653, 'Y': 125.098, 'E': 7.48771}}
DECISION : ALLOW
------------------------------------------------------------
[SEQ 264] [IEEE-BASELINE]
SCORE    : anomaly_score=13.506
DECISION : ALLOW
------------------------------------------------------------
[SEQ 265] [LAYER 0]
CMD      : M104 S200
TRUST    : acc_cmd=0.000 | acc_exec=0.333 | trust=0.209
DECISION : PAUSE
MACHINE  : Machine-3
------------------------------------------------------------
[SEQ 265] [STATIC-BASELINE]
CMD      : M104 | effects={'M': 104.0, 'S': 200.0, 'prev_temp': 220.0}
DECISION : ALLOW
------------------------------------------------------------
[SEQ 265] [IEEE-BASELINE]
SCORE    : anomaly_score=14.155
DECISION : ALLOW
------------------------------------------------------------
[SEQ 266] [LAYER 0]
CMD      : M104 S220
TRUST    : acc_cmd=0.000 | acc_exec=0.333 | trust=0.163
DECISION : PAUSE
MACHINE  : Machine-3
------------------------------------------------------------
[SEQ 266] [STATIC-BASELINE]
CMD      : M104 | effects={'M': 104.0, 'S': 220.0, 'prev_temp': 200.0}
DECISION : ALLOW
------------------------------------------------------------
[SEQ 266] [IEEE-BASELINE]
SCORE    : anomaly_score=14.740
DECISION : ALLOW
------------------------------------------------------------
[SEQ 267] [LAYER 0]
CMD      : M104 S200
TRUST    : acc_cmd=0.000 | acc_exec=0.333 | trust=0.130
DECISION : PAUSE
MACHINE  : Machine-3
------------------------------------------------------------
[SEQ 267] [STATIC-BASELINE]
CMD      : M104 | effects={'M': 104.0, 'S': 200.0, 'prev_temp': 220.0}
DECISION : ALLOW
------------------------------------------------------------
[SEQ 267] [IEEE-BASELINE]
SCORE    : anomaly_score=15.266
DECISION : ALLOW
------------------------------------------------------------
[SEQ 268] [LAYER 0]
CMD      : M104 S220
TRUST    : acc_cmd=0.000 | acc_exec=0.333 | trust=0.111
DECISION : PAUSE
MACHINE  : Machine-3
------------------------------------------------------------
[SEQ 268] [STATIC-BASELINE]
CMD      : M104 | effects={'M': 104.0, 'S': 220.0, 'prev_temp': 200.0}
DECISION : ALLOW
------------------------------------------------------------
[SEQ 268] [IEEE-BASELINE]
SCORE    : anomaly_score=15.739
DECISION : ALLOW
------------------------------------------------------------
[SEQ 269] [LAYER 0]
CMD      : G1 X159.995 Y117.554 E7.656
TRUST    : acc_cmd=0.000 | acc_exec=0.000 | trust=0.192
DECISION : PAUSE
MACHINE  : Machine-3
------------------------------------------------------------
[SEQ 269] [STATIC-BASELINE]
CMD      : G1 | effects={'dx': -2.657999999999987, 'dy': -7.543999999999997, 'dz': 0.0, 'de': 0.16828999999999983, 'xy_dist': 7.998556119700598, 'params': {'G': 1.0, 'X': 159.995, 'Y': 117.554, 'E': 7.656}}
DECISION : ALLOW
------------------------------------------------------------
[SEQ 269] [IEEE-BASELINE]
SCORE    : anomaly_score=14.165
DECISION : ALLOW
------------------------------------------------------------
[SEQ 270] [LAYER 0]
CMD      : M104 S200
TRUST    : acc_cmd=0.000 | acc_exec=0.333 | trust=0.172
DECISION : PAUSE
MACHINE  : Machine-3
------------------------------------------------------------
[SEQ 270] [STATIC-BASELINE]
CMD      : M104 | effects={'M': 104.0, 'S': 200.0, 'prev_temp': 220.0}
DECISION : ALLOW
------------------------------------------------------------
[SEQ 270] [IEEE-BASELINE]
SCORE    : anomaly_score=14.749
DECISION : ALLOW
------------------------------------------------------------
[SEQ 271] [LAYER 0]
CMD      : G0 F3600 X160.797 Y116.953
TRUST    : acc_cmd=0.000 | acc_exec=0.000 | trust=0.268
DECISION : PAUSE
MACHINE  : Machine-3
------------------------------------------------------------
[SEQ 271] [STATIC-BASELINE]
CMD      : G0 | effects={'dx': 0.8019999999999925, 'dy': -0.6009999999999991, 'dz': 0.0, 'de': 0.0, 'xy_dist': 1.0022000798243766, 'params': {'G': 0.0, 'F': 3600.0, 'X': 160.797, 'Y': 116.953}}
DECISION : ALLOW
------------------------------------------------------------
[SEQ 271] [IEEE-BASELINE]
SCORE    : anomaly_score=13.274
DECISION : ALLOW
------------------------------------------------------------
[SEQ 272] [LAYER 0]
CMD      : G1 F1800 X161.902 Y115.766 E7.70467
TRUST    : acc_cmd=0.000 | acc_exec=0.000 | trust=0.417
DECISION : PAUSE
MACHINE  : Machine-3
------------------------------------------------------------
[SEQ 272] [STATIC-BASELINE]
CMD      : G1 | effects={'dx': 1.1049999999999898, 'dy': -1.1869999999999976, 'dz': 0.0, 'de': 0.048670000000000435, 'xy_dist': 1.6217256241423736, 'params': {'G': 1.0, 'F': 1800.0, 'X': 161.902, 'Y': 115.766, 'E': 7.70467}}
DECISION : ALLOW
------------------------------------------------------------
[SEQ 272] [IEEE-BASELINE]
SCORE    : anomaly_score=11.946
DECISION : ALLOW
------------------------------------------------------------
[SEQ 273] [LAYER 0]
CMD      : G1 X163.269 Y115.12 E7.73311
TRUST    : acc_cmd=0.000 | acc_exec=0.000 | trust=0.570
DECISION : ALLOW
MACHINE  : Machine-3
------------------------------------------------------------
[SEQ 273] [STATIC-BASELINE]
CMD      : G1 | effects={'dx': 1.3670000000000186, 'dy': -0.6460000000000008, 'dz': 0.0, 'de': 0.0284399999999998, 'xy_dist': 1.5119540336928408, 'params': {'G': 1.0, 'X': 163.269, 'Y': 115.12, 'E': 7.73311}}
DECISION : ALLOW
------------------------------------------------------------
[SEQ 273] [IEEE-BASELINE]
SCORE    : anomaly_score=10.752
DECISION : ALLOW
------------------------------------------------------------
[SEQ 274] [LAYER 0]
CMD      : M104 S220
TRUST    : acc_cmd=0.000 | acc_exec=0.333 | trust=0.402
DECISION : PAUSE
MACHINE  : Machine-3
------------------------------------------------------------
[SEQ 274] [STATIC-BASELINE]
CMD      : M104 | effects={'M': 104.0, 'S': 220.0, 'prev_temp': 200.0}
DECISION : ALLOW
------------------------------------------------------------
[SEQ 274] [IEEE-BASELINE]
SCORE    : anomaly_score=11.677
DECISION : ALLOW
------------------------------------------------------------
[SEQ 275] [LAYER 0]
CMD      : M104 S200
TRUST    : acc_cmd=0.000 | acc_exec=0.333 | trust=0.266
DECISION : PAUSE
MACHINE  : Machine-3
------------------------------------------------------------
[SEQ 275] [STATIC-BASELINE]
CMD      : M104 | effects={'M': 104.0, 'S': 200.0, 'prev_temp': 220.0}
DECISION : ALLOW
------------------------------------------------------------
[SEQ 275] [IEEE-BASELINE]
SCORE    : anomaly_score=12.509
DECISION : ALLOW
------------------------------------------------------------
[SEQ 276] [LAYER 0]
CMD      : M104 S220
TRUST    : acc_cmd=0.000 | acc_exec=0.333 | trust=0.184
DECISION : PAUSE
MACHINE  : Machine-3
------------------------------------------------------------
[SEQ 276] [STATIC-BASELINE]
CMD      : M104 | effects={'M': 104.0, 'S': 220.0, 'prev_temp': 200.0}
DECISION : ALLOW
------------------------------------------------------------
[SEQ 276] [IEEE-BASELINE]
SCORE    : anomaly_score=13.258
DECISION : ALLOW
------------------------------------------------------------
[SEQ 277] [LAYER 0]
CMD      : G1 X168.272 Y115.892 E7.83225
TRUST    : acc_cmd=0.000 | acc_exec=0.000 | trust=0.249
DECISION : PAUSE
MACHINE  : Machine-3
------------------------------------------------------------
[SEQ 277] [STATIC-BASELINE]
CMD      : G1 | effects={'dx': 5.002999999999986, 'dy': 0.7719999999999914, 'dz': 0.0, 'de': 0.09914000000000023, 'xy_dist': 5.062212263427902, 'params': {'G': 1.0, 'X': 168.272, 'Y': 115.892, 'E': 7.83225}}
DECISION : ALLOW
------------------------------------------------------------
[SEQ 277] [IEEE-BASELINE]
SCORE    : anomaly_score=11.932
DECISION : ALLOW
------------------------------------------------------------
[SEQ 278] [LAYER 0]
CMD      : M104 S200
TRUST    : acc_cmd=0.000 | acc_exec=0.333 | trust=0.205
DECISION : PAUSE
MACHINE  : Machine-3
------------------------------------------------------------
[SEQ 278] [STATIC-BASELINE]
CMD      : M104 | effects={'M': 104.0, 'S': 200.0, 'prev_temp': 220.0}
DECISION : ALLOW
------------------------------------------------------------
[SEQ 278] [IEEE-BASELINE]
SCORE    : anomaly_score=12.739
DECISION : ALLOW
------------------------------------------------------------
[SEQ 279] [LAYER 0]
CMD      : M104 S220
TRUST    : acc_cmd=0.000 | acc_exec=0.333 | trust=0.160
DECISION : PAUSE
MACHINE  : Machine-3
------------------------------------------------------------
[SEQ 279] [STATIC-BASELINE]
CMD      : M104 | effects={'M': 104.0, 'S': 220.0, 'prev_temp': 200.0}
DECISION : ALLOW
------------------------------------------------------------
[SEQ 279] [IEEE-BASELINE]
SCORE    : anomaly_score=13.465
DECISION : ALLOW
------------------------------------------------------------
[SEQ 280] [LAYER 0]
CMD      : G1 X170.152 Y120.846 E7.93632
TRUST    : acc_cmd=0.000 | acc_exec=0.000 | trust=0.240
DECISION : PAUSE
MACHINE  : Machine-3
------------------------------------------------------------
[SEQ 280] [STATIC-BASELINE]
CMD      : G1 | effects={'dx': 1.8799999999999955, 'dy': 4.954000000000008, 'dz': 0.0, 'de': 0.1040700000000001, 'xy_dist': 5.298727771833543, 'params': {'G': 1.0, 'X': 170.152, 'Y': 120.846, 'E': 7.93632}}
DECISION : ALLOW
------------------------------------------------------------
[SEQ 280] [IEEE-BASELINE]
SCORE    : anomaly_score=12.119
DECISION : ALLOW
------------------------------------------------------------
[SEQ 281] [LAYER 0]
CMD      : M104 S200
TRUST    : acc_cmd=0.000 | acc_exec=0.333 | trust=0.202
DECISION : PAUSE
MACHINE  : Machine-3
------------------------------------------------------------
[SEQ 281] [STATIC-BASELINE]
CMD      : M104 | effects={'M': 104.0, 'S': 200.0, 'prev_temp': 220.0}
DECISION : ALLOW
------------------------------------------------------------
[SEQ 281] [IEEE-BASELINE]
SCORE    : anomaly_score=12.907
DECISION : ALLOW
------------------------------------------------------------
[SEQ 282] [LAYER 0]
CMD      : M104 S220
TRUST    : acc_cmd=0.000 | acc_exec=0.333 | trust=0.159
DECISION : PAUSE
MACHINE  : Machine-3
------------------------------------------------------------
[SEQ 282] [STATIC-BASELINE]
CMD      : M104 | effects={'M': 104.0, 'S': 220.0, 'prev_temp': 200.0}
DECISION : ALLOW
------------------------------------------------------------
[SEQ 282] [IEEE-BASELINE]
SCORE    : anomaly_score=13.616
DECISION : ALLOW
------------------------------------------------------------
[SEQ 283] [LAYER 0]
CMD      : G1 X167.904 Y124.304 E8.01595
TRUST    : acc_cmd=0.000 | acc_exec=0.000 | trust=0.240
DECISION : PAUSE
MACHINE  : Machine-3
------------------------------------------------------------
[SEQ 283] [STATIC-BASELINE]
CMD      : G1 | effects={'dx': -2.2479999999999905, 'dy': 3.4579999999999984, 'dz': 0.0, 'de': 0.07962999999999987, 'xy_dist': 4.124471844976026, 'params': {'G': 1.0, 'X': 167.904, 'Y': 124.304, 'E': 8.01595}}
DECISION : ALLOW
------------------------------------------------------------
[SEQ 283] [IEEE-BASELINE]
SCORE    : anomaly_score=12.254
DECISION : ALLOW
------------------------------------------------------------
[SEQ 284] [LAYER 0]
CMD      : G1 X167.032 Y124.79 E8.03473
TRUST    : acc_cmd=0.000 | acc_exec=0.000 | trust=0.384
DECISION : PAUSE
MACHINE  : Machine-3
------------------------------------------------------------
[SEQ 284] [STATIC-BASELINE]
CMD      : G1 | effects={'dx': -0.8719999999999857, 'dy': 0.4860000000000042, 'dz': 0.0, 'de': 0.018779999999999575, 'xy_dist': 0.9982885354445272, 'params': {'G': 1.0, 'X': 167.032, 'Y': 124.79, 'E': 8.03473}}
DECISION : ALLOW
------------------------------------------------------------
[SEQ 284] [IEEE-BASELINE]
SCORE    : anomaly_score=11.029
DECISION : ALLOW
------------------------------------------------------------
[SEQ 285] [LAYER 0]
CMD      : M104 S200
TRUST    : acc_cmd=0.000 | acc_exec=0.333 | trust=0.296
DECISION : PAUSE
MACHINE  : Machine-3
------------------------------------------------------------
[SEQ 285] [STATIC-BASELINE]
CMD      : M104 | effects={'M': 104.0, 'S': 200.0, 'prev_temp': 220.0}
DECISION : ALLOW
------------------------------------------------------------
[SEQ 285] [IEEE-BASELINE]
SCORE    : anomaly_score=11.926
DECISION : ALLOW
------------------------------------------------------------
[SEQ 286] [LAYER 0]
CMD      : G1 X164.272 Y125.18 E8.08762
TRUST    : acc_cmd=0.000 | acc_exec=0.000 | trust=0.371
DECISION : PAUSE
MACHINE  : Machine-3
------------------------------------------------------------
[SEQ 286] [STATIC-BASELINE]
CMD      : G1 | effects={'dx': -2.7600000000000193, 'dy': 0.39000000000000057, 'dz': 0.0, 'de': 0.05288999999999966, 'xy_dist': 2.7874181602336074, 'params': {'G': 1.0, 'X': 164.272, 'Y': 125.18, 'E': 8.08762}}
DECISION : ALLOW
------------------------------------------------------------
[SEQ 286] [IEEE-BASELINE]
SCORE    : anomaly_score=10.734
DECISION : ALLOW
------------------------------------------------------------
[SEQ 287] [LAYER 0]
CMD      : G1 X162.825 Y124.733 E8.11611
TRUST    : acc_cmd=0.000 | acc_exec=0.000 | trust=0.506
DECISION : ALLOW
MACHINE  : Machine-3
------------------------------------------------------------
[SEQ 287] [STATIC-BASELINE]
CMD      : G1 | effects={'dx': -1.4470000000000027, 'dy': -0.44700000000000273, 'dz': 0.0, 'de': 0.02849000000000146, 'xy_dist': 1.51446954409787, 'params': {'G': 1.0, 'X': 162.825, 'Y': 124.733, 'E': 8.11611}}
DECISION : ALLOW
------------------------------------------------------------
[SEQ 287] [IEEE-BASELINE]
SCORE    : anomaly_score=9.660
DECISION : ALLOW
------------------------------------------------------------
[SEQ 288] [LAYER 0]
CMD      : G1 X161.451 Y123.86 E8.14673
TRUST    : acc_cmd=0.000 | acc_exec=0.000 | trust=0.642
DECISION : ALLOW
MACHINE  : Machine-3
------------------------------------------------------------
[SEQ 288] [STATIC-BASELINE]
CMD      : G1 | effects={'dx': -1.3739999999999952, 'dy': -0.8730000000000047, 'dz': 0.0, 'de': 0.03061999999999898, 'xy_dist': 1.6278835953470367, 'params': {'G': 1.0, 'X': 161.451, 'Y': 123.86, 'E': 8.14673}}
DECISION : ALLOW
------------------------------------------------------------
[SEQ 288] [IEEE-BASELINE]
SCORE    : anomaly_score=8.694
DECISION : ALLOW
------------------------------------------------------------
[SEQ 289] [LAYER 0]
CMD      : G1 X160.284 Y122.317 E8.18312
TRUST    : acc_cmd=0.000 | acc_exec=0.000 | trust=0.754
DECISION : ALLOW
MACHINE  : Machine-3
------------------------------------------------------------
[SEQ 289] [STATIC-BASELINE]
CMD      : G1 | effects={'dx': -1.1670000000000016, 'dy': -1.5430000000000064, 'dz': 0.0, 'de': 0.03639000000000081, 'xy_dist': 1.9346157241168136, 'params': {'G': 1.0, 'X': 160.284, 'Y': 122.317, 'E': 8.18312}}
DECISION : ALLOW
------------------------------------------------------------
[SEQ 289] [IEEE-BASELINE]
SCORE    : anomaly_score=7.825
DECISION : ALLOW
------------------------------------------------------------
[SEQ 290] [LAYER 0]
CMD      : M104 S220
TRUST    : acc_cmd=0.000 | acc_exec=0.333 | trust=0.499
DECISION : PAUSE
MACHINE  : Machine-3
------------------------------------------------------------
[SEQ 290] [STATIC-BASELINE]
CMD      : M104 | effects={'M': 104.0, 'S': 220.0, 'prev_temp': 200.0}
DECISION : ALLOW
------------------------------------------------------------
[SEQ 290] [IEEE-BASELINE]
SCORE    : anomaly_score=9.042
DECISION : ALLOW
------------------------------------------------------------
[SEQ 291] [LAYER 0]
CMD      : M104 S200
TRUST    : acc_cmd=0.000 | acc_exec=0.333 | trust=0.313
DECISION : PAUSE
MACHINE  : Machine-3
------------------------------------------------------------
[SEQ 291] [STATIC-BASELINE]
CMD      : M104 | effects={'M': 104.0, 'S': 200.0, 'prev_temp': 220.0}
DECISION : ALLOW
------------------------------------------------------------
[SEQ 291] [IEEE-BASELINE]
SCORE    : anomaly_score=10.138
DECISION : ALLOW
------------------------------------------------------------
[SEQ 292] [LAYER 0]
CMD      : M104 S220
TRUST    : acc_cmd=0.000 | acc_exec=0.333 | trust=0.206
DECISION : PAUSE
MACHINE  : Machine-3
------------------------------------------------------------
[SEQ 292] [STATIC-BASELINE]
CMD      : M104 | effects={'M': 104.0, 'S': 220.0, 'prev_temp': 200.0}
DECISION : ALLOW
------------------------------------------------------------
[SEQ 292] [IEEE-BASELINE]
SCORE    : anomaly_score=11.124
DECISION : ALLOW
------------------------------------------------------------
[SEQ 293] [LAYER 0]
CMD      : G1 X160.797 Y116.953 E8.28917
TRUST    : acc_cmd=0.000 | acc_exec=0.000 | trust=0.263
DECISION : PAUSE
MACHINE  : Machine-3
------------------------------------------------------------
[SEQ 293] [STATIC-BASELINE]
CMD      : G1 | effects={'dx': 0.5130000000000052, 'dy': -5.36399999999999, 'dz': 0.0, 'de': 0.10604999999999976, 'xy_dist': 5.388475201761617, 'params': {'G': 1.0, 'X': 160.797, 'Y': 116.953, 'E': 8.28917}}
DECISION : ALLOW
------------------------------------------------------------
[SEQ 293] [IEEE-BASELINE]
SCORE    : anomaly_score=10.012
DECISION : ALLOW
------------------------------------------------------------
[SEQ 294] [LAYER 0]
CMD      : M104 S200
TRUST    : acc_cmd=0.000 | acc_exec=0.333 | trust=0.213
DECISION : PAUSE
MACHINE  : Machine-3
------------------------------------------------------------
[SEQ 294] [STATIC-BASELINE]
CMD      : M104 | effects={'M': 104.0, 'S': 200.0, 'prev_temp': 220.0}
DECISION : ALLOW
------------------------------------------------------------
[SEQ 294] [IEEE-BASELINE]
SCORE    : anomaly_score=11.011
DECISION : ALLOW
------------------------------------------------------------
[SEQ 295] [LAYER 0]
CMD      : M104 S220
TRUST    : acc_cmd=0.000 | acc_exec=0.333 | trust=0.164
DECISION : PAUSE
MACHINE  : Machine-3
------------------------------------------------------------
[SEQ 295] [STATIC-BASELINE]
CMD      : M104 | effects={'M': 104.0, 'S': 220.0, 'prev_temp': 200.0}
DECISION : ALLOW
------------------------------------------------------------
[SEQ 295] [IEEE-BASELINE]
SCORE    : anomaly_score=11.910
DECISION : ALLOW
------------------------------------------------------------
[SEQ 296] [LAYER 0]
CMD      : M104 S200
TRUST    : acc_cmd=0.000 | acc_exec=0.333 | trust=0.131
DECISION : PAUSE
MACHINE  : Machine-3
------------------------------------------------------------
[SEQ 296] [STATIC-BASELINE]
CMD      : M104 | effects={'M': 104.0, 'S': 200.0, 'prev_temp': 220.0}
DECISION : ALLOW
------------------------------------------------------------
[SEQ 296] [IEEE-BASELINE]
SCORE    : anomaly_score=12.719
DECISION : ALLOW
------------------------------------------------------------
[SEQ 297] [LAYER 0]
CMD      : G1 X164.242 Y115.251 E8.36005
TRUST    : acc_cmd=0.000 | acc_exec=0.000 | trust=0.211
DECISION : PAUSE
MACHINE  : Machine-3
------------------------------------------------------------
[SEQ 297] [STATIC-BASELINE]
CMD      : G1 | effects={'dx': 3.444999999999993, 'dy': -1.7019999999999982, 'dz': 0.0, 'de': 0.07087999999999894, 'xy_dist': 3.8425029603111494, 'params': {'G': 1.0, 'X': 164.242, 'Y': 115.251, 'E': 8.36005}}
DECISION : ALLOW
------------------------------------------------------------
[SEQ 297] [IEEE-BASELINE]
SCORE    : anomaly_score=11.447
DECISION : ALLOW
------------------------------------------------------------
[SEQ 298] [LAYER 0]
CMD      : M104 S220
TRUST    : acc_cmd=0.000 | acc_exec=0.333 | trust=0.184
DECISION : PAUSE
MACHINE  : Machine-3
------------------------------------------------------------
[SEQ 298] [STATIC-BASELINE]
CMD      : M104 | effects={'M': 104.0, 'S': 220.0, 'prev_temp': 200.0}
DECISION : ALLOW
------------------------------------------------------------
[SEQ 298] [IEEE-BASELINE]
SCORE    : anomaly_score=12.302
DECISION : ALLOW
------------------------------------------------------------
[SEQ 299] [LAYER 0]
CMD      : G1 X166.721 Y115.509 E8.40731
TRUST    : acc_cmd=0.000 | acc_exec=0.000 | trust=0.277
DECISION : PAUSE
MACHINE  : Machine-3
------------------------------------------------------------
[SEQ 299] [STATIC-BASELINE]
CMD      : G1 | effects={'dx': 2.4790000000000134, 'dy': 0.25799999999999557, 'dz': 0.0, 'de': 0.04726000000000141, 'xy_dist': 2.492389415801645, 'params': {'G': 1.0, 'X': 166.721, 'Y': 115.509, 'E': 8.40731}}
DECISION : ALLOW
------------------------------------------------------------
[SEQ 299] [IEEE-BASELINE]
SCORE    : anomaly_score=11.072
DECISION : ALLOW
------------------------------------------------------------
[SEQ 300] [LAYER 0]
CMD      : M104 S200
TRUST    : acc_cmd=0.000 | acc_exec=0.333 | trust=0.226
DECISION : PAUSE
MACHINE  : Machine-3
------------------------------------------------------------
[SEQ 300] [STATIC-BASELINE]
CMD      : M104 | effects={'M': 104.0, 'S': 200.0, 'prev_temp': 220.0}
DECISION : ALLOW
------------------------------------------------------------
[SEQ 300] [IEEE-BASELINE]
SCORE    : anomaly_score=11.965
DECISION : ALLOW
------------------------------------------------------------
[SEQ 301] [LAYER 0]
CMD      : M104 S220
TRUST    : acc_cmd=0.000 | acc_exec=0.333 | trust=0.173
DECISION : PAUSE
MACHINE  : Machine-3
------------------------------------------------------------
[SEQ 301] [STATIC-BASELINE]
CMD      : M104 | effects={'M': 104.0, 'S': 220.0, 'prev_temp': 200.0}
DECISION : ALLOW
------------------------------------------------------------
[SEQ 301] [IEEE-BASELINE]
SCORE    : anomaly_score=12.768
DECISION : ALLOW
------------------------------------------------------------
[SEQ 302] [LAYER 0]
CMD      : G1 X169.78 Y119.282 E8.50287
TRUST    : acc_cmd=0.000 | acc_exec=0.000 | trust=0.251
DECISION : PAUSE
MACHINE  : Machine-3
------------------------------------------------------------
[SEQ 302] [STATIC-BASELINE]
CMD      : G1 | effects={'dx': 3.0589999999999975, 'dy': 3.772999999999996, 'dz': 0.0, 'de': 0.09555999999999898, 'xy_dist': 4.857263632952195, 'params': {'G': 1.0, 'X': 169.78, 'Y': 119.282, 'E': 8.50287}}
DECISION : ALLOW
------------------------------------------------------------
[SEQ 302] [IEEE-BASELINE]
SCORE    : anomaly_score=11.491
DECISION : ALLOW
------------------------------------------------------------
[SEQ 303] [LAYER 0]
CMD      : M104 S200
TRUST    : acc_cmd=0.000 | acc_exec=0.333 | trust=0.208
DECISION : PAUSE
MACHINE  : Machine-3
------------------------------------------------------------
[SEQ 303] [STATIC-BASELINE]
CMD      : M104 | effects={'M': 104.0, 'S': 200.0, 'prev_temp': 220.0}
DECISION : ALLOW
------------------------------------------------------------
[SEQ 303] [IEEE-BASELINE]
SCORE    : anomaly_score=12.342
DECISION : ALLOW
------------------------------------------------------------
[SEQ 304] [LAYER 0]
CMD      : G1 X169.367 Y122.025 E8.55558
TRUST    : acc_cmd=0.000 | acc_exec=0.000 | trust=0.298
DECISION : PAUSE
MACHINE  : Machine-3
------------------------------------------------------------
[SEQ 304] [STATIC-BASELINE]
CMD      : G1 | effects={'dx': -0.4130000000000109, 'dy': 2.743000000000009, 'dz': 0.0, 'de': 0.052710000000001145, 'xy_dist': 2.773917446500537, 'params': {'G': 1.0, 'X': 169.367, 'Y': 122.025, 'E': 8.55558}}
DECISION : ALLOW
------------------------------------------------------------
[SEQ 304] [IEEE-BASELINE]
SCORE    : anomaly_score=11.108
DECISION : ALLOW
------------------------------------------------------------
[SEQ 305] [LAYER 0]
CMD      : M104 S220
TRUST    : acc_cmd=0.000 | acc_exec=0.333 | trust=0.238
DECISION : PAUSE
MACHINE  : Machine-3
------------------------------------------------------------
[SEQ 305] [STATIC-BASELINE]
CMD      : M104 | effects={'M': 104.0, 'S': 220.0, 'prev_temp': 200.0}
DECISION : ALLOW
------------------------------------------------------------
[SEQ 305] [IEEE-BASELINE]
SCORE    : anomaly_score=11.997
DECISION : ALLOW
------------------------------------------------------------
[SEQ 306] [LAYER 0]
CMD      : M104 S200
TRUST    : acc_cmd=0.000 | acc_exec=0.333 | trust=0.179
DECISION : PAUSE
MACHINE  : Machine-3
------------------------------------------------------------
[SEQ 306] [STATIC-BASELINE]
CMD      : M104 | effects={'M': 104.0, 'S': 200.0, 'prev_temp': 220.0}
DECISION : ALLOW
------------------------------------------------------------
[SEQ 306] [IEEE-BASELINE]
SCORE    : anomaly_score=12.797
DECISION : ALLOW
------------------------------------------------------------
[SEQ 307] [LAYER 0]
CMD      : M104 S220
TRUST    : acc_cmd=0.000 | acc_exec=0.333 | trust=0.139
DECISION : PAUSE
MACHINE  : Machine-3
------------------------------------------------------------
[SEQ 307] [STATIC-BASELINE]
CMD      : M104 | effects={'M': 104.0, 'S': 220.0, 'prev_temp': 200.0}
DECISION : ALLOW
------------------------------------------------------------
[SEQ 307] [IEEE-BASELINE]
SCORE    : anomaly_score=13.518
DECISION : ALLOW
------------------------------------------------------------
[SEQ 308] [LAYER 0]
CMD      : G1 X165.729 Y124.752 E8.6443
TRUST    : acc_cmd=0.000 | acc_exec=0.000 | trust=0.218
DECISION : PAUSE
MACHINE  : Machine-3
------------------------------------------------------------
[SEQ 308] [STATIC-BASELINE]
CMD      : G1 | effects={'dx': -3.637999999999977, 'dy': 2.7269999999999897, 'dz': 0.0, 'de': 0.08871999999999858, 'xy_dist': 4.546600158360066, 'params': {'G': 1.0, 'X': 165.729, 'Y': 124.752, 'E': 8.6443}}
DECISION : ALLOW
------------------------------------------------------------
[SEQ 308] [IEEE-BASELINE]
SCORE    : anomaly_score=12.166
DECISION : ALLOW
------------------------------------------------------------
[SEQ 309] [LAYER 0]
CMD      : M104 S200
TRUST    : acc_cmd=0.000 | acc_exec=0.333 | trust=0.188
DECISION : PAUSE
MACHINE  : Machine-3
------------------------------------------------------------
[SEQ 309] [STATIC-BASELINE]
CMD      : M104 | effects={'M': 104.0, 'S': 200.0, 'prev_temp': 220.0}
DECISION : ALLOW
------------------------------------------------------------
[SEQ 309] [IEEE-BASELINE]
SCORE    : anomaly_score=12.949
DECISION : ALLOW
------------------------------------------------------------
[SEQ 310] [LAYER 0]
CMD      : G1 X162.995 Y124.367 E8.6969
TRUST    : acc_cmd=0.000 | acc_exec=0.000 | trust=0.281
DECISION : PAUSE
MACHINE  : Machine-3
------------------------------------------------------------
[SEQ 310] [STATIC-BASELINE]
CMD      : G1 | effects={'dx': -2.734000000000009, 'dy': -0.3849999999999909, 'dz': 0.0, 'de': 0.05259999999999998, 'xy_dist': 2.7609746467506797, 'params': {'G': 1.0, 'X': 162.995, 'Y': 124.367, 'E': 8.6969}}
DECISION : ALLOW
------------------------------------------------------------
[SEQ 310] [IEEE-BASELINE]
SCORE    : anomaly_score=11.654
DECISION : ALLOW
------------------------------------------------------------
[SEQ 311] [LAYER 0]
CMD      : M104 S220
TRUST    : acc_cmd=0.000 | acc_exec=0.333 | trust=0.228
DECISION : PAUSE
MACHINE  : Machine-3
------------------------------------------------------------
[SEQ 311] [STATIC-BASELINE]
CMD      : M104 | effects={'M': 104.0, 'S': 220.0, 'prev_temp': 200.0}
DECISION : ALLOW
------------------------------------------------------------
[SEQ 311] [IEEE-BASELINE]
SCORE    : anomaly_score=12.489
DECISION : ALLOW
------------------------------------------------------------
[SEQ 312] [LAYER 0]
CMD      : M104 S200
TRUST    : acc_cmd=0.000 | acc_exec=0.333 | trust=0.174
DECISION : PAUSE
MACHINE  : Machine-3
------------------------------------------------------------
[SEQ 312] [STATIC-BASELINE]
CMD      : M104 | effects={'M': 104.0, 'S': 200.0, 'prev_temp': 220.0}
DECISION : ALLOW
------------------------------------------------------------
[SEQ 312] [IEEE-BASELINE]
SCORE    : anomaly_score=13.240
DECISION : ALLOW
------------------------------------------------------------
[SEQ 313] [LAYER 0]
CMD      : M104 S220
TRUST    : acc_cmd=0.000 | acc_exec=0.333 | trust=0.137
DECISION : PAUSE
MACHINE  : Machine-3
------------------------------------------------------------
[SEQ 313] [STATIC-BASELINE]
CMD      : M104 | effects={'M': 104.0, 'S': 220.0, 'prev_temp': 200.0}
DECISION : ALLOW
------------------------------------------------------------
[SEQ 313] [IEEE-BASELINE]
SCORE    : anomaly_score=13.916
DECISION : ALLOW
------------------------------------------------------------
[SEQ 314] [LAYER 0]
CMD      : M104 S200
TRUST    : acc_cmd=0.000 | acc_exec=0.333 | trust=0.114
DECISION : PAUSE
MACHINE  : Machine-3
------------------------------------------------------------
[SEQ 314] [STATIC-BASELINE]
CMD      : M104 | effects={'M': 104.0, 'S': 200.0, 'prev_temp': 220.0}
DECISION : ALLOW
------------------------------------------------------------
[SEQ 314] [IEEE-BASELINE]
SCORE    : anomaly_score=14.524
DECISION : ALLOW
------------------------------------------------------------
[SEQ 315] [LAYER 0]
CMD      : M104 S220
TRUST    : acc_cmd=0.000 | acc_exec=0.333 | trust=0.101
DECISION : PAUSE
MACHINE  : Machine-3
------------------------------------------------------------
[SEQ 315] [STATIC-BASELINE]
CMD      : M104 | effects={'M': 104.0, 'S': 220.0, 'prev_temp': 200.0}
DECISION : ALLOW
------------------------------------------------------------
[SEQ 315] [IEEE-BASELINE]
SCORE    : anomaly_score=15.072
DECISION : ALLOW
------------------------------------------------------------
[SEQ 316] [LAYER 0]
CMD      : M104 S200
TRUST    : acc_cmd=0.000 | acc_exec=0.333 | trust=0.093
DECISION : PAUSE
MACHINE  : Machine-3
------------------------------------------------------------
[SEQ 316] [STATIC-BASELINE]
CMD      : M104 | effects={'M': 104.0, 'S': 200.0, 'prev_temp': 220.0}
DECISION : ALLOW
------------------------------------------------------------
[SEQ 316] [IEEE-BASELINE]
SCORE    : anomaly_score=15.565
DECISION : ALLOW
------------------------------------------------------------
[SEQ 317] [LAYER 0]
CMD      : M104 S220
TRUST    : acc_cmd=0.000 | acc_exec=0.333 | trust=0.088
DECISION : PAUSE
MACHINE  : Machine-3
------------------------------------------------------------
[SEQ 317] [STATIC-BASELINE]
CMD      : M104 | effects={'M': 104.0, 'S': 220.0, 'prev_temp': 200.0}
DECISION : ALLOW
------------------------------------------------------------
[SEQ 317] [IEEE-BASELINE]
SCORE    : anomaly_score=16.008
DECISION : ALLOW
------------------------------------------------------------
[SEQ 318] [LAYER 0]
CMD      : G1 F1800 X162.387 Y116.421 E8.88249
TRUST    : acc_cmd=0.000 | acc_exec=0.000 | trust=0.172
DECISION : PAUSE
MACHINE  : Machine-3
------------------------------------------------------------
[SEQ 318] [STATIC-BASELINE]
CMD      : G1 | effects={'dx': -0.6080000000000041, 'dy': -7.945999999999998, 'dz': 0.0, 'de': 0.18559000000000125, 'xy_dist': 7.969227064151201, 'params': {'G': 1.0, 'F': 1800.0, 'X': 162.387, 'Y': 116.421, 'E': 8.88249}}
DECISION : ALLOW
------------------------------------------------------------
[SEQ 318] [IEEE-BASELINE]
SCORE    : anomaly_score=14.408
DECISION : ALLOW
------------------------------------------------------------
[SEQ 319] [LAYER 0]
CMD      : G1 X163.495 Y115.888 E8.90562
TRUST    : acc_cmd=0.000 | acc_exec=0.000 | trust=0.316
DECISION : PAUSE
MACHINE  : Machine-3
------------------------------------------------------------
[SEQ 319] [STATIC-BASELINE]
CMD      : G1 | effects={'dx': 1.108000000000004, 'dy': -0.5330000000000013, 'dz': 0.0, 'de': 0.023130000000000095, 'xy_dist': 1.2295336514304969, 'params': {'G': 1.0, 'X': 163.495, 'Y': 115.888, 'E': 8.90562}}
DECISION : ALLOW
------------------------------------------------------------
[SEQ 319] [IEEE-BASELINE]
SCORE    : anomaly_score=12.967
DECISION : ALLOW
------------------------------------------------------------
[SEQ 320] [LAYER 0]
CMD      : M104 S200
TRUST    : acc_cmd=0.000 | acc_exec=0.333 | trust=0.256
DECISION : PAUSE
MACHINE  : Machine-3
------------------------------------------------------------
[SEQ 320] [STATIC-BASELINE]
CMD      : M104 | effects={'M': 104.0, 'S': 200.0, 'prev_temp': 220.0}
DECISION : ALLOW
------------------------------------------------------------
[SEQ 320] [IEEE-BASELINE]
SCORE    : anomaly_score=13.670
DECISION : ALLOW
------------------------------------------------------------
[SEQ 321] [LAYER 0]
CMD      : M104 S220
TRUST    : acc_cmd=0.000 | acc_exec=0.333 | trust=0.191
DECISION : PAUSE
MACHINE  : Machine-3
------------------------------------------------------------
[SEQ 321] [STATIC-BASELINE]
CMD      : M104 | effects={'M': 104.0, 'S': 220.0, 'prev_temp': 200.0}
DECISION : ALLOW
------------------------------------------------------------
[SEQ 321] [IEEE-BASELINE]
SCORE    : anomaly_score=14.303
DECISION : ALLOW
------------------------------------------------------------
[SEQ 322] [LAYER 0]
CMD      : M104 S200
TRUST    : acc_cmd=0.000 | acc_exec=0.333 | trust=0.146
DECISION : PAUSE
MACHINE  : Machine-3
------------------------------------------------------------
[SEQ 322] [STATIC-BASELINE]
CMD      : M104 | effects={'M': 104.0, 'S': 200.0, 'prev_temp': 220.0}
DECISION : ALLOW
------------------------------------------------------------
[SEQ 322] [IEEE-BASELINE]
SCORE    : anomaly_score=14.873
DECISION : ALLOW
------------------------------------------------------------
[SEQ 323] [LAYER 0]
CMD      : G1 X167.762 Y116.526 E8.99016
TRUST    : acc_cmd=0.000 | acc_exec=0.000 | trust=0.223
DECISION : PAUSE
MACHINE  : Machine-3
------------------------------------------------------------
[SEQ 323] [STATIC-BASELINE]
CMD      : G1 | effects={'dx': 4.266999999999996, 'dy': 0.637999999999991, 'dz': 0.0, 'de': 0.08453999999999873, 'xy_dist': 4.314433102969607, 'params': {'G': 1.0, 'X': 167.762, 'Y': 116.526, 'E': 8.99016}}
DECISION : ALLOW
------------------------------------------------------------
[SEQ 323] [IEEE-BASELINE]
SCORE    : anomaly_score=13.385
DECISION : ALLOW
------------------------------------------------------------
[SEQ 324] [LAYER 0]
CMD      : M104 S220
TRUST    : acc_cmd=0.000 | acc_exec=0.333 | trust=0.191
DECISION : PAUSE
MACHINE  : Machine-3
------------------------------------------------------------
[SEQ 324] [STATIC-BASELINE]
CMD      : M104 | effects={'M': 104.0, 'S': 220.0, 'prev_temp': 200.0}
DECISION : ALLOW
------------------------------------------------------------
[SEQ 324] [IEEE-BASELINE]
SCORE    : anomaly_score=14.047
DECISION : ALLOW
------------------------------------------------------------
[SEQ 325] [LAYER 0]
CMD      : M104 S200
TRUST    : acc_cmd=0.000 | acc_exec=0.333 | trust=0.153
DECISION : PAUSE
MACHINE  : Machine-3
------------------------------------------------------------
[SEQ 325] [STATIC-BASELINE]
CMD      : M104 | effects={'M': 104.0, 'S': 200.0, 'prev_temp': 220.0}
DECISION : ALLOW
------------------------------------------------------------
[SEQ 325] [IEEE-BASELINE]
SCORE    : anomaly_score=14.642
DECISION : ALLOW
------------------------------------------------------------
[SEQ 326] [LAYER 0]
CMD      : M104 S220
TRUST    : acc_cmd=0.000 | acc_exec=0.333 | trust=0.125
DECISION : PAUSE
MACHINE  : Machine-3
------------------------------------------------------------
[SEQ 326] [STATIC-BASELINE]
CMD      : M104 | effects={'M': 104.0, 'S': 220.0, 'prev_temp': 200.0}
DECISION : ALLOW
------------------------------------------------------------
[SEQ 326] [IEEE-BASELINE]
SCORE    : anomaly_score=15.178
DECISION : ALLOW
------------------------------------------------------------
[SEQ 327] [LAYER 0]
CMD      : G1 X169.001 Y121.854 E9.10061
TRUST    : acc_cmd=0.000 | acc_exec=0.000 | trust=0.207
DECISION : PAUSE
MACHINE  : Machine-3
------------------------------------------------------------
[SEQ 327] [STATIC-BASELINE]
CMD      : G1 | effects={'dx': 1.2390000000000043, 'dy': 5.328000000000003, 'dz': 0.0, 'de': 0.11045000000000016, 'xy_dist': 5.470164988371013, 'params': {'G': 1.0, 'X': 169.001, 'Y': 121.854, 'E': 9.10061}}
DECISION : ALLOW
------------------------------------------------------------
[SEQ 327] [IEEE-BASELINE]
SCORE    : anomaly_score=13.660
DECISION : ALLOW
------------------------------------------------------------
[SEQ 328] [LAYER 0]
CMD      : M104 S200
TRUST    : acc_cmd=0.000 | acc_exec=0.333 | trust=0.181
DECISION : PAUSE
MACHINE  : Machine-3
------------------------------------------------------------
[SEQ 328] [STATIC-BASELINE]
CMD      : M104 | effects={'M': 104.0, 'S': 200.0, 'prev_temp': 220.0}
DECISION : ALLOW
------------------------------------------------------------
[SEQ 328] [IEEE-BASELINE]
SCORE    : anomaly_score=14.294
DECISION : ALLOW
------------------------------------------------------------
[SEQ 329] [LAYER 0]
CMD      : M104 S220
TRUST    : acc_cmd=0.000 | acc_exec=0.333 | trust=0.147
DECISION : PAUSE
MACHINE  : Machine-3
------------------------------------------------------------
[SEQ 329] [STATIC-BASELINE]
CMD      : M104 | effects={'M': 104.0, 'S': 220.0, 'prev_temp': 200.0}
DECISION : ALLOW
------------------------------------------------------------
[SEQ 329] [IEEE-BASELINE]
SCORE    : anomaly_score=14.865
DECISION : ALLOW
------------------------------------------------------------
[SEQ 330] [LAYER 0]
CMD      : M104 S200
TRUST    : acc_cmd=0.000 | acc_exec=0.333 | trust=0.122
DECISION : PAUSE
MACHINE  : Machine-3
------------------------------------------------------------
[SEQ 330] [STATIC-BASELINE]
CMD      : M104 | effects={'M': 104.0, 'S': 200.0, 'prev_temp': 220.0}
DECISION : ALLOW
------------------------------------------------------------
[SEQ 330] [IEEE-BASELINE]
SCORE    : anomaly_score=15.378
DECISION : ALLOW
------------------------------------------------------------
[SEQ 331] [LAYER 0]
CMD      : M104 S220
TRUST    : acc_cmd=0.000 | acc_exec=0.333 | trust=0.106
DECISION : PAUSE
MACHINE  : Machine-3
------------------------------------------------------------
[SEQ 331] [STATIC-BASELINE]
CMD      : M104 | effects={'M': 104.0, 'S': 220.0, 'prev_temp': 200.0}
DECISION : ALLOW
------------------------------------------------------------
[SEQ 331] [IEEE-BASELINE]
SCORE    : anomaly_score=15.840
DECISION : ALLOW
------------------------------------------------------------
[SEQ 332] [LAYER 0]
CMD      : M104 S200
TRUST    : acc_cmd=0.000 | acc_exec=0.333 | trust=0.096
DECISION : PAUSE
MACHINE  : Machine-3
------------------------------------------------------------
[SEQ 332] [STATIC-BASELINE]
CMD      : M104 | effects={'M': 104.0, 'S': 200.0, 'prev_temp': 220.0}
DECISION : ALLOW
------------------------------------------------------------
[SEQ 332] [IEEE-BASELINE]
SCORE    : anomaly_score=16.256
DECISION : ALLOW
------------------------------------------------------------
[SEQ 333] [LAYER 0]
CMD      : M104 S220
TRUST    : acc_cmd=0.000 | acc_exec=0.333 | trust=0.091
DECISION : PAUSE
MACHINE  : Machine-3
------------------------------------------------------------
[SEQ 333] [STATIC-BASELINE]
CMD      : M104 | effects={'M': 104.0, 'S': 220.0, 'prev_temp': 200.0}
DECISION : ALLOW
------------------------------------------------------------
[SEQ 333] [IEEE-BASELINE]
SCORE    : anomaly_score=16.631
DECISION : ALLOW
------------------------------------------------------------
[SEQ 334] [LAYER 0]
CMD      : G1 X162.001 Y123.262 E9.256
TRUST    : acc_cmd=0.000 | acc_exec=0.000 | trust=0.174
DECISION : PAUSE
MACHINE  : Machine-3
------------------------------------------------------------
[SEQ 334] [STATIC-BASELINE]
CMD      : G1 | effects={'dx': -7.0, 'dy': 1.4080000000000013, 'dz': 0.0, 'de': 0.15539000000000058, 'xy_dist': 7.140200557407334, 'params': {'G': 1.0, 'X': 162.001, 'Y': 123.262, 'E': 9.256}}
DECISION : ALLOW
------------------------------------------------------------
[SEQ 334] [IEEE-BASELINE]
SCORE    : anomaly_score=14.968
DECISION : ALLOW
------------------------------------------------------------
[SEQ 335] [LAYER 0]
CMD      : M104 S200
TRUST    : acc_cmd=0.000 | acc_exec=0.333 | trust=0.161
DECISION : PAUSE
MACHINE  : Machine-3
------------------------------------------------------------
[SEQ 335] [STATIC-BASELINE]
CMD      : M104 | effects={'M': 104.0, 'S': 200.0, 'prev_temp': 220.0}
DECISION : ALLOW
------------------------------------------------------------
[SEQ 335] [IEEE-BASELINE]
SCORE    : anomaly_score=15.471
DECISION : ALLOW
------------------------------------------------------------
[SEQ 336] [LAYER 0]
CMD      : G1 X160.647 Y120.658 E9.31217
TRUST    : acc_cmd=0.000 | acc_exec=0.000 | trust=0.259
DECISION : PAUSE
MACHINE  : Machine-3
------------------------------------------------------------
[SEQ 336] [STATIC-BASELINE]
CMD      : G1 | effects={'dx': -1.3540000000000134, 'dy': -2.603999999999999, 'dz': 0.0, 'de': 0.05616999999999983, 'xy_dist': 2.9349841566863755, 'params': {'G': 1.0, 'X': 160.647, 'Y': 120.658, 'E': 9.31217}}
DECISION : ALLOW
------------------------------------------------------------
[SEQ 336] [IEEE-BASELINE]
SCORE    : anomaly_score=13.924
DECISION : ALLOW
------------------------------------------------------------
[SEQ 337] [LAYER 0]
CMD      : G1 X160.626 Y119.282 E9.33805
TRUST    : acc_cmd=0.000 | acc_exec=0.000 | trust=0.408
DECISION : PAUSE
MACHINE  : Machine-3
------------------------------------------------------------
[SEQ 337] [STATIC-BASELINE]
CMD      : G1 | effects={'dx': -0.020999999999986585, 'dy': -1.3760000000000048, 'dz': 0.0, 'de': 0.02588000000000079, 'xy_dist': 1.3761602377630349, 'params': {'G': 1.0, 'X': 160.626, 'Y': 119.282, 'E': 9.33805}}
DECISION : ALLOW
------------------------------------------------------------
[SEQ 337] [IEEE-BASELINE]
SCORE    : anomaly_score=12.531
DECISION : ALLOW
------------------------------------------------------------
[SEQ 338] [LAYER 0]
CMD      : G1 X161.039 Y118.148 E9.36076
TRUST    : acc_cmd=0.000 | acc_exec=0.000 | trust=0.563
DECISION : ALLOW
MACHINE  : Machine-3
------------------------------------------------------------
[SEQ 338] [STATIC-BASELINE]
CMD      : G1 | effects={'dx': 0.4129999999999825, 'dy': -1.1340000000000003, 'dz': 0.0, 'de': 0.022710000000000008, 'xy_dist': 1.206865775469661, 'params': {'G': 1.0, 'X': 161.039, 'Y': 118.148, 'E': 9.36076}}
DECISION : ALLOW
------------------------------------------------------------
[SEQ 338] [IEEE-BASELINE]
SCORE    : anomaly_score=11.278
DECISION : ALLOW
------------------------------------------------------------
[SEQ 339] [LAYER 0]
CMD      : M104 S220
TRUST    : acc_cmd=0.000 | acc_exec=0.333 | trust=0.398
DECISION : PAUSE
MACHINE  : Machine-3
------------------------------------------------------------
[SEQ 339] [STATIC-BASELINE]
CMD      : M104 | effects={'M': 104.0, 'S': 220.0, 'prev_temp': 200.0}
DECISION : ALLOW
------------------------------------------------------------
[SEQ 339] [IEEE-BASELINE]
SCORE    : anomaly_score=12.150
DECISION : ALLOW
------------------------------------------------------------
[SEQ 340] [LAYER 0]
CMD      : M104 S200
TRUST    : acc_cmd=0.000 | acc_exec=0.333 | trust=0.264
DECISION : PAUSE
MACHINE  : Machine-3
------------------------------------------------------------
[SEQ 340] [STATIC-BASELINE]
CMD      : M104 | effects={'M': 104.0, 'S': 200.0, 'prev_temp': 220.0}
DECISION : ALLOW
------------------------------------------------------------
[SEQ 340] [IEEE-BASELINE]
SCORE    : anomaly_score=12.935
DECISION : ALLOW
------------------------------------------------------------
[SEQ 341] [LAYER 0]
CMD      : G1 F1800 X162.627 Y116.75 E9.39991
TRUST    : acc_cmd=0.000 | acc_exec=0.000 | trust=0.316
DECISION : PAUSE
MACHINE  : Machine-3
------------------------------------------------------------
[SEQ 341] [STATIC-BASELINE]
CMD      : G1 | effects={'dx': 1.5880000000000223, 'dy': -1.3979999999999961, 'dz': 0.0, 'de': 0.03914999999999935, 'xy_dist': 2.1156909037002687, 'params': {'G': 1.0, 'F': 1800.0, 'X': 162.627, 'Y': 116.75, 'E': 9.39991}}
DECISION : ALLOW
------------------------------------------------------------
[SEQ 341] [IEEE-BASELINE]
SCORE    : anomaly_score=11.642
DECISION : ALLOW
------------------------------------------------------------
[SEQ 342] [LAYER 0]
CMD      : G1 X163.608 Y116.272 E9.42044
TRUST    : acc_cmd=0.000 | acc_exec=0.000 | trust=0.446
DECISION : PAUSE
MACHINE  : Machine-3
------------------------------------------------------------
[SEQ 342] [STATIC-BASELINE]
CMD      : G1 | effects={'dx': 0.9809999999999945, 'dy': -0.47799999999999443, 'dz': 0.0, 'de': 0.02052999999999905, 'xy_dist': 1.091258447848164, 'params': {'G': 1.0, 'X': 163.608, 'Y': 116.272, 'E': 9.42044}}
DECISION : ALLOW
------------------------------------------------------------
[SEQ 342] [IEEE-BASELINE]
SCORE    : anomaly_score=10.478
DECISION : ALLOW
------------------------------------------------------------
[SEQ 343] [LAYER 0]
CMD      : M104 S220
TRUST    : acc_cmd=0.000 | acc_exec=0.333 | trust=0.330
DECISION : PAUSE
MACHINE  : Machine-3
------------------------------------------------------------
[SEQ 343] [STATIC-BASELINE]
CMD      : M104 | effects={'M': 104.0, 'S': 220.0, 'prev_temp': 200.0}
DECISION : ALLOW
------------------------------------------------------------
[SEQ 343] [IEEE-BASELINE]
SCORE    : anomaly_score=11.430
DECISION : ALLOW
------------------------------------------------------------
[SEQ 344] [LAYER 0]
CMD      : M104 S200
TRUST    : acc_cmd=0.000 | acc_exec=0.333 | trust=0.229
DECISION : PAUSE
MACHINE  : Machine-3
------------------------------------------------------------
[SEQ 344] [STATIC-BASELINE]
CMD      : M104 | effects={'M': 104.0, 'S': 200.0, 'prev_temp': 220.0}
DECISION : ALLOW
------------------------------------------------------------
[SEQ 344] [IEEE-BASELINE]
SCORE    : anomaly_score=12.287
DECISION : ALLOW
------------------------------------------------------------
[SEQ 345] [LAYER 0]
CMD      : M104 S220
TRUST    : acc_cmd=0.000 | acc_exec=0.333 | trust=0.165
DECISION : PAUSE
MACHINE  : Machine-3
------------------------------------------------------------
[SEQ 345] [STATIC-BASELINE]
CMD      : M104 | effects={'M': 104.0, 'S': 220.0, 'prev_temp': 200.0}
DECISION : ALLOW
------------------------------------------------------------
[SEQ 345] [IEEE-BASELINE]
SCORE    : anomaly_score=13.058
DECISION : ALLOW
------------------------------------------------------------
[SEQ 346] [LAYER 0]
CMD      : M104 S200
TRUST    : acc_cmd=0.000 | acc_exec=0.333 | trust=0.129
DECISION : PAUSE
MACHINE  : Machine-3
------------------------------------------------------------
[SEQ 346] [STATIC-BASELINE]
CMD      : M104 | effects={'M': 104.0, 'S': 200.0, 'prev_temp': 220.0}
DECISION : ALLOW
------------------------------------------------------------
[SEQ 346] [IEEE-BASELINE]
SCORE    : anomaly_score=13.752
DECISION : ALLOW
------------------------------------------------------------
[SEQ 347] [LAYER 0]
CMD      : M104 S220
TRUST    : acc_cmd=0.000 | acc_exec=0.333 | trust=0.109
DECISION : PAUSE
MACHINE  : Machine-3
------------------------------------------------------------
[SEQ 347] [STATIC-BASELINE]
CMD      : M104 | effects={'M': 104.0, 'S': 220.0, 'prev_temp': 200.0}
DECISION : ALLOW
------------------------------------------------------------
[SEQ 347] [IEEE-BASELINE]
SCORE    : anomaly_score=14.377
DECISION : ALLOW
------------------------------------------------------------
[SEQ 348] [LAYER 0]
CMD      : G1 X168.978 Y119.406 E9.55427
TRUST    : acc_cmd=0.000 | acc_exec=0.000 | trust=0.189
DECISION : PAUSE
MACHINE  : Machine-3
------------------------------------------------------------
[SEQ 348] [STATIC-BASELINE]
CMD      : G1 | effects={'dx': 5.3700000000000045, 'dy': 3.1340000000000003, 'dz': 0.0, 'de': 0.13383000000000145, 'xy_dist': 6.217624626816904, 'params': {'G': 1.0, 'X': 168.978, 'Y': 119.406, 'E': 9.55427}}
DECISION : ALLOW
------------------------------------------------------------
[SEQ 348] [IEEE-BASELINE]
SCORE    : anomaly_score=12.939
DECISION : ALLOW
------------------------------------------------------------
[SEQ 349] [LAYER 0]
CMD      : G1 X168.955 Y120.654 E9.57775
TRUST    : acc_cmd=0.000 | acc_exec=0.000 | trust=0.333
DECISION : PAUSE
MACHINE  : Machine-3
------------------------------------------------------------
[SEQ 349] [STATIC-BASELINE]
CMD      : G1 | effects={'dx': -0.022999999999996135, 'dy': 1.2479999999999905, 'dz': 0.0, 'de': 0.02347999999999928, 'xy_dist': 1.248211921109543, 'params': {'G': 1.0, 'X': 168.955, 'Y': 120.654, 'E': 9.57775}}
DECISION : ALLOW
------------------------------------------------------------
[SEQ 349] [IEEE-BASELINE]
SCORE    : anomaly_score=11.646
DECISION : ALLOW
------------------------------------------------------------
[SEQ 350] [LAYER 0]
CMD      : M104 S200
TRUST    : acc_cmd=0.000 | acc_exec=0.333 | trust=0.266
DECISION : PAUSE
MACHINE  : Machine-3
------------------------------------------------------------
[SEQ 350] [STATIC-BASELINE]
CMD      : M104 | effects={'M': 104.0, 'S': 200.0, 'prev_temp': 220.0}
DECISION : ALLOW
------------------------------------------------------------
[SEQ 350] [IEEE-BASELINE]
SCORE    : anomaly_score=12.481
DECISION : ALLOW
------------------------------------------------------------
[SEQ 351] [LAYER 0]
CMD      : M104 S220
TRUST    : acc_cmd=0.000 | acc_exec=0.333 | trust=0.196
DECISION : PAUSE
MACHINE  : Machine-3
------------------------------------------------------------
[SEQ 351] [STATIC-BASELINE]
CMD      : M104 | effects={'M': 104.0, 'S': 220.0, 'prev_temp': 200.0}
DECISION : ALLOW
------------------------------------------------------------
[SEQ 351] [IEEE-BASELINE]
SCORE    : anomaly_score=13.233
DECISION : ALLOW
------------------------------------------------------------
[SEQ 352] [LAYER 0]
CMD      : M104 S200
TRUST    : acc_cmd=0.000 | acc_exec=0.333 | trust=0.149
DECISION : PAUSE
MACHINE  : Machine-3
------------------------------------------------------------
[SEQ 352] [STATIC-BASELINE]
CMD      : M104 | effects={'M': 104.0, 'S': 200.0, 'prev_temp': 220.0}
DECISION : ALLOW
------------------------------------------------------------
[SEQ 352] [IEEE-BASELINE]
SCORE    : anomaly_score=13.910
DECISION : ALLOW
------------------------------------------------------------
[SEQ 353] [LAYER 0]
CMD      : M104 S220
TRUST    : acc_cmd=0.000 | acc_exec=0.333 | trust=0.120
DECISION : PAUSE
MACHINE  : Machine-3
------------------------------------------------------------
[SEQ 353] [STATIC-BASELINE]
CMD      : M104 | effects={'M': 104.0, 'S': 220.0, 'prev_temp': 200.0}
DECISION : ALLOW
------------------------------------------------------------
[SEQ 353] [IEEE-BASELINE]
SCORE    : anomaly_score=14.519
DECISION : ALLOW
------------------------------------------------------------
[SEQ 354] [LAYER 0]
CMD      : M104 S200
TRUST    : acc_cmd=0.000 | acc_exec=0.333 | trust=0.104
DECISION : PAUSE
MACHINE  : Machine-3
------------------------------------------------------------
[SEQ 354] [STATIC-BASELINE]
CMD      : M104 | effects={'M': 104.0, 'S': 200.0, 'prev_temp': 220.0}
DECISION : ALLOW
------------------------------------------------------------
[SEQ 354] [IEEE-BASELINE]
SCORE    : anomaly_score=15.067
DECISION : ALLOW
------------------------------------------------------------
[SEQ 355] [LAYER 0]
CMD      : M104 S220
TRUST    : acc_cmd=0.000 | acc_exec=0.333 | trust=0.095
DECISION : PAUSE
MACHINE  : Machine-3
------------------------------------------------------------
[SEQ 355] [STATIC-BASELINE]
CMD      : M104 | effects={'M': 104.0, 'S': 220.0, 'prev_temp': 200.0}
DECISION : ALLOW
------------------------------------------------------------
[SEQ 355] [IEEE-BASELINE]
SCORE    : anomaly_score=15.560
DECISION : ALLOW
------------------------------------------------------------
[SEQ 356] [LAYER 0]
CMD      : G1 X163.337 Y123.636 E9.71556
TRUST    : acc_cmd=0.000 | acc_exec=0.000 | trust=0.178
DECISION : PAUSE
MACHINE  : Machine-3
------------------------------------------------------------
[SEQ 356] [STATIC-BASELINE]
CMD      : G1 | effects={'dx': -5.618000000000023, 'dy': 2.9819999999999993, 'dz': 0.0, 'de': 0.13781, 'xy_dist': 6.3603653983085175, 'params': {'G': 1.0, 'X': 163.337, 'Y': 123.636, 'E': 9.71556}}
DECISION : ALLOW
------------------------------------------------------------
[SEQ 356] [IEEE-BASELINE]
SCORE    : anomaly_score=14.004
DECISION : ALLOW
------------------------------------------------------------
[SEQ 357] [LAYER 0]
CMD      : M104 S200
TRUST    : acc_cmd=0.000 | acc_exec=0.333 | trust=0.164
DECISION : PAUSE
MACHINE  : Machine-3
------------------------------------------------------------
[SEQ 357] [STATIC-BASELINE]
CMD      : M104 | effects={'M': 104.0, 'S': 200.0, 'prev_temp': 220.0}
DECISION : ALLOW
------------------------------------------------------------
[SEQ 357] [IEEE-BASELINE]
SCORE    : anomaly_score=14.604
DECISION : ALLOW
------------------------------------------------------------
[SEQ 358] [LAYER 0]
CMD      : M104 S220
TRUST    : acc_cmd=0.000 | acc_exec=0.333 | trust=0.137
DECISION : PAUSE
MACHINE  : Machine-3
------------------------------------------------------------
[SEQ 358] [STATIC-BASELINE]
CMD      : M104 | effects={'M': 104.0, 'S': 220.0, 'prev_temp': 200.0}
DECISION : ALLOW
------------------------------------------------------------
[SEQ 358] [IEEE-BASELINE]
SCORE    : anomaly_score=15.143
DECISION : ALLOW
------------------------------------------------------------
[SEQ 359] [LAYER 0]
CMD      : M104 S200
TRUST    : acc_cmd=0.000 | acc_exec=0.333 | trust=0.117
DECISION : PAUSE
MACHINE  : Machine-3
------------------------------------------------------------
[SEQ 359] [STATIC-BASELINE]
CMD      : M104 | effects={'M': 104.0, 'S': 200.0, 'prev_temp': 220.0}
DECISION : ALLOW
------------------------------------------------------------
[SEQ 359] [IEEE-BASELINE]
SCORE    : anomaly_score=15.629
DECISION : ALLOW
------------------------------------------------------------
[SEQ 360] [LAYER 0]
CMD      : G1 X161.027 Y119.35 E9.81368
TRUST    : acc_cmd=0.000 | acc_exec=0.000 | trust=0.200
DECISION : PAUSE
MACHINE  : Machine-3
------------------------------------------------------------
[SEQ 360] [STATIC-BASELINE]
CMD      : G1 | effects={'dx': -2.3100000000000023, 'dy': -4.286000000000001, 'dz': 0.0, 'de': 0.09811999999999976, 'xy_dist': 4.868870094796125, 'params': {'G': 1.0, 'X': 161.027, 'Y': 119.35, 'E': 9.81368}}
DECISION : ALLOW
------------------------------------------------------------
[SEQ 360] [IEEE-BASELINE]
SCORE    : anomaly_score=14.066
DECISION : ALLOW
------------------------------------------------------------
[SEQ 361] [LAYER 0]
CMD      : M104 S220
TRUST    : acc_cmd=0.000 | acc_exec=0.333 | trust=0.177
DECISION : PAUSE
MACHINE  : Machine-3
------------------------------------------------------------
[SEQ 361] [STATIC-BASELINE]
CMD      : M104 | effects={'M': 104.0, 'S': 220.0, 'prev_temp': 200.0}
DECISION : ALLOW
------------------------------------------------------------
[SEQ 361] [IEEE-BASELINE]
SCORE    : anomaly_score=14.659
DECISION : ALLOW
------------------------------------------------------------
[SEQ 362] [LAYER 0]
CMD      : G1 X161.771 Y117.67 E9.84837
TRUST    : acc_cmd=0.000 | acc_exec=0.000 | trust=0.272
DECISION : PAUSE
MACHINE  : Machine-3
------------------------------------------------------------
[SEQ 362] [STATIC-BASELINE]
CMD      : G1 | effects={'dx': 0.7439999999999998, 'dy': -1.6799999999999926, 'dz': 0.0, 'de': 0.034689999999999444, 'xy_dist': 1.837372036360621, 'params': {'G': 1.0, 'X': 161.771, 'Y': 117.67, 'E': 9.84837}}
DECISION : ALLOW
------------------------------------------------------------
[SEQ 362] [IEEE-BASELINE]
SCORE    : anomaly_score=13.194
DECISION : ALLOW
------------------------------------------------------------
[SEQ 363] [LAYER 0]
CMD      : M104 S200
TRUST    : acc_cmd=0.000 | acc_exec=0.333 | trust=0.224
DECISION : PAUSE
MACHINE  : Machine-3
------------------------------------------------------------
[SEQ 363] [STATIC-BASELINE]
CMD      : M104 | effects={'M': 104.0, 'S': 200.0, 'prev_temp': 220.0}
DECISION : ALLOW
------------------------------------------------------------
[SEQ 363] [IEEE-BASELINE]
SCORE    : anomaly_score=13.874
DECISION : ALLOW
------------------------------------------------------------
[SEQ 364] [LAYER 0]
CMD      : M104 S220
TRUST    : acc_cmd=0.000 | acc_exec=0.333 | trust=0.171
DECISION : PAUSE
MACHINE  : Machine-3
------------------------------------------------------------
[SEQ 364] [STATIC-BASELINE]
CMD      : M104 | effects={'M': 104.0, 'S': 220.0, 'prev_temp': 200.0}
DECISION : ALLOW
------------------------------------------------------------
[SEQ 364] [IEEE-BASELINE]
SCORE    : anomaly_score=14.487
DECISION : ALLOW
------------------------------------------------------------
[SEQ 365] [LAYER 0]
CMD      : G1 X163.783 Y116.632 E9.88887
TRUST    : acc_cmd=0.000 | acc_exec=0.000 | trust=0.250
DECISION : PAUSE
MACHINE  : Machine-3
------------------------------------------------------------
[SEQ 365] [STATIC-BASELINE]
CMD      : G1 | effects={'dx': 2.0120000000000005, 'dy': -1.0379999999999967, 'dz': 0.0, 'de': 0.040500000000001535, 'xy_dist': 2.2639761482842515, 'params': {'G': 1.0, 'X': 163.783, 'Y': 116.632, 'E': 9.88887}}
DECISION : ALLOW
------------------------------------------------------------
[SEQ 365] [IEEE-BASELINE]
SCORE    : anomaly_score=13.038
DECISION : ALLOW
------------------------------------------------------------
[SEQ 366] [LAYER 0]
CMD      : G1 X164.43 Y116.448 E9.90152
TRUST    : acc_cmd=0.000 | acc_exec=0.000 | trust=0.393
DECISION : PAUSE
MACHINE  : Machine-3
------------------------------------------------------------
[SEQ 366] [STATIC-BASELINE]
CMD      : G1 | effects={'dx': 0.6470000000000198, 'dy': -0.1840000000000117, 'dz': 0.0, 'de': 0.01264999999999894, 'xy_dist': 0.6726551865555115, 'params': {'G': 1.0, 'X': 164.43, 'Y': 116.448, 'E': 9.90152}}
DECISION : ALLOW
------------------------------------------------------------
[SEQ 366] [IEEE-BASELINE]
SCORE    : anomaly_score=11.734
DECISION : ALLOW
------------------------------------------------------------
[SEQ 367] [LAYER 0]
CMD      : M104 S200
TRUST    : acc_cmd=0.000 | acc_exec=0.333 | trust=0.301
DECISION : PAUSE
MACHINE  : Machine-3
------------------------------------------------------------
[SEQ 367] [STATIC-BASELINE]
CMD      : M104 | effects={'M': 104.0, 'S': 200.0, 'prev_temp': 220.0}
DECISION : ALLOW
------------------------------------------------------------
[SEQ 367] [IEEE-BASELINE]
SCORE    : anomaly_score=12.561
DECISION : ALLOW
------------------------------------------------------------
[SEQ 368] [LAYER 0]
CMD      : M104 S220
TRUST    : acc_cmd=0.000 | acc_exec=0.333 | trust=0.214
DECISION : PAUSE
MACHINE  : Machine-3
------------------------------------------------------------
[SEQ 368] [STATIC-BASELINE]
CMD      : M104 | effects={'M': 104.0, 'S': 220.0, 'prev_temp': 200.0}
DECISION : ALLOW
------------------------------------------------------------
[SEQ 368] [IEEE-BASELINE]
SCORE    : anomaly_score=13.305
DECISION : ALLOW
------------------------------------------------------------
[SEQ 369] [LAYER 0]
CMD      : M104 S200
TRUST    : acc_cmd=0.000 | acc_exec=0.333 | trust=0.158
DECISION : PAUSE
MACHINE  : Machine-3
------------------------------------------------------------
[SEQ 369] [STATIC-BASELINE]
CMD      : M104 | effects={'M': 104.0, 'S': 200.0, 'prev_temp': 220.0}
DECISION : ALLOW
------------------------------------------------------------
[SEQ 369] [IEEE-BASELINE]
SCORE    : anomaly_score=13.974
DECISION : ALLOW
------------------------------------------------------------
[SEQ 370] [LAYER 0]
CMD      : M104 S220
TRUST    : acc_cmd=0.000 | acc_exec=0.333 | trust=0.125
DECISION : PAUSE
MACHINE  : Machine-3
------------------------------------------------------------
[SEQ 370] [STATIC-BASELINE]
CMD      : M104 | effects={'M': 104.0, 'S': 220.0, 'prev_temp': 200.0}
DECISION : ALLOW
------------------------------------------------------------
[SEQ 370] [IEEE-BASELINE]
SCORE    : anomaly_score=14.577
DECISION : ALLOW
------------------------------------------------------------
[SEQ 371] [LAYER 0]
CMD      : M104 S200
TRUST    : acc_cmd=0.000 | acc_exec=0.333 | trust=0.107
DECISION : PAUSE
MACHINE  : Machine-3
------------------------------------------------------------
[SEQ 371] [STATIC-BASELINE]
CMD      : M104 | effects={'M': 104.0, 'S': 200.0, 'prev_temp': 220.0}
DECISION : ALLOW
------------------------------------------------------------
[SEQ 371] [IEEE-BASELINE]
SCORE    : anomaly_score=15.119
DECISION : ALLOW
------------------------------------------------------------
[SEQ 372] [LAYER 0]
CMD      : G1 X168.556 Y120.589 E10.02961
TRUST    : acc_cmd=0.000 | acc_exec=0.000 | trust=0.188
DECISION : PAUSE
MACHINE  : Machine-3
------------------------------------------------------------
[SEQ 372] [STATIC-BASELINE]
CMD      : G1 | effects={'dx': 4.126000000000005, 'dy': 4.141000000000005, 'dz': 0.0, 'de': 0.12809000000000026, 'xy_dist': 5.845661382598216, 'params': {'G': 1.0, 'X': 168.556, 'Y': 120.589, 'E': 10.02961}}
DECISION : ALLOW
------------------------------------------------------------
[SEQ 372] [IEEE-BASELINE]
SCORE    : anomaly_score=13.607
DECISION : ALLOW
------------------------------------------------------------
[SEQ 373] [LAYER 0]
CMD      : M104 S220
TRUST    : acc_cmd=0.000 | acc_exec=0.333 | trust=0.170
DECISION : PAUSE
MACHINE  : Machine-3
------------------------------------------------------------
[SEQ 373] [STATIC-BASELINE]
CMD      : M104 | effects={'M': 104.0, 'S': 220.0, 'prev_temp': 200.0}
DECISION : ALLOW
------------------------------------------------------------
[SEQ 373] [IEEE-BASELINE]
SCORE    : anomaly_score=14.247
DECISION : ALLOW
------------------------------------------------------------
[SEQ 374] [LAYER 0]
CMD      : G1 X167.746 Y122.327 E10.06601
TRUST    : acc_cmd=0.000 | acc_exec=0.000 | trust=0.266
DECISION : PAUSE
MACHINE  : Machine-3
------------------------------------------------------------
[SEQ 374] [STATIC-BASELINE]
CMD      : G1 | effects={'dx': -0.8100000000000023, 'dy': 1.7379999999999995, 'dz': 0.0, 'de': 0.03640000000000043, 'xy_dist': 1.9174837678582841, 'params': {'G': 1.0, 'X': 167.746, 'Y': 122.327, 'E': 10.06601}}
DECISION : ALLOW
------------------------------------------------------------
[SEQ 374] [IEEE-BASELINE]
SCORE    : anomaly_score=12.822
DECISION : ALLOW
------------------------------------------------------------
[SEQ 375] [LAYER 0]
CMD      : M104 S200
TRUST    : acc_cmd=0.000 | acc_exec=0.333 | trust=0.220
DECISION : PAUSE
MACHINE  : Machine-3
------------------------------------------------------------
[SEQ 375] [STATIC-BASELINE]
CMD      : M104 | effects={'M': 104.0, 'S': 200.0, 'prev_temp': 220.0}
DECISION : ALLOW
------------------------------------------------------------
[SEQ 375] [IEEE-BASELINE]
SCORE    : anomaly_score=13.540
DECISION : ALLOW
------------------------------------------------------------
[SEQ 376] [LAYER 0]
CMD      : G1 X166.415 Y123.303 E10.09721
TRUST    : acc_cmd=0.000 | acc_exec=0.000 | trust=0.309
DECISION : PAUSE
MACHINE  : Machine-3
------------------------------------------------------------
[SEQ 376] [STATIC-BASELINE]
CMD      : G1 | effects={'dx': -1.3310000000000173, 'dy': 0.9759999999999991, 'dz': 0.0, 'de': 0.031200000000000117, 'xy_dist': 1.6504959860599613, 'params': {'G': 1.0, 'X': 166.415, 'Y': 123.303, 'E': 10.09721}}
DECISION : ALLOW
------------------------------------------------------------
[SEQ 376] [IEEE-BASELINE]
SCORE    : anomaly_score=12.186
DECISION : ALLOW
------------------------------------------------------------
[SEQ 377] [LAYER 0]
CMD      : M104 S220
TRUST    : acc_cmd=0.000 | acc_exec=0.333 | trust=0.245
DECISION : PAUSE
MACHINE  : Machine-3
------------------------------------------------------------
[SEQ 377] [STATIC-BASELINE]
CMD      : M104 | effects={'M': 104.0, 'S': 220.0, 'prev_temp': 200.0}
DECISION : ALLOW
------------------------------------------------------------
[SEQ 377] [IEEE-BASELINE]
SCORE    : anomaly_score=12.967
DECISION : ALLOW
------------------------------------------------------------
[SEQ 378] [LAYER 0]
CMD      : G1 X164.496 Y123.576 E10.13398
TRUST    : acc_cmd=0.000 | acc_exec=0.000 | trust=0.328
DECISION : PAUSE
MACHINE  : Machine-3
------------------------------------------------------------
[SEQ 378] [STATIC-BASELINE]
CMD      : G1 | effects={'dx': -1.9189999999999827, 'dy': 0.27299999999999613, 'dz': 0.0, 'de': 0.03676999999999886, 'xy_dist': 1.9383214387711682, 'params': {'G': 1.0, 'X': 164.496, 'Y': 123.576, 'E': 10.13398}}
DECISION : ALLOW
------------------------------------------------------------
[SEQ 378] [IEEE-BASELINE]
SCORE    : anomaly_score=11.670
DECISION : ALLOW
------------------------------------------------------------
[SEQ 379] [LAYER 0]
CMD      : G1 X163.506 Y123.27 E10.15348
TRUST    : acc_cmd=0.000 | acc_exec=0.000 | trust=0.468
DECISION : PAUSE
MACHINE  : Machine-3
------------------------------------------------------------
[SEQ 379] [STATIC-BASELINE]
CMD      : G1 | effects={'dx': -0.9900000000000091, 'dy': -0.3059999999999974, 'dz': 0.0, 'de': 0.01950000000000074, 'xy_dist': 1.0362123334529543, 'params': {'G': 1.0, 'X': 163.506, 'Y': 123.27, 'E': 10.15348}}
DECISION : ALLOW
------------------------------------------------------------
[SEQ 379] [IEEE-BASELINE]
SCORE    : anomaly_score=10.503
DECISION : ALLOW
------------------------------------------------------------
[SEQ 380] [LAYER 0]
CMD      : G1 X162.552 Y122.663 E10.17475
TRUST    : acc_cmd=0.000 | acc_exec=0.000 | trust=0.612
DECISION : ALLOW
MACHINE  : Machine-3
------------------------------------------------------------
[SEQ 380] [STATIC-BASELINE]
CMD      : G1 | effects={'dx': -0.9540000000000077, 'dy': -0.6069999999999993, 'dz': 0.0, 'de': 0.021269999999999456, 'xy_dist': 1.1307364856588002, 'params': {'G': 1.0, 'X': 162.552, 'Y': 122.663, 'E': 10.17475}}
DECISION : ALLOW
------------------------------------------------------------
[SEQ 380] [IEEE-BASELINE]
SCORE    : anomaly_score=9.453
DECISION : ALLOW
------------------------------------------------------------
[SEQ 381] [LAYER 0]
CMD      : G1 X161.743 Y121.595 E10.19995
TRUST    : acc_cmd=0.000 | acc_exec=0.000 | trust=0.732
DECISION : ALLOW
MACHINE  : Machine-3
------------------------------------------------------------
[SEQ 381] [STATIC-BASELINE]
CMD      : G1 | effects={'dx': -0.8089999999999975, 'dy': -1.0679999999999978, 'dz': 0.0, 'de': 0.02519999999999989, 'xy_dist': 1.3398152857763608, 'params': {'G': 1.0, 'X': 161.743, 'Y': 121.595, 'E': 10.19995}}
DECISION : ALLOW
------------------------------------------------------------
[SEQ 381] [IEEE-BASELINE]
SCORE    : anomaly_score=8.508
DECISION : ALLOW
------------------------------------------------------------
[SEQ 382] [LAYER 0]
CMD      : G1 X161.445 Y120.54 E10.22057
TRUST    : acc_cmd=0.000 | acc_exec=0.000 | trust=0.823
DECISION : ALLOW
MACHINE  : Machine-3
------------------------------------------------------------
[SEQ 382] [STATIC-BASELINE]
CMD      : G1 | effects={'dx': -0.2980000000000018, 'dy': -1.0549999999999926, 'dz': 0.0, 'de': 0.02062000000000097, 'xy_dist': 1.0962796176158642, 'params': {'G': 1.0, 'X': 161.445, 'Y': 120.54, 'E': 10.22057}}
DECISION : ALLOW
------------------------------------------------------------
[SEQ 382] [IEEE-BASELINE]
SCORE    : anomaly_score=7.657
DECISION : ALLOW
------------------------------------------------------------
[SEQ 383] [LAYER 0]
CMD      : M104 S200
TRUST    : acc_cmd=0.000 | acc_exec=0.333 | trust=0.534
DECISION : ALLOW
MACHINE  : Machine-3
------------------------------------------------------------
[SEQ 383] [STATIC-BASELINE]
CMD      : M104 | effects={'M': 104.0, 'S': 200.0, 'prev_temp': 220.0}
DECISION : ALLOW
------------------------------------------------------------
[SEQ 383] [IEEE-BASELINE]
SCORE    : anomaly_score=8.891
DECISION : ALLOW
------------------------------------------------------------
[SEQ 384] [LAYER 0]
CMD      : M104 S220
TRUST    : acc_cmd=0.000 | acc_exec=0.333 | trust=0.329
DECISION : PAUSE
MACHINE  : Machine-3
------------------------------------------------------------
[SEQ 384] [STATIC-BASELINE]
CMD      : M104 | effects={'M': 104.0, 'S': 220.0, 'prev_temp': 200.0}
DECISION : ALLOW
------------------------------------------------------------
[SEQ 384] [IEEE-BASELINE]
SCORE    : anomaly_score=10.002
DECISION : ALLOW
------------------------------------------------------------
[SEQ 385] [LAYER 0]
CMD      : M104 S200
TRUST    : acc_cmd=0.000 | acc_exec=0.333 | trust=0.214
DECISION : PAUSE
MACHINE  : Machine-3
------------------------------------------------------------
[SEQ 385] [STATIC-BASELINE]
CMD      : M104 | effects={'M': 104.0, 'S': 200.0, 'prev_temp': 220.0}
DECISION : ALLOW
------------------------------------------------------------
[SEQ 385] [IEEE-BASELINE]
SCORE    : anomaly_score=11.002
DECISION : ALLOW
------------------------------------------------------------
[SEQ 386] [LAYER 0]
CMD      : G0 F3600 X162.416 Y118.151
TRUST    : acc_cmd=0.000 | acc_exec=0.000 | trust=0.268
DECISION : PAUSE
MACHINE  : Machine-3
------------------------------------------------------------
[SEQ 386] [STATIC-BASELINE]
CMD      : G0 | effects={'dx': 0.9710000000000036, 'dy': -2.38900000000001, 'dz': 0.0, 'de': 0.0, 'xy_dist': 2.578790801906982, 'params': {'G': 0.0, 'F': 3600.0, 'X': 162.416, 'Y': 118.151}}
DECISION : ALLOW
------------------------------------------------------------
[SEQ 386] [IEEE-BASELINE]
SCORE    : anomaly_score=9.902
DECISION : ALLOW
------------------------------------------------------------
[SEQ 387] [LAYER 0]
CMD      : M104 S220
TRUST    : acc_cmd=0.000 | acc_exec=0.333 | trust=0.215
DECISION : PAUSE
MACHINE  : Machine-3
------------------------------------------------------------
[SEQ 387] [STATIC-BASELINE]
CMD      : M104 | effects={'M': 104.0, 'S': 220.0, 'prev_temp': 200.0}
DECISION : ALLOW
------------------------------------------------------------
[SEQ 387] [IEEE-BASELINE]
SCORE    : anomaly_score=10.912
DECISION : ALLOW
------------------------------------------------------------
[SEQ 388] [LAYER 0]
CMD      : M104 S200
TRUST    : acc_cmd=0.000 | acc_exec=0.333 | trust=0.165
DECISION : PAUSE
MACHINE  : Machine-3
------------------------------------------------------------
[SEQ 388] [STATIC-BASELINE]
CMD      : M104 | effects={'M': 104.0, 'S': 200.0, 'prev_temp': 220.0}
DECISION : ALLOW
------------------------------------------------------------
[SEQ 388] [IEEE-BASELINE]
SCORE    : anomaly_score=11.820
DECISION : ALLOW
------------------------------------------------------------
[SEQ 389] [LAYER 0]
CMD      : G1 X164.49 Y116.847 E10.32012
TRUST    : acc_cmd=0.000 | acc_exec=0.000 | trust=0.244
DECISION : PAUSE
MACHINE  : Machine-3
------------------------------------------------------------
[SEQ 389] [STATIC-BASELINE]
CMD      : G1 | effects={'dx': 2.0740000000000123, 'dy': -1.304000000000002, 'dz': 0.0, 'de': 0.09954999999999892, 'xy_dist': 2.449875915225107, 'params': {'G': 1.0, 'X': 164.49, 'Y': 116.847, 'E': 10.32012}}
DECISION : ALLOW
------------------------------------------------------------
[SEQ 389] [IEEE-BASELINE]
SCORE    : anomaly_score=10.638
DECISION : ALLOW
------------------------------------------------------------
[SEQ 390] [LAYER 0]
CMD      : M104 S220
TRUST    : acc_cmd=0.000 | acc_exec=0.333 | trust=0.204
DECISION : PAUSE
MACHINE  : Machine-3
------------------------------------------------------------
[SEQ 390] [STATIC-BASELINE]
CMD      : M104 | effects={'M': 104.0, 'S': 220.0, 'prev_temp': 200.0}
DECISION : ALLOW
------------------------------------------------------------
[SEQ 390] [IEEE-BASELINE]
SCORE    : anomaly_score=11.575
DECISION : ALLOW
------------------------------------------------------------
[SEQ 391] [LAYER 0]
CMD      : G1 X166.143 Y117.015 E10.35163
TRUST    : acc_cmd=0.000 | acc_exec=0.000 | trust=0.294
DECISION : PAUSE
MACHINE  : Machine-3
------------------------------------------------------------
[SEQ 391] [STATIC-BASELINE]
CMD      : G1 | effects={'dx': 1.6529999999999916, 'dy': 0.16800000000000637, 'dz': 0.0, 'de': 0.031510000000000815, 'xy_dist': 1.6615152722740691, 'params': {'G': 1.0, 'X': 166.143, 'Y': 117.015, 'E': 10.35163}}
DECISION : ALLOW
------------------------------------------------------------
[SEQ 391] [IEEE-BASELINE]
SCORE    : anomaly_score=10.417
DECISION : ALLOW
------------------------------------------------------------
[SEQ 392] [LAYER 0]
CMD      : M104 S200
TRUST    : acc_cmd=0.000 | acc_exec=0.333 | trust=0.236
DECISION : PAUSE
MACHINE  : Machine-3
------------------------------------------------------------
[SEQ 392] [STATIC-BASELINE]
CMD      : M104 | effects={'M': 104.0, 'S': 200.0, 'prev_temp': 220.0}
DECISION : ALLOW
------------------------------------------------------------
[SEQ 392] [IEEE-BASELINE]
SCORE    : anomaly_score=11.375
DECISION : ALLOW
------------------------------------------------------------
[SEQ 393] [LAYER 0]
CMD      : M104 S220
TRUST    : acc_cmd=0.000 | acc_exec=0.333 | trust=0.178
DECISION : PAUSE
MACHINE  : Machine-3
------------------------------------------------------------
[SEQ 393] [STATIC-BASELINE]
CMD      : M104 | effects={'M': 104.0, 'S': 220.0, 'prev_temp': 200.0}
DECISION : ALLOW
------------------------------------------------------------
[SEQ 393] [IEEE-BASELINE]
SCORE    : anomaly_score=12.238
DECISION : ALLOW
------------------------------------------------------------
[SEQ 394] [LAYER 0]
CMD      : M104 S200
TRUST    : acc_cmd=0.000 | acc_exec=0.333 | trust=0.139
DECISION : PAUSE
MACHINE  : Machine-3
------------------------------------------------------------
[SEQ 394] [STATIC-BASELINE]
CMD      : M104 | effects={'M': 104.0, 'S': 200.0, 'prev_temp': 220.0}
DECISION : ALLOW
------------------------------------------------------------
[SEQ 394] [IEEE-BASELINE]
SCORE    : anomaly_score=13.014
DECISION : ALLOW
------------------------------------------------------------
[SEQ 395] [LAYER 0]
CMD      : M104 S220
TRUST    : acc_cmd=0.000 | acc_exec=0.333 | trust=0.115
DECISION : PAUSE
MACHINE  : Machine-3
------------------------------------------------------------
[SEQ 395] [STATIC-BASELINE]
CMD      : M104 | effects={'M': 104.0, 'S': 220.0, 'prev_temp': 200.0}
DECISION : ALLOW
------------------------------------------------------------
[SEQ 395] [IEEE-BASELINE]
SCORE    : anomaly_score=13.713
DECISION : ALLOW
------------------------------------------------------------
[SEQ 396] [LAYER 0]
CMD      : M104 S200
TRUST    : acc_cmd=0.000 | acc_exec=0.333 | trust=0.101
DECISION : PAUSE
MACHINE  : Machine-3
------------------------------------------------------------
[SEQ 396] [STATIC-BASELINE]
CMD      : M104 | effects={'M': 104.0, 'S': 200.0, 'prev_temp': 220.0}
DECISION : ALLOW
------------------------------------------------------------
[SEQ 396] [IEEE-BASELINE]
SCORE    : anomaly_score=14.341
DECISION : ALLOW
------------------------------------------------------------
[SEQ 397] [LAYER 0]
CMD      : M104 S220
TRUST    : acc_cmd=0.000 | acc_exec=0.333 | trust=0.093
DECISION : PAUSE
MACHINE  : Machine-3
------------------------------------------------------------
[SEQ 397] [STATIC-BASELINE]
CMD      : M104 | effects={'M': 104.0, 'S': 220.0, 'prev_temp': 200.0}
DECISION : ALLOW
------------------------------------------------------------
[SEQ 397] [IEEE-BASELINE]
SCORE    : anomaly_score=14.907
DECISION : ALLOW
------------------------------------------------------------
[SEQ 398] [LAYER 0]
CMD      : G1 X166.749 Y122.659 E10.48332
TRUST    : acc_cmd=0.000 | acc_exec=0.000 | trust=0.177
DECISION : PAUSE
MACHINE  : Machine-3
------------------------------------------------------------
[SEQ 398] [STATIC-BASELINE]
CMD      : G1 | effects={'dx': 0.6059999999999945, 'dy': 5.6440000000000055, 'dz': 0.0, 'de': 0.13169000000000075, 'xy_dist': 5.676440081600444, 'params': {'G': 1.0, 'X': 166.749, 'Y': 122.659, 'E': 10.48332}}
DECISION : ALLOW
------------------------------------------------------------
[SEQ 398] [IEEE-BASELINE]
SCORE    : anomaly_score=13.417
DECISION : ALLOW
------------------------------------------------------------
[SEQ 399] [LAYER 0]
CMD      : M104 S200
TRUST    : acc_cmd=0.000 | acc_exec=0.333 | trust=0.163
DECISION : PAUSE
MACHINE  : Machine-3
------------------------------------------------------------
[SEQ 399] [STATIC-BASELINE]
CMD      : M104 | effects={'M': 104.0, 'S': 200.0, 'prev_temp': 220.0}
DECISION : ALLOW
------------------------------------------------------------
[SEQ 399] [IEEE-BASELINE]
SCORE    : anomaly_score=14.075
DECISION : ALLOW
------------------------------------------------------------
[SEQ 400] [LAYER 0]
CMD      : M104 S220
TRUST    : acc_cmd=0.000 | acc_exec=0.333 | trust=0.137
DECISION : PAUSE
MACHINE  : Machine-3
------------------------------------------------------------
[SEQ 400] [STATIC-BASELINE]
CMD      : M104 | effects={'M': 104.0, 'S': 220.0, 'prev_temp': 200.0}
DECISION : ALLOW
------------------------------------------------------------
[SEQ 400] [IEEE-BASELINE]
SCORE    : anomaly_score=14.667
DECISION : ALLOW
------------------------------------------------------------
[SEQ 401] [LAYER 0]
CMD      : M104 S200
TRUST    : acc_cmd=0.000 | acc_exec=0.333 | trust=0.116
DECISION : PAUSE
MACHINE  : Machine-3
------------------------------------------------------------
[SEQ 401] [STATIC-BASELINE]
CMD      : M104 | effects={'M': 104.0, 'S': 200.0, 'prev_temp': 220.0}
DECISION : ALLOW
------------------------------------------------------------
[SEQ 401] [IEEE-BASELINE]
SCORE    : anomaly_score=15.201
DECISION : ALLOW
------------------------------------------------------------
[SEQ 402] [LAYER 0]
CMD      : G1 X163.675 Y122.904 E10.54385
TRUST    : acc_cmd=0.000 | acc_exec=0.000 | trust=0.200
DECISION : PAUSE
MACHINE  : Machine-3
------------------------------------------------------------
[SEQ 402] [STATIC-BASELINE]
CMD      : G1 | effects={'dx': -3.073999999999984, 'dy': 0.24499999999999034, 'dz': 0.0, 'de': 0.06052999999999997, 'xy_dist': 3.083747882042223, 'params': {'G': 1.0, 'X': 163.675, 'Y': 122.904, 'E': 10.54385}}
DECISION : ALLOW
------------------------------------------------------------
[SEQ 402] [IEEE-BASELINE]
SCORE    : anomaly_score=13.681
DECISION : ALLOW
------------------------------------------------------------
[SEQ 403] [LAYER 0]
CMD      : M104 S220
TRUST    : acc_cmd=0.000 | acc_exec=0.333 | trust=0.177
DECISION : PAUSE
MACHINE  : Machine-3
------------------------------------------------------------
[SEQ 403] [STATIC-BASELINE]
CMD      : M104 | effects={'M': 104.0, 'S': 220.0, 'prev_temp': 200.0}
DECISION : ALLOW
------------------------------------------------------------
[SEQ 403] [IEEE-BASELINE]
SCORE    : anomaly_score=14.313
DECISION : ALLOW
------------------------------------------------------------
[SEQ 404] [LAYER 0]
CMD      : G1 X162.108 Y121.414 E10.58517
TRUST    : acc_cmd=0.000 | acc_exec=0.000 | trust=0.272
DECISION : PAUSE
MACHINE  : Machine-3
------------------------------------------------------------
[SEQ 404] [STATIC-BASELINE]
CMD      : G1 | effects={'dx': -1.5670000000000073, 'dy': -1.4899999999999949, 'dz': 0.0, 'de': 0.04131999999999891, 'xy_dist': 2.1623110322060533, 'params': {'G': 1.0, 'X': 162.108, 'Y': 121.414, 'E': 10.58517}}
DECISION : ALLOW
------------------------------------------------------------
[SEQ 404] [IEEE-BASELINE]
SCORE    : anomaly_score=12.881
DECISION : ALLOW
------------------------------------------------------------
[SEQ 405] [LAYER 0]
CMD      : G1 X161.844 Y120.481 E10.60341
TRUST    : acc_cmd=0.000 | acc_exec=0.000 | trust=0.421
DECISION : PAUSE
MACHINE  : Machine-3
------------------------------------------------------------
[SEQ 405] [STATIC-BASELINE]
CMD      : G1 | effects={'dx': -0.26400000000001, 'dy': -0.9330000000000069, 'dz': 0.0, 'de': 0.018240000000000478, 'xy_dist': 0.969631373254815, 'params': {'G': 1.0, 'X': 161.844, 'Y': 120.481, 'E': 10.60341}}
DECISION : ALLOW
------------------------------------------------------------
[SEQ 405] [IEEE-BASELINE]
SCORE    : anomaly_score=11.593
DECISION : ALLOW
------------------------------------------------------------
[SEQ 406] [LAYER 0]
CMD      : G1 X161.829 Y119.486 E10.62213
TRUST    : acc_cmd=0.000 | acc_exec=0.000 | trust=0.573
DECISION : ALLOW
MACHINE  : Machine-3
------------------------------------------------------------
[SEQ 406] [STATIC-BASELINE]
CMD      : G1 | effects={'dx': -0.014999999999986358, 'dy': -0.9949999999999903, 'dz': 0.0, 'de': 0.01872000000000007, 'xy_dist': 0.9951130589033491, 'params': {'G': 1.0, 'X': 161.829, 'Y': 119.486, 'E': 10.62213}}
DECISION : ALLOW
------------------------------------------------------------
[SEQ 406] [IEEE-BASELINE]
SCORE    : anomaly_score=10.434
DECISION : ALLOW
------------------------------------------------------------
[SEQ 407] [LAYER 0]
CMD      : M104 S200
TRUST    : acc_cmd=0.000 | acc_exec=0.333 | trust=0.404
DECISION : PAUSE
MACHINE  : Machine-3
------------------------------------------------------------
[SEQ 407] [STATIC-BASELINE]
CMD      : M104 | effects={'M': 104.0, 'S': 200.0, 'prev_temp': 220.0}
DECISION : ALLOW
------------------------------------------------------------
[SEQ 407] [IEEE-BASELINE]
SCORE    : anomaly_score=11.390
DECISION : ALLOW
------------------------------------------------------------
[SEQ 408] [LAYER 0]
CMD      : M104 S220
TRUST    : acc_cmd=0.000 | acc_exec=0.333 | trust=0.267
DECISION : PAUSE
MACHINE  : Machine-3
------------------------------------------------------------
[SEQ 408] [STATIC-BASELINE]
CMD      : M104 | effects={'M': 104.0, 'S': 220.0, 'prev_temp': 200.0}
DECISION : ALLOW
------------------------------------------------------------
[SEQ 408] [IEEE-BASELINE]
SCORE    : anomaly_score=12.251
DECISION : ALLOW
------------------------------------------------------------
[SEQ 409] [LAYER 0]
CMD      : M104 S200
TRUST    : acc_cmd=0.000 | acc_exec=0.333 | trust=0.184
DECISION : PAUSE
MACHINE  : Machine-3
------------------------------------------------------------
[SEQ 409] [STATIC-BASELINE]
CMD      : M104 | effects={'M': 104.0, 'S': 200.0, 'prev_temp': 220.0}
DECISION : ALLOW
------------------------------------------------------------
[SEQ 409] [IEEE-BASELINE]
SCORE    : anomaly_score=13.026
DECISION : ALLOW
------------------------------------------------------------
[SEQ 410] [LAYER 0]
CMD      : M104 S220
TRUST    : acc_cmd=0.000 | acc_exec=0.333 | trust=0.138
DECISION : PAUSE
MACHINE  : Machine-3
------------------------------------------------------------
[SEQ 410] [STATIC-BASELINE]
CMD      : M104 | effects={'M': 104.0, 'S': 220.0, 'prev_temp': 200.0}
DECISION : ALLOW
------------------------------------------------------------
[SEQ 410] [IEEE-BASELINE]
SCORE    : anomaly_score=13.724
DECISION : ALLOW
------------------------------------------------------------
[SEQ 411] [LAYER 0]
CMD      : M104 S200
TRUST    : acc_cmd=0.000 | acc_exec=0.333 | trust=0.113
DECISION : PAUSE
MACHINE  : Machine-3
------------------------------------------------------------
[SEQ 411] [STATIC-BASELINE]
CMD      : M104 | effects={'M': 104.0, 'S': 200.0, 'prev_temp': 220.0}
DECISION : ALLOW
------------------------------------------------------------
[SEQ 411] [IEEE-BASELINE]
SCORE    : anomaly_score=14.351
DECISION : ALLOW
------------------------------------------------------------
[SEQ 412] [LAYER 0]
CMD      : M104 S220
TRUST    : acc_cmd=0.000 | acc_exec=0.333 | trust=0.100
DECISION : PAUSE
MACHINE  : Machine-3
------------------------------------------------------------
[SEQ 412] [STATIC-BASELINE]
CMD      : M104 | effects={'M': 104.0, 'S': 220.0, 'prev_temp': 200.0}
DECISION : ALLOW
------------------------------------------------------------
[SEQ 412] [IEEE-BASELINE]
SCORE    : anomaly_score=14.916
DECISION : ALLOW
------------------------------------------------------------
[SEQ 413] [LAYER 0]
CMD      : M104 S200
TRUST    : acc_cmd=0.000 | acc_exec=0.333 | trust=0.092
DECISION : PAUSE
MACHINE  : Machine-3
------------------------------------------------------------
[SEQ 413] [STATIC-BASELINE]
CMD      : M104 | effects={'M': 104.0, 'S': 200.0, 'prev_temp': 220.0}
DECISION : ALLOW
------------------------------------------------------------
[SEQ 413] [IEEE-BASELINE]
SCORE    : anomaly_score=15.425
DECISION : ALLOW
------------------------------------------------------------
[SEQ 414] [LAYER 0]
CMD      : M104 S220
TRUST    : acc_cmd=0.000 | acc_exec=0.333 | trust=0.088
DECISION : PAUSE
MACHINE  : Machine-3
------------------------------------------------------------
[SEQ 414] [STATIC-BASELINE]
CMD      : M104 | effects={'M': 104.0, 'S': 220.0, 'prev_temp': 200.0}
DECISION : ALLOW
------------------------------------------------------------
[SEQ 414] [IEEE-BASELINE]
SCORE    : anomaly_score=15.882
DECISION : ALLOW
------------------------------------------------------------
[SEQ 415] [LAYER 0]
CMD      : M104 S200
TRUST    : acc_cmd=0.000 | acc_exec=0.333 | trust=0.085
DECISION : PAUSE
MACHINE  : Machine-3
------------------------------------------------------------
[SEQ 415] [STATIC-BASELINE]
CMD      : M104 | effects={'M': 104.0, 'S': 200.0, 'prev_temp': 220.0}
DECISION : ALLOW
------------------------------------------------------------
[SEQ 415] [IEEE-BASELINE]
SCORE    : anomaly_score=16.294
DECISION : ALLOW
------------------------------------------------------------
[SEQ 416] [LAYER 0]
CMD      : G1 X167.434 Y118.603 E10.7554
TRUST    : acc_cmd=0.000 | acc_exec=0.000 | trust=0.170
DECISION : PAUSE
MACHINE  : Machine-3
------------------------------------------------------------
[SEQ 416] [STATIC-BASELINE]
CMD      : G1 | effects={'dx': 5.60499999999999, 'dy': -0.8830000000000098, 'dz': 0.0, 'de': 0.13326999999999956, 'xy_dist': 5.674126716949481, 'params': {'G': 1.0, 'X': 167.434, 'Y': 118.603, 'E': 10.7554}}
DECISION : ALLOW
------------------------------------------------------------
[SEQ 416] [IEEE-BASELINE]
SCORE    : anomaly_score=14.664
DECISION : ALLOW
------------------------------------------------------------
[SEQ 417] [LAYER 0]
CMD      : M104 S220
TRUST    : acc_cmd=0.000 | acc_exec=0.333 | trust=0.158
DECISION : PAUSE
MACHINE  : Machine-3
------------------------------------------------------------
[SEQ 417] [STATIC-BASELINE]
CMD      : M104 | effects={'M': 104.0, 'S': 220.0, 'prev_temp': 200.0}
DECISION : ALLOW
------------------------------------------------------------
[SEQ 417] [IEEE-BASELINE]
SCORE    : anomaly_score=15.198
DECISION : ALLOW
------------------------------------------------------------
[SEQ 418] [LAYER 0]
CMD      : M104 S200
TRUST    : acc_cmd=0.000 | acc_exec=0.333 | trust=0.134
DECISION : PAUSE
MACHINE  : Machine-3
------------------------------------------------------------
[SEQ 418] [STATIC-BASELINE]
CMD      : M104 | effects={'M': 104.0, 'S': 200.0, 'prev_temp': 220.0}
DECISION : ALLOW
------------------------------------------------------------
[SEQ 418] [IEEE-BASELINE]
SCORE    : anomaly_score=15.678
DECISION : ALLOW
------------------------------------------------------------
[SEQ 419] [LAYER 0]
CMD      : M104 S220
TRUST    : acc_cmd=0.000 | acc_exec=0.333 | trust=0.115
DECISION : PAUSE
MACHINE  : Machine-3
------------------------------------------------------------
[SEQ 419] [STATIC-BASELINE]
CMD      : M104 | effects={'M': 104.0, 'S': 220.0, 'prev_temp': 200.0}
DECISION : ALLOW
------------------------------------------------------------
[SEQ 419] [IEEE-BASELINE]
SCORE    : anomaly_score=16.110
DECISION : ALLOW
------------------------------------------------------------
[SEQ 420] [LAYER 0]
CMD      : M104 S200
TRUST    : acc_cmd=0.000 | acc_exec=0.333 | trust=0.102
DECISION : PAUSE
MACHINE  : Machine-3
------------------------------------------------------------
[SEQ 420] [STATIC-BASELINE]
CMD      : M104 | effects={'M': 104.0, 'S': 200.0, 'prev_temp': 220.0}
DECISION : ALLOW
------------------------------------------------------------
[SEQ 420] [IEEE-BASELINE]
SCORE    : anomaly_score=16.499
DECISION : ALLOW
------------------------------------------------------------
[SEQ 421] [LAYER 0]
CMD      : M104 S220
TRUST    : acc_cmd=0.000 | acc_exec=0.333 | trust=0.094
DECISION : PAUSE
MACHINE  : Machine-3
------------------------------------------------------------
[SEQ 421] [STATIC-BASELINE]
CMD      : M104 | effects={'M': 104.0, 'S': 220.0, 'prev_temp': 200.0}
DECISION : ALLOW
------------------------------------------------------------
[SEQ 421] [IEEE-BASELINE]
SCORE    : anomaly_score=16.849
DECISION : ALLOW
------------------------------------------------------------
[SEQ 422] [LAYER 0]
CMD      : M104 S200
TRUST    : acc_cmd=0.000 | acc_exec=0.333 | trust=0.089
DECISION : PAUSE
MACHINE  : Machine-3
------------------------------------------------------------
[SEQ 422] [STATIC-BASELINE]
CMD      : M104 | effects={'M': 104.0, 'S': 200.0, 'prev_temp': 220.0}
DECISION : ALLOW
------------------------------------------------------------
[SEQ 422] [IEEE-BASELINE]
SCORE    : anomaly_score=17.164
DECISION : ALLOW
------------------------------------------------------------
[SEQ 423] [LAYER 0]
CMD      : G1 X165.426 Y122.757 E10.85697
TRUST    : acc_cmd=0.000 | acc_exec=0.000 | trust=0.173
DECISION : PAUSE
MACHINE  : Machine-3
------------------------------------------------------------
[SEQ 423] [STATIC-BASELINE]
CMD      : G1 | effects={'dx': -2.0080000000000098, 'dy': 4.154000000000011, 'dz': 0.0, 'de': 0.1015700000000006, 'xy_dist': 4.613868225253093, 'params': {'G': 1.0, 'X': 165.426, 'Y': 122.757, 'E': 10.85697}}
DECISION : ALLOW
------------------------------------------------------------
[SEQ 423] [IEEE-BASELINE]
SCORE    : anomaly_score=15.448
DECISION : ALLOW
------------------------------------------------------------
[SEQ 424] [LAYER 0]
CMD      : G1 X164.608 Y122.774 E10.87236
TRUST    : acc_cmd=0.000 | acc_exec=0.000 | trust=0.318
DECISION : PAUSE
MACHINE  : Machine-3
------------------------------------------------------------
[SEQ 424] [STATIC-BASELINE]
CMD      : G1 | effects={'dx': -0.8179999999999836, 'dy': 0.016999999999995907, 'dz': 0.0, 'de': 0.015390000000000015, 'xy_dist': 0.8181766312966736, 'params': {'G': 1.0, 'X': 164.608, 'Y': 122.774, 'E': 10.87236}}
DECISION : ALLOW
------------------------------------------------------------
[SEQ 424] [IEEE-BASELINE]
SCORE    : anomaly_score=13.903
DECISION : ALLOW
------------------------------------------------------------
[SEQ 425] [LAYER 0]
CMD      : M104 S220
TRUST    : acc_cmd=0.000 | acc_exec=0.333 | trust=0.257
DECISION : PAUSE
MACHINE  : Machine-3
------------------------------------------------------------
[SEQ 425] [STATIC-BASELINE]
CMD      : M104 | effects={'M': 104.0, 'S': 220.0, 'prev_temp': 200.0}
DECISION : ALLOW
------------------------------------------------------------
[SEQ 425] [IEEE-BASELINE]
SCORE    : anomaly_score=14.513
DECISION : ALLOW
------------------------------------------------------------
[SEQ 426] [LAYER 0]
CMD      : G1 X163.103 Y122.066 E10.90393
TRUST    : acc_cmd=0.000 | acc_exec=0.000 | trust=0.342
DECISION : PAUSE
MACHINE  : Machine-3
------------------------------------------------------------
[SEQ 426] [STATIC-BASELINE]
CMD      : G1 | effects={'dx': -1.5049999999999955, 'dy': -0.7079999999999984, 'dz': 0.0, 'de': 0.03157000000000032, 'xy_dist': 1.6632164621599872, 'params': {'G': 1.0, 'X': 163.103, 'Y': 122.066, 'E': 10.90393}}
DECISION : ALLOW
------------------------------------------------------------
[SEQ 426] [IEEE-BASELINE]
SCORE    : anomaly_score=13.062
DECISION : ALLOW
------------------------------------------------------------
[SEQ 427] [LAYER 0]
CMD      : M104 S200
TRUST    : acc_cmd=0.000 | acc_exec=0.333 | trust=0.264
DECISION : PAUSE
MACHINE  : Machine-3
------------------------------------------------------------
[SEQ 427] [STATIC-BASELINE]
CMD      : M104 | effects={'M': 104.0, 'S': 200.0, 'prev_temp': 220.0}
DECISION : ALLOW
------------------------------------------------------------
[SEQ 427] [IEEE-BASELINE]
SCORE    : anomaly_score=13.755
DECISION : ALLOW
------------------------------------------------------------
[SEQ 428] [LAYER 0]
CMD      : G1 X162.243 Y120.422 E10.93943
TRUST    : acc_cmd=0.000 | acc_exec=0.000 | trust=0.342
DECISION : PAUSE
MACHINE  : Machine-3
------------------------------------------------------------
[SEQ 428] [STATIC-BASELINE]
CMD      : G1 | effects={'dx': -0.8600000000000136, 'dy': -1.6440000000000055, 'dz': 0.0, 'de': 0.03549999999999898, 'xy_dist': 1.855353335621019, 'params': {'G': 1.0, 'X': 162.243, 'Y': 120.422, 'E': 10.93943}}
DECISION : ALLOW
------------------------------------------------------------
[SEQ 428] [IEEE-BASELINE]
SCORE    : anomaly_score=12.380
DECISION : ALLOW
------------------------------------------------------------
[SEQ 429] [LAYER 0]
CMD      : G1 X162.23 Y119.554 E10.95576
TRUST    : acc_cmd=0.000 | acc_exec=0.000 | trust=0.480
DECISION : PAUSE
MACHINE  : Machine-3
------------------------------------------------------------
[SEQ 429] [STATIC-BASELINE]
CMD      : G1 | effects={'dx': -0.01300000000000523, 'dy': -0.867999999999995, 'dz': 0.0, 'de': 0.016329999999999956, 'xy_dist': 0.8680973447718818, 'params': {'G': 1.0, 'X': 162.23, 'Y': 119.554, 'E': 10.95576}}
DECISION : ALLOW
------------------------------------------------------------
[SEQ 429] [IEEE-BASELINE]
SCORE    : anomaly_score=11.142
DECISION : ALLOW
------------------------------------------------------------
[SEQ 430] [LAYER 0]
CMD      : M104 S220
TRUST    : acc_cmd=0.000 | acc_exec=0.333 | trust=0.350
DECISION : PAUSE
MACHINE  : Machine-3
------------------------------------------------------------
[SEQ 430] [STATIC-BASELINE]
CMD      : M104 | effects={'M': 104.0, 'S': 220.0, 'prev_temp': 200.0}
DECISION : ALLOW
------------------------------------------------------------
[SEQ 430] [IEEE-BASELINE]
SCORE    : anomaly_score=12.028
DECISION : ALLOW
------------------------------------------------------------
[SEQ 431] [LAYER 0]
CMD      : G1 X162.709 Y118.424 E10.97893
TRUST    : acc_cmd=0.000 | acc_exec=0.000 | trust=0.409
DECISION : PAUSE
MACHINE  : Machine-3
------------------------------------------------------------
[SEQ 431] [STATIC-BASELINE]
CMD      : G1 | effects={'dx': 0.4790000000000134, 'dy': -1.1299999999999955, 'dz': 0.0, 'de': 0.023170000000000357, 'xy_dist': 1.2273308437418178, 'params': {'G': 1.0, 'X': 162.709, 'Y': 118.424, 'E': 10.97893}}
DECISION : ALLOW
------------------------------------------------------------
[SEQ 431] [IEEE-BASELINE]
SCORE    : anomaly_score=10.825
DECISION : ALLOW
------------------------------------------------------------
[SEQ 432] [LAYER 0]
CMD      : M104 S200
TRUST    : acc_cmd=0.000 | acc_exec=0.333 | trust=0.300
DECISION : PAUSE
MACHINE  : Machine-3
------------------------------------------------------------
[SEQ 432] [STATIC-BASELINE]
CMD      : M104 | effects={'M': 104.0, 'S': 200.0, 'prev_temp': 220.0}
DECISION : ALLOW
------------------------------------------------------------
[SEQ 432] [IEEE-BASELINE]
SCORE    : anomaly_score=11.742
DECISION : ALLOW
------------------------------------------------------------
[SEQ 433] [LAYER 0]
CMD      : G1 F1800 X163.597 Y118.058 E10.99536
TRUST    : acc_cmd=0.000 | acc_exec=0.000 | trust=0.367
DECISION : PAUSE
MACHINE  : Machine-3
------------------------------------------------------------
[SEQ 433] [STATIC-BASELINE]
CMD      : G1 | effects={'dx': 0.8880000000000052, 'dy': -0.36599999999999966, 'dz': 0.0, 'de': 0.016429999999999723, 'xy_dist': 0.960468635614932, 'params': {'G': 1.0, 'F': 1800.0, 'X': 163.597, 'Y': 118.058, 'E': 10.99536}}
DECISION : ALLOW
------------------------------------------------------------
[SEQ 433] [IEEE-BASELINE]
SCORE    : anomaly_score=10.568
DECISION : ALLOW
------------------------------------------------------------
[SEQ 434] [LAYER 0]
CMD      : M104 S220
TRUST    : acc_cmd=0.000 | acc_exec=0.333 | trust=0.276
DECISION : PAUSE
MACHINE  : Machine-3
------------------------------------------------------------
[SEQ 434] [STATIC-BASELINE]
CMD      : M104 | effects={'M': 104.0, 'S': 220.0, 'prev_temp': 200.0}
DECISION : ALLOW
------------------------------------------------------------
[SEQ 434] [IEEE-BASELINE]
SCORE    : anomaly_score=11.511
DECISION : ALLOW
------------------------------------------------------------
[SEQ 435] [LAYER 0]
CMD      : G1 X164.604 Y117.645 E11.01593
TRUST    : acc_cmd=0.000 | acc_exec=0.000 | trust=0.350
DECISION : PAUSE
MACHINE  : Machine-3
------------------------------------------------------------
[SEQ 435] [STATIC-BASELINE]
CMD      : G1 | effects={'dx': 1.007000000000005, 'dy': -0.4130000000000109, 'dz': 0.0, 'de': 0.020570000000001087, 'xy_dist': 1.0884015803002214, 'params': {'G': 1.0, 'X': 164.604, 'Y': 117.645, 'E': 11.01593}}
DECISION : ALLOW
------------------------------------------------------------
[SEQ 435] [IEEE-BASELINE]
SCORE    : anomaly_score=10.360
DECISION : ALLOW
------------------------------------------------------------
[SEQ 436] [LAYER 0]
CMD      : M104 S200
TRUST    : acc_cmd=0.000 | acc_exec=0.333 | trust=0.267
DECISION : PAUSE
MACHINE  : Machine-3
------------------------------------------------------------
[SEQ 436] [STATIC-BASELINE]
CMD      : M104 | effects={'M': 104.0, 'S': 200.0, 'prev_temp': 220.0}
DECISION : ALLOW
------------------------------------------------------------
[SEQ 436] [IEEE-BASELINE]
SCORE    : anomaly_score=11.324
DECISION : ALLOW
------------------------------------------------------------
[SEQ 437] [LAYER 0]
CMD      : M104 S220
TRUST    : acc_cmd=0.000 | acc_exec=0.333 | trust=0.194
DECISION : PAUSE
MACHINE  : Machine-3
------------------------------------------------------------
[SEQ 437] [STATIC-BASELINE]
CMD      : M104 | effects={'M': 104.0, 'S': 220.0, 'prev_temp': 200.0}
DECISION : ALLOW
------------------------------------------------------------
[SEQ 437] [IEEE-BASELINE]
SCORE    : anomaly_score=12.192
DECISION : ALLOW
------------------------------------------------------------
[SEQ 438] [LAYER 0]
CMD      : M104 S200
TRUST    : acc_cmd=0.000 | acc_exec=0.333 | trust=0.147
DECISION : PAUSE
MACHINE  : Machine-3
------------------------------------------------------------
[SEQ 438] [STATIC-BASELINE]
CMD      : M104 | effects={'M': 104.0, 'S': 200.0, 'prev_temp': 220.0}
DECISION : ALLOW
------------------------------------------------------------
[SEQ 438] [IEEE-BASELINE]
SCORE    : anomaly_score=12.973
DECISION : ALLOW
------------------------------------------------------------
[SEQ 439] [LAYER 0]
CMD      : M104 S220
TRUST    : acc_cmd=0.000 | acc_exec=0.333 | trust=0.119
DECISION : PAUSE
MACHINE  : Machine-3
------------------------------------------------------------
[SEQ 439] [STATIC-BASELINE]
CMD      : M104 | effects={'M': 104.0, 'S': 220.0, 'prev_temp': 200.0}
DECISION : ALLOW
------------------------------------------------------------
[SEQ 439] [IEEE-BASELINE]
SCORE    : anomaly_score=13.675
DECISION : ALLOW
------------------------------------------------------------
[SEQ 440] [LAYER 0]
CMD      : M104 S200
TRUST    : acc_cmd=0.000 | acc_exec=0.333 | trust=0.103
DECISION : PAUSE
MACHINE  : Machine-3
------------------------------------------------------------
[SEQ 440] [STATIC-BASELINE]
CMD      : M104 | effects={'M': 104.0, 'S': 200.0, 'prev_temp': 220.0}
DECISION : ALLOW
------------------------------------------------------------
[SEQ 440] [IEEE-BASELINE]
SCORE    : anomaly_score=14.308
DECISION : ALLOW
------------------------------------------------------------
[SEQ 441] [LAYER 0]
CMD      : M104 S220
TRUST    : acc_cmd=0.000 | acc_exec=0.333 | trust=0.094
DECISION : PAUSE
MACHINE  : Machine-3
------------------------------------------------------------
[SEQ 441] [STATIC-BASELINE]
CMD      : M104 | effects={'M': 104.0, 'S': 220.0, 'prev_temp': 200.0}
DECISION : ALLOW
------------------------------------------------------------
[SEQ 441] [IEEE-BASELINE]
SCORE    : anomaly_score=14.877
DECISION : ALLOW
------------------------------------------------------------
[SEQ 442] [LAYER 0]
CMD      : M104 S200
TRUST    : acc_cmd=0.000 | acc_exec=0.333 | trust=0.089
DECISION : PAUSE
MACHINE  : Machine-3
------------------------------------------------------------
[SEQ 442] [STATIC-BASELINE]
CMD      : M104 | effects={'M': 104.0, 'S': 200.0, 'prev_temp': 220.0}
DECISION : ALLOW
------------------------------------------------------------
[SEQ 442] [IEEE-BASELINE]
SCORE    : anomaly_score=15.389
DECISION : ALLOW
------------------------------------------------------------
[SEQ 443] [LAYER 0]
CMD      : M104 S220
TRUST    : acc_cmd=0.000 | acc_exec=0.333 | trust=0.086
DECISION : PAUSE
MACHINE  : Machine-3
------------------------------------------------------------
[SEQ 443] [STATIC-BASELINE]
CMD      : M104 | effects={'M': 104.0, 'S': 220.0, 'prev_temp': 200.0}
DECISION : ALLOW
------------------------------------------------------------
[SEQ 443] [IEEE-BASELINE]
SCORE    : anomaly_score=15.850
DECISION : ALLOW
------------------------------------------------------------
[SEQ 444] [LAYER 0]
CMD      : G1 X166.279 Y122.015 E11.13888
TRUST    : acc_cmd=0.000 | acc_exec=0.000 | trust=0.171
DECISION : PAUSE
MACHINE  : Machine-3
------------------------------------------------------------
[SEQ 444] [STATIC-BASELINE]
CMD      : G1 | effects={'dx': 1.674999999999983, 'dy': 4.3700000000000045, 'dz': 0.0, 'de': 0.12294999999999945, 'xy_dist': 4.680013354681798, 'params': {'G': 1.0, 'X': 166.279, 'Y': 122.015, 'E': 11.13888}}
DECISION : ALLOW
------------------------------------------------------------
[SEQ 444] [IEEE-BASELINE]
SCORE    : anomaly_score=14.265
DECISION : ALLOW
------------------------------------------------------------
[SEQ 445] [LAYER 0]
CMD      : G1 X166.038 Y122.163 E11.1442
TRUST    : acc_cmd=0.000 | acc_exec=0.000 | trust=0.314
DECISION : PAUSE
MACHINE  : Machine-3
------------------------------------------------------------
[SEQ 445] [STATIC-BASELINE]
CMD      : G1 | effects={'dx': -0.24099999999998545, 'dy': 0.14799999999999613, 'dz': 0.0, 'de': 0.005319999999999325, 'xy_dist': 0.2828161947272324, 'params': {'G': 1.0, 'X': 166.038, 'Y': 122.163, 'E': 11.1442}}
DECISION : ALLOW
------------------------------------------------------------
[SEQ 445] [IEEE-BASELINE]
SCORE    : anomaly_score=12.839
DECISION : ALLOW
------------------------------------------------------------
[SEQ 446] [LAYER 0]
CMD      : M104 S200
TRUST    : acc_cmd=0.000 | acc_exec=0.333 | trust=0.255
DECISION : PAUSE
MACHINE  : Machine-3
------------------------------------------------------------
[SEQ 446] [STATIC-BASELINE]
CMD      : M104 | effects={'M': 104.0, 'S': 200.0, 'prev_temp': 220.0}
DECISION : ALLOW
------------------------------------------------------------
[SEQ 446] [IEEE-BASELINE]
SCORE    : anomaly_score=13.555
DECISION : ALLOW
------------------------------------------------------------
[SEQ 447] [LAYER 0]
CMD      : M104 S220
TRUST    : acc_cmd=0.000 | acc_exec=0.333 | trust=0.190
DECISION : PAUSE
MACHINE  : Machine-3
------------------------------------------------------------
[SEQ 447] [STATIC-BASELINE]
CMD      : M104 | effects={'M': 104.0, 'S': 220.0, 'prev_temp': 200.0}
DECISION : ALLOW
------------------------------------------------------------
[SEQ 447] [IEEE-BASELINE]
SCORE    : anomaly_score=14.199
DECISION : ALLOW
------------------------------------------------------------
[SEQ 448] [LAYER 0]
CMD      : M104 S200
TRUST    : acc_cmd=0.000 | acc_exec=0.333 | trust=0.146
DECISION : PAUSE
MACHINE  : Machine-3
------------------------------------------------------------
[SEQ 448] [STATIC-BASELINE]
CMD      : M104 | effects={'M': 104.0, 'S': 200.0, 'prev_temp': 220.0}
DECISION : ALLOW
------------------------------------------------------------
[SEQ 448] [IEEE-BASELINE]
SCORE    : anomaly_score=14.780
DECISION : ALLOW
------------------------------------------------------------
[SEQ 449] [LAYER 0]
CMD      : M104 S220
TRUST    : acc_cmd=0.000 | acc_exec=0.333 | trust=0.119
DECISION : PAUSE
MACHINE  : Machine-3
------------------------------------------------------------
[SEQ 449] [STATIC-BASELINE]
CMD      : M104 | effects={'M': 104.0, 'S': 220.0, 'prev_temp': 200.0}
DECISION : ALLOW
------------------------------------------------------------
[SEQ 449] [IEEE-BASELINE]
SCORE    : anomaly_score=15.302
DECISION : ALLOW
------------------------------------------------------------
[SEQ 450] [LAYER 0]
CMD      : M104 S200
TRUST    : acc_cmd=0.000 | acc_exec=0.333 | trust=0.103
DECISION : PAUSE
MACHINE  : Machine-3
------------------------------------------------------------
[SEQ 450] [STATIC-BASELINE]
CMD      : M104 | effects={'M': 104.0, 'S': 200.0, 'prev_temp': 220.0}
DECISION : ALLOW
------------------------------------------------------------
[SEQ 450] [IEEE-BASELINE]
SCORE    : anomaly_score=15.771
DECISION : ALLOW
------------------------------------------------------------
[SEQ 451] [LAYER 0]
CMD      : G1 X162.642 Y120.363 E11.22788
TRUST    : acc_cmd=0.000 | acc_exec=0.000 | trust=0.186
DECISION : PAUSE
MACHINE  : Machine-3
------------------------------------------------------------
[SEQ 451] [STATIC-BASELINE]
CMD      : G1 | effects={'dx': -3.396000000000015, 'dy': -1.7999999999999972, 'dz': 0.0, 'de': 0.08368000000000109, 'xy_dist': 3.8435421163296875, 'params': {'G': 1.0, 'X': 162.642, 'Y': 120.363, 'E': 11.22788}}
DECISION : ALLOW
------------------------------------------------------------
[SEQ 451] [IEEE-BASELINE]
SCORE    : anomaly_score=14.194
DECISION : ALLOW
------------------------------------------------------------
[SEQ 452] [LAYER 0]
CMD      : M104 S220
TRUST    : acc_cmd=0.000 | acc_exec=0.333 | trust=0.168
DECISION : PAUSE
MACHINE  : Machine-3
------------------------------------------------------------
[SEQ 452] [STATIC-BASELINE]
CMD      : M104 | effects={'M': 104.0, 'S': 220.0, 'prev_temp': 200.0}
DECISION : ALLOW
------------------------------------------------------------
[SEQ 452] [IEEE-BASELINE]
SCORE    : anomaly_score=14.775
DECISION : ALLOW
------------------------------------------------------------
[SEQ 453] [LAYER 0]
CMD      : M104 S200
TRUST    : acc_cmd=0.000 | acc_exec=0.333 | trust=0.140
DECISION : PAUSE
MACHINE  : Machine-3
------------------------------------------------------------
[SEQ 453] [STATIC-BASELINE]
CMD      : M104 | effects={'M': 104.0, 'S': 200.0, 'prev_temp': 220.0}
DECISION : ALLOW
------------------------------------------------------------
[SEQ 453] [IEEE-BASELINE]
SCORE    : anomaly_score=15.297
DECISION : ALLOW
------------------------------------------------------------
[SEQ 454] [LAYER 0]
CMD      : G1 X163.002 Y118.697 E11.26062
TRUST    : acc_cmd=0.000 | acc_exec=0.000 | trust=0.225
DECISION : PAUSE
MACHINE  : Machine-3
------------------------------------------------------------
[SEQ 454] [STATIC-BASELINE]
CMD      : G1 | effects={'dx': 0.36000000000001364, 'dy': -1.6659999999999968, 'dz': 0.0, 'de': 0.03273999999999866, 'xy_dist': 1.7044518180341734, 'params': {'G': 1.0, 'X': 163.002, 'Y': 118.697, 'E': 11.26062}}
DECISION : ALLOW
------------------------------------------------------------
[SEQ 454] [IEEE-BASELINE]
SCORE    : anomaly_score=13.768
DECISION : ALLOW
------------------------------------------------------------
[SEQ 455] [LAYER 0]
CMD      : M104 S220
TRUST    : acc_cmd=0.000 | acc_exec=0.333 | trust=0.193
DECISION : PAUSE
MACHINE  : Machine-3
------------------------------------------------------------
[SEQ 455] [STATIC-BASELINE]
CMD      : M104 | effects={'M': 104.0, 'S': 220.0, 'prev_temp': 200.0}
DECISION : ALLOW
------------------------------------------------------------
[SEQ 455] [IEEE-BASELINE]
SCORE    : anomaly_score=14.391
DECISION : ALLOW
------------------------------------------------------------
[SEQ 456] [LAYER 0]
CMD      : M104 S200
TRUST    : acc_cmd=0.000 | acc_exec=0.333 | trust=0.154
DECISION : PAUSE
MACHINE  : Machine-3
------------------------------------------------------------
[SEQ 456] [STATIC-BASELINE]
CMD      : M104 | effects={'M': 104.0, 'S': 200.0, 'prev_temp': 220.0}
DECISION : ALLOW
------------------------------------------------------------
[SEQ 456] [IEEE-BASELINE]
SCORE    : anomaly_score=14.952
DECISION : ALLOW
------------------------------------------------------------
[SEQ 457] [LAYER 0]
CMD      : M104 S220
TRUST    : acc_cmd=0.000 | acc_exec=0.333 | trust=0.126
DECISION : PAUSE
MACHINE  : Machine-3
------------------------------------------------------------
[SEQ 457] [STATIC-BASELINE]
CMD      : M104 | effects={'M': 104.0, 'S': 220.0, 'prev_temp': 200.0}
DECISION : ALLOW
------------------------------------------------------------
[SEQ 457] [IEEE-BASELINE]
SCORE    : anomaly_score=15.457
DECISION : ALLOW
------------------------------------------------------------
[SEQ 458] [LAYER 0]
CMD      : G1 X164.615 Y118.045 E11.29164
TRUST    : acc_cmd=0.000 | acc_exec=0.000 | trust=0.207
DECISION : PAUSE
MACHINE  : Machine-3
------------------------------------------------------------
[SEQ 458] [STATIC-BASELINE]
CMD      : G1 | effects={'dx': 1.6129999999999995, 'dy': -0.652000000000001, 'dz': 0.0, 'de': 0.031019999999999825, 'xy_dist': 1.7397910794115483, 'params': {'G': 1.0, 'X': 164.615, 'Y': 118.045, 'E': 11.29164}}
DECISION : ALLOW
------------------------------------------------------------
[SEQ 458] [IEEE-BASELINE]
SCORE    : anomaly_score=13.911
DECISION : ALLOW
------------------------------------------------------------
[SEQ 459] [LAYER 0]
CMD      : M104 S200
TRUST    : acc_cmd=0.000 | acc_exec=0.333 | trust=0.182
DECISION : PAUSE
MACHINE  : Machine-3
------------------------------------------------------------
[SEQ 459] [STATIC-BASELINE]
CMD      : M104 | effects={'M': 104.0, 'S': 200.0, 'prev_temp': 220.0}
DECISION : ALLOW
------------------------------------------------------------
[SEQ 459] [IEEE-BASELINE]
SCORE    : anomaly_score=14.520
DECISION : ALLOW
------------------------------------------------------------
[SEQ 460] [LAYER 0]
CMD      : M104 S220
TRUST    : acc_cmd=0.000 | acc_exec=0.333 | trust=0.147
DECISION : PAUSE
MACHINE  : Machine-3
------------------------------------------------------------
[SEQ 460] [STATIC-BASELINE]
CMD      : M104 | effects={'M': 104.0, 'S': 220.0, 'prev_temp': 200.0}
DECISION : ALLOW
------------------------------------------------------------
[SEQ 460] [IEEE-BASELINE]
SCORE    : anomaly_score=15.068
DECISION : ALLOW
------------------------------------------------------------
[SEQ 461] [LAYER 0]
CMD      : M104 S200
TRUST    : acc_cmd=0.000 | acc_exec=0.333 | trust=0.122
DECISION : PAUSE
MACHINE  : Machine-3
------------------------------------------------------------
[SEQ 461] [STATIC-BASELINE]
CMD      : M104 | effects={'M': 104.0, 'S': 200.0, 'prev_temp': 220.0}
DECISION : ALLOW
------------------------------------------------------------
[SEQ 461] [IEEE-BASELINE]
SCORE    : anomaly_score=15.561
DECISION : ALLOW
------------------------------------------------------------
[SEQ 462] [LAYER 0]
CMD      : M104 S220
TRUST    : acc_cmd=0.000 | acc_exec=0.333 | trust=0.106
DECISION : PAUSE
MACHINE  : Machine-3
------------------------------------------------------------
[SEQ 462] [STATIC-BASELINE]
CMD      : M104 | effects={'M': 104.0, 'S': 220.0, 'prev_temp': 200.0}
DECISION : ALLOW
------------------------------------------------------------
[SEQ 462] [IEEE-BASELINE]
SCORE    : anomaly_score=16.005
DECISION : ALLOW
------------------------------------------------------------
[SEQ 463] [LAYER 0]
CMD      : M104 S200
TRUST    : acc_cmd=0.000 | acc_exec=0.333 | trust=0.096
DECISION : PAUSE
MACHINE  : Machine-3
------------------------------------------------------------
[SEQ 463] [STATIC-BASELINE]
CMD      : M104 | effects={'M': 104.0, 'S': 200.0, 'prev_temp': 220.0}
DECISION : ALLOW
------------------------------------------------------------
[SEQ 463] [IEEE-BASELINE]
SCORE    : anomaly_score=16.404
DECISION : ALLOW
------------------------------------------------------------
[SEQ 464] [LAYER 0]
CMD      : M104 S220
TRUST    : acc_cmd=0.000 | acc_exec=0.333 | trust=0.091
DECISION : PAUSE
MACHINE  : Machine-3
------------------------------------------------------------
[SEQ 464] [STATIC-BASELINE]
CMD      : M104 | effects={'M': 104.0, 'S': 220.0, 'prev_temp': 200.0}
DECISION : ALLOW
------------------------------------------------------------
[SEQ 464] [IEEE-BASELINE]
SCORE    : anomaly_score=16.764
DECISION : ALLOW
------------------------------------------------------------
[SEQ 465] [LAYER 0]
CMD      : M104 S200
TRUST    : acc_cmd=0.000 | acc_exec=0.333 | trust=0.087
DECISION : PAUSE
MACHINE  : Machine-3
------------------------------------------------------------
[SEQ 465] [STATIC-BASELINE]
CMD      : M104 | effects={'M': 104.0, 'S': 200.0, 'prev_temp': 220.0}
DECISION : ALLOW
------------------------------------------------------------
[SEQ 465] [IEEE-BASELINE]
SCORE    : anomaly_score=17.088
DECISION : ALLOW
------------------------------------------------------------
[SEQ 466] [LAYER 0]
CMD      : M104 S220
TRUST    : acc_cmd=0.000 | acc_exec=0.333 | trust=0.085
DECISION : PAUSE
MACHINE  : Machine-3
------------------------------------------------------------
[SEQ 466] [STATIC-BASELINE]
CMD      : M104 | effects={'M': 104.0, 'S': 220.0, 'prev_temp': 200.0}
DECISION : ALLOW
------------------------------------------------------------
[SEQ 466] [IEEE-BASELINE]
SCORE    : anomaly_score=17.379
DECISION : ALLOW
------------------------------------------------------------
[SEQ 467] [LAYER 0]
CMD      : G1 X166.016 Y121.714 E11.39599
TRUST    : acc_cmd=0.000 | acc_exec=0.000 | trust=0.169
DECISION : PAUSE
MACHINE  : Machine-3
------------------------------------------------------------
[SEQ 467] [STATIC-BASELINE]
CMD      : G1 | effects={'dx': 1.400999999999982, 'dy': 3.668999999999997, 'dz': 0.0, 'de': 0.10435000000000016, 'xy_dist': 3.9273861536650463, 'params': {'G': 1.0, 'X': 166.016, 'Y': 121.714, 'E': 11.39599}}
DECISION : ALLOW
------------------------------------------------------------
[SEQ 467] [IEEE-BASELINE]
SCORE    : anomaly_score=15.641
DECISION : ALLOW
------------------------------------------------------------
[SEQ 468] [LAYER 0]
CMD      : M104 S200
TRUST    : acc_cmd=0.000 | acc_exec=0.333 | trust=0.158
DECISION : PAUSE
MACHINE  : Machine-3
------------------------------------------------------------
[SEQ 468] [STATIC-BASELINE]
CMD      : M104 | effects={'M': 104.0, 'S': 200.0, 'prev_temp': 220.0}
DECISION : ALLOW
------------------------------------------------------------
[SEQ 468] [IEEE-BASELINE]
SCORE    : anomaly_score=16.077
DECISION : ALLOW
------------------------------------------------------------
[SEQ 469] [LAYER 0]
CMD      : M104 S220
TRUST    : acc_cmd=0.000 | acc_exec=0.333 | trust=0.134
DECISION : PAUSE
MACHINE  : Machine-3
------------------------------------------------------------
[SEQ 469] [STATIC-BASELINE]
CMD      : M104 | effects={'M': 104.0, 'S': 220.0, 'prev_temp': 200.0}
DECISION : ALLOW
------------------------------------------------------------
[SEQ 469] [IEEE-BASELINE]
SCORE    : anomaly_score=16.469
DECISION : ALLOW
------------------------------------------------------------
[SEQ 470] [LAYER 0]
CMD      : M104 S200
TRUST    : acc_cmd=0.000 | acc_exec=0.333 | trust=0.115
DECISION : PAUSE
MACHINE  : Machine-3
------------------------------------------------------------
[SEQ 470] [STATIC-BASELINE]
CMD      : M104 | effects={'M': 104.0, 'S': 200.0, 'prev_temp': 220.0}
DECISION : ALLOW
------------------------------------------------------------
[SEQ 470] [IEEE-BASELINE]
SCORE    : anomaly_score=16.822
DECISION : ALLOW
------------------------------------------------------------
[SEQ 471] [LAYER 0]
CMD      : M104 S220
TRUST    : acc_cmd=0.000 | acc_exec=0.333 | trust=0.102
DECISION : PAUSE
MACHINE  : Machine-3
------------------------------------------------------------
[SEQ 471] [STATIC-BASELINE]
CMD      : M104 | effects={'M': 104.0, 'S': 220.0, 'prev_temp': 200.0}
DECISION : ALLOW
------------------------------------------------------------
[SEQ 471] [IEEE-BASELINE]
SCORE    : anomaly_score=17.140
DECISION : ALLOW
------------------------------------------------------------
[SEQ 472] [LAYER 0]
CMD      : M104 S200
TRUST    : acc_cmd=0.000 | acc_exec=0.333 | trust=0.094
DECISION : PAUSE
MACHINE  : Machine-3
------------------------------------------------------------
[SEQ 472] [STATIC-BASELINE]
CMD      : M104 | effects={'M': 104.0, 'S': 200.0, 'prev_temp': 220.0}
DECISION : ALLOW
------------------------------------------------------------
[SEQ 472] [IEEE-BASELINE]
SCORE    : anomaly_score=17.426
DECISION : ALLOW
------------------------------------------------------------
[SEQ 473] [LAYER 0]
CMD      : G1 X163.203 Y120.872 E11.45766
TRUST    : acc_cmd=0.000 | acc_exec=0.000 | trust=0.178
DECISION : PAUSE
MACHINE  : Machine-3
------------------------------------------------------------
[SEQ 473] [STATIC-BASELINE]
CMD      : G1 | effects={'dx': -2.812999999999988, 'dy': -0.8419999999999987, 'dz': 0.0, 'de': 0.061670000000001224, 'xy_dist': 2.936312823934114, 'params': {'G': 1.0, 'X': 163.203, 'Y': 120.872, 'E': 11.45766}}
DECISION : ALLOW
------------------------------------------------------------
[SEQ 473] [IEEE-BASELINE]
SCORE    : anomaly_score=15.683
DECISION : ALLOW
------------------------------------------------------------
[SEQ 474] [LAYER 0]
CMD      : M104 S220
TRUST    : acc_cmd=0.000 | acc_exec=0.333 | trust=0.164
DECISION : PAUSE
MACHINE  : Machine-3
------------------------------------------------------------
[SEQ 474] [STATIC-BASELINE]
CMD      : M104 | effects={'M': 104.0, 'S': 220.0, 'prev_temp': 200.0}
DECISION : ALLOW
------------------------------------------------------------
[SEQ 474] [IEEE-BASELINE]
SCORE    : anomaly_score=16.115
DECISION : ALLOW
------------------------------------------------------------
[SEQ 475] [LAYER 0]
CMD      : M104 S200
TRUST    : acc_cmd=0.000 | acc_exec=0.333 | trust=0.137
DECISION : PAUSE
MACHINE  : Machine-3
------------------------------------------------------------
[SEQ 475] [STATIC-BASELINE]
CMD      : M104 | effects={'M': 104.0, 'S': 200.0, 'prev_temp': 220.0}
DECISION : ALLOW
------------------------------------------------------------
[SEQ 475] [IEEE-BASELINE]
SCORE    : anomaly_score=16.504
DECISION : ALLOW
------------------------------------------------------------
[SEQ 476] [LAYER 0]
CMD      : M104 S220
TRUST    : acc_cmd=0.000 | acc_exec=0.333 | trust=0.117
DECISION : PAUSE
MACHINE  : Machine-3
------------------------------------------------------------
[SEQ 476] [STATIC-BASELINE]
CMD      : M104 | effects={'M': 104.0, 'S': 220.0, 'prev_temp': 200.0}
DECISION : ALLOW
------------------------------------------------------------
[SEQ 476] [IEEE-BASELINE]
SCORE    : anomaly_score=16.853
DECISION : ALLOW
------------------------------------------------------------
[SEQ 477] [LAYER 0]
CMD      : M104 S200
TRUST    : acc_cmd=0.000 | acc_exec=0.333 | trust=0.103
DECISION : PAUSE
MACHINE  : Machine-3
------------------------------------------------------------
[SEQ 477] [STATIC-BASELINE]
CMD      : M104 | effects={'M': 104.0, 'S': 200.0, 'prev_temp': 220.0}
DECISION : ALLOW
------------------------------------------------------------
[SEQ 477] [IEEE-BASELINE]
SCORE    : anomaly_score=17.168
DECISION : ALLOW
------------------------------------------------------------
[SEQ 478] [LAYER 0]
CMD      : M104 S220
TRUST    : acc_cmd=0.000 | acc_exec=0.333 | trust=0.095
DECISION : PAUSE
MACHINE  : Machine-3
------------------------------------------------------------
[SEQ 478] [STATIC-BASELINE]
CMD      : M104 | effects={'M': 104.0, 'S': 220.0, 'prev_temp': 200.0}
DECISION : ALLOW
------------------------------------------------------------
[SEQ 478] [IEEE-BASELINE]
SCORE    : anomaly_score=17.451
DECISION : ALLOW
------------------------------------------------------------
[SEQ 479] [LAYER 0]
CMD      : G1 X164.724 Y118.842 E11.51357
TRUST    : acc_cmd=0.000 | acc_exec=0.000 | trust=0.178
DECISION : PAUSE
MACHINE  : Machine-3
------------------------------------------------------------
[SEQ 479] [STATIC-BASELINE]
CMD      : G1 | effects={'dx': 1.5209999999999866, 'dy': -2.030000000000001, 'dz': 0.0, 'de': 0.055909999999999016, 'xy_dist': 2.536600283844493, 'params': {'G': 1.0, 'X': 164.724, 'Y': 118.842, 'E': 11.51357}}
DECISION : ALLOW
------------------------------------------------------------
[SEQ 479] [IEEE-BASELINE]
SCORE    : anomaly_score=15.706
DECISION : ALLOW
------------------------------------------------------------
[SEQ 480] [LAYER 0]
CMD      : M104 S200
TRUST    : acc_cmd=0.000 | acc_exec=0.333 | trust=0.164
DECISION : PAUSE
MACHINE  : Machine-3
------------------------------------------------------------
[SEQ 480] [STATIC-BASELINE]
CMD      : M104 | effects={'M': 104.0, 'S': 200.0, 'prev_temp': 220.0}
DECISION : ALLOW
------------------------------------------------------------
[SEQ 480] [IEEE-BASELINE]
SCORE    : anomaly_score=16.135
DECISION : ALLOW
------------------------------------------------------------
[SEQ 481] [LAYER 0]
CMD      : M104 S220
TRUST    : acc_cmd=0.000 | acc_exec=0.333 | trust=0.137
DECISION : PAUSE
MACHINE  : Machine-3
------------------------------------------------------------
[SEQ 481] [STATIC-BASELINE]
CMD      : M104 | effects={'M': 104.0, 'S': 220.0, 'prev_temp': 200.0}
DECISION : ALLOW
------------------------------------------------------------
[SEQ 481] [IEEE-BASELINE]
SCORE    : anomaly_score=16.522
DECISION : ALLOW
------------------------------------------------------------
[SEQ 482] [LAYER 0]
CMD      : G1 X165.759 Y119.081 E11.5342
TRUST    : acc_cmd=0.000 | acc_exec=0.000 | trust=0.223
DECISION : PAUSE
MACHINE  : Machine-3
------------------------------------------------------------
[SEQ 482] [STATIC-BASELINE]
CMD      : G1 | effects={'dx': 1.0349999999999966, 'dy': 0.23900000000000432, 'dz': 0.0, 'de': 0.020630000000000592, 'xy_dist': 1.0622363202225742, 'params': {'G': 1.0, 'X': 165.759, 'Y': 119.081, 'E': 11.5342}}
DECISION : ALLOW
------------------------------------------------------------
[SEQ 482] [IEEE-BASELINE]
SCORE    : anomaly_score=14.870
DECISION : ALLOW
------------------------------------------------------------
[SEQ 483] [LAYER 0]
CMD      : M104 S200
TRUST    : acc_cmd=0.000 | acc_exec=0.333 | trust=0.192
DECISION : PAUSE
MACHINE  : Machine-3
------------------------------------------------------------
[SEQ 483] [STATIC-BASELINE]
CMD      : M104 | effects={'M': 104.0, 'S': 200.0, 'prev_temp': 220.0}
DECISION : ALLOW
------------------------------------------------------------
[SEQ 483] [IEEE-BASELINE]
SCORE    : anomaly_score=15.383
DECISION : ALLOW
------------------------------------------------------------
[SEQ 484] [LAYER 0]
CMD      : G1 X166.188 Y119.894 E11.55182
TRUST    : acc_cmd=0.000 | acc_exec=0.000 | trust=0.285
DECISION : PAUSE
MACHINE  : Machine-3
------------------------------------------------------------
[SEQ 484] [STATIC-BASELINE]
CMD      : G1 | effects={'dx': 0.42900000000000205, 'dy': 0.8130000000000024, 'dz': 0.0, 'de': 0.01761999999999908, 'xy_dist': 0.9192442548093547, 'params': {'G': 1.0, 'X': 166.188, 'Y': 119.894, 'E': 11.55182}}
DECISION : ALLOW
------------------------------------------------------------
[SEQ 484] [IEEE-BASELINE]
SCORE    : anomaly_score=13.844
DECISION : ALLOW
------------------------------------------------------------
[SEQ 485] [LAYER 0]
CMD      : M104 S220
TRUST    : acc_cmd=0.000 | acc_exec=0.333 | trust=0.231
DECISION : PAUSE
MACHINE  : Machine-3
------------------------------------------------------------
[SEQ 485] [STATIC-BASELINE]
CMD      : M104 | effects={'M': 104.0, 'S': 220.0, 'prev_temp': 200.0}
DECISION : ALLOW
------------------------------------------------------------
[SEQ 485] [IEEE-BASELINE]
SCORE    : anomaly_score=14.460
DECISION : ALLOW
------------------------------------------------------------
[SEQ 486] [LAYER 0]
CMD      : M104 S200
TRUST    : acc_cmd=0.000 | acc_exec=0.333 | trust=0.175
DECISION : PAUSE
MACHINE  : Machine-3
------------------------------------------------------------
[SEQ 486] [STATIC-BASELINE]
CMD      : M104 | effects={'M': 104.0, 'S': 200.0, 'prev_temp': 220.0}
DECISION : ALLOW
------------------------------------------------------------
[SEQ 486] [IEEE-BASELINE]
SCORE    : anomaly_score=15.014
DECISION : ALLOW
------------------------------------------------------------
[SEQ 487] [LAYER 0]
CMD      : M104 S220
TRUST    : acc_cmd=0.000 | acc_exec=0.333 | trust=0.137
DECISION : PAUSE
MACHINE  : Machine-3
------------------------------------------------------------
[SEQ 487] [STATIC-BASELINE]
CMD      : M104 | effects={'M': 104.0, 'S': 220.0, 'prev_temp': 200.0}
DECISION : ALLOW
------------------------------------------------------------
[SEQ 487] [IEEE-BASELINE]
SCORE    : anomaly_score=15.513
DECISION : ALLOW
------------------------------------------------------------
[SEQ 488] [LAYER 0]
CMD      : M104 S200
TRUST    : acc_cmd=0.000 | acc_exec=0.333 | trust=0.114
DECISION : PAUSE
MACHINE  : Machine-3
------------------------------------------------------------
[SEQ 488] [STATIC-BASELINE]
CMD      : M104 | effects={'M': 104.0, 'S': 200.0, 'prev_temp': 220.0}
DECISION : ALLOW
------------------------------------------------------------
[SEQ 488] [IEEE-BASELINE]
SCORE    : anomaly_score=15.961
DECISION : ALLOW
------------------------------------------------------------
[SEQ 489] [LAYER 0]
CMD      : G1 X165.272 Y121.16 E11.58376
TRUST    : acc_cmd=0.000 | acc_exec=0.000 | trust=0.195
DECISION : PAUSE
MACHINE  : Machine-3
------------------------------------------------------------
[SEQ 489] [STATIC-BASELINE]
CMD      : G1 | effects={'dx': -0.9159999999999968, 'dy': 1.2659999999999911, 'dz': 0.0, 'de': 0.031940000000000524, 'xy_dist': 1.562629834605743, 'params': {'G': 1.0, 'X': 165.272, 'Y': 121.16, 'E': 11.58376}}
DECISION : ALLOW
------------------------------------------------------------
[SEQ 489] [IEEE-BASELINE]
SCORE    : anomaly_score=14.365
DECISION : ALLOW
------------------------------------------------------------
[SEQ 490] [LAYER 0]
CMD      : M104 S220
TRUST    : acc_cmd=0.000 | acc_exec=0.333 | trust=0.174
DECISION : PAUSE
MACHINE  : Machine-3
------------------------------------------------------------
[SEQ 490] [STATIC-BASELINE]
CMD      : M104 | effects={'M': 104.0, 'S': 220.0, 'prev_temp': 200.0}
DECISION : ALLOW
------------------------------------------------------------
[SEQ 490] [IEEE-BASELINE]
SCORE    : anomaly_score=14.929
DECISION : ALLOW
------------------------------------------------------------
[SEQ 491] [LAYER 0]
CMD      : G1 X164.502 Y121.082 E11.59852
TRUST    : acc_cmd=0.000 | acc_exec=0.000 | trust=0.269
DECISION : PAUSE
MACHINE  : Machine-3
------------------------------------------------------------
[SEQ 491] [STATIC-BASELINE]
CMD      : G1 | effects={'dx': -0.7699999999999818, 'dy': -0.07800000000000296, 'dz': 0.0, 'de': 0.014760000000000773, 'xy_dist': 0.7739405661935369, 'params': {'G': 1.0, 'X': 164.502, 'Y': 121.082, 'E': 11.59852}}
DECISION : ALLOW
------------------------------------------------------------
[SEQ 491] [IEEE-BASELINE]
SCORE    : anomaly_score=13.436
DECISION : ALLOW
------------------------------------------------------------
[SEQ 492] [LAYER 0]
CMD      : G1 X164.241 Y120.919 E11.60431
TRUST    : acc_cmd=0.000 | acc_exec=0.000 | trust=0.418
DECISION : PAUSE
MACHINE  : Machine-3
------------------------------------------------------------
[SEQ 492] [STATIC-BASELINE]
CMD      : G1 | effects={'dx': -0.2609999999999957, 'dy': -0.1629999999999967, 'dz': 0.0, 'de': 0.005789999999999296, 'xy_dist': 0.3077174028227794, 'params': {'G': 1.0, 'X': 164.241, 'Y': 120.919, 'E': 11.60431}}
DECISION : ALLOW
------------------------------------------------------------
[SEQ 492] [IEEE-BASELINE]
SCORE    : anomaly_score=12.092
DECISION : ALLOW
------------------------------------------------------------
[SEQ 493] [LAYER 0]
CMD      : M104 S200
TRUST    : acc_cmd=0.000 | acc_exec=0.333 | trust=0.316
DECISION : PAUSE
MACHINE  : Machine-3
------------------------------------------------------------
[SEQ 493] [STATIC-BASELINE]
CMD      : M104 | effects={'M': 104.0, 'S': 200.0, 'prev_temp': 220.0}
DECISION : ALLOW
------------------------------------------------------------
[SEQ 493] [IEEE-BASELINE]
SCORE    : anomaly_score=12.883
DECISION : ALLOW
------------------------------------------------------------
[SEQ 494] [LAYER 0]
CMD      : G1 X163.84 Y120.272 E11.61882
TRUST    : acc_cmd=0.000 | acc_exec=0.000 | trust=0.386
DECISION : PAUSE
MACHINE  : Machine-3
------------------------------------------------------------
[SEQ 494] [STATIC-BASELINE]
CMD      : G1 | effects={'dx': -0.40100000000001046, 'dy': -0.6469999999999914, 'dz': 0.0, 'de': 0.014509999999999579, 'xy_dist': 0.7611898580511942, 'params': {'G': 1.0, 'X': 163.84, 'Y': 120.272, 'E': 11.61882}}
DECISION : ALLOW
------------------------------------------------------------
[SEQ 494] [IEEE-BASELINE]
SCORE    : anomaly_score=11.595
DECISION : ALLOW
------------------------------------------------------------
[SEQ 495] [LAYER 0]
CMD      : M104 S220
TRUST    : acc_cmd=0.000 | acc_exec=0.333 | trust=0.288
DECISION : PAUSE
MACHINE  : Machine-3
------------------------------------------------------------
[SEQ 495] [STATIC-BASELINE]
CMD      : M104 | effects={'M': 104.0, 'S': 220.0, 'prev_temp': 200.0}
DECISION : ALLOW
------------------------------------------------------------
[SEQ 495] [IEEE-BASELINE]
SCORE    : anomaly_score=12.435
DECISION : ALLOW
------------------------------------------------------------
[SEQ 496] [LAYER 0]
CMD      : G1 X163.949 Y119.441 E11.63485
TRUST    : acc_cmd=0.000 | acc_exec=0.000 | trust=0.359
DECISION : PAUSE
MACHINE  : Machine-3
------------------------------------------------------------
[SEQ 496] [STATIC-BASELINE]
CMD      : G1 | effects={'dx': 0.10900000000000887, 'dy': -0.8310000000000031, 'dz': 0.0, 'de': 0.016030000000000655, 'xy_dist': 0.8381181300986198, 'params': {'G': 1.0, 'X': 163.949, 'Y': 119.441, 'E': 11.63485}}
DECISION : ALLOW
------------------------------------------------------------
[SEQ 496] [IEEE-BASELINE]
SCORE    : anomaly_score=11.192
DECISION : ALLOW
------------------------------------------------------------
[SEQ 497] [LAYER 0]
CMD      : G0 F3600 X163.643 Y119.184
TRUST    : acc_cmd=0.000 | acc_exec=0.000 | trust=0.493
DECISION : PAUSE
MACHINE  : Machine-3
------------------------------------------------------------
[SEQ 497] [STATIC-BASELINE]
CMD      : G0 | effects={'dx': -0.3060000000000116, 'dy': -0.257000000000005, 'dz': 0.0, 'de': 0.0, 'xy_dist': 0.3996060560101782, 'params': {'G': 0.0, 'F': 3600.0, 'X': 163.643, 'Y': 119.184}}
DECISION : ALLOW
------------------------------------------------------------
[SEQ 497] [IEEE-BASELINE]
SCORE    : anomaly_score=10.073
DECISION : ALLOW
------------------------------------------------------------
[SEQ 498] [LAYER 0]
CMD      : M104 S200
TRUST    : acc_cmd=0.000 | acc_exec=0.333 | trust=0.357
DECISION : PAUSE
MACHINE  : Machine-3
------------------------------------------------------------
[SEQ 498] [STATIC-BASELINE]
CMD      : M104 | effects={'M': 104.0, 'S': 200.0, 'prev_temp': 220.0}
DECISION : ALLOW
------------------------------------------------------------
[SEQ 498] [IEEE-BASELINE]
SCORE    : anomaly_score=11.065
DECISION : ALLOW
------------------------------------------------------------
[SEQ 499] [LAYER 0]
CMD      : G1 X164.626 Y118.445 E11.65837
TRUST    : acc_cmd=0.000 | acc_exec=0.000 | trust=0.414
DECISION : PAUSE
MACHINE  : Machine-3
------------------------------------------------------------
[SEQ 499] [STATIC-BASELINE]
CMD      : G1 | effects={'dx': 0.9830000000000041, 'dy': -0.7390000000000043, 'dz': 0.0, 'de': 0.02351999999999954, 'xy_dist': 1.2298007968772888, 'params': {'G': 1.0, 'X': 164.626, 'Y': 118.445, 'E': 11.65837}}
DECISION : ALLOW
------------------------------------------------------------
[SEQ 499] [IEEE-BASELINE]
SCORE    : anomaly_score=9.959
DECISION : ALLOW
------------------------------------------------------------
[SEQ 500] [LAYER 0]
CMD      : M104 S220
TRUST    : acc_cmd=0.000 | acc_exec=0.333 | trust=0.302
DECISION : PAUSE
MACHINE  : Machine-3
------------------------------------------------------------
[SEQ 500] [STATIC-BASELINE]
CMD      : M104 | effects={'M': 104.0, 'S': 220.0, 'prev_temp': 200.0}
DECISION : ALLOW
------------------------------------------------------------
[SEQ 500] [IEEE-BASELINE]
SCORE    : anomaly_score=10.963
DECISION : ALLOW
------------------------------------------------------------
[SEQ 501] [LAYER 0]
CMD      : M104 S200
TRUST    : acc_cmd=0.000 | acc_exec=0.333 | trust=0.212
DECISION : PAUSE
MACHINE  : Machine-3
------------------------------------------------------------
[SEQ 501] [STATIC-BASELINE]
CMD      : M104 | effects={'M': 104.0, 'S': 200.0, 'prev_temp': 220.0}
DECISION : ALLOW
------------------------------------------------------------
[SEQ 501] [IEEE-BASELINE]
SCORE    : anomaly_score=11.867
DECISION : ALLOW
------------------------------------------------------------
[SEQ 502] [LAYER 0]
CMD      : M104 S220
TRUST    : acc_cmd=0.000 | acc_exec=0.333 | trust=0.156
DECISION : PAUSE
MACHINE  : Machine-3
------------------------------------------------------------
[SEQ 502] [STATIC-BASELINE]
CMD      : M104 | effects={'M': 104.0, 'S': 220.0, 'prev_temp': 200.0}
DECISION : ALLOW
------------------------------------------------------------
[SEQ 502] [IEEE-BASELINE]
SCORE    : anomaly_score=12.680
DECISION : ALLOW
------------------------------------------------------------
[SEQ 503] [LAYER 0]
CMD      : M104 S200
TRUST    : acc_cmd=0.000 | acc_exec=0.333 | trust=0.124
DECISION : PAUSE
MACHINE  : Machine-3
------------------------------------------------------------
[SEQ 503] [STATIC-BASELINE]
CMD      : M104 | effects={'M': 104.0, 'S': 200.0, 'prev_temp': 220.0}
DECISION : ALLOW
------------------------------------------------------------
[SEQ 503] [IEEE-BASELINE]
SCORE    : anomaly_score=13.412
DECISION : ALLOW
------------------------------------------------------------
[SEQ 504] [LAYER 0]
CMD      : M104 S220
TRUST    : acc_cmd=0.000 | acc_exec=0.333 | trust=0.106
DECISION : PAUSE
MACHINE  : Machine-3
------------------------------------------------------------
[SEQ 504] [STATIC-BASELINE]
CMD      : M104 | effects={'M': 104.0, 'S': 220.0, 'prev_temp': 200.0}
DECISION : ALLOW
------------------------------------------------------------
[SEQ 504] [IEEE-BASELINE]
SCORE    : anomaly_score=14.071
DECISION : ALLOW
------------------------------------------------------------
[SEQ 505] [LAYER 0]
CMD      : M104 S200
TRUST    : acc_cmd=0.000 | acc_exec=0.333 | trust=0.096
DECISION : PAUSE
MACHINE  : Machine-3
------------------------------------------------------------
[SEQ 505] [STATIC-BASELINE]
CMD      : M104 | effects={'M': 104.0, 'S': 200.0, 'prev_temp': 220.0}
DECISION : ALLOW
------------------------------------------------------------
[SEQ 505] [IEEE-BASELINE]
SCORE    : anomaly_score=14.664
DECISION : ALLOW
------------------------------------------------------------
[SEQ 506] [LAYER 0]
CMD      : G1 X166.461 Y120.625 E11.72414
TRUST    : acc_cmd=0.000 | acc_exec=0.000 | trust=0.179
DECISION : PAUSE
MACHINE  : Machine-3
------------------------------------------------------------
[SEQ 506] [STATIC-BASELINE]
CMD      : G1 | effects={'dx': 1.835000000000008, 'dy': 2.180000000000007, 'dz': 0.0, 'de': 0.06577000000000055, 'xy_dist': 2.849495569394706, 'params': {'G': 1.0, 'X': 166.461, 'Y': 120.625, 'E': 11.72414}}
DECISION : ALLOW
------------------------------------------------------------
[SEQ 506] [IEEE-BASELINE]
SCORE    : anomaly_score=13.197
DECISION : ALLOW
------------------------------------------------------------
[SEQ 507] [LAYER 0]
CMD      : G1 X166.257 Y120.973 E11.73173
TRUST    : acc_cmd=0.000 | acc_exec=0.000 | trust=0.323
DECISION : PAUSE
MACHINE  : Machine-3
------------------------------------------------------------
[SEQ 507] [STATIC-BASELINE]
CMD      : G1 | effects={'dx': -0.20400000000000773, 'dy': 0.347999999999999, 'dz': 0.0, 'de': 0.00759000000000043, 'xy_dist': 0.4033856715353217, 'params': {'G': 1.0, 'X': 166.257, 'Y': 120.973, 'E': 11.73173}}
DECISION : ALLOW
------------------------------------------------------------
[SEQ 507] [IEEE-BASELINE]
SCORE    : anomaly_score=11.878
DECISION : ALLOW
------------------------------------------------------------
[SEQ 508] [LAYER 0]
CMD      : M104 S220
TRUST    : acc_cmd=0.000 | acc_exec=0.333 | trust=0.260
DECISION : PAUSE
MACHINE  : Machine-3
------------------------------------------------------------
[SEQ 508] [STATIC-BASELINE]
CMD      : M104 | effects={'M': 104.0, 'S': 220.0, 'prev_temp': 200.0}
DECISION : ALLOW
------------------------------------------------------------
[SEQ 508] [IEEE-BASELINE]
SCORE    : anomaly_score=12.690
DECISION : ALLOW
------------------------------------------------------------
[SEQ 509] [LAYER 0]
CMD      : M104 S200
TRUST    : acc_cmd=0.000 | acc_exec=0.333 | trust=0.192
DECISION : PAUSE
MACHINE  : Machine-3
------------------------------------------------------------
[SEQ 509] [STATIC-BASELINE]
CMD      : M104 | effects={'M': 104.0, 'S': 200.0, 'prev_temp': 220.0}
DECISION : ALLOW
------------------------------------------------------------
[SEQ 509] [IEEE-BASELINE]
SCORE    : anomaly_score=13.421
DECISION : ALLOW
------------------------------------------------------------
[SEQ 510] [LAYER 0]
CMD      : M104 S220
TRUST    : acc_cmd=0.000 | acc_exec=0.333 | trust=0.147
DECISION : PAUSE
MACHINE  : Machine-3
------------------------------------------------------------
[SEQ 510] [STATIC-BASELINE]
CMD      : M104 | effects={'M': 104.0, 'S': 220.0, 'prev_temp': 200.0}
DECISION : ALLOW
------------------------------------------------------------
[SEQ 510] [IEEE-BASELINE]
SCORE    : anomaly_score=14.079
DECISION : ALLOW
------------------------------------------------------------
[SEQ 511] [LAYER 0]
CMD      : M104 S200
TRUST    : acc_cmd=0.000 | acc_exec=0.333 | trust=0.120
DECISION : PAUSE
MACHINE  : Machine-3
------------------------------------------------------------
[SEQ 511] [STATIC-BASELINE]
CMD      : M104 | effects={'M': 104.0, 'S': 200.0, 'prev_temp': 220.0}
DECISION : ALLOW
------------------------------------------------------------
[SEQ 511] [IEEE-BASELINE]
SCORE    : anomaly_score=14.671
DECISION : ALLOW
------------------------------------------------------------
[SEQ 512] [LAYER 0]
CMD      : M104 S220
TRUST    : acc_cmd=0.000 | acc_exec=0.333 | trust=0.104
DECISION : PAUSE
MACHINE  : Machine-3
------------------------------------------------------------
[SEQ 512] [STATIC-BASELINE]
CMD      : M104 | effects={'M': 104.0, 'S': 220.0, 'prev_temp': 200.0}
DECISION : ALLOW
------------------------------------------------------------
[SEQ 512] [IEEE-BASELINE]
SCORE    : anomaly_score=15.204
DECISION : ALLOW
------------------------------------------------------------
[SEQ 513] [LAYER 0]
CMD      : G1 X163.567 Y120.691 E11.79225
TRUST    : acc_cmd=0.000 | acc_exec=0.000 | trust=0.186
DECISION : PAUSE
MACHINE  : Machine-3
------------------------------------------------------------
[SEQ 513] [STATIC-BASELINE]
CMD      : G1 | effects={'dx': -2.6899999999999977, 'dy': -0.2819999999999965, 'dz': 0.0, 'de': 0.060519999999998575, 'xy_dist': 2.7047410227228754, 'params': {'G': 1.0, 'X': 163.567, 'Y': 120.691, 'E': 11.79225}}
DECISION : ALLOW
------------------------------------------------------------
[SEQ 513] [IEEE-BASELINE]
SCORE    : anomaly_score=13.683
DECISION : ALLOW
------------------------------------------------------------
[SEQ 514] [LAYER 0]
CMD      : G1 X163.441 Y120.297 E11.80003
TRUST    : acc_cmd=0.000 | acc_exec=0.000 | trust=0.330
DECISION : PAUSE
MACHINE  : Machine-3
------------------------------------------------------------
[SEQ 514] [STATIC-BASELINE]
CMD      : G1 | effects={'dx': -0.12600000000000477, 'dy': -0.39400000000000546, 'dz': 0.0, 'de': 0.007780000000000342, 'xy_dist': 0.4136568626289252, 'params': {'G': 1.0, 'X': 163.441, 'Y': 120.297, 'E': 11.80003}}
DECISION : ALLOW
------------------------------------------------------------
[SEQ 514] [IEEE-BASELINE]
SCORE    : anomaly_score=12.315
DECISION : ALLOW
------------------------------------------------------------
[SEQ 515] [LAYER 0]
CMD      : G1 X163.433 Y119.758 E11.81017
TRUST    : acc_cmd=0.000 | acc_exec=0.000 | trust=0.491
DECISION : PAUSE
MACHINE  : Machine-3
------------------------------------------------------------
[SEQ 515] [STATIC-BASELINE]
CMD      : G1 | effects={'dx': -0.008000000000009777, 'dy': -0.5390000000000015, 'dz': 0.0, 'de': 0.010139999999999816, 'xy_dist': 0.53905936593292, 'params': {'G': 1.0, 'X': 163.433, 'Y': 119.758, 'E': 11.81017}}
DECISION : ALLOW
------------------------------------------------------------
[SEQ 515] [IEEE-BASELINE]
SCORE    : anomaly_score=11.084
DECISION : ALLOW
------------------------------------------------------------
[SEQ 516] [LAYER 0]
CMD      : G1 X163.643 Y119.184 E11.82167
TRUST    : acc_cmd=0.000 | acc_exec=0.000 | trust=0.638
DECISION : ALLOW
MACHINE  : Machine-3
------------------------------------------------------------
[SEQ 516] [STATIC-BASELINE]
CMD      : G1 | effects={'dx': 0.21000000000000796, 'dy': -0.5739999999999981, 'dz': 0.0, 'de': 0.011499999999999844, 'xy_dist': 0.6112086386824069, 'params': {'G': 1.0, 'X': 163.643, 'Y': 119.184, 'E': 11.82167}}
DECISION : ALLOW
------------------------------------------------------------
[SEQ 516] [IEEE-BASELINE]
SCORE    : anomaly_score=9.975
DECISION : ALLOW
------------------------------------------------------------
[SEQ 517] [LAYER 0]
CMD      : M104 S200
TRUST    : acc_cmd=0.000 | acc_exec=0.333 | trust=0.439
DECISION : PAUSE
MACHINE  : Machine-3
------------------------------------------------------------
[SEQ 517] [STATIC-BASELINE]
CMD      : M104 | effects={'M': 104.0, 'S': 200.0, 'prev_temp': 220.0}
DECISION : ALLOW
------------------------------------------------------------
[SEQ 517] [IEEE-BASELINE]
SCORE    : anomaly_score=10.978
DECISION : ALLOW
------------------------------------------------------------
[SEQ 518] [LAYER 0]
CMD      : M104 S220
TRUST    : acc_cmd=0.000 | acc_exec=0.333 | trust=0.284
DECISION : PAUSE
MACHINE  : Machine-3
------------------------------------------------------------
[SEQ 518] [STATIC-BASELINE]
CMD      : M104 | effects={'M': 104.0, 'S': 220.0, 'prev_temp': 200.0}
DECISION : ALLOW
------------------------------------------------------------
[SEQ 518] [IEEE-BASELINE]
SCORE    : anomaly_score=11.880
DECISION : ALLOW
------------------------------------------------------------
[SEQ 519] [LAYER 0]
CMD      : M104 S200
TRUST    : acc_cmd=0.000 | acc_exec=0.333 | trust=0.193
DECISION : PAUSE
MACHINE  : Machine-3
------------------------------------------------------------
[SEQ 519] [STATIC-BASELINE]
CMD      : M104 | effects={'M': 104.0, 'S': 200.0, 'prev_temp': 220.0}
DECISION : ALLOW
------------------------------------------------------------
[SEQ 519] [IEEE-BASELINE]
SCORE    : anomaly_score=12.692
DECISION : ALLOW
------------------------------------------------------------
[SEQ 520] [LAYER 1]
CMD      : M104 S220
TRUST    : acc_cmd=0.000 | acc_exec=0.333 | trust=0.142
DECISION : PAUSE
MACHINE  : Machine-3
------------------------------------------------------------
[SEQ 520] [STATIC-BASELINE]
CMD      : M104 | effects={'M': 104.0, 'S': 220.0, 'prev_temp': 200.0}
DECISION : ALLOW
------------------------------------------------------------
[SEQ 520] [IEEE-BASELINE]
SCORE    : anomaly_score=13.423
DECISION : ALLOW
------------------------------------------------------------
[SEQ 521] [LAYER 1]
CMD      : M104 S200
TRUST    : acc_cmd=0.000 | acc_exec=0.333 | trust=0.115
DECISION : PAUSE
MACHINE  : Machine-3
------------------------------------------------------------
[SEQ 521] [STATIC-BASELINE]
CMD      : M104 | effects={'M': 104.0, 'S': 200.0, 'prev_temp': 220.0}
DECISION : ALLOW
------------------------------------------------------------
[SEQ 521] [IEEE-BASELINE]
SCORE    : anomaly_score=14.080
DECISION : ALLOW
------------------------------------------------------------
[SEQ 522] [LAYER 1]
CMD      : M104 S220
TRUST    : acc_cmd=0.000 | acc_exec=0.333 | trust=0.101
DECISION : PAUSE
MACHINE  : Machine-3
------------------------------------------------------------
[SEQ 522] [STATIC-BASELINE]
CMD      : M104 | effects={'M': 104.0, 'S': 220.0, 'prev_temp': 200.0}
DECISION : ALLOW
------------------------------------------------------------
[SEQ 522] [IEEE-BASELINE]
SCORE    : anomaly_score=14.672
DECISION : ALLOW
------------------------------------------------------------
[SEQ 523] [LAYER 1]
CMD      : M104 S200
TRUST    : acc_cmd=0.000 | acc_exec=0.333 | trust=0.093
DECISION : PAUSE
MACHINE  : Machine-3
------------------------------------------------------------
[SEQ 523] [STATIC-BASELINE]
CMD      : M104 | effects={'M': 104.0, 'S': 200.0, 'prev_temp': 220.0}
DECISION : ALLOW
------------------------------------------------------------
[SEQ 523] [IEEE-BASELINE]
SCORE    : anomaly_score=15.205
DECISION : ALLOW
------------------------------------------------------------
[SEQ 524] [LAYER 1]
CMD      : ;MESH:references\stl\flatplate.stl
TRUST    : acc_cmd=0.000 | acc_exec=0.000 | trust=0.176
DECISION : PAUSE
MACHINE  : Machine-3
------------------------------------------------------------
[SEQ 524] [STATIC-BASELINE]
CMD      : None | effects={}
DECISION : ALLOW
------------------------------------------------------------
[SEQ 524] [IEEE-BASELINE]
SCORE    : anomaly_score=13.685
DECISION : ALLOW
------------------------------------------------------------
[SEQ 525] [LAYER 1]
CMD      : M104 S220
TRUST    : acc_cmd=0.000 | acc_exec=0.333 | trust=0.162
DECISION : PAUSE
MACHINE  : Machine-3
------------------------------------------------------------
[SEQ 525] [STATIC-BASELINE]
CMD      : M104 | effects={'M': 104.0, 'S': 220.0, 'prev_temp': 200.0}
DECISION : ALLOW
------------------------------------------------------------
[SEQ 525] [IEEE-BASELINE]
SCORE    : anomaly_score=14.316
DECISION : ALLOW
------------------------------------------------------------
[SEQ 526] [LAYER 1]
CMD      : M104 S200
TRUST    : acc_cmd=0.000 | acc_exec=0.333 | trust=0.136
DECISION : PAUSE
MACHINE  : Machine-3
------------------------------------------------------------
[SEQ 526] [STATIC-BASELINE]
CMD      : M104 | effects={'M': 104.0, 'S': 200.0, 'prev_temp': 220.0}
DECISION : ALLOW
------------------------------------------------------------
[SEQ 526] [IEEE-BASELINE]
SCORE    : anomaly_score=14.885
DECISION : ALLOW
------------------------------------------------------------
[SEQ 527] [LAYER 1]
CMD      : M104 S220
TRUST    : acc_cmd=0.000 | acc_exec=0.333 | trust=0.116
DECISION : PAUSE
MACHINE  : Machine-3
------------------------------------------------------------
[SEQ 527] [STATIC-BASELINE]
CMD      : M104 | effects={'M': 104.0, 'S': 220.0, 'prev_temp': 200.0}
DECISION : ALLOW
------------------------------------------------------------
[SEQ 527] [IEEE-BASELINE]
SCORE    : anomaly_score=15.396
DECISION : ALLOW
------------------------------------------------------------
[SEQ 528] [LAYER 1]
CMD      : M104 S200
TRUST    : acc_cmd=0.000 | acc_exec=0.333 | trust=0.103
DECISION : PAUSE
MACHINE  : Machine-3
------------------------------------------------------------
[SEQ 528] [STATIC-BASELINE]
CMD      : M104 | effects={'M': 104.0, 'S': 200.0, 'prev_temp': 220.0}
DECISION : ALLOW
------------------------------------------------------------
[SEQ 528] [IEEE-BASELINE]
SCORE    : anomaly_score=15.857
DECISION : ALLOW
------------------------------------------------------------
[SEQ 529] [LAYER 1]
CMD      : M104 S220
TRUST    : acc_cmd=0.000 | acc_exec=0.333 | trust=0.095
DECISION : PAUSE
MACHINE  : Machine-3
------------------------------------------------------------
[SEQ 529] [STATIC-BASELINE]
CMD      : M104 | effects={'M': 104.0, 'S': 220.0, 'prev_temp': 200.0}
DECISION : ALLOW
------------------------------------------------------------
[SEQ 529] [IEEE-BASELINE]
SCORE    : anomaly_score=16.271
DECISION : ALLOW
------------------------------------------------------------
[SEQ 530] [LAYER 1]
CMD      : M104 S200
TRUST    : acc_cmd=0.000 | acc_exec=0.333 | trust=0.089
DECISION : PAUSE
MACHINE  : Machine-3
------------------------------------------------------------
[SEQ 530] [STATIC-BASELINE]
CMD      : M104 | effects={'M': 104.0, 'S': 200.0, 'prev_temp': 220.0}
DECISION : ALLOW
------------------------------------------------------------
[SEQ 530] [IEEE-BASELINE]
SCORE    : anomaly_score=16.644
DECISION : ALLOW
------------------------------------------------------------
[SEQ 531] [LAYER 1]
CMD      : M104 S220
TRUST    : acc_cmd=0.000 | acc_exec=0.333 | trust=0.086
DECISION : PAUSE
MACHINE  : Machine-3
------------------------------------------------------------
[SEQ 531] [STATIC-BASELINE]
CMD      : M104 | effects={'M': 104.0, 'S': 220.0, 'prev_temp': 200.0}
DECISION : ALLOW
------------------------------------------------------------
[SEQ 531] [IEEE-BASELINE]
SCORE    : anomaly_score=16.979
DECISION : ALLOW
------------------------------------------------------------
[SEQ 532] [LAYER 2]
CMD      : M104 S200
TRUST    : acc_cmd=0.000 | acc_exec=0.333 | trust=0.085
DECISION : PAUSE
MACHINE  : Machine-3
------------------------------------------------------------
[SEQ 532] [STATIC-BASELINE]
CMD      : M104 | effects={'M': 104.0, 'S': 200.0, 'prev_temp': 220.0}
DECISION : ALLOW
------------------------------------------------------------
[SEQ 532] [IEEE-BASELINE]
SCORE    : anomaly_score=17.281
DECISION : ALLOW
------------------------------------------------------------
[SEQ 533] [LAYER 2]
CMD      : ;note -- min layer time used
TRUST    : acc_cmd=0.000 | acc_exec=0.000 | trust=0.169
DECISION : PAUSE
MACHINE  : Machine-3
------------------------------------------------------------
[SEQ 533] [STATIC-BASELINE]
CMD      : None | effects={}
DECISION : ALLOW
------------------------------------------------------------
[SEQ 533] [IEEE-BASELINE]
SCORE    : anomaly_score=15.553
DECISION : ALLOW
------------------------------------------------------------
[SEQ 534] [LAYER 2]
CMD      : M104 S220
TRUST    : acc_cmd=0.000 | acc_exec=0.333 | trust=0.158
DECISION : PAUSE
MACHINE  : Machine-3
------------------------------------------------------------
[SEQ 534] [STATIC-BASELINE]
CMD      : M104 | effects={'M': 104.0, 'S': 220.0, 'prev_temp': 200.0}
DECISION : ALLOW
------------------------------------------------------------
[SEQ 534] [IEEE-BASELINE]
SCORE    : anomaly_score=15.998
DECISION : ALLOW
------------------------------------------------------------
[SEQ 535] [LAYER 2]
CMD      : ;MESH:references\stl\flatplate.stl
TRUST    : acc_cmd=0.000 | acc_exec=0.000 | trust=0.256
DECISION : PAUSE
MACHINE  : Machine-3
------------------------------------------------------------
[SEQ 535] [STATIC-BASELINE]
CMD      : None | effects={}
DECISION : ALLOW
------------------------------------------------------------
[SEQ 535] [IEEE-BASELINE]
SCORE    : anomaly_score=14.398
DECISION : ALLOW
------------------------------------------------------------
[SEQ 536] [LAYER 2]
CMD      : G1 F663 X164.358 Y119.172 E11.82399
TRUST    : acc_cmd=0.000 | acc_exec=0.000 | trust=0.406
DECISION : PAUSE
MACHINE  : Machine-3
------------------------------------------------------------
[SEQ 536] [STATIC-BASELINE]
CMD      : G1 | effects={'dx': 0.7150000000000034, 'dy': -0.012000000000000455, 'dz': 0.0, 'de': 0.002320000000000988, 'xy_dist': 0.7151006922105481, 'params': {'G': 1.0, 'F': 663.0, 'X': 164.358, 'Y': 119.172, 'E': 11.82399}}
DECISION : ALLOW
------------------------------------------------------------
[SEQ 536] [IEEE-BASELINE]
SCORE    : anomaly_score=12.958
DECISION : ALLOW
------------------------------------------------------------
[SEQ 537] [LAYER 2]
CMD      : G1 X164.357 Y119.094 E11.82488
TRUST    : acc_cmd=0.000 | acc_exec=0.000 | trust=0.561
DECISION : ALLOW
MACHINE  : Machine-3
------------------------------------------------------------
[SEQ 537] [STATIC-BASELINE]
CMD      : G1 | effects={'dx': -0.0010000000000047748, 'dy': -0.07800000000000296, 'dz': 0.0, 'de': 0.0008900000000000574, 'xy_dist': 0.07800640999302859, 'params': {'G': 1.0, 'X': 164.357, 'Y': 119.094, 'E': 11.82488}}
DECISION : ALLOW
------------------------------------------------------------
[SEQ 537] [IEEE-BASELINE]
SCORE    : anomaly_score=11.663
DECISION : ALLOW
------------------------------------------------------------
[SEQ 538] [LAYER 2]
CMD      : M104 S200
TRUST    : acc_cmd=0.000 | acc_exec=0.333 | trust=0.397
DECISION : PAUSE
MACHINE  : Machine-3
------------------------------------------------------------
[SEQ 538] [STATIC-BASELINE]
CMD      : M104 | effects={'M': 104.0, 'S': 200.0, 'prev_temp': 220.0}
DECISION : ALLOW
------------------------------------------------------------
[SEQ 538] [IEEE-BASELINE]
SCORE    : anomaly_score=12.496
DECISION : ALLOW
------------------------------------------------------------
[SEQ 539] [LAYER 2]
CMD      : M104 S220
TRUST    : acc_cmd=0.000 | acc_exec=0.333 | trust=0.263
DECISION : PAUSE
MACHINE  : Machine-3
------------------------------------------------------------
[SEQ 539] [STATIC-BASELINE]
CMD      : M104 | effects={'M': 104.0, 'S': 220.0, 'prev_temp': 200.0}
DECISION : ALLOW
------------------------------------------------------------
[SEQ 539] [IEEE-BASELINE]
SCORE    : anomaly_score=13.247
DECISION : ALLOW
------------------------------------------------------------
[SEQ 540] [LAYER 2]
CMD      : M104 S200
TRUST    : acc_cmd=0.000 | acc_exec=0.333 | trust=0.183
DECISION : PAUSE
MACHINE  : Machine-3
------------------------------------------------------------
[SEQ 540] [STATIC-BASELINE]
CMD      : M104 | effects={'M': 104.0, 'S': 200.0, 'prev_temp': 220.0}
DECISION : ALLOW
------------------------------------------------------------
[SEQ 540] [IEEE-BASELINE]
SCORE    : anomaly_score=13.922
DECISION : ALLOW
------------------------------------------------------------
[SEQ 541] [LAYER 2]
CMD      : M104 S220
TRUST    : acc_cmd=0.000 | acc_exec=0.333 | trust=0.138
DECISION : PAUSE
MACHINE  : Machine-3
------------------------------------------------------------
[SEQ 541] [STATIC-BASELINE]
CMD      : M104 | effects={'M': 104.0, 'S': 220.0, 'prev_temp': 200.0}
DECISION : ALLOW
------------------------------------------------------------
[SEQ 541] [IEEE-BASELINE]
SCORE    : anomaly_score=14.530
DECISION : ALLOW
------------------------------------------------------------
[SEQ 542] [LAYER 2]
CMD      : M104 S200
TRUST    : acc_cmd=0.000 | acc_exec=0.333 | trust=0.113
DECISION : PAUSE
MACHINE  : Machine-3
------------------------------------------------------------
[SEQ 542] [STATIC-BASELINE]
CMD      : M104 | effects={'M': 104.0, 'S': 200.0, 'prev_temp': 220.0}
DECISION : ALLOW
------------------------------------------------------------
[SEQ 542] [IEEE-BASELINE]
SCORE    : anomaly_score=15.077
DECISION : ALLOW
------------------------------------------------------------
[SEQ 543] [LAYER 3]
CMD      : M104 S220
TRUST    : acc_cmd=0.000 | acc_exec=0.333 | trust=0.100
DECISION : PAUSE
MACHINE  : Machine-3
------------------------------------------------------------
[SEQ 543] [STATIC-BASELINE]
CMD      : M104 | effects={'M': 104.0, 'S': 220.0, 'prev_temp': 200.0}
DECISION : ALLOW
------------------------------------------------------------
[SEQ 543] [IEEE-BASELINE]
SCORE    : anomaly_score=15.569
DECISION : ALLOW
------------------------------------------------------------
[SEQ 544] [LAYER 3]
CMD      : ;note -- min layer time used
TRUST    : acc_cmd=0.000 | acc_exec=0.000 | trust=0.182
DECISION : PAUSE
MACHINE  : Machine-3
------------------------------------------------------------
[SEQ 544] [STATIC-BASELINE]
CMD      : None | effects={}
DECISION : ALLOW
------------------------------------------------------------
[SEQ 544] [IEEE-BASELINE]
SCORE    : anomaly_score=14.012
DECISION : ALLOW
------------------------------------------------------------
[SEQ 545] [LAYER 3]
CMD      : M104 S200
TRUST    : acc_cmd=0.000 | acc_exec=0.333 | trust=0.166
DECISION : PAUSE
MACHINE  : Machine-3
------------------------------------------------------------
[SEQ 545] [STATIC-BASELINE]
CMD      : M104 | effects={'M': 104.0, 'S': 200.0, 'prev_temp': 220.0}
DECISION : ALLOW
------------------------------------------------------------
[SEQ 545] [IEEE-BASELINE]
SCORE    : anomaly_score=14.611
DECISION : ALLOW
------------------------------------------------------------
[SEQ 546] [LAYER 3]
CMD      : M104 S220
TRUST    : acc_cmd=0.000 | acc_exec=0.333 | trust=0.138
DECISION : PAUSE
MACHINE  : Machine-3
------------------------------------------------------------
[SEQ 546] [STATIC-BASELINE]
CMD      : M104 | effects={'M': 104.0, 'S': 220.0, 'prev_temp': 200.0}
DECISION : ALLOW
------------------------------------------------------------
[SEQ 546] [IEEE-BASELINE]
SCORE    : anomaly_score=15.150
DECISION : ALLOW
------------------------------------------------------------
[SEQ 547] [LAYER 3]
CMD      : M104 S200
TRUST    : acc_cmd=0.000 | acc_exec=0.333 | trust=0.117
DECISION : PAUSE
MACHINE  : Machine-3
------------------------------------------------------------
[SEQ 547] [STATIC-BASELINE]
CMD      : M104 | effects={'M': 104.0, 'S': 200.0, 'prev_temp': 220.0}
DECISION : ALLOW
------------------------------------------------------------
[SEQ 547] [IEEE-BASELINE]
SCORE    : anomaly_score=15.635
DECISION : ALLOW
------------------------------------------------------------
[SEQ 548] [LAYER 3]
CMD      : M104 S220
TRUST    : acc_cmd=0.000 | acc_exec=0.333 | trust=0.103
DECISION : PAUSE
MACHINE  : Machine-3
------------------------------------------------------------
[SEQ 548] [STATIC-BASELINE]
CMD      : M104 | effects={'M': 104.0, 'S': 220.0, 'prev_temp': 200.0}
DECISION : ALLOW
------------------------------------------------------------
[SEQ 548] [IEEE-BASELINE]
SCORE    : anomaly_score=16.071
DECISION : ALLOW
------------------------------------------------------------
[SEQ 549] [LAYER 3]
CMD      : M104 S200
TRUST    : acc_cmd=0.000 | acc_exec=0.333 | trust=0.095
DECISION : PAUSE
MACHINE  : Machine-3
------------------------------------------------------------
[SEQ 549] [STATIC-BASELINE]
CMD      : M104 | effects={'M': 104.0, 'S': 200.0, 'prev_temp': 220.0}
DECISION : ALLOW
------------------------------------------------------------
[SEQ 549] [IEEE-BASELINE]
SCORE    : anomaly_score=16.464
DECISION : ALLOW
------------------------------------------------------------
[SEQ 550] [LAYER 3]
CMD      : G1 X165.448 Y119.994 E11.82659
TRUST    : acc_cmd=0.000 | acc_exec=0.000 | trust=0.179
DECISION : PAUSE
MACHINE  : Machine-3
------------------------------------------------------------
[SEQ 550] [STATIC-BASELINE]
CMD      : G1 | effects={'dx': 1.0910000000000082, 'dy': 0.9000000000000057, 'dz': 0.0, 'de': 0.0017099999999992122, 'xy_dist': 1.4143129073864906, 'params': {'G': 1.0, 'X': 165.448, 'Y': 119.994, 'E': 11.82659}}
DECISION : ALLOW
------------------------------------------------------------
[SEQ 550] [IEEE-BASELINE]
SCORE    : anomaly_score=14.818
DECISION : ALLOW
------------------------------------------------------------
[SEQ 551] [LAYER 3]
CMD      : M104 S220
TRUST    : acc_cmd=0.000 | acc_exec=0.333 | trust=0.164
DECISION : PAUSE
MACHINE  : Machine-3
------------------------------------------------------------
[SEQ 551] [STATIC-BASELINE]
CMD      : M104 | effects={'M': 104.0, 'S': 220.0, 'prev_temp': 200.0}
DECISION : ALLOW
------------------------------------------------------------
[SEQ 551] [IEEE-BASELINE]
SCORE    : anomaly_score=15.336
DECISION : ALLOW
------------------------------------------------------------
[SEQ 552] [LAYER 3]
CMD      : M104 S200
TRUST    : acc_cmd=0.000 | acc_exec=0.333 | trust=0.137
DECISION : PAUSE
MACHINE  : Machine-3
------------------------------------------------------------
[SEQ 552] [STATIC-BASELINE]
CMD      : M104 | effects={'M': 104.0, 'S': 200.0, 'prev_temp': 220.0}
DECISION : ALLOW
------------------------------------------------------------
[SEQ 552] [IEEE-BASELINE]
SCORE    : anomaly_score=15.802
DECISION : ALLOW
------------------------------------------------------------
[SEQ 553] [LAYER 3]
CMD      : M104 S220
TRUST    : acc_cmd=0.000 | acc_exec=0.333 | trust=0.117
DECISION : PAUSE
MACHINE  : Machine-3
------------------------------------------------------------
[SEQ 553] [STATIC-BASELINE]
CMD      : M104 | effects={'M': 104.0, 'S': 220.0, 'prev_temp': 200.0}
DECISION : ALLOW
------------------------------------------------------------
[SEQ 553] [IEEE-BASELINE]
SCORE    : anomaly_score=16.222
DECISION : ALLOW
------------------------------------------------------------
[SEQ 554] [LAYER 3]
CMD      : M104 S200
TRUST    : acc_cmd=0.000 | acc_exec=0.333 | trust=0.103
DECISION : PAUSE
MACHINE  : Machine-3
------------------------------------------------------------
[SEQ 554] [STATIC-BASELINE]
CMD      : M104 | effects={'M': 104.0, 'S': 200.0, 'prev_temp': 220.0}
DECISION : ALLOW
------------------------------------------------------------
[SEQ 554] [IEEE-BASELINE]
SCORE    : anomaly_score=16.600
DECISION : ALLOW
------------------------------------------------------------
[SEQ 555] [LAYER 3]
CMD      : M104 S220
TRUST    : acc_cmd=0.000 | acc_exec=0.333 | trust=0.095
DECISION : PAUSE
MACHINE  : Machine-3
------------------------------------------------------------
[SEQ 555] [STATIC-BASELINE]
CMD      : M104 | effects={'M': 104.0, 'S': 220.0, 'prev_temp': 200.0}
DECISION : ALLOW
------------------------------------------------------------
[SEQ 555] [IEEE-BASELINE]
SCORE    : anomaly_score=16.940
DECISION : ALLOW
------------------------------------------------------------
[SEQ 556] [LAYER 4]
CMD      : M104 S200
TRUST    : acc_cmd=0.000 | acc_exec=0.333 | trust=0.090
DECISION : PAUSE
MACHINE  : Machine-3
------------------------------------------------------------
[SEQ 556] [STATIC-BASELINE]
CMD      : M104 | effects={'M': 104.0, 'S': 200.0, 'prev_temp': 220.0}
DECISION : ALLOW
------------------------------------------------------------
[SEQ 556] [IEEE-BASELINE]
SCORE    : anomaly_score=17.246
DECISION : ALLOW
------------------------------------------------------------
[SEQ 557] [LAYER 4]
CMD      : M104 S220
TRUST    : acc_cmd=0.000 | acc_exec=0.333 | trust=0.087
DECISION : PAUSE
MACHINE  : Machine-3
------------------------------------------------------------
[SEQ 557] [STATIC-BASELINE]
CMD      : M104 | effects={'M': 104.0, 'S': 220.0, 'prev_temp': 200.0}
DECISION : ALLOW
------------------------------------------------------------
[SEQ 557] [IEEE-BASELINE]
SCORE    : anomaly_score=17.521
DECISION : ALLOW
------------------------------------------------------------
[SEQ 558] [LAYER 4]
CMD      : M104 S200
TRUST    : acc_cmd=0.000 | acc_exec=0.333 | trust=0.085
DECISION : PAUSE
MACHINE  : Machine-3
------------------------------------------------------------
[SEQ 558] [STATIC-BASELINE]
CMD      : M104 | effects={'M': 104.0, 'S': 200.0, 'prev_temp': 220.0}
DECISION : ALLOW
------------------------------------------------------------
[SEQ 558] [IEEE-BASELINE]
SCORE    : anomaly_score=17.769
DECISION : ALLOW
------------------------------------------------------------
[SEQ 559] [LAYER 4]
CMD      : M104 S220
TRUST    : acc_cmd=0.000 | acc_exec=0.333 | trust=0.084
DECISION : PAUSE
MACHINE  : Machine-3
------------------------------------------------------------
[SEQ 559] [STATIC-BASELINE]
CMD      : M104 | effects={'M': 104.0, 'S': 220.0, 'prev_temp': 200.0}
DECISION : ALLOW
------------------------------------------------------------
[SEQ 559] [IEEE-BASELINE]
SCORE    : anomaly_score=17.992
DECISION : ALLOW
------------------------------------------------------------
[SEQ 560] [LAYER 4]
CMD      : M104 S200
TRUST    : acc_cmd=0.000 | acc_exec=0.333 | trust=0.083
DECISION : PAUSE
MACHINE  : Machine-3
------------------------------------------------------------
[SEQ 560] [STATIC-BASELINE]
CMD      : M104 | effects={'M': 104.0, 'S': 200.0, 'prev_temp': 220.0}
DECISION : ALLOW
------------------------------------------------------------
[SEQ 560] [IEEE-BASELINE]
SCORE    : anomaly_score=18.193
DECISION : ALLOW
------------------------------------------------------------
[SEQ 561] [LAYER 4]
CMD      : ;TIME_ELAPSED:30.666043
TRUST    : acc_cmd=0.000 | acc_exec=0.000 | trust=0.168
DECISION : PAUSE
MACHINE  : Machine-3
------------------------------------------------------------
[SEQ 561] [STATIC-BASELINE]
CMD      : None | effects={}
DECISION : ALLOW
------------------------------------------------------------
[SEQ 561] [IEEE-BASELINE]
SCORE    : anomaly_score=16.374
DECISION : ALLOW
------------------------------------------------------------
[SEQ 562] [LAYER 5]
CMD      : M104 S220
TRUST    : acc_cmd=0.000 | acc_exec=0.333 | trust=0.157
DECISION : PAUSE
MACHINE  : Machine-3
------------------------------------------------------------
[SEQ 562] [STATIC-BASELINE]
CMD      : M104 | effects={'M': 104.0, 'S': 220.0, 'prev_temp': 200.0}
DECISION : ALLOW
------------------------------------------------------------
[SEQ 562] [IEEE-BASELINE]
SCORE    : anomaly_score=16.736
DECISION : ALLOW
------------------------------------------------------------
[SEQ 563] [LAYER 5]
CMD      : M104 S200
TRUST    : acc_cmd=0.000 | acc_exec=0.333 | trust=0.133
DECISION : PAUSE
MACHINE  : Machine-3
------------------------------------------------------------
[SEQ 563] [STATIC-BASELINE]
CMD      : M104 | effects={'M': 104.0, 'S': 200.0, 'prev_temp': 220.0}
DECISION : ALLOW
------------------------------------------------------------
[SEQ 563] [IEEE-BASELINE]
SCORE    : anomaly_score=17.063
DECISION : ALLOW
------------------------------------------------------------
[SEQ 564] [LAYER 5]
CMD      : ;TYPE:WALL-OUTER
TRUST    : acc_cmd=0.000 | acc_exec=0.000 | trust=0.220
DECISION : PAUSE
MACHINE  : Machine-3
------------------------------------------------------------
[SEQ 564] [STATIC-BASELINE]
CMD      : None | effects={}
DECISION : ALLOW
------------------------------------------------------------
[SEQ 564] [IEEE-BASELINE]
SCORE    : anomaly_score=15.356
DECISION : ALLOW
------------------------------------------------------------
[SEQ 565] [LAYER 5]
CMD      : M104 S220
TRUST    : acc_cmd=0.000 | acc_exec=0.333 | trust=0.190
DECISION : PAUSE
MACHINE  : Machine-3
------------------------------------------------------------
[SEQ 565] [STATIC-BASELINE]
CMD      : M104 | effects={'M': 104.0, 'S': 220.0, 'prev_temp': 200.0}
DECISION : ALLOW
------------------------------------------------------------
[SEQ 565] [IEEE-BASELINE]
SCORE    : anomaly_score=15.821
DECISION : ALLOW
------------------------------------------------------------
[SEQ 566] [LAYER 5]
CMD      : M104 S200
TRUST    : acc_cmd=0.000 | acc_exec=0.333 | trust=0.152
DECISION : PAUSE
MACHINE  : Machine-3
------------------------------------------------------------
[SEQ 566] [STATIC-BASELINE]
CMD      : M104 | effects={'M': 104.0, 'S': 200.0, 'prev_temp': 220.0}
DECISION : ALLOW
------------------------------------------------------------
[SEQ 566] [IEEE-BASELINE]
SCORE    : anomaly_score=16.239
DECISION : ALLOW
------------------------------------------------------------
[SEQ 567] [LAYER 5]
CMD      : G1 F1200 X164.399 Y119.29 E11.82686
TRUST    : acc_cmd=0.000 | acc_exec=0.000 | trust=0.235
DECISION : PAUSE
MACHINE  : Machine-3
------------------------------------------------------------
[SEQ 567] [STATIC-BASELINE]
CMD      : G1 | effects={'dx': -1.0490000000000066, 'dy': -0.7039999999999935, 'dz': 0.0, 'de': 0.00027000000000043656, 'xy_dist': 1.263335664025996, 'params': {'G': 1.0, 'F': 1200.0, 'X': 164.399, 'Y': 119.29, 'E': 11.82686}}
DECISION : ALLOW
------------------------------------------------------------
[SEQ 567] [IEEE-BASELINE]
SCORE    : anomaly_score=14.615
DECISION : ALLOW
------------------------------------------------------------
[SEQ 568] [LAYER 5]
CMD      : M104 S220
TRUST    : acc_cmd=0.000 | acc_exec=0.333 | trust=0.199
DECISION : PAUSE
MACHINE  : Machine-3
------------------------------------------------------------
[SEQ 568] [STATIC-BASELINE]
CMD      : M104 | effects={'M': 104.0, 'S': 220.0, 'prev_temp': 200.0}
DECISION : ALLOW
------------------------------------------------------------
[SEQ 568] [IEEE-BASELINE]
SCORE    : anomaly_score=15.153
DECISION : ALLOW
------------------------------------------------------------
[SEQ 569] [LAYER 5]
CMD      : M104 S200
TRUST    : acc_cmd=0.000 | acc_exec=0.333 | trust=0.157
DECISION : PAUSE
MACHINE  : Machine-3
------------------------------------------------------------
[SEQ 569] [STATIC-BASELINE]
CMD      : M104 | effects={'M': 104.0, 'S': 200.0, 'prev_temp': 220.0}
DECISION : ALLOW
------------------------------------------------------------
[SEQ 569] [IEEE-BASELINE]
SCORE    : anomaly_score=15.638
DECISION : ALLOW
------------------------------------------------------------
[SEQ 570] [LAYER 5]
CMD      : M104 S220
TRUST    : acc_cmd=0.000 | acc_exec=0.333 | trust=0.128
DECISION : PAUSE
MACHINE  : Machine-3
------------------------------------------------------------
[SEQ 570] [STATIC-BASELINE]
CMD      : M104 | effects={'M': 104.0, 'S': 220.0, 'prev_temp': 200.0}
DECISION : ALLOW
------------------------------------------------------------
[SEQ 570] [IEEE-BASELINE]
SCORE    : anomaly_score=16.074
DECISION : ALLOW
------------------------------------------------------------
[SEQ 571] [LAYER 5]
CMD      : G0 F600 X164.436 Y119.268 Z1.4
TRUST    : acc_cmd=0.000 | acc_exec=0.000 | trust=0.209
DECISION : PAUSE
MACHINE  : Machine-3
------------------------------------------------------------
[SEQ 571] [STATIC-BASELINE]
CMD      : G0 | effects={'dx': 0.03700000000000614, 'dy': -0.02200000000000557, 'dz': 1.4, 'de': 0.0, 'xy_dist': 0.04304648650006989, 'params': {'G': 0.0, 'F': 600.0, 'X': 164.436, 'Y': 119.268, 'Z': 1.4}}
DECISION : ALLOW
------------------------------------------------------------
[SEQ 571] [IEEE-BASELINE]
SCORE    : anomaly_score=14.467
DECISION : ALLOW
------------------------------------------------------------
[SEQ 572] [LAYER 5]
CMD      : M104 S200
TRUST    : acc_cmd=0.000 | acc_exec=0.333 | trust=0.182
DECISION : PAUSE
MACHINE  : Machine-3
------------------------------------------------------------
[SEQ 572] [STATIC-BASELINE]
CMD      : M104 | effects={'M': 104.0, 'S': 200.0, 'prev_temp': 220.0}
DECISION : ALLOW
------------------------------------------------------------
[SEQ 572] [IEEE-BASELINE]
SCORE    : anomaly_score=15.020
DECISION : ALLOW
------------------------------------------------------------
[SEQ 573] [LAYER 5]
CMD      : M104 S220
TRUST    : acc_cmd=0.000 | acc_exec=0.333 | trust=0.148
DECISION : PAUSE
MACHINE  : Machine-3
------------------------------------------------------------
[SEQ 573] [STATIC-BASELINE]
CMD      : M104 | effects={'M': 104.0, 'S': 220.0, 'prev_temp': 200.0}
DECISION : ALLOW
------------------------------------------------------------
[SEQ 573] [IEEE-BASELINE]
SCORE    : anomaly_score=15.518
DECISION : ALLOW
------------------------------------------------------------
[SEQ 574] [LAYER 6]
CMD      : M104 S200
TRUST    : acc_cmd=0.000 | acc_exec=0.333 | trust=0.122
DECISION : PAUSE
MACHINE  : Machine-3
------------------------------------------------------------
[SEQ 574] [STATIC-BASELINE]
CMD      : M104 | effects={'M': 104.0, 'S': 200.0, 'prev_temp': 220.0}
DECISION : ALLOW
------------------------------------------------------------
[SEQ 574] [IEEE-BASELINE]
SCORE    : anomaly_score=15.966
DECISION : ALLOW
------------------------------------------------------------
[SEQ 575] [LAYER 6]
CMD      : M104 S220
TRUST    : acc_cmd=0.000 | acc_exec=0.333 | trust=0.106
DECISION : PAUSE
MACHINE  : Machine-3
------------------------------------------------------------
[SEQ 575] [STATIC-BASELINE]
CMD      : M104 | effects={'M': 104.0, 'S': 220.0, 'prev_temp': 200.0}
DECISION : ALLOW
------------------------------------------------------------
[SEQ 575] [IEEE-BASELINE]
SCORE    : anomaly_score=16.370
DECISION : ALLOW
------------------------------------------------------------
[SEQ 576] [LAYER 6]
CMD      : M104 S200
TRUST    : acc_cmd=0.000 | acc_exec=0.333 | trust=0.096
DECISION : PAUSE
MACHINE  : Machine-3
------------------------------------------------------------
[SEQ 576] [STATIC-BASELINE]
CMD      : M104 | effects={'M': 104.0, 'S': 200.0, 'prev_temp': 220.0}
DECISION : ALLOW
------------------------------------------------------------
[SEQ 576] [IEEE-BASELINE]
SCORE    : anomaly_score=16.733
DECISION : ALLOW
------------------------------------------------------------
[SEQ 577] [LAYER 6]
CMD      : M104 S220
TRUST    : acc_cmd=0.000 | acc_exec=0.333 | trust=0.091
DECISION : PAUSE
MACHINE  : Machine-3
------------------------------------------------------------
[SEQ 577] [STATIC-BASELINE]
CMD      : M104 | effects={'M': 104.0, 'S': 220.0, 'prev_temp': 200.0}
DECISION : ALLOW
------------------------------------------------------------
[SEQ 577] [IEEE-BASELINE]
SCORE    : anomaly_score=17.059
DECISION : ALLOW
------------------------------------------------------------
[SEQ 578] [LAYER 6]
CMD      : M104 S200
TRUST    : acc_cmd=0.000 | acc_exec=0.333 | trust=0.087
DECISION : PAUSE
MACHINE  : Machine-3
------------------------------------------------------------
[SEQ 578] [STATIC-BASELINE]
CMD      : M104 | effects={'M': 104.0, 'S': 200.0, 'prev_temp': 220.0}
DECISION : ALLOW
------------------------------------------------------------
[SEQ 578] [IEEE-BASELINE]
SCORE    : anomaly_score=17.353
DECISION : ALLOW
------------------------------------------------------------
[SEQ 579] [LAYER 6]
CMD      : M104 S220
TRUST    : acc_cmd=0.000 | acc_exec=0.333 | trust=0.085
DECISION : PAUSE
MACHINE  : Machine-3
------------------------------------------------------------
[SEQ 579] [STATIC-BASELINE]
CMD      : M104 | effects={'M': 104.0, 'S': 220.0, 'prev_temp': 200.0}
DECISION : ALLOW
------------------------------------------------------------
[SEQ 579] [IEEE-BASELINE]
SCORE    : anomaly_score=17.618
DECISION : ALLOW
------------------------------------------------------------
[SEQ 580] [LAYER 6]
CMD      : M104 S200
TRUST    : acc_cmd=0.000 | acc_exec=0.333 | trust=0.084
DECISION : PAUSE
MACHINE  : Machine-3
------------------------------------------------------------
[SEQ 580] [STATIC-BASELINE]
CMD      : M104 | effects={'M': 104.0, 'S': 200.0, 'prev_temp': 220.0}
DECISION : ALLOW
------------------------------------------------------------
[SEQ 580] [IEEE-BASELINE]
SCORE    : anomaly_score=17.856
DECISION : ALLOW
------------------------------------------------------------
[SEQ 581] [LAYER 6]
CMD      : M104 S220
TRUST    : acc_cmd=0.000 | acc_exec=0.333 | trust=0.083
DECISION : PAUSE
MACHINE  : Machine-3
------------------------------------------------------------
[SEQ 581] [STATIC-BASELINE]
CMD      : M104 | effects={'M': 104.0, 'S': 220.0, 'prev_temp': 200.0}
DECISION : ALLOW
------------------------------------------------------------
[SEQ 581] [IEEE-BASELINE]
SCORE    : anomaly_score=18.071
DECISION : ALLOW
------------------------------------------------------------
[SEQ 582] [LAYER 6]
CMD      : M104 S200
TRUST    : acc_cmd=0.000 | acc_exec=0.333 | trust=0.083
DECISION : PAUSE
MACHINE  : Machine-3
------------------------------------------------------------
[SEQ 582] [STATIC-BASELINE]
CMD      : M104 | effects={'M': 104.0, 'S': 200.0, 'prev_temp': 220.0}
DECISION : ALLOW
------------------------------------------------------------
[SEQ 582] [IEEE-BASELINE]
SCORE    : anomaly_score=18.264
DECISION : ALLOW
------------------------------------------------------------
[SEQ 583] [LAYER 6]
CMD      : M104 S220
TRUST    : acc_cmd=0.000 | acc_exec=0.333 | trust=0.082
DECISION : PAUSE
MACHINE  : Machine-3
------------------------------------------------------------
[SEQ 583] [STATIC-BASELINE]
CMD      : M104 | effects={'M': 104.0, 'S': 220.0, 'prev_temp': 200.0}
DECISION : ALLOW
------------------------------------------------------------
[SEQ 583] [IEEE-BASELINE]
SCORE    : anomaly_score=18.437
DECISION : ALLOW
------------------------------------------------------------
[SEQ 584] [LAYER 6]
CMD      : ;TIME_ELAPSED:31.119506
TRUST    : acc_cmd=0.000 | acc_exec=0.000 | trust=0.167
DECISION : PAUSE
MACHINE  : Machine-3
------------------------------------------------------------
[SEQ 584] [STATIC-BASELINE]
CMD      : None | effects={}
DECISION : ALLOW
------------------------------------------------------------
[SEQ 584] [IEEE-BASELINE]
SCORE    : anomaly_score=16.594
DECISION : ALLOW
------------------------------------------------------------
[SEQ 585] [LAYER 7]
CMD      : M104 S200
TRUST    : acc_cmd=0.000 | acc_exec=0.333 | trust=0.157
DECISION : PAUSE
MACHINE  : Machine-3
------------------------------------------------------------
[SEQ 585] [STATIC-BASELINE]
CMD      : M104 | effects={'M': 104.0, 'S': 200.0, 'prev_temp': 220.0}
DECISION : ALLOW
------------------------------------------------------------
[SEQ 585] [IEEE-BASELINE]
SCORE    : anomaly_score=16.934
DECISION : ALLOW
------------------------------------------------------------
[SEQ 586] [LAYER 7]
CMD      : M104 S220
TRUST    : acc_cmd=0.000 | acc_exec=0.333 | trust=0.133
DECISION : PAUSE
MACHINE  : Machine-3
------------------------------------------------------------
[SEQ 586] [STATIC-BASELINE]
CMD      : M104 | effects={'M': 104.0, 'S': 220.0, 'prev_temp': 200.0}
DECISION : ALLOW
------------------------------------------------------------
[SEQ 586] [IEEE-BASELINE]
SCORE    : anomaly_score=17.241
DECISION : ALLOW
------------------------------------------------------------
[SEQ 587] [LAYER 7]
CMD      : M104 S200
TRUST    : acc_cmd=0.000 | acc_exec=0.333 | trust=0.114
DECISION : PAUSE
MACHINE  : Machine-3
------------------------------------------------------------
[SEQ 587] [STATIC-BASELINE]
CMD      : M104 | effects={'M': 104.0, 'S': 200.0, 'prev_temp': 220.0}
DECISION : ALLOW
------------------------------------------------------------
[SEQ 587] [IEEE-BASELINE]
SCORE    : anomaly_score=17.517
DECISION : ALLOW
------------------------------------------------------------
[SEQ 588] [LAYER 7]
CMD      : M104 S220
TRUST    : acc_cmd=0.000 | acc_exec=0.333 | trust=0.102
DECISION : PAUSE
MACHINE  : Machine-3
------------------------------------------------------------
[SEQ 588] [STATIC-BASELINE]
CMD      : M104 | effects={'M': 104.0, 'S': 220.0, 'prev_temp': 200.0}
DECISION : ALLOW
------------------------------------------------------------
[SEQ 588] [IEEE-BASELINE]
SCORE    : anomaly_score=17.765
DECISION : ALLOW
------------------------------------------------------------
[SEQ 589] [LAYER 7]
CMD      : M104 S200
TRUST    : acc_cmd=0.000 | acc_exec=0.333 | trust=0.094
DECISION : PAUSE
MACHINE  : Machine-3
------------------------------------------------------------
[SEQ 589] [STATIC-BASELINE]
CMD      : M104 | effects={'M': 104.0, 'S': 200.0, 'prev_temp': 220.0}
DECISION : ALLOW
------------------------------------------------------------
[SEQ 589] [IEEE-BASELINE]
SCORE    : anomaly_score=17.989
DECISION : ALLOW
------------------------------------------------------------
[SEQ 590] [LAYER 7]
CMD      : M104 S220
TRUST    : acc_cmd=0.000 | acc_exec=0.333 | trust=0.089
DECISION : PAUSE
MACHINE  : Machine-3
------------------------------------------------------------
[SEQ 590] [STATIC-BASELINE]
CMD      : M104 | effects={'M': 104.0, 'S': 220.0, 'prev_temp': 200.0}
DECISION : ALLOW
------------------------------------------------------------
[SEQ 590] [IEEE-BASELINE]
SCORE    : anomaly_score=18.190
DECISION : ALLOW
------------------------------------------------------------
[SEQ 591] [LAYER 7]
CMD      : G1 X164.335 Y119.077 E11.83029
TRUST    : acc_cmd=0.000 | acc_exec=0.000 | trust=0.173
DECISION : PAUSE
MACHINE  : Machine-3
------------------------------------------------------------
[SEQ 591] [STATIC-BASELINE]
CMD      : G1 | effects={'dx': -0.10099999999999909, 'dy': -0.1910000000000025, 'dz': 0.0, 'de': 0.003429999999999822, 'xy_dist': 0.21606017680266942, 'params': {'G': 1.0, 'X': 164.335, 'Y': 119.077, 'E': 11.83029}}
DECISION : ALLOW
------------------------------------------------------------
[SEQ 591] [IEEE-BASELINE]
SCORE    : anomaly_score=16.371
DECISION : ALLOW
------------------------------------------------------------
[SEQ 592] [LAYER 7]
CMD      : M104 S200
TRUST    : acc_cmd=0.000 | acc_exec=0.333 | trust=0.161
DECISION : PAUSE
MACHINE  : Machine-3
------------------------------------------------------------
[SEQ 592] [STATIC-BASELINE]
CMD      : M104 | effects={'M': 104.0, 'S': 200.0, 'prev_temp': 220.0}
DECISION : ALLOW
------------------------------------------------------------
[SEQ 592] [IEEE-BASELINE]
SCORE    : anomaly_score=16.734
DECISION : ALLOW
------------------------------------------------------------
[SEQ 593] [LAYER 7]
CMD      : M104 S220
TRUST    : acc_cmd=0.000 | acc_exec=0.333 | trust=0.136
DECISION : PAUSE
MACHINE  : Machine-3
------------------------------------------------------------
[SEQ 593] [STATIC-BASELINE]
CMD      : M104 | effects={'M': 104.0, 'S': 220.0, 'prev_temp': 200.0}
DECISION : ALLOW
------------------------------------------------------------
[SEQ 593] [IEEE-BASELINE]
SCORE    : anomaly_score=17.060
DECISION : ALLOW
------------------------------------------------------------
[SEQ 594] [LAYER 7]
CMD      : ;MESH:NONMESH
TRUST    : acc_cmd=0.000 | acc_exec=0.000 | trust=0.221
DECISION : PAUSE
MACHINE  : Machine-3
------------------------------------------------------------
[SEQ 594] [STATIC-BASELINE]
CMD      : None | effects={}
DECISION : ALLOW
------------------------------------------------------------
[SEQ 594] [IEEE-BASELINE]
SCORE    : anomaly_score=15.354
DECISION : ALLOW
------------------------------------------------------------
[SEQ 595] [LAYER 7]
CMD      : M104 S200
TRUST    : acc_cmd=0.000 | acc_exec=0.333 | trust=0.191
DECISION : PAUSE
MACHINE  : Machine-3
------------------------------------------------------------
[SEQ 595] [STATIC-BASELINE]
CMD      : M104 | effects={'M': 104.0, 'S': 200.0, 'prev_temp': 220.0}
DECISION : ALLOW
------------------------------------------------------------
[SEQ 595] [IEEE-BASELINE]
SCORE    : anomaly_score=15.819
DECISION : ALLOW
------------------------------------------------------------
[SEQ 596] [LAYER 7]
CMD      : M104 S220
TRUST    : acc_cmd=0.000 | acc_exec=0.333 | trust=0.153
DECISION : PAUSE
MACHINE  : Machine-3
------------------------------------------------------------
[SEQ 596] [STATIC-BASELINE]
CMD      : M104 | effects={'M': 104.0, 'S': 220.0, 'prev_temp': 200.0}
DECISION : ALLOW
------------------------------------------------------------
[SEQ 596] [IEEE-BASELINE]
SCORE    : anomaly_score=16.237
DECISION : ALLOW
------------------------------------------------------------
[SEQ 597] [LAYER 7]
CMD      : M104 S200
TRUST    : acc_cmd=0.000 | acc_exec=0.333 | trust=0.125
DECISION : PAUSE
MACHINE  : Machine-3
------------------------------------------------------------
[SEQ 597] [STATIC-BASELINE]
CMD      : M104 | effects={'M': 104.0, 'S': 200.0, 'prev_temp': 220.0}
DECISION : ALLOW
------------------------------------------------------------
[SEQ 597] [IEEE-BASELINE]
SCORE    : anomaly_score=16.613
DECISION : ALLOW
------------------------------------------------------------
[SEQ 598] [LAYER 7]
CMD      : ;TIME_ELAPSED:33.197905
TRUST    : acc_cmd=0.000 | acc_exec=0.000 | trust=0.207
DECISION : PAUSE
MACHINE  : Machine-3
------------------------------------------------------------
[SEQ 598] [STATIC-BASELINE]
CMD      : None | effects={}
DECISION : ALLOW
------------------------------------------------------------
[SEQ 598] [IEEE-BASELINE]
SCORE    : anomaly_score=14.952
DECISION : ALLOW
------------------------------------------------------------
[SEQ 599] [LAYER 8]
CMD      : ;LAYER:8
TRUST    : acc_cmd=0.000 | acc_exec=0.000 | trust=0.351
DECISION : PAUSE
MACHINE  : Machine-3
------------------------------------------------------------
[SEQ 599] [STATIC-BASELINE]
CMD      : None | effects={}
DECISION : ALLOW
------------------------------------------------------------
[SEQ 599] [IEEE-BASELINE]
SCORE    : anomaly_score=13.457
DECISION : ALLOW
------------------------------------------------------------
[SEQ 600] [LAYER 8]
CMD      : M104 S220
TRUST    : acc_cmd=0.000 | acc_exec=0.333 | trust=0.277
DECISION : PAUSE
MACHINE  : Machine-3
------------------------------------------------------------
[SEQ 600] [STATIC-BASELINE]
CMD      : M104 | effects={'M': 104.0, 'S': 220.0, 'prev_temp': 200.0}
DECISION : ALLOW
------------------------------------------------------------
[SEQ 600] [IEEE-BASELINE]
SCORE    : anomaly_score=14.111
DECISION : ALLOW
------------------------------------------------------------
[SEQ 601] [LAYER 8]
CMD      : M104 S200
TRUST    : acc_cmd=0.000 | acc_exec=0.333 | trust=0.201
DECISION : PAUSE
MACHINE  : Machine-3
------------------------------------------------------------
[SEQ 601] [STATIC-BASELINE]
CMD      : M104 | effects={'M': 104.0, 'S': 200.0, 'prev_temp': 220.0}
DECISION : ALLOW
------------------------------------------------------------
[SEQ 601] [IEEE-BASELINE]
SCORE    : anomaly_score=14.700
DECISION : ALLOW
------------------------------------------------------------
[SEQ 602] [LAYER 8]
CMD      : M104 S220
TRUST    : acc_cmd=0.000 | acc_exec=0.333 | trust=0.152
DECISION : PAUSE
MACHINE  : Machine-3
------------------------------------------------------------
[SEQ 602] [STATIC-BASELINE]
CMD      : M104 | effects={'M': 104.0, 'S': 220.0, 'prev_temp': 200.0}
DECISION : ALLOW
------------------------------------------------------------
[SEQ 602] [IEEE-BASELINE]
SCORE    : anomaly_score=15.230
DECISION : ALLOW
------------------------------------------------------------
[SEQ 603] [LAYER 8]
CMD      : M104 S200
TRUST    : acc_cmd=0.000 | acc_exec=0.333 | trust=0.122
DECISION : PAUSE
MACHINE  : Machine-3
------------------------------------------------------------
[SEQ 603] [STATIC-BASELINE]
CMD      : M104 | effects={'M': 104.0, 'S': 200.0, 'prev_temp': 220.0}
DECISION : ALLOW
------------------------------------------------------------
[SEQ 603] [IEEE-BASELINE]
SCORE    : anomaly_score=15.707
DECISION : ALLOW
------------------------------------------------------------
[SEQ 604] [LAYER 8]
CMD      : M82 ;absolute extrusion mode
TRUST    : acc_cmd=0.000 | acc_exec=0.000 | trust=0.202
DECISION : PAUSE
MACHINE  : Machine-3
------------------------------------------------------------
[SEQ 604] [STATIC-BASELINE]
CMD      : M82 | effects={'e_mode': 'absolute'}
DECISION : ALLOW
------------------------------------------------------------
[SEQ 604] [IEEE-BASELINE]
SCORE    : anomaly_score=14.136
DECISION : ALLOW
------------------------------------------------------------
[SEQ 605] [LAYER 8]
CMD      : M104 S0
TRUST    : acc_cmd=0.000 | acc_exec=0.000 | trust=0.345
DECISION : PAUSE
MACHINE  : Machine-3
------------------------------------------------------------
[SEQ 605] [STATIC-BASELINE]
CMD      : M104 | effects={'M': 104.0, 'S': 0.0, 'prev_temp': 200.0}
DECISION : ALLOW
------------------------------------------------------------
[SEQ 605] [IEEE-BASELINE]
SCORE    : anomaly_score=12.723
DECISION : ALLOW
------------------------------------------------------------
[SEQ 606] [LAYER 8]
CMD      : M104 T1 S0
TRUST    : acc_cmd=0.000 | acc_exec=0.000 | trust=0.504
DECISION : ALLOW
MACHINE  : Machine-3
------------------------------------------------------------
[SEQ 606] [STATIC-BASELINE]
CMD      : M104 | effects={'M': 104.0, 'T': 1.0, 'S': 0.0, 'prev_temp': 0.0}
DECISION : ALLOW
------------------------------------------------------------
[SEQ 606] [IEEE-BASELINE]
SCORE    : anomaly_score=11.450
DECISION : ALLOW
------------------------------------------------------------
[SEQ 607] [LAYER 8]
CMD      : M104 S220
TRUST    : acc_cmd=0.000 | acc_exec=0.000 | trust=0.648
DECISION : ALLOW
MACHINE  : Machine-3
------------------------------------------------------------
[SEQ 607] [STATIC-BASELINE]
CMD      : M104 | effects={'M': 104.0, 'S': 220.0, 'prev_temp': 0.0}
DECISION : ALLOW
------------------------------------------------------------
[SEQ 607] [IEEE-BASELINE]
SCORE    : anomaly_score=12.305
DECISION : ALLOW
------------------------------------------------------------

============================================================
DT-3 FINISHED
FINAL TRUST: 0.648
END TIME  : 2026-04-29 21:28:35.041109
============================================================
