============================================================
DT-3 SIMULATION LOG
START TIME: 2026-04-16 21:18:46.110216
============================================================

[SEQ 0] [LAYER INIT]
CMD      : M104 S220
TRUST    : acc_cmd=0.000 | acc_exec=0.000 | trust=0.900
DECISION : ALLOW
MACHINE  : Machine-3
------------------------------------------------------------
[SEQ 0] [STATIC-BASELINE]
CMD      : M104 | effects={'M': 104.0, 'S': 220.0, 'prev_temp': None}
DECISION : ALLOW
------------------------------------------------------------
[SEQ 0] [IEEE-BASELINE]
SCORE    : anomaly_score=0.000
DECISION : ALLOW
------------------------------------------------------------
[SEQ 1] [LAYER INIT]
CMD      : ;HEADER_VERSION:0.1
TRUST    : acc_cmd=0.000 | acc_exec=0.000 | trust=0.960
DECISION : ALLOW
MACHINE  : Machine-3
------------------------------------------------------------
[SEQ 1] [STATIC-BASELINE]
CMD      : None | effects={}
DECISION : ALLOW
------------------------------------------------------------
[SEQ 1] [IEEE-BASELINE]
SCORE    : anomaly_score=0.000
DECISION : ALLOW
------------------------------------------------------------
[SEQ 2] [LAYER INIT]
CMD      : ;FLAVOR:Griffin
TRUST    : acc_cmd=0.000 | acc_exec=0.000 | trust=0.984
DECISION : ALLOW
MACHINE  : Machine-3
------------------------------------------------------------
[SEQ 2] [STATIC-BASELINE]
CMD      : None | effects={}
DECISION : ALLOW
------------------------------------------------------------
[SEQ 2] [IEEE-BASELINE]
SCORE    : anomaly_score=0.000
DECISION : ALLOW
------------------------------------------------------------
[SEQ 3] [LAYER INIT]
CMD      : ;GENERATOR.NAME:Cura_SteamEngine
TRUST    : acc_cmd=0.000 | acc_exec=0.000 | trust=0.994
DECISION : ALLOW
MACHINE  : Machine-3
------------------------------------------------------------
[SEQ 3] [STATIC-BASELINE]
CMD      : None | effects={}
DECISION : ALLOW
------------------------------------------------------------
[SEQ 3] [IEEE-BASELINE]
SCORE    : anomaly_score=0.000
DECISION : ALLOW
------------------------------------------------------------
[SEQ 4] [LAYER INIT]
CMD      : M104 S200
TRUST    : acc_cmd=0.000 | acc_exec=0.333 | trust=0.618
DECISION : ALLOW
MACHINE  : Machine-3
------------------------------------------------------------
[SEQ 4] [STATIC-BASELINE]
CMD      : M104 | effects={'M': 104.0, 'S': 200.0, 'prev_temp': 220.0}
DECISION : ALLOW
------------------------------------------------------------
[SEQ 4] [IEEE-BASELINE]
SCORE    : anomaly_score=0.000
DECISION : ALLOW
------------------------------------------------------------
[SEQ 5] [LAYER INIT]
CMD      : M104 S220
TRUST    : acc_cmd=0.000 | acc_exec=0.333 | trust=0.368
DECISION : PAUSE
MACHINE  : Machine-3
------------------------------------------------------------
[SEQ 5] [STATIC-BASELINE]
CMD      : M104 | effects={'M': 104.0, 'S': 220.0, 'prev_temp': 200.0}
DECISION : ALLOW
------------------------------------------------------------
[SEQ 5] [IEEE-BASELINE]
SCORE    : anomaly_score=0.000
DECISION : ALLOW
------------------------------------------------------------
[SEQ 6] [LAYER INIT]
CMD      : ;TARGET_MACHINE.NAME:Ultimaker S5
TRUST    : acc_cmd=0.000 | acc_exec=0.000 | trust=0.377
DECISION : PAUSE
MACHINE  : Machine-3
------------------------------------------------------------
[SEQ 6] [STATIC-BASELINE]
CMD      : None | effects={}
DECISION : ALLOW
------------------------------------------------------------
[SEQ 6] [IEEE-BASELINE]
SCORE    : anomaly_score=0.000
DECISION : ALLOW
------------------------------------------------------------
[SEQ 7] [LAYER INIT]
CMD      : ;EXTRUDER_TRAIN.0.INITIAL_TEMPERATURE:215
TRUST    : acc_cmd=0.000 | acc_exec=0.000 | trust=0.488
DECISION : PAUSE
MACHINE  : Machine-3
------------------------------------------------------------
[SEQ 7] [STATIC-BASELINE]
CMD      : None | effects={}
DECISION : ALLOW
------------------------------------------------------------
[SEQ 7] [IEEE-BASELINE]
SCORE    : anomaly_score=0.000
DECISION : ALLOW
------------------------------------------------------------
[SEQ 8] [LAYER INIT]
CMD      : M104 S200
TRUST    : acc_cmd=0.000 | acc_exec=0.333 | trust=0.351
DECISION : PAUSE
MACHINE  : Machine-3
------------------------------------------------------------
[SEQ 8] [STATIC-BASELINE]
CMD      : M104 | effects={'M': 104.0, 'S': 200.0, 'prev_temp': 220.0}
DECISION : ALLOW
------------------------------------------------------------
[SEQ 8] [IEEE-BASELINE]
SCORE    : anomaly_score=2.000
DECISION : ALLOW
------------------------------------------------------------
[SEQ 9] [LAYER INIT]
CMD      : M104 S220
TRUST    : acc_cmd=0.000 | acc_exec=0.333 | trust=0.239
DECISION : PAUSE
MACHINE  : Machine-3
------------------------------------------------------------
[SEQ 9] [STATIC-BASELINE]
CMD      : M104 | effects={'M': 104.0, 'S': 220.0, 'prev_temp': 200.0}
DECISION : ALLOW
------------------------------------------------------------
[SEQ 9] [IEEE-BASELINE]
SCORE    : anomaly_score=3.800
DECISION : ALLOW
------------------------------------------------------------
[SEQ 10] [LAYER INIT]
CMD      : M104 S200
TRUST    : acc_cmd=0.000 | acc_exec=0.333 | trust=0.170
DECISION : PAUSE
MACHINE  : Machine-3
------------------------------------------------------------
[SEQ 10] [STATIC-BASELINE]
CMD      : M104 | effects={'M': 104.0, 'S': 200.0, 'prev_temp': 220.0}
DECISION : ALLOW
------------------------------------------------------------
[SEQ 10] [IEEE-BASELINE]
SCORE    : anomaly_score=5.420
DECISION : ALLOW
------------------------------------------------------------
[SEQ 11] [LAYER INIT]
CMD      : M104 S220
TRUST    : acc_cmd=0.000 | acc_exec=0.333 | trust=0.131
DECISION : PAUSE
MACHINE  : Machine-3
------------------------------------------------------------
[SEQ 11] [STATIC-BASELINE]
CMD      : M104 | effects={'M': 104.0, 'S': 220.0, 'prev_temp': 200.0}
DECISION : ALLOW
------------------------------------------------------------
[SEQ 11] [IEEE-BASELINE]
SCORE    : anomaly_score=6.878
DECISION : ALLOW
------------------------------------------------------------
[SEQ 12] [LAYER INIT]
CMD      : ;PRINT.GROUPS:1
TRUST    : acc_cmd=0.000 | acc_exec=0.000 | trust=0.208
DECISION : PAUSE
MACHINE  : Machine-3
------------------------------------------------------------
[SEQ 12] [STATIC-BASELINE]
CMD      : None | effects={}
DECISION : ALLOW
------------------------------------------------------------
[SEQ 12] [IEEE-BASELINE]
SCORE    : anomaly_score=6.190
DECISION : ALLOW
------------------------------------------------------------
[SEQ 13] [LAYER INIT]
CMD      : M104 S200
TRUST    : acc_cmd=0.000 | acc_exec=0.333 | trust=0.181
DECISION : PAUSE
MACHINE  : Machine-3
------------------------------------------------------------
[SEQ 13] [STATIC-BASELINE]
CMD      : M104 | effects={'M': 104.0, 'S': 200.0, 'prev_temp': 220.0}
DECISION : ALLOW
------------------------------------------------------------
[SEQ 13] [IEEE-BASELINE]
SCORE    : anomaly_score=7.571
DECISION : ALLOW
------------------------------------------------------------
[SEQ 14] [LAYER INIT]
CMD      : M104 S220
TRUST    : acc_cmd=0.000 | acc_exec=0.333 | trust=0.147
DECISION : PAUSE
MACHINE  : Machine-3
------------------------------------------------------------
[SEQ 14] [STATIC-BASELINE]
CMD      : M104 | effects={'M': 104.0, 'S': 220.0, 'prev_temp': 200.0}
DECISION : ALLOW
------------------------------------------------------------
[SEQ 14] [IEEE-BASELINE]
SCORE    : anomaly_score=8.814
DECISION : ALLOW
------------------------------------------------------------
[SEQ 15] [LAYER INIT]
CMD      : ;PRINT.SIZE.MIN.Z:0
TRUST    : acc_cmd=0.000 | acc_exec=0.000 | trust=0.230
DECISION : PAUSE
MACHINE  : Machine-3
------------------------------------------------------------
[SEQ 15] [STATIC-BASELINE]
CMD      : None | effects={}
DECISION : ALLOW
------------------------------------------------------------
[SEQ 15] [IEEE-BASELINE]
SCORE    : anomaly_score=7.933
DECISION : ALLOW
------------------------------------------------------------
[SEQ 16] [LAYER INIT]
CMD      : M104 S200
TRUST    : acc_cmd=0.000 | acc_exec=0.333 | trust=0.196
DECISION : PAUSE
MACHINE  : Machine-3
------------------------------------------------------------
[SEQ 16] [STATIC-BASELINE]
CMD      : M104 | effects={'M': 104.0, 'S': 200.0, 'prev_temp': 220.0}
DECISION : ALLOW
------------------------------------------------------------
[SEQ 16] [IEEE-BASELINE]
SCORE    : anomaly_score=9.139
DECISION : ALLOW
------------------------------------------------------------
[SEQ 17] [LAYER INIT]
CMD      : M104 S220
TRUST    : acc_cmd=0.000 | acc_exec=0.333 | trust=0.156
DECISION : PAUSE
MACHINE  : Machine-3
------------------------------------------------------------
[SEQ 17] [STATIC-BASELINE]
CMD      : M104 | effects={'M': 104.0, 'S': 220.0, 'prev_temp': 200.0}
DECISION : ALLOW
------------------------------------------------------------
[SEQ 17] [IEEE-BASELINE]
SCORE    : anomaly_score=10.225
DECISION : ALLOW
------------------------------------------------------------
[SEQ 18] [LAYER INIT]
CMD      : ;PRINT.SIZE.MAX.Z:0.01
TRUST    : acc_cmd=0.000 | acc_exec=0.000 | trust=0.238
DECISION : PAUSE
MACHINE  : Machine-3
------------------------------------------------------------
[SEQ 18] [STATIC-BASELINE]
CMD      : None | effects={}
DECISION : ALLOW
------------------------------------------------------------
[SEQ 18] [IEEE-BASELINE]
SCORE    : anomaly_score=9.203
DECISION : ALLOW
------------------------------------------------------------
[SEQ 19] [LAYER INIT]
CMD      : ;SLICE_UUID:482986a1-7301-41dc-ab2a-1f3bec8e9502
TRUST    : acc_cmd=0.000 | acc_exec=0.000 | trust=0.382
DECISION : PAUSE
MACHINE  : Machine-3
------------------------------------------------------------
[SEQ 19] [STATIC-BASELINE]
CMD      : None | effects={}
DECISION : ALLOW
------------------------------------------------------------
[SEQ 19] [IEEE-BASELINE]
SCORE    : anomaly_score=8.283
DECISION : ALLOW
------------------------------------------------------------
[SEQ 20] [LAYER INIT]
CMD      : M104 S200
TRUST    : acc_cmd=0.000 | acc_exec=0.333 | trust=0.294
DECISION : PAUSE
MACHINE  : Machine-3
------------------------------------------------------------
[SEQ 20] [STATIC-BASELINE]
CMD      : M104 | effects={'M': 104.0, 'S': 200.0, 'prev_temp': 220.0}
DECISION : ALLOW
------------------------------------------------------------
[SEQ 20] [IEEE-BASELINE]
SCORE    : anomaly_score=9.454
DECISION : ALLOW
------------------------------------------------------------
[SEQ 21] [LAYER INIT]
CMD      : M104 S220
TRUST    : acc_cmd=0.000 | acc_exec=0.333 | trust=0.211
DECISION : PAUSE
MACHINE  : Machine-3
------------------------------------------------------------
[SEQ 21] [STATIC-BASELINE]
CMD      : M104 | effects={'M': 104.0, 'S': 220.0, 'prev_temp': 200.0}
DECISION : ALLOW
------------------------------------------------------------
[SEQ 21] [IEEE-BASELINE]
SCORE    : anomaly_score=10.509
DECISION : ALERT
------------------------------------------------------------
[SEQ 22] [LAYER INIT]
CMD      : M104 S200
TRUST    : acc_cmd=0.000 | acc_exec=0.333 | trust=0.156
DECISION : PAUSE
MACHINE  : Machine-3
------------------------------------------------------------
[SEQ 22] [STATIC-BASELINE]
CMD      : M104 | effects={'M': 104.0, 'S': 200.0, 'prev_temp': 220.0}
DECISION : ALLOW
------------------------------------------------------------
[SEQ 22] [IEEE-BASELINE]
SCORE    : anomaly_score=11.458
DECISION : ALLOW
------------------------------------------------------------
[SEQ 23] [LAYER INIT]
CMD      : M104 S220
TRUST    : acc_cmd=0.000 | acc_exec=0.333 | trust=0.124
DECISION : PAUSE
MACHINE  : Machine-3
------------------------------------------------------------
[SEQ 23] [STATIC-BASELINE]
CMD      : M104 | effects={'M': 104.0, 'S': 220.0, 'prev_temp': 200.0}
DECISION : ALLOW
------------------------------------------------------------
[SEQ 23] [IEEE-BASELINE]
SCORE    : anomaly_score=12.312
DECISION : ALLOW
------------------------------------------------------------
[SEQ 24] [LAYER INIT]
CMD      : 
TRUST    : acc_cmd=0.000 | acc_exec=0.000 | trust=0.203
DECISION : PAUSE
MACHINE  : Machine-3
------------------------------------------------------------
[SEQ 24] [STATIC-BASELINE]
CMD      : None | effects={}
DECISION : ALLOW
------------------------------------------------------------
[SEQ 24] [IEEE-BASELINE]
SCORE    : anomaly_score=11.081
DECISION : ALLOW
------------------------------------------------------------
[SEQ 25] [LAYER INIT]
CMD      : M104 S200
TRUST    : acc_cmd=0.000 | acc_exec=0.333 | trust=0.179
DECISION : PAUSE
MACHINE  : Machine-3
------------------------------------------------------------
[SEQ 25] [STATIC-BASELINE]
CMD      : M104 | effects={'M': 104.0, 'S': 200.0, 'prev_temp': 220.0}
DECISION : ALLOW
------------------------------------------------------------
[SEQ 25] [IEEE-BASELINE]
SCORE    : anomaly_score=11.973
DECISION : ALLOW
------------------------------------------------------------
[SEQ 26] [LAYER INIT]
CMD      : M104 S220
TRUST    : acc_cmd=0.000 | acc_exec=0.333 | trust=0.146
DECISION : PAUSE
MACHINE  : Machine-3
------------------------------------------------------------
[SEQ 26] [STATIC-BASELINE]
CMD      : M104 | effects={'M': 104.0, 'S': 220.0, 'prev_temp': 200.0}
DECISION : ALLOW
------------------------------------------------------------
[SEQ 26] [IEEE-BASELINE]
SCORE    : anomaly_score=12.776
DECISION : ALLOW
------------------------------------------------------------
[SEQ 27] [LAYER INIT]
CMD      : M190 S60
TRUST    : acc_cmd=0.000 | acc_exec=0.000 | trust=0.229
DECISION : PAUSE
MACHINE  : Machine-3
------------------------------------------------------------
[SEQ 27] [STATIC-BASELINE]
CMD      : M190 | effects={'M': 190.0, 'S': 60.0}
DECISION : ALLOW
------------------------------------------------------------
[SEQ 27] [IEEE-BASELINE]
SCORE    : anomaly_score=11.498
DECISION : ALLOW
------------------------------------------------------------
[SEQ 28] [LAYER INIT]
CMD      : M104 S200
TRUST    : acc_cmd=0.000 | acc_exec=0.333 | trust=0.196
DECISION : PAUSE
MACHINE  : Machine-3
------------------------------------------------------------
[SEQ 28] [STATIC-BASELINE]
CMD      : M104 | effects={'M': 104.0, 'S': 200.0, 'prev_temp': 220.0}
DECISION : ALLOW
------------------------------------------------------------
[SEQ 28] [IEEE-BASELINE]
SCORE    : anomaly_score=12.348
DECISION : ALLOW
------------------------------------------------------------
[SEQ 29] [LAYER INIT]
CMD      : M104 S220
TRUST    : acc_cmd=0.000 | acc_exec=0.333 | trust=0.155
DECISION : PAUSE
MACHINE  : Machine-3
------------------------------------------------------------
[SEQ 29] [STATIC-BASELINE]
CMD      : M104 | effects={'M': 104.0, 'S': 220.0, 'prev_temp': 200.0}
DECISION : ALLOW
------------------------------------------------------------
[SEQ 29] [IEEE-BASELINE]
SCORE    : anomaly_score=13.113
DECISION : ALLOW
------------------------------------------------------------
[SEQ 30] [LAYER INIT]
CMD      : M104 S200
TRUST    : acc_cmd=0.000 | acc_exec=0.333 | trust=0.127
DECISION : PAUSE
MACHINE  : Machine-3
------------------------------------------------------------
[SEQ 30] [STATIC-BASELINE]
CMD      : M104 | effects={'M': 104.0, 'S': 200.0, 'prev_temp': 220.0}
DECISION : ALLOW
------------------------------------------------------------
[SEQ 30] [IEEE-BASELINE]
SCORE    : anomaly_score=13.802
DECISION : ALLOW
------------------------------------------------------------
[SEQ 31] [LAYER INIT]
CMD      : M104 S220
TRUST    : acc_cmd=0.000 | acc_exec=0.333 | trust=0.109
DECISION : PAUSE
MACHINE  : Machine-3
------------------------------------------------------------
[SEQ 31] [STATIC-BASELINE]
CMD      : M104 | effects={'M': 104.0, 'S': 220.0, 'prev_temp': 200.0}
DECISION : ALLOW
------------------------------------------------------------
[SEQ 31] [IEEE-BASELINE]
SCORE    : anomaly_score=14.422
DECISION : ALLOW
------------------------------------------------------------
[SEQ 32] [LAYER INIT]
CMD      : G1 F1500 E-6.5
TRUST    : acc_cmd=0.000 | acc_exec=0.000 | trust=0.191
DECISION : PAUSE
MACHINE  : Machine-3
------------------------------------------------------------
[SEQ 32] [STATIC-BASELINE]
CMD      : G1 | effects={'dx': 0.0, 'dy': 0.0, 'dz': 0.0, 'de': -6.5, 'xy_dist': 0.0, 'params': {'G': 1.0, 'F': 1500.0, 'E': -6.5}}
DECISION : ALLOW
------------------------------------------------------------
[SEQ 32] [IEEE-BASELINE]
SCORE    : anomaly_score=12.980
DECISION : ALLOW
------------------------------------------------------------
[SEQ 33] [LAYER INIT]
CMD      : M104 S200
TRUST    : acc_cmd=0.000 | acc_exec=0.333 | trust=0.171
DECISION : PAUSE
MACHINE  : Machine-3
------------------------------------------------------------
[SEQ 33] [STATIC-BASELINE]
CMD      : M104 | effects={'M': 104.0, 'S': 200.0, 'prev_temp': 220.0}
DECISION : ALLOW
------------------------------------------------------------
[SEQ 33] [IEEE-BASELINE]
SCORE    : anomaly_score=13.682
DECISION : ALLOW
------------------------------------------------------------
[SEQ 34] [LAYER 0]
CMD      : M104 S220
TRUST    : acc_cmd=0.000 | acc_exec=0.333 | trust=0.142
DECISION : PAUSE
MACHINE  : Machine-3
------------------------------------------------------------
[SEQ 34] [STATIC-BASELINE]
CMD      : M104 | effects={'M': 104.0, 'S': 220.0, 'prev_temp': 200.0}
DECISION : ALLOW
------------------------------------------------------------
[SEQ 34] [IEEE-BASELINE]
SCORE    : anomaly_score=14.314
DECISION : ALLOW
------------------------------------------------------------
[SEQ 35] [LAYER 0]
CMD      : M107
TRUST    : acc_cmd=0.000 | acc_exec=0.000 | trust=0.226
DECISION : PAUSE
MACHINE  : Machine-3
------------------------------------------------------------
[SEQ 35] [STATIC-BASELINE]
CMD      : M107 | effects={'M': 107.0}
DECISION : ALLOW
------------------------------------------------------------
[SEQ 35] [IEEE-BASELINE]
SCORE    : anomaly_score=12.882
DECISION : ALLOW
------------------------------------------------------------
[SEQ 36] [LAYER 0]
CMD      : M104 S0
TRUST    : acc_cmd=0.000 | acc_exec=0.000 | trust=0.372
DECISION : PAUSE
MACHINE  : Machine-3
------------------------------------------------------------
[SEQ 36] [STATIC-BASELINE]
CMD      : M104 | effects={'M': 104.0, 'S': 0.0, 'prev_temp': 220.0}
DECISION : ALLOW
------------------------------------------------------------
[SEQ 36] [IEEE-BASELINE]
SCORE    : anomaly_score=11.594
DECISION : ALLOW
------------------------------------------------------------
[SEQ 37] [LAYER 0]
CMD      : M104 S200
TRUST    : acc_cmd=0.000 | acc_exec=0.000 | trust=0.529
DECISION : ALLOW
MACHINE  : Machine-3
------------------------------------------------------------
[SEQ 37] [STATIC-BASELINE]
CMD      : M104 | effects={'M': 104.0, 'S': 200.0, 'prev_temp': 0.0}
DECISION : ALLOW
------------------------------------------------------------
[SEQ 37] [IEEE-BASELINE]
SCORE    : anomaly_score=12.435
DECISION : ALLOW
------------------------------------------------------------
[SEQ 38] [LAYER 0]
CMD      : M104 S220
TRUST    : acc_cmd=0.000 | acc_exec=0.333 | trust=0.380
DECISION : PAUSE
MACHINE  : Machine-3
------------------------------------------------------------
[SEQ 38] [STATIC-BASELINE]
CMD      : M104 | effects={'M': 104.0, 'S': 220.0, 'prev_temp': 200.0}
DECISION : ALLOW
------------------------------------------------------------
[SEQ 38] [IEEE-BASELINE]
SCORE    : anomaly_score=13.191
DECISION : ALLOW
------------------------------------------------------------
[SEQ 39] [LAYER 0]
CMD      : G1 F1500 E0
TRUST    : acc_cmd=0.000 | acc_exec=0.000 | trust=0.431
DECISION : PAUSE
MACHINE  : Machine-3
------------------------------------------------------------
[SEQ 39] [STATIC-BASELINE]
CMD      : G1 | effects={'dx': 0.0, 'dy': 0.0, 'dz': 0.0, 'de': 6.5, 'xy_dist': 0.0, 'params': {'G': 1.0, 'F': 1500.0, 'E': 0.0}}
DECISION : ALLOW
------------------------------------------------------------
[SEQ 39] [IEEE-BASELINE]
SCORE    : anomaly_score=11.872
DECISION : ALLOW
------------------------------------------------------------
[SEQ 40] [LAYER 0]
CMD      : M104 S200
TRUST    : acc_cmd=0.000 | acc_exec=0.333 | trust=0.312
DECISION : PAUSE
MACHINE  : Machine-3
------------------------------------------------------------
[SEQ 40] [STATIC-BASELINE]
CMD      : M104 | effects={'M': 104.0, 'S': 200.0, 'prev_temp': 220.0}
DECISION : ALLOW
------------------------------------------------------------
[SEQ 40] [IEEE-BASELINE]
SCORE    : anomaly_score=12.685
DECISION : ALLOW
------------------------------------------------------------
[SEQ 41] [LAYER 0]
CMD      : M104 S220
TRUST    : acc_cmd=0.000 | acc_exec=0.333 | trust=0.217
DECISION : PAUSE
MACHINE  : Machine-3
------------------------------------------------------------
[SEQ 41] [STATIC-BASELINE]
CMD      : M104 | effects={'M': 104.0, 'S': 220.0, 'prev_temp': 200.0}
DECISION : ALLOW
------------------------------------------------------------
[SEQ 41] [IEEE-BASELINE]
SCORE    : anomaly_score=13.416
DECISION : ALLOW
------------------------------------------------------------
[SEQ 42] [LAYER 0]
CMD      : G1 X162.25 Y111.664 E0.10283
TRUST    : acc_cmd=0.000 | acc_exec=0.000 | trust=0.282
DECISION : PAUSE
MACHINE  : Machine-3
------------------------------------------------------------
[SEQ 42] [STATIC-BASELINE]
CMD      : G1 | effects={'dx': 162.25, 'dy': 111.664, 'dz': 0.0, 'de': 0.10283, 'xy_dist': 196.96170032775407, 'params': {'G': 1.0, 'X': 162.25, 'Y': 111.664, 'E': 0.10283}}
DECISION : ALLOW
------------------------------------------------------------
[SEQ 42] [IEEE-BASELINE]
SCORE    : anomaly_score=12.075
DECISION : ALLOW
------------------------------------------------------------
[SEQ 43] [LAYER 0]
CMD      : G1 X163.61 Y111.261 E0.12951
TRUST    : acc_cmd=0.000 | acc_exec=0.000 | trust=0.418
DECISION : PAUSE
MACHINE  : Machine-3
------------------------------------------------------------
[SEQ 43] [STATIC-BASELINE]
CMD      : G1 | effects={'dx': 1.3600000000000136, 'dy': -0.4030000000000058, 'dz': 0.0, 'de': 0.02667999999999998, 'xy_dist': 1.4184530305935554, 'params': {'G': 1.0, 'X': 163.61, 'Y': 111.261, 'E': 0.12951}}
DECISION : ALLOW
------------------------------------------------------------
[SEQ 43] [IEEE-BASELINE]
SCORE    : anomaly_score=10.867
DECISION : ALLOW
------------------------------------------------------------
[SEQ 44] [LAYER 0]
CMD      : M104 S200
TRUST    : acc_cmd=0.000 | acc_exec=0.333 | trust=0.314
DECISION : PAUSE
MACHINE  : Machine-3
------------------------------------------------------------
[SEQ 44] [STATIC-BASELINE]
CMD      : M104 | effects={'M': 104.0, 'S': 200.0, 'prev_temp': 220.0}
DECISION : ALLOW
------------------------------------------------------------
[SEQ 44] [IEEE-BASELINE]
SCORE    : anomaly_score=11.780
DECISION : ALLOW
------------------------------------------------------------
[SEQ 45] [LAYER 0]
CMD      : M104 S220
TRUST    : acc_cmd=0.000 | acc_exec=0.333 | trust=0.221
DECISION : PAUSE
MACHINE  : Machine-3
------------------------------------------------------------
[SEQ 45] [STATIC-BASELINE]
CMD      : M104 | effects={'M': 104.0, 'S': 220.0, 'prev_temp': 200.0}
DECISION : ALLOW
------------------------------------------------------------
[SEQ 45] [IEEE-BASELINE]
SCORE    : anomaly_score=12.602
DECISION : ALLOW
------------------------------------------------------------
[SEQ 46] [LAYER 0]
CMD      : M104 S200
TRUST    : acc_cmd=0.000 | acc_exec=0.333 | trust=0.161
DECISION : PAUSE
MACHINE  : Machine-3
------------------------------------------------------------
[SEQ 46] [STATIC-BASELINE]
CMD      : M104 | effects={'M': 104.0, 'S': 200.0, 'prev_temp': 220.0}
DECISION : ALLOW
------------------------------------------------------------
[SEQ 46] [IEEE-BASELINE]
SCORE    : anomaly_score=13.342
DECISION : ALLOW
------------------------------------------------------------
[SEQ 47] [LAYER 0]
CMD      : G1 X172.334 Y115.094 E0.31868
TRUST    : acc_cmd=0.000 | acc_exec=0.000 | trust=0.234
DECISION : PAUSE
MACHINE  : Machine-3
------------------------------------------------------------
[SEQ 47] [STATIC-BASELINE]
CMD      : G1 | effects={'dx': 8.72399999999999, 'dy': 3.8329999999999984, 'dz': 0.0, 'de': 0.18917000000000003, 'xy_dist': 9.528906810332431, 'params': {'G': 1.0, 'X': 172.334, 'Y': 115.094, 'E': 0.31868}}
DECISION : ALLOW
------------------------------------------------------------
[SEQ 47] [IEEE-BASELINE]
SCORE    : anomaly_score=12.008
DECISION : ALLOW
------------------------------------------------------------
[SEQ 48] [LAYER 0]
CMD      : M104 S220
TRUST    : acc_cmd=0.000 | acc_exec=0.333 | trust=0.197
DECISION : PAUSE
MACHINE  : Machine-3
------------------------------------------------------------
[SEQ 48] [STATIC-BASELINE]
CMD      : M104 | effects={'M': 104.0, 'S': 220.0, 'prev_temp': 200.0}
DECISION : ALLOW
------------------------------------------------------------
[SEQ 48] [IEEE-BASELINE]
SCORE    : anomaly_score=12.807
DECISION : ALLOW
------------------------------------------------------------
[SEQ 49] [LAYER 0]
CMD      : M104 S200
TRUST    : acc_cmd=0.000 | acc_exec=0.333 | trust=0.156
DECISION : PAUSE
MACHINE  : Machine-3
------------------------------------------------------------
[SEQ 49] [STATIC-BASELINE]
CMD      : M104 | effects={'M': 104.0, 'S': 200.0, 'prev_temp': 220.0}
DECISION : ALLOW
------------------------------------------------------------
[SEQ 49] [IEEE-BASELINE]
SCORE    : anomaly_score=13.526
DECISION : ALLOW
------------------------------------------------------------
[SEQ 50] [LAYER 0]
CMD      : M104 S220
TRUST    : acc_cmd=0.000 | acc_exec=0.333 | trust=0.127
DECISION : PAUSE
MACHINE  : Machine-3
------------------------------------------------------------
[SEQ 50] [STATIC-BASELINE]
CMD      : M104 | effects={'M': 104.0, 'S': 220.0, 'prev_temp': 200.0}
DECISION : ALLOW
------------------------------------------------------------
[SEQ 50] [IEEE-BASELINE]
SCORE    : anomaly_score=14.174
DECISION : ALLOW
------------------------------------------------------------
[SEQ 51] [LAYER 0]
CMD      : G1 X173.025 Y123.733 E0.489
TRUST    : acc_cmd=0.000 | acc_exec=0.000 | trust=0.208
DECISION : PAUSE
MACHINE  : Machine-3
------------------------------------------------------------
[SEQ 51] [STATIC-BASELINE]
CMD      : G1 | effects={'dx': 0.6910000000000025, 'dy': 8.63900000000001, 'dz': 0.0, 'de': 0.17031999999999997, 'xy_dist': 8.666591140696564, 'params': {'G': 1.0, 'X': 173.025, 'Y': 123.733, 'E': 0.489}}
DECISION : ALLOW
------------------------------------------------------------
[SEQ 51] [IEEE-BASELINE]
SCORE    : anomaly_score=12.756
DECISION : ALLOW
------------------------------------------------------------
[SEQ 52] [LAYER 0]
CMD      : M104 S200
TRUST    : acc_cmd=0.000 | acc_exec=0.333 | trust=0.182
DECISION : PAUSE
MACHINE  : Machine-3
------------------------------------------------------------
[SEQ 52] [STATIC-BASELINE]
CMD      : M104 | effects={'M': 104.0, 'S': 200.0, 'prev_temp': 220.0}
DECISION : ALLOW
------------------------------------------------------------
[SEQ 52] [IEEE-BASELINE]
SCORE    : anomaly_score=13.481
DECISION : ALLOW
------------------------------------------------------------
[SEQ 53] [LAYER 0]
CMD      : M104 S220
TRUST    : acc_cmd=0.000 | acc_exec=0.333 | trust=0.148
DECISION : PAUSE
MACHINE  : Machine-3
------------------------------------------------------------
[SEQ 53] [STATIC-BASELINE]
CMD      : M104 | effects={'M': 104.0, 'S': 220.0, 'prev_temp': 200.0}
DECISION : ALLOW
------------------------------------------------------------
[SEQ 53] [IEEE-BASELINE]
SCORE    : anomaly_score=14.133
DECISION : ALLOW
------------------------------------------------------------
[SEQ 54] [LAYER 0]
CMD      : G1 X168.428 Y128.131 E0.61108
TRUST    : acc_cmd=0.000 | acc_exec=0.000 | trust=0.231
DECISION : PAUSE
MACHINE  : Machine-3
------------------------------------------------------------
[SEQ 54] [STATIC-BASELINE]
CMD      : G1 | effects={'dx': -4.597000000000008, 'dy': 4.397999999999996, 'dz': 0.0, 'de': 0.12207999999999997, 'xy_dist': 6.361981845305757, 'params': {'G': 1.0, 'X': 168.428, 'Y': 128.131, 'E': 0.61108}}
DECISION : ALLOW
------------------------------------------------------------
[SEQ 54] [IEEE-BASELINE]
SCORE    : anomaly_score=12.719
DECISION : ALLOW
------------------------------------------------------------
[SEQ 55] [LAYER 0]
CMD      : M104 S200
TRUST    : acc_cmd=0.000 | acc_exec=0.333 | trust=0.197
DECISION : PAUSE
MACHINE  : Machine-3
------------------------------------------------------------
[SEQ 55] [STATIC-BASELINE]
CMD      : M104 | effects={'M': 104.0, 'S': 200.0, 'prev_temp': 220.0}
DECISION : ALLOW
------------------------------------------------------------
[SEQ 55] [IEEE-BASELINE]
SCORE    : anomaly_score=13.447
DECISION : ALLOW
------------------------------------------------------------
[SEQ 56] [LAYER 0]
CMD      : M104 S220
TRUST    : acc_cmd=0.000 | acc_exec=0.333 | trust=0.156
DECISION : PAUSE
MACHINE  : Machine-3
------------------------------------------------------------
[SEQ 56] [STATIC-BASELINE]
CMD      : M104 | effects={'M': 104.0, 'S': 220.0, 'prev_temp': 200.0}
DECISION : ALLOW
------------------------------------------------------------
[SEQ 56] [IEEE-BASELINE]
SCORE    : anomaly_score=14.103
DECISION : ALLOW
------------------------------------------------------------
[SEQ 57] [LAYER 0]
CMD      : G1 X161.289 Y128.024 E0.74918
TRUST    : acc_cmd=0.000 | acc_exec=0.000 | trust=0.238
DECISION : PAUSE
MACHINE  : Machine-3
------------------------------------------------------------
[SEQ 57] [STATIC-BASELINE]
CMD      : G1 | effects={'dx': -7.13900000000001, 'dy': -0.10699999999999932, 'dz': 0.0, 'de': 0.1381, 'xy_dist': 7.139801817977873, 'params': {'G': 1.0, 'X': 161.289, 'Y': 128.024, 'E': 0.74918}}
DECISION : ALLOW
------------------------------------------------------------
[SEQ 57] [IEEE-BASELINE]
SCORE    : anomaly_score=12.692
DECISION : ALLOW
------------------------------------------------------------
[SEQ 58] [LAYER 0]
CMD      : M104 S200
TRUST    : acc_cmd=0.000 | acc_exec=0.333 | trust=0.201
DECISION : PAUSE
MACHINE  : Machine-3
------------------------------------------------------------
[SEQ 58] [STATIC-BASELINE]
CMD      : M104 | effects={'M': 104.0, 'S': 200.0, 'prev_temp': 220.0}
DECISION : ALLOW
------------------------------------------------------------
[SEQ 58] [IEEE-BASELINE]
SCORE    : anomaly_score=13.423
DECISION : ALLOW
------------------------------------------------------------
[SEQ 59] [LAYER 0]
CMD      : M104 S220
TRUST    : acc_cmd=0.000 | acc_exec=0.333 | trust=0.158
DECISION : PAUSE
MACHINE  : Machine-3
------------------------------------------------------------
[SEQ 59] [STATIC-BASELINE]
CMD      : M104 | effects={'M': 104.0, 'S': 220.0, 'prev_temp': 200.0}
DECISION : ALLOW
------------------------------------------------------------
[SEQ 59] [IEEE-BASELINE]
SCORE    : anomaly_score=14.081
DECISION : ALLOW
------------------------------------------------------------
[SEQ 60] [LAYER 0]
CMD      : G1 X156.979 Y123.865 E0.86379
TRUST    : acc_cmd=0.000 | acc_exec=0.000 | trust=0.239
DECISION : PAUSE
MACHINE  : Machine-3
------------------------------------------------------------
[SEQ 60] [STATIC-BASELINE]
CMD      : G1 | effects={'dx': -4.309999999999974, 'dy': -4.159000000000006, 'dz': 0.0, 'de': 0.11460999999999999, 'xy_dist': 5.989439122321874, 'params': {'G': 1.0, 'X': 156.979, 'Y': 123.865, 'E': 0.86379}}
DECISION : ALLOW
------------------------------------------------------------
[SEQ 60] [IEEE-BASELINE]
SCORE    : anomaly_score=12.673
DECISION : ALLOW
------------------------------------------------------------
[SEQ 61] [LAYER 0]
CMD      : M104 S200
TRUST    : acc_cmd=0.000 | acc_exec=0.333 | trust=0.202
DECISION : PAUSE
MACHINE  : Machine-3
------------------------------------------------------------
[SEQ 61] [STATIC-BASELINE]
CMD      : M104 | effects={'M': 104.0, 'S': 200.0, 'prev_temp': 220.0}
DECISION : ALLOW
------------------------------------------------------------
[SEQ 61] [IEEE-BASELINE]
SCORE    : anomaly_score=13.406
DECISION : ALLOW
------------------------------------------------------------
[SEQ 62] [LAYER 0]
CMD      : M104 S220
TRUST    : acc_cmd=0.000 | acc_exec=0.333 | trust=0.159
DECISION : PAUSE
MACHINE  : Machine-3
------------------------------------------------------------
[SEQ 62] [STATIC-BASELINE]
CMD      : M104 | effects={'M': 104.0, 'S': 220.0, 'prev_temp': 200.0}
DECISION : ALLOW
------------------------------------------------------------
[SEQ 62] [IEEE-BASELINE]
SCORE    : anomaly_score=14.065
DECISION : ALLOW
------------------------------------------------------------
[SEQ 63] [LAYER 0]
CMD      : G1 X156.411 Y117.996 E0.97646
TRUST    : acc_cmd=0.000 | acc_exec=0.000 | trust=0.240
DECISION : PAUSE
MACHINE  : Machine-3
------------------------------------------------------------
[SEQ 63] [STATIC-BASELINE]
CMD      : G1 | effects={'dx': -0.568000000000012, 'dy': -5.869, 'dz': 0.0, 'de': 0.11267000000000005, 'xy_dist': 5.896421372324065, 'params': {'G': 1.0, 'X': 156.411, 'Y': 117.996, 'E': 0.97646}}
DECISION : ALLOW
------------------------------------------------------------
[SEQ 63] [IEEE-BASELINE]
SCORE    : anomaly_score=12.658
DECISION : ALLOW
------------------------------------------------------------
[SEQ 64] [LAYER 0]
CMD      : M104 S200
TRUST    : acc_cmd=0.000 | acc_exec=0.333 | trust=0.202
DECISION : PAUSE
MACHINE  : Machine-3
------------------------------------------------------------
[SEQ 64] [STATIC-BASELINE]
CMD      : M104 | effects={'M': 104.0, 'S': 200.0, 'prev_temp': 220.0}
DECISION : ALLOW
------------------------------------------------------------
[SEQ 64] [IEEE-BASELINE]
SCORE    : anomaly_score=13.393
DECISION : ALLOW
------------------------------------------------------------
[SEQ 65] [LAYER 0]
CMD      : M104 S220
TRUST    : acc_cmd=0.000 | acc_exec=0.333 | trust=0.159
DECISION : PAUSE
MACHINE  : Machine-3
------------------------------------------------------------
[SEQ 65] [STATIC-BASELINE]
CMD      : M104 | effects={'M': 104.0, 'S': 220.0, 'prev_temp': 200.0}
DECISION : ALLOW
------------------------------------------------------------
[SEQ 65] [IEEE-BASELINE]
SCORE    : anomaly_score=14.053
DECISION : ALLOW
------------------------------------------------------------
[SEQ 66] [LAYER 0]
CMD      : M104 S200
TRUST    : acc_cmd=0.000 | acc_exec=0.333 | trust=0.128
DECISION : PAUSE
MACHINE  : Machine-3
------------------------------------------------------------
[SEQ 66] [STATIC-BASELINE]
CMD      : M104 | effects={'M': 104.0, 'S': 200.0, 'prev_temp': 220.0}
DECISION : ALLOW
------------------------------------------------------------
[SEQ 66] [IEEE-BASELINE]
SCORE    : anomaly_score=14.648
DECISION : ALLOW
------------------------------------------------------------
[SEQ 67] [LAYER 0]
CMD      : M104 S220
TRUST    : acc_cmd=0.000 | acc_exec=0.333 | trust=0.109
DECISION : PAUSE
MACHINE  : Machine-3
------------------------------------------------------------
[SEQ 67] [STATIC-BASELINE]
CMD      : M104 | effects={'M': 104.0, 'S': 220.0, 'prev_temp': 200.0}
DECISION : ALLOW
------------------------------------------------------------
[SEQ 67] [IEEE-BASELINE]
SCORE    : anomaly_score=15.183
DECISION : ALLOW
------------------------------------------------------------
[SEQ 68] [LAYER 0]
CMD      : M104 S200
TRUST    : acc_cmd=0.000 | acc_exec=0.333 | trust=0.098
DECISION : PAUSE
MACHINE  : Machine-3
------------------------------------------------------------
[SEQ 68] [STATIC-BASELINE]
CMD      : M104 | effects={'M': 104.0, 'S': 200.0, 'prev_temp': 220.0}
DECISION : ALLOW
------------------------------------------------------------
[SEQ 68] [IEEE-BASELINE]
SCORE    : anomaly_score=15.665
DECISION : ALLOW
------------------------------------------------------------
[SEQ 69] [LAYER 0]
CMD      : G1 X162.364 Y112.048 E1.14079
TRUST    : acc_cmd=0.000 | acc_exec=0.000 | trust=0.181
DECISION : PAUSE
MACHINE  : Machine-3
------------------------------------------------------------
[SEQ 69] [STATIC-BASELINE]
CMD      : G1 | effects={'dx': 5.953000000000003, 'dy': -5.947999999999993, 'dz': 0.0, 'de': 0.16432999999999998, 'xy_dist': 8.415278545597879, 'params': {'G': 1.0, 'X': 162.364, 'Y': 112.048, 'E': 1.14079}}
DECISION : ALLOW
------------------------------------------------------------
[SEQ 69] [IEEE-BASELINE]
SCORE    : anomaly_score=14.098
DECISION : ALLOW
------------------------------------------------------------
[SEQ 70] [LAYER 0]
CMD      : M104 S220
TRUST    : acc_cmd=0.000 | acc_exec=0.333 | trust=0.166
DECISION : PAUSE
MACHINE  : Machine-3
------------------------------------------------------------
[SEQ 70] [STATIC-BASELINE]
CMD      : M104 | effects={'M': 104.0, 'S': 220.0, 'prev_temp': 200.0}
DECISION : ALLOW
------------------------------------------------------------
[SEQ 70] [IEEE-BASELINE]
SCORE    : anomaly_score=14.689
DECISION : ALLOW
------------------------------------------------------------
[SEQ 71] [LAYER 0]
CMD      : M104 S200
TRUST    : acc_cmd=0.000 | acc_exec=0.333 | trust=0.138
DECISION : PAUSE
MACHINE  : Machine-3
------------------------------------------------------------
[SEQ 71] [STATIC-BASELINE]
CMD      : M104 | effects={'M': 104.0, 'S': 200.0, 'prev_temp': 220.0}
DECISION : ALLOW
------------------------------------------------------------
[SEQ 71] [IEEE-BASELINE]
SCORE    : anomaly_score=15.220
DECISION : ALLOW
------------------------------------------------------------
[SEQ 72] [LAYER 0]
CMD      : M104 S220
TRUST    : acc_cmd=0.000 | acc_exec=0.333 | trust=0.117
DECISION : PAUSE
MACHINE  : Machine-3
------------------------------------------------------------
[SEQ 72] [STATIC-BASELINE]
CMD      : M104 | effects={'M': 104.0, 'S': 220.0, 'prev_temp': 200.0}
DECISION : ALLOW
------------------------------------------------------------
[SEQ 72] [IEEE-BASELINE]
SCORE    : anomaly_score=15.698
DECISION : ALLOW
------------------------------------------------------------
[SEQ 73] [LAYER 0]
CMD      : G1 X170.318 Y113.359 E1.29846
TRUST    : acc_cmd=0.000 | acc_exec=0.000 | trust=0.200
DECISION : PAUSE
MACHINE  : Machine-3
------------------------------------------------------------
[SEQ 73] [STATIC-BASELINE]
CMD      : G1 | effects={'dx': 7.954000000000008, 'dy': 1.3109999999999928, 'dz': 0.0, 'de': 0.15766999999999998, 'xy_dist': 8.061317324110254, 'params': {'G': 1.0, 'X': 170.318, 'Y': 113.359, 'E': 1.29846}}
DECISION : ALLOW
------------------------------------------------------------
[SEQ 73] [IEEE-BASELINE]
SCORE    : anomaly_score=14.128
DECISION : ALLOW
------------------------------------------------------------
[SEQ 74] [LAYER 0]
CMD      : M104 S200
TRUST    : acc_cmd=0.000 | acc_exec=0.333 | trust=0.178
DECISION : PAUSE
MACHINE  : Machine-3
------------------------------------------------------------
[SEQ 74] [STATIC-BASELINE]
CMD      : M104 | effects={'M': 104.0, 'S': 200.0, 'prev_temp': 220.0}
DECISION : ALLOW
------------------------------------------------------------
[SEQ 74] [IEEE-BASELINE]
SCORE    : anomaly_score=14.715
DECISION : ALLOW
------------------------------------------------------------
[SEQ 75] [LAYER 0]
CMD      : G1 X172.472 Y116.046 E1.36336
TRUST    : acc_cmd=0.000 | acc_exec=0.000 | trust=0.273
DECISION : PAUSE
MACHINE  : Machine-3
------------------------------------------------------------
[SEQ 75] [STATIC-BASELINE]
CMD      : G1 | effects={'dx': 2.1539999999999964, 'dy': 2.687000000000012, 'dz': 0.0, 'de': 0.06489999999999996, 'xy_dist': 3.4437893373433934, 'params': {'G': 1.0, 'X': 172.472, 'Y': 116.046, 'E': 1.36336}}
DECISION : ALLOW
------------------------------------------------------------
[SEQ 75] [IEEE-BASELINE]
SCORE    : anomaly_score=13.244
DECISION : ALLOW
------------------------------------------------------------
[SEQ 76] [LAYER 0]
CMD      : M104 S220
TRUST    : acc_cmd=0.000 | acc_exec=0.333 | trust=0.224
DECISION : PAUSE
MACHINE  : Machine-3
------------------------------------------------------------
[SEQ 76] [STATIC-BASELINE]
CMD      : M104 | effects={'M': 104.0, 'S': 220.0, 'prev_temp': 200.0}
DECISION : ALLOW
------------------------------------------------------------
[SEQ 76] [IEEE-BASELINE]
SCORE    : anomaly_score=13.919
DECISION : ALLOW
------------------------------------------------------------
[SEQ 77] [LAYER 0]
CMD      : M104 S200
TRUST    : acc_cmd=0.000 | acc_exec=0.333 | trust=0.171
DECISION : PAUSE
MACHINE  : Machine-3
------------------------------------------------------------
[SEQ 77] [STATIC-BASELINE]
CMD      : M104 | effects={'M': 104.0, 'S': 200.0, 'prev_temp': 220.0}
DECISION : ALLOW
------------------------------------------------------------
[SEQ 77] [IEEE-BASELINE]
SCORE    : anomaly_score=14.527
DECISION : ALLOW
------------------------------------------------------------
[SEQ 78] [LAYER 0]
CMD      : M104 S220
TRUST    : acc_cmd=0.000 | acc_exec=0.333 | trust=0.135
DECISION : PAUSE
MACHINE  : Machine-3
------------------------------------------------------------
[SEQ 78] [STATIC-BASELINE]
CMD      : M104 | effects={'M': 104.0, 'S': 220.0, 'prev_temp': 200.0}
DECISION : ALLOW
------------------------------------------------------------
[SEQ 78] [IEEE-BASELINE]
SCORE    : anomaly_score=15.075
DECISION : ALLOW
------------------------------------------------------------
[SEQ 79] [LAYER 0]
CMD      : G1 X171.412 Y125.503 E1.55297
TRUST    : acc_cmd=0.000 | acc_exec=0.000 | trust=0.215
DECISION : PAUSE
MACHINE  : Machine-3
------------------------------------------------------------
[SEQ 79] [STATIC-BASELINE]
CMD      : G1 | effects={'dx': -1.0600000000000023, 'dy': 9.456999999999994, 'dz': 0.0, 'de': 0.18961000000000006, 'xy_dist': 9.516220310606512, 'params': {'G': 1.0, 'X': 171.412, 'Y': 125.503, 'E': 1.55297}}
DECISION : ALLOW
------------------------------------------------------------
[SEQ 79] [IEEE-BASELINE]
SCORE    : anomaly_score=13.567
DECISION : ALLOW
------------------------------------------------------------
[SEQ 80] [LAYER 0]
CMD      : G1 X169.754 Y126.935 E1.59418
TRUST    : acc_cmd=0.000 | acc_exec=0.000 | trust=0.358
DECISION : PAUSE
MACHINE  : Machine-3
------------------------------------------------------------
[SEQ 80] [STATIC-BASELINE]
CMD      : G1 | effects={'dx': -1.6580000000000155, 'dy': 1.4320000000000022, 'dz': 0.0, 'de': 0.04120999999999997, 'xy_dist': 2.190796202297251, 'params': {'G': 1.0, 'X': 169.754, 'Y': 126.935, 'E': 1.59418}}
DECISION : ALLOW
------------------------------------------------------------
[SEQ 80] [IEEE-BASELINE]
SCORE    : anomaly_score=12.210
DECISION : ALLOW
------------------------------------------------------------
[SEQ 81] [LAYER 0]
CMD      : M104 S200
TRUST    : acc_cmd=0.000 | acc_exec=0.333 | trust=0.281
DECISION : PAUSE
MACHINE  : Machine-3
------------------------------------------------------------
[SEQ 81] [STATIC-BASELINE]
CMD      : M104 | effects={'M': 104.0, 'S': 200.0, 'prev_temp': 220.0}
DECISION : ALLOW
------------------------------------------------------------
[SEQ 81] [IEEE-BASELINE]
SCORE    : anomaly_score=12.989
DECISION : ALLOW
------------------------------------------------------------
[SEQ 82] [LAYER 0]
CMD      : M104 S220
TRUST    : acc_cmd=0.000 | acc_exec=0.333 | trust=0.203
DECISION : PAUSE
MACHINE  : Machine-3
------------------------------------------------------------
[SEQ 82] [STATIC-BASELINE]
CMD      : M104 | effects={'M': 104.0, 'S': 220.0, 'prev_temp': 200.0}
DECISION : ALLOW
------------------------------------------------------------
[SEQ 82] [IEEE-BASELINE]
SCORE    : anomaly_score=13.690
DECISION : ALLOW
------------------------------------------------------------
[SEQ 83] [LAYER 0]
CMD      : G1 X163.824 Y128.388 E1.71132
TRUST    : acc_cmd=0.000 | acc_exec=0.000 | trust=0.275
DECISION : PAUSE
MACHINE  : Machine-3
------------------------------------------------------------
[SEQ 83] [STATIC-BASELINE]
CMD      : G1 | effects={'dx': -5.929999999999978, 'dy': 1.453000000000003, 'dz': 0.0, 'de': 0.11714000000000002, 'xy_dist': 6.1054163658181215, 'params': {'G': 1.0, 'X': 163.824, 'Y': 128.388, 'E': 1.71132}}
DECISION : ALLOW
------------------------------------------------------------
[SEQ 83] [IEEE-BASELINE]
SCORE    : anomaly_score=12.321
DECISION : ALLOW
------------------------------------------------------------
[SEQ 84] [LAYER 0]
CMD      : M104 S200
TRUST    : acc_cmd=0.000 | acc_exec=0.333 | trust=0.222
DECISION : PAUSE
MACHINE  : Machine-3
------------------------------------------------------------
[SEQ 84] [STATIC-BASELINE]
CMD      : M104 | effects={'M': 104.0, 'S': 200.0, 'prev_temp': 220.0}
DECISION : ALLOW
------------------------------------------------------------
[SEQ 84] [IEEE-BASELINE]
SCORE    : anomaly_score=13.089
DECISION : ALLOW
------------------------------------------------------------
[SEQ 85] [LAYER 0]
CMD      : G1 X159.253 Y126.256 E1.80704
TRUST    : acc_cmd=0.000 | acc_exec=0.000 | trust=0.308
DECISION : PAUSE
MACHINE  : Machine-3
------------------------------------------------------------
[SEQ 85] [STATIC-BASELINE]
CMD      : G1 | effects={'dx': -4.571000000000026, 'dy': -2.132000000000005, 'dz': 0.0, 'de': 0.09572000000000003, 'xy_dist': 5.043755049563793, 'params': {'G': 1.0, 'X': 159.253, 'Y': 126.256, 'E': 1.80704}}
DECISION : ALLOW
------------------------------------------------------------
[SEQ 85] [IEEE-BASELINE]
SCORE    : anomaly_score=11.780
DECISION : ALLOW
------------------------------------------------------------
[SEQ 86] [LAYER 0]
CMD      : G1 X157.364 Y123.757 E1.86597
TRUST    : acc_cmd=0.000 | acc_exec=0.000 | trust=0.451
DECISION : PAUSE
MACHINE  : Machine-3
------------------------------------------------------------
[SEQ 86] [STATIC-BASELINE]
CMD      : G1 | effects={'dx': -1.8889999999999816, 'dy': -2.4989999999999952, 'dz': 0.0, 'de': 0.05892999999999993, 'xy_dist': 3.13262222427153, 'params': {'G': 1.0, 'X': 157.364, 'Y': 123.757, 'E': 1.86597}}
DECISION : ALLOW
------------------------------------------------------------
[SEQ 86] [IEEE-BASELINE]
SCORE    : anomaly_score=10.602
DECISION : ALLOW
------------------------------------------------------------
[SEQ 87] [LAYER 0]
CMD      : M104 S220
TRUST    : acc_cmd=0.000 | acc_exec=0.333 | trust=0.334
DECISION : PAUSE
MACHINE  : Machine-3
------------------------------------------------------------
[SEQ 87] [STATIC-BASELINE]
CMD      : M104 | effects={'M': 104.0, 'S': 220.0, 'prev_temp': 200.0}
DECISION : ALLOW
------------------------------------------------------------
[SEQ 87] [IEEE-BASELINE]
SCORE    : anomaly_score=11.542
DECISION : ALLOW
------------------------------------------------------------
[SEQ 88] [LAYER 0]
CMD      : M104 S200
TRUST    : acc_cmd=0.000 | acc_exec=0.333 | trust=0.231
DECISION : PAUSE
MACHINE  : Machine-3
------------------------------------------------------------
[SEQ 88] [STATIC-BASELINE]
CMD      : M104 | effects={'M': 104.0, 'S': 200.0, 'prev_temp': 220.0}
DECISION : ALLOW
------------------------------------------------------------
[SEQ 88] [IEEE-BASELINE]
SCORE    : anomaly_score=12.388
DECISION : ALLOW
------------------------------------------------------------
[SEQ 89] [LAYER 0]
CMD      : M104 S220
TRUST    : acc_cmd=0.000 | acc_exec=0.333 | trust=0.167
DECISION : PAUSE
MACHINE  : Machine-3
------------------------------------------------------------
[SEQ 89] [STATIC-BASELINE]
CMD      : M104 | effects={'M': 104.0, 'S': 220.0, 'prev_temp': 200.0}
DECISION : ALLOW
------------------------------------------------------------
[SEQ 89] [IEEE-BASELINE]
SCORE    : anomaly_score=13.149
DECISION : ALLOW
------------------------------------------------------------
[SEQ 90] [LAYER 0]
CMD      : M104 S200
TRUST    : acc_cmd=0.000 | acc_exec=0.333 | trust=0.130
DECISION : PAUSE
MACHINE  : Machine-3
------------------------------------------------------------
[SEQ 90] [STATIC-BASELINE]
CMD      : M104 | effects={'M': 104.0, 'S': 200.0, 'prev_temp': 220.0}
DECISION : ALLOW
------------------------------------------------------------
[SEQ 90] [IEEE-BASELINE]
SCORE    : anomaly_score=13.834
DECISION : ALLOW
------------------------------------------------------------
[SEQ 91] [LAYER 0]
CMD      : G1 X158.201 Y115.039 E2.03808
TRUST    : acc_cmd=0.000 | acc_exec=0.000 | trust=0.207
DECISION : PAUSE
MACHINE  : Machine-3
------------------------------------------------------------
[SEQ 91] [STATIC-BASELINE]
CMD      : G1 | effects={'dx': 0.8369999999999891, 'dy': -8.718000000000004, 'dz': 0.0, 'de': 0.17210999999999999, 'xy_dist': 8.758087291184077, 'params': {'G': 1.0, 'X': 158.201, 'Y': 115.039, 'E': 2.03808}}
DECISION : ALLOW
------------------------------------------------------------
[SEQ 91] [IEEE-BASELINE]
SCORE    : anomaly_score=12.451
DECISION : ALLOW
------------------------------------------------------------
[SEQ 92] [LAYER 0]
CMD      : G0 F3600 X158.526 Y115.278
TRUST    : acc_cmd=0.000 | acc_exec=0.000 | trust=0.349
DECISION : PAUSE
MACHINE  : Machine-3
------------------------------------------------------------
[SEQ 92] [STATIC-BASELINE]
CMD      : G0 | effects={'dx': 0.32500000000001705, 'dy': 0.23900000000000432, 'dz': 0.0, 'de': 0.0, 'xy_dist': 0.4034178974711127, 'params': {'G': 0.0, 'F': 3600.0, 'X': 158.526, 'Y': 115.278}}
DECISION : ALLOW
------------------------------------------------------------
[SEQ 92] [IEEE-BASELINE]
SCORE    : anomaly_score=11.206
DECISION : ALLOW
------------------------------------------------------------
[SEQ 93] [LAYER 0]
CMD      : G1 F1800 X159.851 Y113.855 E2.07466
TRUST    : acc_cmd=0.000 | acc_exec=0.000 | trust=0.508
DECISION : ALLOW
MACHINE  : Machine-3
------------------------------------------------------------
[SEQ 93] [STATIC-BASELINE]
CMD      : G1 | effects={'dx': 1.3249999999999886, 'dy': -1.4230000000000018, 'dz': 0.0, 'de': 0.03658000000000028, 'xy_dist': 1.9443646777289425, 'params': {'G': 1.0, 'F': 1800.0, 'X': 159.851, 'Y': 113.855, 'E': 2.07466}}
DECISION : ALLOW
------------------------------------------------------------
[SEQ 93] [IEEE-BASELINE]
SCORE    : anomaly_score=10.085
DECISION : ALLOW
------------------------------------------------------------
[SEQ 94] [LAYER 0]
CMD      : M104 S220
TRUST    : acc_cmd=0.000 | acc_exec=0.333 | trust=0.368
DECISION : PAUSE
MACHINE  : Machine-3
------------------------------------------------------------
[SEQ 94] [STATIC-BASELINE]
CMD      : M104 | effects={'M': 104.0, 'S': 220.0, 'prev_temp': 200.0}
DECISION : ALLOW
------------------------------------------------------------
[SEQ 94] [IEEE-BASELINE]
SCORE    : anomaly_score=11.077
DECISION : ALLOW
------------------------------------------------------------
[SEQ 95] [LAYER 0]
CMD      : M104 S200
TRUST    : acc_cmd=0.000 | acc_exec=0.333 | trust=0.249
DECISION : PAUSE
MACHINE  : Machine-3
------------------------------------------------------------
[SEQ 95] [STATIC-BASELINE]
CMD      : M104 | effects={'M': 104.0, 'S': 200.0, 'prev_temp': 220.0}
DECISION : ALLOW
------------------------------------------------------------
[SEQ 95] [IEEE-BASELINE]
SCORE    : anomaly_score=11.969
DECISION : ALLOW
------------------------------------------------------------
[SEQ 96] [LAYER 0]
CMD      : G1 X163.738 Y112.059 E2.15591
TRUST    : acc_cmd=0.000 | acc_exec=0.000 | trust=0.306
DECISION : PAUSE
MACHINE  : Machine-3
------------------------------------------------------------
[SEQ 96] [STATIC-BASELINE]
CMD      : G1 | effects={'dx': 3.8870000000000005, 'dy': -1.7960000000000065, 'dz': 0.0, 'de': 0.08124999999999982, 'xy_dist': 4.28186699933569, 'params': {'G': 1.0, 'X': 163.738, 'Y': 112.059, 'E': 2.15591}}
DECISION : ALLOW
------------------------------------------------------------
[SEQ 96] [IEEE-BASELINE]
SCORE    : anomaly_score=10.772
DECISION : ALLOW
------------------------------------------------------------
[SEQ 97] [LAYER 0]
CMD      : G1 X165.821 Y112.014 E2.1951
TRUST    : acc_cmd=0.000 | acc_exec=0.000 | trust=0.439
DECISION : PAUSE
MACHINE  : Machine-3
------------------------------------------------------------
[SEQ 97] [STATIC-BASELINE]
CMD      : G1 | effects={'dx': 2.0829999999999984, 'dy': -0.045000000000001705, 'dz': 0.0, 'de': 0.03919000000000006, 'xy_dist': 2.083486021071414, 'params': {'G': 1.0, 'X': 165.821, 'Y': 112.014, 'E': 2.1951}}
DECISION : ALLOW
------------------------------------------------------------
[SEQ 97] [IEEE-BASELINE]
SCORE    : anomaly_score=9.695
DECISION : ALLOW
------------------------------------------------------------
[SEQ 98] [LAYER 0]
CMD      : M104 S220
TRUST    : acc_cmd=0.000 | acc_exec=0.333 | trust=0.326
DECISION : PAUSE
MACHINE  : Machine-3
------------------------------------------------------------
[SEQ 98] [STATIC-BASELINE]
CMD      : M104 | effects={'M': 104.0, 'S': 220.0, 'prev_temp': 200.0}
DECISION : ALLOW
------------------------------------------------------------
[SEQ 98] [IEEE-BASELINE]
SCORE    : anomaly_score=10.725
DECISION : ALLOW
------------------------------------------------------------
[SEQ 99] [LAYER 0]
CMD      : M104 S200
TRUST    : acc_cmd=0.000 | acc_exec=0.333 | trust=0.227
DECISION : PAUSE
MACHINE  : Machine-3
------------------------------------------------------------
[SEQ 99] [STATIC-BASELINE]
CMD      : M104 | effects={'M': 104.0, 'S': 200.0, 'prev_temp': 220.0}
DECISION : ALLOW
------------------------------------------------------------
[SEQ 99] [IEEE-BASELINE]
SCORE    : anomaly_score=11.653
DECISION : ALLOW
------------------------------------------------------------
[SEQ 100] [LAYER 0]
CMD      : M104 S220
TRUST    : acc_cmd=0.000 | acc_exec=0.333 | trust=0.164
DECISION : PAUSE
MACHINE  : Machine-3
------------------------------------------------------------
[SEQ 100] [STATIC-BASELINE]
CMD      : M104 | effects={'M': 104.0, 'S': 220.0, 'prev_temp': 200.0}
DECISION : ALLOW
------------------------------------------------------------
[SEQ 100] [IEEE-BASELINE]
SCORE    : anomaly_score=12.488
DECISION : ALLOW
------------------------------------------------------------
[SEQ 101] [LAYER 0]
CMD      : G1 X172.111 Y116.223 E2.34314
TRUST    : acc_cmd=0.000 | acc_exec=0.000 | trust=0.236
DECISION : PAUSE
MACHINE  : Machine-3
------------------------------------------------------------
[SEQ 101] [STATIC-BASELINE]
CMD      : G1 | effects={'dx': 6.289999999999992, 'dy': 4.209000000000003, 'dz': 0.0, 'de': 0.14803999999999995, 'xy_dist': 7.568340703218898, 'params': {'G': 1.0, 'X': 172.111, 'Y': 116.223, 'E': 2.34314}}
DECISION : ALLOW
------------------------------------------------------------
[SEQ 101] [IEEE-BASELINE]
SCORE    : anomaly_score=11.239
DECISION : ALLOW
------------------------------------------------------------
[SEQ 102] [LAYER 0]
CMD      : M104 S200
TRUST    : acc_cmd=0.000 | acc_exec=0.333 | trust=0.198
DECISION : PAUSE
MACHINE  : Machine-3
------------------------------------------------------------
[SEQ 102] [STATIC-BASELINE]
CMD      : M104 | effects={'M': 104.0, 'S': 200.0, 'prev_temp': 220.0}
DECISION : ALLOW
------------------------------------------------------------
[SEQ 102] [IEEE-BASELINE]
SCORE    : anomaly_score=12.115
DECISION : ALLOW
------------------------------------------------------------
[SEQ 103] [LAYER 0]
CMD      : M104 S220
TRUST    : acc_cmd=0.000 | acc_exec=0.333 | trust=0.156
DECISION : PAUSE
MACHINE  : Machine-3
------------------------------------------------------------
[SEQ 103] [STATIC-BASELINE]
CMD      : M104 | effects={'M': 104.0, 'S': 220.0, 'prev_temp': 200.0}
DECISION : ALLOW
------------------------------------------------------------
[SEQ 103] [IEEE-BASELINE]
SCORE    : anomaly_score=12.903
DECISION : ALLOW
------------------------------------------------------------
[SEQ 104] [LAYER 0]
CMD      : G1 X172.294 Y123.39 E2.48256
TRUST    : acc_cmd=0.000 | acc_exec=0.000 | trust=0.238
DECISION : PAUSE
MACHINE  : Machine-3
------------------------------------------------------------
[SEQ 104] [STATIC-BASELINE]
CMD      : G1 | effects={'dx': 0.18300000000002115, 'dy': 7.167000000000002, 'dz': 0.0, 'de': 0.13941999999999988, 'xy_dist': 7.169335952513317, 'params': {'G': 1.0, 'X': 172.294, 'Y': 123.39, 'E': 2.48256}}
DECISION : ALLOW
------------------------------------------------------------
[SEQ 104] [IEEE-BASELINE]
SCORE    : anomaly_score=11.613
DECISION : ALLOW
------------------------------------------------------------
[SEQ 105] [LAYER 0]
CMD      : G1 X171.106 Y125.239 E2.5239
TRUST    : acc_cmd=0.000 | acc_exec=0.000 | trust=0.382
DECISION : PAUSE
MACHINE  : Machine-3
------------------------------------------------------------
[SEQ 105] [STATIC-BASELINE]
CMD      : G1 | effects={'dx': -1.1880000000000166, 'dy': 1.8490000000000038, 'dz': 0.0, 'de': 0.04133999999999993, 'xy_dist': 2.197759085978273, 'params': {'G': 1.0, 'X': 171.106, 'Y': 125.239, 'E': 2.5239}}
DECISION : ALLOW
------------------------------------------------------------
[SEQ 105] [IEEE-BASELINE]
SCORE    : anomaly_score=10.452
DECISION : ALLOW
------------------------------------------------------------
[SEQ 106] [LAYER 0]
CMD      : M104 S200
TRUST    : acc_cmd=0.000 | acc_exec=0.333 | trust=0.294
DECISION : PAUSE
MACHINE  : Machine-3
------------------------------------------------------------
[SEQ 106] [STATIC-BASELINE]
CMD      : M104 | effects={'M': 104.0, 'S': 200.0, 'prev_temp': 220.0}
DECISION : ALLOW
------------------------------------------------------------
[SEQ 106] [IEEE-BASELINE]
SCORE    : anomaly_score=11.407
DECISION : ALLOW
------------------------------------------------------------
[SEQ 107] [LAYER 0]
CMD      : M104 S220
TRUST    : acc_cmd=0.000 | acc_exec=0.333 | trust=0.211
DECISION : PAUSE
MACHINE  : Machine-3
------------------------------------------------------------
[SEQ 107] [STATIC-BASELINE]
CMD      : M104 | effects={'M': 104.0, 'S': 220.0, 'prev_temp': 200.0}
DECISION : ALLOW
------------------------------------------------------------
[SEQ 107] [IEEE-BASELINE]
SCORE    : anomaly_score=12.266
DECISION : ALLOW
------------------------------------------------------------
[SEQ 108] [LAYER 0]
CMD      : M104 S200
TRUST    : acc_cmd=0.000 | acc_exec=0.333 | trust=0.156
DECISION : PAUSE
MACHINE  : Machine-3
------------------------------------------------------------
[SEQ 108] [STATIC-BASELINE]
CMD      : M104 | effects={'M': 104.0, 'S': 200.0, 'prev_temp': 220.0}
DECISION : ALLOW
------------------------------------------------------------
[SEQ 108] [IEEE-BASELINE]
SCORE    : anomaly_score=13.039
DECISION : ALLOW
------------------------------------------------------------
[SEQ 109] [LAYER 0]
CMD      : M104 S220
TRUST    : acc_cmd=0.000 | acc_exec=0.333 | trust=0.124
DECISION : PAUSE
MACHINE  : Machine-3
------------------------------------------------------------
[SEQ 109] [STATIC-BASELINE]
CMD      : M104 | effects={'M': 104.0, 'S': 220.0, 'prev_temp': 200.0}
DECISION : ALLOW
------------------------------------------------------------
[SEQ 109] [IEEE-BASELINE]
SCORE    : anomaly_score=13.735
DECISION : ALLOW
------------------------------------------------------------
[SEQ 110] [LAYER 0]
CMD      : G1 X161.631 Y127.293 E2.71898
TRUST    : acc_cmd=0.000 | acc_exec=0.000 | trust=0.203
DECISION : PAUSE
MACHINE  : Machine-3
------------------------------------------------------------
[SEQ 110] [STATIC-BASELINE]
CMD      : G1 | effects={'dx': -9.474999999999994, 'dy': 2.054000000000002, 'dz': 0.0, 'de': 0.19508000000000036, 'xy_dist': 9.695078184315994, 'params': {'G': 1.0, 'X': 161.631, 'Y': 127.293, 'E': 2.71898}}
DECISION : ALLOW
------------------------------------------------------------
[SEQ 110] [IEEE-BASELINE]
SCORE    : anomaly_score=12.362
DECISION : ALLOW
------------------------------------------------------------
[SEQ 111] [LAYER 0]
CMD      : G1 X159.528 Y125.957 E2.76585
TRUST    : acc_cmd=0.000 | acc_exec=0.000 | trust=0.346
DECISION : PAUSE
MACHINE  : Machine-3
------------------------------------------------------------
[SEQ 111] [STATIC-BASELINE]
CMD      : G1 | effects={'dx': -2.1030000000000086, 'dy': -1.3360000000000127, 'dz': 0.0, 'de': 0.046869999999999745, 'xy_dist': 2.4914865040774496, 'params': {'G': 1.0, 'X': 159.528, 'Y': 125.957, 'E': 2.76585}}
DECISION : ALLOW
------------------------------------------------------------
[SEQ 111] [IEEE-BASELINE]
SCORE    : anomaly_score=11.126
DECISION : ALLOW
------------------------------------------------------------
[SEQ 112] [LAYER 0]
CMD      : M104 S200
TRUST    : acc_cmd=0.000 | acc_exec=0.333 | trust=0.274
DECISION : PAUSE
MACHINE  : Machine-3
------------------------------------------------------------
[SEQ 112] [STATIC-BASELINE]
CMD      : M104 | effects={'M': 104.0, 'S': 200.0, 'prev_temp': 220.0}
DECISION : ALLOW
------------------------------------------------------------
[SEQ 112] [IEEE-BASELINE]
SCORE    : anomaly_score=12.013
DECISION : ALLOW
------------------------------------------------------------
[SEQ 113] [LAYER 0]
CMD      : M104 S220
TRUST    : acc_cmd=0.000 | acc_exec=0.333 | trust=0.200
DECISION : PAUSE
MACHINE  : Machine-3
------------------------------------------------------------
[SEQ 113] [STATIC-BASELINE]
CMD      : M104 | effects={'M': 104.0, 'S': 220.0, 'prev_temp': 200.0}
DECISION : ALLOW
------------------------------------------------------------
[SEQ 113] [IEEE-BASELINE]
SCORE    : anomaly_score=12.812
DECISION : ALLOW
------------------------------------------------------------
[SEQ 114] [LAYER 0]
CMD      : M104 S200
TRUST    : acc_cmd=0.000 | acc_exec=0.333 | trust=0.151
DECISION : PAUSE
MACHINE  : Machine-3
------------------------------------------------------------
[SEQ 114] [STATIC-BASELINE]
CMD      : M104 | effects={'M': 104.0, 'S': 200.0, 'prev_temp': 220.0}
DECISION : ALLOW
------------------------------------------------------------
[SEQ 114] [IEEE-BASELINE]
SCORE    : anomaly_score=13.531
DECISION : ALLOW
------------------------------------------------------------
[SEQ 115] [LAYER 0]
CMD      : M104 S220
TRUST    : acc_cmd=0.000 | acc_exec=0.333 | trust=0.122
DECISION : PAUSE
MACHINE  : Machine-3
------------------------------------------------------------
[SEQ 115] [STATIC-BASELINE]
CMD      : M104 | effects={'M': 104.0, 'S': 220.0, 'prev_temp': 200.0}
DECISION : ALLOW
------------------------------------------------------------
[SEQ 115] [IEEE-BASELINE]
SCORE    : anomaly_score=14.178
DECISION : ALLOW
------------------------------------------------------------
[SEQ 116] [LAYER 0]
CMD      : G1 X157.907 Y116.368 E2.96225
TRUST    : acc_cmd=0.000 | acc_exec=0.000 | trust=0.201
DECISION : PAUSE
MACHINE  : Machine-3
------------------------------------------------------------
[SEQ 116] [STATIC-BASELINE]
CMD      : G1 | effects={'dx': -1.620999999999981, 'dy': -9.588999999999999, 'dz': 0.0, 'de': 0.19640000000000013, 'xy_dist': 9.725048174687872, 'params': {'G': 1.0, 'X': 157.907, 'Y': 116.368, 'E': 2.96225}}
DECISION : ALLOW
------------------------------------------------------------
[SEQ 116] [IEEE-BASELINE]
SCORE    : anomaly_score=12.760
DECISION : ALLOW
------------------------------------------------------------
[SEQ 117] [LAYER 0]
CMD      : M104 S200
TRUST    : acc_cmd=0.000 | acc_exec=0.333 | trust=0.178
DECISION : PAUSE
MACHINE  : Machine-3
------------------------------------------------------------
[SEQ 117] [STATIC-BASELINE]
CMD      : M104 | effects={'M': 104.0, 'S': 200.0, 'prev_temp': 220.0}
DECISION : ALLOW
------------------------------------------------------------
[SEQ 117] [IEEE-BASELINE]
SCORE    : anomaly_score=13.484
DECISION : ALLOW
------------------------------------------------------------
[SEQ 118] [LAYER 0]
CMD      : G0 F3600 X158.851 Y115.517
TRUST    : acc_cmd=0.000 | acc_exec=0.000 | trust=0.272
DECISION : PAUSE
MACHINE  : Machine-3
------------------------------------------------------------
[SEQ 118] [STATIC-BASELINE]
CMD      : G0 | effects={'dx': 0.9439999999999884, 'dy': -0.8509999999999991, 'dz': 0.0, 'de': 0.0, 'xy_dist': 1.2709590866743021, 'params': {'G': 0.0, 'F': 3600.0, 'X': 158.851, 'Y': 115.517}}
DECISION : ALLOW
------------------------------------------------------------
[SEQ 118] [IEEE-BASELINE]
SCORE    : anomaly_score=12.135
DECISION : ALLOW
------------------------------------------------------------
[SEQ 119] [LAYER 0]
CMD      : G1 F1800 X160.144 Y114.128 E3.02153
TRUST    : acc_cmd=0.000 | acc_exec=0.000 | trust=0.420
DECISION : PAUSE
MACHINE  : Machine-3
------------------------------------------------------------
[SEQ 119] [STATIC-BASELINE]
CMD      : G1 | effects={'dx': 1.2930000000000064, 'dy': -1.3889999999999958, 'dz': 0.0, 'de': 0.05927999999999978, 'xy_dist': 1.897674893125797, 'params': {'G': 1.0, 'F': 1800.0, 'X': 160.144, 'Y': 114.128, 'E': 3.02153}}
DECISION : ALLOW
------------------------------------------------------------
[SEQ 119] [IEEE-BASELINE]
SCORE    : anomaly_score=10.922
DECISION : ALLOW
------------------------------------------------------------
[SEQ 120] [LAYER 0]
CMD      : G1 X160.771 Y113.644 E3.03643
TRUST    : acc_cmd=0.000 | acc_exec=0.000 | trust=0.573
DECISION : ALLOW
MACHINE  : Machine-3
------------------------------------------------------------
[SEQ 120] [STATIC-BASELINE]
CMD      : G1 | effects={'dx': 0.6269999999999811, 'dy': -0.48399999999999466, 'dz': 0.0, 'de': 0.014900000000000357, 'xy_dist': 0.7920763852053483, 'params': {'G': 1.0, 'X': 160.771, 'Y': 113.644, 'E': 3.03643}}
DECISION : ALLOW
------------------------------------------------------------
[SEQ 120] [IEEE-BASELINE]
SCORE    : anomaly_score=9.830
DECISION : ALLOW
------------------------------------------------------------
[SEQ 121] [LAYER 0]
CMD      : G1 X162.591 Y112.816 E3.07404
TRUST    : acc_cmd=0.000 | acc_exec=0.000 | trust=0.703
DECISION : ALLOW
MACHINE  : Machine-3
------------------------------------------------------------
[SEQ 121] [STATIC-BASELINE]
CMD      : G1 | effects={'dx': 1.8200000000000216, 'dy': -0.828000000000003, 'dz': 0.0, 'de': 0.03760999999999992, 'xy_dist': 1.999495936480013, 'params': {'G': 1.0, 'X': 162.591, 'Y': 112.816, 'E': 3.07404}}
DECISION : ALLOW
------------------------------------------------------------
[SEQ 121] [IEEE-BASELINE]
SCORE    : anomaly_score=8.847
DECISION : ALLOW
------------------------------------------------------------
[SEQ 122] [LAYER 0]
CMD      : G1 X163.801 Y112.458 E3.09777
TRUST    : acc_cmd=0.000 | acc_exec=0.000 | trust=0.802
DECISION : ALLOW
MACHINE  : Machine-3
------------------------------------------------------------
[SEQ 122] [STATIC-BASELINE]
CMD      : G1 | effects={'dx': 1.2099999999999795, 'dy': -0.3580000000000041, 'dz': 0.0, 'de': 0.02373000000000003, 'xy_dist': 1.2618494363433197, 'params': {'G': 1.0, 'X': 163.801, 'Y': 112.458, 'E': 3.09777}}
DECISION : ALLOW
------------------------------------------------------------
[SEQ 122] [IEEE-BASELINE]
SCORE    : anomaly_score=7.962
DECISION : ALLOW
------------------------------------------------------------
[SEQ 123] [LAYER 0]
CMD      : G1 X165.78 Y112.415 E3.13501
TRUST    : acc_cmd=0.000 | acc_exec=0.000 | trust=0.872
DECISION : ALLOW
MACHINE  : Machine-3
------------------------------------------------------------
[SEQ 123] [STATIC-BASELINE]
CMD      : G1 | effects={'dx': 1.9790000000000134, 'dy': -0.042999999999992156, 'dz': 0.0, 'de': 0.03723999999999972, 'xy_dist': 1.9794671000044564, 'params': {'G': 1.0, 'X': 165.78, 'Y': 112.415, 'E': 3.13501}}
DECISION : ALLOW
------------------------------------------------------------
[SEQ 123] [IEEE-BASELINE]
SCORE    : anomaly_score=7.166
DECISION : ALLOW
------------------------------------------------------------
[SEQ 124] [LAYER 0]
CMD      : G1 X167.733 Y112.874 E3.17275
TRUST    : acc_cmd=0.000 | acc_exec=0.000 | trust=0.919
DECISION : ALLOW
MACHINE  : Machine-3
------------------------------------------------------------
[SEQ 124] [STATIC-BASELINE]
CMD      : G1 | effects={'dx': 1.953000000000003, 'dy': 0.458999999999989, 'dz': 0.0, 'de': 0.03774000000000033, 'xy_dist': 2.0062128501233363, 'params': {'G': 1.0, 'X': 167.733, 'Y': 112.874, 'E': 3.17275}}
DECISION : ALLOW
------------------------------------------------------------
[SEQ 124] [IEEE-BASELINE]
SCORE    : anomaly_score=6.449
DECISION : ALLOW
------------------------------------------------------------
[SEQ 125] [LAYER 0]
CMD      : M104 S220
TRUST    : acc_cmd=0.000 | acc_exec=0.333 | trust=0.582
DECISION : ALLOW
MACHINE  : Machine-3
------------------------------------------------------------
[SEQ 125] [STATIC-BASELINE]
CMD      : M104 | effects={'M': 104.0, 'S': 220.0, 'prev_temp': 200.0}
DECISION : ALLOW
------------------------------------------------------------
[SEQ 125] [IEEE-BASELINE]
SCORE    : anomaly_score=7.804
DECISION : ALLOW
------------------------------------------------------------
[SEQ 126] [LAYER 0]
CMD      : G1 X171.422 Y115.875 E3.26373
TRUST    : acc_cmd=0.000 | acc_exec=0.000 | trust=0.556
DECISION : ALLOW
MACHINE  : Machine-3
------------------------------------------------------------
[SEQ 126] [STATIC-BASELINE]
CMD      : G1 | effects={'dx': 3.688999999999993, 'dy': 3.0010000000000048, 'dz': 0.0, 'de': 0.09097999999999962, 'xy_dist': 4.755493875508618, 'params': {'G': 1.0, 'X': 171.422, 'Y': 115.875, 'E': 3.26373}}
DECISION : ALLOW
------------------------------------------------------------
[SEQ 126] [IEEE-BASELINE]
SCORE    : anomaly_score=7.024
DECISION : ALLOW
------------------------------------------------------------
[SEQ 127] [LAYER 0]
CMD      : G1 X171.748 Y116.397 E3.2753
TRUST    : acc_cmd=0.000 | acc_exec=0.000 | trust=0.636
DECISION : ALLOW
MACHINE  : Machine-3
------------------------------------------------------------
[SEQ 127] [STATIC-BASELINE]
CMD      : G1 | effects={'dx': 0.3259999999999934, 'dy': 0.5220000000000056, 'dz': 0.0, 'de': 0.011570000000000302, 'xy_dist': 0.6154348056455708, 'params': {'G': 1.0, 'X': 171.748, 'Y': 116.397, 'E': 3.2753}}
DECISION : ALLOW
------------------------------------------------------------
[SEQ 127] [IEEE-BASELINE]
SCORE    : anomaly_score=6.322
DECISION : ALLOW
------------------------------------------------------------
[SEQ 128] [LAYER 0]
CMD      : M104 S200
TRUST    : acc_cmd=0.000 | acc_exec=0.333 | trust=0.431
DECISION : PAUSE
MACHINE  : Machine-3
------------------------------------------------------------
[SEQ 128] [STATIC-BASELINE]
CMD      : M104 | effects={'M': 104.0, 'S': 200.0, 'prev_temp': 220.0}
DECISION : ALLOW
------------------------------------------------------------
[SEQ 128] [IEEE-BASELINE]
SCORE    : anomaly_score=7.689
DECISION : ALLOW
------------------------------------------------------------
[SEQ 129] [LAYER 0]
CMD      : G1 X172.546 Y121.227 E3.36879
TRUST    : acc_cmd=0.000 | acc_exec=0.000 | trust=0.461
DECISION : PAUSE
MACHINE  : Machine-3
------------------------------------------------------------
[SEQ 129] [STATIC-BASELINE]
CMD      : G1 | effects={'dx': 0.7980000000000018, 'dy': 4.829999999999998, 'dz': 0.0, 'de': 0.09349000000000007, 'xy_dist': 4.895477913340023, 'params': {'G': 1.0, 'X': 172.546, 'Y': 121.227, 'E': 3.36879}}
DECISION : ALLOW
------------------------------------------------------------
[SEQ 129] [IEEE-BASELINE]
SCORE    : anomaly_score=6.920
DECISION : ALLOW
------------------------------------------------------------
[SEQ 130] [LAYER 0]
CMD      : M104 S220
TRUST    : acc_cmd=0.000 | acc_exec=0.333 | trust=0.326
DECISION : PAUSE
MACHINE  : Machine-3
------------------------------------------------------------
[SEQ 130] [STATIC-BASELINE]
CMD      : M104 | effects={'M': 104.0, 'S': 220.0, 'prev_temp': 200.0}
DECISION : ALLOW
------------------------------------------------------------
[SEQ 130] [IEEE-BASELINE]
SCORE    : anomaly_score=8.228
DECISION : ALLOW
------------------------------------------------------------
[SEQ 131] [LAYER 0]
CMD      : M104 S200
TRUST    : acc_cmd=0.000 | acc_exec=0.333 | trust=0.224
DECISION : PAUSE
MACHINE  : Machine-3
------------------------------------------------------------
[SEQ 131] [STATIC-BASELINE]
CMD      : M104 | effects={'M': 104.0, 'S': 200.0, 'prev_temp': 220.0}
DECISION : ALLOW
------------------------------------------------------------
[SEQ 131] [IEEE-BASELINE]
SCORE    : anomaly_score=9.406
DECISION : ALLOW
------------------------------------------------------------
[SEQ 132] [LAYER 0]
CMD      : M104 S220
TRUST    : acc_cmd=0.000 | acc_exec=0.333 | trust=0.162
DECISION : PAUSE
MACHINE  : Machine-3
------------------------------------------------------------
[SEQ 132] [STATIC-BASELINE]
CMD      : M104 | effects={'M': 104.0, 'S': 220.0, 'prev_temp': 200.0}
DECISION : ALLOW
------------------------------------------------------------
[SEQ 132] [IEEE-BASELINE]
SCORE    : anomaly_score=10.465
DECISION : ALLOW
------------------------------------------------------------
[SEQ 133] [LAYER 0]
CMD      : M104 S200
TRUST    : acc_cmd=0.000 | acc_exec=0.333 | trust=0.127
DECISION : PAUSE
MACHINE  : Machine-3
------------------------------------------------------------
[SEQ 133] [STATIC-BASELINE]
CMD      : M104 | effects={'M': 104.0, 'S': 200.0, 'prev_temp': 220.0}
DECISION : ALLOW
------------------------------------------------------------
[SEQ 133] [IEEE-BASELINE]
SCORE    : anomaly_score=11.418
DECISION : ALLOW
------------------------------------------------------------
[SEQ 134] [LAYER 0]
CMD      : M104 S220
TRUST    : acc_cmd=0.000 | acc_exec=0.333 | trust=0.107
DECISION : PAUSE
MACHINE  : Machine-3
------------------------------------------------------------
[SEQ 134] [STATIC-BASELINE]
CMD      : M104 | effects={'M': 104.0, 'S': 220.0, 'prev_temp': 200.0}
DECISION : ALLOW
------------------------------------------------------------
[SEQ 134] [IEEE-BASELINE]
SCORE    : anomaly_score=12.277
DECISION : ALLOW
------------------------------------------------------------
[SEQ 135] [LAYER 0]
CMD      : M104 S200
TRUST    : acc_cmd=0.000 | acc_exec=0.333 | trust=0.096
DECISION : PAUSE
MACHINE  : Machine-3
------------------------------------------------------------
[SEQ 135] [STATIC-BASELINE]
CMD      : M104 | effects={'M': 104.0, 'S': 200.0, 'prev_temp': 220.0}
DECISION : ALLOW
------------------------------------------------------------
[SEQ 135] [IEEE-BASELINE]
SCORE    : anomaly_score=13.049
DECISION : ALLOW
------------------------------------------------------------
[SEQ 136] [LAYER 0]
CMD      : M104 S220
TRUST    : acc_cmd=0.000 | acc_exec=0.333 | trust=0.090
DECISION : PAUSE
MACHINE  : Machine-3
------------------------------------------------------------
[SEQ 136] [STATIC-BASELINE]
CMD      : M104 | effects={'M': 104.0, 'S': 220.0, 'prev_temp': 200.0}
DECISION : ALLOW
------------------------------------------------------------
[SEQ 136] [IEEE-BASELINE]
SCORE    : anomaly_score=13.744
DECISION : ALLOW
------------------------------------------------------------
[SEQ 137] [LAYER 0]
CMD      : G1 X159.803 Y125.658 E3.67709
TRUST    : acc_cmd=0.000 | acc_exec=0.000 | trust=0.174
DECISION : PAUSE
MACHINE  : Machine-3
------------------------------------------------------------
[SEQ 137] [STATIC-BASELINE]
CMD      : G1 | effects={'dx': -12.742999999999995, 'dy': 4.430999999999997, 'dz': 0.0, 'de': 0.3083, 'xy_dist': 13.491397629600865, 'params': {'G': 1.0, 'X': 159.803, 'Y': 125.658, 'E': 3.67709}}
DECISION : ALLOW
------------------------------------------------------------
[SEQ 137] [IEEE-BASELINE]
SCORE    : anomaly_score=12.370
DECISION : ALLOW
------------------------------------------------------------
[SEQ 138] [LAYER 0]
CMD      : M104 S200
TRUST    : acc_cmd=0.000 | acc_exec=0.333 | trust=0.161
DECISION : PAUSE
MACHINE  : Machine-3
------------------------------------------------------------
[SEQ 138] [STATIC-BASELINE]
CMD      : M104 | effects={'M': 104.0, 'S': 200.0, 'prev_temp': 220.0}
DECISION : ALLOW
------------------------------------------------------------
[SEQ 138] [IEEE-BASELINE]
SCORE    : anomaly_score=13.133
DECISION : ALLOW
------------------------------------------------------------
[SEQ 139] [LAYER 0]
CMD      : M104 S220
TRUST    : acc_cmd=0.000 | acc_exec=0.333 | trust=0.136
DECISION : PAUSE
MACHINE  : Machine-3
------------------------------------------------------------
[SEQ 139] [STATIC-BASELINE]
CMD      : M104 | effects={'M': 104.0, 'S': 220.0, 'prev_temp': 200.0}
DECISION : ALLOW
------------------------------------------------------------
[SEQ 139] [IEEE-BASELINE]
SCORE    : anomaly_score=13.819
DECISION : ALLOW
------------------------------------------------------------
[SEQ 140] [LAYER 0]
CMD      : M104 S200
TRUST    : acc_cmd=0.000 | acc_exec=0.333 | trust=0.116
DECISION : PAUSE
MACHINE  : Machine-3
------------------------------------------------------------
[SEQ 140] [STATIC-BASELINE]
CMD      : M104 | effects={'M': 104.0, 'S': 200.0, 'prev_temp': 220.0}
DECISION : ALLOW
------------------------------------------------------------
[SEQ 140] [IEEE-BASELINE]
SCORE    : anomaly_score=14.437
DECISION : ALLOW
------------------------------------------------------------
[SEQ 141] [LAYER 0]
CMD      : M104 S220
TRUST    : acc_cmd=0.000 | acc_exec=0.333 | trust=0.103
DECISION : PAUSE
MACHINE  : Machine-3
------------------------------------------------------------
[SEQ 141] [STATIC-BASELINE]
CMD      : M104 | effects={'M': 104.0, 'S': 220.0, 'prev_temp': 200.0}
DECISION : ALLOW
------------------------------------------------------------
[SEQ 141] [IEEE-BASELINE]
SCORE    : anomaly_score=14.994
DECISION : ALLOW
------------------------------------------------------------
[SEQ 142] [LAYER 0]
CMD      : G1 X158.255 Y116.566 E3.86333
TRUST    : acc_cmd=0.000 | acc_exec=0.000 | trust=0.186
DECISION : PAUSE
MACHINE  : Machine-3
------------------------------------------------------------
[SEQ 142] [STATIC-BASELINE]
CMD      : G1 | effects={'dx': -1.5480000000000018, 'dy': -9.091999999999999, 'dz': 0.0, 'de': 0.18623999999999974, 'xy_dist': 9.222839475996532, 'params': {'G': 1.0, 'X': 158.255, 'Y': 116.566, 'E': 3.86333}}
DECISION : ALLOW
------------------------------------------------------------
[SEQ 142] [IEEE-BASELINE]
SCORE    : anomaly_score=13.494
DECISION : ALLOW
------------------------------------------------------------
[SEQ 143] [LAYER 0]
CMD      : M104 S200
TRUST    : acc_cmd=0.000 | acc_exec=0.333 | trust=0.169
DECISION : PAUSE
MACHINE  : Machine-3
------------------------------------------------------------
[SEQ 143] [STATIC-BASELINE]
CMD      : M104 | effects={'M': 104.0, 'S': 200.0, 'prev_temp': 220.0}
DECISION : ALLOW
------------------------------------------------------------
[SEQ 143] [IEEE-BASELINE]
SCORE    : anomaly_score=14.145
DECISION : ALLOW
------------------------------------------------------------
[SEQ 144] [LAYER 0]
CMD      : M104 S220
TRUST    : acc_cmd=0.000 | acc_exec=0.333 | trust=0.140
DECISION : PAUSE
MACHINE  : Machine-3
------------------------------------------------------------
[SEQ 144] [STATIC-BASELINE]
CMD      : M104 | effects={'M': 104.0, 'S': 220.0, 'prev_temp': 200.0}
DECISION : ALLOW
------------------------------------------------------------
[SEQ 144] [IEEE-BASELINE]
SCORE    : anomaly_score=14.730
DECISION : ALLOW
------------------------------------------------------------
[SEQ 145] [LAYER 0]
CMD      : G1 F1800 X160.437 Y114.401 E3.92088
TRUST    : acc_cmd=0.000 | acc_exec=0.000 | trust=0.225
DECISION : PAUSE
MACHINE  : Machine-3
------------------------------------------------------------
[SEQ 145] [STATIC-BASELINE]
CMD      : G1 | effects={'dx': 2.1820000000000164, 'dy': -2.1650000000000063, 'dz': 0.0, 'de': 0.05754999999999999, 'xy_dist': 3.0738166828879208, 'params': {'G': 1.0, 'F': 1800.0, 'X': 160.437, 'Y': 114.401, 'E': 3.92088}}
DECISION : ALLOW
------------------------------------------------------------
[SEQ 145] [IEEE-BASELINE]
SCORE    : anomaly_score=13.257
DECISION : ALLOW
------------------------------------------------------------
[SEQ 146] [LAYER 0]
CMD      : G1 X160.977 Y113.99 E3.93364
TRUST    : acc_cmd=0.000 | acc_exec=0.000 | trust=0.371
DECISION : PAUSE
MACHINE  : Machine-3
------------------------------------------------------------
[SEQ 146] [STATIC-BASELINE]
CMD      : G1 | effects={'dx': 0.539999999999992, 'dy': -0.41100000000000136, 'dz': 0.0, 'de': 0.012760000000000105, 'xy_dist': 0.6786169759149799, 'params': {'G': 1.0, 'X': 160.977, 'Y': 113.99, 'E': 3.93364}}
DECISION : ALLOW
------------------------------------------------------------
[SEQ 146] [IEEE-BASELINE]
SCORE    : anomaly_score=11.932
DECISION : ALLOW
------------------------------------------------------------
[SEQ 147] [LAYER 0]
CMD      : M104 S200
TRUST    : acc_cmd=0.000 | acc_exec=0.333 | trust=0.288
DECISION : PAUSE
MACHINE  : Machine-3
------------------------------------------------------------
[SEQ 147] [STATIC-BASELINE]
CMD      : M104 | effects={'M': 104.0, 'S': 200.0, 'prev_temp': 220.0}
DECISION : ALLOW
------------------------------------------------------------
[SEQ 147] [IEEE-BASELINE]
SCORE    : anomaly_score=12.738
DECISION : ALLOW
------------------------------------------------------------
[SEQ 148] [LAYER 0]
CMD      : G1 X163.864 Y112.857 E3.99212
TRUST    : acc_cmd=0.000 | acc_exec=0.000 | trust=0.366
DECISION : PAUSE
MACHINE  : Machine-3
------------------------------------------------------------
[SEQ 148] [STATIC-BASELINE]
CMD      : G1 | effects={'dx': 2.8870000000000005, 'dy': -1.1329999999999956, 'dz': 0.0, 'de': 0.058479999999999865, 'xy_dist': 3.1013638935152374, 'params': {'G': 1.0, 'X': 163.864, 'Y': 112.857, 'E': 3.99212}}
DECISION : ALLOW
------------------------------------------------------------
[SEQ 148] [IEEE-BASELINE]
SCORE    : anomaly_score=11.465
DECISION : ALLOW
------------------------------------------------------------
[SEQ 149] [LAYER 0]
CMD      : G1 X165.739 Y112.816 E4.0274
TRUST    : acc_cmd=0.000 | acc_exec=0.000 | trust=0.502
DECISION : ALLOW
MACHINE  : Machine-3
------------------------------------------------------------
[SEQ 149] [STATIC-BASELINE]
CMD      : G1 | effects={'dx': 1.875, 'dy': -0.04099999999999682, 'dz': 0.0, 'de': 0.0352800000000002, 'xy_dist': 1.8754482130946724, 'params': {'G': 1.0, 'X': 165.739, 'Y': 112.816, 'E': 4.0274}}
DECISION : ALLOW
------------------------------------------------------------
[SEQ 149] [IEEE-BASELINE]
SCORE    : anomaly_score=10.318
DECISION : ALLOW
------------------------------------------------------------
[SEQ 150] [LAYER 0]
CMD      : M104 S220
TRUST    : acc_cmd=0.000 | acc_exec=0.333 | trust=0.362
DECISION : PAUSE
MACHINE  : Machine-3
------------------------------------------------------------
[SEQ 150] [STATIC-BASELINE]
CMD      : M104 | effects={'M': 104.0, 'S': 220.0, 'prev_temp': 200.0}
DECISION : ALLOW
------------------------------------------------------------
[SEQ 150] [IEEE-BASELINE]
SCORE    : anomaly_score=11.286
DECISION : ALLOW
------------------------------------------------------------
[SEQ 151] [LAYER 0]
CMD      : G1 X169.551 Y114.309 E4.10508
TRUST    : acc_cmd=0.000 | acc_exec=0.000 | trust=0.417
DECISION : PAUSE
MACHINE  : Machine-3
------------------------------------------------------------
[SEQ 151] [STATIC-BASELINE]
CMD      : G1 | effects={'dx': 3.8119999999999834, 'dy': 1.492999999999995, 'dz': 0.0, 'de': 0.07767999999999997, 'xy_dist': 4.093945896076285, 'params': {'G': 1.0, 'X': 169.551, 'Y': 114.309, 'E': 4.10508}}
DECISION : ALLOW
------------------------------------------------------------
[SEQ 151] [IEEE-BASELINE]
SCORE    : anomaly_score=10.158
DECISION : ALLOW
------------------------------------------------------------
[SEQ 152] [LAYER 0]
CMD      : M104 S200
TRUST    : acc_cmd=0.000 | acc_exec=0.333 | trust=0.304
DECISION : PAUSE
MACHINE  : Machine-3
------------------------------------------------------------
[SEQ 152] [STATIC-BASELINE]
CMD      : M104 | effects={'M': 104.0, 'S': 200.0, 'prev_temp': 220.0}
DECISION : ALLOW
------------------------------------------------------------
[SEQ 152] [IEEE-BASELINE]
SCORE    : anomaly_score=11.142
DECISION : ALLOW
------------------------------------------------------------
[SEQ 153] [LAYER 0]
CMD      : G1 X171.385 Y116.571 E4.15996
TRUST    : acc_cmd=0.000 | acc_exec=0.000 | trust=0.370
DECISION : PAUSE
MACHINE  : Machine-3
------------------------------------------------------------
[SEQ 153] [STATIC-BASELINE]
CMD      : G1 | effects={'dx': 1.8340000000000032, 'dy': 2.2620000000000005, 'dz': 0.0, 'de': 0.05487999999999982, 'xy_dist': 2.912078295650722, 'params': {'G': 1.0, 'X': 171.385, 'Y': 116.571, 'E': 4.15996}}
DECISION : ALLOW
------------------------------------------------------------
[SEQ 153] [IEEE-BASELINE]
SCORE    : anomaly_score=10.028
DECISION : ALLOW
------------------------------------------------------------
[SEQ 154] [LAYER 0]
CMD      : M104 S220
TRUST    : acc_cmd=0.000 | acc_exec=0.333 | trust=0.278
DECISION : PAUSE
MACHINE  : Machine-3
------------------------------------------------------------
[SEQ 154] [STATIC-BASELINE]
CMD      : M104 | effects={'M': 104.0, 'S': 220.0, 'prev_temp': 200.0}
DECISION : ALLOW
------------------------------------------------------------
[SEQ 154] [IEEE-BASELINE]
SCORE    : anomaly_score=11.025
DECISION : ALLOW
------------------------------------------------------------
[SEQ 155] [LAYER 0]
CMD      : M104 S200
TRUST    : acc_cmd=0.000 | acc_exec=0.333 | trust=0.199
DECISION : PAUSE
MACHINE  : Machine-3
------------------------------------------------------------
[SEQ 155] [STATIC-BASELINE]
CMD      : M104 | effects={'M': 104.0, 'S': 200.0, 'prev_temp': 220.0}
DECISION : ALLOW
------------------------------------------------------------
[SEQ 155] [IEEE-BASELINE]
SCORE    : anomaly_score=11.922
DECISION : ALLOW
------------------------------------------------------------
[SEQ 156] [LAYER 0]
CMD      : M104 S220
TRUST    : acc_cmd=0.000 | acc_exec=0.333 | trust=0.150
DECISION : PAUSE
MACHINE  : Machine-3
------------------------------------------------------------
[SEQ 156] [STATIC-BASELINE]
CMD      : M104 | effects={'M': 104.0, 'S': 220.0, 'prev_temp': 200.0}
DECISION : ALLOW
------------------------------------------------------------
[SEQ 156] [IEEE-BASELINE]
SCORE    : anomaly_score=12.730
DECISION : ALLOW
------------------------------------------------------------
[SEQ 157] [LAYER 0]
CMD      : M104 S200
TRUST    : acc_cmd=0.000 | acc_exec=0.333 | trust=0.121
DECISION : PAUSE
MACHINE  : Machine-3
------------------------------------------------------------
[SEQ 157] [STATIC-BASELINE]
CMD      : M104 | effects={'M': 104.0, 'S': 200.0, 'prev_temp': 220.0}
DECISION : ALLOW
------------------------------------------------------------
[SEQ 157] [IEEE-BASELINE]
SCORE    : anomaly_score=13.457
DECISION : ALLOW
------------------------------------------------------------
[SEQ 158] [LAYER 0]
CMD      : M104 S220
TRUST    : acc_cmd=0.000 | acc_exec=0.333 | trust=0.104
DECISION : PAUSE
MACHINE  : Machine-3
------------------------------------------------------------
[SEQ 158] [STATIC-BASELINE]
CMD      : M104 | effects={'M': 104.0, 'S': 220.0, 'prev_temp': 200.0}
DECISION : ALLOW
------------------------------------------------------------
[SEQ 158] [IEEE-BASELINE]
SCORE    : anomaly_score=14.111
DECISION : ALLOW
------------------------------------------------------------
[SEQ 159] [LAYER 0]
CMD      : G1 X167.805 Y126.647 E4.3858
TRUST    : acc_cmd=0.000 | acc_exec=0.000 | trust=0.186
DECISION : PAUSE
MACHINE  : Machine-3
------------------------------------------------------------
[SEQ 159] [STATIC-BASELINE]
CMD      : G1 | effects={'dx': -3.579999999999984, 'dy': 10.076000000000008, 'dz': 0.0, 'de': 0.22583999999999982, 'xy_dist': 10.693090105296973, 'params': {'G': 1.0, 'X': 167.805, 'Y': 126.647, 'E': 4.3858}}
DECISION : ALLOW
------------------------------------------------------------
[SEQ 159] [IEEE-BASELINE]
SCORE    : anomaly_score=12.700
DECISION : ALLOW
------------------------------------------------------------
[SEQ 160] [LAYER 0]
CMD      : M104 S200
TRUST    : acc_cmd=0.000 | acc_exec=0.333 | trust=0.168
DECISION : PAUSE
MACHINE  : Machine-3
------------------------------------------------------------
[SEQ 160] [STATIC-BASELINE]
CMD      : M104 | effects={'M': 104.0, 'S': 200.0, 'prev_temp': 220.0}
DECISION : ALLOW
------------------------------------------------------------
[SEQ 160] [IEEE-BASELINE]
SCORE    : anomaly_score=13.430
DECISION : ALLOW
------------------------------------------------------------
[SEQ 161] [LAYER 0]
CMD      : G1 X163.992 Y127.185 E4.45887
TRUST    : acc_cmd=0.000 | acc_exec=0.000 | trust=0.264
DECISION : PAUSE
MACHINE  : Machine-3
------------------------------------------------------------
[SEQ 161] [STATIC-BASELINE]
CMD      : G1 | effects={'dx': -3.8130000000000166, 'dy': 0.5379999999999967, 'dz': 0.0, 'de': 0.07307000000000041, 'xy_dist': 3.8507678455082335, 'params': {'G': 1.0, 'X': 163.992, 'Y': 127.185, 'E': 4.45887}}
DECISION : ALLOW
------------------------------------------------------------
[SEQ 161] [IEEE-BASELINE]
SCORE    : anomaly_score=12.087
DECISION : ALLOW
------------------------------------------------------------
[SEQ 162] [LAYER 0]
CMD      : M104 S220
TRUST    : acc_cmd=0.000 | acc_exec=0.333 | trust=0.219
DECISION : PAUSE
MACHINE  : Machine-3
------------------------------------------------------------
[SEQ 162] [STATIC-BASELINE]
CMD      : M104 | effects={'M': 104.0, 'S': 220.0, 'prev_temp': 200.0}
DECISION : ALLOW
------------------------------------------------------------
[SEQ 162] [IEEE-BASELINE]
SCORE    : anomaly_score=12.879
DECISION : ALLOW
------------------------------------------------------------
[SEQ 163] [LAYER 0]
CMD      : M104 S200
TRUST    : acc_cmd=0.000 | acc_exec=0.333 | trust=0.169
DECISION : PAUSE
MACHINE  : Machine-3
------------------------------------------------------------
[SEQ 163] [STATIC-BASELINE]
CMD      : M104 | effects={'M': 104.0, 'S': 200.0, 'prev_temp': 220.0}
DECISION : ALLOW
------------------------------------------------------------
[SEQ 163] [IEEE-BASELINE]
SCORE    : anomaly_score=13.591
DECISION : ALLOW
------------------------------------------------------------
[SEQ 164] [LAYER 0]
CMD      : G1 X158.459 Y123.217 E4.59134
TRUST    : acc_cmd=0.000 | acc_exec=0.000 | trust=0.248
DECISION : PAUSE
MACHINE  : Machine-3
------------------------------------------------------------
[SEQ 164] [STATIC-BASELINE]
CMD      : G1 | effects={'dx': -5.532999999999987, 'dy': -3.9680000000000035, 'dz': 0.0, 'de': 0.13246999999999964, 'xy_dist': 6.8087526757843015, 'params': {'G': 1.0, 'X': 158.459, 'Y': 123.217, 'E': 4.59134}}
DECISION : ALLOW
------------------------------------------------------------
[SEQ 164] [IEEE-BASELINE]
SCORE    : anomaly_score=12.232
DECISION : ALLOW
------------------------------------------------------------
[SEQ 165] [LAYER 0]
CMD      : M104 S220
TRUST    : acc_cmd=0.000 | acc_exec=0.333 | trust=0.207
DECISION : PAUSE
MACHINE  : Machine-3
------------------------------------------------------------
[SEQ 165] [STATIC-BASELINE]
CMD      : M104 | effects={'M': 104.0, 'S': 220.0, 'prev_temp': 200.0}
DECISION : ALLOW
------------------------------------------------------------
[SEQ 165] [IEEE-BASELINE]
SCORE    : anomaly_score=13.008
DECISION : ALLOW
------------------------------------------------------------
[SEQ 166] [LAYER 0]
CMD      : M104 S200
TRUST    : acc_cmd=0.000 | acc_exec=0.333 | trust=0.161
DECISION : PAUSE
MACHINE  : Machine-3
------------------------------------------------------------
[SEQ 166] [STATIC-BASELINE]
CMD      : M104 | effects={'M': 104.0, 'S': 200.0, 'prev_temp': 220.0}
DECISION : ALLOW
------------------------------------------------------------
[SEQ 166] [IEEE-BASELINE]
SCORE    : anomaly_score=13.708
DECISION : ALLOW
------------------------------------------------------------
[SEQ 167] [LAYER 0]
CMD      : G1 X157.901 Y118.577 E4.68033
TRUST    : acc_cmd=0.000 | acc_exec=0.000 | trust=0.242
DECISION : PAUSE
MACHINE  : Machine-3
------------------------------------------------------------
[SEQ 167] [STATIC-BASELINE]
CMD      : G1 | effects={'dx': -0.5579999999999927, 'dy': -4.640000000000001, 'dz': 0.0, 'de': 0.0889899999999999, 'xy_dist': 4.673431715559777, 'params': {'G': 1.0, 'X': 157.901, 'Y': 118.577, 'E': 4.68033}}
DECISION : ALLOW
------------------------------------------------------------
[SEQ 167] [IEEE-BASELINE]
SCORE    : anomaly_score=12.337
DECISION : ALLOW
------------------------------------------------------------
[SEQ 168] [LAYER 0]
CMD      : M104 S220
TRUST    : acc_cmd=0.000 | acc_exec=0.333 | trust=0.203
DECISION : PAUSE
MACHINE  : Machine-3
------------------------------------------------------------
[SEQ 168] [STATIC-BASELINE]
CMD      : M104 | effects={'M': 104.0, 'S': 220.0, 'prev_temp': 200.0}
DECISION : ALLOW
------------------------------------------------------------
[SEQ 168] [IEEE-BASELINE]
SCORE    : anomaly_score=13.103
DECISION : ALLOW
------------------------------------------------------------
[SEQ 169] [LAYER 0]
CMD      : G1 X159.174 Y115.757 E4.73868
TRUST    : acc_cmd=0.000 | acc_exec=0.000 | trust=0.293
DECISION : PAUSE
MACHINE  : Machine-3
------------------------------------------------------------
[SEQ 169] [STATIC-BASELINE]
CMD      : G1 | effects={'dx': 1.2729999999999961, 'dy': -2.819999999999993, 'dz': 0.0, 'de': 0.0583499999999999, 'xy_dist': 3.094015029052049, 'params': {'G': 1.0, 'X': 159.174, 'Y': 115.757, 'E': 4.73868}}
DECISION : ALLOW
------------------------------------------------------------
[SEQ 169] [IEEE-BASELINE]
SCORE    : anomaly_score=11.793
DECISION : ALLOW
------------------------------------------------------------
[SEQ 170] [LAYER 0]
CMD      : M104 S200
TRUST    : acc_cmd=0.000 | acc_exec=0.333 | trust=0.236
DECISION : PAUSE
MACHINE  : Machine-3
------------------------------------------------------------
[SEQ 170] [STATIC-BASELINE]
CMD      : M104 | effects={'M': 104.0, 'S': 200.0, 'prev_temp': 220.0}
DECISION : ALLOW
------------------------------------------------------------
[SEQ 170] [IEEE-BASELINE]
SCORE    : anomaly_score=12.614
DECISION : ALLOW
------------------------------------------------------------
[SEQ 171] [LAYER 0]
CMD      : G1 F1800 X160.73 Y114.674 E4.77266
TRUST    : acc_cmd=0.000 | acc_exec=0.000 | trust=0.321
DECISION : PAUSE
MACHINE  : Machine-3
------------------------------------------------------------
[SEQ 171] [STATIC-BASELINE]
CMD      : G1 | effects={'dx': 1.5559999999999832, 'dy': -1.0829999999999984, 'dz': 0.0, 'de': 0.033980000000000565, 'xy_dist': 1.8957913914774338, 'params': {'G': 1.0, 'F': 1800.0, 'X': 160.73, 'Y': 114.674, 'E': 4.77266}}
DECISION : ALLOW
------------------------------------------------------------
[SEQ 171] [IEEE-BASELINE]
SCORE    : anomaly_score=11.352
DECISION : ALLOW
------------------------------------------------------------
[SEQ 172] [LAYER 0]
CMD      : G1 X161.186 Y114.334 E4.78336
TRUST    : acc_cmd=0.000 | acc_exec=0.000 | trust=0.463
DECISION : PAUSE
MACHINE  : Machine-3
------------------------------------------------------------
[SEQ 172] [STATIC-BASELINE]
CMD      : G1 | effects={'dx': 0.4560000000000173, 'dy': -0.3400000000000034, 'dz': 0.0, 'de': 0.010699999999999932, 'xy_dist': 0.5688022503471818, 'params': {'G': 1.0, 'X': 161.186, 'Y': 114.334, 'E': 4.78336}}
DECISION : ALLOW
------------------------------------------------------------
[SEQ 172] [IEEE-BASELINE]
SCORE    : anomaly_score=10.217
DECISION : ALLOW
------------------------------------------------------------
[SEQ 173] [LAYER 0]
CMD      : M104 S220
TRUST    : acc_cmd=0.000 | acc_exec=0.333 | trust=0.341
DECISION : PAUSE
MACHINE  : Machine-3
------------------------------------------------------------
[SEQ 173] [STATIC-BASELINE]
CMD      : M104 | effects={'M': 104.0, 'S': 220.0, 'prev_temp': 200.0}
DECISION : ALLOW
------------------------------------------------------------
[SEQ 173] [IEEE-BASELINE]
SCORE    : anomaly_score=11.195
DECISION : ALLOW
------------------------------------------------------------
[SEQ 174] [LAYER 0]
CMD      : M104 S200
TRUST    : acc_cmd=0.000 | acc_exec=0.333 | trust=0.234
DECISION : PAUSE
MACHINE  : Machine-3
------------------------------------------------------------
[SEQ 174] [STATIC-BASELINE]
CMD      : M104 | effects={'M': 104.0, 'S': 200.0, 'prev_temp': 220.0}
DECISION : ALLOW
------------------------------------------------------------
[SEQ 174] [IEEE-BASELINE]
SCORE    : anomaly_score=12.076
DECISION : ALLOW
------------------------------------------------------------
[SEQ 175] [LAYER 0]
CMD      : G1 X165.699 Y113.217 E4.87224
TRUST    : acc_cmd=0.000 | acc_exec=0.000 | trust=0.296
DECISION : PAUSE
MACHINE  : Machine-3
------------------------------------------------------------
[SEQ 175] [STATIC-BASELINE]
CMD      : G1 | effects={'dx': 4.513000000000005, 'dy': -1.1170000000000044, 'dz': 0.0, 'de': 0.08887999999999963, 'xy_dist': 4.649178206952284, 'params': {'G': 1.0, 'X': 165.699, 'Y': 113.217, 'E': 4.87224}}
DECISION : ALLOW
------------------------------------------------------------
[SEQ 175] [IEEE-BASELINE]
SCORE    : anomaly_score=10.868
DECISION : ALLOW
------------------------------------------------------------
[SEQ 176] [LAYER 0]
CMD      : M104 S220
TRUST    : acc_cmd=0.000 | acc_exec=0.333 | trust=0.234
DECISION : PAUSE
MACHINE  : Machine-3
------------------------------------------------------------
[SEQ 176] [STATIC-BASELINE]
CMD      : M104 | effects={'M': 104.0, 'S': 220.0, 'prev_temp': 200.0}
DECISION : ALLOW
------------------------------------------------------------
[SEQ 176] [IEEE-BASELINE]
SCORE    : anomaly_score=11.781
DECISION : ALLOW
------------------------------------------------------------
[SEQ 177] [LAYER 0]
CMD      : G1 X169.296 Y114.626 E4.94554
TRUST    : acc_cmd=0.000 | acc_exec=0.000 | trust=0.316
DECISION : PAUSE
MACHINE  : Machine-3
------------------------------------------------------------
[SEQ 177] [STATIC-BASELINE]
CMD      : G1 | effects={'dx': 3.59699999999998, 'dy': 1.409000000000006, 'dz': 0.0, 'de': 0.07330000000000059, 'xy_dist': 3.8631192060302606, 'params': {'G': 1.0, 'X': 169.296, 'Y': 114.626, 'E': 4.94554}}
DECISION : ALLOW
------------------------------------------------------------
[SEQ 177] [IEEE-BASELINE]
SCORE    : anomaly_score=10.603
DECISION : ALLOW
------------------------------------------------------------
[SEQ 178] [LAYER 0]
CMD      : G1 X170.814 Y116.395 E4.98939
TRUST    : acc_cmd=0.000 | acc_exec=0.000 | trust=0.458
DECISION : PAUSE
MACHINE  : Machine-3
------------------------------------------------------------
[SEQ 178] [STATIC-BASELINE]
CMD      : G1 | effects={'dx': 1.5180000000000007, 'dy': 1.7689999999999912, 'dz': 0.0, 'de': 0.043849999999999945, 'xy_dist': 2.3310265978748443, 'params': {'G': 1.0, 'X': 170.814, 'Y': 116.395, 'E': 4.98939}}
DECISION : ALLOW
------------------------------------------------------------
[SEQ 178] [IEEE-BASELINE]
SCORE    : anomaly_score=9.543
DECISION : ALLOW
------------------------------------------------------------
[SEQ 179] [LAYER 0]
CMD      : M104 S200
TRUST    : acc_cmd=0.000 | acc_exec=0.333 | trust=0.337
DECISION : PAUSE
MACHINE  : Machine-3
------------------------------------------------------------
[SEQ 179] [STATIC-BASELINE]
CMD      : M104 | effects={'M': 104.0, 'S': 200.0, 'prev_temp': 220.0}
DECISION : ALLOW
------------------------------------------------------------
[SEQ 179] [IEEE-BASELINE]
SCORE    : anomaly_score=10.589
DECISION : ALLOW
------------------------------------------------------------
[SEQ 180] [LAYER 0]
CMD      : G1 X171.785 Y118.972 E5.04133
TRUST    : acc_cmd=0.000 | acc_exec=0.000 | trust=0.401
DECISION : PAUSE
MACHINE  : Machine-3
------------------------------------------------------------
[SEQ 180] [STATIC-BASELINE]
CMD      : G1 | effects={'dx': 0.9710000000000036, 'dy': 2.576999999999998, 'dz': 0.0, 'de': 0.0519400000000001, 'xy_dist': 2.7538645573085105, 'params': {'G': 1.0, 'X': 171.785, 'Y': 118.972, 'E': 5.04133}}
DECISION : ALLOW
------------------------------------------------------------
[SEQ 180] [IEEE-BASELINE]
SCORE    : anomaly_score=9.530
DECISION : ALLOW
------------------------------------------------------------
[SEQ 181] [LAYER 0]
CMD      : M104 S220
TRUST    : acc_cmd=0.000 | acc_exec=0.333 | trust=0.296
DECISION : PAUSE
MACHINE  : Machine-3
------------------------------------------------------------
[SEQ 181] [STATIC-BASELINE]
CMD      : M104 | effects={'M': 104.0, 'S': 220.0, 'prev_temp': 200.0}
DECISION : ALLOW
------------------------------------------------------------
[SEQ 181] [IEEE-BASELINE]
SCORE    : anomaly_score=10.577
DECISION : ALLOW
------------------------------------------------------------
[SEQ 182] [LAYER 0]
CMD      : M104 S200
TRUST    : acc_cmd=0.000 | acc_exec=0.333 | trust=0.209
DECISION : PAUSE
MACHINE  : Machine-3
------------------------------------------------------------
[SEQ 182] [STATIC-BASELINE]
CMD      : M104 | effects={'M': 104.0, 'S': 200.0, 'prev_temp': 220.0}
DECISION : ALLOW
------------------------------------------------------------
[SEQ 182] [IEEE-BASELINE]
SCORE    : anomaly_score=11.519
DECISION : ALLOW
------------------------------------------------------------
[SEQ 183] [LAYER 0]
CMD      : M104 S220
TRUST    : acc_cmd=0.000 | acc_exec=0.333 | trust=0.154
DECISION : PAUSE
MACHINE  : Machine-3
------------------------------------------------------------
[SEQ 183] [STATIC-BASELINE]
CMD      : M104 | effects={'M': 104.0, 'S': 220.0, 'prev_temp': 200.0}
DECISION : ALLOW
------------------------------------------------------------
[SEQ 183] [IEEE-BASELINE]
SCORE    : anomaly_score=12.367
DECISION : ALLOW
------------------------------------------------------------
[SEQ 184] [LAYER 0]
CMD      : G1 X168.831 Y125.618 E5.18517
TRUST    : acc_cmd=0.000 | acc_exec=0.000 | trust=0.228
DECISION : PAUSE
MACHINE  : Machine-3
------------------------------------------------------------
[SEQ 184] [STATIC-BASELINE]
CMD      : G1 | effects={'dx': -2.9540000000000077, 'dy': 6.646000000000001, 'dz': 0.0, 'de': 0.14383999999999997, 'xy_dist': 7.272924583687092, 'params': {'G': 1.0, 'X': 168.831, 'Y': 125.618, 'E': 5.18517}}
DECISION : ALLOW
------------------------------------------------------------
[SEQ 184] [IEEE-BASELINE]
SCORE    : anomaly_score=11.130
DECISION : ALLOW
------------------------------------------------------------
[SEQ 185] [LAYER 0]
CMD      : M104 S200
TRUST    : acc_cmd=0.000 | acc_exec=0.333 | trust=0.194
DECISION : PAUSE
MACHINE  : Machine-3
------------------------------------------------------------
[SEQ 185] [STATIC-BASELINE]
CMD      : M104 | effects={'M': 104.0, 'S': 200.0, 'prev_temp': 220.0}
DECISION : ALLOW
------------------------------------------------------------
[SEQ 185] [IEEE-BASELINE]
SCORE    : anomaly_score=12.017
DECISION : ALLOW
------------------------------------------------------------
[SEQ 186] [LAYER 0]
CMD      : M104 S220
TRUST    : acc_cmd=0.000 | acc_exec=0.333 | trust=0.154
DECISION : PAUSE
MACHINE  : Machine-3
------------------------------------------------------------
[SEQ 186] [STATIC-BASELINE]
CMD      : M104 | effects={'M': 104.0, 'S': 220.0, 'prev_temp': 200.0}
DECISION : ALLOW
------------------------------------------------------------
[SEQ 186] [IEEE-BASELINE]
SCORE    : anomaly_score=12.816
DECISION : ALLOW
------------------------------------------------------------
[SEQ 187] [LAYER 0]
CMD      : M104 S200
TRUST    : acc_cmd=0.000 | acc_exec=0.333 | trust=0.126
DECISION : PAUSE
MACHINE  : Machine-3
------------------------------------------------------------
[SEQ 187] [STATIC-BASELINE]
CMD      : M104 | effects={'M': 104.0, 'S': 200.0, 'prev_temp': 220.0}
DECISION : ALLOW
------------------------------------------------------------
[SEQ 187] [IEEE-BASELINE]
SCORE    : anomaly_score=13.534
DECISION : ALLOW
------------------------------------------------------------
[SEQ 188] [LAYER 0]
CMD      : M104 S220
TRUST    : acc_cmd=0.000 | acc_exec=0.333 | trust=0.108
DECISION : PAUSE
MACHINE  : Machine-3
------------------------------------------------------------
[SEQ 188] [STATIC-BASELINE]
CMD      : M104 | effects={'M': 104.0, 'S': 220.0, 'prev_temp': 200.0}
DECISION : ALLOW
------------------------------------------------------------
[SEQ 188] [IEEE-BASELINE]
SCORE    : anomaly_score=14.181
DECISION : ALLOW
------------------------------------------------------------
[SEQ 189] [LAYER 0]
CMD      : M104 S200
TRUST    : acc_cmd=0.000 | acc_exec=0.333 | trust=0.097
DECISION : PAUSE
MACHINE  : Machine-3
------------------------------------------------------------
[SEQ 189] [STATIC-BASELINE]
CMD      : M104 | effects={'M': 104.0, 'S': 200.0, 'prev_temp': 220.0}
DECISION : ALLOW
------------------------------------------------------------
[SEQ 189] [IEEE-BASELINE]
SCORE    : anomaly_score=14.763
DECISION : ALLOW
------------------------------------------------------------
[SEQ 190] [LAYER 0]
CMD      : M104 S220
TRUST    : acc_cmd=0.000 | acc_exec=0.333 | trust=0.091
DECISION : PAUSE
MACHINE  : Machine-3
------------------------------------------------------------
[SEQ 190] [STATIC-BASELINE]
CMD      : M104 | effects={'M': 104.0, 'S': 220.0, 'prev_temp': 200.0}
DECISION : ALLOW
------------------------------------------------------------
[SEQ 190] [IEEE-BASELINE]
SCORE    : anomaly_score=15.286
DECISION : ALLOW
------------------------------------------------------------
[SEQ 191] [LAYER 0]
CMD      : G1 X158.253 Y121.012 E5.44427
TRUST    : acc_cmd=0.000 | acc_exec=0.000 | trust=0.175
DECISION : PAUSE
MACHINE  : Machine-3
------------------------------------------------------------
[SEQ 191] [STATIC-BASELINE]
CMD      : G1 | effects={'dx': -10.578000000000003, 'dy': -4.6059999999999945, 'dz': 0.0, 'de': 0.2591000000000001, 'xy_dist': 11.537301244225185, 'params': {'G': 1.0, 'X': 158.253, 'Y': 121.012, 'E': 5.44427}}
DECISION : ALLOW
------------------------------------------------------------
[SEQ 191] [IEEE-BASELINE]
SCORE    : anomaly_score=13.758
DECISION : ALLOW
------------------------------------------------------------
[SEQ 192] [LAYER 0]
CMD      : G1 X158.222 Y119.018 E5.48179
TRUST    : acc_cmd=0.000 | acc_exec=0.000 | trust=0.319
DECISION : PAUSE
MACHINE  : Machine-3
------------------------------------------------------------
[SEQ 192] [STATIC-BASELINE]
CMD      : G1 | effects={'dx': -0.03099999999997749, 'dy': -1.9939999999999998, 'dz': 0.0, 'de': 0.037519999999999776, 'xy_dist': 1.9942409583598462, 'params': {'G': 1.0, 'X': 158.222, 'Y': 119.018, 'E': 5.48179}}
DECISION : ALLOW
------------------------------------------------------------
[SEQ 192] [IEEE-BASELINE]
SCORE    : anomaly_score=12.382
DECISION : ALLOW
------------------------------------------------------------
[SEQ 193] [LAYER 0]
CMD      : M104 S200
TRUST    : acc_cmd=0.000 | acc_exec=0.333 | trust=0.258
DECISION : PAUSE
MACHINE  : Machine-3
------------------------------------------------------------
[SEQ 193] [STATIC-BASELINE]
CMD      : M104 | effects={'M': 104.0, 'S': 200.0, 'prev_temp': 220.0}
DECISION : ALLOW
------------------------------------------------------------
[SEQ 193] [IEEE-BASELINE]
SCORE    : anomaly_score=13.144
DECISION : ALLOW
------------------------------------------------------------
[SEQ 194] [LAYER 0]
CMD      : M104 S220
TRUST    : acc_cmd=0.000 | acc_exec=0.333 | trust=0.191
DECISION : PAUSE
MACHINE  : Machine-3
------------------------------------------------------------
[SEQ 194] [STATIC-BASELINE]
CMD      : M104 | effects={'M': 104.0, 'S': 220.0, 'prev_temp': 200.0}
DECISION : ALLOW
------------------------------------------------------------
[SEQ 194] [IEEE-BASELINE]
SCORE    : anomaly_score=13.829
DECISION : ALLOW
------------------------------------------------------------
[SEQ 195] [LAYER 0]
CMD      : M104 S200
TRUST    : acc_cmd=0.000 | acc_exec=0.333 | trust=0.146
DECISION : PAUSE
MACHINE  : Machine-3
------------------------------------------------------------
[SEQ 195] [STATIC-BASELINE]
CMD      : M104 | effects={'M': 104.0, 'S': 200.0, 'prev_temp': 220.0}
DECISION : ALLOW
------------------------------------------------------------
[SEQ 195] [IEEE-BASELINE]
SCORE    : anomaly_score=14.446
DECISION : ALLOW
------------------------------------------------------------
[SEQ 196] [LAYER 0]
CMD      : G0 F3600 X159.824 Y116.235
TRUST    : acc_cmd=0.000 | acc_exec=0.000 | trust=0.224
DECISION : PAUSE
MACHINE  : Machine-3
------------------------------------------------------------
[SEQ 196] [STATIC-BASELINE]
CMD      : G0 | effects={'dx': 1.6020000000000039, 'dy': -2.7830000000000013, 'dz': 0.0, 'de': 0.0, 'xy_dist': 3.2111513511511753, 'params': {'G': 0.0, 'F': 3600.0, 'X': 159.824, 'Y': 116.235}}
DECISION : ALLOW
------------------------------------------------------------
[SEQ 196] [IEEE-BASELINE]
SCORE    : anomaly_score=13.002
DECISION : ALLOW
------------------------------------------------------------
[SEQ 197] [LAYER 0]
CMD      : M104 S220
TRUST    : acc_cmd=0.000 | acc_exec=0.333 | trust=0.191
DECISION : PAUSE
MACHINE  : Machine-3
------------------------------------------------------------
[SEQ 197] [STATIC-BASELINE]
CMD      : M104 | effects={'M': 104.0, 'S': 220.0, 'prev_temp': 200.0}
DECISION : ALLOW
------------------------------------------------------------
[SEQ 197] [IEEE-BASELINE]
SCORE    : anomaly_score=13.702
DECISION : ALLOW
------------------------------------------------------------
[SEQ 198] [LAYER 0]
CMD      : G1 X161.392 Y114.679 E5.58548
TRUST    : acc_cmd=0.000 | acc_exec=0.000 | trust=0.283
DECISION : PAUSE
MACHINE  : Machine-3
------------------------------------------------------------
[SEQ 198] [STATIC-BASELINE]
CMD      : G1 | effects={'dx': 1.5679999999999836, 'dy': -1.5559999999999974, 'dz': 0.0, 'de': 0.1036899999999994, 'xy_dist': 2.20901788132191, 'params': {'G': 1.0, 'X': 161.392, 'Y': 114.679, 'E': 5.58548}}
DECISION : ALLOW
------------------------------------------------------------
[SEQ 198] [IEEE-BASELINE]
SCORE    : anomaly_score=12.331
DECISION : ALLOW
------------------------------------------------------------
[SEQ 199] [LAYER 0]
CMD      : M104 S200
TRUST    : acc_cmd=0.000 | acc_exec=0.333 | trust=0.230
DECISION : PAUSE
MACHINE  : Machine-3
------------------------------------------------------------
[SEQ 199] [STATIC-BASELINE]
CMD      : M104 | effects={'M': 104.0, 'S': 200.0, 'prev_temp': 220.0}
DECISION : ALLOW
------------------------------------------------------------
[SEQ 199] [IEEE-BASELINE]
SCORE    : anomaly_score=13.098
DECISION : ALLOW
------------------------------------------------------------
[SEQ 200] [LAYER 0]
CMD      : G1 X163.99 Y113.655 E5.63815
TRUST    : acc_cmd=0.000 | acc_exec=0.000 | trust=0.316
DECISION : PAUSE
MACHINE  : Machine-3
------------------------------------------------------------
[SEQ 200] [STATIC-BASELINE]
CMD      : G1 | effects={'dx': 2.598000000000013, 'dy': -1.024000000000001, 'dz': 0.0, 'de': 0.05267000000000088, 'xy_dist': 2.7925221574770127, 'params': {'G': 1.0, 'X': 163.99, 'Y': 113.655, 'E': 5.63815}}
DECISION : ALLOW
------------------------------------------------------------
[SEQ 200] [IEEE-BASELINE]
SCORE    : anomaly_score=11.788
DECISION : ALLOW
------------------------------------------------------------
[SEQ 201] [LAYER 0]
CMD      : M104 S220
TRUST    : acc_cmd=0.000 | acc_exec=0.333 | trust=0.249
DECISION : PAUSE
MACHINE  : Machine-3
------------------------------------------------------------
[SEQ 201] [STATIC-BASELINE]
CMD      : M104 | effects={'M': 104.0, 'S': 220.0, 'prev_temp': 200.0}
DECISION : ALLOW
------------------------------------------------------------
[SEQ 201] [IEEE-BASELINE]
SCORE    : anomaly_score=12.610
DECISION : ALLOW
------------------------------------------------------------
[SEQ 202] [LAYER 0]
CMD      : M104 S200
TRUST    : acc_cmd=0.000 | acc_exec=0.333 | trust=0.185
DECISION : PAUSE
MACHINE  : Machine-3
------------------------------------------------------------
[SEQ 202] [STATIC-BASELINE]
CMD      : M104 | effects={'M': 104.0, 'S': 200.0, 'prev_temp': 220.0}
DECISION : ALLOW
------------------------------------------------------------
[SEQ 202] [IEEE-BASELINE]
SCORE    : anomaly_score=13.349
DECISION : ALLOW
------------------------------------------------------------
[SEQ 203] [LAYER 0]
CMD      : G1 X169.039 Y114.942 E5.73843
TRUST    : acc_cmd=0.000 | acc_exec=0.000 | trust=0.260
DECISION : PAUSE
MACHINE  : Machine-3
------------------------------------------------------------
[SEQ 203] [STATIC-BASELINE]
CMD      : G1 | effects={'dx': 5.048999999999978, 'dy': 1.286999999999992, 'dz': 0.0, 'de': 0.1002799999999997, 'xy_dist': 5.210448157308521, 'params': {'G': 1.0, 'X': 169.039, 'Y': 114.942, 'E': 5.73843}}
DECISION : ALLOW
------------------------------------------------------------
[SEQ 203] [IEEE-BASELINE]
SCORE    : anomaly_score=12.014
DECISION : ALLOW
------------------------------------------------------------
[SEQ 204] [LAYER 0]
CMD      : M104 S220
TRUST    : acc_cmd=0.000 | acc_exec=0.333 | trust=0.213
DECISION : PAUSE
MACHINE  : Machine-3
------------------------------------------------------------
[SEQ 204] [STATIC-BASELINE]
CMD      : M104 | effects={'M': 104.0, 'S': 220.0, 'prev_temp': 200.0}
DECISION : ALLOW
------------------------------------------------------------
[SEQ 204] [IEEE-BASELINE]
SCORE    : anomaly_score=12.812
DECISION : ALLOW
------------------------------------------------------------
[SEQ 205] [LAYER 0]
CMD      : M104 S200
TRUST    : acc_cmd=0.000 | acc_exec=0.333 | trust=0.165
DECISION : PAUSE
MACHINE  : Machine-3
------------------------------------------------------------
[SEQ 205] [STATIC-BASELINE]
CMD      : M104 | effects={'M': 104.0, 'S': 200.0, 'prev_temp': 220.0}
DECISION : ALLOW
------------------------------------------------------------
[SEQ 205] [IEEE-BASELINE]
SCORE    : anomaly_score=13.531
DECISION : ALLOW
------------------------------------------------------------
[SEQ 206] [LAYER 0]
CMD      : M104 S220
TRUST    : acc_cmd=0.000 | acc_exec=0.333 | trust=0.131
DECISION : PAUSE
MACHINE  : Machine-3
------------------------------------------------------------
[SEQ 206] [STATIC-BASELINE]
CMD      : M104 | effects={'M': 104.0, 'S': 220.0, 'prev_temp': 200.0}
DECISION : ALLOW
------------------------------------------------------------
[SEQ 206] [IEEE-BASELINE]
SCORE    : anomaly_score=14.178
DECISION : ALLOW
------------------------------------------------------------
[SEQ 207] [LAYER 0]
CMD      : M104 S200
TRUST    : acc_cmd=0.000 | acc_exec=0.333 | trust=0.111
DECISION : PAUSE
MACHINE  : Machine-3
------------------------------------------------------------
[SEQ 207] [STATIC-BASELINE]
CMD      : M104 | effects={'M': 104.0, 'S': 200.0, 'prev_temp': 220.0}
DECISION : ALLOW
------------------------------------------------------------
[SEQ 207] [IEEE-BASELINE]
SCORE    : anomaly_score=14.760
DECISION : ALLOW
------------------------------------------------------------
[SEQ 208] [LAYER 0]
CMD      : G1 X170.832 Y122.704 E5.89919
TRUST    : acc_cmd=0.000 | acc_exec=0.000 | trust=0.193
DECISION : PAUSE
MACHINE  : Machine-3
------------------------------------------------------------
[SEQ 208] [STATIC-BASELINE]
CMD      : G1 | effects={'dx': 1.7930000000000064, 'dy': 7.7620000000000005, 'dz': 0.0, 'de': 0.1607599999999998, 'xy_dist': 7.9663977430203685, 'params': {'G': 1.0, 'X': 170.832, 'Y': 122.704, 'E': 5.89919}}
DECISION : ALLOW
------------------------------------------------------------
[SEQ 208] [IEEE-BASELINE]
SCORE    : anomaly_score=13.284
DECISION : ALLOW
------------------------------------------------------------
[SEQ 209] [LAYER 0]
CMD      : G1 X169.883 Y124.181 E5.93221
TRUST    : acc_cmd=0.000 | acc_exec=0.000 | trust=0.337
DECISION : PAUSE
MACHINE  : Machine-3
------------------------------------------------------------
[SEQ 209] [STATIC-BASELINE]
CMD      : G1 | effects={'dx': -0.9489999999999839, 'dy': 1.4770000000000039, 'dz': 0.0, 'de': 0.03302000000000049, 'xy_dist': 1.7555996126679856, 'params': {'G': 1.0, 'X': 169.883, 'Y': 124.181, 'E': 5.93221}}
DECISION : ALLOW
------------------------------------------------------------
[SEQ 209] [IEEE-BASELINE]
SCORE    : anomaly_score=11.956
DECISION : ALLOW
------------------------------------------------------------
[SEQ 210] [LAYER 0]
CMD      : G1 X168.6 Y125.289 E5.9641
TRUST    : acc_cmd=0.000 | acc_exec=0.000 | trust=0.498
DECISION : PAUSE
MACHINE  : Machine-3
------------------------------------------------------------
[SEQ 210] [STATIC-BASELINE]
CMD      : G1 | effects={'dx': -1.2830000000000155, 'dy': 1.108000000000004, 'dz': 0.0, 'de': 0.03188999999999975, 'xy_dist': 1.6952147356603673, 'params': {'G': 1.0, 'X': 168.6, 'Y': 125.289, 'E': 5.9641}}
DECISION : ALLOW
------------------------------------------------------------
[SEQ 210] [IEEE-BASELINE]
SCORE    : anomaly_score=10.760
DECISION : ALLOW
------------------------------------------------------------
[SEQ 211] [LAYER 0]
CMD      : G1 X167.496 Y125.904 E5.98787
TRUST    : acc_cmd=0.000 | acc_exec=0.000 | trust=0.643
DECISION : ALLOW
MACHINE  : Machine-3
------------------------------------------------------------
[SEQ 211] [STATIC-BASELINE]
CMD      : G1 | effects={'dx': -1.103999999999985, 'dy': 0.6149999999999949, 'dz': 0.0, 'de': 0.023769999999999847, 'xy_dist': 1.2637408753379629, 'params': {'G': 1.0, 'X': 167.496, 'Y': 125.904, 'E': 5.98787}}
DECISION : ALLOW
------------------------------------------------------------
[SEQ 211] [IEEE-BASELINE]
SCORE    : anomaly_score=9.684
DECISION : ALLOW
------------------------------------------------------------
[SEQ 212] [LAYER 0]
CMD      : M104 S220
TRUST    : acc_cmd=0.000 | acc_exec=0.333 | trust=0.441
DECISION : PAUSE
MACHINE  : Machine-3
------------------------------------------------------------
[SEQ 212] [STATIC-BASELINE]
CMD      : M104 | effects={'M': 104.0, 'S': 220.0, 'prev_temp': 200.0}
DECISION : ALLOW
------------------------------------------------------------
[SEQ 212] [IEEE-BASELINE]
SCORE    : anomaly_score=10.716
DECISION : ALLOW
------------------------------------------------------------
[SEQ 213] [LAYER 0]
CMD      : M104 S200
TRUST    : acc_cmd=0.000 | acc_exec=0.333 | trust=0.285
DECISION : PAUSE
MACHINE  : Machine-3
------------------------------------------------------------
[SEQ 213] [STATIC-BASELINE]
CMD      : M104 | effects={'M': 104.0, 'S': 200.0, 'prev_temp': 220.0}
DECISION : ALLOW
------------------------------------------------------------
[SEQ 213] [IEEE-BASELINE]
SCORE    : anomaly_score=11.644
DECISION : ALLOW
------------------------------------------------------------
[SEQ 214] [LAYER 0]
CMD      : G1 X162.313 Y125.83 E6.08813
TRUST    : acc_cmd=0.000 | acc_exec=0.000 | trust=0.329
DECISION : PAUSE
MACHINE  : Machine-3
------------------------------------------------------------
[SEQ 214] [STATIC-BASELINE]
CMD      : G1 | effects={'dx': -5.183000000000021, 'dy': -0.07399999999999807, 'dz': 0.0, 'de': 0.10025999999999957, 'xy_dist': 5.183528238564946, 'params': {'G': 1.0, 'X': 162.313, 'Y': 125.83, 'E': 6.08813}}
DECISION : ALLOW
------------------------------------------------------------
[SEQ 214] [IEEE-BASELINE]
SCORE    : anomaly_score=10.480
DECISION : ALLOW
------------------------------------------------------------
[SEQ 215] [LAYER 0]
CMD      : G1 X160.627 Y124.759 E6.1257
TRUST    : acc_cmd=0.000 | acc_exec=0.000 | trust=0.456
DECISION : PAUSE
MACHINE  : Machine-3
------------------------------------------------------------
[SEQ 215] [STATIC-BASELINE]
CMD      : G1 | effects={'dx': -1.6859999999999786, 'dy': -1.070999999999998, 'dz': 0.0, 'de': 0.03757000000000055, 'xy_dist': 1.9974075698264298, 'params': {'G': 1.0, 'X': 160.627, 'Y': 124.759, 'E': 6.1257}}
DECISION : ALLOW
------------------------------------------------------------
[SEQ 215] [IEEE-BASELINE]
SCORE    : anomaly_score=9.432
DECISION : ALLOW
------------------------------------------------------------
[SEQ 216] [LAYER 0]
CMD      : G1 X159.189 Y122.857 E6.17055
TRUST    : acc_cmd=0.000 | acc_exec=0.000 | trust=0.597
DECISION : ALLOW
MACHINE  : Machine-3
------------------------------------------------------------
[SEQ 216] [STATIC-BASELINE]
CMD      : G1 | effects={'dx': -1.4380000000000166, 'dy': -1.902000000000001, 'dz': 0.0, 'de': 0.04485000000000028, 'xy_dist': 2.3844177486338363, 'params': {'G': 1.0, 'X': 159.189, 'Y': 122.857, 'E': 6.17055}}
DECISION : ALLOW
------------------------------------------------------------
[SEQ 216] [IEEE-BASELINE]
SCORE    : anomaly_score=8.489
DECISION : ALLOW
------------------------------------------------------------
[SEQ 217] [LAYER 0]
CMD      : M104 S220
TRUST    : acc_cmd=0.000 | acc_exec=0.333 | trust=0.416
DECISION : PAUSE
MACHINE  : Machine-3
------------------------------------------------------------
[SEQ 217] [STATIC-BASELINE]
CMD      : M104 | effects={'M': 104.0, 'S': 220.0, 'prev_temp': 200.0}
DECISION : ALLOW
------------------------------------------------------------
[SEQ 217] [IEEE-BASELINE]
SCORE    : anomaly_score=9.640
DECISION : ALLOW
------------------------------------------------------------
[SEQ 218] [LAYER 0]
CMD      : G1 X158.622 Y119.012 E6.24428
TRUST    : acc_cmd=0.000 | acc_exec=0.000 | trust=0.455
DECISION : PAUSE
MACHINE  : Machine-3
------------------------------------------------------------
[SEQ 218] [STATIC-BASELINE]
CMD      : G1 | effects={'dx': -0.5669999999999789, 'dy': -3.844999999999999, 'dz': 0.0, 'de': 0.07372999999999941, 'xy_dist': 3.8865812740762244, 'params': {'G': 1.0, 'X': 158.622, 'Y': 119.012, 'E': 6.24428}}
DECISION : ALLOW
------------------------------------------------------------
[SEQ 218] [IEEE-BASELINE]
SCORE    : anomaly_score=8.676
DECISION : ALLOW
------------------------------------------------------------
[SEQ 219] [LAYER 0]
CMD      : G1 X158.648 Y118.864 E6.24711
TRUST    : acc_cmd=0.000 | acc_exec=0.000 | trust=0.568
DECISION : ALLOW
MACHINE  : Machine-3
------------------------------------------------------------
[SEQ 219] [STATIC-BASELINE]
CMD      : G1 | effects={'dx': 0.025999999999982037, 'dy': -0.14799999999999613, 'dz': 0.0, 'de': 0.0028300000000003322, 'xy_dist': 0.15026643005008777, 'params': {'G': 1.0, 'X': 158.648, 'Y': 118.864, 'E': 6.24711}}
DECISION : ALLOW
------------------------------------------------------------
[SEQ 219] [IEEE-BASELINE]
SCORE    : anomaly_score=7.808
DECISION : ALLOW
------------------------------------------------------------
[SEQ 220] [LAYER 0]
CMD      : M104 S200
TRUST    : acc_cmd=0.000 | acc_exec=0.333 | trust=0.397
DECISION : PAUSE
MACHINE  : Machine-3
------------------------------------------------------------
[SEQ 220] [STATIC-BASELINE]
CMD      : M104 | effects={'M': 104.0, 'S': 200.0, 'prev_temp': 220.0}
DECISION : ALLOW
------------------------------------------------------------
[SEQ 220] [IEEE-BASELINE]
SCORE    : anomaly_score=9.027
DECISION : ALLOW
------------------------------------------------------------
[SEQ 221] [LAYER 0]
CMD      : G1 X159.824 Y116.235 E6.30143
TRUST    : acc_cmd=0.000 | acc_exec=0.000 | trust=0.440
DECISION : PAUSE
MACHINE  : Machine-3
------------------------------------------------------------
[SEQ 221] [STATIC-BASELINE]
CMD      : G1 | effects={'dx': 1.1760000000000161, 'dy': -2.629000000000005, 'dz': 0.0, 'de': 0.0543199999999997, 'xy_dist': 2.8800376733647193, 'params': {'G': 1.0, 'X': 159.824, 'Y': 116.235, 'E': 6.30143}}
DECISION : ALLOW
------------------------------------------------------------
[SEQ 221] [IEEE-BASELINE]
SCORE    : anomaly_score=8.125
DECISION : ALLOW
------------------------------------------------------------
[SEQ 222] [LAYER 0]
CMD      : G0 F3600 X160.147 Y116.475
TRUST    : acc_cmd=0.000 | acc_exec=0.000 | trust=0.557
DECISION : ALLOW
MACHINE  : Machine-3
------------------------------------------------------------
[SEQ 222] [STATIC-BASELINE]
CMD      : G0 | effects={'dx': 0.3229999999999791, 'dy': 0.23999999999999488, 'dz': 0.0, 'de': 0.0, 'xy_dist': 0.4024040258247723, 'params': {'G': 0.0, 'F': 3600.0, 'X': 160.147, 'Y': 116.475}}
DECISION : ALLOW
------------------------------------------------------------
[SEQ 222] [IEEE-BASELINE]
SCORE    : anomaly_score=7.312
DECISION : ALLOW
------------------------------------------------------------
[SEQ 223] [LAYER 0]
CMD      : M104 S220
TRUST    : acc_cmd=0.000 | acc_exec=0.333 | trust=0.391
DECISION : PAUSE
MACHINE  : Machine-3
------------------------------------------------------------
[SEQ 223] [STATIC-BASELINE]
CMD      : M104 | effects={'M': 104.0, 'S': 220.0, 'prev_temp': 200.0}
DECISION : ALLOW
------------------------------------------------------------
[SEQ 223] [IEEE-BASELINE]
SCORE    : anomaly_score=8.581
DECISION : ALLOW
------------------------------------------------------------
[SEQ 224] [LAYER 0]
CMD      : G1 X161.561 Y115.042 E6.33939
TRUST    : acc_cmd=0.000 | acc_exec=0.000 | trust=0.436
DECISION : PAUSE
MACHINE  : Machine-3
------------------------------------------------------------
[SEQ 224] [STATIC-BASELINE]
CMD      : G1 | effects={'dx': 1.4140000000000157, 'dy': -1.4329999999999927, 'dz': 0.0, 'de': 0.037959999999999994, 'xy_dist': 2.01317783615855, 'params': {'G': 1.0, 'X': 161.561, 'Y': 115.042, 'E': 6.33939}}
DECISION : ALLOW
------------------------------------------------------------
[SEQ 224] [IEEE-BASELINE]
SCORE    : anomaly_score=7.723
DECISION : ALLOW
------------------------------------------------------------
[SEQ 225] [LAYER 0]
CMD      : G1 X163.043 Y114.352 E6.37014
TRUST    : acc_cmd=0.000 | acc_exec=0.000 | trust=0.554
DECISION : ALLOW
MACHINE  : Machine-3
------------------------------------------------------------
[SEQ 225] [STATIC-BASELINE]
CMD      : G1 | effects={'dx': 1.4819999999999993, 'dy': -0.6899999999999977, 'dz': 0.0, 'de': 0.030750000000000277, 'xy_dist': 1.6347550275194125, 'params': {'G': 1.0, 'X': 163.043, 'Y': 114.352, 'E': 6.37014}}
DECISION : ALLOW
------------------------------------------------------------
[SEQ 225] [IEEE-BASELINE]
SCORE    : anomaly_score=6.951
DECISION : ALLOW
------------------------------------------------------------
[SEQ 226] [LAYER 0]
CMD      : M104 S200
TRUST    : acc_cmd=0.000 | acc_exec=0.333 | trust=0.389
DECISION : PAUSE
MACHINE  : Machine-3
------------------------------------------------------------
[SEQ 226] [STATIC-BASELINE]
CMD      : M104 | effects={'M': 104.0, 'S': 200.0, 'prev_temp': 220.0}
DECISION : ALLOW
------------------------------------------------------------
[SEQ 226] [IEEE-BASELINE]
SCORE    : anomaly_score=8.256
DECISION : ALLOW
------------------------------------------------------------
[SEQ 227] [LAYER 0]
CMD      : M104 S220
TRUST    : acc_cmd=0.000 | acc_exec=0.333 | trust=0.258
DECISION : PAUSE
MACHINE  : Machine-3
------------------------------------------------------------
[SEQ 227] [STATIC-BASELINE]
CMD      : M104 | effects={'M': 104.0, 'S': 220.0, 'prev_temp': 200.0}
DECISION : ALLOW
------------------------------------------------------------
[SEQ 227] [IEEE-BASELINE]
SCORE    : anomaly_score=9.430
DECISION : ALLOW
------------------------------------------------------------
[SEQ 228] [LAYER 0]
CMD      : M104 S200
TRUST    : acc_cmd=0.000 | acc_exec=0.333 | trust=0.180
DECISION : PAUSE
MACHINE  : Machine-3
------------------------------------------------------------
[SEQ 228] [STATIC-BASELINE]
CMD      : M104 | effects={'M': 104.0, 'S': 200.0, 'prev_temp': 220.0}
DECISION : ALLOW
------------------------------------------------------------
[SEQ 228] [IEEE-BASELINE]
SCORE    : anomaly_score=10.487
DECISION : ALLOW
------------------------------------------------------------
[SEQ 229] [LAYER 0]
CMD      : M104 S220
TRUST    : acc_cmd=0.000 | acc_exec=0.333 | trust=0.136
DECISION : PAUSE
MACHINE  : Machine-3
------------------------------------------------------------
[SEQ 229] [STATIC-BASELINE]
CMD      : M104 | effects={'M': 104.0, 'S': 220.0, 'prev_temp': 200.0}
DECISION : ALLOW
------------------------------------------------------------
[SEQ 229] [IEEE-BASELINE]
SCORE    : anomaly_score=11.438
DECISION : ALLOW
------------------------------------------------------------
[SEQ 230] [LAYER 0]
CMD      : G1 X170.206 Y116.916 E6.52498
TRUST    : acc_cmd=0.000 | acc_exec=0.000 | trust=0.211
DECISION : PAUSE
MACHINE  : Machine-3
------------------------------------------------------------
[SEQ 230] [STATIC-BASELINE]
CMD      : G1 | effects={'dx': 7.1629999999999825, 'dy': 2.563999999999993, 'dz': 0.0, 'de': 0.1548400000000001, 'xy_dist': 7.608065785730281, 'params': {'G': 1.0, 'X': 170.206, 'Y': 116.916, 'E': 6.52498}}
DECISION : ALLOW
------------------------------------------------------------
[SEQ 230] [IEEE-BASELINE]
SCORE    : anomaly_score=10.294
DECISION : ALLOW
------------------------------------------------------------
[SEQ 231] [LAYER 0]
CMD      : M104 S200
TRUST    : acc_cmd=0.000 | acc_exec=0.333 | trust=0.183
DECISION : PAUSE
MACHINE  : Machine-3
------------------------------------------------------------
[SEQ 231] [STATIC-BASELINE]
CMD      : M104 | effects={'M': 104.0, 'S': 200.0, 'prev_temp': 220.0}
DECISION : ALLOW
------------------------------------------------------------
[SEQ 231] [IEEE-BASELINE]
SCORE    : anomaly_score=11.265
DECISION : ALLOW
------------------------------------------------------------
[SEQ 232] [LAYER 0]
CMD      : G1 X170.983 Y119.096 E6.56856
TRUST    : acc_cmd=0.000 | acc_exec=0.000 | trust=0.276
DECISION : PAUSE
MACHINE  : Machine-3
------------------------------------------------------------
[SEQ 232] [STATIC-BASELINE]
CMD      : G1 | effects={'dx': 0.7770000000000152, 'dy': 2.180000000000007, 'dz': 0.0, 'de': 0.04357999999999951, 'xy_dist': 2.3143312208929934, 'params': {'G': 1.0, 'X': 170.983, 'Y': 119.096, 'E': 6.56856}}
DECISION : ALLOW
------------------------------------------------------------
[SEQ 232] [IEEE-BASELINE]
SCORE    : anomaly_score=10.139
DECISION : ALLOW
------------------------------------------------------------
[SEQ 233] [LAYER 0]
CMD      : G1 X170.95 Y120.974 E6.6039
TRUST    : acc_cmd=0.000 | acc_exec=0.000 | trust=0.424
DECISION : PAUSE
MACHINE  : Machine-3
------------------------------------------------------------
[SEQ 233] [STATIC-BASELINE]
CMD      : G1 | effects={'dx': -0.03300000000001546, 'dy': 1.8780000000000001, 'dz': 0.0, 'de': 0.03534000000000059, 'xy_dist': 1.8782899137247162, 'params': {'G': 1.0, 'X': 170.95, 'Y': 120.974, 'E': 6.6039}}
DECISION : ALLOW
------------------------------------------------------------
[SEQ 233] [IEEE-BASELINE]
SCORE    : anomaly_score=9.125
DECISION : ALLOW
------------------------------------------------------------
[SEQ 234] [LAYER 0]
CMD      : M104 S220
TRUST    : acc_cmd=0.000 | acc_exec=0.333 | trust=0.319
DECISION : PAUSE
MACHINE  : Machine-3
------------------------------------------------------------
[SEQ 234] [STATIC-BASELINE]
CMD      : M104 | effects={'M': 104.0, 'S': 220.0, 'prev_temp': 200.0}
DECISION : ALLOW
------------------------------------------------------------
[SEQ 234] [IEEE-BASELINE]
SCORE    : anomaly_score=10.212
DECISION : ALLOW
------------------------------------------------------------
[SEQ 235] [LAYER 0]
CMD      : G1 X169.579 Y123.915 E6.6655
TRUST    : acc_cmd=0.000 | acc_exec=0.000 | trust=0.388
DECISION : PAUSE
MACHINE  : Machine-3
------------------------------------------------------------
[SEQ 235] [STATIC-BASELINE]
CMD      : G1 | effects={'dx': -1.370999999999981, 'dy': 2.9410000000000025, 'dz': 0.0, 'de': 0.06159999999999943, 'xy_dist': 3.244860859882895, 'params': {'G': 1.0, 'X': 169.579, 'Y': 123.915, 'E': 6.6655}}
DECISION : ALLOW
------------------------------------------------------------
[SEQ 235] [IEEE-BASELINE]
SCORE    : anomaly_score=9.191
DECISION : ALLOW
------------------------------------------------------------
[SEQ 236] [LAYER 0]
CMD      : M104 S200
TRUST    : acc_cmd=0.000 | acc_exec=0.333 | trust=0.289
DECISION : PAUSE
MACHINE  : Machine-3
------------------------------------------------------------
[SEQ 236] [STATIC-BASELINE]
CMD      : M104 | effects={'M': 104.0, 'S': 200.0, 'prev_temp': 220.0}
DECISION : ALLOW
------------------------------------------------------------
[SEQ 236] [IEEE-BASELINE]
SCORE    : anomaly_score=10.272
DECISION : ALLOW
------------------------------------------------------------
[SEQ 237] [LAYER 0]
CMD      : M104 S220
TRUST    : acc_cmd=0.000 | acc_exec=0.333 | trust=0.205
DECISION : PAUSE
MACHINE  : Machine-3
------------------------------------------------------------
[SEQ 237] [STATIC-BASELINE]
CMD      : M104 | effects={'M': 104.0, 'S': 220.0, 'prev_temp': 200.0}
DECISION : ALLOW
------------------------------------------------------------
[SEQ 237] [IEEE-BASELINE]
SCORE    : anomaly_score=11.245
DECISION : ALLOW
------------------------------------------------------------
[SEQ 238] [LAYER 0]
CMD      : M104 S200
TRUST    : acc_cmd=0.000 | acc_exec=0.333 | trust=0.153
DECISION : PAUSE
MACHINE  : Machine-3
------------------------------------------------------------
[SEQ 238] [STATIC-BASELINE]
CMD      : M104 | effects={'M': 104.0, 'S': 200.0, 'prev_temp': 220.0}
DECISION : ALLOW
------------------------------------------------------------
[SEQ 238] [IEEE-BASELINE]
SCORE    : anomaly_score=12.120
DECISION : ALLOW
------------------------------------------------------------
[SEQ 239] [LAYER 0]
CMD      : G1 X164.16 Y125.982 E6.77866
TRUST    : acc_cmd=0.000 | acc_exec=0.000 | trust=0.227
DECISION : PAUSE
MACHINE  : Machine-3
------------------------------------------------------------
[SEQ 239] [STATIC-BASELINE]
CMD      : G1 | effects={'dx': -5.419000000000011, 'dy': 2.066999999999993, 'dz': 0.0, 'de': 0.1131600000000006, 'xy_dist': 5.79983189411556, 'params': {'G': 1.0, 'X': 164.16, 'Y': 125.982, 'E': 6.77866}}
DECISION : ALLOW
------------------------------------------------------------
[SEQ 239] [IEEE-BASELINE]
SCORE    : anomaly_score=10.908
DECISION : ALLOW
------------------------------------------------------------
[SEQ 240] [LAYER 0]
CMD      : M104 S220
TRUST    : acc_cmd=0.000 | acc_exec=0.333 | trust=0.193
DECISION : PAUSE
MACHINE  : Machine-3
------------------------------------------------------------
[SEQ 240] [STATIC-BASELINE]
CMD      : M104 | effects={'M': 104.0, 'S': 220.0, 'prev_temp': 200.0}
DECISION : ALLOW
------------------------------------------------------------
[SEQ 240] [IEEE-BASELINE]
SCORE    : anomaly_score=11.817
DECISION : ALLOW
------------------------------------------------------------
[SEQ 241] [LAYER 0]
CMD      : M104 S200
TRUST    : acc_cmd=0.000 | acc_exec=0.333 | trust=0.154
DECISION : PAUSE
MACHINE  : Machine-3
------------------------------------------------------------
[SEQ 241] [STATIC-BASELINE]
CMD      : M104 | effects={'M': 104.0, 'S': 200.0, 'prev_temp': 220.0}
DECISION : ALLOW
------------------------------------------------------------
[SEQ 241] [IEEE-BASELINE]
SCORE    : anomaly_score=12.636
DECISION : ALLOW
------------------------------------------------------------
[SEQ 242] [LAYER 0]
CMD      : M104 S220
TRUST    : acc_cmd=0.000 | acc_exec=0.333 | trust=0.125
DECISION : PAUSE
MACHINE  : Machine-3
------------------------------------------------------------
[SEQ 242] [STATIC-BASELINE]
CMD      : M104 | effects={'M': 104.0, 'S': 220.0, 'prev_temp': 200.0}
DECISION : ALLOW
------------------------------------------------------------
[SEQ 242] [IEEE-BASELINE]
SCORE    : anomaly_score=13.372
DECISION : ALLOW
------------------------------------------------------------
[SEQ 243] [LAYER 0]
CMD      : M104 S200
TRUST    : acc_cmd=0.000 | acc_exec=0.333 | trust=0.108
DECISION : PAUSE
MACHINE  : Machine-3
------------------------------------------------------------
[SEQ 243] [STATIC-BASELINE]
CMD      : M104 | effects={'M': 104.0, 'S': 200.0, 'prev_temp': 220.0}
DECISION : ALLOW
------------------------------------------------------------
[SEQ 243] [IEEE-BASELINE]
SCORE    : anomaly_score=14.035
DECISION : ALLOW
------------------------------------------------------------
[SEQ 244] [LAYER 0]
CMD      : G1 X159.022 Y119.006 E6.95932
TRUST    : acc_cmd=0.000 | acc_exec=0.000 | trust=0.190
DECISION : PAUSE
MACHINE  : Machine-3
------------------------------------------------------------
[SEQ 244] [STATIC-BASELINE]
CMD      : G1 | effects={'dx': -5.138000000000005, 'dy': -6.975999999999999, 'dz': 0.0, 'de': 0.1806599999999996, 'xy_dist': 8.663926361644588, 'params': {'G': 1.0, 'X': 159.022, 'Y': 119.006, 'E': 6.95932}}
DECISION : ALLOW
------------------------------------------------------------
[SEQ 244] [IEEE-BASELINE]
SCORE    : anomaly_score=12.631
DECISION : ALLOW
------------------------------------------------------------
[SEQ 245] [LAYER 0]
CMD      : M104 S220
TRUST    : acc_cmd=0.000 | acc_exec=0.333 | trust=0.171
DECISION : PAUSE
MACHINE  : Machine-3
------------------------------------------------------------
[SEQ 245] [STATIC-BASELINE]
CMD      : M104 | effects={'M': 104.0, 'S': 220.0, 'prev_temp': 200.0}
DECISION : ALLOW
------------------------------------------------------------
[SEQ 245] [IEEE-BASELINE]
SCORE    : anomaly_score=13.368
DECISION : ALLOW
------------------------------------------------------------
[SEQ 246] [LAYER 0]
CMD      : M104 S200
TRUST    : acc_cmd=0.000 | acc_exec=0.333 | trust=0.141
DECISION : PAUSE
MACHINE  : Machine-3
------------------------------------------------------------
[SEQ 246] [STATIC-BASELINE]
CMD      : M104 | effects={'M': 104.0, 'S': 200.0, 'prev_temp': 220.0}
DECISION : ALLOW
------------------------------------------------------------
[SEQ 246] [IEEE-BASELINE]
SCORE    : anomaly_score=14.031
DECISION : ALLOW
------------------------------------------------------------
[SEQ 247] [LAYER 0]
CMD      : M104 S220
TRUST    : acc_cmd=0.000 | acc_exec=0.333 | trust=0.119
DECISION : PAUSE
MACHINE  : Machine-3
------------------------------------------------------------
[SEQ 247] [STATIC-BASELINE]
CMD      : M104 | effects={'M': 104.0, 'S': 220.0, 'prev_temp': 200.0}
DECISION : ALLOW
------------------------------------------------------------
[SEQ 247] [IEEE-BASELINE]
SCORE    : anomaly_score=14.628
DECISION : ALLOW
------------------------------------------------------------
[SEQ 248] [LAYER 0]
CMD      : G1 F1800 X161.609 Y115.493 E7.04295
TRUST    : acc_cmd=0.000 | acc_exec=0.000 | trust=0.202
DECISION : PAUSE
MACHINE  : Machine-3
------------------------------------------------------------
[SEQ 248] [STATIC-BASELINE]
CMD      : G1 | effects={'dx': 2.5870000000000175, 'dy': -3.5130000000000052, 'dz': 0.0, 'de': 0.08363000000000032, 'xy_dist': 4.36276724109826, 'params': {'G': 1.0, 'F': 1800.0, 'X': 161.609, 'Y': 115.493, 'E': 7.04295}}
DECISION : ALLOW
------------------------------------------------------------
[SEQ 248] [IEEE-BASELINE]
SCORE    : anomaly_score=13.165
DECISION : ALLOW
------------------------------------------------------------
[SEQ 249] [LAYER 0]
CMD      : M104 S200
TRUST    : acc_cmd=0.000 | acc_exec=0.333 | trust=0.178
DECISION : PAUSE
MACHINE  : Machine-3
------------------------------------------------------------
[SEQ 249] [STATIC-BASELINE]
CMD      : M104 | effects={'M': 104.0, 'S': 200.0, 'prev_temp': 220.0}
DECISION : ALLOW
------------------------------------------------------------
[SEQ 249] [IEEE-BASELINE]
SCORE    : anomaly_score=13.849
DECISION : ALLOW
------------------------------------------------------------
[SEQ 250] [LAYER 0]
CMD      : M104 S220
TRUST    : acc_cmd=0.000 | acc_exec=0.333 | trust=0.146
DECISION : PAUSE
MACHINE  : Machine-3
------------------------------------------------------------
[SEQ 250] [STATIC-BASELINE]
CMD      : M104 | effects={'M': 104.0, 'S': 220.0, 'prev_temp': 200.0}
DECISION : ALLOW
------------------------------------------------------------
[SEQ 250] [IEEE-BASELINE]
SCORE    : anomaly_score=14.464
DECISION : ALLOW
------------------------------------------------------------
[SEQ 251] [LAYER 0]
CMD      : M104 S200
TRUST    : acc_cmd=0.000 | acc_exec=0.333 | trust=0.121
DECISION : PAUSE
MACHINE  : Machine-3
------------------------------------------------------------
[SEQ 251] [STATIC-BASELINE]
CMD      : M104 | effects={'M': 104.0, 'S': 200.0, 'prev_temp': 220.0}
DECISION : ALLOW
------------------------------------------------------------
[SEQ 251] [IEEE-BASELINE]
SCORE    : anomaly_score=15.018
DECISION : ALLOW
------------------------------------------------------------
[SEQ 252] [LAYER 0]
CMD      : G1 X165.579 Y114.42 E7.12175
TRUST    : acc_cmd=0.000 | acc_exec=0.000 | trust=0.204
DECISION : PAUSE
MACHINE  : Machine-3
------------------------------------------------------------
[SEQ 252] [STATIC-BASELINE]
CMD      : G1 | effects={'dx': 3.969999999999999, 'dy': -1.0729999999999933, 'dz': 0.0, 'de': 0.07879999999999932, 'xy_dist': 4.112448054383177, 'params': {'G': 1.0, 'X': 165.579, 'Y': 114.42, 'E': 7.12175}}
DECISION : ALLOW
------------------------------------------------------------
[SEQ 252] [IEEE-BASELINE]
SCORE    : anomaly_score=13.516
DECISION : ALLOW
------------------------------------------------------------
[SEQ 253] [LAYER 0]
CMD      : M104 S220
TRUST    : acc_cmd=0.000 | acc_exec=0.333 | trust=0.180
DECISION : PAUSE
MACHINE  : Machine-3
------------------------------------------------------------
[SEQ 253] [STATIC-BASELINE]
CMD      : M104 | effects={'M': 104.0, 'S': 220.0, 'prev_temp': 200.0}
DECISION : ALLOW
------------------------------------------------------------
[SEQ 253] [IEEE-BASELINE]
SCORE    : anomaly_score=14.164
DECISION : ALLOW
------------------------------------------------------------
[SEQ 254] [LAYER 0]
CMD      : G1 X168.529 Y115.576 E7.18187
TRUST    : acc_cmd=0.000 | acc_exec=0.000 | trust=0.274
DECISION : PAUSE
MACHINE  : Machine-3
------------------------------------------------------------
[SEQ 254] [STATIC-BASELINE]
CMD      : G1 | effects={'dx': 2.9499999999999886, 'dy': 1.1559999999999917, 'dz': 0.0, 'de': 0.060120000000000395, 'xy_dist': 3.1684122206556258, 'params': {'G': 1.0, 'X': 168.529, 'Y': 115.576, 'E': 7.18187}}
DECISION : ALLOW
------------------------------------------------------------
[SEQ 254] [IEEE-BASELINE]
SCORE    : anomaly_score=12.748
DECISION : ALLOW
------------------------------------------------------------
[SEQ 255] [LAYER 0]
CMD      : G1 X169.902 Y117.176 E7.22153
TRUST    : acc_cmd=0.000 | acc_exec=0.000 | trust=0.422
DECISION : PAUSE
MACHINE  : Machine-3
------------------------------------------------------------
[SEQ 255] [STATIC-BASELINE]
CMD      : G1 | effects={'dx': 1.3729999999999905, 'dy': 1.6000000000000085, 'dz': 0.0, 'de': 0.039659999999999584, 'xy_dist': 2.1083474571331933, 'params': {'G': 1.0, 'X': 169.902, 'Y': 117.176, 'E': 7.22153}}
DECISION : ALLOW
------------------------------------------------------------
[SEQ 255] [IEEE-BASELINE]
SCORE    : anomaly_score=11.473
DECISION : ALLOW
------------------------------------------------------------
[SEQ 256] [LAYER 0]
CMD      : G1 X170.582 Y119.158 E7.26094
TRUST    : acc_cmd=0.000 | acc_exec=0.000 | trust=0.575
DECISION : ALLOW
MACHINE  : Machine-3
------------------------------------------------------------
[SEQ 256] [STATIC-BASELINE]
CMD      : G1 | effects={'dx': 0.6800000000000068, 'dy': 1.9819999999999993, 'dz': 0.0, 'de': 0.03941000000000017, 'xy_dist': 2.0954054500263206, 'params': {'G': 1.0, 'X': 170.582, 'Y': 119.158, 'E': 7.26094}}
DECISION : ALLOW
------------------------------------------------------------
[SEQ 256] [IEEE-BASELINE]
SCORE    : anomaly_score=10.326
DECISION : ALLOW
------------------------------------------------------------
[SEQ 257] [LAYER 0]
CMD      : M104 S200
TRUST    : acc_cmd=0.000 | acc_exec=0.333 | trust=0.404
DECISION : PAUSE
MACHINE  : Machine-3
------------------------------------------------------------
[SEQ 257] [STATIC-BASELINE]
CMD      : M104 | effects={'M': 104.0, 'S': 200.0, 'prev_temp': 220.0}
DECISION : ALLOW
------------------------------------------------------------
[SEQ 257] [IEEE-BASELINE]
SCORE    : anomaly_score=11.293
DECISION : ALLOW
------------------------------------------------------------
[SEQ 258] [LAYER 0]
CMD      : M104 S220
TRUST    : acc_cmd=0.000 | acc_exec=0.333 | trust=0.267
DECISION : PAUSE
MACHINE  : Machine-3
------------------------------------------------------------
[SEQ 258] [STATIC-BASELINE]
CMD      : M104 | effects={'M': 104.0, 'S': 220.0, 'prev_temp': 200.0}
DECISION : ALLOW
------------------------------------------------------------
[SEQ 258] [IEEE-BASELINE]
SCORE    : anomaly_score=12.164
DECISION : ALLOW
------------------------------------------------------------
[SEQ 259] [LAYER 0]
CMD      : M104 S200
TRUST    : acc_cmd=0.000 | acc_exec=0.333 | trust=0.184
DECISION : PAUSE
MACHINE  : Machine-3
------------------------------------------------------------
[SEQ 259] [STATIC-BASELINE]
CMD      : M104 | effects={'M': 104.0, 'S': 200.0, 'prev_temp': 220.0}
DECISION : ALLOW
------------------------------------------------------------
[SEQ 259] [IEEE-BASELINE]
SCORE    : anomaly_score=12.947
DECISION : ALLOW
------------------------------------------------------------
[SEQ 260] [LAYER 0]
CMD      : G1 X168.138 Y124.631 E7.37952
TRUST    : acc_cmd=0.000 | acc_exec=0.000 | trust=0.250
DECISION : PAUSE
MACHINE  : Machine-3
------------------------------------------------------------
[SEQ 260] [STATIC-BASELINE]
CMD      : G1 | effects={'dx': -2.4439999999999884, 'dy': 5.472999999999999, 'dz': 0.0, 'de': 0.11858000000000057, 'xy_dist': 5.993902318189706, 'params': {'G': 1.0, 'X': 168.138, 'Y': 124.631, 'E': 7.37952}}
DECISION : ALLOW
------------------------------------------------------------
[SEQ 260] [IEEE-BASELINE]
SCORE    : anomaly_score=11.653
DECISION : ALLOW
------------------------------------------------------------
[SEQ 261] [LAYER 0]
CMD      : G1 X167.187 Y125.161 E7.4
TRUST    : acc_cmd=0.000 | acc_exec=0.000 | trust=0.387
DECISION : PAUSE
MACHINE  : Machine-3
------------------------------------------------------------
[SEQ 261] [STATIC-BASELINE]
CMD      : G1 | effects={'dx': -0.9509999999999934, 'dy': 0.5300000000000011, 'dz': 0.0, 'de': 0.020480000000000054, 'xy_dist': 1.0887152979544232, 'params': {'G': 1.0, 'X': 167.187, 'Y': 125.161, 'E': 7.4}}
DECISION : ALLOW
------------------------------------------------------------
[SEQ 261] [IEEE-BASELINE]
SCORE    : anomaly_score=10.487
DECISION : ALLOW
------------------------------------------------------------
[SEQ 262] [LAYER 0]
CMD      : M104 S220
TRUST    : acc_cmd=0.000 | acc_exec=0.333 | trust=0.297
DECISION : PAUSE
MACHINE  : Machine-3
------------------------------------------------------------
[SEQ 262] [STATIC-BASELINE]
CMD      : M104 | effects={'M': 104.0, 'S': 220.0, 'prev_temp': 200.0}
DECISION : ALLOW
------------------------------------------------------------
[SEQ 262] [IEEE-BASELINE]
SCORE    : anomaly_score=11.439
DECISION : ALLOW
------------------------------------------------------------
[SEQ 263] [LAYER 0]
CMD      : M104 S200
TRUST    : acc_cmd=0.000 | acc_exec=0.333 | trust=0.212
DECISION : PAUSE
MACHINE  : Machine-3
------------------------------------------------------------
[SEQ 263] [STATIC-BASELINE]
CMD      : M104 | effects={'M': 104.0, 'S': 200.0, 'prev_temp': 220.0}
DECISION : ALLOW
------------------------------------------------------------
[SEQ 263] [IEEE-BASELINE]
SCORE    : anomaly_score=12.295
DECISION : ALLOW
------------------------------------------------------------
[SEQ 264] [LAYER 0]
CMD      : M104 S220
TRUST    : acc_cmd=0.000 | acc_exec=0.333 | trust=0.157
DECISION : PAUSE
MACHINE  : Machine-3
------------------------------------------------------------
[SEQ 264] [STATIC-BASELINE]
CMD      : M104 | effects={'M': 104.0, 'S': 220.0, 'prev_temp': 200.0}
DECISION : ALLOW
------------------------------------------------------------
[SEQ 264] [IEEE-BASELINE]
SCORE    : anomaly_score=13.065
DECISION : ALLOW
------------------------------------------------------------
[SEQ 265] [LAYER 0]
CMD      : M104 S200
TRUST    : acc_cmd=0.000 | acc_exec=0.333 | trust=0.125
DECISION : PAUSE
MACHINE  : Machine-3
------------------------------------------------------------
[SEQ 265] [STATIC-BASELINE]
CMD      : M104 | effects={'M': 104.0, 'S': 200.0, 'prev_temp': 220.0}
DECISION : ALLOW
------------------------------------------------------------
[SEQ 265] [IEEE-BASELINE]
SCORE    : anomaly_score=13.759
DECISION : ALLOW
------------------------------------------------------------
[SEQ 266] [LAYER 0]
CMD      : M104 S220
TRUST    : acc_cmd=0.000 | acc_exec=0.333 | trust=0.106
DECISION : PAUSE
MACHINE  : Machine-3
------------------------------------------------------------
[SEQ 266] [STATIC-BASELINE]
CMD      : M104 | effects={'M': 104.0, 'S': 220.0, 'prev_temp': 200.0}
DECISION : ALLOW
------------------------------------------------------------
[SEQ 266] [IEEE-BASELINE]
SCORE    : anomaly_score=14.383
DECISION : ALLOW
------------------------------------------------------------
[SEQ 267] [LAYER 0]
CMD      : G1 X159.45 Y120.835 E7.59232
TRUST    : acc_cmd=0.000 | acc_exec=0.000 | trust=0.188
DECISION : PAUSE
MACHINE  : Machine-3
------------------------------------------------------------
[SEQ 267] [STATIC-BASELINE]
CMD      : G1 | effects={'dx': -7.737000000000023, 'dy': -4.326000000000008, 'dz': 0.0, 'de': 0.1923199999999996, 'xy_dist': 8.86427915851032, 'params': {'G': 1.0, 'X': 159.45, 'Y': 120.835, 'E': 7.59232}}
DECISION : ALLOW
------------------------------------------------------------
[SEQ 267] [IEEE-BASELINE]
SCORE    : anomaly_score=12.945
DECISION : ALLOW
------------------------------------------------------------
[SEQ 268] [LAYER 0]
CMD      : M104 S200
TRUST    : acc_cmd=0.000 | acc_exec=0.333 | trust=0.169
DECISION : PAUSE
MACHINE  : Machine-3
------------------------------------------------------------
[SEQ 268] [STATIC-BASELINE]
CMD      : M104 | effects={'M': 104.0, 'S': 200.0, 'prev_temp': 220.0}
DECISION : ALLOW
------------------------------------------------------------
[SEQ 268] [IEEE-BASELINE]
SCORE    : anomaly_score=13.650
DECISION : ALLOW
------------------------------------------------------------
[SEQ 269] [LAYER 0]
CMD      : G1 X159.995 Y117.554 E7.656
TRUST    : acc_cmd=0.000 | acc_exec=0.000 | trust=0.265
DECISION : PAUSE
MACHINE  : Machine-3
------------------------------------------------------------
[SEQ 269] [STATIC-BASELINE]
CMD      : G1 | effects={'dx': 0.5450000000000159, 'dy': -3.2809999999999917, 'dz': 0.0, 'de': 0.06367999999999974, 'xy_dist': 3.3259564038032674, 'params': {'G': 1.0, 'X': 159.995, 'Y': 117.554, 'E': 7.656}}
DECISION : ALLOW
------------------------------------------------------------
[SEQ 269] [IEEE-BASELINE]
SCORE    : anomaly_score=12.285
DECISION : ALLOW
------------------------------------------------------------
[SEQ 270] [LAYER 0]
CMD      : G1 X160.472 Y116.714 E7.67417
TRUST    : acc_cmd=0.000 | acc_exec=0.000 | trust=0.414
DECISION : PAUSE
MACHINE  : Machine-3
------------------------------------------------------------
[SEQ 270] [STATIC-BASELINE]
CMD      : G1 | effects={'dx': 0.47700000000000387, 'dy': -0.8400000000000034, 'dz': 0.0, 'de': 0.018170000000000464, 'xy_dist': 0.9659860247436344, 'params': {'G': 1.0, 'X': 160.472, 'Y': 116.714, 'E': 7.67417}}
DECISION : ALLOW
------------------------------------------------------------
[SEQ 270] [IEEE-BASELINE]
SCORE    : anomaly_score=11.057
DECISION : ALLOW
------------------------------------------------------------
[SEQ 271] [LAYER 0]
CMD      : G0 F3600 X160.797 Y116.953
TRUST    : acc_cmd=0.000 | acc_exec=0.000 | trust=0.568
DECISION : ALLOW
MACHINE  : Machine-3
------------------------------------------------------------
[SEQ 271] [STATIC-BASELINE]
CMD      : G0 | effects={'dx': 0.32499999999998863, 'dy': 0.23900000000000432, 'dz': 0.0, 'de': 0.0, 'xy_dist': 0.40341789747108975, 'params': {'G': 0.0, 'F': 3600.0, 'X': 160.797, 'Y': 116.953}}
DECISION : ALLOW
------------------------------------------------------------
[SEQ 271] [IEEE-BASELINE]
SCORE    : anomaly_score=9.951
DECISION : ALLOW
------------------------------------------------------------
[SEQ 272] [LAYER 0]
CMD      : G1 F1800 X161.902 Y115.766 E7.70467
TRUST    : acc_cmd=0.000 | acc_exec=0.000 | trust=0.699
DECISION : ALLOW
MACHINE  : Machine-3
------------------------------------------------------------
[SEQ 272] [STATIC-BASELINE]
CMD      : G1 | effects={'dx': 1.1049999999999898, 'dy': -1.1869999999999976, 'dz': 0.0, 'de': 0.03049999999999997, 'xy_dist': 1.6217256241423736, 'params': {'G': 1.0, 'F': 1800.0, 'X': 161.902, 'Y': 115.766, 'E': 7.70467}}
DECISION : ALLOW
------------------------------------------------------------
[SEQ 272] [IEEE-BASELINE]
SCORE    : anomaly_score=8.956
DECISION : ALLOW
------------------------------------------------------------
[SEQ 273] [LAYER 0]
CMD      : M104 S220
TRUST    : acc_cmd=0.000 | acc_exec=0.333 | trust=0.471
DECISION : PAUSE
MACHINE  : Machine-3
------------------------------------------------------------
[SEQ 273] [STATIC-BASELINE]
CMD      : M104 | effects={'M': 104.0, 'S': 220.0, 'prev_temp': 200.0}
DECISION : ALLOW
------------------------------------------------------------
[SEQ 273] [IEEE-BASELINE]
SCORE    : anomaly_score=10.060
DECISION : ALLOW
------------------------------------------------------------
[SEQ 274] [LAYER 0]
CMD      : G1 X164.179 Y114.852 E7.75096
TRUST    : acc_cmd=0.000 | acc_exec=0.000 | trust=0.490
DECISION : PAUSE
MACHINE  : Machine-3
------------------------------------------------------------
[SEQ 274] [STATIC-BASELINE]
CMD      : G1 | effects={'dx': 2.2770000000000152, 'dy': -0.9140000000000015, 'dz': 0.0, 'de': 0.04628999999999994, 'xy_dist': 2.4535943022431543, 'params': {'G': 1.0, 'X': 164.179, 'Y': 114.852, 'E': 7.75096}}
DECISION : ALLOW
------------------------------------------------------------
[SEQ 274] [IEEE-BASELINE]
SCORE    : anomaly_score=9.054
DECISION : ALLOW
------------------------------------------------------------
[SEQ 275] [LAYER 0]
CMD      : M104 S200
TRUST    : acc_cmd=0.000 | acc_exec=0.333 | trust=0.342
DECISION : PAUSE
MACHINE  : Machine-3
------------------------------------------------------------
[SEQ 275] [STATIC-BASELINE]
CMD      : M104 | effects={'M': 104.0, 'S': 200.0, 'prev_temp': 220.0}
DECISION : ALLOW
------------------------------------------------------------
[SEQ 275] [IEEE-BASELINE]
SCORE    : anomaly_score=10.149
DECISION : ALLOW
------------------------------------------------------------
[SEQ 276] [LAYER 0]
CMD      : M104 S220
TRUST    : acc_cmd=0.000 | acc_exec=0.333 | trust=0.232
DECISION : PAUSE
MACHINE  : Machine-3
------------------------------------------------------------
[SEQ 276] [STATIC-BASELINE]
CMD      : M104 | effects={'M': 104.0, 'S': 220.0, 'prev_temp': 200.0}
DECISION : ALLOW
------------------------------------------------------------
[SEQ 276] [IEEE-BASELINE]
SCORE    : anomaly_score=11.134
DECISION : ALLOW
------------------------------------------------------------
[SEQ 277] [LAYER 0]
CMD      : G1 X168.272 Y115.892 E7.83225
TRUST    : acc_cmd=0.000 | acc_exec=0.000 | trust=0.291
DECISION : PAUSE
MACHINE  : Machine-3
------------------------------------------------------------
[SEQ 277] [STATIC-BASELINE]
CMD      : G1 | effects={'dx': 4.092999999999989, 'dy': 1.039999999999992, 'dz': 0.0, 'de': 0.08129000000000008, 'xy_dist': 4.223061567157161, 'params': {'G': 1.0, 'X': 168.272, 'Y': 115.892, 'E': 7.83225}}
DECISION : ALLOW
------------------------------------------------------------
[SEQ 277] [IEEE-BASELINE]
SCORE    : anomaly_score=10.021
DECISION : ALLOW
------------------------------------------------------------
[SEQ 278] [LAYER 0]
CMD      : M104 S200
TRUST    : acc_cmd=0.000 | acc_exec=0.333 | trust=0.230
DECISION : PAUSE
MACHINE  : Machine-3
------------------------------------------------------------
[SEQ 278] [STATIC-BASELINE]
CMD      : M104 | effects={'M': 104.0, 'S': 200.0, 'prev_temp': 220.0}
DECISION : ALLOW
------------------------------------------------------------
[SEQ 278] [IEEE-BASELINE]
SCORE    : anomaly_score=11.019
DECISION : ALLOW
------------------------------------------------------------
[SEQ 279] [LAYER 0]
CMD      : M104 S220
TRUST    : acc_cmd=0.000 | acc_exec=0.333 | trust=0.173
DECISION : PAUSE
MACHINE  : Machine-3
------------------------------------------------------------
[SEQ 279] [STATIC-BASELINE]
CMD      : M104 | effects={'M': 104.0, 'S': 220.0, 'prev_temp': 200.0}
DECISION : ALLOW
------------------------------------------------------------
[SEQ 279] [IEEE-BASELINE]
SCORE    : anomaly_score=11.917
DECISION : ALLOW
------------------------------------------------------------
[SEQ 280] [LAYER 0]
CMD      : G1 X170.152 Y120.846 E7.93632
TRUST    : acc_cmd=0.000 | acc_exec=0.000 | trust=0.250
DECISION : PAUSE
MACHINE  : Machine-3
------------------------------------------------------------
[SEQ 280] [STATIC-BASELINE]
CMD      : G1 | effects={'dx': 1.8799999999999955, 'dy': 4.954000000000008, 'dz': 0.0, 'de': 0.1040700000000001, 'xy_dist': 5.298727771833543, 'params': {'G': 1.0, 'X': 170.152, 'Y': 120.846, 'E': 7.93632}}
DECISION : ALLOW
------------------------------------------------------------
[SEQ 280] [IEEE-BASELINE]
SCORE    : anomaly_score=10.725
DECISION : ALLOW
------------------------------------------------------------
[SEQ 281] [LAYER 0]
CMD      : M104 S200
TRUST    : acc_cmd=0.000 | acc_exec=0.333 | trust=0.208
DECISION : PAUSE
MACHINE  : Machine-3
------------------------------------------------------------
[SEQ 281] [STATIC-BASELINE]
CMD      : M104 | effects={'M': 104.0, 'S': 200.0, 'prev_temp': 220.0}
DECISION : ALLOW
------------------------------------------------------------
[SEQ 281] [IEEE-BASELINE]
SCORE    : anomaly_score=11.652
DECISION : ALLOW
------------------------------------------------------------
[SEQ 282] [LAYER 0]
CMD      : G1 X168.97 Y123.383 E7.98945
TRUST    : acc_cmd=0.000 | acc_exec=0.000 | trust=0.297
DECISION : PAUSE
MACHINE  : Machine-3
------------------------------------------------------------
[SEQ 282] [STATIC-BASELINE]
CMD      : G1 | effects={'dx': -1.181999999999988, 'dy': 2.536999999999992, 'dz': 0.0, 'de': 0.053129999999999455, 'xy_dist': 2.798837794513989, 'params': {'G': 1.0, 'X': 168.97, 'Y': 123.383, 'E': 7.98945}}
DECISION : ALLOW
------------------------------------------------------------
[SEQ 282] [IEEE-BASELINE]
SCORE    : anomaly_score=10.487
DECISION : ALLOW
------------------------------------------------------------
[SEQ 283] [LAYER 0]
CMD      : G1 X167.904 Y124.304 E8.01595
TRUST    : acc_cmd=0.000 | acc_exec=0.000 | trust=0.442
DECISION : PAUSE
MACHINE  : Machine-3
------------------------------------------------------------
[SEQ 283] [STATIC-BASELINE]
CMD      : G1 | effects={'dx': -1.0660000000000025, 'dy': 0.9210000000000065, 'dz': 0.0, 'de': 0.026500000000000412, 'xy_dist': 1.4087572537524047, 'params': {'G': 1.0, 'X': 167.904, 'Y': 124.304, 'E': 8.01595}}
DECISION : ALLOW
------------------------------------------------------------
[SEQ 283] [IEEE-BASELINE]
SCORE    : anomaly_score=9.439
DECISION : ALLOW
------------------------------------------------------------
[SEQ 284] [LAYER 0]
CMD      : G1 X167.032 Y124.79 E8.03473
TRUST    : acc_cmd=0.000 | acc_exec=0.000 | trust=0.591
DECISION : ALLOW
MACHINE  : Machine-3
------------------------------------------------------------
[SEQ 284] [STATIC-BASELINE]
CMD      : G1 | effects={'dx': -0.8719999999999857, 'dy': 0.4860000000000042, 'dz': 0.0, 'de': 0.018779999999999575, 'xy_dist': 0.9982885354445272, 'params': {'G': 1.0, 'X': 167.032, 'Y': 124.79, 'E': 8.03473}}
DECISION : ALLOW
------------------------------------------------------------
[SEQ 284] [IEEE-BASELINE]
SCORE    : anomaly_score=8.495
DECISION : ALLOW
------------------------------------------------------------
[SEQ 285] [LAYER 0]
CMD      : M104 S220
TRUST    : acc_cmd=0.000 | acc_exec=0.333 | trust=0.413
DECISION : PAUSE
MACHINE  : Machine-3
------------------------------------------------------------
[SEQ 285] [STATIC-BASELINE]
CMD      : M104 | effects={'M': 104.0, 'S': 220.0, 'prev_temp': 200.0}
DECISION : ALLOW
------------------------------------------------------------
[SEQ 285] [IEEE-BASELINE]
SCORE    : anomaly_score=9.645
DECISION : ALLOW
------------------------------------------------------------
[SEQ 286] [LAYER 0]
CMD      : M104 S200
TRUST    : acc_cmd=0.000 | acc_exec=0.333 | trust=0.271
DECISION : PAUSE
MACHINE  : Machine-3
------------------------------------------------------------
[SEQ 286] [STATIC-BASELINE]
CMD      : M104 | effects={'M': 104.0, 'S': 200.0, 'prev_temp': 220.0}
DECISION : ALLOW
------------------------------------------------------------
[SEQ 286] [IEEE-BASELINE]
SCORE    : anomaly_score=10.681
DECISION : ALLOW
------------------------------------------------------------
[SEQ 287] [LAYER 0]
CMD      : G1 X162.825 Y124.733 E8.11611
TRUST    : acc_cmd=0.000 | acc_exec=0.000 | trust=0.320
DECISION : PAUSE
MACHINE  : Machine-3
------------------------------------------------------------
[SEQ 287] [STATIC-BASELINE]
CMD      : G1 | effects={'dx': -4.207000000000022, 'dy': -0.05700000000000216, 'dz': 0.0, 'de': 0.08138000000000112, 'xy_dist': 4.207386124424544, 'params': {'G': 1.0, 'X': 162.825, 'Y': 124.733, 'E': 8.11611}}
DECISION : ALLOW
------------------------------------------------------------
[SEQ 287] [IEEE-BASELINE]
SCORE    : anomaly_score=9.613
DECISION : ALLOW
------------------------------------------------------------
[SEQ 288] [LAYER 0]
CMD      : M104 S220
TRUST    : acc_cmd=0.000 | acc_exec=0.333 | trust=0.246
DECISION : PAUSE
MACHINE  : Machine-3
------------------------------------------------------------
[SEQ 288] [STATIC-BASELINE]
CMD      : M104 | effects={'M': 104.0, 'S': 220.0, 'prev_temp': 200.0}
DECISION : ALLOW
------------------------------------------------------------
[SEQ 288] [IEEE-BASELINE]
SCORE    : anomaly_score=10.651
DECISION : ALLOW
------------------------------------------------------------
[SEQ 289] [LAYER 0]
CMD      : M104 S200
TRUST    : acc_cmd=0.000 | acc_exec=0.333 | trust=0.182
DECISION : PAUSE
MACHINE  : Machine-3
------------------------------------------------------------
[SEQ 289] [STATIC-BASELINE]
CMD      : M104 | effects={'M': 104.0, 'S': 200.0, 'prev_temp': 220.0}
DECISION : ALLOW
------------------------------------------------------------
[SEQ 289] [IEEE-BASELINE]
SCORE    : anomaly_score=11.586
DECISION : ALLOW
------------------------------------------------------------
[SEQ 290] [LAYER 0]
CMD      : M104 S220
TRUST    : acc_cmd=0.000 | acc_exec=0.333 | trust=0.140
DECISION : PAUSE
MACHINE  : Machine-3
------------------------------------------------------------
[SEQ 290] [STATIC-BASELINE]
CMD      : M104 | effects={'M': 104.0, 'S': 220.0, 'prev_temp': 200.0}
DECISION : ALLOW
------------------------------------------------------------
[SEQ 290] [IEEE-BASELINE]
SCORE    : anomaly_score=12.428
DECISION : ALLOW
------------------------------------------------------------
[SEQ 291] [LAYER 0]
CMD      : M104 S200
TRUST    : acc_cmd=0.000 | acc_exec=0.333 | trust=0.116
DECISION : PAUSE
MACHINE  : Machine-3
------------------------------------------------------------
[SEQ 291] [STATIC-BASELINE]
CMD      : M104 | effects={'M': 104.0, 'S': 200.0, 'prev_temp': 220.0}
DECISION : ALLOW
------------------------------------------------------------
[SEQ 291] [IEEE-BASELINE]
SCORE    : anomaly_score=13.185
DECISION : ALLOW
------------------------------------------------------------
[SEQ 292] [LAYER 0]
CMD      : M104 S220
TRUST    : acc_cmd=0.000 | acc_exec=0.333 | trust=0.101
DECISION : PAUSE
MACHINE  : Machine-3
------------------------------------------------------------
[SEQ 292] [STATIC-BASELINE]
CMD      : M104 | effects={'M': 104.0, 'S': 220.0, 'prev_temp': 200.0}
DECISION : ALLOW
------------------------------------------------------------
[SEQ 292] [IEEE-BASELINE]
SCORE    : anomaly_score=13.866
DECISION : ALLOW
------------------------------------------------------------
[SEQ 293] [LAYER 0]
CMD      : M104 S200
TRUST    : acc_cmd=0.000 | acc_exec=0.333 | trust=0.093
DECISION : PAUSE
MACHINE  : Machine-3
------------------------------------------------------------
[SEQ 293] [STATIC-BASELINE]
CMD      : M104 | effects={'M': 104.0, 'S': 200.0, 'prev_temp': 220.0}
DECISION : ALLOW
------------------------------------------------------------
[SEQ 293] [IEEE-BASELINE]
SCORE    : anomaly_score=14.480
DECISION : ALLOW
------------------------------------------------------------
[SEQ 294] [LAYER 0]
CMD      : G0 F3600 X161.122 Y117.192
TRUST    : acc_cmd=0.000 | acc_exec=0.000 | trust=0.177
DECISION : PAUSE
MACHINE  : Machine-3
------------------------------------------------------------
[SEQ 294] [STATIC-BASELINE]
CMD      : G0 | effects={'dx': -1.7029999999999745, 'dy': -7.541000000000011, 'dz': 0.0, 'de': 0.0, 'xy_dist': 7.730904862951042, 'params': {'G': 0.0, 'F': 3600.0, 'X': 161.122, 'Y': 117.192}}
DECISION : ALLOW
------------------------------------------------------------
[SEQ 294] [IEEE-BASELINE]
SCORE    : anomaly_score=13.032
DECISION : ALLOW
------------------------------------------------------------
[SEQ 295] [LAYER 0]
CMD      : M104 S220
TRUST    : acc_cmd=0.000 | acc_exec=0.333 | trust=0.163
DECISION : PAUSE
MACHINE  : Machine-3
------------------------------------------------------------
[SEQ 295] [STATIC-BASELINE]
CMD      : M104 | effects={'M': 104.0, 'S': 220.0, 'prev_temp': 200.0}
DECISION : ALLOW
------------------------------------------------------------
[SEQ 295] [IEEE-BASELINE]
SCORE    : anomaly_score=13.729
DECISION : ALLOW
------------------------------------------------------------
[SEQ 296] [LAYER 0]
CMD      : M104 S200
TRUST    : acc_cmd=0.000 | acc_exec=0.333 | trust=0.137
DECISION : PAUSE
MACHINE  : Machine-3
------------------------------------------------------------
[SEQ 296] [STATIC-BASELINE]
CMD      : M104 | effects={'M': 104.0, 'S': 200.0, 'prev_temp': 220.0}
DECISION : ALLOW
------------------------------------------------------------
[SEQ 296] [IEEE-BASELINE]
SCORE    : anomaly_score=14.356
DECISION : ALLOW
------------------------------------------------------------
[SEQ 297] [LAYER 0]
CMD      : G1 X164.242 Y115.251 E8.36005
TRUST    : acc_cmd=0.000 | acc_exec=0.000 | trust=0.222
DECISION : PAUSE
MACHINE  : Machine-3
------------------------------------------------------------
[SEQ 297] [STATIC-BASELINE]
CMD      : G1 | effects={'dx': 3.119999999999976, 'dy': -1.9409999999999883, 'dz': 0.0, 'de': 0.2439399999999985, 'xy_dist': 3.674490576937136, 'params': {'G': 1.0, 'X': 164.242, 'Y': 115.251, 'E': 8.36005}}
DECISION : ALLOW
------------------------------------------------------------
[SEQ 297] [IEEE-BASELINE]
SCORE    : anomaly_score=15.406
DECISION : ALLOW
------------------------------------------------------------
[SEQ 298] [LAYER 0]
CMD      : M104 S220
TRUST    : acc_cmd=0.000 | acc_exec=0.333 | trust=0.192
DECISION : PAUSE
MACHINE  : Machine-3
------------------------------------------------------------
[SEQ 298] [STATIC-BASELINE]
CMD      : M104 | effects={'M': 104.0, 'S': 220.0, 'prev_temp': 200.0}
DECISION : ALLOW
------------------------------------------------------------
[SEQ 298] [IEEE-BASELINE]
SCORE    : anomaly_score=15.865
DECISION : ALLOW
------------------------------------------------------------
[SEQ 299] [LAYER 0]
CMD      : G1 X166.721 Y115.509 E8.40731
TRUST    : acc_cmd=0.000 | acc_exec=0.000 | trust=0.285
DECISION : PAUSE
MACHINE  : Machine-3
------------------------------------------------------------
[SEQ 299] [STATIC-BASELINE]
CMD      : G1 | effects={'dx': 2.4790000000000134, 'dy': 0.25799999999999557, 'dz': 0.0, 'de': 0.04726000000000141, 'xy_dist': 2.492389415801645, 'params': {'G': 1.0, 'X': 166.721, 'Y': 115.509, 'E': 8.40731}}
DECISION : ALLOW
------------------------------------------------------------
[SEQ 299] [IEEE-BASELINE]
SCORE    : anomaly_score=14.279
DECISION : ALLOW
------------------------------------------------------------
[SEQ 300] [LAYER 0]
CMD      : G1 X168.017 Y116.209 E8.43502
TRUST    : acc_cmd=0.000 | acc_exec=0.000 | trust=0.432
DECISION : PAUSE
MACHINE  : Machine-3
------------------------------------------------------------
[SEQ 300] [STATIC-BASELINE]
CMD      : G1 | effects={'dx': 1.2959999999999923, 'dy': 0.7000000000000028, 'dz': 0.0, 'de': 0.027709999999999013, 'xy_dist': 1.4729616424062046, 'params': {'G': 1.0, 'X': 168.017, 'Y': 116.209, 'E': 8.43502}}
DECISION : ALLOW
------------------------------------------------------------
[SEQ 300] [IEEE-BASELINE]
SCORE    : anomaly_score=12.851
DECISION : ALLOW
------------------------------------------------------------
[SEQ 301] [LAYER 0]
CMD      : G1 X169.197 Y117.584 E8.4691
TRUST    : acc_cmd=0.000 | acc_exec=0.000 | trust=0.582
DECISION : ALLOW
MACHINE  : Machine-3
------------------------------------------------------------
[SEQ 301] [STATIC-BASELINE]
CMD      : G1 | effects={'dx': 1.1800000000000068, 'dy': 1.375, 'dz': 0.0, 'de': 0.034079999999999444, 'xy_dist': 1.8119119735792952, 'params': {'G': 1.0, 'X': 169.197, 'Y': 117.584, 'E': 8.4691}}
DECISION : ALLOW
------------------------------------------------------------
[SEQ 301] [IEEE-BASELINE]
SCORE    : anomaly_score=11.566
DECISION : ALLOW
------------------------------------------------------------
[SEQ 302] [LAYER 0]
CMD      : G1 X169.78 Y119.282 E8.50287
TRUST    : acc_cmd=0.000 | acc_exec=0.000 | trust=0.710
DECISION : ALLOW
MACHINE  : Machine-3
------------------------------------------------------------
[SEQ 302] [STATIC-BASELINE]
CMD      : G1 | effects={'dx': 0.5829999999999984, 'dy': 1.6979999999999933, 'dz': 0.0, 'de': 0.03377000000000052, 'xy_dist': 1.7952974683878924, 'params': {'G': 1.0, 'X': 169.78, 'Y': 119.282, 'E': 8.50287}}
DECISION : ALLOW
------------------------------------------------------------
[SEQ 302] [IEEE-BASELINE]
SCORE    : anomaly_score=10.409
DECISION : ALLOW
------------------------------------------------------------
[SEQ 303] [LAYER 0]
CMD      : M104 S200
TRUST    : acc_cmd=0.000 | acc_exec=0.333 | trust=0.477
DECISION : PAUSE
MACHINE  : Machine-3
------------------------------------------------------------
[SEQ 303] [STATIC-BASELINE]
CMD      : M104 | effects={'M': 104.0, 'S': 200.0, 'prev_temp': 220.0}
DECISION : ALLOW
------------------------------------------------------------
[SEQ 303] [IEEE-BASELINE]
SCORE    : anomaly_score=11.368
DECISION : ALLOW
------------------------------------------------------------
[SEQ 304] [LAYER 0]
CMD      : G1 X169.367 Y122.025 E8.55558
TRUST    : acc_cmd=0.000 | acc_exec=0.000 | trust=0.494
DECISION : PAUSE
MACHINE  : Machine-3
------------------------------------------------------------
[SEQ 304] [STATIC-BASELINE]
CMD      : G1 | effects={'dx': -0.4130000000000109, 'dy': 2.743000000000009, 'dz': 0.0, 'de': 0.052710000000001145, 'xy_dist': 2.773917446500537, 'params': {'G': 1.0, 'X': 169.367, 'Y': 122.025, 'E': 8.55558}}
DECISION : ALLOW
------------------------------------------------------------
[SEQ 304] [IEEE-BASELINE]
SCORE    : anomaly_score=10.231
DECISION : ALLOW
------------------------------------------------------------
[SEQ 305] [LAYER 0]
CMD      : M104 S220
TRUST    : acc_cmd=0.000 | acc_exec=0.333 | trust=0.344
DECISION : PAUSE
MACHINE  : Machine-3
------------------------------------------------------------
[SEQ 305] [STATIC-BASELINE]
CMD      : M104 | effects={'M': 104.0, 'S': 220.0, 'prev_temp': 200.0}
DECISION : ALLOW
------------------------------------------------------------
[SEQ 305] [IEEE-BASELINE]
SCORE    : anomaly_score=11.208
DECISION : ALLOW
------------------------------------------------------------
[SEQ 306] [LAYER 0]
CMD      : G1 X167.673 Y123.975 E8.60467
TRUST    : acc_cmd=0.000 | acc_exec=0.000 | trust=0.395
DECISION : PAUSE
MACHINE  : Machine-3
------------------------------------------------------------
[SEQ 306] [STATIC-BASELINE]
CMD      : G1 | effects={'dx': -1.6939999999999884, 'dy': 1.9499999999999886, 'dz': 0.0, 'de': 0.049089999999999634, 'xy_dist': 2.5830478121784575, 'params': {'G': 1.0, 'X': 167.673, 'Y': 123.975, 'E': 8.60467}}
DECISION : ALLOW
------------------------------------------------------------
[SEQ 306] [IEEE-BASELINE]
SCORE    : anomaly_score=10.087
DECISION : ALLOW
------------------------------------------------------------
[SEQ 307] [LAYER 0]
CMD      : G1 X166.877 Y124.419 E8.62181
TRUST    : acc_cmd=0.000 | acc_exec=0.000 | trust=0.519
DECISION : ALLOW
MACHINE  : Machine-3
------------------------------------------------------------
[SEQ 307] [STATIC-BASELINE]
CMD      : G1 | effects={'dx': -0.7959999999999923, 'dy': 0.4440000000000026, 'dz': 0.0, 'de': 0.01713999999999949, 'xy_dist': 0.9114559780921896, 'params': {'G': 1.0, 'X': 166.877, 'Y': 124.419, 'E': 8.62181}}
DECISION : ALLOW
------------------------------------------------------------
[SEQ 307] [IEEE-BASELINE]
SCORE    : anomaly_score=9.079
DECISION : ALLOW
------------------------------------------------------------
[SEQ 308] [LAYER 0]
CMD      : M104 S200
TRUST    : acc_cmd=0.000 | acc_exec=0.333 | trust=0.371
DECISION : PAUSE
MACHINE  : Machine-3
------------------------------------------------------------
[SEQ 308] [STATIC-BASELINE]
CMD      : M104 | effects={'M': 104.0, 'S': 200.0, 'prev_temp': 220.0}
DECISION : ALLOW
------------------------------------------------------------
[SEQ 308] [IEEE-BASELINE]
SCORE    : anomaly_score=10.171
DECISION : ALLOW
------------------------------------------------------------
[SEQ 309] [LAYER 0]
CMD      : M104 S220
TRUST    : acc_cmd=0.000 | acc_exec=0.333 | trust=0.249
DECISION : PAUSE
MACHINE  : Machine-3
------------------------------------------------------------
[SEQ 309] [STATIC-BASELINE]
CMD      : M104 | effects={'M': 104.0, 'S': 220.0, 'prev_temp': 200.0}
DECISION : ALLOW
------------------------------------------------------------
[SEQ 309] [IEEE-BASELINE]
SCORE    : anomaly_score=11.154
DECISION : ALLOW
------------------------------------------------------------
[SEQ 310] [LAYER 0]
CMD      : G1 X162.995 Y124.367 E8.6969
TRUST    : acc_cmd=0.000 | acc_exec=0.000 | trust=0.306
DECISION : PAUSE
MACHINE  : Machine-3
------------------------------------------------------------
[SEQ 310] [STATIC-BASELINE]
CMD      : G1 | effects={'dx': -3.882000000000005, 'dy': -0.0519999999999925, 'dz': 0.0, 'de': 0.07508999999999943, 'xy_dist': 3.882348258464204, 'params': {'G': 1.0, 'X': 162.995, 'Y': 124.367, 'E': 8.6969}}
DECISION : ALLOW
------------------------------------------------------------
[SEQ 310] [IEEE-BASELINE]
SCORE    : anomaly_score=10.038
DECISION : ALLOW
------------------------------------------------------------
[SEQ 311] [LAYER 0]
CMD      : M104 S200
TRUST    : acc_cmd=0.000 | acc_exec=0.333 | trust=0.238
DECISION : PAUSE
MACHINE  : Machine-3
------------------------------------------------------------
[SEQ 311] [STATIC-BASELINE]
CMD      : M104 | effects={'M': 104.0, 'S': 200.0, 'prev_temp': 220.0}
DECISION : ALLOW
------------------------------------------------------------
[SEQ 311] [IEEE-BASELINE]
SCORE    : anomaly_score=11.035
DECISION : ALLOW
------------------------------------------------------------
[SEQ 312] [LAYER 0]
CMD      : G1 X160.649 Y122.137 E8.75877
TRUST    : acc_cmd=0.000 | acc_exec=0.000 | trust=0.319
DECISION : PAUSE
MACHINE  : Machine-3
------------------------------------------------------------
[SEQ 312] [STATIC-BASELINE]
CMD      : G1 | effects={'dx': -2.3460000000000036, 'dy': -2.230000000000004, 'dz': 0.0, 'de': 0.06187000000000076, 'xy_dist': 3.236760108503569, 'params': {'G': 1.0, 'X': 160.649, 'Y': 122.137, 'E': 8.75877}}
DECISION : ALLOW
------------------------------------------------------------
[SEQ 312] [IEEE-BASELINE]
SCORE    : anomaly_score=9.931
DECISION : ALLOW
------------------------------------------------------------
[SEQ 313] [LAYER 0]
CMD      : M104 S220
TRUST    : acc_cmd=0.000 | acc_exec=0.333 | trust=0.250
DECISION : PAUSE
MACHINE  : Machine-3
------------------------------------------------------------
[SEQ 313] [STATIC-BASELINE]
CMD      : M104 | effects={'M': 104.0, 'S': 220.0, 'prev_temp': 200.0}
DECISION : ALLOW
------------------------------------------------------------
[SEQ 313] [IEEE-BASELINE]
SCORE    : anomaly_score=10.938
DECISION : ALLOW
------------------------------------------------------------
[SEQ 314] [LAYER 0]
CMD      : G1 X160.225 Y119.213 E8.81482
TRUST    : acc_cmd=0.000 | acc_exec=0.000 | trust=0.331
DECISION : PAUSE
MACHINE  : Machine-3
------------------------------------------------------------
[SEQ 314] [STATIC-BASELINE]
CMD      : G1 | effects={'dx': -0.4240000000000066, 'dy': -2.9240000000000066, 'dz': 0.0, 'de': 0.056049999999999045, 'xy_dist': 2.9545815270525275, 'params': {'G': 1.0, 'X': 160.225, 'Y': 119.213, 'E': 8.81482}}
DECISION : ALLOW
------------------------------------------------------------
[SEQ 314] [IEEE-BASELINE]
SCORE    : anomaly_score=9.844
DECISION : ALLOW
------------------------------------------------------------
[SEQ 315] [LAYER 0]
CMD      : M104 S200
TRUST    : acc_cmd=0.000 | acc_exec=0.333 | trust=0.257
DECISION : PAUSE
MACHINE  : Machine-3
------------------------------------------------------------
[SEQ 315] [STATIC-BASELINE]
CMD      : M104 | effects={'M': 104.0, 'S': 200.0, 'prev_temp': 220.0}
DECISION : ALLOW
------------------------------------------------------------
[SEQ 315] [IEEE-BASELINE]
SCORE    : anomaly_score=10.860
DECISION : ALLOW
------------------------------------------------------------
[SEQ 316] [LAYER 0]
CMD      : G1 X161.122 Y117.192 E8.85654
TRUST    : acc_cmd=0.000 | acc_exec=0.000 | trust=0.336
DECISION : PAUSE
MACHINE  : Machine-3
------------------------------------------------------------
[SEQ 316] [STATIC-BASELINE]
CMD      : G1 | effects={'dx': 0.8970000000000198, 'dy': -2.021000000000001, 'dz': 0.0, 'de': 0.041720000000001534, 'xy_dist': 2.2111196258909285, 'params': {'G': 1.0, 'X': 161.122, 'Y': 117.192, 'E': 8.85654}}
DECISION : ALLOW
------------------------------------------------------------
[SEQ 316] [IEEE-BASELINE]
SCORE    : anomaly_score=9.774
DECISION : ALLOW
------------------------------------------------------------
[SEQ 317] [LAYER 0]
CMD      : G0 F3600 X161.447 Y117.431
TRUST    : acc_cmd=0.000 | acc_exec=0.000 | trust=0.475
DECISION : PAUSE
MACHINE  : Machine-3
------------------------------------------------------------
[SEQ 317] [STATIC-BASELINE]
CMD      : G0 | effects={'dx': 0.32499999999998863, 'dy': 0.23900000000000432, 'dz': 0.0, 'de': 0.0, 'xy_dist': 0.40341789747108975, 'params': {'G': 0.0, 'F': 3600.0, 'X': 161.447, 'Y': 117.431}}
DECISION : ALLOW
------------------------------------------------------------
[SEQ 317] [IEEE-BASELINE]
SCORE    : anomaly_score=8.796
DECISION : ALLOW
------------------------------------------------------------
[SEQ 318] [LAYER 0]
CMD      : G1 F1800 X162.387 Y116.421 E8.88249
TRUST    : acc_cmd=0.000 | acc_exec=0.000 | trust=0.617
DECISION : ALLOW
MACHINE  : Machine-3
------------------------------------------------------------
[SEQ 318] [STATIC-BASELINE]
CMD      : G1 | effects={'dx': 0.9399999999999977, 'dy': -1.009999999999991, 'dz': 0.0, 'de': 0.025949999999999918, 'xy_dist': 1.379746353501243, 'params': {'G': 1.0, 'F': 1800.0, 'X': 162.387, 'Y': 116.421, 'E': 8.88249}}
DECISION : ALLOW
------------------------------------------------------------
[SEQ 318] [IEEE-BASELINE]
SCORE    : anomaly_score=7.917
DECISION : ALLOW
------------------------------------------------------------
[SEQ 319] [LAYER 0]
CMD      : M104 S220
TRUST    : acc_cmd=0.000 | acc_exec=0.333 | trust=0.427
DECISION : PAUSE
MACHINE  : Machine-3
------------------------------------------------------------
[SEQ 319] [STATIC-BASELINE]
CMD      : M104 | effects={'M': 104.0, 'S': 220.0, 'prev_temp': 200.0}
DECISION : ALLOW
------------------------------------------------------------
[SEQ 319] [IEEE-BASELINE]
SCORE    : anomaly_score=9.125
DECISION : ALLOW
------------------------------------------------------------
[SEQ 320] [LAYER 0]
CMD      : G1 X164.305 Y115.65 E8.9215
TRUST    : acc_cmd=0.000 | acc_exec=0.000 | trust=0.462
DECISION : PAUSE
MACHINE  : Machine-3
------------------------------------------------------------
[SEQ 320] [STATIC-BASELINE]
CMD      : G1 | effects={'dx': 1.9180000000000064, 'dy': -0.7710000000000008, 'dz': 0.0, 'de': 0.03900999999999932, 'xy_dist': 2.067163515544918, 'params': {'G': 1.0, 'X': 164.305, 'Y': 115.65, 'E': 8.9215}}
DECISION : ALLOW
------------------------------------------------------------
[SEQ 320] [IEEE-BASELINE]
SCORE    : anomaly_score=8.213
DECISION : ALLOW
------------------------------------------------------------
[SEQ 321] [LAYER 0]
CMD      : G1 X165.461 Y115.623 E8.94325
TRUST    : acc_cmd=0.000 | acc_exec=0.000 | trust=0.574
DECISION : ALLOW
MACHINE  : Machine-3
------------------------------------------------------------
[SEQ 321] [STATIC-BASELINE]
CMD      : G1 | effects={'dx': 1.156000000000006, 'dy': -0.027000000000001023, 'dz': 0.0, 'de': 0.021750000000000824, 'xy_dist': 1.156315268428128, 'params': {'G': 1.0, 'X': 165.461, 'Y': 115.623, 'E': 8.94325}}
DECISION : ALLOW
------------------------------------------------------------
[SEQ 321] [IEEE-BASELINE]
SCORE    : anomaly_score=7.391
DECISION : ALLOW
------------------------------------------------------------
[SEQ 322] [LAYER 0]
CMD      : M104 S200
TRUST    : acc_cmd=0.000 | acc_exec=0.333 | trust=0.400
DECISION : PAUSE
MACHINE  : Machine-3
------------------------------------------------------------
[SEQ 322] [STATIC-BASELINE]
CMD      : M104 | effects={'M': 104.0, 'S': 200.0, 'prev_temp': 220.0}
DECISION : ALLOW
------------------------------------------------------------
[SEQ 322] [IEEE-BASELINE]
SCORE    : anomaly_score=8.652
DECISION : ALLOW
------------------------------------------------------------
[SEQ 323] [LAYER 0]
CMD      : G1 X167.762 Y116.526 E8.99016
TRUST    : acc_cmd=0.000 | acc_exec=0.000 | trust=0.442
DECISION : PAUSE
MACHINE  : Machine-3
------------------------------------------------------------
[SEQ 323] [STATIC-BASELINE]
CMD      : G1 | effects={'dx': 2.3009999999999877, 'dy': 0.9029999999999916, 'dz': 0.0, 'de': 0.046909999999998675, 'xy_dist': 2.471843441644298, 'params': {'G': 1.0, 'X': 167.762, 'Y': 116.526, 'E': 8.99016}}
DECISION : ALLOW
------------------------------------------------------------
[SEQ 323] [IEEE-BASELINE]
SCORE    : anomaly_score=7.787
DECISION : ALLOW
------------------------------------------------------------
[SEQ 324] [LAYER 0]
CMD      : M104 S220
TRUST    : acc_cmd=0.000 | acc_exec=0.333 | trust=0.317
DECISION : PAUSE
MACHINE  : Machine-3
------------------------------------------------------------
[SEQ 324] [STATIC-BASELINE]
CMD      : M104 | effects={'M': 104.0, 'S': 220.0, 'prev_temp': 200.0}
DECISION : ALLOW
------------------------------------------------------------
[SEQ 324] [IEEE-BASELINE]
SCORE    : anomaly_score=9.008
DECISION : ALLOW
------------------------------------------------------------
[SEQ 325] [LAYER 0]
CMD      : G1 X169.379 Y119.344 E9.05238
TRUST    : acc_cmd=0.000 | acc_exec=0.000 | trust=0.378
DECISION : PAUSE
MACHINE  : Machine-3
------------------------------------------------------------
[SEQ 325] [STATIC-BASELINE]
CMD      : G1 | effects={'dx': 1.6169999999999902, 'dy': 2.817999999999998, 'dz': 0.0, 'de': 0.06221999999999994, 'xy_dist': 3.2489710678921035, 'params': {'G': 1.0, 'X': 169.379, 'Y': 119.344, 'E': 9.05238}}
DECISION : ALLOW
------------------------------------------------------------
[SEQ 325] [IEEE-BASELINE]
SCORE    : anomaly_score=8.107
DECISION : ALLOW
------------------------------------------------------------
[SEQ 326] [LAYER 0]
CMD      : M104 S200
TRUST    : acc_cmd=0.000 | acc_exec=0.333 | trust=0.282
DECISION : PAUSE
MACHINE  : Machine-3
------------------------------------------------------------
[SEQ 326] [STATIC-BASELINE]
CMD      : M104 | effects={'M': 104.0, 'S': 200.0, 'prev_temp': 220.0}
DECISION : ALLOW
------------------------------------------------------------
[SEQ 326] [IEEE-BASELINE]
SCORE    : anomaly_score=9.297
DECISION : ALLOW
------------------------------------------------------------
[SEQ 327] [LAYER 0]
CMD      : M104 S220
TRUST    : acc_cmd=0.000 | acc_exec=0.333 | trust=0.201
DECISION : PAUSE
MACHINE  : Machine-3
------------------------------------------------------------
[SEQ 327] [STATIC-BASELINE]
CMD      : M104 | effects={'M': 104.0, 'S': 220.0, 'prev_temp': 200.0}
DECISION : ALLOW
------------------------------------------------------------
[SEQ 327] [IEEE-BASELINE]
SCORE    : anomaly_score=10.367
DECISION : ALLOW
------------------------------------------------------------
[SEQ 328] [LAYER 0]
CMD      : M104 S200
TRUST    : acc_cmd=0.000 | acc_exec=0.333 | trust=0.150
DECISION : PAUSE
MACHINE  : Machine-3
------------------------------------------------------------
[SEQ 328] [STATIC-BASELINE]
CMD      : M104 | effects={'M': 104.0, 'S': 200.0, 'prev_temp': 220.0}
DECISION : ALLOW
------------------------------------------------------------
[SEQ 328] [IEEE-BASELINE]
SCORE    : anomaly_score=11.330
DECISION : ALLOW
------------------------------------------------------------
[SEQ 329] [LAYER 0]
CMD      : M104 S220
TRUST    : acc_cmd=0.000 | acc_exec=0.333 | trust=0.121
DECISION : PAUSE
MACHINE  : Machine-3
------------------------------------------------------------
[SEQ 329] [STATIC-BASELINE]
CMD      : M104 | effects={'M': 104.0, 'S': 220.0, 'prev_temp': 200.0}
DECISION : ALLOW
------------------------------------------------------------
[SEQ 329] [IEEE-BASELINE]
SCORE    : anomaly_score=12.197
DECISION : ALLOW
------------------------------------------------------------
[SEQ 330] [LAYER 0]
CMD      : M104 S200
TRUST    : acc_cmd=0.000 | acc_exec=0.333 | trust=0.104
DECISION : PAUSE
MACHINE  : Machine-3
------------------------------------------------------------
[SEQ 330] [STATIC-BASELINE]
CMD      : M104 | effects={'M': 104.0, 'S': 200.0, 'prev_temp': 220.0}
DECISION : ALLOW
------------------------------------------------------------
[SEQ 330] [IEEE-BASELINE]
SCORE    : anomaly_score=12.978
DECISION : ALLOW
------------------------------------------------------------
[SEQ 331] [LAYER 0]
CMD      : M104 S220
TRUST    : acc_cmd=0.000 | acc_exec=0.333 | trust=0.095
DECISION : PAUSE
MACHINE  : Machine-3
------------------------------------------------------------
[SEQ 331] [STATIC-BASELINE]
CMD      : M104 | effects={'M': 104.0, 'S': 220.0, 'prev_temp': 200.0}
DECISION : ALLOW
------------------------------------------------------------
[SEQ 331] [IEEE-BASELINE]
SCORE    : anomaly_score=13.680
DECISION : ALLOW
------------------------------------------------------------
[SEQ 332] [LAYER 0]
CMD      : G1 X164.384 Y124.378 E9.20606
TRUST    : acc_cmd=0.000 | acc_exec=0.000 | trust=0.178
DECISION : PAUSE
MACHINE  : Machine-3
------------------------------------------------------------
[SEQ 332] [STATIC-BASELINE]
CMD      : G1 | effects={'dx': -4.9950000000000045, 'dy': 5.034000000000006, 'dz': 0.0, 'de': 0.15368000000000137, 'xy_dist': 7.09162752828997, 'params': {'G': 1.0, 'X': 164.384, 'Y': 124.378, 'E': 9.20606}}
DECISION : ALLOW
------------------------------------------------------------
[SEQ 332] [IEEE-BASELINE]
SCORE    : anomaly_score=12.312
DECISION : ALLOW
------------------------------------------------------------
[SEQ 333] [LAYER 0]
CMD      : M104 S200
TRUST    : acc_cmd=0.000 | acc_exec=0.333 | trust=0.163
DECISION : PAUSE
MACHINE  : Machine-3
------------------------------------------------------------
[SEQ 333] [STATIC-BASELINE]
CMD      : M104 | effects={'M': 104.0, 'S': 200.0, 'prev_temp': 220.0}
DECISION : ALLOW
------------------------------------------------------------
[SEQ 333] [IEEE-BASELINE]
SCORE    : anomaly_score=13.081
DECISION : ALLOW
------------------------------------------------------------
[SEQ 334] [LAYER 0]
CMD      : M104 S220
TRUST    : acc_cmd=0.000 | acc_exec=0.333 | trust=0.137
DECISION : PAUSE
MACHINE  : Machine-3
------------------------------------------------------------
[SEQ 334] [STATIC-BASELINE]
CMD      : M104 | effects={'M': 104.0, 'S': 220.0, 'prev_temp': 200.0}
DECISION : ALLOW
------------------------------------------------------------
[SEQ 334] [IEEE-BASELINE]
SCORE    : anomaly_score=13.773
DECISION : ALLOW
------------------------------------------------------------
[SEQ 335] [LAYER 0]
CMD      : M104 S200
TRUST    : acc_cmd=0.000 | acc_exec=0.333 | trust=0.117
DECISION : PAUSE
MACHINE  : Machine-3
------------------------------------------------------------
[SEQ 335] [STATIC-BASELINE]
CMD      : M104 | effects={'M': 104.0, 'S': 200.0, 'prev_temp': 220.0}
DECISION : ALLOW
------------------------------------------------------------
[SEQ 335] [IEEE-BASELINE]
SCORE    : anomaly_score=14.395
DECISION : ALLOW
------------------------------------------------------------
[SEQ 336] [LAYER 0]
CMD      : G1 X160.647 Y120.658 E9.31217
TRUST    : acc_cmd=0.000 | acc_exec=0.000 | trust=0.200
DECISION : PAUSE
MACHINE  : Machine-3
------------------------------------------------------------
[SEQ 336] [STATIC-BASELINE]
CMD      : G1 | effects={'dx': -3.7369999999999948, 'dy': -3.719999999999999, 'dz': 0.0, 'de': 0.10610999999999926, 'xy_dist': 5.27290896943992, 'params': {'G': 1.0, 'X': 160.647, 'Y': 120.658, 'E': 9.31217}}
DECISION : ALLOW
------------------------------------------------------------
[SEQ 336] [IEEE-BASELINE]
SCORE    : anomaly_score=12.956
DECISION : ALLOW
------------------------------------------------------------
[SEQ 337] [LAYER 0]
CMD      : G1 X160.626 Y119.282 E9.33805
TRUST    : acc_cmd=0.000 | acc_exec=0.000 | trust=0.345
DECISION : PAUSE
MACHINE  : Machine-3
------------------------------------------------------------
[SEQ 337] [STATIC-BASELINE]
CMD      : G1 | effects={'dx': -0.020999999999986585, 'dy': -1.3760000000000048, 'dz': 0.0, 'de': 0.02588000000000079, 'xy_dist': 1.3761602377630349, 'params': {'G': 1.0, 'X': 160.626, 'Y': 119.282, 'E': 9.33805}}
DECISION : ALLOW
------------------------------------------------------------
[SEQ 337] [IEEE-BASELINE]
SCORE    : anomaly_score=11.660
DECISION : ALLOW
------------------------------------------------------------
[SEQ 338] [LAYER 0]
CMD      : G1 X161.039 Y118.148 E9.36076
TRUST    : acc_cmd=0.000 | acc_exec=0.000 | trust=0.505
DECISION : ALLOW
MACHINE  : Machine-3
------------------------------------------------------------
[SEQ 338] [STATIC-BASELINE]
CMD      : G1 | effects={'dx': 0.4129999999999825, 'dy': -1.1340000000000003, 'dz': 0.0, 'de': 0.022710000000000008, 'xy_dist': 1.206865775469661, 'params': {'G': 1.0, 'X': 161.039, 'Y': 118.148, 'E': 9.36076}}
DECISION : ALLOW
------------------------------------------------------------
[SEQ 338] [IEEE-BASELINE]
SCORE    : anomaly_score=10.494
DECISION : ALLOW
------------------------------------------------------------
[SEQ 339] [LAYER 0]
CMD      : G1 X161.447 Y117.431 E9.37627
TRUST    : acc_cmd=0.000 | acc_exec=0.000 | trust=0.649
DECISION : ALLOW
MACHINE  : Machine-3
------------------------------------------------------------
[SEQ 339] [STATIC-BASELINE]
CMD      : G1 | effects={'dx': 0.40800000000001546, 'dy': -0.7169999999999987, 'dz': 0.0, 'de': 0.015509999999999025, 'xy_dist': 0.8249563624822897, 'params': {'G': 1.0, 'X': 161.447, 'Y': 117.431, 'E': 9.37627}}
DECISION : ALLOW
------------------------------------------------------------
[SEQ 339] [IEEE-BASELINE]
SCORE    : anomaly_score=9.445
DECISION : ALLOW
------------------------------------------------------------
[SEQ 340] [LAYER 0]
CMD      : M104 S220
TRUST    : acc_cmd=0.000 | acc_exec=0.333 | trust=0.444
DECISION : PAUSE
MACHINE  : Machine-3
------------------------------------------------------------
[SEQ 340] [STATIC-BASELINE]
CMD      : M104 | effects={'M': 104.0, 'S': 220.0, 'prev_temp': 200.0}
DECISION : ALLOW
------------------------------------------------------------
[SEQ 340] [IEEE-BASELINE]
SCORE    : anomaly_score=10.500
DECISION : ALLOW
------------------------------------------------------------
[SEQ 341] [LAYER 0]
CMD      : M104 S200
TRUST    : acc_cmd=0.000 | acc_exec=0.333 | trust=0.287
DECISION : PAUSE
MACHINE  : Machine-3
------------------------------------------------------------
[SEQ 341] [STATIC-BASELINE]
CMD      : M104 | effects={'M': 104.0, 'S': 200.0, 'prev_temp': 220.0}
DECISION : ALLOW
------------------------------------------------------------
[SEQ 341] [IEEE-BASELINE]
SCORE    : anomaly_score=11.450
DECISION : ALLOW
------------------------------------------------------------
[SEQ 342] [LAYER 0]
CMD      : M104 S220
TRUST    : acc_cmd=0.000 | acc_exec=0.333 | trust=0.194
DECISION : PAUSE
MACHINE  : Machine-3
------------------------------------------------------------
[SEQ 342] [STATIC-BASELINE]
CMD      : M104 | effects={'M': 104.0, 'S': 220.0, 'prev_temp': 200.0}
DECISION : ALLOW
------------------------------------------------------------
[SEQ 342] [IEEE-BASELINE]
SCORE    : anomaly_score=12.305
DECISION : ALLOW
------------------------------------------------------------
[SEQ 343] [LAYER 0]
CMD      : M104 S200
TRUST    : acc_cmd=0.000 | acc_exec=0.333 | trust=0.143
DECISION : PAUSE
MACHINE  : Machine-3
------------------------------------------------------------
[SEQ 343] [STATIC-BASELINE]
CMD      : M104 | effects={'M': 104.0, 'S': 200.0, 'prev_temp': 220.0}
DECISION : ALLOW
------------------------------------------------------------
[SEQ 343] [IEEE-BASELINE]
SCORE    : anomaly_score=13.075
DECISION : ALLOW
------------------------------------------------------------
[SEQ 344] [LAYER 0]
CMD      : M104 S220
TRUST    : acc_cmd=0.000 | acc_exec=0.333 | trust=0.116
DECISION : PAUSE
MACHINE  : Machine-3
------------------------------------------------------------
[SEQ 344] [STATIC-BASELINE]
CMD      : M104 | effects={'M': 104.0, 'S': 220.0, 'prev_temp': 200.0}
DECISION : ALLOW
------------------------------------------------------------
[SEQ 344] [IEEE-BASELINE]
SCORE    : anomaly_score=13.767
DECISION : ALLOW
------------------------------------------------------------
[SEQ 345] [LAYER 0]
CMD      : G1 X166.431 Y116.261 E9.47467
TRUST    : acc_cmd=0.000 | acc_exec=0.000 | trust=0.195
DECISION : PAUSE
MACHINE  : Machine-3
------------------------------------------------------------
[SEQ 345] [STATIC-BASELINE]
CMD      : G1 | effects={'dx': 4.984000000000009, 'dy': -1.1700000000000017, 'dz': 0.0, 'de': 0.09839999999999982, 'xy_dist': 5.119487865011508, 'params': {'G': 1.0, 'X': 166.431, 'Y': 116.261, 'E': 9.47467}}
DECISION : ALLOW
------------------------------------------------------------
[SEQ 345] [IEEE-BASELINE]
SCORE    : anomaly_score=12.391
DECISION : ALLOW
------------------------------------------------------------
[SEQ 346] [LAYER 0]
CMD      : G1 X167.505 Y116.842 E9.49764
TRUST    : acc_cmd=0.000 | acc_exec=0.000 | trust=0.337
DECISION : PAUSE
MACHINE  : Machine-3
------------------------------------------------------------
[SEQ 346] [STATIC-BASELINE]
CMD      : G1 | effects={'dx': 1.0739999999999839, 'dy': 0.5810000000000031, 'dz': 0.0, 'de': 0.022970000000000823, 'xy_dist': 1.2210802594424204, 'params': {'G': 1.0, 'X': 167.505, 'Y': 116.842, 'E': 9.49764}}
DECISION : ALLOW
------------------------------------------------------------
[SEQ 346] [IEEE-BASELINE]
SCORE    : anomaly_score=11.151
DECISION : ALLOW
------------------------------------------------------------
[SEQ 347] [LAYER 0]
CMD      : G1 X168.492 Y117.992 E9.52614
TRUST    : acc_cmd=0.000 | acc_exec=0.000 | trust=0.498
DECISION : PAUSE
MACHINE  : Machine-3
------------------------------------------------------------
[SEQ 347] [STATIC-BASELINE]
CMD      : G1 | effects={'dx': 0.9869999999999948, 'dy': 1.1500000000000057, 'dz': 0.0, 'de': 0.028499999999999304, 'xy_dist': 1.515476492724319, 'params': {'G': 1.0, 'X': 168.492, 'Y': 117.992, 'E': 9.52614}}
DECISION : ALLOW
------------------------------------------------------------
[SEQ 347] [IEEE-BASELINE]
SCORE    : anomaly_score=10.036
DECISION : ALLOW
------------------------------------------------------------
[SEQ 348] [LAYER 0]
CMD      : M104 S200
TRUST    : acc_cmd=0.000 | acc_exec=0.333 | trust=0.362
DECISION : PAUSE
MACHINE  : Machine-3
------------------------------------------------------------
[SEQ 348] [STATIC-BASELINE]
CMD      : M104 | effects={'M': 104.0, 'S': 200.0, 'prev_temp': 220.0}
DECISION : ALLOW
------------------------------------------------------------
[SEQ 348] [IEEE-BASELINE]
SCORE    : anomaly_score=11.033
DECISION : ALLOW
------------------------------------------------------------
[SEQ 349] [LAYER 0]
CMD      : M104 S220
TRUST    : acc_cmd=0.000 | acc_exec=0.333 | trust=0.246
DECISION : PAUSE
MACHINE  : Machine-3
------------------------------------------------------------
[SEQ 349] [STATIC-BASELINE]
CMD      : M104 | effects={'M': 104.0, 'S': 220.0, 'prev_temp': 200.0}
DECISION : ALLOW
------------------------------------------------------------
[SEQ 349] [IEEE-BASELINE]
SCORE    : anomaly_score=11.929
DECISION : ALLOW
------------------------------------------------------------
[SEQ 350] [LAYER 0]
CMD      : G1 X168.635 Y121.683 E9.59802
TRUST    : acc_cmd=0.000 | acc_exec=0.000 | trust=0.304
DECISION : PAUSE
MACHINE  : Machine-3
------------------------------------------------------------
[SEQ 350] [STATIC-BASELINE]
CMD      : G1 | effects={'dx': 0.14300000000000068, 'dy': 3.6910000000000025, 'dz': 0.0, 'de': 0.07188000000000017, 'xy_dist': 3.6937690777849146, 'params': {'G': 1.0, 'X': 168.635, 'Y': 121.683, 'E': 9.59802}}
DECISION : ALLOW
------------------------------------------------------------
[SEQ 350] [IEEE-BASELINE]
SCORE    : anomaly_score=10.736
DECISION : ALLOW
------------------------------------------------------------
[SEQ 351] [LAYER 0]
CMD      : M104 S200
TRUST    : acc_cmd=0.000 | acc_exec=0.333 | trust=0.238
DECISION : PAUSE
MACHINE  : Machine-3
------------------------------------------------------------
[SEQ 351] [STATIC-BASELINE]
CMD      : M104 | effects={'M': 104.0, 'S': 200.0, 'prev_temp': 220.0}
DECISION : ALLOW
------------------------------------------------------------
[SEQ 351] [IEEE-BASELINE]
SCORE    : anomaly_score=11.663
DECISION : ALLOW
------------------------------------------------------------
[SEQ 352] [LAYER 0]
CMD      : M104 S220
TRUST    : acc_cmd=0.000 | acc_exec=0.333 | trust=0.178
DECISION : PAUSE
MACHINE  : Machine-3
------------------------------------------------------------
[SEQ 352] [STATIC-BASELINE]
CMD      : M104 | effects={'M': 104.0, 'S': 220.0, 'prev_temp': 200.0}
DECISION : ALLOW
------------------------------------------------------------
[SEQ 352] [IEEE-BASELINE]
SCORE    : anomaly_score=12.497
DECISION : ALLOW
------------------------------------------------------------
[SEQ 353] [LAYER 0]
CMD      : G1 X166.569 Y123.675 E9.65304
TRUST    : acc_cmd=0.000 | acc_exec=0.000 | trust=0.253
DECISION : PAUSE
MACHINE  : Machine-3
------------------------------------------------------------
[SEQ 353] [STATIC-BASELINE]
CMD      : G1 | effects={'dx': -2.0660000000000025, 'dy': 1.9919999999999902, 'dz': 0.0, 'de': 0.055020000000000735, 'xy_dist': 2.8699163750883003, 'params': {'G': 1.0, 'X': 166.569, 'Y': 123.675, 'E': 9.65304}}
DECISION : ALLOW
------------------------------------------------------------
[SEQ 353] [IEEE-BASELINE]
SCORE    : anomaly_score=11.247
DECISION : ALLOW
------------------------------------------------------------
[SEQ 354] [LAYER 0]
CMD      : M104 S200
TRUST    : acc_cmd=0.000 | acc_exec=0.333 | trust=0.209
DECISION : PAUSE
MACHINE  : Machine-3
------------------------------------------------------------
[SEQ 354] [STATIC-BASELINE]
CMD      : M104 | effects={'M': 104.0, 'S': 200.0, 'prev_temp': 220.0}
DECISION : ALLOW
------------------------------------------------------------
[SEQ 354] [IEEE-BASELINE]
SCORE    : anomaly_score=12.122
DECISION : ALLOW
------------------------------------------------------------
[SEQ 355] [LAYER 0]
CMD      : G1 X164.44 Y123.977 E9.69384
TRUST    : acc_cmd=0.000 | acc_exec=0.000 | trust=0.298
DECISION : PAUSE
MACHINE  : Machine-3
------------------------------------------------------------
[SEQ 355] [STATIC-BASELINE]
CMD      : G1 | effects={'dx': -2.1289999999999907, 'dy': 0.3020000000000067, 'dz': 0.0, 'de': 0.04079999999999906, 'xy_dist': 2.1503127679479475, 'params': {'G': 1.0, 'X': 164.44, 'Y': 123.977, 'E': 9.69384}}
DECISION : ALLOW
------------------------------------------------------------
[SEQ 355] [IEEE-BASELINE]
SCORE    : anomaly_score=10.910
DECISION : ALLOW
------------------------------------------------------------
[SEQ 356] [LAYER 0]
CMD      : M104 S220
TRUST    : acc_cmd=0.000 | acc_exec=0.333 | trust=0.238
DECISION : PAUSE
MACHINE  : Machine-3
------------------------------------------------------------
[SEQ 356] [STATIC-BASELINE]
CMD      : M104 | effects={'M': 104.0, 'S': 220.0, 'prev_temp': 200.0}
DECISION : ALLOW
------------------------------------------------------------
[SEQ 356] [IEEE-BASELINE]
SCORE    : anomaly_score=11.819
DECISION : ALLOW
------------------------------------------------------------
[SEQ 357] [LAYER 0]
CMD      : M104 S200
TRUST    : acc_cmd=0.000 | acc_exec=0.333 | trust=0.179
DECISION : PAUSE
MACHINE  : Machine-3
------------------------------------------------------------
[SEQ 357] [STATIC-BASELINE]
CMD      : M104 | effects={'M': 104.0, 'S': 200.0, 'prev_temp': 220.0}
DECISION : ALLOW
------------------------------------------------------------
[SEQ 357] [IEEE-BASELINE]
SCORE    : anomaly_score=12.637
DECISION : ALLOW
------------------------------------------------------------
[SEQ 358] [LAYER 0]
CMD      : M104 S220
TRUST    : acc_cmd=0.000 | acc_exec=0.333 | trust=0.139
DECISION : PAUSE
MACHINE  : Machine-3
------------------------------------------------------------
[SEQ 358] [STATIC-BASELINE]
CMD      : M104 | effects={'M': 104.0, 'S': 220.0, 'prev_temp': 200.0}
DECISION : ALLOW
------------------------------------------------------------
[SEQ 358] [IEEE-BASELINE]
SCORE    : anomaly_score=13.373
DECISION : ALLOW
------------------------------------------------------------
[SEQ 359] [LAYER 0]
CMD      : M104 S200
TRUST    : acc_cmd=0.000 | acc_exec=0.333 | trust=0.115
DECISION : PAUSE
MACHINE  : Machine-3
------------------------------------------------------------
[SEQ 359] [STATIC-BASELINE]
CMD      : M104 | effects={'M': 104.0, 'S': 200.0, 'prev_temp': 220.0}
DECISION : ALLOW
------------------------------------------------------------
[SEQ 359] [IEEE-BASELINE]
SCORE    : anomaly_score=14.036
DECISION : ALLOW
------------------------------------------------------------
[SEQ 360] [LAYER 0]
CMD      : G1 X161.027 Y119.35 E9.81368
TRUST    : acc_cmd=0.000 | acc_exec=0.000 | trust=0.196
DECISION : PAUSE
MACHINE  : Machine-3
------------------------------------------------------------
[SEQ 360] [STATIC-BASELINE]
CMD      : G1 | effects={'dx': -3.413000000000011, 'dy': -4.6270000000000095, 'dz': 0.0, 'de': 0.11983999999999995, 'xy_dist': 5.749582419619721, 'params': {'G': 1.0, 'X': 161.027, 'Y': 119.35, 'E': 9.81368}}
DECISION : ALLOW
------------------------------------------------------------
[SEQ 360] [IEEE-BASELINE]
SCORE    : anomaly_score=12.632
DECISION : ALLOW
------------------------------------------------------------
[SEQ 361] [LAYER 0]
CMD      : M104 S220
TRUST    : acc_cmd=0.000 | acc_exec=0.333 | trust=0.175
DECISION : PAUSE
MACHINE  : Machine-3
------------------------------------------------------------
[SEQ 361] [STATIC-BASELINE]
CMD      : M104 | effects={'M': 104.0, 'S': 220.0, 'prev_temp': 200.0}
DECISION : ALLOW
------------------------------------------------------------
[SEQ 361] [IEEE-BASELINE]
SCORE    : anomaly_score=13.369
DECISION : ALLOW
------------------------------------------------------------
[SEQ 362] [LAYER 0]
CMD      : M104 S200
TRUST    : acc_cmd=0.000 | acc_exec=0.333 | trust=0.143
DECISION : PAUSE
MACHINE  : Machine-3
------------------------------------------------------------
[SEQ 362] [STATIC-BASELINE]
CMD      : M104 | effects={'M': 104.0, 'S': 200.0, 'prev_temp': 220.0}
DECISION : ALLOW
------------------------------------------------------------
[SEQ 362] [IEEE-BASELINE]
SCORE    : anomaly_score=14.032
DECISION : ALLOW
------------------------------------------------------------
[SEQ 363] [LAYER 0]
CMD      : G0 F3600 X162.095 Y117.909
TRUST    : acc_cmd=0.000 | acc_exec=0.000 | trust=0.228
DECISION : PAUSE
MACHINE  : Machine-3
------------------------------------------------------------
[SEQ 363] [STATIC-BASELINE]
CMD      : G0 | effects={'dx': 1.068000000000012, 'dy': -1.4409999999999883, 'dz': 0.0, 'de': 0.0, 'xy_dist': 1.7936290028877186, 'params': {'G': 0.0, 'F': 3600.0, 'X': 162.095, 'Y': 117.909}}
DECISION : ALLOW
------------------------------------------------------------
[SEQ 363] [IEEE-BASELINE]
SCORE    : anomaly_score=12.629
DECISION : ALLOW
------------------------------------------------------------
[SEQ 364] [LAYER 0]
CMD      : M104 S220
TRUST    : acc_cmd=0.000 | acc_exec=0.333 | trust=0.195
DECISION : PAUSE
MACHINE  : Machine-3
------------------------------------------------------------
[SEQ 364] [STATIC-BASELINE]
CMD      : M104 | effects={'M': 104.0, 'S': 220.0, 'prev_temp': 200.0}
DECISION : ALLOW
------------------------------------------------------------
[SEQ 364] [IEEE-BASELINE]
SCORE    : anomaly_score=13.366
DECISION : ALLOW
------------------------------------------------------------
[SEQ 365] [LAYER 0]
CMD      : M104 S200
TRUST    : acc_cmd=0.000 | acc_exec=0.333 | trust=0.155
DECISION : PAUSE
MACHINE  : Machine-3
------------------------------------------------------------
[SEQ 365] [STATIC-BASELINE]
CMD      : M104 | effects={'M': 104.0, 'S': 200.0, 'prev_temp': 220.0}
DECISION : ALLOW
------------------------------------------------------------
[SEQ 365] [IEEE-BASELINE]
SCORE    : anomaly_score=14.030
DECISION : ALLOW
------------------------------------------------------------
[SEQ 366] [LAYER 0]
CMD      : M104 S220
TRUST    : acc_cmd=0.000 | acc_exec=0.333 | trust=0.126
DECISION : PAUSE
MACHINE  : Machine-3
------------------------------------------------------------
[SEQ 366] [STATIC-BASELINE]
CMD      : M104 | effects={'M': 104.0, 'S': 220.0, 'prev_temp': 200.0}
DECISION : ALLOW
------------------------------------------------------------
[SEQ 366] [IEEE-BASELINE]
SCORE    : anomaly_score=14.627
DECISION : ALLOW
------------------------------------------------------------
[SEQ 367] [LAYER 0]
CMD      : M104 S200
TRUST    : acc_cmd=0.000 | acc_exec=0.333 | trust=0.108
DECISION : PAUSE
MACHINE  : Machine-3
------------------------------------------------------------
[SEQ 367] [STATIC-BASELINE]
CMD      : M104 | effects={'M': 104.0, 'S': 200.0, 'prev_temp': 220.0}
DECISION : ALLOW
------------------------------------------------------------
[SEQ 367] [IEEE-BASELINE]
SCORE    : anomaly_score=15.164
DECISION : ALLOW
------------------------------------------------------------
[SEQ 368] [LAYER 0]
CMD      : G1 X166.287 Y116.638 E9.93692
TRUST    : acc_cmd=0.000 | acc_exec=0.000 | trust=0.191
DECISION : PAUSE
MACHINE  : Machine-3
------------------------------------------------------------
[SEQ 368] [STATIC-BASELINE]
CMD      : G1 | effects={'dx': 4.192000000000007, 'dy': -1.2710000000000008, 'dz': 0.0, 'de': 0.1232400000000009, 'xy_dist': 4.380445753573494, 'params': {'G': 1.0, 'X': 166.287, 'Y': 116.638, 'E': 9.93692}}
DECISION : ALLOW
------------------------------------------------------------
[SEQ 368] [IEEE-BASELINE]
SCORE    : anomaly_score=13.648
DECISION : ALLOW
------------------------------------------------------------
[SEQ 369] [LAYER 0]
CMD      : M104 S220
TRUST    : acc_cmd=0.000 | acc_exec=0.333 | trust=0.171
DECISION : PAUSE
MACHINE  : Machine-3
------------------------------------------------------------
[SEQ 369] [STATIC-BASELINE]
CMD      : M104 | effects={'M': 104.0, 'S': 220.0, 'prev_temp': 200.0}
DECISION : ALLOW
------------------------------------------------------------
[SEQ 369] [IEEE-BASELINE]
SCORE    : anomaly_score=14.283
DECISION : ALLOW
------------------------------------------------------------
[SEQ 370] [LAYER 0]
CMD      : M104 S200
TRUST    : acc_cmd=0.000 | acc_exec=0.333 | trust=0.142
DECISION : PAUSE
MACHINE  : Machine-3
------------------------------------------------------------
[SEQ 370] [STATIC-BASELINE]
CMD      : M104 | effects={'M': 104.0, 'S': 200.0, 'prev_temp': 220.0}
DECISION : ALLOW
------------------------------------------------------------
[SEQ 370] [IEEE-BASELINE]
SCORE    : anomaly_score=14.854
DECISION : ALLOW
------------------------------------------------------------
[SEQ 371] [LAYER 0]
CMD      : M104 S220
TRUST    : acc_cmd=0.000 | acc_exec=0.333 | trust=0.119
DECISION : PAUSE
MACHINE  : Machine-3
------------------------------------------------------------
[SEQ 371] [STATIC-BASELINE]
CMD      : M104 | effects={'M': 104.0, 'S': 220.0, 'prev_temp': 200.0}
DECISION : ALLOW
------------------------------------------------------------
[SEQ 371] [IEEE-BASELINE]
SCORE    : anomaly_score=15.369
DECISION : ALLOW
------------------------------------------------------------
[SEQ 372] [LAYER 0]
CMD      : G1 X168.556 Y120.589 E10.02961
TRUST    : acc_cmd=0.000 | acc_exec=0.000 | trust=0.202
DECISION : PAUSE
MACHINE  : Machine-3
------------------------------------------------------------
[SEQ 372] [STATIC-BASELINE]
CMD      : G1 | effects={'dx': 2.2690000000000055, 'dy': 3.9509999999999934, 'dz': 0.0, 'de': 0.09268999999999927, 'xy_dist': 4.556178442510782, 'params': {'G': 1.0, 'X': 168.556, 'Y': 120.589, 'E': 10.02961}}
DECISION : ALLOW
------------------------------------------------------------
[SEQ 372] [IEEE-BASELINE]
SCORE    : anomaly_score=13.832
DECISION : ALLOW
------------------------------------------------------------
[SEQ 373] [LAYER 0]
CMD      : G1 X168.269 Y121.512 E10.04779
TRUST    : acc_cmd=0.000 | acc_exec=0.000 | trust=0.346
DECISION : PAUSE
MACHINE  : Machine-3
------------------------------------------------------------
[SEQ 373] [STATIC-BASELINE]
CMD      : G1 | effects={'dx': -0.28700000000000614, 'dy': 0.9230000000000018, 'dz': 0.0, 'de': 0.018180000000000973, 'xy_dist': 0.9665909165722627, 'params': {'G': 1.0, 'X': 168.269, 'Y': 121.512, 'E': 10.04779}}
DECISION : ALLOW
------------------------------------------------------------
[SEQ 373] [IEEE-BASELINE]
SCORE    : anomaly_score=12.449
DECISION : ALLOW
------------------------------------------------------------
[SEQ 374] [LAYER 0]
CMD      : G1 X167.746 Y122.327 E10.06601
TRUST    : acc_cmd=0.000 | acc_exec=0.000 | trust=0.507
DECISION : ALLOW
MACHINE  : Machine-3
------------------------------------------------------------
[SEQ 374] [STATIC-BASELINE]
CMD      : G1 | effects={'dx': -0.5229999999999961, 'dy': 0.8149999999999977, 'dz': 0.0, 'de': 0.01821999999999946, 'xy_dist': 0.9683769927047999, 'params': {'G': 1.0, 'X': 167.746, 'Y': 122.327, 'E': 10.06601}}
DECISION : ALLOW
------------------------------------------------------------
[SEQ 374] [IEEE-BASELINE]
SCORE    : anomaly_score=11.204
DECISION : ALLOW
------------------------------------------------------------
[SEQ 375] [LAYER 0]
CMD      : M104 S200
TRUST    : acc_cmd=0.000 | acc_exec=0.333 | trust=0.367
DECISION : PAUSE
MACHINE  : Machine-3
------------------------------------------------------------
[SEQ 375] [STATIC-BASELINE]
CMD      : M104 | effects={'M': 104.0, 'S': 200.0, 'prev_temp': 220.0}
DECISION : ALLOW
------------------------------------------------------------
[SEQ 375] [IEEE-BASELINE]
SCORE    : anomaly_score=12.084
DECISION : ALLOW
------------------------------------------------------------
[SEQ 376] [LAYER 0]
CMD      : M104 S220
TRUST    : acc_cmd=0.000 | acc_exec=0.333 | trust=0.248
DECISION : PAUSE
MACHINE  : Machine-3
------------------------------------------------------------
[SEQ 376] [STATIC-BASELINE]
CMD      : M104 | effects={'M': 104.0, 'S': 220.0, 'prev_temp': 200.0}
DECISION : ALLOW
------------------------------------------------------------
[SEQ 376] [IEEE-BASELINE]
SCORE    : anomaly_score=12.875
DECISION : ALLOW
------------------------------------------------------------
[SEQ 377] [LAYER 0]
CMD      : G1 X165.548 Y123.555 E10.11419
TRUST    : acc_cmd=0.000 | acc_exec=0.000 | trust=0.306
DECISION : PAUSE
MACHINE  : Machine-3
------------------------------------------------------------
[SEQ 377] [STATIC-BASELINE]
CMD      : G1 | effects={'dx': -2.1980000000000075, 'dy': 1.2280000000000086, 'dz': 0.0, 'de': 0.048180000000000334, 'xy_dist': 2.51777441404111, 'params': {'G': 1.0, 'X': 165.548, 'Y': 123.555, 'E': 10.11419}}
DECISION : ALLOW
------------------------------------------------------------
[SEQ 377] [IEEE-BASELINE]
SCORE    : anomaly_score=11.588
DECISION : ALLOW
------------------------------------------------------------
[SEQ 378] [LAYER 0]
CMD      : M104 S200
TRUST    : acc_cmd=0.000 | acc_exec=0.333 | trust=0.239
DECISION : PAUSE
MACHINE  : Machine-3
------------------------------------------------------------
[SEQ 378] [STATIC-BASELINE]
CMD      : M104 | effects={'M': 104.0, 'S': 200.0, 'prev_temp': 220.0}
DECISION : ALLOW
------------------------------------------------------------
[SEQ 378] [IEEE-BASELINE]
SCORE    : anomaly_score=12.429
DECISION : ALLOW
------------------------------------------------------------
[SEQ 379] [LAYER 0]
CMD      : M104 S220
TRUST    : acc_cmd=0.000 | acc_exec=0.333 | trust=0.178
DECISION : PAUSE
MACHINE  : Machine-3
------------------------------------------------------------
[SEQ 379] [STATIC-BASELINE]
CMD      : M104 | effects={'M': 104.0, 'S': 220.0, 'prev_temp': 200.0}
DECISION : ALLOW
------------------------------------------------------------
[SEQ 379] [IEEE-BASELINE]
SCORE    : anomaly_score=13.186
DECISION : ALLOW
------------------------------------------------------------
[SEQ 380] [LAYER 0]
CMD      : M104 S200
TRUST    : acc_cmd=0.000 | acc_exec=0.333 | trust=0.138
DECISION : PAUSE
MACHINE  : Machine-3
------------------------------------------------------------
[SEQ 380] [STATIC-BASELINE]
CMD      : M104 | effects={'M': 104.0, 'S': 200.0, 'prev_temp': 220.0}
DECISION : ALLOW
------------------------------------------------------------
[SEQ 380] [IEEE-BASELINE]
SCORE    : anomaly_score=13.867
DECISION : ALLOW
------------------------------------------------------------
[SEQ 381] [LAYER 0]
CMD      : M104 S220
TRUST    : acc_cmd=0.000 | acc_exec=0.333 | trust=0.115
DECISION : PAUSE
MACHINE  : Machine-3
------------------------------------------------------------
[SEQ 381] [STATIC-BASELINE]
CMD      : M104 | effects={'M': 104.0, 'S': 220.0, 'prev_temp': 200.0}
DECISION : ALLOW
------------------------------------------------------------
[SEQ 381] [IEEE-BASELINE]
SCORE    : anomaly_score=14.481
DECISION : ALLOW
------------------------------------------------------------
[SEQ 382] [LAYER 0]
CMD      : G1 X161.445 Y120.54 E10.22057
TRUST    : acc_cmd=0.000 | acc_exec=0.000 | trust=0.196
DECISION : PAUSE
MACHINE  : Machine-3
------------------------------------------------------------
[SEQ 382] [STATIC-BASELINE]
CMD      : G1 | effects={'dx': -4.103000000000009, 'dy': -3.0150000000000006, 'dz': 0.0, 'de': 0.1063799999999997, 'xy_dist': 5.091643546046805, 'params': {'G': 1.0, 'X': 161.445, 'Y': 120.54, 'E': 10.22057}}
DECISION : ALLOW
------------------------------------------------------------
[SEQ 382] [IEEE-BASELINE]
SCORE    : anomaly_score=13.033
DECISION : ALLOW
------------------------------------------------------------
[SEQ 383] [LAYER 0]
CMD      : G1 X161.428 Y119.418 E10.24168
TRUST    : acc_cmd=0.000 | acc_exec=0.000 | trust=0.339
DECISION : PAUSE
MACHINE  : Machine-3
------------------------------------------------------------
[SEQ 383] [STATIC-BASELINE]
CMD      : G1 | effects={'dx': -0.016999999999995907, 'dy': -1.1219999999999999, 'dz': 0.0, 'de': 0.021110000000000184, 'xy_dist': 1.1221287804882287, 'params': {'G': 1.0, 'X': 161.428, 'Y': 119.418, 'E': 10.24168}}
DECISION : ALLOW
------------------------------------------------------------
[SEQ 383] [IEEE-BASELINE]
SCORE    : anomaly_score=11.729
DECISION : ALLOW
------------------------------------------------------------
[SEQ 384] [LAYER 0]
CMD      : M104 S200
TRUST    : acc_cmd=0.000 | acc_exec=0.333 | trust=0.270
DECISION : PAUSE
MACHINE  : Machine-3
------------------------------------------------------------
[SEQ 384] [STATIC-BASELINE]
CMD      : M104 | effects={'M': 104.0, 'S': 200.0, 'prev_temp': 220.0}
DECISION : ALLOW
------------------------------------------------------------
[SEQ 384] [IEEE-BASELINE]
SCORE    : anomaly_score=12.556
DECISION : ALLOW
------------------------------------------------------------
[SEQ 385] [LAYER 0]
CMD      : M104 S220
TRUST    : acc_cmd=0.000 | acc_exec=0.333 | trust=0.198
DECISION : PAUSE
MACHINE  : Machine-3
------------------------------------------------------------
[SEQ 385] [STATIC-BASELINE]
CMD      : M104 | effects={'M': 104.0, 'S': 220.0, 'prev_temp': 200.0}
DECISION : ALLOW
------------------------------------------------------------
[SEQ 385] [IEEE-BASELINE]
SCORE    : anomaly_score=13.301
DECISION : ALLOW
------------------------------------------------------------
[SEQ 386] [LAYER 0]
CMD      : M104 S200
TRUST    : acc_cmd=0.000 | acc_exec=0.333 | trust=0.150
DECISION : PAUSE
MACHINE  : Machine-3
------------------------------------------------------------
[SEQ 386] [STATIC-BASELINE]
CMD      : M104 | effects={'M': 104.0, 'S': 200.0, 'prev_temp': 220.0}
DECISION : ALLOW
------------------------------------------------------------
[SEQ 386] [IEEE-BASELINE]
SCORE    : anomaly_score=13.971
DECISION : ALLOW
------------------------------------------------------------
[SEQ 387] [LAYER 0]
CMD      : M104 S220
TRUST    : acc_cmd=0.000 | acc_exec=0.333 | trust=0.121
DECISION : PAUSE
MACHINE  : Machine-3
------------------------------------------------------------
[SEQ 387] [STATIC-BASELINE]
CMD      : M104 | effects={'M': 104.0, 'S': 220.0, 'prev_temp': 200.0}
DECISION : ALLOW
------------------------------------------------------------
[SEQ 387] [IEEE-BASELINE]
SCORE    : anomaly_score=14.574
DECISION : ALLOW
------------------------------------------------------------
[SEQ 388] [LAYER 0]
CMD      : M104 S200
TRUST    : acc_cmd=0.000 | acc_exec=0.333 | trust=0.104
DECISION : PAUSE
MACHINE  : Machine-3
------------------------------------------------------------
[SEQ 388] [STATIC-BASELINE]
CMD      : M104 | effects={'M': 104.0, 'S': 200.0, 'prev_temp': 220.0}
DECISION : ALLOW
------------------------------------------------------------
[SEQ 388] [IEEE-BASELINE]
SCORE    : anomaly_score=15.116
DECISION : ALLOW
------------------------------------------------------------
[SEQ 389] [LAYER 0]
CMD      : M104 S220
TRUST    : acc_cmd=0.000 | acc_exec=0.333 | trust=0.095
DECISION : PAUSE
MACHINE  : Machine-3
------------------------------------------------------------
[SEQ 389] [STATIC-BASELINE]
CMD      : M104 | effects={'M': 104.0, 'S': 220.0, 'prev_temp': 200.0}
DECISION : ALLOW
------------------------------------------------------------
[SEQ 389] [IEEE-BASELINE]
SCORE    : anomaly_score=15.605
DECISION : ALLOW
------------------------------------------------------------
[SEQ 390] [LAYER 0]
CMD      : M104 S200
TRUST    : acc_cmd=0.000 | acc_exec=0.333 | trust=0.090
DECISION : PAUSE
MACHINE  : Machine-3
------------------------------------------------------------
[SEQ 390] [STATIC-BASELINE]
CMD      : M104 | effects={'M': 104.0, 'S': 200.0, 'prev_temp': 220.0}
DECISION : ALLOW
------------------------------------------------------------
[SEQ 390] [IEEE-BASELINE]
SCORE    : anomaly_score=16.044
DECISION : ALLOW
------------------------------------------------------------
[SEQ 391] [LAYER 0]
CMD      : M104 S220
TRUST    : acc_cmd=0.000 | acc_exec=0.333 | trust=0.086
DECISION : PAUSE
MACHINE  : Machine-3
------------------------------------------------------------
[SEQ 391] [STATIC-BASELINE]
CMD      : M104 | effects={'M': 104.0, 'S': 220.0, 'prev_temp': 200.0}
DECISION : ALLOW
------------------------------------------------------------
[SEQ 391] [IEEE-BASELINE]
SCORE    : anomaly_score=16.440
DECISION : ALLOW
------------------------------------------------------------
[SEQ 392] [LAYER 0]
CMD      : M104 S200
TRUST    : acc_cmd=0.000 | acc_exec=0.333 | trust=0.085
DECISION : PAUSE
MACHINE  : Machine-3
------------------------------------------------------------
[SEQ 392] [STATIC-BASELINE]
CMD      : M104 | effects={'M': 104.0, 'S': 200.0, 'prev_temp': 220.0}
DECISION : ALLOW
------------------------------------------------------------
[SEQ 392] [IEEE-BASELINE]
SCORE    : anomaly_score=16.796
DECISION : ALLOW
------------------------------------------------------------
[SEQ 393] [LAYER 0]
CMD      : M104 S220
TRUST    : acc_cmd=0.000 | acc_exec=0.333 | trust=0.084
DECISION : PAUSE
MACHINE  : Machine-3
------------------------------------------------------------
[SEQ 393] [STATIC-BASELINE]
CMD      : M104 | effects={'M': 104.0, 'S': 220.0, 'prev_temp': 200.0}
DECISION : ALLOW
------------------------------------------------------------
[SEQ 393] [IEEE-BASELINE]
SCORE    : anomaly_score=17.116
DECISION : ALLOW
------------------------------------------------------------
[SEQ 394] [LAYER 0]
CMD      : M104 S200
TRUST    : acc_cmd=0.000 | acc_exec=0.333 | trust=0.083
DECISION : PAUSE
MACHINE  : Machine-3
------------------------------------------------------------
[SEQ 394] [STATIC-BASELINE]
CMD      : M104 | effects={'M': 104.0, 'S': 200.0, 'prev_temp': 220.0}
DECISION : ALLOW
------------------------------------------------------------
[SEQ 394] [IEEE-BASELINE]
SCORE    : anomaly_score=17.405
DECISION : ALLOW
------------------------------------------------------------
[SEQ 395] [LAYER 0]
CMD      : G1 X168.157 Y120.524 E10.43392
TRUST    : acc_cmd=0.000 | acc_exec=0.000 | trust=0.168
DECISION : PAUSE
MACHINE  : Machine-3
------------------------------------------------------------
[SEQ 395] [STATIC-BASELINE]
CMD      : G1 | effects={'dx': 6.729000000000013, 'dy': 1.1059999999999945, 'dz': 0.0, 'de': 0.19223999999999997, 'xy_dist': 6.81928713283142, 'params': {'G': 1.0, 'X': 168.157, 'Y': 120.524, 'E': 10.43392}}
DECISION : ALLOW
------------------------------------------------------------
[SEQ 395] [IEEE-BASELINE]
SCORE    : anomaly_score=15.664
DECISION : ALLOW
------------------------------------------------------------
[SEQ 396] [LAYER 0]
CMD      : M104 S220
TRUST    : acc_cmd=0.000 | acc_exec=0.333 | trust=0.157
DECISION : PAUSE
MACHINE  : Machine-3
------------------------------------------------------------
[SEQ 396] [STATIC-BASELINE]
CMD      : M104 | effects={'M': 104.0, 'S': 220.0, 'prev_temp': 200.0}
DECISION : ALLOW
------------------------------------------------------------
[SEQ 396] [IEEE-BASELINE]
SCORE    : anomaly_score=16.098
DECISION : ALLOW
------------------------------------------------------------
[SEQ 397] [LAYER 0]
CMD      : G1 X167.44 Y122.063 E10.46615
TRUST    : acc_cmd=0.000 | acc_exec=0.000 | trust=0.255
DECISION : PAUSE
MACHINE  : Machine-3
------------------------------------------------------------
[SEQ 397] [STATIC-BASELINE]
CMD      : G1 | effects={'dx': -0.717000000000013, 'dy': 1.5390000000000015, 'dz': 0.0, 'de': 0.0322300000000002, 'xy_dist': 1.6978250793294412, 'params': {'G': 1.0, 'X': 167.44, 'Y': 122.063, 'E': 10.46615}}
DECISION : ALLOW
------------------------------------------------------------
[SEQ 397] [IEEE-BASELINE]
SCORE    : anomaly_score=14.488
DECISION : ALLOW
------------------------------------------------------------
[SEQ 398] [LAYER 0]
CMD      : G1 X166.749 Y122.659 E10.48332
TRUST    : acc_cmd=0.000 | acc_exec=0.000 | trust=0.405
DECISION : PAUSE
MACHINE  : Machine-3
------------------------------------------------------------
[SEQ 398] [STATIC-BASELINE]
CMD      : G1 | effects={'dx': -0.6910000000000025, 'dy': 0.5960000000000036, 'dz': 0.0, 'de': 0.01717000000000013, 'xy_dist': 0.9125223284939431, 'params': {'G': 1.0, 'X': 166.749, 'Y': 122.659, 'E': 10.48332}}
DECISION : ALLOW
------------------------------------------------------------
[SEQ 398] [IEEE-BASELINE]
SCORE    : anomaly_score=13.039
DECISION : ALLOW
------------------------------------------------------------
[SEQ 399] [LAYER 0]
CMD      : M104 S200
TRUST    : acc_cmd=0.000 | acc_exec=0.333 | trust=0.308
DECISION : PAUSE
MACHINE  : Machine-3
------------------------------------------------------------
[SEQ 399] [STATIC-BASELINE]
CMD      : M104 | effects={'M': 104.0, 'S': 200.0, 'prev_temp': 220.0}
DECISION : ALLOW
------------------------------------------------------------
[SEQ 399] [IEEE-BASELINE]
SCORE    : anomaly_score=13.735
DECISION : ALLOW
------------------------------------------------------------
[SEQ 400] [LAYER 0]
CMD      : G1 X165.487 Y123.156 E10.50899
TRUST    : acc_cmd=0.000 | acc_exec=0.000 | trust=0.381
DECISION : PAUSE
MACHINE  : Machine-3
------------------------------------------------------------
[SEQ 400] [STATIC-BASELINE]
CMD      : G1 | effects={'dx': -1.2620000000000005, 'dy': 0.4969999999999999, 'dz': 0.0, 'de': 0.02566999999999986, 'xy_dist': 1.3563380846971749, 'params': {'G': 1.0, 'X': 165.487, 'Y': 123.156, 'E': 10.50899}}
DECISION : ALLOW
------------------------------------------------------------
[SEQ 400] [IEEE-BASELINE]
SCORE    : anomaly_score=12.362
DECISION : ALLOW
------------------------------------------------------------
[SEQ 401] [LAYER 0]
CMD      : G1 X164.552 Y123.175 E10.52658
TRUST    : acc_cmd=0.000 | acc_exec=0.000 | trust=0.514
DECISION : ALLOW
MACHINE  : Machine-3
------------------------------------------------------------
[SEQ 401] [STATIC-BASELINE]
CMD      : G1 | effects={'dx': -0.9350000000000023, 'dy': 0.018999999999991246, 'dz': 0.0, 'de': 0.01758999999999844, 'xy_dist': 0.935193028203271, 'params': {'G': 1.0, 'X': 164.552, 'Y': 123.175, 'E': 10.52658}}
DECISION : ALLOW
------------------------------------------------------------
[SEQ 401] [IEEE-BASELINE]
SCORE    : anomaly_score=11.126
DECISION : ALLOW
------------------------------------------------------------
[SEQ 402] [LAYER 0]
CMD      : G1 X163.675 Y122.904 E10.54385
TRUST    : acc_cmd=0.000 | acc_exec=0.000 | trust=0.648
DECISION : ALLOW
MACHINE  : Machine-3
------------------------------------------------------------
[SEQ 402] [STATIC-BASELINE]
CMD      : G1 | effects={'dx': -0.8769999999999811, 'dy': -0.2710000000000008, 'dz': 0.0, 'de': 0.017270000000001673, 'xy_dist': 0.9179161181720078, 'params': {'G': 1.0, 'X': 163.675, 'Y': 122.904, 'E': 10.54385}}
DECISION : ALLOW
------------------------------------------------------------
[SEQ 402] [IEEE-BASELINE]
SCORE    : anomaly_score=10.013
DECISION : ALLOW
------------------------------------------------------------
[SEQ 403] [LAYER 0]
CMD      : G1 X162.827 Y122.364 E10.56276
TRUST    : acc_cmd=0.000 | acc_exec=0.000 | trust=0.759
DECISION : ALLOW
MACHINE  : Machine-3
------------------------------------------------------------
[SEQ 403] [STATIC-BASELINE]
CMD      : G1 | effects={'dx': -0.8480000000000132, 'dy': -0.539999999999992, 'dz': 0.0, 'de': 0.018909999999999982, 'xy_dist': 1.0053377541901098, 'params': {'G': 1.0, 'X': 162.827, 'Y': 122.364, 'E': 10.56276}}
DECISION : ALLOW
------------------------------------------------------------
[SEQ 403] [IEEE-BASELINE]
SCORE    : anomaly_score=9.012
DECISION : ALLOW
------------------------------------------------------------
[SEQ 404] [LAYER 0]
CMD      : M104 S220
TRUST    : acc_cmd=0.000 | acc_exec=0.333 | trust=0.501
DECISION : ALLOW
MACHINE  : Machine-3
------------------------------------------------------------
[SEQ 404] [STATIC-BASELINE]
CMD      : M104 | effects={'M': 104.0, 'S': 220.0, 'prev_temp': 200.0}
DECISION : ALLOW
------------------------------------------------------------
[SEQ 404] [IEEE-BASELINE]
SCORE    : anomaly_score=10.111
DECISION : ALLOW
------------------------------------------------------------
[SEQ 405] [LAYER 0]
CMD      : G1 X161.844 Y120.481 E10.60341
TRUST    : acc_cmd=0.000 | acc_exec=0.000 | trust=0.509
DECISION : ALLOW
MACHINE  : Machine-3
------------------------------------------------------------
[SEQ 405] [STATIC-BASELINE]
CMD      : G1 | effects={'dx': -0.9830000000000041, 'dy': -1.8830000000000098, 'dz': 0.0, 'de': 0.04064999999999941, 'xy_dist': 2.124141709020386, 'params': {'G': 1.0, 'X': 161.844, 'Y': 120.481, 'E': 10.60341}}
DECISION : ALLOW
------------------------------------------------------------
[SEQ 405] [IEEE-BASELINE]
SCORE    : anomaly_score=9.099
DECISION : ALLOW
------------------------------------------------------------
[SEQ 406] [LAYER 0]
CMD      : M104 S200
TRUST    : acc_cmd=0.000 | acc_exec=0.333 | trust=0.352
DECISION : PAUSE
MACHINE  : Machine-3
------------------------------------------------------------
[SEQ 406] [STATIC-BASELINE]
CMD      : M104 | effects={'M': 104.0, 'S': 200.0, 'prev_temp': 220.0}
DECISION : ALLOW
------------------------------------------------------------
[SEQ 406] [IEEE-BASELINE]
SCORE    : anomaly_score=10.190
DECISION : ALLOW
------------------------------------------------------------
[SEQ 407] [LAYER 0]
CMD      : G1 X162.167 Y118.559 E10.64069
TRUST    : acc_cmd=0.000 | acc_exec=0.000 | trust=0.400
DECISION : PAUSE
MACHINE  : Machine-3
------------------------------------------------------------
[SEQ 407] [STATIC-BASELINE]
CMD      : G1 | effects={'dx': 0.3230000000000075, 'dy': -1.921999999999997, 'dz': 0.0, 'de': 0.03727999999999909, 'xy_dist': 1.948951769541769, 'params': {'G': 1.0, 'X': 162.167, 'Y': 118.559, 'E': 10.64069}}
DECISION : ALLOW
------------------------------------------------------------
[SEQ 407] [IEEE-BASELINE]
SCORE    : anomaly_score=9.171
DECISION : ALLOW
------------------------------------------------------------
[SEQ 408] [LAYER 0]
CMD      : M104 S220
TRUST    : acc_cmd=0.000 | acc_exec=0.333 | trust=0.293
DECISION : PAUSE
MACHINE  : Machine-3
------------------------------------------------------------
[SEQ 408] [STATIC-BASELINE]
CMD      : M104 | effects={'M': 104.0, 'S': 220.0, 'prev_temp': 200.0}
DECISION : ALLOW
------------------------------------------------------------
[SEQ 408] [IEEE-BASELINE]
SCORE    : anomaly_score=10.254
DECISION : ALLOW
------------------------------------------------------------
[SEQ 409] [LAYER 0]
CMD      : G0 F3600 X162.709 Y118.424
TRUST    : acc_cmd=0.000 | acc_exec=0.000 | trust=0.361
DECISION : PAUSE
MACHINE  : Machine-3
------------------------------------------------------------
[SEQ 409] [STATIC-BASELINE]
CMD      : G0 | effects={'dx': 0.5420000000000016, 'dy': -0.1349999999999909, 'dz': 0.0, 'de': 0.0, 'xy_dist': 0.5585597550844487, 'params': {'G': 0.0, 'F': 3600.0, 'X': 162.709, 'Y': 118.424}}
DECISION : ALLOW
------------------------------------------------------------
[SEQ 409] [IEEE-BASELINE]
SCORE    : anomaly_score=9.228
DECISION : ALLOW
------------------------------------------------------------
[SEQ 410] [LAYER 0]
CMD      : M104 S200
TRUST    : acc_cmd=0.000 | acc_exec=0.333 | trust=0.273
DECISION : PAUSE
MACHINE  : Machine-3
------------------------------------------------------------
[SEQ 410] [STATIC-BASELINE]
CMD      : M104 | effects={'M': 104.0, 'S': 200.0, 'prev_temp': 220.0}
DECISION : ALLOW
------------------------------------------------------------
[SEQ 410] [IEEE-BASELINE]
SCORE    : anomaly_score=10.305
DECISION : ALLOW
------------------------------------------------------------
[SEQ 411] [LAYER 0]
CMD      : M104 S220
TRUST    : acc_cmd=0.000 | acc_exec=0.333 | trust=0.197
DECISION : PAUSE
MACHINE  : Machine-3
------------------------------------------------------------
[SEQ 411] [STATIC-BASELINE]
CMD      : M104 | effects={'M': 104.0, 'S': 220.0, 'prev_temp': 200.0}
DECISION : ALLOW
------------------------------------------------------------
[SEQ 411] [IEEE-BASELINE]
SCORE    : anomaly_score=11.275
DECISION : ALLOW
------------------------------------------------------------
[SEQ 412] [LAYER 0]
CMD      : G1 X164.548 Y117.246 E10.69183
TRUST    : acc_cmd=0.000 | acc_exec=0.000 | trust=0.268
DECISION : PAUSE
MACHINE  : Machine-3
------------------------------------------------------------
[SEQ 412] [STATIC-BASELINE]
CMD      : G1 | effects={'dx': 1.8389999999999986, 'dy': -1.1780000000000115, 'dz': 0.0, 'de': 0.051140000000000185, 'xy_dist': 2.1839425358740603, 'params': {'G': 1.0, 'X': 164.548, 'Y': 117.246, 'E': 10.69183}}
DECISION : ALLOW
------------------------------------------------------------
[SEQ 412] [IEEE-BASELINE]
SCORE    : anomaly_score=10.147
DECISION : ALLOW
------------------------------------------------------------
[SEQ 413] [LAYER 0]
CMD      : M104 S200
TRUST    : acc_cmd=0.000 | acc_exec=0.333 | trust=0.217
DECISION : PAUSE
MACHINE  : Machine-3
------------------------------------------------------------
[SEQ 413] [STATIC-BASELINE]
CMD      : M104 | effects={'M': 104.0, 'S': 200.0, 'prev_temp': 220.0}
DECISION : ALLOW
------------------------------------------------------------
[SEQ 413] [IEEE-BASELINE]
SCORE    : anomaly_score=11.133
DECISION : ALLOW
------------------------------------------------------------
[SEQ 414] [LAYER 0]
CMD      : M104 S220
TRUST    : acc_cmd=0.000 | acc_exec=0.333 | trust=0.167
DECISION : PAUSE
MACHINE  : Machine-3
------------------------------------------------------------
[SEQ 414] [STATIC-BASELINE]
CMD      : M104 | effects={'M': 104.0, 'S': 220.0, 'prev_temp': 200.0}
DECISION : ALLOW
------------------------------------------------------------
[SEQ 414] [IEEE-BASELINE]
SCORE    : anomaly_score=12.019
DECISION : ALLOW
------------------------------------------------------------
[SEQ 415] [LAYER 0]
CMD      : G1 X166.738 Y117.792 E10.73529
TRUST    : acc_cmd=0.000 | acc_exec=0.000 | trust=0.246
DECISION : PAUSE
MACHINE  : Machine-3
------------------------------------------------------------
[SEQ 415] [STATIC-BASELINE]
CMD      : G1 | effects={'dx': 2.1899999999999977, 'dy': 0.5460000000000065, 'dz': 0.0, 'de': 0.043460000000001386, 'xy_dist': 2.257036995709197, 'params': {'G': 1.0, 'X': 166.738, 'Y': 117.792, 'E': 10.73529}}
DECISION : ALLOW
------------------------------------------------------------
[SEQ 415] [IEEE-BASELINE]
SCORE    : anomaly_score=10.817
DECISION : ALLOW
------------------------------------------------------------
[SEQ 416] [LAYER 0]
CMD      : M104 S200
TRUST    : acc_cmd=0.000 | acc_exec=0.333 | trust=0.205
DECISION : PAUSE
MACHINE  : Machine-3
------------------------------------------------------------
[SEQ 416] [STATIC-BASELINE]
CMD      : M104 | effects={'M': 104.0, 'S': 200.0, 'prev_temp': 220.0}
DECISION : ALLOW
------------------------------------------------------------
[SEQ 416] [IEEE-BASELINE]
SCORE    : anomaly_score=11.736
DECISION : ALLOW
------------------------------------------------------------
[SEQ 417] [LAYER 0]
CMD      : M104 S220
TRUST    : acc_cmd=0.000 | acc_exec=0.333 | trust=0.160
DECISION : PAUSE
MACHINE  : Machine-3
------------------------------------------------------------
[SEQ 417] [STATIC-BASELINE]
CMD      : M104 | effects={'M': 104.0, 'S': 220.0, 'prev_temp': 200.0}
DECISION : ALLOW
------------------------------------------------------------
[SEQ 417] [IEEE-BASELINE]
SCORE    : anomaly_score=12.562
DECISION : ALLOW
------------------------------------------------------------
[SEQ 418] [LAYER 0]
CMD      : M104 S200
TRUST    : acc_cmd=0.000 | acc_exec=0.333 | trust=0.129
DECISION : PAUSE
MACHINE  : Machine-3
------------------------------------------------------------
[SEQ 418] [STATIC-BASELINE]
CMD      : M104 | effects={'M': 104.0, 'S': 200.0, 'prev_temp': 220.0}
DECISION : ALLOW
------------------------------------------------------------
[SEQ 418] [IEEE-BASELINE]
SCORE    : anomaly_score=13.306
DECISION : ALLOW
------------------------------------------------------------
[SEQ 419] [LAYER 0]
CMD      : M104 S220
TRUST    : acc_cmd=0.000 | acc_exec=0.333 | trust=0.110
DECISION : PAUSE
MACHINE  : Machine-3
------------------------------------------------------------
[SEQ 419] [STATIC-BASELINE]
CMD      : M104 | effects={'M': 104.0, 'S': 220.0, 'prev_temp': 200.0}
DECISION : ALLOW
------------------------------------------------------------
[SEQ 419] [IEEE-BASELINE]
SCORE    : anomaly_score=13.975
DECISION : ALLOW
------------------------------------------------------------
[SEQ 420] [LAYER 0]
CMD      : M104 S200
TRUST    : acc_cmd=0.000 | acc_exec=0.333 | trust=0.098
DECISION : PAUSE
MACHINE  : Machine-3
------------------------------------------------------------
[SEQ 420] [STATIC-BASELINE]
CMD      : M104 | effects={'M': 104.0, 'S': 200.0, 'prev_temp': 220.0}
DECISION : ALLOW
------------------------------------------------------------
[SEQ 420] [IEEE-BASELINE]
SCORE    : anomaly_score=14.578
DECISION : ALLOW
------------------------------------------------------------
[SEQ 421] [LAYER 0]
CMD      : M104 S220
TRUST    : acc_cmd=0.000 | acc_exec=0.333 | trust=0.092
DECISION : PAUSE
MACHINE  : Machine-3
------------------------------------------------------------
[SEQ 421] [STATIC-BASELINE]
CMD      : M104 | effects={'M': 104.0, 'S': 220.0, 'prev_temp': 200.0}
DECISION : ALLOW
------------------------------------------------------------
[SEQ 421] [IEEE-BASELINE]
SCORE    : anomaly_score=15.120
DECISION : ALLOW
------------------------------------------------------------
[SEQ 422] [LAYER 0]
CMD      : M104 S200
TRUST    : acc_cmd=0.000 | acc_exec=0.333 | trust=0.088
DECISION : PAUSE
MACHINE  : Machine-3
------------------------------------------------------------
[SEQ 422] [STATIC-BASELINE]
CMD      : M104 | effects={'M': 104.0, 'S': 200.0, 'prev_temp': 220.0}
DECISION : ALLOW
------------------------------------------------------------
[SEQ 422] [IEEE-BASELINE]
SCORE    : anomaly_score=15.608
DECISION : ALLOW
------------------------------------------------------------
[SEQ 423] [LAYER 0]
CMD      : M104 S220
TRUST    : acc_cmd=0.000 | acc_exec=0.333 | trust=0.085
DECISION : PAUSE
MACHINE  : Machine-3
------------------------------------------------------------
[SEQ 423] [STATIC-BASELINE]
CMD      : M104 | effects={'M': 104.0, 'S': 220.0, 'prev_temp': 200.0}
DECISION : ALLOW
------------------------------------------------------------
[SEQ 423] [IEEE-BASELINE]
SCORE    : anomaly_score=16.047
DECISION : ALLOW
------------------------------------------------------------
[SEQ 424] [LAYER 0]
CMD      : G1 X164.608 Y122.774 E10.87236
TRUST    : acc_cmd=0.000 | acc_exec=0.000 | trust=0.170
DECISION : PAUSE
MACHINE  : Machine-3
------------------------------------------------------------
[SEQ 424] [STATIC-BASELINE]
CMD      : G1 | effects={'dx': -2.1299999999999955, 'dy': 4.981999999999999, 'dz': 0.0, 'de': 0.13706999999999958, 'xy_dist': 5.418230707528056, 'params': {'G': 1.0, 'X': 164.608, 'Y': 122.774, 'E': 10.87236}}
DECISION : ALLOW
------------------------------------------------------------
[SEQ 424] [IEEE-BASELINE]
SCORE    : anomaly_score=14.442
DECISION : ALLOW
------------------------------------------------------------
[SEQ 425] [LAYER 0]
CMD      : M104 S200
TRUST    : acc_cmd=0.000 | acc_exec=0.333 | trust=0.158
DECISION : PAUSE
MACHINE  : Machine-3
------------------------------------------------------------
[SEQ 425] [STATIC-BASELINE]
CMD      : M104 | effects={'M': 104.0, 'S': 200.0, 'prev_temp': 220.0}
DECISION : ALLOW
------------------------------------------------------------
[SEQ 425] [IEEE-BASELINE]
SCORE    : anomaly_score=14.998
DECISION : ALLOW
------------------------------------------------------------
[SEQ 426] [LAYER 0]
CMD      : M104 S220
TRUST    : acc_cmd=0.000 | acc_exec=0.333 | trust=0.134
DECISION : PAUSE
MACHINE  : Machine-3
------------------------------------------------------------
[SEQ 426] [STATIC-BASELINE]
CMD      : M104 | effects={'M': 104.0, 'S': 220.0, 'prev_temp': 200.0}
DECISION : ALLOW
------------------------------------------------------------
[SEQ 426] [IEEE-BASELINE]
SCORE    : anomaly_score=15.498
DECISION : ALLOW
------------------------------------------------------------
[SEQ 427] [LAYER 0]
CMD      : G1 X162.473 Y121.233 E10.92357
TRUST    : acc_cmd=0.000 | acc_exec=0.000 | trust=0.220
DECISION : PAUSE
MACHINE  : Machine-3
------------------------------------------------------------
[SEQ 427] [STATIC-BASELINE]
CMD      : G1 | effects={'dx': -2.134999999999991, 'dy': -1.5409999999999968, 'dz': 0.0, 'de': 0.05120999999999931, 'xy_dist': 2.633041207425351, 'params': {'G': 1.0, 'X': 162.473, 'Y': 121.233, 'E': 10.92357}}
DECISION : ALLOW
------------------------------------------------------------
[SEQ 427] [IEEE-BASELINE]
SCORE    : anomaly_score=13.949
DECISION : ALLOW
------------------------------------------------------------
[SEQ 428] [LAYER 0]
CMD      : M104 S200
TRUST    : acc_cmd=0.000 | acc_exec=0.333 | trust=0.190
DECISION : PAUSE
MACHINE  : Machine-3
------------------------------------------------------------
[SEQ 428] [STATIC-BASELINE]
CMD      : M104 | effects={'M': 104.0, 'S': 200.0, 'prev_temp': 220.0}
DECISION : ALLOW
------------------------------------------------------------
[SEQ 428] [IEEE-BASELINE]
SCORE    : anomaly_score=14.554
DECISION : ALLOW
------------------------------------------------------------
[SEQ 429] [LAYER 0]
CMD      : M104 S220
TRUST    : acc_cmd=0.000 | acc_exec=0.333 | trust=0.153
DECISION : PAUSE
MACHINE  : Machine-3
------------------------------------------------------------
[SEQ 429] [STATIC-BASELINE]
CMD      : M104 | effects={'M': 104.0, 'S': 220.0, 'prev_temp': 200.0}
DECISION : ALLOW
------------------------------------------------------------
[SEQ 429] [IEEE-BASELINE]
SCORE    : anomaly_score=15.098
DECISION : ALLOW
------------------------------------------------------------
[SEQ 430] [LAYER 0]
CMD      : G1 X162.543 Y118.696 E10.97294
TRUST    : acc_cmd=0.000 | acc_exec=0.000 | trust=0.235
DECISION : PAUSE
MACHINE  : Machine-3
------------------------------------------------------------
[SEQ 430] [STATIC-BASELINE]
CMD      : G1 | effects={'dx': 0.06999999999999318, 'dy': -2.537000000000006, 'dz': 0.0, 'de': 0.04936999999999969, 'xy_dist': 2.5379655238005165, 'params': {'G': 1.0, 'X': 162.543, 'Y': 118.696, 'E': 10.97294}}
DECISION : ALLOW
------------------------------------------------------------
[SEQ 430] [IEEE-BASELINE]
SCORE    : anomaly_score=13.589
DECISION : ALLOW
------------------------------------------------------------
[SEQ 431] [LAYER 0]
CMD      : M104 S200
TRUST    : acc_cmd=0.000 | acc_exec=0.333 | trust=0.199
DECISION : PAUSE
MACHINE  : Machine-3
------------------------------------------------------------
[SEQ 431] [STATIC-BASELINE]
CMD      : M104 | effects={'M': 104.0, 'S': 200.0, 'prev_temp': 220.0}
DECISION : ALLOW
------------------------------------------------------------
[SEQ 431] [IEEE-BASELINE]
SCORE    : anomaly_score=14.230
DECISION : ALLOW
------------------------------------------------------------
[SEQ 432] [LAYER 0]
CMD      : M104 S220
TRUST    : acc_cmd=0.000 | acc_exec=0.333 | trust=0.157
DECISION : PAUSE
MACHINE  : Machine-3
------------------------------------------------------------
[SEQ 432] [STATIC-BASELINE]
CMD      : M104 | effects={'M': 104.0, 'S': 220.0, 'prev_temp': 200.0}
DECISION : ALLOW
------------------------------------------------------------
[SEQ 432] [IEEE-BASELINE]
SCORE    : anomaly_score=14.807
DECISION : ALLOW
------------------------------------------------------------
[SEQ 433] [LAYER 0]
CMD      : G1 F1800 X163.597 Y118.058 E10.99536
TRUST    : acc_cmd=0.000 | acc_exec=0.000 | trust=0.239
DECISION : PAUSE
MACHINE  : Machine-3
------------------------------------------------------------
[SEQ 433] [STATIC-BASELINE]
CMD      : G1 | effects={'dx': 1.054000000000002, 'dy': -0.637999999999991, 'dz': 0.0, 'de': 0.02242000000000033, 'xy_dist': 1.2320551935688566, 'params': {'G': 1.0, 'F': 1800.0, 'X': 163.597, 'Y': 118.058, 'E': 10.99536}}
DECISION : ALLOW
------------------------------------------------------------
[SEQ 433] [IEEE-BASELINE]
SCORE    : anomaly_score=13.326
DECISION : ALLOW
------------------------------------------------------------
[SEQ 434] [LAYER 0]
CMD      : G1 X164.274 Y117.727 E11.00953
TRUST    : acc_cmd=0.000 | acc_exec=0.000 | trust=0.383
DECISION : PAUSE
MACHINE  : Machine-3
------------------------------------------------------------
[SEQ 434] [STATIC-BASELINE]
CMD      : G1 | effects={'dx': 0.6769999999999925, 'dy': -0.33100000000000307, 'dz': 0.0, 'de': 0.014170000000000016, 'xy_dist': 0.7535847663003757, 'params': {'G': 1.0, 'X': 164.274, 'Y': 117.727, 'E': 11.00953}}
DECISION : ALLOW
------------------------------------------------------------
[SEQ 434] [IEEE-BASELINE]
SCORE    : anomaly_score=11.993
DECISION : ALLOW
------------------------------------------------------------
[SEQ 435] [LAYER 0]
CMD      : M104 S200
TRUST    : acc_cmd=0.000 | acc_exec=0.333 | trust=0.295
DECISION : PAUSE
MACHINE  : Machine-3
------------------------------------------------------------
[SEQ 435] [STATIC-BASELINE]
CMD      : M104 | effects={'M': 104.0, 'S': 200.0, 'prev_temp': 220.0}
DECISION : ALLOW
------------------------------------------------------------
[SEQ 435] [IEEE-BASELINE]
SCORE    : anomaly_score=12.794
DECISION : ALLOW
------------------------------------------------------------
[SEQ 436] [LAYER 0]
CMD      : M104 S220
TRUST    : acc_cmd=0.000 | acc_exec=0.333 | trust=0.211
DECISION : PAUSE
MACHINE  : Machine-3
------------------------------------------------------------
[SEQ 436] [STATIC-BASELINE]
CMD      : M104 | effects={'M': 104.0, 'S': 220.0, 'prev_temp': 200.0}
DECISION : ALLOW
------------------------------------------------------------
[SEQ 436] [IEEE-BASELINE]
SCORE    : anomaly_score=13.515
DECISION : ALLOW
------------------------------------------------------------
[SEQ 437] [LAYER 0]
CMD      : M104 S200
TRUST    : acc_cmd=0.000 | acc_exec=0.333 | trust=0.156
DECISION : PAUSE
MACHINE  : Machine-3
------------------------------------------------------------
[SEQ 437] [STATIC-BASELINE]
CMD      : M104 | effects={'M': 104.0, 'S': 200.0, 'prev_temp': 220.0}
DECISION : ALLOW
------------------------------------------------------------
[SEQ 437] [IEEE-BASELINE]
SCORE    : anomaly_score=14.163
DECISION : ALLOW
------------------------------------------------------------
[SEQ 438] [LAYER 0]
CMD      : G1 X166.481 Y118.108 E11.05317
TRUST    : acc_cmd=0.000 | acc_exec=0.000 | trust=0.231
DECISION : PAUSE
MACHINE  : Machine-3
------------------------------------------------------------
[SEQ 438] [STATIC-BASELINE]
CMD      : G1 | effects={'dx': 2.2069999999999936, 'dy': 0.3810000000000002, 'dz': 0.0, 'de': 0.0436399999999999, 'xy_dist': 2.23964506116482, 'params': {'G': 1.0, 'X': 166.481, 'Y': 118.108, 'E': 11.05317}}
DECISION : ALLOW
------------------------------------------------------------
[SEQ 438] [IEEE-BASELINE]
SCORE    : anomaly_score=12.747
DECISION : ALLOW
------------------------------------------------------------
[SEQ 439] [LAYER 0]
CMD      : M104 S220
TRUST    : acc_cmd=0.000 | acc_exec=0.333 | trust=0.195
DECISION : PAUSE
MACHINE  : Machine-3
------------------------------------------------------------
[SEQ 439] [STATIC-BASELINE]
CMD      : M104 | effects={'M': 104.0, 'S': 220.0, 'prev_temp': 200.0}
DECISION : ALLOW
------------------------------------------------------------
[SEQ 439] [IEEE-BASELINE]
SCORE    : anomaly_score=13.472
DECISION : ALLOW
------------------------------------------------------------
[SEQ 440] [LAYER 0]
CMD      : G1 X167.374 Y119.655 E11.08737
TRUST    : acc_cmd=0.000 | acc_exec=0.000 | trust=0.286
DECISION : PAUSE
MACHINE  : Machine-3
------------------------------------------------------------
[SEQ 440] [STATIC-BASELINE]
CMD      : G1 | effects={'dx': 0.8930000000000007, 'dy': 1.546999999999997, 'dz': 0.0, 'de': 0.03420000000000023, 'xy_dist': 1.7862413050873032, 'params': {'G': 1.0, 'X': 167.374, 'Y': 119.655, 'E': 11.08737}}
DECISION : ALLOW
------------------------------------------------------------
[SEQ 440] [IEEE-BASELINE]
SCORE    : anomaly_score=12.125
DECISION : ALLOW
------------------------------------------------------------
[SEQ 441] [LAYER 0]
CMD      : M104 S200
TRUST    : acc_cmd=0.000 | acc_exec=0.333 | trust=0.232
DECISION : PAUSE
MACHINE  : Machine-3
------------------------------------------------------------
[SEQ 441] [STATIC-BASELINE]
CMD      : M104 | effects={'M': 104.0, 'S': 200.0, 'prev_temp': 220.0}
DECISION : ALLOW
------------------------------------------------------------
[SEQ 441] [IEEE-BASELINE]
SCORE    : anomaly_score=12.912
DECISION : ALLOW
------------------------------------------------------------
[SEQ 442] [LAYER 0]
CMD      : M104 S220
TRUST    : acc_cmd=0.000 | acc_exec=0.333 | trust=0.175
DECISION : PAUSE
MACHINE  : Machine-3
------------------------------------------------------------
[SEQ 442] [STATIC-BASELINE]
CMD      : M104 | effects={'M': 104.0, 'S': 220.0, 'prev_temp': 200.0}
DECISION : ALLOW
------------------------------------------------------------
[SEQ 442] [IEEE-BASELINE]
SCORE    : anomaly_score=13.621
DECISION : ALLOW
------------------------------------------------------------
[SEQ 443] [LAYER 0]
CMD      : M104 S200
TRUST    : acc_cmd=0.000 | acc_exec=0.333 | trust=0.137
DECISION : PAUSE
MACHINE  : Machine-3
------------------------------------------------------------
[SEQ 443] [STATIC-BASELINE]
CMD      : M104 | effects={'M': 104.0, 'S': 200.0, 'prev_temp': 220.0}
DECISION : ALLOW
------------------------------------------------------------
[SEQ 443] [IEEE-BASELINE]
SCORE    : anomaly_score=14.259
DECISION : ALLOW
------------------------------------------------------------
[SEQ 444] [LAYER 0]
CMD      : G1 X166.279 Y122.015 E11.13888
TRUST    : acc_cmd=0.000 | acc_exec=0.000 | trust=0.216
DECISION : PAUSE
MACHINE  : Machine-3
------------------------------------------------------------
[SEQ 444] [STATIC-BASELINE]
CMD      : G1 | effects={'dx': -1.0949999999999989, 'dy': 2.3599999999999994, 'dz': 0.0, 'de': 0.05151000000000039, 'xy_dist': 2.601658125119439, 'params': {'G': 1.0, 'X': 166.279, 'Y': 122.015, 'E': 11.13888}}
DECISION : ALLOW
------------------------------------------------------------
[SEQ 444] [IEEE-BASELINE]
SCORE    : anomaly_score=12.833
DECISION : ALLOW
------------------------------------------------------------
[SEQ 445] [LAYER 0]
CMD      : M104 S220
TRUST    : acc_cmd=0.000 | acc_exec=0.333 | trust=0.187
DECISION : PAUSE
MACHINE  : Machine-3
------------------------------------------------------------
[SEQ 445] [STATIC-BASELINE]
CMD      : M104 | effects={'M': 104.0, 'S': 220.0, 'prev_temp': 200.0}
DECISION : ALLOW
------------------------------------------------------------
[SEQ 445] [IEEE-BASELINE]
SCORE    : anomaly_score=13.550
DECISION : ALLOW
------------------------------------------------------------
[SEQ 446] [LAYER 0]
CMD      : G1 X165.366 Y122.358 E11.15736
TRUST    : acc_cmd=0.000 | acc_exec=0.000 | trust=0.280
DECISION : PAUSE
MACHINE  : Machine-3
------------------------------------------------------------
[SEQ 446] [STATIC-BASELINE]
CMD      : G1 | effects={'dx': -0.9129999999999825, 'dy': 0.3430000000000035, 'dz': 0.0, 'de': 0.018480000000000274, 'xy_dist': 0.9753040551540686, 'params': {'G': 1.0, 'X': 165.366, 'Y': 122.358, 'E': 11.15736}}
DECISION : ALLOW
------------------------------------------------------------
[SEQ 446] [IEEE-BASELINE]
SCORE    : anomaly_score=12.195
DECISION : ALLOW
------------------------------------------------------------
[SEQ 447] [LAYER 0]
CMD      : G1 X164.663 Y122.373 E11.17059
TRUST    : acc_cmd=0.000 | acc_exec=0.000 | trust=0.427
DECISION : PAUSE
MACHINE  : Machine-3
------------------------------------------------------------
[SEQ 447] [STATIC-BASELINE]
CMD      : G1 | effects={'dx': -0.703000000000003, 'dy': 0.015000000000000568, 'dz': 0.0, 'de': 0.013230000000000075, 'xy_dist': 0.7031600102394933, 'params': {'G': 1.0, 'X': 164.663, 'Y': 122.373, 'E': 11.17059}}
DECISION : ALLOW
------------------------------------------------------------
[SEQ 447] [IEEE-BASELINE]
SCORE    : anomaly_score=10.975
DECISION : ALLOW
------------------------------------------------------------
[SEQ 448] [LAYER 0]
CMD      : M104 S200
TRUST    : acc_cmd=0.000 | acc_exec=0.333 | trust=0.321
DECISION : PAUSE
MACHINE  : Machine-3
------------------------------------------------------------
[SEQ 448] [STATIC-BASELINE]
CMD      : M104 | effects={'M': 104.0, 'S': 200.0, 'prev_temp': 220.0}
DECISION : ALLOW
------------------------------------------------------------
[SEQ 448] [IEEE-BASELINE]
SCORE    : anomaly_score=11.878
DECISION : ALLOW
------------------------------------------------------------
[SEQ 449] [LAYER 0]
CMD      : G1 X163.379 Y121.768 E11.19753
TRUST    : acc_cmd=0.000 | acc_exec=0.000 | trust=0.390
DECISION : PAUSE
MACHINE  : Machine-3
------------------------------------------------------------
[SEQ 449] [STATIC-BASELINE]
CMD      : G1 | effects={'dx': -1.2840000000000202, 'dy': -0.605000000000004, 'dz': 0.0, 'de': 0.026939999999999742, 'xy_dist': 1.419394589252776, 'params': {'G': 1.0, 'X': 163.379, 'Y': 121.768, 'E': 11.19753}}
DECISION : ALLOW
------------------------------------------------------------
[SEQ 449] [IEEE-BASELINE]
SCORE    : anomaly_score=10.690
DECISION : ALLOW
------------------------------------------------------------
[SEQ 450] [LAYER 0]
CMD      : M104 S220
TRUST    : acc_cmd=0.000 | acc_exec=0.333 | trust=0.290
DECISION : PAUSE
MACHINE  : Machine-3
------------------------------------------------------------
[SEQ 450] [STATIC-BASELINE]
CMD      : M104 | effects={'M': 104.0, 'S': 220.0, 'prev_temp': 200.0}
DECISION : ALLOW
------------------------------------------------------------
[SEQ 450] [IEEE-BASELINE]
SCORE    : anomaly_score=11.621
DECISION : ALLOW
------------------------------------------------------------
[SEQ 451] [LAYER 0]
CMD      : M104 S200
TRUST    : acc_cmd=0.000 | acc_exec=0.333 | trust=0.206
DECISION : PAUSE
MACHINE  : Machine-3
------------------------------------------------------------
[SEQ 451] [STATIC-BASELINE]
CMD      : M104 | effects={'M': 104.0, 'S': 200.0, 'prev_temp': 220.0}
DECISION : ALLOW
------------------------------------------------------------
[SEQ 451] [IEEE-BASELINE]
SCORE    : anomaly_score=12.459
DECISION : ALLOW
------------------------------------------------------------
[SEQ 452] [LAYER 0]
CMD      : M104 S220
TRUST    : acc_cmd=0.000 | acc_exec=0.333 | trust=0.153
DECISION : PAUSE
MACHINE  : Machine-3
------------------------------------------------------------
[SEQ 452] [STATIC-BASELINE]
CMD      : M104 | effects={'M': 104.0, 'S': 220.0, 'prev_temp': 200.0}
DECISION : ALLOW
------------------------------------------------------------
[SEQ 452] [IEEE-BASELINE]
SCORE    : anomaly_score=13.213
DECISION : ALLOW
------------------------------------------------------------
[SEQ 453] [LAYER 0]
CMD      : G1 X162.919 Y118.833 E11.25762
TRUST    : acc_cmd=0.000 | acc_exec=0.000 | trust=0.227
DECISION : PAUSE
MACHINE  : Machine-3
------------------------------------------------------------
[SEQ 453] [STATIC-BASELINE]
CMD      : G1 | effects={'dx': -0.45999999999997954, 'dy': -2.9350000000000023, 'dz': 0.0, 'de': 0.06008999999999887, 'xy_dist': 2.970829008879507, 'params': {'G': 1.0, 'X': 162.919, 'Y': 118.833, 'E': 11.25762}}
DECISION : ALLOW
------------------------------------------------------------
[SEQ 453] [IEEE-BASELINE]
SCORE    : anomaly_score=11.892
DECISION : ALLOW
------------------------------------------------------------
[SEQ 454] [LAYER 0]
CMD      : M104 S200
TRUST    : acc_cmd=0.000 | acc_exec=0.333 | trust=0.193
DECISION : PAUSE
MACHINE  : Machine-3
------------------------------------------------------------
[SEQ 454] [STATIC-BASELINE]
CMD      : M104 | effects={'M': 104.0, 'S': 200.0, 'prev_temp': 220.0}
DECISION : ALLOW
------------------------------------------------------------
[SEQ 454] [IEEE-BASELINE]
SCORE    : anomaly_score=12.703
DECISION : ALLOW
------------------------------------------------------------
[SEQ 455] [LAYER 0]
CMD      : G0 F3600 X163.295 Y118.97
TRUST    : acc_cmd=0.000 | acc_exec=0.000 | trust=0.285
DECISION : PAUSE
MACHINE  : Machine-3
------------------------------------------------------------
[SEQ 455] [STATIC-BASELINE]
CMD      : G0 | effects={'dx': 0.37599999999997635, 'dy': 0.13700000000000045, 'dz': 0.0, 'de': 0.0, 'xy_dist': 0.40018120895412157, 'params': {'G': 0.0, 'F': 3600.0, 'X': 163.295, 'Y': 118.97}}
DECISION : ALLOW
------------------------------------------------------------
[SEQ 455] [IEEE-BASELINE]
SCORE    : anomaly_score=11.432
DECISION : ALLOW
------------------------------------------------------------
[SEQ 456] [LAYER 0]
CMD      : G1 F1800 X163.841 Y118.384 E11.27569
TRUST    : acc_cmd=0.000 | acc_exec=0.000 | trust=0.431
DECISION : PAUSE
MACHINE  : Machine-3
------------------------------------------------------------
[SEQ 456] [STATIC-BASELINE]
CMD      : G1 | effects={'dx': 0.5460000000000207, 'dy': -0.5859999999999985, 'dz': 0.0, 'de': 0.018070000000001585, 'xy_dist': 0.8009444425177197, 'params': {'G': 1.0, 'F': 1800.0, 'X': 163.841, 'Y': 118.384, 'E': 11.27569}}
DECISION : ALLOW
------------------------------------------------------------
[SEQ 456] [IEEE-BASELINE]
SCORE    : anomaly_score=10.289
DECISION : ALLOW
------------------------------------------------------------
[SEQ 457] [LAYER 0]
CMD      : G1 X164.45 Y118.086 E11.28844
TRUST    : acc_cmd=0.000 | acc_exec=0.000 | trust=0.582
DECISION : ALLOW
MACHINE  : Machine-3
------------------------------------------------------------
[SEQ 457] [STATIC-BASELINE]
CMD      : G1 | effects={'dx': 0.6089999999999804, 'dy': -0.2980000000000018, 'dz': 0.0, 'de': 0.012749999999998707, 'xy_dist': 0.6780007374627091, 'params': {'G': 1.0, 'X': 164.45, 'Y': 118.086, 'E': 11.28844}}
DECISION : ALLOW
------------------------------------------------------------
[SEQ 457] [IEEE-BASELINE]
SCORE    : anomaly_score=9.260
DECISION : ALLOW
------------------------------------------------------------
[SEQ 458] [LAYER 0]
CMD      : M104 S220
TRUST    : acc_cmd=0.000 | acc_exec=0.333 | trust=0.408
DECISION : PAUSE
MACHINE  : Machine-3
------------------------------------------------------------
[SEQ 458] [STATIC-BASELINE]
CMD      : M104 | effects={'M': 104.0, 'S': 220.0, 'prev_temp': 200.0}
DECISION : ALLOW
------------------------------------------------------------
[SEQ 458] [IEEE-BASELINE]
SCORE    : anomaly_score=10.334
DECISION : ALLOW
------------------------------------------------------------
[SEQ 459] [LAYER 0]
CMD      : M104 S200
TRUST    : acc_cmd=0.000 | acc_exec=0.333 | trust=0.269
DECISION : PAUSE
MACHINE  : Machine-3
------------------------------------------------------------
[SEQ 459] [STATIC-BASELINE]
CMD      : M104 | effects={'M': 104.0, 'S': 200.0, 'prev_temp': 220.0}
DECISION : ALLOW
------------------------------------------------------------
[SEQ 459] [IEEE-BASELINE]
SCORE    : anomaly_score=11.301
DECISION : ALLOW
------------------------------------------------------------
[SEQ 460] [LAYER 0]
CMD      : G1 X165.71 Y118.146 E11.3125
TRUST    : acc_cmd=0.000 | acc_exec=0.000 | trust=0.319
DECISION : PAUSE
MACHINE  : Machine-3
------------------------------------------------------------
[SEQ 460] [STATIC-BASELINE]
CMD      : G1 | effects={'dx': 1.2600000000000193, 'dy': 0.060000000000002274, 'dz': 0.0, 'de': 0.024060000000000414, 'xy_dist': 1.2614277624977377, 'params': {'G': 1.0, 'X': 165.71, 'Y': 118.146, 'E': 11.3125}}
DECISION : ALLOW
------------------------------------------------------------
[SEQ 460] [IEEE-BASELINE]
SCORE    : anomaly_score=10.171
DECISION : ALLOW
------------------------------------------------------------
[SEQ 461] [LAYER 0]
CMD      : G1 X166.226 Y118.425 E11.32353
TRUST    : acc_cmd=0.000 | acc_exec=0.000 | trust=0.449
DECISION : PAUSE
MACHINE  : Machine-3
------------------------------------------------------------
[SEQ 461] [STATIC-BASELINE]
CMD      : G1 | effects={'dx': 0.5159999999999911, 'dy': 0.27899999999999636, 'dz': 0.0, 'de': 0.011029999999999873, 'xy_dist': 0.586597817929788, 'params': {'G': 1.0, 'X': 166.226, 'Y': 118.425, 'E': 11.32353}}
DECISION : ALLOW
------------------------------------------------------------
[SEQ 461] [IEEE-BASELINE]
SCORE    : anomaly_score=9.154
DECISION : ALLOW
------------------------------------------------------------
[SEQ 462] [LAYER 0]
CMD      : G1 X166.728 Y119.01 E11.33803
TRUST    : acc_cmd=0.000 | acc_exec=0.000 | trust=0.592
DECISION : ALLOW
MACHINE  : Machine-3
------------------------------------------------------------
[SEQ 462] [STATIC-BASELINE]
CMD      : G1 | effects={'dx': 0.5020000000000095, 'dy': 0.585000000000008, 'dz': 0.0, 'de': 0.014499999999999957, 'xy_dist': 0.7708625039525655, 'params': {'G': 1.0, 'X': 166.728, 'Y': 119.01, 'E': 11.33803}}
DECISION : ALLOW
------------------------------------------------------------
[SEQ 462] [IEEE-BASELINE]
SCORE    : anomaly_score=8.238
DECISION : ALLOW
------------------------------------------------------------
[SEQ 463] [LAYER 0]
CMD      : G1 X166.973 Y119.718 E11.35212
TRUST    : acc_cmd=0.000 | acc_exec=0.000 | trust=0.716
DECISION : ALLOW
MACHINE  : Machine-3
------------------------------------------------------------
[SEQ 463] [STATIC-BASELINE]
CMD      : G1 | effects={'dx': 0.24500000000000455, 'dy': 0.7079999999999984, 'dz': 0.0, 'de': 0.014089999999999492, 'xy_dist': 0.7491922316735539, 'params': {'G': 1.0, 'X': 166.973, 'Y': 119.718, 'E': 11.35212}}
DECISION : ALLOW
------------------------------------------------------------
[SEQ 463] [IEEE-BASELINE]
SCORE    : anomaly_score=7.414
DECISION : ALLOW
------------------------------------------------------------
[SEQ 464] [LAYER 0]
CMD      : M104 S220
TRUST    : acc_cmd=0.000 | acc_exec=0.333 | trust=0.479
DECISION : PAUSE
MACHINE  : Machine-3
------------------------------------------------------------
[SEQ 464] [STATIC-BASELINE]
CMD      : M104 | effects={'M': 104.0, 'S': 220.0, 'prev_temp': 200.0}
DECISION : ALLOW
------------------------------------------------------------
[SEQ 464] [IEEE-BASELINE]
SCORE    : anomaly_score=8.673
DECISION : ALLOW
------------------------------------------------------------
[SEQ 465] [LAYER 0]
CMD      : M104 S200
TRUST    : acc_cmd=0.000 | acc_exec=0.333 | trust=0.303
DECISION : PAUSE
MACHINE  : Machine-3
------------------------------------------------------------
[SEQ 465] [STATIC-BASELINE]
CMD      : M104 | effects={'M': 104.0, 'S': 200.0, 'prev_temp': 220.0}
DECISION : ALLOW
------------------------------------------------------------
[SEQ 465] [IEEE-BASELINE]
SCORE    : anomaly_score=9.806
DECISION : ALLOW
------------------------------------------------------------
[SEQ 466] [LAYER 0]
CMD      : G1 X166.52 Y121.274 E11.38341
TRUST    : acc_cmd=0.000 | acc_exec=0.000 | trust=0.340
DECISION : PAUSE
MACHINE  : Machine-3
------------------------------------------------------------
[SEQ 466] [STATIC-BASELINE]
CMD      : G1 | effects={'dx': -0.45300000000000296, 'dy': 1.5559999999999974, 'dz': 0.0, 'de': 0.03129000000000026, 'xy_dist': 1.620600197457718, 'params': {'G': 1.0, 'X': 166.52, 'Y': 121.274, 'E': 11.38341}}
DECISION : ALLOW
------------------------------------------------------------
[SEQ 466] [IEEE-BASELINE]
SCORE    : anomaly_score=8.825
DECISION : ALLOW
------------------------------------------------------------
[SEQ 467] [LAYER 0]
CMD      : G1 X166.016 Y121.714 E11.39599
TRUST    : acc_cmd=0.000 | acc_exec=0.000 | trust=0.464
DECISION : PAUSE
MACHINE  : Machine-3
------------------------------------------------------------
[SEQ 467] [STATIC-BASELINE]
CMD      : G1 | effects={'dx': -0.5040000000000191, 'dy': 0.4399999999999977, 'dz': 0.0, 'de': 0.012579999999999814, 'xy_dist': 0.6690411048657752, 'params': {'G': 1.0, 'X': 166.016, 'Y': 121.714, 'E': 11.39599}}
DECISION : ALLOW
------------------------------------------------------------
[SEQ 467] [IEEE-BASELINE]
SCORE    : anomaly_score=7.943
DECISION : ALLOW
------------------------------------------------------------
[SEQ 468] [LAYER 0]
CMD      : M104 S220
TRUST    : acc_cmd=0.000 | acc_exec=0.333 | trust=0.339
DECISION : PAUSE
MACHINE  : Machine-3
------------------------------------------------------------
[SEQ 468] [STATIC-BASELINE]
CMD      : M104 | effects={'M': 104.0, 'S': 220.0, 'prev_temp': 200.0}
DECISION : ALLOW
------------------------------------------------------------
[SEQ 468] [IEEE-BASELINE]
SCORE    : anomaly_score=9.148
DECISION : ALLOW
------------------------------------------------------------
[SEQ 469] [LAYER 0]
CMD      : M104 S200
TRUST    : acc_cmd=0.000 | acc_exec=0.333 | trust=0.233
DECISION : PAUSE
MACHINE  : Machine-3
------------------------------------------------------------
[SEQ 469] [STATIC-BASELINE]
CMD      : M104 | effects={'M': 104.0, 'S': 200.0, 'prev_temp': 220.0}
DECISION : ALLOW
------------------------------------------------------------
[SEQ 469] [IEEE-BASELINE]
SCORE    : anomaly_score=10.234
DECISION : ALLOW
------------------------------------------------------------
[SEQ 470] [LAYER 0]
CMD      : M104 S220
TRUST    : acc_cmd=0.000 | acc_exec=0.333 | trust=0.167
DECISION : PAUSE
MACHINE  : Machine-3
------------------------------------------------------------
[SEQ 470] [STATIC-BASELINE]
CMD      : M104 | effects={'M': 104.0, 'S': 220.0, 'prev_temp': 200.0}
DECISION : ALLOW
------------------------------------------------------------
[SEQ 470] [IEEE-BASELINE]
SCORE    : anomaly_score=11.210
DECISION : ALLOW
------------------------------------------------------------
[SEQ 471] [LAYER 0]
CMD      : G1 X164.181 Y121.805 E11.43183
TRUST    : acc_cmd=0.000 | acc_exec=0.000 | trust=0.238
DECISION : PAUSE
MACHINE  : Machine-3
------------------------------------------------------------
[SEQ 471] [STATIC-BASELINE]
CMD      : G1 | effects={'dx': -1.8349999999999795, 'dy': 0.09100000000000819, 'dz': 0.0, 'de': 0.035840000000000316, 'xy_dist': 1.8372550176826097, 'params': {'G': 1.0, 'X': 164.181, 'Y': 121.805, 'E': 11.43183}}
DECISION : ALLOW
------------------------------------------------------------
[SEQ 471] [IEEE-BASELINE]
SCORE    : anomaly_score=10.089
DECISION : ALLOW
------------------------------------------------------------
[SEQ 472] [LAYER 0]
CMD      : G1 X163.655 Y121.47 E11.44356
TRUST    : acc_cmd=0.000 | acc_exec=0.000 | trust=0.378
DECISION : PAUSE
MACHINE  : Machine-3
------------------------------------------------------------
[SEQ 472] [STATIC-BASELINE]
CMD      : G1 | effects={'dx': -0.5260000000000105, 'dy': -0.33500000000000796, 'dz': 0.0, 'de': 0.011730000000000018, 'xy_dist': 0.6236192748785242, 'params': {'G': 1.0, 'X': 163.655, 'Y': 121.47, 'E': 11.44356}}
DECISION : ALLOW
------------------------------------------------------------
[SEQ 472] [IEEE-BASELINE]
SCORE    : anomaly_score=9.080
DECISION : ALLOW
------------------------------------------------------------
[SEQ 473] [LAYER 0]
CMD      : G1 X163.203 Y120.872 E11.45766
TRUST    : acc_cmd=0.000 | acc_exec=0.000 | trust=0.533
DECISION : ALLOW
MACHINE  : Machine-3
------------------------------------------------------------
[SEQ 473] [STATIC-BASELINE]
CMD      : G1 | effects={'dx': -0.4519999999999982, 'dy': -0.597999999999999, 'dz': 0.0, 'de': 0.01410000000000089, 'xy_dist': 0.7496052294374667, 'params': {'G': 1.0, 'X': 163.203, 'Y': 120.872, 'E': 11.45766}}
DECISION : ALLOW
------------------------------------------------------------
[SEQ 473] [IEEE-BASELINE]
SCORE    : anomaly_score=8.172
DECISION : ALLOW
------------------------------------------------------------
[SEQ 474] [LAYER 0]
CMD      : G1 X163.041 Y120.303 E11.46879
TRUST    : acc_cmd=0.000 | acc_exec=0.000 | trust=0.671
DECISION : ALLOW
MACHINE  : Machine-3
------------------------------------------------------------
[SEQ 474] [STATIC-BASELINE]
CMD      : G1 | effects={'dx': -0.16200000000000614, 'dy': -0.5690000000000026, 'dz': 0.0, 'de': 0.01112999999999964, 'xy_dist': 0.5916122040661475, 'params': {'G': 1.0, 'X': 163.041, 'Y': 120.303, 'E': 11.46879}}
DECISION : ALLOW
------------------------------------------------------------
[SEQ 474] [IEEE-BASELINE]
SCORE    : anomaly_score=7.355
DECISION : ALLOW
------------------------------------------------------------
[SEQ 475] [LAYER 0]
CMD      : M104 S200
TRUST    : acc_cmd=0.000 | acc_exec=0.333 | trust=0.456
DECISION : PAUSE
MACHINE  : Machine-3
------------------------------------------------------------
[SEQ 475] [STATIC-BASELINE]
CMD      : M104 | effects={'M': 104.0, 'S': 200.0, 'prev_temp': 220.0}
DECISION : ALLOW
------------------------------------------------------------
[SEQ 475] [IEEE-BASELINE]
SCORE    : anomaly_score=8.619
DECISION : ALLOW
------------------------------------------------------------
[SEQ 476] [LAYER 0]
CMD      : G1 X163.295 Y118.97 E11.49474
TRUST    : acc_cmd=0.000 | acc_exec=0.000 | trust=0.481
DECISION : PAUSE
MACHINE  : Machine-3
------------------------------------------------------------
[SEQ 476] [STATIC-BASELINE]
CMD      : G1 | effects={'dx': 0.2539999999999907, 'dy': -1.3329999999999984, 'dz': 0.0, 'de': 0.025949999999999918, 'xy_dist': 1.3569837876702842, 'params': {'G': 1.0, 'X': 163.295, 'Y': 118.97, 'E': 11.49474}}
DECISION : ALLOW
------------------------------------------------------------
[SEQ 476] [IEEE-BASELINE]
SCORE    : anomaly_score=7.758
DECISION : ALLOW
------------------------------------------------------------
[SEQ 477] [LAYER 0]
CMD      : G0 F3600 X163.949 Y119.441
TRUST    : acc_cmd=0.000 | acc_exec=0.000 | trust=0.587
DECISION : ALLOW
MACHINE  : Machine-3
------------------------------------------------------------
[SEQ 477] [STATIC-BASELINE]
CMD      : G0 | effects={'dx': 0.6540000000000248, 'dy': 0.47100000000000364, 'dz': 0.0, 'de': 0.0, 'xy_dist': 0.8059509910658562, 'params': {'G': 0.0, 'F': 3600.0, 'X': 163.949, 'Y': 119.441}}
DECISION : ALLOW
------------------------------------------------------------
[SEQ 477] [IEEE-BASELINE]
SCORE    : anomaly_score=6.982
DECISION : ALLOW
------------------------------------------------------------
[SEQ 478] [LAYER 0]
CMD      : M104 S220
TRUST    : acc_cmd=0.000 | acc_exec=0.333 | trust=0.407
DECISION : PAUSE
MACHINE  : Machine-3
------------------------------------------------------------
[SEQ 478] [STATIC-BASELINE]
CMD      : M104 | effects={'M': 104.0, 'S': 220.0, 'prev_temp': 200.0}
DECISION : ALLOW
------------------------------------------------------------
[SEQ 478] [IEEE-BASELINE]
SCORE    : anomaly_score=8.284
DECISION : ALLOW
------------------------------------------------------------
[SEQ 479] [LAYER 0]
CMD      : M104 S200
TRUST    : acc_cmd=0.000 | acc_exec=0.333 | trust=0.267
DECISION : PAUSE
MACHINE  : Machine-3
------------------------------------------------------------
[SEQ 479] [STATIC-BASELINE]
CMD      : M104 | effects={'M': 104.0, 'S': 200.0, 'prev_temp': 220.0}
DECISION : ALLOW
------------------------------------------------------------
[SEQ 479] [IEEE-BASELINE]
SCORE    : anomaly_score=9.455
DECISION : ALLOW
------------------------------------------------------------
[SEQ 480] [LAYER 0]
CMD      : G1 X165.125 Y118.815 E11.52113
TRUST    : acc_cmd=0.000 | acc_exec=0.000 | trust=0.317
DECISION : PAUSE
MACHINE  : Machine-3
------------------------------------------------------------
[SEQ 480] [STATIC-BASELINE]
CMD      : G1 | effects={'dx': 1.1759999999999877, 'dy': -0.6260000000000048, 'dz': 0.0, 'de': 0.026389999999999247, 'xy_dist': 1.3322357148793065, 'params': {'G': 1.0, 'X': 165.125, 'Y': 118.815, 'E': 11.52113}}
DECISION : ALLOW
------------------------------------------------------------
[SEQ 480] [IEEE-BASELINE]
SCORE    : anomaly_score=8.510
DECISION : ALLOW
------------------------------------------------------------
[SEQ 481] [LAYER 0]
CMD      : M104 S220
TRUST    : acc_cmd=0.000 | acc_exec=0.333 | trust=0.244
DECISION : PAUSE
MACHINE  : Machine-3
------------------------------------------------------------
[SEQ 481] [STATIC-BASELINE]
CMD      : M104 | effects={'M': 104.0, 'S': 220.0, 'prev_temp': 200.0}
DECISION : ALLOW
------------------------------------------------------------
[SEQ 481] [IEEE-BASELINE]
SCORE    : anomaly_score=9.659
DECISION : ALLOW
------------------------------------------------------------
[SEQ 482] [LAYER 0]
CMD      : G1 X165.759 Y119.081 E11.5342
TRUST    : acc_cmd=0.000 | acc_exec=0.000 | trust=0.323
DECISION : PAUSE
MACHINE  : Machine-3
------------------------------------------------------------
[SEQ 482] [STATIC-BASELINE]
CMD      : G1 | effects={'dx': 0.6339999999999861, 'dy': 0.26600000000000534, 'dz': 0.0, 'de': 0.013070000000000803, 'xy_dist': 0.687540544259017, 'params': {'G': 1.0, 'X': 165.759, 'Y': 119.081, 'E': 11.5342}}
DECISION : ALLOW
------------------------------------------------------------
[SEQ 482] [IEEE-BASELINE]
SCORE    : anomaly_score=8.693
DECISION : ALLOW
------------------------------------------------------------
[SEQ 483] [LAYER 0]
CMD      : M104 S200
TRUST    : acc_cmd=0.000 | acc_exec=0.333 | trust=0.252
DECISION : PAUSE
MACHINE  : Machine-3
------------------------------------------------------------
[SEQ 483] [STATIC-BASELINE]
CMD      : M104 | effects={'M': 104.0, 'S': 200.0, 'prev_temp': 220.0}
DECISION : ALLOW
------------------------------------------------------------
[SEQ 483] [IEEE-BASELINE]
SCORE    : anomaly_score=9.824
DECISION : ALLOW
------------------------------------------------------------
[SEQ 484] [LAYER 0]
CMD      : G1 X166.188 Y119.894 E11.55182
TRUST    : acc_cmd=0.000 | acc_exec=0.000 | trust=0.332
DECISION : PAUSE
MACHINE  : Machine-3
------------------------------------------------------------
[SEQ 484] [STATIC-BASELINE]
CMD      : G1 | effects={'dx': 0.42900000000000205, 'dy': 0.8130000000000024, 'dz': 0.0, 'de': 0.01761999999999908, 'xy_dist': 0.9192442548093547, 'params': {'G': 1.0, 'X': 166.188, 'Y': 119.894, 'E': 11.55182}}
DECISION : ALLOW
------------------------------------------------------------
[SEQ 484] [IEEE-BASELINE]
SCORE    : anomaly_score=8.841
DECISION : ALLOW
------------------------------------------------------------
[SEQ 485] [LAYER 0]
CMD      : M104 S220
TRUST    : acc_cmd=0.000 | acc_exec=0.333 | trust=0.258
DECISION : PAUSE
MACHINE  : Machine-3
------------------------------------------------------------
[SEQ 485] [STATIC-BASELINE]
CMD      : M104 | effects={'M': 104.0, 'S': 220.0, 'prev_temp': 200.0}
DECISION : ALLOW
------------------------------------------------------------
[SEQ 485] [IEEE-BASELINE]
SCORE    : anomaly_score=9.957
DECISION : ALLOW
------------------------------------------------------------
[SEQ 486] [LAYER 0]
CMD      : M104 S200
TRUST    : acc_cmd=0.000 | acc_exec=0.333 | trust=0.189
DECISION : PAUSE
MACHINE  : Machine-3
------------------------------------------------------------
[SEQ 486] [STATIC-BASELINE]
CMD      : M104 | effects={'M': 104.0, 'S': 200.0, 'prev_temp': 220.0}
DECISION : ALLOW
------------------------------------------------------------
[SEQ 486] [IEEE-BASELINE]
SCORE    : anomaly_score=10.961
DECISION : ALLOW
------------------------------------------------------------
[SEQ 487] [LAYER 0]
CMD      : M104 S220
TRUST    : acc_cmd=0.000 | acc_exec=0.333 | trust=0.144
DECISION : PAUSE
MACHINE  : Machine-3
------------------------------------------------------------
[SEQ 487] [STATIC-BASELINE]
CMD      : M104 | effects={'M': 104.0, 'S': 220.0, 'prev_temp': 200.0}
DECISION : ALLOW
------------------------------------------------------------
[SEQ 487] [IEEE-BASELINE]
SCORE    : anomaly_score=11.865
DECISION : ALLOW
------------------------------------------------------------
[SEQ 488] [LAYER 0]
CMD      : M104 S200
TRUST    : acc_cmd=0.000 | acc_exec=0.333 | trust=0.118
DECISION : PAUSE
MACHINE  : Machine-3
------------------------------------------------------------
[SEQ 488] [STATIC-BASELINE]
CMD      : M104 | effects={'M': 104.0, 'S': 200.0, 'prev_temp': 220.0}
DECISION : ALLOW
------------------------------------------------------------
[SEQ 488] [IEEE-BASELINE]
SCORE    : anomaly_score=12.679
DECISION : ALLOW
------------------------------------------------------------
[SEQ 489] [LAYER 0]
CMD      : G1 X165.272 Y121.16 E11.58376
TRUST    : acc_cmd=0.000 | acc_exec=0.000 | trust=0.198
DECISION : PAUSE
MACHINE  : Machine-3
------------------------------------------------------------
[SEQ 489] [STATIC-BASELINE]
CMD      : G1 | effects={'dx': -0.9159999999999968, 'dy': 1.2659999999999911, 'dz': 0.0, 'de': 0.031940000000000524, 'xy_dist': 1.562629834605743, 'params': {'G': 1.0, 'X': 165.272, 'Y': 121.16, 'E': 11.58376}}
DECISION : ALLOW
------------------------------------------------------------
[SEQ 489] [IEEE-BASELINE]
SCORE    : anomaly_score=11.411
DECISION : ALLOW
------------------------------------------------------------
[SEQ 490] [LAYER 0]
CMD      : M104 S220
TRUST    : acc_cmd=0.000 | acc_exec=0.333 | trust=0.176
DECISION : PAUSE
MACHINE  : Machine-3
------------------------------------------------------------
[SEQ 490] [STATIC-BASELINE]
CMD      : M104 | effects={'M': 104.0, 'S': 220.0, 'prev_temp': 200.0}
DECISION : ALLOW
------------------------------------------------------------
[SEQ 490] [IEEE-BASELINE]
SCORE    : anomaly_score=12.270
DECISION : ALLOW
------------------------------------------------------------
[SEQ 491] [LAYER 0]
CMD      : G1 X164.502 Y121.082 E11.59852
TRUST    : acc_cmd=0.000 | acc_exec=0.000 | trust=0.271
DECISION : PAUSE
MACHINE  : Machine-3
------------------------------------------------------------
[SEQ 491] [STATIC-BASELINE]
CMD      : G1 | effects={'dx': -0.7699999999999818, 'dy': -0.07800000000000296, 'dz': 0.0, 'de': 0.014760000000000773, 'xy_dist': 0.7739405661935369, 'params': {'G': 1.0, 'X': 164.502, 'Y': 121.082, 'E': 11.59852}}
DECISION : ALLOW
------------------------------------------------------------
[SEQ 491] [IEEE-BASELINE]
SCORE    : anomaly_score=11.043
DECISION : ALLOW
------------------------------------------------------------
[SEQ 492] [LAYER 0]
CMD      : M104 S200
TRUST    : acc_cmd=0.000 | acc_exec=0.333 | trust=0.223
DECISION : PAUSE
MACHINE  : Machine-3
------------------------------------------------------------
[SEQ 492] [STATIC-BASELINE]
CMD      : M104 | effects={'M': 104.0, 'S': 200.0, 'prev_temp': 220.0}
DECISION : ALLOW
------------------------------------------------------------
[SEQ 492] [IEEE-BASELINE]
SCORE    : anomaly_score=11.939
DECISION : ALLOW
------------------------------------------------------------
[SEQ 493] [LAYER 0]
CMD      : G1 X163.943 Y120.553 E11.61319
TRUST    : acc_cmd=0.000 | acc_exec=0.000 | trust=0.311
DECISION : PAUSE
MACHINE  : Machine-3
------------------------------------------------------------
[SEQ 493] [STATIC-BASELINE]
CMD      : G1 | effects={'dx': -0.5589999999999975, 'dy': -0.5289999999999964, 'dz': 0.0, 'de': 0.01466999999999885, 'xy_dist': 0.769624583806932, 'params': {'G': 1.0, 'X': 163.943, 'Y': 120.553, 'E': 11.61319}}
DECISION : ALLOW
------------------------------------------------------------
[SEQ 493] [IEEE-BASELINE]
SCORE    : anomaly_score=10.745
DECISION : ALLOW
------------------------------------------------------------
[SEQ 494] [LAYER 0]
CMD      : G1 X163.84 Y120.272 E11.61882
TRUST    : acc_cmd=0.000 | acc_exec=0.000 | trust=0.455
DECISION : PAUSE
MACHINE  : Machine-3
------------------------------------------------------------
[SEQ 494] [STATIC-BASELINE]
CMD      : G1 | effects={'dx': -0.10300000000000864, 'dy': -0.2809999999999917, 'dz': 0.0, 'de': 0.005630000000000024, 'xy_dist': 0.29928247526375, 'params': {'G': 1.0, 'X': 163.84, 'Y': 120.272, 'E': 11.61882}}
DECISION : ALLOW
------------------------------------------------------------
[SEQ 494] [IEEE-BASELINE]
SCORE    : anomaly_score=9.670
DECISION : ALLOW
------------------------------------------------------------
[SEQ 495] [LAYER 0]
CMD      : G1 X163.815 Y119.876 E11.62628
TRUST    : acc_cmd=0.000 | acc_exec=0.000 | trust=0.601
DECISION : ALLOW
MACHINE  : Machine-3
------------------------------------------------------------
[SEQ 495] [STATIC-BASELINE]
CMD      : G1 | effects={'dx': -0.025000000000005684, 'dy': -0.3960000000000008, 'dz': 0.0, 'de': 0.007460000000000022, 'xy_dist': 0.39678835668401474, 'params': {'G': 1.0, 'X': 163.815, 'Y': 119.876, 'E': 11.62628}}
DECISION : ALLOW
------------------------------------------------------------
[SEQ 495] [IEEE-BASELINE]
SCORE    : anomaly_score=8.703
DECISION : ALLOW
------------------------------------------------------------
[SEQ 496] [LAYER 0]
CMD      : M104 S220
TRUST    : acc_cmd=0.000 | acc_exec=0.333 | trust=0.419
DECISION : PAUSE
MACHINE  : Machine-3
------------------------------------------------------------
[SEQ 496] [STATIC-BASELINE]
CMD      : M104 | effects={'M': 104.0, 'S': 220.0, 'prev_temp': 200.0}
DECISION : ALLOW
------------------------------------------------------------
[SEQ 496] [IEEE-BASELINE]
SCORE    : anomaly_score=9.833
DECISION : ALLOW
------------------------------------------------------------
[SEQ 497] [LAYER 0]
CMD      : M104 S200
TRUST    : acc_cmd=0.000 | acc_exec=0.333 | trust=0.274
DECISION : PAUSE
MACHINE  : Machine-3
------------------------------------------------------------
[SEQ 497] [STATIC-BASELINE]
CMD      : M104 | effects={'M': 104.0, 'S': 200.0, 'prev_temp': 220.0}
DECISION : ALLOW
------------------------------------------------------------
[SEQ 497] [IEEE-BASELINE]
SCORE    : anomaly_score=10.850
DECISION : ALLOW
------------------------------------------------------------
[SEQ 498] [LAYER 0]
CMD      : G1 F1800 X164.085 Y118.71 E11.64704
TRUST    : acc_cmd=0.000 | acc_exec=0.000 | trust=0.322
DECISION : PAUSE
MACHINE  : Machine-3
------------------------------------------------------------
[SEQ 498] [STATIC-BASELINE]
CMD      : G1 | effects={'dx': 0.27000000000001023, 'dy': -1.166000000000011, 'dz': 0.0, 'de': 0.020760000000001, 'xy_dist': 1.1968525389537474, 'params': {'G': 1.0, 'F': 1800.0, 'X': 164.085, 'Y': 118.71, 'E': 11.64704}}
DECISION : ALLOW
------------------------------------------------------------
[SEQ 498] [IEEE-BASELINE]
SCORE    : anomaly_score=9.765
DECISION : ALLOW
------------------------------------------------------------
[SEQ 499] [LAYER 0]
CMD      : M104 S220
TRUST    : acc_cmd=0.000 | acc_exec=0.333 | trust=0.247
DECISION : PAUSE
MACHINE  : Machine-3
------------------------------------------------------------
[SEQ 499] [STATIC-BASELINE]
CMD      : M104 | effects={'M': 104.0, 'S': 220.0, 'prev_temp': 200.0}
DECISION : ALLOW
------------------------------------------------------------
[SEQ 499] [IEEE-BASELINE]
SCORE    : anomaly_score=10.788
DECISION : ALLOW
------------------------------------------------------------
[SEQ 500] [LAYER 0]
CMD      : M104 S200
TRUST    : acc_cmd=0.000 | acc_exec=0.333 | trust=0.182
DECISION : PAUSE
MACHINE  : Machine-3
------------------------------------------------------------
[SEQ 500] [STATIC-BASELINE]
CMD      : M104 | effects={'M': 104.0, 'S': 200.0, 'prev_temp': 220.0}
DECISION : ALLOW
------------------------------------------------------------
[SEQ 500] [IEEE-BASELINE]
SCORE    : anomaly_score=11.709
DECISION : ALLOW
------------------------------------------------------------
[SEQ 501] [LAYER 0]
CMD      : M104 S220
TRUST    : acc_cmd=0.000 | acc_exec=0.333 | trust=0.140
DECISION : PAUSE
MACHINE  : Machine-3
------------------------------------------------------------
[SEQ 501] [STATIC-BASELINE]
CMD      : M104 | effects={'M': 104.0, 'S': 220.0, 'prev_temp': 200.0}
DECISION : ALLOW
------------------------------------------------------------
[SEQ 501] [IEEE-BASELINE]
SCORE    : anomaly_score=12.538
DECISION : ALLOW
------------------------------------------------------------
[SEQ 502] [LAYER 0]
CMD      : G1 X165.971 Y118.742 E11.68499
TRUST    : acc_cmd=0.000 | acc_exec=0.000 | trust=0.218
DECISION : PAUSE
MACHINE  : Machine-3
------------------------------------------------------------
[SEQ 502] [STATIC-BASELINE]
CMD      : G1 | effects={'dx': 1.8859999999999957, 'dy': 0.03200000000001069, 'dz': 0.0, 'de': 0.03795000000000037, 'xy_dist': 1.8862714544836818, 'params': {'G': 1.0, 'X': 165.971, 'Y': 118.742, 'E': 11.68499}}
DECISION : ALLOW
------------------------------------------------------------
[SEQ 502] [IEEE-BASELINE]
SCORE    : anomaly_score=11.285
DECISION : ALLOW
------------------------------------------------------------
[SEQ 503] [LAYER 0]
CMD      : G1 X166.375 Y119.212 E11.69664
TRUST    : acc_cmd=0.000 | acc_exec=0.000 | trust=0.361
DECISION : PAUSE
MACHINE  : Machine-3
------------------------------------------------------------
[SEQ 503] [STATIC-BASELINE]
CMD      : G1 | effects={'dx': 0.40399999999999636, 'dy': 0.46999999999999886, 'dz': 0.0, 'de': 0.011649999999999494, 'xy_dist': 0.6197709254232535, 'params': {'G': 1.0, 'X': 166.375, 'Y': 119.212, 'E': 11.69664}}
DECISION : ALLOW
------------------------------------------------------------
[SEQ 503] [IEEE-BASELINE]
SCORE    : anomaly_score=10.156
DECISION : ALLOW
------------------------------------------------------------
[SEQ 504] [LAYER 0]
CMD      : G1 X166.572 Y119.782 E11.70799
TRUST    : acc_cmd=0.000 | acc_exec=0.000 | trust=0.519
DECISION : ALLOW
MACHINE  : Machine-3
------------------------------------------------------------
[SEQ 504] [STATIC-BASELINE]
CMD      : G1 | effects={'dx': 0.19700000000000273, 'dy': 0.5699999999999932, 'dz': 0.0, 'de': 0.011350000000000193, 'xy_dist': 0.6030829130393212, 'params': {'G': 1.0, 'X': 166.572, 'Y': 119.782, 'E': 11.70799}}
DECISION : ALLOW
------------------------------------------------------------
[SEQ 504] [IEEE-BASELINE]
SCORE    : anomaly_score=9.140
DECISION : ALLOW
------------------------------------------------------------
[SEQ 505] [LAYER 0]
CMD      : G1 X166.575 Y120.221 E11.71625
TRUST    : acc_cmd=0.000 | acc_exec=0.000 | trust=0.660
DECISION : ALLOW
MACHINE  : Machine-3
------------------------------------------------------------
[SEQ 505] [STATIC-BASELINE]
CMD      : G1 | effects={'dx': 0.002999999999985903, 'dy': 0.43900000000000716, 'dz': 0.0, 'de': 0.008259999999999934, 'xy_dist': 0.43901025044981146, 'params': {'G': 1.0, 'X': 166.575, 'Y': 120.221, 'E': 11.71625}}
DECISION : ALLOW
------------------------------------------------------------
[SEQ 505] [IEEE-BASELINE]
SCORE    : anomaly_score=8.226
DECISION : ALLOW
------------------------------------------------------------
[SEQ 506] [LAYER 0]
CMD      : M104 S200
TRUST    : acc_cmd=0.000 | acc_exec=0.333 | trust=0.450
DECISION : PAUSE
MACHINE  : Machine-3
------------------------------------------------------------
[SEQ 506] [STATIC-BASELINE]
CMD      : M104 | effects={'M': 104.0, 'S': 200.0, 'prev_temp': 220.0}
DECISION : ALLOW
------------------------------------------------------------
[SEQ 506] [IEEE-BASELINE]
SCORE    : anomaly_score=9.404
DECISION : ALLOW
------------------------------------------------------------
[SEQ 507] [LAYER 0]
CMD      : G1 X166.257 Y120.973 E11.73173
TRUST    : acc_cmd=0.000 | acc_exec=0.000 | trust=0.477
DECISION : PAUSE
MACHINE  : Machine-3
------------------------------------------------------------
[SEQ 507] [STATIC-BASELINE]
CMD      : G1 | effects={'dx': -0.31799999999998363, 'dy': 0.7519999999999953, 'dz': 0.0, 'de': 0.01548000000000016, 'xy_dist': 0.8164729021835216, 'params': {'G': 1.0, 'X': 166.257, 'Y': 120.973, 'E': 11.73173}}
DECISION : ALLOW
------------------------------------------------------------
[SEQ 507] [IEEE-BASELINE]
SCORE    : anomaly_score=8.463
DECISION : ALLOW
------------------------------------------------------------
[SEQ 508] [LAYER 0]
CMD      : M104 S220
TRUST    : acc_cmd=0.000 | acc_exec=0.333 | trust=0.336
DECISION : PAUSE
MACHINE  : Machine-3
------------------------------------------------------------
[SEQ 508] [STATIC-BASELINE]
CMD      : M104 | effects={'M': 104.0, 'S': 220.0, 'prev_temp': 200.0}
DECISION : ALLOW
------------------------------------------------------------
[SEQ 508] [IEEE-BASELINE]
SCORE    : anomaly_score=9.617
DECISION : ALLOW
------------------------------------------------------------
[SEQ 509] [LAYER 0]
CMD      : M104 S200
TRUST    : acc_cmd=0.000 | acc_exec=0.333 | trust=0.228
DECISION : PAUSE
MACHINE  : Machine-3
------------------------------------------------------------
[SEQ 509] [STATIC-BASELINE]
CMD      : M104 | effects={'M': 104.0, 'S': 200.0, 'prev_temp': 220.0}
DECISION : ALLOW
------------------------------------------------------------
[SEQ 509] [IEEE-BASELINE]
SCORE    : anomaly_score=10.655
DECISION : ALLOW
------------------------------------------------------------
[SEQ 510] [LAYER 0]
CMD      : M104 S220
TRUST    : acc_cmd=0.000 | acc_exec=0.333 | trust=0.164
DECISION : PAUSE
MACHINE  : Machine-3
------------------------------------------------------------
[SEQ 510] [STATIC-BASELINE]
CMD      : M104 | effects={'M': 104.0, 'S': 220.0, 'prev_temp': 200.0}
DECISION : ALLOW
------------------------------------------------------------
[SEQ 510] [IEEE-BASELINE]
SCORE    : anomaly_score=11.590
DECISION : ALLOW
------------------------------------------------------------
[SEQ 511] [LAYER 0]
CMD      : M104 S200
TRUST    : acc_cmd=0.000 | acc_exec=0.333 | trust=0.128
DECISION : PAUSE
MACHINE  : Machine-3
------------------------------------------------------------
[SEQ 511] [STATIC-BASELINE]
CMD      : M104 | effects={'M': 104.0, 'S': 200.0, 'prev_temp': 220.0}
DECISION : ALLOW
------------------------------------------------------------
[SEQ 511] [IEEE-BASELINE]
SCORE    : anomaly_score=12.431
DECISION : ALLOW
------------------------------------------------------------
[SEQ 512] [LAYER 0]
CMD      : M104 S220
TRUST    : acc_cmd=0.000 | acc_exec=0.333 | trust=0.108
DECISION : PAUSE
MACHINE  : Machine-3
------------------------------------------------------------
[SEQ 512] [STATIC-BASELINE]
CMD      : M104 | effects={'M': 104.0, 'S': 220.0, 'prev_temp': 200.0}
DECISION : ALLOW
------------------------------------------------------------
[SEQ 512] [IEEE-BASELINE]
SCORE    : anomaly_score=13.188
DECISION : ALLOW
------------------------------------------------------------
[SEQ 513] [LAYER 0]
CMD      : M104 S200
TRUST    : acc_cmd=0.000 | acc_exec=0.333 | trust=0.097
DECISION : PAUSE
MACHINE  : Machine-3
------------------------------------------------------------
[SEQ 513] [STATIC-BASELINE]
CMD      : M104 | effects={'M': 104.0, 'S': 200.0, 'prev_temp': 220.0}
DECISION : ALLOW
------------------------------------------------------------
[SEQ 513] [IEEE-BASELINE]
SCORE    : anomaly_score=13.869
DECISION : ALLOW
------------------------------------------------------------
[SEQ 514] [LAYER 0]
CMD      : M104 S220
TRUST    : acc_cmd=0.000 | acc_exec=0.333 | trust=0.090
DECISION : PAUSE
MACHINE  : Machine-3
------------------------------------------------------------
[SEQ 514] [STATIC-BASELINE]
CMD      : M104 | effects={'M': 104.0, 'S': 220.0, 'prev_temp': 200.0}
DECISION : ALLOW
------------------------------------------------------------
[SEQ 514] [IEEE-BASELINE]
SCORE    : anomaly_score=14.482
DECISION : ALLOW
------------------------------------------------------------
[SEQ 515] [LAYER 0]
CMD      : M104 S200
TRUST    : acc_cmd=0.000 | acc_exec=0.333 | trust=0.087
DECISION : PAUSE
MACHINE  : Machine-3
------------------------------------------------------------
[SEQ 515] [STATIC-BASELINE]
CMD      : M104 | effects={'M': 104.0, 'S': 200.0, 'prev_temp': 220.0}
DECISION : ALLOW
------------------------------------------------------------
[SEQ 515] [IEEE-BASELINE]
SCORE    : anomaly_score=15.034
DECISION : ALLOW
------------------------------------------------------------
[SEQ 516] [LAYER 0]
CMD      : M104 S220
TRUST    : acc_cmd=0.000 | acc_exec=0.333 | trust=0.085
DECISION : PAUSE
MACHINE  : Machine-3
------------------------------------------------------------
[SEQ 516] [STATIC-BASELINE]
CMD      : M104 | effects={'M': 104.0, 'S': 220.0, 'prev_temp': 200.0}
DECISION : ALLOW
------------------------------------------------------------
[SEQ 516] [IEEE-BASELINE]
SCORE    : anomaly_score=15.530
DECISION : ALLOW
------------------------------------------------------------
[SEQ 517] [LAYER 0]
CMD      : G0 F600 X163.643 Y119.184 Z0.4
TRUST    : acc_cmd=0.000 | acc_exec=0.000 | trust=0.169
DECISION : PAUSE
MACHINE  : Machine-3
------------------------------------------------------------
[SEQ 517] [STATIC-BASELINE]
CMD      : G0 | effects={'dx': -2.6140000000000043, 'dy': -1.7890000000000015, 'dz': 0.4, 'de': 0.0, 'xy_dist': 3.167572730025315, 'params': {'G': 0.0, 'F': 600.0, 'X': 163.643, 'Y': 119.184, 'Z': 0.4}}
DECISION : ALLOW
------------------------------------------------------------
[SEQ 517] [IEEE-BASELINE]
SCORE    : anomaly_score=13.977
DECISION : ALLOW
------------------------------------------------------------
[SEQ 518] [LAYER 0]
CMD      : G0 F3600 X164.422 Y119.159
TRUST    : acc_cmd=0.000 | acc_exec=0.000 | trust=0.313
DECISION : PAUSE
MACHINE  : Machine-3
------------------------------------------------------------
[SEQ 518] [STATIC-BASELINE]
CMD      : G0 | effects={'dx': 0.7789999999999964, 'dy': -0.024999999999991473, 'dz': 0.0, 'de': 0.0, 'xy_dist': 0.7794010520906383, 'params': {'G': 0.0, 'F': 3600.0, 'X': 164.422, 'Y': 119.159}}
DECISION : ALLOW
------------------------------------------------------------
[SEQ 518] [IEEE-BASELINE]
SCORE    : anomaly_score=12.580
DECISION : ALLOW
------------------------------------------------------------
[SEQ 519] [LAYER 0]
CMD      : ;TIME_ELAPSED:26.586445
TRUST    : acc_cmd=0.000 | acc_exec=0.000 | trust=0.476
DECISION : PAUSE
MACHINE  : Machine-3
------------------------------------------------------------
[SEQ 519] [STATIC-BASELINE]
CMD      : None | effects={}
DECISION : ALLOW
------------------------------------------------------------
[SEQ 519] [IEEE-BASELINE]
SCORE    : anomaly_score=11.322
DECISION : ALLOW
------------------------------------------------------------
[SEQ 520] [LAYER 1]
CMD      : M104 S200
TRUST    : acc_cmd=0.000 | acc_exec=0.333 | trust=0.351
DECISION : PAUSE
MACHINE  : Machine-3
------------------------------------------------------------
[SEQ 520] [STATIC-BASELINE]
CMD      : M104 | effects={'M': 104.0, 'S': 200.0, 'prev_temp': 220.0}
DECISION : ALLOW
------------------------------------------------------------
[SEQ 520] [IEEE-BASELINE]
SCORE    : anomaly_score=12.190
DECISION : ALLOW
------------------------------------------------------------
[SEQ 521] [LAYER 1]
CMD      : M104 S220
TRUST    : acc_cmd=0.000 | acc_exec=0.333 | trust=0.240
DECISION : PAUSE
MACHINE  : Machine-3
------------------------------------------------------------
[SEQ 521] [STATIC-BASELINE]
CMD      : M104 | effects={'M': 104.0, 'S': 220.0, 'prev_temp': 200.0}
DECISION : ALLOW
------------------------------------------------------------
[SEQ 521] [IEEE-BASELINE]
SCORE    : anomaly_score=12.971
DECISION : ALLOW
------------------------------------------------------------
[SEQ 522] [LAYER 1]
CMD      : M104 S200
TRUST    : acc_cmd=0.000 | acc_exec=0.333 | trust=0.171
DECISION : PAUSE
MACHINE  : Machine-3
------------------------------------------------------------
[SEQ 522] [STATIC-BASELINE]
CMD      : M104 | effects={'M': 104.0, 'S': 200.0, 'prev_temp': 220.0}
DECISION : ALLOW
------------------------------------------------------------
[SEQ 522] [IEEE-BASELINE]
SCORE    : anomaly_score=13.674
DECISION : ALLOW
------------------------------------------------------------
[SEQ 523] [LAYER 1]
CMD      : ;TYPE:WALL-OUTER
TRUST    : acc_cmd=0.000 | acc_exec=0.000 | trust=0.241
DECISION : PAUSE
MACHINE  : Machine-3
------------------------------------------------------------
[SEQ 523] [STATIC-BASELINE]
CMD      : None | effects={}
DECISION : ALLOW
------------------------------------------------------------
[SEQ 523] [IEEE-BASELINE]
SCORE    : anomaly_score=12.306
DECISION : ALLOW
------------------------------------------------------------
[SEQ 524] [LAYER 1]
CMD      : M104 S220
TRUST    : acc_cmd=0.000 | acc_exec=0.333 | trust=0.201
DECISION : PAUSE
MACHINE  : Machine-3
------------------------------------------------------------
[SEQ 524] [STATIC-BASELINE]
CMD      : M104 | effects={'M': 104.0, 'S': 220.0, 'prev_temp': 200.0}
DECISION : ALLOW
------------------------------------------------------------
[SEQ 524] [IEEE-BASELINE]
SCORE    : anomaly_score=13.076
DECISION : ALLOW
------------------------------------------------------------
[SEQ 525] [LAYER 1]
CMD      : M104 S200
TRUST    : acc_cmd=0.000 | acc_exec=0.333 | trust=0.158
DECISION : PAUSE
MACHINE  : Machine-3
------------------------------------------------------------
[SEQ 525] [STATIC-BASELINE]
CMD      : M104 | effects={'M': 104.0, 'S': 200.0, 'prev_temp': 220.0}
DECISION : ALLOW
------------------------------------------------------------
[SEQ 525] [IEEE-BASELINE]
SCORE    : anomaly_score=13.768
DECISION : ALLOW
------------------------------------------------------------
[SEQ 526] [LAYER 1]
CMD      : M104 S220
TRUST    : acc_cmd=0.000 | acc_exec=0.333 | trust=0.128
DECISION : PAUSE
MACHINE  : Machine-3
------------------------------------------------------------
[SEQ 526] [STATIC-BASELINE]
CMD      : M104 | effects={'M': 104.0, 'S': 220.0, 'prev_temp': 200.0}
DECISION : ALLOW
------------------------------------------------------------
[SEQ 526] [IEEE-BASELINE]
SCORE    : anomaly_score=14.391
DECISION : ALLOW
------------------------------------------------------------
[SEQ 527] [LAYER 1]
CMD      : G1 X164.422 Y119.159 E11.82311
TRUST    : acc_cmd=0.000 | acc_exec=0.000 | trust=0.209
DECISION : PAUSE
MACHINE  : Machine-3
------------------------------------------------------------
[SEQ 527] [STATIC-BASELINE]
CMD      : G1 | effects={'dx': 0.0, 'dy': 0.0, 'dz': 0.0, 'de': 0.09137999999999913, 'xy_dist': 0.0, 'params': {'G': 1.0, 'X': 164.422, 'Y': 119.159, 'E': 11.82311}}
DECISION : ALLOW
------------------------------------------------------------
[SEQ 527] [IEEE-BASELINE]
SCORE    : anomaly_score=12.952
DECISION : ALLOW
------------------------------------------------------------
[SEQ 528] [LAYER 1]
CMD      : ;MESH:NONMESH
TRUST    : acc_cmd=0.000 | acc_exec=0.000 | trust=0.352
DECISION : PAUSE
MACHINE  : Machine-3
------------------------------------------------------------
[SEQ 528] [STATIC-BASELINE]
CMD      : None | effects={}
DECISION : ALLOW
------------------------------------------------------------
[SEQ 528] [IEEE-BASELINE]
SCORE    : anomaly_score=11.657
DECISION : ALLOW
------------------------------------------------------------
[SEQ 529] [LAYER 1]
CMD      : G0 F600 X164.422 Y119.159 Z0.6
TRUST    : acc_cmd=0.000 | acc_exec=0.000 | trust=0.512
DECISION : ALLOW
MACHINE  : Machine-3
------------------------------------------------------------
[SEQ 529] [STATIC-BASELINE]
CMD      : G0 | effects={'dx': 0.0, 'dy': 0.0, 'dz': 0.19999999999999996, 'de': 0.0, 'xy_dist': 0.0, 'params': {'G': 0.0, 'F': 600.0, 'X': 164.422, 'Y': 119.159, 'Z': 0.6}}
DECISION : ALLOW
------------------------------------------------------------
[SEQ 529] [IEEE-BASELINE]
SCORE    : anomaly_score=10.491
DECISION : ALLOW
------------------------------------------------------------
[SEQ 530] [LAYER 1]
CMD      : M104 S200
TRUST    : acc_cmd=0.000 | acc_exec=0.333 | trust=0.370
DECISION : PAUSE
MACHINE  : Machine-3
------------------------------------------------------------
[SEQ 530] [STATIC-BASELINE]
CMD      : M104 | effects={'M': 104.0, 'S': 200.0, 'prev_temp': 220.0}
DECISION : ALLOW
------------------------------------------------------------
[SEQ 530] [IEEE-BASELINE]
SCORE    : anomaly_score=11.442
DECISION : ALLOW
------------------------------------------------------------
[SEQ 531] [LAYER 1]
CMD      : M104 S220
TRUST    : acc_cmd=0.000 | acc_exec=0.333 | trust=0.250
DECISION : PAUSE
MACHINE  : Machine-3
------------------------------------------------------------
[SEQ 531] [STATIC-BASELINE]
CMD      : M104 | effects={'M': 104.0, 'S': 220.0, 'prev_temp': 200.0}
DECISION : ALLOW
------------------------------------------------------------
[SEQ 531] [IEEE-BASELINE]
SCORE    : anomaly_score=12.298
DECISION : ALLOW
------------------------------------------------------------
[SEQ 532] [LAYER 2]
CMD      : M104 S200
TRUST    : acc_cmd=0.000 | acc_exec=0.333 | trust=0.176
DECISION : PAUSE
MACHINE  : Machine-3
------------------------------------------------------------
[SEQ 532] [STATIC-BASELINE]
CMD      : M104 | effects={'M': 104.0, 'S': 200.0, 'prev_temp': 220.0}
DECISION : ALLOW
------------------------------------------------------------
[SEQ 532] [IEEE-BASELINE]
SCORE    : anomaly_score=13.068
DECISION : ALLOW
------------------------------------------------------------
[SEQ 533] [LAYER 2]
CMD      : M104 S220
TRUST    : acc_cmd=0.000 | acc_exec=0.333 | trust=0.134
DECISION : PAUSE
MACHINE  : Machine-3
------------------------------------------------------------
[SEQ 533] [STATIC-BASELINE]
CMD      : M104 | effects={'M': 104.0, 'S': 220.0, 'prev_temp': 200.0}
DECISION : ALLOW
------------------------------------------------------------
[SEQ 533] [IEEE-BASELINE]
SCORE    : anomaly_score=13.761
DECISION : ALLOW
------------------------------------------------------------
[SEQ 534] [LAYER 2]
CMD      : M104 S200
TRUST    : acc_cmd=0.000 | acc_exec=0.333 | trust=0.111
DECISION : PAUSE
MACHINE  : Machine-3
------------------------------------------------------------
[SEQ 534] [STATIC-BASELINE]
CMD      : M104 | effects={'M': 104.0, 'S': 200.0, 'prev_temp': 220.0}
DECISION : ALLOW
------------------------------------------------------------
[SEQ 534] [IEEE-BASELINE]
SCORE    : anomaly_score=14.385
DECISION : ALLOW
------------------------------------------------------------
[SEQ 535] [LAYER 2]
CMD      : M104 S220
TRUST    : acc_cmd=0.000 | acc_exec=0.333 | trust=0.099
DECISION : PAUSE
MACHINE  : Machine-3
------------------------------------------------------------
[SEQ 535] [STATIC-BASELINE]
CMD      : M104 | effects={'M': 104.0, 'S': 220.0, 'prev_temp': 200.0}
DECISION : ALLOW
------------------------------------------------------------
[SEQ 535] [IEEE-BASELINE]
SCORE    : anomaly_score=14.947
DECISION : ALLOW
------------------------------------------------------------
[SEQ 536] [LAYER 2]
CMD      : G1 F663 X164.358 Y119.172 E11.82399
TRUST    : acc_cmd=0.000 | acc_exec=0.000 | trust=0.181
DECISION : PAUSE
MACHINE  : Machine-3
------------------------------------------------------------
[SEQ 536] [STATIC-BASELINE]
CMD      : G1 | effects={'dx': -0.06399999999999295, 'dy': 0.012999999999991019, 'dz': 0.0, 'de': 0.000880000000000436, 'xy_dist': 0.06530696746901409, 'params': {'G': 1.0, 'F': 663.0, 'X': 164.358, 'Y': 119.172, 'E': 11.82399}}
DECISION : ALLOW
------------------------------------------------------------
[SEQ 536] [IEEE-BASELINE]
SCORE    : anomaly_score=13.452
DECISION : ALLOW
------------------------------------------------------------
[SEQ 537] [LAYER 2]
CMD      : M104 S200
TRUST    : acc_cmd=0.000 | acc_exec=0.333 | trust=0.165
DECISION : PAUSE
MACHINE  : Machine-3
------------------------------------------------------------
[SEQ 537] [STATIC-BASELINE]
CMD      : M104 | effects={'M': 104.0, 'S': 200.0, 'prev_temp': 220.0}
DECISION : ALLOW
------------------------------------------------------------
[SEQ 537] [IEEE-BASELINE]
SCORE    : anomaly_score=14.107
DECISION : ALLOW
------------------------------------------------------------
[SEQ 538] [LAYER 2]
CMD      : M104 S220
TRUST    : acc_cmd=0.000 | acc_exec=0.333 | trust=0.138
DECISION : PAUSE
MACHINE  : Machine-3
------------------------------------------------------------
[SEQ 538] [STATIC-BASELINE]
CMD      : M104 | effects={'M': 104.0, 'S': 220.0, 'prev_temp': 200.0}
DECISION : ALLOW
------------------------------------------------------------
[SEQ 538] [IEEE-BASELINE]
SCORE    : anomaly_score=14.696
DECISION : ALLOW
------------------------------------------------------------
[SEQ 539] [LAYER 2]
CMD      : ;MESH:NONMESH
TRUST    : acc_cmd=0.000 | acc_exec=0.000 | trust=0.223
DECISION : PAUSE
MACHINE  : Machine-3
------------------------------------------------------------
[SEQ 539] [STATIC-BASELINE]
CMD      : None | effects={}
DECISION : ALLOW
------------------------------------------------------------
[SEQ 539] [IEEE-BASELINE]
SCORE    : anomaly_score=13.226
DECISION : ALLOW
------------------------------------------------------------
[SEQ 540] [LAYER 2]
CMD      : G0 F600 X164.425 Y119.133 Z0.8
TRUST    : acc_cmd=0.000 | acc_exec=0.000 | trust=0.369
DECISION : PAUSE
MACHINE  : Machine-3
------------------------------------------------------------
[SEQ 540] [STATIC-BASELINE]
CMD      : G0 | effects={'dx': 0.06700000000000728, 'dy': -0.03900000000000148, 'dz': 0.20000000000000007, 'de': 0.0, 'xy_dist': 0.07752418977326425, 'params': {'G': 0.0, 'F': 600.0, 'X': 164.425, 'Y': 119.133, 'Z': 0.8}}
DECISION : ALLOW
------------------------------------------------------------
[SEQ 540] [IEEE-BASELINE]
SCORE    : anomaly_score=11.904
DECISION : ALLOW
------------------------------------------------------------
[SEQ 541] [LAYER 2]
CMD      : M104 S200
TRUST    : acc_cmd=0.000 | acc_exec=0.333 | trust=0.287
DECISION : PAUSE
MACHINE  : Machine-3
------------------------------------------------------------
[SEQ 541] [STATIC-BASELINE]
CMD      : M104 | effects={'M': 104.0, 'S': 200.0, 'prev_temp': 220.0}
DECISION : ALLOW
------------------------------------------------------------
[SEQ 541] [IEEE-BASELINE]
SCORE    : anomaly_score=12.713
DECISION : ALLOW
------------------------------------------------------------
[SEQ 542] [LAYER 2]
CMD      : ;TIME_ELAPSED:26.793130
TRUST    : acc_cmd=0.000 | acc_exec=0.000 | trust=0.365
DECISION : PAUSE
MACHINE  : Machine-3
------------------------------------------------------------
[SEQ 542] [STATIC-BASELINE]
CMD      : None | effects={}
DECISION : ALLOW
------------------------------------------------------------
[SEQ 542] [IEEE-BASELINE]
SCORE    : anomaly_score=11.442
DECISION : ALLOW
------------------------------------------------------------
[SEQ 543] [LAYER 3]
CMD      : M104 S220
TRUST    : acc_cmd=0.000 | acc_exec=0.333 | trust=0.277
DECISION : PAUSE
MACHINE  : Machine-3
------------------------------------------------------------
[SEQ 543] [STATIC-BASELINE]
CMD      : M104 | effects={'M': 104.0, 'S': 220.0, 'prev_temp': 200.0}
DECISION : ALLOW
------------------------------------------------------------
[SEQ 543] [IEEE-BASELINE]
SCORE    : anomaly_score=12.298
DECISION : ALLOW
------------------------------------------------------------
[SEQ 544] [LAYER 3]
CMD      : M104 S200
TRUST    : acc_cmd=0.000 | acc_exec=0.333 | trust=0.199
DECISION : PAUSE
MACHINE  : Machine-3
------------------------------------------------------------
[SEQ 544] [STATIC-BASELINE]
CMD      : M104 | effects={'M': 104.0, 'S': 200.0, 'prev_temp': 220.0}
DECISION : ALLOW
------------------------------------------------------------
[SEQ 544] [IEEE-BASELINE]
SCORE    : anomaly_score=13.068
DECISION : ALLOW
------------------------------------------------------------
[SEQ 545] [LAYER 3]
CMD      : M104 S210
TRUST    : acc_cmd=0.000 | acc_exec=0.000 | trust=0.270
DECISION : PAUSE
MACHINE  : Machine-3
------------------------------------------------------------
[SEQ 545] [STATIC-BASELINE]
CMD      : M104 | effects={'M': 104.0, 'S': 210.0, 'prev_temp': 200.0}
DECISION : ALLOW
------------------------------------------------------------
[SEQ 545] [IEEE-BASELINE]
SCORE    : anomaly_score=13.661
DECISION : ALLOW
------------------------------------------------------------
[SEQ 546] [LAYER 3]
CMD      : M104 S220
TRUST    : acc_cmd=0.000 | acc_exec=0.000 | trust=0.409
DECISION : PAUSE
MACHINE  : Machine-3
------------------------------------------------------------
[SEQ 546] [STATIC-BASELINE]
CMD      : M104 | effects={'M': 104.0, 'S': 220.0, 'prev_temp': 210.0}
DECISION : ALLOW
------------------------------------------------------------
[SEQ 546] [IEEE-BASELINE]
SCORE    : anomaly_score=14.095
DECISION : ALLOW
------------------------------------------------------------
[SEQ 547] [LAYER 3]
CMD      : M104 S200
TRUST    : acc_cmd=0.000 | acc_exec=0.333 | trust=0.310
DECISION : PAUSE
MACHINE  : Machine-3
------------------------------------------------------------
[SEQ 547] [STATIC-BASELINE]
CMD      : M104 | effects={'M': 104.0, 'S': 200.0, 'prev_temp': 220.0}
DECISION : ALLOW
------------------------------------------------------------
[SEQ 547] [IEEE-BASELINE]
SCORE    : anomaly_score=14.486
DECISION : ALLOW
------------------------------------------------------------
[SEQ 548] [LAYER 3]
CMD      : G1 F1200 X165.411 Y120.016 E11.82603
TRUST    : acc_cmd=0.000 | acc_exec=0.000 | trust=0.381
DECISION : PAUSE
MACHINE  : Machine-3
------------------------------------------------------------
[SEQ 548] [STATIC-BASELINE]
CMD      : G1 | effects={'dx': 0.98599999999999, 'dy': 0.8830000000000098, 'dz': 0.0, 'de': 0.0020399999999991536, 'xy_dist': 1.323587926811059, 'params': {'G': 1.0, 'F': 1200.0, 'X': 165.411, 'Y': 120.016, 'E': 11.82603}}
DECISION : ALLOW
------------------------------------------------------------
[SEQ 548] [IEEE-BASELINE]
SCORE    : anomaly_score=13.037
DECISION : ALLOW
------------------------------------------------------------
[SEQ 549] [LAYER 3]
CMD      : G1 X165.41 Y119.972 E11.82631
TRUST    : acc_cmd=0.000 | acc_exec=0.000 | trust=0.513
DECISION : ALLOW
MACHINE  : Machine-3
------------------------------------------------------------
[SEQ 549] [STATIC-BASELINE]
CMD      : G1 | effects={'dx': -0.0010000000000047748, 'dy': -0.04400000000001114, 'dz': 0.0, 'de': 0.000280000000000058, 'xy_dist': 0.04401136216934202, 'params': {'G': 1.0, 'X': 165.41, 'Y': 119.972, 'E': 11.82631}}
DECISION : ALLOW
------------------------------------------------------------
[SEQ 549] [IEEE-BASELINE]
SCORE    : anomaly_score=11.733
DECISION : ALLOW
------------------------------------------------------------
[SEQ 550] [LAYER 3]
CMD      : M104 S220
TRUST    : acc_cmd=0.000 | acc_exec=0.333 | trust=0.368
DECISION : PAUSE
MACHINE  : Machine-3
------------------------------------------------------------
[SEQ 550] [STATIC-BASELINE]
CMD      : M104 | effects={'M': 104.0, 'S': 220.0, 'prev_temp': 200.0}
DECISION : ALLOW
------------------------------------------------------------
[SEQ 550] [IEEE-BASELINE]
SCORE    : anomaly_score=12.360
DECISION : ALLOW
------------------------------------------------------------
[SEQ 551] [LAYER 3]
CMD      : G1 F1500 E5.32659
TRUST    : acc_cmd=0.000 | acc_exec=0.000 | trust=0.421
DECISION : PAUSE
MACHINE  : Machine-3
------------------------------------------------------------
[SEQ 551] [STATIC-BASELINE]
CMD      : G1 | effects={'dx': 0.0, 'dy': 0.0, 'dz': 0.0, 'de': -6.499719999999999, 'xy_dist': 0.0, 'params': {'G': 1.0, 'F': 1500.0, 'E': 5.32659}}
DECISION : ALLOW
------------------------------------------------------------
[SEQ 551] [IEEE-BASELINE]
SCORE    : anomaly_score=11.124
DECISION : ALLOW
------------------------------------------------------------
[SEQ 552] [LAYER 3]
CMD      : M104 S200
TRUST    : acc_cmd=0.000 | acc_exec=0.333 | trust=0.306
DECISION : PAUSE
MACHINE  : Machine-3
------------------------------------------------------------
[SEQ 552] [STATIC-BASELINE]
CMD      : M104 | effects={'M': 104.0, 'S': 200.0, 'prev_temp': 220.0}
DECISION : ALLOW
------------------------------------------------------------
[SEQ 552] [IEEE-BASELINE]
SCORE    : anomaly_score=11.812
DECISION : ALLOW
------------------------------------------------------------
[SEQ 553] [LAYER 3]
CMD      : M104 S220
TRUST    : acc_cmd=0.000 | acc_exec=0.333 | trust=0.214
DECISION : PAUSE
MACHINE  : Machine-3
------------------------------------------------------------
[SEQ 553] [STATIC-BASELINE]
CMD      : M104 | effects={'M': 104.0, 'S': 220.0, 'prev_temp': 200.0}
DECISION : ALLOW
------------------------------------------------------------
[SEQ 553] [IEEE-BASELINE]
SCORE    : anomaly_score=12.430
DECISION : ALLOW
------------------------------------------------------------
[SEQ 554] [LAYER 3]
CMD      : M104 S200
TRUST    : acc_cmd=0.000 | acc_exec=0.333 | trust=0.157
DECISION : PAUSE
MACHINE  : Machine-3
------------------------------------------------------------
[SEQ 554] [STATIC-BASELINE]
CMD      : M104 | effects={'M': 104.0, 'S': 200.0, 'prev_temp': 220.0}
DECISION : ALLOW
------------------------------------------------------------
[SEQ 554] [IEEE-BASELINE]
SCORE    : anomaly_score=12.987
DECISION : ALLOW
------------------------------------------------------------
[SEQ 555] [LAYER 3]
CMD      : M104 S220
TRUST    : acc_cmd=0.000 | acc_exec=0.333 | trust=0.124
DECISION : PAUSE
MACHINE  : Machine-3
------------------------------------------------------------
[SEQ 555] [STATIC-BASELINE]
CMD      : M104 | effects={'M': 104.0, 'S': 220.0, 'prev_temp': 200.0}
DECISION : ALLOW
------------------------------------------------------------
[SEQ 555] [IEEE-BASELINE]
SCORE    : anomaly_score=13.489
DECISION : ALLOW
------------------------------------------------------------
[SEQ 556] [LAYER 4]
CMD      : M104 S200
TRUST    : acc_cmd=0.000 | acc_exec=0.333 | trust=0.106
DECISION : PAUSE
MACHINE  : Machine-3
------------------------------------------------------------
[SEQ 556] [STATIC-BASELINE]
CMD      : M104 | effects={'M': 104.0, 'S': 200.0, 'prev_temp': 220.0}
DECISION : ALLOW
------------------------------------------------------------
[SEQ 556] [IEEE-BASELINE]
SCORE    : anomaly_score=13.940
DECISION : ALLOW
------------------------------------------------------------
[SEQ 557] [LAYER 4]
CMD      : M104 S220
TRUST    : acc_cmd=0.000 | acc_exec=0.333 | trust=0.096
DECISION : PAUSE
MACHINE  : Machine-3
------------------------------------------------------------
[SEQ 557] [STATIC-BASELINE]
CMD      : M104 | effects={'M': 104.0, 'S': 220.0, 'prev_temp': 200.0}
DECISION : ALLOW
------------------------------------------------------------
[SEQ 557] [IEEE-BASELINE]
SCORE    : anomaly_score=14.346
DECISION : ALLOW
------------------------------------------------------------
[SEQ 558] [LAYER 4]
CMD      : M104 S200
TRUST    : acc_cmd=0.000 | acc_exec=0.333 | trust=0.090
DECISION : PAUSE
MACHINE  : Machine-3
------------------------------------------------------------
[SEQ 558] [STATIC-BASELINE]
CMD      : M104 | effects={'M': 104.0, 'S': 200.0, 'prev_temp': 220.0}
DECISION : ALLOW
------------------------------------------------------------
[SEQ 558] [IEEE-BASELINE]
SCORE    : anomaly_score=14.811
DECISION : ALLOW
------------------------------------------------------------
[SEQ 559] [LAYER 4]
CMD      : G0 F7200 X163.899 Y118.77
TRUST    : acc_cmd=0.000 | acc_exec=0.000 | trust=0.174
DECISION : PAUSE
MACHINE  : Machine-3
------------------------------------------------------------
[SEQ 559] [STATIC-BASELINE]
CMD      : G0 | effects={'dx': -1.5109999999999957, 'dy': -1.2019999999999982, 'dz': 0.0, 'de': 0.0, 'xy_dist': 1.9307835197142074, 'params': {'G': 0.0, 'F': 7200.0, 'X': 163.899, 'Y': 118.77}}
DECISION : ALLOW
------------------------------------------------------------
[SEQ 559] [IEEE-BASELINE]
SCORE    : anomaly_score=13.330
DECISION : ALLOW
------------------------------------------------------------
[SEQ 560] [LAYER 4]
CMD      : G0 X164.436 Y119.268
TRUST    : acc_cmd=0.000 | acc_exec=0.000 | trust=0.318
DECISION : PAUSE
MACHINE  : Machine-3
------------------------------------------------------------
[SEQ 560] [STATIC-BASELINE]
CMD      : G0 | effects={'dx': 0.5370000000000061, 'dy': 0.49800000000000466, 'dz': 0.0, 'de': 0.0, 'xy_dist': 0.732374903993857, 'params': {'G': 0.0, 'X': 164.436, 'Y': 119.268}}
DECISION : ALLOW
------------------------------------------------------------
[SEQ 560] [IEEE-BASELINE]
SCORE    : anomaly_score=11.997
DECISION : ALLOW
------------------------------------------------------------
[SEQ 561] [LAYER 4]
CMD      : M104 S220
TRUST    : acc_cmd=0.000 | acc_exec=0.333 | trust=0.257
DECISION : PAUSE
MACHINE  : Machine-3
------------------------------------------------------------
[SEQ 561] [STATIC-BASELINE]
CMD      : M104 | effects={'M': 104.0, 'S': 220.0, 'prev_temp': 200.0}
DECISION : ALLOW
------------------------------------------------------------
[SEQ 561] [IEEE-BASELINE]
SCORE    : anomaly_score=12.797
DECISION : ALLOW
------------------------------------------------------------
[SEQ 562] [LAYER 5]
CMD      : ;LAYER:5
TRUST    : acc_cmd=0.000 | acc_exec=0.000 | trust=0.342
DECISION : PAUSE
MACHINE  : Machine-3
------------------------------------------------------------
[SEQ 562] [STATIC-BASELINE]
CMD      : None | effects={}
DECISION : ALLOW
------------------------------------------------------------
[SEQ 562] [IEEE-BASELINE]
SCORE    : anomaly_score=11.518
DECISION : ALLOW
------------------------------------------------------------
[SEQ 563] [LAYER 5]
CMD      : M104 S200
TRUST    : acc_cmd=0.000 | acc_exec=0.333 | trust=0.264
DECISION : PAUSE
MACHINE  : Machine-3
------------------------------------------------------------
[SEQ 563] [STATIC-BASELINE]
CMD      : M104 | effects={'M': 104.0, 'S': 200.0, 'prev_temp': 220.0}
DECISION : ALLOW
------------------------------------------------------------
[SEQ 563] [IEEE-BASELINE]
SCORE    : anomaly_score=12.366
DECISION : ALLOW
------------------------------------------------------------
[SEQ 564] [LAYER 5]
CMD      : M104 S220
TRUST    : acc_cmd=0.000 | acc_exec=0.333 | trust=0.193
DECISION : PAUSE
MACHINE  : Machine-3
------------------------------------------------------------
[SEQ 564] [STATIC-BASELINE]
CMD      : M104 | effects={'M': 104.0, 'S': 220.0, 'prev_temp': 200.0}
DECISION : ALLOW
------------------------------------------------------------
[SEQ 564] [IEEE-BASELINE]
SCORE    : anomaly_score=13.129
DECISION : ALLOW
------------------------------------------------------------
[SEQ 565] [LAYER 5]
CMD      : M104 S200
TRUST    : acc_cmd=0.000 | acc_exec=0.333 | trust=0.146
DECISION : PAUSE
MACHINE  : Machine-3
------------------------------------------------------------
[SEQ 565] [STATIC-BASELINE]
CMD      : M104 | effects={'M': 104.0, 'S': 200.0, 'prev_temp': 220.0}
DECISION : ALLOW
------------------------------------------------------------
[SEQ 565] [IEEE-BASELINE]
SCORE    : anomaly_score=13.816
DECISION : ALLOW
------------------------------------------------------------
[SEQ 566] [LAYER 5]
CMD      : M104 S220
TRUST    : acc_cmd=0.000 | acc_exec=0.333 | trust=0.119
DECISION : PAUSE
MACHINE  : Machine-3
------------------------------------------------------------
[SEQ 566] [STATIC-BASELINE]
CMD      : M104 | effects={'M': 104.0, 'S': 220.0, 'prev_temp': 200.0}
DECISION : ALLOW
------------------------------------------------------------
[SEQ 566] [IEEE-BASELINE]
SCORE    : anomaly_score=14.435
DECISION : ALLOW
------------------------------------------------------------
[SEQ 567] [LAYER 5]
CMD      : G1 F1200 X164.399 Y119.29 E11.82686
TRUST    : acc_cmd=0.000 | acc_exec=1.000 | trust=0.055
DECISION : PAUSE
MACHINE  : Machine-3
------------------------------------------------------------
[SEQ 567] [STATIC-BASELINE]
CMD      : G1 | effects={'dx': -0.03700000000000614, 'dy': 0.02200000000000557, 'dz': 0.0, 'de': 6.5002699999999995, 'xy_dist': 0.04304648650006989, 'params': {'G': 1.0, 'F': 1200.0, 'X': 164.399, 'Y': 119.29, 'E': 11.82686}}
DECISION : ALLOW
------------------------------------------------------------
[SEQ 567] [IEEE-BASELINE]
SCORE    : anomaly_score=9879.365
DECISION : ALLOW
------------------------------------------------------------
[SEQ 568] [LAYER 5]
CMD      : M104 S200
TRUST    : acc_cmd=0.000 | acc_exec=0.333 | trust=0.038
DECISION : PAUSE
MACHINE  : Machine-3
------------------------------------------------------------
[SEQ 568] [STATIC-BASELINE]
CMD      : M104 | effects={'M': 104.0, 'S': 200.0, 'prev_temp': 220.0}
DECISION : ALLOW
------------------------------------------------------------
[SEQ 568] [IEEE-BASELINE]
SCORE    : anomaly_score=8893.428
DECISION : ALLOW
------------------------------------------------------------
[SEQ 569] [LAYER 5]
CMD      : M104 S220
TRUST    : acc_cmd=0.000 | acc_exec=0.333 | trust=0.040
DECISION : PAUSE
MACHINE  : Machine-3
------------------------------------------------------------
[SEQ 569] [STATIC-BASELINE]
CMD      : M104 | effects={'M': 104.0, 'S': 220.0, 'prev_temp': 200.0}
DECISION : ALLOW
------------------------------------------------------------
[SEQ 569] [IEEE-BASELINE]
SCORE    : anomaly_score=8006.086
DECISION : ALLOW
------------------------------------------------------------
[SEQ 570] [LAYER 5]
CMD      : M104 S200
TRUST    : acc_cmd=0.000 | acc_exec=0.333 | trust=0.049
DECISION : PAUSE
MACHINE  : Machine-3
------------------------------------------------------------
[SEQ 570] [STATIC-BASELINE]
CMD      : M104 | effects={'M': 104.0, 'S': 200.0, 'prev_temp': 220.0}
DECISION : ALLOW
------------------------------------------------------------
[SEQ 570] [IEEE-BASELINE]
SCORE    : anomaly_score=7207.477
DECISION : ALLOW
------------------------------------------------------------
[SEQ 571] [LAYER 5]
CMD      : G0 F600 X164.436 Y119.268 Z1.4
TRUST    : acc_cmd=0.000 | acc_exec=0.000 | trust=0.125
DECISION : PAUSE
MACHINE  : Machine-3
------------------------------------------------------------
[SEQ 571] [STATIC-BASELINE]
CMD      : G0 | effects={'dx': 0.03700000000000614, 'dy': -0.02200000000000557, 'dz': 0.5999999999999999, 'de': 0.0, 'xy_dist': 0.04304648650006989, 'params': {'G': 0.0, 'F': 600.0, 'X': 164.436, 'Y': 119.268, 'Z': 1.4}}
DECISION : ALLOW
------------------------------------------------------------
[SEQ 571] [IEEE-BASELINE]
SCORE    : anomaly_score=6486.729
DECISION : ALLOW
------------------------------------------------------------
[SEQ 572] [LAYER 5]
CMD      : G0 F7200 X164.241 Y118.891
TRUST    : acc_cmd=0.000 | acc_exec=0.000 | trust=0.261
DECISION : PAUSE
MACHINE  : Machine-3
------------------------------------------------------------
[SEQ 572] [STATIC-BASELINE]
CMD      : G0 | effects={'dx': -0.19499999999999318, 'dy': -0.37699999999999534, 'dz': 0.0, 'de': 0.0, 'xy_dist': 0.42444552065016994, 'params': {'G': 0.0, 'F': 7200.0, 'X': 164.241, 'Y': 118.891}}
DECISION : ALLOW
------------------------------------------------------------
[SEQ 572] [IEEE-BASELINE]
SCORE    : anomaly_score=5838.056
DECISION : ALLOW
------------------------------------------------------------
[SEQ 573] [LAYER 5]
CMD      : M104 S220
TRUST    : acc_cmd=0.000 | acc_exec=0.333 | trust=0.222
DECISION : PAUSE
MACHINE  : Machine-3
------------------------------------------------------------
[SEQ 573] [STATIC-BASELINE]
CMD      : M104 | effects={'M': 104.0, 'S': 220.0, 'prev_temp': 200.0}
DECISION : ALLOW
------------------------------------------------------------
[SEQ 573] [IEEE-BASELINE]
SCORE    : anomaly_score=5256.251
DECISION : ALLOW
------------------------------------------------------------
[SEQ 574] [LAYER 6]
CMD      : M104 S200
TRUST    : acc_cmd=0.000 | acc_exec=0.333 | trust=0.172
DECISION : PAUSE
MACHINE  : Machine-3
------------------------------------------------------------
[SEQ 574] [STATIC-BASELINE]
CMD      : M104 | effects={'M': 104.0, 'S': 200.0, 'prev_temp': 220.0}
DECISION : ALLOW
------------------------------------------------------------
[SEQ 574] [IEEE-BASELINE]
SCORE    : anomaly_score=4732.626
DECISION : ALLOW
------------------------------------------------------------
[SEQ 575] [LAYER 6]
CMD      : ;note -- min layer time used
TRUST    : acc_cmd=0.000 | acc_exec=0.000 | trust=0.252
DECISION : PAUSE
MACHINE  : Machine-3
------------------------------------------------------------
[SEQ 575] [STATIC-BASELINE]
CMD      : None | effects={}
DECISION : ALLOW
------------------------------------------------------------
[SEQ 575] [IEEE-BASELINE]
SCORE    : anomaly_score=4259.363
DECISION : ALLOW
------------------------------------------------------------
[SEQ 576] [LAYER 6]
CMD      : M104 S220
TRUST    : acc_cmd=0.000 | acc_exec=0.333 | trust=0.209
DECISION : PAUSE
MACHINE  : Machine-3
------------------------------------------------------------
[SEQ 576] [STATIC-BASELINE]
CMD      : M104 | effects={'M': 104.0, 'S': 220.0, 'prev_temp': 200.0}
DECISION : ALLOW
------------------------------------------------------------
[SEQ 576] [IEEE-BASELINE]
SCORE    : anomaly_score=3835.427
DECISION : ALLOW
------------------------------------------------------------
[SEQ 577] [LAYER 6]
CMD      : ;MESH:references\stl\flatplate.stl
TRUST    : acc_cmd=0.000 | acc_exec=0.000 | trust=0.299
DECISION : PAUSE
MACHINE  : Machine-3
------------------------------------------------------------
[SEQ 577] [STATIC-BASELINE]
CMD      : None | effects={}
DECISION : ALLOW
------------------------------------------------------------
[SEQ 577] [IEEE-BASELINE]
SCORE    : anomaly_score=3451.884
DECISION : ALLOW
------------------------------------------------------------
[SEQ 578] [LAYER 6]
CMD      : M104 S200
TRUST    : acc_cmd=0.000 | acc_exec=0.333 | trust=0.239
DECISION : PAUSE
MACHINE  : Machine-3
------------------------------------------------------------
[SEQ 578] [STATIC-BASELINE]
CMD      : M104 | effects={'M': 104.0, 'S': 200.0, 'prev_temp': 220.0}
DECISION : ALLOW
------------------------------------------------------------
[SEQ 578] [IEEE-BASELINE]
SCORE    : anomaly_score=3108.696
DECISION : ALLOW
------------------------------------------------------------
[SEQ 579] [LAYER 6]
CMD      : G1 X164.196 Y118.865 E11.82819
TRUST    : acc_cmd=0.000 | acc_exec=0.000 | trust=0.323
DECISION : PAUSE
MACHINE  : Machine-3
------------------------------------------------------------
[SEQ 579] [STATIC-BASELINE]
CMD      : G1 | effects={'dx': -0.045000000000015916, 'dy': -0.02600000000001046, 'dz': 0.0, 'de': 0.0013299999999993872, 'xy_dist': 0.05197114584076414, 'params': {'G': 1.0, 'X': 164.196, 'Y': 118.865, 'E': 11.82819}}
DECISION : ALLOW
------------------------------------------------------------
[SEQ 579] [IEEE-BASELINE]
SCORE    : anomaly_score=2797.826
DECISION : ALLOW
------------------------------------------------------------
[SEQ 580] [LAYER 6]
CMD      : M104 S220
TRUST    : acc_cmd=0.000 | acc_exec=0.333 | trust=0.253
DECISION : PAUSE
MACHINE  : Machine-3
------------------------------------------------------------
[SEQ 580] [STATIC-BASELINE]
CMD      : M104 | effects={'M': 104.0, 'S': 220.0, 'prev_temp': 200.0}
DECISION : ALLOW
------------------------------------------------------------
[SEQ 580] [IEEE-BASELINE]
SCORE    : anomaly_score=2520.044
DECISION : ALLOW
------------------------------------------------------------
[SEQ 581] [LAYER 6]
CMD      : ;MESH:NONMESH
TRUST    : acc_cmd=0.000 | acc_exec=0.000 | trust=0.333
DECISION : PAUSE
MACHINE  : Machine-3
------------------------------------------------------------
[SEQ 581] [STATIC-BASELINE]
CMD      : None | effects={}
DECISION : ALLOW
------------------------------------------------------------
[SEQ 581] [IEEE-BASELINE]
SCORE    : anomaly_score=2268.039
DECISION : ALLOW
------------------------------------------------------------
[SEQ 582] [LAYER 6]
CMD      : G0 F600 X164.241 Y118.891 Z1.6
TRUST    : acc_cmd=0.000 | acc_exec=0.000 | trust=0.473
DECISION : PAUSE
MACHINE  : Machine-3
------------------------------------------------------------
[SEQ 582] [STATIC-BASELINE]
CMD      : G0 | effects={'dx': 0.045000000000015916, 'dy': 0.02600000000001046, 'dz': 0.20000000000000018, 'de': 0.0, 'xy_dist': 0.05197114584076414, 'params': {'G': 0.0, 'F': 600.0, 'X': 164.241, 'Y': 118.891, 'Z': 1.6}}
DECISION : ALLOW
------------------------------------------------------------
[SEQ 582] [IEEE-BASELINE]
SCORE    : anomaly_score=2041.235
DECISION : ALLOW
------------------------------------------------------------
[SEQ 583] [LAYER 6]
CMD      : G0 F7200 X164.401 Y119.115
TRUST    : acc_cmd=0.000 | acc_exec=0.000 | trust=0.615
DECISION : ALLOW
MACHINE  : Machine-3
------------------------------------------------------------
[SEQ 583] [STATIC-BASELINE]
CMD      : G0 | effects={'dx': 0.1599999999999966, 'dy': 0.22399999999998954, 'dz': 0.0, 'de': 0.0, 'xy_dist': 0.27527440854535357, 'params': {'G': 0.0, 'F': 7200.0, 'X': 164.401, 'Y': 119.115}}
DECISION : ALLOW
------------------------------------------------------------
[SEQ 583] [IEEE-BASELINE]
SCORE    : anomaly_score=1837.112
DECISION : ALLOW
------------------------------------------------------------
[SEQ 584] [LAYER 6]
CMD      : M104 S200
TRUST    : acc_cmd=0.000 | acc_exec=0.333 | trust=0.426
DECISION : PAUSE
MACHINE  : Machine-3
------------------------------------------------------------
[SEQ 584] [STATIC-BASELINE]
CMD      : M104 | effects={'M': 104.0, 'S': 200.0, 'prev_temp': 220.0}
DECISION : ALLOW
------------------------------------------------------------
[SEQ 584] [IEEE-BASELINE]
SCORE    : anomaly_score=1655.401
DECISION : ALLOW
------------------------------------------------------------
[SEQ 585] [LAYER 7]
CMD      : M104 S220
TRUST    : acc_cmd=0.000 | acc_exec=0.333 | trust=0.278
DECISION : PAUSE
MACHINE  : Machine-3
------------------------------------------------------------
[SEQ 585] [STATIC-BASELINE]
CMD      : M104 | effects={'M': 104.0, 'S': 220.0, 'prev_temp': 200.0}
DECISION : ALLOW
------------------------------------------------------------
[SEQ 585] [IEEE-BASELINE]
SCORE    : anomaly_score=1491.860
DECISION : ALLOW
------------------------------------------------------------
[SEQ 586] [LAYER 7]
CMD      : ;note -- min layer time used
TRUST    : acc_cmd=0.000 | acc_exec=0.000 | trust=0.324
DECISION : PAUSE
MACHINE  : Machine-3
------------------------------------------------------------
[SEQ 586] [STATIC-BASELINE]
CMD      : None | effects={}
DECISION : ALLOW
------------------------------------------------------------
[SEQ 586] [IEEE-BASELINE]
SCORE    : anomaly_score=1342.674
DECISION : ALLOW
------------------------------------------------------------
[SEQ 587] [LAYER 7]
CMD      : M104 S200
TRUST    : acc_cmd=0.000 | acc_exec=0.333 | trust=0.248
DECISION : PAUSE
MACHINE  : Machine-3
------------------------------------------------------------
[SEQ 587] [STATIC-BASELINE]
CMD      : M104 | effects={'M': 104.0, 'S': 200.0, 'prev_temp': 220.0}
DECISION : ALLOW
------------------------------------------------------------
[SEQ 587] [IEEE-BASELINE]
SCORE    : anomaly_score=1210.407
DECISION : ALLOW
------------------------------------------------------------
[SEQ 588] [LAYER 7]
CMD      : M104 S220
TRUST    : acc_cmd=0.000 | acc_exec=0.333 | trust=0.183
DECISION : PAUSE
MACHINE  : Machine-3
------------------------------------------------------------
[SEQ 588] [STATIC-BASELINE]
CMD      : M104 | effects={'M': 104.0, 'S': 220.0, 'prev_temp': 200.0}
DECISION : ALLOW
------------------------------------------------------------
[SEQ 588] [IEEE-BASELINE]
SCORE    : anomaly_score=1091.366
DECISION : ALLOW
------------------------------------------------------------
[SEQ 589] [LAYER 7]
CMD      : M104 S200
TRUST    : acc_cmd=0.000 | acc_exec=0.333 | trust=0.141
DECISION : PAUSE
MACHINE  : Machine-3
------------------------------------------------------------
[SEQ 589] [STATIC-BASELINE]
CMD      : M104 | effects={'M': 104.0, 'S': 200.0, 'prev_temp': 220.0}
DECISION : ALLOW
------------------------------------------------------------
[SEQ 589] [IEEE-BASELINE]
SCORE    : anomaly_score=984.230
DECISION : ALLOW
------------------------------------------------------------
[SEQ 590] [LAYER 7]
CMD      : G1 F670.4 X164.335 Y119.153 E11.82944
TRUST    : acc_cmd=0.000 | acc_exec=0.000 | trust=0.218
DECISION : PAUSE
MACHINE  : Machine-3
------------------------------------------------------------
[SEQ 590] [STATIC-BASELINE]
CMD      : G1 | effects={'dx': -0.0660000000000025, 'dy': 0.038000000000010914, 'dz': 0.0, 'de': 0.0012500000000006395, 'xy_dist': 0.07615773105864669, 'params': {'G': 1.0, 'F': 670.4, 'X': 164.335, 'Y': 119.153, 'E': 11.82944}}
DECISION : ALLOW
------------------------------------------------------------
[SEQ 590] [IEEE-BASELINE]
SCORE    : anomaly_score=885.807
DECISION : ALLOW
------------------------------------------------------------
[SEQ 591] [LAYER 7]
CMD      : M104 S220
TRUST    : acc_cmd=0.000 | acc_exec=0.333 | trust=0.188
DECISION : PAUSE
MACHINE  : Machine-3
------------------------------------------------------------
[SEQ 591] [STATIC-BASELINE]
CMD      : M104 | effects={'M': 104.0, 'S': 220.0, 'prev_temp': 200.0}
DECISION : ALLOW
------------------------------------------------------------
[SEQ 591] [IEEE-BASELINE]
SCORE    : anomaly_score=799.226
DECISION : ALLOW
------------------------------------------------------------
[SEQ 592] [LAYER 7]
CMD      : M104 S200
TRUST    : acc_cmd=0.000 | acc_exec=0.333 | trust=0.151
DECISION : PAUSE
MACHINE  : Machine-3
------------------------------------------------------------
[SEQ 592] [STATIC-BASELINE]
CMD      : M104 | effects={'M': 104.0, 'S': 200.0, 'prev_temp': 220.0}
DECISION : ALLOW
------------------------------------------------------------
[SEQ 592] [IEEE-BASELINE]
SCORE    : anomaly_score=721.303
DECISION : ALLOW
------------------------------------------------------------
[SEQ 593] [LAYER 7]
CMD      : G1 F1500 E5.33114
TRUST    : acc_cmd=0.000 | acc_exec=0.000 | trust=0.233
DECISION : PAUSE
MACHINE  : Machine-3
------------------------------------------------------------
[SEQ 593] [STATIC-BASELINE]
CMD      : G1 | effects={'dx': 0.0, 'dy': 0.0, 'dz': 0.0, 'de': -6.4982999999999995, 'xy_dist': 0.0, 'params': {'G': 1.0, 'F': 1500.0, 'E': 5.33114}}
DECISION : ALLOW
------------------------------------------------------------
[SEQ 593] [IEEE-BASELINE]
SCORE    : anomaly_score=649.173
DECISION : ALLOW
------------------------------------------------------------
[SEQ 594] [LAYER 7]
CMD      : ;MESH:NONMESH
TRUST    : acc_cmd=0.000 | acc_exec=0.000 | trust=0.378
DECISION : PAUSE
MACHINE  : Machine-3
------------------------------------------------------------
[SEQ 594] [STATIC-BASELINE]
CMD      : None | effects={}
DECISION : ALLOW
------------------------------------------------------------
[SEQ 594] [IEEE-BASELINE]
SCORE    : anomaly_score=584.256
DECISION : ALLOW
------------------------------------------------------------
[SEQ 595] [LAYER 7]
CMD      : M104 S220
TRUST    : acc_cmd=0.000 | acc_exec=0.333 | trust=0.292
DECISION : PAUSE
MACHINE  : Machine-3
------------------------------------------------------------
[SEQ 595] [STATIC-BASELINE]
CMD      : M104 | effects={'M': 104.0, 'S': 220.0, 'prev_temp': 200.0}
DECISION : ALLOW
------------------------------------------------------------
[SEQ 595] [IEEE-BASELINE]
SCORE    : anomaly_score=527.830
DECISION : ALLOW
------------------------------------------------------------
[SEQ 596] [LAYER 7]
CMD      : G0 F7200 X163.637 Y118.506
TRUST    : acc_cmd=0.000 | acc_exec=0.000 | trust=0.369
DECISION : PAUSE
MACHINE  : Machine-3
------------------------------------------------------------
[SEQ 596] [STATIC-BASELINE]
CMD      : G0 | effects={'dx': -0.6980000000000075, 'dy': -0.6470000000000056, 'dz': 0.0, 'de': 0.0, 'xy_dist': 0.9517420869122147, 'params': {'G': 0.0, 'F': 7200.0, 'X': 163.637, 'Y': 118.506}}
DECISION : ALLOW
------------------------------------------------------------
[SEQ 596] [IEEE-BASELINE]
SCORE    : anomaly_score=475.047
DECISION : ALLOW
------------------------------------------------------------
[SEQ 597] [LAYER 7]
CMD      : M104 S200
TRUST    : acc_cmd=0.000 | acc_exec=0.333 | trust=0.279
DECISION : PAUSE
MACHINE  : Machine-3
------------------------------------------------------------
[SEQ 597] [STATIC-BASELINE]
CMD      : M104 | effects={'M': 104.0, 'S': 200.0, 'prev_temp': 220.0}
DECISION : ALLOW
------------------------------------------------------------
[SEQ 597] [IEEE-BASELINE]
SCORE    : anomaly_score=429.542
DECISION : ALLOW
------------------------------------------------------------
[SEQ 598] [LAYER 7]
CMD      : M104 S220
TRUST    : acc_cmd=0.000 | acc_exec=0.333 | trust=0.200
DECISION : PAUSE
MACHINE  : Machine-3
------------------------------------------------------------
[SEQ 598] [STATIC-BASELINE]
CMD      : M104 | effects={'M': 104.0, 'S': 220.0, 'prev_temp': 200.0}
DECISION : ALLOW
------------------------------------------------------------
[SEQ 598] [IEEE-BASELINE]
SCORE    : anomaly_score=388.588
DECISION : ALLOW
------------------------------------------------------------
[SEQ 599] [LAYER 8]
CMD      : M104 S200
TRUST    : acc_cmd=0.000 | acc_exec=0.333 | trust=0.150
DECISION : PAUSE
MACHINE  : Machine-3
------------------------------------------------------------
[SEQ 599] [STATIC-BASELINE]
CMD      : M104 | effects={'M': 104.0, 'S': 200.0, 'prev_temp': 220.0}
DECISION : ALLOW
------------------------------------------------------------
[SEQ 599] [IEEE-BASELINE]
SCORE    : anomaly_score=351.729
DECISION : ALLOW
------------------------------------------------------------
[SEQ 600] [LAYER 8]
CMD      : M104 S220
TRUST    : acc_cmd=0.000 | acc_exec=0.333 | trust=0.121
DECISION : PAUSE
MACHINE  : Machine-3
------------------------------------------------------------
[SEQ 600] [STATIC-BASELINE]
CMD      : M104 | effects={'M': 104.0, 'S': 220.0, 'prev_temp': 200.0}
DECISION : ALLOW
------------------------------------------------------------
[SEQ 600] [IEEE-BASELINE]
SCORE    : anomaly_score=318.556
DECISION : ALLOW
------------------------------------------------------------
[SEQ 601] [LAYER 8]
CMD      : M104 S200
TRUST    : acc_cmd=0.000 | acc_exec=0.333 | trust=0.104
DECISION : PAUSE
MACHINE  : Machine-3
------------------------------------------------------------
[SEQ 601] [STATIC-BASELINE]
CMD      : M104 | effects={'M': 104.0, 'S': 200.0, 'prev_temp': 220.0}
DECISION : ALLOW
------------------------------------------------------------
[SEQ 601] [IEEE-BASELINE]
SCORE    : anomaly_score=288.701
DECISION : ALLOW
------------------------------------------------------------
[SEQ 602] [LAYER 8]
CMD      : M104 S220
TRUST    : acc_cmd=0.000 | acc_exec=0.333 | trust=0.095
DECISION : PAUSE
MACHINE  : Machine-3
------------------------------------------------------------
[SEQ 602] [STATIC-BASELINE]
CMD      : M104 | effects={'M': 104.0, 'S': 220.0, 'prev_temp': 200.0}
DECISION : ALLOW
------------------------------------------------------------
[SEQ 602] [IEEE-BASELINE]
SCORE    : anomaly_score=261.831
DECISION : ALLOW
------------------------------------------------------------
[SEQ 603] [LAYER 8]
CMD      : M104 S200
TRUST    : acc_cmd=0.000 | acc_exec=0.333 | trust=0.089
DECISION : PAUSE
MACHINE  : Machine-3
------------------------------------------------------------
[SEQ 603] [STATIC-BASELINE]
CMD      : M104 | effects={'M': 104.0, 'S': 200.0, 'prev_temp': 220.0}
DECISION : ALLOW
------------------------------------------------------------
[SEQ 603] [IEEE-BASELINE]
SCORE    : anomaly_score=237.648
DECISION : ALLOW
------------------------------------------------------------
[SEQ 604] [LAYER 8]
CMD      : M82 ;absolute extrusion mode
TRUST    : acc_cmd=0.000 | acc_exec=0.000 | trust=0.173
DECISION : PAUSE
MACHINE  : Machine-3
------------------------------------------------------------
[SEQ 604] [STATIC-BASELINE]
CMD      : M82 | effects={'e_mode': 'absolute'}
DECISION : ALLOW
------------------------------------------------------------
[SEQ 604] [IEEE-BASELINE]
SCORE    : anomaly_score=213.883
DECISION : ALLOW
------------------------------------------------------------
[SEQ 605] [LAYER 8]
CMD      : M104 S220
TRUST    : acc_cmd=0.000 | acc_exec=0.333 | trust=0.161
DECISION : PAUSE
MACHINE  : Machine-3
------------------------------------------------------------
[SEQ 605] [STATIC-BASELINE]
CMD      : M104 | effects={'M': 104.0, 'S': 220.0, 'prev_temp': 200.0}
DECISION : ALLOW
------------------------------------------------------------
[SEQ 605] [IEEE-BASELINE]
SCORE    : anomaly_score=194.495
DECISION : ALLOW
------------------------------------------------------------
[SEQ 606] [LAYER 8]
CMD      : M104 T1 S0
TRUST    : acc_cmd=0.000 | acc_exec=0.000 | trust=0.258
DECISION : PAUSE
MACHINE  : Machine-3
------------------------------------------------------------
[SEQ 606] [STATIC-BASELINE]
CMD      : M104 | effects={'M': 104.0, 'T': 1.0, 'S': 0.0, 'prev_temp': 220.0}
DECISION : ALLOW
------------------------------------------------------------
[SEQ 606] [IEEE-BASELINE]
SCORE    : anomaly_score=175.045
DECISION : ALLOW
------------------------------------------------------------
[SEQ 607] [LAYER 8]
CMD      : M104 S200
TRUST    : acc_cmd=0.000 | acc_exec=0.000 | trust=0.408
DECISION : PAUSE
MACHINE  : Machine-3
------------------------------------------------------------
[SEQ 607] [STATIC-BASELINE]
CMD      : M104 | effects={'M': 104.0, 'S': 200.0, 'prev_temp': 0.0}
DECISION : ALLOW
------------------------------------------------------------
[SEQ 607] [IEEE-BASELINE]
SCORE    : anomaly_score=159.541
DECISION : ALLOW
------------------------------------------------------------

============================================================
DT-3 FINISHED
FINAL TRUST: 0.408
END TIME  : 2026-04-16 21:18:46.399609
============================================================
