============================================================
DT-4 SIMULATION LOG
START TIME: 2026-04-29 21:25:37.159955
============================================================

[SEQ 0] [LAYER INIT]
CMD      : ;START_OF_HEADER
TRUST    : acc_cmd=0.000 | acc_exec=0.000 | trust=0.900
DECISION : ALLOW
MACHINE  : Machine-4
------------------------------------------------------------
[SEQ 0] [STATIC-BASELINE]
CMD      : None | effects={}
DECISION : ALLOW
------------------------------------------------------------
[SEQ 0] [IEEE-BASELINE]
SCORE    : anomaly_score=0.000
DECISION : ALLOW
------------------------------------------------------------
[SEQ 1] [LAYER INIT]
CMD      : ;HEADER_VERSION:0.1
TRUST    : acc_cmd=0.000 | acc_exec=0.000 | trust=0.960
DECISION : ALLOW
MACHINE  : Machine-4
------------------------------------------------------------
[SEQ 1] [STATIC-BASELINE]
CMD      : None | effects={}
DECISION : ALLOW
------------------------------------------------------------
[SEQ 1] [IEEE-BASELINE]
SCORE    : anomaly_score=0.000
DECISION : ALLOW
------------------------------------------------------------
[SEQ 2] [LAYER INIT]
CMD      : G1 X0.1 Y0.1 E20 F600
TRUST    : acc_cmd=0.000 | acc_exec=1.000 | trust=0.414
DECISION : PAUSE
MACHINE  : Machine-4
------------------------------------------------------------
[SEQ 2] [STATIC-BASELINE]
CMD      : G1 | effects={'dx': 0.1, 'dy': 0.1, 'dz': 0.0, 'de': 20.0, 'xy_dist': 0.14142135623730953, 'params': {'G': 1.0, 'X': 0.1, 'Y': 0.1, 'E': 20.0, 'F': 600.0}}
DECISION : ALLOW
------------------------------------------------------------
[SEQ 2] [IEEE-BASELINE]
SCORE    : anomaly_score=0.000
DECISION : ALLOW
------------------------------------------------------------
[SEQ 3] [LAYER INIT]
CMD      : ;GENERATOR.NAME:Cura_SteamEngine
TRUST    : acc_cmd=0.000 | acc_exec=0.000 | trust=0.265
DECISION : PAUSE
MACHINE  : Machine-4
------------------------------------------------------------
[SEQ 3] [STATIC-BASELINE]
CMD      : None | effects={}
DECISION : ALLOW
------------------------------------------------------------
[SEQ 3] [IEEE-BASELINE]
SCORE    : anomaly_score=0.000
DECISION : ALLOW
------------------------------------------------------------
[SEQ 4] [LAYER INIT]
CMD      : G1 X0.1 Y0.1 E20 F600
TRUST    : acc_cmd=0.000 | acc_exec=0.000 | trust=0.310
DECISION : PAUSE
MACHINE  : Machine-4
------------------------------------------------------------
[SEQ 4] [STATIC-BASELINE]
CMD      : G1 | effects={'dx': 0.0, 'dy': 0.0, 'dz': 0.0, 'de': 0.0, 'xy_dist': 0.0, 'params': {'G': 1.0, 'X': 0.1, 'Y': 0.1, 'E': 20.0, 'F': 600.0}}
DECISION : ALLOW
------------------------------------------------------------
[SEQ 4] [IEEE-BASELINE]
SCORE    : anomaly_score=0.000
DECISION : ALLOW
------------------------------------------------------------
[SEQ 5] [LAYER INIT]
CMD      : ;GENERATOR.BUILD_DATE:2025-10-23
TRUST    : acc_cmd=0.000 | acc_exec=0.000 | trust=0.438
DECISION : PAUSE
MACHINE  : Machine-4
------------------------------------------------------------
[SEQ 5] [STATIC-BASELINE]
CMD      : None | effects={}
DECISION : ALLOW
------------------------------------------------------------
[SEQ 5] [IEEE-BASELINE]
SCORE    : anomaly_score=0.000
DECISION : ALLOW
------------------------------------------------------------
[SEQ 6] [LAYER INIT]
CMD      : G1 X0.1 Y0.1 E20 F600
TRUST    : acc_cmd=0.000 | acc_exec=0.000 | trust=0.582
DECISION : ALLOW
MACHINE  : Machine-4
------------------------------------------------------------
[SEQ 6] [STATIC-BASELINE]
CMD      : G1 | effects={'dx': 0.0, 'dy': 0.0, 'dz': 0.0, 'de': 0.0, 'xy_dist': 0.0, 'params': {'G': 1.0, 'X': 0.1, 'Y': 0.1, 'E': 20.0, 'F': 600.0}}
DECISION : ALLOW
------------------------------------------------------------
[SEQ 6] [IEEE-BASELINE]
SCORE    : anomaly_score=0.000
DECISION : ALLOW
------------------------------------------------------------
[SEQ 7] [LAYER INIT]
CMD      : G1 X0.1 Y0.1 E20 F600
TRUST    : acc_cmd=0.000 | acc_exec=1.000 | trust=0.256
DECISION : PAUSE
MACHINE  : Machine-4
------------------------------------------------------------
[SEQ 7] [STATIC-BASELINE]
CMD      : G1 | effects={'dx': 0.0, 'dy': 0.0, 'dz': 0.0, 'de': 0.0, 'xy_dist': 0.0, 'params': {'G': 1.0, 'X': 0.1, 'Y': 0.1, 'E': 20.0, 'F': 600.0}}
DECISION : ALLOW
------------------------------------------------------------
[SEQ 7] [IEEE-BASELINE]
SCORE    : anomaly_score=0.000
DECISION : ALLOW
------------------------------------------------------------
[SEQ 8] [LAYER INIT]
CMD      : ;EXTRUDER_TRAIN.0.NOZZLE.DIAMETER:0.4
TRUST    : acc_cmd=0.000 | acc_exec=0.000 | trust=0.189
DECISION : PAUSE
MACHINE  : Machine-4
------------------------------------------------------------
[SEQ 8] [STATIC-BASELINE]
CMD      : None | effects={}
DECISION : ALLOW
------------------------------------------------------------
[SEQ 8] [IEEE-BASELINE]
SCORE    : anomaly_score=0.000
DECISION : ALLOW
------------------------------------------------------------
[SEQ 9] [LAYER INIT]
CMD      : ;EXTRUDER_TRAIN.0.NOZZLE.NAME:unknown
TRUST    : acc_cmd=0.000 | acc_exec=0.000 | trust=0.263
DECISION : PAUSE
MACHINE  : Machine-4
------------------------------------------------------------
[SEQ 9] [STATIC-BASELINE]
CMD      : None | effects={}
DECISION : ALLOW
------------------------------------------------------------
[SEQ 9] [IEEE-BASELINE]
SCORE    : anomaly_score=0.000
DECISION : ALLOW
------------------------------------------------------------
[SEQ 10] [LAYER INIT]
CMD      : G1 X0.1 Y0.1 E20 F600
TRUST    : acc_cmd=0.000 | acc_exec=1.000 | trust=0.120
DECISION : PAUSE
MACHINE  : Machine-4
------------------------------------------------------------
[SEQ 10] [STATIC-BASELINE]
CMD      : G1 | effects={'dx': 0.0, 'dy': 0.0, 'dz': 0.0, 'de': 0.0, 'xy_dist': 0.0, 'params': {'G': 1.0, 'X': 0.1, 'Y': 0.1, 'E': 20.0, 'F': 600.0}}
DECISION : ALLOW
------------------------------------------------------------
[SEQ 10] [IEEE-BASELINE]
SCORE    : anomaly_score=0.000
DECISION : ALLOW
------------------------------------------------------------
[SEQ 11] [LAYER INIT]
CMD      : ;BUILD_VOLUME.TEMPERATURE:0
TRUST    : acc_cmd=0.000 | acc_exec=0.000 | trust=0.113
DECISION : PAUSE
MACHINE  : Machine-4
------------------------------------------------------------
[SEQ 11] [STATIC-BASELINE]
CMD      : None | effects={}
DECISION : ALLOW
------------------------------------------------------------
[SEQ 11] [IEEE-BASELINE]
SCORE    : anomaly_score=0.000
DECISION : ALLOW
------------------------------------------------------------
[SEQ 12] [LAYER INIT]
CMD      : ;PRINT.GROUPS:1
TRUST    : acc_cmd=0.000 | acc_exec=0.000 | trust=0.204
DECISION : PAUSE
MACHINE  : Machine-4
------------------------------------------------------------
[SEQ 12] [STATIC-BASELINE]
CMD      : None | effects={}
DECISION : ALLOW
------------------------------------------------------------
[SEQ 12] [IEEE-BASELINE]
SCORE    : anomaly_score=0.000
DECISION : ALLOW
------------------------------------------------------------
[SEQ 13] [LAYER INIT]
CMD      : G1 X0.1 Y0.1 E20 F600
TRUST    : acc_cmd=0.000 | acc_exec=1.000 | trust=0.095
DECISION : PAUSE
MACHINE  : Machine-4
------------------------------------------------------------
[SEQ 13] [STATIC-BASELINE]
CMD      : G1 | effects={'dx': 0.0, 'dy': 0.0, 'dz': 0.0, 'de': 0.0, 'xy_dist': 0.0, 'params': {'G': 1.0, 'X': 0.1, 'Y': 0.1, 'E': 20.0, 'F': 600.0}}
DECISION : ALLOW
------------------------------------------------------------
[SEQ 13] [IEEE-BASELINE]
SCORE    : anomaly_score=0.000
DECISION : ALLOW
------------------------------------------------------------
[SEQ 14] [LAYER INIT]
CMD      : ;PRINT.SIZE.MIN.Y:0
TRUST    : acc_cmd=0.000 | acc_exec=0.000 | trust=0.099
DECISION : PAUSE
MACHINE  : Machine-4
------------------------------------------------------------
[SEQ 14] [STATIC-BASELINE]
CMD      : None | effects={}
DECISION : ALLOW
------------------------------------------------------------
[SEQ 14] [IEEE-BASELINE]
SCORE    : anomaly_score=0.000
DECISION : ALLOW
------------------------------------------------------------
[SEQ 15] [LAYER INIT]
CMD      : ;PRINT.SIZE.MIN.Z:0
TRUST    : acc_cmd=0.000 | acc_exec=0.000 | trust=0.193
DECISION : PAUSE
MACHINE  : Machine-4
------------------------------------------------------------
[SEQ 15] [STATIC-BASELINE]
CMD      : None | effects={}
DECISION : ALLOW
------------------------------------------------------------
[SEQ 15] [IEEE-BASELINE]
SCORE    : anomaly_score=0.000
DECISION : ALLOW
------------------------------------------------------------
[SEQ 16] [LAYER INIT]
CMD      : ;PRINT.SIZE.MAX.X:0.01
TRUST    : acc_cmd=0.000 | acc_exec=0.000 | trust=0.341
DECISION : PAUSE
MACHINE  : Machine-4
------------------------------------------------------------
[SEQ 16] [STATIC-BASELINE]
CMD      : None | effects={}
DECISION : ALLOW
------------------------------------------------------------
[SEQ 16] [IEEE-BASELINE]
SCORE    : anomaly_score=0.000
DECISION : ALLOW
------------------------------------------------------------
[SEQ 17] [LAYER INIT]
CMD      : ;PRINT.SIZE.MAX.Y:0.01
TRUST    : acc_cmd=0.000 | acc_exec=0.000 | trust=0.503
DECISION : ALLOW
MACHINE  : Machine-4
------------------------------------------------------------
[SEQ 17] [STATIC-BASELINE]
CMD      : None | effects={}
DECISION : ALLOW
------------------------------------------------------------
[SEQ 17] [IEEE-BASELINE]
SCORE    : anomaly_score=0.000
DECISION : ALLOW
------------------------------------------------------------
[SEQ 18] [LAYER INIT]
CMD      : ;PRINT.SIZE.MAX.Z:0.01
TRUST    : acc_cmd=0.000 | acc_exec=0.000 | trust=0.648
DECISION : ALLOW
MACHINE  : Machine-4
------------------------------------------------------------
[SEQ 18] [STATIC-BASELINE]
CMD      : None | effects={}
DECISION : ALLOW
------------------------------------------------------------
[SEQ 18] [IEEE-BASELINE]
SCORE    : anomaly_score=0.000
DECISION : ALLOW
------------------------------------------------------------
[SEQ 19] [LAYER INIT]
CMD      : ;SLICE_UUID:87c93e90-932d-4617-95d6-4dd6fda87fcd
TRUST    : acc_cmd=0.000 | acc_exec=0.000 | trust=0.762
DECISION : ALLOW
MACHINE  : Machine-4
------------------------------------------------------------
[SEQ 19] [STATIC-BASELINE]
CMD      : None | effects={}
DECISION : ALLOW
------------------------------------------------------------
[SEQ 19] [IEEE-BASELINE]
SCORE    : anomaly_score=0.000
DECISION : ALLOW
------------------------------------------------------------
[SEQ 20] [LAYER INIT]
CMD      : ;END_OF_HEADER
TRUST    : acc_cmd=0.000 | acc_exec=0.000 | trust=0.844
DECISION : ALLOW
MACHINE  : Machine-4
------------------------------------------------------------
[SEQ 20] [STATIC-BASELINE]
CMD      : None | effects={}
DECISION : ALLOW
------------------------------------------------------------
[SEQ 20] [IEEE-BASELINE]
SCORE    : anomaly_score=0.000
DECISION : ALLOW
------------------------------------------------------------
[SEQ 21] [LAYER INIT]
CMD      : 
TRUST    : acc_cmd=0.000 | acc_exec=0.000 | trust=0.901
DECISION : ALLOW
MACHINE  : Machine-4
------------------------------------------------------------
[SEQ 21] [STATIC-BASELINE]
CMD      : None | effects={}
DECISION : ALLOW
------------------------------------------------------------
[SEQ 21] [IEEE-BASELINE]
SCORE    : anomaly_score=0.000
DECISION : ALLOW
------------------------------------------------------------
[SEQ 22] [LAYER INIT]
CMD      : ;Generated with Cura_SteamEngine 5.11.0
TRUST    : acc_cmd=0.000 | acc_exec=0.000 | trust=0.938
DECISION : ALLOW
MACHINE  : Machine-4
------------------------------------------------------------
[SEQ 22] [STATIC-BASELINE]
CMD      : None | effects={}
DECISION : ALLOW
------------------------------------------------------------
[SEQ 22] [IEEE-BASELINE]
SCORE    : anomaly_score=0.000
DECISION : ALLOW
------------------------------------------------------------
[SEQ 23] [LAYER INIT]
CMD      : T0
TRUST    : acc_cmd=0.000 | acc_exec=0.000 | trust=0.961
DECISION : ALLOW
MACHINE  : Machine-4
------------------------------------------------------------
[SEQ 23] [STATIC-BASELINE]
CMD      : T0 | effects={'T': 0.0}
DECISION : ALLOW
------------------------------------------------------------
[SEQ 23] [IEEE-BASELINE]
SCORE    : anomaly_score=0.000
DECISION : ALLOW
------------------------------------------------------------
[SEQ 24] [LAYER INIT]
CMD      : 
TRUST    : acc_cmd=0.000 | acc_exec=0.000 | trust=0.976
DECISION : ALLOW
MACHINE  : Machine-4
------------------------------------------------------------
[SEQ 24] [STATIC-BASELINE]
CMD      : None | effects={}
DECISION : ALLOW
------------------------------------------------------------
[SEQ 24] [IEEE-BASELINE]
SCORE    : anomaly_score=0.000
DECISION : ALLOW
------------------------------------------------------------
[SEQ 25] [LAYER INIT]
CMD      : M82 ;absolute extrusion mode
TRUST    : acc_cmd=0.000 | acc_exec=0.000 | trust=0.986
DECISION : ALLOW
MACHINE  : Machine-4
------------------------------------------------------------
[SEQ 25] [STATIC-BASELINE]
CMD      : M82 | effects={'e_mode': 'absolute'}
DECISION : ALLOW
------------------------------------------------------------
[SEQ 25] [IEEE-BASELINE]
SCORE    : anomaly_score=0.000
DECISION : ALLOW
------------------------------------------------------------
[SEQ 26] [LAYER INIT]
CMD      : G1 X0.1 Y0.1 E20 F600
TRUST    : acc_cmd=0.000 | acc_exec=1.000 | trust=0.424
DECISION : PAUSE
MACHINE  : Machine-4
------------------------------------------------------------
[SEQ 26] [STATIC-BASELINE]
CMD      : G1 | effects={'dx': 0.0, 'dy': 0.0, 'dz': 0.0, 'de': 0.0, 'xy_dist': 0.0, 'params': {'G': 1.0, 'X': 0.1, 'Y': 0.1, 'E': 20.0, 'F': 600.0}}
DECISION : ALLOW
------------------------------------------------------------
[SEQ 26] [IEEE-BASELINE]
SCORE    : anomaly_score=0.000
DECISION : ALLOW
------------------------------------------------------------
[SEQ 27] [LAYER INIT]
CMD      : G1 X0.1 Y0.1 E20 F600
TRUST    : acc_cmd=0.000 | acc_exec=1.000 | trust=0.175
DECISION : PAUSE
MACHINE  : Machine-4
------------------------------------------------------------
[SEQ 27] [STATIC-BASELINE]
CMD      : G1 | effects={'dx': 0.0, 'dy': 0.0, 'dz': 0.0, 'de': 0.0, 'xy_dist': 0.0, 'params': {'G': 1.0, 'X': 0.1, 'Y': 0.1, 'E': 20.0, 'F': 600.0}}
DECISION : ALLOW
------------------------------------------------------------
[SEQ 27] [IEEE-BASELINE]
SCORE    : anomaly_score=0.000
DECISION : ALLOW
------------------------------------------------------------
[SEQ 28] [LAYER INIT]
CMD      : M104 S215
TRUST    : acc_cmd=0.000 | acc_exec=0.000 | trust=0.103
DECISION : PAUSE
MACHINE  : Machine-4
------------------------------------------------------------
[SEQ 28] [STATIC-BASELINE]
CMD      : M104 | effects={'M': 104.0, 'S': 215.0, 'prev_temp': None}
DECISION : ALLOW
------------------------------------------------------------
[SEQ 28] [IEEE-BASELINE]
SCORE    : anomaly_score=0.000
DECISION : ALLOW
------------------------------------------------------------
[SEQ 29] [LAYER INIT]
CMD      : M109 S215
TRUST    : acc_cmd=0.000 | acc_exec=0.000 | trust=0.148
DECISION : PAUSE
MACHINE  : Machine-4
------------------------------------------------------------
[SEQ 29] [STATIC-BASELINE]
CMD      : M109 | effects={'M': 109.0, 'S': 215.0, 'prev_temp': 215.0}
DECISION : ALLOW
------------------------------------------------------------
[SEQ 29] [IEEE-BASELINE]
SCORE    : anomaly_score=0.000
DECISION : ALLOW
------------------------------------------------------------
[SEQ 30] [LAYER INIT]
CMD      : G280 S1
TRUST    : acc_cmd=0.000 | acc_exec=0.000 | trust=0.272
DECISION : PAUSE
MACHINE  : Machine-4
------------------------------------------------------------
[SEQ 30] [STATIC-BASELINE]
CMD      : G280 | effects={'G': 280.0, 'S': 1.0}
DECISION : ALLOW
------------------------------------------------------------
[SEQ 30] [IEEE-BASELINE]
SCORE    : anomaly_score=0.000
DECISION : ALLOW
------------------------------------------------------------
[SEQ 31] [LAYER INIT]
CMD      : G1 X0.1 Y0.1 E20 F600
TRUST    : acc_cmd=0.000 | acc_exec=1.000 | trust=0.125
DECISION : PAUSE
MACHINE  : Machine-4
------------------------------------------------------------
[SEQ 31] [STATIC-BASELINE]
CMD      : G1 | effects={'dx': 0.0, 'dy': 0.0, 'dz': 0.0, 'de': 0.0, 'xy_dist': 0.0, 'params': {'G': 1.0, 'X': 0.1, 'Y': 0.1, 'E': 20.0, 'F': 600.0}}
DECISION : ALLOW
------------------------------------------------------------
[SEQ 31] [IEEE-BASELINE]
SCORE    : anomaly_score=0.000
DECISION : ALLOW
------------------------------------------------------------
[SEQ 32] [LAYER INIT]
CMD      : G1 F1500 E-6.5
TRUST    : acc_cmd=0.000 | acc_exec=1.000 | trust=0.053
DECISION : PAUSE
MACHINE  : Machine-4
------------------------------------------------------------
[SEQ 32] [STATIC-BASELINE]
CMD      : G1 | effects={'dx': 0.0, 'dy': 0.0, 'dz': 0.0, 'de': -26.5, 'xy_dist': 0.0, 'params': {'G': 1.0, 'F': 1500.0, 'E': -6.5}}
DECISION : ALLOW
------------------------------------------------------------
[SEQ 32] [IEEE-BASELINE]
SCORE    : anomaly_score=0.000
DECISION : ALLOW
------------------------------------------------------------
[SEQ 33] [LAYER INIT]
CMD      : ;LAYER_COUNT:9
TRUST    : acc_cmd=0.000 | acc_exec=0.000 | trust=0.048
DECISION : PAUSE
MACHINE  : Machine-4
------------------------------------------------------------
[SEQ 33] [STATIC-BASELINE]
CMD      : None | effects={}
DECISION : ALLOW
------------------------------------------------------------
[SEQ 33] [IEEE-BASELINE]
SCORE    : anomaly_score=0.000
DECISION : ALLOW
------------------------------------------------------------
[SEQ 34] [LAYER 0]
CMD      : ;LAYER:0
TRUST    : acc_cmd=0.000 | acc_exec=0.000 | trust=0.112
DECISION : PAUSE
MACHINE  : Machine-4
------------------------------------------------------------
[SEQ 34] [STATIC-BASELINE]
CMD      : None | effects={}
DECISION : ALLOW
------------------------------------------------------------
[SEQ 34] [IEEE-BASELINE]
SCORE    : anomaly_score=0.000
DECISION : ALLOW
------------------------------------------------------------
[SEQ 35] [LAYER 0]
CMD      : M107
TRUST    : acc_cmd=0.000 | acc_exec=0.000 | trust=0.241
DECISION : PAUSE
MACHINE  : Machine-4
------------------------------------------------------------
[SEQ 35] [STATIC-BASELINE]
CMD      : M107 | effects={'M': 107.0}
DECISION : ALLOW
------------------------------------------------------------
[SEQ 35] [IEEE-BASELINE]
SCORE    : anomaly_score=0.000
DECISION : ALLOW
------------------------------------------------------------
[SEQ 36] [LAYER 0]
CMD      : M104 S0
TRUST    : acc_cmd=0.000 | acc_exec=0.000 | trust=0.403
DECISION : PAUSE
MACHINE  : Machine-4
------------------------------------------------------------
[SEQ 36] [STATIC-BASELINE]
CMD      : M104 | effects={'M': 104.0, 'S': 0.0, 'prev_temp': 215.0}
DECISION : ALLOW
------------------------------------------------------------
[SEQ 36] [IEEE-BASELINE]
SCORE    : anomaly_score=0.000
DECISION : ALLOW
------------------------------------------------------------
[SEQ 37] [LAYER 0]
CMD      : G0 F3600 X157.878 Y114.798 Z0.2
TRUST    : acc_cmd=0.000 | acc_exec=0.000 | trust=0.563
DECISION : ALLOW
MACHINE  : Machine-4
------------------------------------------------------------
[SEQ 37] [STATIC-BASELINE]
CMD      : G0 | effects={'dx': 157.778, 'dy': 114.69800000000001, 'dz': 0.2, 'de': 0.0, 'xy_dist': 195.06288341968084, 'params': {'G': 0.0, 'F': 3600.0, 'X': 157.878, 'Y': 114.798, 'Z': 0.2}}
DECISION : ALLOW
------------------------------------------------------------
[SEQ 37] [IEEE-BASELINE]
SCORE    : anomaly_score=0.000
DECISION : ALLOW
------------------------------------------------------------
[SEQ 38] [LAYER 0]
CMD      : G1 X0.1 Y0.1 E20 F600
TRUST    : acc_cmd=1.000 | acc_exec=0.132 | trust=0.255
DECISION : PAUSE
MACHINE  : Machine-4
------------------------------------------------------------
[SEQ 38] [STATIC-BASELINE]
CMD      : G1 | effects={'dx': -157.778, 'dy': -114.69800000000001, 'dz': 0.0, 'de': 26.5, 'xy_dist': 195.06288341968084, 'params': {'G': 1.0, 'X': 0.1, 'Y': 0.1, 'E': 20.0, 'F': 600.0}}
DECISION : ALLOW
------------------------------------------------------------
[SEQ 38] [IEEE-BASELINE]
SCORE    : anomaly_score=0.000
DECISION : ALLOW
------------------------------------------------------------
[SEQ 39] [LAYER 0]
CMD      : G1 X0.1 Y0.1 E20 F600
TRUST    : acc_cmd=1.000 | acc_exec=0.000 | trust=0.107
DECISION : PAUSE
MACHINE  : Machine-4
------------------------------------------------------------
[SEQ 39] [STATIC-BASELINE]
CMD      : G1 | effects={'dx': 0.0, 'dy': 0.0, 'dz': 0.0, 'de': 0.0, 'xy_dist': 0.0, 'params': {'G': 1.0, 'X': 0.1, 'Y': 0.1, 'E': 20.0, 'F': 600.0}}
DECISION : ALLOW
------------------------------------------------------------
[SEQ 39] [IEEE-BASELINE]
SCORE    : anomaly_score=0.000
DECISION : ALLOW
------------------------------------------------------------
[SEQ 40] [LAYER 0]
CMD      : G1 F1800 X159.31 Y113.268 E0.03942
TRUST    : acc_cmd=0.000 | acc_exec=1.000 | trust=0.067
DECISION : PAUSE
MACHINE  : Machine-4
------------------------------------------------------------
[SEQ 40] [STATIC-BASELINE]
CMD      : G1 | effects={'dx': 159.21, 'dy': 113.168, 'dz': 0.0, 'de': -19.96058, 'xy_dist': 195.3325889963065, 'params': {'G': 1.0, 'F': 1800.0, 'X': 159.31, 'Y': 113.268, 'E': 0.03942}}
DECISION : ALLOW
------------------------------------------------------------
[SEQ 40] [IEEE-BASELINE]
SCORE    : anomaly_score=0.000
DECISION : ALLOW
------------------------------------------------------------
[SEQ 41] [LAYER 0]
CMD      : G1 X0.1 Y0.1 E20 F600
TRUST    : acc_cmd=1.000 | acc_exec=0.000 | trust=0.032
DECISION : PAUSE
MACHINE  : Machine-4
------------------------------------------------------------
[SEQ 41] [STATIC-BASELINE]
CMD      : G1 | effects={'dx': -159.21, 'dy': -113.168, 'dz': 0.0, 'de': 19.96058, 'xy_dist': 195.3325889963065, 'params': {'G': 1.0, 'X': 0.1, 'Y': 0.1, 'E': 20.0, 'F': 600.0}}
DECISION : ALLOW
------------------------------------------------------------
[SEQ 41] [IEEE-BASELINE]
SCORE    : anomaly_score=0.000
DECISION : ALLOW
------------------------------------------------------------
[SEQ 42] [LAYER 0]
CMD      : G1 X162.25 Y111.664 E0.10283
TRUST    : acc_cmd=0.000 | acc_exec=1.000 | trust=0.022
DECISION : PAUSE
MACHINE  : Machine-4
------------------------------------------------------------
[SEQ 42] [STATIC-BASELINE]
CMD      : G1 | effects={'dx': 162.15, 'dy': 111.56400000000001, 'dz': 0.0, 'de': -19.89717, 'xy_dist': 196.8226323266712, 'params': {'G': 1.0, 'X': 162.25, 'Y': 111.664, 'E': 0.10283}}
DECISION : ALLOW
------------------------------------------------------------
[SEQ 42] [IEEE-BASELINE]
SCORE    : anomaly_score=0.000
DECISION : ALLOW
------------------------------------------------------------
[SEQ 43] [LAYER 0]
CMD      : G1 X163.61 Y111.261 E0.12951
TRUST    : acc_cmd=0.000 | acc_exec=0.000 | trust=0.058
DECISION : PAUSE
MACHINE  : Machine-4
------------------------------------------------------------
[SEQ 43] [STATIC-BASELINE]
CMD      : G1 | effects={'dx': 1.3600000000000136, 'dy': -0.4030000000000058, 'dz': 0.0, 'de': 0.02667999999999998, 'xy_dist': 1.4184530305935554, 'params': {'G': 1.0, 'X': 163.61, 'Y': 111.261, 'E': 0.12951}}
DECISION : ALLOW
------------------------------------------------------------
[SEQ 43] [IEEE-BASELINE]
SCORE    : anomaly_score=0.000
DECISION : ALLOW
------------------------------------------------------------
[SEQ 44] [LAYER 0]
CMD      : G1 X0.1 Y0.1 E20 F600
TRUST    : acc_cmd=1.000 | acc_exec=0.000 | trust=0.034
DECISION : PAUSE
MACHINE  : Machine-4
------------------------------------------------------------
[SEQ 44] [STATIC-BASELINE]
CMD      : G1 | effects={'dx': -163.51000000000002, 'dy': -111.161, 'dz': 0.0, 'de': 19.87049, 'xy_dist': 197.7176977941024, 'params': {'G': 1.0, 'X': 0.1, 'Y': 0.1, 'E': 20.0, 'F': 600.0}}
DECISION : ALLOW
------------------------------------------------------------
[SEQ 44] [IEEE-BASELINE]
SCORE    : anomaly_score=0.000
DECISION : ALLOW
------------------------------------------------------------
[SEQ 45] [LAYER 0]
CMD      : G1 X168.166 Y111.744 E0.21638
TRUST    : acc_cmd=0.000 | acc_exec=1.000 | trust=0.026
DECISION : PAUSE
MACHINE  : Machine-4
------------------------------------------------------------
[SEQ 45] [STATIC-BASELINE]
CMD      : G1 | effects={'dx': 168.066, 'dy': 111.644, 'dz': 0.0, 'de': -19.78362, 'xy_dist': 201.76858797146795, 'params': {'G': 1.0, 'X': 168.166, 'Y': 111.744, 'E': 0.21638}}
DECISION : ALLOW
------------------------------------------------------------
[SEQ 45] [IEEE-BASELINE]
SCORE    : anomaly_score=0.000
DECISION : ALLOW
------------------------------------------------------------
[SEQ 46] [LAYER 0]
CMD      : G1 X0.1 Y0.1 E20 F600
TRUST    : acc_cmd=1.000 | acc_exec=0.000 | trust=0.017
DECISION : PAUSE
MACHINE  : Machine-4
------------------------------------------------------------
[SEQ 46] [STATIC-BASELINE]
CMD      : G1 | effects={'dx': -168.066, 'dy': -111.644, 'dz': 0.0, 'de': 19.78362, 'xy_dist': 201.76858797146795, 'params': {'G': 1.0, 'X': 0.1, 'Y': 0.1, 'E': 20.0, 'F': 600.0}}
DECISION : ALLOW
------------------------------------------------------------
[SEQ 46] [IEEE-BASELINE]
SCORE    : anomaly_score=0.000
DECISION : ALLOW
------------------------------------------------------------
[SEQ 47] [LAYER 0]
CMD      : G1 X172.334 Y115.094 E0.31868
TRUST    : acc_cmd=0.000 | acc_exec=1.000 | trust=0.014
DECISION : PAUSE
MACHINE  : Machine-4
------------------------------------------------------------
[SEQ 47] [STATIC-BASELINE]
CMD      : G1 | effects={'dx': 172.234, 'dy': 114.994, 'dz': 0.0, 'de': -19.68132, 'xy_dist': 207.09459382610643, 'params': {'G': 1.0, 'X': 172.334, 'Y': 115.094, 'E': 0.31868}}
DECISION : ALLOW
------------------------------------------------------------
[SEQ 47] [IEEE-BASELINE]
SCORE    : anomaly_score=0.000
DECISION : ALLOW
------------------------------------------------------------
[SEQ 48] [LAYER 0]
CMD      : G1 X172.834 Y115.87 E0.33605
TRUST    : acc_cmd=0.000 | acc_exec=0.000 | trust=0.048
DECISION : PAUSE
MACHINE  : Machine-4
------------------------------------------------------------
[SEQ 48] [STATIC-BASELINE]
CMD      : G1 | effects={'dx': 0.5, 'dy': 0.7760000000000105, 'dz': 0.0, 'de': 0.017369999999999997, 'xy_dist': 0.9231337931199444, 'params': {'G': 1.0, 'X': 172.834, 'Y': 115.87, 'E': 0.33605}}
DECISION : ALLOW
------------------------------------------------------------
[SEQ 48] [IEEE-BASELINE]
SCORE    : anomaly_score=0.000
DECISION : ALLOW
------------------------------------------------------------
[SEQ 49] [LAYER 0]
CMD      : G1 X173.79 Y118.663 E0.39158
TRUST    : acc_cmd=0.000 | acc_exec=0.000 | trust=0.142
DECISION : PAUSE
MACHINE  : Machine-4
------------------------------------------------------------
[SEQ 49] [STATIC-BASELINE]
CMD      : G1 | effects={'dx': 0.9559999999999889, 'dy': 2.792999999999992, 'dz': 0.0, 'de': 0.05552999999999997, 'xy_dist': 2.9520814690655026, 'params': {'G': 1.0, 'X': 173.79, 'Y': 118.663, 'E': 0.39158}}
DECISION : ALLOW
------------------------------------------------------------
[SEQ 49] [IEEE-BASELINE]
SCORE    : anomaly_score=0.000
DECISION : ALLOW
------------------------------------------------------------
[SEQ 50] [LAYER 0]
CMD      : G1 X173.743 Y121.418 E0.44341
TRUST    : acc_cmd=0.000 | acc_exec=0.000 | trust=0.289
DECISION : PAUSE
MACHINE  : Machine-4
------------------------------------------------------------
[SEQ 50] [STATIC-BASELINE]
CMD      : G1 | effects={'dx': -0.046999999999997044, 'dy': 2.7550000000000097, 'dz': 0.0, 'de': 0.05183000000000004, 'xy_dist': 2.755400878275256, 'params': {'G': 1.0, 'X': 173.743, 'Y': 121.418, 'E': 0.44341}}
DECISION : ALLOW
------------------------------------------------------------
[SEQ 50] [IEEE-BASELINE]
SCORE    : anomaly_score=0.000
DECISION : ALLOW
------------------------------------------------------------
[SEQ 51] [LAYER 0]
CMD      : G1 X173.025 Y123.733 E0.489
TRUST    : acc_cmd=0.000 | acc_exec=0.000 | trust=0.455
DECISION : PAUSE
MACHINE  : Machine-4
------------------------------------------------------------
[SEQ 51] [STATIC-BASELINE]
CMD      : G1 | effects={'dx': -0.7179999999999893, 'dy': 2.3149999999999977, 'dz': 0.0, 'de': 0.045589999999999964, 'xy_dist': 2.423788150808559, 'params': {'G': 1.0, 'X': 173.025, 'Y': 123.733, 'E': 0.489}}
DECISION : ALLOW
------------------------------------------------------------
[SEQ 51] [IEEE-BASELINE]
SCORE    : anomaly_score=0.000
DECISION : ALLOW
------------------------------------------------------------
[SEQ 52] [LAYER 0]
CMD      : G1 X171.718 Y125.767 E0.53448
TRUST    : acc_cmd=0.000 | acc_exec=0.000 | trust=0.608
DECISION : ALLOW
MACHINE  : Machine-4
------------------------------------------------------------
[SEQ 52] [STATIC-BASELINE]
CMD      : G1 | effects={'dx': -1.3070000000000164, 'dy': 2.033999999999992, 'dz': 0.0, 'de': 0.045479999999999965, 'xy_dist': 2.417727238544499, 'params': {'G': 1.0, 'X': 171.718, 'Y': 125.767, 'E': 0.53448}}
DECISION : ALLOW
------------------------------------------------------------
[SEQ 52] [IEEE-BASELINE]
SCORE    : anomaly_score=0.000
DECISION : ALLOW
------------------------------------------------------------
[SEQ 53] [LAYER 0]
CMD      : G1 X169.985 Y127.264 E0.57756
TRUST    : acc_cmd=0.000 | acc_exec=0.000 | trust=0.732
DECISION : ALLOW
MACHINE  : Machine-4
------------------------------------------------------------
[SEQ 53] [STATIC-BASELINE]
CMD      : G1 | effects={'dx': -1.7329999999999757, 'dy': 1.4969999999999999, 'dz': 0.0, 'de': 0.04308000000000001, 'xy_dist': 2.290043231032968, 'params': {'G': 1.0, 'X': 169.985, 'Y': 127.264, 'E': 0.57756}}
DECISION : ALLOW
------------------------------------------------------------
[SEQ 53] [IEEE-BASELINE]
SCORE    : anomaly_score=0.000
DECISION : ALLOW
------------------------------------------------------------
[SEQ 54] [LAYER 0]
CMD      : G1 X0.1 Y0.1 E20 F600
TRUST    : acc_cmd=1.000 | acc_exec=0.000 | trust=0.320
DECISION : PAUSE
MACHINE  : Machine-4
------------------------------------------------------------
[SEQ 54] [STATIC-BASELINE]
CMD      : G1 | effects={'dx': -169.88500000000002, 'dy': -127.164, 'dz': 0.0, 'de': 19.42244, 'xy_dist': 212.20649405944204, 'params': {'G': 1.0, 'X': 0.1, 'Y': 0.1, 'E': 20.0, 'F': 600.0}}
DECISION : ALLOW
------------------------------------------------------------
[SEQ 54] [IEEE-BASELINE]
SCORE    : anomaly_score=0.000
DECISION : ALLOW
------------------------------------------------------------
[SEQ 55] [LAYER 0]
CMD      : G1 X0.1 Y0.1 E20 F600
TRUST    : acc_cmd=1.000 | acc_exec=0.000 | trust=0.133
DECISION : PAUSE
MACHINE  : Machine-4
------------------------------------------------------------
[SEQ 55] [STATIC-BASELINE]
CMD      : G1 | effects={'dx': 0.0, 'dy': 0.0, 'dz': 0.0, 'de': 0.0, 'xy_dist': 0.0, 'params': {'G': 1.0, 'X': 0.1, 'Y': 0.1, 'E': 20.0, 'F': 600.0}}
DECISION : ALLOW
------------------------------------------------------------
[SEQ 55] [IEEE-BASELINE]
SCORE    : anomaly_score=0.000
DECISION : ALLOW
------------------------------------------------------------
[SEQ 56] [LAYER 0]
CMD      : G1 X0.1 Y0.1 E20 F600
TRUST    : acc_cmd=1.000 | acc_exec=0.000 | trust=0.055
DECISION : PAUSE
MACHINE  : Machine-4
------------------------------------------------------------
[SEQ 56] [STATIC-BASELINE]
CMD      : G1 | effects={'dx': 0.0, 'dy': 0.0, 'dz': 0.0, 'de': 0.0, 'xy_dist': 0.0, 'params': {'G': 1.0, 'X': 0.1, 'Y': 0.1, 'E': 20.0, 'F': 600.0}}
DECISION : ALLOW
------------------------------------------------------------
[SEQ 56] [IEEE-BASELINE]
SCORE    : anomaly_score=0.000
DECISION : ALLOW
------------------------------------------------------------
[SEQ 57] [LAYER 0]
CMD      : G1 X0.1 Y0.1 E20 F600
TRUST    : acc_cmd=1.000 | acc_exec=1.000 | trust=0.023
DECISION : PAUSE
MACHINE  : Machine-4
------------------------------------------------------------
[SEQ 57] [STATIC-BASELINE]
CMD      : G1 | effects={'dx': 0.0, 'dy': 0.0, 'dz': 0.0, 'de': 0.0, 'xy_dist': 0.0, 'params': {'G': 1.0, 'X': 0.1, 'Y': 0.1, 'E': 20.0, 'F': 600.0}}
DECISION : ALLOW
------------------------------------------------------------
[SEQ 57] [IEEE-BASELINE]
SCORE    : anomaly_score=0.000
DECISION : ALLOW
------------------------------------------------------------
[SEQ 58] [LAYER 0]
CMD      : G1 X158.979 Y126.557 E0.80066
TRUST    : acc_cmd=0.000 | acc_exec=1.000 | trust=0.014
DECISION : PAUSE
MACHINE  : Machine-4
------------------------------------------------------------
[SEQ 58] [STATIC-BASELINE]
CMD      : G1 | effects={'dx': 158.87900000000002, 'dy': 126.45700000000001, 'dz': 0.0, 'de': -19.19934, 'xy_dist': 203.06134415491297, 'params': {'G': 1.0, 'X': 158.979, 'Y': 126.557, 'E': 0.80066}}
DECISION : ALLOW
------------------------------------------------------------
[SEQ 58] [IEEE-BASELINE]
SCORE    : anomaly_score=0.000
DECISION : ALLOW
------------------------------------------------------------
[SEQ 59] [LAYER 0]
CMD      : G1 X157.045 Y123.998 E0.86099
TRUST    : acc_cmd=0.000 | acc_exec=0.000 | trust=0.039
DECISION : PAUSE
MACHINE  : Machine-4
------------------------------------------------------------
[SEQ 59] [STATIC-BASELINE]
CMD      : G1 | effects={'dx': -1.934000000000026, 'dy': -2.5589999999999975, 'dz': 0.0, 'de': 0.060329999999999995, 'xy_dist': 3.2076217046279143, 'params': {'G': 1.0, 'X': 157.045, 'Y': 123.998, 'E': 0.86099}}
DECISION : ALLOW
------------------------------------------------------------
[SEQ 59] [IEEE-BASELINE]
SCORE    : anomaly_score=0.000
DECISION : ALLOW
------------------------------------------------------------
[SEQ 60] [LAYER 0]
CMD      : G1 X0.1 Y0.1 E20 F600
TRUST    : acc_cmd=1.000 | acc_exec=0.000 | trust=0.023
DECISION : PAUSE
MACHINE  : Machine-4
------------------------------------------------------------
[SEQ 60] [STATIC-BASELINE]
CMD      : G1 | effects={'dx': -156.945, 'dy': -123.89800000000001, 'dz': 0.0, 'de': 19.13901, 'xy_dist': 199.9561137574943, 'params': {'G': 1.0, 'X': 0.1, 'Y': 0.1, 'E': 20.0, 'F': 600.0}}
DECISION : ALLOW
------------------------------------------------------------
[SEQ 60] [IEEE-BASELINE]
SCORE    : anomaly_score=0.000
DECISION : ALLOW
------------------------------------------------------------
[SEQ 61] [LAYER 0]
CMD      : G1 X156.258 Y121.306 E0.9138
TRUST    : acc_cmd=0.000 | acc_exec=1.000 | trust=0.020
DECISION : PAUSE
MACHINE  : Machine-4
------------------------------------------------------------
[SEQ 61] [STATIC-BASELINE]
CMD      : G1 | effects={'dx': 156.15800000000002, 'dy': 121.206, 'dz': 0.0, 'de': -19.0862, 'xy_dist': 197.67704823777598, 'params': {'G': 1.0, 'X': 156.258, 'Y': 121.306, 'E': 0.9138}}
DECISION : ALLOW
------------------------------------------------------------
[SEQ 61] [IEEE-BASELINE]
SCORE    : anomaly_score=0.000
DECISION : ALLOW
------------------------------------------------------------
[SEQ 62] [LAYER 0]
CMD      : G1 X156.218 Y118.878 E0.95947
TRUST    : acc_cmd=0.000 | acc_exec=0.000 | trust=0.061
DECISION : PAUSE
MACHINE  : Machine-4
------------------------------------------------------------
[SEQ 62] [STATIC-BASELINE]
CMD      : G1 | effects={'dx': -0.040000000000020464, 'dy': -2.4279999999999973, 'dz': 0.0, 'de': 0.0456700000000001, 'xy_dist': 2.428329466938123, 'params': {'G': 1.0, 'X': 156.218, 'Y': 118.878, 'E': 0.95947}}
DECISION : ALLOW
------------------------------------------------------------
[SEQ 62] [IEEE-BASELINE]
SCORE    : anomaly_score=0.000
DECISION : ALLOW
------------------------------------------------------------
[SEQ 63] [LAYER 0]
CMD      : G1 X156.411 Y117.996 E0.97646
TRUST    : acc_cmd=0.000 | acc_exec=0.000 | trust=0.165
DECISION : PAUSE
MACHINE  : Machine-4
------------------------------------------------------------
[SEQ 63] [STATIC-BASELINE]
CMD      : G1 | effects={'dx': 0.19300000000001205, 'dy': -0.882000000000005, 'dz': 0.0, 'de': 0.01698999999999995, 'xy_dist': 0.9028693150174135, 'params': {'G': 1.0, 'X': 156.411, 'Y': 117.996, 'E': 0.97646}}
DECISION : ALLOW
------------------------------------------------------------
[SEQ 63] [IEEE-BASELINE]
SCORE    : anomaly_score=0.000
DECISION : ALLOW
------------------------------------------------------------
[SEQ 64] [LAYER 0]
CMD      : G1 X157.211 Y115.973 E1.01738
TRUST    : acc_cmd=0.000 | acc_exec=0.000 | trust=0.317
DECISION : PAUSE
MACHINE  : Machine-4
------------------------------------------------------------
[SEQ 64] [STATIC-BASELINE]
CMD      : G1 | effects={'dx': 0.8000000000000114, 'dy': -2.022999999999996, 'dz': 0.0, 'de': 0.040919999999999956, 'xy_dist': 2.1754376571163796, 'params': {'G': 1.0, 'X': 157.211, 'Y': 115.973, 'E': 1.01738}}
DECISION : ALLOW
------------------------------------------------------------
[SEQ 64] [IEEE-BASELINE]
SCORE    : anomaly_score=0.000
DECISION : ALLOW
------------------------------------------------------------
[SEQ 65] [LAYER 0]
CMD      : G1 X0.1 Y0.1 E20 F600
TRUST    : acc_cmd=1.000 | acc_exec=0.000 | trust=0.148
DECISION : PAUSE
MACHINE  : Machine-4
------------------------------------------------------------
[SEQ 65] [STATIC-BASELINE]
CMD      : G1 | effects={'dx': -157.11100000000002, 'dy': -115.873, 'dz': 0.0, 'de': 18.98262, 'xy_dist': 195.21889880336894, 'params': {'G': 1.0, 'X': 0.1, 'Y': 0.1, 'E': 20.0, 'F': 600.0}}
DECISION : ALLOW
------------------------------------------------------------
[SEQ 65] [IEEE-BASELINE]
SCORE    : anomaly_score=1.879
DECISION : ALLOW
------------------------------------------------------------
[SEQ 66] [LAYER 0]
CMD      : G0 F3600 X158.201 Y115.039
TRUST    : acc_cmd=0.000 | acc_exec=0.000 | trust=0.140
DECISION : PAUSE
MACHINE  : Machine-4
------------------------------------------------------------
[SEQ 66] [STATIC-BASELINE]
CMD      : G0 | effects={'dx': 158.101, 'dy': 114.93900000000001, 'dz': 0.0, 'de': 0.0, 'xy_dist': 195.465853595967, 'params': {'G': 0.0, 'F': 3600.0, 'X': 158.201, 'Y': 115.039}}
DECISION : ALLOW
------------------------------------------------------------
[SEQ 66] [IEEE-BASELINE]
SCORE    : anomaly_score=1.691
DECISION : ALLOW
------------------------------------------------------------
[SEQ 67] [LAYER 0]
CMD      : G1 X0.1 Y0.1 E20 F600
TRUST    : acc_cmd=1.000 | acc_exec=0.000 | trust=0.065
DECISION : PAUSE
MACHINE  : Machine-4
------------------------------------------------------------
[SEQ 67] [STATIC-BASELINE]
CMD      : G1 | effects={'dx': -158.101, 'dy': -114.93900000000001, 'dz': 0.0, 'de': 0.0, 'xy_dist': 195.465853595967, 'params': {'G': 1.0, 'X': 0.1, 'Y': 0.1, 'E': 20.0, 'F': 600.0}}
DECISION : ALLOW
------------------------------------------------------------
[SEQ 67] [IEEE-BASELINE]
SCORE    : anomaly_score=1.522
DECISION : ALLOW
------------------------------------------------------------
[SEQ 68] [LAYER 0]
CMD      : G1 X160.354 Y112.955 E1.09931
TRUST    : acc_cmd=0.000 | acc_exec=1.000 | trust=0.053
DECISION : PAUSE
MACHINE  : Machine-4
------------------------------------------------------------
[SEQ 68] [STATIC-BASELINE]
CMD      : G1 | effects={'dx': 160.25400000000002, 'dy': 112.855, 'dz': 0.0, 'de': -18.90069, 'xy_dist': 196.0040702153912, 'params': {'G': 1.0, 'X': 160.354, 'Y': 112.955, 'E': 1.09931}}
DECISION : ALLOW
------------------------------------------------------------
[SEQ 68] [IEEE-BASELINE]
SCORE    : anomaly_score=1.370
DECISION : ALLOW
------------------------------------------------------------
[SEQ 69] [LAYER 0]
CMD      : G1 X162.364 Y112.048 E1.14079
TRUST    : acc_cmd=0.000 | acc_exec=0.000 | trust=0.114
DECISION : PAUSE
MACHINE  : Machine-4
------------------------------------------------------------
[SEQ 69] [STATIC-BASELINE]
CMD      : G1 | effects={'dx': 2.009999999999991, 'dy': -0.9069999999999965, 'dz': 0.0, 'de': 0.04147999999999996, 'xy_dist': 2.2051641662243555, 'params': {'G': 1.0, 'X': 162.364, 'Y': 112.048, 'E': 1.14079}}
DECISION : ALLOW
------------------------------------------------------------
[SEQ 69] [IEEE-BASELINE]
SCORE    : anomaly_score=1.233
DECISION : ALLOW
------------------------------------------------------------
[SEQ 70] [LAYER 0]
CMD      : G1 X163.674 Y111.66 E1.16649
TRUST    : acc_cmd=0.000 | acc_exec=0.000 | trust=0.241
DECISION : PAUSE
MACHINE  : Machine-4
------------------------------------------------------------
[SEQ 70] [STATIC-BASELINE]
CMD      : G1 | effects={'dx': 1.3100000000000023, 'dy': -0.38800000000000523, 'dz': 0.0, 'de': 0.025700000000000056, 'xy_dist': 1.366251806952148, 'params': {'G': 1.0, 'X': 163.674, 'Y': 111.66, 'E': 1.16649}}
DECISION : ALLOW
------------------------------------------------------------
[SEQ 70] [IEEE-BASELINE]
SCORE    : anomaly_score=1.110
DECISION : ALLOW
------------------------------------------------------------
[SEQ 71] [LAYER 0]
CMD      : G1 X0.1 Y0.1 E20 F600
TRUST    : acc_cmd=1.000 | acc_exec=0.000 | trust=0.114
DECISION : PAUSE
MACHINE  : Machine-4
------------------------------------------------------------
[SEQ 71] [STATIC-BASELINE]
CMD      : G1 | effects={'dx': -163.574, 'dy': -111.56, 'dz': 0.0, 'de': 18.83351, 'xy_dist': 197.99516932491056, 'params': {'G': 1.0, 'X': 0.1, 'Y': 0.1, 'E': 20.0, 'F': 600.0}}
DECISION : ALLOW
------------------------------------------------------------
[SEQ 71] [IEEE-BASELINE]
SCORE    : anomaly_score=0.999
DECISION : ALLOW
------------------------------------------------------------
[SEQ 72] [LAYER 0]
CMD      : G1 X168.022 Y112.121 E1.24939
TRUST    : acc_cmd=0.000 | acc_exec=1.000 | trust=0.065
DECISION : PAUSE
MACHINE  : Machine-4
------------------------------------------------------------
[SEQ 72] [STATIC-BASELINE]
CMD      : G1 | effects={'dx': 167.922, 'dy': 112.021, 'dz': 0.0, 'de': -18.75061, 'xy_dist': 201.8576293455365, 'params': {'G': 1.0, 'X': 168.022, 'Y': 112.121, 'E': 1.24939}}
DECISION : ALLOW
------------------------------------------------------------
[SEQ 72] [IEEE-BASELINE]
SCORE    : anomaly_score=0.899
DECISION : ALLOW
------------------------------------------------------------
[SEQ 73] [LAYER 0]
CMD      : G1 X170.318 Y113.359 E1.29846
TRUST    : acc_cmd=0.000 | acc_exec=0.000 | trust=0.104
DECISION : PAUSE
MACHINE  : Machine-4
------------------------------------------------------------
[SEQ 73] [STATIC-BASELINE]
CMD      : G1 | effects={'dx': 2.2960000000000207, 'dy': 1.2379999999999995, 'dz': 0.0, 'de': 0.04906999999999995, 'xy_dist': 2.6084976519061875, 'params': {'G': 1.0, 'X': 170.318, 'Y': 113.359, 'E': 1.29846}}
DECISION : ALLOW
------------------------------------------------------------
[SEQ 73] [IEEE-BASELINE]
SCORE    : anomaly_score=0.809
DECISION : ALLOW
------------------------------------------------------------
[SEQ 74] [LAYER 0]
CMD      : G1 X172.03 Y115.354 E1.34791
TRUST    : acc_cmd=0.000 | acc_exec=0.000 | trust=0.218
DECISION : PAUSE
MACHINE  : Machine-4
------------------------------------------------------------
[SEQ 74] [STATIC-BASELINE]
CMD      : G1 | effects={'dx': 1.711999999999989, 'dy': 1.9950000000000045, 'dz': 0.0, 'de': 0.049449999999999994, 'xy_dist': 2.628872191644162, 'params': {'G': 1.0, 'X': 172.03, 'Y': 115.354, 'E': 1.34791}}
DECISION : ALLOW
------------------------------------------------------------
[SEQ 74] [IEEE-BASELINE]
SCORE    : anomaly_score=0.728
DECISION : ALLOW
------------------------------------------------------------
[SEQ 75] [LAYER 0]
CMD      : G1 X172.472 Y116.046 E1.36336
TRUST    : acc_cmd=0.000 | acc_exec=0.000 | trust=0.375
DECISION : PAUSE
MACHINE  : Machine-4
------------------------------------------------------------
[SEQ 75] [STATIC-BASELINE]
CMD      : G1 | effects={'dx': 0.4420000000000073, 'dy': 0.6920000000000073, 'dz': 0.0, 'de': 0.015449999999999964, 'xy_dist': 0.8211138776077387, 'params': {'G': 1.0, 'X': 172.472, 'Y': 116.046, 'E': 1.36336}}
DECISION : ALLOW
------------------------------------------------------------
[SEQ 75] [IEEE-BASELINE]
SCORE    : anomaly_score=0.655
DECISION : ALLOW
------------------------------------------------------------
[SEQ 76] [LAYER 0]
CMD      : G1 X0.1 Y0.1 E20 F600
TRUST    : acc_cmd=1.000 | acc_exec=0.000 | trust=0.173
DECISION : PAUSE
MACHINE  : Machine-4
------------------------------------------------------------
[SEQ 76] [STATIC-BASELINE]
CMD      : G1 | effects={'dx': -172.372, 'dy': -115.94600000000001, 'dz': 0.0, 'de': 18.63664, 'xy_dist': 207.73921464181961, 'params': {'G': 1.0, 'X': 0.1, 'Y': 0.1, 'E': 20.0, 'F': 600.0}}
DECISION : ALLOW
------------------------------------------------------------
[SEQ 76] [IEEE-BASELINE]
SCORE    : anomaly_score=2.206
DECISION : ALLOW
------------------------------------------------------------
[SEQ 77] [LAYER 0]
CMD      : G1 X173.344 Y121.354 E1.46608
TRUST    : acc_cmd=0.000 | acc_exec=1.000 | trust=0.092
DECISION : PAUSE
MACHINE  : Machine-4
------------------------------------------------------------
[SEQ 77] [STATIC-BASELINE]
CMD      : G1 | effects={'dx': 173.244, 'dy': 121.254, 'dz': 0.0, 'de': -18.53392, 'xy_dist': 211.46161838972102, 'params': {'G': 1.0, 'X': 173.344, 'Y': 121.354, 'E': 1.46608}}
DECISION : ALLOW
------------------------------------------------------------
[SEQ 77] [IEEE-BASELINE]
SCORE    : anomaly_score=1.986
DECISION : ALLOW
------------------------------------------------------------
[SEQ 78] [LAYER 0]
CMD      : G1 X172.659 Y123.562 E1.50957
TRUST    : acc_cmd=0.000 | acc_exec=0.000 | trust=0.121
DECISION : PAUSE
MACHINE  : Machine-4
------------------------------------------------------------
[SEQ 78] [STATIC-BASELINE]
CMD      : G1 | effects={'dx': -0.6850000000000023, 'dy': 2.2079999999999984, 'dz': 0.0, 'de': 0.04349000000000003, 'xy_dist': 2.311815087761129, 'params': {'G': 1.0, 'X': 172.659, 'Y': 123.562, 'E': 1.50957}}
DECISION : ALLOW
------------------------------------------------------------
[SEQ 78] [IEEE-BASELINE]
SCORE    : anomaly_score=1.787
DECISION : ALLOW
------------------------------------------------------------
[SEQ 79] [LAYER 0]
CMD      : G1 X171.412 Y125.503 E1.55297
TRUST    : acc_cmd=0.000 | acc_exec=0.000 | trust=0.234
DECISION : PAUSE
MACHINE  : Machine-4
------------------------------------------------------------
[SEQ 79] [STATIC-BASELINE]
CMD      : G1 | effects={'dx': -1.2469999999999857, 'dy': 1.9410000000000025, 'dz': 0.0, 'de': 0.04339999999999988, 'xy_dist': 2.3070522317450846, 'params': {'G': 1.0, 'X': 171.412, 'Y': 125.503, 'E': 1.55297}}
DECISION : ALLOW
------------------------------------------------------------
[SEQ 79] [IEEE-BASELINE]
SCORE    : anomaly_score=1.608
DECISION : ALLOW
------------------------------------------------------------
[SEQ 80] [LAYER 0]
CMD      : G1 X169.754 Y126.935 E1.59418
TRUST    : acc_cmd=0.000 | acc_exec=0.000 | trust=0.390
DECISION : PAUSE
MACHINE  : Machine-4
------------------------------------------------------------
[SEQ 80] [STATIC-BASELINE]
CMD      : G1 | effects={'dx': -1.6580000000000155, 'dy': 1.4320000000000022, 'dz': 0.0, 'de': 0.04120999999999997, 'xy_dist': 2.190796202297251, 'params': {'G': 1.0, 'X': 169.754, 'Y': 126.935, 'E': 1.59418}}
DECISION : ALLOW
------------------------------------------------------------
[SEQ 80] [IEEE-BASELINE]
SCORE    : anomaly_score=1.448
DECISION : ALLOW
------------------------------------------------------------
[SEQ 81] [LAYER 0]
CMD      : G1 X0.1 Y0.1 E20 F600
TRUST    : acc_cmd=1.000 | acc_exec=0.000 | trust=0.179
DECISION : PAUSE
MACHINE  : Machine-4
------------------------------------------------------------
[SEQ 81] [STATIC-BASELINE]
CMD      : G1 | effects={'dx': -169.654, 'dy': -126.83500000000001, 'dz': 0.0, 'de': 18.40582, 'xy_dist': 211.8244484024448, 'params': {'G': 1.0, 'X': 0.1, 'Y': 0.1, 'E': 20.0, 'F': 600.0}}
DECISION : ALLOW
------------------------------------------------------------
[SEQ 81] [IEEE-BASELINE]
SCORE    : anomaly_score=2.894
DECISION : ALLOW
------------------------------------------------------------
[SEQ 82] [LAYER 0]
CMD      : G1 X166.262 Y128.343 E1.66545
TRUST    : acc_cmd=0.000 | acc_exec=1.000 | trust=0.095
DECISION : PAUSE
MACHINE  : Machine-4
------------------------------------------------------------
[SEQ 82] [STATIC-BASELINE]
CMD      : G1 | effects={'dx': 166.162, 'dy': 128.243, 'dz': 0.0, 'de': -18.33455, 'xy_dist': 209.89539607385387, 'params': {'G': 1.0, 'X': 166.262, 'Y': 128.343, 'E': 1.66545}}
DECISION : ALLOW
------------------------------------------------------------
[SEQ 82] [IEEE-BASELINE]
SCORE    : anomaly_score=2.605
DECISION : ALLOW
------------------------------------------------------------
[SEQ 83] [LAYER 0]
CMD      : G1 X163.824 Y128.388 E1.71132
TRUST    : acc_cmd=0.000 | acc_exec=0.000 | trust=0.123
DECISION : PAUSE
MACHINE  : Machine-4
------------------------------------------------------------
[SEQ 83] [STATIC-BASELINE]
CMD      : G1 | effects={'dx': -2.437999999999988, 'dy': 0.045000000000015916, 'dz': 0.0, 'de': 0.045869999999999855, 'xy_dist': 2.4384152640598247, 'params': {'G': 1.0, 'X': 163.824, 'Y': 128.388, 'E': 1.71132}}
DECISION : ALLOW
------------------------------------------------------------
[SEQ 83] [IEEE-BASELINE]
SCORE    : anomaly_score=2.344
DECISION : ALLOW
------------------------------------------------------------
[SEQ 84] [LAYER 0]
CMD      : G1 X161.461 Y127.659 E1.75783
TRUST    : acc_cmd=0.000 | acc_exec=0.000 | trust=0.235
DECISION : PAUSE
MACHINE  : Machine-4
------------------------------------------------------------
[SEQ 84] [STATIC-BASELINE]
CMD      : G1 | effects={'dx': -2.3629999999999995, 'dy': -0.7289999999999992, 'dz': 0.0, 'de': 0.04651000000000005, 'xy_dist': 2.472895064494245, 'params': {'G': 1.0, 'X': 161.461, 'Y': 127.659, 'E': 1.75783}}
DECISION : ALLOW
------------------------------------------------------------
[SEQ 84] [IEEE-BASELINE]
SCORE    : anomaly_score=2.110
DECISION : ALLOW
------------------------------------------------------------
[SEQ 85] [LAYER 0]
CMD      : G1 X0.1 Y0.1 E20 F600
TRUST    : acc_cmd=1.000 | acc_exec=0.000 | trust=0.114
DECISION : PAUSE
MACHINE  : Machine-4
------------------------------------------------------------
[SEQ 85] [STATIC-BASELINE]
CMD      : G1 | effects={'dx': -161.36100000000002, 'dy': -127.55900000000001, 'dz': 0.0, 'de': 18.24217, 'xy_dist': 205.69071637290781, 'params': {'G': 1.0, 'X': 0.1, 'Y': 0.1, 'E': 20.0, 'F': 600.0}}
DECISION : ALLOW
------------------------------------------------------------
[SEQ 85] [IEEE-BASELINE]
SCORE    : anomaly_score=3.610
DECISION : ALLOW
------------------------------------------------------------
[SEQ 86] [LAYER 0]
CMD      : G1 X157.364 Y123.757 E1.86597
TRUST    : acc_cmd=0.000 | acc_exec=1.000 | trust=0.065
DECISION : PAUSE
MACHINE  : Machine-4
------------------------------------------------------------
[SEQ 86] [STATIC-BASELINE]
CMD      : G1 | effects={'dx': 157.264, 'dy': 123.65700000000001, 'dz': 0.0, 'de': -18.13403, 'xy_dist': 200.05754008534646, 'params': {'G': 1.0, 'X': 157.364, 'Y': 123.757, 'E': 1.86597}}
DECISION : ALLOW
------------------------------------------------------------
[SEQ 86] [IEEE-BASELINE]
SCORE    : anomaly_score=3.249
DECISION : ALLOW
------------------------------------------------------------
[SEQ 87] [LAYER 0]
CMD      : G1 X156.657 Y121.248 E1.915
TRUST    : acc_cmd=0.000 | acc_exec=0.000 | trust=0.103
DECISION : PAUSE
MACHINE  : Machine-4
------------------------------------------------------------
[SEQ 87] [STATIC-BASELINE]
CMD      : G1 | effects={'dx': -0.7069999999999936, 'dy': -2.5090000000000003, 'dz': 0.0, 'de': 0.04903000000000013, 'xy_dist': 2.6067086526882886, 'params': {'G': 1.0, 'X': 156.657, 'Y': 121.248, 'E': 1.915}}
DECISION : ALLOW
------------------------------------------------------------
[SEQ 87] [IEEE-BASELINE]
SCORE    : anomaly_score=2.924
DECISION : ALERT
------------------------------------------------------------
[SEQ 88] [LAYER 0]
CMD      : G1 X156.619 Y118.916 E1.95887
TRUST    : acc_cmd=0.000 | acc_exec=0.000 | trust=0.216
DECISION : PAUSE
MACHINE  : Machine-4
------------------------------------------------------------
[SEQ 88] [STATIC-BASELINE]
CMD      : G1 | effects={'dx': -0.038000000000010914, 'dy': -2.332000000000008, 'dz': 0.0, 'de': 0.043869999999999854, 'xy_dist': 2.332309584939366, 'params': {'G': 1.0, 'X': 156.619, 'Y': 118.916, 'E': 1.95887}}
DECISION : ALLOW
------------------------------------------------------------
[SEQ 88] [IEEE-BASELINE]
SCORE    : anomaly_score=2.632
DECISION : ALLOW
------------------------------------------------------------
[SEQ 89] [LAYER 0]
CMD      : G1 X156.783 Y118.142 E1.97376
TRUST    : acc_cmd=0.000 | acc_exec=0.000 | trust=0.373
DECISION : PAUSE
MACHINE  : Machine-4
------------------------------------------------------------
[SEQ 89] [STATIC-BASELINE]
CMD      : G1 | effects={'dx': 0.16399999999998727, 'dy': -0.7740000000000009, 'dz': 0.0, 'de': 0.01489000000000007, 'xy_dist': 0.7911839229913593, 'params': {'G': 1.0, 'X': 156.783, 'Y': 118.142, 'E': 1.97376}}
DECISION : ALLOW
------------------------------------------------------------
[SEQ 89] [IEEE-BASELINE]
SCORE    : anomaly_score=2.369
DECISION : ALLOW
------------------------------------------------------------
[SEQ 90] [LAYER 0]
CMD      : G1 X157.559 Y116.17 E2.01362
TRUST    : acc_cmd=0.000 | acc_exec=0.000 | trust=0.534
DECISION : ALLOW
MACHINE  : Machine-4
------------------------------------------------------------
[SEQ 90] [STATIC-BASELINE]
CMD      : G1 | effects={'dx': 0.7760000000000105, 'dy': -1.9719999999999942, 'dz': 0.0, 'de': 0.03986000000000001, 'xy_dist': 2.1191885239402355, 'params': {'G': 1.0, 'X': 157.559, 'Y': 116.17, 'E': 2.01362}}
DECISION : ALLOW
------------------------------------------------------------
[SEQ 90] [IEEE-BASELINE]
SCORE    : anomaly_score=2.132
DECISION : ALLOW
------------------------------------------------------------
[SEQ 91] [LAYER 0]
CMD      : G1 X158.201 Y115.039 E2.03808
TRUST    : acc_cmd=0.000 | acc_exec=0.000 | trust=0.674
DECISION : ALLOW
MACHINE  : Machine-4
------------------------------------------------------------
[SEQ 91] [STATIC-BASELINE]
CMD      : G1 | effects={'dx': 0.6419999999999959, 'dy': -1.1310000000000002, 'dz': 0.0, 'de': 0.024459999999999926, 'xy_dist': 1.3005095155361206, 'params': {'G': 1.0, 'X': 158.201, 'Y': 115.039, 'E': 2.03808}}
DECISION : ALLOW
------------------------------------------------------------
[SEQ 91] [IEEE-BASELINE]
SCORE    : anomaly_score=1.919
DECISION : ALLOW
------------------------------------------------------------
[SEQ 92] [LAYER 0]
CMD      : G1 X0.1 Y0.1 E20 F600
TRUST    : acc_cmd=1.000 | acc_exec=0.000 | trust=0.297
DECISION : PAUSE
MACHINE  : Machine-4
------------------------------------------------------------
[SEQ 92] [STATIC-BASELINE]
CMD      : G1 | effects={'dx': -158.101, 'dy': -114.93900000000001, 'dz': 0.0, 'de': 17.96192, 'xy_dist': 195.465853595967, 'params': {'G': 1.0, 'X': 0.1, 'Y': 0.1, 'E': 20.0, 'F': 600.0}}
DECISION : ALLOW
------------------------------------------------------------
[SEQ 92] [IEEE-BASELINE]
SCORE    : anomaly_score=3.545
DECISION : ALLOW
------------------------------------------------------------
[SEQ 93] [LAYER 0]
CMD      : G1 X0.1 Y0.1 E20 F600
TRUST    : acc_cmd=1.000 | acc_exec=0.000 | trust=0.123
DECISION : PAUSE
MACHINE  : Machine-4
------------------------------------------------------------
[SEQ 93] [STATIC-BASELINE]
CMD      : G1 | effects={'dx': 0.0, 'dy': 0.0, 'dz': 0.0, 'de': 0.0, 'xy_dist': 0.0, 'params': {'G': 1.0, 'X': 0.1, 'Y': 0.1, 'E': 20.0, 'F': 600.0}}
DECISION : ALLOW
------------------------------------------------------------
[SEQ 93] [IEEE-BASELINE]
SCORE    : anomaly_score=3.190
DECISION : ALLOW
------------------------------------------------------------
[SEQ 94] [LAYER 0]
CMD      : G1 X0.1 Y0.1 E20 F600
TRUST    : acc_cmd=1.000 | acc_exec=0.000 | trust=0.051
DECISION : PAUSE
MACHINE  : Machine-4
------------------------------------------------------------
[SEQ 94] [STATIC-BASELINE]
CMD      : G1 | effects={'dx': 0.0, 'dy': 0.0, 'dz': 0.0, 'de': 0.0, 'xy_dist': 0.0, 'params': {'G': 1.0, 'X': 0.1, 'Y': 0.1, 'E': 20.0, 'F': 600.0}}
DECISION : ALLOW
------------------------------------------------------------
[SEQ 94] [IEEE-BASELINE]
SCORE    : anomaly_score=2.871
DECISION : ALLOW
------------------------------------------------------------
[SEQ 95] [LAYER 0]
CMD      : G1 X162.478 Y112.432 E2.13119
TRUST    : acc_cmd=0.000 | acc_exec=1.000 | trust=0.038
DECISION : PAUSE
MACHINE  : Machine-4
------------------------------------------------------------
[SEQ 95] [STATIC-BASELINE]
CMD      : G1 | effects={'dx': 162.37800000000001, 'dy': 112.33200000000001, 'dz': 0.0, 'de': -17.86881, 'xy_dist': 197.446430983191, 'params': {'G': 1.0, 'X': 162.478, 'Y': 112.432, 'E': 2.13119}}
DECISION : ALLOW
------------------------------------------------------------
[SEQ 95] [IEEE-BASELINE]
SCORE    : anomaly_score=2.584
DECISION : ALLOW
------------------------------------------------------------
[SEQ 96] [LAYER 0]
CMD      : G1 X0.1 Y0.1 E20 F600
TRUST    : acc_cmd=1.000 | acc_exec=0.000 | trust=0.019
DECISION : PAUSE
MACHINE  : Machine-4
------------------------------------------------------------
[SEQ 96] [STATIC-BASELINE]
CMD      : G1 | effects={'dx': -162.37800000000001, 'dy': -112.33200000000001, 'dz': 0.0, 'de': 17.86881, 'xy_dist': 197.446430983191, 'params': {'G': 1.0, 'X': 0.1, 'Y': 0.1, 'E': 20.0, 'F': 600.0}}
DECISION : ALLOW
------------------------------------------------------------
[SEQ 96] [IEEE-BASELINE]
SCORE    : anomaly_score=2.326
DECISION : ALLOW
------------------------------------------------------------
[SEQ 97] [LAYER 0]
CMD      : G1 X0.1 Y0.1 E20 F600
TRUST    : acc_cmd=1.000 | acc_exec=0.000 | trust=0.009
DECISION : PAUSE
MACHINE  : Machine-4
------------------------------------------------------------
[SEQ 97] [STATIC-BASELINE]
CMD      : G1 | effects={'dx': 0.0, 'dy': 0.0, 'dz': 0.0, 'de': 0.0, 'xy_dist': 0.0, 'params': {'G': 1.0, 'X': 0.1, 'Y': 0.1, 'E': 20.0, 'F': 600.0}}
DECISION : ALLOW
------------------------------------------------------------
[SEQ 97] [IEEE-BASELINE]
SCORE    : anomaly_score=2.093
DECISION : ALLOW
------------------------------------------------------------
[SEQ 98] [LAYER 0]
CMD      : G1 X167.877 Y112.497 E2.23483
TRUST    : acc_cmd=0.000 | acc_exec=1.000 | trust=0.019
DECISION : PAUSE
MACHINE  : Machine-4
------------------------------------------------------------
[SEQ 98] [STATIC-BASELINE]
CMD      : G1 | effects={'dx': 167.77700000000002, 'dy': 112.397, 'dz': 0.0, 'de': -17.76517, 'xy_dist': 201.9460505630155, 'params': {'G': 1.0, 'X': 167.877, 'Y': 112.497, 'E': 2.23483}}
DECISION : ALLOW
------------------------------------------------------------
[SEQ 98] [IEEE-BASELINE]
SCORE    : anomaly_score=1.884
DECISION : ALLOW
------------------------------------------------------------
[SEQ 99] [LAYER 0]
CMD      : G1 X170.063 Y113.676 E2.28155
TRUST    : acc_cmd=0.000 | acc_exec=0.000 | trust=0.075
DECISION : PAUSE
MACHINE  : Machine-4
------------------------------------------------------------
[SEQ 99] [STATIC-BASELINE]
CMD      : G1 | effects={'dx': 2.1859999999999786, 'dy': 1.179000000000002, 'dz': 0.0, 'de': 0.046720000000000095, 'xy_dist': 2.4836740929517926, 'params': {'G': 1.0, 'X': 170.063, 'Y': 113.676, 'E': 2.28155}}
DECISION : ALLOW
------------------------------------------------------------
[SEQ 99] [IEEE-BASELINE]
SCORE    : anomaly_score=1.696
DECISION : ALLOW
------------------------------------------------------------
[SEQ 100] [LAYER 0]
CMD      : G1 X171.726 Y115.614 E2.32958
TRUST    : acc_cmd=0.000 | acc_exec=0.000 | trust=0.191
DECISION : PAUSE
MACHINE  : Machine-4
------------------------------------------------------------
[SEQ 100] [STATIC-BASELINE]
CMD      : G1 | effects={'dx': 1.663000000000011, 'dy': 1.9380000000000024, 'dz': 0.0, 'de': 0.048029999999999795, 'xy_dist': 2.5537057387255966, 'params': {'G': 1.0, 'X': 171.726, 'Y': 115.614, 'E': 2.32958}}
DECISION : ALLOW
------------------------------------------------------------
[SEQ 100] [IEEE-BASELINE]
SCORE    : anomaly_score=1.526
DECISION : ALLOW
------------------------------------------------------------
[SEQ 101] [LAYER 0]
CMD      : G1 X172.111 Y116.223 E2.34314
TRUST    : acc_cmd=0.000 | acc_exec=0.000 | trust=0.349
DECISION : PAUSE
MACHINE  : Machine-4
------------------------------------------------------------
[SEQ 101] [STATIC-BASELINE]
CMD      : G1 | effects={'dx': 0.3849999999999909, 'dy': 0.6089999999999947, 'dz': 0.0, 'de': 0.013560000000000016, 'xy_dist': 0.7204901109661301, 'params': {'G': 1.0, 'X': 172.111, 'Y': 116.223, 'E': 2.34314}}
DECISION : ALLOW
------------------------------------------------------------
[SEQ 101] [IEEE-BASELINE]
SCORE    : anomaly_score=1.373
DECISION : ALLOW
------------------------------------------------------------
[SEQ 102] [LAYER 0]
CMD      : G1 X172.988 Y118.786 E2.39409
TRUST    : acc_cmd=0.000 | acc_exec=0.000 | trust=0.513
DECISION : ALLOW
MACHINE  : Machine-4
------------------------------------------------------------
[SEQ 102] [STATIC-BASELINE]
CMD      : G1 | effects={'dx': 0.8770000000000095, 'dy': 2.5630000000000024, 'dz': 0.0, 'de': 0.05094999999999983, 'xy_dist': 2.708892393580821, 'params': {'G': 1.0, 'X': 172.988, 'Y': 118.786, 'E': 2.39409}}
DECISION : ALLOW
------------------------------------------------------------
[SEQ 102] [IEEE-BASELINE]
SCORE    : anomaly_score=1.236
DECISION : ALLOW
------------------------------------------------------------
[SEQ 103] [LAYER 0]
CMD      : G1 X0.1 Y0.1 E20 F600
TRUST    : acc_cmd=1.000 | acc_exec=0.000 | trust=0.228
DECISION : PAUSE
MACHINE  : Machine-4
------------------------------------------------------------
[SEQ 103] [STATIC-BASELINE]
CMD      : G1 | effects={'dx': -172.888, 'dy': -118.686, 'dz': 0.0, 'de': 17.60591, 'xy_dist': 209.7060493643424, 'params': {'G': 1.0, 'X': 0.1, 'Y': 0.1, 'E': 20.0, 'F': 600.0}}
DECISION : ALLOW
------------------------------------------------------------
[SEQ 103] [IEEE-BASELINE]
SCORE    : anomaly_score=2.634
DECISION : ALLOW
------------------------------------------------------------
[SEQ 104] [LAYER 0]
CMD      : G1 X172.294 Y123.39 E2.48256
TRUST    : acc_cmd=0.000 | acc_exec=1.000 | trust=0.116
DECISION : PAUSE
MACHINE  : Machine-4
------------------------------------------------------------
[SEQ 104] [STATIC-BASELINE]
CMD      : G1 | effects={'dx': 172.19400000000002, 'dy': 123.29, 'dz': 0.0, 'de': -17.51744, 'xy_dist': 211.78101363436716, 'params': {'G': 1.0, 'X': 172.294, 'Y': 123.39, 'E': 2.48256}}
DECISION : ALLOW
------------------------------------------------------------
[SEQ 104] [IEEE-BASELINE]
SCORE    : anomaly_score=2.371
DECISION : ALLOW
------------------------------------------------------------
[SEQ 105] [LAYER 0]
CMD      : G1 X171.106 Y125.239 E2.5239
TRUST    : acc_cmd=0.000 | acc_exec=0.000 | trust=0.136
DECISION : PAUSE
MACHINE  : Machine-4
------------------------------------------------------------
[SEQ 105] [STATIC-BASELINE]
CMD      : G1 | effects={'dx': -1.1880000000000166, 'dy': 1.8490000000000038, 'dz': 0.0, 'de': 0.04133999999999993, 'xy_dist': 2.197759085978273, 'params': {'G': 1.0, 'X': 171.106, 'Y': 125.239, 'E': 2.5239}}
DECISION : ALLOW
------------------------------------------------------------
[SEQ 105] [IEEE-BASELINE]
SCORE    : anomaly_score=2.134
DECISION : ALLOW
------------------------------------------------------------
[SEQ 106] [LAYER 0]
CMD      : G1 X169.523 Y126.606 E2.56324
TRUST    : acc_cmd=0.000 | acc_exec=0.000 | trust=0.246
DECISION : PAUSE
MACHINE  : Machine-4
------------------------------------------------------------
[SEQ 106] [STATIC-BASELINE]
CMD      : G1 | effects={'dx': -1.5829999999999984, 'dy': 1.3669999999999902, 'dz': 0.0, 'de': 0.03934000000000015, 'xy_dist': 2.091549186607852, 'params': {'G': 1.0, 'X': 169.523, 'Y': 126.606, 'E': 2.56324}}
DECISION : ALLOW
------------------------------------------------------------
[SEQ 106] [IEEE-BASELINE]
SCORE    : anomaly_score=1.921
DECISION : ALLOW
------------------------------------------------------------
[SEQ 107] [LAYER 0]
CMD      : G1 X168.119 Y127.388 E2.59347
TRUST    : acc_cmd=0.000 | acc_exec=0.000 | trust=0.401
DECISION : PAUSE
MACHINE  : Machine-4
------------------------------------------------------------
[SEQ 107] [STATIC-BASELINE]
CMD      : G1 | effects={'dx': -1.4039999999999964, 'dy': 0.7820000000000107, 'dz': 0.0, 'de': 0.03022999999999998, 'xy_dist': 1.6070905388309666, 'params': {'G': 1.0, 'X': 168.119, 'Y': 127.388, 'E': 2.59347}}
DECISION : ALLOW
------------------------------------------------------------
[SEQ 107] [IEEE-BASELINE]
SCORE    : anomaly_score=1.728
DECISION : ALLOW
------------------------------------------------------------
[SEQ 108] [LAYER 0]
CMD      : G1 X166.203 Y127.944 E2.631
TRUST    : acc_cmd=0.000 | acc_exec=0.000 | trust=0.558
DECISION : ALLOW
MACHINE  : Machine-4
------------------------------------------------------------
[SEQ 108] [STATIC-BASELINE]
CMD      : G1 | effects={'dx': -1.9159999999999968, 'dy': 0.5559999999999974, 'dz': 0.0, 'de': 0.03752999999999984, 'xy_dist': 1.9950418541975465, 'params': {'G': 1.0, 'X': 166.203, 'Y': 127.944, 'E': 2.631}}
DECISION : ALLOW
------------------------------------------------------------
[SEQ 108] [IEEE-BASELINE]
SCORE    : anomaly_score=1.556
DECISION : ALLOW
------------------------------------------------------------
[SEQ 109] [LAYER 0]
CMD      : G1 X163.88 Y127.987 E2.67471
TRUST    : acc_cmd=0.000 | acc_exec=0.000 | trust=0.692
DECISION : ALLOW
MACHINE  : Machine-4
------------------------------------------------------------
[SEQ 109] [STATIC-BASELINE]
CMD      : G1 | effects={'dx': -2.3230000000000075, 'dy': 0.042999999999992156, 'dz': 0.0, 'de': 0.04371000000000036, 'xy_dist': 2.323397942669321, 'params': {'G': 1.0, 'X': 163.88, 'Y': 127.987, 'E': 2.67471}}
DECISION : ALLOW
------------------------------------------------------------
[SEQ 109] [IEEE-BASELINE]
SCORE    : anomaly_score=1.400
DECISION : ALLOW
------------------------------------------------------------
[SEQ 110] [LAYER 0]
CMD      : G1 X0.1 Y0.1 E20 F600
TRUST    : acc_cmd=1.000 | acc_exec=0.000 | trust=0.304
DECISION : PAUSE
MACHINE  : Machine-4
------------------------------------------------------------
[SEQ 110] [STATIC-BASELINE]
CMD      : G1 | effects={'dx': -163.78, 'dy': -127.887, 'dz': 0.0, 'de': 17.32529, 'xy_dist': 207.79550805780187, 'params': {'G': 1.0, 'X': 0.1, 'Y': 0.1, 'E': 20.0, 'F': 600.0}}
DECISION : ALLOW
------------------------------------------------------------
[SEQ 110] [IEEE-BASELINE]
SCORE    : anomaly_score=3.552
DECISION : ALLOW
------------------------------------------------------------
[SEQ 111] [LAYER 0]
CMD      : G1 X159.528 Y125.957 E2.76585
TRUST    : acc_cmd=0.000 | acc_exec=1.000 | trust=0.149
DECISION : PAUSE
MACHINE  : Machine-4
------------------------------------------------------------
[SEQ 111] [STATIC-BASELINE]
CMD      : G1 | effects={'dx': 159.428, 'dy': 125.857, 'dz': 0.0, 'de': -17.23415, 'xy_dist': 203.1188608499959, 'params': {'G': 1.0, 'X': 159.528, 'Y': 125.957, 'E': 2.76585}}
DECISION : ALLOW
------------------------------------------------------------
[SEQ 111] [IEEE-BASELINE]
SCORE    : anomaly_score=3.197
DECISION : ALLOW
------------------------------------------------------------
[SEQ 112] [LAYER 0]
CMD      : G1 X157.729 Y123.577 E2.82197
TRUST    : acc_cmd=0.000 | acc_exec=0.000 | trust=0.154
DECISION : PAUSE
MACHINE  : Machine-4
------------------------------------------------------------
[SEQ 112] [STATIC-BASELINE]
CMD      : G1 | effects={'dx': -1.7989999999999782, 'dy': -2.3799999999999955, 'dz': 0.0, 'de': 0.05611999999999995, 'xy_dist': 2.9834210229198126, 'params': {'G': 1.0, 'X': 157.729, 'Y': 123.577, 'E': 2.82197}}
DECISION : ALLOW
------------------------------------------------------------
[SEQ 112] [IEEE-BASELINE]
SCORE    : anomaly_score=2.877
DECISION : ALLOW
------------------------------------------------------------
[SEQ 113] [LAYER 0]
CMD      : G1 X157.056 Y121.189 E2.86864
TRUST    : acc_cmd=0.000 | acc_exec=0.000 | trust=0.259
DECISION : PAUSE
MACHINE  : Machine-4
------------------------------------------------------------
[SEQ 113] [STATIC-BASELINE]
CMD      : G1 | effects={'dx': -0.6730000000000018, 'dy': -2.3880000000000052, 'dz': 0.0, 'de': 0.04667000000000021, 'xy_dist': 2.4810225714410636, 'params': {'G': 1.0, 'X': 157.056, 'Y': 121.189, 'E': 2.86864}}
DECISION : ALLOW
------------------------------------------------------------
[SEQ 113] [IEEE-BASELINE]
SCORE    : anomaly_score=2.590
DECISION : ALLOW
------------------------------------------------------------
[SEQ 114] [LAYER 0]
CMD      : G1 X157.02 Y118.954 E2.91068
TRUST    : acc_cmd=0.000 | acc_exec=0.000 | trust=0.411
DECISION : PAUSE
MACHINE  : Machine-4
------------------------------------------------------------
[SEQ 114] [STATIC-BASELINE]
CMD      : G1 | effects={'dx': -0.036000000000001364, 'dy': -2.2349999999999994, 'dz': 0.0, 'de': 0.04204000000000008, 'xy_dist': 2.2352899140827343, 'params': {'G': 1.0, 'X': 157.02, 'Y': 118.954, 'E': 2.91068}}
DECISION : ALLOW
------------------------------------------------------------
[SEQ 114] [IEEE-BASELINE]
SCORE    : anomaly_score=2.331
DECISION : ALLOW
------------------------------------------------------------
[SEQ 115] [LAYER 0]
CMD      : G1 X0.1 Y0.1 E20 F600
TRUST    : acc_cmd=1.000 | acc_exec=0.000 | trust=0.188
DECISION : PAUSE
MACHINE  : Machine-4
------------------------------------------------------------
[SEQ 115] [STATIC-BASELINE]
CMD      : G1 | effects={'dx': -156.92000000000002, 'dy': -118.854, 'dz': 0.0, 'de': 17.08932, 'xy_dist': 196.85060252892296, 'params': {'G': 1.0, 'X': 0.1, 'Y': 0.1, 'E': 20.0, 'F': 600.0}}
DECISION : ALLOW
------------------------------------------------------------
[SEQ 115] [IEEE-BASELINE]
SCORE    : anomaly_score=3.829
DECISION : ALLOW
------------------------------------------------------------
[SEQ 116] [LAYER 0]
CMD      : G1 X157.907 Y116.368 E2.96225
TRUST    : acc_cmd=0.000 | acc_exec=1.000 | trust=0.099
DECISION : PAUSE
MACHINE  : Machine-4
------------------------------------------------------------
[SEQ 116] [STATIC-BASELINE]
CMD      : G1 | effects={'dx': 157.80700000000002, 'dy': 116.268, 'dz': 0.0, 'de': -17.03775, 'xy_dist': 196.0135124755434, 'params': {'G': 1.0, 'X': 157.907, 'Y': 116.368, 'E': 2.96225}}
DECISION : ALLOW
------------------------------------------------------------
[SEQ 116] [IEEE-BASELINE]
SCORE    : anomaly_score=3.446
DECISION : ALLOW
------------------------------------------------------------
[SEQ 117] [LAYER 0]
CMD      : G1 X0.1 Y0.1 E20 F600
TRUST    : acc_cmd=1.000 | acc_exec=0.000 | trust=0.049
DECISION : PAUSE
MACHINE  : Machine-4
------------------------------------------------------------
[SEQ 117] [STATIC-BASELINE]
CMD      : G1 | effects={'dx': -157.80700000000002, 'dy': -116.268, 'dz': 0.0, 'de': 17.03775, 'xy_dist': 196.0135124755434, 'params': {'G': 1.0, 'X': 0.1, 'Y': 0.1, 'E': 20.0, 'F': 600.0}}
DECISION : ALLOW
------------------------------------------------------------
[SEQ 117] [IEEE-BASELINE]
SCORE    : anomaly_score=4.812
DECISION : ALLOW
------------------------------------------------------------
[SEQ 118] [LAYER 0]
CMD      : G0 F3600 X158.851 Y115.517
TRUST    : acc_cmd=0.000 | acc_exec=0.000 | trust=0.069
DECISION : PAUSE
MACHINE  : Machine-4
------------------------------------------------------------
[SEQ 118] [STATIC-BASELINE]
CMD      : G0 | effects={'dx': 158.751, 'dy': 115.417, 'dz': 0.0, 'de': 0.0, 'xy_dist': 196.2726773904101, 'params': {'G': 0.0, 'F': 3600.0, 'X': 158.851, 'Y': 115.517}}
DECISION : ALLOW
------------------------------------------------------------
[SEQ 118] [IEEE-BASELINE]
SCORE    : anomaly_score=4.331
DECISION : ALLOW
------------------------------------------------------------
[SEQ 119] [LAYER 0]
CMD      : G1 F1800 X160.144 Y114.128 E3.02153
TRUST    : acc_cmd=0.000 | acc_exec=1.000 | trust=0.042
DECISION : PAUSE
MACHINE  : Machine-4
------------------------------------------------------------
[SEQ 119] [STATIC-BASELINE]
CMD      : G1 | effects={'dx': 1.2930000000000064, 'dy': -1.3889999999999958, 'dz': 0.0, 'de': -16.97847, 'xy_dist': 1.897674893125797, 'params': {'G': 1.0, 'F': 1800.0, 'X': 160.144, 'Y': 114.128, 'E': 3.02153}}
DECISION : ALLOW
------------------------------------------------------------
[SEQ 119] [IEEE-BASELINE]
SCORE    : anomaly_score=3.898
DECISION : ALLOW
------------------------------------------------------------
[SEQ 120] [LAYER 0]
CMD      : G1 X160.771 Y113.644 E3.03643
TRUST    : acc_cmd=0.000 | acc_exec=0.000 | trust=0.082
DECISION : PAUSE
MACHINE  : Machine-4
------------------------------------------------------------
[SEQ 120] [STATIC-BASELINE]
CMD      : G1 | effects={'dx': 0.6269999999999811, 'dy': -0.48399999999999466, 'dz': 0.0, 'de': 0.014900000000000357, 'xy_dist': 0.7920763852053483, 'params': {'G': 1.0, 'X': 160.771, 'Y': 113.644, 'E': 3.03643}}
DECISION : ALLOW
------------------------------------------------------------
[SEQ 120] [IEEE-BASELINE]
SCORE    : anomaly_score=3.508
DECISION : ALLOW
------------------------------------------------------------
[SEQ 121] [LAYER 0]
CMD      : G1 X162.591 Y112.816 E3.07404
TRUST    : acc_cmd=0.000 | acc_exec=0.000 | trust=0.191
DECISION : PAUSE
MACHINE  : Machine-4
------------------------------------------------------------
[SEQ 121] [STATIC-BASELINE]
CMD      : G1 | effects={'dx': 1.8200000000000216, 'dy': -0.828000000000003, 'dz': 0.0, 'de': 0.03760999999999992, 'xy_dist': 1.999495936480013, 'params': {'G': 1.0, 'X': 162.591, 'Y': 112.816, 'E': 3.07404}}
DECISION : ALLOW
------------------------------------------------------------
[SEQ 121] [IEEE-BASELINE]
SCORE    : anomaly_score=3.157
DECISION : ALLOW
------------------------------------------------------------
[SEQ 122] [LAYER 0]
CMD      : G1 X163.801 Y112.458 E3.09777
TRUST    : acc_cmd=0.000 | acc_exec=0.000 | trust=0.346
DECISION : PAUSE
MACHINE  : Machine-4
------------------------------------------------------------
[SEQ 122] [STATIC-BASELINE]
CMD      : G1 | effects={'dx': 1.2099999999999795, 'dy': -0.3580000000000041, 'dz': 0.0, 'de': 0.02373000000000003, 'xy_dist': 1.2618494363433197, 'params': {'G': 1.0, 'X': 163.801, 'Y': 112.458, 'E': 3.09777}}
DECISION : ALLOW
------------------------------------------------------------
[SEQ 122] [IEEE-BASELINE]
SCORE    : anomaly_score=2.842
DECISION : ALLOW
------------------------------------------------------------
[SEQ 123] [LAYER 0]
CMD      : G1 X0.1 Y0.1 E20 F600
TRUST    : acc_cmd=1.000 | acc_exec=0.000 | trust=0.163
DECISION : PAUSE
MACHINE  : Machine-4
------------------------------------------------------------
[SEQ 123] [STATIC-BASELINE]
CMD      : G1 | effects={'dx': -163.701, 'dy': -112.358, 'dz': 0.0, 'de': 16.90223, 'xy_dist': 198.55059195328528, 'params': {'G': 1.0, 'X': 0.1, 'Y': 0.1, 'E': 20.0, 'F': 600.0}}
DECISION : ALLOW
------------------------------------------------------------
[SEQ 123] [IEEE-BASELINE]
SCORE    : anomaly_score=2.557
DECISION : ALLOW
------------------------------------------------------------
[SEQ 124] [LAYER 0]
CMD      : G1 X0.1 Y0.1 E20 F600
TRUST    : acc_cmd=1.000 | acc_exec=0.000 | trust=0.070
DECISION : PAUSE
MACHINE  : Machine-4
------------------------------------------------------------
[SEQ 124] [STATIC-BASELINE]
CMD      : G1 | effects={'dx': 0.0, 'dy': 0.0, 'dz': 0.0, 'de': 0.0, 'xy_dist': 0.0, 'params': {'G': 1.0, 'X': 0.1, 'Y': 0.1, 'E': 20.0, 'F': 600.0}}
DECISION : ALLOW
------------------------------------------------------------
[SEQ 124] [IEEE-BASELINE]
SCORE    : anomaly_score=2.302
DECISION : ALLOW
------------------------------------------------------------
[SEQ 125] [LAYER 0]
CMD      : G1 X169.806 Y113.992 E3.21705
TRUST    : acc_cmd=0.000 | acc_exec=1.000 | trust=0.053
DECISION : PAUSE
MACHINE  : Machine-4
------------------------------------------------------------
[SEQ 125] [STATIC-BASELINE]
CMD      : G1 | effects={'dx': 169.70600000000002, 'dy': 113.89200000000001, 'dz': 0.0, 'de': -16.78295, 'xy_dist': 204.38080658418002, 'params': {'G': 1.0, 'X': 169.806, 'Y': 113.992, 'E': 3.21705}}
DECISION : ALLOW
------------------------------------------------------------
[SEQ 125] [IEEE-BASELINE]
SCORE    : anomaly_score=2.071
DECISION : ALLOW
------------------------------------------------------------
[SEQ 126] [LAYER 0]
CMD      : G1 X171.422 Y115.875 E3.26373
TRUST    : acc_cmd=0.000 | acc_exec=0.000 | trust=0.111
DECISION : PAUSE
MACHINE  : Machine-4
------------------------------------------------------------
[SEQ 126] [STATIC-BASELINE]
CMD      : G1 | effects={'dx': 1.6159999999999854, 'dy': 1.8829999999999956, 'dz': 0.0, 'de': 0.04667999999999983, 'xy_dist': 2.481359506399654, 'params': {'G': 1.0, 'X': 171.422, 'Y': 115.875, 'E': 3.26373}}
DECISION : ALLOW
------------------------------------------------------------
[SEQ 126] [IEEE-BASELINE]
SCORE    : anomaly_score=1.864
DECISION : ALLOW
------------------------------------------------------------
[SEQ 127] [LAYER 0]
CMD      : G1 X171.748 Y116.397 E3.2753
TRUST    : acc_cmd=0.000 | acc_exec=0.000 | trust=0.236
DECISION : PAUSE
MACHINE  : Machine-4
------------------------------------------------------------
[SEQ 127] [STATIC-BASELINE]
CMD      : G1 | effects={'dx': 0.3259999999999934, 'dy': 0.5220000000000056, 'dz': 0.0, 'de': 0.011570000000000302, 'xy_dist': 0.6154348056455708, 'params': {'G': 1.0, 'X': 171.748, 'Y': 116.397, 'E': 3.2753}}
DECISION : ALLOW
------------------------------------------------------------
[SEQ 127] [IEEE-BASELINE]
SCORE    : anomaly_score=1.678
DECISION : ALLOW
------------------------------------------------------------
[SEQ 128] [LAYER 0]
CMD      : G1 X172.587 Y118.848 E3.32404
TRUST    : acc_cmd=0.000 | acc_exec=0.000 | trust=0.397
DECISION : PAUSE
MACHINE  : Machine-4
------------------------------------------------------------
[SEQ 128] [STATIC-BASELINE]
CMD      : G1 | effects={'dx': 0.8389999999999986, 'dy': 2.4509999999999934, 'dz': 0.0, 'de': 0.048740000000000006, 'xy_dist': 2.5906219330500475, 'params': {'G': 1.0, 'X': 172.587, 'Y': 118.848, 'E': 3.32404}}
DECISION : ALLOW
------------------------------------------------------------
[SEQ 128] [IEEE-BASELINE]
SCORE    : anomaly_score=1.510
DECISION : ALLOW
------------------------------------------------------------
[SEQ 129] [LAYER 0]
CMD      : G1 X0.1 Y0.1 E20 F600
TRUST    : acc_cmd=1.000 | acc_exec=0.000 | trust=0.179
DECISION : PAUSE
MACHINE  : Machine-4
------------------------------------------------------------
[SEQ 129] [STATIC-BASELINE]
CMD      : G1 | effects={'dx': -172.487, 'dy': -118.748, 'dz': 0.0, 'de': 16.67596, 'xy_dist': 209.41072721568014, 'params': {'G': 1.0, 'X': 0.1, 'Y': 0.1, 'E': 20.0, 'F': 600.0}}
DECISION : ALLOW
------------------------------------------------------------
[SEQ 129] [IEEE-BASELINE]
SCORE    : anomaly_score=1.359
DECISION : ALLOW
------------------------------------------------------------
[SEQ 130] [LAYER 0]
CMD      : G1 X171.928 Y123.219 E3.40802
TRUST    : acc_cmd=0.000 | acc_exec=1.000 | trust=0.095
DECISION : PAUSE
MACHINE  : Machine-4
------------------------------------------------------------
[SEQ 130] [STATIC-BASELINE]
CMD      : G1 | effects={'dx': 171.828, 'dy': 123.119, 'dz': 0.0, 'de': -16.59198, 'xy_dist': 211.38389187684098, 'params': {'G': 1.0, 'X': 171.928, 'Y': 123.219, 'E': 3.40802}}
DECISION : ALLOW
------------------------------------------------------------
[SEQ 130] [IEEE-BASELINE]
SCORE    : anomaly_score=1.223
DECISION : ALLOW
------------------------------------------------------------
[SEQ 131] [LAYER 0]
CMD      : G1 X170.801 Y124.973 E3.44724
TRUST    : acc_cmd=0.000 | acc_exec=0.000 | trust=0.124
DECISION : PAUSE
MACHINE  : Machine-4
------------------------------------------------------------
[SEQ 131] [STATIC-BASELINE]
CMD      : G1 | effects={'dx': -1.1270000000000095, 'dy': 1.7540000000000049, 'dz': 0.0, 'de': 0.03921999999999981, 'xy_dist': 2.0848609066314325, 'params': {'G': 1.0, 'X': 170.801, 'Y': 124.973, 'E': 3.44724}}
DECISION : ALLOW
------------------------------------------------------------
[SEQ 131] [IEEE-BASELINE]
SCORE    : anomaly_score=1.101
DECISION : ALLOW
------------------------------------------------------------
[SEQ 132] [LAYER 0]
CMD      : G1 X0.1 Y0.1 E20 F600
TRUST    : acc_cmd=1.000 | acc_exec=0.000 | trust=0.064
DECISION : PAUSE
MACHINE  : Machine-4
------------------------------------------------------------
[SEQ 132] [STATIC-BASELINE]
CMD      : G1 | effects={'dx': -170.701, 'dy': -124.873, 'dz': 0.0, 'de': 16.55276, 'xy_dist': 211.49963955052027, 'params': {'G': 1.0, 'X': 0.1, 'Y': 0.1, 'E': 20.0, 'F': 600.0}}
DECISION : ALLOW
------------------------------------------------------------
[SEQ 132] [IEEE-BASELINE]
SCORE    : anomaly_score=0.991
DECISION : ALLOW
------------------------------------------------------------
[SEQ 133] [LAYER 0]
CMD      : G1 X167.96 Y127.018 E3.51343
TRUST    : acc_cmd=0.000 | acc_exec=1.000 | trust=0.040
DECISION : PAUSE
MACHINE  : Machine-4
------------------------------------------------------------
[SEQ 133] [STATIC-BASELINE]
CMD      : G1 | effects={'dx': 167.86, 'dy': 126.918, 'dz': 0.0, 'de': -16.48657, 'xy_dist': 210.44039137960183, 'params': {'G': 1.0, 'X': 167.96, 'Y': 127.018, 'E': 3.51343}}
DECISION : ALLOW
------------------------------------------------------------
[SEQ 133] [IEEE-BASELINE]
SCORE    : anomaly_score=0.892
DECISION : ALLOW
------------------------------------------------------------
[SEQ 134] [LAYER 0]
CMD      : G1 X166.144 Y127.545 E3.549
TRUST    : acc_cmd=0.000 | acc_exec=0.000 | trust=0.081
DECISION : PAUSE
MACHINE  : Machine-4
------------------------------------------------------------
[SEQ 134] [STATIC-BASELINE]
CMD      : G1 | effects={'dx': -1.8160000000000025, 'dy': 0.527000000000001, 'dz': 0.0, 'de': 0.03556999999999988, 'xy_dist': 1.890921732912288, 'params': {'G': 1.0, 'X': 166.144, 'Y': 127.545, 'E': 3.549}}
DECISION : ALLOW
------------------------------------------------------------
[SEQ 134] [IEEE-BASELINE]
SCORE    : anomaly_score=0.803
DECISION : ALLOW
------------------------------------------------------------
[SEQ 135] [LAYER 0]
CMD      : G1 X163.936 Y127.586 E3.59054
TRUST    : acc_cmd=0.000 | acc_exec=0.000 | trust=0.191
DECISION : PAUSE
MACHINE  : Machine-4
------------------------------------------------------------
[SEQ 135] [STATIC-BASELINE]
CMD      : G1 | effects={'dx': -2.2079999999999984, 'dy': 0.04099999999999682, 'dz': 0.0, 'de': 0.04153999999999991, 'xy_dist': 2.208380628424365, 'params': {'G': 1.0, 'X': 163.936, 'Y': 127.586, 'E': 3.59054}}
DECISION : ALLOW
------------------------------------------------------------
[SEQ 135] [IEEE-BASELINE]
SCORE    : anomaly_score=0.722
DECISION : ALLOW
------------------------------------------------------------
[SEQ 136] [LAYER 0]
CMD      : G1 X161.801 Y126.927 E3.63257
TRUST    : acc_cmd=0.000 | acc_exec=0.000 | trust=0.346
DECISION : PAUSE
MACHINE  : Machine-4
------------------------------------------------------------
[SEQ 136] [STATIC-BASELINE]
CMD      : G1 | effects={'dx': -2.1350000000000193, 'dy': -0.6589999999999918, 'dz': 0.0, 'de': 0.04203000000000001, 'xy_dist': 2.234391639798196, 'params': {'G': 1.0, 'X': 161.801, 'Y': 126.927, 'E': 3.63257}}
DECISION : ALLOW
------------------------------------------------------------
[SEQ 136] [IEEE-BASELINE]
SCORE    : anomaly_score=0.650
DECISION : ALLOW
------------------------------------------------------------
[SEQ 137] [LAYER 0]
CMD      : G1 X0.1 Y0.1 E20 F600
TRUST    : acc_cmd=1.000 | acc_exec=0.000 | trust=0.161
DECISION : PAUSE
MACHINE  : Machine-4
------------------------------------------------------------
[SEQ 137] [STATIC-BASELINE]
CMD      : G1 | effects={'dx': -161.701, 'dy': -126.82700000000001, 'dz': 0.0, 'de': 16.36743, 'xy_dist': 205.5049910099509, 'params': {'G': 1.0, 'X': 0.1, 'Y': 0.1, 'E': 20.0, 'F': 600.0}}
DECISION : ALLOW
------------------------------------------------------------
[SEQ 137] [IEEE-BASELINE]
SCORE    : anomaly_score=0.585
DECISION : ALLOW
------------------------------------------------------------
[SEQ 138] [LAYER 0]
CMD      : G1 X158.094 Y123.397 E3.7304
TRUST    : acc_cmd=0.000 | acc_exec=1.000 | trust=0.087
DECISION : PAUSE
MACHINE  : Machine-4
------------------------------------------------------------
[SEQ 138] [STATIC-BASELINE]
CMD      : G1 | effects={'dx': 157.994, 'dy': 123.29700000000001, 'dz': 0.0, 'de': -16.2696, 'xy_dist': 200.41021492179485, 'params': {'G': 1.0, 'X': 158.094, 'Y': 123.397, 'E': 3.7304}}
DECISION : ALLOW
------------------------------------------------------------
[SEQ 138] [IEEE-BASELINE]
SCORE    : anomaly_score=0.527
DECISION : ALLOW
------------------------------------------------------------
[SEQ 139] [LAYER 0]
CMD      : G1 X157.455 Y121.13 E3.77471
TRUST    : acc_cmd=0.000 | acc_exec=0.000 | trust=0.118
DECISION : PAUSE
MACHINE  : Machine-4
------------------------------------------------------------
[SEQ 139] [STATIC-BASELINE]
CMD      : G1 | effects={'dx': -0.6389999999999816, 'dy': -2.26700000000001, 'dz': 0.0, 'de': 0.04430999999999985, 'xy_dist': 2.3553364940067527, 'params': {'G': 1.0, 'X': 157.455, 'Y': 121.13, 'E': 3.77471}}
DECISION : ALLOW
------------------------------------------------------------
[SEQ 139] [IEEE-BASELINE]
SCORE    : anomaly_score=0.474
DECISION : ALLOW
------------------------------------------------------------
[SEQ 140] [LAYER 0]
CMD      : G1 X0.1 Y0.1 E20 F600
TRUST    : acc_cmd=1.000 | acc_exec=0.000 | trust=0.062
DECISION : PAUSE
MACHINE  : Machine-4
------------------------------------------------------------
[SEQ 140] [STATIC-BASELINE]
CMD      : G1 | effects={'dx': -157.35500000000002, 'dy': -121.03, 'dz': 0.0, 'de': 16.22529, 'xy_dist': 198.51664143088863, 'params': {'G': 1.0, 'X': 0.1, 'Y': 0.1, 'E': 20.0, 'F': 600.0}}
DECISION : ALLOW
------------------------------------------------------------
[SEQ 140] [IEEE-BASELINE]
SCORE    : anomaly_score=0.427
DECISION : ALLOW
------------------------------------------------------------
[SEQ 141] [LAYER 0]
CMD      : G1 X157.528 Y118.433 E3.82564
TRUST    : acc_cmd=0.000 | acc_exec=1.000 | trust=0.039
DECISION : PAUSE
MACHINE  : Machine-4
------------------------------------------------------------
[SEQ 141] [STATIC-BASELINE]
CMD      : G1 | effects={'dx': 157.428, 'dy': 118.33300000000001, 'dz': 0.0, 'de': -16.17436, 'xy_dist': 196.94231153563726, 'params': {'G': 1.0, 'X': 157.528, 'Y': 118.433, 'E': 3.82564}}
DECISION : ALLOW
------------------------------------------------------------
[SEQ 141] [IEEE-BASELINE]
SCORE    : anomaly_score=0.384
DECISION : ALLOW
------------------------------------------------------------
[SEQ 142] [LAYER 0]
CMD      : G1 X158.255 Y116.566 E3.86333
TRUST    : acc_cmd=0.000 | acc_exec=0.000 | trust=0.081
DECISION : PAUSE
MACHINE  : Machine-4
------------------------------------------------------------
[SEQ 142] [STATIC-BASELINE]
CMD      : G1 | effects={'dx': 0.7270000000000039, 'dy': -1.8670000000000044, 'dz': 0.0, 'de': 0.03769, 'xy_dist': 2.003551346983656, 'params': {'G': 1.0, 'X': 158.255, 'Y': 116.566, 'E': 3.86333}}
DECISION : ALLOW
------------------------------------------------------------
[SEQ 142] [IEEE-BASELINE]
SCORE    : anomaly_score=0.345
DECISION : ALLOW
------------------------------------------------------------
[SEQ 143] [LAYER 0]
CMD      : G1 X158.851 Y115.517 E3.88602
TRUST    : acc_cmd=0.000 | acc_exec=0.000 | trust=0.190
DECISION : PAUSE
MACHINE  : Machine-4
------------------------------------------------------------
[SEQ 143] [STATIC-BASELINE]
CMD      : G1 | effects={'dx': 0.5960000000000036, 'dy': -1.0490000000000066, 'dz': 0.0, 'de': 0.022689999999999877, 'xy_dist': 1.2064895358021213, 'params': {'G': 1.0, 'X': 158.851, 'Y': 115.517, 'E': 3.88602}}
DECISION : ALLOW
------------------------------------------------------------
[SEQ 143] [IEEE-BASELINE]
SCORE    : anomaly_score=0.311
DECISION : ALLOW
------------------------------------------------------------
[SEQ 144] [LAYER 0]
CMD      : G0 F3600 X159.174 Y115.757
TRUST    : acc_cmd=0.000 | acc_exec=0.000 | trust=0.345
DECISION : PAUSE
MACHINE  : Machine-4
------------------------------------------------------------
[SEQ 144] [STATIC-BASELINE]
CMD      : G0 | effects={'dx': 0.3230000000000075, 'dy': 0.2400000000000091, 'dz': 0.0, 'de': 0.0, 'xy_dist': 0.4024040258248036, 'params': {'G': 0.0, 'F': 3600.0, 'X': 159.174, 'Y': 115.757}}
DECISION : ALLOW
------------------------------------------------------------
[SEQ 144] [IEEE-BASELINE]
SCORE    : anomaly_score=0.280
DECISION : ALLOW
------------------------------------------------------------
[SEQ 145] [LAYER 0]
CMD      : G1 F1800 X160.437 Y114.401 E3.92088
TRUST    : acc_cmd=0.000 | acc_exec=0.000 | trust=0.509
DECISION : ALLOW
MACHINE  : Machine-4
------------------------------------------------------------
[SEQ 145] [STATIC-BASELINE]
CMD      : G1 | effects={'dx': 1.2630000000000052, 'dy': -1.3560000000000088, 'dz': 0.0, 'de': 0.03486000000000011, 'xy_dist': 1.8530798687590442, 'params': {'G': 1.0, 'F': 1800.0, 'X': 160.437, 'Y': 114.401, 'E': 3.92088}}
DECISION : ALLOW
------------------------------------------------------------
[SEQ 145] [IEEE-BASELINE]
SCORE    : anomaly_score=0.252
DECISION : ALLOW
------------------------------------------------------------
[SEQ 146] [LAYER 0]
CMD      : G1 X0.1 Y0.1 E20 F600
TRUST    : acc_cmd=1.000 | acc_exec=0.000 | trust=0.229
DECISION : PAUSE
MACHINE  : Machine-4
------------------------------------------------------------
[SEQ 146] [STATIC-BASELINE]
CMD      : G1 | effects={'dx': -160.33700000000002, 'dy': -114.301, 'dz': 0.0, 'de': 16.07912, 'xy_dist': 196.9077757987226, 'params': {'G': 1.0, 'X': 0.1, 'Y': 0.1, 'E': 20.0, 'F': 600.0}}
DECISION : ALLOW
------------------------------------------------------------
[SEQ 146] [IEEE-BASELINE]
SCORE    : anomaly_score=0.227
DECISION : ALLOW
------------------------------------------------------------
[SEQ 147] [LAYER 0]
CMD      : G1 X162.704 Y113.2 E3.96937
TRUST    : acc_cmd=0.000 | acc_exec=1.000 | trust=0.117
DECISION : PAUSE
MACHINE  : Machine-4
------------------------------------------------------------
[SEQ 147] [STATIC-BASELINE]
CMD      : G1 | effects={'dx': 162.604, 'dy': 113.10000000000001, 'dz': 0.0, 'de': -16.03063, 'xy_dist': 198.06986347246269, 'params': {'G': 1.0, 'X': 162.704, 'Y': 113.2, 'E': 3.96937}}
DECISION : ALLOW
------------------------------------------------------------
[SEQ 147] [IEEE-BASELINE]
SCORE    : anomaly_score=0.204
DECISION : ALLOW
------------------------------------------------------------
[SEQ 148] [LAYER 0]
CMD      : G1 X0.1 Y0.1 E20 F600
TRUST    : acc_cmd=1.000 | acc_exec=0.000 | trust=0.056
DECISION : PAUSE
MACHINE  : Machine-4
------------------------------------------------------------
[SEQ 148] [STATIC-BASELINE]
CMD      : G1 | effects={'dx': -162.604, 'dy': -113.10000000000001, 'dz': 0.0, 'de': 16.03063, 'xy_dist': 198.06986347246269, 'params': {'G': 1.0, 'X': 0.1, 'Y': 0.1, 'E': 20.0, 'F': 600.0}}
DECISION : ALLOW
------------------------------------------------------------
[SEQ 148] [IEEE-BASELINE]
SCORE    : anomaly_score=0.184
DECISION : ALLOW
------------------------------------------------------------
[SEQ 149] [LAYER 0]
CMD      : G1 X165.739 Y112.816 E4.0274
TRUST    : acc_cmd=0.000 | acc_exec=1.000 | trust=0.032
DECISION : PAUSE
MACHINE  : Machine-4
------------------------------------------------------------
[SEQ 149] [STATIC-BASELINE]
CMD      : G1 | effects={'dx': 165.639, 'dy': 112.71600000000001, 'dz': 0.0, 'de': -15.9726, 'xy_dist': 200.35262657873992, 'params': {'G': 1.0, 'X': 165.739, 'Y': 112.816, 'E': 4.0274}}
DECISION : ALLOW
------------------------------------------------------------
[SEQ 149] [IEEE-BASELINE]
SCORE    : anomaly_score=0.165
DECISION : ALLOW
------------------------------------------------------------
[SEQ 150] [LAYER 0]
CMD      : G1 X167.589 Y113.251 E4.06315
TRUST    : acc_cmd=0.000 | acc_exec=0.000 | trust=0.063
DECISION : PAUSE
MACHINE  : Machine-4
------------------------------------------------------------
[SEQ 150] [STATIC-BASELINE]
CMD      : G1 | effects={'dx': 1.8499999999999943, 'dy': 0.4350000000000023, 'dz': 0.0, 'de': 0.03575000000000017, 'xy_dist': 1.9004538931528914, 'params': {'G': 1.0, 'X': 167.589, 'Y': 113.251, 'E': 4.06315}}
DECISION : ALLOW
------------------------------------------------------------
[SEQ 150] [IEEE-BASELINE]
SCORE    : anomaly_score=0.149
DECISION : ALLOW
------------------------------------------------------------
[SEQ 151] [LAYER 0]
CMD      : G1 X169.551 Y114.309 E4.10508
TRUST    : acc_cmd=0.000 | acc_exec=0.000 | trust=0.160
DECISION : PAUSE
MACHINE  : Machine-4
------------------------------------------------------------
[SEQ 151] [STATIC-BASELINE]
CMD      : G1 | effects={'dx': 1.961999999999989, 'dy': 1.0579999999999927, 'dz': 0.0, 'de': 0.0419299999999998, 'xy_dist': 2.229082322391872, 'params': {'G': 1.0, 'X': 169.551, 'Y': 114.309, 'E': 4.10508}}
DECISION : ALLOW
------------------------------------------------------------
[SEQ 151] [IEEE-BASELINE]
SCORE    : anomaly_score=0.134
DECISION : ALLOW
------------------------------------------------------------
[SEQ 152] [LAYER 0]
CMD      : G1 X171.118 Y116.135 E4.15034
TRUST    : acc_cmd=0.000 | acc_exec=0.000 | trust=0.309
DECISION : PAUSE
MACHINE  : Machine-4
------------------------------------------------------------
[SEQ 152] [STATIC-BASELINE]
CMD      : G1 | effects={'dx': 1.5670000000000073, 'dy': 1.8260000000000076, 'dz': 0.0, 'de': 0.045259999999999856, 'xy_dist': 2.4061930512741596, 'params': {'G': 1.0, 'X': 171.118, 'Y': 116.135, 'E': 4.15034}}
DECISION : ALLOW
------------------------------------------------------------
[SEQ 152] [IEEE-BASELINE]
SCORE    : anomaly_score=0.120
DECISION : ALLOW
------------------------------------------------------------
[SEQ 153] [LAYER 0]
CMD      : G1 X171.385 Y116.571 E4.15996
TRUST    : acc_cmd=0.000 | acc_exec=0.000 | trust=0.474
DECISION : PAUSE
MACHINE  : Machine-4
------------------------------------------------------------
[SEQ 153] [STATIC-BASELINE]
CMD      : G1 | effects={'dx': 0.2669999999999959, 'dy': 0.43599999999999284, 'dz': 0.0, 'de': 0.009619999999999962, 'xy_dist': 0.5112582517671392, 'params': {'G': 1.0, 'X': 171.385, 'Y': 116.571, 'E': 4.15996}}
DECISION : ALLOW
------------------------------------------------------------
[SEQ 153] [IEEE-BASELINE]
SCORE    : anomaly_score=0.108
DECISION : ALLOW
------------------------------------------------------------
[SEQ 154] [LAYER 0]
CMD      : G1 X172.186 Y118.91 E4.20646
TRUST    : acc_cmd=0.000 | acc_exec=0.000 | trust=0.625
DECISION : ALLOW
MACHINE  : Machine-4
------------------------------------------------------------
[SEQ 154] [STATIC-BASELINE]
CMD      : G1 | effects={'dx': 0.8010000000000161, 'dy': 2.3389999999999986, 'dz': 0.0, 'de': 0.046499999999999986, 'xy_dist': 2.472351512224752, 'params': {'G': 1.0, 'X': 172.186, 'Y': 118.91, 'E': 4.20646}}
DECISION : ALLOW
------------------------------------------------------------
[SEQ 154] [IEEE-BASELINE]
SCORE    : anomaly_score=0.098
DECISION : ALLOW
------------------------------------------------------------
[SEQ 155] [LAYER 0]
CMD      : G1 X172.147 Y121.164 E4.24887
TRUST    : acc_cmd=0.000 | acc_exec=0.000 | trust=0.744
DECISION : ALLOW
MACHINE  : Machine-4
------------------------------------------------------------
[SEQ 155] [STATIC-BASELINE]
CMD      : G1 | effects={'dx': -0.03900000000001569, 'dy': 2.254000000000005, 'dz': 0.0, 'de': 0.04241000000000028, 'xy_dist': 2.2543373749286117, 'params': {'G': 1.0, 'X': 172.147, 'Y': 121.164, 'E': 4.24887}}
DECISION : ALLOW
------------------------------------------------------------
[SEQ 155] [IEEE-BASELINE]
SCORE    : anomaly_score=0.088
DECISION : ALLOW
------------------------------------------------------------
[SEQ 156] [LAYER 0]
CMD      : G1 X171.563 Y123.047 E4.28595
TRUST    : acc_cmd=0.000 | acc_exec=0.000 | trust=0.832
DECISION : ALLOW
MACHINE  : Machine-4
------------------------------------------------------------
[SEQ 156] [STATIC-BASELINE]
CMD      : G1 | effects={'dx': -0.5840000000000032, 'dy': 1.8829999999999956, 'dz': 0.0, 'de': 0.03707999999999956, 'xy_dist': 1.9714829443847561, 'params': {'G': 1.0, 'X': 171.563, 'Y': 123.047, 'E': 4.28595}}
DECISION : ALLOW
------------------------------------------------------------
[SEQ 156] [IEEE-BASELINE]
SCORE    : anomaly_score=0.079
DECISION : ALLOW
------------------------------------------------------------
[SEQ 157] [LAYER 0]
CMD      : G1 X170.495 Y124.709 E4.32311
TRUST    : acc_cmd=0.000 | acc_exec=0.000 | trust=0.892
DECISION : ALLOW
MACHINE  : Machine-4
------------------------------------------------------------
[SEQ 157] [STATIC-BASELINE]
CMD      : G1 | effects={'dx': -1.0679999999999836, 'dy': 1.6620000000000061, 'dz': 0.0, 'de': 0.03716000000000008, 'xy_dist': 1.9755677664914422, 'params': {'G': 1.0, 'X': 170.495, 'Y': 124.709, 'E': 4.32311}}
DECISION : ALLOW
------------------------------------------------------------
[SEQ 157] [IEEE-BASELINE]
SCORE    : anomaly_score=0.071
DECISION : ALLOW
------------------------------------------------------------
[SEQ 158] [LAYER 0]
CMD      : G1 X0.1 Y0.1 E20 F600
TRUST    : acc_cmd=1.000 | acc_exec=0.000 | trust=0.386
DECISION : PAUSE
MACHINE  : Machine-4
------------------------------------------------------------
[SEQ 158] [STATIC-BASELINE]
CMD      : G1 | effects={'dx': -170.395, 'dy': -124.60900000000001, 'dz': 0.0, 'de': 15.67689, 'xy_dist': 211.09679984784233, 'params': {'G': 1.0, 'X': 0.1, 'Y': 0.1, 'E': 20.0, 'F': 600.0}}
DECISION : ALLOW
------------------------------------------------------------
[SEQ 158] [IEEE-BASELINE]
SCORE    : anomaly_score=0.064
DECISION : ALLOW
------------------------------------------------------------
[SEQ 159] [LAYER 0]
CMD      : G1 X167.805 Y126.647 E4.3858
TRUST    : acc_cmd=0.000 | acc_exec=1.000 | trust=0.184
DECISION : PAUSE
MACHINE  : Machine-4
------------------------------------------------------------
[SEQ 159] [STATIC-BASELINE]
CMD      : G1 | effects={'dx': 167.705, 'dy': 126.54700000000001, 'dz': 0.0, 'de': -15.6142, 'xy_dist': 210.09309896805274, 'params': {'G': 1.0, 'X': 167.805, 'Y': 126.647, 'E': 4.3858}}
DECISION : ALLOW
------------------------------------------------------------
[SEQ 159] [IEEE-BASELINE]
SCORE    : anomaly_score=0.058
DECISION : ALLOW
------------------------------------------------------------
[SEQ 160] [LAYER 0]
CMD      : G1 X166.085 Y127.146 E4.41949
TRUST    : acc_cmd=0.000 | acc_exec=0.000 | trust=0.171
DECISION : PAUSE
MACHINE  : Machine-4
------------------------------------------------------------
[SEQ 160] [STATIC-BASELINE]
CMD      : G1 | effects={'dx': -1.7199999999999989, 'dy': 0.4989999999999952, 'dz': 0.0, 'de': 0.03369, 'xy_dist': 1.790921829673197, 'params': {'G': 1.0, 'X': 166.085, 'Y': 127.146, 'E': 4.41949}}
DECISION : ALLOW
------------------------------------------------------------
[SEQ 160] [IEEE-BASELINE]
SCORE    : anomaly_score=0.052
DECISION : ALLOW
------------------------------------------------------------
[SEQ 161] [LAYER 0]
CMD      : G1 X163.992 Y127.185 E4.45887
TRUST    : acc_cmd=0.000 | acc_exec=0.000 | trust=0.270
DECISION : PAUSE
MACHINE  : Machine-4
------------------------------------------------------------
[SEQ 161] [STATIC-BASELINE]
CMD      : G1 | effects={'dx': -2.0930000000000177, 'dy': 0.03900000000000148, 'dz': 0.0, 'de': 0.039380000000000415, 'xy_dist': 2.093363322502827, 'params': {'G': 1.0, 'X': 163.992, 'Y': 127.185, 'E': 4.45887}}
DECISION : ALLOW
------------------------------------------------------------
[SEQ 161] [IEEE-BASELINE]
SCORE    : anomaly_score=0.047
DECISION : ALLOW
------------------------------------------------------------
[SEQ 162] [LAYER 0]
CMD      : G1 X161.971 Y126.561 E4.49865
TRUST    : acc_cmd=0.000 | acc_exec=0.000 | trust=0.420
DECISION : PAUSE
MACHINE  : Machine-4
------------------------------------------------------------
[SEQ 162] [STATIC-BASELINE]
CMD      : G1 | effects={'dx': -2.0209999999999866, 'dy': -0.6239999999999952, 'dz': 0.0, 'de': 0.03977999999999948, 'xy_dist': 2.115139948088528, 'params': {'G': 1.0, 'X': 161.971, 'Y': 126.561, 'E': 4.49865}}
DECISION : ALLOW
------------------------------------------------------------
[SEQ 162] [IEEE-BASELINE]
SCORE    : anomaly_score=0.042
DECISION : ALLOW
------------------------------------------------------------
[SEQ 163] [LAYER 0]
CMD      : G1 X160.078 Y125.359 E4.54083
TRUST    : acc_cmd=0.000 | acc_exec=0.000 | trust=0.574
DECISION : ALLOW
MACHINE  : Machine-4
------------------------------------------------------------
[SEQ 163] [STATIC-BASELINE]
CMD      : G1 | effects={'dx': -1.8930000000000007, 'dy': -1.2020000000000124, 'dz': 0.0, 'de': 0.042180000000000106, 'xy_dist': 2.242376640977165, 'params': {'G': 1.0, 'X': 160.078, 'Y': 125.359, 'E': 4.54083}}
DECISION : ALLOW
------------------------------------------------------------
[SEQ 163] [IEEE-BASELINE]
SCORE    : anomaly_score=0.038
DECISION : ALLOW
------------------------------------------------------------
[SEQ 164] [LAYER 0]
CMD      : G1 X158.459 Y123.217 E4.59134
TRUST    : acc_cmd=0.000 | acc_exec=0.000 | trust=0.704
DECISION : ALLOW
MACHINE  : Machine-4
------------------------------------------------------------
[SEQ 164] [STATIC-BASELINE]
CMD      : G1 | effects={'dx': -1.6189999999999998, 'dy': -2.141999999999996, 'dz': 0.0, 'de': 0.050510000000000055, 'xy_dist': 2.6850186219093493, 'params': {'G': 1.0, 'X': 158.459, 'Y': 123.217, 'E': 4.59134}}
DECISION : ALLOW
------------------------------------------------------------
[SEQ 164] [IEEE-BASELINE]
SCORE    : anomaly_score=0.034
DECISION : ALLOW
------------------------------------------------------------
[SEQ 165] [LAYER 0]
CMD      : G1 X157.854 Y121.071 E4.63328
TRUST    : acc_cmd=0.000 | acc_exec=0.000 | trust=0.802
DECISION : ALLOW
MACHINE  : Machine-4
------------------------------------------------------------
[SEQ 165] [STATIC-BASELINE]
CMD      : G1 | effects={'dx': -0.6049999999999898, 'dy': -2.146000000000001, 'dz': 0.0, 'de': 0.04194000000000031, 'xy_dist': 2.229650421030165, 'params': {'G': 1.0, 'X': 157.854, 'Y': 121.071, 'E': 4.63328}}
DECISION : ALLOW
------------------------------------------------------------
[SEQ 165] [IEEE-BASELINE]
SCORE    : anomaly_score=0.031
DECISION : ALLOW
------------------------------------------------------------
[SEQ 166] [LAYER 0]
CMD      : G1 X157.822 Y119.024 E4.67179
TRUST    : acc_cmd=0.000 | acc_exec=0.000 | trust=0.872
DECISION : ALLOW
MACHINE  : Machine-4
------------------------------------------------------------
[SEQ 166] [STATIC-BASELINE]
CMD      : G1 | effects={'dx': -0.03200000000001069, 'dy': -2.046999999999997, 'dz': 0.0, 'de': 0.0385099999999996, 'xy_dist': 2.047250106850648, 'params': {'G': 1.0, 'X': 157.822, 'Y': 119.024, 'E': 4.67179}}
DECISION : ALLOW
------------------------------------------------------------
[SEQ 166] [IEEE-BASELINE]
SCORE    : anomaly_score=0.028
DECISION : ALLOW
------------------------------------------------------------
[SEQ 167] [LAYER 0]
CMD      : G1 X157.901 Y118.577 E4.68033
TRUST    : acc_cmd=0.000 | acc_exec=0.000 | trust=0.919
DECISION : ALLOW
MACHINE  : Machine-4
------------------------------------------------------------
[SEQ 167] [STATIC-BASELINE]
CMD      : G1 | effects={'dx': 0.07900000000000773, 'dy': -0.44700000000000273, 'dz': 0.0, 'de': 0.008539999999999992, 'xy_dist': 0.4539273069556442, 'params': {'G': 1.0, 'X': 157.901, 'Y': 118.577, 'E': 4.68033}}
DECISION : ALLOW
------------------------------------------------------------
[SEQ 167] [IEEE-BASELINE]
SCORE    : anomaly_score=0.025
DECISION : ALLOW
------------------------------------------------------------
[SEQ 168] [LAYER 0]
CMD      : G1 X0.1 Y0.1 E20 F600
TRUST    : acc_cmd=1.000 | acc_exec=0.000 | trust=0.397
DECISION : PAUSE
MACHINE  : Machine-4
------------------------------------------------------------
[SEQ 168] [STATIC-BASELINE]
CMD      : G1 | effects={'dx': -157.80100000000002, 'dy': -118.477, 'dz': 0.0, 'de': 15.31967, 'xy_dist': 197.3270258479563, 'params': {'G': 1.0, 'X': 0.1, 'Y': 0.1, 'E': 20.0, 'F': 600.0}}
DECISION : ALLOW
------------------------------------------------------------
[SEQ 168] [IEEE-BASELINE]
SCORE    : anomaly_score=2.210
DECISION : ALLOW
------------------------------------------------------------
[SEQ 169] [LAYER 0]
CMD      : G1 X159.174 Y115.757 E4.73868
TRUST    : acc_cmd=0.000 | acc_exec=1.000 | trust=0.188
DECISION : PAUSE
MACHINE  : Machine-4
------------------------------------------------------------
[SEQ 169] [STATIC-BASELINE]
CMD      : G1 | effects={'dx': 159.074, 'dy': 115.65700000000001, 'dz': 0.0, 'de': -15.261320000000001, 'xy_dist': 196.67505974322216, 'params': {'G': 1.0, 'X': 159.174, 'Y': 115.757, 'E': 4.73868}}
DECISION : ALLOW
------------------------------------------------------------
[SEQ 169] [IEEE-BASELINE]
SCORE    : anomaly_score=1.989
DECISION : ALLOW
------------------------------------------------------------
[SEQ 170] [LAYER 0]
CMD      : G0 F3600 X159.499 Y115.996
TRUST    : acc_cmd=0.000 | acc_exec=0.000 | trust=0.173
DECISION : PAUSE
MACHINE  : Machine-4
------------------------------------------------------------
[SEQ 170] [STATIC-BASELINE]
CMD      : G0 | effects={'dx': 0.32499999999998863, 'dy': 0.2389999999999901, 'dz': 0.0, 'de': 0.0, 'xy_dist': 0.40341789747108137, 'params': {'G': 0.0, 'F': 3600.0, 'X': 159.499, 'Y': 115.996}}
DECISION : ALLOW
------------------------------------------------------------
[SEQ 170] [IEEE-BASELINE]
SCORE    : anomaly_score=1.790
DECISION : ALLOW
------------------------------------------------------------
[SEQ 171] [LAYER 0]
CMD      : G1 F1800 X160.73 Y114.674 E4.77266
TRUST    : acc_cmd=0.000 | acc_exec=0.000 | trust=0.272
DECISION : PAUSE
MACHINE  : Machine-4
------------------------------------------------------------
[SEQ 171] [STATIC-BASELINE]
CMD      : G1 | effects={'dx': 1.2309999999999945, 'dy': -1.3219999999999885, 'dz': 0.0, 'de': 0.033980000000000565, 'xy_dist': 1.8063900464738938, 'params': {'G': 1.0, 'F': 1800.0, 'X': 160.73, 'Y': 114.674, 'E': 4.77266}}
DECISION : ALLOW
------------------------------------------------------------
[SEQ 171] [IEEE-BASELINE]
SCORE    : anomaly_score=1.611
DECISION : ALLOW
------------------------------------------------------------
[SEQ 172] [LAYER 0]
CMD      : G1 X0.1 Y0.1 E20 F600
TRUST    : acc_cmd=1.000 | acc_exec=0.000 | trust=0.129
DECISION : PAUSE
MACHINE  : Machine-4
------------------------------------------------------------
[SEQ 172] [STATIC-BASELINE]
CMD      : G1 | effects={'dx': -160.63, 'dy': -114.57400000000001, 'dz': 0.0, 'de': 15.22734, 'xy_dist': 197.30483616982124, 'params': {'G': 1.0, 'X': 0.1, 'Y': 0.1, 'E': 20.0, 'F': 600.0}}
DECISION : ALLOW
------------------------------------------------------------
[SEQ 172] [IEEE-BASELINE]
SCORE    : anomaly_score=3.575
DECISION : ALLOW
------------------------------------------------------------
[SEQ 173] [LAYER 0]
CMD      : G1 X162.817 Y113.584 E4.81712
TRUST    : acc_cmd=0.000 | acc_exec=1.000 | trust=0.072
DECISION : PAUSE
MACHINE  : Machine-4
------------------------------------------------------------
[SEQ 173] [STATIC-BASELINE]
CMD      : G1 | effects={'dx': 162.717, 'dy': 113.48400000000001, 'dz': 0.0, 'de': -15.18288, 'xy_dist': 198.38205650965514, 'params': {'G': 1.0, 'X': 162.817, 'Y': 113.584, 'E': 4.81712}}
DECISION : ALLOW
------------------------------------------------------------
[SEQ 173] [IEEE-BASELINE]
SCORE    : anomaly_score=3.218
DECISION : ALLOW
------------------------------------------------------------
[SEQ 174] [LAYER 0]
CMD      : G1 X0.1 Y0.1 E20 F600
TRUST    : acc_cmd=1.000 | acc_exec=0.000 | trust=0.038
DECISION : PAUSE
MACHINE  : Machine-4
------------------------------------------------------------
[SEQ 174] [STATIC-BASELINE]
CMD      : G1 | effects={'dx': -162.717, 'dy': -113.48400000000001, 'dz': 0.0, 'de': 15.18288, 'xy_dist': 198.38205650965514, 'params': {'G': 1.0, 'X': 0.1, 'Y': 0.1, 'E': 20.0, 'F': 600.0}}
DECISION : ALLOW
------------------------------------------------------------
[SEQ 174] [IEEE-BASELINE]
SCORE    : anomaly_score=4.403
DECISION : ALLOW
------------------------------------------------------------
[SEQ 175] [LAYER 0]
CMD      : G1 X165.699 Y113.217 E4.87224
TRUST    : acc_cmd=0.000 | acc_exec=1.000 | trust=0.024
DECISION : PAUSE
MACHINE  : Machine-4
------------------------------------------------------------
[SEQ 175] [STATIC-BASELINE]
CMD      : G1 | effects={'dx': 165.59900000000002, 'dy': 113.117, 'dz': 0.0, 'de': -15.12776, 'xy_dist': 200.54546738832073, 'params': {'G': 1.0, 'X': 165.699, 'Y': 113.217, 'E': 4.87224}}
DECISION : ALLOW
------------------------------------------------------------
[SEQ 175] [IEEE-BASELINE]
SCORE    : anomaly_score=3.963
DECISION : ALLOW
------------------------------------------------------------
[SEQ 176] [LAYER 0]
CMD      : G1 X167.444 Y113.627 E4.90596
TRUST    : acc_cmd=0.000 | acc_exec=0.000 | trust=0.057
DECISION : PAUSE
MACHINE  : Machine-4
------------------------------------------------------------
[SEQ 176] [STATIC-BASELINE]
CMD      : G1 | effects={'dx': 1.7449999999999761, 'dy': 0.4099999999999966, 'dz': 0.0, 'de': 0.03372000000000064, 'xy_dist': 1.7925191770243112, 'params': {'G': 1.0, 'X': 167.444, 'Y': 113.627, 'E': 4.90596}}
DECISION : ALLOW
------------------------------------------------------------
[SEQ 176] [IEEE-BASELINE]
SCORE    : anomaly_score=3.566
DECISION : ALLOW
------------------------------------------------------------
[SEQ 177] [LAYER 0]
CMD      : G1 X169.296 Y114.626 E4.94554
TRUST    : acc_cmd=0.000 | acc_exec=0.000 | trust=0.154
DECISION : PAUSE
MACHINE  : Machine-4
------------------------------------------------------------
[SEQ 177] [STATIC-BASELINE]
CMD      : G1 | effects={'dx': 1.8520000000000039, 'dy': 0.9990000000000094, 'dz': 0.0, 'de': 0.03957999999999995, 'xy_dist': 2.104258776861827, 'params': {'G': 1.0, 'X': 169.296, 'Y': 114.626, 'E': 4.94554}}
DECISION : ALLOW
------------------------------------------------------------
[SEQ 177] [IEEE-BASELINE]
SCORE    : anomaly_score=3.210
DECISION : ALLOW
------------------------------------------------------------
[SEQ 178] [LAYER 0]
CMD      : G1 X170.814 Y116.395 E4.98939
TRUST    : acc_cmd=0.000 | acc_exec=0.000 | trust=0.303
DECISION : PAUSE
MACHINE  : Machine-4
------------------------------------------------------------
[SEQ 178] [STATIC-BASELINE]
CMD      : G1 | effects={'dx': 1.5180000000000007, 'dy': 1.7689999999999912, 'dz': 0.0, 'de': 0.043849999999999945, 'xy_dist': 2.3310265978748443, 'params': {'G': 1.0, 'X': 170.814, 'Y': 116.395, 'E': 4.98939}}
DECISION : ALLOW
------------------------------------------------------------
[SEQ 178] [IEEE-BASELINE]
SCORE    : anomaly_score=2.889
DECISION : ALLOW
------------------------------------------------------------
[SEQ 179] [LAYER 0]
CMD      : G1 X171.021 Y116.743 E4.997
TRUST    : acc_cmd=0.000 | acc_exec=0.000 | trust=0.468
DECISION : PAUSE
MACHINE  : Machine-4
------------------------------------------------------------
[SEQ 179] [STATIC-BASELINE]
CMD      : G1 | effects={'dx': 0.20699999999999363, 'dy': 0.347999999999999, 'dz': 0.0, 'de': 0.007609999999999673, 'xy_dist': 0.4049111013543549, 'params': {'G': 1.0, 'X': 171.021, 'Y': 116.743, 'E': 4.997}}
DECISION : ALLOW
------------------------------------------------------------
[SEQ 179] [IEEE-BASELINE]
SCORE    : anomaly_score=2.600
DECISION : ALLOW
------------------------------------------------------------
[SEQ 180] [LAYER 0]
CMD      : G1 X171.785 Y118.972 E5.04133
TRUST    : acc_cmd=0.000 | acc_exec=0.000 | trust=0.619
DECISION : ALLOW
MACHINE  : Machine-4
------------------------------------------------------------
[SEQ 180] [STATIC-BASELINE]
CMD      : G1 | effects={'dx': 0.76400000000001, 'dy': 2.228999999999999, 'dz': 0.0, 'de': 0.044330000000000425, 'xy_dist': 2.356297307217409, 'params': {'G': 1.0, 'X': 171.785, 'Y': 118.972, 'E': 5.04133}}
DECISION : ALLOW
------------------------------------------------------------
[SEQ 180] [IEEE-BASELINE]
SCORE    : anomaly_score=2.340
DECISION : ALLOW
------------------------------------------------------------
[SEQ 181] [LAYER 0]
CMD      : G1 X0.1 Y0.1 E20 F600
TRUST    : acc_cmd=1.000 | acc_exec=0.000 | trust=0.274
DECISION : PAUSE
MACHINE  : Machine-4
------------------------------------------------------------
[SEQ 181] [STATIC-BASELINE]
CMD      : G1 | effects={'dx': -171.685, 'dy': -118.872, 'dz': 0.0, 'de': 14.95867, 'xy_dist': 208.82119530593633, 'params': {'G': 1.0, 'X': 0.1, 'Y': 0.1, 'E': 20.0, 'F': 600.0}}
DECISION : ALLOW
------------------------------------------------------------
[SEQ 181] [IEEE-BASELINE]
SCORE    : anomaly_score=2.106
DECISION : ALLOW
------------------------------------------------------------
[SEQ 182] [LAYER 0]
CMD      : G1 X171.197 Y122.876 E5.11634
TRUST    : acc_cmd=0.000 | acc_exec=1.000 | trust=0.136
DECISION : PAUSE
MACHINE  : Machine-4
------------------------------------------------------------
[SEQ 182] [STATIC-BASELINE]
CMD      : G1 | effects={'dx': 171.097, 'dy': 122.77600000000001, 'dz': 0.0, 'de': -14.883659999999999, 'xy_dist': 210.58995604016826, 'params': {'G': 1.0, 'X': 171.197, 'Y': 122.876, 'E': 5.11634}}
DECISION : ALLOW
------------------------------------------------------------
[SEQ 182] [IEEE-BASELINE]
SCORE    : anomaly_score=1.895
DECISION : ALLOW
------------------------------------------------------------
[SEQ 183] [LAYER 0]
CMD      : G1 X0.1 Y0.1 E20 F600
TRUST    : acc_cmd=1.000 | acc_exec=0.000 | trust=0.064
DECISION : PAUSE
MACHINE  : Machine-4
------------------------------------------------------------
[SEQ 183] [STATIC-BASELINE]
CMD      : G1 | effects={'dx': -171.097, 'dy': -122.77600000000001, 'dz': 0.0, 'de': 14.883659999999999, 'xy_dist': 210.58995604016826, 'params': {'G': 1.0, 'X': 0.1, 'Y': 0.1, 'E': 20.0, 'F': 600.0}}
DECISION : ALLOW
------------------------------------------------------------
[SEQ 183] [IEEE-BASELINE]
SCORE    : anomaly_score=1.706
DECISION : ALLOW
------------------------------------------------------------
[SEQ 184] [LAYER 0]
CMD      : G1 X168.831 Y125.618 E5.18517
TRUST    : acc_cmd=0.000 | acc_exec=1.000 | trust=0.035
DECISION : PAUSE
MACHINE  : Machine-4
------------------------------------------------------------
[SEQ 184] [STATIC-BASELINE]
CMD      : G1 | effects={'dx': 168.731, 'dy': 125.518, 'dz': 0.0, 'de': -14.81483, 'xy_dist': 210.2972151147038, 'params': {'G': 1.0, 'X': 168.831, 'Y': 125.618, 'E': 5.18517}}
DECISION : ALLOW
------------------------------------------------------------
[SEQ 184] [IEEE-BASELINE]
SCORE    : anomaly_score=1.535
DECISION : ALLOW
------------------------------------------------------------
[SEQ 185] [LAYER 0]
CMD      : G1 X167.651 Y126.275 E5.21058
TRUST    : acc_cmd=0.000 | acc_exec=0.000 | trust=0.065
DECISION : PAUSE
MACHINE  : Machine-4
------------------------------------------------------------
[SEQ 185] [STATIC-BASELINE]
CMD      : G1 | effects={'dx': -1.1799999999999784, 'dy': 0.6570000000000107, 'dz': 0.0, 'de': 0.025409999999999933, 'xy_dist': 1.350573581853267, 'params': {'G': 1.0, 'X': 167.651, 'Y': 126.275, 'E': 5.21058}}
DECISION : ALLOW
------------------------------------------------------------
[SEQ 185] [IEEE-BASELINE]
SCORE    : anomaly_score=1.382
DECISION : ALLOW
------------------------------------------------------------
[SEQ 186] [LAYER 0]
CMD      : G1 X166.025 Y126.747 E5.24243
TRUST    : acc_cmd=0.000 | acc_exec=0.000 | trust=0.162
DECISION : PAUSE
MACHINE  : Machine-4
------------------------------------------------------------
[SEQ 186] [STATIC-BASELINE]
CMD      : G1 | effects={'dx': -1.6260000000000048, 'dy': 0.4719999999999942, 'dz': 0.0, 'de': 0.03184999999999949, 'xy_dist': 1.6931213778108203, 'params': {'G': 1.0, 'X': 166.025, 'Y': 126.747, 'E': 5.24243}}
DECISION : ALLOW
------------------------------------------------------------
[SEQ 186] [IEEE-BASELINE]
SCORE    : anomaly_score=1.243
DECISION : ALLOW
------------------------------------------------------------
[SEQ 187] [LAYER 0]
CMD      : G1 X164.048 Y126.784 E5.27962
TRUST    : acc_cmd=0.000 | acc_exec=0.000 | trust=0.311
DECISION : PAUSE
MACHINE  : Machine-4
------------------------------------------------------------
[SEQ 187] [STATIC-BASELINE]
CMD      : G1 | effects={'dx': -1.9770000000000039, 'dy': 0.03700000000000614, 'dz': 0.0, 'de': 0.03719000000000072, 'xy_dist': 1.9773462013517045, 'params': {'G': 1.0, 'X': 164.048, 'Y': 126.784, 'E': 5.27962}}
DECISION : ALLOW
------------------------------------------------------------
[SEQ 187] [IEEE-BASELINE]
SCORE    : anomaly_score=1.119
DECISION : ALLOW
------------------------------------------------------------
[SEQ 188] [LAYER 0]
CMD      : G1 X0.1 Y0.1 E20 F600
TRUST    : acc_cmd=1.000 | acc_exec=0.000 | trust=0.146
DECISION : PAUSE
MACHINE  : Machine-4
------------------------------------------------------------
[SEQ 188] [STATIC-BASELINE]
CMD      : G1 | effects={'dx': -163.948, 'dy': -126.68400000000001, 'dz': 0.0, 'de': 14.720379999999999, 'xy_dist': 207.19020864896103, 'params': {'G': 1.0, 'X': 0.1, 'Y': 0.1, 'E': 20.0, 'F': 600.0}}
DECISION : ALLOW
------------------------------------------------------------
[SEQ 188] [IEEE-BASELINE]
SCORE    : anomaly_score=1.007
DECISION : ALLOW
------------------------------------------------------------
[SEQ 189] [LAYER 0]
CMD      : G1 X0.1 Y0.1 E20 F600
TRUST    : acc_cmd=1.000 | acc_exec=0.000 | trust=0.063
DECISION : PAUSE
MACHINE  : Machine-4
------------------------------------------------------------
[SEQ 189] [STATIC-BASELINE]
CMD      : G1 | effects={'dx': 0.0, 'dy': 0.0, 'dz': 0.0, 'de': 0.0, 'xy_dist': 0.0, 'params': {'G': 1.0, 'X': 0.1, 'Y': 0.1, 'E': 20.0, 'F': 600.0}}
DECISION : ALLOW
------------------------------------------------------------
[SEQ 189] [IEEE-BASELINE]
SCORE    : anomaly_score=0.907
DECISION : ALLOW
------------------------------------------------------------
[SEQ 190] [LAYER 0]
CMD      : G1 X158.824 Y123.037 E5.4047
TRUST    : acc_cmd=0.000 | acc_exec=1.000 | trust=0.050
DECISION : PAUSE
MACHINE  : Machine-4
------------------------------------------------------------
[SEQ 190] [STATIC-BASELINE]
CMD      : G1 | effects={'dx': 158.72400000000002, 'dy': 122.93700000000001, 'dz': 0.0, 'de': -14.5953, 'xy_dist': 200.76557011848425, 'params': {'G': 1.0, 'X': 158.824, 'Y': 123.037, 'E': 5.4047}}
DECISION : ALLOW
------------------------------------------------------------
[SEQ 190] [IEEE-BASELINE]
SCORE    : anomaly_score=0.816
DECISION : ALLOW
------------------------------------------------------------
[SEQ 191] [LAYER 0]
CMD      : G1 X158.253 Y121.012 E5.44427
TRUST    : acc_cmd=0.000 | acc_exec=0.000 | trust=0.108
DECISION : PAUSE
MACHINE  : Machine-4
------------------------------------------------------------
[SEQ 191] [STATIC-BASELINE]
CMD      : G1 | effects={'dx': -0.5710000000000264, 'dy': -2.0250000000000057, 'dz': 0.0, 'de': 0.03957000000000033, 'xy_dist': 2.103964353310211, 'params': {'G': 1.0, 'X': 158.253, 'Y': 121.012, 'E': 5.44427}}
DECISION : ALLOW
------------------------------------------------------------
[SEQ 191] [IEEE-BASELINE]
SCORE    : anomaly_score=0.734
DECISION : ALLOW
------------------------------------------------------------
[SEQ 192] [LAYER 0]
CMD      : G1 X158.222 Y119.018 E5.48179
TRUST    : acc_cmd=0.000 | acc_exec=0.000 | trust=0.233
DECISION : PAUSE
MACHINE  : Machine-4
------------------------------------------------------------
[SEQ 192] [STATIC-BASELINE]
CMD      : G1 | effects={'dx': -0.03099999999997749, 'dy': -1.9939999999999998, 'dz': 0.0, 'de': 0.037519999999999776, 'xy_dist': 1.9942409583598462, 'params': {'G': 1.0, 'X': 158.222, 'Y': 119.018, 'E': 5.48179}}
DECISION : ALLOW
------------------------------------------------------------
[SEQ 192] [IEEE-BASELINE]
SCORE    : anomaly_score=0.661
DECISION : ALLOW
------------------------------------------------------------
[SEQ 193] [LAYER 0]
CMD      : G1 X0.1 Y0.1 E20 F600
TRUST    : acc_cmd=1.000 | acc_exec=0.000 | trust=0.109
DECISION : PAUSE
MACHINE  : Machine-4
------------------------------------------------------------
[SEQ 193] [STATIC-BASELINE]
CMD      : G1 | effects={'dx': -158.122, 'dy': -118.918, 'dz': 0.0, 'de': 14.51821, 'xy_dist': 197.84857241840285, 'params': {'G': 1.0, 'X': 0.1, 'Y': 0.1, 'E': 20.0, 'F': 600.0}}
DECISION : ALLOW
------------------------------------------------------------
[SEQ 193] [IEEE-BASELINE]
SCORE    : anomaly_score=0.595
DECISION : ALLOW
------------------------------------------------------------
[SEQ 194] [LAYER 0]
CMD      : G1 X158.951 Y116.961 E5.52293
TRUST    : acc_cmd=0.000 | acc_exec=1.000 | trust=0.063
DECISION : PAUSE
MACHINE  : Machine-4
------------------------------------------------------------
[SEQ 194] [STATIC-BASELINE]
CMD      : G1 | effects={'dx': 158.851, 'dy': 116.861, 'dz': 0.0, 'de': -14.477070000000001, 'xy_dist': 197.20581513231298, 'params': {'G': 1.0, 'X': 158.951, 'Y': 116.961, 'E': 5.52293}}
DECISION : ALLOW
------------------------------------------------------------
[SEQ 194] [IEEE-BASELINE]
SCORE    : anomaly_score=0.535
DECISION : ALLOW
------------------------------------------------------------
[SEQ 195] [LAYER 0]
CMD      : G1 X0.1 Y0.1 E20 F600
TRUST    : acc_cmd=1.000 | acc_exec=0.000 | trust=0.033
DECISION : PAUSE
MACHINE  : Machine-4
------------------------------------------------------------
[SEQ 195] [STATIC-BASELINE]
CMD      : G1 | effects={'dx': -158.851, 'dy': -116.861, 'dz': 0.0, 'de': 14.477070000000001, 'xy_dist': 197.20581513231298, 'params': {'G': 1.0, 'X': 0.1, 'Y': 0.1, 'E': 20.0, 'F': 600.0}}
DECISION : ALLOW
------------------------------------------------------------
[SEQ 195] [IEEE-BASELINE]
SCORE    : anomaly_score=0.482
DECISION : ALLOW
------------------------------------------------------------
[SEQ 196] [LAYER 0]
CMD      : G0 F3600 X159.824 Y116.235
TRUST    : acc_cmd=0.000 | acc_exec=0.000 | trust=0.058
DECISION : PAUSE
MACHINE  : Machine-4
------------------------------------------------------------
[SEQ 196] [STATIC-BASELINE]
CMD      : G0 | effects={'dx': 159.72400000000002, 'dy': 116.135, 'dz': 0.0, 'de': 0.0, 'xy_dist': 197.48188372860943, 'params': {'G': 0.0, 'F': 3600.0, 'X': 159.824, 'Y': 116.235}}
DECISION : ALLOW
------------------------------------------------------------
[SEQ 196] [IEEE-BASELINE]
SCORE    : anomaly_score=0.434
DECISION : ALLOW
------------------------------------------------------------
[SEQ 197] [LAYER 0]
CMD      : G1 X0.1 Y0.1 E20 F600
TRUST    : acc_cmd=1.000 | acc_exec=0.000 | trust=0.030
DECISION : PAUSE
MACHINE  : Machine-4
------------------------------------------------------------
[SEQ 197] [STATIC-BASELINE]
CMD      : G1 | effects={'dx': -159.72400000000002, 'dy': -116.135, 'dz': 0.0, 'de': 0.0, 'xy_dist': 197.48188372860943, 'params': {'G': 1.0, 'X': 0.1, 'Y': 0.1, 'E': 20.0, 'F': 600.0}}
DECISION : ALLOW
------------------------------------------------------------
[SEQ 197] [IEEE-BASELINE]
SCORE    : anomaly_score=0.390
DECISION : ALLOW
------------------------------------------------------------
[SEQ 198] [LAYER 0]
CMD      : G1 X0.1 Y0.1 E20 F600
TRUST    : acc_cmd=1.000 | acc_exec=0.000 | trust=0.014
DECISION : PAUSE
MACHINE  : Machine-4
------------------------------------------------------------
[SEQ 198] [STATIC-BASELINE]
CMD      : G1 | effects={'dx': 0.0, 'dy': 0.0, 'dz': 0.0, 'de': 0.0, 'xy_dist': 0.0, 'params': {'G': 1.0, 'X': 0.1, 'Y': 0.1, 'E': 20.0, 'F': 600.0}}
DECISION : ALLOW
------------------------------------------------------------
[SEQ 198] [IEEE-BASELINE]
SCORE    : anomaly_score=0.351
DECISION : ALLOW
------------------------------------------------------------
[SEQ 199] [LAYER 0]
CMD      : G1 X162.93 Y113.968 E5.61736
TRUST    : acc_cmd=0.000 | acc_exec=1.000 | trust=0.025
DECISION : PAUSE
MACHINE  : Machine-4
------------------------------------------------------------
[SEQ 199] [STATIC-BASELINE]
CMD      : G1 | effects={'dx': 162.83, 'dy': 113.86800000000001, 'dz': 0.0, 'de': -14.38264, 'xy_dist': 198.6945654113368, 'params': {'G': 1.0, 'X': 162.93, 'Y': 113.968, 'E': 5.61736}}
DECISION : ALLOW
------------------------------------------------------------
[SEQ 199] [IEEE-BASELINE]
SCORE    : anomaly_score=0.316
DECISION : ALLOW
------------------------------------------------------------
[SEQ 200] [LAYER 0]
CMD      : G1 X163.99 Y113.655 E5.63815
TRUST    : acc_cmd=0.000 | acc_exec=0.000 | trust=0.086
DECISION : PAUSE
MACHINE  : Machine-4
------------------------------------------------------------
[SEQ 200] [STATIC-BASELINE]
CMD      : G1 | effects={'dx': 1.0600000000000023, 'dy': -0.3130000000000024, 'dz': 0.0, 'de': 0.020790000000000752, 'xy_dist': 1.1052461264351965, 'params': {'G': 1.0, 'X': 163.99, 'Y': 113.655, 'E': 5.63815}}
DECISION : ALLOW
------------------------------------------------------------
[SEQ 200] [IEEE-BASELINE]
SCORE    : anomaly_score=0.284
DECISION : ALLOW
------------------------------------------------------------
[SEQ 201] [LAYER 0]
CMD      : G1 X165.658 Y113.618 E5.66953
TRUST    : acc_cmd=0.000 | acc_exec=0.000 | trust=0.208
DECISION : PAUSE
MACHINE  : Machine-4
------------------------------------------------------------
[SEQ 201] [STATIC-BASELINE]
CMD      : G1 | effects={'dx': 1.667999999999978, 'dy': -0.03700000000000614, 'dz': 0.0, 'de': 0.03137999999999952, 'xy_dist': 1.6684103212339365, 'params': {'G': 1.0, 'X': 165.658, 'Y': 113.618, 'E': 5.66953}}
DECISION : ALLOW
------------------------------------------------------------
[SEQ 201] [IEEE-BASELINE]
SCORE    : anomaly_score=0.256
DECISION : ALLOW
------------------------------------------------------------
[SEQ 202] [LAYER 0]
CMD      : G1 X0.1 Y0.1 E20 F600
TRUST    : acc_cmd=1.000 | acc_exec=0.000 | trust=0.098
DECISION : PAUSE
MACHINE  : Machine-4
------------------------------------------------------------
[SEQ 202] [STATIC-BASELINE]
CMD      : G1 | effects={'dx': -165.558, 'dy': -113.518, 'dz': 0.0, 'de': 14.33047, 'xy_dist': 200.7381072143503, 'params': {'G': 1.0, 'X': 0.1, 'Y': 0.1, 'E': 20.0, 'F': 600.0}}
DECISION : ALLOW
------------------------------------------------------------
[SEQ 202] [IEEE-BASELINE]
SCORE    : anomaly_score=0.230
DECISION : ALLOW
------------------------------------------------------------
[SEQ 203] [LAYER 0]
CMD      : G1 X169.039 Y114.942 E5.73843
TRUST    : acc_cmd=0.000 | acc_exec=1.000 | trust=0.059
DECISION : PAUSE
MACHINE  : Machine-4
------------------------------------------------------------
[SEQ 203] [STATIC-BASELINE]
CMD      : G1 | effects={'dx': 168.939, 'dy': 114.842, 'dz': 0.0, 'de': -14.261569999999999, 'xy_dist': 204.2769460438451, 'params': {'G': 1.0, 'X': 169.039, 'Y': 114.942, 'E': 5.73843}}
DECISION : ALLOW
------------------------------------------------------------
[SEQ 203] [IEEE-BASELINE]
SCORE    : anomaly_score=0.207
DECISION : ALLOW
------------------------------------------------------------
[SEQ 204] [LAYER 0]
CMD      : G1 X0.1 Y0.1 E20 F600
TRUST    : acc_cmd=1.000 | acc_exec=0.000 | trust=0.031
DECISION : PAUSE
MACHINE  : Machine-4
------------------------------------------------------------
[SEQ 204] [STATIC-BASELINE]
CMD      : G1 | effects={'dx': -168.939, 'dy': -114.842, 'dz': 0.0, 'de': 14.261569999999999, 'xy_dist': 204.2769460438451, 'params': {'G': 1.0, 'X': 0.1, 'Y': 0.1, 'E': 20.0, 'F': 600.0}}
DECISION : ALLOW
------------------------------------------------------------
[SEQ 204] [IEEE-BASELINE]
SCORE    : anomaly_score=0.187
DECISION : ALLOW
------------------------------------------------------------
[SEQ 205] [LAYER 0]
CMD      : G1 X170.643 Y116.873 E5.7857
TRUST    : acc_cmd=0.000 | acc_exec=1.000 | trust=0.021
DECISION : PAUSE
MACHINE  : Machine-4
------------------------------------------------------------
[SEQ 205] [STATIC-BASELINE]
CMD      : G1 | effects={'dx': 170.543, 'dy': 116.77300000000001, 'dz': 0.0, 'de': -14.2143, 'xy_dist': 206.6902232279021, 'params': {'G': 1.0, 'X': 170.643, 'Y': 116.873, 'E': 5.7857}}
DECISION : ALLOW
------------------------------------------------------------
[SEQ 205] [IEEE-BASELINE]
SCORE    : anomaly_score=0.168
DECISION : ALLOW
------------------------------------------------------------
[SEQ 206] [LAYER 0]
CMD      : G1 X171.384 Y119.034 E5.82867
TRUST    : acc_cmd=0.000 | acc_exec=0.000 | trust=0.056
DECISION : PAUSE
MACHINE  : Machine-4
------------------------------------------------------------
[SEQ 206] [STATIC-BASELINE]
CMD      : G1 | effects={'dx': 0.7409999999999854, 'dy': 2.1610000000000014, 'dz': 0.0, 'de': 0.04296999999999951, 'xy_dist': 2.2845135149523594, 'params': {'G': 1.0, 'X': 171.384, 'Y': 119.034, 'E': 5.82867}}
DECISION : ALLOW
------------------------------------------------------------
[SEQ 206] [IEEE-BASELINE]
SCORE    : anomaly_score=0.151
DECISION : ALLOW
------------------------------------------------------------
[SEQ 207] [LAYER 0]
CMD      : G1 X171.349 Y121.037 E5.86636
TRUST    : acc_cmd=0.000 | acc_exec=0.000 | trust=0.153
DECISION : PAUSE
MACHINE  : Machine-4
------------------------------------------------------------
[SEQ 207] [STATIC-BASELINE]
CMD      : G1 | effects={'dx': -0.03499999999999659, 'dy': 2.003, 'dz': 0.0, 'de': 0.037690000000000445, 'xy_dist': 2.003305767974525, 'params': {'G': 1.0, 'X': 171.349, 'Y': 121.037, 'E': 5.86636}}
DECISION : ALLOW
------------------------------------------------------------
[SEQ 207] [IEEE-BASELINE]
SCORE    : anomaly_score=0.136
DECISION : ALLOW
------------------------------------------------------------
[SEQ 208] [LAYER 0]
CMD      : G1 X170.832 Y122.704 E5.89919
TRUST    : acc_cmd=0.000 | acc_exec=0.000 | trust=0.302
DECISION : PAUSE
MACHINE  : Machine-4
------------------------------------------------------------
[SEQ 208] [STATIC-BASELINE]
CMD      : G1 | effects={'dx': -0.5169999999999959, 'dy': 1.6669999999999874, 'dz': 0.0, 'de': 0.03282999999999969, 'xy_dist': 1.745330341224822, 'params': {'G': 1.0, 'X': 170.832, 'Y': 122.704, 'E': 5.89919}}
DECISION : ALLOW
------------------------------------------------------------
[SEQ 208] [IEEE-BASELINE]
SCORE    : anomaly_score=0.122
DECISION : ALLOW
------------------------------------------------------------
[SEQ 209] [LAYER 0]
CMD      : G1 X169.883 Y124.181 E5.93221
TRUST    : acc_cmd=0.000 | acc_exec=0.000 | trust=0.467
DECISION : PAUSE
MACHINE  : Machine-4
------------------------------------------------------------
[SEQ 209] [STATIC-BASELINE]
CMD      : G1 | effects={'dx': -0.9489999999999839, 'dy': 1.4770000000000039, 'dz': 0.0, 'de': 0.03302000000000049, 'xy_dist': 1.7555996126679856, 'params': {'G': 1.0, 'X': 169.883, 'Y': 124.181, 'E': 5.93221}}
DECISION : ALLOW
------------------------------------------------------------
[SEQ 209] [IEEE-BASELINE]
SCORE    : anomaly_score=0.110
DECISION : ALLOW
------------------------------------------------------------
[SEQ 210] [LAYER 0]
CMD      : G1 X168.6 Y125.289 E5.9641
TRUST    : acc_cmd=0.000 | acc_exec=0.000 | trust=0.619
DECISION : ALLOW
MACHINE  : Machine-4
------------------------------------------------------------
[SEQ 210] [STATIC-BASELINE]
CMD      : G1 | effects={'dx': -1.2830000000000155, 'dy': 1.108000000000004, 'dz': 0.0, 'de': 0.03188999999999975, 'xy_dist': 1.6952147356603673, 'params': {'G': 1.0, 'X': 168.6, 'Y': 125.289, 'E': 5.9641}}
DECISION : ALLOW
------------------------------------------------------------
[SEQ 210] [IEEE-BASELINE]
SCORE    : anomaly_score=0.099
DECISION : ALLOW
------------------------------------------------------------
[SEQ 211] [LAYER 0]
CMD      : G1 X0.1 Y0.1 E20 F600
TRUST    : acc_cmd=1.000 | acc_exec=0.000 | trust=0.274
DECISION : PAUSE
MACHINE  : Machine-4
------------------------------------------------------------
[SEQ 211] [STATIC-BASELINE]
CMD      : G1 | effects={'dx': -168.5, 'dy': -125.18900000000001, 'dz': 0.0, 'de': 14.0359, 'xy_dist': 209.91554425768473, 'params': {'G': 1.0, 'X': 0.1, 'Y': 0.1, 'E': 20.0, 'F': 600.0}}
DECISION : ALLOW
------------------------------------------------------------
[SEQ 211] [IEEE-BASELINE]
SCORE    : anomaly_score=0.089
DECISION : ALLOW
------------------------------------------------------------
[SEQ 212] [LAYER 0]
CMD      : G1 X165.966 Y126.348 E6.01784
TRUST    : acc_cmd=0.000 | acc_exec=1.000 | trust=0.136
DECISION : PAUSE
MACHINE  : Machine-4
------------------------------------------------------------
[SEQ 212] [STATIC-BASELINE]
CMD      : G1 | effects={'dx': 165.866, 'dy': 126.248, 'dz': 0.0, 'de': -13.98216, 'xy_dist': 208.44684564655807, 'params': {'G': 1.0, 'X': 165.966, 'Y': 126.348, 'E': 6.01784}}
DECISION : ALLOW
------------------------------------------------------------
[SEQ 212] [IEEE-BASELINE]
SCORE    : anomaly_score=0.080
DECISION : ALLOW
------------------------------------------------------------
[SEQ 213] [LAYER 0]
CMD      : G1 X164.104 Y126.383 E6.05287
TRUST    : acc_cmd=0.000 | acc_exec=0.000 | trust=0.147
DECISION : PAUSE
MACHINE  : Machine-4
------------------------------------------------------------
[SEQ 213] [STATIC-BASELINE]
CMD      : G1 | effects={'dx': -1.8619999999999948, 'dy': 0.03499999999999659, 'dz': 0.0, 'de': 0.03503000000000078, 'xy_dist': 1.8623289183170573, 'params': {'G': 1.0, 'X': 164.104, 'Y': 126.383, 'E': 6.05287}}
DECISION : ALLOW
------------------------------------------------------------
[SEQ 213] [IEEE-BASELINE]
SCORE    : anomaly_score=0.072
DECISION : ALLOW
------------------------------------------------------------
[SEQ 214] [LAYER 0]
CMD      : G1 X162.313 Y125.83 E6.08813
TRUST    : acc_cmd=0.000 | acc_exec=0.000 | trust=0.254
DECISION : PAUSE
MACHINE  : Machine-4
------------------------------------------------------------
[SEQ 214] [STATIC-BASELINE]
CMD      : G1 | effects={'dx': -1.7910000000000252, 'dy': -0.5529999999999973, 'dz': 0.0, 'de': 0.03525999999999918, 'xy_dist': 1.874430580202982, 'params': {'G': 1.0, 'X': 162.313, 'Y': 125.83, 'E': 6.08813}}
DECISION : ALLOW
------------------------------------------------------------
[SEQ 214] [IEEE-BASELINE]
SCORE    : anomaly_score=0.065
DECISION : ALLOW
------------------------------------------------------------
[SEQ 215] [LAYER 0]
CMD      : G1 X160.627 Y124.759 E6.1257
TRUST    : acc_cmd=0.000 | acc_exec=0.000 | trust=0.408
DECISION : PAUSE
MACHINE  : Machine-4
------------------------------------------------------------
[SEQ 215] [STATIC-BASELINE]
CMD      : G1 | effects={'dx': -1.6859999999999786, 'dy': -1.070999999999998, 'dz': 0.0, 'de': 0.03757000000000055, 'xy_dist': 1.9974075698264298, 'params': {'G': 1.0, 'X': 160.627, 'Y': 124.759, 'E': 6.1257}}
DECISION : ALLOW
------------------------------------------------------------
[SEQ 215] [IEEE-BASELINE]
SCORE    : anomaly_score=0.059
DECISION : ALLOW
------------------------------------------------------------
[SEQ 216] [LAYER 0]
CMD      : G1 X0.1 Y0.1 E20 F600
TRUST    : acc_cmd=1.000 | acc_exec=0.000 | trust=0.186
DECISION : PAUSE
MACHINE  : Machine-4
------------------------------------------------------------
[SEQ 216] [STATIC-BASELINE]
CMD      : G1 | effects={'dx': -160.52700000000002, 'dy': -124.659, 'dz': 0.0, 'de': 13.8743, 'xy_dist': 203.2456248237585, 'params': {'G': 1.0, 'X': 0.1, 'Y': 0.1, 'E': 20.0, 'F': 600.0}}
DECISION : ALLOW
------------------------------------------------------------
[SEQ 216] [IEEE-BASELINE]
SCORE    : anomaly_score=0.053
DECISION : ALLOW
------------------------------------------------------------
[SEQ 217] [LAYER 0]
CMD      : G1 X0.1 Y0.1 E20 F600
TRUST    : acc_cmd=1.000 | acc_exec=0.000 | trust=0.079
DECISION : PAUSE
MACHINE  : Machine-4
------------------------------------------------------------
[SEQ 217] [STATIC-BASELINE]
CMD      : G1 | effects={'dx': 0.0, 'dy': 0.0, 'dz': 0.0, 'de': 0.0, 'xy_dist': 0.0, 'params': {'G': 1.0, 'X': 0.1, 'Y': 0.1, 'E': 20.0, 'F': 600.0}}
DECISION : ALLOW
------------------------------------------------------------
[SEQ 217] [IEEE-BASELINE]
SCORE    : anomaly_score=0.047
DECISION : ALLOW
------------------------------------------------------------
[SEQ 218] [LAYER 0]
CMD      : G1 X0.1 Y0.1 E20 F600
TRUST    : acc_cmd=1.000 | acc_exec=0.000 | trust=0.033
DECISION : PAUSE
MACHINE  : Machine-4
------------------------------------------------------------
[SEQ 218] [STATIC-BASELINE]
CMD      : G1 | effects={'dx': 0.0, 'dy': 0.0, 'dz': 0.0, 'de': 0.0, 'xy_dist': 0.0, 'params': {'G': 1.0, 'X': 0.1, 'Y': 0.1, 'E': 20.0, 'F': 600.0}}
DECISION : ALLOW
------------------------------------------------------------
[SEQ 218] [IEEE-BASELINE]
SCORE    : anomaly_score=0.043
DECISION : ALLOW
------------------------------------------------------------
[SEQ 219] [LAYER 0]
CMD      : G1 X0.1 Y0.1 E20 F600
TRUST    : acc_cmd=1.000 | acc_exec=1.000 | trust=0.014
DECISION : PAUSE
MACHINE  : Machine-4
------------------------------------------------------------
[SEQ 219] [STATIC-BASELINE]
CMD      : G1 | effects={'dx': 0.0, 'dy': 0.0, 'dz': 0.0, 'de': 0.0, 'xy_dist': 0.0, 'params': {'G': 1.0, 'X': 0.1, 'Y': 0.1, 'E': 20.0, 'F': 600.0}}
DECISION : ALLOW
------------------------------------------------------------
[SEQ 219] [IEEE-BASELINE]
SCORE    : anomaly_score=0.038
DECISION : ALLOW
------------------------------------------------------------
[SEQ 220] [LAYER 0]
CMD      : G1 X0.1 Y0.1 E20 F600
TRUST    : acc_cmd=1.000 | acc_exec=1.000 | trust=0.006
DECISION : PAUSE
MACHINE  : Machine-4
------------------------------------------------------------
[SEQ 220] [STATIC-BASELINE]
CMD      : G1 | effects={'dx': 0.0, 'dy': 0.0, 'dz': 0.0, 'de': 0.0, 'xy_dist': 0.0, 'params': {'G': 1.0, 'X': 0.1, 'Y': 0.1, 'E': 20.0, 'F': 600.0}}
DECISION : ALLOW
------------------------------------------------------------
[SEQ 220] [IEEE-BASELINE]
SCORE    : anomaly_score=0.035
DECISION : ALLOW
------------------------------------------------------------
[SEQ 221] [LAYER 0]
CMD      : G1 X159.824 Y116.235 E6.30143
TRUST    : acc_cmd=0.000 | acc_exec=1.000 | trust=0.004
DECISION : PAUSE
MACHINE  : Machine-4
------------------------------------------------------------
[SEQ 221] [STATIC-BASELINE]
CMD      : G1 | effects={'dx': 159.72400000000002, 'dy': 116.135, 'dz': 0.0, 'de': -13.69857, 'xy_dist': 197.48188372860943, 'params': {'G': 1.0, 'X': 159.824, 'Y': 116.235, 'E': 6.30143}}
DECISION : ALLOW
------------------------------------------------------------
[SEQ 221] [IEEE-BASELINE]
SCORE    : anomaly_score=0.031
DECISION : ALLOW
------------------------------------------------------------
[SEQ 222] [LAYER 0]
CMD      : G0 F3600 X160.147 Y116.475
TRUST    : acc_cmd=0.000 | acc_exec=0.000 | trust=0.019
DECISION : PAUSE
MACHINE  : Machine-4
------------------------------------------------------------
[SEQ 222] [STATIC-BASELINE]
CMD      : G0 | effects={'dx': 0.3229999999999791, 'dy': 0.23999999999999488, 'dz': 0.0, 'de': 0.0, 'xy_dist': 0.4024040258247723, 'params': {'G': 0.0, 'F': 3600.0, 'X': 160.147, 'Y': 116.475}}
DECISION : ALLOW
------------------------------------------------------------
[SEQ 222] [IEEE-BASELINE]
SCORE    : anomaly_score=0.028
DECISION : ALLOW
------------------------------------------------------------
[SEQ 223] [LAYER 0]
CMD      : G1 F1800 X161.316 Y115.22 E6.33369
TRUST    : acc_cmd=0.000 | acc_exec=0.000 | trust=0.079
DECISION : PAUSE
MACHINE  : Machine-4
------------------------------------------------------------
[SEQ 223] [STATIC-BASELINE]
CMD      : G1 | effects={'dx': 1.1690000000000111, 'dy': -1.2549999999999955, 'dz': 0.0, 'de': 0.032259999999999955, 'xy_dist': 1.7151052445841377, 'params': {'G': 1.0, 'F': 1800.0, 'X': 161.316, 'Y': 115.22, 'E': 6.33369}}
DECISION : ALLOW
------------------------------------------------------------
[SEQ 223] [IEEE-BASELINE]
SCORE    : anomaly_score=0.025
DECISION : ALLOW
------------------------------------------------------------
[SEQ 224] [LAYER 0]
CMD      : G1 X0.1 Y0.1 E20 F600
TRUST    : acc_cmd=1.000 | acc_exec=0.000 | trust=0.044
DECISION : PAUSE
MACHINE  : Machine-4
------------------------------------------------------------
[SEQ 224] [STATIC-BASELINE]
CMD      : G1 | effects={'dx': -161.216, 'dy': -115.12, 'dz': 0.0, 'de': 13.66631, 'xy_dist': 198.09899811962705, 'params': {'G': 1.0, 'X': 0.1, 'Y': 0.1, 'E': 20.0, 'F': 600.0}}
DECISION : ALLOW
------------------------------------------------------------
[SEQ 224] [IEEE-BASELINE]
SCORE    : anomaly_score=0.023
DECISION : ALLOW
------------------------------------------------------------
[SEQ 225] [LAYER 0]
CMD      : G1 X163.043 Y114.352 E6.37014
TRUST    : acc_cmd=0.000 | acc_exec=1.000 | trust=0.031
DECISION : PAUSE
MACHINE  : Machine-4
------------------------------------------------------------
[SEQ 225] [STATIC-BASELINE]
CMD      : G1 | effects={'dx': 162.943, 'dy': 114.25200000000001, 'dz': 0.0, 'de': -13.62986, 'xy_dist': 199.0073886894655, 'params': {'G': 1.0, 'X': 163.043, 'Y': 114.352, 'E': 6.37014}}
DECISION : ALLOW
------------------------------------------------------------
[SEQ 225] [IEEE-BASELINE]
SCORE    : anomaly_score=0.020
DECISION : ALLOW
------------------------------------------------------------
[SEQ 226] [LAYER 0]
CMD      : G1 X0.1 Y0.1 E20 F600
TRUST    : acc_cmd=1.000 | acc_exec=0.000 | trust=0.020
DECISION : PAUSE
MACHINE  : Machine-4
------------------------------------------------------------
[SEQ 226] [STATIC-BASELINE]
CMD      : G1 | effects={'dx': -162.943, 'dy': -114.25200000000001, 'dz': 0.0, 'de': 13.62986, 'xy_dist': 199.0073886894655, 'params': {'G': 1.0, 'X': 0.1, 'Y': 0.1, 'E': 20.0, 'F': 600.0}}
DECISION : ALLOW
------------------------------------------------------------
[SEQ 226] [IEEE-BASELINE]
SCORE    : anomaly_score=0.018
DECISION : ALLOW
------------------------------------------------------------
[SEQ 227] [LAYER 0]
CMD      : G1 X165.618 Y114.019 E6.41939
TRUST    : acc_cmd=0.000 | acc_exec=1.000 | trust=0.016
DECISION : PAUSE
MACHINE  : Machine-4
------------------------------------------------------------
[SEQ 227] [STATIC-BASELINE]
CMD      : G1 | effects={'dx': 165.518, 'dy': 113.91900000000001, 'dz': 0.0, 'de': -13.58061, 'xy_dist': 200.932194744894, 'params': {'G': 1.0, 'X': 165.618, 'Y': 114.019, 'E': 6.41939}}
DECISION : ALLOW
------------------------------------------------------------
[SEQ 227] [IEEE-BASELINE]
SCORE    : anomaly_score=0.017
DECISION : ALLOW
------------------------------------------------------------
[SEQ 228] [LAYER 0]
CMD      : G1 X0.1 Y0.1 E20 F600
TRUST    : acc_cmd=1.000 | acc_exec=0.000 | trust=0.012
DECISION : PAUSE
MACHINE  : Machine-4
------------------------------------------------------------
[SEQ 228] [STATIC-BASELINE]
CMD      : G1 | effects={'dx': -165.518, 'dy': -113.91900000000001, 'dz': 0.0, 'de': 13.58061, 'xy_dist': 200.932194744894, 'params': {'G': 1.0, 'X': 0.1, 'Y': 0.1, 'E': 20.0, 'F': 600.0}}
DECISION : ALLOW
------------------------------------------------------------
[SEQ 228] [IEEE-BASELINE]
SCORE    : anomaly_score=0.015
DECISION : ALLOW
------------------------------------------------------------
[SEQ 229] [LAYER 0]
CMD      : G1 X168.784 Y115.259 E6.48391
TRUST    : acc_cmd=0.000 | acc_exec=1.000 | trust=0.011
DECISION : PAUSE
MACHINE  : Machine-4
------------------------------------------------------------
[SEQ 229] [STATIC-BASELINE]
CMD      : G1 | effects={'dx': 168.684, 'dy': 115.159, 'dz': 0.0, 'de': -13.51609, 'xy_dist': 204.24467468455572, 'params': {'G': 1.0, 'X': 168.784, 'Y': 115.259, 'E': 6.48391}}
DECISION : ALLOW
------------------------------------------------------------
[SEQ 229] [IEEE-BASELINE]
SCORE    : anomaly_score=0.013
DECISION : ALLOW
------------------------------------------------------------
[SEQ 230] [LAYER 0]
CMD      : G1 X170.206 Y116.916 E6.52498
TRUST    : acc_cmd=0.000 | acc_exec=0.000 | trust=0.043
DECISION : PAUSE
MACHINE  : Machine-4
------------------------------------------------------------
[SEQ 230] [STATIC-BASELINE]
CMD      : G1 | effects={'dx': 1.421999999999997, 'dy': 1.6569999999999965, 'dz': 0.0, 'de': 0.041070000000000384, 'xy_dist': 2.183513911107502, 'params': {'G': 1.0, 'X': 170.206, 'Y': 116.916, 'E': 6.52498}}
DECISION : ALLOW
------------------------------------------------------------
[SEQ 230] [IEEE-BASELINE]
SCORE    : anomaly_score=0.012
DECISION : ALLOW
------------------------------------------------------------
[SEQ 231] [LAYER 0]
CMD      : G1 X170.28 Y117.046 E6.5278
TRUST    : acc_cmd=0.000 | acc_exec=0.000 | trust=0.133
DECISION : PAUSE
MACHINE  : Machine-4
------------------------------------------------------------
[SEQ 231] [STATIC-BASELINE]
CMD      : G1 | effects={'dx': 0.07400000000001228, 'dy': 0.13000000000000966, 'dz': 0.0, 'de': 0.0028199999999998226, 'xy_dist': 0.1495860956105357, 'params': {'G': 1.0, 'X': 170.28, 'Y': 117.046, 'E': 6.5278}}
DECISION : ALLOW
------------------------------------------------------------
[SEQ 231] [IEEE-BASELINE]
SCORE    : anomaly_score=0.011
DECISION : ALLOW
------------------------------------------------------------
[SEQ 232] [LAYER 0]
CMD      : G1 X170.983 Y119.096 E6.56856
TRUST    : acc_cmd=0.000 | acc_exec=0.000 | trust=0.277
DECISION : PAUSE
MACHINE  : Machine-4
------------------------------------------------------------
[SEQ 232] [STATIC-BASELINE]
CMD      : G1 | effects={'dx': 0.703000000000003, 'dy': 2.049999999999997, 'dz': 0.0, 'de': 0.040759999999999685, 'xy_dist': 2.167189193402365, 'params': {'G': 1.0, 'X': 170.983, 'Y': 119.096, 'E': 6.56856}}
DECISION : ALLOW
------------------------------------------------------------
[SEQ 232] [IEEE-BASELINE]
SCORE    : anomaly_score=0.010
DECISION : ALLOW
------------------------------------------------------------
[SEQ 233] [LAYER 0]
CMD      : G1 X170.95 Y120.974 E6.6039
TRUST    : acc_cmd=0.000 | acc_exec=0.000 | trust=0.443
DECISION : PAUSE
MACHINE  : Machine-4
------------------------------------------------------------
[SEQ 233] [STATIC-BASELINE]
CMD      : G1 | effects={'dx': -0.03300000000001546, 'dy': 1.8780000000000001, 'dz': 0.0, 'de': 0.03534000000000059, 'xy_dist': 1.8782899137247162, 'params': {'G': 1.0, 'X': 170.95, 'Y': 120.974, 'E': 6.6039}}
DECISION : ALLOW
------------------------------------------------------------
[SEQ 233] [IEEE-BASELINE]
SCORE    : anomaly_score=0.009
DECISION : ALLOW
------------------------------------------------------------
[SEQ 234] [LAYER 0]
CMD      : G1 X170.466 Y122.535 E6.63464
TRUST    : acc_cmd=0.000 | acc_exec=0.000 | trust=0.598
DECISION : ALLOW
MACHINE  : Machine-4
------------------------------------------------------------
[SEQ 234] [STATIC-BASELINE]
CMD      : G1 | effects={'dx': -0.48399999999998045, 'dy': 1.5609999999999928, 'dz': 0.0, 'de': 0.030739999999999768, 'xy_dist': 1.6343123936383641, 'params': {'G': 1.0, 'X': 170.466, 'Y': 122.535, 'E': 6.63464}}
DECISION : ALLOW
------------------------------------------------------------
[SEQ 234] [IEEE-BASELINE]
SCORE    : anomaly_score=0.008
DECISION : ALLOW
------------------------------------------------------------
[SEQ 235] [LAYER 0]
CMD      : G1 X0.1 Y0.1 E20 F600
TRUST    : acc_cmd=1.000 | acc_exec=0.000 | trust=0.265
DECISION : PAUSE
MACHINE  : Machine-4
------------------------------------------------------------
[SEQ 235] [STATIC-BASELINE]
CMD      : G1 | effects={'dx': -170.366, 'dy': -122.435, 'dz': 0.0, 'de': 13.365359999999999, 'xy_dist': 209.79729069032328, 'params': {'G': 1.0, 'X': 0.1, 'Y': 0.1, 'E': 20.0, 'F': 600.0}}
DECISION : ALLOW
------------------------------------------------------------
[SEQ 235] [IEEE-BASELINE]
SCORE    : anomaly_score=0.007
DECISION : ALLOW
------------------------------------------------------------
[SEQ 236] [LAYER 0]
CMD      : G1 X168.369 Y124.96 E6.69557
TRUST    : acc_cmd=0.000 | acc_exec=1.000 | trust=0.132
DECISION : PAUSE
MACHINE  : Machine-4
------------------------------------------------------------
[SEQ 236] [STATIC-BASELINE]
CMD      : G1 | effects={'dx': 168.269, 'dy': 124.86, 'dz': 0.0, 'de': -13.30443, 'xy_dist': 209.53394942347649, 'params': {'G': 1.0, 'X': 168.369, 'Y': 124.96, 'E': 6.69557}}
DECISION : ALLOW
------------------------------------------------------------
[SEQ 236] [IEEE-BASELINE]
SCORE    : anomaly_score=0.006
DECISION : ALLOW
------------------------------------------------------------
[SEQ 237] [LAYER 0]
CMD      : G1 X167.341 Y125.533 E6.71771
TRUST    : acc_cmd=0.000 | acc_exec=0.000 | trust=0.145
DECISION : PAUSE
MACHINE  : Machine-4
------------------------------------------------------------
[SEQ 237] [STATIC-BASELINE]
CMD      : G1 | effects={'dx': -1.0279999999999916, 'dy': 0.5730000000000075, 'dz': 0.0, 'de': 0.02214000000000027, 'xy_dist': 1.17690823771439, 'params': {'G': 1.0, 'X': 167.341, 'Y': 125.533, 'E': 6.71771}}
DECISION : ALLOW
------------------------------------------------------------
[SEQ 237] [IEEE-BASELINE]
SCORE    : anomaly_score=0.006
DECISION : ALLOW
------------------------------------------------------------
[SEQ 238] [LAYER 0]
CMD      : G1 X0.1 Y0.1 E20 F600
TRUST    : acc_cmd=1.000 | acc_exec=0.000 | trust=0.073
DECISION : PAUSE
MACHINE  : Machine-4
------------------------------------------------------------
[SEQ 238] [STATIC-BASELINE]
CMD      : G1 | effects={'dx': -167.241, 'dy': -125.433, 'dz': 0.0, 'de': 13.28229, 'xy_dist': 209.05260000774925, 'params': {'G': 1.0, 'X': 0.1, 'Y': 0.1, 'E': 20.0, 'F': 600.0}}
DECISION : ALLOW
------------------------------------------------------------
[SEQ 238] [IEEE-BASELINE]
SCORE    : anomaly_score=0.005
DECISION : ALLOW
------------------------------------------------------------
[SEQ 239] [LAYER 0]
CMD      : G1 X164.16 Y125.982 E6.77866
TRUST    : acc_cmd=0.000 | acc_exec=1.000 | trust=0.044
DECISION : PAUSE
MACHINE  : Machine-4
------------------------------------------------------------
[SEQ 239] [STATIC-BASELINE]
CMD      : G1 | effects={'dx': 164.06, 'dy': 125.882, 'dz': 0.0, 'de': -13.22134, 'xy_dist': 206.78965526350683, 'params': {'G': 1.0, 'X': 164.16, 'Y': 125.982, 'E': 6.77866}}
DECISION : ALLOW
------------------------------------------------------------
[SEQ 239] [IEEE-BASELINE]
SCORE    : anomaly_score=0.005
DECISION : ALLOW
------------------------------------------------------------
[SEQ 240] [LAYER 0]
CMD      : G1 X162.483 Y125.464 E6.81168
TRUST    : acc_cmd=0.000 | acc_exec=0.000 | trust=0.084
DECISION : PAUSE
MACHINE  : Machine-4
------------------------------------------------------------
[SEQ 240] [STATIC-BASELINE]
CMD      : G1 | effects={'dx': -1.6769999999999925, 'dy': -0.5180000000000007, 'dz': 0.0, 'de': 0.033019999999999605, 'xy_dist': 1.7551789082597749, 'params': {'G': 1.0, 'X': 162.483, 'Y': 125.464, 'E': 6.81168}}
DECISION : ALLOW
------------------------------------------------------------
[SEQ 240] [IEEE-BASELINE]
SCORE    : anomaly_score=0.004
DECISION : ALLOW
------------------------------------------------------------
[SEQ 241] [LAYER 0]
CMD      : G1 X0.1 Y0.1 E20 F600
TRUST    : acc_cmd=1.000 | acc_exec=0.000 | trust=0.047
DECISION : PAUSE
MACHINE  : Machine-4
------------------------------------------------------------
[SEQ 241] [STATIC-BASELINE]
CMD      : G1 | effects={'dx': -162.383, 'dy': -125.364, 'dz': 0.0, 'de': 13.188320000000001, 'xy_dist': 205.14475665977915, 'params': {'G': 1.0, 'X': 0.1, 'Y': 0.1, 'E': 20.0, 'F': 600.0}}
DECISION : ALLOW
------------------------------------------------------------
[SEQ 241] [IEEE-BASELINE]
SCORE    : anomaly_score=0.004
DECISION : ALLOW
------------------------------------------------------------
[SEQ 242] [LAYER 0]
CMD      : G1 X159.554 Y122.677 E6.88895
TRUST    : acc_cmd=0.000 | acc_exec=1.000 | trust=0.032
DECISION : PAUSE
MACHINE  : Machine-4
------------------------------------------------------------
[SEQ 242] [STATIC-BASELINE]
CMD      : G1 | effects={'dx': 159.454, 'dy': 122.57700000000001, 'dz': 0.0, 'de': -13.111049999999999, 'xy_dist': 201.12359146803243, 'params': {'G': 1.0, 'X': 159.554, 'Y': 122.677, 'E': 6.88895}}
DECISION : ALLOW
------------------------------------------------------------
[SEQ 242] [IEEE-BASELINE]
SCORE    : anomaly_score=0.003
DECISION : ALLOW
------------------------------------------------------------
[SEQ 243] [LAYER 0]
CMD      : G1 X0.1 Y0.1 E20 F600
TRUST    : acc_cmd=1.000 | acc_exec=0.000 | trust=0.021
DECISION : PAUSE
MACHINE  : Machine-4
------------------------------------------------------------
[SEQ 243] [STATIC-BASELINE]
CMD      : G1 | effects={'dx': -159.454, 'dy': -122.57700000000001, 'dz': 0.0, 'de': 13.111049999999999, 'xy_dist': 201.12359146803243, 'params': {'G': 1.0, 'X': 0.1, 'Y': 0.1, 'E': 20.0, 'F': 600.0}}
DECISION : ALLOW
------------------------------------------------------------
[SEQ 243] [IEEE-BASELINE]
SCORE    : anomaly_score=0.003
DECISION : ALLOW
------------------------------------------------------------
[SEQ 244] [LAYER 0]
CMD      : G1 X159.022 Y119.006 E6.95932
TRUST    : acc_cmd=0.000 | acc_exec=1.000 | trust=0.016
DECISION : PAUSE
MACHINE  : Machine-4
------------------------------------------------------------
[SEQ 244] [STATIC-BASELINE]
CMD      : G1 | effects={'dx': 158.922, 'dy': 118.906, 'dz': 0.0, 'de': -13.04068, 'xy_dist': 198.48133141431717, 'params': {'G': 1.0, 'X': 159.022, 'Y': 119.006, 'E': 6.95932}}
DECISION : ALLOW
------------------------------------------------------------
[SEQ 244] [IEEE-BASELINE]
SCORE    : anomaly_score=0.003
DECISION : ALLOW
------------------------------------------------------------
[SEQ 245] [LAYER 0]
CMD      : G1 X159.647 Y117.356 E6.99251
TRUST    : acc_cmd=0.000 | acc_exec=0.000 | trust=0.050
DECISION : PAUSE
MACHINE  : Machine-4
------------------------------------------------------------
[SEQ 245] [STATIC-BASELINE]
CMD      : G1 | effects={'dx': 0.625, 'dy': -1.6500000000000057, 'dz': 0.0, 'de': 0.033190000000000275, 'xy_dist': 1.7644049988593942, 'params': {'G': 1.0, 'X': 159.647, 'Y': 117.356, 'E': 6.99251}}
DECISION : ALLOW
------------------------------------------------------------
[SEQ 245] [IEEE-BASELINE]
SCORE    : anomaly_score=0.002
DECISION : ALLOW
------------------------------------------------------------
[SEQ 246] [LAYER 0]
CMD      : G1 X160.147 Y116.475 E7.01157
TRUST    : acc_cmd=0.000 | acc_exec=0.000 | trust=0.145
DECISION : PAUSE
MACHINE  : Machine-4
------------------------------------------------------------
[SEQ 246] [STATIC-BASELINE]
CMD      : G1 | effects={'dx': 0.5, 'dy': -0.8810000000000002, 'dz': 0.0, 'de': 0.019059999999999633, 'xy_dist': 1.0129960513249796, 'params': {'G': 1.0, 'X': 160.147, 'Y': 116.475, 'E': 7.01157}}
DECISION : ALLOW
------------------------------------------------------------
[SEQ 246] [IEEE-BASELINE]
SCORE    : anomaly_score=0.002
DECISION : ALLOW
------------------------------------------------------------
[SEQ 247] [LAYER 0]
CMD      : G0 F3600 X160.472 Y116.714
TRUST    : acc_cmd=0.000 | acc_exec=0.000 | trust=0.292
DECISION : PAUSE
MACHINE  : Machine-4
------------------------------------------------------------
[SEQ 247] [STATIC-BASELINE]
CMD      : G0 | effects={'dx': 0.32500000000001705, 'dy': 0.23900000000000432, 'dz': 0.0, 'de': 0.0, 'xy_dist': 0.4034178974711127, 'params': {'G': 0.0, 'F': 3600.0, 'X': 160.472, 'Y': 116.714}}
DECISION : ALLOW
------------------------------------------------------------
[SEQ 247] [IEEE-BASELINE]
SCORE    : anomaly_score=0.002
DECISION : ALLOW
------------------------------------------------------------
[SEQ 248] [LAYER 0]
CMD      : G1 F1800 X161.609 Y115.493 E7.04295
TRUST    : acc_cmd=0.000 | acc_exec=0.000 | trust=0.457
DECISION : PAUSE
MACHINE  : Machine-4
------------------------------------------------------------
[SEQ 248] [STATIC-BASELINE]
CMD      : G1 | effects={'dx': 1.1370000000000005, 'dy': -1.2210000000000036, 'dz': 0.0, 'de': 0.03138000000000041, 'xy_dist': 1.6684154158961761, 'params': {'G': 1.0, 'F': 1800.0, 'X': 161.609, 'Y': 115.493, 'E': 7.04295}}
DECISION : ALLOW
------------------------------------------------------------
[SEQ 248] [IEEE-BASELINE]
SCORE    : anomaly_score=0.002
DECISION : ALLOW
------------------------------------------------------------
[SEQ 249] [LAYER 0]
CMD      : G1 X161.731 Y115.404 E7.04579
TRUST    : acc_cmd=0.000 | acc_exec=0.000 | trust=0.610
DECISION : ALLOW
MACHINE  : Machine-4
------------------------------------------------------------
[SEQ 249] [STATIC-BASELINE]
CMD      : G1 | effects={'dx': 0.12199999999998568, 'dy': -0.08899999999999864, 'dz': 0.0, 'de': 0.0028399999999999537, 'xy_dist': 0.15101324445225411, 'params': {'G': 1.0, 'X': 161.731, 'Y': 115.404, 'E': 7.04579}}
DECISION : ALLOW
------------------------------------------------------------
[SEQ 249] [IEEE-BASELINE]
SCORE    : anomaly_score=0.002
DECISION : ALLOW
------------------------------------------------------------
[SEQ 250] [LAYER 0]
CMD      : G1 X163.156 Y114.736 E7.07539
TRUST    : acc_cmd=0.000 | acc_exec=0.000 | trust=0.734
DECISION : ALLOW
MACHINE  : Machine-4
------------------------------------------------------------
[SEQ 250] [STATIC-BASELINE]
CMD      : G1 | effects={'dx': 1.4250000000000114, 'dy': -0.6679999999999922, 'dz': 0.0, 'de': 0.029599999999999405, 'xy_dist': 1.5738008133178805, 'params': {'G': 1.0, 'X': 163.156, 'Y': 114.736, 'E': 7.07539}}
DECISION : ALLOW
------------------------------------------------------------
[SEQ 250] [IEEE-BASELINE]
SCORE    : anomaly_score=0.001
DECISION : ALLOW
------------------------------------------------------------
[SEQ 251] [LAYER 0]
CMD      : G1 X0.1 Y0.1 E20 F600
TRUST    : acc_cmd=1.000 | acc_exec=0.000 | trust=0.321
DECISION : PAUSE
MACHINE  : Machine-4
------------------------------------------------------------
[SEQ 251] [STATIC-BASELINE]
CMD      : G1 | effects={'dx': -163.056, 'dy': -114.63600000000001, 'dz': 0.0, 'de': 12.924610000000001, 'xy_dist': 199.3205248638484, 'params': {'G': 1.0, 'X': 0.1, 'Y': 0.1, 'E': 20.0, 'F': 600.0}}
DECISION : ALLOW
------------------------------------------------------------
[SEQ 251] [IEEE-BASELINE]
SCORE    : anomaly_score=0.001
DECISION : ALLOW
------------------------------------------------------------
[SEQ 252] [LAYER 0]
CMD      : G1 X165.579 Y114.42 E7.12175
TRUST    : acc_cmd=0.000 | acc_exec=0.981 | trust=0.158
DECISION : PAUSE
MACHINE  : Machine-4
------------------------------------------------------------
[SEQ 252] [STATIC-BASELINE]
CMD      : G1 | effects={'dx': 165.479, 'dy': 114.32000000000001, 'dz': 0.0, 'de': -12.878250000000001, 'xy_dist': 201.12772519222705, 'params': {'G': 1.0, 'X': 165.579, 'Y': 114.42, 'E': 7.12175}}
DECISION : ALLOW
------------------------------------------------------------
[SEQ 252] [IEEE-BASELINE]
SCORE    : anomaly_score=0.001
DECISION : ALLOW
------------------------------------------------------------
[SEQ 253] [LAYER 0]
CMD      : G1 X0.1 Y0.1 E20 F600
TRUST    : acc_cmd=1.000 | acc_exec=0.000 | trust=0.073
DECISION : PAUSE
MACHINE  : Machine-4
------------------------------------------------------------
[SEQ 253] [STATIC-BASELINE]
CMD      : G1 | effects={'dx': -165.479, 'dy': -114.32000000000001, 'dz': 0.0, 'de': 12.878250000000001, 'xy_dist': 201.12772519222705, 'params': {'G': 1.0, 'X': 0.1, 'Y': 0.1, 'E': 20.0, 'F': 600.0}}
DECISION : ALLOW
------------------------------------------------------------
[SEQ 253] [IEEE-BASELINE]
SCORE    : anomaly_score=0.001
DECISION : ALLOW
------------------------------------------------------------
[SEQ 254] [LAYER 0]
CMD      : G1 X168.529 Y115.576 E7.18187
TRUST    : acc_cmd=0.000 | acc_exec=0.972 | trust=0.040
DECISION : PAUSE
MACHINE  : Machine-4
------------------------------------------------------------
[SEQ 254] [STATIC-BASELINE]
CMD      : G1 | effects={'dx': 168.429, 'dy': 115.476, 'dz': 0.0, 'de': -12.81813, 'xy_dist': 204.21320872313817, 'params': {'G': 1.0, 'X': 168.529, 'Y': 115.576, 'E': 7.18187}}
DECISION : ALLOW
------------------------------------------------------------
[SEQ 254] [IEEE-BASELINE]
SCORE    : anomaly_score=0.001
DECISION : ALLOW
------------------------------------------------------------
[SEQ 255] [LAYER 0]
CMD      : G1 X169.902 Y117.176 E7.22153
TRUST    : acc_cmd=0.000 | acc_exec=0.000 | trust=0.070
DECISION : PAUSE
MACHINE  : Machine-4
------------------------------------------------------------
[SEQ 255] [STATIC-BASELINE]
CMD      : G1 | effects={'dx': 1.3729999999999905, 'dy': 1.6000000000000085, 'dz': 0.0, 'de': 0.039659999999999584, 'xy_dist': 2.1083474571331933, 'params': {'G': 1.0, 'X': 169.902, 'Y': 117.176, 'E': 7.22153}}
DECISION : ALLOW
------------------------------------------------------------
[SEQ 255] [IEEE-BASELINE]
SCORE    : anomaly_score=0.001
DECISION : ALLOW
------------------------------------------------------------
[SEQ 256] [LAYER 0]
CMD      : G1 X0.1 Y0.1 E20 F600
TRUST    : acc_cmd=1.000 | acc_exec=0.000 | trust=0.040
DECISION : PAUSE
MACHINE  : Machine-4
------------------------------------------------------------
[SEQ 256] [STATIC-BASELINE]
CMD      : G1 | effects={'dx': -169.802, 'dy': -117.07600000000001, 'dz': 0.0, 'de': 12.77847, 'xy_dist': 206.2510823729175, 'params': {'G': 1.0, 'X': 0.1, 'Y': 0.1, 'E': 20.0, 'F': 600.0}}
DECISION : ALLOW
------------------------------------------------------------
[SEQ 256] [IEEE-BASELINE]
SCORE    : anomaly_score=0.001
DECISION : ALLOW
------------------------------------------------------------
[SEQ 257] [LAYER 0]
CMD      : G1 X170.551 Y120.91 E7.2939
TRUST    : acc_cmd=0.000 | acc_exec=0.955 | trust=0.031
DECISION : PAUSE
MACHINE  : Machine-4
------------------------------------------------------------
[SEQ 257] [STATIC-BASELINE]
CMD      : G1 | effects={'dx': 170.451, 'dy': 120.81, 'dz': 0.0, 'de': -12.7061, 'xy_dist': 208.9224724652664, 'params': {'G': 1.0, 'X': 170.551, 'Y': 120.91, 'E': 7.2939}}
DECISION : ALLOW
------------------------------------------------------------
[SEQ 257] [IEEE-BASELINE]
SCORE    : anomaly_score=0.001
DECISION : ALLOW
------------------------------------------------------------
[SEQ 258] [LAYER 0]
CMD      : G1 X170.1 Y122.364 E7.32254
TRUST    : acc_cmd=0.000 | acc_exec=0.000 | trust=0.076
DECISION : PAUSE
MACHINE  : Machine-4
------------------------------------------------------------
[SEQ 258] [STATIC-BASELINE]
CMD      : G1 | effects={'dx': -0.4509999999999934, 'dy': 1.4540000000000077, 'dz': 0.0, 'de': 0.02864000000000022, 'xy_dist': 1.522339318286175, 'params': {'G': 1.0, 'X': 170.1, 'Y': 122.364, 'E': 7.32254}}
DECISION : ALLOW
------------------------------------------------------------
[SEQ 258] [IEEE-BASELINE]
SCORE    : anomaly_score=0.001
DECISION : ALLOW
------------------------------------------------------------
[SEQ 259] [LAYER 0]
CMD      : G1 X169.273 Y123.651 E7.35132
TRUST    : acc_cmd=0.000 | acc_exec=0.000 | trust=0.187
DECISION : PAUSE
MACHINE  : Machine-4
------------------------------------------------------------
[SEQ 259] [STATIC-BASELINE]
CMD      : G1 | effects={'dx': -0.8269999999999982, 'dy': 1.286999999999992, 'dz': 0.0, 'de': 0.02878000000000025, 'xy_dist': 1.5298032553240224, 'params': {'G': 1.0, 'X': 169.273, 'Y': 123.651, 'E': 7.35132}}
DECISION : ALLOW
------------------------------------------------------------
[SEQ 259] [IEEE-BASELINE]
SCORE    : anomaly_score=0.001
DECISION : ALLOW
------------------------------------------------------------
[SEQ 260] [LAYER 0]
CMD      : G1 X0.1 Y0.1 E20 F600
TRUST    : acc_cmd=1.000 | acc_exec=0.000 | trust=0.093
DECISION : PAUSE
MACHINE  : Machine-4
------------------------------------------------------------
[SEQ 260] [STATIC-BASELINE]
CMD      : G1 | effects={'dx': -169.173, 'dy': -123.551, 'dz': 0.0, 'de': 12.648679999999999, 'xy_dist': 209.48592680655184, 'params': {'G': 1.0, 'X': 0.1, 'Y': 0.1, 'E': 20.0, 'F': 600.0}}
DECISION : ALLOW
------------------------------------------------------------
[SEQ 260] [IEEE-BASELINE]
SCORE    : anomaly_score=0.001
DECISION : ALLOW
------------------------------------------------------------
[SEQ 261] [LAYER 0]
CMD      : G1 X0.1 Y0.1 E20 F600
TRUST    : acc_cmd=1.000 | acc_exec=0.000 | trust=0.041
DECISION : PAUSE
MACHINE  : Machine-4
------------------------------------------------------------
[SEQ 261] [STATIC-BASELINE]
CMD      : G1 | effects={'dx': 0.0, 'dy': 0.0, 'dz': 0.0, 'de': 0.0, 'xy_dist': 0.0, 'params': {'G': 1.0, 'X': 0.1, 'Y': 0.1, 'E': 20.0, 'F': 600.0}}
DECISION : ALLOW
------------------------------------------------------------
[SEQ 261] [IEEE-BASELINE]
SCORE    : anomaly_score=0.000
DECISION : ALLOW
------------------------------------------------------------
[SEQ 262] [LAYER 0]
CMD      : G1 X165.847 Y125.55 E7.42625
TRUST    : acc_cmd=0.000 | acc_exec=0.934 | trust=0.044
DECISION : PAUSE
MACHINE  : Machine-4
------------------------------------------------------------
[SEQ 262] [STATIC-BASELINE]
CMD      : G1 | effects={'dx': 165.747, 'dy': 125.45, 'dz': 0.0, 'de': -12.57375, 'xy_dist': 207.86959977110652, 'params': {'G': 1.0, 'X': 165.847, 'Y': 125.55, 'E': 7.42625}}
DECISION : ALLOW
------------------------------------------------------------
[SEQ 262] [IEEE-BASELINE]
SCORE    : anomaly_score=0.000
DECISION : ALLOW
------------------------------------------------------------
[SEQ 263] [LAYER 0]
CMD      : G1 X164.216 Y125.581 E7.45694
TRUST    : acc_cmd=0.000 | acc_exec=0.000 | trust=0.111
DECISION : PAUSE
MACHINE  : Machine-4
------------------------------------------------------------
[SEQ 263] [STATIC-BASELINE]
CMD      : G1 | effects={'dx': -1.6310000000000002, 'dy': 0.03100000000000591, 'dz': 0.0, 'de': 0.030690000000000772, 'xy_dist': 1.6312945779349606, 'params': {'G': 1.0, 'X': 164.216, 'Y': 125.581, 'E': 7.45694}}
DECISION : ALLOW
------------------------------------------------------------
[SEQ 263] [IEEE-BASELINE]
SCORE    : anomaly_score=0.000
DECISION : ALLOW
------------------------------------------------------------
[SEQ 264] [LAYER 0]
CMD      : G1 X162.653 Y125.098 E7.48771
TRUST    : acc_cmd=0.000 | acc_exec=0.000 | trust=0.242
DECISION : PAUSE
MACHINE  : Machine-4
------------------------------------------------------------
[SEQ 264] [STATIC-BASELINE]
CMD      : G1 | effects={'dx': -1.5630000000000166, 'dy': -0.4830000000000041, 'dz': 0.0, 'de': 0.03076999999999952, 'xy_dist': 1.6359272599966221, 'params': {'G': 1.0, 'X': 162.653, 'Y': 125.098, 'E': 7.48771}}
DECISION : ALLOW
------------------------------------------------------------
[SEQ 264] [IEEE-BASELINE]
SCORE    : anomaly_score=0.000
DECISION : ALLOW
------------------------------------------------------------
[SEQ 265] [LAYER 0]
CMD      : G1 X0.1 Y0.1 E20 F600
TRUST    : acc_cmd=1.000 | acc_exec=0.000 | trust=0.112
DECISION : PAUSE
MACHINE  : Machine-4
------------------------------------------------------------
[SEQ 265] [STATIC-BASELINE]
CMD      : G1 | effects={'dx': -162.553, 'dy': -124.998, 'dz': 0.0, 'de': 12.51229, 'xy_dist': 205.0560357877817, 'params': {'G': 1.0, 'X': 0.1, 'Y': 0.1, 'E': 20.0, 'F': 600.0}}
DECISION : ALLOW
------------------------------------------------------------
[SEQ 265] [IEEE-BASELINE]
SCORE    : anomaly_score=0.000
DECISION : ALLOW
------------------------------------------------------------
[SEQ 266] [LAYER 0]
CMD      : G1 X0.1 Y0.1 E20 F600
TRUST    : acc_cmd=1.000 | acc_exec=0.000 | trust=0.048
DECISION : PAUSE
MACHINE  : Machine-4
------------------------------------------------------------
[SEQ 266] [STATIC-BASELINE]
CMD      : G1 | effects={'dx': 0.0, 'dy': 0.0, 'dz': 0.0, 'de': 0.0, 'xy_dist': 0.0, 'params': {'G': 1.0, 'X': 0.1, 'Y': 0.1, 'E': 20.0, 'F': 600.0}}
DECISION : ALLOW
------------------------------------------------------------
[SEQ 266] [IEEE-BASELINE]
SCORE    : anomaly_score=0.000
DECISION : ALLOW
------------------------------------------------------------
[SEQ 267] [LAYER 0]
CMD      : G1 X159.45 Y120.835 E7.59232
TRUST    : acc_cmd=0.000 | acc_exec=0.909 | trust=0.046
DECISION : PAUSE
MACHINE  : Machine-4
------------------------------------------------------------
[SEQ 267] [STATIC-BASELINE]
CMD      : G1 | effects={'dx': 159.35, 'dy': 120.735, 'dz': 0.0, 'de': -12.40768, 'xy_dist': 199.9233921405897, 'params': {'G': 1.0, 'X': 159.45, 'Y': 120.835, 'E': 7.59232}}
DECISION : ALLOW
------------------------------------------------------------
[SEQ 267] [IEEE-BASELINE]
SCORE    : anomaly_score=0.000
DECISION : ALLOW
------------------------------------------------------------
[SEQ 268] [LAYER 0]
CMD      : G1 X159.423 Y119.075 E7.62543
TRUST    : acc_cmd=0.000 | acc_exec=0.000 | trust=0.111
DECISION : PAUSE
MACHINE  : Machine-4
------------------------------------------------------------
[SEQ 268] [STATIC-BASELINE]
CMD      : G1 | effects={'dx': -0.026999999999986812, 'dy': -1.759999999999991, 'dz': 0.0, 'de': 0.03310999999999975, 'xy_dist': 1.7602070900891087, 'params': {'G': 1.0, 'X': 159.423, 'Y': 119.075, 'E': 7.62543}}
DECISION : ALLOW
------------------------------------------------------------
[SEQ 268] [IEEE-BASELINE]
SCORE    : anomaly_score=0.000
DECISION : ALLOW
------------------------------------------------------------
[SEQ 269] [LAYER 0]
CMD      : G1 X0.1 Y0.1 E20 F600
TRUST    : acc_cmd=1.000 | acc_exec=0.000 | trust=0.054
DECISION : PAUSE
MACHINE  : Machine-4
------------------------------------------------------------
[SEQ 269] [STATIC-BASELINE]
CMD      : G1 | effects={'dx': -159.323, 'dy': -118.97500000000001, 'dz': 0.0, 'de': 12.37457, 'xy_dist': 198.8438305655974, 'params': {'G': 1.0, 'X': 0.1, 'Y': 0.1, 'E': 20.0, 'F': 600.0}}
DECISION : ALLOW
------------------------------------------------------------
[SEQ 269] [IEEE-BASELINE]
SCORE    : anomaly_score=0.000
DECISION : ALLOW
------------------------------------------------------------
[SEQ 270] [LAYER 0]
CMD      : G1 X160.472 Y116.714 E7.67417
TRUST    : acc_cmd=0.000 | acc_exec=0.896 | trust=0.043
DECISION : PAUSE
MACHINE  : Machine-4
------------------------------------------------------------
[SEQ 270] [STATIC-BASELINE]
CMD      : G1 | effects={'dx': 160.372, 'dy': 116.614, 'dz': 0.0, 'de': -12.32583, 'xy_dist': 198.28767833630008, 'params': {'G': 1.0, 'X': 160.472, 'Y': 116.714, 'E': 7.67417}}
DECISION : ALLOW
------------------------------------------------------------
[SEQ 270] [IEEE-BASELINE]
SCORE    : anomaly_score=0.000
DECISION : ALLOW
------------------------------------------------------------
[SEQ 271] [LAYER 0]
CMD      : G0 F3600 X160.797 Y116.953
TRUST    : acc_cmd=0.000 | acc_exec=0.000 | trust=0.099
DECISION : PAUSE
MACHINE  : Machine-4
------------------------------------------------------------
[SEQ 271] [STATIC-BASELINE]
CMD      : G0 | effects={'dx': 0.32499999999998863, 'dy': 0.23900000000000432, 'dz': 0.0, 'de': 0.0, 'xy_dist': 0.40341789747108975, 'params': {'G': 0.0, 'F': 3600.0, 'X': 160.797, 'Y': 116.953}}
DECISION : ALLOW
------------------------------------------------------------
[SEQ 271] [IEEE-BASELINE]
SCORE    : anomaly_score=0.000
DECISION : ALLOW
------------------------------------------------------------
[SEQ 272] [LAYER 0]
CMD      : G1 F1800 X161.902 Y115.766 E7.70467
TRUST    : acc_cmd=0.000 | acc_exec=0.000 | trust=0.220
DECISION : PAUSE
MACHINE  : Machine-4
------------------------------------------------------------
[SEQ 272] [STATIC-BASELINE]
CMD      : G1 | effects={'dx': 1.1049999999999898, 'dy': -1.1869999999999976, 'dz': 0.0, 'de': 0.03049999999999997, 'xy_dist': 1.6217256241423736, 'params': {'G': 1.0, 'F': 1800.0, 'X': 161.902, 'Y': 115.766, 'E': 7.70467}}
DECISION : ALLOW
------------------------------------------------------------
[SEQ 272] [IEEE-BASELINE]
SCORE    : anomaly_score=0.000
DECISION : ALLOW
------------------------------------------------------------
[SEQ 273] [LAYER 0]
CMD      : G1 X163.269 Y115.12 E7.73311
TRUST    : acc_cmd=0.000 | acc_exec=0.000 | trust=0.380
DECISION : PAUSE
MACHINE  : Machine-4
------------------------------------------------------------
[SEQ 273] [STATIC-BASELINE]
CMD      : G1 | effects={'dx': 1.3670000000000186, 'dy': -0.6460000000000008, 'dz': 0.0, 'de': 0.0284399999999998, 'xy_dist': 1.5119540336928408, 'params': {'G': 1.0, 'X': 163.269, 'Y': 115.12, 'E': 7.73311}}
DECISION : ALLOW
------------------------------------------------------------
[SEQ 273] [IEEE-BASELINE]
SCORE    : anomaly_score=0.000
DECISION : ALLOW
------------------------------------------------------------
[SEQ 274] [LAYER 0]
CMD      : G1 X0.1 Y0.1 E20 F600
TRUST    : acc_cmd=1.000 | acc_exec=0.000 | trust=0.174
DECISION : PAUSE
MACHINE  : Machine-4
------------------------------------------------------------
[SEQ 274] [STATIC-BASELINE]
CMD      : G1 | effects={'dx': -163.169, 'dy': -115.02000000000001, 'dz': 0.0, 'de': 12.26689, 'xy_dist': 199.63397246210377, 'params': {'G': 1.0, 'X': 0.1, 'Y': 0.1, 'E': 20.0, 'F': 600.0}}
DECISION : ALLOW
------------------------------------------------------------
[SEQ 274] [IEEE-BASELINE]
SCORE    : anomaly_score=0.000
DECISION : ALLOW
------------------------------------------------------------
[SEQ 275] [LAYER 0]
CMD      : G1 X0.1 Y0.1 E20 F600
TRUST    : acc_cmd=1.000 | acc_exec=0.000 | trust=0.074
DECISION : PAUSE
MACHINE  : Machine-4
------------------------------------------------------------
[SEQ 275] [STATIC-BASELINE]
CMD      : G1 | effects={'dx': 0.0, 'dy': 0.0, 'dz': 0.0, 'de': 0.0, 'xy_dist': 0.0, 'params': {'G': 1.0, 'X': 0.1, 'Y': 0.1, 'E': 20.0, 'F': 600.0}}
DECISION : ALLOW
------------------------------------------------------------
[SEQ 275] [IEEE-BASELINE]
SCORE    : anomaly_score=0.000
DECISION : ALLOW
------------------------------------------------------------
[SEQ 276] [LAYER 0]
CMD      : G1 X0.1 Y0.1 E20 F600
TRUST    : acc_cmd=1.000 | acc_exec=0.000 | trust=0.031
DECISION : PAUSE
MACHINE  : Machine-4
------------------------------------------------------------
[SEQ 276] [STATIC-BASELINE]
CMD      : G1 | effects={'dx': 0.0, 'dy': 0.0, 'dz': 0.0, 'de': 0.0, 'xy_dist': 0.0, 'params': {'G': 1.0, 'X': 0.1, 'Y': 0.1, 'E': 20.0, 'F': 600.0}}
DECISION : ALLOW
------------------------------------------------------------
[SEQ 276] [IEEE-BASELINE]
SCORE    : anomaly_score=0.000
DECISION : ALLOW
------------------------------------------------------------
[SEQ 277] [LAYER 0]
CMD      : G1 X168.272 Y115.892 E7.83225
TRUST    : acc_cmd=0.000 | acc_exec=0.872 | trust=0.029
DECISION : PAUSE
MACHINE  : Machine-4
------------------------------------------------------------
[SEQ 277] [STATIC-BASELINE]
CMD      : G1 | effects={'dx': 168.172, 'dy': 115.792, 'dz': 0.0, 'de': -12.16775, 'xy_dist': 204.18033413627276, 'params': {'G': 1.0, 'X': 168.272, 'Y': 115.892, 'E': 7.83225}}
DECISION : ALLOW
------------------------------------------------------------
[SEQ 277] [IEEE-BASELINE]
SCORE    : anomaly_score=0.000
DECISION : ALLOW
------------------------------------------------------------
[SEQ 278] [LAYER 0]
CMD      : G1 X169.55 Y117.381 E7.86916
TRUST    : acc_cmd=0.000 | acc_exec=0.000 | trust=0.081
DECISION : PAUSE
MACHINE  : Machine-4
------------------------------------------------------------
[SEQ 278] [STATIC-BASELINE]
CMD      : G1 | effects={'dx': 1.27800000000002, 'dy': 1.4890000000000043, 'dz': 0.0, 'de': 0.036909999999999776, 'xy_dist': 1.9622448878771641, 'params': {'G': 1.0, 'X': 169.55, 'Y': 117.381, 'E': 7.86916}}
DECISION : ALLOW
------------------------------------------------------------
[SEQ 278] [IEEE-BASELINE]
SCORE    : anomaly_score=0.000
DECISION : ALLOW
------------------------------------------------------------
[SEQ 279] [LAYER 0]
CMD      : G1 X0.1 Y0.1 E20 F600
TRUST    : acc_cmd=1.000 | acc_exec=0.000 | trust=0.041
DECISION : PAUSE
MACHINE  : Machine-4
------------------------------------------------------------
[SEQ 279] [STATIC-BASELINE]
CMD      : G1 | effects={'dx': -169.45000000000002, 'dy': -117.281, 'dz': 0.0, 'de': 12.13084, 'xy_dist': 206.0779839308411, 'params': {'G': 1.0, 'X': 0.1, 'Y': 0.1, 'E': 20.0, 'F': 600.0}}
DECISION : ALLOW
------------------------------------------------------------
[SEQ 279] [IEEE-BASELINE]
SCORE    : anomaly_score=0.000
DECISION : ALLOW
------------------------------------------------------------
[SEQ 280] [LAYER 0]
CMD      : G1 X0.1 Y0.1 E20 F600
TRUST    : acc_cmd=1.000 | acc_exec=0.000 | trust=0.018
DECISION : PAUSE
MACHINE  : Machine-4
------------------------------------------------------------
[SEQ 280] [STATIC-BASELINE]
CMD      : G1 | effects={'dx': 0.0, 'dy': 0.0, 'dz': 0.0, 'de': 0.0, 'xy_dist': 0.0, 'params': {'G': 1.0, 'X': 0.1, 'Y': 0.1, 'E': 20.0, 'F': 600.0}}
DECISION : ALLOW
------------------------------------------------------------
[SEQ 280] [IEEE-BASELINE]
SCORE    : anomaly_score=0.000
DECISION : ALLOW
------------------------------------------------------------
[SEQ 281] [LAYER 0]
CMD      : G1 X0.1 Y0.1 E20 F600
TRUST    : acc_cmd=1.000 | acc_exec=0.000 | trust=0.008
DECISION : PAUSE
MACHINE  : Machine-4
------------------------------------------------------------
[SEQ 281] [STATIC-BASELINE]
CMD      : G1 | effects={'dx': 0.0, 'dy': 0.0, 'dz': 0.0, 'de': 0.0, 'xy_dist': 0.0, 'params': {'G': 1.0, 'X': 0.1, 'Y': 0.1, 'E': 20.0, 'F': 600.0}}
DECISION : ALLOW
------------------------------------------------------------
[SEQ 281] [IEEE-BASELINE]
SCORE    : anomaly_score=0.000
DECISION : ALLOW
------------------------------------------------------------
[SEQ 282] [LAYER 0]
CMD      : G1 X168.97 Y123.383 E7.98945
TRUST    : acc_cmd=0.000 | acc_exec=0.848 | trust=0.017
DECISION : PAUSE
MACHINE  : Machine-4
------------------------------------------------------------
[SEQ 282] [STATIC-BASELINE]
CMD      : G1 | effects={'dx': 168.87, 'dy': 123.283, 'dz': 0.0, 'de': -12.01055, 'xy_dist': 209.08317720227996, 'params': {'G': 1.0, 'X': 168.97, 'Y': 123.383, 'E': 7.98945}}
DECISION : ALLOW
------------------------------------------------------------
[SEQ 282] [IEEE-BASELINE]
SCORE    : anomaly_score=0.000
DECISION : ALLOW
------------------------------------------------------------
[SEQ 283] [LAYER 0]
CMD      : G1 X167.904 Y124.304 E8.01595
TRUST    : acc_cmd=0.000 | acc_exec=0.000 | trust=0.068
DECISION : PAUSE
MACHINE  : Machine-4
------------------------------------------------------------
[SEQ 283] [STATIC-BASELINE]
CMD      : G1 | effects={'dx': -1.0660000000000025, 'dy': 0.9210000000000065, 'dz': 0.0, 'de': 0.026500000000000412, 'xy_dist': 1.4087572537524047, 'params': {'G': 1.0, 'X': 167.904, 'Y': 124.304, 'E': 8.01595}}
DECISION : ALLOW
------------------------------------------------------------
[SEQ 283] [IEEE-BASELINE]
SCORE    : anomaly_score=0.000
DECISION : ALLOW
------------------------------------------------------------
[SEQ 284] [LAYER 0]
CMD      : G1 X167.032 Y124.79 E8.03473
TRUST    : acc_cmd=0.000 | acc_exec=0.000 | trust=0.179
DECISION : PAUSE
MACHINE  : Machine-4
------------------------------------------------------------
[SEQ 284] [STATIC-BASELINE]
CMD      : G1 | effects={'dx': -0.8719999999999857, 'dy': 0.4860000000000042, 'dz': 0.0, 'de': 0.018779999999999575, 'xy_dist': 0.9982885354445272, 'params': {'G': 1.0, 'X': 167.032, 'Y': 124.79, 'E': 8.03473}}
DECISION : ALLOW
------------------------------------------------------------
[SEQ 284] [IEEE-BASELINE]
SCORE    : anomaly_score=0.000
DECISION : ALLOW
------------------------------------------------------------
[SEQ 285] [LAYER 0]
CMD      : G1 X0.1 Y0.1 E20 F600
TRUST    : acc_cmd=1.000 | acc_exec=0.000 | trust=0.085
DECISION : PAUSE
MACHINE  : Machine-4
------------------------------------------------------------
[SEQ 285] [STATIC-BASELINE]
CMD      : G1 | effects={'dx': -166.93200000000002, 'dy': -124.69000000000001, 'dz': 0.0, 'de': 11.96527, 'xy_dist': 208.35999789786908, 'params': {'G': 1.0, 'X': 0.1, 'Y': 0.1, 'E': 20.0, 'F': 600.0}}
DECISION : ALLOW
------------------------------------------------------------
[SEQ 285] [IEEE-BASELINE]
SCORE    : anomaly_score=0.000
DECISION : ALLOW
------------------------------------------------------------
[SEQ 286] [LAYER 0]
CMD      : G1 X164.272 Y125.18 E8.08762
TRUST    : acc_cmd=0.000 | acc_exec=0.833 | trust=0.068
DECISION : PAUSE
MACHINE  : Machine-4
------------------------------------------------------------
[SEQ 286] [STATIC-BASELINE]
CMD      : G1 | effects={'dx': 164.172, 'dy': 125.08000000000001, 'dz': 0.0, 'de': -11.91238, 'xy_dist': 206.3915017242716, 'params': {'G': 1.0, 'X': 164.272, 'Y': 125.18, 'E': 8.08762}}
DECISION : ALLOW
------------------------------------------------------------
[SEQ 286] [IEEE-BASELINE]
SCORE    : anomaly_score=0.000
DECISION : ALLOW
------------------------------------------------------------
[SEQ 287] [LAYER 0]
CMD      : G1 X162.825 Y124.733 E8.11611
TRUST    : acc_cmd=0.000 | acc_exec=0.000 | trust=0.136
DECISION : PAUSE
MACHINE  : Machine-4
------------------------------------------------------------
[SEQ 287] [STATIC-BASELINE]
CMD      : G1 | effects={'dx': -1.4470000000000027, 'dy': -0.44700000000000273, 'dz': 0.0, 'de': 0.02849000000000146, 'xy_dist': 1.51446954409787, 'params': {'G': 1.0, 'X': 162.825, 'Y': 124.733, 'E': 8.11611}}
DECISION : ALLOW
------------------------------------------------------------
[SEQ 287] [IEEE-BASELINE]
SCORE    : anomaly_score=0.000
DECISION : ALLOW
------------------------------------------------------------
[SEQ 288] [LAYER 0]
CMD      : G1 X0.1 Y0.1 E20 F600
TRUST    : acc_cmd=1.000 | acc_exec=0.000 | trust=0.067
DECISION : PAUSE
MACHINE  : Machine-4
------------------------------------------------------------
[SEQ 288] [STATIC-BASELINE]
CMD      : G1 | effects={'dx': -162.725, 'dy': -124.63300000000001, 'dz': 0.0, 'de': 11.88389, 'xy_dist': 204.97026690229976, 'params': {'G': 1.0, 'X': 0.1, 'Y': 0.1, 'E': 20.0, 'F': 600.0}}
DECISION : ALLOW
------------------------------------------------------------
[SEQ 288] [IEEE-BASELINE]
SCORE    : anomaly_score=0.000
DECISION : ALLOW
------------------------------------------------------------
[SEQ 289] [LAYER 0]
CMD      : G1 X160.284 Y122.317 E8.18312
TRUST    : acc_cmd=0.000 | acc_exec=0.818 | trust=0.055
DECISION : PAUSE
MACHINE  : Machine-4
------------------------------------------------------------
[SEQ 289] [STATIC-BASELINE]
CMD      : G1 | effects={'dx': 160.184, 'dy': 122.217, 'dz': 0.0, 'de': -11.81688, 'xy_dist': 201.48426475782173, 'params': {'G': 1.0, 'X': 160.284, 'Y': 122.317, 'E': 8.18312}}
DECISION : ALLOW
------------------------------------------------------------
[SEQ 289] [IEEE-BASELINE]
SCORE    : anomaly_score=0.000
DECISION : ALLOW
------------------------------------------------------------
[SEQ 290] [LAYER 0]
CMD      : G1 X0.1 Y0.1 E20 F600
TRUST    : acc_cmd=1.000 | acc_exec=0.000 | trust=0.029
DECISION : PAUSE
MACHINE  : Machine-4
------------------------------------------------------------
[SEQ 290] [STATIC-BASELINE]
CMD      : G1 | effects={'dx': -160.184, 'dy': -122.217, 'dz': 0.0, 'de': 11.81688, 'xy_dist': 201.48426475782173, 'params': {'G': 1.0, 'X': 0.1, 'Y': 0.1, 'E': 20.0, 'F': 600.0}}
DECISION : ALLOW
------------------------------------------------------------
[SEQ 290] [IEEE-BASELINE]
SCORE    : anomaly_score=0.000
DECISION : ALLOW
------------------------------------------------------------
[SEQ 291] [LAYER 0]
CMD      : G1 X159.824 Y119.145 E8.24392
TRUST    : acc_cmd=0.000 | acc_exec=0.809 | trust=0.029
DECISION : PAUSE
MACHINE  : Machine-4
------------------------------------------------------------
[SEQ 291] [STATIC-BASELINE]
CMD      : G1 | effects={'dx': 159.72400000000002, 'dy': 119.045, 'dz': 0.0, 'de': -11.75608, 'xy_dist': 199.20709877160505, 'params': {'G': 1.0, 'X': 159.824, 'Y': 119.145, 'E': 8.24392}}
DECISION : ALLOW
------------------------------------------------------------
[SEQ 291] [IEEE-BASELINE]
SCORE    : anomaly_score=0.000
DECISION : ALLOW
------------------------------------------------------------
[SEQ 292] [LAYER 0]
CMD      : G1 X0.1 Y0.1 E20 F600
TRUST    : acc_cmd=1.000 | acc_exec=0.000 | trust=0.018
DECISION : PAUSE
MACHINE  : Machine-4
------------------------------------------------------------
[SEQ 292] [STATIC-BASELINE]
CMD      : G1 | effects={'dx': -159.72400000000002, 'dy': -119.045, 'dz': 0.0, 'de': 11.75608, 'xy_dist': 199.20709877160505, 'params': {'G': 1.0, 'X': 0.1, 'Y': 0.1, 'E': 20.0, 'F': 600.0}}
DECISION : ALLOW
------------------------------------------------------------
[SEQ 292] [IEEE-BASELINE]
SCORE    : anomaly_score=0.000
DECISION : ALLOW
------------------------------------------------------------
[SEQ 293] [LAYER 0]
CMD      : G1 X0.1 Y0.1 E20 F600
TRUST    : acc_cmd=1.000 | acc_exec=0.000 | trust=0.009
DECISION : PAUSE
MACHINE  : Machine-4
------------------------------------------------------------
[SEQ 293] [STATIC-BASELINE]
CMD      : G1 | effects={'dx': 0.0, 'dy': 0.0, 'dz': 0.0, 'de': 0.0, 'xy_dist': 0.0, 'params': {'G': 1.0, 'X': 0.1, 'Y': 0.1, 'E': 20.0, 'F': 600.0}}
DECISION : ALLOW
------------------------------------------------------------
[SEQ 293] [IEEE-BASELINE]
SCORE    : anomaly_score=0.000
DECISION : ALLOW
------------------------------------------------------------
[SEQ 294] [LAYER 0]
CMD      : G0 F3600 X161.122 Y117.192
TRUST    : acc_cmd=0.000 | acc_exec=0.000 | trust=0.023
DECISION : PAUSE
MACHINE  : Machine-4
------------------------------------------------------------
[SEQ 294] [STATIC-BASELINE]
CMD      : G0 | effects={'dx': 161.02200000000002, 'dy': 117.092, 'dz': 0.0, 'de': 0.0, 'xy_dist': 199.09450255594703, 'params': {'G': 0.0, 'F': 3600.0, 'X': 161.122, 'Y': 117.192}}
DECISION : ALLOW
------------------------------------------------------------
[SEQ 294] [IEEE-BASELINE]
SCORE    : anomaly_score=0.000
DECISION : ALLOW
------------------------------------------------------------
[SEQ 295] [LAYER 0]
CMD      : G1 X0.1 Y0.1 E20 F600
TRUST    : acc_cmd=1.000 | acc_exec=0.000 | trust=0.013
DECISION : PAUSE
MACHINE  : Machine-4
------------------------------------------------------------
[SEQ 295] [STATIC-BASELINE]
CMD      : G1 | effects={'dx': -161.02200000000002, 'dy': -117.092, 'dz': 0.0, 'de': 0.0, 'xy_dist': 199.09450255594703, 'params': {'G': 1.0, 'X': 0.1, 'Y': 0.1, 'E': 20.0, 'F': 600.0}}
DECISION : ALLOW
------------------------------------------------------------
[SEQ 295] [IEEE-BASELINE]
SCORE    : anomaly_score=0.000
DECISION : ALLOW
------------------------------------------------------------
[SEQ 296] [LAYER 0]
CMD      : G1 X163.382 Y115.504 E8.34319
TRUST    : acc_cmd=0.000 | acc_exec=0.793 | trust=0.034
DECISION : PAUSE
MACHINE  : Machine-4
------------------------------------------------------------
[SEQ 296] [STATIC-BASELINE]
CMD      : G1 | effects={'dx': 163.282, 'dy': 115.40400000000001, 'dz': 0.0, 'de': -11.65681, 'xy_dist': 199.9477300196229, 'params': {'G': 1.0, 'X': 163.382, 'Y': 115.504, 'E': 8.34319}}
DECISION : ALLOW
------------------------------------------------------------
[SEQ 296] [IEEE-BASELINE]
SCORE    : anomaly_score=0.000
DECISION : ALLOW
------------------------------------------------------------
[SEQ 297] [LAYER 0]
CMD      : G1 X164.242 Y115.251 E8.36005
TRUST    : acc_cmd=0.000 | acc_exec=0.000 | trust=0.110
DECISION : PAUSE
MACHINE  : Machine-4
------------------------------------------------------------
[SEQ 297] [STATIC-BASELINE]
CMD      : G1 | effects={'dx': 0.8599999999999852, 'dy': -0.2530000000000001, 'dz': 0.0, 'de': 0.01685999999999943, 'xy_dist': 0.8964424130974475, 'params': {'G': 1.0, 'X': 164.242, 'Y': 115.251, 'E': 8.36005}}
DECISION : ALLOW
------------------------------------------------------------
[SEQ 297] [IEEE-BASELINE]
SCORE    : anomaly_score=0.000
DECISION : ALLOW
------------------------------------------------------------
[SEQ 298] [LAYER 0]
CMD      : G1 X0.1 Y0.1 E20 F600
TRUST    : acc_cmd=1.000 | acc_exec=0.000 | trust=0.054
DECISION : PAUSE
MACHINE  : Machine-4
------------------------------------------------------------
[SEQ 298] [STATIC-BASELINE]
CMD      : G1 | effects={'dx': -164.142, 'dy': -115.15100000000001, 'dz': 0.0, 'de': 11.63995, 'xy_dist': 200.50523425836045, 'params': {'G': 1.0, 'X': 0.1, 'Y': 0.1, 'E': 20.0, 'F': 600.0}}
DECISION : ALLOW
------------------------------------------------------------
[SEQ 298] [IEEE-BASELINE]
SCORE    : anomaly_score=0.000
DECISION : ALLOW
------------------------------------------------------------
[SEQ 299] [LAYER 0]
CMD      : G1 X166.721 Y115.509 E8.40731
TRUST    : acc_cmd=0.000 | acc_exec=0.783 | trust=0.054
DECISION : PAUSE
MACHINE  : Machine-4
------------------------------------------------------------
[SEQ 299] [STATIC-BASELINE]
CMD      : G1 | effects={'dx': 166.621, 'dy': 115.409, 'dz': 0.0, 'de': -11.59269, 'xy_dist': 202.68644484030006, 'params': {'G': 1.0, 'X': 166.721, 'Y': 115.509, 'E': 8.40731}}
DECISION : ALLOW
------------------------------------------------------------
[SEQ 299] [IEEE-BASELINE]
SCORE    : anomaly_score=0.000
DECISION : ALLOW
------------------------------------------------------------
[SEQ 300] [LAYER 0]
CMD      : G1 X0.1 Y0.1 E20 F600
TRUST    : acc_cmd=1.000 | acc_exec=0.000 | trust=0.028
DECISION : PAUSE
MACHINE  : Machine-4
------------------------------------------------------------
[SEQ 300] [STATIC-BASELINE]
CMD      : G1 | effects={'dx': -166.621, 'dy': -115.409, 'dz': 0.0, 'de': 11.59269, 'xy_dist': 202.68644484030006, 'params': {'G': 1.0, 'X': 0.1, 'Y': 0.1, 'E': 20.0, 'F': 600.0}}
DECISION : ALLOW
------------------------------------------------------------
[SEQ 300] [IEEE-BASELINE]
SCORE    : anomaly_score=0.000
DECISION : ALLOW
------------------------------------------------------------
[SEQ 301] [LAYER 0]
CMD      : G1 X0.1 Y0.1 E20 F600
TRUST    : acc_cmd=1.000 | acc_exec=0.000 | trust=0.013
DECISION : PAUSE
MACHINE  : Machine-4
------------------------------------------------------------
[SEQ 301] [STATIC-BASELINE]
CMD      : G1 | effects={'dx': 0.0, 'dy': 0.0, 'dz': 0.0, 'de': 0.0, 'xy_dist': 0.0, 'params': {'G': 1.0, 'X': 0.1, 'Y': 0.1, 'E': 20.0, 'F': 600.0}}
DECISION : ALLOW
------------------------------------------------------------
[SEQ 301] [IEEE-BASELINE]
SCORE    : anomaly_score=0.000
DECISION : ALLOW
------------------------------------------------------------
[SEQ 302] [LAYER 0]
CMD      : G1 X169.78 Y119.282 E8.50287
TRUST    : acc_cmd=0.000 | acc_exec=0.769 | trust=0.025
DECISION : PAUSE
MACHINE  : Machine-4
------------------------------------------------------------
[SEQ 302] [STATIC-BASELINE]
CMD      : G1 | effects={'dx': 169.68, 'dy': 119.182, 'dz': 0.0, 'de': -11.49713, 'xy_dist': 207.35392816148914, 'params': {'G': 1.0, 'X': 169.78, 'Y': 119.282, 'E': 8.50287}}
DECISION : ALLOW
------------------------------------------------------------
[SEQ 302] [IEEE-BASELINE]
SCORE    : anomaly_score=0.000
DECISION : ALLOW
------------------------------------------------------------
[SEQ 303] [LAYER 0]
CMD      : G1 X169.753 Y120.782 E8.53109
TRUST    : acc_cmd=0.000 | acc_exec=0.000 | trust=0.088
DECISION : PAUSE
MACHINE  : Machine-4
------------------------------------------------------------
[SEQ 303] [STATIC-BASELINE]
CMD      : G1 | effects={'dx': -0.027000000000015234, 'dy': 1.5, 'dz': 0.0, 'de': 0.028220000000001022, 'xy_dist': 1.5002429803201882, 'params': {'G': 1.0, 'X': 169.753, 'Y': 120.782, 'E': 8.53109}}
DECISION : ALLOW
------------------------------------------------------------
[SEQ 303] [IEEE-BASELINE]
SCORE    : anomaly_score=0.000
DECISION : ALLOW
------------------------------------------------------------
[SEQ 304] [LAYER 0]
CMD      : G1 X169.367 Y122.025 E8.55558
TRUST    : acc_cmd=0.000 | acc_exec=0.000 | trust=0.211
DECISION : PAUSE
MACHINE  : Machine-4
------------------------------------------------------------
[SEQ 304] [STATIC-BASELINE]
CMD      : G1 | effects={'dx': -0.3859999999999957, 'dy': 1.2430000000000092, 'dz': 0.0, 'de': 0.024490000000000123, 'xy_dist': 1.301554839413238, 'params': {'G': 1.0, 'X': 169.367, 'Y': 122.025, 'E': 8.55558}}
DECISION : ALLOW
------------------------------------------------------------
[SEQ 304] [IEEE-BASELINE]
SCORE    : anomaly_score=0.000
DECISION : ALLOW
------------------------------------------------------------
[SEQ 305] [LAYER 0]
CMD      : G1 X168.664 Y123.119 E8.58004
TRUST    : acc_cmd=0.000 | acc_exec=0.000 | trust=0.372
DECISION : PAUSE
MACHINE  : Machine-4
------------------------------------------------------------
[SEQ 305] [STATIC-BASELINE]
CMD      : G1 | effects={'dx': -0.703000000000003, 'dy': 1.093999999999994, 'dz': 0.0, 'de': 0.024459999999999482, 'xy_dist': 1.3004018609645218, 'params': {'G': 1.0, 'X': 168.664, 'Y': 123.119, 'E': 8.58004}}
DECISION : ALLOW
------------------------------------------------------------
[SEQ 305] [IEEE-BASELINE]
SCORE    : anomaly_score=0.000
DECISION : ALLOW
------------------------------------------------------------
[SEQ 306] [LAYER 0]
CMD      : G1 X167.673 Y123.975 E8.60467
TRUST    : acc_cmd=0.000 | acc_exec=0.000 | trust=0.534
DECISION : ALLOW
MACHINE  : Machine-4
------------------------------------------------------------
[SEQ 306] [STATIC-BASELINE]
CMD      : G1 | effects={'dx': -0.9909999999999854, 'dy': 0.8559999999999945, 'dz': 0.0, 'de': 0.024630000000000152, 'xy_dist': 1.3095102137822223, 'params': {'G': 1.0, 'X': 167.673, 'Y': 123.975, 'E': 8.60467}}
DECISION : ALLOW
------------------------------------------------------------
[SEQ 306] [IEEE-BASELINE]
SCORE    : anomaly_score=0.000
DECISION : ALLOW
------------------------------------------------------------
[SEQ 307] [LAYER 0]
CMD      : G1 X166.877 Y124.419 E8.62181
TRUST    : acc_cmd=0.000 | acc_exec=0.000 | trust=0.674
DECISION : ALLOW
MACHINE  : Machine-4
------------------------------------------------------------
[SEQ 307] [STATIC-BASELINE]
CMD      : G1 | effects={'dx': -0.7959999999999923, 'dy': 0.4440000000000026, 'dz': 0.0, 'de': 0.01713999999999949, 'xy_dist': 0.9114559780921896, 'params': {'G': 1.0, 'X': 166.877, 'Y': 124.419, 'E': 8.62181}}
DECISION : ALLOW
------------------------------------------------------------
[SEQ 307] [IEEE-BASELINE]
SCORE    : anomaly_score=0.000
DECISION : ALLOW
------------------------------------------------------------
[SEQ 308] [LAYER 0]
CMD      : G1 X0.1 Y0.1 E20 F600
TRUST    : acc_cmd=1.000 | acc_exec=0.000 | trust=0.295
DECISION : PAUSE
MACHINE  : Machine-4
------------------------------------------------------------
[SEQ 308] [STATIC-BASELINE]
CMD      : G1 | effects={'dx': -166.77700000000002, 'dy': -124.319, 'dz': 0.0, 'de': 11.37819, 'xy_dist': 208.0138973482301, 'params': {'G': 1.0, 'X': 0.1, 'Y': 0.1, 'E': 20.0, 'F': 600.0}}
DECISION : ALLOW
------------------------------------------------------------
[SEQ 308] [IEEE-BASELINE]
SCORE    : anomaly_score=0.000
DECISION : ALLOW
------------------------------------------------------------
[SEQ 309] [LAYER 0]
CMD      : G1 X164.328 Y124.779 E8.67066
TRUST    : acc_cmd=0.000 | acc_exec=0.743 | trust=0.178
DECISION : PAUSE
MACHINE  : Machine-4
------------------------------------------------------------
[SEQ 309] [STATIC-BASELINE]
CMD      : G1 | effects={'dx': 164.228, 'dy': 124.679, 'dz': 0.0, 'de': -11.32934, 'xy_dist': 206.19332924466786, 'params': {'G': 1.0, 'X': 164.328, 'Y': 124.779, 'E': 8.67066}}
DECISION : ALLOW
------------------------------------------------------------
[SEQ 309] [IEEE-BASELINE]
SCORE    : anomaly_score=0.000
DECISION : ALLOW
------------------------------------------------------------
[SEQ 310] [LAYER 0]
CMD      : G1 X162.995 Y124.367 E8.6969
TRUST    : acc_cmd=0.000 | acc_exec=0.000 | trust=0.221
DECISION : PAUSE
MACHINE  : Machine-4
------------------------------------------------------------
[SEQ 310] [STATIC-BASELINE]
CMD      : G1 | effects={'dx': -1.3329999999999984, 'dy': -0.41199999999999193, 'dz': 0.0, 'de': 0.026239999999999597, 'xy_dist': 1.3952179041282367, 'params': {'G': 1.0, 'X': 162.995, 'Y': 124.367, 'E': 8.6969}}
DECISION : ALLOW
------------------------------------------------------------
[SEQ 310] [IEEE-BASELINE]
SCORE    : anomaly_score=0.000
DECISION : ALLOW
------------------------------------------------------------
[SEQ 311] [LAYER 0]
CMD      : G1 X0.1 Y0.1 E20 F600
TRUST    : acc_cmd=1.000 | acc_exec=0.000 | trust=0.103
DECISION : PAUSE
MACHINE  : Machine-4
------------------------------------------------------------
[SEQ 311] [STATIC-BASELINE]
CMD      : G1 | effects={'dx': -162.895, 'dy': -124.26700000000001, 'dz': 0.0, 'de': 11.3031, 'xy_dist': 204.88306009526508, 'params': {'G': 1.0, 'X': 0.1, 'Y': 0.1, 'E': 20.0, 'F': 600.0}}
DECISION : ALLOW
------------------------------------------------------------
[SEQ 311] [IEEE-BASELINE]
SCORE    : anomaly_score=0.000
DECISION : ALLOW
------------------------------------------------------------
[SEQ 312] [LAYER 0]
CMD      : G1 X160.649 Y122.137 E8.75877
TRUST    : acc_cmd=0.000 | acc_exec=0.729 | trust=0.082
DECISION : PAUSE
MACHINE  : Machine-4
------------------------------------------------------------
[SEQ 312] [STATIC-BASELINE]
CMD      : G1 | effects={'dx': 160.549, 'dy': 122.037, 'dz': 0.0, 'de': -11.24123, 'xy_dist': 201.66559143790494, 'params': {'G': 1.0, 'X': 160.649, 'Y': 122.137, 'E': 8.75877}}
DECISION : ALLOW
------------------------------------------------------------
[SEQ 312] [IEEE-BASELINE]
SCORE    : anomaly_score=0.000
DECISION : ALLOW
------------------------------------------------------------
[SEQ 313] [LAYER 0]
CMD      : G1 X0.1 Y0.1 E20 F600
TRUST    : acc_cmd=1.000 | acc_exec=0.000 | trust=0.041
DECISION : PAUSE
MACHINE  : Machine-4
------------------------------------------------------------
[SEQ 313] [STATIC-BASELINE]
CMD      : G1 | effects={'dx': -160.549, 'dy': -122.037, 'dz': 0.0, 'de': 11.24123, 'xy_dist': 201.66559143790494, 'params': {'G': 1.0, 'X': 0.1, 'Y': 0.1, 'E': 20.0, 'F': 600.0}}
DECISION : ALLOW
------------------------------------------------------------
[SEQ 313] [IEEE-BASELINE]
SCORE    : anomaly_score=0.000
DECISION : ALLOW
------------------------------------------------------------
[SEQ 314] [LAYER 0]
CMD      : G1 X160.225 Y119.213 E8.81482
TRUST    : acc_cmd=0.000 | acc_exec=0.721 | trust=0.043
DECISION : PAUSE
MACHINE  : Machine-4
------------------------------------------------------------
[SEQ 314] [STATIC-BASELINE]
CMD      : G1 | effects={'dx': 160.125, 'dy': 119.113, 'dz': 0.0, 'de': -11.18518, 'xy_dist': 199.56934231990644, 'params': {'G': 1.0, 'X': 160.225, 'Y': 119.213, 'E': 8.81482}}
DECISION : ALLOW
------------------------------------------------------------
[SEQ 314] [IEEE-BASELINE]
SCORE    : anomaly_score=0.000
DECISION : ALLOW
------------------------------------------------------------
[SEQ 315] [LAYER 0]
CMD      : G1 X160.691 Y117.95 E8.84014
TRUST    : acc_cmd=0.000 | acc_exec=0.000 | trust=0.109
DECISION : PAUSE
MACHINE  : Machine-4
------------------------------------------------------------
[SEQ 315] [STATIC-BASELINE]
CMD      : G1 | effects={'dx': 0.4660000000000082, 'dy': -1.262999999999991, 'dz': 0.0, 'de': 0.025320000000000675, 'xy_dist': 1.3462262068463773, 'params': {'G': 1.0, 'X': 160.691, 'Y': 117.95, 'E': 8.84014}}
DECISION : ALLOW
------------------------------------------------------------
[SEQ 315] [IEEE-BASELINE]
SCORE    : anomaly_score=0.000
DECISION : ALLOW
------------------------------------------------------------
[SEQ 316] [LAYER 0]
CMD      : G1 X0.1 Y0.1 E20 F600
TRUST    : acc_cmd=1.000 | acc_exec=0.000 | trust=0.055
DECISION : PAUSE
MACHINE  : Machine-4
------------------------------------------------------------
[SEQ 316] [STATIC-BASELINE]
CMD      : G1 | effects={'dx': -160.591, 'dy': -117.85000000000001, 'dz': 0.0, 'de': 11.15986, 'xy_dist': 199.19360376528158, 'params': {'G': 1.0, 'X': 0.1, 'Y': 0.1, 'E': 20.0, 'F': 600.0}}
DECISION : ALLOW
------------------------------------------------------------
[SEQ 316] [IEEE-BASELINE]
SCORE    : anomaly_score=0.000
DECISION : ALLOW
------------------------------------------------------------
[SEQ 317] [LAYER 0]
CMD      : G1 X0.1 Y0.1 E20 F600
TRUST    : acc_cmd=1.000 | acc_exec=0.000 | trust=0.025
DECISION : PAUSE
MACHINE  : Machine-4
------------------------------------------------------------
[SEQ 317] [STATIC-BASELINE]
CMD      : G1 | effects={'dx': 0.0, 'dy': 0.0, 'dz': 0.0, 'de': 0.0, 'xy_dist': 0.0, 'params': {'G': 1.0, 'X': 0.1, 'Y': 0.1, 'E': 20.0, 'F': 600.0}}
DECISION : ALLOW
------------------------------------------------------------
[SEQ 317] [IEEE-BASELINE]
SCORE    : anomaly_score=0.000
DECISION : ALLOW
------------------------------------------------------------
[SEQ 318] [LAYER 0]
CMD      : G1 F1800 X162.387 Y116.421 E8.88249
TRUST    : acc_cmd=0.000 | acc_exec=0.710 | trust=0.034
DECISION : PAUSE
MACHINE  : Machine-4
------------------------------------------------------------
[SEQ 318] [STATIC-BASELINE]
CMD      : G1 | effects={'dx': 162.287, 'dy': 116.32100000000001, 'dz': 0.0, 'de': -11.11751, 'xy_dist': 199.66883935657063, 'params': {'G': 1.0, 'F': 1800.0, 'X': 162.387, 'Y': 116.421, 'E': 8.88249}}
DECISION : ALLOW
------------------------------------------------------------
[SEQ 318] [IEEE-BASELINE]
SCORE    : anomaly_score=0.000
DECISION : ALLOW
------------------------------------------------------------
[SEQ 319] [LAYER 0]
CMD      : G1 X163.495 Y115.888 E8.90562
TRUST    : acc_cmd=0.000 | acc_exec=0.000 | trust=0.101
DECISION : PAUSE
MACHINE  : Machine-4
------------------------------------------------------------
[SEQ 319] [STATIC-BASELINE]
CMD      : G1 | effects={'dx': 1.108000000000004, 'dy': -0.5330000000000013, 'dz': 0.0, 'de': 0.023130000000000095, 'xy_dist': 1.2295336514304969, 'params': {'G': 1.0, 'X': 163.495, 'Y': 115.888, 'E': 8.90562}}
DECISION : ALLOW
------------------------------------------------------------
[SEQ 319] [IEEE-BASELINE]
SCORE    : anomaly_score=0.000
DECISION : ALLOW
------------------------------------------------------------
[SEQ 320] [LAYER 0]
CMD      : G1 X164.305 Y115.65 E8.9215
TRUST    : acc_cmd=0.000 | acc_exec=0.000 | trust=0.229
DECISION : PAUSE
MACHINE  : Machine-4
------------------------------------------------------------
[SEQ 320] [STATIC-BASELINE]
CMD      : G1 | effects={'dx': 0.8100000000000023, 'dy': -0.23799999999999955, 'dz': 0.0, 'de': 0.015879999999999228, 'xy_dist': 0.8442416715609361, 'params': {'G': 1.0, 'X': 164.305, 'Y': 115.65, 'E': 8.9215}}
DECISION : ALLOW
------------------------------------------------------------
[SEQ 320] [IEEE-BASELINE]
SCORE    : anomaly_score=0.000
DECISION : ALLOW
------------------------------------------------------------
[SEQ 321] [LAYER 0]
CMD      : G1 X165.461 Y115.623 E8.94325
TRUST    : acc_cmd=0.000 | acc_exec=0.000 | trust=0.391
DECISION : PAUSE
MACHINE  : Machine-4
------------------------------------------------------------
[SEQ 321] [STATIC-BASELINE]
CMD      : G1 | effects={'dx': 1.156000000000006, 'dy': -0.027000000000001023, 'dz': 0.0, 'de': 0.021750000000000824, 'xy_dist': 1.156315268428128, 'params': {'G': 1.0, 'X': 165.461, 'Y': 115.623, 'E': 8.94325}}
DECISION : ALLOW
------------------------------------------------------------
[SEQ 321] [IEEE-BASELINE]
SCORE    : anomaly_score=0.000
DECISION : ALLOW
------------------------------------------------------------
[SEQ 322] [LAYER 0]
CMD      : G1 X166.576 Y115.885 E8.9648
TRUST    : acc_cmd=0.000 | acc_exec=0.000 | trust=0.552
DECISION : ALLOW
MACHINE  : Machine-4
------------------------------------------------------------
[SEQ 322] [STATIC-BASELINE]
CMD      : G1 | effects={'dx': 1.1149999999999807, 'dy': 0.26200000000000045, 'dz': 0.0, 'de': 0.021549999999999514, 'xy_dist': 1.1453684996541318, 'params': {'G': 1.0, 'X': 166.576, 'Y': 115.885, 'E': 8.9648}}
DECISION : ALLOW
------------------------------------------------------------
[SEQ 322] [IEEE-BASELINE]
SCORE    : anomaly_score=0.000
DECISION : ALLOW
------------------------------------------------------------
[SEQ 323] [LAYER 0]
CMD      : G1 X167.762 Y116.526 E8.99016
TRUST    : acc_cmd=0.000 | acc_exec=0.000 | trust=0.688
DECISION : ALLOW
MACHINE  : Machine-4
------------------------------------------------------------
[SEQ 323] [STATIC-BASELINE]
CMD      : G1 | effects={'dx': 1.186000000000007, 'dy': 0.6409999999999911, 'dz': 0.0, 'de': 0.02535999999999916, 'xy_dist': 1.3481383460164633, 'params': {'G': 1.0, 'X': 167.762, 'Y': 116.526, 'E': 8.99016}}
DECISION : ALLOW
------------------------------------------------------------
[SEQ 323] [IEEE-BASELINE]
SCORE    : anomaly_score=0.000
DECISION : ALLOW
------------------------------------------------------------
[SEQ 324] [LAYER 0]
CMD      : G1 X0.1 Y0.1 E20 F600
TRUST    : acc_cmd=1.000 | acc_exec=0.000 | trust=0.301
DECISION : PAUSE
MACHINE  : Machine-4
------------------------------------------------------------
[SEQ 324] [STATIC-BASELINE]
CMD      : G1 | effects={'dx': -167.662, 'dy': -116.426, 'dz': 0.0, 'de': 11.00984, 'xy_dist': 204.12143375941685, 'params': {'G': 1.0, 'X': 0.1, 'Y': 0.1, 'E': 20.0, 'F': 600.0}}
DECISION : ALLOW
------------------------------------------------------------
[SEQ 324] [IEEE-BASELINE]
SCORE    : anomaly_score=0.000
DECISION : ALLOW
------------------------------------------------------------
[SEQ 325] [LAYER 0]
CMD      : G1 X169.379 Y119.344 E9.05238
TRUST    : acc_cmd=0.000 | acc_exec=0.684 | trust=0.192
DECISION : PAUSE
MACHINE  : Machine-4
------------------------------------------------------------
[SEQ 325] [STATIC-BASELINE]
CMD      : G1 | effects={'dx': 169.279, 'dy': 119.244, 'dz': 0.0, 'de': -10.94762, 'xy_dist': 207.0616125142466, 'params': {'G': 1.0, 'X': 169.379, 'Y': 119.344, 'E': 9.05238}}
DECISION : ALLOW
------------------------------------------------------------
[SEQ 325] [IEEE-BASELINE]
SCORE    : anomaly_score=0.000
DECISION : ALLOW
------------------------------------------------------------
[SEQ 326] [LAYER 0]
CMD      : G1 X169.354 Y120.718 E9.07823
TRUST    : acc_cmd=0.000 | acc_exec=0.000 | trust=0.245
DECISION : PAUSE
MACHINE  : Machine-4
------------------------------------------------------------
[SEQ 326] [STATIC-BASELINE]
CMD      : G1 | effects={'dx': -0.024999999999977263, 'dy': 1.3740000000000094, 'dz': 0.0, 'de': 0.02585000000000015, 'xy_dist': 1.3742274193160404, 'params': {'G': 1.0, 'X': 169.354, 'Y': 120.718, 'E': 9.07823}}
DECISION : ALLOW
------------------------------------------------------------
[SEQ 326] [IEEE-BASELINE]
SCORE    : anomaly_score=0.000
DECISION : ALLOW
------------------------------------------------------------
[SEQ 327] [LAYER 0]
CMD      : G1 X169.001 Y121.854 E9.10061
TRUST    : acc_cmd=0.000 | acc_exec=0.000 | trust=0.377
DECISION : PAUSE
MACHINE  : Machine-4
------------------------------------------------------------
[SEQ 327] [STATIC-BASELINE]
CMD      : G1 | effects={'dx': -0.35300000000000864, 'dy': 1.1359999999999957, 'dz': 0.0, 'de': 0.022380000000000067, 'xy_dist': 1.1895818593102352, 'params': {'G': 1.0, 'X': 169.001, 'Y': 121.854, 'E': 9.10061}}
DECISION : ALLOW
------------------------------------------------------------
[SEQ 327] [IEEE-BASELINE]
SCORE    : anomaly_score=0.000
DECISION : ALLOW
------------------------------------------------------------
[SEQ 328] [LAYER 0]
CMD      : G1 X168.358 Y122.855 E9.12299
TRUST    : acc_cmd=0.000 | acc_exec=0.000 | trust=0.530
DECISION : ALLOW
MACHINE  : Machine-4
------------------------------------------------------------
[SEQ 328] [STATIC-BASELINE]
CMD      : G1 | effects={'dx': -0.6430000000000007, 'dy': 1.0010000000000048, 'dz': 0.0, 'de': 0.022380000000000067, 'xy_dist': 1.1897268594093395, 'params': {'G': 1.0, 'X': 168.358, 'Y': 122.855, 'E': 9.12299}}
DECISION : ALLOW
------------------------------------------------------------
[SEQ 328] [IEEE-BASELINE]
SCORE    : anomaly_score=0.000
DECISION : ALLOW
------------------------------------------------------------
[SEQ 329] [LAYER 0]
CMD      : G1 X167.442 Y123.646 E9.14575
TRUST    : acc_cmd=0.000 | acc_exec=0.000 | trust=0.668
DECISION : ALLOW
MACHINE  : Machine-4
------------------------------------------------------------
[SEQ 329] [STATIC-BASELINE]
CMD      : G1 | effects={'dx': -0.9159999999999968, 'dy': 0.7909999999999968, 'dz': 0.0, 'de': 0.02275999999999989, 'xy_dist': 1.2102631945159652, 'params': {'G': 1.0, 'X': 167.442, 'Y': 123.646, 'E': 9.14575}}
DECISION : ALLOW
------------------------------------------------------------
[SEQ 329] [IEEE-BASELINE]
SCORE    : anomaly_score=0.000
DECISION : ALLOW
------------------------------------------------------------
[SEQ 330] [LAYER 0]
CMD      : G1 X166.723 Y124.047 E9.16124
TRUST    : acc_cmd=0.000 | acc_exec=0.000 | trust=0.776
DECISION : ALLOW
MACHINE  : Machine-4
------------------------------------------------------------
[SEQ 330] [STATIC-BASELINE]
CMD      : G1 | effects={'dx': -0.7189999999999941, 'dy': 0.40099999999999625, 'dz': 0.0, 'de': 0.015489999999999782, 'xy_dist': 0.8232630199395503, 'params': {'G': 1.0, 'X': 166.723, 'Y': 124.047, 'E': 9.16124}}
DECISION : ALLOW
------------------------------------------------------------
[SEQ 330] [IEEE-BASELINE]
SCORE    : anomaly_score=0.000
DECISION : ALLOW
------------------------------------------------------------
[SEQ 331] [LAYER 0]
CMD      : G1 X165.669 Y124.353 E9.18189
TRUST    : acc_cmd=0.000 | acc_exec=0.000 | trust=0.854
DECISION : ALLOW
MACHINE  : Machine-4
------------------------------------------------------------
[SEQ 331] [STATIC-BASELINE]
CMD      : G1 | effects={'dx': -1.054000000000002, 'dy': 0.3059999999999974, 'dz': 0.0, 'de': 0.020649999999999835, 'xy_dist': 1.0975208426266914, 'params': {'G': 1.0, 'X': 165.669, 'Y': 124.353, 'E': 9.18189}}
DECISION : ALLOW
------------------------------------------------------------
[SEQ 331] [IEEE-BASELINE]
SCORE    : anomaly_score=0.000
DECISION : ALLOW
------------------------------------------------------------
[SEQ 332] [LAYER 0]
CMD      : G1 X164.384 Y124.378 E9.20606
TRUST    : acc_cmd=0.000 | acc_exec=0.000 | trust=0.907
DECISION : ALLOW
MACHINE  : Machine-4
------------------------------------------------------------
[SEQ 332] [STATIC-BASELINE]
CMD      : G1 | effects={'dx': -1.285000000000025, 'dy': 0.025000000000005684, 'dz': 0.0, 'de': 0.02417000000000158, 'xy_dist': 1.285243167653524, 'params': {'G': 1.0, 'X': 164.384, 'Y': 124.378, 'E': 9.20606}}
DECISION : ALLOW
------------------------------------------------------------
[SEQ 332] [IEEE-BASELINE]
SCORE    : anomaly_score=0.000
DECISION : ALLOW
------------------------------------------------------------
[SEQ 333] [LAYER 0]
CMD      : G1 X163.165 Y124.001 E9.23006
TRUST    : acc_cmd=0.000 | acc_exec=0.000 | trust=0.942
DECISION : ALLOW
MACHINE  : Machine-4
------------------------------------------------------------
[SEQ 333] [STATIC-BASELINE]
CMD      : G1 | effects={'dx': -1.218999999999994, 'dy': -0.37699999999999534, 'dz': 0.0, 'de': 0.023999999999999133, 'xy_dist': 1.2759663004954254, 'params': {'G': 1.0, 'X': 163.165, 'Y': 124.001, 'E': 9.23006}}
DECISION : ALLOW
------------------------------------------------------------
[SEQ 333] [IEEE-BASELINE]
SCORE    : anomaly_score=0.000
DECISION : ALLOW
------------------------------------------------------------
[SEQ 334] [LAYER 0]
CMD      : G1 X162.001 Y123.262 E9.256
TRUST    : acc_cmd=0.000 | acc_exec=0.000 | trust=0.964
DECISION : ALLOW
MACHINE  : Machine-4
------------------------------------------------------------
[SEQ 334] [STATIC-BASELINE]
CMD      : G1 | effects={'dx': -1.1639999999999873, 'dy': -0.7390000000000043, 'dz': 0.0, 'de': 0.025940000000000296, 'xy_dist': 1.378773730530132, 'params': {'G': 1.0, 'X': 162.001, 'Y': 123.262, 'E': 9.256}}
DECISION : ALLOW
------------------------------------------------------------
[SEQ 334] [IEEE-BASELINE]
SCORE    : anomaly_score=0.000
DECISION : ALLOW
------------------------------------------------------------
[SEQ 335] [LAYER 0]
CMD      : G1 X0.1 Y0.1 E20 F600
TRUST    : acc_cmd=1.000 | acc_exec=0.000 | trust=0.415
DECISION : PAUSE
MACHINE  : Machine-4
------------------------------------------------------------
[SEQ 335] [STATIC-BASELINE]
CMD      : G1 | effects={'dx': -161.901, 'dy': -123.162, 'dz': 0.0, 'de': 10.744, 'xy_dist': 203.42274220204584, 'params': {'G': 1.0, 'X': 0.1, 'Y': 0.1, 'E': 20.0, 'F': 600.0}}
DECISION : ALLOW
------------------------------------------------------------
[SEQ 335] [IEEE-BASELINE]
SCORE    : anomaly_score=0.000
DECISION : ALLOW
------------------------------------------------------------
[SEQ 336] [LAYER 0]
CMD      : G1 X160.647 Y120.658 E9.31217
TRUST    : acc_cmd=0.000 | acc_exec=0.644 | trust=0.252
DECISION : PAUSE
MACHINE  : Machine-4
------------------------------------------------------------
[SEQ 336] [STATIC-BASELINE]
CMD      : G1 | effects={'dx': 160.547, 'dy': 120.558, 'dz': 0.0, 'de': -10.68783, 'xy_dist': 200.77243479372362, 'params': {'G': 1.0, 'X': 160.647, 'Y': 120.658, 'E': 9.31217}}
DECISION : ALLOW
------------------------------------------------------------
[SEQ 336] [IEEE-BASELINE]
SCORE    : anomaly_score=0.000
DECISION : ALLOW
------------------------------------------------------------
[SEQ 337] [LAYER 0]
CMD      : G1 X160.626 Y119.282 E9.33805
TRUST    : acc_cmd=0.000 | acc_exec=0.000 | trust=0.288
DECISION : PAUSE
MACHINE  : Machine-4
------------------------------------------------------------
[SEQ 337] [STATIC-BASELINE]
CMD      : G1 | effects={'dx': -0.020999999999986585, 'dy': -1.3760000000000048, 'dz': 0.0, 'de': 0.02588000000000079, 'xy_dist': 1.3761602377630349, 'params': {'G': 1.0, 'X': 160.626, 'Y': 119.282, 'E': 9.33805}}
DECISION : ALLOW
------------------------------------------------------------
[SEQ 337] [IEEE-BASELINE]
SCORE    : anomaly_score=0.000
DECISION : ALLOW
------------------------------------------------------------
[SEQ 338] [LAYER 0]
CMD      : G1 X0.1 Y0.1 E20 F600
TRUST    : acc_cmd=1.000 | acc_exec=0.000 | trust=0.131
DECISION : PAUSE
MACHINE  : Machine-4
------------------------------------------------------------
[SEQ 338] [STATIC-BASELINE]
CMD      : G1 | effects={'dx': -160.526, 'dy': -119.182, 'dz': 0.0, 'de': 10.66195, 'xy_dist': 199.93235305972868, 'params': {'G': 1.0, 'X': 0.1, 'Y': 0.1, 'E': 20.0, 'F': 600.0}}
DECISION : ALLOW
------------------------------------------------------------
[SEQ 338] [IEEE-BASELINE]
SCORE    : anomaly_score=0.000
DECISION : ALLOW
------------------------------------------------------------
[SEQ 339] [LAYER 0]
CMD      : G1 X161.447 Y117.431 E9.37627
TRUST    : acc_cmd=0.000 | acc_exec=0.634 | trust=0.111
DECISION : PAUSE
MACHINE  : Machine-4
------------------------------------------------------------
[SEQ 339] [STATIC-BASELINE]
CMD      : G1 | effects={'dx': 161.347, 'dy': 117.331, 'dz': 0.0, 'de': -10.62373, 'xy_dist': 199.49791470088104, 'params': {'G': 1.0, 'X': 161.447, 'Y': 117.431, 'E': 9.37627}}
DECISION : ALLOW
------------------------------------------------------------
[SEQ 339] [IEEE-BASELINE]
SCORE    : anomaly_score=0.000
DECISION : ALLOW
------------------------------------------------------------
[SEQ 340] [LAYER 0]
CMD      : G0 F3600 X161.771 Y117.67
TRUST    : acc_cmd=0.000 | acc_exec=0.000 | trust=0.193
DECISION : PAUSE
MACHINE  : Machine-4
------------------------------------------------------------
[SEQ 340] [STATIC-BASELINE]
CMD      : G0 | effects={'dx': 0.32399999999998386, 'dy': 0.23900000000000432, 'dz': 0.0, 'de': 0.0, 'xy_dist': 0.40261271713644564, 'params': {'G': 0.0, 'F': 3600.0, 'X': 161.771, 'Y': 117.67}}
DECISION : ALLOW
------------------------------------------------------------
[SEQ 340] [IEEE-BASELINE]
SCORE    : anomaly_score=0.000
DECISION : ALLOW
------------------------------------------------------------
[SEQ 341] [LAYER 0]
CMD      : G1 F1800 X162.627 Y116.75 E9.39991
TRUST    : acc_cmd=0.000 | acc_exec=0.000 | trust=0.337
DECISION : PAUSE
MACHINE  : Machine-4
------------------------------------------------------------
[SEQ 341] [STATIC-BASELINE]
CMD      : G1 | effects={'dx': 0.856000000000023, 'dy': -0.9200000000000017, 'dz': 0.0, 'de': 0.023640000000000327, 'xy_dist': 1.2566367812538524, 'params': {'G': 1.0, 'F': 1800.0, 'X': 162.627, 'Y': 116.75, 'E': 9.39991}}
DECISION : ALLOW
------------------------------------------------------------
[SEQ 341] [IEEE-BASELINE]
SCORE    : anomaly_score=0.000
DECISION : ALLOW
------------------------------------------------------------
[SEQ 342] [LAYER 0]
CMD      : G1 X163.608 Y116.272 E9.42044
TRUST    : acc_cmd=0.000 | acc_exec=0.000 | trust=0.498
DECISION : PAUSE
MACHINE  : Machine-4
------------------------------------------------------------
[SEQ 342] [STATIC-BASELINE]
CMD      : G1 | effects={'dx': 0.9809999999999945, 'dy': -0.47799999999999443, 'dz': 0.0, 'de': 0.02052999999999905, 'xy_dist': 1.091258447848164, 'params': {'G': 1.0, 'X': 163.608, 'Y': 116.272, 'E': 9.42044}}
DECISION : ALLOW
------------------------------------------------------------
[SEQ 342] [IEEE-BASELINE]
SCORE    : anomaly_score=0.000
DECISION : ALLOW
------------------------------------------------------------
[SEQ 343] [LAYER 0]
CMD      : G1 X164.368 Y116.049 E9.43534
TRUST    : acc_cmd=0.000 | acc_exec=0.000 | trust=0.643
DECISION : ALLOW
MACHINE  : Machine-4
------------------------------------------------------------
[SEQ 343] [STATIC-BASELINE]
CMD      : G1 | effects={'dx': 0.7599999999999909, 'dy': -0.22299999999999898, 'dz': 0.0, 'de': 0.014900000000000801, 'xy_dist': 0.7920410342905131, 'params': {'G': 1.0, 'X': 164.368, 'Y': 116.049, 'E': 9.43534}}
DECISION : ALLOW
------------------------------------------------------------
[SEQ 343] [IEEE-BASELINE]
SCORE    : anomaly_score=0.000
DECISION : ALLOW
------------------------------------------------------------
[SEQ 344] [LAYER 0]
CMD      : G1 X0.1 Y0.1 E20 F600
TRUST    : acc_cmd=1.000 | acc_exec=0.000 | trust=0.283
DECISION : PAUSE
MACHINE  : Machine-4
------------------------------------------------------------
[SEQ 344] [STATIC-BASELINE]
CMD      : G1 | effects={'dx': -164.268, 'dy': -115.94900000000001, 'dz': 0.0, 'de': 10.56466, 'xy_dist': 201.067517080706, 'params': {'G': 1.0, 'X': 0.1, 'Y': 0.1, 'E': 20.0, 'F': 600.0}}
DECISION : ALLOW
------------------------------------------------------------
[SEQ 344] [IEEE-BASELINE]
SCORE    : anomaly_score=0.000
DECISION : ALLOW
------------------------------------------------------------
[SEQ 345] [LAYER 0]
CMD      : G1 X166.431 Y116.261 E9.47467
TRUST    : acc_cmd=0.000 | acc_exec=0.619 | trust=0.197
DECISION : PAUSE
MACHINE  : Machine-4
------------------------------------------------------------
[SEQ 345] [STATIC-BASELINE]
CMD      : G1 | effects={'dx': 166.33100000000002, 'dy': 116.161, 'dz': 0.0, 'de': -10.52533, 'xy_dist': 202.87774516195708, 'params': {'G': 1.0, 'X': 166.431, 'Y': 116.261, 'E': 9.47467}}
DECISION : ALLOW
------------------------------------------------------------
[SEQ 345] [IEEE-BASELINE]
SCORE    : anomaly_score=0.000
DECISION : ALLOW
------------------------------------------------------------
[SEQ 346] [LAYER 0]
CMD      : G1 X167.505 Y116.842 E9.49764
TRUST    : acc_cmd=0.000 | acc_exec=0.000 | trust=0.263
DECISION : PAUSE
MACHINE  : Machine-4
------------------------------------------------------------
[SEQ 346] [STATIC-BASELINE]
CMD      : G1 | effects={'dx': 1.0739999999999839, 'dy': 0.5810000000000031, 'dz': 0.0, 'de': 0.022970000000000823, 'xy_dist': 1.2210802594424204, 'params': {'G': 1.0, 'X': 167.505, 'Y': 116.842, 'E': 9.49764}}
DECISION : ALLOW
------------------------------------------------------------
[SEQ 346] [IEEE-BASELINE]
SCORE    : anomaly_score=0.000
DECISION : ALLOW
------------------------------------------------------------
[SEQ 347] [LAYER 0]
CMD      : G1 X168.492 Y117.992 E9.52614
TRUST    : acc_cmd=0.000 | acc_exec=0.000 | trust=0.401
DECISION : PAUSE
MACHINE  : Machine-4
------------------------------------------------------------
[SEQ 347] [STATIC-BASELINE]
CMD      : G1 | effects={'dx': 0.9869999999999948, 'dy': 1.1500000000000057, 'dz': 0.0, 'de': 0.028499999999999304, 'xy_dist': 1.515476492724319, 'params': {'G': 1.0, 'X': 168.492, 'Y': 117.992, 'E': 9.52614}}
DECISION : ALLOW
------------------------------------------------------------
[SEQ 347] [IEEE-BASELINE]
SCORE    : anomaly_score=0.000
DECISION : ALLOW
------------------------------------------------------------
[SEQ 348] [LAYER 0]
CMD      : G1 X0.1 Y0.1 E20 F600
TRUST    : acc_cmd=1.000 | acc_exec=0.000 | trust=0.180
DECISION : PAUSE
MACHINE  : Machine-4
------------------------------------------------------------
[SEQ 348] [STATIC-BASELINE]
CMD      : G1 | effects={'dx': -168.392, 'dy': -117.89200000000001, 'dz': 0.0, 'de': 10.47386, 'xy_dist': 205.55872476740072, 'params': {'G': 1.0, 'X': 0.1, 'Y': 0.1, 'E': 20.0, 'F': 600.0}}
DECISION : ALLOW
------------------------------------------------------------
[SEQ 348] [IEEE-BASELINE]
SCORE    : anomaly_score=0.000
DECISION : ALLOW
------------------------------------------------------------
[SEQ 349] [LAYER 0]
CMD      : G1 X168.955 Y120.654 E9.57775
TRUST    : acc_cmd=0.000 | acc_exec=0.603 | trust=0.148
DECISION : PAUSE
MACHINE  : Machine-4
------------------------------------------------------------
[SEQ 349] [STATIC-BASELINE]
CMD      : G1 | effects={'dx': 168.85500000000002, 'dy': 120.554, 'dz': 0.0, 'de': -10.42225, 'xy_dist': 207.47355961905123, 'params': {'G': 1.0, 'X': 168.955, 'Y': 120.654, 'E': 9.57775}}
DECISION : ALLOW
------------------------------------------------------------
[SEQ 349] [IEEE-BASELINE]
SCORE    : anomaly_score=0.000
DECISION : ALLOW
------------------------------------------------------------
[SEQ 350] [LAYER 0]
CMD      : G1 X0.1 Y0.1 E20 F600
TRUST    : acc_cmd=1.000 | acc_exec=0.000 | trust=0.068
DECISION : PAUSE
MACHINE  : Machine-4
------------------------------------------------------------
[SEQ 350] [STATIC-BASELINE]
CMD      : G1 | effects={'dx': -168.85500000000002, 'dy': -120.554, 'dz': 0.0, 'de': 10.42225, 'xy_dist': 207.47355961905123, 'params': {'G': 1.0, 'X': 0.1, 'Y': 0.1, 'E': 20.0, 'F': 600.0}}
DECISION : ALLOW
------------------------------------------------------------
[SEQ 350] [IEEE-BASELINE]
SCORE    : anomaly_score=0.000
DECISION : ALLOW
------------------------------------------------------------
[SEQ 351] [LAYER 0]
CMD      : G1 X168.052 Y122.591 E9.61832
TRUST    : acc_cmd=0.000 | acc_exec=0.597 | trust=0.075
DECISION : PAUSE
MACHINE  : Machine-4
------------------------------------------------------------
[SEQ 351] [STATIC-BASELINE]
CMD      : G1 | effects={'dx': 167.952, 'dy': 122.491, 'dz': 0.0, 'de': -10.38168, 'xy_dist': 207.87476851460352, 'params': {'G': 1.0, 'X': 168.052, 'Y': 122.591, 'E': 9.61832}}
DECISION : ALLOW
------------------------------------------------------------
[SEQ 351] [IEEE-BASELINE]
SCORE    : anomaly_score=0.000
DECISION : ALLOW
------------------------------------------------------------
[SEQ 352] [LAYER 0]
CMD      : G1 X167.211 Y123.317 E9.63921
TRUST    : acc_cmd=0.000 | acc_exec=0.000 | trust=0.161
DECISION : PAUSE
MACHINE  : Machine-4
------------------------------------------------------------
[SEQ 352] [STATIC-BASELINE]
CMD      : G1 | effects={'dx': -0.8409999999999798, 'dy': 0.7259999999999991, 'dz': 0.0, 'de': 0.02088999999999963, 'xy_dist': 1.1110162015020144, 'params': {'G': 1.0, 'X': 167.211, 'Y': 123.317, 'E': 9.63921}}
DECISION : ALLOW
------------------------------------------------------------
[SEQ 352] [IEEE-BASELINE]
SCORE    : anomaly_score=0.000
DECISION : ALLOW
------------------------------------------------------------
[SEQ 353] [LAYER 0]
CMD      : G1 X166.569 Y123.675 E9.65304
TRUST    : acc_cmd=0.000 | acc_exec=0.000 | trust=0.305
DECISION : PAUSE
MACHINE  : Machine-4
------------------------------------------------------------
[SEQ 353] [STATIC-BASELINE]
CMD      : G1 | effects={'dx': -0.6420000000000243, 'dy': 0.3580000000000041, 'dz': 0.0, 'de': 0.013830000000000453, 'xy_dist': 0.7350700646877372, 'params': {'G': 1.0, 'X': 166.569, 'Y': 123.675, 'E': 9.65304}}
DECISION : ALLOW
------------------------------------------------------------
[SEQ 353] [IEEE-BASELINE]
SCORE    : anomaly_score=0.000
DECISION : ALLOW
------------------------------------------------------------
[SEQ 354] [LAYER 0]
CMD      : G1 X0.1 Y0.1 E20 F600
TRUST    : acc_cmd=1.000 | acc_exec=0.000 | trust=0.139
DECISION : PAUSE
MACHINE  : Machine-4
------------------------------------------------------------
[SEQ 354] [STATIC-BASELINE]
CMD      : G1 | effects={'dx': -166.469, 'dy': -123.575, 'dz': 0.0, 'de': 10.34696, 'xy_dist': 207.3227160395117, 'params': {'G': 1.0, 'X': 0.1, 'Y': 0.1, 'E': 20.0, 'F': 600.0}}
DECISION : ALLOW
------------------------------------------------------------
[SEQ 354] [IEEE-BASELINE]
SCORE    : anomaly_score=0.000
DECISION : ALLOW
------------------------------------------------------------
[SEQ 355] [LAYER 0]
CMD      : G1 X164.44 Y123.977 E9.69384
TRUST    : acc_cmd=0.000 | acc_exec=0.586 | trust=0.127
DECISION : PAUSE
MACHINE  : Machine-4
------------------------------------------------------------
[SEQ 355] [STATIC-BASELINE]
CMD      : G1 | effects={'dx': 164.34, 'dy': 123.87700000000001, 'dz': 0.0, 'de': -10.30616, 'xy_dist': 205.79880157328418, 'params': {'G': 1.0, 'X': 164.44, 'Y': 123.977, 'E': 9.69384}}
DECISION : ALLOW
------------------------------------------------------------
[SEQ 355] [IEEE-BASELINE]
SCORE    : anomaly_score=0.000
DECISION : ALLOW
------------------------------------------------------------
[SEQ 356] [LAYER 0]
CMD      : G1 X0.1 Y0.1 E20 F600
TRUST    : acc_cmd=1.000 | acc_exec=0.000 | trust=0.059
DECISION : PAUSE
MACHINE  : Machine-4
------------------------------------------------------------
[SEQ 356] [STATIC-BASELINE]
CMD      : G1 | effects={'dx': -164.34, 'dy': -123.87700000000001, 'dz': 0.0, 'de': 10.30616, 'xy_dist': 205.79880157328418, 'params': {'G': 1.0, 'X': 0.1, 'Y': 0.1, 'E': 20.0, 'F': 600.0}}
DECISION : ALLOW
------------------------------------------------------------
[SEQ 356] [IEEE-BASELINE]
SCORE    : anomaly_score=0.000
DECISION : ALLOW
------------------------------------------------------------
[SEQ 357] [LAYER 0]
CMD      : G1 X0.1 Y0.1 E20 F600
TRUST    : acc_cmd=1.000 | acc_exec=0.000 | trust=0.026
DECISION : PAUSE
MACHINE  : Machine-4
------------------------------------------------------------
[SEQ 357] [STATIC-BASELINE]
CMD      : G1 | effects={'dx': 0.0, 'dy': 0.0, 'dz': 0.0, 'de': 0.0, 'xy_dist': 0.0, 'params': {'G': 1.0, 'X': 0.1, 'Y': 0.1, 'E': 20.0, 'F': 600.0}}
DECISION : ALLOW
------------------------------------------------------------
[SEQ 357] [IEEE-BASELINE]
SCORE    : anomaly_score=0.000
DECISION : ALLOW
------------------------------------------------------------
[SEQ 358] [LAYER 0]
CMD      : G1 X161.379 Y121.777 E9.76716
TRUST    : acc_cmd=0.000 | acc_exec=0.574 | trust=0.032
DECISION : PAUSE
MACHINE  : Machine-4
------------------------------------------------------------
[SEQ 358] [STATIC-BASELINE]
CMD      : G1 | effects={'dx': 161.279, 'dy': 121.677, 'dz': 0.0, 'de': -10.23284, 'xy_dist': 202.03021598265937, 'params': {'G': 1.0, 'X': 161.379, 'Y': 121.777, 'E': 9.76716}}
DECISION : ALLOW
------------------------------------------------------------
[SEQ 358] [IEEE-BASELINE]
SCORE    : anomaly_score=0.000
DECISION : ALLOW
------------------------------------------------------------
[SEQ 359] [LAYER 0]
CMD      : G1 X161.046 Y120.599 E9.79019
TRUST    : acc_cmd=0.000 | acc_exec=0.000 | trust=0.094
DECISION : PAUSE
MACHINE  : Machine-4
------------------------------------------------------------
[SEQ 359] [STATIC-BASELINE]
CMD      : G1 | effects={'dx': -0.3329999999999984, 'dy': -1.1779999999999973, 'dz': 0.0, 'de': 0.023030000000000328, 'xy_dist': 1.2241621624605101, 'params': {'G': 1.0, 'X': 161.046, 'Y': 120.599, 'E': 9.79019}}
DECISION : ALLOW
------------------------------------------------------------
[SEQ 359] [IEEE-BASELINE]
SCORE    : anomaly_score=0.000
DECISION : ALLOW
------------------------------------------------------------
[SEQ 360] [LAYER 0]
CMD      : G1 X161.027 Y119.35 E9.81368
TRUST    : acc_cmd=0.000 | acc_exec=0.000 | trust=0.218
DECISION : PAUSE
MACHINE  : Machine-4
------------------------------------------------------------
[SEQ 360] [STATIC-BASELINE]
CMD      : G1 | effects={'dx': -0.019000000000005457, 'dy': -1.2490000000000094, 'dz': 0.0, 'de': 0.0234899999999989, 'xy_dist': 1.2491445072528733, 'params': {'G': 1.0, 'X': 161.027, 'Y': 119.35, 'E': 9.81368}}
DECISION : ALLOW
------------------------------------------------------------
[SEQ 360] [IEEE-BASELINE]
SCORE    : anomaly_score=0.000
DECISION : ALLOW
------------------------------------------------------------
[SEQ 361] [LAYER 0]
CMD      : G1 X161.415 Y118.285 E9.835
TRUST    : acc_cmd=0.000 | acc_exec=0.000 | trust=0.379
DECISION : PAUSE
MACHINE  : Machine-4
------------------------------------------------------------
[SEQ 361] [STATIC-BASELINE]
CMD      : G1 | effects={'dx': 0.38800000000000523, 'dy': -1.0649999999999977, 'dz': 0.0, 'de': 0.021320000000001116, 'xy_dist': 1.133476510563849, 'params': {'G': 1.0, 'X': 161.415, 'Y': 118.285, 'E': 9.835}}
DECISION : ALLOW
------------------------------------------------------------
[SEQ 361] [IEEE-BASELINE]
SCORE    : anomaly_score=0.000
DECISION : ALLOW
------------------------------------------------------------
[SEQ 362] [LAYER 0]
CMD      : G1 X161.771 Y117.67 E9.84837
TRUST    : acc_cmd=0.000 | acc_exec=0.000 | trust=0.541
DECISION : ALLOW
MACHINE  : Machine-4
------------------------------------------------------------
[SEQ 362] [STATIC-BASELINE]
CMD      : G1 | effects={'dx': 0.35599999999999454, 'dy': -0.6149999999999949, 'dz': 0.0, 'de': 0.013369999999998328, 'xy_dist': 0.7106060793435346, 'params': {'G': 1.0, 'X': 161.771, 'Y': 117.67, 'E': 9.84837}}
DECISION : ALLOW
------------------------------------------------------------
[SEQ 362] [IEEE-BASELINE]
SCORE    : anomaly_score=0.000
DECISION : ALLOW
------------------------------------------------------------
[SEQ 363] [LAYER 0]
CMD      : G1 X0.1 Y0.1 E20 F600
TRUST    : acc_cmd=1.000 | acc_exec=0.000 | trust=0.239
DECISION : PAUSE
MACHINE  : Machine-4
------------------------------------------------------------
[SEQ 363] [STATIC-BASELINE]
CMD      : G1 | effects={'dx': -161.671, 'dy': -117.57000000000001, 'dz': 0.0, 'de': 10.15163, 'xy_dist': 199.90051811088435, 'params': {'G': 1.0, 'X': 0.1, 'Y': 0.1, 'E': 20.0, 'F': 600.0}}
DECISION : ALLOW
------------------------------------------------------------
[SEQ 363] [IEEE-BASELINE]
SCORE    : anomaly_score=0.000
DECISION : ALLOW
------------------------------------------------------------
[SEQ 364] [LAYER 0]
CMD      : G1 F1800 X162.868 Y117.078 E9.86972
TRUST    : acc_cmd=0.000 | acc_exec=0.559 | trust=0.181
DECISION : PAUSE
MACHINE  : Machine-4
------------------------------------------------------------
[SEQ 364] [STATIC-BASELINE]
CMD      : G1 | effects={'dx': 162.768, 'dy': 116.97800000000001, 'dz': 0.0, 'de': -10.13028, 'xy_dist': 200.44269582102513, 'params': {'G': 1.0, 'F': 1800.0, 'X': 162.868, 'Y': 117.078, 'E': 9.86972}}
DECISION : ALLOW
------------------------------------------------------------
[SEQ 364] [IEEE-BASELINE]
SCORE    : anomaly_score=0.000
DECISION : ALLOW
------------------------------------------------------------
[SEQ 365] [LAYER 0]
CMD      : G1 X163.783 Y116.632 E9.88887
TRUST    : acc_cmd=0.000 | acc_exec=0.000 | trust=0.258
DECISION : PAUSE
MACHINE  : Machine-4
------------------------------------------------------------
[SEQ 365] [STATIC-BASELINE]
CMD      : G1 | effects={'dx': 0.914999999999992, 'dy': -0.44599999999999795, 'dz': 0.0, 'de': 0.019150000000001555, 'xy_dist': 1.0179101139098596, 'params': {'G': 1.0, 'X': 163.783, 'Y': 116.632, 'E': 9.88887}}
DECISION : ALLOW
------------------------------------------------------------
[SEQ 365] [IEEE-BASELINE]
SCORE    : anomaly_score=0.000
DECISION : ALLOW
------------------------------------------------------------
[SEQ 366] [LAYER 0]
CMD      : G1 X164.43 Y116.448 E9.90152
TRUST    : acc_cmd=0.000 | acc_exec=0.000 | trust=0.400
DECISION : PAUSE
MACHINE  : Machine-4
------------------------------------------------------------
[SEQ 366] [STATIC-BASELINE]
CMD      : G1 | effects={'dx': 0.6470000000000198, 'dy': -0.1840000000000117, 'dz': 0.0, 'de': 0.01264999999999894, 'xy_dist': 0.6726551865555115, 'params': {'G': 1.0, 'X': 164.43, 'Y': 116.448, 'E': 9.90152}}
DECISION : ALLOW
------------------------------------------------------------
[SEQ 366] [IEEE-BASELINE]
SCORE    : anomaly_score=0.000
DECISION : ALLOW
------------------------------------------------------------
[SEQ 367] [LAYER 0]
CMD      : G1 X165.382 Y116.425 E9.91943
TRUST    : acc_cmd=0.000 | acc_exec=0.000 | trust=0.553
DECISION : ALLOW
MACHINE  : Machine-4
------------------------------------------------------------
[SEQ 367] [STATIC-BASELINE]
CMD      : G1 | effects={'dx': 0.9519999999999982, 'dy': -0.022999999999996135, 'dz': 0.0, 'de': 0.017910000000000537, 'xy_dist': 0.9522777956037809, 'params': {'G': 1.0, 'X': 165.382, 'Y': 116.425, 'E': 9.91943}}
DECISION : ALLOW
------------------------------------------------------------
[SEQ 367] [IEEE-BASELINE]
SCORE    : anomaly_score=0.000
DECISION : ALLOW
------------------------------------------------------------
[SEQ 368] [LAYER 0]
CMD      : G1 X166.287 Y116.638 E9.93692
TRUST    : acc_cmd=0.000 | acc_exec=0.000 | trust=0.687
DECISION : ALLOW
MACHINE  : Machine-4
------------------------------------------------------------
[SEQ 368] [STATIC-BASELINE]
CMD      : G1 | effects={'dx': 0.9050000000000011, 'dy': 0.21300000000000807, 'dz': 0.0, 'de': 0.01749000000000045, 'xy_dist': 0.9297279171886824, 'params': {'G': 1.0, 'X': 166.287, 'Y': 116.638, 'E': 9.93692}}
DECISION : ALLOW
------------------------------------------------------------
[SEQ 368] [IEEE-BASELINE]
SCORE    : anomaly_score=0.000
DECISION : ALLOW
------------------------------------------------------------
[SEQ 369] [LAYER 0]
CMD      : G1 X0.1 Y0.1 E20 F600
TRUST    : acc_cmd=1.000 | acc_exec=0.000 | trust=0.300
DECISION : PAUSE
MACHINE  : Machine-4
------------------------------------------------------------
[SEQ 369] [STATIC-BASELINE]
CMD      : G1 | effects={'dx': -166.187, 'dy': -116.53800000000001, 'dz': 0.0, 'de': 10.06308, 'xy_dist': 202.9759207714058, 'params': {'G': 1.0, 'X': 0.1, 'Y': 0.1, 'E': 20.0, 'F': 600.0}}
DECISION : ALLOW
------------------------------------------------------------
[SEQ 369] [IEEE-BASELINE]
SCORE    : anomaly_score=0.000
DECISION : ALLOW
------------------------------------------------------------
[SEQ 370] [LAYER 0]
CMD      : G1 X168.139 Y118.195 E9.9832
TRUST    : acc_cmd=0.000 | acc_exec=0.541 | trust=0.211
DECISION : PAUSE
MACHINE  : Machine-4
------------------------------------------------------------
[SEQ 370] [STATIC-BASELINE]
CMD      : G1 | effects={'dx': 168.03900000000002, 'dy': 118.095, 'dz': 0.0, 'de': -10.0168, 'xy_dist': 205.38630564377948, 'params': {'G': 1.0, 'X': 168.139, 'Y': 118.195, 'E': 9.9832}}
DECISION : ALLOW
------------------------------------------------------------
[SEQ 370] [IEEE-BASELINE]
SCORE    : anomaly_score=0.000
DECISION : ALLOW
------------------------------------------------------------
[SEQ 371] [LAYER 0]
CMD      : G1 X168.577 Y119.468 E10.00852
TRUST    : acc_cmd=0.000 | acc_exec=0.000 | trust=0.277
DECISION : PAUSE
MACHINE  : Machine-4
------------------------------------------------------------
[SEQ 371] [STATIC-BASELINE]
CMD      : G1 | effects={'dx': 0.4379999999999882, 'dy': 1.2730000000000103, 'dz': 0.0, 'de': 0.025320000000000675, 'xy_dist': 1.346244034341477, 'params': {'G': 1.0, 'X': 168.577, 'Y': 119.468, 'E': 10.00852}}
DECISION : ALLOW
------------------------------------------------------------
[SEQ 371] [IEEE-BASELINE]
SCORE    : anomaly_score=0.000
DECISION : ALLOW
------------------------------------------------------------
[SEQ 372] [LAYER 0]
CMD      : G1 X0.1 Y0.1 E20 F600
TRUST    : acc_cmd=1.000 | acc_exec=0.000 | trust=0.126
DECISION : PAUSE
MACHINE  : Machine-4
------------------------------------------------------------
[SEQ 372] [STATIC-BASELINE]
CMD      : G1 | effects={'dx': -168.477, 'dy': -119.36800000000001, 'dz': 0.0, 'de': 9.99148, 'xy_dist': 206.47813190020875, 'params': {'G': 1.0, 'X': 0.1, 'Y': 0.1, 'E': 20.0, 'F': 600.0}}
DECISION : ALLOW
------------------------------------------------------------
[SEQ 372] [IEEE-BASELINE]
SCORE    : anomaly_score=0.000
DECISION : ALLOW
------------------------------------------------------------
[SEQ 373] [LAYER 0]
CMD      : G1 X168.269 Y121.512 E10.04779
TRUST    : acc_cmd=0.000 | acc_exec=0.531 | trust=0.116
DECISION : PAUSE
MACHINE  : Machine-4
------------------------------------------------------------
[SEQ 373] [STATIC-BASELINE]
CMD      : G1 | effects={'dx': 168.169, 'dy': 121.412, 'dz': 0.0, 'de': -9.95221, 'xy_dist': 207.41669726663764, 'params': {'G': 1.0, 'X': 168.269, 'Y': 121.512, 'E': 10.04779}}
DECISION : ALLOW
------------------------------------------------------------
[SEQ 373] [IEEE-BASELINE]
SCORE    : anomaly_score=0.000
DECISION : ALLOW
------------------------------------------------------------
[SEQ 374] [LAYER 0]
CMD      : G1 X167.746 Y122.327 E10.06601
TRUST    : acc_cmd=0.000 | acc_exec=0.000 | trust=0.206
DECISION : PAUSE
MACHINE  : Machine-4
------------------------------------------------------------
[SEQ 374] [STATIC-BASELINE]
CMD      : G1 | effects={'dx': -0.5229999999999961, 'dy': 0.8149999999999977, 'dz': 0.0, 'de': 0.01821999999999946, 'xy_dist': 0.9683769927047999, 'params': {'G': 1.0, 'X': 167.746, 'Y': 122.327, 'E': 10.06601}}
DECISION : ALLOW
------------------------------------------------------------
[SEQ 374] [IEEE-BASELINE]
SCORE    : anomaly_score=0.000
DECISION : ALLOW
------------------------------------------------------------
[SEQ 375] [LAYER 0]
CMD      : G1 X166.98 Y122.988 E10.08504
TRUST    : acc_cmd=0.000 | acc_exec=0.000 | trust=0.353
DECISION : PAUSE
MACHINE  : Machine-4
------------------------------------------------------------
[SEQ 375] [STATIC-BASELINE]
CMD      : G1 | effects={'dx': -0.7660000000000196, 'dy': 0.6610000000000014, 'dz': 0.0, 'de': 0.019029999999998992, 'xy_dist': 1.0117692424659053, 'params': {'G': 1.0, 'X': 166.98, 'Y': 122.988, 'E': 10.08504}}
DECISION : ALLOW
------------------------------------------------------------
[SEQ 375] [IEEE-BASELINE]
SCORE    : anomaly_score=0.000
DECISION : ALLOW
------------------------------------------------------------
[SEQ 376] [LAYER 0]
CMD      : G1 X166.415 Y123.303 E10.09721
TRUST    : acc_cmd=0.000 | acc_exec=0.000 | trust=0.514
DECISION : ALLOW
MACHINE  : Machine-4
------------------------------------------------------------
[SEQ 376] [STATIC-BASELINE]
CMD      : G1 | effects={'dx': -0.5649999999999977, 'dy': 0.3149999999999977, 'dz': 0.0, 'de': 0.012170000000001124, 'xy_dist': 0.6468771135231142, 'params': {'G': 1.0, 'X': 166.415, 'Y': 123.303, 'E': 10.09721}}
DECISION : ALLOW
------------------------------------------------------------
[SEQ 376] [IEEE-BASELINE]
SCORE    : anomaly_score=0.000
DECISION : ALLOW
------------------------------------------------------------
[SEQ 377] [LAYER 0]
CMD      : G1 X0.1 Y0.1 E20 F600
TRUST    : acc_cmd=1.000 | acc_exec=0.000 | trust=0.228
DECISION : PAUSE
MACHINE  : Machine-4
------------------------------------------------------------
[SEQ 377] [STATIC-BASELINE]
CMD      : G1 | effects={'dx': -166.315, 'dy': -123.203, 'dz': 0.0, 'de': 9.90279, 'xy_dist': 206.97743460097286, 'params': {'G': 1.0, 'X': 0.1, 'Y': 0.1, 'E': 20.0, 'F': 600.0}}
DECISION : ALLOW
------------------------------------------------------------
[SEQ 377] [IEEE-BASELINE]
SCORE    : anomaly_score=0.000
DECISION : ALLOW
------------------------------------------------------------
[SEQ 378] [LAYER 0]
CMD      : G1 X164.496 Y123.576 E10.13398
TRUST    : acc_cmd=0.000 | acc_exec=0.518 | trust=0.175
DECISION : PAUSE
MACHINE  : Machine-4
------------------------------------------------------------
[SEQ 378] [STATIC-BASELINE]
CMD      : G1 | effects={'dx': 164.39600000000002, 'dy': 123.476, 'dz': 0.0, 'de': -9.86602, 'xy_dist': 205.60244986867255, 'params': {'G': 1.0, 'X': 164.496, 'Y': 123.576, 'E': 10.13398}}
DECISION : ALLOW
------------------------------------------------------------
[SEQ 378] [IEEE-BASELINE]
SCORE    : anomaly_score=0.000
DECISION : ALLOW
------------------------------------------------------------
[SEQ 379] [LAYER 0]
CMD      : G1 X0.1 Y0.1 E20 F600
TRUST    : acc_cmd=1.000 | acc_exec=0.000 | trust=0.079
DECISION : PAUSE
MACHINE  : Machine-4
------------------------------------------------------------
[SEQ 379] [STATIC-BASELINE]
CMD      : G1 | effects={'dx': -164.39600000000002, 'dy': -123.476, 'dz': 0.0, 'de': 9.86602, 'xy_dist': 205.60244986867255, 'params': {'G': 1.0, 'X': 0.1, 'Y': 0.1, 'E': 20.0, 'F': 600.0}}
DECISION : ALLOW
------------------------------------------------------------
[SEQ 379] [IEEE-BASELINE]
SCORE    : anomaly_score=0.000
DECISION : ALLOW
------------------------------------------------------------
[SEQ 380] [LAYER 0]
CMD      : G1 X162.552 Y122.663 E10.17475
TRUST    : acc_cmd=0.000 | acc_exec=0.512 | trust=0.080
DECISION : PAUSE
MACHINE  : Machine-4
------------------------------------------------------------
[SEQ 380] [STATIC-BASELINE]
CMD      : G1 | effects={'dx': 162.452, 'dy': 122.563, 'dz': 0.0, 'de': -9.82525, 'xy_dist': 203.50022425786167, 'params': {'G': 1.0, 'X': 162.552, 'Y': 122.663, 'E': 10.17475}}
DECISION : ALLOW
------------------------------------------------------------
[SEQ 380] [IEEE-BASELINE]
SCORE    : anomaly_score=0.000
DECISION : ALLOW
------------------------------------------------------------
[SEQ 381] [LAYER 0]
CMD      : G1 X161.743 Y121.595 E10.19995
TRUST    : acc_cmd=0.000 | acc_exec=0.000 | trust=0.165
DECISION : PAUSE
MACHINE  : Machine-4
------------------------------------------------------------
[SEQ 381] [STATIC-BASELINE]
CMD      : G1 | effects={'dx': -0.8089999999999975, 'dy': -1.0679999999999978, 'dz': 0.0, 'de': 0.02519999999999989, 'xy_dist': 1.3398152857763608, 'params': {'G': 1.0, 'X': 161.743, 'Y': 121.595, 'E': 10.19995}}
DECISION : ALLOW
------------------------------------------------------------
[SEQ 381] [IEEE-BASELINE]
SCORE    : anomaly_score=0.000
DECISION : ALLOW
------------------------------------------------------------
[SEQ 382] [LAYER 0]
CMD      : G1 X161.445 Y120.54 E10.22057
TRUST    : acc_cmd=0.000 | acc_exec=0.000 | trust=0.309
DECISION : PAUSE
MACHINE  : Machine-4
------------------------------------------------------------
[SEQ 382] [STATIC-BASELINE]
CMD      : G1 | effects={'dx': -0.2980000000000018, 'dy': -1.0549999999999926, 'dz': 0.0, 'de': 0.02062000000000097, 'xy_dist': 1.0962796176158642, 'params': {'G': 1.0, 'X': 161.445, 'Y': 120.54, 'E': 10.22057}}
DECISION : ALLOW
------------------------------------------------------------
[SEQ 382] [IEEE-BASELINE]
SCORE    : anomaly_score=0.000
DECISION : ALLOW
------------------------------------------------------------
[SEQ 383] [LAYER 0]
CMD      : G1 X161.428 Y119.418 E10.24168
TRUST    : acc_cmd=0.000 | acc_exec=0.000 | trust=0.473
DECISION : PAUSE
MACHINE  : Machine-4
------------------------------------------------------------
[SEQ 383] [STATIC-BASELINE]
CMD      : G1 | effects={'dx': -0.016999999999995907, 'dy': -1.1219999999999999, 'dz': 0.0, 'de': 0.021110000000000184, 'xy_dist': 1.1221287804882287, 'params': {'G': 1.0, 'X': 161.428, 'Y': 119.418, 'E': 10.24168}}
DECISION : ALLOW
------------------------------------------------------------
[SEQ 383] [IEEE-BASELINE]
SCORE    : anomaly_score=0.000
DECISION : ALLOW
------------------------------------------------------------
[SEQ 384] [LAYER 0]
CMD      : G1 X161.791 Y118.422 E10.26162
TRUST    : acc_cmd=0.000 | acc_exec=0.000 | trust=0.622
DECISION : ALLOW
MACHINE  : Machine-4
------------------------------------------------------------
[SEQ 384] [STATIC-BASELINE]
CMD      : G1 | effects={'dx': 0.36299999999999955, 'dy': -0.9960000000000093, 'dz': 0.0, 'de': 0.01994000000000007, 'xy_dist': 1.0600872605592515, 'params': {'G': 1.0, 'X': 161.791, 'Y': 118.422, 'E': 10.26162}}
DECISION : ALLOW
------------------------------------------------------------
[SEQ 384] [IEEE-BASELINE]
SCORE    : anomaly_score=0.000
DECISION : ALLOW
------------------------------------------------------------
[SEQ 385] [LAYER 0]
CMD      : G1 X0.1 Y0.1 E20 F600
TRUST    : acc_cmd=1.000 | acc_exec=0.000 | trust=0.274
DECISION : PAUSE
MACHINE  : Machine-4
------------------------------------------------------------
[SEQ 385] [STATIC-BASELINE]
CMD      : G1 | effects={'dx': -161.691, 'dy': -118.322, 'dz': 0.0, 'de': 9.73838, 'xy_dist': 200.35986415697133, 'params': {'G': 1.0, 'X': 0.1, 'Y': 0.1, 'E': 20.0, 'F': 600.0}}
DECISION : ALLOW
------------------------------------------------------------
[SEQ 385] [IEEE-BASELINE]
SCORE    : anomaly_score=0.000
DECISION : ALLOW
------------------------------------------------------------
[SEQ 386] [LAYER 0]
CMD      : G0 F3600 X162.416 Y118.151
TRUST    : acc_cmd=0.000 | acc_exec=0.000 | trust=0.198
DECISION : PAUSE
MACHINE  : Machine-4
------------------------------------------------------------
[SEQ 386] [STATIC-BASELINE]
CMD      : G0 | effects={'dx': 162.316, 'dy': 118.051, 'dz': 0.0, 'de': 0.0, 'xy_dist': 200.70506335665775, 'params': {'G': 0.0, 'F': 3600.0, 'X': 162.416, 'Y': 118.151}}
DECISION : ALLOW
------------------------------------------------------------
[SEQ 386] [IEEE-BASELINE]
SCORE    : anomaly_score=0.000
DECISION : ALLOW
------------------------------------------------------------
[SEQ 387] [LAYER 0]
CMD      : G1 F1800 X163.109 Y117.406 E10.29198
TRUST    : acc_cmd=0.000 | acc_exec=0.494 | trust=0.208
DECISION : PAUSE
MACHINE  : Machine-4
------------------------------------------------------------
[SEQ 387] [STATIC-BASELINE]
CMD      : G1 | effects={'dx': 0.693000000000012, 'dy': -0.7449999999999903, 'dz': 0.0, 'de': -9.70802, 'xy_dist': 1.017484152210737, 'params': {'G': 1.0, 'F': 1800.0, 'X': 163.109, 'Y': 117.406, 'E': 10.29198}}
DECISION : ALLOW
------------------------------------------------------------
[SEQ 387] [IEEE-BASELINE]
SCORE    : anomaly_score=0.000
DECISION : ALLOW
------------------------------------------------------------
[SEQ 388] [LAYER 0]
CMD      : G1 X163.958 Y116.992 E10.30974
TRUST    : acc_cmd=0.000 | acc_exec=0.000 | trust=0.321
DECISION : PAUSE
MACHINE  : Machine-4
------------------------------------------------------------
[SEQ 388] [STATIC-BASELINE]
CMD      : G1 | effects={'dx': 0.8489999999999895, 'dy': -0.4140000000000015, 'dz': 0.0, 'de': 0.01775999999999911, 'xy_dist': 0.9445618031658826, 'params': {'G': 1.0, 'X': 163.958, 'Y': 116.992, 'E': 10.30974}}
DECISION : ALLOW
------------------------------------------------------------
[SEQ 388] [IEEE-BASELINE]
SCORE    : anomaly_score=0.000
DECISION : ALLOW
------------------------------------------------------------
[SEQ 389] [LAYER 0]
CMD      : G1 X164.49 Y116.847 E10.32012
TRUST    : acc_cmd=0.000 | acc_exec=0.000 | trust=0.473
DECISION : PAUSE
MACHINE  : Machine-4
------------------------------------------------------------
[SEQ 389] [STATIC-BASELINE]
CMD      : G1 | effects={'dx': 0.5320000000000107, 'dy': -0.14500000000001023, 'dz': 0.0, 'de': 0.010379999999999612, 'xy_dist': 0.5514063837135134, 'params': {'G': 1.0, 'X': 164.49, 'Y': 116.847, 'E': 10.32012}}
DECISION : ALLOW
------------------------------------------------------------
[SEQ 389] [IEEE-BASELINE]
SCORE    : anomaly_score=0.000
DECISION : ALLOW
------------------------------------------------------------
[SEQ 390] [LAYER 0]
CMD      : G1 X165.342 Y116.826 E10.33615
TRUST    : acc_cmd=0.000 | acc_exec=0.000 | trust=0.619
DECISION : ALLOW
MACHINE  : Machine-4
------------------------------------------------------------
[SEQ 390] [STATIC-BASELINE]
CMD      : G1 | effects={'dx': 0.8520000000000039, 'dy': -0.021000000000000796, 'dz': 0.0, 'de': 0.016030000000000655, 'xy_dist': 0.8522587635219755, 'params': {'G': 1.0, 'X': 165.342, 'Y': 116.826, 'E': 10.33615}}
DECISION : ALLOW
------------------------------------------------------------
[SEQ 390] [IEEE-BASELINE]
SCORE    : anomaly_score=0.000
DECISION : ALLOW
------------------------------------------------------------
[SEQ 391] [LAYER 0]
CMD      : G1 X0.1 Y0.1 E20 F600
TRUST    : acc_cmd=1.000 | acc_exec=0.000 | trust=0.273
DECISION : PAUSE
MACHINE  : Machine-4
------------------------------------------------------------
[SEQ 391] [STATIC-BASELINE]
CMD      : G1 | effects={'dx': -165.24200000000002, 'dy': -116.726, 'dz': 0.0, 'de': 9.66385, 'xy_dist': 202.31133838715024, 'params': {'G': 1.0, 'X': 0.1, 'Y': 0.1, 'E': 20.0, 'F': 600.0}}
DECISION : ALLOW
------------------------------------------------------------
[SEQ 391] [IEEE-BASELINE]
SCORE    : anomaly_score=0.000
DECISION : ALLOW
------------------------------------------------------------
[SEQ 392] [LAYER 0]
CMD      : G1 X166.995 Y117.476 E10.36985
TRUST    : acc_cmd=0.000 | acc_exec=0.482 | trust=0.200
DECISION : PAUSE
MACHINE  : Machine-4
------------------------------------------------------------
[SEQ 392] [STATIC-BASELINE]
CMD      : G1 | effects={'dx': 166.895, 'dy': 117.376, 'dz': 0.0, 'de': -9.63015, 'xy_dist': 204.03692411178915, 'params': {'G': 1.0, 'X': 166.995, 'Y': 117.476, 'E': 10.36985}}
DECISION : ALLOW
------------------------------------------------------------
[SEQ 392] [IEEE-BASELINE]
SCORE    : anomaly_score=0.000
DECISION : ALLOW
------------------------------------------------------------
[SEQ 393] [LAYER 0]
CMD      : G1 X167.786 Y118.398 E10.3927
TRUST    : acc_cmd=0.000 | acc_exec=0.000 | trust=0.273
DECISION : PAUSE
MACHINE  : Machine-4
------------------------------------------------------------
[SEQ 393] [STATIC-BASELINE]
CMD      : G1 | effects={'dx': 0.7909999999999968, 'dy': 0.921999999999997, 'dz': 0.0, 'de': 0.022850000000000037, 'xy_dist': 1.2148106848394071, 'params': {'G': 1.0, 'X': 167.786, 'Y': 118.398, 'E': 10.3927}}
DECISION : ALLOW
------------------------------------------------------------
[SEQ 393] [IEEE-BASELINE]
SCORE    : anomaly_score=0.000
DECISION : ALLOW
------------------------------------------------------------
[SEQ 394] [LAYER 0]
CMD      : G1 X0.1 Y0.1 E20 F600
TRUST    : acc_cmd=1.000 | acc_exec=0.000 | trust=0.124
DECISION : PAUSE
MACHINE  : Machine-4
------------------------------------------------------------
[SEQ 394] [STATIC-BASELINE]
CMD      : G1 | effects={'dx': -167.686, 'dy': -118.298, 'dz': 0.0, 'de': 9.6073, 'xy_dist': 205.21454967911023, 'params': {'G': 1.0, 'X': 0.1, 'Y': 0.1, 'E': 20.0, 'F': 600.0}}
DECISION : ALLOW
------------------------------------------------------------
[SEQ 394] [IEEE-BASELINE]
SCORE    : anomaly_score=0.000
DECISION : ALLOW
------------------------------------------------------------
[SEQ 395] [LAYER 0]
CMD      : G1 X168.157 Y120.524 E10.43392
TRUST    : acc_cmd=0.000 | acc_exec=0.472 | trust=0.116
DECISION : PAUSE
MACHINE  : Machine-4
------------------------------------------------------------
[SEQ 395] [STATIC-BASELINE]
CMD      : G1 | effects={'dx': 168.05700000000002, 'dy': 120.424, 'dz': 0.0, 'de': -9.56608, 'xy_dist': 206.74886946486555, 'params': {'G': 1.0, 'X': 168.157, 'Y': 120.524, 'E': 10.43392}}
DECISION : ALLOW
------------------------------------------------------------
[SEQ 395] [IEEE-BASELINE]
SCORE    : anomaly_score=0.000
DECISION : ALLOW
------------------------------------------------------------
[SEQ 396] [LAYER 0]
CMD      : G1 X0.1 Y0.1 E20 F600
TRUST    : acc_cmd=1.000 | acc_exec=0.000 | trust=0.054
DECISION : PAUSE
MACHINE  : Machine-4
------------------------------------------------------------
[SEQ 396] [STATIC-BASELINE]
CMD      : G1 | effects={'dx': -168.05700000000002, 'dy': -120.424, 'dz': 0.0, 'de': 9.56608, 'xy_dist': 206.74886946486555, 'params': {'G': 1.0, 'X': 0.1, 'Y': 0.1, 'E': 20.0, 'F': 600.0}}
DECISION : ALLOW
------------------------------------------------------------
[SEQ 396] [IEEE-BASELINE]
SCORE    : anomaly_score=0.000
DECISION : ALLOW
------------------------------------------------------------
[SEQ 397] [LAYER 0]
CMD      : G1 X167.44 Y122.063 E10.46615
TRUST    : acc_cmd=0.000 | acc_exec=0.467 | trust=0.066
DECISION : PAUSE
MACHINE  : Machine-4
------------------------------------------------------------
[SEQ 397] [STATIC-BASELINE]
CMD      : G1 | effects={'dx': 167.34, 'dy': 121.96300000000001, 'dz': 0.0, 'de': -9.53385, 'xy_dist': 207.06918884517802, 'params': {'G': 1.0, 'X': 167.44, 'Y': 122.063, 'E': 10.46615}}
DECISION : ALLOW
------------------------------------------------------------
[SEQ 397] [IEEE-BASELINE]
SCORE    : anomaly_score=0.000
DECISION : ALLOW
------------------------------------------------------------
[SEQ 398] [LAYER 0]
CMD      : G1 X166.749 Y122.659 E10.48332
TRUST    : acc_cmd=0.000 | acc_exec=0.000 | trust=0.153
DECISION : PAUSE
MACHINE  : Machine-4
------------------------------------------------------------
[SEQ 398] [STATIC-BASELINE]
CMD      : G1 | effects={'dx': -0.6910000000000025, 'dy': 0.5960000000000036, 'dz': 0.0, 'de': 0.01717000000000013, 'xy_dist': 0.9125223284939431, 'params': {'G': 1.0, 'X': 166.749, 'Y': 122.659, 'E': 10.48332}}
DECISION : ALLOW
------------------------------------------------------------
[SEQ 398] [IEEE-BASELINE]
SCORE    : anomaly_score=0.000
DECISION : ALLOW
------------------------------------------------------------
[SEQ 399] [LAYER 0]
CMD      : G1 X166.261 Y122.931 E10.49383
TRUST    : acc_cmd=0.000 | acc_exec=0.000 | trust=0.297
DECISION : PAUSE
MACHINE  : Machine-4
------------------------------------------------------------
[SEQ 399] [STATIC-BASELINE]
CMD      : G1 | effects={'dx': -0.48799999999999955, 'dy': 0.27199999999999136, 'dz': 0.0, 'de': 0.01051000000000002, 'xy_dist': 0.5586841683813806, 'params': {'G': 1.0, 'X': 166.261, 'Y': 122.931, 'E': 10.49383}}
DECISION : ALLOW
------------------------------------------------------------
[SEQ 399] [IEEE-BASELINE]
SCORE    : anomaly_score=0.000
DECISION : ALLOW
------------------------------------------------------------
[SEQ 400] [LAYER 0]
CMD      : G1 X0.1 Y0.1 E20 F600
TRUST    : acc_cmd=1.000 | acc_exec=0.000 | trust=0.136
DECISION : PAUSE
MACHINE  : Machine-4
------------------------------------------------------------
[SEQ 400] [STATIC-BASELINE]
CMD      : G1 | effects={'dx': -166.161, 'dy': -122.831, 'dz': 0.0, 'de': 9.50617, 'xy_dist': 206.6323606843807, 'params': {'G': 1.0, 'X': 0.1, 'Y': 0.1, 'E': 20.0, 'F': 600.0}}
DECISION : ALLOW
------------------------------------------------------------
[SEQ 400] [IEEE-BASELINE]
SCORE    : anomaly_score=0.000
DECISION : ALLOW
------------------------------------------------------------
[SEQ 401] [LAYER 0]
CMD      : G1 X164.552 Y123.175 E10.52658
TRUST    : acc_cmd=0.000 | acc_exec=0.457 | trust=0.125
DECISION : PAUSE
MACHINE  : Machine-4
------------------------------------------------------------
[SEQ 401] [STATIC-BASELINE]
CMD      : G1 | effects={'dx': 164.452, 'dy': 123.075, 'dz': 0.0, 'de': -9.47342, 'xy_dist': 205.40670857837142, 'params': {'G': 1.0, 'X': 164.552, 'Y': 123.175, 'E': 10.52658}}
DECISION : ALLOW
------------------------------------------------------------
[SEQ 401] [IEEE-BASELINE]
SCORE    : anomaly_score=0.000
DECISION : ALLOW
------------------------------------------------------------
[SEQ 402] [LAYER 0]
CMD      : G1 X163.675 Y122.904 E10.54385
TRUST    : acc_cmd=0.000 | acc_exec=0.000 | trust=0.217
DECISION : PAUSE
MACHINE  : Machine-4
------------------------------------------------------------
[SEQ 402] [STATIC-BASELINE]
CMD      : G1 | effects={'dx': -0.8769999999999811, 'dy': -0.2710000000000008, 'dz': 0.0, 'de': 0.017270000000001673, 'xy_dist': 0.9179161181720078, 'params': {'G': 1.0, 'X': 163.675, 'Y': 122.904, 'E': 10.54385}}
DECISION : ALLOW
------------------------------------------------------------
[SEQ 402] [IEEE-BASELINE]
SCORE    : anomaly_score=0.000
DECISION : ALLOW
------------------------------------------------------------
[SEQ 403] [LAYER 0]
CMD      : G1 X162.827 Y122.364 E10.56276
TRUST    : acc_cmd=0.000 | acc_exec=0.000 | trust=0.365
DECISION : PAUSE
MACHINE  : Machine-4
------------------------------------------------------------
[SEQ 403] [STATIC-BASELINE]
CMD      : G1 | effects={'dx': -0.8480000000000132, 'dy': -0.539999999999992, 'dz': 0.0, 'de': 0.018909999999999982, 'xy_dist': 1.0053377541901098, 'params': {'G': 1.0, 'X': 162.827, 'Y': 122.364, 'E': 10.56276}}
DECISION : ALLOW
------------------------------------------------------------
[SEQ 403] [IEEE-BASELINE]
SCORE    : anomaly_score=0.000
DECISION : ALLOW
------------------------------------------------------------
[SEQ 404] [LAYER 0]
CMD      : G1 X162.108 Y121.414 E10.58517
TRUST    : acc_cmd=0.000 | acc_exec=0.000 | trust=0.524
DECISION : ALLOW
MACHINE  : Machine-4
------------------------------------------------------------
[SEQ 404] [STATIC-BASELINE]
CMD      : G1 | effects={'dx': -0.7189999999999941, 'dy': -0.9500000000000028, 'dz': 0.0, 'de': 0.02240999999999893, 'xy_dist': 1.1914113479399115, 'params': {'G': 1.0, 'X': 162.108, 'Y': 121.414, 'E': 10.58517}}
DECISION : ALLOW
------------------------------------------------------------
[SEQ 404] [IEEE-BASELINE]
SCORE    : anomaly_score=0.000
DECISION : ALLOW
------------------------------------------------------------
[SEQ 405] [LAYER 0]
CMD      : G1 X161.844 Y120.481 E10.60341
TRUST    : acc_cmd=0.000 | acc_exec=0.000 | trust=0.665
DECISION : ALLOW
MACHINE  : Machine-4
------------------------------------------------------------
[SEQ 405] [STATIC-BASELINE]
CMD      : G1 | effects={'dx': -0.26400000000001, 'dy': -0.9330000000000069, 'dz': 0.0, 'de': 0.018240000000000478, 'xy_dist': 0.969631373254815, 'params': {'G': 1.0, 'X': 161.844, 'Y': 120.481, 'E': 10.60341}}
DECISION : ALLOW
------------------------------------------------------------
[SEQ 405] [IEEE-BASELINE]
SCORE    : anomaly_score=0.000
DECISION : ALLOW
------------------------------------------------------------
[SEQ 406] [LAYER 0]
CMD      : G1 X161.829 Y119.486 E10.62213
TRUST    : acc_cmd=0.000 | acc_exec=0.000 | trust=0.774
DECISION : ALLOW
MACHINE  : Machine-4
------------------------------------------------------------
[SEQ 406] [STATIC-BASELINE]
CMD      : G1 | effects={'dx': -0.014999999999986358, 'dy': -0.9949999999999903, 'dz': 0.0, 'de': 0.01872000000000007, 'xy_dist': 0.9951130589033491, 'params': {'G': 1.0, 'X': 161.829, 'Y': 119.486, 'E': 10.62213}}
DECISION : ALLOW
------------------------------------------------------------
[SEQ 406] [IEEE-BASELINE]
SCORE    : anomaly_score=0.000
DECISION : ALLOW
------------------------------------------------------------
[SEQ 407] [LAYER 0]
CMD      : G1 X162.167 Y118.559 E10.64069
TRUST    : acc_cmd=0.000 | acc_exec=0.000 | trust=0.853
DECISION : ALLOW
MACHINE  : Machine-4
------------------------------------------------------------
[SEQ 407] [STATIC-BASELINE]
CMD      : G1 | effects={'dx': 0.33799999999999386, 'dy': -0.9270000000000067, 'dz': 0.0, 'de': 0.01855999999999902, 'xy_dist': 0.9866980287808466, 'params': {'G': 1.0, 'X': 162.167, 'Y': 118.559, 'E': 10.64069}}
DECISION : ALLOW
------------------------------------------------------------
[SEQ 407] [IEEE-BASELINE]
SCORE    : anomaly_score=0.000
DECISION : ALLOW
------------------------------------------------------------
[SEQ 408] [LAYER 0]
CMD      : G1 X162.416 Y118.151 E10.64968
TRUST    : acc_cmd=0.000 | acc_exec=0.000 | trust=0.906
DECISION : ALLOW
MACHINE  : Machine-4
------------------------------------------------------------
[SEQ 408] [STATIC-BASELINE]
CMD      : G1 | effects={'dx': 0.24899999999999523, 'dy': -0.40800000000000125, 'dz': 0.0, 'de': 0.00899000000000072, 'xy_dist': 0.4779801251098194, 'params': {'G': 1.0, 'X': 162.416, 'Y': 118.151, 'E': 10.64968}}
DECISION : ALLOW
------------------------------------------------------------
[SEQ 408] [IEEE-BASELINE]
SCORE    : anomaly_score=0.000
DECISION : ALLOW
------------------------------------------------------------
[SEQ 409] [LAYER 0]
CMD      : G0 F3600 X162.709 Y118.424
TRUST    : acc_cmd=0.000 | acc_exec=0.000 | trust=0.941
DECISION : ALLOW
MACHINE  : Machine-4
------------------------------------------------------------
[SEQ 409] [STATIC-BASELINE]
CMD      : G0 | effects={'dx': 0.29300000000000637, 'dy': 0.27300000000001035, 'dz': 0.0, 'de': 0.0, 'xy_dist': 0.40047222125886506, 'params': {'G': 0.0, 'F': 3600.0, 'X': 162.709, 'Y': 118.424}}
DECISION : ALLOW
------------------------------------------------------------
[SEQ 409] [IEEE-BASELINE]
SCORE    : anomaly_score=0.000
DECISION : ALLOW
------------------------------------------------------------
[SEQ 410] [LAYER 0]
CMD      : G1 F1800 X163.353 Y117.732 E10.66746
TRUST    : acc_cmd=0.000 | acc_exec=0.000 | trust=0.964
DECISION : ALLOW
MACHINE  : Machine-4
------------------------------------------------------------
[SEQ 410] [STATIC-BASELINE]
CMD      : G1 | effects={'dx': 0.6440000000000055, 'dy': -0.6920000000000073, 'dz': 0.0, 'de': 0.01778000000000013, 'xy_dist': 0.9453041838477269, 'params': {'G': 1.0, 'F': 1800.0, 'X': 163.353, 'Y': 117.732, 'E': 10.66746}}
DECISION : ALLOW
------------------------------------------------------------
[SEQ 410] [IEEE-BASELINE]
SCORE    : anomaly_score=0.000
DECISION : ALLOW
------------------------------------------------------------
[SEQ 411] [LAYER 0]
CMD      : G1 X164.098 Y117.368 E10.68306
TRUST    : acc_cmd=0.000 | acc_exec=0.000 | trust=0.978
DECISION : ALLOW
MACHINE  : Machine-4
------------------------------------------------------------
[SEQ 411] [STATIC-BASELINE]
CMD      : G1 | effects={'dx': 0.7450000000000045, 'dy': -0.3640000000000043, 'dz': 0.0, 'de': 0.01559999999999917, 'xy_dist': 0.8291688609686267, 'params': {'G': 1.0, 'X': 164.098, 'Y': 117.368, 'E': 10.68306}}
DECISION : ALLOW
------------------------------------------------------------
[SEQ 411] [IEEE-BASELINE]
SCORE    : anomaly_score=0.000
DECISION : ALLOW
------------------------------------------------------------
[SEQ 412] [LAYER 0]
CMD      : G1 X164.548 Y117.246 E10.69183
TRUST    : acc_cmd=0.000 | acc_exec=0.000 | trust=0.986
DECISION : ALLOW
MACHINE  : Machine-4
------------------------------------------------------------
[SEQ 412] [STATIC-BASELINE]
CMD      : G1 | effects={'dx': 0.44999999999998863, 'dy': -0.12199999999999989, 'dz': 0.0, 'de': 0.008770000000000167, 'xy_dist': 0.46624457101395805, 'params': {'G': 1.0, 'X': 164.548, 'Y': 117.246, 'E': 10.69183}}
DECISION : ALLOW
------------------------------------------------------------
[SEQ 412] [IEEE-BASELINE]
SCORE    : anomaly_score=0.000
DECISION : ALLOW
------------------------------------------------------------
[SEQ 413] [LAYER 0]
CMD      : G1 X165.302 Y117.227 E10.70601
TRUST    : acc_cmd=0.000 | acc_exec=0.000 | trust=0.992
DECISION : ALLOW
MACHINE  : Machine-4
------------------------------------------------------------
[SEQ 413] [STATIC-BASELINE]
CMD      : G1 | effects={'dx': 0.7539999999999907, 'dy': -0.018999999999991246, 'dz': 0.0, 'de': 0.014179999999999637, 'xy_dist': 0.7542393519301321, 'params': {'G': 1.0, 'X': 165.302, 'Y': 117.227, 'E': 10.70601}}
DECISION : ALLOW
------------------------------------------------------------
[SEQ 413] [IEEE-BASELINE]
SCORE    : anomaly_score=0.000
DECISION : ALLOW
------------------------------------------------------------
[SEQ 414] [LAYER 0]
CMD      : G1 X165.998 Y117.392 E10.71947
TRUST    : acc_cmd=0.000 | acc_exec=0.000 | trust=0.995
DECISION : ALLOW
MACHINE  : Machine-4
------------------------------------------------------------
[SEQ 414] [STATIC-BASELINE]
CMD      : G1 | effects={'dx': 0.695999999999998, 'dy': 0.16499999999999204, 'dz': 0.0, 'de': 0.01346000000000025, 'xy_dist': 0.7152908499344826, 'params': {'G': 1.0, 'X': 165.998, 'Y': 117.392, 'E': 10.71947}}
DECISION : ALLOW
------------------------------------------------------------
[SEQ 414] [IEEE-BASELINE]
SCORE    : anomaly_score=0.000
DECISION : ALLOW
------------------------------------------------------------
[SEQ 415] [LAYER 0]
CMD      : G1 X166.738 Y117.792 E10.73529
TRUST    : acc_cmd=0.000 | acc_exec=0.000 | trust=0.997
DECISION : ALLOW
MACHINE  : Machine-4
------------------------------------------------------------
[SEQ 415] [STATIC-BASELINE]
CMD      : G1 | effects={'dx': 0.7400000000000091, 'dy': 0.4000000000000057, 'dz': 0.0, 'de': 0.0158200000000015, 'xy_dist': 0.8411896337925343, 'params': {'G': 1.0, 'X': 166.738, 'Y': 117.792, 'E': 10.73529}}
DECISION : ALLOW
------------------------------------------------------------
[SEQ 415] [IEEE-BASELINE]
SCORE    : anomaly_score=0.000
DECISION : ALLOW
------------------------------------------------------------
[SEQ 416] [LAYER 0]
CMD      : G1 X167.434 Y118.603 E10.7554
TRUST    : acc_cmd=0.000 | acc_exec=0.000 | trust=0.998
DECISION : ALLOW
MACHINE  : Machine-4
------------------------------------------------------------
[SEQ 416] [STATIC-BASELINE]
CMD      : G1 | effects={'dx': 0.695999999999998, 'dy': 0.8109999999999928, 'dz': 0.0, 'de': 0.020109999999998962, 'xy_dist': 1.0687080985938047, 'params': {'G': 1.0, 'X': 167.434, 'Y': 118.603, 'E': 10.7554}}
DECISION : ALLOW
------------------------------------------------------------
[SEQ 416] [IEEE-BASELINE]
SCORE    : anomaly_score=0.000
DECISION : ALLOW
------------------------------------------------------------
[SEQ 417] [LAYER 0]
CMD      : G1 X0.1 Y0.1 E20 F600
TRUST    : acc_cmd=1.000 | acc_exec=0.000 | trust=0.429
DECISION : PAUSE
MACHINE  : Machine-4
------------------------------------------------------------
[SEQ 417] [STATIC-BASELINE]
CMD      : G1 | effects={'dx': -167.334, 'dy': -118.503, 'dz': 0.0, 'de': 9.2446, 'xy_dist': 205.04543049041595, 'params': {'G': 1.0, 'X': 0.1, 'Y': 0.1, 'E': 20.0, 'F': 600.0}}
DECISION : ALLOW
------------------------------------------------------------
[SEQ 417] [IEEE-BASELINE]
SCORE    : anomaly_score=0.000
DECISION : ALLOW
------------------------------------------------------------
[SEQ 418] [LAYER 0]
CMD      : G1 X167.758 Y120.459 E10.79139
TRUST    : acc_cmd=0.000 | acc_exec=0.417 | trust=0.271
DECISION : PAUSE
MACHINE  : Machine-4
------------------------------------------------------------
[SEQ 418] [STATIC-BASELINE]
CMD      : G1 | effects={'dx': 167.65800000000002, 'dy': 120.35900000000001, 'dz': 0.0, 'de': -9.20861, 'xy_dist': 206.38675792065732, 'params': {'G': 1.0, 'X': 167.758, 'Y': 120.459, 'E': 10.79139}}
DECISION : ALLOW
------------------------------------------------------------
[SEQ 418] [IEEE-BASELINE]
SCORE    : anomaly_score=0.000
DECISION : ALLOW
------------------------------------------------------------
[SEQ 419] [LAYER 0]
CMD      : G1 X167.537 Y121.17 E10.80539
TRUST    : acc_cmd=0.000 | acc_exec=0.000 | trust=0.312
DECISION : PAUSE
MACHINE  : Machine-4
------------------------------------------------------------
[SEQ 419] [STATIC-BASELINE]
CMD      : G1 | effects={'dx': -0.22100000000000364, 'dy': 0.7109999999999985, 'dz': 0.0, 'de': 0.013999999999999346, 'xy_dist': 0.7445549005949793, 'params': {'G': 1.0, 'X': 167.537, 'Y': 121.17, 'E': 10.80539}}
DECISION : ALLOW
------------------------------------------------------------
[SEQ 419] [IEEE-BASELINE]
SCORE    : anomaly_score=0.000
DECISION : ALLOW
------------------------------------------------------------
[SEQ 420] [LAYER 0]
CMD      : G1 X0.1 Y0.1 E20 F600
TRUST    : acc_cmd=1.000 | acc_exec=0.000 | trust=0.140
DECISION : PAUSE
MACHINE  : Machine-4
------------------------------------------------------------
[SEQ 420] [STATIC-BASELINE]
CMD      : G1 | effects={'dx': -167.437, 'dy': -121.07000000000001, 'dz': 0.0, 'de': 9.19461, 'xy_dist': 206.62307196680626, 'params': {'G': 1.0, 'X': 0.1, 'Y': 0.1, 'E': 20.0, 'F': 600.0}}
DECISION : ALLOW
------------------------------------------------------------
[SEQ 420] [IEEE-BASELINE]
SCORE    : anomaly_score=0.000
DECISION : ALLOW
------------------------------------------------------------
[SEQ 421] [LAYER 0]
CMD      : G1 X166.488 Y122.356 E10.83549
TRUST    : acc_cmd=0.000 | acc_exec=0.410 | trust=0.123
DECISION : PAUSE
MACHINE  : Machine-4
------------------------------------------------------------
[SEQ 421] [STATIC-BASELINE]
CMD      : G1 | effects={'dx': 166.388, 'dy': 122.256, 'dz': 0.0, 'de': -9.16451, 'xy_dist': 206.4739598109166, 'params': {'G': 1.0, 'X': 166.488, 'Y': 122.356, 'E': 10.83549}}
DECISION : ALLOW
------------------------------------------------------------
[SEQ 421] [IEEE-BASELINE]
SCORE    : anomaly_score=0.000
DECISION : ALLOW
------------------------------------------------------------
[SEQ 422] [LAYER 0]
CMD      : G1 X166.149 Y122.547 E10.84281
TRUST    : acc_cmd=0.000 | acc_exec=0.000 | trust=0.211
DECISION : PAUSE
MACHINE  : Machine-4
------------------------------------------------------------
[SEQ 422] [STATIC-BASELINE]
CMD      : G1 | effects={'dx': -0.33899999999999864, 'dy': 0.1910000000000025, 'dz': 0.0, 'de': 0.007319999999999993, 'xy_dist': 0.3891040991816972, 'params': {'G': 1.0, 'X': 166.149, 'Y': 122.547, 'E': 10.84281}}
DECISION : ALLOW
------------------------------------------------------------
[SEQ 422] [IEEE-BASELINE]
SCORE    : anomaly_score=0.000
DECISION : ALLOW
------------------------------------------------------------
[SEQ 423] [LAYER 0]
CMD      : G1 X165.426 Y122.757 E10.85697
TRUST    : acc_cmd=0.000 | acc_exec=0.000 | trust=0.357
DECISION : PAUSE
MACHINE  : Machine-4
------------------------------------------------------------
[SEQ 423] [STATIC-BASELINE]
CMD      : G1 | effects={'dx': -0.7230000000000132, 'dy': 0.21000000000000796, 'dz': 0.0, 'de': 0.014160000000000394, 'xy_dist': 0.7528804686004429, 'params': {'G': 1.0, 'X': 165.426, 'Y': 122.757, 'E': 10.85697}}
DECISION : ALLOW
------------------------------------------------------------
[SEQ 423] [IEEE-BASELINE]
SCORE    : anomaly_score=0.000
DECISION : ALLOW
------------------------------------------------------------
[SEQ 424] [LAYER 0]
CMD      : G1 X164.608 Y122.774 E10.87236
TRUST    : acc_cmd=0.000 | acc_exec=0.000 | trust=0.517
DECISION : ALLOW
MACHINE  : Machine-4
------------------------------------------------------------
[SEQ 424] [STATIC-BASELINE]
CMD      : G1 | effects={'dx': -0.8179999999999836, 'dy': 0.016999999999995907, 'dz': 0.0, 'de': 0.015390000000000015, 'xy_dist': 0.8181766312966736, 'params': {'G': 1.0, 'X': 164.608, 'Y': 122.774, 'E': 10.87236}}
DECISION : ALLOW
------------------------------------------------------------
[SEQ 424] [IEEE-BASELINE]
SCORE    : anomaly_score=0.000
DECISION : ALLOW
------------------------------------------------------------
[SEQ 425] [LAYER 0]
CMD      : G1 X163.844 Y122.538 E10.8874
TRUST    : acc_cmd=0.000 | acc_exec=0.000 | trust=0.659
DECISION : ALLOW
MACHINE  : Machine-4
------------------------------------------------------------
[SEQ 425] [STATIC-BASELINE]
CMD      : G1 | effects={'dx': -0.76400000000001, 'dy': -0.2360000000000042, 'dz': 0.0, 'de': 0.015039999999999054, 'xy_dist': 0.7996199097071166, 'params': {'G': 1.0, 'X': 163.844, 'Y': 122.538, 'E': 10.8874}}
DECISION : ALLOW
------------------------------------------------------------
[SEQ 425] [IEEE-BASELINE]
SCORE    : anomaly_score=0.000
DECISION : ALLOW
------------------------------------------------------------
[SEQ 426] [LAYER 0]
CMD      : G1 X163.103 Y122.066 E10.90393
TRUST    : acc_cmd=0.000 | acc_exec=0.000 | trust=0.770
DECISION : ALLOW
MACHINE  : Machine-4
------------------------------------------------------------
[SEQ 426] [STATIC-BASELINE]
CMD      : G1 | effects={'dx': -0.7409999999999854, 'dy': -0.4719999999999942, 'dz': 0.0, 'de': 0.016530000000001266, 'xy_dist': 0.8785584784178985, 'params': {'G': 1.0, 'X': 163.103, 'Y': 122.066, 'E': 10.90393}}
DECISION : ALLOW
------------------------------------------------------------
[SEQ 426] [IEEE-BASELINE]
SCORE    : anomaly_score=0.000
DECISION : ALLOW
------------------------------------------------------------
[SEQ 427] [LAYER 0]
CMD      : G1 X162.473 Y121.233 E10.92357
TRUST    : acc_cmd=0.000 | acc_exec=0.000 | trust=0.850
DECISION : ALLOW
MACHINE  : Machine-4
------------------------------------------------------------
[SEQ 427] [STATIC-BASELINE]
CMD      : G1 | effects={'dx': -0.6299999999999955, 'dy': -0.8329999999999984, 'dz': 0.0, 'de': 0.01963999999999899, 'xy_dist': 1.0444084450060673, 'params': {'G': 1.0, 'X': 162.473, 'Y': 121.233, 'E': 10.92357}}
DECISION : ALLOW
------------------------------------------------------------
[SEQ 427] [IEEE-BASELINE]
SCORE    : anomaly_score=0.000
DECISION : ALLOW
------------------------------------------------------------
[SEQ 428] [LAYER 0]
CMD      : G1 X162.243 Y120.422 E10.93943
TRUST    : acc_cmd=0.000 | acc_exec=0.000 | trust=0.904
DECISION : ALLOW
MACHINE  : Machine-4
------------------------------------------------------------
[SEQ 428] [STATIC-BASELINE]
CMD      : G1 | effects={'dx': -0.2300000000000182, 'dy': -0.811000000000007, 'dz': 0.0, 'de': 0.015859999999999985, 'xy_dist': 0.8429833924817379, 'params': {'G': 1.0, 'X': 162.243, 'Y': 120.422, 'E': 10.93943}}
DECISION : ALLOW
------------------------------------------------------------
[SEQ 428] [IEEE-BASELINE]
SCORE    : anomaly_score=0.000
DECISION : ALLOW
------------------------------------------------------------
[SEQ 429] [LAYER 0]
CMD      : G1 X162.23 Y119.554 E10.95576
TRUST    : acc_cmd=0.000 | acc_exec=0.000 | trust=0.940
DECISION : ALLOW
MACHINE  : Machine-4
------------------------------------------------------------
[SEQ 429] [STATIC-BASELINE]
CMD      : G1 | effects={'dx': -0.01300000000000523, 'dy': -0.867999999999995, 'dz': 0.0, 'de': 0.016329999999999956, 'xy_dist': 0.8680973447718818, 'params': {'G': 1.0, 'X': 162.23, 'Y': 119.554, 'E': 10.95576}}
DECISION : ALLOW
------------------------------------------------------------
[SEQ 429] [IEEE-BASELINE]
SCORE    : anomaly_score=0.000
DECISION : ALLOW
------------------------------------------------------------
[SEQ 430] [LAYER 0]
CMD      : G1 X162.543 Y118.696 E10.97294
TRUST    : acc_cmd=0.000 | acc_exec=0.000 | trust=0.963
DECISION : ALLOW
MACHINE  : Machine-4
------------------------------------------------------------
[SEQ 430] [STATIC-BASELINE]
CMD      : G1 | effects={'dx': 0.3130000000000166, 'dy': -0.8580000000000041, 'dz': 0.0, 'de': 0.01717999999999975, 'xy_dist': 0.9133088196223759, 'params': {'G': 1.0, 'X': 162.543, 'Y': 118.696, 'E': 10.97294}}
DECISION : ALLOW
------------------------------------------------------------
[SEQ 430] [IEEE-BASELINE]
SCORE    : anomaly_score=0.000
DECISION : ALLOW
------------------------------------------------------------
[SEQ 431] [LAYER 0]
CMD      : G1 X0.1 Y0.1 E20 F600
TRUST    : acc_cmd=1.000 | acc_exec=0.000 | trust=0.415
DECISION : PAUSE
MACHINE  : Machine-4
------------------------------------------------------------
[SEQ 431] [STATIC-BASELINE]
CMD      : G1 | effects={'dx': -162.443, 'dy': -118.596, 'dz': 0.0, 'de': 9.02706, 'xy_dist': 201.12866395668223, 'params': {'G': 1.0, 'X': 0.1, 'Y': 0.1, 'E': 20.0, 'F': 600.0}}
DECISION : ALLOW
------------------------------------------------------------
[SEQ 431] [IEEE-BASELINE]
SCORE    : anomaly_score=0.000
DECISION : ALLOW
------------------------------------------------------------
[SEQ 432] [LAYER 0]
CMD      : G0 F3600 X163.002 Y118.697
TRUST    : acc_cmd=0.000 | acc_exec=0.000 | trust=0.264
DECISION : PAUSE
MACHINE  : Machine-4
------------------------------------------------------------
[SEQ 432] [STATIC-BASELINE]
CMD      : G0 | effects={'dx': 162.90200000000002, 'dy': 118.59700000000001, 'dz': 0.0, 'de': 0.0, 'xy_dist': 201.50014891557774, 'params': {'G': 0.0, 'F': 3600.0, 'X': 163.002, 'Y': 118.697}}
DECISION : ALLOW
------------------------------------------------------------
[SEQ 432] [IEEE-BASELINE]
SCORE    : anomaly_score=0.000
DECISION : ALLOW
------------------------------------------------------------
[SEQ 433] [LAYER 0]
CMD      : G1 F1800 X163.597 Y118.058 E10.99536
TRUST    : acc_cmd=0.000 | acc_exec=0.385 | trust=0.294
DECISION : PAUSE
MACHINE  : Machine-4
------------------------------------------------------------
[SEQ 433] [STATIC-BASELINE]
CMD      : G1 | effects={'dx': 0.5949999999999989, 'dy': -0.6389999999999958, 'dz': 0.0, 'de': -9.00464, 'xy_dist': 0.8731242752323367, 'params': {'G': 1.0, 'F': 1800.0, 'X': 163.597, 'Y': 118.058, 'E': 10.99536}}
DECISION : ALLOW
------------------------------------------------------------
[SEQ 433] [IEEE-BASELINE]
SCORE    : anomaly_score=0.000
DECISION : ALLOW
------------------------------------------------------------
[SEQ 434] [LAYER 0]
CMD      : G1 X164.274 Y117.727 E11.00953
TRUST    : acc_cmd=0.000 | acc_exec=0.000 | trust=0.417
DECISION : PAUSE
MACHINE  : Machine-4
------------------------------------------------------------
[SEQ 434] [STATIC-BASELINE]
CMD      : G1 | effects={'dx': 0.6769999999999925, 'dy': -0.33100000000000307, 'dz': 0.0, 'de': 0.014170000000000016, 'xy_dist': 0.7535847663003757, 'params': {'G': 1.0, 'X': 164.274, 'Y': 117.727, 'E': 11.00953}}
DECISION : ALLOW
------------------------------------------------------------
[SEQ 434] [IEEE-BASELINE]
SCORE    : anomaly_score=0.000
DECISION : ALLOW
------------------------------------------------------------
[SEQ 435] [LAYER 0]
CMD      : G1 X164.604 Y117.645 E11.01593
TRUST    : acc_cmd=0.000 | acc_exec=0.000 | trust=0.562
DECISION : ALLOW
MACHINE  : Machine-4
------------------------------------------------------------
[SEQ 435] [STATIC-BASELINE]
CMD      : G1 | effects={'dx': 0.3300000000000125, 'dy': -0.08200000000000784, 'dz': 0.0, 'de': 0.0064000000000010715, 'xy_dist': 0.3400352922859766, 'params': {'G': 1.0, 'X': 164.604, 'Y': 117.645, 'E': 11.01593}}
DECISION : ALLOW
------------------------------------------------------------
[SEQ 435] [IEEE-BASELINE]
SCORE    : anomaly_score=0.000
DECISION : ALLOW
------------------------------------------------------------
[SEQ 436] [LAYER 0]
CMD      : G1 X165.261 Y117.628 E11.02829
TRUST    : acc_cmd=0.000 | acc_exec=0.000 | trust=0.692
DECISION : ALLOW
MACHINE  : Machine-4
------------------------------------------------------------
[SEQ 436] [STATIC-BASELINE]
CMD      : G1 | effects={'dx': 0.6569999999999823, 'dy': -0.016999999999995907, 'dz': 0.0, 'de': 0.01235999999999926, 'xy_dist': 0.65721990231579, 'params': {'G': 1.0, 'X': 165.261, 'Y': 117.628, 'E': 11.02829}}
DECISION : ALLOW
------------------------------------------------------------
[SEQ 436] [IEEE-BASELINE]
SCORE    : anomaly_score=0.000
DECISION : ALLOW
------------------------------------------------------------
[SEQ 437] [LAYER 0]
CMD      : G1 X165.854 Y117.769 E11.03976
TRUST    : acc_cmd=0.000 | acc_exec=0.000 | trust=0.793
DECISION : ALLOW
MACHINE  : Machine-4
------------------------------------------------------------
[SEQ 437] [STATIC-BASELINE]
CMD      : G1 | effects={'dx': 0.5930000000000177, 'dy': 0.14100000000000534, 'dz': 0.0, 'de': 0.011469999999999203, 'xy_dist': 0.6095326078234228, 'params': {'G': 1.0, 'X': 165.854, 'Y': 117.769, 'E': 11.03976}}
DECISION : ALLOW
------------------------------------------------------------
[SEQ 437] [IEEE-BASELINE]
SCORE    : anomaly_score=0.000
DECISION : ALLOW
------------------------------------------------------------
[SEQ 438] [LAYER 0]
CMD      : G1 X166.481 Y118.108 E11.05317
TRUST    : acc_cmd=0.000 | acc_exec=0.000 | trust=0.866
DECISION : ALLOW
MACHINE  : Machine-4
------------------------------------------------------------
[SEQ 438] [STATIC-BASELINE]
CMD      : G1 | effects={'dx': 0.6269999999999811, 'dy': 0.33899999999999864, 'dz': 0.0, 'de': 0.013410000000000366, 'xy_dist': 0.7127762622309861, 'params': {'G': 1.0, 'X': 166.481, 'Y': 118.108, 'E': 11.05317}}
DECISION : ALLOW
------------------------------------------------------------
[SEQ 438] [IEEE-BASELINE]
SCORE    : anomaly_score=0.000
DECISION : ALLOW
------------------------------------------------------------
[SEQ 439] [LAYER 0]
CMD      : G1 X167.081 Y118.807 E11.07049
TRUST    : acc_cmd=0.000 | acc_exec=0.000 | trust=0.915
DECISION : ALLOW
MACHINE  : Machine-4
------------------------------------------------------------
[SEQ 439] [STATIC-BASELINE]
CMD      : G1 | effects={'dx': 0.5999999999999943, 'dy': 0.6989999999999981, 'dz': 0.0, 'de': 0.01731999999999978, 'xy_dist': 0.9211954190072758, 'params': {'G': 1.0, 'X': 167.081, 'Y': 118.807, 'E': 11.07049}}
DECISION : ALLOW
------------------------------------------------------------
[SEQ 439] [IEEE-BASELINE]
SCORE    : anomaly_score=0.000
DECISION : ALLOW
------------------------------------------------------------
[SEQ 440] [LAYER 0]
CMD      : G1 X167.374 Y119.655 E11.08737
TRUST    : acc_cmd=0.000 | acc_exec=0.000 | trust=0.947
DECISION : ALLOW
MACHINE  : Machine-4
------------------------------------------------------------
[SEQ 440] [STATIC-BASELINE]
CMD      : G1 | effects={'dx': 0.29300000000000637, 'dy': 0.847999999999999, 'dz': 0.0, 'de': 0.01688000000000045, 'xy_dist': 0.8971917297880103, 'params': {'G': 1.0, 'X': 167.374, 'Y': 119.655, 'E': 11.08737}}
DECISION : ALLOW
------------------------------------------------------------
[SEQ 440] [IEEE-BASELINE]
SCORE    : anomaly_score=0.000
DECISION : ALLOW
------------------------------------------------------------
[SEQ 441] [LAYER 0]
CMD      : G1 X167.359 Y120.394 E11.10127
TRUST    : acc_cmd=0.000 | acc_exec=0.000 | trust=0.967
DECISION : ALLOW
MACHINE  : Machine-4
------------------------------------------------------------
[SEQ 441] [STATIC-BASELINE]
CMD      : G1 | effects={'dx': -0.014999999999986358, 'dy': 0.7390000000000043, 'dz': 0.0, 'de': 0.01389999999999958, 'xy_dist': 0.7391522170703447, 'params': {'G': 1.0, 'X': 167.359, 'Y': 120.394, 'E': 11.10127}}
DECISION : ALLOW
------------------------------------------------------------
[SEQ 441] [IEEE-BASELINE]
SCORE    : anomaly_score=0.000
DECISION : ALLOW
------------------------------------------------------------
[SEQ 442] [LAYER 0]
CMD      : G1 X167.171 Y120.999 E11.11319
TRUST    : acc_cmd=0.000 | acc_exec=0.000 | trust=0.980
DECISION : ALLOW
MACHINE  : Machine-4
------------------------------------------------------------
[SEQ 442] [STATIC-BASELINE]
CMD      : G1 | effects={'dx': -0.1880000000000166, 'dy': 0.6049999999999898, 'dz': 0.0, 'de': 0.01191999999999993, 'xy_dist': 0.6335368971101792, 'params': {'G': 1.0, 'X': 167.171, 'Y': 120.999, 'E': 11.11319}}
DECISION : ALLOW
------------------------------------------------------------
[SEQ 442] [IEEE-BASELINE]
SCORE    : anomaly_score=0.000
DECISION : ALLOW
------------------------------------------------------------
[SEQ 443] [LAYER 0]
CMD      : G1 X166.827 Y121.536 E11.12519
TRUST    : acc_cmd=0.000 | acc_exec=0.000 | trust=0.988
DECISION : ALLOW
MACHINE  : Machine-4
------------------------------------------------------------
[SEQ 443] [STATIC-BASELINE]
CMD      : G1 | effects={'dx': -0.3439999999999941, 'dy': 0.5370000000000061, 'dz': 0.0, 'de': 0.012000000000000455, 'xy_dist': 0.6377342706801968, 'params': {'G': 1.0, 'X': 166.827, 'Y': 121.536, 'E': 11.12519}}
DECISION : ALLOW
------------------------------------------------------------
[SEQ 443] [IEEE-BASELINE]
SCORE    : anomaly_score=0.000
DECISION : ALLOW
------------------------------------------------------------
[SEQ 444] [LAYER 0]
CMD      : G1 X0.1 Y0.1 E20 F600
TRUST    : acc_cmd=1.000 | acc_exec=0.000 | trust=0.425
DECISION : PAUSE
MACHINE  : Machine-4
------------------------------------------------------------
[SEQ 444] [STATIC-BASELINE]
CMD      : G1 | effects={'dx': -166.727, 'dy': -121.436, 'dz': 0.0, 'de': 8.87481, 'xy_dist': 206.26341077612383, 'params': {'G': 1.0, 'X': 0.1, 'Y': 0.1, 'E': 20.0, 'F': 600.0}}
DECISION : ALLOW
------------------------------------------------------------
[SEQ 444] [IEEE-BASELINE]
SCORE    : anomaly_score=0.000
DECISION : ALLOW
------------------------------------------------------------
[SEQ 445] [LAYER 0]
CMD      : G1 X166.038 Y122.163 E11.1442
TRUST    : acc_cmd=0.000 | acc_exec=0.362 | trust=0.269
DECISION : PAUSE
MACHINE  : Machine-4
------------------------------------------------------------
[SEQ 445] [STATIC-BASELINE]
CMD      : G1 | effects={'dx': 165.93800000000002, 'dy': 122.063, 'dz': 0.0, 'de': -8.8558, 'xy_dist': 205.9970771952845, 'params': {'G': 1.0, 'X': 166.038, 'Y': 122.163, 'E': 11.1442}}
DECISION : ALLOW
------------------------------------------------------------
[SEQ 445] [IEEE-BASELINE]
SCORE    : anomaly_score=0.000
DECISION : ALLOW
------------------------------------------------------------
[SEQ 446] [LAYER 0]
CMD      : G1 X165.366 Y122.358 E11.15736
TRUST    : acc_cmd=0.000 | acc_exec=0.000 | trust=0.311
DECISION : PAUSE
MACHINE  : Machine-4
------------------------------------------------------------
[SEQ 446] [STATIC-BASELINE]
CMD      : G1 | effects={'dx': -0.671999999999997, 'dy': 0.1950000000000074, 'dz': 0.0, 'de': 0.013160000000000949, 'xy_dist': 0.6997206585488233, 'params': {'G': 1.0, 'X': 165.366, 'Y': 122.358, 'E': 11.15736}}
DECISION : ALLOW
------------------------------------------------------------
[SEQ 446] [IEEE-BASELINE]
SCORE    : anomaly_score=0.000
DECISION : ALLOW
------------------------------------------------------------
[SEQ 447] [LAYER 0]
CMD      : G1 X164.663 Y122.373 E11.17059
TRUST    : acc_cmd=0.000 | acc_exec=0.000 | trust=0.438
DECISION : PAUSE
MACHINE  : Machine-4
------------------------------------------------------------
[SEQ 447] [STATIC-BASELINE]
CMD      : G1 | effects={'dx': -0.703000000000003, 'dy': 0.015000000000000568, 'dz': 0.0, 'de': 0.013230000000000075, 'xy_dist': 0.7031600102394933, 'params': {'G': 1.0, 'X': 164.663, 'Y': 122.373, 'E': 11.17059}}
DECISION : ALLOW
------------------------------------------------------------
[SEQ 447] [IEEE-BASELINE]
SCORE    : anomaly_score=0.000
DECISION : ALLOW
------------------------------------------------------------
[SEQ 448] [LAYER 0]
CMD      : G1 X164.013 Y122.172 E11.18339
TRUST    : acc_cmd=0.000 | acc_exec=0.000 | trust=0.582
DECISION : ALLOW
MACHINE  : Machine-4
------------------------------------------------------------
[SEQ 448] [STATIC-BASELINE]
CMD      : G1 | effects={'dx': -0.6500000000000057, 'dy': -0.20100000000000762, 'dz': 0.0, 'de': 0.01279999999999859, 'xy_dist': 0.6803682826234704, 'params': {'G': 1.0, 'X': 164.013, 'Y': 122.172, 'E': 11.18339}}
DECISION : ALLOW
------------------------------------------------------------
[SEQ 448] [IEEE-BASELINE]
SCORE    : anomaly_score=0.000
DECISION : ALLOW
------------------------------------------------------------
[SEQ 449] [LAYER 0]
CMD      : G1 X163.379 Y121.768 E11.19753
TRUST    : acc_cmd=0.000 | acc_exec=0.000 | trust=0.708
DECISION : ALLOW
MACHINE  : Machine-4
------------------------------------------------------------
[SEQ 449] [STATIC-BASELINE]
CMD      : G1 | effects={'dx': -0.6340000000000146, 'dy': -0.40399999999999636, 'dz': 0.0, 'de': 0.014140000000001152, 'xy_dist': 0.7517792229105668, 'params': {'G': 1.0, 'X': 163.379, 'Y': 121.768, 'E': 11.19753}}
DECISION : ALLOW
------------------------------------------------------------
[SEQ 449] [IEEE-BASELINE]
SCORE    : anomaly_score=0.000
DECISION : ALLOW
------------------------------------------------------------
[SEQ 450] [LAYER 0]
CMD      : G1 X162.838 Y121.052 E11.21441
TRUST    : acc_cmd=0.000 | acc_exec=0.000 | trust=0.805
DECISION : ALLOW
MACHINE  : Machine-4
------------------------------------------------------------
[SEQ 450] [STATIC-BASELINE]
CMD      : G1 | effects={'dx': -0.5409999999999968, 'dy': -0.715999999999994, 'dz': 0.0, 'de': 0.01688000000000045, 'xy_dist': 0.897405705352929, 'params': {'G': 1.0, 'X': 162.838, 'Y': 121.052, 'E': 11.21441}}
DECISION : ALLOW
------------------------------------------------------------
[SEQ 450] [IEEE-BASELINE]
SCORE    : anomaly_score=0.000
DECISION : ALLOW
------------------------------------------------------------
[SEQ 451] [LAYER 0]
CMD      : G1 X162.642 Y120.363 E11.22788
TRUST    : acc_cmd=0.000 | acc_exec=0.000 | trust=0.873
DECISION : ALLOW
MACHINE  : Machine-4
------------------------------------------------------------
[SEQ 451] [STATIC-BASELINE]
CMD      : G1 | effects={'dx': -0.19599999999999795, 'dy': -0.6890000000000072, 'dz': 0.0, 'de': 0.013469999999999871, 'xy_dist': 0.7163358151035093, 'params': {'G': 1.0, 'X': 162.642, 'Y': 120.363, 'E': 11.22788}}
DECISION : ALLOW
------------------------------------------------------------
[SEQ 451] [IEEE-BASELINE]
SCORE    : anomaly_score=0.000
DECISION : ALLOW
------------------------------------------------------------
[SEQ 452] [LAYER 0]
CMD      : G1 X0.1 Y0.1 E20 F600
TRUST    : acc_cmd=1.000 | acc_exec=0.000 | trust=0.378
DECISION : PAUSE
MACHINE  : Machine-4
------------------------------------------------------------
[SEQ 452] [STATIC-BASELINE]
CMD      : G1 | effects={'dx': -162.542, 'dy': -120.263, 'dz': 0.0, 'de': 8.77212, 'xy_dist': 202.19567486224824, 'params': {'G': 1.0, 'X': 0.1, 'Y': 0.1, 'E': 20.0, 'F': 600.0}}
DECISION : ALLOW
------------------------------------------------------------
[SEQ 452] [IEEE-BASELINE]
SCORE    : anomaly_score=0.000
DECISION : ALLOW
------------------------------------------------------------
[SEQ 453] [LAYER 0]
CMD      : G1 X162.919 Y118.833 E11.25762
TRUST    : acc_cmd=0.000 | acc_exec=0.345 | trust=0.247
DECISION : PAUSE
MACHINE  : Machine-4
------------------------------------------------------------
[SEQ 453] [STATIC-BASELINE]
CMD      : G1 | effects={'dx': 162.81900000000002, 'dy': 118.733, 'dz': 0.0, 'de': -8.74238, 'xy_dist': 201.51315602213174, 'params': {'G': 1.0, 'X': 162.919, 'Y': 118.833, 'E': 11.25762}}
DECISION : ALLOW
------------------------------------------------------------
[SEQ 453] [IEEE-BASELINE]
SCORE    : anomaly_score=0.000
DECISION : ALLOW
------------------------------------------------------------
[SEQ 454] [LAYER 0]
CMD      : G1 X163.002 Y118.697 E11.26062
TRUST    : acc_cmd=0.000 | acc_exec=0.000 | trust=0.299
DECISION : PAUSE
MACHINE  : Machine-4
------------------------------------------------------------
[SEQ 454] [STATIC-BASELINE]
CMD      : G1 | effects={'dx': 0.08299999999999841, 'dy': -0.13599999999999568, 'dz': 0.0, 'de': 0.0030000000000001137, 'xy_dist': 0.15932670836993576, 'params': {'G': 1.0, 'X': 163.002, 'Y': 118.697, 'E': 11.26062}}
DECISION : ALLOW
------------------------------------------------------------
[SEQ 454] [IEEE-BASELINE]
SCORE    : anomaly_score=0.000
DECISION : ALLOW
------------------------------------------------------------
[SEQ 455] [LAYER 0]
CMD      : G0 F3600 X163.295 Y118.97
TRUST    : acc_cmd=0.000 | acc_exec=0.000 | trust=0.430
DECISION : PAUSE
MACHINE  : Machine-4
------------------------------------------------------------
[SEQ 455] [STATIC-BASELINE]
CMD      : G0 | effects={'dx': 0.29299999999997794, 'dy': 0.27299999999999613, 'dz': 0.0, 'de': 0.0, 'xy_dist': 0.4004722212588346, 'params': {'G': 0.0, 'F': 3600.0, 'X': 163.295, 'Y': 118.97}}
DECISION : ALLOW
------------------------------------------------------------
[SEQ 455] [IEEE-BASELINE]
SCORE    : anomaly_score=0.000
DECISION : ALLOW
------------------------------------------------------------
[SEQ 456] [LAYER 0]
CMD      : G1 F1800 X163.841 Y118.384 E11.27569
TRUST    : acc_cmd=0.000 | acc_exec=0.000 | trust=0.576
DECISION : ALLOW
MACHINE  : Machine-4
------------------------------------------------------------
[SEQ 456] [STATIC-BASELINE]
CMD      : G1 | effects={'dx': 0.5460000000000207, 'dy': -0.5859999999999985, 'dz': 0.0, 'de': 0.015070000000001471, 'xy_dist': 0.8009444425177197, 'params': {'G': 1.0, 'F': 1800.0, 'X': 163.841, 'Y': 118.384, 'E': 11.27569}}
DECISION : ALLOW
------------------------------------------------------------
[SEQ 456] [IEEE-BASELINE]
SCORE    : anomaly_score=0.000
DECISION : ALLOW
------------------------------------------------------------
[SEQ 457] [LAYER 0]
CMD      : G1 X164.45 Y118.086 E11.28844
TRUST    : acc_cmd=0.000 | acc_exec=0.000 | trust=0.704
DECISION : ALLOW
MACHINE  : Machine-4
------------------------------------------------------------
[SEQ 457] [STATIC-BASELINE]
CMD      : G1 | effects={'dx': 0.6089999999999804, 'dy': -0.2980000000000018, 'dz': 0.0, 'de': 0.012749999999998707, 'xy_dist': 0.6780007374627091, 'params': {'G': 1.0, 'X': 164.45, 'Y': 118.086, 'E': 11.28844}}
DECISION : ALLOW
------------------------------------------------------------
[SEQ 457] [IEEE-BASELINE]
SCORE    : anomaly_score=0.000
DECISION : ALLOW
------------------------------------------------------------
[SEQ 458] [LAYER 0]
CMD      : G1 X0.1 Y0.1 E20 F600
TRUST    : acc_cmd=1.000 | acc_exec=0.000 | trust=0.307
DECISION : PAUSE
MACHINE  : Machine-4
------------------------------------------------------------
[SEQ 458] [STATIC-BASELINE]
CMD      : G1 | effects={'dx': -164.35, 'dy': -117.986, 'dz': 0.0, 'de': 8.71156, 'xy_dist': 202.3156412539574, 'params': {'G': 1.0, 'X': 0.1, 'Y': 0.1, 'E': 20.0, 'F': 600.0}}
DECISION : ALLOW
------------------------------------------------------------
[SEQ 458] [IEEE-BASELINE]
SCORE    : anomaly_score=0.000
DECISION : ALLOW
------------------------------------------------------------
[SEQ 459] [LAYER 0]
CMD      : G1 X0.1 Y0.1 E20 F600
TRUST    : acc_cmd=1.000 | acc_exec=0.000 | trust=0.127
DECISION : PAUSE
MACHINE  : Machine-4
------------------------------------------------------------
[SEQ 459] [STATIC-BASELINE]
CMD      : G1 | effects={'dx': 0.0, 'dy': 0.0, 'dz': 0.0, 'de': 0.0, 'xy_dist': 0.0, 'params': {'G': 1.0, 'X': 0.1, 'Y': 0.1, 'E': 20.0, 'F': 600.0}}
DECISION : ALLOW
------------------------------------------------------------
[SEQ 459] [IEEE-BASELINE]
SCORE    : anomaly_score=0.000
DECISION : ALLOW
------------------------------------------------------------
[SEQ 460] [LAYER 0]
CMD      : G1 X165.71 Y118.146 E11.3125
TRUST    : acc_cmd=0.000 | acc_exec=0.337 | trust=0.083
DECISION : PAUSE
MACHINE  : Machine-4
------------------------------------------------------------
[SEQ 460] [STATIC-BASELINE]
CMD      : G1 | effects={'dx': 165.61, 'dy': 118.046, 'dz': 0.0, 'de': -8.6875, 'xy_dist': 203.3753431859428, 'params': {'G': 1.0, 'X': 165.71, 'Y': 118.146, 'E': 11.3125}}
DECISION : ALLOW
------------------------------------------------------------
[SEQ 460] [IEEE-BASELINE]
SCORE    : anomaly_score=0.000
DECISION : ALLOW
------------------------------------------------------------
[SEQ 461] [LAYER 0]
CMD      : G1 X0.1 Y0.1 E20 F600
TRUST    : acc_cmd=1.000 | acc_exec=0.000 | trust=0.038
DECISION : PAUSE
MACHINE  : Machine-4
------------------------------------------------------------
[SEQ 461] [STATIC-BASELINE]
CMD      : G1 | effects={'dx': -165.61, 'dy': -118.046, 'dz': 0.0, 'de': 8.6875, 'xy_dist': 203.3753431859428, 'params': {'G': 1.0, 'X': 0.1, 'Y': 0.1, 'E': 20.0, 'F': 600.0}}
DECISION : ALLOW
------------------------------------------------------------
[SEQ 461] [IEEE-BASELINE]
SCORE    : anomaly_score=0.000
DECISION : ALLOW
------------------------------------------------------------
[SEQ 462] [LAYER 0]
CMD      : G1 X166.728 Y119.01 E11.33803
TRUST    : acc_cmd=0.000 | acc_exec=0.333 | trust=0.050
DECISION : PAUSE
MACHINE  : Machine-4
------------------------------------------------------------
[SEQ 462] [STATIC-BASELINE]
CMD      : G1 | effects={'dx': 166.62800000000001, 'dy': 118.91000000000001, 'dz': 0.0, 'de': -8.66197, 'xy_dist': 204.70583402531548, 'params': {'G': 1.0, 'X': 166.728, 'Y': 119.01, 'E': 11.33803}}
DECISION : ALLOW
------------------------------------------------------------
[SEQ 462] [IEEE-BASELINE]
SCORE    : anomaly_score=0.000
DECISION : ALLOW
------------------------------------------------------------
[SEQ 463] [LAYER 0]
CMD      : G1 X0.1 Y0.1 E20 F600
TRUST    : acc_cmd=1.000 | acc_exec=0.000 | trust=0.025
DECISION : PAUSE
MACHINE  : Machine-4
------------------------------------------------------------
[SEQ 463] [STATIC-BASELINE]
CMD      : G1 | effects={'dx': -166.62800000000001, 'dy': -118.91000000000001, 'dz': 0.0, 'de': 8.66197, 'xy_dist': 204.70583402531548, 'params': {'G': 1.0, 'X': 0.1, 'Y': 0.1, 'E': 20.0, 'F': 600.0}}
DECISION : ALLOW
------------------------------------------------------------
[SEQ 463] [IEEE-BASELINE]
SCORE    : anomaly_score=0.000
DECISION : ALLOW
------------------------------------------------------------
[SEQ 464] [LAYER 0]
CMD      : G1 X0.1 Y0.1 E20 F600
TRUST    : acc_cmd=1.000 | acc_exec=0.000 | trust=0.012
DECISION : PAUSE
MACHINE  : Machine-4
------------------------------------------------------------
[SEQ 464] [STATIC-BASELINE]
CMD      : G1 | effects={'dx': 0.0, 'dy': 0.0, 'dz': 0.0, 'de': 0.0, 'xy_dist': 0.0, 'params': {'G': 1.0, 'X': 0.1, 'Y': 0.1, 'E': 20.0, 'F': 600.0}}
DECISION : ALLOW
------------------------------------------------------------
[SEQ 464] [IEEE-BASELINE]
SCORE    : anomaly_score=0.000
DECISION : ALLOW
------------------------------------------------------------
[SEQ 465] [LAYER 0]
CMD      : G1 X0.1 Y0.1 E20 F600
TRUST    : acc_cmd=1.000 | acc_exec=0.000 | trust=0.006
DECISION : PAUSE
MACHINE  : Machine-4
------------------------------------------------------------
[SEQ 465] [STATIC-BASELINE]
CMD      : G1 | effects={'dx': 0.0, 'dy': 0.0, 'dz': 0.0, 'de': 0.0, 'xy_dist': 0.0, 'params': {'G': 1.0, 'X': 0.1, 'Y': 0.1, 'E': 20.0, 'F': 600.0}}
DECISION : ALLOW
------------------------------------------------------------
[SEQ 465] [IEEE-BASELINE]
SCORE    : anomaly_score=0.000
DECISION : ALLOW
------------------------------------------------------------
[SEQ 466] [LAYER 0]
CMD      : G1 X166.52 Y121.274 E11.38341
TRUST    : acc_cmd=0.000 | acc_exec=0.326 | trust=0.014
DECISION : PAUSE
MACHINE  : Machine-4
------------------------------------------------------------
[SEQ 466] [STATIC-BASELINE]
CMD      : G1 | effects={'dx': 166.42000000000002, 'dy': 121.174, 'dz': 0.0, 'de': -8.61659, 'xy_dist': 205.86100814870215, 'params': {'G': 1.0, 'X': 166.52, 'Y': 121.274, 'E': 11.38341}}
DECISION : ALLOW
------------------------------------------------------------
[SEQ 466] [IEEE-BASELINE]
SCORE    : anomaly_score=0.000
DECISION : ALLOW
------------------------------------------------------------
[SEQ 467] [LAYER 0]
CMD      : G1 X0.1 Y0.1 E20 F600
TRUST    : acc_cmd=1.000 | acc_exec=0.000 | trust=0.009
DECISION : PAUSE
MACHINE  : Machine-4
------------------------------------------------------------
[SEQ 467] [STATIC-BASELINE]
CMD      : G1 | effects={'dx': -166.42000000000002, 'dy': -121.174, 'dz': 0.0, 'de': 8.61659, 'xy_dist': 205.86100814870215, 'params': {'G': 1.0, 'X': 0.1, 'Y': 0.1, 'E': 20.0, 'F': 600.0}}
DECISION : ALLOW
------------------------------------------------------------
[SEQ 467] [IEEE-BASELINE]
SCORE    : anomaly_score=0.000
DECISION : ALLOW
------------------------------------------------------------
[SEQ 468] [LAYER 0]
CMD      : G1 X0.1 Y0.1 E20 F600
TRUST    : acc_cmd=1.000 | acc_exec=0.000 | trust=0.005
DECISION : PAUSE
MACHINE  : Machine-4
------------------------------------------------------------
[SEQ 468] [STATIC-BASELINE]
CMD      : G1 | effects={'dx': 0.0, 'dy': 0.0, 'dz': 0.0, 'de': 0.0, 'xy_dist': 0.0, 'params': {'G': 1.0, 'X': 0.1, 'Y': 0.1, 'E': 20.0, 'F': 600.0}}
DECISION : ALLOW
------------------------------------------------------------
[SEQ 468] [IEEE-BASELINE]
SCORE    : anomaly_score=0.000
DECISION : ALLOW
------------------------------------------------------------
[SEQ 469] [LAYER 0]
CMD      : G1 X165.306 Y121.959 E11.41019
TRUST    : acc_cmd=0.000 | acc_exec=0.322 | trust=0.016
DECISION : PAUSE
MACHINE  : Machine-4
------------------------------------------------------------
[SEQ 469] [STATIC-BASELINE]
CMD      : G1 | effects={'dx': 165.20600000000002, 'dy': 121.85900000000001, 'dz': 0.0, 'de': -8.58981, 'xy_dist': 205.2867222131037, 'params': {'G': 1.0, 'X': 165.306, 'Y': 121.959, 'E': 11.41019}}
DECISION : ALLOW
------------------------------------------------------------
[SEQ 469] [IEEE-BASELINE]
SCORE    : anomaly_score=0.000
DECISION : ALLOW
------------------------------------------------------------
[SEQ 470] [LAYER 0]
CMD      : G1 X164.719 Y121.972 E11.42123
TRUST    : acc_cmd=0.000 | acc_exec=0.000 | trust=0.071
DECISION : PAUSE
MACHINE  : Machine-4
------------------------------------------------------------
[SEQ 470] [STATIC-BASELINE]
CMD      : G1 | effects={'dx': -0.5870000000000175, 'dy': 0.012999999999991019, 'dz': 0.0, 'de': 0.011039999999999495, 'xy_dist': 0.5871439346531823, 'params': {'G': 1.0, 'X': 164.719, 'Y': 121.972, 'E': 11.42123}}
DECISION : ALLOW
------------------------------------------------------------
[SEQ 470] [IEEE-BASELINE]
SCORE    : anomaly_score=0.000
DECISION : ALLOW
------------------------------------------------------------
[SEQ 471] [LAYER 0]
CMD      : G1 X0.1 Y0.1 E20 F600
TRUST    : acc_cmd=1.000 | acc_exec=0.000 | trust=0.036
DECISION : PAUSE
MACHINE  : Machine-4
------------------------------------------------------------
[SEQ 471] [STATIC-BASELINE]
CMD      : G1 | effects={'dx': -164.619, 'dy': -121.872, 'dz': 0.0, 'de': 8.57877, 'xy_dist': 204.82236094967757, 'params': {'G': 1.0, 'X': 0.1, 'Y': 0.1, 'E': 20.0, 'F': 600.0}}
DECISION : ALLOW
------------------------------------------------------------
[SEQ 471] [IEEE-BASELINE]
SCORE    : anomaly_score=0.000
DECISION : ALLOW
------------------------------------------------------------
[SEQ 472] [LAYER 0]
CMD      : G1 X0.1 Y0.1 E20 F600
TRUST    : acc_cmd=1.000 | acc_exec=0.000 | trust=0.017
DECISION : PAUSE
MACHINE  : Machine-4
------------------------------------------------------------
[SEQ 472] [STATIC-BASELINE]
CMD      : G1 | effects={'dx': 0.0, 'dy': 0.0, 'dz': 0.0, 'de': 0.0, 'xy_dist': 0.0, 'params': {'G': 1.0, 'X': 0.1, 'Y': 0.1, 'E': 20.0, 'F': 600.0}}
DECISION : ALLOW
------------------------------------------------------------
[SEQ 472] [IEEE-BASELINE]
SCORE    : anomaly_score=0.000
DECISION : ALLOW
------------------------------------------------------------
[SEQ 473] [LAYER 0]
CMD      : G1 X163.203 Y120.872 E11.45766
TRUST    : acc_cmd=0.000 | acc_exec=0.314 | trust=0.027
DECISION : PAUSE
MACHINE  : Machine-4
------------------------------------------------------------
[SEQ 473] [STATIC-BASELINE]
CMD      : G1 | effects={'dx': 163.103, 'dy': 120.772, 'dz': 0.0, 'de': -8.54234, 'xy_dist': 202.94941387695607, 'params': {'G': 1.0, 'X': 163.203, 'Y': 120.872, 'E': 11.45766}}
DECISION : ALLOW
------------------------------------------------------------
[SEQ 473] [IEEE-BASELINE]
SCORE    : anomaly_score=0.000
DECISION : ALLOW
------------------------------------------------------------
[SEQ 474] [LAYER 0]
CMD      : G1 X163.041 Y120.303 E11.46879
TRUST    : acc_cmd=0.000 | acc_exec=0.000 | trust=0.091
DECISION : PAUSE
MACHINE  : Machine-4
------------------------------------------------------------
[SEQ 474] [STATIC-BASELINE]
CMD      : G1 | effects={'dx': -0.16200000000000614, 'dy': -0.5690000000000026, 'dz': 0.0, 'de': 0.01112999999999964, 'xy_dist': 0.5916122040661475, 'params': {'G': 1.0, 'X': 163.041, 'Y': 120.303, 'E': 11.46879}}
DECISION : ALLOW
------------------------------------------------------------
[SEQ 474] [IEEE-BASELINE]
SCORE    : anomaly_score=0.000
DECISION : ALLOW
------------------------------------------------------------
[SEQ 475] [LAYER 0]
CMD      : G1 X163.032 Y119.69 E11.48032
TRUST    : acc_cmd=0.000 | acc_exec=0.000 | trust=0.215
DECISION : PAUSE
MACHINE  : Machine-4
------------------------------------------------------------
[SEQ 475] [STATIC-BASELINE]
CMD      : G1 | effects={'dx': -0.00899999999998613, 'dy': -0.6129999999999995, 'dz': 0.0, 'de': 0.011530000000000484, 'xy_dist': 0.613066064955482, 'params': {'G': 1.0, 'X': 163.032, 'Y': 119.69, 'E': 11.48032}}
DECISION : ALLOW
------------------------------------------------------------
[SEQ 475] [IEEE-BASELINE]
SCORE    : anomaly_score=0.000
DECISION : ALLOW
------------------------------------------------------------
[SEQ 476] [LAYER 0]
CMD      : G1 X163.295 Y118.97 E11.49474
TRUST    : acc_cmd=0.000 | acc_exec=0.000 | trust=0.376
DECISION : PAUSE
MACHINE  : Machine-4
------------------------------------------------------------
[SEQ 476] [STATIC-BASELINE]
CMD      : G1 | effects={'dx': 0.2629999999999768, 'dy': -0.7199999999999989, 'dz': 0.0, 'de': 0.014419999999999433, 'xy_dist': 0.766530495153315, 'params': {'G': 1.0, 'X': 163.295, 'Y': 118.97, 'E': 11.49474}}
DECISION : ALLOW
------------------------------------------------------------
[SEQ 476] [IEEE-BASELINE]
SCORE    : anomaly_score=0.000
DECISION : ALLOW
------------------------------------------------------------
[SEQ 477] [LAYER 0]
CMD      : G0 F3600 X163.949 Y119.441
TRUST    : acc_cmd=0.000 | acc_exec=0.000 | trust=0.539
DECISION : ALLOW
MACHINE  : Machine-4
------------------------------------------------------------
[SEQ 477] [STATIC-BASELINE]
CMD      : G0 | effects={'dx': 0.6540000000000248, 'dy': 0.47100000000000364, 'dz': 0.0, 'de': 0.0, 'xy_dist': 0.8059509910658562, 'params': {'G': 0.0, 'F': 3600.0, 'X': 163.949, 'Y': 119.441}}
DECISION : ALLOW
------------------------------------------------------------
[SEQ 477] [IEEE-BASELINE]
SCORE    : anomaly_score=0.000
DECISION : ALLOW
------------------------------------------------------------
[SEQ 478] [LAYER 0]
CMD      : G1 F1800 X164.261 Y119.069 E11.50387
TRUST    : acc_cmd=0.000 | acc_exec=0.000 | trust=0.677
DECISION : ALLOW
MACHINE  : Machine-4
------------------------------------------------------------
[SEQ 478] [STATIC-BASELINE]
CMD      : G1 | effects={'dx': 0.3119999999999834, 'dy': -0.3719999999999999, 'dz': 0.0, 'de': 0.009129999999998972, 'xy_dist': 0.48551827977944306, 'params': {'G': 1.0, 'F': 1800.0, 'X': 164.261, 'Y': 119.069, 'E': 11.50387}}
DECISION : ALLOW
------------------------------------------------------------
[SEQ 478] [IEEE-BASELINE]
SCORE    : anomaly_score=0.000
DECISION : ALLOW
------------------------------------------------------------
[SEQ 479] [LAYER 0]
CMD      : G1 X164.724 Y118.842 E11.51357
TRUST    : acc_cmd=0.000 | acc_exec=0.000 | trust=0.784
DECISION : ALLOW
MACHINE  : Machine-4
------------------------------------------------------------
[SEQ 479] [STATIC-BASELINE]
CMD      : G1 | effects={'dx': 0.46299999999999386, 'dy': -0.22700000000000387, 'dz': 0.0, 'de': 0.009700000000000486, 'xy_dist': 0.5156529840891024, 'params': {'G': 1.0, 'X': 164.724, 'Y': 118.842, 'E': 11.51357}}
DECISION : ALLOW
------------------------------------------------------------
[SEQ 479] [IEEE-BASELINE]
SCORE    : anomaly_score=0.000
DECISION : ALLOW
------------------------------------------------------------
[SEQ 480] [LAYER 0]
CMD      : G1 X165.125 Y118.815 E11.52113
TRUST    : acc_cmd=0.000 | acc_exec=0.000 | trust=0.860
DECISION : ALLOW
MACHINE  : Machine-4
------------------------------------------------------------
[SEQ 480] [STATIC-BASELINE]
CMD      : G1 | effects={'dx': 0.40100000000001046, 'dy': -0.027000000000001023, 'dz': 0.0, 'de': 0.007559999999999789, 'xy_dist': 0.40190794966012855, 'params': {'G': 1.0, 'X': 165.125, 'Y': 118.815, 'E': 11.52113}}
DECISION : ALLOW
------------------------------------------------------------
[SEQ 480] [IEEE-BASELINE]
SCORE    : anomaly_score=0.000
DECISION : ALLOW
------------------------------------------------------------
[SEQ 481] [LAYER 0]
CMD      : G1 X165.498 Y118.918 E11.52841
TRUST    : acc_cmd=0.000 | acc_exec=0.000 | trust=0.911
DECISION : ALLOW
MACHINE  : Machine-4
------------------------------------------------------------
[SEQ 481] [STATIC-BASELINE]
CMD      : G1 | effects={'dx': 0.37299999999999045, 'dy': 0.10300000000000864, 'dz': 0.0, 'de': 0.007279999999999731, 'xy_dist': 0.38695994624766356, 'params': {'G': 1.0, 'X': 165.498, 'Y': 118.918, 'E': 11.52841}}
DECISION : ALLOW
------------------------------------------------------------
[SEQ 481] [IEEE-BASELINE]
SCORE    : anomaly_score=0.000
DECISION : ALLOW
------------------------------------------------------------
[SEQ 482] [LAYER 0]
CMD      : G1 X165.759 Y119.081 E11.5342
TRUST    : acc_cmd=0.000 | acc_exec=0.000 | trust=0.944
DECISION : ALLOW
MACHINE  : Machine-4
------------------------------------------------------------
[SEQ 482] [STATIC-BASELINE]
CMD      : G1 | effects={'dx': 0.2609999999999957, 'dy': 0.1629999999999967, 'dz': 0.0, 'de': 0.005790000000001072, 'xy_dist': 0.3077174028227794, 'params': {'G': 1.0, 'X': 165.759, 'Y': 119.081, 'E': 11.5342}}
DECISION : ALLOW
------------------------------------------------------------
[SEQ 482] [IEEE-BASELINE]
SCORE    : anomaly_score=0.000
DECISION : ALLOW
------------------------------------------------------------
[SEQ 483] [LAYER 0]
CMD      : G1 X166.062 Y119.461 E11.54334
TRUST    : acc_cmd=0.000 | acc_exec=0.000 | trust=0.966
DECISION : ALLOW
MACHINE  : Machine-4
------------------------------------------------------------
[SEQ 483] [STATIC-BASELINE]
CMD      : G1 | effects={'dx': 0.3030000000000257, 'dy': 0.37999999999999545, 'dz': 0.0, 'de': 0.00914000000000037, 'xy_dist': 0.48601337430158453, 'params': {'G': 1.0, 'X': 166.062, 'Y': 119.461, 'E': 11.54334}}
DECISION : ALLOW
------------------------------------------------------------
[SEQ 483] [IEEE-BASELINE]
SCORE    : anomaly_score=0.000
DECISION : ALLOW
------------------------------------------------------------
[SEQ 484] [LAYER 0]
CMD      : G1 X166.188 Y119.894 E11.55182
TRUST    : acc_cmd=0.000 | acc_exec=0.000 | trust=0.979
DECISION : ALLOW
MACHINE  : Machine-4
------------------------------------------------------------
[SEQ 484] [STATIC-BASELINE]
CMD      : G1 | effects={'dx': 0.12599999999997635, 'dy': 0.43300000000000693, 'dz': 0.0, 'de': 0.00847999999999871, 'xy_dist': 0.45096008692566136, 'params': {'G': 1.0, 'X': 166.188, 'Y': 119.894, 'E': 11.55182}}
DECISION : ALLOW
------------------------------------------------------------
[SEQ 484] [IEEE-BASELINE]
SCORE    : anomaly_score=0.000
DECISION : ALLOW
------------------------------------------------------------
[SEQ 485] [LAYER 0]
CMD      : G1 X166.175 Y120.204 E11.55766
TRUST    : acc_cmd=0.000 | acc_exec=0.000 | trust=0.987
DECISION : ALLOW
MACHINE  : Machine-4
------------------------------------------------------------
[SEQ 485] [STATIC-BASELINE]
CMD      : G1 | effects={'dx': -0.012999999999976808, 'dy': 0.30999999999998806, 'dz': 0.0, 'de': 0.0058400000000009555, 'xy_dist': 0.3102724609113609, 'params': {'G': 1.0, 'X': 166.175, 'Y': 120.204, 'E': 11.55766}}
DECISION : ALLOW
------------------------------------------------------------
[SEQ 485] [IEEE-BASELINE]
SCORE    : anomaly_score=0.000
DECISION : ALLOW
------------------------------------------------------------
[SEQ 486] [LAYER 0]
CMD      : G1 X0.1 Y0.1 E20 F600
TRUST    : acc_cmd=1.000 | acc_exec=0.000 | trust=0.425
DECISION : PAUSE
MACHINE  : Machine-4
------------------------------------------------------------
[SEQ 486] [STATIC-BASELINE]
CMD      : G1 | effects={'dx': -166.07500000000002, 'dy': -120.104, 'dz': 0.0, 'de': 8.44234, 'xy_dist': 204.95335186573556, 'params': {'G': 1.0, 'X': 0.1, 'Y': 0.1, 'E': 20.0, 'F': 600.0}}
DECISION : ALLOW
------------------------------------------------------------
[SEQ 486] [IEEE-BASELINE]
SCORE    : anomaly_score=0.000
DECISION : ALLOW
------------------------------------------------------------
[SEQ 487] [LAYER 0]
CMD      : G1 X165.919 Y120.759 E11.56925
TRUST    : acc_cmd=0.000 | acc_exec=0.297 | trust=0.269
DECISION : PAUSE
MACHINE  : Machine-4
------------------------------------------------------------
[SEQ 487] [STATIC-BASELINE]
CMD      : G1 | effects={'dx': 165.81900000000002, 'dy': 120.659, 'dz': 0.0, 'de': -8.43075, 'xy_dist': 205.07202403545932, 'params': {'G': 1.0, 'X': 165.919, 'Y': 120.759, 'E': 11.56925}}
DECISION : ALLOW
------------------------------------------------------------
[SEQ 487] [IEEE-BASELINE]
SCORE    : anomaly_score=0.000
DECISION : ALLOW
------------------------------------------------------------
[SEQ 488] [LAYER 0]
CMD      : G1 X165.553 Y121.057 E11.57813
TRUST    : acc_cmd=0.000 | acc_exec=0.000 | trust=0.311
DECISION : PAUSE
MACHINE  : Machine-4
------------------------------------------------------------
[SEQ 488] [STATIC-BASELINE]
CMD      : G1 | effects={'dx': -0.36600000000001387, 'dy': 0.2980000000000018, 'dz': 0.0, 'de': 0.008879999999999555, 'xy_dist': 0.47197457558645173, 'params': {'G': 1.0, 'X': 165.553, 'Y': 121.057, 'E': 11.57813}}
DECISION : ALLOW
------------------------------------------------------------
[SEQ 488] [IEEE-BASELINE]
SCORE    : anomaly_score=0.000
DECISION : ALLOW
------------------------------------------------------------
[SEQ 489] [LAYER 0]
CMD      : G1 X165.272 Y121.16 E11.58376
TRUST    : acc_cmd=0.000 | acc_exec=0.000 | trust=0.438
DECISION : PAUSE
MACHINE  : Machine-4
------------------------------------------------------------
[SEQ 489] [STATIC-BASELINE]
CMD      : G1 | effects={'dx': -0.2810000000000059, 'dy': 0.10299999999999443, 'dz': 0.0, 'de': 0.005630000000000024, 'xy_dist': 0.29928247526375845, 'params': {'G': 1.0, 'X': 165.272, 'Y': 121.16, 'E': 11.58376}}
DECISION : ALLOW
------------------------------------------------------------
[SEQ 489] [IEEE-BASELINE]
SCORE    : anomaly_score=0.000
DECISION : ALLOW
------------------------------------------------------------
[SEQ 490] [LAYER 0]
CMD      : G1 X0.1 Y0.1 E20 F600
TRUST    : acc_cmd=1.000 | acc_exec=0.000 | trust=0.195
DECISION : PAUSE
MACHINE  : Machine-4
------------------------------------------------------------
[SEQ 490] [STATIC-BASELINE]
CMD      : G1 | effects={'dx': -165.172, 'dy': -121.06, 'dz': 0.0, 'de': 8.41624, 'xy_dist': 204.78601803834167, 'params': {'G': 1.0, 'X': 0.1, 'Y': 0.1, 'E': 20.0, 'F': 600.0}}
DECISION : ALLOW
------------------------------------------------------------
[SEQ 490] [IEEE-BASELINE]
SCORE    : anomaly_score=0.000
DECISION : ALLOW
------------------------------------------------------------
[SEQ 491] [LAYER 0]
CMD      : G1 X164.502 Y121.082 E11.59852
TRUST    : acc_cmd=0.000 | acc_exec=0.293 | trust=0.157
DECISION : PAUSE
MACHINE  : Machine-4
------------------------------------------------------------
[SEQ 491] [STATIC-BASELINE]
CMD      : G1 | effects={'dx': 164.40200000000002, 'dy': 120.982, 'dz': 0.0, 'de': -8.40148, 'xy_dist': 204.11923458606248, 'params': {'G': 1.0, 'X': 164.502, 'Y': 121.082, 'E': 11.59852}}
DECISION : ALLOW
------------------------------------------------------------
[SEQ 491] [IEEE-BASELINE]
SCORE    : anomaly_score=0.000
DECISION : ALLOW
------------------------------------------------------------
[SEQ 492] [LAYER 0]
CMD      : G1 X164.241 Y120.919 E11.60431
TRUST    : acc_cmd=0.000 | acc_exec=0.000 | trust=0.240
DECISION : PAUSE
MACHINE  : Machine-4
------------------------------------------------------------
[SEQ 492] [STATIC-BASELINE]
CMD      : G1 | effects={'dx': -0.2609999999999957, 'dy': -0.1629999999999967, 'dz': 0.0, 'de': 0.005789999999999296, 'xy_dist': 0.3077174028227794, 'params': {'G': 1.0, 'X': 164.241, 'Y': 120.919, 'E': 11.60431}}
DECISION : ALLOW
------------------------------------------------------------
[SEQ 492] [IEEE-BASELINE]
SCORE    : anomaly_score=0.000
DECISION : ALLOW
------------------------------------------------------------
[SEQ 493] [LAYER 0]
CMD      : G1 X163.943 Y120.553 E11.61319
TRUST    : acc_cmd=0.000 | acc_exec=0.000 | trust=0.384
DECISION : PAUSE
MACHINE  : Machine-4
------------------------------------------------------------
[SEQ 493] [STATIC-BASELINE]
CMD      : G1 | effects={'dx': -0.2980000000000018, 'dy': -0.36599999999999966, 'dz': 0.0, 'de': 0.008879999999999555, 'xy_dist': 0.47197457558644074, 'params': {'G': 1.0, 'X': 163.943, 'Y': 120.553, 'E': 11.61319}}
DECISION : ALLOW
------------------------------------------------------------
[SEQ 493] [IEEE-BASELINE]
SCORE    : anomaly_score=0.000
DECISION : ALLOW
------------------------------------------------------------
[SEQ 494] [LAYER 0]
CMD      : G1 X163.84 Y120.272 E11.61882
TRUST    : acc_cmd=0.000 | acc_exec=0.000 | trust=0.540
DECISION : ALLOW
MACHINE  : Machine-4
------------------------------------------------------------
[SEQ 494] [STATIC-BASELINE]
CMD      : G1 | effects={'dx': -0.10300000000000864, 'dy': -0.2809999999999917, 'dz': 0.0, 'de': 0.005630000000000024, 'xy_dist': 0.29928247526375, 'params': {'G': 1.0, 'X': 163.84, 'Y': 120.272, 'E': 11.61882}}
DECISION : ALLOW
------------------------------------------------------------
[SEQ 494] [IEEE-BASELINE]
SCORE    : anomaly_score=0.000
DECISION : ALLOW
------------------------------------------------------------
[SEQ 495] [LAYER 0]
CMD      : G1 X163.815 Y119.876 E11.62628
TRUST    : acc_cmd=0.000 | acc_exec=0.000 | trust=0.677
DECISION : ALLOW
MACHINE  : Machine-4
------------------------------------------------------------
[SEQ 495] [STATIC-BASELINE]
CMD      : G1 | effects={'dx': -0.025000000000005684, 'dy': -0.3960000000000008, 'dz': 0.0, 'de': 0.007460000000000022, 'xy_dist': 0.39678835668401474, 'params': {'G': 1.0, 'X': 163.815, 'Y': 119.876, 'E': 11.62628}}
DECISION : ALLOW
------------------------------------------------------------
[SEQ 495] [IEEE-BASELINE]
SCORE    : anomaly_score=0.000
DECISION : ALLOW
------------------------------------------------------------
[SEQ 496] [LAYER 0]
CMD      : G1 X163.949 Y119.441 E11.63485
TRUST    : acc_cmd=0.000 | acc_exec=0.000 | trust=0.783
DECISION : ALLOW
MACHINE  : Machine-4
------------------------------------------------------------
[SEQ 496] [STATIC-BASELINE]
CMD      : G1 | effects={'dx': 0.13400000000001455, 'dy': -0.4350000000000023, 'dz': 0.0, 'de': 0.008570000000000633, 'xy_dist': 0.4551713962893603, 'params': {'G': 1.0, 'X': 163.949, 'Y': 119.441, 'E': 11.63485}}
DECISION : ALLOW
------------------------------------------------------------
[SEQ 496] [IEEE-BASELINE]
SCORE    : anomaly_score=0.000
DECISION : ALLOW
------------------------------------------------------------
[SEQ 497] [LAYER 0]
CMD      : G0 F3600 X163.643 Y119.184
TRUST    : acc_cmd=0.000 | acc_exec=0.000 | trust=0.859
DECISION : ALLOW
MACHINE  : Machine-4
------------------------------------------------------------
[SEQ 497] [STATIC-BASELINE]
CMD      : G0 | effects={'dx': -0.3060000000000116, 'dy': -0.257000000000005, 'dz': 0.0, 'de': 0.0, 'xy_dist': 0.3996060560101782, 'params': {'G': 0.0, 'F': 3600.0, 'X': 163.643, 'Y': 119.184}}
DECISION : ALLOW
------------------------------------------------------------
[SEQ 497] [IEEE-BASELINE]
SCORE    : anomaly_score=0.000
DECISION : ALLOW
------------------------------------------------------------
[SEQ 498] [LAYER 0]
CMD      : G1 F1800 X164.085 Y118.71 E11.64704
TRUST    : acc_cmd=0.000 | acc_exec=0.000 | trust=0.910
DECISION : ALLOW
MACHINE  : Machine-4
------------------------------------------------------------
[SEQ 498] [STATIC-BASELINE]
CMD      : G1 | effects={'dx': 0.4420000000000073, 'dy': -0.47400000000000375, 'dz': 0.0, 'de': 0.012190000000000367, 'xy_dist': 0.6481049297760433, 'params': {'G': 1.0, 'F': 1800.0, 'X': 164.085, 'Y': 118.71, 'E': 11.64704}}
DECISION : ALLOW
------------------------------------------------------------
[SEQ 498] [IEEE-BASELINE]
SCORE    : anomaly_score=0.000
DECISION : ALLOW
------------------------------------------------------------
[SEQ 499] [LAYER 0]
CMD      : G1 X164.626 Y118.445 E11.65837
TRUST    : acc_cmd=0.000 | acc_exec=0.000 | trust=0.944
DECISION : ALLOW
MACHINE  : Machine-4
------------------------------------------------------------
[SEQ 499] [STATIC-BASELINE]
CMD      : G1 | effects={'dx': 0.5409999999999968, 'dy': -0.26500000000000057, 'dz': 0.0, 'de': 0.011329999999999174, 'xy_dist': 0.6024167992345473, 'params': {'G': 1.0, 'X': 164.626, 'Y': 118.445, 'E': 11.65837}}
DECISION : ALLOW
------------------------------------------------------------
[SEQ 499] [IEEE-BASELINE]
SCORE    : anomaly_score=0.000
DECISION : ALLOW
------------------------------------------------------------
[SEQ 500] [LAYER 0]
CMD      : G1 X165.231 Y118.429 E11.66975
TRUST    : acc_cmd=0.000 | acc_exec=0.000 | trust=0.965
DECISION : ALLOW
MACHINE  : Machine-4
------------------------------------------------------------
[SEQ 500] [STATIC-BASELINE]
CMD      : G1 | effects={'dx': 0.6049999999999898, 'dy': -0.015999999999991132, 'dz': 0.0, 'de': 0.011380000000000834, 'xy_dist': 0.605211533267491, 'params': {'G': 1.0, 'X': 165.231, 'Y': 118.429, 'E': 11.66975}}
DECISION : ALLOW
------------------------------------------------------------
[SEQ 500] [IEEE-BASELINE]
SCORE    : anomaly_score=0.000
DECISION : ALLOW
------------------------------------------------------------
[SEQ 501] [LAYER 0]
CMD      : G1 X0.1 Y0.1 E20 F600
TRUST    : acc_cmd=1.000 | acc_exec=0.000 | trust=0.416
DECISION : PAUSE
MACHINE  : Machine-4
------------------------------------------------------------
[SEQ 501] [STATIC-BASELINE]
CMD      : G1 | effects={'dx': -165.131, 'dy': -118.32900000000001, 'dz': 0.0, 'de': 8.33025, 'xy_dist': 203.15018927384736, 'params': {'G': 1.0, 'X': 0.1, 'Y': 0.1, 'E': 20.0, 'F': 600.0}}
DECISION : ALLOW
------------------------------------------------------------
[SEQ 501] [IEEE-BASELINE]
SCORE    : anomaly_score=0.000
DECISION : ALLOW
------------------------------------------------------------
[SEQ 502] [LAYER 0]
CMD      : G1 X165.971 Y118.742 E11.68499
TRUST    : acc_cmd=0.000 | acc_exec=0.279 | trust=0.265
DECISION : PAUSE
MACHINE  : Machine-4
------------------------------------------------------------
[SEQ 502] [STATIC-BASELINE]
CMD      : G1 | effects={'dx': 165.871, 'dy': 118.64200000000001, 'dz': 0.0, 'de': -8.31501, 'xy_dist': 203.93408936467685, 'params': {'G': 1.0, 'X': 165.971, 'Y': 118.742, 'E': 11.68499}}
DECISION : ALLOW
------------------------------------------------------------
[SEQ 502] [IEEE-BASELINE]
SCORE    : anomaly_score=0.000
DECISION : ALLOW
------------------------------------------------------------
[SEQ 503] [LAYER 0]
CMD      : G1 X166.375 Y119.212 E11.69664
TRUST    : acc_cmd=0.000 | acc_exec=0.000 | trust=0.309
DECISION : PAUSE
MACHINE  : Machine-4
------------------------------------------------------------
[SEQ 503] [STATIC-BASELINE]
CMD      : G1 | effects={'dx': 0.40399999999999636, 'dy': 0.46999999999999886, 'dz': 0.0, 'de': 0.011649999999999494, 'xy_dist': 0.6197709254232535, 'params': {'G': 1.0, 'X': 166.375, 'Y': 119.212, 'E': 11.69664}}
DECISION : ALLOW
------------------------------------------------------------
[SEQ 503] [IEEE-BASELINE]
SCORE    : anomaly_score=0.000
DECISION : ALLOW
------------------------------------------------------------
[SEQ 504] [LAYER 0]
CMD      : G1 X0.1 Y0.1 E20 F600
TRUST    : acc_cmd=1.000 | acc_exec=0.000 | trust=0.139
DECISION : PAUSE
MACHINE  : Machine-4
------------------------------------------------------------
[SEQ 504] [STATIC-BASELINE]
CMD      : G1 | effects={'dx': -166.275, 'dy': -119.11200000000001, 'dz': 0.0, 'de': 8.30336, 'xy_dist': 204.53616836393508, 'params': {'G': 1.0, 'X': 0.1, 'Y': 0.1, 'E': 20.0, 'F': 600.0}}
DECISION : ALLOW
------------------------------------------------------------
[SEQ 504] [IEEE-BASELINE]
SCORE    : anomaly_score=0.000
DECISION : ALLOW
------------------------------------------------------------
[SEQ 505] [LAYER 0]
CMD      : G1 X166.575 Y120.221 E11.71625
TRUST    : acc_cmd=0.000 | acc_exec=0.274 | trust=0.123
DECISION : PAUSE
MACHINE  : Machine-4
------------------------------------------------------------
[SEQ 505] [STATIC-BASELINE]
CMD      : G1 | effects={'dx': 166.475, 'dy': 120.12100000000001, 'dz': 0.0, 'de': -8.28375, 'xy_dist': 205.2875550684941, 'params': {'G': 1.0, 'X': 166.575, 'Y': 120.221, 'E': 11.71625}}
DECISION : ALLOW
------------------------------------------------------------
[SEQ 505] [IEEE-BASELINE]
SCORE    : anomaly_score=0.000
DECISION : ALLOW
------------------------------------------------------------
[SEQ 506] [LAYER 0]
CMD      : G1 X166.461 Y120.625 E11.72414
TRUST    : acc_cmd=0.000 | acc_exec=0.000 | trust=0.210
DECISION : PAUSE
MACHINE  : Machine-4
------------------------------------------------------------
[SEQ 506] [STATIC-BASELINE]
CMD      : G1 | effects={'dx': -0.1139999999999759, 'dy': 0.40399999999999636, 'dz': 0.0, 'de': 0.00788999999999973, 'xy_dist': 0.41977613081259346, 'params': {'G': 1.0, 'X': 166.461, 'Y': 120.625, 'E': 11.72414}}
DECISION : ALLOW
------------------------------------------------------------
[SEQ 506] [IEEE-BASELINE]
SCORE    : anomaly_score=0.000
DECISION : ALLOW
------------------------------------------------------------
[SEQ 507] [LAYER 0]
CMD      : G1 X166.257 Y120.973 E11.73173
TRUST    : acc_cmd=0.000 | acc_exec=0.000 | trust=0.357
DECISION : PAUSE
MACHINE  : Machine-4
------------------------------------------------------------
[SEQ 507] [STATIC-BASELINE]
CMD      : G1 | effects={'dx': -0.20400000000000773, 'dy': 0.347999999999999, 'dz': 0.0, 'de': 0.00759000000000043, 'xy_dist': 0.4033856715353217, 'params': {'G': 1.0, 'X': 166.257, 'Y': 120.973, 'E': 11.73173}}
DECISION : ALLOW
------------------------------------------------------------
[SEQ 507] [IEEE-BASELINE]
SCORE    : anomaly_score=0.000
DECISION : ALLOW
------------------------------------------------------------
[SEQ 508] [LAYER 0]
CMD      : G1 X165.753 Y121.413 E11.74432
TRUST    : acc_cmd=0.000 | acc_exec=0.000 | trust=0.517
DECISION : ALLOW
MACHINE  : Machine-4
------------------------------------------------------------
[SEQ 508] [STATIC-BASELINE]
CMD      : G1 | effects={'dx': -0.5040000000000191, 'dy': 0.4399999999999977, 'dz': 0.0, 'de': 0.012589999999999435, 'xy_dist': 0.6690411048657752, 'params': {'G': 1.0, 'X': 165.753, 'Y': 121.413, 'E': 11.74432}}
DECISION : ALLOW
------------------------------------------------------------
[SEQ 508] [IEEE-BASELINE]
SCORE    : anomaly_score=0.000
DECISION : ALLOW
------------------------------------------------------------
[SEQ 509] [LAYER 0]
CMD      : G1 X165.297 Y121.559 E11.75332
TRUST    : acc_cmd=0.000 | acc_exec=0.000 | trust=0.658
DECISION : ALLOW
MACHINE  : Machine-4
------------------------------------------------------------
[SEQ 509] [STATIC-BASELINE]
CMD      : G1 | effects={'dx': -0.45599999999998886, 'dy': 0.1460000000000008, 'dz': 0.0, 'de': 0.009000000000000341, 'xy_dist': 0.4788026733425682, 'params': {'G': 1.0, 'X': 165.297, 'Y': 121.559, 'E': 11.75332}}
DECISION : ALLOW
------------------------------------------------------------
[SEQ 509] [IEEE-BASELINE]
SCORE    : anomaly_score=0.000
DECISION : ALLOW
------------------------------------------------------------
[SEQ 510] [LAYER 0]
CMD      : G1 X0.1 Y0.1 E20 F600
TRUST    : acc_cmd=1.000 | acc_exec=0.000 | trust=0.289
DECISION : PAUSE
MACHINE  : Machine-4
------------------------------------------------------------
[SEQ 510] [STATIC-BASELINE]
CMD      : G1 | effects={'dx': -165.197, 'dy': -121.459, 'dz': 0.0, 'de': 8.24668, 'xy_dist': 205.04228220052565, 'params': {'G': 1.0, 'X': 0.1, 'Y': 0.1, 'E': 20.0, 'F': 600.0}}
DECISION : ALLOW
------------------------------------------------------------
[SEQ 510] [IEEE-BASELINE]
SCORE    : anomaly_score=0.000
DECISION : ALLOW
------------------------------------------------------------
[SEQ 511] [LAYER 0]
CMD      : G1 X164.396 Y121.468 E11.77054
TRUST    : acc_cmd=0.000 | acc_exec=0.266 | trust=0.205
DECISION : PAUSE
MACHINE  : Machine-4
------------------------------------------------------------
[SEQ 511] [STATIC-BASELINE]
CMD      : G1 | effects={'dx': 164.296, 'dy': 121.36800000000001, 'dz': 0.0, 'de': -8.22946, 'xy_dist': 204.26298499728236, 'params': {'G': 1.0, 'X': 164.396, 'Y': 121.468, 'E': 11.77054}}
DECISION : ALLOW
------------------------------------------------------------
[SEQ 511] [IEEE-BASELINE]
SCORE    : anomaly_score=0.000
DECISION : ALLOW
------------------------------------------------------------
[SEQ 512] [LAYER 0]
CMD      : G1 X163.931 Y121.172 E11.7809
TRUST    : acc_cmd=0.000 | acc_exec=0.000 | trust=0.274
DECISION : PAUSE
MACHINE  : Machine-4
------------------------------------------------------------
[SEQ 512] [STATIC-BASELINE]
CMD      : G1 | effects={'dx': -0.464999999999975, 'dy': -0.2960000000000065, 'dz': 0.0, 'de': 0.010360000000000369, 'xy_dist': 0.5512177428203673, 'params': {'G': 1.0, 'X': 163.931, 'Y': 121.172, 'E': 11.7809}}
DECISION : ALLOW
------------------------------------------------------------
[SEQ 512] [IEEE-BASELINE]
SCORE    : anomaly_score=0.000
DECISION : ALLOW
------------------------------------------------------------
[SEQ 513] [LAYER 0]
CMD      : G1 X163.567 Y120.691 E11.79225
TRUST    : acc_cmd=0.000 | acc_exec=0.000 | trust=0.412
DECISION : PAUSE
MACHINE  : Machine-4
------------------------------------------------------------
[SEQ 513] [STATIC-BASELINE]
CMD      : G1 | effects={'dx': -0.3640000000000043, 'dy': -0.48099999999999454, 'dz': 0.0, 'de': 0.011349999999998417, 'xy_dist': 0.6032056034222476, 'params': {'G': 1.0, 'X': 163.567, 'Y': 120.691, 'E': 11.79225}}
DECISION : ALLOW
------------------------------------------------------------
[SEQ 513] [IEEE-BASELINE]
SCORE    : anomaly_score=0.000
DECISION : ALLOW
------------------------------------------------------------
[SEQ 514] [LAYER 0]
CMD      : G1 X163.441 Y120.297 E11.80003
TRUST    : acc_cmd=0.000 | acc_exec=0.000 | trust=0.563
DECISION : ALLOW
MACHINE  : Machine-4
------------------------------------------------------------
[SEQ 514] [STATIC-BASELINE]
CMD      : G1 | effects={'dx': -0.12600000000000477, 'dy': -0.39400000000000546, 'dz': 0.0, 'de': 0.007780000000000342, 'xy_dist': 0.4136568626289252, 'params': {'G': 1.0, 'X': 163.441, 'Y': 120.297, 'E': 11.80003}}
DECISION : ALLOW
------------------------------------------------------------
[SEQ 514] [IEEE-BASELINE]
SCORE    : anomaly_score=0.000
DECISION : ALLOW
------------------------------------------------------------
[SEQ 515] [LAYER 0]
CMD      : G1 X163.433 Y119.758 E11.81017
TRUST    : acc_cmd=0.000 | acc_exec=0.000 | trust=0.694
DECISION : ALLOW
MACHINE  : Machine-4
------------------------------------------------------------
[SEQ 515] [STATIC-BASELINE]
CMD      : G1 | effects={'dx': -0.008000000000009777, 'dy': -0.5390000000000015, 'dz': 0.0, 'de': 0.010139999999999816, 'xy_dist': 0.53905936593292, 'params': {'G': 1.0, 'X': 163.433, 'Y': 119.758, 'E': 11.81017}}
DECISION : ALLOW
------------------------------------------------------------
[SEQ 515] [IEEE-BASELINE]
SCORE    : anomaly_score=0.000
DECISION : ALLOW
------------------------------------------------------------
[SEQ 516] [LAYER 0]
CMD      : G1 X163.643 Y119.184 E11.82167
TRUST    : acc_cmd=0.000 | acc_exec=0.000 | trust=0.795
DECISION : ALLOW
MACHINE  : Machine-4
------------------------------------------------------------
[SEQ 516] [STATIC-BASELINE]
CMD      : G1 | effects={'dx': 0.21000000000000796, 'dy': -0.5739999999999981, 'dz': 0.0, 'de': 0.011499999999999844, 'xy_dist': 0.6112086386824069, 'params': {'G': 1.0, 'X': 163.643, 'Y': 119.184, 'E': 11.82167}}
DECISION : ALLOW
------------------------------------------------------------
[SEQ 516] [IEEE-BASELINE]
SCORE    : anomaly_score=0.000
DECISION : ALLOW
------------------------------------------------------------
[SEQ 517] [LAYER 0]
CMD      : G0 F600 X163.643 Y119.184 Z0.4
TRUST    : acc_cmd=0.000 | acc_exec=0.000 | trust=0.867
DECISION : ALLOW
MACHINE  : Machine-4
------------------------------------------------------------
[SEQ 517] [STATIC-BASELINE]
CMD      : G0 | effects={'dx': 0.0, 'dy': 0.0, 'dz': 0.2, 'de': 0.0, 'xy_dist': 0.0, 'params': {'G': 0.0, 'F': 600.0, 'X': 163.643, 'Y': 119.184, 'Z': 0.4}}
DECISION : ALLOW
------------------------------------------------------------
[SEQ 517] [IEEE-BASELINE]
SCORE    : anomaly_score=0.000
DECISION : ALLOW
------------------------------------------------------------
[SEQ 518] [LAYER 0]
CMD      : G0 F3600 X164.422 Y119.159
TRUST    : acc_cmd=0.000 | acc_exec=0.000 | trust=0.916
DECISION : ALLOW
MACHINE  : Machine-4
------------------------------------------------------------
[SEQ 518] [STATIC-BASELINE]
CMD      : G0 | effects={'dx': 0.7789999999999964, 'dy': -0.024999999999991473, 'dz': 0.0, 'de': 0.0, 'xy_dist': 0.7794010520906383, 'params': {'G': 0.0, 'F': 3600.0, 'X': 164.422, 'Y': 119.159}}
DECISION : ALLOW
------------------------------------------------------------
[SEQ 518] [IEEE-BASELINE]
SCORE    : anomaly_score=0.000
DECISION : ALLOW
------------------------------------------------------------
[SEQ 519] [LAYER 0]
CMD      : ;TIME_ELAPSED:26.586445
TRUST    : acc_cmd=0.000 | acc_exec=0.000 | trust=0.947
DECISION : ALLOW
MACHINE  : Machine-4
------------------------------------------------------------
[SEQ 519] [STATIC-BASELINE]
CMD      : None | effects={}
DECISION : ALLOW
------------------------------------------------------------
[SEQ 519] [IEEE-BASELINE]
SCORE    : anomaly_score=0.000
DECISION : ALLOW
------------------------------------------------------------
[SEQ 520] [LAYER 1]
CMD      : ;LAYER:1
TRUST    : acc_cmd=0.000 | acc_exec=0.000 | trust=0.968
DECISION : ALLOW
MACHINE  : Machine-4
------------------------------------------------------------
[SEQ 520] [STATIC-BASELINE]
CMD      : None | effects={}
DECISION : ALLOW
------------------------------------------------------------
[SEQ 520] [IEEE-BASELINE]
SCORE    : anomaly_score=0.000
DECISION : ALLOW
------------------------------------------------------------
[SEQ 521] [LAYER 1]
CMD      : G1 X0.1 Y0.1 E20 F600
TRUST    : acc_cmd=1.000 | acc_exec=0.000 | trust=0.417
DECISION : PAUSE
MACHINE  : Machine-4
------------------------------------------------------------
[SEQ 521] [STATIC-BASELINE]
CMD      : G1 | effects={'dx': -164.322, 'dy': -119.05900000000001, 'dz': 0.0, 'de': 8.17833, 'xy_dist': 202.92058832213158, 'params': {'G': 1.0, 'X': 0.1, 'Y': 0.1, 'E': 20.0, 'F': 600.0}}
DECISION : ALLOW
------------------------------------------------------------
[SEQ 521] [IEEE-BASELINE]
SCORE    : anomaly_score=0.000
DECISION : ALLOW
------------------------------------------------------------
[SEQ 522] [LAYER 1]
CMD      : M106 S255
TRUST    : acc_cmd=0.000 | acc_exec=0.000 | trust=0.265
DECISION : PAUSE
MACHINE  : Machine-4
------------------------------------------------------------
[SEQ 522] [STATIC-BASELINE]
CMD      : M106 | effects={'M': 106.0, 'S': 255.0}
DECISION : ALLOW
------------------------------------------------------------
[SEQ 522] [IEEE-BASELINE]
SCORE    : anomaly_score=0.000
DECISION : ALLOW
------------------------------------------------------------
[SEQ 523] [LAYER 1]
CMD      : ;TYPE:WALL-OUTER
TRUST    : acc_cmd=0.000 | acc_exec=0.000 | trust=0.309
DECISION : PAUSE
MACHINE  : Machine-4
------------------------------------------------------------
[SEQ 523] [STATIC-BASELINE]
CMD      : None | effects={}
DECISION : ALLOW
------------------------------------------------------------
[SEQ 523] [IEEE-BASELINE]
SCORE    : anomaly_score=0.000
DECISION : ALLOW
------------------------------------------------------------
[SEQ 524] [LAYER 1]
CMD      : ;MESH:references\stl\flatplate.stl
TRUST    : acc_cmd=0.000 | acc_exec=0.000 | trust=0.437
DECISION : PAUSE
MACHINE  : Machine-4
------------------------------------------------------------
[SEQ 524] [STATIC-BASELINE]
CMD      : None | effects={}
DECISION : ALLOW
------------------------------------------------------------
[SEQ 524] [IEEE-BASELINE]
SCORE    : anomaly_score=0.000
DECISION : ALLOW
------------------------------------------------------------
[SEQ 525] [LAYER 1]
CMD      : G1 X0.1 Y0.1 E20 F600
TRUST    : acc_cmd=1.000 | acc_exec=0.000 | trust=0.195
DECISION : PAUSE
MACHINE  : Machine-4
------------------------------------------------------------
[SEQ 525] [STATIC-BASELINE]
CMD      : G1 | effects={'dx': 0.0, 'dy': 0.0, 'dz': 0.0, 'de': 0.0, 'xy_dist': 0.0, 'params': {'G': 1.0, 'X': 0.1, 'Y': 0.1, 'E': 20.0, 'F': 600.0}}
DECISION : ALLOW
------------------------------------------------------------
[SEQ 525] [IEEE-BASELINE]
SCORE    : anomaly_score=0.000
DECISION : ALLOW
------------------------------------------------------------
[SEQ 526] [LAYER 1]
CMD      : G1 X164.372 Y119.13 E11.82263
TRUST    : acc_cmd=1.000 | acc_exec=0.258 | trust=0.082
DECISION : PAUSE
MACHINE  : Machine-4
------------------------------------------------------------
[SEQ 526] [STATIC-BASELINE]
CMD      : G1 | effects={'dx': 164.27200000000002, 'dy': 119.03, 'dz': 0.0, 'de': -8.17737, 'xy_dist': 202.86308408382243, 'params': {'G': 1.0, 'X': 164.372, 'Y': 119.13, 'E': 11.82263}}
DECISION : ALLOW
------------------------------------------------------------
[SEQ 526] [IEEE-BASELINE]
SCORE    : anomaly_score=0.000
DECISION : ALLOW
------------------------------------------------------------
[SEQ 527] [LAYER 1]
CMD      : G1 X164.422 Y119.159 E11.82311
TRUST    : acc_cmd=0.000 | acc_exec=0.000 | trust=0.062
DECISION : PAUSE
MACHINE  : Machine-4
------------------------------------------------------------
[SEQ 527] [STATIC-BASELINE]
CMD      : G1 | effects={'dx': 0.04999999999998295, 'dy': 0.029000000000010573, 'dz': 0.0, 'de': 0.00047999999999959186, 'xy_dist': 0.057801384066464255, 'params': {'G': 1.0, 'X': 164.422, 'Y': 119.159, 'E': 11.82311}}
DECISION : ALLOW
------------------------------------------------------------
[SEQ 527] [IEEE-BASELINE]
SCORE    : anomaly_score=0.000
DECISION : ALLOW
------------------------------------------------------------
[SEQ 528] [LAYER 1]
CMD      : ;MESH:NONMESH
TRUST    : acc_cmd=0.000 | acc_exec=0.000 | trust=0.123
DECISION : PAUSE
MACHINE  : Machine-4
------------------------------------------------------------
[SEQ 528] [STATIC-BASELINE]
CMD      : None | effects={}
DECISION : ALLOW
------------------------------------------------------------
[SEQ 528] [IEEE-BASELINE]
SCORE    : anomaly_score=0.000
DECISION : ALLOW
------------------------------------------------------------
[SEQ 529] [LAYER 1]
CMD      : G0 F600 X164.422 Y119.159 Z0.6
TRUST    : acc_cmd=0.000 | acc_exec=0.000 | trust=0.251
DECISION : PAUSE
MACHINE  : Machine-4
------------------------------------------------------------
[SEQ 529] [STATIC-BASELINE]
CMD      : G0 | effects={'dx': 0.0, 'dy': 0.0, 'dz': 0.19999999999999996, 'de': 0.0, 'xy_dist': 0.0, 'params': {'G': 0.0, 'F': 600.0, 'X': 164.422, 'Y': 119.159, 'Z': 0.6}}
DECISION : ALLOW
------------------------------------------------------------
[SEQ 529] [IEEE-BASELINE]
SCORE    : anomaly_score=0.000
DECISION : ALLOW
------------------------------------------------------------
[SEQ 530] [LAYER 1]
CMD      : G0 F5400 X164.425 Y119.133
TRUST    : acc_cmd=0.000 | acc_exec=0.000 | trust=0.413
DECISION : PAUSE
MACHINE  : Machine-4
------------------------------------------------------------
[SEQ 530] [STATIC-BASELINE]
CMD      : G0 | effects={'dx': 0.0030000000000143245, 'dy': -0.02600000000001046, 'dz': 0.0, 'de': 0.0, 'xy_dist': 0.026172504656616833, 'params': {'G': 0.0, 'F': 5400.0, 'X': 164.425, 'Y': 119.133}}
DECISION : ALLOW
------------------------------------------------------------
[SEQ 530] [IEEE-BASELINE]
SCORE    : anomaly_score=0.000
DECISION : ALLOW
------------------------------------------------------------
[SEQ 531] [LAYER 1]
CMD      : ;TIME_ELAPSED:26.669138
TRUST    : acc_cmd=0.000 | acc_exec=0.000 | trust=0.571
DECISION : ALLOW
MACHINE  : Machine-4
------------------------------------------------------------
[SEQ 531] [STATIC-BASELINE]
CMD      : None | effects={}
DECISION : ALLOW
------------------------------------------------------------
[SEQ 531] [IEEE-BASELINE]
SCORE    : anomaly_score=0.000
DECISION : ALLOW
------------------------------------------------------------
[SEQ 532] [LAYER 2]
CMD      : ;LAYER:2
TRUST    : acc_cmd=0.000 | acc_exec=0.000 | trust=0.703
DECISION : ALLOW
MACHINE  : Machine-4
------------------------------------------------------------
[SEQ 532] [STATIC-BASELINE]
CMD      : None | effects={}
DECISION : ALLOW
------------------------------------------------------------
[SEQ 532] [IEEE-BASELINE]
SCORE    : anomaly_score=0.000
DECISION : ALLOW
------------------------------------------------------------
[SEQ 533] [LAYER 2]
CMD      : G1 X0.1 Y0.1 E20 F600
TRUST    : acc_cmd=1.000 | acc_exec=0.000 | trust=0.307
DECISION : PAUSE
MACHINE  : Machine-4
------------------------------------------------------------
[SEQ 533] [STATIC-BASELINE]
CMD      : G1 | effects={'dx': -164.32500000000002, 'dy': -119.033, 'dz': 0.0, 'de': 8.17689, 'xy_dist': 202.90776405549397, 'params': {'G': 1.0, 'X': 0.1, 'Y': 0.1, 'E': 20.0, 'F': 600.0}}
DECISION : ALLOW
------------------------------------------------------------
[SEQ 533] [IEEE-BASELINE]
SCORE    : anomaly_score=0.000
DECISION : ALLOW
------------------------------------------------------------
[SEQ 534] [LAYER 2]
CMD      : ;TYPE:WALL-OUTER
TRUST    : acc_cmd=0.000 | acc_exec=0.000 | trust=0.214
DECISION : PAUSE
MACHINE  : Machine-4
------------------------------------------------------------
[SEQ 534] [STATIC-BASELINE]
CMD      : None | effects={}
DECISION : ALLOW
------------------------------------------------------------
[SEQ 534] [IEEE-BASELINE]
SCORE    : anomaly_score=0.000
DECISION : ALLOW
------------------------------------------------------------
[SEQ 535] [LAYER 2]
CMD      : ;MESH:references\stl\flatplate.stl
TRUST    : acc_cmd=0.000 | acc_exec=0.000 | trust=0.279
DECISION : PAUSE
MACHINE  : Machine-4
------------------------------------------------------------
[SEQ 535] [STATIC-BASELINE]
CMD      : None | effects={}
DECISION : ALLOW
------------------------------------------------------------
[SEQ 535] [IEEE-BASELINE]
SCORE    : anomaly_score=0.000
DECISION : ALLOW
------------------------------------------------------------
[SEQ 536] [LAYER 2]
CMD      : G1 F663 X164.358 Y119.172 E11.82399
TRUST    : acc_cmd=1.000 | acc_exec=0.258 | trust=0.127
DECISION : PAUSE
MACHINE  : Machine-4
------------------------------------------------------------
[SEQ 536] [STATIC-BASELINE]
CMD      : G1 | effects={'dx': 164.258, 'dy': 119.072, 'dz': 0.0, 'de': -8.17601, 'xy_dist': 202.8763952459724, 'params': {'G': 1.0, 'F': 663.0, 'X': 164.358, 'Y': 119.172, 'E': 11.82399}}
DECISION : ALLOW
------------------------------------------------------------
[SEQ 536] [IEEE-BASELINE]
SCORE    : anomaly_score=0.000
DECISION : ALLOW
------------------------------------------------------------
[SEQ 537] [LAYER 2]
CMD      : G1 X164.357 Y119.094 E11.82488
TRUST    : acc_cmd=0.000 | acc_exec=0.000 | trust=0.117
DECISION : PAUSE
MACHINE  : Machine-4
------------------------------------------------------------
[SEQ 537] [STATIC-BASELINE]
CMD      : G1 | effects={'dx': -0.0010000000000047748, 'dy': -0.07800000000000296, 'dz': 0.0, 'de': 0.0008900000000000574, 'xy_dist': 0.07800640999302859, 'params': {'G': 1.0, 'X': 164.357, 'Y': 119.094, 'E': 11.82488}}
DECISION : ALLOW
------------------------------------------------------------
[SEQ 537] [IEEE-BASELINE]
SCORE    : anomaly_score=0.000
DECISION : ALLOW
------------------------------------------------------------
[SEQ 538] [LAYER 2]
CMD      : G1 X0.1 Y0.1 E20 F600
TRUST    : acc_cmd=1.000 | acc_exec=0.000 | trust=0.055
DECISION : PAUSE
MACHINE  : Machine-4
------------------------------------------------------------
[SEQ 538] [STATIC-BASELINE]
CMD      : G1 | effects={'dx': -164.257, 'dy': -118.994, 'dz': 0.0, 'de': 8.17512, 'xy_dist': 202.82981557207017, 'params': {'G': 1.0, 'X': 0.1, 'Y': 0.1, 'E': 20.0, 'F': 600.0}}
DECISION : ALLOW
------------------------------------------------------------
[SEQ 538] [IEEE-BASELINE]
SCORE    : anomaly_score=0.000
DECISION : ALLOW
------------------------------------------------------------
[SEQ 539] [LAYER 2]
CMD      : ;MESH:NONMESH
TRUST    : acc_cmd=0.000 | acc_exec=0.000 | trust=0.067
DECISION : PAUSE
MACHINE  : Machine-4
------------------------------------------------------------
[SEQ 539] [STATIC-BASELINE]
CMD      : None | effects={}
DECISION : ALLOW
------------------------------------------------------------
[SEQ 539] [IEEE-BASELINE]
SCORE    : anomaly_score=0.000
DECISION : ALLOW
------------------------------------------------------------
[SEQ 540] [LAYER 2]
CMD      : G0 F600 X164.425 Y119.133 Z0.8
TRUST    : acc_cmd=1.000 | acc_exec=0.000 | trust=0.033
DECISION : PAUSE
MACHINE  : Machine-4
------------------------------------------------------------
[SEQ 540] [STATIC-BASELINE]
CMD      : G0 | effects={'dx': 164.32500000000002, 'dy': 119.033, 'dz': 0.20000000000000007, 'de': 0.0, 'xy_dist': 202.90776405549397, 'params': {'G': 0.0, 'F': 600.0, 'X': 164.425, 'Y': 119.133, 'Z': 0.8}}
DECISION : ALLOW
------------------------------------------------------------
[SEQ 540] [IEEE-BASELINE]
SCORE    : anomaly_score=0.000
DECISION : ALLOW
------------------------------------------------------------
[SEQ 541] [LAYER 2]
CMD      : G0 F7200 X165.448 Y119.994
TRUST    : acc_cmd=0.000 | acc_exec=0.000 | trust=0.052
DECISION : PAUSE
MACHINE  : Machine-4
------------------------------------------------------------
[SEQ 541] [STATIC-BASELINE]
CMD      : G0 | effects={'dx': 1.0229999999999961, 'dy': 0.8610000000000042, 'dz': 0.0, 'de': 0.0, 'xy_dist': 1.337105081883993, 'params': {'G': 0.0, 'F': 7200.0, 'X': 165.448, 'Y': 119.994}}
DECISION : ALLOW
------------------------------------------------------------
[SEQ 541] [IEEE-BASELINE]
SCORE    : anomaly_score=0.000
DECISION : ALLOW
------------------------------------------------------------
[SEQ 542] [LAYER 2]
CMD      : ;TIME_ELAPSED:26.793130
TRUST    : acc_cmd=0.000 | acc_exec=0.000 | trust=0.137
DECISION : PAUSE
MACHINE  : Machine-4
------------------------------------------------------------
[SEQ 542] [STATIC-BASELINE]
CMD      : None | effects={}
DECISION : ALLOW
------------------------------------------------------------
[SEQ 542] [IEEE-BASELINE]
SCORE    : anomaly_score=0.000
DECISION : ALLOW
------------------------------------------------------------
[SEQ 543] [LAYER 3]
CMD      : ;LAYER:3
TRUST    : acc_cmd=0.000 | acc_exec=0.000 | trust=0.279
DECISION : PAUSE
MACHINE  : Machine-4
------------------------------------------------------------
[SEQ 543] [STATIC-BASELINE]
CMD      : None | effects={}
DECISION : ALLOW
------------------------------------------------------------
[SEQ 543] [IEEE-BASELINE]
SCORE    : anomaly_score=0.000
DECISION : ALLOW
------------------------------------------------------------
[SEQ 544] [LAYER 3]
CMD      : G1 X0.1 Y0.1 E20 F600
TRUST    : acc_cmd=0.000 | acc_exec=0.000 | trust=0.444
DECISION : PAUSE
MACHINE  : Machine-4
------------------------------------------------------------
[SEQ 544] [STATIC-BASELINE]
CMD      : G1 | effects={'dx': -165.348, 'dy': -119.894, 'dz': 0.0, 'de': 0.0, 'xy_dist': 204.24135805463106, 'params': {'G': 1.0, 'X': 0.1, 'Y': 0.1, 'E': 20.0, 'F': 600.0}}
DECISION : ALLOW
------------------------------------------------------------
[SEQ 544] [IEEE-BASELINE]
SCORE    : anomaly_score=0.000
DECISION : ALLOW
------------------------------------------------------------
[SEQ 545] [LAYER 3]
CMD      : M104 S210
TRUST    : acc_cmd=0.000 | acc_exec=0.000 | trust=0.599
DECISION : ALLOW
MACHINE  : Machine-4
------------------------------------------------------------
[SEQ 545] [STATIC-BASELINE]
CMD      : M104 | effects={'M': 104.0, 'S': 210.0, 'prev_temp': 0.0}
DECISION : ALLOW
------------------------------------------------------------
[SEQ 545] [IEEE-BASELINE]
SCORE    : anomaly_score=0.000
DECISION : ALLOW
------------------------------------------------------------
[SEQ 546] [LAYER 3]
CMD      : ;TYPE:WALL-OUTER
TRUST    : acc_cmd=0.000 | acc_exec=0.000 | trust=0.725
DECISION : ALLOW
MACHINE  : Machine-4
------------------------------------------------------------
[SEQ 546] [STATIC-BASELINE]
CMD      : None | effects={}
DECISION : ALLOW
------------------------------------------------------------
[SEQ 546] [IEEE-BASELINE]
SCORE    : anomaly_score=0.000
DECISION : ALLOW
------------------------------------------------------------
[SEQ 547] [LAYER 3]
CMD      : ;MESH:references\stl\flatplate.stl
TRUST    : acc_cmd=0.000 | acc_exec=0.000 | trust=0.818
DECISION : ALLOW
MACHINE  : Machine-4
------------------------------------------------------------
[SEQ 547] [STATIC-BASELINE]
CMD      : None | effects={}
DECISION : ALLOW
------------------------------------------------------------
[SEQ 547] [IEEE-BASELINE]
SCORE    : anomaly_score=0.000
DECISION : ALLOW
------------------------------------------------------------
[SEQ 548] [LAYER 3]
CMD      : G1 X0.1 Y0.1 E20 F600
TRUST    : acc_cmd=0.000 | acc_exec=0.000 | trust=0.883
DECISION : ALLOW
MACHINE  : Machine-4
------------------------------------------------------------
[SEQ 548] [STATIC-BASELINE]
CMD      : G1 | effects={'dx': 0.0, 'dy': 0.0, 'dz': 0.0, 'de': 0.0, 'xy_dist': 0.0, 'params': {'G': 1.0, 'X': 0.1, 'Y': 0.1, 'E': 20.0, 'F': 600.0}}
DECISION : ALLOW
------------------------------------------------------------
[SEQ 548] [IEEE-BASELINE]
SCORE    : anomaly_score=0.000
DECISION : ALLOW
------------------------------------------------------------
[SEQ 549] [LAYER 3]
CMD      : G1 X0.1 Y0.1 E20 F600
TRUST    : acc_cmd=0.000 | acc_exec=0.000 | trust=0.926
DECISION : ALLOW
MACHINE  : Machine-4
------------------------------------------------------------
[SEQ 549] [STATIC-BASELINE]
CMD      : G1 | effects={'dx': 0.0, 'dy': 0.0, 'dz': 0.0, 'de': 0.0, 'xy_dist': 0.0, 'params': {'G': 1.0, 'X': 0.1, 'Y': 0.1, 'E': 20.0, 'F': 600.0}}
DECISION : ALLOW
------------------------------------------------------------
[SEQ 549] [IEEE-BASELINE]
SCORE    : anomaly_score=0.000
DECISION : ALLOW
------------------------------------------------------------
[SEQ 550] [LAYER 3]
CMD      : G1 X165.448 Y119.994 E11.82659
TRUST    : acc_cmd=0.000 | acc_exec=0.257 | trust=0.647
DECISION : ALLOW
MACHINE  : Machine-4
------------------------------------------------------------
[SEQ 550] [STATIC-BASELINE]
CMD      : G1 | effects={'dx': 165.348, 'dy': 119.894, 'dz': 0.0, 'de': -8.17341, 'xy_dist': 204.24135805463106, 'params': {'G': 1.0, 'X': 165.448, 'Y': 119.994, 'E': 11.82659}}
DECISION : ALLOW
------------------------------------------------------------
[SEQ 550] [IEEE-BASELINE]
SCORE    : anomaly_score=0.000
DECISION : ALLOW
------------------------------------------------------------
[SEQ 551] [LAYER 3]
CMD      : G1 X0.1 Y0.1 E20 F600
TRUST    : acc_cmd=0.000 | acc_exec=0.000 | trust=0.636
DECISION : ALLOW
MACHINE  : Machine-4
------------------------------------------------------------
[SEQ 551] [STATIC-BASELINE]
CMD      : G1 | effects={'dx': -165.348, 'dy': -119.894, 'dz': 0.0, 'de': 8.17341, 'xy_dist': 204.24135805463106, 'params': {'G': 1.0, 'X': 0.1, 'Y': 0.1, 'E': 20.0, 'F': 600.0}}
DECISION : ALLOW
------------------------------------------------------------
[SEQ 551] [IEEE-BASELINE]
SCORE    : anomaly_score=0.000
DECISION : ALLOW
------------------------------------------------------------
[SEQ 552] [LAYER 3]
CMD      : G1 X0.1 Y0.1 E20 F600
TRUST    : acc_cmd=0.000 | acc_exec=0.000 | trust=0.709
DECISION : ALLOW
MACHINE  : Machine-4
------------------------------------------------------------
[SEQ 552] [STATIC-BASELINE]
CMD      : G1 | effects={'dx': 0.0, 'dy': 0.0, 'dz': 0.0, 'de': 0.0, 'xy_dist': 0.0, 'params': {'G': 1.0, 'X': 0.1, 'Y': 0.1, 'E': 20.0, 'F': 600.0}}
DECISION : ALLOW
------------------------------------------------------------
[SEQ 552] [IEEE-BASELINE]
SCORE    : anomaly_score=0.000
DECISION : ALLOW
------------------------------------------------------------
[SEQ 553] [LAYER 3]
CMD      : G0 F600 X165.448 Y119.994 Z1
TRUST    : acc_cmd=0.000 | acc_exec=0.000 | trust=0.791
DECISION : ALLOW
MACHINE  : Machine-4
------------------------------------------------------------
[SEQ 553] [STATIC-BASELINE]
CMD      : G0 | effects={'dx': 165.348, 'dy': 119.894, 'dz': 0.19999999999999996, 'de': 0.0, 'xy_dist': 204.24135805463106, 'params': {'G': 0.0, 'F': 600.0, 'X': 165.448, 'Y': 119.994, 'Z': 1.0}}
DECISION : ALLOW
------------------------------------------------------------
[SEQ 553] [IEEE-BASELINE]
SCORE    : anomaly_score=0.000
DECISION : ALLOW
------------------------------------------------------------
[SEQ 554] [LAYER 3]
CMD      : G0 F7200 X0.00 Y0.00
TRUST    : acc_cmd=0.000 | acc_exec=0.000 | trust=0.859
DECISION : ALLOW
MACHINE  : Machine-4
------------------------------------------------------------
[SEQ 554] [STATIC-BASELINE]
CMD      : G0 | effects={'dx': -165.448, 'dy': -119.994, 'dz': 0.0, 'de': 0.0, 'xy_dist': 204.38101854135084, 'params': {'G': 0.0, 'F': 7200.0, 'X': 0.0, 'Y': 0.0}}
DECISION : ALLOW
------------------------------------------------------------
[SEQ 554] [IEEE-BASELINE]
SCORE    : anomaly_score=0.000
DECISION : ALLOW
------------------------------------------------------------
[SEQ 555] [LAYER 3]
CMD      : G1 X0.1 Y0.1 E20 F600
TRUST    : acc_cmd=0.000 | acc_exec=0.000 | trust=0.909
DECISION : ALLOW
MACHINE  : Machine-4
------------------------------------------------------------
[SEQ 555] [STATIC-BASELINE]
CMD      : G1 | effects={'dx': 0.1, 'dy': 0.1, 'dz': 0.0, 'de': 0.0, 'xy_dist': 0.14142135623730953, 'params': {'G': 1.0, 'X': 0.1, 'Y': 0.1, 'E': 20.0, 'F': 600.0}}
DECISION : ALLOW
------------------------------------------------------------
[SEQ 555] [IEEE-BASELINE]
SCORE    : anomaly_score=0.000
DECISION : ALLOW
------------------------------------------------------------
[SEQ 556] [LAYER 4]
CMD      : G1 X0.1 Y0.1 E20 F600
TRUST    : acc_cmd=1.000 | acc_exec=1.000 | trust=0.392
DECISION : PAUSE
MACHINE  : Machine-4
------------------------------------------------------------
[SEQ 556] [STATIC-BASELINE]
CMD      : G1 | effects={'dx': 0.0, 'dy': 0.0, 'dz': 0.0, 'de': 0.0, 'xy_dist': 0.0, 'params': {'G': 1.0, 'X': 0.1, 'Y': 0.1, 'E': 20.0, 'F': 600.0}}
DECISION : ALLOW
------------------------------------------------------------
[SEQ 556] [IEEE-BASELINE]
SCORE    : anomaly_score=0.000
DECISION : ALLOW
------------------------------------------------------------
[SEQ 557] [LAYER 4]
CMD      : G1 X0.1 Y0.1 E20 F600
TRUST    : acc_cmd=1.000 | acc_exec=1.000 | trust=0.162
DECISION : PAUSE
MACHINE  : Machine-4
------------------------------------------------------------
[SEQ 557] [STATIC-BASELINE]
CMD      : G1 | effects={'dx': 0.0, 'dy': 0.0, 'dz': 0.0, 'de': 0.0, 'xy_dist': 0.0, 'params': {'G': 1.0, 'X': 0.1, 'Y': 0.1, 'E': 20.0, 'F': 600.0}}
DECISION : ALLOW
------------------------------------------------------------
[SEQ 557] [IEEE-BASELINE]
SCORE    : anomaly_score=0.000
DECISION : ALLOW
------------------------------------------------------------
[SEQ 558] [LAYER 4]
CMD      : G0 F600 X0.00 Y0.00 Z1.2
TRUST    : acc_cmd=0.000 | acc_exec=0.000 | trust=0.098
DECISION : PAUSE
MACHINE  : Machine-4
------------------------------------------------------------
[SEQ 558] [STATIC-BASELINE]
CMD      : G0 | effects={'dx': -0.1, 'dy': -0.1, 'dz': 0.19999999999999996, 'de': 0.0, 'xy_dist': 0.14142135623730953, 'params': {'G': 0.0, 'F': 600.0, 'X': 0.0, 'Y': 0.0, 'Z': 1.2}}
DECISION : ALLOW
------------------------------------------------------------
[SEQ 558] [IEEE-BASELINE]
SCORE    : anomaly_score=0.000
DECISION : ALLOW
------------------------------------------------------------
[SEQ 559] [LAYER 4]
CMD      : G0 F7200 X163.899 Y118.77
TRUST    : acc_cmd=0.000 | acc_exec=0.000 | trust=0.145
DECISION : PAUSE
MACHINE  : Machine-4
------------------------------------------------------------
[SEQ 559] [STATIC-BASELINE]
CMD      : G0 | effects={'dx': 163.899, 'dy': 118.77, 'dz': 0.0, 'de': 0.0, 'xy_dist': 202.4084857435577, 'params': {'G': 0.0, 'F': 7200.0, 'X': 163.899, 'Y': 118.77}}
DECISION : ALLOW
------------------------------------------------------------
[SEQ 559] [IEEE-BASELINE]
SCORE    : anomaly_score=0.000
DECISION : ALLOW
------------------------------------------------------------
[SEQ 560] [LAYER 4]
CMD      : G1 X0.1 Y0.1 E20 F600
TRUST    : acc_cmd=1.000 | acc_exec=0.000 | trust=0.069
DECISION : PAUSE
MACHINE  : Machine-4
------------------------------------------------------------
[SEQ 560] [STATIC-BASELINE]
CMD      : G1 | effects={'dx': -163.799, 'dy': -118.67, 'dz': 0.0, 'de': 0.0, 'xy_dist': 202.26883423058533, 'params': {'G': 1.0, 'X': 0.1, 'Y': 0.1, 'E': 20.0, 'F': 600.0}}
DECISION : ALLOW
------------------------------------------------------------
[SEQ 560] [IEEE-BASELINE]
SCORE    : anomaly_score=0.000
DECISION : ALLOW
------------------------------------------------------------
[SEQ 561] [LAYER 4]
CMD      : G1 X0.1 Y0.1 E20 F600
TRUST    : acc_cmd=1.000 | acc_exec=0.000 | trust=0.030
DECISION : PAUSE
MACHINE  : Machine-4
------------------------------------------------------------
[SEQ 561] [STATIC-BASELINE]
CMD      : G1 | effects={'dx': 0.0, 'dy': 0.0, 'dz': 0.0, 'de': 0.0, 'xy_dist': 0.0, 'params': {'G': 1.0, 'X': 0.1, 'Y': 0.1, 'E': 20.0, 'F': 600.0}}
DECISION : ALLOW
------------------------------------------------------------
[SEQ 561] [IEEE-BASELINE]
SCORE    : anomaly_score=0.000
DECISION : ALLOW
------------------------------------------------------------
[SEQ 562] [LAYER 5]
CMD      : ;LAYER:5
TRUST    : acc_cmd=0.000 | acc_exec=0.000 | trust=0.035
DECISION : PAUSE
MACHINE  : Machine-4
------------------------------------------------------------
[SEQ 562] [STATIC-BASELINE]
CMD      : None | effects={}
DECISION : ALLOW
------------------------------------------------------------
[SEQ 562] [IEEE-BASELINE]
SCORE    : anomaly_score=0.000
DECISION : ALLOW
------------------------------------------------------------
[SEQ 563] [LAYER 5]
CMD      : ;note -- min layer time used
TRUST    : acc_cmd=0.000 | acc_exec=0.000 | trust=0.099
DECISION : PAUSE
MACHINE  : Machine-4
------------------------------------------------------------
[SEQ 563] [STATIC-BASELINE]
CMD      : None | effects={}
DECISION : ALLOW
------------------------------------------------------------
[SEQ 563] [IEEE-BASELINE]
SCORE    : anomaly_score=0.000
DECISION : ALLOW
------------------------------------------------------------
[SEQ 564] [LAYER 5]
CMD      : ;TYPE:WALL-OUTER
TRUST    : acc_cmd=0.000 | acc_exec=0.000 | trust=0.226
DECISION : PAUSE
MACHINE  : Machine-4
------------------------------------------------------------
[SEQ 564] [STATIC-BASELINE]
CMD      : None | effects={}
DECISION : ALLOW
------------------------------------------------------------
[SEQ 564] [IEEE-BASELINE]
SCORE    : anomaly_score=0.000
DECISION : ALLOW
------------------------------------------------------------
[SEQ 565] [LAYER 5]
CMD      : ;MESH:references\stl\flatplate.stl
TRUST    : acc_cmd=0.000 | acc_exec=0.000 | trust=0.387
DECISION : PAUSE
MACHINE  : Machine-4
------------------------------------------------------------
[SEQ 565] [STATIC-BASELINE]
CMD      : None | effects={}
DECISION : ALLOW
------------------------------------------------------------
[SEQ 565] [IEEE-BASELINE]
SCORE    : anomaly_score=0.000
DECISION : ALLOW
------------------------------------------------------------
[SEQ 566] [LAYER 5]
CMD      : G1 F1500 E11.82659
TRUST    : acc_cmd=0.000 | acc_exec=0.257 | trust=0.419
DECISION : PAUSE
MACHINE  : Machine-4
------------------------------------------------------------
[SEQ 566] [STATIC-BASELINE]
CMD      : G1 | effects={'dx': 0.0, 'dy': 0.0, 'dz': 0.0, 'de': -8.17341, 'xy_dist': 0.0, 'params': {'G': 1.0, 'F': 1500.0, 'E': 11.82659}}
DECISION : ALLOW
------------------------------------------------------------
[SEQ 566] [IEEE-BASELINE]
SCORE    : anomaly_score=0.000
DECISION : ALLOW
------------------------------------------------------------
[SEQ 567] [LAYER 5]
CMD      : G1 F1200 X164.399 Y119.29 E11.82686
TRUST    : acc_cmd=1.000 | acc_exec=0.000 | trust=0.191
DECISION : PAUSE
MACHINE  : Machine-4
------------------------------------------------------------
[SEQ 567] [STATIC-BASELINE]
CMD      : G1 | effects={'dx': 164.299, 'dy': 119.19000000000001, 'dz': 0.0, 'de': 0.00027000000000043656, 'xy_dist': 202.9788597391364, 'params': {'G': 1.0, 'F': 1200.0, 'X': 164.399, 'Y': 119.29, 'E': 11.82686}}
DECISION : ALLOW
------------------------------------------------------------
[SEQ 567] [IEEE-BASELINE]
SCORE    : anomaly_score=0.000
DECISION : ALLOW
------------------------------------------------------------
[SEQ 568] [LAYER 5]
CMD      : G1 X164.398 Y119.246 E11.82713
TRUST    : acc_cmd=0.000 | acc_exec=0.000 | trust=0.162
DECISION : PAUSE
MACHINE  : Machine-4
------------------------------------------------------------
[SEQ 568] [STATIC-BASELINE]
CMD      : G1 | effects={'dx': -0.0010000000000047748, 'dy': -0.04400000000001114, 'dz': 0.0, 'de': 0.00027000000000043656, 'xy_dist': 0.04401136216934202, 'params': {'G': 1.0, 'X': 164.398, 'Y': 119.246, 'E': 11.82713}}
DECISION : ALLOW
------------------------------------------------------------
[SEQ 568] [IEEE-BASELINE]
SCORE    : anomaly_score=0.000
DECISION : ALLOW
------------------------------------------------------------
[SEQ 569] [LAYER 5]
CMD      : G1 X164.436 Y119.268 E11.82741
TRUST    : acc_cmd=0.000 | acc_exec=0.000 | trust=0.251
DECISION : PAUSE
MACHINE  : Machine-4
------------------------------------------------------------
[SEQ 569] [STATIC-BASELINE]
CMD      : G1 | effects={'dx': 0.038000000000010914, 'dy': 0.02200000000000557, 'dz': 0.0, 'de': 0.000280000000000058, 'xy_dist': 0.043908996800212534, 'params': {'G': 1.0, 'X': 164.436, 'Y': 119.268, 'E': 11.82741}}
DECISION : ALLOW
------------------------------------------------------------
[SEQ 569] [IEEE-BASELINE]
SCORE    : anomaly_score=0.000
DECISION : ALLOW
------------------------------------------------------------
[SEQ 570] [LAYER 5]
CMD      : G1 X0.1 Y0.1 E20 F600
TRUST    : acc_cmd=1.000 | acc_exec=0.000 | trust=0.115
DECISION : PAUSE
MACHINE  : Machine-4
------------------------------------------------------------
[SEQ 570] [STATIC-BASELINE]
CMD      : G1 | effects={'dx': -164.336, 'dy': -119.168, 'dz': 0.0, 'de': 8.17259, 'xy_dist': 202.9958943427182, 'params': {'G': 1.0, 'X': 0.1, 'Y': 0.1, 'E': 20.0, 'F': 600.0}}
DECISION : ALLOW
------------------------------------------------------------
[SEQ 570] [IEEE-BASELINE]
SCORE    : anomaly_score=0.000
DECISION : ALLOW
------------------------------------------------------------
[SEQ 571] [LAYER 5]
CMD      : G1 X0.1 Y0.1 E20 F600
TRUST    : acc_cmd=1.000 | acc_exec=0.000 | trust=0.049
DECISION : PAUSE
MACHINE  : Machine-4
------------------------------------------------------------
[SEQ 571] [STATIC-BASELINE]
CMD      : G1 | effects={'dx': 0.0, 'dy': 0.0, 'dz': 0.0, 'de': 0.0, 'xy_dist': 0.0, 'params': {'G': 1.0, 'X': 0.1, 'Y': 0.1, 'E': 20.0, 'F': 600.0}}
DECISION : ALLOW
------------------------------------------------------------
[SEQ 571] [IEEE-BASELINE]
SCORE    : anomaly_score=0.000
DECISION : ALLOW
------------------------------------------------------------
[SEQ 572] [LAYER 5]
CMD      : G1 X0.1 Y0.1 E20 F600
TRUST    : acc_cmd=1.000 | acc_exec=0.000 | trust=0.021
DECISION : PAUSE
MACHINE  : Machine-4
------------------------------------------------------------
[SEQ 572] [STATIC-BASELINE]
CMD      : G1 | effects={'dx': 0.0, 'dy': 0.0, 'dz': 0.0, 'de': 0.0, 'xy_dist': 0.0, 'params': {'G': 1.0, 'X': 0.1, 'Y': 0.1, 'E': 20.0, 'F': 600.0}}
DECISION : ALLOW
------------------------------------------------------------
[SEQ 572] [IEEE-BASELINE]
SCORE    : anomaly_score=0.000
DECISION : ALLOW
------------------------------------------------------------
[SEQ 573] [LAYER 5]
CMD      : ;TIME_ELAPSED:31.027969
TRUST    : acc_cmd=0.000 | acc_exec=0.000 | trust=0.024
DECISION : PAUSE
MACHINE  : Machine-4
------------------------------------------------------------
[SEQ 573] [STATIC-BASELINE]
CMD      : None | effects={}
DECISION : ALLOW
------------------------------------------------------------
[SEQ 573] [IEEE-BASELINE]
SCORE    : anomaly_score=0.000
DECISION : ALLOW
------------------------------------------------------------
[SEQ 574] [LAYER 6]
CMD      : ;LAYER:6
TRUST    : acc_cmd=0.000 | acc_exec=0.000 | trust=0.075
DECISION : PAUSE
MACHINE  : Machine-4
------------------------------------------------------------
[SEQ 574] [STATIC-BASELINE]
CMD      : None | effects={}
DECISION : ALLOW
------------------------------------------------------------
[SEQ 574] [IEEE-BASELINE]
SCORE    : anomaly_score=0.000
DECISION : ALLOW
------------------------------------------------------------
[SEQ 575] [LAYER 6]
CMD      : ;note -- min layer time used
TRUST    : acc_cmd=0.000 | acc_exec=0.000 | trust=0.190
DECISION : PAUSE
MACHINE  : Machine-4
------------------------------------------------------------
[SEQ 575] [STATIC-BASELINE]
CMD      : None | effects={}
DECISION : ALLOW
------------------------------------------------------------
[SEQ 575] [IEEE-BASELINE]
SCORE    : anomaly_score=0.000
DECISION : ALLOW
------------------------------------------------------------
[SEQ 576] [LAYER 6]
CMD      : ;TYPE:WALL-OUTER
TRUST    : acc_cmd=0.000 | acc_exec=0.000 | trust=0.347
DECISION : PAUSE
MACHINE  : Machine-4
------------------------------------------------------------
[SEQ 576] [STATIC-BASELINE]
CMD      : None | effects={}
DECISION : ALLOW
------------------------------------------------------------
[SEQ 576] [IEEE-BASELINE]
SCORE    : anomaly_score=0.000
DECISION : ALLOW
------------------------------------------------------------
[SEQ 577] [LAYER 6]
CMD      : G1 X0.1 Y0.1 E20 F600
TRUST    : acc_cmd=1.000 | acc_exec=1.000 | trust=0.157
DECISION : PAUSE
MACHINE  : Machine-4
------------------------------------------------------------
[SEQ 577] [STATIC-BASELINE]
CMD      : G1 | effects={'dx': 0.0, 'dy': 0.0, 'dz': 0.0, 'de': 0.0, 'xy_dist': 0.0, 'params': {'G': 1.0, 'X': 0.1, 'Y': 0.1, 'E': 20.0, 'F': 600.0}}
DECISION : ALLOW
------------------------------------------------------------
[SEQ 577] [IEEE-BASELINE]
SCORE    : anomaly_score=0.000
DECISION : ALLOW
------------------------------------------------------------
[SEQ 578] [LAYER 6]
CMD      : G1 F1000 X164.196 Y118.917 E11.8278
TRUST    : acc_cmd=1.000 | acc_exec=0.257 | trust=0.067
DECISION : PAUSE
MACHINE  : Machine-4
------------------------------------------------------------
[SEQ 578] [STATIC-BASELINE]
CMD      : G1 | effects={'dx': 164.096, 'dy': 118.81700000000001, 'dz': 0.0, 'de': -8.1722, 'xy_dist': 202.59559892801227, 'params': {'G': 1.0, 'F': 1000.0, 'X': 164.196, 'Y': 118.917, 'E': 11.8278}}
DECISION : ALLOW
------------------------------------------------------------
[SEQ 578] [IEEE-BASELINE]
SCORE    : anomaly_score=0.000
DECISION : ALLOW
------------------------------------------------------------
[SEQ 579] [LAYER 6]
CMD      : G1 X164.196 Y118.865 E11.82819
TRUST    : acc_cmd=0.000 | acc_exec=0.000 | trust=0.055
DECISION : PAUSE
MACHINE  : Machine-4
------------------------------------------------------------
[SEQ 579] [STATIC-BASELINE]
CMD      : G1 | effects={'dx': 0.0, 'dy': -0.05200000000000671, 'dz': 0.0, 'de': 0.00038999999999944635, 'xy_dist': 0.05200000000000671, 'params': {'G': 1.0, 'X': 164.196, 'Y': 118.865, 'E': 11.82819}}
DECISION : ALLOW
------------------------------------------------------------
[SEQ 579] [IEEE-BASELINE]
SCORE    : anomaly_score=0.000
DECISION : ALLOW
------------------------------------------------------------
[SEQ 580] [LAYER 6]
CMD      : G1 X0.1 Y0.1 E20 F600
TRUST    : acc_cmd=1.000 | acc_exec=0.000 | trust=0.027
DECISION : PAUSE
MACHINE  : Machine-4
------------------------------------------------------------
[SEQ 580] [STATIC-BASELINE]
CMD      : G1 | effects={'dx': -164.096, 'dy': -118.765, 'dz': 0.0, 'de': 8.17181, 'xy_dist': 202.56510667190437, 'params': {'G': 1.0, 'X': 0.1, 'Y': 0.1, 'E': 20.0, 'F': 600.0}}
DECISION : ALLOW
------------------------------------------------------------
[SEQ 580] [IEEE-BASELINE]
SCORE    : anomaly_score=0.000
DECISION : ALLOW
------------------------------------------------------------
[SEQ 581] [LAYER 6]
CMD      : ;MESH:NONMESH
TRUST    : acc_cmd=0.000 | acc_exec=0.000 | trust=0.044
DECISION : PAUSE
MACHINE  : Machine-4
------------------------------------------------------------
[SEQ 581] [STATIC-BASELINE]
CMD      : None | effects={}
DECISION : ALLOW
------------------------------------------------------------
[SEQ 581] [IEEE-BASELINE]
SCORE    : anomaly_score=0.000
DECISION : ALLOW
------------------------------------------------------------
[SEQ 582] [LAYER 6]
CMD      : G0 F600 X164.241 Y118.891 Z1.6
TRUST    : acc_cmd=1.000 | acc_exec=0.000 | trust=0.023
DECISION : PAUSE
MACHINE  : Machine-4
------------------------------------------------------------
[SEQ 582] [STATIC-BASELINE]
CMD      : G0 | effects={'dx': 164.14100000000002, 'dy': 118.79100000000001, 'dz': 0.40000000000000013, 'de': 0.0, 'xy_dist': 202.61680473741563, 'params': {'G': 0.0, 'F': 600.0, 'X': 164.241, 'Y': 118.891, 'Z': 1.6}}
DECISION : ALLOW
------------------------------------------------------------
[SEQ 582] [IEEE-BASELINE]
SCORE    : anomaly_score=0.000
DECISION : ALLOW
------------------------------------------------------------
[SEQ 583] [LAYER 6]
CMD      : G0 F7200 X164.401 Y119.115
TRUST    : acc_cmd=0.000 | acc_exec=0.000 | trust=0.044
DECISION : PAUSE
MACHINE  : Machine-4
------------------------------------------------------------
[SEQ 583] [STATIC-BASELINE]
CMD      : G0 | effects={'dx': 0.1599999999999966, 'dy': 0.22399999999998954, 'dz': 0.0, 'de': 0.0, 'xy_dist': 0.27527440854535357, 'params': {'G': 0.0, 'F': 7200.0, 'X': 164.401, 'Y': 119.115}}
DECISION : ALLOW
------------------------------------------------------------
[SEQ 583] [IEEE-BASELINE]
SCORE    : anomaly_score=0.000
DECISION : ALLOW
------------------------------------------------------------
[SEQ 584] [LAYER 6]
CMD      : G1 X0.1 Y0.1 E20 F600
TRUST    : acc_cmd=1.000 | acc_exec=0.000 | trust=0.023
DECISION : PAUSE
MACHINE  : Machine-4
------------------------------------------------------------
[SEQ 584] [STATIC-BASELINE]
CMD      : G1 | effects={'dx': -164.30100000000002, 'dy': -119.015, 'dz': 0.0, 'de': 0.0, 'xy_dist': 202.87776819060292, 'params': {'G': 1.0, 'X': 0.1, 'Y': 0.1, 'E': 20.0, 'F': 600.0}}
DECISION : ALLOW
------------------------------------------------------------
[SEQ 584] [IEEE-BASELINE]
SCORE    : anomaly_score=0.000
DECISION : ALLOW
------------------------------------------------------------
[SEQ 585] [LAYER 7]
CMD      : G1 X0.1 Y0.1 E20 F600
TRUST    : acc_cmd=0.000 | acc_exec=0.000 | trust=0.045
DECISION : PAUSE
MACHINE  : Machine-4
------------------------------------------------------------
[SEQ 585] [STATIC-BASELINE]
CMD      : G1 | effects={'dx': 0.0, 'dy': 0.0, 'dz': 0.0, 'de': 0.0, 'xy_dist': 0.0, 'params': {'G': 1.0, 'X': 0.1, 'Y': 0.1, 'E': 20.0, 'F': 600.0}}
DECISION : ALLOW
------------------------------------------------------------
[SEQ 585] [IEEE-BASELINE]
SCORE    : anomaly_score=0.000
DECISION : ALLOW
------------------------------------------------------------
[SEQ 586] [LAYER 7]
CMD      : ;note -- min layer time used
TRUST    : acc_cmd=0.000 | acc_exec=0.000 | trust=0.128
DECISION : PAUSE
MACHINE  : Machine-4
------------------------------------------------------------
[SEQ 586] [STATIC-BASELINE]
CMD      : None | effects={}
DECISION : ALLOW
------------------------------------------------------------
[SEQ 586] [IEEE-BASELINE]
SCORE    : anomaly_score=0.000
DECISION : ALLOW
------------------------------------------------------------
[SEQ 587] [LAYER 7]
CMD      : M104 S210
TRUST    : acc_cmd=0.000 | acc_exec=0.000 | trust=0.268
DECISION : PAUSE
MACHINE  : Machine-4
------------------------------------------------------------
[SEQ 587] [STATIC-BASELINE]
CMD      : M104 | effects={'M': 104.0, 'S': 210.0, 'prev_temp': 210.0}
DECISION : ALLOW
------------------------------------------------------------
[SEQ 587] [IEEE-BASELINE]
SCORE    : anomaly_score=0.000
DECISION : ALLOW
------------------------------------------------------------
[SEQ 588] [LAYER 7]
CMD      : G1 X0.1 Y0.1 E20 F600
TRUST    : acc_cmd=0.000 | acc_exec=0.000 | trust=0.433
DECISION : PAUSE
MACHINE  : Machine-4
------------------------------------------------------------
[SEQ 588] [STATIC-BASELINE]
CMD      : G1 | effects={'dx': 0.0, 'dy': 0.0, 'dz': 0.0, 'de': 0.0, 'xy_dist': 0.0, 'params': {'G': 1.0, 'X': 0.1, 'Y': 0.1, 'E': 20.0, 'F': 600.0}}
DECISION : ALLOW
------------------------------------------------------------
[SEQ 588] [IEEE-BASELINE]
SCORE    : anomaly_score=0.000
DECISION : ALLOW
------------------------------------------------------------
[SEQ 589] [LAYER 7]
CMD      : G1 X0.1 Y0.1 E20 F600
TRUST    : acc_cmd=0.000 | acc_exec=1.000 | trust=0.203
DECISION : PAUSE
MACHINE  : Machine-4
------------------------------------------------------------
[SEQ 589] [STATIC-BASELINE]
CMD      : G1 | effects={'dx': 0.0, 'dy': 0.0, 'dz': 0.0, 'de': 0.0, 'xy_dist': 0.0, 'params': {'G': 1.0, 'X': 0.1, 'Y': 0.1, 'E': 20.0, 'F': 600.0}}
DECISION : ALLOW
------------------------------------------------------------
[SEQ 589] [IEEE-BASELINE]
SCORE    : anomaly_score=0.000
DECISION : ALLOW
------------------------------------------------------------
[SEQ 590] [LAYER 7]
CMD      : G1 F670.4 X164.335 Y119.153 E11.82944
TRUST    : acc_cmd=0.000 | acc_exec=0.257 | trust=0.127
DECISION : PAUSE
MACHINE  : Machine-4
------------------------------------------------------------
[SEQ 590] [STATIC-BASELINE]
CMD      : G1 | effects={'dx': 164.235, 'dy': 119.05300000000001, 'dz': 0.0, 'de': -8.17056, 'xy_dist': 202.84662194377307, 'params': {'G': 1.0, 'F': 670.4, 'X': 164.335, 'Y': 119.153, 'E': 11.82944}}
DECISION : ALLOW
------------------------------------------------------------
[SEQ 590] [IEEE-BASELINE]
SCORE    : anomaly_score=0.000
DECISION : ALLOW
------------------------------------------------------------
[SEQ 591] [LAYER 7]
CMD      : G1 X164.335 Y119.077 E11.83029
TRUST    : acc_cmd=0.000 | acc_exec=0.000 | trust=0.179
DECISION : PAUSE
MACHINE  : Machine-4
------------------------------------------------------------
[SEQ 591] [STATIC-BASELINE]
CMD      : G1 | effects={'dx': 0.0, 'dy': -0.07600000000000762, 'dz': 0.0, 'de': 0.0008499999999997954, 'xy_dist': 0.07600000000000762, 'params': {'G': 1.0, 'X': 164.335, 'Y': 119.077, 'E': 11.83029}}
DECISION : ALLOW
------------------------------------------------------------
[SEQ 591] [IEEE-BASELINE]
SCORE    : anomaly_score=0.000
DECISION : ALLOW
------------------------------------------------------------
[SEQ 592] [LAYER 7]
CMD      : G1 X0.1 Y0.1 E20 F600
TRUST    : acc_cmd=0.000 | acc_exec=0.000 | trust=0.309
DECISION : PAUSE
MACHINE  : Machine-4
------------------------------------------------------------
[SEQ 592] [STATIC-BASELINE]
CMD      : G1 | effects={'dx': -164.235, 'dy': -118.977, 'dz': 0.0, 'de': 8.16971, 'xy_dist': 202.80202601058997, 'params': {'G': 1.0, 'X': 0.1, 'Y': 0.1, 'E': 20.0, 'F': 600.0}}
DECISION : ALLOW
------------------------------------------------------------
[SEQ 592] [IEEE-BASELINE]
SCORE    : anomaly_score=0.000
DECISION : ALLOW
------------------------------------------------------------
[SEQ 593] [LAYER 7]
CMD      : G1 F1500 E5.33114
TRUST    : acc_cmd=0.000 | acc_exec=1.000 | trust=0.141
DECISION : PAUSE
MACHINE  : Machine-4
------------------------------------------------------------
[SEQ 593] [STATIC-BASELINE]
CMD      : G1 | effects={'dx': 0.0, 'dy': 0.0, 'dz': 0.0, 'de': -14.668859999999999, 'xy_dist': 0.0, 'params': {'G': 1.0, 'F': 1500.0, 'E': 5.33114}}
DECISION : ALLOW
------------------------------------------------------------
[SEQ 593] [IEEE-BASELINE]
SCORE    : anomaly_score=0.000
DECISION : ALLOW
------------------------------------------------------------
[SEQ 594] [LAYER 7]
CMD      : ;MESH:NONMESH
TRUST    : acc_cmd=0.000 | acc_exec=0.000 | trust=0.127
DECISION : PAUSE
MACHINE  : Machine-4
------------------------------------------------------------
[SEQ 594] [STATIC-BASELINE]
CMD      : None | effects={}
DECISION : ALLOW
------------------------------------------------------------
[SEQ 594] [IEEE-BASELINE]
SCORE    : anomaly_score=0.000
DECISION : ALLOW
------------------------------------------------------------
[SEQ 595] [LAYER 7]
CMD      : G1 X0.1 Y0.1 E20 F600
TRUST    : acc_cmd=0.000 | acc_exec=1.000 | trust=0.059
DECISION : PAUSE
MACHINE  : Machine-4
------------------------------------------------------------
[SEQ 595] [STATIC-BASELINE]
CMD      : G1 | effects={'dx': 0.0, 'dy': 0.0, 'dz': 0.0, 'de': 14.668859999999999, 'xy_dist': 0.0, 'params': {'G': 1.0, 'X': 0.1, 'Y': 0.1, 'E': 20.0, 'F': 600.0}}
DECISION : ALLOW
------------------------------------------------------------
[SEQ 595] [IEEE-BASELINE]
SCORE    : anomaly_score=0.000
DECISION : ALLOW
------------------------------------------------------------
[SEQ 596] [LAYER 7]
CMD      : G0 F7200 X163.637 Y118.506
TRUST    : acc_cmd=0.000 | acc_exec=0.000 | trust=0.070
DECISION : PAUSE
MACHINE  : Machine-4
------------------------------------------------------------
[SEQ 596] [STATIC-BASELINE]
CMD      : G0 | effects={'dx': 163.537, 'dy': 118.406, 'dz': 0.0, 'de': 0.0, 'xy_dist': 201.90178603717206, 'params': {'G': 0.0, 'F': 7200.0, 'X': 163.637, 'Y': 118.506}}
DECISION : ALLOW
------------------------------------------------------------
[SEQ 596] [IEEE-BASELINE]
SCORE    : anomaly_score=0.000
DECISION : ALLOW
------------------------------------------------------------
[SEQ 597] [LAYER 7]
CMD      : G0 X0.00 Y0.00
TRUST    : acc_cmd=0.000 | acc_exec=0.000 | trust=0.156
DECISION : PAUSE
MACHINE  : Machine-4
------------------------------------------------------------
[SEQ 597] [STATIC-BASELINE]
CMD      : G0 | effects={'dx': -163.637, 'dy': -118.506, 'dz': 0.0, 'de': 0.0, 'xy_dist': 202.04143091207806, 'params': {'G': 0.0, 'X': 0.0, 'Y': 0.0}}
DECISION : ALLOW
------------------------------------------------------------
[SEQ 597] [IEEE-BASELINE]
SCORE    : anomaly_score=0.000
DECISION : ALLOW
------------------------------------------------------------
[SEQ 598] [LAYER 7]
CMD      : ;TIME_ELAPSED:33.197905
TRUST    : acc_cmd=0.000 | acc_exec=0.000 | trust=0.301
DECISION : PAUSE
MACHINE  : Machine-4
------------------------------------------------------------
[SEQ 598] [STATIC-BASELINE]
CMD      : None | effects={}
DECISION : ALLOW
------------------------------------------------------------
[SEQ 598] [IEEE-BASELINE]
SCORE    : anomaly_score=0.000
DECISION : ALLOW
------------------------------------------------------------
[SEQ 599] [LAYER 8]
CMD      : ;LAYER:8
TRUST    : acc_cmd=0.000 | acc_exec=0.000 | trust=0.465
DECISION : PAUSE
MACHINE  : Machine-4
------------------------------------------------------------
[SEQ 599] [STATIC-BASELINE]
CMD      : None | effects={}
DECISION : ALLOW
------------------------------------------------------------
[SEQ 599] [IEEE-BASELINE]
SCORE    : anomaly_score=0.000
DECISION : ALLOW
------------------------------------------------------------
[SEQ 600] [LAYER 8]
CMD      : G1 X0.1 Y0.1 E20 F600
TRUST    : acc_cmd=0.000 | acc_exec=0.000 | trust=0.616
DECISION : ALLOW
MACHINE  : Machine-4
------------------------------------------------------------
[SEQ 600] [STATIC-BASELINE]
CMD      : G1 | effects={'dx': 0.1, 'dy': 0.1, 'dz': 0.0, 'de': 0.0, 'xy_dist': 0.14142135623730953, 'params': {'G': 1.0, 'X': 0.1, 'Y': 0.1, 'E': 20.0, 'F': 600.0}}
DECISION : ALLOW
------------------------------------------------------------
[SEQ 600] [IEEE-BASELINE]
SCORE    : anomaly_score=0.000
DECISION : ALLOW
------------------------------------------------------------
[SEQ 601] [LAYER 8]
CMD      : M140 S0
TRUST    : acc_cmd=0.000 | acc_exec=0.000 | trust=0.738
DECISION : ALLOW
MACHINE  : Machine-4
------------------------------------------------------------
[SEQ 601] [STATIC-BASELINE]
CMD      : M140 | effects={'M': 140.0, 'S': 0.0}
DECISION : ALLOW
------------------------------------------------------------
[SEQ 601] [IEEE-BASELINE]
SCORE    : anomaly_score=0.000
DECISION : ALLOW
------------------------------------------------------------
[SEQ 602] [LAYER 8]
CMD      : M107
TRUST    : acc_cmd=0.000 | acc_exec=0.000 | trust=0.827
DECISION : ALLOW
MACHINE  : Machine-4
------------------------------------------------------------
[SEQ 602] [STATIC-BASELINE]
CMD      : M107 | effects={'M': 107.0}
DECISION : ALLOW
------------------------------------------------------------
[SEQ 602] [IEEE-BASELINE]
SCORE    : anomaly_score=0.000
DECISION : ALLOW
------------------------------------------------------------
[SEQ 603] [LAYER 8]
CMD      : 
TRUST    : acc_cmd=0.000 | acc_exec=0.000 | trust=0.889
DECISION : ALLOW
MACHINE  : Machine-4
------------------------------------------------------------
[SEQ 603] [STATIC-BASELINE]
CMD      : None | effects={}
DECISION : ALLOW
------------------------------------------------------------
[SEQ 603] [IEEE-BASELINE]
SCORE    : anomaly_score=0.000
DECISION : ALLOW
------------------------------------------------------------
[SEQ 604] [LAYER 8]
CMD      : M82 ;absolute extrusion mode
TRUST    : acc_cmd=0.000 | acc_exec=0.000 | trust=0.930
DECISION : ALLOW
MACHINE  : Machine-4
------------------------------------------------------------
[SEQ 604] [STATIC-BASELINE]
CMD      : M82 | effects={'e_mode': 'absolute'}
DECISION : ALLOW
------------------------------------------------------------
[SEQ 604] [IEEE-BASELINE]
SCORE    : anomaly_score=0.000
DECISION : ALLOW
------------------------------------------------------------
[SEQ 605] [LAYER 8]
CMD      : G1 X0.1 Y0.1 E20 F600
TRUST    : acc_cmd=0.000 | acc_exec=0.000 | trust=0.957
DECISION : ALLOW
MACHINE  : Machine-4
------------------------------------------------------------
[SEQ 605] [STATIC-BASELINE]
CMD      : G1 | effects={'dx': 0.0, 'dy': 0.0, 'dz': 0.0, 'de': 0.0, 'xy_dist': 0.0, 'params': {'G': 1.0, 'X': 0.1, 'Y': 0.1, 'E': 20.0, 'F': 600.0}}
DECISION : ALLOW
------------------------------------------------------------
[SEQ 605] [IEEE-BASELINE]
SCORE    : anomaly_score=0.000
DECISION : ALLOW
------------------------------------------------------------
[SEQ 606] [LAYER 8]
CMD      : G1 X0.1 Y0.1 E20 F600
TRUST    : acc_cmd=0.000 | acc_exec=1.000 | trust=0.412
DECISION : PAUSE
MACHINE  : Machine-4
------------------------------------------------------------
[SEQ 606] [STATIC-BASELINE]
CMD      : G1 | effects={'dx': 0.0, 'dy': 0.0, 'dz': 0.0, 'de': 0.0, 'xy_dist': 0.0, 'params': {'G': 1.0, 'X': 0.1, 'Y': 0.1, 'E': 20.0, 'F': 600.0}}
DECISION : ALLOW
------------------------------------------------------------
[SEQ 606] [IEEE-BASELINE]
SCORE    : anomaly_score=0.000
DECISION : ALLOW
------------------------------------------------------------
[SEQ 607] [LAYER 8]
CMD      : ;End of Gcode
TRUST    : acc_cmd=0.000 | acc_exec=0.000 | trust=0.263
DECISION : PAUSE
MACHINE  : Machine-4
------------------------------------------------------------
[SEQ 607] [STATIC-BASELINE]
CMD      : None | effects={}
DECISION : ALLOW
------------------------------------------------------------
[SEQ 607] [IEEE-BASELINE]
SCORE    : anomaly_score=0.000
DECISION : ALLOW
------------------------------------------------------------

============================================================
DT-4 FINISHED
FINAL TRUST: 0.263
END TIME  : 2026-04-29 21:25:37.696198
============================================================
