============================================================
DT-4 SIMULATION LOG
START TIME: 2026-04-29 21:29:31.412560
============================================================

[SEQ 0] [LAYER INIT]
CMD      : G1 X0.1 Y0.1 E20 F600
TRUST    : acc_cmd=0.000 | acc_exec=1.000 | trust=0.330
DECISION : PAUSE
MACHINE  : Machine-4
------------------------------------------------------------
[SEQ 0] [STATIC-BASELINE]
CMD      : G1 | effects={'dx': 0.1, 'dy': 0.1, 'dz': 0.0, 'de': 20.0, 'xy_dist': 0.14142135623730953, 'params': {'G': 1.0, 'X': 0.1, 'Y': 0.1, 'E': 20.0, 'F': 600.0}}
DECISION : ALLOW
------------------------------------------------------------
[SEQ 0] [IEEE-BASELINE]
SCORE    : anomaly_score=0.000
DECISION : ALLOW
------------------------------------------------------------
[SEQ 1] [LAYER INIT]
CMD      : ;HEADER_VERSION:0.1
TRUST    : acc_cmd=0.000 | acc_exec=0.000 | trust=0.231
DECISION : PAUSE
MACHINE  : Machine-4
------------------------------------------------------------
[SEQ 1] [STATIC-BASELINE]
CMD      : None | effects={}
DECISION : ALLOW
------------------------------------------------------------
[SEQ 1] [IEEE-BASELINE]
SCORE    : anomaly_score=0.000
DECISION : ALLOW
------------------------------------------------------------
[SEQ 2] [LAYER INIT]
CMD      : G1 X0.1 Y0.1 E20 F600
TRUST    : acc_cmd=0.000 | acc_exec=0.000 | trust=0.296
DECISION : PAUSE
MACHINE  : Machine-4
------------------------------------------------------------
[SEQ 2] [STATIC-BASELINE]
CMD      : G1 | effects={'dx': 0.0, 'dy': 0.0, 'dz': 0.0, 'de': 0.0, 'xy_dist': 0.0, 'params': {'G': 1.0, 'X': 0.1, 'Y': 0.1, 'E': 20.0, 'F': 600.0}}
DECISION : ALLOW
------------------------------------------------------------
[SEQ 2] [IEEE-BASELINE]
SCORE    : anomaly_score=0.000
DECISION : ALLOW
------------------------------------------------------------
[SEQ 3] [LAYER INIT]
CMD      : G1 X0.1 Y0.1 E20 F600
TRUST    : acc_cmd=0.000 | acc_exec=0.000 | trust=0.432
DECISION : PAUSE
MACHINE  : Machine-4
------------------------------------------------------------
[SEQ 3] [STATIC-BASELINE]
CMD      : G1 | effects={'dx': 0.0, 'dy': 0.0, 'dz': 0.0, 'de': 0.0, 'xy_dist': 0.0, 'params': {'G': 1.0, 'X': 0.1, 'Y': 0.1, 'E': 20.0, 'F': 600.0}}
DECISION : ALLOW
------------------------------------------------------------
[SEQ 3] [IEEE-BASELINE]
SCORE    : anomaly_score=0.000
DECISION : ALLOW
------------------------------------------------------------
[SEQ 4] [LAYER INIT]
CMD      : G1 X0.1 Y0.1 E20 F600
TRUST    : acc_cmd=0.000 | acc_exec=1.000 | trust=0.193
DECISION : PAUSE
MACHINE  : Machine-4
------------------------------------------------------------
[SEQ 4] [STATIC-BASELINE]
CMD      : G1 | effects={'dx': 0.0, 'dy': 0.0, 'dz': 0.0, 'de': 0.0, 'xy_dist': 0.0, 'params': {'G': 1.0, 'X': 0.1, 'Y': 0.1, 'E': 20.0, 'F': 600.0}}
DECISION : ALLOW
------------------------------------------------------------
[SEQ 4] [IEEE-BASELINE]
SCORE    : anomaly_score=0.000
DECISION : ALLOW
------------------------------------------------------------
[SEQ 5] [LAYER INIT]
CMD      : G1 X0.1 Y0.1 E20 F600
TRUST    : acc_cmd=0.000 | acc_exec=1.000 | trust=0.081
DECISION : PAUSE
MACHINE  : Machine-4
------------------------------------------------------------
[SEQ 5] [STATIC-BASELINE]
CMD      : G1 | effects={'dx': 0.0, 'dy': 0.0, 'dz': 0.0, 'de': 0.0, 'xy_dist': 0.0, 'params': {'G': 1.0, 'X': 0.1, 'Y': 0.1, 'E': 20.0, 'F': 600.0}}
DECISION : ALLOW
------------------------------------------------------------
[SEQ 5] [IEEE-BASELINE]
SCORE    : anomaly_score=0.000
DECISION : ALLOW
------------------------------------------------------------
[SEQ 6] [LAYER INIT]
CMD      : ;TARGET_MACHINE.NAME:Ultimaker S5
TRUST    : acc_cmd=0.000 | acc_exec=0.000 | trust=0.062
DECISION : PAUSE
MACHINE  : Machine-4
------------------------------------------------------------
[SEQ 6] [STATIC-BASELINE]
CMD      : None | effects={}
DECISION : ALLOW
------------------------------------------------------------
[SEQ 6] [IEEE-BASELINE]
SCORE    : anomaly_score=0.000
DECISION : ALLOW
------------------------------------------------------------
[SEQ 7] [LAYER INIT]
CMD      : G1 X0.1 Y0.1 E20 F600
TRUST    : acc_cmd=0.000 | acc_exec=1.000 | trust=0.030
DECISION : PAUSE
MACHINE  : Machine-4
------------------------------------------------------------
[SEQ 7] [STATIC-BASELINE]
CMD      : G1 | effects={'dx': 0.0, 'dy': 0.0, 'dz': 0.0, 'de': 0.0, 'xy_dist': 0.0, 'params': {'G': 1.0, 'X': 0.1, 'Y': 0.1, 'E': 20.0, 'F': 600.0}}
DECISION : ALLOW
------------------------------------------------------------
[SEQ 7] [IEEE-BASELINE]
SCORE    : anomaly_score=0.000
DECISION : ALLOW
------------------------------------------------------------
[SEQ 8] [LAYER INIT]
CMD      : G1 X0.1 Y0.1 E20 F600
TRUST    : acc_cmd=0.000 | acc_exec=1.000 | trust=0.013
DECISION : PAUSE
MACHINE  : Machine-4
------------------------------------------------------------
[SEQ 8] [STATIC-BASELINE]
CMD      : G1 | effects={'dx': 0.0, 'dy': 0.0, 'dz': 0.0, 'de': 0.0, 'xy_dist': 0.0, 'params': {'G': 1.0, 'X': 0.1, 'Y': 0.1, 'E': 20.0, 'F': 600.0}}
DECISION : ALLOW
------------------------------------------------------------
[SEQ 8] [IEEE-BASELINE]
SCORE    : anomaly_score=0.000
DECISION : ALLOW
------------------------------------------------------------
[SEQ 9] [LAYER INIT]
CMD      : G1 X0.1 Y0.1 E20 F600
TRUST    : acc_cmd=0.000 | acc_exec=1.000 | trust=0.006
DECISION : PAUSE
MACHINE  : Machine-4
------------------------------------------------------------
[SEQ 9] [STATIC-BASELINE]
CMD      : G1 | effects={'dx': 0.0, 'dy': 0.0, 'dz': 0.0, 'de': 0.0, 'xy_dist': 0.0, 'params': {'G': 1.0, 'X': 0.1, 'Y': 0.1, 'E': 20.0, 'F': 600.0}}
DECISION : ALLOW
------------------------------------------------------------
[SEQ 9] [IEEE-BASELINE]
SCORE    : anomaly_score=0.000
DECISION : ALLOW
------------------------------------------------------------
[SEQ 10] [LAYER INIT]
CMD      : G1 X0.1 Y0.1 E20 F600
TRUST    : acc_cmd=0.000 | acc_exec=1.000 | trust=0.003
DECISION : PAUSE
MACHINE  : Machine-4
------------------------------------------------------------
[SEQ 10] [STATIC-BASELINE]
CMD      : G1 | effects={'dx': 0.0, 'dy': 0.0, 'dz': 0.0, 'de': 0.0, 'xy_dist': 0.0, 'params': {'G': 1.0, 'X': 0.1, 'Y': 0.1, 'E': 20.0, 'F': 600.0}}
DECISION : ALLOW
------------------------------------------------------------
[SEQ 10] [IEEE-BASELINE]
SCORE    : anomaly_score=0.000
DECISION : ALLOW
------------------------------------------------------------
[SEQ 11] [LAYER INIT]
CMD      : ;BUILD_VOLUME.TEMPERATURE:0
TRUST    : acc_cmd=0.000 | acc_exec=0.000 | trust=0.011
DECISION : PAUSE
MACHINE  : Machine-4
------------------------------------------------------------
[SEQ 11] [STATIC-BASELINE]
CMD      : None | effects={}
DECISION : ALLOW
------------------------------------------------------------
[SEQ 11] [IEEE-BASELINE]
SCORE    : anomaly_score=0.000
DECISION : ALLOW
------------------------------------------------------------
[SEQ 12] [LAYER INIT]
CMD      : G1 X0.1 Y0.1 E20 F600
TRUST    : acc_cmd=0.000 | acc_exec=1.000 | trust=0.007
DECISION : PAUSE
MACHINE  : Machine-4
------------------------------------------------------------
[SEQ 12] [STATIC-BASELINE]
CMD      : G1 | effects={'dx': 0.0, 'dy': 0.0, 'dz': 0.0, 'de': 0.0, 'xy_dist': 0.0, 'params': {'G': 1.0, 'X': 0.1, 'Y': 0.1, 'E': 20.0, 'F': 600.0}}
DECISION : ALLOW
------------------------------------------------------------
[SEQ 12] [IEEE-BASELINE]
SCORE    : anomaly_score=0.000
DECISION : ALLOW
------------------------------------------------------------
[SEQ 13] [LAYER INIT]
CMD      : G1 X0.1 Y0.1 E20 F600
TRUST    : acc_cmd=0.000 | acc_exec=1.000 | trust=0.004
DECISION : PAUSE
MACHINE  : Machine-4
------------------------------------------------------------
[SEQ 13] [STATIC-BASELINE]
CMD      : G1 | effects={'dx': 0.0, 'dy': 0.0, 'dz': 0.0, 'de': 0.0, 'xy_dist': 0.0, 'params': {'G': 1.0, 'X': 0.1, 'Y': 0.1, 'E': 20.0, 'F': 600.0}}
DECISION : ALLOW
------------------------------------------------------------
[SEQ 13] [IEEE-BASELINE]
SCORE    : anomaly_score=0.000
DECISION : ALLOW
------------------------------------------------------------
[SEQ 14] [LAYER INIT]
CMD      : G1 X0.1 Y0.1 E20 F600
TRUST    : acc_cmd=0.000 | acc_exec=1.000 | trust=0.002
DECISION : PAUSE
MACHINE  : Machine-4
------------------------------------------------------------
[SEQ 14] [STATIC-BASELINE]
CMD      : G1 | effects={'dx': 0.0, 'dy': 0.0, 'dz': 0.0, 'de': 0.0, 'xy_dist': 0.0, 'params': {'G': 1.0, 'X': 0.1, 'Y': 0.1, 'E': 20.0, 'F': 600.0}}
DECISION : ALLOW
------------------------------------------------------------
[SEQ 14] [IEEE-BASELINE]
SCORE    : anomaly_score=0.000
DECISION : ALLOW
------------------------------------------------------------
[SEQ 15] [LAYER INIT]
CMD      : G1 X0.1 Y0.1 E20 F600
TRUST    : acc_cmd=0.000 | acc_exec=1.000 | trust=0.001
DECISION : PAUSE
MACHINE  : Machine-4
------------------------------------------------------------
[SEQ 15] [STATIC-BASELINE]
CMD      : G1 | effects={'dx': 0.0, 'dy': 0.0, 'dz': 0.0, 'de': 0.0, 'xy_dist': 0.0, 'params': {'G': 1.0, 'X': 0.1, 'Y': 0.1, 'E': 20.0, 'F': 600.0}}
DECISION : ALLOW
------------------------------------------------------------
[SEQ 15] [IEEE-BASELINE]
SCORE    : anomaly_score=0.000
DECISION : ALLOW
------------------------------------------------------------
[SEQ 16] [LAYER INIT]
CMD      : G1 X0.1 Y0.1 E20 F600
TRUST    : acc_cmd=0.000 | acc_exec=1.000 | trust=0.001
DECISION : PAUSE
MACHINE  : Machine-4
------------------------------------------------------------
[SEQ 16] [STATIC-BASELINE]
CMD      : G1 | effects={'dx': 0.0, 'dy': 0.0, 'dz': 0.0, 'de': 0.0, 'xy_dist': 0.0, 'params': {'G': 1.0, 'X': 0.1, 'Y': 0.1, 'E': 20.0, 'F': 600.0}}
DECISION : ALLOW
------------------------------------------------------------
[SEQ 16] [IEEE-BASELINE]
SCORE    : anomaly_score=0.000
DECISION : ALLOW
------------------------------------------------------------
[SEQ 17] [LAYER INIT]
CMD      : G1 X0.1 Y0.1 E20 F600
TRUST    : acc_cmd=0.000 | acc_exec=1.000 | trust=0.001
DECISION : PAUSE
MACHINE  : Machine-4
------------------------------------------------------------
[SEQ 17] [STATIC-BASELINE]
CMD      : G1 | effects={'dx': 0.0, 'dy': 0.0, 'dz': 0.0, 'de': 0.0, 'xy_dist': 0.0, 'params': {'G': 1.0, 'X': 0.1, 'Y': 0.1, 'E': 20.0, 'F': 600.0}}
DECISION : ALLOW
------------------------------------------------------------
[SEQ 17] [IEEE-BASELINE]
SCORE    : anomaly_score=0.000
DECISION : ALLOW
------------------------------------------------------------
[SEQ 18] [LAYER INIT]
CMD      : G1 X0.1 Y0.1 E20 F600
TRUST    : acc_cmd=0.000 | acc_exec=1.000 | trust=0.001
DECISION : PAUSE
MACHINE  : Machine-4
------------------------------------------------------------
[SEQ 18] [STATIC-BASELINE]
CMD      : G1 | effects={'dx': 0.0, 'dy': 0.0, 'dz': 0.0, 'de': 0.0, 'xy_dist': 0.0, 'params': {'G': 1.0, 'X': 0.1, 'Y': 0.1, 'E': 20.0, 'F': 600.0}}
DECISION : ALLOW
------------------------------------------------------------
[SEQ 18] [IEEE-BASELINE]
SCORE    : anomaly_score=0.000
DECISION : ALLOW
------------------------------------------------------------
[SEQ 19] [LAYER INIT]
CMD      : G1 X0.1 Y0.1 E20 F600
TRUST    : acc_cmd=0.000 | acc_exec=1.000 | trust=0.001
DECISION : PAUSE
MACHINE  : Machine-4
------------------------------------------------------------
[SEQ 19] [STATIC-BASELINE]
CMD      : G1 | effects={'dx': 0.0, 'dy': 0.0, 'dz': 0.0, 'de': 0.0, 'xy_dist': 0.0, 'params': {'G': 1.0, 'X': 0.1, 'Y': 0.1, 'E': 20.0, 'F': 600.0}}
DECISION : ALLOW
------------------------------------------------------------
[SEQ 19] [IEEE-BASELINE]
SCORE    : anomaly_score=0.000
DECISION : ALLOW
------------------------------------------------------------
[SEQ 20] [LAYER INIT]
CMD      : G1 X0.1 Y0.1 E20 F600
TRUST    : acc_cmd=0.000 | acc_exec=1.000 | trust=0.001
DECISION : PAUSE
MACHINE  : Machine-4
------------------------------------------------------------
[SEQ 20] [STATIC-BASELINE]
CMD      : G1 | effects={'dx': 0.0, 'dy': 0.0, 'dz': 0.0, 'de': 0.0, 'xy_dist': 0.0, 'params': {'G': 1.0, 'X': 0.1, 'Y': 0.1, 'E': 20.0, 'F': 600.0}}
DECISION : ALLOW
------------------------------------------------------------
[SEQ 20] [IEEE-BASELINE]
SCORE    : anomaly_score=0.000
DECISION : ALLOW
------------------------------------------------------------
[SEQ 21] [LAYER INIT]
CMD      : G1 X0.1 Y0.1 E20 F600
TRUST    : acc_cmd=0.000 | acc_exec=1.000 | trust=0.001
DECISION : PAUSE
MACHINE  : Machine-4
------------------------------------------------------------
[SEQ 21] [STATIC-BASELINE]
CMD      : G1 | effects={'dx': 0.0, 'dy': 0.0, 'dz': 0.0, 'de': 0.0, 'xy_dist': 0.0, 'params': {'G': 1.0, 'X': 0.1, 'Y': 0.1, 'E': 20.0, 'F': 600.0}}
DECISION : ALLOW
------------------------------------------------------------
[SEQ 21] [IEEE-BASELINE]
SCORE    : anomaly_score=0.000
DECISION : ALLOW
------------------------------------------------------------
[SEQ 22] [LAYER INIT]
CMD      : G1 X0.1 Y0.1 E20 F600
TRUST    : acc_cmd=0.000 | acc_exec=1.000 | trust=0.001
DECISION : PAUSE
MACHINE  : Machine-4
------------------------------------------------------------
[SEQ 22] [STATIC-BASELINE]
CMD      : G1 | effects={'dx': 0.0, 'dy': 0.0, 'dz': 0.0, 'de': 0.0, 'xy_dist': 0.0, 'params': {'G': 1.0, 'X': 0.1, 'Y': 0.1, 'E': 20.0, 'F': 600.0}}
DECISION : ALLOW
------------------------------------------------------------
[SEQ 22] [IEEE-BASELINE]
SCORE    : anomaly_score=0.000
DECISION : ALLOW
------------------------------------------------------------
[SEQ 23] [LAYER INIT]
CMD      : G1 X0.1 Y0.1 E20 F600
TRUST    : acc_cmd=0.000 | acc_exec=1.000 | trust=0.001
DECISION : PAUSE
MACHINE  : Machine-4
------------------------------------------------------------
[SEQ 23] [STATIC-BASELINE]
CMD      : G1 | effects={'dx': 0.0, 'dy': 0.0, 'dz': 0.0, 'de': 0.0, 'xy_dist': 0.0, 'params': {'G': 1.0, 'X': 0.1, 'Y': 0.1, 'E': 20.0, 'F': 600.0}}
DECISION : ALLOW
------------------------------------------------------------
[SEQ 23] [IEEE-BASELINE]
SCORE    : anomaly_score=0.000
DECISION : ALLOW
------------------------------------------------------------
[SEQ 24] [LAYER INIT]
CMD      : G1 X0.1 Y0.1 E20 F600
TRUST    : acc_cmd=0.000 | acc_exec=1.000 | trust=0.001
DECISION : PAUSE
MACHINE  : Machine-4
------------------------------------------------------------
[SEQ 24] [STATIC-BASELINE]
CMD      : G1 | effects={'dx': 0.0, 'dy': 0.0, 'dz': 0.0, 'de': 0.0, 'xy_dist': 0.0, 'params': {'G': 1.0, 'X': 0.1, 'Y': 0.1, 'E': 20.0, 'F': 600.0}}
DECISION : ALLOW
------------------------------------------------------------
[SEQ 24] [IEEE-BASELINE]
SCORE    : anomaly_score=0.000
DECISION : ALLOW
------------------------------------------------------------
[SEQ 25] [LAYER INIT]
CMD      : G1 X0.1 Y0.1 E20 F600
TRUST    : acc_cmd=0.000 | acc_exec=1.000 | trust=0.001
DECISION : PAUSE
MACHINE  : Machine-4
------------------------------------------------------------
[SEQ 25] [STATIC-BASELINE]
CMD      : G1 | effects={'dx': 0.0, 'dy': 0.0, 'dz': 0.0, 'de': 0.0, 'xy_dist': 0.0, 'params': {'G': 1.0, 'X': 0.1, 'Y': 0.1, 'E': 20.0, 'F': 600.0}}
DECISION : ALLOW
------------------------------------------------------------
[SEQ 25] [IEEE-BASELINE]
SCORE    : anomaly_score=0.000
DECISION : ALLOW
------------------------------------------------------------
[SEQ 26] [LAYER INIT]
CMD      : G92 E0
TRUST    : acc_cmd=0.000 | acc_exec=0.000 | trust=0.007
DECISION : PAUSE
MACHINE  : Machine-4
------------------------------------------------------------
[SEQ 26] [STATIC-BASELINE]
CMD      : G92 | effects={'reset': {'G': 92.0, 'E': 0.0}}
DECISION : ALLOW
------------------------------------------------------------
[SEQ 26] [IEEE-BASELINE]
SCORE    : anomaly_score=0.000
DECISION : ALLOW
------------------------------------------------------------
[SEQ 27] [LAYER INIT]
CMD      : G1 X0.1 Y0.1 E20 F600
TRUST    : acc_cmd=0.000 | acc_exec=1.000 | trust=0.005
DECISION : PAUSE
MACHINE  : Machine-4
------------------------------------------------------------
[SEQ 27] [STATIC-BASELINE]
CMD      : G1 | effects={'dx': 0.0, 'dy': 0.0, 'dz': 0.0, 'de': 20.0, 'xy_dist': 0.0, 'params': {'G': 1.0, 'X': 0.1, 'Y': 0.1, 'E': 20.0, 'F': 600.0}}
DECISION : ALLOW
------------------------------------------------------------
[SEQ 27] [IEEE-BASELINE]
SCORE    : anomaly_score=0.000
DECISION : ALLOW
------------------------------------------------------------
[SEQ 28] [LAYER INIT]
CMD      : G1 X0.1 Y0.1 E20 F600
TRUST    : acc_cmd=0.000 | acc_exec=1.000 | trust=0.003
DECISION : PAUSE
MACHINE  : Machine-4
------------------------------------------------------------
[SEQ 28] [STATIC-BASELINE]
CMD      : G1 | effects={'dx': 0.0, 'dy': 0.0, 'dz': 0.0, 'de': 0.0, 'xy_dist': 0.0, 'params': {'G': 1.0, 'X': 0.1, 'Y': 0.1, 'E': 20.0, 'F': 600.0}}
DECISION : ALLOW
------------------------------------------------------------
[SEQ 28] [IEEE-BASELINE]
SCORE    : anomaly_score=0.000
DECISION : ALLOW
------------------------------------------------------------
[SEQ 29] [LAYER INIT]
CMD      : G1 X0.1 Y0.1 E20 F600
TRUST    : acc_cmd=0.000 | acc_exec=1.000 | trust=0.002
DECISION : PAUSE
MACHINE  : Machine-4
------------------------------------------------------------
[SEQ 29] [STATIC-BASELINE]
CMD      : G1 | effects={'dx': 0.0, 'dy': 0.0, 'dz': 0.0, 'de': 0.0, 'xy_dist': 0.0, 'params': {'G': 1.0, 'X': 0.1, 'Y': 0.1, 'E': 20.0, 'F': 600.0}}
DECISION : ALLOW
------------------------------------------------------------
[SEQ 29] [IEEE-BASELINE]
SCORE    : anomaly_score=0.000
DECISION : ALLOW
------------------------------------------------------------
[SEQ 30] [LAYER INIT]
CMD      : G1 X0.1 Y0.1 E20 F600
TRUST    : acc_cmd=0.000 | acc_exec=1.000 | trust=0.001
DECISION : PAUSE
MACHINE  : Machine-4
------------------------------------------------------------
[SEQ 30] [STATIC-BASELINE]
CMD      : G1 | effects={'dx': 0.0, 'dy': 0.0, 'dz': 0.0, 'de': 0.0, 'xy_dist': 0.0, 'params': {'G': 1.0, 'X': 0.1, 'Y': 0.1, 'E': 20.0, 'F': 600.0}}
DECISION : ALLOW
------------------------------------------------------------
[SEQ 30] [IEEE-BASELINE]
SCORE    : anomaly_score=0.000
DECISION : ALLOW
------------------------------------------------------------
[SEQ 31] [LAYER INIT]
CMD      : G1 X0.1 Y0.1 E20 F600
TRUST    : acc_cmd=0.000 | acc_exec=1.000 | trust=0.001
DECISION : PAUSE
MACHINE  : Machine-4
------------------------------------------------------------
[SEQ 31] [STATIC-BASELINE]
CMD      : G1 | effects={'dx': 0.0, 'dy': 0.0, 'dz': 0.0, 'de': 0.0, 'xy_dist': 0.0, 'params': {'G': 1.0, 'X': 0.1, 'Y': 0.1, 'E': 20.0, 'F': 600.0}}
DECISION : ALLOW
------------------------------------------------------------
[SEQ 31] [IEEE-BASELINE]
SCORE    : anomaly_score=0.000
DECISION : ALLOW
------------------------------------------------------------
[SEQ 32] [LAYER INIT]
CMD      : G1 X0.1 Y0.1 E20 F600
TRUST    : acc_cmd=0.000 | acc_exec=1.000 | trust=0.001
DECISION : PAUSE
MACHINE  : Machine-4
------------------------------------------------------------
[SEQ 32] [STATIC-BASELINE]
CMD      : G1 | effects={'dx': 0.0, 'dy': 0.0, 'dz': 0.0, 'de': 0.0, 'xy_dist': 0.0, 'params': {'G': 1.0, 'X': 0.1, 'Y': 0.1, 'E': 20.0, 'F': 600.0}}
DECISION : ALLOW
------------------------------------------------------------
[SEQ 32] [IEEE-BASELINE]
SCORE    : anomaly_score=0.000
DECISION : ALLOW
------------------------------------------------------------
[SEQ 33] [LAYER INIT]
CMD      : G1 X0.1 Y0.1 E20 F600
TRUST    : acc_cmd=0.000 | acc_exec=1.000 | trust=0.001
DECISION : PAUSE
MACHINE  : Machine-4
------------------------------------------------------------
[SEQ 33] [STATIC-BASELINE]
CMD      : G1 | effects={'dx': 0.0, 'dy': 0.0, 'dz': 0.0, 'de': 0.0, 'xy_dist': 0.0, 'params': {'G': 1.0, 'X': 0.1, 'Y': 0.1, 'E': 20.0, 'F': 600.0}}
DECISION : ALLOW
------------------------------------------------------------
[SEQ 33] [IEEE-BASELINE]
SCORE    : anomaly_score=0.000
DECISION : ALLOW
------------------------------------------------------------
[SEQ 34] [LAYER 0]
CMD      : G1 X0.1 Y0.1 E20 F600
TRUST    : acc_cmd=1.000 | acc_exec=1.000 | trust=0.001
DECISION : PAUSE
MACHINE  : Machine-4
------------------------------------------------------------
[SEQ 34] [STATIC-BASELINE]
CMD      : G1 | effects={'dx': 0.0, 'dy': 0.0, 'dz': 0.0, 'de': 0.0, 'xy_dist': 0.0, 'params': {'G': 1.0, 'X': 0.1, 'Y': 0.1, 'E': 20.0, 'F': 600.0}}
DECISION : ALLOW
------------------------------------------------------------
[SEQ 34] [IEEE-BASELINE]
SCORE    : anomaly_score=0.000
DECISION : ALLOW
------------------------------------------------------------
[SEQ 35] [LAYER 0]
CMD      : G1 X0.1 Y0.1 E20 F600
TRUST    : acc_cmd=1.000 | acc_exec=1.000 | trust=0.001
DECISION : PAUSE
MACHINE  : Machine-4
------------------------------------------------------------
[SEQ 35] [STATIC-BASELINE]
CMD      : G1 | effects={'dx': 0.0, 'dy': 0.0, 'dz': 0.0, 'de': 0.0, 'xy_dist': 0.0, 'params': {'G': 1.0, 'X': 0.1, 'Y': 0.1, 'E': 20.0, 'F': 600.0}}
DECISION : ALLOW
------------------------------------------------------------
[SEQ 35] [IEEE-BASELINE]
SCORE    : anomaly_score=0.000
DECISION : ALLOW
------------------------------------------------------------
[SEQ 36] [LAYER 0]
CMD      : G1 X0.1 Y0.1 E20 F600
TRUST    : acc_cmd=1.000 | acc_exec=1.000 | trust=0.001
DECISION : PAUSE
MACHINE  : Machine-4
------------------------------------------------------------
[SEQ 36] [STATIC-BASELINE]
CMD      : G1 | effects={'dx': 0.0, 'dy': 0.0, 'dz': 0.0, 'de': 0.0, 'xy_dist': 0.0, 'params': {'G': 1.0, 'X': 0.1, 'Y': 0.1, 'E': 20.0, 'F': 600.0}}
DECISION : ALLOW
------------------------------------------------------------
[SEQ 36] [IEEE-BASELINE]
SCORE    : anomaly_score=0.000
DECISION : ALLOW
------------------------------------------------------------
[SEQ 37] [LAYER 0]
CMD      : G1 X0.1 Y0.1 E20 F600
TRUST    : acc_cmd=1.000 | acc_exec=1.000 | trust=0.001
DECISION : PAUSE
MACHINE  : Machine-4
------------------------------------------------------------
[SEQ 37] [STATIC-BASELINE]
CMD      : G1 | effects={'dx': 0.0, 'dy': 0.0, 'dz': 0.0, 'de': 0.0, 'xy_dist': 0.0, 'params': {'G': 1.0, 'X': 0.1, 'Y': 0.1, 'E': 20.0, 'F': 600.0}}
DECISION : ALLOW
------------------------------------------------------------
[SEQ 37] [IEEE-BASELINE]
SCORE    : anomaly_score=0.000
DECISION : ALLOW
------------------------------------------------------------
[SEQ 38] [LAYER 0]
CMD      : G1 X0.1 Y0.1 E20 F600
TRUST    : acc_cmd=1.000 | acc_exec=1.000 | trust=0.001
DECISION : PAUSE
MACHINE  : Machine-4
------------------------------------------------------------
[SEQ 38] [STATIC-BASELINE]
CMD      : G1 | effects={'dx': 0.0, 'dy': 0.0, 'dz': 0.0, 'de': 0.0, 'xy_dist': 0.0, 'params': {'G': 1.0, 'X': 0.1, 'Y': 0.1, 'E': 20.0, 'F': 600.0}}
DECISION : ALLOW
------------------------------------------------------------
[SEQ 38] [IEEE-BASELINE]
SCORE    : anomaly_score=0.000
DECISION : ALLOW
------------------------------------------------------------
[SEQ 39] [LAYER 0]
CMD      : G1 X0.1 Y0.1 E20 F600
TRUST    : acc_cmd=1.000 | acc_exec=1.000 | trust=0.001
DECISION : PAUSE
MACHINE  : Machine-4
------------------------------------------------------------
[SEQ 39] [STATIC-BASELINE]
CMD      : G1 | effects={'dx': 0.0, 'dy': 0.0, 'dz': 0.0, 'de': 0.0, 'xy_dist': 0.0, 'params': {'G': 1.0, 'X': 0.1, 'Y': 0.1, 'E': 20.0, 'F': 600.0}}
DECISION : ALLOW
------------------------------------------------------------
[SEQ 39] [IEEE-BASELINE]
SCORE    : anomaly_score=0.000
DECISION : ALLOW
------------------------------------------------------------
[SEQ 40] [LAYER 0]
CMD      : G1 X0.1 Y0.1 E20 F600
TRUST    : acc_cmd=1.000 | acc_exec=1.000 | trust=0.001
DECISION : PAUSE
MACHINE  : Machine-4
------------------------------------------------------------
[SEQ 40] [STATIC-BASELINE]
CMD      : G1 | effects={'dx': 0.0, 'dy': 0.0, 'dz': 0.0, 'de': 0.0, 'xy_dist': 0.0, 'params': {'G': 1.0, 'X': 0.1, 'Y': 0.1, 'E': 20.0, 'F': 600.0}}
DECISION : ALLOW
------------------------------------------------------------
[SEQ 40] [IEEE-BASELINE]
SCORE    : anomaly_score=0.000
DECISION : ALLOW
------------------------------------------------------------
[SEQ 41] [LAYER 0]
CMD      : G1 X160.147 Y112.609 E0.05946
TRUST    : acc_cmd=0.000 | acc_exec=1.000 | trust=0.001
DECISION : PAUSE
MACHINE  : Machine-4
------------------------------------------------------------
[SEQ 41] [STATIC-BASELINE]
CMD      : G1 | effects={'dx': 160.047, 'dy': 112.509, 'dz': 0.0, 'de': -19.94054, 'xy_dist': 195.6356748908542, 'params': {'G': 1.0, 'X': 160.147, 'Y': 112.609, 'E': 0.05946}}
DECISION : ALLOW
------------------------------------------------------------
[SEQ 41] [IEEE-BASELINE]
SCORE    : anomaly_score=0.000
DECISION : ALLOW
------------------------------------------------------------
[SEQ 42] [LAYER 0]
CMD      : G1 X0.1 Y0.1 E20 F600
TRUST    : acc_cmd=1.000 | acc_exec=0.000 | trust=0.002
DECISION : PAUSE
MACHINE  : Machine-4
------------------------------------------------------------
[SEQ 42] [STATIC-BASELINE]
CMD      : G1 | effects={'dx': -160.047, 'dy': -112.509, 'dz': 0.0, 'de': 19.94054, 'xy_dist': 195.6356748908542, 'params': {'G': 1.0, 'X': 0.1, 'Y': 0.1, 'E': 20.0, 'F': 600.0}}
DECISION : ALLOW
------------------------------------------------------------
[SEQ 42] [IEEE-BASELINE]
SCORE    : anomaly_score=0.000
DECISION : ALLOW
------------------------------------------------------------
[SEQ 43] [LAYER 0]
CMD      : G1 X0.1 Y0.1 E20 F600
TRUST    : acc_cmd=1.000 | acc_exec=0.000 | trust=0.002
DECISION : PAUSE
MACHINE  : Machine-4
------------------------------------------------------------
[SEQ 43] [STATIC-BASELINE]
CMD      : G1 | effects={'dx': 0.0, 'dy': 0.0, 'dz': 0.0, 'de': 0.0, 'xy_dist': 0.0, 'params': {'G': 1.0, 'X': 0.1, 'Y': 0.1, 'E': 20.0, 'F': 600.0}}
DECISION : ALLOW
------------------------------------------------------------
[SEQ 43] [IEEE-BASELINE]
SCORE    : anomaly_score=0.000
DECISION : ALLOW
------------------------------------------------------------
[SEQ 44] [LAYER 0]
CMD      : G1 X0.1 Y0.1 E20 F600
TRUST    : acc_cmd=1.000 | acc_exec=0.000 | trust=0.001
DECISION : PAUSE
MACHINE  : Machine-4
------------------------------------------------------------
[SEQ 44] [STATIC-BASELINE]
CMD      : G1 | effects={'dx': 0.0, 'dy': 0.0, 'dz': 0.0, 'de': 0.0, 'xy_dist': 0.0, 'params': {'G': 1.0, 'X': 0.1, 'Y': 0.1, 'E': 20.0, 'F': 600.0}}
DECISION : ALLOW
------------------------------------------------------------
[SEQ 44] [IEEE-BASELINE]
SCORE    : anomaly_score=0.000
DECISION : ALLOW
------------------------------------------------------------
[SEQ 45] [LAYER 0]
CMD      : G1 X168.166 Y111.744 E0.21638
TRUST    : acc_cmd=0.000 | acc_exec=1.000 | trust=0.011
DECISION : PAUSE
MACHINE  : Machine-4
------------------------------------------------------------
[SEQ 45] [STATIC-BASELINE]
CMD      : G1 | effects={'dx': 168.066, 'dy': 111.644, 'dz': 0.0, 'de': -19.78362, 'xy_dist': 201.76858797146795, 'params': {'G': 1.0, 'X': 168.166, 'Y': 111.744, 'E': 0.21638}}
DECISION : ALLOW
------------------------------------------------------------
[SEQ 45] [IEEE-BASELINE]
SCORE    : anomaly_score=0.000
DECISION : ALLOW
------------------------------------------------------------
[SEQ 46] [LAYER 0]
CMD      : G1 X0.1 Y0.1 E20 F600
TRUST    : acc_cmd=1.000 | acc_exec=0.000 | trust=0.007
DECISION : PAUSE
MACHINE  : Machine-4
------------------------------------------------------------
[SEQ 46] [STATIC-BASELINE]
CMD      : G1 | effects={'dx': -168.066, 'dy': -111.644, 'dz': 0.0, 'de': 19.78362, 'xy_dist': 201.76858797146795, 'params': {'G': 1.0, 'X': 0.1, 'Y': 0.1, 'E': 20.0, 'F': 600.0}}
DECISION : ALLOW
------------------------------------------------------------
[SEQ 46] [IEEE-BASELINE]
SCORE    : anomaly_score=0.000
DECISION : ALLOW
------------------------------------------------------------
[SEQ 47] [LAYER 0]
CMD      : G1 X0.1 Y0.1 E20 F600
TRUST    : acc_cmd=1.000 | acc_exec=0.000 | trust=0.004
DECISION : PAUSE
MACHINE  : Machine-4
------------------------------------------------------------
[SEQ 47] [STATIC-BASELINE]
CMD      : G1 | effects={'dx': 0.0, 'dy': 0.0, 'dz': 0.0, 'de': 0.0, 'xy_dist': 0.0, 'params': {'G': 1.0, 'X': 0.1, 'Y': 0.1, 'E': 20.0, 'F': 600.0}}
DECISION : ALLOW
------------------------------------------------------------
[SEQ 47] [IEEE-BASELINE]
SCORE    : anomaly_score=0.000
DECISION : ALLOW
------------------------------------------------------------
[SEQ 48] [LAYER 0]
CMD      : G1 X0.1 Y0.1 E20 F600
TRUST    : acc_cmd=1.000 | acc_exec=0.000 | trust=0.002
DECISION : PAUSE
MACHINE  : Machine-4
------------------------------------------------------------
[SEQ 48] [STATIC-BASELINE]
CMD      : G1 | effects={'dx': 0.0, 'dy': 0.0, 'dz': 0.0, 'de': 0.0, 'xy_dist': 0.0, 'params': {'G': 1.0, 'X': 0.1, 'Y': 0.1, 'E': 20.0, 'F': 600.0}}
DECISION : ALLOW
------------------------------------------------------------
[SEQ 48] [IEEE-BASELINE]
SCORE    : anomaly_score=0.000
DECISION : ALLOW
------------------------------------------------------------
[SEQ 49] [LAYER 0]
CMD      : G1 X0.1 Y0.1 E20 F600
TRUST    : acc_cmd=1.000 | acc_exec=1.000 | trust=0.001
DECISION : PAUSE
MACHINE  : Machine-4
------------------------------------------------------------
[SEQ 49] [STATIC-BASELINE]
CMD      : G1 | effects={'dx': 0.0, 'dy': 0.0, 'dz': 0.0, 'de': 0.0, 'xy_dist': 0.0, 'params': {'G': 1.0, 'X': 0.1, 'Y': 0.1, 'E': 20.0, 'F': 600.0}}
DECISION : ALLOW
------------------------------------------------------------
[SEQ 49] [IEEE-BASELINE]
SCORE    : anomaly_score=0.000
DECISION : ALLOW
------------------------------------------------------------
[SEQ 50] [LAYER 0]
CMD      : G1 X0.1 Y0.1 E20 F600
TRUST    : acc_cmd=1.000 | acc_exec=1.000 | trust=0.001
DECISION : PAUSE
MACHINE  : Machine-4
------------------------------------------------------------
[SEQ 50] [STATIC-BASELINE]
CMD      : G1 | effects={'dx': 0.0, 'dy': 0.0, 'dz': 0.0, 'de': 0.0, 'xy_dist': 0.0, 'params': {'G': 1.0, 'X': 0.1, 'Y': 0.1, 'E': 20.0, 'F': 600.0}}
DECISION : ALLOW
------------------------------------------------------------
[SEQ 50] [IEEE-BASELINE]
SCORE    : anomaly_score=0.000
DECISION : ALLOW
------------------------------------------------------------
[SEQ 51] [LAYER 0]
CMD      : G1 X0.1 Y0.1 E20 F600
TRUST    : acc_cmd=1.000 | acc_exec=1.000 | trust=0.001
DECISION : PAUSE
MACHINE  : Machine-4
------------------------------------------------------------
[SEQ 51] [STATIC-BASELINE]
CMD      : G1 | effects={'dx': 0.0, 'dy': 0.0, 'dz': 0.0, 'de': 0.0, 'xy_dist': 0.0, 'params': {'G': 1.0, 'X': 0.1, 'Y': 0.1, 'E': 20.0, 'F': 600.0}}
DECISION : ALLOW
------------------------------------------------------------
[SEQ 51] [IEEE-BASELINE]
SCORE    : anomaly_score=0.000
DECISION : ALLOW
------------------------------------------------------------
[SEQ 52] [LAYER 0]
CMD      : G1 X0.1 Y0.1 E20 F600
TRUST    : acc_cmd=1.000 | acc_exec=1.000 | trust=0.001
DECISION : PAUSE
MACHINE  : Machine-4
------------------------------------------------------------
[SEQ 52] [STATIC-BASELINE]
CMD      : G1 | effects={'dx': 0.0, 'dy': 0.0, 'dz': 0.0, 'de': 0.0, 'xy_dist': 0.0, 'params': {'G': 1.0, 'X': 0.1, 'Y': 0.1, 'E': 20.0, 'F': 600.0}}
DECISION : ALLOW
------------------------------------------------------------
[SEQ 52] [IEEE-BASELINE]
SCORE    : anomaly_score=0.000
DECISION : ALLOW
------------------------------------------------------------
[SEQ 53] [LAYER 0]
CMD      : G1 X0.1 Y0.1 E20 F600
TRUST    : acc_cmd=1.000 | acc_exec=1.000 | trust=0.001
DECISION : PAUSE
MACHINE  : Machine-4
------------------------------------------------------------
[SEQ 53] [STATIC-BASELINE]
CMD      : G1 | effects={'dx': 0.0, 'dy': 0.0, 'dz': 0.0, 'de': 0.0, 'xy_dist': 0.0, 'params': {'G': 1.0, 'X': 0.1, 'Y': 0.1, 'E': 20.0, 'F': 600.0}}
DECISION : ALLOW
------------------------------------------------------------
[SEQ 53] [IEEE-BASELINE]
SCORE    : anomaly_score=0.000
DECISION : ALLOW
------------------------------------------------------------
[SEQ 54] [LAYER 0]
CMD      : G1 X0.1 Y0.1 E20 F600
TRUST    : acc_cmd=1.000 | acc_exec=1.000 | trust=0.001
DECISION : PAUSE
MACHINE  : Machine-4
------------------------------------------------------------
[SEQ 54] [STATIC-BASELINE]
CMD      : G1 | effects={'dx': 0.0, 'dy': 0.0, 'dz': 0.0, 'de': 0.0, 'xy_dist': 0.0, 'params': {'G': 1.0, 'X': 0.1, 'Y': 0.1, 'E': 20.0, 'F': 600.0}}
DECISION : ALLOW
------------------------------------------------------------
[SEQ 54] [IEEE-BASELINE]
SCORE    : anomaly_score=0.000
DECISION : ALLOW
------------------------------------------------------------
[SEQ 55] [LAYER 0]
CMD      : G1 X0.1 Y0.1 E20 F600
TRUST    : acc_cmd=1.000 | acc_exec=1.000 | trust=0.001
DECISION : PAUSE
MACHINE  : Machine-4
------------------------------------------------------------
[SEQ 55] [STATIC-BASELINE]
CMD      : G1 | effects={'dx': 0.0, 'dy': 0.0, 'dz': 0.0, 'de': 0.0, 'xy_dist': 0.0, 'params': {'G': 1.0, 'X': 0.1, 'Y': 0.1, 'E': 20.0, 'F': 600.0}}
DECISION : ALLOW
------------------------------------------------------------
[SEQ 55] [IEEE-BASELINE]
SCORE    : anomaly_score=0.000
DECISION : ALLOW
------------------------------------------------------------
[SEQ 56] [LAYER 0]
CMD      : G1 X163.768 Y128.789 E0.70038
TRUST    : acc_cmd=0.000 | acc_exec=1.000 | trust=0.001
DECISION : PAUSE
MACHINE  : Machine-4
------------------------------------------------------------
[SEQ 56] [STATIC-BASELINE]
CMD      : G1 | effects={'dx': 163.668, 'dy': 128.689, 'dz': 0.0, 'de': -19.29962, 'xy_dist': 208.20200033861346, 'params': {'G': 1.0, 'X': 163.768, 'Y': 128.789, 'E': 0.70038}}
DECISION : ALLOW
------------------------------------------------------------
[SEQ 56] [IEEE-BASELINE]
SCORE    : anomaly_score=0.000
DECISION : ALLOW
------------------------------------------------------------
[SEQ 57] [LAYER 0]
CMD      : G1 X0.1 Y0.1 E20 F600
TRUST    : acc_cmd=1.000 | acc_exec=0.000 | trust=0.002
DECISION : PAUSE
MACHINE  : Machine-4
------------------------------------------------------------
[SEQ 57] [STATIC-BASELINE]
CMD      : G1 | effects={'dx': -163.668, 'dy': -128.689, 'dz': 0.0, 'de': 19.29962, 'xy_dist': 208.20200033861346, 'params': {'G': 1.0, 'X': 0.1, 'Y': 0.1, 'E': 20.0, 'F': 600.0}}
DECISION : ALLOW
------------------------------------------------------------
[SEQ 57] [IEEE-BASELINE]
SCORE    : anomaly_score=0.000
DECISION : ALLOW
------------------------------------------------------------
[SEQ 58] [LAYER 0]
CMD      : G1 X0.1 Y0.1 E20 F600
TRUST    : acc_cmd=1.000 | acc_exec=0.000 | trust=0.002
DECISION : PAUSE
MACHINE  : Machine-4
------------------------------------------------------------
[SEQ 58] [STATIC-BASELINE]
CMD      : G1 | effects={'dx': 0.0, 'dy': 0.0, 'dz': 0.0, 'de': 0.0, 'xy_dist': 0.0, 'params': {'G': 1.0, 'X': 0.1, 'Y': 0.1, 'E': 20.0, 'F': 600.0}}
DECISION : ALLOW
------------------------------------------------------------
[SEQ 58] [IEEE-BASELINE]
SCORE    : anomaly_score=0.000
DECISION : ALLOW
------------------------------------------------------------
[SEQ 59] [LAYER 0]
CMD      : G1 X0.1 Y0.1 E20 F600
TRUST    : acc_cmd=1.000 | acc_exec=0.000 | trust=0.001
DECISION : PAUSE
MACHINE  : Machine-4
------------------------------------------------------------
[SEQ 59] [STATIC-BASELINE]
CMD      : G1 | effects={'dx': 0.0, 'dy': 0.0, 'dz': 0.0, 'de': 0.0, 'xy_dist': 0.0, 'params': {'G': 1.0, 'X': 0.1, 'Y': 0.1, 'E': 20.0, 'F': 600.0}}
DECISION : ALLOW
------------------------------------------------------------
[SEQ 59] [IEEE-BASELINE]
SCORE    : anomaly_score=0.000
DECISION : ALLOW
------------------------------------------------------------
[SEQ 60] [LAYER 0]
CMD      : G1 X0.1 Y0.1 E20 F600
TRUST    : acc_cmd=1.000 | acc_exec=1.000 | trust=0.001
DECISION : PAUSE
MACHINE  : Machine-4
------------------------------------------------------------
[SEQ 60] [STATIC-BASELINE]
CMD      : G1 | effects={'dx': 0.0, 'dy': 0.0, 'dz': 0.0, 'de': 0.0, 'xy_dist': 0.0, 'params': {'G': 1.0, 'X': 0.1, 'Y': 0.1, 'E': 20.0, 'F': 600.0}}
DECISION : ALLOW
------------------------------------------------------------
[SEQ 60] [IEEE-BASELINE]
SCORE    : anomaly_score=0.000
DECISION : ALLOW
------------------------------------------------------------
[SEQ 61] [LAYER 0]
CMD      : G1 X0.1 Y0.1 E20 F600
TRUST    : acc_cmd=1.000 | acc_exec=1.000 | trust=0.001
DECISION : PAUSE
MACHINE  : Machine-4
------------------------------------------------------------
[SEQ 61] [STATIC-BASELINE]
CMD      : G1 | effects={'dx': 0.0, 'dy': 0.0, 'dz': 0.0, 'de': 0.0, 'xy_dist': 0.0, 'params': {'G': 1.0, 'X': 0.1, 'Y': 0.1, 'E': 20.0, 'F': 600.0}}
DECISION : ALLOW
------------------------------------------------------------
[SEQ 61] [IEEE-BASELINE]
SCORE    : anomaly_score=0.000
DECISION : ALLOW
------------------------------------------------------------
[SEQ 62] [LAYER 0]
CMD      : G1 X0.1 Y0.1 E20 F600
TRUST    : acc_cmd=1.000 | acc_exec=1.000 | trust=0.001
DECISION : PAUSE
MACHINE  : Machine-4
------------------------------------------------------------
[SEQ 62] [STATIC-BASELINE]
CMD      : G1 | effects={'dx': 0.0, 'dy': 0.0, 'dz': 0.0, 'de': 0.0, 'xy_dist': 0.0, 'params': {'G': 1.0, 'X': 0.1, 'Y': 0.1, 'E': 20.0, 'F': 600.0}}
DECISION : ALLOW
------------------------------------------------------------
[SEQ 62] [IEEE-BASELINE]
SCORE    : anomaly_score=0.000
DECISION : ALLOW
------------------------------------------------------------
[SEQ 63] [LAYER 0]
CMD      : G1 X0.1 Y0.1 E20 F600
TRUST    : acc_cmd=1.000 | acc_exec=1.000 | trust=0.001
DECISION : PAUSE
MACHINE  : Machine-4
------------------------------------------------------------
[SEQ 63] [STATIC-BASELINE]
CMD      : G1 | effects={'dx': 0.0, 'dy': 0.0, 'dz': 0.0, 'de': 0.0, 'xy_dist': 0.0, 'params': {'G': 1.0, 'X': 0.1, 'Y': 0.1, 'E': 20.0, 'F': 600.0}}
DECISION : ALLOW
------------------------------------------------------------
[SEQ 63] [IEEE-BASELINE]
SCORE    : anomaly_score=0.000
DECISION : ALLOW
------------------------------------------------------------
[SEQ 64] [LAYER 0]
CMD      : G1 X0.1 Y0.1 E20 F600
TRUST    : acc_cmd=1.000 | acc_exec=1.000 | trust=0.001
DECISION : PAUSE
MACHINE  : Machine-4
------------------------------------------------------------
[SEQ 64] [STATIC-BASELINE]
CMD      : G1 | effects={'dx': 0.0, 'dy': 0.0, 'dz': 0.0, 'de': 0.0, 'xy_dist': 0.0, 'params': {'G': 1.0, 'X': 0.1, 'Y': 0.1, 'E': 20.0, 'F': 600.0}}
DECISION : ALLOW
------------------------------------------------------------
[SEQ 64] [IEEE-BASELINE]
SCORE    : anomaly_score=0.000
DECISION : ALLOW
------------------------------------------------------------
[SEQ 65] [LAYER 0]
CMD      : G1 X0.1 Y0.1 E20 F600
TRUST    : acc_cmd=1.000 | acc_exec=1.000 | trust=0.001
DECISION : PAUSE
MACHINE  : Machine-4
------------------------------------------------------------
[SEQ 65] [STATIC-BASELINE]
CMD      : G1 | effects={'dx': 0.0, 'dy': 0.0, 'dz': 0.0, 'de': 0.0, 'xy_dist': 0.0, 'params': {'G': 1.0, 'X': 0.1, 'Y': 0.1, 'E': 20.0, 'F': 600.0}}
DECISION : ALLOW
------------------------------------------------------------
[SEQ 65] [IEEE-BASELINE]
SCORE    : anomaly_score=0.000
DECISION : ALLOW
------------------------------------------------------------
[SEQ 66] [LAYER 0]
CMD      : G0 F3600 X158.201 Y115.039
TRUST    : acc_cmd=0.000 | acc_exec=0.000 | trust=0.007
DECISION : PAUSE
MACHINE  : Machine-4
------------------------------------------------------------
[SEQ 66] [STATIC-BASELINE]
CMD      : G0 | effects={'dx': 158.101, 'dy': 114.93900000000001, 'dz': 0.0, 'de': 0.0, 'xy_dist': 195.465853595967, 'params': {'G': 0.0, 'F': 3600.0, 'X': 158.201, 'Y': 115.039}}
DECISION : ALLOW
------------------------------------------------------------
[SEQ 66] [IEEE-BASELINE]
SCORE    : anomaly_score=0.000
DECISION : ALLOW
------------------------------------------------------------
[SEQ 67] [LAYER 0]
CMD      : G1 X0.1 Y0.1 E20 F600
TRUST    : acc_cmd=1.000 | acc_exec=0.000 | trust=0.005
DECISION : PAUSE
MACHINE  : Machine-4
------------------------------------------------------------
[SEQ 67] [STATIC-BASELINE]
CMD      : G1 | effects={'dx': -158.101, 'dy': -114.93900000000001, 'dz': 0.0, 'de': 0.0, 'xy_dist': 195.465853595967, 'params': {'G': 1.0, 'X': 0.1, 'Y': 0.1, 'E': 20.0, 'F': 600.0}}
DECISION : ALLOW
------------------------------------------------------------
[SEQ 67] [IEEE-BASELINE]
SCORE    : anomaly_score=0.000
DECISION : ALLOW
------------------------------------------------------------
[SEQ 68] [LAYER 0]
CMD      : G1 X0.1 Y0.1 E20 F600
TRUST    : acc_cmd=1.000 | acc_exec=0.000 | trust=0.003
DECISION : PAUSE
MACHINE  : Machine-4
------------------------------------------------------------
[SEQ 68] [STATIC-BASELINE]
CMD      : G1 | effects={'dx': 0.0, 'dy': 0.0, 'dz': 0.0, 'de': 0.0, 'xy_dist': 0.0, 'params': {'G': 1.0, 'X': 0.1, 'Y': 0.1, 'E': 20.0, 'F': 600.0}}
DECISION : ALLOW
------------------------------------------------------------
[SEQ 68] [IEEE-BASELINE]
SCORE    : anomaly_score=0.000
DECISION : ALLOW
------------------------------------------------------------
[SEQ 69] [LAYER 0]
CMD      : G1 X0.1 Y0.1 E20 F600
TRUST    : acc_cmd=1.000 | acc_exec=0.000 | trust=0.002
DECISION : PAUSE
MACHINE  : Machine-4
------------------------------------------------------------
[SEQ 69] [STATIC-BASELINE]
CMD      : G1 | effects={'dx': 0.0, 'dy': 0.0, 'dz': 0.0, 'de': 0.0, 'xy_dist': 0.0, 'params': {'G': 1.0, 'X': 0.1, 'Y': 0.1, 'E': 20.0, 'F': 600.0}}
DECISION : ALLOW
------------------------------------------------------------
[SEQ 69] [IEEE-BASELINE]
SCORE    : anomaly_score=0.000
DECISION : ALLOW
------------------------------------------------------------
[SEQ 70] [LAYER 0]
CMD      : G1 X0.1 Y0.1 E20 F600
TRUST    : acc_cmd=1.000 | acc_exec=1.000 | trust=0.001
DECISION : PAUSE
MACHINE  : Machine-4
------------------------------------------------------------
[SEQ 70] [STATIC-BASELINE]
CMD      : G1 | effects={'dx': 0.0, 'dy': 0.0, 'dz': 0.0, 'de': 0.0, 'xy_dist': 0.0, 'params': {'G': 1.0, 'X': 0.1, 'Y': 0.1, 'E': 20.0, 'F': 600.0}}
DECISION : ALLOW
------------------------------------------------------------
[SEQ 70] [IEEE-BASELINE]
SCORE    : anomaly_score=0.000
DECISION : ALLOW
------------------------------------------------------------
[SEQ 71] [LAYER 0]
CMD      : G1 X0.1 Y0.1 E20 F600
TRUST    : acc_cmd=1.000 | acc_exec=1.000 | trust=0.001
DECISION : PAUSE
MACHINE  : Machine-4
------------------------------------------------------------
[SEQ 71] [STATIC-BASELINE]
CMD      : G1 | effects={'dx': 0.0, 'dy': 0.0, 'dz': 0.0, 'de': 0.0, 'xy_dist': 0.0, 'params': {'G': 1.0, 'X': 0.1, 'Y': 0.1, 'E': 20.0, 'F': 600.0}}
DECISION : ALLOW
------------------------------------------------------------
[SEQ 71] [IEEE-BASELINE]
SCORE    : anomaly_score=0.000
DECISION : ALLOW
------------------------------------------------------------
[SEQ 72] [LAYER 0]
CMD      : G1 X0.1 Y0.1 E20 F600
TRUST    : acc_cmd=1.000 | acc_exec=1.000 | trust=0.001
DECISION : PAUSE
MACHINE  : Machine-4
------------------------------------------------------------
[SEQ 72] [STATIC-BASELINE]
CMD      : G1 | effects={'dx': 0.0, 'dy': 0.0, 'dz': 0.0, 'de': 0.0, 'xy_dist': 0.0, 'params': {'G': 1.0, 'X': 0.1, 'Y': 0.1, 'E': 20.0, 'F': 600.0}}
DECISION : ALLOW
------------------------------------------------------------
[SEQ 72] [IEEE-BASELINE]
SCORE    : anomaly_score=0.000
DECISION : ALLOW
------------------------------------------------------------
[SEQ 73] [LAYER 0]
CMD      : G1 X0.1 Y0.1 E20 F600
TRUST    : acc_cmd=1.000 | acc_exec=1.000 | trust=0.001
DECISION : PAUSE
MACHINE  : Machine-4
------------------------------------------------------------
[SEQ 73] [STATIC-BASELINE]
CMD      : G1 | effects={'dx': 0.0, 'dy': 0.0, 'dz': 0.0, 'de': 0.0, 'xy_dist': 0.0, 'params': {'G': 1.0, 'X': 0.1, 'Y': 0.1, 'E': 20.0, 'F': 600.0}}
DECISION : ALLOW
------------------------------------------------------------
[SEQ 73] [IEEE-BASELINE]
SCORE    : anomaly_score=0.000
DECISION : ALLOW
------------------------------------------------------------
[SEQ 74] [LAYER 0]
CMD      : G1 X0.1 Y0.1 E20 F600
TRUST    : acc_cmd=1.000 | acc_exec=1.000 | trust=0.001
DECISION : PAUSE
MACHINE  : Machine-4
------------------------------------------------------------
[SEQ 74] [STATIC-BASELINE]
CMD      : G1 | effects={'dx': 0.0, 'dy': 0.0, 'dz': 0.0, 'de': 0.0, 'xy_dist': 0.0, 'params': {'G': 1.0, 'X': 0.1, 'Y': 0.1, 'E': 20.0, 'F': 600.0}}
DECISION : ALLOW
------------------------------------------------------------
[SEQ 74] [IEEE-BASELINE]
SCORE    : anomaly_score=0.000
DECISION : ALLOW
------------------------------------------------------------
[SEQ 75] [LAYER 0]
CMD      : G1 X172.472 Y116.046 E1.36336
TRUST    : acc_cmd=0.000 | acc_exec=1.000 | trust=0.001
DECISION : PAUSE
MACHINE  : Machine-4
------------------------------------------------------------
[SEQ 75] [STATIC-BASELINE]
CMD      : G1 | effects={'dx': 172.372, 'dy': 115.94600000000001, 'dz': 0.0, 'de': -18.63664, 'xy_dist': 207.73921464181961, 'params': {'G': 1.0, 'X': 172.472, 'Y': 116.046, 'E': 1.36336}}
DECISION : ALLOW
------------------------------------------------------------
[SEQ 75] [IEEE-BASELINE]
SCORE    : anomaly_score=0.000
DECISION : ALLOW
------------------------------------------------------------
[SEQ 76] [LAYER 0]
CMD      : G1 X0.1 Y0.1 E20 F600
TRUST    : acc_cmd=1.000 | acc_exec=0.000 | trust=0.002
DECISION : PAUSE
MACHINE  : Machine-4
------------------------------------------------------------
[SEQ 76] [STATIC-BASELINE]
CMD      : G1 | effects={'dx': -172.372, 'dy': -115.94600000000001, 'dz': 0.0, 'de': 18.63664, 'xy_dist': 207.73921464181961, 'params': {'G': 1.0, 'X': 0.1, 'Y': 0.1, 'E': 20.0, 'F': 600.0}}
DECISION : ALLOW
------------------------------------------------------------
[SEQ 76] [IEEE-BASELINE]
SCORE    : anomaly_score=0.000
DECISION : ALLOW
------------------------------------------------------------
[SEQ 77] [LAYER 0]
CMD      : G1 X173.344 Y121.354 E1.46608
TRUST    : acc_cmd=0.000 | acc_exec=1.000 | trust=0.003
DECISION : PAUSE
MACHINE  : Machine-4
------------------------------------------------------------
[SEQ 77] [STATIC-BASELINE]
CMD      : G1 | effects={'dx': 173.244, 'dy': 121.254, 'dz': 0.0, 'de': -18.53392, 'xy_dist': 211.46161838972102, 'params': {'G': 1.0, 'X': 173.344, 'Y': 121.354, 'E': 1.46608}}
DECISION : ALLOW
------------------------------------------------------------
[SEQ 77] [IEEE-BASELINE]
SCORE    : anomaly_score=0.000
DECISION : ALLOW
------------------------------------------------------------
[SEQ 78] [LAYER 0]
CMD      : G1 X0.1 Y0.1 E20 F600
TRUST    : acc_cmd=1.000 | acc_exec=0.000 | trust=0.005
DECISION : PAUSE
MACHINE  : Machine-4
------------------------------------------------------------
[SEQ 78] [STATIC-BASELINE]
CMD      : G1 | effects={'dx': -173.244, 'dy': -121.254, 'dz': 0.0, 'de': 18.53392, 'xy_dist': 211.46161838972102, 'params': {'G': 1.0, 'X': 0.1, 'Y': 0.1, 'E': 20.0, 'F': 600.0}}
DECISION : ALLOW
------------------------------------------------------------
[SEQ 78] [IEEE-BASELINE]
SCORE    : anomaly_score=0.000
DECISION : ALLOW
------------------------------------------------------------
[SEQ 79] [LAYER 0]
CMD      : G1 X0.1 Y0.1 E20 F600
TRUST    : acc_cmd=1.000 | acc_exec=0.000 | trust=0.003
DECISION : PAUSE
MACHINE  : Machine-4
------------------------------------------------------------
[SEQ 79] [STATIC-BASELINE]
CMD      : G1 | effects={'dx': 0.0, 'dy': 0.0, 'dz': 0.0, 'de': 0.0, 'xy_dist': 0.0, 'params': {'G': 1.0, 'X': 0.1, 'Y': 0.1, 'E': 20.0, 'F': 600.0}}
DECISION : ALLOW
------------------------------------------------------------
[SEQ 79] [IEEE-BASELINE]
SCORE    : anomaly_score=0.000
DECISION : ALLOW
------------------------------------------------------------
[SEQ 80] [LAYER 0]
CMD      : G1 X0.1 Y0.1 E20 F600
TRUST    : acc_cmd=1.000 | acc_exec=0.000 | trust=0.002
DECISION : PAUSE
MACHINE  : Machine-4
------------------------------------------------------------
[SEQ 80] [STATIC-BASELINE]
CMD      : G1 | effects={'dx': 0.0, 'dy': 0.0, 'dz': 0.0, 'de': 0.0, 'xy_dist': 0.0, 'params': {'G': 1.0, 'X': 0.1, 'Y': 0.1, 'E': 20.0, 'F': 600.0}}
DECISION : ALLOW
------------------------------------------------------------
[SEQ 80] [IEEE-BASELINE]
SCORE    : anomaly_score=0.000
DECISION : ALLOW
------------------------------------------------------------
[SEQ 81] [LAYER 0]
CMD      : G1 X0.1 Y0.1 E20 F600
TRUST    : acc_cmd=1.000 | acc_exec=1.000 | trust=0.001
DECISION : PAUSE
MACHINE  : Machine-4
------------------------------------------------------------
[SEQ 81] [STATIC-BASELINE]
CMD      : G1 | effects={'dx': 0.0, 'dy': 0.0, 'dz': 0.0, 'de': 0.0, 'xy_dist': 0.0, 'params': {'G': 1.0, 'X': 0.1, 'Y': 0.1, 'E': 20.0, 'F': 600.0}}
DECISION : ALLOW
------------------------------------------------------------
[SEQ 81] [IEEE-BASELINE]
SCORE    : anomaly_score=0.000
DECISION : ALLOW
------------------------------------------------------------
[SEQ 82] [LAYER 0]
CMD      : G1 X0.1 Y0.1 E20 F600
TRUST    : acc_cmd=1.000 | acc_exec=1.000 | trust=0.001
DECISION : PAUSE
MACHINE  : Machine-4
------------------------------------------------------------
[SEQ 82] [STATIC-BASELINE]
CMD      : G1 | effects={'dx': 0.0, 'dy': 0.0, 'dz': 0.0, 'de': 0.0, 'xy_dist': 0.0, 'params': {'G': 1.0, 'X': 0.1, 'Y': 0.1, 'E': 20.0, 'F': 600.0}}
DECISION : ALLOW
------------------------------------------------------------
[SEQ 82] [IEEE-BASELINE]
SCORE    : anomaly_score=0.000
DECISION : ALLOW
------------------------------------------------------------
[SEQ 83] [LAYER 0]
CMD      : G1 X0.1 Y0.1 E20 F600
TRUST    : acc_cmd=1.000 | acc_exec=1.000 | trust=0.001
DECISION : PAUSE
MACHINE  : Machine-4
------------------------------------------------------------
[SEQ 83] [STATIC-BASELINE]
CMD      : G1 | effects={'dx': 0.0, 'dy': 0.0, 'dz': 0.0, 'de': 0.0, 'xy_dist': 0.0, 'params': {'G': 1.0, 'X': 0.1, 'Y': 0.1, 'E': 20.0, 'F': 600.0}}
DECISION : ALLOW
------------------------------------------------------------
[SEQ 83] [IEEE-BASELINE]
SCORE    : anomaly_score=0.000
DECISION : ALLOW
------------------------------------------------------------
[SEQ 84] [LAYER 0]
CMD      : G1 X0.1 Y0.1 E20 F600
TRUST    : acc_cmd=1.000 | acc_exec=1.000 | trust=0.001
DECISION : PAUSE
MACHINE  : Machine-4
------------------------------------------------------------
[SEQ 84] [STATIC-BASELINE]
CMD      : G1 | effects={'dx': 0.0, 'dy': 0.0, 'dz': 0.0, 'de': 0.0, 'xy_dist': 0.0, 'params': {'G': 1.0, 'X': 0.1, 'Y': 0.1, 'E': 20.0, 'F': 600.0}}
DECISION : ALLOW
------------------------------------------------------------
[SEQ 84] [IEEE-BASELINE]
SCORE    : anomaly_score=0.000
DECISION : ALLOW
------------------------------------------------------------
[SEQ 85] [LAYER 0]
CMD      : G1 X0.1 Y0.1 E20 F600
TRUST    : acc_cmd=1.000 | acc_exec=1.000 | trust=0.001
DECISION : PAUSE
MACHINE  : Machine-4
------------------------------------------------------------
[SEQ 85] [STATIC-BASELINE]
CMD      : G1 | effects={'dx': 0.0, 'dy': 0.0, 'dz': 0.0, 'de': 0.0, 'xy_dist': 0.0, 'params': {'G': 1.0, 'X': 0.1, 'Y': 0.1, 'E': 20.0, 'F': 600.0}}
DECISION : ALLOW
------------------------------------------------------------
[SEQ 85] [IEEE-BASELINE]
SCORE    : anomaly_score=0.000
DECISION : ALLOW
------------------------------------------------------------
[SEQ 86] [LAYER 0]
CMD      : G1 X0.1 Y0.1 E20 F600
TRUST    : acc_cmd=1.000 | acc_exec=1.000 | trust=0.001
DECISION : PAUSE
MACHINE  : Machine-4
------------------------------------------------------------
[SEQ 86] [STATIC-BASELINE]
CMD      : G1 | effects={'dx': 0.0, 'dy': 0.0, 'dz': 0.0, 'de': 0.0, 'xy_dist': 0.0, 'params': {'G': 1.0, 'X': 0.1, 'Y': 0.1, 'E': 20.0, 'F': 600.0}}
DECISION : ALLOW
------------------------------------------------------------
[SEQ 86] [IEEE-BASELINE]
SCORE    : anomaly_score=0.000
DECISION : ALLOW
------------------------------------------------------------
[SEQ 87] [LAYER 0]
CMD      : G1 X0.1 Y0.1 E20 F600
TRUST    : acc_cmd=1.000 | acc_exec=1.000 | trust=0.001
DECISION : PAUSE
MACHINE  : Machine-4
------------------------------------------------------------
[SEQ 87] [STATIC-BASELINE]
CMD      : G1 | effects={'dx': 0.0, 'dy': 0.0, 'dz': 0.0, 'de': 0.0, 'xy_dist': 0.0, 'params': {'G': 1.0, 'X': 0.1, 'Y': 0.1, 'E': 20.0, 'F': 600.0}}
DECISION : ALLOW
------------------------------------------------------------
[SEQ 87] [IEEE-BASELINE]
SCORE    : anomaly_score=0.000
DECISION : ALLOW
------------------------------------------------------------
[SEQ 88] [LAYER 0]
CMD      : G1 X0.1 Y0.1 E20 F600
TRUST    : acc_cmd=1.000 | acc_exec=1.000 | trust=0.001
DECISION : PAUSE
MACHINE  : Machine-4
------------------------------------------------------------
[SEQ 88] [STATIC-BASELINE]
CMD      : G1 | effects={'dx': 0.0, 'dy': 0.0, 'dz': 0.0, 'de': 0.0, 'xy_dist': 0.0, 'params': {'G': 1.0, 'X': 0.1, 'Y': 0.1, 'E': 20.0, 'F': 600.0}}
DECISION : ALLOW
------------------------------------------------------------
[SEQ 88] [IEEE-BASELINE]
SCORE    : anomaly_score=0.000
DECISION : ALLOW
------------------------------------------------------------
[SEQ 89] [LAYER 0]
CMD      : G1 X0.1 Y0.1 E20 F600
TRUST    : acc_cmd=1.000 | acc_exec=1.000 | trust=0.001
DECISION : PAUSE
MACHINE  : Machine-4
------------------------------------------------------------
[SEQ 89] [STATIC-BASELINE]
CMD      : G1 | effects={'dx': 0.0, 'dy': 0.0, 'dz': 0.0, 'de': 0.0, 'xy_dist': 0.0, 'params': {'G': 1.0, 'X': 0.1, 'Y': 0.1, 'E': 20.0, 'F': 600.0}}
DECISION : ALLOW
------------------------------------------------------------
[SEQ 89] [IEEE-BASELINE]
SCORE    : anomaly_score=0.000
DECISION : ALLOW
------------------------------------------------------------
[SEQ 90] [LAYER 0]
CMD      : G1 X0.1 Y0.1 E20 F600
TRUST    : acc_cmd=1.000 | acc_exec=1.000 | trust=0.001
DECISION : PAUSE
MACHINE  : Machine-4
------------------------------------------------------------
[SEQ 90] [STATIC-BASELINE]
CMD      : G1 | effects={'dx': 0.0, 'dy': 0.0, 'dz': 0.0, 'de': 0.0, 'xy_dist': 0.0, 'params': {'G': 1.0, 'X': 0.1, 'Y': 0.1, 'E': 20.0, 'F': 600.0}}
DECISION : ALLOW
------------------------------------------------------------
[SEQ 90] [IEEE-BASELINE]
SCORE    : anomaly_score=0.000
DECISION : ALLOW
------------------------------------------------------------
[SEQ 91] [LAYER 0]
CMD      : G1 X0.1 Y0.1 E20 F600
TRUST    : acc_cmd=1.000 | acc_exec=1.000 | trust=0.001
DECISION : PAUSE
MACHINE  : Machine-4
------------------------------------------------------------
[SEQ 91] [STATIC-BASELINE]
CMD      : G1 | effects={'dx': 0.0, 'dy': 0.0, 'dz': 0.0, 'de': 0.0, 'xy_dist': 0.0, 'params': {'G': 1.0, 'X': 0.1, 'Y': 0.1, 'E': 20.0, 'F': 600.0}}
DECISION : ALLOW
------------------------------------------------------------
[SEQ 91] [IEEE-BASELINE]
SCORE    : anomaly_score=0.000
DECISION : ALLOW
------------------------------------------------------------
[SEQ 92] [LAYER 0]
CMD      : G1 X0.1 Y0.1 E20 F600
TRUST    : acc_cmd=1.000 | acc_exec=1.000 | trust=0.001
DECISION : PAUSE
MACHINE  : Machine-4
------------------------------------------------------------
[SEQ 92] [STATIC-BASELINE]
CMD      : G1 | effects={'dx': 0.0, 'dy': 0.0, 'dz': 0.0, 'de': 0.0, 'xy_dist': 0.0, 'params': {'G': 1.0, 'X': 0.1, 'Y': 0.1, 'E': 20.0, 'F': 600.0}}
DECISION : ALLOW
------------------------------------------------------------
[SEQ 92] [IEEE-BASELINE]
SCORE    : anomaly_score=0.000
DECISION : ALLOW
------------------------------------------------------------
[SEQ 93] [LAYER 0]
CMD      : G1 X0.1 Y0.1 E20 F600
TRUST    : acc_cmd=1.000 | acc_exec=1.000 | trust=0.001
DECISION : PAUSE
MACHINE  : Machine-4
------------------------------------------------------------
[SEQ 93] [STATIC-BASELINE]
CMD      : G1 | effects={'dx': 0.0, 'dy': 0.0, 'dz': 0.0, 'de': 0.0, 'xy_dist': 0.0, 'params': {'G': 1.0, 'X': 0.1, 'Y': 0.1, 'E': 20.0, 'F': 600.0}}
DECISION : ALLOW
------------------------------------------------------------
[SEQ 93] [IEEE-BASELINE]
SCORE    : anomaly_score=0.000
DECISION : ALLOW
------------------------------------------------------------
[SEQ 94] [LAYER 0]
CMD      : G1 X0.1 Y0.1 E20 F600
TRUST    : acc_cmd=1.000 | acc_exec=1.000 | trust=0.001
DECISION : PAUSE
MACHINE  : Machine-4
------------------------------------------------------------
[SEQ 94] [STATIC-BASELINE]
CMD      : G1 | effects={'dx': 0.0, 'dy': 0.0, 'dz': 0.0, 'de': 0.0, 'xy_dist': 0.0, 'params': {'G': 1.0, 'X': 0.1, 'Y': 0.1, 'E': 20.0, 'F': 600.0}}
DECISION : ALLOW
------------------------------------------------------------
[SEQ 94] [IEEE-BASELINE]
SCORE    : anomaly_score=0.000
DECISION : ALLOW
------------------------------------------------------------
[SEQ 95] [LAYER 0]
CMD      : G1 X0.1 Y0.1 E20 F600
TRUST    : acc_cmd=1.000 | acc_exec=1.000 | trust=0.001
DECISION : PAUSE
MACHINE  : Machine-4
------------------------------------------------------------
[SEQ 95] [STATIC-BASELINE]
CMD      : G1 | effects={'dx': 0.0, 'dy': 0.0, 'dz': 0.0, 'de': 0.0, 'xy_dist': 0.0, 'params': {'G': 1.0, 'X': 0.1, 'Y': 0.1, 'E': 20.0, 'F': 600.0}}
DECISION : ALLOW
------------------------------------------------------------
[SEQ 95] [IEEE-BASELINE]
SCORE    : anomaly_score=0.000
DECISION : ALLOW
------------------------------------------------------------
[SEQ 96] [LAYER 0]
CMD      : G1 X0.1 Y0.1 E20 F600
TRUST    : acc_cmd=1.000 | acc_exec=1.000 | trust=0.001
DECISION : PAUSE
MACHINE  : Machine-4
------------------------------------------------------------
[SEQ 96] [STATIC-BASELINE]
CMD      : G1 | effects={'dx': 0.0, 'dy': 0.0, 'dz': 0.0, 'de': 0.0, 'xy_dist': 0.0, 'params': {'G': 1.0, 'X': 0.1, 'Y': 0.1, 'E': 20.0, 'F': 600.0}}
DECISION : ALLOW
------------------------------------------------------------
[SEQ 96] [IEEE-BASELINE]
SCORE    : anomaly_score=0.000
DECISION : ALLOW
------------------------------------------------------------
[SEQ 97] [LAYER 0]
CMD      : G1 X0.1 Y0.1 E20 F600
TRUST    : acc_cmd=1.000 | acc_exec=1.000 | trust=0.001
DECISION : PAUSE
MACHINE  : Machine-4
------------------------------------------------------------
[SEQ 97] [STATIC-BASELINE]
CMD      : G1 | effects={'dx': 0.0, 'dy': 0.0, 'dz': 0.0, 'de': 0.0, 'xy_dist': 0.0, 'params': {'G': 1.0, 'X': 0.1, 'Y': 0.1, 'E': 20.0, 'F': 600.0}}
DECISION : ALLOW
------------------------------------------------------------
[SEQ 97] [IEEE-BASELINE]
SCORE    : anomaly_score=0.000
DECISION : ALLOW
------------------------------------------------------------
[SEQ 98] [LAYER 0]
CMD      : G1 X167.877 Y112.497 E2.23483
TRUST    : acc_cmd=0.000 | acc_exec=1.000 | trust=0.001
DECISION : PAUSE
MACHINE  : Machine-4
------------------------------------------------------------
[SEQ 98] [STATIC-BASELINE]
CMD      : G1 | effects={'dx': 167.77700000000002, 'dy': 112.397, 'dz': 0.0, 'de': -17.76517, 'xy_dist': 201.9460505630155, 'params': {'G': 1.0, 'X': 167.877, 'Y': 112.497, 'E': 2.23483}}
DECISION : ALLOW
------------------------------------------------------------
[SEQ 98] [IEEE-BASELINE]
SCORE    : anomaly_score=0.000
DECISION : ALLOW
------------------------------------------------------------
[SEQ 99] [LAYER 0]
CMD      : G1 X0.1 Y0.1 E20 F600
TRUST    : acc_cmd=1.000 | acc_exec=0.000 | trust=0.002
DECISION : PAUSE
MACHINE  : Machine-4
------------------------------------------------------------
[SEQ 99] [STATIC-BASELINE]
CMD      : G1 | effects={'dx': -167.77700000000002, 'dy': -112.397, 'dz': 0.0, 'de': 17.76517, 'xy_dist': 201.9460505630155, 'params': {'G': 1.0, 'X': 0.1, 'Y': 0.1, 'E': 20.0, 'F': 600.0}}
DECISION : ALLOW
------------------------------------------------------------
[SEQ 99] [IEEE-BASELINE]
SCORE    : anomaly_score=0.000
DECISION : ALLOW
------------------------------------------------------------
[SEQ 100] [LAYER 0]
CMD      : G1 X0.1 Y0.1 E20 F600
TRUST    : acc_cmd=1.000 | acc_exec=0.000 | trust=0.002
DECISION : PAUSE
MACHINE  : Machine-4
------------------------------------------------------------
[SEQ 100] [STATIC-BASELINE]
CMD      : G1 | effects={'dx': 0.0, 'dy': 0.0, 'dz': 0.0, 'de': 0.0, 'xy_dist': 0.0, 'params': {'G': 1.0, 'X': 0.1, 'Y': 0.1, 'E': 20.0, 'F': 600.0}}
DECISION : ALLOW
------------------------------------------------------------
[SEQ 100] [IEEE-BASELINE]
SCORE    : anomaly_score=0.000
DECISION : ALLOW
------------------------------------------------------------
[SEQ 101] [LAYER 0]
CMD      : G1 X172.111 Y116.223 E2.34314
TRUST    : acc_cmd=0.000 | acc_exec=1.000 | trust=0.007
DECISION : PAUSE
MACHINE  : Machine-4
------------------------------------------------------------
[SEQ 101] [STATIC-BASELINE]
CMD      : G1 | effects={'dx': 172.011, 'dy': 116.123, 'dz': 0.0, 'de': -17.65686, 'xy_dist': 207.53875601920717, 'params': {'G': 1.0, 'X': 172.111, 'Y': 116.223, 'E': 2.34314}}
DECISION : ALLOW
------------------------------------------------------------
[SEQ 101] [IEEE-BASELINE]
SCORE    : anomaly_score=0.000
DECISION : ALLOW
------------------------------------------------------------
[SEQ 102] [LAYER 0]
CMD      : G1 X0.1 Y0.1 E20 F600
TRUST    : acc_cmd=1.000 | acc_exec=0.000 | trust=0.006
DECISION : PAUSE
MACHINE  : Machine-4
------------------------------------------------------------
[SEQ 102] [STATIC-BASELINE]
CMD      : G1 | effects={'dx': -172.011, 'dy': -116.123, 'dz': 0.0, 'de': 17.65686, 'xy_dist': 207.53875601920717, 'params': {'G': 1.0, 'X': 0.1, 'Y': 0.1, 'E': 20.0, 'F': 600.0}}
DECISION : ALLOW
------------------------------------------------------------
[SEQ 102] [IEEE-BASELINE]
SCORE    : anomaly_score=0.000
DECISION : ALLOW
------------------------------------------------------------
[SEQ 103] [LAYER 0]
CMD      : G1 X0.1 Y0.1 E20 F600
TRUST    : acc_cmd=1.000 | acc_exec=0.000 | trust=0.003
DECISION : PAUSE
MACHINE  : Machine-4
------------------------------------------------------------
[SEQ 103] [STATIC-BASELINE]
CMD      : G1 | effects={'dx': 0.0, 'dy': 0.0, 'dz': 0.0, 'de': 0.0, 'xy_dist': 0.0, 'params': {'G': 1.0, 'X': 0.1, 'Y': 0.1, 'E': 20.0, 'F': 600.0}}
DECISION : ALLOW
------------------------------------------------------------
[SEQ 103] [IEEE-BASELINE]
SCORE    : anomaly_score=0.000
DECISION : ALLOW
------------------------------------------------------------
[SEQ 104] [LAYER 0]
CMD      : G1 X0.1 Y0.1 E20 F600
TRUST    : acc_cmd=1.000 | acc_exec=0.000 | trust=0.002
DECISION : PAUSE
MACHINE  : Machine-4
------------------------------------------------------------
[SEQ 104] [STATIC-BASELINE]
CMD      : G1 | effects={'dx': 0.0, 'dy': 0.0, 'dz': 0.0, 'de': 0.0, 'xy_dist': 0.0, 'params': {'G': 1.0, 'X': 0.1, 'Y': 0.1, 'E': 20.0, 'F': 600.0}}
DECISION : ALLOW
------------------------------------------------------------
[SEQ 104] [IEEE-BASELINE]
SCORE    : anomaly_score=0.000
DECISION : ALLOW
------------------------------------------------------------
[SEQ 105] [LAYER 0]
CMD      : G1 X0.1 Y0.1 E20 F600
TRUST    : acc_cmd=1.000 | acc_exec=1.000 | trust=0.001
DECISION : PAUSE
MACHINE  : Machine-4
------------------------------------------------------------
[SEQ 105] [STATIC-BASELINE]
CMD      : G1 | effects={'dx': 0.0, 'dy': 0.0, 'dz': 0.0, 'de': 0.0, 'xy_dist': 0.0, 'params': {'G': 1.0, 'X': 0.1, 'Y': 0.1, 'E': 20.0, 'F': 600.0}}
DECISION : ALLOW
------------------------------------------------------------
[SEQ 105] [IEEE-BASELINE]
SCORE    : anomaly_score=0.000
DECISION : ALLOW
------------------------------------------------------------
[SEQ 106] [LAYER 0]
CMD      : G1 X0.1 Y0.1 E20 F600
TRUST    : acc_cmd=1.000 | acc_exec=1.000 | trust=0.001
DECISION : PAUSE
MACHINE  : Machine-4
------------------------------------------------------------
[SEQ 106] [STATIC-BASELINE]
CMD      : G1 | effects={'dx': 0.0, 'dy': 0.0, 'dz': 0.0, 'de': 0.0, 'xy_dist': 0.0, 'params': {'G': 1.0, 'X': 0.1, 'Y': 0.1, 'E': 20.0, 'F': 600.0}}
DECISION : ALLOW
------------------------------------------------------------
[SEQ 106] [IEEE-BASELINE]
SCORE    : anomaly_score=0.000
DECISION : ALLOW
------------------------------------------------------------
[SEQ 107] [LAYER 0]
CMD      : G1 X0.1 Y0.1 E20 F600
TRUST    : acc_cmd=1.000 | acc_exec=1.000 | trust=0.001
DECISION : PAUSE
MACHINE  : Machine-4
------------------------------------------------------------
[SEQ 107] [STATIC-BASELINE]
CMD      : G1 | effects={'dx': 0.0, 'dy': 0.0, 'dz': 0.0, 'de': 0.0, 'xy_dist': 0.0, 'params': {'G': 1.0, 'X': 0.1, 'Y': 0.1, 'E': 20.0, 'F': 600.0}}
DECISION : ALLOW
------------------------------------------------------------
[SEQ 107] [IEEE-BASELINE]
SCORE    : anomaly_score=0.000
DECISION : ALLOW
------------------------------------------------------------
[SEQ 108] [LAYER 0]
CMD      : G1 X0.1 Y0.1 E20 F600
TRUST    : acc_cmd=1.000 | acc_exec=1.000 | trust=0.001
DECISION : PAUSE
MACHINE  : Machine-4
------------------------------------------------------------
[SEQ 108] [STATIC-BASELINE]
CMD      : G1 | effects={'dx': 0.0, 'dy': 0.0, 'dz': 0.0, 'de': 0.0, 'xy_dist': 0.0, 'params': {'G': 1.0, 'X': 0.1, 'Y': 0.1, 'E': 20.0, 'F': 600.0}}
DECISION : ALLOW
------------------------------------------------------------
[SEQ 108] [IEEE-BASELINE]
SCORE    : anomaly_score=0.000
DECISION : ALLOW
------------------------------------------------------------
[SEQ 109] [LAYER 0]
CMD      : G1 X0.1 Y0.1 E20 F600
TRUST    : acc_cmd=1.000 | acc_exec=1.000 | trust=0.001
DECISION : PAUSE
MACHINE  : Machine-4
------------------------------------------------------------
[SEQ 109] [STATIC-BASELINE]
CMD      : G1 | effects={'dx': 0.0, 'dy': 0.0, 'dz': 0.0, 'de': 0.0, 'xy_dist': 0.0, 'params': {'G': 1.0, 'X': 0.1, 'Y': 0.1, 'E': 20.0, 'F': 600.0}}
DECISION : ALLOW
------------------------------------------------------------
[SEQ 109] [IEEE-BASELINE]
SCORE    : anomaly_score=0.000
DECISION : ALLOW
------------------------------------------------------------
[SEQ 110] [LAYER 0]
CMD      : G1 X161.631 Y127.293 E2.71898
TRUST    : acc_cmd=0.000 | acc_exec=1.000 | trust=0.001
DECISION : PAUSE
MACHINE  : Machine-4
------------------------------------------------------------
[SEQ 110] [STATIC-BASELINE]
CMD      : G1 | effects={'dx': 161.531, 'dy': 127.19300000000001, 'dz': 0.0, 'de': -17.281019999999998, 'xy_dist': 205.59747860808022, 'params': {'G': 1.0, 'X': 161.631, 'Y': 127.293, 'E': 2.71898}}
DECISION : ALLOW
------------------------------------------------------------
[SEQ 110] [IEEE-BASELINE]
SCORE    : anomaly_score=0.000
DECISION : ALLOW
------------------------------------------------------------
[SEQ 111] [LAYER 0]
CMD      : G1 X0.1 Y0.1 E20 F600
TRUST    : acc_cmd=1.000 | acc_exec=0.000 | trust=0.002
DECISION : PAUSE
MACHINE  : Machine-4
------------------------------------------------------------
[SEQ 111] [STATIC-BASELINE]
CMD      : G1 | effects={'dx': -161.531, 'dy': -127.19300000000001, 'dz': 0.0, 'de': 17.281019999999998, 'xy_dist': 205.59747860808022, 'params': {'G': 1.0, 'X': 0.1, 'Y': 0.1, 'E': 20.0, 'F': 600.0}}
DECISION : ALLOW
------------------------------------------------------------
[SEQ 111] [IEEE-BASELINE]
SCORE    : anomaly_score=0.000
DECISION : ALLOW
------------------------------------------------------------
[SEQ 112] [LAYER 0]
CMD      : G1 X0.1 Y0.1 E20 F600
TRUST    : acc_cmd=1.000 | acc_exec=0.000 | trust=0.002
DECISION : PAUSE
MACHINE  : Machine-4
------------------------------------------------------------
[SEQ 112] [STATIC-BASELINE]
CMD      : G1 | effects={'dx': 0.0, 'dy': 0.0, 'dz': 0.0, 'de': 0.0, 'xy_dist': 0.0, 'params': {'G': 1.0, 'X': 0.1, 'Y': 0.1, 'E': 20.0, 'F': 600.0}}
DECISION : ALLOW
------------------------------------------------------------
[SEQ 112] [IEEE-BASELINE]
SCORE    : anomaly_score=0.000
DECISION : ALLOW
------------------------------------------------------------
[SEQ 113] [LAYER 0]
CMD      : G1 X0.1 Y0.1 E20 F600
TRUST    : acc_cmd=1.000 | acc_exec=0.000 | trust=0.001
DECISION : PAUSE
MACHINE  : Machine-4
------------------------------------------------------------
[SEQ 113] [STATIC-BASELINE]
CMD      : G1 | effects={'dx': 0.0, 'dy': 0.0, 'dz': 0.0, 'de': 0.0, 'xy_dist': 0.0, 'params': {'G': 1.0, 'X': 0.1, 'Y': 0.1, 'E': 20.0, 'F': 600.0}}
DECISION : ALLOW
------------------------------------------------------------
[SEQ 113] [IEEE-BASELINE]
SCORE    : anomaly_score=0.000
DECISION : ALLOW
------------------------------------------------------------
[SEQ 114] [LAYER 0]
CMD      : G1 X0.1 Y0.1 E20 F600
TRUST    : acc_cmd=1.000 | acc_exec=1.000 | trust=0.001
DECISION : PAUSE
MACHINE  : Machine-4
------------------------------------------------------------
[SEQ 114] [STATIC-BASELINE]
CMD      : G1 | effects={'dx': 0.0, 'dy': 0.0, 'dz': 0.0, 'de': 0.0, 'xy_dist': 0.0, 'params': {'G': 1.0, 'X': 0.1, 'Y': 0.1, 'E': 20.0, 'F': 600.0}}
DECISION : ALLOW
------------------------------------------------------------
[SEQ 114] [IEEE-BASELINE]
SCORE    : anomaly_score=0.000
DECISION : ALLOW
------------------------------------------------------------
[SEQ 115] [LAYER 0]
CMD      : G1 X0.1 Y0.1 E20 F600
TRUST    : acc_cmd=1.000 | acc_exec=1.000 | trust=0.001
DECISION : PAUSE
MACHINE  : Machine-4
------------------------------------------------------------
[SEQ 115] [STATIC-BASELINE]
CMD      : G1 | effects={'dx': 0.0, 'dy': 0.0, 'dz': 0.0, 'de': 0.0, 'xy_dist': 0.0, 'params': {'G': 1.0, 'X': 0.1, 'Y': 0.1, 'E': 20.0, 'F': 600.0}}
DECISION : ALLOW
------------------------------------------------------------
[SEQ 115] [IEEE-BASELINE]
SCORE    : anomaly_score=0.000
DECISION : ALLOW
------------------------------------------------------------
[SEQ 116] [LAYER 0]
CMD      : G1 X0.1 Y0.1 E20 F600
TRUST    : acc_cmd=1.000 | acc_exec=1.000 | trust=0.001
DECISION : PAUSE
MACHINE  : Machine-4
------------------------------------------------------------
[SEQ 116] [STATIC-BASELINE]
CMD      : G1 | effects={'dx': 0.0, 'dy': 0.0, 'dz': 0.0, 'de': 0.0, 'xy_dist': 0.0, 'params': {'G': 1.0, 'X': 0.1, 'Y': 0.1, 'E': 20.0, 'F': 600.0}}
DECISION : ALLOW
------------------------------------------------------------
[SEQ 116] [IEEE-BASELINE]
SCORE    : anomaly_score=0.000
DECISION : ALLOW
------------------------------------------------------------
[SEQ 117] [LAYER 0]
CMD      : G1 X0.1 Y0.1 E20 F600
TRUST    : acc_cmd=1.000 | acc_exec=1.000 | trust=0.001
DECISION : PAUSE
MACHINE  : Machine-4
------------------------------------------------------------
[SEQ 117] [STATIC-BASELINE]
CMD      : G1 | effects={'dx': 0.0, 'dy': 0.0, 'dz': 0.0, 'de': 0.0, 'xy_dist': 0.0, 'params': {'G': 1.0, 'X': 0.1, 'Y': 0.1, 'E': 20.0, 'F': 600.0}}
DECISION : ALLOW
------------------------------------------------------------
[SEQ 117] [IEEE-BASELINE]
SCORE    : anomaly_score=0.000
DECISION : ALLOW
------------------------------------------------------------
[SEQ 118] [LAYER 0]
CMD      : G0 F3600 X158.851 Y115.517
TRUST    : acc_cmd=0.000 | acc_exec=0.000 | trust=0.007
DECISION : PAUSE
MACHINE  : Machine-4
------------------------------------------------------------
[SEQ 118] [STATIC-BASELINE]
CMD      : G0 | effects={'dx': 158.751, 'dy': 115.417, 'dz': 0.0, 'de': 0.0, 'xy_dist': 196.2726773904101, 'params': {'G': 0.0, 'F': 3600.0, 'X': 158.851, 'Y': 115.517}}
DECISION : ALLOW
------------------------------------------------------------
[SEQ 118] [IEEE-BASELINE]
SCORE    : anomaly_score=0.000
DECISION : ALLOW
------------------------------------------------------------
[SEQ 119] [LAYER 0]
CMD      : G1 F1800 X160.144 Y114.128 E3.02153
TRUST    : acc_cmd=0.000 | acc_exec=1.000 | trust=0.006
DECISION : PAUSE
MACHINE  : Machine-4
------------------------------------------------------------
[SEQ 119] [STATIC-BASELINE]
CMD      : G1 | effects={'dx': 1.2930000000000064, 'dy': -1.3889999999999958, 'dz': 0.0, 'de': -16.97847, 'xy_dist': 1.897674893125797, 'params': {'G': 1.0, 'F': 1800.0, 'X': 160.144, 'Y': 114.128, 'E': 3.02153}}
DECISION : ALLOW
------------------------------------------------------------
[SEQ 119] [IEEE-BASELINE]
SCORE    : anomaly_score=0.000
DECISION : ALLOW
------------------------------------------------------------
[SEQ 120] [LAYER 0]
CMD      : G1 X0.1 Y0.1 E20 F600
TRUST    : acc_cmd=1.000 | acc_exec=0.000 | trust=0.008
DECISION : PAUSE
MACHINE  : Machine-4
------------------------------------------------------------
[SEQ 120] [STATIC-BASELINE]
CMD      : G1 | effects={'dx': -160.044, 'dy': -114.028, 'dz': 0.0, 'de': 16.97847, 'xy_dist': 196.51072927451062, 'params': {'G': 1.0, 'X': 0.1, 'Y': 0.1, 'E': 20.0, 'F': 600.0}}
DECISION : ALLOW
------------------------------------------------------------
[SEQ 120] [IEEE-BASELINE]
SCORE    : anomaly_score=0.000
DECISION : ALLOW
------------------------------------------------------------
[SEQ 121] [LAYER 0]
CMD      : G1 X162.591 Y112.816 E3.07404
TRUST    : acc_cmd=0.000 | acc_exec=1.000 | trust=0.008
DECISION : PAUSE
MACHINE  : Machine-4
------------------------------------------------------------
[SEQ 121] [STATIC-BASELINE]
CMD      : G1 | effects={'dx': 162.491, 'dy': 112.71600000000001, 'dz': 0.0, 'de': -16.92596, 'xy_dist': 197.75798779568933, 'params': {'G': 1.0, 'X': 162.591, 'Y': 112.816, 'E': 3.07404}}
DECISION : ALLOW
------------------------------------------------------------
[SEQ 121] [IEEE-BASELINE]
SCORE    : anomaly_score=0.000
DECISION : ALLOW
------------------------------------------------------------
[SEQ 122] [LAYER 0]
CMD      : G1 X0.1 Y0.1 E20 F600
TRUST    : acc_cmd=1.000 | acc_exec=0.000 | trust=0.009
DECISION : PAUSE
MACHINE  : Machine-4
------------------------------------------------------------
[SEQ 122] [STATIC-BASELINE]
CMD      : G1 | effects={'dx': -162.491, 'dy': -112.71600000000001, 'dz': 0.0, 'de': 16.92596, 'xy_dist': 197.75798779568933, 'params': {'G': 1.0, 'X': 0.1, 'Y': 0.1, 'E': 20.0, 'F': 600.0}}
DECISION : ALLOW
------------------------------------------------------------
[SEQ 122] [IEEE-BASELINE]
SCORE    : anomaly_score=0.000
DECISION : ALLOW
------------------------------------------------------------
[SEQ 123] [LAYER 0]
CMD      : G1 X0.1 Y0.1 E20 F600
TRUST    : acc_cmd=1.000 | acc_exec=0.000 | trust=0.005
DECISION : PAUSE
MACHINE  : Machine-4
------------------------------------------------------------
[SEQ 123] [STATIC-BASELINE]
CMD      : G1 | effects={'dx': 0.0, 'dy': 0.0, 'dz': 0.0, 'de': 0.0, 'xy_dist': 0.0, 'params': {'G': 1.0, 'X': 0.1, 'Y': 0.1, 'E': 20.0, 'F': 600.0}}
DECISION : ALLOW
------------------------------------------------------------
[SEQ 123] [IEEE-BASELINE]
SCORE    : anomaly_score=0.000
DECISION : ALLOW
------------------------------------------------------------
[SEQ 124] [LAYER 0]
CMD      : G1 X0.1 Y0.1 E20 F600
TRUST    : acc_cmd=1.000 | acc_exec=0.000 | trust=0.003
DECISION : PAUSE
MACHINE  : Machine-4
------------------------------------------------------------
[SEQ 124] [STATIC-BASELINE]
CMD      : G1 | effects={'dx': 0.0, 'dy': 0.0, 'dz': 0.0, 'de': 0.0, 'xy_dist': 0.0, 'params': {'G': 1.0, 'X': 0.1, 'Y': 0.1, 'E': 20.0, 'F': 600.0}}
DECISION : ALLOW
------------------------------------------------------------
[SEQ 124] [IEEE-BASELINE]
SCORE    : anomaly_score=0.000
DECISION : ALLOW
------------------------------------------------------------
[SEQ 125] [LAYER 0]
CMD      : G1 X169.806 Y113.992 E3.21705
TRUST    : acc_cmd=0.000 | acc_exec=1.000 | trust=0.014
DECISION : PAUSE
MACHINE  : Machine-4
------------------------------------------------------------
[SEQ 125] [STATIC-BASELINE]
CMD      : G1 | effects={'dx': 169.70600000000002, 'dy': 113.89200000000001, 'dz': 0.0, 'de': -16.78295, 'xy_dist': 204.38080658418002, 'params': {'G': 1.0, 'X': 169.806, 'Y': 113.992, 'E': 3.21705}}
DECISION : ALLOW
------------------------------------------------------------
[SEQ 125] [IEEE-BASELINE]
SCORE    : anomaly_score=0.000
DECISION : ALLOW
------------------------------------------------------------
[SEQ 126] [LAYER 0]
CMD      : G1 X0.1 Y0.1 E20 F600
TRUST    : acc_cmd=1.000 | acc_exec=0.000 | trust=0.008
DECISION : PAUSE
MACHINE  : Machine-4
------------------------------------------------------------
[SEQ 126] [STATIC-BASELINE]
CMD      : G1 | effects={'dx': -169.70600000000002, 'dy': -113.89200000000001, 'dz': 0.0, 'de': 16.78295, 'xy_dist': 204.38080658418002, 'params': {'G': 1.0, 'X': 0.1, 'Y': 0.1, 'E': 20.0, 'F': 600.0}}
DECISION : ALLOW
------------------------------------------------------------
[SEQ 126] [IEEE-BASELINE]
SCORE    : anomaly_score=0.000
DECISION : ALLOW
------------------------------------------------------------
[SEQ 127] [LAYER 0]
CMD      : G1 X0.1 Y0.1 E20 F600
TRUST    : acc_cmd=1.000 | acc_exec=0.000 | trust=0.005
DECISION : PAUSE
MACHINE  : Machine-4
------------------------------------------------------------
[SEQ 127] [STATIC-BASELINE]
CMD      : G1 | effects={'dx': 0.0, 'dy': 0.0, 'dz': 0.0, 'de': 0.0, 'xy_dist': 0.0, 'params': {'G': 1.0, 'X': 0.1, 'Y': 0.1, 'E': 20.0, 'F': 600.0}}
DECISION : ALLOW
------------------------------------------------------------
[SEQ 127] [IEEE-BASELINE]
SCORE    : anomaly_score=0.000
DECISION : ALLOW
------------------------------------------------------------
[SEQ 128] [LAYER 0]
CMD      : G1 X0.1 Y0.1 E20 F600
TRUST    : acc_cmd=1.000 | acc_exec=0.000 | trust=0.003
DECISION : PAUSE
MACHINE  : Machine-4
------------------------------------------------------------
[SEQ 128] [STATIC-BASELINE]
CMD      : G1 | effects={'dx': 0.0, 'dy': 0.0, 'dz': 0.0, 'de': 0.0, 'xy_dist': 0.0, 'params': {'G': 1.0, 'X': 0.1, 'Y': 0.1, 'E': 20.0, 'F': 600.0}}
DECISION : ALLOW
------------------------------------------------------------
[SEQ 128] [IEEE-BASELINE]
SCORE    : anomaly_score=0.000
DECISION : ALLOW
------------------------------------------------------------
[SEQ 129] [LAYER 0]
CMD      : G1 X0.1 Y0.1 E20 F600
TRUST    : acc_cmd=1.000 | acc_exec=1.000 | trust=0.002
DECISION : PAUSE
MACHINE  : Machine-4
------------------------------------------------------------
[SEQ 129] [STATIC-BASELINE]
CMD      : G1 | effects={'dx': 0.0, 'dy': 0.0, 'dz': 0.0, 'de': 0.0, 'xy_dist': 0.0, 'params': {'G': 1.0, 'X': 0.1, 'Y': 0.1, 'E': 20.0, 'F': 600.0}}
DECISION : ALLOW
------------------------------------------------------------
[SEQ 129] [IEEE-BASELINE]
SCORE    : anomaly_score=0.000
DECISION : ALLOW
------------------------------------------------------------
[SEQ 130] [LAYER 0]
CMD      : G1 X0.1 Y0.1 E20 F600
TRUST    : acc_cmd=1.000 | acc_exec=1.000 | trust=0.001
DECISION : PAUSE
MACHINE  : Machine-4
------------------------------------------------------------
[SEQ 130] [STATIC-BASELINE]
CMD      : G1 | effects={'dx': 0.0, 'dy': 0.0, 'dz': 0.0, 'de': 0.0, 'xy_dist': 0.0, 'params': {'G': 1.0, 'X': 0.1, 'Y': 0.1, 'E': 20.0, 'F': 600.0}}
DECISION : ALLOW
------------------------------------------------------------
[SEQ 130] [IEEE-BASELINE]
SCORE    : anomaly_score=0.000
DECISION : ALLOW
------------------------------------------------------------
[SEQ 131] [LAYER 0]
CMD      : G1 X0.1 Y0.1 E20 F600
TRUST    : acc_cmd=1.000 | acc_exec=1.000 | trust=0.001
DECISION : PAUSE
MACHINE  : Machine-4
------------------------------------------------------------
[SEQ 131] [STATIC-BASELINE]
CMD      : G1 | effects={'dx': 0.0, 'dy': 0.0, 'dz': 0.0, 'de': 0.0, 'xy_dist': 0.0, 'params': {'G': 1.0, 'X': 0.1, 'Y': 0.1, 'E': 20.0, 'F': 600.0}}
DECISION : ALLOW
------------------------------------------------------------
[SEQ 131] [IEEE-BASELINE]
SCORE    : anomaly_score=0.000
DECISION : ALLOW
------------------------------------------------------------
[SEQ 132] [LAYER 0]
CMD      : G1 X0.1 Y0.1 E20 F600
TRUST    : acc_cmd=1.000 | acc_exec=1.000 | trust=0.001
DECISION : PAUSE
MACHINE  : Machine-4
------------------------------------------------------------
[SEQ 132] [STATIC-BASELINE]
CMD      : G1 | effects={'dx': 0.0, 'dy': 0.0, 'dz': 0.0, 'de': 0.0, 'xy_dist': 0.0, 'params': {'G': 1.0, 'X': 0.1, 'Y': 0.1, 'E': 20.0, 'F': 600.0}}
DECISION : ALLOW
------------------------------------------------------------
[SEQ 132] [IEEE-BASELINE]
SCORE    : anomaly_score=0.000
DECISION : ALLOW
------------------------------------------------------------
[SEQ 133] [LAYER 0]
CMD      : G1 X0.1 Y0.1 E20 F600
TRUST    : acc_cmd=1.000 | acc_exec=1.000 | trust=0.001
DECISION : PAUSE
MACHINE  : Machine-4
------------------------------------------------------------
[SEQ 133] [STATIC-BASELINE]
CMD      : G1 | effects={'dx': 0.0, 'dy': 0.0, 'dz': 0.0, 'de': 0.0, 'xy_dist': 0.0, 'params': {'G': 1.0, 'X': 0.1, 'Y': 0.1, 'E': 20.0, 'F': 600.0}}
DECISION : ALLOW
------------------------------------------------------------
[SEQ 133] [IEEE-BASELINE]
SCORE    : anomaly_score=0.000
DECISION : ALLOW
------------------------------------------------------------
[SEQ 134] [LAYER 0]
CMD      : G1 X0.1 Y0.1 E20 F600
TRUST    : acc_cmd=1.000 | acc_exec=1.000 | trust=0.001
DECISION : PAUSE
MACHINE  : Machine-4
------------------------------------------------------------
[SEQ 134] [STATIC-BASELINE]
CMD      : G1 | effects={'dx': 0.0, 'dy': 0.0, 'dz': 0.0, 'de': 0.0, 'xy_dist': 0.0, 'params': {'G': 1.0, 'X': 0.1, 'Y': 0.1, 'E': 20.0, 'F': 600.0}}
DECISION : ALLOW
------------------------------------------------------------
[SEQ 134] [IEEE-BASELINE]
SCORE    : anomaly_score=0.000
DECISION : ALLOW
------------------------------------------------------------
[SEQ 135] [LAYER 0]
CMD      : G1 X163.936 Y127.586 E3.59054
TRUST    : acc_cmd=0.000 | acc_exec=1.000 | trust=0.001
DECISION : PAUSE
MACHINE  : Machine-4
------------------------------------------------------------
[SEQ 135] [STATIC-BASELINE]
CMD      : G1 | effects={'dx': 163.836, 'dy': 127.486, 'dz': 0.0, 'de': -16.40946, 'xy_dist': 207.5931479890413, 'params': {'G': 1.0, 'X': 163.936, 'Y': 127.586, 'E': 3.59054}}
DECISION : ALLOW
------------------------------------------------------------
[SEQ 135] [IEEE-BASELINE]
SCORE    : anomaly_score=0.000
DECISION : ALLOW
------------------------------------------------------------
[SEQ 136] [LAYER 0]
CMD      : G1 X0.1 Y0.1 E20 F600
TRUST    : acc_cmd=1.000 | acc_exec=0.000 | trust=0.002
DECISION : PAUSE
MACHINE  : Machine-4
------------------------------------------------------------
[SEQ 136] [STATIC-BASELINE]
CMD      : G1 | effects={'dx': -163.836, 'dy': -127.486, 'dz': 0.0, 'de': 16.40946, 'xy_dist': 207.5931479890413, 'params': {'G': 1.0, 'X': 0.1, 'Y': 0.1, 'E': 20.0, 'F': 600.0}}
DECISION : ALLOW
------------------------------------------------------------
[SEQ 136] [IEEE-BASELINE]
SCORE    : anomaly_score=0.000
DECISION : ALLOW
------------------------------------------------------------
[SEQ 137] [LAYER 0]
CMD      : G1 X0.1 Y0.1 E20 F600
TRUST    : acc_cmd=1.000 | acc_exec=0.000 | trust=0.002
DECISION : PAUSE
MACHINE  : Machine-4
------------------------------------------------------------
[SEQ 137] [STATIC-BASELINE]
CMD      : G1 | effects={'dx': 0.0, 'dy': 0.0, 'dz': 0.0, 'de': 0.0, 'xy_dist': 0.0, 'params': {'G': 1.0, 'X': 0.1, 'Y': 0.1, 'E': 20.0, 'F': 600.0}}
DECISION : ALLOW
------------------------------------------------------------
[SEQ 137] [IEEE-BASELINE]
SCORE    : anomaly_score=0.000
DECISION : ALLOW
------------------------------------------------------------
[SEQ 138] [LAYER 0]
CMD      : G1 X0.1 Y0.1 E20 F600
TRUST    : acc_cmd=1.000 | acc_exec=0.000 | trust=0.001
DECISION : PAUSE
MACHINE  : Machine-4
------------------------------------------------------------
[SEQ 138] [STATIC-BASELINE]
CMD      : G1 | effects={'dx': 0.0, 'dy': 0.0, 'dz': 0.0, 'de': 0.0, 'xy_dist': 0.0, 'params': {'G': 1.0, 'X': 0.1, 'Y': 0.1, 'E': 20.0, 'F': 600.0}}
DECISION : ALLOW
------------------------------------------------------------
[SEQ 138] [IEEE-BASELINE]
SCORE    : anomaly_score=0.000
DECISION : ALLOW
------------------------------------------------------------
[SEQ 139] [LAYER 0]
CMD      : G1 X0.1 Y0.1 E20 F600
TRUST    : acc_cmd=1.000 | acc_exec=1.000 | trust=0.001
DECISION : PAUSE
MACHINE  : Machine-4
------------------------------------------------------------
[SEQ 139] [STATIC-BASELINE]
CMD      : G1 | effects={'dx': 0.0, 'dy': 0.0, 'dz': 0.0, 'de': 0.0, 'xy_dist': 0.0, 'params': {'G': 1.0, 'X': 0.1, 'Y': 0.1, 'E': 20.0, 'F': 600.0}}
DECISION : ALLOW
------------------------------------------------------------
[SEQ 139] [IEEE-BASELINE]
SCORE    : anomaly_score=0.000
DECISION : ALLOW
------------------------------------------------------------
[SEQ 140] [LAYER 0]
CMD      : G1 X157.421 Y118.991 E3.81495
TRUST    : acc_cmd=0.000 | acc_exec=1.000 | trust=0.003
DECISION : PAUSE
MACHINE  : Machine-4
------------------------------------------------------------
[SEQ 140] [STATIC-BASELINE]
CMD      : G1 | effects={'dx': 157.321, 'dy': 118.891, 'dz': 0.0, 'de': -16.18505, 'xy_dist': 197.19271518491752, 'params': {'G': 1.0, 'X': 157.421, 'Y': 118.991, 'E': 3.81495}}
DECISION : ALLOW
------------------------------------------------------------
[SEQ 140] [IEEE-BASELINE]
SCORE    : anomaly_score=0.000
DECISION : ALLOW
------------------------------------------------------------
[SEQ 141] [LAYER 0]
CMD      : G1 X157.528 Y118.433 E3.82564
TRUST    : acc_cmd=0.000 | acc_exec=0.000 | trust=0.025
DECISION : PAUSE
MACHINE  : Machine-4
------------------------------------------------------------
[SEQ 141] [STATIC-BASELINE]
CMD      : G1 | effects={'dx': 0.10699999999999932, 'dy': -0.5579999999999927, 'dz': 0.0, 'de': 0.010689999999999866, 'xy_dist': 0.5681663488803185, 'params': {'G': 1.0, 'X': 157.528, 'Y': 118.433, 'E': 3.82564}}
DECISION : ALLOW
------------------------------------------------------------
[SEQ 141] [IEEE-BASELINE]
SCORE    : anomaly_score=0.000
DECISION : ALLOW
------------------------------------------------------------
[SEQ 142] [LAYER 0]
CMD      : G1 X0.1 Y0.1 E20 F600
TRUST    : acc_cmd=1.000 | acc_exec=0.000 | trust=0.017
DECISION : PAUSE
MACHINE  : Machine-4
------------------------------------------------------------
[SEQ 142] [STATIC-BASELINE]
CMD      : G1 | effects={'dx': -157.428, 'dy': -118.33300000000001, 'dz': 0.0, 'de': 16.17436, 'xy_dist': 196.94231153563726, 'params': {'G': 1.0, 'X': 0.1, 'Y': 0.1, 'E': 20.0, 'F': 600.0}}
DECISION : ALLOW
------------------------------------------------------------
[SEQ 142] [IEEE-BASELINE]
SCORE    : anomaly_score=0.000
DECISION : ALLOW
------------------------------------------------------------
[SEQ 143] [LAYER 0]
CMD      : G1 X0.1 Y0.1 E20 F600
TRUST    : acc_cmd=1.000 | acc_exec=0.000 | trust=0.009
DECISION : PAUSE
MACHINE  : Machine-4
------------------------------------------------------------
[SEQ 143] [STATIC-BASELINE]
CMD      : G1 | effects={'dx': 0.0, 'dy': 0.0, 'dz': 0.0, 'de': 0.0, 'xy_dist': 0.0, 'params': {'G': 1.0, 'X': 0.1, 'Y': 0.1, 'E': 20.0, 'F': 600.0}}
DECISION : ALLOW
------------------------------------------------------------
[SEQ 143] [IEEE-BASELINE]
SCORE    : anomaly_score=0.000
DECISION : ALLOW
------------------------------------------------------------
[SEQ 144] [LAYER 0]
CMD      : G1 X0.1 Y0.1 E20 F600
TRUST    : acc_cmd=1.000 | acc_exec=0.000 | trust=0.004
DECISION : PAUSE
MACHINE  : Machine-4
------------------------------------------------------------
[SEQ 144] [STATIC-BASELINE]
CMD      : G1 | effects={'dx': 0.0, 'dy': 0.0, 'dz': 0.0, 'de': 0.0, 'xy_dist': 0.0, 'params': {'G': 1.0, 'X': 0.1, 'Y': 0.1, 'E': 20.0, 'F': 600.0}}
DECISION : ALLOW
------------------------------------------------------------
[SEQ 144] [IEEE-BASELINE]
SCORE    : anomaly_score=0.000
DECISION : ALLOW
------------------------------------------------------------
[SEQ 145] [LAYER 0]
CMD      : G1 X0.1 Y0.1 E20 F600
TRUST    : acc_cmd=1.000 | acc_exec=1.000 | trust=0.002
DECISION : PAUSE
MACHINE  : Machine-4
------------------------------------------------------------
[SEQ 145] [STATIC-BASELINE]
CMD      : G1 | effects={'dx': 0.0, 'dy': 0.0, 'dz': 0.0, 'de': 0.0, 'xy_dist': 0.0, 'params': {'G': 1.0, 'X': 0.1, 'Y': 0.1, 'E': 20.0, 'F': 600.0}}
DECISION : ALLOW
------------------------------------------------------------
[SEQ 145] [IEEE-BASELINE]
SCORE    : anomaly_score=0.000
DECISION : ALLOW
------------------------------------------------------------
[SEQ 146] [LAYER 0]
CMD      : G1 X160.977 Y113.99 E3.93364
TRUST    : acc_cmd=0.000 | acc_exec=1.000 | trust=0.005
DECISION : PAUSE
MACHINE  : Machine-4
------------------------------------------------------------
[SEQ 146] [STATIC-BASELINE]
CMD      : G1 | effects={'dx': 160.877, 'dy': 113.89, 'dz': 0.0, 'de': -16.06636, 'xy_dist': 197.10997242402527, 'params': {'G': 1.0, 'X': 160.977, 'Y': 113.99, 'E': 3.93364}}
DECISION : ALLOW
------------------------------------------------------------
[SEQ 146] [IEEE-BASELINE]
SCORE    : anomaly_score=0.000
DECISION : ALLOW
------------------------------------------------------------
[SEQ 147] [LAYER 0]
CMD      : G1 X0.1 Y0.1 E20 F600
TRUST    : acc_cmd=1.000 | acc_exec=0.000 | trust=0.004
DECISION : PAUSE
MACHINE  : Machine-4
------------------------------------------------------------
[SEQ 147] [STATIC-BASELINE]
CMD      : G1 | effects={'dx': -160.877, 'dy': -113.89, 'dz': 0.0, 'de': 16.06636, 'xy_dist': 197.10997242402527, 'params': {'G': 1.0, 'X': 0.1, 'Y': 0.1, 'E': 20.0, 'F': 600.0}}
DECISION : ALLOW
------------------------------------------------------------
[SEQ 147] [IEEE-BASELINE]
SCORE    : anomaly_score=0.000
DECISION : ALLOW
------------------------------------------------------------
[SEQ 148] [LAYER 0]
CMD      : G1 X0.1 Y0.1 E20 F600
TRUST    : acc_cmd=1.000 | acc_exec=0.000 | trust=0.003
DECISION : PAUSE
MACHINE  : Machine-4
------------------------------------------------------------
[SEQ 148] [STATIC-BASELINE]
CMD      : G1 | effects={'dx': 0.0, 'dy': 0.0, 'dz': 0.0, 'de': 0.0, 'xy_dist': 0.0, 'params': {'G': 1.0, 'X': 0.1, 'Y': 0.1, 'E': 20.0, 'F': 600.0}}
DECISION : ALLOW
------------------------------------------------------------
[SEQ 148] [IEEE-BASELINE]
SCORE    : anomaly_score=0.000
DECISION : ALLOW
------------------------------------------------------------
[SEQ 149] [LAYER 0]
CMD      : G1 X0.1 Y0.1 E20 F600
TRUST    : acc_cmd=1.000 | acc_exec=0.000 | trust=0.002
DECISION : PAUSE
MACHINE  : Machine-4
------------------------------------------------------------
[SEQ 149] [STATIC-BASELINE]
CMD      : G1 | effects={'dx': 0.0, 'dy': 0.0, 'dz': 0.0, 'de': 0.0, 'xy_dist': 0.0, 'params': {'G': 1.0, 'X': 0.1, 'Y': 0.1, 'E': 20.0, 'F': 600.0}}
DECISION : ALLOW
------------------------------------------------------------
[SEQ 149] [IEEE-BASELINE]
SCORE    : anomaly_score=0.000
DECISION : ALLOW
------------------------------------------------------------
[SEQ 150] [LAYER 0]
CMD      : G1 X0.1 Y0.1 E20 F600
TRUST    : acc_cmd=1.000 | acc_exec=1.000 | trust=0.001
DECISION : PAUSE
MACHINE  : Machine-4
------------------------------------------------------------
[SEQ 150] [STATIC-BASELINE]
CMD      : G1 | effects={'dx': 0.0, 'dy': 0.0, 'dz': 0.0, 'de': 0.0, 'xy_dist': 0.0, 'params': {'G': 1.0, 'X': 0.1, 'Y': 0.1, 'E': 20.0, 'F': 600.0}}
DECISION : ALLOW
------------------------------------------------------------
[SEQ 150] [IEEE-BASELINE]
SCORE    : anomaly_score=0.000
DECISION : ALLOW
------------------------------------------------------------
[SEQ 151] [LAYER 0]
CMD      : G1 X0.1 Y0.1 E20 F600
TRUST    : acc_cmd=1.000 | acc_exec=1.000 | trust=0.001
DECISION : PAUSE
MACHINE  : Machine-4
------------------------------------------------------------
[SEQ 151] [STATIC-BASELINE]
CMD      : G1 | effects={'dx': 0.0, 'dy': 0.0, 'dz': 0.0, 'de': 0.0, 'xy_dist': 0.0, 'params': {'G': 1.0, 'X': 0.1, 'Y': 0.1, 'E': 20.0, 'F': 600.0}}
DECISION : ALLOW
------------------------------------------------------------
[SEQ 151] [IEEE-BASELINE]
SCORE    : anomaly_score=0.000
DECISION : ALLOW
------------------------------------------------------------
[SEQ 152] [LAYER 0]
CMD      : G1 X0.1 Y0.1 E20 F600
TRUST    : acc_cmd=1.000 | acc_exec=1.000 | trust=0.001
DECISION : PAUSE
MACHINE  : Machine-4
------------------------------------------------------------
[SEQ 152] [STATIC-BASELINE]
CMD      : G1 | effects={'dx': 0.0, 'dy': 0.0, 'dz': 0.0, 'de': 0.0, 'xy_dist': 0.0, 'params': {'G': 1.0, 'X': 0.1, 'Y': 0.1, 'E': 20.0, 'F': 600.0}}
DECISION : ALLOW
------------------------------------------------------------
[SEQ 152] [IEEE-BASELINE]
SCORE    : anomaly_score=0.000
DECISION : ALLOW
------------------------------------------------------------
[SEQ 153] [LAYER 0]
CMD      : G1 X171.385 Y116.571 E4.15996
TRUST    : acc_cmd=0.000 | acc_exec=1.000 | trust=0.001
DECISION : PAUSE
MACHINE  : Machine-4
------------------------------------------------------------
[SEQ 153] [STATIC-BASELINE]
CMD      : G1 | effects={'dx': 171.285, 'dy': 116.471, 'dz': 0.0, 'de': -15.84004, 'xy_dist': 207.13291642324742, 'params': {'G': 1.0, 'X': 171.385, 'Y': 116.571, 'E': 4.15996}}
DECISION : ALLOW
------------------------------------------------------------
[SEQ 153] [IEEE-BASELINE]
SCORE    : anomaly_score=0.000
DECISION : ALLOW
------------------------------------------------------------
[SEQ 154] [LAYER 0]
CMD      : G1 X0.1 Y0.1 E20 F600
TRUST    : acc_cmd=1.000 | acc_exec=0.000 | trust=0.003
DECISION : PAUSE
MACHINE  : Machine-4
------------------------------------------------------------
[SEQ 154] [STATIC-BASELINE]
CMD      : G1 | effects={'dx': -171.285, 'dy': -116.471, 'dz': 0.0, 'de': 15.84004, 'xy_dist': 207.13291642324742, 'params': {'G': 1.0, 'X': 0.1, 'Y': 0.1, 'E': 20.0, 'F': 600.0}}
DECISION : ALLOW
------------------------------------------------------------
[SEQ 154] [IEEE-BASELINE]
SCORE    : anomaly_score=0.000
DECISION : ALLOW
------------------------------------------------------------
[SEQ 155] [LAYER 0]
CMD      : G1 X0.1 Y0.1 E20 F600
TRUST    : acc_cmd=1.000 | acc_exec=0.000 | trust=0.002
DECISION : PAUSE
MACHINE  : Machine-4
------------------------------------------------------------
[SEQ 155] [STATIC-BASELINE]
CMD      : G1 | effects={'dx': 0.0, 'dy': 0.0, 'dz': 0.0, 'de': 0.0, 'xy_dist': 0.0, 'params': {'G': 1.0, 'X': 0.1, 'Y': 0.1, 'E': 20.0, 'F': 600.0}}
DECISION : ALLOW
------------------------------------------------------------
[SEQ 155] [IEEE-BASELINE]
SCORE    : anomaly_score=0.000
DECISION : ALLOW
------------------------------------------------------------
[SEQ 156] [LAYER 0]
CMD      : G1 X0.1 Y0.1 E20 F600
TRUST    : acc_cmd=1.000 | acc_exec=0.000 | trust=0.001
DECISION : PAUSE
MACHINE  : Machine-4
------------------------------------------------------------
[SEQ 156] [STATIC-BASELINE]
CMD      : G1 | effects={'dx': 0.0, 'dy': 0.0, 'dz': 0.0, 'de': 0.0, 'xy_dist': 0.0, 'params': {'G': 1.0, 'X': 0.1, 'Y': 0.1, 'E': 20.0, 'F': 600.0}}
DECISION : ALLOW
------------------------------------------------------------
[SEQ 156] [IEEE-BASELINE]
SCORE    : anomaly_score=0.000
DECISION : ALLOW
------------------------------------------------------------
[SEQ 157] [LAYER 0]
CMD      : G1 X0.1 Y0.1 E20 F600
TRUST    : acc_cmd=1.000 | acc_exec=1.000 | trust=0.001
DECISION : PAUSE
MACHINE  : Machine-4
------------------------------------------------------------
[SEQ 157] [STATIC-BASELINE]
CMD      : G1 | effects={'dx': 0.0, 'dy': 0.0, 'dz': 0.0, 'de': 0.0, 'xy_dist': 0.0, 'params': {'G': 1.0, 'X': 0.1, 'Y': 0.1, 'E': 20.0, 'F': 600.0}}
DECISION : ALLOW
------------------------------------------------------------
[SEQ 157] [IEEE-BASELINE]
SCORE    : anomaly_score=0.000
DECISION : ALLOW
------------------------------------------------------------
[SEQ 158] [LAYER 0]
CMD      : G1 X0.1 Y0.1 E20 F600
TRUST    : acc_cmd=1.000 | acc_exec=1.000 | trust=0.001
DECISION : PAUSE
MACHINE  : Machine-4
------------------------------------------------------------
[SEQ 158] [STATIC-BASELINE]
CMD      : G1 | effects={'dx': 0.0, 'dy': 0.0, 'dz': 0.0, 'de': 0.0, 'xy_dist': 0.0, 'params': {'G': 1.0, 'X': 0.1, 'Y': 0.1, 'E': 20.0, 'F': 600.0}}
DECISION : ALLOW
------------------------------------------------------------
[SEQ 158] [IEEE-BASELINE]
SCORE    : anomaly_score=0.000
DECISION : ALLOW
------------------------------------------------------------
[SEQ 159] [LAYER 0]
CMD      : G1 X0.1 Y0.1 E20 F600
TRUST    : acc_cmd=1.000 | acc_exec=1.000 | trust=0.001
DECISION : PAUSE
MACHINE  : Machine-4
------------------------------------------------------------
[SEQ 159] [STATIC-BASELINE]
CMD      : G1 | effects={'dx': 0.0, 'dy': 0.0, 'dz': 0.0, 'de': 0.0, 'xy_dist': 0.0, 'params': {'G': 1.0, 'X': 0.1, 'Y': 0.1, 'E': 20.0, 'F': 600.0}}
DECISION : ALLOW
------------------------------------------------------------
[SEQ 159] [IEEE-BASELINE]
SCORE    : anomaly_score=0.000
DECISION : ALLOW
------------------------------------------------------------
[SEQ 160] [LAYER 0]
CMD      : G1 X0.1 Y0.1 E20 F600
TRUST    : acc_cmd=1.000 | acc_exec=1.000 | trust=0.001
DECISION : PAUSE
MACHINE  : Machine-4
------------------------------------------------------------
[SEQ 160] [STATIC-BASELINE]
CMD      : G1 | effects={'dx': 0.0, 'dy': 0.0, 'dz': 0.0, 'de': 0.0, 'xy_dist': 0.0, 'params': {'G': 1.0, 'X': 0.1, 'Y': 0.1, 'E': 20.0, 'F': 600.0}}
DECISION : ALLOW
------------------------------------------------------------
[SEQ 160] [IEEE-BASELINE]
SCORE    : anomaly_score=0.000
DECISION : ALLOW
------------------------------------------------------------
[SEQ 161] [LAYER 0]
CMD      : G1 X0.1 Y0.1 E20 F600
TRUST    : acc_cmd=1.000 | acc_exec=1.000 | trust=0.001
DECISION : PAUSE
MACHINE  : Machine-4
------------------------------------------------------------
[SEQ 161] [STATIC-BASELINE]
CMD      : G1 | effects={'dx': 0.0, 'dy': 0.0, 'dz': 0.0, 'de': 0.0, 'xy_dist': 0.0, 'params': {'G': 1.0, 'X': 0.1, 'Y': 0.1, 'E': 20.0, 'F': 600.0}}
DECISION : ALLOW
------------------------------------------------------------
[SEQ 161] [IEEE-BASELINE]
SCORE    : anomaly_score=0.000
DECISION : ALLOW
------------------------------------------------------------
[SEQ 162] [LAYER 0]
CMD      : G1 X0.1 Y0.1 E20 F600
TRUST    : acc_cmd=1.000 | acc_exec=1.000 | trust=0.001
DECISION : PAUSE
MACHINE  : Machine-4
------------------------------------------------------------
[SEQ 162] [STATIC-BASELINE]
CMD      : G1 | effects={'dx': 0.0, 'dy': 0.0, 'dz': 0.0, 'de': 0.0, 'xy_dist': 0.0, 'params': {'G': 1.0, 'X': 0.1, 'Y': 0.1, 'E': 20.0, 'F': 600.0}}
DECISION : ALLOW
------------------------------------------------------------
[SEQ 162] [IEEE-BASELINE]
SCORE    : anomaly_score=0.000
DECISION : ALLOW
------------------------------------------------------------
[SEQ 163] [LAYER 0]
CMD      : G1 X0.1 Y0.1 E20 F600
TRUST    : acc_cmd=1.000 | acc_exec=1.000 | trust=0.001
DECISION : PAUSE
MACHINE  : Machine-4
------------------------------------------------------------
[SEQ 163] [STATIC-BASELINE]
CMD      : G1 | effects={'dx': 0.0, 'dy': 0.0, 'dz': 0.0, 'de': 0.0, 'xy_dist': 0.0, 'params': {'G': 1.0, 'X': 0.1, 'Y': 0.1, 'E': 20.0, 'F': 600.0}}
DECISION : ALLOW
------------------------------------------------------------
[SEQ 163] [IEEE-BASELINE]
SCORE    : anomaly_score=0.000
DECISION : ALLOW
------------------------------------------------------------
[SEQ 164] [LAYER 0]
CMD      : G1 X0.1 Y0.1 E20 F600
TRUST    : acc_cmd=1.000 | acc_exec=1.000 | trust=0.001
DECISION : PAUSE
MACHINE  : Machine-4
------------------------------------------------------------
[SEQ 164] [STATIC-BASELINE]
CMD      : G1 | effects={'dx': 0.0, 'dy': 0.0, 'dz': 0.0, 'de': 0.0, 'xy_dist': 0.0, 'params': {'G': 1.0, 'X': 0.1, 'Y': 0.1, 'E': 20.0, 'F': 600.0}}
DECISION : ALLOW
------------------------------------------------------------
[SEQ 164] [IEEE-BASELINE]
SCORE    : anomaly_score=0.000
DECISION : ALLOW
------------------------------------------------------------
[SEQ 165] [LAYER 0]
CMD      : G1 X0.1 Y0.1 E20 F600
TRUST    : acc_cmd=1.000 | acc_exec=1.000 | trust=0.001
DECISION : PAUSE
MACHINE  : Machine-4
------------------------------------------------------------
[SEQ 165] [STATIC-BASELINE]
CMD      : G1 | effects={'dx': 0.0, 'dy': 0.0, 'dz': 0.0, 'de': 0.0, 'xy_dist': 0.0, 'params': {'G': 1.0, 'X': 0.1, 'Y': 0.1, 'E': 20.0, 'F': 600.0}}
DECISION : ALLOW
------------------------------------------------------------
[SEQ 165] [IEEE-BASELINE]
SCORE    : anomaly_score=0.000
DECISION : ALLOW
------------------------------------------------------------
[SEQ 166] [LAYER 0]
CMD      : G1 X0.1 Y0.1 E20 F600
TRUST    : acc_cmd=1.000 | acc_exec=1.000 | trust=0.001
DECISION : PAUSE
MACHINE  : Machine-4
------------------------------------------------------------
[SEQ 166] [STATIC-BASELINE]
CMD      : G1 | effects={'dx': 0.0, 'dy': 0.0, 'dz': 0.0, 'de': 0.0, 'xy_dist': 0.0, 'params': {'G': 1.0, 'X': 0.1, 'Y': 0.1, 'E': 20.0, 'F': 600.0}}
DECISION : ALLOW
------------------------------------------------------------
[SEQ 166] [IEEE-BASELINE]
SCORE    : anomaly_score=0.000
DECISION : ALLOW
------------------------------------------------------------
[SEQ 167] [LAYER 0]
CMD      : G1 X0.1 Y0.1 E20 F600
TRUST    : acc_cmd=1.000 | acc_exec=1.000 | trust=0.001
DECISION : PAUSE
MACHINE  : Machine-4
------------------------------------------------------------
[SEQ 167] [STATIC-BASELINE]
CMD      : G1 | effects={'dx': 0.0, 'dy': 0.0, 'dz': 0.0, 'de': 0.0, 'xy_dist': 0.0, 'params': {'G': 1.0, 'X': 0.1, 'Y': 0.1, 'E': 20.0, 'F': 600.0}}
DECISION : ALLOW
------------------------------------------------------------
[SEQ 167] [IEEE-BASELINE]
SCORE    : anomaly_score=0.000
DECISION : ALLOW
------------------------------------------------------------
[SEQ 168] [LAYER 0]
CMD      : G1 X0.1 Y0.1 E20 F600
TRUST    : acc_cmd=1.000 | acc_exec=1.000 | trust=0.001
DECISION : PAUSE
MACHINE  : Machine-4
------------------------------------------------------------
[SEQ 168] [STATIC-BASELINE]
CMD      : G1 | effects={'dx': 0.0, 'dy': 0.0, 'dz': 0.0, 'de': 0.0, 'xy_dist': 0.0, 'params': {'G': 1.0, 'X': 0.1, 'Y': 0.1, 'E': 20.0, 'F': 600.0}}
DECISION : ALLOW
------------------------------------------------------------
[SEQ 168] [IEEE-BASELINE]
SCORE    : anomaly_score=0.000
DECISION : ALLOW
------------------------------------------------------------
[SEQ 169] [LAYER 0]
CMD      : G1 X0.1 Y0.1 E20 F600
TRUST    : acc_cmd=1.000 | acc_exec=1.000 | trust=0.001
DECISION : PAUSE
MACHINE  : Machine-4
------------------------------------------------------------
[SEQ 169] [STATIC-BASELINE]
CMD      : G1 | effects={'dx': 0.0, 'dy': 0.0, 'dz': 0.0, 'de': 0.0, 'xy_dist': 0.0, 'params': {'G': 1.0, 'X': 0.1, 'Y': 0.1, 'E': 20.0, 'F': 600.0}}
DECISION : ALLOW
------------------------------------------------------------
[SEQ 169] [IEEE-BASELINE]
SCORE    : anomaly_score=0.000
DECISION : ALLOW
------------------------------------------------------------
[SEQ 170] [LAYER 0]
CMD      : G1 X0.1 Y0.1 E20 F600
TRUST    : acc_cmd=1.000 | acc_exec=1.000 | trust=0.001
DECISION : PAUSE
MACHINE  : Machine-4
------------------------------------------------------------
[SEQ 170] [STATIC-BASELINE]
CMD      : G1 | effects={'dx': 0.0, 'dy': 0.0, 'dz': 0.0, 'de': 0.0, 'xy_dist': 0.0, 'params': {'G': 1.0, 'X': 0.1, 'Y': 0.1, 'E': 20.0, 'F': 600.0}}
DECISION : ALLOW
------------------------------------------------------------
[SEQ 170] [IEEE-BASELINE]
SCORE    : anomaly_score=0.000
DECISION : ALLOW
------------------------------------------------------------
[SEQ 171] [LAYER 0]
CMD      : G1 X0.1 Y0.1 E20 F600
TRUST    : acc_cmd=1.000 | acc_exec=1.000 | trust=0.001
DECISION : PAUSE
MACHINE  : Machine-4
------------------------------------------------------------
[SEQ 171] [STATIC-BASELINE]
CMD      : G1 | effects={'dx': 0.0, 'dy': 0.0, 'dz': 0.0, 'de': 0.0, 'xy_dist': 0.0, 'params': {'G': 1.0, 'X': 0.1, 'Y': 0.1, 'E': 20.0, 'F': 600.0}}
DECISION : ALLOW
------------------------------------------------------------
[SEQ 171] [IEEE-BASELINE]
SCORE    : anomaly_score=0.000
DECISION : ALLOW
------------------------------------------------------------
[SEQ 172] [LAYER 0]
CMD      : G1 X0.1 Y0.1 E20 F600
TRUST    : acc_cmd=1.000 | acc_exec=1.000 | trust=0.001
DECISION : PAUSE
MACHINE  : Machine-4
------------------------------------------------------------
[SEQ 172] [STATIC-BASELINE]
CMD      : G1 | effects={'dx': 0.0, 'dy': 0.0, 'dz': 0.0, 'de': 0.0, 'xy_dist': 0.0, 'params': {'G': 1.0, 'X': 0.1, 'Y': 0.1, 'E': 20.0, 'F': 600.0}}
DECISION : ALLOW
------------------------------------------------------------
[SEQ 172] [IEEE-BASELINE]
SCORE    : anomaly_score=0.000
DECISION : ALLOW
------------------------------------------------------------
[SEQ 173] [LAYER 0]
CMD      : G1 X0.1 Y0.1 E20 F600
TRUST    : acc_cmd=1.000 | acc_exec=1.000 | trust=0.001
DECISION : PAUSE
MACHINE  : Machine-4
------------------------------------------------------------
[SEQ 173] [STATIC-BASELINE]
CMD      : G1 | effects={'dx': 0.0, 'dy': 0.0, 'dz': 0.0, 'de': 0.0, 'xy_dist': 0.0, 'params': {'G': 1.0, 'X': 0.1, 'Y': 0.1, 'E': 20.0, 'F': 600.0}}
DECISION : ALLOW
------------------------------------------------------------
[SEQ 173] [IEEE-BASELINE]
SCORE    : anomaly_score=0.000
DECISION : ALLOW
------------------------------------------------------------
[SEQ 174] [LAYER 0]
CMD      : G1 X0.1 Y0.1 E20 F600
TRUST    : acc_cmd=1.000 | acc_exec=1.000 | trust=0.001
DECISION : PAUSE
MACHINE  : Machine-4
------------------------------------------------------------
[SEQ 174] [STATIC-BASELINE]
CMD      : G1 | effects={'dx': 0.0, 'dy': 0.0, 'dz': 0.0, 'de': 0.0, 'xy_dist': 0.0, 'params': {'G': 1.0, 'X': 0.1, 'Y': 0.1, 'E': 20.0, 'F': 600.0}}
DECISION : ALLOW
------------------------------------------------------------
[SEQ 174] [IEEE-BASELINE]
SCORE    : anomaly_score=0.000
DECISION : ALLOW
------------------------------------------------------------
[SEQ 175] [LAYER 0]
CMD      : G1 X0.1 Y0.1 E20 F600
TRUST    : acc_cmd=1.000 | acc_exec=1.000 | trust=0.001
DECISION : PAUSE
MACHINE  : Machine-4
------------------------------------------------------------
[SEQ 175] [STATIC-BASELINE]
CMD      : G1 | effects={'dx': 0.0, 'dy': 0.0, 'dz': 0.0, 'de': 0.0, 'xy_dist': 0.0, 'params': {'G': 1.0, 'X': 0.1, 'Y': 0.1, 'E': 20.0, 'F': 600.0}}
DECISION : ALLOW
------------------------------------------------------------
[SEQ 175] [IEEE-BASELINE]
SCORE    : anomaly_score=0.000
DECISION : ALLOW
------------------------------------------------------------
[SEQ 176] [LAYER 0]
CMD      : G1 X0.1 Y0.1 E20 F600
TRUST    : acc_cmd=1.000 | acc_exec=1.000 | trust=0.001
DECISION : PAUSE
MACHINE  : Machine-4
------------------------------------------------------------
[SEQ 176] [STATIC-BASELINE]
CMD      : G1 | effects={'dx': 0.0, 'dy': 0.0, 'dz': 0.0, 'de': 0.0, 'xy_dist': 0.0, 'params': {'G': 1.0, 'X': 0.1, 'Y': 0.1, 'E': 20.0, 'F': 600.0}}
DECISION : ALLOW
------------------------------------------------------------
[SEQ 176] [IEEE-BASELINE]
SCORE    : anomaly_score=0.000
DECISION : ALLOW
------------------------------------------------------------
[SEQ 177] [LAYER 0]
CMD      : G1 X0.1 Y0.1 E20 F600
TRUST    : acc_cmd=1.000 | acc_exec=1.000 | trust=0.001
DECISION : PAUSE
MACHINE  : Machine-4
------------------------------------------------------------
[SEQ 177] [STATIC-BASELINE]
CMD      : G1 | effects={'dx': 0.0, 'dy': 0.0, 'dz': 0.0, 'de': 0.0, 'xy_dist': 0.0, 'params': {'G': 1.0, 'X': 0.1, 'Y': 0.1, 'E': 20.0, 'F': 600.0}}
DECISION : ALLOW
------------------------------------------------------------
[SEQ 177] [IEEE-BASELINE]
SCORE    : anomaly_score=0.000
DECISION : ALLOW
------------------------------------------------------------
[SEQ 178] [LAYER 0]
CMD      : G1 X0.1 Y0.1 E20 F600
TRUST    : acc_cmd=1.000 | acc_exec=1.000 | trust=0.001
DECISION : PAUSE
MACHINE  : Machine-4
------------------------------------------------------------
[SEQ 178] [STATIC-BASELINE]
CMD      : G1 | effects={'dx': 0.0, 'dy': 0.0, 'dz': 0.0, 'de': 0.0, 'xy_dist': 0.0, 'params': {'G': 1.0, 'X': 0.1, 'Y': 0.1, 'E': 20.0, 'F': 600.0}}
DECISION : ALLOW
------------------------------------------------------------
[SEQ 178] [IEEE-BASELINE]
SCORE    : anomaly_score=0.000
DECISION : ALLOW
------------------------------------------------------------
[SEQ 179] [LAYER 0]
CMD      : G1 X0.1 Y0.1 E20 F600
TRUST    : acc_cmd=1.000 | acc_exec=1.000 | trust=0.001
DECISION : PAUSE
MACHINE  : Machine-4
------------------------------------------------------------
[SEQ 179] [STATIC-BASELINE]
CMD      : G1 | effects={'dx': 0.0, 'dy': 0.0, 'dz': 0.0, 'de': 0.0, 'xy_dist': 0.0, 'params': {'G': 1.0, 'X': 0.1, 'Y': 0.1, 'E': 20.0, 'F': 600.0}}
DECISION : ALLOW
------------------------------------------------------------
[SEQ 179] [IEEE-BASELINE]
SCORE    : anomaly_score=0.000
DECISION : ALLOW
------------------------------------------------------------
[SEQ 180] [LAYER 0]
CMD      : G1 X0.1 Y0.1 E20 F600
TRUST    : acc_cmd=1.000 | acc_exec=1.000 | trust=0.001
DECISION : PAUSE
MACHINE  : Machine-4
------------------------------------------------------------
[SEQ 180] [STATIC-BASELINE]
CMD      : G1 | effects={'dx': 0.0, 'dy': 0.0, 'dz': 0.0, 'de': 0.0, 'xy_dist': 0.0, 'params': {'G': 1.0, 'X': 0.1, 'Y': 0.1, 'E': 20.0, 'F': 600.0}}
DECISION : ALLOW
------------------------------------------------------------
[SEQ 180] [IEEE-BASELINE]
SCORE    : anomaly_score=0.000
DECISION : ALLOW
------------------------------------------------------------
[SEQ 181] [LAYER 0]
CMD      : G1 X0.1 Y0.1 E20 F600
TRUST    : acc_cmd=1.000 | acc_exec=1.000 | trust=0.001
DECISION : PAUSE
MACHINE  : Machine-4
------------------------------------------------------------
[SEQ 181] [STATIC-BASELINE]
CMD      : G1 | effects={'dx': 0.0, 'dy': 0.0, 'dz': 0.0, 'de': 0.0, 'xy_dist': 0.0, 'params': {'G': 1.0, 'X': 0.1, 'Y': 0.1, 'E': 20.0, 'F': 600.0}}
DECISION : ALLOW
------------------------------------------------------------
[SEQ 181] [IEEE-BASELINE]
SCORE    : anomaly_score=0.000
DECISION : ALLOW
------------------------------------------------------------
[SEQ 182] [LAYER 0]
CMD      : G1 X0.1 Y0.1 E20 F600
TRUST    : acc_cmd=1.000 | acc_exec=1.000 | trust=0.001
DECISION : PAUSE
MACHINE  : Machine-4
------------------------------------------------------------
[SEQ 182] [STATIC-BASELINE]
CMD      : G1 | effects={'dx': 0.0, 'dy': 0.0, 'dz': 0.0, 'de': 0.0, 'xy_dist': 0.0, 'params': {'G': 1.0, 'X': 0.1, 'Y': 0.1, 'E': 20.0, 'F': 600.0}}
DECISION : ALLOW
------------------------------------------------------------
[SEQ 182] [IEEE-BASELINE]
SCORE    : anomaly_score=0.000
DECISION : ALLOW
------------------------------------------------------------
[SEQ 183] [LAYER 0]
CMD      : G1 X0.1 Y0.1 E20 F600
TRUST    : acc_cmd=1.000 | acc_exec=1.000 | trust=0.001
DECISION : PAUSE
MACHINE  : Machine-4
------------------------------------------------------------
[SEQ 183] [STATIC-BASELINE]
CMD      : G1 | effects={'dx': 0.0, 'dy': 0.0, 'dz': 0.0, 'de': 0.0, 'xy_dist': 0.0, 'params': {'G': 1.0, 'X': 0.1, 'Y': 0.1, 'E': 20.0, 'F': 600.0}}
DECISION : ALLOW
------------------------------------------------------------
[SEQ 183] [IEEE-BASELINE]
SCORE    : anomaly_score=0.000
DECISION : ALLOW
------------------------------------------------------------
[SEQ 184] [LAYER 0]
CMD      : G1 X0.1 Y0.1 E20 F600
TRUST    : acc_cmd=1.000 | acc_exec=1.000 | trust=0.001
DECISION : PAUSE
MACHINE  : Machine-4
------------------------------------------------------------
[SEQ 184] [STATIC-BASELINE]
CMD      : G1 | effects={'dx': 0.0, 'dy': 0.0, 'dz': 0.0, 'de': 0.0, 'xy_dist': 0.0, 'params': {'G': 1.0, 'X': 0.1, 'Y': 0.1, 'E': 20.0, 'F': 600.0}}
DECISION : ALLOW
------------------------------------------------------------
[SEQ 184] [IEEE-BASELINE]
SCORE    : anomaly_score=0.000
DECISION : ALLOW
------------------------------------------------------------
[SEQ 185] [LAYER 0]
CMD      : G1 X0.1 Y0.1 E20 F600
TRUST    : acc_cmd=1.000 | acc_exec=1.000 | trust=0.001
DECISION : PAUSE
MACHINE  : Machine-4
------------------------------------------------------------
[SEQ 185] [STATIC-BASELINE]
CMD      : G1 | effects={'dx': 0.0, 'dy': 0.0, 'dz': 0.0, 'de': 0.0, 'xy_dist': 0.0, 'params': {'G': 1.0, 'X': 0.1, 'Y': 0.1, 'E': 20.0, 'F': 600.0}}
DECISION : ALLOW
------------------------------------------------------------
[SEQ 185] [IEEE-BASELINE]
SCORE    : anomaly_score=0.000
DECISION : ALLOW
------------------------------------------------------------
[SEQ 186] [LAYER 0]
CMD      : G1 X0.1 Y0.1 E20 F600
TRUST    : acc_cmd=1.000 | acc_exec=1.000 | trust=0.001
DECISION : PAUSE
MACHINE  : Machine-4
------------------------------------------------------------
[SEQ 186] [STATIC-BASELINE]
CMD      : G1 | effects={'dx': 0.0, 'dy': 0.0, 'dz': 0.0, 'de': 0.0, 'xy_dist': 0.0, 'params': {'G': 1.0, 'X': 0.1, 'Y': 0.1, 'E': 20.0, 'F': 600.0}}
DECISION : ALLOW
------------------------------------------------------------
[SEQ 186] [IEEE-BASELINE]
SCORE    : anomaly_score=0.000
DECISION : ALLOW
------------------------------------------------------------
[SEQ 187] [LAYER 0]
CMD      : G1 X0.1 Y0.1 E20 F600
TRUST    : acc_cmd=1.000 | acc_exec=1.000 | trust=0.001
DECISION : PAUSE
MACHINE  : Machine-4
------------------------------------------------------------
[SEQ 187] [STATIC-BASELINE]
CMD      : G1 | effects={'dx': 0.0, 'dy': 0.0, 'dz': 0.0, 'de': 0.0, 'xy_dist': 0.0, 'params': {'G': 1.0, 'X': 0.1, 'Y': 0.1, 'E': 20.0, 'F': 600.0}}
DECISION : ALLOW
------------------------------------------------------------
[SEQ 187] [IEEE-BASELINE]
SCORE    : anomaly_score=0.000
DECISION : ALLOW
------------------------------------------------------------
[SEQ 188] [LAYER 0]
CMD      : G1 X0.1 Y0.1 E20 F600
TRUST    : acc_cmd=1.000 | acc_exec=1.000 | trust=0.001
DECISION : PAUSE
MACHINE  : Machine-4
------------------------------------------------------------
[SEQ 188] [STATIC-BASELINE]
CMD      : G1 | effects={'dx': 0.0, 'dy': 0.0, 'dz': 0.0, 'de': 0.0, 'xy_dist': 0.0, 'params': {'G': 1.0, 'X': 0.1, 'Y': 0.1, 'E': 20.0, 'F': 600.0}}
DECISION : ALLOW
------------------------------------------------------------
[SEQ 188] [IEEE-BASELINE]
SCORE    : anomaly_score=0.000
DECISION : ALLOW
------------------------------------------------------------
[SEQ 189] [LAYER 0]
CMD      : G1 X0.1 Y0.1 E20 F600
TRUST    : acc_cmd=1.000 | acc_exec=1.000 | trust=0.001
DECISION : PAUSE
MACHINE  : Machine-4
------------------------------------------------------------
[SEQ 189] [STATIC-BASELINE]
CMD      : G1 | effects={'dx': 0.0, 'dy': 0.0, 'dz': 0.0, 'de': 0.0, 'xy_dist': 0.0, 'params': {'G': 1.0, 'X': 0.1, 'Y': 0.1, 'E': 20.0, 'F': 600.0}}
DECISION : ALLOW
------------------------------------------------------------
[SEQ 189] [IEEE-BASELINE]
SCORE    : anomaly_score=0.000
DECISION : ALLOW
------------------------------------------------------------
[SEQ 190] [LAYER 0]
CMD      : G1 X0.1 Y0.1 E20 F600
TRUST    : acc_cmd=1.000 | acc_exec=1.000 | trust=0.001
DECISION : PAUSE
MACHINE  : Machine-4
------------------------------------------------------------
[SEQ 190] [STATIC-BASELINE]
CMD      : G1 | effects={'dx': 0.0, 'dy': 0.0, 'dz': 0.0, 'de': 0.0, 'xy_dist': 0.0, 'params': {'G': 1.0, 'X': 0.1, 'Y': 0.1, 'E': 20.0, 'F': 600.0}}
DECISION : ALLOW
------------------------------------------------------------
[SEQ 190] [IEEE-BASELINE]
SCORE    : anomaly_score=0.000
DECISION : ALLOW
------------------------------------------------------------
[SEQ 191] [LAYER 0]
CMD      : G1 X0.1 Y0.1 E20 F600
TRUST    : acc_cmd=1.000 | acc_exec=1.000 | trust=0.001
DECISION : PAUSE
MACHINE  : Machine-4
------------------------------------------------------------
[SEQ 191] [STATIC-BASELINE]
CMD      : G1 | effects={'dx': 0.0, 'dy': 0.0, 'dz': 0.0, 'de': 0.0, 'xy_dist': 0.0, 'params': {'G': 1.0, 'X': 0.1, 'Y': 0.1, 'E': 20.0, 'F': 600.0}}
DECISION : ALLOW
------------------------------------------------------------
[SEQ 191] [IEEE-BASELINE]
SCORE    : anomaly_score=0.000
DECISION : ALLOW
------------------------------------------------------------
[SEQ 192] [LAYER 0]
CMD      : G1 X0.1 Y0.1 E20 F600
TRUST    : acc_cmd=1.000 | acc_exec=1.000 | trust=0.001
DECISION : PAUSE
MACHINE  : Machine-4
------------------------------------------------------------
[SEQ 192] [STATIC-BASELINE]
CMD      : G1 | effects={'dx': 0.0, 'dy': 0.0, 'dz': 0.0, 'de': 0.0, 'xy_dist': 0.0, 'params': {'G': 1.0, 'X': 0.1, 'Y': 0.1, 'E': 20.0, 'F': 600.0}}
DECISION : ALLOW
------------------------------------------------------------
[SEQ 192] [IEEE-BASELINE]
SCORE    : anomaly_score=0.000
DECISION : ALLOW
------------------------------------------------------------
[SEQ 193] [LAYER 0]
CMD      : G1 X0.1 Y0.1 E20 F600
TRUST    : acc_cmd=1.000 | acc_exec=1.000 | trust=0.001
DECISION : PAUSE
MACHINE  : Machine-4
------------------------------------------------------------
[SEQ 193] [STATIC-BASELINE]
CMD      : G1 | effects={'dx': 0.0, 'dy': 0.0, 'dz': 0.0, 'de': 0.0, 'xy_dist': 0.0, 'params': {'G': 1.0, 'X': 0.1, 'Y': 0.1, 'E': 20.0, 'F': 600.0}}
DECISION : ALLOW
------------------------------------------------------------
[SEQ 193] [IEEE-BASELINE]
SCORE    : anomaly_score=0.000
DECISION : ALLOW
------------------------------------------------------------
[SEQ 194] [LAYER 0]
CMD      : G1 X0.1 Y0.1 E20 F600
TRUST    : acc_cmd=1.000 | acc_exec=1.000 | trust=0.001
DECISION : PAUSE
MACHINE  : Machine-4
------------------------------------------------------------
[SEQ 194] [STATIC-BASELINE]
CMD      : G1 | effects={'dx': 0.0, 'dy': 0.0, 'dz': 0.0, 'de': 0.0, 'xy_dist': 0.0, 'params': {'G': 1.0, 'X': 0.1, 'Y': 0.1, 'E': 20.0, 'F': 600.0}}
DECISION : ALLOW
------------------------------------------------------------
[SEQ 194] [IEEE-BASELINE]
SCORE    : anomaly_score=0.000
DECISION : ALLOW
------------------------------------------------------------
[SEQ 195] [LAYER 0]
CMD      : G1 X159.499 Y115.996 E5.54381
TRUST    : acc_cmd=0.000 | acc_exec=1.000 | trust=0.001
DECISION : PAUSE
MACHINE  : Machine-4
------------------------------------------------------------
[SEQ 195] [STATIC-BASELINE]
CMD      : G1 | effects={'dx': 159.399, 'dy': 115.896, 'dz': 0.0, 'de': -14.45619, 'xy_dist': 197.0784717238288, 'params': {'G': 1.0, 'X': 159.499, 'Y': 115.996, 'E': 5.54381}}
DECISION : ALLOW
------------------------------------------------------------
[SEQ 195] [IEEE-BASELINE]
SCORE    : anomaly_score=0.000
DECISION : ALLOW
------------------------------------------------------------
[SEQ 196] [LAYER 0]
CMD      : G1 X0.1 Y0.1 E20 F600
TRUST    : acc_cmd=1.000 | acc_exec=0.000 | trust=0.002
DECISION : PAUSE
MACHINE  : Machine-4
------------------------------------------------------------
[SEQ 196] [STATIC-BASELINE]
CMD      : G1 | effects={'dx': -159.399, 'dy': -115.896, 'dz': 0.0, 'de': 14.45619, 'xy_dist': 197.0784717238288, 'params': {'G': 1.0, 'X': 0.1, 'Y': 0.1, 'E': 20.0, 'F': 600.0}}
DECISION : ALLOW
------------------------------------------------------------
[SEQ 196] [IEEE-BASELINE]
SCORE    : anomaly_score=0.000
DECISION : ALLOW
------------------------------------------------------------
[SEQ 197] [LAYER 0]
CMD      : G1 X0.1 Y0.1 E20 F600
TRUST    : acc_cmd=1.000 | acc_exec=0.000 | trust=0.002
DECISION : PAUSE
MACHINE  : Machine-4
------------------------------------------------------------
[SEQ 197] [STATIC-BASELINE]
CMD      : G1 | effects={'dx': 0.0, 'dy': 0.0, 'dz': 0.0, 'de': 0.0, 'xy_dist': 0.0, 'params': {'G': 1.0, 'X': 0.1, 'Y': 0.1, 'E': 20.0, 'F': 600.0}}
DECISION : ALLOW
------------------------------------------------------------
[SEQ 197] [IEEE-BASELINE]
SCORE    : anomaly_score=0.000
DECISION : ALLOW
------------------------------------------------------------
[SEQ 198] [LAYER 0]
CMD      : G1 X161.392 Y114.679 E5.58548
TRUST    : acc_cmd=0.000 | acc_exec=1.000 | trust=0.007
DECISION : PAUSE
MACHINE  : Machine-4
------------------------------------------------------------
[SEQ 198] [STATIC-BASELINE]
CMD      : G1 | effects={'dx': 161.292, 'dy': 114.57900000000001, 'dz': 0.0, 'de': -14.41452, 'xy_dist': 197.84705331391723, 'params': {'G': 1.0, 'X': 161.392, 'Y': 114.679, 'E': 5.58548}}
DECISION : ALLOW
------------------------------------------------------------
[SEQ 198] [IEEE-BASELINE]
SCORE    : anomaly_score=0.000
DECISION : ALLOW
------------------------------------------------------------
[SEQ 199] [LAYER 0]
CMD      : G1 X0.1 Y0.1 E20 F600
TRUST    : acc_cmd=1.000 | acc_exec=0.000 | trust=0.006
DECISION : PAUSE
MACHINE  : Machine-4
------------------------------------------------------------
[SEQ 199] [STATIC-BASELINE]
CMD      : G1 | effects={'dx': -161.292, 'dy': -114.57900000000001, 'dz': 0.0, 'de': 14.41452, 'xy_dist': 197.84705331391723, 'params': {'G': 1.0, 'X': 0.1, 'Y': 0.1, 'E': 20.0, 'F': 600.0}}
DECISION : ALLOW
------------------------------------------------------------
[SEQ 199] [IEEE-BASELINE]
SCORE    : anomaly_score=0.000
DECISION : ALLOW
------------------------------------------------------------
[SEQ 200] [LAYER 0]
CMD      : G1 X0.1 Y0.1 E20 F600
TRUST    : acc_cmd=1.000 | acc_exec=0.000 | trust=0.003
DECISION : PAUSE
MACHINE  : Machine-4
------------------------------------------------------------
[SEQ 200] [STATIC-BASELINE]
CMD      : G1 | effects={'dx': 0.0, 'dy': 0.0, 'dz': 0.0, 'de': 0.0, 'xy_dist': 0.0, 'params': {'G': 1.0, 'X': 0.1, 'Y': 0.1, 'E': 20.0, 'F': 600.0}}
DECISION : ALLOW
------------------------------------------------------------
[SEQ 200] [IEEE-BASELINE]
SCORE    : anomaly_score=0.000
DECISION : ALLOW
------------------------------------------------------------
[SEQ 201] [LAYER 0]
CMD      : G1 X0.1 Y0.1 E20 F600
TRUST    : acc_cmd=1.000 | acc_exec=0.000 | trust=0.002
DECISION : PAUSE
MACHINE  : Machine-4
------------------------------------------------------------
[SEQ 201] [STATIC-BASELINE]
CMD      : G1 | effects={'dx': 0.0, 'dy': 0.0, 'dz': 0.0, 'de': 0.0, 'xy_dist': 0.0, 'params': {'G': 1.0, 'X': 0.1, 'Y': 0.1, 'E': 20.0, 'F': 600.0}}
DECISION : ALLOW
------------------------------------------------------------
[SEQ 201] [IEEE-BASELINE]
SCORE    : anomaly_score=0.000
DECISION : ALLOW
------------------------------------------------------------
[SEQ 202] [LAYER 0]
CMD      : G1 X167.3 Y114.004 E5.70126
TRUST    : acc_cmd=0.000 | acc_exec=1.000 | trust=0.012
DECISION : PAUSE
MACHINE  : Machine-4
------------------------------------------------------------
[SEQ 202] [STATIC-BASELINE]
CMD      : G1 | effects={'dx': 167.20000000000002, 'dy': 113.90400000000001, 'dz': 0.0, 'de': -14.298739999999999, 'xy_dist': 202.31154493997622, 'params': {'G': 1.0, 'X': 167.3, 'Y': 114.004, 'E': 5.70126}}
DECISION : ALLOW
------------------------------------------------------------
[SEQ 202] [IEEE-BASELINE]
SCORE    : anomaly_score=0.000
DECISION : ALLOW
------------------------------------------------------------
[SEQ 203] [LAYER 0]
CMD      : G1 X0.1 Y0.1 E20 F600
TRUST    : acc_cmd=1.000 | acc_exec=0.000 | trust=0.007
DECISION : PAUSE
MACHINE  : Machine-4
------------------------------------------------------------
[SEQ 203] [STATIC-BASELINE]
CMD      : G1 | effects={'dx': -167.20000000000002, 'dy': -113.90400000000001, 'dz': 0.0, 'de': 14.298739999999999, 'xy_dist': 202.31154493997622, 'params': {'G': 1.0, 'X': 0.1, 'Y': 0.1, 'E': 20.0, 'F': 600.0}}
DECISION : ALLOW
------------------------------------------------------------
[SEQ 203] [IEEE-BASELINE]
SCORE    : anomaly_score=0.000
DECISION : ALLOW
------------------------------------------------------------
[SEQ 204] [LAYER 0]
CMD      : G1 X0.1 Y0.1 E20 F600
TRUST    : acc_cmd=1.000 | acc_exec=0.000 | trust=0.004
DECISION : PAUSE
MACHINE  : Machine-4
------------------------------------------------------------
[SEQ 204] [STATIC-BASELINE]
CMD      : G1 | effects={'dx': 0.0, 'dy': 0.0, 'dz': 0.0, 'de': 0.0, 'xy_dist': 0.0, 'params': {'G': 1.0, 'X': 0.1, 'Y': 0.1, 'E': 20.0, 'F': 600.0}}
DECISION : ALLOW
------------------------------------------------------------
[SEQ 204] [IEEE-BASELINE]
SCORE    : anomaly_score=0.000
DECISION : ALLOW
------------------------------------------------------------
[SEQ 205] [LAYER 0]
CMD      : G1 X170.643 Y116.873 E5.7857
TRUST    : acc_cmd=0.000 | acc_exec=1.000 | trust=0.015
DECISION : PAUSE
MACHINE  : Machine-4
------------------------------------------------------------
[SEQ 205] [STATIC-BASELINE]
CMD      : G1 | effects={'dx': 170.543, 'dy': 116.77300000000001, 'dz': 0.0, 'de': -14.2143, 'xy_dist': 206.6902232279021, 'params': {'G': 1.0, 'X': 170.643, 'Y': 116.873, 'E': 5.7857}}
DECISION : ALLOW
------------------------------------------------------------
[SEQ 205] [IEEE-BASELINE]
SCORE    : anomaly_score=0.000
DECISION : ALLOW
------------------------------------------------------------
[SEQ 206] [LAYER 0]
CMD      : G1 X0.1 Y0.1 E20 F600
TRUST    : acc_cmd=1.000 | acc_exec=0.000 | trust=0.009
DECISION : PAUSE
MACHINE  : Machine-4
------------------------------------------------------------
[SEQ 206] [STATIC-BASELINE]
CMD      : G1 | effects={'dx': -170.543, 'dy': -116.77300000000001, 'dz': 0.0, 'de': 14.2143, 'xy_dist': 206.6902232279021, 'params': {'G': 1.0, 'X': 0.1, 'Y': 0.1, 'E': 20.0, 'F': 600.0}}
DECISION : ALLOW
------------------------------------------------------------
[SEQ 206] [IEEE-BASELINE]
SCORE    : anomaly_score=0.000
DECISION : ALLOW
------------------------------------------------------------
[SEQ 207] [LAYER 0]
CMD      : G1 X0.1 Y0.1 E20 F600
TRUST    : acc_cmd=1.000 | acc_exec=0.000 | trust=0.005
DECISION : PAUSE
MACHINE  : Machine-4
------------------------------------------------------------
[SEQ 207] [STATIC-BASELINE]
CMD      : G1 | effects={'dx': 0.0, 'dy': 0.0, 'dz': 0.0, 'de': 0.0, 'xy_dist': 0.0, 'params': {'G': 1.0, 'X': 0.1, 'Y': 0.1, 'E': 20.0, 'F': 600.0}}
DECISION : ALLOW
------------------------------------------------------------
[SEQ 207] [IEEE-BASELINE]
SCORE    : anomaly_score=0.000
DECISION : ALLOW
------------------------------------------------------------
[SEQ 208] [LAYER 0]
CMD      : G1 X0.1 Y0.1 E20 F600
TRUST    : acc_cmd=1.000 | acc_exec=0.000 | trust=0.003
DECISION : PAUSE
MACHINE  : Machine-4
------------------------------------------------------------
[SEQ 208] [STATIC-BASELINE]
CMD      : G1 | effects={'dx': 0.0, 'dy': 0.0, 'dz': 0.0, 'de': 0.0, 'xy_dist': 0.0, 'params': {'G': 1.0, 'X': 0.1, 'Y': 0.1, 'E': 20.0, 'F': 600.0}}
DECISION : ALLOW
------------------------------------------------------------
[SEQ 208] [IEEE-BASELINE]
SCORE    : anomaly_score=0.000
DECISION : ALLOW
------------------------------------------------------------
[SEQ 209] [LAYER 0]
CMD      : G1 X0.1 Y0.1 E20 F600
TRUST    : acc_cmd=1.000 | acc_exec=1.000 | trust=0.002
DECISION : PAUSE
MACHINE  : Machine-4
------------------------------------------------------------
[SEQ 209] [STATIC-BASELINE]
CMD      : G1 | effects={'dx': 0.0, 'dy': 0.0, 'dz': 0.0, 'de': 0.0, 'xy_dist': 0.0, 'params': {'G': 1.0, 'X': 0.1, 'Y': 0.1, 'E': 20.0, 'F': 600.0}}
DECISION : ALLOW
------------------------------------------------------------
[SEQ 209] [IEEE-BASELINE]
SCORE    : anomaly_score=0.000
DECISION : ALLOW
------------------------------------------------------------
[SEQ 210] [LAYER 0]
CMD      : G1 X0.1 Y0.1 E20 F600
TRUST    : acc_cmd=1.000 | acc_exec=1.000 | trust=0.001
DECISION : PAUSE
MACHINE  : Machine-4
------------------------------------------------------------
[SEQ 210] [STATIC-BASELINE]
CMD      : G1 | effects={'dx': 0.0, 'dy': 0.0, 'dz': 0.0, 'de': 0.0, 'xy_dist': 0.0, 'params': {'G': 1.0, 'X': 0.1, 'Y': 0.1, 'E': 20.0, 'F': 600.0}}
DECISION : ALLOW
------------------------------------------------------------
[SEQ 210] [IEEE-BASELINE]
SCORE    : anomaly_score=0.000
DECISION : ALLOW
------------------------------------------------------------
[SEQ 211] [LAYER 0]
CMD      : G1 X0.1 Y0.1 E20 F600
TRUST    : acc_cmd=1.000 | acc_exec=1.000 | trust=0.001
DECISION : PAUSE
MACHINE  : Machine-4
------------------------------------------------------------
[SEQ 211] [STATIC-BASELINE]
CMD      : G1 | effects={'dx': 0.0, 'dy': 0.0, 'dz': 0.0, 'de': 0.0, 'xy_dist': 0.0, 'params': {'G': 1.0, 'X': 0.1, 'Y': 0.1, 'E': 20.0, 'F': 600.0}}
DECISION : ALLOW
------------------------------------------------------------
[SEQ 211] [IEEE-BASELINE]
SCORE    : anomaly_score=0.000
DECISION : ALLOW
------------------------------------------------------------
[SEQ 212] [LAYER 0]
CMD      : G1 X0.1 Y0.1 E20 F600
TRUST    : acc_cmd=1.000 | acc_exec=1.000 | trust=0.001
DECISION : PAUSE
MACHINE  : Machine-4
------------------------------------------------------------
[SEQ 212] [STATIC-BASELINE]
CMD      : G1 | effects={'dx': 0.0, 'dy': 0.0, 'dz': 0.0, 'de': 0.0, 'xy_dist': 0.0, 'params': {'G': 1.0, 'X': 0.1, 'Y': 0.1, 'E': 20.0, 'F': 600.0}}
DECISION : ALLOW
------------------------------------------------------------
[SEQ 212] [IEEE-BASELINE]
SCORE    : anomaly_score=0.000
DECISION : ALLOW
------------------------------------------------------------
[SEQ 213] [LAYER 0]
CMD      : G1 X0.1 Y0.1 E20 F600
TRUST    : acc_cmd=1.000 | acc_exec=1.000 | trust=0.001
DECISION : PAUSE
MACHINE  : Machine-4
------------------------------------------------------------
[SEQ 213] [STATIC-BASELINE]
CMD      : G1 | effects={'dx': 0.0, 'dy': 0.0, 'dz': 0.0, 'de': 0.0, 'xy_dist': 0.0, 'params': {'G': 1.0, 'X': 0.1, 'Y': 0.1, 'E': 20.0, 'F': 600.0}}
DECISION : ALLOW
------------------------------------------------------------
[SEQ 213] [IEEE-BASELINE]
SCORE    : anomaly_score=0.000
DECISION : ALLOW
------------------------------------------------------------
[SEQ 214] [LAYER 0]
CMD      : G1 X0.1 Y0.1 E20 F600
TRUST    : acc_cmd=1.000 | acc_exec=1.000 | trust=0.001
DECISION : PAUSE
MACHINE  : Machine-4
------------------------------------------------------------
[SEQ 214] [STATIC-BASELINE]
CMD      : G1 | effects={'dx': 0.0, 'dy': 0.0, 'dz': 0.0, 'de': 0.0, 'xy_dist': 0.0, 'params': {'G': 1.0, 'X': 0.1, 'Y': 0.1, 'E': 20.0, 'F': 600.0}}
DECISION : ALLOW
------------------------------------------------------------
[SEQ 214] [IEEE-BASELINE]
SCORE    : anomaly_score=0.000
DECISION : ALLOW
------------------------------------------------------------
[SEQ 215] [LAYER 0]
CMD      : G1 X0.1 Y0.1 E20 F600
TRUST    : acc_cmd=1.000 | acc_exec=1.000 | trust=0.001
DECISION : PAUSE
MACHINE  : Machine-4
------------------------------------------------------------
[SEQ 215] [STATIC-BASELINE]
CMD      : G1 | effects={'dx': 0.0, 'dy': 0.0, 'dz': 0.0, 'de': 0.0, 'xy_dist': 0.0, 'params': {'G': 1.0, 'X': 0.1, 'Y': 0.1, 'E': 20.0, 'F': 600.0}}
DECISION : ALLOW
------------------------------------------------------------
[SEQ 215] [IEEE-BASELINE]
SCORE    : anomaly_score=0.000
DECISION : ALLOW
------------------------------------------------------------
[SEQ 216] [LAYER 0]
CMD      : G1 X0.1 Y0.1 E20 F600
TRUST    : acc_cmd=1.000 | acc_exec=1.000 | trust=0.001
DECISION : PAUSE
MACHINE  : Machine-4
------------------------------------------------------------
[SEQ 216] [STATIC-BASELINE]
CMD      : G1 | effects={'dx': 0.0, 'dy': 0.0, 'dz': 0.0, 'de': 0.0, 'xy_dist': 0.0, 'params': {'G': 1.0, 'X': 0.1, 'Y': 0.1, 'E': 20.0, 'F': 600.0}}
DECISION : ALLOW
------------------------------------------------------------
[SEQ 216] [IEEE-BASELINE]
SCORE    : anomaly_score=0.000
DECISION : ALLOW
------------------------------------------------------------
[SEQ 217] [LAYER 0]
CMD      : G1 X158.652 Y120.953 E6.20777
TRUST    : acc_cmd=0.000 | acc_exec=1.000 | trust=0.001
DECISION : PAUSE
MACHINE  : Machine-4
------------------------------------------------------------
[SEQ 217] [STATIC-BASELINE]
CMD      : G1 | effects={'dx': 158.552, 'dy': 120.85300000000001, 'dz': 0.0, 'de': -13.79223, 'xy_dist': 199.35943497361745, 'params': {'G': 1.0, 'X': 158.652, 'Y': 120.953, 'E': 6.20777}}
DECISION : ALLOW
------------------------------------------------------------
[SEQ 217] [IEEE-BASELINE]
SCORE    : anomaly_score=0.000
DECISION : ALLOW
------------------------------------------------------------
[SEQ 218] [LAYER 0]
CMD      : G1 X0.1 Y0.1 E20 F600
TRUST    : acc_cmd=1.000 | acc_exec=0.000 | trust=0.002
DECISION : PAUSE
MACHINE  : Machine-4
------------------------------------------------------------
[SEQ 218] [STATIC-BASELINE]
CMD      : G1 | effects={'dx': -158.552, 'dy': -120.85300000000001, 'dz': 0.0, 'de': 13.79223, 'xy_dist': 199.35943497361745, 'params': {'G': 1.0, 'X': 0.1, 'Y': 0.1, 'E': 20.0, 'F': 600.0}}
DECISION : ALLOW
------------------------------------------------------------
[SEQ 218] [IEEE-BASELINE]
SCORE    : anomaly_score=0.000
DECISION : ALLOW
------------------------------------------------------------
[SEQ 219] [LAYER 0]
CMD      : G1 X0.1 Y0.1 E20 F600
TRUST    : acc_cmd=1.000 | acc_exec=0.000 | trust=0.002
DECISION : PAUSE
MACHINE  : Machine-4
------------------------------------------------------------
[SEQ 219] [STATIC-BASELINE]
CMD      : G1 | effects={'dx': 0.0, 'dy': 0.0, 'dz': 0.0, 'de': 0.0, 'xy_dist': 0.0, 'params': {'G': 1.0, 'X': 0.1, 'Y': 0.1, 'E': 20.0, 'F': 600.0}}
DECISION : ALLOW
------------------------------------------------------------
[SEQ 219] [IEEE-BASELINE]
SCORE    : anomaly_score=0.000
DECISION : ALLOW
------------------------------------------------------------
[SEQ 220] [LAYER 0]
CMD      : G1 X159.299 Y117.159 E6.28144
TRUST    : acc_cmd=0.000 | acc_exec=1.000 | trust=0.007
DECISION : PAUSE
MACHINE  : Machine-4
------------------------------------------------------------
[SEQ 220] [STATIC-BASELINE]
CMD      : G1 | effects={'dx': 159.199, 'dy': 117.05900000000001, 'dz': 0.0, 'de': -13.71856, 'xy_dist': 197.60346930658886, 'params': {'G': 1.0, 'X': 159.299, 'Y': 117.159, 'E': 6.28144}}
DECISION : ALLOW
------------------------------------------------------------
[SEQ 220] [IEEE-BASELINE]
SCORE    : anomaly_score=0.000
DECISION : ALLOW
------------------------------------------------------------
[SEQ 221] [LAYER 0]
CMD      : G1 X0.1 Y0.1 E20 F600
TRUST    : acc_cmd=1.000 | acc_exec=0.000 | trust=0.006
DECISION : PAUSE
MACHINE  : Machine-4
------------------------------------------------------------
[SEQ 221] [STATIC-BASELINE]
CMD      : G1 | effects={'dx': -159.199, 'dy': -117.05900000000001, 'dz': 0.0, 'de': 13.71856, 'xy_dist': 197.60346930658886, 'params': {'G': 1.0, 'X': 0.1, 'Y': 0.1, 'E': 20.0, 'F': 600.0}}
DECISION : ALLOW
------------------------------------------------------------
[SEQ 221] [IEEE-BASELINE]
SCORE    : anomaly_score=0.000
DECISION : ALLOW
------------------------------------------------------------
[SEQ 222] [LAYER 0]
CMD      : G0 F3600 X160.147 Y116.475
TRUST    : acc_cmd=0.000 | acc_exec=0.000 | trust=0.027
DECISION : PAUSE
MACHINE  : Machine-4
------------------------------------------------------------
[SEQ 222] [STATIC-BASELINE]
CMD      : G0 | effects={'dx': 160.047, 'dy': 116.375, 'dz': 0.0, 'de': 0.0, 'xy_dist': 197.8842662618734, 'params': {'G': 0.0, 'F': 3600.0, 'X': 160.147, 'Y': 116.475}}
DECISION : ALLOW
------------------------------------------------------------
[SEQ 222] [IEEE-BASELINE]
SCORE    : anomaly_score=0.000
DECISION : ALLOW
------------------------------------------------------------
[SEQ 223] [LAYER 0]
CMD      : G1 X0.1 Y0.1 E20 F600
TRUST    : acc_cmd=1.000 | acc_exec=0.000 | trust=0.015
DECISION : PAUSE
MACHINE  : Machine-4
------------------------------------------------------------
[SEQ 223] [STATIC-BASELINE]
CMD      : G1 | effects={'dx': -160.047, 'dy': -116.375, 'dz': 0.0, 'de': 0.0, 'xy_dist': 197.8842662618734, 'params': {'G': 1.0, 'X': 0.1, 'Y': 0.1, 'E': 20.0, 'F': 600.0}}
DECISION : ALLOW
------------------------------------------------------------
[SEQ 223] [IEEE-BASELINE]
SCORE    : anomaly_score=0.000
DECISION : ALLOW
------------------------------------------------------------
[SEQ 224] [LAYER 0]
CMD      : G1 X0.1 Y0.1 E20 F600
TRUST    : acc_cmd=1.000 | acc_exec=0.000 | trust=0.008
DECISION : PAUSE
MACHINE  : Machine-4
------------------------------------------------------------
[SEQ 224] [STATIC-BASELINE]
CMD      : G1 | effects={'dx': 0.0, 'dy': 0.0, 'dz': 0.0, 'de': 0.0, 'xy_dist': 0.0, 'params': {'G': 1.0, 'X': 0.1, 'Y': 0.1, 'E': 20.0, 'F': 600.0}}
DECISION : ALLOW
------------------------------------------------------------
[SEQ 224] [IEEE-BASELINE]
SCORE    : anomaly_score=0.000
DECISION : ALLOW
------------------------------------------------------------
[SEQ 225] [LAYER 0]
CMD      : G1 X0.1 Y0.1 E20 F600
TRUST    : acc_cmd=1.000 | acc_exec=0.000 | trust=0.004
DECISION : PAUSE
MACHINE  : Machine-4
------------------------------------------------------------
[SEQ 225] [STATIC-BASELINE]
CMD      : G1 | effects={'dx': 0.0, 'dy': 0.0, 'dz': 0.0, 'de': 0.0, 'xy_dist': 0.0, 'params': {'G': 1.0, 'X': 0.1, 'Y': 0.1, 'E': 20.0, 'F': 600.0}}
DECISION : ALLOW
------------------------------------------------------------
[SEQ 225] [IEEE-BASELINE]
SCORE    : anomaly_score=0.000
DECISION : ALLOW
------------------------------------------------------------
[SEQ 226] [LAYER 0]
CMD      : G1 X0.1 Y0.1 E20 F600
TRUST    : acc_cmd=1.000 | acc_exec=1.000 | trust=0.002
DECISION : PAUSE
MACHINE  : Machine-4
------------------------------------------------------------
[SEQ 226] [STATIC-BASELINE]
CMD      : G1 | effects={'dx': 0.0, 'dy': 0.0, 'dz': 0.0, 'de': 0.0, 'xy_dist': 0.0, 'params': {'G': 1.0, 'X': 0.1, 'Y': 0.1, 'E': 20.0, 'F': 600.0}}
DECISION : ALLOW
------------------------------------------------------------
[SEQ 226] [IEEE-BASELINE]
SCORE    : anomaly_score=0.000
DECISION : ALLOW
------------------------------------------------------------
[SEQ 227] [LAYER 0]
CMD      : G1 X165.618 Y114.019 E6.41939
TRUST    : acc_cmd=0.000 | acc_exec=1.000 | trust=0.005
DECISION : PAUSE
MACHINE  : Machine-4
------------------------------------------------------------
[SEQ 227] [STATIC-BASELINE]
CMD      : G1 | effects={'dx': 165.518, 'dy': 113.91900000000001, 'dz': 0.0, 'de': -13.58061, 'xy_dist': 200.932194744894, 'params': {'G': 1.0, 'X': 165.618, 'Y': 114.019, 'E': 6.41939}}
DECISION : ALLOW
------------------------------------------------------------
[SEQ 227] [IEEE-BASELINE]
SCORE    : anomaly_score=0.000
DECISION : ALLOW
------------------------------------------------------------
[SEQ 228] [LAYER 0]
CMD      : G1 X0.1 Y0.1 E20 F600
TRUST    : acc_cmd=1.000 | acc_exec=0.000 | trust=0.005
DECISION : PAUSE
MACHINE  : Machine-4
------------------------------------------------------------
[SEQ 228] [STATIC-BASELINE]
CMD      : G1 | effects={'dx': -165.518, 'dy': -113.91900000000001, 'dz': 0.0, 'de': 13.58061, 'xy_dist': 200.932194744894, 'params': {'G': 1.0, 'X': 0.1, 'Y': 0.1, 'E': 20.0, 'F': 600.0}}
DECISION : ALLOW
------------------------------------------------------------
[SEQ 228] [IEEE-BASELINE]
SCORE    : anomaly_score=0.000
DECISION : ALLOW
------------------------------------------------------------
[SEQ 229] [LAYER 0]
CMD      : G1 X168.784 Y115.259 E6.48391
TRUST    : acc_cmd=0.000 | acc_exec=1.000 | trust=0.007
DECISION : PAUSE
MACHINE  : Machine-4
------------------------------------------------------------
[SEQ 229] [STATIC-BASELINE]
CMD      : G1 | effects={'dx': 168.684, 'dy': 115.159, 'dz': 0.0, 'de': -13.51609, 'xy_dist': 204.24467468455572, 'params': {'G': 1.0, 'X': 168.784, 'Y': 115.259, 'E': 6.48391}}
DECISION : ALLOW
------------------------------------------------------------
[SEQ 229] [IEEE-BASELINE]
SCORE    : anomaly_score=0.000
DECISION : ALLOW
------------------------------------------------------------
[SEQ 230] [LAYER 0]
CMD      : G1 X0.1 Y0.1 E20 F600
TRUST    : acc_cmd=1.000 | acc_exec=0.000 | trust=0.007
DECISION : PAUSE
MACHINE  : Machine-4
------------------------------------------------------------
[SEQ 230] [STATIC-BASELINE]
CMD      : G1 | effects={'dx': -168.684, 'dy': -115.159, 'dz': 0.0, 'de': 13.51609, 'xy_dist': 204.24467468455572, 'params': {'G': 1.0, 'X': 0.1, 'Y': 0.1, 'E': 20.0, 'F': 600.0}}
DECISION : ALLOW
------------------------------------------------------------
[SEQ 230] [IEEE-BASELINE]
SCORE    : anomaly_score=0.000
DECISION : ALLOW
------------------------------------------------------------
[SEQ 231] [LAYER 0]
CMD      : G1 X170.28 Y117.046 E6.5278
TRUST    : acc_cmd=0.000 | acc_exec=1.000 | trust=0.008
DECISION : PAUSE
MACHINE  : Machine-4
------------------------------------------------------------
[SEQ 231] [STATIC-BASELINE]
CMD      : G1 | effects={'dx': 170.18, 'dy': 116.94600000000001, 'dz': 0.0, 'de': -13.4722, 'xy_dist': 206.48873895687387, 'params': {'G': 1.0, 'X': 170.28, 'Y': 117.046, 'E': 6.5278}}
DECISION : ALLOW
------------------------------------------------------------
[SEQ 231] [IEEE-BASELINE]
SCORE    : anomaly_score=0.000
DECISION : ALLOW
------------------------------------------------------------
[SEQ 232] [LAYER 0]
CMD      : G1 X0.1 Y0.1 E20 F600
TRUST    : acc_cmd=1.000 | acc_exec=0.000 | trust=0.008
DECISION : PAUSE
MACHINE  : Machine-4
------------------------------------------------------------
[SEQ 232] [STATIC-BASELINE]
CMD      : G1 | effects={'dx': -170.18, 'dy': -116.94600000000001, 'dz': 0.0, 'de': 13.4722, 'xy_dist': 206.48873895687387, 'params': {'G': 1.0, 'X': 0.1, 'Y': 0.1, 'E': 20.0, 'F': 600.0}}
DECISION : ALLOW
------------------------------------------------------------
[SEQ 232] [IEEE-BASELINE]
SCORE    : anomaly_score=0.000
DECISION : ALLOW
------------------------------------------------------------
[SEQ 233] [LAYER 0]
CMD      : G1 X0.1 Y0.1 E20 F600
TRUST    : acc_cmd=1.000 | acc_exec=0.000 | trust=0.005
DECISION : PAUSE
MACHINE  : Machine-4
------------------------------------------------------------
[SEQ 233] [STATIC-BASELINE]
CMD      : G1 | effects={'dx': 0.0, 'dy': 0.0, 'dz': 0.0, 'de': 0.0, 'xy_dist': 0.0, 'params': {'G': 1.0, 'X': 0.1, 'Y': 0.1, 'E': 20.0, 'F': 600.0}}
DECISION : ALLOW
------------------------------------------------------------
[SEQ 233] [IEEE-BASELINE]
SCORE    : anomaly_score=0.000
DECISION : ALLOW
------------------------------------------------------------
[SEQ 234] [LAYER 0]
CMD      : G1 X0.1 Y0.1 E20 F600
TRUST    : acc_cmd=1.000 | acc_exec=0.000 | trust=0.003
DECISION : PAUSE
MACHINE  : Machine-4
------------------------------------------------------------
[SEQ 234] [STATIC-BASELINE]
CMD      : G1 | effects={'dx': 0.0, 'dy': 0.0, 'dz': 0.0, 'de': 0.0, 'xy_dist': 0.0, 'params': {'G': 1.0, 'X': 0.1, 'Y': 0.1, 'E': 20.0, 'F': 600.0}}
DECISION : ALLOW
------------------------------------------------------------
[SEQ 234] [IEEE-BASELINE]
SCORE    : anomaly_score=0.000
DECISION : ALLOW
------------------------------------------------------------
[SEQ 235] [LAYER 0]
CMD      : G1 X0.1 Y0.1 E20 F600
TRUST    : acc_cmd=1.000 | acc_exec=1.000 | trust=0.002
DECISION : PAUSE
MACHINE  : Machine-4
------------------------------------------------------------
[SEQ 235] [STATIC-BASELINE]
CMD      : G1 | effects={'dx': 0.0, 'dy': 0.0, 'dz': 0.0, 'de': 0.0, 'xy_dist': 0.0, 'params': {'G': 1.0, 'X': 0.1, 'Y': 0.1, 'E': 20.0, 'F': 600.0}}
DECISION : ALLOW
------------------------------------------------------------
[SEQ 235] [IEEE-BASELINE]
SCORE    : anomaly_score=0.000
DECISION : ALLOW
------------------------------------------------------------
[SEQ 236] [LAYER 0]
CMD      : G1 X168.369 Y124.96 E6.69557
TRUST    : acc_cmd=0.000 | acc_exec=1.000 | trust=0.004
DECISION : PAUSE
MACHINE  : Machine-4
------------------------------------------------------------
[SEQ 236] [STATIC-BASELINE]
CMD      : G1 | effects={'dx': 168.269, 'dy': 124.86, 'dz': 0.0, 'de': -13.30443, 'xy_dist': 209.53394942347649, 'params': {'G': 1.0, 'X': 168.369, 'Y': 124.96, 'E': 6.69557}}
DECISION : ALLOW
------------------------------------------------------------
[SEQ 236] [IEEE-BASELINE]
SCORE    : anomaly_score=0.000
DECISION : ALLOW
------------------------------------------------------------
[SEQ 237] [LAYER 0]
CMD      : G1 X167.341 Y125.533 E6.71771
TRUST    : acc_cmd=0.000 | acc_exec=0.000 | trust=0.029
DECISION : PAUSE
MACHINE  : Machine-4
------------------------------------------------------------
[SEQ 237] [STATIC-BASELINE]
CMD      : G1 | effects={'dx': -1.0279999999999916, 'dy': 0.5730000000000075, 'dz': 0.0, 'de': 0.02214000000000027, 'xy_dist': 1.17690823771439, 'params': {'G': 1.0, 'X': 167.341, 'Y': 125.533, 'E': 6.71771}}
DECISION : ALLOW
------------------------------------------------------------
[SEQ 237] [IEEE-BASELINE]
SCORE    : anomaly_score=0.000
DECISION : ALLOW
------------------------------------------------------------
[SEQ 238] [LAYER 0]
CMD      : G1 X0.1 Y0.1 E20 F600
TRUST    : acc_cmd=1.000 | acc_exec=0.000 | trust=0.018
DECISION : PAUSE
MACHINE  : Machine-4
------------------------------------------------------------
[SEQ 238] [STATIC-BASELINE]
CMD      : G1 | effects={'dx': -167.241, 'dy': -125.433, 'dz': 0.0, 'de': 13.28229, 'xy_dist': 209.05260000774925, 'params': {'G': 1.0, 'X': 0.1, 'Y': 0.1, 'E': 20.0, 'F': 600.0}}
DECISION : ALLOW
------------------------------------------------------------
[SEQ 238] [IEEE-BASELINE]
SCORE    : anomaly_score=0.000
DECISION : ALLOW
------------------------------------------------------------
[SEQ 239] [LAYER 0]
CMD      : G1 X0.1 Y0.1 E20 F600
TRUST    : acc_cmd=1.000 | acc_exec=0.000 | trust=0.009
DECISION : PAUSE
MACHINE  : Machine-4
------------------------------------------------------------
[SEQ 239] [STATIC-BASELINE]
CMD      : G1 | effects={'dx': 0.0, 'dy': 0.0, 'dz': 0.0, 'de': 0.0, 'xy_dist': 0.0, 'params': {'G': 1.0, 'X': 0.1, 'Y': 0.1, 'E': 20.0, 'F': 600.0}}
DECISION : ALLOW
------------------------------------------------------------
[SEQ 239] [IEEE-BASELINE]
SCORE    : anomaly_score=0.000
DECISION : ALLOW
------------------------------------------------------------
[SEQ 240] [LAYER 0]
CMD      : G1 X0.1 Y0.1 E20 F600
TRUST    : acc_cmd=1.000 | acc_exec=0.000 | trust=0.005
DECISION : PAUSE
MACHINE  : Machine-4
------------------------------------------------------------
[SEQ 240] [STATIC-BASELINE]
CMD      : G1 | effects={'dx': 0.0, 'dy': 0.0, 'dz': 0.0, 'de': 0.0, 'xy_dist': 0.0, 'params': {'G': 1.0, 'X': 0.1, 'Y': 0.1, 'E': 20.0, 'F': 600.0}}
DECISION : ALLOW
------------------------------------------------------------
[SEQ 240] [IEEE-BASELINE]
SCORE    : anomaly_score=0.000
DECISION : ALLOW
------------------------------------------------------------
[SEQ 241] [LAYER 0]
CMD      : G1 X160.902 Y124.46 E6.84691
TRUST    : acc_cmd=0.000 | acc_exec=1.000 | trust=0.015
DECISION : PAUSE
MACHINE  : Machine-4
------------------------------------------------------------
[SEQ 241] [STATIC-BASELINE]
CMD      : G1 | effects={'dx': 160.802, 'dy': 124.36, 'dz': 0.0, 'de': -13.153089999999999, 'xy_dist': 203.2798386559769, 'params': {'G': 1.0, 'X': 160.902, 'Y': 124.46, 'E': 6.84691}}
DECISION : ALLOW
------------------------------------------------------------
[SEQ 241] [IEEE-BASELINE]
SCORE    : anomaly_score=0.000
DECISION : ALLOW
------------------------------------------------------------
[SEQ 242] [LAYER 0]
CMD      : G1 X0.1 Y0.1 E20 F600
TRUST    : acc_cmd=1.000 | acc_exec=0.000 | trust=0.009
DECISION : PAUSE
MACHINE  : Machine-4
------------------------------------------------------------
[SEQ 242] [STATIC-BASELINE]
CMD      : G1 | effects={'dx': -160.802, 'dy': -124.36, 'dz': 0.0, 'de': 13.153089999999999, 'xy_dist': 203.2798386559769, 'params': {'G': 1.0, 'X': 0.1, 'Y': 0.1, 'E': 20.0, 'F': 600.0}}
DECISION : ALLOW
------------------------------------------------------------
[SEQ 242] [IEEE-BASELINE]
SCORE    : anomaly_score=0.000
DECISION : ALLOW
------------------------------------------------------------
[SEQ 243] [LAYER 0]
CMD      : G1 X0.1 Y0.1 E20 F600
TRUST    : acc_cmd=1.000 | acc_exec=0.000 | trust=0.005
DECISION : PAUSE
MACHINE  : Machine-4
------------------------------------------------------------
[SEQ 243] [STATIC-BASELINE]
CMD      : G1 | effects={'dx': 0.0, 'dy': 0.0, 'dz': 0.0, 'de': 0.0, 'xy_dist': 0.0, 'params': {'G': 1.0, 'X': 0.1, 'Y': 0.1, 'E': 20.0, 'F': 600.0}}
DECISION : ALLOW
------------------------------------------------------------
[SEQ 243] [IEEE-BASELINE]
SCORE    : anomaly_score=0.000
DECISION : ALLOW
------------------------------------------------------------
[SEQ 244] [LAYER 0]
CMD      : G1 X159.022 Y119.006 E6.95932
TRUST    : acc_cmd=0.000 | acc_exec=1.000 | trust=0.016
DECISION : PAUSE
MACHINE  : Machine-4
------------------------------------------------------------
[SEQ 244] [STATIC-BASELINE]
CMD      : G1 | effects={'dx': 158.922, 'dy': 118.906, 'dz': 0.0, 'de': -13.04068, 'xy_dist': 198.48133141431717, 'params': {'G': 1.0, 'X': 159.022, 'Y': 119.006, 'E': 6.95932}}
DECISION : ALLOW
------------------------------------------------------------
[SEQ 244] [IEEE-BASELINE]
SCORE    : anomaly_score=0.000
DECISION : ALLOW
------------------------------------------------------------
[SEQ 245] [LAYER 0]
CMD      : G1 X0.1 Y0.1 E20 F600
TRUST    : acc_cmd=1.000 | acc_exec=0.000 | trust=0.010
DECISION : PAUSE
MACHINE  : Machine-4
------------------------------------------------------------
[SEQ 245] [STATIC-BASELINE]
CMD      : G1 | effects={'dx': -158.922, 'dy': -118.906, 'dz': 0.0, 'de': 13.04068, 'xy_dist': 198.48133141431717, 'params': {'G': 1.0, 'X': 0.1, 'Y': 0.1, 'E': 20.0, 'F': 600.0}}
DECISION : ALLOW
------------------------------------------------------------
[SEQ 245] [IEEE-BASELINE]
SCORE    : anomaly_score=0.000
DECISION : ALLOW
------------------------------------------------------------
[SEQ 246] [LAYER 0]
CMD      : G1 X0.1 Y0.1 E20 F600
TRUST    : acc_cmd=1.000 | acc_exec=0.000 | trust=0.005
DECISION : PAUSE
MACHINE  : Machine-4
------------------------------------------------------------
[SEQ 246] [STATIC-BASELINE]
CMD      : G1 | effects={'dx': 0.0, 'dy': 0.0, 'dz': 0.0, 'de': 0.0, 'xy_dist': 0.0, 'params': {'G': 1.0, 'X': 0.1, 'Y': 0.1, 'E': 20.0, 'F': 600.0}}
DECISION : ALLOW
------------------------------------------------------------
[SEQ 246] [IEEE-BASELINE]
SCORE    : anomaly_score=0.000
DECISION : ALLOW
------------------------------------------------------------
[SEQ 247] [LAYER 0]
CMD      : G1 X0.1 Y0.1 E20 F600
TRUST    : acc_cmd=1.000 | acc_exec=0.000 | trust=0.003
DECISION : PAUSE
MACHINE  : Machine-4
------------------------------------------------------------
[SEQ 247] [STATIC-BASELINE]
CMD      : G1 | effects={'dx': 0.0, 'dy': 0.0, 'dz': 0.0, 'de': 0.0, 'xy_dist': 0.0, 'params': {'G': 1.0, 'X': 0.1, 'Y': 0.1, 'E': 20.0, 'F': 600.0}}
DECISION : ALLOW
------------------------------------------------------------
[SEQ 247] [IEEE-BASELINE]
SCORE    : anomaly_score=0.000
DECISION : ALLOW
------------------------------------------------------------
[SEQ 248] [LAYER 0]
CMD      : G1 F1800 X161.609 Y115.493 E7.04295
TRUST    : acc_cmd=0.000 | acc_exec=0.993 | trust=0.012
DECISION : PAUSE
MACHINE  : Machine-4
------------------------------------------------------------
[SEQ 248] [STATIC-BASELINE]
CMD      : G1 | effects={'dx': 161.50900000000001, 'dy': 115.393, 'dz': 0.0, 'de': -12.957049999999999, 'xy_dist': 198.49609953346692, 'params': {'G': 1.0, 'F': 1800.0, 'X': 161.609, 'Y': 115.493, 'E': 7.04295}}
DECISION : ALLOW
------------------------------------------------------------
[SEQ 248] [IEEE-BASELINE]
SCORE    : anomaly_score=0.000
DECISION : ALLOW
------------------------------------------------------------
[SEQ 249] [LAYER 0]
CMD      : G1 X0.1 Y0.1 E20 F600
TRUST    : acc_cmd=1.000 | acc_exec=0.000 | trust=0.008
DECISION : PAUSE
MACHINE  : Machine-4
------------------------------------------------------------
[SEQ 249] [STATIC-BASELINE]
CMD      : G1 | effects={'dx': -161.50900000000001, 'dy': -115.393, 'dz': 0.0, 'de': 12.957049999999999, 'xy_dist': 198.49609953346692, 'params': {'G': 1.0, 'X': 0.1, 'Y': 0.1, 'E': 20.0, 'F': 600.0}}
DECISION : ALLOW
------------------------------------------------------------
[SEQ 249] [IEEE-BASELINE]
SCORE    : anomaly_score=0.000
DECISION : ALLOW
------------------------------------------------------------
[SEQ 250] [LAYER 0]
CMD      : G1 X0.1 Y0.1 E20 F600
TRUST    : acc_cmd=1.000 | acc_exec=0.000 | trust=0.004
DECISION : PAUSE
MACHINE  : Machine-4
------------------------------------------------------------
[SEQ 250] [STATIC-BASELINE]
CMD      : G1 | effects={'dx': 0.0, 'dy': 0.0, 'dz': 0.0, 'de': 0.0, 'xy_dist': 0.0, 'params': {'G': 1.0, 'X': 0.1, 'Y': 0.1, 'E': 20.0, 'F': 600.0}}
DECISION : ALLOW
------------------------------------------------------------
[SEQ 250] [IEEE-BASELINE]
SCORE    : anomaly_score=0.000
DECISION : ALLOW
------------------------------------------------------------
[SEQ 251] [LAYER 0]
CMD      : G1 X164.116 Y114.453 E7.09422
TRUST    : acc_cmd=0.000 | acc_exec=0.986 | trust=0.016
DECISION : PAUSE
MACHINE  : Machine-4
------------------------------------------------------------
[SEQ 251] [STATIC-BASELINE]
CMD      : G1 | effects={'dx': 164.01600000000002, 'dy': 114.35300000000001, 'dz': 0.0, 'de': -12.90578, 'xy_dist': 199.94463449915332, 'params': {'G': 1.0, 'X': 164.116, 'Y': 114.453, 'E': 7.09422}}
DECISION : ALLOW
------------------------------------------------------------
[SEQ 251] [IEEE-BASELINE]
SCORE    : anomaly_score=0.000
DECISION : ALLOW
------------------------------------------------------------
[SEQ 252] [LAYER 0]
CMD      : G1 X0.1 Y0.1 E20 F600
TRUST    : acc_cmd=1.000 | acc_exec=0.000 | trust=0.009
DECISION : PAUSE
MACHINE  : Machine-4
------------------------------------------------------------
[SEQ 252] [STATIC-BASELINE]
CMD      : G1 | effects={'dx': -164.01600000000002, 'dy': -114.35300000000001, 'dz': 0.0, 'de': 12.90578, 'xy_dist': 199.94463449915332, 'params': {'G': 1.0, 'X': 0.1, 'Y': 0.1, 'E': 20.0, 'F': 600.0}}
DECISION : ALLOW
------------------------------------------------------------
[SEQ 252] [IEEE-BASELINE]
SCORE    : anomaly_score=0.000
DECISION : ALLOW
------------------------------------------------------------
[SEQ 253] [LAYER 0]
CMD      : G1 X167.01 Y114.756 E7.1494
TRUST    : acc_cmd=0.000 | acc_exec=0.977 | trust=0.012
DECISION : PAUSE
MACHINE  : Machine-4
------------------------------------------------------------
[SEQ 253] [STATIC-BASELINE]
CMD      : G1 | effects={'dx': 166.91, 'dy': 114.656, 'dz': 0.0, 'de': -12.8506, 'xy_dist': 202.49678129787642, 'params': {'G': 1.0, 'X': 167.01, 'Y': 114.756, 'E': 7.1494}}
DECISION : ALLOW
------------------------------------------------------------
[SEQ 253] [IEEE-BASELINE]
SCORE    : anomaly_score=0.000
DECISION : ALLOW
------------------------------------------------------------
[SEQ 254] [LAYER 0]
CMD      : G1 X0.1 Y0.1 E20 F600
TRUST    : acc_cmd=1.000 | acc_exec=0.000 | trust=0.009
DECISION : PAUSE
MACHINE  : Machine-4
------------------------------------------------------------
[SEQ 254] [STATIC-BASELINE]
CMD      : G1 | effects={'dx': -166.91, 'dy': -114.656, 'dz': 0.0, 'de': 12.8506, 'xy_dist': 202.49678129787642, 'params': {'G': 1.0, 'X': 0.1, 'Y': 0.1, 'E': 20.0, 'F': 600.0}}
DECISION : ALLOW
------------------------------------------------------------
[SEQ 254] [IEEE-BASELINE]
SCORE    : anomaly_score=0.000
DECISION : ALLOW
------------------------------------------------------------
[SEQ 255] [LAYER 0]
CMD      : G1 X0.1 Y0.1 E20 F600
TRUST    : acc_cmd=1.000 | acc_exec=0.000 | trust=0.005
DECISION : PAUSE
MACHINE  : Machine-4
------------------------------------------------------------
[SEQ 255] [STATIC-BASELINE]
CMD      : G1 | effects={'dx': 0.0, 'dy': 0.0, 'dz': 0.0, 'de': 0.0, 'xy_dist': 0.0, 'params': {'G': 1.0, 'X': 0.1, 'Y': 0.1, 'E': 20.0, 'F': 600.0}}
DECISION : ALLOW
------------------------------------------------------------
[SEQ 255] [IEEE-BASELINE]
SCORE    : anomaly_score=0.000
DECISION : ALLOW
------------------------------------------------------------
[SEQ 256] [LAYER 0]
CMD      : G1 X0.1 Y0.1 E20 F600
TRUST    : acc_cmd=1.000 | acc_exec=0.000 | trust=0.003
DECISION : PAUSE
MACHINE  : Machine-4
------------------------------------------------------------
[SEQ 256] [STATIC-BASELINE]
CMD      : G1 | effects={'dx': 0.0, 'dy': 0.0, 'dz': 0.0, 'de': 0.0, 'xy_dist': 0.0, 'params': {'G': 1.0, 'X': 0.1, 'Y': 0.1, 'E': 20.0, 'F': 600.0}}
DECISION : ALLOW
------------------------------------------------------------
[SEQ 256] [IEEE-BASELINE]
SCORE    : anomaly_score=0.000
DECISION : ALLOW
------------------------------------------------------------
[SEQ 257] [LAYER 0]
CMD      : G1 X0.1 Y0.1 E20 F600
TRUST    : acc_cmd=1.000 | acc_exec=1.000 | trust=0.002
DECISION : PAUSE
MACHINE  : Machine-4
------------------------------------------------------------
[SEQ 257] [STATIC-BASELINE]
CMD      : G1 | effects={'dx': 0.0, 'dy': 0.0, 'dz': 0.0, 'de': 0.0, 'xy_dist': 0.0, 'params': {'G': 1.0, 'X': 0.1, 'Y': 0.1, 'E': 20.0, 'F': 600.0}}
DECISION : ALLOW
------------------------------------------------------------
[SEQ 257] [IEEE-BASELINE]
SCORE    : anomaly_score=0.000
DECISION : ALLOW
------------------------------------------------------------
[SEQ 258] [LAYER 0]
CMD      : G1 X0.1 Y0.1 E20 F600
TRUST    : acc_cmd=1.000 | acc_exec=1.000 | trust=0.001
DECISION : PAUSE
MACHINE  : Machine-4
------------------------------------------------------------
[SEQ 258] [STATIC-BASELINE]
CMD      : G1 | effects={'dx': 0.0, 'dy': 0.0, 'dz': 0.0, 'de': 0.0, 'xy_dist': 0.0, 'params': {'G': 1.0, 'X': 0.1, 'Y': 0.1, 'E': 20.0, 'F': 600.0}}
DECISION : ALLOW
------------------------------------------------------------
[SEQ 258] [IEEE-BASELINE]
SCORE    : anomaly_score=0.000
DECISION : ALLOW
------------------------------------------------------------
[SEQ 259] [LAYER 0]
CMD      : G1 X0.1 Y0.1 E20 F600
TRUST    : acc_cmd=1.000 | acc_exec=1.000 | trust=0.001
DECISION : PAUSE
MACHINE  : Machine-4
------------------------------------------------------------
[SEQ 259] [STATIC-BASELINE]
CMD      : G1 | effects={'dx': 0.0, 'dy': 0.0, 'dz': 0.0, 'de': 0.0, 'xy_dist': 0.0, 'params': {'G': 1.0, 'X': 0.1, 'Y': 0.1, 'E': 20.0, 'F': 600.0}}
DECISION : ALLOW
------------------------------------------------------------
[SEQ 259] [IEEE-BASELINE]
SCORE    : anomaly_score=0.000
DECISION : ALLOW
------------------------------------------------------------
[SEQ 260] [LAYER 0]
CMD      : G1 X0.1 Y0.1 E20 F600
TRUST    : acc_cmd=1.000 | acc_exec=1.000 | trust=0.001
DECISION : PAUSE
MACHINE  : Machine-4
------------------------------------------------------------
[SEQ 260] [STATIC-BASELINE]
CMD      : G1 | effects={'dx': 0.0, 'dy': 0.0, 'dz': 0.0, 'de': 0.0, 'xy_dist': 0.0, 'params': {'G': 1.0, 'X': 0.1, 'Y': 0.1, 'E': 20.0, 'F': 600.0}}
DECISION : ALLOW
------------------------------------------------------------
[SEQ 260] [IEEE-BASELINE]
SCORE    : anomaly_score=0.000
DECISION : ALLOW
------------------------------------------------------------
[SEQ 261] [LAYER 0]
CMD      : G1 X0.1 Y0.1 E20 F600
TRUST    : acc_cmd=1.000 | acc_exec=1.000 | trust=0.001
DECISION : PAUSE
MACHINE  : Machine-4
------------------------------------------------------------
[SEQ 261] [STATIC-BASELINE]
CMD      : G1 | effects={'dx': 0.0, 'dy': 0.0, 'dz': 0.0, 'de': 0.0, 'xy_dist': 0.0, 'params': {'G': 1.0, 'X': 0.1, 'Y': 0.1, 'E': 20.0, 'F': 600.0}}
DECISION : ALLOW
------------------------------------------------------------
[SEQ 261] [IEEE-BASELINE]
SCORE    : anomaly_score=0.000
DECISION : ALLOW
------------------------------------------------------------
[SEQ 262] [LAYER 0]
CMD      : G1 X0.1 Y0.1 E20 F600
TRUST    : acc_cmd=1.000 | acc_exec=1.000 | trust=0.001
DECISION : PAUSE
MACHINE  : Machine-4
------------------------------------------------------------
[SEQ 262] [STATIC-BASELINE]
CMD      : G1 | effects={'dx': 0.0, 'dy': 0.0, 'dz': 0.0, 'de': 0.0, 'xy_dist': 0.0, 'params': {'G': 1.0, 'X': 0.1, 'Y': 0.1, 'E': 20.0, 'F': 600.0}}
DECISION : ALLOW
------------------------------------------------------------
[SEQ 262] [IEEE-BASELINE]
SCORE    : anomaly_score=0.000
DECISION : ALLOW
------------------------------------------------------------
[SEQ 263] [LAYER 0]
CMD      : G1 X0.1 Y0.1 E20 F600
TRUST    : acc_cmd=1.000 | acc_exec=1.000 | trust=0.001
DECISION : PAUSE
MACHINE  : Machine-4
------------------------------------------------------------
[SEQ 263] [STATIC-BASELINE]
CMD      : G1 | effects={'dx': 0.0, 'dy': 0.0, 'dz': 0.0, 'de': 0.0, 'xy_dist': 0.0, 'params': {'G': 1.0, 'X': 0.1, 'Y': 0.1, 'E': 20.0, 'F': 600.0}}
DECISION : ALLOW
------------------------------------------------------------
[SEQ 263] [IEEE-BASELINE]
SCORE    : anomaly_score=0.000
DECISION : ALLOW
------------------------------------------------------------
[SEQ 264] [LAYER 0]
CMD      : G1 X0.1 Y0.1 E20 F600
TRUST    : acc_cmd=1.000 | acc_exec=1.000 | trust=0.001
DECISION : PAUSE
MACHINE  : Machine-4
------------------------------------------------------------
[SEQ 264] [STATIC-BASELINE]
CMD      : G1 | effects={'dx': 0.0, 'dy': 0.0, 'dz': 0.0, 'de': 0.0, 'xy_dist': 0.0, 'params': {'G': 1.0, 'X': 0.1, 'Y': 0.1, 'E': 20.0, 'F': 600.0}}
DECISION : ALLOW
------------------------------------------------------------
[SEQ 264] [IEEE-BASELINE]
SCORE    : anomaly_score=0.000
DECISION : ALLOW
------------------------------------------------------------
[SEQ 265] [LAYER 0]
CMD      : G1 X0.1 Y0.1 E20 F600
TRUST    : acc_cmd=1.000 | acc_exec=1.000 | trust=0.001
DECISION : PAUSE
MACHINE  : Machine-4
------------------------------------------------------------
[SEQ 265] [STATIC-BASELINE]
CMD      : G1 | effects={'dx': 0.0, 'dy': 0.0, 'dz': 0.0, 'de': 0.0, 'xy_dist': 0.0, 'params': {'G': 1.0, 'X': 0.1, 'Y': 0.1, 'E': 20.0, 'F': 600.0}}
DECISION : ALLOW
------------------------------------------------------------
[SEQ 265] [IEEE-BASELINE]
SCORE    : anomaly_score=0.000
DECISION : ALLOW
------------------------------------------------------------
[SEQ 266] [LAYER 0]
CMD      : G1 X0.1 Y0.1 E20 F600
TRUST    : acc_cmd=1.000 | acc_exec=1.000 | trust=0.001
DECISION : PAUSE
MACHINE  : Machine-4
------------------------------------------------------------
[SEQ 266] [STATIC-BASELINE]
CMD      : G1 | effects={'dx': 0.0, 'dy': 0.0, 'dz': 0.0, 'de': 0.0, 'xy_dist': 0.0, 'params': {'G': 1.0, 'X': 0.1, 'Y': 0.1, 'E': 20.0, 'F': 600.0}}
DECISION : ALLOW
------------------------------------------------------------
[SEQ 266] [IEEE-BASELINE]
SCORE    : anomaly_score=0.000
DECISION : ALLOW
------------------------------------------------------------
[SEQ 267] [LAYER 0]
CMD      : G1 X0.1 Y0.1 E20 F600
TRUST    : acc_cmd=1.000 | acc_exec=1.000 | trust=0.001
DECISION : PAUSE
MACHINE  : Machine-4
------------------------------------------------------------
[SEQ 267] [STATIC-BASELINE]
CMD      : G1 | effects={'dx': 0.0, 'dy': 0.0, 'dz': 0.0, 'de': 0.0, 'xy_dist': 0.0, 'params': {'G': 1.0, 'X': 0.1, 'Y': 0.1, 'E': 20.0, 'F': 600.0}}
DECISION : ALLOW
------------------------------------------------------------
[SEQ 267] [IEEE-BASELINE]
SCORE    : anomaly_score=0.000
DECISION : ALLOW
------------------------------------------------------------
[SEQ 268] [LAYER 0]
CMD      : G1 X0.1 Y0.1 E20 F600
TRUST    : acc_cmd=1.000 | acc_exec=1.000 | trust=0.001
DECISION : PAUSE
MACHINE  : Machine-4
------------------------------------------------------------
[SEQ 268] [STATIC-BASELINE]
CMD      : G1 | effects={'dx': 0.0, 'dy': 0.0, 'dz': 0.0, 'de': 0.0, 'xy_dist': 0.0, 'params': {'G': 1.0, 'X': 0.1, 'Y': 0.1, 'E': 20.0, 'F': 600.0}}
DECISION : ALLOW
------------------------------------------------------------
[SEQ 268] [IEEE-BASELINE]
SCORE    : anomaly_score=0.000
DECISION : ALLOW
------------------------------------------------------------
[SEQ 269] [LAYER 0]
CMD      : G1 X0.1 Y0.1 E20 F600
TRUST    : acc_cmd=1.000 | acc_exec=1.000 | trust=0.001
DECISION : PAUSE
MACHINE  : Machine-4
------------------------------------------------------------
[SEQ 269] [STATIC-BASELINE]
CMD      : G1 | effects={'dx': 0.0, 'dy': 0.0, 'dz': 0.0, 'de': 0.0, 'xy_dist': 0.0, 'params': {'G': 1.0, 'X': 0.1, 'Y': 0.1, 'E': 20.0, 'F': 600.0}}
DECISION : ALLOW
------------------------------------------------------------
[SEQ 269] [IEEE-BASELINE]
SCORE    : anomaly_score=0.000
DECISION : ALLOW
------------------------------------------------------------
[SEQ 270] [LAYER 0]
CMD      : G1 X160.472 Y116.714 E7.67417
TRUST    : acc_cmd=0.000 | acc_exec=0.896 | trust=0.001
DECISION : PAUSE
MACHINE  : Machine-4
------------------------------------------------------------
[SEQ 270] [STATIC-BASELINE]
CMD      : G1 | effects={'dx': 160.372, 'dy': 116.614, 'dz': 0.0, 'de': -12.32583, 'xy_dist': 198.28767833630008, 'params': {'G': 1.0, 'X': 160.472, 'Y': 116.714, 'E': 7.67417}}
DECISION : ALLOW
------------------------------------------------------------
[SEQ 270] [IEEE-BASELINE]
SCORE    : anomaly_score=0.000
DECISION : ALLOW
------------------------------------------------------------
[SEQ 271] [LAYER 0]
CMD      : G1 X0.1 Y0.1 E20 F600
TRUST    : acc_cmd=1.000 | acc_exec=0.000 | trust=0.002
DECISION : PAUSE
MACHINE  : Machine-4
------------------------------------------------------------
[SEQ 271] [STATIC-BASELINE]
CMD      : G1 | effects={'dx': -160.372, 'dy': -116.614, 'dz': 0.0, 'de': 12.32583, 'xy_dist': 198.28767833630008, 'params': {'G': 1.0, 'X': 0.1, 'Y': 0.1, 'E': 20.0, 'F': 600.0}}
DECISION : ALLOW
------------------------------------------------------------
[SEQ 271] [IEEE-BASELINE]
SCORE    : anomaly_score=0.000
DECISION : ALLOW
------------------------------------------------------------
[SEQ 272] [LAYER 0]
CMD      : G1 X0.1 Y0.1 E20 F600
TRUST    : acc_cmd=1.000 | acc_exec=0.000 | trust=0.002
DECISION : PAUSE
MACHINE  : Machine-4
------------------------------------------------------------
[SEQ 272] [STATIC-BASELINE]
CMD      : G1 | effects={'dx': 0.0, 'dy': 0.0, 'dz': 0.0, 'de': 0.0, 'xy_dist': 0.0, 'params': {'G': 1.0, 'X': 0.1, 'Y': 0.1, 'E': 20.0, 'F': 600.0}}
DECISION : ALLOW
------------------------------------------------------------
[SEQ 272] [IEEE-BASELINE]
SCORE    : anomaly_score=0.000
DECISION : ALLOW
------------------------------------------------------------
[SEQ 273] [LAYER 0]
CMD      : G1 X0.1 Y0.1 E20 F600
TRUST    : acc_cmd=1.000 | acc_exec=0.000 | trust=0.001
DECISION : PAUSE
MACHINE  : Machine-4
------------------------------------------------------------
[SEQ 273] [STATIC-BASELINE]
CMD      : G1 | effects={'dx': 0.0, 'dy': 0.0, 'dz': 0.0, 'de': 0.0, 'xy_dist': 0.0, 'params': {'G': 1.0, 'X': 0.1, 'Y': 0.1, 'E': 20.0, 'F': 600.0}}
DECISION : ALLOW
------------------------------------------------------------
[SEQ 273] [IEEE-BASELINE]
SCORE    : anomaly_score=0.000
DECISION : ALLOW
------------------------------------------------------------
[SEQ 274] [LAYER 0]
CMD      : G1 X0.1 Y0.1 E20 F600
TRUST    : acc_cmd=1.000 | acc_exec=1.000 | trust=0.001
DECISION : PAUSE
MACHINE  : Machine-4
------------------------------------------------------------
[SEQ 274] [STATIC-BASELINE]
CMD      : G1 | effects={'dx': 0.0, 'dy': 0.0, 'dz': 0.0, 'de': 0.0, 'xy_dist': 0.0, 'params': {'G': 1.0, 'X': 0.1, 'Y': 0.1, 'E': 20.0, 'F': 600.0}}
DECISION : ALLOW
------------------------------------------------------------
[SEQ 274] [IEEE-BASELINE]
SCORE    : anomaly_score=0.000
DECISION : ALLOW
------------------------------------------------------------
[SEQ 275] [LAYER 0]
CMD      : G1 X0.1 Y0.1 E20 F600
TRUST    : acc_cmd=1.000 | acc_exec=1.000 | trust=0.001
DECISION : PAUSE
MACHINE  : Machine-4
------------------------------------------------------------
[SEQ 275] [STATIC-BASELINE]
CMD      : G1 | effects={'dx': 0.0, 'dy': 0.0, 'dz': 0.0, 'de': 0.0, 'xy_dist': 0.0, 'params': {'G': 1.0, 'X': 0.1, 'Y': 0.1, 'E': 20.0, 'F': 600.0}}
DECISION : ALLOW
------------------------------------------------------------
[SEQ 275] [IEEE-BASELINE]
SCORE    : anomaly_score=0.000
DECISION : ALLOW
------------------------------------------------------------
[SEQ 276] [LAYER 0]
CMD      : G1 X0.1 Y0.1 E20 F600
TRUST    : acc_cmd=1.000 | acc_exec=1.000 | trust=0.001
DECISION : PAUSE
MACHINE  : Machine-4
------------------------------------------------------------
[SEQ 276] [STATIC-BASELINE]
CMD      : G1 | effects={'dx': 0.0, 'dy': 0.0, 'dz': 0.0, 'de': 0.0, 'xy_dist': 0.0, 'params': {'G': 1.0, 'X': 0.1, 'Y': 0.1, 'E': 20.0, 'F': 600.0}}
DECISION : ALLOW
------------------------------------------------------------
[SEQ 276] [IEEE-BASELINE]
SCORE    : anomaly_score=0.000
DECISION : ALLOW
------------------------------------------------------------
[SEQ 277] [LAYER 0]
CMD      : G1 X168.272 Y115.892 E7.83225
TRUST    : acc_cmd=0.000 | acc_exec=0.872 | trust=0.001
DECISION : PAUSE
MACHINE  : Machine-4
------------------------------------------------------------
[SEQ 277] [STATIC-BASELINE]
CMD      : G1 | effects={'dx': 168.172, 'dy': 115.792, 'dz': 0.0, 'de': -12.16775, 'xy_dist': 204.18033413627276, 'params': {'G': 1.0, 'X': 168.272, 'Y': 115.892, 'E': 7.83225}}
DECISION : ALLOW
------------------------------------------------------------
[SEQ 277] [IEEE-BASELINE]
SCORE    : anomaly_score=0.000
DECISION : ALLOW
------------------------------------------------------------
[SEQ 278] [LAYER 0]
CMD      : G1 X0.1 Y0.1 E20 F600
TRUST    : acc_cmd=1.000 | acc_exec=0.000 | trust=0.003
DECISION : PAUSE
MACHINE  : Machine-4
------------------------------------------------------------
[SEQ 278] [STATIC-BASELINE]
CMD      : G1 | effects={'dx': -168.172, 'dy': -115.792, 'dz': 0.0, 'de': 12.16775, 'xy_dist': 204.18033413627276, 'params': {'G': 1.0, 'X': 0.1, 'Y': 0.1, 'E': 20.0, 'F': 600.0}}
DECISION : ALLOW
------------------------------------------------------------
[SEQ 278] [IEEE-BASELINE]
SCORE    : anomaly_score=0.000
DECISION : ALLOW
------------------------------------------------------------
[SEQ 279] [LAYER 0]
CMD      : G1 X0.1 Y0.1 E20 F600
TRUST    : acc_cmd=1.000 | acc_exec=0.000 | trust=0.002
DECISION : PAUSE
MACHINE  : Machine-4
------------------------------------------------------------
[SEQ 279] [STATIC-BASELINE]
CMD      : G1 | effects={'dx': 0.0, 'dy': 0.0, 'dz': 0.0, 'de': 0.0, 'xy_dist': 0.0, 'params': {'G': 1.0, 'X': 0.1, 'Y': 0.1, 'E': 20.0, 'F': 600.0}}
DECISION : ALLOW
------------------------------------------------------------
[SEQ 279] [IEEE-BASELINE]
SCORE    : anomaly_score=0.000
DECISION : ALLOW
------------------------------------------------------------
[SEQ 280] [LAYER 0]
CMD      : G1 X0.1 Y0.1 E20 F600
TRUST    : acc_cmd=1.000 | acc_exec=0.000 | trust=0.001
DECISION : PAUSE
MACHINE  : Machine-4
------------------------------------------------------------
[SEQ 280] [STATIC-BASELINE]
CMD      : G1 | effects={'dx': 0.0, 'dy': 0.0, 'dz': 0.0, 'de': 0.0, 'xy_dist': 0.0, 'params': {'G': 1.0, 'X': 0.1, 'Y': 0.1, 'E': 20.0, 'F': 600.0}}
DECISION : ALLOW
------------------------------------------------------------
[SEQ 280] [IEEE-BASELINE]
SCORE    : anomaly_score=0.000
DECISION : ALLOW
------------------------------------------------------------
[SEQ 281] [LAYER 0]
CMD      : G1 X0.1 Y0.1 E20 F600
TRUST    : acc_cmd=1.000 | acc_exec=1.000 | trust=0.001
DECISION : PAUSE
MACHINE  : Machine-4
------------------------------------------------------------
[SEQ 281] [STATIC-BASELINE]
CMD      : G1 | effects={'dx': 0.0, 'dy': 0.0, 'dz': 0.0, 'de': 0.0, 'xy_dist': 0.0, 'params': {'G': 1.0, 'X': 0.1, 'Y': 0.1, 'E': 20.0, 'F': 600.0}}
DECISION : ALLOW
------------------------------------------------------------
[SEQ 281] [IEEE-BASELINE]
SCORE    : anomaly_score=0.000
DECISION : ALLOW
------------------------------------------------------------
[SEQ 282] [LAYER 0]
CMD      : G1 X0.1 Y0.1 E20 F600
TRUST    : acc_cmd=1.000 | acc_exec=1.000 | trust=0.001
DECISION : PAUSE
MACHINE  : Machine-4
------------------------------------------------------------
[SEQ 282] [STATIC-BASELINE]
CMD      : G1 | effects={'dx': 0.0, 'dy': 0.0, 'dz': 0.0, 'de': 0.0, 'xy_dist': 0.0, 'params': {'G': 1.0, 'X': 0.1, 'Y': 0.1, 'E': 20.0, 'F': 600.0}}
DECISION : ALLOW
------------------------------------------------------------
[SEQ 282] [IEEE-BASELINE]
SCORE    : anomaly_score=0.000
DECISION : ALLOW
------------------------------------------------------------
[SEQ 283] [LAYER 0]
CMD      : G1 X0.1 Y0.1 E20 F600
TRUST    : acc_cmd=1.000 | acc_exec=1.000 | trust=0.001
DECISION : PAUSE
MACHINE  : Machine-4
------------------------------------------------------------
[SEQ 283] [STATIC-BASELINE]
CMD      : G1 | effects={'dx': 0.0, 'dy': 0.0, 'dz': 0.0, 'de': 0.0, 'xy_dist': 0.0, 'params': {'G': 1.0, 'X': 0.1, 'Y': 0.1, 'E': 20.0, 'F': 600.0}}
DECISION : ALLOW
------------------------------------------------------------
[SEQ 283] [IEEE-BASELINE]
SCORE    : anomaly_score=0.000
DECISION : ALLOW
------------------------------------------------------------
[SEQ 284] [LAYER 0]
CMD      : G1 X0.1 Y0.1 E20 F600
TRUST    : acc_cmd=1.000 | acc_exec=1.000 | trust=0.001
DECISION : PAUSE
MACHINE  : Machine-4
------------------------------------------------------------
[SEQ 284] [STATIC-BASELINE]
CMD      : G1 | effects={'dx': 0.0, 'dy': 0.0, 'dz': 0.0, 'de': 0.0, 'xy_dist': 0.0, 'params': {'G': 1.0, 'X': 0.1, 'Y': 0.1, 'E': 20.0, 'F': 600.0}}
DECISION : ALLOW
------------------------------------------------------------
[SEQ 284] [IEEE-BASELINE]
SCORE    : anomaly_score=0.000
DECISION : ALLOW
------------------------------------------------------------
[SEQ 285] [LAYER 0]
CMD      : G1 X0.1 Y0.1 E20 F600
TRUST    : acc_cmd=1.000 | acc_exec=1.000 | trust=0.001
DECISION : PAUSE
MACHINE  : Machine-4
------------------------------------------------------------
[SEQ 285] [STATIC-BASELINE]
CMD      : G1 | effects={'dx': 0.0, 'dy': 0.0, 'dz': 0.0, 'de': 0.0, 'xy_dist': 0.0, 'params': {'G': 1.0, 'X': 0.1, 'Y': 0.1, 'E': 20.0, 'F': 600.0}}
DECISION : ALLOW
------------------------------------------------------------
[SEQ 285] [IEEE-BASELINE]
SCORE    : anomaly_score=0.000
DECISION : ALLOW
------------------------------------------------------------
[SEQ 286] [LAYER 0]
CMD      : G1 X0.1 Y0.1 E20 F600
TRUST    : acc_cmd=1.000 | acc_exec=1.000 | trust=0.001
DECISION : PAUSE
MACHINE  : Machine-4
------------------------------------------------------------
[SEQ 286] [STATIC-BASELINE]
CMD      : G1 | effects={'dx': 0.0, 'dy': 0.0, 'dz': 0.0, 'de': 0.0, 'xy_dist': 0.0, 'params': {'G': 1.0, 'X': 0.1, 'Y': 0.1, 'E': 20.0, 'F': 600.0}}
DECISION : ALLOW
------------------------------------------------------------
[SEQ 286] [IEEE-BASELINE]
SCORE    : anomaly_score=0.000
DECISION : ALLOW
------------------------------------------------------------
[SEQ 287] [LAYER 0]
CMD      : G1 X162.825 Y124.733 E8.11611
TRUST    : acc_cmd=0.000 | acc_exec=0.828 | trust=0.001
DECISION : PAUSE
MACHINE  : Machine-4
------------------------------------------------------------
[SEQ 287] [STATIC-BASELINE]
CMD      : G1 | effects={'dx': 162.725, 'dy': 124.63300000000001, 'dz': 0.0, 'de': -11.88389, 'xy_dist': 204.97026690229976, 'params': {'G': 1.0, 'X': 162.825, 'Y': 124.733, 'E': 8.11611}}
DECISION : ALLOW
------------------------------------------------------------
[SEQ 287] [IEEE-BASELINE]
SCORE    : anomaly_score=0.000
DECISION : ALLOW
------------------------------------------------------------
[SEQ 288] [LAYER 0]
CMD      : G1 X0.1 Y0.1 E20 F600
TRUST    : acc_cmd=1.000 | acc_exec=0.000 | trust=0.002
DECISION : PAUSE
MACHINE  : Machine-4
------------------------------------------------------------
[SEQ 288] [STATIC-BASELINE]
CMD      : G1 | effects={'dx': -162.725, 'dy': -124.63300000000001, 'dz': 0.0, 'de': 11.88389, 'xy_dist': 204.97026690229976, 'params': {'G': 1.0, 'X': 0.1, 'Y': 0.1, 'E': 20.0, 'F': 600.0}}
DECISION : ALLOW
------------------------------------------------------------
[SEQ 288] [IEEE-BASELINE]
SCORE    : anomaly_score=0.000
DECISION : ALLOW
------------------------------------------------------------
[SEQ 289] [LAYER 0]
CMD      : G1 X0.1 Y0.1 E20 F600
TRUST    : acc_cmd=1.000 | acc_exec=0.000 | trust=0.002
DECISION : PAUSE
MACHINE  : Machine-4
------------------------------------------------------------
[SEQ 289] [STATIC-BASELINE]
CMD      : G1 | effects={'dx': 0.0, 'dy': 0.0, 'dz': 0.0, 'de': 0.0, 'xy_dist': 0.0, 'params': {'G': 1.0, 'X': 0.1, 'Y': 0.1, 'E': 20.0, 'F': 600.0}}
DECISION : ALLOW
------------------------------------------------------------
[SEQ 289] [IEEE-BASELINE]
SCORE    : anomaly_score=0.000
DECISION : ALLOW
------------------------------------------------------------
[SEQ 290] [LAYER 0]
CMD      : G1 X0.1 Y0.1 E20 F600
TRUST    : acc_cmd=1.000 | acc_exec=0.000 | trust=0.001
DECISION : PAUSE
MACHINE  : Machine-4
------------------------------------------------------------
[SEQ 290] [STATIC-BASELINE]
CMD      : G1 | effects={'dx': 0.0, 'dy': 0.0, 'dz': 0.0, 'de': 0.0, 'xy_dist': 0.0, 'params': {'G': 1.0, 'X': 0.1, 'Y': 0.1, 'E': 20.0, 'F': 600.0}}
DECISION : ALLOW
------------------------------------------------------------
[SEQ 290] [IEEE-BASELINE]
SCORE    : anomaly_score=0.000
DECISION : ALLOW
------------------------------------------------------------
[SEQ 291] [LAYER 0]
CMD      : G1 X0.1 Y0.1 E20 F600
TRUST    : acc_cmd=1.000 | acc_exec=1.000 | trust=0.001
DECISION : PAUSE
MACHINE  : Machine-4
------------------------------------------------------------
[SEQ 291] [STATIC-BASELINE]
CMD      : G1 | effects={'dx': 0.0, 'dy': 0.0, 'dz': 0.0, 'de': 0.0, 'xy_dist': 0.0, 'params': {'G': 1.0, 'X': 0.1, 'Y': 0.1, 'E': 20.0, 'F': 600.0}}
DECISION : ALLOW
------------------------------------------------------------
[SEQ 291] [IEEE-BASELINE]
SCORE    : anomaly_score=0.000
DECISION : ALLOW
------------------------------------------------------------
[SEQ 292] [LAYER 0]
CMD      : G1 X0.1 Y0.1 E20 F600
TRUST    : acc_cmd=1.000 | acc_exec=1.000 | trust=0.001
DECISION : PAUSE
MACHINE  : Machine-4
------------------------------------------------------------
[SEQ 292] [STATIC-BASELINE]
CMD      : G1 | effects={'dx': 0.0, 'dy': 0.0, 'dz': 0.0, 'de': 0.0, 'xy_dist': 0.0, 'params': {'G': 1.0, 'X': 0.1, 'Y': 0.1, 'E': 20.0, 'F': 600.0}}
DECISION : ALLOW
------------------------------------------------------------
[SEQ 292] [IEEE-BASELINE]
SCORE    : anomaly_score=0.000
DECISION : ALLOW
------------------------------------------------------------
[SEQ 293] [LAYER 0]
CMD      : G1 X0.1 Y0.1 E20 F600
TRUST    : acc_cmd=1.000 | acc_exec=1.000 | trust=0.001
DECISION : PAUSE
MACHINE  : Machine-4
------------------------------------------------------------
[SEQ 293] [STATIC-BASELINE]
CMD      : G1 | effects={'dx': 0.0, 'dy': 0.0, 'dz': 0.0, 'de': 0.0, 'xy_dist': 0.0, 'params': {'G': 1.0, 'X': 0.1, 'Y': 0.1, 'E': 20.0, 'F': 600.0}}
DECISION : ALLOW
------------------------------------------------------------
[SEQ 293] [IEEE-BASELINE]
SCORE    : anomaly_score=0.000
DECISION : ALLOW
------------------------------------------------------------
[SEQ 294] [LAYER 0]
CMD      : G1 X0.1 Y0.1 E20 F600
TRUST    : acc_cmd=1.000 | acc_exec=1.000 | trust=0.001
DECISION : PAUSE
MACHINE  : Machine-4
------------------------------------------------------------
[SEQ 294] [STATIC-BASELINE]
CMD      : G1 | effects={'dx': 0.0, 'dy': 0.0, 'dz': 0.0, 'de': 0.0, 'xy_dist': 0.0, 'params': {'G': 1.0, 'X': 0.1, 'Y': 0.1, 'E': 20.0, 'F': 600.0}}
DECISION : ALLOW
------------------------------------------------------------
[SEQ 294] [IEEE-BASELINE]
SCORE    : anomaly_score=0.000
DECISION : ALLOW
------------------------------------------------------------
[SEQ 295] [LAYER 0]
CMD      : G1 X0.1 Y0.1 E20 F600
TRUST    : acc_cmd=1.000 | acc_exec=1.000 | trust=0.001
DECISION : PAUSE
MACHINE  : Machine-4
------------------------------------------------------------
[SEQ 295] [STATIC-BASELINE]
CMD      : G1 | effects={'dx': 0.0, 'dy': 0.0, 'dz': 0.0, 'de': 0.0, 'xy_dist': 0.0, 'params': {'G': 1.0, 'X': 0.1, 'Y': 0.1, 'E': 20.0, 'F': 600.0}}
DECISION : ALLOW
------------------------------------------------------------
[SEQ 295] [IEEE-BASELINE]
SCORE    : anomaly_score=0.000
DECISION : ALLOW
------------------------------------------------------------
[SEQ 296] [LAYER 0]
CMD      : G1 X0.1 Y0.1 E20 F600
TRUST    : acc_cmd=1.000 | acc_exec=1.000 | trust=0.001
DECISION : PAUSE
MACHINE  : Machine-4
------------------------------------------------------------
[SEQ 296] [STATIC-BASELINE]
CMD      : G1 | effects={'dx': 0.0, 'dy': 0.0, 'dz': 0.0, 'de': 0.0, 'xy_dist': 0.0, 'params': {'G': 1.0, 'X': 0.1, 'Y': 0.1, 'E': 20.0, 'F': 600.0}}
DECISION : ALLOW
------------------------------------------------------------
[SEQ 296] [IEEE-BASELINE]
SCORE    : anomaly_score=0.000
DECISION : ALLOW
------------------------------------------------------------
[SEQ 297] [LAYER 0]
CMD      : G1 X0.1 Y0.1 E20 F600
TRUST    : acc_cmd=1.000 | acc_exec=1.000 | trust=0.001
DECISION : PAUSE
MACHINE  : Machine-4
------------------------------------------------------------
[SEQ 297] [STATIC-BASELINE]
CMD      : G1 | effects={'dx': 0.0, 'dy': 0.0, 'dz': 0.0, 'de': 0.0, 'xy_dist': 0.0, 'params': {'G': 1.0, 'X': 0.1, 'Y': 0.1, 'E': 20.0, 'F': 600.0}}
DECISION : ALLOW
------------------------------------------------------------
[SEQ 297] [IEEE-BASELINE]
SCORE    : anomaly_score=0.000
DECISION : ALLOW
------------------------------------------------------------
[SEQ 298] [LAYER 0]
CMD      : G1 X0.1 Y0.1 E20 F600
TRUST    : acc_cmd=1.000 | acc_exec=1.000 | trust=0.001
DECISION : PAUSE
MACHINE  : Machine-4
------------------------------------------------------------
[SEQ 298] [STATIC-BASELINE]
CMD      : G1 | effects={'dx': 0.0, 'dy': 0.0, 'dz': 0.0, 'de': 0.0, 'xy_dist': 0.0, 'params': {'G': 1.0, 'X': 0.1, 'Y': 0.1, 'E': 20.0, 'F': 600.0}}
DECISION : ALLOW
------------------------------------------------------------
[SEQ 298] [IEEE-BASELINE]
SCORE    : anomaly_score=0.000
DECISION : ALLOW
------------------------------------------------------------
[SEQ 299] [LAYER 0]
CMD      : G1 X0.1 Y0.1 E20 F600
TRUST    : acc_cmd=1.000 | acc_exec=1.000 | trust=0.001
DECISION : PAUSE
MACHINE  : Machine-4
------------------------------------------------------------
[SEQ 299] [STATIC-BASELINE]
CMD      : G1 | effects={'dx': 0.0, 'dy': 0.0, 'dz': 0.0, 'de': 0.0, 'xy_dist': 0.0, 'params': {'G': 1.0, 'X': 0.1, 'Y': 0.1, 'E': 20.0, 'F': 600.0}}
DECISION : ALLOW
------------------------------------------------------------
[SEQ 299] [IEEE-BASELINE]
SCORE    : anomaly_score=0.000
DECISION : ALLOW
------------------------------------------------------------
[SEQ 300] [LAYER 0]
CMD      : G1 X0.1 Y0.1 E20 F600
TRUST    : acc_cmd=1.000 | acc_exec=1.000 | trust=0.001
DECISION : PAUSE
MACHINE  : Machine-4
------------------------------------------------------------
[SEQ 300] [STATIC-BASELINE]
CMD      : G1 | effects={'dx': 0.0, 'dy': 0.0, 'dz': 0.0, 'de': 0.0, 'xy_dist': 0.0, 'params': {'G': 1.0, 'X': 0.1, 'Y': 0.1, 'E': 20.0, 'F': 600.0}}
DECISION : ALLOW
------------------------------------------------------------
[SEQ 300] [IEEE-BASELINE]
SCORE    : anomaly_score=0.000
DECISION : ALLOW
------------------------------------------------------------
[SEQ 301] [LAYER 0]
CMD      : G1 X0.1 Y0.1 E20 F600
TRUST    : acc_cmd=1.000 | acc_exec=1.000 | trust=0.001
DECISION : PAUSE
MACHINE  : Machine-4
------------------------------------------------------------
[SEQ 301] [STATIC-BASELINE]
CMD      : G1 | effects={'dx': 0.0, 'dy': 0.0, 'dz': 0.0, 'de': 0.0, 'xy_dist': 0.0, 'params': {'G': 1.0, 'X': 0.1, 'Y': 0.1, 'E': 20.0, 'F': 600.0}}
DECISION : ALLOW
------------------------------------------------------------
[SEQ 301] [IEEE-BASELINE]
SCORE    : anomaly_score=0.000
DECISION : ALLOW
------------------------------------------------------------
[SEQ 302] [LAYER 0]
CMD      : G1 X0.1 Y0.1 E20 F600
TRUST    : acc_cmd=1.000 | acc_exec=1.000 | trust=0.001
DECISION : PAUSE
MACHINE  : Machine-4
------------------------------------------------------------
[SEQ 302] [STATIC-BASELINE]
CMD      : G1 | effects={'dx': 0.0, 'dy': 0.0, 'dz': 0.0, 'de': 0.0, 'xy_dist': 0.0, 'params': {'G': 1.0, 'X': 0.1, 'Y': 0.1, 'E': 20.0, 'F': 600.0}}
DECISION : ALLOW
------------------------------------------------------------
[SEQ 302] [IEEE-BASELINE]
SCORE    : anomaly_score=0.000
DECISION : ALLOW
------------------------------------------------------------
[SEQ 303] [LAYER 0]
CMD      : G1 X0.1 Y0.1 E20 F600
TRUST    : acc_cmd=1.000 | acc_exec=1.000 | trust=0.001
DECISION : PAUSE
MACHINE  : Machine-4
------------------------------------------------------------
[SEQ 303] [STATIC-BASELINE]
CMD      : G1 | effects={'dx': 0.0, 'dy': 0.0, 'dz': 0.0, 'de': 0.0, 'xy_dist': 0.0, 'params': {'G': 1.0, 'X': 0.1, 'Y': 0.1, 'E': 20.0, 'F': 600.0}}
DECISION : ALLOW
------------------------------------------------------------
[SEQ 303] [IEEE-BASELINE]
SCORE    : anomaly_score=0.000
DECISION : ALLOW
------------------------------------------------------------
[SEQ 304] [LAYER 0]
CMD      : G1 X0.1 Y0.1 E20 F600
TRUST    : acc_cmd=1.000 | acc_exec=1.000 | trust=0.001
DECISION : PAUSE
MACHINE  : Machine-4
------------------------------------------------------------
[SEQ 304] [STATIC-BASELINE]
CMD      : G1 | effects={'dx': 0.0, 'dy': 0.0, 'dz': 0.0, 'de': 0.0, 'xy_dist': 0.0, 'params': {'G': 1.0, 'X': 0.1, 'Y': 0.1, 'E': 20.0, 'F': 600.0}}
DECISION : ALLOW
------------------------------------------------------------
[SEQ 304] [IEEE-BASELINE]
SCORE    : anomaly_score=0.000
DECISION : ALLOW
------------------------------------------------------------
[SEQ 305] [LAYER 0]
CMD      : G1 X0.1 Y0.1 E20 F600
TRUST    : acc_cmd=1.000 | acc_exec=1.000 | trust=0.001
DECISION : PAUSE
MACHINE  : Machine-4
------------------------------------------------------------
[SEQ 305] [STATIC-BASELINE]
CMD      : G1 | effects={'dx': 0.0, 'dy': 0.0, 'dz': 0.0, 'de': 0.0, 'xy_dist': 0.0, 'params': {'G': 1.0, 'X': 0.1, 'Y': 0.1, 'E': 20.0, 'F': 600.0}}
DECISION : ALLOW
------------------------------------------------------------
[SEQ 305] [IEEE-BASELINE]
SCORE    : anomaly_score=0.000
DECISION : ALLOW
------------------------------------------------------------
[SEQ 306] [LAYER 0]
CMD      : G1 X0.1 Y0.1 E20 F600
TRUST    : acc_cmd=1.000 | acc_exec=1.000 | trust=0.001
DECISION : PAUSE
MACHINE  : Machine-4
------------------------------------------------------------
[SEQ 306] [STATIC-BASELINE]
CMD      : G1 | effects={'dx': 0.0, 'dy': 0.0, 'dz': 0.0, 'de': 0.0, 'xy_dist': 0.0, 'params': {'G': 1.0, 'X': 0.1, 'Y': 0.1, 'E': 20.0, 'F': 600.0}}
DECISION : ALLOW
------------------------------------------------------------
[SEQ 306] [IEEE-BASELINE]
SCORE    : anomaly_score=0.000
DECISION : ALLOW
------------------------------------------------------------
[SEQ 307] [LAYER 0]
CMD      : G1 X0.1 Y0.1 E20 F600
TRUST    : acc_cmd=1.000 | acc_exec=1.000 | trust=0.001
DECISION : PAUSE
MACHINE  : Machine-4
------------------------------------------------------------
[SEQ 307] [STATIC-BASELINE]
CMD      : G1 | effects={'dx': 0.0, 'dy': 0.0, 'dz': 0.0, 'de': 0.0, 'xy_dist': 0.0, 'params': {'G': 1.0, 'X': 0.1, 'Y': 0.1, 'E': 20.0, 'F': 600.0}}
DECISION : ALLOW
------------------------------------------------------------
[SEQ 307] [IEEE-BASELINE]
SCORE    : anomaly_score=0.000
DECISION : ALLOW
------------------------------------------------------------
[SEQ 308] [LAYER 0]
CMD      : G1 X0.1 Y0.1 E20 F600
TRUST    : acc_cmd=1.000 | acc_exec=1.000 | trust=0.001
DECISION : PAUSE
MACHINE  : Machine-4
------------------------------------------------------------
[SEQ 308] [STATIC-BASELINE]
CMD      : G1 | effects={'dx': 0.0, 'dy': 0.0, 'dz': 0.0, 'de': 0.0, 'xy_dist': 0.0, 'params': {'G': 1.0, 'X': 0.1, 'Y': 0.1, 'E': 20.0, 'F': 600.0}}
DECISION : ALLOW
------------------------------------------------------------
[SEQ 308] [IEEE-BASELINE]
SCORE    : anomaly_score=0.000
DECISION : ALLOW
------------------------------------------------------------
[SEQ 309] [LAYER 0]
CMD      : G1 X0.1 Y0.1 E20 F600
TRUST    : acc_cmd=1.000 | acc_exec=1.000 | trust=0.001
DECISION : PAUSE
MACHINE  : Machine-4
------------------------------------------------------------
[SEQ 309] [STATIC-BASELINE]
CMD      : G1 | effects={'dx': 0.0, 'dy': 0.0, 'dz': 0.0, 'de': 0.0, 'xy_dist': 0.0, 'params': {'G': 1.0, 'X': 0.1, 'Y': 0.1, 'E': 20.0, 'F': 600.0}}
DECISION : ALLOW
------------------------------------------------------------
[SEQ 309] [IEEE-BASELINE]
SCORE    : anomaly_score=0.000
DECISION : ALLOW
------------------------------------------------------------
[SEQ 310] [LAYER 0]
CMD      : G1 X0.1 Y0.1 E20 F600
TRUST    : acc_cmd=1.000 | acc_exec=1.000 | trust=0.001
DECISION : PAUSE
MACHINE  : Machine-4
------------------------------------------------------------
[SEQ 310] [STATIC-BASELINE]
CMD      : G1 | effects={'dx': 0.0, 'dy': 0.0, 'dz': 0.0, 'de': 0.0, 'xy_dist': 0.0, 'params': {'G': 1.0, 'X': 0.1, 'Y': 0.1, 'E': 20.0, 'F': 600.0}}
DECISION : ALLOW
------------------------------------------------------------
[SEQ 310] [IEEE-BASELINE]
SCORE    : anomaly_score=0.000
DECISION : ALLOW
------------------------------------------------------------
[SEQ 311] [LAYER 0]
CMD      : G1 X0.1 Y0.1 E20 F600
TRUST    : acc_cmd=1.000 | acc_exec=1.000 | trust=0.001
DECISION : PAUSE
MACHINE  : Machine-4
------------------------------------------------------------
[SEQ 311] [STATIC-BASELINE]
CMD      : G1 | effects={'dx': 0.0, 'dy': 0.0, 'dz': 0.0, 'de': 0.0, 'xy_dist': 0.0, 'params': {'G': 1.0, 'X': 0.1, 'Y': 0.1, 'E': 20.0, 'F': 600.0}}
DECISION : ALLOW
------------------------------------------------------------
[SEQ 311] [IEEE-BASELINE]
SCORE    : anomaly_score=0.000
DECISION : ALLOW
------------------------------------------------------------
[SEQ 312] [LAYER 0]
CMD      : G1 X0.1 Y0.1 E20 F600
TRUST    : acc_cmd=1.000 | acc_exec=1.000 | trust=0.001
DECISION : PAUSE
MACHINE  : Machine-4
------------------------------------------------------------
[SEQ 312] [STATIC-BASELINE]
CMD      : G1 | effects={'dx': 0.0, 'dy': 0.0, 'dz': 0.0, 'de': 0.0, 'xy_dist': 0.0, 'params': {'G': 1.0, 'X': 0.1, 'Y': 0.1, 'E': 20.0, 'F': 600.0}}
DECISION : ALLOW
------------------------------------------------------------
[SEQ 312] [IEEE-BASELINE]
SCORE    : anomaly_score=0.000
DECISION : ALLOW
------------------------------------------------------------
[SEQ 313] [LAYER 0]
CMD      : G1 X0.1 Y0.1 E20 F600
TRUST    : acc_cmd=1.000 | acc_exec=1.000 | trust=0.001
DECISION : PAUSE
MACHINE  : Machine-4
------------------------------------------------------------
[SEQ 313] [STATIC-BASELINE]
CMD      : G1 | effects={'dx': 0.0, 'dy': 0.0, 'dz': 0.0, 'de': 0.0, 'xy_dist': 0.0, 'params': {'G': 1.0, 'X': 0.1, 'Y': 0.1, 'E': 20.0, 'F': 600.0}}
DECISION : ALLOW
------------------------------------------------------------
[SEQ 313] [IEEE-BASELINE]
SCORE    : anomaly_score=0.000
DECISION : ALLOW
------------------------------------------------------------
[SEQ 314] [LAYER 0]
CMD      : G1 X0.1 Y0.1 E20 F600
TRUST    : acc_cmd=1.000 | acc_exec=1.000 | trust=0.001
DECISION : PAUSE
MACHINE  : Machine-4
------------------------------------------------------------
[SEQ 314] [STATIC-BASELINE]
CMD      : G1 | effects={'dx': 0.0, 'dy': 0.0, 'dz': 0.0, 'de': 0.0, 'xy_dist': 0.0, 'params': {'G': 1.0, 'X': 0.1, 'Y': 0.1, 'E': 20.0, 'F': 600.0}}
DECISION : ALLOW
------------------------------------------------------------
[SEQ 314] [IEEE-BASELINE]
SCORE    : anomaly_score=0.000
DECISION : ALLOW
------------------------------------------------------------
[SEQ 315] [LAYER 0]
CMD      : G1 X0.1 Y0.1 E20 F600
TRUST    : acc_cmd=1.000 | acc_exec=1.000 | trust=0.001
DECISION : PAUSE
MACHINE  : Machine-4
------------------------------------------------------------
[SEQ 315] [STATIC-BASELINE]
CMD      : G1 | effects={'dx': 0.0, 'dy': 0.0, 'dz': 0.0, 'de': 0.0, 'xy_dist': 0.0, 'params': {'G': 1.0, 'X': 0.1, 'Y': 0.1, 'E': 20.0, 'F': 600.0}}
DECISION : ALLOW
------------------------------------------------------------
[SEQ 315] [IEEE-BASELINE]
SCORE    : anomaly_score=0.000
DECISION : ALLOW
------------------------------------------------------------
[SEQ 316] [LAYER 0]
CMD      : G1 X0.1 Y0.1 E20 F600
TRUST    : acc_cmd=1.000 | acc_exec=1.000 | trust=0.001
DECISION : PAUSE
MACHINE  : Machine-4
------------------------------------------------------------
[SEQ 316] [STATIC-BASELINE]
CMD      : G1 | effects={'dx': 0.0, 'dy': 0.0, 'dz': 0.0, 'de': 0.0, 'xy_dist': 0.0, 'params': {'G': 1.0, 'X': 0.1, 'Y': 0.1, 'E': 20.0, 'F': 600.0}}
DECISION : ALLOW
------------------------------------------------------------
[SEQ 316] [IEEE-BASELINE]
SCORE    : anomaly_score=0.000
DECISION : ALLOW
------------------------------------------------------------
[SEQ 317] [LAYER 0]
CMD      : G1 X0.1 Y0.1 E20 F600
TRUST    : acc_cmd=1.000 | acc_exec=1.000 | trust=0.001
DECISION : PAUSE
MACHINE  : Machine-4
------------------------------------------------------------
[SEQ 317] [STATIC-BASELINE]
CMD      : G1 | effects={'dx': 0.0, 'dy': 0.0, 'dz': 0.0, 'de': 0.0, 'xy_dist': 0.0, 'params': {'G': 1.0, 'X': 0.1, 'Y': 0.1, 'E': 20.0, 'F': 600.0}}
DECISION : ALLOW
------------------------------------------------------------
[SEQ 317] [IEEE-BASELINE]
SCORE    : anomaly_score=0.000
DECISION : ALLOW
------------------------------------------------------------
[SEQ 318] [LAYER 0]
CMD      : G1 X0.1 Y0.1 E20 F600
TRUST    : acc_cmd=1.000 | acc_exec=1.000 | trust=0.001
DECISION : PAUSE
MACHINE  : Machine-4
------------------------------------------------------------
[SEQ 318] [STATIC-BASELINE]
CMD      : G1 | effects={'dx': 0.0, 'dy': 0.0, 'dz': 0.0, 'de': 0.0, 'xy_dist': 0.0, 'params': {'G': 1.0, 'X': 0.1, 'Y': 0.1, 'E': 20.0, 'F': 600.0}}
DECISION : ALLOW
------------------------------------------------------------
[SEQ 318] [IEEE-BASELINE]
SCORE    : anomaly_score=0.000
DECISION : ALLOW
------------------------------------------------------------
[SEQ 319] [LAYER 0]
CMD      : G1 X0.1 Y0.1 E20 F600
TRUST    : acc_cmd=1.000 | acc_exec=1.000 | trust=0.001
DECISION : PAUSE
MACHINE  : Machine-4
------------------------------------------------------------
[SEQ 319] [STATIC-BASELINE]
CMD      : G1 | effects={'dx': 0.0, 'dy': 0.0, 'dz': 0.0, 'de': 0.0, 'xy_dist': 0.0, 'params': {'G': 1.0, 'X': 0.1, 'Y': 0.1, 'E': 20.0, 'F': 600.0}}
DECISION : ALLOW
------------------------------------------------------------
[SEQ 319] [IEEE-BASELINE]
SCORE    : anomaly_score=0.000
DECISION : ALLOW
------------------------------------------------------------
[SEQ 320] [LAYER 0]
CMD      : G1 X164.305 Y115.65 E8.9215
TRUST    : acc_cmd=0.000 | acc_exec=0.704 | trust=0.001
DECISION : PAUSE
MACHINE  : Machine-4
------------------------------------------------------------
[SEQ 320] [STATIC-BASELINE]
CMD      : G1 | effects={'dx': 164.205, 'dy': 115.55000000000001, 'dz': 0.0, 'de': -11.0785, 'xy_dist': 200.7861661693853, 'params': {'G': 1.0, 'X': 164.305, 'Y': 115.65, 'E': 8.9215}}
DECISION : ALLOW
------------------------------------------------------------
[SEQ 320] [IEEE-BASELINE]
SCORE    : anomaly_score=0.000
DECISION : ALLOW
------------------------------------------------------------
[SEQ 321] [LAYER 0]
CMD      : G1 X0.1 Y0.1 E20 F600
TRUST    : acc_cmd=1.000 | acc_exec=0.000 | trust=0.002
DECISION : PAUSE
MACHINE  : Machine-4
------------------------------------------------------------
[SEQ 321] [STATIC-BASELINE]
CMD      : G1 | effects={'dx': -164.205, 'dy': -115.55000000000001, 'dz': 0.0, 'de': 11.0785, 'xy_dist': 200.7861661693853, 'params': {'G': 1.0, 'X': 0.1, 'Y': 0.1, 'E': 20.0, 'F': 600.0}}
DECISION : ALLOW
------------------------------------------------------------
[SEQ 321] [IEEE-BASELINE]
SCORE    : anomaly_score=0.000
DECISION : ALLOW
------------------------------------------------------------
[SEQ 322] [LAYER 0]
CMD      : G1 X0.1 Y0.1 E20 F600
TRUST    : acc_cmd=1.000 | acc_exec=0.000 | trust=0.002
DECISION : PAUSE
MACHINE  : Machine-4
------------------------------------------------------------
[SEQ 322] [STATIC-BASELINE]
CMD      : G1 | effects={'dx': 0.0, 'dy': 0.0, 'dz': 0.0, 'de': 0.0, 'xy_dist': 0.0, 'params': {'G': 1.0, 'X': 0.1, 'Y': 0.1, 'E': 20.0, 'F': 600.0}}
DECISION : ALLOW
------------------------------------------------------------
[SEQ 322] [IEEE-BASELINE]
SCORE    : anomaly_score=0.000
DECISION : ALLOW
------------------------------------------------------------
[SEQ 323] [LAYER 0]
CMD      : G1 X0.1 Y0.1 E20 F600
TRUST    : acc_cmd=1.000 | acc_exec=0.000 | trust=0.001
DECISION : PAUSE
MACHINE  : Machine-4
------------------------------------------------------------
[SEQ 323] [STATIC-BASELINE]
CMD      : G1 | effects={'dx': 0.0, 'dy': 0.0, 'dz': 0.0, 'de': 0.0, 'xy_dist': 0.0, 'params': {'G': 1.0, 'X': 0.1, 'Y': 0.1, 'E': 20.0, 'F': 600.0}}
DECISION : ALLOW
------------------------------------------------------------
[SEQ 323] [IEEE-BASELINE]
SCORE    : anomaly_score=0.000
DECISION : ALLOW
------------------------------------------------------------
[SEQ 324] [LAYER 0]
CMD      : G1 X0.1 Y0.1 E20 F600
TRUST    : acc_cmd=1.000 | acc_exec=1.000 | trust=0.001
DECISION : PAUSE
MACHINE  : Machine-4
------------------------------------------------------------
[SEQ 324] [STATIC-BASELINE]
CMD      : G1 | effects={'dx': 0.0, 'dy': 0.0, 'dz': 0.0, 'de': 0.0, 'xy_dist': 0.0, 'params': {'G': 1.0, 'X': 0.1, 'Y': 0.1, 'E': 20.0, 'F': 600.0}}
DECISION : ALLOW
------------------------------------------------------------
[SEQ 324] [IEEE-BASELINE]
SCORE    : anomaly_score=0.000
DECISION : ALLOW
------------------------------------------------------------
[SEQ 325] [LAYER 0]
CMD      : G1 X0.1 Y0.1 E20 F600
TRUST    : acc_cmd=1.000 | acc_exec=1.000 | trust=0.001
DECISION : PAUSE
MACHINE  : Machine-4
------------------------------------------------------------
[SEQ 325] [STATIC-BASELINE]
CMD      : G1 | effects={'dx': 0.0, 'dy': 0.0, 'dz': 0.0, 'de': 0.0, 'xy_dist': 0.0, 'params': {'G': 1.0, 'X': 0.1, 'Y': 0.1, 'E': 20.0, 'F': 600.0}}
DECISION : ALLOW
------------------------------------------------------------
[SEQ 325] [IEEE-BASELINE]
SCORE    : anomaly_score=0.000
DECISION : ALLOW
------------------------------------------------------------
[SEQ 326] [LAYER 0]
CMD      : G1 X0.1 Y0.1 E20 F600
TRUST    : acc_cmd=1.000 | acc_exec=1.000 | trust=0.001
DECISION : PAUSE
MACHINE  : Machine-4
------------------------------------------------------------
[SEQ 326] [STATIC-BASELINE]
CMD      : G1 | effects={'dx': 0.0, 'dy': 0.0, 'dz': 0.0, 'de': 0.0, 'xy_dist': 0.0, 'params': {'G': 1.0, 'X': 0.1, 'Y': 0.1, 'E': 20.0, 'F': 600.0}}
DECISION : ALLOW
------------------------------------------------------------
[SEQ 326] [IEEE-BASELINE]
SCORE    : anomaly_score=0.000
DECISION : ALLOW
------------------------------------------------------------
[SEQ 327] [LAYER 0]
CMD      : G1 X0.1 Y0.1 E20 F600
TRUST    : acc_cmd=1.000 | acc_exec=1.000 | trust=0.001
DECISION : PAUSE
MACHINE  : Machine-4
------------------------------------------------------------
[SEQ 327] [STATIC-BASELINE]
CMD      : G1 | effects={'dx': 0.0, 'dy': 0.0, 'dz': 0.0, 'de': 0.0, 'xy_dist': 0.0, 'params': {'G': 1.0, 'X': 0.1, 'Y': 0.1, 'E': 20.0, 'F': 600.0}}
DECISION : ALLOW
------------------------------------------------------------
[SEQ 327] [IEEE-BASELINE]
SCORE    : anomaly_score=0.000
DECISION : ALLOW
------------------------------------------------------------
[SEQ 328] [LAYER 0]
CMD      : G1 X0.1 Y0.1 E20 F600
TRUST    : acc_cmd=1.000 | acc_exec=1.000 | trust=0.001
DECISION : PAUSE
MACHINE  : Machine-4
------------------------------------------------------------
[SEQ 328] [STATIC-BASELINE]
CMD      : G1 | effects={'dx': 0.0, 'dy': 0.0, 'dz': 0.0, 'de': 0.0, 'xy_dist': 0.0, 'params': {'G': 1.0, 'X': 0.1, 'Y': 0.1, 'E': 20.0, 'F': 600.0}}
DECISION : ALLOW
------------------------------------------------------------
[SEQ 328] [IEEE-BASELINE]
SCORE    : anomaly_score=0.000
DECISION : ALLOW
------------------------------------------------------------
[SEQ 329] [LAYER 0]
CMD      : G1 X0.1 Y0.1 E20 F600
TRUST    : acc_cmd=1.000 | acc_exec=1.000 | trust=0.001
DECISION : PAUSE
MACHINE  : Machine-4
------------------------------------------------------------
[SEQ 329] [STATIC-BASELINE]
CMD      : G1 | effects={'dx': 0.0, 'dy': 0.0, 'dz': 0.0, 'de': 0.0, 'xy_dist': 0.0, 'params': {'G': 1.0, 'X': 0.1, 'Y': 0.1, 'E': 20.0, 'F': 600.0}}
DECISION : ALLOW
------------------------------------------------------------
[SEQ 329] [IEEE-BASELINE]
SCORE    : anomaly_score=0.000
DECISION : ALLOW
------------------------------------------------------------
[SEQ 330] [LAYER 0]
CMD      : G1 X0.1 Y0.1 E20 F600
TRUST    : acc_cmd=1.000 | acc_exec=1.000 | trust=0.001
DECISION : PAUSE
MACHINE  : Machine-4
------------------------------------------------------------
[SEQ 330] [STATIC-BASELINE]
CMD      : G1 | effects={'dx': 0.0, 'dy': 0.0, 'dz': 0.0, 'de': 0.0, 'xy_dist': 0.0, 'params': {'G': 1.0, 'X': 0.1, 'Y': 0.1, 'E': 20.0, 'F': 600.0}}
DECISION : ALLOW
------------------------------------------------------------
[SEQ 330] [IEEE-BASELINE]
SCORE    : anomaly_score=0.000
DECISION : ALLOW
------------------------------------------------------------
[SEQ 331] [LAYER 0]
CMD      : G1 X0.1 Y0.1 E20 F600
TRUST    : acc_cmd=1.000 | acc_exec=1.000 | trust=0.001
DECISION : PAUSE
MACHINE  : Machine-4
------------------------------------------------------------
[SEQ 331] [STATIC-BASELINE]
CMD      : G1 | effects={'dx': 0.0, 'dy': 0.0, 'dz': 0.0, 'de': 0.0, 'xy_dist': 0.0, 'params': {'G': 1.0, 'X': 0.1, 'Y': 0.1, 'E': 20.0, 'F': 600.0}}
DECISION : ALLOW
------------------------------------------------------------
[SEQ 331] [IEEE-BASELINE]
SCORE    : anomaly_score=0.000
DECISION : ALLOW
------------------------------------------------------------
[SEQ 332] [LAYER 0]
CMD      : G1 X0.1 Y0.1 E20 F600
TRUST    : acc_cmd=1.000 | acc_exec=1.000 | trust=0.001
DECISION : PAUSE
MACHINE  : Machine-4
------------------------------------------------------------
[SEQ 332] [STATIC-BASELINE]
CMD      : G1 | effects={'dx': 0.0, 'dy': 0.0, 'dz': 0.0, 'de': 0.0, 'xy_dist': 0.0, 'params': {'G': 1.0, 'X': 0.1, 'Y': 0.1, 'E': 20.0, 'F': 600.0}}
DECISION : ALLOW
------------------------------------------------------------
[SEQ 332] [IEEE-BASELINE]
SCORE    : anomaly_score=0.000
DECISION : ALLOW
------------------------------------------------------------
[SEQ 333] [LAYER 0]
CMD      : G1 X0.1 Y0.1 E20 F600
TRUST    : acc_cmd=1.000 | acc_exec=1.000 | trust=0.001
DECISION : PAUSE
MACHINE  : Machine-4
------------------------------------------------------------
[SEQ 333] [STATIC-BASELINE]
CMD      : G1 | effects={'dx': 0.0, 'dy': 0.0, 'dz': 0.0, 'de': 0.0, 'xy_dist': 0.0, 'params': {'G': 1.0, 'X': 0.1, 'Y': 0.1, 'E': 20.0, 'F': 600.0}}
DECISION : ALLOW
------------------------------------------------------------
[SEQ 333] [IEEE-BASELINE]
SCORE    : anomaly_score=0.000
DECISION : ALLOW
------------------------------------------------------------
[SEQ 334] [LAYER 0]
CMD      : G1 X162.001 Y123.262 E9.256
TRUST    : acc_cmd=0.000 | acc_exec=0.653 | trust=0.001
DECISION : PAUSE
MACHINE  : Machine-4
------------------------------------------------------------
[SEQ 334] [STATIC-BASELINE]
CMD      : G1 | effects={'dx': 161.901, 'dy': 123.162, 'dz': 0.0, 'de': -10.744, 'xy_dist': 203.42274220204584, 'params': {'G': 1.0, 'X': 162.001, 'Y': 123.262, 'E': 9.256}}
DECISION : ALLOW
------------------------------------------------------------
[SEQ 334] [IEEE-BASELINE]
SCORE    : anomaly_score=0.000
DECISION : ALLOW
------------------------------------------------------------
[SEQ 335] [LAYER 0]
CMD      : G1 X0.1 Y0.1 E20 F600
TRUST    : acc_cmd=1.000 | acc_exec=0.000 | trust=0.002
DECISION : PAUSE
MACHINE  : Machine-4
------------------------------------------------------------
[SEQ 335] [STATIC-BASELINE]
CMD      : G1 | effects={'dx': -161.901, 'dy': -123.162, 'dz': 0.0, 'de': 10.744, 'xy_dist': 203.42274220204584, 'params': {'G': 1.0, 'X': 0.1, 'Y': 0.1, 'E': 20.0, 'F': 600.0}}
DECISION : ALLOW
------------------------------------------------------------
[SEQ 335] [IEEE-BASELINE]
SCORE    : anomaly_score=0.000
DECISION : ALLOW
------------------------------------------------------------
[SEQ 336] [LAYER 0]
CMD      : G1 X0.1 Y0.1 E20 F600
TRUST    : acc_cmd=1.000 | acc_exec=0.000 | trust=0.002
DECISION : PAUSE
MACHINE  : Machine-4
------------------------------------------------------------
[SEQ 336] [STATIC-BASELINE]
CMD      : G1 | effects={'dx': 0.0, 'dy': 0.0, 'dz': 0.0, 'de': 0.0, 'xy_dist': 0.0, 'params': {'G': 1.0, 'X': 0.1, 'Y': 0.1, 'E': 20.0, 'F': 600.0}}
DECISION : ALLOW
------------------------------------------------------------
[SEQ 336] [IEEE-BASELINE]
SCORE    : anomaly_score=0.000
DECISION : ALLOW
------------------------------------------------------------
[SEQ 337] [LAYER 0]
CMD      : G1 X0.1 Y0.1 E20 F600
TRUST    : acc_cmd=1.000 | acc_exec=0.000 | trust=0.001
DECISION : PAUSE
MACHINE  : Machine-4
------------------------------------------------------------
[SEQ 337] [STATIC-BASELINE]
CMD      : G1 | effects={'dx': 0.0, 'dy': 0.0, 'dz': 0.0, 'de': 0.0, 'xy_dist': 0.0, 'params': {'G': 1.0, 'X': 0.1, 'Y': 0.1, 'E': 20.0, 'F': 600.0}}
DECISION : ALLOW
------------------------------------------------------------
[SEQ 337] [IEEE-BASELINE]
SCORE    : anomaly_score=0.000
DECISION : ALLOW
------------------------------------------------------------
[SEQ 338] [LAYER 0]
CMD      : G1 X0.1 Y0.1 E20 F600
TRUST    : acc_cmd=1.000 | acc_exec=1.000 | trust=0.001
DECISION : PAUSE
MACHINE  : Machine-4
------------------------------------------------------------
[SEQ 338] [STATIC-BASELINE]
CMD      : G1 | effects={'dx': 0.0, 'dy': 0.0, 'dz': 0.0, 'de': 0.0, 'xy_dist': 0.0, 'params': {'G': 1.0, 'X': 0.1, 'Y': 0.1, 'E': 20.0, 'F': 600.0}}
DECISION : ALLOW
------------------------------------------------------------
[SEQ 338] [IEEE-BASELINE]
SCORE    : anomaly_score=0.000
DECISION : ALLOW
------------------------------------------------------------
[SEQ 339] [LAYER 0]
CMD      : G1 X161.447 Y117.431 E9.37627
TRUST    : acc_cmd=0.000 | acc_exec=0.634 | trust=0.009
DECISION : PAUSE
MACHINE  : Machine-4
------------------------------------------------------------
[SEQ 339] [STATIC-BASELINE]
CMD      : G1 | effects={'dx': 161.347, 'dy': 117.331, 'dz': 0.0, 'de': -10.62373, 'xy_dist': 199.49791470088104, 'params': {'G': 1.0, 'X': 161.447, 'Y': 117.431, 'E': 9.37627}}
DECISION : ALLOW
------------------------------------------------------------
[SEQ 339] [IEEE-BASELINE]
SCORE    : anomaly_score=0.000
DECISION : ALLOW
------------------------------------------------------------
[SEQ 340] [LAYER 0]
CMD      : G1 X0.1 Y0.1 E20 F600
TRUST    : acc_cmd=1.000 | acc_exec=0.000 | trust=0.006
DECISION : PAUSE
MACHINE  : Machine-4
------------------------------------------------------------
[SEQ 340] [STATIC-BASELINE]
CMD      : G1 | effects={'dx': -161.347, 'dy': -117.331, 'dz': 0.0, 'de': 10.62373, 'xy_dist': 199.49791470088104, 'params': {'G': 1.0, 'X': 0.1, 'Y': 0.1, 'E': 20.0, 'F': 600.0}}
DECISION : ALLOW
------------------------------------------------------------
[SEQ 340] [IEEE-BASELINE]
SCORE    : anomaly_score=0.000
DECISION : ALLOW
------------------------------------------------------------
[SEQ 341] [LAYER 0]
CMD      : G1 X0.1 Y0.1 E20 F600
TRUST    : acc_cmd=1.000 | acc_exec=0.000 | trust=0.003
DECISION : PAUSE
MACHINE  : Machine-4
------------------------------------------------------------
[SEQ 341] [STATIC-BASELINE]
CMD      : G1 | effects={'dx': 0.0, 'dy': 0.0, 'dz': 0.0, 'de': 0.0, 'xy_dist': 0.0, 'params': {'G': 1.0, 'X': 0.1, 'Y': 0.1, 'E': 20.0, 'F': 600.0}}
DECISION : ALLOW
------------------------------------------------------------
[SEQ 341] [IEEE-BASELINE]
SCORE    : anomaly_score=0.000
DECISION : ALLOW
------------------------------------------------------------
[SEQ 342] [LAYER 0]
CMD      : G1 X0.1 Y0.1 E20 F600
TRUST    : acc_cmd=1.000 | acc_exec=0.000 | trust=0.002
DECISION : PAUSE
MACHINE  : Machine-4
------------------------------------------------------------
[SEQ 342] [STATIC-BASELINE]
CMD      : G1 | effects={'dx': 0.0, 'dy': 0.0, 'dz': 0.0, 'de': 0.0, 'xy_dist': 0.0, 'params': {'G': 1.0, 'X': 0.1, 'Y': 0.1, 'E': 20.0, 'F': 600.0}}
DECISION : ALLOW
------------------------------------------------------------
[SEQ 342] [IEEE-BASELINE]
SCORE    : anomaly_score=0.000
DECISION : ALLOW
------------------------------------------------------------
[SEQ 343] [LAYER 0]
CMD      : G1 X164.368 Y116.049 E9.43534
TRUST    : acc_cmd=0.000 | acc_exec=0.625 | trust=0.011
DECISION : PAUSE
MACHINE  : Machine-4
------------------------------------------------------------
[SEQ 343] [STATIC-BASELINE]
CMD      : G1 | effects={'dx': 164.268, 'dy': 115.94900000000001, 'dz': 0.0, 'de': -10.56466, 'xy_dist': 201.067517080706, 'params': {'G': 1.0, 'X': 164.368, 'Y': 116.049, 'E': 9.43534}}
DECISION : ALLOW
------------------------------------------------------------
[SEQ 343] [IEEE-BASELINE]
SCORE    : anomaly_score=0.000
DECISION : ALLOW
------------------------------------------------------------
[SEQ 344] [LAYER 0]
CMD      : G1 X165.422 Y116.024 E9.45517
TRUST    : acc_cmd=0.000 | acc_exec=0.000 | trust=0.056
DECISION : PAUSE
MACHINE  : Machine-4
------------------------------------------------------------
[SEQ 344] [STATIC-BASELINE]
CMD      : G1 | effects={'dx': 1.054000000000002, 'dy': -0.025000000000005684, 'dz': 0.0, 'de': 0.01983000000000068, 'xy_dist': 1.0542964478741284, 'params': {'G': 1.0, 'X': 165.422, 'Y': 116.024, 'E': 9.45517}}
DECISION : ALLOW
------------------------------------------------------------
[SEQ 344] [IEEE-BASELINE]
SCORE    : anomaly_score=0.000
DECISION : ALLOW
------------------------------------------------------------
[SEQ 345] [LAYER 0]
CMD      : G1 X0.1 Y0.1 E20 F600
TRUST    : acc_cmd=1.000 | acc_exec=0.000 | trust=0.029
DECISION : PAUSE
MACHINE  : Machine-4
------------------------------------------------------------
[SEQ 345] [STATIC-BASELINE]
CMD      : G1 | effects={'dx': -165.322, 'dy': -115.924, 'dz': 0.0, 'de': 10.54483, 'xy_dist': 201.9151739221201, 'params': {'G': 1.0, 'X': 0.1, 'Y': 0.1, 'E': 20.0, 'F': 600.0}}
DECISION : ALLOW
------------------------------------------------------------
[SEQ 345] [IEEE-BASELINE]
SCORE    : anomaly_score=0.000
DECISION : ALLOW
------------------------------------------------------------
[SEQ 346] [LAYER 0]
CMD      : G1 X0.1 Y0.1 E20 F600
TRUST    : acc_cmd=1.000 | acc_exec=0.000 | trust=0.014
DECISION : PAUSE
MACHINE  : Machine-4
------------------------------------------------------------
[SEQ 346] [STATIC-BASELINE]
CMD      : G1 | effects={'dx': 0.0, 'dy': 0.0, 'dz': 0.0, 'de': 0.0, 'xy_dist': 0.0, 'params': {'G': 1.0, 'X': 0.1, 'Y': 0.1, 'E': 20.0, 'F': 600.0}}
DECISION : ALLOW
------------------------------------------------------------
[SEQ 346] [IEEE-BASELINE]
SCORE    : anomaly_score=0.000
DECISION : ALLOW
------------------------------------------------------------
[SEQ 347] [LAYER 0]
CMD      : G1 X0.1 Y0.1 E20 F600
TRUST    : acc_cmd=1.000 | acc_exec=0.000 | trust=0.007
DECISION : PAUSE
MACHINE  : Machine-4
------------------------------------------------------------
[SEQ 347] [STATIC-BASELINE]
CMD      : G1 | effects={'dx': 0.0, 'dy': 0.0, 'dz': 0.0, 'de': 0.0, 'xy_dist': 0.0, 'params': {'G': 1.0, 'X': 0.1, 'Y': 0.1, 'E': 20.0, 'F': 600.0}}
DECISION : ALLOW
------------------------------------------------------------
[SEQ 347] [IEEE-BASELINE]
SCORE    : anomaly_score=0.000
DECISION : ALLOW
------------------------------------------------------------
[SEQ 348] [LAYER 0]
CMD      : G1 X168.978 Y119.406 E9.55427
TRUST    : acc_cmd=0.000 | acc_exec=0.607 | trust=0.015
DECISION : PAUSE
MACHINE  : Machine-4
------------------------------------------------------------
[SEQ 348] [STATIC-BASELINE]
CMD      : G1 | effects={'dx': 168.87800000000001, 'dy': 119.30600000000001, 'dz': 0.0, 'de': -10.44573, 'xy_dist': 206.76967988561574, 'params': {'G': 1.0, 'X': 168.978, 'Y': 119.406, 'E': 9.55427}}
DECISION : ALLOW
------------------------------------------------------------
[SEQ 348] [IEEE-BASELINE]
SCORE    : anomaly_score=0.000
DECISION : ALLOW
------------------------------------------------------------
[SEQ 349] [LAYER 0]
CMD      : G1 X0.1 Y0.1 E20 F600
TRUST    : acc_cmd=1.000 | acc_exec=0.000 | trust=0.009
DECISION : PAUSE
MACHINE  : Machine-4
------------------------------------------------------------
[SEQ 349] [STATIC-BASELINE]
CMD      : G1 | effects={'dx': -168.87800000000001, 'dy': -119.30600000000001, 'dz': 0.0, 'de': 10.44573, 'xy_dist': 206.76967988561574, 'params': {'G': 1.0, 'X': 0.1, 'Y': 0.1, 'E': 20.0, 'F': 600.0}}
DECISION : ALLOW
------------------------------------------------------------
[SEQ 349] [IEEE-BASELINE]
SCORE    : anomaly_score=0.000
DECISION : ALLOW
------------------------------------------------------------
[SEQ 350] [LAYER 0]
CMD      : G1 X0.1 Y0.1 E20 F600
TRUST    : acc_cmd=1.000 | acc_exec=0.000 | trust=0.005
DECISION : PAUSE
MACHINE  : Machine-4
------------------------------------------------------------
[SEQ 350] [STATIC-BASELINE]
CMD      : G1 | effects={'dx': 0.0, 'dy': 0.0, 'dz': 0.0, 'de': 0.0, 'xy_dist': 0.0, 'params': {'G': 1.0, 'X': 0.1, 'Y': 0.1, 'E': 20.0, 'F': 600.0}}
DECISION : ALLOW
------------------------------------------------------------
[SEQ 350] [IEEE-BASELINE]
SCORE    : anomaly_score=0.000
DECISION : ALLOW
------------------------------------------------------------
[SEQ 351] [LAYER 0]
CMD      : G1 X0.1 Y0.1 E20 F600
TRUST    : acc_cmd=1.000 | acc_exec=0.000 | trust=0.003
DECISION : PAUSE
MACHINE  : Machine-4
------------------------------------------------------------
[SEQ 351] [STATIC-BASELINE]
CMD      : G1 | effects={'dx': 0.0, 'dy': 0.0, 'dz': 0.0, 'de': 0.0, 'xy_dist': 0.0, 'params': {'G': 1.0, 'X': 0.1, 'Y': 0.1, 'E': 20.0, 'F': 600.0}}
DECISION : ALLOW
------------------------------------------------------------
[SEQ 351] [IEEE-BASELINE]
SCORE    : anomaly_score=0.000
DECISION : ALLOW
------------------------------------------------------------
[SEQ 352] [LAYER 0]
CMD      : G1 X0.1 Y0.1 E20 F600
TRUST    : acc_cmd=1.000 | acc_exec=1.000 | trust=0.002
DECISION : PAUSE
MACHINE  : Machine-4
------------------------------------------------------------
[SEQ 352] [STATIC-BASELINE]
CMD      : G1 | effects={'dx': 0.0, 'dy': 0.0, 'dz': 0.0, 'de': 0.0, 'xy_dist': 0.0, 'params': {'G': 1.0, 'X': 0.1, 'Y': 0.1, 'E': 20.0, 'F': 600.0}}
DECISION : ALLOW
------------------------------------------------------------
[SEQ 352] [IEEE-BASELINE]
SCORE    : anomaly_score=0.000
DECISION : ALLOW
------------------------------------------------------------
[SEQ 353] [LAYER 0]
CMD      : G1 X0.1 Y0.1 E20 F600
TRUST    : acc_cmd=1.000 | acc_exec=1.000 | trust=0.001
DECISION : PAUSE
MACHINE  : Machine-4
------------------------------------------------------------
[SEQ 353] [STATIC-BASELINE]
CMD      : G1 | effects={'dx': 0.0, 'dy': 0.0, 'dz': 0.0, 'de': 0.0, 'xy_dist': 0.0, 'params': {'G': 1.0, 'X': 0.1, 'Y': 0.1, 'E': 20.0, 'F': 600.0}}
DECISION : ALLOW
------------------------------------------------------------
[SEQ 353] [IEEE-BASELINE]
SCORE    : anomaly_score=0.000
DECISION : ALLOW
------------------------------------------------------------
[SEQ 354] [LAYER 0]
CMD      : G1 X0.1 Y0.1 E20 F600
TRUST    : acc_cmd=1.000 | acc_exec=1.000 | trust=0.001
DECISION : PAUSE
MACHINE  : Machine-4
------------------------------------------------------------
[SEQ 354] [STATIC-BASELINE]
CMD      : G1 | effects={'dx': 0.0, 'dy': 0.0, 'dz': 0.0, 'de': 0.0, 'xy_dist': 0.0, 'params': {'G': 1.0, 'X': 0.1, 'Y': 0.1, 'E': 20.0, 'F': 600.0}}
DECISION : ALLOW
------------------------------------------------------------
[SEQ 354] [IEEE-BASELINE]
SCORE    : anomaly_score=0.000
DECISION : ALLOW
------------------------------------------------------------
[SEQ 355] [LAYER 0]
CMD      : G1 X164.44 Y123.977 E9.69384
TRUST    : acc_cmd=0.000 | acc_exec=0.586 | trust=0.003
DECISION : PAUSE
MACHINE  : Machine-4
------------------------------------------------------------
[SEQ 355] [STATIC-BASELINE]
CMD      : G1 | effects={'dx': 164.34, 'dy': 123.87700000000001, 'dz': 0.0, 'de': -10.30616, 'xy_dist': 205.79880157328418, 'params': {'G': 1.0, 'X': 164.44, 'Y': 123.977, 'E': 9.69384}}
DECISION : ALLOW
------------------------------------------------------------
[SEQ 355] [IEEE-BASELINE]
SCORE    : anomaly_score=0.000
DECISION : ALLOW
------------------------------------------------------------
[SEQ 356] [LAYER 0]
CMD      : G1 X0.1 Y0.1 E20 F600
TRUST    : acc_cmd=1.000 | acc_exec=0.000 | trust=0.003
DECISION : PAUSE
MACHINE  : Machine-4
------------------------------------------------------------
[SEQ 356] [STATIC-BASELINE]
CMD      : G1 | effects={'dx': -164.34, 'dy': -123.87700000000001, 'dz': 0.0, 'de': 10.30616, 'xy_dist': 205.79880157328418, 'params': {'G': 1.0, 'X': 0.1, 'Y': 0.1, 'E': 20.0, 'F': 600.0}}
DECISION : ALLOW
------------------------------------------------------------
[SEQ 356] [IEEE-BASELINE]
SCORE    : anomaly_score=0.000
DECISION : ALLOW
------------------------------------------------------------
[SEQ 357] [LAYER 0]
CMD      : G1 X0.1 Y0.1 E20 F600
TRUST    : acc_cmd=1.000 | acc_exec=0.000 | trust=0.002
DECISION : PAUSE
MACHINE  : Machine-4
------------------------------------------------------------
[SEQ 357] [STATIC-BASELINE]
CMD      : G1 | effects={'dx': 0.0, 'dy': 0.0, 'dz': 0.0, 'de': 0.0, 'xy_dist': 0.0, 'params': {'G': 1.0, 'X': 0.1, 'Y': 0.1, 'E': 20.0, 'F': 600.0}}
DECISION : ALLOW
------------------------------------------------------------
[SEQ 357] [IEEE-BASELINE]
SCORE    : anomaly_score=0.000
DECISION : ALLOW
------------------------------------------------------------
[SEQ 358] [LAYER 0]
CMD      : G1 X161.379 Y121.777 E9.76716
TRUST    : acc_cmd=0.000 | acc_exec=0.574 | trust=0.014
DECISION : PAUSE
MACHINE  : Machine-4
------------------------------------------------------------
[SEQ 358] [STATIC-BASELINE]
CMD      : G1 | effects={'dx': 161.279, 'dy': 121.677, 'dz': 0.0, 'de': -10.23284, 'xy_dist': 202.03021598265937, 'params': {'G': 1.0, 'X': 161.379, 'Y': 121.777, 'E': 9.76716}}
DECISION : ALLOW
------------------------------------------------------------
[SEQ 358] [IEEE-BASELINE]
SCORE    : anomaly_score=0.000
DECISION : ALLOW
------------------------------------------------------------
[SEQ 359] [LAYER 0]
CMD      : G1 X0.1 Y0.1 E20 F600
TRUST    : acc_cmd=1.000 | acc_exec=0.000 | trust=0.009
DECISION : PAUSE
MACHINE  : Machine-4
------------------------------------------------------------
[SEQ 359] [STATIC-BASELINE]
CMD      : G1 | effects={'dx': -161.279, 'dy': -121.677, 'dz': 0.0, 'de': 10.23284, 'xy_dist': 202.03021598265937, 'params': {'G': 1.0, 'X': 0.1, 'Y': 0.1, 'E': 20.0, 'F': 600.0}}
DECISION : ALLOW
------------------------------------------------------------
[SEQ 359] [IEEE-BASELINE]
SCORE    : anomaly_score=0.000
DECISION : ALLOW
------------------------------------------------------------
[SEQ 360] [LAYER 0]
CMD      : G1 X0.1 Y0.1 E20 F600
TRUST    : acc_cmd=1.000 | acc_exec=0.000 | trust=0.005
DECISION : PAUSE
MACHINE  : Machine-4
------------------------------------------------------------
[SEQ 360] [STATIC-BASELINE]
CMD      : G1 | effects={'dx': 0.0, 'dy': 0.0, 'dz': 0.0, 'de': 0.0, 'xy_dist': 0.0, 'params': {'G': 1.0, 'X': 0.1, 'Y': 0.1, 'E': 20.0, 'F': 600.0}}
DECISION : ALLOW
------------------------------------------------------------
[SEQ 360] [IEEE-BASELINE]
SCORE    : anomaly_score=0.000
DECISION : ALLOW
------------------------------------------------------------
[SEQ 361] [LAYER 0]
CMD      : G1 X0.1 Y0.1 E20 F600
TRUST    : acc_cmd=1.000 | acc_exec=0.000 | trust=0.003
DECISION : PAUSE
MACHINE  : Machine-4
------------------------------------------------------------
[SEQ 361] [STATIC-BASELINE]
CMD      : G1 | effects={'dx': 0.0, 'dy': 0.0, 'dz': 0.0, 'de': 0.0, 'xy_dist': 0.0, 'params': {'G': 1.0, 'X': 0.1, 'Y': 0.1, 'E': 20.0, 'F': 600.0}}
DECISION : ALLOW
------------------------------------------------------------
[SEQ 361] [IEEE-BASELINE]
SCORE    : anomaly_score=0.000
DECISION : ALLOW
------------------------------------------------------------
[SEQ 362] [LAYER 0]
CMD      : G1 X0.1 Y0.1 E20 F600
TRUST    : acc_cmd=1.000 | acc_exec=1.000 | trust=0.002
DECISION : PAUSE
MACHINE  : Machine-4
------------------------------------------------------------
[SEQ 362] [STATIC-BASELINE]
CMD      : G1 | effects={'dx': 0.0, 'dy': 0.0, 'dz': 0.0, 'de': 0.0, 'xy_dist': 0.0, 'params': {'G': 1.0, 'X': 0.1, 'Y': 0.1, 'E': 20.0, 'F': 600.0}}
DECISION : ALLOW
------------------------------------------------------------
[SEQ 362] [IEEE-BASELINE]
SCORE    : anomaly_score=0.000
DECISION : ALLOW
------------------------------------------------------------
[SEQ 363] [LAYER 0]
CMD      : G1 X0.1 Y0.1 E20 F600
TRUST    : acc_cmd=1.000 | acc_exec=1.000 | trust=0.001
DECISION : PAUSE
MACHINE  : Machine-4
------------------------------------------------------------
[SEQ 363] [STATIC-BASELINE]
CMD      : G1 | effects={'dx': 0.0, 'dy': 0.0, 'dz': 0.0, 'de': 0.0, 'xy_dist': 0.0, 'params': {'G': 1.0, 'X': 0.1, 'Y': 0.1, 'E': 20.0, 'F': 600.0}}
DECISION : ALLOW
------------------------------------------------------------
[SEQ 363] [IEEE-BASELINE]
SCORE    : anomaly_score=0.000
DECISION : ALLOW
------------------------------------------------------------
[SEQ 364] [LAYER 0]
CMD      : G1 X0.1 Y0.1 E20 F600
TRUST    : acc_cmd=1.000 | acc_exec=1.000 | trust=0.001
DECISION : PAUSE
MACHINE  : Machine-4
------------------------------------------------------------
[SEQ 364] [STATIC-BASELINE]
CMD      : G1 | effects={'dx': 0.0, 'dy': 0.0, 'dz': 0.0, 'de': 0.0, 'xy_dist': 0.0, 'params': {'G': 1.0, 'X': 0.1, 'Y': 0.1, 'E': 20.0, 'F': 600.0}}
DECISION : ALLOW
------------------------------------------------------------
[SEQ 364] [IEEE-BASELINE]
SCORE    : anomaly_score=0.000
DECISION : ALLOW
------------------------------------------------------------
[SEQ 365] [LAYER 0]
CMD      : G1 X0.1 Y0.1 E20 F600
TRUST    : acc_cmd=1.000 | acc_exec=1.000 | trust=0.001
DECISION : PAUSE
MACHINE  : Machine-4
------------------------------------------------------------
[SEQ 365] [STATIC-BASELINE]
CMD      : G1 | effects={'dx': 0.0, 'dy': 0.0, 'dz': 0.0, 'de': 0.0, 'xy_dist': 0.0, 'params': {'G': 1.0, 'X': 0.1, 'Y': 0.1, 'E': 20.0, 'F': 600.0}}
DECISION : ALLOW
------------------------------------------------------------
[SEQ 365] [IEEE-BASELINE]
SCORE    : anomaly_score=0.000
DECISION : ALLOW
------------------------------------------------------------
[SEQ 366] [LAYER 0]
CMD      : G1 X0.1 Y0.1 E20 F600
TRUST    : acc_cmd=1.000 | acc_exec=1.000 | trust=0.001
DECISION : PAUSE
MACHINE  : Machine-4
------------------------------------------------------------
[SEQ 366] [STATIC-BASELINE]
CMD      : G1 | effects={'dx': 0.0, 'dy': 0.0, 'dz': 0.0, 'de': 0.0, 'xy_dist': 0.0, 'params': {'G': 1.0, 'X': 0.1, 'Y': 0.1, 'E': 20.0, 'F': 600.0}}
DECISION : ALLOW
------------------------------------------------------------
[SEQ 366] [IEEE-BASELINE]
SCORE    : anomaly_score=0.000
DECISION : ALLOW
------------------------------------------------------------
[SEQ 367] [LAYER 0]
CMD      : G1 X0.1 Y0.1 E20 F600
TRUST    : acc_cmd=1.000 | acc_exec=1.000 | trust=0.001
DECISION : PAUSE
MACHINE  : Machine-4
------------------------------------------------------------
[SEQ 367] [STATIC-BASELINE]
CMD      : G1 | effects={'dx': 0.0, 'dy': 0.0, 'dz': 0.0, 'de': 0.0, 'xy_dist': 0.0, 'params': {'G': 1.0, 'X': 0.1, 'Y': 0.1, 'E': 20.0, 'F': 600.0}}
DECISION : ALLOW
------------------------------------------------------------
[SEQ 367] [IEEE-BASELINE]
SCORE    : anomaly_score=0.000
DECISION : ALLOW
------------------------------------------------------------
[SEQ 368] [LAYER 0]
CMD      : G1 X0.1 Y0.1 E20 F600
TRUST    : acc_cmd=1.000 | acc_exec=1.000 | trust=0.001
DECISION : PAUSE
MACHINE  : Machine-4
------------------------------------------------------------
[SEQ 368] [STATIC-BASELINE]
CMD      : G1 | effects={'dx': 0.0, 'dy': 0.0, 'dz': 0.0, 'de': 0.0, 'xy_dist': 0.0, 'params': {'G': 1.0, 'X': 0.1, 'Y': 0.1, 'E': 20.0, 'F': 600.0}}
DECISION : ALLOW
------------------------------------------------------------
[SEQ 368] [IEEE-BASELINE]
SCORE    : anomaly_score=0.000
DECISION : ALLOW
------------------------------------------------------------
[SEQ 369] [LAYER 0]
CMD      : G1 X0.1 Y0.1 E20 F600
TRUST    : acc_cmd=1.000 | acc_exec=1.000 | trust=0.001
DECISION : PAUSE
MACHINE  : Machine-4
------------------------------------------------------------
[SEQ 369] [STATIC-BASELINE]
CMD      : G1 | effects={'dx': 0.0, 'dy': 0.0, 'dz': 0.0, 'de': 0.0, 'xy_dist': 0.0, 'params': {'G': 1.0, 'X': 0.1, 'Y': 0.1, 'E': 20.0, 'F': 600.0}}
DECISION : ALLOW
------------------------------------------------------------
[SEQ 369] [IEEE-BASELINE]
SCORE    : anomaly_score=0.000
DECISION : ALLOW
------------------------------------------------------------
[SEQ 370] [LAYER 0]
CMD      : G1 X0.1 Y0.1 E20 F600
TRUST    : acc_cmd=1.000 | acc_exec=1.000 | trust=0.001
DECISION : PAUSE
MACHINE  : Machine-4
------------------------------------------------------------
[SEQ 370] [STATIC-BASELINE]
CMD      : G1 | effects={'dx': 0.0, 'dy': 0.0, 'dz': 0.0, 'de': 0.0, 'xy_dist': 0.0, 'params': {'G': 1.0, 'X': 0.1, 'Y': 0.1, 'E': 20.0, 'F': 600.0}}
DECISION : ALLOW
------------------------------------------------------------
[SEQ 370] [IEEE-BASELINE]
SCORE    : anomaly_score=0.000
DECISION : ALLOW
------------------------------------------------------------
[SEQ 371] [LAYER 0]
CMD      : G1 X0.1 Y0.1 E20 F600
TRUST    : acc_cmd=1.000 | acc_exec=1.000 | trust=0.001
DECISION : PAUSE
MACHINE  : Machine-4
------------------------------------------------------------
[SEQ 371] [STATIC-BASELINE]
CMD      : G1 | effects={'dx': 0.0, 'dy': 0.0, 'dz': 0.0, 'de': 0.0, 'xy_dist': 0.0, 'params': {'G': 1.0, 'X': 0.1, 'Y': 0.1, 'E': 20.0, 'F': 600.0}}
DECISION : ALLOW
------------------------------------------------------------
[SEQ 371] [IEEE-BASELINE]
SCORE    : anomaly_score=0.000
DECISION : ALLOW
------------------------------------------------------------
[SEQ 372] [LAYER 0]
CMD      : G1 X0.1 Y0.1 E20 F600
TRUST    : acc_cmd=1.000 | acc_exec=1.000 | trust=0.001
DECISION : PAUSE
MACHINE  : Machine-4
------------------------------------------------------------
[SEQ 372] [STATIC-BASELINE]
CMD      : G1 | effects={'dx': 0.0, 'dy': 0.0, 'dz': 0.0, 'de': 0.0, 'xy_dist': 0.0, 'params': {'G': 1.0, 'X': 0.1, 'Y': 0.1, 'E': 20.0, 'F': 600.0}}
DECISION : ALLOW
------------------------------------------------------------
[SEQ 372] [IEEE-BASELINE]
SCORE    : anomaly_score=0.000
DECISION : ALLOW
------------------------------------------------------------
[SEQ 373] [LAYER 0]
CMD      : G1 X0.1 Y0.1 E20 F600
TRUST    : acc_cmd=1.000 | acc_exec=1.000 | trust=0.001
DECISION : PAUSE
MACHINE  : Machine-4
------------------------------------------------------------
[SEQ 373] [STATIC-BASELINE]
CMD      : G1 | effects={'dx': 0.0, 'dy': 0.0, 'dz': 0.0, 'de': 0.0, 'xy_dist': 0.0, 'params': {'G': 1.0, 'X': 0.1, 'Y': 0.1, 'E': 20.0, 'F': 600.0}}
DECISION : ALLOW
------------------------------------------------------------
[SEQ 373] [IEEE-BASELINE]
SCORE    : anomaly_score=0.000
DECISION : ALLOW
------------------------------------------------------------
[SEQ 374] [LAYER 0]
CMD      : G1 X0.1 Y0.1 E20 F600
TRUST    : acc_cmd=1.000 | acc_exec=1.000 | trust=0.001
DECISION : PAUSE
MACHINE  : Machine-4
------------------------------------------------------------
[SEQ 374] [STATIC-BASELINE]
CMD      : G1 | effects={'dx': 0.0, 'dy': 0.0, 'dz': 0.0, 'de': 0.0, 'xy_dist': 0.0, 'params': {'G': 1.0, 'X': 0.1, 'Y': 0.1, 'E': 20.0, 'F': 600.0}}
DECISION : ALLOW
------------------------------------------------------------
[SEQ 374] [IEEE-BASELINE]
SCORE    : anomaly_score=0.000
DECISION : ALLOW
------------------------------------------------------------
[SEQ 375] [LAYER 0]
CMD      : G1 X0.1 Y0.1 E20 F600
TRUST    : acc_cmd=1.000 | acc_exec=1.000 | trust=0.001
DECISION : PAUSE
MACHINE  : Machine-4
------------------------------------------------------------
[SEQ 375] [STATIC-BASELINE]
CMD      : G1 | effects={'dx': 0.0, 'dy': 0.0, 'dz': 0.0, 'de': 0.0, 'xy_dist': 0.0, 'params': {'G': 1.0, 'X': 0.1, 'Y': 0.1, 'E': 20.0, 'F': 600.0}}
DECISION : ALLOW
------------------------------------------------------------
[SEQ 375] [IEEE-BASELINE]
SCORE    : anomaly_score=0.000
DECISION : ALLOW
------------------------------------------------------------
[SEQ 376] [LAYER 0]
CMD      : G1 X0.1 Y0.1 E20 F600
TRUST    : acc_cmd=1.000 | acc_exec=1.000 | trust=0.001
DECISION : PAUSE
MACHINE  : Machine-4
------------------------------------------------------------
[SEQ 376] [STATIC-BASELINE]
CMD      : G1 | effects={'dx': 0.0, 'dy': 0.0, 'dz': 0.0, 'de': 0.0, 'xy_dist': 0.0, 'params': {'G': 1.0, 'X': 0.1, 'Y': 0.1, 'E': 20.0, 'F': 600.0}}
DECISION : ALLOW
------------------------------------------------------------
[SEQ 376] [IEEE-BASELINE]
SCORE    : anomaly_score=0.000
DECISION : ALLOW
------------------------------------------------------------
[SEQ 377] [LAYER 0]
CMD      : G1 X0.1 Y0.1 E20 F600
TRUST    : acc_cmd=1.000 | acc_exec=1.000 | trust=0.001
DECISION : PAUSE
MACHINE  : Machine-4
------------------------------------------------------------
[SEQ 377] [STATIC-BASELINE]
CMD      : G1 | effects={'dx': 0.0, 'dy': 0.0, 'dz': 0.0, 'de': 0.0, 'xy_dist': 0.0, 'params': {'G': 1.0, 'X': 0.1, 'Y': 0.1, 'E': 20.0, 'F': 600.0}}
DECISION : ALLOW
------------------------------------------------------------
[SEQ 377] [IEEE-BASELINE]
SCORE    : anomaly_score=0.000
DECISION : ALLOW
------------------------------------------------------------
[SEQ 378] [LAYER 0]
CMD      : G1 X0.1 Y0.1 E20 F600
TRUST    : acc_cmd=1.000 | acc_exec=1.000 | trust=0.001
DECISION : PAUSE
MACHINE  : Machine-4
------------------------------------------------------------
[SEQ 378] [STATIC-BASELINE]
CMD      : G1 | effects={'dx': 0.0, 'dy': 0.0, 'dz': 0.0, 'de': 0.0, 'xy_dist': 0.0, 'params': {'G': 1.0, 'X': 0.1, 'Y': 0.1, 'E': 20.0, 'F': 600.0}}
DECISION : ALLOW
------------------------------------------------------------
[SEQ 378] [IEEE-BASELINE]
SCORE    : anomaly_score=0.000
DECISION : ALLOW
------------------------------------------------------------
[SEQ 379] [LAYER 0]
CMD      : G1 X0.1 Y0.1 E20 F600
TRUST    : acc_cmd=1.000 | acc_exec=1.000 | trust=0.001
DECISION : PAUSE
MACHINE  : Machine-4
------------------------------------------------------------
[SEQ 379] [STATIC-BASELINE]
CMD      : G1 | effects={'dx': 0.0, 'dy': 0.0, 'dz': 0.0, 'de': 0.0, 'xy_dist': 0.0, 'params': {'G': 1.0, 'X': 0.1, 'Y': 0.1, 'E': 20.0, 'F': 600.0}}
DECISION : ALLOW
------------------------------------------------------------
[SEQ 379] [IEEE-BASELINE]
SCORE    : anomaly_score=0.000
DECISION : ALLOW
------------------------------------------------------------
[SEQ 380] [LAYER 0]
CMD      : G1 X0.1 Y0.1 E20 F600
TRUST    : acc_cmd=1.000 | acc_exec=1.000 | trust=0.001
DECISION : PAUSE
MACHINE  : Machine-4
------------------------------------------------------------
[SEQ 380] [STATIC-BASELINE]
CMD      : G1 | effects={'dx': 0.0, 'dy': 0.0, 'dz': 0.0, 'de': 0.0, 'xy_dist': 0.0, 'params': {'G': 1.0, 'X': 0.1, 'Y': 0.1, 'E': 20.0, 'F': 600.0}}
DECISION : ALLOW
------------------------------------------------------------
[SEQ 380] [IEEE-BASELINE]
SCORE    : anomaly_score=0.000
DECISION : ALLOW
------------------------------------------------------------
[SEQ 381] [LAYER 0]
CMD      : G1 X0.1 Y0.1 E20 F600
TRUST    : acc_cmd=1.000 | acc_exec=1.000 | trust=0.001
DECISION : PAUSE
MACHINE  : Machine-4
------------------------------------------------------------
[SEQ 381] [STATIC-BASELINE]
CMD      : G1 | effects={'dx': 0.0, 'dy': 0.0, 'dz': 0.0, 'de': 0.0, 'xy_dist': 0.0, 'params': {'G': 1.0, 'X': 0.1, 'Y': 0.1, 'E': 20.0, 'F': 600.0}}
DECISION : ALLOW
------------------------------------------------------------
[SEQ 381] [IEEE-BASELINE]
SCORE    : anomaly_score=0.000
DECISION : ALLOW
------------------------------------------------------------
[SEQ 382] [LAYER 0]
CMD      : G1 X0.1 Y0.1 E20 F600
TRUST    : acc_cmd=1.000 | acc_exec=1.000 | trust=0.001
DECISION : PAUSE
MACHINE  : Machine-4
------------------------------------------------------------
[SEQ 382] [STATIC-BASELINE]
CMD      : G1 | effects={'dx': 0.0, 'dy': 0.0, 'dz': 0.0, 'de': 0.0, 'xy_dist': 0.0, 'params': {'G': 1.0, 'X': 0.1, 'Y': 0.1, 'E': 20.0, 'F': 600.0}}
DECISION : ALLOW
------------------------------------------------------------
[SEQ 382] [IEEE-BASELINE]
SCORE    : anomaly_score=0.000
DECISION : ALLOW
------------------------------------------------------------
[SEQ 383] [LAYER 0]
CMD      : G1 X0.1 Y0.1 E20 F600
TRUST    : acc_cmd=1.000 | acc_exec=1.000 | trust=0.001
DECISION : PAUSE
MACHINE  : Machine-4
------------------------------------------------------------
[SEQ 383] [STATIC-BASELINE]
CMD      : G1 | effects={'dx': 0.0, 'dy': 0.0, 'dz': 0.0, 'de': 0.0, 'xy_dist': 0.0, 'params': {'G': 1.0, 'X': 0.1, 'Y': 0.1, 'E': 20.0, 'F': 600.0}}
DECISION : ALLOW
------------------------------------------------------------
[SEQ 383] [IEEE-BASELINE]
SCORE    : anomaly_score=0.000
DECISION : ALLOW
------------------------------------------------------------
[SEQ 384] [LAYER 0]
CMD      : G1 X0.1 Y0.1 E20 F600
TRUST    : acc_cmd=1.000 | acc_exec=1.000 | trust=0.001
DECISION : PAUSE
MACHINE  : Machine-4
------------------------------------------------------------
[SEQ 384] [STATIC-BASELINE]
CMD      : G1 | effects={'dx': 0.0, 'dy': 0.0, 'dz': 0.0, 'de': 0.0, 'xy_dist': 0.0, 'params': {'G': 1.0, 'X': 0.1, 'Y': 0.1, 'E': 20.0, 'F': 600.0}}
DECISION : ALLOW
------------------------------------------------------------
[SEQ 384] [IEEE-BASELINE]
SCORE    : anomaly_score=0.000
DECISION : ALLOW
------------------------------------------------------------
[SEQ 385] [LAYER 0]
CMD      : G1 X0.1 Y0.1 E20 F600
TRUST    : acc_cmd=1.000 | acc_exec=1.000 | trust=0.001
DECISION : PAUSE
MACHINE  : Machine-4
------------------------------------------------------------
[SEQ 385] [STATIC-BASELINE]
CMD      : G1 | effects={'dx': 0.0, 'dy': 0.0, 'dz': 0.0, 'de': 0.0, 'xy_dist': 0.0, 'params': {'G': 1.0, 'X': 0.1, 'Y': 0.1, 'E': 20.0, 'F': 600.0}}
DECISION : ALLOW
------------------------------------------------------------
[SEQ 385] [IEEE-BASELINE]
SCORE    : anomaly_score=0.000
DECISION : ALLOW
------------------------------------------------------------
[SEQ 386] [LAYER 0]
CMD      : G1 X0.1 Y0.1 E20 F600
TRUST    : acc_cmd=1.000 | acc_exec=1.000 | trust=0.001
DECISION : PAUSE
MACHINE  : Machine-4
------------------------------------------------------------
[SEQ 386] [STATIC-BASELINE]
CMD      : G1 | effects={'dx': 0.0, 'dy': 0.0, 'dz': 0.0, 'de': 0.0, 'xy_dist': 0.0, 'params': {'G': 1.0, 'X': 0.1, 'Y': 0.1, 'E': 20.0, 'F': 600.0}}
DECISION : ALLOW
------------------------------------------------------------
[SEQ 386] [IEEE-BASELINE]
SCORE    : anomaly_score=0.000
DECISION : ALLOW
------------------------------------------------------------
[SEQ 387] [LAYER 0]
CMD      : G1 F1800 X163.109 Y117.406 E10.29198
TRUST    : acc_cmd=0.000 | acc_exec=0.494 | trust=0.002
DECISION : PAUSE
MACHINE  : Machine-4
------------------------------------------------------------
[SEQ 387] [STATIC-BASELINE]
CMD      : G1 | effects={'dx': 163.00900000000001, 'dy': 117.30600000000001, 'dz': 0.0, 'de': -9.70802, 'xy_dist': 200.82985763327127, 'params': {'G': 1.0, 'F': 1800.0, 'X': 163.109, 'Y': 117.406, 'E': 10.29198}}
DECISION : ALLOW
------------------------------------------------------------
[SEQ 387] [IEEE-BASELINE]
SCORE    : anomaly_score=0.000
DECISION : ALLOW
------------------------------------------------------------
[SEQ 388] [LAYER 0]
CMD      : G1 X0.1 Y0.1 E20 F600
TRUST    : acc_cmd=1.000 | acc_exec=0.000 | trust=0.003
DECISION : PAUSE
MACHINE  : Machine-4
------------------------------------------------------------
[SEQ 388] [STATIC-BASELINE]
CMD      : G1 | effects={'dx': -163.00900000000001, 'dy': -117.30600000000001, 'dz': 0.0, 'de': 9.70802, 'xy_dist': 200.82985763327127, 'params': {'G': 1.0, 'X': 0.1, 'Y': 0.1, 'E': 20.0, 'F': 600.0}}
DECISION : ALLOW
------------------------------------------------------------
[SEQ 388] [IEEE-BASELINE]
SCORE    : anomaly_score=0.000
DECISION : ALLOW
------------------------------------------------------------
[SEQ 389] [LAYER 0]
CMD      : G1 X0.1 Y0.1 E20 F600
TRUST    : acc_cmd=1.000 | acc_exec=0.000 | trust=0.002
DECISION : PAUSE
MACHINE  : Machine-4
------------------------------------------------------------
[SEQ 389] [STATIC-BASELINE]
CMD      : G1 | effects={'dx': 0.0, 'dy': 0.0, 'dz': 0.0, 'de': 0.0, 'xy_dist': 0.0, 'params': {'G': 1.0, 'X': 0.1, 'Y': 0.1, 'E': 20.0, 'F': 600.0}}
DECISION : ALLOW
------------------------------------------------------------
[SEQ 389] [IEEE-BASELINE]
SCORE    : anomaly_score=0.000
DECISION : ALLOW
------------------------------------------------------------
[SEQ 390] [LAYER 0]
CMD      : G1 X0.1 Y0.1 E20 F600
TRUST    : acc_cmd=1.000 | acc_exec=0.000 | trust=0.001
DECISION : PAUSE
MACHINE  : Machine-4
------------------------------------------------------------
[SEQ 390] [STATIC-BASELINE]
CMD      : G1 | effects={'dx': 0.0, 'dy': 0.0, 'dz': 0.0, 'de': 0.0, 'xy_dist': 0.0, 'params': {'G': 1.0, 'X': 0.1, 'Y': 0.1, 'E': 20.0, 'F': 600.0}}
DECISION : ALLOW
------------------------------------------------------------
[SEQ 390] [IEEE-BASELINE]
SCORE    : anomaly_score=0.000
DECISION : ALLOW
------------------------------------------------------------
[SEQ 391] [LAYER 0]
CMD      : G1 X0.1 Y0.1 E20 F600
TRUST    : acc_cmd=1.000 | acc_exec=1.000 | trust=0.001
DECISION : PAUSE
MACHINE  : Machine-4
------------------------------------------------------------
[SEQ 391] [STATIC-BASELINE]
CMD      : G1 | effects={'dx': 0.0, 'dy': 0.0, 'dz': 0.0, 'de': 0.0, 'xy_dist': 0.0, 'params': {'G': 1.0, 'X': 0.1, 'Y': 0.1, 'E': 20.0, 'F': 600.0}}
DECISION : ALLOW
------------------------------------------------------------
[SEQ 391] [IEEE-BASELINE]
SCORE    : anomaly_score=0.000
DECISION : ALLOW
------------------------------------------------------------
[SEQ 392] [LAYER 0]
CMD      : G1 X0.1 Y0.1 E20 F600
TRUST    : acc_cmd=1.000 | acc_exec=1.000 | trust=0.001
DECISION : PAUSE
MACHINE  : Machine-4
------------------------------------------------------------
[SEQ 392] [STATIC-BASELINE]
CMD      : G1 | effects={'dx': 0.0, 'dy': 0.0, 'dz': 0.0, 'de': 0.0, 'xy_dist': 0.0, 'params': {'G': 1.0, 'X': 0.1, 'Y': 0.1, 'E': 20.0, 'F': 600.0}}
DECISION : ALLOW
------------------------------------------------------------
[SEQ 392] [IEEE-BASELINE]
SCORE    : anomaly_score=0.000
DECISION : ALLOW
------------------------------------------------------------
[SEQ 393] [LAYER 0]
CMD      : G1 X0.1 Y0.1 E20 F600
TRUST    : acc_cmd=1.000 | acc_exec=1.000 | trust=0.001
DECISION : PAUSE
MACHINE  : Machine-4
------------------------------------------------------------
[SEQ 393] [STATIC-BASELINE]
CMD      : G1 | effects={'dx': 0.0, 'dy': 0.0, 'dz': 0.0, 'de': 0.0, 'xy_dist': 0.0, 'params': {'G': 1.0, 'X': 0.1, 'Y': 0.1, 'E': 20.0, 'F': 600.0}}
DECISION : ALLOW
------------------------------------------------------------
[SEQ 393] [IEEE-BASELINE]
SCORE    : anomaly_score=0.000
DECISION : ALLOW
------------------------------------------------------------
[SEQ 394] [LAYER 0]
CMD      : G1 X0.1 Y0.1 E20 F600
TRUST    : acc_cmd=1.000 | acc_exec=1.000 | trust=0.001
DECISION : PAUSE
MACHINE  : Machine-4
------------------------------------------------------------
[SEQ 394] [STATIC-BASELINE]
CMD      : G1 | effects={'dx': 0.0, 'dy': 0.0, 'dz': 0.0, 'de': 0.0, 'xy_dist': 0.0, 'params': {'G': 1.0, 'X': 0.1, 'Y': 0.1, 'E': 20.0, 'F': 600.0}}
DECISION : ALLOW
------------------------------------------------------------
[SEQ 394] [IEEE-BASELINE]
SCORE    : anomaly_score=0.000
DECISION : ALLOW
------------------------------------------------------------
[SEQ 395] [LAYER 0]
CMD      : G1 X0.1 Y0.1 E20 F600
TRUST    : acc_cmd=1.000 | acc_exec=1.000 | trust=0.001
DECISION : PAUSE
MACHINE  : Machine-4
------------------------------------------------------------
[SEQ 395] [STATIC-BASELINE]
CMD      : G1 | effects={'dx': 0.0, 'dy': 0.0, 'dz': 0.0, 'de': 0.0, 'xy_dist': 0.0, 'params': {'G': 1.0, 'X': 0.1, 'Y': 0.1, 'E': 20.0, 'F': 600.0}}
DECISION : ALLOW
------------------------------------------------------------
[SEQ 395] [IEEE-BASELINE]
SCORE    : anomaly_score=0.000
DECISION : ALLOW
------------------------------------------------------------
[SEQ 396] [LAYER 0]
CMD      : G1 X0.1 Y0.1 E20 F600
TRUST    : acc_cmd=1.000 | acc_exec=1.000 | trust=0.001
DECISION : PAUSE
MACHINE  : Machine-4
------------------------------------------------------------
[SEQ 396] [STATIC-BASELINE]
CMD      : G1 | effects={'dx': 0.0, 'dy': 0.0, 'dz': 0.0, 'de': 0.0, 'xy_dist': 0.0, 'params': {'G': 1.0, 'X': 0.1, 'Y': 0.1, 'E': 20.0, 'F': 600.0}}
DECISION : ALLOW
------------------------------------------------------------
[SEQ 396] [IEEE-BASELINE]
SCORE    : anomaly_score=0.000
DECISION : ALLOW
------------------------------------------------------------
[SEQ 397] [LAYER 0]
CMD      : G1 X0.1 Y0.1 E20 F600
TRUST    : acc_cmd=1.000 | acc_exec=1.000 | trust=0.001
DECISION : PAUSE
MACHINE  : Machine-4
------------------------------------------------------------
[SEQ 397] [STATIC-BASELINE]
CMD      : G1 | effects={'dx': 0.0, 'dy': 0.0, 'dz': 0.0, 'de': 0.0, 'xy_dist': 0.0, 'params': {'G': 1.0, 'X': 0.1, 'Y': 0.1, 'E': 20.0, 'F': 600.0}}
DECISION : ALLOW
------------------------------------------------------------
[SEQ 397] [IEEE-BASELINE]
SCORE    : anomaly_score=0.000
DECISION : ALLOW
------------------------------------------------------------
[SEQ 398] [LAYER 0]
CMD      : G1 X0.1 Y0.1 E20 F600
TRUST    : acc_cmd=1.000 | acc_exec=1.000 | trust=0.001
DECISION : PAUSE
MACHINE  : Machine-4
------------------------------------------------------------
[SEQ 398] [STATIC-BASELINE]
CMD      : G1 | effects={'dx': 0.0, 'dy': 0.0, 'dz': 0.0, 'de': 0.0, 'xy_dist': 0.0, 'params': {'G': 1.0, 'X': 0.1, 'Y': 0.1, 'E': 20.0, 'F': 600.0}}
DECISION : ALLOW
------------------------------------------------------------
[SEQ 398] [IEEE-BASELINE]
SCORE    : anomaly_score=0.000
DECISION : ALLOW
------------------------------------------------------------
[SEQ 399] [LAYER 0]
CMD      : G1 X0.1 Y0.1 E20 F600
TRUST    : acc_cmd=1.000 | acc_exec=1.000 | trust=0.001
DECISION : PAUSE
MACHINE  : Machine-4
------------------------------------------------------------
[SEQ 399] [STATIC-BASELINE]
CMD      : G1 | effects={'dx': 0.0, 'dy': 0.0, 'dz': 0.0, 'de': 0.0, 'xy_dist': 0.0, 'params': {'G': 1.0, 'X': 0.1, 'Y': 0.1, 'E': 20.0, 'F': 600.0}}
DECISION : ALLOW
------------------------------------------------------------
[SEQ 399] [IEEE-BASELINE]
SCORE    : anomaly_score=0.000
DECISION : ALLOW
------------------------------------------------------------
[SEQ 400] [LAYER 0]
CMD      : G1 X0.1 Y0.1 E20 F600
TRUST    : acc_cmd=1.000 | acc_exec=1.000 | trust=0.001
DECISION : PAUSE
MACHINE  : Machine-4
------------------------------------------------------------
[SEQ 400] [STATIC-BASELINE]
CMD      : G1 | effects={'dx': 0.0, 'dy': 0.0, 'dz': 0.0, 'de': 0.0, 'xy_dist': 0.0, 'params': {'G': 1.0, 'X': 0.1, 'Y': 0.1, 'E': 20.0, 'F': 600.0}}
DECISION : ALLOW
------------------------------------------------------------
[SEQ 400] [IEEE-BASELINE]
SCORE    : anomaly_score=0.000
DECISION : ALLOW
------------------------------------------------------------
[SEQ 401] [LAYER 0]
CMD      : G1 X0.1 Y0.1 E20 F600
TRUST    : acc_cmd=1.000 | acc_exec=1.000 | trust=0.001
DECISION : PAUSE
MACHINE  : Machine-4
------------------------------------------------------------
[SEQ 401] [STATIC-BASELINE]
CMD      : G1 | effects={'dx': 0.0, 'dy': 0.0, 'dz': 0.0, 'de': 0.0, 'xy_dist': 0.0, 'params': {'G': 1.0, 'X': 0.1, 'Y': 0.1, 'E': 20.0, 'F': 600.0}}
DECISION : ALLOW
------------------------------------------------------------
[SEQ 401] [IEEE-BASELINE]
SCORE    : anomaly_score=0.000
DECISION : ALLOW
------------------------------------------------------------
[SEQ 402] [LAYER 0]
CMD      : G1 X0.1 Y0.1 E20 F600
TRUST    : acc_cmd=1.000 | acc_exec=1.000 | trust=0.001
DECISION : PAUSE
MACHINE  : Machine-4
------------------------------------------------------------
[SEQ 402] [STATIC-BASELINE]
CMD      : G1 | effects={'dx': 0.0, 'dy': 0.0, 'dz': 0.0, 'de': 0.0, 'xy_dist': 0.0, 'params': {'G': 1.0, 'X': 0.1, 'Y': 0.1, 'E': 20.0, 'F': 600.0}}
DECISION : ALLOW
------------------------------------------------------------
[SEQ 402] [IEEE-BASELINE]
SCORE    : anomaly_score=0.000
DECISION : ALLOW
------------------------------------------------------------
[SEQ 403] [LAYER 0]
CMD      : G1 X0.1 Y0.1 E20 F600
TRUST    : acc_cmd=1.000 | acc_exec=1.000 | trust=0.001
DECISION : PAUSE
MACHINE  : Machine-4
------------------------------------------------------------
[SEQ 403] [STATIC-BASELINE]
CMD      : G1 | effects={'dx': 0.0, 'dy': 0.0, 'dz': 0.0, 'de': 0.0, 'xy_dist': 0.0, 'params': {'G': 1.0, 'X': 0.1, 'Y': 0.1, 'E': 20.0, 'F': 600.0}}
DECISION : ALLOW
------------------------------------------------------------
[SEQ 403] [IEEE-BASELINE]
SCORE    : anomaly_score=0.000
DECISION : ALLOW
------------------------------------------------------------
[SEQ 404] [LAYER 0]
CMD      : G1 X0.1 Y0.1 E20 F600
TRUST    : acc_cmd=1.000 | acc_exec=1.000 | trust=0.001
DECISION : PAUSE
MACHINE  : Machine-4
------------------------------------------------------------
[SEQ 404] [STATIC-BASELINE]
CMD      : G1 | effects={'dx': 0.0, 'dy': 0.0, 'dz': 0.0, 'de': 0.0, 'xy_dist': 0.0, 'params': {'G': 1.0, 'X': 0.1, 'Y': 0.1, 'E': 20.0, 'F': 600.0}}
DECISION : ALLOW
------------------------------------------------------------
[SEQ 404] [IEEE-BASELINE]
SCORE    : anomaly_score=0.000
DECISION : ALLOW
------------------------------------------------------------
[SEQ 405] [LAYER 0]
CMD      : G1 X0.1 Y0.1 E20 F600
TRUST    : acc_cmd=1.000 | acc_exec=1.000 | trust=0.001
DECISION : PAUSE
MACHINE  : Machine-4
------------------------------------------------------------
[SEQ 405] [STATIC-BASELINE]
CMD      : G1 | effects={'dx': 0.0, 'dy': 0.0, 'dz': 0.0, 'de': 0.0, 'xy_dist': 0.0, 'params': {'G': 1.0, 'X': 0.1, 'Y': 0.1, 'E': 20.0, 'F': 600.0}}
DECISION : ALLOW
------------------------------------------------------------
[SEQ 405] [IEEE-BASELINE]
SCORE    : anomaly_score=0.000
DECISION : ALLOW
------------------------------------------------------------
[SEQ 406] [LAYER 0]
CMD      : G1 X0.1 Y0.1 E20 F600
TRUST    : acc_cmd=1.000 | acc_exec=1.000 | trust=0.001
DECISION : PAUSE
MACHINE  : Machine-4
------------------------------------------------------------
[SEQ 406] [STATIC-BASELINE]
CMD      : G1 | effects={'dx': 0.0, 'dy': 0.0, 'dz': 0.0, 'de': 0.0, 'xy_dist': 0.0, 'params': {'G': 1.0, 'X': 0.1, 'Y': 0.1, 'E': 20.0, 'F': 600.0}}
DECISION : ALLOW
------------------------------------------------------------
[SEQ 406] [IEEE-BASELINE]
SCORE    : anomaly_score=0.000
DECISION : ALLOW
------------------------------------------------------------
[SEQ 407] [LAYER 0]
CMD      : G1 X0.1 Y0.1 E20 F600
TRUST    : acc_cmd=1.000 | acc_exec=1.000 | trust=0.001
DECISION : PAUSE
MACHINE  : Machine-4
------------------------------------------------------------
[SEQ 407] [STATIC-BASELINE]
CMD      : G1 | effects={'dx': 0.0, 'dy': 0.0, 'dz': 0.0, 'de': 0.0, 'xy_dist': 0.0, 'params': {'G': 1.0, 'X': 0.1, 'Y': 0.1, 'E': 20.0, 'F': 600.0}}
DECISION : ALLOW
------------------------------------------------------------
[SEQ 407] [IEEE-BASELINE]
SCORE    : anomaly_score=0.000
DECISION : ALLOW
------------------------------------------------------------
[SEQ 408] [LAYER 0]
CMD      : G1 X0.1 Y0.1 E20 F600
TRUST    : acc_cmd=1.000 | acc_exec=1.000 | trust=0.001
DECISION : PAUSE
MACHINE  : Machine-4
------------------------------------------------------------
[SEQ 408] [STATIC-BASELINE]
CMD      : G1 | effects={'dx': 0.0, 'dy': 0.0, 'dz': 0.0, 'de': 0.0, 'xy_dist': 0.0, 'params': {'G': 1.0, 'X': 0.1, 'Y': 0.1, 'E': 20.0, 'F': 600.0}}
DECISION : ALLOW
------------------------------------------------------------
[SEQ 408] [IEEE-BASELINE]
SCORE    : anomaly_score=0.000
DECISION : ALLOW
------------------------------------------------------------
[SEQ 409] [LAYER 0]
CMD      : G1 X0.1 Y0.1 E20 F600
TRUST    : acc_cmd=1.000 | acc_exec=1.000 | trust=0.001
DECISION : PAUSE
MACHINE  : Machine-4
------------------------------------------------------------
[SEQ 409] [STATIC-BASELINE]
CMD      : G1 | effects={'dx': 0.0, 'dy': 0.0, 'dz': 0.0, 'de': 0.0, 'xy_dist': 0.0, 'params': {'G': 1.0, 'X': 0.1, 'Y': 0.1, 'E': 20.0, 'F': 600.0}}
DECISION : ALLOW
------------------------------------------------------------
[SEQ 409] [IEEE-BASELINE]
SCORE    : anomaly_score=0.000
DECISION : ALLOW
------------------------------------------------------------
[SEQ 410] [LAYER 0]
CMD      : G1 F1800 X163.353 Y117.732 E10.66746
TRUST    : acc_cmd=0.000 | acc_exec=0.436 | trust=0.002
DECISION : PAUSE
MACHINE  : Machine-4
------------------------------------------------------------
[SEQ 410] [STATIC-BASELINE]
CMD      : G1 | effects={'dx': 163.25300000000001, 'dy': 117.632, 'dz': 0.0, 'de': -9.33254, 'xy_dist': 201.21836256415568, 'params': {'G': 1.0, 'F': 1800.0, 'X': 163.353, 'Y': 117.732, 'E': 10.66746}}
DECISION : ALLOW
------------------------------------------------------------
[SEQ 410] [IEEE-BASELINE]
SCORE    : anomaly_score=0.000
DECISION : ALLOW
------------------------------------------------------------
[SEQ 411] [LAYER 0]
CMD      : G1 X0.1 Y0.1 E20 F600
TRUST    : acc_cmd=1.000 | acc_exec=0.000 | trust=0.003
DECISION : PAUSE
MACHINE  : Machine-4
------------------------------------------------------------
[SEQ 411] [STATIC-BASELINE]
CMD      : G1 | effects={'dx': -163.25300000000001, 'dy': -117.632, 'dz': 0.0, 'de': 9.33254, 'xy_dist': 201.21836256415568, 'params': {'G': 1.0, 'X': 0.1, 'Y': 0.1, 'E': 20.0, 'F': 600.0}}
DECISION : ALLOW
------------------------------------------------------------
[SEQ 411] [IEEE-BASELINE]
SCORE    : anomaly_score=0.000
DECISION : ALLOW
------------------------------------------------------------
[SEQ 412] [LAYER 0]
CMD      : G1 X0.1 Y0.1 E20 F600
TRUST    : acc_cmd=1.000 | acc_exec=0.000 | trust=0.002
DECISION : PAUSE
MACHINE  : Machine-4
------------------------------------------------------------
[SEQ 412] [STATIC-BASELINE]
CMD      : G1 | effects={'dx': 0.0, 'dy': 0.0, 'dz': 0.0, 'de': 0.0, 'xy_dist': 0.0, 'params': {'G': 1.0, 'X': 0.1, 'Y': 0.1, 'E': 20.0, 'F': 600.0}}
DECISION : ALLOW
------------------------------------------------------------
[SEQ 412] [IEEE-BASELINE]
SCORE    : anomaly_score=0.000
DECISION : ALLOW
------------------------------------------------------------
[SEQ 413] [LAYER 0]
CMD      : G1 X165.302 Y117.227 E10.70601
TRUST    : acc_cmd=0.000 | acc_exec=0.430 | trust=0.014
DECISION : PAUSE
MACHINE  : Machine-4
------------------------------------------------------------
[SEQ 413] [STATIC-BASELINE]
CMD      : G1 | effects={'dx': 165.202, 'dy': 117.12700000000001, 'dz': 0.0, 'de': -9.29399, 'xy_dist': 202.5103329042743, 'params': {'G': 1.0, 'X': 165.302, 'Y': 117.227, 'E': 10.70601}}
DECISION : ALLOW
------------------------------------------------------------
[SEQ 413] [IEEE-BASELINE]
SCORE    : anomaly_score=0.000
DECISION : ALLOW
------------------------------------------------------------
[SEQ 414] [LAYER 0]
CMD      : G1 X0.1 Y0.1 E20 F600
TRUST    : acc_cmd=1.000 | acc_exec=0.000 | trust=0.008
DECISION : PAUSE
MACHINE  : Machine-4
------------------------------------------------------------
[SEQ 414] [STATIC-BASELINE]
CMD      : G1 | effects={'dx': -165.202, 'dy': -117.12700000000001, 'dz': 0.0, 'de': 9.29399, 'xy_dist': 202.5103329042743, 'params': {'G': 1.0, 'X': 0.1, 'Y': 0.1, 'E': 20.0, 'F': 600.0}}
DECISION : ALLOW
------------------------------------------------------------
[SEQ 414] [IEEE-BASELINE]
SCORE    : anomaly_score=0.000
DECISION : ALLOW
------------------------------------------------------------
[SEQ 415] [LAYER 0]
CMD      : G1 X0.1 Y0.1 E20 F600
TRUST    : acc_cmd=1.000 | acc_exec=0.000 | trust=0.005
DECISION : PAUSE
MACHINE  : Machine-4
------------------------------------------------------------
[SEQ 415] [STATIC-BASELINE]
CMD      : G1 | effects={'dx': 0.0, 'dy': 0.0, 'dz': 0.0, 'de': 0.0, 'xy_dist': 0.0, 'params': {'G': 1.0, 'X': 0.1, 'Y': 0.1, 'E': 20.0, 'F': 600.0}}
DECISION : ALLOW
------------------------------------------------------------
[SEQ 415] [IEEE-BASELINE]
SCORE    : anomaly_score=0.000
DECISION : ALLOW
------------------------------------------------------------
[SEQ 416] [LAYER 0]
CMD      : G1 X0.1 Y0.1 E20 F600
TRUST    : acc_cmd=1.000 | acc_exec=0.000 | trust=0.003
DECISION : PAUSE
MACHINE  : Machine-4
------------------------------------------------------------
[SEQ 416] [STATIC-BASELINE]
CMD      : G1 | effects={'dx': 0.0, 'dy': 0.0, 'dz': 0.0, 'de': 0.0, 'xy_dist': 0.0, 'params': {'G': 1.0, 'X': 0.1, 'Y': 0.1, 'E': 20.0, 'F': 600.0}}
DECISION : ALLOW
------------------------------------------------------------
[SEQ 416] [IEEE-BASELINE]
SCORE    : anomaly_score=0.000
DECISION : ALLOW
------------------------------------------------------------
[SEQ 417] [LAYER 0]
CMD      : G1 X167.775 Y119.592 E10.77507
TRUST    : acc_cmd=0.000 | acc_exec=0.419 | trust=0.012
DECISION : PAUSE
MACHINE  : Machine-4
------------------------------------------------------------
[SEQ 417] [STATIC-BASELINE]
CMD      : G1 | effects={'dx': 167.675, 'dy': 119.492, 'dz': 0.0, 'de': -9.22493, 'xy_dist': 205.89619639274545, 'params': {'G': 1.0, 'X': 167.775, 'Y': 119.592, 'E': 10.77507}}
DECISION : ALLOW
------------------------------------------------------------
[SEQ 417] [IEEE-BASELINE]
SCORE    : anomaly_score=0.000
DECISION : ALLOW
------------------------------------------------------------
[SEQ 418] [LAYER 0]
CMD      : G1 X0.1 Y0.1 E20 F600
TRUST    : acc_cmd=1.000 | acc_exec=0.000 | trust=0.007
DECISION : PAUSE
MACHINE  : Machine-4
------------------------------------------------------------
[SEQ 418] [STATIC-BASELINE]
CMD      : G1 | effects={'dx': -167.675, 'dy': -119.492, 'dz': 0.0, 'de': 9.22493, 'xy_dist': 205.89619639274545, 'params': {'G': 1.0, 'X': 0.1, 'Y': 0.1, 'E': 20.0, 'F': 600.0}}
DECISION : ALLOW
------------------------------------------------------------
[SEQ 418] [IEEE-BASELINE]
SCORE    : anomaly_score=0.000
DECISION : ALLOW
------------------------------------------------------------
[SEQ 419] [LAYER 0]
CMD      : G1 X167.537 Y121.17 E10.80539
TRUST    : acc_cmd=0.000 | acc_exec=0.415 | trust=0.026
DECISION : PAUSE
MACHINE  : Machine-4
------------------------------------------------------------
[SEQ 419] [STATIC-BASELINE]
CMD      : G1 | effects={'dx': 167.437, 'dy': 121.07000000000001, 'dz': 0.0, 'de': -9.19461, 'xy_dist': 206.62307196680626, 'params': {'G': 1.0, 'X': 167.537, 'Y': 121.17, 'E': 10.80539}}
DECISION : ALLOW
------------------------------------------------------------
[SEQ 419] [IEEE-BASELINE]
SCORE    : anomaly_score=0.000
DECISION : ALLOW
------------------------------------------------------------
[SEQ 420] [LAYER 0]
CMD      : G1 X0.1 Y0.1 E20 F600
TRUST    : acc_cmd=1.000 | acc_exec=0.000 | trust=0.015
DECISION : PAUSE
MACHINE  : Machine-4
------------------------------------------------------------
[SEQ 420] [STATIC-BASELINE]
CMD      : G1 | effects={'dx': -167.437, 'dy': -121.07000000000001, 'dz': 0.0, 'de': 9.19461, 'xy_dist': 206.62307196680626, 'params': {'G': 1.0, 'X': 0.1, 'Y': 0.1, 'E': 20.0, 'F': 600.0}}
DECISION : ALLOW
------------------------------------------------------------
[SEQ 420] [IEEE-BASELINE]
SCORE    : anomaly_score=0.000
DECISION : ALLOW
------------------------------------------------------------
[SEQ 421] [LAYER 0]
CMD      : G1 X0.1 Y0.1 E20 F600
TRUST    : acc_cmd=1.000 | acc_exec=0.000 | trust=0.007
DECISION : PAUSE
MACHINE  : Machine-4
------------------------------------------------------------
[SEQ 421] [STATIC-BASELINE]
CMD      : G1 | effects={'dx': 0.0, 'dy': 0.0, 'dz': 0.0, 'de': 0.0, 'xy_dist': 0.0, 'params': {'G': 1.0, 'X': 0.1, 'Y': 0.1, 'E': 20.0, 'F': 600.0}}
DECISION : ALLOW
------------------------------------------------------------
[SEQ 421] [IEEE-BASELINE]
SCORE    : anomaly_score=0.000
DECISION : ALLOW
------------------------------------------------------------
[SEQ 422] [LAYER 0]
CMD      : G1 X0.1 Y0.1 E20 F600
TRUST    : acc_cmd=1.000 | acc_exec=0.000 | trust=0.004
DECISION : PAUSE
MACHINE  : Machine-4
------------------------------------------------------------
[SEQ 422] [STATIC-BASELINE]
CMD      : G1 | effects={'dx': 0.0, 'dy': 0.0, 'dz': 0.0, 'de': 0.0, 'xy_dist': 0.0, 'params': {'G': 1.0, 'X': 0.1, 'Y': 0.1, 'E': 20.0, 'F': 600.0}}
DECISION : ALLOW
------------------------------------------------------------
[SEQ 422] [IEEE-BASELINE]
SCORE    : anomaly_score=0.000
DECISION : ALLOW
------------------------------------------------------------
[SEQ 423] [LAYER 0]
CMD      : G1 X0.1 Y0.1 E20 F600
TRUST    : acc_cmd=1.000 | acc_exec=1.000 | trust=0.002
DECISION : PAUSE
MACHINE  : Machine-4
------------------------------------------------------------
[SEQ 423] [STATIC-BASELINE]
CMD      : G1 | effects={'dx': 0.0, 'dy': 0.0, 'dz': 0.0, 'de': 0.0, 'xy_dist': 0.0, 'params': {'G': 1.0, 'X': 0.1, 'Y': 0.1, 'E': 20.0, 'F': 600.0}}
DECISION : ALLOW
------------------------------------------------------------
[SEQ 423] [IEEE-BASELINE]
SCORE    : anomaly_score=0.000
DECISION : ALLOW
------------------------------------------------------------
[SEQ 424] [LAYER 0]
CMD      : G1 X0.1 Y0.1 E20 F600
TRUST    : acc_cmd=1.000 | acc_exec=1.000 | trust=0.001
DECISION : PAUSE
MACHINE  : Machine-4
------------------------------------------------------------
[SEQ 424] [STATIC-BASELINE]
CMD      : G1 | effects={'dx': 0.0, 'dy': 0.0, 'dz': 0.0, 'de': 0.0, 'xy_dist': 0.0, 'params': {'G': 1.0, 'X': 0.1, 'Y': 0.1, 'E': 20.0, 'F': 600.0}}
DECISION : ALLOW
------------------------------------------------------------
[SEQ 424] [IEEE-BASELINE]
SCORE    : anomaly_score=0.000
DECISION : ALLOW
------------------------------------------------------------
[SEQ 425] [LAYER 0]
CMD      : G1 X0.1 Y0.1 E20 F600
TRUST    : acc_cmd=1.000 | acc_exec=1.000 | trust=0.001
DECISION : PAUSE
MACHINE  : Machine-4
------------------------------------------------------------
[SEQ 425] [STATIC-BASELINE]
CMD      : G1 | effects={'dx': 0.0, 'dy': 0.0, 'dz': 0.0, 'de': 0.0, 'xy_dist': 0.0, 'params': {'G': 1.0, 'X': 0.1, 'Y': 0.1, 'E': 20.0, 'F': 600.0}}
DECISION : ALLOW
------------------------------------------------------------
[SEQ 425] [IEEE-BASELINE]
SCORE    : anomaly_score=0.000
DECISION : ALLOW
------------------------------------------------------------
[SEQ 426] [LAYER 0]
CMD      : G1 X0.1 Y0.1 E20 F600
TRUST    : acc_cmd=1.000 | acc_exec=1.000 | trust=0.001
DECISION : PAUSE
MACHINE  : Machine-4
------------------------------------------------------------
[SEQ 426] [STATIC-BASELINE]
CMD      : G1 | effects={'dx': 0.0, 'dy': 0.0, 'dz': 0.0, 'de': 0.0, 'xy_dist': 0.0, 'params': {'G': 1.0, 'X': 0.1, 'Y': 0.1, 'E': 20.0, 'F': 600.0}}
DECISION : ALLOW
------------------------------------------------------------
[SEQ 426] [IEEE-BASELINE]
SCORE    : anomaly_score=0.000
DECISION : ALLOW
------------------------------------------------------------
[SEQ 427] [LAYER 0]
CMD      : G1 X0.1 Y0.1 E20 F600
TRUST    : acc_cmd=1.000 | acc_exec=1.000 | trust=0.001
DECISION : PAUSE
MACHINE  : Machine-4
------------------------------------------------------------
[SEQ 427] [STATIC-BASELINE]
CMD      : G1 | effects={'dx': 0.0, 'dy': 0.0, 'dz': 0.0, 'de': 0.0, 'xy_dist': 0.0, 'params': {'G': 1.0, 'X': 0.1, 'Y': 0.1, 'E': 20.0, 'F': 600.0}}
DECISION : ALLOW
------------------------------------------------------------
[SEQ 427] [IEEE-BASELINE]
SCORE    : anomaly_score=0.000
DECISION : ALLOW
------------------------------------------------------------
[SEQ 428] [LAYER 0]
CMD      : G1 X0.1 Y0.1 E20 F600
TRUST    : acc_cmd=1.000 | acc_exec=1.000 | trust=0.001
DECISION : PAUSE
MACHINE  : Machine-4
------------------------------------------------------------
[SEQ 428] [STATIC-BASELINE]
CMD      : G1 | effects={'dx': 0.0, 'dy': 0.0, 'dz': 0.0, 'de': 0.0, 'xy_dist': 0.0, 'params': {'G': 1.0, 'X': 0.1, 'Y': 0.1, 'E': 20.0, 'F': 600.0}}
DECISION : ALLOW
------------------------------------------------------------
[SEQ 428] [IEEE-BASELINE]
SCORE    : anomaly_score=0.000
DECISION : ALLOW
------------------------------------------------------------
[SEQ 429] [LAYER 0]
CMD      : G1 X162.23 Y119.554 E10.95576
TRUST    : acc_cmd=0.000 | acc_exec=0.391 | trust=0.003
DECISION : PAUSE
MACHINE  : Machine-4
------------------------------------------------------------
[SEQ 429] [STATIC-BASELINE]
CMD      : G1 | effects={'dx': 162.13, 'dy': 119.45400000000001, 'dz': 0.0, 'de': -9.04424, 'xy_dist': 201.3837009690705, 'params': {'G': 1.0, 'X': 162.23, 'Y': 119.554, 'E': 10.95576}}
DECISION : ALLOW
------------------------------------------------------------
[SEQ 429] [IEEE-BASELINE]
SCORE    : anomaly_score=0.000
DECISION : ALLOW
------------------------------------------------------------
[SEQ 430] [LAYER 0]
CMD      : G1 X162.543 Y118.696 E10.97294
TRUST    : acc_cmd=0.000 | acc_exec=0.000 | trust=0.024
DECISION : PAUSE
MACHINE  : Machine-4
------------------------------------------------------------
[SEQ 430] [STATIC-BASELINE]
CMD      : G1 | effects={'dx': 0.3130000000000166, 'dy': -0.8580000000000041, 'dz': 0.0, 'de': 0.01717999999999975, 'xy_dist': 0.9133088196223759, 'params': {'G': 1.0, 'X': 162.543, 'Y': 118.696, 'E': 10.97294}}
DECISION : ALLOW
------------------------------------------------------------
[SEQ 430] [IEEE-BASELINE]
SCORE    : anomaly_score=0.000
DECISION : ALLOW
------------------------------------------------------------
[SEQ 431] [LAYER 0]
CMD      : G1 X0.1 Y0.1 E20 F600
TRUST    : acc_cmd=1.000 | acc_exec=0.000 | trust=0.015
DECISION : PAUSE
MACHINE  : Machine-4
------------------------------------------------------------
[SEQ 431] [STATIC-BASELINE]
CMD      : G1 | effects={'dx': -162.443, 'dy': -118.596, 'dz': 0.0, 'de': 9.02706, 'xy_dist': 201.12866395668223, 'params': {'G': 1.0, 'X': 0.1, 'Y': 0.1, 'E': 20.0, 'F': 600.0}}
DECISION : ALLOW
------------------------------------------------------------
[SEQ 431] [IEEE-BASELINE]
SCORE    : anomaly_score=0.000
DECISION : ALLOW
------------------------------------------------------------
[SEQ 432] [LAYER 0]
CMD      : G0 F3600 X163.002 Y118.697
TRUST    : acc_cmd=0.000 | acc_exec=0.000 | trust=0.044
DECISION : PAUSE
MACHINE  : Machine-4
------------------------------------------------------------
[SEQ 432] [STATIC-BASELINE]
CMD      : G0 | effects={'dx': 162.90200000000002, 'dy': 118.59700000000001, 'dz': 0.0, 'de': 0.0, 'xy_dist': 201.50014891557774, 'params': {'G': 0.0, 'F': 3600.0, 'X': 163.002, 'Y': 118.697}}
DECISION : ALLOW
------------------------------------------------------------
[SEQ 432] [IEEE-BASELINE]
SCORE    : anomaly_score=0.000
DECISION : ALLOW
------------------------------------------------------------
[SEQ 433] [LAYER 0]
CMD      : G1 X0.1 Y0.1 E20 F600
TRUST    : acc_cmd=1.000 | acc_exec=0.000 | trust=0.023
DECISION : PAUSE
MACHINE  : Machine-4
------------------------------------------------------------
[SEQ 433] [STATIC-BASELINE]
CMD      : G1 | effects={'dx': -162.90200000000002, 'dy': -118.59700000000001, 'dz': 0.0, 'de': 0.0, 'xy_dist': 201.50014891557774, 'params': {'G': 1.0, 'X': 0.1, 'Y': 0.1, 'E': 20.0, 'F': 600.0}}
DECISION : ALLOW
------------------------------------------------------------
[SEQ 433] [IEEE-BASELINE]
SCORE    : anomaly_score=0.000
DECISION : ALLOW
------------------------------------------------------------
[SEQ 434] [LAYER 0]
CMD      : G1 X0.1 Y0.1 E20 F600
TRUST    : acc_cmd=1.000 | acc_exec=0.000 | trust=0.011
DECISION : PAUSE
MACHINE  : Machine-4
------------------------------------------------------------
[SEQ 434] [STATIC-BASELINE]
CMD      : G1 | effects={'dx': 0.0, 'dy': 0.0, 'dz': 0.0, 'de': 0.0, 'xy_dist': 0.0, 'params': {'G': 1.0, 'X': 0.1, 'Y': 0.1, 'E': 20.0, 'F': 600.0}}
DECISION : ALLOW
------------------------------------------------------------
[SEQ 434] [IEEE-BASELINE]
SCORE    : anomaly_score=0.000
DECISION : ALLOW
------------------------------------------------------------
[SEQ 435] [LAYER 0]
CMD      : G1 X0.1 Y0.1 E20 F600
TRUST    : acc_cmd=1.000 | acc_exec=0.000 | trust=0.005
DECISION : PAUSE
MACHINE  : Machine-4
------------------------------------------------------------
[SEQ 435] [STATIC-BASELINE]
CMD      : G1 | effects={'dx': 0.0, 'dy': 0.0, 'dz': 0.0, 'de': 0.0, 'xy_dist': 0.0, 'params': {'G': 1.0, 'X': 0.1, 'Y': 0.1, 'E': 20.0, 'F': 600.0}}
DECISION : ALLOW
------------------------------------------------------------
[SEQ 435] [IEEE-BASELINE]
SCORE    : anomaly_score=0.000
DECISION : ALLOW
------------------------------------------------------------
[SEQ 436] [LAYER 0]
CMD      : G1 X165.261 Y117.628 E11.02829
TRUST    : acc_cmd=0.000 | acc_exec=0.380 | trust=0.014
DECISION : PAUSE
MACHINE  : Machine-4
------------------------------------------------------------
[SEQ 436] [STATIC-BASELINE]
CMD      : G1 | effects={'dx': 165.161, 'dy': 117.528, 'dz': 0.0, 'de': -8.97171, 'xy_dist': 202.70911845548537, 'params': {'G': 1.0, 'X': 165.261, 'Y': 117.628, 'E': 11.02829}}
DECISION : ALLOW
------------------------------------------------------------
[SEQ 436] [IEEE-BASELINE]
SCORE    : anomaly_score=0.000
DECISION : ALLOW
------------------------------------------------------------
[SEQ 437] [LAYER 0]
CMD      : G1 X0.1 Y0.1 E20 F600
TRUST    : acc_cmd=1.000 | acc_exec=0.000 | trust=0.009
DECISION : PAUSE
MACHINE  : Machine-4
------------------------------------------------------------
[SEQ 437] [STATIC-BASELINE]
CMD      : G1 | effects={'dx': -165.161, 'dy': -117.528, 'dz': 0.0, 'de': 8.97171, 'xy_dist': 202.70911845548537, 'params': {'G': 1.0, 'X': 0.1, 'Y': 0.1, 'E': 20.0, 'F': 600.0}}
DECISION : ALLOW
------------------------------------------------------------
[SEQ 437] [IEEE-BASELINE]
SCORE    : anomaly_score=0.000
DECISION : ALLOW
------------------------------------------------------------
[SEQ 438] [LAYER 0]
CMD      : G1 X0.1 Y0.1 E20 F600
TRUST    : acc_cmd=1.000 | acc_exec=0.000 | trust=0.005
DECISION : PAUSE
MACHINE  : Machine-4
------------------------------------------------------------
[SEQ 438] [STATIC-BASELINE]
CMD      : G1 | effects={'dx': 0.0, 'dy': 0.0, 'dz': 0.0, 'de': 0.0, 'xy_dist': 0.0, 'params': {'G': 1.0, 'X': 0.1, 'Y': 0.1, 'E': 20.0, 'F': 600.0}}
DECISION : ALLOW
------------------------------------------------------------
[SEQ 438] [IEEE-BASELINE]
SCORE    : anomaly_score=0.000
DECISION : ALLOW
------------------------------------------------------------
[SEQ 439] [LAYER 0]
CMD      : G1 X0.1 Y0.1 E20 F600
TRUST    : acc_cmd=1.000 | acc_exec=0.000 | trust=0.003
DECISION : PAUSE
MACHINE  : Machine-4
------------------------------------------------------------
[SEQ 439] [STATIC-BASELINE]
CMD      : G1 | effects={'dx': 0.0, 'dy': 0.0, 'dz': 0.0, 'de': 0.0, 'xy_dist': 0.0, 'params': {'G': 1.0, 'X': 0.1, 'Y': 0.1, 'E': 20.0, 'F': 600.0}}
DECISION : ALLOW
------------------------------------------------------------
[SEQ 439] [IEEE-BASELINE]
SCORE    : anomaly_score=0.000
DECISION : ALLOW
------------------------------------------------------------
[SEQ 440] [LAYER 0]
CMD      : G1 X0.1 Y0.1 E20 F600
TRUST    : acc_cmd=1.000 | acc_exec=1.000 | trust=0.002
DECISION : PAUSE
MACHINE  : Machine-4
------------------------------------------------------------
[SEQ 440] [STATIC-BASELINE]
CMD      : G1 | effects={'dx': 0.0, 'dy': 0.0, 'dz': 0.0, 'de': 0.0, 'xy_dist': 0.0, 'params': {'G': 1.0, 'X': 0.1, 'Y': 0.1, 'E': 20.0, 'F': 600.0}}
DECISION : ALLOW
------------------------------------------------------------
[SEQ 440] [IEEE-BASELINE]
SCORE    : anomaly_score=0.000
DECISION : ALLOW
------------------------------------------------------------
[SEQ 441] [LAYER 0]
CMD      : G1 X167.359 Y120.394 E11.10127
TRUST    : acc_cmd=0.000 | acc_exec=0.369 | trust=0.009
DECISION : PAUSE
MACHINE  : Machine-4
------------------------------------------------------------
[SEQ 441] [STATIC-BASELINE]
CMD      : G1 | effects={'dx': 167.25900000000001, 'dy': 120.29400000000001, 'dz': 0.0, 'de': -8.89873, 'xy_dist': 206.02480315971667, 'params': {'G': 1.0, 'X': 167.359, 'Y': 120.394, 'E': 11.10127}}
DECISION : ALLOW
------------------------------------------------------------
[SEQ 441] [IEEE-BASELINE]
SCORE    : anomaly_score=0.000
DECISION : ALLOW
------------------------------------------------------------
[SEQ 442] [LAYER 0]
CMD      : G1 X0.1 Y0.1 E20 F600
TRUST    : acc_cmd=1.000 | acc_exec=0.000 | trust=0.006
DECISION : PAUSE
MACHINE  : Machine-4
------------------------------------------------------------
[SEQ 442] [STATIC-BASELINE]
CMD      : G1 | effects={'dx': -167.25900000000001, 'dy': -120.29400000000001, 'dz': 0.0, 'de': 8.89873, 'xy_dist': 206.02480315971667, 'params': {'G': 1.0, 'X': 0.1, 'Y': 0.1, 'E': 20.0, 'F': 600.0}}
DECISION : ALLOW
------------------------------------------------------------
[SEQ 442] [IEEE-BASELINE]
SCORE    : anomaly_score=0.000
DECISION : ALLOW
------------------------------------------------------------
[SEQ 443] [LAYER 0]
CMD      : G1 X0.1 Y0.1 E20 F600
TRUST    : acc_cmd=1.000 | acc_exec=0.000 | trust=0.004
DECISION : PAUSE
MACHINE  : Machine-4
------------------------------------------------------------
[SEQ 443] [STATIC-BASELINE]
CMD      : G1 | effects={'dx': 0.0, 'dy': 0.0, 'dz': 0.0, 'de': 0.0, 'xy_dist': 0.0, 'params': {'G': 1.0, 'X': 0.1, 'Y': 0.1, 'E': 20.0, 'F': 600.0}}
DECISION : ALLOW
------------------------------------------------------------
[SEQ 443] [IEEE-BASELINE]
SCORE    : anomaly_score=0.000
DECISION : ALLOW
------------------------------------------------------------
[SEQ 444] [LAYER 0]
CMD      : G1 X0.1 Y0.1 E20 F600
TRUST    : acc_cmd=1.000 | acc_exec=0.000 | trust=0.002
DECISION : PAUSE
MACHINE  : Machine-4
------------------------------------------------------------
[SEQ 444] [STATIC-BASELINE]
CMD      : G1 | effects={'dx': 0.0, 'dy': 0.0, 'dz': 0.0, 'de': 0.0, 'xy_dist': 0.0, 'params': {'G': 1.0, 'X': 0.1, 'Y': 0.1, 'E': 20.0, 'F': 600.0}}
DECISION : ALLOW
------------------------------------------------------------
[SEQ 444] [IEEE-BASELINE]
SCORE    : anomaly_score=0.000
DECISION : ALLOW
------------------------------------------------------------
[SEQ 445] [LAYER 0]
CMD      : G1 X0.1 Y0.1 E20 F600
TRUST    : acc_cmd=1.000 | acc_exec=1.000 | trust=0.001
DECISION : PAUSE
MACHINE  : Machine-4
------------------------------------------------------------
[SEQ 445] [STATIC-BASELINE]
CMD      : G1 | effects={'dx': 0.0, 'dy': 0.0, 'dz': 0.0, 'de': 0.0, 'xy_dist': 0.0, 'params': {'G': 1.0, 'X': 0.1, 'Y': 0.1, 'E': 20.0, 'F': 600.0}}
DECISION : ALLOW
------------------------------------------------------------
[SEQ 445] [IEEE-BASELINE]
SCORE    : anomaly_score=0.000
DECISION : ALLOW
------------------------------------------------------------
[SEQ 446] [LAYER 0]
CMD      : G1 X0.1 Y0.1 E20 F600
TRUST    : acc_cmd=1.000 | acc_exec=1.000 | trust=0.001
DECISION : PAUSE
MACHINE  : Machine-4
------------------------------------------------------------
[SEQ 446] [STATIC-BASELINE]
CMD      : G1 | effects={'dx': 0.0, 'dy': 0.0, 'dz': 0.0, 'de': 0.0, 'xy_dist': 0.0, 'params': {'G': 1.0, 'X': 0.1, 'Y': 0.1, 'E': 20.0, 'F': 600.0}}
DECISION : ALLOW
------------------------------------------------------------
[SEQ 446] [IEEE-BASELINE]
SCORE    : anomaly_score=0.000
DECISION : ALLOW
------------------------------------------------------------
[SEQ 447] [LAYER 0]
CMD      : G1 X0.1 Y0.1 E20 F600
TRUST    : acc_cmd=1.000 | acc_exec=1.000 | trust=0.001
DECISION : PAUSE
MACHINE  : Machine-4
------------------------------------------------------------
[SEQ 447] [STATIC-BASELINE]
CMD      : G1 | effects={'dx': 0.0, 'dy': 0.0, 'dz': 0.0, 'de': 0.0, 'xy_dist': 0.0, 'params': {'G': 1.0, 'X': 0.1, 'Y': 0.1, 'E': 20.0, 'F': 600.0}}
DECISION : ALLOW
------------------------------------------------------------
[SEQ 447] [IEEE-BASELINE]
SCORE    : anomaly_score=0.000
DECISION : ALLOW
------------------------------------------------------------
[SEQ 448] [LAYER 0]
CMD      : G1 X164.013 Y122.172 E11.18339
TRUST    : acc_cmd=0.000 | acc_exec=0.356 | trust=0.006
DECISION : PAUSE
MACHINE  : Machine-4
------------------------------------------------------------
[SEQ 448] [STATIC-BASELINE]
CMD      : G1 | effects={'dx': 163.913, 'dy': 122.072, 'dz': 0.0, 'de': -8.81661, 'xy_dist': 204.37476545062995, 'params': {'G': 1.0, 'X': 164.013, 'Y': 122.172, 'E': 11.18339}}
DECISION : ALLOW
------------------------------------------------------------
[SEQ 448] [IEEE-BASELINE]
SCORE    : anomaly_score=0.000
DECISION : ALLOW
------------------------------------------------------------
[SEQ 449] [LAYER 0]
CMD      : G1 X163.379 Y121.768 E11.19753
TRUST    : acc_cmd=0.000 | acc_exec=0.000 | trust=0.039
DECISION : PAUSE
MACHINE  : Machine-4
------------------------------------------------------------
[SEQ 449] [STATIC-BASELINE]
CMD      : G1 | effects={'dx': -0.6340000000000146, 'dy': -0.40399999999999636, 'dz': 0.0, 'de': 0.014140000000001152, 'xy_dist': 0.7517792229105668, 'params': {'G': 1.0, 'X': 163.379, 'Y': 121.768, 'E': 11.19753}}
DECISION : ALLOW
------------------------------------------------------------
[SEQ 449] [IEEE-BASELINE]
SCORE    : anomaly_score=0.000
DECISION : ALLOW
------------------------------------------------------------
[SEQ 450] [LAYER 0]
CMD      : G1 X0.1 Y0.1 E20 F600
TRUST    : acc_cmd=1.000 | acc_exec=0.000 | trust=0.022
DECISION : PAUSE
MACHINE  : Machine-4
------------------------------------------------------------
[SEQ 450] [STATIC-BASELINE]
CMD      : G1 | effects={'dx': -163.279, 'dy': -121.668, 'dz': 0.0, 'de': 8.80247, 'xy_dist': 203.62498389195764, 'params': {'G': 1.0, 'X': 0.1, 'Y': 0.1, 'E': 20.0, 'F': 600.0}}
DECISION : ALLOW
------------------------------------------------------------
[SEQ 450] [IEEE-BASELINE]
SCORE    : anomaly_score=0.000
DECISION : ALLOW
------------------------------------------------------------
[SEQ 451] [LAYER 0]
CMD      : G1 X162.642 Y120.363 E11.22788
TRUST    : acc_cmd=0.000 | acc_exec=0.350 | trust=0.047
DECISION : PAUSE
MACHINE  : Machine-4
------------------------------------------------------------
[SEQ 451] [STATIC-BASELINE]
CMD      : G1 | effects={'dx': 162.542, 'dy': 120.263, 'dz': 0.0, 'de': -8.77212, 'xy_dist': 202.19567486224824, 'params': {'G': 1.0, 'X': 162.642, 'Y': 120.363, 'E': 11.22788}}
DECISION : ALLOW
------------------------------------------------------------
[SEQ 451] [IEEE-BASELINE]
SCORE    : anomaly_score=0.000
DECISION : ALLOW
------------------------------------------------------------
[SEQ 452] [LAYER 0]
CMD      : G1 X0.1 Y0.1 E20 F600
TRUST    : acc_cmd=1.000 | acc_exec=0.000 | trust=0.024
DECISION : PAUSE
MACHINE  : Machine-4
------------------------------------------------------------
[SEQ 452] [STATIC-BASELINE]
CMD      : G1 | effects={'dx': -162.542, 'dy': -120.263, 'dz': 0.0, 'de': 8.77212, 'xy_dist': 202.19567486224824, 'params': {'G': 1.0, 'X': 0.1, 'Y': 0.1, 'E': 20.0, 'F': 600.0}}
DECISION : ALLOW
------------------------------------------------------------
[SEQ 452] [IEEE-BASELINE]
SCORE    : anomaly_score=0.000
DECISION : ALLOW
------------------------------------------------------------
[SEQ 453] [LAYER 0]
CMD      : G1 X0.1 Y0.1 E20 F600
TRUST    : acc_cmd=1.000 | acc_exec=0.000 | trust=0.012
DECISION : PAUSE
MACHINE  : Machine-4
------------------------------------------------------------
[SEQ 453] [STATIC-BASELINE]
CMD      : G1 | effects={'dx': 0.0, 'dy': 0.0, 'dz': 0.0, 'de': 0.0, 'xy_dist': 0.0, 'params': {'G': 1.0, 'X': 0.1, 'Y': 0.1, 'E': 20.0, 'F': 600.0}}
DECISION : ALLOW
------------------------------------------------------------
[SEQ 453] [IEEE-BASELINE]
SCORE    : anomaly_score=0.000
DECISION : ALLOW
------------------------------------------------------------
[SEQ 454] [LAYER 0]
CMD      : G1 X0.1 Y0.1 E20 F600
TRUST    : acc_cmd=1.000 | acc_exec=0.000 | trust=0.006
DECISION : PAUSE
MACHINE  : Machine-4
------------------------------------------------------------
[SEQ 454] [STATIC-BASELINE]
CMD      : G1 | effects={'dx': 0.0, 'dy': 0.0, 'dz': 0.0, 'de': 0.0, 'xy_dist': 0.0, 'params': {'G': 1.0, 'X': 0.1, 'Y': 0.1, 'E': 20.0, 'F': 600.0}}
DECISION : ALLOW
------------------------------------------------------------
[SEQ 454] [IEEE-BASELINE]
SCORE    : anomaly_score=0.000
DECISION : ALLOW
------------------------------------------------------------
[SEQ 455] [LAYER 0]
CMD      : G0 F3600 X163.295 Y118.97
TRUST    : acc_cmd=0.000 | acc_exec=0.000 | trust=0.015
DECISION : PAUSE
MACHINE  : Machine-4
------------------------------------------------------------
[SEQ 455] [STATIC-BASELINE]
CMD      : G0 | effects={'dx': 163.195, 'dy': 118.87, 'dz': 0.0, 'de': 0.0, 'xy_dist': 201.8977090632779, 'params': {'G': 0.0, 'F': 3600.0, 'X': 163.295, 'Y': 118.97}}
DECISION : ALLOW
------------------------------------------------------------
[SEQ 455] [IEEE-BASELINE]
SCORE    : anomaly_score=0.000
DECISION : ALLOW
------------------------------------------------------------
[SEQ 456] [LAYER 0]
CMD      : G1 X0.1 Y0.1 E20 F600
TRUST    : acc_cmd=1.000 | acc_exec=0.000 | trust=0.009
DECISION : PAUSE
MACHINE  : Machine-4
------------------------------------------------------------
[SEQ 456] [STATIC-BASELINE]
CMD      : G1 | effects={'dx': -163.195, 'dy': -118.87, 'dz': 0.0, 'de': 0.0, 'xy_dist': 201.8977090632779, 'params': {'G': 1.0, 'X': 0.1, 'Y': 0.1, 'E': 20.0, 'F': 600.0}}
DECISION : ALLOW
------------------------------------------------------------
[SEQ 456] [IEEE-BASELINE]
SCORE    : anomaly_score=0.000
DECISION : ALLOW
------------------------------------------------------------
[SEQ 457] [LAYER 0]
CMD      : G1 X0.1 Y0.1 E20 F600
TRUST    : acc_cmd=1.000 | acc_exec=0.000 | trust=0.005
DECISION : PAUSE
MACHINE  : Machine-4
------------------------------------------------------------
[SEQ 457] [STATIC-BASELINE]
CMD      : G1 | effects={'dx': 0.0, 'dy': 0.0, 'dz': 0.0, 'de': 0.0, 'xy_dist': 0.0, 'params': {'G': 1.0, 'X': 0.1, 'Y': 0.1, 'E': 20.0, 'F': 600.0}}
DECISION : ALLOW
------------------------------------------------------------
[SEQ 457] [IEEE-BASELINE]
SCORE    : anomaly_score=0.000
DECISION : ALLOW
------------------------------------------------------------
[SEQ 458] [LAYER 0]
CMD      : G1 X0.1 Y0.1 E20 F600
TRUST    : acc_cmd=1.000 | acc_exec=0.000 | trust=0.003
DECISION : PAUSE
MACHINE  : Machine-4
------------------------------------------------------------
[SEQ 458] [STATIC-BASELINE]
CMD      : G1 | effects={'dx': 0.0, 'dy': 0.0, 'dz': 0.0, 'de': 0.0, 'xy_dist': 0.0, 'params': {'G': 1.0, 'X': 0.1, 'Y': 0.1, 'E': 20.0, 'F': 600.0}}
DECISION : ALLOW
------------------------------------------------------------
[SEQ 458] [IEEE-BASELINE]
SCORE    : anomaly_score=0.000
DECISION : ALLOW
------------------------------------------------------------
[SEQ 459] [LAYER 0]
CMD      : G1 X0.1 Y0.1 E20 F600
TRUST    : acc_cmd=1.000 | acc_exec=1.000 | trust=0.002
DECISION : PAUSE
MACHINE  : Machine-4
------------------------------------------------------------
[SEQ 459] [STATIC-BASELINE]
CMD      : G1 | effects={'dx': 0.0, 'dy': 0.0, 'dz': 0.0, 'de': 0.0, 'xy_dist': 0.0, 'params': {'G': 1.0, 'X': 0.1, 'Y': 0.1, 'E': 20.0, 'F': 600.0}}
DECISION : ALLOW
------------------------------------------------------------
[SEQ 459] [IEEE-BASELINE]
SCORE    : anomaly_score=0.000
DECISION : ALLOW
------------------------------------------------------------
[SEQ 460] [LAYER 0]
CMD      : G1 X0.1 Y0.1 E20 F600
TRUST    : acc_cmd=1.000 | acc_exec=1.000 | trust=0.001
DECISION : PAUSE
MACHINE  : Machine-4
------------------------------------------------------------
[SEQ 460] [STATIC-BASELINE]
CMD      : G1 | effects={'dx': 0.0, 'dy': 0.0, 'dz': 0.0, 'de': 0.0, 'xy_dist': 0.0, 'params': {'G': 1.0, 'X': 0.1, 'Y': 0.1, 'E': 20.0, 'F': 600.0}}
DECISION : ALLOW
------------------------------------------------------------
[SEQ 460] [IEEE-BASELINE]
SCORE    : anomaly_score=0.000
DECISION : ALLOW
------------------------------------------------------------
[SEQ 461] [LAYER 0]
CMD      : G1 X0.1 Y0.1 E20 F600
TRUST    : acc_cmd=1.000 | acc_exec=1.000 | trust=0.001
DECISION : PAUSE
MACHINE  : Machine-4
------------------------------------------------------------
[SEQ 461] [STATIC-BASELINE]
CMD      : G1 | effects={'dx': 0.0, 'dy': 0.0, 'dz': 0.0, 'de': 0.0, 'xy_dist': 0.0, 'params': {'G': 1.0, 'X': 0.1, 'Y': 0.1, 'E': 20.0, 'F': 600.0}}
DECISION : ALLOW
------------------------------------------------------------
[SEQ 461] [IEEE-BASELINE]
SCORE    : anomaly_score=0.000
DECISION : ALLOW
------------------------------------------------------------
[SEQ 462] [LAYER 0]
CMD      : G1 X166.728 Y119.01 E11.33803
TRUST    : acc_cmd=0.000 | acc_exec=0.333 | trust=0.007
DECISION : PAUSE
MACHINE  : Machine-4
------------------------------------------------------------
[SEQ 462] [STATIC-BASELINE]
CMD      : G1 | effects={'dx': 166.62800000000001, 'dy': 118.91000000000001, 'dz': 0.0, 'de': -8.66197, 'xy_dist': 204.70583402531548, 'params': {'G': 1.0, 'X': 166.728, 'Y': 119.01, 'E': 11.33803}}
DECISION : ALLOW
------------------------------------------------------------
[SEQ 462] [IEEE-BASELINE]
SCORE    : anomaly_score=0.000
DECISION : ALLOW
------------------------------------------------------------
[SEQ 463] [LAYER 0]
CMD      : G1 X0.1 Y0.1 E20 F600
TRUST    : acc_cmd=1.000 | acc_exec=0.000 | trust=0.005
DECISION : PAUSE
MACHINE  : Machine-4
------------------------------------------------------------
[SEQ 463] [STATIC-BASELINE]
CMD      : G1 | effects={'dx': -166.62800000000001, 'dy': -118.91000000000001, 'dz': 0.0, 'de': 8.66197, 'xy_dist': 204.70583402531548, 'params': {'G': 1.0, 'X': 0.1, 'Y': 0.1, 'E': 20.0, 'F': 600.0}}
DECISION : ALLOW
------------------------------------------------------------
[SEQ 463] [IEEE-BASELINE]
SCORE    : anomaly_score=0.000
DECISION : ALLOW
------------------------------------------------------------
[SEQ 464] [LAYER 0]
CMD      : G1 X0.1 Y0.1 E20 F600
TRUST    : acc_cmd=1.000 | acc_exec=0.000 | trust=0.003
DECISION : PAUSE
MACHINE  : Machine-4
------------------------------------------------------------
[SEQ 464] [STATIC-BASELINE]
CMD      : G1 | effects={'dx': 0.0, 'dy': 0.0, 'dz': 0.0, 'de': 0.0, 'xy_dist': 0.0, 'params': {'G': 1.0, 'X': 0.1, 'Y': 0.1, 'E': 20.0, 'F': 600.0}}
DECISION : ALLOW
------------------------------------------------------------
[SEQ 464] [IEEE-BASELINE]
SCORE    : anomaly_score=0.000
DECISION : ALLOW
------------------------------------------------------------
[SEQ 465] [LAYER 0]
CMD      : G1 X0.1 Y0.1 E20 F600
TRUST    : acc_cmd=1.000 | acc_exec=0.000 | trust=0.002
DECISION : PAUSE
MACHINE  : Machine-4
------------------------------------------------------------
[SEQ 465] [STATIC-BASELINE]
CMD      : G1 | effects={'dx': 0.0, 'dy': 0.0, 'dz': 0.0, 'de': 0.0, 'xy_dist': 0.0, 'params': {'G': 1.0, 'X': 0.1, 'Y': 0.1, 'E': 20.0, 'F': 600.0}}
DECISION : ALLOW
------------------------------------------------------------
[SEQ 465] [IEEE-BASELINE]
SCORE    : anomaly_score=0.000
DECISION : ALLOW
------------------------------------------------------------
[SEQ 466] [LAYER 0]
CMD      : G1 X0.1 Y0.1 E20 F600
TRUST    : acc_cmd=1.000 | acc_exec=1.000 | trust=0.001
DECISION : PAUSE
MACHINE  : Machine-4
------------------------------------------------------------
[SEQ 466] [STATIC-BASELINE]
CMD      : G1 | effects={'dx': 0.0, 'dy': 0.0, 'dz': 0.0, 'de': 0.0, 'xy_dist': 0.0, 'params': {'G': 1.0, 'X': 0.1, 'Y': 0.1, 'E': 20.0, 'F': 600.0}}
DECISION : ALLOW
------------------------------------------------------------
[SEQ 466] [IEEE-BASELINE]
SCORE    : anomaly_score=0.000
DECISION : ALLOW
------------------------------------------------------------
[SEQ 467] [LAYER 0]
CMD      : G1 X0.1 Y0.1 E20 F600
TRUST    : acc_cmd=1.000 | acc_exec=1.000 | trust=0.001
DECISION : PAUSE
MACHINE  : Machine-4
------------------------------------------------------------
[SEQ 467] [STATIC-BASELINE]
CMD      : G1 | effects={'dx': 0.0, 'dy': 0.0, 'dz': 0.0, 'de': 0.0, 'xy_dist': 0.0, 'params': {'G': 1.0, 'X': 0.1, 'Y': 0.1, 'E': 20.0, 'F': 600.0}}
DECISION : ALLOW
------------------------------------------------------------
[SEQ 467] [IEEE-BASELINE]
SCORE    : anomaly_score=0.000
DECISION : ALLOW
------------------------------------------------------------
[SEQ 468] [LAYER 0]
CMD      : G1 X0.1 Y0.1 E20 F600
TRUST    : acc_cmd=1.000 | acc_exec=1.000 | trust=0.001
DECISION : PAUSE
MACHINE  : Machine-4
------------------------------------------------------------
[SEQ 468] [STATIC-BASELINE]
CMD      : G1 | effects={'dx': 0.0, 'dy': 0.0, 'dz': 0.0, 'de': 0.0, 'xy_dist': 0.0, 'params': {'G': 1.0, 'X': 0.1, 'Y': 0.1, 'E': 20.0, 'F': 600.0}}
DECISION : ALLOW
------------------------------------------------------------
[SEQ 468] [IEEE-BASELINE]
SCORE    : anomaly_score=0.000
DECISION : ALLOW
------------------------------------------------------------
[SEQ 469] [LAYER 0]
CMD      : G1 X0.1 Y0.1 E20 F600
TRUST    : acc_cmd=1.000 | acc_exec=1.000 | trust=0.001
DECISION : PAUSE
MACHINE  : Machine-4
------------------------------------------------------------
[SEQ 469] [STATIC-BASELINE]
CMD      : G1 | effects={'dx': 0.0, 'dy': 0.0, 'dz': 0.0, 'de': 0.0, 'xy_dist': 0.0, 'params': {'G': 1.0, 'X': 0.1, 'Y': 0.1, 'E': 20.0, 'F': 600.0}}
DECISION : ALLOW
------------------------------------------------------------
[SEQ 469] [IEEE-BASELINE]
SCORE    : anomaly_score=0.000
DECISION : ALLOW
------------------------------------------------------------
[SEQ 470] [LAYER 0]
CMD      : G1 X0.1 Y0.1 E20 F600
TRUST    : acc_cmd=1.000 | acc_exec=1.000 | trust=0.001
DECISION : PAUSE
MACHINE  : Machine-4
------------------------------------------------------------
[SEQ 470] [STATIC-BASELINE]
CMD      : G1 | effects={'dx': 0.0, 'dy': 0.0, 'dz': 0.0, 'de': 0.0, 'xy_dist': 0.0, 'params': {'G': 1.0, 'X': 0.1, 'Y': 0.1, 'E': 20.0, 'F': 600.0}}
DECISION : ALLOW
------------------------------------------------------------
[SEQ 470] [IEEE-BASELINE]
SCORE    : anomaly_score=0.000
DECISION : ALLOW
------------------------------------------------------------
[SEQ 471] [LAYER 0]
CMD      : G1 X0.1 Y0.1 E20 F600
TRUST    : acc_cmd=1.000 | acc_exec=1.000 | trust=0.001
DECISION : PAUSE
MACHINE  : Machine-4
------------------------------------------------------------
[SEQ 471] [STATIC-BASELINE]
CMD      : G1 | effects={'dx': 0.0, 'dy': 0.0, 'dz': 0.0, 'de': 0.0, 'xy_dist': 0.0, 'params': {'G': 1.0, 'X': 0.1, 'Y': 0.1, 'E': 20.0, 'F': 600.0}}
DECISION : ALLOW
------------------------------------------------------------
[SEQ 471] [IEEE-BASELINE]
SCORE    : anomaly_score=0.000
DECISION : ALLOW
------------------------------------------------------------
[SEQ 472] [LAYER 0]
CMD      : G1 X0.1 Y0.1 E20 F600
TRUST    : acc_cmd=1.000 | acc_exec=1.000 | trust=0.001
DECISION : PAUSE
MACHINE  : Machine-4
------------------------------------------------------------
[SEQ 472] [STATIC-BASELINE]
CMD      : G1 | effects={'dx': 0.0, 'dy': 0.0, 'dz': 0.0, 'de': 0.0, 'xy_dist': 0.0, 'params': {'G': 1.0, 'X': 0.1, 'Y': 0.1, 'E': 20.0, 'F': 600.0}}
DECISION : ALLOW
------------------------------------------------------------
[SEQ 472] [IEEE-BASELINE]
SCORE    : anomaly_score=0.000
DECISION : ALLOW
------------------------------------------------------------
[SEQ 473] [LAYER 0]
CMD      : G1 X0.1 Y0.1 E20 F600
TRUST    : acc_cmd=1.000 | acc_exec=1.000 | trust=0.001
DECISION : PAUSE
MACHINE  : Machine-4
------------------------------------------------------------
[SEQ 473] [STATIC-BASELINE]
CMD      : G1 | effects={'dx': 0.0, 'dy': 0.0, 'dz': 0.0, 'de': 0.0, 'xy_dist': 0.0, 'params': {'G': 1.0, 'X': 0.1, 'Y': 0.1, 'E': 20.0, 'F': 600.0}}
DECISION : ALLOW
------------------------------------------------------------
[SEQ 473] [IEEE-BASELINE]
SCORE    : anomaly_score=0.000
DECISION : ALLOW
------------------------------------------------------------
[SEQ 474] [LAYER 0]
CMD      : G1 X0.1 Y0.1 E20 F600
TRUST    : acc_cmd=1.000 | acc_exec=1.000 | trust=0.001
DECISION : PAUSE
MACHINE  : Machine-4
------------------------------------------------------------
[SEQ 474] [STATIC-BASELINE]
CMD      : G1 | effects={'dx': 0.0, 'dy': 0.0, 'dz': 0.0, 'de': 0.0, 'xy_dist': 0.0, 'params': {'G': 1.0, 'X': 0.1, 'Y': 0.1, 'E': 20.0, 'F': 600.0}}
DECISION : ALLOW
------------------------------------------------------------
[SEQ 474] [IEEE-BASELINE]
SCORE    : anomaly_score=0.000
DECISION : ALLOW
------------------------------------------------------------
[SEQ 475] [LAYER 0]
CMD      : G1 X0.1 Y0.1 E20 F600
TRUST    : acc_cmd=1.000 | acc_exec=1.000 | trust=0.001
DECISION : PAUSE
MACHINE  : Machine-4
------------------------------------------------------------
[SEQ 475] [STATIC-BASELINE]
CMD      : G1 | effects={'dx': 0.0, 'dy': 0.0, 'dz': 0.0, 'de': 0.0, 'xy_dist': 0.0, 'params': {'G': 1.0, 'X': 0.1, 'Y': 0.1, 'E': 20.0, 'F': 600.0}}
DECISION : ALLOW
------------------------------------------------------------
[SEQ 475] [IEEE-BASELINE]
SCORE    : anomaly_score=0.000
DECISION : ALLOW
------------------------------------------------------------
[SEQ 476] [LAYER 0]
CMD      : G1 X0.1 Y0.1 E20 F600
TRUST    : acc_cmd=1.000 | acc_exec=1.000 | trust=0.001
DECISION : PAUSE
MACHINE  : Machine-4
------------------------------------------------------------
[SEQ 476] [STATIC-BASELINE]
CMD      : G1 | effects={'dx': 0.0, 'dy': 0.0, 'dz': 0.0, 'de': 0.0, 'xy_dist': 0.0, 'params': {'G': 1.0, 'X': 0.1, 'Y': 0.1, 'E': 20.0, 'F': 600.0}}
DECISION : ALLOW
------------------------------------------------------------
[SEQ 476] [IEEE-BASELINE]
SCORE    : anomaly_score=0.000
DECISION : ALLOW
------------------------------------------------------------
[SEQ 477] [LAYER 0]
CMD      : G1 X0.1 Y0.1 E20 F600
TRUST    : acc_cmd=1.000 | acc_exec=1.000 | trust=0.001
DECISION : PAUSE
MACHINE  : Machine-4
------------------------------------------------------------
[SEQ 477] [STATIC-BASELINE]
CMD      : G1 | effects={'dx': 0.0, 'dy': 0.0, 'dz': 0.0, 'de': 0.0, 'xy_dist': 0.0, 'params': {'G': 1.0, 'X': 0.1, 'Y': 0.1, 'E': 20.0, 'F': 600.0}}
DECISION : ALLOW
------------------------------------------------------------
[SEQ 477] [IEEE-BASELINE]
SCORE    : anomaly_score=0.000
DECISION : ALLOW
------------------------------------------------------------
[SEQ 478] [LAYER 0]
CMD      : G1 X0.1 Y0.1 E20 F600
TRUST    : acc_cmd=1.000 | acc_exec=1.000 | trust=0.001
DECISION : PAUSE
MACHINE  : Machine-4
------------------------------------------------------------
[SEQ 478] [STATIC-BASELINE]
CMD      : G1 | effects={'dx': 0.0, 'dy': 0.0, 'dz': 0.0, 'de': 0.0, 'xy_dist': 0.0, 'params': {'G': 1.0, 'X': 0.1, 'Y': 0.1, 'E': 20.0, 'F': 600.0}}
DECISION : ALLOW
------------------------------------------------------------
[SEQ 478] [IEEE-BASELINE]
SCORE    : anomaly_score=0.000
DECISION : ALLOW
------------------------------------------------------------
[SEQ 479] [LAYER 0]
CMD      : G1 X0.1 Y0.1 E20 F600
TRUST    : acc_cmd=1.000 | acc_exec=1.000 | trust=0.001
DECISION : PAUSE
MACHINE  : Machine-4
------------------------------------------------------------
[SEQ 479] [STATIC-BASELINE]
CMD      : G1 | effects={'dx': 0.0, 'dy': 0.0, 'dz': 0.0, 'de': 0.0, 'xy_dist': 0.0, 'params': {'G': 1.0, 'X': 0.1, 'Y': 0.1, 'E': 20.0, 'F': 600.0}}
DECISION : ALLOW
------------------------------------------------------------
[SEQ 479] [IEEE-BASELINE]
SCORE    : anomaly_score=0.000
DECISION : ALLOW
------------------------------------------------------------
[SEQ 480] [LAYER 0]
CMD      : G1 X0.1 Y0.1 E20 F600
TRUST    : acc_cmd=1.000 | acc_exec=1.000 | trust=0.001
DECISION : PAUSE
MACHINE  : Machine-4
------------------------------------------------------------
[SEQ 480] [STATIC-BASELINE]
CMD      : G1 | effects={'dx': 0.0, 'dy': 0.0, 'dz': 0.0, 'de': 0.0, 'xy_dist': 0.0, 'params': {'G': 1.0, 'X': 0.1, 'Y': 0.1, 'E': 20.0, 'F': 600.0}}
DECISION : ALLOW
------------------------------------------------------------
[SEQ 480] [IEEE-BASELINE]
SCORE    : anomaly_score=0.000
DECISION : ALLOW
------------------------------------------------------------
[SEQ 481] [LAYER 0]
CMD      : G1 X0.1 Y0.1 E20 F600
TRUST    : acc_cmd=1.000 | acc_exec=1.000 | trust=0.001
DECISION : PAUSE
MACHINE  : Machine-4
------------------------------------------------------------
[SEQ 481] [STATIC-BASELINE]
CMD      : G1 | effects={'dx': 0.0, 'dy': 0.0, 'dz': 0.0, 'de': 0.0, 'xy_dist': 0.0, 'params': {'G': 1.0, 'X': 0.1, 'Y': 0.1, 'E': 20.0, 'F': 600.0}}
DECISION : ALLOW
------------------------------------------------------------
[SEQ 481] [IEEE-BASELINE]
SCORE    : anomaly_score=0.000
DECISION : ALLOW
------------------------------------------------------------
[SEQ 482] [LAYER 0]
CMD      : G1 X0.1 Y0.1 E20 F600
TRUST    : acc_cmd=1.000 | acc_exec=1.000 | trust=0.001
DECISION : PAUSE
MACHINE  : Machine-4
------------------------------------------------------------
[SEQ 482] [STATIC-BASELINE]
CMD      : G1 | effects={'dx': 0.0, 'dy': 0.0, 'dz': 0.0, 'de': 0.0, 'xy_dist': 0.0, 'params': {'G': 1.0, 'X': 0.1, 'Y': 0.1, 'E': 20.0, 'F': 600.0}}
DECISION : ALLOW
------------------------------------------------------------
[SEQ 482] [IEEE-BASELINE]
SCORE    : anomaly_score=0.000
DECISION : ALLOW
------------------------------------------------------------
[SEQ 483] [LAYER 0]
CMD      : G1 X0.1 Y0.1 E20 F600
TRUST    : acc_cmd=1.000 | acc_exec=1.000 | trust=0.001
DECISION : PAUSE
MACHINE  : Machine-4
------------------------------------------------------------
[SEQ 483] [STATIC-BASELINE]
CMD      : G1 | effects={'dx': 0.0, 'dy': 0.0, 'dz': 0.0, 'de': 0.0, 'xy_dist': 0.0, 'params': {'G': 1.0, 'X': 0.1, 'Y': 0.1, 'E': 20.0, 'F': 600.0}}
DECISION : ALLOW
------------------------------------------------------------
[SEQ 483] [IEEE-BASELINE]
SCORE    : anomaly_score=0.000
DECISION : ALLOW
------------------------------------------------------------
[SEQ 484] [LAYER 0]
CMD      : G1 X0.1 Y0.1 E20 F600
TRUST    : acc_cmd=1.000 | acc_exec=1.000 | trust=0.001
DECISION : PAUSE
MACHINE  : Machine-4
------------------------------------------------------------
[SEQ 484] [STATIC-BASELINE]
CMD      : G1 | effects={'dx': 0.0, 'dy': 0.0, 'dz': 0.0, 'de': 0.0, 'xy_dist': 0.0, 'params': {'G': 1.0, 'X': 0.1, 'Y': 0.1, 'E': 20.0, 'F': 600.0}}
DECISION : ALLOW
------------------------------------------------------------
[SEQ 484] [IEEE-BASELINE]
SCORE    : anomaly_score=0.000
DECISION : ALLOW
------------------------------------------------------------
[SEQ 485] [LAYER 0]
CMD      : G1 X0.1 Y0.1 E20 F600
TRUST    : acc_cmd=1.000 | acc_exec=1.000 | trust=0.001
DECISION : PAUSE
MACHINE  : Machine-4
------------------------------------------------------------
[SEQ 485] [STATIC-BASELINE]
CMD      : G1 | effects={'dx': 0.0, 'dy': 0.0, 'dz': 0.0, 'de': 0.0, 'xy_dist': 0.0, 'params': {'G': 1.0, 'X': 0.1, 'Y': 0.1, 'E': 20.0, 'F': 600.0}}
DECISION : ALLOW
------------------------------------------------------------
[SEQ 485] [IEEE-BASELINE]
SCORE    : anomaly_score=0.000
DECISION : ALLOW
------------------------------------------------------------
[SEQ 486] [LAYER 0]
CMD      : G1 X0.1 Y0.1 E20 F600
TRUST    : acc_cmd=1.000 | acc_exec=1.000 | trust=0.001
DECISION : PAUSE
MACHINE  : Machine-4
------------------------------------------------------------
[SEQ 486] [STATIC-BASELINE]
CMD      : G1 | effects={'dx': 0.0, 'dy': 0.0, 'dz': 0.0, 'de': 0.0, 'xy_dist': 0.0, 'params': {'G': 1.0, 'X': 0.1, 'Y': 0.1, 'E': 20.0, 'F': 600.0}}
DECISION : ALLOW
------------------------------------------------------------
[SEQ 486] [IEEE-BASELINE]
SCORE    : anomaly_score=0.000
DECISION : ALLOW
------------------------------------------------------------
[SEQ 487] [LAYER 0]
CMD      : G1 X165.919 Y120.759 E11.56925
TRUST    : acc_cmd=0.000 | acc_exec=0.297 | trust=0.003
DECISION : PAUSE
MACHINE  : Machine-4
------------------------------------------------------------
[SEQ 487] [STATIC-BASELINE]
CMD      : G1 | effects={'dx': 165.81900000000002, 'dy': 120.659, 'dz': 0.0, 'de': -8.43075, 'xy_dist': 205.07202403545932, 'params': {'G': 1.0, 'X': 165.919, 'Y': 120.759, 'E': 11.56925}}
DECISION : ALLOW
------------------------------------------------------------
[SEQ 487] [IEEE-BASELINE]
SCORE    : anomaly_score=0.000
DECISION : ALLOW
------------------------------------------------------------
[SEQ 488] [LAYER 0]
CMD      : G1 X0.1 Y0.1 E20 F600
TRUST    : acc_cmd=1.000 | acc_exec=0.000 | trust=0.003
DECISION : PAUSE
MACHINE  : Machine-4
------------------------------------------------------------
[SEQ 488] [STATIC-BASELINE]
CMD      : G1 | effects={'dx': -165.81900000000002, 'dy': -120.659, 'dz': 0.0, 'de': 8.43075, 'xy_dist': 205.07202403545932, 'params': {'G': 1.0, 'X': 0.1, 'Y': 0.1, 'E': 20.0, 'F': 600.0}}
DECISION : ALLOW
------------------------------------------------------------
[SEQ 488] [IEEE-BASELINE]
SCORE    : anomaly_score=0.000
DECISION : ALLOW
------------------------------------------------------------
[SEQ 489] [LAYER 0]
CMD      : G1 X0.1 Y0.1 E20 F600
TRUST    : acc_cmd=1.000 | acc_exec=0.000 | trust=0.002
DECISION : PAUSE
MACHINE  : Machine-4
------------------------------------------------------------
[SEQ 489] [STATIC-BASELINE]
CMD      : G1 | effects={'dx': 0.0, 'dy': 0.0, 'dz': 0.0, 'de': 0.0, 'xy_dist': 0.0, 'params': {'G': 1.0, 'X': 0.1, 'Y': 0.1, 'E': 20.0, 'F': 600.0}}
DECISION : ALLOW
------------------------------------------------------------
[SEQ 489] [IEEE-BASELINE]
SCORE    : anomaly_score=0.000
DECISION : ALLOW
------------------------------------------------------------
[SEQ 490] [LAYER 0]
CMD      : G1 X0.1 Y0.1 E20 F600
TRUST    : acc_cmd=1.000 | acc_exec=0.000 | trust=0.002
DECISION : PAUSE
MACHINE  : Machine-4
------------------------------------------------------------
[SEQ 490] [STATIC-BASELINE]
CMD      : G1 | effects={'dx': 0.0, 'dy': 0.0, 'dz': 0.0, 'de': 0.0, 'xy_dist': 0.0, 'params': {'G': 1.0, 'X': 0.1, 'Y': 0.1, 'E': 20.0, 'F': 600.0}}
DECISION : ALLOW
------------------------------------------------------------
[SEQ 490] [IEEE-BASELINE]
SCORE    : anomaly_score=0.000
DECISION : ALLOW
------------------------------------------------------------
[SEQ 491] [LAYER 0]
CMD      : G1 X0.1 Y0.1 E20 F600
TRUST    : acc_cmd=1.000 | acc_exec=1.000 | trust=0.001
DECISION : PAUSE
MACHINE  : Machine-4
------------------------------------------------------------
[SEQ 491] [STATIC-BASELINE]
CMD      : G1 | effects={'dx': 0.0, 'dy': 0.0, 'dz': 0.0, 'de': 0.0, 'xy_dist': 0.0, 'params': {'G': 1.0, 'X': 0.1, 'Y': 0.1, 'E': 20.0, 'F': 600.0}}
DECISION : ALLOW
------------------------------------------------------------
[SEQ 491] [IEEE-BASELINE]
SCORE    : anomaly_score=0.000
DECISION : ALLOW
------------------------------------------------------------
[SEQ 492] [LAYER 0]
CMD      : G1 X0.1 Y0.1 E20 F600
TRUST    : acc_cmd=1.000 | acc_exec=1.000 | trust=0.001
DECISION : PAUSE
MACHINE  : Machine-4
------------------------------------------------------------
[SEQ 492] [STATIC-BASELINE]
CMD      : G1 | effects={'dx': 0.0, 'dy': 0.0, 'dz': 0.0, 'de': 0.0, 'xy_dist': 0.0, 'params': {'G': 1.0, 'X': 0.1, 'Y': 0.1, 'E': 20.0, 'F': 600.0}}
DECISION : ALLOW
------------------------------------------------------------
[SEQ 492] [IEEE-BASELINE]
SCORE    : anomaly_score=0.000
DECISION : ALLOW
------------------------------------------------------------
[SEQ 493] [LAYER 0]
CMD      : G1 X0.1 Y0.1 E20 F600
TRUST    : acc_cmd=1.000 | acc_exec=1.000 | trust=0.001
DECISION : PAUSE
MACHINE  : Machine-4
------------------------------------------------------------
[SEQ 493] [STATIC-BASELINE]
CMD      : G1 | effects={'dx': 0.0, 'dy': 0.0, 'dz': 0.0, 'de': 0.0, 'xy_dist': 0.0, 'params': {'G': 1.0, 'X': 0.1, 'Y': 0.1, 'E': 20.0, 'F': 600.0}}
DECISION : ALLOW
------------------------------------------------------------
[SEQ 493] [IEEE-BASELINE]
SCORE    : anomaly_score=0.000
DECISION : ALLOW
------------------------------------------------------------
[SEQ 494] [LAYER 0]
CMD      : G1 X0.1 Y0.1 E20 F600
TRUST    : acc_cmd=1.000 | acc_exec=1.000 | trust=0.001
DECISION : PAUSE
MACHINE  : Machine-4
------------------------------------------------------------
[SEQ 494] [STATIC-BASELINE]
CMD      : G1 | effects={'dx': 0.0, 'dy': 0.0, 'dz': 0.0, 'de': 0.0, 'xy_dist': 0.0, 'params': {'G': 1.0, 'X': 0.1, 'Y': 0.1, 'E': 20.0, 'F': 600.0}}
DECISION : ALLOW
------------------------------------------------------------
[SEQ 494] [IEEE-BASELINE]
SCORE    : anomaly_score=0.000
DECISION : ALLOW
------------------------------------------------------------
[SEQ 495] [LAYER 0]
CMD      : G1 X0.1 Y0.1 E20 F600
TRUST    : acc_cmd=1.000 | acc_exec=1.000 | trust=0.001
DECISION : PAUSE
MACHINE  : Machine-4
------------------------------------------------------------
[SEQ 495] [STATIC-BASELINE]
CMD      : G1 | effects={'dx': 0.0, 'dy': 0.0, 'dz': 0.0, 'de': 0.0, 'xy_dist': 0.0, 'params': {'G': 1.0, 'X': 0.1, 'Y': 0.1, 'E': 20.0, 'F': 600.0}}
DECISION : ALLOW
------------------------------------------------------------
[SEQ 495] [IEEE-BASELINE]
SCORE    : anomaly_score=0.000
DECISION : ALLOW
------------------------------------------------------------
[SEQ 496] [LAYER 0]
CMD      : G1 X0.1 Y0.1 E20 F600
TRUST    : acc_cmd=1.000 | acc_exec=1.000 | trust=0.001
DECISION : PAUSE
MACHINE  : Machine-4
------------------------------------------------------------
[SEQ 496] [STATIC-BASELINE]
CMD      : G1 | effects={'dx': 0.0, 'dy': 0.0, 'dz': 0.0, 'de': 0.0, 'xy_dist': 0.0, 'params': {'G': 1.0, 'X': 0.1, 'Y': 0.1, 'E': 20.0, 'F': 600.0}}
DECISION : ALLOW
------------------------------------------------------------
[SEQ 496] [IEEE-BASELINE]
SCORE    : anomaly_score=0.000
DECISION : ALLOW
------------------------------------------------------------
[SEQ 497] [LAYER 0]
CMD      : G1 X0.1 Y0.1 E20 F600
TRUST    : acc_cmd=1.000 | acc_exec=1.000 | trust=0.001
DECISION : PAUSE
MACHINE  : Machine-4
------------------------------------------------------------
[SEQ 497] [STATIC-BASELINE]
CMD      : G1 | effects={'dx': 0.0, 'dy': 0.0, 'dz': 0.0, 'de': 0.0, 'xy_dist': 0.0, 'params': {'G': 1.0, 'X': 0.1, 'Y': 0.1, 'E': 20.0, 'F': 600.0}}
DECISION : ALLOW
------------------------------------------------------------
[SEQ 497] [IEEE-BASELINE]
SCORE    : anomaly_score=0.000
DECISION : ALLOW
------------------------------------------------------------
[SEQ 498] [LAYER 0]
CMD      : G1 X0.1 Y0.1 E20 F600
TRUST    : acc_cmd=1.000 | acc_exec=1.000 | trust=0.001
DECISION : PAUSE
MACHINE  : Machine-4
------------------------------------------------------------
[SEQ 498] [STATIC-BASELINE]
CMD      : G1 | effects={'dx': 0.0, 'dy': 0.0, 'dz': 0.0, 'de': 0.0, 'xy_dist': 0.0, 'params': {'G': 1.0, 'X': 0.1, 'Y': 0.1, 'E': 20.0, 'F': 600.0}}
DECISION : ALLOW
------------------------------------------------------------
[SEQ 498] [IEEE-BASELINE]
SCORE    : anomaly_score=0.000
DECISION : ALLOW
------------------------------------------------------------
[SEQ 499] [LAYER 0]
CMD      : G1 X0.1 Y0.1 E20 F600
TRUST    : acc_cmd=1.000 | acc_exec=1.000 | trust=0.001
DECISION : PAUSE
MACHINE  : Machine-4
------------------------------------------------------------
[SEQ 499] [STATIC-BASELINE]
CMD      : G1 | effects={'dx': 0.0, 'dy': 0.0, 'dz': 0.0, 'de': 0.0, 'xy_dist': 0.0, 'params': {'G': 1.0, 'X': 0.1, 'Y': 0.1, 'E': 20.0, 'F': 600.0}}
DECISION : ALLOW
------------------------------------------------------------
[SEQ 499] [IEEE-BASELINE]
SCORE    : anomaly_score=0.000
DECISION : ALLOW
------------------------------------------------------------
[SEQ 500] [LAYER 0]
CMD      : G1 X0.1 Y0.1 E20 F600
TRUST    : acc_cmd=1.000 | acc_exec=1.000 | trust=0.001
DECISION : PAUSE
MACHINE  : Machine-4
------------------------------------------------------------
[SEQ 500] [STATIC-BASELINE]
CMD      : G1 | effects={'dx': 0.0, 'dy': 0.0, 'dz': 0.0, 'de': 0.0, 'xy_dist': 0.0, 'params': {'G': 1.0, 'X': 0.1, 'Y': 0.1, 'E': 20.0, 'F': 600.0}}
DECISION : ALLOW
------------------------------------------------------------
[SEQ 500] [IEEE-BASELINE]
SCORE    : anomaly_score=0.000
DECISION : ALLOW
------------------------------------------------------------
[SEQ 501] [LAYER 0]
CMD      : G1 X0.1 Y0.1 E20 F600
TRUST    : acc_cmd=1.000 | acc_exec=1.000 | trust=0.001
DECISION : PAUSE
MACHINE  : Machine-4
------------------------------------------------------------
[SEQ 501] [STATIC-BASELINE]
CMD      : G1 | effects={'dx': 0.0, 'dy': 0.0, 'dz': 0.0, 'de': 0.0, 'xy_dist': 0.0, 'params': {'G': 1.0, 'X': 0.1, 'Y': 0.1, 'E': 20.0, 'F': 600.0}}
DECISION : ALLOW
------------------------------------------------------------
[SEQ 501] [IEEE-BASELINE]
SCORE    : anomaly_score=0.000
DECISION : ALLOW
------------------------------------------------------------
[SEQ 502] [LAYER 0]
CMD      : G1 X0.1 Y0.1 E20 F600
TRUST    : acc_cmd=1.000 | acc_exec=1.000 | trust=0.001
DECISION : PAUSE
MACHINE  : Machine-4
------------------------------------------------------------
[SEQ 502] [STATIC-BASELINE]
CMD      : G1 | effects={'dx': 0.0, 'dy': 0.0, 'dz': 0.0, 'de': 0.0, 'xy_dist': 0.0, 'params': {'G': 1.0, 'X': 0.1, 'Y': 0.1, 'E': 20.0, 'F': 600.0}}
DECISION : ALLOW
------------------------------------------------------------
[SEQ 502] [IEEE-BASELINE]
SCORE    : anomaly_score=0.000
DECISION : ALLOW
------------------------------------------------------------
[SEQ 503] [LAYER 0]
CMD      : G1 X0.1 Y0.1 E20 F600
TRUST    : acc_cmd=1.000 | acc_exec=1.000 | trust=0.001
DECISION : PAUSE
MACHINE  : Machine-4
------------------------------------------------------------
[SEQ 503] [STATIC-BASELINE]
CMD      : G1 | effects={'dx': 0.0, 'dy': 0.0, 'dz': 0.0, 'de': 0.0, 'xy_dist': 0.0, 'params': {'G': 1.0, 'X': 0.1, 'Y': 0.1, 'E': 20.0, 'F': 600.0}}
DECISION : ALLOW
------------------------------------------------------------
[SEQ 503] [IEEE-BASELINE]
SCORE    : anomaly_score=0.000
DECISION : ALLOW
------------------------------------------------------------
[SEQ 504] [LAYER 0]
CMD      : G1 X0.1 Y0.1 E20 F600
TRUST    : acc_cmd=1.000 | acc_exec=1.000 | trust=0.001
DECISION : PAUSE
MACHINE  : Machine-4
------------------------------------------------------------
[SEQ 504] [STATIC-BASELINE]
CMD      : G1 | effects={'dx': 0.0, 'dy': 0.0, 'dz': 0.0, 'de': 0.0, 'xy_dist': 0.0, 'params': {'G': 1.0, 'X': 0.1, 'Y': 0.1, 'E': 20.0, 'F': 600.0}}
DECISION : ALLOW
------------------------------------------------------------
[SEQ 504] [IEEE-BASELINE]
SCORE    : anomaly_score=0.000
DECISION : ALLOW
------------------------------------------------------------
[SEQ 505] [LAYER 0]
CMD      : G1 X166.575 Y120.221 E11.71625
TRUST    : acc_cmd=0.000 | acc_exec=0.274 | trust=0.003
DECISION : PAUSE
MACHINE  : Machine-4
------------------------------------------------------------
[SEQ 505] [STATIC-BASELINE]
CMD      : G1 | effects={'dx': 166.475, 'dy': 120.12100000000001, 'dz': 0.0, 'de': -8.28375, 'xy_dist': 205.2875550684941, 'params': {'G': 1.0, 'X': 166.575, 'Y': 120.221, 'E': 11.71625}}
DECISION : ALLOW
------------------------------------------------------------
[SEQ 505] [IEEE-BASELINE]
SCORE    : anomaly_score=0.000
DECISION : ALLOW
------------------------------------------------------------
[SEQ 506] [LAYER 0]
CMD      : G1 X166.461 Y120.625 E11.72414
TRUST    : acc_cmd=0.000 | acc_exec=0.000 | trust=0.026
DECISION : PAUSE
MACHINE  : Machine-4
------------------------------------------------------------
[SEQ 506] [STATIC-BASELINE]
CMD      : G1 | effects={'dx': -0.1139999999999759, 'dy': 0.40399999999999636, 'dz': 0.0, 'de': 0.00788999999999973, 'xy_dist': 0.41977613081259346, 'params': {'G': 1.0, 'X': 166.461, 'Y': 120.625, 'E': 11.72414}}
DECISION : ALLOW
------------------------------------------------------------
[SEQ 506] [IEEE-BASELINE]
SCORE    : anomaly_score=0.000
DECISION : ALLOW
------------------------------------------------------------
[SEQ 507] [LAYER 0]
CMD      : G1 X0.1 Y0.1 E20 F600
TRUST    : acc_cmd=1.000 | acc_exec=0.000 | trust=0.016
DECISION : PAUSE
MACHINE  : Machine-4
------------------------------------------------------------
[SEQ 507] [STATIC-BASELINE]
CMD      : G1 | effects={'dx': -166.36100000000002, 'dy': -120.525, 'dz': 0.0, 'de': 8.27586, 'xy_dist': 205.43188152280555, 'params': {'G': 1.0, 'X': 0.1, 'Y': 0.1, 'E': 20.0, 'F': 600.0}}
DECISION : ALLOW
------------------------------------------------------------
[SEQ 507] [IEEE-BASELINE]
SCORE    : anomaly_score=0.000
DECISION : ALLOW
------------------------------------------------------------
[SEQ 508] [LAYER 0]
CMD      : G1 X0.1 Y0.1 E20 F600
TRUST    : acc_cmd=1.000 | acc_exec=0.000 | trust=0.008
DECISION : PAUSE
MACHINE  : Machine-4
------------------------------------------------------------
[SEQ 508] [STATIC-BASELINE]
CMD      : G1 | effects={'dx': 0.0, 'dy': 0.0, 'dz': 0.0, 'de': 0.0, 'xy_dist': 0.0, 'params': {'G': 1.0, 'X': 0.1, 'Y': 0.1, 'E': 20.0, 'F': 600.0}}
DECISION : ALLOW
------------------------------------------------------------
[SEQ 508] [IEEE-BASELINE]
SCORE    : anomaly_score=0.000
DECISION : ALLOW
------------------------------------------------------------
[SEQ 509] [LAYER 0]
CMD      : G1 X165.297 Y121.559 E11.75332
TRUST    : acc_cmd=0.000 | acc_exec=0.269 | trust=0.022
DECISION : PAUSE
MACHINE  : Machine-4
------------------------------------------------------------
[SEQ 509] [STATIC-BASELINE]
CMD      : G1 | effects={'dx': 165.197, 'dy': 121.459, 'dz': 0.0, 'de': -8.24668, 'xy_dist': 205.04228220052565, 'params': {'G': 1.0, 'X': 165.297, 'Y': 121.559, 'E': 11.75332}}
DECISION : ALLOW
------------------------------------------------------------
[SEQ 509] [IEEE-BASELINE]
SCORE    : anomaly_score=0.000
DECISION : ALLOW
------------------------------------------------------------
[SEQ 510] [LAYER 0]
CMD      : G1 X0.1 Y0.1 E20 F600
TRUST    : acc_cmd=1.000 | acc_exec=0.000 | trust=0.013
DECISION : PAUSE
MACHINE  : Machine-4
------------------------------------------------------------
[SEQ 510] [STATIC-BASELINE]
CMD      : G1 | effects={'dx': -165.197, 'dy': -121.459, 'dz': 0.0, 'de': 8.24668, 'xy_dist': 205.04228220052565, 'params': {'G': 1.0, 'X': 0.1, 'Y': 0.1, 'E': 20.0, 'F': 600.0}}
DECISION : ALLOW
------------------------------------------------------------
[SEQ 510] [IEEE-BASELINE]
SCORE    : anomaly_score=0.000
DECISION : ALLOW
------------------------------------------------------------
[SEQ 511] [LAYER 0]
CMD      : G1 X0.1 Y0.1 E20 F600
TRUST    : acc_cmd=1.000 | acc_exec=0.000 | trust=0.006
DECISION : PAUSE
MACHINE  : Machine-4
------------------------------------------------------------
[SEQ 511] [STATIC-BASELINE]
CMD      : G1 | effects={'dx': 0.0, 'dy': 0.0, 'dz': 0.0, 'de': 0.0, 'xy_dist': 0.0, 'params': {'G': 1.0, 'X': 0.1, 'Y': 0.1, 'E': 20.0, 'F': 600.0}}
DECISION : ALLOW
------------------------------------------------------------
[SEQ 511] [IEEE-BASELINE]
SCORE    : anomaly_score=0.000
DECISION : ALLOW
------------------------------------------------------------
[SEQ 512] [LAYER 0]
CMD      : G1 X163.931 Y121.172 E11.7809
TRUST    : acc_cmd=0.000 | acc_exec=0.264 | trust=0.019
DECISION : PAUSE
MACHINE  : Machine-4
------------------------------------------------------------
[SEQ 512] [STATIC-BASELINE]
CMD      : G1 | effects={'dx': 163.83100000000002, 'dy': 121.072, 'dz': 0.0, 'de': -8.2191, 'xy_dist': 203.71309664574835, 'params': {'G': 1.0, 'X': 163.931, 'Y': 121.172, 'E': 11.7809}}
DECISION : ALLOW
------------------------------------------------------------
[SEQ 512] [IEEE-BASELINE]
SCORE    : anomaly_score=0.000
DECISION : ALLOW
------------------------------------------------------------
[SEQ 513] [LAYER 0]
CMD      : G1 X0.1 Y0.1 E20 F600
TRUST    : acc_cmd=1.000 | acc_exec=0.000 | trust=0.011
DECISION : PAUSE
MACHINE  : Machine-4
------------------------------------------------------------
[SEQ 513] [STATIC-BASELINE]
CMD      : G1 | effects={'dx': -163.83100000000002, 'dy': -121.072, 'dz': 0.0, 'de': 8.2191, 'xy_dist': 203.71309664574835, 'params': {'G': 1.0, 'X': 0.1, 'Y': 0.1, 'E': 20.0, 'F': 600.0}}
DECISION : ALLOW
------------------------------------------------------------
[SEQ 513] [IEEE-BASELINE]
SCORE    : anomaly_score=0.000
DECISION : ALLOW
------------------------------------------------------------
[SEQ 514] [LAYER 0]
CMD      : G1 X0.1 Y0.1 E20 F600
TRUST    : acc_cmd=1.000 | acc_exec=0.000 | trust=0.006
DECISION : PAUSE
MACHINE  : Machine-4
------------------------------------------------------------
[SEQ 514] [STATIC-BASELINE]
CMD      : G1 | effects={'dx': 0.0, 'dy': 0.0, 'dz': 0.0, 'de': 0.0, 'xy_dist': 0.0, 'params': {'G': 1.0, 'X': 0.1, 'Y': 0.1, 'E': 20.0, 'F': 600.0}}
DECISION : ALLOW
------------------------------------------------------------
[SEQ 514] [IEEE-BASELINE]
SCORE    : anomaly_score=0.000
DECISION : ALLOW
------------------------------------------------------------
[SEQ 515] [LAYER 0]
CMD      : G1 X0.1 Y0.1 E20 F600
TRUST    : acc_cmd=1.000 | acc_exec=0.000 | trust=0.003
DECISION : PAUSE
MACHINE  : Machine-4
------------------------------------------------------------
[SEQ 515] [STATIC-BASELINE]
CMD      : G1 | effects={'dx': 0.0, 'dy': 0.0, 'dz': 0.0, 'de': 0.0, 'xy_dist': 0.0, 'params': {'G': 1.0, 'X': 0.1, 'Y': 0.1, 'E': 20.0, 'F': 600.0}}
DECISION : ALLOW
------------------------------------------------------------
[SEQ 515] [IEEE-BASELINE]
SCORE    : anomaly_score=0.000
DECISION : ALLOW
------------------------------------------------------------
[SEQ 516] [LAYER 0]
CMD      : G1 X0.1 Y0.1 E20 F600
TRUST    : acc_cmd=1.000 | acc_exec=1.000 | trust=0.002
DECISION : PAUSE
MACHINE  : Machine-4
------------------------------------------------------------
[SEQ 516] [STATIC-BASELINE]
CMD      : G1 | effects={'dx': 0.0, 'dy': 0.0, 'dz': 0.0, 'de': 0.0, 'xy_dist': 0.0, 'params': {'G': 1.0, 'X': 0.1, 'Y': 0.1, 'E': 20.0, 'F': 600.0}}
DECISION : ALLOW
------------------------------------------------------------
[SEQ 516] [IEEE-BASELINE]
SCORE    : anomaly_score=0.000
DECISION : ALLOW
------------------------------------------------------------
[SEQ 517] [LAYER 0]
CMD      : G1 X0.1 Y0.1 E20 F600
TRUST    : acc_cmd=1.000 | acc_exec=1.000 | trust=0.001
DECISION : PAUSE
MACHINE  : Machine-4
------------------------------------------------------------
[SEQ 517] [STATIC-BASELINE]
CMD      : G1 | effects={'dx': 0.0, 'dy': 0.0, 'dz': 0.0, 'de': 0.0, 'xy_dist': 0.0, 'params': {'G': 1.0, 'X': 0.1, 'Y': 0.1, 'E': 20.0, 'F': 600.0}}
DECISION : ALLOW
------------------------------------------------------------
[SEQ 517] [IEEE-BASELINE]
SCORE    : anomaly_score=0.000
DECISION : ALLOW
------------------------------------------------------------
[SEQ 518] [LAYER 0]
CMD      : G1 X0.1 Y0.1 E20 F600
TRUST    : acc_cmd=1.000 | acc_exec=1.000 | trust=0.001
DECISION : PAUSE
MACHINE  : Machine-4
------------------------------------------------------------
[SEQ 518] [STATIC-BASELINE]
CMD      : G1 | effects={'dx': 0.0, 'dy': 0.0, 'dz': 0.0, 'de': 0.0, 'xy_dist': 0.0, 'params': {'G': 1.0, 'X': 0.1, 'Y': 0.1, 'E': 20.0, 'F': 600.0}}
DECISION : ALLOW
------------------------------------------------------------
[SEQ 518] [IEEE-BASELINE]
SCORE    : anomaly_score=0.000
DECISION : ALLOW
------------------------------------------------------------
[SEQ 519] [LAYER 0]
CMD      : G1 X0.1 Y0.1 E20 F600
TRUST    : acc_cmd=1.000 | acc_exec=1.000 | trust=0.001
DECISION : PAUSE
MACHINE  : Machine-4
------------------------------------------------------------
[SEQ 519] [STATIC-BASELINE]
CMD      : G1 | effects={'dx': 0.0, 'dy': 0.0, 'dz': 0.0, 'de': 0.0, 'xy_dist': 0.0, 'params': {'G': 1.0, 'X': 0.1, 'Y': 0.1, 'E': 20.0, 'F': 600.0}}
DECISION : ALLOW
------------------------------------------------------------
[SEQ 519] [IEEE-BASELINE]
SCORE    : anomaly_score=0.000
DECISION : ALLOW
------------------------------------------------------------
[SEQ 520] [LAYER 1]
CMD      : G1 X0.1 Y0.1 E20 F600
TRUST    : acc_cmd=1.000 | acc_exec=1.000 | trust=0.001
DECISION : PAUSE
MACHINE  : Machine-4
------------------------------------------------------------
[SEQ 520] [STATIC-BASELINE]
CMD      : G1 | effects={'dx': 0.0, 'dy': 0.0, 'dz': 0.0, 'de': 0.0, 'xy_dist': 0.0, 'params': {'G': 1.0, 'X': 0.1, 'Y': 0.1, 'E': 20.0, 'F': 600.0}}
DECISION : ALLOW
------------------------------------------------------------
[SEQ 520] [IEEE-BASELINE]
SCORE    : anomaly_score=0.000
DECISION : ALLOW
------------------------------------------------------------
[SEQ 521] [LAYER 1]
CMD      : G1 X0.1 Y0.1 E20 F600
TRUST    : acc_cmd=1.000 | acc_exec=1.000 | trust=0.001
DECISION : PAUSE
MACHINE  : Machine-4
------------------------------------------------------------
[SEQ 521] [STATIC-BASELINE]
CMD      : G1 | effects={'dx': 0.0, 'dy': 0.0, 'dz': 0.0, 'de': 0.0, 'xy_dist': 0.0, 'params': {'G': 1.0, 'X': 0.1, 'Y': 0.1, 'E': 20.0, 'F': 600.0}}
DECISION : ALLOW
------------------------------------------------------------
[SEQ 521] [IEEE-BASELINE]
SCORE    : anomaly_score=0.000
DECISION : ALLOW
------------------------------------------------------------
[SEQ 522] [LAYER 1]
CMD      : M106 S255
TRUST    : acc_cmd=0.000 | acc_exec=0.000 | trust=0.007
DECISION : PAUSE
MACHINE  : Machine-4
------------------------------------------------------------
[SEQ 522] [STATIC-BASELINE]
CMD      : M106 | effects={'M': 106.0, 'S': 255.0}
DECISION : ALLOW
------------------------------------------------------------
[SEQ 522] [IEEE-BASELINE]
SCORE    : anomaly_score=0.000
DECISION : ALLOW
------------------------------------------------------------
[SEQ 523] [LAYER 1]
CMD      : G1 X0.1 Y0.1 E20 F600
TRUST    : acc_cmd=1.000 | acc_exec=1.000 | trust=0.005
DECISION : PAUSE
MACHINE  : Machine-4
------------------------------------------------------------
[SEQ 523] [STATIC-BASELINE]
CMD      : G1 | effects={'dx': 0.0, 'dy': 0.0, 'dz': 0.0, 'de': 0.0, 'xy_dist': 0.0, 'params': {'G': 1.0, 'X': 0.1, 'Y': 0.1, 'E': 20.0, 'F': 600.0}}
DECISION : ALLOW
------------------------------------------------------------
[SEQ 523] [IEEE-BASELINE]
SCORE    : anomaly_score=0.000
DECISION : ALLOW
------------------------------------------------------------
[SEQ 524] [LAYER 1]
CMD      : G1 X0.1 Y0.1 E20 F600
TRUST    : acc_cmd=1.000 | acc_exec=1.000 | trust=0.003
DECISION : PAUSE
MACHINE  : Machine-4
------------------------------------------------------------
[SEQ 524] [STATIC-BASELINE]
CMD      : G1 | effects={'dx': 0.0, 'dy': 0.0, 'dz': 0.0, 'de': 0.0, 'xy_dist': 0.0, 'params': {'G': 1.0, 'X': 0.1, 'Y': 0.1, 'E': 20.0, 'F': 600.0}}
DECISION : ALLOW
------------------------------------------------------------
[SEQ 524] [IEEE-BASELINE]
SCORE    : anomaly_score=0.000
DECISION : ALLOW
------------------------------------------------------------
[SEQ 525] [LAYER 1]
CMD      : G1 X0.1 Y0.1 E20 F600
TRUST    : acc_cmd=1.000 | acc_exec=1.000 | trust=0.002
DECISION : PAUSE
MACHINE  : Machine-4
------------------------------------------------------------
[SEQ 525] [STATIC-BASELINE]
CMD      : G1 | effects={'dx': 0.0, 'dy': 0.0, 'dz': 0.0, 'de': 0.0, 'xy_dist': 0.0, 'params': {'G': 1.0, 'X': 0.1, 'Y': 0.1, 'E': 20.0, 'F': 600.0}}
DECISION : ALLOW
------------------------------------------------------------
[SEQ 525] [IEEE-BASELINE]
SCORE    : anomaly_score=0.000
DECISION : ALLOW
------------------------------------------------------------
[SEQ 526] [LAYER 1]
CMD      : G1 X0.1 Y0.1 E20 F600
TRUST    : acc_cmd=1.000 | acc_exec=1.000 | trust=0.001
DECISION : PAUSE
MACHINE  : Machine-4
------------------------------------------------------------
[SEQ 526] [STATIC-BASELINE]
CMD      : G1 | effects={'dx': 0.0, 'dy': 0.0, 'dz': 0.0, 'de': 0.0, 'xy_dist': 0.0, 'params': {'G': 1.0, 'X': 0.1, 'Y': 0.1, 'E': 20.0, 'F': 600.0}}
DECISION : ALLOW
------------------------------------------------------------
[SEQ 526] [IEEE-BASELINE]
SCORE    : anomaly_score=0.000
DECISION : ALLOW
------------------------------------------------------------
[SEQ 527] [LAYER 1]
CMD      : G1 X0.1 Y0.1 E20 F600
TRUST    : acc_cmd=1.000 | acc_exec=1.000 | trust=0.001
DECISION : PAUSE
MACHINE  : Machine-4
------------------------------------------------------------
[SEQ 527] [STATIC-BASELINE]
CMD      : G1 | effects={'dx': 0.0, 'dy': 0.0, 'dz': 0.0, 'de': 0.0, 'xy_dist': 0.0, 'params': {'G': 1.0, 'X': 0.1, 'Y': 0.1, 'E': 20.0, 'F': 600.0}}
DECISION : ALLOW
------------------------------------------------------------
[SEQ 527] [IEEE-BASELINE]
SCORE    : anomaly_score=0.000
DECISION : ALLOW
------------------------------------------------------------
[SEQ 528] [LAYER 1]
CMD      : G1 X0.1 Y0.1 E20 F600
TRUST    : acc_cmd=1.000 | acc_exec=1.000 | trust=0.001
DECISION : PAUSE
MACHINE  : Machine-4
------------------------------------------------------------
[SEQ 528] [STATIC-BASELINE]
CMD      : G1 | effects={'dx': 0.0, 'dy': 0.0, 'dz': 0.0, 'de': 0.0, 'xy_dist': 0.0, 'params': {'G': 1.0, 'X': 0.1, 'Y': 0.1, 'E': 20.0, 'F': 600.0}}
DECISION : ALLOW
------------------------------------------------------------
[SEQ 528] [IEEE-BASELINE]
SCORE    : anomaly_score=0.000
DECISION : ALLOW
------------------------------------------------------------
[SEQ 529] [LAYER 1]
CMD      : G1 X0.1 Y0.1 E20 F600
TRUST    : acc_cmd=1.000 | acc_exec=1.000 | trust=0.001
DECISION : PAUSE
MACHINE  : Machine-4
------------------------------------------------------------
[SEQ 529] [STATIC-BASELINE]
CMD      : G1 | effects={'dx': 0.0, 'dy': 0.0, 'dz': 0.0, 'de': 0.0, 'xy_dist': 0.0, 'params': {'G': 1.0, 'X': 0.1, 'Y': 0.1, 'E': 20.0, 'F': 600.0}}
DECISION : ALLOW
------------------------------------------------------------
[SEQ 529] [IEEE-BASELINE]
SCORE    : anomaly_score=0.000
DECISION : ALLOW
------------------------------------------------------------
[SEQ 530] [LAYER 1]
CMD      : G1 X0.1 Y0.1 E20 F600
TRUST    : acc_cmd=1.000 | acc_exec=1.000 | trust=0.001
DECISION : PAUSE
MACHINE  : Machine-4
------------------------------------------------------------
[SEQ 530] [STATIC-BASELINE]
CMD      : G1 | effects={'dx': 0.0, 'dy': 0.0, 'dz': 0.0, 'de': 0.0, 'xy_dist': 0.0, 'params': {'G': 1.0, 'X': 0.1, 'Y': 0.1, 'E': 20.0, 'F': 600.0}}
DECISION : ALLOW
------------------------------------------------------------
[SEQ 530] [IEEE-BASELINE]
SCORE    : anomaly_score=0.000
DECISION : ALLOW
------------------------------------------------------------
[SEQ 531] [LAYER 1]
CMD      : G1 X0.1 Y0.1 E20 F600
TRUST    : acc_cmd=1.000 | acc_exec=1.000 | trust=0.001
DECISION : PAUSE
MACHINE  : Machine-4
------------------------------------------------------------
[SEQ 531] [STATIC-BASELINE]
CMD      : G1 | effects={'dx': 0.0, 'dy': 0.0, 'dz': 0.0, 'de': 0.0, 'xy_dist': 0.0, 'params': {'G': 1.0, 'X': 0.1, 'Y': 0.1, 'E': 20.0, 'F': 600.0}}
DECISION : ALLOW
------------------------------------------------------------
[SEQ 531] [IEEE-BASELINE]
SCORE    : anomaly_score=0.000
DECISION : ALLOW
------------------------------------------------------------
[SEQ 532] [LAYER 2]
CMD      : G1 X0.1 Y0.1 E20 F600
TRUST    : acc_cmd=1.000 | acc_exec=1.000 | trust=0.001
DECISION : PAUSE
MACHINE  : Machine-4
------------------------------------------------------------
[SEQ 532] [STATIC-BASELINE]
CMD      : G1 | effects={'dx': 0.0, 'dy': 0.0, 'dz': 0.0, 'de': 0.0, 'xy_dist': 0.0, 'params': {'G': 1.0, 'X': 0.1, 'Y': 0.1, 'E': 20.0, 'F': 600.0}}
DECISION : ALLOW
------------------------------------------------------------
[SEQ 532] [IEEE-BASELINE]
SCORE    : anomaly_score=0.000
DECISION : ALLOW
------------------------------------------------------------
[SEQ 533] [LAYER 2]
CMD      : G1 X0.1 Y0.1 E20 F600
TRUST    : acc_cmd=1.000 | acc_exec=1.000 | trust=0.001
DECISION : PAUSE
MACHINE  : Machine-4
------------------------------------------------------------
[SEQ 533] [STATIC-BASELINE]
CMD      : G1 | effects={'dx': 0.0, 'dy': 0.0, 'dz': 0.0, 'de': 0.0, 'xy_dist': 0.0, 'params': {'G': 1.0, 'X': 0.1, 'Y': 0.1, 'E': 20.0, 'F': 600.0}}
DECISION : ALLOW
------------------------------------------------------------
[SEQ 533] [IEEE-BASELINE]
SCORE    : anomaly_score=0.000
DECISION : ALLOW
------------------------------------------------------------
[SEQ 534] [LAYER 2]
CMD      : G1 X0.1 Y0.1 E20 F600
TRUST    : acc_cmd=1.000 | acc_exec=1.000 | trust=0.001
DECISION : PAUSE
MACHINE  : Machine-4
------------------------------------------------------------
[SEQ 534] [STATIC-BASELINE]
CMD      : G1 | effects={'dx': 0.0, 'dy': 0.0, 'dz': 0.0, 'de': 0.0, 'xy_dist': 0.0, 'params': {'G': 1.0, 'X': 0.1, 'Y': 0.1, 'E': 20.0, 'F': 600.0}}
DECISION : ALLOW
------------------------------------------------------------
[SEQ 534] [IEEE-BASELINE]
SCORE    : anomaly_score=0.000
DECISION : ALLOW
------------------------------------------------------------
[SEQ 535] [LAYER 2]
CMD      : G1 X0.1 Y0.1 E20 F600
TRUST    : acc_cmd=1.000 | acc_exec=1.000 | trust=0.001
DECISION : PAUSE
MACHINE  : Machine-4
------------------------------------------------------------
[SEQ 535] [STATIC-BASELINE]
CMD      : G1 | effects={'dx': 0.0, 'dy': 0.0, 'dz': 0.0, 'de': 0.0, 'xy_dist': 0.0, 'params': {'G': 1.0, 'X': 0.1, 'Y': 0.1, 'E': 20.0, 'F': 600.0}}
DECISION : ALLOW
------------------------------------------------------------
[SEQ 535] [IEEE-BASELINE]
SCORE    : anomaly_score=0.000
DECISION : ALLOW
------------------------------------------------------------
[SEQ 536] [LAYER 2]
CMD      : G1 X0.1 Y0.1 E20 F600
TRUST    : acc_cmd=1.000 | acc_exec=1.000 | trust=0.001
DECISION : PAUSE
MACHINE  : Machine-4
------------------------------------------------------------
[SEQ 536] [STATIC-BASELINE]
CMD      : G1 | effects={'dx': 0.0, 'dy': 0.0, 'dz': 0.0, 'de': 0.0, 'xy_dist': 0.0, 'params': {'G': 1.0, 'X': 0.1, 'Y': 0.1, 'E': 20.0, 'F': 600.0}}
DECISION : ALLOW
------------------------------------------------------------
[SEQ 536] [IEEE-BASELINE]
SCORE    : anomaly_score=0.000
DECISION : ALLOW
------------------------------------------------------------
[SEQ 537] [LAYER 2]
CMD      : G1 X0.1 Y0.1 E20 F600
TRUST    : acc_cmd=1.000 | acc_exec=1.000 | trust=0.001
DECISION : PAUSE
MACHINE  : Machine-4
------------------------------------------------------------
[SEQ 537] [STATIC-BASELINE]
CMD      : G1 | effects={'dx': 0.0, 'dy': 0.0, 'dz': 0.0, 'de': 0.0, 'xy_dist': 0.0, 'params': {'G': 1.0, 'X': 0.1, 'Y': 0.1, 'E': 20.0, 'F': 600.0}}
DECISION : ALLOW
------------------------------------------------------------
[SEQ 537] [IEEE-BASELINE]
SCORE    : anomaly_score=0.000
DECISION : ALLOW
------------------------------------------------------------
[SEQ 538] [LAYER 2]
CMD      : G1 X0.1 Y0.1 E20 F600
TRUST    : acc_cmd=1.000 | acc_exec=1.000 | trust=0.001
DECISION : PAUSE
MACHINE  : Machine-4
------------------------------------------------------------
[SEQ 538] [STATIC-BASELINE]
CMD      : G1 | effects={'dx': 0.0, 'dy': 0.0, 'dz': 0.0, 'de': 0.0, 'xy_dist': 0.0, 'params': {'G': 1.0, 'X': 0.1, 'Y': 0.1, 'E': 20.0, 'F': 600.0}}
DECISION : ALLOW
------------------------------------------------------------
[SEQ 538] [IEEE-BASELINE]
SCORE    : anomaly_score=0.000
DECISION : ALLOW
------------------------------------------------------------
[SEQ 539] [LAYER 2]
CMD      : G1 X0.1 Y0.1 E20 F600
TRUST    : acc_cmd=1.000 | acc_exec=1.000 | trust=0.001
DECISION : PAUSE
MACHINE  : Machine-4
------------------------------------------------------------
[SEQ 539] [STATIC-BASELINE]
CMD      : G1 | effects={'dx': 0.0, 'dy': 0.0, 'dz': 0.0, 'de': 0.0, 'xy_dist': 0.0, 'params': {'G': 1.0, 'X': 0.1, 'Y': 0.1, 'E': 20.0, 'F': 600.0}}
DECISION : ALLOW
------------------------------------------------------------
[SEQ 539] [IEEE-BASELINE]
SCORE    : anomaly_score=0.000
DECISION : ALLOW
------------------------------------------------------------
[SEQ 540] [LAYER 2]
CMD      : G1 X0.1 Y0.1 E20 F600
TRUST    : acc_cmd=1.000 | acc_exec=1.000 | trust=0.001
DECISION : PAUSE
MACHINE  : Machine-4
------------------------------------------------------------
[SEQ 540] [STATIC-BASELINE]
CMD      : G1 | effects={'dx': 0.0, 'dy': 0.0, 'dz': 0.0, 'de': 0.0, 'xy_dist': 0.0, 'params': {'G': 1.0, 'X': 0.1, 'Y': 0.1, 'E': 20.0, 'F': 600.0}}
DECISION : ALLOW
------------------------------------------------------------
[SEQ 540] [IEEE-BASELINE]
SCORE    : anomaly_score=0.000
DECISION : ALLOW
------------------------------------------------------------
[SEQ 541] [LAYER 2]
CMD      : G1 X0.1 Y0.1 E20 F600
TRUST    : acc_cmd=1.000 | acc_exec=1.000 | trust=0.001
DECISION : PAUSE
MACHINE  : Machine-4
------------------------------------------------------------
[SEQ 541] [STATIC-BASELINE]
CMD      : G1 | effects={'dx': 0.0, 'dy': 0.0, 'dz': 0.0, 'de': 0.0, 'xy_dist': 0.0, 'params': {'G': 1.0, 'X': 0.1, 'Y': 0.1, 'E': 20.0, 'F': 600.0}}
DECISION : ALLOW
------------------------------------------------------------
[SEQ 541] [IEEE-BASELINE]
SCORE    : anomaly_score=0.000
DECISION : ALLOW
------------------------------------------------------------
[SEQ 542] [LAYER 2]
CMD      : G1 X0.1 Y0.1 E20 F600
TRUST    : acc_cmd=1.000 | acc_exec=1.000 | trust=0.001
DECISION : PAUSE
MACHINE  : Machine-4
------------------------------------------------------------
[SEQ 542] [STATIC-BASELINE]
CMD      : G1 | effects={'dx': 0.0, 'dy': 0.0, 'dz': 0.0, 'de': 0.0, 'xy_dist': 0.0, 'params': {'G': 1.0, 'X': 0.1, 'Y': 0.1, 'E': 20.0, 'F': 600.0}}
DECISION : ALLOW
------------------------------------------------------------
[SEQ 542] [IEEE-BASELINE]
SCORE    : anomaly_score=0.000
DECISION : ALLOW
------------------------------------------------------------
[SEQ 543] [LAYER 3]
CMD      : G1 X0.1 Y0.1 E20 F600
TRUST    : acc_cmd=0.000 | acc_exec=1.000 | trust=0.001
DECISION : PAUSE
MACHINE  : Machine-4
------------------------------------------------------------
[SEQ 543] [STATIC-BASELINE]
CMD      : G1 | effects={'dx': 0.0, 'dy': 0.0, 'dz': 0.0, 'de': 0.0, 'xy_dist': 0.0, 'params': {'G': 1.0, 'X': 0.1, 'Y': 0.1, 'E': 20.0, 'F': 600.0}}
DECISION : ALLOW
------------------------------------------------------------
[SEQ 543] [IEEE-BASELINE]
SCORE    : anomaly_score=0.000
DECISION : ALLOW
------------------------------------------------------------
[SEQ 544] [LAYER 3]
CMD      : G1 X0.1 Y0.1 E20 F600
TRUST    : acc_cmd=0.000 | acc_exec=1.000 | trust=0.001
DECISION : PAUSE
MACHINE  : Machine-4
------------------------------------------------------------
[SEQ 544] [STATIC-BASELINE]
CMD      : G1 | effects={'dx': 0.0, 'dy': 0.0, 'dz': 0.0, 'de': 0.0, 'xy_dist': 0.0, 'params': {'G': 1.0, 'X': 0.1, 'Y': 0.1, 'E': 20.0, 'F': 600.0}}
DECISION : ALLOW
------------------------------------------------------------
[SEQ 544] [IEEE-BASELINE]
SCORE    : anomaly_score=0.000
DECISION : ALLOW
------------------------------------------------------------
[SEQ 545] [LAYER 3]
CMD      : M104 S210
TRUST    : acc_cmd=0.000 | acc_exec=0.000 | trust=0.007
DECISION : PAUSE
MACHINE  : Machine-4
------------------------------------------------------------
[SEQ 545] [STATIC-BASELINE]
CMD      : M104 | effects={'M': 104.0, 'S': 210.0, 'prev_temp': None}
DECISION : ALLOW
------------------------------------------------------------
[SEQ 545] [IEEE-BASELINE]
SCORE    : anomaly_score=0.000
DECISION : ALLOW
------------------------------------------------------------
[SEQ 546] [LAYER 3]
CMD      : G1 X0.1 Y0.1 E20 F600
TRUST    : acc_cmd=0.000 | acc_exec=1.000 | trust=0.005
DECISION : PAUSE
MACHINE  : Machine-4
------------------------------------------------------------
[SEQ 546] [STATIC-BASELINE]
CMD      : G1 | effects={'dx': 0.0, 'dy': 0.0, 'dz': 0.0, 'de': 0.0, 'xy_dist': 0.0, 'params': {'G': 1.0, 'X': 0.1, 'Y': 0.1, 'E': 20.0, 'F': 600.0}}
DECISION : ALLOW
------------------------------------------------------------
[SEQ 546] [IEEE-BASELINE]
SCORE    : anomaly_score=0.000
DECISION : ALLOW
------------------------------------------------------------
[SEQ 547] [LAYER 3]
CMD      : G1 X0.1 Y0.1 E20 F600
TRUST    : acc_cmd=0.000 | acc_exec=1.000 | trust=0.003
DECISION : PAUSE
MACHINE  : Machine-4
------------------------------------------------------------
[SEQ 547] [STATIC-BASELINE]
CMD      : G1 | effects={'dx': 0.0, 'dy': 0.0, 'dz': 0.0, 'de': 0.0, 'xy_dist': 0.0, 'params': {'G': 1.0, 'X': 0.1, 'Y': 0.1, 'E': 20.0, 'F': 600.0}}
DECISION : ALLOW
------------------------------------------------------------
[SEQ 547] [IEEE-BASELINE]
SCORE    : anomaly_score=0.000
DECISION : ALLOW
------------------------------------------------------------
[SEQ 548] [LAYER 3]
CMD      : G1 X0.1 Y0.1 E20 F600
TRUST    : acc_cmd=0.000 | acc_exec=1.000 | trust=0.002
DECISION : PAUSE
MACHINE  : Machine-4
------------------------------------------------------------
[SEQ 548] [STATIC-BASELINE]
CMD      : G1 | effects={'dx': 0.0, 'dy': 0.0, 'dz': 0.0, 'de': 0.0, 'xy_dist': 0.0, 'params': {'G': 1.0, 'X': 0.1, 'Y': 0.1, 'E': 20.0, 'F': 600.0}}
DECISION : ALLOW
------------------------------------------------------------
[SEQ 548] [IEEE-BASELINE]
SCORE    : anomaly_score=0.000
DECISION : ALLOW
------------------------------------------------------------
[SEQ 549] [LAYER 3]
CMD      : G1 X0.1 Y0.1 E20 F600
TRUST    : acc_cmd=0.000 | acc_exec=1.000 | trust=0.001
DECISION : PAUSE
MACHINE  : Machine-4
------------------------------------------------------------
[SEQ 549] [STATIC-BASELINE]
CMD      : G1 | effects={'dx': 0.0, 'dy': 0.0, 'dz': 0.0, 'de': 0.0, 'xy_dist': 0.0, 'params': {'G': 1.0, 'X': 0.1, 'Y': 0.1, 'E': 20.0, 'F': 600.0}}
DECISION : ALLOW
------------------------------------------------------------
[SEQ 549] [IEEE-BASELINE]
SCORE    : anomaly_score=0.000
DECISION : ALLOW
------------------------------------------------------------
[SEQ 550] [LAYER 3]
CMD      : G1 X0.1 Y0.1 E20 F600
TRUST    : acc_cmd=0.000 | acc_exec=1.000 | trust=0.001
DECISION : PAUSE
MACHINE  : Machine-4
------------------------------------------------------------
[SEQ 550] [STATIC-BASELINE]
CMD      : G1 | effects={'dx': 0.0, 'dy': 0.0, 'dz': 0.0, 'de': 0.0, 'xy_dist': 0.0, 'params': {'G': 1.0, 'X': 0.1, 'Y': 0.1, 'E': 20.0, 'F': 600.0}}
DECISION : ALLOW
------------------------------------------------------------
[SEQ 550] [IEEE-BASELINE]
SCORE    : anomaly_score=0.000
DECISION : ALLOW
------------------------------------------------------------
[SEQ 551] [LAYER 3]
CMD      : G1 X0.1 Y0.1 E20 F600
TRUST    : acc_cmd=0.000 | acc_exec=1.000 | trust=0.001
DECISION : PAUSE
MACHINE  : Machine-4
------------------------------------------------------------
[SEQ 551] [STATIC-BASELINE]
CMD      : G1 | effects={'dx': 0.0, 'dy': 0.0, 'dz': 0.0, 'de': 0.0, 'xy_dist': 0.0, 'params': {'G': 1.0, 'X': 0.1, 'Y': 0.1, 'E': 20.0, 'F': 600.0}}
DECISION : ALLOW
------------------------------------------------------------
[SEQ 551] [IEEE-BASELINE]
SCORE    : anomaly_score=0.000
DECISION : ALLOW
------------------------------------------------------------
[SEQ 552] [LAYER 3]
CMD      : ;MESH:NONMESH
TRUST    : acc_cmd=0.000 | acc_exec=0.000 | trust=0.008
DECISION : PAUSE
MACHINE  : Machine-4
------------------------------------------------------------
[SEQ 552] [STATIC-BASELINE]
CMD      : None | effects={}
DECISION : ALLOW
------------------------------------------------------------
[SEQ 552] [IEEE-BASELINE]
SCORE    : anomaly_score=0.000
DECISION : ALLOW
------------------------------------------------------------
[SEQ 553] [LAYER 3]
CMD      : G1 X0.1 Y0.1 E20 F600
TRUST    : acc_cmd=0.000 | acc_exec=1.000 | trust=0.005
DECISION : PAUSE
MACHINE  : Machine-4
------------------------------------------------------------
[SEQ 553] [STATIC-BASELINE]
CMD      : G1 | effects={'dx': 0.0, 'dy': 0.0, 'dz': 0.0, 'de': 0.0, 'xy_dist': 0.0, 'params': {'G': 1.0, 'X': 0.1, 'Y': 0.1, 'E': 20.0, 'F': 600.0}}
DECISION : ALLOW
------------------------------------------------------------
[SEQ 553] [IEEE-BASELINE]
SCORE    : anomaly_score=0.000
DECISION : ALLOW
------------------------------------------------------------
[SEQ 554] [LAYER 3]
CMD      : G1 X0.1 Y0.1 E20 F600
TRUST    : acc_cmd=0.000 | acc_exec=1.000 | trust=0.003
DECISION : PAUSE
MACHINE  : Machine-4
------------------------------------------------------------
[SEQ 554] [STATIC-BASELINE]
CMD      : G1 | effects={'dx': 0.0, 'dy': 0.0, 'dz': 0.0, 'de': 0.0, 'xy_dist': 0.0, 'params': {'G': 1.0, 'X': 0.1, 'Y': 0.1, 'E': 20.0, 'F': 600.0}}
DECISION : ALLOW
------------------------------------------------------------
[SEQ 554] [IEEE-BASELINE]
SCORE    : anomaly_score=0.000
DECISION : ALLOW
------------------------------------------------------------
[SEQ 555] [LAYER 3]
CMD      : G1 X0.1 Y0.1 E20 F600
TRUST    : acc_cmd=0.000 | acc_exec=1.000 | trust=0.002
DECISION : PAUSE
MACHINE  : Machine-4
------------------------------------------------------------
[SEQ 555] [STATIC-BASELINE]
CMD      : G1 | effects={'dx': 0.0, 'dy': 0.0, 'dz': 0.0, 'de': 0.0, 'xy_dist': 0.0, 'params': {'G': 1.0, 'X': 0.1, 'Y': 0.1, 'E': 20.0, 'F': 600.0}}
DECISION : ALLOW
------------------------------------------------------------
[SEQ 555] [IEEE-BASELINE]
SCORE    : anomaly_score=0.000
DECISION : ALLOW
------------------------------------------------------------
[SEQ 556] [LAYER 4]
CMD      : G1 X0.1 Y0.1 E20 F600
TRUST    : acc_cmd=1.000 | acc_exec=1.000 | trust=0.001
DECISION : PAUSE
MACHINE  : Machine-4
------------------------------------------------------------
[SEQ 556] [STATIC-BASELINE]
CMD      : G1 | effects={'dx': 0.0, 'dy': 0.0, 'dz': 0.0, 'de': 0.0, 'xy_dist': 0.0, 'params': {'G': 1.0, 'X': 0.1, 'Y': 0.1, 'E': 20.0, 'F': 600.0}}
DECISION : ALLOW
------------------------------------------------------------
[SEQ 556] [IEEE-BASELINE]
SCORE    : anomaly_score=0.000
DECISION : ALLOW
------------------------------------------------------------
[SEQ 557] [LAYER 4]
CMD      : M104 S0
TRUST    : acc_cmd=0.000 | acc_exec=0.000 | trust=0.009
DECISION : PAUSE
MACHINE  : Machine-4
------------------------------------------------------------
[SEQ 557] [STATIC-BASELINE]
CMD      : M104 | effects={'M': 104.0, 'S': 0.0, 'prev_temp': 210.0}
DECISION : ALLOW
------------------------------------------------------------
[SEQ 557] [IEEE-BASELINE]
SCORE    : anomaly_score=0.000
DECISION : ALLOW
------------------------------------------------------------
[SEQ 558] [LAYER 4]
CMD      : G1 X0.1 Y0.1 E20 F600
TRUST    : acc_cmd=1.000 | acc_exec=1.000 | trust=0.006
DECISION : PAUSE
MACHINE  : Machine-4
------------------------------------------------------------
[SEQ 558] [STATIC-BASELINE]
CMD      : G1 | effects={'dx': 0.0, 'dy': 0.0, 'dz': 0.0, 'de': 0.0, 'xy_dist': 0.0, 'params': {'G': 1.0, 'X': 0.1, 'Y': 0.1, 'E': 20.0, 'F': 600.0}}
DECISION : ALLOW
------------------------------------------------------------
[SEQ 558] [IEEE-BASELINE]
SCORE    : anomaly_score=0.000
DECISION : ALLOW
------------------------------------------------------------
[SEQ 559] [LAYER 4]
CMD      : G0 F7200 X163.899 Y118.77
TRUST    : acc_cmd=0.000 | acc_exec=0.000 | trust=0.024
DECISION : PAUSE
MACHINE  : Machine-4
------------------------------------------------------------
[SEQ 559] [STATIC-BASELINE]
CMD      : G0 | effects={'dx': 163.799, 'dy': 118.67, 'dz': 0.0, 'de': 0.0, 'xy_dist': 202.26883423058533, 'params': {'G': 0.0, 'F': 7200.0, 'X': 163.899, 'Y': 118.77}}
DECISION : ALLOW
------------------------------------------------------------
[SEQ 559] [IEEE-BASELINE]
SCORE    : anomaly_score=0.000
DECISION : ALLOW
------------------------------------------------------------
[SEQ 560] [LAYER 4]
CMD      : G1 X0.1 Y0.1 E20 F600
TRUST    : acc_cmd=1.000 | acc_exec=0.000 | trust=0.016
DECISION : PAUSE
MACHINE  : Machine-4
------------------------------------------------------------
[SEQ 560] [STATIC-BASELINE]
CMD      : G1 | effects={'dx': -163.799, 'dy': -118.67, 'dz': 0.0, 'de': 0.0, 'xy_dist': 202.26883423058533, 'params': {'G': 1.0, 'X': 0.1, 'Y': 0.1, 'E': 20.0, 'F': 600.0}}
DECISION : ALLOW
------------------------------------------------------------
[SEQ 560] [IEEE-BASELINE]
SCORE    : anomaly_score=0.000
DECISION : ALLOW
------------------------------------------------------------
[SEQ 561] [LAYER 4]
CMD      : ;TIME_ELAPSED:30.666043
TRUST    : acc_cmd=0.000 | acc_exec=0.000 | trust=0.048
DECISION : PAUSE
MACHINE  : Machine-4
------------------------------------------------------------
[SEQ 561] [STATIC-BASELINE]
CMD      : None | effects={}
DECISION : ALLOW
------------------------------------------------------------
[SEQ 561] [IEEE-BASELINE]
SCORE    : anomaly_score=0.000
DECISION : ALLOW
------------------------------------------------------------
[SEQ 562] [LAYER 5]
CMD      : G1 X0.1 Y0.1 E20 F600
TRUST    : acc_cmd=1.000 | acc_exec=0.000 | trust=0.025
DECISION : PAUSE
MACHINE  : Machine-4
------------------------------------------------------------
[SEQ 562] [STATIC-BASELINE]
CMD      : G1 | effects={'dx': 0.0, 'dy': 0.0, 'dz': 0.0, 'de': 0.0, 'xy_dist': 0.0, 'params': {'G': 1.0, 'X': 0.1, 'Y': 0.1, 'E': 20.0, 'F': 600.0}}
DECISION : ALLOW
------------------------------------------------------------
[SEQ 562] [IEEE-BASELINE]
SCORE    : anomaly_score=0.000
DECISION : ALLOW
------------------------------------------------------------
[SEQ 563] [LAYER 5]
CMD      : G1 X0.1 Y0.1 E20 F600
TRUST    : acc_cmd=1.000 | acc_exec=0.000 | trust=0.012
DECISION : PAUSE
MACHINE  : Machine-4
------------------------------------------------------------
[SEQ 563] [STATIC-BASELINE]
CMD      : G1 | effects={'dx': 0.0, 'dy': 0.0, 'dz': 0.0, 'de': 0.0, 'xy_dist': 0.0, 'params': {'G': 1.0, 'X': 0.1, 'Y': 0.1, 'E': 20.0, 'F': 600.0}}
DECISION : ALLOW
------------------------------------------------------------
[SEQ 563] [IEEE-BASELINE]
SCORE    : anomaly_score=0.000
DECISION : ALLOW
------------------------------------------------------------
[SEQ 564] [LAYER 5]
CMD      : G1 X0.1 Y0.1 E20 F600
TRUST    : acc_cmd=1.000 | acc_exec=1.000 | trust=0.006
DECISION : PAUSE
MACHINE  : Machine-4
------------------------------------------------------------
[SEQ 564] [STATIC-BASELINE]
CMD      : G1 | effects={'dx': 0.0, 'dy': 0.0, 'dz': 0.0, 'de': 0.0, 'xy_dist': 0.0, 'params': {'G': 1.0, 'X': 0.1, 'Y': 0.1, 'E': 20.0, 'F': 600.0}}
DECISION : ALLOW
------------------------------------------------------------
[SEQ 564] [IEEE-BASELINE]
SCORE    : anomaly_score=0.000
DECISION : ALLOW
------------------------------------------------------------
[SEQ 565] [LAYER 5]
CMD      : G1 X0.1 Y0.1 E20 F600
TRUST    : acc_cmd=1.000 | acc_exec=1.000 | trust=0.003
DECISION : PAUSE
MACHINE  : Machine-4
------------------------------------------------------------
[SEQ 565] [STATIC-BASELINE]
CMD      : G1 | effects={'dx': 0.0, 'dy': 0.0, 'dz': 0.0, 'de': 0.0, 'xy_dist': 0.0, 'params': {'G': 1.0, 'X': 0.1, 'Y': 0.1, 'E': 20.0, 'F': 600.0}}
DECISION : ALLOW
------------------------------------------------------------
[SEQ 565] [IEEE-BASELINE]
SCORE    : anomaly_score=0.000
DECISION : ALLOW
------------------------------------------------------------
[SEQ 566] [LAYER 5]
CMD      : G1 X0.1 Y0.1 E20 F600
TRUST    : acc_cmd=1.000 | acc_exec=1.000 | trust=0.002
DECISION : PAUSE
MACHINE  : Machine-4
------------------------------------------------------------
[SEQ 566] [STATIC-BASELINE]
CMD      : G1 | effects={'dx': 0.0, 'dy': 0.0, 'dz': 0.0, 'de': 0.0, 'xy_dist': 0.0, 'params': {'G': 1.0, 'X': 0.1, 'Y': 0.1, 'E': 20.0, 'F': 600.0}}
DECISION : ALLOW
------------------------------------------------------------
[SEQ 566] [IEEE-BASELINE]
SCORE    : anomaly_score=0.000
DECISION : ALLOW
------------------------------------------------------------
[SEQ 567] [LAYER 5]
CMD      : G1 F1200 X164.399 Y119.29 E11.82686
TRUST    : acc_cmd=1.000 | acc_exec=0.257 | trust=0.001
DECISION : PAUSE
MACHINE  : Machine-4
------------------------------------------------------------
[SEQ 567] [STATIC-BASELINE]
CMD      : G1 | effects={'dx': 164.299, 'dy': 119.19000000000001, 'dz': 0.0, 'de': -8.17314, 'xy_dist': 202.9788597391364, 'params': {'G': 1.0, 'F': 1200.0, 'X': 164.399, 'Y': 119.29, 'E': 11.82686}}
DECISION : ALLOW
------------------------------------------------------------
[SEQ 567] [IEEE-BASELINE]
SCORE    : anomaly_score=0.000
DECISION : ALLOW
------------------------------------------------------------
[SEQ 568] [LAYER 5]
CMD      : G1 X0.1 Y0.1 E20 F600
TRUST    : acc_cmd=1.000 | acc_exec=0.000 | trust=0.001
DECISION : PAUSE
MACHINE  : Machine-4
------------------------------------------------------------
[SEQ 568] [STATIC-BASELINE]
CMD      : G1 | effects={'dx': -164.299, 'dy': -119.19000000000001, 'dz': 0.0, 'de': 8.17314, 'xy_dist': 202.9788597391364, 'params': {'G': 1.0, 'X': 0.1, 'Y': 0.1, 'E': 20.0, 'F': 600.0}}
DECISION : ALLOW
------------------------------------------------------------
[SEQ 568] [IEEE-BASELINE]
SCORE    : anomaly_score=0.000
DECISION : ALLOW
------------------------------------------------------------
[SEQ 569] [LAYER 5]
CMD      : G1 X0.1 Y0.1 E20 F600
TRUST    : acc_cmd=1.000 | acc_exec=0.000 | trust=0.001
DECISION : PAUSE
MACHINE  : Machine-4
------------------------------------------------------------
[SEQ 569] [STATIC-BASELINE]
CMD      : G1 | effects={'dx': 0.0, 'dy': 0.0, 'dz': 0.0, 'de': 0.0, 'xy_dist': 0.0, 'params': {'G': 1.0, 'X': 0.1, 'Y': 0.1, 'E': 20.0, 'F': 600.0}}
DECISION : ALLOW
------------------------------------------------------------
[SEQ 569] [IEEE-BASELINE]
SCORE    : anomaly_score=0.000
DECISION : ALLOW
------------------------------------------------------------
[SEQ 570] [LAYER 5]
CMD      : G1 X0.1 Y0.1 E20 F600
TRUST    : acc_cmd=1.000 | acc_exec=0.000 | trust=0.001
DECISION : PAUSE
MACHINE  : Machine-4
------------------------------------------------------------
[SEQ 570] [STATIC-BASELINE]
CMD      : G1 | effects={'dx': 0.0, 'dy': 0.0, 'dz': 0.0, 'de': 0.0, 'xy_dist': 0.0, 'params': {'G': 1.0, 'X': 0.1, 'Y': 0.1, 'E': 20.0, 'F': 600.0}}
DECISION : ALLOW
------------------------------------------------------------
[SEQ 570] [IEEE-BASELINE]
SCORE    : anomaly_score=0.000
DECISION : ALLOW
------------------------------------------------------------
[SEQ 571] [LAYER 5]
CMD      : G0 F600 X164.436 Y119.268 Z1.4
TRUST    : acc_cmd=1.000 | acc_exec=0.000 | trust=0.001
DECISION : PAUSE
MACHINE  : Machine-4
------------------------------------------------------------
[SEQ 571] [STATIC-BASELINE]
CMD      : G0 | effects={'dx': 164.336, 'dy': 119.168, 'dz': 1.4, 'de': 0.0, 'xy_dist': 202.9958943427182, 'params': {'G': 0.0, 'F': 600.0, 'X': 164.436, 'Y': 119.268, 'Z': 1.4}}
DECISION : ALLOW
------------------------------------------------------------
[SEQ 571] [IEEE-BASELINE]
SCORE    : anomaly_score=0.000
DECISION : ALLOW
------------------------------------------------------------
[SEQ 572] [LAYER 5]
CMD      : G1 X0.1 Y0.1 E20 F600
TRUST    : acc_cmd=1.000 | acc_exec=0.000 | trust=0.001
DECISION : PAUSE
MACHINE  : Machine-4
------------------------------------------------------------
[SEQ 572] [STATIC-BASELINE]
CMD      : G1 | effects={'dx': -164.336, 'dy': -119.168, 'dz': 0.0, 'de': 0.0, 'xy_dist': 202.9958943427182, 'params': {'G': 1.0, 'X': 0.1, 'Y': 0.1, 'E': 20.0, 'F': 600.0}}
DECISION : ALLOW
------------------------------------------------------------
[SEQ 572] [IEEE-BASELINE]
SCORE    : anomaly_score=0.000
DECISION : ALLOW
------------------------------------------------------------
[SEQ 573] [LAYER 5]
CMD      : ;TIME_ELAPSED:31.027969
TRUST    : acc_cmd=0.000 | acc_exec=0.000 | trust=0.007
DECISION : PAUSE
MACHINE  : Machine-4
------------------------------------------------------------
[SEQ 573] [STATIC-BASELINE]
CMD      : None | effects={}
DECISION : ALLOW
------------------------------------------------------------
[SEQ 573] [IEEE-BASELINE]
SCORE    : anomaly_score=0.000
DECISION : ALLOW
------------------------------------------------------------
[SEQ 574] [LAYER 6]
CMD      : G1 X0.1 Y0.1 E20 F600
TRUST    : acc_cmd=1.000 | acc_exec=0.000 | trust=0.005
DECISION : PAUSE
MACHINE  : Machine-4
------------------------------------------------------------
[SEQ 574] [STATIC-BASELINE]
CMD      : G1 | effects={'dx': 0.0, 'dy': 0.0, 'dz': 0.0, 'de': 0.0, 'xy_dist': 0.0, 'params': {'G': 1.0, 'X': 0.1, 'Y': 0.1, 'E': 20.0, 'F': 600.0}}
DECISION : ALLOW
------------------------------------------------------------
[SEQ 574] [IEEE-BASELINE]
SCORE    : anomaly_score=0.000
DECISION : ALLOW
------------------------------------------------------------
[SEQ 575] [LAYER 6]
CMD      : G1 X0.1 Y0.1 E20 F600
TRUST    : acc_cmd=1.000 | acc_exec=0.000 | trust=0.003
DECISION : PAUSE
MACHINE  : Machine-4
------------------------------------------------------------
[SEQ 575] [STATIC-BASELINE]
CMD      : G1 | effects={'dx': 0.0, 'dy': 0.0, 'dz': 0.0, 'de': 0.0, 'xy_dist': 0.0, 'params': {'G': 1.0, 'X': 0.1, 'Y': 0.1, 'E': 20.0, 'F': 600.0}}
DECISION : ALLOW
------------------------------------------------------------
[SEQ 575] [IEEE-BASELINE]
SCORE    : anomaly_score=0.000
DECISION : ALLOW
------------------------------------------------------------
[SEQ 576] [LAYER 6]
CMD      : G1 X0.1 Y0.1 E20 F600
TRUST    : acc_cmd=1.000 | acc_exec=1.000 | trust=0.002
DECISION : PAUSE
MACHINE  : Machine-4
------------------------------------------------------------
[SEQ 576] [STATIC-BASELINE]
CMD      : G1 | effects={'dx': 0.0, 'dy': 0.0, 'dz': 0.0, 'de': 0.0, 'xy_dist': 0.0, 'params': {'G': 1.0, 'X': 0.1, 'Y': 0.1, 'E': 20.0, 'F': 600.0}}
DECISION : ALLOW
------------------------------------------------------------
[SEQ 576] [IEEE-BASELINE]
SCORE    : anomaly_score=0.000
DECISION : ALLOW
------------------------------------------------------------
[SEQ 577] [LAYER 6]
CMD      : G1 X0.1 Y0.1 E20 F600
TRUST    : acc_cmd=1.000 | acc_exec=1.000 | trust=0.001
DECISION : PAUSE
MACHINE  : Machine-4
------------------------------------------------------------
[SEQ 577] [STATIC-BASELINE]
CMD      : G1 | effects={'dx': 0.0, 'dy': 0.0, 'dz': 0.0, 'de': 0.0, 'xy_dist': 0.0, 'params': {'G': 1.0, 'X': 0.1, 'Y': 0.1, 'E': 20.0, 'F': 600.0}}
DECISION : ALLOW
------------------------------------------------------------
[SEQ 577] [IEEE-BASELINE]
SCORE    : anomaly_score=0.000
DECISION : ALLOW
------------------------------------------------------------
[SEQ 578] [LAYER 6]
CMD      : G1 F1000 X164.196 Y118.917 E11.8278
TRUST    : acc_cmd=1.000 | acc_exec=0.257 | trust=0.001
DECISION : PAUSE
MACHINE  : Machine-4
------------------------------------------------------------
[SEQ 578] [STATIC-BASELINE]
CMD      : G1 | effects={'dx': 164.096, 'dy': 118.81700000000001, 'dz': 0.0, 'de': -8.1722, 'xy_dist': 202.59559892801227, 'params': {'G': 1.0, 'F': 1000.0, 'X': 164.196, 'Y': 118.917, 'E': 11.8278}}
DECISION : ALLOW
------------------------------------------------------------
[SEQ 578] [IEEE-BASELINE]
SCORE    : anomaly_score=0.000
DECISION : ALLOW
------------------------------------------------------------
[SEQ 579] [LAYER 6]
CMD      : G1 X0.1 Y0.1 E20 F600
TRUST    : acc_cmd=1.000 | acc_exec=0.000 | trust=0.001
DECISION : PAUSE
MACHINE  : Machine-4
------------------------------------------------------------
[SEQ 579] [STATIC-BASELINE]
CMD      : G1 | effects={'dx': -164.096, 'dy': -118.81700000000001, 'dz': 0.0, 'de': 8.1722, 'xy_dist': 202.59559892801227, 'params': {'G': 1.0, 'X': 0.1, 'Y': 0.1, 'E': 20.0, 'F': 600.0}}
DECISION : ALLOW
------------------------------------------------------------
[SEQ 579] [IEEE-BASELINE]
SCORE    : anomaly_score=0.000
DECISION : ALLOW
------------------------------------------------------------
[SEQ 580] [LAYER 6]
CMD      : G1 X0.1 Y0.1 E20 F600
TRUST    : acc_cmd=1.000 | acc_exec=0.000 | trust=0.001
DECISION : PAUSE
MACHINE  : Machine-4
------------------------------------------------------------
[SEQ 580] [STATIC-BASELINE]
CMD      : G1 | effects={'dx': 0.0, 'dy': 0.0, 'dz': 0.0, 'de': 0.0, 'xy_dist': 0.0, 'params': {'G': 1.0, 'X': 0.1, 'Y': 0.1, 'E': 20.0, 'F': 600.0}}
DECISION : ALLOW
------------------------------------------------------------
[SEQ 580] [IEEE-BASELINE]
SCORE    : anomaly_score=0.000
DECISION : ALLOW
------------------------------------------------------------
[SEQ 581] [LAYER 6]
CMD      : G1 X0.1 Y0.1 E20 F600
TRUST    : acc_cmd=1.000 | acc_exec=0.000 | trust=0.001
DECISION : PAUSE
MACHINE  : Machine-4
------------------------------------------------------------
[SEQ 581] [STATIC-BASELINE]
CMD      : G1 | effects={'dx': 0.0, 'dy': 0.0, 'dz': 0.0, 'de': 0.0, 'xy_dist': 0.0, 'params': {'G': 1.0, 'X': 0.1, 'Y': 0.1, 'E': 20.0, 'F': 600.0}}
DECISION : ALLOW
------------------------------------------------------------
[SEQ 581] [IEEE-BASELINE]
SCORE    : anomaly_score=0.000
DECISION : ALLOW
------------------------------------------------------------
[SEQ 582] [LAYER 6]
CMD      : G1 X0.1 Y0.1 E20 F600
TRUST    : acc_cmd=1.000 | acc_exec=1.000 | trust=0.001
DECISION : PAUSE
MACHINE  : Machine-4
------------------------------------------------------------
[SEQ 582] [STATIC-BASELINE]
CMD      : G1 | effects={'dx': 0.0, 'dy': 0.0, 'dz': 0.0, 'de': 0.0, 'xy_dist': 0.0, 'params': {'G': 1.0, 'X': 0.1, 'Y': 0.1, 'E': 20.0, 'F': 600.0}}
DECISION : ALLOW
------------------------------------------------------------
[SEQ 582] [IEEE-BASELINE]
SCORE    : anomaly_score=0.000
DECISION : ALLOW
------------------------------------------------------------
[SEQ 583] [LAYER 6]
CMD      : G1 X0.1 Y0.1 E20 F600
TRUST    : acc_cmd=1.000 | acc_exec=1.000 | trust=0.001
DECISION : PAUSE
MACHINE  : Machine-4
------------------------------------------------------------
[SEQ 583] [STATIC-BASELINE]
CMD      : G1 | effects={'dx': 0.0, 'dy': 0.0, 'dz': 0.0, 'de': 0.0, 'xy_dist': 0.0, 'params': {'G': 1.0, 'X': 0.1, 'Y': 0.1, 'E': 20.0, 'F': 600.0}}
DECISION : ALLOW
------------------------------------------------------------
[SEQ 583] [IEEE-BASELINE]
SCORE    : anomaly_score=0.000
DECISION : ALLOW
------------------------------------------------------------
[SEQ 584] [LAYER 6]
CMD      : G1 X0.1 Y0.1 E20 F600
TRUST    : acc_cmd=1.000 | acc_exec=1.000 | trust=0.001
DECISION : PAUSE
MACHINE  : Machine-4
------------------------------------------------------------
[SEQ 584] [STATIC-BASELINE]
CMD      : G1 | effects={'dx': 0.0, 'dy': 0.0, 'dz': 0.0, 'de': 0.0, 'xy_dist': 0.0, 'params': {'G': 1.0, 'X': 0.1, 'Y': 0.1, 'E': 20.0, 'F': 600.0}}
DECISION : ALLOW
------------------------------------------------------------
[SEQ 584] [IEEE-BASELINE]
SCORE    : anomaly_score=0.000
DECISION : ALLOW
------------------------------------------------------------
[SEQ 585] [LAYER 7]
CMD      : G1 X0.1 Y0.1 E20 F600
TRUST    : acc_cmd=0.000 | acc_exec=1.000 | trust=0.001
DECISION : PAUSE
MACHINE  : Machine-4
------------------------------------------------------------
[SEQ 585] [STATIC-BASELINE]
CMD      : G1 | effects={'dx': 0.0, 'dy': 0.0, 'dz': 0.0, 'de': 0.0, 'xy_dist': 0.0, 'params': {'G': 1.0, 'X': 0.1, 'Y': 0.1, 'E': 20.0, 'F': 600.0}}
DECISION : ALLOW
------------------------------------------------------------
[SEQ 585] [IEEE-BASELINE]
SCORE    : anomaly_score=0.000
DECISION : ALLOW
------------------------------------------------------------
[SEQ 586] [LAYER 7]
CMD      : G1 X0.1 Y0.1 E20 F600
TRUST    : acc_cmd=0.000 | acc_exec=1.000 | trust=0.001
DECISION : PAUSE
MACHINE  : Machine-4
------------------------------------------------------------
[SEQ 586] [STATIC-BASELINE]
CMD      : G1 | effects={'dx': 0.0, 'dy': 0.0, 'dz': 0.0, 'de': 0.0, 'xy_dist': 0.0, 'params': {'G': 1.0, 'X': 0.1, 'Y': 0.1, 'E': 20.0, 'F': 600.0}}
DECISION : ALLOW
------------------------------------------------------------
[SEQ 586] [IEEE-BASELINE]
SCORE    : anomaly_score=0.000
DECISION : ALLOW
------------------------------------------------------------
[SEQ 587] [LAYER 7]
CMD      : M104 S210
TRUST    : acc_cmd=0.000 | acc_exec=0.000 | trust=0.010
DECISION : PAUSE
MACHINE  : Machine-4
------------------------------------------------------------
[SEQ 587] [STATIC-BASELINE]
CMD      : M104 | effects={'M': 104.0, 'S': 210.0, 'prev_temp': 0.0}
DECISION : ALLOW
------------------------------------------------------------
[SEQ 587] [IEEE-BASELINE]
SCORE    : anomaly_score=0.000
DECISION : ALLOW
------------------------------------------------------------
[SEQ 588] [LAYER 7]
CMD      : G1 X0.1 Y0.1 E20 F600
TRUST    : acc_cmd=0.000 | acc_exec=1.000 | trust=0.006
DECISION : PAUSE
MACHINE  : Machine-4
------------------------------------------------------------
[SEQ 588] [STATIC-BASELINE]
CMD      : G1 | effects={'dx': 0.0, 'dy': 0.0, 'dz': 0.0, 'de': 0.0, 'xy_dist': 0.0, 'params': {'G': 1.0, 'X': 0.1, 'Y': 0.1, 'E': 20.0, 'F': 600.0}}
DECISION : ALLOW
------------------------------------------------------------
[SEQ 588] [IEEE-BASELINE]
SCORE    : anomaly_score=0.000
DECISION : ALLOW
------------------------------------------------------------
[SEQ 589] [LAYER 7]
CMD      : G1 X0.1 Y0.1 E20 F600
TRUST    : acc_cmd=0.000 | acc_exec=1.000 | trust=0.004
DECISION : PAUSE
MACHINE  : Machine-4
------------------------------------------------------------
[SEQ 589] [STATIC-BASELINE]
CMD      : G1 | effects={'dx': 0.0, 'dy': 0.0, 'dz': 0.0, 'de': 0.0, 'xy_dist': 0.0, 'params': {'G': 1.0, 'X': 0.1, 'Y': 0.1, 'E': 20.0, 'F': 600.0}}
DECISION : ALLOW
------------------------------------------------------------
[SEQ 589] [IEEE-BASELINE]
SCORE    : anomaly_score=0.000
DECISION : ALLOW
------------------------------------------------------------
[SEQ 590] [LAYER 7]
CMD      : G1 X0.1 Y0.1 E20 F600
TRUST    : acc_cmd=0.000 | acc_exec=1.000 | trust=0.002
DECISION : PAUSE
MACHINE  : Machine-4
------------------------------------------------------------
[SEQ 590] [STATIC-BASELINE]
CMD      : G1 | effects={'dx': 0.0, 'dy': 0.0, 'dz': 0.0, 'de': 0.0, 'xy_dist': 0.0, 'params': {'G': 1.0, 'X': 0.1, 'Y': 0.1, 'E': 20.0, 'F': 600.0}}
DECISION : ALLOW
------------------------------------------------------------
[SEQ 590] [IEEE-BASELINE]
SCORE    : anomaly_score=0.000
DECISION : ALLOW
------------------------------------------------------------
[SEQ 591] [LAYER 7]
CMD      : G1 X0.1 Y0.1 E20 F600
TRUST    : acc_cmd=0.000 | acc_exec=1.000 | trust=0.001
DECISION : PAUSE
MACHINE  : Machine-4
------------------------------------------------------------
[SEQ 591] [STATIC-BASELINE]
CMD      : G1 | effects={'dx': 0.0, 'dy': 0.0, 'dz': 0.0, 'de': 0.0, 'xy_dist': 0.0, 'params': {'G': 1.0, 'X': 0.1, 'Y': 0.1, 'E': 20.0, 'F': 600.0}}
DECISION : ALLOW
------------------------------------------------------------
[SEQ 591] [IEEE-BASELINE]
SCORE    : anomaly_score=0.000
DECISION : ALLOW
------------------------------------------------------------
[SEQ 592] [LAYER 7]
CMD      : G1 X164.401 Y119.115 E11.83114
TRUST    : acc_cmd=0.000 | acc_exec=0.257 | trust=0.005
DECISION : PAUSE
MACHINE  : Machine-4
------------------------------------------------------------
[SEQ 592] [STATIC-BASELINE]
CMD      : G1 | effects={'dx': 164.30100000000002, 'dy': 119.015, 'dz': 0.0, 'de': -8.16886, 'xy_dist': 202.87776819060292, 'params': {'G': 1.0, 'X': 164.401, 'Y': 119.115, 'E': 11.83114}}
DECISION : ALLOW
------------------------------------------------------------
[SEQ 592] [IEEE-BASELINE]
SCORE    : anomaly_score=0.000
DECISION : ALLOW
------------------------------------------------------------
[SEQ 593] [LAYER 7]
CMD      : G1 X0.1 Y0.1 E20 F600
TRUST    : acc_cmd=0.000 | acc_exec=0.000 | trust=0.031
DECISION : PAUSE
MACHINE  : Machine-4
------------------------------------------------------------
[SEQ 593] [STATIC-BASELINE]
CMD      : G1 | effects={'dx': -164.30100000000002, 'dy': -119.015, 'dz': 0.0, 'de': 8.16886, 'xy_dist': 202.87776819060292, 'params': {'G': 1.0, 'X': 0.1, 'Y': 0.1, 'E': 20.0, 'F': 600.0}}
DECISION : ALLOW
------------------------------------------------------------
[SEQ 593] [IEEE-BASELINE]
SCORE    : anomaly_score=0.000
DECISION : ALLOW
------------------------------------------------------------
[SEQ 594] [LAYER 7]
CMD      : G1 X0.1 Y0.1 E20 F600
TRUST    : acc_cmd=0.000 | acc_exec=0.000 | trust=0.111
DECISION : PAUSE
MACHINE  : Machine-4
------------------------------------------------------------
[SEQ 594] [STATIC-BASELINE]
CMD      : G1 | effects={'dx': 0.0, 'dy': 0.0, 'dz': 0.0, 'de': 0.0, 'xy_dist': 0.0, 'params': {'G': 1.0, 'X': 0.1, 'Y': 0.1, 'E': 20.0, 'F': 600.0}}
DECISION : ALLOW
------------------------------------------------------------
[SEQ 594] [IEEE-BASELINE]
SCORE    : anomaly_score=0.000
DECISION : ALLOW
------------------------------------------------------------
[SEQ 595] [LAYER 7]
CMD      : G1 X0.1 Y0.1 E20 F600
TRUST    : acc_cmd=0.000 | acc_exec=0.000 | trust=0.248
DECISION : PAUSE
MACHINE  : Machine-4
------------------------------------------------------------
[SEQ 595] [STATIC-BASELINE]
CMD      : G1 | effects={'dx': 0.0, 'dy': 0.0, 'dz': 0.0, 'de': 0.0, 'xy_dist': 0.0, 'params': {'G': 1.0, 'X': 0.1, 'Y': 0.1, 'E': 20.0, 'F': 600.0}}
DECISION : ALLOW
------------------------------------------------------------
[SEQ 595] [IEEE-BASELINE]
SCORE    : anomaly_score=0.000
DECISION : ALLOW
------------------------------------------------------------
[SEQ 596] [LAYER 7]
CMD      : G1 X0.1 Y0.1 E20 F600
TRUST    : acc_cmd=0.000 | acc_exec=1.000 | trust=0.115
DECISION : PAUSE
MACHINE  : Machine-4
------------------------------------------------------------
[SEQ 596] [STATIC-BASELINE]
CMD      : G1 | effects={'dx': 0.0, 'dy': 0.0, 'dz': 0.0, 'de': 0.0, 'xy_dist': 0.0, 'params': {'G': 1.0, 'X': 0.1, 'Y': 0.1, 'E': 20.0, 'F': 600.0}}
DECISION : ALLOW
------------------------------------------------------------
[SEQ 596] [IEEE-BASELINE]
SCORE    : anomaly_score=0.000
DECISION : ALLOW
------------------------------------------------------------
[SEQ 597] [LAYER 7]
CMD      : G1 X0.1 Y0.1 E20 F600
TRUST    : acc_cmd=0.000 | acc_exec=1.000 | trust=0.049
DECISION : PAUSE
MACHINE  : Machine-4
------------------------------------------------------------
[SEQ 597] [STATIC-BASELINE]
CMD      : G1 | effects={'dx': 0.0, 'dy': 0.0, 'dz': 0.0, 'de': 0.0, 'xy_dist': 0.0, 'params': {'G': 1.0, 'X': 0.1, 'Y': 0.1, 'E': 20.0, 'F': 600.0}}
DECISION : ALLOW
------------------------------------------------------------
[SEQ 597] [IEEE-BASELINE]
SCORE    : anomaly_score=0.000
DECISION : ALLOW
------------------------------------------------------------
[SEQ 598] [LAYER 7]
CMD      : ;TIME_ELAPSED:33.197905
TRUST    : acc_cmd=0.000 | acc_exec=0.000 | trust=0.046
DECISION : PAUSE
MACHINE  : Machine-4
------------------------------------------------------------
[SEQ 598] [STATIC-BASELINE]
CMD      : None | effects={}
DECISION : ALLOW
------------------------------------------------------------
[SEQ 598] [IEEE-BASELINE]
SCORE    : anomaly_score=0.000
DECISION : ALLOW
------------------------------------------------------------
[SEQ 599] [LAYER 8]
CMD      : G1 X0.1 Y0.1 E20 F600
TRUST    : acc_cmd=0.000 | acc_exec=1.000 | trust=0.023
DECISION : PAUSE
MACHINE  : Machine-4
------------------------------------------------------------
[SEQ 599] [STATIC-BASELINE]
CMD      : G1 | effects={'dx': 0.0, 'dy': 0.0, 'dz': 0.0, 'de': 0.0, 'xy_dist': 0.0, 'params': {'G': 1.0, 'X': 0.1, 'Y': 0.1, 'E': 20.0, 'F': 600.0}}
DECISION : ALLOW
------------------------------------------------------------
[SEQ 599] [IEEE-BASELINE]
SCORE    : anomaly_score=0.000
DECISION : ALLOW
------------------------------------------------------------
[SEQ 600] [LAYER 8]
CMD      : ;TIME_ELAPSED:33.197905
TRUST    : acc_cmd=0.000 | acc_exec=0.000 | trust=0.042
DECISION : PAUSE
MACHINE  : Machine-4
------------------------------------------------------------
[SEQ 600] [STATIC-BASELINE]
CMD      : None | effects={}
DECISION : ALLOW
------------------------------------------------------------
[SEQ 600] [IEEE-BASELINE]
SCORE    : anomaly_score=0.000
DECISION : ALLOW
------------------------------------------------------------
[SEQ 601] [LAYER 8]
CMD      : G1 X0.1 Y0.1 E20 F600
TRUST    : acc_cmd=0.000 | acc_exec=1.000 | trust=0.022
DECISION : PAUSE
MACHINE  : Machine-4
------------------------------------------------------------
[SEQ 601] [STATIC-BASELINE]
CMD      : G1 | effects={'dx': 0.0, 'dy': 0.0, 'dz': 0.0, 'de': 0.0, 'xy_dist': 0.0, 'params': {'G': 1.0, 'X': 0.1, 'Y': 0.1, 'E': 20.0, 'F': 600.0}}
DECISION : ALLOW
------------------------------------------------------------
[SEQ 601] [IEEE-BASELINE]
SCORE    : anomaly_score=0.000
DECISION : ALLOW
------------------------------------------------------------
[SEQ 602] [LAYER 8]
CMD      : G1 X0.1 Y0.1 E20 F600
TRUST    : acc_cmd=0.000 | acc_exec=1.000 | trust=0.010
DECISION : PAUSE
MACHINE  : Machine-4
------------------------------------------------------------
[SEQ 602] [STATIC-BASELINE]
CMD      : G1 | effects={'dx': 0.0, 'dy': 0.0, 'dz': 0.0, 'de': 0.0, 'xy_dist': 0.0, 'params': {'G': 1.0, 'X': 0.1, 'Y': 0.1, 'E': 20.0, 'F': 600.0}}
DECISION : ALLOW
------------------------------------------------------------
[SEQ 602] [IEEE-BASELINE]
SCORE    : anomaly_score=0.000
DECISION : ALLOW
------------------------------------------------------------
[SEQ 603] [LAYER 8]
CMD      : G1 X0.1 Y0.1 E20 F600
TRUST    : acc_cmd=0.000 | acc_exec=1.000 | trust=0.005
DECISION : PAUSE
MACHINE  : Machine-4
------------------------------------------------------------
[SEQ 603] [STATIC-BASELINE]
CMD      : G1 | effects={'dx': 0.0, 'dy': 0.0, 'dz': 0.0, 'de': 0.0, 'xy_dist': 0.0, 'params': {'G': 1.0, 'X': 0.1, 'Y': 0.1, 'E': 20.0, 'F': 600.0}}
DECISION : ALLOW
------------------------------------------------------------
[SEQ 603] [IEEE-BASELINE]
SCORE    : anomaly_score=0.000
DECISION : ALLOW
------------------------------------------------------------
[SEQ 604] [LAYER 8]
CMD      : M82 ;absolute extrusion mode
TRUST    : acc_cmd=0.000 | acc_exec=0.000 | trust=0.014
DECISION : PAUSE
MACHINE  : Machine-4
------------------------------------------------------------
[SEQ 604] [STATIC-BASELINE]
CMD      : M82 | effects={'e_mode': 'absolute'}
DECISION : ALLOW
------------------------------------------------------------
[SEQ 604] [IEEE-BASELINE]
SCORE    : anomaly_score=0.000
DECISION : ALLOW
------------------------------------------------------------
[SEQ 605] [LAYER 8]
CMD      : M104 S0
TRUST    : acc_cmd=0.000 | acc_exec=0.000 | trust=0.063
DECISION : PAUSE
MACHINE  : Machine-4
------------------------------------------------------------
[SEQ 605] [STATIC-BASELINE]
CMD      : M104 | effects={'M': 104.0, 'S': 0.0, 'prev_temp': 210.0}
DECISION : ALLOW
------------------------------------------------------------
[SEQ 605] [IEEE-BASELINE]
SCORE    : anomaly_score=0.000
DECISION : ALLOW
------------------------------------------------------------
[SEQ 606] [LAYER 8]
CMD      : G1 X0.1 Y0.1 E20 F600
TRUST    : acc_cmd=0.000 | acc_exec=1.000 | trust=0.033
DECISION : PAUSE
MACHINE  : Machine-4
------------------------------------------------------------
[SEQ 606] [STATIC-BASELINE]
CMD      : G1 | effects={'dx': 0.0, 'dy': 0.0, 'dz': 0.0, 'de': 0.0, 'xy_dist': 0.0, 'params': {'G': 1.0, 'X': 0.1, 'Y': 0.1, 'E': 20.0, 'F': 600.0}}
DECISION : ALLOW
------------------------------------------------------------
[SEQ 606] [IEEE-BASELINE]
SCORE    : anomaly_score=0.000
DECISION : ALLOW
------------------------------------------------------------
[SEQ 607] [LAYER 8]
CMD      : G1 X0.1 Y0.1 E20 F600
TRUST    : acc_cmd=0.000 | acc_exec=1.000 | trust=0.015
DECISION : PAUSE
MACHINE  : Machine-4
------------------------------------------------------------
[SEQ 607] [STATIC-BASELINE]
CMD      : G1 | effects={'dx': 0.0, 'dy': 0.0, 'dz': 0.0, 'de': 0.0, 'xy_dist': 0.0, 'params': {'G': 1.0, 'X': 0.1, 'Y': 0.1, 'E': 20.0, 'F': 600.0}}
DECISION : ALLOW
------------------------------------------------------------
[SEQ 607] [IEEE-BASELINE]
SCORE    : anomaly_score=0.000
DECISION : ALLOW
------------------------------------------------------------

============================================================
DT-4 FINISHED
FINAL TRUST: 0.015
END TIME  : 2026-04-29 21:29:32.337249
============================================================
