============================================================
DT-4 SIMULATION LOG
START TIME: 2026-04-29 21:28:22.029889
============================================================

[SEQ 0] [LAYER INIT]
CMD      : ;START_OF_HEADER
TRUST    : acc_cmd=0.000 | acc_exec=0.000 | trust=0.900
DECISION : ALLOW
MACHINE  : Machine-4
------------------------------------------------------------
[SEQ 0] [STATIC-BASELINE]
CMD      : None | effects={}
DECISION : ALLOW
------------------------------------------------------------
[SEQ 0] [IEEE-BASELINE]
SCORE    : anomaly_score=0.000
DECISION : ALLOW
------------------------------------------------------------
[SEQ 1] [LAYER INIT]
CMD      : ;HEADER_VERSION:0.1
TRUST    : acc_cmd=0.000 | acc_exec=0.000 | trust=0.960
DECISION : ALLOW
MACHINE  : Machine-4
------------------------------------------------------------
[SEQ 1] [STATIC-BASELINE]
CMD      : None | effects={}
DECISION : ALLOW
------------------------------------------------------------
[SEQ 1] [IEEE-BASELINE]
SCORE    : anomaly_score=0.000
DECISION : ALLOW
------------------------------------------------------------
[SEQ 2] [LAYER INIT]
CMD      : ;FLAVOR:Griffin
TRUST    : acc_cmd=0.000 | acc_exec=0.000 | trust=0.984
DECISION : ALLOW
MACHINE  : Machine-4
------------------------------------------------------------
[SEQ 2] [STATIC-BASELINE]
CMD      : None | effects={}
DECISION : ALLOW
------------------------------------------------------------
[SEQ 2] [IEEE-BASELINE]
SCORE    : anomaly_score=0.000
DECISION : ALLOW
------------------------------------------------------------
[SEQ 3] [LAYER INIT]
CMD      : ;GENERATOR.NAME:Cura_SteamEngine
TRUST    : acc_cmd=0.000 | acc_exec=0.000 | trust=0.994
DECISION : ALLOW
MACHINE  : Machine-4
------------------------------------------------------------
[SEQ 3] [STATIC-BASELINE]
CMD      : None | effects={}
DECISION : ALLOW
------------------------------------------------------------
[SEQ 3] [IEEE-BASELINE]
SCORE    : anomaly_score=0.000
DECISION : ALLOW
------------------------------------------------------------
[SEQ 4] [LAYER INIT]
CMD      : ;GENERATOR.VERSION:5.11.0
TRUST    : acc_cmd=0.000 | acc_exec=0.000 | trust=0.997
DECISION : ALLOW
MACHINE  : Machine-4
------------------------------------------------------------
[SEQ 4] [STATIC-BASELINE]
CMD      : None | effects={}
DECISION : ALLOW
------------------------------------------------------------
[SEQ 4] [IEEE-BASELINE]
SCORE    : anomaly_score=0.000
DECISION : ALLOW
------------------------------------------------------------
[SEQ 5] [LAYER INIT]
CMD      : G1 X0.1 Y0.1 E20 F600
TRUST    : acc_cmd=0.000 | acc_exec=1.000 | trust=0.429
DECISION : PAUSE
MACHINE  : Machine-4
------------------------------------------------------------
[SEQ 5] [STATIC-BASELINE]
CMD      : G1 | effects={'dx': 0.1, 'dy': 0.1, 'dz': 0.0, 'de': 20.0, 'xy_dist': 0.14142135623730953, 'params': {'G': 1.0, 'X': 0.1, 'Y': 0.1, 'E': 20.0, 'F': 600.0}}
DECISION : ALLOW
------------------------------------------------------------
[SEQ 5] [IEEE-BASELINE]
SCORE    : anomaly_score=0.000
DECISION : ALLOW
------------------------------------------------------------
[SEQ 6] [LAYER INIT]
CMD      : ;TARGET_MACHINE.NAME:Ultimaker S5
TRUST    : acc_cmd=0.000 | acc_exec=0.000 | trust=0.271
DECISION : PAUSE
MACHINE  : Machine-4
------------------------------------------------------------
[SEQ 6] [STATIC-BASELINE]
CMD      : None | effects={}
DECISION : ALLOW
------------------------------------------------------------
[SEQ 6] [IEEE-BASELINE]
SCORE    : anomaly_score=0.000
DECISION : ALLOW
------------------------------------------------------------
[SEQ 7] [LAYER INIT]
CMD      : ;EXTRUDER_TRAIN.0.INITIAL_TEMPERATURE:215
TRUST    : acc_cmd=0.000 | acc_exec=0.000 | trust=0.312
DECISION : PAUSE
MACHINE  : Machine-4
------------------------------------------------------------
[SEQ 7] [STATIC-BASELINE]
CMD      : None | effects={}
DECISION : ALLOW
------------------------------------------------------------
[SEQ 7] [IEEE-BASELINE]
SCORE    : anomaly_score=0.000
DECISION : ALLOW
------------------------------------------------------------
[SEQ 8] [LAYER INIT]
CMD      : ;EXTRUDER_TRAIN.0.NOZZLE.DIAMETER:0.4
TRUST    : acc_cmd=0.000 | acc_exec=0.000 | trust=0.439
DECISION : PAUSE
MACHINE  : Machine-4
------------------------------------------------------------
[SEQ 8] [STATIC-BASELINE]
CMD      : None | effects={}
DECISION : ALLOW
------------------------------------------------------------
[SEQ 8] [IEEE-BASELINE]
SCORE    : anomaly_score=0.000
DECISION : ALLOW
------------------------------------------------------------
[SEQ 9] [LAYER INIT]
CMD      : ;EXTRUDER_TRAIN.0.NOZZLE.NAME:unknown
TRUST    : acc_cmd=0.000 | acc_exec=0.000 | trust=0.582
DECISION : ALLOW
MACHINE  : Machine-4
------------------------------------------------------------
[SEQ 9] [STATIC-BASELINE]
CMD      : None | effects={}
DECISION : ALLOW
------------------------------------------------------------
[SEQ 9] [IEEE-BASELINE]
SCORE    : anomaly_score=0.000
DECISION : ALLOW
------------------------------------------------------------
[SEQ 10] [LAYER INIT]
CMD      : ;BUILD_PLATE.INITIAL_TEMPERATURE:60
TRUST    : acc_cmd=0.000 | acc_exec=0.000 | trust=0.708
DECISION : ALLOW
MACHINE  : Machine-4
------------------------------------------------------------
[SEQ 10] [STATIC-BASELINE]
CMD      : None | effects={}
DECISION : ALLOW
------------------------------------------------------------
[SEQ 10] [IEEE-BASELINE]
SCORE    : anomaly_score=0.000
DECISION : ALLOW
------------------------------------------------------------
[SEQ 11] [LAYER INIT]
CMD      : G1 X0.1 Y0.1 E20 F600
TRUST    : acc_cmd=0.000 | acc_exec=0.000 | trust=0.805
DECISION : ALLOW
MACHINE  : Machine-4
------------------------------------------------------------
[SEQ 11] [STATIC-BASELINE]
CMD      : G1 | effects={'dx': 0.0, 'dy': 0.0, 'dz': 0.0, 'de': 0.0, 'xy_dist': 0.0, 'params': {'G': 1.0, 'X': 0.1, 'Y': 0.1, 'E': 20.0, 'F': 600.0}}
DECISION : ALLOW
------------------------------------------------------------
[SEQ 11] [IEEE-BASELINE]
SCORE    : anomaly_score=0.000
DECISION : ALLOW
------------------------------------------------------------
[SEQ 12] [LAYER INIT]
CMD      : G1 X0.1 Y0.1 E20 F600
TRUST    : acc_cmd=0.000 | acc_exec=0.000 | trust=0.874
DECISION : ALLOW
MACHINE  : Machine-4
------------------------------------------------------------
[SEQ 12] [STATIC-BASELINE]
CMD      : G1 | effects={'dx': 0.0, 'dy': 0.0, 'dz': 0.0, 'de': 0.0, 'xy_dist': 0.0, 'params': {'G': 1.0, 'X': 0.1, 'Y': 0.1, 'E': 20.0, 'F': 600.0}}
DECISION : ALLOW
------------------------------------------------------------
[SEQ 12] [IEEE-BASELINE]
SCORE    : anomaly_score=0.000
DECISION : ALLOW
------------------------------------------------------------
[SEQ 13] [LAYER INIT]
CMD      : ;PRINT.SIZE.MIN.X:0
TRUST    : acc_cmd=0.000 | acc_exec=0.000 | trust=0.920
DECISION : ALLOW
MACHINE  : Machine-4
------------------------------------------------------------
[SEQ 13] [STATIC-BASELINE]
CMD      : None | effects={}
DECISION : ALLOW
------------------------------------------------------------
[SEQ 13] [IEEE-BASELINE]
SCORE    : anomaly_score=0.000
DECISION : ALLOW
------------------------------------------------------------
[SEQ 14] [LAYER INIT]
CMD      : G1 X0.1 Y0.1 E20 F600
TRUST    : acc_cmd=0.000 | acc_exec=1.000 | trust=0.397
DECISION : PAUSE
MACHINE  : Machine-4
------------------------------------------------------------
[SEQ 14] [STATIC-BASELINE]
CMD      : G1 | effects={'dx': 0.0, 'dy': 0.0, 'dz': 0.0, 'de': 0.0, 'xy_dist': 0.0, 'params': {'G': 1.0, 'X': 0.1, 'Y': 0.1, 'E': 20.0, 'F': 600.0}}
DECISION : ALLOW
------------------------------------------------------------
[SEQ 14] [IEEE-BASELINE]
SCORE    : anomaly_score=0.000
DECISION : ALLOW
------------------------------------------------------------
[SEQ 15] [LAYER INIT]
CMD      : G1 X0.1 Y0.1 E20 F600
TRUST    : acc_cmd=0.000 | acc_exec=1.000 | trust=0.164
DECISION : PAUSE
MACHINE  : Machine-4
------------------------------------------------------------
[SEQ 15] [STATIC-BASELINE]
CMD      : G1 | effects={'dx': 0.0, 'dy': 0.0, 'dz': 0.0, 'de': 0.0, 'xy_dist': 0.0, 'params': {'G': 1.0, 'X': 0.1, 'Y': 0.1, 'E': 20.0, 'F': 600.0}}
DECISION : ALLOW
------------------------------------------------------------
[SEQ 15] [IEEE-BASELINE]
SCORE    : anomaly_score=0.000
DECISION : ALLOW
------------------------------------------------------------
[SEQ 16] [LAYER INIT]
CMD      : G1 X0.1 Y0.1 E20 F600
TRUST    : acc_cmd=0.000 | acc_exec=1.000 | trust=0.067
DECISION : PAUSE
MACHINE  : Machine-4
------------------------------------------------------------
[SEQ 16] [STATIC-BASELINE]
CMD      : G1 | effects={'dx': 0.0, 'dy': 0.0, 'dz': 0.0, 'de': 0.0, 'xy_dist': 0.0, 'params': {'G': 1.0, 'X': 0.1, 'Y': 0.1, 'E': 20.0, 'F': 600.0}}
DECISION : ALLOW
------------------------------------------------------------
[SEQ 16] [IEEE-BASELINE]
SCORE    : anomaly_score=0.000
DECISION : ALLOW
------------------------------------------------------------
[SEQ 17] [LAYER INIT]
CMD      : G1 X0.1 Y0.1 E20 F600
TRUST    : acc_cmd=0.000 | acc_exec=1.000 | trust=0.028
DECISION : PAUSE
MACHINE  : Machine-4
------------------------------------------------------------
[SEQ 17] [STATIC-BASELINE]
CMD      : G1 | effects={'dx': 0.0, 'dy': 0.0, 'dz': 0.0, 'de': 0.0, 'xy_dist': 0.0, 'params': {'G': 1.0, 'X': 0.1, 'Y': 0.1, 'E': 20.0, 'F': 600.0}}
DECISION : ALLOW
------------------------------------------------------------
[SEQ 17] [IEEE-BASELINE]
SCORE    : anomaly_score=0.000
DECISION : ALLOW
------------------------------------------------------------
[SEQ 18] [LAYER INIT]
CMD      : ;PRINT.SIZE.MAX.Z:0.01
TRUST    : acc_cmd=0.000 | acc_exec=0.000 | trust=0.023
DECISION : PAUSE
MACHINE  : Machine-4
------------------------------------------------------------
[SEQ 18] [STATIC-BASELINE]
CMD      : None | effects={}
DECISION : ALLOW
------------------------------------------------------------
[SEQ 18] [IEEE-BASELINE]
SCORE    : anomaly_score=0.000
DECISION : ALLOW
------------------------------------------------------------
[SEQ 19] [LAYER INIT]
CMD      : G1 X0.1 Y0.1 E20 F600
TRUST    : acc_cmd=0.000 | acc_exec=1.000 | trust=0.012
DECISION : PAUSE
MACHINE  : Machine-4
------------------------------------------------------------
[SEQ 19] [STATIC-BASELINE]
CMD      : G1 | effects={'dx': 0.0, 'dy': 0.0, 'dz': 0.0, 'de': 0.0, 'xy_dist': 0.0, 'params': {'G': 1.0, 'X': 0.1, 'Y': 0.1, 'E': 20.0, 'F': 600.0}}
DECISION : ALLOW
------------------------------------------------------------
[SEQ 19] [IEEE-BASELINE]
SCORE    : anomaly_score=0.000
DECISION : ALLOW
------------------------------------------------------------
[SEQ 20] [LAYER INIT]
CMD      : G1 X0.1 Y0.1 E20 F600
TRUST    : acc_cmd=0.000 | acc_exec=1.000 | trust=0.006
DECISION : PAUSE
MACHINE  : Machine-4
------------------------------------------------------------
[SEQ 20] [STATIC-BASELINE]
CMD      : G1 | effects={'dx': 0.0, 'dy': 0.0, 'dz': 0.0, 'de': 0.0, 'xy_dist': 0.0, 'params': {'G': 1.0, 'X': 0.1, 'Y': 0.1, 'E': 20.0, 'F': 600.0}}
DECISION : ALLOW
------------------------------------------------------------
[SEQ 20] [IEEE-BASELINE]
SCORE    : anomaly_score=0.000
DECISION : ALLOW
------------------------------------------------------------
[SEQ 21] [LAYER INIT]
CMD      : G1 X0.1 Y0.1 E20 F600
TRUST    : acc_cmd=0.000 | acc_exec=1.000 | trust=0.003
DECISION : PAUSE
MACHINE  : Machine-4
------------------------------------------------------------
[SEQ 21] [STATIC-BASELINE]
CMD      : G1 | effects={'dx': 0.0, 'dy': 0.0, 'dz': 0.0, 'de': 0.0, 'xy_dist': 0.0, 'params': {'G': 1.0, 'X': 0.1, 'Y': 0.1, 'E': 20.0, 'F': 600.0}}
DECISION : ALLOW
------------------------------------------------------------
[SEQ 21] [IEEE-BASELINE]
SCORE    : anomaly_score=0.000
DECISION : ALLOW
------------------------------------------------------------
[SEQ 22] [LAYER INIT]
CMD      : ;Generated with Cura_SteamEngine 5.11.0
TRUST    : acc_cmd=0.000 | acc_exec=0.000 | trust=0.012
DECISION : PAUSE
MACHINE  : Machine-4
------------------------------------------------------------
[SEQ 22] [STATIC-BASELINE]
CMD      : None | effects={}
DECISION : ALLOW
------------------------------------------------------------
[SEQ 22] [IEEE-BASELINE]
SCORE    : anomaly_score=0.000
DECISION : ALLOW
------------------------------------------------------------
[SEQ 23] [LAYER INIT]
CMD      : T0
TRUST    : acc_cmd=0.000 | acc_exec=0.000 | trust=0.058
DECISION : PAUSE
MACHINE  : Machine-4
------------------------------------------------------------
[SEQ 23] [STATIC-BASELINE]
CMD      : T0 | effects={'T': 0.0}
DECISION : ALLOW
------------------------------------------------------------
[SEQ 23] [IEEE-BASELINE]
SCORE    : anomaly_score=0.000
DECISION : ALLOW
------------------------------------------------------------
[SEQ 24] [LAYER INIT]
CMD      : 
TRUST    : acc_cmd=0.000 | acc_exec=0.000 | trust=0.164
DECISION : PAUSE
MACHINE  : Machine-4
------------------------------------------------------------
[SEQ 24] [STATIC-BASELINE]
CMD      : None | effects={}
DECISION : ALLOW
------------------------------------------------------------
[SEQ 24] [IEEE-BASELINE]
SCORE    : anomaly_score=0.000
DECISION : ALLOW
------------------------------------------------------------
[SEQ 25] [LAYER INIT]
CMD      : G1 X0.1 Y0.1 E20 F600
TRUST    : acc_cmd=0.000 | acc_exec=1.000 | trust=0.078
DECISION : PAUSE
MACHINE  : Machine-4
------------------------------------------------------------
[SEQ 25] [STATIC-BASELINE]
CMD      : G1 | effects={'dx': 0.0, 'dy': 0.0, 'dz': 0.0, 'de': 0.0, 'xy_dist': 0.0, 'params': {'G': 1.0, 'X': 0.1, 'Y': 0.1, 'E': 20.0, 'F': 600.0}}
DECISION : ALLOW
------------------------------------------------------------
[SEQ 25] [IEEE-BASELINE]
SCORE    : anomaly_score=0.000
DECISION : ALLOW
------------------------------------------------------------
[SEQ 26] [LAYER INIT]
CMD      : G1 X0.1 Y0.1 E20 F600
TRUST    : acc_cmd=0.000 | acc_exec=1.000 | trust=0.034
DECISION : PAUSE
MACHINE  : Machine-4
------------------------------------------------------------
[SEQ 26] [STATIC-BASELINE]
CMD      : G1 | effects={'dx': 0.0, 'dy': 0.0, 'dz': 0.0, 'de': 0.0, 'xy_dist': 0.0, 'params': {'G': 1.0, 'X': 0.1, 'Y': 0.1, 'E': 20.0, 'F': 600.0}}
DECISION : ALLOW
------------------------------------------------------------
[SEQ 26] [IEEE-BASELINE]
SCORE    : anomaly_score=0.000
DECISION : ALLOW
------------------------------------------------------------
[SEQ 27] [LAYER INIT]
CMD      : G1 X0.1 Y0.1 E20 F600
TRUST    : acc_cmd=0.000 | acc_exec=1.000 | trust=0.015
DECISION : PAUSE
MACHINE  : Machine-4
------------------------------------------------------------
[SEQ 27] [STATIC-BASELINE]
CMD      : G1 | effects={'dx': 0.0, 'dy': 0.0, 'dz': 0.0, 'de': 0.0, 'xy_dist': 0.0, 'params': {'G': 1.0, 'X': 0.1, 'Y': 0.1, 'E': 20.0, 'F': 600.0}}
DECISION : ALLOW
------------------------------------------------------------
[SEQ 27] [IEEE-BASELINE]
SCORE    : anomaly_score=0.000
DECISION : ALLOW
------------------------------------------------------------
[SEQ 28] [LAYER INIT]
CMD      : G1 X0.1 Y0.1 E20 F600
TRUST    : acc_cmd=0.000 | acc_exec=1.000 | trust=0.007
DECISION : PAUSE
MACHINE  : Machine-4
------------------------------------------------------------
[SEQ 28] [STATIC-BASELINE]
CMD      : G1 | effects={'dx': 0.0, 'dy': 0.0, 'dz': 0.0, 'de': 0.0, 'xy_dist': 0.0, 'params': {'G': 1.0, 'X': 0.1, 'Y': 0.1, 'E': 20.0, 'F': 600.0}}
DECISION : ALLOW
------------------------------------------------------------
[SEQ 28] [IEEE-BASELINE]
SCORE    : anomaly_score=0.000
DECISION : ALLOW
------------------------------------------------------------
[SEQ 29] [LAYER INIT]
CMD      : G1 X0.1 Y0.1 E20 F600
TRUST    : acc_cmd=0.000 | acc_exec=1.000 | trust=0.003
DECISION : PAUSE
MACHINE  : Machine-4
------------------------------------------------------------
[SEQ 29] [STATIC-BASELINE]
CMD      : G1 | effects={'dx': 0.0, 'dy': 0.0, 'dz': 0.0, 'de': 0.0, 'xy_dist': 0.0, 'params': {'G': 1.0, 'X': 0.1, 'Y': 0.1, 'E': 20.0, 'F': 600.0}}
DECISION : ALLOW
------------------------------------------------------------
[SEQ 29] [IEEE-BASELINE]
SCORE    : anomaly_score=0.000
DECISION : ALLOW
------------------------------------------------------------
[SEQ 30] [LAYER INIT]
CMD      : G1 X0.1 Y0.1 E20 F600
TRUST    : acc_cmd=0.000 | acc_exec=1.000 | trust=0.002
DECISION : PAUSE
MACHINE  : Machine-4
------------------------------------------------------------
[SEQ 30] [STATIC-BASELINE]
CMD      : G1 | effects={'dx': 0.0, 'dy': 0.0, 'dz': 0.0, 'de': 0.0, 'xy_dist': 0.0, 'params': {'G': 1.0, 'X': 0.1, 'Y': 0.1, 'E': 20.0, 'F': 600.0}}
DECISION : ALLOW
------------------------------------------------------------
[SEQ 30] [IEEE-BASELINE]
SCORE    : anomaly_score=0.000
DECISION : ALLOW
------------------------------------------------------------
[SEQ 31] [LAYER INIT]
CMD      : G1 X0.1 Y0.1 E20 F600
TRUST    : acc_cmd=0.000 | acc_exec=1.000 | trust=0.001
DECISION : PAUSE
MACHINE  : Machine-4
------------------------------------------------------------
[SEQ 31] [STATIC-BASELINE]
CMD      : G1 | effects={'dx': 0.0, 'dy': 0.0, 'dz': 0.0, 'de': 0.0, 'xy_dist': 0.0, 'params': {'G': 1.0, 'X': 0.1, 'Y': 0.1, 'E': 20.0, 'F': 600.0}}
DECISION : ALLOW
------------------------------------------------------------
[SEQ 31] [IEEE-BASELINE]
SCORE    : anomaly_score=0.000
DECISION : ALLOW
------------------------------------------------------------
[SEQ 32] [LAYER INIT]
CMD      : G1 F1500 E-6.5
TRUST    : acc_cmd=0.000 | acc_exec=1.000 | trust=0.001
DECISION : PAUSE
MACHINE  : Machine-4
------------------------------------------------------------
[SEQ 32] [STATIC-BASELINE]
CMD      : G1 | effects={'dx': 0.0, 'dy': 0.0, 'dz': 0.0, 'de': -26.5, 'xy_dist': 0.0, 'params': {'G': 1.0, 'F': 1500.0, 'E': -6.5}}
DECISION : ALLOW
------------------------------------------------------------
[SEQ 32] [IEEE-BASELINE]
SCORE    : anomaly_score=0.000
DECISION : ALLOW
------------------------------------------------------------
[SEQ 33] [LAYER INIT]
CMD      : G1 X0.1 Y0.1 E20 F600
TRUST    : acc_cmd=0.000 | acc_exec=1.000 | trust=0.001
DECISION : PAUSE
MACHINE  : Machine-4
------------------------------------------------------------
[SEQ 33] [STATIC-BASELINE]
CMD      : G1 | effects={'dx': 0.0, 'dy': 0.0, 'dz': 0.0, 'de': 26.5, 'xy_dist': 0.0, 'params': {'G': 1.0, 'X': 0.1, 'Y': 0.1, 'E': 20.0, 'F': 600.0}}
DECISION : ALLOW
------------------------------------------------------------
[SEQ 33] [IEEE-BASELINE]
SCORE    : anomaly_score=0.000
DECISION : ALLOW
------------------------------------------------------------
[SEQ 34] [LAYER 0]
CMD      : G1 X0.1 Y0.1 E20 F600
TRUST    : acc_cmd=1.000 | acc_exec=0.000 | trust=0.007
DECISION : PAUSE
MACHINE  : Machine-4
------------------------------------------------------------
[SEQ 34] [STATIC-BASELINE]
CMD      : G1 | effects={'dx': 0.0, 'dy': 0.0, 'dz': 0.0, 'de': 0.0, 'xy_dist': 0.0, 'params': {'G': 1.0, 'X': 0.1, 'Y': 0.1, 'E': 20.0, 'F': 600.0}}
DECISION : ALLOW
------------------------------------------------------------
[SEQ 34] [IEEE-BASELINE]
SCORE    : anomaly_score=0.000
DECISION : ALLOW
------------------------------------------------------------
[SEQ 35] [LAYER 0]
CMD      : G1 X0.1 Y0.1 E20 F600
TRUST    : acc_cmd=1.000 | acc_exec=0.000 | trust=0.008
DECISION : PAUSE
MACHINE  : Machine-4
------------------------------------------------------------
[SEQ 35] [STATIC-BASELINE]
CMD      : G1 | effects={'dx': 0.0, 'dy': 0.0, 'dz': 0.0, 'de': 0.0, 'xy_dist': 0.0, 'params': {'G': 1.0, 'X': 0.1, 'Y': 0.1, 'E': 20.0, 'F': 600.0}}
DECISION : ALLOW
------------------------------------------------------------
[SEQ 35] [IEEE-BASELINE]
SCORE    : anomaly_score=0.000
DECISION : ALLOW
------------------------------------------------------------
[SEQ 36] [LAYER 0]
CMD      : G1 X0.1 Y0.1 E20 F600
TRUST    : acc_cmd=1.000 | acc_exec=1.000 | trust=0.005
DECISION : PAUSE
MACHINE  : Machine-4
------------------------------------------------------------
[SEQ 36] [STATIC-BASELINE]
CMD      : G1 | effects={'dx': 0.0, 'dy': 0.0, 'dz': 0.0, 'de': 0.0, 'xy_dist': 0.0, 'params': {'G': 1.0, 'X': 0.1, 'Y': 0.1, 'E': 20.0, 'F': 600.0}}
DECISION : ALLOW
------------------------------------------------------------
[SEQ 36] [IEEE-BASELINE]
SCORE    : anomaly_score=0.000
DECISION : ALLOW
------------------------------------------------------------
[SEQ 37] [LAYER 0]
CMD      : G0 F3600 X157.878 Y114.798 Z0.2
TRUST    : acc_cmd=0.000 | acc_exec=0.000 | trust=0.020
DECISION : PAUSE
MACHINE  : Machine-4
------------------------------------------------------------
[SEQ 37] [STATIC-BASELINE]
CMD      : G0 | effects={'dx': 157.778, 'dy': 114.69800000000001, 'dz': 0.2, 'de': 0.0, 'xy_dist': 195.06288341968084, 'params': {'G': 0.0, 'F': 3600.0, 'X': 157.878, 'Y': 114.798, 'Z': 0.2}}
DECISION : ALLOW
------------------------------------------------------------
[SEQ 37] [IEEE-BASELINE]
SCORE    : anomaly_score=0.000
DECISION : ALLOW
------------------------------------------------------------
[SEQ 38] [LAYER 0]
CMD      : G1 X0.1 Y0.1 E20 F600
TRUST    : acc_cmd=1.000 | acc_exec=0.000 | trust=0.011
DECISION : PAUSE
MACHINE  : Machine-4
------------------------------------------------------------
[SEQ 38] [STATIC-BASELINE]
CMD      : G1 | effects={'dx': -157.778, 'dy': -114.69800000000001, 'dz': 0.0, 'de': 0.0, 'xy_dist': 195.06288341968084, 'params': {'G': 1.0, 'X': 0.1, 'Y': 0.1, 'E': 20.0, 'F': 600.0}}
DECISION : ALLOW
------------------------------------------------------------
[SEQ 38] [IEEE-BASELINE]
SCORE    : anomaly_score=0.000
DECISION : ALLOW
------------------------------------------------------------
[SEQ 39] [LAYER 0]
CMD      : G1 X0.1 Y0.1 E20 F600
TRUST    : acc_cmd=1.000 | acc_exec=0.000 | trust=0.006
DECISION : PAUSE
MACHINE  : Machine-4
------------------------------------------------------------
[SEQ 39] [STATIC-BASELINE]
CMD      : G1 | effects={'dx': 0.0, 'dy': 0.0, 'dz': 0.0, 'de': 0.0, 'xy_dist': 0.0, 'params': {'G': 1.0, 'X': 0.1, 'Y': 0.1, 'E': 20.0, 'F': 600.0}}
DECISION : ALLOW
------------------------------------------------------------
[SEQ 39] [IEEE-BASELINE]
SCORE    : anomaly_score=0.000
DECISION : ALLOW
------------------------------------------------------------
[SEQ 40] [LAYER 0]
CMD      : G1 X0.1 Y0.1 E20 F600
TRUST    : acc_cmd=1.000 | acc_exec=0.000 | trust=0.003
DECISION : PAUSE
MACHINE  : Machine-4
------------------------------------------------------------
[SEQ 40] [STATIC-BASELINE]
CMD      : G1 | effects={'dx': 0.0, 'dy': 0.0, 'dz': 0.0, 'de': 0.0, 'xy_dist': 0.0, 'params': {'G': 1.0, 'X': 0.1, 'Y': 0.1, 'E': 20.0, 'F': 600.0}}
DECISION : ALLOW
------------------------------------------------------------
[SEQ 40] [IEEE-BASELINE]
SCORE    : anomaly_score=0.000
DECISION : ALLOW
------------------------------------------------------------
[SEQ 41] [LAYER 0]
CMD      : G1 X0.1 Y0.1 E20 F600
TRUST    : acc_cmd=1.000 | acc_exec=1.000 | trust=0.002
DECISION : PAUSE
MACHINE  : Machine-4
------------------------------------------------------------
[SEQ 41] [STATIC-BASELINE]
CMD      : G1 | effects={'dx': 0.0, 'dy': 0.0, 'dz': 0.0, 'de': 0.0, 'xy_dist': 0.0, 'params': {'G': 1.0, 'X': 0.1, 'Y': 0.1, 'E': 20.0, 'F': 600.0}}
DECISION : ALLOW
------------------------------------------------------------
[SEQ 41] [IEEE-BASELINE]
SCORE    : anomaly_score=0.000
DECISION : ALLOW
------------------------------------------------------------
[SEQ 42] [LAYER 0]
CMD      : G1 X162.25 Y111.664 E0.10283
TRUST    : acc_cmd=0.000 | acc_exec=1.000 | trust=0.005
DECISION : PAUSE
MACHINE  : Machine-4
------------------------------------------------------------
[SEQ 42] [STATIC-BASELINE]
CMD      : G1 | effects={'dx': 162.15, 'dy': 111.56400000000001, 'dz': 0.0, 'de': -19.89717, 'xy_dist': 196.8226323266712, 'params': {'G': 1.0, 'X': 162.25, 'Y': 111.664, 'E': 0.10283}}
DECISION : ALLOW
------------------------------------------------------------
[SEQ 42] [IEEE-BASELINE]
SCORE    : anomaly_score=0.000
DECISION : ALLOW
------------------------------------------------------------
[SEQ 43] [LAYER 0]
CMD      : G1 X163.61 Y111.261 E0.12951
TRUST    : acc_cmd=0.000 | acc_exec=0.000 | trust=0.031
DECISION : PAUSE
MACHINE  : Machine-4
------------------------------------------------------------
[SEQ 43] [STATIC-BASELINE]
CMD      : G1 | effects={'dx': 1.3600000000000136, 'dy': -0.4030000000000058, 'dz': 0.0, 'de': 0.02667999999999998, 'xy_dist': 1.4184530305935554, 'params': {'G': 1.0, 'X': 163.61, 'Y': 111.261, 'E': 0.12951}}
DECISION : ALLOW
------------------------------------------------------------
[SEQ 43] [IEEE-BASELINE]
SCORE    : anomaly_score=0.000
DECISION : ALLOW
------------------------------------------------------------
[SEQ 44] [LAYER 0]
CMD      : G1 X0.1 Y0.1 E20 F600
TRUST    : acc_cmd=1.000 | acc_exec=0.000 | trust=0.019
DECISION : PAUSE
MACHINE  : Machine-4
------------------------------------------------------------
[SEQ 44] [STATIC-BASELINE]
CMD      : G1 | effects={'dx': -163.51000000000002, 'dy': -111.161, 'dz': 0.0, 'de': 19.87049, 'xy_dist': 197.7176977941024, 'params': {'G': 1.0, 'X': 0.1, 'Y': 0.1, 'E': 20.0, 'F': 600.0}}
DECISION : ALLOW
------------------------------------------------------------
[SEQ 44] [IEEE-BASELINE]
SCORE    : anomaly_score=0.000
DECISION : ALLOW
------------------------------------------------------------
[SEQ 45] [LAYER 0]
CMD      : G1 X168.166 Y111.744 E0.21638
TRUST    : acc_cmd=0.000 | acc_exec=1.000 | trust=0.018
DECISION : PAUSE
MACHINE  : Machine-4
------------------------------------------------------------
[SEQ 45] [STATIC-BASELINE]
CMD      : G1 | effects={'dx': 168.066, 'dy': 111.644, 'dz': 0.0, 'de': -19.78362, 'xy_dist': 201.76858797146795, 'params': {'G': 1.0, 'X': 168.166, 'Y': 111.744, 'E': 0.21638}}
DECISION : ALLOW
------------------------------------------------------------
[SEQ 45] [IEEE-BASELINE]
SCORE    : anomaly_score=0.000
DECISION : ALLOW
------------------------------------------------------------
[SEQ 46] [LAYER 0]
CMD      : G1 X0.1 Y0.1 E20 F600
TRUST    : acc_cmd=1.000 | acc_exec=0.000 | trust=0.013
DECISION : PAUSE
MACHINE  : Machine-4
------------------------------------------------------------
[SEQ 46] [STATIC-BASELINE]
CMD      : G1 | effects={'dx': -168.066, 'dy': -111.644, 'dz': 0.0, 'de': 19.78362, 'xy_dist': 201.76858797146795, 'params': {'G': 1.0, 'X': 0.1, 'Y': 0.1, 'E': 20.0, 'F': 600.0}}
DECISION : ALLOW
------------------------------------------------------------
[SEQ 46] [IEEE-BASELINE]
SCORE    : anomaly_score=0.000
DECISION : ALLOW
------------------------------------------------------------
[SEQ 47] [LAYER 0]
CMD      : G1 X172.334 Y115.094 E0.31868
TRUST    : acc_cmd=0.000 | acc_exec=1.000 | trust=0.012
DECISION : PAUSE
MACHINE  : Machine-4
------------------------------------------------------------
[SEQ 47] [STATIC-BASELINE]
CMD      : G1 | effects={'dx': 172.234, 'dy': 114.994, 'dz': 0.0, 'de': -19.68132, 'xy_dist': 207.09459382610643, 'params': {'G': 1.0, 'X': 172.334, 'Y': 115.094, 'E': 0.31868}}
DECISION : ALLOW
------------------------------------------------------------
[SEQ 47] [IEEE-BASELINE]
SCORE    : anomaly_score=0.000
DECISION : ALLOW
------------------------------------------------------------
[SEQ 48] [LAYER 0]
CMD      : G1 X172.834 Y115.87 E0.33605
TRUST    : acc_cmd=0.000 | acc_exec=0.000 | trust=0.046
DECISION : PAUSE
MACHINE  : Machine-4
------------------------------------------------------------
[SEQ 48] [STATIC-BASELINE]
CMD      : G1 | effects={'dx': 0.5, 'dy': 0.7760000000000105, 'dz': 0.0, 'de': 0.017369999999999997, 'xy_dist': 0.9231337931199444, 'params': {'G': 1.0, 'X': 172.834, 'Y': 115.87, 'E': 0.33605}}
DECISION : ALLOW
------------------------------------------------------------
[SEQ 48] [IEEE-BASELINE]
SCORE    : anomaly_score=0.000
DECISION : ALLOW
------------------------------------------------------------
[SEQ 49] [LAYER 0]
CMD      : G1 X0.1 Y0.1 E20 F600
TRUST    : acc_cmd=1.000 | acc_exec=0.000 | trust=0.029
DECISION : PAUSE
MACHINE  : Machine-4
------------------------------------------------------------
[SEQ 49] [STATIC-BASELINE]
CMD      : G1 | effects={'dx': -172.734, 'dy': -115.77000000000001, 'dz': 0.0, 'de': 19.66395, 'xy_dist': 207.94164483335223, 'params': {'G': 1.0, 'X': 0.1, 'Y': 0.1, 'E': 20.0, 'F': 600.0}}
DECISION : ALLOW
------------------------------------------------------------
[SEQ 49] [IEEE-BASELINE]
SCORE    : anomaly_score=0.000
DECISION : ALLOW
------------------------------------------------------------
[SEQ 50] [LAYER 0]
CMD      : G1 X173.743 Y121.418 E0.44341
TRUST    : acc_cmd=0.000 | acc_exec=1.000 | trust=0.023
DECISION : PAUSE
MACHINE  : Machine-4
------------------------------------------------------------
[SEQ 50] [STATIC-BASELINE]
CMD      : G1 | effects={'dx': 173.643, 'dy': 121.31800000000001, 'dz': 0.0, 'de': -19.55659, 'xy_dist': 211.82527840888113, 'params': {'G': 1.0, 'X': 173.743, 'Y': 121.418, 'E': 0.44341}}
DECISION : ALLOW
------------------------------------------------------------
[SEQ 50] [IEEE-BASELINE]
SCORE    : anomaly_score=0.000
DECISION : ALLOW
------------------------------------------------------------
[SEQ 51] [LAYER 0]
CMD      : G1 X0.1 Y0.1 E20 F600
TRUST    : acc_cmd=1.000 | acc_exec=0.000 | trust=0.016
DECISION : PAUSE
MACHINE  : Machine-4
------------------------------------------------------------
[SEQ 51] [STATIC-BASELINE]
CMD      : G1 | effects={'dx': -173.643, 'dy': -121.31800000000001, 'dz': 0.0, 'de': 19.55659, 'xy_dist': 211.82527840888113, 'params': {'G': 1.0, 'X': 0.1, 'Y': 0.1, 'E': 20.0, 'F': 600.0}}
DECISION : ALLOW
------------------------------------------------------------
[SEQ 51] [IEEE-BASELINE]
SCORE    : anomaly_score=0.000
DECISION : ALLOW
------------------------------------------------------------
[SEQ 52] [LAYER 0]
CMD      : G1 X0.1 Y0.1 E20 F600
TRUST    : acc_cmd=1.000 | acc_exec=0.000 | trust=0.009
DECISION : PAUSE
MACHINE  : Machine-4
------------------------------------------------------------
[SEQ 52] [STATIC-BASELINE]
CMD      : G1 | effects={'dx': 0.0, 'dy': 0.0, 'dz': 0.0, 'de': 0.0, 'xy_dist': 0.0, 'params': {'G': 1.0, 'X': 0.1, 'Y': 0.1, 'E': 20.0, 'F': 600.0}}
DECISION : ALLOW
------------------------------------------------------------
[SEQ 52] [IEEE-BASELINE]
SCORE    : anomaly_score=0.000
DECISION : ALLOW
------------------------------------------------------------
[SEQ 53] [LAYER 0]
CMD      : G1 X0.1 Y0.1 E20 F600
TRUST    : acc_cmd=1.000 | acc_exec=0.000 | trust=0.004
DECISION : PAUSE
MACHINE  : Machine-4
------------------------------------------------------------
[SEQ 53] [STATIC-BASELINE]
CMD      : G1 | effects={'dx': 0.0, 'dy': 0.0, 'dz': 0.0, 'de': 0.0, 'xy_dist': 0.0, 'params': {'G': 1.0, 'X': 0.1, 'Y': 0.1, 'E': 20.0, 'F': 600.0}}
DECISION : ALLOW
------------------------------------------------------------
[SEQ 53] [IEEE-BASELINE]
SCORE    : anomaly_score=0.000
DECISION : ALLOW
------------------------------------------------------------
[SEQ 54] [LAYER 0]
CMD      : G1 X0.1 Y0.1 E20 F600
TRUST    : acc_cmd=1.000 | acc_exec=1.000 | trust=0.002
DECISION : PAUSE
MACHINE  : Machine-4
------------------------------------------------------------
[SEQ 54] [STATIC-BASELINE]
CMD      : G1 | effects={'dx': 0.0, 'dy': 0.0, 'dz': 0.0, 'de': 0.0, 'xy_dist': 0.0, 'params': {'G': 1.0, 'X': 0.1, 'Y': 0.1, 'E': 20.0, 'F': 600.0}}
DECISION : ALLOW
------------------------------------------------------------
[SEQ 54] [IEEE-BASELINE]
SCORE    : anomaly_score=0.000
DECISION : ALLOW
------------------------------------------------------------
[SEQ 55] [LAYER 0]
CMD      : G1 X0.1 Y0.1 E20 F600
TRUST    : acc_cmd=1.000 | acc_exec=1.000 | trust=0.001
DECISION : PAUSE
MACHINE  : Machine-4
------------------------------------------------------------
[SEQ 55] [STATIC-BASELINE]
CMD      : G1 | effects={'dx': 0.0, 'dy': 0.0, 'dz': 0.0, 'de': 0.0, 'xy_dist': 0.0, 'params': {'G': 1.0, 'X': 0.1, 'Y': 0.1, 'E': 20.0, 'F': 600.0}}
DECISION : ALLOW
------------------------------------------------------------
[SEQ 55] [IEEE-BASELINE]
SCORE    : anomaly_score=0.000
DECISION : ALLOW
------------------------------------------------------------
[SEQ 56] [LAYER 0]
CMD      : G1 X0.1 Y0.1 E20 F600
TRUST    : acc_cmd=1.000 | acc_exec=1.000 | trust=0.001
DECISION : PAUSE
MACHINE  : Machine-4
------------------------------------------------------------
[SEQ 56] [STATIC-BASELINE]
CMD      : G1 | effects={'dx': 0.0, 'dy': 0.0, 'dz': 0.0, 'de': 0.0, 'xy_dist': 0.0, 'params': {'G': 1.0, 'X': 0.1, 'Y': 0.1, 'E': 20.0, 'F': 600.0}}
DECISION : ALLOW
------------------------------------------------------------
[SEQ 56] [IEEE-BASELINE]
SCORE    : anomaly_score=0.000
DECISION : ALLOW
------------------------------------------------------------
[SEQ 57] [LAYER 0]
CMD      : G1 X0.1 Y0.1 E20 F600
TRUST    : acc_cmd=1.000 | acc_exec=1.000 | trust=0.001
DECISION : PAUSE
MACHINE  : Machine-4
------------------------------------------------------------
[SEQ 57] [STATIC-BASELINE]
CMD      : G1 | effects={'dx': 0.0, 'dy': 0.0, 'dz': 0.0, 'de': 0.0, 'xy_dist': 0.0, 'params': {'G': 1.0, 'X': 0.1, 'Y': 0.1, 'E': 20.0, 'F': 600.0}}
DECISION : ALLOW
------------------------------------------------------------
[SEQ 57] [IEEE-BASELINE]
SCORE    : anomaly_score=0.000
DECISION : ALLOW
------------------------------------------------------------
[SEQ 58] [LAYER 0]
CMD      : G1 X0.1 Y0.1 E20 F600
TRUST    : acc_cmd=1.000 | acc_exec=1.000 | trust=0.001
DECISION : PAUSE
MACHINE  : Machine-4
------------------------------------------------------------
[SEQ 58] [STATIC-BASELINE]
CMD      : G1 | effects={'dx': 0.0, 'dy': 0.0, 'dz': 0.0, 'de': 0.0, 'xy_dist': 0.0, 'params': {'G': 1.0, 'X': 0.1, 'Y': 0.1, 'E': 20.0, 'F': 600.0}}
DECISION : ALLOW
------------------------------------------------------------
[SEQ 58] [IEEE-BASELINE]
SCORE    : anomaly_score=0.000
DECISION : ALLOW
------------------------------------------------------------
[SEQ 59] [LAYER 0]
CMD      : G1 X0.1 Y0.1 E20 F600
TRUST    : acc_cmd=1.000 | acc_exec=1.000 | trust=0.001
DECISION : PAUSE
MACHINE  : Machine-4
------------------------------------------------------------
[SEQ 59] [STATIC-BASELINE]
CMD      : G1 | effects={'dx': 0.0, 'dy': 0.0, 'dz': 0.0, 'de': 0.0, 'xy_dist': 0.0, 'params': {'G': 1.0, 'X': 0.1, 'Y': 0.1, 'E': 20.0, 'F': 600.0}}
DECISION : ALLOW
------------------------------------------------------------
[SEQ 59] [IEEE-BASELINE]
SCORE    : anomaly_score=0.000
DECISION : ALLOW
------------------------------------------------------------
[SEQ 60] [LAYER 0]
CMD      : G1 X0.1 Y0.1 E20 F600
TRUST    : acc_cmd=1.000 | acc_exec=1.000 | trust=0.001
DECISION : PAUSE
MACHINE  : Machine-4
------------------------------------------------------------
[SEQ 60] [STATIC-BASELINE]
CMD      : G1 | effects={'dx': 0.0, 'dy': 0.0, 'dz': 0.0, 'de': 0.0, 'xy_dist': 0.0, 'params': {'G': 1.0, 'X': 0.1, 'Y': 0.1, 'E': 20.0, 'F': 600.0}}
DECISION : ALLOW
------------------------------------------------------------
[SEQ 60] [IEEE-BASELINE]
SCORE    : anomaly_score=0.000
DECISION : ALLOW
------------------------------------------------------------
[SEQ 61] [LAYER 0]
CMD      : G1 X0.1 Y0.1 E20 F600
TRUST    : acc_cmd=1.000 | acc_exec=1.000 | trust=0.001
DECISION : PAUSE
MACHINE  : Machine-4
------------------------------------------------------------
[SEQ 61] [STATIC-BASELINE]
CMD      : G1 | effects={'dx': 0.0, 'dy': 0.0, 'dz': 0.0, 'de': 0.0, 'xy_dist': 0.0, 'params': {'G': 1.0, 'X': 0.1, 'Y': 0.1, 'E': 20.0, 'F': 600.0}}
DECISION : ALLOW
------------------------------------------------------------
[SEQ 61] [IEEE-BASELINE]
SCORE    : anomaly_score=0.000
DECISION : ALLOW
------------------------------------------------------------
[SEQ 62] [LAYER 0]
CMD      : G1 X156.218 Y118.878 E0.95947
TRUST    : acc_cmd=0.000 | acc_exec=1.000 | trust=0.001
DECISION : PAUSE
MACHINE  : Machine-4
------------------------------------------------------------
[SEQ 62] [STATIC-BASELINE]
CMD      : G1 | effects={'dx': 156.118, 'dy': 118.778, 'dz': 0.0, 'de': -19.04053, 'xy_dist': 196.1658563766896, 'params': {'G': 1.0, 'X': 156.218, 'Y': 118.878, 'E': 0.95947}}
DECISION : ALLOW
------------------------------------------------------------
[SEQ 62] [IEEE-BASELINE]
SCORE    : anomaly_score=0.000
DECISION : ALLOW
------------------------------------------------------------
[SEQ 63] [LAYER 0]
CMD      : G1 X0.1 Y0.1 E20 F600
TRUST    : acc_cmd=1.000 | acc_exec=0.000 | trust=0.002
DECISION : PAUSE
MACHINE  : Machine-4
------------------------------------------------------------
[SEQ 63] [STATIC-BASELINE]
CMD      : G1 | effects={'dx': -156.118, 'dy': -118.778, 'dz': 0.0, 'de': 19.04053, 'xy_dist': 196.1658563766896, 'params': {'G': 1.0, 'X': 0.1, 'Y': 0.1, 'E': 20.0, 'F': 600.0}}
DECISION : ALLOW
------------------------------------------------------------
[SEQ 63] [IEEE-BASELINE]
SCORE    : anomaly_score=0.000
DECISION : ALLOW
------------------------------------------------------------
[SEQ 64] [LAYER 0]
CMD      : G1 X0.1 Y0.1 E20 F600
TRUST    : acc_cmd=1.000 | acc_exec=0.000 | trust=0.002
DECISION : PAUSE
MACHINE  : Machine-4
------------------------------------------------------------
[SEQ 64] [STATIC-BASELINE]
CMD      : G1 | effects={'dx': 0.0, 'dy': 0.0, 'dz': 0.0, 'de': 0.0, 'xy_dist': 0.0, 'params': {'G': 1.0, 'X': 0.1, 'Y': 0.1, 'E': 20.0, 'F': 600.0}}
DECISION : ALLOW
------------------------------------------------------------
[SEQ 64] [IEEE-BASELINE]
SCORE    : anomaly_score=0.000
DECISION : ALLOW
------------------------------------------------------------
[SEQ 65] [LAYER 0]
CMD      : G1 X157.878 Y114.798 E1.04279
TRUST    : acc_cmd=0.000 | acc_exec=1.000 | trust=0.007
DECISION : PAUSE
MACHINE  : Machine-4
------------------------------------------------------------
[SEQ 65] [STATIC-BASELINE]
CMD      : G1 | effects={'dx': 157.778, 'dy': 114.69800000000001, 'dz': 0.0, 'de': -18.95721, 'xy_dist': 195.06288341968084, 'params': {'G': 1.0, 'X': 157.878, 'Y': 114.798, 'E': 1.04279}}
DECISION : ALLOW
------------------------------------------------------------
[SEQ 65] [IEEE-BASELINE]
SCORE    : anomaly_score=0.000
DECISION : ALLOW
------------------------------------------------------------
[SEQ 66] [LAYER 0]
CMD      : G1 X0.1 Y0.1 E20 F600
TRUST    : acc_cmd=1.000 | acc_exec=0.000 | trust=0.006
DECISION : PAUSE
MACHINE  : Machine-4
------------------------------------------------------------
[SEQ 66] [STATIC-BASELINE]
CMD      : G1 | effects={'dx': -157.778, 'dy': -114.69800000000001, 'dz': 0.0, 'de': 18.95721, 'xy_dist': 195.06288341968084, 'params': {'G': 1.0, 'X': 0.1, 'Y': 0.1, 'E': 20.0, 'F': 600.0}}
DECISION : ALLOW
------------------------------------------------------------
[SEQ 66] [IEEE-BASELINE]
SCORE    : anomaly_score=0.000
DECISION : ALLOW
------------------------------------------------------------
[SEQ 67] [LAYER 0]
CMD      : G1 F1800 X159.558 Y113.582 E1.08025
TRUST    : acc_cmd=0.000 | acc_exec=1.000 | trust=0.008
DECISION : PAUSE
MACHINE  : Machine-4
------------------------------------------------------------
[SEQ 67] [STATIC-BASELINE]
CMD      : G1 | effects={'dx': 159.458, 'dy': 113.482, 'dz': 0.0, 'de': -18.91975, 'xy_dist': 195.71667810383457, 'params': {'G': 1.0, 'F': 1800.0, 'X': 159.558, 'Y': 113.582, 'E': 1.08025}}
DECISION : ALLOW
------------------------------------------------------------
[SEQ 67] [IEEE-BASELINE]
SCORE    : anomaly_score=0.000
DECISION : ALLOW
------------------------------------------------------------
[SEQ 68] [LAYER 0]
CMD      : G1 X0.1 Y0.1 E20 F600
TRUST    : acc_cmd=1.000 | acc_exec=0.000 | trust=0.008
DECISION : PAUSE
MACHINE  : Machine-4
------------------------------------------------------------
[SEQ 68] [STATIC-BASELINE]
CMD      : G1 | effects={'dx': -159.458, 'dy': -113.482, 'dz': 0.0, 'de': 18.91975, 'xy_dist': 195.71667810383457, 'params': {'G': 1.0, 'X': 0.1, 'Y': 0.1, 'E': 20.0, 'F': 600.0}}
DECISION : ALLOW
------------------------------------------------------------
[SEQ 68] [IEEE-BASELINE]
SCORE    : anomaly_score=0.000
DECISION : ALLOW
------------------------------------------------------------
[SEQ 69] [LAYER 0]
CMD      : G1 X162.364 Y112.048 E1.14079
TRUST    : acc_cmd=0.000 | acc_exec=1.000 | trust=0.009
DECISION : PAUSE
MACHINE  : Machine-4
------------------------------------------------------------
[SEQ 69] [STATIC-BASELINE]
CMD      : G1 | effects={'dx': 162.264, 'dy': 111.94800000000001, 'dz': 0.0, 'de': -18.85921, 'xy_dist': 197.13437143227966, 'params': {'G': 1.0, 'X': 162.364, 'Y': 112.048, 'E': 1.14079}}
DECISION : ALLOW
------------------------------------------------------------
[SEQ 69] [IEEE-BASELINE]
SCORE    : anomaly_score=0.000
DECISION : ALLOW
------------------------------------------------------------
[SEQ 70] [LAYER 0]
CMD      : G1 X0.1 Y0.1 E20 F600
TRUST    : acc_cmd=1.000 | acc_exec=0.000 | trust=0.009
DECISION : PAUSE
MACHINE  : Machine-4
------------------------------------------------------------
[SEQ 70] [STATIC-BASELINE]
CMD      : G1 | effects={'dx': -162.264, 'dy': -111.94800000000001, 'dz': 0.0, 'de': 18.85921, 'xy_dist': 197.13437143227966, 'params': {'G': 1.0, 'X': 0.1, 'Y': 0.1, 'E': 20.0, 'F': 600.0}}
DECISION : ALLOW
------------------------------------------------------------
[SEQ 70] [IEEE-BASELINE]
SCORE    : anomaly_score=0.000
DECISION : ALLOW
------------------------------------------------------------
[SEQ 71] [LAYER 0]
CMD      : G1 X0.1 Y0.1 E20 F600
TRUST    : acc_cmd=1.000 | acc_exec=0.000 | trust=0.005
DECISION : PAUSE
MACHINE  : Machine-4
------------------------------------------------------------
[SEQ 71] [STATIC-BASELINE]
CMD      : G1 | effects={'dx': 0.0, 'dy': 0.0, 'dz': 0.0, 'de': 0.0, 'xy_dist': 0.0, 'params': {'G': 1.0, 'X': 0.1, 'Y': 0.1, 'E': 20.0, 'F': 600.0}}
DECISION : ALLOW
------------------------------------------------------------
[SEQ 71] [IEEE-BASELINE]
SCORE    : anomaly_score=0.000
DECISION : ALLOW
------------------------------------------------------------
[SEQ 72] [LAYER 0]
CMD      : G1 X0.1 Y0.1 E20 F600
TRUST    : acc_cmd=1.000 | acc_exec=0.000 | trust=0.003
DECISION : PAUSE
MACHINE  : Machine-4
------------------------------------------------------------
[SEQ 72] [STATIC-BASELINE]
CMD      : G1 | effects={'dx': 0.0, 'dy': 0.0, 'dz': 0.0, 'de': 0.0, 'xy_dist': 0.0, 'params': {'G': 1.0, 'X': 0.1, 'Y': 0.1, 'E': 20.0, 'F': 600.0}}
DECISION : ALLOW
------------------------------------------------------------
[SEQ 72] [IEEE-BASELINE]
SCORE    : anomaly_score=0.000
DECISION : ALLOW
------------------------------------------------------------
[SEQ 73] [LAYER 0]
CMD      : G1 X0.1 Y0.1 E20 F600
TRUST    : acc_cmd=1.000 | acc_exec=1.000 | trust=0.002
DECISION : PAUSE
MACHINE  : Machine-4
------------------------------------------------------------
[SEQ 73] [STATIC-BASELINE]
CMD      : G1 | effects={'dx': 0.0, 'dy': 0.0, 'dz': 0.0, 'de': 0.0, 'xy_dist': 0.0, 'params': {'G': 1.0, 'X': 0.1, 'Y': 0.1, 'E': 20.0, 'F': 600.0}}
DECISION : ALLOW
------------------------------------------------------------
[SEQ 73] [IEEE-BASELINE]
SCORE    : anomaly_score=0.000
DECISION : ALLOW
------------------------------------------------------------
[SEQ 74] [LAYER 0]
CMD      : G1 X0.1 Y0.1 E20 F600
TRUST    : acc_cmd=1.000 | acc_exec=1.000 | trust=0.001
DECISION : PAUSE
MACHINE  : Machine-4
------------------------------------------------------------
[SEQ 74] [STATIC-BASELINE]
CMD      : G1 | effects={'dx': 0.0, 'dy': 0.0, 'dz': 0.0, 'de': 0.0, 'xy_dist': 0.0, 'params': {'G': 1.0, 'X': 0.1, 'Y': 0.1, 'E': 20.0, 'F': 600.0}}
DECISION : ALLOW
------------------------------------------------------------
[SEQ 74] [IEEE-BASELINE]
SCORE    : anomaly_score=0.000
DECISION : ALLOW
------------------------------------------------------------
[SEQ 75] [LAYER 0]
CMD      : G1 X0.1 Y0.1 E20 F600
TRUST    : acc_cmd=1.000 | acc_exec=1.000 | trust=0.001
DECISION : PAUSE
MACHINE  : Machine-4
------------------------------------------------------------
[SEQ 75] [STATIC-BASELINE]
CMD      : G1 | effects={'dx': 0.0, 'dy': 0.0, 'dz': 0.0, 'de': 0.0, 'xy_dist': 0.0, 'params': {'G': 1.0, 'X': 0.1, 'Y': 0.1, 'E': 20.0, 'F': 600.0}}
DECISION : ALLOW
------------------------------------------------------------
[SEQ 75] [IEEE-BASELINE]
SCORE    : anomaly_score=0.000
DECISION : ALLOW
------------------------------------------------------------
[SEQ 76] [LAYER 0]
CMD      : G1 X0.1 Y0.1 E20 F600
TRUST    : acc_cmd=1.000 | acc_exec=1.000 | trust=0.001
DECISION : PAUSE
MACHINE  : Machine-4
------------------------------------------------------------
[SEQ 76] [STATIC-BASELINE]
CMD      : G1 | effects={'dx': 0.0, 'dy': 0.0, 'dz': 0.0, 'de': 0.0, 'xy_dist': 0.0, 'params': {'G': 1.0, 'X': 0.1, 'Y': 0.1, 'E': 20.0, 'F': 600.0}}
DECISION : ALLOW
------------------------------------------------------------
[SEQ 76] [IEEE-BASELINE]
SCORE    : anomaly_score=0.000
DECISION : ALLOW
------------------------------------------------------------
[SEQ 77] [LAYER 0]
CMD      : G1 X173.344 Y121.354 E1.46608
TRUST    : acc_cmd=0.000 | acc_exec=1.000 | trust=0.001
DECISION : PAUSE
MACHINE  : Machine-4
------------------------------------------------------------
[SEQ 77] [STATIC-BASELINE]
CMD      : G1 | effects={'dx': 173.244, 'dy': 121.254, 'dz': 0.0, 'de': -18.53392, 'xy_dist': 211.46161838972102, 'params': {'G': 1.0, 'X': 173.344, 'Y': 121.354, 'E': 1.46608}}
DECISION : ALLOW
------------------------------------------------------------
[SEQ 77] [IEEE-BASELINE]
SCORE    : anomaly_score=0.000
DECISION : ALLOW
------------------------------------------------------------
[SEQ 78] [LAYER 0]
CMD      : G1 X0.1 Y0.1 E20 F600
TRUST    : acc_cmd=1.000 | acc_exec=0.000 | trust=0.002
DECISION : PAUSE
MACHINE  : Machine-4
------------------------------------------------------------
[SEQ 78] [STATIC-BASELINE]
CMD      : G1 | effects={'dx': -173.244, 'dy': -121.254, 'dz': 0.0, 'de': 18.53392, 'xy_dist': 211.46161838972102, 'params': {'G': 1.0, 'X': 0.1, 'Y': 0.1, 'E': 20.0, 'F': 600.0}}
DECISION : ALLOW
------------------------------------------------------------
[SEQ 78] [IEEE-BASELINE]
SCORE    : anomaly_score=0.000
DECISION : ALLOW
------------------------------------------------------------
[SEQ 79] [LAYER 0]
CMD      : G1 X171.412 Y125.503 E1.55297
TRUST    : acc_cmd=0.000 | acc_exec=1.000 | trust=0.003
DECISION : PAUSE
MACHINE  : Machine-4
------------------------------------------------------------
[SEQ 79] [STATIC-BASELINE]
CMD      : G1 | effects={'dx': 171.312, 'dy': 125.403, 'dz': 0.0, 'de': -18.44703, 'xy_dist': 212.30570824403193, 'params': {'G': 1.0, 'X': 171.412, 'Y': 125.503, 'E': 1.55297}}
DECISION : ALLOW
------------------------------------------------------------
[SEQ 79] [IEEE-BASELINE]
SCORE    : anomaly_score=0.000
DECISION : ALLOW
------------------------------------------------------------
[SEQ 80] [LAYER 0]
CMD      : G1 X0.1 Y0.1 E20 F600
TRUST    : acc_cmd=1.000 | acc_exec=0.000 | trust=0.005
DECISION : PAUSE
MACHINE  : Machine-4
------------------------------------------------------------
[SEQ 80] [STATIC-BASELINE]
CMD      : G1 | effects={'dx': -171.312, 'dy': -125.403, 'dz': 0.0, 'de': 18.44703, 'xy_dist': 212.30570824403193, 'params': {'G': 1.0, 'X': 0.1, 'Y': 0.1, 'E': 20.0, 'F': 600.0}}
DECISION : ALLOW
------------------------------------------------------------
[SEQ 80] [IEEE-BASELINE]
SCORE    : anomaly_score=0.000
DECISION : ALLOW
------------------------------------------------------------
[SEQ 81] [LAYER 0]
CMD      : G1 X168.274 Y127.759 E1.62604
TRUST    : acc_cmd=0.000 | acc_exec=1.000 | trust=0.006
DECISION : PAUSE
MACHINE  : Machine-4
------------------------------------------------------------
[SEQ 81] [STATIC-BASELINE]
CMD      : G1 | effects={'dx': 168.174, 'dy': 127.659, 'dz': 0.0, 'de': -18.37396, 'xy_dist': 211.13814093384457, 'params': {'G': 1.0, 'X': 168.274, 'Y': 127.759, 'E': 1.62604}}
DECISION : ALLOW
------------------------------------------------------------
[SEQ 81] [IEEE-BASELINE]
SCORE    : anomaly_score=0.000
DECISION : ALLOW
------------------------------------------------------------
[SEQ 82] [LAYER 0]
CMD      : G1 X0.1 Y0.1 E20 F600
TRUST    : acc_cmd=1.000 | acc_exec=0.000 | trust=0.007
DECISION : PAUSE
MACHINE  : Machine-4
------------------------------------------------------------
[SEQ 82] [STATIC-BASELINE]
CMD      : G1 | effects={'dx': -168.174, 'dy': -127.659, 'dz': 0.0, 'de': 18.37396, 'xy_dist': 211.13814093384457, 'params': {'G': 1.0, 'X': 0.1, 'Y': 0.1, 'E': 20.0, 'F': 600.0}}
DECISION : ALLOW
------------------------------------------------------------
[SEQ 82] [IEEE-BASELINE]
SCORE    : anomaly_score=0.000
DECISION : ALLOW
------------------------------------------------------------
[SEQ 83] [LAYER 0]
CMD      : G1 X0.1 Y0.1 E20 F600
TRUST    : acc_cmd=1.000 | acc_exec=0.000 | trust=0.005
DECISION : PAUSE
MACHINE  : Machine-4
------------------------------------------------------------
[SEQ 83] [STATIC-BASELINE]
CMD      : G1 | effects={'dx': 0.0, 'dy': 0.0, 'dz': 0.0, 'de': 0.0, 'xy_dist': 0.0, 'params': {'G': 1.0, 'X': 0.1, 'Y': 0.1, 'E': 20.0, 'F': 600.0}}
DECISION : ALLOW
------------------------------------------------------------
[SEQ 83] [IEEE-BASELINE]
SCORE    : anomaly_score=0.000
DECISION : ALLOW
------------------------------------------------------------
[SEQ 84] [LAYER 0]
CMD      : G1 X161.461 Y127.659 E1.75783
TRUST    : acc_cmd=0.000 | acc_exec=1.000 | trust=0.012
DECISION : PAUSE
MACHINE  : Machine-4
------------------------------------------------------------
[SEQ 84] [STATIC-BASELINE]
CMD      : G1 | effects={'dx': 161.36100000000002, 'dy': 127.55900000000001, 'dz': 0.0, 'de': -18.24217, 'xy_dist': 205.69071637290781, 'params': {'G': 1.0, 'X': 161.461, 'Y': 127.659, 'E': 1.75783}}
DECISION : ALLOW
------------------------------------------------------------
[SEQ 84] [IEEE-BASELINE]
SCORE    : anomaly_score=0.000
DECISION : ALLOW
------------------------------------------------------------
[SEQ 85] [LAYER 0]
CMD      : G1 X159.253 Y126.256 E1.80704
TRUST    : acc_cmd=0.000 | acc_exec=0.000 | trust=0.057
DECISION : PAUSE
MACHINE  : Machine-4
------------------------------------------------------------
[SEQ 85] [STATIC-BASELINE]
CMD      : G1 | effects={'dx': -2.208000000000027, 'dy': -1.4030000000000058, 'dz': 0.0, 'de': 0.049209999999999976, 'xy_dist': 2.616041475206411, 'params': {'G': 1.0, 'X': 159.253, 'Y': 126.256, 'E': 1.80704}}
DECISION : ALLOW
------------------------------------------------------------
[SEQ 85] [IEEE-BASELINE]
SCORE    : anomaly_score=0.000
DECISION : ALLOW
------------------------------------------------------------
[SEQ 86] [LAYER 0]
CMD      : G1 X0.1 Y0.1 E20 F600
TRUST    : acc_cmd=1.000 | acc_exec=0.000 | trust=0.031
DECISION : PAUSE
MACHINE  : Machine-4
------------------------------------------------------------
[SEQ 86] [STATIC-BASELINE]
CMD      : G1 | effects={'dx': -159.153, 'dy': -126.156, 'dz': 0.0, 'de': 18.19296, 'xy_dist': 203.08868443367297, 'params': {'G': 1.0, 'X': 0.1, 'Y': 0.1, 'E': 20.0, 'F': 600.0}}
DECISION : ALLOW
------------------------------------------------------------
[SEQ 86] [IEEE-BASELINE]
SCORE    : anomaly_score=0.000
DECISION : ALLOW
------------------------------------------------------------
[SEQ 87] [LAYER 0]
CMD      : G1 X0.1 Y0.1 E20 F600
TRUST    : acc_cmd=1.000 | acc_exec=0.000 | trust=0.015
DECISION : PAUSE
MACHINE  : Machine-4
------------------------------------------------------------
[SEQ 87] [STATIC-BASELINE]
CMD      : G1 | effects={'dx': 0.0, 'dy': 0.0, 'dz': 0.0, 'de': 0.0, 'xy_dist': 0.0, 'params': {'G': 1.0, 'X': 0.1, 'Y': 0.1, 'E': 20.0, 'F': 600.0}}
DECISION : ALLOW
------------------------------------------------------------
[SEQ 87] [IEEE-BASELINE]
SCORE    : anomaly_score=0.000
DECISION : ALLOW
------------------------------------------------------------
[SEQ 88] [LAYER 0]
CMD      : G1 X156.619 Y118.916 E1.95887
TRUST    : acc_cmd=0.000 | acc_exec=1.000 | trust=0.024
DECISION : PAUSE
MACHINE  : Machine-4
------------------------------------------------------------
[SEQ 88] [STATIC-BASELINE]
CMD      : G1 | effects={'dx': 156.519, 'dy': 118.816, 'dz': 0.0, 'de': -18.04113, 'xy_dist': 196.50811488841882, 'params': {'G': 1.0, 'X': 156.619, 'Y': 118.916, 'E': 1.95887}}
DECISION : ALLOW
------------------------------------------------------------
[SEQ 88] [IEEE-BASELINE]
SCORE    : anomaly_score=0.000
DECISION : ALLOW
------------------------------------------------------------
[SEQ 89] [LAYER 0]
CMD      : G1 X0.1 Y0.1 E20 F600
TRUST    : acc_cmd=1.000 | acc_exec=0.000 | trust=0.013
DECISION : PAUSE
MACHINE  : Machine-4
------------------------------------------------------------
[SEQ 89] [STATIC-BASELINE]
CMD      : G1 | effects={'dx': -156.519, 'dy': -118.816, 'dz': 0.0, 'de': 18.04113, 'xy_dist': 196.50811488841882, 'params': {'G': 1.0, 'X': 0.1, 'Y': 0.1, 'E': 20.0, 'F': 600.0}}
DECISION : ALLOW
------------------------------------------------------------
[SEQ 89] [IEEE-BASELINE]
SCORE    : anomaly_score=0.000
DECISION : ALLOW
------------------------------------------------------------
[SEQ 90] [LAYER 0]
CMD      : G1 X0.1 Y0.1 E20 F600
TRUST    : acc_cmd=1.000 | acc_exec=0.000 | trust=0.007
DECISION : PAUSE
MACHINE  : Machine-4
------------------------------------------------------------
[SEQ 90] [STATIC-BASELINE]
CMD      : G1 | effects={'dx': 0.0, 'dy': 0.0, 'dz': 0.0, 'de': 0.0, 'xy_dist': 0.0, 'params': {'G': 1.0, 'X': 0.1, 'Y': 0.1, 'E': 20.0, 'F': 600.0}}
DECISION : ALLOW
------------------------------------------------------------
[SEQ 90] [IEEE-BASELINE]
SCORE    : anomaly_score=0.000
DECISION : ALLOW
------------------------------------------------------------
[SEQ 91] [LAYER 0]
CMD      : G1 X158.201 Y115.039 E2.03808
TRUST    : acc_cmd=0.000 | acc_exec=1.000 | trust=0.017
DECISION : PAUSE
MACHINE  : Machine-4
------------------------------------------------------------
[SEQ 91] [STATIC-BASELINE]
CMD      : G1 | effects={'dx': 158.101, 'dy': 114.93900000000001, 'dz': 0.0, 'de': -17.96192, 'xy_dist': 195.465853595967, 'params': {'G': 1.0, 'X': 158.201, 'Y': 115.039, 'E': 2.03808}}
DECISION : ALLOW
------------------------------------------------------------
[SEQ 91] [IEEE-BASELINE]
SCORE    : anomaly_score=0.000
DECISION : ALLOW
------------------------------------------------------------
[SEQ 92] [LAYER 0]
CMD      : G1 X0.1 Y0.1 E20 F600
TRUST    : acc_cmd=1.000 | acc_exec=0.000 | trust=0.010
DECISION : PAUSE
MACHINE  : Machine-4
------------------------------------------------------------
[SEQ 92] [STATIC-BASELINE]
CMD      : G1 | effects={'dx': -158.101, 'dy': -114.93900000000001, 'dz': 0.0, 'de': 17.96192, 'xy_dist': 195.465853595967, 'params': {'G': 1.0, 'X': 0.1, 'Y': 0.1, 'E': 20.0, 'F': 600.0}}
DECISION : ALLOW
------------------------------------------------------------
[SEQ 92] [IEEE-BASELINE]
SCORE    : anomaly_score=0.000
DECISION : ALLOW
------------------------------------------------------------
[SEQ 93] [LAYER 0]
CMD      : G1 F1800 X159.851 Y113.855 E2.07466
TRUST    : acc_cmd=0.000 | acc_exec=1.000 | trust=0.012
DECISION : PAUSE
MACHINE  : Machine-4
------------------------------------------------------------
[SEQ 93] [STATIC-BASELINE]
CMD      : G1 | effects={'dx': 159.751, 'dy': 113.75500000000001, 'dz': 0.0, 'de': -17.92534, 'xy_dist': 196.11369668128742, 'params': {'G': 1.0, 'F': 1800.0, 'X': 159.851, 'Y': 113.855, 'E': 2.07466}}
DECISION : ALLOW
------------------------------------------------------------
[SEQ 93] [IEEE-BASELINE]
SCORE    : anomaly_score=0.000
DECISION : ALLOW
------------------------------------------------------------
[SEQ 94] [LAYER 0]
CMD      : G1 X160.563 Y113.299 E2.09165
TRUST    : acc_cmd=0.000 | acc_exec=0.000 | trust=0.049
DECISION : PAUSE
MACHINE  : Machine-4
------------------------------------------------------------
[SEQ 94] [STATIC-BASELINE]
CMD      : G1 | effects={'dx': 0.7119999999999891, 'dy': -0.5559999999999974, 'dz': 0.0, 'de': 0.01698999999999984, 'xy_dist': 0.9033714629099048, 'params': {'G': 1.0, 'X': 160.563, 'Y': 113.299, 'E': 2.09165}}
DECISION : ALLOW
------------------------------------------------------------
[SEQ 94] [IEEE-BASELINE]
SCORE    : anomaly_score=0.000
DECISION : ALLOW
------------------------------------------------------------
[SEQ 95] [LAYER 0]
CMD      : G1 X162.478 Y112.432 E2.13119
TRUST    : acc_cmd=0.000 | acc_exec=0.000 | trust=0.145
DECISION : PAUSE
MACHINE  : Machine-4
------------------------------------------------------------
[SEQ 95] [STATIC-BASELINE]
CMD      : G1 | effects={'dx': 1.9150000000000205, 'dy': -0.8670000000000044, 'dz': 0.0, 'de': 0.03954000000000013, 'xy_dist': 2.1021213095347484, 'params': {'G': 1.0, 'X': 162.478, 'Y': 112.432, 'E': 2.13119}}
DECISION : ALLOW
------------------------------------------------------------
[SEQ 95] [IEEE-BASELINE]
SCORE    : anomaly_score=0.000
DECISION : ALLOW
------------------------------------------------------------
[SEQ 96] [LAYER 0]
CMD      : G1 X163.738 Y112.059 E2.15591
TRUST    : acc_cmd=0.000 | acc_exec=0.000 | trust=0.292
DECISION : PAUSE
MACHINE  : Machine-4
------------------------------------------------------------
[SEQ 96] [STATIC-BASELINE]
CMD      : G1 | effects={'dx': 1.259999999999991, 'dy': -0.37300000000000466, 'dz': 0.0, 'de': 0.024719999999999853, 'xy_dist': 1.3140506078534344, 'params': {'G': 1.0, 'X': 163.738, 'Y': 112.059, 'E': 2.15591}}
DECISION : ALLOW
------------------------------------------------------------
[SEQ 96] [IEEE-BASELINE]
SCORE    : anomaly_score=0.000
DECISION : ALLOW
------------------------------------------------------------
[SEQ 97] [LAYER 0]
CMD      : G1 X0.1 Y0.1 E20 F600
TRUST    : acc_cmd=1.000 | acc_exec=0.000 | trust=0.137
DECISION : PAUSE
MACHINE  : Machine-4
------------------------------------------------------------
[SEQ 97] [STATIC-BASELINE]
CMD      : G1 | effects={'dx': -163.638, 'dy': -111.959, 'dz': 0.0, 'de': 17.84409, 'xy_dist': 198.27307614751933, 'params': {'G': 1.0, 'X': 0.1, 'Y': 0.1, 'E': 20.0, 'F': 600.0}}
DECISION : ALLOW
------------------------------------------------------------
[SEQ 97] [IEEE-BASELINE]
SCORE    : anomaly_score=0.000
DECISION : ALLOW
------------------------------------------------------------
[SEQ 98] [LAYER 0]
CMD      : G1 X0.1 Y0.1 E20 F600
TRUST    : acc_cmd=1.000 | acc_exec=0.000 | trust=0.059
DECISION : PAUSE
MACHINE  : Machine-4
------------------------------------------------------------
[SEQ 98] [STATIC-BASELINE]
CMD      : G1 | effects={'dx': 0.0, 'dy': 0.0, 'dz': 0.0, 'de': 0.0, 'xy_dist': 0.0, 'params': {'G': 1.0, 'X': 0.1, 'Y': 0.1, 'E': 20.0, 'F': 600.0}}
DECISION : ALLOW
------------------------------------------------------------
[SEQ 98] [IEEE-BASELINE]
SCORE    : anomaly_score=0.000
DECISION : ALLOW
------------------------------------------------------------
[SEQ 99] [LAYER 0]
CMD      : G1 X0.1 Y0.1 E20 F600
TRUST    : acc_cmd=1.000 | acc_exec=0.000 | trust=0.025
DECISION : PAUSE
MACHINE  : Machine-4
------------------------------------------------------------
[SEQ 99] [STATIC-BASELINE]
CMD      : G1 | effects={'dx': 0.0, 'dy': 0.0, 'dz': 0.0, 'de': 0.0, 'xy_dist': 0.0, 'params': {'G': 1.0, 'X': 0.1, 'Y': 0.1, 'E': 20.0, 'F': 600.0}}
DECISION : ALLOW
------------------------------------------------------------
[SEQ 99] [IEEE-BASELINE]
SCORE    : anomaly_score=0.000
DECISION : ALLOW
------------------------------------------------------------
[SEQ 100] [LAYER 0]
CMD      : G1 X171.726 Y115.614 E2.32958
TRUST    : acc_cmd=0.000 | acc_exec=1.000 | trust=0.026
DECISION : PAUSE
MACHINE  : Machine-4
------------------------------------------------------------
[SEQ 100] [STATIC-BASELINE]
CMD      : G1 | effects={'dx': 171.626, 'dy': 115.51400000000001, 'dz': 0.0, 'de': -17.67042, 'xy_dist': 206.87911463460975, 'params': {'G': 1.0, 'X': 171.726, 'Y': 115.614, 'E': 2.32958}}
DECISION : ALLOW
------------------------------------------------------------
[SEQ 100] [IEEE-BASELINE]
SCORE    : anomaly_score=0.000
DECISION : ALLOW
------------------------------------------------------------
[SEQ 101] [LAYER 0]
CMD      : G1 X172.111 Y116.223 E2.34314
TRUST    : acc_cmd=0.000 | acc_exec=0.000 | trust=0.079
DECISION : PAUSE
MACHINE  : Machine-4
------------------------------------------------------------
[SEQ 101] [STATIC-BASELINE]
CMD      : G1 | effects={'dx': 0.3849999999999909, 'dy': 0.6089999999999947, 'dz': 0.0, 'de': 0.013560000000000016, 'xy_dist': 0.7204901109661301, 'params': {'G': 1.0, 'X': 172.111, 'Y': 116.223, 'E': 2.34314}}
DECISION : ALLOW
------------------------------------------------------------
[SEQ 101] [IEEE-BASELINE]
SCORE    : anomaly_score=0.000
DECISION : ALLOW
------------------------------------------------------------
[SEQ 102] [LAYER 0]
CMD      : G1 X0.1 Y0.1 E20 F600
TRUST    : acc_cmd=1.000 | acc_exec=0.000 | trust=0.040
DECISION : PAUSE
MACHINE  : Machine-4
------------------------------------------------------------
[SEQ 102] [STATIC-BASELINE]
CMD      : G1 | effects={'dx': -172.011, 'dy': -116.123, 'dz': 0.0, 'de': 17.65686, 'xy_dist': 207.53875601920717, 'params': {'G': 1.0, 'X': 0.1, 'Y': 0.1, 'E': 20.0, 'F': 600.0}}
DECISION : ALLOW
------------------------------------------------------------
[SEQ 102] [IEEE-BASELINE]
SCORE    : anomaly_score=0.000
DECISION : ALLOW
------------------------------------------------------------
[SEQ 103] [LAYER 0]
CMD      : G1 X0.1 Y0.1 E20 F600
TRUST    : acc_cmd=1.000 | acc_exec=0.000 | trust=0.018
DECISION : PAUSE
MACHINE  : Machine-4
------------------------------------------------------------
[SEQ 103] [STATIC-BASELINE]
CMD      : G1 | effects={'dx': 0.0, 'dy': 0.0, 'dz': 0.0, 'de': 0.0, 'xy_dist': 0.0, 'params': {'G': 1.0, 'X': 0.1, 'Y': 0.1, 'E': 20.0, 'F': 600.0}}
DECISION : ALLOW
------------------------------------------------------------
[SEQ 103] [IEEE-BASELINE]
SCORE    : anomaly_score=0.000
DECISION : ALLOW
------------------------------------------------------------
[SEQ 104] [LAYER 0]
CMD      : G1 X172.294 Y123.39 E2.48256
TRUST    : acc_cmd=0.000 | acc_exec=1.000 | trust=0.027
DECISION : PAUSE
MACHINE  : Machine-4
------------------------------------------------------------
[SEQ 104] [STATIC-BASELINE]
CMD      : G1 | effects={'dx': 172.19400000000002, 'dy': 123.29, 'dz': 0.0, 'de': -17.51744, 'xy_dist': 211.78101363436716, 'params': {'G': 1.0, 'X': 172.294, 'Y': 123.39, 'E': 2.48256}}
DECISION : ALLOW
------------------------------------------------------------
[SEQ 104] [IEEE-BASELINE]
SCORE    : anomaly_score=0.000
DECISION : ALLOW
------------------------------------------------------------
[SEQ 105] [LAYER 0]
CMD      : G1 X171.106 Y125.239 E2.5239
TRUST    : acc_cmd=0.000 | acc_exec=0.000 | trust=0.089
DECISION : PAUSE
MACHINE  : Machine-4
------------------------------------------------------------
[SEQ 105] [STATIC-BASELINE]
CMD      : G1 | effects={'dx': -1.1880000000000166, 'dy': 1.8490000000000038, 'dz': 0.0, 'de': 0.04133999999999993, 'xy_dist': 2.197759085978273, 'params': {'G': 1.0, 'X': 171.106, 'Y': 125.239, 'E': 2.5239}}
DECISION : ALLOW
------------------------------------------------------------
[SEQ 105] [IEEE-BASELINE]
SCORE    : anomaly_score=0.000
DECISION : ALLOW
------------------------------------------------------------
[SEQ 106] [LAYER 0]
CMD      : G1 X169.523 Y126.606 E2.56324
TRUST    : acc_cmd=0.000 | acc_exec=0.000 | trust=0.212
DECISION : PAUSE
MACHINE  : Machine-4
------------------------------------------------------------
[SEQ 106] [STATIC-BASELINE]
CMD      : G1 | effects={'dx': -1.5829999999999984, 'dy': 1.3669999999999902, 'dz': 0.0, 'de': 0.03934000000000015, 'xy_dist': 2.091549186607852, 'params': {'G': 1.0, 'X': 169.523, 'Y': 126.606, 'E': 2.56324}}
DECISION : ALLOW
------------------------------------------------------------
[SEQ 106] [IEEE-BASELINE]
SCORE    : anomaly_score=0.000
DECISION : ALLOW
------------------------------------------------------------
[SEQ 107] [LAYER 0]
CMD      : G1 X0.1 Y0.1 E20 F600
TRUST    : acc_cmd=1.000 | acc_exec=0.000 | trust=0.099
DECISION : PAUSE
MACHINE  : Machine-4
------------------------------------------------------------
[SEQ 107] [STATIC-BASELINE]
CMD      : G1 | effects={'dx': -169.423, 'dy': -126.506, 'dz': 0.0, 'de': 17.43676, 'xy_dist': 211.44247672830545, 'params': {'G': 1.0, 'X': 0.1, 'Y': 0.1, 'E': 20.0, 'F': 600.0}}
DECISION : ALLOW
------------------------------------------------------------
[SEQ 107] [IEEE-BASELINE]
SCORE    : anomaly_score=0.000
DECISION : ALLOW
------------------------------------------------------------
[SEQ 108] [LAYER 0]
CMD      : G1 X0.1 Y0.1 E20 F600
TRUST    : acc_cmd=1.000 | acc_exec=0.000 | trust=0.043
DECISION : PAUSE
MACHINE  : Machine-4
------------------------------------------------------------
[SEQ 108] [STATIC-BASELINE]
CMD      : G1 | effects={'dx': 0.0, 'dy': 0.0, 'dz': 0.0, 'de': 0.0, 'xy_dist': 0.0, 'params': {'G': 1.0, 'X': 0.1, 'Y': 0.1, 'E': 20.0, 'F': 600.0}}
DECISION : ALLOW
------------------------------------------------------------
[SEQ 108] [IEEE-BASELINE]
SCORE    : anomaly_score=0.000
DECISION : ALLOW
------------------------------------------------------------
[SEQ 109] [LAYER 0]
CMD      : G1 X0.1 Y0.1 E20 F600
TRUST    : acc_cmd=1.000 | acc_exec=0.000 | trust=0.018
DECISION : PAUSE
MACHINE  : Machine-4
------------------------------------------------------------
[SEQ 109] [STATIC-BASELINE]
CMD      : G1 | effects={'dx': 0.0, 'dy': 0.0, 'dz': 0.0, 'de': 0.0, 'xy_dist': 0.0, 'params': {'G': 1.0, 'X': 0.1, 'Y': 0.1, 'E': 20.0, 'F': 600.0}}
DECISION : ALLOW
------------------------------------------------------------
[SEQ 109] [IEEE-BASELINE]
SCORE    : anomaly_score=0.000
DECISION : ALLOW
------------------------------------------------------------
[SEQ 110] [LAYER 0]
CMD      : G1 X0.1 Y0.1 E20 F600
TRUST    : acc_cmd=1.000 | acc_exec=1.000 | trust=0.008
DECISION : PAUSE
MACHINE  : Machine-4
------------------------------------------------------------
[SEQ 110] [STATIC-BASELINE]
CMD      : G1 | effects={'dx': 0.0, 'dy': 0.0, 'dz': 0.0, 'de': 0.0, 'xy_dist': 0.0, 'params': {'G': 1.0, 'X': 0.1, 'Y': 0.1, 'E': 20.0, 'F': 600.0}}
DECISION : ALLOW
------------------------------------------------------------
[SEQ 110] [IEEE-BASELINE]
SCORE    : anomaly_score=0.000
DECISION : ALLOW
------------------------------------------------------------
[SEQ 111] [LAYER 0]
CMD      : G1 X0.1 Y0.1 E20 F600
TRUST    : acc_cmd=1.000 | acc_exec=1.000 | trust=0.004
DECISION : PAUSE
MACHINE  : Machine-4
------------------------------------------------------------
[SEQ 111] [STATIC-BASELINE]
CMD      : G1 | effects={'dx': 0.0, 'dy': 0.0, 'dz': 0.0, 'de': 0.0, 'xy_dist': 0.0, 'params': {'G': 1.0, 'X': 0.1, 'Y': 0.1, 'E': 20.0, 'F': 600.0}}
DECISION : ALLOW
------------------------------------------------------------
[SEQ 111] [IEEE-BASELINE]
SCORE    : anomaly_score=0.000
DECISION : ALLOW
------------------------------------------------------------
[SEQ 112] [LAYER 0]
CMD      : G1 X0.1 Y0.1 E20 F600
TRUST    : acc_cmd=1.000 | acc_exec=1.000 | trust=0.002
DECISION : PAUSE
MACHINE  : Machine-4
------------------------------------------------------------
[SEQ 112] [STATIC-BASELINE]
CMD      : G1 | effects={'dx': 0.0, 'dy': 0.0, 'dz': 0.0, 'de': 0.0, 'xy_dist': 0.0, 'params': {'G': 1.0, 'X': 0.1, 'Y': 0.1, 'E': 20.0, 'F': 600.0}}
DECISION : ALLOW
------------------------------------------------------------
[SEQ 112] [IEEE-BASELINE]
SCORE    : anomaly_score=0.000
DECISION : ALLOW
------------------------------------------------------------
[SEQ 113] [LAYER 0]
CMD      : G1 X0.1 Y0.1 E20 F600
TRUST    : acc_cmd=1.000 | acc_exec=1.000 | trust=0.001
DECISION : PAUSE
MACHINE  : Machine-4
------------------------------------------------------------
[SEQ 113] [STATIC-BASELINE]
CMD      : G1 | effects={'dx': 0.0, 'dy': 0.0, 'dz': 0.0, 'de': 0.0, 'xy_dist': 0.0, 'params': {'G': 1.0, 'X': 0.1, 'Y': 0.1, 'E': 20.0, 'F': 600.0}}
DECISION : ALLOW
------------------------------------------------------------
[SEQ 113] [IEEE-BASELINE]
SCORE    : anomaly_score=0.000
DECISION : ALLOW
------------------------------------------------------------
[SEQ 114] [LAYER 0]
CMD      : G1 X0.1 Y0.1 E20 F600
TRUST    : acc_cmd=1.000 | acc_exec=1.000 | trust=0.001
DECISION : PAUSE
MACHINE  : Machine-4
------------------------------------------------------------
[SEQ 114] [STATIC-BASELINE]
CMD      : G1 | effects={'dx': 0.0, 'dy': 0.0, 'dz': 0.0, 'de': 0.0, 'xy_dist': 0.0, 'params': {'G': 1.0, 'X': 0.1, 'Y': 0.1, 'E': 20.0, 'F': 600.0}}
DECISION : ALLOW
------------------------------------------------------------
[SEQ 114] [IEEE-BASELINE]
SCORE    : anomaly_score=0.000
DECISION : ALLOW
------------------------------------------------------------
[SEQ 115] [LAYER 0]
CMD      : G1 X0.1 Y0.1 E20 F600
TRUST    : acc_cmd=1.000 | acc_exec=1.000 | trust=0.001
DECISION : PAUSE
MACHINE  : Machine-4
------------------------------------------------------------
[SEQ 115] [STATIC-BASELINE]
CMD      : G1 | effects={'dx': 0.0, 'dy': 0.0, 'dz': 0.0, 'de': 0.0, 'xy_dist': 0.0, 'params': {'G': 1.0, 'X': 0.1, 'Y': 0.1, 'E': 20.0, 'F': 600.0}}
DECISION : ALLOW
------------------------------------------------------------
[SEQ 115] [IEEE-BASELINE]
SCORE    : anomaly_score=0.000
DECISION : ALLOW
------------------------------------------------------------
[SEQ 116] [LAYER 0]
CMD      : G1 X0.1 Y0.1 E20 F600
TRUST    : acc_cmd=1.000 | acc_exec=1.000 | trust=0.001
DECISION : PAUSE
MACHINE  : Machine-4
------------------------------------------------------------
[SEQ 116] [STATIC-BASELINE]
CMD      : G1 | effects={'dx': 0.0, 'dy': 0.0, 'dz': 0.0, 'de': 0.0, 'xy_dist': 0.0, 'params': {'G': 1.0, 'X': 0.1, 'Y': 0.1, 'E': 20.0, 'F': 600.0}}
DECISION : ALLOW
------------------------------------------------------------
[SEQ 116] [IEEE-BASELINE]
SCORE    : anomaly_score=0.000
DECISION : ALLOW
------------------------------------------------------------
[SEQ 117] [LAYER 0]
CMD      : G1 X0.1 Y0.1 E20 F600
TRUST    : acc_cmd=1.000 | acc_exec=1.000 | trust=0.001
DECISION : PAUSE
MACHINE  : Machine-4
------------------------------------------------------------
[SEQ 117] [STATIC-BASELINE]
CMD      : G1 | effects={'dx': 0.0, 'dy': 0.0, 'dz': 0.0, 'de': 0.0, 'xy_dist': 0.0, 'params': {'G': 1.0, 'X': 0.1, 'Y': 0.1, 'E': 20.0, 'F': 600.0}}
DECISION : ALLOW
------------------------------------------------------------
[SEQ 117] [IEEE-BASELINE]
SCORE    : anomaly_score=0.000
DECISION : ALLOW
------------------------------------------------------------
[SEQ 118] [LAYER 0]
CMD      : G1 X0.1 Y0.1 E20 F600
TRUST    : acc_cmd=1.000 | acc_exec=1.000 | trust=0.001
DECISION : PAUSE
MACHINE  : Machine-4
------------------------------------------------------------
[SEQ 118] [STATIC-BASELINE]
CMD      : G1 | effects={'dx': 0.0, 'dy': 0.0, 'dz': 0.0, 'de': 0.0, 'xy_dist': 0.0, 'params': {'G': 1.0, 'X': 0.1, 'Y': 0.1, 'E': 20.0, 'F': 600.0}}
DECISION : ALLOW
------------------------------------------------------------
[SEQ 118] [IEEE-BASELINE]
SCORE    : anomaly_score=0.000
DECISION : ALLOW
------------------------------------------------------------
[SEQ 119] [LAYER 0]
CMD      : G1 X0.1 Y0.1 E20 F600
TRUST    : acc_cmd=1.000 | acc_exec=1.000 | trust=0.001
DECISION : PAUSE
MACHINE  : Machine-4
------------------------------------------------------------
[SEQ 119] [STATIC-BASELINE]
CMD      : G1 | effects={'dx': 0.0, 'dy': 0.0, 'dz': 0.0, 'de': 0.0, 'xy_dist': 0.0, 'params': {'G': 1.0, 'X': 0.1, 'Y': 0.1, 'E': 20.0, 'F': 600.0}}
DECISION : ALLOW
------------------------------------------------------------
[SEQ 119] [IEEE-BASELINE]
SCORE    : anomaly_score=0.000
DECISION : ALLOW
------------------------------------------------------------
[SEQ 120] [LAYER 0]
CMD      : G1 X0.1 Y0.1 E20 F600
TRUST    : acc_cmd=1.000 | acc_exec=1.000 | trust=0.001
DECISION : PAUSE
MACHINE  : Machine-4
------------------------------------------------------------
[SEQ 120] [STATIC-BASELINE]
CMD      : G1 | effects={'dx': 0.0, 'dy': 0.0, 'dz': 0.0, 'de': 0.0, 'xy_dist': 0.0, 'params': {'G': 1.0, 'X': 0.1, 'Y': 0.1, 'E': 20.0, 'F': 600.0}}
DECISION : ALLOW
------------------------------------------------------------
[SEQ 120] [IEEE-BASELINE]
SCORE    : anomaly_score=0.000
DECISION : ALLOW
------------------------------------------------------------
[SEQ 121] [LAYER 0]
CMD      : G1 X162.591 Y112.816 E3.07404
TRUST    : acc_cmd=0.000 | acc_exec=1.000 | trust=0.001
DECISION : PAUSE
MACHINE  : Machine-4
------------------------------------------------------------
[SEQ 121] [STATIC-BASELINE]
CMD      : G1 | effects={'dx': 162.491, 'dy': 112.71600000000001, 'dz': 0.0, 'de': -16.92596, 'xy_dist': 197.75798779568933, 'params': {'G': 1.0, 'X': 162.591, 'Y': 112.816, 'E': 3.07404}}
DECISION : ALLOW
------------------------------------------------------------
[SEQ 121] [IEEE-BASELINE]
SCORE    : anomaly_score=0.000
DECISION : ALLOW
------------------------------------------------------------
[SEQ 122] [LAYER 0]
CMD      : G1 X163.801 Y112.458 E3.09777
TRUST    : acc_cmd=0.000 | acc_exec=0.000 | trust=0.007
DECISION : PAUSE
MACHINE  : Machine-4
------------------------------------------------------------
[SEQ 122] [STATIC-BASELINE]
CMD      : G1 | effects={'dx': 1.2099999999999795, 'dy': -0.3580000000000041, 'dz': 0.0, 'de': 0.02373000000000003, 'xy_dist': 1.2618494363433197, 'params': {'G': 1.0, 'X': 163.801, 'Y': 112.458, 'E': 3.09777}}
DECISION : ALLOW
------------------------------------------------------------
[SEQ 122] [IEEE-BASELINE]
SCORE    : anomaly_score=0.000
DECISION : ALLOW
------------------------------------------------------------
[SEQ 123] [LAYER 0]
CMD      : G1 X0.1 Y0.1 E20 F600
TRUST    : acc_cmd=1.000 | acc_exec=0.000 | trust=0.009
DECISION : PAUSE
MACHINE  : Machine-4
------------------------------------------------------------
[SEQ 123] [STATIC-BASELINE]
CMD      : G1 | effects={'dx': -163.701, 'dy': -112.358, 'dz': 0.0, 'de': 16.90223, 'xy_dist': 198.55059195328528, 'params': {'G': 1.0, 'X': 0.1, 'Y': 0.1, 'E': 20.0, 'F': 600.0}}
DECISION : ALLOW
------------------------------------------------------------
[SEQ 123] [IEEE-BASELINE]
SCORE    : anomaly_score=0.000
DECISION : ALLOW
------------------------------------------------------------
[SEQ 124] [LAYER 0]
CMD      : G1 X0.1 Y0.1 E20 F600
TRUST    : acc_cmd=1.000 | acc_exec=0.000 | trust=0.005
DECISION : PAUSE
MACHINE  : Machine-4
------------------------------------------------------------
[SEQ 124] [STATIC-BASELINE]
CMD      : G1 | effects={'dx': 0.0, 'dy': 0.0, 'dz': 0.0, 'de': 0.0, 'xy_dist': 0.0, 'params': {'G': 1.0, 'X': 0.1, 'Y': 0.1, 'E': 20.0, 'F': 600.0}}
DECISION : ALLOW
------------------------------------------------------------
[SEQ 124] [IEEE-BASELINE]
SCORE    : anomaly_score=0.000
DECISION : ALLOW
------------------------------------------------------------
[SEQ 125] [LAYER 0]
CMD      : G1 X0.1 Y0.1 E20 F600
TRUST    : acc_cmd=1.000 | acc_exec=0.000 | trust=0.003
DECISION : PAUSE
MACHINE  : Machine-4
------------------------------------------------------------
[SEQ 125] [STATIC-BASELINE]
CMD      : G1 | effects={'dx': 0.0, 'dy': 0.0, 'dz': 0.0, 'de': 0.0, 'xy_dist': 0.0, 'params': {'G': 1.0, 'X': 0.1, 'Y': 0.1, 'E': 20.0, 'F': 600.0}}
DECISION : ALLOW
------------------------------------------------------------
[SEQ 125] [IEEE-BASELINE]
SCORE    : anomaly_score=0.000
DECISION : ALLOW
------------------------------------------------------------
[SEQ 126] [LAYER 0]
CMD      : G1 X171.422 Y115.875 E3.26373
TRUST    : acc_cmd=0.000 | acc_exec=1.000 | trust=0.014
DECISION : PAUSE
MACHINE  : Machine-4
------------------------------------------------------------
[SEQ 126] [STATIC-BASELINE]
CMD      : G1 | effects={'dx': 171.322, 'dy': 115.775, 'dz': 0.0, 'de': -16.73627, 'xy_dist': 206.77301155856875, 'params': {'G': 1.0, 'X': 171.422, 'Y': 115.875, 'E': 3.26373}}
DECISION : ALLOW
------------------------------------------------------------
[SEQ 126] [IEEE-BASELINE]
SCORE    : anomaly_score=0.000
DECISION : ALLOW
------------------------------------------------------------
[SEQ 127] [LAYER 0]
CMD      : G1 X171.748 Y116.397 E3.2753
TRUST    : acc_cmd=0.000 | acc_exec=0.000 | trust=0.064
DECISION : PAUSE
MACHINE  : Machine-4
------------------------------------------------------------
[SEQ 127] [STATIC-BASELINE]
CMD      : G1 | effects={'dx': 0.3259999999999934, 'dy': 0.5220000000000056, 'dz': 0.0, 'de': 0.011570000000000302, 'xy_dist': 0.6154348056455708, 'params': {'G': 1.0, 'X': 171.748, 'Y': 116.397, 'E': 3.2753}}
DECISION : ALLOW
------------------------------------------------------------
[SEQ 127] [IEEE-BASELINE]
SCORE    : anomaly_score=0.000
DECISION : ALLOW
------------------------------------------------------------
[SEQ 128] [LAYER 0]
CMD      : G1 X0.1 Y0.1 E20 F600
TRUST    : acc_cmd=1.000 | acc_exec=0.000 | trust=0.033
DECISION : PAUSE
MACHINE  : Machine-4
------------------------------------------------------------
[SEQ 128] [STATIC-BASELINE]
CMD      : G1 | effects={'dx': -171.648, 'dy': -116.29700000000001, 'dz': 0.0, 'de': 16.7247, 'xy_dist': 207.33554474088615, 'params': {'G': 1.0, 'X': 0.1, 'Y': 0.1, 'E': 20.0, 'F': 600.0}}
DECISION : ALLOW
------------------------------------------------------------
[SEQ 128] [IEEE-BASELINE]
SCORE    : anomaly_score=0.000
DECISION : ALLOW
------------------------------------------------------------
[SEQ 129] [LAYER 0]
CMD      : G1 X0.1 Y0.1 E20 F600
TRUST    : acc_cmd=1.000 | acc_exec=0.000 | trust=0.015
DECISION : PAUSE
MACHINE  : Machine-4
------------------------------------------------------------
[SEQ 129] [STATIC-BASELINE]
CMD      : G1 | effects={'dx': 0.0, 'dy': 0.0, 'dz': 0.0, 'de': 0.0, 'xy_dist': 0.0, 'params': {'G': 1.0, 'X': 0.1, 'Y': 0.1, 'E': 20.0, 'F': 600.0}}
DECISION : ALLOW
------------------------------------------------------------
[SEQ 129] [IEEE-BASELINE]
SCORE    : anomaly_score=0.000
DECISION : ALLOW
------------------------------------------------------------
[SEQ 130] [LAYER 0]
CMD      : G1 X0.1 Y0.1 E20 F600
TRUST    : acc_cmd=1.000 | acc_exec=0.000 | trust=0.007
DECISION : PAUSE
MACHINE  : Machine-4
------------------------------------------------------------
[SEQ 130] [STATIC-BASELINE]
CMD      : G1 | effects={'dx': 0.0, 'dy': 0.0, 'dz': 0.0, 'de': 0.0, 'xy_dist': 0.0, 'params': {'G': 1.0, 'X': 0.1, 'Y': 0.1, 'E': 20.0, 'F': 600.0}}
DECISION : ALLOW
------------------------------------------------------------
[SEQ 130] [IEEE-BASELINE]
SCORE    : anomaly_score=0.000
DECISION : ALLOW
------------------------------------------------------------
[SEQ 131] [LAYER 0]
CMD      : G1 X0.1 Y0.1 E20 F600
TRUST    : acc_cmd=1.000 | acc_exec=1.000 | trust=0.004
DECISION : PAUSE
MACHINE  : Machine-4
------------------------------------------------------------
[SEQ 131] [STATIC-BASELINE]
CMD      : G1 | effects={'dx': 0.0, 'dy': 0.0, 'dz': 0.0, 'de': 0.0, 'xy_dist': 0.0, 'params': {'G': 1.0, 'X': 0.1, 'Y': 0.1, 'E': 20.0, 'F': 600.0}}
DECISION : ALLOW
------------------------------------------------------------
[SEQ 131] [IEEE-BASELINE]
SCORE    : anomaly_score=0.000
DECISION : ALLOW
------------------------------------------------------------
[SEQ 132] [LAYER 0]
CMD      : G1 X0.1 Y0.1 E20 F600
TRUST    : acc_cmd=1.000 | acc_exec=1.000 | trust=0.002
DECISION : PAUSE
MACHINE  : Machine-4
------------------------------------------------------------
[SEQ 132] [STATIC-BASELINE]
CMD      : G1 | effects={'dx': 0.0, 'dy': 0.0, 'dz': 0.0, 'de': 0.0, 'xy_dist': 0.0, 'params': {'G': 1.0, 'X': 0.1, 'Y': 0.1, 'E': 20.0, 'F': 600.0}}
DECISION : ALLOW
------------------------------------------------------------
[SEQ 132] [IEEE-BASELINE]
SCORE    : anomaly_score=0.000
DECISION : ALLOW
------------------------------------------------------------
[SEQ 133] [LAYER 0]
CMD      : G1 X167.96 Y127.018 E3.51343
TRUST    : acc_cmd=0.000 | acc_exec=1.000 | trust=0.002
DECISION : PAUSE
MACHINE  : Machine-4
------------------------------------------------------------
[SEQ 133] [STATIC-BASELINE]
CMD      : G1 | effects={'dx': 167.86, 'dy': 126.918, 'dz': 0.0, 'de': -16.48657, 'xy_dist': 210.44039137960183, 'params': {'G': 1.0, 'X': 167.96, 'Y': 127.018, 'E': 3.51343}}
DECISION : ALLOW
------------------------------------------------------------
[SEQ 133] [IEEE-BASELINE]
SCORE    : anomaly_score=0.000
DECISION : ALLOW
------------------------------------------------------------
[SEQ 134] [LAYER 0]
CMD      : G1 X0.1 Y0.1 E20 F600
TRUST    : acc_cmd=1.000 | acc_exec=0.000 | trust=0.003
DECISION : PAUSE
MACHINE  : Machine-4
------------------------------------------------------------
[SEQ 134] [STATIC-BASELINE]
CMD      : G1 | effects={'dx': -167.86, 'dy': -126.918, 'dz': 0.0, 'de': 16.48657, 'xy_dist': 210.44039137960183, 'params': {'G': 1.0, 'X': 0.1, 'Y': 0.1, 'E': 20.0, 'F': 600.0}}
DECISION : ALLOW
------------------------------------------------------------
[SEQ 134] [IEEE-BASELINE]
SCORE    : anomaly_score=0.000
DECISION : ALLOW
------------------------------------------------------------
[SEQ 135] [LAYER 0]
CMD      : G1 X0.1 Y0.1 E20 F600
TRUST    : acc_cmd=1.000 | acc_exec=0.000 | trust=0.002
DECISION : PAUSE
MACHINE  : Machine-4
------------------------------------------------------------
[SEQ 135] [STATIC-BASELINE]
CMD      : G1 | effects={'dx': 0.0, 'dy': 0.0, 'dz': 0.0, 'de': 0.0, 'xy_dist': 0.0, 'params': {'G': 1.0, 'X': 0.1, 'Y': 0.1, 'E': 20.0, 'F': 600.0}}
DECISION : ALLOW
------------------------------------------------------------
[SEQ 135] [IEEE-BASELINE]
SCORE    : anomaly_score=0.000
DECISION : ALLOW
------------------------------------------------------------
[SEQ 136] [LAYER 0]
CMD      : G1 X0.1 Y0.1 E20 F600
TRUST    : acc_cmd=1.000 | acc_exec=0.000 | trust=0.002
DECISION : PAUSE
MACHINE  : Machine-4
------------------------------------------------------------
[SEQ 136] [STATIC-BASELINE]
CMD      : G1 | effects={'dx': 0.0, 'dy': 0.0, 'dz': 0.0, 'de': 0.0, 'xy_dist': 0.0, 'params': {'G': 1.0, 'X': 0.1, 'Y': 0.1, 'E': 20.0, 'F': 600.0}}
DECISION : ALLOW
------------------------------------------------------------
[SEQ 136] [IEEE-BASELINE]
SCORE    : anomaly_score=0.000
DECISION : ALLOW
------------------------------------------------------------
[SEQ 137] [LAYER 0]
CMD      : G1 X159.803 Y125.658 E3.67709
TRUST    : acc_cmd=0.000 | acc_exec=1.000 | trust=0.011
DECISION : PAUSE
MACHINE  : Machine-4
------------------------------------------------------------
[SEQ 137] [STATIC-BASELINE]
CMD      : G1 | effects={'dx': 159.703, 'dy': 125.558, 'dz': 0.0, 'de': -16.32291, 'xy_dist': 203.14984512177213, 'params': {'G': 1.0, 'X': 159.803, 'Y': 125.658, 'E': 3.67709}}
DECISION : ALLOW
------------------------------------------------------------
[SEQ 137] [IEEE-BASELINE]
SCORE    : anomaly_score=0.000
DECISION : ALLOW
------------------------------------------------------------
[SEQ 138] [LAYER 0]
CMD      : G1 X0.1 Y0.1 E20 F600
TRUST    : acc_cmd=1.000 | acc_exec=0.000 | trust=0.007
DECISION : PAUSE
MACHINE  : Machine-4
------------------------------------------------------------
[SEQ 138] [STATIC-BASELINE]
CMD      : G1 | effects={'dx': -159.703, 'dy': -125.558, 'dz': 0.0, 'de': 16.32291, 'xy_dist': 203.14984512177213, 'params': {'G': 1.0, 'X': 0.1, 'Y': 0.1, 'E': 20.0, 'F': 600.0}}
DECISION : ALLOW
------------------------------------------------------------
[SEQ 138] [IEEE-BASELINE]
SCORE    : anomaly_score=0.000
DECISION : ALLOW
------------------------------------------------------------
[SEQ 139] [LAYER 0]
CMD      : G1 X157.455 Y121.13 E3.77471
TRUST    : acc_cmd=0.000 | acc_exec=1.000 | trust=0.010
DECISION : PAUSE
MACHINE  : Machine-4
------------------------------------------------------------
[SEQ 139] [STATIC-BASELINE]
CMD      : G1 | effects={'dx': 157.35500000000002, 'dy': 121.03, 'dz': 0.0, 'de': -16.22529, 'xy_dist': 198.51664143088863, 'params': {'G': 1.0, 'X': 157.455, 'Y': 121.13, 'E': 3.77471}}
DECISION : ALLOW
------------------------------------------------------------
[SEQ 139] [IEEE-BASELINE]
SCORE    : anomaly_score=0.000
DECISION : ALLOW
------------------------------------------------------------
[SEQ 140] [LAYER 0]
CMD      : G1 X0.1 Y0.1 E20 F600
TRUST    : acc_cmd=1.000 | acc_exec=0.000 | trust=0.008
DECISION : PAUSE
MACHINE  : Machine-4
------------------------------------------------------------
[SEQ 140] [STATIC-BASELINE]
CMD      : G1 | effects={'dx': -157.35500000000002, 'dy': -121.03, 'dz': 0.0, 'de': 16.22529, 'xy_dist': 198.51664143088863, 'params': {'G': 1.0, 'X': 0.1, 'Y': 0.1, 'E': 20.0, 'F': 600.0}}
DECISION : ALLOW
------------------------------------------------------------
[SEQ 140] [IEEE-BASELINE]
SCORE    : anomaly_score=0.000
DECISION : ALLOW
------------------------------------------------------------
[SEQ 141] [LAYER 0]
CMD      : G1 X0.1 Y0.1 E20 F600
TRUST    : acc_cmd=1.000 | acc_exec=0.000 | trust=0.005
DECISION : PAUSE
MACHINE  : Machine-4
------------------------------------------------------------
[SEQ 141] [STATIC-BASELINE]
CMD      : G1 | effects={'dx': 0.0, 'dy': 0.0, 'dz': 0.0, 'de': 0.0, 'xy_dist': 0.0, 'params': {'G': 1.0, 'X': 0.1, 'Y': 0.1, 'E': 20.0, 'F': 600.0}}
DECISION : ALLOW
------------------------------------------------------------
[SEQ 141] [IEEE-BASELINE]
SCORE    : anomaly_score=0.000
DECISION : ALLOW
------------------------------------------------------------
[SEQ 142] [LAYER 0]
CMD      : G1 X158.255 Y116.566 E3.86333
TRUST    : acc_cmd=0.000 | acc_exec=1.000 | trust=0.014
DECISION : PAUSE
MACHINE  : Machine-4
------------------------------------------------------------
[SEQ 142] [STATIC-BASELINE]
CMD      : G1 | effects={'dx': 158.155, 'dy': 116.46600000000001, 'dz': 0.0, 'de': -16.13667, 'xy_dist': 196.4111330373103, 'params': {'G': 1.0, 'X': 158.255, 'Y': 116.566, 'E': 3.86333}}
DECISION : ALLOW
------------------------------------------------------------
[SEQ 142] [IEEE-BASELINE]
SCORE    : anomaly_score=0.000
DECISION : ALLOW
------------------------------------------------------------
[SEQ 143] [LAYER 0]
CMD      : G1 X0.1 Y0.1 E20 F600
TRUST    : acc_cmd=1.000 | acc_exec=0.000 | trust=0.009
DECISION : PAUSE
MACHINE  : Machine-4
------------------------------------------------------------
[SEQ 143] [STATIC-BASELINE]
CMD      : G1 | effects={'dx': -158.155, 'dy': -116.46600000000001, 'dz': 0.0, 'de': 16.13667, 'xy_dist': 196.4111330373103, 'params': {'G': 1.0, 'X': 0.1, 'Y': 0.1, 'E': 20.0, 'F': 600.0}}
DECISION : ALLOW
------------------------------------------------------------
[SEQ 143] [IEEE-BASELINE]
SCORE    : anomaly_score=0.000
DECISION : ALLOW
------------------------------------------------------------
[SEQ 144] [LAYER 0]
CMD      : G1 X0.1 Y0.1 E20 F600
TRUST    : acc_cmd=1.000 | acc_exec=0.000 | trust=0.005
DECISION : PAUSE
MACHINE  : Machine-4
------------------------------------------------------------
[SEQ 144] [STATIC-BASELINE]
CMD      : G1 | effects={'dx': 0.0, 'dy': 0.0, 'dz': 0.0, 'de': 0.0, 'xy_dist': 0.0, 'params': {'G': 1.0, 'X': 0.1, 'Y': 0.1, 'E': 20.0, 'F': 600.0}}
DECISION : ALLOW
------------------------------------------------------------
[SEQ 144] [IEEE-BASELINE]
SCORE    : anomaly_score=0.000
DECISION : ALLOW
------------------------------------------------------------
[SEQ 145] [LAYER 0]
CMD      : G1 F1800 X160.437 Y114.401 E3.92088
TRUST    : acc_cmd=0.000 | acc_exec=1.000 | trust=0.015
DECISION : PAUSE
MACHINE  : Machine-4
------------------------------------------------------------
[SEQ 145] [STATIC-BASELINE]
CMD      : G1 | effects={'dx': 160.33700000000002, 'dy': 114.301, 'dz': 0.0, 'de': -16.07912, 'xy_dist': 196.9077757987226, 'params': {'G': 1.0, 'F': 1800.0, 'X': 160.437, 'Y': 114.401, 'E': 3.92088}}
DECISION : ALLOW
------------------------------------------------------------
[SEQ 145] [IEEE-BASELINE]
SCORE    : anomaly_score=0.000
DECISION : ALLOW
------------------------------------------------------------
[SEQ 146] [LAYER 0]
CMD      : G1 X0.1 Y0.1 E20 F600
TRUST    : acc_cmd=1.000 | acc_exec=0.000 | trust=0.009
DECISION : PAUSE
MACHINE  : Machine-4
------------------------------------------------------------
[SEQ 146] [STATIC-BASELINE]
CMD      : G1 | effects={'dx': -160.33700000000002, 'dy': -114.301, 'dz': 0.0, 'de': 16.07912, 'xy_dist': 196.9077757987226, 'params': {'G': 1.0, 'X': 0.1, 'Y': 0.1, 'E': 20.0, 'F': 600.0}}
DECISION : ALLOW
------------------------------------------------------------
[SEQ 146] [IEEE-BASELINE]
SCORE    : anomaly_score=0.000
DECISION : ALLOW
------------------------------------------------------------
[SEQ 147] [LAYER 0]
CMD      : G1 X162.704 Y113.2 E3.96937
TRUST    : acc_cmd=0.000 | acc_exec=1.000 | trust=0.011
DECISION : PAUSE
MACHINE  : Machine-4
------------------------------------------------------------
[SEQ 147] [STATIC-BASELINE]
CMD      : G1 | effects={'dx': 162.604, 'dy': 113.10000000000001, 'dz': 0.0, 'de': -16.03063, 'xy_dist': 198.06986347246269, 'params': {'G': 1.0, 'X': 162.704, 'Y': 113.2, 'E': 3.96937}}
DECISION : ALLOW
------------------------------------------------------------
[SEQ 147] [IEEE-BASELINE]
SCORE    : anomaly_score=0.000
DECISION : ALLOW
------------------------------------------------------------
[SEQ 148] [LAYER 0]
CMD      : G1 X0.1 Y0.1 E20 F600
TRUST    : acc_cmd=1.000 | acc_exec=0.000 | trust=0.009
DECISION : PAUSE
MACHINE  : Machine-4
------------------------------------------------------------
[SEQ 148] [STATIC-BASELINE]
CMD      : G1 | effects={'dx': -162.604, 'dy': -113.10000000000001, 'dz': 0.0, 'de': 16.03063, 'xy_dist': 198.06986347246269, 'params': {'G': 1.0, 'X': 0.1, 'Y': 0.1, 'E': 20.0, 'F': 600.0}}
DECISION : ALLOW
------------------------------------------------------------
[SEQ 148] [IEEE-BASELINE]
SCORE    : anomaly_score=0.000
DECISION : ALLOW
------------------------------------------------------------
[SEQ 149] [LAYER 0]
CMD      : G1 X0.1 Y0.1 E20 F600
TRUST    : acc_cmd=1.000 | acc_exec=0.000 | trust=0.005
DECISION : PAUSE
MACHINE  : Machine-4
------------------------------------------------------------
[SEQ 149] [STATIC-BASELINE]
CMD      : G1 | effects={'dx': 0.0, 'dy': 0.0, 'dz': 0.0, 'de': 0.0, 'xy_dist': 0.0, 'params': {'G': 1.0, 'X': 0.1, 'Y': 0.1, 'E': 20.0, 'F': 600.0}}
DECISION : ALLOW
------------------------------------------------------------
[SEQ 149] [IEEE-BASELINE]
SCORE    : anomaly_score=0.000
DECISION : ALLOW
------------------------------------------------------------
[SEQ 150] [LAYER 0]
CMD      : G1 X167.589 Y113.251 E4.06315
TRUST    : acc_cmd=0.000 | acc_exec=1.000 | trust=0.014
DECISION : PAUSE
MACHINE  : Machine-4
------------------------------------------------------------
[SEQ 150] [STATIC-BASELINE]
CMD      : G1 | effects={'dx': 167.489, 'dy': 113.15100000000001, 'dz': 0.0, 'de': -15.93685, 'xy_dist': 202.12796422563605, 'params': {'G': 1.0, 'X': 167.589, 'Y': 113.251, 'E': 4.06315}}
DECISION : ALLOW
------------------------------------------------------------
[SEQ 150] [IEEE-BASELINE]
SCORE    : anomaly_score=0.000
DECISION : ALLOW
------------------------------------------------------------
[SEQ 151] [LAYER 0]
CMD      : G1 X0.1 Y0.1 E20 F600
TRUST    : acc_cmd=1.000 | acc_exec=0.000 | trust=0.009
DECISION : PAUSE
MACHINE  : Machine-4
------------------------------------------------------------
[SEQ 151] [STATIC-BASELINE]
CMD      : G1 | effects={'dx': -167.489, 'dy': -113.15100000000001, 'dz': 0.0, 'de': 15.93685, 'xy_dist': 202.12796422563605, 'params': {'G': 1.0, 'X': 0.1, 'Y': 0.1, 'E': 20.0, 'F': 600.0}}
DECISION : ALLOW
------------------------------------------------------------
[SEQ 151] [IEEE-BASELINE]
SCORE    : anomaly_score=0.000
DECISION : ALLOW
------------------------------------------------------------
[SEQ 152] [LAYER 0]
CMD      : G1 X0.1 Y0.1 E20 F600
TRUST    : acc_cmd=1.000 | acc_exec=0.000 | trust=0.005
DECISION : PAUSE
MACHINE  : Machine-4
------------------------------------------------------------
[SEQ 152] [STATIC-BASELINE]
CMD      : G1 | effects={'dx': 0.0, 'dy': 0.0, 'dz': 0.0, 'de': 0.0, 'xy_dist': 0.0, 'params': {'G': 1.0, 'X': 0.1, 'Y': 0.1, 'E': 20.0, 'F': 600.0}}
DECISION : ALLOW
------------------------------------------------------------
[SEQ 152] [IEEE-BASELINE]
SCORE    : anomaly_score=0.000
DECISION : ALLOW
------------------------------------------------------------
[SEQ 153] [LAYER 0]
CMD      : G1 X0.1 Y0.1 E20 F600
TRUST    : acc_cmd=1.000 | acc_exec=0.000 | trust=0.003
DECISION : PAUSE
MACHINE  : Machine-4
------------------------------------------------------------
[SEQ 153] [STATIC-BASELINE]
CMD      : G1 | effects={'dx': 0.0, 'dy': 0.0, 'dz': 0.0, 'de': 0.0, 'xy_dist': 0.0, 'params': {'G': 1.0, 'X': 0.1, 'Y': 0.1, 'E': 20.0, 'F': 600.0}}
DECISION : ALLOW
------------------------------------------------------------
[SEQ 153] [IEEE-BASELINE]
SCORE    : anomaly_score=0.000
DECISION : ALLOW
------------------------------------------------------------
[SEQ 154] [LAYER 0]
CMD      : G1 X0.1 Y0.1 E20 F600
TRUST    : acc_cmd=1.000 | acc_exec=1.000 | trust=0.002
DECISION : PAUSE
MACHINE  : Machine-4
------------------------------------------------------------
[SEQ 154] [STATIC-BASELINE]
CMD      : G1 | effects={'dx': 0.0, 'dy': 0.0, 'dz': 0.0, 'de': 0.0, 'xy_dist': 0.0, 'params': {'G': 1.0, 'X': 0.1, 'Y': 0.1, 'E': 20.0, 'F': 600.0}}
DECISION : ALLOW
------------------------------------------------------------
[SEQ 154] [IEEE-BASELINE]
SCORE    : anomaly_score=0.000
DECISION : ALLOW
------------------------------------------------------------
[SEQ 155] [LAYER 0]
CMD      : G1 X0.1 Y0.1 E20 F600
TRUST    : acc_cmd=1.000 | acc_exec=1.000 | trust=0.001
DECISION : PAUSE
MACHINE  : Machine-4
------------------------------------------------------------
[SEQ 155] [STATIC-BASELINE]
CMD      : G1 | effects={'dx': 0.0, 'dy': 0.0, 'dz': 0.0, 'de': 0.0, 'xy_dist': 0.0, 'params': {'G': 1.0, 'X': 0.1, 'Y': 0.1, 'E': 20.0, 'F': 600.0}}
DECISION : ALLOW
------------------------------------------------------------
[SEQ 155] [IEEE-BASELINE]
SCORE    : anomaly_score=0.000
DECISION : ALLOW
------------------------------------------------------------
[SEQ 156] [LAYER 0]
CMD      : G1 X0.1 Y0.1 E20 F600
TRUST    : acc_cmd=1.000 | acc_exec=1.000 | trust=0.001
DECISION : PAUSE
MACHINE  : Machine-4
------------------------------------------------------------
[SEQ 156] [STATIC-BASELINE]
CMD      : G1 | effects={'dx': 0.0, 'dy': 0.0, 'dz': 0.0, 'de': 0.0, 'xy_dist': 0.0, 'params': {'G': 1.0, 'X': 0.1, 'Y': 0.1, 'E': 20.0, 'F': 600.0}}
DECISION : ALLOW
------------------------------------------------------------
[SEQ 156] [IEEE-BASELINE]
SCORE    : anomaly_score=0.000
DECISION : ALLOW
------------------------------------------------------------
[SEQ 157] [LAYER 0]
CMD      : G1 X0.1 Y0.1 E20 F600
TRUST    : acc_cmd=1.000 | acc_exec=1.000 | trust=0.001
DECISION : PAUSE
MACHINE  : Machine-4
------------------------------------------------------------
[SEQ 157] [STATIC-BASELINE]
CMD      : G1 | effects={'dx': 0.0, 'dy': 0.0, 'dz': 0.0, 'de': 0.0, 'xy_dist': 0.0, 'params': {'G': 1.0, 'X': 0.1, 'Y': 0.1, 'E': 20.0, 'F': 600.0}}
DECISION : ALLOW
------------------------------------------------------------
[SEQ 157] [IEEE-BASELINE]
SCORE    : anomaly_score=0.000
DECISION : ALLOW
------------------------------------------------------------
[SEQ 158] [LAYER 0]
CMD      : G1 X169.062 Y125.947 E4.35874
TRUST    : acc_cmd=0.000 | acc_exec=1.000 | trust=0.001
DECISION : PAUSE
MACHINE  : Machine-4
------------------------------------------------------------
[SEQ 158] [STATIC-BASELINE]
CMD      : G1 | effects={'dx': 168.96200000000002, 'dy': 125.84700000000001, 'dz': 0.0, 'de': -15.641259999999999, 'xy_dist': 210.67896158135963, 'params': {'G': 1.0, 'X': 169.062, 'Y': 125.947, 'E': 4.35874}}
DECISION : ALLOW
------------------------------------------------------------
[SEQ 158] [IEEE-BASELINE]
SCORE    : anomaly_score=0.000
DECISION : ALLOW
------------------------------------------------------------
[SEQ 159] [LAYER 0]
CMD      : G1 X0.1 Y0.1 E20 F600
TRUST    : acc_cmd=1.000 | acc_exec=0.000 | trust=0.002
DECISION : PAUSE
MACHINE  : Machine-4
------------------------------------------------------------
[SEQ 159] [STATIC-BASELINE]
CMD      : G1 | effects={'dx': -168.96200000000002, 'dy': -125.84700000000001, 'dz': 0.0, 'de': 15.641259999999999, 'xy_dist': 210.67896158135963, 'params': {'G': 1.0, 'X': 0.1, 'Y': 0.1, 'E': 20.0, 'F': 600.0}}
DECISION : ALLOW
------------------------------------------------------------
[SEQ 159] [IEEE-BASELINE]
SCORE    : anomaly_score=0.000
DECISION : ALLOW
------------------------------------------------------------
[SEQ 160] [LAYER 0]
CMD      : G1 X166.085 Y127.146 E4.41949
TRUST    : acc_cmd=0.000 | acc_exec=1.000 | trust=0.003
DECISION : PAUSE
MACHINE  : Machine-4
------------------------------------------------------------
[SEQ 160] [STATIC-BASELINE]
CMD      : G1 | effects={'dx': 165.985, 'dy': 127.046, 'dz': 0.0, 'de': -15.58051, 'xy_dist': 209.02561168670218, 'params': {'G': 1.0, 'X': 166.085, 'Y': 127.146, 'E': 4.41949}}
DECISION : ALLOW
------------------------------------------------------------
[SEQ 160] [IEEE-BASELINE]
SCORE    : anomaly_score=0.000
DECISION : ALLOW
------------------------------------------------------------
[SEQ 161] [LAYER 0]
CMD      : G1 X0.1 Y0.1 E20 F600
TRUST    : acc_cmd=1.000 | acc_exec=0.000 | trust=0.005
DECISION : PAUSE
MACHINE  : Machine-4
------------------------------------------------------------
[SEQ 161] [STATIC-BASELINE]
CMD      : G1 | effects={'dx': -165.985, 'dy': -127.046, 'dz': 0.0, 'de': 15.58051, 'xy_dist': 209.02561168670218, 'params': {'G': 1.0, 'X': 0.1, 'Y': 0.1, 'E': 20.0, 'F': 600.0}}
DECISION : ALLOW
------------------------------------------------------------
[SEQ 161] [IEEE-BASELINE]
SCORE    : anomaly_score=0.000
DECISION : ALLOW
------------------------------------------------------------
[SEQ 162] [LAYER 0]
CMD      : G1 X0.1 Y0.1 E20 F600
TRUST    : acc_cmd=1.000 | acc_exec=0.000 | trust=0.004
DECISION : PAUSE
MACHINE  : Machine-4
------------------------------------------------------------
[SEQ 162] [STATIC-BASELINE]
CMD      : G1 | effects={'dx': 0.0, 'dy': 0.0, 'dz': 0.0, 'de': 0.0, 'xy_dist': 0.0, 'params': {'G': 1.0, 'X': 0.1, 'Y': 0.1, 'E': 20.0, 'F': 600.0}}
DECISION : ALLOW
------------------------------------------------------------
[SEQ 162] [IEEE-BASELINE]
SCORE    : anomaly_score=0.000
DECISION : ALLOW
------------------------------------------------------------
[SEQ 163] [LAYER 0]
CMD      : G1 X0.1 Y0.1 E20 F600
TRUST    : acc_cmd=1.000 | acc_exec=0.000 | trust=0.002
DECISION : PAUSE
MACHINE  : Machine-4
------------------------------------------------------------
[SEQ 163] [STATIC-BASELINE]
CMD      : G1 | effects={'dx': 0.0, 'dy': 0.0, 'dz': 0.0, 'de': 0.0, 'xy_dist': 0.0, 'params': {'G': 1.0, 'X': 0.1, 'Y': 0.1, 'E': 20.0, 'F': 600.0}}
DECISION : ALLOW
------------------------------------------------------------
[SEQ 163] [IEEE-BASELINE]
SCORE    : anomaly_score=0.000
DECISION : ALLOW
------------------------------------------------------------
[SEQ 164] [LAYER 0]
CMD      : G1 X158.459 Y123.217 E4.59134
TRUST    : acc_cmd=0.000 | acc_exec=1.000 | trust=0.012
DECISION : PAUSE
MACHINE  : Machine-4
------------------------------------------------------------
[SEQ 164] [STATIC-BASELINE]
CMD      : G1 | effects={'dx': 158.359, 'dy': 123.117, 'dz': 0.0, 'de': -15.408660000000001, 'xy_dist': 200.5875583629254, 'params': {'G': 1.0, 'X': 158.459, 'Y': 123.217, 'E': 4.59134}}
DECISION : ALLOW
------------------------------------------------------------
[SEQ 164] [IEEE-BASELINE]
SCORE    : anomaly_score=0.000
DECISION : ALLOW
------------------------------------------------------------
[SEQ 165] [LAYER 0]
CMD      : G1 X157.854 Y121.071 E4.63328
TRUST    : acc_cmd=0.000 | acc_exec=0.000 | trust=0.060
DECISION : PAUSE
MACHINE  : Machine-4
------------------------------------------------------------
[SEQ 165] [STATIC-BASELINE]
CMD      : G1 | effects={'dx': -0.6049999999999898, 'dy': -2.146000000000001, 'dz': 0.0, 'de': 0.04194000000000031, 'xy_dist': 2.229650421030165, 'params': {'G': 1.0, 'X': 157.854, 'Y': 121.071, 'E': 4.63328}}
DECISION : ALLOW
------------------------------------------------------------
[SEQ 165] [IEEE-BASELINE]
SCORE    : anomaly_score=0.000
DECISION : ALLOW
------------------------------------------------------------
[SEQ 166] [LAYER 0]
CMD      : G1 X0.1 Y0.1 E20 F600
TRUST    : acc_cmd=1.000 | acc_exec=0.000 | trust=0.031
DECISION : PAUSE
MACHINE  : Machine-4
------------------------------------------------------------
[SEQ 166] [STATIC-BASELINE]
CMD      : G1 | effects={'dx': -157.75400000000002, 'dy': -120.971, 'dz': 0.0, 'de': 15.36672, 'xy_dist': 198.79715127989135, 'params': {'G': 1.0, 'X': 0.1, 'Y': 0.1, 'E': 20.0, 'F': 600.0}}
DECISION : ALLOW
------------------------------------------------------------
[SEQ 166] [IEEE-BASELINE]
SCORE    : anomaly_score=0.000
DECISION : ALLOW
------------------------------------------------------------
[SEQ 167] [LAYER 0]
CMD      : G1 X0.1 Y0.1 E20 F600
TRUST    : acc_cmd=1.000 | acc_exec=0.000 | trust=0.015
DECISION : PAUSE
MACHINE  : Machine-4
------------------------------------------------------------
[SEQ 167] [STATIC-BASELINE]
CMD      : G1 | effects={'dx': 0.0, 'dy': 0.0, 'dz': 0.0, 'de': 0.0, 'xy_dist': 0.0, 'params': {'G': 1.0, 'X': 0.1, 'Y': 0.1, 'E': 20.0, 'F': 600.0}}
DECISION : ALLOW
------------------------------------------------------------
[SEQ 167] [IEEE-BASELINE]
SCORE    : anomaly_score=0.000
DECISION : ALLOW
------------------------------------------------------------
[SEQ 168] [LAYER 0]
CMD      : G1 X158.603 Y116.763 E4.71692
TRUST    : acc_cmd=0.000 | acc_exec=1.000 | trust=0.024
DECISION : PAUSE
MACHINE  : Machine-4
------------------------------------------------------------
[SEQ 168] [STATIC-BASELINE]
CMD      : G1 | effects={'dx': 158.50300000000001, 'dy': 116.66300000000001, 'dz': 0.0, 'de': -15.28308, 'xy_dist': 196.80817203053334, 'params': {'G': 1.0, 'X': 158.603, 'Y': 116.763, 'E': 4.71692}}
DECISION : ALLOW
------------------------------------------------------------
[SEQ 168] [IEEE-BASELINE]
SCORE    : anomaly_score=0.000
DECISION : ALLOW
------------------------------------------------------------
[SEQ 169] [LAYER 0]
CMD      : G1 X159.174 Y115.757 E4.73868
TRUST    : acc_cmd=0.000 | acc_exec=0.000 | trust=0.084
DECISION : PAUSE
MACHINE  : Machine-4
------------------------------------------------------------
[SEQ 169] [STATIC-BASELINE]
CMD      : G1 | effects={'dx': 0.570999999999998, 'dy': -1.0060000000000002, 'dz': 0.0, 'de': 0.021759999999999557, 'xy_dist': 1.1567527825771582, 'params': {'G': 1.0, 'X': 159.174, 'Y': 115.757, 'E': 4.73868}}
DECISION : ALLOW
------------------------------------------------------------
[SEQ 169] [IEEE-BASELINE]
SCORE    : anomaly_score=0.000
DECISION : ALLOW
------------------------------------------------------------
[SEQ 170] [LAYER 0]
CMD      : G1 X0.1 Y0.1 E20 F600
TRUST    : acc_cmd=1.000 | acc_exec=0.000 | trust=0.042
DECISION : PAUSE
MACHINE  : Machine-4
------------------------------------------------------------
[SEQ 170] [STATIC-BASELINE]
CMD      : G1 | effects={'dx': -159.074, 'dy': -115.65700000000001, 'dz': 0.0, 'de': 15.261320000000001, 'xy_dist': 196.67505974322216, 'params': {'G': 1.0, 'X': 0.1, 'Y': 0.1, 'E': 20.0, 'F': 600.0}}
DECISION : ALLOW
------------------------------------------------------------
[SEQ 170] [IEEE-BASELINE]
SCORE    : anomaly_score=0.000
DECISION : ALLOW
------------------------------------------------------------
[SEQ 171] [LAYER 0]
CMD      : G1 F1800 X160.73 Y114.674 E4.77266
TRUST    : acc_cmd=0.000 | acc_exec=1.000 | trust=0.031
DECISION : PAUSE
MACHINE  : Machine-4
------------------------------------------------------------
[SEQ 171] [STATIC-BASELINE]
CMD      : G1 | effects={'dx': 160.63, 'dy': 114.57400000000001, 'dz': 0.0, 'de': -15.22734, 'xy_dist': 197.30483616982124, 'params': {'G': 1.0, 'F': 1800.0, 'X': 160.73, 'Y': 114.674, 'E': 4.77266}}
DECISION : ALLOW
------------------------------------------------------------
[SEQ 171] [IEEE-BASELINE]
SCORE    : anomaly_score=0.000
DECISION : ALLOW
------------------------------------------------------------
[SEQ 172] [LAYER 0]
CMD      : G1 X0.1 Y0.1 E20 F600
TRUST    : acc_cmd=1.000 | acc_exec=0.000 | trust=0.019
DECISION : PAUSE
MACHINE  : Machine-4
------------------------------------------------------------
[SEQ 172] [STATIC-BASELINE]
CMD      : G1 | effects={'dx': -160.63, 'dy': -114.57400000000001, 'dz': 0.0, 'de': 15.22734, 'xy_dist': 197.30483616982124, 'params': {'G': 1.0, 'X': 0.1, 'Y': 0.1, 'E': 20.0, 'F': 600.0}}
DECISION : ALLOW
------------------------------------------------------------
[SEQ 172] [IEEE-BASELINE]
SCORE    : anomaly_score=0.000
DECISION : ALLOW
------------------------------------------------------------
[SEQ 173] [LAYER 0]
CMD      : G1 X0.1 Y0.1 E20 F600
TRUST    : acc_cmd=1.000 | acc_exec=0.000 | trust=0.010
DECISION : PAUSE
MACHINE  : Machine-4
------------------------------------------------------------
[SEQ 173] [STATIC-BASELINE]
CMD      : G1 | effects={'dx': 0.0, 'dy': 0.0, 'dz': 0.0, 'de': 0.0, 'xy_dist': 0.0, 'params': {'G': 1.0, 'X': 0.1, 'Y': 0.1, 'E': 20.0, 'F': 600.0}}
DECISION : ALLOW
------------------------------------------------------------
[SEQ 173] [IEEE-BASELINE]
SCORE    : anomaly_score=0.000
DECISION : ALLOW
------------------------------------------------------------
[SEQ 174] [LAYER 0]
CMD      : G1 X0.1 Y0.1 E20 F600
TRUST    : acc_cmd=1.000 | acc_exec=0.000 | trust=0.005
DECISION : PAUSE
MACHINE  : Machine-4
------------------------------------------------------------
[SEQ 174] [STATIC-BASELINE]
CMD      : G1 | effects={'dx': 0.0, 'dy': 0.0, 'dz': 0.0, 'de': 0.0, 'xy_dist': 0.0, 'params': {'G': 1.0, 'X': 0.1, 'Y': 0.1, 'E': 20.0, 'F': 600.0}}
DECISION : ALLOW
------------------------------------------------------------
[SEQ 174] [IEEE-BASELINE]
SCORE    : anomaly_score=0.000
DECISION : ALLOW
------------------------------------------------------------
[SEQ 175] [LAYER 0]
CMD      : G1 X0.1 Y0.1 E20 F600
TRUST    : acc_cmd=1.000 | acc_exec=1.000 | trust=0.003
DECISION : PAUSE
MACHINE  : Machine-4
------------------------------------------------------------
[SEQ 175] [STATIC-BASELINE]
CMD      : G1 | effects={'dx': 0.0, 'dy': 0.0, 'dz': 0.0, 'de': 0.0, 'xy_dist': 0.0, 'params': {'G': 1.0, 'X': 0.1, 'Y': 0.1, 'E': 20.0, 'F': 600.0}}
DECISION : ALLOW
------------------------------------------------------------
[SEQ 175] [IEEE-BASELINE]
SCORE    : anomaly_score=0.000
DECISION : ALLOW
------------------------------------------------------------
[SEQ 176] [LAYER 0]
CMD      : G1 X167.444 Y113.627 E4.90596
TRUST    : acc_cmd=0.000 | acc_exec=1.000 | trust=0.005
DECISION : PAUSE
MACHINE  : Machine-4
------------------------------------------------------------
[SEQ 176] [STATIC-BASELINE]
CMD      : G1 | effects={'dx': 167.344, 'dy': 113.527, 'dz': 0.0, 'de': -15.09404, 'xy_dist': 202.21867882319873, 'params': {'G': 1.0, 'X': 167.444, 'Y': 113.627, 'E': 4.90596}}
DECISION : ALLOW
------------------------------------------------------------
[SEQ 176] [IEEE-BASELINE]
SCORE    : anomaly_score=0.000
DECISION : ALLOW
------------------------------------------------------------
[SEQ 177] [LAYER 0]
CMD      : G1 X0.1 Y0.1 E20 F600
TRUST    : acc_cmd=1.000 | acc_exec=0.000 | trust=0.004
DECISION : PAUSE
MACHINE  : Machine-4
------------------------------------------------------------
[SEQ 177] [STATIC-BASELINE]
CMD      : G1 | effects={'dx': -167.344, 'dy': -113.527, 'dz': 0.0, 'de': 15.09404, 'xy_dist': 202.21867882319873, 'params': {'G': 1.0, 'X': 0.1, 'Y': 0.1, 'E': 20.0, 'F': 600.0}}
DECISION : ALLOW
------------------------------------------------------------
[SEQ 177] [IEEE-BASELINE]
SCORE    : anomaly_score=0.000
DECISION : ALLOW
------------------------------------------------------------
[SEQ 178] [LAYER 0]
CMD      : G1 X0.1 Y0.1 E20 F600
TRUST    : acc_cmd=1.000 | acc_exec=0.000 | trust=0.003
DECISION : PAUSE
MACHINE  : Machine-4
------------------------------------------------------------
[SEQ 178] [STATIC-BASELINE]
CMD      : G1 | effects={'dx': 0.0, 'dy': 0.0, 'dz': 0.0, 'de': 0.0, 'xy_dist': 0.0, 'params': {'G': 1.0, 'X': 0.1, 'Y': 0.1, 'E': 20.0, 'F': 600.0}}
DECISION : ALLOW
------------------------------------------------------------
[SEQ 178] [IEEE-BASELINE]
SCORE    : anomaly_score=0.000
DECISION : ALLOW
------------------------------------------------------------
[SEQ 179] [LAYER 0]
CMD      : G1 X0.1 Y0.1 E20 F600
TRUST    : acc_cmd=1.000 | acc_exec=0.000 | trust=0.002
DECISION : PAUSE
MACHINE  : Machine-4
------------------------------------------------------------
[SEQ 179] [STATIC-BASELINE]
CMD      : G1 | effects={'dx': 0.0, 'dy': 0.0, 'dz': 0.0, 'de': 0.0, 'xy_dist': 0.0, 'params': {'G': 1.0, 'X': 0.1, 'Y': 0.1, 'E': 20.0, 'F': 600.0}}
DECISION : ALLOW
------------------------------------------------------------
[SEQ 179] [IEEE-BASELINE]
SCORE    : anomaly_score=0.000
DECISION : ALLOW
------------------------------------------------------------
[SEQ 180] [LAYER 0]
CMD      : G1 X171.785 Y118.972 E5.04133
TRUST    : acc_cmd=0.000 | acc_exec=1.000 | trust=0.011
DECISION : PAUSE
MACHINE  : Machine-4
------------------------------------------------------------
[SEQ 180] [STATIC-BASELINE]
CMD      : G1 | effects={'dx': 171.685, 'dy': 118.872, 'dz': 0.0, 'de': -14.95867, 'xy_dist': 208.82119530593633, 'params': {'G': 1.0, 'X': 171.785, 'Y': 118.972, 'E': 5.04133}}
DECISION : ALLOW
------------------------------------------------------------
[SEQ 180] [IEEE-BASELINE]
SCORE    : anomaly_score=0.000
DECISION : ALLOW
------------------------------------------------------------
[SEQ 181] [LAYER 0]
CMD      : G1 X0.1 Y0.1 E20 F600
TRUST    : acc_cmd=1.000 | acc_exec=0.000 | trust=0.007
DECISION : PAUSE
MACHINE  : Machine-4
------------------------------------------------------------
[SEQ 181] [STATIC-BASELINE]
CMD      : G1 | effects={'dx': -171.685, 'dy': -118.872, 'dz': 0.0, 'de': 14.95867, 'xy_dist': 208.82119530593633, 'params': {'G': 1.0, 'X': 0.1, 'Y': 0.1, 'E': 20.0, 'F': 600.0}}
DECISION : ALLOW
------------------------------------------------------------
[SEQ 181] [IEEE-BASELINE]
SCORE    : anomaly_score=0.000
DECISION : ALLOW
------------------------------------------------------------
[SEQ 182] [LAYER 0]
CMD      : G1 X171.197 Y122.876 E5.11634
TRUST    : acc_cmd=0.000 | acc_exec=1.000 | trust=0.011
DECISION : PAUSE
MACHINE  : Machine-4
------------------------------------------------------------
[SEQ 182] [STATIC-BASELINE]
CMD      : G1 | effects={'dx': 171.097, 'dy': 122.77600000000001, 'dz': 0.0, 'de': -14.883659999999999, 'xy_dist': 210.58995604016826, 'params': {'G': 1.0, 'X': 171.197, 'Y': 122.876, 'E': 5.11634}}
DECISION : ALLOW
------------------------------------------------------------
[SEQ 182] [IEEE-BASELINE]
SCORE    : anomaly_score=0.000
DECISION : ALLOW
------------------------------------------------------------
[SEQ 183] [LAYER 0]
CMD      : G1 X0.1 Y0.1 E20 F600
TRUST    : acc_cmd=1.000 | acc_exec=0.000 | trust=0.009
DECISION : PAUSE
MACHINE  : Machine-4
------------------------------------------------------------
[SEQ 183] [STATIC-BASELINE]
CMD      : G1 | effects={'dx': -171.097, 'dy': -122.77600000000001, 'dz': 0.0, 'de': 14.883659999999999, 'xy_dist': 210.58995604016826, 'params': {'G': 1.0, 'X': 0.1, 'Y': 0.1, 'E': 20.0, 'F': 600.0}}
DECISION : ALLOW
------------------------------------------------------------
[SEQ 183] [IEEE-BASELINE]
SCORE    : anomaly_score=0.000
DECISION : ALLOW
------------------------------------------------------------
[SEQ 184] [LAYER 0]
CMD      : G1 X0.1 Y0.1 E20 F600
TRUST    : acc_cmd=1.000 | acc_exec=0.000 | trust=0.005
DECISION : PAUSE
MACHINE  : Machine-4
------------------------------------------------------------
[SEQ 184] [STATIC-BASELINE]
CMD      : G1 | effects={'dx': 0.0, 'dy': 0.0, 'dz': 0.0, 'de': 0.0, 'xy_dist': 0.0, 'params': {'G': 1.0, 'X': 0.1, 'Y': 0.1, 'E': 20.0, 'F': 600.0}}
DECISION : ALLOW
------------------------------------------------------------
[SEQ 184] [IEEE-BASELINE]
SCORE    : anomaly_score=0.000
DECISION : ALLOW
------------------------------------------------------------
[SEQ 185] [LAYER 0]
CMD      : G1 X0.1 Y0.1 E20 F600
TRUST    : acc_cmd=1.000 | acc_exec=0.000 | trust=0.003
DECISION : PAUSE
MACHINE  : Machine-4
------------------------------------------------------------
[SEQ 185] [STATIC-BASELINE]
CMD      : G1 | effects={'dx': 0.0, 'dy': 0.0, 'dz': 0.0, 'de': 0.0, 'xy_dist': 0.0, 'params': {'G': 1.0, 'X': 0.1, 'Y': 0.1, 'E': 20.0, 'F': 600.0}}
DECISION : ALLOW
------------------------------------------------------------
[SEQ 185] [IEEE-BASELINE]
SCORE    : anomaly_score=0.000
DECISION : ALLOW
------------------------------------------------------------
[SEQ 186] [LAYER 0]
CMD      : G1 X0.1 Y0.1 E20 F600
TRUST    : acc_cmd=1.000 | acc_exec=1.000 | trust=0.002
DECISION : PAUSE
MACHINE  : Machine-4
------------------------------------------------------------
[SEQ 186] [STATIC-BASELINE]
CMD      : G1 | effects={'dx': 0.0, 'dy': 0.0, 'dz': 0.0, 'de': 0.0, 'xy_dist': 0.0, 'params': {'G': 1.0, 'X': 0.1, 'Y': 0.1, 'E': 20.0, 'F': 600.0}}
DECISION : ALLOW
------------------------------------------------------------
[SEQ 186] [IEEE-BASELINE]
SCORE    : anomaly_score=0.000
DECISION : ALLOW
------------------------------------------------------------
[SEQ 187] [LAYER 0]
CMD      : G1 X0.1 Y0.1 E20 F600
TRUST    : acc_cmd=1.000 | acc_exec=1.000 | trust=0.001
DECISION : PAUSE
MACHINE  : Machine-4
------------------------------------------------------------
[SEQ 187] [STATIC-BASELINE]
CMD      : G1 | effects={'dx': 0.0, 'dy': 0.0, 'dz': 0.0, 'de': 0.0, 'xy_dist': 0.0, 'params': {'G': 1.0, 'X': 0.1, 'Y': 0.1, 'E': 20.0, 'F': 600.0}}
DECISION : ALLOW
------------------------------------------------------------
[SEQ 187] [IEEE-BASELINE]
SCORE    : anomaly_score=0.000
DECISION : ALLOW
------------------------------------------------------------
[SEQ 188] [LAYER 0]
CMD      : G1 X0.1 Y0.1 E20 F600
TRUST    : acc_cmd=1.000 | acc_exec=1.000 | trust=0.001
DECISION : PAUSE
MACHINE  : Machine-4
------------------------------------------------------------
[SEQ 188] [STATIC-BASELINE]
CMD      : G1 | effects={'dx': 0.0, 'dy': 0.0, 'dz': 0.0, 'de': 0.0, 'xy_dist': 0.0, 'params': {'G': 1.0, 'X': 0.1, 'Y': 0.1, 'E': 20.0, 'F': 600.0}}
DECISION : ALLOW
------------------------------------------------------------
[SEQ 188] [IEEE-BASELINE]
SCORE    : anomaly_score=0.000
DECISION : ALLOW
------------------------------------------------------------
[SEQ 189] [LAYER 0]
CMD      : G1 X0.1 Y0.1 E20 F600
TRUST    : acc_cmd=1.000 | acc_exec=1.000 | trust=0.001
DECISION : PAUSE
MACHINE  : Machine-4
------------------------------------------------------------
[SEQ 189] [STATIC-BASELINE]
CMD      : G1 | effects={'dx': 0.0, 'dy': 0.0, 'dz': 0.0, 'de': 0.0, 'xy_dist': 0.0, 'params': {'G': 1.0, 'X': 0.1, 'Y': 0.1, 'E': 20.0, 'F': 600.0}}
DECISION : ALLOW
------------------------------------------------------------
[SEQ 189] [IEEE-BASELINE]
SCORE    : anomaly_score=0.000
DECISION : ALLOW
------------------------------------------------------------
[SEQ 190] [LAYER 0]
CMD      : G1 X158.824 Y123.037 E5.4047
TRUST    : acc_cmd=0.000 | acc_exec=1.000 | trust=0.001
DECISION : PAUSE
MACHINE  : Machine-4
------------------------------------------------------------
[SEQ 190] [STATIC-BASELINE]
CMD      : G1 | effects={'dx': 158.72400000000002, 'dy': 122.93700000000001, 'dz': 0.0, 'de': -14.5953, 'xy_dist': 200.76557011848425, 'params': {'G': 1.0, 'X': 158.824, 'Y': 123.037, 'E': 5.4047}}
DECISION : ALLOW
------------------------------------------------------------
[SEQ 190] [IEEE-BASELINE]
SCORE    : anomaly_score=0.000
DECISION : ALLOW
------------------------------------------------------------
[SEQ 191] [LAYER 0]
CMD      : G1 X0.1 Y0.1 E20 F600
TRUST    : acc_cmd=1.000 | acc_exec=0.000 | trust=0.002
DECISION : PAUSE
MACHINE  : Machine-4
------------------------------------------------------------
[SEQ 191] [STATIC-BASELINE]
CMD      : G1 | effects={'dx': -158.72400000000002, 'dy': -122.93700000000001, 'dz': 0.0, 'de': 14.5953, 'xy_dist': 200.76557011848425, 'params': {'G': 1.0, 'X': 0.1, 'Y': 0.1, 'E': 20.0, 'F': 600.0}}
DECISION : ALLOW
------------------------------------------------------------
[SEQ 191] [IEEE-BASELINE]
SCORE    : anomaly_score=0.000
DECISION : ALLOW
------------------------------------------------------------
[SEQ 192] [LAYER 0]
CMD      : G1 X0.1 Y0.1 E20 F600
TRUST    : acc_cmd=1.000 | acc_exec=0.000 | trust=0.002
DECISION : PAUSE
MACHINE  : Machine-4
------------------------------------------------------------
[SEQ 192] [STATIC-BASELINE]
CMD      : G1 | effects={'dx': 0.0, 'dy': 0.0, 'dz': 0.0, 'de': 0.0, 'xy_dist': 0.0, 'params': {'G': 1.0, 'X': 0.1, 'Y': 0.1, 'E': 20.0, 'F': 600.0}}
DECISION : ALLOW
------------------------------------------------------------
[SEQ 192] [IEEE-BASELINE]
SCORE    : anomaly_score=0.000
DECISION : ALLOW
------------------------------------------------------------
[SEQ 193] [LAYER 0]
CMD      : G1 X0.1 Y0.1 E20 F600
TRUST    : acc_cmd=1.000 | acc_exec=0.000 | trust=0.001
DECISION : PAUSE
MACHINE  : Machine-4
------------------------------------------------------------
[SEQ 193] [STATIC-BASELINE]
CMD      : G1 | effects={'dx': 0.0, 'dy': 0.0, 'dz': 0.0, 'de': 0.0, 'xy_dist': 0.0, 'params': {'G': 1.0, 'X': 0.1, 'Y': 0.1, 'E': 20.0, 'F': 600.0}}
DECISION : ALLOW
------------------------------------------------------------
[SEQ 193] [IEEE-BASELINE]
SCORE    : anomaly_score=0.000
DECISION : ALLOW
------------------------------------------------------------
[SEQ 194] [LAYER 0]
CMD      : G1 X0.1 Y0.1 E20 F600
TRUST    : acc_cmd=1.000 | acc_exec=1.000 | trust=0.001
DECISION : PAUSE
MACHINE  : Machine-4
------------------------------------------------------------
[SEQ 194] [STATIC-BASELINE]
CMD      : G1 | effects={'dx': 0.0, 'dy': 0.0, 'dz': 0.0, 'de': 0.0, 'xy_dist': 0.0, 'params': {'G': 1.0, 'X': 0.1, 'Y': 0.1, 'E': 20.0, 'F': 600.0}}
DECISION : ALLOW
------------------------------------------------------------
[SEQ 194] [IEEE-BASELINE]
SCORE    : anomaly_score=0.000
DECISION : ALLOW
------------------------------------------------------------
[SEQ 195] [LAYER 0]
CMD      : G1 X159.499 Y115.996 E5.54381
TRUST    : acc_cmd=0.000 | acc_exec=1.000 | trust=0.003
DECISION : PAUSE
MACHINE  : Machine-4
------------------------------------------------------------
[SEQ 195] [STATIC-BASELINE]
CMD      : G1 | effects={'dx': 159.399, 'dy': 115.896, 'dz': 0.0, 'de': -14.45619, 'xy_dist': 197.0784717238288, 'params': {'G': 1.0, 'X': 159.499, 'Y': 115.996, 'E': 5.54381}}
DECISION : ALLOW
------------------------------------------------------------
[SEQ 195] [IEEE-BASELINE]
SCORE    : anomaly_score=0.000
DECISION : ALLOW
------------------------------------------------------------
[SEQ 196] [LAYER 0]
CMD      : G1 X0.1 Y0.1 E20 F600
TRUST    : acc_cmd=1.000 | acc_exec=0.000 | trust=0.004
DECISION : PAUSE
MACHINE  : Machine-4
------------------------------------------------------------
[SEQ 196] [STATIC-BASELINE]
CMD      : G1 | effects={'dx': -159.399, 'dy': -115.896, 'dz': 0.0, 'de': 14.45619, 'xy_dist': 197.0784717238288, 'params': {'G': 1.0, 'X': 0.1, 'Y': 0.1, 'E': 20.0, 'F': 600.0}}
DECISION : ALLOW
------------------------------------------------------------
[SEQ 196] [IEEE-BASELINE]
SCORE    : anomaly_score=0.000
DECISION : ALLOW
------------------------------------------------------------
[SEQ 197] [LAYER 0]
CMD      : G1 X0.1 Y0.1 E20 F600
TRUST    : acc_cmd=1.000 | acc_exec=0.000 | trust=0.003
DECISION : PAUSE
MACHINE  : Machine-4
------------------------------------------------------------
[SEQ 197] [STATIC-BASELINE]
CMD      : G1 | effects={'dx': 0.0, 'dy': 0.0, 'dz': 0.0, 'de': 0.0, 'xy_dist': 0.0, 'params': {'G': 1.0, 'X': 0.1, 'Y': 0.1, 'E': 20.0, 'F': 600.0}}
DECISION : ALLOW
------------------------------------------------------------
[SEQ 197] [IEEE-BASELINE]
SCORE    : anomaly_score=0.000
DECISION : ALLOW
------------------------------------------------------------
[SEQ 198] [LAYER 0]
CMD      : G1 X0.1 Y0.1 E20 F600
TRUST    : acc_cmd=1.000 | acc_exec=0.000 | trust=0.002
DECISION : PAUSE
MACHINE  : Machine-4
------------------------------------------------------------
[SEQ 198] [STATIC-BASELINE]
CMD      : G1 | effects={'dx': 0.0, 'dy': 0.0, 'dz': 0.0, 'de': 0.0, 'xy_dist': 0.0, 'params': {'G': 1.0, 'X': 0.1, 'Y': 0.1, 'E': 20.0, 'F': 600.0}}
DECISION : ALLOW
------------------------------------------------------------
[SEQ 198] [IEEE-BASELINE]
SCORE    : anomaly_score=0.000
DECISION : ALLOW
------------------------------------------------------------
[SEQ 199] [LAYER 0]
CMD      : G1 X0.1 Y0.1 E20 F600
TRUST    : acc_cmd=1.000 | acc_exec=1.000 | trust=0.001
DECISION : PAUSE
MACHINE  : Machine-4
------------------------------------------------------------
[SEQ 199] [STATIC-BASELINE]
CMD      : G1 | effects={'dx': 0.0, 'dy': 0.0, 'dz': 0.0, 'de': 0.0, 'xy_dist': 0.0, 'params': {'G': 1.0, 'X': 0.1, 'Y': 0.1, 'E': 20.0, 'F': 600.0}}
DECISION : ALLOW
------------------------------------------------------------
[SEQ 199] [IEEE-BASELINE]
SCORE    : anomaly_score=0.000
DECISION : ALLOW
------------------------------------------------------------
[SEQ 200] [LAYER 0]
CMD      : G1 X0.1 Y0.1 E20 F600
TRUST    : acc_cmd=1.000 | acc_exec=1.000 | trust=0.001
DECISION : PAUSE
MACHINE  : Machine-4
------------------------------------------------------------
[SEQ 200] [STATIC-BASELINE]
CMD      : G1 | effects={'dx': 0.0, 'dy': 0.0, 'dz': 0.0, 'de': 0.0, 'xy_dist': 0.0, 'params': {'G': 1.0, 'X': 0.1, 'Y': 0.1, 'E': 20.0, 'F': 600.0}}
DECISION : ALLOW
------------------------------------------------------------
[SEQ 200] [IEEE-BASELINE]
SCORE    : anomaly_score=0.000
DECISION : ALLOW
------------------------------------------------------------
[SEQ 201] [LAYER 0]
CMD      : G1 X165.658 Y113.618 E5.66953
TRUST    : acc_cmd=0.000 | acc_exec=1.000 | trust=0.002
DECISION : PAUSE
MACHINE  : Machine-4
------------------------------------------------------------
[SEQ 201] [STATIC-BASELINE]
CMD      : G1 | effects={'dx': 165.558, 'dy': 113.518, 'dz': 0.0, 'de': -14.33047, 'xy_dist': 200.7381072143503, 'params': {'G': 1.0, 'X': 165.658, 'Y': 113.618, 'E': 5.66953}}
DECISION : ALLOW
------------------------------------------------------------
[SEQ 201] [IEEE-BASELINE]
SCORE    : anomaly_score=0.000
DECISION : ALLOW
------------------------------------------------------------
[SEQ 202] [LAYER 0]
CMD      : G1 X0.1 Y0.1 E20 F600
TRUST    : acc_cmd=1.000 | acc_exec=0.000 | trust=0.003
DECISION : PAUSE
MACHINE  : Machine-4
------------------------------------------------------------
[SEQ 202] [STATIC-BASELINE]
CMD      : G1 | effects={'dx': -165.558, 'dy': -113.518, 'dz': 0.0, 'de': 14.33047, 'xy_dist': 200.7381072143503, 'params': {'G': 1.0, 'X': 0.1, 'Y': 0.1, 'E': 20.0, 'F': 600.0}}
DECISION : ALLOW
------------------------------------------------------------
[SEQ 202] [IEEE-BASELINE]
SCORE    : anomaly_score=0.000
DECISION : ALLOW
------------------------------------------------------------
[SEQ 203] [LAYER 0]
CMD      : G1 X0.1 Y0.1 E20 F600
TRUST    : acc_cmd=1.000 | acc_exec=0.000 | trust=0.002
DECISION : PAUSE
MACHINE  : Machine-4
------------------------------------------------------------
[SEQ 203] [STATIC-BASELINE]
CMD      : G1 | effects={'dx': 0.0, 'dy': 0.0, 'dz': 0.0, 'de': 0.0, 'xy_dist': 0.0, 'params': {'G': 1.0, 'X': 0.1, 'Y': 0.1, 'E': 20.0, 'F': 600.0}}
DECISION : ALLOW
------------------------------------------------------------
[SEQ 203] [IEEE-BASELINE]
SCORE    : anomaly_score=0.000
DECISION : ALLOW
------------------------------------------------------------
[SEQ 204] [LAYER 0]
CMD      : G1 X0.1 Y0.1 E20 F600
TRUST    : acc_cmd=1.000 | acc_exec=0.000 | trust=0.002
DECISION : PAUSE
MACHINE  : Machine-4
------------------------------------------------------------
[SEQ 204] [STATIC-BASELINE]
CMD      : G1 | effects={'dx': 0.0, 'dy': 0.0, 'dz': 0.0, 'de': 0.0, 'xy_dist': 0.0, 'params': {'G': 1.0, 'X': 0.1, 'Y': 0.1, 'E': 20.0, 'F': 600.0}}
DECISION : ALLOW
------------------------------------------------------------
[SEQ 204] [IEEE-BASELINE]
SCORE    : anomaly_score=0.000
DECISION : ALLOW
------------------------------------------------------------
[SEQ 205] [LAYER 0]
CMD      : G1 X0.1 Y0.1 E20 F600
TRUST    : acc_cmd=1.000 | acc_exec=1.000 | trust=0.001
DECISION : PAUSE
MACHINE  : Machine-4
------------------------------------------------------------
[SEQ 205] [STATIC-BASELINE]
CMD      : G1 | effects={'dx': 0.0, 'dy': 0.0, 'dz': 0.0, 'de': 0.0, 'xy_dist': 0.0, 'params': {'G': 1.0, 'X': 0.1, 'Y': 0.1, 'E': 20.0, 'F': 600.0}}
DECISION : ALLOW
------------------------------------------------------------
[SEQ 205] [IEEE-BASELINE]
SCORE    : anomaly_score=0.000
DECISION : ALLOW
------------------------------------------------------------
[SEQ 206] [LAYER 0]
CMD      : G1 X0.1 Y0.1 E20 F600
TRUST    : acc_cmd=1.000 | acc_exec=1.000 | trust=0.001
DECISION : PAUSE
MACHINE  : Machine-4
------------------------------------------------------------
[SEQ 206] [STATIC-BASELINE]
CMD      : G1 | effects={'dx': 0.0, 'dy': 0.0, 'dz': 0.0, 'de': 0.0, 'xy_dist': 0.0, 'params': {'G': 1.0, 'X': 0.1, 'Y': 0.1, 'E': 20.0, 'F': 600.0}}
DECISION : ALLOW
------------------------------------------------------------
[SEQ 206] [IEEE-BASELINE]
SCORE    : anomaly_score=0.000
DECISION : ALLOW
------------------------------------------------------------
[SEQ 207] [LAYER 0]
CMD      : G1 X171.349 Y121.037 E5.86636
TRUST    : acc_cmd=0.000 | acc_exec=1.000 | trust=0.002
DECISION : PAUSE
MACHINE  : Machine-4
------------------------------------------------------------
[SEQ 207] [STATIC-BASELINE]
CMD      : G1 | effects={'dx': 171.249, 'dy': 120.93700000000001, 'dz': 0.0, 'de': -14.13364, 'xy_dist': 209.64727036143353, 'params': {'G': 1.0, 'X': 171.349, 'Y': 121.037, 'E': 5.86636}}
DECISION : ALLOW
------------------------------------------------------------
[SEQ 207] [IEEE-BASELINE]
SCORE    : anomaly_score=0.000
DECISION : ALLOW
------------------------------------------------------------
[SEQ 208] [LAYER 0]
CMD      : G1 X0.1 Y0.1 E20 F600
TRUST    : acc_cmd=1.000 | acc_exec=0.000 | trust=0.003
DECISION : PAUSE
MACHINE  : Machine-4
------------------------------------------------------------
[SEQ 208] [STATIC-BASELINE]
CMD      : G1 | effects={'dx': -171.249, 'dy': -120.93700000000001, 'dz': 0.0, 'de': 14.13364, 'xy_dist': 209.64727036143353, 'params': {'G': 1.0, 'X': 0.1, 'Y': 0.1, 'E': 20.0, 'F': 600.0}}
DECISION : ALLOW
------------------------------------------------------------
[SEQ 208] [IEEE-BASELINE]
SCORE    : anomaly_score=0.000
DECISION : ALLOW
------------------------------------------------------------
[SEQ 209] [LAYER 0]
CMD      : G1 X0.1 Y0.1 E20 F600
TRUST    : acc_cmd=1.000 | acc_exec=0.000 | trust=0.002
DECISION : PAUSE
MACHINE  : Machine-4
------------------------------------------------------------
[SEQ 209] [STATIC-BASELINE]
CMD      : G1 | effects={'dx': 0.0, 'dy': 0.0, 'dz': 0.0, 'de': 0.0, 'xy_dist': 0.0, 'params': {'G': 1.0, 'X': 0.1, 'Y': 0.1, 'E': 20.0, 'F': 600.0}}
DECISION : ALLOW
------------------------------------------------------------
[SEQ 209] [IEEE-BASELINE]
SCORE    : anomaly_score=0.000
DECISION : ALLOW
------------------------------------------------------------
[SEQ 210] [LAYER 0]
CMD      : G1 X0.1 Y0.1 E20 F600
TRUST    : acc_cmd=1.000 | acc_exec=0.000 | trust=0.002
DECISION : PAUSE
MACHINE  : Machine-4
------------------------------------------------------------
[SEQ 210] [STATIC-BASELINE]
CMD      : G1 | effects={'dx': 0.0, 'dy': 0.0, 'dz': 0.0, 'de': 0.0, 'xy_dist': 0.0, 'params': {'G': 1.0, 'X': 0.1, 'Y': 0.1, 'E': 20.0, 'F': 600.0}}
DECISION : ALLOW
------------------------------------------------------------
[SEQ 210] [IEEE-BASELINE]
SCORE    : anomaly_score=0.000
DECISION : ALLOW
------------------------------------------------------------
[SEQ 211] [LAYER 0]
CMD      : G1 X0.1 Y0.1 E20 F600
TRUST    : acc_cmd=1.000 | acc_exec=1.000 | trust=0.001
DECISION : PAUSE
MACHINE  : Machine-4
------------------------------------------------------------
[SEQ 211] [STATIC-BASELINE]
CMD      : G1 | effects={'dx': 0.0, 'dy': 0.0, 'dz': 0.0, 'de': 0.0, 'xy_dist': 0.0, 'params': {'G': 1.0, 'X': 0.1, 'Y': 0.1, 'E': 20.0, 'F': 600.0}}
DECISION : ALLOW
------------------------------------------------------------
[SEQ 211] [IEEE-BASELINE]
SCORE    : anomaly_score=0.000
DECISION : ALLOW
------------------------------------------------------------
[SEQ 212] [LAYER 0]
CMD      : G1 X0.1 Y0.1 E20 F600
TRUST    : acc_cmd=1.000 | acc_exec=1.000 | trust=0.001
DECISION : PAUSE
MACHINE  : Machine-4
------------------------------------------------------------
[SEQ 212] [STATIC-BASELINE]
CMD      : G1 | effects={'dx': 0.0, 'dy': 0.0, 'dz': 0.0, 'de': 0.0, 'xy_dist': 0.0, 'params': {'G': 1.0, 'X': 0.1, 'Y': 0.1, 'E': 20.0, 'F': 600.0}}
DECISION : ALLOW
------------------------------------------------------------
[SEQ 212] [IEEE-BASELINE]
SCORE    : anomaly_score=0.000
DECISION : ALLOW
------------------------------------------------------------
[SEQ 213] [LAYER 0]
CMD      : G1 X0.1 Y0.1 E20 F600
TRUST    : acc_cmd=1.000 | acc_exec=1.000 | trust=0.001
DECISION : PAUSE
MACHINE  : Machine-4
------------------------------------------------------------
[SEQ 213] [STATIC-BASELINE]
CMD      : G1 | effects={'dx': 0.0, 'dy': 0.0, 'dz': 0.0, 'de': 0.0, 'xy_dist': 0.0, 'params': {'G': 1.0, 'X': 0.1, 'Y': 0.1, 'E': 20.0, 'F': 600.0}}
DECISION : ALLOW
------------------------------------------------------------
[SEQ 213] [IEEE-BASELINE]
SCORE    : anomaly_score=0.000
DECISION : ALLOW
------------------------------------------------------------
[SEQ 214] [LAYER 0]
CMD      : G1 X0.1 Y0.1 E20 F600
TRUST    : acc_cmd=1.000 | acc_exec=1.000 | trust=0.001
DECISION : PAUSE
MACHINE  : Machine-4
------------------------------------------------------------
[SEQ 214] [STATIC-BASELINE]
CMD      : G1 | effects={'dx': 0.0, 'dy': 0.0, 'dz': 0.0, 'de': 0.0, 'xy_dist': 0.0, 'params': {'G': 1.0, 'X': 0.1, 'Y': 0.1, 'E': 20.0, 'F': 600.0}}
DECISION : ALLOW
------------------------------------------------------------
[SEQ 214] [IEEE-BASELINE]
SCORE    : anomaly_score=0.000
DECISION : ALLOW
------------------------------------------------------------
[SEQ 215] [LAYER 0]
CMD      : G1 X0.1 Y0.1 E20 F600
TRUST    : acc_cmd=1.000 | acc_exec=1.000 | trust=0.001
DECISION : PAUSE
MACHINE  : Machine-4
------------------------------------------------------------
[SEQ 215] [STATIC-BASELINE]
CMD      : G1 | effects={'dx': 0.0, 'dy': 0.0, 'dz': 0.0, 'de': 0.0, 'xy_dist': 0.0, 'params': {'G': 1.0, 'X': 0.1, 'Y': 0.1, 'E': 20.0, 'F': 600.0}}
DECISION : ALLOW
------------------------------------------------------------
[SEQ 215] [IEEE-BASELINE]
SCORE    : anomaly_score=0.000
DECISION : ALLOW
------------------------------------------------------------
[SEQ 216] [LAYER 0]
CMD      : G1 X159.189 Y122.857 E6.17055
TRUST    : acc_cmd=0.000 | acc_exec=1.000 | trust=0.001
DECISION : PAUSE
MACHINE  : Machine-4
------------------------------------------------------------
[SEQ 216] [STATIC-BASELINE]
CMD      : G1 | effects={'dx': 159.089, 'dy': 122.757, 'dz': 0.0, 'de': -13.82945, 'xy_dist': 200.9442484123395, 'params': {'G': 1.0, 'X': 159.189, 'Y': 122.857, 'E': 6.17055}}
DECISION : ALLOW
------------------------------------------------------------
[SEQ 216] [IEEE-BASELINE]
SCORE    : anomaly_score=0.000
DECISION : ALLOW
------------------------------------------------------------
[SEQ 217] [LAYER 0]
CMD      : G1 X158.652 Y120.953 E6.20777
TRUST    : acc_cmd=0.000 | acc_exec=0.000 | trust=0.008
DECISION : PAUSE
MACHINE  : Machine-4
------------------------------------------------------------
[SEQ 217] [STATIC-BASELINE]
CMD      : G1 | effects={'dx': -0.5370000000000061, 'dy': -1.9039999999999964, 'dz': 0.0, 'de': 0.03721999999999959, 'xy_dist': 1.978278291848746, 'params': {'G': 1.0, 'X': 158.652, 'Y': 120.953, 'E': 6.20777}}
DECISION : ALLOW
------------------------------------------------------------
[SEQ 217] [IEEE-BASELINE]
SCORE    : anomaly_score=0.000
DECISION : ALLOW
------------------------------------------------------------
[SEQ 218] [LAYER 0]
CMD      : G1 X0.1 Y0.1 E20 F600
TRUST    : acc_cmd=1.000 | acc_exec=0.000 | trust=0.009
DECISION : PAUSE
MACHINE  : Machine-4
------------------------------------------------------------
[SEQ 218] [STATIC-BASELINE]
CMD      : G1 | effects={'dx': -158.552, 'dy': -120.85300000000001, 'dz': 0.0, 'de': 13.79223, 'xy_dist': 199.35943497361745, 'params': {'G': 1.0, 'X': 0.1, 'Y': 0.1, 'E': 20.0, 'F': 600.0}}
DECISION : ALLOW
------------------------------------------------------------
[SEQ 218] [IEEE-BASELINE]
SCORE    : anomaly_score=0.000
DECISION : ALLOW
------------------------------------------------------------
[SEQ 219] [LAYER 0]
CMD      : G1 X158.648 Y118.864 E6.24711
TRUST    : acc_cmd=0.000 | acc_exec=1.000 | trust=0.010
DECISION : PAUSE
MACHINE  : Machine-4
------------------------------------------------------------
[SEQ 219] [STATIC-BASELINE]
CMD      : G1 | effects={'dx': 158.548, 'dy': 118.76400000000001, 'dz': 0.0, 'de': -13.75289, 'xy_dist': 198.09683490656786, 'params': {'G': 1.0, 'X': 158.648, 'Y': 118.864, 'E': 6.24711}}
DECISION : ALLOW
------------------------------------------------------------
[SEQ 219] [IEEE-BASELINE]
SCORE    : anomaly_score=0.000
DECISION : ALLOW
------------------------------------------------------------
[SEQ 220] [LAYER 0]
CMD      : G1 X0.1 Y0.1 E20 F600
TRUST    : acc_cmd=1.000 | acc_exec=0.000 | trust=0.010
DECISION : PAUSE
MACHINE  : Machine-4
------------------------------------------------------------
[SEQ 220] [STATIC-BASELINE]
CMD      : G1 | effects={'dx': -158.548, 'dy': -118.76400000000001, 'dz': 0.0, 'de': 13.75289, 'xy_dist': 198.09683490656786, 'params': {'G': 1.0, 'X': 0.1, 'Y': 0.1, 'E': 20.0, 'F': 600.0}}
DECISION : ALLOW
------------------------------------------------------------
[SEQ 220] [IEEE-BASELINE]
SCORE    : anomaly_score=0.000
DECISION : ALLOW
------------------------------------------------------------
[SEQ 221] [LAYER 0]
CMD      : G1 X0.1 Y0.1 E20 F600
TRUST    : acc_cmd=1.000 | acc_exec=0.000 | trust=0.006
DECISION : PAUSE
MACHINE  : Machine-4
------------------------------------------------------------
[SEQ 221] [STATIC-BASELINE]
CMD      : G1 | effects={'dx': 0.0, 'dy': 0.0, 'dz': 0.0, 'de': 0.0, 'xy_dist': 0.0, 'params': {'G': 1.0, 'X': 0.1, 'Y': 0.1, 'E': 20.0, 'F': 600.0}}
DECISION : ALLOW
------------------------------------------------------------
[SEQ 221] [IEEE-BASELINE]
SCORE    : anomaly_score=0.000
DECISION : ALLOW
------------------------------------------------------------
[SEQ 222] [LAYER 0]
CMD      : G0 F3600 X160.147 Y116.475
TRUST    : acc_cmd=0.000 | acc_exec=0.000 | trust=0.021
DECISION : PAUSE
MACHINE  : Machine-4
------------------------------------------------------------
[SEQ 222] [STATIC-BASELINE]
CMD      : G0 | effects={'dx': 160.047, 'dy': 116.375, 'dz': 0.0, 'de': 0.0, 'xy_dist': 197.8842662618734, 'params': {'G': 0.0, 'F': 3600.0, 'X': 160.147, 'Y': 116.475}}
DECISION : ALLOW
------------------------------------------------------------
[SEQ 222] [IEEE-BASELINE]
SCORE    : anomaly_score=0.000
DECISION : ALLOW
------------------------------------------------------------
[SEQ 223] [LAYER 0]
CMD      : G1 F1800 X161.316 Y115.22 E6.33369
TRUST    : acc_cmd=0.000 | acc_exec=1.000 | trust=0.025
DECISION : PAUSE
MACHINE  : Machine-4
------------------------------------------------------------
[SEQ 223] [STATIC-BASELINE]
CMD      : G1 | effects={'dx': 1.1690000000000111, 'dy': -1.2549999999999955, 'dz': 0.0, 'de': -13.66631, 'xy_dist': 1.7151052445841377, 'params': {'G': 1.0, 'F': 1800.0, 'X': 161.316, 'Y': 115.22, 'E': 6.33369}}
DECISION : ALLOW
------------------------------------------------------------
[SEQ 223] [IEEE-BASELINE]
SCORE    : anomaly_score=0.000
DECISION : ALLOW
------------------------------------------------------------
[SEQ 224] [LAYER 0]
CMD      : G1 X161.561 Y115.042 E6.33939
TRUST    : acc_cmd=0.000 | acc_exec=0.000 | trust=0.080
DECISION : PAUSE
MACHINE  : Machine-4
------------------------------------------------------------
[SEQ 224] [STATIC-BASELINE]
CMD      : G1 | effects={'dx': 0.24500000000000455, 'dy': -0.17799999999999727, 'dz': 0.0, 'de': 0.005700000000000038, 'xy_dist': 0.30283493853913435, 'params': {'G': 1.0, 'X': 161.561, 'Y': 115.042, 'E': 6.33939}}
DECISION : ALLOW
------------------------------------------------------------
[SEQ 224] [IEEE-BASELINE]
SCORE    : anomaly_score=0.000
DECISION : ALLOW
------------------------------------------------------------
[SEQ 225] [LAYER 0]
CMD      : G1 X0.1 Y0.1 E20 F600
TRUST    : acc_cmd=1.000 | acc_exec=0.000 | trust=0.046
DECISION : PAUSE
MACHINE  : Machine-4
------------------------------------------------------------
[SEQ 225] [STATIC-BASELINE]
CMD      : G1 | effects={'dx': -161.461, 'dy': -114.94200000000001, 'dz': 0.0, 'de': 13.66061, 'xy_dist': 198.19515101283383, 'params': {'G': 1.0, 'X': 0.1, 'Y': 0.1, 'E': 20.0, 'F': 600.0}}
DECISION : ALLOW
------------------------------------------------------------
[SEQ 225] [IEEE-BASELINE]
SCORE    : anomaly_score=0.000
DECISION : ALLOW
------------------------------------------------------------
[SEQ 226] [LAYER 0]
CMD      : G1 X0.1 Y0.1 E20 F600
TRUST    : acc_cmd=1.000 | acc_exec=0.000 | trust=0.022
DECISION : PAUSE
MACHINE  : Machine-4
------------------------------------------------------------
[SEQ 226] [STATIC-BASELINE]
CMD      : G1 | effects={'dx': 0.0, 'dy': 0.0, 'dz': 0.0, 'de': 0.0, 'xy_dist': 0.0, 'params': {'G': 1.0, 'X': 0.1, 'Y': 0.1, 'E': 20.0, 'F': 600.0}}
DECISION : ALLOW
------------------------------------------------------------
[SEQ 226] [IEEE-BASELINE]
SCORE    : anomaly_score=0.000
DECISION : ALLOW
------------------------------------------------------------
[SEQ 227] [LAYER 0]
CMD      : G1 X0.1 Y0.1 E20 F600
TRUST    : acc_cmd=1.000 | acc_exec=0.000 | trust=0.010
DECISION : PAUSE
MACHINE  : Machine-4
------------------------------------------------------------
[SEQ 227] [STATIC-BASELINE]
CMD      : G1 | effects={'dx': 0.0, 'dy': 0.0, 'dz': 0.0, 'de': 0.0, 'xy_dist': 0.0, 'params': {'G': 1.0, 'X': 0.1, 'Y': 0.1, 'E': 20.0, 'F': 600.0}}
DECISION : ALLOW
------------------------------------------------------------
[SEQ 227] [IEEE-BASELINE]
SCORE    : anomaly_score=0.000
DECISION : ALLOW
------------------------------------------------------------
[SEQ 228] [LAYER 0]
CMD      : G1 X0.1 Y0.1 E20 F600
TRUST    : acc_cmd=1.000 | acc_exec=1.000 | trust=0.005
DECISION : PAUSE
MACHINE  : Machine-4
------------------------------------------------------------
[SEQ 228] [STATIC-BASELINE]
CMD      : G1 | effects={'dx': 0.0, 'dy': 0.0, 'dz': 0.0, 'de': 0.0, 'xy_dist': 0.0, 'params': {'G': 1.0, 'X': 0.1, 'Y': 0.1, 'E': 20.0, 'F': 600.0}}
DECISION : ALLOW
------------------------------------------------------------
[SEQ 228] [IEEE-BASELINE]
SCORE    : anomaly_score=0.000
DECISION : ALLOW
------------------------------------------------------------
[SEQ 229] [LAYER 0]
CMD      : G1 X168.784 Y115.259 E6.48391
TRUST    : acc_cmd=0.000 | acc_exec=1.000 | trust=0.006
DECISION : PAUSE
MACHINE  : Machine-4
------------------------------------------------------------
[SEQ 229] [STATIC-BASELINE]
CMD      : G1 | effects={'dx': 168.684, 'dy': 115.159, 'dz': 0.0, 'de': -13.51609, 'xy_dist': 204.24467468455572, 'params': {'G': 1.0, 'X': 168.784, 'Y': 115.259, 'E': 6.48391}}
DECISION : ALLOW
------------------------------------------------------------
[SEQ 229] [IEEE-BASELINE]
SCORE    : anomaly_score=0.000
DECISION : ALLOW
------------------------------------------------------------
[SEQ 230] [LAYER 0]
CMD      : G1 X0.1 Y0.1 E20 F600
TRUST    : acc_cmd=1.000 | acc_exec=0.000 | trust=0.005
DECISION : PAUSE
MACHINE  : Machine-4
------------------------------------------------------------
[SEQ 230] [STATIC-BASELINE]
CMD      : G1 | effects={'dx': -168.684, 'dy': -115.159, 'dz': 0.0, 'de': 13.51609, 'xy_dist': 204.24467468455572, 'params': {'G': 1.0, 'X': 0.1, 'Y': 0.1, 'E': 20.0, 'F': 600.0}}
DECISION : ALLOW
------------------------------------------------------------
[SEQ 230] [IEEE-BASELINE]
SCORE    : anomaly_score=0.000
DECISION : ALLOW
------------------------------------------------------------
[SEQ 231] [LAYER 0]
CMD      : G1 X0.1 Y0.1 E20 F600
TRUST    : acc_cmd=1.000 | acc_exec=0.000 | trust=0.003
DECISION : PAUSE
MACHINE  : Machine-4
------------------------------------------------------------
[SEQ 231] [STATIC-BASELINE]
CMD      : G1 | effects={'dx': 0.0, 'dy': 0.0, 'dz': 0.0, 'de': 0.0, 'xy_dist': 0.0, 'params': {'G': 1.0, 'X': 0.1, 'Y': 0.1, 'E': 20.0, 'F': 600.0}}
DECISION : ALLOW
------------------------------------------------------------
[SEQ 231] [IEEE-BASELINE]
SCORE    : anomaly_score=0.000
DECISION : ALLOW
------------------------------------------------------------
[SEQ 232] [LAYER 0]
CMD      : G1 X170.983 Y119.096 E6.56856
TRUST    : acc_cmd=0.000 | acc_exec=1.000 | trust=0.011
DECISION : PAUSE
MACHINE  : Machine-4
------------------------------------------------------------
[SEQ 232] [STATIC-BASELINE]
CMD      : G1 | effects={'dx': 170.883, 'dy': 118.99600000000001, 'dz': 0.0, 'de': -13.43144, 'xy_dist': 208.23315707398763, 'params': {'G': 1.0, 'X': 170.983, 'Y': 119.096, 'E': 6.56856}}
DECISION : ALLOW
------------------------------------------------------------
[SEQ 232] [IEEE-BASELINE]
SCORE    : anomaly_score=0.000
DECISION : ALLOW
------------------------------------------------------------
[SEQ 233] [LAYER 0]
CMD      : G1 X170.95 Y120.974 E6.6039
TRUST    : acc_cmd=0.000 | acc_exec=0.000 | trust=0.057
DECISION : PAUSE
MACHINE  : Machine-4
------------------------------------------------------------
[SEQ 233] [STATIC-BASELINE]
CMD      : G1 | effects={'dx': -0.03300000000001546, 'dy': 1.8780000000000001, 'dz': 0.0, 'de': 0.03534000000000059, 'xy_dist': 1.8782899137247162, 'params': {'G': 1.0, 'X': 170.95, 'Y': 120.974, 'E': 6.6039}}
DECISION : ALLOW
------------------------------------------------------------
[SEQ 233] [IEEE-BASELINE]
SCORE    : anomaly_score=0.000
DECISION : ALLOW
------------------------------------------------------------
[SEQ 234] [LAYER 0]
CMD      : G1 X0.1 Y0.1 E20 F600
TRUST    : acc_cmd=1.000 | acc_exec=0.000 | trust=0.030
DECISION : PAUSE
MACHINE  : Machine-4
------------------------------------------------------------
[SEQ 234] [STATIC-BASELINE]
CMD      : G1 | effects={'dx': -170.85, 'dy': -120.87400000000001, 'dz': 0.0, 'de': 13.3961, 'xy_dist': 209.28508397876806, 'params': {'G': 1.0, 'X': 0.1, 'Y': 0.1, 'E': 20.0, 'F': 600.0}}
DECISION : ALLOW
------------------------------------------------------------
[SEQ 234] [IEEE-BASELINE]
SCORE    : anomaly_score=0.000
DECISION : ALLOW
------------------------------------------------------------
[SEQ 235] [LAYER 0]
CMD      : G1 X0.1 Y0.1 E20 F600
TRUST    : acc_cmd=1.000 | acc_exec=0.000 | trust=0.014
DECISION : PAUSE
MACHINE  : Machine-4
------------------------------------------------------------
[SEQ 235] [STATIC-BASELINE]
CMD      : G1 | effects={'dx': 0.0, 'dy': 0.0, 'dz': 0.0, 'de': 0.0, 'xy_dist': 0.0, 'params': {'G': 1.0, 'X': 0.1, 'Y': 0.1, 'E': 20.0, 'F': 600.0}}
DECISION : ALLOW
------------------------------------------------------------
[SEQ 235] [IEEE-BASELINE]
SCORE    : anomaly_score=0.000
DECISION : ALLOW
------------------------------------------------------------
[SEQ 236] [LAYER 0]
CMD      : G1 X0.1 Y0.1 E20 F600
TRUST    : acc_cmd=1.000 | acc_exec=0.000 | trust=0.007
DECISION : PAUSE
MACHINE  : Machine-4
------------------------------------------------------------
[SEQ 236] [STATIC-BASELINE]
CMD      : G1 | effects={'dx': 0.0, 'dy': 0.0, 'dz': 0.0, 'de': 0.0, 'xy_dist': 0.0, 'params': {'G': 1.0, 'X': 0.1, 'Y': 0.1, 'E': 20.0, 'F': 600.0}}
DECISION : ALLOW
------------------------------------------------------------
[SEQ 236] [IEEE-BASELINE]
SCORE    : anomaly_score=0.000
DECISION : ALLOW
------------------------------------------------------------
[SEQ 237] [LAYER 0]
CMD      : G1 X0.1 Y0.1 E20 F600
TRUST    : acc_cmd=1.000 | acc_exec=1.000 | trust=0.003
DECISION : PAUSE
MACHINE  : Machine-4
------------------------------------------------------------
[SEQ 237] [STATIC-BASELINE]
CMD      : G1 | effects={'dx': 0.0, 'dy': 0.0, 'dz': 0.0, 'de': 0.0, 'xy_dist': 0.0, 'params': {'G': 1.0, 'X': 0.1, 'Y': 0.1, 'E': 20.0, 'F': 600.0}}
DECISION : ALLOW
------------------------------------------------------------
[SEQ 237] [IEEE-BASELINE]
SCORE    : anomaly_score=0.000
DECISION : ALLOW
------------------------------------------------------------
[SEQ 238] [LAYER 0]
CMD      : G1 X0.1 Y0.1 E20 F600
TRUST    : acc_cmd=1.000 | acc_exec=1.000 | trust=0.002
DECISION : PAUSE
MACHINE  : Machine-4
------------------------------------------------------------
[SEQ 238] [STATIC-BASELINE]
CMD      : G1 | effects={'dx': 0.0, 'dy': 0.0, 'dz': 0.0, 'de': 0.0, 'xy_dist': 0.0, 'params': {'G': 1.0, 'X': 0.1, 'Y': 0.1, 'E': 20.0, 'F': 600.0}}
DECISION : ALLOW
------------------------------------------------------------
[SEQ 238] [IEEE-BASELINE]
SCORE    : anomaly_score=0.000
DECISION : ALLOW
------------------------------------------------------------
[SEQ 239] [LAYER 0]
CMD      : G1 X0.1 Y0.1 E20 F600
TRUST    : acc_cmd=1.000 | acc_exec=1.000 | trust=0.001
DECISION : PAUSE
MACHINE  : Machine-4
------------------------------------------------------------
[SEQ 239] [STATIC-BASELINE]
CMD      : G1 | effects={'dx': 0.0, 'dy': 0.0, 'dz': 0.0, 'de': 0.0, 'xy_dist': 0.0, 'params': {'G': 1.0, 'X': 0.1, 'Y': 0.1, 'E': 20.0, 'F': 600.0}}
DECISION : ALLOW
------------------------------------------------------------
[SEQ 239] [IEEE-BASELINE]
SCORE    : anomaly_score=0.000
DECISION : ALLOW
------------------------------------------------------------
[SEQ 240] [LAYER 0]
CMD      : G1 X0.1 Y0.1 E20 F600
TRUST    : acc_cmd=1.000 | acc_exec=1.000 | trust=0.001
DECISION : PAUSE
MACHINE  : Machine-4
------------------------------------------------------------
[SEQ 240] [STATIC-BASELINE]
CMD      : G1 | effects={'dx': 0.0, 'dy': 0.0, 'dz': 0.0, 'de': 0.0, 'xy_dist': 0.0, 'params': {'G': 1.0, 'X': 0.1, 'Y': 0.1, 'E': 20.0, 'F': 600.0}}
DECISION : ALLOW
------------------------------------------------------------
[SEQ 240] [IEEE-BASELINE]
SCORE    : anomaly_score=0.000
DECISION : ALLOW
------------------------------------------------------------
[SEQ 241] [LAYER 0]
CMD      : G1 X0.1 Y0.1 E20 F600
TRUST    : acc_cmd=1.000 | acc_exec=1.000 | trust=0.001
DECISION : PAUSE
MACHINE  : Machine-4
------------------------------------------------------------
[SEQ 241] [STATIC-BASELINE]
CMD      : G1 | effects={'dx': 0.0, 'dy': 0.0, 'dz': 0.0, 'de': 0.0, 'xy_dist': 0.0, 'params': {'G': 1.0, 'X': 0.1, 'Y': 0.1, 'E': 20.0, 'F': 600.0}}
DECISION : ALLOW
------------------------------------------------------------
[SEQ 241] [IEEE-BASELINE]
SCORE    : anomaly_score=0.000
DECISION : ALLOW
------------------------------------------------------------
[SEQ 242] [LAYER 0]
CMD      : G1 X0.1 Y0.1 E20 F600
TRUST    : acc_cmd=1.000 | acc_exec=1.000 | trust=0.001
DECISION : PAUSE
MACHINE  : Machine-4
------------------------------------------------------------
[SEQ 242] [STATIC-BASELINE]
CMD      : G1 | effects={'dx': 0.0, 'dy': 0.0, 'dz': 0.0, 'de': 0.0, 'xy_dist': 0.0, 'params': {'G': 1.0, 'X': 0.1, 'Y': 0.1, 'E': 20.0, 'F': 600.0}}
DECISION : ALLOW
------------------------------------------------------------
[SEQ 242] [IEEE-BASELINE]
SCORE    : anomaly_score=0.000
DECISION : ALLOW
------------------------------------------------------------
[SEQ 243] [LAYER 0]
CMD      : G1 X0.1 Y0.1 E20 F600
TRUST    : acc_cmd=1.000 | acc_exec=1.000 | trust=0.001
DECISION : PAUSE
MACHINE  : Machine-4
------------------------------------------------------------
[SEQ 243] [STATIC-BASELINE]
CMD      : G1 | effects={'dx': 0.0, 'dy': 0.0, 'dz': 0.0, 'de': 0.0, 'xy_dist': 0.0, 'params': {'G': 1.0, 'X': 0.1, 'Y': 0.1, 'E': 20.0, 'F': 600.0}}
DECISION : ALLOW
------------------------------------------------------------
[SEQ 243] [IEEE-BASELINE]
SCORE    : anomaly_score=0.000
DECISION : ALLOW
------------------------------------------------------------
[SEQ 244] [LAYER 0]
CMD      : G1 X0.1 Y0.1 E20 F600
TRUST    : acc_cmd=1.000 | acc_exec=1.000 | trust=0.001
DECISION : PAUSE
MACHINE  : Machine-4
------------------------------------------------------------
[SEQ 244] [STATIC-BASELINE]
CMD      : G1 | effects={'dx': 0.0, 'dy': 0.0, 'dz': 0.0, 'de': 0.0, 'xy_dist': 0.0, 'params': {'G': 1.0, 'X': 0.1, 'Y': 0.1, 'E': 20.0, 'F': 600.0}}
DECISION : ALLOW
------------------------------------------------------------
[SEQ 244] [IEEE-BASELINE]
SCORE    : anomaly_score=0.000
DECISION : ALLOW
------------------------------------------------------------
[SEQ 245] [LAYER 0]
CMD      : G1 X159.647 Y117.356 E6.99251
TRUST    : acc_cmd=0.000 | acc_exec=1.000 | trust=0.001
DECISION : PAUSE
MACHINE  : Machine-4
------------------------------------------------------------
[SEQ 245] [STATIC-BASELINE]
CMD      : G1 | effects={'dx': 159.547, 'dy': 117.256, 'dz': 0.0, 'de': -13.00749, 'xy_dist': 198.00054228461093, 'params': {'G': 1.0, 'X': 159.647, 'Y': 117.356, 'E': 6.99251}}
DECISION : ALLOW
------------------------------------------------------------
[SEQ 245] [IEEE-BASELINE]
SCORE    : anomaly_score=0.000
DECISION : ALLOW
------------------------------------------------------------
[SEQ 246] [LAYER 0]
CMD      : G1 X0.1 Y0.1 E20 F600
TRUST    : acc_cmd=1.000 | acc_exec=0.000 | trust=0.002
DECISION : PAUSE
MACHINE  : Machine-4
------------------------------------------------------------
[SEQ 246] [STATIC-BASELINE]
CMD      : G1 | effects={'dx': -159.547, 'dy': -117.256, 'dz': 0.0, 'de': 13.00749, 'xy_dist': 198.00054228461093, 'params': {'G': 1.0, 'X': 0.1, 'Y': 0.1, 'E': 20.0, 'F': 600.0}}
DECISION : ALLOW
------------------------------------------------------------
[SEQ 246] [IEEE-BASELINE]
SCORE    : anomaly_score=0.000
DECISION : ALLOW
------------------------------------------------------------
[SEQ 247] [LAYER 0]
CMD      : G0 F3600 X160.472 Y116.714
TRUST    : acc_cmd=0.000 | acc_exec=0.000 | trust=0.021
DECISION : PAUSE
MACHINE  : Machine-4
------------------------------------------------------------
[SEQ 247] [STATIC-BASELINE]
CMD      : G0 | effects={'dx': 160.372, 'dy': 116.614, 'dz': 0.0, 'de': 0.0, 'xy_dist': 198.28767833630008, 'params': {'G': 0.0, 'F': 3600.0, 'X': 160.472, 'Y': 116.714}}
DECISION : ALLOW
------------------------------------------------------------
[SEQ 247] [IEEE-BASELINE]
SCORE    : anomaly_score=0.000
DECISION : ALLOW
------------------------------------------------------------
[SEQ 248] [LAYER 0]
CMD      : G1 X0.1 Y0.1 E20 F600
TRUST    : acc_cmd=1.000 | acc_exec=0.000 | trust=0.012
DECISION : PAUSE
MACHINE  : Machine-4
------------------------------------------------------------
[SEQ 248] [STATIC-BASELINE]
CMD      : G1 | effects={'dx': -160.372, 'dy': -116.614, 'dz': 0.0, 'de': 0.0, 'xy_dist': 198.28767833630008, 'params': {'G': 1.0, 'X': 0.1, 'Y': 0.1, 'E': 20.0, 'F': 600.0}}
DECISION : ALLOW
------------------------------------------------------------
[SEQ 248] [IEEE-BASELINE]
SCORE    : anomaly_score=0.000
DECISION : ALLOW
------------------------------------------------------------
[SEQ 249] [LAYER 0]
CMD      : G1 X0.1 Y0.1 E20 F600
TRUST    : acc_cmd=1.000 | acc_exec=0.000 | trust=0.006
DECISION : PAUSE
MACHINE  : Machine-4
------------------------------------------------------------
[SEQ 249] [STATIC-BASELINE]
CMD      : G1 | effects={'dx': 0.0, 'dy': 0.0, 'dz': 0.0, 'de': 0.0, 'xy_dist': 0.0, 'params': {'G': 1.0, 'X': 0.1, 'Y': 0.1, 'E': 20.0, 'F': 600.0}}
DECISION : ALLOW
------------------------------------------------------------
[SEQ 249] [IEEE-BASELINE]
SCORE    : anomaly_score=0.000
DECISION : ALLOW
------------------------------------------------------------
[SEQ 250] [LAYER 0]
CMD      : G1 X0.1 Y0.1 E20 F600
TRUST    : acc_cmd=1.000 | acc_exec=0.000 | trust=0.003
DECISION : PAUSE
MACHINE  : Machine-4
------------------------------------------------------------
[SEQ 250] [STATIC-BASELINE]
CMD      : G1 | effects={'dx': 0.0, 'dy': 0.0, 'dz': 0.0, 'de': 0.0, 'xy_dist': 0.0, 'params': {'G': 1.0, 'X': 0.1, 'Y': 0.1, 'E': 20.0, 'F': 600.0}}
DECISION : ALLOW
------------------------------------------------------------
[SEQ 250] [IEEE-BASELINE]
SCORE    : anomaly_score=0.000
DECISION : ALLOW
------------------------------------------------------------
[SEQ 251] [LAYER 0]
CMD      : G1 X0.1 Y0.1 E20 F600
TRUST    : acc_cmd=1.000 | acc_exec=1.000 | trust=0.002
DECISION : PAUSE
MACHINE  : Machine-4
------------------------------------------------------------
[SEQ 251] [STATIC-BASELINE]
CMD      : G1 | effects={'dx': 0.0, 'dy': 0.0, 'dz': 0.0, 'de': 0.0, 'xy_dist': 0.0, 'params': {'G': 1.0, 'X': 0.1, 'Y': 0.1, 'E': 20.0, 'F': 600.0}}
DECISION : ALLOW
------------------------------------------------------------
[SEQ 251] [IEEE-BASELINE]
SCORE    : anomaly_score=0.000
DECISION : ALLOW
------------------------------------------------------------
[SEQ 252] [LAYER 0]
CMD      : G1 X165.579 Y114.42 E7.12175
TRUST    : acc_cmd=0.000 | acc_exec=0.981 | trust=0.005
DECISION : PAUSE
MACHINE  : Machine-4
------------------------------------------------------------
[SEQ 252] [STATIC-BASELINE]
CMD      : G1 | effects={'dx': 165.479, 'dy': 114.32000000000001, 'dz': 0.0, 'de': -12.878250000000001, 'xy_dist': 201.12772519222705, 'params': {'G': 1.0, 'X': 165.579, 'Y': 114.42, 'E': 7.12175}}
DECISION : ALLOW
------------------------------------------------------------
[SEQ 252] [IEEE-BASELINE]
SCORE    : anomaly_score=0.000
DECISION : ALLOW
------------------------------------------------------------
[SEQ 253] [LAYER 0]
CMD      : G1 X0.1 Y0.1 E20 F600
TRUST    : acc_cmd=1.000 | acc_exec=0.000 | trust=0.004
DECISION : PAUSE
MACHINE  : Machine-4
------------------------------------------------------------
[SEQ 253] [STATIC-BASELINE]
CMD      : G1 | effects={'dx': -165.479, 'dy': -114.32000000000001, 'dz': 0.0, 'de': 12.878250000000001, 'xy_dist': 201.12772519222705, 'params': {'G': 1.0, 'X': 0.1, 'Y': 0.1, 'E': 20.0, 'F': 600.0}}
DECISION : ALLOW
------------------------------------------------------------
[SEQ 253] [IEEE-BASELINE]
SCORE    : anomaly_score=0.000
DECISION : ALLOW
------------------------------------------------------------
[SEQ 254] [LAYER 0]
CMD      : G1 X168.529 Y115.576 E7.18187
TRUST    : acc_cmd=0.000 | acc_exec=0.972 | trust=0.007
DECISION : PAUSE
MACHINE  : Machine-4
------------------------------------------------------------
[SEQ 254] [STATIC-BASELINE]
CMD      : G1 | effects={'dx': 168.429, 'dy': 115.476, 'dz': 0.0, 'de': -12.81813, 'xy_dist': 204.21320872313817, 'params': {'G': 1.0, 'X': 168.529, 'Y': 115.576, 'E': 7.18187}}
DECISION : ALLOW
------------------------------------------------------------
[SEQ 254] [IEEE-BASELINE]
SCORE    : anomaly_score=0.000
DECISION : ALLOW
------------------------------------------------------------
[SEQ 255] [LAYER 0]
CMD      : G1 X0.1 Y0.1 E20 F600
TRUST    : acc_cmd=1.000 | acc_exec=0.000 | trust=0.007
DECISION : PAUSE
MACHINE  : Machine-4
------------------------------------------------------------
[SEQ 255] [STATIC-BASELINE]
CMD      : G1 | effects={'dx': -168.429, 'dy': -115.476, 'dz': 0.0, 'de': 12.81813, 'xy_dist': 204.21320872313817, 'params': {'G': 1.0, 'X': 0.1, 'Y': 0.1, 'E': 20.0, 'F': 600.0}}
DECISION : ALLOW
------------------------------------------------------------
[SEQ 255] [IEEE-BASELINE]
SCORE    : anomaly_score=0.000
DECISION : ALLOW
------------------------------------------------------------
[SEQ 256] [LAYER 0]
CMD      : G1 X0.1 Y0.1 E20 F600
TRUST    : acc_cmd=1.000 | acc_exec=0.000 | trust=0.004
DECISION : PAUSE
MACHINE  : Machine-4
------------------------------------------------------------
[SEQ 256] [STATIC-BASELINE]
CMD      : G1 | effects={'dx': 0.0, 'dy': 0.0, 'dz': 0.0, 'de': 0.0, 'xy_dist': 0.0, 'params': {'G': 1.0, 'X': 0.1, 'Y': 0.1, 'E': 20.0, 'F': 600.0}}
DECISION : ALLOW
------------------------------------------------------------
[SEQ 256] [IEEE-BASELINE]
SCORE    : anomaly_score=0.000
DECISION : ALLOW
------------------------------------------------------------
[SEQ 257] [LAYER 0]
CMD      : G1 X0.1 Y0.1 E20 F600
TRUST    : acc_cmd=1.000 | acc_exec=0.000 | trust=0.003
DECISION : PAUSE
MACHINE  : Machine-4
------------------------------------------------------------
[SEQ 257] [STATIC-BASELINE]
CMD      : G1 | effects={'dx': 0.0, 'dy': 0.0, 'dz': 0.0, 'de': 0.0, 'xy_dist': 0.0, 'params': {'G': 1.0, 'X': 0.1, 'Y': 0.1, 'E': 20.0, 'F': 600.0}}
DECISION : ALLOW
------------------------------------------------------------
[SEQ 257] [IEEE-BASELINE]
SCORE    : anomaly_score=0.000
DECISION : ALLOW
------------------------------------------------------------
[SEQ 258] [LAYER 0]
CMD      : G1 X170.1 Y122.364 E7.32254
TRUST    : acc_cmd=0.000 | acc_exec=0.950 | trust=0.012
DECISION : PAUSE
MACHINE  : Machine-4
------------------------------------------------------------
[SEQ 258] [STATIC-BASELINE]
CMD      : G1 | effects={'dx': 170.0, 'dy': 122.26400000000001, 'dz': 0.0, 'de': -12.67746, 'xy_dist': 209.40030013350028, 'params': {'G': 1.0, 'X': 170.1, 'Y': 122.364, 'E': 7.32254}}
DECISION : ALLOW
------------------------------------------------------------
[SEQ 258] [IEEE-BASELINE]
SCORE    : anomaly_score=0.000
DECISION : ALLOW
------------------------------------------------------------
[SEQ 259] [LAYER 0]
CMD      : G1 X169.273 Y123.651 E7.35132
TRUST    : acc_cmd=0.000 | acc_exec=0.000 | trust=0.061
DECISION : PAUSE
MACHINE  : Machine-4
------------------------------------------------------------
[SEQ 259] [STATIC-BASELINE]
CMD      : G1 | effects={'dx': -0.8269999999999982, 'dy': 1.286999999999992, 'dz': 0.0, 'de': 0.02878000000000025, 'xy_dist': 1.5298032553240224, 'params': {'G': 1.0, 'X': 169.273, 'Y': 123.651, 'E': 7.35132}}
DECISION : ALLOW
------------------------------------------------------------
[SEQ 259] [IEEE-BASELINE]
SCORE    : anomaly_score=0.000
DECISION : ALLOW
------------------------------------------------------------
[SEQ 260] [LAYER 0]
CMD      : G1 X0.1 Y0.1 E20 F600
TRUST    : acc_cmd=1.000 | acc_exec=0.000 | trust=0.032
DECISION : PAUSE
MACHINE  : Machine-4
------------------------------------------------------------
[SEQ 260] [STATIC-BASELINE]
CMD      : G1 | effects={'dx': -169.173, 'dy': -123.551, 'dz': 0.0, 'de': 12.648679999999999, 'xy_dist': 209.48592680655184, 'params': {'G': 1.0, 'X': 0.1, 'Y': 0.1, 'E': 20.0, 'F': 600.0}}
DECISION : ALLOW
------------------------------------------------------------
[SEQ 260] [IEEE-BASELINE]
SCORE    : anomaly_score=0.000
DECISION : ALLOW
------------------------------------------------------------
[SEQ 261] [LAYER 0]
CMD      : G1 X0.1 Y0.1 E20 F600
TRUST    : acc_cmd=1.000 | acc_exec=0.000 | trust=0.015
DECISION : PAUSE
MACHINE  : Machine-4
------------------------------------------------------------
[SEQ 261] [STATIC-BASELINE]
CMD      : G1 | effects={'dx': 0.0, 'dy': 0.0, 'dz': 0.0, 'de': 0.0, 'xy_dist': 0.0, 'params': {'G': 1.0, 'X': 0.1, 'Y': 0.1, 'E': 20.0, 'F': 600.0}}
DECISION : ALLOW
------------------------------------------------------------
[SEQ 261] [IEEE-BASELINE]
SCORE    : anomaly_score=0.000
DECISION : ALLOW
------------------------------------------------------------
[SEQ 262] [LAYER 0]
CMD      : G1 X165.847 Y125.55 E7.42625
TRUST    : acc_cmd=0.000 | acc_exec=0.934 | trust=0.026
DECISION : PAUSE
MACHINE  : Machine-4
------------------------------------------------------------
[SEQ 262] [STATIC-BASELINE]
CMD      : G1 | effects={'dx': 165.747, 'dy': 125.45, 'dz': 0.0, 'de': -12.57375, 'xy_dist': 207.86959977110652, 'params': {'G': 1.0, 'X': 165.847, 'Y': 125.55, 'E': 7.42625}}
DECISION : ALLOW
------------------------------------------------------------
[SEQ 262] [IEEE-BASELINE]
SCORE    : anomaly_score=0.000
DECISION : ALLOW
------------------------------------------------------------
[SEQ 263] [LAYER 0]
CMD      : G1 X0.1 Y0.1 E20 F600
TRUST    : acc_cmd=1.000 | acc_exec=0.000 | trust=0.014
DECISION : PAUSE
MACHINE  : Machine-4
------------------------------------------------------------
[SEQ 263] [STATIC-BASELINE]
CMD      : G1 | effects={'dx': -165.747, 'dy': -125.45, 'dz': 0.0, 'de': 12.57375, 'xy_dist': 207.86959977110652, 'params': {'G': 1.0, 'X': 0.1, 'Y': 0.1, 'E': 20.0, 'F': 600.0}}
DECISION : ALLOW
------------------------------------------------------------
[SEQ 263] [IEEE-BASELINE]
SCORE    : anomaly_score=0.000
DECISION : ALLOW
------------------------------------------------------------
[SEQ 264] [LAYER 0]
CMD      : G1 X0.1 Y0.1 E20 F600
TRUST    : acc_cmd=1.000 | acc_exec=0.000 | trust=0.007
DECISION : PAUSE
MACHINE  : Machine-4
------------------------------------------------------------
[SEQ 264] [STATIC-BASELINE]
CMD      : G1 | effects={'dx': 0.0, 'dy': 0.0, 'dz': 0.0, 'de': 0.0, 'xy_dist': 0.0, 'params': {'G': 1.0, 'X': 0.1, 'Y': 0.1, 'E': 20.0, 'F': 600.0}}
DECISION : ALLOW
------------------------------------------------------------
[SEQ 264] [IEEE-BASELINE]
SCORE    : anomaly_score=0.000
DECISION : ALLOW
------------------------------------------------------------
[SEQ 265] [LAYER 0]
CMD      : G1 X0.1 Y0.1 E20 F600
TRUST    : acc_cmd=1.000 | acc_exec=0.000 | trust=0.004
DECISION : PAUSE
MACHINE  : Machine-4
------------------------------------------------------------
[SEQ 265] [STATIC-BASELINE]
CMD      : G1 | effects={'dx': 0.0, 'dy': 0.0, 'dz': 0.0, 'de': 0.0, 'xy_dist': 0.0, 'params': {'G': 1.0, 'X': 0.1, 'Y': 0.1, 'E': 20.0, 'F': 600.0}}
DECISION : ALLOW
------------------------------------------------------------
[SEQ 265] [IEEE-BASELINE]
SCORE    : anomaly_score=0.000
DECISION : ALLOW
------------------------------------------------------------
[SEQ 266] [LAYER 0]
CMD      : G1 X0.1 Y0.1 E20 F600
TRUST    : acc_cmd=1.000 | acc_exec=1.000 | trust=0.002
DECISION : PAUSE
MACHINE  : Machine-4
------------------------------------------------------------
[SEQ 266] [STATIC-BASELINE]
CMD      : G1 | effects={'dx': 0.0, 'dy': 0.0, 'dz': 0.0, 'de': 0.0, 'xy_dist': 0.0, 'params': {'G': 1.0, 'X': 0.1, 'Y': 0.1, 'E': 20.0, 'F': 600.0}}
DECISION : ALLOW
------------------------------------------------------------
[SEQ 266] [IEEE-BASELINE]
SCORE    : anomaly_score=0.000
DECISION : ALLOW
------------------------------------------------------------
[SEQ 267] [LAYER 0]
CMD      : G1 X0.1 Y0.1 E20 F600
TRUST    : acc_cmd=1.000 | acc_exec=1.000 | trust=0.001
DECISION : PAUSE
MACHINE  : Machine-4
------------------------------------------------------------
[SEQ 267] [STATIC-BASELINE]
CMD      : G1 | effects={'dx': 0.0, 'dy': 0.0, 'dz': 0.0, 'de': 0.0, 'xy_dist': 0.0, 'params': {'G': 1.0, 'X': 0.1, 'Y': 0.1, 'E': 20.0, 'F': 600.0}}
DECISION : ALLOW
------------------------------------------------------------
[SEQ 267] [IEEE-BASELINE]
SCORE    : anomaly_score=0.000
DECISION : ALLOW
------------------------------------------------------------
[SEQ 268] [LAYER 0]
CMD      : G1 X0.1 Y0.1 E20 F600
TRUST    : acc_cmd=1.000 | acc_exec=1.000 | trust=0.001
DECISION : PAUSE
MACHINE  : Machine-4
------------------------------------------------------------
[SEQ 268] [STATIC-BASELINE]
CMD      : G1 | effects={'dx': 0.0, 'dy': 0.0, 'dz': 0.0, 'de': 0.0, 'xy_dist': 0.0, 'params': {'G': 1.0, 'X': 0.1, 'Y': 0.1, 'E': 20.0, 'F': 600.0}}
DECISION : ALLOW
------------------------------------------------------------
[SEQ 268] [IEEE-BASELINE]
SCORE    : anomaly_score=0.000
DECISION : ALLOW
------------------------------------------------------------
[SEQ 269] [LAYER 0]
CMD      : G1 X159.995 Y117.554 E7.656
TRUST    : acc_cmd=0.000 | acc_exec=0.899 | trust=0.001
DECISION : PAUSE
MACHINE  : Machine-4
------------------------------------------------------------
[SEQ 269] [STATIC-BASELINE]
CMD      : G1 | effects={'dx': 159.895, 'dy': 117.45400000000001, 'dz': 0.0, 'de': -12.344000000000001, 'xy_dist': 198.398218593313, 'params': {'G': 1.0, 'X': 159.995, 'Y': 117.554, 'E': 7.656}}
DECISION : ALLOW
------------------------------------------------------------
[SEQ 269] [IEEE-BASELINE]
SCORE    : anomaly_score=0.000
DECISION : ALLOW
------------------------------------------------------------
[SEQ 270] [LAYER 0]
CMD      : G1 X0.1 Y0.1 E20 F600
TRUST    : acc_cmd=1.000 | acc_exec=0.000 | trust=0.003
DECISION : PAUSE
MACHINE  : Machine-4
------------------------------------------------------------
[SEQ 270] [STATIC-BASELINE]
CMD      : G1 | effects={'dx': -159.895, 'dy': -117.45400000000001, 'dz': 0.0, 'de': 12.344000000000001, 'xy_dist': 198.398218593313, 'params': {'G': 1.0, 'X': 0.1, 'Y': 0.1, 'E': 20.0, 'F': 600.0}}
DECISION : ALLOW
------------------------------------------------------------
[SEQ 270] [IEEE-BASELINE]
SCORE    : anomaly_score=0.000
DECISION : ALLOW
------------------------------------------------------------
[SEQ 271] [LAYER 0]
CMD      : G0 F3600 X160.797 Y116.953
TRUST    : acc_cmd=0.000 | acc_exec=0.000 | trust=0.022
DECISION : PAUSE
MACHINE  : Machine-4
------------------------------------------------------------
[SEQ 271] [STATIC-BASELINE]
CMD      : G0 | effects={'dx': 160.697, 'dy': 116.85300000000001, 'dz': 0.0, 'de': 0.0, 'xy_dist': 198.6910904343725, 'params': {'G': 0.0, 'F': 3600.0, 'X': 160.797, 'Y': 116.953}}
DECISION : ALLOW
------------------------------------------------------------
[SEQ 271] [IEEE-BASELINE]
SCORE    : anomaly_score=0.000
DECISION : ALLOW
------------------------------------------------------------
[SEQ 272] [LAYER 0]
CMD      : G1 X0.1 Y0.1 E20 F600
TRUST    : acc_cmd=1.000 | acc_exec=0.000 | trust=0.013
DECISION : PAUSE
MACHINE  : Machine-4
------------------------------------------------------------
[SEQ 272] [STATIC-BASELINE]
CMD      : G1 | effects={'dx': -160.697, 'dy': -116.85300000000001, 'dz': 0.0, 'de': 0.0, 'xy_dist': 198.6910904343725, 'params': {'G': 1.0, 'X': 0.1, 'Y': 0.1, 'E': 20.0, 'F': 600.0}}
DECISION : ALLOW
------------------------------------------------------------
[SEQ 272] [IEEE-BASELINE]
SCORE    : anomaly_score=0.000
DECISION : ALLOW
------------------------------------------------------------
[SEQ 273] [LAYER 0]
CMD      : G1 X0.1 Y0.1 E20 F600
TRUST    : acc_cmd=1.000 | acc_exec=0.000 | trust=0.006
DECISION : PAUSE
MACHINE  : Machine-4
------------------------------------------------------------
[SEQ 273] [STATIC-BASELINE]
CMD      : G1 | effects={'dx': 0.0, 'dy': 0.0, 'dz': 0.0, 'de': 0.0, 'xy_dist': 0.0, 'params': {'G': 1.0, 'X': 0.1, 'Y': 0.1, 'E': 20.0, 'F': 600.0}}
DECISION : ALLOW
------------------------------------------------------------
[SEQ 273] [IEEE-BASELINE]
SCORE    : anomaly_score=0.000
DECISION : ALLOW
------------------------------------------------------------
[SEQ 274] [LAYER 0]
CMD      : G1 X0.1 Y0.1 E20 F600
TRUST    : acc_cmd=1.000 | acc_exec=0.000 | trust=0.003
DECISION : PAUSE
MACHINE  : Machine-4
------------------------------------------------------------
[SEQ 274] [STATIC-BASELINE]
CMD      : G1 | effects={'dx': 0.0, 'dy': 0.0, 'dz': 0.0, 'de': 0.0, 'xy_dist': 0.0, 'params': {'G': 1.0, 'X': 0.1, 'Y': 0.1, 'E': 20.0, 'F': 600.0}}
DECISION : ALLOW
------------------------------------------------------------
[SEQ 274] [IEEE-BASELINE]
SCORE    : anomaly_score=0.000
DECISION : ALLOW
------------------------------------------------------------
[SEQ 275] [LAYER 0]
CMD      : G1 X165.54 Y114.821 E7.77656
TRUST    : acc_cmd=0.000 | acc_exec=0.881 | trust=0.013
DECISION : PAUSE
MACHINE  : Machine-4
------------------------------------------------------------
[SEQ 275] [STATIC-BASELINE]
CMD      : G1 | effects={'dx': 165.44, 'dy': 114.721, 'dz': 0.0, 'de': -12.22344, 'xy_dist': 201.32387200975447, 'params': {'G': 1.0, 'X': 165.54, 'Y': 114.821, 'E': 7.77656}}
DECISION : ALLOW
------------------------------------------------------------
[SEQ 275] [IEEE-BASELINE]
SCORE    : anomaly_score=0.000
DECISION : ALLOW
------------------------------------------------------------
[SEQ 276] [LAYER 0]
CMD      : G1 X0.1 Y0.1 E20 F600
TRUST    : acc_cmd=1.000 | acc_exec=0.000 | trust=0.008
DECISION : PAUSE
MACHINE  : Machine-4
------------------------------------------------------------
[SEQ 276] [STATIC-BASELINE]
CMD      : G1 | effects={'dx': -165.44, 'dy': -114.721, 'dz': 0.0, 'de': 12.22344, 'xy_dist': 201.32387200975447, 'params': {'G': 1.0, 'X': 0.1, 'Y': 0.1, 'E': 20.0, 'F': 600.0}}
DECISION : ALLOW
------------------------------------------------------------
[SEQ 276] [IEEE-BASELINE]
SCORE    : anomaly_score=0.000
DECISION : ALLOW
------------------------------------------------------------
[SEQ 277] [LAYER 0]
CMD      : G1 X0.1 Y0.1 E20 F600
TRUST    : acc_cmd=1.000 | acc_exec=0.000 | trust=0.004
DECISION : PAUSE
MACHINE  : Machine-4
------------------------------------------------------------
[SEQ 277] [STATIC-BASELINE]
CMD      : G1 | effects={'dx': 0.0, 'dy': 0.0, 'dz': 0.0, 'de': 0.0, 'xy_dist': 0.0, 'params': {'G': 1.0, 'X': 0.1, 'Y': 0.1, 'E': 20.0, 'F': 600.0}}
DECISION : ALLOW
------------------------------------------------------------
[SEQ 277] [IEEE-BASELINE]
SCORE    : anomaly_score=0.000
DECISION : ALLOW
------------------------------------------------------------
[SEQ 278] [LAYER 0]
CMD      : G1 X0.1 Y0.1 E20 F600
TRUST    : acc_cmd=1.000 | acc_exec=0.000 | trust=0.002
DECISION : PAUSE
MACHINE  : Machine-4
------------------------------------------------------------
[SEQ 278] [STATIC-BASELINE]
CMD      : G1 | effects={'dx': 0.0, 'dy': 0.0, 'dz': 0.0, 'de': 0.0, 'xy_dist': 0.0, 'params': {'G': 1.0, 'X': 0.1, 'Y': 0.1, 'E': 20.0, 'F': 600.0}}
DECISION : ALLOW
------------------------------------------------------------
[SEQ 278] [IEEE-BASELINE]
SCORE    : anomaly_score=0.000
DECISION : ALLOW
------------------------------------------------------------
[SEQ 279] [LAYER 0]
CMD      : G1 X170.181 Y119.22 E7.90573
TRUST    : acc_cmd=0.000 | acc_exec=0.861 | trust=0.012
DECISION : PAUSE
MACHINE  : Machine-4
------------------------------------------------------------
[SEQ 279] [STATIC-BASELINE]
CMD      : G1 | effects={'dx': 170.08100000000002, 'dy': 119.12, 'dz': 0.0, 'de': -12.09427, 'xy_dist': 207.64662520975392, 'params': {'G': 1.0, 'X': 170.181, 'Y': 119.22, 'E': 7.90573}}
DECISION : ALLOW
------------------------------------------------------------
[SEQ 279] [IEEE-BASELINE]
SCORE    : anomaly_score=0.000
DECISION : ALLOW
------------------------------------------------------------
[SEQ 280] [LAYER 0]
CMD      : G1 X0.1 Y0.1 E20 F600
TRUST    : acc_cmd=1.000 | acc_exec=0.000 | trust=0.007
DECISION : PAUSE
MACHINE  : Machine-4
------------------------------------------------------------
[SEQ 280] [STATIC-BASELINE]
CMD      : G1 | effects={'dx': -170.08100000000002, 'dy': -119.12, 'dz': 0.0, 'de': 12.09427, 'xy_dist': 207.64662520975392, 'params': {'G': 1.0, 'X': 0.1, 'Y': 0.1, 'E': 20.0, 'F': 600.0}}
DECISION : ALLOW
------------------------------------------------------------
[SEQ 280] [IEEE-BASELINE]
SCORE    : anomaly_score=0.000
DECISION : ALLOW
------------------------------------------------------------
[SEQ 281] [LAYER 0]
CMD      : G1 X169.733 Y122.196 E7.96291
TRUST    : acc_cmd=0.000 | acc_exec=0.852 | trust=0.019
DECISION : PAUSE
MACHINE  : Machine-4
------------------------------------------------------------
[SEQ 281] [STATIC-BASELINE]
CMD      : G1 | effects={'dx': 169.633, 'dy': 122.096, 'dz': 0.0, 'de': -12.03709, 'xy_dist': 209.00427724092157, 'params': {'G': 1.0, 'X': 169.733, 'Y': 122.196, 'E': 7.96291}}
DECISION : ALLOW
------------------------------------------------------------
[SEQ 281] [IEEE-BASELINE]
SCORE    : anomaly_score=0.000
DECISION : ALLOW
------------------------------------------------------------
[SEQ 282] [LAYER 0]
CMD      : G1 X0.1 Y0.1 E20 F600
TRUST    : acc_cmd=1.000 | acc_exec=0.000 | trust=0.012
DECISION : PAUSE
MACHINE  : Machine-4
------------------------------------------------------------
[SEQ 282] [STATIC-BASELINE]
CMD      : G1 | effects={'dx': -169.633, 'dy': -122.096, 'dz': 0.0, 'de': 12.03709, 'xy_dist': 209.00427724092157, 'params': {'G': 1.0, 'X': 0.1, 'Y': 0.1, 'E': 20.0, 'F': 600.0}}
DECISION : ALLOW
------------------------------------------------------------
[SEQ 282] [IEEE-BASELINE]
SCORE    : anomaly_score=0.000
DECISION : ALLOW
------------------------------------------------------------
[SEQ 283] [LAYER 0]
CMD      : G1 X0.1 Y0.1 E20 F600
TRUST    : acc_cmd=1.000 | acc_exec=0.000 | trust=0.006
DECISION : PAUSE
MACHINE  : Machine-4
------------------------------------------------------------
[SEQ 283] [STATIC-BASELINE]
CMD      : G1 | effects={'dx': 0.0, 'dy': 0.0, 'dz': 0.0, 'de': 0.0, 'xy_dist': 0.0, 'params': {'G': 1.0, 'X': 0.1, 'Y': 0.1, 'E': 20.0, 'F': 600.0}}
DECISION : ALLOW
------------------------------------------------------------
[SEQ 283] [IEEE-BASELINE]
SCORE    : anomaly_score=0.000
DECISION : ALLOW
------------------------------------------------------------
[SEQ 284] [LAYER 0]
CMD      : G1 X167.032 Y124.79 E8.03473
TRUST    : acc_cmd=0.000 | acc_exec=0.841 | trust=0.019
DECISION : PAUSE
MACHINE  : Machine-4
------------------------------------------------------------
[SEQ 284] [STATIC-BASELINE]
CMD      : G1 | effects={'dx': 166.93200000000002, 'dy': 124.69000000000001, 'dz': 0.0, 'de': -11.96527, 'xy_dist': 208.35999789786908, 'params': {'G': 1.0, 'X': 167.032, 'Y': 124.79, 'E': 8.03473}}
DECISION : ALLOW
------------------------------------------------------------
[SEQ 284] [IEEE-BASELINE]
SCORE    : anomaly_score=0.000
DECISION : ALLOW
------------------------------------------------------------
[SEQ 285] [LAYER 0]
CMD      : G1 X0.1 Y0.1 E20 F600
TRUST    : acc_cmd=1.000 | acc_exec=0.000 | trust=0.011
DECISION : PAUSE
MACHINE  : Machine-4
------------------------------------------------------------
[SEQ 285] [STATIC-BASELINE]
CMD      : G1 | effects={'dx': -166.93200000000002, 'dy': -124.69000000000001, 'dz': 0.0, 'de': 11.96527, 'xy_dist': 208.35999789786908, 'params': {'G': 1.0, 'X': 0.1, 'Y': 0.1, 'E': 20.0, 'F': 600.0}}
DECISION : ALLOW
------------------------------------------------------------
[SEQ 285] [IEEE-BASELINE]
SCORE    : anomaly_score=0.000
DECISION : ALLOW
------------------------------------------------------------
[SEQ 286] [LAYER 0]
CMD      : G1 X0.1 Y0.1 E20 F600
TRUST    : acc_cmd=1.000 | acc_exec=0.000 | trust=0.006
DECISION : PAUSE
MACHINE  : Machine-4
------------------------------------------------------------
[SEQ 286] [STATIC-BASELINE]
CMD      : G1 | effects={'dx': 0.0, 'dy': 0.0, 'dz': 0.0, 'de': 0.0, 'xy_dist': 0.0, 'params': {'G': 1.0, 'X': 0.1, 'Y': 0.1, 'E': 20.0, 'F': 600.0}}
DECISION : ALLOW
------------------------------------------------------------
[SEQ 286] [IEEE-BASELINE]
SCORE    : anomaly_score=0.000
DECISION : ALLOW
------------------------------------------------------------
[SEQ 287] [LAYER 0]
CMD      : G1 X0.1 Y0.1 E20 F600
TRUST    : acc_cmd=1.000 | acc_exec=0.000 | trust=0.003
DECISION : PAUSE
MACHINE  : Machine-4
------------------------------------------------------------
[SEQ 287] [STATIC-BASELINE]
CMD      : G1 | effects={'dx': 0.0, 'dy': 0.0, 'dz': 0.0, 'de': 0.0, 'xy_dist': 0.0, 'params': {'G': 1.0, 'X': 0.1, 'Y': 0.1, 'E': 20.0, 'F': 600.0}}
DECISION : ALLOW
------------------------------------------------------------
[SEQ 287] [IEEE-BASELINE]
SCORE    : anomaly_score=0.000
DECISION : ALLOW
------------------------------------------------------------
[SEQ 288] [LAYER 0]
CMD      : G1 X0.1 Y0.1 E20 F600
TRUST    : acc_cmd=1.000 | acc_exec=1.000 | trust=0.002
DECISION : PAUSE
MACHINE  : Machine-4
------------------------------------------------------------
[SEQ 288] [STATIC-BASELINE]
CMD      : G1 | effects={'dx': 0.0, 'dy': 0.0, 'dz': 0.0, 'de': 0.0, 'xy_dist': 0.0, 'params': {'G': 1.0, 'X': 0.1, 'Y': 0.1, 'E': 20.0, 'F': 600.0}}
DECISION : ALLOW
------------------------------------------------------------
[SEQ 288] [IEEE-BASELINE]
SCORE    : anomaly_score=0.000
DECISION : ALLOW
------------------------------------------------------------
[SEQ 289] [LAYER 0]
CMD      : G1 X160.284 Y122.317 E8.18312
TRUST    : acc_cmd=0.000 | acc_exec=0.818 | trust=0.007
DECISION : PAUSE
MACHINE  : Machine-4
------------------------------------------------------------
[SEQ 289] [STATIC-BASELINE]
CMD      : G1 | effects={'dx': 160.184, 'dy': 122.217, 'dz': 0.0, 'de': -11.81688, 'xy_dist': 201.48426475782173, 'params': {'G': 1.0, 'X': 160.284, 'Y': 122.317, 'E': 8.18312}}
DECISION : ALLOW
------------------------------------------------------------
[SEQ 289] [IEEE-BASELINE]
SCORE    : anomaly_score=0.000
DECISION : ALLOW
------------------------------------------------------------
[SEQ 290] [LAYER 0]
CMD      : G1 X159.849 Y120.776 E8.21324
TRUST    : acc_cmd=0.000 | acc_exec=0.000 | trust=0.043
DECISION : PAUSE
MACHINE  : Machine-4
------------------------------------------------------------
[SEQ 290] [STATIC-BASELINE]
CMD      : G1 | effects={'dx': -0.4350000000000023, 'dy': -1.5409999999999968, 'dz': 0.0, 'de': 0.030120000000000147, 'xy_dist': 1.6012201597531779, 'params': {'G': 1.0, 'X': 159.849, 'Y': 120.776, 'E': 8.21324}}
DECISION : ALLOW
------------------------------------------------------------
[SEQ 290] [IEEE-BASELINE]
SCORE    : anomaly_score=0.000
DECISION : ALLOW
------------------------------------------------------------
[SEQ 291] [LAYER 0]
CMD      : G1 X159.824 Y119.145 E8.24392
TRUST    : acc_cmd=0.000 | acc_exec=0.000 | trust=0.135
DECISION : PAUSE
MACHINE  : Machine-4
------------------------------------------------------------
[SEQ 291] [STATIC-BASELINE]
CMD      : G1 | effects={'dx': -0.024999999999977263, 'dy': -1.6310000000000002, 'dz': 0.0, 'de': 0.030679999999998486, 'xy_dist': 1.6311915889925377, 'params': {'G': 1.0, 'X': 159.824, 'Y': 119.145, 'E': 8.24392}}
DECISION : ALLOW
------------------------------------------------------------
[SEQ 291] [IEEE-BASELINE]
SCORE    : anomaly_score=0.000
DECISION : ALLOW
------------------------------------------------------------
[SEQ 292] [LAYER 0]
CMD      : G1 X0.1 Y0.1 E20 F600
TRUST    : acc_cmd=1.000 | acc_exec=0.000 | trust=0.066
DECISION : PAUSE
MACHINE  : Machine-4
------------------------------------------------------------
[SEQ 292] [STATIC-BASELINE]
CMD      : G1 | effects={'dx': -159.72400000000002, 'dy': -119.045, 'dz': 0.0, 'de': 11.75608, 'xy_dist': 199.20709877160505, 'params': {'G': 1.0, 'X': 0.1, 'Y': 0.1, 'E': 20.0, 'F': 600.0}}
DECISION : ALLOW
------------------------------------------------------------
[SEQ 292] [IEEE-BASELINE]
SCORE    : anomaly_score=0.000
DECISION : ALLOW
------------------------------------------------------------
[SEQ 293] [LAYER 0]
CMD      : G1 X0.1 Y0.1 E20 F600
TRUST    : acc_cmd=1.000 | acc_exec=0.000 | trust=0.029
DECISION : PAUSE
MACHINE  : Machine-4
------------------------------------------------------------
[SEQ 293] [STATIC-BASELINE]
CMD      : G1 | effects={'dx': 0.0, 'dy': 0.0, 'dz': 0.0, 'de': 0.0, 'xy_dist': 0.0, 'params': {'G': 1.0, 'X': 0.1, 'Y': 0.1, 'E': 20.0, 'F': 600.0}}
DECISION : ALLOW
------------------------------------------------------------
[SEQ 293] [IEEE-BASELINE]
SCORE    : anomaly_score=0.000
DECISION : ALLOW
------------------------------------------------------------
[SEQ 294] [LAYER 0]
CMD      : G0 F3600 X161.122 Y117.192
TRUST    : acc_cmd=0.000 | acc_exec=0.000 | trust=0.036
DECISION : PAUSE
MACHINE  : Machine-4
------------------------------------------------------------
[SEQ 294] [STATIC-BASELINE]
CMD      : G0 | effects={'dx': 161.02200000000002, 'dy': 117.092, 'dz': 0.0, 'de': 0.0, 'xy_dist': 199.09450255594703, 'params': {'G': 0.0, 'F': 3600.0, 'X': 161.122, 'Y': 117.192}}
DECISION : ALLOW
------------------------------------------------------------
[SEQ 294] [IEEE-BASELINE]
SCORE    : anomaly_score=0.000
DECISION : ALLOW
------------------------------------------------------------
[SEQ 295] [LAYER 0]
CMD      : G1 X0.1 Y0.1 E20 F600
TRUST    : acc_cmd=1.000 | acc_exec=0.000 | trust=0.019
DECISION : PAUSE
MACHINE  : Machine-4
------------------------------------------------------------
[SEQ 295] [STATIC-BASELINE]
CMD      : G1 | effects={'dx': -161.02200000000002, 'dy': -117.092, 'dz': 0.0, 'de': 0.0, 'xy_dist': 199.09450255594703, 'params': {'G': 1.0, 'X': 0.1, 'Y': 0.1, 'E': 20.0, 'F': 600.0}}
DECISION : ALLOW
------------------------------------------------------------
[SEQ 295] [IEEE-BASELINE]
SCORE    : anomaly_score=0.000
DECISION : ALLOW
------------------------------------------------------------
[SEQ 296] [LAYER 0]
CMD      : G1 X163.382 Y115.504 E8.34319
TRUST    : acc_cmd=0.000 | acc_exec=0.793 | trust=0.039
DECISION : PAUSE
MACHINE  : Machine-4
------------------------------------------------------------
[SEQ 296] [STATIC-BASELINE]
CMD      : G1 | effects={'dx': 163.282, 'dy': 115.40400000000001, 'dz': 0.0, 'de': -11.65681, 'xy_dist': 199.9477300196229, 'params': {'G': 1.0, 'X': 163.382, 'Y': 115.504, 'E': 8.34319}}
DECISION : ALLOW
------------------------------------------------------------
[SEQ 296] [IEEE-BASELINE]
SCORE    : anomaly_score=0.000
DECISION : ALLOW
------------------------------------------------------------
[SEQ 297] [LAYER 0]
CMD      : G1 X0.1 Y0.1 E20 F600
TRUST    : acc_cmd=1.000 | acc_exec=0.000 | trust=0.021
DECISION : PAUSE
MACHINE  : Machine-4
------------------------------------------------------------
[SEQ 297] [STATIC-BASELINE]
CMD      : G1 | effects={'dx': -163.282, 'dy': -115.40400000000001, 'dz': 0.0, 'de': 11.65681, 'xy_dist': 199.9477300196229, 'params': {'G': 1.0, 'X': 0.1, 'Y': 0.1, 'E': 20.0, 'F': 600.0}}
DECISION : ALLOW
------------------------------------------------------------
[SEQ 297] [IEEE-BASELINE]
SCORE    : anomaly_score=0.000
DECISION : ALLOW
------------------------------------------------------------
[SEQ 298] [LAYER 0]
CMD      : G1 X0.1 Y0.1 E20 F600
TRUST    : acc_cmd=1.000 | acc_exec=0.000 | trust=0.010
DECISION : PAUSE
MACHINE  : Machine-4
------------------------------------------------------------
[SEQ 298] [STATIC-BASELINE]
CMD      : G1 | effects={'dx': 0.0, 'dy': 0.0, 'dz': 0.0, 'de': 0.0, 'xy_dist': 0.0, 'params': {'G': 1.0, 'X': 0.1, 'Y': 0.1, 'E': 20.0, 'F': 600.0}}
DECISION : ALLOW
------------------------------------------------------------
[SEQ 298] [IEEE-BASELINE]
SCORE    : anomaly_score=0.000
DECISION : ALLOW
------------------------------------------------------------
[SEQ 299] [LAYER 0]
CMD      : G1 X166.721 Y115.509 E8.40731
TRUST    : acc_cmd=0.000 | acc_exec=0.783 | trust=0.022
DECISION : PAUSE
MACHINE  : Machine-4
------------------------------------------------------------
[SEQ 299] [STATIC-BASELINE]
CMD      : G1 | effects={'dx': 166.621, 'dy': 115.409, 'dz': 0.0, 'de': -11.59269, 'xy_dist': 202.68644484030006, 'params': {'G': 1.0, 'X': 166.721, 'Y': 115.509, 'E': 8.40731}}
DECISION : ALLOW
------------------------------------------------------------
[SEQ 299] [IEEE-BASELINE]
SCORE    : anomaly_score=0.000
DECISION : ALLOW
------------------------------------------------------------
[SEQ 300] [LAYER 0]
CMD      : G1 X0.1 Y0.1 E20 F600
TRUST    : acc_cmd=1.000 | acc_exec=0.000 | trust=0.012
DECISION : PAUSE
MACHINE  : Machine-4
------------------------------------------------------------
[SEQ 300] [STATIC-BASELINE]
CMD      : G1 | effects={'dx': -166.621, 'dy': -115.409, 'dz': 0.0, 'de': 11.59269, 'xy_dist': 202.68644484030006, 'params': {'G': 1.0, 'X': 0.1, 'Y': 0.1, 'E': 20.0, 'F': 600.0}}
DECISION : ALLOW
------------------------------------------------------------
[SEQ 300] [IEEE-BASELINE]
SCORE    : anomaly_score=0.000
DECISION : ALLOW
------------------------------------------------------------
[SEQ 301] [LAYER 0]
CMD      : G1 X169.197 Y117.584 E8.4691
TRUST    : acc_cmd=0.000 | acc_exec=0.774 | trust=0.026
DECISION : PAUSE
MACHINE  : Machine-4
------------------------------------------------------------
[SEQ 301] [STATIC-BASELINE]
CMD      : G1 | effects={'dx': 169.097, 'dy': 117.48400000000001, 'dz': 0.0, 'de': -11.5309, 'xy_dist': 205.90358341952188, 'params': {'G': 1.0, 'X': 169.197, 'Y': 117.584, 'E': 8.4691}}
DECISION : ALLOW
------------------------------------------------------------
[SEQ 301] [IEEE-BASELINE]
SCORE    : anomaly_score=0.000
DECISION : ALLOW
------------------------------------------------------------
[SEQ 302] [LAYER 0]
CMD      : G1 X0.1 Y0.1 E20 F600
TRUST    : acc_cmd=1.000 | acc_exec=0.000 | trust=0.015
DECISION : PAUSE
MACHINE  : Machine-4
------------------------------------------------------------
[SEQ 302] [STATIC-BASELINE]
CMD      : G1 | effects={'dx': -169.097, 'dy': -117.48400000000001, 'dz': 0.0, 'de': 11.5309, 'xy_dist': 205.90358341952188, 'params': {'G': 1.0, 'X': 0.1, 'Y': 0.1, 'E': 20.0, 'F': 600.0}}
DECISION : ALLOW
------------------------------------------------------------
[SEQ 302] [IEEE-BASELINE]
SCORE    : anomaly_score=0.000
DECISION : ALLOW
------------------------------------------------------------
[SEQ 303] [LAYER 0]
CMD      : G1 X0.1 Y0.1 E20 F600
TRUST    : acc_cmd=1.000 | acc_exec=0.000 | trust=0.008
DECISION : PAUSE
MACHINE  : Machine-4
------------------------------------------------------------
[SEQ 303] [STATIC-BASELINE]
CMD      : G1 | effects={'dx': 0.0, 'dy': 0.0, 'dz': 0.0, 'de': 0.0, 'xy_dist': 0.0, 'params': {'G': 1.0, 'X': 0.1, 'Y': 0.1, 'E': 20.0, 'F': 600.0}}
DECISION : ALLOW
------------------------------------------------------------
[SEQ 303] [IEEE-BASELINE]
SCORE    : anomaly_score=0.000
DECISION : ALLOW
------------------------------------------------------------
[SEQ 304] [LAYER 0]
CMD      : G1 X0.1 Y0.1 E20 F600
TRUST    : acc_cmd=1.000 | acc_exec=0.000 | trust=0.004
DECISION : PAUSE
MACHINE  : Machine-4
------------------------------------------------------------
[SEQ 304] [STATIC-BASELINE]
CMD      : G1 | effects={'dx': 0.0, 'dy': 0.0, 'dz': 0.0, 'de': 0.0, 'xy_dist': 0.0, 'params': {'G': 1.0, 'X': 0.1, 'Y': 0.1, 'E': 20.0, 'F': 600.0}}
DECISION : ALLOW
------------------------------------------------------------
[SEQ 304] [IEEE-BASELINE]
SCORE    : anomaly_score=0.000
DECISION : ALLOW
------------------------------------------------------------
[SEQ 305] [LAYER 0]
CMD      : G1 X0.1 Y0.1 E20 F600
TRUST    : acc_cmd=1.000 | acc_exec=1.000 | trust=0.002
DECISION : PAUSE
MACHINE  : Machine-4
------------------------------------------------------------
[SEQ 305] [STATIC-BASELINE]
CMD      : G1 | effects={'dx': 0.0, 'dy': 0.0, 'dz': 0.0, 'de': 0.0, 'xy_dist': 0.0, 'params': {'G': 1.0, 'X': 0.1, 'Y': 0.1, 'E': 20.0, 'F': 600.0}}
DECISION : ALLOW
------------------------------------------------------------
[SEQ 305] [IEEE-BASELINE]
SCORE    : anomaly_score=0.000
DECISION : ALLOW
------------------------------------------------------------
[SEQ 306] [LAYER 0]
CMD      : G1 X0.1 Y0.1 E20 F600
TRUST    : acc_cmd=1.000 | acc_exec=1.000 | trust=0.001
DECISION : PAUSE
MACHINE  : Machine-4
------------------------------------------------------------
[SEQ 306] [STATIC-BASELINE]
CMD      : G1 | effects={'dx': 0.0, 'dy': 0.0, 'dz': 0.0, 'de': 0.0, 'xy_dist': 0.0, 'params': {'G': 1.0, 'X': 0.1, 'Y': 0.1, 'E': 20.0, 'F': 600.0}}
DECISION : ALLOW
------------------------------------------------------------
[SEQ 306] [IEEE-BASELINE]
SCORE    : anomaly_score=0.000
DECISION : ALLOW
------------------------------------------------------------
[SEQ 307] [LAYER 0]
CMD      : G1 X0.1 Y0.1 E20 F600
TRUST    : acc_cmd=1.000 | acc_exec=1.000 | trust=0.001
DECISION : PAUSE
MACHINE  : Machine-4
------------------------------------------------------------
[SEQ 307] [STATIC-BASELINE]
CMD      : G1 | effects={'dx': 0.0, 'dy': 0.0, 'dz': 0.0, 'de': 0.0, 'xy_dist': 0.0, 'params': {'G': 1.0, 'X': 0.1, 'Y': 0.1, 'E': 20.0, 'F': 600.0}}
DECISION : ALLOW
------------------------------------------------------------
[SEQ 307] [IEEE-BASELINE]
SCORE    : anomaly_score=0.000
DECISION : ALLOW
------------------------------------------------------------
[SEQ 308] [LAYER 0]
CMD      : G1 X0.1 Y0.1 E20 F600
TRUST    : acc_cmd=1.000 | acc_exec=1.000 | trust=0.001
DECISION : PAUSE
MACHINE  : Machine-4
------------------------------------------------------------
[SEQ 308] [STATIC-BASELINE]
CMD      : G1 | effects={'dx': 0.0, 'dy': 0.0, 'dz': 0.0, 'de': 0.0, 'xy_dist': 0.0, 'params': {'G': 1.0, 'X': 0.1, 'Y': 0.1, 'E': 20.0, 'F': 600.0}}
DECISION : ALLOW
------------------------------------------------------------
[SEQ 308] [IEEE-BASELINE]
SCORE    : anomaly_score=0.000
DECISION : ALLOW
------------------------------------------------------------
[SEQ 309] [LAYER 0]
CMD      : G1 X0.1 Y0.1 E20 F600
TRUST    : acc_cmd=1.000 | acc_exec=1.000 | trust=0.001
DECISION : PAUSE
MACHINE  : Machine-4
------------------------------------------------------------
[SEQ 309] [STATIC-BASELINE]
CMD      : G1 | effects={'dx': 0.0, 'dy': 0.0, 'dz': 0.0, 'de': 0.0, 'xy_dist': 0.0, 'params': {'G': 1.0, 'X': 0.1, 'Y': 0.1, 'E': 20.0, 'F': 600.0}}
DECISION : ALLOW
------------------------------------------------------------
[SEQ 309] [IEEE-BASELINE]
SCORE    : anomaly_score=0.000
DECISION : ALLOW
------------------------------------------------------------
[SEQ 310] [LAYER 0]
CMD      : G1 X162.995 Y124.367 E8.6969
TRUST    : acc_cmd=0.000 | acc_exec=0.739 | trust=0.001
DECISION : PAUSE
MACHINE  : Machine-4
------------------------------------------------------------
[SEQ 310] [STATIC-BASELINE]
CMD      : G1 | effects={'dx': 162.895, 'dy': 124.26700000000001, 'dz': 0.0, 'de': -11.3031, 'xy_dist': 204.88306009526508, 'params': {'G': 1.0, 'X': 162.995, 'Y': 124.367, 'E': 8.6969}}
DECISION : ALLOW
------------------------------------------------------------
[SEQ 310] [IEEE-BASELINE]
SCORE    : anomaly_score=0.000
DECISION : ALLOW
------------------------------------------------------------
[SEQ 311] [LAYER 0]
CMD      : G1 X0.1 Y0.1 E20 F600
TRUST    : acc_cmd=1.000 | acc_exec=0.000 | trust=0.003
DECISION : PAUSE
MACHINE  : Machine-4
------------------------------------------------------------
[SEQ 311] [STATIC-BASELINE]
CMD      : G1 | effects={'dx': -162.895, 'dy': -124.26700000000001, 'dz': 0.0, 'de': 11.3031, 'xy_dist': 204.88306009526508, 'params': {'G': 1.0, 'X': 0.1, 'Y': 0.1, 'E': 20.0, 'F': 600.0}}
DECISION : ALLOW
------------------------------------------------------------
[SEQ 311] [IEEE-BASELINE]
SCORE    : anomaly_score=0.000
DECISION : ALLOW
------------------------------------------------------------
[SEQ 312] [LAYER 0]
CMD      : G1 X0.1 Y0.1 E20 F600
TRUST    : acc_cmd=1.000 | acc_exec=0.000 | trust=0.002
DECISION : PAUSE
MACHINE  : Machine-4
------------------------------------------------------------
[SEQ 312] [STATIC-BASELINE]
CMD      : G1 | effects={'dx': 0.0, 'dy': 0.0, 'dz': 0.0, 'de': 0.0, 'xy_dist': 0.0, 'params': {'G': 1.0, 'X': 0.1, 'Y': 0.1, 'E': 20.0, 'F': 600.0}}
DECISION : ALLOW
------------------------------------------------------------
[SEQ 312] [IEEE-BASELINE]
SCORE    : anomaly_score=0.000
DECISION : ALLOW
------------------------------------------------------------
[SEQ 313] [LAYER 0]
CMD      : G1 X0.1 Y0.1 E20 F600
TRUST    : acc_cmd=1.000 | acc_exec=0.000 | trust=0.001
DECISION : PAUSE
MACHINE  : Machine-4
------------------------------------------------------------
[SEQ 313] [STATIC-BASELINE]
CMD      : G1 | effects={'dx': 0.0, 'dy': 0.0, 'dz': 0.0, 'de': 0.0, 'xy_dist': 0.0, 'params': {'G': 1.0, 'X': 0.1, 'Y': 0.1, 'E': 20.0, 'F': 600.0}}
DECISION : ALLOW
------------------------------------------------------------
[SEQ 313] [IEEE-BASELINE]
SCORE    : anomaly_score=0.000
DECISION : ALLOW
------------------------------------------------------------
[SEQ 314] [LAYER 0]
CMD      : G1 X160.225 Y119.213 E8.81482
TRUST    : acc_cmd=0.000 | acc_exec=0.721 | trust=0.010
DECISION : PAUSE
MACHINE  : Machine-4
------------------------------------------------------------
[SEQ 314] [STATIC-BASELINE]
CMD      : G1 | effects={'dx': 160.125, 'dy': 119.113, 'dz': 0.0, 'de': -11.18518, 'xy_dist': 199.56934231990644, 'params': {'G': 1.0, 'X': 160.225, 'Y': 119.213, 'E': 8.81482}}
DECISION : ALLOW
------------------------------------------------------------
[SEQ 314] [IEEE-BASELINE]
SCORE    : anomaly_score=0.000
DECISION : ALLOW
------------------------------------------------------------
[SEQ 315] [LAYER 0]
CMD      : G1 X0.1 Y0.1 E20 F600
TRUST    : acc_cmd=1.000 | acc_exec=0.000 | trust=0.007
DECISION : PAUSE
MACHINE  : Machine-4
------------------------------------------------------------
[SEQ 315] [STATIC-BASELINE]
CMD      : G1 | effects={'dx': -160.125, 'dy': -119.113, 'dz': 0.0, 'de': 11.18518, 'xy_dist': 199.56934231990644, 'params': {'G': 1.0, 'X': 0.1, 'Y': 0.1, 'E': 20.0, 'F': 600.0}}
DECISION : ALLOW
------------------------------------------------------------
[SEQ 315] [IEEE-BASELINE]
SCORE    : anomaly_score=0.000
DECISION : ALLOW
------------------------------------------------------------
[SEQ 316] [LAYER 0]
CMD      : G1 X0.1 Y0.1 E20 F600
TRUST    : acc_cmd=1.000 | acc_exec=0.000 | trust=0.004
DECISION : PAUSE
MACHINE  : Machine-4
------------------------------------------------------------
[SEQ 316] [STATIC-BASELINE]
CMD      : G1 | effects={'dx': 0.0, 'dy': 0.0, 'dz': 0.0, 'de': 0.0, 'xy_dist': 0.0, 'params': {'G': 1.0, 'X': 0.1, 'Y': 0.1, 'E': 20.0, 'F': 600.0}}
DECISION : ALLOW
------------------------------------------------------------
[SEQ 316] [IEEE-BASELINE]
SCORE    : anomaly_score=0.000
DECISION : ALLOW
------------------------------------------------------------
[SEQ 317] [LAYER 0]
CMD      : G1 X0.1 Y0.1 E20 F600
TRUST    : acc_cmd=1.000 | acc_exec=0.000 | trust=0.002
DECISION : PAUSE
MACHINE  : Machine-4
------------------------------------------------------------
[SEQ 317] [STATIC-BASELINE]
CMD      : G1 | effects={'dx': 0.0, 'dy': 0.0, 'dz': 0.0, 'de': 0.0, 'xy_dist': 0.0, 'params': {'G': 1.0, 'X': 0.1, 'Y': 0.1, 'E': 20.0, 'F': 600.0}}
DECISION : ALLOW
------------------------------------------------------------
[SEQ 317] [IEEE-BASELINE]
SCORE    : anomaly_score=0.000
DECISION : ALLOW
------------------------------------------------------------
[SEQ 318] [LAYER 0]
CMD      : G1 F1800 X162.387 Y116.421 E8.88249
TRUST    : acc_cmd=0.000 | acc_exec=0.710 | trust=0.011
DECISION : PAUSE
MACHINE  : Machine-4
------------------------------------------------------------
[SEQ 318] [STATIC-BASELINE]
CMD      : G1 | effects={'dx': 162.287, 'dy': 116.32100000000001, 'dz': 0.0, 'de': -11.11751, 'xy_dist': 199.66883935657063, 'params': {'G': 1.0, 'F': 1800.0, 'X': 162.387, 'Y': 116.421, 'E': 8.88249}}
DECISION : ALLOW
------------------------------------------------------------
[SEQ 318] [IEEE-BASELINE]
SCORE    : anomaly_score=0.000
DECISION : ALLOW
------------------------------------------------------------
[SEQ 319] [LAYER 0]
CMD      : G1 X163.495 Y115.888 E8.90562
TRUST    : acc_cmd=0.000 | acc_exec=0.000 | trust=0.057
DECISION : PAUSE
MACHINE  : Machine-4
------------------------------------------------------------
[SEQ 319] [STATIC-BASELINE]
CMD      : G1 | effects={'dx': 1.108000000000004, 'dy': -0.5330000000000013, 'dz': 0.0, 'de': 0.023130000000000095, 'xy_dist': 1.2295336514304969, 'params': {'G': 1.0, 'X': 163.495, 'Y': 115.888, 'E': 8.90562}}
DECISION : ALLOW
------------------------------------------------------------
[SEQ 319] [IEEE-BASELINE]
SCORE    : anomaly_score=0.000
DECISION : ALLOW
------------------------------------------------------------
[SEQ 320] [LAYER 0]
CMD      : G1 X0.1 Y0.1 E20 F600
TRUST    : acc_cmd=1.000 | acc_exec=0.000 | trust=0.030
DECISION : PAUSE
MACHINE  : Machine-4
------------------------------------------------------------
[SEQ 320] [STATIC-BASELINE]
CMD      : G1 | effects={'dx': -163.395, 'dy': -115.78800000000001, 'dz': 0.0, 'de': 11.09438, 'xy_dist': 200.26179607953188, 'params': {'G': 1.0, 'X': 0.1, 'Y': 0.1, 'E': 20.0, 'F': 600.0}}
DECISION : ALLOW
------------------------------------------------------------
[SEQ 320] [IEEE-BASELINE]
SCORE    : anomaly_score=0.000
DECISION : ALLOW
------------------------------------------------------------
[SEQ 321] [LAYER 0]
CMD      : G1 X0.1 Y0.1 E20 F600
TRUST    : acc_cmd=1.000 | acc_exec=0.000 | trust=0.014
DECISION : PAUSE
MACHINE  : Machine-4
------------------------------------------------------------
[SEQ 321] [STATIC-BASELINE]
CMD      : G1 | effects={'dx': 0.0, 'dy': 0.0, 'dz': 0.0, 'de': 0.0, 'xy_dist': 0.0, 'params': {'G': 1.0, 'X': 0.1, 'Y': 0.1, 'E': 20.0, 'F': 600.0}}
DECISION : ALLOW
------------------------------------------------------------
[SEQ 321] [IEEE-BASELINE]
SCORE    : anomaly_score=0.000
DECISION : ALLOW
------------------------------------------------------------
[SEQ 322] [LAYER 0]
CMD      : G1 X166.576 Y115.885 E8.9648
TRUST    : acc_cmd=0.000 | acc_exec=0.698 | trust=0.025
DECISION : PAUSE
MACHINE  : Machine-4
------------------------------------------------------------
[SEQ 322] [STATIC-BASELINE]
CMD      : G1 | effects={'dx': 166.476, 'dy': 115.78500000000001, 'dz': 0.0, 'de': -11.0352, 'xy_dist': 202.7817171270625, 'params': {'G': 1.0, 'X': 166.576, 'Y': 115.885, 'E': 8.9648}}
DECISION : ALLOW
------------------------------------------------------------
[SEQ 322] [IEEE-BASELINE]
SCORE    : anomaly_score=0.000
DECISION : ALLOW
------------------------------------------------------------
[SEQ 323] [LAYER 0]
CMD      : G1 X0.1 Y0.1 E20 F600
TRUST    : acc_cmd=1.000 | acc_exec=0.000 | trust=0.014
DECISION : PAUSE
MACHINE  : Machine-4
------------------------------------------------------------
[SEQ 323] [STATIC-BASELINE]
CMD      : G1 | effects={'dx': -166.476, 'dy': -115.78500000000001, 'dz': 0.0, 'de': 11.0352, 'xy_dist': 202.7817171270625, 'params': {'G': 1.0, 'X': 0.1, 'Y': 0.1, 'E': 20.0, 'F': 600.0}}
DECISION : ALLOW
------------------------------------------------------------
[SEQ 323] [IEEE-BASELINE]
SCORE    : anomaly_score=0.000
DECISION : ALLOW
------------------------------------------------------------
[SEQ 324] [LAYER 0]
CMD      : G1 X168.844 Y117.787 E9.02141
TRUST    : acc_cmd=0.000 | acc_exec=0.689 | trust=0.035
DECISION : PAUSE
MACHINE  : Machine-4
------------------------------------------------------------
[SEQ 324] [STATIC-BASELINE]
CMD      : G1 | effects={'dx': 168.744, 'dy': 117.68700000000001, 'dz': 0.0, 'de': -10.97859, 'xy_dist': 205.72984106589885, 'params': {'G': 1.0, 'X': 168.844, 'Y': 117.787, 'E': 9.02141}}
DECISION : ALLOW
------------------------------------------------------------
[SEQ 324] [IEEE-BASELINE]
SCORE    : anomaly_score=0.000
DECISION : ALLOW
------------------------------------------------------------
[SEQ 325] [LAYER 0]
CMD      : G1 X0.1 Y0.1 E20 F600
TRUST    : acc_cmd=1.000 | acc_exec=0.000 | trust=0.019
DECISION : PAUSE
MACHINE  : Machine-4
------------------------------------------------------------
[SEQ 325] [STATIC-BASELINE]
CMD      : G1 | effects={'dx': -168.744, 'dy': -117.68700000000001, 'dz': 0.0, 'de': 10.97859, 'xy_dist': 205.72984106589885, 'params': {'G': 1.0, 'X': 0.1, 'Y': 0.1, 'E': 20.0, 'F': 600.0}}
DECISION : ALLOW
------------------------------------------------------------
[SEQ 325] [IEEE-BASELINE]
SCORE    : anomaly_score=0.000
DECISION : ALLOW
------------------------------------------------------------
[SEQ 326] [LAYER 0]
CMD      : G1 X0.1 Y0.1 E20 F600
TRUST    : acc_cmd=1.000 | acc_exec=0.000 | trust=0.009
DECISION : PAUSE
MACHINE  : Machine-4
------------------------------------------------------------
[SEQ 326] [STATIC-BASELINE]
CMD      : G1 | effects={'dx': 0.0, 'dy': 0.0, 'dz': 0.0, 'de': 0.0, 'xy_dist': 0.0, 'params': {'G': 1.0, 'X': 0.1, 'Y': 0.1, 'E': 20.0, 'F': 600.0}}
DECISION : ALLOW
------------------------------------------------------------
[SEQ 326] [IEEE-BASELINE]
SCORE    : anomaly_score=0.000
DECISION : ALLOW
------------------------------------------------------------
[SEQ 327] [LAYER 0]
CMD      : G1 X0.1 Y0.1 E20 F600
TRUST    : acc_cmd=1.000 | acc_exec=0.000 | trust=0.005
DECISION : PAUSE
MACHINE  : Machine-4
------------------------------------------------------------
[SEQ 327] [STATIC-BASELINE]
CMD      : G1 | effects={'dx': 0.0, 'dy': 0.0, 'dz': 0.0, 'de': 0.0, 'xy_dist': 0.0, 'params': {'G': 1.0, 'X': 0.1, 'Y': 0.1, 'E': 20.0, 'F': 600.0}}
DECISION : ALLOW
------------------------------------------------------------
[SEQ 327] [IEEE-BASELINE]
SCORE    : anomaly_score=0.000
DECISION : ALLOW
------------------------------------------------------------
[SEQ 328] [LAYER 0]
CMD      : G1 X0.1 Y0.1 E20 F600
TRUST    : acc_cmd=1.000 | acc_exec=1.000 | trust=0.002
DECISION : PAUSE
MACHINE  : Machine-4
------------------------------------------------------------
[SEQ 328] [STATIC-BASELINE]
CMD      : G1 | effects={'dx': 0.0, 'dy': 0.0, 'dz': 0.0, 'de': 0.0, 'xy_dist': 0.0, 'params': {'G': 1.0, 'X': 0.1, 'Y': 0.1, 'E': 20.0, 'F': 600.0}}
DECISION : ALLOW
------------------------------------------------------------
[SEQ 328] [IEEE-BASELINE]
SCORE    : anomaly_score=0.000
DECISION : ALLOW
------------------------------------------------------------
[SEQ 329] [LAYER 0]
CMD      : G1 X0.1 Y0.1 E20 F600
TRUST    : acc_cmd=1.000 | acc_exec=1.000 | trust=0.001
DECISION : PAUSE
MACHINE  : Machine-4
------------------------------------------------------------
[SEQ 329] [STATIC-BASELINE]
CMD      : G1 | effects={'dx': 0.0, 'dy': 0.0, 'dz': 0.0, 'de': 0.0, 'xy_dist': 0.0, 'params': {'G': 1.0, 'X': 0.1, 'Y': 0.1, 'E': 20.0, 'F': 600.0}}
DECISION : ALLOW
------------------------------------------------------------
[SEQ 329] [IEEE-BASELINE]
SCORE    : anomaly_score=0.000
DECISION : ALLOW
------------------------------------------------------------
[SEQ 330] [LAYER 0]
CMD      : G1 X0.1 Y0.1 E20 F600
TRUST    : acc_cmd=1.000 | acc_exec=1.000 | trust=0.001
DECISION : PAUSE
MACHINE  : Machine-4
------------------------------------------------------------
[SEQ 330] [STATIC-BASELINE]
CMD      : G1 | effects={'dx': 0.0, 'dy': 0.0, 'dz': 0.0, 'de': 0.0, 'xy_dist': 0.0, 'params': {'G': 1.0, 'X': 0.1, 'Y': 0.1, 'E': 20.0, 'F': 600.0}}
DECISION : ALLOW
------------------------------------------------------------
[SEQ 330] [IEEE-BASELINE]
SCORE    : anomaly_score=0.000
DECISION : ALLOW
------------------------------------------------------------
[SEQ 331] [LAYER 0]
CMD      : G1 X0.1 Y0.1 E20 F600
TRUST    : acc_cmd=1.000 | acc_exec=1.000 | trust=0.001
DECISION : PAUSE
MACHINE  : Machine-4
------------------------------------------------------------
[SEQ 331] [STATIC-BASELINE]
CMD      : G1 | effects={'dx': 0.0, 'dy': 0.0, 'dz': 0.0, 'de': 0.0, 'xy_dist': 0.0, 'params': {'G': 1.0, 'X': 0.1, 'Y': 0.1, 'E': 20.0, 'F': 600.0}}
DECISION : ALLOW
------------------------------------------------------------
[SEQ 331] [IEEE-BASELINE]
SCORE    : anomaly_score=0.000
DECISION : ALLOW
------------------------------------------------------------
[SEQ 332] [LAYER 0]
CMD      : G1 X0.1 Y0.1 E20 F600
TRUST    : acc_cmd=1.000 | acc_exec=1.000 | trust=0.001
DECISION : PAUSE
MACHINE  : Machine-4
------------------------------------------------------------
[SEQ 332] [STATIC-BASELINE]
CMD      : G1 | effects={'dx': 0.0, 'dy': 0.0, 'dz': 0.0, 'de': 0.0, 'xy_dist': 0.0, 'params': {'G': 1.0, 'X': 0.1, 'Y': 0.1, 'E': 20.0, 'F': 600.0}}
DECISION : ALLOW
------------------------------------------------------------
[SEQ 332] [IEEE-BASELINE]
SCORE    : anomaly_score=0.000
DECISION : ALLOW
------------------------------------------------------------
[SEQ 333] [LAYER 0]
CMD      : G1 X0.1 Y0.1 E20 F600
TRUST    : acc_cmd=1.000 | acc_exec=1.000 | trust=0.001
DECISION : PAUSE
MACHINE  : Machine-4
------------------------------------------------------------
[SEQ 333] [STATIC-BASELINE]
CMD      : G1 | effects={'dx': 0.0, 'dy': 0.0, 'dz': 0.0, 'de': 0.0, 'xy_dist': 0.0, 'params': {'G': 1.0, 'X': 0.1, 'Y': 0.1, 'E': 20.0, 'F': 600.0}}
DECISION : ALLOW
------------------------------------------------------------
[SEQ 333] [IEEE-BASELINE]
SCORE    : anomaly_score=0.000
DECISION : ALLOW
------------------------------------------------------------
[SEQ 334] [LAYER 0]
CMD      : G1 X0.1 Y0.1 E20 F600
TRUST    : acc_cmd=1.000 | acc_exec=1.000 | trust=0.001
DECISION : PAUSE
MACHINE  : Machine-4
------------------------------------------------------------
[SEQ 334] [STATIC-BASELINE]
CMD      : G1 | effects={'dx': 0.0, 'dy': 0.0, 'dz': 0.0, 'de': 0.0, 'xy_dist': 0.0, 'params': {'G': 1.0, 'X': 0.1, 'Y': 0.1, 'E': 20.0, 'F': 600.0}}
DECISION : ALLOW
------------------------------------------------------------
[SEQ 334] [IEEE-BASELINE]
SCORE    : anomaly_score=0.000
DECISION : ALLOW
------------------------------------------------------------
[SEQ 335] [LAYER 0]
CMD      : G1 X0.1 Y0.1 E20 F600
TRUST    : acc_cmd=1.000 | acc_exec=1.000 | trust=0.001
DECISION : PAUSE
MACHINE  : Machine-4
------------------------------------------------------------
[SEQ 335] [STATIC-BASELINE]
CMD      : G1 | effects={'dx': 0.0, 'dy': 0.0, 'dz': 0.0, 'de': 0.0, 'xy_dist': 0.0, 'params': {'G': 1.0, 'X': 0.1, 'Y': 0.1, 'E': 20.0, 'F': 600.0}}
DECISION : ALLOW
------------------------------------------------------------
[SEQ 335] [IEEE-BASELINE]
SCORE    : anomaly_score=0.000
DECISION : ALLOW
------------------------------------------------------------
[SEQ 336] [LAYER 0]
CMD      : G1 X160.647 Y120.658 E9.31217
TRUST    : acc_cmd=0.000 | acc_exec=0.644 | trust=0.001
DECISION : PAUSE
MACHINE  : Machine-4
------------------------------------------------------------
[SEQ 336] [STATIC-BASELINE]
CMD      : G1 | effects={'dx': 160.547, 'dy': 120.558, 'dz': 0.0, 'de': -10.68783, 'xy_dist': 200.77243479372362, 'params': {'G': 1.0, 'X': 160.647, 'Y': 120.658, 'E': 9.31217}}
DECISION : ALLOW
------------------------------------------------------------
[SEQ 336] [IEEE-BASELINE]
SCORE    : anomaly_score=0.000
DECISION : ALLOW
------------------------------------------------------------
[SEQ 337] [LAYER 0]
CMD      : G1 X0.1 Y0.1 E20 F600
TRUST    : acc_cmd=1.000 | acc_exec=0.000 | trust=0.003
DECISION : PAUSE
MACHINE  : Machine-4
------------------------------------------------------------
[SEQ 337] [STATIC-BASELINE]
CMD      : G1 | effects={'dx': -160.547, 'dy': -120.558, 'dz': 0.0, 'de': 10.68783, 'xy_dist': 200.77243479372362, 'params': {'G': 1.0, 'X': 0.1, 'Y': 0.1, 'E': 20.0, 'F': 600.0}}
DECISION : ALLOW
------------------------------------------------------------
[SEQ 337] [IEEE-BASELINE]
SCORE    : anomaly_score=0.000
DECISION : ALLOW
------------------------------------------------------------
[SEQ 338] [LAYER 0]
CMD      : G1 X0.1 Y0.1 E20 F600
TRUST    : acc_cmd=1.000 | acc_exec=0.000 | trust=0.002
DECISION : PAUSE
MACHINE  : Machine-4
------------------------------------------------------------
[SEQ 338] [STATIC-BASELINE]
CMD      : G1 | effects={'dx': 0.0, 'dy': 0.0, 'dz': 0.0, 'de': 0.0, 'xy_dist': 0.0, 'params': {'G': 1.0, 'X': 0.1, 'Y': 0.1, 'E': 20.0, 'F': 600.0}}
DECISION : ALLOW
------------------------------------------------------------
[SEQ 338] [IEEE-BASELINE]
SCORE    : anomaly_score=0.000
DECISION : ALLOW
------------------------------------------------------------
[SEQ 339] [LAYER 0]
CMD      : G1 X0.1 Y0.1 E20 F600
TRUST    : acc_cmd=1.000 | acc_exec=0.000 | trust=0.001
DECISION : PAUSE
MACHINE  : Machine-4
------------------------------------------------------------
[SEQ 339] [STATIC-BASELINE]
CMD      : G1 | effects={'dx': 0.0, 'dy': 0.0, 'dz': 0.0, 'de': 0.0, 'xy_dist': 0.0, 'params': {'G': 1.0, 'X': 0.1, 'Y': 0.1, 'E': 20.0, 'F': 600.0}}
DECISION : ALLOW
------------------------------------------------------------
[SEQ 339] [IEEE-BASELINE]
SCORE    : anomaly_score=0.000
DECISION : ALLOW
------------------------------------------------------------
[SEQ 340] [LAYER 0]
CMD      : G1 X0.1 Y0.1 E20 F600
TRUST    : acc_cmd=1.000 | acc_exec=1.000 | trust=0.001
DECISION : PAUSE
MACHINE  : Machine-4
------------------------------------------------------------
[SEQ 340] [STATIC-BASELINE]
CMD      : G1 | effects={'dx': 0.0, 'dy': 0.0, 'dz': 0.0, 'de': 0.0, 'xy_dist': 0.0, 'params': {'G': 1.0, 'X': 0.1, 'Y': 0.1, 'E': 20.0, 'F': 600.0}}
DECISION : ALLOW
------------------------------------------------------------
[SEQ 340] [IEEE-BASELINE]
SCORE    : anomaly_score=0.000
DECISION : ALLOW
------------------------------------------------------------
[SEQ 341] [LAYER 0]
CMD      : G1 X0.1 Y0.1 E20 F600
TRUST    : acc_cmd=1.000 | acc_exec=1.000 | trust=0.001
DECISION : PAUSE
MACHINE  : Machine-4
------------------------------------------------------------
[SEQ 341] [STATIC-BASELINE]
CMD      : G1 | effects={'dx': 0.0, 'dy': 0.0, 'dz': 0.0, 'de': 0.0, 'xy_dist': 0.0, 'params': {'G': 1.0, 'X': 0.1, 'Y': 0.1, 'E': 20.0, 'F': 600.0}}
DECISION : ALLOW
------------------------------------------------------------
[SEQ 341] [IEEE-BASELINE]
SCORE    : anomaly_score=0.000
DECISION : ALLOW
------------------------------------------------------------
[SEQ 342] [LAYER 0]
CMD      : G1 X163.608 Y116.272 E9.42044
TRUST    : acc_cmd=0.000 | acc_exec=0.628 | trust=0.004
DECISION : PAUSE
MACHINE  : Machine-4
------------------------------------------------------------
[SEQ 342] [STATIC-BASELINE]
CMD      : G1 | effects={'dx': 163.508, 'dy': 116.17200000000001, 'dz': 0.0, 'de': -10.57956, 'xy_dist': 200.5761691926536, 'params': {'G': 1.0, 'X': 163.608, 'Y': 116.272, 'E': 9.42044}}
DECISION : ALLOW
------------------------------------------------------------
[SEQ 342] [IEEE-BASELINE]
SCORE    : anomaly_score=0.000
DECISION : ALLOW
------------------------------------------------------------
[SEQ 343] [LAYER 0]
CMD      : G1 X0.1 Y0.1 E20 F600
TRUST    : acc_cmd=1.000 | acc_exec=0.000 | trust=0.004
DECISION : PAUSE
MACHINE  : Machine-4
------------------------------------------------------------
[SEQ 343] [STATIC-BASELINE]
CMD      : G1 | effects={'dx': -163.508, 'dy': -116.17200000000001, 'dz': 0.0, 'de': 10.57956, 'xy_dist': 200.5761691926536, 'params': {'G': 1.0, 'X': 0.1, 'Y': 0.1, 'E': 20.0, 'F': 600.0}}
DECISION : ALLOW
------------------------------------------------------------
[SEQ 343] [IEEE-BASELINE]
SCORE    : anomaly_score=0.000
DECISION : ALLOW
------------------------------------------------------------
[SEQ 344] [LAYER 0]
CMD      : G1 X0.1 Y0.1 E20 F600
TRUST    : acc_cmd=1.000 | acc_exec=0.000 | trust=0.003
DECISION : PAUSE
MACHINE  : Machine-4
------------------------------------------------------------
[SEQ 344] [STATIC-BASELINE]
CMD      : G1 | effects={'dx': 0.0, 'dy': 0.0, 'dz': 0.0, 'de': 0.0, 'xy_dist': 0.0, 'params': {'G': 1.0, 'X': 0.1, 'Y': 0.1, 'E': 20.0, 'F': 600.0}}
DECISION : ALLOW
------------------------------------------------------------
[SEQ 344] [IEEE-BASELINE]
SCORE    : anomaly_score=0.000
DECISION : ALLOW
------------------------------------------------------------
[SEQ 345] [LAYER 0]
CMD      : G1 X0.1 Y0.1 E20 F600
TRUST    : acc_cmd=1.000 | acc_exec=0.000 | trust=0.002
DECISION : PAUSE
MACHINE  : Machine-4
------------------------------------------------------------
[SEQ 345] [STATIC-BASELINE]
CMD      : G1 | effects={'dx': 0.0, 'dy': 0.0, 'dz': 0.0, 'de': 0.0, 'xy_dist': 0.0, 'params': {'G': 1.0, 'X': 0.1, 'Y': 0.1, 'E': 20.0, 'F': 600.0}}
DECISION : ALLOW
------------------------------------------------------------
[SEQ 345] [IEEE-BASELINE]
SCORE    : anomaly_score=0.000
DECISION : ALLOW
------------------------------------------------------------
[SEQ 346] [LAYER 0]
CMD      : G1 X0.1 Y0.1 E20 F600
TRUST    : acc_cmd=1.000 | acc_exec=1.000 | trust=0.001
DECISION : PAUSE
MACHINE  : Machine-4
------------------------------------------------------------
[SEQ 346] [STATIC-BASELINE]
CMD      : G1 | effects={'dx': 0.0, 'dy': 0.0, 'dz': 0.0, 'de': 0.0, 'xy_dist': 0.0, 'params': {'G': 1.0, 'X': 0.1, 'Y': 0.1, 'E': 20.0, 'F': 600.0}}
DECISION : ALLOW
------------------------------------------------------------
[SEQ 346] [IEEE-BASELINE]
SCORE    : anomaly_score=0.000
DECISION : ALLOW
------------------------------------------------------------
[SEQ 347] [LAYER 0]
CMD      : G1 X168.492 Y117.992 E9.52614
TRUST    : acc_cmd=0.000 | acc_exec=0.611 | trust=0.009
DECISION : PAUSE
MACHINE  : Machine-4
------------------------------------------------------------
[SEQ 347] [STATIC-BASELINE]
CMD      : G1 | effects={'dx': 168.392, 'dy': 117.89200000000001, 'dz': 0.0, 'de': -10.47386, 'xy_dist': 205.55872476740072, 'params': {'G': 1.0, 'X': 168.492, 'Y': 117.992, 'E': 9.52614}}
DECISION : ALLOW
------------------------------------------------------------
[SEQ 347] [IEEE-BASELINE]
SCORE    : anomaly_score=0.000
DECISION : ALLOW
------------------------------------------------------------
[SEQ 348] [LAYER 0]
CMD      : G1 X0.1 Y0.1 E20 F600
TRUST    : acc_cmd=1.000 | acc_exec=0.000 | trust=0.006
DECISION : PAUSE
MACHINE  : Machine-4
------------------------------------------------------------
[SEQ 348] [STATIC-BASELINE]
CMD      : G1 | effects={'dx': -168.392, 'dy': -117.89200000000001, 'dz': 0.0, 'de': 10.47386, 'xy_dist': 205.55872476740072, 'params': {'G': 1.0, 'X': 0.1, 'Y': 0.1, 'E': 20.0, 'F': 600.0}}
DECISION : ALLOW
------------------------------------------------------------
[SEQ 348] [IEEE-BASELINE]
SCORE    : anomaly_score=0.000
DECISION : ALLOW
------------------------------------------------------------
[SEQ 349] [LAYER 0]
CMD      : G1 X0.1 Y0.1 E20 F600
TRUST    : acc_cmd=1.000 | acc_exec=0.000 | trust=0.003
DECISION : PAUSE
MACHINE  : Machine-4
------------------------------------------------------------
[SEQ 349] [STATIC-BASELINE]
CMD      : G1 | effects={'dx': 0.0, 'dy': 0.0, 'dz': 0.0, 'de': 0.0, 'xy_dist': 0.0, 'params': {'G': 1.0, 'X': 0.1, 'Y': 0.1, 'E': 20.0, 'F': 600.0}}
DECISION : ALLOW
------------------------------------------------------------
[SEQ 349] [IEEE-BASELINE]
SCORE    : anomaly_score=0.000
DECISION : ALLOW
------------------------------------------------------------
[SEQ 350] [LAYER 0]
CMD      : G1 X168.635 Y121.683 E9.59802
TRUST    : acc_cmd=0.000 | acc_exec=0.600 | trust=0.015
DECISION : PAUSE
MACHINE  : Machine-4
------------------------------------------------------------
[SEQ 350] [STATIC-BASELINE]
CMD      : G1 | effects={'dx': 168.535, 'dy': 121.58300000000001, 'dz': 0.0, 'de': -10.40198, 'xy_dist': 207.813551324258, 'params': {'G': 1.0, 'X': 168.635, 'Y': 121.683, 'E': 9.59802}}
DECISION : ALLOW
------------------------------------------------------------
[SEQ 350] [IEEE-BASELINE]
SCORE    : anomaly_score=0.000
DECISION : ALLOW
------------------------------------------------------------
[SEQ 351] [LAYER 0]
CMD      : G1 X0.1 Y0.1 E20 F600
TRUST    : acc_cmd=1.000 | acc_exec=0.000 | trust=0.009
DECISION : PAUSE
MACHINE  : Machine-4
------------------------------------------------------------
[SEQ 351] [STATIC-BASELINE]
CMD      : G1 | effects={'dx': -168.535, 'dy': -121.58300000000001, 'dz': 0.0, 'de': 10.40198, 'xy_dist': 207.813551324258, 'params': {'G': 1.0, 'X': 0.1, 'Y': 0.1, 'E': 20.0, 'F': 600.0}}
DECISION : ALLOW
------------------------------------------------------------
[SEQ 351] [IEEE-BASELINE]
SCORE    : anomaly_score=0.000
DECISION : ALLOW
------------------------------------------------------------
[SEQ 352] [LAYER 0]
CMD      : G1 X0.1 Y0.1 E20 F600
TRUST    : acc_cmd=1.000 | acc_exec=0.000 | trust=0.005
DECISION : PAUSE
MACHINE  : Machine-4
------------------------------------------------------------
[SEQ 352] [STATIC-BASELINE]
CMD      : G1 | effects={'dx': 0.0, 'dy': 0.0, 'dz': 0.0, 'de': 0.0, 'xy_dist': 0.0, 'params': {'G': 1.0, 'X': 0.1, 'Y': 0.1, 'E': 20.0, 'F': 600.0}}
DECISION : ALLOW
------------------------------------------------------------
[SEQ 352] [IEEE-BASELINE]
SCORE    : anomaly_score=0.000
DECISION : ALLOW
------------------------------------------------------------
[SEQ 353] [LAYER 0]
CMD      : G1 X0.1 Y0.1 E20 F600
TRUST    : acc_cmd=1.000 | acc_exec=0.000 | trust=0.003
DECISION : PAUSE
MACHINE  : Machine-4
------------------------------------------------------------
[SEQ 353] [STATIC-BASELINE]
CMD      : G1 | effects={'dx': 0.0, 'dy': 0.0, 'dz': 0.0, 'de': 0.0, 'xy_dist': 0.0, 'params': {'G': 1.0, 'X': 0.1, 'Y': 0.1, 'E': 20.0, 'F': 600.0}}
DECISION : ALLOW
------------------------------------------------------------
[SEQ 353] [IEEE-BASELINE]
SCORE    : anomaly_score=0.000
DECISION : ALLOW
------------------------------------------------------------
[SEQ 354] [LAYER 0]
CMD      : G1 X165.609 Y123.954 E9.67185
TRUST    : acc_cmd=0.000 | acc_exec=0.589 | trust=0.012
DECISION : PAUSE
MACHINE  : Machine-4
------------------------------------------------------------
[SEQ 354] [STATIC-BASELINE]
CMD      : G1 | effects={'dx': 165.50900000000001, 'dy': 123.854, 'dz': 0.0, 'de': -10.32815, 'xy_dist': 206.719719419798, 'params': {'G': 1.0, 'X': 165.609, 'Y': 123.954, 'E': 9.67185}}
DECISION : ALLOW
------------------------------------------------------------
[SEQ 354] [IEEE-BASELINE]
SCORE    : anomaly_score=0.000
DECISION : ALLOW
------------------------------------------------------------
[SEQ 355] [LAYER 0]
CMD      : G1 X164.44 Y123.977 E9.69384
TRUST    : acc_cmd=0.000 | acc_exec=0.000 | trust=0.059
DECISION : PAUSE
MACHINE  : Machine-4
------------------------------------------------------------
[SEQ 355] [STATIC-BASELINE]
CMD      : G1 | effects={'dx': -1.1690000000000111, 'dy': 0.023000000000010346, 'dz': 0.0, 'de': 0.02199000000000062, 'xy_dist': 1.169226239869781, 'params': {'G': 1.0, 'X': 164.44, 'Y': 123.977, 'E': 9.69384}}
DECISION : ALLOW
------------------------------------------------------------
[SEQ 355] [IEEE-BASELINE]
SCORE    : anomaly_score=0.000
DECISION : ALLOW
------------------------------------------------------------
[SEQ 356] [LAYER 0]
CMD      : G1 X163.337 Y123.636 E9.71556
TRUST    : acc_cmd=0.000 | acc_exec=0.000 | trust=0.165
DECISION : PAUSE
MACHINE  : Machine-4
------------------------------------------------------------
[SEQ 356] [STATIC-BASELINE]
CMD      : G1 | effects={'dx': -1.1030000000000086, 'dy': -0.3410000000000082, 'dz': 0.0, 'de': 0.021720000000000184, 'xy_dist': 1.154508553454683, 'params': {'G': 1.0, 'X': 163.337, 'Y': 123.636, 'E': 9.71556}}
DECISION : ALLOW
------------------------------------------------------------
[SEQ 356] [IEEE-BASELINE]
SCORE    : anomaly_score=0.000
DECISION : ALLOW
------------------------------------------------------------
[SEQ 357] [LAYER 0]
CMD      : G1 X0.1 Y0.1 E20 F600
TRUST    : acc_cmd=1.000 | acc_exec=0.000 | trust=0.078
DECISION : PAUSE
MACHINE  : Machine-4
------------------------------------------------------------
[SEQ 357] [STATIC-BASELINE]
CMD      : G1 | effects={'dx': -163.237, 'dy': -123.536, 'dz': 0.0, 'de': 10.28444, 'xy_dist': 204.71311991418625, 'params': {'G': 1.0, 'X': 0.1, 'Y': 0.1, 'E': 20.0, 'F': 600.0}}
DECISION : ALLOW
------------------------------------------------------------
[SEQ 357] [IEEE-BASELINE]
SCORE    : anomaly_score=0.000
DECISION : ALLOW
------------------------------------------------------------
[SEQ 358] [LAYER 0]
CMD      : G1 X0.1 Y0.1 E20 F600
TRUST    : acc_cmd=1.000 | acc_exec=0.000 | trust=0.034
DECISION : PAUSE
MACHINE  : Machine-4
------------------------------------------------------------
[SEQ 358] [STATIC-BASELINE]
CMD      : G1 | effects={'dx': 0.0, 'dy': 0.0, 'dz': 0.0, 'de': 0.0, 'xy_dist': 0.0, 'params': {'G': 1.0, 'X': 0.1, 'Y': 0.1, 'E': 20.0, 'F': 600.0}}
DECISION : ALLOW
------------------------------------------------------------
[SEQ 358] [IEEE-BASELINE]
SCORE    : anomaly_score=0.000
DECISION : ALLOW
------------------------------------------------------------
[SEQ 359] [LAYER 0]
CMD      : G1 X0.1 Y0.1 E20 F600
TRUST    : acc_cmd=1.000 | acc_exec=0.000 | trust=0.015
DECISION : PAUSE
MACHINE  : Machine-4
------------------------------------------------------------
[SEQ 359] [STATIC-BASELINE]
CMD      : G1 | effects={'dx': 0.0, 'dy': 0.0, 'dz': 0.0, 'de': 0.0, 'xy_dist': 0.0, 'params': {'G': 1.0, 'X': 0.1, 'Y': 0.1, 'E': 20.0, 'F': 600.0}}
DECISION : ALLOW
------------------------------------------------------------
[SEQ 359] [IEEE-BASELINE]
SCORE    : anomaly_score=0.000
DECISION : ALLOW
------------------------------------------------------------
[SEQ 360] [LAYER 0]
CMD      : G1 X0.1 Y0.1 E20 F600
TRUST    : acc_cmd=1.000 | acc_exec=1.000 | trust=0.007
DECISION : PAUSE
MACHINE  : Machine-4
------------------------------------------------------------
[SEQ 360] [STATIC-BASELINE]
CMD      : G1 | effects={'dx': 0.0, 'dy': 0.0, 'dz': 0.0, 'de': 0.0, 'xy_dist': 0.0, 'params': {'G': 1.0, 'X': 0.1, 'Y': 0.1, 'E': 20.0, 'F': 600.0}}
DECISION : ALLOW
------------------------------------------------------------
[SEQ 360] [IEEE-BASELINE]
SCORE    : anomaly_score=0.000
DECISION : ALLOW
------------------------------------------------------------
[SEQ 361] [LAYER 0]
CMD      : G1 X0.1 Y0.1 E20 F600
TRUST    : acc_cmd=1.000 | acc_exec=1.000 | trust=0.003
DECISION : PAUSE
MACHINE  : Machine-4
------------------------------------------------------------
[SEQ 361] [STATIC-BASELINE]
CMD      : G1 | effects={'dx': 0.0, 'dy': 0.0, 'dz': 0.0, 'de': 0.0, 'xy_dist': 0.0, 'params': {'G': 1.0, 'X': 0.1, 'Y': 0.1, 'E': 20.0, 'F': 600.0}}
DECISION : ALLOW
------------------------------------------------------------
[SEQ 361] [IEEE-BASELINE]
SCORE    : anomaly_score=0.000
DECISION : ALLOW
------------------------------------------------------------
[SEQ 362] [LAYER 0]
CMD      : G1 X161.771 Y117.67 E9.84837
TRUST    : acc_cmd=0.000 | acc_exec=0.562 | trust=0.007
DECISION : PAUSE
MACHINE  : Machine-4
------------------------------------------------------------
[SEQ 362] [STATIC-BASELINE]
CMD      : G1 | effects={'dx': 161.671, 'dy': 117.57000000000001, 'dz': 0.0, 'de': -10.15163, 'xy_dist': 199.90051811088435, 'params': {'G': 1.0, 'X': 161.771, 'Y': 117.67, 'E': 9.84837}}
DECISION : ALLOW
------------------------------------------------------------
[SEQ 362] [IEEE-BASELINE]
SCORE    : anomaly_score=0.000
DECISION : ALLOW
------------------------------------------------------------
[SEQ 363] [LAYER 0]
CMD      : G0 F3600 X162.095 Y117.909
TRUST    : acc_cmd=0.000 | acc_exec=0.000 | trust=0.041
DECISION : PAUSE
MACHINE  : Machine-4
------------------------------------------------------------
[SEQ 363] [STATIC-BASELINE]
CMD      : G0 | effects={'dx': 0.3240000000000123, 'dy': 0.23900000000000432, 'dz': 0.0, 'de': 0.0, 'xy_dist': 0.4026127171364685, 'params': {'G': 0.0, 'F': 3600.0, 'X': 162.095, 'Y': 117.909}}
DECISION : ALLOW
------------------------------------------------------------
[SEQ 363] [IEEE-BASELINE]
SCORE    : anomaly_score=0.000
DECISION : ALLOW
------------------------------------------------------------
[SEQ 364] [LAYER 0]
CMD      : G1 X0.1 Y0.1 E20 F600
TRUST    : acc_cmd=1.000 | acc_exec=0.000 | trust=0.023
DECISION : PAUSE
MACHINE  : Machine-4
------------------------------------------------------------
[SEQ 364] [STATIC-BASELINE]
CMD      : G1 | effects={'dx': -161.995, 'dy': -117.80900000000001, 'dz': 0.0, 'de': 10.15163, 'xy_dist': 200.30312155830225, 'params': {'G': 1.0, 'X': 0.1, 'Y': 0.1, 'E': 20.0, 'F': 600.0}}
DECISION : ALLOW
------------------------------------------------------------
[SEQ 364] [IEEE-BASELINE]
SCORE    : anomaly_score=0.000
DECISION : ALLOW
------------------------------------------------------------
[SEQ 365] [LAYER 0]
CMD      : G1 X0.1 Y0.1 E20 F600
TRUST    : acc_cmd=1.000 | acc_exec=0.000 | trust=0.011
DECISION : PAUSE
MACHINE  : Machine-4
------------------------------------------------------------
[SEQ 365] [STATIC-BASELINE]
CMD      : G1 | effects={'dx': 0.0, 'dy': 0.0, 'dz': 0.0, 'de': 0.0, 'xy_dist': 0.0, 'params': {'G': 1.0, 'X': 0.1, 'Y': 0.1, 'E': 20.0, 'F': 600.0}}
DECISION : ALLOW
------------------------------------------------------------
[SEQ 365] [IEEE-BASELINE]
SCORE    : anomaly_score=0.000
DECISION : ALLOW
------------------------------------------------------------
[SEQ 366] [LAYER 0]
CMD      : G1 X0.1 Y0.1 E20 F600
TRUST    : acc_cmd=1.000 | acc_exec=0.000 | trust=0.005
DECISION : PAUSE
MACHINE  : Machine-4
------------------------------------------------------------
[SEQ 366] [STATIC-BASELINE]
CMD      : G1 | effects={'dx': 0.0, 'dy': 0.0, 'dz': 0.0, 'de': 0.0, 'xy_dist': 0.0, 'params': {'G': 1.0, 'X': 0.1, 'Y': 0.1, 'E': 20.0, 'F': 600.0}}
DECISION : ALLOW
------------------------------------------------------------
[SEQ 366] [IEEE-BASELINE]
SCORE    : anomaly_score=0.000
DECISION : ALLOW
------------------------------------------------------------
[SEQ 367] [LAYER 0]
CMD      : G1 X165.382 Y116.425 E9.91943
TRUST    : acc_cmd=0.000 | acc_exec=0.551 | trust=0.015
DECISION : PAUSE
MACHINE  : Machine-4
------------------------------------------------------------
[SEQ 367] [STATIC-BASELINE]
CMD      : G1 | effects={'dx': 165.282, 'dy': 116.325, 'dz': 0.0, 'de': -10.08057, 'xy_dist': 202.11295146278974, 'params': {'G': 1.0, 'X': 165.382, 'Y': 116.425, 'E': 9.91943}}
DECISION : ALLOW
------------------------------------------------------------
[SEQ 367] [IEEE-BASELINE]
SCORE    : anomaly_score=0.000
DECISION : ALLOW
------------------------------------------------------------
[SEQ 368] [LAYER 0]
CMD      : G1 X0.1 Y0.1 E20 F600
TRUST    : acc_cmd=1.000 | acc_exec=0.000 | trust=0.009
DECISION : PAUSE
MACHINE  : Machine-4
------------------------------------------------------------
[SEQ 368] [STATIC-BASELINE]
CMD      : G1 | effects={'dx': -165.282, 'dy': -116.325, 'dz': 0.0, 'de': 10.08057, 'xy_dist': 202.11295146278974, 'params': {'G': 1.0, 'X': 0.1, 'Y': 0.1, 'E': 20.0, 'F': 600.0}}
DECISION : ALLOW
------------------------------------------------------------
[SEQ 368] [IEEE-BASELINE]
SCORE    : anomaly_score=0.000
DECISION : ALLOW
------------------------------------------------------------
[SEQ 369] [LAYER 0]
CMD      : G1 X0.1 Y0.1 E20 F600
TRUST    : acc_cmd=1.000 | acc_exec=0.000 | trust=0.005
DECISION : PAUSE
MACHINE  : Machine-4
------------------------------------------------------------
[SEQ 369] [STATIC-BASELINE]
CMD      : G1 | effects={'dx': 0.0, 'dy': 0.0, 'dz': 0.0, 'de': 0.0, 'xy_dist': 0.0, 'params': {'G': 1.0, 'X': 0.1, 'Y': 0.1, 'E': 20.0, 'F': 600.0}}
DECISION : ALLOW
------------------------------------------------------------
[SEQ 369] [IEEE-BASELINE]
SCORE    : anomaly_score=0.000
DECISION : ALLOW
------------------------------------------------------------
[SEQ 370] [LAYER 0]
CMD      : G1 X168.139 Y118.195 E9.9832
TRUST    : acc_cmd=0.000 | acc_exec=0.541 | trust=0.017
DECISION : PAUSE
MACHINE  : Machine-4
------------------------------------------------------------
[SEQ 370] [STATIC-BASELINE]
CMD      : G1 | effects={'dx': 168.03900000000002, 'dy': 118.095, 'dz': 0.0, 'de': -10.0168, 'xy_dist': 205.38630564377948, 'params': {'G': 1.0, 'X': 168.139, 'Y': 118.195, 'E': 9.9832}}
DECISION : ALLOW
------------------------------------------------------------
[SEQ 370] [IEEE-BASELINE]
SCORE    : anomaly_score=0.000
DECISION : ALLOW
------------------------------------------------------------
[SEQ 371] [LAYER 0]
CMD      : G1 X0.1 Y0.1 E20 F600
TRUST    : acc_cmd=1.000 | acc_exec=0.000 | trust=0.010
DECISION : PAUSE
MACHINE  : Machine-4
------------------------------------------------------------
[SEQ 371] [STATIC-BASELINE]
CMD      : G1 | effects={'dx': -168.03900000000002, 'dy': -118.095, 'dz': 0.0, 'de': 10.0168, 'xy_dist': 205.38630564377948, 'params': {'G': 1.0, 'X': 0.1, 'Y': 0.1, 'E': 20.0, 'F': 600.0}}
DECISION : ALLOW
------------------------------------------------------------
[SEQ 371] [IEEE-BASELINE]
SCORE    : anomaly_score=0.000
DECISION : ALLOW
------------------------------------------------------------
[SEQ 372] [LAYER 0]
CMD      : G1 X168.556 Y120.589 E10.02961
TRUST    : acc_cmd=0.000 | acc_exec=0.534 | trust=0.030
DECISION : PAUSE
MACHINE  : Machine-4
------------------------------------------------------------
[SEQ 372] [STATIC-BASELINE]
CMD      : G1 | effects={'dx': 168.45600000000002, 'dy': 120.489, 'dz': 0.0, 'de': -9.97039, 'xy_dist': 207.1111369699853, 'params': {'G': 1.0, 'X': 168.556, 'Y': 120.589, 'E': 10.02961}}
DECISION : ALLOW
------------------------------------------------------------
[SEQ 372] [IEEE-BASELINE]
SCORE    : anomaly_score=0.000
DECISION : ALLOW
------------------------------------------------------------
[SEQ 373] [LAYER 0]
CMD      : G1 X168.269 Y121.512 E10.04779
TRUST    : acc_cmd=0.000 | acc_exec=0.000 | trust=0.103
DECISION : PAUSE
MACHINE  : Machine-4
------------------------------------------------------------
[SEQ 373] [STATIC-BASELINE]
CMD      : G1 | effects={'dx': -0.28700000000000614, 'dy': 0.9230000000000018, 'dz': 0.0, 'de': 0.018180000000000973, 'xy_dist': 0.9665909165722627, 'params': {'G': 1.0, 'X': 168.269, 'Y': 121.512, 'E': 10.04779}}
DECISION : ALLOW
------------------------------------------------------------
[SEQ 373] [IEEE-BASELINE]
SCORE    : anomaly_score=0.000
DECISION : ALLOW
------------------------------------------------------------
[SEQ 374] [LAYER 0]
CMD      : G1 X0.1 Y0.1 E20 F600
TRUST    : acc_cmd=1.000 | acc_exec=0.000 | trust=0.051
DECISION : PAUSE
MACHINE  : Machine-4
------------------------------------------------------------
[SEQ 374] [STATIC-BASELINE]
CMD      : G1 | effects={'dx': -168.169, 'dy': -121.412, 'dz': 0.0, 'de': 9.95221, 'xy_dist': 207.41669726663764, 'params': {'G': 1.0, 'X': 0.1, 'Y': 0.1, 'E': 20.0, 'F': 600.0}}
DECISION : ALLOW
------------------------------------------------------------
[SEQ 374] [IEEE-BASELINE]
SCORE    : anomaly_score=0.000
DECISION : ALLOW
------------------------------------------------------------
[SEQ 375] [LAYER 0]
CMD      : G1 X0.1 Y0.1 E20 F600
TRUST    : acc_cmd=1.000 | acc_exec=0.000 | trust=0.023
DECISION : PAUSE
MACHINE  : Machine-4
------------------------------------------------------------
[SEQ 375] [STATIC-BASELINE]
CMD      : G1 | effects={'dx': 0.0, 'dy': 0.0, 'dz': 0.0, 'de': 0.0, 'xy_dist': 0.0, 'params': {'G': 1.0, 'X': 0.1, 'Y': 0.1, 'E': 20.0, 'F': 600.0}}
DECISION : ALLOW
------------------------------------------------------------
[SEQ 375] [IEEE-BASELINE]
SCORE    : anomaly_score=0.000
DECISION : ALLOW
------------------------------------------------------------
[SEQ 376] [LAYER 0]
CMD      : G1 X0.1 Y0.1 E20 F600
TRUST    : acc_cmd=1.000 | acc_exec=0.000 | trust=0.010
DECISION : PAUSE
MACHINE  : Machine-4
------------------------------------------------------------
[SEQ 376] [STATIC-BASELINE]
CMD      : G1 | effects={'dx': 0.0, 'dy': 0.0, 'dz': 0.0, 'de': 0.0, 'xy_dist': 0.0, 'params': {'G': 1.0, 'X': 0.1, 'Y': 0.1, 'E': 20.0, 'F': 600.0}}
DECISION : ALLOW
------------------------------------------------------------
[SEQ 376] [IEEE-BASELINE]
SCORE    : anomaly_score=0.000
DECISION : ALLOW
------------------------------------------------------------
[SEQ 377] [LAYER 0]
CMD      : G1 X0.1 Y0.1 E20 F600
TRUST    : acc_cmd=1.000 | acc_exec=1.000 | trust=0.005
DECISION : PAUSE
MACHINE  : Machine-4
------------------------------------------------------------
[SEQ 377] [STATIC-BASELINE]
CMD      : G1 | effects={'dx': 0.0, 'dy': 0.0, 'dz': 0.0, 'de': 0.0, 'xy_dist': 0.0, 'params': {'G': 1.0, 'X': 0.1, 'Y': 0.1, 'E': 20.0, 'F': 600.0}}
DECISION : ALLOW
------------------------------------------------------------
[SEQ 377] [IEEE-BASELINE]
SCORE    : anomaly_score=0.000
DECISION : ALLOW
------------------------------------------------------------
[SEQ 378] [LAYER 0]
CMD      : G1 X164.496 Y123.576 E10.13398
TRUST    : acc_cmd=0.000 | acc_exec=0.518 | trust=0.012
DECISION : PAUSE
MACHINE  : Machine-4
------------------------------------------------------------
[SEQ 378] [STATIC-BASELINE]
CMD      : G1 | effects={'dx': 164.39600000000002, 'dy': 123.476, 'dz': 0.0, 'de': -9.86602, 'xy_dist': 205.60244986867255, 'params': {'G': 1.0, 'X': 164.496, 'Y': 123.576, 'E': 10.13398}}
DECISION : ALLOW
------------------------------------------------------------
[SEQ 378] [IEEE-BASELINE]
SCORE    : anomaly_score=0.000
DECISION : ALLOW
------------------------------------------------------------
[SEQ 379] [LAYER 0]
CMD      : G1 X0.1 Y0.1 E20 F600
TRUST    : acc_cmd=1.000 | acc_exec=0.000 | trust=0.008
DECISION : PAUSE
MACHINE  : Machine-4
------------------------------------------------------------
[SEQ 379] [STATIC-BASELINE]
CMD      : G1 | effects={'dx': -164.39600000000002, 'dy': -123.476, 'dz': 0.0, 'de': 9.86602, 'xy_dist': 205.60244986867255, 'params': {'G': 1.0, 'X': 0.1, 'Y': 0.1, 'E': 20.0, 'F': 600.0}}
DECISION : ALLOW
------------------------------------------------------------
[SEQ 379] [IEEE-BASELINE]
SCORE    : anomaly_score=0.000
DECISION : ALLOW
------------------------------------------------------------
[SEQ 380] [LAYER 0]
CMD      : G1 X0.1 Y0.1 E20 F600
TRUST    : acc_cmd=1.000 | acc_exec=0.000 | trust=0.004
DECISION : PAUSE
MACHINE  : Machine-4
------------------------------------------------------------
[SEQ 380] [STATIC-BASELINE]
CMD      : G1 | effects={'dx': 0.0, 'dy': 0.0, 'dz': 0.0, 'de': 0.0, 'xy_dist': 0.0, 'params': {'G': 1.0, 'X': 0.1, 'Y': 0.1, 'E': 20.0, 'F': 600.0}}
DECISION : ALLOW
------------------------------------------------------------
[SEQ 380] [IEEE-BASELINE]
SCORE    : anomaly_score=0.000
DECISION : ALLOW
------------------------------------------------------------
[SEQ 381] [LAYER 0]
CMD      : G1 X161.743 Y121.595 E10.19995
TRUST    : acc_cmd=0.000 | acc_exec=0.508 | trust=0.016
DECISION : PAUSE
MACHINE  : Machine-4
------------------------------------------------------------
[SEQ 381] [STATIC-BASELINE]
CMD      : G1 | effects={'dx': 161.643, 'dy': 121.495, 'dz': 0.0, 'de': -9.80005, 'xy_dist': 202.21150925207004, 'params': {'G': 1.0, 'X': 161.743, 'Y': 121.595, 'E': 10.19995}}
DECISION : ALLOW
------------------------------------------------------------
[SEQ 381] [IEEE-BASELINE]
SCORE    : anomaly_score=0.000
DECISION : ALLOW
------------------------------------------------------------
[SEQ 382] [LAYER 0]
CMD      : G1 X0.1 Y0.1 E20 F600
TRUST    : acc_cmd=1.000 | acc_exec=0.000 | trust=0.009
DECISION : PAUSE
MACHINE  : Machine-4
------------------------------------------------------------
[SEQ 382] [STATIC-BASELINE]
CMD      : G1 | effects={'dx': -161.643, 'dy': -121.495, 'dz': 0.0, 'de': 9.80005, 'xy_dist': 202.21150925207004, 'params': {'G': 1.0, 'X': 0.1, 'Y': 0.1, 'E': 20.0, 'F': 600.0}}
DECISION : ALLOW
------------------------------------------------------------
[SEQ 382] [IEEE-BASELINE]
SCORE    : anomaly_score=0.000
DECISION : ALLOW
------------------------------------------------------------
[SEQ 383] [LAYER 0]
CMD      : G1 X161.428 Y119.418 E10.24168
TRUST    : acc_cmd=0.000 | acc_exec=0.501 | trust=0.029
DECISION : PAUSE
MACHINE  : Machine-4
------------------------------------------------------------
[SEQ 383] [STATIC-BASELINE]
CMD      : G1 | effects={'dx': 161.328, 'dy': 119.31800000000001, 'dz': 0.0, 'de': -9.75832, 'xy_dist': 200.65769037841534, 'params': {'G': 1.0, 'X': 161.428, 'Y': 119.418, 'E': 10.24168}}
DECISION : ALLOW
------------------------------------------------------------
[SEQ 383] [IEEE-BASELINE]
SCORE    : anomaly_score=0.000
DECISION : ALLOW
------------------------------------------------------------
[SEQ 384] [LAYER 0]
CMD      : G1 X0.1 Y0.1 E20 F600
TRUST    : acc_cmd=1.000 | acc_exec=0.000 | trust=0.016
DECISION : PAUSE
MACHINE  : Machine-4
------------------------------------------------------------
[SEQ 384] [STATIC-BASELINE]
CMD      : G1 | effects={'dx': -161.328, 'dy': -119.31800000000001, 'dz': 0.0, 'de': 9.75832, 'xy_dist': 200.65769037841534, 'params': {'G': 1.0, 'X': 0.1, 'Y': 0.1, 'E': 20.0, 'F': 600.0}}
DECISION : ALLOW
------------------------------------------------------------
[SEQ 384] [IEEE-BASELINE]
SCORE    : anomaly_score=0.000
DECISION : ALLOW
------------------------------------------------------------
[SEQ 385] [LAYER 0]
CMD      : G1 X0.1 Y0.1 E20 F600
TRUST    : acc_cmd=1.000 | acc_exec=0.000 | trust=0.008
DECISION : PAUSE
MACHINE  : Machine-4
------------------------------------------------------------
[SEQ 385] [STATIC-BASELINE]
CMD      : G1 | effects={'dx': 0.0, 'dy': 0.0, 'dz': 0.0, 'de': 0.0, 'xy_dist': 0.0, 'params': {'G': 1.0, 'X': 0.1, 'Y': 0.1, 'E': 20.0, 'F': 600.0}}
DECISION : ALLOW
------------------------------------------------------------
[SEQ 385] [IEEE-BASELINE]
SCORE    : anomaly_score=0.000
DECISION : ALLOW
------------------------------------------------------------
[SEQ 386] [LAYER 0]
CMD      : G1 X0.1 Y0.1 E20 F600
TRUST    : acc_cmd=1.000 | acc_exec=0.000 | trust=0.004
DECISION : PAUSE
MACHINE  : Machine-4
------------------------------------------------------------
[SEQ 386] [STATIC-BASELINE]
CMD      : G1 | effects={'dx': 0.0, 'dy': 0.0, 'dz': 0.0, 'de': 0.0, 'xy_dist': 0.0, 'params': {'G': 1.0, 'X': 0.1, 'Y': 0.1, 'E': 20.0, 'F': 600.0}}
DECISION : ALLOW
------------------------------------------------------------
[SEQ 386] [IEEE-BASELINE]
SCORE    : anomaly_score=0.000
DECISION : ALLOW
------------------------------------------------------------
[SEQ 387] [LAYER 0]
CMD      : G1 F1800 X163.109 Y117.406 E10.29198
TRUST    : acc_cmd=0.000 | acc_exec=0.494 | trust=0.013
DECISION : PAUSE
MACHINE  : Machine-4
------------------------------------------------------------
[SEQ 387] [STATIC-BASELINE]
CMD      : G1 | effects={'dx': 163.00900000000001, 'dy': 117.30600000000001, 'dz': 0.0, 'de': -9.70802, 'xy_dist': 200.82985763327127, 'params': {'G': 1.0, 'F': 1800.0, 'X': 163.109, 'Y': 117.406, 'E': 10.29198}}
DECISION : ALLOW
------------------------------------------------------------
[SEQ 387] [IEEE-BASELINE]
SCORE    : anomaly_score=0.000
DECISION : ALLOW
------------------------------------------------------------
[SEQ 388] [LAYER 0]
CMD      : G1 X163.958 Y116.992 E10.30974
TRUST    : acc_cmd=0.000 | acc_exec=0.000 | trust=0.062
DECISION : PAUSE
MACHINE  : Machine-4
------------------------------------------------------------
[SEQ 388] [STATIC-BASELINE]
CMD      : G1 | effects={'dx': 0.8489999999999895, 'dy': -0.4140000000000015, 'dz': 0.0, 'de': 0.01775999999999911, 'xy_dist': 0.9445618031658826, 'params': {'G': 1.0, 'X': 163.958, 'Y': 116.992, 'E': 10.30974}}
DECISION : ALLOW
------------------------------------------------------------
[SEQ 388] [IEEE-BASELINE]
SCORE    : anomaly_score=0.000
DECISION : ALLOW
------------------------------------------------------------
[SEQ 389] [LAYER 0]
CMD      : G1 X0.1 Y0.1 E20 F600
TRUST    : acc_cmd=1.000 | acc_exec=0.000 | trust=0.032
DECISION : PAUSE
MACHINE  : Machine-4
------------------------------------------------------------
[SEQ 389] [STATIC-BASELINE]
CMD      : G1 | effects={'dx': -163.858, 'dy': -116.89200000000001, 'dz': 0.0, 'de': 9.69026, 'xy_dist': 201.27887079373235, 'params': {'G': 1.0, 'X': 0.1, 'Y': 0.1, 'E': 20.0, 'F': 600.0}}
DECISION : ALLOW
------------------------------------------------------------
[SEQ 389] [IEEE-BASELINE]
SCORE    : anomaly_score=0.000
DECISION : ALLOW
------------------------------------------------------------
[SEQ 390] [LAYER 0]
CMD      : G1 X165.342 Y116.826 E10.33615
TRUST    : acc_cmd=0.000 | acc_exec=0.487 | trust=0.055
DECISION : PAUSE
MACHINE  : Machine-4
------------------------------------------------------------
[SEQ 390] [STATIC-BASELINE]
CMD      : G1 | effects={'dx': 165.24200000000002, 'dy': 116.726, 'dz': 0.0, 'de': -9.66385, 'xy_dist': 202.31133838715024, 'params': {'G': 1.0, 'X': 165.342, 'Y': 116.826, 'E': 10.33615}}
DECISION : ALLOW
------------------------------------------------------------
[SEQ 390] [IEEE-BASELINE]
SCORE    : anomaly_score=0.000
DECISION : ALLOW
------------------------------------------------------------
[SEQ 391] [LAYER 0]
CMD      : G1 X166.143 Y117.015 E10.35163
TRUST    : acc_cmd=0.000 | acc_exec=0.000 | trust=0.144
DECISION : PAUSE
MACHINE  : Machine-4
------------------------------------------------------------
[SEQ 391] [STATIC-BASELINE]
CMD      : G1 | effects={'dx': 0.8009999999999877, 'dy': 0.18900000000000716, 'dz': 0.0, 'de': 0.01548000000000016, 'xy_dist': 0.8229957472551016, 'params': {'G': 1.0, 'X': 166.143, 'Y': 117.015, 'E': 10.35163}}
DECISION : ALLOW
------------------------------------------------------------
[SEQ 391] [IEEE-BASELINE]
SCORE    : anomaly_score=0.000
DECISION : ALLOW
------------------------------------------------------------
[SEQ 392] [LAYER 0]
CMD      : G1 X0.1 Y0.1 E20 F600
TRUST    : acc_cmd=1.000 | acc_exec=0.000 | trust=0.069
DECISION : PAUSE
MACHINE  : Machine-4
------------------------------------------------------------
[SEQ 392] [STATIC-BASELINE]
CMD      : G1 | effects={'dx': -166.043, 'dy': -116.915, 'dz': 0.0, 'de': 9.64837, 'xy_dist': 203.07485091463198, 'params': {'G': 1.0, 'X': 0.1, 'Y': 0.1, 'E': 20.0, 'F': 600.0}}
DECISION : ALLOW
------------------------------------------------------------
[SEQ 392] [IEEE-BASELINE]
SCORE    : anomaly_score=0.000
DECISION : ALLOW
------------------------------------------------------------
[SEQ 393] [LAYER 0]
CMD      : G1 X0.1 Y0.1 E20 F600
TRUST    : acc_cmd=1.000 | acc_exec=0.000 | trust=0.030
DECISION : PAUSE
MACHINE  : Machine-4
------------------------------------------------------------
[SEQ 393] [STATIC-BASELINE]
CMD      : G1 | effects={'dx': 0.0, 'dy': 0.0, 'dz': 0.0, 'de': 0.0, 'xy_dist': 0.0, 'params': {'G': 1.0, 'X': 0.1, 'Y': 0.1, 'E': 20.0, 'F': 600.0}}
DECISION : ALLOW
------------------------------------------------------------
[SEQ 393] [IEEE-BASELINE]
SCORE    : anomaly_score=0.000
DECISION : ALLOW
------------------------------------------------------------
[SEQ 394] [LAYER 0]
CMD      : G1 X0.1 Y0.1 E20 F600
TRUST    : acc_cmd=1.000 | acc_exec=0.000 | trust=0.013
DECISION : PAUSE
MACHINE  : Machine-4
------------------------------------------------------------
[SEQ 394] [STATIC-BASELINE]
CMD      : G1 | effects={'dx': 0.0, 'dy': 0.0, 'dz': 0.0, 'de': 0.0, 'xy_dist': 0.0, 'params': {'G': 1.0, 'X': 0.1, 'Y': 0.1, 'E': 20.0, 'F': 600.0}}
DECISION : ALLOW
------------------------------------------------------------
[SEQ 394] [IEEE-BASELINE]
SCORE    : anomaly_score=0.000
DECISION : ALLOW
------------------------------------------------------------
[SEQ 395] [LAYER 0]
CMD      : G1 X0.1 Y0.1 E20 F600
TRUST    : acc_cmd=1.000 | acc_exec=1.000 | trust=0.006
DECISION : PAUSE
MACHINE  : Machine-4
------------------------------------------------------------
[SEQ 395] [STATIC-BASELINE]
CMD      : G1 | effects={'dx': 0.0, 'dy': 0.0, 'dz': 0.0, 'de': 0.0, 'xy_dist': 0.0, 'params': {'G': 1.0, 'X': 0.1, 'Y': 0.1, 'E': 20.0, 'F': 600.0}}
DECISION : ALLOW
------------------------------------------------------------
[SEQ 395] [IEEE-BASELINE]
SCORE    : anomaly_score=0.000
DECISION : ALLOW
------------------------------------------------------------
[SEQ 396] [LAYER 0]
CMD      : G1 X167.903 Y121.341 E10.45002
TRUST    : acc_cmd=0.000 | acc_exec=0.469 | trust=0.013
DECISION : PAUSE
MACHINE  : Machine-4
------------------------------------------------------------
[SEQ 396] [STATIC-BASELINE]
CMD      : G1 | effects={'dx': 167.803, 'dy': 121.241, 'dz': 0.0, 'de': -9.54998, 'xy_dist': 207.01987076123876, 'params': {'G': 1.0, 'X': 167.903, 'Y': 121.341, 'E': 10.45002}}
DECISION : ALLOW
------------------------------------------------------------
[SEQ 396] [IEEE-BASELINE]
SCORE    : anomaly_score=0.000
DECISION : ALLOW
------------------------------------------------------------
[SEQ 397] [LAYER 0]
CMD      : G1 X167.44 Y122.063 E10.46615
TRUST    : acc_cmd=0.000 | acc_exec=0.000 | trust=0.058
DECISION : PAUSE
MACHINE  : Machine-4
------------------------------------------------------------
[SEQ 397] [STATIC-BASELINE]
CMD      : G1 | effects={'dx': -0.46299999999999386, 'dy': 0.7220000000000084, 'dz': 0.0, 'de': 0.016130000000000422, 'xy_dist': 0.8577021627581491, 'params': {'G': 1.0, 'X': 167.44, 'Y': 122.063, 'E': 10.46615}}
DECISION : ALLOW
------------------------------------------------------------
[SEQ 397] [IEEE-BASELINE]
SCORE    : anomaly_score=0.000
DECISION : ALLOW
------------------------------------------------------------
[SEQ 398] [LAYER 0]
CMD      : G1 X0.1 Y0.1 E20 F600
TRUST    : acc_cmd=1.000 | acc_exec=0.000 | trust=0.030
DECISION : PAUSE
MACHINE  : Machine-4
------------------------------------------------------------
[SEQ 398] [STATIC-BASELINE]
CMD      : G1 | effects={'dx': -167.34, 'dy': -121.96300000000001, 'dz': 0.0, 'de': 9.53385, 'xy_dist': 207.06918884517802, 'params': {'G': 1.0, 'X': 0.1, 'Y': 0.1, 'E': 20.0, 'F': 600.0}}
DECISION : ALLOW
------------------------------------------------------------
[SEQ 398] [IEEE-BASELINE]
SCORE    : anomaly_score=0.000
DECISION : ALLOW
------------------------------------------------------------
[SEQ 399] [LAYER 0]
CMD      : G1 X0.1 Y0.1 E20 F600
TRUST    : acc_cmd=1.000 | acc_exec=0.000 | trust=0.014
DECISION : PAUSE
MACHINE  : Machine-4
------------------------------------------------------------
[SEQ 399] [STATIC-BASELINE]
CMD      : G1 | effects={'dx': 0.0, 'dy': 0.0, 'dz': 0.0, 'de': 0.0, 'xy_dist': 0.0, 'params': {'G': 1.0, 'X': 0.1, 'Y': 0.1, 'E': 20.0, 'F': 600.0}}
DECISION : ALLOW
------------------------------------------------------------
[SEQ 399] [IEEE-BASELINE]
SCORE    : anomaly_score=0.000
DECISION : ALLOW
------------------------------------------------------------
[SEQ 400] [LAYER 0]
CMD      : G1 X165.487 Y123.156 E10.50899
TRUST    : acc_cmd=0.000 | acc_exec=0.460 | trust=0.026
DECISION : PAUSE
MACHINE  : Machine-4
------------------------------------------------------------
[SEQ 400] [STATIC-BASELINE]
CMD      : G1 | effects={'dx': 165.387, 'dy': 123.05600000000001, 'dz': 0.0, 'de': -9.49101, 'xy_dist': 206.14470380051, 'params': {'G': 1.0, 'X': 165.487, 'Y': 123.156, 'E': 10.50899}}
DECISION : ALLOW
------------------------------------------------------------
[SEQ 400] [IEEE-BASELINE]
SCORE    : anomaly_score=0.000
DECISION : ALLOW
------------------------------------------------------------
[SEQ 401] [LAYER 0]
CMD      : G1 X164.552 Y123.175 E10.52658
TRUST    : acc_cmd=0.000 | acc_exec=0.000 | trust=0.088
DECISION : PAUSE
MACHINE  : Machine-4
------------------------------------------------------------
[SEQ 401] [STATIC-BASELINE]
CMD      : G1 | effects={'dx': -0.9350000000000023, 'dy': 0.018999999999991246, 'dz': 0.0, 'de': 0.01758999999999844, 'xy_dist': 0.935193028203271, 'params': {'G': 1.0, 'X': 164.552, 'Y': 123.175, 'E': 10.52658}}
DECISION : ALLOW
------------------------------------------------------------
[SEQ 401] [IEEE-BASELINE]
SCORE    : anomaly_score=0.000
DECISION : ALLOW
------------------------------------------------------------
[SEQ 402] [LAYER 0]
CMD      : G1 X163.675 Y122.904 E10.54385
TRUST    : acc_cmd=0.000 | acc_exec=0.000 | trust=0.211
DECISION : PAUSE
MACHINE  : Machine-4
------------------------------------------------------------
[SEQ 402] [STATIC-BASELINE]
CMD      : G1 | effects={'dx': -0.8769999999999811, 'dy': -0.2710000000000008, 'dz': 0.0, 'de': 0.017270000000001673, 'xy_dist': 0.9179161181720078, 'params': {'G': 1.0, 'X': 163.675, 'Y': 122.904, 'E': 10.54385}}
DECISION : ALLOW
------------------------------------------------------------
[SEQ 402] [IEEE-BASELINE]
SCORE    : anomaly_score=0.000
DECISION : ALLOW
------------------------------------------------------------
[SEQ 403] [LAYER 0]
CMD      : G1 X162.827 Y122.364 E10.56276
TRUST    : acc_cmd=0.000 | acc_exec=0.000 | trust=0.372
DECISION : PAUSE
MACHINE  : Machine-4
------------------------------------------------------------
[SEQ 403] [STATIC-BASELINE]
CMD      : G1 | effects={'dx': -0.8480000000000132, 'dy': -0.539999999999992, 'dz': 0.0, 'de': 0.018909999999999982, 'xy_dist': 1.0053377541901098, 'params': {'G': 1.0, 'X': 162.827, 'Y': 122.364, 'E': 10.56276}}
DECISION : ALLOW
------------------------------------------------------------
[SEQ 403] [IEEE-BASELINE]
SCORE    : anomaly_score=0.000
DECISION : ALLOW
------------------------------------------------------------
[SEQ 404] [LAYER 0]
CMD      : G1 X0.1 Y0.1 E20 F600
TRUST    : acc_cmd=1.000 | acc_exec=0.000 | trust=0.168
DECISION : PAUSE
MACHINE  : Machine-4
------------------------------------------------------------
[SEQ 404] [STATIC-BASELINE]
CMD      : G1 | effects={'dx': -162.727, 'dy': -122.26400000000001, 'dz': 0.0, 'de': 9.43724, 'xy_dist': 203.54007523089894, 'params': {'G': 1.0, 'X': 0.1, 'Y': 0.1, 'E': 20.0, 'F': 600.0}}
DECISION : ALLOW
------------------------------------------------------------
[SEQ 404] [IEEE-BASELINE]
SCORE    : anomaly_score=0.000
DECISION : ALLOW
------------------------------------------------------------
[SEQ 405] [LAYER 0]
CMD      : G1 X161.844 Y120.481 E10.60341
TRUST    : acc_cmd=0.000 | acc_exec=0.446 | trust=0.143
DECISION : PAUSE
MACHINE  : Machine-4
------------------------------------------------------------
[SEQ 405] [STATIC-BASELINE]
CMD      : G1 | effects={'dx': 161.744, 'dy': 120.381, 'dz': 0.0, 'de': -9.39659, 'xy_dist': 201.6251638486625, 'params': {'G': 1.0, 'X': 161.844, 'Y': 120.481, 'E': 10.60341}}
DECISION : ALLOW
------------------------------------------------------------
[SEQ 405] [IEEE-BASELINE]
SCORE    : anomaly_score=0.000
DECISION : ALLOW
------------------------------------------------------------
[SEQ 406] [LAYER 0]
CMD      : G1 X161.829 Y119.486 E10.62213
TRUST    : acc_cmd=0.000 | acc_exec=0.000 | trust=0.231
DECISION : PAUSE
MACHINE  : Machine-4
------------------------------------------------------------
[SEQ 406] [STATIC-BASELINE]
CMD      : G1 | effects={'dx': -0.014999999999986358, 'dy': -0.9949999999999903, 'dz': 0.0, 'de': 0.01872000000000007, 'xy_dist': 0.9951130589033491, 'params': {'G': 1.0, 'X': 161.829, 'Y': 119.486, 'E': 10.62213}}
DECISION : ALLOW
------------------------------------------------------------
[SEQ 406] [IEEE-BASELINE]
SCORE    : anomaly_score=0.000
DECISION : ALLOW
------------------------------------------------------------
[SEQ 407] [LAYER 0]
CMD      : G1 X0.1 Y0.1 E20 F600
TRUST    : acc_cmd=1.000 | acc_exec=0.000 | trust=0.107
DECISION : PAUSE
MACHINE  : Machine-4
------------------------------------------------------------
[SEQ 407] [STATIC-BASELINE]
CMD      : G1 | effects={'dx': -161.729, 'dy': -119.38600000000001, 'dz': 0.0, 'de': 9.37787, 'xy_dist': 201.02061197051412, 'params': {'G': 1.0, 'X': 0.1, 'Y': 0.1, 'E': 20.0, 'F': 600.0}}
DECISION : ALLOW
------------------------------------------------------------
[SEQ 407] [IEEE-BASELINE]
SCORE    : anomaly_score=0.000
DECISION : ALLOW
------------------------------------------------------------
[SEQ 408] [LAYER 0]
CMD      : G1 X162.416 Y118.151 E10.64968
TRUST    : acc_cmd=0.000 | acc_exec=0.439 | trust=0.106
DECISION : PAUSE
MACHINE  : Machine-4
------------------------------------------------------------
[SEQ 408] [STATIC-BASELINE]
CMD      : G1 | effects={'dx': 162.316, 'dy': 118.051, 'dz': 0.0, 'de': -9.35032, 'xy_dist': 200.70506335665775, 'params': {'G': 1.0, 'X': 162.416, 'Y': 118.151, 'E': 10.64968}}
DECISION : ALLOW
------------------------------------------------------------
[SEQ 408] [IEEE-BASELINE]
SCORE    : anomaly_score=0.000
DECISION : ALLOW
------------------------------------------------------------
[SEQ 409] [LAYER 0]
CMD      : G0 F3600 X162.709 Y118.424
TRUST    : acc_cmd=0.000 | acc_exec=0.000 | trust=0.198
DECISION : PAUSE
MACHINE  : Machine-4
------------------------------------------------------------
[SEQ 409] [STATIC-BASELINE]
CMD      : G0 | effects={'dx': 0.29300000000000637, 'dy': 0.27300000000001035, 'dz': 0.0, 'de': 0.0, 'xy_dist': 0.40047222125886506, 'params': {'G': 0.0, 'F': 3600.0, 'X': 162.709, 'Y': 118.424}}
DECISION : ALLOW
------------------------------------------------------------
[SEQ 409] [IEEE-BASELINE]
SCORE    : anomaly_score=0.000
DECISION : ALLOW
------------------------------------------------------------
[SEQ 410] [LAYER 0]
CMD      : G1 X0.1 Y0.1 E20 F600
TRUST    : acc_cmd=1.000 | acc_exec=0.000 | trust=0.093
DECISION : PAUSE
MACHINE  : Machine-4
------------------------------------------------------------
[SEQ 410] [STATIC-BASELINE]
CMD      : G1 | effects={'dx': -162.609, 'dy': -118.32400000000001, 'dz': 0.0, 'de': 9.35032, 'xy_dist': 201.1026003238148, 'params': {'G': 1.0, 'X': 0.1, 'Y': 0.1, 'E': 20.0, 'F': 600.0}}
DECISION : ALLOW
------------------------------------------------------------
[SEQ 410] [IEEE-BASELINE]
SCORE    : anomaly_score=0.000
DECISION : ALLOW
------------------------------------------------------------
[SEQ 411] [LAYER 0]
CMD      : G1 X0.1 Y0.1 E20 F600
TRUST    : acc_cmd=1.000 | acc_exec=0.000 | trust=0.040
DECISION : PAUSE
MACHINE  : Machine-4
------------------------------------------------------------
[SEQ 411] [STATIC-BASELINE]
CMD      : G1 | effects={'dx': 0.0, 'dy': 0.0, 'dz': 0.0, 'de': 0.0, 'xy_dist': 0.0, 'params': {'G': 1.0, 'X': 0.1, 'Y': 0.1, 'E': 20.0, 'F': 600.0}}
DECISION : ALLOW
------------------------------------------------------------
[SEQ 411] [IEEE-BASELINE]
SCORE    : anomaly_score=0.000
DECISION : ALLOW
------------------------------------------------------------
[SEQ 412] [LAYER 0]
CMD      : G1 X0.1 Y0.1 E20 F600
TRUST    : acc_cmd=1.000 | acc_exec=0.000 | trust=0.017
DECISION : PAUSE
MACHINE  : Machine-4
------------------------------------------------------------
[SEQ 412] [STATIC-BASELINE]
CMD      : G1 | effects={'dx': 0.0, 'dy': 0.0, 'dz': 0.0, 'de': 0.0, 'xy_dist': 0.0, 'params': {'G': 1.0, 'X': 0.1, 'Y': 0.1, 'E': 20.0, 'F': 600.0}}
DECISION : ALLOW
------------------------------------------------------------
[SEQ 412] [IEEE-BASELINE]
SCORE    : anomaly_score=0.000
DECISION : ALLOW
------------------------------------------------------------
[SEQ 413] [LAYER 0]
CMD      : G1 X165.302 Y117.227 E10.70601
TRUST    : acc_cmd=0.000 | acc_exec=0.430 | trust=0.022
DECISION : PAUSE
MACHINE  : Machine-4
------------------------------------------------------------
[SEQ 413] [STATIC-BASELINE]
CMD      : G1 | effects={'dx': 165.202, 'dy': 117.12700000000001, 'dz': 0.0, 'de': -9.29399, 'xy_dist': 202.5103329042743, 'params': {'G': 1.0, 'X': 165.302, 'Y': 117.227, 'E': 10.70601}}
DECISION : ALLOW
------------------------------------------------------------
[SEQ 413] [IEEE-BASELINE]
SCORE    : anomaly_score=0.000
DECISION : ALLOW
------------------------------------------------------------
[SEQ 414] [LAYER 0]
CMD      : G1 X0.1 Y0.1 E20 F600
TRUST    : acc_cmd=1.000 | acc_exec=0.000 | trust=0.012
DECISION : PAUSE
MACHINE  : Machine-4
------------------------------------------------------------
[SEQ 414] [STATIC-BASELINE]
CMD      : G1 | effects={'dx': -165.202, 'dy': -117.12700000000001, 'dz': 0.0, 'de': 9.29399, 'xy_dist': 202.5103329042743, 'params': {'G': 1.0, 'X': 0.1, 'Y': 0.1, 'E': 20.0, 'F': 600.0}}
DECISION : ALLOW
------------------------------------------------------------
[SEQ 414] [IEEE-BASELINE]
SCORE    : anomaly_score=0.000
DECISION : ALLOW
------------------------------------------------------------
[SEQ 415] [LAYER 0]
CMD      : G1 X0.1 Y0.1 E20 F600
TRUST    : acc_cmd=1.000 | acc_exec=0.000 | trust=0.006
DECISION : PAUSE
MACHINE  : Machine-4
------------------------------------------------------------
[SEQ 415] [STATIC-BASELINE]
CMD      : G1 | effects={'dx': 0.0, 'dy': 0.0, 'dz': 0.0, 'de': 0.0, 'xy_dist': 0.0, 'params': {'G': 1.0, 'X': 0.1, 'Y': 0.1, 'E': 20.0, 'F': 600.0}}
DECISION : ALLOW
------------------------------------------------------------
[SEQ 415] [IEEE-BASELINE]
SCORE    : anomaly_score=0.000
DECISION : ALLOW
------------------------------------------------------------
[SEQ 416] [LAYER 0]
CMD      : G1 X0.1 Y0.1 E20 F600
TRUST    : acc_cmd=1.000 | acc_exec=0.000 | trust=0.003
DECISION : PAUSE
MACHINE  : Machine-4
------------------------------------------------------------
[SEQ 416] [STATIC-BASELINE]
CMD      : G1 | effects={'dx': 0.0, 'dy': 0.0, 'dz': 0.0, 'de': 0.0, 'xy_dist': 0.0, 'params': {'G': 1.0, 'X': 0.1, 'Y': 0.1, 'E': 20.0, 'F': 600.0}}
DECISION : ALLOW
------------------------------------------------------------
[SEQ 416] [IEEE-BASELINE]
SCORE    : anomaly_score=0.000
DECISION : ALLOW
------------------------------------------------------------
[SEQ 417] [LAYER 0]
CMD      : G1 X0.1 Y0.1 E20 F600
TRUST    : acc_cmd=1.000 | acc_exec=1.000 | trust=0.002
DECISION : PAUSE
MACHINE  : Machine-4
------------------------------------------------------------
[SEQ 417] [STATIC-BASELINE]
CMD      : G1 | effects={'dx': 0.0, 'dy': 0.0, 'dz': 0.0, 'de': 0.0, 'xy_dist': 0.0, 'params': {'G': 1.0, 'X': 0.1, 'Y': 0.1, 'E': 20.0, 'F': 600.0}}
DECISION : ALLOW
------------------------------------------------------------
[SEQ 417] [IEEE-BASELINE]
SCORE    : anomaly_score=0.000
DECISION : ALLOW
------------------------------------------------------------
[SEQ 418] [LAYER 0]
CMD      : G1 X0.1 Y0.1 E20 F600
TRUST    : acc_cmd=1.000 | acc_exec=1.000 | trust=0.001
DECISION : PAUSE
MACHINE  : Machine-4
------------------------------------------------------------
[SEQ 418] [STATIC-BASELINE]
CMD      : G1 | effects={'dx': 0.0, 'dy': 0.0, 'dz': 0.0, 'de': 0.0, 'xy_dist': 0.0, 'params': {'G': 1.0, 'X': 0.1, 'Y': 0.1, 'E': 20.0, 'F': 600.0}}
DECISION : ALLOW
------------------------------------------------------------
[SEQ 418] [IEEE-BASELINE]
SCORE    : anomaly_score=0.000
DECISION : ALLOW
------------------------------------------------------------
[SEQ 419] [LAYER 0]
CMD      : G1 X167.537 Y121.17 E10.80539
TRUST    : acc_cmd=0.000 | acc_exec=0.415 | trust=0.008
DECISION : PAUSE
MACHINE  : Machine-4
------------------------------------------------------------
[SEQ 419] [STATIC-BASELINE]
CMD      : G1 | effects={'dx': 167.437, 'dy': 121.07000000000001, 'dz': 0.0, 'de': -9.19461, 'xy_dist': 206.62307196680626, 'params': {'G': 1.0, 'X': 167.537, 'Y': 121.17, 'E': 10.80539}}
DECISION : ALLOW
------------------------------------------------------------
[SEQ 419] [IEEE-BASELINE]
SCORE    : anomaly_score=0.000
DECISION : ALLOW
------------------------------------------------------------
[SEQ 420] [LAYER 0]
CMD      : G1 X0.1 Y0.1 E20 F600
TRUST    : acc_cmd=1.000 | acc_exec=0.000 | trust=0.006
DECISION : PAUSE
MACHINE  : Machine-4
------------------------------------------------------------
[SEQ 420] [STATIC-BASELINE]
CMD      : G1 | effects={'dx': -167.437, 'dy': -121.07000000000001, 'dz': 0.0, 'de': 9.19461, 'xy_dist': 206.62307196680626, 'params': {'G': 1.0, 'X': 0.1, 'Y': 0.1, 'E': 20.0, 'F': 600.0}}
DECISION : ALLOW
------------------------------------------------------------
[SEQ 420] [IEEE-BASELINE]
SCORE    : anomaly_score=0.000
DECISION : ALLOW
------------------------------------------------------------
[SEQ 421] [LAYER 0]
CMD      : G1 X0.1 Y0.1 E20 F600
TRUST    : acc_cmd=1.000 | acc_exec=0.000 | trust=0.003
DECISION : PAUSE
MACHINE  : Machine-4
------------------------------------------------------------
[SEQ 421] [STATIC-BASELINE]
CMD      : G1 | effects={'dx': 0.0, 'dy': 0.0, 'dz': 0.0, 'de': 0.0, 'xy_dist': 0.0, 'params': {'G': 1.0, 'X': 0.1, 'Y': 0.1, 'E': 20.0, 'F': 600.0}}
DECISION : ALLOW
------------------------------------------------------------
[SEQ 421] [IEEE-BASELINE]
SCORE    : anomaly_score=0.000
DECISION : ALLOW
------------------------------------------------------------
[SEQ 422] [LAYER 0]
CMD      : G1 X0.1 Y0.1 E20 F600
TRUST    : acc_cmd=1.000 | acc_exec=0.000 | trust=0.002
DECISION : PAUSE
MACHINE  : Machine-4
------------------------------------------------------------
[SEQ 422] [STATIC-BASELINE]
CMD      : G1 | effects={'dx': 0.0, 'dy': 0.0, 'dz': 0.0, 'de': 0.0, 'xy_dist': 0.0, 'params': {'G': 1.0, 'X': 0.1, 'Y': 0.1, 'E': 20.0, 'F': 600.0}}
DECISION : ALLOW
------------------------------------------------------------
[SEQ 422] [IEEE-BASELINE]
SCORE    : anomaly_score=0.000
DECISION : ALLOW
------------------------------------------------------------
[SEQ 423] [LAYER 0]
CMD      : G1 X0.1 Y0.1 E20 F600
TRUST    : acc_cmd=1.000 | acc_exec=1.000 | trust=0.001
DECISION : PAUSE
MACHINE  : Machine-4
------------------------------------------------------------
[SEQ 423] [STATIC-BASELINE]
CMD      : G1 | effects={'dx': 0.0, 'dy': 0.0, 'dz': 0.0, 'de': 0.0, 'xy_dist': 0.0, 'params': {'G': 1.0, 'X': 0.1, 'Y': 0.1, 'E': 20.0, 'F': 600.0}}
DECISION : ALLOW
------------------------------------------------------------
[SEQ 423] [IEEE-BASELINE]
SCORE    : anomaly_score=0.000
DECISION : ALLOW
------------------------------------------------------------
[SEQ 424] [LAYER 0]
CMD      : G1 X0.1 Y0.1 E20 F600
TRUST    : acc_cmd=1.000 | acc_exec=1.000 | trust=0.001
DECISION : PAUSE
MACHINE  : Machine-4
------------------------------------------------------------
[SEQ 424] [STATIC-BASELINE]
CMD      : G1 | effects={'dx': 0.0, 'dy': 0.0, 'dz': 0.0, 'de': 0.0, 'xy_dist': 0.0, 'params': {'G': 1.0, 'X': 0.1, 'Y': 0.1, 'E': 20.0, 'F': 600.0}}
DECISION : ALLOW
------------------------------------------------------------
[SEQ 424] [IEEE-BASELINE]
SCORE    : anomaly_score=0.000
DECISION : ALLOW
------------------------------------------------------------
[SEQ 425] [LAYER 0]
CMD      : G1 X0.1 Y0.1 E20 F600
TRUST    : acc_cmd=1.000 | acc_exec=1.000 | trust=0.001
DECISION : PAUSE
MACHINE  : Machine-4
------------------------------------------------------------
[SEQ 425] [STATIC-BASELINE]
CMD      : G1 | effects={'dx': 0.0, 'dy': 0.0, 'dz': 0.0, 'de': 0.0, 'xy_dist': 0.0, 'params': {'G': 1.0, 'X': 0.1, 'Y': 0.1, 'E': 20.0, 'F': 600.0}}
DECISION : ALLOW
------------------------------------------------------------
[SEQ 425] [IEEE-BASELINE]
SCORE    : anomaly_score=0.000
DECISION : ALLOW
------------------------------------------------------------
[SEQ 426] [LAYER 0]
CMD      : G1 X163.103 Y122.066 E10.90393
TRUST    : acc_cmd=0.000 | acc_exec=0.399 | trust=0.005
DECISION : PAUSE
MACHINE  : Machine-4
------------------------------------------------------------
[SEQ 426] [STATIC-BASELINE]
CMD      : G1 | effects={'dx': 163.00300000000001, 'dy': 121.96600000000001, 'dz': 0.0, 'de': -9.09607, 'xy_dist': 203.58212879572707, 'params': {'G': 1.0, 'X': 163.103, 'Y': 122.066, 'E': 10.90393}}
DECISION : ALLOW
------------------------------------------------------------
[SEQ 426] [IEEE-BASELINE]
SCORE    : anomaly_score=0.000
DECISION : ALLOW
------------------------------------------------------------
[SEQ 427] [LAYER 0]
CMD      : G1 X0.1 Y0.1 E20 F600
TRUST    : acc_cmd=1.000 | acc_exec=0.000 | trust=0.004
DECISION : PAUSE
MACHINE  : Machine-4
------------------------------------------------------------
[SEQ 427] [STATIC-BASELINE]
CMD      : G1 | effects={'dx': -163.00300000000001, 'dy': -121.96600000000001, 'dz': 0.0, 'de': 9.09607, 'xy_dist': 203.58212879572707, 'params': {'G': 1.0, 'X': 0.1, 'Y': 0.1, 'E': 20.0, 'F': 600.0}}
DECISION : ALLOW
------------------------------------------------------------
[SEQ 427] [IEEE-BASELINE]
SCORE    : anomaly_score=0.000
DECISION : ALLOW
------------------------------------------------------------
[SEQ 428] [LAYER 0]
CMD      : G1 X162.243 Y120.422 E10.93943
TRUST    : acc_cmd=0.000 | acc_exec=0.394 | trust=0.022
DECISION : PAUSE
MACHINE  : Machine-4
------------------------------------------------------------
[SEQ 428] [STATIC-BASELINE]
CMD      : G1 | effects={'dx': 162.143, 'dy': 120.322, 'dz': 0.0, 'de': -9.06057, 'xy_dist': 201.91021800047665, 'params': {'G': 1.0, 'X': 162.243, 'Y': 120.422, 'E': 10.93943}}
DECISION : ALLOW
------------------------------------------------------------
[SEQ 428] [IEEE-BASELINE]
SCORE    : anomaly_score=0.000
DECISION : ALLOW
------------------------------------------------------------
[SEQ 429] [LAYER 0]
CMD      : G1 X162.23 Y119.554 E10.95576
TRUST    : acc_cmd=0.000 | acc_exec=0.000 | trust=0.087
DECISION : PAUSE
MACHINE  : Machine-4
------------------------------------------------------------
[SEQ 429] [STATIC-BASELINE]
CMD      : G1 | effects={'dx': -0.01300000000000523, 'dy': -0.867999999999995, 'dz': 0.0, 'de': 0.016329999999999956, 'xy_dist': 0.8680973447718818, 'params': {'G': 1.0, 'X': 162.23, 'Y': 119.554, 'E': 10.95576}}
DECISION : ALLOW
------------------------------------------------------------
[SEQ 429] [IEEE-BASELINE]
SCORE    : anomaly_score=0.000
DECISION : ALLOW
------------------------------------------------------------
[SEQ 430] [LAYER 0]
CMD      : G1 X162.543 Y118.696 E10.97294
TRUST    : acc_cmd=0.000 | acc_exec=0.000 | trust=0.212
DECISION : PAUSE
MACHINE  : Machine-4
------------------------------------------------------------
[SEQ 430] [STATIC-BASELINE]
CMD      : G1 | effects={'dx': 0.3130000000000166, 'dy': -0.8580000000000041, 'dz': 0.0, 'de': 0.01717999999999975, 'xy_dist': 0.9133088196223759, 'params': {'G': 1.0, 'X': 162.543, 'Y': 118.696, 'E': 10.97294}}
DECISION : ALLOW
------------------------------------------------------------
[SEQ 430] [IEEE-BASELINE]
SCORE    : anomaly_score=0.000
DECISION : ALLOW
------------------------------------------------------------
[SEQ 431] [LAYER 0]
CMD      : G1 X0.1 Y0.1 E20 F600
TRUST    : acc_cmd=1.000 | acc_exec=0.000 | trust=0.099
DECISION : PAUSE
MACHINE  : Machine-4
------------------------------------------------------------
[SEQ 431] [STATIC-BASELINE]
CMD      : G1 | effects={'dx': -162.443, 'dy': -118.596, 'dz': 0.0, 'de': 9.02706, 'xy_dist': 201.12866395668223, 'params': {'G': 1.0, 'X': 0.1, 'Y': 0.1, 'E': 20.0, 'F': 600.0}}
DECISION : ALLOW
------------------------------------------------------------
[SEQ 431] [IEEE-BASELINE]
SCORE    : anomaly_score=0.000
DECISION : ALLOW
------------------------------------------------------------
[SEQ 432] [LAYER 0]
CMD      : G1 X0.1 Y0.1 E20 F600
TRUST    : acc_cmd=1.000 | acc_exec=0.000 | trust=0.043
DECISION : PAUSE
MACHINE  : Machine-4
------------------------------------------------------------
[SEQ 432] [STATIC-BASELINE]
CMD      : G1 | effects={'dx': 0.0, 'dy': 0.0, 'dz': 0.0, 'de': 0.0, 'xy_dist': 0.0, 'params': {'G': 1.0, 'X': 0.1, 'Y': 0.1, 'E': 20.0, 'F': 600.0}}
DECISION : ALLOW
------------------------------------------------------------
[SEQ 432] [IEEE-BASELINE]
SCORE    : anomaly_score=0.000
DECISION : ALLOW
------------------------------------------------------------
[SEQ 433] [LAYER 0]
CMD      : G1 F1800 X163.597 Y118.058 E10.99536
TRUST    : acc_cmd=0.000 | acc_exec=0.385 | trust=0.043
DECISION : PAUSE
MACHINE  : Machine-4
------------------------------------------------------------
[SEQ 433] [STATIC-BASELINE]
CMD      : G1 | effects={'dx': 163.497, 'dy': 117.95800000000001, 'dz': 0.0, 'de': -9.00464, 'xy_dist': 201.6069412817922, 'params': {'G': 1.0, 'F': 1800.0, 'X': 163.597, 'Y': 118.058, 'E': 10.99536}}
DECISION : ALLOW
------------------------------------------------------------
[SEQ 433] [IEEE-BASELINE]
SCORE    : anomaly_score=0.000
DECISION : ALLOW
------------------------------------------------------------
[SEQ 434] [LAYER 0]
CMD      : G1 X164.274 Y117.727 E11.00953
TRUST    : acc_cmd=0.000 | acc_exec=0.000 | trust=0.108
DECISION : PAUSE
MACHINE  : Machine-4
------------------------------------------------------------
[SEQ 434] [STATIC-BASELINE]
CMD      : G1 | effects={'dx': 0.6769999999999925, 'dy': -0.33100000000000307, 'dz': 0.0, 'de': 0.014170000000000016, 'xy_dist': 0.7535847663003757, 'params': {'G': 1.0, 'X': 164.274, 'Y': 117.727, 'E': 11.00953}}
DECISION : ALLOW
------------------------------------------------------------
[SEQ 434] [IEEE-BASELINE]
SCORE    : anomaly_score=0.000
DECISION : ALLOW
------------------------------------------------------------
[SEQ 435] [LAYER 0]
CMD      : G1 X0.1 Y0.1 E20 F600
TRUST    : acc_cmd=1.000 | acc_exec=0.000 | trust=0.053
DECISION : PAUSE
MACHINE  : Machine-4
------------------------------------------------------------
[SEQ 435] [STATIC-BASELINE]
CMD      : G1 | effects={'dx': -164.174, 'dy': -117.62700000000001, 'dz': 0.0, 'de': 8.99047, 'xy_dist': 201.96339620089577, 'params': {'G': 1.0, 'X': 0.1, 'Y': 0.1, 'E': 20.0, 'F': 600.0}}
DECISION : ALLOW
------------------------------------------------------------
[SEQ 435] [IEEE-BASELINE]
SCORE    : anomaly_score=0.000
DECISION : ALLOW
------------------------------------------------------------
[SEQ 436] [LAYER 0]
CMD      : G1 X0.1 Y0.1 E20 F600
TRUST    : acc_cmd=1.000 | acc_exec=0.000 | trust=0.024
DECISION : PAUSE
MACHINE  : Machine-4
------------------------------------------------------------
[SEQ 436] [STATIC-BASELINE]
CMD      : G1 | effects={'dx': 0.0, 'dy': 0.0, 'dz': 0.0, 'de': 0.0, 'xy_dist': 0.0, 'params': {'G': 1.0, 'X': 0.1, 'Y': 0.1, 'E': 20.0, 'F': 600.0}}
DECISION : ALLOW
------------------------------------------------------------
[SEQ 436] [IEEE-BASELINE]
SCORE    : anomaly_score=0.000
DECISION : ALLOW
------------------------------------------------------------
[SEQ 437] [LAYER 0]
CMD      : G1 X0.1 Y0.1 E20 F600
TRUST    : acc_cmd=1.000 | acc_exec=0.000 | trust=0.011
DECISION : PAUSE
MACHINE  : Machine-4
------------------------------------------------------------
[SEQ 437] [STATIC-BASELINE]
CMD      : G1 | effects={'dx': 0.0, 'dy': 0.0, 'dz': 0.0, 'de': 0.0, 'xy_dist': 0.0, 'params': {'G': 1.0, 'X': 0.1, 'Y': 0.1, 'E': 20.0, 'F': 600.0}}
DECISION : ALLOW
------------------------------------------------------------
[SEQ 437] [IEEE-BASELINE]
SCORE    : anomaly_score=0.000
DECISION : ALLOW
------------------------------------------------------------
[SEQ 438] [LAYER 0]
CMD      : G1 X0.1 Y0.1 E20 F600
TRUST    : acc_cmd=1.000 | acc_exec=1.000 | trust=0.005
DECISION : PAUSE
MACHINE  : Machine-4
------------------------------------------------------------
[SEQ 438] [STATIC-BASELINE]
CMD      : G1 | effects={'dx': 0.0, 'dy': 0.0, 'dz': 0.0, 'de': 0.0, 'xy_dist': 0.0, 'params': {'G': 1.0, 'X': 0.1, 'Y': 0.1, 'E': 20.0, 'F': 600.0}}
DECISION : ALLOW
------------------------------------------------------------
[SEQ 438] [IEEE-BASELINE]
SCORE    : anomaly_score=0.000
DECISION : ALLOW
------------------------------------------------------------
[SEQ 439] [LAYER 0]
CMD      : G1 X0.1 Y0.1 E20 F600
TRUST    : acc_cmd=1.000 | acc_exec=1.000 | trust=0.002
DECISION : PAUSE
MACHINE  : Machine-4
------------------------------------------------------------
[SEQ 439] [STATIC-BASELINE]
CMD      : G1 | effects={'dx': 0.0, 'dy': 0.0, 'dz': 0.0, 'de': 0.0, 'xy_dist': 0.0, 'params': {'G': 1.0, 'X': 0.1, 'Y': 0.1, 'E': 20.0, 'F': 600.0}}
DECISION : ALLOW
------------------------------------------------------------
[SEQ 439] [IEEE-BASELINE]
SCORE    : anomaly_score=0.000
DECISION : ALLOW
------------------------------------------------------------
[SEQ 440] [LAYER 0]
CMD      : G1 X0.1 Y0.1 E20 F600
TRUST    : acc_cmd=1.000 | acc_exec=1.000 | trust=0.001
DECISION : PAUSE
MACHINE  : Machine-4
------------------------------------------------------------
[SEQ 440] [STATIC-BASELINE]
CMD      : G1 | effects={'dx': 0.0, 'dy': 0.0, 'dz': 0.0, 'de': 0.0, 'xy_dist': 0.0, 'params': {'G': 1.0, 'X': 0.1, 'Y': 0.1, 'E': 20.0, 'F': 600.0}}
DECISION : ALLOW
------------------------------------------------------------
[SEQ 440] [IEEE-BASELINE]
SCORE    : anomaly_score=0.000
DECISION : ALLOW
------------------------------------------------------------
[SEQ 441] [LAYER 0]
CMD      : G1 X0.1 Y0.1 E20 F600
TRUST    : acc_cmd=1.000 | acc_exec=1.000 | trust=0.001
DECISION : PAUSE
MACHINE  : Machine-4
------------------------------------------------------------
[SEQ 441] [STATIC-BASELINE]
CMD      : G1 | effects={'dx': 0.0, 'dy': 0.0, 'dz': 0.0, 'de': 0.0, 'xy_dist': 0.0, 'params': {'G': 1.0, 'X': 0.1, 'Y': 0.1, 'E': 20.0, 'F': 600.0}}
DECISION : ALLOW
------------------------------------------------------------
[SEQ 441] [IEEE-BASELINE]
SCORE    : anomaly_score=0.000
DECISION : ALLOW
------------------------------------------------------------
[SEQ 442] [LAYER 0]
CMD      : G1 X167.171 Y120.999 E11.11319
TRUST    : acc_cmd=0.000 | acc_exec=0.367 | trust=0.004
DECISION : PAUSE
MACHINE  : Machine-4
------------------------------------------------------------
[SEQ 442] [STATIC-BASELINE]
CMD      : G1 | effects={'dx': 167.071, 'dy': 120.899, 'dz': 0.0, 'de': -8.88681, 'xy_dist': 206.22630104329565, 'params': {'G': 1.0, 'X': 167.171, 'Y': 120.999, 'E': 11.11319}}
DECISION : ALLOW
------------------------------------------------------------
[SEQ 442] [IEEE-BASELINE]
SCORE    : anomaly_score=0.000
DECISION : ALLOW
------------------------------------------------------------
[SEQ 443] [LAYER 0]
CMD      : G1 X166.827 Y121.536 E11.12519
TRUST    : acc_cmd=0.000 | acc_exec=0.000 | trust=0.031
DECISION : PAUSE
MACHINE  : Machine-4
------------------------------------------------------------
[SEQ 443] [STATIC-BASELINE]
CMD      : G1 | effects={'dx': -0.3439999999999941, 'dy': 0.5370000000000061, 'dz': 0.0, 'de': 0.012000000000000455, 'xy_dist': 0.6377342706801968, 'params': {'G': 1.0, 'X': 166.827, 'Y': 121.536, 'E': 11.12519}}
DECISION : ALLOW
------------------------------------------------------------
[SEQ 443] [IEEE-BASELINE]
SCORE    : anomaly_score=0.000
DECISION : ALLOW
------------------------------------------------------------
[SEQ 444] [LAYER 0]
CMD      : G1 X0.1 Y0.1 E20 F600
TRUST    : acc_cmd=1.000 | acc_exec=0.000 | trust=0.019
DECISION : PAUSE
MACHINE  : Machine-4
------------------------------------------------------------
[SEQ 444] [STATIC-BASELINE]
CMD      : G1 | effects={'dx': -166.727, 'dy': -121.436, 'dz': 0.0, 'de': 8.87481, 'xy_dist': 206.26341077612383, 'params': {'G': 1.0, 'X': 0.1, 'Y': 0.1, 'E': 20.0, 'F': 600.0}}
DECISION : ALLOW
------------------------------------------------------------
[SEQ 444] [IEEE-BASELINE]
SCORE    : anomaly_score=0.000
DECISION : ALLOW
------------------------------------------------------------
[SEQ 445] [LAYER 0]
CMD      : G1 X0.1 Y0.1 E20 F600
TRUST    : acc_cmd=1.000 | acc_exec=0.000 | trust=0.009
DECISION : PAUSE
MACHINE  : Machine-4
------------------------------------------------------------
[SEQ 445] [STATIC-BASELINE]
CMD      : G1 | effects={'dx': 0.0, 'dy': 0.0, 'dz': 0.0, 'de': 0.0, 'xy_dist': 0.0, 'params': {'G': 1.0, 'X': 0.1, 'Y': 0.1, 'E': 20.0, 'F': 600.0}}
DECISION : ALLOW
------------------------------------------------------------
[SEQ 445] [IEEE-BASELINE]
SCORE    : anomaly_score=0.000
DECISION : ALLOW
------------------------------------------------------------
[SEQ 446] [LAYER 0]
CMD      : G1 X165.366 Y122.358 E11.15736
TRUST    : acc_cmd=0.000 | acc_exec=0.360 | trust=0.023
DECISION : PAUSE
MACHINE  : Machine-4
------------------------------------------------------------
[SEQ 446] [STATIC-BASELINE]
CMD      : G1 | effects={'dx': 165.26600000000002, 'dy': 122.25800000000001, 'dz': 0.0, 'de': -8.84264, 'xy_dist': 205.5720538400101, 'params': {'G': 1.0, 'X': 165.366, 'Y': 122.358, 'E': 11.15736}}
DECISION : ALLOW
------------------------------------------------------------
[SEQ 446] [IEEE-BASELINE]
SCORE    : anomaly_score=0.000
DECISION : ALLOW
------------------------------------------------------------
[SEQ 447] [LAYER 0]
CMD      : G1 X164.663 Y122.373 E11.17059
TRUST    : acc_cmd=0.000 | acc_exec=0.000 | trust=0.085
DECISION : PAUSE
MACHINE  : Machine-4
------------------------------------------------------------
[SEQ 447] [STATIC-BASELINE]
CMD      : G1 | effects={'dx': -0.703000000000003, 'dy': 0.015000000000000568, 'dz': 0.0, 'de': 0.013230000000000075, 'xy_dist': 0.7031600102394933, 'params': {'G': 1.0, 'X': 164.663, 'Y': 122.373, 'E': 11.17059}}
DECISION : ALLOW
------------------------------------------------------------
[SEQ 447] [IEEE-BASELINE]
SCORE    : anomaly_score=0.000
DECISION : ALLOW
------------------------------------------------------------
[SEQ 448] [LAYER 0]
CMD      : G1 X0.1 Y0.1 E20 F600
TRUST    : acc_cmd=1.000 | acc_exec=0.000 | trust=0.043
DECISION : PAUSE
MACHINE  : Machine-4
------------------------------------------------------------
[SEQ 448] [STATIC-BASELINE]
CMD      : G1 | effects={'dx': -164.56300000000002, 'dy': -122.27300000000001, 'dz': 0.0, 'de': 8.82941, 'xy_dist': 205.01626154527355, 'params': {'G': 1.0, 'X': 0.1, 'Y': 0.1, 'E': 20.0, 'F': 600.0}}
DECISION : ALLOW
------------------------------------------------------------
[SEQ 448] [IEEE-BASELINE]
SCORE    : anomaly_score=0.000
DECISION : ALLOW
------------------------------------------------------------
[SEQ 449] [LAYER 0]
CMD      : G1 X163.379 Y121.768 E11.19753
TRUST    : acc_cmd=0.000 | acc_exec=0.354 | trust=0.064
DECISION : PAUSE
MACHINE  : Machine-4
------------------------------------------------------------
[SEQ 449] [STATIC-BASELINE]
CMD      : G1 | effects={'dx': 163.279, 'dy': 121.668, 'dz': 0.0, 'de': -8.80247, 'xy_dist': 203.62498389195764, 'params': {'G': 1.0, 'X': 163.379, 'Y': 121.768, 'E': 11.19753}}
DECISION : ALLOW
------------------------------------------------------------
[SEQ 449] [IEEE-BASELINE]
SCORE    : anomaly_score=0.000
DECISION : ALLOW
------------------------------------------------------------
[SEQ 450] [LAYER 0]
CMD      : G1 X162.838 Y121.052 E11.21441
TRUST    : acc_cmd=0.000 | acc_exec=0.000 | trust=0.156
DECISION : PAUSE
MACHINE  : Machine-4
------------------------------------------------------------
[SEQ 450] [STATIC-BASELINE]
CMD      : G1 | effects={'dx': -0.5409999999999968, 'dy': -0.715999999999994, 'dz': 0.0, 'de': 0.01688000000000045, 'xy_dist': 0.897405705352929, 'params': {'G': 1.0, 'X': 162.838, 'Y': 121.052, 'E': 11.21441}}
DECISION : ALLOW
------------------------------------------------------------
[SEQ 450] [IEEE-BASELINE]
SCORE    : anomaly_score=0.000
DECISION : ALLOW
------------------------------------------------------------
[SEQ 451] [LAYER 0]
CMD      : G1 X162.642 Y120.363 E11.22788
TRUST    : acc_cmd=0.000 | acc_exec=0.000 | trust=0.302
DECISION : PAUSE
MACHINE  : Machine-4
------------------------------------------------------------
[SEQ 451] [STATIC-BASELINE]
CMD      : G1 | effects={'dx': -0.19599999999999795, 'dy': -0.6890000000000072, 'dz': 0.0, 'de': 0.013469999999999871, 'xy_dist': 0.7163358151035093, 'params': {'G': 1.0, 'X': 162.642, 'Y': 120.363, 'E': 11.22788}}
DECISION : ALLOW
------------------------------------------------------------
[SEQ 451] [IEEE-BASELINE]
SCORE    : anomaly_score=0.000
DECISION : ALLOW
------------------------------------------------------------
[SEQ 452] [LAYER 0]
CMD      : G1 X0.1 Y0.1 E20 F600
TRUST    : acc_cmd=1.000 | acc_exec=0.000 | trust=0.138
DECISION : PAUSE
MACHINE  : Machine-4
------------------------------------------------------------
[SEQ 452] [STATIC-BASELINE]
CMD      : G1 | effects={'dx': -162.542, 'dy': -120.263, 'dz': 0.0, 'de': 8.77212, 'xy_dist': 202.19567486224824, 'params': {'G': 1.0, 'X': 0.1, 'Y': 0.1, 'E': 20.0, 'F': 600.0}}
DECISION : ALLOW
------------------------------------------------------------
[SEQ 452] [IEEE-BASELINE]
SCORE    : anomaly_score=0.000
DECISION : ALLOW
------------------------------------------------------------
[SEQ 453] [LAYER 0]
CMD      : G1 X0.1 Y0.1 E20 F600
TRUST    : acc_cmd=1.000 | acc_exec=0.000 | trust=0.059
DECISION : PAUSE
MACHINE  : Machine-4
------------------------------------------------------------
[SEQ 453] [STATIC-BASELINE]
CMD      : G1 | effects={'dx': 0.0, 'dy': 0.0, 'dz': 0.0, 'de': 0.0, 'xy_dist': 0.0, 'params': {'G': 1.0, 'X': 0.1, 'Y': 0.1, 'E': 20.0, 'F': 600.0}}
DECISION : ALLOW
------------------------------------------------------------
[SEQ 453] [IEEE-BASELINE]
SCORE    : anomaly_score=0.000
DECISION : ALLOW
------------------------------------------------------------
[SEQ 454] [LAYER 0]
CMD      : G1 X0.1 Y0.1 E20 F600
TRUST    : acc_cmd=1.000 | acc_exec=0.000 | trust=0.025
DECISION : PAUSE
MACHINE  : Machine-4
------------------------------------------------------------
[SEQ 454] [STATIC-BASELINE]
CMD      : G1 | effects={'dx': 0.0, 'dy': 0.0, 'dz': 0.0, 'de': 0.0, 'xy_dist': 0.0, 'params': {'G': 1.0, 'X': 0.1, 'Y': 0.1, 'E': 20.0, 'F': 600.0}}
DECISION : ALLOW
------------------------------------------------------------
[SEQ 454] [IEEE-BASELINE]
SCORE    : anomaly_score=0.000
DECISION : ALLOW
------------------------------------------------------------
[SEQ 455] [LAYER 0]
CMD      : G1 X0.1 Y0.1 E20 F600
TRUST    : acc_cmd=1.000 | acc_exec=1.000 | trust=0.011
DECISION : PAUSE
MACHINE  : Machine-4
------------------------------------------------------------
[SEQ 455] [STATIC-BASELINE]
CMD      : G1 | effects={'dx': 0.0, 'dy': 0.0, 'dz': 0.0, 'de': 0.0, 'xy_dist': 0.0, 'params': {'G': 1.0, 'X': 0.1, 'Y': 0.1, 'E': 20.0, 'F': 600.0}}
DECISION : ALLOW
------------------------------------------------------------
[SEQ 455] [IEEE-BASELINE]
SCORE    : anomaly_score=0.000
DECISION : ALLOW
------------------------------------------------------------
[SEQ 456] [LAYER 0]
CMD      : G1 X0.1 Y0.1 E20 F600
TRUST    : acc_cmd=1.000 | acc_exec=1.000 | trust=0.005
DECISION : PAUSE
MACHINE  : Machine-4
------------------------------------------------------------
[SEQ 456] [STATIC-BASELINE]
CMD      : G1 | effects={'dx': 0.0, 'dy': 0.0, 'dz': 0.0, 'de': 0.0, 'xy_dist': 0.0, 'params': {'G': 1.0, 'X': 0.1, 'Y': 0.1, 'E': 20.0, 'F': 600.0}}
DECISION : ALLOW
------------------------------------------------------------
[SEQ 456] [IEEE-BASELINE]
SCORE    : anomaly_score=0.000
DECISION : ALLOW
------------------------------------------------------------
[SEQ 457] [LAYER 0]
CMD      : G1 X0.1 Y0.1 E20 F600
TRUST    : acc_cmd=1.000 | acc_exec=1.000 | trust=0.002
DECISION : PAUSE
MACHINE  : Machine-4
------------------------------------------------------------
[SEQ 457] [STATIC-BASELINE]
CMD      : G1 | effects={'dx': 0.0, 'dy': 0.0, 'dz': 0.0, 'de': 0.0, 'xy_dist': 0.0, 'params': {'G': 1.0, 'X': 0.1, 'Y': 0.1, 'E': 20.0, 'F': 600.0}}
DECISION : ALLOW
------------------------------------------------------------
[SEQ 457] [IEEE-BASELINE]
SCORE    : anomaly_score=0.000
DECISION : ALLOW
------------------------------------------------------------
[SEQ 458] [LAYER 0]
CMD      : G1 X0.1 Y0.1 E20 F600
TRUST    : acc_cmd=1.000 | acc_exec=1.000 | trust=0.001
DECISION : PAUSE
MACHINE  : Machine-4
------------------------------------------------------------
[SEQ 458] [STATIC-BASELINE]
CMD      : G1 | effects={'dx': 0.0, 'dy': 0.0, 'dz': 0.0, 'de': 0.0, 'xy_dist': 0.0, 'params': {'G': 1.0, 'X': 0.1, 'Y': 0.1, 'E': 20.0, 'F': 600.0}}
DECISION : ALLOW
------------------------------------------------------------
[SEQ 458] [IEEE-BASELINE]
SCORE    : anomaly_score=0.000
DECISION : ALLOW
------------------------------------------------------------
[SEQ 459] [LAYER 0]
CMD      : G1 X0.1 Y0.1 E20 F600
TRUST    : acc_cmd=1.000 | acc_exec=1.000 | trust=0.001
DECISION : PAUSE
MACHINE  : Machine-4
------------------------------------------------------------
[SEQ 459] [STATIC-BASELINE]
CMD      : G1 | effects={'dx': 0.0, 'dy': 0.0, 'dz': 0.0, 'de': 0.0, 'xy_dist': 0.0, 'params': {'G': 1.0, 'X': 0.1, 'Y': 0.1, 'E': 20.0, 'F': 600.0}}
DECISION : ALLOW
------------------------------------------------------------
[SEQ 459] [IEEE-BASELINE]
SCORE    : anomaly_score=0.000
DECISION : ALLOW
------------------------------------------------------------
[SEQ 460] [LAYER 0]
CMD      : G1 X0.1 Y0.1 E20 F600
TRUST    : acc_cmd=1.000 | acc_exec=1.000 | trust=0.001
DECISION : PAUSE
MACHINE  : Machine-4
------------------------------------------------------------
[SEQ 460] [STATIC-BASELINE]
CMD      : G1 | effects={'dx': 0.0, 'dy': 0.0, 'dz': 0.0, 'de': 0.0, 'xy_dist': 0.0, 'params': {'G': 1.0, 'X': 0.1, 'Y': 0.1, 'E': 20.0, 'F': 600.0}}
DECISION : ALLOW
------------------------------------------------------------
[SEQ 460] [IEEE-BASELINE]
SCORE    : anomaly_score=0.000
DECISION : ALLOW
------------------------------------------------------------
[SEQ 461] [LAYER 0]
CMD      : G1 X0.1 Y0.1 E20 F600
TRUST    : acc_cmd=1.000 | acc_exec=1.000 | trust=0.001
DECISION : PAUSE
MACHINE  : Machine-4
------------------------------------------------------------
[SEQ 461] [STATIC-BASELINE]
CMD      : G1 | effects={'dx': 0.0, 'dy': 0.0, 'dz': 0.0, 'de': 0.0, 'xy_dist': 0.0, 'params': {'G': 1.0, 'X': 0.1, 'Y': 0.1, 'E': 20.0, 'F': 600.0}}
DECISION : ALLOW
------------------------------------------------------------
[SEQ 461] [IEEE-BASELINE]
SCORE    : anomaly_score=0.000
DECISION : ALLOW
------------------------------------------------------------
[SEQ 462] [LAYER 0]
CMD      : G1 X0.1 Y0.1 E20 F600
TRUST    : acc_cmd=1.000 | acc_exec=1.000 | trust=0.001
DECISION : PAUSE
MACHINE  : Machine-4
------------------------------------------------------------
[SEQ 462] [STATIC-BASELINE]
CMD      : G1 | effects={'dx': 0.0, 'dy': 0.0, 'dz': 0.0, 'de': 0.0, 'xy_dist': 0.0, 'params': {'G': 1.0, 'X': 0.1, 'Y': 0.1, 'E': 20.0, 'F': 600.0}}
DECISION : ALLOW
------------------------------------------------------------
[SEQ 462] [IEEE-BASELINE]
SCORE    : anomaly_score=0.000
DECISION : ALLOW
------------------------------------------------------------
[SEQ 463] [LAYER 0]
CMD      : G1 X166.973 Y119.718 E11.35212
TRUST    : acc_cmd=0.000 | acc_exec=0.330 | trust=0.003
DECISION : PAUSE
MACHINE  : Machine-4
------------------------------------------------------------
[SEQ 463] [STATIC-BASELINE]
CMD      : G1 | effects={'dx': 166.87300000000002, 'dy': 119.61800000000001, 'dz': 0.0, 'de': -8.64788, 'xy_dist': 205.31698432667477, 'params': {'G': 1.0, 'X': 166.973, 'Y': 119.718, 'E': 11.35212}}
DECISION : ALLOW
------------------------------------------------------------
[SEQ 463] [IEEE-BASELINE]
SCORE    : anomaly_score=0.000
DECISION : ALLOW
------------------------------------------------------------
[SEQ 464] [LAYER 0]
CMD      : G1 X0.1 Y0.1 E20 F600
TRUST    : acc_cmd=1.000 | acc_exec=0.000 | trust=0.003
DECISION : PAUSE
MACHINE  : Machine-4
------------------------------------------------------------
[SEQ 464] [STATIC-BASELINE]
CMD      : G1 | effects={'dx': -166.87300000000002, 'dy': -119.61800000000001, 'dz': 0.0, 'de': 8.64788, 'xy_dist': 205.31698432667477, 'params': {'G': 1.0, 'X': 0.1, 'Y': 0.1, 'E': 20.0, 'F': 600.0}}
DECISION : ALLOW
------------------------------------------------------------
[SEQ 464] [IEEE-BASELINE]
SCORE    : anomaly_score=0.000
DECISION : ALLOW
------------------------------------------------------------
[SEQ 465] [LAYER 0]
CMD      : G1 X0.1 Y0.1 E20 F600
TRUST    : acc_cmd=1.000 | acc_exec=0.000 | trust=0.002
DECISION : PAUSE
MACHINE  : Machine-4
------------------------------------------------------------
[SEQ 465] [STATIC-BASELINE]
CMD      : G1 | effects={'dx': 0.0, 'dy': 0.0, 'dz': 0.0, 'de': 0.0, 'xy_dist': 0.0, 'params': {'G': 1.0, 'X': 0.1, 'Y': 0.1, 'E': 20.0, 'F': 600.0}}
DECISION : ALLOW
------------------------------------------------------------
[SEQ 465] [IEEE-BASELINE]
SCORE    : anomaly_score=0.000
DECISION : ALLOW
------------------------------------------------------------
[SEQ 466] [LAYER 0]
CMD      : G1 X0.1 Y0.1 E20 F600
TRUST    : acc_cmd=1.000 | acc_exec=0.000 | trust=0.002
DECISION : PAUSE
MACHINE  : Machine-4
------------------------------------------------------------
[SEQ 466] [STATIC-BASELINE]
CMD      : G1 | effects={'dx': 0.0, 'dy': 0.0, 'dz': 0.0, 'de': 0.0, 'xy_dist': 0.0, 'params': {'G': 1.0, 'X': 0.1, 'Y': 0.1, 'E': 20.0, 'F': 600.0}}
DECISION : ALLOW
------------------------------------------------------------
[SEQ 466] [IEEE-BASELINE]
SCORE    : anomaly_score=0.000
DECISION : ALLOW
------------------------------------------------------------
[SEQ 467] [LAYER 0]
CMD      : G1 X0.1 Y0.1 E20 F600
TRUST    : acc_cmd=1.000 | acc_exec=1.000 | trust=0.001
DECISION : PAUSE
MACHINE  : Machine-4
------------------------------------------------------------
[SEQ 467] [STATIC-BASELINE]
CMD      : G1 | effects={'dx': 0.0, 'dy': 0.0, 'dz': 0.0, 'de': 0.0, 'xy_dist': 0.0, 'params': {'G': 1.0, 'X': 0.1, 'Y': 0.1, 'E': 20.0, 'F': 600.0}}
DECISION : ALLOW
------------------------------------------------------------
[SEQ 467] [IEEE-BASELINE]
SCORE    : anomaly_score=0.000
DECISION : ALLOW
------------------------------------------------------------
[SEQ 468] [LAYER 0]
CMD      : G1 X0.1 Y0.1 E20 F600
TRUST    : acc_cmd=1.000 | acc_exec=1.000 | trust=0.001
DECISION : PAUSE
MACHINE  : Machine-4
------------------------------------------------------------
[SEQ 468] [STATIC-BASELINE]
CMD      : G1 | effects={'dx': 0.0, 'dy': 0.0, 'dz': 0.0, 'de': 0.0, 'xy_dist': 0.0, 'params': {'G': 1.0, 'X': 0.1, 'Y': 0.1, 'E': 20.0, 'F': 600.0}}
DECISION : ALLOW
------------------------------------------------------------
[SEQ 468] [IEEE-BASELINE]
SCORE    : anomaly_score=0.000
DECISION : ALLOW
------------------------------------------------------------
[SEQ 469] [LAYER 0]
CMD      : G1 X0.1 Y0.1 E20 F600
TRUST    : acc_cmd=1.000 | acc_exec=1.000 | trust=0.001
DECISION : PAUSE
MACHINE  : Machine-4
------------------------------------------------------------
[SEQ 469] [STATIC-BASELINE]
CMD      : G1 | effects={'dx': 0.0, 'dy': 0.0, 'dz': 0.0, 'de': 0.0, 'xy_dist': 0.0, 'params': {'G': 1.0, 'X': 0.1, 'Y': 0.1, 'E': 20.0, 'F': 600.0}}
DECISION : ALLOW
------------------------------------------------------------
[SEQ 469] [IEEE-BASELINE]
SCORE    : anomaly_score=0.000
DECISION : ALLOW
------------------------------------------------------------
[SEQ 470] [LAYER 0]
CMD      : G1 X164.719 Y121.972 E11.42123
TRUST    : acc_cmd=0.000 | acc_exec=0.320 | trust=0.006
DECISION : PAUSE
MACHINE  : Machine-4
------------------------------------------------------------
[SEQ 470] [STATIC-BASELINE]
CMD      : G1 | effects={'dx': 164.619, 'dy': 121.872, 'dz': 0.0, 'de': -8.57877, 'xy_dist': 204.82236094967757, 'params': {'G': 1.0, 'X': 164.719, 'Y': 121.972, 'E': 11.42123}}
DECISION : ALLOW
------------------------------------------------------------
[SEQ 470] [IEEE-BASELINE]
SCORE    : anomaly_score=0.000
DECISION : ALLOW
------------------------------------------------------------
[SEQ 471] [LAYER 0]
CMD      : G1 X164.181 Y121.805 E11.43183
TRUST    : acc_cmd=0.000 | acc_exec=0.000 | trust=0.040
DECISION : PAUSE
MACHINE  : Machine-4
------------------------------------------------------------
[SEQ 471] [STATIC-BASELINE]
CMD      : G1 | effects={'dx': -0.5379999999999825, 'dy': -0.16699999999998738, 'dz': 0.0, 'de': 0.010600000000000165, 'xy_dist': 0.5633231754508037, 'params': {'G': 1.0, 'X': 164.181, 'Y': 121.805, 'E': 11.43183}}
DECISION : ALLOW
------------------------------------------------------------
[SEQ 471] [IEEE-BASELINE]
SCORE    : anomaly_score=0.000
DECISION : ALLOW
------------------------------------------------------------
[SEQ 472] [LAYER 0]
CMD      : G1 X163.655 Y121.47 E11.44356
TRUST    : acc_cmd=0.000 | acc_exec=0.000 | trust=0.129
DECISION : PAUSE
MACHINE  : Machine-4
------------------------------------------------------------
[SEQ 472] [STATIC-BASELINE]
CMD      : G1 | effects={'dx': -0.5260000000000105, 'dy': -0.33500000000000796, 'dz': 0.0, 'de': 0.011730000000000018, 'xy_dist': 0.6236192748785242, 'params': {'G': 1.0, 'X': 163.655, 'Y': 121.47, 'E': 11.44356}}
DECISION : ALLOW
------------------------------------------------------------
[SEQ 472] [IEEE-BASELINE]
SCORE    : anomaly_score=0.000
DECISION : ALLOW
------------------------------------------------------------
[SEQ 473] [LAYER 0]
CMD      : G1 X0.1 Y0.1 E20 F600
TRUST    : acc_cmd=1.000 | acc_exec=0.000 | trust=0.063
DECISION : PAUSE
MACHINE  : Machine-4
------------------------------------------------------------
[SEQ 473] [STATIC-BASELINE]
CMD      : G1 | effects={'dx': -163.555, 'dy': -121.37, 'dz': 0.0, 'de': 8.55644, 'xy_dist': 203.66864001362606, 'params': {'G': 1.0, 'X': 0.1, 'Y': 0.1, 'E': 20.0, 'F': 600.0}}
DECISION : ALLOW
------------------------------------------------------------
[SEQ 473] [IEEE-BASELINE]
SCORE    : anomaly_score=0.000
DECISION : ALLOW
------------------------------------------------------------
[SEQ 474] [LAYER 0]
CMD      : G1 X163.041 Y120.303 E11.46879
TRUST    : acc_cmd=0.000 | acc_exec=0.312 | trust=0.081
DECISION : PAUSE
MACHINE  : Machine-4
------------------------------------------------------------
[SEQ 474] [STATIC-BASELINE]
CMD      : G1 | effects={'dx': 162.941, 'dy': 120.203, 'dz': 0.0, 'de': -8.53121, 'xy_dist': 202.48093907822533, 'params': {'G': 1.0, 'X': 163.041, 'Y': 120.303, 'E': 11.46879}}
DECISION : ALLOW
------------------------------------------------------------
[SEQ 474] [IEEE-BASELINE]
SCORE    : anomaly_score=0.000
DECISION : ALLOW
------------------------------------------------------------
[SEQ 475] [LAYER 0]
CMD      : G1 X0.1 Y0.1 E20 F600
TRUST    : acc_cmd=1.000 | acc_exec=0.000 | trust=0.040
DECISION : PAUSE
MACHINE  : Machine-4
------------------------------------------------------------
[SEQ 475] [STATIC-BASELINE]
CMD      : G1 | effects={'dx': -162.941, 'dy': -120.203, 'dz': 0.0, 'de': 8.53121, 'xy_dist': 202.48093907822533, 'params': {'G': 1.0, 'X': 0.1, 'Y': 0.1, 'E': 20.0, 'F': 600.0}}
DECISION : ALLOW
------------------------------------------------------------
[SEQ 475] [IEEE-BASELINE]
SCORE    : anomaly_score=0.000
DECISION : ALLOW
------------------------------------------------------------
[SEQ 476] [LAYER 0]
CMD      : G1 X163.295 Y118.97 E11.49474
TRUST    : acc_cmd=0.000 | acc_exec=0.309 | trust=0.058
DECISION : PAUSE
MACHINE  : Machine-4
------------------------------------------------------------
[SEQ 476] [STATIC-BASELINE]
CMD      : G1 | effects={'dx': 163.195, 'dy': 118.87, 'dz': 0.0, 'de': -8.50526, 'xy_dist': 201.8977090632779, 'params': {'G': 1.0, 'X': 163.295, 'Y': 118.97, 'E': 11.49474}}
DECISION : ALLOW
------------------------------------------------------------
[SEQ 476] [IEEE-BASELINE]
SCORE    : anomaly_score=0.000
DECISION : ALLOW
------------------------------------------------------------
[SEQ 477] [LAYER 0]
CMD      : G1 X0.1 Y0.1 E20 F600
TRUST    : acc_cmd=1.000 | acc_exec=0.000 | trust=0.029
DECISION : PAUSE
MACHINE  : Machine-4
------------------------------------------------------------
[SEQ 477] [STATIC-BASELINE]
CMD      : G1 | effects={'dx': -163.195, 'dy': -118.87, 'dz': 0.0, 'de': 8.50526, 'xy_dist': 201.8977090632779, 'params': {'G': 1.0, 'X': 0.1, 'Y': 0.1, 'E': 20.0, 'F': 600.0}}
DECISION : ALLOW
------------------------------------------------------------
[SEQ 477] [IEEE-BASELINE]
SCORE    : anomaly_score=0.000
DECISION : ALLOW
------------------------------------------------------------
[SEQ 478] [LAYER 0]
CMD      : G1 X0.1 Y0.1 E20 F600
TRUST    : acc_cmd=1.000 | acc_exec=0.000 | trust=0.014
DECISION : PAUSE
MACHINE  : Machine-4
------------------------------------------------------------
[SEQ 478] [STATIC-BASELINE]
CMD      : G1 | effects={'dx': 0.0, 'dy': 0.0, 'dz': 0.0, 'de': 0.0, 'xy_dist': 0.0, 'params': {'G': 1.0, 'X': 0.1, 'Y': 0.1, 'E': 20.0, 'F': 600.0}}
DECISION : ALLOW
------------------------------------------------------------
[SEQ 478] [IEEE-BASELINE]
SCORE    : anomaly_score=0.000
DECISION : ALLOW
------------------------------------------------------------
[SEQ 479] [LAYER 0]
CMD      : G1 X164.724 Y118.842 E11.51357
TRUST    : acc_cmd=0.000 | acc_exec=0.306 | trust=0.024
DECISION : PAUSE
MACHINE  : Machine-4
------------------------------------------------------------
[SEQ 479] [STATIC-BASELINE]
CMD      : G1 | effects={'dx': 164.624, 'dy': 118.742, 'dz': 0.0, 'de': -8.48643, 'xy_dist': 202.9796145922048, 'params': {'G': 1.0, 'X': 164.724, 'Y': 118.842, 'E': 11.51357}}
DECISION : ALLOW
------------------------------------------------------------
[SEQ 479] [IEEE-BASELINE]
SCORE    : anomaly_score=0.000
DECISION : ALLOW
------------------------------------------------------------
[SEQ 480] [LAYER 0]
CMD      : G1 X165.125 Y118.815 E11.52113
TRUST    : acc_cmd=0.000 | acc_exec=0.000 | trust=0.085
DECISION : PAUSE
MACHINE  : Machine-4
------------------------------------------------------------
[SEQ 480] [STATIC-BASELINE]
CMD      : G1 | effects={'dx': 0.40100000000001046, 'dy': -0.027000000000001023, 'dz': 0.0, 'de': 0.007559999999999789, 'xy_dist': 0.40190794966012855, 'params': {'G': 1.0, 'X': 165.125, 'Y': 118.815, 'E': 11.52113}}
DECISION : ALLOW
------------------------------------------------------------
[SEQ 480] [IEEE-BASELINE]
SCORE    : anomaly_score=0.000
DECISION : ALLOW
------------------------------------------------------------
[SEQ 481] [LAYER 0]
CMD      : G1 X165.498 Y118.918 E11.52841
TRUST    : acc_cmd=0.000 | acc_exec=0.000 | trust=0.207
DECISION : PAUSE
MACHINE  : Machine-4
------------------------------------------------------------
[SEQ 481] [STATIC-BASELINE]
CMD      : G1 | effects={'dx': 0.37299999999999045, 'dy': 0.10300000000000864, 'dz': 0.0, 'de': 0.007279999999999731, 'xy_dist': 0.38695994624766356, 'params': {'G': 1.0, 'X': 165.498, 'Y': 118.918, 'E': 11.52841}}
DECISION : ALLOW
------------------------------------------------------------
[SEQ 481] [IEEE-BASELINE]
SCORE    : anomaly_score=0.000
DECISION : ALLOW
------------------------------------------------------------
[SEQ 482] [LAYER 0]
CMD      : G1 X0.1 Y0.1 E20 F600
TRUST    : acc_cmd=1.000 | acc_exec=0.000 | trust=0.097
DECISION : PAUSE
MACHINE  : Machine-4
------------------------------------------------------------
[SEQ 482] [STATIC-BASELINE]
CMD      : G1 | effects={'dx': -165.398, 'dy': -118.81800000000001, 'dz': 0.0, 'de': 8.47159, 'xy_dist': 203.65219254405292, 'params': {'G': 1.0, 'X': 0.1, 'Y': 0.1, 'E': 20.0, 'F': 600.0}}
DECISION : ALLOW
------------------------------------------------------------
[SEQ 482] [IEEE-BASELINE]
SCORE    : anomaly_score=0.000
DECISION : ALLOW
------------------------------------------------------------
[SEQ 483] [LAYER 0]
CMD      : G1 X0.1 Y0.1 E20 F600
TRUST    : acc_cmd=1.000 | acc_exec=0.000 | trust=0.042
DECISION : PAUSE
MACHINE  : Machine-4
------------------------------------------------------------
[SEQ 483] [STATIC-BASELINE]
CMD      : G1 | effects={'dx': 0.0, 'dy': 0.0, 'dz': 0.0, 'de': 0.0, 'xy_dist': 0.0, 'params': {'G': 1.0, 'X': 0.1, 'Y': 0.1, 'E': 20.0, 'F': 600.0}}
DECISION : ALLOW
------------------------------------------------------------
[SEQ 483] [IEEE-BASELINE]
SCORE    : anomaly_score=0.000
DECISION : ALLOW
------------------------------------------------------------
[SEQ 484] [LAYER 0]
CMD      : G1 X0.1 Y0.1 E20 F600
TRUST    : acc_cmd=1.000 | acc_exec=0.000 | trust=0.018
DECISION : PAUSE
MACHINE  : Machine-4
------------------------------------------------------------
[SEQ 484] [STATIC-BASELINE]
CMD      : G1 | effects={'dx': 0.0, 'dy': 0.0, 'dz': 0.0, 'de': 0.0, 'xy_dist': 0.0, 'params': {'G': 1.0, 'X': 0.1, 'Y': 0.1, 'E': 20.0, 'F': 600.0}}
DECISION : ALLOW
------------------------------------------------------------
[SEQ 484] [IEEE-BASELINE]
SCORE    : anomaly_score=0.000
DECISION : ALLOW
------------------------------------------------------------
[SEQ 485] [LAYER 0]
CMD      : G1 X166.175 Y120.204 E11.55766
TRUST    : acc_cmd=0.000 | acc_exec=0.299 | trust=0.022
DECISION : PAUSE
MACHINE  : Machine-4
------------------------------------------------------------
[SEQ 485] [STATIC-BASELINE]
CMD      : G1 | effects={'dx': 166.07500000000002, 'dy': 120.104, 'dz': 0.0, 'de': -8.44234, 'xy_dist': 204.95335186573556, 'params': {'G': 1.0, 'X': 166.175, 'Y': 120.204, 'E': 11.55766}}
DECISION : ALLOW
------------------------------------------------------------
[SEQ 485] [IEEE-BASELINE]
SCORE    : anomaly_score=0.000
DECISION : ALLOW
------------------------------------------------------------
[SEQ 486] [LAYER 0]
CMD      : G1 X0.1 Y0.1 E20 F600
TRUST    : acc_cmd=1.000 | acc_exec=0.000 | trust=0.012
DECISION : PAUSE
MACHINE  : Machine-4
------------------------------------------------------------
[SEQ 486] [STATIC-BASELINE]
CMD      : G1 | effects={'dx': -166.07500000000002, 'dy': -120.104, 'dz': 0.0, 'de': 8.44234, 'xy_dist': 204.95335186573556, 'params': {'G': 1.0, 'X': 0.1, 'Y': 0.1, 'E': 20.0, 'F': 600.0}}
DECISION : ALLOW
------------------------------------------------------------
[SEQ 486] [IEEE-BASELINE]
SCORE    : anomaly_score=0.000
DECISION : ALLOW
------------------------------------------------------------
[SEQ 487] [LAYER 0]
CMD      : G1 X0.1 Y0.1 E20 F600
TRUST    : acc_cmd=1.000 | acc_exec=0.000 | trust=0.006
DECISION : PAUSE
MACHINE  : Machine-4
------------------------------------------------------------
[SEQ 487] [STATIC-BASELINE]
CMD      : G1 | effects={'dx': 0.0, 'dy': 0.0, 'dz': 0.0, 'de': 0.0, 'xy_dist': 0.0, 'params': {'G': 1.0, 'X': 0.1, 'Y': 0.1, 'E': 20.0, 'F': 600.0}}
DECISION : ALLOW
------------------------------------------------------------
[SEQ 487] [IEEE-BASELINE]
SCORE    : anomaly_score=0.000
DECISION : ALLOW
------------------------------------------------------------
[SEQ 488] [LAYER 0]
CMD      : G1 X0.1 Y0.1 E20 F600
TRUST    : acc_cmd=1.000 | acc_exec=0.000 | trust=0.003
DECISION : PAUSE
MACHINE  : Machine-4
------------------------------------------------------------
[SEQ 488] [STATIC-BASELINE]
CMD      : G1 | effects={'dx': 0.0, 'dy': 0.0, 'dz': 0.0, 'de': 0.0, 'xy_dist': 0.0, 'params': {'G': 1.0, 'X': 0.1, 'Y': 0.1, 'E': 20.0, 'F': 600.0}}
DECISION : ALLOW
------------------------------------------------------------
[SEQ 488] [IEEE-BASELINE]
SCORE    : anomaly_score=0.000
DECISION : ALLOW
------------------------------------------------------------
[SEQ 489] [LAYER 0]
CMD      : G1 X165.272 Y121.16 E11.58376
TRUST    : acc_cmd=0.000 | acc_exec=0.295 | trust=0.012
DECISION : PAUSE
MACHINE  : Machine-4
------------------------------------------------------------
[SEQ 489] [STATIC-BASELINE]
CMD      : G1 | effects={'dx': 165.172, 'dy': 121.06, 'dz': 0.0, 'de': -8.41624, 'xy_dist': 204.78601803834167, 'params': {'G': 1.0, 'X': 165.272, 'Y': 121.16, 'E': 11.58376}}
DECISION : ALLOW
------------------------------------------------------------
[SEQ 489] [IEEE-BASELINE]
SCORE    : anomaly_score=0.000
DECISION : ALLOW
------------------------------------------------------------
[SEQ 490] [LAYER 0]
CMD      : G1 X0.1 Y0.1 E20 F600
TRUST    : acc_cmd=1.000 | acc_exec=0.000 | trust=0.008
DECISION : PAUSE
MACHINE  : Machine-4
------------------------------------------------------------
[SEQ 490] [STATIC-BASELINE]
CMD      : G1 | effects={'dx': -165.172, 'dy': -121.06, 'dz': 0.0, 'de': 8.41624, 'xy_dist': 204.78601803834167, 'params': {'G': 1.0, 'X': 0.1, 'Y': 0.1, 'E': 20.0, 'F': 600.0}}
DECISION : ALLOW
------------------------------------------------------------
[SEQ 490] [IEEE-BASELINE]
SCORE    : anomaly_score=0.000
DECISION : ALLOW
------------------------------------------------------------
[SEQ 491] [LAYER 0]
CMD      : G1 X0.1 Y0.1 E20 F600
TRUST    : acc_cmd=1.000 | acc_exec=0.000 | trust=0.004
DECISION : PAUSE
MACHINE  : Machine-4
------------------------------------------------------------
[SEQ 491] [STATIC-BASELINE]
CMD      : G1 | effects={'dx': 0.0, 'dy': 0.0, 'dz': 0.0, 'de': 0.0, 'xy_dist': 0.0, 'params': {'G': 1.0, 'X': 0.1, 'Y': 0.1, 'E': 20.0, 'F': 600.0}}
DECISION : ALLOW
------------------------------------------------------------
[SEQ 491] [IEEE-BASELINE]
SCORE    : anomaly_score=0.000
DECISION : ALLOW
------------------------------------------------------------
[SEQ 492] [LAYER 0]
CMD      : G1 X164.241 Y120.919 E11.60431
TRUST    : acc_cmd=0.000 | acc_exec=0.292 | trust=0.016
DECISION : PAUSE
MACHINE  : Machine-4
------------------------------------------------------------
[SEQ 492] [STATIC-BASELINE]
CMD      : G1 | effects={'dx': 164.14100000000002, 'dy': 120.819, 'dz': 0.0, 'de': -8.39569, 'xy_dist': 203.8124104219368, 'params': {'G': 1.0, 'X': 164.241, 'Y': 120.919, 'E': 11.60431}}
DECISION : ALLOW
------------------------------------------------------------
[SEQ 492] [IEEE-BASELINE]
SCORE    : anomaly_score=0.000
DECISION : ALLOW
------------------------------------------------------------
[SEQ 493] [LAYER 0]
CMD      : G1 X0.1 Y0.1 E20 F600
TRUST    : acc_cmd=1.000 | acc_exec=0.000 | trust=0.010
DECISION : PAUSE
MACHINE  : Machine-4
------------------------------------------------------------
[SEQ 493] [STATIC-BASELINE]
CMD      : G1 | effects={'dx': -164.14100000000002, 'dy': -120.819, 'dz': 0.0, 'de': 8.39569, 'xy_dist': 203.8124104219368, 'params': {'G': 1.0, 'X': 0.1, 'Y': 0.1, 'E': 20.0, 'F': 600.0}}
DECISION : ALLOW
------------------------------------------------------------
[SEQ 493] [IEEE-BASELINE]
SCORE    : anomaly_score=0.000
DECISION : ALLOW
------------------------------------------------------------
[SEQ 494] [LAYER 0]
CMD      : G1 X163.84 Y120.272 E11.61882
TRUST    : acc_cmd=0.000 | acc_exec=0.289 | trust=0.030
DECISION : PAUSE
MACHINE  : Machine-4
------------------------------------------------------------
[SEQ 494] [STATIC-BASELINE]
CMD      : G1 | effects={'dx': 163.74, 'dy': 120.17200000000001, 'dz': 0.0, 'de': -8.38118, 'xy_dist': 203.1061229603874, 'params': {'G': 1.0, 'X': 163.84, 'Y': 120.272, 'E': 11.61882}}
DECISION : ALLOW
------------------------------------------------------------
[SEQ 494] [IEEE-BASELINE]
SCORE    : anomaly_score=0.000
DECISION : ALLOW
------------------------------------------------------------
[SEQ 495] [LAYER 0]
CMD      : G1 X0.1 Y0.1 E20 F600
TRUST    : acc_cmd=1.000 | acc_exec=0.000 | trust=0.016
DECISION : PAUSE
MACHINE  : Machine-4
------------------------------------------------------------
[SEQ 495] [STATIC-BASELINE]
CMD      : G1 | effects={'dx': -163.74, 'dy': -120.17200000000001, 'dz': 0.0, 'de': 8.38118, 'xy_dist': 203.1061229603874, 'params': {'G': 1.0, 'X': 0.1, 'Y': 0.1, 'E': 20.0, 'F': 600.0}}
DECISION : ALLOW
------------------------------------------------------------
[SEQ 495] [IEEE-BASELINE]
SCORE    : anomaly_score=0.000
DECISION : ALLOW
------------------------------------------------------------
[SEQ 496] [LAYER 0]
CMD      : G1 X0.1 Y0.1 E20 F600
TRUST    : acc_cmd=1.000 | acc_exec=0.000 | trust=0.008
DECISION : PAUSE
MACHINE  : Machine-4
------------------------------------------------------------
[SEQ 496] [STATIC-BASELINE]
CMD      : G1 | effects={'dx': 0.0, 'dy': 0.0, 'dz': 0.0, 'de': 0.0, 'xy_dist': 0.0, 'params': {'G': 1.0, 'X': 0.1, 'Y': 0.1, 'E': 20.0, 'F': 600.0}}
DECISION : ALLOW
------------------------------------------------------------
[SEQ 496] [IEEE-BASELINE]
SCORE    : anomaly_score=0.000
DECISION : ALLOW
------------------------------------------------------------
[SEQ 497] [LAYER 0]
CMD      : G0 F3600 X163.643 Y119.184
TRUST    : acc_cmd=0.000 | acc_exec=0.000 | trust=0.020
DECISION : PAUSE
MACHINE  : Machine-4
------------------------------------------------------------
[SEQ 497] [STATIC-BASELINE]
CMD      : G0 | effects={'dx': 163.543, 'dy': 119.084, 'dz': 0.0, 'de': 0.0, 'xy_dist': 202.30499723190232, 'params': {'G': 0.0, 'F': 3600.0, 'X': 163.643, 'Y': 119.184}}
DECISION : ALLOW
------------------------------------------------------------
[SEQ 497] [IEEE-BASELINE]
SCORE    : anomaly_score=0.000
DECISION : ALLOW
------------------------------------------------------------
[SEQ 498] [LAYER 0]
CMD      : G1 X0.1 Y0.1 E20 F600
TRUST    : acc_cmd=1.000 | acc_exec=0.000 | trust=0.012
DECISION : PAUSE
MACHINE  : Machine-4
------------------------------------------------------------
[SEQ 498] [STATIC-BASELINE]
CMD      : G1 | effects={'dx': -163.543, 'dy': -119.084, 'dz': 0.0, 'de': 0.0, 'xy_dist': 202.30499723190232, 'params': {'G': 1.0, 'X': 0.1, 'Y': 0.1, 'E': 20.0, 'F': 600.0}}
DECISION : ALLOW
------------------------------------------------------------
[SEQ 498] [IEEE-BASELINE]
SCORE    : anomaly_score=0.000
DECISION : ALLOW
------------------------------------------------------------
[SEQ 499] [LAYER 0]
CMD      : G1 X0.1 Y0.1 E20 F600
TRUST    : acc_cmd=1.000 | acc_exec=0.000 | trust=0.006
DECISION : PAUSE
MACHINE  : Machine-4
------------------------------------------------------------
[SEQ 499] [STATIC-BASELINE]
CMD      : G1 | effects={'dx': 0.0, 'dy': 0.0, 'dz': 0.0, 'de': 0.0, 'xy_dist': 0.0, 'params': {'G': 1.0, 'X': 0.1, 'Y': 0.1, 'E': 20.0, 'F': 600.0}}
DECISION : ALLOW
------------------------------------------------------------
[SEQ 499] [IEEE-BASELINE]
SCORE    : anomaly_score=0.000
DECISION : ALLOW
------------------------------------------------------------
[SEQ 500] [LAYER 0]
CMD      : G1 X165.231 Y118.429 E11.66975
TRUST    : acc_cmd=0.000 | acc_exec=0.282 | trust=0.018
DECISION : PAUSE
MACHINE  : Machine-4
------------------------------------------------------------
[SEQ 500] [STATIC-BASELINE]
CMD      : G1 | effects={'dx': 165.131, 'dy': 118.32900000000001, 'dz': 0.0, 'de': -8.33025, 'xy_dist': 203.15018927384736, 'params': {'G': 1.0, 'X': 165.231, 'Y': 118.429, 'E': 11.66975}}
DECISION : ALLOW
------------------------------------------------------------
[SEQ 500] [IEEE-BASELINE]
SCORE    : anomaly_score=0.000
DECISION : ALLOW
------------------------------------------------------------
[SEQ 501] [LAYER 0]
CMD      : G1 X0.1 Y0.1 E20 F600
TRUST    : acc_cmd=1.000 | acc_exec=0.000 | trust=0.011
DECISION : PAUSE
MACHINE  : Machine-4
------------------------------------------------------------
[SEQ 501] [STATIC-BASELINE]
CMD      : G1 | effects={'dx': -165.131, 'dy': -118.32900000000001, 'dz': 0.0, 'de': 8.33025, 'xy_dist': 203.15018927384736, 'params': {'G': 1.0, 'X': 0.1, 'Y': 0.1, 'E': 20.0, 'F': 600.0}}
DECISION : ALLOW
------------------------------------------------------------
[SEQ 501] [IEEE-BASELINE]
SCORE    : anomaly_score=0.000
DECISION : ALLOW
------------------------------------------------------------
[SEQ 502] [LAYER 0]
CMD      : G1 X0.1 Y0.1 E20 F600
TRUST    : acc_cmd=1.000 | acc_exec=0.000 | trust=0.006
DECISION : PAUSE
MACHINE  : Machine-4
------------------------------------------------------------
[SEQ 502] [STATIC-BASELINE]
CMD      : G1 | effects={'dx': 0.0, 'dy': 0.0, 'dz': 0.0, 'de': 0.0, 'xy_dist': 0.0, 'params': {'G': 1.0, 'X': 0.1, 'Y': 0.1, 'E': 20.0, 'F': 600.0}}
DECISION : ALLOW
------------------------------------------------------------
[SEQ 502] [IEEE-BASELINE]
SCORE    : anomaly_score=0.000
DECISION : ALLOW
------------------------------------------------------------
[SEQ 503] [LAYER 0]
CMD      : G1 X0.1 Y0.1 E20 F600
TRUST    : acc_cmd=1.000 | acc_exec=0.000 | trust=0.003
DECISION : PAUSE
MACHINE  : Machine-4
------------------------------------------------------------
[SEQ 503] [STATIC-BASELINE]
CMD      : G1 | effects={'dx': 0.0, 'dy': 0.0, 'dz': 0.0, 'de': 0.0, 'xy_dist': 0.0, 'params': {'G': 1.0, 'X': 0.1, 'Y': 0.1, 'E': 20.0, 'F': 600.0}}
DECISION : ALLOW
------------------------------------------------------------
[SEQ 503] [IEEE-BASELINE]
SCORE    : anomaly_score=0.000
DECISION : ALLOW
------------------------------------------------------------
[SEQ 504] [LAYER 0]
CMD      : G1 X0.1 Y0.1 E20 F600
TRUST    : acc_cmd=1.000 | acc_exec=1.000 | trust=0.002
DECISION : PAUSE
MACHINE  : Machine-4
------------------------------------------------------------
[SEQ 504] [STATIC-BASELINE]
CMD      : G1 | effects={'dx': 0.0, 'dy': 0.0, 'dz': 0.0, 'de': 0.0, 'xy_dist': 0.0, 'params': {'G': 1.0, 'X': 0.1, 'Y': 0.1, 'E': 20.0, 'F': 600.0}}
DECISION : ALLOW
------------------------------------------------------------
[SEQ 504] [IEEE-BASELINE]
SCORE    : anomaly_score=0.000
DECISION : ALLOW
------------------------------------------------------------
[SEQ 505] [LAYER 0]
CMD      : G1 X0.1 Y0.1 E20 F600
TRUST    : acc_cmd=1.000 | acc_exec=1.000 | trust=0.001
DECISION : PAUSE
MACHINE  : Machine-4
------------------------------------------------------------
[SEQ 505] [STATIC-BASELINE]
CMD      : G1 | effects={'dx': 0.0, 'dy': 0.0, 'dz': 0.0, 'de': 0.0, 'xy_dist': 0.0, 'params': {'G': 1.0, 'X': 0.1, 'Y': 0.1, 'E': 20.0, 'F': 600.0}}
DECISION : ALLOW
------------------------------------------------------------
[SEQ 505] [IEEE-BASELINE]
SCORE    : anomaly_score=0.000
DECISION : ALLOW
------------------------------------------------------------
[SEQ 506] [LAYER 0]
CMD      : G1 X0.1 Y0.1 E20 F600
TRUST    : acc_cmd=1.000 | acc_exec=1.000 | trust=0.001
DECISION : PAUSE
MACHINE  : Machine-4
------------------------------------------------------------
[SEQ 506] [STATIC-BASELINE]
CMD      : G1 | effects={'dx': 0.0, 'dy': 0.0, 'dz': 0.0, 'de': 0.0, 'xy_dist': 0.0, 'params': {'G': 1.0, 'X': 0.1, 'Y': 0.1, 'E': 20.0, 'F': 600.0}}
DECISION : ALLOW
------------------------------------------------------------
[SEQ 506] [IEEE-BASELINE]
SCORE    : anomaly_score=0.000
DECISION : ALLOW
------------------------------------------------------------
[SEQ 507] [LAYER 0]
CMD      : G1 X166.257 Y120.973 E11.73173
TRUST    : acc_cmd=0.000 | acc_exec=0.272 | trust=0.008
DECISION : PAUSE
MACHINE  : Machine-4
------------------------------------------------------------
[SEQ 507] [STATIC-BASELINE]
CMD      : G1 | effects={'dx': 166.157, 'dy': 120.873, 'dz': 0.0, 'de': -8.26827, 'xy_dist': 205.47124075646207, 'params': {'G': 1.0, 'X': 166.257, 'Y': 120.973, 'E': 11.73173}}
DECISION : ALLOW
------------------------------------------------------------
[SEQ 507] [IEEE-BASELINE]
SCORE    : anomaly_score=0.000
DECISION : ALLOW
------------------------------------------------------------
[SEQ 508] [LAYER 0]
CMD      : G1 X0.1 Y0.1 E20 F600
TRUST    : acc_cmd=1.000 | acc_exec=0.000 | trust=0.005
DECISION : PAUSE
MACHINE  : Machine-4
------------------------------------------------------------
[SEQ 508] [STATIC-BASELINE]
CMD      : G1 | effects={'dx': -166.157, 'dy': -120.873, 'dz': 0.0, 'de': 8.26827, 'xy_dist': 205.47124075646207, 'params': {'G': 1.0, 'X': 0.1, 'Y': 0.1, 'E': 20.0, 'F': 600.0}}
DECISION : ALLOW
------------------------------------------------------------
[SEQ 508] [IEEE-BASELINE]
SCORE    : anomaly_score=0.000
DECISION : ALLOW
------------------------------------------------------------
[SEQ 509] [LAYER 0]
CMD      : G1 X0.1 Y0.1 E20 F600
TRUST    : acc_cmd=1.000 | acc_exec=0.000 | trust=0.003
DECISION : PAUSE
MACHINE  : Machine-4
------------------------------------------------------------
[SEQ 509] [STATIC-BASELINE]
CMD      : G1 | effects={'dx': 0.0, 'dy': 0.0, 'dz': 0.0, 'de': 0.0, 'xy_dist': 0.0, 'params': {'G': 1.0, 'X': 0.1, 'Y': 0.1, 'E': 20.0, 'F': 600.0}}
DECISION : ALLOW
------------------------------------------------------------
[SEQ 509] [IEEE-BASELINE]
SCORE    : anomaly_score=0.000
DECISION : ALLOW
------------------------------------------------------------
[SEQ 510] [LAYER 0]
CMD      : G1 X164.769 Y121.571 E11.76326
TRUST    : acc_cmd=0.000 | acc_exec=0.267 | trust=0.014
DECISION : PAUSE
MACHINE  : Machine-4
------------------------------------------------------------
[SEQ 510] [STATIC-BASELINE]
CMD      : G1 | effects={'dx': 164.669, 'dy': 121.471, 'dz': 0.0, 'de': -8.23674, 'xy_dist': 204.6242493010054, 'params': {'G': 1.0, 'X': 164.769, 'Y': 121.571, 'E': 11.76326}}
DECISION : ALLOW
------------------------------------------------------------
[SEQ 510] [IEEE-BASELINE]
SCORE    : anomaly_score=0.000
DECISION : ALLOW
------------------------------------------------------------
[SEQ 511] [LAYER 0]
CMD      : G1 X0.1 Y0.1 E20 F600
TRUST    : acc_cmd=1.000 | acc_exec=0.000 | trust=0.009
DECISION : PAUSE
MACHINE  : Machine-4
------------------------------------------------------------
[SEQ 511] [STATIC-BASELINE]
CMD      : G1 | effects={'dx': -164.669, 'dy': -121.471, 'dz': 0.0, 'de': 8.23674, 'xy_dist': 204.6242493010054, 'params': {'G': 1.0, 'X': 0.1, 'Y': 0.1, 'E': 20.0, 'F': 600.0}}
DECISION : ALLOW
------------------------------------------------------------
[SEQ 511] [IEEE-BASELINE]
SCORE    : anomaly_score=0.000
DECISION : ALLOW
------------------------------------------------------------
[SEQ 512] [LAYER 0]
CMD      : G1 X0.1 Y0.1 E20 F600
TRUST    : acc_cmd=1.000 | acc_exec=0.000 | trust=0.005
DECISION : PAUSE
MACHINE  : Machine-4
------------------------------------------------------------
[SEQ 512] [STATIC-BASELINE]
CMD      : G1 | effects={'dx': 0.0, 'dy': 0.0, 'dz': 0.0, 'de': 0.0, 'xy_dist': 0.0, 'params': {'G': 1.0, 'X': 0.1, 'Y': 0.1, 'E': 20.0, 'F': 600.0}}
DECISION : ALLOW
------------------------------------------------------------
[SEQ 512] [IEEE-BASELINE]
SCORE    : anomaly_score=0.000
DECISION : ALLOW
------------------------------------------------------------
[SEQ 513] [LAYER 0]
CMD      : G1 X0.1 Y0.1 E20 F600
TRUST    : acc_cmd=1.000 | acc_exec=0.000 | trust=0.003
DECISION : PAUSE
MACHINE  : Machine-4
------------------------------------------------------------
[SEQ 513] [STATIC-BASELINE]
CMD      : G1 | effects={'dx': 0.0, 'dy': 0.0, 'dz': 0.0, 'de': 0.0, 'xy_dist': 0.0, 'params': {'G': 1.0, 'X': 0.1, 'Y': 0.1, 'E': 20.0, 'F': 600.0}}
DECISION : ALLOW
------------------------------------------------------------
[SEQ 513] [IEEE-BASELINE]
SCORE    : anomaly_score=0.000
DECISION : ALLOW
------------------------------------------------------------
[SEQ 514] [LAYER 0]
CMD      : G1 X0.1 Y0.1 E20 F600
TRUST    : acc_cmd=1.000 | acc_exec=1.000 | trust=0.002
DECISION : PAUSE
MACHINE  : Machine-4
------------------------------------------------------------
[SEQ 514] [STATIC-BASELINE]
CMD      : G1 | effects={'dx': 0.0, 'dy': 0.0, 'dz': 0.0, 'de': 0.0, 'xy_dist': 0.0, 'params': {'G': 1.0, 'X': 0.1, 'Y': 0.1, 'E': 20.0, 'F': 600.0}}
DECISION : ALLOW
------------------------------------------------------------
[SEQ 514] [IEEE-BASELINE]
SCORE    : anomaly_score=0.000
DECISION : ALLOW
------------------------------------------------------------
[SEQ 515] [LAYER 0]
CMD      : G1 X163.433 Y119.758 E11.81017
TRUST    : acc_cmd=0.000 | acc_exec=0.260 | trust=0.010
DECISION : PAUSE
MACHINE  : Machine-4
------------------------------------------------------------
[SEQ 515] [STATIC-BASELINE]
CMD      : G1 | effects={'dx': 163.333, 'dy': 119.658, 'dz': 0.0, 'de': -8.18983, 'xy_dist': 202.47396339529683, 'params': {'G': 1.0, 'X': 163.433, 'Y': 119.758, 'E': 11.81017}}
DECISION : ALLOW
------------------------------------------------------------
[SEQ 515] [IEEE-BASELINE]
SCORE    : anomaly_score=0.000
DECISION : ALLOW
------------------------------------------------------------
[SEQ 516] [LAYER 0]
CMD      : G1 X163.643 Y119.184 E11.82167
TRUST    : acc_cmd=0.000 | acc_exec=0.000 | trust=0.052
DECISION : PAUSE
MACHINE  : Machine-4
------------------------------------------------------------
[SEQ 516] [STATIC-BASELINE]
CMD      : G1 | effects={'dx': 0.21000000000000796, 'dy': -0.5739999999999981, 'dz': 0.0, 'de': 0.011499999999999844, 'xy_dist': 0.6112086386824069, 'params': {'G': 1.0, 'X': 163.643, 'Y': 119.184, 'E': 11.82167}}
DECISION : ALLOW
------------------------------------------------------------
[SEQ 516] [IEEE-BASELINE]
SCORE    : anomaly_score=0.000
DECISION : ALLOW
------------------------------------------------------------
[SEQ 517] [LAYER 0]
CMD      : G1 X0.1 Y0.1 E20 F600
TRUST    : acc_cmd=1.000 | acc_exec=0.000 | trust=0.027
DECISION : PAUSE
MACHINE  : Machine-4
------------------------------------------------------------
[SEQ 517] [STATIC-BASELINE]
CMD      : G1 | effects={'dx': -163.543, 'dy': -119.084, 'dz': 0.0, 'de': 8.17833, 'xy_dist': 202.30499723190232, 'params': {'G': 1.0, 'X': 0.1, 'Y': 0.1, 'E': 20.0, 'F': 600.0}}
DECISION : ALLOW
------------------------------------------------------------
[SEQ 517] [IEEE-BASELINE]
SCORE    : anomaly_score=0.000
DECISION : ALLOW
------------------------------------------------------------
[SEQ 518] [LAYER 0]
CMD      : G0 F3600 X164.422 Y119.159
TRUST    : acc_cmd=0.000 | acc_exec=0.000 | trust=0.051
DECISION : PAUSE
MACHINE  : Machine-4
------------------------------------------------------------
[SEQ 518] [STATIC-BASELINE]
CMD      : G0 | effects={'dx': 164.322, 'dy': 119.05900000000001, 'dz': 0.0, 'de': 0.0, 'xy_dist': 202.92058832213158, 'params': {'G': 0.0, 'F': 3600.0, 'X': 164.422, 'Y': 119.159}}
DECISION : ALLOW
------------------------------------------------------------
[SEQ 518] [IEEE-BASELINE]
SCORE    : anomaly_score=0.000
DECISION : ALLOW
------------------------------------------------------------
[SEQ 519] [LAYER 0]
CMD      : G1 X0.1 Y0.1 E20 F600
TRUST    : acc_cmd=1.000 | acc_exec=0.000 | trust=0.026
DECISION : PAUSE
MACHINE  : Machine-4
------------------------------------------------------------
[SEQ 519] [STATIC-BASELINE]
CMD      : G1 | effects={'dx': -164.322, 'dy': -119.05900000000001, 'dz': 0.0, 'de': 0.0, 'xy_dist': 202.92058832213158, 'params': {'G': 1.0, 'X': 0.1, 'Y': 0.1, 'E': 20.0, 'F': 600.0}}
DECISION : ALLOW
------------------------------------------------------------
[SEQ 519] [IEEE-BASELINE]
SCORE    : anomaly_score=0.000
DECISION : ALLOW
------------------------------------------------------------
[SEQ 520] [LAYER 1]
CMD      : G1 X0.1 Y0.1 E20 F600
TRUST    : acc_cmd=1.000 | acc_exec=0.000 | trust=0.012
DECISION : PAUSE
MACHINE  : Machine-4
------------------------------------------------------------
[SEQ 520] [STATIC-BASELINE]
CMD      : G1 | effects={'dx': 0.0, 'dy': 0.0, 'dz': 0.0, 'de': 0.0, 'xy_dist': 0.0, 'params': {'G': 1.0, 'X': 0.1, 'Y': 0.1, 'E': 20.0, 'F': 600.0}}
DECISION : ALLOW
------------------------------------------------------------
[SEQ 520] [IEEE-BASELINE]
SCORE    : anomaly_score=0.000
DECISION : ALLOW
------------------------------------------------------------
[SEQ 521] [LAYER 1]
CMD      : ;note -- min layer time used
TRUST    : acc_cmd=0.000 | acc_exec=0.000 | trust=0.024
DECISION : PAUSE
MACHINE  : Machine-4
------------------------------------------------------------
[SEQ 521] [STATIC-BASELINE]
CMD      : None | effects={}
DECISION : ALLOW
------------------------------------------------------------
[SEQ 521] [IEEE-BASELINE]
SCORE    : anomaly_score=0.000
DECISION : ALLOW
------------------------------------------------------------
[SEQ 522] [LAYER 1]
CMD      : M106 S255
TRUST    : acc_cmd=0.000 | acc_exec=0.000 | trust=0.084
DECISION : PAUSE
MACHINE  : Machine-4
------------------------------------------------------------
[SEQ 522] [STATIC-BASELINE]
CMD      : M106 | effects={'M': 106.0, 'S': 255.0}
DECISION : ALLOW
------------------------------------------------------------
[SEQ 522] [IEEE-BASELINE]
SCORE    : anomaly_score=0.000
DECISION : ALLOW
------------------------------------------------------------
[SEQ 523] [LAYER 1]
CMD      : G1 X0.1 Y0.1 E20 F600
TRUST    : acc_cmd=1.000 | acc_exec=0.000 | trust=0.042
DECISION : PAUSE
MACHINE  : Machine-4
------------------------------------------------------------
[SEQ 523] [STATIC-BASELINE]
CMD      : G1 | effects={'dx': 0.0, 'dy': 0.0, 'dz': 0.0, 'de': 0.0, 'xy_dist': 0.0, 'params': {'G': 1.0, 'X': 0.1, 'Y': 0.1, 'E': 20.0, 'F': 600.0}}
DECISION : ALLOW
------------------------------------------------------------
[SEQ 523] [IEEE-BASELINE]
SCORE    : anomaly_score=0.000
DECISION : ALLOW
------------------------------------------------------------
[SEQ 524] [LAYER 1]
CMD      : G1 X0.1 Y0.1 E20 F600
TRUST    : acc_cmd=1.000 | acc_exec=1.000 | trust=0.019
DECISION : PAUSE
MACHINE  : Machine-4
------------------------------------------------------------
[SEQ 524] [STATIC-BASELINE]
CMD      : G1 | effects={'dx': 0.0, 'dy': 0.0, 'dz': 0.0, 'de': 0.0, 'xy_dist': 0.0, 'params': {'G': 1.0, 'X': 0.1, 'Y': 0.1, 'E': 20.0, 'F': 600.0}}
DECISION : ALLOW
------------------------------------------------------------
[SEQ 524] [IEEE-BASELINE]
SCORE    : anomaly_score=0.000
DECISION : ALLOW
------------------------------------------------------------
[SEQ 525] [LAYER 1]
CMD      : G1 X0.1 Y0.1 E20 F600
TRUST    : acc_cmd=1.000 | acc_exec=1.000 | trust=0.009
DECISION : PAUSE
MACHINE  : Machine-4
------------------------------------------------------------
[SEQ 525] [STATIC-BASELINE]
CMD      : G1 | effects={'dx': 0.0, 'dy': 0.0, 'dz': 0.0, 'de': 0.0, 'xy_dist': 0.0, 'params': {'G': 1.0, 'X': 0.1, 'Y': 0.1, 'E': 20.0, 'F': 600.0}}
DECISION : ALLOW
------------------------------------------------------------
[SEQ 525] [IEEE-BASELINE]
SCORE    : anomaly_score=0.000
DECISION : ALLOW
------------------------------------------------------------
[SEQ 526] [LAYER 1]
CMD      : G1 X0.1 Y0.1 E20 F600
TRUST    : acc_cmd=1.000 | acc_exec=1.000 | trust=0.004
DECISION : PAUSE
MACHINE  : Machine-4
------------------------------------------------------------
[SEQ 526] [STATIC-BASELINE]
CMD      : G1 | effects={'dx': 0.0, 'dy': 0.0, 'dz': 0.0, 'de': 0.0, 'xy_dist': 0.0, 'params': {'G': 1.0, 'X': 0.1, 'Y': 0.1, 'E': 20.0, 'F': 600.0}}
DECISION : ALLOW
------------------------------------------------------------
[SEQ 526] [IEEE-BASELINE]
SCORE    : anomaly_score=0.000
DECISION : ALLOW
------------------------------------------------------------
[SEQ 527] [LAYER 1]
CMD      : G1 X0.1 Y0.1 E20 F600
TRUST    : acc_cmd=1.000 | acc_exec=1.000 | trust=0.002
DECISION : PAUSE
MACHINE  : Machine-4
------------------------------------------------------------
[SEQ 527] [STATIC-BASELINE]
CMD      : G1 | effects={'dx': 0.0, 'dy': 0.0, 'dz': 0.0, 'de': 0.0, 'xy_dist': 0.0, 'params': {'G': 1.0, 'X': 0.1, 'Y': 0.1, 'E': 20.0, 'F': 600.0}}
DECISION : ALLOW
------------------------------------------------------------
[SEQ 527] [IEEE-BASELINE]
SCORE    : anomaly_score=0.000
DECISION : ALLOW
------------------------------------------------------------
[SEQ 528] [LAYER 1]
CMD      : G1 X0.1 Y0.1 E20 F600
TRUST    : acc_cmd=1.000 | acc_exec=1.000 | trust=0.001
DECISION : PAUSE
MACHINE  : Machine-4
------------------------------------------------------------
[SEQ 528] [STATIC-BASELINE]
CMD      : G1 | effects={'dx': 0.0, 'dy': 0.0, 'dz': 0.0, 'de': 0.0, 'xy_dist': 0.0, 'params': {'G': 1.0, 'X': 0.1, 'Y': 0.1, 'E': 20.0, 'F': 600.0}}
DECISION : ALLOW
------------------------------------------------------------
[SEQ 528] [IEEE-BASELINE]
SCORE    : anomaly_score=0.000
DECISION : ALLOW
------------------------------------------------------------
[SEQ 529] [LAYER 1]
CMD      : G1 X0.1 Y0.1 E20 F600
TRUST    : acc_cmd=1.000 | acc_exec=1.000 | trust=0.001
DECISION : PAUSE
MACHINE  : Machine-4
------------------------------------------------------------
[SEQ 529] [STATIC-BASELINE]
CMD      : G1 | effects={'dx': 0.0, 'dy': 0.0, 'dz': 0.0, 'de': 0.0, 'xy_dist': 0.0, 'params': {'G': 1.0, 'X': 0.1, 'Y': 0.1, 'E': 20.0, 'F': 600.0}}
DECISION : ALLOW
------------------------------------------------------------
[SEQ 529] [IEEE-BASELINE]
SCORE    : anomaly_score=0.000
DECISION : ALLOW
------------------------------------------------------------
[SEQ 530] [LAYER 1]
CMD      : G0 F5400 X164.425 Y119.133
TRUST    : acc_cmd=1.000 | acc_exec=0.000 | trust=0.001
DECISION : PAUSE
MACHINE  : Machine-4
------------------------------------------------------------
[SEQ 530] [STATIC-BASELINE]
CMD      : G0 | effects={'dx': 164.32500000000002, 'dy': 119.033, 'dz': 0.0, 'de': 0.0, 'xy_dist': 202.90776405549397, 'params': {'G': 0.0, 'F': 5400.0, 'X': 164.425, 'Y': 119.133}}
DECISION : ALLOW
------------------------------------------------------------
[SEQ 530] [IEEE-BASELINE]
SCORE    : anomaly_score=0.000
DECISION : ALLOW
------------------------------------------------------------
[SEQ 531] [LAYER 1]
CMD      : G1 X0.1 Y0.1 E20 F600
TRUST    : acc_cmd=1.000 | acc_exec=0.000 | trust=0.001
DECISION : PAUSE
MACHINE  : Machine-4
------------------------------------------------------------
[SEQ 531] [STATIC-BASELINE]
CMD      : G1 | effects={'dx': -164.32500000000002, 'dy': -119.033, 'dz': 0.0, 'de': 0.0, 'xy_dist': 202.90776405549397, 'params': {'G': 1.0, 'X': 0.1, 'Y': 0.1, 'E': 20.0, 'F': 600.0}}
DECISION : ALLOW
------------------------------------------------------------
[SEQ 531] [IEEE-BASELINE]
SCORE    : anomaly_score=0.000
DECISION : ALLOW
------------------------------------------------------------
[SEQ 532] [LAYER 2]
CMD      : ;LAYER:2
TRUST    : acc_cmd=0.000 | acc_exec=0.000 | trust=0.007
DECISION : PAUSE
MACHINE  : Machine-4
------------------------------------------------------------
[SEQ 532] [STATIC-BASELINE]
CMD      : None | effects={}
DECISION : ALLOW
------------------------------------------------------------
[SEQ 532] [IEEE-BASELINE]
SCORE    : anomaly_score=0.000
DECISION : ALLOW
------------------------------------------------------------
[SEQ 533] [LAYER 2]
CMD      : ;note -- min layer time used
TRUST    : acc_cmd=0.000 | acc_exec=0.000 | trust=0.044
DECISION : PAUSE
MACHINE  : Machine-4
------------------------------------------------------------
[SEQ 533] [STATIC-BASELINE]
CMD      : None | effects={}
DECISION : ALLOW
------------------------------------------------------------
[SEQ 533] [IEEE-BASELINE]
SCORE    : anomaly_score=0.000
DECISION : ALLOW
------------------------------------------------------------
[SEQ 534] [LAYER 2]
CMD      : G1 X0.1 Y0.1 E20 F600
TRUST    : acc_cmd=1.000 | acc_exec=0.000 | trust=0.024
DECISION : PAUSE
MACHINE  : Machine-4
------------------------------------------------------------
[SEQ 534] [STATIC-BASELINE]
CMD      : G1 | effects={'dx': 0.0, 'dy': 0.0, 'dz': 0.0, 'de': 0.0, 'xy_dist': 0.0, 'params': {'G': 1.0, 'X': 0.1, 'Y': 0.1, 'E': 20.0, 'F': 600.0}}
DECISION : ALLOW
------------------------------------------------------------
[SEQ 534] [IEEE-BASELINE]
SCORE    : anomaly_score=0.000
DECISION : ALLOW
------------------------------------------------------------
[SEQ 535] [LAYER 2]
CMD      : G1 X0.1 Y0.1 E20 F600
TRUST    : acc_cmd=1.000 | acc_exec=0.000 | trust=0.011
DECISION : PAUSE
MACHINE  : Machine-4
------------------------------------------------------------
[SEQ 535] [STATIC-BASELINE]
CMD      : G1 | effects={'dx': 0.0, 'dy': 0.0, 'dz': 0.0, 'de': 0.0, 'xy_dist': 0.0, 'params': {'G': 1.0, 'X': 0.1, 'Y': 0.1, 'E': 20.0, 'F': 600.0}}
DECISION : ALLOW
------------------------------------------------------------
[SEQ 535] [IEEE-BASELINE]
SCORE    : anomaly_score=0.000
DECISION : ALLOW
------------------------------------------------------------
[SEQ 536] [LAYER 2]
CMD      : G1 F663 X164.358 Y119.172 E11.82399
TRUST    : acc_cmd=1.000 | acc_exec=0.258 | trust=0.005
DECISION : PAUSE
MACHINE  : Machine-4
------------------------------------------------------------
[SEQ 536] [STATIC-BASELINE]
CMD      : G1 | effects={'dx': 164.258, 'dy': 119.072, 'dz': 0.0, 'de': -8.17601, 'xy_dist': 202.8763952459724, 'params': {'G': 1.0, 'F': 663.0, 'X': 164.358, 'Y': 119.172, 'E': 11.82399}}
DECISION : ALLOW
------------------------------------------------------------
[SEQ 536] [IEEE-BASELINE]
SCORE    : anomaly_score=0.000
DECISION : ALLOW
------------------------------------------------------------
[SEQ 537] [LAYER 2]
CMD      : G1 X164.357 Y119.094 E11.82488
TRUST    : acc_cmd=0.000 | acc_exec=0.000 | trust=0.015
DECISION : PAUSE
MACHINE  : Machine-4
------------------------------------------------------------
[SEQ 537] [STATIC-BASELINE]
CMD      : G1 | effects={'dx': -0.0010000000000047748, 'dy': -0.07800000000000296, 'dz': 0.0, 'de': 0.0008900000000000574, 'xy_dist': 0.07800640999302859, 'params': {'G': 1.0, 'X': 164.357, 'Y': 119.094, 'E': 11.82488}}
DECISION : ALLOW
------------------------------------------------------------
[SEQ 537] [IEEE-BASELINE]
SCORE    : anomaly_score=0.000
DECISION : ALLOW
------------------------------------------------------------
[SEQ 538] [LAYER 2]
CMD      : G1 X0.1 Y0.1 E20 F600
TRUST    : acc_cmd=1.000 | acc_exec=0.000 | trust=0.009
DECISION : PAUSE
MACHINE  : Machine-4
------------------------------------------------------------
[SEQ 538] [STATIC-BASELINE]
CMD      : G1 | effects={'dx': -164.257, 'dy': -118.994, 'dz': 0.0, 'de': 8.17512, 'xy_dist': 202.82981557207017, 'params': {'G': 1.0, 'X': 0.1, 'Y': 0.1, 'E': 20.0, 'F': 600.0}}
DECISION : ALLOW
------------------------------------------------------------
[SEQ 538] [IEEE-BASELINE]
SCORE    : anomaly_score=0.000
DECISION : ALLOW
------------------------------------------------------------
[SEQ 539] [LAYER 2]
CMD      : G1 X0.1 Y0.1 E20 F600
TRUST    : acc_cmd=1.000 | acc_exec=0.000 | trust=0.005
DECISION : PAUSE
MACHINE  : Machine-4
------------------------------------------------------------
[SEQ 539] [STATIC-BASELINE]
CMD      : G1 | effects={'dx': 0.0, 'dy': 0.0, 'dz': 0.0, 'de': 0.0, 'xy_dist': 0.0, 'params': {'G': 1.0, 'X': 0.1, 'Y': 0.1, 'E': 20.0, 'F': 600.0}}
DECISION : ALLOW
------------------------------------------------------------
[SEQ 539] [IEEE-BASELINE]
SCORE    : anomaly_score=0.000
DECISION : ALLOW
------------------------------------------------------------
[SEQ 540] [LAYER 2]
CMD      : G1 X0.1 Y0.1 E20 F600
TRUST    : acc_cmd=1.000 | acc_exec=0.000 | trust=0.003
DECISION : PAUSE
MACHINE  : Machine-4
------------------------------------------------------------
[SEQ 540] [STATIC-BASELINE]
CMD      : G1 | effects={'dx': 0.0, 'dy': 0.0, 'dz': 0.0, 'de': 0.0, 'xy_dist': 0.0, 'params': {'G': 1.0, 'X': 0.1, 'Y': 0.1, 'E': 20.0, 'F': 600.0}}
DECISION : ALLOW
------------------------------------------------------------
[SEQ 540] [IEEE-BASELINE]
SCORE    : anomaly_score=0.000
DECISION : ALLOW
------------------------------------------------------------
[SEQ 541] [LAYER 2]
CMD      : G1 X0.1 Y0.1 E20 F600
TRUST    : acc_cmd=1.000 | acc_exec=1.000 | trust=0.002
DECISION : PAUSE
MACHINE  : Machine-4
------------------------------------------------------------
[SEQ 541] [STATIC-BASELINE]
CMD      : G1 | effects={'dx': 0.0, 'dy': 0.0, 'dz': 0.0, 'de': 0.0, 'xy_dist': 0.0, 'params': {'G': 1.0, 'X': 0.1, 'Y': 0.1, 'E': 20.0, 'F': 600.0}}
DECISION : ALLOW
------------------------------------------------------------
[SEQ 541] [IEEE-BASELINE]
SCORE    : anomaly_score=0.000
DECISION : ALLOW
------------------------------------------------------------
[SEQ 542] [LAYER 2]
CMD      : ;TIME_ELAPSED:26.793130
TRUST    : acc_cmd=0.000 | acc_exec=0.000 | trust=0.009
DECISION : PAUSE
MACHINE  : Machine-4
------------------------------------------------------------
[SEQ 542] [STATIC-BASELINE]
CMD      : None | effects={}
DECISION : ALLOW
------------------------------------------------------------
[SEQ 542] [IEEE-BASELINE]
SCORE    : anomaly_score=0.000
DECISION : ALLOW
------------------------------------------------------------
[SEQ 543] [LAYER 3]
CMD      : G1 X0.1 Y0.1 E20 F600
TRUST    : acc_cmd=0.000 | acc_exec=1.000 | trust=0.014
DECISION : PAUSE
MACHINE  : Machine-4
------------------------------------------------------------
[SEQ 543] [STATIC-BASELINE]
CMD      : G1 | effects={'dx': 0.0, 'dy': 0.0, 'dz': 0.0, 'de': 0.0, 'xy_dist': 0.0, 'params': {'G': 1.0, 'X': 0.1, 'Y': 0.1, 'E': 20.0, 'F': 600.0}}
DECISION : ALLOW
------------------------------------------------------------
[SEQ 543] [IEEE-BASELINE]
SCORE    : anomaly_score=0.000
DECISION : ALLOW
------------------------------------------------------------
[SEQ 544] [LAYER 3]
CMD      : G1 X0.1 Y0.1 E20 F600
TRUST    : acc_cmd=0.000 | acc_exec=1.000 | trust=0.008
DECISION : PAUSE
MACHINE  : Machine-4
------------------------------------------------------------
[SEQ 544] [STATIC-BASELINE]
CMD      : G1 | effects={'dx': 0.0, 'dy': 0.0, 'dz': 0.0, 'de': 0.0, 'xy_dist': 0.0, 'params': {'G': 1.0, 'X': 0.1, 'Y': 0.1, 'E': 20.0, 'F': 600.0}}
DECISION : ALLOW
------------------------------------------------------------
[SEQ 544] [IEEE-BASELINE]
SCORE    : anomaly_score=0.000
DECISION : ALLOW
------------------------------------------------------------
[SEQ 545] [LAYER 3]
CMD      : G1 X0.1 Y0.1 E20 F600
TRUST    : acc_cmd=0.000 | acc_exec=1.000 | trust=0.004
DECISION : PAUSE
MACHINE  : Machine-4
------------------------------------------------------------
[SEQ 545] [STATIC-BASELINE]
CMD      : G1 | effects={'dx': 0.0, 'dy': 0.0, 'dz': 0.0, 'de': 0.0, 'xy_dist': 0.0, 'params': {'G': 1.0, 'X': 0.1, 'Y': 0.1, 'E': 20.0, 'F': 600.0}}
DECISION : ALLOW
------------------------------------------------------------
[SEQ 545] [IEEE-BASELINE]
SCORE    : anomaly_score=0.000
DECISION : ALLOW
------------------------------------------------------------
[SEQ 546] [LAYER 3]
CMD      : ;TYPE:WALL-OUTER
TRUST    : acc_cmd=0.000 | acc_exec=0.000 | trust=0.016
DECISION : PAUSE
MACHINE  : Machine-4
------------------------------------------------------------
[SEQ 546] [STATIC-BASELINE]
CMD      : None | effects={}
DECISION : ALLOW
------------------------------------------------------------
[SEQ 546] [IEEE-BASELINE]
SCORE    : anomaly_score=0.000
DECISION : ALLOW
------------------------------------------------------------
[SEQ 547] [LAYER 3]
CMD      : ;MESH:references\stl\flatplate.stl
TRUST    : acc_cmd=0.000 | acc_exec=0.000 | trust=0.069
DECISION : PAUSE
MACHINE  : Machine-4
------------------------------------------------------------
[SEQ 547] [STATIC-BASELINE]
CMD      : None | effects={}
DECISION : ALLOW
------------------------------------------------------------
[SEQ 547] [IEEE-BASELINE]
SCORE    : anomaly_score=0.000
DECISION : ALLOW
------------------------------------------------------------
[SEQ 548] [LAYER 3]
CMD      : G1 F1200 X165.411 Y120.016 E11.82603
TRUST    : acc_cmd=0.000 | acc_exec=0.258 | trust=0.099
DECISION : PAUSE
MACHINE  : Machine-4
------------------------------------------------------------
[SEQ 548] [STATIC-BASELINE]
CMD      : G1 | effects={'dx': 165.311, 'dy': 119.91600000000001, 'dz': 0.0, 'de': -8.17397, 'xy_dist': 204.22432219743075, 'params': {'G': 1.0, 'F': 1200.0, 'X': 165.411, 'Y': 120.016, 'E': 11.82603}}
DECISION : ALLOW
------------------------------------------------------------
[SEQ 548] [IEEE-BASELINE]
SCORE    : anomaly_score=0.000
DECISION : ALLOW
------------------------------------------------------------
[SEQ 549] [LAYER 3]
CMD      : G1 X165.41 Y119.972 E11.82631
TRUST    : acc_cmd=0.000 | acc_exec=0.000 | trust=0.207
DECISION : PAUSE
MACHINE  : Machine-4
------------------------------------------------------------
[SEQ 549] [STATIC-BASELINE]
CMD      : G1 | effects={'dx': -0.0010000000000047748, 'dy': -0.04400000000001114, 'dz': 0.0, 'de': 0.000280000000000058, 'xy_dist': 0.04401136216934202, 'params': {'G': 1.0, 'X': 165.41, 'Y': 119.972, 'E': 11.82631}}
DECISION : ALLOW
------------------------------------------------------------
[SEQ 549] [IEEE-BASELINE]
SCORE    : anomaly_score=0.000
DECISION : ALLOW
------------------------------------------------------------
[SEQ 550] [LAYER 3]
CMD      : G1 X165.448 Y119.994 E11.82659
TRUST    : acc_cmd=0.000 | acc_exec=0.000 | trust=0.362
DECISION : PAUSE
MACHINE  : Machine-4
------------------------------------------------------------
[SEQ 550] [STATIC-BASELINE]
CMD      : G1 | effects={'dx': 0.038000000000010914, 'dy': 0.02200000000000557, 'dz': 0.0, 'de': 0.000280000000000058, 'xy_dist': 0.043908996800212534, 'params': {'G': 1.0, 'X': 165.448, 'Y': 119.994, 'E': 11.82659}}
DECISION : ALLOW
------------------------------------------------------------
[SEQ 550] [IEEE-BASELINE]
SCORE    : anomaly_score=0.000
DECISION : ALLOW
------------------------------------------------------------
[SEQ 551] [LAYER 3]
CMD      : G1 X0.1 Y0.1 E20 F600
TRUST    : acc_cmd=0.000 | acc_exec=0.000 | trust=0.523
DECISION : ALLOW
MACHINE  : Machine-4
------------------------------------------------------------
[SEQ 551] [STATIC-BASELINE]
CMD      : G1 | effects={'dx': -165.348, 'dy': -119.894, 'dz': 0.0, 'de': 8.17341, 'xy_dist': 204.24135805463106, 'params': {'G': 1.0, 'X': 0.1, 'Y': 0.1, 'E': 20.0, 'F': 600.0}}
DECISION : ALLOW
------------------------------------------------------------
[SEQ 551] [IEEE-BASELINE]
SCORE    : anomaly_score=0.000
DECISION : ALLOW
------------------------------------------------------------
[SEQ 552] [LAYER 3]
CMD      : ;MESH:NONMESH
TRUST    : acc_cmd=0.000 | acc_exec=0.000 | trust=0.665
DECISION : ALLOW
MACHINE  : Machine-4
------------------------------------------------------------
[SEQ 552] [STATIC-BASELINE]
CMD      : None | effects={}
DECISION : ALLOW
------------------------------------------------------------
[SEQ 552] [IEEE-BASELINE]
SCORE    : anomaly_score=0.000
DECISION : ALLOW
------------------------------------------------------------
[SEQ 553] [LAYER 3]
CMD      : G1 X0.1 Y0.1 E20 F600
TRUST    : acc_cmd=0.000 | acc_exec=0.000 | trust=0.774
DECISION : ALLOW
MACHINE  : Machine-4
------------------------------------------------------------
[SEQ 553] [STATIC-BASELINE]
CMD      : G1 | effects={'dx': 0.0, 'dy': 0.0, 'dz': 0.0, 'de': 0.0, 'xy_dist': 0.0, 'params': {'G': 1.0, 'X': 0.1, 'Y': 0.1, 'E': 20.0, 'F': 600.0}}
DECISION : ALLOW
------------------------------------------------------------
[SEQ 553] [IEEE-BASELINE]
SCORE    : anomaly_score=0.000
DECISION : ALLOW
------------------------------------------------------------
[SEQ 554] [LAYER 3]
CMD      : G0 F7200 X0.00 Y0.00
TRUST    : acc_cmd=0.000 | acc_exec=0.000 | trust=0.853
DECISION : ALLOW
MACHINE  : Machine-4
------------------------------------------------------------
[SEQ 554] [STATIC-BASELINE]
CMD      : G0 | effects={'dx': -0.1, 'dy': -0.1, 'dz': 0.0, 'de': 0.0, 'xy_dist': 0.14142135623730953, 'params': {'G': 0.0, 'F': 7200.0, 'X': 0.0, 'Y': 0.0}}
DECISION : ALLOW
------------------------------------------------------------
[SEQ 554] [IEEE-BASELINE]
SCORE    : anomaly_score=0.000
DECISION : ALLOW
------------------------------------------------------------
[SEQ 555] [LAYER 3]
CMD      : ;TIME_ELAPSED:28.872466
TRUST    : acc_cmd=0.000 | acc_exec=0.000 | trust=0.906
DECISION : ALLOW
MACHINE  : Machine-4
------------------------------------------------------------
[SEQ 555] [STATIC-BASELINE]
CMD      : None | effects={}
DECISION : ALLOW
------------------------------------------------------------
[SEQ 555] [IEEE-BASELINE]
SCORE    : anomaly_score=0.000
DECISION : ALLOW
------------------------------------------------------------
[SEQ 556] [LAYER 4]
CMD      : ;LAYER:4
TRUST    : acc_cmd=0.000 | acc_exec=0.000 | trust=0.942
DECISION : ALLOW
MACHINE  : Machine-4
------------------------------------------------------------
[SEQ 556] [STATIC-BASELINE]
CMD      : None | effects={}
DECISION : ALLOW
------------------------------------------------------------
[SEQ 556] [IEEE-BASELINE]
SCORE    : anomaly_score=0.000
DECISION : ALLOW
------------------------------------------------------------
[SEQ 557] [LAYER 4]
CMD      : M104 S0
TRUST    : acc_cmd=0.000 | acc_exec=0.000 | trust=0.964
DECISION : ALLOW
MACHINE  : Machine-4
------------------------------------------------------------
[SEQ 557] [STATIC-BASELINE]
CMD      : M104 | effects={'M': 104.0, 'S': 0.0, 'prev_temp': None}
DECISION : ALLOW
------------------------------------------------------------
[SEQ 557] [IEEE-BASELINE]
SCORE    : anomaly_score=0.000
DECISION : ALLOW
------------------------------------------------------------
[SEQ 558] [LAYER 4]
CMD      : G1 X0.1 Y0.1 E20 F600
TRUST    : acc_cmd=1.000 | acc_exec=0.000 | trust=0.415
DECISION : PAUSE
MACHINE  : Machine-4
------------------------------------------------------------
[SEQ 558] [STATIC-BASELINE]
CMD      : G1 | effects={'dx': 0.1, 'dy': 0.1, 'dz': 0.0, 'de': 0.0, 'xy_dist': 0.14142135623730953, 'params': {'G': 1.0, 'X': 0.1, 'Y': 0.1, 'E': 20.0, 'F': 600.0}}
DECISION : ALLOW
------------------------------------------------------------
[SEQ 558] [IEEE-BASELINE]
SCORE    : anomaly_score=0.000
DECISION : ALLOW
------------------------------------------------------------
[SEQ 559] [LAYER 4]
CMD      : G0 F7200 X163.899 Y118.77
TRUST    : acc_cmd=0.000 | acc_exec=0.000 | trust=0.265
DECISION : PAUSE
MACHINE  : Machine-4
------------------------------------------------------------
[SEQ 559] [STATIC-BASELINE]
CMD      : G0 | effects={'dx': 163.799, 'dy': 118.67, 'dz': 0.0, 'de': 0.0, 'xy_dist': 202.26883423058533, 'params': {'G': 0.0, 'F': 7200.0, 'X': 163.899, 'Y': 118.77}}
DECISION : ALLOW
------------------------------------------------------------
[SEQ 559] [IEEE-BASELINE]
SCORE    : anomaly_score=0.000
DECISION : ALLOW
------------------------------------------------------------
[SEQ 560] [LAYER 4]
CMD      : G1 X0.1 Y0.1 E20 F600
TRUST    : acc_cmd=1.000 | acc_exec=0.000 | trust=0.116
DECISION : PAUSE
MACHINE  : Machine-4
------------------------------------------------------------
[SEQ 560] [STATIC-BASELINE]
CMD      : G1 | effects={'dx': -163.799, 'dy': -118.67, 'dz': 0.0, 'de': 0.0, 'xy_dist': 202.26883423058533, 'params': {'G': 1.0, 'X': 0.1, 'Y': 0.1, 'E': 20.0, 'F': 600.0}}
DECISION : ALLOW
------------------------------------------------------------
[SEQ 560] [IEEE-BASELINE]
SCORE    : anomaly_score=0.000
DECISION : ALLOW
------------------------------------------------------------
[SEQ 561] [LAYER 4]
CMD      : G1 X0.1 Y0.1 E20 F600
TRUST    : acc_cmd=1.000 | acc_exec=0.000 | trust=0.049
DECISION : PAUSE
MACHINE  : Machine-4
------------------------------------------------------------
[SEQ 561] [STATIC-BASELINE]
CMD      : G1 | effects={'dx': 0.0, 'dy': 0.0, 'dz': 0.0, 'de': 0.0, 'xy_dist': 0.0, 'params': {'G': 1.0, 'X': 0.1, 'Y': 0.1, 'E': 20.0, 'F': 600.0}}
DECISION : ALLOW
------------------------------------------------------------
[SEQ 561] [IEEE-BASELINE]
SCORE    : anomaly_score=0.000
DECISION : ALLOW
------------------------------------------------------------
[SEQ 562] [LAYER 5]
CMD      : G1 X0.1 Y0.1 E20 F600
TRUST    : acc_cmd=1.000 | acc_exec=0.000 | trust=0.021
DECISION : PAUSE
MACHINE  : Machine-4
------------------------------------------------------------
[SEQ 562] [STATIC-BASELINE]
CMD      : G1 | effects={'dx': 0.0, 'dy': 0.0, 'dz': 0.0, 'de': 0.0, 'xy_dist': 0.0, 'params': {'G': 1.0, 'X': 0.1, 'Y': 0.1, 'E': 20.0, 'F': 600.0}}
DECISION : ALLOW
------------------------------------------------------------
[SEQ 562] [IEEE-BASELINE]
SCORE    : anomaly_score=0.000
DECISION : ALLOW
------------------------------------------------------------
[SEQ 563] [LAYER 5]
CMD      : G1 X0.1 Y0.1 E20 F600
TRUST    : acc_cmd=1.000 | acc_exec=1.000 | trust=0.009
DECISION : PAUSE
MACHINE  : Machine-4
------------------------------------------------------------
[SEQ 563] [STATIC-BASELINE]
CMD      : G1 | effects={'dx': 0.0, 'dy': 0.0, 'dz': 0.0, 'de': 0.0, 'xy_dist': 0.0, 'params': {'G': 1.0, 'X': 0.1, 'Y': 0.1, 'E': 20.0, 'F': 600.0}}
DECISION : ALLOW
------------------------------------------------------------
[SEQ 563] [IEEE-BASELINE]
SCORE    : anomaly_score=0.000
DECISION : ALLOW
------------------------------------------------------------
[SEQ 564] [LAYER 5]
CMD      : G1 X0.1 Y0.1 E20 F600
TRUST    : acc_cmd=1.000 | acc_exec=1.000 | trust=0.004
DECISION : PAUSE
MACHINE  : Machine-4
------------------------------------------------------------
[SEQ 564] [STATIC-BASELINE]
CMD      : G1 | effects={'dx': 0.0, 'dy': 0.0, 'dz': 0.0, 'de': 0.0, 'xy_dist': 0.0, 'params': {'G': 1.0, 'X': 0.1, 'Y': 0.1, 'E': 20.0, 'F': 600.0}}
DECISION : ALLOW
------------------------------------------------------------
[SEQ 564] [IEEE-BASELINE]
SCORE    : anomaly_score=0.000
DECISION : ALLOW
------------------------------------------------------------
[SEQ 565] [LAYER 5]
CMD      : ;MESH:references\stl\flatplate.stl
TRUST    : acc_cmd=0.000 | acc_exec=0.000 | trust=0.010
DECISION : PAUSE
MACHINE  : Machine-4
------------------------------------------------------------
[SEQ 565] [STATIC-BASELINE]
CMD      : None | effects={}
DECISION : ALLOW
------------------------------------------------------------
[SEQ 565] [IEEE-BASELINE]
SCORE    : anomaly_score=0.000
DECISION : ALLOW
------------------------------------------------------------
[SEQ 566] [LAYER 5]
CMD      : G1 X0.1 Y0.1 E20 F600
TRUST    : acc_cmd=1.000 | acc_exec=1.000 | trust=0.006
DECISION : PAUSE
MACHINE  : Machine-4
------------------------------------------------------------
[SEQ 566] [STATIC-BASELINE]
CMD      : G1 | effects={'dx': 0.0, 'dy': 0.0, 'dz': 0.0, 'de': 0.0, 'xy_dist': 0.0, 'params': {'G': 1.0, 'X': 0.1, 'Y': 0.1, 'E': 20.0, 'F': 600.0}}
DECISION : ALLOW
------------------------------------------------------------
[SEQ 566] [IEEE-BASELINE]
SCORE    : anomaly_score=0.000
DECISION : ALLOW
------------------------------------------------------------
[SEQ 567] [LAYER 5]
CMD      : G1 X0.1 Y0.1 E20 F600
TRUST    : acc_cmd=1.000 | acc_exec=1.000 | trust=0.004
DECISION : PAUSE
MACHINE  : Machine-4
------------------------------------------------------------
[SEQ 567] [STATIC-BASELINE]
CMD      : G1 | effects={'dx': 0.0, 'dy': 0.0, 'dz': 0.0, 'de': 0.0, 'xy_dist': 0.0, 'params': {'G': 1.0, 'X': 0.1, 'Y': 0.1, 'E': 20.0, 'F': 600.0}}
DECISION : ALLOW
------------------------------------------------------------
[SEQ 567] [IEEE-BASELINE]
SCORE    : anomaly_score=0.000
DECISION : ALLOW
------------------------------------------------------------
[SEQ 568] [LAYER 5]
CMD      : G1 X0.1 Y0.1 E20 F600
TRUST    : acc_cmd=1.000 | acc_exec=1.000 | trust=0.002
DECISION : PAUSE
MACHINE  : Machine-4
------------------------------------------------------------
[SEQ 568] [STATIC-BASELINE]
CMD      : G1 | effects={'dx': 0.0, 'dy': 0.0, 'dz': 0.0, 'de': 0.0, 'xy_dist': 0.0, 'params': {'G': 1.0, 'X': 0.1, 'Y': 0.1, 'E': 20.0, 'F': 600.0}}
DECISION : ALLOW
------------------------------------------------------------
[SEQ 568] [IEEE-BASELINE]
SCORE    : anomaly_score=0.000
DECISION : ALLOW
------------------------------------------------------------
[SEQ 569] [LAYER 5]
CMD      : G1 X0.1 Y0.1 E20 F600
TRUST    : acc_cmd=1.000 | acc_exec=1.000 | trust=0.001
DECISION : PAUSE
MACHINE  : Machine-4
------------------------------------------------------------
[SEQ 569] [STATIC-BASELINE]
CMD      : G1 | effects={'dx': 0.0, 'dy': 0.0, 'dz': 0.0, 'de': 0.0, 'xy_dist': 0.0, 'params': {'G': 1.0, 'X': 0.1, 'Y': 0.1, 'E': 20.0, 'F': 600.0}}
DECISION : ALLOW
------------------------------------------------------------
[SEQ 569] [IEEE-BASELINE]
SCORE    : anomaly_score=0.000
DECISION : ALLOW
------------------------------------------------------------
[SEQ 570] [LAYER 5]
CMD      : G1 X0.1 Y0.1 E20 F600
TRUST    : acc_cmd=1.000 | acc_exec=1.000 | trust=0.001
DECISION : PAUSE
MACHINE  : Machine-4
------------------------------------------------------------
[SEQ 570] [STATIC-BASELINE]
CMD      : G1 | effects={'dx': 0.0, 'dy': 0.0, 'dz': 0.0, 'de': 0.0, 'xy_dist': 0.0, 'params': {'G': 1.0, 'X': 0.1, 'Y': 0.1, 'E': 20.0, 'F': 600.0}}
DECISION : ALLOW
------------------------------------------------------------
[SEQ 570] [IEEE-BASELINE]
SCORE    : anomaly_score=0.000
DECISION : ALLOW
------------------------------------------------------------
[SEQ 571] [LAYER 5]
CMD      : G1 X0.1 Y0.1 E20 F600
TRUST    : acc_cmd=1.000 | acc_exec=1.000 | trust=0.001
DECISION : PAUSE
MACHINE  : Machine-4
------------------------------------------------------------
[SEQ 571] [STATIC-BASELINE]
CMD      : G1 | effects={'dx': 0.0, 'dy': 0.0, 'dz': 0.0, 'de': 0.0, 'xy_dist': 0.0, 'params': {'G': 1.0, 'X': 0.1, 'Y': 0.1, 'E': 20.0, 'F': 600.0}}
DECISION : ALLOW
------------------------------------------------------------
[SEQ 571] [IEEE-BASELINE]
SCORE    : anomaly_score=0.000
DECISION : ALLOW
------------------------------------------------------------
[SEQ 572] [LAYER 5]
CMD      : G1 X0.1 Y0.1 E20 F600
TRUST    : acc_cmd=1.000 | acc_exec=1.000 | trust=0.001
DECISION : PAUSE
MACHINE  : Machine-4
------------------------------------------------------------
[SEQ 572] [STATIC-BASELINE]
CMD      : G1 | effects={'dx': 0.0, 'dy': 0.0, 'dz': 0.0, 'de': 0.0, 'xy_dist': 0.0, 'params': {'G': 1.0, 'X': 0.1, 'Y': 0.1, 'E': 20.0, 'F': 600.0}}
DECISION : ALLOW
------------------------------------------------------------
[SEQ 572] [IEEE-BASELINE]
SCORE    : anomaly_score=0.000
DECISION : ALLOW
------------------------------------------------------------
[SEQ 573] [LAYER 5]
CMD      : ;TIME_ELAPSED:31.027969
TRUST    : acc_cmd=0.000 | acc_exec=0.000 | trust=0.007
DECISION : PAUSE
MACHINE  : Machine-4
------------------------------------------------------------
[SEQ 573] [STATIC-BASELINE]
CMD      : None | effects={}
DECISION : ALLOW
------------------------------------------------------------
[SEQ 573] [IEEE-BASELINE]
SCORE    : anomaly_score=0.000
DECISION : ALLOW
------------------------------------------------------------
[SEQ 574] [LAYER 6]
CMD      : G1 X0.1 Y0.1 E20 F600
TRUST    : acc_cmd=1.000 | acc_exec=1.000 | trust=0.005
DECISION : PAUSE
MACHINE  : Machine-4
------------------------------------------------------------
[SEQ 574] [STATIC-BASELINE]
CMD      : G1 | effects={'dx': 0.0, 'dy': 0.0, 'dz': 0.0, 'de': 0.0, 'xy_dist': 0.0, 'params': {'G': 1.0, 'X': 0.1, 'Y': 0.1, 'E': 20.0, 'F': 600.0}}
DECISION : ALLOW
------------------------------------------------------------
[SEQ 574] [IEEE-BASELINE]
SCORE    : anomaly_score=0.000
DECISION : ALLOW
------------------------------------------------------------
[SEQ 575] [LAYER 6]
CMD      : ;note -- min layer time used
TRUST    : acc_cmd=0.000 | acc_exec=0.000 | trust=0.022
DECISION : PAUSE
MACHINE  : Machine-4
------------------------------------------------------------
[SEQ 575] [STATIC-BASELINE]
CMD      : None | effects={}
DECISION : ALLOW
------------------------------------------------------------
[SEQ 575] [IEEE-BASELINE]
SCORE    : anomaly_score=0.000
DECISION : ALLOW
------------------------------------------------------------
[SEQ 576] [LAYER 6]
CMD      : G1 X0.1 Y0.1 E20 F600
TRUST    : acc_cmd=1.000 | acc_exec=1.000 | trust=0.013
DECISION : PAUSE
MACHINE  : Machine-4
------------------------------------------------------------
[SEQ 576] [STATIC-BASELINE]
CMD      : G1 | effects={'dx': 0.0, 'dy': 0.0, 'dz': 0.0, 'de': 0.0, 'xy_dist': 0.0, 'params': {'G': 1.0, 'X': 0.1, 'Y': 0.1, 'E': 20.0, 'F': 600.0}}
DECISION : ALLOW
------------------------------------------------------------
[SEQ 576] [IEEE-BASELINE]
SCORE    : anomaly_score=0.000
DECISION : ALLOW
------------------------------------------------------------
[SEQ 577] [LAYER 6]
CMD      : G1 X0.1 Y0.1 E20 F600
TRUST    : acc_cmd=1.000 | acc_exec=1.000 | trust=0.007
DECISION : PAUSE
MACHINE  : Machine-4
------------------------------------------------------------
[SEQ 577] [STATIC-BASELINE]
CMD      : G1 | effects={'dx': 0.0, 'dy': 0.0, 'dz': 0.0, 'de': 0.0, 'xy_dist': 0.0, 'params': {'G': 1.0, 'X': 0.1, 'Y': 0.1, 'E': 20.0, 'F': 600.0}}
DECISION : ALLOW
------------------------------------------------------------
[SEQ 577] [IEEE-BASELINE]
SCORE    : anomaly_score=0.000
DECISION : ALLOW
------------------------------------------------------------
[SEQ 578] [LAYER 6]
CMD      : G1 X0.1 Y0.1 E20 F600
TRUST    : acc_cmd=1.000 | acc_exec=1.000 | trust=0.003
DECISION : PAUSE
MACHINE  : Machine-4
------------------------------------------------------------
[SEQ 578] [STATIC-BASELINE]
CMD      : G1 | effects={'dx': 0.0, 'dy': 0.0, 'dz': 0.0, 'de': 0.0, 'xy_dist': 0.0, 'params': {'G': 1.0, 'X': 0.1, 'Y': 0.1, 'E': 20.0, 'F': 600.0}}
DECISION : ALLOW
------------------------------------------------------------
[SEQ 578] [IEEE-BASELINE]
SCORE    : anomaly_score=0.000
DECISION : ALLOW
------------------------------------------------------------
[SEQ 579] [LAYER 6]
CMD      : G1 X0.1 Y0.1 E20 F600
TRUST    : acc_cmd=1.000 | acc_exec=1.000 | trust=0.002
DECISION : PAUSE
MACHINE  : Machine-4
------------------------------------------------------------
[SEQ 579] [STATIC-BASELINE]
CMD      : G1 | effects={'dx': 0.0, 'dy': 0.0, 'dz': 0.0, 'de': 0.0, 'xy_dist': 0.0, 'params': {'G': 1.0, 'X': 0.1, 'Y': 0.1, 'E': 20.0, 'F': 600.0}}
DECISION : ALLOW
------------------------------------------------------------
[SEQ 579] [IEEE-BASELINE]
SCORE    : anomaly_score=0.000
DECISION : ALLOW
------------------------------------------------------------
[SEQ 580] [LAYER 6]
CMD      : G1 X164.241 Y118.891 E11.82858
TRUST    : acc_cmd=1.000 | acc_exec=0.257 | trust=0.001
DECISION : PAUSE
MACHINE  : Machine-4
------------------------------------------------------------
[SEQ 580] [STATIC-BASELINE]
CMD      : G1 | effects={'dx': 164.14100000000002, 'dy': 118.79100000000001, 'dz': 0.0, 'de': -8.17142, 'xy_dist': 202.61680473741563, 'params': {'G': 1.0, 'X': 164.241, 'Y': 118.891, 'E': 11.82858}}
DECISION : ALLOW
------------------------------------------------------------
[SEQ 580] [IEEE-BASELINE]
SCORE    : anomaly_score=0.000
DECISION : ALLOW
------------------------------------------------------------
[SEQ 581] [LAYER 6]
CMD      : G1 X0.1 Y0.1 E20 F600
TRUST    : acc_cmd=1.000 | acc_exec=0.000 | trust=0.001
DECISION : PAUSE
MACHINE  : Machine-4
------------------------------------------------------------
[SEQ 581] [STATIC-BASELINE]
CMD      : G1 | effects={'dx': -164.14100000000002, 'dy': -118.79100000000001, 'dz': 0.0, 'de': 8.17142, 'xy_dist': 202.61680473741563, 'params': {'G': 1.0, 'X': 0.1, 'Y': 0.1, 'E': 20.0, 'F': 600.0}}
DECISION : ALLOW
------------------------------------------------------------
[SEQ 581] [IEEE-BASELINE]
SCORE    : anomaly_score=0.000
DECISION : ALLOW
------------------------------------------------------------
[SEQ 582] [LAYER 6]
CMD      : G1 X0.1 Y0.1 E20 F600
TRUST    : acc_cmd=1.000 | acc_exec=0.000 | trust=0.001
DECISION : PAUSE
MACHINE  : Machine-4
------------------------------------------------------------
[SEQ 582] [STATIC-BASELINE]
CMD      : G1 | effects={'dx': 0.0, 'dy': 0.0, 'dz': 0.0, 'de': 0.0, 'xy_dist': 0.0, 'params': {'G': 1.0, 'X': 0.1, 'Y': 0.1, 'E': 20.0, 'F': 600.0}}
DECISION : ALLOW
------------------------------------------------------------
[SEQ 582] [IEEE-BASELINE]
SCORE    : anomaly_score=0.000
DECISION : ALLOW
------------------------------------------------------------
[SEQ 583] [LAYER 6]
CMD      : G0 F7200 X164.401 Y119.115
TRUST    : acc_cmd=1.000 | acc_exec=0.000 | trust=0.001
DECISION : PAUSE
MACHINE  : Machine-4
------------------------------------------------------------
[SEQ 583] [STATIC-BASELINE]
CMD      : G0 | effects={'dx': 164.30100000000002, 'dy': 119.015, 'dz': 0.0, 'de': 0.0, 'xy_dist': 202.87776819060292, 'params': {'G': 0.0, 'F': 7200.0, 'X': 164.401, 'Y': 119.115}}
DECISION : ALLOW
------------------------------------------------------------
[SEQ 583] [IEEE-BASELINE]
SCORE    : anomaly_score=0.000
DECISION : ALLOW
------------------------------------------------------------
[SEQ 584] [LAYER 6]
CMD      : G1 X0.1 Y0.1 E20 F600
TRUST    : acc_cmd=1.000 | acc_exec=0.000 | trust=0.001
DECISION : PAUSE
MACHINE  : Machine-4
------------------------------------------------------------
[SEQ 584] [STATIC-BASELINE]
CMD      : G1 | effects={'dx': -164.30100000000002, 'dy': -119.015, 'dz': 0.0, 'de': 0.0, 'xy_dist': 202.87776819060292, 'params': {'G': 1.0, 'X': 0.1, 'Y': 0.1, 'E': 20.0, 'F': 600.0}}
DECISION : ALLOW
------------------------------------------------------------
[SEQ 584] [IEEE-BASELINE]
SCORE    : anomaly_score=0.000
DECISION : ALLOW
------------------------------------------------------------
[SEQ 585] [LAYER 7]
CMD      : G1 X0.1 Y0.1 E20 F600
TRUST    : acc_cmd=0.000 | acc_exec=0.000 | trust=0.007
DECISION : PAUSE
MACHINE  : Machine-4
------------------------------------------------------------
[SEQ 585] [STATIC-BASELINE]
CMD      : G1 | effects={'dx': 0.0, 'dy': 0.0, 'dz': 0.0, 'de': 0.0, 'xy_dist': 0.0, 'params': {'G': 1.0, 'X': 0.1, 'Y': 0.1, 'E': 20.0, 'F': 600.0}}
DECISION : ALLOW
------------------------------------------------------------
[SEQ 585] [IEEE-BASELINE]
SCORE    : anomaly_score=0.000
DECISION : ALLOW
------------------------------------------------------------
[SEQ 586] [LAYER 7]
CMD      : G1 X0.1 Y0.1 E20 F600
TRUST    : acc_cmd=0.000 | acc_exec=0.000 | trust=0.044
DECISION : PAUSE
MACHINE  : Machine-4
------------------------------------------------------------
[SEQ 586] [STATIC-BASELINE]
CMD      : G1 | effects={'dx': 0.0, 'dy': 0.0, 'dz': 0.0, 'de': 0.0, 'xy_dist': 0.0, 'params': {'G': 1.0, 'X': 0.1, 'Y': 0.1, 'E': 20.0, 'F': 600.0}}
DECISION : ALLOW
------------------------------------------------------------
[SEQ 586] [IEEE-BASELINE]
SCORE    : anomaly_score=0.000
DECISION : ALLOW
------------------------------------------------------------
[SEQ 587] [LAYER 7]
CMD      : G1 X0.1 Y0.1 E20 F600
TRUST    : acc_cmd=0.000 | acc_exec=1.000 | trust=0.044
DECISION : PAUSE
MACHINE  : Machine-4
------------------------------------------------------------
[SEQ 587] [STATIC-BASELINE]
CMD      : G1 | effects={'dx': 0.0, 'dy': 0.0, 'dz': 0.0, 'de': 0.0, 'xy_dist': 0.0, 'params': {'G': 1.0, 'X': 0.1, 'Y': 0.1, 'E': 20.0, 'F': 600.0}}
DECISION : ALLOW
------------------------------------------------------------
[SEQ 587] [IEEE-BASELINE]
SCORE    : anomaly_score=0.000
DECISION : ALLOW
------------------------------------------------------------
[SEQ 588] [LAYER 7]
CMD      : G1 X0.1 Y0.1 E20 F600
TRUST    : acc_cmd=0.000 | acc_exec=1.000 | trust=0.022
DECISION : PAUSE
MACHINE  : Machine-4
------------------------------------------------------------
[SEQ 588] [STATIC-BASELINE]
CMD      : G1 | effects={'dx': 0.0, 'dy': 0.0, 'dz': 0.0, 'de': 0.0, 'xy_dist': 0.0, 'params': {'G': 1.0, 'X': 0.1, 'Y': 0.1, 'E': 20.0, 'F': 600.0}}
DECISION : ALLOW
------------------------------------------------------------
[SEQ 588] [IEEE-BASELINE]
SCORE    : anomaly_score=0.000
DECISION : ALLOW
------------------------------------------------------------
[SEQ 589] [LAYER 7]
CMD      : ;MESH:references\stl\flatplate.stl
TRUST    : acc_cmd=0.000 | acc_exec=0.000 | trust=0.041
DECISION : PAUSE
MACHINE  : Machine-4
------------------------------------------------------------
[SEQ 589] [STATIC-BASELINE]
CMD      : None | effects={}
DECISION : ALLOW
------------------------------------------------------------
[SEQ 589] [IEEE-BASELINE]
SCORE    : anomaly_score=0.000
DECISION : ALLOW
------------------------------------------------------------
[SEQ 590] [LAYER 7]
CMD      : G1 X0.1 Y0.1 E20 F600
TRUST    : acc_cmd=0.000 | acc_exec=1.000 | trust=0.021
DECISION : PAUSE
MACHINE  : Machine-4
------------------------------------------------------------
[SEQ 590] [STATIC-BASELINE]
CMD      : G1 | effects={'dx': 0.0, 'dy': 0.0, 'dz': 0.0, 'de': 0.0, 'xy_dist': 0.0, 'params': {'G': 1.0, 'X': 0.1, 'Y': 0.1, 'E': 20.0, 'F': 600.0}}
DECISION : ALLOW
------------------------------------------------------------
[SEQ 590] [IEEE-BASELINE]
SCORE    : anomaly_score=0.000
DECISION : ALLOW
------------------------------------------------------------
[SEQ 591] [LAYER 7]
CMD      : G1 X164.335 Y119.077 E11.83029
TRUST    : acc_cmd=0.000 | acc_exec=0.257 | trust=0.025
DECISION : PAUSE
MACHINE  : Machine-4
------------------------------------------------------------
[SEQ 591] [STATIC-BASELINE]
CMD      : G1 | effects={'dx': 164.235, 'dy': 118.977, 'dz': 0.0, 'de': -8.16971, 'xy_dist': 202.80202601058997, 'params': {'G': 1.0, 'X': 164.335, 'Y': 119.077, 'E': 11.83029}}
DECISION : ALLOW
------------------------------------------------------------
[SEQ 591] [IEEE-BASELINE]
SCORE    : anomaly_score=0.000
DECISION : ALLOW
------------------------------------------------------------
[SEQ 592] [LAYER 7]
CMD      : G1 X0.1 Y0.1 E20 F600
TRUST    : acc_cmd=0.000 | acc_exec=0.000 | trust=0.078
DECISION : PAUSE
MACHINE  : Machine-4
------------------------------------------------------------
[SEQ 592] [STATIC-BASELINE]
CMD      : G1 | effects={'dx': -164.235, 'dy': -118.977, 'dz': 0.0, 'de': 8.16971, 'xy_dist': 202.80202601058997, 'params': {'G': 1.0, 'X': 0.1, 'Y': 0.1, 'E': 20.0, 'F': 600.0}}
DECISION : ALLOW
------------------------------------------------------------
[SEQ 592] [IEEE-BASELINE]
SCORE    : anomaly_score=0.000
DECISION : ALLOW
------------------------------------------------------------
[SEQ 593] [LAYER 7]
CMD      : G1 X0.1 Y0.1 E20 F600
TRUST    : acc_cmd=0.000 | acc_exec=0.000 | trust=0.194
DECISION : PAUSE
MACHINE  : Machine-4
------------------------------------------------------------
[SEQ 593] [STATIC-BASELINE]
CMD      : G1 | effects={'dx': 0.0, 'dy': 0.0, 'dz': 0.0, 'de': 0.0, 'xy_dist': 0.0, 'params': {'G': 1.0, 'X': 0.1, 'Y': 0.1, 'E': 20.0, 'F': 600.0}}
DECISION : ALLOW
------------------------------------------------------------
[SEQ 593] [IEEE-BASELINE]
SCORE    : anomaly_score=0.000
DECISION : ALLOW
------------------------------------------------------------
[SEQ 594] [LAYER 7]
CMD      : G1 X0.1 Y0.1 E20 F600
TRUST    : acc_cmd=0.000 | acc_exec=0.000 | trust=0.352
DECISION : PAUSE
MACHINE  : Machine-4
------------------------------------------------------------
[SEQ 594] [STATIC-BASELINE]
CMD      : G1 | effects={'dx': 0.0, 'dy': 0.0, 'dz': 0.0, 'de': 0.0, 'xy_dist': 0.0, 'params': {'G': 1.0, 'X': 0.1, 'Y': 0.1, 'E': 20.0, 'F': 600.0}}
DECISION : ALLOW
------------------------------------------------------------
[SEQ 594] [IEEE-BASELINE]
SCORE    : anomaly_score=0.000
DECISION : ALLOW
------------------------------------------------------------
[SEQ 595] [LAYER 7]
CMD      : G1 X0.1 Y0.1 E20 F600
TRUST    : acc_cmd=0.000 | acc_exec=1.000 | trust=0.159
DECISION : PAUSE
MACHINE  : Machine-4
------------------------------------------------------------
[SEQ 595] [STATIC-BASELINE]
CMD      : G1 | effects={'dx': 0.0, 'dy': 0.0, 'dz': 0.0, 'de': 0.0, 'xy_dist': 0.0, 'params': {'G': 1.0, 'X': 0.1, 'Y': 0.1, 'E': 20.0, 'F': 600.0}}
DECISION : ALLOW
------------------------------------------------------------
[SEQ 595] [IEEE-BASELINE]
SCORE    : anomaly_score=0.000
DECISION : ALLOW
------------------------------------------------------------
[SEQ 596] [LAYER 7]
CMD      : G1 X0.1 Y0.1 E20 F600
TRUST    : acc_cmd=0.000 | acc_exec=1.000 | trust=0.067
DECISION : PAUSE
MACHINE  : Machine-4
------------------------------------------------------------
[SEQ 596] [STATIC-BASELINE]
CMD      : G1 | effects={'dx': 0.0, 'dy': 0.0, 'dz': 0.0, 'de': 0.0, 'xy_dist': 0.0, 'params': {'G': 1.0, 'X': 0.1, 'Y': 0.1, 'E': 20.0, 'F': 600.0}}
DECISION : ALLOW
------------------------------------------------------------
[SEQ 596] [IEEE-BASELINE]
SCORE    : anomaly_score=0.000
DECISION : ALLOW
------------------------------------------------------------
[SEQ 597] [LAYER 7]
CMD      : G1 X0.1 Y0.1 E20 F600
TRUST    : acc_cmd=0.000 | acc_exec=1.000 | trust=0.028
DECISION : PAUSE
MACHINE  : Machine-4
------------------------------------------------------------
[SEQ 597] [STATIC-BASELINE]
CMD      : G1 | effects={'dx': 0.0, 'dy': 0.0, 'dz': 0.0, 'de': 0.0, 'xy_dist': 0.0, 'params': {'G': 1.0, 'X': 0.1, 'Y': 0.1, 'E': 20.0, 'F': 600.0}}
DECISION : ALLOW
------------------------------------------------------------
[SEQ 597] [IEEE-BASELINE]
SCORE    : anomaly_score=0.000
DECISION : ALLOW
------------------------------------------------------------
[SEQ 598] [LAYER 7]
CMD      : ;TIME_ELAPSED:33.197905
TRUST    : acc_cmd=0.000 | acc_exec=0.000 | trust=0.027
DECISION : PAUSE
MACHINE  : Machine-4
------------------------------------------------------------
[SEQ 598] [STATIC-BASELINE]
CMD      : None | effects={}
DECISION : ALLOW
------------------------------------------------------------
[SEQ 598] [IEEE-BASELINE]
SCORE    : anomaly_score=0.000
DECISION : ALLOW
------------------------------------------------------------
[SEQ 599] [LAYER 8]
CMD      : G1 X0.1 Y0.1 E20 F600
TRUST    : acc_cmd=0.000 | acc_exec=1.000 | trust=0.014
DECISION : PAUSE
MACHINE  : Machine-4
------------------------------------------------------------
[SEQ 599] [STATIC-BASELINE]
CMD      : G1 | effects={'dx': 0.0, 'dy': 0.0, 'dz': 0.0, 'de': 0.0, 'xy_dist': 0.0, 'params': {'G': 1.0, 'X': 0.1, 'Y': 0.1, 'E': 20.0, 'F': 600.0}}
DECISION : ALLOW
------------------------------------------------------------
[SEQ 599] [IEEE-BASELINE]
SCORE    : anomaly_score=0.000
DECISION : ALLOW
------------------------------------------------------------
[SEQ 600] [LAYER 8]
CMD      : G1 X0.1 Y0.1 E20 F600
TRUST    : acc_cmd=0.000 | acc_exec=1.000 | trust=0.007
DECISION : PAUSE
MACHINE  : Machine-4
------------------------------------------------------------
[SEQ 600] [STATIC-BASELINE]
CMD      : G1 | effects={'dx': 0.0, 'dy': 0.0, 'dz': 0.0, 'de': 0.0, 'xy_dist': 0.0, 'params': {'G': 1.0, 'X': 0.1, 'Y': 0.1, 'E': 20.0, 'F': 600.0}}
DECISION : ALLOW
------------------------------------------------------------
[SEQ 600] [IEEE-BASELINE]
SCORE    : anomaly_score=0.000
DECISION : ALLOW
------------------------------------------------------------
[SEQ 601] [LAYER 8]
CMD      : G1 X0.1 Y0.1 E20 F600
TRUST    : acc_cmd=0.000 | acc_exec=1.000 | trust=0.004
DECISION : PAUSE
MACHINE  : Machine-4
------------------------------------------------------------
[SEQ 601] [STATIC-BASELINE]
CMD      : G1 | effects={'dx': 0.0, 'dy': 0.0, 'dz': 0.0, 'de': 0.0, 'xy_dist': 0.0, 'params': {'G': 1.0, 'X': 0.1, 'Y': 0.1, 'E': 20.0, 'F': 600.0}}
DECISION : ALLOW
------------------------------------------------------------
[SEQ 601] [IEEE-BASELINE]
SCORE    : anomaly_score=0.000
DECISION : ALLOW
------------------------------------------------------------
[SEQ 602] [LAYER 8]
CMD      : G1 X0.1 Y0.1 E20 F600
TRUST    : acc_cmd=0.000 | acc_exec=1.000 | trust=0.002
DECISION : PAUSE
MACHINE  : Machine-4
------------------------------------------------------------
[SEQ 602] [STATIC-BASELINE]
CMD      : G1 | effects={'dx': 0.0, 'dy': 0.0, 'dz': 0.0, 'de': 0.0, 'xy_dist': 0.0, 'params': {'G': 1.0, 'X': 0.1, 'Y': 0.1, 'E': 20.0, 'F': 600.0}}
DECISION : ALLOW
------------------------------------------------------------
[SEQ 602] [IEEE-BASELINE]
SCORE    : anomaly_score=0.000
DECISION : ALLOW
------------------------------------------------------------
[SEQ 603] [LAYER 8]
CMD      : G1 X0.1 Y0.1 E20 F600
TRUST    : acc_cmd=0.000 | acc_exec=1.000 | trust=0.001
DECISION : PAUSE
MACHINE  : Machine-4
------------------------------------------------------------
[SEQ 603] [STATIC-BASELINE]
CMD      : G1 | effects={'dx': 0.0, 'dy': 0.0, 'dz': 0.0, 'de': 0.0, 'xy_dist': 0.0, 'params': {'G': 1.0, 'X': 0.1, 'Y': 0.1, 'E': 20.0, 'F': 600.0}}
DECISION : ALLOW
------------------------------------------------------------
[SEQ 603] [IEEE-BASELINE]
SCORE    : anomaly_score=0.000
DECISION : ALLOW
------------------------------------------------------------
[SEQ 604] [LAYER 8]
CMD      : G1 X0.1 Y0.1 E20 F600
TRUST    : acc_cmd=0.000 | acc_exec=1.000 | trust=0.001
DECISION : PAUSE
MACHINE  : Machine-4
------------------------------------------------------------
[SEQ 604] [STATIC-BASELINE]
CMD      : G1 | effects={'dx': 0.0, 'dy': 0.0, 'dz': 0.0, 'de': 0.0, 'xy_dist': 0.0, 'params': {'G': 1.0, 'X': 0.1, 'Y': 0.1, 'E': 20.0, 'F': 600.0}}
DECISION : ALLOW
------------------------------------------------------------
[SEQ 604] [IEEE-BASELINE]
SCORE    : anomaly_score=0.000
DECISION : ALLOW
------------------------------------------------------------
[SEQ 605] [LAYER 8]
CMD      : G1 X0.1 Y0.1 E20 F600
TRUST    : acc_cmd=0.000 | acc_exec=1.000 | trust=0.001
DECISION : PAUSE
MACHINE  : Machine-4
------------------------------------------------------------
[SEQ 605] [STATIC-BASELINE]
CMD      : G1 | effects={'dx': 0.0, 'dy': 0.0, 'dz': 0.0, 'de': 0.0, 'xy_dist': 0.0, 'params': {'G': 1.0, 'X': 0.1, 'Y': 0.1, 'E': 20.0, 'F': 600.0}}
DECISION : ALLOW
------------------------------------------------------------
[SEQ 605] [IEEE-BASELINE]
SCORE    : anomaly_score=0.000
DECISION : ALLOW
------------------------------------------------------------
[SEQ 606] [LAYER 8]
CMD      : G1 X0.1 Y0.1 E20 F600
TRUST    : acc_cmd=0.000 | acc_exec=1.000 | trust=0.001
DECISION : PAUSE
MACHINE  : Machine-4
------------------------------------------------------------
[SEQ 606] [STATIC-BASELINE]
CMD      : G1 | effects={'dx': 0.0, 'dy': 0.0, 'dz': 0.0, 'de': 0.0, 'xy_dist': 0.0, 'params': {'G': 1.0, 'X': 0.1, 'Y': 0.1, 'E': 20.0, 'F': 600.0}}
DECISION : ALLOW
------------------------------------------------------------
[SEQ 606] [IEEE-BASELINE]
SCORE    : anomaly_score=0.000
DECISION : ALLOW
------------------------------------------------------------
[SEQ 607] [LAYER 8]
CMD      : G1 X0.1 Y0.1 E20 F600
TRUST    : acc_cmd=0.000 | acc_exec=1.000 | trust=0.001
DECISION : PAUSE
MACHINE  : Machine-4
------------------------------------------------------------
[SEQ 607] [STATIC-BASELINE]
CMD      : G1 | effects={'dx': 0.0, 'dy': 0.0, 'dz': 0.0, 'de': 0.0, 'xy_dist': 0.0, 'params': {'G': 1.0, 'X': 0.1, 'Y': 0.1, 'E': 20.0, 'F': 600.0}}
DECISION : ALLOW
------------------------------------------------------------
[SEQ 607] [IEEE-BASELINE]
SCORE    : anomaly_score=0.000
DECISION : ALLOW
------------------------------------------------------------

============================================================
DT-4 FINISHED
FINAL TRUST: 0.001
END TIME  : 2026-04-29 21:28:22.545719
============================================================
