============================================================
DT-2 SIMULATION LOG
START TIME: 2026-04-16 21:19:28.815375
============================================================

[SEQ 0] [LAYER INIT]
CMD      : ;START_OF_HEADER
TRUST    : acc_cmd=0.000 | acc_exec=0.000 | trust=0.900
DECISION : ALLOW
MACHINE  : Machine-2
------------------------------------------------------------
[SEQ 0] [STATIC-BASELINE]
CMD      : None | effects={}
DECISION : ALLOW
------------------------------------------------------------
[SEQ 0] [IEEE-BASELINE]
SCORE    : anomaly_score=0.000
DECISION : ALLOW
------------------------------------------------------------
[SEQ 1] [LAYER INIT]
CMD      : G92 E1000
TRUST    : acc_cmd=0.000 | acc_exec=1.000 | trust=0.390
DECISION : PAUSE
MACHINE  : Machine-2
------------------------------------------------------------
[SEQ 1] [STATIC-BASELINE]
CMD      : G92 | effects={'reset': {'G': 92.0, 'E': 1000.0}}
DECISION : BLOCK
------------------------------------------------------------
[SEQ 1] [IEEE-BASELINE]
SCORE    : anomaly_score=0.000
DECISION : ALLOW
------------------------------------------------------------
[SEQ 2] [LAYER INIT]
CMD      : M92 E2000
TRUST    : acc_cmd=0.000 | acc_exec=1.000 | trust=0.161
DECISION : PAUSE
MACHINE  : Machine-2
------------------------------------------------------------
[SEQ 2] [STATIC-BASELINE]
CMD      : M92 | effects={'M': 92.0, 'E': 2000.0}
DECISION : BLOCK
------------------------------------------------------------
[SEQ 2] [IEEE-BASELINE]
SCORE    : anomaly_score=0.000
DECISION : ALLOW
------------------------------------------------------------
[SEQ 3] [LAYER INIT]
CMD      : M221 S200
TRUST    : acc_cmd=0.000 | acc_exec=1.000 | trust=0.066
DECISION : PAUSE
MACHINE  : Machine-2
------------------------------------------------------------
[SEQ 3] [STATIC-BASELINE]
CMD      : M221 | effects={'M': 221.0, 'S': 200.0}
DECISION : BLOCK
------------------------------------------------------------
[SEQ 3] [IEEE-BASELINE]
SCORE    : anomaly_score=0.000
DECISION : ALLOW
------------------------------------------------------------
[SEQ 4] [LAYER INIT]
CMD      : G92 E1000
TRUST    : acc_cmd=0.000 | acc_exec=1.000 | trust=0.027
DECISION : PAUSE
MACHINE  : Machine-2
------------------------------------------------------------
[SEQ 4] [STATIC-BASELINE]
CMD      : G92 | effects={'reset': {'G': 92.0, 'E': 1000.0}}
DECISION : BLOCK
------------------------------------------------------------
[SEQ 4] [IEEE-BASELINE]
SCORE    : anomaly_score=0.000
DECISION : ALLOW
------------------------------------------------------------
[SEQ 5] [LAYER INIT]
CMD      : ;GENERATOR.BUILD_DATE:2025-10-23
TRUST    : acc_cmd=0.000 | acc_exec=0.000 | trust=0.023
DECISION : PAUSE
MACHINE  : Machine-2
------------------------------------------------------------
[SEQ 5] [STATIC-BASELINE]
CMD      : None | effects={}
DECISION : ALLOW
------------------------------------------------------------
[SEQ 5] [IEEE-BASELINE]
SCORE    : anomaly_score=0.000
DECISION : ALLOW
------------------------------------------------------------
[SEQ 6] [LAYER INIT]
CMD      : M221 S200
TRUST    : acc_cmd=0.000 | acc_exec=1.000 | trust=0.012
DECISION : PAUSE
MACHINE  : Machine-2
------------------------------------------------------------
[SEQ 6] [STATIC-BASELINE]
CMD      : M221 | effects={'M': 221.0, 'S': 200.0}
DECISION : BLOCK
------------------------------------------------------------
[SEQ 6] [IEEE-BASELINE]
SCORE    : anomaly_score=0.000
DECISION : ALLOW
------------------------------------------------------------
[SEQ 7] [LAYER INIT]
CMD      : M92 E2000
TRUST    : acc_cmd=0.000 | acc_exec=1.000 | trust=0.006
DECISION : PAUSE
MACHINE  : Machine-2
------------------------------------------------------------
[SEQ 7] [STATIC-BASELINE]
CMD      : M92 | effects={'M': 92.0, 'E': 2000.0}
DECISION : BLOCK
------------------------------------------------------------
[SEQ 7] [IEEE-BASELINE]
SCORE    : anomaly_score=0.000
DECISION : ALLOW
------------------------------------------------------------
[SEQ 8] [LAYER INIT]
CMD      : M92 E2000
TRUST    : acc_cmd=0.000 | acc_exec=1.000 | trust=0.003
DECISION : PAUSE
MACHINE  : Machine-2
------------------------------------------------------------
[SEQ 8] [STATIC-BASELINE]
CMD      : M92 | effects={'M': 92.0, 'E': 2000.0}
DECISION : BLOCK
------------------------------------------------------------
[SEQ 8] [IEEE-BASELINE]
SCORE    : anomaly_score=0.000
DECISION : ALLOW
------------------------------------------------------------
[SEQ 9] [LAYER INIT]
CMD      : M221 S200
TRUST    : acc_cmd=0.000 | acc_exec=1.000 | trust=0.002
DECISION : PAUSE
MACHINE  : Machine-2
------------------------------------------------------------
[SEQ 9] [STATIC-BASELINE]
CMD      : M221 | effects={'M': 221.0, 'S': 200.0}
DECISION : BLOCK
------------------------------------------------------------
[SEQ 9] [IEEE-BASELINE]
SCORE    : anomaly_score=0.000
DECISION : ALLOW
------------------------------------------------------------
[SEQ 10] [LAYER INIT]
CMD      : M221 S200
TRUST    : acc_cmd=0.000 | acc_exec=1.000 | trust=0.001
DECISION : PAUSE
MACHINE  : Machine-2
------------------------------------------------------------
[SEQ 10] [STATIC-BASELINE]
CMD      : M221 | effects={'M': 221.0, 'S': 200.0}
DECISION : BLOCK
------------------------------------------------------------
[SEQ 10] [IEEE-BASELINE]
SCORE    : anomaly_score=0.000
DECISION : ALLOW
------------------------------------------------------------
[SEQ 11] [LAYER INIT]
CMD      : ;BUILD_VOLUME.TEMPERATURE:0
TRUST    : acc_cmd=0.000 | acc_exec=0.000 | trust=0.008
DECISION : PAUSE
MACHINE  : Machine-2
------------------------------------------------------------
[SEQ 11] [STATIC-BASELINE]
CMD      : None | effects={}
DECISION : ALLOW
------------------------------------------------------------
[SEQ 11] [IEEE-BASELINE]
SCORE    : anomaly_score=0.000
DECISION : ALLOW
------------------------------------------------------------
[SEQ 12] [LAYER INIT]
CMD      : M92 E2000
TRUST    : acc_cmd=0.000 | acc_exec=1.000 | trust=0.006
DECISION : PAUSE
MACHINE  : Machine-2
------------------------------------------------------------
[SEQ 12] [STATIC-BASELINE]
CMD      : M92 | effects={'M': 92.0, 'E': 2000.0}
DECISION : BLOCK
------------------------------------------------------------
[SEQ 12] [IEEE-BASELINE]
SCORE    : anomaly_score=0.000
DECISION : ALLOW
------------------------------------------------------------
[SEQ 13] [LAYER INIT]
CMD      : M221 S200
TRUST    : acc_cmd=0.000 | acc_exec=1.000 | trust=0.003
DECISION : PAUSE
MACHINE  : Machine-2
------------------------------------------------------------
[SEQ 13] [STATIC-BASELINE]
CMD      : M221 | effects={'M': 221.0, 'S': 200.0}
DECISION : BLOCK
------------------------------------------------------------
[SEQ 13] [IEEE-BASELINE]
SCORE    : anomaly_score=0.000
DECISION : ALLOW
------------------------------------------------------------
[SEQ 14] [LAYER INIT]
CMD      : ;PRINT.SIZE.MIN.Y:0
TRUST    : acc_cmd=0.000 | acc_exec=0.000 | trust=0.015
DECISION : PAUSE
MACHINE  : Machine-2
------------------------------------------------------------
[SEQ 14] [STATIC-BASELINE]
CMD      : None | effects={}
DECISION : ALLOW
------------------------------------------------------------
[SEQ 14] [IEEE-BASELINE]
SCORE    : anomaly_score=0.000
DECISION : ALLOW
------------------------------------------------------------
[SEQ 15] [LAYER INIT]
CMD      : M221 S200
TRUST    : acc_cmd=0.000 | acc_exec=1.000 | trust=0.009
DECISION : PAUSE
MACHINE  : Machine-2
------------------------------------------------------------
[SEQ 15] [STATIC-BASELINE]
CMD      : M221 | effects={'M': 221.0, 'S': 200.0}
DECISION : BLOCK
------------------------------------------------------------
[SEQ 15] [IEEE-BASELINE]
SCORE    : anomaly_score=0.000
DECISION : ALLOW
------------------------------------------------------------
[SEQ 16] [LAYER INIT]
CMD      : M92 E2000
TRUST    : acc_cmd=0.000 | acc_exec=1.000 | trust=0.005
DECISION : PAUSE
MACHINE  : Machine-2
------------------------------------------------------------
[SEQ 16] [STATIC-BASELINE]
CMD      : M92 | effects={'M': 92.0, 'E': 2000.0}
DECISION : BLOCK
------------------------------------------------------------
[SEQ 16] [IEEE-BASELINE]
SCORE    : anomaly_score=0.000
DECISION : ALLOW
------------------------------------------------------------
[SEQ 17] [LAYER INIT]
CMD      : M221 S200
TRUST    : acc_cmd=0.000 | acc_exec=1.000 | trust=0.003
DECISION : PAUSE
MACHINE  : Machine-2
------------------------------------------------------------
[SEQ 17] [STATIC-BASELINE]
CMD      : M221 | effects={'M': 221.0, 'S': 200.0}
DECISION : BLOCK
------------------------------------------------------------
[SEQ 17] [IEEE-BASELINE]
SCORE    : anomaly_score=0.000
DECISION : ALLOW
------------------------------------------------------------
[SEQ 18] [LAYER INIT]
CMD      : M221 S200
TRUST    : acc_cmd=0.000 | acc_exec=1.000 | trust=0.002
DECISION : PAUSE
MACHINE  : Machine-2
------------------------------------------------------------
[SEQ 18] [STATIC-BASELINE]
CMD      : M221 | effects={'M': 221.0, 'S': 200.0}
DECISION : BLOCK
------------------------------------------------------------
[SEQ 18] [IEEE-BASELINE]
SCORE    : anomaly_score=0.000
DECISION : ALLOW
------------------------------------------------------------
[SEQ 19] [LAYER INIT]
CMD      : G92 E1000
TRUST    : acc_cmd=0.000 | acc_exec=1.000 | trust=0.001
DECISION : PAUSE
MACHINE  : Machine-2
------------------------------------------------------------
[SEQ 19] [STATIC-BASELINE]
CMD      : G92 | effects={'reset': {'G': 92.0, 'E': 1000.0}}
DECISION : BLOCK
------------------------------------------------------------
[SEQ 19] [IEEE-BASELINE]
SCORE    : anomaly_score=0.000
DECISION : ALLOW
------------------------------------------------------------
[SEQ 20] [LAYER INIT]
CMD      : M92 E2000
TRUST    : acc_cmd=0.000 | acc_exec=1.000 | trust=0.001
DECISION : PAUSE
MACHINE  : Machine-2
------------------------------------------------------------
[SEQ 20] [STATIC-BASELINE]
CMD      : M92 | effects={'M': 92.0, 'E': 2000.0}
DECISION : BLOCK
------------------------------------------------------------
[SEQ 20] [IEEE-BASELINE]
SCORE    : anomaly_score=0.000
DECISION : ALLOW
------------------------------------------------------------
[SEQ 21] [LAYER INIT]
CMD      : M221 S200
TRUST    : acc_cmd=0.000 | acc_exec=1.000 | trust=0.001
DECISION : PAUSE
MACHINE  : Machine-2
------------------------------------------------------------
[SEQ 21] [STATIC-BASELINE]
CMD      : M221 | effects={'M': 221.0, 'S': 200.0}
DECISION : BLOCK
------------------------------------------------------------
[SEQ 21] [IEEE-BASELINE]
SCORE    : anomaly_score=0.000
DECISION : ALLOW
------------------------------------------------------------
[SEQ 22] [LAYER INIT]
CMD      : M221 S200
TRUST    : acc_cmd=0.000 | acc_exec=1.000 | trust=0.001
DECISION : PAUSE
MACHINE  : Machine-2
------------------------------------------------------------
[SEQ 22] [STATIC-BASELINE]
CMD      : M221 | effects={'M': 221.0, 'S': 200.0}
DECISION : BLOCK
------------------------------------------------------------
[SEQ 22] [IEEE-BASELINE]
SCORE    : anomaly_score=0.000
DECISION : ALLOW
------------------------------------------------------------
[SEQ 23] [LAYER INIT]
CMD      : G92 E1000
TRUST    : acc_cmd=0.000 | acc_exec=1.000 | trust=0.001
DECISION : PAUSE
MACHINE  : Machine-2
------------------------------------------------------------
[SEQ 23] [STATIC-BASELINE]
CMD      : G92 | effects={'reset': {'G': 92.0, 'E': 1000.0}}
DECISION : BLOCK
------------------------------------------------------------
[SEQ 23] [IEEE-BASELINE]
SCORE    : anomaly_score=0.000
DECISION : ALLOW
------------------------------------------------------------
[SEQ 24] [LAYER INIT]
CMD      : G92 E1000
TRUST    : acc_cmd=0.000 | acc_exec=1.000 | trust=0.001
DECISION : PAUSE
MACHINE  : Machine-2
------------------------------------------------------------
[SEQ 24] [STATIC-BASELINE]
CMD      : G92 | effects={'reset': {'G': 92.0, 'E': 1000.0}}
DECISION : BLOCK
------------------------------------------------------------
[SEQ 24] [IEEE-BASELINE]
SCORE    : anomaly_score=0.000
DECISION : ALLOW
------------------------------------------------------------
[SEQ 25] [LAYER INIT]
CMD      : G92 E1000
TRUST    : acc_cmd=0.000 | acc_exec=1.000 | trust=0.001
DECISION : PAUSE
MACHINE  : Machine-2
------------------------------------------------------------
[SEQ 25] [STATIC-BASELINE]
CMD      : G92 | effects={'reset': {'G': 92.0, 'E': 1000.0}}
DECISION : BLOCK
------------------------------------------------------------
[SEQ 25] [IEEE-BASELINE]
SCORE    : anomaly_score=0.000
DECISION : ALLOW
------------------------------------------------------------
[SEQ 26] [LAYER INIT]
CMD      : G92 E1000
TRUST    : acc_cmd=0.000 | acc_exec=1.000 | trust=0.001
DECISION : PAUSE
MACHINE  : Machine-2
------------------------------------------------------------
[SEQ 26] [STATIC-BASELINE]
CMD      : G92 | effects={'reset': {'G': 92.0, 'E': 1000.0}}
DECISION : BLOCK
------------------------------------------------------------
[SEQ 26] [IEEE-BASELINE]
SCORE    : anomaly_score=0.000
DECISION : ALLOW
------------------------------------------------------------
[SEQ 27] [LAYER INIT]
CMD      : M221 S200
TRUST    : acc_cmd=0.000 | acc_exec=1.000 | trust=0.001
DECISION : PAUSE
MACHINE  : Machine-2
------------------------------------------------------------
[SEQ 27] [STATIC-BASELINE]
CMD      : M221 | effects={'M': 221.0, 'S': 200.0}
DECISION : BLOCK
------------------------------------------------------------
[SEQ 27] [IEEE-BASELINE]
SCORE    : anomaly_score=0.000
DECISION : ALLOW
------------------------------------------------------------
[SEQ 28] [LAYER INIT]
CMD      : G92 E1000
TRUST    : acc_cmd=0.000 | acc_exec=1.000 | trust=0.001
DECISION : PAUSE
MACHINE  : Machine-2
------------------------------------------------------------
[SEQ 28] [STATIC-BASELINE]
CMD      : G92 | effects={'reset': {'G': 92.0, 'E': 1000.0}}
DECISION : BLOCK
------------------------------------------------------------
[SEQ 28] [IEEE-BASELINE]
SCORE    : anomaly_score=0.000
DECISION : ALLOW
------------------------------------------------------------
[SEQ 29] [LAYER INIT]
CMD      : G92 E1000
TRUST    : acc_cmd=0.000 | acc_exec=1.000 | trust=0.001
DECISION : PAUSE
MACHINE  : Machine-2
------------------------------------------------------------
[SEQ 29] [STATIC-BASELINE]
CMD      : G92 | effects={'reset': {'G': 92.0, 'E': 1000.0}}
DECISION : BLOCK
------------------------------------------------------------
[SEQ 29] [IEEE-BASELINE]
SCORE    : anomaly_score=0.000
DECISION : ALLOW
------------------------------------------------------------
[SEQ 30] [LAYER INIT]
CMD      : M221 S200
TRUST    : acc_cmd=0.000 | acc_exec=1.000 | trust=0.001
DECISION : PAUSE
MACHINE  : Machine-2
------------------------------------------------------------
[SEQ 30] [STATIC-BASELINE]
CMD      : M221 | effects={'M': 221.0, 'S': 200.0}
DECISION : BLOCK
------------------------------------------------------------
[SEQ 30] [IEEE-BASELINE]
SCORE    : anomaly_score=0.000
DECISION : ALLOW
------------------------------------------------------------
[SEQ 31] [LAYER INIT]
CMD      : G0 Z20.001
TRUST    : acc_cmd=0.000 | acc_exec=0.000 | trust=0.007
DECISION : PAUSE
MACHINE  : Machine-2
------------------------------------------------------------
[SEQ 31] [STATIC-BASELINE]
CMD      : G0 | effects={'dx': 0.0, 'dy': 0.0, 'dz': 20.001, 'de': 0.0, 'xy_dist': 0.0, 'params': {'G': 0.0, 'Z': 20.001}}
DECISION : ALLOW
------------------------------------------------------------
[SEQ 31] [IEEE-BASELINE]
SCORE    : anomaly_score=0.000
DECISION : ALLOW
------------------------------------------------------------
[SEQ 32] [LAYER INIT]
CMD      : G92 E1000
TRUST    : acc_cmd=0.000 | acc_exec=1.000 | trust=0.005
DECISION : PAUSE
MACHINE  : Machine-2
------------------------------------------------------------
[SEQ 32] [STATIC-BASELINE]
CMD      : G92 | effects={'reset': {'G': 92.0, 'E': 1000.0}}
DECISION : BLOCK
------------------------------------------------------------
[SEQ 32] [IEEE-BASELINE]
SCORE    : anomaly_score=0.000
DECISION : ALLOW
------------------------------------------------------------
[SEQ 33] [LAYER INIT]
CMD      : G92 E1000
TRUST    : acc_cmd=0.000 | acc_exec=1.000 | trust=0.003
DECISION : PAUSE
MACHINE  : Machine-2
------------------------------------------------------------
[SEQ 33] [STATIC-BASELINE]
CMD      : G92 | effects={'reset': {'G': 92.0, 'E': 1000.0}}
DECISION : BLOCK
------------------------------------------------------------
[SEQ 33] [IEEE-BASELINE]
SCORE    : anomaly_score=0.000
DECISION : ALLOW
------------------------------------------------------------
[SEQ 34] [LAYER 0]
CMD      : M92 E2000
TRUST    : acc_cmd=1.000 | acc_exec=1.000 | trust=0.002
DECISION : PAUSE
MACHINE  : Machine-2
------------------------------------------------------------
[SEQ 34] [STATIC-BASELINE]
CMD      : M92 | effects={'M': 92.0, 'E': 2000.0}
DECISION : BLOCK
------------------------------------------------------------
[SEQ 34] [IEEE-BASELINE]
SCORE    : anomaly_score=0.000
DECISION : ALLOW
------------------------------------------------------------
[SEQ 35] [LAYER 0]
CMD      : M92 E2000
TRUST    : acc_cmd=1.000 | acc_exec=1.000 | trust=0.001
DECISION : PAUSE
MACHINE  : Machine-2
------------------------------------------------------------
[SEQ 35] [STATIC-BASELINE]
CMD      : M92 | effects={'M': 92.0, 'E': 2000.0}
DECISION : BLOCK
------------------------------------------------------------
[SEQ 35] [IEEE-BASELINE]
SCORE    : anomaly_score=0.000
DECISION : ALLOW
------------------------------------------------------------
[SEQ 36] [LAYER 0]
CMD      : M104 S0
TRUST    : acc_cmd=0.000 | acc_exec=0.000 | trust=0.009
DECISION : PAUSE
MACHINE  : Machine-2
------------------------------------------------------------
[SEQ 36] [STATIC-BASELINE]
CMD      : M104 | effects={'M': 104.0, 'S': 0.0, 'prev_temp': None}
DECISION : ALLOW
------------------------------------------------------------
[SEQ 36] [IEEE-BASELINE]
SCORE    : anomaly_score=0.000
DECISION : ALLOW
------------------------------------------------------------
[SEQ 37] [LAYER 0]
CMD      : M92 E2000
TRUST    : acc_cmd=1.000 | acc_exec=1.000 | trust=0.006
DECISION : PAUSE
MACHINE  : Machine-2
------------------------------------------------------------
[SEQ 37] [STATIC-BASELINE]
CMD      : M92 | effects={'M': 92.0, 'E': 2000.0}
DECISION : BLOCK
------------------------------------------------------------
[SEQ 37] [IEEE-BASELINE]
SCORE    : anomaly_score=0.000
DECISION : ALLOW
------------------------------------------------------------
[SEQ 38] [LAYER 0]
CMD      : M92 E2000
TRUST    : acc_cmd=1.000 | acc_exec=1.000 | trust=0.003
DECISION : PAUSE
MACHINE  : Machine-2
------------------------------------------------------------
[SEQ 38] [STATIC-BASELINE]
CMD      : M92 | effects={'M': 92.0, 'E': 2000.0}
DECISION : BLOCK
------------------------------------------------------------
[SEQ 38] [IEEE-BASELINE]
SCORE    : anomaly_score=0.000
DECISION : ALLOW
------------------------------------------------------------
[SEQ 39] [LAYER 0]
CMD      : M92 E2000
TRUST    : acc_cmd=1.000 | acc_exec=1.000 | trust=0.002
DECISION : PAUSE
MACHINE  : Machine-2
------------------------------------------------------------
[SEQ 39] [STATIC-BASELINE]
CMD      : M92 | effects={'M': 92.0, 'E': 2000.0}
DECISION : BLOCK
------------------------------------------------------------
[SEQ 39] [IEEE-BASELINE]
SCORE    : anomaly_score=0.000
DECISION : ALLOW
------------------------------------------------------------
[SEQ 40] [LAYER 0]
CMD      : G92 E1000
TRUST    : acc_cmd=0.000 | acc_exec=1.000 | trust=0.001
DECISION : PAUSE
MACHINE  : Machine-2
------------------------------------------------------------
[SEQ 40] [STATIC-BASELINE]
CMD      : G92 | effects={'reset': {'G': 92.0, 'E': 1000.0}}
DECISION : BLOCK
------------------------------------------------------------
[SEQ 40] [IEEE-BASELINE]
SCORE    : anomaly_score=0.000
DECISION : ALLOW
------------------------------------------------------------
[SEQ 41] [LAYER 0]
CMD      : G92 E1000
TRUST    : acc_cmd=0.000 | acc_exec=1.000 | trust=0.001
DECISION : PAUSE
MACHINE  : Machine-2
------------------------------------------------------------
[SEQ 41] [STATIC-BASELINE]
CMD      : G92 | effects={'reset': {'G': 92.0, 'E': 1000.0}}
DECISION : BLOCK
------------------------------------------------------------
[SEQ 41] [IEEE-BASELINE]
SCORE    : anomaly_score=0.000
DECISION : ALLOW
------------------------------------------------------------
[SEQ 42] [LAYER 0]
CMD      : M92 E2000
TRUST    : acc_cmd=1.000 | acc_exec=1.000 | trust=0.001
DECISION : PAUSE
MACHINE  : Machine-2
------------------------------------------------------------
[SEQ 42] [STATIC-BASELINE]
CMD      : M92 | effects={'M': 92.0, 'E': 2000.0}
DECISION : BLOCK
------------------------------------------------------------
[SEQ 42] [IEEE-BASELINE]
SCORE    : anomaly_score=0.000
DECISION : ALLOW
------------------------------------------------------------
[SEQ 43] [LAYER 0]
CMD      : G1 X163.61 Y111.261 E0.12951
TRUST    : acc_cmd=0.000 | acc_exec=1.000 | trust=0.001
DECISION : PAUSE
MACHINE  : Machine-2
------------------------------------------------------------
[SEQ 43] [STATIC-BASELINE]
CMD      : G1 | effects={'dx': 163.61, 'dy': 111.261, 'dz': 0.0, 'de': -999.87049, 'xy_dist': 197.85662036181657, 'params': {'G': 1.0, 'X': 163.61, 'Y': 111.261, 'E': 0.12951}}
DECISION : ALLOW
------------------------------------------------------------
[SEQ 43] [IEEE-BASELINE]
SCORE    : anomaly_score=0.000
DECISION : ALLOW
------------------------------------------------------------
[SEQ 44] [LAYER 0]
CMD      : G92 E1000
TRUST    : acc_cmd=0.000 | acc_exec=1.000 | trust=0.001
DECISION : PAUSE
MACHINE  : Machine-2
------------------------------------------------------------
[SEQ 44] [STATIC-BASELINE]
CMD      : G92 | effects={'reset': {'G': 92.0, 'E': 1000.0}}
DECISION : BLOCK
------------------------------------------------------------
[SEQ 44] [IEEE-BASELINE]
SCORE    : anomaly_score=0.000
DECISION : ALLOW
------------------------------------------------------------
[SEQ 45] [LAYER 0]
CMD      : G1 X168.166 Y111.744 E0.21638
TRUST    : acc_cmd=0.000 | acc_exec=1.000 | trust=0.001
DECISION : PAUSE
MACHINE  : Machine-2
------------------------------------------------------------
[SEQ 45] [STATIC-BASELINE]
CMD      : G1 | effects={'dx': 4.555999999999983, 'dy': 0.4830000000000041, 'dz': 0.0, 'de': -999.78362, 'xy_dist': 4.58153085769373, 'params': {'G': 1.0, 'X': 168.166, 'Y': 111.744, 'E': 0.21638}}
DECISION : ALLOW
------------------------------------------------------------
[SEQ 45] [IEEE-BASELINE]
SCORE    : anomaly_score=0.000
DECISION : ALLOW
------------------------------------------------------------
[SEQ 46] [LAYER 0]
CMD      : M92 E2000
TRUST    : acc_cmd=1.000 | acc_exec=1.000 | trust=0.001
DECISION : PAUSE
MACHINE  : Machine-2
------------------------------------------------------------
[SEQ 46] [STATIC-BASELINE]
CMD      : M92 | effects={'M': 92.0, 'E': 2000.0}
DECISION : BLOCK
------------------------------------------------------------
[SEQ 46] [IEEE-BASELINE]
SCORE    : anomaly_score=0.000
DECISION : ALLOW
------------------------------------------------------------
[SEQ 47] [LAYER 0]
CMD      : G92 E1000
TRUST    : acc_cmd=0.000 | acc_exec=1.000 | trust=0.001
DECISION : PAUSE
MACHINE  : Machine-2
------------------------------------------------------------
[SEQ 47] [STATIC-BASELINE]
CMD      : G92 | effects={'reset': {'G': 92.0, 'E': 1000.0}}
DECISION : BLOCK
------------------------------------------------------------
[SEQ 47] [IEEE-BASELINE]
SCORE    : anomaly_score=0.000
DECISION : ALLOW
------------------------------------------------------------
[SEQ 48] [LAYER 0]
CMD      : M92 E2000
TRUST    : acc_cmd=1.000 | acc_exec=1.000 | trust=0.001
DECISION : PAUSE
MACHINE  : Machine-2
------------------------------------------------------------
[SEQ 48] [STATIC-BASELINE]
CMD      : M92 | effects={'M': 92.0, 'E': 2000.0}
DECISION : BLOCK
------------------------------------------------------------
[SEQ 48] [IEEE-BASELINE]
SCORE    : anomaly_score=0.000
DECISION : ALLOW
------------------------------------------------------------
[SEQ 49] [LAYER 0]
CMD      : G92 E1000
TRUST    : acc_cmd=0.000 | acc_exec=1.000 | trust=0.001
DECISION : PAUSE
MACHINE  : Machine-2
------------------------------------------------------------
[SEQ 49] [STATIC-BASELINE]
CMD      : G92 | effects={'reset': {'G': 92.0, 'E': 1000.0}}
DECISION : BLOCK
------------------------------------------------------------
[SEQ 49] [IEEE-BASELINE]
SCORE    : anomaly_score=0.000
DECISION : ALLOW
------------------------------------------------------------
[SEQ 50] [LAYER 0]
CMD      : G1 X173.743 Y121.418 E0.44341
TRUST    : acc_cmd=0.000 | acc_exec=1.000 | trust=0.001
DECISION : PAUSE
MACHINE  : Machine-2
------------------------------------------------------------
[SEQ 50] [STATIC-BASELINE]
CMD      : G1 | effects={'dx': 5.576999999999998, 'dy': 9.674000000000007, 'dz': 0.0, 'de': -999.55659, 'xy_dist': 11.166432062212177, 'params': {'G': 1.0, 'X': 173.743, 'Y': 121.418, 'E': 0.44341}}
DECISION : ALLOW
------------------------------------------------------------
[SEQ 50] [IEEE-BASELINE]
SCORE    : anomaly_score=0.000
DECISION : ALLOW
------------------------------------------------------------
[SEQ 51] [LAYER 0]
CMD      : M92 E2000
TRUST    : acc_cmd=1.000 | acc_exec=1.000 | trust=0.001
DECISION : PAUSE
MACHINE  : Machine-2
------------------------------------------------------------
[SEQ 51] [STATIC-BASELINE]
CMD      : M92 | effects={'M': 92.0, 'E': 2000.0}
DECISION : BLOCK
------------------------------------------------------------
[SEQ 51] [IEEE-BASELINE]
SCORE    : anomaly_score=0.000
DECISION : ALLOW
------------------------------------------------------------
[SEQ 52] [LAYER 0]
CMD      : G1 X171.718 Y125.767 E0.53448
TRUST    : acc_cmd=0.000 | acc_exec=0.000 | trust=0.007
DECISION : PAUSE
MACHINE  : Machine-2
------------------------------------------------------------
[SEQ 52] [STATIC-BASELINE]
CMD      : G1 | effects={'dx': -2.0250000000000057, 'dy': 4.3489999999999895, 'dz': 0.0, 'de': 0.09106999999999993, 'xy_dist': 4.7973353020192295, 'params': {'G': 1.0, 'X': 171.718, 'Y': 125.767, 'E': 0.53448}}
DECISION : ALLOW
------------------------------------------------------------
[SEQ 52] [IEEE-BASELINE]
SCORE    : anomaly_score=0.000
DECISION : ALLOW
------------------------------------------------------------
[SEQ 53] [LAYER 0]
CMD      : G1 X169.985 Y127.264 E0.57756
TRUST    : acc_cmd=0.000 | acc_exec=0.000 | trust=0.043
DECISION : PAUSE
MACHINE  : Machine-2
------------------------------------------------------------
[SEQ 53] [STATIC-BASELINE]
CMD      : G1 | effects={'dx': -1.7329999999999757, 'dy': 1.4969999999999999, 'dz': 0.0, 'de': 0.04308000000000001, 'xy_dist': 2.290043231032968, 'params': {'G': 1.0, 'X': 169.985, 'Y': 127.264, 'E': 0.57756}}
DECISION : ALLOW
------------------------------------------------------------
[SEQ 53] [IEEE-BASELINE]
SCORE    : anomaly_score=0.000
DECISION : ALLOW
------------------------------------------------------------
[SEQ 54] [LAYER 0]
CMD      : G92 E1000
TRUST    : acc_cmd=0.000 | acc_exec=1.000 | trust=0.023
DECISION : PAUSE
MACHINE  : Machine-2
------------------------------------------------------------
[SEQ 54] [STATIC-BASELINE]
CMD      : G92 | effects={'reset': {'G': 92.0, 'E': 1000.0}}
DECISION : BLOCK
------------------------------------------------------------
[SEQ 54] [IEEE-BASELINE]
SCORE    : anomaly_score=0.000
DECISION : ALLOW
------------------------------------------------------------
[SEQ 55] [LAYER 0]
CMD      : M221 S200
TRUST    : acc_cmd=1.000 | acc_exec=1.000 | trust=0.011
DECISION : PAUSE
MACHINE  : Machine-2
------------------------------------------------------------
[SEQ 55] [STATIC-BASELINE]
CMD      : M221 | effects={'M': 221.0, 'S': 200.0}
DECISION : BLOCK
------------------------------------------------------------
[SEQ 55] [IEEE-BASELINE]
SCORE    : anomaly_score=0.000
DECISION : ALLOW
------------------------------------------------------------
[SEQ 56] [LAYER 0]
CMD      : G92 E1000
TRUST    : acc_cmd=0.000 | acc_exec=1.000 | trust=0.005
DECISION : PAUSE
MACHINE  : Machine-2
------------------------------------------------------------
[SEQ 56] [STATIC-BASELINE]
CMD      : G92 | effects={'reset': {'G': 92.0, 'E': 1000.0}}
DECISION : BLOCK
------------------------------------------------------------
[SEQ 56] [IEEE-BASELINE]
SCORE    : anomaly_score=0.000
DECISION : ALLOW
------------------------------------------------------------
[SEQ 57] [LAYER 0]
CMD      : M221 S200
TRUST    : acc_cmd=1.000 | acc_exec=1.000 | trust=0.003
DECISION : PAUSE
MACHINE  : Machine-2
------------------------------------------------------------
[SEQ 57] [STATIC-BASELINE]
CMD      : M221 | effects={'M': 221.0, 'S': 200.0}
DECISION : BLOCK
------------------------------------------------------------
[SEQ 57] [IEEE-BASELINE]
SCORE    : anomaly_score=0.000
DECISION : ALLOW
------------------------------------------------------------
[SEQ 58] [LAYER 0]
CMD      : M92 E2000
TRUST    : acc_cmd=1.000 | acc_exec=1.000 | trust=0.002
DECISION : PAUSE
MACHINE  : Machine-2
------------------------------------------------------------
[SEQ 58] [STATIC-BASELINE]
CMD      : M92 | effects={'M': 92.0, 'E': 2000.0}
DECISION : BLOCK
------------------------------------------------------------
[SEQ 58] [IEEE-BASELINE]
SCORE    : anomaly_score=0.000
DECISION : ALLOW
------------------------------------------------------------
[SEQ 59] [LAYER 0]
CMD      : M92 E2000
TRUST    : acc_cmd=1.000 | acc_exec=1.000 | trust=0.001
DECISION : PAUSE
MACHINE  : Machine-2
------------------------------------------------------------
[SEQ 59] [STATIC-BASELINE]
CMD      : M92 | effects={'M': 92.0, 'E': 2000.0}
DECISION : BLOCK
------------------------------------------------------------
[SEQ 59] [IEEE-BASELINE]
SCORE    : anomaly_score=0.000
DECISION : ALLOW
------------------------------------------------------------
[SEQ 60] [LAYER 0]
CMD      : G92 E1000
TRUST    : acc_cmd=0.000 | acc_exec=1.000 | trust=0.001
DECISION : PAUSE
MACHINE  : Machine-2
------------------------------------------------------------
[SEQ 60] [STATIC-BASELINE]
CMD      : G92 | effects={'reset': {'G': 92.0, 'E': 1000.0}}
DECISION : BLOCK
------------------------------------------------------------
[SEQ 60] [IEEE-BASELINE]
SCORE    : anomaly_score=0.000
DECISION : ALLOW
------------------------------------------------------------
[SEQ 61] [LAYER 0]
CMD      : G92 E1000
TRUST    : acc_cmd=0.000 | acc_exec=1.000 | trust=0.001
DECISION : PAUSE
MACHINE  : Machine-2
------------------------------------------------------------
[SEQ 61] [STATIC-BASELINE]
CMD      : G92 | effects={'reset': {'G': 92.0, 'E': 1000.0}}
DECISION : BLOCK
------------------------------------------------------------
[SEQ 61] [IEEE-BASELINE]
SCORE    : anomaly_score=0.000
DECISION : ALLOW
------------------------------------------------------------
[SEQ 62] [LAYER 0]
CMD      : M92 E2000
TRUST    : acc_cmd=1.000 | acc_exec=1.000 | trust=0.001
DECISION : PAUSE
MACHINE  : Machine-2
------------------------------------------------------------
[SEQ 62] [STATIC-BASELINE]
CMD      : M92 | effects={'M': 92.0, 'E': 2000.0}
DECISION : BLOCK
------------------------------------------------------------
[SEQ 62] [IEEE-BASELINE]
SCORE    : anomaly_score=0.000
DECISION : ALLOW
------------------------------------------------------------
[SEQ 63] [LAYER 0]
CMD      : M221 S200
TRUST    : acc_cmd=1.000 | acc_exec=1.000 | trust=0.001
DECISION : PAUSE
MACHINE  : Machine-2
------------------------------------------------------------
[SEQ 63] [STATIC-BASELINE]
CMD      : M221 | effects={'M': 221.0, 'S': 200.0}
DECISION : BLOCK
------------------------------------------------------------
[SEQ 63] [IEEE-BASELINE]
SCORE    : anomaly_score=0.000
DECISION : ALLOW
------------------------------------------------------------
[SEQ 64] [LAYER 0]
CMD      : M221 S200
TRUST    : acc_cmd=1.000 | acc_exec=1.000 | trust=0.001
DECISION : PAUSE
MACHINE  : Machine-2
------------------------------------------------------------
[SEQ 64] [STATIC-BASELINE]
CMD      : M221 | effects={'M': 221.0, 'S': 200.0}
DECISION : BLOCK
------------------------------------------------------------
[SEQ 64] [IEEE-BASELINE]
SCORE    : anomaly_score=0.000
DECISION : ALLOW
------------------------------------------------------------
[SEQ 65] [LAYER 0]
CMD      : M221 S200
TRUST    : acc_cmd=1.000 | acc_exec=1.000 | trust=0.001
DECISION : PAUSE
MACHINE  : Machine-2
------------------------------------------------------------
[SEQ 65] [STATIC-BASELINE]
CMD      : M221 | effects={'M': 221.0, 'S': 200.0}
DECISION : BLOCK
------------------------------------------------------------
[SEQ 65] [IEEE-BASELINE]
SCORE    : anomaly_score=0.000
DECISION : ALLOW
------------------------------------------------------------
[SEQ 66] [LAYER 0]
CMD      : G92 E1000
TRUST    : acc_cmd=0.000 | acc_exec=1.000 | trust=0.001
DECISION : PAUSE
MACHINE  : Machine-2
------------------------------------------------------------
[SEQ 66] [STATIC-BASELINE]
CMD      : G92 | effects={'reset': {'G': 92.0, 'E': 1000.0}}
DECISION : BLOCK
------------------------------------------------------------
[SEQ 66] [IEEE-BASELINE]
SCORE    : anomaly_score=0.000
DECISION : ALLOW
------------------------------------------------------------
[SEQ 67] [LAYER 0]
CMD      : G92 E1000
TRUST    : acc_cmd=0.000 | acc_exec=1.000 | trust=0.001
DECISION : PAUSE
MACHINE  : Machine-2
------------------------------------------------------------
[SEQ 67] [STATIC-BASELINE]
CMD      : G92 | effects={'reset': {'G': 92.0, 'E': 1000.0}}
DECISION : BLOCK
------------------------------------------------------------
[SEQ 67] [IEEE-BASELINE]
SCORE    : anomaly_score=0.000
DECISION : ALLOW
------------------------------------------------------------
[SEQ 68] [LAYER 0]
CMD      : G1 X160.354 Y112.955 E1.09931
TRUST    : acc_cmd=0.000 | acc_exec=1.000 | trust=0.001
DECISION : PAUSE
MACHINE  : Machine-2
------------------------------------------------------------
[SEQ 68] [STATIC-BASELINE]
CMD      : G1 | effects={'dx': -9.631, 'dy': -14.308999999999997, 'dz': 0.0, 'de': -998.90069, 'xy_dist': 17.248293886642816, 'params': {'G': 1.0, 'X': 160.354, 'Y': 112.955, 'E': 1.09931}}
DECISION : ALLOW
------------------------------------------------------------
[SEQ 68] [IEEE-BASELINE]
SCORE    : anomaly_score=0.000
DECISION : ALLOW
------------------------------------------------------------
[SEQ 69] [LAYER 0]
CMD      : G1 X162.364 Y112.048 E1.14079
TRUST    : acc_cmd=0.000 | acc_exec=0.000 | trust=0.007
DECISION : PAUSE
MACHINE  : Machine-2
------------------------------------------------------------
[SEQ 69] [STATIC-BASELINE]
CMD      : G1 | effects={'dx': 2.009999999999991, 'dy': -0.9069999999999965, 'dz': 0.0, 'de': 0.04147999999999996, 'xy_dist': 2.2051641662243555, 'params': {'G': 1.0, 'X': 162.364, 'Y': 112.048, 'E': 1.14079}}
DECISION : ALLOW
------------------------------------------------------------
[SEQ 69] [IEEE-BASELINE]
SCORE    : anomaly_score=0.000
DECISION : ALLOW
------------------------------------------------------------
[SEQ 70] [LAYER 0]
CMD      : G1 X163.674 Y111.66 E1.16649
TRUST    : acc_cmd=0.000 | acc_exec=0.000 | trust=0.043
DECISION : PAUSE
MACHINE  : Machine-2
------------------------------------------------------------
[SEQ 70] [STATIC-BASELINE]
CMD      : G1 | effects={'dx': 1.3100000000000023, 'dy': -0.38800000000000523, 'dz': 0.0, 'de': 0.025700000000000056, 'xy_dist': 1.366251806952148, 'params': {'G': 1.0, 'X': 163.674, 'Y': 111.66, 'E': 1.16649}}
DECISION : ALLOW
------------------------------------------------------------
[SEQ 70] [IEEE-BASELINE]
SCORE    : anomaly_score=0.000
DECISION : ALLOW
------------------------------------------------------------
[SEQ 71] [LAYER 0]
CMD      : M92 E2000
TRUST    : acc_cmd=1.000 | acc_exec=1.000 | trust=0.023
DECISION : PAUSE
MACHINE  : Machine-2
------------------------------------------------------------
[SEQ 71] [STATIC-BASELINE]
CMD      : M92 | effects={'M': 92.0, 'E': 2000.0}
DECISION : BLOCK
------------------------------------------------------------
[SEQ 71] [IEEE-BASELINE]
SCORE    : anomaly_score=0.000
DECISION : ALLOW
------------------------------------------------------------
[SEQ 72] [LAYER 0]
CMD      : G1 X168.022 Y112.121 E1.24939
TRUST    : acc_cmd=0.000 | acc_exec=0.000 | trust=0.047
DECISION : PAUSE
MACHINE  : Machine-2
------------------------------------------------------------
[SEQ 72] [STATIC-BASELINE]
CMD      : G1 | effects={'dx': 4.347999999999985, 'dy': 0.4609999999999985, 'dz': 0.0, 'de': 0.08289999999999997, 'xy_dist': 4.372370638452311, 'params': {'G': 1.0, 'X': 168.022, 'Y': 112.121, 'E': 1.24939}}
DECISION : ALLOW
------------------------------------------------------------
[SEQ 72] [IEEE-BASELINE]
SCORE    : anomaly_score=0.000
DECISION : ALLOW
------------------------------------------------------------
[SEQ 73] [LAYER 0]
CMD      : G92 E1000
TRUST    : acc_cmd=0.000 | acc_exec=1.000 | trust=0.024
DECISION : PAUSE
MACHINE  : Machine-2
------------------------------------------------------------
[SEQ 73] [STATIC-BASELINE]
CMD      : G92 | effects={'reset': {'G': 92.0, 'E': 1000.0}}
DECISION : BLOCK
------------------------------------------------------------
[SEQ 73] [IEEE-BASELINE]
SCORE    : anomaly_score=0.000
DECISION : ALLOW
------------------------------------------------------------
[SEQ 74] [LAYER 0]
CMD      : M221 S200
TRUST    : acc_cmd=1.000 | acc_exec=1.000 | trust=0.012
DECISION : PAUSE
MACHINE  : Machine-2
------------------------------------------------------------
[SEQ 74] [STATIC-BASELINE]
CMD      : M221 | effects={'M': 221.0, 'S': 200.0}
DECISION : BLOCK
------------------------------------------------------------
[SEQ 74] [IEEE-BASELINE]
SCORE    : anomaly_score=0.000
DECISION : ALLOW
------------------------------------------------------------
[SEQ 75] [LAYER 0]
CMD      : M221 S200
TRUST    : acc_cmd=1.000 | acc_exec=1.000 | trust=0.006
DECISION : PAUSE
MACHINE  : Machine-2
------------------------------------------------------------
[SEQ 75] [STATIC-BASELINE]
CMD      : M221 | effects={'M': 221.0, 'S': 200.0}
DECISION : BLOCK
------------------------------------------------------------
[SEQ 75] [IEEE-BASELINE]
SCORE    : anomaly_score=0.000
DECISION : ALLOW
------------------------------------------------------------
[SEQ 76] [LAYER 0]
CMD      : M92 E2000
TRUST    : acc_cmd=1.000 | acc_exec=1.000 | trust=0.003
DECISION : PAUSE
MACHINE  : Machine-2
------------------------------------------------------------
[SEQ 76] [STATIC-BASELINE]
CMD      : M92 | effects={'M': 92.0, 'E': 2000.0}
DECISION : BLOCK
------------------------------------------------------------
[SEQ 76] [IEEE-BASELINE]
SCORE    : anomaly_score=0.000
DECISION : ALLOW
------------------------------------------------------------
[SEQ 77] [LAYER 0]
CMD      : G1 X173.344 Y121.354 E1.46608
TRUST    : acc_cmd=0.000 | acc_exec=1.000 | trust=0.002
DECISION : PAUSE
MACHINE  : Machine-2
------------------------------------------------------------
[SEQ 77] [STATIC-BASELINE]
CMD      : G1 | effects={'dx': 5.322000000000003, 'dy': 9.233000000000004, 'dz': 0.0, 'de': -998.53392, 'xy_dist': 10.65701520126532, 'params': {'G': 1.0, 'X': 173.344, 'Y': 121.354, 'E': 1.46608}}
DECISION : ALLOW
------------------------------------------------------------
[SEQ 77] [IEEE-BASELINE]
SCORE    : anomaly_score=0.000
DECISION : ALLOW
------------------------------------------------------------
[SEQ 78] [LAYER 0]
CMD      : M221 S200
TRUST    : acc_cmd=1.000 | acc_exec=1.000 | trust=0.001
DECISION : PAUSE
MACHINE  : Machine-2
------------------------------------------------------------
[SEQ 78] [STATIC-BASELINE]
CMD      : M221 | effects={'M': 221.0, 'S': 200.0}
DECISION : BLOCK
------------------------------------------------------------
[SEQ 78] [IEEE-BASELINE]
SCORE    : anomaly_score=0.000
DECISION : ALLOW
------------------------------------------------------------
[SEQ 79] [LAYER 0]
CMD      : G1 X171.412 Y125.503 E1.55297
TRUST    : acc_cmd=0.000 | acc_exec=0.000 | trust=0.008
DECISION : PAUSE
MACHINE  : Machine-2
------------------------------------------------------------
[SEQ 79] [STATIC-BASELINE]
CMD      : G1 | effects={'dx': -1.931999999999988, 'dy': 4.149000000000001, 'dz': 0.0, 'de': 0.08688999999999991, 'xy_dist': 4.576770149352047, 'params': {'G': 1.0, 'X': 171.412, 'Y': 125.503, 'E': 1.55297}}
DECISION : ALLOW
------------------------------------------------------------
[SEQ 79] [IEEE-BASELINE]
SCORE    : anomaly_score=0.000
DECISION : ALLOW
------------------------------------------------------------
[SEQ 80] [LAYER 0]
CMD      : M221 S200
TRUST    : acc_cmd=1.000 | acc_exec=1.000 | trust=0.005
DECISION : PAUSE
MACHINE  : Machine-2
------------------------------------------------------------
[SEQ 80] [STATIC-BASELINE]
CMD      : M221 | effects={'M': 221.0, 'S': 200.0}
DECISION : BLOCK
------------------------------------------------------------
[SEQ 80] [IEEE-BASELINE]
SCORE    : anomaly_score=0.000
DECISION : ALLOW
------------------------------------------------------------
[SEQ 81] [LAYER 0]
CMD      : M92 E2000
TRUST    : acc_cmd=1.000 | acc_exec=1.000 | trust=0.003
DECISION : PAUSE
MACHINE  : Machine-2
------------------------------------------------------------
[SEQ 81] [STATIC-BASELINE]
CMD      : M92 | effects={'M': 92.0, 'E': 2000.0}
DECISION : BLOCK
------------------------------------------------------------
[SEQ 81] [IEEE-BASELINE]
SCORE    : anomaly_score=0.000
DECISION : ALLOW
------------------------------------------------------------
[SEQ 82] [LAYER 0]
CMD      : M221 S200
TRUST    : acc_cmd=1.000 | acc_exec=1.000 | trust=0.002
DECISION : PAUSE
MACHINE  : Machine-2
------------------------------------------------------------
[SEQ 82] [STATIC-BASELINE]
CMD      : M221 | effects={'M': 221.0, 'S': 200.0}
DECISION : BLOCK
------------------------------------------------------------
[SEQ 82] [IEEE-BASELINE]
SCORE    : anomaly_score=0.000
DECISION : ALLOW
------------------------------------------------------------
[SEQ 83] [LAYER 0]
CMD      : M221 S200
TRUST    : acc_cmd=1.000 | acc_exec=1.000 | trust=0.001
DECISION : PAUSE
MACHINE  : Machine-2
------------------------------------------------------------
[SEQ 83] [STATIC-BASELINE]
CMD      : M221 | effects={'M': 221.0, 'S': 200.0}
DECISION : BLOCK
------------------------------------------------------------
[SEQ 83] [IEEE-BASELINE]
SCORE    : anomaly_score=0.000
DECISION : ALLOW
------------------------------------------------------------
[SEQ 84] [LAYER 0]
CMD      : M92 E2000
TRUST    : acc_cmd=1.000 | acc_exec=1.000 | trust=0.001
DECISION : PAUSE
MACHINE  : Machine-2
------------------------------------------------------------
[SEQ 84] [STATIC-BASELINE]
CMD      : M92 | effects={'M': 92.0, 'E': 2000.0}
DECISION : BLOCK
------------------------------------------------------------
[SEQ 84] [IEEE-BASELINE]
SCORE    : anomaly_score=0.000
DECISION : ALLOW
------------------------------------------------------------
[SEQ 85] [LAYER 0]
CMD      : G1 X159.253 Y126.256 E1.80704
TRUST    : acc_cmd=0.000 | acc_exec=0.000 | trust=0.008
DECISION : PAUSE
MACHINE  : Machine-2
------------------------------------------------------------
[SEQ 85] [STATIC-BASELINE]
CMD      : G1 | effects={'dx': -12.15900000000002, 'dy': 0.7530000000000001, 'dz': 0.0, 'de': 0.25407, 'xy_dist': 12.18229411892524, 'params': {'G': 1.0, 'X': 159.253, 'Y': 126.256, 'E': 1.80704}}
DECISION : ALLOW
------------------------------------------------------------
[SEQ 85] [IEEE-BASELINE]
SCORE    : anomaly_score=0.000
DECISION : ALLOW
------------------------------------------------------------
[SEQ 86] [LAYER 0]
CMD      : G1 X157.364 Y123.757 E1.86597
TRUST    : acc_cmd=0.000 | acc_exec=0.000 | trust=0.047
DECISION : PAUSE
MACHINE  : Machine-2
------------------------------------------------------------
[SEQ 86] [STATIC-BASELINE]
CMD      : G1 | effects={'dx': -1.8889999999999816, 'dy': -2.4989999999999952, 'dz': 0.0, 'de': 0.05892999999999993, 'xy_dist': 3.13262222427153, 'params': {'G': 1.0, 'X': 157.364, 'Y': 123.757, 'E': 1.86597}}
DECISION : ALLOW
------------------------------------------------------------
[SEQ 86] [IEEE-BASELINE]
SCORE    : anomaly_score=0.000
DECISION : ALLOW
------------------------------------------------------------
[SEQ 87] [LAYER 0]
CMD      : M92 E2000
TRUST    : acc_cmd=1.000 | acc_exec=1.000 | trust=0.025
DECISION : PAUSE
MACHINE  : Machine-2
------------------------------------------------------------
[SEQ 87] [STATIC-BASELINE]
CMD      : M92 | effects={'M': 92.0, 'E': 2000.0}
DECISION : BLOCK
------------------------------------------------------------
[SEQ 87] [IEEE-BASELINE]
SCORE    : anomaly_score=0.000
DECISION : ALLOW
------------------------------------------------------------
[SEQ 88] [LAYER 0]
CMD      : M92 E2000
TRUST    : acc_cmd=1.000 | acc_exec=1.000 | trust=0.012
DECISION : PAUSE
MACHINE  : Machine-2
------------------------------------------------------------
[SEQ 88] [STATIC-BASELINE]
CMD      : M92 | effects={'M': 92.0, 'E': 2000.0}
DECISION : BLOCK
------------------------------------------------------------
[SEQ 88] [IEEE-BASELINE]
SCORE    : anomaly_score=0.000
DECISION : ALLOW
------------------------------------------------------------
[SEQ 89] [LAYER 0]
CMD      : G92 E1000
TRUST    : acc_cmd=0.000 | acc_exec=1.000 | trust=0.006
DECISION : PAUSE
MACHINE  : Machine-2
------------------------------------------------------------
[SEQ 89] [STATIC-BASELINE]
CMD      : G92 | effects={'reset': {'G': 92.0, 'E': 1000.0}}
DECISION : BLOCK
------------------------------------------------------------
[SEQ 89] [IEEE-BASELINE]
SCORE    : anomaly_score=0.000
DECISION : ALLOW
------------------------------------------------------------
[SEQ 90] [LAYER 0]
CMD      : M92 E2000
TRUST    : acc_cmd=1.000 | acc_exec=1.000 | trust=0.003
DECISION : PAUSE
MACHINE  : Machine-2
------------------------------------------------------------
[SEQ 90] [STATIC-BASELINE]
CMD      : M92 | effects={'M': 92.0, 'E': 2000.0}
DECISION : BLOCK
------------------------------------------------------------
[SEQ 90] [IEEE-BASELINE]
SCORE    : anomaly_score=0.000
DECISION : ALLOW
------------------------------------------------------------
[SEQ 91] [LAYER 0]
CMD      : M221 S200
TRUST    : acc_cmd=1.000 | acc_exec=1.000 | trust=0.002
DECISION : PAUSE
MACHINE  : Machine-2
------------------------------------------------------------
[SEQ 91] [STATIC-BASELINE]
CMD      : M221 | effects={'M': 221.0, 'S': 200.0}
DECISION : BLOCK
------------------------------------------------------------
[SEQ 91] [IEEE-BASELINE]
SCORE    : anomaly_score=0.000
DECISION : ALLOW
------------------------------------------------------------
[SEQ 92] [LAYER 0]
CMD      : G92 E1000
TRUST    : acc_cmd=0.000 | acc_exec=1.000 | trust=0.001
DECISION : PAUSE
MACHINE  : Machine-2
------------------------------------------------------------
[SEQ 92] [STATIC-BASELINE]
CMD      : G92 | effects={'reset': {'G': 92.0, 'E': 1000.0}}
DECISION : BLOCK
------------------------------------------------------------
[SEQ 92] [IEEE-BASELINE]
SCORE    : anomaly_score=0.000
DECISION : ALLOW
------------------------------------------------------------
[SEQ 93] [LAYER 0]
CMD      : M221 S200
TRUST    : acc_cmd=1.000 | acc_exec=1.000 | trust=0.001
DECISION : PAUSE
MACHINE  : Machine-2
------------------------------------------------------------
[SEQ 93] [STATIC-BASELINE]
CMD      : M221 | effects={'M': 221.0, 'S': 200.0}
DECISION : BLOCK
------------------------------------------------------------
[SEQ 93] [IEEE-BASELINE]
SCORE    : anomaly_score=0.000
DECISION : ALLOW
------------------------------------------------------------
[SEQ 94] [LAYER 0]
CMD      : M221 S200
TRUST    : acc_cmd=1.000 | acc_exec=1.000 | trust=0.001
DECISION : PAUSE
MACHINE  : Machine-2
------------------------------------------------------------
[SEQ 94] [STATIC-BASELINE]
CMD      : M221 | effects={'M': 221.0, 'S': 200.0}
DECISION : BLOCK
------------------------------------------------------------
[SEQ 94] [IEEE-BASELINE]
SCORE    : anomaly_score=0.000
DECISION : ALLOW
------------------------------------------------------------
[SEQ 95] [LAYER 0]
CMD      : M221 S200
TRUST    : acc_cmd=1.000 | acc_exec=1.000 | trust=0.001
DECISION : PAUSE
MACHINE  : Machine-2
------------------------------------------------------------
[SEQ 95] [STATIC-BASELINE]
CMD      : M221 | effects={'M': 221.0, 'S': 200.0}
DECISION : BLOCK
------------------------------------------------------------
[SEQ 95] [IEEE-BASELINE]
SCORE    : anomaly_score=0.000
DECISION : ALLOW
------------------------------------------------------------
[SEQ 96] [LAYER 0]
CMD      : G92 E1000
TRUST    : acc_cmd=0.000 | acc_exec=1.000 | trust=0.001
DECISION : PAUSE
MACHINE  : Machine-2
------------------------------------------------------------
[SEQ 96] [STATIC-BASELINE]
CMD      : G92 | effects={'reset': {'G': 92.0, 'E': 1000.0}}
DECISION : BLOCK
------------------------------------------------------------
[SEQ 96] [IEEE-BASELINE]
SCORE    : anomaly_score=0.000
DECISION : ALLOW
------------------------------------------------------------
[SEQ 97] [LAYER 0]
CMD      : M221 S200
TRUST    : acc_cmd=1.000 | acc_exec=1.000 | trust=0.001
DECISION : PAUSE
MACHINE  : Machine-2
------------------------------------------------------------
[SEQ 97] [STATIC-BASELINE]
CMD      : M221 | effects={'M': 221.0, 'S': 200.0}
DECISION : BLOCK
------------------------------------------------------------
[SEQ 97] [IEEE-BASELINE]
SCORE    : anomaly_score=0.000
DECISION : ALLOW
------------------------------------------------------------
[SEQ 98] [LAYER 0]
CMD      : G92 E1000
TRUST    : acc_cmd=0.000 | acc_exec=1.000 | trust=0.001
DECISION : PAUSE
MACHINE  : Machine-2
------------------------------------------------------------
[SEQ 98] [STATIC-BASELINE]
CMD      : G92 | effects={'reset': {'G': 92.0, 'E': 1000.0}}
DECISION : BLOCK
------------------------------------------------------------
[SEQ 98] [IEEE-BASELINE]
SCORE    : anomaly_score=0.000
DECISION : ALLOW
------------------------------------------------------------
[SEQ 99] [LAYER 0]
CMD      : M221 S200
TRUST    : acc_cmd=1.000 | acc_exec=1.000 | trust=0.001
DECISION : PAUSE
MACHINE  : Machine-2
------------------------------------------------------------
[SEQ 99] [STATIC-BASELINE]
CMD      : M221 | effects={'M': 221.0, 'S': 200.0}
DECISION : BLOCK
------------------------------------------------------------
[SEQ 99] [IEEE-BASELINE]
SCORE    : anomaly_score=0.000
DECISION : ALLOW
------------------------------------------------------------
[SEQ 100] [LAYER 0]
CMD      : M221 S200
TRUST    : acc_cmd=1.000 | acc_exec=1.000 | trust=0.001
DECISION : PAUSE
MACHINE  : Machine-2
------------------------------------------------------------
[SEQ 100] [STATIC-BASELINE]
CMD      : M221 | effects={'M': 221.0, 'S': 200.0}
DECISION : BLOCK
------------------------------------------------------------
[SEQ 100] [IEEE-BASELINE]
SCORE    : anomaly_score=0.000
DECISION : ALLOW
------------------------------------------------------------
[SEQ 101] [LAYER 0]
CMD      : M221 S200
TRUST    : acc_cmd=1.000 | acc_exec=1.000 | trust=0.001
DECISION : PAUSE
MACHINE  : Machine-2
------------------------------------------------------------
[SEQ 101] [STATIC-BASELINE]
CMD      : M221 | effects={'M': 221.0, 'S': 200.0}
DECISION : BLOCK
------------------------------------------------------------
[SEQ 101] [IEEE-BASELINE]
SCORE    : anomaly_score=0.000
DECISION : ALLOW
------------------------------------------------------------
[SEQ 102] [LAYER 0]
CMD      : M221 S200
TRUST    : acc_cmd=1.000 | acc_exec=1.000 | trust=0.001
DECISION : PAUSE
MACHINE  : Machine-2
------------------------------------------------------------
[SEQ 102] [STATIC-BASELINE]
CMD      : M221 | effects={'M': 221.0, 'S': 200.0}
DECISION : BLOCK
------------------------------------------------------------
[SEQ 102] [IEEE-BASELINE]
SCORE    : anomaly_score=0.000
DECISION : ALLOW
------------------------------------------------------------
[SEQ 103] [LAYER 0]
CMD      : M221 S200
TRUST    : acc_cmd=1.000 | acc_exec=1.000 | trust=0.001
DECISION : PAUSE
MACHINE  : Machine-2
------------------------------------------------------------
[SEQ 103] [STATIC-BASELINE]
CMD      : M221 | effects={'M': 221.0, 'S': 200.0}
DECISION : BLOCK
------------------------------------------------------------
[SEQ 103] [IEEE-BASELINE]
SCORE    : anomaly_score=0.000
DECISION : ALLOW
------------------------------------------------------------
[SEQ 104] [LAYER 0]
CMD      : M221 S200
TRUST    : acc_cmd=1.000 | acc_exec=1.000 | trust=0.001
DECISION : PAUSE
MACHINE  : Machine-2
------------------------------------------------------------
[SEQ 104] [STATIC-BASELINE]
CMD      : M221 | effects={'M': 221.0, 'S': 200.0}
DECISION : BLOCK
------------------------------------------------------------
[SEQ 104] [IEEE-BASELINE]
SCORE    : anomaly_score=0.000
DECISION : ALLOW
------------------------------------------------------------
[SEQ 105] [LAYER 0]
CMD      : M92 E2000
TRUST    : acc_cmd=1.000 | acc_exec=1.000 | trust=0.001
DECISION : PAUSE
MACHINE  : Machine-2
------------------------------------------------------------
[SEQ 105] [STATIC-BASELINE]
CMD      : M92 | effects={'M': 92.0, 'E': 2000.0}
DECISION : BLOCK
------------------------------------------------------------
[SEQ 105] [IEEE-BASELINE]
SCORE    : anomaly_score=0.000
DECISION : ALLOW
------------------------------------------------------------
[SEQ 106] [LAYER 0]
CMD      : M92 E2000
TRUST    : acc_cmd=1.000 | acc_exec=1.000 | trust=0.001
DECISION : PAUSE
MACHINE  : Machine-2
------------------------------------------------------------
[SEQ 106] [STATIC-BASELINE]
CMD      : M92 | effects={'M': 92.0, 'E': 2000.0}
DECISION : BLOCK
------------------------------------------------------------
[SEQ 106] [IEEE-BASELINE]
SCORE    : anomaly_score=0.000
DECISION : ALLOW
------------------------------------------------------------
[SEQ 107] [LAYER 0]
CMD      : G92 E1000
TRUST    : acc_cmd=0.000 | acc_exec=1.000 | trust=0.001
DECISION : PAUSE
MACHINE  : Machine-2
------------------------------------------------------------
[SEQ 107] [STATIC-BASELINE]
CMD      : G92 | effects={'reset': {'G': 92.0, 'E': 1000.0}}
DECISION : BLOCK
------------------------------------------------------------
[SEQ 107] [IEEE-BASELINE]
SCORE    : anomaly_score=0.000
DECISION : ALLOW
------------------------------------------------------------
[SEQ 108] [LAYER 0]
CMD      : M221 S200
TRUST    : acc_cmd=1.000 | acc_exec=1.000 | trust=0.001
DECISION : PAUSE
MACHINE  : Machine-2
------------------------------------------------------------
[SEQ 108] [STATIC-BASELINE]
CMD      : M221 | effects={'M': 221.0, 'S': 200.0}
DECISION : BLOCK
------------------------------------------------------------
[SEQ 108] [IEEE-BASELINE]
SCORE    : anomaly_score=0.000
DECISION : ALLOW
------------------------------------------------------------
[SEQ 109] [LAYER 0]
CMD      : M92 E2000
TRUST    : acc_cmd=1.000 | acc_exec=1.000 | trust=0.001
DECISION : PAUSE
MACHINE  : Machine-2
------------------------------------------------------------
[SEQ 109] [STATIC-BASELINE]
CMD      : M92 | effects={'M': 92.0, 'E': 2000.0}
DECISION : BLOCK
------------------------------------------------------------
[SEQ 109] [IEEE-BASELINE]
SCORE    : anomaly_score=0.000
DECISION : ALLOW
------------------------------------------------------------
[SEQ 110] [LAYER 0]
CMD      : G92 E1000
TRUST    : acc_cmd=0.000 | acc_exec=1.000 | trust=0.001
DECISION : PAUSE
MACHINE  : Machine-2
------------------------------------------------------------
[SEQ 110] [STATIC-BASELINE]
CMD      : G92 | effects={'reset': {'G': 92.0, 'E': 1000.0}}
DECISION : BLOCK
------------------------------------------------------------
[SEQ 110] [IEEE-BASELINE]
SCORE    : anomaly_score=0.000
DECISION : ALLOW
------------------------------------------------------------
[SEQ 111] [LAYER 0]
CMD      : G1 X159.528 Y125.957 E2.76585
TRUST    : acc_cmd=0.000 | acc_exec=1.000 | trust=0.001
DECISION : PAUSE
MACHINE  : Machine-2
------------------------------------------------------------
[SEQ 111] [STATIC-BASELINE]
CMD      : G1 | effects={'dx': 2.1639999999999873, 'dy': 2.1999999999999886, 'dz': 0.0, 'de': -997.23415, 'xy_dist': 3.085918987919141, 'params': {'G': 1.0, 'X': 159.528, 'Y': 125.957, 'E': 2.76585}}
DECISION : ALLOW
------------------------------------------------------------
[SEQ 111] [IEEE-BASELINE]
SCORE    : anomaly_score=0.000
DECISION : ALLOW
------------------------------------------------------------
[SEQ 112] [LAYER 0]
CMD      : M221 S200
TRUST    : acc_cmd=1.000 | acc_exec=1.000 | trust=0.001
DECISION : PAUSE
MACHINE  : Machine-2
------------------------------------------------------------
[SEQ 112] [STATIC-BASELINE]
CMD      : M221 | effects={'M': 221.0, 'S': 200.0}
DECISION : BLOCK
------------------------------------------------------------
[SEQ 112] [IEEE-BASELINE]
SCORE    : anomaly_score=0.000
DECISION : ALLOW
------------------------------------------------------------
[SEQ 113] [LAYER 0]
CMD      : G1 X157.056 Y121.189 E2.86864
TRUST    : acc_cmd=0.000 | acc_exec=0.000 | trust=0.007
DECISION : PAUSE
MACHINE  : Machine-2
------------------------------------------------------------
[SEQ 113] [STATIC-BASELINE]
CMD      : G1 | effects={'dx': -2.47199999999998, 'dy': -4.768000000000001, 'dz': 0.0, 'de': 0.10279000000000016, 'xy_dist': 5.370717642922584, 'params': {'G': 1.0, 'X': 157.056, 'Y': 121.189, 'E': 2.86864}}
DECISION : ALLOW
------------------------------------------------------------
[SEQ 113] [IEEE-BASELINE]
SCORE    : anomaly_score=0.000
DECISION : ALLOW
------------------------------------------------------------
[SEQ 114] [LAYER 0]
CMD      : G1 X157.02 Y118.954 E2.91068
TRUST    : acc_cmd=0.000 | acc_exec=0.000 | trust=0.043
DECISION : PAUSE
MACHINE  : Machine-2
------------------------------------------------------------
[SEQ 114] [STATIC-BASELINE]
CMD      : G1 | effects={'dx': -0.036000000000001364, 'dy': -2.2349999999999994, 'dz': 0.0, 'de': 0.04204000000000008, 'xy_dist': 2.2352899140827343, 'params': {'G': 1.0, 'X': 157.02, 'Y': 118.954, 'E': 2.91068}}
DECISION : ALLOW
------------------------------------------------------------
[SEQ 114] [IEEE-BASELINE]
SCORE    : anomaly_score=0.000
DECISION : ALLOW
------------------------------------------------------------
[SEQ 115] [LAYER 0]
CMD      : G1 X157.155 Y118.288 E2.92346
TRUST    : acc_cmd=0.000 | acc_exec=0.000 | trust=0.136
DECISION : PAUSE
MACHINE  : Machine-2
------------------------------------------------------------
[SEQ 115] [STATIC-BASELINE]
CMD      : G1 | effects={'dx': 0.1349999999999909, 'dy': -0.6659999999999968, 'dz': 0.0, 'de': 0.012779999999999792, 'xy_dist': 0.6795447005164512, 'params': {'G': 1.0, 'X': 157.155, 'Y': 118.288, 'E': 2.92346}}
DECISION : ALLOW
------------------------------------------------------------
[SEQ 115] [IEEE-BASELINE]
SCORE    : anomaly_score=0.000
DECISION : ALLOW
------------------------------------------------------------
[SEQ 116] [LAYER 0]
CMD      : M221 S200
TRUST    : acc_cmd=1.000 | acc_exec=1.000 | trust=0.066
DECISION : PAUSE
MACHINE  : Machine-2
------------------------------------------------------------
[SEQ 116] [STATIC-BASELINE]
CMD      : M221 | effects={'M': 221.0, 'S': 200.0}
DECISION : BLOCK
------------------------------------------------------------
[SEQ 116] [IEEE-BASELINE]
SCORE    : anomaly_score=0.000
DECISION : ALLOW
------------------------------------------------------------
[SEQ 117] [LAYER 0]
CMD      : M221 S200
TRUST    : acc_cmd=1.000 | acc_exec=1.000 | trust=0.029
DECISION : PAUSE
MACHINE  : Machine-2
------------------------------------------------------------
[SEQ 117] [STATIC-BASELINE]
CMD      : M221 | effects={'M': 221.0, 'S': 200.0}
DECISION : BLOCK
------------------------------------------------------------
[SEQ 117] [IEEE-BASELINE]
SCORE    : anomaly_score=0.000
DECISION : ALLOW
------------------------------------------------------------
[SEQ 118] [LAYER 0]
CMD      : G92 E1000
TRUST    : acc_cmd=0.000 | acc_exec=1.000 | trust=0.013
DECISION : PAUSE
MACHINE  : Machine-2
------------------------------------------------------------
[SEQ 118] [STATIC-BASELINE]
CMD      : G92 | effects={'reset': {'G': 92.0, 'E': 1000.0}}
DECISION : BLOCK
------------------------------------------------------------
[SEQ 118] [IEEE-BASELINE]
SCORE    : anomaly_score=0.000
DECISION : ALLOW
------------------------------------------------------------
[SEQ 119] [LAYER 0]
CMD      : M221 S200
TRUST    : acc_cmd=1.000 | acc_exec=1.000 | trust=0.006
DECISION : PAUSE
MACHINE  : Machine-2
------------------------------------------------------------
[SEQ 119] [STATIC-BASELINE]
CMD      : M221 | effects={'M': 221.0, 'S': 200.0}
DECISION : BLOCK
------------------------------------------------------------
[SEQ 119] [IEEE-BASELINE]
SCORE    : anomaly_score=0.000
DECISION : ALLOW
------------------------------------------------------------
[SEQ 120] [LAYER 0]
CMD      : M221 S200
TRUST    : acc_cmd=1.000 | acc_exec=1.000 | trust=0.003
DECISION : PAUSE
MACHINE  : Machine-2
------------------------------------------------------------
[SEQ 120] [STATIC-BASELINE]
CMD      : M221 | effects={'M': 221.0, 'S': 200.0}
DECISION : BLOCK
------------------------------------------------------------
[SEQ 120] [IEEE-BASELINE]
SCORE    : anomaly_score=0.000
DECISION : ALLOW
------------------------------------------------------------
[SEQ 121] [LAYER 0]
CMD      : M221 S200
TRUST    : acc_cmd=1.000 | acc_exec=1.000 | trust=0.002
DECISION : PAUSE
MACHINE  : Machine-2
------------------------------------------------------------
[SEQ 121] [STATIC-BASELINE]
CMD      : M221 | effects={'M': 221.0, 'S': 200.0}
DECISION : BLOCK
------------------------------------------------------------
[SEQ 121] [IEEE-BASELINE]
SCORE    : anomaly_score=0.000
DECISION : ALLOW
------------------------------------------------------------
[SEQ 122] [LAYER 0]
CMD      : G92 E1000
TRUST    : acc_cmd=0.000 | acc_exec=1.000 | trust=0.001
DECISION : PAUSE
MACHINE  : Machine-2
------------------------------------------------------------
[SEQ 122] [STATIC-BASELINE]
CMD      : G92 | effects={'reset': {'G': 92.0, 'E': 1000.0}}
DECISION : BLOCK
------------------------------------------------------------
[SEQ 122] [IEEE-BASELINE]
SCORE    : anomaly_score=0.000
DECISION : ALLOW
------------------------------------------------------------
[SEQ 123] [LAYER 0]
CMD      : M92 E2000
TRUST    : acc_cmd=1.000 | acc_exec=1.000 | trust=0.001
DECISION : PAUSE
MACHINE  : Machine-2
------------------------------------------------------------
[SEQ 123] [STATIC-BASELINE]
CMD      : M92 | effects={'M': 92.0, 'E': 2000.0}
DECISION : BLOCK
------------------------------------------------------------
[SEQ 123] [IEEE-BASELINE]
SCORE    : anomaly_score=0.000
DECISION : ALLOW
------------------------------------------------------------
[SEQ 124] [LAYER 0]
CMD      : M92 E2000
TRUST    : acc_cmd=1.000 | acc_exec=1.000 | trust=0.001
DECISION : PAUSE
MACHINE  : Machine-2
------------------------------------------------------------
[SEQ 124] [STATIC-BASELINE]
CMD      : M92 | effects={'M': 92.0, 'E': 2000.0}
DECISION : BLOCK
------------------------------------------------------------
[SEQ 124] [IEEE-BASELINE]
SCORE    : anomaly_score=0.000
DECISION : ALLOW
------------------------------------------------------------
[SEQ 125] [LAYER 0]
CMD      : M221 S200
TRUST    : acc_cmd=1.000 | acc_exec=1.000 | trust=0.001
DECISION : PAUSE
MACHINE  : Machine-2
------------------------------------------------------------
[SEQ 125] [STATIC-BASELINE]
CMD      : M221 | effects={'M': 221.0, 'S': 200.0}
DECISION : BLOCK
------------------------------------------------------------
[SEQ 125] [IEEE-BASELINE]
SCORE    : anomaly_score=0.000
DECISION : ALLOW
------------------------------------------------------------
[SEQ 126] [LAYER 0]
CMD      : M92 E2000
TRUST    : acc_cmd=1.000 | acc_exec=1.000 | trust=0.001
DECISION : PAUSE
MACHINE  : Machine-2
------------------------------------------------------------
[SEQ 126] [STATIC-BASELINE]
CMD      : M92 | effects={'M': 92.0, 'E': 2000.0}
DECISION : BLOCK
------------------------------------------------------------
[SEQ 126] [IEEE-BASELINE]
SCORE    : anomaly_score=0.000
DECISION : ALLOW
------------------------------------------------------------
[SEQ 127] [LAYER 0]
CMD      : M92 E2000
TRUST    : acc_cmd=1.000 | acc_exec=1.000 | trust=0.001
DECISION : PAUSE
MACHINE  : Machine-2
------------------------------------------------------------
[SEQ 127] [STATIC-BASELINE]
CMD      : M92 | effects={'M': 92.0, 'E': 2000.0}
DECISION : BLOCK
------------------------------------------------------------
[SEQ 127] [IEEE-BASELINE]
SCORE    : anomaly_score=0.000
DECISION : ALLOW
------------------------------------------------------------
[SEQ 128] [LAYER 0]
CMD      : G1 X172.587 Y118.848 E3.32404
TRUST    : acc_cmd=0.000 | acc_exec=1.000 | trust=0.001
DECISION : PAUSE
MACHINE  : Machine-2
------------------------------------------------------------
[SEQ 128] [STATIC-BASELINE]
CMD      : G1 | effects={'dx': 15.431999999999988, 'dy': 0.5600000000000023, 'dz': 0.0, 'de': -996.67596, 'xy_dist': 15.442157362234061, 'params': {'G': 1.0, 'X': 172.587, 'Y': 118.848, 'E': 3.32404}}
DECISION : ALLOW
------------------------------------------------------------
[SEQ 128] [IEEE-BASELINE]
SCORE    : anomaly_score=0.000
DECISION : ALLOW
------------------------------------------------------------
[SEQ 129] [LAYER 0]
CMD      : M221 S200
TRUST    : acc_cmd=1.000 | acc_exec=1.000 | trust=0.001
DECISION : PAUSE
MACHINE  : Machine-2
------------------------------------------------------------
[SEQ 129] [STATIC-BASELINE]
CMD      : M221 | effects={'M': 221.0, 'S': 200.0}
DECISION : BLOCK
------------------------------------------------------------
[SEQ 129] [IEEE-BASELINE]
SCORE    : anomaly_score=0.000
DECISION : ALLOW
------------------------------------------------------------
[SEQ 130] [LAYER 0]
CMD      : M92 E2000
TRUST    : acc_cmd=1.000 | acc_exec=1.000 | trust=0.001
DECISION : PAUSE
MACHINE  : Machine-2
------------------------------------------------------------
[SEQ 130] [STATIC-BASELINE]
CMD      : M92 | effects={'M': 92.0, 'E': 2000.0}
DECISION : BLOCK
------------------------------------------------------------
[SEQ 130] [IEEE-BASELINE]
SCORE    : anomaly_score=0.000
DECISION : ALLOW
------------------------------------------------------------
[SEQ 131] [LAYER 0]
CMD      : G92 E1000
TRUST    : acc_cmd=0.000 | acc_exec=1.000 | trust=0.001
DECISION : PAUSE
MACHINE  : Machine-2
------------------------------------------------------------
[SEQ 131] [STATIC-BASELINE]
CMD      : G92 | effects={'reset': {'G': 92.0, 'E': 1000.0}}
DECISION : BLOCK
------------------------------------------------------------
[SEQ 131] [IEEE-BASELINE]
SCORE    : anomaly_score=0.000
DECISION : ALLOW
------------------------------------------------------------
[SEQ 132] [LAYER 0]
CMD      : G92 E1000
TRUST    : acc_cmd=0.000 | acc_exec=1.000 | trust=0.001
DECISION : PAUSE
MACHINE  : Machine-2
------------------------------------------------------------
[SEQ 132] [STATIC-BASELINE]
CMD      : G92 | effects={'reset': {'G': 92.0, 'E': 1000.0}}
DECISION : BLOCK
------------------------------------------------------------
[SEQ 132] [IEEE-BASELINE]
SCORE    : anomaly_score=0.000
DECISION : ALLOW
------------------------------------------------------------
[SEQ 133] [LAYER 0]
CMD      : G92 E1000
TRUST    : acc_cmd=0.000 | acc_exec=1.000 | trust=0.001
DECISION : PAUSE
MACHINE  : Machine-2
------------------------------------------------------------
[SEQ 133] [STATIC-BASELINE]
CMD      : G92 | effects={'reset': {'G': 92.0, 'E': 1000.0}}
DECISION : BLOCK
------------------------------------------------------------
[SEQ 133] [IEEE-BASELINE]
SCORE    : anomaly_score=0.000
DECISION : ALLOW
------------------------------------------------------------
[SEQ 134] [LAYER 0]
CMD      : M92 E2000
TRUST    : acc_cmd=1.000 | acc_exec=1.000 | trust=0.001
DECISION : PAUSE
MACHINE  : Machine-2
------------------------------------------------------------
[SEQ 134] [STATIC-BASELINE]
CMD      : M92 | effects={'M': 92.0, 'E': 2000.0}
DECISION : BLOCK
------------------------------------------------------------
[SEQ 134] [IEEE-BASELINE]
SCORE    : anomaly_score=0.000
DECISION : ALLOW
------------------------------------------------------------
[SEQ 135] [LAYER 0]
CMD      : G92 E1000
TRUST    : acc_cmd=0.000 | acc_exec=1.000 | trust=0.001
DECISION : PAUSE
MACHINE  : Machine-2
------------------------------------------------------------
[SEQ 135] [STATIC-BASELINE]
CMD      : G92 | effects={'reset': {'G': 92.0, 'E': 1000.0}}
DECISION : BLOCK
------------------------------------------------------------
[SEQ 135] [IEEE-BASELINE]
SCORE    : anomaly_score=0.000
DECISION : ALLOW
------------------------------------------------------------
[SEQ 136] [LAYER 0]
CMD      : G1 X161.801 Y126.927 E3.63257
TRUST    : acc_cmd=0.000 | acc_exec=1.000 | trust=0.001
DECISION : PAUSE
MACHINE  : Machine-2
------------------------------------------------------------
[SEQ 136] [STATIC-BASELINE]
CMD      : G1 | effects={'dx': -10.786000000000001, 'dy': 8.079000000000008, 'dz': 0.0, 'de': -996.36743, 'xy_dist': 13.47620261794843, 'params': {'G': 1.0, 'X': 161.801, 'Y': 126.927, 'E': 3.63257}}
DECISION : ALLOW
------------------------------------------------------------
[SEQ 136] [IEEE-BASELINE]
SCORE    : anomaly_score=0.000
DECISION : ALLOW
------------------------------------------------------------
[SEQ 137] [LAYER 0]
CMD      : M221 S200
TRUST    : acc_cmd=1.000 | acc_exec=1.000 | trust=0.001
DECISION : PAUSE
MACHINE  : Machine-2
------------------------------------------------------------
[SEQ 137] [STATIC-BASELINE]
CMD      : M221 | effects={'M': 221.0, 'S': 200.0}
DECISION : BLOCK
------------------------------------------------------------
[SEQ 137] [IEEE-BASELINE]
SCORE    : anomaly_score=0.000
DECISION : ALLOW
------------------------------------------------------------
[SEQ 138] [LAYER 0]
CMD      : G92 E1000
TRUST    : acc_cmd=0.000 | acc_exec=1.000 | trust=0.001
DECISION : PAUSE
MACHINE  : Machine-2
------------------------------------------------------------
[SEQ 138] [STATIC-BASELINE]
CMD      : G92 | effects={'reset': {'G': 92.0, 'E': 1000.0}}
DECISION : BLOCK
------------------------------------------------------------
[SEQ 138] [IEEE-BASELINE]
SCORE    : anomaly_score=0.000
DECISION : ALLOW
------------------------------------------------------------
[SEQ 139] [LAYER 0]
CMD      : G1 X157.455 Y121.13 E3.77471
TRUST    : acc_cmd=0.000 | acc_exec=1.000 | trust=0.001
DECISION : PAUSE
MACHINE  : Machine-2
------------------------------------------------------------
[SEQ 139] [STATIC-BASELINE]
CMD      : G1 | effects={'dx': -4.345999999999975, 'dy': -5.797000000000011, 'dz': 0.0, 'de': -996.22529, 'xy_dist': 7.2452001352619595, 'params': {'G': 1.0, 'X': 157.455, 'Y': 121.13, 'E': 3.77471}}
DECISION : ALLOW
------------------------------------------------------------
[SEQ 139] [IEEE-BASELINE]
SCORE    : anomaly_score=0.000
DECISION : ALLOW
------------------------------------------------------------
[SEQ 140] [LAYER 0]
CMD      : G92 E1000
TRUST    : acc_cmd=0.000 | acc_exec=1.000 | trust=0.001
DECISION : PAUSE
MACHINE  : Machine-2
------------------------------------------------------------
[SEQ 140] [STATIC-BASELINE]
CMD      : G92 | effects={'reset': {'G': 92.0, 'E': 1000.0}}
DECISION : BLOCK
------------------------------------------------------------
[SEQ 140] [IEEE-BASELINE]
SCORE    : anomaly_score=0.000
DECISION : ALLOW
------------------------------------------------------------
[SEQ 141] [LAYER 0]
CMD      : M221 S200
TRUST    : acc_cmd=1.000 | acc_exec=1.000 | trust=0.001
DECISION : PAUSE
MACHINE  : Machine-2
------------------------------------------------------------
[SEQ 141] [STATIC-BASELINE]
CMD      : M221 | effects={'M': 221.0, 'S': 200.0}
DECISION : BLOCK
------------------------------------------------------------
[SEQ 141] [IEEE-BASELINE]
SCORE    : anomaly_score=0.000
DECISION : ALLOW
------------------------------------------------------------
[SEQ 142] [LAYER 0]
CMD      : G1 X158.255 Y116.566 E3.86333
TRUST    : acc_cmd=0.000 | acc_exec=1.000 | trust=0.001
DECISION : PAUSE
MACHINE  : Machine-2
------------------------------------------------------------
[SEQ 142] [STATIC-BASELINE]
CMD      : G1 | effects={'dx': 0.799999999999983, 'dy': -4.563999999999993, 'dz': 0.0, 'de': -996.13667, 'xy_dist': 4.63358349444573, 'params': {'G': 1.0, 'X': 158.255, 'Y': 116.566, 'E': 3.86333}}
DECISION : ALLOW
------------------------------------------------------------
[SEQ 142] [IEEE-BASELINE]
SCORE    : anomaly_score=0.000
DECISION : ALLOW
------------------------------------------------------------
[SEQ 143] [LAYER 0]
CMD      : M221 S200
TRUST    : acc_cmd=1.000 | acc_exec=1.000 | trust=0.001
DECISION : PAUSE
MACHINE  : Machine-2
------------------------------------------------------------
[SEQ 143] [STATIC-BASELINE]
CMD      : M221 | effects={'M': 221.0, 'S': 200.0}
DECISION : BLOCK
------------------------------------------------------------
[SEQ 143] [IEEE-BASELINE]
SCORE    : anomaly_score=0.000
DECISION : ALLOW
------------------------------------------------------------
[SEQ 144] [LAYER 0]
CMD      : G0 F3600 X159.174 Y115.757
TRUST    : acc_cmd=0.000 | acc_exec=0.000 | trust=0.007
DECISION : PAUSE
MACHINE  : Machine-2
------------------------------------------------------------
[SEQ 144] [STATIC-BASELINE]
CMD      : G0 | effects={'dx': 0.9190000000000111, 'dy': -0.8089999999999975, 'dz': 0.0, 'de': 0.0, 'xy_dist': 1.2243537070634516, 'params': {'G': 0.0, 'F': 3600.0, 'X': 159.174, 'Y': 115.757}}
DECISION : ALLOW
------------------------------------------------------------
[SEQ 144] [IEEE-BASELINE]
SCORE    : anomaly_score=0.000
DECISION : ALLOW
------------------------------------------------------------
[SEQ 145] [LAYER 0]
CMD      : M221 S200
TRUST    : acc_cmd=1.000 | acc_exec=1.000 | trust=0.005
DECISION : PAUSE
MACHINE  : Machine-2
------------------------------------------------------------
[SEQ 145] [STATIC-BASELINE]
CMD      : M221 | effects={'M': 221.0, 'S': 200.0}
DECISION : BLOCK
------------------------------------------------------------
[SEQ 145] [IEEE-BASELINE]
SCORE    : anomaly_score=0.000
DECISION : ALLOW
------------------------------------------------------------
[SEQ 146] [LAYER 0]
CMD      : G92 E1000
TRUST    : acc_cmd=0.000 | acc_exec=1.000 | trust=0.003
DECISION : PAUSE
MACHINE  : Machine-2
------------------------------------------------------------
[SEQ 146] [STATIC-BASELINE]
CMD      : G92 | effects={'reset': {'G': 92.0, 'E': 1000.0}}
DECISION : BLOCK
------------------------------------------------------------
[SEQ 146] [IEEE-BASELINE]
SCORE    : anomaly_score=0.000
DECISION : ALLOW
------------------------------------------------------------
[SEQ 147] [LAYER 0]
CMD      : G1 X162.704 Y113.2 E3.96937
TRUST    : acc_cmd=0.000 | acc_exec=1.000 | trust=0.002
DECISION : PAUSE
MACHINE  : Machine-2
------------------------------------------------------------
[SEQ 147] [STATIC-BASELINE]
CMD      : G1 | effects={'dx': 3.530000000000001, 'dy': -2.557000000000002, 'dz': 0.0, 'de': -996.03063, 'xy_dist': 4.358801326052842, 'params': {'G': 1.0, 'X': 162.704, 'Y': 113.2, 'E': 3.96937}}
DECISION : ALLOW
------------------------------------------------------------
[SEQ 147] [IEEE-BASELINE]
SCORE    : anomaly_score=0.000
DECISION : ALLOW
------------------------------------------------------------
[SEQ 148] [LAYER 0]
CMD      : G1 X163.864 Y112.857 E3.99212
TRUST    : acc_cmd=0.000 | acc_exec=0.000 | trust=0.011
DECISION : PAUSE
MACHINE  : Machine-2
------------------------------------------------------------
[SEQ 148] [STATIC-BASELINE]
CMD      : G1 | effects={'dx': 1.1599999999999966, 'dy': -0.3430000000000035, 'dz': 0.0, 'de': 0.022749999999999826, 'xy_dist': 1.2096482959935067, 'params': {'G': 1.0, 'X': 163.864, 'Y': 112.857, 'E': 3.99212}}
DECISION : ALLOW
------------------------------------------------------------
[SEQ 148] [IEEE-BASELINE]
SCORE    : anomaly_score=0.000
DECISION : ALLOW
------------------------------------------------------------
[SEQ 149] [LAYER 0]
CMD      : M92 E2000
TRUST    : acc_cmd=1.000 | acc_exec=1.000 | trust=0.007
DECISION : PAUSE
MACHINE  : Machine-2
------------------------------------------------------------
[SEQ 149] [STATIC-BASELINE]
CMD      : M92 | effects={'M': 92.0, 'E': 2000.0}
DECISION : BLOCK
------------------------------------------------------------
[SEQ 149] [IEEE-BASELINE]
SCORE    : anomaly_score=0.000
DECISION : ALLOW
------------------------------------------------------------
[SEQ 150] [LAYER 0]
CMD      : M92 E2000
TRUST    : acc_cmd=1.000 | acc_exec=1.000 | trust=0.004
DECISION : PAUSE
MACHINE  : Machine-2
------------------------------------------------------------
[SEQ 150] [STATIC-BASELINE]
CMD      : M92 | effects={'M': 92.0, 'E': 2000.0}
DECISION : BLOCK
------------------------------------------------------------
[SEQ 150] [IEEE-BASELINE]
SCORE    : anomaly_score=0.000
DECISION : ALLOW
------------------------------------------------------------
[SEQ 151] [LAYER 0]
CMD      : M221 S200
TRUST    : acc_cmd=1.000 | acc_exec=1.000 | trust=0.002
DECISION : PAUSE
MACHINE  : Machine-2
------------------------------------------------------------
[SEQ 151] [STATIC-BASELINE]
CMD      : M221 | effects={'M': 221.0, 'S': 200.0}
DECISION : BLOCK
------------------------------------------------------------
[SEQ 151] [IEEE-BASELINE]
SCORE    : anomaly_score=0.000
DECISION : ALLOW
------------------------------------------------------------
[SEQ 152] [LAYER 0]
CMD      : G1 X171.118 Y116.135 E4.15034
TRUST    : acc_cmd=0.000 | acc_exec=0.000 | trust=0.011
DECISION : PAUSE
MACHINE  : Machine-2
------------------------------------------------------------
[SEQ 152] [STATIC-BASELINE]
CMD      : G1 | effects={'dx': 7.253999999999991, 'dy': 3.278000000000006, 'dz': 0.0, 'de': 0.15822000000000003, 'xy_dist': 7.960263814723725, 'params': {'G': 1.0, 'X': 171.118, 'Y': 116.135, 'E': 4.15034}}
DECISION : ALLOW
------------------------------------------------------------
[SEQ 152] [IEEE-BASELINE]
SCORE    : anomaly_score=0.000
DECISION : ALLOW
------------------------------------------------------------
[SEQ 153] [LAYER 0]
CMD      : G92 E1000
TRUST    : acc_cmd=0.000 | acc_exec=1.000 | trust=0.007
DECISION : PAUSE
MACHINE  : Machine-2
------------------------------------------------------------
[SEQ 153] [STATIC-BASELINE]
CMD      : G92 | effects={'reset': {'G': 92.0, 'E': 1000.0}}
DECISION : BLOCK
------------------------------------------------------------
[SEQ 153] [IEEE-BASELINE]
SCORE    : anomaly_score=0.000
DECISION : ALLOW
------------------------------------------------------------
[SEQ 154] [LAYER 0]
CMD      : M92 E2000
TRUST    : acc_cmd=1.000 | acc_exec=1.000 | trust=0.004
DECISION : PAUSE
MACHINE  : Machine-2
------------------------------------------------------------
[SEQ 154] [STATIC-BASELINE]
CMD      : M92 | effects={'M': 92.0, 'E': 2000.0}
DECISION : BLOCK
------------------------------------------------------------
[SEQ 154] [IEEE-BASELINE]
SCORE    : anomaly_score=0.000
DECISION : ALLOW
------------------------------------------------------------
[SEQ 155] [LAYER 0]
CMD      : G92 E1000
TRUST    : acc_cmd=0.000 | acc_exec=1.000 | trust=0.002
DECISION : PAUSE
MACHINE  : Machine-2
------------------------------------------------------------
[SEQ 155] [STATIC-BASELINE]
CMD      : G92 | effects={'reset': {'G': 92.0, 'E': 1000.0}}
DECISION : BLOCK
------------------------------------------------------------
[SEQ 155] [IEEE-BASELINE]
SCORE    : anomaly_score=0.000
DECISION : ALLOW
------------------------------------------------------------
[SEQ 156] [LAYER 0]
CMD      : G92 E1000
TRUST    : acc_cmd=0.000 | acc_exec=1.000 | trust=0.001
DECISION : PAUSE
MACHINE  : Machine-2
------------------------------------------------------------
[SEQ 156] [STATIC-BASELINE]
CMD      : G92 | effects={'reset': {'G': 92.0, 'E': 1000.0}}
DECISION : BLOCK
------------------------------------------------------------
[SEQ 156] [IEEE-BASELINE]
SCORE    : anomaly_score=0.000
DECISION : ALLOW
------------------------------------------------------------
[SEQ 157] [LAYER 0]
CMD      : M221 S200
TRUST    : acc_cmd=1.000 | acc_exec=1.000 | trust=0.001
DECISION : PAUSE
MACHINE  : Machine-2
------------------------------------------------------------
[SEQ 157] [STATIC-BASELINE]
CMD      : M221 | effects={'M': 221.0, 'S': 200.0}
DECISION : BLOCK
------------------------------------------------------------
[SEQ 157] [IEEE-BASELINE]
SCORE    : anomaly_score=0.000
DECISION : ALLOW
------------------------------------------------------------
[SEQ 158] [LAYER 0]
CMD      : M221 S200
TRUST    : acc_cmd=1.000 | acc_exec=1.000 | trust=0.001
DECISION : PAUSE
MACHINE  : Machine-2
------------------------------------------------------------
[SEQ 158] [STATIC-BASELINE]
CMD      : M221 | effects={'M': 221.0, 'S': 200.0}
DECISION : BLOCK
------------------------------------------------------------
[SEQ 158] [IEEE-BASELINE]
SCORE    : anomaly_score=0.000
DECISION : ALLOW
------------------------------------------------------------
[SEQ 159] [LAYER 0]
CMD      : G1 X167.805 Y126.647 E4.3858
TRUST    : acc_cmd=0.000 | acc_exec=1.000 | trust=0.001
DECISION : PAUSE
MACHINE  : Machine-2
------------------------------------------------------------
[SEQ 159] [STATIC-BASELINE]
CMD      : G1 | effects={'dx': -3.312999999999988, 'dy': 10.512, 'dz': 0.0, 'de': -995.6142, 'xy_dist': 11.021710983327404, 'params': {'G': 1.0, 'X': 167.805, 'Y': 126.647, 'E': 4.3858}}
DECISION : ALLOW
------------------------------------------------------------
[SEQ 159] [IEEE-BASELINE]
SCORE    : anomaly_score=0.000
DECISION : ALLOW
------------------------------------------------------------
[SEQ 160] [LAYER 0]
CMD      : M221 S200
TRUST    : acc_cmd=1.000 | acc_exec=1.000 | trust=0.001
DECISION : PAUSE
MACHINE  : Machine-2
------------------------------------------------------------
[SEQ 160] [STATIC-BASELINE]
CMD      : M221 | effects={'M': 221.0, 'S': 200.0}
DECISION : BLOCK
------------------------------------------------------------
[SEQ 160] [IEEE-BASELINE]
SCORE    : anomaly_score=0.000
DECISION : ALLOW
------------------------------------------------------------
[SEQ 161] [LAYER 0]
CMD      : G1 X163.992 Y127.185 E4.45887
TRUST    : acc_cmd=0.000 | acc_exec=0.000 | trust=0.007
DECISION : PAUSE
MACHINE  : Machine-2
------------------------------------------------------------
[SEQ 161] [STATIC-BASELINE]
CMD      : G1 | effects={'dx': -3.8130000000000166, 'dy': 0.5379999999999967, 'dz': 0.0, 'de': 0.07307000000000041, 'xy_dist': 3.8507678455082335, 'params': {'G': 1.0, 'X': 163.992, 'Y': 127.185, 'E': 4.45887}}
DECISION : ALLOW
------------------------------------------------------------
[SEQ 161] [IEEE-BASELINE]
SCORE    : anomaly_score=0.000
DECISION : ALLOW
------------------------------------------------------------
[SEQ 162] [LAYER 0]
CMD      : M92 E2000
TRUST    : acc_cmd=1.000 | acc_exec=1.000 | trust=0.005
DECISION : PAUSE
MACHINE  : Machine-2
------------------------------------------------------------
[SEQ 162] [STATIC-BASELINE]
CMD      : M92 | effects={'M': 92.0, 'E': 2000.0}
DECISION : BLOCK
------------------------------------------------------------
[SEQ 162] [IEEE-BASELINE]
SCORE    : anomaly_score=0.000
DECISION : ALLOW
------------------------------------------------------------
[SEQ 163] [LAYER 0]
CMD      : M221 S200
TRUST    : acc_cmd=1.000 | acc_exec=1.000 | trust=0.003
DECISION : PAUSE
MACHINE  : Machine-2
------------------------------------------------------------
[SEQ 163] [STATIC-BASELINE]
CMD      : M221 | effects={'M': 221.0, 'S': 200.0}
DECISION : BLOCK
------------------------------------------------------------
[SEQ 163] [IEEE-BASELINE]
SCORE    : anomaly_score=0.000
DECISION : ALLOW
------------------------------------------------------------
[SEQ 164] [LAYER 0]
CMD      : M221 S200
TRUST    : acc_cmd=1.000 | acc_exec=1.000 | trust=0.002
DECISION : PAUSE
MACHINE  : Machine-2
------------------------------------------------------------
[SEQ 164] [STATIC-BASELINE]
CMD      : M221 | effects={'M': 221.0, 'S': 200.0}
DECISION : BLOCK
------------------------------------------------------------
[SEQ 164] [IEEE-BASELINE]
SCORE    : anomaly_score=0.000
DECISION : ALLOW
------------------------------------------------------------
[SEQ 165] [LAYER 0]
CMD      : M92 E2000
TRUST    : acc_cmd=1.000 | acc_exec=1.000 | trust=0.001
DECISION : PAUSE
MACHINE  : Machine-2
------------------------------------------------------------
[SEQ 165] [STATIC-BASELINE]
CMD      : M92 | effects={'M': 92.0, 'E': 2000.0}
DECISION : BLOCK
------------------------------------------------------------
[SEQ 165] [IEEE-BASELINE]
SCORE    : anomaly_score=0.000
DECISION : ALLOW
------------------------------------------------------------
[SEQ 166] [LAYER 0]
CMD      : M221 S200
TRUST    : acc_cmd=1.000 | acc_exec=1.000 | trust=0.001
DECISION : PAUSE
MACHINE  : Machine-2
------------------------------------------------------------
[SEQ 166] [STATIC-BASELINE]
CMD      : M221 | effects={'M': 221.0, 'S': 200.0}
DECISION : BLOCK
------------------------------------------------------------
[SEQ 166] [IEEE-BASELINE]
SCORE    : anomaly_score=0.000
DECISION : ALLOW
------------------------------------------------------------
[SEQ 167] [LAYER 0]
CMD      : M221 S200
TRUST    : acc_cmd=1.000 | acc_exec=1.000 | trust=0.001
DECISION : PAUSE
MACHINE  : Machine-2
------------------------------------------------------------
[SEQ 167] [STATIC-BASELINE]
CMD      : M221 | effects={'M': 221.0, 'S': 200.0}
DECISION : BLOCK
------------------------------------------------------------
[SEQ 167] [IEEE-BASELINE]
SCORE    : anomaly_score=0.000
DECISION : ALLOW
------------------------------------------------------------
[SEQ 168] [LAYER 0]
CMD      : M221 S200
TRUST    : acc_cmd=1.000 | acc_exec=1.000 | trust=0.001
DECISION : PAUSE
MACHINE  : Machine-2
------------------------------------------------------------
[SEQ 168] [STATIC-BASELINE]
CMD      : M221 | effects={'M': 221.0, 'S': 200.0}
DECISION : BLOCK
------------------------------------------------------------
[SEQ 168] [IEEE-BASELINE]
SCORE    : anomaly_score=0.000
DECISION : ALLOW
------------------------------------------------------------
[SEQ 169] [LAYER 0]
CMD      : G92 E1000
TRUST    : acc_cmd=0.000 | acc_exec=1.000 | trust=0.001
DECISION : PAUSE
MACHINE  : Machine-2
------------------------------------------------------------
[SEQ 169] [STATIC-BASELINE]
CMD      : G92 | effects={'reset': {'G': 92.0, 'E': 1000.0}}
DECISION : BLOCK
------------------------------------------------------------
[SEQ 169] [IEEE-BASELINE]
SCORE    : anomaly_score=0.000
DECISION : ALLOW
------------------------------------------------------------
[SEQ 170] [LAYER 0]
CMD      : M92 E2000
TRUST    : acc_cmd=1.000 | acc_exec=1.000 | trust=0.001
DECISION : PAUSE
MACHINE  : Machine-2
------------------------------------------------------------
[SEQ 170] [STATIC-BASELINE]
CMD      : M92 | effects={'M': 92.0, 'E': 2000.0}
DECISION : BLOCK
------------------------------------------------------------
[SEQ 170] [IEEE-BASELINE]
SCORE    : anomaly_score=0.000
DECISION : ALLOW
------------------------------------------------------------
[SEQ 171] [LAYER 0]
CMD      : G1 F1800 X160.73 Y114.674 E4.77266
TRUST    : acc_cmd=0.000 | acc_exec=1.000 | trust=0.001
DECISION : PAUSE
MACHINE  : Machine-2
------------------------------------------------------------
[SEQ 171] [STATIC-BASELINE]
CMD      : G1 | effects={'dx': -3.2620000000000005, 'dy': -12.510999999999996, 'dz': 0.0, 'de': -995.22734, 'xy_dist': 12.929260032963986, 'params': {'G': 1.0, 'F': 1800.0, 'X': 160.73, 'Y': 114.674, 'E': 4.77266}}
DECISION : ALLOW
------------------------------------------------------------
[SEQ 171] [IEEE-BASELINE]
SCORE    : anomaly_score=0.000
DECISION : ALLOW
------------------------------------------------------------
[SEQ 172] [LAYER 0]
CMD      : M92 E2000
TRUST    : acc_cmd=1.000 | acc_exec=1.000 | trust=0.001
DECISION : PAUSE
MACHINE  : Machine-2
------------------------------------------------------------
[SEQ 172] [STATIC-BASELINE]
CMD      : M92 | effects={'M': 92.0, 'E': 2000.0}
DECISION : BLOCK
------------------------------------------------------------
[SEQ 172] [IEEE-BASELINE]
SCORE    : anomaly_score=0.000
DECISION : ALLOW
------------------------------------------------------------
[SEQ 173] [LAYER 0]
CMD      : M221 S200
TRUST    : acc_cmd=1.000 | acc_exec=1.000 | trust=0.001
DECISION : PAUSE
MACHINE  : Machine-2
------------------------------------------------------------
[SEQ 173] [STATIC-BASELINE]
CMD      : M221 | effects={'M': 221.0, 'S': 200.0}
DECISION : BLOCK
------------------------------------------------------------
[SEQ 173] [IEEE-BASELINE]
SCORE    : anomaly_score=0.000
DECISION : ALLOW
------------------------------------------------------------
[SEQ 174] [LAYER 0]
CMD      : G1 X163.927 Y113.256 E4.8389
TRUST    : acc_cmd=0.000 | acc_exec=0.000 | trust=0.007
DECISION : PAUSE
MACHINE  : Machine-2
------------------------------------------------------------
[SEQ 174] [STATIC-BASELINE]
CMD      : G1 | effects={'dx': 3.1970000000000027, 'dy': -1.4180000000000064, 'dz': 0.0, 'de': 0.06623999999999963, 'xy_dist': 3.49736086213591, 'params': {'G': 1.0, 'X': 163.927, 'Y': 113.256, 'E': 4.8389}}
DECISION : ALLOW
------------------------------------------------------------
[SEQ 174] [IEEE-BASELINE]
SCORE    : anomaly_score=0.000
DECISION : ALLOW
------------------------------------------------------------
[SEQ 175] [LAYER 0]
CMD      : G1 X165.699 Y113.217 E4.87224
TRUST    : acc_cmd=0.000 | acc_exec=0.000 | trust=0.043
DECISION : PAUSE
MACHINE  : Machine-2
------------------------------------------------------------
[SEQ 175] [STATIC-BASELINE]
CMD      : G1 | effects={'dx': 1.7720000000000198, 'dy': -0.03900000000000148, 'dz': 0.0, 'de': 0.033339999999999925, 'xy_dist': 1.7724291241118981, 'params': {'G': 1.0, 'X': 165.699, 'Y': 113.217, 'E': 4.87224}}
DECISION : ALLOW
------------------------------------------------------------
[SEQ 175] [IEEE-BASELINE]
SCORE    : anomaly_score=0.000
DECISION : ALLOW
------------------------------------------------------------
[SEQ 176] [LAYER 0]
CMD      : G1 X167.444 Y113.627 E4.90596
TRUST    : acc_cmd=0.000 | acc_exec=0.000 | trust=0.136
DECISION : PAUSE
MACHINE  : Machine-2
------------------------------------------------------------
[SEQ 176] [STATIC-BASELINE]
CMD      : G1 | effects={'dx': 1.7449999999999761, 'dy': 0.4099999999999966, 'dz': 0.0, 'de': 0.03372000000000064, 'xy_dist': 1.7925191770243112, 'params': {'G': 1.0, 'X': 167.444, 'Y': 113.627, 'E': 4.90596}}
DECISION : ALLOW
------------------------------------------------------------
[SEQ 176] [IEEE-BASELINE]
SCORE    : anomaly_score=0.000
DECISION : ALLOW
------------------------------------------------------------
[SEQ 177] [LAYER 0]
CMD      : M92 E2000
TRUST    : acc_cmd=1.000 | acc_exec=1.000 | trust=0.066
DECISION : PAUSE
MACHINE  : Machine-2
------------------------------------------------------------
[SEQ 177] [STATIC-BASELINE]
CMD      : M92 | effects={'M': 92.0, 'E': 2000.0}
DECISION : BLOCK
------------------------------------------------------------
[SEQ 177] [IEEE-BASELINE]
SCORE    : anomaly_score=0.000
DECISION : ALLOW
------------------------------------------------------------
[SEQ 178] [LAYER 0]
CMD      : M92 E2000
TRUST    : acc_cmd=1.000 | acc_exec=1.000 | trust=0.029
DECISION : PAUSE
MACHINE  : Machine-2
------------------------------------------------------------
[SEQ 178] [STATIC-BASELINE]
CMD      : M92 | effects={'M': 92.0, 'E': 2000.0}
DECISION : BLOCK
------------------------------------------------------------
[SEQ 178] [IEEE-BASELINE]
SCORE    : anomaly_score=0.000
DECISION : ALLOW
------------------------------------------------------------
[SEQ 179] [LAYER 0]
CMD      : G92 E1000
TRUST    : acc_cmd=0.000 | acc_exec=1.000 | trust=0.013
DECISION : PAUSE
MACHINE  : Machine-2
------------------------------------------------------------
[SEQ 179] [STATIC-BASELINE]
CMD      : G92 | effects={'reset': {'G': 92.0, 'E': 1000.0}}
DECISION : BLOCK
------------------------------------------------------------
[SEQ 179] [IEEE-BASELINE]
SCORE    : anomaly_score=0.000
DECISION : ALLOW
------------------------------------------------------------
[SEQ 180] [LAYER 0]
CMD      : M221 S200
TRUST    : acc_cmd=1.000 | acc_exec=1.000 | trust=0.006
DECISION : PAUSE
MACHINE  : Machine-2
------------------------------------------------------------
[SEQ 180] [STATIC-BASELINE]
CMD      : M221 | effects={'M': 221.0, 'S': 200.0}
DECISION : BLOCK
------------------------------------------------------------
[SEQ 180] [IEEE-BASELINE]
SCORE    : anomaly_score=0.000
DECISION : ALLOW
------------------------------------------------------------
[SEQ 181] [LAYER 0]
CMD      : M221 S200
TRUST    : acc_cmd=1.000 | acc_exec=1.000 | trust=0.003
DECISION : PAUSE
MACHINE  : Machine-2
------------------------------------------------------------
[SEQ 181] [STATIC-BASELINE]
CMD      : M221 | effects={'M': 221.0, 'S': 200.0}
DECISION : BLOCK
------------------------------------------------------------
[SEQ 181] [IEEE-BASELINE]
SCORE    : anomaly_score=0.000
DECISION : ALLOW
------------------------------------------------------------
[SEQ 182] [LAYER 0]
CMD      : M92 E2000
TRUST    : acc_cmd=1.000 | acc_exec=1.000 | trust=0.002
DECISION : PAUSE
MACHINE  : Machine-2
------------------------------------------------------------
[SEQ 182] [STATIC-BASELINE]
CMD      : M92 | effects={'M': 92.0, 'E': 2000.0}
DECISION : BLOCK
------------------------------------------------------------
[SEQ 182] [IEEE-BASELINE]
SCORE    : anomaly_score=0.000
DECISION : ALLOW
------------------------------------------------------------
[SEQ 183] [LAYER 0]
CMD      : G92 E1000
TRUST    : acc_cmd=0.000 | acc_exec=1.000 | trust=0.001
DECISION : PAUSE
MACHINE  : Machine-2
------------------------------------------------------------
[SEQ 183] [STATIC-BASELINE]
CMD      : G92 | effects={'reset': {'G': 92.0, 'E': 1000.0}}
DECISION : BLOCK
------------------------------------------------------------
[SEQ 183] [IEEE-BASELINE]
SCORE    : anomaly_score=0.000
DECISION : ALLOW
------------------------------------------------------------
[SEQ 184] [LAYER 0]
CMD      : M92 E2000
TRUST    : acc_cmd=1.000 | acc_exec=1.000 | trust=0.001
DECISION : PAUSE
MACHINE  : Machine-2
------------------------------------------------------------
[SEQ 184] [STATIC-BASELINE]
CMD      : M92 | effects={'M': 92.0, 'E': 2000.0}
DECISION : BLOCK
------------------------------------------------------------
[SEQ 184] [IEEE-BASELINE]
SCORE    : anomaly_score=0.000
DECISION : ALLOW
------------------------------------------------------------
[SEQ 185] [LAYER 0]
CMD      : G92 E1000
TRUST    : acc_cmd=0.000 | acc_exec=1.000 | trust=0.001
DECISION : PAUSE
MACHINE  : Machine-2
------------------------------------------------------------
[SEQ 185] [STATIC-BASELINE]
CMD      : G92 | effects={'reset': {'G': 92.0, 'E': 1000.0}}
DECISION : BLOCK
------------------------------------------------------------
[SEQ 185] [IEEE-BASELINE]
SCORE    : anomaly_score=0.000
DECISION : ALLOW
------------------------------------------------------------
[SEQ 186] [LAYER 0]
CMD      : G1 X166.025 Y126.747 E5.24243
TRUST    : acc_cmd=0.000 | acc_exec=1.000 | trust=0.001
DECISION : PAUSE
MACHINE  : Machine-2
------------------------------------------------------------
[SEQ 186] [STATIC-BASELINE]
CMD      : G1 | effects={'dx': -1.4189999999999827, 'dy': 13.120000000000005, 'dz': 0.0, 'de': -994.75757, 'xy_dist': 13.1965132137243, 'params': {'G': 1.0, 'X': 166.025, 'Y': 126.747, 'E': 5.24243}}
DECISION : ALLOW
------------------------------------------------------------
[SEQ 186] [IEEE-BASELINE]
SCORE    : anomaly_score=0.000
DECISION : ALLOW
------------------------------------------------------------
[SEQ 187] [LAYER 0]
CMD      : G1 X164.048 Y126.784 E5.27962
TRUST    : acc_cmd=0.000 | acc_exec=0.000 | trust=0.007
DECISION : PAUSE
MACHINE  : Machine-2
------------------------------------------------------------
[SEQ 187] [STATIC-BASELINE]
CMD      : G1 | effects={'dx': -1.9770000000000039, 'dy': 0.03700000000000614, 'dz': 0.0, 'de': 0.03719000000000072, 'xy_dist': 1.9773462013517045, 'params': {'G': 1.0, 'X': 164.048, 'Y': 126.784, 'E': 5.27962}}
DECISION : ALLOW
------------------------------------------------------------
[SEQ 187] [IEEE-BASELINE]
SCORE    : anomaly_score=0.000
DECISION : ALLOW
------------------------------------------------------------
[SEQ 188] [LAYER 0]
CMD      : G1 X162.143 Y126.196 E5.31712
TRUST    : acc_cmd=0.000 | acc_exec=0.000 | trust=0.044
DECISION : PAUSE
MACHINE  : Machine-2
------------------------------------------------------------
[SEQ 188] [STATIC-BASELINE]
CMD      : G1 | effects={'dx': -1.9050000000000011, 'dy': -0.5880000000000081, 'dz': 0.0, 'de': 0.037499999999999645, 'xy_dist': 1.9936822715768965, 'params': {'G': 1.0, 'X': 162.143, 'Y': 126.196, 'E': 5.31712}}
DECISION : ALLOW
------------------------------------------------------------
[SEQ 188] [IEEE-BASELINE]
SCORE    : anomaly_score=0.000
DECISION : ALLOW
------------------------------------------------------------
[SEQ 189] [LAYER 0]
CMD      : G92 E1000
TRUST    : acc_cmd=0.000 | acc_exec=1.000 | trust=0.023
DECISION : PAUSE
MACHINE  : Machine-2
------------------------------------------------------------
[SEQ 189] [STATIC-BASELINE]
CMD      : G92 | effects={'reset': {'G': 92.0, 'E': 1000.0}}
DECISION : BLOCK
------------------------------------------------------------
[SEQ 189] [IEEE-BASELINE]
SCORE    : anomaly_score=0.000
DECISION : ALLOW
------------------------------------------------------------
[SEQ 190] [LAYER 0]
CMD      : G1 X158.824 Y123.037 E5.4047
TRUST    : acc_cmd=0.000 | acc_exec=1.000 | trust=0.011
DECISION : PAUSE
MACHINE  : Machine-2
------------------------------------------------------------
[SEQ 190] [STATIC-BASELINE]
CMD      : G1 | effects={'dx': -3.3189999999999884, 'dy': -3.158999999999992, 'dz': 0.0, 'de': -994.5953, 'xy_dist': 4.582034700872514, 'params': {'G': 1.0, 'X': 158.824, 'Y': 123.037, 'E': 5.4047}}
DECISION : ALLOW
------------------------------------------------------------
[SEQ 190] [IEEE-BASELINE]
SCORE    : anomaly_score=0.000
DECISION : ALLOW
------------------------------------------------------------
[SEQ 191] [LAYER 0]
CMD      : G92 E1000
TRUST    : acc_cmd=0.000 | acc_exec=1.000 | trust=0.005
DECISION : PAUSE
MACHINE  : Machine-2
------------------------------------------------------------
[SEQ 191] [STATIC-BASELINE]
CMD      : G92 | effects={'reset': {'G': 92.0, 'E': 1000.0}}
DECISION : BLOCK
------------------------------------------------------------
[SEQ 191] [IEEE-BASELINE]
SCORE    : anomaly_score=0.000
DECISION : ALLOW
------------------------------------------------------------
[SEQ 192] [LAYER 0]
CMD      : M92 E2000
TRUST    : acc_cmd=1.000 | acc_exec=1.000 | trust=0.003
DECISION : PAUSE
MACHINE  : Machine-2
------------------------------------------------------------
[SEQ 192] [STATIC-BASELINE]
CMD      : M92 | effects={'M': 92.0, 'E': 2000.0}
DECISION : BLOCK
------------------------------------------------------------
[SEQ 192] [IEEE-BASELINE]
SCORE    : anomaly_score=0.000
DECISION : ALLOW
------------------------------------------------------------
[SEQ 193] [LAYER 0]
CMD      : M92 E2000
TRUST    : acc_cmd=1.000 | acc_exec=1.000 | trust=0.002
DECISION : PAUSE
MACHINE  : Machine-2
------------------------------------------------------------
[SEQ 193] [STATIC-BASELINE]
CMD      : M92 | effects={'M': 92.0, 'E': 2000.0}
DECISION : BLOCK
------------------------------------------------------------
[SEQ 193] [IEEE-BASELINE]
SCORE    : anomaly_score=0.000
DECISION : ALLOW
------------------------------------------------------------
[SEQ 194] [LAYER 0]
CMD      : M221 S200
TRUST    : acc_cmd=1.000 | acc_exec=1.000 | trust=0.001
DECISION : PAUSE
MACHINE  : Machine-2
------------------------------------------------------------
[SEQ 194] [STATIC-BASELINE]
CMD      : M221 | effects={'M': 221.0, 'S': 200.0}
DECISION : BLOCK
------------------------------------------------------------
[SEQ 194] [IEEE-BASELINE]
SCORE    : anomaly_score=0.000
DECISION : ALLOW
------------------------------------------------------------
[SEQ 195] [LAYER 0]
CMD      : G1 X159.499 Y115.996 E5.54381
TRUST    : acc_cmd=0.000 | acc_exec=1.000 | trust=0.001
DECISION : PAUSE
MACHINE  : Machine-2
------------------------------------------------------------
[SEQ 195] [STATIC-BASELINE]
CMD      : G1 | effects={'dx': 0.674999999999983, 'dy': -7.041000000000011, 'dz': 0.0, 'de': -994.45619, 'xy_dist': 7.073281133957573, 'params': {'G': 1.0, 'X': 159.499, 'Y': 115.996, 'E': 5.54381}}
DECISION : ALLOW
------------------------------------------------------------
[SEQ 195] [IEEE-BASELINE]
SCORE    : anomaly_score=0.000
DECISION : ALLOW
------------------------------------------------------------
[SEQ 196] [LAYER 0]
CMD      : G92 E1000
TRUST    : acc_cmd=0.000 | acc_exec=1.000 | trust=0.001
DECISION : PAUSE
MACHINE  : Machine-2
------------------------------------------------------------
[SEQ 196] [STATIC-BASELINE]
CMD      : G92 | effects={'reset': {'G': 92.0, 'E': 1000.0}}
DECISION : BLOCK
------------------------------------------------------------
[SEQ 196] [IEEE-BASELINE]
SCORE    : anomaly_score=0.000
DECISION : ALLOW
------------------------------------------------------------
[SEQ 197] [LAYER 0]
CMD      : G92 E1000
TRUST    : acc_cmd=0.000 | acc_exec=1.000 | trust=0.001
DECISION : PAUSE
MACHINE  : Machine-2
------------------------------------------------------------
[SEQ 197] [STATIC-BASELINE]
CMD      : G92 | effects={'reset': {'G': 92.0, 'E': 1000.0}}
DECISION : BLOCK
------------------------------------------------------------
[SEQ 197] [IEEE-BASELINE]
SCORE    : anomaly_score=0.000
DECISION : ALLOW
------------------------------------------------------------
[SEQ 198] [LAYER 0]
CMD      : M221 S200
TRUST    : acc_cmd=1.000 | acc_exec=1.000 | trust=0.001
DECISION : PAUSE
MACHINE  : Machine-2
------------------------------------------------------------
[SEQ 198] [STATIC-BASELINE]
CMD      : M221 | effects={'M': 221.0, 'S': 200.0}
DECISION : BLOCK
------------------------------------------------------------
[SEQ 198] [IEEE-BASELINE]
SCORE    : anomaly_score=0.000
DECISION : ALLOW
------------------------------------------------------------
[SEQ 199] [LAYER 0]
CMD      : M92 E2000
TRUST    : acc_cmd=1.000 | acc_exec=1.000 | trust=0.001
DECISION : PAUSE
MACHINE  : Machine-2
------------------------------------------------------------
[SEQ 199] [STATIC-BASELINE]
CMD      : M92 | effects={'M': 92.0, 'E': 2000.0}
DECISION : BLOCK
------------------------------------------------------------
[SEQ 199] [IEEE-BASELINE]
SCORE    : anomaly_score=0.000
DECISION : ALLOW
------------------------------------------------------------
[SEQ 200] [LAYER 0]
CMD      : G92 E1000
TRUST    : acc_cmd=0.000 | acc_exec=1.000 | trust=0.001
DECISION : PAUSE
MACHINE  : Machine-2
------------------------------------------------------------
[SEQ 200] [STATIC-BASELINE]
CMD      : G92 | effects={'reset': {'G': 92.0, 'E': 1000.0}}
DECISION : BLOCK
------------------------------------------------------------
[SEQ 200] [IEEE-BASELINE]
SCORE    : anomaly_score=0.000
DECISION : ALLOW
------------------------------------------------------------
[SEQ 201] [LAYER 0]
CMD      : G92 E1000
TRUST    : acc_cmd=0.000 | acc_exec=1.000 | trust=0.001
DECISION : PAUSE
MACHINE  : Machine-2
------------------------------------------------------------
[SEQ 201] [STATIC-BASELINE]
CMD      : G92 | effects={'reset': {'G': 92.0, 'E': 1000.0}}
DECISION : BLOCK
------------------------------------------------------------
[SEQ 201] [IEEE-BASELINE]
SCORE    : anomaly_score=0.000
DECISION : ALLOW
------------------------------------------------------------
[SEQ 202] [LAYER 0]
CMD      : G92 E1000
TRUST    : acc_cmd=0.000 | acc_exec=1.000 | trust=0.001
DECISION : PAUSE
MACHINE  : Machine-2
------------------------------------------------------------
[SEQ 202] [STATIC-BASELINE]
CMD      : G92 | effects={'reset': {'G': 92.0, 'E': 1000.0}}
DECISION : BLOCK
------------------------------------------------------------
[SEQ 202] [IEEE-BASELINE]
SCORE    : anomaly_score=0.000
DECISION : ALLOW
------------------------------------------------------------
[SEQ 203] [LAYER 0]
CMD      : G1 X169.039 Y114.942 E5.73843
TRUST    : acc_cmd=0.000 | acc_exec=1.000 | trust=0.001
DECISION : PAUSE
MACHINE  : Machine-2
------------------------------------------------------------
[SEQ 203] [STATIC-BASELINE]
CMD      : G1 | effects={'dx': 9.539999999999992, 'dy': -1.054000000000002, 'dz': 0.0, 'de': -994.26157, 'xy_dist': 9.5980475097803, 'params': {'G': 1.0, 'X': 169.039, 'Y': 114.942, 'E': 5.73843}}
DECISION : ALLOW
------------------------------------------------------------
[SEQ 203] [IEEE-BASELINE]
SCORE    : anomaly_score=0.000
DECISION : ALLOW
------------------------------------------------------------
[SEQ 204] [LAYER 0]
CMD      : G1 X170.51 Y116.656 E5.78091
TRUST    : acc_cmd=0.000 | acc_exec=0.000 | trust=0.007
DECISION : PAUSE
MACHINE  : Machine-2
------------------------------------------------------------
[SEQ 204] [STATIC-BASELINE]
CMD      : G1 | effects={'dx': 1.4710000000000036, 'dy': 1.7140000000000128, 'dz': 0.0, 'de': 0.042480000000000295, 'xy_dist': 2.258680366939965, 'params': {'G': 1.0, 'X': 170.51, 'Y': 116.656, 'E': 5.78091}}
DECISION : ALLOW
------------------------------------------------------------
[SEQ 204] [IEEE-BASELINE]
SCORE    : anomaly_score=0.000
DECISION : ALLOW
------------------------------------------------------------
[SEQ 205] [LAYER 0]
CMD      : M221 S200
TRUST    : acc_cmd=1.000 | acc_exec=1.000 | trust=0.005
DECISION : PAUSE
MACHINE  : Machine-2
------------------------------------------------------------
[SEQ 205] [STATIC-BASELINE]
CMD      : M221 | effects={'M': 221.0, 'S': 200.0}
DECISION : BLOCK
------------------------------------------------------------
[SEQ 205] [IEEE-BASELINE]
SCORE    : anomaly_score=0.000
DECISION : ALLOW
------------------------------------------------------------
[SEQ 206] [LAYER 0]
CMD      : G1 X171.384 Y119.034 E5.82867
TRUST    : acc_cmd=0.000 | acc_exec=0.000 | trust=0.022
DECISION : PAUSE
MACHINE  : Machine-2
------------------------------------------------------------
[SEQ 206] [STATIC-BASELINE]
CMD      : G1 | effects={'dx': 0.8739999999999952, 'dy': 2.378, 'dz': 0.0, 'de': 0.04775999999999936, 'xy_dist': 2.5335271855656085, 'params': {'G': 1.0, 'X': 171.384, 'Y': 119.034, 'E': 5.82867}}
DECISION : ALLOW
------------------------------------------------------------
[SEQ 206] [IEEE-BASELINE]
SCORE    : anomaly_score=0.000
DECISION : ALLOW
------------------------------------------------------------
[SEQ 207] [LAYER 0]
CMD      : M221 S200
TRUST    : acc_cmd=1.000 | acc_exec=1.000 | trust=0.012
DECISION : PAUSE
MACHINE  : Machine-2
------------------------------------------------------------
[SEQ 207] [STATIC-BASELINE]
CMD      : M221 | effects={'M': 221.0, 'S': 200.0}
DECISION : BLOCK
------------------------------------------------------------
[SEQ 207] [IEEE-BASELINE]
SCORE    : anomaly_score=0.000
DECISION : ALLOW
------------------------------------------------------------
[SEQ 208] [LAYER 0]
CMD      : M221 S200
TRUST    : acc_cmd=1.000 | acc_exec=1.000 | trust=0.006
DECISION : PAUSE
MACHINE  : Machine-2
------------------------------------------------------------
[SEQ 208] [STATIC-BASELINE]
CMD      : M221 | effects={'M': 221.0, 'S': 200.0}
DECISION : BLOCK
------------------------------------------------------------
[SEQ 208] [IEEE-BASELINE]
SCORE    : anomaly_score=0.000
DECISION : ALLOW
------------------------------------------------------------
[SEQ 209] [LAYER 0]
CMD      : G92 E1000
TRUST    : acc_cmd=0.000 | acc_exec=1.000 | trust=0.003
DECISION : PAUSE
MACHINE  : Machine-2
------------------------------------------------------------
[SEQ 209] [STATIC-BASELINE]
CMD      : G92 | effects={'reset': {'G': 92.0, 'E': 1000.0}}
DECISION : BLOCK
------------------------------------------------------------
[SEQ 209] [IEEE-BASELINE]
SCORE    : anomaly_score=0.000
DECISION : ALLOW
------------------------------------------------------------
[SEQ 210] [LAYER 0]
CMD      : M92 E2000
TRUST    : acc_cmd=1.000 | acc_exec=1.000 | trust=0.002
DECISION : PAUSE
MACHINE  : Machine-2
------------------------------------------------------------
[SEQ 210] [STATIC-BASELINE]
CMD      : M92 | effects={'M': 92.0, 'E': 2000.0}
DECISION : BLOCK
------------------------------------------------------------
[SEQ 210] [IEEE-BASELINE]
SCORE    : anomaly_score=0.000
DECISION : ALLOW
------------------------------------------------------------
[SEQ 211] [LAYER 0]
CMD      : M221 S200
TRUST    : acc_cmd=1.000 | acc_exec=1.000 | trust=0.001
DECISION : PAUSE
MACHINE  : Machine-2
------------------------------------------------------------
[SEQ 211] [STATIC-BASELINE]
CMD      : M221 | effects={'M': 221.0, 'S': 200.0}
DECISION : BLOCK
------------------------------------------------------------
[SEQ 211] [IEEE-BASELINE]
SCORE    : anomaly_score=0.000
DECISION : ALLOW
------------------------------------------------------------
[SEQ 212] [LAYER 0]
CMD      : G92 E1000
TRUST    : acc_cmd=0.000 | acc_exec=1.000 | trust=0.001
DECISION : PAUSE
MACHINE  : Machine-2
------------------------------------------------------------
[SEQ 212] [STATIC-BASELINE]
CMD      : G92 | effects={'reset': {'G': 92.0, 'E': 1000.0}}
DECISION : BLOCK
------------------------------------------------------------
[SEQ 212] [IEEE-BASELINE]
SCORE    : anomaly_score=0.000
DECISION : ALLOW
------------------------------------------------------------
[SEQ 213] [LAYER 0]
CMD      : M221 S200
TRUST    : acc_cmd=1.000 | acc_exec=1.000 | trust=0.001
DECISION : PAUSE
MACHINE  : Machine-2
------------------------------------------------------------
[SEQ 213] [STATIC-BASELINE]
CMD      : M221 | effects={'M': 221.0, 'S': 200.0}
DECISION : BLOCK
------------------------------------------------------------
[SEQ 213] [IEEE-BASELINE]
SCORE    : anomaly_score=0.000
DECISION : ALLOW
------------------------------------------------------------
[SEQ 214] [LAYER 0]
CMD      : G1 X162.313 Y125.83 E6.08813
TRUST    : acc_cmd=0.000 | acc_exec=1.000 | trust=0.001
DECISION : PAUSE
MACHINE  : Machine-2
------------------------------------------------------------
[SEQ 214] [STATIC-BASELINE]
CMD      : G1 | effects={'dx': -9.070999999999998, 'dy': 6.795999999999992, 'dz': 0.0, 'de': -993.91187, 'xy_dist': 11.334401483977876, 'params': {'G': 1.0, 'X': 162.313, 'Y': 125.83, 'E': 6.08813}}
DECISION : ALLOW
------------------------------------------------------------
[SEQ 214] [IEEE-BASELINE]
SCORE    : anomaly_score=0.000
DECISION : ALLOW
------------------------------------------------------------
[SEQ 215] [LAYER 0]
CMD      : G1 X160.627 Y124.759 E6.1257
TRUST    : acc_cmd=0.000 | acc_exec=0.000 | trust=0.007
DECISION : PAUSE
MACHINE  : Machine-2
------------------------------------------------------------
[SEQ 215] [STATIC-BASELINE]
CMD      : G1 | effects={'dx': -1.6859999999999786, 'dy': -1.070999999999998, 'dz': 0.0, 'de': 0.03757000000000055, 'xy_dist': 1.9974075698264298, 'params': {'G': 1.0, 'X': 160.627, 'Y': 124.759, 'E': 6.1257}}
DECISION : ALLOW
------------------------------------------------------------
[SEQ 215] [IEEE-BASELINE]
SCORE    : anomaly_score=0.000
DECISION : ALLOW
------------------------------------------------------------
[SEQ 216] [LAYER 0]
CMD      : G92 E1000
TRUST    : acc_cmd=0.000 | acc_exec=1.000 | trust=0.005
DECISION : PAUSE
MACHINE  : Machine-2
------------------------------------------------------------
[SEQ 216] [STATIC-BASELINE]
CMD      : G92 | effects={'reset': {'G': 92.0, 'E': 1000.0}}
DECISION : BLOCK
------------------------------------------------------------
[SEQ 216] [IEEE-BASELINE]
SCORE    : anomaly_score=0.000
DECISION : ALLOW
------------------------------------------------------------
[SEQ 217] [LAYER 0]
CMD      : M92 E2000
TRUST    : acc_cmd=1.000 | acc_exec=1.000 | trust=0.003
DECISION : PAUSE
MACHINE  : Machine-2
------------------------------------------------------------
[SEQ 217] [STATIC-BASELINE]
CMD      : M92 | effects={'M': 92.0, 'E': 2000.0}
DECISION : BLOCK
------------------------------------------------------------
[SEQ 217] [IEEE-BASELINE]
SCORE    : anomaly_score=0.000
DECISION : ALLOW
------------------------------------------------------------
[SEQ 218] [LAYER 0]
CMD      : M221 S200
TRUST    : acc_cmd=1.000 | acc_exec=1.000 | trust=0.002
DECISION : PAUSE
MACHINE  : Machine-2
------------------------------------------------------------
[SEQ 218] [STATIC-BASELINE]
CMD      : M221 | effects={'M': 221.0, 'S': 200.0}
DECISION : BLOCK
------------------------------------------------------------
[SEQ 218] [IEEE-BASELINE]
SCORE    : anomaly_score=0.000
DECISION : ALLOW
------------------------------------------------------------
[SEQ 219] [LAYER 0]
CMD      : M92 E2000
TRUST    : acc_cmd=1.000 | acc_exec=1.000 | trust=0.001
DECISION : PAUSE
MACHINE  : Machine-2
------------------------------------------------------------
[SEQ 219] [STATIC-BASELINE]
CMD      : M92 | effects={'M': 92.0, 'E': 2000.0}
DECISION : BLOCK
------------------------------------------------------------
[SEQ 219] [IEEE-BASELINE]
SCORE    : anomaly_score=0.000
DECISION : ALLOW
------------------------------------------------------------
[SEQ 220] [LAYER 0]
CMD      : M221 S200
TRUST    : acc_cmd=1.000 | acc_exec=1.000 | trust=0.001
DECISION : PAUSE
MACHINE  : Machine-2
------------------------------------------------------------
[SEQ 220] [STATIC-BASELINE]
CMD      : M221 | effects={'M': 221.0, 'S': 200.0}
DECISION : BLOCK
------------------------------------------------------------
[SEQ 220] [IEEE-BASELINE]
SCORE    : anomaly_score=0.000
DECISION : ALLOW
------------------------------------------------------------
[SEQ 221] [LAYER 0]
CMD      : M221 S200
TRUST    : acc_cmd=1.000 | acc_exec=1.000 | trust=0.001
DECISION : PAUSE
MACHINE  : Machine-2
------------------------------------------------------------
[SEQ 221] [STATIC-BASELINE]
CMD      : M221 | effects={'M': 221.0, 'S': 200.0}
DECISION : BLOCK
------------------------------------------------------------
[SEQ 221] [IEEE-BASELINE]
SCORE    : anomaly_score=0.000
DECISION : ALLOW
------------------------------------------------------------
[SEQ 222] [LAYER 0]
CMD      : M92 E2000
TRUST    : acc_cmd=1.000 | acc_exec=1.000 | trust=0.001
DECISION : PAUSE
MACHINE  : Machine-2
------------------------------------------------------------
[SEQ 222] [STATIC-BASELINE]
CMD      : M92 | effects={'M': 92.0, 'E': 2000.0}
DECISION : BLOCK
------------------------------------------------------------
[SEQ 222] [IEEE-BASELINE]
SCORE    : anomaly_score=0.000
DECISION : ALLOW
------------------------------------------------------------
[SEQ 223] [LAYER 0]
CMD      : M92 E2000
TRUST    : acc_cmd=1.000 | acc_exec=1.000 | trust=0.001
DECISION : PAUSE
MACHINE  : Machine-2
------------------------------------------------------------
[SEQ 223] [STATIC-BASELINE]
CMD      : M92 | effects={'M': 92.0, 'E': 2000.0}
DECISION : BLOCK
------------------------------------------------------------
[SEQ 223] [IEEE-BASELINE]
SCORE    : anomaly_score=0.000
DECISION : ALLOW
------------------------------------------------------------
[SEQ 224] [LAYER 0]
CMD      : G1 X161.561 Y115.042 E6.33939
TRUST    : acc_cmd=0.000 | acc_exec=1.000 | trust=0.001
DECISION : PAUSE
MACHINE  : Machine-2
------------------------------------------------------------
[SEQ 224] [STATIC-BASELINE]
CMD      : G1 | effects={'dx': 0.9339999999999975, 'dy': -9.716999999999999, 'dz': 0.0, 'de': -993.66061, 'xy_dist': 9.76178492899736, 'params': {'G': 1.0, 'X': 161.561, 'Y': 115.042, 'E': 6.33939}}
DECISION : ALLOW
------------------------------------------------------------
[SEQ 224] [IEEE-BASELINE]
SCORE    : anomaly_score=0.000
DECISION : ALLOW
------------------------------------------------------------
[SEQ 225] [LAYER 0]
CMD      : M221 S200
TRUST    : acc_cmd=1.000 | acc_exec=1.000 | trust=0.001
DECISION : PAUSE
MACHINE  : Machine-2
------------------------------------------------------------
[SEQ 225] [STATIC-BASELINE]
CMD      : M221 | effects={'M': 221.0, 'S': 200.0}
DECISION : BLOCK
------------------------------------------------------------
[SEQ 225] [IEEE-BASELINE]
SCORE    : anomaly_score=0.000
DECISION : ALLOW
------------------------------------------------------------
[SEQ 226] [LAYER 0]
CMD      : G1 X164.053 Y114.054 E6.38995
TRUST    : acc_cmd=0.000 | acc_exec=0.000 | trust=0.007
DECISION : PAUSE
MACHINE  : Machine-2
------------------------------------------------------------
[SEQ 226] [STATIC-BASELINE]
CMD      : G1 | effects={'dx': 2.4919999999999902, 'dy': -0.9879999999999995, 'dz': 0.0, 'de': 0.05055999999999994, 'xy_dist': 2.6807103536189714, 'params': {'G': 1.0, 'X': 164.053, 'Y': 114.054, 'E': 6.38995}}
DECISION : ALLOW
------------------------------------------------------------
[SEQ 226] [IEEE-BASELINE]
SCORE    : anomaly_score=0.000
DECISION : ALLOW
------------------------------------------------------------
[SEQ 227] [LAYER 0]
CMD      : G1 X165.618 Y114.019 E6.41939
TRUST    : acc_cmd=0.000 | acc_exec=0.000 | trust=0.043
DECISION : PAUSE
MACHINE  : Machine-2
------------------------------------------------------------
[SEQ 227] [STATIC-BASELINE]
CMD      : G1 | effects={'dx': 1.5649999999999977, 'dy': -0.03499999999999659, 'dz': 0.0, 'de': 0.029440000000000133, 'xy_dist': 1.5653913248769435, 'params': {'G': 1.0, 'X': 165.618, 'Y': 114.019, 'E': 6.41939}}
DECISION : ALLOW
------------------------------------------------------------
[SEQ 227] [IEEE-BASELINE]
SCORE    : anomaly_score=0.000
DECISION : ALLOW
------------------------------------------------------------
[SEQ 228] [LAYER 0]
CMD      : M92 E2000
TRUST    : acc_cmd=1.000 | acc_exec=1.000 | trust=0.023
DECISION : PAUSE
MACHINE  : Machine-2
------------------------------------------------------------
[SEQ 228] [STATIC-BASELINE]
CMD      : M92 | effects={'M': 92.0, 'E': 2000.0}
DECISION : BLOCK
------------------------------------------------------------
[SEQ 228] [IEEE-BASELINE]
SCORE    : anomaly_score=0.000
DECISION : ALLOW
------------------------------------------------------------
[SEQ 229] [LAYER 0]
CMD      : M92 E2000
TRUST    : acc_cmd=1.000 | acc_exec=1.000 | trust=0.011
DECISION : PAUSE
MACHINE  : Machine-2
------------------------------------------------------------
[SEQ 229] [STATIC-BASELINE]
CMD      : M92 | effects={'M': 92.0, 'E': 2000.0}
DECISION : BLOCK
------------------------------------------------------------
[SEQ 229] [IEEE-BASELINE]
SCORE    : anomaly_score=0.000
DECISION : ALLOW
------------------------------------------------------------
[SEQ 230] [LAYER 0]
CMD      : M92 E2000
TRUST    : acc_cmd=1.000 | acc_exec=1.000 | trust=0.005
DECISION : PAUSE
MACHINE  : Machine-2
------------------------------------------------------------
[SEQ 230] [STATIC-BASELINE]
CMD      : M92 | effects={'M': 92.0, 'E': 2000.0}
DECISION : BLOCK
------------------------------------------------------------
[SEQ 230] [IEEE-BASELINE]
SCORE    : anomaly_score=0.000
DECISION : ALLOW
------------------------------------------------------------
[SEQ 231] [LAYER 0]
CMD      : M221 S200
TRUST    : acc_cmd=1.000 | acc_exec=1.000 | trust=0.003
DECISION : PAUSE
MACHINE  : Machine-2
------------------------------------------------------------
[SEQ 231] [STATIC-BASELINE]
CMD      : M221 | effects={'M': 221.0, 'S': 200.0}
DECISION : BLOCK
------------------------------------------------------------
[SEQ 231] [IEEE-BASELINE]
SCORE    : anomaly_score=0.000
DECISION : ALLOW
------------------------------------------------------------
[SEQ 232] [LAYER 0]
CMD      : G92 E1000
TRUST    : acc_cmd=0.000 | acc_exec=1.000 | trust=0.002
DECISION : PAUSE
MACHINE  : Machine-2
------------------------------------------------------------
[SEQ 232] [STATIC-BASELINE]
CMD      : G92 | effects={'reset': {'G': 92.0, 'E': 1000.0}}
DECISION : BLOCK
------------------------------------------------------------
[SEQ 232] [IEEE-BASELINE]
SCORE    : anomaly_score=0.000
DECISION : ALLOW
------------------------------------------------------------
[SEQ 233] [LAYER 0]
CMD      : M221 S200
TRUST    : acc_cmd=1.000 | acc_exec=1.000 | trust=0.001
DECISION : PAUSE
MACHINE  : Machine-2
------------------------------------------------------------
[SEQ 233] [STATIC-BASELINE]
CMD      : M221 | effects={'M': 221.0, 'S': 200.0}
DECISION : BLOCK
------------------------------------------------------------
[SEQ 233] [IEEE-BASELINE]
SCORE    : anomaly_score=0.000
DECISION : ALLOW
------------------------------------------------------------
[SEQ 234] [LAYER 0]
CMD      : G92 E1000
TRUST    : acc_cmd=0.000 | acc_exec=1.000 | trust=0.001
DECISION : PAUSE
MACHINE  : Machine-2
------------------------------------------------------------
[SEQ 234] [STATIC-BASELINE]
CMD      : G92 | effects={'reset': {'G': 92.0, 'E': 1000.0}}
DECISION : BLOCK
------------------------------------------------------------
[SEQ 234] [IEEE-BASELINE]
SCORE    : anomaly_score=0.000
DECISION : ALLOW
------------------------------------------------------------
[SEQ 235] [LAYER 0]
CMD      : G1 X169.579 Y123.915 E6.6655
TRUST    : acc_cmd=0.000 | acc_exec=1.000 | trust=0.001
DECISION : PAUSE
MACHINE  : Machine-2
------------------------------------------------------------
[SEQ 235] [STATIC-BASELINE]
CMD      : G1 | effects={'dx': 3.9610000000000127, 'dy': 9.896, 'dz': 0.0, 'de': -993.3345, 'xy_dist': 10.659284075396439, 'params': {'G': 1.0, 'X': 169.579, 'Y': 123.915, 'E': 6.6655}}
DECISION : ALLOW
------------------------------------------------------------
[SEQ 235] [IEEE-BASELINE]
SCORE    : anomaly_score=0.000
DECISION : ALLOW
------------------------------------------------------------
[SEQ 236] [LAYER 0]
CMD      : G1 X168.369 Y124.96 E6.69557
TRUST    : acc_cmd=0.000 | acc_exec=0.000 | trust=0.007
DECISION : PAUSE
MACHINE  : Machine-2
------------------------------------------------------------
[SEQ 236] [STATIC-BASELINE]
CMD      : G1 | effects={'dx': -1.210000000000008, 'dy': 1.0449999999999875, 'dz': 0.0, 'de': 0.030070000000000263, 'xy_dist': 1.5987886039123476, 'params': {'G': 1.0, 'X': 168.369, 'Y': 124.96, 'E': 6.69557}}
DECISION : ALLOW
------------------------------------------------------------
[SEQ 236] [IEEE-BASELINE]
SCORE    : anomaly_score=0.000
DECISION : ALLOW
------------------------------------------------------------
[SEQ 237] [LAYER 0]
CMD      : G1 X167.341 Y125.533 E6.71771
TRUST    : acc_cmd=0.000 | acc_exec=0.000 | trust=0.044
DECISION : PAUSE
MACHINE  : Machine-2
------------------------------------------------------------
[SEQ 237] [STATIC-BASELINE]
CMD      : G1 | effects={'dx': -1.0279999999999916, 'dy': 0.5730000000000075, 'dz': 0.0, 'de': 0.02214000000000027, 'xy_dist': 1.17690823771439, 'params': {'G': 1.0, 'X': 167.341, 'Y': 125.533, 'E': 6.71771}}
DECISION : ALLOW
------------------------------------------------------------
[SEQ 237] [IEEE-BASELINE]
SCORE    : anomaly_score=0.000
DECISION : ALLOW
------------------------------------------------------------
[SEQ 238] [LAYER 0]
CMD      : M221 S200
TRUST    : acc_cmd=1.000 | acc_exec=1.000 | trust=0.024
DECISION : PAUSE
MACHINE  : Machine-2
------------------------------------------------------------
[SEQ 238] [STATIC-BASELINE]
CMD      : M221 | effects={'M': 221.0, 'S': 200.0}
DECISION : BLOCK
------------------------------------------------------------
[SEQ 238] [IEEE-BASELINE]
SCORE    : anomaly_score=0.000
DECISION : ALLOW
------------------------------------------------------------
[SEQ 239] [LAYER 0]
CMD      : G1 X164.16 Y125.982 E6.77866
TRUST    : acc_cmd=0.000 | acc_exec=0.000 | trust=0.047
DECISION : PAUSE
MACHINE  : Machine-2
------------------------------------------------------------
[SEQ 239] [STATIC-BASELINE]
CMD      : G1 | effects={'dx': -3.1810000000000116, 'dy': 0.44899999999999807, 'dz': 0.0, 'de': 0.06095000000000006, 'xy_dist': 3.2125320231867063, 'params': {'G': 1.0, 'X': 164.16, 'Y': 125.982, 'E': 6.77866}}
DECISION : ALLOW
------------------------------------------------------------
[SEQ 239] [IEEE-BASELINE]
SCORE    : anomaly_score=0.000
DECISION : ALLOW
------------------------------------------------------------
[SEQ 240] [LAYER 0]
CMD      : M92 E2000
TRUST    : acc_cmd=1.000 | acc_exec=1.000 | trust=0.025
DECISION : PAUSE
MACHINE  : Machine-2
------------------------------------------------------------
[SEQ 240] [STATIC-BASELINE]
CMD      : M92 | effects={'M': 92.0, 'E': 2000.0}
DECISION : BLOCK
------------------------------------------------------------
[SEQ 240] [IEEE-BASELINE]
SCORE    : anomaly_score=0.000
DECISION : ALLOW
------------------------------------------------------------
[SEQ 241] [LAYER 0]
CMD      : G92 E1000
TRUST    : acc_cmd=0.000 | acc_exec=1.000 | trust=0.012
DECISION : PAUSE
MACHINE  : Machine-2
------------------------------------------------------------
[SEQ 241] [STATIC-BASELINE]
CMD      : G92 | effects={'reset': {'G': 92.0, 'E': 1000.0}}
DECISION : BLOCK
------------------------------------------------------------
[SEQ 241] [IEEE-BASELINE]
SCORE    : anomaly_score=0.000
DECISION : ALLOW
------------------------------------------------------------
[SEQ 242] [LAYER 0]
CMD      : G92 E1000
TRUST    : acc_cmd=0.000 | acc_exec=1.000 | trust=0.006
DECISION : PAUSE
MACHINE  : Machine-2
------------------------------------------------------------
[SEQ 242] [STATIC-BASELINE]
CMD      : G92 | effects={'reset': {'G': 92.0, 'E': 1000.0}}
DECISION : BLOCK
------------------------------------------------------------
[SEQ 242] [IEEE-BASELINE]
SCORE    : anomaly_score=0.000
DECISION : ALLOW
------------------------------------------------------------
[SEQ 243] [LAYER 0]
CMD      : M92 E2000
TRUST    : acc_cmd=1.000 | acc_exec=1.000 | trust=0.003
DECISION : PAUSE
MACHINE  : Machine-2
------------------------------------------------------------
[SEQ 243] [STATIC-BASELINE]
CMD      : M92 | effects={'M': 92.0, 'E': 2000.0}
DECISION : BLOCK
------------------------------------------------------------
[SEQ 243] [IEEE-BASELINE]
SCORE    : anomaly_score=0.000
DECISION : ALLOW
------------------------------------------------------------
[SEQ 244] [LAYER 0]
CMD      : G92 E1000
TRUST    : acc_cmd=0.000 | acc_exec=1.000 | trust=0.002
DECISION : PAUSE
MACHINE  : Machine-2
------------------------------------------------------------
[SEQ 244] [STATIC-BASELINE]
CMD      : G92 | effects={'reset': {'G': 92.0, 'E': 1000.0}}
DECISION : BLOCK
------------------------------------------------------------
[SEQ 244] [IEEE-BASELINE]
SCORE    : anomaly_score=0.000
DECISION : ALLOW
------------------------------------------------------------
[SEQ 245] [LAYER 0]
CMD      : M92 E2000
TRUST    : acc_cmd=1.000 | acc_exec=1.000 | trust=0.001
DECISION : PAUSE
MACHINE  : Machine-2
------------------------------------------------------------
[SEQ 245] [STATIC-BASELINE]
CMD      : M92 | effects={'M': 92.0, 'E': 2000.0}
DECISION : BLOCK
------------------------------------------------------------
[SEQ 245] [IEEE-BASELINE]
SCORE    : anomaly_score=0.000
DECISION : ALLOW
------------------------------------------------------------
[SEQ 246] [LAYER 0]
CMD      : G92 E1000
TRUST    : acc_cmd=0.000 | acc_exec=1.000 | trust=0.001
DECISION : PAUSE
MACHINE  : Machine-2
------------------------------------------------------------
[SEQ 246] [STATIC-BASELINE]
CMD      : G92 | effects={'reset': {'G': 92.0, 'E': 1000.0}}
DECISION : BLOCK
------------------------------------------------------------
[SEQ 246] [IEEE-BASELINE]
SCORE    : anomaly_score=0.000
DECISION : ALLOW
------------------------------------------------------------
[SEQ 247] [LAYER 0]
CMD      : M221 S200
TRUST    : acc_cmd=1.000 | acc_exec=1.000 | trust=0.001
DECISION : PAUSE
MACHINE  : Machine-2
------------------------------------------------------------
[SEQ 247] [STATIC-BASELINE]
CMD      : M221 | effects={'M': 221.0, 'S': 200.0}
DECISION : BLOCK
------------------------------------------------------------
[SEQ 247] [IEEE-BASELINE]
SCORE    : anomaly_score=0.000
DECISION : ALLOW
------------------------------------------------------------
[SEQ 248] [LAYER 0]
CMD      : G1 F1800 X161.609 Y115.493 E7.04295
TRUST    : acc_cmd=0.000 | acc_exec=1.000 | trust=0.001
DECISION : PAUSE
MACHINE  : Machine-2
------------------------------------------------------------
[SEQ 248] [STATIC-BASELINE]
CMD      : G1 | effects={'dx': -2.5509999999999877, 'dy': -10.489000000000004, 'dz': 0.0, 'de': -992.95705, 'xy_dist': 10.794754374231958, 'params': {'G': 1.0, 'F': 1800.0, 'X': 161.609, 'Y': 115.493, 'E': 7.04295}}
DECISION : ALLOW
------------------------------------------------------------
[SEQ 248] [IEEE-BASELINE]
SCORE    : anomaly_score=0.000
DECISION : ALLOW
------------------------------------------------------------
[SEQ 249] [LAYER 0]
CMD      : M92 E2000
TRUST    : acc_cmd=1.000 | acc_exec=1.000 | trust=0.001
DECISION : PAUSE
MACHINE  : Machine-2
------------------------------------------------------------
[SEQ 249] [STATIC-BASELINE]
CMD      : M92 | effects={'M': 92.0, 'E': 2000.0}
DECISION : BLOCK
------------------------------------------------------------
[SEQ 249] [IEEE-BASELINE]
SCORE    : anomaly_score=0.000
DECISION : ALLOW
------------------------------------------------------------
[SEQ 250] [LAYER 0]
CMD      : G1 X163.156 Y114.736 E7.07539
TRUST    : acc_cmd=0.000 | acc_exec=0.000 | trust=0.007
DECISION : PAUSE
MACHINE  : Machine-2
------------------------------------------------------------
[SEQ 250] [STATIC-BASELINE]
CMD      : G1 | effects={'dx': 1.546999999999997, 'dy': -0.7569999999999908, 'dz': 0.0, 'de': 0.03243999999999936, 'xy_dist': 1.7222827874655129, 'params': {'G': 1.0, 'X': 163.156, 'Y': 114.736, 'E': 7.07539}}
DECISION : ALLOW
------------------------------------------------------------
[SEQ 250] [IEEE-BASELINE]
SCORE    : anomaly_score=0.000
DECISION : ALLOW
------------------------------------------------------------
[SEQ 251] [LAYER 0]
CMD      : M92 E2000
TRUST    : acc_cmd=1.000 | acc_exec=1.000 | trust=0.005
DECISION : PAUSE
MACHINE  : Machine-2
------------------------------------------------------------
[SEQ 251] [STATIC-BASELINE]
CMD      : M92 | effects={'M': 92.0, 'E': 2000.0}
DECISION : BLOCK
------------------------------------------------------------
[SEQ 251] [IEEE-BASELINE]
SCORE    : anomaly_score=0.000
DECISION : ALLOW
------------------------------------------------------------
[SEQ 252] [LAYER 0]
CMD      : G1 X165.579 Y114.42 E7.12175
TRUST    : acc_cmd=0.000 | acc_exec=0.000 | trust=0.022
DECISION : PAUSE
MACHINE  : Machine-2
------------------------------------------------------------
[SEQ 252] [STATIC-BASELINE]
CMD      : G1 | effects={'dx': 2.423000000000002, 'dy': -0.3160000000000025, 'dz': 0.0, 'de': 0.04635999999999996, 'xy_dist': 2.4435189788499723, 'params': {'G': 1.0, 'X': 165.579, 'Y': 114.42, 'E': 7.12175}}
DECISION : ALLOW
------------------------------------------------------------
[SEQ 252] [IEEE-BASELINE]
SCORE    : anomaly_score=0.000
DECISION : ALLOW
------------------------------------------------------------
[SEQ 253] [LAYER 0]
CMD      : M92 E2000
TRUST    : acc_cmd=1.000 | acc_exec=1.000 | trust=0.013
DECISION : PAUSE
MACHINE  : Machine-2
------------------------------------------------------------
[SEQ 253] [STATIC-BASELINE]
CMD      : M92 | effects={'M': 92.0, 'E': 2000.0}
DECISION : BLOCK
------------------------------------------------------------
[SEQ 253] [IEEE-BASELINE]
SCORE    : anomaly_score=0.000
DECISION : ALLOW
------------------------------------------------------------
[SEQ 254] [LAYER 0]
CMD      : G1 X168.529 Y115.576 E7.18187
TRUST    : acc_cmd=0.000 | acc_exec=0.000 | trust=0.034
DECISION : PAUSE
MACHINE  : Machine-2
------------------------------------------------------------
[SEQ 254] [STATIC-BASELINE]
CMD      : G1 | effects={'dx': 2.9499999999999886, 'dy': 1.1559999999999917, 'dz': 0.0, 'de': 0.060120000000000395, 'xy_dist': 3.1684122206556258, 'params': {'G': 1.0, 'X': 168.529, 'Y': 115.576, 'E': 7.18187}}
DECISION : ALLOW
------------------------------------------------------------
[SEQ 254] [IEEE-BASELINE]
SCORE    : anomaly_score=0.000
DECISION : ALLOW
------------------------------------------------------------
[SEQ 255] [LAYER 0]
CMD      : M92 E2000
TRUST    : acc_cmd=1.000 | acc_exec=1.000 | trust=0.018
DECISION : PAUSE
MACHINE  : Machine-2
------------------------------------------------------------
[SEQ 255] [STATIC-BASELINE]
CMD      : M92 | effects={'M': 92.0, 'E': 2000.0}
DECISION : BLOCK
------------------------------------------------------------
[SEQ 255] [IEEE-BASELINE]
SCORE    : anomaly_score=0.000
DECISION : ALLOW
------------------------------------------------------------
[SEQ 256] [LAYER 0]
CMD      : M221 S200
TRUST    : acc_cmd=1.000 | acc_exec=1.000 | trust=0.009
DECISION : PAUSE
MACHINE  : Machine-2
------------------------------------------------------------
[SEQ 256] [STATIC-BASELINE]
CMD      : M221 | effects={'M': 221.0, 'S': 200.0}
DECISION : BLOCK
------------------------------------------------------------
[SEQ 256] [IEEE-BASELINE]
SCORE    : anomaly_score=0.000
DECISION : ALLOW
------------------------------------------------------------
[SEQ 257] [LAYER 0]
CMD      : M92 E2000
TRUST    : acc_cmd=1.000 | acc_exec=1.000 | trust=0.004
DECISION : PAUSE
MACHINE  : Machine-2
------------------------------------------------------------
[SEQ 257] [STATIC-BASELINE]
CMD      : M92 | effects={'M': 92.0, 'E': 2000.0}
DECISION : BLOCK
------------------------------------------------------------
[SEQ 257] [IEEE-BASELINE]
SCORE    : anomaly_score=0.000
DECISION : ALLOW
------------------------------------------------------------
[SEQ 258] [LAYER 0]
CMD      : M221 S200
TRUST    : acc_cmd=1.000 | acc_exec=1.000 | trust=0.002
DECISION : PAUSE
MACHINE  : Machine-2
------------------------------------------------------------
[SEQ 258] [STATIC-BASELINE]
CMD      : M221 | effects={'M': 221.0, 'S': 200.0}
DECISION : BLOCK
------------------------------------------------------------
[SEQ 258] [IEEE-BASELINE]
SCORE    : anomaly_score=0.000
DECISION : ALLOW
------------------------------------------------------------
[SEQ 259] [LAYER 0]
CMD      : G92 E1000
TRUST    : acc_cmd=0.000 | acc_exec=1.000 | trust=0.001
DECISION : PAUSE
MACHINE  : Machine-2
------------------------------------------------------------
[SEQ 259] [STATIC-BASELINE]
CMD      : G92 | effects={'reset': {'G': 92.0, 'E': 1000.0}}
DECISION : BLOCK
------------------------------------------------------------
[SEQ 259] [IEEE-BASELINE]
SCORE    : anomaly_score=0.000
DECISION : ALLOW
------------------------------------------------------------
[SEQ 260] [LAYER 0]
CMD      : G92 E1000
TRUST    : acc_cmd=0.000 | acc_exec=1.000 | trust=0.001
DECISION : PAUSE
MACHINE  : Machine-2
------------------------------------------------------------
[SEQ 260] [STATIC-BASELINE]
CMD      : G92 | effects={'reset': {'G': 92.0, 'E': 1000.0}}
DECISION : BLOCK
------------------------------------------------------------
[SEQ 260] [IEEE-BASELINE]
SCORE    : anomaly_score=0.000
DECISION : ALLOW
------------------------------------------------------------
[SEQ 261] [LAYER 0]
CMD      : M92 E2000
TRUST    : acc_cmd=1.000 | acc_exec=1.000 | trust=0.001
DECISION : PAUSE
MACHINE  : Machine-2
------------------------------------------------------------
[SEQ 261] [STATIC-BASELINE]
CMD      : M92 | effects={'M': 92.0, 'E': 2000.0}
DECISION : BLOCK
------------------------------------------------------------
[SEQ 261] [IEEE-BASELINE]
SCORE    : anomaly_score=0.000
DECISION : ALLOW
------------------------------------------------------------
[SEQ 262] [LAYER 0]
CMD      : M92 E2000
TRUST    : acc_cmd=1.000 | acc_exec=1.000 | trust=0.001
DECISION : PAUSE
MACHINE  : Machine-2
------------------------------------------------------------
[SEQ 262] [STATIC-BASELINE]
CMD      : M92 | effects={'M': 92.0, 'E': 2000.0}
DECISION : BLOCK
------------------------------------------------------------
[SEQ 262] [IEEE-BASELINE]
SCORE    : anomaly_score=0.000
DECISION : ALLOW
------------------------------------------------------------
[SEQ 263] [LAYER 0]
CMD      : G1 X164.216 Y125.581 E7.45694
TRUST    : acc_cmd=0.000 | acc_exec=1.000 | trust=0.001
DECISION : PAUSE
MACHINE  : Machine-2
------------------------------------------------------------
[SEQ 263] [STATIC-BASELINE]
CMD      : G1 | effects={'dx': -4.312999999999988, 'dy': 10.00500000000001, 'dz': 0.0, 'de': -992.54306, 'xy_dist': 10.895044469849587, 'params': {'G': 1.0, 'X': 164.216, 'Y': 125.581, 'E': 7.45694}}
DECISION : ALLOW
------------------------------------------------------------
[SEQ 263] [IEEE-BASELINE]
SCORE    : anomaly_score=0.000
DECISION : ALLOW
------------------------------------------------------------
[SEQ 264] [LAYER 0]
CMD      : G92 E1000
TRUST    : acc_cmd=0.000 | acc_exec=1.000 | trust=0.001
DECISION : PAUSE
MACHINE  : Machine-2
------------------------------------------------------------
[SEQ 264] [STATIC-BASELINE]
CMD      : G92 | effects={'reset': {'G': 92.0, 'E': 1000.0}}
DECISION : BLOCK
------------------------------------------------------------
[SEQ 264] [IEEE-BASELINE]
SCORE    : anomaly_score=0.000
DECISION : ALLOW
------------------------------------------------------------
[SEQ 265] [LAYER 0]
CMD      : M221 S200
TRUST    : acc_cmd=1.000 | acc_exec=1.000 | trust=0.001
DECISION : PAUSE
MACHINE  : Machine-2
------------------------------------------------------------
[SEQ 265] [STATIC-BASELINE]
CMD      : M221 | effects={'M': 221.0, 'S': 200.0}
DECISION : BLOCK
------------------------------------------------------------
[SEQ 265] [IEEE-BASELINE]
SCORE    : anomaly_score=0.000
DECISION : ALLOW
------------------------------------------------------------
[SEQ 266] [LAYER 0]
CMD      : M92 E2000
TRUST    : acc_cmd=1.000 | acc_exec=1.000 | trust=0.001
DECISION : PAUSE
MACHINE  : Machine-2
------------------------------------------------------------
[SEQ 266] [STATIC-BASELINE]
CMD      : M92 | effects={'M': 92.0, 'E': 2000.0}
DECISION : BLOCK
------------------------------------------------------------
[SEQ 266] [IEEE-BASELINE]
SCORE    : anomaly_score=0.000
DECISION : ALLOW
------------------------------------------------------------
[SEQ 267] [LAYER 0]
CMD      : G92 E1000
TRUST    : acc_cmd=0.000 | acc_exec=1.000 | trust=0.001
DECISION : PAUSE
MACHINE  : Machine-2
------------------------------------------------------------
[SEQ 267] [STATIC-BASELINE]
CMD      : G92 | effects={'reset': {'G': 92.0, 'E': 1000.0}}
DECISION : BLOCK
------------------------------------------------------------
[SEQ 267] [IEEE-BASELINE]
SCORE    : anomaly_score=0.000
DECISION : ALLOW
------------------------------------------------------------
[SEQ 268] [LAYER 0]
CMD      : M221 S200
TRUST    : acc_cmd=1.000 | acc_exec=1.000 | trust=0.001
DECISION : PAUSE
MACHINE  : Machine-2
------------------------------------------------------------
[SEQ 268] [STATIC-BASELINE]
CMD      : M221 | effects={'M': 221.0, 'S': 200.0}
DECISION : BLOCK
------------------------------------------------------------
[SEQ 268] [IEEE-BASELINE]
SCORE    : anomaly_score=0.000
DECISION : ALLOW
------------------------------------------------------------
[SEQ 269] [LAYER 0]
CMD      : G92 E1000
TRUST    : acc_cmd=0.000 | acc_exec=1.000 | trust=0.001
DECISION : PAUSE
MACHINE  : Machine-2
------------------------------------------------------------
[SEQ 269] [STATIC-BASELINE]
CMD      : G92 | effects={'reset': {'G': 92.0, 'E': 1000.0}}
DECISION : BLOCK
------------------------------------------------------------
[SEQ 269] [IEEE-BASELINE]
SCORE    : anomaly_score=0.000
DECISION : ALLOW
------------------------------------------------------------
[SEQ 270] [LAYER 0]
CMD      : G1 X160.472 Y116.714 E7.67417
TRUST    : acc_cmd=0.000 | acc_exec=1.000 | trust=0.001
DECISION : PAUSE
MACHINE  : Machine-2
------------------------------------------------------------
[SEQ 270] [STATIC-BASELINE]
CMD      : G1 | effects={'dx': -3.7439999999999998, 'dy': -8.867000000000004, 'dz': 0.0, 'de': -992.32583, 'xy_dist': 9.625031168780705, 'params': {'G': 1.0, 'X': 160.472, 'Y': 116.714, 'E': 7.67417}}
DECISION : ALLOW
------------------------------------------------------------
[SEQ 270] [IEEE-BASELINE]
SCORE    : anomaly_score=0.000
DECISION : ALLOW
------------------------------------------------------------
[SEQ 271] [LAYER 0]
CMD      : G0 F3600 X160.797 Y116.953
TRUST    : acc_cmd=0.000 | acc_exec=0.000 | trust=0.007
DECISION : PAUSE
MACHINE  : Machine-2
------------------------------------------------------------
[SEQ 271] [STATIC-BASELINE]
CMD      : G0 | effects={'dx': 0.32499999999998863, 'dy': 0.23900000000000432, 'dz': 0.0, 'de': 0.0, 'xy_dist': 0.40341789747108975, 'params': {'G': 0.0, 'F': 3600.0, 'X': 160.797, 'Y': 116.953}}
DECISION : ALLOW
------------------------------------------------------------
[SEQ 271] [IEEE-BASELINE]
SCORE    : anomaly_score=0.000
DECISION : ALLOW
------------------------------------------------------------
[SEQ 272] [LAYER 0]
CMD      : M221 S200
TRUST    : acc_cmd=1.000 | acc_exec=1.000 | trust=0.005
DECISION : PAUSE
MACHINE  : Machine-2
------------------------------------------------------------
[SEQ 272] [STATIC-BASELINE]
CMD      : M221 | effects={'M': 221.0, 'S': 200.0}
DECISION : BLOCK
------------------------------------------------------------
[SEQ 272] [IEEE-BASELINE]
SCORE    : anomaly_score=0.000
DECISION : ALLOW
------------------------------------------------------------
[SEQ 273] [LAYER 0]
CMD      : M92 E2000
TRUST    : acc_cmd=1.000 | acc_exec=1.000 | trust=0.003
DECISION : PAUSE
MACHINE  : Machine-2
------------------------------------------------------------
[SEQ 273] [STATIC-BASELINE]
CMD      : M92 | effects={'M': 92.0, 'E': 2000.0}
DECISION : BLOCK
------------------------------------------------------------
[SEQ 273] [IEEE-BASELINE]
SCORE    : anomaly_score=0.000
DECISION : ALLOW
------------------------------------------------------------
[SEQ 274] [LAYER 0]
CMD      : G1 X164.179 Y114.852 E7.75096
TRUST    : acc_cmd=0.000 | acc_exec=0.000 | trust=0.014
DECISION : PAUSE
MACHINE  : Machine-2
------------------------------------------------------------
[SEQ 274] [STATIC-BASELINE]
CMD      : G1 | effects={'dx': 3.382000000000005, 'dy': -2.100999999999999, 'dz': 0.0, 'de': 0.07678999999999991, 'xy_dist': 3.9814727174752846, 'params': {'G': 1.0, 'X': 164.179, 'Y': 114.852, 'E': 7.75096}}
DECISION : ALLOW
------------------------------------------------------------
[SEQ 274] [IEEE-BASELINE]
SCORE    : anomaly_score=0.000
DECISION : ALLOW
------------------------------------------------------------
[SEQ 275] [LAYER 0]
CMD      : M92 E2000
TRUST    : acc_cmd=1.000 | acc_exec=1.000 | trust=0.009
DECISION : PAUSE
MACHINE  : Machine-2
------------------------------------------------------------
[SEQ 275] [STATIC-BASELINE]
CMD      : M92 | effects={'M': 92.0, 'E': 2000.0}
DECISION : BLOCK
------------------------------------------------------------
[SEQ 275] [IEEE-BASELINE]
SCORE    : anomaly_score=0.000
DECISION : ALLOW
------------------------------------------------------------
[SEQ 276] [LAYER 0]
CMD      : M92 E2000
TRUST    : acc_cmd=1.000 | acc_exec=1.000 | trust=0.005
DECISION : PAUSE
MACHINE  : Machine-2
------------------------------------------------------------
[SEQ 276] [STATIC-BASELINE]
CMD      : M92 | effects={'M': 92.0, 'E': 2000.0}
DECISION : BLOCK
------------------------------------------------------------
[SEQ 276] [IEEE-BASELINE]
SCORE    : anomaly_score=0.000
DECISION : ALLOW
------------------------------------------------------------
[SEQ 277] [LAYER 0]
CMD      : M221 S200
TRUST    : acc_cmd=1.000 | acc_exec=1.000 | trust=0.003
DECISION : PAUSE
MACHINE  : Machine-2
------------------------------------------------------------
[SEQ 277] [STATIC-BASELINE]
CMD      : M221 | effects={'M': 221.0, 'S': 200.0}
DECISION : BLOCK
------------------------------------------------------------
[SEQ 277] [IEEE-BASELINE]
SCORE    : anomaly_score=0.000
DECISION : ALLOW
------------------------------------------------------------
[SEQ 278] [LAYER 0]
CMD      : M92 E2000
TRUST    : acc_cmd=1.000 | acc_exec=1.000 | trust=0.002
DECISION : PAUSE
MACHINE  : Machine-2
------------------------------------------------------------
[SEQ 278] [STATIC-BASELINE]
CMD      : M92 | effects={'M': 92.0, 'E': 2000.0}
DECISION : BLOCK
------------------------------------------------------------
[SEQ 278] [IEEE-BASELINE]
SCORE    : anomaly_score=0.000
DECISION : ALLOW
------------------------------------------------------------
[SEQ 279] [LAYER 0]
CMD      : G92 E1000
TRUST    : acc_cmd=0.000 | acc_exec=1.000 | trust=0.001
DECISION : PAUSE
MACHINE  : Machine-2
------------------------------------------------------------
[SEQ 279] [STATIC-BASELINE]
CMD      : G92 | effects={'reset': {'G': 92.0, 'E': 1000.0}}
DECISION : BLOCK
------------------------------------------------------------
[SEQ 279] [IEEE-BASELINE]
SCORE    : anomaly_score=0.000
DECISION : ALLOW
------------------------------------------------------------
[SEQ 280] [LAYER 0]
CMD      : M92 E2000
TRUST    : acc_cmd=1.000 | acc_exec=1.000 | trust=0.001
DECISION : PAUSE
MACHINE  : Machine-2
------------------------------------------------------------
[SEQ 280] [STATIC-BASELINE]
CMD      : M92 | effects={'M': 92.0, 'E': 2000.0}
DECISION : BLOCK
------------------------------------------------------------
[SEQ 280] [IEEE-BASELINE]
SCORE    : anomaly_score=0.000
DECISION : ALLOW
------------------------------------------------------------
[SEQ 281] [LAYER 0]
CMD      : G1 X169.733 Y122.196 E7.96291
TRUST    : acc_cmd=0.000 | acc_exec=1.000 | trust=0.001
DECISION : PAUSE
MACHINE  : Machine-2
------------------------------------------------------------
[SEQ 281] [STATIC-BASELINE]
CMD      : G1 | effects={'dx': 5.554000000000002, 'dy': 7.343999999999994, 'dz': 0.0, 'de': -992.03709, 'xy_dist': 9.207673538956511, 'params': {'G': 1.0, 'X': 169.733, 'Y': 122.196, 'E': 7.96291}}
DECISION : ALLOW
------------------------------------------------------------
[SEQ 281] [IEEE-BASELINE]
SCORE    : anomaly_score=0.000
DECISION : ALLOW
------------------------------------------------------------
[SEQ 282] [LAYER 0]
CMD      : G1 X168.97 Y123.383 E7.98945
TRUST    : acc_cmd=0.000 | acc_exec=0.000 | trust=0.007
DECISION : PAUSE
MACHINE  : Machine-2
------------------------------------------------------------
[SEQ 282] [STATIC-BASELINE]
CMD      : G1 | effects={'dx': -0.7630000000000052, 'dy': 1.1869999999999976, 'dz': 0.0, 'de': 0.026539999999999786, 'xy_dist': 1.4110768937233726, 'params': {'G': 1.0, 'X': 168.97, 'Y': 123.383, 'E': 7.98945}}
DECISION : ALLOW
------------------------------------------------------------
[SEQ 282] [IEEE-BASELINE]
SCORE    : anomaly_score=0.000
DECISION : ALLOW
------------------------------------------------------------
[SEQ 283] [LAYER 0]
CMD      : M92 E2000
TRUST    : acc_cmd=1.000 | acc_exec=1.000 | trust=0.005
DECISION : PAUSE
MACHINE  : Machine-2
------------------------------------------------------------
[SEQ 283] [STATIC-BASELINE]
CMD      : M92 | effects={'M': 92.0, 'E': 2000.0}
DECISION : BLOCK
------------------------------------------------------------
[SEQ 283] [IEEE-BASELINE]
SCORE    : anomaly_score=0.000
DECISION : ALLOW
------------------------------------------------------------
[SEQ 284] [LAYER 0]
CMD      : G92 E1000
TRUST    : acc_cmd=0.000 | acc_exec=1.000 | trust=0.003
DECISION : PAUSE
MACHINE  : Machine-2
------------------------------------------------------------
[SEQ 284] [STATIC-BASELINE]
CMD      : G92 | effects={'reset': {'G': 92.0, 'E': 1000.0}}
DECISION : BLOCK
------------------------------------------------------------
[SEQ 284] [IEEE-BASELINE]
SCORE    : anomaly_score=0.000
DECISION : ALLOW
------------------------------------------------------------
[SEQ 285] [LAYER 0]
CMD      : M92 E2000
TRUST    : acc_cmd=1.000 | acc_exec=1.000 | trust=0.002
DECISION : PAUSE
MACHINE  : Machine-2
------------------------------------------------------------
[SEQ 285] [STATIC-BASELINE]
CMD      : M92 | effects={'M': 92.0, 'E': 2000.0}
DECISION : BLOCK
------------------------------------------------------------
[SEQ 285] [IEEE-BASELINE]
SCORE    : anomaly_score=0.000
DECISION : ALLOW
------------------------------------------------------------
[SEQ 286] [LAYER 0]
CMD      : G1 X164.272 Y125.18 E8.08762
TRUST    : acc_cmd=0.000 | acc_exec=1.000 | trust=0.001
DECISION : PAUSE
MACHINE  : Machine-2
------------------------------------------------------------
[SEQ 286] [STATIC-BASELINE]
CMD      : G1 | effects={'dx': -4.6980000000000075, 'dy': 1.7970000000000113, 'dz': 0.0, 'de': -991.91238, 'xy_dist': 5.029951590224314, 'params': {'G': 1.0, 'X': 164.272, 'Y': 125.18, 'E': 8.08762}}
DECISION : ALLOW
------------------------------------------------------------
[SEQ 286] [IEEE-BASELINE]
SCORE    : anomaly_score=0.000
DECISION : ALLOW
------------------------------------------------------------
[SEQ 287] [LAYER 0]
CMD      : G1 X162.825 Y124.733 E8.11611
TRUST    : acc_cmd=0.000 | acc_exec=0.000 | trust=0.009
DECISION : PAUSE
MACHINE  : Machine-2
------------------------------------------------------------
[SEQ 287] [STATIC-BASELINE]
CMD      : G1 | effects={'dx': -1.4470000000000027, 'dy': -0.44700000000000273, 'dz': 0.0, 'de': 0.02849000000000146, 'xy_dist': 1.51446954409787, 'params': {'G': 1.0, 'X': 162.825, 'Y': 124.733, 'E': 8.11611}}
DECISION : ALLOW
------------------------------------------------------------
[SEQ 287] [IEEE-BASELINE]
SCORE    : anomaly_score=0.000
DECISION : ALLOW
------------------------------------------------------------
[SEQ 288] [LAYER 0]
CMD      : M92 E2000
TRUST    : acc_cmd=1.000 | acc_exec=1.000 | trust=0.006
DECISION : PAUSE
MACHINE  : Machine-2
------------------------------------------------------------
[SEQ 288] [STATIC-BASELINE]
CMD      : M92 | effects={'M': 92.0, 'E': 2000.0}
DECISION : BLOCK
------------------------------------------------------------
[SEQ 288] [IEEE-BASELINE]
SCORE    : anomaly_score=0.000
DECISION : ALLOW
------------------------------------------------------------
[SEQ 289] [LAYER 0]
CMD      : M221 S200
TRUST    : acc_cmd=1.000 | acc_exec=1.000 | trust=0.003
DECISION : PAUSE
MACHINE  : Machine-2
------------------------------------------------------------
[SEQ 289] [STATIC-BASELINE]
CMD      : M221 | effects={'M': 221.0, 'S': 200.0}
DECISION : BLOCK
------------------------------------------------------------
[SEQ 289] [IEEE-BASELINE]
SCORE    : anomaly_score=0.000
DECISION : ALLOW
------------------------------------------------------------
[SEQ 290] [LAYER 0]
CMD      : M92 E2000
TRUST    : acc_cmd=1.000 | acc_exec=1.000 | trust=0.002
DECISION : PAUSE
MACHINE  : Machine-2
------------------------------------------------------------
[SEQ 290] [STATIC-BASELINE]
CMD      : M92 | effects={'M': 92.0, 'E': 2000.0}
DECISION : BLOCK
------------------------------------------------------------
[SEQ 290] [IEEE-BASELINE]
SCORE    : anomaly_score=0.000
DECISION : ALLOW
------------------------------------------------------------
[SEQ 291] [LAYER 0]
CMD      : G92 E1000
TRUST    : acc_cmd=0.000 | acc_exec=1.000 | trust=0.001
DECISION : PAUSE
MACHINE  : Machine-2
------------------------------------------------------------
[SEQ 291] [STATIC-BASELINE]
CMD      : G92 | effects={'reset': {'G': 92.0, 'E': 1000.0}}
DECISION : BLOCK
------------------------------------------------------------
[SEQ 291] [IEEE-BASELINE]
SCORE    : anomaly_score=0.000
DECISION : ALLOW
------------------------------------------------------------
[SEQ 292] [LAYER 0]
CMD      : G1 X160.343 Y117.752 E8.27189
TRUST    : acc_cmd=0.000 | acc_exec=1.000 | trust=0.001
DECISION : PAUSE
MACHINE  : Machine-2
------------------------------------------------------------
[SEQ 292] [STATIC-BASELINE]
CMD      : G1 | effects={'dx': -2.4819999999999993, 'dy': -6.981000000000009, 'dz': 0.0, 'de': -991.72811, 'xy_dist': 7.409094749022995, 'params': {'G': 1.0, 'X': 160.343, 'Y': 117.752, 'E': 8.27189}}
DECISION : ALLOW
------------------------------------------------------------
[SEQ 292] [IEEE-BASELINE]
SCORE    : anomaly_score=0.000
DECISION : ALLOW
------------------------------------------------------------
[SEQ 293] [LAYER 0]
CMD      : G1 X160.797 Y116.953 E8.28917
TRUST    : acc_cmd=0.000 | acc_exec=0.000 | trust=0.008
DECISION : PAUSE
MACHINE  : Machine-2
------------------------------------------------------------
[SEQ 293] [STATIC-BASELINE]
CMD      : G1 | effects={'dx': 0.45400000000000773, 'dy': -0.7989999999999924, 'dz': 0.0, 'de': 0.017279999999999518, 'xy_dist': 0.9189760606239941, 'params': {'G': 1.0, 'X': 160.797, 'Y': 116.953, 'E': 8.28917}}
DECISION : ALLOW
------------------------------------------------------------
[SEQ 293] [IEEE-BASELINE]
SCORE    : anomaly_score=0.000
DECISION : ALLOW
------------------------------------------------------------
[SEQ 294] [LAYER 0]
CMD      : G92 E1000
TRUST    : acc_cmd=0.000 | acc_exec=1.000 | trust=0.005
DECISION : PAUSE
MACHINE  : Machine-2
------------------------------------------------------------
[SEQ 294] [STATIC-BASELINE]
CMD      : G92 | effects={'reset': {'G': 92.0, 'E': 1000.0}}
DECISION : BLOCK
------------------------------------------------------------
[SEQ 294] [IEEE-BASELINE]
SCORE    : anomaly_score=0.000
DECISION : ALLOW
------------------------------------------------------------
[SEQ 295] [LAYER 0]
CMD      : G92 E1000
TRUST    : acc_cmd=0.000 | acc_exec=1.000 | trust=0.003
DECISION : PAUSE
MACHINE  : Machine-2
------------------------------------------------------------
[SEQ 295] [STATIC-BASELINE]
CMD      : G92 | effects={'reset': {'G': 92.0, 'E': 1000.0}}
DECISION : BLOCK
------------------------------------------------------------
[SEQ 295] [IEEE-BASELINE]
SCORE    : anomaly_score=0.000
DECISION : ALLOW
------------------------------------------------------------
[SEQ 296] [LAYER 0]
CMD      : G92 E1000
TRUST    : acc_cmd=0.000 | acc_exec=1.000 | trust=0.002
DECISION : PAUSE
MACHINE  : Machine-2
------------------------------------------------------------
[SEQ 296] [STATIC-BASELINE]
CMD      : G92 | effects={'reset': {'G': 92.0, 'E': 1000.0}}
DECISION : BLOCK
------------------------------------------------------------
[SEQ 296] [IEEE-BASELINE]
SCORE    : anomaly_score=0.000
DECISION : ALLOW
------------------------------------------------------------
[SEQ 297] [LAYER 0]
CMD      : M221 S200
TRUST    : acc_cmd=1.000 | acc_exec=1.000 | trust=0.001
DECISION : PAUSE
MACHINE  : Machine-2
------------------------------------------------------------
[SEQ 297] [STATIC-BASELINE]
CMD      : M221 | effects={'M': 221.0, 'S': 200.0}
DECISION : BLOCK
------------------------------------------------------------
[SEQ 297] [IEEE-BASELINE]
SCORE    : anomaly_score=0.000
DECISION : ALLOW
------------------------------------------------------------
[SEQ 298] [LAYER 0]
CMD      : M92 E2000
TRUST    : acc_cmd=1.000 | acc_exec=1.000 | trust=0.001
DECISION : PAUSE
MACHINE  : Machine-2
------------------------------------------------------------
[SEQ 298] [STATIC-BASELINE]
CMD      : M92 | effects={'M': 92.0, 'E': 2000.0}
DECISION : BLOCK
------------------------------------------------------------
[SEQ 298] [IEEE-BASELINE]
SCORE    : anomaly_score=0.000
DECISION : ALLOW
------------------------------------------------------------
[SEQ 299] [LAYER 0]
CMD      : M92 E2000
TRUST    : acc_cmd=1.000 | acc_exec=1.000 | trust=0.001
DECISION : PAUSE
MACHINE  : Machine-2
------------------------------------------------------------
[SEQ 299] [STATIC-BASELINE]
CMD      : M92 | effects={'M': 92.0, 'E': 2000.0}
DECISION : BLOCK
------------------------------------------------------------
[SEQ 299] [IEEE-BASELINE]
SCORE    : anomaly_score=0.000
DECISION : ALLOW
------------------------------------------------------------
[SEQ 300] [LAYER 0]
CMD      : G1 X168.017 Y116.209 E8.43502
TRUST    : acc_cmd=0.000 | acc_exec=1.000 | trust=0.001
DECISION : PAUSE
MACHINE  : Machine-2
------------------------------------------------------------
[SEQ 300] [STATIC-BASELINE]
CMD      : G1 | effects={'dx': 7.219999999999999, 'dy': -0.7439999999999998, 'dz': 0.0, 'de': -991.56498, 'xy_dist': 7.258232291680942, 'params': {'G': 1.0, 'X': 168.017, 'Y': 116.209, 'E': 8.43502}}
DECISION : ALLOW
------------------------------------------------------------
[SEQ 300] [IEEE-BASELINE]
SCORE    : anomaly_score=0.000
DECISION : ALLOW
------------------------------------------------------------
[SEQ 301] [LAYER 0]
CMD      : M221 S200
TRUST    : acc_cmd=1.000 | acc_exec=1.000 | trust=0.001
DECISION : PAUSE
MACHINE  : Machine-2
------------------------------------------------------------
[SEQ 301] [STATIC-BASELINE]
CMD      : M221 | effects={'M': 221.0, 'S': 200.0}
DECISION : BLOCK
------------------------------------------------------------
[SEQ 301] [IEEE-BASELINE]
SCORE    : anomaly_score=0.000
DECISION : ALLOW
------------------------------------------------------------
[SEQ 302] [LAYER 0]
CMD      : G92 E1000
TRUST    : acc_cmd=0.000 | acc_exec=1.000 | trust=0.001
DECISION : PAUSE
MACHINE  : Machine-2
------------------------------------------------------------
[SEQ 302] [STATIC-BASELINE]
CMD      : G92 | effects={'reset': {'G': 92.0, 'E': 1000.0}}
DECISION : BLOCK
------------------------------------------------------------
[SEQ 302] [IEEE-BASELINE]
SCORE    : anomaly_score=0.000
DECISION : ALLOW
------------------------------------------------------------
[SEQ 303] [LAYER 0]
CMD      : M92 E2000
TRUST    : acc_cmd=1.000 | acc_exec=1.000 | trust=0.001
DECISION : PAUSE
MACHINE  : Machine-2
------------------------------------------------------------
[SEQ 303] [STATIC-BASELINE]
CMD      : M92 | effects={'M': 92.0, 'E': 2000.0}
DECISION : BLOCK
------------------------------------------------------------
[SEQ 303] [IEEE-BASELINE]
SCORE    : anomaly_score=0.000
DECISION : ALLOW
------------------------------------------------------------
[SEQ 304] [LAYER 0]
CMD      : M221 S200
TRUST    : acc_cmd=1.000 | acc_exec=1.000 | trust=0.001
DECISION : PAUSE
MACHINE  : Machine-2
------------------------------------------------------------
[SEQ 304] [STATIC-BASELINE]
CMD      : M221 | effects={'M': 221.0, 'S': 200.0}
DECISION : BLOCK
------------------------------------------------------------
[SEQ 304] [IEEE-BASELINE]
SCORE    : anomaly_score=0.000
DECISION : ALLOW
------------------------------------------------------------
[SEQ 305] [LAYER 0]
CMD      : M92 E2000
TRUST    : acc_cmd=1.000 | acc_exec=1.000 | trust=0.001
DECISION : PAUSE
MACHINE  : Machine-2
------------------------------------------------------------
[SEQ 305] [STATIC-BASELINE]
CMD      : M92 | effects={'M': 92.0, 'E': 2000.0}
DECISION : BLOCK
------------------------------------------------------------
[SEQ 305] [IEEE-BASELINE]
SCORE    : anomaly_score=0.000
DECISION : ALLOW
------------------------------------------------------------
[SEQ 306] [LAYER 0]
CMD      : M92 E2000
TRUST    : acc_cmd=1.000 | acc_exec=1.000 | trust=0.001
DECISION : PAUSE
MACHINE  : Machine-2
------------------------------------------------------------
[SEQ 306] [STATIC-BASELINE]
CMD      : M92 | effects={'M': 92.0, 'E': 2000.0}
DECISION : BLOCK
------------------------------------------------------------
[SEQ 306] [IEEE-BASELINE]
SCORE    : anomaly_score=0.000
DECISION : ALLOW
------------------------------------------------------------
[SEQ 307] [LAYER 0]
CMD      : G92 E1000
TRUST    : acc_cmd=0.000 | acc_exec=1.000 | trust=0.001
DECISION : PAUSE
MACHINE  : Machine-2
------------------------------------------------------------
[SEQ 307] [STATIC-BASELINE]
CMD      : G92 | effects={'reset': {'G': 92.0, 'E': 1000.0}}
DECISION : BLOCK
------------------------------------------------------------
[SEQ 307] [IEEE-BASELINE]
SCORE    : anomaly_score=0.000
DECISION : ALLOW
------------------------------------------------------------
[SEQ 308] [LAYER 0]
CMD      : M221 S200
TRUST    : acc_cmd=1.000 | acc_exec=1.000 | trust=0.001
DECISION : PAUSE
MACHINE  : Machine-2
------------------------------------------------------------
[SEQ 308] [STATIC-BASELINE]
CMD      : M221 | effects={'M': 221.0, 'S': 200.0}
DECISION : BLOCK
------------------------------------------------------------
[SEQ 308] [IEEE-BASELINE]
SCORE    : anomaly_score=0.000
DECISION : ALLOW
------------------------------------------------------------
[SEQ 309] [LAYER 0]
CMD      : M92 E2000
TRUST    : acc_cmd=1.000 | acc_exec=1.000 | trust=0.001
DECISION : PAUSE
MACHINE  : Machine-2
------------------------------------------------------------
[SEQ 309] [STATIC-BASELINE]
CMD      : M92 | effects={'M': 92.0, 'E': 2000.0}
DECISION : BLOCK
------------------------------------------------------------
[SEQ 309] [IEEE-BASELINE]
SCORE    : anomaly_score=0.000
DECISION : ALLOW
------------------------------------------------------------
[SEQ 310] [LAYER 0]
CMD      : M221 S200
TRUST    : acc_cmd=1.000 | acc_exec=1.000 | trust=0.001
DECISION : PAUSE
MACHINE  : Machine-2
------------------------------------------------------------
[SEQ 310] [STATIC-BASELINE]
CMD      : M221 | effects={'M': 221.0, 'S': 200.0}
DECISION : BLOCK
------------------------------------------------------------
[SEQ 310] [IEEE-BASELINE]
SCORE    : anomaly_score=0.000
DECISION : ALLOW
------------------------------------------------------------
[SEQ 311] [LAYER 0]
CMD      : M92 E2000
TRUST    : acc_cmd=1.000 | acc_exec=1.000 | trust=0.001
DECISION : PAUSE
MACHINE  : Machine-2
------------------------------------------------------------
[SEQ 311] [STATIC-BASELINE]
CMD      : M92 | effects={'M': 92.0, 'E': 2000.0}
DECISION : BLOCK
------------------------------------------------------------
[SEQ 311] [IEEE-BASELINE]
SCORE    : anomaly_score=0.000
DECISION : ALLOW
------------------------------------------------------------
[SEQ 312] [LAYER 0]
CMD      : G92 E1000
TRUST    : acc_cmd=0.000 | acc_exec=1.000 | trust=0.001
DECISION : PAUSE
MACHINE  : Machine-2
------------------------------------------------------------
[SEQ 312] [STATIC-BASELINE]
CMD      : G92 | effects={'reset': {'G': 92.0, 'E': 1000.0}}
DECISION : BLOCK
------------------------------------------------------------
[SEQ 312] [IEEE-BASELINE]
SCORE    : anomaly_score=0.000
DECISION : ALLOW
------------------------------------------------------------
[SEQ 313] [LAYER 0]
CMD      : G1 X160.248 Y120.717 E8.78652
TRUST    : acc_cmd=0.000 | acc_exec=1.000 | trust=0.001
DECISION : PAUSE
MACHINE  : Machine-2
------------------------------------------------------------
[SEQ 313] [STATIC-BASELINE]
CMD      : G1 | effects={'dx': -7.7690000000000055, 'dy': 4.507999999999996, 'dz': 0.0, 'de': -991.21348, 'xy_dist': 8.982172621365057, 'params': {'G': 1.0, 'X': 160.248, 'Y': 120.717, 'E': 8.78652}}
DECISION : ALLOW
------------------------------------------------------------
[SEQ 313] [IEEE-BASELINE]
SCORE    : anomaly_score=0.000
DECISION : ALLOW
------------------------------------------------------------
[SEQ 314] [LAYER 0]
CMD      : G92 E1000
TRUST    : acc_cmd=0.000 | acc_exec=1.000 | trust=0.001
DECISION : PAUSE
MACHINE  : Machine-2
------------------------------------------------------------
[SEQ 314] [STATIC-BASELINE]
CMD      : G92 | effects={'reset': {'G': 92.0, 'E': 1000.0}}
DECISION : BLOCK
------------------------------------------------------------
[SEQ 314] [IEEE-BASELINE]
SCORE    : anomaly_score=0.000
DECISION : ALLOW
------------------------------------------------------------
[SEQ 315] [LAYER 0]
CMD      : G92 E1000
TRUST    : acc_cmd=0.000 | acc_exec=1.000 | trust=0.001
DECISION : PAUSE
MACHINE  : Machine-2
------------------------------------------------------------
[SEQ 315] [STATIC-BASELINE]
CMD      : G92 | effects={'reset': {'G': 92.0, 'E': 1000.0}}
DECISION : BLOCK
------------------------------------------------------------
[SEQ 315] [IEEE-BASELINE]
SCORE    : anomaly_score=0.000
DECISION : ALLOW
------------------------------------------------------------
[SEQ 316] [LAYER 0]
CMD      : M92 E2000
TRUST    : acc_cmd=1.000 | acc_exec=1.000 | trust=0.001
DECISION : PAUSE
MACHINE  : Machine-2
------------------------------------------------------------
[SEQ 316] [STATIC-BASELINE]
CMD      : M92 | effects={'M': 92.0, 'E': 2000.0}
DECISION : BLOCK
------------------------------------------------------------
[SEQ 316] [IEEE-BASELINE]
SCORE    : anomaly_score=0.000
DECISION : ALLOW
------------------------------------------------------------
[SEQ 317] [LAYER 0]
CMD      : G92 E1000
TRUST    : acc_cmd=0.000 | acc_exec=1.000 | trust=0.001
DECISION : PAUSE
MACHINE  : Machine-2
------------------------------------------------------------
[SEQ 317] [STATIC-BASELINE]
CMD      : G92 | effects={'reset': {'G': 92.0, 'E': 1000.0}}
DECISION : BLOCK
------------------------------------------------------------
[SEQ 317] [IEEE-BASELINE]
SCORE    : anomaly_score=0.000
DECISION : ALLOW
------------------------------------------------------------
[SEQ 318] [LAYER 0]
CMD      : M221 S200
TRUST    : acc_cmd=1.000 | acc_exec=1.000 | trust=0.001
DECISION : PAUSE
MACHINE  : Machine-2
------------------------------------------------------------
[SEQ 318] [STATIC-BASELINE]
CMD      : M221 | effects={'M': 221.0, 'S': 200.0}
DECISION : BLOCK
------------------------------------------------------------
[SEQ 318] [IEEE-BASELINE]
SCORE    : anomaly_score=0.000
DECISION : ALLOW
------------------------------------------------------------
[SEQ 319] [LAYER 0]
CMD      : M221 S200
TRUST    : acc_cmd=1.000 | acc_exec=1.000 | trust=0.001
DECISION : PAUSE
MACHINE  : Machine-2
------------------------------------------------------------
[SEQ 319] [STATIC-BASELINE]
CMD      : M221 | effects={'M': 221.0, 'S': 200.0}
DECISION : BLOCK
------------------------------------------------------------
[SEQ 319] [IEEE-BASELINE]
SCORE    : anomaly_score=0.000
DECISION : ALLOW
------------------------------------------------------------
[SEQ 320] [LAYER 0]
CMD      : M221 S200
TRUST    : acc_cmd=1.000 | acc_exec=1.000 | trust=0.001
DECISION : PAUSE
MACHINE  : Machine-2
------------------------------------------------------------
[SEQ 320] [STATIC-BASELINE]
CMD      : M221 | effects={'M': 221.0, 'S': 200.0}
DECISION : BLOCK
------------------------------------------------------------
[SEQ 320] [IEEE-BASELINE]
SCORE    : anomaly_score=0.000
DECISION : ALLOW
------------------------------------------------------------
[SEQ 321] [LAYER 0]
CMD      : M221 S200
TRUST    : acc_cmd=1.000 | acc_exec=1.000 | trust=0.001
DECISION : PAUSE
MACHINE  : Machine-2
------------------------------------------------------------
[SEQ 321] [STATIC-BASELINE]
CMD      : M221 | effects={'M': 221.0, 'S': 200.0}
DECISION : BLOCK
------------------------------------------------------------
[SEQ 321] [IEEE-BASELINE]
SCORE    : anomaly_score=0.000
DECISION : ALLOW
------------------------------------------------------------
[SEQ 322] [LAYER 0]
CMD      : M92 E2000
TRUST    : acc_cmd=1.000 | acc_exec=1.000 | trust=0.001
DECISION : PAUSE
MACHINE  : Machine-2
------------------------------------------------------------
[SEQ 322] [STATIC-BASELINE]
CMD      : M92 | effects={'M': 92.0, 'E': 2000.0}
DECISION : BLOCK
------------------------------------------------------------
[SEQ 322] [IEEE-BASELINE]
SCORE    : anomaly_score=0.000
DECISION : ALLOW
------------------------------------------------------------
[SEQ 323] [LAYER 0]
CMD      : G1 X167.762 Y116.526 E8.99016
TRUST    : acc_cmd=0.000 | acc_exec=1.000 | trust=0.001
DECISION : PAUSE
MACHINE  : Machine-2
------------------------------------------------------------
[SEQ 323] [STATIC-BASELINE]
CMD      : G1 | effects={'dx': 7.51400000000001, 'dy': -4.1910000000000025, 'dz': 0.0, 'de': -991.00984, 'xy_dist': 8.603759468976348, 'params': {'G': 1.0, 'X': 167.762, 'Y': 116.526, 'E': 8.99016}}
DECISION : ALLOW
------------------------------------------------------------
[SEQ 323] [IEEE-BASELINE]
SCORE    : anomaly_score=0.000
DECISION : ALLOW
------------------------------------------------------------
[SEQ 324] [LAYER 0]
CMD      : G1 X168.844 Y117.787 E9.02141
TRUST    : acc_cmd=0.000 | acc_exec=0.000 | trust=0.007
DECISION : PAUSE
MACHINE  : Machine-2
------------------------------------------------------------
[SEQ 324] [STATIC-BASELINE]
CMD      : G1 | effects={'dx': 1.0819999999999936, 'dy': 1.26100000000001, 'dz': 0.0, 'de': 0.03125, 'xy_dist': 1.6615790682359992, 'params': {'G': 1.0, 'X': 168.844, 'Y': 117.787, 'E': 9.02141}}
DECISION : ALLOW
------------------------------------------------------------
[SEQ 324] [IEEE-BASELINE]
SCORE    : anomaly_score=0.000
DECISION : ALLOW
------------------------------------------------------------
[SEQ 325] [LAYER 0]
CMD      : G1 X169.379 Y119.344 E9.05238
TRUST    : acc_cmd=0.000 | acc_exec=0.000 | trust=0.043
DECISION : PAUSE
MACHINE  : Machine-2
------------------------------------------------------------
[SEQ 325] [STATIC-BASELINE]
CMD      : G1 | effects={'dx': 0.5349999999999966, 'dy': 1.556999999999988, 'dz': 0.0, 'de': 0.030969999999999942, 'xy_dist': 1.6463517242679218, 'params': {'G': 1.0, 'X': 169.379, 'Y': 119.344, 'E': 9.05238}}
DECISION : ALLOW
------------------------------------------------------------
[SEQ 325] [IEEE-BASELINE]
SCORE    : anomaly_score=0.000
DECISION : ALLOW
------------------------------------------------------------
[SEQ 326] [LAYER 0]
CMD      : G92 E1000
TRUST    : acc_cmd=0.000 | acc_exec=1.000 | trust=0.023
DECISION : PAUSE
MACHINE  : Machine-2
------------------------------------------------------------
[SEQ 326] [STATIC-BASELINE]
CMD      : G92 | effects={'reset': {'G': 92.0, 'E': 1000.0}}
DECISION : BLOCK
------------------------------------------------------------
[SEQ 326] [IEEE-BASELINE]
SCORE    : anomaly_score=0.000
DECISION : ALLOW
------------------------------------------------------------
[SEQ 327] [LAYER 0]
CMD      : M221 S200
TRUST    : acc_cmd=1.000 | acc_exec=1.000 | trust=0.011
DECISION : PAUSE
MACHINE  : Machine-2
------------------------------------------------------------
[SEQ 327] [STATIC-BASELINE]
CMD      : M221 | effects={'M': 221.0, 'S': 200.0}
DECISION : BLOCK
------------------------------------------------------------
[SEQ 327] [IEEE-BASELINE]
SCORE    : anomaly_score=0.000
DECISION : ALLOW
------------------------------------------------------------
[SEQ 328] [LAYER 0]
CMD      : G1 X168.358 Y122.855 E9.12299
TRUST    : acc_cmd=0.000 | acc_exec=1.000 | trust=0.005
DECISION : PAUSE
MACHINE  : Machine-2
------------------------------------------------------------
[SEQ 328] [STATIC-BASELINE]
CMD      : G1 | effects={'dx': -1.0209999999999866, 'dy': 3.51100000000001, 'dz': 0.0, 'de': -990.87701, 'xy_dist': 3.6564411659426495, 'params': {'G': 1.0, 'X': 168.358, 'Y': 122.855, 'E': 9.12299}}
DECISION : ALLOW
------------------------------------------------------------
[SEQ 328] [IEEE-BASELINE]
SCORE    : anomaly_score=0.000
DECISION : ALLOW
------------------------------------------------------------
[SEQ 329] [LAYER 0]
CMD      : M221 S200
TRUST    : acc_cmd=1.000 | acc_exec=1.000 | trust=0.003
DECISION : PAUSE
MACHINE  : Machine-2
------------------------------------------------------------
[SEQ 329] [STATIC-BASELINE]
CMD      : M221 | effects={'M': 221.0, 'S': 200.0}
DECISION : BLOCK
------------------------------------------------------------
[SEQ 329] [IEEE-BASELINE]
SCORE    : anomaly_score=0.000
DECISION : ALLOW
------------------------------------------------------------
[SEQ 330] [LAYER 0]
CMD      : G92 E1000
TRUST    : acc_cmd=0.000 | acc_exec=1.000 | trust=0.002
DECISION : PAUSE
MACHINE  : Machine-2
------------------------------------------------------------
[SEQ 330] [STATIC-BASELINE]
CMD      : G92 | effects={'reset': {'G': 92.0, 'E': 1000.0}}
DECISION : BLOCK
------------------------------------------------------------
[SEQ 330] [IEEE-BASELINE]
SCORE    : anomaly_score=0.000
DECISION : ALLOW
------------------------------------------------------------
[SEQ 331] [LAYER 0]
CMD      : G1 X165.669 Y124.353 E9.18189
TRUST    : acc_cmd=0.000 | acc_exec=1.000 | trust=0.001
DECISION : PAUSE
MACHINE  : Machine-2
------------------------------------------------------------
[SEQ 331] [STATIC-BASELINE]
CMD      : G1 | effects={'dx': -2.688999999999993, 'dy': 1.4979999999999905, 'dz': 0.0, 'de': -990.81811, 'xy_dist': 3.0781041242946823, 'params': {'G': 1.0, 'X': 165.669, 'Y': 124.353, 'E': 9.18189}}
DECISION : ALLOW
------------------------------------------------------------
[SEQ 331] [IEEE-BASELINE]
SCORE    : anomaly_score=0.000
DECISION : ALLOW
------------------------------------------------------------
[SEQ 332] [LAYER 0]
CMD      : M221 S200
TRUST    : acc_cmd=1.000 | acc_exec=1.000 | trust=0.001
DECISION : PAUSE
MACHINE  : Machine-2
------------------------------------------------------------
[SEQ 332] [STATIC-BASELINE]
CMD      : M221 | effects={'M': 221.0, 'S': 200.0}
DECISION : BLOCK
------------------------------------------------------------
[SEQ 332] [IEEE-BASELINE]
SCORE    : anomaly_score=0.000
DECISION : ALLOW
------------------------------------------------------------
[SEQ 333] [LAYER 0]
CMD      : M92 E2000
TRUST    : acc_cmd=1.000 | acc_exec=1.000 | trust=0.001
DECISION : PAUSE
MACHINE  : Machine-2
------------------------------------------------------------
[SEQ 333] [STATIC-BASELINE]
CMD      : M92 | effects={'M': 92.0, 'E': 2000.0}
DECISION : BLOCK
------------------------------------------------------------
[SEQ 333] [IEEE-BASELINE]
SCORE    : anomaly_score=0.000
DECISION : ALLOW
------------------------------------------------------------
[SEQ 334] [LAYER 0]
CMD      : M92 E2000
TRUST    : acc_cmd=1.000 | acc_exec=1.000 | trust=0.001
DECISION : PAUSE
MACHINE  : Machine-2
------------------------------------------------------------
[SEQ 334] [STATIC-BASELINE]
CMD      : M92 | effects={'M': 92.0, 'E': 2000.0}
DECISION : BLOCK
------------------------------------------------------------
[SEQ 334] [IEEE-BASELINE]
SCORE    : anomaly_score=0.000
DECISION : ALLOW
------------------------------------------------------------
[SEQ 335] [LAYER 0]
CMD      : G1 X161.014 Y121.957 E9.28678
TRUST    : acc_cmd=0.000 | acc_exec=0.000 | trust=0.007
DECISION : PAUSE
MACHINE  : Machine-2
------------------------------------------------------------
[SEQ 335] [STATIC-BASELINE]
CMD      : G1 | effects={'dx': -4.655000000000001, 'dy': -2.396000000000001, 'dz': 0.0, 'de': 0.10489000000000104, 'xy_dist': 5.235440860137761, 'params': {'G': 1.0, 'X': 161.014, 'Y': 121.957, 'E': 9.28678}}
DECISION : ALLOW
------------------------------------------------------------
[SEQ 335] [IEEE-BASELINE]
SCORE    : anomaly_score=0.000
DECISION : ALLOW
------------------------------------------------------------
[SEQ 336] [LAYER 0]
CMD      : G92 E1000
TRUST    : acc_cmd=0.000 | acc_exec=1.000 | trust=0.005
DECISION : PAUSE
MACHINE  : Machine-2
------------------------------------------------------------
[SEQ 336] [STATIC-BASELINE]
CMD      : G92 | effects={'reset': {'G': 92.0, 'E': 1000.0}}
DECISION : BLOCK
------------------------------------------------------------
[SEQ 336] [IEEE-BASELINE]
SCORE    : anomaly_score=0.000
DECISION : ALLOW
------------------------------------------------------------
[SEQ 337] [LAYER 0]
CMD      : M92 E2000
TRUST    : acc_cmd=1.000 | acc_exec=1.000 | trust=0.003
DECISION : PAUSE
MACHINE  : Machine-2
------------------------------------------------------------
[SEQ 337] [STATIC-BASELINE]
CMD      : M92 | effects={'M': 92.0, 'E': 2000.0}
DECISION : BLOCK
------------------------------------------------------------
[SEQ 337] [IEEE-BASELINE]
SCORE    : anomaly_score=0.000
DECISION : ALLOW
------------------------------------------------------------
[SEQ 338] [LAYER 0]
CMD      : G1 X161.039 Y118.148 E9.36076
TRUST    : acc_cmd=0.000 | acc_exec=1.000 | trust=0.002
DECISION : PAUSE
MACHINE  : Machine-2
------------------------------------------------------------
[SEQ 338] [STATIC-BASELINE]
CMD      : G1 | effects={'dx': 0.024999999999977263, 'dy': -3.8089999999999975, 'dz': 0.0, 'de': -990.63924, 'xy_dist': 3.809082041647302, 'params': {'G': 1.0, 'X': 161.039, 'Y': 118.148, 'E': 9.36076}}
DECISION : ALLOW
------------------------------------------------------------
[SEQ 338] [IEEE-BASELINE]
SCORE    : anomaly_score=0.000
DECISION : ALLOW
------------------------------------------------------------
[SEQ 339] [LAYER 0]
CMD      : M92 E2000
TRUST    : acc_cmd=1.000 | acc_exec=1.000 | trust=0.001
DECISION : PAUSE
MACHINE  : Machine-2
------------------------------------------------------------
[SEQ 339] [STATIC-BASELINE]
CMD      : M92 | effects={'M': 92.0, 'E': 2000.0}
DECISION : BLOCK
------------------------------------------------------------
[SEQ 339] [IEEE-BASELINE]
SCORE    : anomaly_score=0.000
DECISION : ALLOW
------------------------------------------------------------
[SEQ 340] [LAYER 0]
CMD      : M92 E2000
TRUST    : acc_cmd=1.000 | acc_exec=1.000 | trust=0.001
DECISION : PAUSE
MACHINE  : Machine-2
------------------------------------------------------------
[SEQ 340] [STATIC-BASELINE]
CMD      : M92 | effects={'M': 92.0, 'E': 2000.0}
DECISION : BLOCK
------------------------------------------------------------
[SEQ 340] [IEEE-BASELINE]
SCORE    : anomaly_score=0.000
DECISION : ALLOW
------------------------------------------------------------
[SEQ 341] [LAYER 0]
CMD      : G92 E1000
TRUST    : acc_cmd=0.000 | acc_exec=1.000 | trust=0.001
DECISION : PAUSE
MACHINE  : Machine-2
------------------------------------------------------------
[SEQ 341] [STATIC-BASELINE]
CMD      : G92 | effects={'reset': {'G': 92.0, 'E': 1000.0}}
DECISION : BLOCK
------------------------------------------------------------
[SEQ 341] [IEEE-BASELINE]
SCORE    : anomaly_score=0.000
DECISION : ALLOW
------------------------------------------------------------
[SEQ 342] [LAYER 0]
CMD      : G92 E1000
TRUST    : acc_cmd=0.000 | acc_exec=1.000 | trust=0.001
DECISION : PAUSE
MACHINE  : Machine-2
------------------------------------------------------------
[SEQ 342] [STATIC-BASELINE]
CMD      : G92 | effects={'reset': {'G': 92.0, 'E': 1000.0}}
DECISION : BLOCK
------------------------------------------------------------
[SEQ 342] [IEEE-BASELINE]
SCORE    : anomaly_score=0.000
DECISION : ALLOW
------------------------------------------------------------
[SEQ 343] [LAYER 0]
CMD      : G1 X164.368 Y116.049 E9.43534
TRUST    : acc_cmd=0.000 | acc_exec=1.000 | trust=0.001
DECISION : PAUSE
MACHINE  : Machine-2
------------------------------------------------------------
[SEQ 343] [STATIC-BASELINE]
CMD      : G1 | effects={'dx': 3.3290000000000077, 'dy': -2.0989999999999895, 'dz': 0.0, 'de': -990.56466, 'xy_dist': 3.935484976467323, 'params': {'G': 1.0, 'X': 164.368, 'Y': 116.049, 'E': 9.43534}}
DECISION : ALLOW
------------------------------------------------------------
[SEQ 343] [IEEE-BASELINE]
SCORE    : anomaly_score=0.000
DECISION : ALLOW
------------------------------------------------------------
[SEQ 344] [LAYER 0]
CMD      : M92 E2000
TRUST    : acc_cmd=1.000 | acc_exec=1.000 | trust=0.001
DECISION : PAUSE
MACHINE  : Machine-2
------------------------------------------------------------
[SEQ 344] [STATIC-BASELINE]
CMD      : M92 | effects={'M': 92.0, 'E': 2000.0}
DECISION : BLOCK
------------------------------------------------------------
[SEQ 344] [IEEE-BASELINE]
SCORE    : anomaly_score=0.000
DECISION : ALLOW
------------------------------------------------------------
[SEQ 345] [LAYER 0]
CMD      : G1 X166.431 Y116.261 E9.47467
TRUST    : acc_cmd=0.000 | acc_exec=0.000 | trust=0.007
DECISION : PAUSE
MACHINE  : Machine-2
------------------------------------------------------------
[SEQ 345] [STATIC-BASELINE]
CMD      : G1 | effects={'dx': 2.0630000000000166, 'dy': 0.21199999999998909, 'dz': 0.0, 'de': 0.03932999999999964, 'xy_dist': 2.073864267496806, 'params': {'G': 1.0, 'X': 166.431, 'Y': 116.261, 'E': 9.47467}}
DECISION : ALLOW
------------------------------------------------------------
[SEQ 345] [IEEE-BASELINE]
SCORE    : anomaly_score=0.000
DECISION : ALLOW
------------------------------------------------------------
[SEQ 346] [LAYER 0]
CMD      : G1 X167.505 Y116.842 E9.49764
TRUST    : acc_cmd=0.000 | acc_exec=0.000 | trust=0.044
DECISION : PAUSE
MACHINE  : Machine-2
------------------------------------------------------------
[SEQ 346] [STATIC-BASELINE]
CMD      : G1 | effects={'dx': 1.0739999999999839, 'dy': 0.5810000000000031, 'dz': 0.0, 'de': 0.022970000000000823, 'xy_dist': 1.2210802594424204, 'params': {'G': 1.0, 'X': 167.505, 'Y': 116.842, 'E': 9.49764}}
DECISION : ALLOW
------------------------------------------------------------
[SEQ 346] [IEEE-BASELINE]
SCORE    : anomaly_score=0.000
DECISION : ALLOW
------------------------------------------------------------
[SEQ 347] [LAYER 0]
CMD      : M221 S200
TRUST    : acc_cmd=1.000 | acc_exec=1.000 | trust=0.023
DECISION : PAUSE
MACHINE  : Machine-2
------------------------------------------------------------
[SEQ 347] [STATIC-BASELINE]
CMD      : M221 | effects={'M': 221.0, 'S': 200.0}
DECISION : BLOCK
------------------------------------------------------------
[SEQ 347] [IEEE-BASELINE]
SCORE    : anomaly_score=0.000
DECISION : ALLOW
------------------------------------------------------------
[SEQ 348] [LAYER 0]
CMD      : M92 E2000
TRUST    : acc_cmd=1.000 | acc_exec=1.000 | trust=0.011
DECISION : PAUSE
MACHINE  : Machine-2
------------------------------------------------------------
[SEQ 348] [STATIC-BASELINE]
CMD      : M92 | effects={'M': 92.0, 'E': 2000.0}
DECISION : BLOCK
------------------------------------------------------------
[SEQ 348] [IEEE-BASELINE]
SCORE    : anomaly_score=0.000
DECISION : ALLOW
------------------------------------------------------------
[SEQ 349] [LAYER 0]
CMD      : M92 E2000
TRUST    : acc_cmd=1.000 | acc_exec=1.000 | trust=0.005
DECISION : PAUSE
MACHINE  : Machine-2
------------------------------------------------------------
[SEQ 349] [STATIC-BASELINE]
CMD      : M92 | effects={'M': 92.0, 'E': 2000.0}
DECISION : BLOCK
------------------------------------------------------------
[SEQ 349] [IEEE-BASELINE]
SCORE    : anomaly_score=0.000
DECISION : ALLOW
------------------------------------------------------------
[SEQ 350] [LAYER 0]
CMD      : G1 X168.635 Y121.683 E9.59802
TRUST    : acc_cmd=0.000 | acc_exec=0.000 | trust=0.015
DECISION : PAUSE
MACHINE  : Machine-2
------------------------------------------------------------
[SEQ 350] [STATIC-BASELINE]
CMD      : G1 | effects={'dx': 1.1299999999999955, 'dy': 4.841000000000008, 'dz': 0.0, 'de': 0.10037999999999947, 'xy_dist': 4.9711347799069046, 'params': {'G': 1.0, 'X': 168.635, 'Y': 121.683, 'E': 9.59802}}
DECISION : ALLOW
------------------------------------------------------------
[SEQ 350] [IEEE-BASELINE]
SCORE    : anomaly_score=0.000
DECISION : ALLOW
------------------------------------------------------------
[SEQ 351] [LAYER 0]
CMD      : G1 X168.052 Y122.591 E9.61832
TRUST    : acc_cmd=0.000 | acc_exec=0.000 | trust=0.064
DECISION : PAUSE
MACHINE  : Machine-2
------------------------------------------------------------
[SEQ 351] [STATIC-BASELINE]
CMD      : G1 | effects={'dx': -0.5829999999999984, 'dy': 0.907999999999987, 'dz': 0.0, 'de': 0.02030000000000065, 'xy_dist': 1.0790518986591768, 'params': {'G': 1.0, 'X': 168.052, 'Y': 122.591, 'E': 9.61832}}
DECISION : ALLOW
------------------------------------------------------------
[SEQ 351] [IEEE-BASELINE]
SCORE    : anomaly_score=0.000
DECISION : ALLOW
------------------------------------------------------------
[SEQ 352] [LAYER 0]
CMD      : G92 E1000
TRUST    : acc_cmd=0.000 | acc_exec=1.000 | trust=0.033
DECISION : PAUSE
MACHINE  : Machine-2
------------------------------------------------------------
[SEQ 352] [STATIC-BASELINE]
CMD      : G92 | effects={'reset': {'G': 92.0, 'E': 1000.0}}
DECISION : BLOCK
------------------------------------------------------------
[SEQ 352] [IEEE-BASELINE]
SCORE    : anomaly_score=0.000
DECISION : ALLOW
------------------------------------------------------------
[SEQ 353] [LAYER 0]
CMD      : M92 E2000
TRUST    : acc_cmd=1.000 | acc_exec=1.000 | trust=0.015
DECISION : PAUSE
MACHINE  : Machine-2
------------------------------------------------------------
[SEQ 353] [STATIC-BASELINE]
CMD      : M92 | effects={'M': 92.0, 'E': 2000.0}
DECISION : BLOCK
------------------------------------------------------------
[SEQ 353] [IEEE-BASELINE]
SCORE    : anomaly_score=0.000
DECISION : ALLOW
------------------------------------------------------------
[SEQ 354] [LAYER 0]
CMD      : M221 S200
TRUST    : acc_cmd=1.000 | acc_exec=1.000 | trust=0.007
DECISION : PAUSE
MACHINE  : Machine-2
------------------------------------------------------------
[SEQ 354] [STATIC-BASELINE]
CMD      : M221 | effects={'M': 221.0, 'S': 200.0}
DECISION : BLOCK
------------------------------------------------------------
[SEQ 354] [IEEE-BASELINE]
SCORE    : anomaly_score=0.000
DECISION : ALLOW
------------------------------------------------------------
[SEQ 355] [LAYER 0]
CMD      : G92 E1000
TRUST    : acc_cmd=0.000 | acc_exec=1.000 | trust=0.004
DECISION : PAUSE
MACHINE  : Machine-2
------------------------------------------------------------
[SEQ 355] [STATIC-BASELINE]
CMD      : G92 | effects={'reset': {'G': 92.0, 'E': 1000.0}}
DECISION : BLOCK
------------------------------------------------------------
[SEQ 355] [IEEE-BASELINE]
SCORE    : anomaly_score=0.000
DECISION : ALLOW
------------------------------------------------------------
[SEQ 356] [LAYER 0]
CMD      : M221 S200
TRUST    : acc_cmd=1.000 | acc_exec=1.000 | trust=0.002
DECISION : PAUSE
MACHINE  : Machine-2
------------------------------------------------------------
[SEQ 356] [STATIC-BASELINE]
CMD      : M221 | effects={'M': 221.0, 'S': 200.0}
DECISION : BLOCK
------------------------------------------------------------
[SEQ 356] [IEEE-BASELINE]
SCORE    : anomaly_score=0.000
DECISION : ALLOW
------------------------------------------------------------
[SEQ 357] [LAYER 0]
CMD      : M221 S200
TRUST    : acc_cmd=1.000 | acc_exec=1.000 | trust=0.001
DECISION : PAUSE
MACHINE  : Machine-2
------------------------------------------------------------
[SEQ 357] [STATIC-BASELINE]
CMD      : M221 | effects={'M': 221.0, 'S': 200.0}
DECISION : BLOCK
------------------------------------------------------------
[SEQ 357] [IEEE-BASELINE]
SCORE    : anomaly_score=0.000
DECISION : ALLOW
------------------------------------------------------------
[SEQ 358] [LAYER 0]
CMD      : M92 E2000
TRUST    : acc_cmd=1.000 | acc_exec=1.000 | trust=0.001
DECISION : PAUSE
MACHINE  : Machine-2
------------------------------------------------------------
[SEQ 358] [STATIC-BASELINE]
CMD      : M92 | effects={'M': 92.0, 'E': 2000.0}
DECISION : BLOCK
------------------------------------------------------------
[SEQ 358] [IEEE-BASELINE]
SCORE    : anomaly_score=0.000
DECISION : ALLOW
------------------------------------------------------------
[SEQ 359] [LAYER 0]
CMD      : M92 E2000
TRUST    : acc_cmd=1.000 | acc_exec=1.000 | trust=0.001
DECISION : PAUSE
MACHINE  : Machine-2
------------------------------------------------------------
[SEQ 359] [STATIC-BASELINE]
CMD      : M92 | effects={'M': 92.0, 'E': 2000.0}
DECISION : BLOCK
------------------------------------------------------------
[SEQ 359] [IEEE-BASELINE]
SCORE    : anomaly_score=0.000
DECISION : ALLOW
------------------------------------------------------------
[SEQ 360] [LAYER 0]
CMD      : G92 E1000
TRUST    : acc_cmd=0.000 | acc_exec=1.000 | trust=0.001
DECISION : PAUSE
MACHINE  : Machine-2
------------------------------------------------------------
[SEQ 360] [STATIC-BASELINE]
CMD      : G92 | effects={'reset': {'G': 92.0, 'E': 1000.0}}
DECISION : BLOCK
------------------------------------------------------------
[SEQ 360] [IEEE-BASELINE]
SCORE    : anomaly_score=0.000
DECISION : ALLOW
------------------------------------------------------------
[SEQ 361] [LAYER 0]
CMD      : M92 E2000
TRUST    : acc_cmd=1.000 | acc_exec=1.000 | trust=0.001
DECISION : PAUSE
MACHINE  : Machine-2
------------------------------------------------------------
[SEQ 361] [STATIC-BASELINE]
CMD      : M92 | effects={'M': 92.0, 'E': 2000.0}
DECISION : BLOCK
------------------------------------------------------------
[SEQ 361] [IEEE-BASELINE]
SCORE    : anomaly_score=0.000
DECISION : ALLOW
------------------------------------------------------------
[SEQ 362] [LAYER 0]
CMD      : M92 E2000
TRUST    : acc_cmd=1.000 | acc_exec=1.000 | trust=0.001
DECISION : PAUSE
MACHINE  : Machine-2
------------------------------------------------------------
[SEQ 362] [STATIC-BASELINE]
CMD      : M92 | effects={'M': 92.0, 'E': 2000.0}
DECISION : BLOCK
------------------------------------------------------------
[SEQ 362] [IEEE-BASELINE]
SCORE    : anomaly_score=0.000
DECISION : ALLOW
------------------------------------------------------------
[SEQ 363] [LAYER 0]
CMD      : G92 E1000
TRUST    : acc_cmd=0.000 | acc_exec=1.000 | trust=0.001
DECISION : PAUSE
MACHINE  : Machine-2
------------------------------------------------------------
[SEQ 363] [STATIC-BASELINE]
CMD      : G92 | effects={'reset': {'G': 92.0, 'E': 1000.0}}
DECISION : BLOCK
------------------------------------------------------------
[SEQ 363] [IEEE-BASELINE]
SCORE    : anomaly_score=0.000
DECISION : ALLOW
------------------------------------------------------------
[SEQ 364] [LAYER 0]
CMD      : G1 F1800 X162.868 Y117.078 E9.86972
TRUST    : acc_cmd=0.000 | acc_exec=1.000 | trust=0.001
DECISION : PAUSE
MACHINE  : Machine-2
------------------------------------------------------------
[SEQ 364] [STATIC-BASELINE]
CMD      : G1 | effects={'dx': -5.1839999999999975, 'dy': -5.512999999999991, 'dz': 0.0, 'de': -990.13028, 'xy_dist': 7.567497935249132, 'params': {'G': 1.0, 'F': 1800.0, 'X': 162.868, 'Y': 117.078, 'E': 9.86972}}
DECISION : ALLOW
------------------------------------------------------------
[SEQ 364] [IEEE-BASELINE]
SCORE    : anomaly_score=0.000
DECISION : ALLOW
------------------------------------------------------------
[SEQ 365] [LAYER 0]
CMD      : G92 E1000
TRUST    : acc_cmd=0.000 | acc_exec=1.000 | trust=0.001
DECISION : PAUSE
MACHINE  : Machine-2
------------------------------------------------------------
[SEQ 365] [STATIC-BASELINE]
CMD      : G92 | effects={'reset': {'G': 92.0, 'E': 1000.0}}
DECISION : BLOCK
------------------------------------------------------------
[SEQ 365] [IEEE-BASELINE]
SCORE    : anomaly_score=0.000
DECISION : ALLOW
------------------------------------------------------------
[SEQ 366] [LAYER 0]
CMD      : M221 S200
TRUST    : acc_cmd=1.000 | acc_exec=1.000 | trust=0.001
DECISION : PAUSE
MACHINE  : Machine-2
------------------------------------------------------------
[SEQ 366] [STATIC-BASELINE]
CMD      : M221 | effects={'M': 221.0, 'S': 200.0}
DECISION : BLOCK
------------------------------------------------------------
[SEQ 366] [IEEE-BASELINE]
SCORE    : anomaly_score=0.000
DECISION : ALLOW
------------------------------------------------------------
[SEQ 367] [LAYER 0]
CMD      : G1 X165.382 Y116.425 E9.91943
TRUST    : acc_cmd=0.000 | acc_exec=1.000 | trust=0.001
DECISION : PAUSE
MACHINE  : Machine-2
------------------------------------------------------------
[SEQ 367] [STATIC-BASELINE]
CMD      : G1 | effects={'dx': 2.51400000000001, 'dy': -0.6530000000000058, 'dz': 0.0, 'de': -990.08057, 'xy_dist': 2.597422761123044, 'params': {'G': 1.0, 'X': 165.382, 'Y': 116.425, 'E': 9.91943}}
DECISION : ALLOW
------------------------------------------------------------
[SEQ 367] [IEEE-BASELINE]
SCORE    : anomaly_score=0.000
DECISION : ALLOW
------------------------------------------------------------
[SEQ 368] [LAYER 0]
CMD      : G92 E1000
TRUST    : acc_cmd=0.000 | acc_exec=1.000 | trust=0.001
DECISION : PAUSE
MACHINE  : Machine-2
------------------------------------------------------------
[SEQ 368] [STATIC-BASELINE]
CMD      : G92 | effects={'reset': {'G': 92.0, 'E': 1000.0}}
DECISION : BLOCK
------------------------------------------------------------
[SEQ 368] [IEEE-BASELINE]
SCORE    : anomaly_score=0.000
DECISION : ALLOW
------------------------------------------------------------
[SEQ 369] [LAYER 0]
CMD      : G92 E1000
TRUST    : acc_cmd=0.000 | acc_exec=1.000 | trust=0.001
DECISION : PAUSE
MACHINE  : Machine-2
------------------------------------------------------------
[SEQ 369] [STATIC-BASELINE]
CMD      : G92 | effects={'reset': {'G': 92.0, 'E': 1000.0}}
DECISION : BLOCK
------------------------------------------------------------
[SEQ 369] [IEEE-BASELINE]
SCORE    : anomaly_score=0.000
DECISION : ALLOW
------------------------------------------------------------
[SEQ 370] [LAYER 0]
CMD      : M221 S200
TRUST    : acc_cmd=1.000 | acc_exec=1.000 | trust=0.001
DECISION : PAUSE
MACHINE  : Machine-2
------------------------------------------------------------
[SEQ 370] [STATIC-BASELINE]
CMD      : M221 | effects={'M': 221.0, 'S': 200.0}
DECISION : BLOCK
------------------------------------------------------------
[SEQ 370] [IEEE-BASELINE]
SCORE    : anomaly_score=0.000
DECISION : ALLOW
------------------------------------------------------------
[SEQ 371] [LAYER 0]
CMD      : M92 E2000
TRUST    : acc_cmd=1.000 | acc_exec=1.000 | trust=0.001
DECISION : PAUSE
MACHINE  : Machine-2
------------------------------------------------------------
[SEQ 371] [STATIC-BASELINE]
CMD      : M92 | effects={'M': 92.0, 'E': 2000.0}
DECISION : BLOCK
------------------------------------------------------------
[SEQ 371] [IEEE-BASELINE]
SCORE    : anomaly_score=0.000
DECISION : ALLOW
------------------------------------------------------------
[SEQ 372] [LAYER 0]
CMD      : M221 S200
TRUST    : acc_cmd=1.000 | acc_exec=1.000 | trust=0.001
DECISION : PAUSE
MACHINE  : Machine-2
------------------------------------------------------------
[SEQ 372] [STATIC-BASELINE]
CMD      : M221 | effects={'M': 221.0, 'S': 200.0}
DECISION : BLOCK
------------------------------------------------------------
[SEQ 372] [IEEE-BASELINE]
SCORE    : anomaly_score=0.000
DECISION : ALLOW
------------------------------------------------------------
[SEQ 373] [LAYER 0]
CMD      : M221 S200
TRUST    : acc_cmd=1.000 | acc_exec=1.000 | trust=0.001
DECISION : PAUSE
MACHINE  : Machine-2
------------------------------------------------------------
[SEQ 373] [STATIC-BASELINE]
CMD      : M221 | effects={'M': 221.0, 'S': 200.0}
DECISION : BLOCK
------------------------------------------------------------
[SEQ 373] [IEEE-BASELINE]
SCORE    : anomaly_score=0.000
DECISION : ALLOW
------------------------------------------------------------
[SEQ 374] [LAYER 0]
CMD      : G1 X167.746 Y122.327 E10.06601
TRUST    : acc_cmd=0.000 | acc_exec=1.000 | trust=0.001
DECISION : PAUSE
MACHINE  : Machine-2
------------------------------------------------------------
[SEQ 374] [STATIC-BASELINE]
CMD      : G1 | effects={'dx': 2.3640000000000043, 'dy': 5.902000000000001, 'dz': 0.0, 'de': -989.93399, 'xy_dist': 6.357837682734598, 'params': {'G': 1.0, 'X': 167.746, 'Y': 122.327, 'E': 10.06601}}
DECISION : ALLOW
------------------------------------------------------------
[SEQ 374] [IEEE-BASELINE]
SCORE    : anomaly_score=0.000
DECISION : ALLOW
------------------------------------------------------------
[SEQ 375] [LAYER 0]
CMD      : M92 E2000
TRUST    : acc_cmd=1.000 | acc_exec=1.000 | trust=0.001
DECISION : PAUSE
MACHINE  : Machine-2
------------------------------------------------------------
[SEQ 375] [STATIC-BASELINE]
CMD      : M92 | effects={'M': 92.0, 'E': 2000.0}
DECISION : BLOCK
------------------------------------------------------------
[SEQ 375] [IEEE-BASELINE]
SCORE    : anomaly_score=0.000
DECISION : ALLOW
------------------------------------------------------------
[SEQ 376] [LAYER 0]
CMD      : G1 X166.415 Y123.303 E10.09721
TRUST    : acc_cmd=0.000 | acc_exec=0.000 | trust=0.007
DECISION : PAUSE
MACHINE  : Machine-2
------------------------------------------------------------
[SEQ 376] [STATIC-BASELINE]
CMD      : G1 | effects={'dx': -1.3310000000000173, 'dy': 0.9759999999999991, 'dz': 0.0, 'de': 0.031200000000000117, 'xy_dist': 1.6504959860599613, 'params': {'G': 1.0, 'X': 166.415, 'Y': 123.303, 'E': 10.09721}}
DECISION : ALLOW
------------------------------------------------------------
[SEQ 376] [IEEE-BASELINE]
SCORE    : anomaly_score=0.000
DECISION : ALLOW
------------------------------------------------------------
[SEQ 377] [LAYER 0]
CMD      : G92 E1000
TRUST    : acc_cmd=0.000 | acc_exec=1.000 | trust=0.005
DECISION : PAUSE
MACHINE  : Machine-2
------------------------------------------------------------
[SEQ 377] [STATIC-BASELINE]
CMD      : G92 | effects={'reset': {'G': 92.0, 'E': 1000.0}}
DECISION : BLOCK
------------------------------------------------------------
[SEQ 377] [IEEE-BASELINE]
SCORE    : anomaly_score=0.000
DECISION : ALLOW
------------------------------------------------------------
[SEQ 378] [LAYER 0]
CMD      : M221 S200
TRUST    : acc_cmd=1.000 | acc_exec=1.000 | trust=0.003
DECISION : PAUSE
MACHINE  : Machine-2
------------------------------------------------------------
[SEQ 378] [STATIC-BASELINE]
CMD      : M221 | effects={'M': 221.0, 'S': 200.0}
DECISION : BLOCK
------------------------------------------------------------
[SEQ 378] [IEEE-BASELINE]
SCORE    : anomaly_score=0.000
DECISION : ALLOW
------------------------------------------------------------
[SEQ 379] [LAYER 0]
CMD      : M92 E2000
TRUST    : acc_cmd=1.000 | acc_exec=1.000 | trust=0.002
DECISION : PAUSE
MACHINE  : Machine-2
------------------------------------------------------------
[SEQ 379] [STATIC-BASELINE]
CMD      : M92 | effects={'M': 92.0, 'E': 2000.0}
DECISION : BLOCK
------------------------------------------------------------
[SEQ 379] [IEEE-BASELINE]
SCORE    : anomaly_score=0.000
DECISION : ALLOW
------------------------------------------------------------
[SEQ 380] [LAYER 0]
CMD      : G1 X162.552 Y122.663 E10.17475
TRUST    : acc_cmd=0.000 | acc_exec=1.000 | trust=0.001
DECISION : PAUSE
MACHINE  : Machine-2
------------------------------------------------------------
[SEQ 380] [STATIC-BASELINE]
CMD      : G1 | effects={'dx': -3.8629999999999995, 'dy': -0.6400000000000006, 'dz': 0.0, 'de': -989.82525, 'xy_dist': 3.9156569052969896, 'params': {'G': 1.0, 'X': 162.552, 'Y': 122.663, 'E': 10.17475}}
DECISION : ALLOW
------------------------------------------------------------
[SEQ 380] [IEEE-BASELINE]
SCORE    : anomaly_score=0.000
DECISION : ALLOW
------------------------------------------------------------
[SEQ 381] [LAYER 0]
CMD      : G1 X161.743 Y121.595 E10.19995
TRUST    : acc_cmd=0.000 | acc_exec=0.000 | trust=0.009
DECISION : PAUSE
MACHINE  : Machine-2
------------------------------------------------------------
[SEQ 381] [STATIC-BASELINE]
CMD      : G1 | effects={'dx': -0.8089999999999975, 'dy': -1.0679999999999978, 'dz': 0.0, 'de': 0.02519999999999989, 'xy_dist': 1.3398152857763608, 'params': {'G': 1.0, 'X': 161.743, 'Y': 121.595, 'E': 10.19995}}
DECISION : ALLOW
------------------------------------------------------------
[SEQ 381] [IEEE-BASELINE]
SCORE    : anomaly_score=0.000
DECISION : ALLOW
------------------------------------------------------------
[SEQ 382] [LAYER 0]
CMD      : G92 E1000
TRUST    : acc_cmd=0.000 | acc_exec=1.000 | trust=0.006
DECISION : PAUSE
MACHINE  : Machine-2
------------------------------------------------------------
[SEQ 382] [STATIC-BASELINE]
CMD      : G92 | effects={'reset': {'G': 92.0, 'E': 1000.0}}
DECISION : BLOCK
------------------------------------------------------------
[SEQ 382] [IEEE-BASELINE]
SCORE    : anomaly_score=0.000
DECISION : ALLOW
------------------------------------------------------------
[SEQ 383] [LAYER 0]
CMD      : M92 E2000
TRUST    : acc_cmd=1.000 | acc_exec=1.000 | trust=0.003
DECISION : PAUSE
MACHINE  : Machine-2
------------------------------------------------------------
[SEQ 383] [STATIC-BASELINE]
CMD      : M92 | effects={'M': 92.0, 'E': 2000.0}
DECISION : BLOCK
------------------------------------------------------------
[SEQ 383] [IEEE-BASELINE]
SCORE    : anomaly_score=0.000
DECISION : ALLOW
------------------------------------------------------------
[SEQ 384] [LAYER 0]
CMD      : G92 E1000
TRUST    : acc_cmd=0.000 | acc_exec=1.000 | trust=0.002
DECISION : PAUSE
MACHINE  : Machine-2
------------------------------------------------------------
[SEQ 384] [STATIC-BASELINE]
CMD      : G92 | effects={'reset': {'G': 92.0, 'E': 1000.0}}
DECISION : BLOCK
------------------------------------------------------------
[SEQ 384] [IEEE-BASELINE]
SCORE    : anomaly_score=0.000
DECISION : ALLOW
------------------------------------------------------------
[SEQ 385] [LAYER 0]
CMD      : M221 S200
TRUST    : acc_cmd=1.000 | acc_exec=1.000 | trust=0.001
DECISION : PAUSE
MACHINE  : Machine-2
------------------------------------------------------------
[SEQ 385] [STATIC-BASELINE]
CMD      : M221 | effects={'M': 221.0, 'S': 200.0}
DECISION : BLOCK
------------------------------------------------------------
[SEQ 385] [IEEE-BASELINE]
SCORE    : anomaly_score=0.000
DECISION : ALLOW
------------------------------------------------------------
[SEQ 386] [LAYER 0]
CMD      : G0 F3600 X162.416 Y118.151
TRUST    : acc_cmd=0.000 | acc_exec=0.000 | trust=0.009
DECISION : PAUSE
MACHINE  : Machine-2
------------------------------------------------------------
[SEQ 386] [STATIC-BASELINE]
CMD      : G0 | effects={'dx': 0.6730000000000018, 'dy': -3.4440000000000026, 'dz': 0.0, 'de': 0.0, 'xy_dist': 3.5091402080851686, 'params': {'G': 0.0, 'F': 3600.0, 'X': 162.416, 'Y': 118.151}}
DECISION : ALLOW
------------------------------------------------------------
[SEQ 386] [IEEE-BASELINE]
SCORE    : anomaly_score=0.000
DECISION : ALLOW
------------------------------------------------------------
[SEQ 387] [LAYER 0]
CMD      : M221 S200
TRUST    : acc_cmd=1.000 | acc_exec=1.000 | trust=0.006
DECISION : PAUSE
MACHINE  : Machine-2
------------------------------------------------------------
[SEQ 387] [STATIC-BASELINE]
CMD      : M221 | effects={'M': 221.0, 'S': 200.0}
DECISION : BLOCK
------------------------------------------------------------
[SEQ 387] [IEEE-BASELINE]
SCORE    : anomaly_score=0.000
DECISION : ALLOW
------------------------------------------------------------
[SEQ 388] [LAYER 0]
CMD      : M221 S200
TRUST    : acc_cmd=1.000 | acc_exec=1.000 | trust=0.003
DECISION : PAUSE
MACHINE  : Machine-2
------------------------------------------------------------
[SEQ 388] [STATIC-BASELINE]
CMD      : M221 | effects={'M': 221.0, 'S': 200.0}
DECISION : BLOCK
------------------------------------------------------------
[SEQ 388] [IEEE-BASELINE]
SCORE    : anomaly_score=0.000
DECISION : ALLOW
------------------------------------------------------------
[SEQ 389] [LAYER 0]
CMD      : M92 E2000
TRUST    : acc_cmd=1.000 | acc_exec=1.000 | trust=0.002
DECISION : PAUSE
MACHINE  : Machine-2
------------------------------------------------------------
[SEQ 389] [STATIC-BASELINE]
CMD      : M92 | effects={'M': 92.0, 'E': 2000.0}
DECISION : BLOCK
------------------------------------------------------------
[SEQ 389] [IEEE-BASELINE]
SCORE    : anomaly_score=0.000
DECISION : ALLOW
------------------------------------------------------------
[SEQ 390] [LAYER 0]
CMD      : G1 X165.342 Y116.826 E10.33615
TRUST    : acc_cmd=0.000 | acc_exec=1.000 | trust=0.001
DECISION : PAUSE
MACHINE  : Machine-2
------------------------------------------------------------
[SEQ 390] [STATIC-BASELINE]
CMD      : G1 | effects={'dx': 2.926000000000016, 'dy': -1.3250000000000028, 'dz': 0.0, 'de': -989.66385, 'xy_dist': 3.2120244395085327, 'params': {'G': 1.0, 'X': 165.342, 'Y': 116.826, 'E': 10.33615}}
DECISION : ALLOW
------------------------------------------------------------
[SEQ 390] [IEEE-BASELINE]
SCORE    : anomaly_score=0.000
DECISION : ALLOW
------------------------------------------------------------
[SEQ 391] [LAYER 0]
CMD      : M221 S200
TRUST    : acc_cmd=1.000 | acc_exec=1.000 | trust=0.001
DECISION : PAUSE
MACHINE  : Machine-2
------------------------------------------------------------
[SEQ 391] [STATIC-BASELINE]
CMD      : M221 | effects={'M': 221.0, 'S': 200.0}
DECISION : BLOCK
------------------------------------------------------------
[SEQ 391] [IEEE-BASELINE]
SCORE    : anomaly_score=0.000
DECISION : ALLOW
------------------------------------------------------------
[SEQ 392] [LAYER 0]
CMD      : G1 X166.995 Y117.476 E10.36985
TRUST    : acc_cmd=0.000 | acc_exec=0.000 | trust=0.008
DECISION : PAUSE
MACHINE  : Machine-2
------------------------------------------------------------
[SEQ 392] [STATIC-BASELINE]
CMD      : G1 | effects={'dx': 1.6529999999999916, 'dy': 0.6500000000000057, 'dz': 0.0, 'de': 0.03369999999999962, 'xy_dist': 1.776206350624831, 'params': {'G': 1.0, 'X': 166.995, 'Y': 117.476, 'E': 10.36985}}
DECISION : ALLOW
------------------------------------------------------------
[SEQ 392] [IEEE-BASELINE]
SCORE    : anomaly_score=0.000
DECISION : ALLOW
------------------------------------------------------------
[SEQ 393] [LAYER 0]
CMD      : M221 S200
TRUST    : acc_cmd=1.000 | acc_exec=1.000 | trust=0.005
DECISION : PAUSE
MACHINE  : Machine-2
------------------------------------------------------------
[SEQ 393] [STATIC-BASELINE]
CMD      : M221 | effects={'M': 221.0, 'S': 200.0}
DECISION : BLOCK
------------------------------------------------------------
[SEQ 393] [IEEE-BASELINE]
SCORE    : anomaly_score=0.000
DECISION : ALLOW
------------------------------------------------------------
[SEQ 394] [LAYER 0]
CMD      : M221 S200
TRUST    : acc_cmd=1.000 | acc_exec=1.000 | trust=0.003
DECISION : PAUSE
MACHINE  : Machine-2
------------------------------------------------------------
[SEQ 394] [STATIC-BASELINE]
CMD      : M221 | effects={'M': 221.0, 'S': 200.0}
DECISION : BLOCK
------------------------------------------------------------
[SEQ 394] [IEEE-BASELINE]
SCORE    : anomaly_score=0.000
DECISION : ALLOW
------------------------------------------------------------
[SEQ 395] [LAYER 0]
CMD      : G1 X168.157 Y120.524 E10.43392
TRUST    : acc_cmd=0.000 | acc_exec=0.000 | trust=0.014
DECISION : PAUSE
MACHINE  : Machine-2
------------------------------------------------------------
[SEQ 395] [STATIC-BASELINE]
CMD      : G1 | effects={'dx': 1.1620000000000061, 'dy': 3.048000000000002, 'dz': 0.0, 'de': 0.06407000000000096, 'xy_dist': 3.261985285067979, 'params': {'G': 1.0, 'X': 168.157, 'Y': 120.524, 'E': 10.43392}}
DECISION : ALLOW
------------------------------------------------------------
[SEQ 395] [IEEE-BASELINE]
SCORE    : anomaly_score=0.000
DECISION : ALLOW
------------------------------------------------------------
[SEQ 396] [LAYER 0]
CMD      : G92 E1000
TRUST    : acc_cmd=0.000 | acc_exec=1.000 | trust=0.009
DECISION : PAUSE
MACHINE  : Machine-2
------------------------------------------------------------
[SEQ 396] [STATIC-BASELINE]
CMD      : G92 | effects={'reset': {'G': 92.0, 'E': 1000.0}}
DECISION : BLOCK
------------------------------------------------------------
[SEQ 396] [IEEE-BASELINE]
SCORE    : anomaly_score=0.000
DECISION : ALLOW
------------------------------------------------------------
[SEQ 397] [LAYER 0]
CMD      : G92 E1000
TRUST    : acc_cmd=0.000 | acc_exec=1.000 | trust=0.005
DECISION : PAUSE
MACHINE  : Machine-2
------------------------------------------------------------
[SEQ 397] [STATIC-BASELINE]
CMD      : G92 | effects={'reset': {'G': 92.0, 'E': 1000.0}}
DECISION : BLOCK
------------------------------------------------------------
[SEQ 397] [IEEE-BASELINE]
SCORE    : anomaly_score=0.000
DECISION : ALLOW
------------------------------------------------------------
[SEQ 398] [LAYER 0]
CMD      : G92 E1000
TRUST    : acc_cmd=0.000 | acc_exec=1.000 | trust=0.003
DECISION : PAUSE
MACHINE  : Machine-2
------------------------------------------------------------
[SEQ 398] [STATIC-BASELINE]
CMD      : G92 | effects={'reset': {'G': 92.0, 'E': 1000.0}}
DECISION : BLOCK
------------------------------------------------------------
[SEQ 398] [IEEE-BASELINE]
SCORE    : anomaly_score=0.000
DECISION : ALLOW
------------------------------------------------------------
[SEQ 399] [LAYER 0]
CMD      : G92 E1000
TRUST    : acc_cmd=0.000 | acc_exec=1.000 | trust=0.002
DECISION : PAUSE
MACHINE  : Machine-2
------------------------------------------------------------
[SEQ 399] [STATIC-BASELINE]
CMD      : G92 | effects={'reset': {'G': 92.0, 'E': 1000.0}}
DECISION : BLOCK
------------------------------------------------------------
[SEQ 399] [IEEE-BASELINE]
SCORE    : anomaly_score=0.000
DECISION : ALLOW
------------------------------------------------------------
[SEQ 400] [LAYER 0]
CMD      : G1 X165.487 Y123.156 E10.50899
TRUST    : acc_cmd=0.000 | acc_exec=1.000 | trust=0.001
DECISION : PAUSE
MACHINE  : Machine-2
------------------------------------------------------------
[SEQ 400] [STATIC-BASELINE]
CMD      : G1 | effects={'dx': -2.670000000000016, 'dy': 2.632000000000005, 'dz': 0.0, 'de': -989.49101, 'xy_dist': 3.7491764429005086, 'params': {'G': 1.0, 'X': 165.487, 'Y': 123.156, 'E': 10.50899}}
DECISION : ALLOW
------------------------------------------------------------
[SEQ 400] [IEEE-BASELINE]
SCORE    : anomaly_score=0.000
DECISION : ALLOW
------------------------------------------------------------
[SEQ 401] [LAYER 0]
CMD      : G92 E1000
TRUST    : acc_cmd=0.000 | acc_exec=1.000 | trust=0.001
DECISION : PAUSE
MACHINE  : Machine-2
------------------------------------------------------------
[SEQ 401] [STATIC-BASELINE]
CMD      : G92 | effects={'reset': {'G': 92.0, 'E': 1000.0}}
DECISION : BLOCK
------------------------------------------------------------
[SEQ 401] [IEEE-BASELINE]
SCORE    : anomaly_score=0.000
DECISION : ALLOW
------------------------------------------------------------
[SEQ 402] [LAYER 0]
CMD      : M221 S200
TRUST    : acc_cmd=1.000 | acc_exec=1.000 | trust=0.001
DECISION : PAUSE
MACHINE  : Machine-2
------------------------------------------------------------
[SEQ 402] [STATIC-BASELINE]
CMD      : M221 | effects={'M': 221.0, 'S': 200.0}
DECISION : BLOCK
------------------------------------------------------------
[SEQ 402] [IEEE-BASELINE]
SCORE    : anomaly_score=0.000
DECISION : ALLOW
------------------------------------------------------------
[SEQ 403] [LAYER 0]
CMD      : G92 E1000
TRUST    : acc_cmd=0.000 | acc_exec=1.000 | trust=0.001
DECISION : PAUSE
MACHINE  : Machine-2
------------------------------------------------------------
[SEQ 403] [STATIC-BASELINE]
CMD      : G92 | effects={'reset': {'G': 92.0, 'E': 1000.0}}
DECISION : BLOCK
------------------------------------------------------------
[SEQ 403] [IEEE-BASELINE]
SCORE    : anomaly_score=0.000
DECISION : ALLOW
------------------------------------------------------------
[SEQ 404] [LAYER 0]
CMD      : G92 E1000
TRUST    : acc_cmd=0.000 | acc_exec=1.000 | trust=0.001
DECISION : PAUSE
MACHINE  : Machine-2
------------------------------------------------------------
[SEQ 404] [STATIC-BASELINE]
CMD      : G92 | effects={'reset': {'G': 92.0, 'E': 1000.0}}
DECISION : BLOCK
------------------------------------------------------------
[SEQ 404] [IEEE-BASELINE]
SCORE    : anomaly_score=0.000
DECISION : ALLOW
------------------------------------------------------------
[SEQ 405] [LAYER 0]
CMD      : G92 E1000
TRUST    : acc_cmd=0.000 | acc_exec=1.000 | trust=0.001
DECISION : PAUSE
MACHINE  : Machine-2
------------------------------------------------------------
[SEQ 405] [STATIC-BASELINE]
CMD      : G92 | effects={'reset': {'G': 92.0, 'E': 1000.0}}
DECISION : BLOCK
------------------------------------------------------------
[SEQ 405] [IEEE-BASELINE]
SCORE    : anomaly_score=0.000
DECISION : ALLOW
------------------------------------------------------------
[SEQ 406] [LAYER 0]
CMD      : M92 E2000
TRUST    : acc_cmd=1.000 | acc_exec=1.000 | trust=0.001
DECISION : PAUSE
MACHINE  : Machine-2
------------------------------------------------------------
[SEQ 406] [STATIC-BASELINE]
CMD      : M92 | effects={'M': 92.0, 'E': 2000.0}
DECISION : BLOCK
------------------------------------------------------------
[SEQ 406] [IEEE-BASELINE]
SCORE    : anomaly_score=0.000
DECISION : ALLOW
------------------------------------------------------------
[SEQ 407] [LAYER 0]
CMD      : M221 S200
TRUST    : acc_cmd=1.000 | acc_exec=1.000 | trust=0.001
DECISION : PAUSE
MACHINE  : Machine-2
------------------------------------------------------------
[SEQ 407] [STATIC-BASELINE]
CMD      : M221 | effects={'M': 221.0, 'S': 200.0}
DECISION : BLOCK
------------------------------------------------------------
[SEQ 407] [IEEE-BASELINE]
SCORE    : anomaly_score=0.000
DECISION : ALLOW
------------------------------------------------------------
[SEQ 408] [LAYER 0]
CMD      : M92 E2000
TRUST    : acc_cmd=1.000 | acc_exec=1.000 | trust=0.001
DECISION : PAUSE
MACHINE  : Machine-2
------------------------------------------------------------
[SEQ 408] [STATIC-BASELINE]
CMD      : M92 | effects={'M': 92.0, 'E': 2000.0}
DECISION : BLOCK
------------------------------------------------------------
[SEQ 408] [IEEE-BASELINE]
SCORE    : anomaly_score=0.000
DECISION : ALLOW
------------------------------------------------------------
[SEQ 409] [LAYER 0]
CMD      : M221 S200
TRUST    : acc_cmd=1.000 | acc_exec=1.000 | trust=0.001
DECISION : PAUSE
MACHINE  : Machine-2
------------------------------------------------------------
[SEQ 409] [STATIC-BASELINE]
CMD      : M221 | effects={'M': 221.0, 'S': 200.0}
DECISION : BLOCK
------------------------------------------------------------
[SEQ 409] [IEEE-BASELINE]
SCORE    : anomaly_score=0.000
DECISION : ALLOW
------------------------------------------------------------
[SEQ 410] [LAYER 0]
CMD      : M221 S200
TRUST    : acc_cmd=1.000 | acc_exec=1.000 | trust=0.001
DECISION : PAUSE
MACHINE  : Machine-2
------------------------------------------------------------
[SEQ 410] [STATIC-BASELINE]
CMD      : M221 | effects={'M': 221.0, 'S': 200.0}
DECISION : BLOCK
------------------------------------------------------------
[SEQ 410] [IEEE-BASELINE]
SCORE    : anomaly_score=0.000
DECISION : ALLOW
------------------------------------------------------------
[SEQ 411] [LAYER 0]
CMD      : G1 X164.098 Y117.368 E10.68306
TRUST    : acc_cmd=0.000 | acc_exec=1.000 | trust=0.001
DECISION : PAUSE
MACHINE  : Machine-2
------------------------------------------------------------
[SEQ 411] [STATIC-BASELINE]
CMD      : G1 | effects={'dx': -1.3889999999999816, 'dy': -5.788000000000011, 'dz': 0.0, 'de': -989.31694, 'xy_dist': 5.952332735995197, 'params': {'G': 1.0, 'X': 164.098, 'Y': 117.368, 'E': 10.68306}}
DECISION : ALLOW
------------------------------------------------------------
[SEQ 411] [IEEE-BASELINE]
SCORE    : anomaly_score=0.000
DECISION : ALLOW
------------------------------------------------------------
[SEQ 412] [LAYER 0]
CMD      : M92 E2000
TRUST    : acc_cmd=1.000 | acc_exec=1.000 | trust=0.001
DECISION : PAUSE
MACHINE  : Machine-2
------------------------------------------------------------
[SEQ 412] [STATIC-BASELINE]
CMD      : M92 | effects={'M': 92.0, 'E': 2000.0}
DECISION : BLOCK
------------------------------------------------------------
[SEQ 412] [IEEE-BASELINE]
SCORE    : anomaly_score=0.000
DECISION : ALLOW
------------------------------------------------------------
[SEQ 413] [LAYER 0]
CMD      : M92 E2000
TRUST    : acc_cmd=1.000 | acc_exec=1.000 | trust=0.001
DECISION : PAUSE
MACHINE  : Machine-2
------------------------------------------------------------
[SEQ 413] [STATIC-BASELINE]
CMD      : M92 | effects={'M': 92.0, 'E': 2000.0}
DECISION : BLOCK
------------------------------------------------------------
[SEQ 413] [IEEE-BASELINE]
SCORE    : anomaly_score=0.000
DECISION : ALLOW
------------------------------------------------------------
[SEQ 414] [LAYER 0]
CMD      : G92 E1000
TRUST    : acc_cmd=0.000 | acc_exec=1.000 | trust=0.001
DECISION : PAUSE
MACHINE  : Machine-2
------------------------------------------------------------
[SEQ 414] [STATIC-BASELINE]
CMD      : G92 | effects={'reset': {'G': 92.0, 'E': 1000.0}}
DECISION : BLOCK
------------------------------------------------------------
[SEQ 414] [IEEE-BASELINE]
SCORE    : anomaly_score=0.000
DECISION : ALLOW
------------------------------------------------------------
[SEQ 415] [LAYER 0]
CMD      : G1 X166.738 Y117.792 E10.73529
TRUST    : acc_cmd=0.000 | acc_exec=1.000 | trust=0.001
DECISION : PAUSE
MACHINE  : Machine-2
------------------------------------------------------------
[SEQ 415] [STATIC-BASELINE]
CMD      : G1 | effects={'dx': 2.6399999999999864, 'dy': 0.4240000000000066, 'dz': 0.0, 'de': -989.26471, 'xy_dist': 2.6738317074939353, 'params': {'G': 1.0, 'X': 166.738, 'Y': 117.792, 'E': 10.73529}}
DECISION : ALLOW
------------------------------------------------------------
[SEQ 415] [IEEE-BASELINE]
SCORE    : anomaly_score=0.000
DECISION : ALLOW
------------------------------------------------------------
[SEQ 416] [LAYER 0]
CMD      : G1 X167.434 Y118.603 E10.7554
TRUST    : acc_cmd=0.000 | acc_exec=0.000 | trust=0.007
DECISION : PAUSE
MACHINE  : Machine-2
------------------------------------------------------------
[SEQ 416] [STATIC-BASELINE]
CMD      : G1 | effects={'dx': 0.695999999999998, 'dy': 0.8109999999999928, 'dz': 0.0, 'de': 0.020109999999998962, 'xy_dist': 1.0687080985938047, 'params': {'G': 1.0, 'X': 167.434, 'Y': 118.603, 'E': 10.7554}}
DECISION : ALLOW
------------------------------------------------------------
[SEQ 416] [IEEE-BASELINE]
SCORE    : anomaly_score=0.000
DECISION : ALLOW
------------------------------------------------------------
[SEQ 417] [LAYER 0]
CMD      : M221 S200
TRUST    : acc_cmd=1.000 | acc_exec=1.000 | trust=0.005
DECISION : PAUSE
MACHINE  : Machine-2
------------------------------------------------------------
[SEQ 417] [STATIC-BASELINE]
CMD      : M221 | effects={'M': 221.0, 'S': 200.0}
DECISION : BLOCK
------------------------------------------------------------
[SEQ 417] [IEEE-BASELINE]
SCORE    : anomaly_score=0.000
DECISION : ALLOW
------------------------------------------------------------
[SEQ 418] [LAYER 0]
CMD      : G1 X167.758 Y120.459 E10.79139
TRUST    : acc_cmd=0.000 | acc_exec=0.000 | trust=0.022
DECISION : PAUSE
MACHINE  : Machine-2
------------------------------------------------------------
[SEQ 418] [STATIC-BASELINE]
CMD      : G1 | effects={'dx': 0.3240000000000123, 'dy': 1.8560000000000088, 'dz': 0.0, 'de': 0.035989999999999966, 'xy_dist': 1.8840679393270403, 'params': {'G': 1.0, 'X': 167.758, 'Y': 120.459, 'E': 10.79139}}
DECISION : ALLOW
------------------------------------------------------------
[SEQ 418] [IEEE-BASELINE]
SCORE    : anomaly_score=0.000
DECISION : ALLOW
------------------------------------------------------------
[SEQ 419] [LAYER 0]
CMD      : G1 X167.537 Y121.17 E10.80539
TRUST    : acc_cmd=0.000 | acc_exec=0.000 | trust=0.086
DECISION : PAUSE
MACHINE  : Machine-2
------------------------------------------------------------
[SEQ 419] [STATIC-BASELINE]
CMD      : G1 | effects={'dx': -0.22100000000000364, 'dy': 0.7109999999999985, 'dz': 0.0, 'de': 0.013999999999999346, 'xy_dist': 0.7445549005949793, 'params': {'G': 1.0, 'X': 167.537, 'Y': 121.17, 'E': 10.80539}}
DECISION : ALLOW
------------------------------------------------------------
[SEQ 419] [IEEE-BASELINE]
SCORE    : anomaly_score=0.000
DECISION : ALLOW
------------------------------------------------------------
[SEQ 420] [LAYER 0]
CMD      : G1 X167.134 Y121.799 E10.81944
TRUST    : acc_cmd=0.000 | acc_exec=0.000 | trust=0.209
DECISION : PAUSE
MACHINE  : Machine-2
------------------------------------------------------------
[SEQ 420] [STATIC-BASELINE]
CMD      : G1 | effects={'dx': -0.40300000000002, 'dy': 0.6290000000000049, 'dz': 0.0, 'de': 0.014050000000001006, 'xy_dist': 0.7470274426016906, 'params': {'G': 1.0, 'X': 167.134, 'Y': 121.799, 'E': 10.81944}}
DECISION : ALLOW
------------------------------------------------------------
[SEQ 420] [IEEE-BASELINE]
SCORE    : anomaly_score=0.000
DECISION : ALLOW
------------------------------------------------------------
[SEQ 421] [LAYER 0]
CMD      : M221 S200
TRUST    : acc_cmd=1.000 | acc_exec=1.000 | trust=0.098
DECISION : PAUSE
MACHINE  : Machine-2
------------------------------------------------------------
[SEQ 421] [STATIC-BASELINE]
CMD      : M221 | effects={'M': 221.0, 'S': 200.0}
DECISION : BLOCK
------------------------------------------------------------
[SEQ 421] [IEEE-BASELINE]
SCORE    : anomaly_score=0.000
DECISION : ALLOW
------------------------------------------------------------
[SEQ 422] [LAYER 0]
CMD      : G92 E1000
TRUST    : acc_cmd=0.000 | acc_exec=1.000 | trust=0.042
DECISION : PAUSE
MACHINE  : Machine-2
------------------------------------------------------------
[SEQ 422] [STATIC-BASELINE]
CMD      : G92 | effects={'reset': {'G': 92.0, 'E': 1000.0}}
DECISION : BLOCK
------------------------------------------------------------
[SEQ 422] [IEEE-BASELINE]
SCORE    : anomaly_score=0.000
DECISION : ALLOW
------------------------------------------------------------
[SEQ 423] [LAYER 0]
CMD      : G92 E1000
TRUST    : acc_cmd=0.000 | acc_exec=1.000 | trust=0.018
DECISION : PAUSE
MACHINE  : Machine-2
------------------------------------------------------------
[SEQ 423] [STATIC-BASELINE]
CMD      : G92 | effects={'reset': {'G': 92.0, 'E': 1000.0}}
DECISION : BLOCK
------------------------------------------------------------
[SEQ 423] [IEEE-BASELINE]
SCORE    : anomaly_score=0.000
DECISION : ALLOW
------------------------------------------------------------
[SEQ 424] [LAYER 0]
CMD      : M221 S200
TRUST    : acc_cmd=1.000 | acc_exec=1.000 | trust=0.008
DECISION : PAUSE
MACHINE  : Machine-2
------------------------------------------------------------
[SEQ 424] [STATIC-BASELINE]
CMD      : M221 | effects={'M': 221.0, 'S': 200.0}
DECISION : BLOCK
------------------------------------------------------------
[SEQ 424] [IEEE-BASELINE]
SCORE    : anomaly_score=0.000
DECISION : ALLOW
------------------------------------------------------------
[SEQ 425] [LAYER 0]
CMD      : M92 E2000
TRUST    : acc_cmd=1.000 | acc_exec=1.000 | trust=0.004
DECISION : PAUSE
MACHINE  : Machine-2
------------------------------------------------------------
[SEQ 425] [STATIC-BASELINE]
CMD      : M92 | effects={'M': 92.0, 'E': 2000.0}
DECISION : BLOCK
------------------------------------------------------------
[SEQ 425] [IEEE-BASELINE]
SCORE    : anomaly_score=0.000
DECISION : ALLOW
------------------------------------------------------------
[SEQ 426] [LAYER 0]
CMD      : G92 E1000
TRUST    : acc_cmd=0.000 | acc_exec=1.000 | trust=0.002
DECISION : PAUSE
MACHINE  : Machine-2
------------------------------------------------------------
[SEQ 426] [STATIC-BASELINE]
CMD      : G92 | effects={'reset': {'G': 92.0, 'E': 1000.0}}
DECISION : BLOCK
------------------------------------------------------------
[SEQ 426] [IEEE-BASELINE]
SCORE    : anomaly_score=0.000
DECISION : ALLOW
------------------------------------------------------------
[SEQ 427] [LAYER 0]
CMD      : G92 E1000
TRUST    : acc_cmd=0.000 | acc_exec=1.000 | trust=0.001
DECISION : PAUSE
MACHINE  : Machine-2
------------------------------------------------------------
[SEQ 427] [STATIC-BASELINE]
CMD      : G92 | effects={'reset': {'G': 92.0, 'E': 1000.0}}
DECISION : BLOCK
------------------------------------------------------------
[SEQ 427] [IEEE-BASELINE]
SCORE    : anomaly_score=0.000
DECISION : ALLOW
------------------------------------------------------------
[SEQ 428] [LAYER 0]
CMD      : M92 E2000
TRUST    : acc_cmd=1.000 | acc_exec=1.000 | trust=0.001
DECISION : PAUSE
MACHINE  : Machine-2
------------------------------------------------------------
[SEQ 428] [STATIC-BASELINE]
CMD      : M92 | effects={'M': 92.0, 'E': 2000.0}
DECISION : BLOCK
------------------------------------------------------------
[SEQ 428] [IEEE-BASELINE]
SCORE    : anomaly_score=0.000
DECISION : ALLOW
------------------------------------------------------------
[SEQ 429] [LAYER 0]
CMD      : M221 S200
TRUST    : acc_cmd=1.000 | acc_exec=1.000 | trust=0.001
DECISION : PAUSE
MACHINE  : Machine-2
------------------------------------------------------------
[SEQ 429] [STATIC-BASELINE]
CMD      : M221 | effects={'M': 221.0, 'S': 200.0}
DECISION : BLOCK
------------------------------------------------------------
[SEQ 429] [IEEE-BASELINE]
SCORE    : anomaly_score=0.000
DECISION : ALLOW
------------------------------------------------------------
[SEQ 430] [LAYER 0]
CMD      : G1 X162.543 Y118.696 E10.97294
TRUST    : acc_cmd=0.000 | acc_exec=1.000 | trust=0.001
DECISION : PAUSE
MACHINE  : Machine-2
------------------------------------------------------------
[SEQ 430] [STATIC-BASELINE]
CMD      : G1 | effects={'dx': -4.59099999999998, 'dy': -3.1030000000000086, 'dz': 0.0, 'de': -989.02706, 'xy_dist': 5.541289561103974, 'params': {'G': 1.0, 'X': 162.543, 'Y': 118.696, 'E': 10.97294}}
DECISION : ALLOW
------------------------------------------------------------
[SEQ 430] [IEEE-BASELINE]
SCORE    : anomaly_score=0.000
DECISION : ALLOW
------------------------------------------------------------
[SEQ 431] [LAYER 0]
CMD      : M221 S200
TRUST    : acc_cmd=1.000 | acc_exec=1.000 | trust=0.001
DECISION : PAUSE
MACHINE  : Machine-2
------------------------------------------------------------
[SEQ 431] [STATIC-BASELINE]
CMD      : M221 | effects={'M': 221.0, 'S': 200.0}
DECISION : BLOCK
------------------------------------------------------------
[SEQ 431] [IEEE-BASELINE]
SCORE    : anomaly_score=0.000
DECISION : ALLOW
------------------------------------------------------------
[SEQ 432] [LAYER 0]
CMD      : M221 S200
TRUST    : acc_cmd=1.000 | acc_exec=1.000 | trust=0.001
DECISION : PAUSE
MACHINE  : Machine-2
------------------------------------------------------------
[SEQ 432] [STATIC-BASELINE]
CMD      : M221 | effects={'M': 221.0, 'S': 200.0}
DECISION : BLOCK
------------------------------------------------------------
[SEQ 432] [IEEE-BASELINE]
SCORE    : anomaly_score=0.000
DECISION : ALLOW
------------------------------------------------------------
[SEQ 433] [LAYER 0]
CMD      : G1 F1800 X163.597 Y118.058 E10.99536
TRUST    : acc_cmd=0.000 | acc_exec=0.000 | trust=0.007
DECISION : PAUSE
MACHINE  : Machine-2
------------------------------------------------------------
[SEQ 433] [STATIC-BASELINE]
CMD      : G1 | effects={'dx': 1.054000000000002, 'dy': -0.637999999999991, 'dz': 0.0, 'de': 0.02242000000000033, 'xy_dist': 1.2320551935688566, 'params': {'G': 1.0, 'F': 1800.0, 'X': 163.597, 'Y': 118.058, 'E': 10.99536}}
DECISION : ALLOW
------------------------------------------------------------
[SEQ 433] [IEEE-BASELINE]
SCORE    : anomaly_score=0.000
DECISION : ALLOW
------------------------------------------------------------
[SEQ 434] [LAYER 0]
CMD      : M92 E2000
TRUST    : acc_cmd=1.000 | acc_exec=1.000 | trust=0.005
DECISION : PAUSE
MACHINE  : Machine-2
------------------------------------------------------------
[SEQ 434] [STATIC-BASELINE]
CMD      : M92 | effects={'M': 92.0, 'E': 2000.0}
DECISION : BLOCK
------------------------------------------------------------
[SEQ 434] [IEEE-BASELINE]
SCORE    : anomaly_score=0.000
DECISION : ALLOW
------------------------------------------------------------
[SEQ 435] [LAYER 0]
CMD      : M221 S200
TRUST    : acc_cmd=1.000 | acc_exec=1.000 | trust=0.003
DECISION : PAUSE
MACHINE  : Machine-2
------------------------------------------------------------
[SEQ 435] [STATIC-BASELINE]
CMD      : M221 | effects={'M': 221.0, 'S': 200.0}
DECISION : BLOCK
------------------------------------------------------------
[SEQ 435] [IEEE-BASELINE]
SCORE    : anomaly_score=0.000
DECISION : ALLOW
------------------------------------------------------------
[SEQ 436] [LAYER 0]
CMD      : M92 E2000
TRUST    : acc_cmd=1.000 | acc_exec=1.000 | trust=0.002
DECISION : PAUSE
MACHINE  : Machine-2
------------------------------------------------------------
[SEQ 436] [STATIC-BASELINE]
CMD      : M92 | effects={'M': 92.0, 'E': 2000.0}
DECISION : BLOCK
------------------------------------------------------------
[SEQ 436] [IEEE-BASELINE]
SCORE    : anomaly_score=0.000
DECISION : ALLOW
------------------------------------------------------------
[SEQ 437] [LAYER 0]
CMD      : G92 E1000
TRUST    : acc_cmd=0.000 | acc_exec=1.000 | trust=0.001
DECISION : PAUSE
MACHINE  : Machine-2
------------------------------------------------------------
[SEQ 437] [STATIC-BASELINE]
CMD      : G92 | effects={'reset': {'G': 92.0, 'E': 1000.0}}
DECISION : BLOCK
------------------------------------------------------------
[SEQ 437] [IEEE-BASELINE]
SCORE    : anomaly_score=0.000
DECISION : ALLOW
------------------------------------------------------------
[SEQ 438] [LAYER 0]
CMD      : G92 E1000
TRUST    : acc_cmd=0.000 | acc_exec=1.000 | trust=0.001
DECISION : PAUSE
MACHINE  : Machine-2
------------------------------------------------------------
[SEQ 438] [STATIC-BASELINE]
CMD      : G92 | effects={'reset': {'G': 92.0, 'E': 1000.0}}
DECISION : BLOCK
------------------------------------------------------------
[SEQ 438] [IEEE-BASELINE]
SCORE    : anomaly_score=0.000
DECISION : ALLOW
------------------------------------------------------------
[SEQ 439] [LAYER 0]
CMD      : G92 E1000
TRUST    : acc_cmd=0.000 | acc_exec=1.000 | trust=0.001
DECISION : PAUSE
MACHINE  : Machine-2
------------------------------------------------------------
[SEQ 439] [STATIC-BASELINE]
CMD      : G92 | effects={'reset': {'G': 92.0, 'E': 1000.0}}
DECISION : BLOCK
------------------------------------------------------------
[SEQ 439] [IEEE-BASELINE]
SCORE    : anomaly_score=0.000
DECISION : ALLOW
------------------------------------------------------------
[SEQ 440] [LAYER 0]
CMD      : M221 S200
TRUST    : acc_cmd=1.000 | acc_exec=1.000 | trust=0.001
DECISION : PAUSE
MACHINE  : Machine-2
------------------------------------------------------------
[SEQ 440] [STATIC-BASELINE]
CMD      : M221 | effects={'M': 221.0, 'S': 200.0}
DECISION : BLOCK
------------------------------------------------------------
[SEQ 440] [IEEE-BASELINE]
SCORE    : anomaly_score=0.000
DECISION : ALLOW
------------------------------------------------------------
[SEQ 441] [LAYER 0]
CMD      : M221 S200
TRUST    : acc_cmd=1.000 | acc_exec=1.000 | trust=0.001
DECISION : PAUSE
MACHINE  : Machine-2
------------------------------------------------------------
[SEQ 441] [STATIC-BASELINE]
CMD      : M221 | effects={'M': 221.0, 'S': 200.0}
DECISION : BLOCK
------------------------------------------------------------
[SEQ 441] [IEEE-BASELINE]
SCORE    : anomaly_score=0.000
DECISION : ALLOW
------------------------------------------------------------
[SEQ 442] [LAYER 0]
CMD      : G92 E1000
TRUST    : acc_cmd=0.000 | acc_exec=1.000 | trust=0.001
DECISION : PAUSE
MACHINE  : Machine-2
------------------------------------------------------------
[SEQ 442] [STATIC-BASELINE]
CMD      : G92 | effects={'reset': {'G': 92.0, 'E': 1000.0}}
DECISION : BLOCK
------------------------------------------------------------
[SEQ 442] [IEEE-BASELINE]
SCORE    : anomaly_score=0.000
DECISION : ALLOW
------------------------------------------------------------
[SEQ 443] [LAYER 0]
CMD      : G1 X166.827 Y121.536 E11.12519
TRUST    : acc_cmd=0.000 | acc_exec=1.000 | trust=0.001
DECISION : PAUSE
MACHINE  : Machine-2
------------------------------------------------------------
[SEQ 443] [STATIC-BASELINE]
CMD      : G1 | effects={'dx': 3.2299999999999898, 'dy': 3.4779999999999944, 'dz': 0.0, 'de': -988.87481, 'xy_dist': 4.746512825222312, 'params': {'G': 1.0, 'X': 166.827, 'Y': 121.536, 'E': 11.12519}}
DECISION : ALLOW
------------------------------------------------------------
[SEQ 443] [IEEE-BASELINE]
SCORE    : anomaly_score=0.000
DECISION : ALLOW
------------------------------------------------------------
[SEQ 444] [LAYER 0]
CMD      : G1 X166.279 Y122.015 E11.13888
TRUST    : acc_cmd=0.000 | acc_exec=0.000 | trust=0.007
DECISION : PAUSE
MACHINE  : Machine-2
------------------------------------------------------------
[SEQ 444] [STATIC-BASELINE]
CMD      : G1 | effects={'dx': -0.5480000000000018, 'dy': 0.4789999999999992, 'dz': 0.0, 'de': 0.013690000000000424, 'xy_dist': 0.7278358331382162, 'params': {'G': 1.0, 'X': 166.279, 'Y': 122.015, 'E': 11.13888}}
DECISION : ALLOW
------------------------------------------------------------
[SEQ 444] [IEEE-BASELINE]
SCORE    : anomaly_score=0.000
DECISION : ALLOW
------------------------------------------------------------
[SEQ 445] [LAYER 0]
CMD      : M92 E2000
TRUST    : acc_cmd=1.000 | acc_exec=1.000 | trust=0.005
DECISION : PAUSE
MACHINE  : Machine-2
------------------------------------------------------------
[SEQ 445] [STATIC-BASELINE]
CMD      : M92 | effects={'M': 92.0, 'E': 2000.0}
DECISION : BLOCK
------------------------------------------------------------
[SEQ 445] [IEEE-BASELINE]
SCORE    : anomaly_score=0.000
DECISION : ALLOW
------------------------------------------------------------
[SEQ 446] [LAYER 0]
CMD      : G1 X165.366 Y122.358 E11.15736
TRUST    : acc_cmd=0.000 | acc_exec=0.000 | trust=0.022
DECISION : PAUSE
MACHINE  : Machine-2
------------------------------------------------------------
[SEQ 446] [STATIC-BASELINE]
CMD      : G1 | effects={'dx': -0.9129999999999825, 'dy': 0.3430000000000035, 'dz': 0.0, 'de': 0.018480000000000274, 'xy_dist': 0.9753040551540686, 'params': {'G': 1.0, 'X': 165.366, 'Y': 122.358, 'E': 11.15736}}
DECISION : ALLOW
------------------------------------------------------------
[SEQ 446] [IEEE-BASELINE]
SCORE    : anomaly_score=0.000
DECISION : ALLOW
------------------------------------------------------------
[SEQ 447] [LAYER 0]
CMD      : M221 S200
TRUST    : acc_cmd=1.000 | acc_exec=1.000 | trust=0.012
DECISION : PAUSE
MACHINE  : Machine-2
------------------------------------------------------------
[SEQ 447] [STATIC-BASELINE]
CMD      : M221 | effects={'M': 221.0, 'S': 200.0}
DECISION : BLOCK
------------------------------------------------------------
[SEQ 447] [IEEE-BASELINE]
SCORE    : anomaly_score=0.000
DECISION : ALLOW
------------------------------------------------------------
[SEQ 448] [LAYER 0]
CMD      : G1 X164.013 Y122.172 E11.18339
TRUST    : acc_cmd=0.000 | acc_exec=0.000 | trust=0.034
DECISION : PAUSE
MACHINE  : Machine-2
------------------------------------------------------------
[SEQ 448] [STATIC-BASELINE]
CMD      : G1 | effects={'dx': -1.3530000000000086, 'dy': -0.18600000000000705, 'dz': 0.0, 'de': 0.026029999999998665, 'xy_dist': 1.3657250821450218, 'params': {'G': 1.0, 'X': 164.013, 'Y': 122.172, 'E': 11.18339}}
DECISION : ALLOW
------------------------------------------------------------
[SEQ 448] [IEEE-BASELINE]
SCORE    : anomaly_score=0.000
DECISION : ALLOW
------------------------------------------------------------
[SEQ 449] [LAYER 0]
CMD      : M221 S200
TRUST    : acc_cmd=1.000 | acc_exec=1.000 | trust=0.018
DECISION : PAUSE
MACHINE  : Machine-2
------------------------------------------------------------
[SEQ 449] [STATIC-BASELINE]
CMD      : M221 | effects={'M': 221.0, 'S': 200.0}
DECISION : BLOCK
------------------------------------------------------------
[SEQ 449] [IEEE-BASELINE]
SCORE    : anomaly_score=0.000
DECISION : ALLOW
------------------------------------------------------------
[SEQ 450] [LAYER 0]
CMD      : M221 S200
TRUST    : acc_cmd=1.000 | acc_exec=1.000 | trust=0.009
DECISION : PAUSE
MACHINE  : Machine-2
------------------------------------------------------------
[SEQ 450] [STATIC-BASELINE]
CMD      : M221 | effects={'M': 221.0, 'S': 200.0}
DECISION : BLOCK
------------------------------------------------------------
[SEQ 450] [IEEE-BASELINE]
SCORE    : anomaly_score=0.000
DECISION : ALLOW
------------------------------------------------------------
[SEQ 451] [LAYER 0]
CMD      : M221 S200
TRUST    : acc_cmd=1.000 | acc_exec=1.000 | trust=0.004
DECISION : PAUSE
MACHINE  : Machine-2
------------------------------------------------------------
[SEQ 451] [STATIC-BASELINE]
CMD      : M221 | effects={'M': 221.0, 'S': 200.0}
DECISION : BLOCK
------------------------------------------------------------
[SEQ 451] [IEEE-BASELINE]
SCORE    : anomaly_score=0.000
DECISION : ALLOW
------------------------------------------------------------
[SEQ 452] [LAYER 0]
CMD      : G1 X162.631 Y119.622 E11.24182
TRUST    : acc_cmd=0.000 | acc_exec=0.000 | trust=0.014
DECISION : PAUSE
MACHINE  : Machine-2
------------------------------------------------------------
[SEQ 452] [STATIC-BASELINE]
CMD      : G1 | effects={'dx': -1.382000000000005, 'dy': -2.549999999999997, 'dz': 0.0, 'de': 0.058430000000001314, 'xy_dist': 2.900417900923934, 'params': {'G': 1.0, 'X': 162.631, 'Y': 119.622, 'E': 11.24182}}
DECISION : ALLOW
------------------------------------------------------------
[SEQ 452] [IEEE-BASELINE]
SCORE    : anomaly_score=0.000
DECISION : ALLOW
------------------------------------------------------------
[SEQ 453] [LAYER 0]
CMD      : M221 S200
TRUST    : acc_cmd=1.000 | acc_exec=1.000 | trust=0.008
DECISION : PAUSE
MACHINE  : Machine-2
------------------------------------------------------------
[SEQ 453] [STATIC-BASELINE]
CMD      : M221 | effects={'M': 221.0, 'S': 200.0}
DECISION : BLOCK
------------------------------------------------------------
[SEQ 453] [IEEE-BASELINE]
SCORE    : anomaly_score=0.000
DECISION : ALLOW
------------------------------------------------------------
[SEQ 454] [LAYER 0]
CMD      : M221 S200
TRUST    : acc_cmd=1.000 | acc_exec=1.000 | trust=0.005
DECISION : PAUSE
MACHINE  : Machine-2
------------------------------------------------------------
[SEQ 454] [STATIC-BASELINE]
CMD      : M221 | effects={'M': 221.0, 'S': 200.0}
DECISION : BLOCK
------------------------------------------------------------
[SEQ 454] [IEEE-BASELINE]
SCORE    : anomaly_score=0.000
DECISION : ALLOW
------------------------------------------------------------
[SEQ 455] [LAYER 0]
CMD      : G0 F3600 X163.295 Y118.97
TRUST    : acc_cmd=0.000 | acc_exec=0.000 | trust=0.016
DECISION : PAUSE
MACHINE  : Machine-2
------------------------------------------------------------
[SEQ 455] [STATIC-BASELINE]
CMD      : G0 | effects={'dx': 0.6639999999999873, 'dy': -0.652000000000001, 'dz': 0.0, 'de': 0.0, 'xy_dist': 0.9305912099305389, 'params': {'G': 0.0, 'F': 3600.0, 'X': 163.295, 'Y': 118.97}}
DECISION : ALLOW
------------------------------------------------------------
[SEQ 455] [IEEE-BASELINE]
SCORE    : anomaly_score=0.000
DECISION : ALLOW
------------------------------------------------------------
[SEQ 456] [LAYER 0]
CMD      : G1 F1800 X163.841 Y118.384 E11.27569
TRUST    : acc_cmd=0.000 | acc_exec=0.000 | trust=0.071
DECISION : PAUSE
MACHINE  : Machine-2
------------------------------------------------------------
[SEQ 456] [STATIC-BASELINE]
CMD      : G1 | effects={'dx': 0.5460000000000207, 'dy': -0.5859999999999985, 'dz': 0.0, 'de': 0.03387000000000029, 'xy_dist': 0.8009444425177197, 'params': {'G': 1.0, 'F': 1800.0, 'X': 163.841, 'Y': 118.384, 'E': 11.27569}}
DECISION : ALLOW
------------------------------------------------------------
[SEQ 456] [IEEE-BASELINE]
SCORE    : anomaly_score=0.000
DECISION : ALLOW
------------------------------------------------------------
[SEQ 457] [LAYER 0]
CMD      : M92 E2000
TRUST    : acc_cmd=1.000 | acc_exec=1.000 | trust=0.036
DECISION : PAUSE
MACHINE  : Machine-2
------------------------------------------------------------
[SEQ 457] [STATIC-BASELINE]
CMD      : M92 | effects={'M': 92.0, 'E': 2000.0}
DECISION : BLOCK
------------------------------------------------------------
[SEQ 457] [IEEE-BASELINE]
SCORE    : anomaly_score=0.000
DECISION : ALLOW
------------------------------------------------------------
[SEQ 458] [LAYER 0]
CMD      : M92 E2000
TRUST    : acc_cmd=1.000 | acc_exec=1.000 | trust=0.017
DECISION : PAUSE
MACHINE  : Machine-2
------------------------------------------------------------
[SEQ 458] [STATIC-BASELINE]
CMD      : M92 | effects={'M': 92.0, 'E': 2000.0}
DECISION : BLOCK
------------------------------------------------------------
[SEQ 458] [IEEE-BASELINE]
SCORE    : anomaly_score=0.000
DECISION : ALLOW
------------------------------------------------------------
[SEQ 459] [LAYER 0]
CMD      : M221 S200
TRUST    : acc_cmd=1.000 | acc_exec=1.000 | trust=0.008
DECISION : PAUSE
MACHINE  : Machine-2
------------------------------------------------------------
[SEQ 459] [STATIC-BASELINE]
CMD      : M221 | effects={'M': 221.0, 'S': 200.0}
DECISION : BLOCK
------------------------------------------------------------
[SEQ 459] [IEEE-BASELINE]
SCORE    : anomaly_score=0.000
DECISION : ALLOW
------------------------------------------------------------
[SEQ 460] [LAYER 0]
CMD      : G1 X165.71 Y118.146 E11.3125
TRUST    : acc_cmd=0.000 | acc_exec=0.000 | trust=0.016
DECISION : PAUSE
MACHINE  : Machine-2
------------------------------------------------------------
[SEQ 460] [STATIC-BASELINE]
CMD      : G1 | effects={'dx': 1.8689999999999998, 'dy': -0.23799999999999955, 'dz': 0.0, 'de': 0.03680999999999912, 'xy_dist': 1.8840926198040262, 'params': {'G': 1.0, 'X': 165.71, 'Y': 118.146, 'E': 11.3125}}
DECISION : ALLOW
------------------------------------------------------------
[SEQ 460] [IEEE-BASELINE]
SCORE    : anomaly_score=0.000
DECISION : ALLOW
------------------------------------------------------------
[SEQ 461] [LAYER 0]
CMD      : M92 E2000
TRUST    : acc_cmd=1.000 | acc_exec=1.000 | trust=0.010
DECISION : PAUSE
MACHINE  : Machine-2
------------------------------------------------------------
[SEQ 461] [STATIC-BASELINE]
CMD      : M92 | effects={'M': 92.0, 'E': 2000.0}
DECISION : BLOCK
------------------------------------------------------------
[SEQ 461] [IEEE-BASELINE]
SCORE    : anomaly_score=0.000
DECISION : ALLOW
------------------------------------------------------------
[SEQ 462] [LAYER 0]
CMD      : G1 X166.728 Y119.01 E11.33803
TRUST    : acc_cmd=0.000 | acc_exec=0.000 | trust=0.029
DECISION : PAUSE
MACHINE  : Machine-2
------------------------------------------------------------
[SEQ 462] [STATIC-BASELINE]
CMD      : G1 | effects={'dx': 1.0180000000000007, 'dy': 0.8640000000000043, 'dz': 0.0, 'de': 0.02552999999999983, 'xy_dist': 1.335222827845603, 'params': {'G': 1.0, 'X': 166.728, 'Y': 119.01, 'E': 11.33803}}
DECISION : ALLOW
------------------------------------------------------------
[SEQ 462] [IEEE-BASELINE]
SCORE    : anomaly_score=0.000
DECISION : ALLOW
------------------------------------------------------------
[SEQ 463] [LAYER 0]
CMD      : G1 X166.973 Y119.718 E11.35212
TRUST    : acc_cmd=0.000 | acc_exec=0.000 | trust=0.101
DECISION : PAUSE
MACHINE  : Machine-2
------------------------------------------------------------
[SEQ 463] [STATIC-BASELINE]
CMD      : G1 | effects={'dx': 0.24500000000000455, 'dy': 0.7079999999999984, 'dz': 0.0, 'de': 0.014089999999999492, 'xy_dist': 0.7491922316735539, 'params': {'G': 1.0, 'X': 166.973, 'Y': 119.718, 'E': 11.35212}}
DECISION : ALLOW
------------------------------------------------------------
[SEQ 463] [IEEE-BASELINE]
SCORE    : anomaly_score=0.000
DECISION : ALLOW
------------------------------------------------------------
[SEQ 464] [LAYER 0]
CMD      : M221 S200
TRUST    : acc_cmd=1.000 | acc_exec=1.000 | trust=0.050
DECISION : PAUSE
MACHINE  : Machine-2
------------------------------------------------------------
[SEQ 464] [STATIC-BASELINE]
CMD      : M221 | effects={'M': 221.0, 'S': 200.0}
DECISION : BLOCK
------------------------------------------------------------
[SEQ 464] [IEEE-BASELINE]
SCORE    : anomaly_score=0.000
DECISION : ALLOW
------------------------------------------------------------
[SEQ 465] [LAYER 0]
CMD      : G1 X166.806 Y120.827 E11.37343
TRUST    : acc_cmd=0.000 | acc_exec=0.000 | trust=0.070
DECISION : PAUSE
MACHINE  : Machine-2
------------------------------------------------------------
[SEQ 465] [STATIC-BASELINE]
CMD      : G1 | effects={'dx': -0.1670000000000016, 'dy': 1.1089999999999947, 'dz': 0.0, 'de': 0.021310000000001494, 'xy_dist': 1.1215034551886092, 'params': {'G': 1.0, 'X': 166.806, 'Y': 120.827, 'E': 11.37343}}
DECISION : ALLOW
------------------------------------------------------------
[SEQ 465] [IEEE-BASELINE]
SCORE    : anomaly_score=0.000
DECISION : ALLOW
------------------------------------------------------------
[SEQ 466] [LAYER 0]
CMD      : G1 X166.52 Y121.274 E11.38341
TRUST    : acc_cmd=0.000 | acc_exec=0.000 | trust=0.163
DECISION : PAUSE
MACHINE  : Machine-2
------------------------------------------------------------
[SEQ 466] [STATIC-BASELINE]
CMD      : G1 | effects={'dx': -0.28600000000000136, 'dy': 0.44700000000000273, 'dz': 0.0, 'de': 0.009979999999998768, 'xy_dist': 0.530664677550714, 'params': {'G': 1.0, 'X': 166.52, 'Y': 121.274, 'E': 11.38341}}
DECISION : ALLOW
------------------------------------------------------------
[SEQ 466] [IEEE-BASELINE]
SCORE    : anomaly_score=0.000
DECISION : ALLOW
------------------------------------------------------------
[SEQ 467] [LAYER 0]
CMD      : G1 X166.016 Y121.714 E11.39599
TRUST    : acc_cmd=0.000 | acc_exec=0.000 | trust=0.310
DECISION : PAUSE
MACHINE  : Machine-2
------------------------------------------------------------
[SEQ 467] [STATIC-BASELINE]
CMD      : G1 | effects={'dx': -0.5040000000000191, 'dy': 0.4399999999999977, 'dz': 0.0, 'de': 0.012579999999999814, 'xy_dist': 0.6690411048657752, 'params': {'G': 1.0, 'X': 166.016, 'Y': 121.714, 'E': 11.39599}}
DECISION : ALLOW
------------------------------------------------------------
[SEQ 467] [IEEE-BASELINE]
SCORE    : anomaly_score=0.000
DECISION : ALLOW
------------------------------------------------------------
[SEQ 468] [LAYER 0]
CMD      : G1 X165.875 Y121.794 E11.39904
TRUST    : acc_cmd=0.000 | acc_exec=0.000 | trust=0.475
DECISION : PAUSE
MACHINE  : Machine-2
------------------------------------------------------------
[SEQ 468] [STATIC-BASELINE]
CMD      : G1 | effects={'dx': -0.14099999999999113, 'dy': 0.0799999999999983, 'dz': 0.0, 'de': 0.003049999999999997, 'xy_dist': 0.16211415730896925, 'params': {'G': 1.0, 'X': 165.875, 'Y': 121.794, 'E': 11.39904}}
DECISION : ALLOW
------------------------------------------------------------
[SEQ 468] [IEEE-BASELINE]
SCORE    : anomaly_score=0.000
DECISION : ALLOW
------------------------------------------------------------
[SEQ 469] [LAYER 0]
CMD      : G92 E1000
TRUST    : acc_cmd=0.000 | acc_exec=1.000 | trust=0.212
DECISION : PAUSE
MACHINE  : Machine-2
------------------------------------------------------------
[SEQ 469] [STATIC-BASELINE]
CMD      : G92 | effects={'reset': {'G': 92.0, 'E': 1000.0}}
DECISION : BLOCK
------------------------------------------------------------
[SEQ 469] [IEEE-BASELINE]
SCORE    : anomaly_score=0.000
DECISION : ALLOW
------------------------------------------------------------
[SEQ 470] [LAYER 0]
CMD      : M221 S200
TRUST    : acc_cmd=1.000 | acc_exec=1.000 | trust=0.089
DECISION : PAUSE
MACHINE  : Machine-2
------------------------------------------------------------
[SEQ 470] [STATIC-BASELINE]
CMD      : M221 | effects={'M': 221.0, 'S': 200.0}
DECISION : BLOCK
------------------------------------------------------------
[SEQ 470] [IEEE-BASELINE]
SCORE    : anomaly_score=0.000
DECISION : ALLOW
------------------------------------------------------------
[SEQ 471] [LAYER 0]
CMD      : G92 E1000
TRUST    : acc_cmd=0.000 | acc_exec=1.000 | trust=0.037
DECISION : PAUSE
MACHINE  : Machine-2
------------------------------------------------------------
[SEQ 471] [STATIC-BASELINE]
CMD      : G92 | effects={'reset': {'G': 92.0, 'E': 1000.0}}
DECISION : BLOCK
------------------------------------------------------------
[SEQ 471] [IEEE-BASELINE]
SCORE    : anomaly_score=0.000
DECISION : ALLOW
------------------------------------------------------------
[SEQ 472] [LAYER 0]
CMD      : M221 S200
TRUST    : acc_cmd=1.000 | acc_exec=1.000 | trust=0.016
DECISION : PAUSE
MACHINE  : Machine-2
------------------------------------------------------------
[SEQ 472] [STATIC-BASELINE]
CMD      : M221 | effects={'M': 221.0, 'S': 200.0}
DECISION : BLOCK
------------------------------------------------------------
[SEQ 472] [IEEE-BASELINE]
SCORE    : anomaly_score=0.000
DECISION : ALLOW
------------------------------------------------------------
[SEQ 473] [LAYER 0]
CMD      : G1 X163.203 Y120.872 E11.45766
TRUST    : acc_cmd=0.000 | acc_exec=1.000 | trust=0.007
DECISION : PAUSE
MACHINE  : Machine-2
------------------------------------------------------------
[SEQ 473] [STATIC-BASELINE]
CMD      : G1 | effects={'dx': -2.671999999999997, 'dy': -0.921999999999997, 'dz': 0.0, 'de': -988.54234, 'xy_dist': 2.8266000778320195, 'params': {'G': 1.0, 'X': 163.203, 'Y': 120.872, 'E': 11.45766}}
DECISION : ALLOW
------------------------------------------------------------
[SEQ 473] [IEEE-BASELINE]
SCORE    : anomaly_score=0.000
DECISION : ALLOW
------------------------------------------------------------
[SEQ 474] [LAYER 0]
CMD      : G92 E1000
TRUST    : acc_cmd=0.000 | acc_exec=1.000 | trust=0.003
DECISION : PAUSE
MACHINE  : Machine-2
------------------------------------------------------------
[SEQ 474] [STATIC-BASELINE]
CMD      : G92 | effects={'reset': {'G': 92.0, 'E': 1000.0}}
DECISION : BLOCK
------------------------------------------------------------
[SEQ 474] [IEEE-BASELINE]
SCORE    : anomaly_score=0.000
DECISION : ALLOW
------------------------------------------------------------
[SEQ 475] [LAYER 0]
CMD      : G1 X163.032 Y119.69 E11.48032
TRUST    : acc_cmd=0.000 | acc_exec=1.000 | trust=0.002
DECISION : PAUSE
MACHINE  : Machine-2
------------------------------------------------------------
[SEQ 475] [STATIC-BASELINE]
CMD      : G1 | effects={'dx': -0.17099999999999227, 'dy': -1.1820000000000022, 'dz': 0.0, 'de': -988.51968, 'xy_dist': 1.1943052373660608, 'params': {'G': 1.0, 'X': 163.032, 'Y': 119.69, 'E': 11.48032}}
DECISION : ALLOW
------------------------------------------------------------
[SEQ 475] [IEEE-BASELINE]
SCORE    : anomaly_score=0.000
DECISION : ALLOW
------------------------------------------------------------
[SEQ 476] [LAYER 0]
CMD      : M221 S200
TRUST    : acc_cmd=1.000 | acc_exec=1.000 | trust=0.001
DECISION : PAUSE
MACHINE  : Machine-2
------------------------------------------------------------
[SEQ 476] [STATIC-BASELINE]
CMD      : M221 | effects={'M': 221.0, 'S': 200.0}
DECISION : BLOCK
------------------------------------------------------------
[SEQ 476] [IEEE-BASELINE]
SCORE    : anomaly_score=0.000
DECISION : ALLOW
------------------------------------------------------------
[SEQ 477] [LAYER 0]
CMD      : G92 E1000
TRUST    : acc_cmd=0.000 | acc_exec=1.000 | trust=0.001
DECISION : PAUSE
MACHINE  : Machine-2
------------------------------------------------------------
[SEQ 477] [STATIC-BASELINE]
CMD      : G92 | effects={'reset': {'G': 92.0, 'E': 1000.0}}
DECISION : BLOCK
------------------------------------------------------------
[SEQ 477] [IEEE-BASELINE]
SCORE    : anomaly_score=0.000
DECISION : ALLOW
------------------------------------------------------------
[SEQ 478] [LAYER 0]
CMD      : G92 E1000
TRUST    : acc_cmd=0.000 | acc_exec=1.000 | trust=0.001
DECISION : PAUSE
MACHINE  : Machine-2
------------------------------------------------------------
[SEQ 478] [STATIC-BASELINE]
CMD      : G92 | effects={'reset': {'G': 92.0, 'E': 1000.0}}
DECISION : BLOCK
------------------------------------------------------------
[SEQ 478] [IEEE-BASELINE]
SCORE    : anomaly_score=0.000
DECISION : ALLOW
------------------------------------------------------------
[SEQ 479] [LAYER 0]
CMD      : G92 E1000
TRUST    : acc_cmd=0.000 | acc_exec=1.000 | trust=0.001
DECISION : PAUSE
MACHINE  : Machine-2
------------------------------------------------------------
[SEQ 479] [STATIC-BASELINE]
CMD      : G92 | effects={'reset': {'G': 92.0, 'E': 1000.0}}
DECISION : BLOCK
------------------------------------------------------------
[SEQ 479] [IEEE-BASELINE]
SCORE    : anomaly_score=0.000
DECISION : ALLOW
------------------------------------------------------------
[SEQ 480] [LAYER 0]
CMD      : G1 X165.125 Y118.815 E11.52113
TRUST    : acc_cmd=0.000 | acc_exec=1.000 | trust=0.001
DECISION : PAUSE
MACHINE  : Machine-2
------------------------------------------------------------
[SEQ 480] [STATIC-BASELINE]
CMD      : G1 | effects={'dx': 2.0929999999999893, 'dy': -0.875, 'dz': 0.0, 'de': -988.47887, 'xy_dist': 2.2685400591569804, 'params': {'G': 1.0, 'X': 165.125, 'Y': 118.815, 'E': 11.52113}}
DECISION : ALLOW
------------------------------------------------------------
[SEQ 480] [IEEE-BASELINE]
SCORE    : anomaly_score=0.000
DECISION : ALLOW
------------------------------------------------------------
[SEQ 481] [LAYER 0]
CMD      : G92 E1000
TRUST    : acc_cmd=0.000 | acc_exec=1.000 | trust=0.001
DECISION : PAUSE
MACHINE  : Machine-2
------------------------------------------------------------
[SEQ 481] [STATIC-BASELINE]
CMD      : G92 | effects={'reset': {'G': 92.0, 'E': 1000.0}}
DECISION : BLOCK
------------------------------------------------------------
[SEQ 481] [IEEE-BASELINE]
SCORE    : anomaly_score=0.000
DECISION : ALLOW
------------------------------------------------------------
[SEQ 482] [LAYER 0]
CMD      : M221 S200
TRUST    : acc_cmd=1.000 | acc_exec=1.000 | trust=0.001
DECISION : PAUSE
MACHINE  : Machine-2
------------------------------------------------------------
[SEQ 482] [STATIC-BASELINE]
CMD      : M221 | effects={'M': 221.0, 'S': 200.0}
DECISION : BLOCK
------------------------------------------------------------
[SEQ 482] [IEEE-BASELINE]
SCORE    : anomaly_score=0.000
DECISION : ALLOW
------------------------------------------------------------
[SEQ 483] [LAYER 0]
CMD      : M221 S200
TRUST    : acc_cmd=1.000 | acc_exec=1.000 | trust=0.001
DECISION : PAUSE
MACHINE  : Machine-2
------------------------------------------------------------
[SEQ 483] [STATIC-BASELINE]
CMD      : M221 | effects={'M': 221.0, 'S': 200.0}
DECISION : BLOCK
------------------------------------------------------------
[SEQ 483] [IEEE-BASELINE]
SCORE    : anomaly_score=0.000
DECISION : ALLOW
------------------------------------------------------------
[SEQ 484] [LAYER 0]
CMD      : G1 X166.188 Y119.894 E11.55182
TRUST    : acc_cmd=0.000 | acc_exec=1.000 | trust=0.001
DECISION : PAUSE
MACHINE  : Machine-2
------------------------------------------------------------
[SEQ 484] [STATIC-BASELINE]
CMD      : G1 | effects={'dx': 1.0629999999999882, 'dy': 1.0790000000000077, 'dz': 0.0, 'de': -988.44818, 'xy_dist': 1.5146649794591514, 'params': {'G': 1.0, 'X': 166.188, 'Y': 119.894, 'E': 11.55182}}
DECISION : ALLOW
------------------------------------------------------------
[SEQ 484] [IEEE-BASELINE]
SCORE    : anomaly_score=0.000
DECISION : ALLOW
------------------------------------------------------------
[SEQ 485] [LAYER 0]
CMD      : G92 E1000
TRUST    : acc_cmd=0.000 | acc_exec=1.000 | trust=0.001
DECISION : PAUSE
MACHINE  : Machine-2
------------------------------------------------------------
[SEQ 485] [STATIC-BASELINE]
CMD      : G92 | effects={'reset': {'G': 92.0, 'E': 1000.0}}
DECISION : BLOCK
------------------------------------------------------------
[SEQ 485] [IEEE-BASELINE]
SCORE    : anomaly_score=0.000
DECISION : ALLOW
------------------------------------------------------------
[SEQ 486] [LAYER 0]
CMD      : G92 E1000
TRUST    : acc_cmd=0.000 | acc_exec=1.000 | trust=0.001
DECISION : PAUSE
MACHINE  : Machine-2
------------------------------------------------------------
[SEQ 486] [STATIC-BASELINE]
CMD      : G92 | effects={'reset': {'G': 92.0, 'E': 1000.0}}
DECISION : BLOCK
------------------------------------------------------------
[SEQ 486] [IEEE-BASELINE]
SCORE    : anomaly_score=0.000
DECISION : ALLOW
------------------------------------------------------------
[SEQ 487] [LAYER 0]
CMD      : G92 E1000
TRUST    : acc_cmd=0.000 | acc_exec=1.000 | trust=0.001
DECISION : PAUSE
MACHINE  : Machine-2
------------------------------------------------------------
[SEQ 487] [STATIC-BASELINE]
CMD      : G92 | effects={'reset': {'G': 92.0, 'E': 1000.0}}
DECISION : BLOCK
------------------------------------------------------------
[SEQ 487] [IEEE-BASELINE]
SCORE    : anomaly_score=0.000
DECISION : ALLOW
------------------------------------------------------------
[SEQ 488] [LAYER 0]
CMD      : M221 S200
TRUST    : acc_cmd=1.000 | acc_exec=1.000 | trust=0.001
DECISION : PAUSE
MACHINE  : Machine-2
------------------------------------------------------------
[SEQ 488] [STATIC-BASELINE]
CMD      : M221 | effects={'M': 221.0, 'S': 200.0}
DECISION : BLOCK
------------------------------------------------------------
[SEQ 488] [IEEE-BASELINE]
SCORE    : anomaly_score=0.000
DECISION : ALLOW
------------------------------------------------------------
[SEQ 489] [LAYER 0]
CMD      : M221 S200
TRUST    : acc_cmd=1.000 | acc_exec=1.000 | trust=0.001
DECISION : PAUSE
MACHINE  : Machine-2
------------------------------------------------------------
[SEQ 489] [STATIC-BASELINE]
CMD      : M221 | effects={'M': 221.0, 'S': 200.0}
DECISION : BLOCK
------------------------------------------------------------
[SEQ 489] [IEEE-BASELINE]
SCORE    : anomaly_score=0.000
DECISION : ALLOW
------------------------------------------------------------
[SEQ 490] [LAYER 0]
CMD      : M92 E2000
TRUST    : acc_cmd=1.000 | acc_exec=1.000 | trust=0.001
DECISION : PAUSE
MACHINE  : Machine-2
------------------------------------------------------------
[SEQ 490] [STATIC-BASELINE]
CMD      : M92 | effects={'M': 92.0, 'E': 2000.0}
DECISION : BLOCK
------------------------------------------------------------
[SEQ 490] [IEEE-BASELINE]
SCORE    : anomaly_score=0.000
DECISION : ALLOW
------------------------------------------------------------
[SEQ 491] [LAYER 0]
CMD      : M92 E2000
TRUST    : acc_cmd=1.000 | acc_exec=1.000 | trust=0.001
DECISION : PAUSE
MACHINE  : Machine-2
------------------------------------------------------------
[SEQ 491] [STATIC-BASELINE]
CMD      : M92 | effects={'M': 92.0, 'E': 2000.0}
DECISION : BLOCK
------------------------------------------------------------
[SEQ 491] [IEEE-BASELINE]
SCORE    : anomaly_score=0.000
DECISION : ALLOW
------------------------------------------------------------
[SEQ 492] [LAYER 0]
CMD      : M221 S200
TRUST    : acc_cmd=1.000 | acc_exec=1.000 | trust=0.001
DECISION : PAUSE
MACHINE  : Machine-2
------------------------------------------------------------
[SEQ 492] [STATIC-BASELINE]
CMD      : M221 | effects={'M': 221.0, 'S': 200.0}
DECISION : BLOCK
------------------------------------------------------------
[SEQ 492] [IEEE-BASELINE]
SCORE    : anomaly_score=0.000
DECISION : ALLOW
------------------------------------------------------------
[SEQ 493] [LAYER 0]
CMD      : G92 E1000
TRUST    : acc_cmd=0.000 | acc_exec=1.000 | trust=0.001
DECISION : PAUSE
MACHINE  : Machine-2
------------------------------------------------------------
[SEQ 493] [STATIC-BASELINE]
CMD      : G92 | effects={'reset': {'G': 92.0, 'E': 1000.0}}
DECISION : BLOCK
------------------------------------------------------------
[SEQ 493] [IEEE-BASELINE]
SCORE    : anomaly_score=0.000
DECISION : ALLOW
------------------------------------------------------------
[SEQ 494] [LAYER 0]
CMD      : G92 E1000
TRUST    : acc_cmd=0.000 | acc_exec=1.000 | trust=0.001
DECISION : PAUSE
MACHINE  : Machine-2
------------------------------------------------------------
[SEQ 494] [STATIC-BASELINE]
CMD      : G92 | effects={'reset': {'G': 92.0, 'E': 1000.0}}
DECISION : BLOCK
------------------------------------------------------------
[SEQ 494] [IEEE-BASELINE]
SCORE    : anomaly_score=0.000
DECISION : ALLOW
------------------------------------------------------------
[SEQ 495] [LAYER 0]
CMD      : G1 X163.815 Y119.876 E11.62628
TRUST    : acc_cmd=0.000 | acc_exec=1.000 | trust=0.001
DECISION : PAUSE
MACHINE  : Machine-2
------------------------------------------------------------
[SEQ 495] [STATIC-BASELINE]
CMD      : G1 | effects={'dx': -2.3729999999999905, 'dy': -0.018000000000000682, 'dz': 0.0, 'de': -988.37372, 'xy_dist': 2.3730682670332, 'params': {'G': 1.0, 'X': 163.815, 'Y': 119.876, 'E': 11.62628}}
DECISION : ALLOW
------------------------------------------------------------
[SEQ 495] [IEEE-BASELINE]
SCORE    : anomaly_score=0.000
DECISION : ALLOW
------------------------------------------------------------
[SEQ 496] [LAYER 0]
CMD      : G1 X163.949 Y119.441 E11.63485
TRUST    : acc_cmd=0.000 | acc_exec=0.000 | trust=0.007
DECISION : PAUSE
MACHINE  : Machine-2
------------------------------------------------------------
[SEQ 496] [STATIC-BASELINE]
CMD      : G1 | effects={'dx': 0.13400000000001455, 'dy': -0.4350000000000023, 'dz': 0.0, 'de': 0.008570000000000633, 'xy_dist': 0.4551713962893603, 'params': {'G': 1.0, 'X': 163.949, 'Y': 119.441, 'E': 11.63485}}
DECISION : ALLOW
------------------------------------------------------------
[SEQ 496] [IEEE-BASELINE]
SCORE    : anomaly_score=0.000
DECISION : ALLOW
------------------------------------------------------------
[SEQ 497] [LAYER 0]
CMD      : G92 E1000
TRUST    : acc_cmd=0.000 | acc_exec=1.000 | trust=0.005
DECISION : PAUSE
MACHINE  : Machine-2
------------------------------------------------------------
[SEQ 497] [STATIC-BASELINE]
CMD      : G92 | effects={'reset': {'G': 92.0, 'E': 1000.0}}
DECISION : BLOCK
------------------------------------------------------------
[SEQ 497] [IEEE-BASELINE]
SCORE    : anomaly_score=0.000
DECISION : ALLOW
------------------------------------------------------------
[SEQ 498] [LAYER 0]
CMD      : M221 S200
TRUST    : acc_cmd=1.000 | acc_exec=1.000 | trust=0.003
DECISION : PAUSE
MACHINE  : Machine-2
------------------------------------------------------------
[SEQ 498] [STATIC-BASELINE]
CMD      : M221 | effects={'M': 221.0, 'S': 200.0}
DECISION : BLOCK
------------------------------------------------------------
[SEQ 498] [IEEE-BASELINE]
SCORE    : anomaly_score=0.000
DECISION : ALLOW
------------------------------------------------------------
[SEQ 499] [LAYER 0]
CMD      : G92 E1000
TRUST    : acc_cmd=0.000 | acc_exec=1.000 | trust=0.002
DECISION : PAUSE
MACHINE  : Machine-2
------------------------------------------------------------
[SEQ 499] [STATIC-BASELINE]
CMD      : G92 | effects={'reset': {'G': 92.0, 'E': 1000.0}}
DECISION : BLOCK
------------------------------------------------------------
[SEQ 499] [IEEE-BASELINE]
SCORE    : anomaly_score=0.000
DECISION : ALLOW
------------------------------------------------------------
[SEQ 500] [LAYER 0]
CMD      : G1 X165.231 Y118.429 E11.66975
TRUST    : acc_cmd=0.000 | acc_exec=1.000 | trust=0.001
DECISION : PAUSE
MACHINE  : Machine-2
------------------------------------------------------------
[SEQ 500] [STATIC-BASELINE]
CMD      : G1 | effects={'dx': 1.2819999999999823, 'dy': -1.0120000000000005, 'dz': 0.0, 'de': -988.33025, 'xy_dist': 1.6332997275454237, 'params': {'G': 1.0, 'X': 165.231, 'Y': 118.429, 'E': 11.66975}}
DECISION : ALLOW
------------------------------------------------------------
[SEQ 500] [IEEE-BASELINE]
SCORE    : anomaly_score=0.000
DECISION : ALLOW
------------------------------------------------------------
[SEQ 501] [LAYER 0]
CMD      : M92 E2000
TRUST    : acc_cmd=1.000 | acc_exec=1.000 | trust=0.001
DECISION : PAUSE
MACHINE  : Machine-2
------------------------------------------------------------
[SEQ 501] [STATIC-BASELINE]
CMD      : M92 | effects={'M': 92.0, 'E': 2000.0}
DECISION : BLOCK
------------------------------------------------------------
[SEQ 501] [IEEE-BASELINE]
SCORE    : anomaly_score=0.000
DECISION : ALLOW
------------------------------------------------------------
[SEQ 502] [LAYER 0]
CMD      : G1 X165.971 Y118.742 E11.68499
TRUST    : acc_cmd=0.000 | acc_exec=0.000 | trust=0.008
DECISION : PAUSE
MACHINE  : Machine-2
------------------------------------------------------------
[SEQ 502] [STATIC-BASELINE]
CMD      : G1 | effects={'dx': 0.7400000000000091, 'dy': 0.3130000000000024, 'dz': 0.0, 'de': 0.015240000000000364, 'xy_dist': 0.8034730860458332, 'params': {'G': 1.0, 'X': 165.971, 'Y': 118.742, 'E': 11.68499}}
DECISION : ALLOW
------------------------------------------------------------
[SEQ 502] [IEEE-BASELINE]
SCORE    : anomaly_score=0.000
DECISION : ALLOW
------------------------------------------------------------
[SEQ 503] [LAYER 0]
CMD      : M221 S200
TRUST    : acc_cmd=1.000 | acc_exec=1.000 | trust=0.005
DECISION : PAUSE
MACHINE  : Machine-2
------------------------------------------------------------
[SEQ 503] [STATIC-BASELINE]
CMD      : M221 | effects={'M': 221.0, 'S': 200.0}
DECISION : BLOCK
------------------------------------------------------------
[SEQ 503] [IEEE-BASELINE]
SCORE    : anomaly_score=0.000
DECISION : ALLOW
------------------------------------------------------------
[SEQ 504] [LAYER 0]
CMD      : G1 X166.572 Y119.782 E11.70799
TRUST    : acc_cmd=0.000 | acc_exec=0.000 | trust=0.023
DECISION : PAUSE
MACHINE  : Machine-2
------------------------------------------------------------
[SEQ 504] [STATIC-BASELINE]
CMD      : G1 | effects={'dx': 0.6009999999999991, 'dy': 1.039999999999992, 'dz': 0.0, 'de': 0.022999999999999687, 'xy_dist': 1.2011665163498284, 'params': {'G': 1.0, 'X': 166.572, 'Y': 119.782, 'E': 11.70799}}
DECISION : ALLOW
------------------------------------------------------------
[SEQ 504] [IEEE-BASELINE]
SCORE    : anomaly_score=0.000
DECISION : ALLOW
------------------------------------------------------------
[SEQ 505] [LAYER 0]
CMD      : G92 E1000
TRUST    : acc_cmd=0.000 | acc_exec=1.000 | trust=0.013
DECISION : PAUSE
MACHINE  : Machine-2
------------------------------------------------------------
[SEQ 505] [STATIC-BASELINE]
CMD      : G92 | effects={'reset': {'G': 92.0, 'E': 1000.0}}
DECISION : BLOCK
------------------------------------------------------------
[SEQ 505] [IEEE-BASELINE]
SCORE    : anomaly_score=0.000
DECISION : ALLOW
------------------------------------------------------------
[SEQ 506] [LAYER 0]
CMD      : M92 E2000
TRUST    : acc_cmd=1.000 | acc_exec=1.000 | trust=0.007
DECISION : PAUSE
MACHINE  : Machine-2
------------------------------------------------------------
[SEQ 506] [STATIC-BASELINE]
CMD      : M92 | effects={'M': 92.0, 'E': 2000.0}
DECISION : BLOCK
------------------------------------------------------------
[SEQ 506] [IEEE-BASELINE]
SCORE    : anomaly_score=0.000
DECISION : ALLOW
------------------------------------------------------------
[SEQ 507] [LAYER 0]
CMD      : M92 E2000
TRUST    : acc_cmd=1.000 | acc_exec=1.000 | trust=0.003
DECISION : PAUSE
MACHINE  : Machine-2
------------------------------------------------------------
[SEQ 507] [STATIC-BASELINE]
CMD      : M92 | effects={'M': 92.0, 'E': 2000.0}
DECISION : BLOCK
------------------------------------------------------------
[SEQ 507] [IEEE-BASELINE]
SCORE    : anomaly_score=0.000
DECISION : ALLOW
------------------------------------------------------------
[SEQ 508] [LAYER 0]
CMD      : M221 S200
TRUST    : acc_cmd=1.000 | acc_exec=1.000 | trust=0.002
DECISION : PAUSE
MACHINE  : Machine-2
------------------------------------------------------------
[SEQ 508] [STATIC-BASELINE]
CMD      : M221 | effects={'M': 221.0, 'S': 200.0}
DECISION : BLOCK
------------------------------------------------------------
[SEQ 508] [IEEE-BASELINE]
SCORE    : anomaly_score=0.000
DECISION : ALLOW
------------------------------------------------------------
[SEQ 509] [LAYER 0]
CMD      : M92 E2000
TRUST    : acc_cmd=1.000 | acc_exec=1.000 | trust=0.001
DECISION : PAUSE
MACHINE  : Machine-2
------------------------------------------------------------
[SEQ 509] [STATIC-BASELINE]
CMD      : M92 | effects={'M': 92.0, 'E': 2000.0}
DECISION : BLOCK
------------------------------------------------------------
[SEQ 509] [IEEE-BASELINE]
SCORE    : anomaly_score=0.000
DECISION : ALLOW
------------------------------------------------------------
[SEQ 510] [LAYER 0]
CMD      : G1 X164.769 Y121.571 E11.76326
TRUST    : acc_cmd=0.000 | acc_exec=1.000 | trust=0.001
DECISION : PAUSE
MACHINE  : Machine-2
------------------------------------------------------------
[SEQ 510] [STATIC-BASELINE]
CMD      : G1 | effects={'dx': -1.8029999999999973, 'dy': 1.7890000000000015, 'dz': 0.0, 'de': -988.23674, 'xy_dist': 2.539946849837609, 'params': {'G': 1.0, 'X': 164.769, 'Y': 121.571, 'E': 11.76326}}
DECISION : ALLOW
------------------------------------------------------------
[SEQ 510] [IEEE-BASELINE]
SCORE    : anomaly_score=0.000
DECISION : ALLOW
------------------------------------------------------------
[SEQ 511] [LAYER 0]
CMD      : G92 E1000
TRUST    : acc_cmd=0.000 | acc_exec=1.000 | trust=0.001
DECISION : PAUSE
MACHINE  : Machine-2
------------------------------------------------------------
[SEQ 511] [STATIC-BASELINE]
CMD      : G92 | effects={'reset': {'G': 92.0, 'E': 1000.0}}
DECISION : BLOCK
------------------------------------------------------------
[SEQ 511] [IEEE-BASELINE]
SCORE    : anomaly_score=0.000
DECISION : ALLOW
------------------------------------------------------------
[SEQ 512] [LAYER 0]
CMD      : G1 X163.931 Y121.172 E11.7809
TRUST    : acc_cmd=0.000 | acc_exec=1.000 | trust=0.001
DECISION : PAUSE
MACHINE  : Machine-2
------------------------------------------------------------
[SEQ 512] [STATIC-BASELINE]
CMD      : G1 | effects={'dx': -0.8379999999999939, 'dy': -0.3990000000000009, 'dz': 0.0, 'de': -988.2191, 'xy_dist': 0.9281406143467651, 'params': {'G': 1.0, 'X': 163.931, 'Y': 121.172, 'E': 11.7809}}
DECISION : ALLOW
------------------------------------------------------------
[SEQ 512] [IEEE-BASELINE]
SCORE    : anomaly_score=0.000
DECISION : ALLOW
------------------------------------------------------------
[SEQ 513] [LAYER 0]
CMD      : G1 X163.567 Y120.691 E11.79225
TRUST    : acc_cmd=0.000 | acc_exec=0.000 | trust=0.007
DECISION : PAUSE
MACHINE  : Machine-2
------------------------------------------------------------
[SEQ 513] [STATIC-BASELINE]
CMD      : G1 | effects={'dx': -0.3640000000000043, 'dy': -0.48099999999999454, 'dz': 0.0, 'de': 0.011349999999998417, 'xy_dist': 0.6032056034222476, 'params': {'G': 1.0, 'X': 163.567, 'Y': 120.691, 'E': 11.79225}}
DECISION : ALLOW
------------------------------------------------------------
[SEQ 513] [IEEE-BASELINE]
SCORE    : anomaly_score=0.000
DECISION : ALLOW
------------------------------------------------------------
[SEQ 514] [LAYER 0]
CMD      : M221 S200
TRUST    : acc_cmd=1.000 | acc_exec=1.000 | trust=0.005
DECISION : PAUSE
MACHINE  : Machine-2
------------------------------------------------------------
[SEQ 514] [STATIC-BASELINE]
CMD      : M221 | effects={'M': 221.0, 'S': 200.0}
DECISION : BLOCK
------------------------------------------------------------
[SEQ 514] [IEEE-BASELINE]
SCORE    : anomaly_score=0.000
DECISION : ALLOW
------------------------------------------------------------
[SEQ 515] [LAYER 0]
CMD      : M221 S200
TRUST    : acc_cmd=1.000 | acc_exec=1.000 | trust=0.003
DECISION : PAUSE
MACHINE  : Machine-2
------------------------------------------------------------
[SEQ 515] [STATIC-BASELINE]
CMD      : M221 | effects={'M': 221.0, 'S': 200.0}
DECISION : BLOCK
------------------------------------------------------------
[SEQ 515] [IEEE-BASELINE]
SCORE    : anomaly_score=0.000
DECISION : ALLOW
------------------------------------------------------------
[SEQ 516] [LAYER 0]
CMD      : M221 S200
TRUST    : acc_cmd=1.000 | acc_exec=1.000 | trust=0.002
DECISION : PAUSE
MACHINE  : Machine-2
------------------------------------------------------------
[SEQ 516] [STATIC-BASELINE]
CMD      : M221 | effects={'M': 221.0, 'S': 200.0}
DECISION : BLOCK
------------------------------------------------------------
[SEQ 516] [IEEE-BASELINE]
SCORE    : anomaly_score=0.000
DECISION : ALLOW
------------------------------------------------------------
[SEQ 517] [LAYER 0]
CMD      : M92 E2000
TRUST    : acc_cmd=1.000 | acc_exec=1.000 | trust=0.001
DECISION : PAUSE
MACHINE  : Machine-2
------------------------------------------------------------
[SEQ 517] [STATIC-BASELINE]
CMD      : M92 | effects={'M': 92.0, 'E': 2000.0}
DECISION : BLOCK
------------------------------------------------------------
[SEQ 517] [IEEE-BASELINE]
SCORE    : anomaly_score=0.000
DECISION : ALLOW
------------------------------------------------------------
[SEQ 518] [LAYER 0]
CMD      : M221 S200
TRUST    : acc_cmd=1.000 | acc_exec=1.000 | trust=0.001
DECISION : PAUSE
MACHINE  : Machine-2
------------------------------------------------------------
[SEQ 518] [STATIC-BASELINE]
CMD      : M221 | effects={'M': 221.0, 'S': 200.0}
DECISION : BLOCK
------------------------------------------------------------
[SEQ 518] [IEEE-BASELINE]
SCORE    : anomaly_score=0.000
DECISION : ALLOW
------------------------------------------------------------
[SEQ 519] [LAYER 0]
CMD      : G92 E1000
TRUST    : acc_cmd=0.000 | acc_exec=1.000 | trust=0.001
DECISION : PAUSE
MACHINE  : Machine-2
------------------------------------------------------------
[SEQ 519] [STATIC-BASELINE]
CMD      : G92 | effects={'reset': {'G': 92.0, 'E': 1000.0}}
DECISION : BLOCK
------------------------------------------------------------
[SEQ 519] [IEEE-BASELINE]
SCORE    : anomaly_score=0.000
DECISION : ALLOW
------------------------------------------------------------
[SEQ 520] [LAYER 1]
CMD      : M221 S200
TRUST    : acc_cmd=1.000 | acc_exec=1.000 | trust=0.001
DECISION : PAUSE
MACHINE  : Machine-2
------------------------------------------------------------
[SEQ 520] [STATIC-BASELINE]
CMD      : M221 | effects={'M': 221.0, 'S': 200.0}
DECISION : BLOCK
------------------------------------------------------------
[SEQ 520] [IEEE-BASELINE]
SCORE    : anomaly_score=0.000
DECISION : ALLOW
------------------------------------------------------------
[SEQ 521] [LAYER 1]
CMD      : M92 E2000
TRUST    : acc_cmd=1.000 | acc_exec=1.000 | trust=0.001
DECISION : PAUSE
MACHINE  : Machine-2
------------------------------------------------------------
[SEQ 521] [STATIC-BASELINE]
CMD      : M92 | effects={'M': 92.0, 'E': 2000.0}
DECISION : BLOCK
------------------------------------------------------------
[SEQ 521] [IEEE-BASELINE]
SCORE    : anomaly_score=0.000
DECISION : ALLOW
------------------------------------------------------------
[SEQ 522] [LAYER 1]
CMD      : M92 E2000
TRUST    : acc_cmd=1.000 | acc_exec=1.000 | trust=0.001
DECISION : PAUSE
MACHINE  : Machine-2
------------------------------------------------------------
[SEQ 522] [STATIC-BASELINE]
CMD      : M92 | effects={'M': 92.0, 'E': 2000.0}
DECISION : BLOCK
------------------------------------------------------------
[SEQ 522] [IEEE-BASELINE]
SCORE    : anomaly_score=0.000
DECISION : ALLOW
------------------------------------------------------------
[SEQ 523] [LAYER 1]
CMD      : M221 S200
TRUST    : acc_cmd=1.000 | acc_exec=1.000 | trust=0.001
DECISION : PAUSE
MACHINE  : Machine-2
------------------------------------------------------------
[SEQ 523] [STATIC-BASELINE]
CMD      : M221 | effects={'M': 221.0, 'S': 200.0}
DECISION : BLOCK
------------------------------------------------------------
[SEQ 523] [IEEE-BASELINE]
SCORE    : anomaly_score=0.000
DECISION : ALLOW
------------------------------------------------------------
[SEQ 524] [LAYER 1]
CMD      : M92 E2000
TRUST    : acc_cmd=1.000 | acc_exec=1.000 | trust=0.001
DECISION : PAUSE
MACHINE  : Machine-2
------------------------------------------------------------
[SEQ 524] [STATIC-BASELINE]
CMD      : M92 | effects={'M': 92.0, 'E': 2000.0}
DECISION : BLOCK
------------------------------------------------------------
[SEQ 524] [IEEE-BASELINE]
SCORE    : anomaly_score=0.000
DECISION : ALLOW
------------------------------------------------------------
[SEQ 525] [LAYER 1]
CMD      : M221 S200
TRUST    : acc_cmd=1.000 | acc_exec=1.000 | trust=0.001
DECISION : PAUSE
MACHINE  : Machine-2
------------------------------------------------------------
[SEQ 525] [STATIC-BASELINE]
CMD      : M221 | effects={'M': 221.0, 'S': 200.0}
DECISION : BLOCK
------------------------------------------------------------
[SEQ 525] [IEEE-BASELINE]
SCORE    : anomaly_score=0.000
DECISION : ALLOW
------------------------------------------------------------
[SEQ 526] [LAYER 1]
CMD      : G92 E1000
TRUST    : acc_cmd=0.000 | acc_exec=1.000 | trust=0.001
DECISION : PAUSE
MACHINE  : Machine-2
------------------------------------------------------------
[SEQ 526] [STATIC-BASELINE]
CMD      : G92 | effects={'reset': {'G': 92.0, 'E': 1000.0}}
DECISION : BLOCK
------------------------------------------------------------
[SEQ 526] [IEEE-BASELINE]
SCORE    : anomaly_score=0.000
DECISION : ALLOW
------------------------------------------------------------
[SEQ 527] [LAYER 1]
CMD      : M92 E2000
TRUST    : acc_cmd=1.000 | acc_exec=1.000 | trust=0.001
DECISION : PAUSE
MACHINE  : Machine-2
------------------------------------------------------------
[SEQ 527] [STATIC-BASELINE]
CMD      : M92 | effects={'M': 92.0, 'E': 2000.0}
DECISION : BLOCK
------------------------------------------------------------
[SEQ 527] [IEEE-BASELINE]
SCORE    : anomaly_score=0.000
DECISION : ALLOW
------------------------------------------------------------
[SEQ 528] [LAYER 1]
CMD      : M221 S200
TRUST    : acc_cmd=1.000 | acc_exec=1.000 | trust=0.001
DECISION : PAUSE
MACHINE  : Machine-2
------------------------------------------------------------
[SEQ 528] [STATIC-BASELINE]
CMD      : M221 | effects={'M': 221.0, 'S': 200.0}
DECISION : BLOCK
------------------------------------------------------------
[SEQ 528] [IEEE-BASELINE]
SCORE    : anomaly_score=0.000
DECISION : ALLOW
------------------------------------------------------------
[SEQ 529] [LAYER 1]
CMD      : G92 E1000
TRUST    : acc_cmd=0.000 | acc_exec=1.000 | trust=0.001
DECISION : PAUSE
MACHINE  : Machine-2
------------------------------------------------------------
[SEQ 529] [STATIC-BASELINE]
CMD      : G92 | effects={'reset': {'G': 92.0, 'E': 1000.0}}
DECISION : BLOCK
------------------------------------------------------------
[SEQ 529] [IEEE-BASELINE]
SCORE    : anomaly_score=0.000
DECISION : ALLOW
------------------------------------------------------------
[SEQ 530] [LAYER 1]
CMD      : M221 S200
TRUST    : acc_cmd=1.000 | acc_exec=1.000 | trust=0.001
DECISION : PAUSE
MACHINE  : Machine-2
------------------------------------------------------------
[SEQ 530] [STATIC-BASELINE]
CMD      : M221 | effects={'M': 221.0, 'S': 200.0}
DECISION : BLOCK
------------------------------------------------------------
[SEQ 530] [IEEE-BASELINE]
SCORE    : anomaly_score=0.000
DECISION : ALLOW
------------------------------------------------------------
[SEQ 531] [LAYER 1]
CMD      : ;TIME_ELAPSED:26.669138
TRUST    : acc_cmd=0.000 | acc_exec=0.000 | trust=0.007
DECISION : PAUSE
MACHINE  : Machine-2
------------------------------------------------------------
[SEQ 531] [STATIC-BASELINE]
CMD      : None | effects={}
DECISION : ALLOW
------------------------------------------------------------
[SEQ 531] [IEEE-BASELINE]
SCORE    : anomaly_score=0.000
DECISION : ALLOW
------------------------------------------------------------
[SEQ 532] [LAYER 2]
CMD      : M92 E2000
TRUST    : acc_cmd=1.000 | acc_exec=1.000 | trust=0.005
DECISION : PAUSE
MACHINE  : Machine-2
------------------------------------------------------------
[SEQ 532] [STATIC-BASELINE]
CMD      : M92 | effects={'M': 92.0, 'E': 2000.0}
DECISION : BLOCK
------------------------------------------------------------
[SEQ 532] [IEEE-BASELINE]
SCORE    : anomaly_score=0.000
DECISION : ALLOW
------------------------------------------------------------
[SEQ 533] [LAYER 2]
CMD      : G92 E1000
TRUST    : acc_cmd=0.000 | acc_exec=1.000 | trust=0.003
DECISION : PAUSE
MACHINE  : Machine-2
------------------------------------------------------------
[SEQ 533] [STATIC-BASELINE]
CMD      : G92 | effects={'reset': {'G': 92.0, 'E': 1000.0}}
DECISION : BLOCK
------------------------------------------------------------
[SEQ 533] [IEEE-BASELINE]
SCORE    : anomaly_score=0.000
DECISION : ALLOW
------------------------------------------------------------
[SEQ 534] [LAYER 2]
CMD      : M92 E2000
TRUST    : acc_cmd=1.000 | acc_exec=1.000 | trust=0.002
DECISION : PAUSE
MACHINE  : Machine-2
------------------------------------------------------------
[SEQ 534] [STATIC-BASELINE]
CMD      : M92 | effects={'M': 92.0, 'E': 2000.0}
DECISION : BLOCK
------------------------------------------------------------
[SEQ 534] [IEEE-BASELINE]
SCORE    : anomaly_score=0.000
DECISION : ALLOW
------------------------------------------------------------
[SEQ 535] [LAYER 2]
CMD      : M92 E2000
TRUST    : acc_cmd=1.000 | acc_exec=1.000 | trust=0.001
DECISION : PAUSE
MACHINE  : Machine-2
------------------------------------------------------------
[SEQ 535] [STATIC-BASELINE]
CMD      : M92 | effects={'M': 92.0, 'E': 2000.0}
DECISION : BLOCK
------------------------------------------------------------
[SEQ 535] [IEEE-BASELINE]
SCORE    : anomaly_score=0.000
DECISION : ALLOW
------------------------------------------------------------
[SEQ 536] [LAYER 2]
CMD      : G1 F663 X164.358 Y119.172 E11.82399
TRUST    : acc_cmd=0.000 | acc_exec=1.000 | trust=0.001
DECISION : PAUSE
MACHINE  : Machine-2
------------------------------------------------------------
[SEQ 536] [STATIC-BASELINE]
CMD      : G1 | effects={'dx': 0.7909999999999968, 'dy': -1.5190000000000055, 'dz': 0.0, 'de': -988.17601, 'xy_dist': 1.7126126240338215, 'params': {'G': 1.0, 'F': 663.0, 'X': 164.358, 'Y': 119.172, 'E': 11.82399}}
DECISION : ALLOW
------------------------------------------------------------
[SEQ 536] [IEEE-BASELINE]
SCORE    : anomaly_score=0.000
DECISION : ALLOW
------------------------------------------------------------
[SEQ 537] [LAYER 2]
CMD      : M221 S200
TRUST    : acc_cmd=1.000 | acc_exec=1.000 | trust=0.001
DECISION : PAUSE
MACHINE  : Machine-2
------------------------------------------------------------
[SEQ 537] [STATIC-BASELINE]
CMD      : M221 | effects={'M': 221.0, 'S': 200.0}
DECISION : BLOCK
------------------------------------------------------------
[SEQ 537] [IEEE-BASELINE]
SCORE    : anomaly_score=0.000
DECISION : ALLOW
------------------------------------------------------------
[SEQ 538] [LAYER 2]
CMD      : G1 X164.425 Y119.133 E11.82576
TRUST    : acc_cmd=0.000 | acc_exec=0.000 | trust=0.008
DECISION : PAUSE
MACHINE  : Machine-2
------------------------------------------------------------
[SEQ 538] [STATIC-BASELINE]
CMD      : G1 | effects={'dx': 0.06700000000000728, 'dy': -0.03900000000000148, 'dz': 0.0, 'de': 0.0017700000000004934, 'xy_dist': 0.07752418977326425, 'params': {'G': 1.0, 'X': 164.425, 'Y': 119.133, 'E': 11.82576}}
DECISION : ALLOW
------------------------------------------------------------
[SEQ 538] [IEEE-BASELINE]
SCORE    : anomaly_score=0.000
DECISION : ALLOW
------------------------------------------------------------
[SEQ 539] [LAYER 2]
CMD      : M221 S200
TRUST    : acc_cmd=1.000 | acc_exec=1.000 | trust=0.005
DECISION : PAUSE
MACHINE  : Machine-2
------------------------------------------------------------
[SEQ 539] [STATIC-BASELINE]
CMD      : M221 | effects={'M': 221.0, 'S': 200.0}
DECISION : BLOCK
------------------------------------------------------------
[SEQ 539] [IEEE-BASELINE]
SCORE    : anomaly_score=0.000
DECISION : ALLOW
------------------------------------------------------------
[SEQ 540] [LAYER 2]
CMD      : G92 E1000
TRUST    : acc_cmd=0.000 | acc_exec=1.000 | trust=0.003
DECISION : PAUSE
MACHINE  : Machine-2
------------------------------------------------------------
[SEQ 540] [STATIC-BASELINE]
CMD      : G92 | effects={'reset': {'G': 92.0, 'E': 1000.0}}
DECISION : BLOCK
------------------------------------------------------------
[SEQ 540] [IEEE-BASELINE]
SCORE    : anomaly_score=0.000
DECISION : ALLOW
------------------------------------------------------------
[SEQ 541] [LAYER 2]
CMD      : G0 F7200 X165.448 Y119.994
TRUST    : acc_cmd=0.000 | acc_exec=0.000 | trust=0.014
DECISION : PAUSE
MACHINE  : Machine-2
------------------------------------------------------------
[SEQ 541] [STATIC-BASELINE]
CMD      : G0 | effects={'dx': 1.0229999999999961, 'dy': 0.8610000000000042, 'dz': 0.0, 'de': 0.0, 'xy_dist': 1.337105081883993, 'params': {'G': 0.0, 'F': 7200.0, 'X': 165.448, 'Y': 119.994}}
DECISION : ALLOW
------------------------------------------------------------
[SEQ 541] [IEEE-BASELINE]
SCORE    : anomaly_score=0.000
DECISION : ALLOW
------------------------------------------------------------
[SEQ 542] [LAYER 2]
CMD      : M92 E2000
TRUST    : acc_cmd=1.000 | acc_exec=1.000 | trust=0.009
DECISION : PAUSE
MACHINE  : Machine-2
------------------------------------------------------------
[SEQ 542] [STATIC-BASELINE]
CMD      : M92 | effects={'M': 92.0, 'E': 2000.0}
DECISION : BLOCK
------------------------------------------------------------
[SEQ 542] [IEEE-BASELINE]
SCORE    : anomaly_score=0.000
DECISION : ALLOW
------------------------------------------------------------
[SEQ 543] [LAYER 3]
CMD      : M221 S200
TRUST    : acc_cmd=1.000 | acc_exec=1.000 | trust=0.005
DECISION : PAUSE
MACHINE  : Machine-2
------------------------------------------------------------
[SEQ 543] [STATIC-BASELINE]
CMD      : M221 | effects={'M': 221.0, 'S': 200.0}
DECISION : BLOCK
------------------------------------------------------------
[SEQ 543] [IEEE-BASELINE]
SCORE    : anomaly_score=0.000
DECISION : ALLOW
------------------------------------------------------------
[SEQ 544] [LAYER 3]
CMD      : M92 E2000
TRUST    : acc_cmd=1.000 | acc_exec=1.000 | trust=0.003
DECISION : PAUSE
MACHINE  : Machine-2
------------------------------------------------------------
[SEQ 544] [STATIC-BASELINE]
CMD      : M92 | effects={'M': 92.0, 'E': 2000.0}
DECISION : BLOCK
------------------------------------------------------------
[SEQ 544] [IEEE-BASELINE]
SCORE    : anomaly_score=0.000
DECISION : ALLOW
------------------------------------------------------------
[SEQ 545] [LAYER 3]
CMD      : G92 E1000
TRUST    : acc_cmd=0.000 | acc_exec=1.000 | trust=0.002
DECISION : PAUSE
MACHINE  : Machine-2
------------------------------------------------------------
[SEQ 545] [STATIC-BASELINE]
CMD      : G92 | effects={'reset': {'G': 92.0, 'E': 1000.0}}
DECISION : BLOCK
------------------------------------------------------------
[SEQ 545] [IEEE-BASELINE]
SCORE    : anomaly_score=0.000
DECISION : ALLOW
------------------------------------------------------------
[SEQ 546] [LAYER 3]
CMD      : M221 S200
TRUST    : acc_cmd=1.000 | acc_exec=1.000 | trust=0.001
DECISION : PAUSE
MACHINE  : Machine-2
------------------------------------------------------------
[SEQ 546] [STATIC-BASELINE]
CMD      : M221 | effects={'M': 221.0, 'S': 200.0}
DECISION : BLOCK
------------------------------------------------------------
[SEQ 546] [IEEE-BASELINE]
SCORE    : anomaly_score=0.000
DECISION : ALLOW
------------------------------------------------------------
[SEQ 547] [LAYER 3]
CMD      : M221 S200
TRUST    : acc_cmd=1.000 | acc_exec=1.000 | trust=0.001
DECISION : PAUSE
MACHINE  : Machine-2
------------------------------------------------------------
[SEQ 547] [STATIC-BASELINE]
CMD      : M221 | effects={'M': 221.0, 'S': 200.0}
DECISION : BLOCK
------------------------------------------------------------
[SEQ 547] [IEEE-BASELINE]
SCORE    : anomaly_score=0.000
DECISION : ALLOW
------------------------------------------------------------
[SEQ 548] [LAYER 3]
CMD      : M92 E2000
TRUST    : acc_cmd=1.000 | acc_exec=1.000 | trust=0.001
DECISION : PAUSE
MACHINE  : Machine-2
------------------------------------------------------------
[SEQ 548] [STATIC-BASELINE]
CMD      : M92 | effects={'M': 92.0, 'E': 2000.0}
DECISION : BLOCK
------------------------------------------------------------
[SEQ 548] [IEEE-BASELINE]
SCORE    : anomaly_score=0.000
DECISION : ALLOW
------------------------------------------------------------
[SEQ 549] [LAYER 3]
CMD      : M92 E2000
TRUST    : acc_cmd=1.000 | acc_exec=1.000 | trust=0.001
DECISION : PAUSE
MACHINE  : Machine-2
------------------------------------------------------------
[SEQ 549] [STATIC-BASELINE]
CMD      : M92 | effects={'M': 92.0, 'E': 2000.0}
DECISION : BLOCK
------------------------------------------------------------
[SEQ 549] [IEEE-BASELINE]
SCORE    : anomaly_score=0.000
DECISION : ALLOW
------------------------------------------------------------
[SEQ 550] [LAYER 3]
CMD      : G1 X165.448 Y119.994 E11.82659
TRUST    : acc_cmd=0.000 | acc_exec=1.000 | trust=0.001
DECISION : PAUSE
MACHINE  : Machine-2
------------------------------------------------------------
[SEQ 550] [STATIC-BASELINE]
CMD      : G1 | effects={'dx': 0.0, 'dy': 0.0, 'dz': 0.0, 'de': -988.17341, 'xy_dist': 0.0, 'params': {'G': 1.0, 'X': 165.448, 'Y': 119.994, 'E': 11.82659}}
DECISION : ALLOW
------------------------------------------------------------
[SEQ 550] [IEEE-BASELINE]
SCORE    : anomaly_score=0.000
DECISION : ALLOW
------------------------------------------------------------
[SEQ 551] [LAYER 3]
CMD      : G92 E1000
TRUST    : acc_cmd=0.000 | acc_exec=1.000 | trust=0.001
DECISION : PAUSE
MACHINE  : Machine-2
------------------------------------------------------------
[SEQ 551] [STATIC-BASELINE]
CMD      : G92 | effects={'reset': {'G': 92.0, 'E': 1000.0}}
DECISION : BLOCK
------------------------------------------------------------
[SEQ 551] [IEEE-BASELINE]
SCORE    : anomaly_score=0.000
DECISION : ALLOW
------------------------------------------------------------
[SEQ 552] [LAYER 3]
CMD      : M221 S200
TRUST    : acc_cmd=1.000 | acc_exec=1.000 | trust=0.001
DECISION : PAUSE
MACHINE  : Machine-2
------------------------------------------------------------
[SEQ 552] [STATIC-BASELINE]
CMD      : M221 | effects={'M': 221.0, 'S': 200.0}
DECISION : BLOCK
------------------------------------------------------------
[SEQ 552] [IEEE-BASELINE]
SCORE    : anomaly_score=0.000
DECISION : ALLOW
------------------------------------------------------------
[SEQ 553] [LAYER 3]
CMD      : G92 E1000
TRUST    : acc_cmd=0.000 | acc_exec=1.000 | trust=0.001
DECISION : PAUSE
MACHINE  : Machine-2
------------------------------------------------------------
[SEQ 553] [STATIC-BASELINE]
CMD      : G92 | effects={'reset': {'G': 92.0, 'E': 1000.0}}
DECISION : BLOCK
------------------------------------------------------------
[SEQ 553] [IEEE-BASELINE]
SCORE    : anomaly_score=0.000
DECISION : ALLOW
------------------------------------------------------------
[SEQ 554] [LAYER 3]
CMD      : M92 E2000
TRUST    : acc_cmd=1.000 | acc_exec=1.000 | trust=0.001
DECISION : PAUSE
MACHINE  : Machine-2
------------------------------------------------------------
[SEQ 554] [STATIC-BASELINE]
CMD      : M92 | effects={'M': 92.0, 'E': 2000.0}
DECISION : BLOCK
------------------------------------------------------------
[SEQ 554] [IEEE-BASELINE]
SCORE    : anomaly_score=0.000
DECISION : ALLOW
------------------------------------------------------------
[SEQ 555] [LAYER 3]
CMD      : M221 S200
TRUST    : acc_cmd=1.000 | acc_exec=1.000 | trust=0.001
DECISION : PAUSE
MACHINE  : Machine-2
------------------------------------------------------------
[SEQ 555] [STATIC-BASELINE]
CMD      : M221 | effects={'M': 221.0, 'S': 200.0}
DECISION : BLOCK
------------------------------------------------------------
[SEQ 555] [IEEE-BASELINE]
SCORE    : anomaly_score=0.000
DECISION : ALLOW
------------------------------------------------------------
[SEQ 556] [LAYER 4]
CMD      : M92 E2000
TRUST    : acc_cmd=1.000 | acc_exec=1.000 | trust=0.001
DECISION : PAUSE
MACHINE  : Machine-2
------------------------------------------------------------
[SEQ 556] [STATIC-BASELINE]
CMD      : M92 | effects={'M': 92.0, 'E': 2000.0}
DECISION : BLOCK
------------------------------------------------------------
[SEQ 556] [IEEE-BASELINE]
SCORE    : anomaly_score=0.000
DECISION : ALLOW
------------------------------------------------------------
[SEQ 557] [LAYER 4]
CMD      : M104 S0
TRUST    : acc_cmd=0.000 | acc_exec=0.000 | trust=0.007
DECISION : PAUSE
MACHINE  : Machine-2
------------------------------------------------------------
[SEQ 557] [STATIC-BASELINE]
CMD      : M104 | effects={'M': 104.0, 'S': 0.0, 'prev_temp': 0.0}
DECISION : ALLOW
------------------------------------------------------------
[SEQ 557] [IEEE-BASELINE]
SCORE    : anomaly_score=0.000
DECISION : ALLOW
------------------------------------------------------------
[SEQ 558] [LAYER 4]
CMD      : M221 S200
TRUST    : acc_cmd=1.000 | acc_exec=1.000 | trust=0.005
DECISION : PAUSE
MACHINE  : Machine-2
------------------------------------------------------------
[SEQ 558] [STATIC-BASELINE]
CMD      : M221 | effects={'M': 221.0, 'S': 200.0}
DECISION : BLOCK
------------------------------------------------------------
[SEQ 558] [IEEE-BASELINE]
SCORE    : anomaly_score=0.000
DECISION : ALLOW
------------------------------------------------------------
[SEQ 559] [LAYER 4]
CMD      : G0 F7200 X163.899 Y118.77
TRUST    : acc_cmd=0.000 | acc_exec=0.000 | trust=0.022
DECISION : PAUSE
MACHINE  : Machine-2
------------------------------------------------------------
[SEQ 559] [STATIC-BASELINE]
CMD      : G0 | effects={'dx': -1.5490000000000066, 'dy': -1.2240000000000038, 'dz': 0.0, 'de': 0.0, 'xy_dist': 1.9742282036279468, 'params': {'G': 0.0, 'F': 7200.0, 'X': 163.899, 'Y': 118.77}}
DECISION : ALLOW
------------------------------------------------------------
[SEQ 559] [IEEE-BASELINE]
SCORE    : anomaly_score=0.000
DECISION : ALLOW
------------------------------------------------------------
[SEQ 560] [LAYER 4]
CMD      : M221 S200
TRUST    : acc_cmd=1.000 | acc_exec=1.000 | trust=0.012
DECISION : PAUSE
MACHINE  : Machine-2
------------------------------------------------------------
[SEQ 560] [STATIC-BASELINE]
CMD      : M221 | effects={'M': 221.0, 'S': 200.0}
DECISION : BLOCK
------------------------------------------------------------
[SEQ 560] [IEEE-BASELINE]
SCORE    : anomaly_score=0.000
DECISION : ALLOW
------------------------------------------------------------
[SEQ 561] [LAYER 4]
CMD      : M92 E2000
TRUST    : acc_cmd=1.000 | acc_exec=1.000 | trust=0.006
DECISION : PAUSE
MACHINE  : Machine-2
------------------------------------------------------------
[SEQ 561] [STATIC-BASELINE]
CMD      : M92 | effects={'M': 92.0, 'E': 2000.0}
DECISION : BLOCK
------------------------------------------------------------
[SEQ 561] [IEEE-BASELINE]
SCORE    : anomaly_score=0.000
DECISION : ALLOW
------------------------------------------------------------
[SEQ 562] [LAYER 5]
CMD      : M221 S200
TRUST    : acc_cmd=1.000 | acc_exec=1.000 | trust=0.003
DECISION : PAUSE
MACHINE  : Machine-2
------------------------------------------------------------
[SEQ 562] [STATIC-BASELINE]
CMD      : M221 | effects={'M': 221.0, 'S': 200.0}
DECISION : BLOCK
------------------------------------------------------------
[SEQ 562] [IEEE-BASELINE]
SCORE    : anomaly_score=0.000
DECISION : ALLOW
------------------------------------------------------------
[SEQ 563] [LAYER 5]
CMD      : M221 S200
TRUST    : acc_cmd=1.000 | acc_exec=1.000 | trust=0.002
DECISION : PAUSE
MACHINE  : Machine-2
------------------------------------------------------------
[SEQ 563] [STATIC-BASELINE]
CMD      : M221 | effects={'M': 221.0, 'S': 200.0}
DECISION : BLOCK
------------------------------------------------------------
[SEQ 563] [IEEE-BASELINE]
SCORE    : anomaly_score=0.000
DECISION : ALLOW
------------------------------------------------------------
[SEQ 564] [LAYER 5]
CMD      : G92 E1000
TRUST    : acc_cmd=0.000 | acc_exec=1.000 | trust=0.001
DECISION : PAUSE
MACHINE  : Machine-2
------------------------------------------------------------
[SEQ 564] [STATIC-BASELINE]
CMD      : G92 | effects={'reset': {'G': 92.0, 'E': 1000.0}}
DECISION : BLOCK
------------------------------------------------------------
[SEQ 564] [IEEE-BASELINE]
SCORE    : anomaly_score=0.000
DECISION : ALLOW
------------------------------------------------------------
[SEQ 565] [LAYER 5]
CMD      : M221 S200
TRUST    : acc_cmd=1.000 | acc_exec=1.000 | trust=0.001
DECISION : PAUSE
MACHINE  : Machine-2
------------------------------------------------------------
[SEQ 565] [STATIC-BASELINE]
CMD      : M221 | effects={'M': 221.0, 'S': 200.0}
DECISION : BLOCK
------------------------------------------------------------
[SEQ 565] [IEEE-BASELINE]
SCORE    : anomaly_score=0.000
DECISION : ALLOW
------------------------------------------------------------
[SEQ 566] [LAYER 5]
CMD      : M221 S200
TRUST    : acc_cmd=1.000 | acc_exec=1.000 | trust=0.001
DECISION : PAUSE
MACHINE  : Machine-2
------------------------------------------------------------
[SEQ 566] [STATIC-BASELINE]
CMD      : M221 | effects={'M': 221.0, 'S': 200.0}
DECISION : BLOCK
------------------------------------------------------------
[SEQ 566] [IEEE-BASELINE]
SCORE    : anomaly_score=0.000
DECISION : ALLOW
------------------------------------------------------------
[SEQ 567] [LAYER 5]
CMD      : M221 S200
TRUST    : acc_cmd=1.000 | acc_exec=1.000 | trust=0.001
DECISION : PAUSE
MACHINE  : Machine-2
------------------------------------------------------------
[SEQ 567] [STATIC-BASELINE]
CMD      : M221 | effects={'M': 221.0, 'S': 200.0}
DECISION : BLOCK
------------------------------------------------------------
[SEQ 567] [IEEE-BASELINE]
SCORE    : anomaly_score=0.000
DECISION : ALLOW
------------------------------------------------------------
[SEQ 568] [LAYER 5]
CMD      : M221 S200
TRUST    : acc_cmd=1.000 | acc_exec=1.000 | trust=0.001
DECISION : PAUSE
MACHINE  : Machine-2
------------------------------------------------------------
[SEQ 568] [STATIC-BASELINE]
CMD      : M221 | effects={'M': 221.0, 'S': 200.0}
DECISION : BLOCK
------------------------------------------------------------
[SEQ 568] [IEEE-BASELINE]
SCORE    : anomaly_score=0.000
DECISION : ALLOW
------------------------------------------------------------
[SEQ 569] [LAYER 5]
CMD      : G1 X164.436 Y119.268 E11.82741
TRUST    : acc_cmd=0.000 | acc_exec=1.000 | trust=0.001
DECISION : PAUSE
MACHINE  : Machine-2
------------------------------------------------------------
[SEQ 569] [STATIC-BASELINE]
CMD      : G1 | effects={'dx': 0.5370000000000061, 'dy': 0.49800000000000466, 'dz': 0.0, 'de': -988.17259, 'xy_dist': 0.732374903993857, 'params': {'G': 1.0, 'X': 164.436, 'Y': 119.268, 'E': 11.82741}}
DECISION : ALLOW
------------------------------------------------------------
[SEQ 569] [IEEE-BASELINE]
SCORE    : anomaly_score=0.000
DECISION : ALLOW
------------------------------------------------------------
[SEQ 570] [LAYER 5]
CMD      : M92 E2000
TRUST    : acc_cmd=1.000 | acc_exec=1.000 | trust=0.001
DECISION : PAUSE
MACHINE  : Machine-2
------------------------------------------------------------
[SEQ 570] [STATIC-BASELINE]
CMD      : M92 | effects={'M': 92.0, 'E': 2000.0}
DECISION : BLOCK
------------------------------------------------------------
[SEQ 570] [IEEE-BASELINE]
SCORE    : anomaly_score=0.000
DECISION : ALLOW
------------------------------------------------------------
[SEQ 571] [LAYER 5]
CMD      : G92 E1000
TRUST    : acc_cmd=0.000 | acc_exec=1.000 | trust=0.001
DECISION : PAUSE
MACHINE  : Machine-2
------------------------------------------------------------
[SEQ 571] [STATIC-BASELINE]
CMD      : G92 | effects={'reset': {'G': 92.0, 'E': 1000.0}}
DECISION : BLOCK
------------------------------------------------------------
[SEQ 571] [IEEE-BASELINE]
SCORE    : anomaly_score=0.000
DECISION : ALLOW
------------------------------------------------------------
[SEQ 572] [LAYER 5]
CMD      : M92 E2000
TRUST    : acc_cmd=1.000 | acc_exec=1.000 | trust=0.001
DECISION : PAUSE
MACHINE  : Machine-2
------------------------------------------------------------
[SEQ 572] [STATIC-BASELINE]
CMD      : M92 | effects={'M': 92.0, 'E': 2000.0}
DECISION : BLOCK
------------------------------------------------------------
[SEQ 572] [IEEE-BASELINE]
SCORE    : anomaly_score=0.000
DECISION : ALLOW
------------------------------------------------------------
[SEQ 573] [LAYER 5]
CMD      : M92 E2000
TRUST    : acc_cmd=1.000 | acc_exec=1.000 | trust=0.001
DECISION : PAUSE
MACHINE  : Machine-2
------------------------------------------------------------
[SEQ 573] [STATIC-BASELINE]
CMD      : M92 | effects={'M': 92.0, 'E': 2000.0}
DECISION : BLOCK
------------------------------------------------------------
[SEQ 573] [IEEE-BASELINE]
SCORE    : anomaly_score=0.000
DECISION : ALLOW
------------------------------------------------------------
[SEQ 574] [LAYER 6]
CMD      : M92 E2000
TRUST    : acc_cmd=1.000 | acc_exec=1.000 | trust=0.001
DECISION : PAUSE
MACHINE  : Machine-2
------------------------------------------------------------
[SEQ 574] [STATIC-BASELINE]
CMD      : M92 | effects={'M': 92.0, 'E': 2000.0}
DECISION : BLOCK
------------------------------------------------------------
[SEQ 574] [IEEE-BASELINE]
SCORE    : anomaly_score=0.000
DECISION : ALLOW
------------------------------------------------------------
[SEQ 575] [LAYER 6]
CMD      : ;note -- min layer time used
TRUST    : acc_cmd=0.000 | acc_exec=0.000 | trust=0.007
DECISION : PAUSE
MACHINE  : Machine-2
------------------------------------------------------------
[SEQ 575] [STATIC-BASELINE]
CMD      : None | effects={}
DECISION : ALLOW
------------------------------------------------------------
[SEQ 575] [IEEE-BASELINE]
SCORE    : anomaly_score=0.000
DECISION : ALLOW
------------------------------------------------------------
[SEQ 576] [LAYER 6]
CMD      : M221 S200
TRUST    : acc_cmd=1.000 | acc_exec=1.000 | trust=0.005
DECISION : PAUSE
MACHINE  : Machine-2
------------------------------------------------------------
[SEQ 576] [STATIC-BASELINE]
CMD      : M221 | effects={'M': 221.0, 'S': 200.0}
DECISION : BLOCK
------------------------------------------------------------
[SEQ 576] [IEEE-BASELINE]
SCORE    : anomaly_score=0.000
DECISION : ALLOW
------------------------------------------------------------
[SEQ 577] [LAYER 6]
CMD      : G92 E1000
TRUST    : acc_cmd=0.000 | acc_exec=1.000 | trust=0.003
DECISION : PAUSE
MACHINE  : Machine-2
------------------------------------------------------------
[SEQ 577] [STATIC-BASELINE]
CMD      : G92 | effects={'reset': {'G': 92.0, 'E': 1000.0}}
DECISION : BLOCK
------------------------------------------------------------
[SEQ 577] [IEEE-BASELINE]
SCORE    : anomaly_score=0.000
DECISION : ALLOW
------------------------------------------------------------
[SEQ 578] [LAYER 6]
CMD      : M221 S200
TRUST    : acc_cmd=1.000 | acc_exec=1.000 | trust=0.002
DECISION : PAUSE
MACHINE  : Machine-2
------------------------------------------------------------
[SEQ 578] [STATIC-BASELINE]
CMD      : M221 | effects={'M': 221.0, 'S': 200.0}
DECISION : BLOCK
------------------------------------------------------------
[SEQ 578] [IEEE-BASELINE]
SCORE    : anomaly_score=0.000
DECISION : ALLOW
------------------------------------------------------------
[SEQ 579] [LAYER 6]
CMD      : M92 E2000
TRUST    : acc_cmd=1.000 | acc_exec=1.000 | trust=0.001
DECISION : PAUSE
MACHINE  : Machine-2
------------------------------------------------------------
[SEQ 579] [STATIC-BASELINE]
CMD      : M92 | effects={'M': 92.0, 'E': 2000.0}
DECISION : BLOCK
------------------------------------------------------------
[SEQ 579] [IEEE-BASELINE]
SCORE    : anomaly_score=0.000
DECISION : ALLOW
------------------------------------------------------------
[SEQ 580] [LAYER 6]
CMD      : M221 S200
TRUST    : acc_cmd=1.000 | acc_exec=1.000 | trust=0.001
DECISION : PAUSE
MACHINE  : Machine-2
------------------------------------------------------------
[SEQ 580] [STATIC-BASELINE]
CMD      : M221 | effects={'M': 221.0, 'S': 200.0}
DECISION : BLOCK
------------------------------------------------------------
[SEQ 580] [IEEE-BASELINE]
SCORE    : anomaly_score=0.000
DECISION : ALLOW
------------------------------------------------------------
[SEQ 581] [LAYER 6]
CMD      : M221 S200
TRUST    : acc_cmd=1.000 | acc_exec=1.000 | trust=0.001
DECISION : PAUSE
MACHINE  : Machine-2
------------------------------------------------------------
[SEQ 581] [STATIC-BASELINE]
CMD      : M221 | effects={'M': 221.0, 'S': 200.0}
DECISION : BLOCK
------------------------------------------------------------
[SEQ 581] [IEEE-BASELINE]
SCORE    : anomaly_score=0.000
DECISION : ALLOW
------------------------------------------------------------
[SEQ 582] [LAYER 6]
CMD      : M221 S200
TRUST    : acc_cmd=1.000 | acc_exec=1.000 | trust=0.001
DECISION : PAUSE
MACHINE  : Machine-2
------------------------------------------------------------
[SEQ 582] [STATIC-BASELINE]
CMD      : M221 | effects={'M': 221.0, 'S': 200.0}
DECISION : BLOCK
------------------------------------------------------------
[SEQ 582] [IEEE-BASELINE]
SCORE    : anomaly_score=0.000
DECISION : ALLOW
------------------------------------------------------------
[SEQ 583] [LAYER 6]
CMD      : M92 E2000
TRUST    : acc_cmd=1.000 | acc_exec=1.000 | trust=0.001
DECISION : PAUSE
MACHINE  : Machine-2
------------------------------------------------------------
[SEQ 583] [STATIC-BASELINE]
CMD      : M92 | effects={'M': 92.0, 'E': 2000.0}
DECISION : BLOCK
------------------------------------------------------------
[SEQ 583] [IEEE-BASELINE]
SCORE    : anomaly_score=0.000
DECISION : ALLOW
------------------------------------------------------------
[SEQ 584] [LAYER 6]
CMD      : M221 S200
TRUST    : acc_cmd=1.000 | acc_exec=1.000 | trust=0.001
DECISION : PAUSE
MACHINE  : Machine-2
------------------------------------------------------------
[SEQ 584] [STATIC-BASELINE]
CMD      : M221 | effects={'M': 221.0, 'S': 200.0}
DECISION : BLOCK
------------------------------------------------------------
[SEQ 584] [IEEE-BASELINE]
SCORE    : anomaly_score=0.000
DECISION : ALLOW
------------------------------------------------------------
[SEQ 585] [LAYER 7]
CMD      : M221 S200
TRUST    : acc_cmd=1.000 | acc_exec=1.000 | trust=0.001
DECISION : PAUSE
MACHINE  : Machine-2
------------------------------------------------------------
[SEQ 585] [STATIC-BASELINE]
CMD      : M221 | effects={'M': 221.0, 'S': 200.0}
DECISION : BLOCK
------------------------------------------------------------
[SEQ 585] [IEEE-BASELINE]
SCORE    : anomaly_score=0.000
DECISION : ALLOW
------------------------------------------------------------
[SEQ 586] [LAYER 7]
CMD      : M92 E2000
TRUST    : acc_cmd=1.000 | acc_exec=1.000 | trust=0.001
DECISION : PAUSE
MACHINE  : Machine-2
------------------------------------------------------------
[SEQ 586] [STATIC-BASELINE]
CMD      : M92 | effects={'M': 92.0, 'E': 2000.0}
DECISION : BLOCK
------------------------------------------------------------
[SEQ 586] [IEEE-BASELINE]
SCORE    : anomaly_score=0.000
DECISION : ALLOW
------------------------------------------------------------
[SEQ 587] [LAYER 7]
CMD      : M92 E2000
TRUST    : acc_cmd=1.000 | acc_exec=1.000 | trust=0.001
DECISION : PAUSE
MACHINE  : Machine-2
------------------------------------------------------------
[SEQ 587] [STATIC-BASELINE]
CMD      : M92 | effects={'M': 92.0, 'E': 2000.0}
DECISION : BLOCK
------------------------------------------------------------
[SEQ 587] [IEEE-BASELINE]
SCORE    : anomaly_score=0.000
DECISION : ALLOW
------------------------------------------------------------
[SEQ 588] [LAYER 7]
CMD      : M92 E2000
TRUST    : acc_cmd=1.000 | acc_exec=1.000 | trust=0.001
DECISION : PAUSE
MACHINE  : Machine-2
------------------------------------------------------------
[SEQ 588] [STATIC-BASELINE]
CMD      : M92 | effects={'M': 92.0, 'E': 2000.0}
DECISION : BLOCK
------------------------------------------------------------
[SEQ 588] [IEEE-BASELINE]
SCORE    : anomaly_score=0.000
DECISION : ALLOW
------------------------------------------------------------
[SEQ 589] [LAYER 7]
CMD      : M92 E2000
TRUST    : acc_cmd=1.000 | acc_exec=1.000 | trust=0.001
DECISION : PAUSE
MACHINE  : Machine-2
------------------------------------------------------------
[SEQ 589] [STATIC-BASELINE]
CMD      : M92 | effects={'M': 92.0, 'E': 2000.0}
DECISION : BLOCK
------------------------------------------------------------
[SEQ 589] [IEEE-BASELINE]
SCORE    : anomaly_score=0.000
DECISION : ALLOW
------------------------------------------------------------
[SEQ 590] [LAYER 7]
CMD      : G92 E1000
TRUST    : acc_cmd=0.000 | acc_exec=1.000 | trust=0.001
DECISION : PAUSE
MACHINE  : Machine-2
------------------------------------------------------------
[SEQ 590] [STATIC-BASELINE]
CMD      : G92 | effects={'reset': {'G': 92.0, 'E': 1000.0}}
DECISION : BLOCK
------------------------------------------------------------
[SEQ 590] [IEEE-BASELINE]
SCORE    : anomaly_score=0.000
DECISION : ALLOW
------------------------------------------------------------
[SEQ 591] [LAYER 7]
CMD      : G1 X164.335 Y119.077 E11.83029
TRUST    : acc_cmd=0.000 | acc_exec=1.000 | trust=0.001
DECISION : PAUSE
MACHINE  : Machine-2
------------------------------------------------------------
[SEQ 591] [STATIC-BASELINE]
CMD      : G1 | effects={'dx': -0.10099999999999909, 'dy': -0.1910000000000025, 'dz': 0.0, 'de': -988.16971, 'xy_dist': 0.21606017680266942, 'params': {'G': 1.0, 'X': 164.335, 'Y': 119.077, 'E': 11.83029}}
DECISION : ALLOW
------------------------------------------------------------
[SEQ 591] [IEEE-BASELINE]
SCORE    : anomaly_score=0.000
DECISION : ALLOW
------------------------------------------------------------
[SEQ 592] [LAYER 7]
CMD      : M92 E2000
TRUST    : acc_cmd=1.000 | acc_exec=1.000 | trust=0.001
DECISION : PAUSE
MACHINE  : Machine-2
------------------------------------------------------------
[SEQ 592] [STATIC-BASELINE]
CMD      : M92 | effects={'M': 92.0, 'E': 2000.0}
DECISION : BLOCK
------------------------------------------------------------
[SEQ 592] [IEEE-BASELINE]
SCORE    : anomaly_score=0.000
DECISION : ALLOW
------------------------------------------------------------
[SEQ 593] [LAYER 7]
CMD      : G1 F1500 E5.33114
TRUST    : acc_cmd=0.000 | acc_exec=0.000 | trust=0.007
DECISION : PAUSE
MACHINE  : Machine-2
------------------------------------------------------------
[SEQ 593] [STATIC-BASELINE]
CMD      : G1 | effects={'dx': 0.0, 'dy': 0.0, 'dz': 0.0, 'de': -6.499149999999999, 'xy_dist': 0.0, 'params': {'G': 1.0, 'F': 1500.0, 'E': 5.33114}}
DECISION : ALLOW
------------------------------------------------------------
[SEQ 593] [IEEE-BASELINE]
SCORE    : anomaly_score=0.000
DECISION : ALLOW
------------------------------------------------------------
[SEQ 594] [LAYER 7]
CMD      : ;MESH:NONMESH
TRUST    : acc_cmd=0.000 | acc_exec=0.000 | trust=0.043
DECISION : PAUSE
MACHINE  : Machine-2
------------------------------------------------------------
[SEQ 594] [STATIC-BASELINE]
CMD      : None | effects={}
DECISION : ALLOW
------------------------------------------------------------
[SEQ 594] [IEEE-BASELINE]
SCORE    : anomaly_score=0.000
DECISION : ALLOW
------------------------------------------------------------
[SEQ 595] [LAYER 7]
CMD      : M92 E2000
TRUST    : acc_cmd=1.000 | acc_exec=1.000 | trust=0.023
DECISION : PAUSE
MACHINE  : Machine-2
------------------------------------------------------------
[SEQ 595] [STATIC-BASELINE]
CMD      : M92 | effects={'M': 92.0, 'E': 2000.0}
DECISION : BLOCK
------------------------------------------------------------
[SEQ 595] [IEEE-BASELINE]
SCORE    : anomaly_score=0.000
DECISION : ALLOW
------------------------------------------------------------
[SEQ 596] [LAYER 7]
CMD      : G92 E1000
TRUST    : acc_cmd=0.000 | acc_exec=1.000 | trust=0.011
DECISION : PAUSE
MACHINE  : Machine-2
------------------------------------------------------------
[SEQ 596] [STATIC-BASELINE]
CMD      : G92 | effects={'reset': {'G': 92.0, 'E': 1000.0}}
DECISION : BLOCK
------------------------------------------------------------
[SEQ 596] [IEEE-BASELINE]
SCORE    : anomaly_score=0.000
DECISION : ALLOW
------------------------------------------------------------
[SEQ 597] [LAYER 7]
CMD      : M221 S200
TRUST    : acc_cmd=1.000 | acc_exec=1.000 | trust=0.005
DECISION : PAUSE
MACHINE  : Machine-2
------------------------------------------------------------
[SEQ 597] [STATIC-BASELINE]
CMD      : M221 | effects={'M': 221.0, 'S': 200.0}
DECISION : BLOCK
------------------------------------------------------------
[SEQ 597] [IEEE-BASELINE]
SCORE    : anomaly_score=0.000
DECISION : ALLOW
------------------------------------------------------------
[SEQ 598] [LAYER 7]
CMD      : M221 S200
TRUST    : acc_cmd=1.000 | acc_exec=1.000 | trust=0.003
DECISION : PAUSE
MACHINE  : Machine-2
------------------------------------------------------------
[SEQ 598] [STATIC-BASELINE]
CMD      : M221 | effects={'M': 221.0, 'S': 200.0}
DECISION : BLOCK
------------------------------------------------------------
[SEQ 598] [IEEE-BASELINE]
SCORE    : anomaly_score=0.000
DECISION : ALLOW
------------------------------------------------------------
[SEQ 599] [LAYER 8]
CMD      : M221 S200
TRUST    : acc_cmd=1.000 | acc_exec=1.000 | trust=0.002
DECISION : PAUSE
MACHINE  : Machine-2
------------------------------------------------------------
[SEQ 599] [STATIC-BASELINE]
CMD      : M221 | effects={'M': 221.0, 'S': 200.0}
DECISION : BLOCK
------------------------------------------------------------
[SEQ 599] [IEEE-BASELINE]
SCORE    : anomaly_score=0.000
DECISION : ALLOW
------------------------------------------------------------
[SEQ 600] [LAYER 8]
CMD      : G92 E1000
TRUST    : acc_cmd=0.000 | acc_exec=1.000 | trust=0.001
DECISION : PAUSE
MACHINE  : Machine-2
------------------------------------------------------------
[SEQ 600] [STATIC-BASELINE]
CMD      : G92 | effects={'reset': {'G': 92.0, 'E': 1000.0}}
DECISION : BLOCK
------------------------------------------------------------
[SEQ 600] [IEEE-BASELINE]
SCORE    : anomaly_score=0.000
DECISION : ALLOW
------------------------------------------------------------
[SEQ 601] [LAYER 8]
CMD      : M140 S0
TRUST    : acc_cmd=0.000 | acc_exec=0.000 | trust=0.008
DECISION : PAUSE
MACHINE  : Machine-2
------------------------------------------------------------
[SEQ 601] [STATIC-BASELINE]
CMD      : M140 | effects={'M': 140.0, 'S': 0.0}
DECISION : ALLOW
------------------------------------------------------------
[SEQ 601] [IEEE-BASELINE]
SCORE    : anomaly_score=0.000
DECISION : ALLOW
------------------------------------------------------------
[SEQ 602] [LAYER 8]
CMD      : M107
TRUST    : acc_cmd=0.000 | acc_exec=0.000 | trust=0.047
DECISION : PAUSE
MACHINE  : Machine-2
------------------------------------------------------------
[SEQ 602] [STATIC-BASELINE]
CMD      : M107 | effects={'M': 107.0}
DECISION : ALLOW
------------------------------------------------------------
[SEQ 602] [IEEE-BASELINE]
SCORE    : anomaly_score=0.000
DECISION : ALLOW
------------------------------------------------------------
[SEQ 603] [LAYER 8]
CMD      : M221 S200
TRUST    : acc_cmd=1.000 | acc_exec=1.000 | trust=0.025
DECISION : PAUSE
MACHINE  : Machine-2
------------------------------------------------------------
[SEQ 603] [STATIC-BASELINE]
CMD      : M221 | effects={'M': 221.0, 'S': 200.0}
DECISION : BLOCK
------------------------------------------------------------
[SEQ 603] [IEEE-BASELINE]
SCORE    : anomaly_score=0.000
DECISION : ALLOW
------------------------------------------------------------
[SEQ 604] [LAYER 8]
CMD      : M92 E2000
TRUST    : acc_cmd=1.000 | acc_exec=1.000 | trust=0.012
DECISION : PAUSE
MACHINE  : Machine-2
------------------------------------------------------------
[SEQ 604] [STATIC-BASELINE]
CMD      : M92 | effects={'M': 92.0, 'E': 2000.0}
DECISION : BLOCK
------------------------------------------------------------
[SEQ 604] [IEEE-BASELINE]
SCORE    : anomaly_score=0.000
DECISION : ALLOW
------------------------------------------------------------
[SEQ 605] [LAYER 8]
CMD      : M221 S200
TRUST    : acc_cmd=1.000 | acc_exec=1.000 | trust=0.006
DECISION : PAUSE
MACHINE  : Machine-2
------------------------------------------------------------
[SEQ 605] [STATIC-BASELINE]
CMD      : M221 | effects={'M': 221.0, 'S': 200.0}
DECISION : BLOCK
------------------------------------------------------------
[SEQ 605] [IEEE-BASELINE]
SCORE    : anomaly_score=0.000
DECISION : ALLOW
------------------------------------------------------------
[SEQ 606] [LAYER 8]
CMD      : M104 T1 S0
TRUST    : acc_cmd=0.000 | acc_exec=0.000 | trust=0.015
DECISION : PAUSE
MACHINE  : Machine-2
------------------------------------------------------------
[SEQ 606] [STATIC-BASELINE]
CMD      : M104 | effects={'M': 104.0, 'T': 1.0, 'S': 0.0, 'prev_temp': 0.0}
DECISION : ALLOW
------------------------------------------------------------
[SEQ 606] [IEEE-BASELINE]
SCORE    : anomaly_score=0.000
DECISION : ALLOW
------------------------------------------------------------
[SEQ 607] [LAYER 8]
CMD      : M221 S200
TRUST    : acc_cmd=1.000 | acc_exec=1.000 | trust=0.009
DECISION : PAUSE
MACHINE  : Machine-2
------------------------------------------------------------
[SEQ 607] [STATIC-BASELINE]
CMD      : M221 | effects={'M': 221.0, 'S': 200.0}
DECISION : BLOCK
------------------------------------------------------------
[SEQ 607] [IEEE-BASELINE]
SCORE    : anomaly_score=0.000
DECISION : ALLOW
------------------------------------------------------------

============================================================
DT-2 FINISHED
FINAL TRUST: 0.009
END TIME  : 2026-04-16 21:19:29.092964
============================================================
