============================================================
DT-2 SIMULATION LOG
START TIME: 2026-04-16 21:20:12.851402
============================================================

[SEQ 0] [LAYER INIT]
CMD      : M221 S200
TRUST    : acc_cmd=0.000 | acc_exec=1.000 | trust=0.330
DECISION : PAUSE
MACHINE  : Machine-2
------------------------------------------------------------
[SEQ 0] [STATIC-BASELINE]
CMD      : M221 | effects={'M': 221.0, 'S': 200.0}
DECISION : BLOCK
------------------------------------------------------------
[SEQ 0] [IEEE-BASELINE]
SCORE    : anomaly_score=0.000
DECISION : ALLOW
------------------------------------------------------------
[SEQ 1] [LAYER INIT]
CMD      : M221 S200
TRUST    : acc_cmd=0.000 | acc_exec=1.000 | trust=0.137
DECISION : PAUSE
MACHINE  : Machine-2
------------------------------------------------------------
[SEQ 1] [STATIC-BASELINE]
CMD      : M221 | effects={'M': 221.0, 'S': 200.0}
DECISION : BLOCK
------------------------------------------------------------
[SEQ 1] [IEEE-BASELINE]
SCORE    : anomaly_score=0.000
DECISION : ALLOW
------------------------------------------------------------
[SEQ 2] [LAYER INIT]
CMD      : M221 S200
TRUST    : acc_cmd=0.000 | acc_exec=1.000 | trust=0.056
DECISION : PAUSE
MACHINE  : Machine-2
------------------------------------------------------------
[SEQ 2] [STATIC-BASELINE]
CMD      : M221 | effects={'M': 221.0, 'S': 200.0}
DECISION : BLOCK
------------------------------------------------------------
[SEQ 2] [IEEE-BASELINE]
SCORE    : anomaly_score=0.000
DECISION : ALLOW
------------------------------------------------------------
[SEQ 3] [LAYER INIT]
CMD      : M92 E2000
TRUST    : acc_cmd=0.000 | acc_exec=1.000 | trust=0.023
DECISION : PAUSE
MACHINE  : Machine-2
------------------------------------------------------------
[SEQ 3] [STATIC-BASELINE]
CMD      : M92 | effects={'M': 92.0, 'E': 2000.0}
DECISION : BLOCK
------------------------------------------------------------
[SEQ 3] [IEEE-BASELINE]
SCORE    : anomaly_score=0.000
DECISION : ALLOW
------------------------------------------------------------
[SEQ 4] [LAYER INIT]
CMD      : M221 S200
TRUST    : acc_cmd=0.000 | acc_exec=1.000 | trust=0.010
DECISION : PAUSE
MACHINE  : Machine-2
------------------------------------------------------------
[SEQ 4] [STATIC-BASELINE]
CMD      : M221 | effects={'M': 221.0, 'S': 200.0}
DECISION : BLOCK
------------------------------------------------------------
[SEQ 4] [IEEE-BASELINE]
SCORE    : anomaly_score=0.000
DECISION : ALLOW
------------------------------------------------------------
[SEQ 5] [LAYER INIT]
CMD      : M92 E2000
TRUST    : acc_cmd=0.000 | acc_exec=1.000 | trust=0.004
DECISION : PAUSE
MACHINE  : Machine-2
------------------------------------------------------------
[SEQ 5] [STATIC-BASELINE]
CMD      : M92 | effects={'M': 92.0, 'E': 2000.0}
DECISION : BLOCK
------------------------------------------------------------
[SEQ 5] [IEEE-BASELINE]
SCORE    : anomaly_score=0.000
DECISION : ALLOW
------------------------------------------------------------
[SEQ 6] [LAYER INIT]
CMD      : M221 S200
TRUST    : acc_cmd=0.000 | acc_exec=1.000 | trust=0.002
DECISION : PAUSE
MACHINE  : Machine-2
------------------------------------------------------------
[SEQ 6] [STATIC-BASELINE]
CMD      : M221 | effects={'M': 221.0, 'S': 200.0}
DECISION : BLOCK
------------------------------------------------------------
[SEQ 6] [IEEE-BASELINE]
SCORE    : anomaly_score=0.000
DECISION : ALLOW
------------------------------------------------------------
[SEQ 7] [LAYER INIT]
CMD      : G92 E1000
TRUST    : acc_cmd=0.000 | acc_exec=1.000 | trust=0.001
DECISION : PAUSE
MACHINE  : Machine-2
------------------------------------------------------------
[SEQ 7] [STATIC-BASELINE]
CMD      : G92 | effects={'reset': {'G': 92.0, 'E': 1000.0}}
DECISION : BLOCK
------------------------------------------------------------
[SEQ 7] [IEEE-BASELINE]
SCORE    : anomaly_score=0.000
DECISION : ALLOW
------------------------------------------------------------
[SEQ 8] [LAYER INIT]
CMD      : M92 E2000
TRUST    : acc_cmd=0.000 | acc_exec=1.000 | trust=0.001
DECISION : PAUSE
MACHINE  : Machine-2
------------------------------------------------------------
[SEQ 8] [STATIC-BASELINE]
CMD      : M92 | effects={'M': 92.0, 'E': 2000.0}
DECISION : BLOCK
------------------------------------------------------------
[SEQ 8] [IEEE-BASELINE]
SCORE    : anomaly_score=0.000
DECISION : ALLOW
------------------------------------------------------------
[SEQ 9] [LAYER INIT]
CMD      : M221 S200
TRUST    : acc_cmd=0.000 | acc_exec=1.000 | trust=0.001
DECISION : PAUSE
MACHINE  : Machine-2
------------------------------------------------------------
[SEQ 9] [STATIC-BASELINE]
CMD      : M221 | effects={'M': 221.0, 'S': 200.0}
DECISION : BLOCK
------------------------------------------------------------
[SEQ 9] [IEEE-BASELINE]
SCORE    : anomaly_score=0.000
DECISION : ALLOW
------------------------------------------------------------
[SEQ 10] [LAYER INIT]
CMD      : M92 E2000
TRUST    : acc_cmd=0.000 | acc_exec=1.000 | trust=0.001
DECISION : PAUSE
MACHINE  : Machine-2
------------------------------------------------------------
[SEQ 10] [STATIC-BASELINE]
CMD      : M92 | effects={'M': 92.0, 'E': 2000.0}
DECISION : BLOCK
------------------------------------------------------------
[SEQ 10] [IEEE-BASELINE]
SCORE    : anomaly_score=0.000
DECISION : ALLOW
------------------------------------------------------------
[SEQ 11] [LAYER INIT]
CMD      : G92 E1000
TRUST    : acc_cmd=0.000 | acc_exec=1.000 | trust=0.001
DECISION : PAUSE
MACHINE  : Machine-2
------------------------------------------------------------
[SEQ 11] [STATIC-BASELINE]
CMD      : G92 | effects={'reset': {'G': 92.0, 'E': 1000.0}}
DECISION : BLOCK
------------------------------------------------------------
[SEQ 11] [IEEE-BASELINE]
SCORE    : anomaly_score=0.000
DECISION : ALLOW
------------------------------------------------------------
[SEQ 12] [LAYER INIT]
CMD      : M221 S200
TRUST    : acc_cmd=0.000 | acc_exec=1.000 | trust=0.001
DECISION : PAUSE
MACHINE  : Machine-2
------------------------------------------------------------
[SEQ 12] [STATIC-BASELINE]
CMD      : M221 | effects={'M': 221.0, 'S': 200.0}
DECISION : BLOCK
------------------------------------------------------------
[SEQ 12] [IEEE-BASELINE]
SCORE    : anomaly_score=0.000
DECISION : ALLOW
------------------------------------------------------------
[SEQ 13] [LAYER INIT]
CMD      : G92 E1000
TRUST    : acc_cmd=0.000 | acc_exec=1.000 | trust=0.001
DECISION : PAUSE
MACHINE  : Machine-2
------------------------------------------------------------
[SEQ 13] [STATIC-BASELINE]
CMD      : G92 | effects={'reset': {'G': 92.0, 'E': 1000.0}}
DECISION : BLOCK
------------------------------------------------------------
[SEQ 13] [IEEE-BASELINE]
SCORE    : anomaly_score=0.000
DECISION : ALLOW
------------------------------------------------------------
[SEQ 14] [LAYER INIT]
CMD      : ;PRINT.SIZE.MIN.Y:0
TRUST    : acc_cmd=0.000 | acc_exec=0.000 | trust=0.007
DECISION : PAUSE
MACHINE  : Machine-2
------------------------------------------------------------
[SEQ 14] [STATIC-BASELINE]
CMD      : None | effects={}
DECISION : ALLOW
------------------------------------------------------------
[SEQ 14] [IEEE-BASELINE]
SCORE    : anomaly_score=0.000
DECISION : ALLOW
------------------------------------------------------------
[SEQ 15] [LAYER INIT]
CMD      : M221 S200
TRUST    : acc_cmd=0.000 | acc_exec=1.000 | trust=0.005
DECISION : PAUSE
MACHINE  : Machine-2
------------------------------------------------------------
[SEQ 15] [STATIC-BASELINE]
CMD      : M221 | effects={'M': 221.0, 'S': 200.0}
DECISION : BLOCK
------------------------------------------------------------
[SEQ 15] [IEEE-BASELINE]
SCORE    : anomaly_score=0.000
DECISION : ALLOW
------------------------------------------------------------
[SEQ 16] [LAYER INIT]
CMD      : ;PRINT.SIZE.MAX.X:0.01
TRUST    : acc_cmd=0.000 | acc_exec=0.000 | trust=0.022
DECISION : PAUSE
MACHINE  : Machine-2
------------------------------------------------------------
[SEQ 16] [STATIC-BASELINE]
CMD      : None | effects={}
DECISION : ALLOW
------------------------------------------------------------
[SEQ 16] [IEEE-BASELINE]
SCORE    : anomaly_score=0.000
DECISION : ALLOW
------------------------------------------------------------
[SEQ 17] [LAYER INIT]
CMD      : G92 E1000
TRUST    : acc_cmd=0.000 | acc_exec=1.000 | trust=0.012
DECISION : PAUSE
MACHINE  : Machine-2
------------------------------------------------------------
[SEQ 17] [STATIC-BASELINE]
CMD      : G92 | effects={'reset': {'G': 92.0, 'E': 1000.0}}
DECISION : BLOCK
------------------------------------------------------------
[SEQ 17] [IEEE-BASELINE]
SCORE    : anomaly_score=0.000
DECISION : ALLOW
------------------------------------------------------------
[SEQ 18] [LAYER INIT]
CMD      : G92 E1000
TRUST    : acc_cmd=0.000 | acc_exec=1.000 | trust=0.006
DECISION : PAUSE
MACHINE  : Machine-2
------------------------------------------------------------
[SEQ 18] [STATIC-BASELINE]
CMD      : G92 | effects={'reset': {'G': 92.0, 'E': 1000.0}}
DECISION : BLOCK
------------------------------------------------------------
[SEQ 18] [IEEE-BASELINE]
SCORE    : anomaly_score=0.000
DECISION : ALLOW
------------------------------------------------------------
[SEQ 19] [LAYER INIT]
CMD      : M92 E2000
TRUST    : acc_cmd=0.000 | acc_exec=1.000 | trust=0.003
DECISION : PAUSE
MACHINE  : Machine-2
------------------------------------------------------------
[SEQ 19] [STATIC-BASELINE]
CMD      : M92 | effects={'M': 92.0, 'E': 2000.0}
DECISION : BLOCK
------------------------------------------------------------
[SEQ 19] [IEEE-BASELINE]
SCORE    : anomaly_score=0.000
DECISION : ALLOW
------------------------------------------------------------
[SEQ 20] [LAYER INIT]
CMD      : M92 E2000
TRUST    : acc_cmd=0.000 | acc_exec=1.000 | trust=0.002
DECISION : PAUSE
MACHINE  : Machine-2
------------------------------------------------------------
[SEQ 20] [STATIC-BASELINE]
CMD      : M92 | effects={'M': 92.0, 'E': 2000.0}
DECISION : BLOCK
------------------------------------------------------------
[SEQ 20] [IEEE-BASELINE]
SCORE    : anomaly_score=0.000
DECISION : ALLOW
------------------------------------------------------------
[SEQ 21] [LAYER INIT]
CMD      : M92 E2000
TRUST    : acc_cmd=0.000 | acc_exec=1.000 | trust=0.001
DECISION : PAUSE
MACHINE  : Machine-2
------------------------------------------------------------
[SEQ 21] [STATIC-BASELINE]
CMD      : M92 | effects={'M': 92.0, 'E': 2000.0}
DECISION : BLOCK
------------------------------------------------------------
[SEQ 21] [IEEE-BASELINE]
SCORE    : anomaly_score=0.000
DECISION : ALLOW
------------------------------------------------------------
[SEQ 22] [LAYER INIT]
CMD      : G92 E1000
TRUST    : acc_cmd=0.000 | acc_exec=1.000 | trust=0.001
DECISION : PAUSE
MACHINE  : Machine-2
------------------------------------------------------------
[SEQ 22] [STATIC-BASELINE]
CMD      : G92 | effects={'reset': {'G': 92.0, 'E': 1000.0}}
DECISION : BLOCK
------------------------------------------------------------
[SEQ 22] [IEEE-BASELINE]
SCORE    : anomaly_score=0.000
DECISION : ALLOW
------------------------------------------------------------
[SEQ 23] [LAYER INIT]
CMD      : M221 S200
TRUST    : acc_cmd=0.000 | acc_exec=1.000 | trust=0.001
DECISION : PAUSE
MACHINE  : Machine-2
------------------------------------------------------------
[SEQ 23] [STATIC-BASELINE]
CMD      : M221 | effects={'M': 221.0, 'S': 200.0}
DECISION : BLOCK
------------------------------------------------------------
[SEQ 23] [IEEE-BASELINE]
SCORE    : anomaly_score=0.000
DECISION : ALLOW
------------------------------------------------------------
[SEQ 24] [LAYER INIT]
CMD      : G92 E1000
TRUST    : acc_cmd=0.000 | acc_exec=1.000 | trust=0.001
DECISION : PAUSE
MACHINE  : Machine-2
------------------------------------------------------------
[SEQ 24] [STATIC-BASELINE]
CMD      : G92 | effects={'reset': {'G': 92.0, 'E': 1000.0}}
DECISION : BLOCK
------------------------------------------------------------
[SEQ 24] [IEEE-BASELINE]
SCORE    : anomaly_score=0.000
DECISION : ALLOW
------------------------------------------------------------
[SEQ 25] [LAYER INIT]
CMD      : G92 E1000
TRUST    : acc_cmd=0.000 | acc_exec=1.000 | trust=0.001
DECISION : PAUSE
MACHINE  : Machine-2
------------------------------------------------------------
[SEQ 25] [STATIC-BASELINE]
CMD      : G92 | effects={'reset': {'G': 92.0, 'E': 1000.0}}
DECISION : BLOCK
------------------------------------------------------------
[SEQ 25] [IEEE-BASELINE]
SCORE    : anomaly_score=0.000
DECISION : ALLOW
------------------------------------------------------------
[SEQ 26] [LAYER INIT]
CMD      : M92 E2000
TRUST    : acc_cmd=0.000 | acc_exec=1.000 | trust=0.001
DECISION : PAUSE
MACHINE  : Machine-2
------------------------------------------------------------
[SEQ 26] [STATIC-BASELINE]
CMD      : M92 | effects={'M': 92.0, 'E': 2000.0}
DECISION : BLOCK
------------------------------------------------------------
[SEQ 26] [IEEE-BASELINE]
SCORE    : anomaly_score=0.000
DECISION : ALLOW
------------------------------------------------------------
[SEQ 27] [LAYER INIT]
CMD      : G92 E1000
TRUST    : acc_cmd=0.000 | acc_exec=1.000 | trust=0.001
DECISION : PAUSE
MACHINE  : Machine-2
------------------------------------------------------------
[SEQ 27] [STATIC-BASELINE]
CMD      : G92 | effects={'reset': {'G': 92.0, 'E': 1000.0}}
DECISION : BLOCK
------------------------------------------------------------
[SEQ 27] [IEEE-BASELINE]
SCORE    : anomaly_score=0.000
DECISION : ALLOW
------------------------------------------------------------
[SEQ 28] [LAYER INIT]
CMD      : M221 S200
TRUST    : acc_cmd=0.000 | acc_exec=1.000 | trust=0.001
DECISION : PAUSE
MACHINE  : Machine-2
------------------------------------------------------------
[SEQ 28] [STATIC-BASELINE]
CMD      : M221 | effects={'M': 221.0, 'S': 200.0}
DECISION : BLOCK
------------------------------------------------------------
[SEQ 28] [IEEE-BASELINE]
SCORE    : anomaly_score=0.000
DECISION : ALLOW
------------------------------------------------------------
[SEQ 29] [LAYER INIT]
CMD      : M221 S200
TRUST    : acc_cmd=0.000 | acc_exec=1.000 | trust=0.001
DECISION : PAUSE
MACHINE  : Machine-2
------------------------------------------------------------
[SEQ 29] [STATIC-BASELINE]
CMD      : M221 | effects={'M': 221.0, 'S': 200.0}
DECISION : BLOCK
------------------------------------------------------------
[SEQ 29] [IEEE-BASELINE]
SCORE    : anomaly_score=0.000
DECISION : ALLOW
------------------------------------------------------------
[SEQ 30] [LAYER INIT]
CMD      : G92 E1000
TRUST    : acc_cmd=0.000 | acc_exec=1.000 | trust=0.001
DECISION : PAUSE
MACHINE  : Machine-2
------------------------------------------------------------
[SEQ 30] [STATIC-BASELINE]
CMD      : G92 | effects={'reset': {'G': 92.0, 'E': 1000.0}}
DECISION : BLOCK
------------------------------------------------------------
[SEQ 30] [IEEE-BASELINE]
SCORE    : anomaly_score=0.000
DECISION : ALLOW
------------------------------------------------------------
[SEQ 31] [LAYER INIT]
CMD      : M92 E2000
TRUST    : acc_cmd=0.000 | acc_exec=1.000 | trust=0.001
DECISION : PAUSE
MACHINE  : Machine-2
------------------------------------------------------------
[SEQ 31] [STATIC-BASELINE]
CMD      : M92 | effects={'M': 92.0, 'E': 2000.0}
DECISION : BLOCK
------------------------------------------------------------
[SEQ 31] [IEEE-BASELINE]
SCORE    : anomaly_score=0.000
DECISION : ALLOW
------------------------------------------------------------
[SEQ 32] [LAYER INIT]
CMD      : G92 E1000
TRUST    : acc_cmd=0.000 | acc_exec=1.000 | trust=0.001
DECISION : PAUSE
MACHINE  : Machine-2
------------------------------------------------------------
[SEQ 32] [STATIC-BASELINE]
CMD      : G92 | effects={'reset': {'G': 92.0, 'E': 1000.0}}
DECISION : BLOCK
------------------------------------------------------------
[SEQ 32] [IEEE-BASELINE]
SCORE    : anomaly_score=0.000
DECISION : ALLOW
------------------------------------------------------------
[SEQ 33] [LAYER INIT]
CMD      : M92 E2000
TRUST    : acc_cmd=0.000 | acc_exec=1.000 | trust=0.001
DECISION : PAUSE
MACHINE  : Machine-2
------------------------------------------------------------
[SEQ 33] [STATIC-BASELINE]
CMD      : M92 | effects={'M': 92.0, 'E': 2000.0}
DECISION : BLOCK
------------------------------------------------------------
[SEQ 33] [IEEE-BASELINE]
SCORE    : anomaly_score=0.000
DECISION : ALLOW
------------------------------------------------------------
[SEQ 34] [LAYER 0]
CMD      : M92 E2000
TRUST    : acc_cmd=1.000 | acc_exec=1.000 | trust=0.001
DECISION : PAUSE
MACHINE  : Machine-2
------------------------------------------------------------
[SEQ 34] [STATIC-BASELINE]
CMD      : M92 | effects={'M': 92.0, 'E': 2000.0}
DECISION : BLOCK
------------------------------------------------------------
[SEQ 34] [IEEE-BASELINE]
SCORE    : anomaly_score=0.000
DECISION : ALLOW
------------------------------------------------------------
[SEQ 35] [LAYER 0]
CMD      : M107
TRUST    : acc_cmd=0.000 | acc_exec=0.000 | trust=0.007
DECISION : PAUSE
MACHINE  : Machine-2
------------------------------------------------------------
[SEQ 35] [STATIC-BASELINE]
CMD      : M107 | effects={'M': 107.0}
DECISION : ALLOW
------------------------------------------------------------
[SEQ 35] [IEEE-BASELINE]
SCORE    : anomaly_score=0.000
DECISION : ALLOW
------------------------------------------------------------
[SEQ 36] [LAYER 0]
CMD      : M221 S200
TRUST    : acc_cmd=1.000 | acc_exec=1.000 | trust=0.005
DECISION : PAUSE
MACHINE  : Machine-2
------------------------------------------------------------
[SEQ 36] [STATIC-BASELINE]
CMD      : M221 | effects={'M': 221.0, 'S': 200.0}
DECISION : BLOCK
------------------------------------------------------------
[SEQ 36] [IEEE-BASELINE]
SCORE    : anomaly_score=0.000
DECISION : ALLOW
------------------------------------------------------------
[SEQ 37] [LAYER 0]
CMD      : G92 E1000
TRUST    : acc_cmd=0.000 | acc_exec=1.000 | trust=0.003
DECISION : PAUSE
MACHINE  : Machine-2
------------------------------------------------------------
[SEQ 37] [STATIC-BASELINE]
CMD      : G92 | effects={'reset': {'G': 92.0, 'E': 1000.0}}
DECISION : BLOCK
------------------------------------------------------------
[SEQ 37] [IEEE-BASELINE]
SCORE    : anomaly_score=0.000
DECISION : ALLOW
------------------------------------------------------------
[SEQ 38] [LAYER 0]
CMD      : G92 E1000
TRUST    : acc_cmd=0.000 | acc_exec=1.000 | trust=0.002
DECISION : PAUSE
MACHINE  : Machine-2
------------------------------------------------------------
[SEQ 38] [STATIC-BASELINE]
CMD      : G92 | effects={'reset': {'G': 92.0, 'E': 1000.0}}
DECISION : BLOCK
------------------------------------------------------------
[SEQ 38] [IEEE-BASELINE]
SCORE    : anomaly_score=0.000
DECISION : ALLOW
------------------------------------------------------------
[SEQ 39] [LAYER 0]
CMD      : G92 E1000
TRUST    : acc_cmd=0.000 | acc_exec=1.000 | trust=0.001
DECISION : PAUSE
MACHINE  : Machine-2
------------------------------------------------------------
[SEQ 39] [STATIC-BASELINE]
CMD      : G92 | effects={'reset': {'G': 92.0, 'E': 1000.0}}
DECISION : BLOCK
------------------------------------------------------------
[SEQ 39] [IEEE-BASELINE]
SCORE    : anomaly_score=0.000
DECISION : ALLOW
------------------------------------------------------------
[SEQ 40] [LAYER 0]
CMD      : G92 E1000
TRUST    : acc_cmd=0.000 | acc_exec=1.000 | trust=0.001
DECISION : PAUSE
MACHINE  : Machine-2
------------------------------------------------------------
[SEQ 40] [STATIC-BASELINE]
CMD      : G92 | effects={'reset': {'G': 92.0, 'E': 1000.0}}
DECISION : BLOCK
------------------------------------------------------------
[SEQ 40] [IEEE-BASELINE]
SCORE    : anomaly_score=0.000
DECISION : ALLOW
------------------------------------------------------------
[SEQ 41] [LAYER 0]
CMD      : M92 E2000
TRUST    : acc_cmd=1.000 | acc_exec=1.000 | trust=0.001
DECISION : PAUSE
MACHINE  : Machine-2
------------------------------------------------------------
[SEQ 41] [STATIC-BASELINE]
CMD      : M92 | effects={'M': 92.0, 'E': 2000.0}
DECISION : BLOCK
------------------------------------------------------------
[SEQ 41] [IEEE-BASELINE]
SCORE    : anomaly_score=0.000
DECISION : ALLOW
------------------------------------------------------------
[SEQ 42] [LAYER 0]
CMD      : M221 S200
TRUST    : acc_cmd=1.000 | acc_exec=1.000 | trust=0.001
DECISION : PAUSE
MACHINE  : Machine-2
------------------------------------------------------------
[SEQ 42] [STATIC-BASELINE]
CMD      : M221 | effects={'M': 221.0, 'S': 200.0}
DECISION : BLOCK
------------------------------------------------------------
[SEQ 42] [IEEE-BASELINE]
SCORE    : anomaly_score=0.000
DECISION : ALLOW
------------------------------------------------------------
[SEQ 43] [LAYER 0]
CMD      : G1 X163.61 Y111.261 E0.12951
TRUST    : acc_cmd=0.000 | acc_exec=1.000 | trust=0.001
DECISION : PAUSE
MACHINE  : Machine-2
------------------------------------------------------------
[SEQ 43] [STATIC-BASELINE]
CMD      : G1 | effects={'dx': 163.61, 'dy': 111.261, 'dz': 0.0, 'de': -999.87049, 'xy_dist': 197.85662036181657, 'params': {'G': 1.0, 'X': 163.61, 'Y': 111.261, 'E': 0.12951}}
DECISION : ALLOW
------------------------------------------------------------
[SEQ 43] [IEEE-BASELINE]
SCORE    : anomaly_score=0.000
DECISION : ALLOW
------------------------------------------------------------
[SEQ 44] [LAYER 0]
CMD      : G1 X165.902 Y111.212 E0.17263
TRUST    : acc_cmd=0.000 | acc_exec=0.000 | trust=0.007
DECISION : PAUSE
MACHINE  : Machine-2
------------------------------------------------------------
[SEQ 44] [STATIC-BASELINE]
CMD      : G1 | effects={'dx': 2.291999999999973, 'dy': -0.04899999999999238, 'dz': 0.0, 'de': 0.04312000000000002, 'xy_dist': 2.29252371852504, 'params': {'G': 1.0, 'X': 165.902, 'Y': 111.212, 'E': 0.17263}}
DECISION : ALLOW
------------------------------------------------------------
[SEQ 44] [IEEE-BASELINE]
SCORE    : anomaly_score=0.000
DECISION : ALLOW
------------------------------------------------------------
[SEQ 45] [LAYER 0]
CMD      : M221 S200
TRUST    : acc_cmd=1.000 | acc_exec=1.000 | trust=0.005
DECISION : PAUSE
MACHINE  : Machine-2
------------------------------------------------------------
[SEQ 45] [STATIC-BASELINE]
CMD      : M221 | effects={'M': 221.0, 'S': 200.0}
DECISION : BLOCK
------------------------------------------------------------
[SEQ 45] [IEEE-BASELINE]
SCORE    : anomaly_score=0.000
DECISION : ALLOW
------------------------------------------------------------
[SEQ 46] [LAYER 0]
CMD      : M221 S200
TRUST    : acc_cmd=1.000 | acc_exec=1.000 | trust=0.003
DECISION : PAUSE
MACHINE  : Machine-2
------------------------------------------------------------
[SEQ 46] [STATIC-BASELINE]
CMD      : M221 | effects={'M': 221.0, 'S': 200.0}
DECISION : BLOCK
------------------------------------------------------------
[SEQ 46] [IEEE-BASELINE]
SCORE    : anomaly_score=0.000
DECISION : ALLOW
------------------------------------------------------------
[SEQ 47] [LAYER 0]
CMD      : M92 E2000
TRUST    : acc_cmd=1.000 | acc_exec=1.000 | trust=0.002
DECISION : PAUSE
MACHINE  : Machine-2
------------------------------------------------------------
[SEQ 47] [STATIC-BASELINE]
CMD      : M92 | effects={'M': 92.0, 'E': 2000.0}
DECISION : BLOCK
------------------------------------------------------------
[SEQ 47] [IEEE-BASELINE]
SCORE    : anomaly_score=0.000
DECISION : ALLOW
------------------------------------------------------------
[SEQ 48] [LAYER 0]
CMD      : M221 S200
TRUST    : acc_cmd=1.000 | acc_exec=1.000 | trust=0.001
DECISION : PAUSE
MACHINE  : Machine-2
------------------------------------------------------------
[SEQ 48] [STATIC-BASELINE]
CMD      : M221 | effects={'M': 221.0, 'S': 200.0}
DECISION : BLOCK
------------------------------------------------------------
[SEQ 48] [IEEE-BASELINE]
SCORE    : anomaly_score=0.000
DECISION : ALLOW
------------------------------------------------------------
[SEQ 49] [LAYER 0]
CMD      : M221 S200
TRUST    : acc_cmd=1.000 | acc_exec=1.000 | trust=0.001
DECISION : PAUSE
MACHINE  : Machine-2
------------------------------------------------------------
[SEQ 49] [STATIC-BASELINE]
CMD      : M221 | effects={'M': 221.0, 'S': 200.0}
DECISION : BLOCK
------------------------------------------------------------
[SEQ 49] [IEEE-BASELINE]
SCORE    : anomaly_score=0.000
DECISION : ALLOW
------------------------------------------------------------
[SEQ 50] [LAYER 0]
CMD      : M221 S200
TRUST    : acc_cmd=1.000 | acc_exec=1.000 | trust=0.001
DECISION : PAUSE
MACHINE  : Machine-2
------------------------------------------------------------
[SEQ 50] [STATIC-BASELINE]
CMD      : M221 | effects={'M': 221.0, 'S': 200.0}
DECISION : BLOCK
------------------------------------------------------------
[SEQ 50] [IEEE-BASELINE]
SCORE    : anomaly_score=0.000
DECISION : ALLOW
------------------------------------------------------------
[SEQ 51] [LAYER 0]
CMD      : M92 E2000
TRUST    : acc_cmd=1.000 | acc_exec=1.000 | trust=0.001
DECISION : PAUSE
MACHINE  : Machine-2
------------------------------------------------------------
[SEQ 51] [STATIC-BASELINE]
CMD      : M92 | effects={'M': 92.0, 'E': 2000.0}
DECISION : BLOCK
------------------------------------------------------------
[SEQ 51] [IEEE-BASELINE]
SCORE    : anomaly_score=0.000
DECISION : ALLOW
------------------------------------------------------------
[SEQ 52] [LAYER 0]
CMD      : G1 X171.718 Y125.767 E0.53448
TRUST    : acc_cmd=0.000 | acc_exec=0.000 | trust=0.007
DECISION : PAUSE
MACHINE  : Machine-2
------------------------------------------------------------
[SEQ 52] [STATIC-BASELINE]
CMD      : G1 | effects={'dx': 5.8160000000000025, 'dy': 14.554999999999993, 'dz': 0.0, 'de': 0.36184999999999995, 'xy_dist': 15.67398739951005, 'params': {'G': 1.0, 'X': 171.718, 'Y': 125.767, 'E': 0.53448}}
DECISION : ALLOW
------------------------------------------------------------
[SEQ 52] [IEEE-BASELINE]
SCORE    : anomaly_score=0.000
DECISION : ALLOW
------------------------------------------------------------
[SEQ 53] [LAYER 0]
CMD      : M221 S200
TRUST    : acc_cmd=1.000 | acc_exec=1.000 | trust=0.005
DECISION : PAUSE
MACHINE  : Machine-2
------------------------------------------------------------
[SEQ 53] [STATIC-BASELINE]
CMD      : M221 | effects={'M': 221.0, 'S': 200.0}
DECISION : BLOCK
------------------------------------------------------------
[SEQ 53] [IEEE-BASELINE]
SCORE    : anomaly_score=0.000
DECISION : ALLOW
------------------------------------------------------------
[SEQ 54] [LAYER 0]
CMD      : G92 E1000
TRUST    : acc_cmd=0.000 | acc_exec=1.000 | trust=0.003
DECISION : PAUSE
MACHINE  : Machine-2
------------------------------------------------------------
[SEQ 54] [STATIC-BASELINE]
CMD      : G92 | effects={'reset': {'G': 92.0, 'E': 1000.0}}
DECISION : BLOCK
------------------------------------------------------------
[SEQ 54] [IEEE-BASELINE]
SCORE    : anomaly_score=0.000
DECISION : ALLOW
------------------------------------------------------------
[SEQ 55] [LAYER 0]
CMD      : G92 E1000
TRUST    : acc_cmd=0.000 | acc_exec=1.000 | trust=0.002
DECISION : PAUSE
MACHINE  : Machine-2
------------------------------------------------------------
[SEQ 55] [STATIC-BASELINE]
CMD      : G92 | effects={'reset': {'G': 92.0, 'E': 1000.0}}
DECISION : BLOCK
------------------------------------------------------------
[SEQ 55] [IEEE-BASELINE]
SCORE    : anomaly_score=0.000
DECISION : ALLOW
------------------------------------------------------------
[SEQ 56] [LAYER 0]
CMD      : M92 E2000
TRUST    : acc_cmd=1.000 | acc_exec=1.000 | trust=0.001
DECISION : PAUSE
MACHINE  : Machine-2
------------------------------------------------------------
[SEQ 56] [STATIC-BASELINE]
CMD      : M92 | effects={'M': 92.0, 'E': 2000.0}
DECISION : BLOCK
------------------------------------------------------------
[SEQ 56] [IEEE-BASELINE]
SCORE    : anomaly_score=0.000
DECISION : ALLOW
------------------------------------------------------------
[SEQ 57] [LAYER 0]
CMD      : M221 S200
TRUST    : acc_cmd=1.000 | acc_exec=1.000 | trust=0.001
DECISION : PAUSE
MACHINE  : Machine-2
------------------------------------------------------------
[SEQ 57] [STATIC-BASELINE]
CMD      : M221 | effects={'M': 221.0, 'S': 200.0}
DECISION : BLOCK
------------------------------------------------------------
[SEQ 57] [IEEE-BASELINE]
SCORE    : anomaly_score=0.000
DECISION : ALLOW
------------------------------------------------------------
[SEQ 58] [LAYER 0]
CMD      : G92 E1000
TRUST    : acc_cmd=0.000 | acc_exec=1.000 | trust=0.001
DECISION : PAUSE
MACHINE  : Machine-2
------------------------------------------------------------
[SEQ 58] [STATIC-BASELINE]
CMD      : G92 | effects={'reset': {'G': 92.0, 'E': 1000.0}}
DECISION : BLOCK
------------------------------------------------------------
[SEQ 58] [IEEE-BASELINE]
SCORE    : anomaly_score=0.000
DECISION : ALLOW
------------------------------------------------------------
[SEQ 59] [LAYER 0]
CMD      : G92 E1000
TRUST    : acc_cmd=0.000 | acc_exec=1.000 | trust=0.001
DECISION : PAUSE
MACHINE  : Machine-2
------------------------------------------------------------
[SEQ 59] [STATIC-BASELINE]
CMD      : G92 | effects={'reset': {'G': 92.0, 'E': 1000.0}}
DECISION : BLOCK
------------------------------------------------------------
[SEQ 59] [IEEE-BASELINE]
SCORE    : anomaly_score=0.000
DECISION : ALLOW
------------------------------------------------------------
[SEQ 60] [LAYER 0]
CMD      : M221 S200
TRUST    : acc_cmd=1.000 | acc_exec=1.000 | trust=0.001
DECISION : PAUSE
MACHINE  : Machine-2
------------------------------------------------------------
[SEQ 60] [STATIC-BASELINE]
CMD      : M221 | effects={'M': 221.0, 'S': 200.0}
DECISION : BLOCK
------------------------------------------------------------
[SEQ 60] [IEEE-BASELINE]
SCORE    : anomaly_score=0.000
DECISION : ALLOW
------------------------------------------------------------
[SEQ 61] [LAYER 0]
CMD      : G92 E1000
TRUST    : acc_cmd=0.000 | acc_exec=1.000 | trust=0.001
DECISION : PAUSE
MACHINE  : Machine-2
------------------------------------------------------------
[SEQ 61] [STATIC-BASELINE]
CMD      : G92 | effects={'reset': {'G': 92.0, 'E': 1000.0}}
DECISION : BLOCK
------------------------------------------------------------
[SEQ 61] [IEEE-BASELINE]
SCORE    : anomaly_score=0.000
DECISION : ALLOW
------------------------------------------------------------
[SEQ 62] [LAYER 0]
CMD      : G92 E1000
TRUST    : acc_cmd=0.000 | acc_exec=1.000 | trust=0.001
DECISION : PAUSE
MACHINE  : Machine-2
------------------------------------------------------------
[SEQ 62] [STATIC-BASELINE]
CMD      : G92 | effects={'reset': {'G': 92.0, 'E': 1000.0}}
DECISION : BLOCK
------------------------------------------------------------
[SEQ 62] [IEEE-BASELINE]
SCORE    : anomaly_score=0.000
DECISION : ALLOW
------------------------------------------------------------
[SEQ 63] [LAYER 0]
CMD      : M221 S200
TRUST    : acc_cmd=1.000 | acc_exec=1.000 | trust=0.001
DECISION : PAUSE
MACHINE  : Machine-2
------------------------------------------------------------
[SEQ 63] [STATIC-BASELINE]
CMD      : M221 | effects={'M': 221.0, 'S': 200.0}
DECISION : BLOCK
------------------------------------------------------------
[SEQ 63] [IEEE-BASELINE]
SCORE    : anomaly_score=0.000
DECISION : ALLOW
------------------------------------------------------------
[SEQ 64] [LAYER 0]
CMD      : M221 S200
TRUST    : acc_cmd=1.000 | acc_exec=1.000 | trust=0.001
DECISION : PAUSE
MACHINE  : Machine-2
------------------------------------------------------------
[SEQ 64] [STATIC-BASELINE]
CMD      : M221 | effects={'M': 221.0, 'S': 200.0}
DECISION : BLOCK
------------------------------------------------------------
[SEQ 64] [IEEE-BASELINE]
SCORE    : anomaly_score=0.000
DECISION : ALLOW
------------------------------------------------------------
[SEQ 65] [LAYER 0]
CMD      : M221 S200
TRUST    : acc_cmd=1.000 | acc_exec=1.000 | trust=0.001
DECISION : PAUSE
MACHINE  : Machine-2
------------------------------------------------------------
[SEQ 65] [STATIC-BASELINE]
CMD      : M221 | effects={'M': 221.0, 'S': 200.0}
DECISION : BLOCK
------------------------------------------------------------
[SEQ 65] [IEEE-BASELINE]
SCORE    : anomaly_score=0.000
DECISION : ALLOW
------------------------------------------------------------
[SEQ 66] [LAYER 0]
CMD      : G92 E1000
TRUST    : acc_cmd=0.000 | acc_exec=1.000 | trust=0.001
DECISION : PAUSE
MACHINE  : Machine-2
------------------------------------------------------------
[SEQ 66] [STATIC-BASELINE]
CMD      : G92 | effects={'reset': {'G': 92.0, 'E': 1000.0}}
DECISION : BLOCK
------------------------------------------------------------
[SEQ 66] [IEEE-BASELINE]
SCORE    : anomaly_score=0.000
DECISION : ALLOW
------------------------------------------------------------
[SEQ 67] [LAYER 0]
CMD      : M92 E2000
TRUST    : acc_cmd=1.000 | acc_exec=1.000 | trust=0.001
DECISION : PAUSE
MACHINE  : Machine-2
------------------------------------------------------------
[SEQ 67] [STATIC-BASELINE]
CMD      : M92 | effects={'M': 92.0, 'E': 2000.0}
DECISION : BLOCK
------------------------------------------------------------
[SEQ 67] [IEEE-BASELINE]
SCORE    : anomaly_score=0.000
DECISION : ALLOW
------------------------------------------------------------
[SEQ 68] [LAYER 0]
CMD      : G1 X160.354 Y112.955 E1.09931
TRUST    : acc_cmd=0.000 | acc_exec=1.000 | trust=0.001
DECISION : PAUSE
MACHINE  : Machine-2
------------------------------------------------------------
[SEQ 68] [STATIC-BASELINE]
CMD      : G1 | effects={'dx': -11.363999999999976, 'dy': -12.811999999999998, 'dz': 0.0, 'de': -998.90069, 'xy_dist': 17.12564860085595, 'params': {'G': 1.0, 'X': 160.354, 'Y': 112.955, 'E': 1.09931}}
DECISION : ALLOW
------------------------------------------------------------
[SEQ 68] [IEEE-BASELINE]
SCORE    : anomaly_score=0.000
DECISION : ALLOW
------------------------------------------------------------
[SEQ 69] [LAYER 0]
CMD      : M92 E2000
TRUST    : acc_cmd=1.000 | acc_exec=1.000 | trust=0.001
DECISION : PAUSE
MACHINE  : Machine-2
------------------------------------------------------------
[SEQ 69] [STATIC-BASELINE]
CMD      : M92 | effects={'M': 92.0, 'E': 2000.0}
DECISION : BLOCK
------------------------------------------------------------
[SEQ 69] [IEEE-BASELINE]
SCORE    : anomaly_score=0.000
DECISION : ALLOW
------------------------------------------------------------
[SEQ 70] [LAYER 0]
CMD      : M92 E2000
TRUST    : acc_cmd=1.000 | acc_exec=1.000 | trust=0.001
DECISION : PAUSE
MACHINE  : Machine-2
------------------------------------------------------------
[SEQ 70] [STATIC-BASELINE]
CMD      : M92 | effects={'M': 92.0, 'E': 2000.0}
DECISION : BLOCK
------------------------------------------------------------
[SEQ 70] [IEEE-BASELINE]
SCORE    : anomaly_score=0.000
DECISION : ALLOW
------------------------------------------------------------
[SEQ 71] [LAYER 0]
CMD      : M221 S200
TRUST    : acc_cmd=1.000 | acc_exec=1.000 | trust=0.001
DECISION : PAUSE
MACHINE  : Machine-2
------------------------------------------------------------
[SEQ 71] [STATIC-BASELINE]
CMD      : M221 | effects={'M': 221.0, 'S': 200.0}
DECISION : BLOCK
------------------------------------------------------------
[SEQ 71] [IEEE-BASELINE]
SCORE    : anomaly_score=0.000
DECISION : ALLOW
------------------------------------------------------------
[SEQ 72] [LAYER 0]
CMD      : M221 S200
TRUST    : acc_cmd=1.000 | acc_exec=1.000 | trust=0.001
DECISION : PAUSE
MACHINE  : Machine-2
------------------------------------------------------------
[SEQ 72] [STATIC-BASELINE]
CMD      : M221 | effects={'M': 221.0, 'S': 200.0}
DECISION : BLOCK
------------------------------------------------------------
[SEQ 72] [IEEE-BASELINE]
SCORE    : anomaly_score=0.000
DECISION : ALLOW
------------------------------------------------------------
[SEQ 73] [LAYER 0]
CMD      : G92 E1000
TRUST    : acc_cmd=0.000 | acc_exec=1.000 | trust=0.001
DECISION : PAUSE
MACHINE  : Machine-2
------------------------------------------------------------
[SEQ 73] [STATIC-BASELINE]
CMD      : G92 | effects={'reset': {'G': 92.0, 'E': 1000.0}}
DECISION : BLOCK
------------------------------------------------------------
[SEQ 73] [IEEE-BASELINE]
SCORE    : anomaly_score=0.000
DECISION : ALLOW
------------------------------------------------------------
[SEQ 74] [LAYER 0]
CMD      : M221 S200
TRUST    : acc_cmd=1.000 | acc_exec=1.000 | trust=0.001
DECISION : PAUSE
MACHINE  : Machine-2
------------------------------------------------------------
[SEQ 74] [STATIC-BASELINE]
CMD      : M221 | effects={'M': 221.0, 'S': 200.0}
DECISION : BLOCK
------------------------------------------------------------
[SEQ 74] [IEEE-BASELINE]
SCORE    : anomaly_score=0.000
DECISION : ALLOW
------------------------------------------------------------
[SEQ 75] [LAYER 0]
CMD      : M221 S200
TRUST    : acc_cmd=1.000 | acc_exec=1.000 | trust=0.001
DECISION : PAUSE
MACHINE  : Machine-2
------------------------------------------------------------
[SEQ 75] [STATIC-BASELINE]
CMD      : M221 | effects={'M': 221.0, 'S': 200.0}
DECISION : BLOCK
------------------------------------------------------------
[SEQ 75] [IEEE-BASELINE]
SCORE    : anomaly_score=0.000
DECISION : ALLOW
------------------------------------------------------------
[SEQ 76] [LAYER 0]
CMD      : M221 S200
TRUST    : acc_cmd=1.000 | acc_exec=1.000 | trust=0.001
DECISION : PAUSE
MACHINE  : Machine-2
------------------------------------------------------------
[SEQ 76] [STATIC-BASELINE]
CMD      : M221 | effects={'M': 221.0, 'S': 200.0}
DECISION : BLOCK
------------------------------------------------------------
[SEQ 76] [IEEE-BASELINE]
SCORE    : anomaly_score=0.000
DECISION : ALLOW
------------------------------------------------------------
[SEQ 77] [LAYER 0]
CMD      : M92 E2000
TRUST    : acc_cmd=1.000 | acc_exec=1.000 | trust=0.001
DECISION : PAUSE
MACHINE  : Machine-2
------------------------------------------------------------
[SEQ 77] [STATIC-BASELINE]
CMD      : M92 | effects={'M': 92.0, 'E': 2000.0}
DECISION : BLOCK
------------------------------------------------------------
[SEQ 77] [IEEE-BASELINE]
SCORE    : anomaly_score=0.000
DECISION : ALLOW
------------------------------------------------------------
[SEQ 78] [LAYER 0]
CMD      : G92 E1000
TRUST    : acc_cmd=0.000 | acc_exec=1.000 | trust=0.001
DECISION : PAUSE
MACHINE  : Machine-2
------------------------------------------------------------
[SEQ 78] [STATIC-BASELINE]
CMD      : G92 | effects={'reset': {'G': 92.0, 'E': 1000.0}}
DECISION : BLOCK
------------------------------------------------------------
[SEQ 78] [IEEE-BASELINE]
SCORE    : anomaly_score=0.000
DECISION : ALLOW
------------------------------------------------------------
[SEQ 79] [LAYER 0]
CMD      : G92 E1000
TRUST    : acc_cmd=0.000 | acc_exec=1.000 | trust=0.001
DECISION : PAUSE
MACHINE  : Machine-2
------------------------------------------------------------
[SEQ 79] [STATIC-BASELINE]
CMD      : G92 | effects={'reset': {'G': 92.0, 'E': 1000.0}}
DECISION : BLOCK
------------------------------------------------------------
[SEQ 79] [IEEE-BASELINE]
SCORE    : anomaly_score=0.000
DECISION : ALLOW
------------------------------------------------------------
[SEQ 80] [LAYER 0]
CMD      : G92 E1000
TRUST    : acc_cmd=0.000 | acc_exec=1.000 | trust=0.001
DECISION : PAUSE
MACHINE  : Machine-2
------------------------------------------------------------
[SEQ 80] [STATIC-BASELINE]
CMD      : G92 | effects={'reset': {'G': 92.0, 'E': 1000.0}}
DECISION : BLOCK
------------------------------------------------------------
[SEQ 80] [IEEE-BASELINE]
SCORE    : anomaly_score=0.000
DECISION : ALLOW
------------------------------------------------------------
[SEQ 81] [LAYER 0]
CMD      : M221 S200
TRUST    : acc_cmd=1.000 | acc_exec=1.000 | trust=0.001
DECISION : PAUSE
MACHINE  : Machine-2
------------------------------------------------------------
[SEQ 81] [STATIC-BASELINE]
CMD      : M221 | effects={'M': 221.0, 'S': 200.0}
DECISION : BLOCK
------------------------------------------------------------
[SEQ 81] [IEEE-BASELINE]
SCORE    : anomaly_score=0.000
DECISION : ALLOW
------------------------------------------------------------
[SEQ 82] [LAYER 0]
CMD      : G92 E1000
TRUST    : acc_cmd=0.000 | acc_exec=1.000 | trust=0.001
DECISION : PAUSE
MACHINE  : Machine-2
------------------------------------------------------------
[SEQ 82] [STATIC-BASELINE]
CMD      : G92 | effects={'reset': {'G': 92.0, 'E': 1000.0}}
DECISION : BLOCK
------------------------------------------------------------
[SEQ 82] [IEEE-BASELINE]
SCORE    : anomaly_score=0.000
DECISION : ALLOW
------------------------------------------------------------
[SEQ 83] [LAYER 0]
CMD      : M92 E2000
TRUST    : acc_cmd=1.000 | acc_exec=1.000 | trust=0.001
DECISION : PAUSE
MACHINE  : Machine-2
------------------------------------------------------------
[SEQ 83] [STATIC-BASELINE]
CMD      : M92 | effects={'M': 92.0, 'E': 2000.0}
DECISION : BLOCK
------------------------------------------------------------
[SEQ 83] [IEEE-BASELINE]
SCORE    : anomaly_score=0.000
DECISION : ALLOW
------------------------------------------------------------
[SEQ 84] [LAYER 0]
CMD      : M221 S200
TRUST    : acc_cmd=1.000 | acc_exec=1.000 | trust=0.001
DECISION : PAUSE
MACHINE  : Machine-2
------------------------------------------------------------
[SEQ 84] [STATIC-BASELINE]
CMD      : M221 | effects={'M': 221.0, 'S': 200.0}
DECISION : BLOCK
------------------------------------------------------------
[SEQ 84] [IEEE-BASELINE]
SCORE    : anomaly_score=0.000
DECISION : ALLOW
------------------------------------------------------------
[SEQ 85] [LAYER 0]
CMD      : G1 X159.253 Y126.256 E1.80704
TRUST    : acc_cmd=0.000 | acc_exec=1.000 | trust=0.001
DECISION : PAUSE
MACHINE  : Machine-2
------------------------------------------------------------
[SEQ 85] [STATIC-BASELINE]
CMD      : G1 | effects={'dx': -1.1010000000000275, 'dy': 13.301000000000002, 'dz': 0.0, 'de': -998.19296, 'xy_dist': 13.346490250249317, 'params': {'G': 1.0, 'X': 159.253, 'Y': 126.256, 'E': 1.80704}}
DECISION : ALLOW
------------------------------------------------------------
[SEQ 85] [IEEE-BASELINE]
SCORE    : anomaly_score=0.000
DECISION : ALLOW
------------------------------------------------------------
[SEQ 86] [LAYER 0]
CMD      : G1 X157.364 Y123.757 E1.86597
TRUST    : acc_cmd=0.000 | acc_exec=0.000 | trust=0.007
DECISION : PAUSE
MACHINE  : Machine-2
------------------------------------------------------------
[SEQ 86] [STATIC-BASELINE]
CMD      : G1 | effects={'dx': -1.8889999999999816, 'dy': -2.4989999999999952, 'dz': 0.0, 'de': 0.05892999999999993, 'xy_dist': 3.13262222427153, 'params': {'G': 1.0, 'X': 157.364, 'Y': 123.757, 'E': 1.86597}}
DECISION : ALLOW
------------------------------------------------------------
[SEQ 86] [IEEE-BASELINE]
SCORE    : anomaly_score=0.000
DECISION : ALLOW
------------------------------------------------------------
[SEQ 87] [LAYER 0]
CMD      : M92 E2000
TRUST    : acc_cmd=1.000 | acc_exec=1.000 | trust=0.005
DECISION : PAUSE
MACHINE  : Machine-2
------------------------------------------------------------
[SEQ 87] [STATIC-BASELINE]
CMD      : M92 | effects={'M': 92.0, 'E': 2000.0}
DECISION : BLOCK
------------------------------------------------------------
[SEQ 87] [IEEE-BASELINE]
SCORE    : anomaly_score=0.000
DECISION : ALLOW
------------------------------------------------------------
[SEQ 88] [LAYER 0]
CMD      : M221 S200
TRUST    : acc_cmd=1.000 | acc_exec=1.000 | trust=0.003
DECISION : PAUSE
MACHINE  : Machine-2
------------------------------------------------------------
[SEQ 88] [STATIC-BASELINE]
CMD      : M221 | effects={'M': 221.0, 'S': 200.0}
DECISION : BLOCK
------------------------------------------------------------
[SEQ 88] [IEEE-BASELINE]
SCORE    : anomaly_score=0.000
DECISION : ALLOW
------------------------------------------------------------
[SEQ 89] [LAYER 0]
CMD      : G92 E1000
TRUST    : acc_cmd=0.000 | acc_exec=1.000 | trust=0.002
DECISION : PAUSE
MACHINE  : Machine-2
------------------------------------------------------------
[SEQ 89] [STATIC-BASELINE]
CMD      : G92 | effects={'reset': {'G': 92.0, 'E': 1000.0}}
DECISION : BLOCK
------------------------------------------------------------
[SEQ 89] [IEEE-BASELINE]
SCORE    : anomaly_score=0.000
DECISION : ALLOW
------------------------------------------------------------
[SEQ 90] [LAYER 0]
CMD      : G92 E1000
TRUST    : acc_cmd=0.000 | acc_exec=1.000 | trust=0.001
DECISION : PAUSE
MACHINE  : Machine-2
------------------------------------------------------------
[SEQ 90] [STATIC-BASELINE]
CMD      : G92 | effects={'reset': {'G': 92.0, 'E': 1000.0}}
DECISION : BLOCK
------------------------------------------------------------
[SEQ 90] [IEEE-BASELINE]
SCORE    : anomaly_score=0.000
DECISION : ALLOW
------------------------------------------------------------
[SEQ 91] [LAYER 0]
CMD      : G1 X158.201 Y115.039 E2.03808
TRUST    : acc_cmd=0.000 | acc_exec=1.000 | trust=0.001
DECISION : PAUSE
MACHINE  : Machine-2
------------------------------------------------------------
[SEQ 91] [STATIC-BASELINE]
CMD      : G1 | effects={'dx': 0.8369999999999891, 'dy': -8.718000000000004, 'dz': 0.0, 'de': -997.96192, 'xy_dist': 8.758087291184077, 'params': {'G': 1.0, 'X': 158.201, 'Y': 115.039, 'E': 2.03808}}
DECISION : ALLOW
------------------------------------------------------------
[SEQ 91] [IEEE-BASELINE]
SCORE    : anomaly_score=0.000
DECISION : ALLOW
------------------------------------------------------------
[SEQ 92] [LAYER 0]
CMD      : G92 E1000
TRUST    : acc_cmd=0.000 | acc_exec=1.000 | trust=0.001
DECISION : PAUSE
MACHINE  : Machine-2
------------------------------------------------------------
[SEQ 92] [STATIC-BASELINE]
CMD      : G92 | effects={'reset': {'G': 92.0, 'E': 1000.0}}
DECISION : BLOCK
------------------------------------------------------------
[SEQ 92] [IEEE-BASELINE]
SCORE    : anomaly_score=0.000
DECISION : ALLOW
------------------------------------------------------------
[SEQ 93] [LAYER 0]
CMD      : M221 S200
TRUST    : acc_cmd=1.000 | acc_exec=1.000 | trust=0.001
DECISION : PAUSE
MACHINE  : Machine-2
------------------------------------------------------------
[SEQ 93] [STATIC-BASELINE]
CMD      : M221 | effects={'M': 221.0, 'S': 200.0}
DECISION : BLOCK
------------------------------------------------------------
[SEQ 93] [IEEE-BASELINE]
SCORE    : anomaly_score=0.000
DECISION : ALLOW
------------------------------------------------------------
[SEQ 94] [LAYER 0]
CMD      : G92 E1000
TRUST    : acc_cmd=0.000 | acc_exec=1.000 | trust=0.001
DECISION : PAUSE
MACHINE  : Machine-2
------------------------------------------------------------
[SEQ 94] [STATIC-BASELINE]
CMD      : G92 | effects={'reset': {'G': 92.0, 'E': 1000.0}}
DECISION : BLOCK
------------------------------------------------------------
[SEQ 94] [IEEE-BASELINE]
SCORE    : anomaly_score=0.000
DECISION : ALLOW
------------------------------------------------------------
[SEQ 95] [LAYER 0]
CMD      : G92 E1000
TRUST    : acc_cmd=0.000 | acc_exec=1.000 | trust=0.001
DECISION : PAUSE
MACHINE  : Machine-2
------------------------------------------------------------
[SEQ 95] [STATIC-BASELINE]
CMD      : G92 | effects={'reset': {'G': 92.0, 'E': 1000.0}}
DECISION : BLOCK
------------------------------------------------------------
[SEQ 95] [IEEE-BASELINE]
SCORE    : anomaly_score=0.000
DECISION : ALLOW
------------------------------------------------------------
[SEQ 96] [LAYER 0]
CMD      : M92 E2000
TRUST    : acc_cmd=1.000 | acc_exec=1.000 | trust=0.001
DECISION : PAUSE
MACHINE  : Machine-2
------------------------------------------------------------
[SEQ 96] [STATIC-BASELINE]
CMD      : M92 | effects={'M': 92.0, 'E': 2000.0}
DECISION : BLOCK
------------------------------------------------------------
[SEQ 96] [IEEE-BASELINE]
SCORE    : anomaly_score=0.000
DECISION : ALLOW
------------------------------------------------------------
[SEQ 97] [LAYER 0]
CMD      : M221 S200
TRUST    : acc_cmd=1.000 | acc_exec=1.000 | trust=0.001
DECISION : PAUSE
MACHINE  : Machine-2
------------------------------------------------------------
[SEQ 97] [STATIC-BASELINE]
CMD      : M221 | effects={'M': 221.0, 'S': 200.0}
DECISION : BLOCK
------------------------------------------------------------
[SEQ 97] [IEEE-BASELINE]
SCORE    : anomaly_score=0.000
DECISION : ALLOW
------------------------------------------------------------
[SEQ 98] [LAYER 0]
CMD      : M221 S200
TRUST    : acc_cmd=1.000 | acc_exec=1.000 | trust=0.001
DECISION : PAUSE
MACHINE  : Machine-2
------------------------------------------------------------
[SEQ 98] [STATIC-BASELINE]
CMD      : M221 | effects={'M': 221.0, 'S': 200.0}
DECISION : BLOCK
------------------------------------------------------------
[SEQ 98] [IEEE-BASELINE]
SCORE    : anomaly_score=0.000
DECISION : ALLOW
------------------------------------------------------------
[SEQ 99] [LAYER 0]
CMD      : G92 E1000
TRUST    : acc_cmd=0.000 | acc_exec=1.000 | trust=0.001
DECISION : PAUSE
MACHINE  : Machine-2
------------------------------------------------------------
[SEQ 99] [STATIC-BASELINE]
CMD      : G92 | effects={'reset': {'G': 92.0, 'E': 1000.0}}
DECISION : BLOCK
------------------------------------------------------------
[SEQ 99] [IEEE-BASELINE]
SCORE    : anomaly_score=0.000
DECISION : ALLOW
------------------------------------------------------------
[SEQ 100] [LAYER 0]
CMD      : G1 X171.726 Y115.614 E2.32958
TRUST    : acc_cmd=0.000 | acc_exec=1.000 | trust=0.001
DECISION : PAUSE
MACHINE  : Machine-2
------------------------------------------------------------
[SEQ 100] [STATIC-BASELINE]
CMD      : G1 | effects={'dx': 13.525000000000006, 'dy': 0.5750000000000028, 'dz': 0.0, 'de': -997.67042, 'xy_dist': 13.5372172177298, 'params': {'G': 1.0, 'X': 171.726, 'Y': 115.614, 'E': 2.32958}}
DECISION : ALLOW
------------------------------------------------------------
[SEQ 100] [IEEE-BASELINE]
SCORE    : anomaly_score=0.000
DECISION : ALLOW
------------------------------------------------------------
[SEQ 101] [LAYER 0]
CMD      : M221 S200
TRUST    : acc_cmd=1.000 | acc_exec=1.000 | trust=0.001
DECISION : PAUSE
MACHINE  : Machine-2
------------------------------------------------------------
[SEQ 101] [STATIC-BASELINE]
CMD      : M221 | effects={'M': 221.0, 'S': 200.0}
DECISION : BLOCK
------------------------------------------------------------
[SEQ 101] [IEEE-BASELINE]
SCORE    : anomaly_score=0.000
DECISION : ALLOW
------------------------------------------------------------
[SEQ 102] [LAYER 0]
CMD      : G92 E1000
TRUST    : acc_cmd=0.000 | acc_exec=1.000 | trust=0.001
DECISION : PAUSE
MACHINE  : Machine-2
------------------------------------------------------------
[SEQ 102] [STATIC-BASELINE]
CMD      : G92 | effects={'reset': {'G': 92.0, 'E': 1000.0}}
DECISION : BLOCK
------------------------------------------------------------
[SEQ 102] [IEEE-BASELINE]
SCORE    : anomaly_score=0.000
DECISION : ALLOW
------------------------------------------------------------
[SEQ 103] [LAYER 0]
CMD      : G92 E1000
TRUST    : acc_cmd=0.000 | acc_exec=1.000 | trust=0.001
DECISION : PAUSE
MACHINE  : Machine-2
------------------------------------------------------------
[SEQ 103] [STATIC-BASELINE]
CMD      : G92 | effects={'reset': {'G': 92.0, 'E': 1000.0}}
DECISION : BLOCK
------------------------------------------------------------
[SEQ 103] [IEEE-BASELINE]
SCORE    : anomaly_score=0.000
DECISION : ALLOW
------------------------------------------------------------
[SEQ 104] [LAYER 0]
CMD      : M221 S200
TRUST    : acc_cmd=1.000 | acc_exec=1.000 | trust=0.001
DECISION : PAUSE
MACHINE  : Machine-2
------------------------------------------------------------
[SEQ 104] [STATIC-BASELINE]
CMD      : M221 | effects={'M': 221.0, 'S': 200.0}
DECISION : BLOCK
------------------------------------------------------------
[SEQ 104] [IEEE-BASELINE]
SCORE    : anomaly_score=0.000
DECISION : ALLOW
------------------------------------------------------------
[SEQ 105] [LAYER 0]
CMD      : M92 E2000
TRUST    : acc_cmd=1.000 | acc_exec=1.000 | trust=0.001
DECISION : PAUSE
MACHINE  : Machine-2
------------------------------------------------------------
[SEQ 105] [STATIC-BASELINE]
CMD      : M92 | effects={'M': 92.0, 'E': 2000.0}
DECISION : BLOCK
------------------------------------------------------------
[SEQ 105] [IEEE-BASELINE]
SCORE    : anomaly_score=0.000
DECISION : ALLOW
------------------------------------------------------------
[SEQ 106] [LAYER 0]
CMD      : G92 E1000
TRUST    : acc_cmd=0.000 | acc_exec=1.000 | trust=0.001
DECISION : PAUSE
MACHINE  : Machine-2
------------------------------------------------------------
[SEQ 106] [STATIC-BASELINE]
CMD      : G92 | effects={'reset': {'G': 92.0, 'E': 1000.0}}
DECISION : BLOCK
------------------------------------------------------------
[SEQ 106] [IEEE-BASELINE]
SCORE    : anomaly_score=0.000
DECISION : ALLOW
------------------------------------------------------------
[SEQ 107] [LAYER 0]
CMD      : G92 E1000
TRUST    : acc_cmd=0.000 | acc_exec=1.000 | trust=0.001
DECISION : PAUSE
MACHINE  : Machine-2
------------------------------------------------------------
[SEQ 107] [STATIC-BASELINE]
CMD      : G92 | effects={'reset': {'G': 92.0, 'E': 1000.0}}
DECISION : BLOCK
------------------------------------------------------------
[SEQ 107] [IEEE-BASELINE]
SCORE    : anomaly_score=0.000
DECISION : ALLOW
------------------------------------------------------------
[SEQ 108] [LAYER 0]
CMD      : G1 X166.203 Y127.944 E2.631
TRUST    : acc_cmd=0.000 | acc_exec=1.000 | trust=0.001
DECISION : PAUSE
MACHINE  : Machine-2
------------------------------------------------------------
[SEQ 108] [STATIC-BASELINE]
CMD      : G1 | effects={'dx': -5.522999999999996, 'dy': 12.329999999999998, 'dz': 0.0, 'de': -997.369, 'xy_dist': 13.510456283930603, 'params': {'G': 1.0, 'X': 166.203, 'Y': 127.944, 'E': 2.631}}
DECISION : ALLOW
------------------------------------------------------------
[SEQ 108] [IEEE-BASELINE]
SCORE    : anomaly_score=0.000
DECISION : ALLOW
------------------------------------------------------------
[SEQ 109] [LAYER 0]
CMD      : M221 S200
TRUST    : acc_cmd=1.000 | acc_exec=1.000 | trust=0.001
DECISION : PAUSE
MACHINE  : Machine-2
------------------------------------------------------------
[SEQ 109] [STATIC-BASELINE]
CMD      : M221 | effects={'M': 221.0, 'S': 200.0}
DECISION : BLOCK
------------------------------------------------------------
[SEQ 109] [IEEE-BASELINE]
SCORE    : anomaly_score=0.000
DECISION : ALLOW
------------------------------------------------------------
[SEQ 110] [LAYER 0]
CMD      : G92 E1000
TRUST    : acc_cmd=0.000 | acc_exec=1.000 | trust=0.001
DECISION : PAUSE
MACHINE  : Machine-2
------------------------------------------------------------
[SEQ 110] [STATIC-BASELINE]
CMD      : G92 | effects={'reset': {'G': 92.0, 'E': 1000.0}}
DECISION : BLOCK
------------------------------------------------------------
[SEQ 110] [IEEE-BASELINE]
SCORE    : anomaly_score=0.000
DECISION : ALLOW
------------------------------------------------------------
[SEQ 111] [LAYER 0]
CMD      : M221 S200
TRUST    : acc_cmd=1.000 | acc_exec=1.000 | trust=0.001
DECISION : PAUSE
MACHINE  : Machine-2
------------------------------------------------------------
[SEQ 111] [STATIC-BASELINE]
CMD      : M221 | effects={'M': 221.0, 'S': 200.0}
DECISION : BLOCK
------------------------------------------------------------
[SEQ 111] [IEEE-BASELINE]
SCORE    : anomaly_score=0.000
DECISION : ALLOW
------------------------------------------------------------
[SEQ 112] [LAYER 0]
CMD      : M221 S200
TRUST    : acc_cmd=1.000 | acc_exec=1.000 | trust=0.001
DECISION : PAUSE
MACHINE  : Machine-2
------------------------------------------------------------
[SEQ 112] [STATIC-BASELINE]
CMD      : M221 | effects={'M': 221.0, 'S': 200.0}
DECISION : BLOCK
------------------------------------------------------------
[SEQ 112] [IEEE-BASELINE]
SCORE    : anomaly_score=0.000
DECISION : ALLOW
------------------------------------------------------------
[SEQ 113] [LAYER 0]
CMD      : M92 E2000
TRUST    : acc_cmd=1.000 | acc_exec=1.000 | trust=0.001
DECISION : PAUSE
MACHINE  : Machine-2
------------------------------------------------------------
[SEQ 113] [STATIC-BASELINE]
CMD      : M92 | effects={'M': 92.0, 'E': 2000.0}
DECISION : BLOCK
------------------------------------------------------------
[SEQ 113] [IEEE-BASELINE]
SCORE    : anomaly_score=0.000
DECISION : ALLOW
------------------------------------------------------------
[SEQ 114] [LAYER 0]
CMD      : G92 E1000
TRUST    : acc_cmd=0.000 | acc_exec=1.000 | trust=0.001
DECISION : PAUSE
MACHINE  : Machine-2
------------------------------------------------------------
[SEQ 114] [STATIC-BASELINE]
CMD      : G92 | effects={'reset': {'G': 92.0, 'E': 1000.0}}
DECISION : BLOCK
------------------------------------------------------------
[SEQ 114] [IEEE-BASELINE]
SCORE    : anomaly_score=0.000
DECISION : ALLOW
------------------------------------------------------------
[SEQ 115] [LAYER 0]
CMD      : M221 S200
TRUST    : acc_cmd=1.000 | acc_exec=1.000 | trust=0.001
DECISION : PAUSE
MACHINE  : Machine-2
------------------------------------------------------------
[SEQ 115] [STATIC-BASELINE]
CMD      : M221 | effects={'M': 221.0, 'S': 200.0}
DECISION : BLOCK
------------------------------------------------------------
[SEQ 115] [IEEE-BASELINE]
SCORE    : anomaly_score=0.000
DECISION : ALLOW
------------------------------------------------------------
[SEQ 116] [LAYER 0]
CMD      : G1 X157.907 Y116.368 E2.96225
TRUST    : acc_cmd=0.000 | acc_exec=1.000 | trust=0.001
DECISION : PAUSE
MACHINE  : Machine-2
------------------------------------------------------------
[SEQ 116] [STATIC-BASELINE]
CMD      : G1 | effects={'dx': -8.295999999999992, 'dy': -11.576000000000008, 'dz': 0.0, 'de': -997.03775, 'xy_dist': 14.241748207295341, 'params': {'G': 1.0, 'X': 157.907, 'Y': 116.368, 'E': 2.96225}}
DECISION : ALLOW
------------------------------------------------------------
[SEQ 116] [IEEE-BASELINE]
SCORE    : anomaly_score=0.000
DECISION : ALLOW
------------------------------------------------------------
[SEQ 117] [LAYER 0]
CMD      : G1 X158.526 Y115.278 E2.98583
TRUST    : acc_cmd=0.000 | acc_exec=0.000 | trust=0.007
DECISION : PAUSE
MACHINE  : Machine-2
------------------------------------------------------------
[SEQ 117] [STATIC-BASELINE]
CMD      : G1 | effects={'dx': 0.6189999999999998, 'dy': -1.0899999999999892, 'dz': 0.0, 'de': 0.023579999999999934, 'xy_dist': 1.2534995013959822, 'params': {'G': 1.0, 'X': 158.526, 'Y': 115.278, 'E': 2.98583}}
DECISION : ALLOW
------------------------------------------------------------
[SEQ 117] [IEEE-BASELINE]
SCORE    : anomaly_score=0.000
DECISION : ALLOW
------------------------------------------------------------
[SEQ 118] [LAYER 0]
CMD      : G92 E1000
TRUST    : acc_cmd=0.000 | acc_exec=1.000 | trust=0.005
DECISION : PAUSE
MACHINE  : Machine-2
------------------------------------------------------------
[SEQ 118] [STATIC-BASELINE]
CMD      : G92 | effects={'reset': {'G': 92.0, 'E': 1000.0}}
DECISION : BLOCK
------------------------------------------------------------
[SEQ 118] [IEEE-BASELINE]
SCORE    : anomaly_score=0.000
DECISION : ALLOW
------------------------------------------------------------
[SEQ 119] [LAYER 0]
CMD      : M221 S200
TRUST    : acc_cmd=1.000 | acc_exec=1.000 | trust=0.003
DECISION : PAUSE
MACHINE  : Machine-2
------------------------------------------------------------
[SEQ 119] [STATIC-BASELINE]
CMD      : M221 | effects={'M': 221.0, 'S': 200.0}
DECISION : BLOCK
------------------------------------------------------------
[SEQ 119] [IEEE-BASELINE]
SCORE    : anomaly_score=0.000
DECISION : ALLOW
------------------------------------------------------------
[SEQ 120] [LAYER 0]
CMD      : M221 S200
TRUST    : acc_cmd=1.000 | acc_exec=1.000 | trust=0.002
DECISION : PAUSE
MACHINE  : Machine-2
------------------------------------------------------------
[SEQ 120] [STATIC-BASELINE]
CMD      : M221 | effects={'M': 221.0, 'S': 200.0}
DECISION : BLOCK
------------------------------------------------------------
[SEQ 120] [IEEE-BASELINE]
SCORE    : anomaly_score=0.000
DECISION : ALLOW
------------------------------------------------------------
[SEQ 121] [LAYER 0]
CMD      : G92 E1000
TRUST    : acc_cmd=0.000 | acc_exec=1.000 | trust=0.001
DECISION : PAUSE
MACHINE  : Machine-2
------------------------------------------------------------
[SEQ 121] [STATIC-BASELINE]
CMD      : G92 | effects={'reset': {'G': 92.0, 'E': 1000.0}}
DECISION : BLOCK
------------------------------------------------------------
[SEQ 121] [IEEE-BASELINE]
SCORE    : anomaly_score=0.000
DECISION : ALLOW
------------------------------------------------------------
[SEQ 122] [LAYER 0]
CMD      : M92 E2000
TRUST    : acc_cmd=1.000 | acc_exec=1.000 | trust=0.001
DECISION : PAUSE
MACHINE  : Machine-2
------------------------------------------------------------
[SEQ 122] [STATIC-BASELINE]
CMD      : M92 | effects={'M': 92.0, 'E': 2000.0}
DECISION : BLOCK
------------------------------------------------------------
[SEQ 122] [IEEE-BASELINE]
SCORE    : anomaly_score=0.000
DECISION : ALLOW
------------------------------------------------------------
[SEQ 123] [LAYER 0]
CMD      : M92 E2000
TRUST    : acc_cmd=1.000 | acc_exec=1.000 | trust=0.001
DECISION : PAUSE
MACHINE  : Machine-2
------------------------------------------------------------
[SEQ 123] [STATIC-BASELINE]
CMD      : M92 | effects={'M': 92.0, 'E': 2000.0}
DECISION : BLOCK
------------------------------------------------------------
[SEQ 123] [IEEE-BASELINE]
SCORE    : anomaly_score=0.000
DECISION : ALLOW
------------------------------------------------------------
[SEQ 124] [LAYER 0]
CMD      : G1 X167.733 Y112.874 E3.17275
TRUST    : acc_cmd=0.000 | acc_exec=1.000 | trust=0.001
DECISION : PAUSE
MACHINE  : Machine-2
------------------------------------------------------------
[SEQ 124] [STATIC-BASELINE]
CMD      : G1 | effects={'dx': 9.206999999999994, 'dy': -2.4040000000000106, 'dz': 0.0, 'de': -996.82725, 'xy_dist': 9.51567470019861, 'params': {'G': 1.0, 'X': 167.733, 'Y': 112.874, 'E': 3.17275}}
DECISION : ALLOW
------------------------------------------------------------
[SEQ 124] [IEEE-BASELINE]
SCORE    : anomaly_score=0.000
DECISION : ALLOW
------------------------------------------------------------
[SEQ 125] [LAYER 0]
CMD      : M221 S200
TRUST    : acc_cmd=1.000 | acc_exec=1.000 | trust=0.001
DECISION : PAUSE
MACHINE  : Machine-2
------------------------------------------------------------
[SEQ 125] [STATIC-BASELINE]
CMD      : M221 | effects={'M': 221.0, 'S': 200.0}
DECISION : BLOCK
------------------------------------------------------------
[SEQ 125] [IEEE-BASELINE]
SCORE    : anomaly_score=0.000
DECISION : ALLOW
------------------------------------------------------------
[SEQ 126] [LAYER 0]
CMD      : G92 E1000
TRUST    : acc_cmd=0.000 | acc_exec=1.000 | trust=0.001
DECISION : PAUSE
MACHINE  : Machine-2
------------------------------------------------------------
[SEQ 126] [STATIC-BASELINE]
CMD      : G92 | effects={'reset': {'G': 92.0, 'E': 1000.0}}
DECISION : BLOCK
------------------------------------------------------------
[SEQ 126] [IEEE-BASELINE]
SCORE    : anomaly_score=0.000
DECISION : ALLOW
------------------------------------------------------------
[SEQ 127] [LAYER 0]
CMD      : M92 E2000
TRUST    : acc_cmd=1.000 | acc_exec=1.000 | trust=0.001
DECISION : PAUSE
MACHINE  : Machine-2
------------------------------------------------------------
[SEQ 127] [STATIC-BASELINE]
CMD      : M92 | effects={'M': 92.0, 'E': 2000.0}
DECISION : BLOCK
------------------------------------------------------------
[SEQ 127] [IEEE-BASELINE]
SCORE    : anomaly_score=0.000
DECISION : ALLOW
------------------------------------------------------------
[SEQ 128] [LAYER 0]
CMD      : M221 S200
TRUST    : acc_cmd=1.000 | acc_exec=1.000 | trust=0.001
DECISION : PAUSE
MACHINE  : Machine-2
------------------------------------------------------------
[SEQ 128] [STATIC-BASELINE]
CMD      : M221 | effects={'M': 221.0, 'S': 200.0}
DECISION : BLOCK
------------------------------------------------------------
[SEQ 128] [IEEE-BASELINE]
SCORE    : anomaly_score=0.000
DECISION : ALLOW
------------------------------------------------------------
[SEQ 129] [LAYER 0]
CMD      : M92 E2000
TRUST    : acc_cmd=1.000 | acc_exec=1.000 | trust=0.001
DECISION : PAUSE
MACHINE  : Machine-2
------------------------------------------------------------
[SEQ 129] [STATIC-BASELINE]
CMD      : M92 | effects={'M': 92.0, 'E': 2000.0}
DECISION : BLOCK
------------------------------------------------------------
[SEQ 129] [IEEE-BASELINE]
SCORE    : anomaly_score=0.000
DECISION : ALLOW
------------------------------------------------------------
[SEQ 130] [LAYER 0]
CMD      : M221 S200
TRUST    : acc_cmd=1.000 | acc_exec=1.000 | trust=0.001
DECISION : PAUSE
MACHINE  : Machine-2
------------------------------------------------------------
[SEQ 130] [STATIC-BASELINE]
CMD      : M221 | effects={'M': 221.0, 'S': 200.0}
DECISION : BLOCK
------------------------------------------------------------
[SEQ 130] [IEEE-BASELINE]
SCORE    : anomaly_score=0.000
DECISION : ALLOW
------------------------------------------------------------
[SEQ 131] [LAYER 0]
CMD      : G92 E1000
TRUST    : acc_cmd=0.000 | acc_exec=1.000 | trust=0.001
DECISION : PAUSE
MACHINE  : Machine-2
------------------------------------------------------------
[SEQ 131] [STATIC-BASELINE]
CMD      : G92 | effects={'reset': {'G': 92.0, 'E': 1000.0}}
DECISION : BLOCK
------------------------------------------------------------
[SEQ 131] [IEEE-BASELINE]
SCORE    : anomaly_score=0.000
DECISION : ALLOW
------------------------------------------------------------
[SEQ 132] [LAYER 0]
CMD      : M92 E2000
TRUST    : acc_cmd=1.000 | acc_exec=1.000 | trust=0.001
DECISION : PAUSE
MACHINE  : Machine-2
------------------------------------------------------------
[SEQ 132] [STATIC-BASELINE]
CMD      : M92 | effects={'M': 92.0, 'E': 2000.0}
DECISION : BLOCK
------------------------------------------------------------
[SEQ 132] [IEEE-BASELINE]
SCORE    : anomaly_score=0.000
DECISION : ALLOW
------------------------------------------------------------
[SEQ 133] [LAYER 0]
CMD      : M221 S200
TRUST    : acc_cmd=1.000 | acc_exec=1.000 | trust=0.001
DECISION : PAUSE
MACHINE  : Machine-2
------------------------------------------------------------
[SEQ 133] [STATIC-BASELINE]
CMD      : M221 | effects={'M': 221.0, 'S': 200.0}
DECISION : BLOCK
------------------------------------------------------------
[SEQ 133] [IEEE-BASELINE]
SCORE    : anomaly_score=0.000
DECISION : ALLOW
------------------------------------------------------------
[SEQ 134] [LAYER 0]
CMD      : M92 E2000
TRUST    : acc_cmd=1.000 | acc_exec=1.000 | trust=0.001
DECISION : PAUSE
MACHINE  : Machine-2
------------------------------------------------------------
[SEQ 134] [STATIC-BASELINE]
CMD      : M92 | effects={'M': 92.0, 'E': 2000.0}
DECISION : BLOCK
------------------------------------------------------------
[SEQ 134] [IEEE-BASELINE]
SCORE    : anomaly_score=0.000
DECISION : ALLOW
------------------------------------------------------------
[SEQ 135] [LAYER 0]
CMD      : M221 S200
TRUST    : acc_cmd=1.000 | acc_exec=1.000 | trust=0.001
DECISION : PAUSE
MACHINE  : Machine-2
------------------------------------------------------------
[SEQ 135] [STATIC-BASELINE]
CMD      : M221 | effects={'M': 221.0, 'S': 200.0}
DECISION : BLOCK
------------------------------------------------------------
[SEQ 135] [IEEE-BASELINE]
SCORE    : anomaly_score=0.000
DECISION : ALLOW
------------------------------------------------------------
[SEQ 136] [LAYER 0]
CMD      : M221 S200
TRUST    : acc_cmd=1.000 | acc_exec=1.000 | trust=0.001
DECISION : PAUSE
MACHINE  : Machine-2
------------------------------------------------------------
[SEQ 136] [STATIC-BASELINE]
CMD      : M221 | effects={'M': 221.0, 'S': 200.0}
DECISION : BLOCK
------------------------------------------------------------
[SEQ 136] [IEEE-BASELINE]
SCORE    : anomaly_score=0.000
DECISION : ALLOW
------------------------------------------------------------
[SEQ 137] [LAYER 0]
CMD      : G92 E1000
TRUST    : acc_cmd=0.000 | acc_exec=1.000 | trust=0.001
DECISION : PAUSE
MACHINE  : Machine-2
------------------------------------------------------------
[SEQ 137] [STATIC-BASELINE]
CMD      : G92 | effects={'reset': {'G': 92.0, 'E': 1000.0}}
DECISION : BLOCK
------------------------------------------------------------
[SEQ 137] [IEEE-BASELINE]
SCORE    : anomaly_score=0.000
DECISION : ALLOW
------------------------------------------------------------
[SEQ 138] [LAYER 0]
CMD      : M221 S200
TRUST    : acc_cmd=1.000 | acc_exec=1.000 | trust=0.001
DECISION : PAUSE
MACHINE  : Machine-2
------------------------------------------------------------
[SEQ 138] [STATIC-BASELINE]
CMD      : M221 | effects={'M': 221.0, 'S': 200.0}
DECISION : BLOCK
------------------------------------------------------------
[SEQ 138] [IEEE-BASELINE]
SCORE    : anomaly_score=0.000
DECISION : ALLOW
------------------------------------------------------------
[SEQ 139] [LAYER 0]
CMD      : M221 S200
TRUST    : acc_cmd=1.000 | acc_exec=1.000 | trust=0.001
DECISION : PAUSE
MACHINE  : Machine-2
------------------------------------------------------------
[SEQ 139] [STATIC-BASELINE]
CMD      : M221 | effects={'M': 221.0, 'S': 200.0}
DECISION : BLOCK
------------------------------------------------------------
[SEQ 139] [IEEE-BASELINE]
SCORE    : anomaly_score=0.000
DECISION : ALLOW
------------------------------------------------------------
[SEQ 140] [LAYER 0]
CMD      : M92 E2000
TRUST    : acc_cmd=1.000 | acc_exec=1.000 | trust=0.001
DECISION : PAUSE
MACHINE  : Machine-2
------------------------------------------------------------
[SEQ 140] [STATIC-BASELINE]
CMD      : M92 | effects={'M': 92.0, 'E': 2000.0}
DECISION : BLOCK
------------------------------------------------------------
[SEQ 140] [IEEE-BASELINE]
SCORE    : anomaly_score=0.000
DECISION : ALLOW
------------------------------------------------------------
[SEQ 141] [LAYER 0]
CMD      : G92 E1000
TRUST    : acc_cmd=0.000 | acc_exec=1.000 | trust=0.001
DECISION : PAUSE
MACHINE  : Machine-2
------------------------------------------------------------
[SEQ 141] [STATIC-BASELINE]
CMD      : G92 | effects={'reset': {'G': 92.0, 'E': 1000.0}}
DECISION : BLOCK
------------------------------------------------------------
[SEQ 141] [IEEE-BASELINE]
SCORE    : anomaly_score=0.000
DECISION : ALLOW
------------------------------------------------------------
[SEQ 142] [LAYER 0]
CMD      : G92 E1000
TRUST    : acc_cmd=0.000 | acc_exec=1.000 | trust=0.001
DECISION : PAUSE
MACHINE  : Machine-2
------------------------------------------------------------
[SEQ 142] [STATIC-BASELINE]
CMD      : G92 | effects={'reset': {'G': 92.0, 'E': 1000.0}}
DECISION : BLOCK
------------------------------------------------------------
[SEQ 142] [IEEE-BASELINE]
SCORE    : anomaly_score=0.000
DECISION : ALLOW
------------------------------------------------------------
[SEQ 143] [LAYER 0]
CMD      : G92 E1000
TRUST    : acc_cmd=0.000 | acc_exec=1.000 | trust=0.001
DECISION : PAUSE
MACHINE  : Machine-2
------------------------------------------------------------
[SEQ 143] [STATIC-BASELINE]
CMD      : G92 | effects={'reset': {'G': 92.0, 'E': 1000.0}}
DECISION : BLOCK
------------------------------------------------------------
[SEQ 143] [IEEE-BASELINE]
SCORE    : anomaly_score=0.000
DECISION : ALLOW
------------------------------------------------------------
[SEQ 144] [LAYER 0]
CMD      : G92 E1000
TRUST    : acc_cmd=0.000 | acc_exec=1.000 | trust=0.001
DECISION : PAUSE
MACHINE  : Machine-2
------------------------------------------------------------
[SEQ 144] [STATIC-BASELINE]
CMD      : G92 | effects={'reset': {'G': 92.0, 'E': 1000.0}}
DECISION : BLOCK
------------------------------------------------------------
[SEQ 144] [IEEE-BASELINE]
SCORE    : anomaly_score=0.000
DECISION : ALLOW
------------------------------------------------------------
[SEQ 145] [LAYER 0]
CMD      : G92 E1000
TRUST    : acc_cmd=0.000 | acc_exec=1.000 | trust=0.001
DECISION : PAUSE
MACHINE  : Machine-2
------------------------------------------------------------
[SEQ 145] [STATIC-BASELINE]
CMD      : G92 | effects={'reset': {'G': 92.0, 'E': 1000.0}}
DECISION : BLOCK
------------------------------------------------------------
[SEQ 145] [IEEE-BASELINE]
SCORE    : anomaly_score=0.000
DECISION : ALLOW
------------------------------------------------------------
[SEQ 146] [LAYER 0]
CMD      : G1 X160.977 Y113.99 E3.93364
TRUST    : acc_cmd=0.000 | acc_exec=1.000 | trust=0.001
DECISION : PAUSE
MACHINE  : Machine-2
------------------------------------------------------------
[SEQ 146] [STATIC-BASELINE]
CMD      : G1 | effects={'dx': -6.756, 'dy': 1.1159999999999997, 'dz': 0.0, 'de': -996.06636, 'xy_dist': 6.847553723776105, 'params': {'G': 1.0, 'X': 160.977, 'Y': 113.99, 'E': 3.93364}}
DECISION : ALLOW
------------------------------------------------------------
[SEQ 146] [IEEE-BASELINE]
SCORE    : anomaly_score=0.000
DECISION : ALLOW
------------------------------------------------------------
[SEQ 147] [LAYER 0]
CMD      : G1 X162.704 Y113.2 E3.96937
TRUST    : acc_cmd=0.000 | acc_exec=0.000 | trust=0.007
DECISION : PAUSE
MACHINE  : Machine-2
------------------------------------------------------------
[SEQ 147] [STATIC-BASELINE]
CMD      : G1 | effects={'dx': 1.7270000000000039, 'dy': -0.789999999999992, 'dz': 0.0, 'de': 0.03573000000000004, 'xy_dist': 1.8991126875464766, 'params': {'G': 1.0, 'X': 162.704, 'Y': 113.2, 'E': 3.96937}}
DECISION : ALLOW
------------------------------------------------------------
[SEQ 147] [IEEE-BASELINE]
SCORE    : anomaly_score=0.000
DECISION : ALLOW
------------------------------------------------------------
[SEQ 148] [LAYER 0]
CMD      : M92 E2000
TRUST    : acc_cmd=1.000 | acc_exec=1.000 | trust=0.005
DECISION : PAUSE
MACHINE  : Machine-2
------------------------------------------------------------
[SEQ 148] [STATIC-BASELINE]
CMD      : M92 | effects={'M': 92.0, 'E': 2000.0}
DECISION : BLOCK
------------------------------------------------------------
[SEQ 148] [IEEE-BASELINE]
SCORE    : anomaly_score=0.000
DECISION : ALLOW
------------------------------------------------------------
[SEQ 149] [LAYER 0]
CMD      : M92 E2000
TRUST    : acc_cmd=1.000 | acc_exec=1.000 | trust=0.003
DECISION : PAUSE
MACHINE  : Machine-2
------------------------------------------------------------
[SEQ 149] [STATIC-BASELINE]
CMD      : M92 | effects={'M': 92.0, 'E': 2000.0}
DECISION : BLOCK
------------------------------------------------------------
[SEQ 149] [IEEE-BASELINE]
SCORE    : anomaly_score=0.000
DECISION : ALLOW
------------------------------------------------------------
[SEQ 150] [LAYER 0]
CMD      : M221 S200
TRUST    : acc_cmd=1.000 | acc_exec=1.000 | trust=0.002
DECISION : PAUSE
MACHINE  : Machine-2
------------------------------------------------------------
[SEQ 150] [STATIC-BASELINE]
CMD      : M221 | effects={'M': 221.0, 'S': 200.0}
DECISION : BLOCK
------------------------------------------------------------
[SEQ 150] [IEEE-BASELINE]
SCORE    : anomaly_score=0.000
DECISION : ALLOW
------------------------------------------------------------
[SEQ 151] [LAYER 0]
CMD      : M221 S200
TRUST    : acc_cmd=1.000 | acc_exec=1.000 | trust=0.001
DECISION : PAUSE
MACHINE  : Machine-2
------------------------------------------------------------
[SEQ 151] [STATIC-BASELINE]
CMD      : M221 | effects={'M': 221.0, 'S': 200.0}
DECISION : BLOCK
------------------------------------------------------------
[SEQ 151] [IEEE-BASELINE]
SCORE    : anomaly_score=0.000
DECISION : ALLOW
------------------------------------------------------------
[SEQ 152] [LAYER 0]
CMD      : G92 E1000
TRUST    : acc_cmd=0.000 | acc_exec=1.000 | trust=0.001
DECISION : PAUSE
MACHINE  : Machine-2
------------------------------------------------------------
[SEQ 152] [STATIC-BASELINE]
CMD      : G92 | effects={'reset': {'G': 92.0, 'E': 1000.0}}
DECISION : BLOCK
------------------------------------------------------------
[SEQ 152] [IEEE-BASELINE]
SCORE    : anomaly_score=0.000
DECISION : ALLOW
------------------------------------------------------------
[SEQ 153] [LAYER 0]
CMD      : M221 S200
TRUST    : acc_cmd=1.000 | acc_exec=1.000 | trust=0.001
DECISION : PAUSE
MACHINE  : Machine-2
------------------------------------------------------------
[SEQ 153] [STATIC-BASELINE]
CMD      : M221 | effects={'M': 221.0, 'S': 200.0}
DECISION : BLOCK
------------------------------------------------------------
[SEQ 153] [IEEE-BASELINE]
SCORE    : anomaly_score=0.000
DECISION : ALLOW
------------------------------------------------------------
[SEQ 154] [LAYER 0]
CMD      : G92 E1000
TRUST    : acc_cmd=0.000 | acc_exec=1.000 | trust=0.001
DECISION : PAUSE
MACHINE  : Machine-2
------------------------------------------------------------
[SEQ 154] [STATIC-BASELINE]
CMD      : G92 | effects={'reset': {'G': 92.0, 'E': 1000.0}}
DECISION : BLOCK
------------------------------------------------------------
[SEQ 154] [IEEE-BASELINE]
SCORE    : anomaly_score=0.000
DECISION : ALLOW
------------------------------------------------------------
[SEQ 155] [LAYER 0]
CMD      : M92 E2000
TRUST    : acc_cmd=1.000 | acc_exec=1.000 | trust=0.001
DECISION : PAUSE
MACHINE  : Machine-2
------------------------------------------------------------
[SEQ 155] [STATIC-BASELINE]
CMD      : M92 | effects={'M': 92.0, 'E': 2000.0}
DECISION : BLOCK
------------------------------------------------------------
[SEQ 155] [IEEE-BASELINE]
SCORE    : anomaly_score=0.000
DECISION : ALLOW
------------------------------------------------------------
[SEQ 156] [LAYER 0]
CMD      : M92 E2000
TRUST    : acc_cmd=1.000 | acc_exec=1.000 | trust=0.001
DECISION : PAUSE
MACHINE  : Machine-2
------------------------------------------------------------
[SEQ 156] [STATIC-BASELINE]
CMD      : M92 | effects={'M': 92.0, 'E': 2000.0}
DECISION : BLOCK
------------------------------------------------------------
[SEQ 156] [IEEE-BASELINE]
SCORE    : anomaly_score=0.000
DECISION : ALLOW
------------------------------------------------------------
[SEQ 157] [LAYER 0]
CMD      : M221 S200
TRUST    : acc_cmd=1.000 | acc_exec=1.000 | trust=0.001
DECISION : PAUSE
MACHINE  : Machine-2
------------------------------------------------------------
[SEQ 157] [STATIC-BASELINE]
CMD      : M221 | effects={'M': 221.0, 'S': 200.0}
DECISION : BLOCK
------------------------------------------------------------
[SEQ 157] [IEEE-BASELINE]
SCORE    : anomaly_score=0.000
DECISION : ALLOW
------------------------------------------------------------
[SEQ 158] [LAYER 0]
CMD      : M92 E2000
TRUST    : acc_cmd=1.000 | acc_exec=1.000 | trust=0.001
DECISION : PAUSE
MACHINE  : Machine-2
------------------------------------------------------------
[SEQ 158] [STATIC-BASELINE]
CMD      : M92 | effects={'M': 92.0, 'E': 2000.0}
DECISION : BLOCK
------------------------------------------------------------
[SEQ 158] [IEEE-BASELINE]
SCORE    : anomaly_score=0.000
DECISION : ALLOW
------------------------------------------------------------
[SEQ 159] [LAYER 0]
CMD      : M92 E2000
TRUST    : acc_cmd=1.000 | acc_exec=1.000 | trust=0.001
DECISION : PAUSE
MACHINE  : Machine-2
------------------------------------------------------------
[SEQ 159] [STATIC-BASELINE]
CMD      : M92 | effects={'M': 92.0, 'E': 2000.0}
DECISION : BLOCK
------------------------------------------------------------
[SEQ 159] [IEEE-BASELINE]
SCORE    : anomaly_score=0.000
DECISION : ALLOW
------------------------------------------------------------
[SEQ 160] [LAYER 0]
CMD      : G92 E1000
TRUST    : acc_cmd=0.000 | acc_exec=1.000 | trust=0.001
DECISION : PAUSE
MACHINE  : Machine-2
------------------------------------------------------------
[SEQ 160] [STATIC-BASELINE]
CMD      : G92 | effects={'reset': {'G': 92.0, 'E': 1000.0}}
DECISION : BLOCK
------------------------------------------------------------
[SEQ 160] [IEEE-BASELINE]
SCORE    : anomaly_score=0.000
DECISION : ALLOW
------------------------------------------------------------
[SEQ 161] [LAYER 0]
CMD      : M92 E2000
TRUST    : acc_cmd=1.000 | acc_exec=1.000 | trust=0.001
DECISION : PAUSE
MACHINE  : Machine-2
------------------------------------------------------------
[SEQ 161] [STATIC-BASELINE]
CMD      : M92 | effects={'M': 92.0, 'E': 2000.0}
DECISION : BLOCK
------------------------------------------------------------
[SEQ 161] [IEEE-BASELINE]
SCORE    : anomaly_score=0.000
DECISION : ALLOW
------------------------------------------------------------
[SEQ 162] [LAYER 0]
CMD      : M92 E2000
TRUST    : acc_cmd=1.000 | acc_exec=1.000 | trust=0.001
DECISION : PAUSE
MACHINE  : Machine-2
------------------------------------------------------------
[SEQ 162] [STATIC-BASELINE]
CMD      : M92 | effects={'M': 92.0, 'E': 2000.0}
DECISION : BLOCK
------------------------------------------------------------
[SEQ 162] [IEEE-BASELINE]
SCORE    : anomaly_score=0.000
DECISION : ALLOW
------------------------------------------------------------
[SEQ 163] [LAYER 0]
CMD      : G92 E1000
TRUST    : acc_cmd=0.000 | acc_exec=1.000 | trust=0.001
DECISION : PAUSE
MACHINE  : Machine-2
------------------------------------------------------------
[SEQ 163] [STATIC-BASELINE]
CMD      : G92 | effects={'reset': {'G': 92.0, 'E': 1000.0}}
DECISION : BLOCK
------------------------------------------------------------
[SEQ 163] [IEEE-BASELINE]
SCORE    : anomaly_score=0.000
DECISION : ALLOW
------------------------------------------------------------
[SEQ 164] [LAYER 0]
CMD      : M221 S200
TRUST    : acc_cmd=1.000 | acc_exec=1.000 | trust=0.001
DECISION : PAUSE
MACHINE  : Machine-2
------------------------------------------------------------
[SEQ 164] [STATIC-BASELINE]
CMD      : M221 | effects={'M': 221.0, 'S': 200.0}
DECISION : BLOCK
------------------------------------------------------------
[SEQ 164] [IEEE-BASELINE]
SCORE    : anomaly_score=0.000
DECISION : ALLOW
------------------------------------------------------------
[SEQ 165] [LAYER 0]
CMD      : M92 E2000
TRUST    : acc_cmd=1.000 | acc_exec=1.000 | trust=0.001
DECISION : PAUSE
MACHINE  : Machine-2
------------------------------------------------------------
[SEQ 165] [STATIC-BASELINE]
CMD      : M92 | effects={'M': 92.0, 'E': 2000.0}
DECISION : BLOCK
------------------------------------------------------------
[SEQ 165] [IEEE-BASELINE]
SCORE    : anomaly_score=0.000
DECISION : ALLOW
------------------------------------------------------------
[SEQ 166] [LAYER 0]
CMD      : M221 S200
TRUST    : acc_cmd=1.000 | acc_exec=1.000 | trust=0.001
DECISION : PAUSE
MACHINE  : Machine-2
------------------------------------------------------------
[SEQ 166] [STATIC-BASELINE]
CMD      : M221 | effects={'M': 221.0, 'S': 200.0}
DECISION : BLOCK
------------------------------------------------------------
[SEQ 166] [IEEE-BASELINE]
SCORE    : anomaly_score=0.000
DECISION : ALLOW
------------------------------------------------------------
[SEQ 167] [LAYER 0]
CMD      : M221 S200
TRUST    : acc_cmd=1.000 | acc_exec=1.000 | trust=0.001
DECISION : PAUSE
MACHINE  : Machine-2
------------------------------------------------------------
[SEQ 167] [STATIC-BASELINE]
CMD      : M221 | effects={'M': 221.0, 'S': 200.0}
DECISION : BLOCK
------------------------------------------------------------
[SEQ 167] [IEEE-BASELINE]
SCORE    : anomaly_score=0.000
DECISION : ALLOW
------------------------------------------------------------
[SEQ 168] [LAYER 0]
CMD      : G92 E1000
TRUST    : acc_cmd=0.000 | acc_exec=1.000 | trust=0.001
DECISION : PAUSE
MACHINE  : Machine-2
------------------------------------------------------------
[SEQ 168] [STATIC-BASELINE]
CMD      : G92 | effects={'reset': {'G': 92.0, 'E': 1000.0}}
DECISION : BLOCK
------------------------------------------------------------
[SEQ 168] [IEEE-BASELINE]
SCORE    : anomaly_score=0.000
DECISION : ALLOW
------------------------------------------------------------
[SEQ 169] [LAYER 0]
CMD      : G92 E1000
TRUST    : acc_cmd=0.000 | acc_exec=1.000 | trust=0.001
DECISION : PAUSE
MACHINE  : Machine-2
------------------------------------------------------------
[SEQ 169] [STATIC-BASELINE]
CMD      : G92 | effects={'reset': {'G': 92.0, 'E': 1000.0}}
DECISION : BLOCK
------------------------------------------------------------
[SEQ 169] [IEEE-BASELINE]
SCORE    : anomaly_score=0.000
DECISION : ALLOW
------------------------------------------------------------
[SEQ 170] [LAYER 0]
CMD      : M221 S200
TRUST    : acc_cmd=1.000 | acc_exec=1.000 | trust=0.001
DECISION : PAUSE
MACHINE  : Machine-2
------------------------------------------------------------
[SEQ 170] [STATIC-BASELINE]
CMD      : M221 | effects={'M': 221.0, 'S': 200.0}
DECISION : BLOCK
------------------------------------------------------------
[SEQ 170] [IEEE-BASELINE]
SCORE    : anomaly_score=0.000
DECISION : ALLOW
------------------------------------------------------------
[SEQ 171] [LAYER 0]
CMD      : G92 E1000
TRUST    : acc_cmd=0.000 | acc_exec=1.000 | trust=0.001
DECISION : PAUSE
MACHINE  : Machine-2
------------------------------------------------------------
[SEQ 171] [STATIC-BASELINE]
CMD      : G92 | effects={'reset': {'G': 92.0, 'E': 1000.0}}
DECISION : BLOCK
------------------------------------------------------------
[SEQ 171] [IEEE-BASELINE]
SCORE    : anomaly_score=0.000
DECISION : ALLOW
------------------------------------------------------------
[SEQ 172] [LAYER 0]
CMD      : G92 E1000
TRUST    : acc_cmd=0.000 | acc_exec=1.000 | trust=0.001
DECISION : PAUSE
MACHINE  : Machine-2
------------------------------------------------------------
[SEQ 172] [STATIC-BASELINE]
CMD      : G92 | effects={'reset': {'G': 92.0, 'E': 1000.0}}
DECISION : BLOCK
------------------------------------------------------------
[SEQ 172] [IEEE-BASELINE]
SCORE    : anomaly_score=0.000
DECISION : ALLOW
------------------------------------------------------------
[SEQ 173] [LAYER 0]
CMD      : G92 E1000
TRUST    : acc_cmd=0.000 | acc_exec=1.000 | trust=0.001
DECISION : PAUSE
MACHINE  : Machine-2
------------------------------------------------------------
[SEQ 173] [STATIC-BASELINE]
CMD      : G92 | effects={'reset': {'G': 92.0, 'E': 1000.0}}
DECISION : BLOCK
------------------------------------------------------------
[SEQ 173] [IEEE-BASELINE]
SCORE    : anomaly_score=0.000
DECISION : ALLOW
------------------------------------------------------------
[SEQ 174] [LAYER 0]
CMD      : G92 E1000
TRUST    : acc_cmd=0.000 | acc_exec=1.000 | trust=0.001
DECISION : PAUSE
MACHINE  : Machine-2
------------------------------------------------------------
[SEQ 174] [STATIC-BASELINE]
CMD      : G92 | effects={'reset': {'G': 92.0, 'E': 1000.0}}
DECISION : BLOCK
------------------------------------------------------------
[SEQ 174] [IEEE-BASELINE]
SCORE    : anomaly_score=0.000
DECISION : ALLOW
------------------------------------------------------------
[SEQ 175] [LAYER 0]
CMD      : M221 S200
TRUST    : acc_cmd=1.000 | acc_exec=1.000 | trust=0.001
DECISION : PAUSE
MACHINE  : Machine-2
------------------------------------------------------------
[SEQ 175] [STATIC-BASELINE]
CMD      : M221 | effects={'M': 221.0, 'S': 200.0}
DECISION : BLOCK
------------------------------------------------------------
[SEQ 175] [IEEE-BASELINE]
SCORE    : anomaly_score=0.000
DECISION : ALLOW
------------------------------------------------------------
[SEQ 176] [LAYER 0]
CMD      : M92 E2000
TRUST    : acc_cmd=1.000 | acc_exec=1.000 | trust=0.001
DECISION : PAUSE
MACHINE  : Machine-2
------------------------------------------------------------
[SEQ 176] [STATIC-BASELINE]
CMD      : M92 | effects={'M': 92.0, 'E': 2000.0}
DECISION : BLOCK
------------------------------------------------------------
[SEQ 176] [IEEE-BASELINE]
SCORE    : anomaly_score=0.000
DECISION : ALLOW
------------------------------------------------------------
[SEQ 177] [LAYER 0]
CMD      : M221 S200
TRUST    : acc_cmd=1.000 | acc_exec=1.000 | trust=0.001
DECISION : PAUSE
MACHINE  : Machine-2
------------------------------------------------------------
[SEQ 177] [STATIC-BASELINE]
CMD      : M221 | effects={'M': 221.0, 'S': 200.0}
DECISION : BLOCK
------------------------------------------------------------
[SEQ 177] [IEEE-BASELINE]
SCORE    : anomaly_score=0.000
DECISION : ALLOW
------------------------------------------------------------
[SEQ 178] [LAYER 0]
CMD      : G92 E1000
TRUST    : acc_cmd=0.000 | acc_exec=1.000 | trust=0.001
DECISION : PAUSE
MACHINE  : Machine-2
------------------------------------------------------------
[SEQ 178] [STATIC-BASELINE]
CMD      : G92 | effects={'reset': {'G': 92.0, 'E': 1000.0}}
DECISION : BLOCK
------------------------------------------------------------
[SEQ 178] [IEEE-BASELINE]
SCORE    : anomaly_score=0.000
DECISION : ALLOW
------------------------------------------------------------
[SEQ 179] [LAYER 0]
CMD      : M92 E2000
TRUST    : acc_cmd=1.000 | acc_exec=1.000 | trust=0.001
DECISION : PAUSE
MACHINE  : Machine-2
------------------------------------------------------------
[SEQ 179] [STATIC-BASELINE]
CMD      : M92 | effects={'M': 92.0, 'E': 2000.0}
DECISION : BLOCK
------------------------------------------------------------
[SEQ 179] [IEEE-BASELINE]
SCORE    : anomaly_score=0.000
DECISION : ALLOW
------------------------------------------------------------
[SEQ 180] [LAYER 0]
CMD      : M221 S200
TRUST    : acc_cmd=1.000 | acc_exec=1.000 | trust=0.001
DECISION : PAUSE
MACHINE  : Machine-2
------------------------------------------------------------
[SEQ 180] [STATIC-BASELINE]
CMD      : M221 | effects={'M': 221.0, 'S': 200.0}
DECISION : BLOCK
------------------------------------------------------------
[SEQ 180] [IEEE-BASELINE]
SCORE    : anomaly_score=0.000
DECISION : ALLOW
------------------------------------------------------------
[SEQ 181] [LAYER 0]
CMD      : G1 X171.748 Y121.1 E5.08136
TRUST    : acc_cmd=0.000 | acc_exec=1.000 | trust=0.001
DECISION : PAUSE
MACHINE  : Machine-2
------------------------------------------------------------
[SEQ 181] [STATIC-BASELINE]
CMD      : G1 | effects={'dx': 9.043999999999983, 'dy': 7.8999999999999915, 'dz': 0.0, 'de': -994.91864, 'xy_dist': 12.008494326933729, 'params': {'G': 1.0, 'X': 171.748, 'Y': 121.1, 'E': 5.08136}}
DECISION : ALLOW
------------------------------------------------------------
[SEQ 181] [IEEE-BASELINE]
SCORE    : anomaly_score=0.000
DECISION : ALLOW
------------------------------------------------------------
[SEQ 182] [LAYER 0]
CMD      : G92 E1000
TRUST    : acc_cmd=0.000 | acc_exec=1.000 | trust=0.001
DECISION : PAUSE
MACHINE  : Machine-2
------------------------------------------------------------
[SEQ 182] [STATIC-BASELINE]
CMD      : G92 | effects={'reset': {'G': 92.0, 'E': 1000.0}}
DECISION : BLOCK
------------------------------------------------------------
[SEQ 182] [IEEE-BASELINE]
SCORE    : anomaly_score=0.000
DECISION : ALLOW
------------------------------------------------------------
[SEQ 183] [LAYER 0]
CMD      : M221 S200
TRUST    : acc_cmd=1.000 | acc_exec=1.000 | trust=0.001
DECISION : PAUSE
MACHINE  : Machine-2
------------------------------------------------------------
[SEQ 183] [STATIC-BASELINE]
CMD      : M221 | effects={'M': 221.0, 'S': 200.0}
DECISION : BLOCK
------------------------------------------------------------
[SEQ 183] [IEEE-BASELINE]
SCORE    : anomaly_score=0.000
DECISION : ALLOW
------------------------------------------------------------
[SEQ 184] [LAYER 0]
CMD      : G92 E1000
TRUST    : acc_cmd=0.000 | acc_exec=1.000 | trust=0.001
DECISION : PAUSE
MACHINE  : Machine-2
------------------------------------------------------------
[SEQ 184] [STATIC-BASELINE]
CMD      : G92 | effects={'reset': {'G': 92.0, 'E': 1000.0}}
DECISION : BLOCK
------------------------------------------------------------
[SEQ 184] [IEEE-BASELINE]
SCORE    : anomaly_score=0.000
DECISION : ALLOW
------------------------------------------------------------
[SEQ 185] [LAYER 0]
CMD      : G92 E1000
TRUST    : acc_cmd=0.000 | acc_exec=1.000 | trust=0.001
DECISION : PAUSE
MACHINE  : Machine-2
------------------------------------------------------------
[SEQ 185] [STATIC-BASELINE]
CMD      : G92 | effects={'reset': {'G': 92.0, 'E': 1000.0}}
DECISION : BLOCK
------------------------------------------------------------
[SEQ 185] [IEEE-BASELINE]
SCORE    : anomaly_score=0.000
DECISION : ALLOW
------------------------------------------------------------
[SEQ 186] [LAYER 0]
CMD      : M92 E2000
TRUST    : acc_cmd=1.000 | acc_exec=1.000 | trust=0.001
DECISION : PAUSE
MACHINE  : Machine-2
------------------------------------------------------------
[SEQ 186] [STATIC-BASELINE]
CMD      : M92 | effects={'M': 92.0, 'E': 2000.0}
DECISION : BLOCK
------------------------------------------------------------
[SEQ 186] [IEEE-BASELINE]
SCORE    : anomaly_score=0.000
DECISION : ALLOW
------------------------------------------------------------
[SEQ 187] [LAYER 0]
CMD      : M92 E2000
TRUST    : acc_cmd=1.000 | acc_exec=1.000 | trust=0.001
DECISION : PAUSE
MACHINE  : Machine-2
------------------------------------------------------------
[SEQ 187] [STATIC-BASELINE]
CMD      : M92 | effects={'M': 92.0, 'E': 2000.0}
DECISION : BLOCK
------------------------------------------------------------
[SEQ 187] [IEEE-BASELINE]
SCORE    : anomaly_score=0.000
DECISION : ALLOW
------------------------------------------------------------
[SEQ 188] [LAYER 0]
CMD      : G1 X162.143 Y126.196 E5.31712
TRUST    : acc_cmd=0.000 | acc_exec=1.000 | trust=0.001
DECISION : PAUSE
MACHINE  : Machine-2
------------------------------------------------------------
[SEQ 188] [STATIC-BASELINE]
CMD      : G1 | effects={'dx': -9.60499999999999, 'dy': 5.096000000000004, 'dz': 0.0, 'de': -994.68288, 'xy_dist': 10.873143105836501, 'params': {'G': 1.0, 'X': 162.143, 'Y': 126.196, 'E': 5.31712}}
DECISION : ALLOW
------------------------------------------------------------
[SEQ 188] [IEEE-BASELINE]
SCORE    : anomaly_score=0.000
DECISION : ALLOW
------------------------------------------------------------
[SEQ 189] [LAYER 0]
CMD      : M221 S200
TRUST    : acc_cmd=1.000 | acc_exec=1.000 | trust=0.001
DECISION : PAUSE
MACHINE  : Machine-2
------------------------------------------------------------
[SEQ 189] [STATIC-BASELINE]
CMD      : M221 | effects={'M': 221.0, 'S': 200.0}
DECISION : BLOCK
------------------------------------------------------------
[SEQ 189] [IEEE-BASELINE]
SCORE    : anomaly_score=0.000
DECISION : ALLOW
------------------------------------------------------------
[SEQ 190] [LAYER 0]
CMD      : G92 E1000
TRUST    : acc_cmd=0.000 | acc_exec=1.000 | trust=0.001
DECISION : PAUSE
MACHINE  : Machine-2
------------------------------------------------------------
[SEQ 190] [STATIC-BASELINE]
CMD      : G92 | effects={'reset': {'G': 92.0, 'E': 1000.0}}
DECISION : BLOCK
------------------------------------------------------------
[SEQ 190] [IEEE-BASELINE]
SCORE    : anomaly_score=0.000
DECISION : ALLOW
------------------------------------------------------------
[SEQ 191] [LAYER 0]
CMD      : G92 E1000
TRUST    : acc_cmd=0.000 | acc_exec=1.000 | trust=0.001
DECISION : PAUSE
MACHINE  : Machine-2
------------------------------------------------------------
[SEQ 191] [STATIC-BASELINE]
CMD      : G92 | effects={'reset': {'G': 92.0, 'E': 1000.0}}
DECISION : BLOCK
------------------------------------------------------------
[SEQ 191] [IEEE-BASELINE]
SCORE    : anomaly_score=0.000
DECISION : ALLOW
------------------------------------------------------------
[SEQ 192] [LAYER 0]
CMD      : M221 S200
TRUST    : acc_cmd=1.000 | acc_exec=1.000 | trust=0.001
DECISION : PAUSE
MACHINE  : Machine-2
------------------------------------------------------------
[SEQ 192] [STATIC-BASELINE]
CMD      : M221 | effects={'M': 221.0, 'S': 200.0}
DECISION : BLOCK
------------------------------------------------------------
[SEQ 192] [IEEE-BASELINE]
SCORE    : anomaly_score=0.000
DECISION : ALLOW
------------------------------------------------------------
[SEQ 193] [LAYER 0]
CMD      : M221 S200
TRUST    : acc_cmd=1.000 | acc_exec=1.000 | trust=0.001
DECISION : PAUSE
MACHINE  : Machine-2
------------------------------------------------------------
[SEQ 193] [STATIC-BASELINE]
CMD      : M221 | effects={'M': 221.0, 'S': 200.0}
DECISION : BLOCK
------------------------------------------------------------
[SEQ 193] [IEEE-BASELINE]
SCORE    : anomaly_score=0.000
DECISION : ALLOW
------------------------------------------------------------
[SEQ 194] [LAYER 0]
CMD      : G92 E1000
TRUST    : acc_cmd=0.000 | acc_exec=1.000 | trust=0.001
DECISION : PAUSE
MACHINE  : Machine-2
------------------------------------------------------------
[SEQ 194] [STATIC-BASELINE]
CMD      : G92 | effects={'reset': {'G': 92.0, 'E': 1000.0}}
DECISION : BLOCK
------------------------------------------------------------
[SEQ 194] [IEEE-BASELINE]
SCORE    : anomaly_score=0.000
DECISION : ALLOW
------------------------------------------------------------
[SEQ 195] [LAYER 0]
CMD      : M92 E2000
TRUST    : acc_cmd=1.000 | acc_exec=1.000 | trust=0.001
DECISION : PAUSE
MACHINE  : Machine-2
------------------------------------------------------------
[SEQ 195] [STATIC-BASELINE]
CMD      : M92 | effects={'M': 92.0, 'E': 2000.0}
DECISION : BLOCK
------------------------------------------------------------
[SEQ 195] [IEEE-BASELINE]
SCORE    : anomaly_score=0.000
DECISION : ALLOW
------------------------------------------------------------
[SEQ 196] [LAYER 0]
CMD      : M221 S200
TRUST    : acc_cmd=1.000 | acc_exec=1.000 | trust=0.001
DECISION : PAUSE
MACHINE  : Machine-2
------------------------------------------------------------
[SEQ 196] [STATIC-BASELINE]
CMD      : M221 | effects={'M': 221.0, 'S': 200.0}
DECISION : BLOCK
------------------------------------------------------------
[SEQ 196] [IEEE-BASELINE]
SCORE    : anomaly_score=0.000
DECISION : ALLOW
------------------------------------------------------------
[SEQ 197] [LAYER 0]
CMD      : G92 E1000
TRUST    : acc_cmd=0.000 | acc_exec=1.000 | trust=0.001
DECISION : PAUSE
MACHINE  : Machine-2
------------------------------------------------------------
[SEQ 197] [STATIC-BASELINE]
CMD      : G92 | effects={'reset': {'G': 92.0, 'E': 1000.0}}
DECISION : BLOCK
------------------------------------------------------------
[SEQ 197] [IEEE-BASELINE]
SCORE    : anomaly_score=0.000
DECISION : ALLOW
------------------------------------------------------------
[SEQ 198] [LAYER 0]
CMD      : M221 S200
TRUST    : acc_cmd=1.000 | acc_exec=1.000 | trust=0.001
DECISION : PAUSE
MACHINE  : Machine-2
------------------------------------------------------------
[SEQ 198] [STATIC-BASELINE]
CMD      : M221 | effects={'M': 221.0, 'S': 200.0}
DECISION : BLOCK
------------------------------------------------------------
[SEQ 198] [IEEE-BASELINE]
SCORE    : anomaly_score=0.000
DECISION : ALLOW
------------------------------------------------------------
[SEQ 199] [LAYER 0]
CMD      : M92 E2000
TRUST    : acc_cmd=1.000 | acc_exec=1.000 | trust=0.001
DECISION : PAUSE
MACHINE  : Machine-2
------------------------------------------------------------
[SEQ 199] [STATIC-BASELINE]
CMD      : M92 | effects={'M': 92.0, 'E': 2000.0}
DECISION : BLOCK
------------------------------------------------------------
[SEQ 199] [IEEE-BASELINE]
SCORE    : anomaly_score=0.000
DECISION : ALLOW
------------------------------------------------------------
[SEQ 200] [LAYER 0]
CMD      : M92 E2000
TRUST    : acc_cmd=1.000 | acc_exec=1.000 | trust=0.001
DECISION : PAUSE
MACHINE  : Machine-2
------------------------------------------------------------
[SEQ 200] [STATIC-BASELINE]
CMD      : M92 | effects={'M': 92.0, 'E': 2000.0}
DECISION : BLOCK
------------------------------------------------------------
[SEQ 200] [IEEE-BASELINE]
SCORE    : anomaly_score=0.000
DECISION : ALLOW
------------------------------------------------------------
[SEQ 201] [LAYER 0]
CMD      : G92 E1000
TRUST    : acc_cmd=0.000 | acc_exec=1.000 | trust=0.001
DECISION : PAUSE
MACHINE  : Machine-2
------------------------------------------------------------
[SEQ 201] [STATIC-BASELINE]
CMD      : G92 | effects={'reset': {'G': 92.0, 'E': 1000.0}}
DECISION : BLOCK
------------------------------------------------------------
[SEQ 201] [IEEE-BASELINE]
SCORE    : anomaly_score=0.000
DECISION : ALLOW
------------------------------------------------------------
[SEQ 202] [LAYER 0]
CMD      : M221 S200
TRUST    : acc_cmd=1.000 | acc_exec=1.000 | trust=0.001
DECISION : PAUSE
MACHINE  : Machine-2
------------------------------------------------------------
[SEQ 202] [STATIC-BASELINE]
CMD      : M221 | effects={'M': 221.0, 'S': 200.0}
DECISION : BLOCK
------------------------------------------------------------
[SEQ 202] [IEEE-BASELINE]
SCORE    : anomaly_score=0.000
DECISION : ALLOW
------------------------------------------------------------
[SEQ 203] [LAYER 0]
CMD      : M221 S200
TRUST    : acc_cmd=1.000 | acc_exec=1.000 | trust=0.001
DECISION : PAUSE
MACHINE  : Machine-2
------------------------------------------------------------
[SEQ 203] [STATIC-BASELINE]
CMD      : M221 | effects={'M': 221.0, 'S': 200.0}
DECISION : BLOCK
------------------------------------------------------------
[SEQ 203] [IEEE-BASELINE]
SCORE    : anomaly_score=0.000
DECISION : ALLOW
------------------------------------------------------------
[SEQ 204] [LAYER 0]
CMD      : G92 E1000
TRUST    : acc_cmd=0.000 | acc_exec=1.000 | trust=0.001
DECISION : PAUSE
MACHINE  : Machine-2
------------------------------------------------------------
[SEQ 204] [STATIC-BASELINE]
CMD      : G92 | effects={'reset': {'G': 92.0, 'E': 1000.0}}
DECISION : BLOCK
------------------------------------------------------------
[SEQ 204] [IEEE-BASELINE]
SCORE    : anomaly_score=0.000
DECISION : ALLOW
------------------------------------------------------------
[SEQ 205] [LAYER 0]
CMD      : G92 E1000
TRUST    : acc_cmd=0.000 | acc_exec=1.000 | trust=0.001
DECISION : PAUSE
MACHINE  : Machine-2
------------------------------------------------------------
[SEQ 205] [STATIC-BASELINE]
CMD      : G92 | effects={'reset': {'G': 92.0, 'E': 1000.0}}
DECISION : BLOCK
------------------------------------------------------------
[SEQ 205] [IEEE-BASELINE]
SCORE    : anomaly_score=0.000
DECISION : ALLOW
------------------------------------------------------------
[SEQ 206] [LAYER 0]
CMD      : M221 S200
TRUST    : acc_cmd=1.000 | acc_exec=1.000 | trust=0.001
DECISION : PAUSE
MACHINE  : Machine-2
------------------------------------------------------------
[SEQ 206] [STATIC-BASELINE]
CMD      : M221 | effects={'M': 221.0, 'S': 200.0}
DECISION : BLOCK
------------------------------------------------------------
[SEQ 206] [IEEE-BASELINE]
SCORE    : anomaly_score=0.000
DECISION : ALLOW
------------------------------------------------------------
[SEQ 207] [LAYER 0]
CMD      : M221 S200
TRUST    : acc_cmd=1.000 | acc_exec=1.000 | trust=0.001
DECISION : PAUSE
MACHINE  : Machine-2
------------------------------------------------------------
[SEQ 207] [STATIC-BASELINE]
CMD      : M221 | effects={'M': 221.0, 'S': 200.0}
DECISION : BLOCK
------------------------------------------------------------
[SEQ 207] [IEEE-BASELINE]
SCORE    : anomaly_score=0.000
DECISION : ALLOW
------------------------------------------------------------
[SEQ 208] [LAYER 0]
CMD      : G92 E1000
TRUST    : acc_cmd=0.000 | acc_exec=1.000 | trust=0.001
DECISION : PAUSE
MACHINE  : Machine-2
------------------------------------------------------------
[SEQ 208] [STATIC-BASELINE]
CMD      : G92 | effects={'reset': {'G': 92.0, 'E': 1000.0}}
DECISION : BLOCK
------------------------------------------------------------
[SEQ 208] [IEEE-BASELINE]
SCORE    : anomaly_score=0.000
DECISION : ALLOW
------------------------------------------------------------
[SEQ 209] [LAYER 0]
CMD      : M92 E2000
TRUST    : acc_cmd=1.000 | acc_exec=1.000 | trust=0.001
DECISION : PAUSE
MACHINE  : Machine-2
------------------------------------------------------------
[SEQ 209] [STATIC-BASELINE]
CMD      : M92 | effects={'M': 92.0, 'E': 2000.0}
DECISION : BLOCK
------------------------------------------------------------
[SEQ 209] [IEEE-BASELINE]
SCORE    : anomaly_score=0.000
DECISION : ALLOW
------------------------------------------------------------
[SEQ 210] [LAYER 0]
CMD      : G92 E1000
TRUST    : acc_cmd=0.000 | acc_exec=1.000 | trust=0.001
DECISION : PAUSE
MACHINE  : Machine-2
------------------------------------------------------------
[SEQ 210] [STATIC-BASELINE]
CMD      : G92 | effects={'reset': {'G': 92.0, 'E': 1000.0}}
DECISION : BLOCK
------------------------------------------------------------
[SEQ 210] [IEEE-BASELINE]
SCORE    : anomaly_score=0.000
DECISION : ALLOW
------------------------------------------------------------
[SEQ 211] [LAYER 0]
CMD      : G92 E1000
TRUST    : acc_cmd=0.000 | acc_exec=1.000 | trust=0.001
DECISION : PAUSE
MACHINE  : Machine-2
------------------------------------------------------------
[SEQ 211] [STATIC-BASELINE]
CMD      : G92 | effects={'reset': {'G': 92.0, 'E': 1000.0}}
DECISION : BLOCK
------------------------------------------------------------
[SEQ 211] [IEEE-BASELINE]
SCORE    : anomaly_score=0.000
DECISION : ALLOW
------------------------------------------------------------
[SEQ 212] [LAYER 0]
CMD      : M221 S200
TRUST    : acc_cmd=1.000 | acc_exec=1.000 | trust=0.001
DECISION : PAUSE
MACHINE  : Machine-2
------------------------------------------------------------
[SEQ 212] [STATIC-BASELINE]
CMD      : M221 | effects={'M': 221.0, 'S': 200.0}
DECISION : BLOCK
------------------------------------------------------------
[SEQ 212] [IEEE-BASELINE]
SCORE    : anomaly_score=0.000
DECISION : ALLOW
------------------------------------------------------------
[SEQ 213] [LAYER 0]
CMD      : G92 E1000
TRUST    : acc_cmd=0.000 | acc_exec=1.000 | trust=0.001
DECISION : PAUSE
MACHINE  : Machine-2
------------------------------------------------------------
[SEQ 213] [STATIC-BASELINE]
CMD      : G92 | effects={'reset': {'G': 92.0, 'E': 1000.0}}
DECISION : BLOCK
------------------------------------------------------------
[SEQ 213] [IEEE-BASELINE]
SCORE    : anomaly_score=0.000
DECISION : ALLOW
------------------------------------------------------------
[SEQ 214] [LAYER 0]
CMD      : G1 X162.313 Y125.83 E6.08813
TRUST    : acc_cmd=0.000 | acc_exec=1.000 | trust=0.001
DECISION : PAUSE
MACHINE  : Machine-2
------------------------------------------------------------
[SEQ 214] [STATIC-BASELINE]
CMD      : G1 | effects={'dx': 0.1699999999999875, 'dy': -0.36599999999999966, 'dz': 0.0, 'de': -993.91187, 'xy_dist': 0.403554209493589, 'params': {'G': 1.0, 'X': 162.313, 'Y': 125.83, 'E': 6.08813}}
DECISION : ALLOW
------------------------------------------------------------
[SEQ 214] [IEEE-BASELINE]
SCORE    : anomaly_score=0.000
DECISION : ALLOW
------------------------------------------------------------
[SEQ 215] [LAYER 0]
CMD      : G92 E1000
TRUST    : acc_cmd=0.000 | acc_exec=1.000 | trust=0.001
DECISION : PAUSE
MACHINE  : Machine-2
------------------------------------------------------------
[SEQ 215] [STATIC-BASELINE]
CMD      : G92 | effects={'reset': {'G': 92.0, 'E': 1000.0}}
DECISION : BLOCK
------------------------------------------------------------
[SEQ 215] [IEEE-BASELINE]
SCORE    : anomaly_score=0.000
DECISION : ALLOW
------------------------------------------------------------
[SEQ 216] [LAYER 0]
CMD      : M92 E2000
TRUST    : acc_cmd=1.000 | acc_exec=1.000 | trust=0.001
DECISION : PAUSE
MACHINE  : Machine-2
------------------------------------------------------------
[SEQ 216] [STATIC-BASELINE]
CMD      : M92 | effects={'M': 92.0, 'E': 2000.0}
DECISION : BLOCK
------------------------------------------------------------
[SEQ 216] [IEEE-BASELINE]
SCORE    : anomaly_score=0.000
DECISION : ALLOW
------------------------------------------------------------
[SEQ 217] [LAYER 0]
CMD      : M221 S200
TRUST    : acc_cmd=1.000 | acc_exec=1.000 | trust=0.001
DECISION : PAUSE
MACHINE  : Machine-2
------------------------------------------------------------
[SEQ 217] [STATIC-BASELINE]
CMD      : M221 | effects={'M': 221.0, 'S': 200.0}
DECISION : BLOCK
------------------------------------------------------------
[SEQ 217] [IEEE-BASELINE]
SCORE    : anomaly_score=0.000
DECISION : ALLOW
------------------------------------------------------------
[SEQ 218] [LAYER 0]
CMD      : G1 X158.622 Y119.012 E6.24428
TRUST    : acc_cmd=0.000 | acc_exec=1.000 | trust=0.001
DECISION : PAUSE
MACHINE  : Machine-2
------------------------------------------------------------
[SEQ 218] [STATIC-BASELINE]
CMD      : G1 | effects={'dx': -3.690999999999974, 'dy': -6.817999999999998, 'dz': 0.0, 'de': -993.75572, 'xy_dist': 7.752973945525664, 'params': {'G': 1.0, 'X': 158.622, 'Y': 119.012, 'E': 6.24428}}
DECISION : ALLOW
------------------------------------------------------------
[SEQ 218] [IEEE-BASELINE]
SCORE    : anomaly_score=0.000
DECISION : ALLOW
------------------------------------------------------------
[SEQ 219] [LAYER 0]
CMD      : G92 E1000
TRUST    : acc_cmd=0.000 | acc_exec=1.000 | trust=0.001
DECISION : PAUSE
MACHINE  : Machine-2
------------------------------------------------------------
[SEQ 219] [STATIC-BASELINE]
CMD      : G92 | effects={'reset': {'G': 92.0, 'E': 1000.0}}
DECISION : BLOCK
------------------------------------------------------------
[SEQ 219] [IEEE-BASELINE]
SCORE    : anomaly_score=0.000
DECISION : ALLOW
------------------------------------------------------------
[SEQ 220] [LAYER 0]
CMD      : M92 E2000
TRUST    : acc_cmd=1.000 | acc_exec=1.000 | trust=0.001
DECISION : PAUSE
MACHINE  : Machine-2
------------------------------------------------------------
[SEQ 220] [STATIC-BASELINE]
CMD      : M92 | effects={'M': 92.0, 'E': 2000.0}
DECISION : BLOCK
------------------------------------------------------------
[SEQ 220] [IEEE-BASELINE]
SCORE    : anomaly_score=0.000
DECISION : ALLOW
------------------------------------------------------------
[SEQ 221] [LAYER 0]
CMD      : M221 S200
TRUST    : acc_cmd=1.000 | acc_exec=1.000 | trust=0.001
DECISION : PAUSE
MACHINE  : Machine-2
------------------------------------------------------------
[SEQ 221] [STATIC-BASELINE]
CMD      : M221 | effects={'M': 221.0, 'S': 200.0}
DECISION : BLOCK
------------------------------------------------------------
[SEQ 221] [IEEE-BASELINE]
SCORE    : anomaly_score=0.000
DECISION : ALLOW
------------------------------------------------------------
[SEQ 222] [LAYER 0]
CMD      : M92 E2000
TRUST    : acc_cmd=1.000 | acc_exec=1.000 | trust=0.001
DECISION : PAUSE
MACHINE  : Machine-2
------------------------------------------------------------
[SEQ 222] [STATIC-BASELINE]
CMD      : M92 | effects={'M': 92.0, 'E': 2000.0}
DECISION : BLOCK
------------------------------------------------------------
[SEQ 222] [IEEE-BASELINE]
SCORE    : anomaly_score=0.000
DECISION : ALLOW
------------------------------------------------------------
[SEQ 223] [LAYER 0]
CMD      : M221 S200
TRUST    : acc_cmd=1.000 | acc_exec=1.000 | trust=0.001
DECISION : PAUSE
MACHINE  : Machine-2
------------------------------------------------------------
[SEQ 223] [STATIC-BASELINE]
CMD      : M221 | effects={'M': 221.0, 'S': 200.0}
DECISION : BLOCK
------------------------------------------------------------
[SEQ 223] [IEEE-BASELINE]
SCORE    : anomaly_score=0.000
DECISION : ALLOW
------------------------------------------------------------
[SEQ 224] [LAYER 0]
CMD      : M92 E2000
TRUST    : acc_cmd=1.000 | acc_exec=1.000 | trust=0.001
DECISION : PAUSE
MACHINE  : Machine-2
------------------------------------------------------------
[SEQ 224] [STATIC-BASELINE]
CMD      : M92 | effects={'M': 92.0, 'E': 2000.0}
DECISION : BLOCK
------------------------------------------------------------
[SEQ 224] [IEEE-BASELINE]
SCORE    : anomaly_score=0.000
DECISION : ALLOW
------------------------------------------------------------
[SEQ 225] [LAYER 0]
CMD      : M221 S200
TRUST    : acc_cmd=1.000 | acc_exec=1.000 | trust=0.001
DECISION : PAUSE
MACHINE  : Machine-2
------------------------------------------------------------
[SEQ 225] [STATIC-BASELINE]
CMD      : M221 | effects={'M': 221.0, 'S': 200.0}
DECISION : BLOCK
------------------------------------------------------------
[SEQ 225] [IEEE-BASELINE]
SCORE    : anomaly_score=0.000
DECISION : ALLOW
------------------------------------------------------------
[SEQ 226] [LAYER 0]
CMD      : G92 E1000
TRUST    : acc_cmd=0.000 | acc_exec=1.000 | trust=0.001
DECISION : PAUSE
MACHINE  : Machine-2
------------------------------------------------------------
[SEQ 226] [STATIC-BASELINE]
CMD      : G92 | effects={'reset': {'G': 92.0, 'E': 1000.0}}
DECISION : BLOCK
------------------------------------------------------------
[SEQ 226] [IEEE-BASELINE]
SCORE    : anomaly_score=0.000
DECISION : ALLOW
------------------------------------------------------------
[SEQ 227] [LAYER 0]
CMD      : M221 S200
TRUST    : acc_cmd=1.000 | acc_exec=1.000 | trust=0.001
DECISION : PAUSE
MACHINE  : Machine-2
------------------------------------------------------------
[SEQ 227] [STATIC-BASELINE]
CMD      : M221 | effects={'M': 221.0, 'S': 200.0}
DECISION : BLOCK
------------------------------------------------------------
[SEQ 227] [IEEE-BASELINE]
SCORE    : anomaly_score=0.000
DECISION : ALLOW
------------------------------------------------------------
[SEQ 228] [LAYER 0]
CMD      : M92 E2000
TRUST    : acc_cmd=1.000 | acc_exec=1.000 | trust=0.001
DECISION : PAUSE
MACHINE  : Machine-2
------------------------------------------------------------
[SEQ 228] [STATIC-BASELINE]
CMD      : M92 | effects={'M': 92.0, 'E': 2000.0}
DECISION : BLOCK
------------------------------------------------------------
[SEQ 228] [IEEE-BASELINE]
SCORE    : anomaly_score=0.000
DECISION : ALLOW
------------------------------------------------------------
[SEQ 229] [LAYER 0]
CMD      : G92 E1000
TRUST    : acc_cmd=0.000 | acc_exec=1.000 | trust=0.001
DECISION : PAUSE
MACHINE  : Machine-2
------------------------------------------------------------
[SEQ 229] [STATIC-BASELINE]
CMD      : G92 | effects={'reset': {'G': 92.0, 'E': 1000.0}}
DECISION : BLOCK
------------------------------------------------------------
[SEQ 229] [IEEE-BASELINE]
SCORE    : anomaly_score=0.000
DECISION : ALLOW
------------------------------------------------------------
[SEQ 230] [LAYER 0]
CMD      : M92 E2000
TRUST    : acc_cmd=1.000 | acc_exec=1.000 | trust=0.001
DECISION : PAUSE
MACHINE  : Machine-2
------------------------------------------------------------
[SEQ 230] [STATIC-BASELINE]
CMD      : M92 | effects={'M': 92.0, 'E': 2000.0}
DECISION : BLOCK
------------------------------------------------------------
[SEQ 230] [IEEE-BASELINE]
SCORE    : anomaly_score=0.000
DECISION : ALLOW
------------------------------------------------------------
[SEQ 231] [LAYER 0]
CMD      : M221 S200
TRUST    : acc_cmd=1.000 | acc_exec=1.000 | trust=0.001
DECISION : PAUSE
MACHINE  : Machine-2
------------------------------------------------------------
[SEQ 231] [STATIC-BASELINE]
CMD      : M221 | effects={'M': 221.0, 'S': 200.0}
DECISION : BLOCK
------------------------------------------------------------
[SEQ 231] [IEEE-BASELINE]
SCORE    : anomaly_score=0.000
DECISION : ALLOW
------------------------------------------------------------
[SEQ 232] [LAYER 0]
CMD      : G92 E1000
TRUST    : acc_cmd=0.000 | acc_exec=1.000 | trust=0.001
DECISION : PAUSE
MACHINE  : Machine-2
------------------------------------------------------------
[SEQ 232] [STATIC-BASELINE]
CMD      : G92 | effects={'reset': {'G': 92.0, 'E': 1000.0}}
DECISION : BLOCK
------------------------------------------------------------
[SEQ 232] [IEEE-BASELINE]
SCORE    : anomaly_score=0.000
DECISION : ALLOW
------------------------------------------------------------
[SEQ 233] [LAYER 0]
CMD      : M92 E2000
TRUST    : acc_cmd=1.000 | acc_exec=1.000 | trust=0.001
DECISION : PAUSE
MACHINE  : Machine-2
------------------------------------------------------------
[SEQ 233] [STATIC-BASELINE]
CMD      : M92 | effects={'M': 92.0, 'E': 2000.0}
DECISION : BLOCK
------------------------------------------------------------
[SEQ 233] [IEEE-BASELINE]
SCORE    : anomaly_score=0.000
DECISION : ALLOW
------------------------------------------------------------
[SEQ 234] [LAYER 0]
CMD      : M221 S200
TRUST    : acc_cmd=1.000 | acc_exec=1.000 | trust=0.001
DECISION : PAUSE
MACHINE  : Machine-2
------------------------------------------------------------
[SEQ 234] [STATIC-BASELINE]
CMD      : M221 | effects={'M': 221.0, 'S': 200.0}
DECISION : BLOCK
------------------------------------------------------------
[SEQ 234] [IEEE-BASELINE]
SCORE    : anomaly_score=0.000
DECISION : ALLOW
------------------------------------------------------------
[SEQ 235] [LAYER 0]
CMD      : G92 E1000
TRUST    : acc_cmd=0.000 | acc_exec=1.000 | trust=0.001
DECISION : PAUSE
MACHINE  : Machine-2
------------------------------------------------------------
[SEQ 235] [STATIC-BASELINE]
CMD      : G92 | effects={'reset': {'G': 92.0, 'E': 1000.0}}
DECISION : BLOCK
------------------------------------------------------------
[SEQ 235] [IEEE-BASELINE]
SCORE    : anomaly_score=0.000
DECISION : ALLOW
------------------------------------------------------------
[SEQ 236] [LAYER 0]
CMD      : M221 S200
TRUST    : acc_cmd=1.000 | acc_exec=1.000 | trust=0.001
DECISION : PAUSE
MACHINE  : Machine-2
------------------------------------------------------------
[SEQ 236] [STATIC-BASELINE]
CMD      : M221 | effects={'M': 221.0, 'S': 200.0}
DECISION : BLOCK
------------------------------------------------------------
[SEQ 236] [IEEE-BASELINE]
SCORE    : anomaly_score=0.000
DECISION : ALLOW
------------------------------------------------------------
[SEQ 237] [LAYER 0]
CMD      : M221 S200
TRUST    : acc_cmd=1.000 | acc_exec=1.000 | trust=0.001
DECISION : PAUSE
MACHINE  : Machine-2
------------------------------------------------------------
[SEQ 237] [STATIC-BASELINE]
CMD      : M221 | effects={'M': 221.0, 'S': 200.0}
DECISION : BLOCK
------------------------------------------------------------
[SEQ 237] [IEEE-BASELINE]
SCORE    : anomaly_score=0.000
DECISION : ALLOW
------------------------------------------------------------
[SEQ 238] [LAYER 0]
CMD      : G92 E1000
TRUST    : acc_cmd=0.000 | acc_exec=1.000 | trust=0.001
DECISION : PAUSE
MACHINE  : Machine-2
------------------------------------------------------------
[SEQ 238] [STATIC-BASELINE]
CMD      : G92 | effects={'reset': {'G': 92.0, 'E': 1000.0}}
DECISION : BLOCK
------------------------------------------------------------
[SEQ 238] [IEEE-BASELINE]
SCORE    : anomaly_score=0.000
DECISION : ALLOW
------------------------------------------------------------
[SEQ 239] [LAYER 0]
CMD      : M221 S200
TRUST    : acc_cmd=1.000 | acc_exec=1.000 | trust=0.001
DECISION : PAUSE
MACHINE  : Machine-2
------------------------------------------------------------
[SEQ 239] [STATIC-BASELINE]
CMD      : M221 | effects={'M': 221.0, 'S': 200.0}
DECISION : BLOCK
------------------------------------------------------------
[SEQ 239] [IEEE-BASELINE]
SCORE    : anomaly_score=0.000
DECISION : ALLOW
------------------------------------------------------------
[SEQ 240] [LAYER 0]
CMD      : M221 S200
TRUST    : acc_cmd=1.000 | acc_exec=1.000 | trust=0.001
DECISION : PAUSE
MACHINE  : Machine-2
------------------------------------------------------------
[SEQ 240] [STATIC-BASELINE]
CMD      : M221 | effects={'M': 221.0, 'S': 200.0}
DECISION : BLOCK
------------------------------------------------------------
[SEQ 240] [IEEE-BASELINE]
SCORE    : anomaly_score=0.000
DECISION : ALLOW
------------------------------------------------------------
[SEQ 241] [LAYER 0]
CMD      : G92 E1000
TRUST    : acc_cmd=0.000 | acc_exec=1.000 | trust=0.001
DECISION : PAUSE
MACHINE  : Machine-2
------------------------------------------------------------
[SEQ 241] [STATIC-BASELINE]
CMD      : G92 | effects={'reset': {'G': 92.0, 'E': 1000.0}}
DECISION : BLOCK
------------------------------------------------------------
[SEQ 241] [IEEE-BASELINE]
SCORE    : anomaly_score=0.000
DECISION : ALLOW
------------------------------------------------------------
[SEQ 242] [LAYER 0]
CMD      : G1 X159.554 Y122.677 E6.88895
TRUST    : acc_cmd=0.000 | acc_exec=1.000 | trust=0.001
DECISION : PAUSE
MACHINE  : Machine-2
------------------------------------------------------------
[SEQ 242] [STATIC-BASELINE]
CMD      : G1 | effects={'dx': 0.931999999999988, 'dy': 3.6650000000000063, 'dz': 0.0, 'de': -993.11105, 'xy_dist': 3.7816463346008473, 'params': {'G': 1.0, 'X': 159.554, 'Y': 122.677, 'E': 6.88895}}
DECISION : ALLOW
------------------------------------------------------------
[SEQ 242] [IEEE-BASELINE]
SCORE    : anomaly_score=0.000
DECISION : ALLOW
------------------------------------------------------------
[SEQ 243] [LAYER 0]
CMD      : G92 E1000
TRUST    : acc_cmd=0.000 | acc_exec=1.000 | trust=0.001
DECISION : PAUSE
MACHINE  : Machine-2
------------------------------------------------------------
[SEQ 243] [STATIC-BASELINE]
CMD      : G92 | effects={'reset': {'G': 92.0, 'E': 1000.0}}
DECISION : BLOCK
------------------------------------------------------------
[SEQ 243] [IEEE-BASELINE]
SCORE    : anomaly_score=0.000
DECISION : ALLOW
------------------------------------------------------------
[SEQ 244] [LAYER 0]
CMD      : G92 E1000
TRUST    : acc_cmd=0.000 | acc_exec=1.000 | trust=0.001
DECISION : PAUSE
MACHINE  : Machine-2
------------------------------------------------------------
[SEQ 244] [STATIC-BASELINE]
CMD      : G92 | effects={'reset': {'G': 92.0, 'E': 1000.0}}
DECISION : BLOCK
------------------------------------------------------------
[SEQ 244] [IEEE-BASELINE]
SCORE    : anomaly_score=0.000
DECISION : ALLOW
------------------------------------------------------------
[SEQ 245] [LAYER 0]
CMD      : G92 E1000
TRUST    : acc_cmd=0.000 | acc_exec=1.000 | trust=0.001
DECISION : PAUSE
MACHINE  : Machine-2
------------------------------------------------------------
[SEQ 245] [STATIC-BASELINE]
CMD      : G92 | effects={'reset': {'G': 92.0, 'E': 1000.0}}
DECISION : BLOCK
------------------------------------------------------------
[SEQ 245] [IEEE-BASELINE]
SCORE    : anomaly_score=0.000
DECISION : ALLOW
------------------------------------------------------------
[SEQ 246] [LAYER 0]
CMD      : M92 E2000
TRUST    : acc_cmd=1.000 | acc_exec=1.000 | trust=0.001
DECISION : PAUSE
MACHINE  : Machine-2
------------------------------------------------------------
[SEQ 246] [STATIC-BASELINE]
CMD      : M92 | effects={'M': 92.0, 'E': 2000.0}
DECISION : BLOCK
------------------------------------------------------------
[SEQ 246] [IEEE-BASELINE]
SCORE    : anomaly_score=0.000
DECISION : ALLOW
------------------------------------------------------------
[SEQ 247] [LAYER 0]
CMD      : G92 E1000
TRUST    : acc_cmd=0.000 | acc_exec=1.000 | trust=0.001
DECISION : PAUSE
MACHINE  : Machine-2
------------------------------------------------------------
[SEQ 247] [STATIC-BASELINE]
CMD      : G92 | effects={'reset': {'G': 92.0, 'E': 1000.0}}
DECISION : BLOCK
------------------------------------------------------------
[SEQ 247] [IEEE-BASELINE]
SCORE    : anomaly_score=0.000
DECISION : ALLOW
------------------------------------------------------------
[SEQ 248] [LAYER 0]
CMD      : M92 E2000
TRUST    : acc_cmd=1.000 | acc_exec=1.000 | trust=0.001
DECISION : PAUSE
MACHINE  : Machine-2
------------------------------------------------------------
[SEQ 248] [STATIC-BASELINE]
CMD      : M92 | effects={'M': 92.0, 'E': 2000.0}
DECISION : BLOCK
------------------------------------------------------------
[SEQ 248] [IEEE-BASELINE]
SCORE    : anomaly_score=0.000
DECISION : ALLOW
------------------------------------------------------------
[SEQ 249] [LAYER 0]
CMD      : G92 E1000
TRUST    : acc_cmd=0.000 | acc_exec=1.000 | trust=0.001
DECISION : PAUSE
MACHINE  : Machine-2
------------------------------------------------------------
[SEQ 249] [STATIC-BASELINE]
CMD      : G92 | effects={'reset': {'G': 92.0, 'E': 1000.0}}
DECISION : BLOCK
------------------------------------------------------------
[SEQ 249] [IEEE-BASELINE]
SCORE    : anomaly_score=0.000
DECISION : ALLOW
------------------------------------------------------------
[SEQ 250] [LAYER 0]
CMD      : M221 S200
TRUST    : acc_cmd=1.000 | acc_exec=1.000 | trust=0.001
DECISION : PAUSE
MACHINE  : Machine-2
------------------------------------------------------------
[SEQ 250] [STATIC-BASELINE]
CMD      : M221 | effects={'M': 221.0, 'S': 200.0}
DECISION : BLOCK
------------------------------------------------------------
[SEQ 250] [IEEE-BASELINE]
SCORE    : anomaly_score=0.000
DECISION : ALLOW
------------------------------------------------------------
[SEQ 251] [LAYER 0]
CMD      : M221 S200
TRUST    : acc_cmd=1.000 | acc_exec=1.000 | trust=0.001
DECISION : PAUSE
MACHINE  : Machine-2
------------------------------------------------------------
[SEQ 251] [STATIC-BASELINE]
CMD      : M221 | effects={'M': 221.0, 'S': 200.0}
DECISION : BLOCK
------------------------------------------------------------
[SEQ 251] [IEEE-BASELINE]
SCORE    : anomaly_score=0.000
DECISION : ALLOW
------------------------------------------------------------
[SEQ 252] [LAYER 0]
CMD      : M221 S200
TRUST    : acc_cmd=1.000 | acc_exec=1.000 | trust=0.001
DECISION : PAUSE
MACHINE  : Machine-2
------------------------------------------------------------
[SEQ 252] [STATIC-BASELINE]
CMD      : M221 | effects={'M': 221.0, 'S': 200.0}
DECISION : BLOCK
------------------------------------------------------------
[SEQ 252] [IEEE-BASELINE]
SCORE    : anomaly_score=0.000
DECISION : ALLOW
------------------------------------------------------------
[SEQ 253] [LAYER 0]
CMD      : G92 E1000
TRUST    : acc_cmd=0.000 | acc_exec=1.000 | trust=0.001
DECISION : PAUSE
MACHINE  : Machine-2
------------------------------------------------------------
[SEQ 253] [STATIC-BASELINE]
CMD      : G92 | effects={'reset': {'G': 92.0, 'E': 1000.0}}
DECISION : BLOCK
------------------------------------------------------------
[SEQ 253] [IEEE-BASELINE]
SCORE    : anomaly_score=0.000
DECISION : ALLOW
------------------------------------------------------------
[SEQ 254] [LAYER 0]
CMD      : M92 E2000
TRUST    : acc_cmd=1.000 | acc_exec=1.000 | trust=0.001
DECISION : PAUSE
MACHINE  : Machine-2
------------------------------------------------------------
[SEQ 254] [STATIC-BASELINE]
CMD      : M92 | effects={'M': 92.0, 'E': 2000.0}
DECISION : BLOCK
------------------------------------------------------------
[SEQ 254] [IEEE-BASELINE]
SCORE    : anomaly_score=0.000
DECISION : ALLOW
------------------------------------------------------------
[SEQ 255] [LAYER 0]
CMD      : M221 S200
TRUST    : acc_cmd=1.000 | acc_exec=1.000 | trust=0.001
DECISION : PAUSE
MACHINE  : Machine-2
------------------------------------------------------------
[SEQ 255] [STATIC-BASELINE]
CMD      : M221 | effects={'M': 221.0, 'S': 200.0}
DECISION : BLOCK
------------------------------------------------------------
[SEQ 255] [IEEE-BASELINE]
SCORE    : anomaly_score=0.000
DECISION : ALLOW
------------------------------------------------------------
[SEQ 256] [LAYER 0]
CMD      : M221 S200
TRUST    : acc_cmd=1.000 | acc_exec=1.000 | trust=0.001
DECISION : PAUSE
MACHINE  : Machine-2
------------------------------------------------------------
[SEQ 256] [STATIC-BASELINE]
CMD      : M221 | effects={'M': 221.0, 'S': 200.0}
DECISION : BLOCK
------------------------------------------------------------
[SEQ 256] [IEEE-BASELINE]
SCORE    : anomaly_score=0.000
DECISION : ALLOW
------------------------------------------------------------
[SEQ 257] [LAYER 0]
CMD      : G92 E1000
TRUST    : acc_cmd=0.000 | acc_exec=1.000 | trust=0.001
DECISION : PAUSE
MACHINE  : Machine-2
------------------------------------------------------------
[SEQ 257] [STATIC-BASELINE]
CMD      : G92 | effects={'reset': {'G': 92.0, 'E': 1000.0}}
DECISION : BLOCK
------------------------------------------------------------
[SEQ 257] [IEEE-BASELINE]
SCORE    : anomaly_score=0.000
DECISION : ALLOW
------------------------------------------------------------
[SEQ 258] [LAYER 0]
CMD      : M221 S200
TRUST    : acc_cmd=1.000 | acc_exec=1.000 | trust=0.001
DECISION : PAUSE
MACHINE  : Machine-2
------------------------------------------------------------
[SEQ 258] [STATIC-BASELINE]
CMD      : M221 | effects={'M': 221.0, 'S': 200.0}
DECISION : BLOCK
------------------------------------------------------------
[SEQ 258] [IEEE-BASELINE]
SCORE    : anomaly_score=0.000
DECISION : ALLOW
------------------------------------------------------------
[SEQ 259] [LAYER 0]
CMD      : M221 S200
TRUST    : acc_cmd=1.000 | acc_exec=1.000 | trust=0.001
DECISION : PAUSE
MACHINE  : Machine-2
------------------------------------------------------------
[SEQ 259] [STATIC-BASELINE]
CMD      : M221 | effects={'M': 221.0, 'S': 200.0}
DECISION : BLOCK
------------------------------------------------------------
[SEQ 259] [IEEE-BASELINE]
SCORE    : anomaly_score=0.000
DECISION : ALLOW
------------------------------------------------------------
[SEQ 260] [LAYER 0]
CMD      : M92 E2000
TRUST    : acc_cmd=1.000 | acc_exec=1.000 | trust=0.001
DECISION : PAUSE
MACHINE  : Machine-2
------------------------------------------------------------
[SEQ 260] [STATIC-BASELINE]
CMD      : M92 | effects={'M': 92.0, 'E': 2000.0}
DECISION : BLOCK
------------------------------------------------------------
[SEQ 260] [IEEE-BASELINE]
SCORE    : anomaly_score=0.000
DECISION : ALLOW
------------------------------------------------------------
[SEQ 261] [LAYER 0]
CMD      : M221 S200
TRUST    : acc_cmd=1.000 | acc_exec=1.000 | trust=0.001
DECISION : PAUSE
MACHINE  : Machine-2
------------------------------------------------------------
[SEQ 261] [STATIC-BASELINE]
CMD      : M221 | effects={'M': 221.0, 'S': 200.0}
DECISION : BLOCK
------------------------------------------------------------
[SEQ 261] [IEEE-BASELINE]
SCORE    : anomaly_score=0.000
DECISION : ALLOW
------------------------------------------------------------
[SEQ 262] [LAYER 0]
CMD      : G92 E1000
TRUST    : acc_cmd=0.000 | acc_exec=1.000 | trust=0.001
DECISION : PAUSE
MACHINE  : Machine-2
------------------------------------------------------------
[SEQ 262] [STATIC-BASELINE]
CMD      : G92 | effects={'reset': {'G': 92.0, 'E': 1000.0}}
DECISION : BLOCK
------------------------------------------------------------
[SEQ 262] [IEEE-BASELINE]
SCORE    : anomaly_score=0.000
DECISION : ALLOW
------------------------------------------------------------
[SEQ 263] [LAYER 0]
CMD      : M221 S200
TRUST    : acc_cmd=1.000 | acc_exec=1.000 | trust=0.001
DECISION : PAUSE
MACHINE  : Machine-2
------------------------------------------------------------
[SEQ 263] [STATIC-BASELINE]
CMD      : M221 | effects={'M': 221.0, 'S': 200.0}
DECISION : BLOCK
------------------------------------------------------------
[SEQ 263] [IEEE-BASELINE]
SCORE    : anomaly_score=0.000
DECISION : ALLOW
------------------------------------------------------------
[SEQ 264] [LAYER 0]
CMD      : M221 S200
TRUST    : acc_cmd=1.000 | acc_exec=1.000 | trust=0.001
DECISION : PAUSE
MACHINE  : Machine-2
------------------------------------------------------------
[SEQ 264] [STATIC-BASELINE]
CMD      : M221 | effects={'M': 221.0, 'S': 200.0}
DECISION : BLOCK
------------------------------------------------------------
[SEQ 264] [IEEE-BASELINE]
SCORE    : anomaly_score=0.000
DECISION : ALLOW
------------------------------------------------------------
[SEQ 265] [LAYER 0]
CMD      : G92 E1000
TRUST    : acc_cmd=0.000 | acc_exec=1.000 | trust=0.001
DECISION : PAUSE
MACHINE  : Machine-2
------------------------------------------------------------
[SEQ 265] [STATIC-BASELINE]
CMD      : G92 | effects={'reset': {'G': 92.0, 'E': 1000.0}}
DECISION : BLOCK
------------------------------------------------------------
[SEQ 265] [IEEE-BASELINE]
SCORE    : anomaly_score=0.000
DECISION : ALLOW
------------------------------------------------------------
[SEQ 266] [LAYER 0]
CMD      : G92 E1000
TRUST    : acc_cmd=0.000 | acc_exec=1.000 | trust=0.001
DECISION : PAUSE
MACHINE  : Machine-2
------------------------------------------------------------
[SEQ 266] [STATIC-BASELINE]
CMD      : G92 | effects={'reset': {'G': 92.0, 'E': 1000.0}}
DECISION : BLOCK
------------------------------------------------------------
[SEQ 266] [IEEE-BASELINE]
SCORE    : anomaly_score=0.000
DECISION : ALLOW
------------------------------------------------------------
[SEQ 267] [LAYER 0]
CMD      : G92 E1000
TRUST    : acc_cmd=0.000 | acc_exec=1.000 | trust=0.001
DECISION : PAUSE
MACHINE  : Machine-2
------------------------------------------------------------
[SEQ 267] [STATIC-BASELINE]
CMD      : G92 | effects={'reset': {'G': 92.0, 'E': 1000.0}}
DECISION : BLOCK
------------------------------------------------------------
[SEQ 267] [IEEE-BASELINE]
SCORE    : anomaly_score=0.000
DECISION : ALLOW
------------------------------------------------------------
[SEQ 268] [LAYER 0]
CMD      : M92 E2000
TRUST    : acc_cmd=1.000 | acc_exec=1.000 | trust=0.001
DECISION : PAUSE
MACHINE  : Machine-2
------------------------------------------------------------
[SEQ 268] [STATIC-BASELINE]
CMD      : M92 | effects={'M': 92.0, 'E': 2000.0}
DECISION : BLOCK
------------------------------------------------------------
[SEQ 268] [IEEE-BASELINE]
SCORE    : anomaly_score=0.000
DECISION : ALLOW
------------------------------------------------------------
[SEQ 269] [LAYER 0]
CMD      : M92 E2000
TRUST    : acc_cmd=1.000 | acc_exec=1.000 | trust=0.001
DECISION : PAUSE
MACHINE  : Machine-2
------------------------------------------------------------
[SEQ 269] [STATIC-BASELINE]
CMD      : M92 | effects={'M': 92.0, 'E': 2000.0}
DECISION : BLOCK
------------------------------------------------------------
[SEQ 269] [IEEE-BASELINE]
SCORE    : anomaly_score=0.000
DECISION : ALLOW
------------------------------------------------------------
[SEQ 270] [LAYER 0]
CMD      : G92 E1000
TRUST    : acc_cmd=0.000 | acc_exec=1.000 | trust=0.001
DECISION : PAUSE
MACHINE  : Machine-2
------------------------------------------------------------
[SEQ 270] [STATIC-BASELINE]
CMD      : G92 | effects={'reset': {'G': 92.0, 'E': 1000.0}}
DECISION : BLOCK
------------------------------------------------------------
[SEQ 270] [IEEE-BASELINE]
SCORE    : anomaly_score=0.000
DECISION : ALLOW
------------------------------------------------------------
[SEQ 271] [LAYER 0]
CMD      : G92 E1000
TRUST    : acc_cmd=0.000 | acc_exec=1.000 | trust=0.001
DECISION : PAUSE
MACHINE  : Machine-2
------------------------------------------------------------
[SEQ 271] [STATIC-BASELINE]
CMD      : G92 | effects={'reset': {'G': 92.0, 'E': 1000.0}}
DECISION : BLOCK
------------------------------------------------------------
[SEQ 271] [IEEE-BASELINE]
SCORE    : anomaly_score=0.000
DECISION : ALLOW
------------------------------------------------------------
[SEQ 272] [LAYER 0]
CMD      : M221 S200
TRUST    : acc_cmd=1.000 | acc_exec=1.000 | trust=0.001
DECISION : PAUSE
MACHINE  : Machine-2
------------------------------------------------------------
[SEQ 272] [STATIC-BASELINE]
CMD      : M221 | effects={'M': 221.0, 'S': 200.0}
DECISION : BLOCK
------------------------------------------------------------
[SEQ 272] [IEEE-BASELINE]
SCORE    : anomaly_score=0.000
DECISION : ALLOW
------------------------------------------------------------
[SEQ 273] [LAYER 0]
CMD      : G1 X163.269 Y115.12 E7.73311
TRUST    : acc_cmd=0.000 | acc_exec=1.000 | trust=0.001
DECISION : PAUSE
MACHINE  : Machine-2
------------------------------------------------------------
[SEQ 273] [STATIC-BASELINE]
CMD      : G1 | effects={'dx': 3.7150000000000034, 'dy': -7.557000000000002, 'dz': 0.0, 'de': -992.26689, 'xy_dist': 8.420776330006637, 'params': {'G': 1.0, 'X': 163.269, 'Y': 115.12, 'E': 7.73311}}
DECISION : ALLOW
------------------------------------------------------------
[SEQ 273] [IEEE-BASELINE]
SCORE    : anomaly_score=0.000
DECISION : ALLOW
------------------------------------------------------------
[SEQ 274] [LAYER 0]
CMD      : M92 E2000
TRUST    : acc_cmd=1.000 | acc_exec=1.000 | trust=0.001
DECISION : PAUSE
MACHINE  : Machine-2
------------------------------------------------------------
[SEQ 274] [STATIC-BASELINE]
CMD      : M92 | effects={'M': 92.0, 'E': 2000.0}
DECISION : BLOCK
------------------------------------------------------------
[SEQ 274] [IEEE-BASELINE]
SCORE    : anomaly_score=0.000
DECISION : ALLOW
------------------------------------------------------------
[SEQ 275] [LAYER 0]
CMD      : M221 S200
TRUST    : acc_cmd=1.000 | acc_exec=1.000 | trust=0.001
DECISION : PAUSE
MACHINE  : Machine-2
------------------------------------------------------------
[SEQ 275] [STATIC-BASELINE]
CMD      : M221 | effects={'M': 221.0, 'S': 200.0}
DECISION : BLOCK
------------------------------------------------------------
[SEQ 275] [IEEE-BASELINE]
SCORE    : anomaly_score=0.000
DECISION : ALLOW
------------------------------------------------------------
[SEQ 276] [LAYER 0]
CMD      : M221 S200
TRUST    : acc_cmd=1.000 | acc_exec=1.000 | trust=0.001
DECISION : PAUSE
MACHINE  : Machine-2
------------------------------------------------------------
[SEQ 276] [STATIC-BASELINE]
CMD      : M221 | effects={'M': 221.0, 'S': 200.0}
DECISION : BLOCK
------------------------------------------------------------
[SEQ 276] [IEEE-BASELINE]
SCORE    : anomaly_score=0.000
DECISION : ALLOW
------------------------------------------------------------
[SEQ 277] [LAYER 0]
CMD      : M221 S200
TRUST    : acc_cmd=1.000 | acc_exec=1.000 | trust=0.001
DECISION : PAUSE
MACHINE  : Machine-2
------------------------------------------------------------
[SEQ 277] [STATIC-BASELINE]
CMD      : M221 | effects={'M': 221.0, 'S': 200.0}
DECISION : BLOCK
------------------------------------------------------------
[SEQ 277] [IEEE-BASELINE]
SCORE    : anomaly_score=0.000
DECISION : ALLOW
------------------------------------------------------------
[SEQ 278] [LAYER 0]
CMD      : G92 E1000
TRUST    : acc_cmd=0.000 | acc_exec=1.000 | trust=0.001
DECISION : PAUSE
MACHINE  : Machine-2
------------------------------------------------------------
[SEQ 278] [STATIC-BASELINE]
CMD      : G92 | effects={'reset': {'G': 92.0, 'E': 1000.0}}
DECISION : BLOCK
------------------------------------------------------------
[SEQ 278] [IEEE-BASELINE]
SCORE    : anomaly_score=0.000
DECISION : ALLOW
------------------------------------------------------------
[SEQ 279] [LAYER 0]
CMD      : M92 E2000
TRUST    : acc_cmd=1.000 | acc_exec=1.000 | trust=0.001
DECISION : PAUSE
MACHINE  : Machine-2
------------------------------------------------------------
[SEQ 279] [STATIC-BASELINE]
CMD      : M92 | effects={'M': 92.0, 'E': 2000.0}
DECISION : BLOCK
------------------------------------------------------------
[SEQ 279] [IEEE-BASELINE]
SCORE    : anomaly_score=0.000
DECISION : ALLOW
------------------------------------------------------------
[SEQ 280] [LAYER 0]
CMD      : M92 E2000
TRUST    : acc_cmd=1.000 | acc_exec=1.000 | trust=0.001
DECISION : PAUSE
MACHINE  : Machine-2
------------------------------------------------------------
[SEQ 280] [STATIC-BASELINE]
CMD      : M92 | effects={'M': 92.0, 'E': 2000.0}
DECISION : BLOCK
------------------------------------------------------------
[SEQ 280] [IEEE-BASELINE]
SCORE    : anomaly_score=0.000
DECISION : ALLOW
------------------------------------------------------------
[SEQ 281] [LAYER 0]
CMD      : M92 E2000
TRUST    : acc_cmd=1.000 | acc_exec=1.000 | trust=0.001
DECISION : PAUSE
MACHINE  : Machine-2
------------------------------------------------------------
[SEQ 281] [STATIC-BASELINE]
CMD      : M92 | effects={'M': 92.0, 'E': 2000.0}
DECISION : BLOCK
------------------------------------------------------------
[SEQ 281] [IEEE-BASELINE]
SCORE    : anomaly_score=0.000
DECISION : ALLOW
------------------------------------------------------------
[SEQ 282] [LAYER 0]
CMD      : M221 S200
TRUST    : acc_cmd=1.000 | acc_exec=1.000 | trust=0.001
DECISION : PAUSE
MACHINE  : Machine-2
------------------------------------------------------------
[SEQ 282] [STATIC-BASELINE]
CMD      : M221 | effects={'M': 221.0, 'S': 200.0}
DECISION : BLOCK
------------------------------------------------------------
[SEQ 282] [IEEE-BASELINE]
SCORE    : anomaly_score=0.000
DECISION : ALLOW
------------------------------------------------------------
[SEQ 283] [LAYER 0]
CMD      : G92 E1000
TRUST    : acc_cmd=0.000 | acc_exec=1.000 | trust=0.001
DECISION : PAUSE
MACHINE  : Machine-2
------------------------------------------------------------
[SEQ 283] [STATIC-BASELINE]
CMD      : G92 | effects={'reset': {'G': 92.0, 'E': 1000.0}}
DECISION : BLOCK
------------------------------------------------------------
[SEQ 283] [IEEE-BASELINE]
SCORE    : anomaly_score=0.000
DECISION : ALLOW
------------------------------------------------------------
[SEQ 284] [LAYER 0]
CMD      : M221 S200
TRUST    : acc_cmd=1.000 | acc_exec=1.000 | trust=0.001
DECISION : PAUSE
MACHINE  : Machine-2
------------------------------------------------------------
[SEQ 284] [STATIC-BASELINE]
CMD      : M221 | effects={'M': 221.0, 'S': 200.0}
DECISION : BLOCK
------------------------------------------------------------
[SEQ 284] [IEEE-BASELINE]
SCORE    : anomaly_score=0.000
DECISION : ALLOW
------------------------------------------------------------
[SEQ 285] [LAYER 0]
CMD      : G92 E1000
TRUST    : acc_cmd=0.000 | acc_exec=1.000 | trust=0.001
DECISION : PAUSE
MACHINE  : Machine-2
------------------------------------------------------------
[SEQ 285] [STATIC-BASELINE]
CMD      : G92 | effects={'reset': {'G': 92.0, 'E': 1000.0}}
DECISION : BLOCK
------------------------------------------------------------
[SEQ 285] [IEEE-BASELINE]
SCORE    : anomaly_score=0.000
DECISION : ALLOW
------------------------------------------------------------
[SEQ 286] [LAYER 0]
CMD      : M221 S200
TRUST    : acc_cmd=1.000 | acc_exec=1.000 | trust=0.001
DECISION : PAUSE
MACHINE  : Machine-2
------------------------------------------------------------
[SEQ 286] [STATIC-BASELINE]
CMD      : M221 | effects={'M': 221.0, 'S': 200.0}
DECISION : BLOCK
------------------------------------------------------------
[SEQ 286] [IEEE-BASELINE]
SCORE    : anomaly_score=0.000
DECISION : ALLOW
------------------------------------------------------------
[SEQ 287] [LAYER 0]
CMD      : M92 E2000
TRUST    : acc_cmd=1.000 | acc_exec=1.000 | trust=0.001
DECISION : PAUSE
MACHINE  : Machine-2
------------------------------------------------------------
[SEQ 287] [STATIC-BASELINE]
CMD      : M92 | effects={'M': 92.0, 'E': 2000.0}
DECISION : BLOCK
------------------------------------------------------------
[SEQ 287] [IEEE-BASELINE]
SCORE    : anomaly_score=0.000
DECISION : ALLOW
------------------------------------------------------------
[SEQ 288] [LAYER 0]
CMD      : G1 X161.451 Y123.86 E8.14673
TRUST    : acc_cmd=0.000 | acc_exec=1.000 | trust=0.001
DECISION : PAUSE
MACHINE  : Machine-2
------------------------------------------------------------
[SEQ 288] [STATIC-BASELINE]
CMD      : G1 | effects={'dx': -1.818000000000012, 'dy': 8.739999999999995, 'dz': 0.0, 'de': -991.85327, 'xy_dist': 8.927078133409607, 'params': {'G': 1.0, 'X': 161.451, 'Y': 123.86, 'E': 8.14673}}
DECISION : ALLOW
------------------------------------------------------------
[SEQ 288] [IEEE-BASELINE]
SCORE    : anomaly_score=0.000
DECISION : ALLOW
------------------------------------------------------------
[SEQ 289] [LAYER 0]
CMD      : G92 E1000
TRUST    : acc_cmd=0.000 | acc_exec=1.000 | trust=0.001
DECISION : PAUSE
MACHINE  : Machine-2
------------------------------------------------------------
[SEQ 289] [STATIC-BASELINE]
CMD      : G92 | effects={'reset': {'G': 92.0, 'E': 1000.0}}
DECISION : BLOCK
------------------------------------------------------------
[SEQ 289] [IEEE-BASELINE]
SCORE    : anomaly_score=0.000
DECISION : ALLOW
------------------------------------------------------------
[SEQ 290] [LAYER 0]
CMD      : G1 X159.849 Y120.776 E8.21324
TRUST    : acc_cmd=0.000 | acc_exec=1.000 | trust=0.001
DECISION : PAUSE
MACHINE  : Machine-2
------------------------------------------------------------
[SEQ 290] [STATIC-BASELINE]
CMD      : G1 | effects={'dx': -1.6020000000000039, 'dy': -3.084000000000003, 'dz': 0.0, 'de': -991.78676, 'xy_dist': 3.475264018747357, 'params': {'G': 1.0, 'X': 159.849, 'Y': 120.776, 'E': 8.21324}}
DECISION : ALLOW
------------------------------------------------------------
[SEQ 290] [IEEE-BASELINE]
SCORE    : anomaly_score=0.000
DECISION : ALLOW
------------------------------------------------------------
[SEQ 291] [LAYER 0]
CMD      : M92 E2000
TRUST    : acc_cmd=1.000 | acc_exec=1.000 | trust=0.001
DECISION : PAUSE
MACHINE  : Machine-2
------------------------------------------------------------
[SEQ 291] [STATIC-BASELINE]
CMD      : M92 | effects={'M': 92.0, 'E': 2000.0}
DECISION : BLOCK
------------------------------------------------------------
[SEQ 291] [IEEE-BASELINE]
SCORE    : anomaly_score=0.000
DECISION : ALLOW
------------------------------------------------------------
[SEQ 292] [LAYER 0]
CMD      : M92 E2000
TRUST    : acc_cmd=1.000 | acc_exec=1.000 | trust=0.001
DECISION : PAUSE
MACHINE  : Machine-2
------------------------------------------------------------
[SEQ 292] [STATIC-BASELINE]
CMD      : M92 | effects={'M': 92.0, 'E': 2000.0}
DECISION : BLOCK
------------------------------------------------------------
[SEQ 292] [IEEE-BASELINE]
SCORE    : anomaly_score=0.000
DECISION : ALLOW
------------------------------------------------------------
[SEQ 293] [LAYER 0]
CMD      : G92 E1000
TRUST    : acc_cmd=0.000 | acc_exec=1.000 | trust=0.001
DECISION : PAUSE
MACHINE  : Machine-2
------------------------------------------------------------
[SEQ 293] [STATIC-BASELINE]
CMD      : G92 | effects={'reset': {'G': 92.0, 'E': 1000.0}}
DECISION : BLOCK
------------------------------------------------------------
[SEQ 293] [IEEE-BASELINE]
SCORE    : anomaly_score=0.000
DECISION : ALLOW
------------------------------------------------------------
[SEQ 294] [LAYER 0]
CMD      : G92 E1000
TRUST    : acc_cmd=0.000 | acc_exec=1.000 | trust=0.001
DECISION : PAUSE
MACHINE  : Machine-2
------------------------------------------------------------
[SEQ 294] [STATIC-BASELINE]
CMD      : G92 | effects={'reset': {'G': 92.0, 'E': 1000.0}}
DECISION : BLOCK
------------------------------------------------------------
[SEQ 294] [IEEE-BASELINE]
SCORE    : anomaly_score=0.000
DECISION : ALLOW
------------------------------------------------------------
[SEQ 295] [LAYER 0]
CMD      : M221 S200
TRUST    : acc_cmd=1.000 | acc_exec=1.000 | trust=0.001
DECISION : PAUSE
MACHINE  : Machine-2
------------------------------------------------------------
[SEQ 295] [STATIC-BASELINE]
CMD      : M221 | effects={'M': 221.0, 'S': 200.0}
DECISION : BLOCK
------------------------------------------------------------
[SEQ 295] [IEEE-BASELINE]
SCORE    : anomaly_score=0.000
DECISION : ALLOW
------------------------------------------------------------
[SEQ 296] [LAYER 0]
CMD      : M92 E2000
TRUST    : acc_cmd=1.000 | acc_exec=1.000 | trust=0.001
DECISION : PAUSE
MACHINE  : Machine-2
------------------------------------------------------------
[SEQ 296] [STATIC-BASELINE]
CMD      : M92 | effects={'M': 92.0, 'E': 2000.0}
DECISION : BLOCK
------------------------------------------------------------
[SEQ 296] [IEEE-BASELINE]
SCORE    : anomaly_score=0.000
DECISION : ALLOW
------------------------------------------------------------
[SEQ 297] [LAYER 0]
CMD      : M221 S200
TRUST    : acc_cmd=1.000 | acc_exec=1.000 | trust=0.001
DECISION : PAUSE
MACHINE  : Machine-2
------------------------------------------------------------
[SEQ 297] [STATIC-BASELINE]
CMD      : M221 | effects={'M': 221.0, 'S': 200.0}
DECISION : BLOCK
------------------------------------------------------------
[SEQ 297] [IEEE-BASELINE]
SCORE    : anomaly_score=0.000
DECISION : ALLOW
------------------------------------------------------------
[SEQ 298] [LAYER 0]
CMD      : M221 S200
TRUST    : acc_cmd=1.000 | acc_exec=1.000 | trust=0.001
DECISION : PAUSE
MACHINE  : Machine-2
------------------------------------------------------------
[SEQ 298] [STATIC-BASELINE]
CMD      : M221 | effects={'M': 221.0, 'S': 200.0}
DECISION : BLOCK
------------------------------------------------------------
[SEQ 298] [IEEE-BASELINE]
SCORE    : anomaly_score=0.000
DECISION : ALLOW
------------------------------------------------------------
[SEQ 299] [LAYER 0]
CMD      : M221 S200
TRUST    : acc_cmd=1.000 | acc_exec=1.000 | trust=0.001
DECISION : PAUSE
MACHINE  : Machine-2
------------------------------------------------------------
[SEQ 299] [STATIC-BASELINE]
CMD      : M221 | effects={'M': 221.0, 'S': 200.0}
DECISION : BLOCK
------------------------------------------------------------
[SEQ 299] [IEEE-BASELINE]
SCORE    : anomaly_score=0.000
DECISION : ALLOW
------------------------------------------------------------
[SEQ 300] [LAYER 0]
CMD      : G92 E1000
TRUST    : acc_cmd=0.000 | acc_exec=1.000 | trust=0.001
DECISION : PAUSE
MACHINE  : Machine-2
------------------------------------------------------------
[SEQ 300] [STATIC-BASELINE]
CMD      : G92 | effects={'reset': {'G': 92.0, 'E': 1000.0}}
DECISION : BLOCK
------------------------------------------------------------
[SEQ 300] [IEEE-BASELINE]
SCORE    : anomaly_score=0.000
DECISION : ALLOW
------------------------------------------------------------
[SEQ 301] [LAYER 0]
CMD      : M92 E2000
TRUST    : acc_cmd=1.000 | acc_exec=1.000 | trust=0.001
DECISION : PAUSE
MACHINE  : Machine-2
------------------------------------------------------------
[SEQ 301] [STATIC-BASELINE]
CMD      : M92 | effects={'M': 92.0, 'E': 2000.0}
DECISION : BLOCK
------------------------------------------------------------
[SEQ 301] [IEEE-BASELINE]
SCORE    : anomaly_score=0.000
DECISION : ALLOW
------------------------------------------------------------
[SEQ 302] [LAYER 0]
CMD      : M92 E2000
TRUST    : acc_cmd=1.000 | acc_exec=1.000 | trust=0.001
DECISION : PAUSE
MACHINE  : Machine-2
------------------------------------------------------------
[SEQ 302] [STATIC-BASELINE]
CMD      : M92 | effects={'M': 92.0, 'E': 2000.0}
DECISION : BLOCK
------------------------------------------------------------
[SEQ 302] [IEEE-BASELINE]
SCORE    : anomaly_score=0.000
DECISION : ALLOW
------------------------------------------------------------
[SEQ 303] [LAYER 0]
CMD      : M221 S200
TRUST    : acc_cmd=1.000 | acc_exec=1.000 | trust=0.001
DECISION : PAUSE
MACHINE  : Machine-2
------------------------------------------------------------
[SEQ 303] [STATIC-BASELINE]
CMD      : M221 | effects={'M': 221.0, 'S': 200.0}
DECISION : BLOCK
------------------------------------------------------------
[SEQ 303] [IEEE-BASELINE]
SCORE    : anomaly_score=0.000
DECISION : ALLOW
------------------------------------------------------------
[SEQ 304] [LAYER 0]
CMD      : M221 S200
TRUST    : acc_cmd=1.000 | acc_exec=1.000 | trust=0.001
DECISION : PAUSE
MACHINE  : Machine-2
------------------------------------------------------------
[SEQ 304] [STATIC-BASELINE]
CMD      : M221 | effects={'M': 221.0, 'S': 200.0}
DECISION : BLOCK
------------------------------------------------------------
[SEQ 304] [IEEE-BASELINE]
SCORE    : anomaly_score=0.000
DECISION : ALLOW
------------------------------------------------------------
[SEQ 305] [LAYER 0]
CMD      : M221 S200
TRUST    : acc_cmd=1.000 | acc_exec=1.000 | trust=0.001
DECISION : PAUSE
MACHINE  : Machine-2
------------------------------------------------------------
[SEQ 305] [STATIC-BASELINE]
CMD      : M221 | effects={'M': 221.0, 'S': 200.0}
DECISION : BLOCK
------------------------------------------------------------
[SEQ 305] [IEEE-BASELINE]
SCORE    : anomaly_score=0.000
DECISION : ALLOW
------------------------------------------------------------
[SEQ 306] [LAYER 0]
CMD      : G1 X167.673 Y123.975 E8.60467
TRUST    : acc_cmd=0.000 | acc_exec=1.000 | trust=0.001
DECISION : PAUSE
MACHINE  : Machine-2
------------------------------------------------------------
[SEQ 306] [STATIC-BASELINE]
CMD      : G1 | effects={'dx': 7.824000000000012, 'dy': 3.198999999999998, 'dz': 0.0, 'de': -991.39533, 'xy_dist': 8.45272600999229, 'params': {'G': 1.0, 'X': 167.673, 'Y': 123.975, 'E': 8.60467}}
DECISION : ALLOW
------------------------------------------------------------
[SEQ 306] [IEEE-BASELINE]
SCORE    : anomaly_score=0.000
DECISION : ALLOW
------------------------------------------------------------
[SEQ 307] [LAYER 0]
CMD      : M92 E2000
TRUST    : acc_cmd=1.000 | acc_exec=1.000 | trust=0.001
DECISION : PAUSE
MACHINE  : Machine-2
------------------------------------------------------------
[SEQ 307] [STATIC-BASELINE]
CMD      : M92 | effects={'M': 92.0, 'E': 2000.0}
DECISION : BLOCK
------------------------------------------------------------
[SEQ 307] [IEEE-BASELINE]
SCORE    : anomaly_score=0.000
DECISION : ALLOW
------------------------------------------------------------
[SEQ 308] [LAYER 0]
CMD      : M92 E2000
TRUST    : acc_cmd=1.000 | acc_exec=1.000 | trust=0.001
DECISION : PAUSE
MACHINE  : Machine-2
------------------------------------------------------------
[SEQ 308] [STATIC-BASELINE]
CMD      : M92 | effects={'M': 92.0, 'E': 2000.0}
DECISION : BLOCK
------------------------------------------------------------
[SEQ 308] [IEEE-BASELINE]
SCORE    : anomaly_score=0.000
DECISION : ALLOW
------------------------------------------------------------
[SEQ 309] [LAYER 0]
CMD      : M92 E2000
TRUST    : acc_cmd=1.000 | acc_exec=1.000 | trust=0.001
DECISION : PAUSE
MACHINE  : Machine-2
------------------------------------------------------------
[SEQ 309] [STATIC-BASELINE]
CMD      : M92 | effects={'M': 92.0, 'E': 2000.0}
DECISION : BLOCK
------------------------------------------------------------
[SEQ 309] [IEEE-BASELINE]
SCORE    : anomaly_score=0.000
DECISION : ALLOW
------------------------------------------------------------
[SEQ 310] [LAYER 0]
CMD      : G92 E1000
TRUST    : acc_cmd=0.000 | acc_exec=1.000 | trust=0.001
DECISION : PAUSE
MACHINE  : Machine-2
------------------------------------------------------------
[SEQ 310] [STATIC-BASELINE]
CMD      : G92 | effects={'reset': {'G': 92.0, 'E': 1000.0}}
DECISION : BLOCK
------------------------------------------------------------
[SEQ 310] [IEEE-BASELINE]
SCORE    : anomaly_score=0.000
DECISION : ALLOW
------------------------------------------------------------
[SEQ 311] [LAYER 0]
CMD      : G92 E1000
TRUST    : acc_cmd=0.000 | acc_exec=1.000 | trust=0.001
DECISION : PAUSE
MACHINE  : Machine-2
------------------------------------------------------------
[SEQ 311] [STATIC-BASELINE]
CMD      : G92 | effects={'reset': {'G': 92.0, 'E': 1000.0}}
DECISION : BLOCK
------------------------------------------------------------
[SEQ 311] [IEEE-BASELINE]
SCORE    : anomaly_score=0.000
DECISION : ALLOW
------------------------------------------------------------
[SEQ 312] [LAYER 0]
CMD      : M92 E2000
TRUST    : acc_cmd=1.000 | acc_exec=1.000 | trust=0.001
DECISION : PAUSE
MACHINE  : Machine-2
------------------------------------------------------------
[SEQ 312] [STATIC-BASELINE]
CMD      : M92 | effects={'M': 92.0, 'E': 2000.0}
DECISION : BLOCK
------------------------------------------------------------
[SEQ 312] [IEEE-BASELINE]
SCORE    : anomaly_score=0.000
DECISION : ALLOW
------------------------------------------------------------
[SEQ 313] [LAYER 0]
CMD      : M92 E2000
TRUST    : acc_cmd=1.000 | acc_exec=1.000 | trust=0.001
DECISION : PAUSE
MACHINE  : Machine-2
------------------------------------------------------------
[SEQ 313] [STATIC-BASELINE]
CMD      : M92 | effects={'M': 92.0, 'E': 2000.0}
DECISION : BLOCK
------------------------------------------------------------
[SEQ 313] [IEEE-BASELINE]
SCORE    : anomaly_score=0.000
DECISION : ALLOW
------------------------------------------------------------
[SEQ 314] [LAYER 0]
CMD      : M92 E2000
TRUST    : acc_cmd=1.000 | acc_exec=1.000 | trust=0.001
DECISION : PAUSE
MACHINE  : Machine-2
------------------------------------------------------------
[SEQ 314] [STATIC-BASELINE]
CMD      : M92 | effects={'M': 92.0, 'E': 2000.0}
DECISION : BLOCK
------------------------------------------------------------
[SEQ 314] [IEEE-BASELINE]
SCORE    : anomaly_score=0.000
DECISION : ALLOW
------------------------------------------------------------
[SEQ 315] [LAYER 0]
CMD      : M92 E2000
TRUST    : acc_cmd=1.000 | acc_exec=1.000 | trust=0.001
DECISION : PAUSE
MACHINE  : Machine-2
------------------------------------------------------------
[SEQ 315] [STATIC-BASELINE]
CMD      : M92 | effects={'M': 92.0, 'E': 2000.0}
DECISION : BLOCK
------------------------------------------------------------
[SEQ 315] [IEEE-BASELINE]
SCORE    : anomaly_score=0.000
DECISION : ALLOW
------------------------------------------------------------
[SEQ 316] [LAYER 0]
CMD      : G1 X161.122 Y117.192 E8.85654
TRUST    : acc_cmd=0.000 | acc_exec=1.000 | trust=0.001
DECISION : PAUSE
MACHINE  : Machine-2
------------------------------------------------------------
[SEQ 316] [STATIC-BASELINE]
CMD      : G1 | effects={'dx': -6.550999999999988, 'dy': -6.783000000000001, 'dz': 0.0, 'de': -991.14346, 'xy_dist': 9.429988865316854, 'params': {'G': 1.0, 'X': 161.122, 'Y': 117.192, 'E': 8.85654}}
DECISION : ALLOW
------------------------------------------------------------
[SEQ 316] [IEEE-BASELINE]
SCORE    : anomaly_score=0.000
DECISION : ALLOW
------------------------------------------------------------
[SEQ 317] [LAYER 0]
CMD      : M221 S200
TRUST    : acc_cmd=1.000 | acc_exec=1.000 | trust=0.001
DECISION : PAUSE
MACHINE  : Machine-2
------------------------------------------------------------
[SEQ 317] [STATIC-BASELINE]
CMD      : M221 | effects={'M': 221.0, 'S': 200.0}
DECISION : BLOCK
------------------------------------------------------------
[SEQ 317] [IEEE-BASELINE]
SCORE    : anomaly_score=0.000
DECISION : ALLOW
------------------------------------------------------------
[SEQ 318] [LAYER 0]
CMD      : M221 S200
TRUST    : acc_cmd=1.000 | acc_exec=1.000 | trust=0.001
DECISION : PAUSE
MACHINE  : Machine-2
------------------------------------------------------------
[SEQ 318] [STATIC-BASELINE]
CMD      : M221 | effects={'M': 221.0, 'S': 200.0}
DECISION : BLOCK
------------------------------------------------------------
[SEQ 318] [IEEE-BASELINE]
SCORE    : anomaly_score=0.000
DECISION : ALLOW
------------------------------------------------------------
[SEQ 319] [LAYER 0]
CMD      : G92 E1000
TRUST    : acc_cmd=0.000 | acc_exec=1.000 | trust=0.001
DECISION : PAUSE
MACHINE  : Machine-2
------------------------------------------------------------
[SEQ 319] [STATIC-BASELINE]
CMD      : G92 | effects={'reset': {'G': 92.0, 'E': 1000.0}}
DECISION : BLOCK
------------------------------------------------------------
[SEQ 319] [IEEE-BASELINE]
SCORE    : anomaly_score=0.000
DECISION : ALLOW
------------------------------------------------------------
[SEQ 320] [LAYER 0]
CMD      : M92 E2000
TRUST    : acc_cmd=1.000 | acc_exec=1.000 | trust=0.001
DECISION : PAUSE
MACHINE  : Machine-2
------------------------------------------------------------
[SEQ 320] [STATIC-BASELINE]
CMD      : M92 | effects={'M': 92.0, 'E': 2000.0}
DECISION : BLOCK
------------------------------------------------------------
[SEQ 320] [IEEE-BASELINE]
SCORE    : anomaly_score=0.000
DECISION : ALLOW
------------------------------------------------------------
[SEQ 321] [LAYER 0]
CMD      : G92 E1000
TRUST    : acc_cmd=0.000 | acc_exec=1.000 | trust=0.001
DECISION : PAUSE
MACHINE  : Machine-2
------------------------------------------------------------
[SEQ 321] [STATIC-BASELINE]
CMD      : G92 | effects={'reset': {'G': 92.0, 'E': 1000.0}}
DECISION : BLOCK
------------------------------------------------------------
[SEQ 321] [IEEE-BASELINE]
SCORE    : anomaly_score=0.000
DECISION : ALLOW
------------------------------------------------------------
[SEQ 322] [LAYER 0]
CMD      : G92 E1000
TRUST    : acc_cmd=0.000 | acc_exec=1.000 | trust=0.001
DECISION : PAUSE
MACHINE  : Machine-2
------------------------------------------------------------
[SEQ 322] [STATIC-BASELINE]
CMD      : G92 | effects={'reset': {'G': 92.0, 'E': 1000.0}}
DECISION : BLOCK
------------------------------------------------------------
[SEQ 322] [IEEE-BASELINE]
SCORE    : anomaly_score=0.000
DECISION : ALLOW
------------------------------------------------------------
[SEQ 323] [LAYER 0]
CMD      : M221 S200
TRUST    : acc_cmd=1.000 | acc_exec=1.000 | trust=0.001
DECISION : PAUSE
MACHINE  : Machine-2
------------------------------------------------------------
[SEQ 323] [STATIC-BASELINE]
CMD      : M221 | effects={'M': 221.0, 'S': 200.0}
DECISION : BLOCK
------------------------------------------------------------
[SEQ 323] [IEEE-BASELINE]
SCORE    : anomaly_score=0.000
DECISION : ALLOW
------------------------------------------------------------
[SEQ 324] [LAYER 0]
CMD      : M221 S200
TRUST    : acc_cmd=1.000 | acc_exec=1.000 | trust=0.001
DECISION : PAUSE
MACHINE  : Machine-2
------------------------------------------------------------
[SEQ 324] [STATIC-BASELINE]
CMD      : M221 | effects={'M': 221.0, 'S': 200.0}
DECISION : BLOCK
------------------------------------------------------------
[SEQ 324] [IEEE-BASELINE]
SCORE    : anomaly_score=0.000
DECISION : ALLOW
------------------------------------------------------------
[SEQ 325] [LAYER 0]
CMD      : M221 S200
TRUST    : acc_cmd=1.000 | acc_exec=1.000 | trust=0.001
DECISION : PAUSE
MACHINE  : Machine-2
------------------------------------------------------------
[SEQ 325] [STATIC-BASELINE]
CMD      : M221 | effects={'M': 221.0, 'S': 200.0}
DECISION : BLOCK
------------------------------------------------------------
[SEQ 325] [IEEE-BASELINE]
SCORE    : anomaly_score=0.000
DECISION : ALLOW
------------------------------------------------------------
[SEQ 326] [LAYER 0]
CMD      : M221 S200
TRUST    : acc_cmd=1.000 | acc_exec=1.000 | trust=0.001
DECISION : PAUSE
MACHINE  : Machine-2
------------------------------------------------------------
[SEQ 326] [STATIC-BASELINE]
CMD      : M221 | effects={'M': 221.0, 'S': 200.0}
DECISION : BLOCK
------------------------------------------------------------
[SEQ 326] [IEEE-BASELINE]
SCORE    : anomaly_score=0.000
DECISION : ALLOW
------------------------------------------------------------
[SEQ 327] [LAYER 0]
CMD      : M221 S200
TRUST    : acc_cmd=1.000 | acc_exec=1.000 | trust=0.001
DECISION : PAUSE
MACHINE  : Machine-2
------------------------------------------------------------
[SEQ 327] [STATIC-BASELINE]
CMD      : M221 | effects={'M': 221.0, 'S': 200.0}
DECISION : BLOCK
------------------------------------------------------------
[SEQ 327] [IEEE-BASELINE]
SCORE    : anomaly_score=0.000
DECISION : ALLOW
------------------------------------------------------------
[SEQ 328] [LAYER 0]
CMD      : G92 E1000
TRUST    : acc_cmd=0.000 | acc_exec=1.000 | trust=0.001
DECISION : PAUSE
MACHINE  : Machine-2
------------------------------------------------------------
[SEQ 328] [STATIC-BASELINE]
CMD      : G92 | effects={'reset': {'G': 92.0, 'E': 1000.0}}
DECISION : BLOCK
------------------------------------------------------------
[SEQ 328] [IEEE-BASELINE]
SCORE    : anomaly_score=0.000
DECISION : ALLOW
------------------------------------------------------------
[SEQ 329] [LAYER 0]
CMD      : M92 E2000
TRUST    : acc_cmd=1.000 | acc_exec=1.000 | trust=0.001
DECISION : PAUSE
MACHINE  : Machine-2
------------------------------------------------------------
[SEQ 329] [STATIC-BASELINE]
CMD      : M92 | effects={'M': 92.0, 'E': 2000.0}
DECISION : BLOCK
------------------------------------------------------------
[SEQ 329] [IEEE-BASELINE]
SCORE    : anomaly_score=0.000
DECISION : ALLOW
------------------------------------------------------------
[SEQ 330] [LAYER 0]
CMD      : G1 X166.723 Y124.047 E9.16124
TRUST    : acc_cmd=0.000 | acc_exec=1.000 | trust=0.001
DECISION : PAUSE
MACHINE  : Machine-2
------------------------------------------------------------
[SEQ 330] [STATIC-BASELINE]
CMD      : G1 | effects={'dx': 5.600999999999999, 'dy': 6.855000000000004, 'dz': 0.0, 'de': -990.83876, 'xy_dist': 8.852244122255104, 'params': {'G': 1.0, 'X': 166.723, 'Y': 124.047, 'E': 9.16124}}
DECISION : ALLOW
------------------------------------------------------------
[SEQ 330] [IEEE-BASELINE]
SCORE    : anomaly_score=0.000
DECISION : ALLOW
------------------------------------------------------------
[SEQ 331] [LAYER 0]
CMD      : M221 S200
TRUST    : acc_cmd=1.000 | acc_exec=1.000 | trust=0.001
DECISION : PAUSE
MACHINE  : Machine-2
------------------------------------------------------------
[SEQ 331] [STATIC-BASELINE]
CMD      : M221 | effects={'M': 221.0, 'S': 200.0}
DECISION : BLOCK
------------------------------------------------------------
[SEQ 331] [IEEE-BASELINE]
SCORE    : anomaly_score=0.000
DECISION : ALLOW
------------------------------------------------------------
[SEQ 332] [LAYER 0]
CMD      : G1 X164.384 Y124.378 E9.20606
TRUST    : acc_cmd=0.000 | acc_exec=0.000 | trust=0.007
DECISION : PAUSE
MACHINE  : Machine-2
------------------------------------------------------------
[SEQ 332] [STATIC-BASELINE]
CMD      : G1 | effects={'dx': -2.339000000000027, 'dy': 0.33100000000000307, 'dz': 0.0, 'de': 0.044820000000001414, 'xy_dist': 2.3623043834358284, 'params': {'G': 1.0, 'X': 164.384, 'Y': 124.378, 'E': 9.20606}}
DECISION : ALLOW
------------------------------------------------------------
[SEQ 332] [IEEE-BASELINE]
SCORE    : anomaly_score=0.000
DECISION : ALLOW
------------------------------------------------------------
[SEQ 333] [LAYER 0]
CMD      : M92 E2000
TRUST    : acc_cmd=1.000 | acc_exec=1.000 | trust=0.005
DECISION : PAUSE
MACHINE  : Machine-2
------------------------------------------------------------
[SEQ 333] [STATIC-BASELINE]
CMD      : M92 | effects={'M': 92.0, 'E': 2000.0}
DECISION : BLOCK
------------------------------------------------------------
[SEQ 333] [IEEE-BASELINE]
SCORE    : anomaly_score=0.000
DECISION : ALLOW
------------------------------------------------------------
[SEQ 334] [LAYER 0]
CMD      : M92 E2000
TRUST    : acc_cmd=1.000 | acc_exec=1.000 | trust=0.003
DECISION : PAUSE
MACHINE  : Machine-2
------------------------------------------------------------
[SEQ 334] [STATIC-BASELINE]
CMD      : M92 | effects={'M': 92.0, 'E': 2000.0}
DECISION : BLOCK
------------------------------------------------------------
[SEQ 334] [IEEE-BASELINE]
SCORE    : anomaly_score=0.000
DECISION : ALLOW
------------------------------------------------------------
[SEQ 335] [LAYER 0]
CMD      : M221 S200
TRUST    : acc_cmd=1.000 | acc_exec=1.000 | trust=0.002
DECISION : PAUSE
MACHINE  : Machine-2
------------------------------------------------------------
[SEQ 335] [STATIC-BASELINE]
CMD      : M221 | effects={'M': 221.0, 'S': 200.0}
DECISION : BLOCK
------------------------------------------------------------
[SEQ 335] [IEEE-BASELINE]
SCORE    : anomaly_score=0.000
DECISION : ALLOW
------------------------------------------------------------
[SEQ 336] [LAYER 0]
CMD      : G92 E1000
TRUST    : acc_cmd=0.000 | acc_exec=1.000 | trust=0.001
DECISION : PAUSE
MACHINE  : Machine-2
------------------------------------------------------------
[SEQ 336] [STATIC-BASELINE]
CMD      : G92 | effects={'reset': {'G': 92.0, 'E': 1000.0}}
DECISION : BLOCK
------------------------------------------------------------
[SEQ 336] [IEEE-BASELINE]
SCORE    : anomaly_score=0.000
DECISION : ALLOW
------------------------------------------------------------
[SEQ 337] [LAYER 0]
CMD      : G92 E1000
TRUST    : acc_cmd=0.000 | acc_exec=1.000 | trust=0.001
DECISION : PAUSE
MACHINE  : Machine-2
------------------------------------------------------------
[SEQ 337] [STATIC-BASELINE]
CMD      : G92 | effects={'reset': {'G': 92.0, 'E': 1000.0}}
DECISION : BLOCK
------------------------------------------------------------
[SEQ 337] [IEEE-BASELINE]
SCORE    : anomaly_score=0.000
DECISION : ALLOW
------------------------------------------------------------
[SEQ 338] [LAYER 0]
CMD      : G92 E1000
TRUST    : acc_cmd=0.000 | acc_exec=1.000 | trust=0.001
DECISION : PAUSE
MACHINE  : Machine-2
------------------------------------------------------------
[SEQ 338] [STATIC-BASELINE]
CMD      : G92 | effects={'reset': {'G': 92.0, 'E': 1000.0}}
DECISION : BLOCK
------------------------------------------------------------
[SEQ 338] [IEEE-BASELINE]
SCORE    : anomaly_score=0.000
DECISION : ALLOW
------------------------------------------------------------
[SEQ 339] [LAYER 0]
CMD      : G92 E1000
TRUST    : acc_cmd=0.000 | acc_exec=1.000 | trust=0.001
DECISION : PAUSE
MACHINE  : Machine-2
------------------------------------------------------------
[SEQ 339] [STATIC-BASELINE]
CMD      : G92 | effects={'reset': {'G': 92.0, 'E': 1000.0}}
DECISION : BLOCK
------------------------------------------------------------
[SEQ 339] [IEEE-BASELINE]
SCORE    : anomaly_score=0.000
DECISION : ALLOW
------------------------------------------------------------
[SEQ 340] [LAYER 0]
CMD      : M221 S200
TRUST    : acc_cmd=1.000 | acc_exec=1.000 | trust=0.001
DECISION : PAUSE
MACHINE  : Machine-2
------------------------------------------------------------
[SEQ 340] [STATIC-BASELINE]
CMD      : M221 | effects={'M': 221.0, 'S': 200.0}
DECISION : BLOCK
------------------------------------------------------------
[SEQ 340] [IEEE-BASELINE]
SCORE    : anomaly_score=0.000
DECISION : ALLOW
------------------------------------------------------------
[SEQ 341] [LAYER 0]
CMD      : M92 E2000
TRUST    : acc_cmd=1.000 | acc_exec=1.000 | trust=0.001
DECISION : PAUSE
MACHINE  : Machine-2
------------------------------------------------------------
[SEQ 341] [STATIC-BASELINE]
CMD      : M92 | effects={'M': 92.0, 'E': 2000.0}
DECISION : BLOCK
------------------------------------------------------------
[SEQ 341] [IEEE-BASELINE]
SCORE    : anomaly_score=0.000
DECISION : ALLOW
------------------------------------------------------------
[SEQ 342] [LAYER 0]
CMD      : G1 X163.608 Y116.272 E9.42044
TRUST    : acc_cmd=0.000 | acc_exec=1.000 | trust=0.001
DECISION : PAUSE
MACHINE  : Machine-2
------------------------------------------------------------
[SEQ 342] [STATIC-BASELINE]
CMD      : G1 | effects={'dx': -0.775999999999982, 'dy': -8.105999999999995, 'dz': 0.0, 'de': -990.57956, 'xy_dist': 8.143059130326876, 'params': {'G': 1.0, 'X': 163.608, 'Y': 116.272, 'E': 9.42044}}
DECISION : ALLOW
------------------------------------------------------------
[SEQ 342] [IEEE-BASELINE]
SCORE    : anomaly_score=0.000
DECISION : ALLOW
------------------------------------------------------------
[SEQ 343] [LAYER 0]
CMD      : M221 S200
TRUST    : acc_cmd=1.000 | acc_exec=1.000 | trust=0.001
DECISION : PAUSE
MACHINE  : Machine-2
------------------------------------------------------------
[SEQ 343] [STATIC-BASELINE]
CMD      : M221 | effects={'M': 221.0, 'S': 200.0}
DECISION : BLOCK
------------------------------------------------------------
[SEQ 343] [IEEE-BASELINE]
SCORE    : anomaly_score=0.000
DECISION : ALLOW
------------------------------------------------------------
[SEQ 344] [LAYER 0]
CMD      : G1 X165.422 Y116.024 E9.45517
TRUST    : acc_cmd=0.000 | acc_exec=0.000 | trust=0.007
DECISION : PAUSE
MACHINE  : Machine-2
------------------------------------------------------------
[SEQ 344] [STATIC-BASELINE]
CMD      : G1 | effects={'dx': 1.813999999999993, 'dy': -0.24800000000000466, 'dz': 0.0, 'de': 0.03473000000000148, 'xy_dist': 1.830874108178926, 'params': {'G': 1.0, 'X': 165.422, 'Y': 116.024, 'E': 9.45517}}
DECISION : ALLOW
------------------------------------------------------------
[SEQ 344] [IEEE-BASELINE]
SCORE    : anomaly_score=0.000
DECISION : ALLOW
------------------------------------------------------------
[SEQ 345] [LAYER 0]
CMD      : M221 S200
TRUST    : acc_cmd=1.000 | acc_exec=1.000 | trust=0.005
DECISION : PAUSE
MACHINE  : Machine-2
------------------------------------------------------------
[SEQ 345] [STATIC-BASELINE]
CMD      : M221 | effects={'M': 221.0, 'S': 200.0}
DECISION : BLOCK
------------------------------------------------------------
[SEQ 345] [IEEE-BASELINE]
SCORE    : anomaly_score=0.000
DECISION : ALLOW
------------------------------------------------------------
[SEQ 346] [LAYER 0]
CMD      : M92 E2000
TRUST    : acc_cmd=1.000 | acc_exec=1.000 | trust=0.003
DECISION : PAUSE
MACHINE  : Machine-2
------------------------------------------------------------
[SEQ 346] [STATIC-BASELINE]
CMD      : M92 | effects={'M': 92.0, 'E': 2000.0}
DECISION : BLOCK
------------------------------------------------------------
[SEQ 346] [IEEE-BASELINE]
SCORE    : anomaly_score=0.000
DECISION : ALLOW
------------------------------------------------------------
[SEQ 347] [LAYER 0]
CMD      : G1 X168.492 Y117.992 E9.52614
TRUST    : acc_cmd=0.000 | acc_exec=0.000 | trust=0.014
DECISION : PAUSE
MACHINE  : Machine-2
------------------------------------------------------------
[SEQ 347] [STATIC-BASELINE]
CMD      : G1 | effects={'dx': 3.069999999999993, 'dy': 1.9680000000000035, 'dz': 0.0, 'de': 0.07096999999999909, 'xy_dist': 3.646631870644468, 'params': {'G': 1.0, 'X': 168.492, 'Y': 117.992, 'E': 9.52614}}
DECISION : ALLOW
------------------------------------------------------------
[SEQ 347] [IEEE-BASELINE]
SCORE    : anomaly_score=0.000
DECISION : ALLOW
------------------------------------------------------------
[SEQ 348] [LAYER 0]
CMD      : M221 S200
TRUST    : acc_cmd=1.000 | acc_exec=1.000 | trust=0.009
DECISION : PAUSE
MACHINE  : Machine-2
------------------------------------------------------------
[SEQ 348] [STATIC-BASELINE]
CMD      : M221 | effects={'M': 221.0, 'S': 200.0}
DECISION : BLOCK
------------------------------------------------------------
[SEQ 348] [IEEE-BASELINE]
SCORE    : anomaly_score=0.000
DECISION : ALLOW
------------------------------------------------------------
[SEQ 349] [LAYER 0]
CMD      : M221 S200
TRUST    : acc_cmd=1.000 | acc_exec=1.000 | trust=0.005
DECISION : PAUSE
MACHINE  : Machine-2
------------------------------------------------------------
[SEQ 349] [STATIC-BASELINE]
CMD      : M221 | effects={'M': 221.0, 'S': 200.0}
DECISION : BLOCK
------------------------------------------------------------
[SEQ 349] [IEEE-BASELINE]
SCORE    : anomaly_score=0.000
DECISION : ALLOW
------------------------------------------------------------
[SEQ 350] [LAYER 0]
CMD      : G92 E1000
TRUST    : acc_cmd=0.000 | acc_exec=1.000 | trust=0.003
DECISION : PAUSE
MACHINE  : Machine-2
------------------------------------------------------------
[SEQ 350] [STATIC-BASELINE]
CMD      : G92 | effects={'reset': {'G': 92.0, 'E': 1000.0}}
DECISION : BLOCK
------------------------------------------------------------
[SEQ 350] [IEEE-BASELINE]
SCORE    : anomaly_score=0.000
DECISION : ALLOW
------------------------------------------------------------
[SEQ 351] [LAYER 0]
CMD      : G92 E1000
TRUST    : acc_cmd=0.000 | acc_exec=1.000 | trust=0.002
DECISION : PAUSE
MACHINE  : Machine-2
------------------------------------------------------------
[SEQ 351] [STATIC-BASELINE]
CMD      : G92 | effects={'reset': {'G': 92.0, 'E': 1000.0}}
DECISION : BLOCK
------------------------------------------------------------
[SEQ 351] [IEEE-BASELINE]
SCORE    : anomaly_score=0.000
DECISION : ALLOW
------------------------------------------------------------
[SEQ 352] [LAYER 0]
CMD      : G1 X167.211 Y123.317 E9.63921
TRUST    : acc_cmd=0.000 | acc_exec=1.000 | trust=0.001
DECISION : PAUSE
MACHINE  : Machine-2
------------------------------------------------------------
[SEQ 352] [STATIC-BASELINE]
CMD      : G1 | effects={'dx': -1.2809999999999775, 'dy': 5.324999999999989, 'dz': 0.0, 'de': -990.36079, 'xy_dist': 5.47691391204936, 'params': {'G': 1.0, 'X': 167.211, 'Y': 123.317, 'E': 9.63921}}
DECISION : ALLOW
------------------------------------------------------------
[SEQ 352] [IEEE-BASELINE]
SCORE    : anomaly_score=0.000
DECISION : ALLOW
------------------------------------------------------------
[SEQ 353] [LAYER 0]
CMD      : M92 E2000
TRUST    : acc_cmd=1.000 | acc_exec=1.000 | trust=0.001
DECISION : PAUSE
MACHINE  : Machine-2
------------------------------------------------------------
[SEQ 353] [STATIC-BASELINE]
CMD      : M92 | effects={'M': 92.0, 'E': 2000.0}
DECISION : BLOCK
------------------------------------------------------------
[SEQ 353] [IEEE-BASELINE]
SCORE    : anomaly_score=0.000
DECISION : ALLOW
------------------------------------------------------------
[SEQ 354] [LAYER 0]
CMD      : M221 S200
TRUST    : acc_cmd=1.000 | acc_exec=1.000 | trust=0.001
DECISION : PAUSE
MACHINE  : Machine-2
------------------------------------------------------------
[SEQ 354] [STATIC-BASELINE]
CMD      : M221 | effects={'M': 221.0, 'S': 200.0}
DECISION : BLOCK
------------------------------------------------------------
[SEQ 354] [IEEE-BASELINE]
SCORE    : anomaly_score=0.000
DECISION : ALLOW
------------------------------------------------------------
[SEQ 355] [LAYER 0]
CMD      : G92 E1000
TRUST    : acc_cmd=0.000 | acc_exec=1.000 | trust=0.001
DECISION : PAUSE
MACHINE  : Machine-2
------------------------------------------------------------
[SEQ 355] [STATIC-BASELINE]
CMD      : G92 | effects={'reset': {'G': 92.0, 'E': 1000.0}}
DECISION : BLOCK
------------------------------------------------------------
[SEQ 355] [IEEE-BASELINE]
SCORE    : anomaly_score=0.000
DECISION : ALLOW
------------------------------------------------------------
[SEQ 356] [LAYER 0]
CMD      : M92 E2000
TRUST    : acc_cmd=1.000 | acc_exec=1.000 | trust=0.001
DECISION : PAUSE
MACHINE  : Machine-2
------------------------------------------------------------
[SEQ 356] [STATIC-BASELINE]
CMD      : M92 | effects={'M': 92.0, 'E': 2000.0}
DECISION : BLOCK
------------------------------------------------------------
[SEQ 356] [IEEE-BASELINE]
SCORE    : anomaly_score=0.000
DECISION : ALLOW
------------------------------------------------------------
[SEQ 357] [LAYER 0]
CMD      : M92 E2000
TRUST    : acc_cmd=1.000 | acc_exec=1.000 | trust=0.001
DECISION : PAUSE
MACHINE  : Machine-2
------------------------------------------------------------
[SEQ 357] [STATIC-BASELINE]
CMD      : M92 | effects={'M': 92.0, 'E': 2000.0}
DECISION : BLOCK
------------------------------------------------------------
[SEQ 357] [IEEE-BASELINE]
SCORE    : anomaly_score=0.000
DECISION : ALLOW
------------------------------------------------------------
[SEQ 358] [LAYER 0]
CMD      : M92 E2000
TRUST    : acc_cmd=1.000 | acc_exec=1.000 | trust=0.001
DECISION : PAUSE
MACHINE  : Machine-2
------------------------------------------------------------
[SEQ 358] [STATIC-BASELINE]
CMD      : M92 | effects={'M': 92.0, 'E': 2000.0}
DECISION : BLOCK
------------------------------------------------------------
[SEQ 358] [IEEE-BASELINE]
SCORE    : anomaly_score=0.000
DECISION : ALLOW
------------------------------------------------------------
[SEQ 359] [LAYER 0]
CMD      : M221 S200
TRUST    : acc_cmd=1.000 | acc_exec=1.000 | trust=0.001
DECISION : PAUSE
MACHINE  : Machine-2
------------------------------------------------------------
[SEQ 359] [STATIC-BASELINE]
CMD      : M221 | effects={'M': 221.0, 'S': 200.0}
DECISION : BLOCK
------------------------------------------------------------
[SEQ 359] [IEEE-BASELINE]
SCORE    : anomaly_score=0.000
DECISION : ALLOW
------------------------------------------------------------
[SEQ 360] [LAYER 0]
CMD      : M221 S200
TRUST    : acc_cmd=1.000 | acc_exec=1.000 | trust=0.001
DECISION : PAUSE
MACHINE  : Machine-2
------------------------------------------------------------
[SEQ 360] [STATIC-BASELINE]
CMD      : M221 | effects={'M': 221.0, 'S': 200.0}
DECISION : BLOCK
------------------------------------------------------------
[SEQ 360] [IEEE-BASELINE]
SCORE    : anomaly_score=0.000
DECISION : ALLOW
------------------------------------------------------------
[SEQ 361] [LAYER 0]
CMD      : G1 X161.415 Y118.285 E9.835
TRUST    : acc_cmd=0.000 | acc_exec=1.000 | trust=0.001
DECISION : PAUSE
MACHINE  : Machine-2
------------------------------------------------------------
[SEQ 361] [STATIC-BASELINE]
CMD      : G1 | effects={'dx': -5.796000000000021, 'dy': -5.0319999999999965, 'dz': 0.0, 'de': -990.165, 'xy_dist': 7.675587273948502, 'params': {'G': 1.0, 'X': 161.415, 'Y': 118.285, 'E': 9.835}}
DECISION : ALLOW
------------------------------------------------------------
[SEQ 361] [IEEE-BASELINE]
SCORE    : anomaly_score=0.000
DECISION : ALLOW
------------------------------------------------------------
[SEQ 362] [LAYER 0]
CMD      : G1 X161.771 Y117.67 E9.84837
TRUST    : acc_cmd=0.000 | acc_exec=0.000 | trust=0.007
DECISION : PAUSE
MACHINE  : Machine-2
------------------------------------------------------------
[SEQ 362] [STATIC-BASELINE]
CMD      : G1 | effects={'dx': 0.35599999999999454, 'dy': -0.6149999999999949, 'dz': 0.0, 'de': 0.013369999999998328, 'xy_dist': 0.7106060793435346, 'params': {'G': 1.0, 'X': 161.771, 'Y': 117.67, 'E': 9.84837}}
DECISION : ALLOW
------------------------------------------------------------
[SEQ 362] [IEEE-BASELINE]
SCORE    : anomaly_score=0.000
DECISION : ALLOW
------------------------------------------------------------
[SEQ 363] [LAYER 0]
CMD      : G0 F3600 X162.095 Y117.909
TRUST    : acc_cmd=0.000 | acc_exec=0.000 | trust=0.043
DECISION : PAUSE
MACHINE  : Machine-2
------------------------------------------------------------
[SEQ 363] [STATIC-BASELINE]
CMD      : G0 | effects={'dx': 0.3240000000000123, 'dy': 0.23900000000000432, 'dz': 0.0, 'de': 0.0, 'xy_dist': 0.4026127171364685, 'params': {'G': 0.0, 'F': 3600.0, 'X': 162.095, 'Y': 117.909}}
DECISION : ALLOW
------------------------------------------------------------
[SEQ 363] [IEEE-BASELINE]
SCORE    : anomaly_score=0.000
DECISION : ALLOW
------------------------------------------------------------
[SEQ 364] [LAYER 0]
CMD      : M221 S200
TRUST    : acc_cmd=1.000 | acc_exec=1.000 | trust=0.023
DECISION : PAUSE
MACHINE  : Machine-2
------------------------------------------------------------
[SEQ 364] [STATIC-BASELINE]
CMD      : M221 | effects={'M': 221.0, 'S': 200.0}
DECISION : BLOCK
------------------------------------------------------------
[SEQ 364] [IEEE-BASELINE]
SCORE    : anomaly_score=0.000
DECISION : ALLOW
------------------------------------------------------------
[SEQ 365] [LAYER 0]
CMD      : G92 E1000
TRUST    : acc_cmd=0.000 | acc_exec=1.000 | trust=0.011
DECISION : PAUSE
MACHINE  : Machine-2
------------------------------------------------------------
[SEQ 365] [STATIC-BASELINE]
CMD      : G92 | effects={'reset': {'G': 92.0, 'E': 1000.0}}
DECISION : BLOCK
------------------------------------------------------------
[SEQ 365] [IEEE-BASELINE]
SCORE    : anomaly_score=0.000
DECISION : ALLOW
------------------------------------------------------------
[SEQ 366] [LAYER 0]
CMD      : G92 E1000
TRUST    : acc_cmd=0.000 | acc_exec=1.000 | trust=0.005
DECISION : PAUSE
MACHINE  : Machine-2
------------------------------------------------------------
[SEQ 366] [STATIC-BASELINE]
CMD      : G92 | effects={'reset': {'G': 92.0, 'E': 1000.0}}
DECISION : BLOCK
------------------------------------------------------------
[SEQ 366] [IEEE-BASELINE]
SCORE    : anomaly_score=0.000
DECISION : ALLOW
------------------------------------------------------------
[SEQ 367] [LAYER 0]
CMD      : G92 E1000
TRUST    : acc_cmd=0.000 | acc_exec=1.000 | trust=0.003
DECISION : PAUSE
MACHINE  : Machine-2
------------------------------------------------------------
[SEQ 367] [STATIC-BASELINE]
CMD      : G92 | effects={'reset': {'G': 92.0, 'E': 1000.0}}
DECISION : BLOCK
------------------------------------------------------------
[SEQ 367] [IEEE-BASELINE]
SCORE    : anomaly_score=0.000
DECISION : ALLOW
------------------------------------------------------------
[SEQ 368] [LAYER 0]
CMD      : M221 S200
TRUST    : acc_cmd=1.000 | acc_exec=1.000 | trust=0.002
DECISION : PAUSE
MACHINE  : Machine-2
------------------------------------------------------------
[SEQ 368] [STATIC-BASELINE]
CMD      : M221 | effects={'M': 221.0, 'S': 200.0}
DECISION : BLOCK
------------------------------------------------------------
[SEQ 368] [IEEE-BASELINE]
SCORE    : anomaly_score=0.000
DECISION : ALLOW
------------------------------------------------------------
[SEQ 369] [LAYER 0]
CMD      : M92 E2000
TRUST    : acc_cmd=1.000 | acc_exec=1.000 | trust=0.001
DECISION : PAUSE
MACHINE  : Machine-2
------------------------------------------------------------
[SEQ 369] [STATIC-BASELINE]
CMD      : M92 | effects={'M': 92.0, 'E': 2000.0}
DECISION : BLOCK
------------------------------------------------------------
[SEQ 369] [IEEE-BASELINE]
SCORE    : anomaly_score=0.000
DECISION : ALLOW
------------------------------------------------------------
[SEQ 370] [LAYER 0]
CMD      : M92 E2000
TRUST    : acc_cmd=1.000 | acc_exec=1.000 | trust=0.001
DECISION : PAUSE
MACHINE  : Machine-2
------------------------------------------------------------
[SEQ 370] [STATIC-BASELINE]
CMD      : M92 | effects={'M': 92.0, 'E': 2000.0}
DECISION : BLOCK
------------------------------------------------------------
[SEQ 370] [IEEE-BASELINE]
SCORE    : anomaly_score=0.000
DECISION : ALLOW
------------------------------------------------------------
[SEQ 371] [LAYER 0]
CMD      : M92 E2000
TRUST    : acc_cmd=1.000 | acc_exec=1.000 | trust=0.001
DECISION : PAUSE
MACHINE  : Machine-2
------------------------------------------------------------
[SEQ 371] [STATIC-BASELINE]
CMD      : M92 | effects={'M': 92.0, 'E': 2000.0}
DECISION : BLOCK
------------------------------------------------------------
[SEQ 371] [IEEE-BASELINE]
SCORE    : anomaly_score=0.000
DECISION : ALLOW
------------------------------------------------------------
[SEQ 372] [LAYER 0]
CMD      : M221 S200
TRUST    : acc_cmd=1.000 | acc_exec=1.000 | trust=0.001
DECISION : PAUSE
MACHINE  : Machine-2
------------------------------------------------------------
[SEQ 372] [STATIC-BASELINE]
CMD      : M221 | effects={'M': 221.0, 'S': 200.0}
DECISION : BLOCK
------------------------------------------------------------
[SEQ 372] [IEEE-BASELINE]
SCORE    : anomaly_score=0.000
DECISION : ALLOW
------------------------------------------------------------
[SEQ 373] [LAYER 0]
CMD      : M221 S200
TRUST    : acc_cmd=1.000 | acc_exec=1.000 | trust=0.001
DECISION : PAUSE
MACHINE  : Machine-2
------------------------------------------------------------
[SEQ 373] [STATIC-BASELINE]
CMD      : M221 | effects={'M': 221.0, 'S': 200.0}
DECISION : BLOCK
------------------------------------------------------------
[SEQ 373] [IEEE-BASELINE]
SCORE    : anomaly_score=0.000
DECISION : ALLOW
------------------------------------------------------------
[SEQ 374] [LAYER 0]
CMD      : M92 E2000
TRUST    : acc_cmd=1.000 | acc_exec=1.000 | trust=0.001
DECISION : PAUSE
MACHINE  : Machine-2
------------------------------------------------------------
[SEQ 374] [STATIC-BASELINE]
CMD      : M92 | effects={'M': 92.0, 'E': 2000.0}
DECISION : BLOCK
------------------------------------------------------------
[SEQ 374] [IEEE-BASELINE]
SCORE    : anomaly_score=0.000
DECISION : ALLOW
------------------------------------------------------------
[SEQ 375] [LAYER 0]
CMD      : G92 E1000
TRUST    : acc_cmd=0.000 | acc_exec=1.000 | trust=0.001
DECISION : PAUSE
MACHINE  : Machine-2
------------------------------------------------------------
[SEQ 375] [STATIC-BASELINE]
CMD      : G92 | effects={'reset': {'G': 92.0, 'E': 1000.0}}
DECISION : BLOCK
------------------------------------------------------------
[SEQ 375] [IEEE-BASELINE]
SCORE    : anomaly_score=0.000
DECISION : ALLOW
------------------------------------------------------------
[SEQ 376] [LAYER 0]
CMD      : M92 E2000
TRUST    : acc_cmd=1.000 | acc_exec=1.000 | trust=0.001
DECISION : PAUSE
MACHINE  : Machine-2
------------------------------------------------------------
[SEQ 376] [STATIC-BASELINE]
CMD      : M92 | effects={'M': 92.0, 'E': 2000.0}
DECISION : BLOCK
------------------------------------------------------------
[SEQ 376] [IEEE-BASELINE]
SCORE    : anomaly_score=0.000
DECISION : ALLOW
------------------------------------------------------------
[SEQ 377] [LAYER 0]
CMD      : M221 S200
TRUST    : acc_cmd=1.000 | acc_exec=1.000 | trust=0.001
DECISION : PAUSE
MACHINE  : Machine-2
------------------------------------------------------------
[SEQ 377] [STATIC-BASELINE]
CMD      : M221 | effects={'M': 221.0, 'S': 200.0}
DECISION : BLOCK
------------------------------------------------------------
[SEQ 377] [IEEE-BASELINE]
SCORE    : anomaly_score=0.000
DECISION : ALLOW
------------------------------------------------------------
[SEQ 378] [LAYER 0]
CMD      : G1 X164.496 Y123.576 E10.13398
TRUST    : acc_cmd=0.000 | acc_exec=1.000 | trust=0.001
DECISION : PAUSE
MACHINE  : Machine-2
------------------------------------------------------------
[SEQ 378] [STATIC-BASELINE]
CMD      : G1 | effects={'dx': 2.4010000000000105, 'dy': 5.666999999999987, 'dz': 0.0, 'de': -989.86602, 'xy_dist': 6.154647837204003, 'params': {'G': 1.0, 'X': 164.496, 'Y': 123.576, 'E': 10.13398}}
DECISION : ALLOW
------------------------------------------------------------
[SEQ 378] [IEEE-BASELINE]
SCORE    : anomaly_score=0.000
DECISION : ALLOW
------------------------------------------------------------
[SEQ 379] [LAYER 0]
CMD      : M221 S200
TRUST    : acc_cmd=1.000 | acc_exec=1.000 | trust=0.001
DECISION : PAUSE
MACHINE  : Machine-2
------------------------------------------------------------
[SEQ 379] [STATIC-BASELINE]
CMD      : M221 | effects={'M': 221.0, 'S': 200.0}
DECISION : BLOCK
------------------------------------------------------------
[SEQ 379] [IEEE-BASELINE]
SCORE    : anomaly_score=0.000
DECISION : ALLOW
------------------------------------------------------------
[SEQ 380] [LAYER 0]
CMD      : M92 E2000
TRUST    : acc_cmd=1.000 | acc_exec=1.000 | trust=0.001
DECISION : PAUSE
MACHINE  : Machine-2
------------------------------------------------------------
[SEQ 380] [STATIC-BASELINE]
CMD      : M92 | effects={'M': 92.0, 'E': 2000.0}
DECISION : BLOCK
------------------------------------------------------------
[SEQ 380] [IEEE-BASELINE]
SCORE    : anomaly_score=0.000
DECISION : ALLOW
------------------------------------------------------------
[SEQ 381] [LAYER 0]
CMD      : G92 E1000
TRUST    : acc_cmd=0.000 | acc_exec=1.000 | trust=0.001
DECISION : PAUSE
MACHINE  : Machine-2
------------------------------------------------------------
[SEQ 381] [STATIC-BASELINE]
CMD      : G92 | effects={'reset': {'G': 92.0, 'E': 1000.0}}
DECISION : BLOCK
------------------------------------------------------------
[SEQ 381] [IEEE-BASELINE]
SCORE    : anomaly_score=0.000
DECISION : ALLOW
------------------------------------------------------------
[SEQ 382] [LAYER 0]
CMD      : G1 X161.445 Y120.54 E10.22057
TRUST    : acc_cmd=0.000 | acc_exec=1.000 | trust=0.001
DECISION : PAUSE
MACHINE  : Machine-2
------------------------------------------------------------
[SEQ 382] [STATIC-BASELINE]
CMD      : G1 | effects={'dx': -3.051000000000016, 'dy': -3.035999999999987, 'dz': 0.0, 'de': -989.77943, 'xy_dist': 4.304172045817874, 'params': {'G': 1.0, 'X': 161.445, 'Y': 120.54, 'E': 10.22057}}
DECISION : ALLOW
------------------------------------------------------------
[SEQ 382] [IEEE-BASELINE]
SCORE    : anomaly_score=0.000
DECISION : ALLOW
------------------------------------------------------------
[SEQ 383] [LAYER 0]
CMD      : M221 S200
TRUST    : acc_cmd=1.000 | acc_exec=1.000 | trust=0.001
DECISION : PAUSE
MACHINE  : Machine-2
------------------------------------------------------------
[SEQ 383] [STATIC-BASELINE]
CMD      : M221 | effects={'M': 221.0, 'S': 200.0}
DECISION : BLOCK
------------------------------------------------------------
[SEQ 383] [IEEE-BASELINE]
SCORE    : anomaly_score=0.000
DECISION : ALLOW
------------------------------------------------------------
[SEQ 384] [LAYER 0]
CMD      : G92 E1000
TRUST    : acc_cmd=0.000 | acc_exec=1.000 | trust=0.001
DECISION : PAUSE
MACHINE  : Machine-2
------------------------------------------------------------
[SEQ 384] [STATIC-BASELINE]
CMD      : G92 | effects={'reset': {'G': 92.0, 'E': 1000.0}}
DECISION : BLOCK
------------------------------------------------------------
[SEQ 384] [IEEE-BASELINE]
SCORE    : anomaly_score=0.000
DECISION : ALLOW
------------------------------------------------------------
[SEQ 385] [LAYER 0]
CMD      : G92 E1000
TRUST    : acc_cmd=0.000 | acc_exec=1.000 | trust=0.001
DECISION : PAUSE
MACHINE  : Machine-2
------------------------------------------------------------
[SEQ 385] [STATIC-BASELINE]
CMD      : G92 | effects={'reset': {'G': 92.0, 'E': 1000.0}}
DECISION : BLOCK
------------------------------------------------------------
[SEQ 385] [IEEE-BASELINE]
SCORE    : anomaly_score=0.000
DECISION : ALLOW
------------------------------------------------------------
[SEQ 386] [LAYER 0]
CMD      : M92 E2000
TRUST    : acc_cmd=1.000 | acc_exec=1.000 | trust=0.001
DECISION : PAUSE
MACHINE  : Machine-2
------------------------------------------------------------
[SEQ 386] [STATIC-BASELINE]
CMD      : M92 | effects={'M': 92.0, 'E': 2000.0}
DECISION : BLOCK
------------------------------------------------------------
[SEQ 386] [IEEE-BASELINE]
SCORE    : anomaly_score=0.000
DECISION : ALLOW
------------------------------------------------------------
[SEQ 387] [LAYER 0]
CMD      : M92 E2000
TRUST    : acc_cmd=1.000 | acc_exec=1.000 | trust=0.001
DECISION : PAUSE
MACHINE  : Machine-2
------------------------------------------------------------
[SEQ 387] [STATIC-BASELINE]
CMD      : M92 | effects={'M': 92.0, 'E': 2000.0}
DECISION : BLOCK
------------------------------------------------------------
[SEQ 387] [IEEE-BASELINE]
SCORE    : anomaly_score=0.000
DECISION : ALLOW
------------------------------------------------------------
[SEQ 388] [LAYER 0]
CMD      : G1 X163.958 Y116.992 E10.30974
TRUST    : acc_cmd=0.000 | acc_exec=1.000 | trust=0.001
DECISION : PAUSE
MACHINE  : Machine-2
------------------------------------------------------------
[SEQ 388] [STATIC-BASELINE]
CMD      : G1 | effects={'dx': 2.5130000000000052, 'dy': -3.548000000000002, 'dz': 0.0, 'de': -989.69026, 'xy_dist': 4.3478124384568435, 'params': {'G': 1.0, 'X': 163.958, 'Y': 116.992, 'E': 10.30974}}
DECISION : ALLOW
------------------------------------------------------------
[SEQ 388] [IEEE-BASELINE]
SCORE    : anomaly_score=0.000
DECISION : ALLOW
------------------------------------------------------------
[SEQ 389] [LAYER 0]
CMD      : G1 X164.49 Y116.847 E10.32012
TRUST    : acc_cmd=0.000 | acc_exec=0.000 | trust=0.007
DECISION : PAUSE
MACHINE  : Machine-2
------------------------------------------------------------
[SEQ 389] [STATIC-BASELINE]
CMD      : G1 | effects={'dx': 0.5320000000000107, 'dy': -0.14500000000001023, 'dz': 0.0, 'de': 0.010379999999999612, 'xy_dist': 0.5514063837135134, 'params': {'G': 1.0, 'X': 164.49, 'Y': 116.847, 'E': 10.32012}}
DECISION : ALLOW
------------------------------------------------------------
[SEQ 389] [IEEE-BASELINE]
SCORE    : anomaly_score=0.000
DECISION : ALLOW
------------------------------------------------------------
[SEQ 390] [LAYER 0]
CMD      : M92 E2000
TRUST    : acc_cmd=1.000 | acc_exec=1.000 | trust=0.005
DECISION : PAUSE
MACHINE  : Machine-2
------------------------------------------------------------
[SEQ 390] [STATIC-BASELINE]
CMD      : M92 | effects={'M': 92.0, 'E': 2000.0}
DECISION : BLOCK
------------------------------------------------------------
[SEQ 390] [IEEE-BASELINE]
SCORE    : anomaly_score=0.000
DECISION : ALLOW
------------------------------------------------------------
[SEQ 391] [LAYER 0]
CMD      : G1 X166.143 Y117.015 E10.35163
TRUST    : acc_cmd=0.000 | acc_exec=0.000 | trust=0.022
DECISION : PAUSE
MACHINE  : Machine-2
------------------------------------------------------------
[SEQ 391] [STATIC-BASELINE]
CMD      : G1 | effects={'dx': 1.6529999999999916, 'dy': 0.16800000000000637, 'dz': 0.0, 'de': 0.031510000000000815, 'xy_dist': 1.6615152722740691, 'params': {'G': 1.0, 'X': 166.143, 'Y': 117.015, 'E': 10.35163}}
DECISION : ALLOW
------------------------------------------------------------
[SEQ 391] [IEEE-BASELINE]
SCORE    : anomaly_score=0.000
DECISION : ALLOW
------------------------------------------------------------
[SEQ 392] [LAYER 0]
CMD      : G92 E1000
TRUST    : acc_cmd=0.000 | acc_exec=1.000 | trust=0.012
DECISION : PAUSE
MACHINE  : Machine-2
------------------------------------------------------------
[SEQ 392] [STATIC-BASELINE]
CMD      : G92 | effects={'reset': {'G': 92.0, 'E': 1000.0}}
DECISION : BLOCK
------------------------------------------------------------
[SEQ 392] [IEEE-BASELINE]
SCORE    : anomaly_score=0.000
DECISION : ALLOW
------------------------------------------------------------
[SEQ 393] [LAYER 0]
CMD      : M221 S200
TRUST    : acc_cmd=1.000 | acc_exec=1.000 | trust=0.006
DECISION : PAUSE
MACHINE  : Machine-2
------------------------------------------------------------
[SEQ 393] [STATIC-BASELINE]
CMD      : M221 | effects={'M': 221.0, 'S': 200.0}
DECISION : BLOCK
------------------------------------------------------------
[SEQ 393] [IEEE-BASELINE]
SCORE    : anomaly_score=0.000
DECISION : ALLOW
------------------------------------------------------------
[SEQ 394] [LAYER 0]
CMD      : M221 S200
TRUST    : acc_cmd=1.000 | acc_exec=1.000 | trust=0.003
DECISION : PAUSE
MACHINE  : Machine-2
------------------------------------------------------------
[SEQ 394] [STATIC-BASELINE]
CMD      : M221 | effects={'M': 221.0, 'S': 200.0}
DECISION : BLOCK
------------------------------------------------------------
[SEQ 394] [IEEE-BASELINE]
SCORE    : anomaly_score=0.000
DECISION : ALLOW
------------------------------------------------------------
[SEQ 395] [LAYER 0]
CMD      : G92 E1000
TRUST    : acc_cmd=0.000 | acc_exec=1.000 | trust=0.002
DECISION : PAUSE
MACHINE  : Machine-2
------------------------------------------------------------
[SEQ 395] [STATIC-BASELINE]
CMD      : G92 | effects={'reset': {'G': 92.0, 'E': 1000.0}}
DECISION : BLOCK
------------------------------------------------------------
[SEQ 395] [IEEE-BASELINE]
SCORE    : anomaly_score=0.000
DECISION : ALLOW
------------------------------------------------------------
[SEQ 396] [LAYER 0]
CMD      : G92 E1000
TRUST    : acc_cmd=0.000 | acc_exec=1.000 | trust=0.001
DECISION : PAUSE
MACHINE  : Machine-2
------------------------------------------------------------
[SEQ 396] [STATIC-BASELINE]
CMD      : G92 | effects={'reset': {'G': 92.0, 'E': 1000.0}}
DECISION : BLOCK
------------------------------------------------------------
[SEQ 396] [IEEE-BASELINE]
SCORE    : anomaly_score=0.000
DECISION : ALLOW
------------------------------------------------------------
[SEQ 397] [LAYER 0]
CMD      : G92 E1000
TRUST    : acc_cmd=0.000 | acc_exec=1.000 | trust=0.001
DECISION : PAUSE
MACHINE  : Machine-2
------------------------------------------------------------
[SEQ 397] [STATIC-BASELINE]
CMD      : G92 | effects={'reset': {'G': 92.0, 'E': 1000.0}}
DECISION : BLOCK
------------------------------------------------------------
[SEQ 397] [IEEE-BASELINE]
SCORE    : anomaly_score=0.000
DECISION : ALLOW
------------------------------------------------------------
[SEQ 398] [LAYER 0]
CMD      : G92 E1000
TRUST    : acc_cmd=0.000 | acc_exec=1.000 | trust=0.001
DECISION : PAUSE
MACHINE  : Machine-2
------------------------------------------------------------
[SEQ 398] [STATIC-BASELINE]
CMD      : G92 | effects={'reset': {'G': 92.0, 'E': 1000.0}}
DECISION : BLOCK
------------------------------------------------------------
[SEQ 398] [IEEE-BASELINE]
SCORE    : anomaly_score=0.000
DECISION : ALLOW
------------------------------------------------------------
[SEQ 399] [LAYER 0]
CMD      : M221 S200
TRUST    : acc_cmd=1.000 | acc_exec=1.000 | trust=0.001
DECISION : PAUSE
MACHINE  : Machine-2
------------------------------------------------------------
[SEQ 399] [STATIC-BASELINE]
CMD      : M221 | effects={'M': 221.0, 'S': 200.0}
DECISION : BLOCK
------------------------------------------------------------
[SEQ 399] [IEEE-BASELINE]
SCORE    : anomaly_score=0.000
DECISION : ALLOW
------------------------------------------------------------
[SEQ 400] [LAYER 0]
CMD      : M221 S200
TRUST    : acc_cmd=1.000 | acc_exec=1.000 | trust=0.001
DECISION : PAUSE
MACHINE  : Machine-2
------------------------------------------------------------
[SEQ 400] [STATIC-BASELINE]
CMD      : M221 | effects={'M': 221.0, 'S': 200.0}
DECISION : BLOCK
------------------------------------------------------------
[SEQ 400] [IEEE-BASELINE]
SCORE    : anomaly_score=0.000
DECISION : ALLOW
------------------------------------------------------------
[SEQ 401] [LAYER 0]
CMD      : M92 E2000
TRUST    : acc_cmd=1.000 | acc_exec=1.000 | trust=0.001
DECISION : PAUSE
MACHINE  : Machine-2
------------------------------------------------------------
[SEQ 401] [STATIC-BASELINE]
CMD      : M92 | effects={'M': 92.0, 'E': 2000.0}
DECISION : BLOCK
------------------------------------------------------------
[SEQ 401] [IEEE-BASELINE]
SCORE    : anomaly_score=0.000
DECISION : ALLOW
------------------------------------------------------------
[SEQ 402] [LAYER 0]
CMD      : G92 E1000
TRUST    : acc_cmd=0.000 | acc_exec=1.000 | trust=0.001
DECISION : PAUSE
MACHINE  : Machine-2
------------------------------------------------------------
[SEQ 402] [STATIC-BASELINE]
CMD      : G92 | effects={'reset': {'G': 92.0, 'E': 1000.0}}
DECISION : BLOCK
------------------------------------------------------------
[SEQ 402] [IEEE-BASELINE]
SCORE    : anomaly_score=0.000
DECISION : ALLOW
------------------------------------------------------------
[SEQ 403] [LAYER 0]
CMD      : M221 S200
TRUST    : acc_cmd=1.000 | acc_exec=1.000 | trust=0.001
DECISION : PAUSE
MACHINE  : Machine-2
------------------------------------------------------------
[SEQ 403] [STATIC-BASELINE]
CMD      : M221 | effects={'M': 221.0, 'S': 200.0}
DECISION : BLOCK
------------------------------------------------------------
[SEQ 403] [IEEE-BASELINE]
SCORE    : anomaly_score=0.000
DECISION : ALLOW
------------------------------------------------------------
[SEQ 404] [LAYER 0]
CMD      : G92 E1000
TRUST    : acc_cmd=0.000 | acc_exec=1.000 | trust=0.001
DECISION : PAUSE
MACHINE  : Machine-2
------------------------------------------------------------
[SEQ 404] [STATIC-BASELINE]
CMD      : G92 | effects={'reset': {'G': 92.0, 'E': 1000.0}}
DECISION : BLOCK
------------------------------------------------------------
[SEQ 404] [IEEE-BASELINE]
SCORE    : anomaly_score=0.000
DECISION : ALLOW
------------------------------------------------------------
[SEQ 405] [LAYER 0]
CMD      : M92 E2000
TRUST    : acc_cmd=1.000 | acc_exec=1.000 | trust=0.001
DECISION : PAUSE
MACHINE  : Machine-2
------------------------------------------------------------
[SEQ 405] [STATIC-BASELINE]
CMD      : M92 | effects={'M': 92.0, 'E': 2000.0}
DECISION : BLOCK
------------------------------------------------------------
[SEQ 405] [IEEE-BASELINE]
SCORE    : anomaly_score=0.000
DECISION : ALLOW
------------------------------------------------------------
[SEQ 406] [LAYER 0]
CMD      : G1 X161.829 Y119.486 E10.62213
TRUST    : acc_cmd=0.000 | acc_exec=1.000 | trust=0.001
DECISION : PAUSE
MACHINE  : Machine-2
------------------------------------------------------------
[SEQ 406] [STATIC-BASELINE]
CMD      : G1 | effects={'dx': -4.313999999999993, 'dy': 2.4710000000000036, 'dz': 0.0, 'de': -989.37787, 'xy_dist': 4.971562832751886, 'params': {'G': 1.0, 'X': 161.829, 'Y': 119.486, 'E': 10.62213}}
DECISION : ALLOW
------------------------------------------------------------
[SEQ 406] [IEEE-BASELINE]
SCORE    : anomaly_score=0.000
DECISION : ALLOW
------------------------------------------------------------
[SEQ 407] [LAYER 0]
CMD      : G92 E1000
TRUST    : acc_cmd=0.000 | acc_exec=1.000 | trust=0.001
DECISION : PAUSE
MACHINE  : Machine-2
------------------------------------------------------------
[SEQ 407] [STATIC-BASELINE]
CMD      : G92 | effects={'reset': {'G': 92.0, 'E': 1000.0}}
DECISION : BLOCK
------------------------------------------------------------
[SEQ 407] [IEEE-BASELINE]
SCORE    : anomaly_score=0.000
DECISION : ALLOW
------------------------------------------------------------
[SEQ 408] [LAYER 0]
CMD      : G92 E1000
TRUST    : acc_cmd=0.000 | acc_exec=1.000 | trust=0.001
DECISION : PAUSE
MACHINE  : Machine-2
------------------------------------------------------------
[SEQ 408] [STATIC-BASELINE]
CMD      : G92 | effects={'reset': {'G': 92.0, 'E': 1000.0}}
DECISION : BLOCK
------------------------------------------------------------
[SEQ 408] [IEEE-BASELINE]
SCORE    : anomaly_score=0.000
DECISION : ALLOW
------------------------------------------------------------
[SEQ 409] [LAYER 0]
CMD      : G92 E1000
TRUST    : acc_cmd=0.000 | acc_exec=1.000 | trust=0.001
DECISION : PAUSE
MACHINE  : Machine-2
------------------------------------------------------------
[SEQ 409] [STATIC-BASELINE]
CMD      : G92 | effects={'reset': {'G': 92.0, 'E': 1000.0}}
DECISION : BLOCK
------------------------------------------------------------
[SEQ 409] [IEEE-BASELINE]
SCORE    : anomaly_score=0.000
DECISION : ALLOW
------------------------------------------------------------
[SEQ 410] [LAYER 0]
CMD      : M221 S200
TRUST    : acc_cmd=1.000 | acc_exec=1.000 | trust=0.001
DECISION : PAUSE
MACHINE  : Machine-2
------------------------------------------------------------
[SEQ 410] [STATIC-BASELINE]
CMD      : M221 | effects={'M': 221.0, 'S': 200.0}
DECISION : BLOCK
------------------------------------------------------------
[SEQ 410] [IEEE-BASELINE]
SCORE    : anomaly_score=0.000
DECISION : ALLOW
------------------------------------------------------------
[SEQ 411] [LAYER 0]
CMD      : M221 S200
TRUST    : acc_cmd=1.000 | acc_exec=1.000 | trust=0.001
DECISION : PAUSE
MACHINE  : Machine-2
------------------------------------------------------------
[SEQ 411] [STATIC-BASELINE]
CMD      : M221 | effects={'M': 221.0, 'S': 200.0}
DECISION : BLOCK
------------------------------------------------------------
[SEQ 411] [IEEE-BASELINE]
SCORE    : anomaly_score=0.000
DECISION : ALLOW
------------------------------------------------------------
[SEQ 412] [LAYER 0]
CMD      : M221 S200
TRUST    : acc_cmd=1.000 | acc_exec=1.000 | trust=0.001
DECISION : PAUSE
MACHINE  : Machine-2
------------------------------------------------------------
[SEQ 412] [STATIC-BASELINE]
CMD      : M221 | effects={'M': 221.0, 'S': 200.0}
DECISION : BLOCK
------------------------------------------------------------
[SEQ 412] [IEEE-BASELINE]
SCORE    : anomaly_score=0.000
DECISION : ALLOW
------------------------------------------------------------
[SEQ 413] [LAYER 0]
CMD      : G92 E1000
TRUST    : acc_cmd=0.000 | acc_exec=1.000 | trust=0.001
DECISION : PAUSE
MACHINE  : Machine-2
------------------------------------------------------------
[SEQ 413] [STATIC-BASELINE]
CMD      : G92 | effects={'reset': {'G': 92.0, 'E': 1000.0}}
DECISION : BLOCK
------------------------------------------------------------
[SEQ 413] [IEEE-BASELINE]
SCORE    : anomaly_score=0.000
DECISION : ALLOW
------------------------------------------------------------
[SEQ 414] [LAYER 0]
CMD      : G92 E1000
TRUST    : acc_cmd=0.000 | acc_exec=1.000 | trust=0.001
DECISION : PAUSE
MACHINE  : Machine-2
------------------------------------------------------------
[SEQ 414] [STATIC-BASELINE]
CMD      : G92 | effects={'reset': {'G': 92.0, 'E': 1000.0}}
DECISION : BLOCK
------------------------------------------------------------
[SEQ 414] [IEEE-BASELINE]
SCORE    : anomaly_score=0.000
DECISION : ALLOW
------------------------------------------------------------
[SEQ 415] [LAYER 0]
CMD      : G92 E1000
TRUST    : acc_cmd=0.000 | acc_exec=1.000 | trust=0.001
DECISION : PAUSE
MACHINE  : Machine-2
------------------------------------------------------------
[SEQ 415] [STATIC-BASELINE]
CMD      : G92 | effects={'reset': {'G': 92.0, 'E': 1000.0}}
DECISION : BLOCK
------------------------------------------------------------
[SEQ 415] [IEEE-BASELINE]
SCORE    : anomaly_score=0.000
DECISION : ALLOW
------------------------------------------------------------
[SEQ 416] [LAYER 0]
CMD      : M92 E2000
TRUST    : acc_cmd=1.000 | acc_exec=1.000 | trust=0.001
DECISION : PAUSE
MACHINE  : Machine-2
------------------------------------------------------------
[SEQ 416] [STATIC-BASELINE]
CMD      : M92 | effects={'M': 92.0, 'E': 2000.0}
DECISION : BLOCK
------------------------------------------------------------
[SEQ 416] [IEEE-BASELINE]
SCORE    : anomaly_score=0.000
DECISION : ALLOW
------------------------------------------------------------
[SEQ 417] [LAYER 0]
CMD      : M221 S200
TRUST    : acc_cmd=1.000 | acc_exec=1.000 | trust=0.001
DECISION : PAUSE
MACHINE  : Machine-2
------------------------------------------------------------
[SEQ 417] [STATIC-BASELINE]
CMD      : M221 | effects={'M': 221.0, 'S': 200.0}
DECISION : BLOCK
------------------------------------------------------------
[SEQ 417] [IEEE-BASELINE]
SCORE    : anomaly_score=0.000
DECISION : ALLOW
------------------------------------------------------------
[SEQ 418] [LAYER 0]
CMD      : M221 S200
TRUST    : acc_cmd=1.000 | acc_exec=1.000 | trust=0.001
DECISION : PAUSE
MACHINE  : Machine-2
------------------------------------------------------------
[SEQ 418] [STATIC-BASELINE]
CMD      : M221 | effects={'M': 221.0, 'S': 200.0}
DECISION : BLOCK
------------------------------------------------------------
[SEQ 418] [IEEE-BASELINE]
SCORE    : anomaly_score=0.000
DECISION : ALLOW
------------------------------------------------------------
[SEQ 419] [LAYER 0]
CMD      : M221 S200
TRUST    : acc_cmd=1.000 | acc_exec=1.000 | trust=0.001
DECISION : PAUSE
MACHINE  : Machine-2
------------------------------------------------------------
[SEQ 419] [STATIC-BASELINE]
CMD      : M221 | effects={'M': 221.0, 'S': 200.0}
DECISION : BLOCK
------------------------------------------------------------
[SEQ 419] [IEEE-BASELINE]
SCORE    : anomaly_score=0.000
DECISION : ALLOW
------------------------------------------------------------
[SEQ 420] [LAYER 0]
CMD      : M92 E2000
TRUST    : acc_cmd=1.000 | acc_exec=1.000 | trust=0.001
DECISION : PAUSE
MACHINE  : Machine-2
------------------------------------------------------------
[SEQ 420] [STATIC-BASELINE]
CMD      : M92 | effects={'M': 92.0, 'E': 2000.0}
DECISION : BLOCK
------------------------------------------------------------
[SEQ 420] [IEEE-BASELINE]
SCORE    : anomaly_score=0.000
DECISION : ALLOW
------------------------------------------------------------
[SEQ 421] [LAYER 0]
CMD      : G92 E1000
TRUST    : acc_cmd=0.000 | acc_exec=1.000 | trust=0.001
DECISION : PAUSE
MACHINE  : Machine-2
------------------------------------------------------------
[SEQ 421] [STATIC-BASELINE]
CMD      : G92 | effects={'reset': {'G': 92.0, 'E': 1000.0}}
DECISION : BLOCK
------------------------------------------------------------
[SEQ 421] [IEEE-BASELINE]
SCORE    : anomaly_score=0.000
DECISION : ALLOW
------------------------------------------------------------
[SEQ 422] [LAYER 0]
CMD      : G92 E1000
TRUST    : acc_cmd=0.000 | acc_exec=1.000 | trust=0.001
DECISION : PAUSE
MACHINE  : Machine-2
------------------------------------------------------------
[SEQ 422] [STATIC-BASELINE]
CMD      : G92 | effects={'reset': {'G': 92.0, 'E': 1000.0}}
DECISION : BLOCK
------------------------------------------------------------
[SEQ 422] [IEEE-BASELINE]
SCORE    : anomaly_score=0.000
DECISION : ALLOW
------------------------------------------------------------
[SEQ 423] [LAYER 0]
CMD      : G92 E1000
TRUST    : acc_cmd=0.000 | acc_exec=1.000 | trust=0.001
DECISION : PAUSE
MACHINE  : Machine-2
------------------------------------------------------------
[SEQ 423] [STATIC-BASELINE]
CMD      : G92 | effects={'reset': {'G': 92.0, 'E': 1000.0}}
DECISION : BLOCK
------------------------------------------------------------
[SEQ 423] [IEEE-BASELINE]
SCORE    : anomaly_score=0.000
DECISION : ALLOW
------------------------------------------------------------
[SEQ 424] [LAYER 0]
CMD      : G92 E1000
TRUST    : acc_cmd=0.000 | acc_exec=1.000 | trust=0.001
DECISION : PAUSE
MACHINE  : Machine-2
------------------------------------------------------------
[SEQ 424] [STATIC-BASELINE]
CMD      : G92 | effects={'reset': {'G': 92.0, 'E': 1000.0}}
DECISION : BLOCK
------------------------------------------------------------
[SEQ 424] [IEEE-BASELINE]
SCORE    : anomaly_score=0.000
DECISION : ALLOW
------------------------------------------------------------
[SEQ 425] [LAYER 0]
CMD      : G92 E1000
TRUST    : acc_cmd=0.000 | acc_exec=1.000 | trust=0.001
DECISION : PAUSE
MACHINE  : Machine-2
------------------------------------------------------------
[SEQ 425] [STATIC-BASELINE]
CMD      : G92 | effects={'reset': {'G': 92.0, 'E': 1000.0}}
DECISION : BLOCK
------------------------------------------------------------
[SEQ 425] [IEEE-BASELINE]
SCORE    : anomaly_score=0.000
DECISION : ALLOW
------------------------------------------------------------
[SEQ 426] [LAYER 0]
CMD      : M221 S200
TRUST    : acc_cmd=1.000 | acc_exec=1.000 | trust=0.001
DECISION : PAUSE
MACHINE  : Machine-2
------------------------------------------------------------
[SEQ 426] [STATIC-BASELINE]
CMD      : M221 | effects={'M': 221.0, 'S': 200.0}
DECISION : BLOCK
------------------------------------------------------------
[SEQ 426] [IEEE-BASELINE]
SCORE    : anomaly_score=0.000
DECISION : ALLOW
------------------------------------------------------------
[SEQ 427] [LAYER 0]
CMD      : M92 E2000
TRUST    : acc_cmd=1.000 | acc_exec=1.000 | trust=0.001
DECISION : PAUSE
MACHINE  : Machine-2
------------------------------------------------------------
[SEQ 427] [STATIC-BASELINE]
CMD      : M92 | effects={'M': 92.0, 'E': 2000.0}
DECISION : BLOCK
------------------------------------------------------------
[SEQ 427] [IEEE-BASELINE]
SCORE    : anomaly_score=0.000
DECISION : ALLOW
------------------------------------------------------------
[SEQ 428] [LAYER 0]
CMD      : M221 S200
TRUST    : acc_cmd=1.000 | acc_exec=1.000 | trust=0.001
DECISION : PAUSE
MACHINE  : Machine-2
------------------------------------------------------------
[SEQ 428] [STATIC-BASELINE]
CMD      : M221 | effects={'M': 221.0, 'S': 200.0}
DECISION : BLOCK
------------------------------------------------------------
[SEQ 428] [IEEE-BASELINE]
SCORE    : anomaly_score=0.000
DECISION : ALLOW
------------------------------------------------------------
[SEQ 429] [LAYER 0]
CMD      : M221 S200
TRUST    : acc_cmd=1.000 | acc_exec=1.000 | trust=0.001
DECISION : PAUSE
MACHINE  : Machine-2
------------------------------------------------------------
[SEQ 429] [STATIC-BASELINE]
CMD      : M221 | effects={'M': 221.0, 'S': 200.0}
DECISION : BLOCK
------------------------------------------------------------
[SEQ 429] [IEEE-BASELINE]
SCORE    : anomaly_score=0.000
DECISION : ALLOW
------------------------------------------------------------
[SEQ 430] [LAYER 0]
CMD      : M92 E2000
TRUST    : acc_cmd=1.000 | acc_exec=1.000 | trust=0.001
DECISION : PAUSE
MACHINE  : Machine-2
------------------------------------------------------------
[SEQ 430] [STATIC-BASELINE]
CMD      : M92 | effects={'M': 92.0, 'E': 2000.0}
DECISION : BLOCK
------------------------------------------------------------
[SEQ 430] [IEEE-BASELINE]
SCORE    : anomaly_score=0.000
DECISION : ALLOW
------------------------------------------------------------
[SEQ 431] [LAYER 0]
CMD      : M92 E2000
TRUST    : acc_cmd=1.000 | acc_exec=1.000 | trust=0.001
DECISION : PAUSE
MACHINE  : Machine-2
------------------------------------------------------------
[SEQ 431] [STATIC-BASELINE]
CMD      : M92 | effects={'M': 92.0, 'E': 2000.0}
DECISION : BLOCK
------------------------------------------------------------
[SEQ 431] [IEEE-BASELINE]
SCORE    : anomaly_score=0.000
DECISION : ALLOW
------------------------------------------------------------
[SEQ 432] [LAYER 0]
CMD      : M92 E2000
TRUST    : acc_cmd=1.000 | acc_exec=1.000 | trust=0.001
DECISION : PAUSE
MACHINE  : Machine-2
------------------------------------------------------------
[SEQ 432] [STATIC-BASELINE]
CMD      : M92 | effects={'M': 92.0, 'E': 2000.0}
DECISION : BLOCK
------------------------------------------------------------
[SEQ 432] [IEEE-BASELINE]
SCORE    : anomaly_score=0.000
DECISION : ALLOW
------------------------------------------------------------
[SEQ 433] [LAYER 0]
CMD      : M221 S200
TRUST    : acc_cmd=1.000 | acc_exec=1.000 | trust=0.001
DECISION : PAUSE
MACHINE  : Machine-2
------------------------------------------------------------
[SEQ 433] [STATIC-BASELINE]
CMD      : M221 | effects={'M': 221.0, 'S': 200.0}
DECISION : BLOCK
------------------------------------------------------------
[SEQ 433] [IEEE-BASELINE]
SCORE    : anomaly_score=0.000
DECISION : ALLOW
------------------------------------------------------------
[SEQ 434] [LAYER 0]
CMD      : G1 X164.274 Y117.727 E11.00953
TRUST    : acc_cmd=0.000 | acc_exec=1.000 | trust=0.001
DECISION : PAUSE
MACHINE  : Machine-2
------------------------------------------------------------
[SEQ 434] [STATIC-BASELINE]
CMD      : G1 | effects={'dx': 2.444999999999993, 'dy': -1.7590000000000003, 'dz': 0.0, 'de': -988.99047, 'xy_dist': 3.0119936918924592, 'params': {'G': 1.0, 'X': 164.274, 'Y': 117.727, 'E': 11.00953}}
DECISION : ALLOW
------------------------------------------------------------
[SEQ 434] [IEEE-BASELINE]
SCORE    : anomaly_score=0.000
DECISION : ALLOW
------------------------------------------------------------
[SEQ 435] [LAYER 0]
CMD      : G92 E1000
TRUST    : acc_cmd=0.000 | acc_exec=1.000 | trust=0.001
DECISION : PAUSE
MACHINE  : Machine-2
------------------------------------------------------------
[SEQ 435] [STATIC-BASELINE]
CMD      : G92 | effects={'reset': {'G': 92.0, 'E': 1000.0}}
DECISION : BLOCK
------------------------------------------------------------
[SEQ 435] [IEEE-BASELINE]
SCORE    : anomaly_score=0.000
DECISION : ALLOW
------------------------------------------------------------
[SEQ 436] [LAYER 0]
CMD      : G92 E1000
TRUST    : acc_cmd=0.000 | acc_exec=1.000 | trust=0.001
DECISION : PAUSE
MACHINE  : Machine-2
------------------------------------------------------------
[SEQ 436] [STATIC-BASELINE]
CMD      : G92 | effects={'reset': {'G': 92.0, 'E': 1000.0}}
DECISION : BLOCK
------------------------------------------------------------
[SEQ 436] [IEEE-BASELINE]
SCORE    : anomaly_score=0.000
DECISION : ALLOW
------------------------------------------------------------
[SEQ 437] [LAYER 0]
CMD      : M92 E2000
TRUST    : acc_cmd=1.000 | acc_exec=1.000 | trust=0.001
DECISION : PAUSE
MACHINE  : Machine-2
------------------------------------------------------------
[SEQ 437] [STATIC-BASELINE]
CMD      : M92 | effects={'M': 92.0, 'E': 2000.0}
DECISION : BLOCK
------------------------------------------------------------
[SEQ 437] [IEEE-BASELINE]
SCORE    : anomaly_score=0.000
DECISION : ALLOW
------------------------------------------------------------
[SEQ 438] [LAYER 0]
CMD      : M221 S200
TRUST    : acc_cmd=1.000 | acc_exec=1.000 | trust=0.001
DECISION : PAUSE
MACHINE  : Machine-2
------------------------------------------------------------
[SEQ 438] [STATIC-BASELINE]
CMD      : M221 | effects={'M': 221.0, 'S': 200.0}
DECISION : BLOCK
------------------------------------------------------------
[SEQ 438] [IEEE-BASELINE]
SCORE    : anomaly_score=0.000
DECISION : ALLOW
------------------------------------------------------------
[SEQ 439] [LAYER 0]
CMD      : M92 E2000
TRUST    : acc_cmd=1.000 | acc_exec=1.000 | trust=0.001
DECISION : PAUSE
MACHINE  : Machine-2
------------------------------------------------------------
[SEQ 439] [STATIC-BASELINE]
CMD      : M92 | effects={'M': 92.0, 'E': 2000.0}
DECISION : BLOCK
------------------------------------------------------------
[SEQ 439] [IEEE-BASELINE]
SCORE    : anomaly_score=0.000
DECISION : ALLOW
------------------------------------------------------------
[SEQ 440] [LAYER 0]
CMD      : G92 E1000
TRUST    : acc_cmd=0.000 | acc_exec=1.000 | trust=0.001
DECISION : PAUSE
MACHINE  : Machine-2
------------------------------------------------------------
[SEQ 440] [STATIC-BASELINE]
CMD      : G92 | effects={'reset': {'G': 92.0, 'E': 1000.0}}
DECISION : BLOCK
------------------------------------------------------------
[SEQ 440] [IEEE-BASELINE]
SCORE    : anomaly_score=0.000
DECISION : ALLOW
------------------------------------------------------------
[SEQ 441] [LAYER 0]
CMD      : M221 S200
TRUST    : acc_cmd=1.000 | acc_exec=1.000 | trust=0.001
DECISION : PAUSE
MACHINE  : Machine-2
------------------------------------------------------------
[SEQ 441] [STATIC-BASELINE]
CMD      : M221 | effects={'M': 221.0, 'S': 200.0}
DECISION : BLOCK
------------------------------------------------------------
[SEQ 441] [IEEE-BASELINE]
SCORE    : anomaly_score=0.000
DECISION : ALLOW
------------------------------------------------------------
[SEQ 442] [LAYER 0]
CMD      : M92 E2000
TRUST    : acc_cmd=1.000 | acc_exec=1.000 | trust=0.001
DECISION : PAUSE
MACHINE  : Machine-2
------------------------------------------------------------
[SEQ 442] [STATIC-BASELINE]
CMD      : M92 | effects={'M': 92.0, 'E': 2000.0}
DECISION : BLOCK
------------------------------------------------------------
[SEQ 442] [IEEE-BASELINE]
SCORE    : anomaly_score=0.000
DECISION : ALLOW
------------------------------------------------------------
[SEQ 443] [LAYER 0]
CMD      : G92 E1000
TRUST    : acc_cmd=0.000 | acc_exec=1.000 | trust=0.001
DECISION : PAUSE
MACHINE  : Machine-2
------------------------------------------------------------
[SEQ 443] [STATIC-BASELINE]
CMD      : G92 | effects={'reset': {'G': 92.0, 'E': 1000.0}}
DECISION : BLOCK
------------------------------------------------------------
[SEQ 443] [IEEE-BASELINE]
SCORE    : anomaly_score=0.000
DECISION : ALLOW
------------------------------------------------------------
[SEQ 444] [LAYER 0]
CMD      : M221 S200
TRUST    : acc_cmd=1.000 | acc_exec=1.000 | trust=0.001
DECISION : PAUSE
MACHINE  : Machine-2
------------------------------------------------------------
[SEQ 444] [STATIC-BASELINE]
CMD      : M221 | effects={'M': 221.0, 'S': 200.0}
DECISION : BLOCK
------------------------------------------------------------
[SEQ 444] [IEEE-BASELINE]
SCORE    : anomaly_score=0.000
DECISION : ALLOW
------------------------------------------------------------
[SEQ 445] [LAYER 0]
CMD      : G92 E1000
TRUST    : acc_cmd=0.000 | acc_exec=1.000 | trust=0.001
DECISION : PAUSE
MACHINE  : Machine-2
------------------------------------------------------------
[SEQ 445] [STATIC-BASELINE]
CMD      : G92 | effects={'reset': {'G': 92.0, 'E': 1000.0}}
DECISION : BLOCK
------------------------------------------------------------
[SEQ 445] [IEEE-BASELINE]
SCORE    : anomaly_score=0.000
DECISION : ALLOW
------------------------------------------------------------
[SEQ 446] [LAYER 0]
CMD      : M221 S200
TRUST    : acc_cmd=1.000 | acc_exec=1.000 | trust=0.001
DECISION : PAUSE
MACHINE  : Machine-2
------------------------------------------------------------
[SEQ 446] [STATIC-BASELINE]
CMD      : M221 | effects={'M': 221.0, 'S': 200.0}
DECISION : BLOCK
------------------------------------------------------------
[SEQ 446] [IEEE-BASELINE]
SCORE    : anomaly_score=0.000
DECISION : ALLOW
------------------------------------------------------------
[SEQ 447] [LAYER 0]
CMD      : M92 E2000
TRUST    : acc_cmd=1.000 | acc_exec=1.000 | trust=0.001
DECISION : PAUSE
MACHINE  : Machine-2
------------------------------------------------------------
[SEQ 447] [STATIC-BASELINE]
CMD      : M92 | effects={'M': 92.0, 'E': 2000.0}
DECISION : BLOCK
------------------------------------------------------------
[SEQ 447] [IEEE-BASELINE]
SCORE    : anomaly_score=0.000
DECISION : ALLOW
------------------------------------------------------------
[SEQ 448] [LAYER 0]
CMD      : M92 E2000
TRUST    : acc_cmd=1.000 | acc_exec=1.000 | trust=0.001
DECISION : PAUSE
MACHINE  : Machine-2
------------------------------------------------------------
[SEQ 448] [STATIC-BASELINE]
CMD      : M92 | effects={'M': 92.0, 'E': 2000.0}
DECISION : BLOCK
------------------------------------------------------------
[SEQ 448] [IEEE-BASELINE]
SCORE    : anomaly_score=0.000
DECISION : ALLOW
------------------------------------------------------------
[SEQ 449] [LAYER 0]
CMD      : G92 E1000
TRUST    : acc_cmd=0.000 | acc_exec=1.000 | trust=0.001
DECISION : PAUSE
MACHINE  : Machine-2
------------------------------------------------------------
[SEQ 449] [STATIC-BASELINE]
CMD      : G92 | effects={'reset': {'G': 92.0, 'E': 1000.0}}
DECISION : BLOCK
------------------------------------------------------------
[SEQ 449] [IEEE-BASELINE]
SCORE    : anomaly_score=0.000
DECISION : ALLOW
------------------------------------------------------------
[SEQ 450] [LAYER 0]
CMD      : M221 S200
TRUST    : acc_cmd=1.000 | acc_exec=1.000 | trust=0.001
DECISION : PAUSE
MACHINE  : Machine-2
------------------------------------------------------------
[SEQ 450] [STATIC-BASELINE]
CMD      : M221 | effects={'M': 221.0, 'S': 200.0}
DECISION : BLOCK
------------------------------------------------------------
[SEQ 450] [IEEE-BASELINE]
SCORE    : anomaly_score=0.000
DECISION : ALLOW
------------------------------------------------------------
[SEQ 451] [LAYER 0]
CMD      : M221 S200
TRUST    : acc_cmd=1.000 | acc_exec=1.000 | trust=0.001
DECISION : PAUSE
MACHINE  : Machine-2
------------------------------------------------------------
[SEQ 451] [STATIC-BASELINE]
CMD      : M221 | effects={'M': 221.0, 'S': 200.0}
DECISION : BLOCK
------------------------------------------------------------
[SEQ 451] [IEEE-BASELINE]
SCORE    : anomaly_score=0.000
DECISION : ALLOW
------------------------------------------------------------
[SEQ 452] [LAYER 0]
CMD      : G92 E1000
TRUST    : acc_cmd=0.000 | acc_exec=1.000 | trust=0.001
DECISION : PAUSE
MACHINE  : Machine-2
------------------------------------------------------------
[SEQ 452] [STATIC-BASELINE]
CMD      : G92 | effects={'reset': {'G': 92.0, 'E': 1000.0}}
DECISION : BLOCK
------------------------------------------------------------
[SEQ 452] [IEEE-BASELINE]
SCORE    : anomaly_score=0.000
DECISION : ALLOW
------------------------------------------------------------
[SEQ 453] [LAYER 0]
CMD      : G1 X162.919 Y118.833 E11.25762
TRUST    : acc_cmd=0.000 | acc_exec=1.000 | trust=0.001
DECISION : PAUSE
MACHINE  : Machine-2
------------------------------------------------------------
[SEQ 453] [STATIC-BASELINE]
CMD      : G1 | effects={'dx': -1.3549999999999898, 'dy': 1.1059999999999945, 'dz': 0.0, 'de': -988.74238, 'xy_dist': 1.7490743266082092, 'params': {'G': 1.0, 'X': 162.919, 'Y': 118.833, 'E': 11.25762}}
DECISION : ALLOW
------------------------------------------------------------
[SEQ 453] [IEEE-BASELINE]
SCORE    : anomaly_score=0.000
DECISION : ALLOW
------------------------------------------------------------
[SEQ 454] [LAYER 0]
CMD      : M221 S200
TRUST    : acc_cmd=1.000 | acc_exec=1.000 | trust=0.001
DECISION : PAUSE
MACHINE  : Machine-2
------------------------------------------------------------
[SEQ 454] [STATIC-BASELINE]
CMD      : M221 | effects={'M': 221.0, 'S': 200.0}
DECISION : BLOCK
------------------------------------------------------------
[SEQ 454] [IEEE-BASELINE]
SCORE    : anomaly_score=0.000
DECISION : ALLOW
------------------------------------------------------------
[SEQ 455] [LAYER 0]
CMD      : G92 E1000
TRUST    : acc_cmd=0.000 | acc_exec=1.000 | trust=0.001
DECISION : PAUSE
MACHINE  : Machine-2
------------------------------------------------------------
[SEQ 455] [STATIC-BASELINE]
CMD      : G92 | effects={'reset': {'G': 92.0, 'E': 1000.0}}
DECISION : BLOCK
------------------------------------------------------------
[SEQ 455] [IEEE-BASELINE]
SCORE    : anomaly_score=0.000
DECISION : ALLOW
------------------------------------------------------------
[SEQ 456] [LAYER 0]
CMD      : G92 E1000
TRUST    : acc_cmd=0.000 | acc_exec=1.000 | trust=0.001
DECISION : PAUSE
MACHINE  : Machine-2
------------------------------------------------------------
[SEQ 456] [STATIC-BASELINE]
CMD      : G92 | effects={'reset': {'G': 92.0, 'E': 1000.0}}
DECISION : BLOCK
------------------------------------------------------------
[SEQ 456] [IEEE-BASELINE]
SCORE    : anomaly_score=0.000
DECISION : ALLOW
------------------------------------------------------------
[SEQ 457] [LAYER 0]
CMD      : M221 S200
TRUST    : acc_cmd=1.000 | acc_exec=1.000 | trust=0.001
DECISION : PAUSE
MACHINE  : Machine-2
------------------------------------------------------------
[SEQ 457] [STATIC-BASELINE]
CMD      : M221 | effects={'M': 221.0, 'S': 200.0}
DECISION : BLOCK
------------------------------------------------------------
[SEQ 457] [IEEE-BASELINE]
SCORE    : anomaly_score=0.000
DECISION : ALLOW
------------------------------------------------------------
[SEQ 458] [LAYER 0]
CMD      : M92 E2000
TRUST    : acc_cmd=1.000 | acc_exec=1.000 | trust=0.001
DECISION : PAUSE
MACHINE  : Machine-2
------------------------------------------------------------
[SEQ 458] [STATIC-BASELINE]
CMD      : M92 | effects={'M': 92.0, 'E': 2000.0}
DECISION : BLOCK
------------------------------------------------------------
[SEQ 458] [IEEE-BASELINE]
SCORE    : anomaly_score=0.000
DECISION : ALLOW
------------------------------------------------------------
[SEQ 459] [LAYER 0]
CMD      : G1 X165.22 Y118.029 E11.30302
TRUST    : acc_cmd=0.000 | acc_exec=1.000 | trust=0.001
DECISION : PAUSE
MACHINE  : Machine-2
------------------------------------------------------------
[SEQ 459] [STATIC-BASELINE]
CMD      : G1 | effects={'dx': 2.3009999999999877, 'dy': -0.804000000000002, 'dz': 0.0, 'de': -988.69698, 'xy_dist': 2.437420152538324, 'params': {'G': 1.0, 'X': 165.22, 'Y': 118.029, 'E': 11.30302}}
DECISION : ALLOW
------------------------------------------------------------
[SEQ 459] [IEEE-BASELINE]
SCORE    : anomaly_score=0.000
DECISION : ALLOW
------------------------------------------------------------
[SEQ 460] [LAYER 0]
CMD      : G92 E1000
TRUST    : acc_cmd=0.000 | acc_exec=1.000 | trust=0.001
DECISION : PAUSE
MACHINE  : Machine-2
------------------------------------------------------------
[SEQ 460] [STATIC-BASELINE]
CMD      : G92 | effects={'reset': {'G': 92.0, 'E': 1000.0}}
DECISION : BLOCK
------------------------------------------------------------
[SEQ 460] [IEEE-BASELINE]
SCORE    : anomaly_score=0.000
DECISION : ALLOW
------------------------------------------------------------
[SEQ 461] [LAYER 0]
CMD      : G92 E1000
TRUST    : acc_cmd=0.000 | acc_exec=1.000 | trust=0.001
DECISION : PAUSE
MACHINE  : Machine-2
------------------------------------------------------------
[SEQ 461] [STATIC-BASELINE]
CMD      : G92 | effects={'reset': {'G': 92.0, 'E': 1000.0}}
DECISION : BLOCK
------------------------------------------------------------
[SEQ 461] [IEEE-BASELINE]
SCORE    : anomaly_score=0.000
DECISION : ALLOW
------------------------------------------------------------
[SEQ 462] [LAYER 0]
CMD      : G92 E1000
TRUST    : acc_cmd=0.000 | acc_exec=1.000 | trust=0.001
DECISION : PAUSE
MACHINE  : Machine-2
------------------------------------------------------------
[SEQ 462] [STATIC-BASELINE]
CMD      : G92 | effects={'reset': {'G': 92.0, 'E': 1000.0}}
DECISION : BLOCK
------------------------------------------------------------
[SEQ 462] [IEEE-BASELINE]
SCORE    : anomaly_score=0.000
DECISION : ALLOW
------------------------------------------------------------
[SEQ 463] [LAYER 0]
CMD      : M221 S200
TRUST    : acc_cmd=1.000 | acc_exec=1.000 | trust=0.001
DECISION : PAUSE
MACHINE  : Machine-2
------------------------------------------------------------
[SEQ 463] [STATIC-BASELINE]
CMD      : M221 | effects={'M': 221.0, 'S': 200.0}
DECISION : BLOCK
------------------------------------------------------------
[SEQ 463] [IEEE-BASELINE]
SCORE    : anomaly_score=0.000
DECISION : ALLOW
------------------------------------------------------------
[SEQ 464] [LAYER 0]
CMD      : M221 S200
TRUST    : acc_cmd=1.000 | acc_exec=1.000 | trust=0.001
DECISION : PAUSE
MACHINE  : Machine-2
------------------------------------------------------------
[SEQ 464] [STATIC-BASELINE]
CMD      : M221 | effects={'M': 221.0, 'S': 200.0}
DECISION : BLOCK
------------------------------------------------------------
[SEQ 464] [IEEE-BASELINE]
SCORE    : anomaly_score=0.000
DECISION : ALLOW
------------------------------------------------------------
[SEQ 465] [LAYER 0]
CMD      : M92 E2000
TRUST    : acc_cmd=1.000 | acc_exec=1.000 | trust=0.001
DECISION : PAUSE
MACHINE  : Machine-2
------------------------------------------------------------
[SEQ 465] [STATIC-BASELINE]
CMD      : M92 | effects={'M': 92.0, 'E': 2000.0}
DECISION : BLOCK
------------------------------------------------------------
[SEQ 465] [IEEE-BASELINE]
SCORE    : anomaly_score=0.000
DECISION : ALLOW
------------------------------------------------------------
[SEQ 466] [LAYER 0]
CMD      : M92 E2000
TRUST    : acc_cmd=1.000 | acc_exec=1.000 | trust=0.001
DECISION : PAUSE
MACHINE  : Machine-2
------------------------------------------------------------
[SEQ 466] [STATIC-BASELINE]
CMD      : M92 | effects={'M': 92.0, 'E': 2000.0}
DECISION : BLOCK
------------------------------------------------------------
[SEQ 466] [IEEE-BASELINE]
SCORE    : anomaly_score=0.000
DECISION : ALLOW
------------------------------------------------------------
[SEQ 467] [LAYER 0]
CMD      : M221 S200
TRUST    : acc_cmd=1.000 | acc_exec=1.000 | trust=0.001
DECISION : PAUSE
MACHINE  : Machine-2
------------------------------------------------------------
[SEQ 467] [STATIC-BASELINE]
CMD      : M221 | effects={'M': 221.0, 'S': 200.0}
DECISION : BLOCK
------------------------------------------------------------
[SEQ 467] [IEEE-BASELINE]
SCORE    : anomaly_score=0.000
DECISION : ALLOW
------------------------------------------------------------
[SEQ 468] [LAYER 0]
CMD      : M92 E2000
TRUST    : acc_cmd=1.000 | acc_exec=1.000 | trust=0.001
DECISION : PAUSE
MACHINE  : Machine-2
------------------------------------------------------------
[SEQ 468] [STATIC-BASELINE]
CMD      : M92 | effects={'M': 92.0, 'E': 2000.0}
DECISION : BLOCK
------------------------------------------------------------
[SEQ 468] [IEEE-BASELINE]
SCORE    : anomaly_score=0.000
DECISION : ALLOW
------------------------------------------------------------
[SEQ 469] [LAYER 0]
CMD      : M92 E2000
TRUST    : acc_cmd=1.000 | acc_exec=1.000 | trust=0.001
DECISION : PAUSE
MACHINE  : Machine-2
------------------------------------------------------------
[SEQ 469] [STATIC-BASELINE]
CMD      : M92 | effects={'M': 92.0, 'E': 2000.0}
DECISION : BLOCK
------------------------------------------------------------
[SEQ 469] [IEEE-BASELINE]
SCORE    : anomaly_score=0.000
DECISION : ALLOW
------------------------------------------------------------
[SEQ 470] [LAYER 0]
CMD      : G1 X164.719 Y121.972 E11.42123
TRUST    : acc_cmd=0.000 | acc_exec=1.000 | trust=0.001
DECISION : PAUSE
MACHINE  : Machine-2
------------------------------------------------------------
[SEQ 470] [STATIC-BASELINE]
CMD      : G1 | effects={'dx': -0.5010000000000048, 'dy': 3.942999999999998, 'dz': 0.0, 'de': -988.57877, 'xy_dist': 3.974701246634769, 'params': {'G': 1.0, 'X': 164.719, 'Y': 121.972, 'E': 11.42123}}
DECISION : ALLOW
------------------------------------------------------------
[SEQ 470] [IEEE-BASELINE]
SCORE    : anomaly_score=0.000
DECISION : ALLOW
------------------------------------------------------------
[SEQ 471] [LAYER 0]
CMD      : M92 E2000
TRUST    : acc_cmd=1.000 | acc_exec=1.000 | trust=0.001
DECISION : PAUSE
MACHINE  : Machine-2
------------------------------------------------------------
[SEQ 471] [STATIC-BASELINE]
CMD      : M92 | effects={'M': 92.0, 'E': 2000.0}
DECISION : BLOCK
------------------------------------------------------------
[SEQ 471] [IEEE-BASELINE]
SCORE    : anomaly_score=0.000
DECISION : ALLOW
------------------------------------------------------------
[SEQ 472] [LAYER 0]
CMD      : M221 S200
TRUST    : acc_cmd=1.000 | acc_exec=1.000 | trust=0.001
DECISION : PAUSE
MACHINE  : Machine-2
------------------------------------------------------------
[SEQ 472] [STATIC-BASELINE]
CMD      : M221 | effects={'M': 221.0, 'S': 200.0}
DECISION : BLOCK
------------------------------------------------------------
[SEQ 472] [IEEE-BASELINE]
SCORE    : anomaly_score=0.000
DECISION : ALLOW
------------------------------------------------------------
[SEQ 473] [LAYER 0]
CMD      : M92 E2000
TRUST    : acc_cmd=1.000 | acc_exec=1.000 | trust=0.001
DECISION : PAUSE
MACHINE  : Machine-2
------------------------------------------------------------
[SEQ 473] [STATIC-BASELINE]
CMD      : M92 | effects={'M': 92.0, 'E': 2000.0}
DECISION : BLOCK
------------------------------------------------------------
[SEQ 473] [IEEE-BASELINE]
SCORE    : anomaly_score=0.000
DECISION : ALLOW
------------------------------------------------------------
[SEQ 474] [LAYER 0]
CMD      : M221 S200
TRUST    : acc_cmd=1.000 | acc_exec=1.000 | trust=0.001
DECISION : PAUSE
MACHINE  : Machine-2
------------------------------------------------------------
[SEQ 474] [STATIC-BASELINE]
CMD      : M221 | effects={'M': 221.0, 'S': 200.0}
DECISION : BLOCK
------------------------------------------------------------
[SEQ 474] [IEEE-BASELINE]
SCORE    : anomaly_score=0.000
DECISION : ALLOW
------------------------------------------------------------
[SEQ 475] [LAYER 0]
CMD      : G92 E1000
TRUST    : acc_cmd=0.000 | acc_exec=1.000 | trust=0.001
DECISION : PAUSE
MACHINE  : Machine-2
------------------------------------------------------------
[SEQ 475] [STATIC-BASELINE]
CMD      : G92 | effects={'reset': {'G': 92.0, 'E': 1000.0}}
DECISION : BLOCK
------------------------------------------------------------
[SEQ 475] [IEEE-BASELINE]
SCORE    : anomaly_score=0.000
DECISION : ALLOW
------------------------------------------------------------
[SEQ 476] [LAYER 0]
CMD      : M221 S200
TRUST    : acc_cmd=1.000 | acc_exec=1.000 | trust=0.001
DECISION : PAUSE
MACHINE  : Machine-2
------------------------------------------------------------
[SEQ 476] [STATIC-BASELINE]
CMD      : M221 | effects={'M': 221.0, 'S': 200.0}
DECISION : BLOCK
------------------------------------------------------------
[SEQ 476] [IEEE-BASELINE]
SCORE    : anomaly_score=0.000
DECISION : ALLOW
------------------------------------------------------------
[SEQ 477] [LAYER 0]
CMD      : M221 S200
TRUST    : acc_cmd=1.000 | acc_exec=1.000 | trust=0.001
DECISION : PAUSE
MACHINE  : Machine-2
------------------------------------------------------------
[SEQ 477] [STATIC-BASELINE]
CMD      : M221 | effects={'M': 221.0, 'S': 200.0}
DECISION : BLOCK
------------------------------------------------------------
[SEQ 477] [IEEE-BASELINE]
SCORE    : anomaly_score=0.000
DECISION : ALLOW
------------------------------------------------------------
[SEQ 478] [LAYER 0]
CMD      : G92 E1000
TRUST    : acc_cmd=0.000 | acc_exec=1.000 | trust=0.001
DECISION : PAUSE
MACHINE  : Machine-2
------------------------------------------------------------
[SEQ 478] [STATIC-BASELINE]
CMD      : G92 | effects={'reset': {'G': 92.0, 'E': 1000.0}}
DECISION : BLOCK
------------------------------------------------------------
[SEQ 478] [IEEE-BASELINE]
SCORE    : anomaly_score=0.000
DECISION : ALLOW
------------------------------------------------------------
[SEQ 479] [LAYER 0]
CMD      : M221 S200
TRUST    : acc_cmd=1.000 | acc_exec=1.000 | trust=0.001
DECISION : PAUSE
MACHINE  : Machine-2
------------------------------------------------------------
[SEQ 479] [STATIC-BASELINE]
CMD      : M221 | effects={'M': 221.0, 'S': 200.0}
DECISION : BLOCK
------------------------------------------------------------
[SEQ 479] [IEEE-BASELINE]
SCORE    : anomaly_score=0.000
DECISION : ALLOW
------------------------------------------------------------
[SEQ 480] [LAYER 0]
CMD      : M92 E2000
TRUST    : acc_cmd=1.000 | acc_exec=1.000 | trust=0.001
DECISION : PAUSE
MACHINE  : Machine-2
------------------------------------------------------------
[SEQ 480] [STATIC-BASELINE]
CMD      : M92 | effects={'M': 92.0, 'E': 2000.0}
DECISION : BLOCK
------------------------------------------------------------
[SEQ 480] [IEEE-BASELINE]
SCORE    : anomaly_score=0.000
DECISION : ALLOW
------------------------------------------------------------
[SEQ 481] [LAYER 0]
CMD      : G92 E1000
TRUST    : acc_cmd=0.000 | acc_exec=1.000 | trust=0.001
DECISION : PAUSE
MACHINE  : Machine-2
------------------------------------------------------------
[SEQ 481] [STATIC-BASELINE]
CMD      : G92 | effects={'reset': {'G': 92.0, 'E': 1000.0}}
DECISION : BLOCK
------------------------------------------------------------
[SEQ 481] [IEEE-BASELINE]
SCORE    : anomaly_score=0.000
DECISION : ALLOW
------------------------------------------------------------
[SEQ 482] [LAYER 0]
CMD      : M92 E2000
TRUST    : acc_cmd=1.000 | acc_exec=1.000 | trust=0.001
DECISION : PAUSE
MACHINE  : Machine-2
------------------------------------------------------------
[SEQ 482] [STATIC-BASELINE]
CMD      : M92 | effects={'M': 92.0, 'E': 2000.0}
DECISION : BLOCK
------------------------------------------------------------
[SEQ 482] [IEEE-BASELINE]
SCORE    : anomaly_score=0.000
DECISION : ALLOW
------------------------------------------------------------
[SEQ 483] [LAYER 0]
CMD      : M221 S200
TRUST    : acc_cmd=1.000 | acc_exec=1.000 | trust=0.001
DECISION : PAUSE
MACHINE  : Machine-2
------------------------------------------------------------
[SEQ 483] [STATIC-BASELINE]
CMD      : M221 | effects={'M': 221.0, 'S': 200.0}
DECISION : BLOCK
------------------------------------------------------------
[SEQ 483] [IEEE-BASELINE]
SCORE    : anomaly_score=0.000
DECISION : ALLOW
------------------------------------------------------------
[SEQ 484] [LAYER 0]
CMD      : M221 S200
TRUST    : acc_cmd=1.000 | acc_exec=1.000 | trust=0.001
DECISION : PAUSE
MACHINE  : Machine-2
------------------------------------------------------------
[SEQ 484] [STATIC-BASELINE]
CMD      : M221 | effects={'M': 221.0, 'S': 200.0}
DECISION : BLOCK
------------------------------------------------------------
[SEQ 484] [IEEE-BASELINE]
SCORE    : anomaly_score=0.000
DECISION : ALLOW
------------------------------------------------------------
[SEQ 485] [LAYER 0]
CMD      : M221 S200
TRUST    : acc_cmd=1.000 | acc_exec=1.000 | trust=0.001
DECISION : PAUSE
MACHINE  : Machine-2
------------------------------------------------------------
[SEQ 485] [STATIC-BASELINE]
CMD      : M221 | effects={'M': 221.0, 'S': 200.0}
DECISION : BLOCK
------------------------------------------------------------
[SEQ 485] [IEEE-BASELINE]
SCORE    : anomaly_score=0.000
DECISION : ALLOW
------------------------------------------------------------
[SEQ 486] [LAYER 0]
CMD      : G1 X166.08 Y120.505 E11.5636
TRUST    : acc_cmd=0.000 | acc_exec=1.000 | trust=0.001
DECISION : PAUSE
MACHINE  : Machine-2
------------------------------------------------------------
[SEQ 486] [STATIC-BASELINE]
CMD      : G1 | effects={'dx': 1.3610000000000184, 'dy': -1.4669999999999987, 'dz': 0.0, 'de': -988.4364, 'xy_dist': 2.0011021962908457, 'params': {'G': 1.0, 'X': 166.08, 'Y': 120.505, 'E': 11.5636}}
DECISION : ALLOW
------------------------------------------------------------
[SEQ 486] [IEEE-BASELINE]
SCORE    : anomaly_score=0.000
DECISION : ALLOW
------------------------------------------------------------
[SEQ 487] [LAYER 0]
CMD      : M221 S200
TRUST    : acc_cmd=1.000 | acc_exec=1.000 | trust=0.001
DECISION : PAUSE
MACHINE  : Machine-2
------------------------------------------------------------
[SEQ 487] [STATIC-BASELINE]
CMD      : M221 | effects={'M': 221.0, 'S': 200.0}
DECISION : BLOCK
------------------------------------------------------------
[SEQ 487] [IEEE-BASELINE]
SCORE    : anomaly_score=0.000
DECISION : ALLOW
------------------------------------------------------------
[SEQ 488] [LAYER 0]
CMD      : G92 E1000
TRUST    : acc_cmd=0.000 | acc_exec=1.000 | trust=0.001
DECISION : PAUSE
MACHINE  : Machine-2
------------------------------------------------------------
[SEQ 488] [STATIC-BASELINE]
CMD      : G92 | effects={'reset': {'G': 92.0, 'E': 1000.0}}
DECISION : BLOCK
------------------------------------------------------------
[SEQ 488] [IEEE-BASELINE]
SCORE    : anomaly_score=0.000
DECISION : ALLOW
------------------------------------------------------------
[SEQ 489] [LAYER 0]
CMD      : M221 S200
TRUST    : acc_cmd=1.000 | acc_exec=1.000 | trust=0.001
DECISION : PAUSE
MACHINE  : Machine-2
------------------------------------------------------------
[SEQ 489] [STATIC-BASELINE]
CMD      : M221 | effects={'M': 221.0, 'S': 200.0}
DECISION : BLOCK
------------------------------------------------------------
[SEQ 489] [IEEE-BASELINE]
SCORE    : anomaly_score=0.000
DECISION : ALLOW
------------------------------------------------------------
[SEQ 490] [LAYER 0]
CMD      : G92 E1000
TRUST    : acc_cmd=0.000 | acc_exec=1.000 | trust=0.001
DECISION : PAUSE
MACHINE  : Machine-2
------------------------------------------------------------
[SEQ 490] [STATIC-BASELINE]
CMD      : G92 | effects={'reset': {'G': 92.0, 'E': 1000.0}}
DECISION : BLOCK
------------------------------------------------------------
[SEQ 490] [IEEE-BASELINE]
SCORE    : anomaly_score=0.000
DECISION : ALLOW
------------------------------------------------------------
[SEQ 491] [LAYER 0]
CMD      : M221 S200
TRUST    : acc_cmd=1.000 | acc_exec=1.000 | trust=0.001
DECISION : PAUSE
MACHINE  : Machine-2
------------------------------------------------------------
[SEQ 491] [STATIC-BASELINE]
CMD      : M221 | effects={'M': 221.0, 'S': 200.0}
DECISION : BLOCK
------------------------------------------------------------
[SEQ 491] [IEEE-BASELINE]
SCORE    : anomaly_score=0.000
DECISION : ALLOW
------------------------------------------------------------
[SEQ 492] [LAYER 0]
CMD      : M92 E2000
TRUST    : acc_cmd=1.000 | acc_exec=1.000 | trust=0.001
DECISION : PAUSE
MACHINE  : Machine-2
------------------------------------------------------------
[SEQ 492] [STATIC-BASELINE]
CMD      : M92 | effects={'M': 92.0, 'E': 2000.0}
DECISION : BLOCK
------------------------------------------------------------
[SEQ 492] [IEEE-BASELINE]
SCORE    : anomaly_score=0.000
DECISION : ALLOW
------------------------------------------------------------
[SEQ 493] [LAYER 0]
CMD      : M221 S200
TRUST    : acc_cmd=1.000 | acc_exec=1.000 | trust=0.001
DECISION : PAUSE
MACHINE  : Machine-2
------------------------------------------------------------
[SEQ 493] [STATIC-BASELINE]
CMD      : M221 | effects={'M': 221.0, 'S': 200.0}
DECISION : BLOCK
------------------------------------------------------------
[SEQ 493] [IEEE-BASELINE]
SCORE    : anomaly_score=0.000
DECISION : ALLOW
------------------------------------------------------------
[SEQ 494] [LAYER 0]
CMD      : G1 X163.84 Y120.272 E11.61882
TRUST    : acc_cmd=0.000 | acc_exec=1.000 | trust=0.001
DECISION : PAUSE
MACHINE  : Machine-2
------------------------------------------------------------
[SEQ 494] [STATIC-BASELINE]
CMD      : G1 | effects={'dx': -2.240000000000009, 'dy': -0.23299999999998988, 'dz': 0.0, 'de': -988.38118, 'xy_dist': 2.2520854779515, 'params': {'G': 1.0, 'X': 163.84, 'Y': 120.272, 'E': 11.61882}}
DECISION : ALLOW
------------------------------------------------------------
[SEQ 494] [IEEE-BASELINE]
SCORE    : anomaly_score=0.000
DECISION : ALLOW
------------------------------------------------------------
[SEQ 495] [LAYER 0]
CMD      : M92 E2000
TRUST    : acc_cmd=1.000 | acc_exec=1.000 | trust=0.001
DECISION : PAUSE
MACHINE  : Machine-2
------------------------------------------------------------
[SEQ 495] [STATIC-BASELINE]
CMD      : M92 | effects={'M': 92.0, 'E': 2000.0}
DECISION : BLOCK
------------------------------------------------------------
[SEQ 495] [IEEE-BASELINE]
SCORE    : anomaly_score=0.000
DECISION : ALLOW
------------------------------------------------------------
[SEQ 496] [LAYER 0]
CMD      : M221 S200
TRUST    : acc_cmd=1.000 | acc_exec=1.000 | trust=0.001
DECISION : PAUSE
MACHINE  : Machine-2
------------------------------------------------------------
[SEQ 496] [STATIC-BASELINE]
CMD      : M221 | effects={'M': 221.0, 'S': 200.0}
DECISION : BLOCK
------------------------------------------------------------
[SEQ 496] [IEEE-BASELINE]
SCORE    : anomaly_score=0.000
DECISION : ALLOW
------------------------------------------------------------
[SEQ 497] [LAYER 0]
CMD      : M221 S200
TRUST    : acc_cmd=1.000 | acc_exec=1.000 | trust=0.001
DECISION : PAUSE
MACHINE  : Machine-2
------------------------------------------------------------
[SEQ 497] [STATIC-BASELINE]
CMD      : M221 | effects={'M': 221.0, 'S': 200.0}
DECISION : BLOCK
------------------------------------------------------------
[SEQ 497] [IEEE-BASELINE]
SCORE    : anomaly_score=0.000
DECISION : ALLOW
------------------------------------------------------------
[SEQ 498] [LAYER 0]
CMD      : M221 S200
TRUST    : acc_cmd=1.000 | acc_exec=1.000 | trust=0.001
DECISION : PAUSE
MACHINE  : Machine-2
------------------------------------------------------------
[SEQ 498] [STATIC-BASELINE]
CMD      : M221 | effects={'M': 221.0, 'S': 200.0}
DECISION : BLOCK
------------------------------------------------------------
[SEQ 498] [IEEE-BASELINE]
SCORE    : anomaly_score=0.000
DECISION : ALLOW
------------------------------------------------------------
[SEQ 499] [LAYER 0]
CMD      : M221 S200
TRUST    : acc_cmd=1.000 | acc_exec=1.000 | trust=0.001
DECISION : PAUSE
MACHINE  : Machine-2
------------------------------------------------------------
[SEQ 499] [STATIC-BASELINE]
CMD      : M221 | effects={'M': 221.0, 'S': 200.0}
DECISION : BLOCK
------------------------------------------------------------
[SEQ 499] [IEEE-BASELINE]
SCORE    : anomaly_score=0.000
DECISION : ALLOW
------------------------------------------------------------
[SEQ 500] [LAYER 0]
CMD      : M221 S200
TRUST    : acc_cmd=1.000 | acc_exec=1.000 | trust=0.001
DECISION : PAUSE
MACHINE  : Machine-2
------------------------------------------------------------
[SEQ 500] [STATIC-BASELINE]
CMD      : M221 | effects={'M': 221.0, 'S': 200.0}
DECISION : BLOCK
------------------------------------------------------------
[SEQ 500] [IEEE-BASELINE]
SCORE    : anomaly_score=0.000
DECISION : ALLOW
------------------------------------------------------------
[SEQ 501] [LAYER 0]
CMD      : G1 X165.604 Y118.532 E11.67703
TRUST    : acc_cmd=0.000 | acc_exec=0.000 | trust=0.007
DECISION : PAUSE
MACHINE  : Machine-2
------------------------------------------------------------
[SEQ 501] [STATIC-BASELINE]
CMD      : G1 | effects={'dx': 1.76400000000001, 'dy': -1.740000000000009, 'dz': 0.0, 'de': 0.05821000000000076, 'xy_dist': 2.477760278961641, 'params': {'G': 1.0, 'X': 165.604, 'Y': 118.532, 'E': 11.67703}}
DECISION : ALLOW
------------------------------------------------------------
[SEQ 501] [IEEE-BASELINE]
SCORE    : anomaly_score=0.000
DECISION : ALLOW
------------------------------------------------------------
[SEQ 502] [LAYER 0]
CMD      : G92 E1000
TRUST    : acc_cmd=0.000 | acc_exec=1.000 | trust=0.005
DECISION : PAUSE
MACHINE  : Machine-2
------------------------------------------------------------
[SEQ 502] [STATIC-BASELINE]
CMD      : G92 | effects={'reset': {'G': 92.0, 'E': 1000.0}}
DECISION : BLOCK
------------------------------------------------------------
[SEQ 502] [IEEE-BASELINE]
SCORE    : anomaly_score=0.000
DECISION : ALLOW
------------------------------------------------------------
[SEQ 503] [LAYER 0]
CMD      : G92 E1000
TRUST    : acc_cmd=0.000 | acc_exec=1.000 | trust=0.003
DECISION : PAUSE
MACHINE  : Machine-2
------------------------------------------------------------
[SEQ 503] [STATIC-BASELINE]
CMD      : G92 | effects={'reset': {'G': 92.0, 'E': 1000.0}}
DECISION : BLOCK
------------------------------------------------------------
[SEQ 503] [IEEE-BASELINE]
SCORE    : anomaly_score=0.000
DECISION : ALLOW
------------------------------------------------------------
[SEQ 504] [LAYER 0]
CMD      : M92 E2000
TRUST    : acc_cmd=1.000 | acc_exec=1.000 | trust=0.002
DECISION : PAUSE
MACHINE  : Machine-2
------------------------------------------------------------
[SEQ 504] [STATIC-BASELINE]
CMD      : M92 | effects={'M': 92.0, 'E': 2000.0}
DECISION : BLOCK
------------------------------------------------------------
[SEQ 504] [IEEE-BASELINE]
SCORE    : anomaly_score=0.000
DECISION : ALLOW
------------------------------------------------------------
[SEQ 505] [LAYER 0]
CMD      : M221 S200
TRUST    : acc_cmd=1.000 | acc_exec=1.000 | trust=0.001
DECISION : PAUSE
MACHINE  : Machine-2
------------------------------------------------------------
[SEQ 505] [STATIC-BASELINE]
CMD      : M221 | effects={'M': 221.0, 'S': 200.0}
DECISION : BLOCK
------------------------------------------------------------
[SEQ 505] [IEEE-BASELINE]
SCORE    : anomaly_score=0.000
DECISION : ALLOW
------------------------------------------------------------
[SEQ 506] [LAYER 0]
CMD      : G92 E1000
TRUST    : acc_cmd=0.000 | acc_exec=1.000 | trust=0.001
DECISION : PAUSE
MACHINE  : Machine-2
------------------------------------------------------------
[SEQ 506] [STATIC-BASELINE]
CMD      : G92 | effects={'reset': {'G': 92.0, 'E': 1000.0}}
DECISION : BLOCK
------------------------------------------------------------
[SEQ 506] [IEEE-BASELINE]
SCORE    : anomaly_score=0.000
DECISION : ALLOW
------------------------------------------------------------
[SEQ 507] [LAYER 0]
CMD      : G92 E1000
TRUST    : acc_cmd=0.000 | acc_exec=1.000 | trust=0.001
DECISION : PAUSE
MACHINE  : Machine-2
------------------------------------------------------------
[SEQ 507] [STATIC-BASELINE]
CMD      : G92 | effects={'reset': {'G': 92.0, 'E': 1000.0}}
DECISION : BLOCK
------------------------------------------------------------
[SEQ 507] [IEEE-BASELINE]
SCORE    : anomaly_score=0.000
DECISION : ALLOW
------------------------------------------------------------
[SEQ 508] [LAYER 0]
CMD      : G1 X165.753 Y121.413 E11.74432
TRUST    : acc_cmd=0.000 | acc_exec=1.000 | trust=0.001
DECISION : PAUSE
MACHINE  : Machine-2
------------------------------------------------------------
[SEQ 508] [STATIC-BASELINE]
CMD      : G1 | effects={'dx': 0.1489999999999725, 'dy': 2.8810000000000002, 'dz': 0.0, 'de': -988.25568, 'xy_dist': 2.8848504293983757, 'params': {'G': 1.0, 'X': 165.753, 'Y': 121.413, 'E': 11.74432}}
DECISION : ALLOW
------------------------------------------------------------
[SEQ 508] [IEEE-BASELINE]
SCORE    : anomaly_score=0.000
DECISION : ALLOW
------------------------------------------------------------
[SEQ 509] [LAYER 0]
CMD      : M92 E2000
TRUST    : acc_cmd=1.000 | acc_exec=1.000 | trust=0.001
DECISION : PAUSE
MACHINE  : Machine-2
------------------------------------------------------------
[SEQ 509] [STATIC-BASELINE]
CMD      : M92 | effects={'M': 92.0, 'E': 2000.0}
DECISION : BLOCK
------------------------------------------------------------
[SEQ 509] [IEEE-BASELINE]
SCORE    : anomaly_score=0.000
DECISION : ALLOW
------------------------------------------------------------
[SEQ 510] [LAYER 0]
CMD      : M221 S200
TRUST    : acc_cmd=1.000 | acc_exec=1.000 | trust=0.001
DECISION : PAUSE
MACHINE  : Machine-2
------------------------------------------------------------
[SEQ 510] [STATIC-BASELINE]
CMD      : M221 | effects={'M': 221.0, 'S': 200.0}
DECISION : BLOCK
------------------------------------------------------------
[SEQ 510] [IEEE-BASELINE]
SCORE    : anomaly_score=0.000
DECISION : ALLOW
------------------------------------------------------------
[SEQ 511] [LAYER 0]
CMD      : G92 E1000
TRUST    : acc_cmd=0.000 | acc_exec=1.000 | trust=0.001
DECISION : PAUSE
MACHINE  : Machine-2
------------------------------------------------------------
[SEQ 511] [STATIC-BASELINE]
CMD      : G92 | effects={'reset': {'G': 92.0, 'E': 1000.0}}
DECISION : BLOCK
------------------------------------------------------------
[SEQ 511] [IEEE-BASELINE]
SCORE    : anomaly_score=0.000
DECISION : ALLOW
------------------------------------------------------------
[SEQ 512] [LAYER 0]
CMD      : G92 E1000
TRUST    : acc_cmd=0.000 | acc_exec=1.000 | trust=0.001
DECISION : PAUSE
MACHINE  : Machine-2
------------------------------------------------------------
[SEQ 512] [STATIC-BASELINE]
CMD      : G92 | effects={'reset': {'G': 92.0, 'E': 1000.0}}
DECISION : BLOCK
------------------------------------------------------------
[SEQ 512] [IEEE-BASELINE]
SCORE    : anomaly_score=0.000
DECISION : ALLOW
------------------------------------------------------------
[SEQ 513] [LAYER 0]
CMD      : G92 E1000
TRUST    : acc_cmd=0.000 | acc_exec=1.000 | trust=0.001
DECISION : PAUSE
MACHINE  : Machine-2
------------------------------------------------------------
[SEQ 513] [STATIC-BASELINE]
CMD      : G92 | effects={'reset': {'G': 92.0, 'E': 1000.0}}
DECISION : BLOCK
------------------------------------------------------------
[SEQ 513] [IEEE-BASELINE]
SCORE    : anomaly_score=0.000
DECISION : ALLOW
------------------------------------------------------------
[SEQ 514] [LAYER 0]
CMD      : M92 E2000
TRUST    : acc_cmd=1.000 | acc_exec=1.000 | trust=0.001
DECISION : PAUSE
MACHINE  : Machine-2
------------------------------------------------------------
[SEQ 514] [STATIC-BASELINE]
CMD      : M92 | effects={'M': 92.0, 'E': 2000.0}
DECISION : BLOCK
------------------------------------------------------------
[SEQ 514] [IEEE-BASELINE]
SCORE    : anomaly_score=0.000
DECISION : ALLOW
------------------------------------------------------------
[SEQ 515] [LAYER 0]
CMD      : M92 E2000
TRUST    : acc_cmd=1.000 | acc_exec=1.000 | trust=0.001
DECISION : PAUSE
MACHINE  : Machine-2
------------------------------------------------------------
[SEQ 515] [STATIC-BASELINE]
CMD      : M92 | effects={'M': 92.0, 'E': 2000.0}
DECISION : BLOCK
------------------------------------------------------------
[SEQ 515] [IEEE-BASELINE]
SCORE    : anomaly_score=0.000
DECISION : ALLOW
------------------------------------------------------------
[SEQ 516] [LAYER 0]
CMD      : G92 E1000
TRUST    : acc_cmd=0.000 | acc_exec=1.000 | trust=0.001
DECISION : PAUSE
MACHINE  : Machine-2
------------------------------------------------------------
[SEQ 516] [STATIC-BASELINE]
CMD      : G92 | effects={'reset': {'G': 92.0, 'E': 1000.0}}
DECISION : BLOCK
------------------------------------------------------------
[SEQ 516] [IEEE-BASELINE]
SCORE    : anomaly_score=0.000
DECISION : ALLOW
------------------------------------------------------------
[SEQ 517] [LAYER 0]
CMD      : M221 S200
TRUST    : acc_cmd=1.000 | acc_exec=1.000 | trust=0.001
DECISION : PAUSE
MACHINE  : Machine-2
------------------------------------------------------------
[SEQ 517] [STATIC-BASELINE]
CMD      : M221 | effects={'M': 221.0, 'S': 200.0}
DECISION : BLOCK
------------------------------------------------------------
[SEQ 517] [IEEE-BASELINE]
SCORE    : anomaly_score=0.000
DECISION : ALLOW
------------------------------------------------------------
[SEQ 518] [LAYER 0]
CMD      : M92 E2000
TRUST    : acc_cmd=1.000 | acc_exec=1.000 | trust=0.001
DECISION : PAUSE
MACHINE  : Machine-2
------------------------------------------------------------
[SEQ 518] [STATIC-BASELINE]
CMD      : M92 | effects={'M': 92.0, 'E': 2000.0}
DECISION : BLOCK
------------------------------------------------------------
[SEQ 518] [IEEE-BASELINE]
SCORE    : anomaly_score=0.000
DECISION : ALLOW
------------------------------------------------------------
[SEQ 519] [LAYER 0]
CMD      : G92 E1000
TRUST    : acc_cmd=0.000 | acc_exec=1.000 | trust=0.001
DECISION : PAUSE
MACHINE  : Machine-2
------------------------------------------------------------
[SEQ 519] [STATIC-BASELINE]
CMD      : G92 | effects={'reset': {'G': 92.0, 'E': 1000.0}}
DECISION : BLOCK
------------------------------------------------------------
[SEQ 519] [IEEE-BASELINE]
SCORE    : anomaly_score=0.000
DECISION : ALLOW
------------------------------------------------------------
[SEQ 520] [LAYER 1]
CMD      : M92 E2000
TRUST    : acc_cmd=1.000 | acc_exec=1.000 | trust=0.001
DECISION : PAUSE
MACHINE  : Machine-2
------------------------------------------------------------
[SEQ 520] [STATIC-BASELINE]
CMD      : M92 | effects={'M': 92.0, 'E': 2000.0}
DECISION : BLOCK
------------------------------------------------------------
[SEQ 520] [IEEE-BASELINE]
SCORE    : anomaly_score=0.000
DECISION : ALLOW
------------------------------------------------------------
[SEQ 521] [LAYER 1]
CMD      : M221 S200
TRUST    : acc_cmd=1.000 | acc_exec=1.000 | trust=0.001
DECISION : PAUSE
MACHINE  : Machine-2
------------------------------------------------------------
[SEQ 521] [STATIC-BASELINE]
CMD      : M221 | effects={'M': 221.0, 'S': 200.0}
DECISION : BLOCK
------------------------------------------------------------
[SEQ 521] [IEEE-BASELINE]
SCORE    : anomaly_score=0.000
DECISION : ALLOW
------------------------------------------------------------
[SEQ 522] [LAYER 1]
CMD      : M92 E2000
TRUST    : acc_cmd=1.000 | acc_exec=1.000 | trust=0.001
DECISION : PAUSE
MACHINE  : Machine-2
------------------------------------------------------------
[SEQ 522] [STATIC-BASELINE]
CMD      : M92 | effects={'M': 92.0, 'E': 2000.0}
DECISION : BLOCK
------------------------------------------------------------
[SEQ 522] [IEEE-BASELINE]
SCORE    : anomaly_score=0.000
DECISION : ALLOW
------------------------------------------------------------
[SEQ 523] [LAYER 1]
CMD      : G92 E1000
TRUST    : acc_cmd=0.000 | acc_exec=1.000 | trust=0.001
DECISION : PAUSE
MACHINE  : Machine-2
------------------------------------------------------------
[SEQ 523] [STATIC-BASELINE]
CMD      : G92 | effects={'reset': {'G': 92.0, 'E': 1000.0}}
DECISION : BLOCK
------------------------------------------------------------
[SEQ 523] [IEEE-BASELINE]
SCORE    : anomaly_score=0.000
DECISION : ALLOW
------------------------------------------------------------
[SEQ 524] [LAYER 1]
CMD      : M221 S200
TRUST    : acc_cmd=1.000 | acc_exec=1.000 | trust=0.001
DECISION : PAUSE
MACHINE  : Machine-2
------------------------------------------------------------
[SEQ 524] [STATIC-BASELINE]
CMD      : M221 | effects={'M': 221.0, 'S': 200.0}
DECISION : BLOCK
------------------------------------------------------------
[SEQ 524] [IEEE-BASELINE]
SCORE    : anomaly_score=0.000
DECISION : ALLOW
------------------------------------------------------------
[SEQ 525] [LAYER 1]
CMD      : M92 E2000
TRUST    : acc_cmd=1.000 | acc_exec=1.000 | trust=0.001
DECISION : PAUSE
MACHINE  : Machine-2
------------------------------------------------------------
[SEQ 525] [STATIC-BASELINE]
CMD      : M92 | effects={'M': 92.0, 'E': 2000.0}
DECISION : BLOCK
------------------------------------------------------------
[SEQ 525] [IEEE-BASELINE]
SCORE    : anomaly_score=0.000
DECISION : ALLOW
------------------------------------------------------------
[SEQ 526] [LAYER 1]
CMD      : G92 E1000
TRUST    : acc_cmd=0.000 | acc_exec=1.000 | trust=0.001
DECISION : PAUSE
MACHINE  : Machine-2
------------------------------------------------------------
[SEQ 526] [STATIC-BASELINE]
CMD      : G92 | effects={'reset': {'G': 92.0, 'E': 1000.0}}
DECISION : BLOCK
------------------------------------------------------------
[SEQ 526] [IEEE-BASELINE]
SCORE    : anomaly_score=0.000
DECISION : ALLOW
------------------------------------------------------------
[SEQ 527] [LAYER 1]
CMD      : M221 S200
TRUST    : acc_cmd=1.000 | acc_exec=1.000 | trust=0.001
DECISION : PAUSE
MACHINE  : Machine-2
------------------------------------------------------------
[SEQ 527] [STATIC-BASELINE]
CMD      : M221 | effects={'M': 221.0, 'S': 200.0}
DECISION : BLOCK
------------------------------------------------------------
[SEQ 527] [IEEE-BASELINE]
SCORE    : anomaly_score=0.000
DECISION : ALLOW
------------------------------------------------------------
[SEQ 528] [LAYER 1]
CMD      : ;MESH:NONMESH
TRUST    : acc_cmd=0.000 | acc_exec=0.000 | trust=0.007
DECISION : PAUSE
MACHINE  : Machine-2
------------------------------------------------------------
[SEQ 528] [STATIC-BASELINE]
CMD      : None | effects={}
DECISION : ALLOW
------------------------------------------------------------
[SEQ 528] [IEEE-BASELINE]
SCORE    : anomaly_score=0.000
DECISION : ALLOW
------------------------------------------------------------
[SEQ 529] [LAYER 1]
CMD      : G92 E1000
TRUST    : acc_cmd=0.000 | acc_exec=1.000 | trust=0.005
DECISION : PAUSE
MACHINE  : Machine-2
------------------------------------------------------------
[SEQ 529] [STATIC-BASELINE]
CMD      : G92 | effects={'reset': {'G': 92.0, 'E': 1000.0}}
DECISION : BLOCK
------------------------------------------------------------
[SEQ 529] [IEEE-BASELINE]
SCORE    : anomaly_score=0.000
DECISION : ALLOW
------------------------------------------------------------
[SEQ 530] [LAYER 1]
CMD      : M221 S200
TRUST    : acc_cmd=1.000 | acc_exec=1.000 | trust=0.003
DECISION : PAUSE
MACHINE  : Machine-2
------------------------------------------------------------
[SEQ 530] [STATIC-BASELINE]
CMD      : M221 | effects={'M': 221.0, 'S': 200.0}
DECISION : BLOCK
------------------------------------------------------------
[SEQ 530] [IEEE-BASELINE]
SCORE    : anomaly_score=0.000
DECISION : ALLOW
------------------------------------------------------------
[SEQ 531] [LAYER 1]
CMD      : G92 E1000
TRUST    : acc_cmd=0.000 | acc_exec=1.000 | trust=0.002
DECISION : PAUSE
MACHINE  : Machine-2
------------------------------------------------------------
[SEQ 531] [STATIC-BASELINE]
CMD      : G92 | effects={'reset': {'G': 92.0, 'E': 1000.0}}
DECISION : BLOCK
------------------------------------------------------------
[SEQ 531] [IEEE-BASELINE]
SCORE    : anomaly_score=0.000
DECISION : ALLOW
------------------------------------------------------------
[SEQ 532] [LAYER 2]
CMD      : M221 S200
TRUST    : acc_cmd=1.000 | acc_exec=1.000 | trust=0.001
DECISION : PAUSE
MACHINE  : Machine-2
------------------------------------------------------------
[SEQ 532] [STATIC-BASELINE]
CMD      : M221 | effects={'M': 221.0, 'S': 200.0}
DECISION : BLOCK
------------------------------------------------------------
[SEQ 532] [IEEE-BASELINE]
SCORE    : anomaly_score=0.000
DECISION : ALLOW
------------------------------------------------------------
[SEQ 533] [LAYER 2]
CMD      : M221 S200
TRUST    : acc_cmd=1.000 | acc_exec=1.000 | trust=0.001
DECISION : PAUSE
MACHINE  : Machine-2
------------------------------------------------------------
[SEQ 533] [STATIC-BASELINE]
CMD      : M221 | effects={'M': 221.0, 'S': 200.0}
DECISION : BLOCK
------------------------------------------------------------
[SEQ 533] [IEEE-BASELINE]
SCORE    : anomaly_score=0.000
DECISION : ALLOW
------------------------------------------------------------
[SEQ 534] [LAYER 2]
CMD      : M221 S200
TRUST    : acc_cmd=1.000 | acc_exec=1.000 | trust=0.001
DECISION : PAUSE
MACHINE  : Machine-2
------------------------------------------------------------
[SEQ 534] [STATIC-BASELINE]
CMD      : M221 | effects={'M': 221.0, 'S': 200.0}
DECISION : BLOCK
------------------------------------------------------------
[SEQ 534] [IEEE-BASELINE]
SCORE    : anomaly_score=0.000
DECISION : ALLOW
------------------------------------------------------------
[SEQ 535] [LAYER 2]
CMD      : G92 E1000
TRUST    : acc_cmd=0.000 | acc_exec=1.000 | trust=0.001
DECISION : PAUSE
MACHINE  : Machine-2
------------------------------------------------------------
[SEQ 535] [STATIC-BASELINE]
CMD      : G92 | effects={'reset': {'G': 92.0, 'E': 1000.0}}
DECISION : BLOCK
------------------------------------------------------------
[SEQ 535] [IEEE-BASELINE]
SCORE    : anomaly_score=0.000
DECISION : ALLOW
------------------------------------------------------------
[SEQ 536] [LAYER 2]
CMD      : M92 E2000
TRUST    : acc_cmd=1.000 | acc_exec=1.000 | trust=0.001
DECISION : PAUSE
MACHINE  : Machine-2
------------------------------------------------------------
[SEQ 536] [STATIC-BASELINE]
CMD      : M92 | effects={'M': 92.0, 'E': 2000.0}
DECISION : BLOCK
------------------------------------------------------------
[SEQ 536] [IEEE-BASELINE]
SCORE    : anomaly_score=0.000
DECISION : ALLOW
------------------------------------------------------------
[SEQ 537] [LAYER 2]
CMD      : M221 S200
TRUST    : acc_cmd=1.000 | acc_exec=1.000 | trust=0.001
DECISION : PAUSE
MACHINE  : Machine-2
------------------------------------------------------------
[SEQ 537] [STATIC-BASELINE]
CMD      : M221 | effects={'M': 221.0, 'S': 200.0}
DECISION : BLOCK
------------------------------------------------------------
[SEQ 537] [IEEE-BASELINE]
SCORE    : anomaly_score=0.000
DECISION : ALLOW
------------------------------------------------------------
[SEQ 538] [LAYER 2]
CMD      : G92 E1000
TRUST    : acc_cmd=0.000 | acc_exec=1.000 | trust=0.001
DECISION : PAUSE
MACHINE  : Machine-2
------------------------------------------------------------
[SEQ 538] [STATIC-BASELINE]
CMD      : G92 | effects={'reset': {'G': 92.0, 'E': 1000.0}}
DECISION : BLOCK
------------------------------------------------------------
[SEQ 538] [IEEE-BASELINE]
SCORE    : anomaly_score=0.000
DECISION : ALLOW
------------------------------------------------------------
[SEQ 539] [LAYER 2]
CMD      : M221 S200
TRUST    : acc_cmd=1.000 | acc_exec=1.000 | trust=0.001
DECISION : PAUSE
MACHINE  : Machine-2
------------------------------------------------------------
[SEQ 539] [STATIC-BASELINE]
CMD      : M221 | effects={'M': 221.0, 'S': 200.0}
DECISION : BLOCK
------------------------------------------------------------
[SEQ 539] [IEEE-BASELINE]
SCORE    : anomaly_score=0.000
DECISION : ALLOW
------------------------------------------------------------
[SEQ 540] [LAYER 2]
CMD      : M221 S200
TRUST    : acc_cmd=1.000 | acc_exec=1.000 | trust=0.001
DECISION : PAUSE
MACHINE  : Machine-2
------------------------------------------------------------
[SEQ 540] [STATIC-BASELINE]
CMD      : M221 | effects={'M': 221.0, 'S': 200.0}
DECISION : BLOCK
------------------------------------------------------------
[SEQ 540] [IEEE-BASELINE]
SCORE    : anomaly_score=0.000
DECISION : ALLOW
------------------------------------------------------------
[SEQ 541] [LAYER 2]
CMD      : M221 S200
TRUST    : acc_cmd=1.000 | acc_exec=1.000 | trust=0.001
DECISION : PAUSE
MACHINE  : Machine-2
------------------------------------------------------------
[SEQ 541] [STATIC-BASELINE]
CMD      : M221 | effects={'M': 221.0, 'S': 200.0}
DECISION : BLOCK
------------------------------------------------------------
[SEQ 541] [IEEE-BASELINE]
SCORE    : anomaly_score=0.000
DECISION : ALLOW
------------------------------------------------------------
[SEQ 542] [LAYER 2]
CMD      : M92 E2000
TRUST    : acc_cmd=1.000 | acc_exec=1.000 | trust=0.001
DECISION : PAUSE
MACHINE  : Machine-2
------------------------------------------------------------
[SEQ 542] [STATIC-BASELINE]
CMD      : M92 | effects={'M': 92.0, 'E': 2000.0}
DECISION : BLOCK
------------------------------------------------------------
[SEQ 542] [IEEE-BASELINE]
SCORE    : anomaly_score=0.000
DECISION : ALLOW
------------------------------------------------------------
[SEQ 543] [LAYER 3]
CMD      : G92 E1000
TRUST    : acc_cmd=0.000 | acc_exec=1.000 | trust=0.001
DECISION : PAUSE
MACHINE  : Machine-2
------------------------------------------------------------
[SEQ 543] [STATIC-BASELINE]
CMD      : G92 | effects={'reset': {'G': 92.0, 'E': 1000.0}}
DECISION : BLOCK
------------------------------------------------------------
[SEQ 543] [IEEE-BASELINE]
SCORE    : anomaly_score=0.000
DECISION : ALLOW
------------------------------------------------------------
[SEQ 544] [LAYER 3]
CMD      : G92 E1000
TRUST    : acc_cmd=0.000 | acc_exec=1.000 | trust=0.001
DECISION : PAUSE
MACHINE  : Machine-2
------------------------------------------------------------
[SEQ 544] [STATIC-BASELINE]
CMD      : G92 | effects={'reset': {'G': 92.0, 'E': 1000.0}}
DECISION : BLOCK
------------------------------------------------------------
[SEQ 544] [IEEE-BASELINE]
SCORE    : anomaly_score=0.000
DECISION : ALLOW
------------------------------------------------------------
[SEQ 545] [LAYER 3]
CMD      : M92 E2000
TRUST    : acc_cmd=1.000 | acc_exec=1.000 | trust=0.001
DECISION : PAUSE
MACHINE  : Machine-2
------------------------------------------------------------
[SEQ 545] [STATIC-BASELINE]
CMD      : M92 | effects={'M': 92.0, 'E': 2000.0}
DECISION : BLOCK
------------------------------------------------------------
[SEQ 545] [IEEE-BASELINE]
SCORE    : anomaly_score=0.000
DECISION : ALLOW
------------------------------------------------------------
[SEQ 546] [LAYER 3]
CMD      : M92 E2000
TRUST    : acc_cmd=1.000 | acc_exec=1.000 | trust=0.001
DECISION : PAUSE
MACHINE  : Machine-2
------------------------------------------------------------
[SEQ 546] [STATIC-BASELINE]
CMD      : M92 | effects={'M': 92.0, 'E': 2000.0}
DECISION : BLOCK
------------------------------------------------------------
[SEQ 546] [IEEE-BASELINE]
SCORE    : anomaly_score=0.000
DECISION : ALLOW
------------------------------------------------------------
[SEQ 547] [LAYER 3]
CMD      : ;MESH:references\stl\flatplate.stl
TRUST    : acc_cmd=0.000 | acc_exec=0.000 | trust=0.007
DECISION : PAUSE
MACHINE  : Machine-2
------------------------------------------------------------
[SEQ 547] [STATIC-BASELINE]
CMD      : None | effects={}
DECISION : ALLOW
------------------------------------------------------------
[SEQ 547] [IEEE-BASELINE]
SCORE    : anomaly_score=0.000
DECISION : ALLOW
------------------------------------------------------------
[SEQ 548] [LAYER 3]
CMD      : M92 E2000
TRUST    : acc_cmd=1.000 | acc_exec=1.000 | trust=0.005
DECISION : PAUSE
MACHINE  : Machine-2
------------------------------------------------------------
[SEQ 548] [STATIC-BASELINE]
CMD      : M92 | effects={'M': 92.0, 'E': 2000.0}
DECISION : BLOCK
------------------------------------------------------------
[SEQ 548] [IEEE-BASELINE]
SCORE    : anomaly_score=0.000
DECISION : ALLOW
------------------------------------------------------------
[SEQ 549] [LAYER 3]
CMD      : G92 E1000
TRUST    : acc_cmd=0.000 | acc_exec=1.000 | trust=0.003
DECISION : PAUSE
MACHINE  : Machine-2
------------------------------------------------------------
[SEQ 549] [STATIC-BASELINE]
CMD      : G92 | effects={'reset': {'G': 92.0, 'E': 1000.0}}
DECISION : BLOCK
------------------------------------------------------------
[SEQ 549] [IEEE-BASELINE]
SCORE    : anomaly_score=0.000
DECISION : ALLOW
------------------------------------------------------------
[SEQ 550] [LAYER 3]
CMD      : M221 S200
TRUST    : acc_cmd=1.000 | acc_exec=1.000 | trust=0.002
DECISION : PAUSE
MACHINE  : Machine-2
------------------------------------------------------------
[SEQ 550] [STATIC-BASELINE]
CMD      : M221 | effects={'M': 221.0, 'S': 200.0}
DECISION : BLOCK
------------------------------------------------------------
[SEQ 550] [IEEE-BASELINE]
SCORE    : anomaly_score=0.000
DECISION : ALLOW
------------------------------------------------------------
[SEQ 551] [LAYER 3]
CMD      : G1 F1500 E5.32659
TRUST    : acc_cmd=0.000 | acc_exec=1.000 | trust=0.001
DECISION : PAUSE
MACHINE  : Machine-2
------------------------------------------------------------
[SEQ 551] [STATIC-BASELINE]
CMD      : G1 | effects={'dx': 0.0, 'dy': 0.0, 'dz': 0.0, 'de': -994.67341, 'xy_dist': 0.0, 'params': {'G': 1.0, 'F': 1500.0, 'E': 5.32659}}
DECISION : ALLOW
------------------------------------------------------------
[SEQ 551] [IEEE-BASELINE]
SCORE    : anomaly_score=0.000
DECISION : ALLOW
------------------------------------------------------------
[SEQ 552] [LAYER 3]
CMD      : ;MESH:NONMESH
TRUST    : acc_cmd=0.000 | acc_exec=0.000 | trust=0.009
DECISION : PAUSE
MACHINE  : Machine-2
------------------------------------------------------------
[SEQ 552] [STATIC-BASELINE]
CMD      : None | effects={}
DECISION : ALLOW
------------------------------------------------------------
[SEQ 552] [IEEE-BASELINE]
SCORE    : anomaly_score=0.000
DECISION : ALLOW
------------------------------------------------------------
[SEQ 553] [LAYER 3]
CMD      : M92 E2000
TRUST    : acc_cmd=1.000 | acc_exec=1.000 | trust=0.006
DECISION : PAUSE
MACHINE  : Machine-2
------------------------------------------------------------
[SEQ 553] [STATIC-BASELINE]
CMD      : M92 | effects={'M': 92.0, 'E': 2000.0}
DECISION : BLOCK
------------------------------------------------------------
[SEQ 553] [IEEE-BASELINE]
SCORE    : anomaly_score=0.000
DECISION : ALLOW
------------------------------------------------------------
[SEQ 554] [LAYER 3]
CMD      : M92 E2000
TRUST    : acc_cmd=1.000 | acc_exec=1.000 | trust=0.003
DECISION : PAUSE
MACHINE  : Machine-2
------------------------------------------------------------
[SEQ 554] [STATIC-BASELINE]
CMD      : M92 | effects={'M': 92.0, 'E': 2000.0}
DECISION : BLOCK
------------------------------------------------------------
[SEQ 554] [IEEE-BASELINE]
SCORE    : anomaly_score=0.000
DECISION : ALLOW
------------------------------------------------------------
[SEQ 555] [LAYER 3]
CMD      : M221 S200
TRUST    : acc_cmd=1.000 | acc_exec=1.000 | trust=0.002
DECISION : PAUSE
MACHINE  : Machine-2
------------------------------------------------------------
[SEQ 555] [STATIC-BASELINE]
CMD      : M221 | effects={'M': 221.0, 'S': 200.0}
DECISION : BLOCK
------------------------------------------------------------
[SEQ 555] [IEEE-BASELINE]
SCORE    : anomaly_score=0.000
DECISION : ALLOW
------------------------------------------------------------
[SEQ 556] [LAYER 4]
CMD      : ;LAYER:4
TRUST    : acc_cmd=0.000 | acc_exec=0.000 | trust=0.011
DECISION : PAUSE
MACHINE  : Machine-2
------------------------------------------------------------
[SEQ 556] [STATIC-BASELINE]
CMD      : None | effects={}
DECISION : ALLOW
------------------------------------------------------------
[SEQ 556] [IEEE-BASELINE]
SCORE    : anomaly_score=0.000
DECISION : ALLOW
------------------------------------------------------------
[SEQ 557] [LAYER 4]
CMD      : M221 S200
TRUST    : acc_cmd=1.000 | acc_exec=1.000 | trust=0.007
DECISION : PAUSE
MACHINE  : Machine-2
------------------------------------------------------------
[SEQ 557] [STATIC-BASELINE]
CMD      : M221 | effects={'M': 221.0, 'S': 200.0}
DECISION : BLOCK
------------------------------------------------------------
[SEQ 557] [IEEE-BASELINE]
SCORE    : anomaly_score=0.000
DECISION : ALLOW
------------------------------------------------------------
[SEQ 558] [LAYER 4]
CMD      : G0 F600 X0.00 Y0.00 Z1.2
TRUST    : acc_cmd=0.011 | acc_exec=0.000 | trust=0.026
DECISION : PAUSE
MACHINE  : Machine-2
------------------------------------------------------------
[SEQ 558] [STATIC-BASELINE]
CMD      : G0 | effects={'dx': -165.753, 'dy': -121.413, 'dz': 1.2, 'de': 0.0, 'xy_dist': 205.46331443350172, 'params': {'G': 0.0, 'F': 600.0, 'X': 0.0, 'Y': 0.0, 'Z': 1.2}}
DECISION : ALLOW
------------------------------------------------------------
[SEQ 558] [IEEE-BASELINE]
SCORE    : anomaly_score=0.000
DECISION : ALLOW
------------------------------------------------------------
[SEQ 559] [LAYER 4]
CMD      : M221 S200
TRUST    : acc_cmd=1.000 | acc_exec=1.000 | trust=0.014
DECISION : PAUSE
MACHINE  : Machine-2
------------------------------------------------------------
[SEQ 559] [STATIC-BASELINE]
CMD      : M221 | effects={'M': 221.0, 'S': 200.0}
DECISION : BLOCK
------------------------------------------------------------
[SEQ 559] [IEEE-BASELINE]
SCORE    : anomaly_score=0.000
DECISION : ALLOW
------------------------------------------------------------
[SEQ 560] [LAYER 4]
CMD      : G92 E1000
TRUST    : acc_cmd=0.000 | acc_exec=1.000 | trust=0.007
DECISION : PAUSE
MACHINE  : Machine-2
------------------------------------------------------------
[SEQ 560] [STATIC-BASELINE]
CMD      : G92 | effects={'reset': {'G': 92.0, 'E': 1000.0}}
DECISION : BLOCK
------------------------------------------------------------
[SEQ 560] [IEEE-BASELINE]
SCORE    : anomaly_score=0.000
DECISION : ALLOW
------------------------------------------------------------
[SEQ 561] [LAYER 4]
CMD      : M92 E2000
TRUST    : acc_cmd=1.000 | acc_exec=1.000 | trust=0.004
DECISION : PAUSE
MACHINE  : Machine-2
------------------------------------------------------------
[SEQ 561] [STATIC-BASELINE]
CMD      : M92 | effects={'M': 92.0, 'E': 2000.0}
DECISION : BLOCK
------------------------------------------------------------
[SEQ 561] [IEEE-BASELINE]
SCORE    : anomaly_score=0.000
DECISION : ALLOW
------------------------------------------------------------
[SEQ 562] [LAYER 5]
CMD      : M92 E2000
TRUST    : acc_cmd=1.000 | acc_exec=1.000 | trust=0.002
DECISION : PAUSE
MACHINE  : Machine-2
------------------------------------------------------------
[SEQ 562] [STATIC-BASELINE]
CMD      : M92 | effects={'M': 92.0, 'E': 2000.0}
DECISION : BLOCK
------------------------------------------------------------
[SEQ 562] [IEEE-BASELINE]
SCORE    : anomaly_score=0.000
DECISION : ALLOW
------------------------------------------------------------
[SEQ 563] [LAYER 5]
CMD      : G92 E1000
TRUST    : acc_cmd=0.000 | acc_exec=1.000 | trust=0.001
DECISION : PAUSE
MACHINE  : Machine-2
------------------------------------------------------------
[SEQ 563] [STATIC-BASELINE]
CMD      : G92 | effects={'reset': {'G': 92.0, 'E': 1000.0}}
DECISION : BLOCK
------------------------------------------------------------
[SEQ 563] [IEEE-BASELINE]
SCORE    : anomaly_score=0.000
DECISION : ALLOW
------------------------------------------------------------
[SEQ 564] [LAYER 5]
CMD      : G92 E1000
TRUST    : acc_cmd=0.000 | acc_exec=1.000 | trust=0.001
DECISION : PAUSE
MACHINE  : Machine-2
------------------------------------------------------------
[SEQ 564] [STATIC-BASELINE]
CMD      : G92 | effects={'reset': {'G': 92.0, 'E': 1000.0}}
DECISION : BLOCK
------------------------------------------------------------
[SEQ 564] [IEEE-BASELINE]
SCORE    : anomaly_score=0.000
DECISION : ALLOW
------------------------------------------------------------
[SEQ 565] [LAYER 5]
CMD      : M221 S200
TRUST    : acc_cmd=1.000 | acc_exec=1.000 | trust=0.001
DECISION : PAUSE
MACHINE  : Machine-2
------------------------------------------------------------
[SEQ 565] [STATIC-BASELINE]
CMD      : M221 | effects={'M': 221.0, 'S': 200.0}
DECISION : BLOCK
------------------------------------------------------------
[SEQ 565] [IEEE-BASELINE]
SCORE    : anomaly_score=0.000
DECISION : ALLOW
------------------------------------------------------------
[SEQ 566] [LAYER 5]
CMD      : M221 S200
TRUST    : acc_cmd=1.000 | acc_exec=1.000 | trust=0.001
DECISION : PAUSE
MACHINE  : Machine-2
------------------------------------------------------------
[SEQ 566] [STATIC-BASELINE]
CMD      : M221 | effects={'M': 221.0, 'S': 200.0}
DECISION : BLOCK
------------------------------------------------------------
[SEQ 566] [IEEE-BASELINE]
SCORE    : anomaly_score=0.000
DECISION : ALLOW
------------------------------------------------------------
[SEQ 567] [LAYER 5]
CMD      : G1 F1200 X164.399 Y119.29 E11.82686
TRUST    : acc_cmd=1.000 | acc_exec=1.000 | trust=0.001
DECISION : PAUSE
MACHINE  : Machine-2
------------------------------------------------------------
[SEQ 567] [STATIC-BASELINE]
CMD      : G1 | effects={'dx': 164.399, 'dy': 119.29, 'dz': 0.0, 'de': -988.17314, 'xy_dist': 203.11852525311423, 'params': {'G': 1.0, 'F': 1200.0, 'X': 164.399, 'Y': 119.29, 'E': 11.82686}}
DECISION : ALLOW
------------------------------------------------------------
[SEQ 567] [IEEE-BASELINE]
SCORE    : anomaly_score=0.000
DECISION : ALLOW
------------------------------------------------------------
[SEQ 568] [LAYER 5]
CMD      : M221 S200
TRUST    : acc_cmd=1.000 | acc_exec=1.000 | trust=0.001
DECISION : PAUSE
MACHINE  : Machine-2
------------------------------------------------------------
[SEQ 568] [STATIC-BASELINE]
CMD      : M221 | effects={'M': 221.0, 'S': 200.0}
DECISION : BLOCK
------------------------------------------------------------
[SEQ 568] [IEEE-BASELINE]
SCORE    : anomaly_score=0.000
DECISION : ALLOW
------------------------------------------------------------
[SEQ 569] [LAYER 5]
CMD      : M221 S200
TRUST    : acc_cmd=1.000 | acc_exec=1.000 | trust=0.001
DECISION : PAUSE
MACHINE  : Machine-2
------------------------------------------------------------
[SEQ 569] [STATIC-BASELINE]
CMD      : M221 | effects={'M': 221.0, 'S': 200.0}
DECISION : BLOCK
------------------------------------------------------------
[SEQ 569] [IEEE-BASELINE]
SCORE    : anomaly_score=0.000
DECISION : ALLOW
------------------------------------------------------------
[SEQ 570] [LAYER 5]
CMD      : M92 E2000
TRUST    : acc_cmd=1.000 | acc_exec=1.000 | trust=0.001
DECISION : PAUSE
MACHINE  : Machine-2
------------------------------------------------------------
[SEQ 570] [STATIC-BASELINE]
CMD      : M92 | effects={'M': 92.0, 'E': 2000.0}
DECISION : BLOCK
------------------------------------------------------------
[SEQ 570] [IEEE-BASELINE]
SCORE    : anomaly_score=0.000
DECISION : ALLOW
------------------------------------------------------------
[SEQ 571] [LAYER 5]
CMD      : M221 S200
TRUST    : acc_cmd=1.000 | acc_exec=1.000 | trust=0.001
DECISION : PAUSE
MACHINE  : Machine-2
------------------------------------------------------------
[SEQ 571] [STATIC-BASELINE]
CMD      : M221 | effects={'M': 221.0, 'S': 200.0}
DECISION : BLOCK
------------------------------------------------------------
[SEQ 571] [IEEE-BASELINE]
SCORE    : anomaly_score=0.000
DECISION : ALLOW
------------------------------------------------------------
[SEQ 572] [LAYER 5]
CMD      : M221 S200
TRUST    : acc_cmd=1.000 | acc_exec=1.000 | trust=0.001
DECISION : PAUSE
MACHINE  : Machine-2
------------------------------------------------------------
[SEQ 572] [STATIC-BASELINE]
CMD      : M221 | effects={'M': 221.0, 'S': 200.0}
DECISION : BLOCK
------------------------------------------------------------
[SEQ 572] [IEEE-BASELINE]
SCORE    : anomaly_score=0.000
DECISION : ALLOW
------------------------------------------------------------
[SEQ 573] [LAYER 5]
CMD      : M221 S200
TRUST    : acc_cmd=1.000 | acc_exec=1.000 | trust=0.001
DECISION : PAUSE
MACHINE  : Machine-2
------------------------------------------------------------
[SEQ 573] [STATIC-BASELINE]
CMD      : M221 | effects={'M': 221.0, 'S': 200.0}
DECISION : BLOCK
------------------------------------------------------------
[SEQ 573] [IEEE-BASELINE]
SCORE    : anomaly_score=0.000
DECISION : ALLOW
------------------------------------------------------------
[SEQ 574] [LAYER 6]
CMD      : M92 E2000
TRUST    : acc_cmd=1.000 | acc_exec=1.000 | trust=0.001
DECISION : PAUSE
MACHINE  : Machine-2
------------------------------------------------------------
[SEQ 574] [STATIC-BASELINE]
CMD      : M92 | effects={'M': 92.0, 'E': 2000.0}
DECISION : BLOCK
------------------------------------------------------------
[SEQ 574] [IEEE-BASELINE]
SCORE    : anomaly_score=0.000
DECISION : ALLOW
------------------------------------------------------------
[SEQ 575] [LAYER 6]
CMD      : ;note -- min layer time used
TRUST    : acc_cmd=0.000 | acc_exec=0.000 | trust=0.007
DECISION : PAUSE
MACHINE  : Machine-2
------------------------------------------------------------
[SEQ 575] [STATIC-BASELINE]
CMD      : None | effects={}
DECISION : ALLOW
------------------------------------------------------------
[SEQ 575] [IEEE-BASELINE]
SCORE    : anomaly_score=0.000
DECISION : ALLOW
------------------------------------------------------------
[SEQ 576] [LAYER 6]
CMD      : M92 E2000
TRUST    : acc_cmd=1.000 | acc_exec=1.000 | trust=0.005
DECISION : PAUSE
MACHINE  : Machine-2
------------------------------------------------------------
[SEQ 576] [STATIC-BASELINE]
CMD      : M92 | effects={'M': 92.0, 'E': 2000.0}
DECISION : BLOCK
------------------------------------------------------------
[SEQ 576] [IEEE-BASELINE]
SCORE    : anomaly_score=0.000
DECISION : ALLOW
------------------------------------------------------------
[SEQ 577] [LAYER 6]
CMD      : M221 S200
TRUST    : acc_cmd=1.000 | acc_exec=1.000 | trust=0.003
DECISION : PAUSE
MACHINE  : Machine-2
------------------------------------------------------------
[SEQ 577] [STATIC-BASELINE]
CMD      : M221 | effects={'M': 221.0, 'S': 200.0}
DECISION : BLOCK
------------------------------------------------------------
[SEQ 577] [IEEE-BASELINE]
SCORE    : anomaly_score=0.000
DECISION : ALLOW
------------------------------------------------------------
[SEQ 578] [LAYER 6]
CMD      : G92 E1000
TRUST    : acc_cmd=0.000 | acc_exec=1.000 | trust=0.002
DECISION : PAUSE
MACHINE  : Machine-2
------------------------------------------------------------
[SEQ 578] [STATIC-BASELINE]
CMD      : G92 | effects={'reset': {'G': 92.0, 'E': 1000.0}}
DECISION : BLOCK
------------------------------------------------------------
[SEQ 578] [IEEE-BASELINE]
SCORE    : anomaly_score=0.000
DECISION : ALLOW
------------------------------------------------------------
[SEQ 579] [LAYER 6]
CMD      : G92 E1000
TRUST    : acc_cmd=0.000 | acc_exec=1.000 | trust=0.001
DECISION : PAUSE
MACHINE  : Machine-2
------------------------------------------------------------
[SEQ 579] [STATIC-BASELINE]
CMD      : G92 | effects={'reset': {'G': 92.0, 'E': 1000.0}}
DECISION : BLOCK
------------------------------------------------------------
[SEQ 579] [IEEE-BASELINE]
SCORE    : anomaly_score=0.000
DECISION : ALLOW
------------------------------------------------------------
[SEQ 580] [LAYER 6]
CMD      : G92 E1000
TRUST    : acc_cmd=0.000 | acc_exec=1.000 | trust=0.001
DECISION : PAUSE
MACHINE  : Machine-2
------------------------------------------------------------
[SEQ 580] [STATIC-BASELINE]
CMD      : G92 | effects={'reset': {'G': 92.0, 'E': 1000.0}}
DECISION : BLOCK
------------------------------------------------------------
[SEQ 580] [IEEE-BASELINE]
SCORE    : anomaly_score=0.000
DECISION : ALLOW
------------------------------------------------------------
[SEQ 581] [LAYER 6]
CMD      : G92 E1000
TRUST    : acc_cmd=0.000 | acc_exec=1.000 | trust=0.001
DECISION : PAUSE
MACHINE  : Machine-2
------------------------------------------------------------
[SEQ 581] [STATIC-BASELINE]
CMD      : G92 | effects={'reset': {'G': 92.0, 'E': 1000.0}}
DECISION : BLOCK
------------------------------------------------------------
[SEQ 581] [IEEE-BASELINE]
SCORE    : anomaly_score=0.000
DECISION : ALLOW
------------------------------------------------------------
[SEQ 582] [LAYER 6]
CMD      : G92 E1000
TRUST    : acc_cmd=0.000 | acc_exec=1.000 | trust=0.001
DECISION : PAUSE
MACHINE  : Machine-2
------------------------------------------------------------
[SEQ 582] [STATIC-BASELINE]
CMD      : G92 | effects={'reset': {'G': 92.0, 'E': 1000.0}}
DECISION : BLOCK
------------------------------------------------------------
[SEQ 582] [IEEE-BASELINE]
SCORE    : anomaly_score=0.000
DECISION : ALLOW
------------------------------------------------------------
[SEQ 583] [LAYER 6]
CMD      : G0 F7200 X164.401 Y119.115
TRUST    : acc_cmd=0.000 | acc_exec=0.000 | trust=0.007
DECISION : PAUSE
MACHINE  : Machine-2
------------------------------------------------------------
[SEQ 583] [STATIC-BASELINE]
CMD      : G0 | effects={'dx': 0.0020000000000095497, 'dy': -0.17500000000001137, 'dz': 0.0, 'de': 0.0, 'xy_dist': 0.17501142819828658, 'params': {'G': 0.0, 'F': 7200.0, 'X': 164.401, 'Y': 119.115}}
DECISION : ALLOW
------------------------------------------------------------
[SEQ 583] [IEEE-BASELINE]
SCORE    : anomaly_score=0.000
DECISION : ALLOW
------------------------------------------------------------
[SEQ 584] [LAYER 6]
CMD      : M221 S200
TRUST    : acc_cmd=1.000 | acc_exec=1.000 | trust=0.005
DECISION : PAUSE
MACHINE  : Machine-2
------------------------------------------------------------
[SEQ 584] [STATIC-BASELINE]
CMD      : M221 | effects={'M': 221.0, 'S': 200.0}
DECISION : BLOCK
------------------------------------------------------------
[SEQ 584] [IEEE-BASELINE]
SCORE    : anomaly_score=0.000
DECISION : ALLOW
------------------------------------------------------------
[SEQ 585] [LAYER 7]
CMD      : G92 E1000
TRUST    : acc_cmd=0.000 | acc_exec=1.000 | trust=0.003
DECISION : PAUSE
MACHINE  : Machine-2
------------------------------------------------------------
[SEQ 585] [STATIC-BASELINE]
CMD      : G92 | effects={'reset': {'G': 92.0, 'E': 1000.0}}
DECISION : BLOCK
------------------------------------------------------------
[SEQ 585] [IEEE-BASELINE]
SCORE    : anomaly_score=0.000
DECISION : ALLOW
------------------------------------------------------------
[SEQ 586] [LAYER 7]
CMD      : G92 E1000
TRUST    : acc_cmd=0.000 | acc_exec=1.000 | trust=0.002
DECISION : PAUSE
MACHINE  : Machine-2
------------------------------------------------------------
[SEQ 586] [STATIC-BASELINE]
CMD      : G92 | effects={'reset': {'G': 92.0, 'E': 1000.0}}
DECISION : BLOCK
------------------------------------------------------------
[SEQ 586] [IEEE-BASELINE]
SCORE    : anomaly_score=0.000
DECISION : ALLOW
------------------------------------------------------------
[SEQ 587] [LAYER 7]
CMD      : M104 S210
TRUST    : acc_cmd=0.000 | acc_exec=0.000 | trust=0.011
DECISION : PAUSE
MACHINE  : Machine-2
------------------------------------------------------------
[SEQ 587] [STATIC-BASELINE]
CMD      : M104 | effects={'M': 104.0, 'S': 210.0, 'prev_temp': None}
DECISION : ALLOW
------------------------------------------------------------
[SEQ 587] [IEEE-BASELINE]
SCORE    : anomaly_score=0.000
DECISION : ALLOW
------------------------------------------------------------
[SEQ 588] [LAYER 7]
CMD      : G92 E1000
TRUST    : acc_cmd=0.000 | acc_exec=1.000 | trust=0.007
DECISION : PAUSE
MACHINE  : Machine-2
------------------------------------------------------------
[SEQ 588] [STATIC-BASELINE]
CMD      : G92 | effects={'reset': {'G': 92.0, 'E': 1000.0}}
DECISION : BLOCK
------------------------------------------------------------
[SEQ 588] [IEEE-BASELINE]
SCORE    : anomaly_score=0.000
DECISION : ALLOW
------------------------------------------------------------
[SEQ 589] [LAYER 7]
CMD      : M92 E2000
TRUST    : acc_cmd=1.000 | acc_exec=1.000 | trust=0.004
DECISION : PAUSE
MACHINE  : Machine-2
------------------------------------------------------------
[SEQ 589] [STATIC-BASELINE]
CMD      : M92 | effects={'M': 92.0, 'E': 2000.0}
DECISION : BLOCK
------------------------------------------------------------
[SEQ 589] [IEEE-BASELINE]
SCORE    : anomaly_score=0.000
DECISION : ALLOW
------------------------------------------------------------
[SEQ 590] [LAYER 7]
CMD      : M92 E2000
TRUST    : acc_cmd=1.000 | acc_exec=1.000 | trust=0.002
DECISION : PAUSE
MACHINE  : Machine-2
------------------------------------------------------------
[SEQ 590] [STATIC-BASELINE]
CMD      : M92 | effects={'M': 92.0, 'E': 2000.0}
DECISION : BLOCK
------------------------------------------------------------
[SEQ 590] [IEEE-BASELINE]
SCORE    : anomaly_score=0.000
DECISION : ALLOW
------------------------------------------------------------
[SEQ 591] [LAYER 7]
CMD      : M92 E2000
TRUST    : acc_cmd=1.000 | acc_exec=1.000 | trust=0.001
DECISION : PAUSE
MACHINE  : Machine-2
------------------------------------------------------------
[SEQ 591] [STATIC-BASELINE]
CMD      : M92 | effects={'M': 92.0, 'E': 2000.0}
DECISION : BLOCK
------------------------------------------------------------
[SEQ 591] [IEEE-BASELINE]
SCORE    : anomaly_score=0.000
DECISION : ALLOW
------------------------------------------------------------
[SEQ 592] [LAYER 7]
CMD      : M92 E2000
TRUST    : acc_cmd=1.000 | acc_exec=1.000 | trust=0.001
DECISION : PAUSE
MACHINE  : Machine-2
------------------------------------------------------------
[SEQ 592] [STATIC-BASELINE]
CMD      : M92 | effects={'M': 92.0, 'E': 2000.0}
DECISION : BLOCK
------------------------------------------------------------
[SEQ 592] [IEEE-BASELINE]
SCORE    : anomaly_score=0.000
DECISION : ALLOW
------------------------------------------------------------
[SEQ 593] [LAYER 7]
CMD      : M92 E2000
TRUST    : acc_cmd=1.000 | acc_exec=1.000 | trust=0.001
DECISION : PAUSE
MACHINE  : Machine-2
------------------------------------------------------------
[SEQ 593] [STATIC-BASELINE]
CMD      : M92 | effects={'M': 92.0, 'E': 2000.0}
DECISION : BLOCK
------------------------------------------------------------
[SEQ 593] [IEEE-BASELINE]
SCORE    : anomaly_score=0.000
DECISION : ALLOW
------------------------------------------------------------
[SEQ 594] [LAYER 7]
CMD      : G92 E1000
TRUST    : acc_cmd=0.000 | acc_exec=1.000 | trust=0.001
DECISION : PAUSE
MACHINE  : Machine-2
------------------------------------------------------------
[SEQ 594] [STATIC-BASELINE]
CMD      : G92 | effects={'reset': {'G': 92.0, 'E': 1000.0}}
DECISION : BLOCK
------------------------------------------------------------
[SEQ 594] [IEEE-BASELINE]
SCORE    : anomaly_score=0.000
DECISION : ALLOW
------------------------------------------------------------
[SEQ 595] [LAYER 7]
CMD      : M92 E2000
TRUST    : acc_cmd=1.000 | acc_exec=1.000 | trust=0.001
DECISION : PAUSE
MACHINE  : Machine-2
------------------------------------------------------------
[SEQ 595] [STATIC-BASELINE]
CMD      : M92 | effects={'M': 92.0, 'E': 2000.0}
DECISION : BLOCK
------------------------------------------------------------
[SEQ 595] [IEEE-BASELINE]
SCORE    : anomaly_score=0.000
DECISION : ALLOW
------------------------------------------------------------
[SEQ 596] [LAYER 7]
CMD      : M221 S200
TRUST    : acc_cmd=1.000 | acc_exec=1.000 | trust=0.001
DECISION : PAUSE
MACHINE  : Machine-2
------------------------------------------------------------
[SEQ 596] [STATIC-BASELINE]
CMD      : M221 | effects={'M': 221.0, 'S': 200.0}
DECISION : BLOCK
------------------------------------------------------------
[SEQ 596] [IEEE-BASELINE]
SCORE    : anomaly_score=0.000
DECISION : ALLOW
------------------------------------------------------------
[SEQ 597] [LAYER 7]
CMD      : G92 E1000
TRUST    : acc_cmd=0.000 | acc_exec=1.000 | trust=0.001
DECISION : PAUSE
MACHINE  : Machine-2
------------------------------------------------------------
[SEQ 597] [STATIC-BASELINE]
CMD      : G92 | effects={'reset': {'G': 92.0, 'E': 1000.0}}
DECISION : BLOCK
------------------------------------------------------------
[SEQ 597] [IEEE-BASELINE]
SCORE    : anomaly_score=0.000
DECISION : ALLOW
------------------------------------------------------------
[SEQ 598] [LAYER 7]
CMD      : M92 E2000
TRUST    : acc_cmd=1.000 | acc_exec=1.000 | trust=0.001
DECISION : PAUSE
MACHINE  : Machine-2
------------------------------------------------------------
[SEQ 598] [STATIC-BASELINE]
CMD      : M92 | effects={'M': 92.0, 'E': 2000.0}
DECISION : BLOCK
------------------------------------------------------------
[SEQ 598] [IEEE-BASELINE]
SCORE    : anomaly_score=0.000
DECISION : ALLOW
------------------------------------------------------------
[SEQ 599] [LAYER 8]
CMD      : G92 E1000
TRUST    : acc_cmd=0.000 | acc_exec=1.000 | trust=0.001
DECISION : PAUSE
MACHINE  : Machine-2
------------------------------------------------------------
[SEQ 599] [STATIC-BASELINE]
CMD      : G92 | effects={'reset': {'G': 92.0, 'E': 1000.0}}
DECISION : BLOCK
------------------------------------------------------------
[SEQ 599] [IEEE-BASELINE]
SCORE    : anomaly_score=0.000
DECISION : ALLOW
------------------------------------------------------------
[SEQ 600] [LAYER 8]
CMD      : M221 S200
TRUST    : acc_cmd=1.000 | acc_exec=1.000 | trust=0.001
DECISION : PAUSE
MACHINE  : Machine-2
------------------------------------------------------------
[SEQ 600] [STATIC-BASELINE]
CMD      : M221 | effects={'M': 221.0, 'S': 200.0}
DECISION : BLOCK
------------------------------------------------------------
[SEQ 600] [IEEE-BASELINE]
SCORE    : anomaly_score=0.000
DECISION : ALLOW
------------------------------------------------------------
[SEQ 601] [LAYER 8]
CMD      : M92 E2000
TRUST    : acc_cmd=1.000 | acc_exec=1.000 | trust=0.001
DECISION : PAUSE
MACHINE  : Machine-2
------------------------------------------------------------
[SEQ 601] [STATIC-BASELINE]
CMD      : M92 | effects={'M': 92.0, 'E': 2000.0}
DECISION : BLOCK
------------------------------------------------------------
[SEQ 601] [IEEE-BASELINE]
SCORE    : anomaly_score=0.000
DECISION : ALLOW
------------------------------------------------------------
[SEQ 602] [LAYER 8]
CMD      : M92 E2000
TRUST    : acc_cmd=1.000 | acc_exec=1.000 | trust=0.001
DECISION : PAUSE
MACHINE  : Machine-2
------------------------------------------------------------
[SEQ 602] [STATIC-BASELINE]
CMD      : M92 | effects={'M': 92.0, 'E': 2000.0}
DECISION : BLOCK
------------------------------------------------------------
[SEQ 602] [IEEE-BASELINE]
SCORE    : anomaly_score=0.000
DECISION : ALLOW
------------------------------------------------------------
[SEQ 603] [LAYER 8]
CMD      : M221 S200
TRUST    : acc_cmd=1.000 | acc_exec=1.000 | trust=0.001
DECISION : PAUSE
MACHINE  : Machine-2
------------------------------------------------------------
[SEQ 603] [STATIC-BASELINE]
CMD      : M221 | effects={'M': 221.0, 'S': 200.0}
DECISION : BLOCK
------------------------------------------------------------
[SEQ 603] [IEEE-BASELINE]
SCORE    : anomaly_score=0.000
DECISION : ALLOW
------------------------------------------------------------
[SEQ 604] [LAYER 8]
CMD      : G92 E1000
TRUST    : acc_cmd=0.000 | acc_exec=1.000 | trust=0.001
DECISION : PAUSE
MACHINE  : Machine-2
------------------------------------------------------------
[SEQ 604] [STATIC-BASELINE]
CMD      : G92 | effects={'reset': {'G': 92.0, 'E': 1000.0}}
DECISION : BLOCK
------------------------------------------------------------
[SEQ 604] [IEEE-BASELINE]
SCORE    : anomaly_score=0.000
DECISION : ALLOW
------------------------------------------------------------
[SEQ 605] [LAYER 8]
CMD      : M221 S200
TRUST    : acc_cmd=1.000 | acc_exec=1.000 | trust=0.001
DECISION : PAUSE
MACHINE  : Machine-2
------------------------------------------------------------
[SEQ 605] [STATIC-BASELINE]
CMD      : M221 | effects={'M': 221.0, 'S': 200.0}
DECISION : BLOCK
------------------------------------------------------------
[SEQ 605] [IEEE-BASELINE]
SCORE    : anomaly_score=0.000
DECISION : ALLOW
------------------------------------------------------------
[SEQ 606] [LAYER 8]
CMD      : G92 E1000
TRUST    : acc_cmd=0.000 | acc_exec=1.000 | trust=0.001
DECISION : PAUSE
MACHINE  : Machine-2
------------------------------------------------------------
[SEQ 606] [STATIC-BASELINE]
CMD      : G92 | effects={'reset': {'G': 92.0, 'E': 1000.0}}
DECISION : BLOCK
------------------------------------------------------------
[SEQ 606] [IEEE-BASELINE]
SCORE    : anomaly_score=0.000
DECISION : ALLOW
------------------------------------------------------------
[SEQ 607] [LAYER 8]
CMD      : M221 S200
TRUST    : acc_cmd=1.000 | acc_exec=1.000 | trust=0.001
DECISION : PAUSE
MACHINE  : Machine-2
------------------------------------------------------------
[SEQ 607] [STATIC-BASELINE]
CMD      : M221 | effects={'M': 221.0, 'S': 200.0}
DECISION : BLOCK
------------------------------------------------------------
[SEQ 607] [IEEE-BASELINE]
SCORE    : anomaly_score=0.000
DECISION : ALLOW
------------------------------------------------------------

============================================================
DT-2 FINISHED
FINAL TRUST: 0.001
END TIME  : 2026-04-16 21:20:13.474612
============================================================
