seq,acc_cmd,acc_exec,trust,decision
0,0.000000,0.000000,0.900000,ALLOW
1,0.000000,0.000000,0.960000,ALLOW
2,0.000000,0.000000,0.984000,ALLOW
3,0.000000,0.000000,0.993600,ALLOW
4,0.000000,0.000000,0.997440,ALLOW
5,0.000000,0.000000,0.998976,ALLOW
6,0.000000,0.000000,0.999590,ALLOW
7,0.000000,0.000000,0.999836,ALLOW
8,0.000000,0.000000,0.999934,ALLOW
9,0.000000,0.000000,0.999974,ALLOW
10,0.000000,0.000000,0.999990,ALLOW
11,0.000000,0.000000,0.999996,ALLOW
12,0.000000,0.000000,0.999998,ALLOW
13,0.000000,0.000000,0.999999,ALLOW
14,0.000000,1.000000,0.429872,PAUSE
15,0.000000,0.000000,0.271128,PAUSE
16,0.000000,0.000000,0.312209,PAUSE
17,0.000000,0.000000,0.438738,PAUSE
18,0.000000,0.000000,0.582217,ALLOW
19,0.000000,0.000000,0.708046,ALLOW
20,0.000000,0.000000,0.804850,ALLOW
21,0.000000,0.000000,0.873609,ALLOW
22,0.000000,0.000000,0.919960,ALLOW
23,0.000000,1.000000,0.396967,PAUSE
24,0.000000,0.000000,0.256183,PAUSE
25,0.000000,0.000000,0.304025,PAUSE
26,0.000000,0.000000,0.433422,PAUSE
27,0.000000,0.000000,0.578500,ALLOW
28,0.000000,0.000000,0.705443,ALLOW
29,0.000000,0.000000,0.803074,ALLOW
30,0.000000,0.000000,0.872432,ALLOW
31,0.000000,0.000000,0.919199,ALLOW
32,0.000000,0.000000,0.949634,ALLOW
33,0.000000,0.000000,0.968960,ALLOW
34,0.000000,0.000000,0.981024,ALLOW
35,0.000000,0.000000,0.988465,ALLOW
36,0.000000,0.000000,0.993016,ALLOW
37,0.000000,0.000000,0.995783,ALLOW
38,0.000000,0.000000,0.997459,ALLOW
39,0.000000,0.000000,0.998471,ALLOW
40,0.000000,0.000000,0.999081,ALLOW
41,0.000000,0.000000,0.999448,ALLOW
42,1.000000,1.000000,0.429646,PAUSE
43,0.000000,0.000000,0.271027,PAUSE
44,0.000000,0.000000,0.312154,PAUSE
45,0.000000,0.000000,0.438704,PAUSE
46,0.000000,0.000000,0.582194,ALLOW
47,0.000000,0.000000,0.708030,ALLOW
48,0.000000,0.000000,0.804839,ALLOW
49,0.000000,0.000000,0.873602,ALLOW
50,0.000000,1.000000,0.377845,PAUSE
51,0.000000,1.000000,0.155929,PAUSE
52,0.000000,0.000000,0.095447,PAUSE
53,0.000000,0.000000,0.143609,PAUSE
54,0.000000,0.000000,0.268811,PAUSE
55,0.000000,0.000000,0.428361,PAUSE
56,0.000000,0.000000,0.583471,ALLOW
57,1.000000,1.000000,0.257233,PAUSE
58,0.000000,0.000000,0.189529,PAUSE
59,0.000000,0.000000,0.263691,PAUSE
60,0.000000,0.000000,0.404419,PAUSE
61,0.000000,0.000000,0.556782,ALLOW
62,0.000000,0.000000,0.689618,ALLOW
63,0.000000,0.000000,0.792023,ALLOW
64,0.000000,0.000000,0.865009,ALLOW
65,0.000000,0.000000,0.914364,ALLOW
66,0.000000,0.000000,0.946557,ALLOW
67,0.000000,0.000000,0.967035,ALLOW
68,0.000000,0.000000,0.979834,ALLOW
69,0.000000,0.000000,0.987736,ALLOW
70,0.000000,0.000000,0.992572,ALLOW
71,0.000000,0.000000,0.995514,ALLOW
72,0.000000,0.000000,0.997296,ALLOW
73,0.000000,0.000000,0.998373,ALLOW
74,0.000000,0.000000,0.999022,ALLOW
75,0.000000,0.000000,0.999412,ALLOW
76,0.000000,0.000000,0.999647,ALLOW
77,0.000000,0.000000,0.999788,ALLOW
78,0.000000,0.000000,0.999873,ALLOW
79,0.000000,0.000000,0.999924,ALLOW
80,0.000000,0.000000,0.999954,ALLOW
81,0.000000,0.000000,0.999972,ALLOW
82,0.000000,0.000000,0.999983,ALLOW
83,0.000000,0.000000,0.999990,ALLOW
84,0.000000,0.000000,0.999994,ALLOW
85,0.000000,0.000000,0.999996,ALLOW
86,0.000000,0.000000,0.999998,ALLOW
87,0.000000,0.000000,0.999999,ALLOW
88,0.000000,0.000000,0.999999,ALLOW
89,0.000000,0.000000,1.000000,ALLOW
90,0.000000,0.000000,1.000000,ALLOW
91,0.000000,0.000000,1.000000,ALLOW
92,0.000000,0.000000,1.000000,ALLOW
93,0.000000,0.000000,1.000000,ALLOW
94,1.000000,1.000000,0.429872,PAUSE
95,0.000000,0.000000,0.271128,PAUSE
96,0.000000,0.000000,0.312209,PAUSE
97,0.000000,0.000000,0.438738,PAUSE
98,0.000000,0.000000,0.582217,ALLOW
99,0.000000,0.000000,0.708046,ALLOW
100,0.000000,0.000000,0.804850,ALLOW
101,0.000000,0.000000,0.873609,ALLOW
102,0.000000,0.000000,0.919960,ALLOW
103,0.000000,0.000000,0.950116,ALLOW
104,0.000000,0.000000,0.969260,ALLOW
105,0.000000,0.000000,0.981209,ALLOW
106,0.000000,0.000000,0.988578,ALLOW
107,0.000000,0.000000,0.993085,ALLOW
108,0.000000,0.000000,0.995825,ALLOW
109,0.000000,0.000000,0.997484,ALLOW
110,0.000000,0.000000,0.998486,ALLOW
111,0.000000,0.000000,0.999090,ALLOW
112,0.000000,0.000000,0.999453,ALLOW
113,0.000000,0.000000,0.999672,ALLOW
114,0.000000,0.000000,0.999803,ALLOW
115,0.000000,0.000000,0.999882,ALLOW
116,0.000000,0.000000,0.999929,ALLOW
117,0.000000,0.000000,0.999957,ALLOW
118,0.000000,0.000000,0.999974,ALLOW
119,0.000000,0.000000,0.999985,ALLOW
120,0.000000,0.000000,0.999991,ALLOW
121,1.000000,1.000000,0.429868,PAUSE
122,0.000000,0.000000,0.271127,PAUSE
123,0.000000,0.000000,0.312208,PAUSE
124,0.000000,0.000000,0.438737,PAUSE
125,0.000000,0.000000,0.582217,ALLOW
126,0.000000,0.000000,0.708046,ALLOW
127,0.000000,0.000000,0.804850,ALLOW
128,0.000000,0.000000,0.873609,ALLOW
129,0.000000,0.000000,0.919960,ALLOW
130,0.000000,0.000000,0.950115,ALLOW
131,0.000000,0.000000,0.969260,ALLOW
132,0.000000,0.000000,0.981209,ALLOW
133,0.000000,0.000000,0.988578,ALLOW
134,0.000000,0.000000,0.993085,ALLOW
135,0.000000,0.000000,0.995825,ALLOW
136,0.000000,0.000000,0.997484,ALLOW
137,0.000000,0.000000,0.998486,ALLOW
138,0.000000,0.000000,0.999090,ALLOW
139,0.000000,0.000000,0.999453,ALLOW
140,0.000000,0.000000,0.999672,ALLOW
141,0.000000,0.000000,0.999803,ALLOW
142,0.000000,0.000000,0.999882,ALLOW
143,0.000000,0.000000,0.999929,ALLOW
144,0.000000,0.000000,0.999957,ALLOW
145,0.000000,0.000000,0.999974,ALLOW
146,0.000000,0.000000,0.999985,ALLOW
147,0.000000,0.000000,0.999991,ALLOW
148,0.000000,0.000000,0.999994,ALLOW
149,0.000000,0.000000,0.999997,ALLOW
150,0.000000,0.000000,0.999998,ALLOW
151,0.000000,0.000000,0.999999,ALLOW
152,0.000000,0.000000,0.999999,ALLOW
153,0.000000,0.000000,1.000000,ALLOW
154,0.000000,0.000000,1.000000,ALLOW
155,0.000000,0.000000,1.000000,ALLOW
156,1.000000,1.000000,0.429872,PAUSE
157,0.000000,0.000000,0.271128,PAUSE
158,0.000000,0.000000,0.312209,PAUSE
159,0.000000,0.000000,0.438738,PAUSE
160,0.000000,0.000000,0.582217,ALLOW
161,0.000000,0.000000,0.708046,ALLOW
162,0.000000,0.000000,0.804850,ALLOW
163,0.000000,0.000000,0.873609,ALLOW
164,0.000000,0.000000,0.919960,ALLOW
165,0.000000,0.000000,0.950116,ALLOW
166,0.000000,0.000000,0.969260,ALLOW
167,0.000000,0.000000,0.981209,ALLOW
168,0.000000,0.000000,0.988578,ALLOW
169,0.000000,0.000000,0.993085,ALLOW
170,0.000000,0.000000,0.995825,ALLOW
171,0.000000,0.000000,0.997484,ALLOW
172,0.000000,0.000000,0.998486,ALLOW
173,0.000000,0.000000,0.999090,ALLOW
174,0.000000,0.000000,0.999453,ALLOW
175,0.000000,0.000000,0.999672,ALLOW
176,0.000000,0.000000,0.999803,ALLOW
177,0.000000,0.000000,0.999882,ALLOW
178,0.000000,0.000000,0.999929,ALLOW
179,0.000000,0.000000,0.999957,ALLOW
180,0.000000,0.000000,0.999974,ALLOW
181,0.000000,0.000000,0.999985,ALLOW
182,0.000000,0.000000,0.999991,ALLOW
183,0.000000,0.000000,0.999994,ALLOW
184,1.000000,1.000000,0.429870,PAUSE
185,0.000000,0.000000,0.271127,PAUSE
186,0.000000,0.000000,0.312208,PAUSE
187,0.000000,0.000000,0.438738,PAUSE
188,0.000000,0.000000,0.582217,ALLOW
189,0.000000,0.000000,0.708046,ALLOW
190,1.000000,1.000000,0.309189,PAUSE
191,0.000000,0.000000,0.214866,PAUSE
192,0.000000,0.000000,0.279691,PAUSE
193,0.000000,0.000000,0.416384,PAUSE
194,0.000000,0.000000,0.565964,ALLOW
195,0.000000,0.000000,0.696401,ALLOW
196,0.000000,0.000000,0.796797,ALLOW
197,0.000000,0.000000,0.868231,ALLOW
198,0.000000,0.000000,0.916469,ALLOW
199,0.000000,0.000000,0.947899,ALLOW
200,0.000000,0.000000,0.967875,ALLOW
201,0.000000,0.000000,0.980354,ALLOW
202,0.000000,0.000000,0.988054,ALLOW
203,0.000000,0.000000,0.992766,ALLOW
204,0.000000,0.000000,0.995632,ALLOW
205,0.000000,0.000000,0.997368,ALLOW
206,1.000000,1.000000,0.428793,PAUSE
207,0.000000,0.000000,0.270644,PAUSE
208,0.000000,0.000000,0.311950,PAUSE
209,0.000000,0.000000,0.438574,PAUSE
210,0.000000,0.000000,0.582105,ALLOW
211,0.000000,0.000000,0.707968,ALLOW
212,0.000000,0.000000,0.804797,ALLOW
213,0.000000,0.000000,0.873575,ALLOW
214,0.000000,0.000000,0.919937,ALLOW
215,0.000000,0.000000,0.950101,ALLOW
216,0.000000,0.000000,0.969252,ALLOW
217,1.000000,1.000000,0.417249,PAUSE
218,0.000000,0.000000,0.265433,PAUSE
219,0.000000,0.000000,0.309134,PAUSE
220,0.000000,0.000000,0.436771,PAUSE
221,0.000000,0.000000,0.580857,ALLOW
222,0.000000,0.000000,0.707100,ALLOW
223,0.000000,0.000000,0.804207,ALLOW
224,0.000000,1.000000,0.349140,PAUSE
225,0.000000,1.000000,0.144350,PAUSE
226,0.000000,0.000000,0.090414,PAUSE
227,0.000000,0.000000,0.140826,PAUSE
228,0.000000,0.000000,0.266772,PAUSE
229,0.000000,0.000000,0.426701,PAUSE
230,0.000000,0.000000,0.582156,ALLOW
231,0.000000,0.000000,0.711346,ALLOW
232,0.000000,0.000000,0.808356,ALLOW
233,0.000000,0.000000,0.876398,ALLOW
234,0.000000,0.000000,0.921935,ALLOW
235,0.000000,0.000000,0.951432,ALLOW
236,0.000000,0.000000,0.970106,ALLOW
237,0.000000,0.000000,0.981741,ALLOW
238,0.000000,0.000000,0.988907,ALLOW
239,0.000000,0.000000,0.993287,ALLOW
240,0.000000,1.000000,0.427119,PAUSE
241,0.000000,0.000000,0.269891,PAUSE
242,0.000000,1.000000,0.118093,PAUSE
243,0.000000,0.000000,0.099091,PAUSE
244,0.000000,0.000000,0.177717,PAUSE
245,1.000000,1.000000,0.083459,PAUSE
246,0.000000,0.000000,0.091827,PAUSE
247,0.000000,0.000000,0.185085,PAUSE
248,0.000000,0.000000,0.333477,PAUSE
249,0.000000,0.000000,0.496206,PAUSE
250,0.000000,0.000000,0.642164,ALLOW
251,0.000000,0.000000,0.757480,ALLOW
252,0.000000,0.000000,0.841215,ALLOW
253,0.000000,0.000000,0.898618,ALLOW
254,0.000000,0.000000,0.936431,ALLOW
255,0.000000,0.000000,0.960654,ALLOW
256,0.000000,0.000000,0.975872,ALLOW
257,0.000000,1.000000,0.419970,PAUSE
258,0.000000,1.000000,0.172901,PAUSE
259,0.000000,0.000000,0.102739,PAUSE
260,0.000000,0.000000,0.147485,PAUSE
261,0.000000,0.000000,0.271514,PAUSE
262,0.000000,0.000000,0.430490,PAUSE
263,0.000000,0.000000,0.585130,ALLOW
264,0.000000,1.000000,0.257925,PAUSE
265,0.000000,1.000000,0.107486,PAUSE
266,0.000000,0.000000,0.074064,PAUSE
267,0.000000,0.000000,0.131171,PAUSE
268,0.000000,0.000000,0.259128,PAUSE
269,0.000000,0.000000,0.420181,PAUSE
270,0.000000,0.000000,0.576871,ALLOW
271,0.000000,0.000000,0.707361,ALLOW
272,0.000000,0.000000,0.805533,ALLOW
273,0.000000,0.000000,0.874490,ALLOW
274,0.000000,0.000000,0.920689,ALLOW
275,0.000000,0.000000,0.950638,ALLOW
276,1.000000,1.000000,0.409597,PAUSE
277,0.000000,1.000000,0.168724,PAUSE
278,0.000000,1.000000,0.069156,PAUSE
279,1.000000,1.000000,0.028536,PAUSE
280,0.000000,0.000000,0.023330,PAUSE
281,1.000000,1.000000,0.012177,PAUSE
282,0.000000,0.000000,0.029063,PAUSE
283,0.000000,0.000000,0.099017,PAUSE
284,0.000000,1.000000,0.049010,PAUSE
285,0.000000,1.000000,0.022072,PAUSE
286,0.000000,0.000000,0.031044,PAUSE
287,0.000000,0.000000,0.095452,PAUSE
288,0.000000,0.000000,0.221334,PAUSE
289,0.000000,0.000000,0.382941,PAUSE
290,0.000000,0.000000,0.544585,ALLOW
291,0.000000,0.000000,0.682176,ALLOW
292,0.000000,0.000000,0.787345,ALLOW
293,0.000000,0.000000,0.862053,ALLOW
294,0.000000,0.000000,0.912507,ALLOW
295,0.000000,0.000000,0.945400,ALLOW
296,1.000000,1.000000,0.407443,PAUSE
297,0.000000,0.000000,0.260977,PAUSE
298,0.000000,0.000000,0.306692,PAUSE
299,0.000000,0.000000,0.435183,PAUSE
300,0.000000,0.000000,0.579746,ALLOW
301,0.000000,1.000000,0.255518,PAUSE
302,0.000000,1.000000,0.106496,PAUSE
303,0.000000,0.000000,0.073549,PAUSE
304,0.000000,0.000000,0.130732,PAUSE
305,0.000000,0.000000,0.258668,PAUSE
306,0.000000,0.000000,0.419735,PAUSE
307,0.000000,0.000000,0.576489,ALLOW
308,0.000000,0.000000,0.707067,ALLOW
309,0.000000,0.000000,0.805322,ALLOW
310,0.000000,0.000000,0.874346,ALLOW
311,0.000000,0.000000,0.920594,ALLOW
312,0.000000,0.000000,0.950577,ALLOW
313,0.000000,0.000000,0.969572,ALLOW
314,0.000000,0.000000,0.981410,ALLOW
315,0.000000,0.000000,0.988705,ALLOW
316,0.000000,0.000000,0.993163,ALLOW
317,1.000000,1.000000,0.427068,PAUSE
318,0.000000,0.000000,0.269868,PAUSE
319,0.000000,0.000000,0.311534,PAUSE
320,1.000000,1.000000,0.140232,PAUSE
321,0.000000,0.000000,0.123303,PAUSE
322,0.000000,0.000000,0.210654,PAUSE
323,0.000000,0.000000,0.357093,PAUSE
324,0.000000,0.000000,0.516773,ALLOW
325,0.000000,0.000000,0.658501,ALLOW
326,0.000000,0.000000,0.769486,ALLOW
327,0.000000,0.000000,0.849539,ALLOW
328,0.000000,0.000000,0.904151,ALLOW
329,0.000000,0.000000,0.940000,ALLOW
330,0.000000,0.000000,0.962908,ALLOW
331,0.000000,0.000000,0.977274,ALLOW
332,0.000000,0.000000,0.986163,ALLOW
333,0.000000,0.000000,0.991613,ALLOW
334,0.000000,0.000000,0.994932,ALLOW
335,0.000000,0.000000,0.996944,ALLOW
336,0.000000,0.000000,0.998161,ALLOW
337,0.000000,0.000000,0.998894,ALLOW
338,0.000000,0.000000,0.999335,ALLOW
339,0.000000,0.000000,0.999601,ALLOW
340,0.000000,1.000000,0.429709,PAUSE
341,0.000000,1.000000,0.176821,PAUSE
342,0.000000,1.000000,0.072405,PAUSE
343,0.000000,0.000000,0.046580,PAUSE
344,0.000000,0.000000,0.090880,PAUSE
345,1.000000,1.000000,0.044740,PAUSE
346,0.000000,0.000000,0.064184,PAUSE
347,0.000000,0.000000,0.154659,PAUSE
348,0.000000,0.000000,0.300416,PAUSE
349,0.000000,0.000000,0.465160,PAUSE
350,0.000000,0.000000,0.616538,ALLOW
351,0.000000,0.000000,0.738234,ALLOW
352,0.000000,0.000000,0.827693,ALLOW
353,0.000000,0.000000,0.889552,ALLOW
354,0.000000,0.000000,0.930549,ALLOW
355,0.000000,0.000000,0.956926,ALLOW
356,0.000000,0.000000,0.973547,ALLOW
357,0.000000,0.000000,0.983868,ALLOW
358,1.000000,1.000000,0.423253,PAUSE
359,0.000000,0.000000,0.268149,PAUSE
360,0.000000,0.000000,0.310608,PAUSE
361,0.000000,0.000000,0.437720,PAUSE
362,0.000000,0.000000,0.581516,ALLOW
363,0.000000,0.000000,0.707559,ALLOW
364,0.000000,0.000000,0.804520,ALLOW
365,0.000000,0.000000,0.873391,ALLOW
366,0.000000,0.000000,0.919819,ALLOW
367,0.000000,0.000000,0.950026,ALLOW
368,0.000000,0.000000,0.969205,ALLOW
369,0.000000,1.000000,0.417230,PAUSE
370,0.000000,1.000000,0.171798,PAUSE
371,0.000000,0.000000,0.102268,PAUSE
372,0.000000,0.000000,0.147240,PAUSE
373,1.000000,1.000000,0.069473,PAUSE
374,0.000000,0.000000,0.080986,PAUSE
375,0.000000,0.000000,0.172609,PAUSE
376,0.000000,0.000000,0.319849,PAUSE
377,0.000000,0.000000,0.483458,PAUSE
378,0.000000,0.000000,0.631690,ALLOW
379,0.000000,0.000000,0.749642,ALLOW
380,0.000000,0.000000,0.835724,ALLOW
381,0.000000,0.000000,0.894943,ALLOW
382,0.000000,0.000000,0.934050,ALLOW
383,0.000000,0.000000,0.959147,ALLOW
384,0.000000,0.000000,0.974933,ALLOW
385,0.000000,0.000000,0.984722,ALLOW
386,0.000000,0.000000,0.990733,ALLOW
387,0.000000,0.000000,0.994397,ALLOW
388,1.000000,1.000000,0.427575,PAUSE
389,0.000000,0.000000,0.270096,PAUSE
390,0.000000,0.000000,0.311657,PAUSE
391,0.000000,0.000000,0.438388,PAUSE
392,0.000000,0.000000,0.581977,ALLOW
393,0.000000,0.000000,0.707880,ALLOW
394,0.000000,0.000000,0.804737,ALLOW
395,0.000000,0.000000,0.873535,ALLOW
396,0.000000,0.000000,0.919912,ALLOW
397,0.000000,0.000000,0.950085,ALLOW
398,0.000000,0.000000,0.969242,ALLOW
399,0.000000,0.000000,0.981198,ALLOW
400,0.000000,0.000000,0.988571,ALLOW
401,0.000000,0.000000,0.993081,ALLOW
402,0.000000,0.000000,0.995822,ALLOW
403,0.000000,0.000000,0.997483,ALLOW
404,0.000000,0.000000,0.998485,ALLOW
405,0.000000,0.000000,0.999089,ALLOW
406,1.000000,1.000000,0.429499,PAUSE
407,0.000000,0.000000,0.270961,PAUSE
408,0.000000,0.000000,0.312119,PAUSE
409,0.000000,0.000000,0.438682,PAUSE
410,0.000000,0.000000,0.582178,ALLOW
411,0.000000,0.000000,0.708019,ALLOW
412,0.000000,0.000000,0.804832,ALLOW
413,0.000000,0.000000,0.873597,ALLOW
414,0.000000,0.000000,0.919952,ALLOW
415,0.000000,0.000000,0.950111,ALLOW
416,0.000000,0.000000,0.969257,ALLOW
417,0.000000,0.000000,0.981207,ALLOW
418,0.000000,0.000000,0.988577,ALLOW
419,0.000000,0.000000,0.993084,ALLOW
420,1.000000,1.000000,0.427036,PAUSE
421,0.000000,0.000000,0.269854,PAUSE
422,0.000000,0.000000,0.311526,PAUSE
423,0.000000,0.000000,0.438306,PAUSE
424,0.000000,0.000000,0.581920,ALLOW
425,0.000000,0.000000,0.707840,ALLOW
426,0.000000,0.000000,0.804711,ALLOW
427,0.000000,0.000000,0.873517,ALLOW
428,0.000000,0.000000,0.919900,ALLOW
429,0.000000,0.000000,0.950078,ALLOW
430,0.000000,0.000000,0.969237,ALLOW
431,0.000000,0.000000,0.981195,ALLOW
432,0.000000,0.000000,0.988569,ALLOW
433,0.000000,0.000000,0.993080,ALLOW
434,0.000000,0.000000,0.995822,ALLOW
435,0.000000,0.000000,0.997482,ALLOW
436,1.000000,1.000000,0.428840,PAUSE
437,0.000000,0.000000,0.270665,PAUSE
438,0.000000,0.000000,0.311961,PAUSE
439,0.000000,0.000000,0.438582,PAUSE
440,0.000000,0.000000,0.582110,ALLOW
441,1.000000,1.000000,0.256499,PAUSE
442,0.000000,0.000000,0.188821,PAUSE
443,0.000000,0.000000,0.262869,PAUSE
444,0.000000,1.000000,0.120005,PAUSE
445,0.000000,1.000000,0.051250,PAUSE
446,0.000000,0.000000,0.046693,PAUSE
447,0.000000,0.000000,0.110336,PAUSE
448,0.000000,0.000000,0.238476,PAUSE
449,0.000000,0.000000,0.400461,PAUSE
450,0.000000,0.000000,0.560037,ALLOW
451,0.000000,0.000000,0.694343,ALLOW
452,1.000000,1.000000,0.303549,PAUSE
453,0.000000,0.000000,0.212275,PAUSE
454,0.000000,0.000000,0.278227,PAUSE
455,0.000000,0.000000,0.415396,PAUSE
456,1.000000,1.000000,0.186028,PAUSE
457,0.000000,0.000000,0.152067,PAUSE
458,0.000000,0.000000,0.236767,PAUSE
459,0.000000,0.000000,0.382102,PAUSE
460,1.000000,1.000000,0.172048,PAUSE
461,0.000000,0.000000,0.144911,PAUSE
462,0.000000,0.000000,0.231770,PAUSE
463,0.000000,0.000000,0.378006,PAUSE
464,0.000000,0.000000,0.535299,ALLOW
465,0.000000,0.000000,0.673238,ALLOW
466,0.000000,0.000000,0.780288,ALLOW
467,0.000000,0.000000,0.857006,ALLOW
468,0.000000,0.000000,0.909102,ALLOW
469,0.000000,0.000000,0.943187,ALLOW
470,0.000000,0.000000,0.964918,ALLOW
471,0.000000,0.000000,0.978522,ALLOW
472,0.000000,0.000000,0.986931,ALLOW
473,0.000000,0.000000,0.992081,ALLOW
474,1.000000,1.000000,0.426624,PAUSE
475,0.000000,0.000000,0.269669,PAUSE
476,0.000000,0.000000,0.311427,PAUSE
477,0.000000,0.000000,0.438243,PAUSE
478,1.000000,1.000000,0.195539,PAUSE
479,0.000000,0.000000,0.156743,PAUSE
480,0.000000,0.000000,0.239819,PAUSE
481,0.000000,0.000000,0.384479,PAUSE
482,0.000000,0.000000,0.540510,ALLOW
483,0.000000,0.000000,0.677200,ALLOW
484,0.000000,0.000000,0.783126,ALLOW
485,0.000000,0.000000,0.858943,ALLOW
486,0.000000,0.000000,0.910376,ALLOW
487,0.000000,0.000000,0.944004,ALLOW
488,0.000000,0.000000,0.965431,ALLOW
489,0.000000,0.000000,0.978840,ALLOW
490,0.000000,0.000000,0.987126,ALLOW
491,0.000000,0.000000,0.992200,ALLOW
492,1.000000,1.000000,0.426673,PAUSE
493,0.000000,0.000000,0.269691,PAUSE
494,0.000000,0.000000,0.311439,PAUSE
495,0.000000,0.000000,0.438250,PAUSE
496,0.000000,0.000000,0.581882,ALLOW
497,0.000000,0.000000,0.707814,ALLOW
498,0.000000,1.000000,0.309093,PAUSE
499,0.000000,1.000000,0.128177,PAUSE
500,0.000000,0.000000,0.083295,PAUSE
501,0.000000,0.000000,0.136725,PAUSE
502,0.000000,0.000000,0.263615,PAUSE
503,0.000000,0.000000,0.424052,PAUSE
504,0.000000,0.000000,0.580026,ALLOW
505,0.000000,0.000000,0.709747,ALLOW
506,1.000000,1.000000,0.309954,PAUSE
507,0.000000,0.000000,0.215350,PAUSE
508,0.000000,0.000000,0.280111,PAUSE
509,0.000000,0.000000,0.416766,PAUSE
510,0.000000,0.000000,0.566285,ALLOW
511,0.000000,0.000000,0.696648,ALLOW
512,0.000000,0.000000,0.796974,ALLOW
513,0.000000,0.000000,0.868352,ALLOW
514,0.000000,0.000000,0.916548,ALLOW
515,0.000000,0.000000,0.947949,ALLOW
516,0.000000,0.000000,0.967907,ALLOW
517,0.000000,0.000000,0.980374,ALLOW
518,0.000000,0.000000,0.988067,ALLOW
519,0.000000,0.000000,0.992774,ALLOW
520,0.000000,0.000000,0.995636,ALLOW
521,1.000000,1.000000,0.428083,PAUSE
522,0.000000,0.000000,0.270325,PAUSE
523,0.000000,0.000000,0.311779,PAUSE
524,0.000000,1.000000,0.140333,PAUSE
525,0.000000,1.000000,0.059480,PAUSE
526,0.000000,0.000000,0.050462,PAUSE
527,0.000000,0.000000,0.112841,PAUSE
528,0.000000,0.000000,0.240743,PAUSE
529,0.000000,0.000000,0.402558,PAUSE
530,0.000000,0.000000,0.561812,ALLOW
531,0.000000,0.000000,0.695712,ALLOW
532,0.000000,0.000000,0.797164,ALLOW
533,0.000000,0.000000,0.868787,ALLOW
534,0.000000,0.000000,0.916945,ALLOW
535,0.000000,0.000000,0.948245,ALLOW
536,0.000000,0.000000,0.968108,ALLOW
537,0.000000,0.000000,0.980504,ALLOW
538,1.000000,1.000000,0.421872,PAUSE
539,0.000000,0.000000,0.267526,PAUSE
540,0.000000,0.000000,0.310271,PAUSE
541,0.000000,0.000000,0.437504,PAUSE
542,1.000000,1.000000,0.195233,PAUSE
543,0.000000,0.000000,0.156595,PAUSE
544,0.000000,0.000000,0.239726,PAUSE
545,0.000000,0.000000,0.384409,PAUSE
546,0.000000,0.000000,0.540455,ALLOW
547,0.000000,0.000000,0.677159,ALLOW
548,0.000000,0.000000,0.783097,ALLOW
549,0.000000,0.000000,0.858923,ALLOW
550,0.000000,0.000000,0.910363,ALLOW
551,0.000000,0.000000,0.943995,ALLOW
552,0.000000,0.000000,0.965426,ALLOW
553,0.000000,0.000000,0.978837,ALLOW
554,0.000000,0.000000,0.987124,ALLOW
555,0.000000,0.000000,0.992199,ALLOW
556,0.000000,0.000000,0.995288,ALLOW
557,0.000000,0.000000,0.997160,ALLOW
558,0.000000,0.000000,0.998290,ALLOW
559,0.000000,0.000000,0.998972,ALLOW
560,0.000000,0.000000,0.999382,ALLOW
561,0.000000,0.000000,0.999629,ALLOW
562,0.000000,0.000000,0.999777,ALLOW
563,0.000000,0.000000,0.999866,ALLOW
564,0.000000,0.000000,0.999920,ALLOW
565,1.000000,1.000000,0.429839,PAUSE
566,0.000000,1.000000,0.176874,PAUSE
567,0.000000,1.000000,0.072426,PAUSE
568,0.000000,0.000000,0.046589,PAUSE
569,0.000000,0.000000,0.090885,PAUSE
570,0.000000,0.000000,0.204839,PAUSE
571,0.000000,0.000000,0.361961,PAUSE
572,0.000000,0.000000,0.524605,ALLOW
573,0.000000,0.000000,0.665887,ALLOW
574,0.000000,0.000000,0.775293,ALLOW
575,0.000000,1.000000,0.337180,PAUSE
576,0.000000,1.000000,0.139526,PAUSE
577,0.000000,0.000000,0.088315,PAUSE
578,0.000000,0.000000,0.139660,PAUSE
579,0.000000,0.000000,0.265911,PAUSE
580,1.000000,1.000000,0.122278,PAUSE
581,0.000000,0.000000,0.116882,PAUSE
582,0.000000,0.000000,0.209178,PAUSE
583,0.000000,0.000000,0.357609,PAUSE
584,0.000000,0.000000,0.517889,ALLOW
585,0.000000,0.000000,0.659606,ALLOW
586,0.000000,0.000000,0.770371,ALLOW
587,1.000000,1.000000,0.335134,PAUSE
588,0.000000,0.000000,0.227367,PAUSE
589,0.000000,0.000000,0.287385,PAUSE
590,0.000000,0.000000,0.421995,PAUSE
591,0.000000,0.000000,0.570199,ALLOW
592,0.000000,0.000000,0.699499,ALLOW
593,0.000000,0.000000,0.798964,ALLOW
594,0.000000,0.000000,0.869688,ALLOW
595,0.000000,0.000000,0.917418,ALLOW
596,0.000000,0.000000,0.948503,ALLOW
597,0.000000,0.000000,0.968254,ALLOW
598,0.000000,0.000000,0.980588,ALLOW
599,0.000000,1.000000,0.421906,PAUSE
600,0.000000,1.000000,0.173680,PAUSE
601,0.000000,0.000000,0.103071,PAUSE
602,0.000000,0.000000,0.147657,PAUSE
603,0.000000,0.000000,0.271629,PAUSE
604,0.000000,0.000000,0.430579,PAUSE
605,0.000000,0.000000,0.585198,ALLOW
606,0.000000,0.000000,0.713602,ALLOW
607,0.000000,0.000000,0.809942,ALLOW
608,0.000000,0.000000,0.877465,ALLOW
609,0.000000,0.000000,0.922630,ALLOW
610,0.000000,0.000000,0.951874,ALLOW
611,0.000000,0.000000,0.970383,ALLOW
612,0.000000,0.000000,0.981911,ALLOW
613,0.000000,0.000000,0.989012,ALLOW
614,0.000000,0.000000,0.993350,ALLOW
615,0.000000,0.000000,0.995986,ALLOW
616,0.000000,0.000000,0.997582,ALLOW
617,0.000000,0.000000,0.998545,ALLOW
618,0.000000,0.000000,0.999125,ALLOW
619,0.000000,0.000000,0.999475,ALLOW
620,0.000000,0.000000,0.999684,ALLOW
621,0.000000,0.000000,0.999811,ALLOW
622,1.000000,1.000000,0.429795,PAUSE
623,0.000000,0.000000,0.271093,PAUSE
624,0.000000,0.000000,0.312190,PAUSE
625,0.000000,0.000000,0.438726,PAUSE
626,0.000000,0.000000,0.582209,ALLOW
627,1.000000,1.000000,0.256540,PAUSE
628,0.000000,0.000000,0.188841,PAUSE
629,0.000000,0.000000,0.262881,PAUSE
630,0.000000,0.000000,0.403584,PAUSE
631,0.000000,0.000000,0.556043,ALLOW
632,0.000000,0.000000,0.689034,ALLOW
633,0.000000,0.000000,0.791599,ALLOW
634,0.000000,0.000000,0.864718,ALLOW
635,0.000000,0.000000,0.914172,ALLOW
636,0.000000,0.000000,0.946433,ALLOW
637,0.000000,0.000000,0.966957,ALLOW
638,0.000000,0.000000,0.979786,ALLOW
639,0.000000,0.000000,0.987706,ALLOW
640,0.000000,0.000000,0.992554,ALLOW
641,0.000000,0.000000,0.995503,ALLOW
642,0.000000,0.000000,0.997290,ALLOW
643,0.000000,0.000000,0.998369,ALLOW
644,0.000000,0.000000,0.999019,ALLOW
645,0.000000,0.000000,0.999411,ALLOW
646,0.000000,0.000000,0.999646,ALLOW
647,0.000000,0.000000,0.999788,ALLOW
648,0.000000,0.000000,0.999872,ALLOW
649,0.000000,0.000000,0.999923,ALLOW
650,1.000000,1.000000,0.429841,PAUSE
651,0.000000,0.000000,0.271114,PAUSE
652,0.000000,0.000000,0.312201,PAUSE
653,0.000000,0.000000,0.438733,PAUSE
654,0.000000,0.000000,0.582214,ALLOW
655,0.000000,0.000000,0.708044,ALLOW
656,0.000000,0.000000,0.804848,ALLOW
657,1.000000,1.000000,0.349405,PAUSE
658,0.000000,0.000000,0.234068,PAUSE
659,0.000000,0.000000,0.291316,PAUSE
660,0.000000,0.000000,0.424739,PAUSE
661,0.000000,0.000000,0.572215,ALLOW
662,1.000000,1.000000,0.252389,PAUSE
663,0.000000,0.000000,0.186843,PAUSE
664,1.000000,1.000000,0.084043,PAUSE
665,0.000000,0.000000,0.082878,PAUSE
666,0.000000,0.000000,0.167045,PAUSE
667,0.000000,0.000000,0.310778,PAUSE
668,0.000000,0.000000,0.473975,PAUSE
669,0.000000,0.000000,0.623552,ALLOW
670,1.000000,1.000000,0.274016,PAUSE
671,0.000000,0.000000,0.197867,PAUSE
672,0.000000,0.000000,0.269133,PAUSE
673,0.000000,0.000000,0.408603,PAUSE
674,0.000000,0.000000,0.560045,ALLOW
675,1.000000,1.000000,0.247320,PAUSE
676,0.000000,0.000000,0.184375,PAUSE
677,0.000000,0.000000,0.260078,PAUSE
678,0.000000,0.000000,0.401490,PAUSE
679,0.000000,0.000000,0.554433,ALLOW
680,0.000000,0.000000,0.687843,ALLOW
681,0.000000,0.000000,0.790758,ALLOW
682,1.000000,1.000000,0.343579,PAUSE
683,0.000000,0.000000,0.231345,PAUSE
684,0.000000,0.000000,0.289733,PAUSE
685,1.000000,1.000000,0.131215,PAUSE
686,0.000000,0.000000,0.118929,PAUSE
687,0.000000,0.000000,0.207797,PAUSE
688,0.000000,0.000000,0.354824,PAUSE
689,0.000000,0.000000,0.514939,ALLOW
690,0.000000,0.000000,0.657096,ALLOW
691,1.000000,1.000000,0.288012,PAUSE
692,0.000000,0.000000,0.204707,PAUSE
693,0.000000,0.000000,0.273467,PAUSE
694,0.000000,0.000000,0.411853,PAUSE
695,0.000000,0.000000,0.562542,ALLOW
696,0.000000,0.000000,0.693895,ALLOW
697,0.000000,0.000000,0.795042,ALLOW
698,0.000000,0.000000,0.867050,ALLOW
699,0.000000,0.000000,0.915699,ALLOW
700,0.000000,0.000000,0.947408,ALLOW
701,0.000000,0.000000,0.967568,ALLOW
702,0.000000,0.000000,0.980164,ALLOW
703,0.000000,0.000000,0.987938,ALLOW
704,0.000000,0.000000,0.992695,ALLOW
705,1.000000,1.000000,0.426876,PAUSE
706,0.000000,0.000000,0.269782,PAUSE
707,0.000000,0.000000,0.311488,PAUSE
708,1.000000,1.000000,0.140213,PAUSE
709,0.000000,0.000000,0.123294,PAUSE
710,0.000000,0.000000,0.210648,PAUSE
711,1.000000,1.000000,0.097843,PAUSE
712,0.000000,0.000000,0.100948,PAUSE
713,0.000000,0.000000,0.193805,PAUSE
714,0.000000,0.000000,0.342250,PAUSE
715,1.000000,1.000000,0.155184,PAUSE
716,0.000000,0.000000,0.135948,PAUSE
717,0.000000,0.000000,0.225128,PAUSE
718,0.000000,0.000000,0.372328,PAUSE
719,0.000000,0.000000,0.530581,ALLOW
720,0.000000,0.000000,0.669594,ALLOW
721,1.000000,1.000000,0.293220,PAUSE
722,0.000000,0.000000,0.207234,PAUSE
723,0.000000,0.000000,0.275047,PAUSE
724,0.000000,0.000000,0.413024,PAUSE
725,0.000000,0.000000,0.563436,ALLOW
726,0.000000,0.000000,0.694554,ALLOW
727,0.000000,0.000000,0.795504,ALLOW
728,0.000000,0.000000,0.867361,ALLOW
729,0.000000,0.000000,0.915902,ALLOW
730,0.000000,0.000000,0.947538,ALLOW
731,0.000000,0.000000,0.967649,ALLOW
732,0.000000,0.000000,0.980214,ALLOW
733,0.000000,0.000000,0.987969,ALLOW
734,0.000000,0.000000,0.992714,ALLOW
735,0.000000,0.000000,0.995600,ALLOW
736,0.000000,0.000000,0.997349,ALLOW
737,0.000000,0.000000,0.998404,ALLOW
738,0.000000,0.000000,0.999041,ALLOW
739,0.000000,0.000000,0.999424,ALLOW
740,0.000000,0.000000,0.999654,ALLOW
741,0.000000,0.000000,0.999792,ALLOW
742,1.000000,1.000000,0.429787,PAUSE
743,0.000000,0.000000,0.271090,PAUSE
744,0.000000,0.000000,0.312188,PAUSE
745,0.000000,0.000000,0.438725,PAUSE
746,0.000000,0.000000,0.582208,ALLOW
747,0.000000,0.000000,0.708040,ALLOW
748,0.000000,0.000000,0.804846,ALLOW
749,0.000000,0.000000,0.873607,ALLOW
750,0.000000,0.000000,0.919958,ALLOW
751,0.000000,0.000000,0.950114,ALLOW
752,0.000000,0.000000,0.969260,ALLOW
753,0.000000,0.000000,0.981209,ALLOW
754,0.000000,0.000000,0.988578,ALLOW
755,0.000000,0.000000,0.993085,ALLOW
756,0.000000,0.000000,0.995825,ALLOW
757,0.000000,0.000000,0.997484,ALLOW
758,0.000000,0.000000,0.998486,ALLOW
759,0.000000,1.000000,0.429252,PAUSE
760,1.000000,1.000000,0.176637,PAUSE
761,0.000000,1.000000,0.072331,PAUSE
762,0.000000,0.000000,0.046549,PAUSE
763,0.000000,0.000000,0.090865,PAUSE
764,0.000000,0.000000,0.204825,PAUSE
765,0.000000,0.000000,0.361949,PAUSE
766,1.000000,1.000000,0.163690,PAUSE
767,0.000000,0.000000,0.140859,PAUSE
768,0.000000,0.000000,0.229176,PAUSE
769,0.000000,0.000000,0.376009,PAUSE
770,0.000000,0.000000,0.533724,ALLOW
771,0.000000,0.000000,0.672051,ALLOW
772,0.000000,0.000000,0.779442,ALLOW
773,0.000000,0.000000,0.856430,ALLOW
774,0.000000,0.000000,0.908723,ALLOW
775,0.000000,0.000000,0.942945,ALLOW
776,0.000000,0.000000,0.964765,ALLOW
777,0.000000,0.000000,0.978427,ALLOW
778,0.000000,0.000000,0.986873,ALLOW
779,0.000000,0.000000,0.992046,ALLOW
780,0.000000,0.000000,0.995195,ALLOW
781,0.000000,0.000000,0.997103,ALLOW
782,0.000000,0.000000,0.998256,ALLOW
783,0.000000,0.000000,0.998952,ALLOW
784,1.000000,1.000000,0.429442,PAUSE
785,0.000000,0.000000,0.270935,PAUSE
786,0.000000,0.000000,0.312106,PAUSE
787,0.000000,0.000000,0.438673,PAUSE
788,0.000000,0.000000,0.582173,ALLOW
789,1.000000,1.000000,0.256525,PAUSE
790,1.000000,1.000000,0.106903,PAUSE
791,0.000000,0.000000,0.073729,PAUSE
792,0.000000,0.000000,0.130837,PAUSE
793,0.000000,0.000000,0.258751,PAUSE
794,0.000000,0.000000,0.419806,PAUSE
795,0.000000,0.000000,0.576547,ALLOW
796,1.000000,1.000000,0.254342,PAUSE
797,0.000000,0.000000,0.188107,PAUSE
798,1.000000,1.000000,0.084579,PAUSE
799,0.000000,0.000000,0.083192,PAUSE
800,0.000000,0.000000,0.167333,PAUSE
801,0.000000,0.000000,0.311070,PAUSE
802,0.000000,0.000000,0.474244,PAUSE
803,0.000000,0.000000,0.623773,ALLOW
804,0.000000,0.000000,0.743591,ALLOW
805,0.000000,0.000000,0.831435,ALLOW
806,0.000000,0.000000,0.892054,ALLOW
807,0.000000,0.000000,0.932170,ALLOW
808,0.000000,0.000000,0.957954,ALLOW
809,0.000000,0.000000,0.974188,ALLOW
810,1.000000,1.000000,0.419278,PAUSE
811,0.000000,0.000000,0.266353,PAUSE
812,0.000000,0.000000,0.309635,PAUSE
813,0.000000,0.000000,0.437095,PAUSE
814,0.000000,0.000000,0.581082,ALLOW
815,0.000000,0.000000,0.707257,ALLOW
816,0.000000,0.000000,0.804314,ALLOW
817,0.000000,0.000000,0.873255,ALLOW
818,0.000000,0.000000,0.919731,ALLOW
819,0.000000,0.000000,0.949971,ALLOW
820,0.000000,0.000000,0.969170,ALLOW
821,0.000000,0.000000,0.981154,ALLOW
822,0.000000,0.000000,0.988544,ALLOW
823,0.000000,0.000000,0.993064,ALLOW
824,0.000000,0.000000,0.995813,ALLOW
825,0.000000,0.000000,0.997477,ALLOW
826,0.000000,0.000000,0.998482,ALLOW
827,0.000000,1.000000,0.429250,PAUSE
828,0.000000,1.000000,0.176636,PAUSE
829,1.000000,1.000000,0.072331,PAUSE
830,0.000000,0.000000,0.046549,PAUSE
831,0.000000,0.000000,0.090864,PAUSE
832,0.000000,0.000000,0.204825,PAUSE
833,0.000000,0.000000,0.361949,PAUSE
834,0.000000,0.000000,0.524595,ALLOW
835,0.000000,0.000000,0.665880,ALLOW
836,0.000000,0.000000,0.775288,ALLOW
837,0.000000,0.000000,0.853689,ALLOW
838,0.000000,0.000000,0.906953,ALLOW
839,0.000000,0.000000,0.941823,ALLOW
840,0.000000,0.000000,0.964065,ALLOW
841,0.000000,0.000000,0.977995,ALLOW
842,0.000000,0.000000,0.986608,ALLOW
843,0.000000,0.000000,0.991885,ALLOW
844,1.000000,1.000000,0.426544,PAUSE
845,0.000000,0.000000,0.269632,PAUSE
846,0.000000,0.000000,0.311408,PAUSE
847,0.000000,0.000000,0.438230,PAUSE
848,0.000000,0.000000,0.581868,ALLOW
849,0.000000,0.000000,0.707804,ALLOW
850,0.000000,0.000000,0.804686,ALLOW
851,0.000000,0.000000,0.873501,ALLOW
852,0.000000,0.000000,0.919890,ALLOW
853,0.000000,0.000000,0.950071,ALLOW
854,0.000000,0.000000,0.969233,ALLOW
855,0.000000,0.000000,0.981192,ALLOW
856,0.000000,0.000000,0.988568,ALLOW
857,0.000000,0.000000,0.993079,ALLOW
858,0.000000,0.000000,0.995821,ALLOW
859,0.000000,0.000000,0.997482,ALLOW
860,0.000000,0.000000,0.998485,ALLOW
861,0.000000,0.000000,0.999089,ALLOW
862,0.000000,0.000000,0.999453,ALLOW
863,0.000000,0.000000,0.999671,ALLOW
864,0.000000,0.000000,0.999803,ALLOW
865,0.000000,0.000000,0.999882,ALLOW
866,0.000000,0.000000,0.999929,ALLOW
867,0.000000,0.000000,0.999957,ALLOW
868,0.000000,0.000000,0.999974,ALLOW
869,0.000000,0.000000,0.999985,ALLOW
870,0.000000,0.000000,0.999991,ALLOW
871,0.000000,0.000000,0.999994,ALLOW
872,0.000000,0.000000,0.999997,ALLOW
873,0.000000,0.000000,0.999998,ALLOW
874,0.000000,0.000000,0.999999,ALLOW
875,0.000000,0.000000,0.999999,ALLOW
876,0.000000,0.000000,1.000000,ALLOW
877,0.000000,0.000000,1.000000,ALLOW
878,0.000000,1.000000,0.429872,PAUSE
879,0.000000,0.000000,0.271128,PAUSE
880,0.000000,1.000000,0.118596,PAUSE
881,0.000000,0.000000,0.099318,PAUSE
882,0.000000,0.000000,0.177848,PAUSE
883,0.000000,0.000000,0.319691,PAUSE
884,0.000000,1.000000,0.145481,PAUSE
885,0.000000,0.000000,0.130409,PAUSE
886,0.000000,1.000000,0.060550,PAUSE
887,1.000000,1.000000,0.026524,PAUSE
888,0.000000,0.000000,0.031929,PAUSE
889,0.000000,0.000000,0.093778,PAUSE
890,0.000000,0.000000,0.217968,PAUSE
891,0.000000,0.000000,0.378987,PAUSE
892,0.000000,0.000000,0.540919,ALLOW
893,0.000000,0.000000,0.679225,ALLOW
894,0.000000,0.000000,0.785176,ALLOW
895,0.000000,1.000000,0.341278,PAUSE
896,0.000000,1.000000,0.141180,PAUSE
897,0.000000,0.000000,0.089039,PAUSE
898,0.000000,0.000000,0.140070,PAUSE
899,1.000000,1.000000,0.066493,PAUSE
900,0.000000,0.000000,0.079454,PAUSE
901,0.000000,0.000000,0.171457,PAUSE
902,0.000000,0.000000,0.318809,PAUSE
903,0.000000,0.000000,0.482550,PAUSE
904,0.000000,0.000000,0.630962,ALLOW
905,0.000000,0.000000,0.749103,ALLOW
906,0.000000,0.000000,0.835348,ALLOW
907,1.000000,1.000000,0.362047,PAUSE
908,0.000000,0.000000,0.240033,PAUSE
909,0.000000,0.000000,0.294843,PAUSE
910,0.000000,0.000000,0.427215,PAUSE
911,0.000000,0.000000,0.574039,ALLOW
912,0.000000,0.000000,0.702269,ALLOW
913,0.000000,0.000000,0.800887,ALLOW
914,0.000000,0.000000,0.870975,ALLOW
915,0.000000,0.000000,0.918255,ALLOW
916,0.000000,0.000000,0.949035,ALLOW
917,0.000000,0.000000,0.968586,ALLOW
918,0.000000,0.000000,0.980793,ALLOW
919,0.000000,0.000000,0.988324,ALLOW
920,0.000000,0.000000,0.992930,ALLOW
921,0.000000,0.000000,0.995731,ALLOW
922,0.000000,0.000000,0.997428,ALLOW
923,0.000000,0.000000,0.998452,ALLOW
924,0.000000,0.000000,0.999069,ALLOW
925,0.000000,0.000000,0.999441,ALLOW
926,0.000000,0.000000,0.999664,ALLOW
927,0.000000,0.000000,0.999798,ALLOW
928,0.000000,0.000000,0.999879,ALLOW
929,0.000000,0.000000,0.999927,ALLOW
930,0.000000,0.000000,0.999956,ALLOW
931,0.000000,0.000000,0.999974,ALLOW
932,0.000000,0.000000,0.999984,ALLOW
933,0.000000,0.000000,0.999991,ALLOW
934,0.000000,0.000000,0.999994,ALLOW
935,0.000000,0.000000,0.999997,ALLOW
936,0.000000,0.000000,0.999998,ALLOW
937,0.000000,0.000000,0.999999,ALLOW
938,0.000000,0.000000,0.999999,ALLOW
939,0.000000,0.000000,1.000000,ALLOW
940,0.000000,1.000000,0.429872,PAUSE
941,0.000000,0.000000,0.271128,PAUSE
942,0.000000,1.000000,0.118596,PAUSE
943,0.000000,0.000000,0.099318,PAUSE
944,0.000000,1.000000,0.046604,PAUSE
945,0.000000,0.000000,0.059727,PAUSE
946,0.000000,1.000000,0.029869,PAUSE
947,0.000000,1.000000,0.013828,PAUSE
948,0.000000,0.000000,0.024405,PAUSE
949,0.000000,0.000000,0.085059,PAUSE
950,0.000000,0.000000,0.206737,PAUSE
951,0.000000,0.000000,0.366916,PAUSE
952,0.000000,0.000000,0.529992,ALLOW
953,0.000000,0.000000,0.670490,ALLOW
954,0.000000,0.000000,0.778772,ALLOW
955,0.000000,0.000000,0.856133,ALLOW
956,0.000000,0.000000,0.908586,ALLOW
957,0.000000,1.000000,0.392283,PAUSE
958,1.000000,1.000000,0.161749,PAUSE
959,1.000000,1.000000,0.066356,PAUSE
960,1.000000,1.000000,0.027413,PAUSE
961,0.000000,0.000000,0.022854,PAUSE
962,0.000000,0.000000,0.066204,PAUSE
963,0.000000,0.000000,0.172722,PAUSE
964,0.000000,0.000000,0.326307,PAUSE
965,0.000000,0.000000,0.491468,PAUSE
966,0.000000,0.000000,0.638896,ALLOW
967,0.000000,0.000000,0.755243,ALLOW
968,0.000000,0.000000,0.839720,ALLOW
969,0.000000,0.000000,0.897644,ALLOW
970,0.000000,0.000000,0.935809,ALLOW
971,0.000000,0.000000,0.960265,ALLOW
972,0.000000,0.000000,0.975630,ALLOW
973,0.000000,0.000000,0.985152,ALLOW
974,0.000000,0.000000,0.990996,ALLOW
975,0.000000,0.000000,0.994557,ALLOW
976,0.000000,0.000000,0.996718,ALLOW
977,0.000000,0.000000,0.998024,ALLOW
978,0.000000,1.000000,0.429062,PAUSE
979,0.000000,1.000000,0.176561,PAUSE
980,0.000000,0.000000,0.104297,PAUSE
981,0.000000,0.000000,0.148287,PAUSE
982,0.000000,0.000000,0.272049,PAUSE
983,0.000000,0.000000,0.430899,PAUSE
984,0.000000,0.000000,0.585443,ALLOW
985,0.000000,0.000000,0.713782,ALLOW
986,0.000000,0.000000,0.810067,ALLOW
987,0.000000,0.000000,0.877549,ALLOW
988,1.000000,1.000000,0.379481,PAUSE
989,0.000000,0.000000,0.248134,PAUSE
990,0.000000,0.000000,0.299493,PAUSE
991,0.000000,0.000000,0.430389,PAUSE
992,0.000000,0.000000,0.576336,ALLOW
993,0.000000,0.000000,0.703909,ALLOW
994,0.000000,0.000000,0.802019,ALLOW
995,0.000000,0.000000,0.871730,ALLOW
996,0.000000,0.000000,0.918745,ALLOW
997,0.000000,0.000000,0.949346,ALLOW
998,0.000000,0.000000,0.968780,ALLOW
999,0.000000,0.000000,0.980913,ALLOW
1000,0.000000,0.000000,0.988397,ALLOW
1001,0.000000,0.000000,0.992975,ALLOW
1002,0.000000,0.000000,0.995758,ALLOW
1003,0.000000,0.000000,0.997444,ALLOW
1004,0.000000,0.000000,0.998462,ALLOW
1005,0.000000,0.000000,0.999075,ALLOW
1006,0.000000,0.000000,0.999444,ALLOW
1007,0.000000,0.000000,0.999666,ALLOW
1008,0.000000,0.000000,0.999800,ALLOW
1009,0.000000,0.000000,0.999880,ALLOW
1010,0.000000,0.000000,0.999928,ALLOW
1011,0.000000,0.000000,0.999957,ALLOW
1012,0.000000,0.000000,0.999974,ALLOW
1013,0.000000,0.000000,0.999984,ALLOW
1014,0.000000,0.000000,0.999991,ALLOW
1015,1.000000,1.000000,0.429868,PAUSE
1016,1.000000,1.000000,0.176885,PAUSE
1017,0.000000,1.000000,0.072431,PAUSE
1018,0.000000,0.000000,0.046591,PAUSE
1019,0.000000,1.000000,0.022233,PAUSE
1020,0.000000,0.000000,0.036744,PAUSE
1021,0.000000,1.000000,0.019432,PAUSE
1022,0.000000,0.000000,0.040615,PAUSE
1023,0.000000,0.000000,0.121228,PAUSE
1024,0.000000,0.000000,0.259320,PAUSE
1025,0.000000,1.000000,0.119677,PAUSE
1026,0.000000,0.000000,0.115932,PAUSE
1027,0.000000,1.000000,0.054466,PAUSE
1028,0.000000,0.000000,0.067090,PAUSE
1029,0.000000,0.000000,0.154168,PAUSE
1030,0.000000,0.000000,0.298381,PAUSE
1031,0.000000,0.000000,0.462748,PAUSE
1032,0.000000,0.000000,0.614376,ALLOW
1033,0.000000,0.000000,0.736549,ALLOW
1034,1.000000,1.000000,0.321100,PAUSE
1035,0.000000,0.000000,0.220699,PAUSE
1036,0.000000,0.000000,0.283384,PAUSE
1037,0.000000,0.000000,0.419142,PAUSE
1038,0.000000,0.000000,0.568074,ALLOW
1039,0.000000,0.000000,0.697956,ALLOW
1040,0.000000,0.000000,0.797889,ALLOW
1041,0.000000,0.000000,0.868966,ALLOW
1042,0.000000,0.000000,0.916949,ALLOW
1043,0.000000,0.000000,0.948204,ALLOW
1044,0.000000,0.000000,0.968067,ALLOW
1045,0.000000,0.000000,0.980472,ALLOW
1046,0.000000,0.000000,0.988127,ALLOW
1047,0.000000,0.000000,0.992810,ALLOW
1048,0.000000,0.000000,0.995659,ALLOW
1049,0.000000,0.000000,0.997384,ALLOW
1050,0.000000,0.000000,0.998426,ALLOW
1051,0.000000,0.000000,0.999053,ALLOW
1052,1.000000,1.000000,0.429484,PAUSE
1053,0.000000,0.000000,0.270954,PAUSE
1054,0.000000,0.000000,0.312116,PAUSE
1055,0.000000,0.000000,0.438679,PAUSE
1056,0.000000,0.000000,0.582177,ALLOW
1057,0.000000,0.000000,0.708018,ALLOW
1058,0.000000,0.000000,0.804831,ALLOW
1059,0.000000,0.000000,0.873597,ALLOW
1060,0.000000,0.000000,0.919952,ALLOW
1061,1.000000,1.000000,0.396963,PAUSE
1062,0.000000,0.000000,0.256182,PAUSE
1063,0.000000,1.000000,0.112507,PAUSE
1064,0.000000,0.000000,0.096545,PAUSE
1065,0.000000,1.000000,0.045468,PAUSE
1066,0.000000,0.000000,0.059176,PAUSE
1067,0.000000,0.000000,0.143581,PAUSE
1068,0.000000,0.000000,0.285770,PAUSE
1069,0.000000,0.000000,0.450360,PAUSE
1070,1.000000,1.000000,0.201241,PAUSE
1071,0.000000,0.000000,0.160996,PAUSE
1072,0.000000,0.000000,0.244176,PAUSE
1073,0.000000,0.000000,0.388811,PAUSE
1074,0.000000,0.000000,0.544320,ALLOW
1075,0.000000,0.000000,0.680209,ALLOW
1076,0.000000,0.000000,0.785319,ALLOW
1077,1.000000,1.000000,0.341327,PAUSE
1078,0.000000,0.000000,0.230287,PAUSE
1079,0.000000,0.000000,0.289113,PAUSE
1080,0.000000,0.000000,0.423210,PAUSE
1081,0.000000,0.000000,0.571096,ALLOW
1082,0.000000,0.000000,0.700147,ALLOW
1083,0.000000,0.000000,0.799415,ALLOW
1084,0.000000,0.000000,0.869990,ALLOW
1085,0.000000,0.000000,0.917615,ALLOW
1086,0.000000,0.000000,0.948628,ALLOW
1087,0.000000,1.000000,0.408770,PAUSE
1088,0.000000,0.000000,0.261580,PAUSE
1089,1.000000,1.000000,0.114709,PAUSE
1090,0.000000,0.000000,0.097554,PAUSE
1091,0.000000,1.000000,0.045882,PAUSE
1092,0.000000,0.000000,0.059378,PAUSE
1093,0.000000,0.000000,0.143727,PAUSE
1094,0.000000,0.000000,0.285901,PAUSE
1095,1.000000,1.000000,0.131095,PAUSE
1096,0.000000,0.000000,0.122491,PAUSE
1097,0.000000,0.000000,0.214389,PAUSE
1098,1.000000,1.000000,0.099543,PAUSE
1099,0.000000,0.000000,0.102184,PAUSE
1100,0.000000,0.000000,0.195126,PAUSE
1101,0.000000,0.000000,0.343633,PAUSE
1102,0.000000,0.000000,0.505396,ALLOW
1103,0.000000,0.000000,0.649592,ALLOW
1104,0.000000,0.000000,0.762987,ALLOW
1105,0.000000,0.000000,0.845052,ALLOW
1106,0.000000,0.000000,0.901176,ALLOW
1107,0.000000,0.000000,0.938084,ALLOW
1108,0.000000,0.000000,0.961700,ALLOW
1109,0.000000,0.000000,0.976522,ALLOW
1110,0.000000,0.000000,0.985701,ALLOW
1111,0.000000,0.000000,0.991331,ALLOW
1112,0.000000,0.000000,0.994761,ALLOW
1113,0.000000,0.000000,0.996841,ALLOW
1114,1.000000,1.000000,0.428577,PAUSE
1115,0.000000,0.000000,0.270547,PAUSE
1116,1.000000,1.000000,0.118359,PAUSE
1117,0.000000,0.000000,0.099212,PAUSE
1118,0.000000,0.000000,0.177787,PAUSE
1119,0.000000,0.000000,0.319645,PAUSE
1120,0.000000,0.000000,0.481439,PAUSE
1121,1.000000,1.000000,0.214326,PAUSE
1122,0.000000,0.000000,0.167717,PAUSE
1123,0.000000,0.000000,0.248850,PAUSE
1124,0.000000,0.000000,0.392605,PAUSE
1125,0.000000,0.000000,0.547378,ALLOW
1126,0.000000,0.000000,0.682531,ALLOW
1127,0.000000,0.000000,0.786979,ALLOW
1128,0.000000,0.000000,0.861583,ALLOW
1129,0.000000,0.000000,0.912117,ALLOW
1130,0.000000,0.000000,0.945120,ALLOW
1131,0.000000,0.000000,0.966133,ALLOW
1132,0.000000,0.000000,0.979275,ALLOW
1133,0.000000,1.000000,0.421367,PAUSE
1134,0.000000,0.000000,0.267298,PAUSE
1135,0.000000,0.000000,0.310147,PAUSE
1136,0.000000,0.000000,0.437424,PAUSE
1137,1.000000,1.000000,0.195200,PAUSE
1138,0.000000,0.000000,0.156579,PAUSE
1139,0.000000,0.000000,0.239716,PAUSE
1140,0.000000,0.000000,0.384401,PAUSE
1141,0.000000,0.000000,0.540449,ALLOW
1142,0.000000,0.000000,0.677155,ALLOW
1143,0.000000,1.000000,0.296364,PAUSE
1144,0.000000,0.000000,0.208747,PAUSE
1145,0.000000,0.000000,0.275979,PAUSE
1146,0.000000,0.000000,0.413706,PAUSE
1147,0.000000,0.000000,0.563953,ALLOW
1148,0.000000,0.000000,0.694933,ALLOW
1149,0.000000,1.000000,0.303753,PAUSE
1150,0.000000,1.000000,0.126021,PAUSE
1151,0.000000,1.000000,0.051999,PAUSE
1152,1.000000,1.000000,0.021649,PAUSE
1153,0.000000,0.000000,0.020377,PAUSE
1154,0.000000,0.000000,0.064716,PAUSE
1155,0.000000,0.000000,0.171362,PAUSE
1156,0.000000,0.000000,0.324954,PAUSE
1157,0.000000,0.000000,0.490246,PAUSE
1158,0.000000,0.000000,0.637906,ALLOW
1159,0.000000,0.000000,0.754507,ALLOW
1160,0.000000,0.000000,0.839207,ALLOW
1161,0.000000,0.000000,0.897301,ALLOW
1162,0.000000,0.000000,0.935587,ALLOW
1163,0.000000,0.000000,0.960124,ALLOW
1164,0.000000,0.000000,0.975543,ALLOW
1165,0.000000,0.000000,0.985099,ALLOW
1166,0.000000,0.000000,0.990963,ALLOW
1167,0.000000,0.000000,0.994537,ALLOW
1168,0.000000,0.000000,0.996706,ALLOW
1169,0.000000,0.000000,0.998016,ALLOW
1170,0.000000,0.000000,0.998807,ALLOW
1171,0.000000,0.000000,0.999283,ALLOW
1172,0.000000,0.000000,0.999569,ALLOW
1173,0.000000,0.000000,0.999741,ALLOW
1174,1.000000,1.000000,0.429766,PAUSE
1175,0.000000,0.000000,0.271081,PAUSE
1176,0.000000,0.000000,0.312183,PAUSE
1177,0.000000,0.000000,0.438722,PAUSE
1178,0.000000,0.000000,0.582206,ALLOW
1179,0.000000,0.000000,0.708038,ALLOW
1180,0.000000,0.000000,0.804845,ALLOW
1181,0.000000,0.000000,0.873606,ALLOW
1182,0.000000,0.000000,0.919958,ALLOW
1183,0.000000,1.000000,0.396966,PAUSE
1184,0.000000,0.000000,0.256183,PAUSE
1185,0.000000,1.000000,0.112508,PAUSE
1186,0.000000,0.000000,0.096545,PAUSE
1187,0.000000,0.000000,0.176199,PAUSE
1188,0.000000,0.000000,0.318447,PAUSE
1189,0.000000,0.000000,0.480479,PAUSE
1190,0.000000,0.000000,0.628706,ALLOW
1191,1.000000,1.000000,0.276164,PAUSE
1192,0.000000,0.000000,0.198913,PAUSE
1193,1.000000,1.000000,0.089036,PAUSE
1194,0.000000,0.000000,0.085399,PAUSE
1195,0.000000,0.000000,0.168906,PAUSE
1196,0.000000,0.000000,0.312452,PAUSE
1197,0.000000,0.000000,0.475444,PAUSE
1198,0.000000,0.000000,0.624734,ALLOW
1199,0.000000,0.000000,0.744305,ALLOW
1200,0.000000,0.000000,0.831934,ALLOW
1201,0.000000,0.000000,0.892387,ALLOW
1202,0.000000,0.000000,0.932386,ALLOW
1203,0.000000,0.000000,0.958090,ALLOW
1204,1.000000,1.000000,0.412662,PAUSE
1205,0.000000,0.000000,0.263353,PAUSE
1206,0.000000,0.000000,0.307997,PAUSE
1207,0.000000,0.000000,0.436035,PAUSE
1208,0.000000,0.000000,0.580343,ALLOW
1209,0.000000,0.000000,0.706741,ALLOW
1210,0.000000,0.000000,0.803962,ALLOW
1211,1.000000,1.000000,0.349039,PAUSE
1212,0.000000,0.000000,0.233897,PAUSE
1213,1.000000,1.000000,0.103400,PAUSE
1214,0.000000,0.000000,0.092303,PAUSE
1215,0.000000,0.000000,0.173539,PAUSE
1216,0.000000,0.000000,0.316341,PAUSE
1217,1.000000,1.000000,0.144072,PAUSE
1218,0.000000,0.000000,0.129675,PAUSE
1219,0.000000,0.000000,0.220070,PAUSE
1220,0.000000,0.000000,0.367769,PAUSE
1221,0.000000,0.000000,0.526697,ALLOW
1222,0.000000,0.000000,0.666558,ALLOW
1223,0.000000,1.000000,0.291956,PAUSE
1224,0.000000,0.000000,0.206623,PAUSE
1225,0.000000,1.000000,0.092209,PAUSE
1226,0.000000,0.000000,0.086949,PAUSE
1227,0.000000,0.000000,0.169981,PAUSE
1228,0.000000,0.000000,0.313379,PAUSE
1229,0.000000,0.000000,0.476241,PAUSE
1230,0.000000,0.000000,0.625370,ALLOW
1231,0.000000,0.000000,0.744775,ALLOW
1232,0.000000,0.000000,0.832262,ALLOW
1233,0.000000,0.000000,0.892607,ALLOW
1234,0.000000,0.000000,0.932529,ALLOW
1235,0.000000,0.000000,0.958180,ALLOW
1236,0.000000,0.000000,0.974329,ALLOW
1237,0.000000,0.000000,0.984350,ALLOW
1238,0.000000,0.000000,0.990505,ALLOW
1239,0.000000,0.000000,0.994259,ALLOW
1240,0.000000,0.000000,0.996537,ALLOW
1241,0.000000,0.000000,0.997915,ALLOW
1242,0.000000,0.000000,0.998746,ALLOW
1243,0.000000,0.000000,0.999246,ALLOW
1244,0.000000,0.000000,0.999547,ALLOW
1245,0.000000,0.000000,0.999728,ALLOW
1246,0.000000,0.000000,0.999837,ALLOW
1247,0.000000,0.000000,0.999902,ALLOW
1248,0.000000,0.000000,0.999941,ALLOW
1249,0.000000,0.000000,0.999965,ALLOW
1250,0.000000,1.000000,0.429858,PAUSE
1251,0.000000,1.000000,0.176881,PAUSE
1252,0.000000,0.000000,0.104433,PAUSE
1253,0.000000,0.000000,0.148357,PAUSE
1254,0.000000,0.000000,0.272095,PAUSE
1255,0.000000,1.000000,0.124874,PAUSE
1256,0.000000,0.000000,0.118234,PAUSE
1257,0.000000,1.000000,0.055403,PAUSE
1258,0.000000,0.000000,0.067518,PAUSE
1259,0.000000,0.000000,0.154430,PAUSE
1260,0.000000,0.000000,0.298586,PAUSE
1261,0.000000,0.000000,0.462918,PAUSE
1262,0.000000,0.000000,0.614509,ALLOW
1263,0.000000,0.000000,0.736647,ALLOW
1264,1.000000,1.000000,0.321140,PAUSE
1265,0.000000,0.000000,0.220719,PAUSE
1266,0.000000,0.000000,0.283396,PAUSE
1267,0.000000,0.000000,0.419150,PAUSE
1268,1.000000,1.000000,0.187596,PAUSE
1269,0.000000,0.000000,0.152849,PAUSE
1270,0.000000,0.000000,0.237290,PAUSE
1271,0.000000,0.000000,0.382518,PAUSE
1272,0.000000,0.000000,0.538961,ALLOW
1273,0.000000,0.000000,0.676033,ALLOW
1274,0.000000,0.000000,0.782295,ALLOW
1275,0.000000,1.000000,0.340075,PAUSE
1276,0.000000,0.000000,0.229697,PAUSE
1277,0.000000,1.000000,0.101681,PAUSE
1278,0.000000,0.000000,0.091495,PAUSE
1279,0.000000,0.000000,0.173024,PAUSE
1280,0.000000,0.000000,0.315926,PAUSE
1281,0.000000,0.000000,0.478400,PAUSE
1282,1.000000,1.000000,0.213053,PAUSE
1283,0.000000,0.000000,0.167078,PAUSE
1284,0.000000,0.000000,0.248422,PAUSE
1285,0.000000,0.000000,0.392267,PAUSE
1286,0.000000,0.000000,0.547110,ALLOW
1287,1.000000,1.000000,0.241919,PAUSE
1288,0.000000,0.000000,0.181715,PAUSE
1289,0.000000,0.000000,0.258360,PAUSE
1290,0.000000,0.000000,0.400176,PAUSE
1291,0.000000,0.000000,0.553410,ALLOW
1292,0.000000,0.000000,0.687080,ALLOW
1293,0.000000,0.000000,0.790218,ALLOW
1294,1.000000,1.000000,0.343356,PAUSE
1295,0.000000,0.000000,0.231240,PAUSE
1296,0.000000,0.000000,0.289672,PAUSE
1297,0.000000,0.000000,0.423600,PAUSE
1298,0.000000,0.000000,0.571383,ALLOW
1299,0.000000,0.000000,0.700354,ALLOW
1300,0.000000,0.000000,0.799558,ALLOW
1301,0.000000,0.000000,0.870086,ALLOW
1302,0.000000,0.000000,0.917677,ALLOW
1303,0.000000,0.000000,0.948668,ALLOW
1304,0.000000,0.000000,0.968356,ALLOW
1305,0.000000,0.000000,0.980651,ALLOW
1306,0.000000,0.000000,0.988237,ALLOW
1307,0.000000,0.000000,0.992877,ALLOW
1308,0.000000,0.000000,0.995699,ALLOW
1309,0.000000,0.000000,0.997408,ALLOW
1310,0.000000,0.000000,0.998440,ALLOW
1311,0.000000,0.000000,0.999062,ALLOW
1312,0.000000,0.000000,0.999437,ALLOW
1313,0.000000,0.000000,0.999662,ALLOW
1314,0.000000,0.000000,0.999797,ALLOW
1315,0.000000,0.000000,0.999878,ALLOW
1316,0.000000,0.000000,0.999927,ALLOW
1317,0.000000,0.000000,0.999956,ALLOW
1318,0.000000,0.000000,0.999974,ALLOW
1319,0.000000,0.000000,0.999984,ALLOW
1320,0.000000,0.000000,0.999991,ALLOW
1321,0.000000,0.000000,0.999994,ALLOW
1322,0.000000,0.000000,0.999997,ALLOW
1323,0.000000,0.000000,0.999998,ALLOW
1324,0.000000,0.000000,0.999999,ALLOW
1325,0.000000,0.000000,0.999999,ALLOW
1326,0.000000,0.000000,1.000000,ALLOW
1327,0.000000,0.000000,1.000000,ALLOW
1328,0.000000,0.000000,1.000000,ALLOW
1329,1.000000,1.000000,0.429872,PAUSE
1330,0.000000,0.000000,0.271128,PAUSE
1331,0.000000,0.000000,0.312209,PAUSE
1332,0.000000,0.000000,0.438738,PAUSE
1333,0.000000,0.000000,0.582217,ALLOW
1334,0.000000,0.000000,0.708046,ALLOW
1335,0.000000,0.000000,0.804850,ALLOW
1336,0.000000,0.000000,0.873609,ALLOW
1337,0.000000,0.000000,0.919960,ALLOW
1338,0.000000,0.000000,0.950116,ALLOW
1339,0.000000,0.000000,0.969260,ALLOW
1340,0.000000,0.000000,0.981209,ALLOW
1341,0.000000,0.000000,0.988578,ALLOW
1342,0.000000,0.000000,0.993085,ALLOW
1343,0.000000,0.000000,0.995825,ALLOW
1344,0.000000,0.000000,0.997484,ALLOW
1345,0.000000,0.000000,0.998486,ALLOW
1346,0.000000,0.000000,0.999090,ALLOW
1347,0.000000,0.000000,0.999453,ALLOW
1348,0.000000,0.000000,0.999672,ALLOW
1349,0.000000,0.000000,0.999803,ALLOW
1350,0.000000,0.000000,0.999882,ALLOW
1351,0.000000,0.000000,0.999929,ALLOW
1352,0.000000,0.000000,0.999957,ALLOW
1353,0.000000,0.000000,0.999974,ALLOW
1354,0.000000,1.000000,0.429862,PAUSE
1355,0.000000,0.000000,0.271124,PAUSE
1356,0.000000,0.000000,0.312206,PAUSE
1357,0.000000,1.000000,0.140508,PAUSE
1358,0.000000,0.000000,0.123434,PAUSE
1359,0.000000,0.000000,0.210735,PAUSE
1360,0.000000,0.000000,0.357155,PAUSE
1361,0.000000,0.000000,0.516822,ALLOW
1362,0.000000,0.000000,0.658538,ALLOW
1363,0.000000,0.000000,0.769512,ALLOW
1364,0.000000,0.000000,0.849557,ALLOW
1365,0.000000,0.000000,0.904163,ALLOW
1366,0.000000,0.000000,0.940008,ALLOW
1367,0.000000,0.000000,0.962913,ALLOW
1368,0.000000,0.000000,0.977277,ALLOW
1369,0.000000,0.000000,0.986165,ALLOW
1370,0.000000,0.000000,0.991614,ALLOW
1371,0.000000,0.000000,0.994933,ALLOW
1372,0.000000,0.000000,0.996945,ALLOW
1373,0.000000,1.000000,0.428619,PAUSE
1374,0.000000,0.000000,0.270566,PAUSE
1375,1.000000,1.000000,0.118367,PAUSE
1376,0.000000,0.000000,0.099215,PAUSE
1377,0.000000,0.000000,0.177789,PAUSE
1378,0.000000,1.000000,0.083489,PAUSE
1379,0.000000,0.000000,0.091842,PAUSE
1380,0.000000,0.000000,0.185097,PAUSE
1381,0.000000,0.000000,0.333487,PAUSE
1382,0.000000,0.000000,0.496214,PAUSE
1383,0.000000,0.000000,0.642171,ALLOW
1384,0.000000,0.000000,0.757485,ALLOW
1385,1.000000,1.000000,0.329791,PAUSE
1386,0.000000,0.000000,0.224836,PAUSE
1387,0.000000,0.000000,0.285876,PAUSE
1388,0.000000,0.000000,0.420925,PAUSE
1389,1.000000,1.000000,0.188336,PAUSE
1390,0.000000,0.000000,0.153217,PAUSE
1391,0.000000,0.000000,0.237535,PAUSE
1392,0.000000,0.000000,0.382711,PAUSE
1393,0.000000,0.000000,0.539115,ALLOW
1394,0.000000,0.000000,0.676150,ALLOW
1395,0.000000,0.000000,0.782378,ALLOW
1396,0.000000,0.000000,0.858434,ALLOW
1397,0.000000,0.000000,0.910042,ALLOW
1398,0.000000,0.000000,0.943790,ALLOW
1399,0.000000,0.000000,0.965296,ALLOW
1400,0.000000,0.000000,0.978757,ALLOW
1401,0.000000,0.000000,0.987075,ALLOW
1402,0.000000,0.000000,0.992169,ALLOW
1403,0.000000,0.000000,0.995270,ALLOW
1404,0.000000,0.000000,0.997149,ALLOW
1405,0.000000,0.000000,0.998284,ALLOW
1406,0.000000,0.000000,0.998968,ALLOW
1407,0.000000,0.000000,0.999380,ALLOW
1408,0.000000,0.000000,0.999628,ALLOW
1409,0.000000,0.000000,0.999776,ALLOW
1410,0.000000,0.000000,0.999866,ALLOW
1411,0.000000,1.000000,0.429817,PAUSE
1412,0.000000,0.000000,0.271104,PAUSE
1413,0.000000,1.000000,0.118586,PAUSE
1414,0.000000,0.000000,0.099314,PAUSE
1415,0.000000,0.000000,0.177846,PAUSE
1416,0.000000,0.000000,0.319689,PAUSE
1417,0.000000,0.000000,0.481473,PAUSE
1418,0.000000,0.000000,0.629473,ALLOW
1419,0.000000,0.000000,0.747788,ALLOW
1420,0.000000,0.000000,0.834355,ALLOW
1421,0.000000,0.000000,0.894002,ALLOW
1422,0.000000,0.000000,0.933431,ALLOW
1423,0.000000,0.000000,0.958751,ALLOW
1424,0.000000,0.000000,0.974685,ALLOW
1425,0.000000,0.000000,0.984569,ALLOW
1426,0.000000,0.000000,0.990639,ALLOW
1427,0.000000,0.000000,0.994340,ALLOW
1428,0.000000,0.000000,0.996586,ALLOW
1429,0.000000,1.000000,0.428472,PAUSE
1430,0.000000,0.000000,0.270500,PAUSE
1431,0.000000,0.000000,0.311873,PAUSE
1432,0.000000,0.000000,0.438526,PAUSE
1433,1.000000,1.000000,0.195657,PAUSE
1434,1.000000,1.000000,0.082173,PAUSE
1435,0.000000,0.000000,0.062149,PAUSE
1436,0.000000,0.000000,0.122855,PAUSE
1437,0.000000,0.000000,0.251436,PAUSE
1438,0.000000,1.000000,0.116133,PAUSE
1439,0.000000,0.000000,0.113510,PAUSE
1440,0.000000,0.000000,0.206515,PAUSE
1441,0.000000,0.000000,0.355212,PAUSE
1442,0.000000,0.000000,0.515835,ALLOW
1443,0.000000,0.000000,0.657992,ALLOW
1444,0.000000,0.000000,0.769192,ALLOW
1445,0.000000,0.000000,0.849363,ALLOW
1446,0.000000,0.000000,0.904045,ALLOW
1447,0.000000,0.000000,0.939935,ALLOW
1448,0.000000,0.000000,0.962869,ALLOW
1449,0.000000,0.000000,0.977250,ALLOW
1450,0.000000,0.000000,0.986149,ALLOW
1451,0.000000,0.000000,0.991604,ALLOW
1452,0.000000,0.000000,0.994927,ALLOW
1453,0.000000,0.000000,0.996941,ALLOW
1454,0.000000,0.000000,0.998159,ALLOW
1455,0.000000,0.000000,0.998893,ALLOW
1456,0.000000,0.000000,0.999335,ALLOW
1457,0.000000,0.000000,0.999600,ALLOW
1458,0.000000,0.000000,0.999760,ALLOW
1459,0.000000,0.000000,0.999856,ALLOW
1460,0.000000,0.000000,0.999914,ALLOW
1461,0.000000,0.000000,0.999948,ALLOW
1462,0.000000,0.000000,0.999969,ALLOW
1463,0.000000,0.000000,0.999981,ALLOW
1464,0.000000,0.000000,0.999989,ALLOW
1465,0.000000,0.000000,0.999993,ALLOW
1466,0.000000,0.000000,0.999996,ALLOW
1467,0.000000,0.000000,0.999998,ALLOW
1468,0.000000,0.000000,0.999999,ALLOW
1469,0.000000,1.000000,0.429872,PAUSE
1470,0.000000,0.000000,0.271128,PAUSE
1471,0.000000,0.000000,0.312208,PAUSE
1472,1.000000,1.000000,0.140509,PAUSE
1473,0.000000,0.000000,0.123434,PAUSE
1474,0.000000,1.000000,0.057407,PAUSE
1475,0.000000,0.000000,0.068067,PAUSE
1476,0.000000,0.000000,0.154222,PAUSE
1477,1.000000,1.000000,0.073455,PAUSE
1478,0.000000,0.000000,0.086091,PAUSE
1479,0.000000,0.000000,0.180133,PAUSE
1480,0.000000,0.000000,0.328697,PAUSE
1481,0.000000,0.000000,0.491940,PAUSE
1482,0.000000,1.000000,0.218780,PAUSE
1483,0.000000,0.000000,0.170069,PAUSE
1484,1.000000,1.000000,0.077115,PAUSE
1485,0.000000,0.000000,0.079410,PAUSE
1486,0.000000,0.000000,0.164519,PAUSE
1487,0.000000,1.000000,0.077892,PAUSE
1488,0.000000,0.000000,0.088778,PAUSE
1489,0.000000,1.000000,0.042835,PAUSE
1490,0.000000,0.000000,0.059802,PAUSE
1491,0.000000,0.000000,0.146755,PAUSE
1492,0.000000,0.000000,0.290362,PAUSE
1493,0.000000,0.000000,0.455123,PAUSE
1494,0.000000,0.000000,0.608004,ALLOW
1495,0.000000,0.000000,0.731717,ALLOW
1496,0.000000,0.000000,0.823068,ALLOW
1497,0.000000,0.000000,0.886430,ALLOW
1498,1.000000,1.000000,0.383147,PAUSE
1499,1.000000,1.000000,0.158067,PAUSE
1500,0.000000,0.000000,0.096373,PAUSE
1501,0.000000,0.000000,0.144116,PAUSE
1502,0.000000,0.000000,0.269178,PAUSE
1503,0.000000,0.000000,0.428657,PAUSE
1504,0.000000,0.000000,0.583705,ALLOW
1505,0.000000,0.000000,0.712500,ALLOW
1506,0.000000,0.000000,0.809169,ALLOW
1507,0.000000,0.000000,0.876946,ALLOW
1508,0.000000,0.000000,0.922292,ALLOW
1509,0.000000,0.000000,0.951659,ALLOW
1510,0.000000,0.000000,0.970248,ALLOW
1511,0.000000,0.000000,0.981828,ALLOW
1512,0.000000,0.000000,0.988961,ALLOW
1513,0.000000,0.000000,0.993319,ALLOW
1514,0.000000,0.000000,0.995968,ALLOW
1515,0.000000,0.000000,0.997571,ALLOW
1516,0.000000,0.000000,0.998538,ALLOW
1517,0.000000,0.000000,0.999121,ALLOW
1518,0.000000,0.000000,0.999472,ALLOW
1519,1.000000,1.000000,0.429656,PAUSE
1520,0.000000,0.000000,0.271031,PAUSE
1521,0.000000,0.000000,0.312157,PAUSE
1522,0.000000,0.000000,0.438705,PAUSE
1523,0.000000,0.000000,0.582195,ALLOW
1524,0.000000,0.000000,0.708030,ALLOW
1525,0.000000,0.000000,0.804840,ALLOW
1526,0.000000,0.000000,0.873602,ALLOW
1527,0.000000,0.000000,0.919955,ALLOW
1528,0.000000,0.000000,0.950113,ALLOW
1529,0.000000,0.000000,0.969259,ALLOW
1530,0.000000,0.000000,0.981208,ALLOW
1531,0.000000,0.000000,0.988578,ALLOW
1532,0.000000,0.000000,0.993085,ALLOW
1533,0.000000,0.000000,0.995825,ALLOW
1534,0.000000,0.000000,0.997484,ALLOW
1535,0.000000,0.000000,0.998486,ALLOW
1536,0.000000,0.000000,0.999090,ALLOW
1537,0.000000,0.000000,0.999453,ALLOW
1538,0.000000,0.000000,0.999672,ALLOW
1539,0.000000,0.000000,0.999803,ALLOW
1540,0.000000,0.000000,0.999882,ALLOW
1541,0.000000,0.000000,0.999929,ALLOW
1542,0.000000,0.000000,0.999957,ALLOW
1543,1.000000,1.000000,0.429855,PAUSE
1544,0.000000,0.000000,0.271120,PAUSE
1545,0.000000,0.000000,0.312204,PAUSE
1546,0.000000,1.000000,0.140508,PAUSE
1547,0.000000,0.000000,0.123434,PAUSE
1548,0.000000,0.000000,0.210735,PAUSE
1549,0.000000,0.000000,0.357155,PAUSE
1550,1.000000,1.000000,0.161480,PAUSE
1551,0.000000,0.000000,0.139276,PAUSE
1552,0.000000,0.000000,0.227579,PAUSE
1553,0.000000,0.000000,0.374417,PAUSE
1554,0.000000,0.000000,0.532316,ALLOW
1555,0.000000,1.000000,0.235729,PAUSE
1556,0.000000,0.000000,0.178636,PAUSE
1557,0.000000,0.000000,0.256336,PAUSE
1558,0.000000,0.000000,0.398606,PAUSE
1559,0.000000,0.000000,0.552176,ALLOW
1560,0.000000,0.000000,0.686156,ALLOW
1561,0.000000,0.000000,0.789563,ALLOW
1562,0.000000,0.000000,0.863340,ALLOW
1563,0.000000,0.000000,0.913270,ALLOW
1564,0.000000,0.000000,0.945858,ALLOW
1565,0.000000,0.000000,0.966596,ALLOW
1566,0.000000,1.000000,0.416158,PAUSE
1567,0.000000,0.000000,0.264939,PAUSE
1568,0.000000,0.000000,0.308865,PAUSE
1569,0.000000,0.000000,0.436597,PAUSE
1570,0.000000,1.000000,0.194857,PAUSE
1571,0.000000,0.000000,0.156414,PAUSE
1572,0.000000,0.000000,0.239611,PAUSE
1573,0.000000,0.000000,0.384322,PAUSE
1574,0.000000,0.000000,0.540387,ALLOW
1575,1.000000,1.000000,0.239104,PAUSE
1576,0.000000,0.000000,0.180311,PAUSE
1577,0.000000,0.000000,0.257433,PAUSE
1578,0.000000,1.000000,0.117734,PAUSE
1579,0.000000,0.000000,0.112066,PAUSE
1580,0.000000,1.000000,0.052697,PAUSE
1581,0.000000,0.000000,0.065631,PAUSE
1582,0.000000,0.000000,0.152314,PAUSE
1583,1.000000,1.000000,0.072640,PAUSE
1584,0.000000,0.000000,0.085614,PAUSE
1585,0.000000,0.000000,0.179711,PAUSE
1586,0.000000,0.000000,0.328283,PAUSE
1587,0.000000,0.000000,0.491568,PAUSE
1588,0.000000,0.000000,0.638428,ALLOW
1589,0.000000,0.000000,0.754711,ALLOW
1590,0.000000,0.000000,0.839285,ALLOW
1591,1.000000,1.000000,0.363675,PAUSE
1592,1.000000,1.000000,0.150216,PAUSE
1593,0.000000,0.000000,0.092975,PAUSE
1594,0.000000,0.000000,0.142262,PAUSE
1595,0.000000,0.000000,0.267842,PAUSE
1596,1.000000,1.000000,0.123091,PAUSE
1597,0.000000,0.000000,0.117311,PAUSE
1598,0.000000,0.000000,0.209498,PAUSE
1599,0.000000,0.000000,0.357887,PAUSE
1600,0.000000,0.000000,0.518123,ALLOW
1601,0.000000,0.000000,0.659790,ALLOW
1602,1.000000,1.000000,0.289137,PAUSE
1603,0.000000,0.000000,0.205258,PAUSE
1604,0.000000,0.000000,0.273818,PAUSE
1605,0.000000,0.000000,0.412116,PAUSE
1606,0.000000,0.000000,0.562745,ALLOW
1607,0.000000,0.000000,0.694045,ALLOW
1608,0.000000,0.000000,0.795147,ALLOW
1609,0.000000,0.000000,0.867121,ALLOW
1610,0.000000,0.000000,0.915745,ALLOW
1611,0.000000,0.000000,0.947438,ALLOW
1612,0.000000,0.000000,0.967587,ALLOW
1613,0.000000,0.000000,0.980175,ALLOW
1614,0.000000,0.000000,0.987945,ALLOW
1615,0.000000,0.000000,0.992700,ALLOW
1616,0.000000,0.000000,0.995592,ALLOW
1617,0.000000,0.000000,0.997343,ALLOW
1618,0.000000,0.000000,0.998401,ALLOW
1619,0.000000,0.000000,0.999039,ALLOW
1620,0.000000,0.000000,0.999422,ALLOW
1621,0.000000,0.000000,0.999653,ALLOW
1622,0.000000,0.000000,0.999792,ALLOW
1623,0.000000,0.000000,0.999875,ALLOW
1624,0.000000,0.000000,0.999925,ALLOW
1625,0.000000,0.000000,0.999955,ALLOW
1626,1.000000,1.000000,0.429854,PAUSE
1627,0.000000,0.000000,0.271120,PAUSE
1628,0.000000,0.000000,0.312204,PAUSE
1629,0.000000,0.000000,0.438735,PAUSE
1630,0.000000,0.000000,0.582215,ALLOW
1631,0.000000,0.000000,0.708045,ALLOW
1632,0.000000,0.000000,0.804849,ALLOW
1633,0.000000,0.000000,0.873609,ALLOW
1634,0.000000,0.000000,0.919959,ALLOW
1635,0.000000,0.000000,0.950115,ALLOW
1636,0.000000,0.000000,0.969260,ALLOW
1637,0.000000,0.000000,0.981209,ALLOW
1638,0.000000,0.000000,0.988578,ALLOW
1639,0.000000,0.000000,0.993085,ALLOW
1640,0.000000,0.000000,0.995825,ALLOW
1641,0.000000,0.000000,0.997484,ALLOW
1642,0.000000,0.000000,0.998486,ALLOW
1643,0.000000,0.000000,0.999090,ALLOW
1644,0.000000,0.000000,0.999453,ALLOW
1645,0.000000,0.000000,0.999672,ALLOW
1646,0.000000,0.000000,0.999803,ALLOW
1647,0.000000,0.000000,0.999882,ALLOW
1648,0.000000,0.000000,0.999929,ALLOW
1649,0.000000,0.000000,0.999957,ALLOW
1650,0.000000,0.000000,0.999974,ALLOW
1651,0.000000,0.000000,0.999985,ALLOW
1652,0.000000,0.000000,0.999991,ALLOW
1653,1.000000,1.000000,0.429868,PAUSE
1654,0.000000,0.000000,0.271127,PAUSE
1655,0.000000,0.000000,0.312208,PAUSE
1656,0.000000,0.000000,0.438737,PAUSE
1657,0.000000,0.000000,0.582217,ALLOW
1658,0.000000,0.000000,0.708046,ALLOW
1659,0.000000,0.000000,0.804850,ALLOW
1660,0.000000,0.000000,0.873609,ALLOW
1661,0.000000,0.000000,0.919960,ALLOW
1662,0.000000,0.000000,0.950115,ALLOW
1663,1.000000,1.000000,0.409381,PAUSE
1664,1.000000,1.000000,0.168637,PAUSE
1665,0.000000,0.000000,0.100916,PAUSE
1666,0.000000,0.000000,0.146533,PAUSE
1667,0.000000,0.000000,0.270866,PAUSE
1668,0.000000,0.000000,0.429989,PAUSE
1669,0.000000,0.000000,0.584743,ALLOW
1670,0.000000,0.000000,0.713267,ALLOW
1671,0.000000,0.000000,0.809707,ALLOW
1672,0.000000,0.000000,0.877307,ALLOW
1673,0.000000,0.000000,0.922527,ALLOW
1674,0.000000,0.000000,0.951809,ALLOW
1675,0.000000,1.000000,0.410079,PAUSE
1676,0.000000,0.000000,0.262178,PAUSE
1677,0.000000,0.000000,0.307352,PAUSE
1678,0.000000,0.000000,0.435614,PAUSE
1679,0.000000,0.000000,0.580049,ALLOW
1680,0.000000,0.000000,0.706534,ALLOW
1681,0.000000,0.000000,0.803821,ALLOW
1682,0.000000,1.000000,0.348981,PAUSE
1683,0.000000,0.000000,0.233870,PAUSE
1684,0.000000,0.000000,0.291203,PAUSE
1685,0.000000,0.000000,0.424661,PAUSE
1686,0.000000,0.000000,0.572158,ALLOW
1687,0.000000,0.000000,0.700912,ALLOW
1688,0.000000,0.000000,0.799945,ALLOW
1689,0.000000,0.000000,0.870344,ALLOW
1690,0.000000,0.000000,0.917845,ALLOW
1691,0.000000,0.000000,0.948774,ALLOW
1692,0.000000,0.000000,0.968423,ALLOW
1693,0.000000,0.000000,0.980692,ALLOW
1694,0.000000,0.000000,0.988262,ALLOW
1695,0.000000,0.000000,0.992893,ALLOW
1696,1.000000,1.000000,0.426957,PAUSE
1697,0.000000,0.000000,0.269818,PAUSE
1698,0.000000,0.000000,0.311507,PAUSE
1699,0.000000,0.000000,0.438294,PAUSE
1700,0.000000,0.000000,0.581912,ALLOW
1701,0.000000,0.000000,0.707835,ALLOW
1702,0.000000,0.000000,0.804707,ALLOW
1703,0.000000,0.000000,0.873515,ALLOW
1704,0.000000,0.000000,0.919899,ALLOW
1705,0.000000,0.000000,0.950077,ALLOW
1706,0.000000,0.000000,0.969236,ALLOW
1707,0.000000,0.000000,0.981194,ALLOW
1708,0.000000,0.000000,0.988569,ALLOW
1709,0.000000,0.000000,0.993079,ALLOW
1710,0.000000,0.000000,0.995822,ALLOW
1711,0.000000,0.000000,0.997482,ALLOW
1712,0.000000,0.000000,0.998485,ALLOW
1713,0.000000,0.000000,0.999089,ALLOW
1714,0.000000,0.000000,0.999453,ALLOW
1715,0.000000,0.000000,0.999671,ALLOW
1716,1.000000,1.000000,0.429737,PAUSE
1717,0.000000,0.000000,0.271068,PAUSE
1718,0.000000,0.000000,0.312176,PAUSE
1719,1.000000,1.000000,0.140496,PAUSE
1720,0.000000,0.000000,0.123428,PAUSE
1721,1.000000,1.000000,0.057405,PAUSE
1722,0.000000,0.000000,0.068065,PAUSE
1723,0.000000,0.000000,0.154221,PAUSE
1724,0.000000,0.000000,0.298025,PAUSE
1725,0.000000,0.000000,0.462278,PAUSE
1726,0.000000,0.000000,0.613942,ALLOW
1727,0.000000,0.000000,0.736206,ALLOW
1728,0.000000,0.000000,0.826239,ALLOW
1729,0.000000,0.000000,0.888565,ALLOW
1730,1.000000,1.000000,0.384027,PAUSE
1731,0.000000,0.000000,0.250237,PAUSE
1732,0.000000,0.000000,0.300688,PAUSE
1733,0.000000,0.000000,0.431197,PAUSE
1734,0.000000,0.000000,0.576916,ALLOW
1735,0.000000,0.000000,0.704322,ALLOW
1736,0.000000,0.000000,0.802304,ALLOW
1737,0.000000,0.000000,0.871920,ALLOW
1738,0.000000,0.000000,0.918868,ALLOW
1739,0.000000,0.000000,0.949424,ALLOW
1740,0.000000,0.000000,0.968829,ALLOW
1741,0.000000,0.000000,0.980943,ALLOW
1742,0.000000,0.000000,0.988415,ALLOW
1743,0.000000,1.000000,0.425120,PAUSE
1744,0.000000,0.000000,0.268991,PAUSE
1745,0.000000,0.000000,0.311062,PAUSE
1746,0.000000,0.000000,0.438010,PAUSE
1747,1.000000,1.000000,0.195443,PAUSE
1748,0.000000,0.000000,0.156696,PAUSE
1749,0.000000,0.000000,0.239789,PAUSE
1750,0.000000,0.000000,0.384457,PAUSE
1751,0.000000,0.000000,0.540493,ALLOW
1752,0.000000,0.000000,0.677187,ALLOW
1753,0.000000,1.000000,0.296378,PAUSE
1754,0.000000,0.000000,0.208753,PAUSE
1755,0.000000,0.000000,0.275983,PAUSE
1756,0.000000,0.000000,0.413709,PAUSE
1757,0.000000,0.000000,0.563955,ALLOW
1758,0.000000,0.000000,0.694934,ALLOW
1759,1.000000,1.000000,0.303753,PAUSE
1760,0.000000,0.000000,0.212289,PAUSE
1761,0.000000,0.000000,0.278146,PAUSE
1762,0.000000,0.000000,0.415281,PAUSE
1763,0.000000,0.000000,0.565141,ALLOW
1764,0.000000,0.000000,0.695803,ALLOW
1765,0.000000,0.000000,0.796379,ALLOW
1766,0.000000,0.000000,0.867950,ALLOW
1767,0.000000,0.000000,0.916286,ALLOW
1768,0.000000,0.000000,0.947782,ALLOW
1769,0.000000,0.000000,0.967802,ALLOW
1770,0.000000,0.000000,0.980309,ALLOW
1771,0.000000,0.000000,0.988027,ALLOW
1772,0.000000,0.000000,0.992749,ALLOW
1773,1.000000,1.000000,0.426898,PAUSE
1774,0.000000,0.000000,0.269792,PAUSE
1775,0.000000,0.000000,0.311493,PAUSE
1776,0.000000,0.000000,0.438285,PAUSE
1777,0.000000,0.000000,0.581906,ALLOW
1778,0.000000,0.000000,0.707830,ALLOW
1779,0.000000,0.000000,0.804704,ALLOW
1780,0.000000,0.000000,0.873513,ALLOW
1781,0.000000,0.000000,0.919897,ALLOW
1782,0.000000,0.000000,0.950076,ALLOW
1783,0.000000,0.000000,0.969236,ALLOW
1784,0.000000,0.000000,0.981194,ALLOW
1785,0.000000,0.000000,0.988569,ALLOW
1786,0.000000,0.000000,0.993079,ALLOW
1787,0.000000,0.000000,0.995822,ALLOW
1788,0.000000,0.000000,0.997482,ALLOW
1789,0.000000,0.000000,0.998485,ALLOW
1790,0.000000,0.000000,0.999089,ALLOW
1791,0.000000,0.000000,0.999453,ALLOW
1792,0.000000,1.000000,0.429648,PAUSE
1793,0.000000,1.000000,0.176796,PAUSE
1794,0.000000,0.000000,0.104397,PAUSE
1795,0.000000,0.000000,0.148338,PAUSE
1796,0.000000,0.000000,0.272083,PAUSE
1797,0.000000,0.000000,0.430925,PAUSE
1798,0.000000,0.000000,0.585463,ALLOW
1799,1.000000,1.000000,0.258064,PAUSE
1800,1.000000,1.000000,0.107542,PAUSE
1801,0.000000,0.000000,0.074089,PAUSE
1802,0.000000,0.000000,0.131186,PAUSE
1803,0.000000,0.000000,0.259141,PAUSE
1804,0.000000,0.000000,0.420192,PAUSE
1805,0.000000,0.000000,0.576879,ALLOW
1806,0.000000,0.000000,0.707368,ALLOW
1807,0.000000,0.000000,0.805538,ALLOW
1808,0.000000,0.000000,0.874493,ALLOW
1809,0.000000,0.000000,0.920691,ALLOW
1810,0.000000,0.000000,0.950639,ALLOW
1811,0.000000,0.000000,0.969610,ALLOW
1812,0.000000,0.000000,0.981434,ALLOW
1813,0.000000,0.000000,0.988719,ALLOW
1814,0.000000,0.000000,0.993172,ALLOW
1815,0.000000,0.000000,0.995878,ALLOW
1816,1.000000,1.000000,0.428182,PAUSE
1817,0.000000,0.000000,0.270369,PAUSE
1818,0.000000,0.000000,0.311803,PAUSE
1819,0.000000,0.000000,0.438481,PAUSE
1820,0.000000,0.000000,0.582041,ALLOW
1821,0.000000,0.000000,0.707924,ALLOW
1822,0.000000,0.000000,0.804767,ALLOW
1823,0.000000,0.000000,0.873555,ALLOW
1824,0.000000,0.000000,0.919925,ALLOW
1825,0.000000,0.000000,0.950093,ALLOW
1826,0.000000,0.000000,0.969247,ALLOW
1827,0.000000,0.000000,0.981201,ALLOW
1828,0.000000,0.000000,0.988573,ALLOW
1829,0.000000,0.000000,0.993082,ALLOW
1830,0.000000,0.000000,0.995823,ALLOW
1831,0.000000,0.000000,0.997483,ALLOW
1832,0.000000,0.000000,0.998485,ALLOW
1833,0.000000,0.000000,0.999089,ALLOW
1834,0.000000,0.000000,0.999453,ALLOW
1835,0.000000,0.000000,0.999671,ALLOW
1836,0.000000,0.000000,0.999803,ALLOW
1837,0.000000,0.000000,0.999882,ALLOW
1838,0.000000,0.000000,0.999929,ALLOW
1839,0.000000,0.000000,0.999957,ALLOW
1840,0.000000,0.000000,0.999974,ALLOW
1841,0.000000,0.000000,0.999985,ALLOW
1842,0.000000,0.000000,0.999991,ALLOW
1843,0.000000,0.000000,0.999994,ALLOW
1844,0.000000,0.000000,0.999997,ALLOW
1845,0.000000,0.000000,0.999998,ALLOW
1846,0.000000,0.000000,0.999999,ALLOW
1847,0.000000,0.000000,0.999999,ALLOW
1848,0.000000,0.000000,1.000000,ALLOW
1849,0.000000,0.000000,1.000000,ALLOW
1850,0.000000,0.000000,1.000000,ALLOW
1851,0.000000,0.000000,1.000000,ALLOW
1852,0.000000,0.000000,1.000000,ALLOW
1853,0.000000,0.000000,1.000000,ALLOW
1854,0.000000,0.000000,1.000000,ALLOW
1855,0.000000,0.000000,1.000000,ALLOW
1856,0.000000,0.000000,1.000000,ALLOW
1857,0.000000,0.000000,1.000000,ALLOW
1858,0.000000,0.000000,1.000000,ALLOW
1859,0.000000,0.000000,1.000000,ALLOW
1860,0.000000,0.000000,1.000000,ALLOW
1861,0.000000,0.000000,1.000000,ALLOW
1862,0.000000,0.000000,1.000000,ALLOW
1863,0.000000,0.000000,1.000000,ALLOW
1864,0.000000,0.000000,1.000000,ALLOW
1865,1.000000,1.000000,0.429872,PAUSE
1866,0.000000,0.000000,0.271128,PAUSE
1867,0.000000,0.000000,0.312209,PAUSE
1868,0.000000,0.000000,0.438738,PAUSE
1869,0.000000,0.000000,0.582217,ALLOW
1870,0.000000,0.000000,0.708046,ALLOW
1871,0.000000,0.000000,0.804850,ALLOW
1872,0.000000,0.000000,0.873609,ALLOW
1873,0.000000,0.000000,0.919960,ALLOW
1874,0.000000,0.000000,0.950116,ALLOW
1875,0.000000,0.000000,0.969260,ALLOW
1876,0.000000,0.000000,0.981209,ALLOW
1877,0.000000,0.000000,0.988578,ALLOW
1878,0.000000,0.000000,0.993085,ALLOW
1879,0.000000,0.000000,0.995825,ALLOW
1880,0.000000,0.000000,0.997484,ALLOW
1881,0.000000,0.000000,0.998486,ALLOW
1882,0.000000,0.000000,0.999090,ALLOW
1883,0.000000,0.000000,0.999453,ALLOW
1884,0.000000,0.000000,0.999672,ALLOW
1885,0.000000,0.000000,0.999803,ALLOW
1886,0.000000,0.000000,0.999882,ALLOW
1887,0.000000,0.000000,0.999929,ALLOW
1888,0.000000,0.000000,0.999957,ALLOW
1889,0.000000,0.000000,0.999974,ALLOW
1890,0.000000,0.000000,0.999985,ALLOW
1891,0.000000,0.000000,0.999991,ALLOW
1892,0.000000,0.000000,0.999994,ALLOW
1893,0.000000,0.000000,0.999997,ALLOW
1894,0.000000,1.000000,0.429871,PAUSE
1895,0.000000,1.000000,0.176886,PAUSE
1896,0.000000,0.000000,0.104435,PAUSE
1897,0.000000,0.000000,0.148358,PAUSE
1898,0.000000,0.000000,0.272096,PAUSE
1899,0.000000,0.000000,0.430934,PAUSE
1900,0.000000,1.000000,0.192941,PAUSE
1901,0.000000,0.000000,0.156456,PAUSE
1902,0.000000,1.000000,0.071451,PAUSE
1903,0.000000,0.000000,0.076442,PAUSE
1904,0.000000,0.000000,0.162175,PAUSE
1905,0.000000,1.000000,0.076891,PAUSE
1906,0.000000,0.000000,0.088197,PAUSE
1907,0.000000,1.000000,0.042589,PAUSE
1908,0.000000,0.000000,0.059655,PAUSE
1909,0.000000,0.000000,0.146612,PAUSE
1910,0.000000,1.000000,0.070174,PAUSE
1911,0.000000,0.000000,0.084089,PAUSE
1912,0.000000,0.000000,0.178266,PAUSE
1913,0.000000,0.000000,0.326822,PAUSE
1914,0.000000,0.000000,0.490239,PAUSE
1915,0.000000,0.000000,0.637348,ALLOW
1916,0.000000,0.000000,0.753907,ALLOW
1917,0.000000,0.000000,0.838724,ALLOW
1918,0.000000,0.000000,0.896955,ALLOW
1919,0.000000,0.000000,0.935355,ALLOW
1920,0.000000,0.000000,0.959974,ALLOW
1921,1.000000,1.000000,0.413437,PAUSE
1922,0.000000,1.000000,0.170270,PAUSE
1923,1.000000,1.000000,0.069776,PAUSE
1924,0.000000,0.000000,0.045474,PAUSE
1925,0.000000,1.000000,0.021780,PAUSE
1926,0.000000,0.000000,0.036531,PAUSE
1927,1.000000,1.000000,0.019344,PAUSE
1928,0.000000,0.000000,0.040566,PAUSE
1929,0.000000,0.000000,0.121184,PAUSE
1930,0.000000,0.000000,0.259272,PAUSE
1931,0.000000,0.000000,0.424027,PAUSE
1932,0.000000,0.000000,0.581337,ALLOW
1933,0.000000,0.000000,0.711194,ALLOW
1934,0.000000,0.000000,0.808411,ALLOW
1935,0.000000,0.000000,0.876493,ALLOW
1936,0.000000,0.000000,0.922018,ALLOW
1937,0.000000,0.000000,0.951493,ALLOW
1938,0.000000,0.000000,0.970148,ALLOW
1939,0.000000,0.000000,0.981767,ALLOW
1940,0.000000,0.000000,0.988924,ALLOW
1941,0.000000,0.000000,0.993297,ALLOW
1942,0.000000,0.000000,0.995954,ALLOW
1943,0.000000,1.000000,0.428213,PAUSE
1944,0.000000,0.000000,0.270383,PAUSE
1945,0.000000,0.000000,0.311810,PAUSE
1946,0.000000,1.000000,0.140345,PAUSE
1947,0.000000,0.000000,0.123357,PAUSE
1948,0.000000,0.000000,0.210688,PAUSE
1949,0.000000,0.000000,0.357118,PAUSE
1950,0.000000,0.000000,0.516793,ALLOW
1951,0.000000,1.000000,0.229211,PAUSE
1952,0.000000,1.000000,0.095849,PAUSE
1953,0.000000,0.000000,0.068751,PAUSE
1954,0.000000,0.000000,0.127749,PAUSE
1955,0.000000,1.000000,0.061309,PAUSE
1956,0.000000,0.000000,0.076604,PAUSE
1957,0.000000,1.000000,0.037534,PAUSE
1958,0.000000,0.000000,0.056156,PAUSE
1959,1.000000,1.000000,0.028446,PAUSE
1960,0.000000,0.000000,0.049173,PAUSE
1961,0.000000,0.000000,0.133883,PAUSE
1962,0.000000,0.000000,0.275318,PAUSE
1963,0.000000,0.000000,0.440341,PAUSE
1964,1.000000,1.000000,0.197013,PAUSE
1965,0.000000,0.000000,0.158798,PAUSE
1966,0.000000,1.000000,0.072436,PAUSE
1967,0.000000,0.000000,0.076990,PAUSE
1968,0.000000,1.000000,0.037361,PAUSE
1969,0.000000,0.000000,0.054901,PAUSE
1970,0.000000,0.000000,0.140050,PAUSE
1971,0.000000,1.000000,0.067284,PAUSE
1972,0.000000,0.000000,0.082157,PAUSE
1973,0.000000,0.000000,0.176290,PAUSE
1974,1.000000,1.000000,0.083174,PAUSE
1975,0.000000,0.000000,0.092517,PAUSE
1976,0.000000,0.000000,0.186584,PAUSE
1977,0.000000,0.000000,0.335357,PAUSE
1978,0.000000,0.000000,0.498031,PAUSE
1979,0.000000,0.000000,0.643681,ALLOW
1980,0.000000,0.000000,0.758620,ALLOW
1981,0.000000,0.000000,0.842015,ALLOW
1982,0.000000,0.000000,0.899153,ALLOW
1983,0.000000,0.000000,0.936777,ALLOW
1984,0.000000,0.000000,0.960874,ALLOW
1985,0.000000,0.000000,0.976009,ALLOW
1986,0.000000,0.000000,0.985385,ALLOW
1987,0.000000,0.000000,0.991138,ALLOW
1988,0.000000,0.000000,0.994644,ALLOW
1989,0.000000,0.000000,0.996770,ALLOW
1990,0.000000,0.000000,0.998055,ALLOW
1991,0.000000,0.000000,0.998830,ALLOW
1992,0.000000,0.000000,0.999297,ALLOW
1993,0.000000,0.000000,0.999578,ALLOW
1994,0.000000,0.000000,0.999746,ALLOW
1995,0.000000,0.000000,0.999848,ALLOW
1996,0.000000,0.000000,0.999909,ALLOW
1997,0.000000,0.000000,0.999945,ALLOW
1998,0.000000,0.000000,0.999967,ALLOW
1999,0.000000,0.000000,0.999980,ALLOW
2000,0.000000,1.000000,0.429864,PAUSE
2001,0.000000,1.000000,0.176883,PAUSE
2002,0.000000,0.000000,0.104434,PAUSE
2003,0.000000,1.000000,0.047080,PAUSE
2004,1.000000,1.000000,0.020583,PAUSE
2005,0.000000,0.000000,0.026314,PAUSE
2006,0.000000,1.000000,0.014179,PAUSE
2007,0.000000,0.000000,0.033783,PAUSE
2008,0.000000,0.000000,0.109143,PAUSE
2009,0.000000,0.000000,0.243007,PAUSE
2010,0.000000,0.000000,0.406966,PAUSE
2011,0.000000,0.000000,0.566319,ALLOW
2012,0.000000,0.000000,0.699447,ALLOW
2013,0.000000,0.000000,0.799934,ALLOW
2014,0.000000,0.000000,0.870706,ALLOW
2015,0.000000,0.000000,0.918216,ALLOW
2016,0.000000,0.000000,0.949062,ALLOW
2017,0.000000,0.000000,0.968623,ALLOW
2018,0.000000,0.000000,0.980823,ALLOW
2019,0.000000,0.000000,0.988345,ALLOW
2020,0.000000,0.000000,0.992944,ALLOW
2021,0.000000,0.000000,0.995740,ALLOW
2022,0.000000,0.000000,0.997433,ALLOW
2023,0.000000,0.000000,0.998455,ALLOW
2024,0.000000,0.000000,0.999071,ALLOW
2025,0.000000,0.000000,0.999442,ALLOW
2026,1.000000,1.000000,0.429644,PAUSE
2027,0.000000,0.000000,0.271026,PAUSE
2028,0.000000,0.000000,0.312154,PAUSE
2029,0.000000,0.000000,0.438703,PAUSE
2030,0.000000,0.000000,0.582193,ALLOW
2031,0.000000,0.000000,0.708030,ALLOW
2032,1.000000,1.000000,0.309182,PAUSE
2033,0.000000,0.000000,0.214863,PAUSE
2034,0.000000,0.000000,0.279689,PAUSE
2035,0.000000,0.000000,0.416383,PAUSE
2036,0.000000,0.000000,0.565963,ALLOW
2037,0.000000,0.000000,0.696401,ALLOW
2038,0.000000,0.000000,0.796796,ALLOW
2039,0.000000,0.000000,0.868230,ALLOW
2040,0.000000,0.000000,0.916468,ALLOW
2041,0.000000,0.000000,0.947898,ALLOW
2042,0.000000,0.000000,0.967875,ALLOW
2043,0.000000,0.000000,0.980354,ALLOW
2044,0.000000,0.000000,0.988054,ALLOW
2045,0.000000,0.000000,0.992766,ALLOW
2046,0.000000,0.000000,0.995632,ALLOW
2047,0.000000,0.000000,0.997368,ALLOW
2048,0.000000,0.000000,0.998416,ALLOW
2049,0.000000,0.000000,0.999048,ALLOW
2050,0.000000,0.000000,0.999428,ALLOW
2051,0.000000,0.000000,0.999656,ALLOW
2052,0.000000,0.000000,0.999794,ALLOW
2053,0.000000,0.000000,0.999876,ALLOW
2054,0.000000,0.000000,0.999926,ALLOW
2055,0.000000,0.000000,0.999955,ALLOW
2056,0.000000,0.000000,0.999973,ALLOW
2057,0.000000,0.000000,0.999984,ALLOW
2058,1.000000,1.000000,0.429866,PAUSE
2059,0.000000,0.000000,0.271125,PAUSE
2060,0.000000,0.000000,0.312207,PAUSE
2061,0.000000,0.000000,0.438737,PAUSE
2062,0.000000,0.000000,0.582216,ALLOW
2063,0.000000,0.000000,0.708045,ALLOW
2064,0.000000,0.000000,0.804850,ALLOW
2065,0.000000,0.000000,0.873609,ALLOW
2066,0.000000,0.000000,0.919960,ALLOW
2067,0.000000,0.000000,0.950115,ALLOW
2068,0.000000,0.000000,0.969260,ALLOW
2069,0.000000,0.000000,0.981209,ALLOW
2070,0.000000,0.000000,0.988578,ALLOW
2071,0.000000,0.000000,0.993085,ALLOW
2072,0.000000,0.000000,0.995825,ALLOW
2073,0.000000,0.000000,0.997484,ALLOW
2074,0.000000,0.000000,0.998486,ALLOW
2075,0.000000,0.000000,0.999090,ALLOW
2076,0.000000,0.000000,0.999453,ALLOW
2077,0.000000,0.000000,0.999672,ALLOW
2078,0.000000,0.000000,0.999803,ALLOW
2079,0.000000,0.000000,0.999882,ALLOW
2080,0.000000,0.000000,0.999929,ALLOW
2081,0.000000,0.000000,0.999957,ALLOW
2082,0.000000,0.000000,0.999974,ALLOW
2083,0.000000,0.000000,0.999985,ALLOW
2084,0.000000,0.000000,0.999991,ALLOW
2085,0.000000,0.000000,0.999994,ALLOW
2086,0.000000,0.000000,0.999997,ALLOW
2087,0.000000,0.000000,0.999998,ALLOW
2088,0.000000,0.000000,0.999999,ALLOW
2089,0.000000,0.000000,0.999999,ALLOW
2090,0.000000,0.000000,1.000000,ALLOW
2091,0.000000,0.000000,1.000000,ALLOW
2092,0.000000,0.000000,1.000000,ALLOW
2093,0.000000,0.000000,1.000000,ALLOW
2094,0.000000,0.000000,1.000000,ALLOW
2095,0.000000,0.000000,1.000000,ALLOW
2096,0.000000,0.000000,1.000000,ALLOW
2097,0.000000,0.000000,1.000000,ALLOW
2098,0.000000,0.000000,1.000000,ALLOW
2099,0.000000,0.000000,1.000000,ALLOW
2100,0.000000,0.000000,1.000000,ALLOW
2101,0.000000,0.000000,1.000000,ALLOW
2102,1.000000,1.000000,0.429872,PAUSE
2103,0.000000,0.000000,0.271128,PAUSE
2104,0.000000,0.000000,0.312209,PAUSE
2105,0.000000,0.000000,0.438738,PAUSE
2106,0.000000,0.000000,0.582217,ALLOW
2107,0.000000,0.000000,0.708046,ALLOW
2108,0.000000,0.000000,0.804850,ALLOW
2109,0.000000,0.000000,0.873609,ALLOW
2110,0.000000,0.000000,0.919960,ALLOW
2111,0.000000,0.000000,0.950116,ALLOW
2112,0.000000,0.000000,0.969260,ALLOW
2113,0.000000,0.000000,0.981209,ALLOW
2114,0.000000,0.000000,0.988578,ALLOW
2115,0.000000,0.000000,0.993085,ALLOW
2116,0.000000,0.000000,0.995825,ALLOW
2117,0.000000,0.000000,0.997484,ALLOW
2118,0.000000,0.000000,0.998486,ALLOW
2119,0.000000,0.000000,0.999090,ALLOW
2120,0.000000,0.000000,0.999453,ALLOW
2121,0.000000,0.000000,0.999672,ALLOW
2122,0.000000,0.000000,0.999803,ALLOW
2123,0.000000,0.000000,0.999882,ALLOW
2124,0.000000,0.000000,0.999929,ALLOW
2125,0.000000,0.000000,0.999957,ALLOW
2126,0.000000,0.000000,0.999974,ALLOW
2127,0.000000,0.000000,0.999985,ALLOW
2128,0.000000,0.000000,0.999991,ALLOW
2129,0.000000,0.000000,0.999994,ALLOW
2130,0.000000,0.000000,0.999997,ALLOW
2131,0.000000,0.000000,0.999998,ALLOW
2132,0.000000,1.000000,0.429871,PAUSE
2133,1.000000,1.000000,0.176886,PAUSE
2134,0.000000,0.000000,0.104435,PAUSE
2135,0.000000,0.000000,0.148358,PAUSE
2136,0.000000,0.000000,0.272096,PAUSE
2137,1.000000,1.000000,0.124874,PAUSE
2138,0.000000,1.000000,0.053349,PAUSE
2139,0.000000,0.000000,0.048263,PAUSE
2140,0.000000,0.000000,0.112488,PAUSE
2141,0.000000,1.000000,0.054767,PAUSE
2142,1.000000,1.000000,0.024432,PAUSE
2143,1.000000,1.000000,0.010894,PAUSE
2144,0.000000,0.000000,0.018198,PAUSE
2145,0.000000,0.000000,0.069788,PAUSE
2146,0.000000,0.000000,0.182379,PAUSE
2147,0.000000,0.000000,0.338752,PAUSE
2148,0.000000,1.000000,0.153829,PAUSE
2149,0.000000,0.000000,0.135514,PAUSE
2150,0.000000,0.000000,0.225103,PAUSE
2151,0.000000,0.000000,0.372466,PAUSE
2152,0.000000,0.000000,0.530757,ALLOW
2153,0.000000,0.000000,0.669751,ALLOW
2154,0.000000,0.000000,0.777777,ALLOW
2155,0.000000,0.000000,0.855287,ALLOW
2156,0.000000,0.000000,0.907969,ALLOW
2157,0.000000,0.000000,0.942460,ALLOW
2158,0.000000,0.000000,0.964460,ALLOW
2159,0.000000,0.000000,0.978238,ALLOW
2160,0.000000,0.000000,0.986756,ALLOW
2161,0.000000,1.000000,0.424439,PAUSE
2162,0.000000,1.000000,0.174700,PAUSE
2163,0.000000,0.000000,0.103506,PAUSE
2164,0.000000,0.000000,0.147881,PAUSE
2165,0.000000,0.000000,0.271779,PAUSE
2166,1.000000,1.000000,0.124742,PAUSE
2167,0.000000,0.000000,0.118167,PAUSE
2168,0.000000,0.000000,0.210121,PAUSE
2169,0.000000,0.000000,0.358420,PAUSE
2170,1.000000,1.000000,0.162048,PAUSE
2171,0.000000,0.000000,0.139652,PAUSE
2172,0.000000,0.000000,0.227934,PAUSE
2173,0.000000,0.000000,0.374762,PAUSE
2174,1.000000,1.000000,0.168959,PAUSE
2175,0.000000,0.000000,0.143311,PAUSE
2176,0.000000,0.000000,0.230630,PAUSE
2177,0.000000,0.000000,0.377058,PAUSE
2178,1.000000,1.000000,0.169926,PAUSE
2179,0.000000,1.000000,0.071747,PAUSE
2180,0.000000,0.000000,0.057372,PAUSE
2181,1.000000,1.000000,0.027767,PAUSE
2182,0.000000,0.000000,0.044295,PAUSE
2183,0.000000,0.000000,0.123363,PAUSE
2184,0.000000,1.000000,0.059881,PAUSE
2185,0.000000,0.000000,0.077025,PAUSE
2186,0.000000,0.000000,0.170828,PAUSE
2187,0.000000,0.000000,0.318925,PAUSE
2188,0.000000,0.000000,0.482909,PAUSE
2189,0.000000,0.000000,0.631337,ALLOW
2190,0.000000,0.000000,0.749411,ALLOW
2191,0.000000,0.000000,0.835573,ALLOW
2192,0.000000,0.000000,0.894846,ALLOW
2193,0.000000,0.000000,0.933988,ALLOW
2194,0.000000,0.000000,0.959108,ALLOW
2195,0.000000,0.000000,0.974909,ALLOW
2196,0.000000,0.000000,0.984707,ALLOW
2197,0.000000,0.000000,0.990724,ALLOW
2198,0.000000,0.000000,0.994392,ALLOW
2199,1.000000,1.000000,0.427572,PAUSE
2200,0.000000,0.000000,0.270095,PAUSE
2201,0.000000,0.000000,0.311656,PAUSE
2202,0.000000,0.000000,0.438388,PAUSE
2203,0.000000,0.000000,0.581977,ALLOW
2204,1.000000,1.000000,0.256444,PAUSE
2205,0.000000,0.000000,0.188795,PAUSE
2206,0.000000,0.000000,0.262853,PAUSE
2207,0.000000,0.000000,0.403563,PAUSE
2208,0.000000,1.000000,0.181071,PAUSE
2209,0.000000,1.000000,0.076269,PAUSE
2210,0.000000,0.000000,0.059472,PAUSE
2211,0.000000,0.000000,0.121149,PAUSE
2212,1.000000,1.000000,0.058492,PAUSE
2213,0.000000,0.000000,0.074932,PAUSE
2214,1.000000,1.000000,0.036822,PAUSE
2215,0.000000,0.000000,0.055716,PAUSE
2216,0.000000,0.000000,0.142194,PAUSE
2217,0.000000,0.000000,0.285211,PAUSE
2218,0.000000,0.000000,0.450133,PAUSE
2219,0.000000,0.000000,0.603795,ALLOW
2220,0.000000,0.000000,0.728510,ALLOW
2221,0.000000,0.000000,0.820791,ALLOW
2222,0.000000,0.000000,0.884892,ALLOW
2223,0.000000,0.000000,0.927512,ALLOW
2224,0.000000,0.000000,0.954995,ALLOW
2225,1.000000,1.000000,0.411389,PAUSE
2226,0.000000,1.000000,0.169446,PAUSE
2227,1.000000,1.000000,0.069445,PAUSE
2228,0.000000,0.000000,0.045335,PAUSE
2229,0.000000,0.000000,0.090232,PAUSE
2230,0.000000,1.000000,0.044471,PAUSE
2231,0.000000,0.000000,0.064041,PAUSE
2232,0.000000,0.000000,0.154543,PAUSE
2233,0.000000,0.000000,0.300306,PAUSE
2234,0.000000,0.000000,0.465060,PAUSE
2235,0.000000,0.000000,0.616456,ALLOW
2236,0.000000,0.000000,0.738173,ALLOW
2237,0.000000,0.000000,0.827650,ALLOW
2238,1.000000,1.000000,0.358864,PAUSE
2239,0.000000,0.000000,0.238546,PAUSE
2240,0.000000,0.000000,0.293981,PAUSE
2241,0.000000,0.000000,0.426621,PAUSE
2242,0.000000,0.000000,0.573606,ALLOW
2243,0.000000,0.000000,0.701958,ALLOW
2244,0.000000,0.000000,0.800672,ALLOW
2245,0.000000,0.000000,0.870831,ALLOW
2246,0.000000,0.000000,0.918161,ALLOW
2247,0.000000,0.000000,0.948975,ALLOW
2248,0.000000,0.000000,0.968549,ALLOW
2249,0.000000,0.000000,0.980770,ALLOW
2250,0.000000,0.000000,0.988310,ALLOW
2251,0.000000,0.000000,0.992921,ALLOW
2252,0.000000,0.000000,0.995726,ALLOW
2253,0.000000,1.000000,0.428120,PAUSE
2254,0.000000,0.000000,0.270341,PAUSE
2255,0.000000,1.000000,0.118276,PAUSE
2256,0.000000,0.000000,0.099174,PAUSE
2257,0.000000,0.000000,0.177765,PAUSE
2258,0.000000,0.000000,0.319629,PAUSE
2259,0.000000,0.000000,0.481426,PAUSE
2260,0.000000,0.000000,0.629437,ALLOW
2261,0.000000,0.000000,0.747762,ALLOW
2262,0.000000,0.000000,0.834337,ALLOW
2263,0.000000,0.000000,0.893990,ALLOW
2264,0.000000,0.000000,0.933423,ALLOW
2265,0.000000,0.000000,0.958746,ALLOW
2266,0.000000,0.000000,0.974682,ALLOW
2267,0.000000,0.000000,0.984567,ALLOW
2268,0.000000,0.000000,0.990638,ALLOW
2269,0.000000,1.000000,0.426032,PAUSE
2270,0.000000,1.000000,0.175341,PAUSE
2271,0.000000,0.000000,0.103779,PAUSE
2272,0.000000,0.000000,0.148021,PAUSE
2273,0.000000,0.000000,0.271873,PAUSE
2274,0.000000,0.000000,0.430765,PAUSE
2275,0.000000,0.000000,0.585341,ALLOW
2276,0.000000,0.000000,0.713707,ALLOW
2277,0.000000,0.000000,0.810015,ALLOW
2278,0.000000,0.000000,0.877514,ALLOW
2279,0.000000,0.000000,0.922662,ALLOW
2280,0.000000,0.000000,0.951894,ALLOW
2281,0.000000,0.000000,0.970395,ALLOW
2282,0.000000,0.000000,0.981919,ALLOW
2283,0.000000,0.000000,0.989016,ALLOW
2284,0.000000,1.000000,0.425367,PAUSE
2285,0.000000,1.000000,0.175073,PAUSE
2286,0.000000,0.000000,0.103665,PAUSE
2287,0.000000,0.000000,0.147963,PAUSE
2288,0.000000,0.000000,0.271834,PAUSE
2289,1.000000,1.000000,0.124765,PAUSE
2290,0.000000,0.000000,0.118178,PAUSE
2291,0.000000,0.000000,0.210129,PAUSE
2292,0.000000,0.000000,0.358427,PAUSE
2293,0.000000,0.000000,0.518575,ALLOW
2294,0.000000,0.000000,0.660141,ALLOW
2295,0.000000,0.000000,0.770759,ALLOW
2296,0.000000,0.000000,0.850445,ALLOW
2297,0.000000,0.000000,0.904761,ALLOW
2298,0.000000,0.000000,0.940396,ALLOW
2299,0.000000,0.000000,0.963160,ALLOW
2300,0.000000,0.000000,0.977430,ALLOW
2301,0.000000,0.000000,0.986260,ALLOW
2302,1.000000,1.000000,0.424235,PAUSE
2303,0.000000,0.000000,0.268592,PAUSE
2304,0.000000,0.000000,0.310847,PAUSE
2305,0.000000,0.000000,0.437873,PAUSE
2306,0.000000,0.000000,0.581622,ALLOW
2307,0.000000,0.000000,0.707633,ALLOW
2308,0.000000,0.000000,0.804570,ALLOW
2309,0.000000,0.000000,0.873424,ALLOW
2310,0.000000,0.000000,0.919840,ALLOW
2311,0.000000,0.000000,0.950040,ALLOW
2312,0.000000,0.000000,0.969213,ALLOW
2313,0.000000,0.000000,0.981180,ALLOW
2314,0.000000,0.000000,0.988561,ALLOW
2315,0.000000,0.000000,0.993074,ALLOW
2316,0.000000,0.000000,0.995819,ALLOW
2317,0.000000,0.000000,0.997480,ALLOW
2318,0.000000,1.000000,0.428839,PAUSE
2319,0.000000,0.000000,0.270665,PAUSE
2320,0.000000,0.000000,0.311961,PAUSE
2321,0.000000,1.000000,0.140407,PAUSE
2322,1.000000,1.000000,0.059510,PAUSE
2323,0.000000,0.000000,0.050475,PAUSE
2324,0.000000,0.000000,0.112849,PAUSE
2325,0.000000,0.000000,0.240750,PAUSE
2326,0.000000,1.000000,0.111548,PAUSE
2327,0.000000,0.000000,0.110869,PAUSE
2328,1.000000,1.000000,0.052311,PAUSE
2329,0.000000,0.000000,0.065790,PAUSE
2330,0.000000,0.000000,0.152909,PAUSE
2331,0.000000,0.000000,0.297052,PAUSE
2332,0.000000,0.000000,0.461497,PAUSE
2333,0.000000,0.000000,0.613336,ALLOW
2334,0.000000,0.000000,0.735762,ALLOW
2335,0.000000,0.000000,0.825930,ALLOW
2336,0.000000,0.000000,0.888359,ALLOW
2337,0.000000,0.000000,0.929770,ALLOW
2338,0.000000,0.000000,0.956431,ALLOW
2339,0.000000,0.000000,0.973237,ALLOW
2340,0.000000,0.000000,0.983677,ALLOW
2341,0.000000,0.000000,0.990093,ALLOW
2342,0.000000,0.000000,0.994009,ALLOW
2343,0.000000,0.000000,0.996385,ALLOW
2344,0.000000,0.000000,0.997823,ALLOW
2345,0.000000,0.000000,0.998690,ALLOW
2346,0.000000,0.000000,0.999213,ALLOW
2347,0.000000,0.000000,0.999527,ALLOW
2348,0.000000,0.000000,0.999716,ALLOW
2349,0.000000,0.000000,0.999830,ALLOW
2350,0.000000,0.000000,0.999898,ALLOW
2351,1.000000,1.000000,0.429830,PAUSE
2352,0.000000,0.000000,0.271109,PAUSE
2353,0.000000,0.000000,0.312199,PAUSE
2354,0.000000,0.000000,0.438732,PAUSE
2355,0.000000,0.000000,0.582213,ALLOW
2356,0.000000,0.000000,0.708043,ALLOW
2357,0.000000,0.000000,0.804848,ALLOW
2358,0.000000,0.000000,0.873608,ALLOW
2359,0.000000,0.000000,0.919959,ALLOW
2360,1.000000,1.000000,0.396966,PAUSE
2361,0.000000,0.000000,0.256183,PAUSE
2362,0.000000,0.000000,0.304025,PAUSE
2363,0.000000,0.000000,0.433422,PAUSE
2364,0.000000,0.000000,0.578500,ALLOW
2365,0.000000,0.000000,0.705443,ALLOW
2366,0.000000,0.000000,0.803074,ALLOW
2367,0.000000,0.000000,0.872432,ALLOW
2368,0.000000,0.000000,0.919199,ALLOW
2369,0.000000,0.000000,0.949634,ALLOW
2370,0.000000,0.000000,0.968960,ALLOW
2371,0.000000,0.000000,0.981024,ALLOW
2372,0.000000,0.000000,0.988465,ALLOW
2373,0.000000,0.000000,0.993016,ALLOW
2374,0.000000,0.000000,0.995783,ALLOW
2375,0.000000,0.000000,0.997459,ALLOW
2376,0.000000,0.000000,0.998471,ALLOW
2377,0.000000,0.000000,0.999081,ALLOW
2378,0.000000,0.000000,0.999448,ALLOW
2379,0.000000,0.000000,0.999668,ALLOW
2380,0.000000,0.000000,0.999801,ALLOW
2381,0.000000,0.000000,0.999880,ALLOW
2382,0.000000,0.000000,0.999928,ALLOW
2383,0.000000,0.000000,0.999957,ALLOW
2384,0.000000,0.000000,0.999974,ALLOW
2385,0.000000,0.000000,0.999984,ALLOW
2386,0.000000,0.000000,0.999991,ALLOW
2387,0.000000,0.000000,0.999994,ALLOW
2388,0.000000,1.000000,0.429870,PAUSE
2389,0.000000,0.000000,0.271127,PAUSE
2390,0.000000,0.000000,0.312208,PAUSE
2391,0.000000,0.000000,0.438738,PAUSE
2392,0.000000,1.000000,0.195745,PAUSE
2393,0.000000,0.000000,0.156841,PAUSE
2394,0.000000,0.000000,0.239880,PAUSE
2395,0.000000,0.000000,0.384525,PAUSE
2396,0.000000,0.000000,0.540546,ALLOW
2397,0.000000,0.000000,0.677227,ALLOW
2398,0.000000,1.000000,0.296394,PAUSE
2399,0.000000,1.000000,0.123049,PAUSE
2400,0.000000,0.000000,0.081037,PAUSE
2401,0.000000,0.000000,0.135420,PAUSE
2402,0.000000,0.000000,0.262605,PAUSE
2403,0.000000,0.000000,0.423202,PAUSE
2404,0.000000,0.000000,0.579342,ALLOW
2405,0.000000,0.000000,0.709232,ALLOW
2406,0.000000,0.000000,0.806862,ALLOW
2407,0.000000,0.000000,0.875389,ALLOW
2408,0.000000,0.000000,0.921276,ALLOW
2409,0.000000,0.000000,0.951012,ALLOW
2410,0.000000,0.000000,0.969844,ALLOW
2411,0.000000,0.000000,0.981578,ALLOW
2412,0.000000,0.000000,0.988808,ALLOW
2413,0.000000,0.000000,0.993226,ALLOW
2414,1.000000,1.000000,0.427094,PAUSE
2415,0.000000,0.000000,0.269880,PAUSE
2416,0.000000,0.000000,0.311541,PAUSE
2417,0.000000,0.000000,0.438315,PAUSE
2418,0.000000,0.000000,0.581927,ALLOW
2419,1.000000,1.000000,0.256423,PAUSE
2420,0.000000,0.000000,0.188785,PAUSE
2421,0.000000,0.000000,0.262846,PAUSE
2422,1.000000,1.000000,0.119996,PAUSE
2423,0.000000,0.000000,0.113225,PAUSE
2424,0.000000,0.000000,0.203749,PAUSE
2425,0.000000,0.000000,0.351404,PAUSE
2426,0.000000,0.000000,0.512086,ALLOW
2427,0.000000,0.000000,0.654876,ALLOW
2428,0.000000,0.000000,0.766858,ALLOW
2429,0.000000,0.000000,0.847731,ALLOW
2430,0.000000,0.000000,0.902955,ALLOW
2431,0.000000,0.000000,0.939231,ALLOW
2432,0.000000,0.000000,0.962423,ALLOW
2433,0.000000,0.000000,0.976972,ALLOW
2434,0.000000,0.000000,0.985978,ALLOW
2435,0.000000,0.000000,0.991500,ALLOW
2436,0.000000,0.000000,0.994864,ALLOW
2437,1.000000,1.000000,0.427766,PAUSE
2438,0.000000,0.000000,0.270182,PAUSE
2439,0.000000,1.000000,0.118211,PAUSE
2440,0.000000,1.000000,0.049866,PAUSE
2441,0.000000,0.000000,0.042773,PAUSE
2442,0.000000,0.000000,0.101505,PAUSE
2443,0.000000,0.000000,0.225551,PAUSE
2444,0.000000,0.000000,0.386357,PAUSE
2445,1.000000,1.000000,0.174098,PAUSE
2446,0.000000,0.000000,0.146557,PAUSE
2447,0.000000,0.000000,0.233557,PAUSE
2448,0.000000,0.000000,0.379831,PAUSE
2449,0.000000,0.000000,0.536924,ALLOW
2450,0.000000,0.000000,0.674530,ALLOW
2451,0.000000,0.000000,0.781234,ALLOW
2452,0.000000,0.000000,0.857659,ALLOW
2453,0.000000,0.000000,0.909534,ALLOW
2454,1.000000,1.000000,0.392673,PAUSE
2455,0.000000,0.000000,0.254216,PAUSE
2456,0.000000,0.000000,0.302929,PAUSE
2457,0.000000,0.000000,0.432696,PAUSE
2458,0.000000,0.000000,0.577986,ALLOW
2459,0.000000,0.000000,0.705080,ALLOW
2460,0.000000,0.000000,0.802825,ALLOW
2461,0.000000,0.000000,0.872267,ALLOW
2462,0.000000,0.000000,0.919092,ALLOW
2463,0.000000,0.000000,0.949566,ALLOW
2464,0.000000,0.000000,0.968918,ALLOW
2465,0.000000,0.000000,0.980998,ALLOW
2466,0.000000,0.000000,0.988449,ALLOW
2467,0.000000,0.000000,0.993006,ALLOW
2468,0.000000,0.000000,0.995777,ALLOW
2469,0.000000,0.000000,0.997456,ALLOW
2470,0.000000,0.000000,0.998469,ALLOW
2471,1.000000,1.000000,0.429244,PAUSE
2472,1.000000,1.000000,0.176634,PAUSE
2473,0.000000,0.000000,0.104328,PAUSE
2474,0.000000,0.000000,0.148303,PAUSE
2475,0.000000,0.000000,0.272060,PAUSE
2476,0.000000,0.000000,0.430907,PAUSE
2477,0.000000,0.000000,0.585450,ALLOW
2478,0.000000,0.000000,0.713787,ALLOW
2479,0.000000,0.000000,0.810070,ALLOW
2480,0.000000,0.000000,0.877551,ALLOW
2481,0.000000,0.000000,0.922686,ALLOW
2482,0.000000,0.000000,0.951909,ALLOW
2483,0.000000,0.000000,0.970405,ALLOW
2484,0.000000,0.000000,0.981925,ALLOW
2485,0.000000,0.000000,0.989020,ALLOW
2486,0.000000,0.000000,0.993355,ALLOW
2487,0.000000,0.000000,0.995989,ALLOW
2488,0.000000,0.000000,0.997584,ALLOW
2489,0.000000,0.000000,0.998546,ALLOW
2490,1.000000,1.000000,0.429276,PAUSE
2491,0.000000,0.000000,0.270861,PAUSE
2492,0.000000,0.000000,0.312066,PAUSE
2493,0.000000,0.000000,0.438648,PAUSE
2494,0.000000,1.000000,0.195707,PAUSE
2495,1.000000,1.000000,0.082193,PAUSE
2496,0.000000,1.000000,0.034335,PAUSE
2497,0.000000,0.000000,0.029933,PAUSE
2498,0.000000,0.000000,0.080672,PAUSE
2499,0.000000,0.000000,0.195736,PAUSE
2500,0.000000,0.000000,0.353285,PAUSE
2501,0.000000,0.000000,0.517023,ALLOW
2502,0.000000,0.000000,0.659886,ALLOW
2503,0.000000,0.000000,0.770902,ALLOW
2504,0.000000,0.000000,0.850660,ALLOW
2505,0.000000,0.000000,0.904945,ALLOW
2506,0.000000,0.000000,0.940531,ALLOW
2507,0.000000,0.000000,0.963250,ALLOW
2508,0.000000,0.000000,0.977489,ALLOW
2509,0.000000,0.000000,0.986297,ALLOW
2510,0.000000,0.000000,0.991695,ALLOW
2511,0.000000,0.000000,0.994982,ALLOW
2512,0.000000,0.000000,0.996975,ALLOW
2513,0.000000,0.000000,0.998179,ALLOW
2514,0.000000,0.000000,0.998905,ALLOW
2515,0.000000,1.000000,0.429423,PAUSE
2516,0.000000,1.000000,0.176706,PAUSE
2517,0.000000,0.000000,0.104359,PAUSE
2518,0.000000,0.000000,0.148319,PAUSE
2519,0.000000,0.000000,0.272070,PAUSE
2520,0.000000,1.000000,0.124864,PAUSE
2521,0.000000,1.000000,0.053345,PAUSE
2522,0.000000,0.000000,0.048261,PAUSE
2523,0.000000,0.000000,0.112486,PAUSE
2524,0.000000,0.000000,0.241267,PAUSE
2525,0.000000,0.000000,0.403392,PAUSE
2526,0.000000,0.000000,0.562636,ALLOW
2527,0.000000,0.000000,0.696388,ALLOW
2528,0.000000,0.000000,0.797663,ALLOW
2529,0.000000,0.000000,0.869131,ALLOW
2530,0.000000,1.000000,0.376007,PAUSE
2531,0.000000,0.000000,0.246528,PAUSE
2532,1.000000,1.000000,0.108567,PAUSE
2533,0.000000,0.000000,0.094726,PAUSE
2534,0.000000,1.000000,0.044721,PAUSE
2535,1.000000,1.000000,0.019925,PAUSE
2536,0.000000,0.000000,0.027771,PAUSE
2537,0.000000,0.000000,0.088603,PAUSE
2538,0.000000,0.000000,0.211162,PAUSE
2539,0.000000,0.000000,0.371645,PAUSE
2540,0.000000,0.000000,0.534273,ALLOW
2541,1.000000,1.000000,0.236621,PAUSE
2542,0.000000,0.000000,0.179235,PAUSE
2543,1.000000,1.000000,0.080915,PAUSE
2544,0.000000,0.000000,0.081357,PAUSE
2545,0.000000,0.000000,0.165996,PAUSE
2546,0.000000,0.000000,0.309876,PAUSE
2547,0.000000,0.000000,0.473200,PAUSE
2548,0.000000,0.000000,0.622932,ALLOW
2549,1.000000,1.000000,0.273757,PAUSE
2550,0.000000,0.000000,0.197741,PAUSE
2551,0.000000,0.000000,0.269054,PAUSE
2552,0.000000,0.000000,0.408543,PAUSE
2553,0.000000,0.000000,0.559999,ALLOW
2554,0.000000,0.000000,0.692015,ALLOW
2555,0.000000,0.000000,0.793718,ALLOW
2556,0.000000,0.000000,0.866156,ALLOW
2557,0.000000,0.000000,0.915115,ALLOW
2558,0.000000,0.000000,0.947036,ALLOW
2559,0.000000,0.000000,0.967335,ALLOW
2560,0.000000,0.000000,0.980020,ALLOW
2561,0.000000,0.000000,0.987850,ALLOW
2562,0.000000,0.000000,0.992642,ALLOW
2563,0.000000,0.000000,0.995556,ALLOW
2564,0.000000,0.000000,0.997322,ALLOW
2565,0.000000,0.000000,0.998388,ALLOW
2566,0.000000,0.000000,0.999031,ALLOW
2567,0.000000,0.000000,0.999418,ALLOW
2568,0.000000,0.000000,0.999650,ALLOW
2569,0.000000,0.000000,0.999790,ALLOW
2570,0.000000,0.000000,0.999874,ALLOW
2571,0.000000,0.000000,0.999924,ALLOW
2572,0.000000,0.000000,0.999955,ALLOW
2573,0.000000,0.000000,0.999973,ALLOW
2574,0.000000,0.000000,0.999984,ALLOW
2575,0.000000,0.000000,0.999990,ALLOW
2576,1.000000,1.000000,0.429868,PAUSE
2577,0.000000,0.000000,0.271126,PAUSE
2578,0.000000,0.000000,0.312208,PAUSE
2579,0.000000,0.000000,0.438737,PAUSE
2580,0.000000,0.000000,0.582217,ALLOW
2581,0.000000,0.000000,0.708046,ALLOW
2582,0.000000,0.000000,0.804850,ALLOW
2583,0.000000,0.000000,0.873609,ALLOW
2584,0.000000,0.000000,0.919960,ALLOW
2585,0.000000,0.000000,0.950115,ALLOW
2586,0.000000,0.000000,0.969260,ALLOW
2587,0.000000,0.000000,0.981209,ALLOW
2588,0.000000,0.000000,0.988578,ALLOW
2589,0.000000,0.000000,0.993085,ALLOW
2590,0.000000,1.000000,0.427036,PAUSE
2591,0.000000,0.000000,0.269854,PAUSE
2592,0.000000,1.000000,0.118077,PAUSE
2593,1.000000,1.000000,0.049813,PAUSE
2594,0.000000,0.000000,0.042749,PAUSE
2595,0.000000,0.000000,0.101491,PAUSE
2596,0.000000,0.000000,0.225540,PAUSE
2597,0.000000,0.000000,0.386347,PAUSE
2598,0.000000,0.000000,0.547321,ALLOW
2599,0.000000,0.000000,0.684248,ALLOW
2600,0.000000,0.000000,0.788822,ALLOW
2601,0.000000,0.000000,0.863058,ALLOW
2602,0.000000,1.000000,0.373499,PAUSE
2603,0.000000,0.000000,0.245365,PAUSE
2604,0.000000,1.000000,0.108092,PAUSE
2605,0.000000,0.000000,0.094505,PAUSE
2606,0.000000,1.000000,0.044630,PAUSE
2607,0.000000,0.000000,0.058762,PAUSE
2608,0.000000,1.000000,0.029468,PAUSE
2609,0.000000,0.000000,0.049505,PAUSE
2610,1.000000,1.000000,0.025481,PAUSE
2611,0.000000,0.000000,0.046823,PAUSE
2612,0.000000,0.000000,0.130819,PAUSE
2613,0.000000,0.000000,0.271608,PAUSE
2614,0.000000,0.000000,0.436633,PAUSE
2615,0.000000,0.000000,0.592269,ALLOW
2616,0.000000,0.000000,0.719663,ALLOW
2617,0.000000,1.000000,0.314084,PAUSE
2618,0.000000,1.000000,0.130200,PAUSE
2619,0.000000,0.000000,0.084216,PAUSE
2620,0.000000,0.000000,0.137308,PAUSE
2621,0.000000,0.000000,0.264109,PAUSE
2622,0.000000,0.000000,0.424489,PAUSE
2623,0.000000,0.000000,0.580386,ALLOW
2624,0.000000,0.000000,0.710020,ALLOW
2625,0.000000,0.000000,0.807420,ALLOW
2626,0.000000,0.000000,0.875766,ALLOW
2627,0.000000,0.000000,0.921523,ALLOW
2628,0.000000,0.000000,0.951169,ALLOW
2629,0.000000,0.000000,0.969942,ALLOW
2630,0.000000,1.000000,0.417534,PAUSE
2631,0.000000,0.000000,0.265563,PAUSE
2632,0.000000,1.000000,0.116331,PAUSE
2633,0.000000,0.000000,0.098293,PAUSE
2634,1.000000,1.000000,0.046185,PAUSE
2635,0.000000,0.000000,0.059525,PAUSE
2636,0.000000,0.000000,0.143831,PAUSE
2637,0.000000,0.000000,0.285995,PAUSE
2638,0.000000,0.000000,0.450560,PAUSE
2639,0.000000,0.000000,0.604053,ALLOW
2640,0.000000,0.000000,0.728672,ALLOW
2641,0.000000,1.000000,0.317827,PAUSE
2642,0.000000,1.000000,0.131712,PAUSE
2643,0.000000,0.000000,0.084882,PAUSE
2644,0.000000,0.000000,0.137694,PAUSE
2645,0.000000,0.000000,0.264408,PAUSE
2646,0.000000,0.000000,0.424740,PAUSE
2647,0.000000,0.000000,0.580588,ALLOW
2648,0.000000,0.000000,0.710172,ALLOW
2649,0.000000,0.000000,0.807528,ALLOW
2650,0.000000,0.000000,0.875839,ALLOW
2651,0.000000,0.000000,0.921570,ALLOW
2652,0.000000,0.000000,0.951200,ALLOW
2653,0.000000,0.000000,0.969961,ALLOW
2654,0.000000,0.000000,0.981651,ALLOW
2655,0.000000,0.000000,0.988852,ALLOW
2656,0.000000,0.000000,0.993253,ALLOW
2657,0.000000,0.000000,0.995927,ALLOW
2658,0.000000,0.000000,0.997546,ALLOW
2659,0.000000,0.000000,0.998524,ALLOW
2660,0.000000,0.000000,0.999112,ALLOW
2661,1.000000,1.000000,0.429508,PAUSE
2662,0.000000,0.000000,0.270965,PAUSE
2663,0.000000,0.000000,0.312122,PAUSE
2664,0.000000,0.000000,0.438683,PAUSE
2665,0.000000,0.000000,0.582179,ALLOW
2666,0.000000,0.000000,0.708020,ALLOW
2667,0.000000,0.000000,0.804832,ALLOW
2668,0.000000,0.000000,0.873598,ALLOW
2669,0.000000,0.000000,0.919952,ALLOW
2670,0.000000,0.000000,0.950111,ALLOW
2671,0.000000,0.000000,0.969257,ALLOW
2672,0.000000,0.000000,0.981207,ALLOW
2673,0.000000,0.000000,0.988577,ALLOW
2674,0.000000,0.000000,0.993084,ALLOW
2675,0.000000,0.000000,0.995825,ALLOW
2676,0.000000,0.000000,0.997484,ALLOW
2677,0.000000,0.000000,0.998486,ALLOW
2678,0.000000,0.000000,0.999090,ALLOW
2679,0.000000,0.000000,0.999453,ALLOW
2680,0.000000,0.000000,0.999672,ALLOW
2681,0.000000,0.000000,0.999803,ALLOW
2682,0.000000,0.000000,0.999882,ALLOW
2683,0.000000,0.000000,0.999929,ALLOW
2684,0.000000,0.000000,0.999957,ALLOW
2685,0.000000,0.000000,0.999974,ALLOW
2686,0.000000,0.000000,0.999985,ALLOW
2687,0.000000,0.000000,0.999991,ALLOW
2688,0.000000,0.000000,0.999994,ALLOW
2689,0.000000,1.000000,0.429870,PAUSE
2690,0.000000,0.000000,0.271127,PAUSE
2691,0.000000,0.000000,0.312208,PAUSE
2692,0.000000,0.000000,0.438738,PAUSE
2693,0.000000,0.000000,0.582217,ALLOW
2694,0.000000,1.000000,0.256544,PAUSE
2695,0.000000,0.000000,0.188843,PAUSE
2696,0.000000,0.000000,0.262881,PAUSE
2697,0.000000,0.000000,0.403584,PAUSE
2698,0.000000,0.000000,0.556043,ALLOW
2699,1.000000,1.000000,0.245649,PAUSE
2700,0.000000,0.000000,0.183551,PAUSE
2701,0.000000,0.000000,0.259546,PAUSE
2702,0.000000,0.000000,0.401083,PAUSE
2703,0.000000,0.000000,0.554116,ALLOW
2704,0.000000,0.000000,0.687606,ALLOW
2705,0.000000,0.000000,0.790591,ALLOW
2706,0.000000,0.000000,0.864037,ALLOW
2707,0.000000,0.000000,0.913726,ALLOW
2708,0.000000,0.000000,0.946149,ALLOW
2709,0.000000,0.000000,0.966779,ALLOW
2710,0.000000,0.000000,0.979675,ALLOW
2711,0.000000,0.000000,0.987639,ALLOW
2712,0.000000,0.000000,0.992513,ALLOW
2713,0.000000,0.000000,0.995478,ALLOW
2714,0.000000,0.000000,0.997275,ALLOW
2715,0.000000,0.000000,0.998360,ALLOW
2716,0.000000,0.000000,0.999014,ALLOW
2717,0.000000,0.000000,0.999407,ALLOW
2718,0.000000,0.000000,0.999644,ALLOW
2719,0.000000,0.000000,0.999786,ALLOW
2720,0.000000,0.000000,0.999872,ALLOW
2721,0.000000,0.000000,0.999923,ALLOW
2722,0.000000,0.000000,0.999954,ALLOW
2723,0.000000,0.000000,0.999972,ALLOW
2724,0.000000,0.000000,0.999983,ALLOW
2725,0.000000,0.000000,0.999990,ALLOW
2726,0.000000,0.000000,0.999994,ALLOW
2727,0.000000,0.000000,0.999996,ALLOW
2728,1.000000,1.000000,0.429871,PAUSE
2729,0.000000,0.000000,0.271128,PAUSE
2730,0.000000,0.000000,0.312208,PAUSE
2731,0.000000,0.000000,0.438738,PAUSE
2732,0.000000,0.000000,0.582217,ALLOW
2733,0.000000,0.000000,0.708046,ALLOW
2734,0.000000,0.000000,0.804850,ALLOW
2735,0.000000,0.000000,0.873609,ALLOW
2736,0.000000,0.000000,0.919960,ALLOW
2737,1.000000,1.000000,0.396967,PAUSE
2738,0.000000,0.000000,0.256183,PAUSE
2739,0.000000,0.000000,0.304025,PAUSE
2740,0.000000,0.000000,0.433422,PAUSE
2741,0.000000,0.000000,0.578500,ALLOW
2742,0.000000,0.000000,0.705443,ALLOW
2743,0.000000,0.000000,0.803074,ALLOW
2744,0.000000,0.000000,0.872432,ALLOW
2745,0.000000,0.000000,0.919199,ALLOW
2746,0.000000,0.000000,0.949634,ALLOW
2747,0.000000,0.000000,0.968960,ALLOW
2748,0.000000,0.000000,0.981024,ALLOW
2749,0.000000,0.000000,0.988465,ALLOW
2750,0.000000,0.000000,0.993016,ALLOW
2751,0.000000,0.000000,0.995783,ALLOW
2752,0.000000,0.000000,0.997459,ALLOW
2753,0.000000,0.000000,0.998471,ALLOW
2754,0.000000,0.000000,0.999081,ALLOW
2755,0.000000,0.000000,0.999448,ALLOW
2756,0.000000,0.000000,0.999668,ALLOW
2757,0.000000,0.000000,0.999801,ALLOW
2758,0.000000,0.000000,0.999880,ALLOW
2759,0.000000,0.000000,0.999928,ALLOW
2760,0.000000,0.000000,0.999957,ALLOW
2761,0.000000,0.000000,0.999974,ALLOW
2762,0.000000,0.000000,0.999984,ALLOW
2763,0.000000,0.000000,0.999991,ALLOW
2764,1.000000,1.000000,0.429868,PAUSE
2765,0.000000,0.000000,0.271127,PAUSE
2766,1.000000,1.000000,0.118595,PAUSE
2767,1.000000,1.000000,0.050021,PAUSE
2768,0.000000,1.000000,0.021145,PAUSE
2769,0.000000,1.000000,0.009153,PAUSE
2770,0.000000,1.000000,0.004178,PAUSE
2771,0.000000,0.000000,0.010367,PAUSE
2772,0.000000,0.000000,0.051446,PAUSE
2773,0.000000,0.000000,0.151247,PAUSE
2774,0.000000,0.000000,0.300915,PAUSE
2775,0.000000,0.000000,0.466974,PAUSE
2776,0.000000,0.000000,0.618472,ALLOW
2777,0.000000,0.000000,0.739835,ALLOW
2778,0.000000,0.000000,0.828871,ALLOW
2779,0.000000,0.000000,0.890361,ALLOW
2780,0.000000,0.000000,0.931081,ALLOW
2781,1.000000,1.000000,0.401550,PAUSE
2782,0.000000,0.000000,0.258287,PAUSE
2783,0.000000,0.000000,0.305203,PAUSE
2784,0.000000,0.000000,0.434205,PAUSE
2785,0.000000,0.000000,0.579057,ALLOW
2786,0.000000,0.000000,0.705837,ALLOW
2787,0.000000,0.000000,0.803344,ALLOW
2788,0.000000,0.000000,0.872612,ALLOW
2789,0.000000,1.000000,0.377437,PAUSE
2790,0.000000,1.000000,0.155764,PAUSE
2791,0.000000,0.000000,0.095376,PAUSE
2792,0.000000,0.000000,0.143570,PAUSE
2793,0.000000,0.000000,0.268784,PAUSE
2794,0.000000,0.000000,0.428339,PAUSE
2795,0.000000,0.000000,0.583454,ALLOW
2796,0.000000,0.000000,0.712313,ALLOW
2797,0.000000,0.000000,0.809038,ALLOW
2798,0.000000,0.000000,0.876857,ALLOW
2799,0.000000,0.000000,0.922234,ALLOW
2800,0.000000,0.000000,0.951622,ALLOW
2801,0.000000,0.000000,0.970226,ALLOW
2802,0.000000,0.000000,0.981814,ALLOW
2803,0.000000,0.000000,0.988952,ALLOW
2804,0.000000,0.000000,0.993314,ALLOW
2805,0.000000,0.000000,0.995964,ALLOW
2806,1.000000,1.000000,0.428217,PAUSE
2807,0.000000,0.000000,0.270385,PAUSE
2808,0.000000,0.000000,0.311811,PAUSE
2809,0.000000,0.000000,0.438487,PAUSE
2810,0.000000,0.000000,0.582045,ALLOW
2811,0.000000,0.000000,0.707927,ALLOW
2812,0.000000,0.000000,0.804769,ALLOW
2813,0.000000,0.000000,0.873556,ALLOW
2814,0.000000,0.000000,0.919925,ALLOW
2815,0.000000,0.000000,0.950094,ALLOW
2816,0.000000,0.000000,0.969247,ALLOW
2817,0.000000,0.000000,0.981201,ALLOW
2818,1.000000,1.000000,0.422158,PAUSE
2819,0.000000,0.000000,0.267655,PAUSE
2820,1.000000,1.000000,0.117182,PAUSE
2821,0.000000,0.000000,0.098680,PAUSE
2822,0.000000,0.000000,0.177476,PAUSE
2823,1.000000,1.000000,0.083359,PAUSE
2824,0.000000,0.000000,0.091775,PAUSE
2825,0.000000,0.000000,0.185047,PAUSE
2826,1.000000,1.000000,0.086935,PAUSE
2827,0.000000,0.000000,0.094744,PAUSE
2828,0.000000,0.000000,0.188566,PAUSE
2829,0.000000,0.000000,0.337289,PAUSE
2830,0.000000,0.000000,0.499758,PAUSE
2831,0.000000,0.000000,0.645071,ALLOW
2832,0.000000,0.000000,0.759648,ALLOW
2833,0.000000,0.000000,0.842731,ALLOW
2834,0.000000,0.000000,0.899630,ALLOW
2835,0.000000,0.000000,0.937085,ALLOW
2836,0.000000,0.000000,0.961069,ALLOW
2837,0.000000,0.000000,0.976130,ALLOW
2838,0.000000,0.000000,0.985460,ALLOW
2839,0.000000,0.000000,0.991183,ALLOW
2840,0.000000,0.000000,0.994671,ALLOW
2841,0.000000,0.000000,0.996787,ALLOW
2842,0.000000,0.000000,0.998065,ALLOW
2843,0.000000,0.000000,0.998836,ALLOW
2844,0.000000,0.000000,0.999301,ALLOW
2845,0.000000,0.000000,0.999580,ALLOW
2846,0.000000,0.000000,0.999748,ALLOW
2847,0.000000,0.000000,0.999849,ALLOW
2848,0.000000,0.000000,0.999909,ALLOW
2849,0.000000,0.000000,0.999945,ALLOW
2850,0.000000,0.000000,0.999967,ALLOW
2851,0.000000,0.000000,0.999980,ALLOW
2852,0.000000,0.000000,0.999988,ALLOW
2853,0.000000,0.000000,0.999993,ALLOW
2854,0.000000,0.000000,0.999996,ALLOW
2855,0.000000,0.000000,0.999997,ALLOW
2856,0.000000,0.000000,0.999998,ALLOW
2857,0.000000,0.000000,0.999999,ALLOW
2858,0.000000,0.000000,0.999999,ALLOW
2859,0.000000,1.000000,0.429872,PAUSE
2860,0.000000,1.000000,0.176887,PAUSE
2861,0.000000,0.000000,0.104436,PAUSE
2862,0.000000,0.000000,0.148358,PAUSE
2863,0.000000,0.000000,0.272096,PAUSE
2864,0.000000,0.000000,0.430934,PAUSE
2865,0.000000,0.000000,0.585470,ALLOW
2866,1.000000,1.000000,0.258067,PAUSE
2867,0.000000,0.000000,0.189936,PAUSE
2868,0.000000,0.000000,0.263949,PAUSE
2869,0.000000,0.000000,0.404614,PAUSE
2870,0.000000,0.000000,0.556932,ALLOW
2871,0.000000,0.000000,0.689729,ALLOW
2872,0.000000,0.000000,0.792101,ALLOW
2873,1.000000,1.000000,0.344135,PAUSE
2874,0.000000,0.000000,0.231606,PAUSE
2875,0.000000,0.000000,0.289886,PAUSE
2876,0.000000,0.000000,0.423750,PAUSE
2877,0.000000,0.000000,0.571492,ALLOW
2878,0.000000,0.000000,0.700433,ALLOW
2879,0.000000,0.000000,0.799613,ALLOW
2880,0.000000,0.000000,0.870123,ALLOW
2881,0.000000,0.000000,0.917701,ALLOW
2882,0.000000,0.000000,0.948683,ALLOW
2883,1.000000,1.000000,0.408792,PAUSE
2884,0.000000,0.000000,0.261591,PAUSE
2885,0.000000,0.000000,0.307027,PAUSE
2886,0.000000,0.000000,0.435401,PAUSE
2887,0.000000,0.000000,0.579899,ALLOW
2888,0.000000,0.000000,0.706429,ALLOW
2889,0.000000,0.000000,0.803749,ALLOW
2890,0.000000,0.000000,0.872880,ALLOW
2891,0.000000,0.000000,0.919489,ALLOW
2892,0.000000,0.000000,0.949818,ALLOW
2893,0.000000,0.000000,0.969075,ALLOW
2894,0.000000,0.000000,0.981095,ALLOW
2895,1.000000,1.000000,0.422114,PAUSE
2896,0.000000,0.000000,0.267635,PAUSE
2897,0.000000,1.000000,0.117174,PAUSE
2898,0.000000,0.000000,0.098676,PAUSE
2899,0.000000,0.000000,0.177474,PAUSE
2900,0.000000,0.000000,0.319414,PAUSE
2901,0.000000,0.000000,0.481256,PAUSE
2902,0.000000,1.000000,0.214249,PAUSE
2903,0.000000,1.000000,0.089781,PAUSE
2904,0.000000,0.000000,0.065956,PAUSE
2905,0.000000,0.000000,0.125903,PAUSE
2906,0.000000,0.000000,0.254538,PAUSE
2907,0.000000,0.000000,0.416058,PAUSE
2908,0.000000,0.000000,0.573447,ALLOW
2909,0.000000,0.000000,0.704749,ALLOW
2910,0.000000,0.000000,0.803671,ALLOW
2911,0.000000,0.000000,0.873226,ALLOW
2912,0.000000,0.000000,0.919861,ALLOW
2913,0.000000,0.000000,0.950110,ALLOW
2914,0.000000,0.000000,0.969278,ALLOW
2915,0.000000,0.000000,0.981229,ALLOW
2916,0.000000,1.000000,0.422170,PAUSE
2917,0.000000,1.000000,0.173786,PAUSE
2918,0.000000,0.000000,0.103116,PAUSE
2919,0.000000,0.000000,0.147680,PAUSE
2920,0.000000,0.000000,0.271645,PAUSE
2921,1.000000,1.000000,0.124686,PAUSE
2922,0.000000,0.000000,0.118138,PAUSE
2923,0.000000,0.000000,0.210100,PAUSE
2924,1.000000,1.000000,0.097700,PAUSE
2925,0.000000,0.000000,0.101099,PAUSE
2926,0.000000,0.000000,0.194176,PAUSE
2927,0.000000,0.000000,0.342719,PAUSE
2928,0.000000,0.000000,0.504587,ALLOW
2929,0.000000,0.000000,0.648944,ALLOW
2930,0.000000,0.000000,0.762509,ALLOW
2931,0.000000,0.000000,0.844721,ALLOW
2932,0.000000,0.000000,0.900955,ALLOW
2933,0.000000,0.000000,0.937941,ALLOW
2934,0.000000,0.000000,0.961610,ALLOW
2935,0.000000,0.000000,0.976466,ALLOW
2936,0.000000,0.000000,0.985667,ALLOW
2937,0.000000,0.000000,0.991310,ALLOW
2938,0.000000,0.000000,0.994748,ALLOW
2939,0.000000,0.000000,0.996833,ALLOW
2940,0.000000,0.000000,0.998093,ALLOW
2941,0.000000,0.000000,0.998853,ALLOW
2942,0.000000,0.000000,0.999311,ALLOW
2943,0.000000,0.000000,0.999586,ALLOW
2944,0.000000,0.000000,0.999751,ALLOW
2945,0.000000,0.000000,0.999851,ALLOW
2946,0.000000,0.000000,0.999910,ALLOW
2947,0.000000,0.000000,0.999946,ALLOW
2948,0.000000,0.000000,0.999968,ALLOW
2949,0.000000,0.000000,0.999981,ALLOW
2950,0.000000,0.000000,0.999988,ALLOW
2951,0.000000,0.000000,0.999993,ALLOW
2952,0.000000,0.000000,0.999996,ALLOW
2953,0.000000,0.000000,0.999997,ALLOW
2954,0.000000,0.000000,0.999998,ALLOW
2955,0.000000,0.000000,0.999999,ALLOW
2956,0.000000,0.000000,0.999999,ALLOW
2957,0.000000,0.000000,1.000000,ALLOW
2958,0.000000,0.000000,1.000000,ALLOW
2959,0.000000,0.000000,1.000000,ALLOW
2960,0.000000,0.000000,1.000000,ALLOW
2961,0.000000,0.000000,1.000000,ALLOW
2962,0.000000,0.000000,1.000000,ALLOW
2963,0.000000,0.000000,1.000000,ALLOW
2964,0.000000,1.000000,0.429872,PAUSE
2965,0.000000,1.000000,0.176887,PAUSE
2966,0.000000,0.000000,0.104436,PAUSE
2967,0.000000,0.000000,0.148358,PAUSE
2968,0.000000,0.000000,0.272096,PAUSE
2969,1.000000,1.000000,0.124874,PAUSE
2970,0.000000,0.000000,0.118234,PAUSE
2971,0.000000,0.000000,0.210168,PAUSE
2972,0.000000,0.000000,0.358460,PAUSE
2973,1.000000,1.000000,0.162065,PAUSE
2974,0.000000,0.000000,0.139660,PAUSE
2975,1.000000,1.000000,0.064431,PAUSE
2976,1.000000,1.000000,0.028106,PAUSE
2977,0.000000,1.000000,0.012312,PAUSE
2978,0.000000,0.000000,0.018377,PAUSE
2979,0.000000,0.000000,0.068803,PAUSE
2980,0.000000,0.000000,0.180413,PAUSE
2981,0.000000,0.000000,0.336339,PAUSE
2982,0.000000,0.000000,0.501306,ALLOW
2983,0.000000,0.000000,0.647101,ALLOW
2984,0.000000,0.000000,0.761413,ALLOW
2985,0.000000,0.000000,0.844051,ALLOW
2986,0.000000,0.000000,0.900543,ALLOW
2987,0.000000,0.000000,0.937687,ALLOW
2988,0.000000,0.000000,0.961454,ALLOW
2989,0.000000,0.000000,0.976371,ALLOW
2990,0.000000,0.000000,0.985609,ALLOW
2991,0.000000,0.000000,0.991275,ALLOW
2992,0.000000,0.000000,0.994727,ALLOW
2993,0.000000,0.000000,0.996820,ALLOW
2994,0.000000,0.000000,0.998086,ALLOW
2995,0.000000,0.000000,0.998849,ALLOW
2996,0.000000,0.000000,0.999308,ALLOW
2997,0.000000,0.000000,0.999584,ALLOW
2998,0.000000,0.000000,0.999750,ALLOW
2999,0.000000,0.000000,0.999850,ALLOW
3000,0.000000,0.000000,0.999910,ALLOW
3001,0.000000,0.000000,0.999946,ALLOW
3002,0.000000,0.000000,0.999968,ALLOW
3003,0.000000,0.000000,0.999981,ALLOW
3004,1.000000,1.000000,0.429864,PAUSE
3005,0.000000,0.000000,0.271125,PAUSE
3006,0.000000,0.000000,0.312207,PAUSE
3007,0.000000,0.000000,0.438737,PAUSE
3008,0.000000,0.000000,0.582216,ALLOW
3009,1.000000,1.000000,0.256543,PAUSE
3010,0.000000,1.000000,0.106910,PAUSE
3011,0.000000,1.000000,0.044306,PAUSE
3012,0.000000,0.000000,0.034475,PAUSE
3013,0.000000,0.000000,0.083888,PAUSE
3014,0.000000,0.000000,0.199012,PAUSE
3015,0.000000,0.000000,0.356599,PAUSE
3016,0.000000,0.000000,0.519989,ALLOW
3017,1.000000,1.000000,0.230612,PAUSE
3018,0.000000,0.000000,0.176174,PAUSE
3019,0.000000,0.000000,0.254805,PAUSE
3020,0.000000,0.000000,0.397469,PAUSE
3021,0.000000,0.000000,0.551304,ALLOW
3022,0.000000,0.000000,0.685510,ALLOW
3023,0.000000,0.000000,0.789107,ALLOW
3024,1.000000,1.000000,0.342896,PAUSE
3025,0.000000,0.000000,0.231024,PAUSE
3026,0.000000,0.000000,0.289545,PAUSE
3027,0.000000,0.000000,0.423513,PAUSE
3028,0.000000,0.000000,0.571318,ALLOW
3029,0.000000,0.000000,0.700308,ALLOW
3030,0.000000,0.000000,0.799526,ALLOW
3031,0.000000,0.000000,0.870064,ALLOW
3032,0.000000,0.000000,0.917663,ALLOW
3033,0.000000,0.000000,0.948659,ALLOW
3034,0.000000,0.000000,0.968351,ALLOW
3035,0.000000,0.000000,0.980648,ALLOW
3036,0.000000,0.000000,0.988235,ALLOW
3037,0.000000,0.000000,0.992876,ALLOW
3038,0.000000,0.000000,0.995698,ALLOW
3039,0.000000,0.000000,0.997408,ALLOW
3040,0.000000,0.000000,0.998440,ALLOW
3041,0.000000,0.000000,0.999062,ALLOW
3042,0.000000,0.000000,0.999436,ALLOW
3043,0.000000,0.000000,0.999662,ALLOW
3044,0.000000,0.000000,0.999797,ALLOW
3045,0.000000,0.000000,0.999878,ALLOW
3046,0.000000,0.000000,0.999927,ALLOW
3047,0.000000,0.000000,0.999956,ALLOW
3048,0.000000,0.000000,0.999974,ALLOW
3049,0.000000,0.000000,0.999984,ALLOW
3050,0.000000,0.000000,0.999991,ALLOW
3051,0.000000,0.000000,0.999994,ALLOW
3052,0.000000,0.000000,0.999997,ALLOW
3053,0.000000,0.000000,0.999998,ALLOW
3054,0.000000,0.000000,0.999999,ALLOW
3055,0.000000,0.000000,0.999999,ALLOW
3056,0.000000,0.000000,1.000000,ALLOW
3057,1.000000,1.000000,0.429872,PAUSE
3058,0.000000,0.000000,0.271128,PAUSE
3059,0.000000,0.000000,0.312209,PAUSE
3060,0.000000,0.000000,0.438738,PAUSE
3061,0.000000,0.000000,0.582217,ALLOW
3062,0.000000,0.000000,0.708046,ALLOW
3063,0.000000,0.000000,0.804850,ALLOW
3064,0.000000,0.000000,0.873609,ALLOW
3065,0.000000,0.000000,0.919960,ALLOW
3066,0.000000,0.000000,0.950116,ALLOW
3067,0.000000,1.000000,0.409381,PAUSE
3068,0.000000,1.000000,0.168637,PAUSE
3069,0.000000,0.000000,0.100916,PAUSE
3070,0.000000,0.000000,0.146533,PAUSE
3071,0.000000,0.000000,0.270866,PAUSE
3072,0.000000,0.000000,0.429989,PAUSE
3073,0.000000,0.000000,0.584743,ALLOW
3074,0.000000,0.000000,0.713267,ALLOW
3075,0.000000,0.000000,0.809707,ALLOW
3076,0.000000,0.000000,0.877307,ALLOW
3077,0.000000,0.000000,0.922527,ALLOW
3078,0.000000,0.000000,0.951809,ALLOW
3079,0.000000,0.000000,0.970342,ALLOW
3080,0.000000,0.000000,0.981886,ALLOW
3081,0.000000,1.000000,0.422440,PAUSE
3082,0.000000,0.000000,0.267782,PAUSE
3083,0.000000,1.000000,0.117234,PAUSE
3084,0.000000,0.000000,0.098703,PAUSE
3085,0.000000,0.000000,0.177490,PAUSE
3086,0.000000,0.000000,0.319426,PAUSE
3087,0.000000,0.000000,0.481265,PAUSE
3088,0.000000,0.000000,0.629314,ALLOW
3089,1.000000,1.000000,0.276417,PAUSE
3090,0.000000,0.000000,0.199036,PAUSE
3091,0.000000,0.000000,0.269869,PAUSE
3092,0.000000,0.000000,0.409152,PAUSE
3093,1.000000,1.000000,0.183417,PAUSE
3094,1.000000,1.000000,0.077220,PAUSE
3095,0.000000,0.929181,0.032675,PAUSE
3096,0.000000,0.000000,0.031373,PAUSE
3097,0.000000,0.000000,0.086473,PAUSE
3098,0.000000,0.000000,0.205405,PAUSE
3099,0.000000,0.000000,0.364506,PAUSE
3100,0.000000,0.000000,0.527507,ALLOW
3101,0.000000,0.000000,0.668403,ALLOW
3102,1.000000,1.000000,0.292745,PAUSE
3103,0.000000,0.000000,0.207046,PAUSE
3104,0.000000,0.000000,0.274976,PAUSE
3105,1.000000,1.000000,0.125076,PAUSE
3106,0.000000,0.000000,0.115857,PAUSE
3107,0.000000,0.000000,0.205675,PAUSE
3108,0.000000,0.000000,0.353066,PAUSE
3109,0.000000,0.000000,0.513486,ALLOW
3110,0.000000,0.000000,0.655970,ALLOW
3111,0.000000,0.000000,0.767655,ALLOW
3112,0.000000,0.000000,0.848281,ALLOW
3113,1.000000,1.000000,0.367393,PAUSE
3114,0.000000,0.000000,0.242523,PAUSE
3115,0.000000,0.000000,0.296279,PAUSE
3116,0.000000,0.000000,0.428200,PAUSE
3117,0.000000,0.000000,0.574754,ALLOW
3118,0.000000,0.000000,0.702780,ALLOW
3119,0.000000,0.000000,0.801240,ALLOW
3120,0.000000,0.000000,0.871211,ALLOW
3121,0.000000,1.000000,0.376859,PAUSE
3122,0.000000,0.000000,0.246909,PAUSE
3123,0.000000,1.000000,0.108722,PAUSE
3124,0.000000,0.000000,0.094796,PAUSE
3125,0.000000,0.000000,0.175122,PAUSE
3126,0.000000,0.000000,0.317608,PAUSE
3127,0.000000,0.000000,0.479794,PAUSE
3128,1.000000,1.000000,0.213638,PAUSE
3129,0.000000,0.000000,0.167372,PAUSE
3130,0.000000,0.000000,0.248620,PAUSE
3131,0.000000,0.000000,0.392424,PAUSE
3132,0.000000,0.000000,0.547235,ALLOW
3133,0.000000,0.000000,0.682422,ALLOW
3134,0.000000,0.000000,0.786902,ALLOW
3135,0.000000,0.000000,0.861530,ALLOW
3136,0.000000,0.000000,0.912082,ALLOW
3137,0.000000,0.000000,0.945098,ALLOW
3138,0.000000,0.000000,0.966119,ALLOW
3139,0.000000,0.000000,0.979267,ALLOW
3140,0.000000,0.000000,0.987388,ALLOW
3141,0.000000,0.000000,0.992360,ALLOW
3142,0.000000,0.000000,0.995386,ALLOW
3143,0.000000,0.000000,0.997219,ALLOW
3144,0.000000,0.000000,0.998326,ALLOW
3145,0.000000,0.000000,0.998993,ALLOW
3146,0.000000,0.000000,0.999395,ALLOW
3147,0.000000,0.000000,0.999637,ALLOW
3148,0.000000,0.000000,0.999782,ALLOW
3149,0.000000,0.000000,0.999869,ALLOW
3150,0.000000,0.000000,0.999921,ALLOW
3151,0.000000,0.000000,0.999953,ALLOW
3152,0.000000,0.000000,0.999972,ALLOW
3153,0.000000,0.000000,0.999983,ALLOW
3154,1.000000,1.000000,0.429865,PAUSE
3155,0.000000,0.000000,0.271125,PAUSE
3156,0.000000,0.000000,0.312207,PAUSE
3157,0.000000,1.000000,0.140509,PAUSE
3158,0.000000,0.000000,0.123434,PAUSE
3159,0.000000,1.000000,0.057407,PAUSE
3160,0.000000,0.000000,0.068067,PAUSE
3161,0.000000,0.000000,0.154222,PAUSE
3162,0.000000,0.000000,0.298026,PAUSE
3163,0.000000,0.000000,0.462278,PAUSE
3164,0.000000,0.000000,0.613942,ALLOW
3165,0.000000,0.000000,0.736206,ALLOW
3166,0.000000,0.000000,0.826239,ALLOW
3167,0.000000,0.000000,0.888565,ALLOW
3168,0.000000,0.000000,0.929904,ALLOW
3169,0.000000,0.000000,0.956515,ALLOW
3170,0.000000,0.000000,0.973290,ALLOW
3171,0.000000,0.000000,0.983709,ALLOW
3172,0.000000,0.000000,0.990113,ALLOW
3173,0.000000,0.000000,0.994021,ALLOW
3174,0.000000,0.000000,0.996393,ALLOW
3175,1.000000,1.000000,0.428393,PAUSE
3176,0.000000,0.000000,0.270464,PAUSE
3177,0.000000,0.000000,0.311854,PAUSE
3178,0.000000,0.000000,0.438514,PAUSE
3179,0.000000,0.000000,0.582063,ALLOW
3180,0.000000,0.000000,0.707939,ALLOW
3181,0.000000,0.000000,0.804778,ALLOW
3182,0.000000,0.000000,0.873562,ALLOW
3183,0.000000,0.000000,0.919929,ALLOW
3184,0.000000,0.000000,0.950096,ALLOW
3185,1.000000,1.000000,0.409373,PAUSE
3186,0.000000,0.000000,0.261855,PAUSE
3187,0.000000,0.000000,0.307172,PAUSE
3188,0.000000,0.000000,0.435496,PAUSE
3189,0.000000,0.000000,0.579965,ALLOW
3190,0.000000,0.000000,0.706475,ALLOW
3191,0.000000,0.000000,0.803780,ALLOW
3192,0.000000,0.000000,0.872901,ALLOW
3193,0.000000,0.000000,0.919503,ALLOW
3194,0.000000,0.000000,0.949826,ALLOW
3195,0.000000,0.000000,0.969080,ALLOW
3196,0.000000,0.000000,0.981098,ALLOW
3197,0.000000,0.000000,0.988510,ALLOW
3198,0.000000,0.000000,0.993044,ALLOW
3199,1.000000,1.000000,0.427019,PAUSE
3200,0.000000,0.000000,0.269846,PAUSE
3201,0.000000,0.000000,0.311522,PAUSE
3202,0.000000,0.000000,0.438303,PAUSE
3203,0.000000,0.000000,0.581919,ALLOW
3204,0.000000,0.000000,0.707839,ALLOW
3205,0.000000,0.000000,0.804710,ALLOW
3206,0.000000,0.000000,0.873517,ALLOW
3207,0.000000,0.000000,0.919900,ALLOW
3208,0.000000,0.000000,0.950078,ALLOW
3209,0.000000,0.000000,0.969237,ALLOW
3210,1.000000,1.000000,0.417243,PAUSE
3211,1.000000,1.000000,0.171803,PAUSE
3212,0.000000,0.000000,0.102270,PAUSE
3213,0.000000,0.000000,0.147241,PAUSE
3214,0.000000,0.000000,0.271349,PAUSE
3215,0.000000,0.000000,0.430363,PAUSE
3216,0.000000,0.000000,0.585032,ALLOW
3217,0.000000,0.000000,0.713480,ALLOW
3218,0.000000,0.000000,0.809856,ALLOW
3219,0.000000,0.000000,0.877407,ALLOW
3220,0.000000,0.000000,0.922592,ALLOW
3221,1.000000,1.000000,0.398053,PAUSE
3222,0.000000,0.000000,0.256686,PAUSE
3223,0.000000,1.000000,0.112713,PAUSE
3224,0.000000,0.000000,0.096640,PAUSE
3225,0.000000,1.000000,0.045507,PAUSE
3226,0.000000,0.000000,0.059195,PAUSE
3227,0.000000,0.000000,0.143596,PAUSE
3228,0.000000,0.000000,0.285783,PAUSE
3229,0.000000,0.000000,0.450372,PAUSE
3230,0.000000,0.000000,0.603898,ALLOW
3231,0.000000,0.000000,0.728556,ALLOW
3232,0.000000,0.000000,0.820813,ALLOW
3233,0.000000,0.000000,0.884903,ALLOW
3234,0.000000,0.000000,0.927518,ALLOW
3235,0.000000,0.000000,0.954998,ALLOW
3236,0.000000,0.000000,0.972342,ALLOW
3237,0.000000,0.000000,0.983124,ALLOW
3238,0.000000,1.000000,0.422948,PAUSE
3239,0.000000,1.000000,0.174100,PAUSE
3240,0.000000,0.000000,0.103250,PAUSE
3241,0.000000,0.000000,0.147749,PAUSE
3242,0.000000,0.000000,0.271691,PAUSE
3243,0.000000,0.000000,0.430626,PAUSE
3244,0.000000,0.000000,0.585235,ALLOW
3245,0.000000,0.000000,0.713629,ALLOW
3246,0.000000,0.000000,0.809960,ALLOW
3247,0.000000,0.000000,0.877477,ALLOW
3248,0.000000,0.000000,0.922638,ALLOW
3249,0.000000,0.000000,0.951879,ALLOW
3250,0.000000,0.000000,0.970386,ALLOW
